onset	duration	sample	trial_type	response_time	stim_file	value
132.7880000000	n/a	n/a	STATUS	n/a	n/a	DIN5
132.8400000000	n/a	n/a	STATUS	n/a	n/a	D255
133.3280000000	n/a	n/a	STATUS	n/a	n/a	D198
133.3800000000	n/a	n/a	STATUS	n/a	n/a	D255
133.4160000000	n/a	n/a	STATUS	n/a	n/a	DI51
133.4680000000	n/a	n/a	STATUS	n/a	n/a	D255
133.7080000000	n/a	n/a	STATUS	n/a	n/a	DI21
133.7600000000	n/a	n/a	STATUS	n/a	n/a	D255
133.7640000000	n/a	n/a	STATUS	n/a	n/a	DIN4
133.8160000000	n/a	n/a	STATUS	n/a	n/a	D255
134.5720000000	n/a	n/a	STATUS	n/a	n/a	DIN5
134.6200000000	n/a	n/a	STATUS	n/a	n/a	D255
135.0160000000	n/a	n/a	STATUS	n/a	n/a	D100
135.0640000000	n/a	n/a	STATUS	n/a	n/a	D255
135.1040000000	n/a	n/a	STATUS	n/a	n/a	DI53
135.1560000000	n/a	n/a	STATUS	n/a	n/a	D255
135.4240000000	n/a	n/a	STATUS	n/a	n/a	DI43
135.4760000000	n/a	n/a	STATUS	n/a	n/a	D255
135.7360000000	n/a	n/a	STATUS	n/a	n/a	DIN5
135.7840000000	n/a	n/a	STATUS	n/a	n/a	D255
136.1040000000	n/a	n/a	STATUS	n/a	n/a	DI93
136.1560000000	n/a	n/a	STATUS	n/a	n/a	D255
136.1920000000	n/a	n/a	STATUS	n/a	n/a	DI51
136.2400000000	n/a	n/a	STATUS	n/a	n/a	D255
136.6360000000	n/a	n/a	STATUS	n/a	n/a	DI31
136.6840000000	n/a	n/a	STATUS	n/a	n/a	D255
136.9440000000	n/a	n/a	STATUS	n/a	n/a	DIN5
136.9960000000	n/a	n/a	STATUS	n/a	n/a	D255
137.4400000000	n/a	n/a	STATUS	n/a	n/a	D174
137.4880000000	n/a	n/a	STATUS	n/a	n/a	D255
137.5280000000	n/a	n/a	STATUS	n/a	n/a	DI52
137.5760000000	n/a	n/a	STATUS	n/a	n/a	D255
137.9360000000	n/a	n/a	STATUS	n/a	n/a	DI42
137.9880000000	n/a	n/a	STATUS	n/a	n/a	D255
138.2440000000	n/a	n/a	STATUS	n/a	n/a	DIN5
138.2960000000	n/a	n/a	STATUS	n/a	n/a	D255
138.7680000000	n/a	n/a	STATUS	n/a	n/a	D171
138.8160000000	n/a	n/a	STATUS	n/a	n/a	D255
138.8520000000	n/a	n/a	STATUS	n/a	n/a	DI51
138.9040000000	n/a	n/a	STATUS	n/a	n/a	D255
139.1840000000	n/a	n/a	STATUS	n/a	n/a	DI31
139.2360000000	n/a	n/a	STATUS	n/a	n/a	D255
139.4920000000	n/a	n/a	STATUS	n/a	n/a	DIN5
139.5440000000	n/a	n/a	STATUS	n/a	n/a	D255
140.0120000000	n/a	n/a	STATUS	n/a	n/a	DI72
140.0640000000	n/a	n/a	STATUS	n/a	n/a	D255
140.1000000000	n/a	n/a	STATUS	n/a	n/a	DI53
140.1520000000	n/a	n/a	STATUS	n/a	n/a	D255
140.3560000000	n/a	n/a	STATUS	n/a	n/a	DI43
140.4080000000	n/a	n/a	STATUS	n/a	n/a	D255
140.6680000000	n/a	n/a	STATUS	n/a	n/a	DIN5
140.7160000000	n/a	n/a	STATUS	n/a	n/a	D255
141.2000000000	n/a	n/a	STATUS	n/a	n/a	D113
141.2520000000	n/a	n/a	STATUS	n/a	n/a	D255
141.2880000000	n/a	n/a	STATUS	n/a	n/a	DI54
141.3400000000	n/a	n/a	STATUS	n/a	n/a	D255
141.5880000000	n/a	n/a	STATUS	n/a	n/a	DI34
141.6360000000	n/a	n/a	STATUS	n/a	n/a	D255
141.8960000000	n/a	n/a	STATUS	n/a	n/a	DIN5
141.9480000000	n/a	n/a	STATUS	n/a	n/a	D255
142.3120000000	n/a	n/a	STATUS	n/a	n/a	DI65
142.3600000000	n/a	n/a	STATUS	n/a	n/a	D255
142.4000000000	n/a	n/a	STATUS	n/a	n/a	DI51
142.4480000000	n/a	n/a	STATUS	n/a	n/a	D255
142.8240000000	n/a	n/a	STATUS	n/a	n/a	DI31
142.8720000000	n/a	n/a	STATUS	n/a	n/a	D255
143.1320000000	n/a	n/a	STATUS	n/a	n/a	DIN5
143.1840000000	n/a	n/a	STATUS	n/a	n/a	D255
143.5120000000	n/a	n/a	STATUS	n/a	n/a	D138
143.5640000000	n/a	n/a	STATUS	n/a	n/a	D255
143.6000000000	n/a	n/a	STATUS	n/a	n/a	DI54
143.6520000000	n/a	n/a	STATUS	n/a	n/a	D255
143.9600000000	n/a	n/a	STATUS	n/a	n/a	DI34
144.0080000000	n/a	n/a	STATUS	n/a	n/a	D255
144.2680000000	n/a	n/a	STATUS	n/a	n/a	DIN5
144.3200000000	n/a	n/a	STATUS	n/a	n/a	D255
144.7160000000	n/a	n/a	STATUS	n/a	n/a	D249
144.7640000000	n/a	n/a	STATUS	n/a	n/a	D255
144.8040000000	n/a	n/a	STATUS	n/a	n/a	DI54
144.8520000000	n/a	n/a	STATUS	n/a	n/a	D255
145.1560000000	n/a	n/a	STATUS	n/a	n/a	DI34
145.2080000000	n/a	n/a	STATUS	n/a	n/a	D255
145.4680000000	n/a	n/a	STATUS	n/a	n/a	DIN5
145.5160000000	n/a	n/a	STATUS	n/a	n/a	D255
145.8960000000	n/a	n/a	STATUS	n/a	n/a	D115
145.9480000000	n/a	n/a	STATUS	n/a	n/a	D255
145.9840000000	n/a	n/a	STATUS	n/a	n/a	DI53
146.0360000000	n/a	n/a	STATUS	n/a	n/a	D255
146.3840000000	n/a	n/a	STATUS	n/a	n/a	DI43
146.4320000000	n/a	n/a	STATUS	n/a	n/a	D255
146.6920000000	n/a	n/a	STATUS	n/a	n/a	DIN5
146.7440000000	n/a	n/a	STATUS	n/a	n/a	D255
147.1120000000	n/a	n/a	STATUS	n/a	n/a	DI95
147.1640000000	n/a	n/a	STATUS	n/a	n/a	D255
147.2000000000	n/a	n/a	STATUS	n/a	n/a	DI54
147.2520000000	n/a	n/a	STATUS	n/a	n/a	D255
147.4640000000	n/a	n/a	STATUS	n/a	n/a	DI34
147.5160000000	n/a	n/a	STATUS	n/a	n/a	D255
147.7720000000	n/a	n/a	STATUS	n/a	n/a	DIN5
147.8240000000	n/a	n/a	STATUS	n/a	n/a	D255
148.1680000000	n/a	n/a	STATUS	n/a	n/a	D194
148.2200000000	n/a	n/a	STATUS	n/a	n/a	D255
148.2560000000	n/a	n/a	STATUS	n/a	n/a	DI51
148.3080000000	n/a	n/a	STATUS	n/a	n/a	D255
148.5520000000	n/a	n/a	STATUS	n/a	n/a	DI21
148.6000000000	n/a	n/a	STATUS	n/a	n/a	D255
148.6040000000	n/a	n/a	STATUS	n/a	n/a	DIN4
148.6560000000	n/a	n/a	STATUS	n/a	n/a	D255
149.4120000000	n/a	n/a	STATUS	n/a	n/a	DIN5
149.4600000000	n/a	n/a	STATUS	n/a	n/a	D255
149.9400000000	n/a	n/a	STATUS	n/a	n/a	D220
149.9920000000	n/a	n/a	STATUS	n/a	n/a	D255
150.0280000000	n/a	n/a	STATUS	n/a	n/a	DI53
150.0800000000	n/a	n/a	STATUS	n/a	n/a	D255
150.3240000000	n/a	n/a	STATUS	n/a	n/a	DI43
150.3720000000	n/a	n/a	STATUS	n/a	n/a	D255
150.6320000000	n/a	n/a	STATUS	n/a	n/a	DIN5
150.6840000000	n/a	n/a	STATUS	n/a	n/a	D255
151.0280000000	n/a	n/a	STATUS	n/a	n/a	D135
151.0760000000	n/a	n/a	STATUS	n/a	n/a	D255
151.1160000000	n/a	n/a	STATUS	n/a	n/a	DI52
151.1640000000	n/a	n/a	STATUS	n/a	n/a	D255
151.4120000000	n/a	n/a	STATUS	n/a	n/a	DI12
151.4640000000	n/a	n/a	STATUS	n/a	n/a	D255
151.4680000000	n/a	n/a	STATUS	n/a	n/a	DIN4
151.5160000000	n/a	n/a	STATUS	n/a	n/a	D255
152.2720000000	n/a	n/a	STATUS	n/a	n/a	DIN5
152.3240000000	n/a	n/a	STATUS	n/a	n/a	D255
152.7200000000	n/a	n/a	STATUS	n/a	n/a	D163
152.7720000000	n/a	n/a	STATUS	n/a	n/a	D255
152.7720000000	n/a	n/a	STATUS	n/a	n/a	D227
152.8080000000	n/a	n/a	STATUS	n/a	n/a	DI54
152.8600000000	n/a	n/a	STATUS	n/a	n/a	D255
153.1160000000	n/a	n/a	STATUS	n/a	n/a	DI34
153.1680000000	n/a	n/a	STATUS	n/a	n/a	D255
153.4240000000	n/a	n/a	STATUS	n/a	n/a	DIN5
153.4760000000	n/a	n/a	STATUS	n/a	n/a	D255
153.8760000000	n/a	n/a	STATUS	n/a	n/a	D108
153.9240000000	n/a	n/a	STATUS	n/a	n/a	D255
153.9640000000	n/a	n/a	STATUS	n/a	n/a	DI51
154.0120000000	n/a	n/a	STATUS	n/a	n/a	D255
154.2360000000	n/a	n/a	STATUS	n/a	n/a	DI21
154.2880000000	n/a	n/a	STATUS	n/a	n/a	D255
154.2920000000	n/a	n/a	STATUS	n/a	n/a	DIN4
154.3400000000	n/a	n/a	STATUS	n/a	n/a	D255
155.0960000000	n/a	n/a	STATUS	n/a	n/a	DIN5
155.1480000000	n/a	n/a	STATUS	n/a	n/a	D255
155.6120000000	n/a	n/a	STATUS	n/a	n/a	D179
155.6600000000	n/a	n/a	STATUS	n/a	n/a	D255
155.7000000000	n/a	n/a	STATUS	n/a	n/a	DI51
155.7480000000	n/a	n/a	STATUS	n/a	n/a	D255
156.3960000000	n/a	n/a	STATUS	n/a	n/a	DI31
156.4440000000	n/a	n/a	STATUS	n/a	n/a	D255
156.7040000000	n/a	n/a	STATUS	n/a	n/a	DIN5
156.7520000000	n/a	n/a	STATUS	n/a	n/a	D255
157.0680000000	n/a	n/a	STATUS	n/a	n/a	D216
157.1200000000	n/a	n/a	STATUS	n/a	n/a	D255
157.1560000000	n/a	n/a	STATUS	n/a	n/a	DI52
157.2080000000	n/a	n/a	STATUS	n/a	n/a	D255
157.4440000000	n/a	n/a	STATUS	n/a	n/a	DI12
157.4920000000	n/a	n/a	STATUS	n/a	n/a	D255
157.4960000000	n/a	n/a	STATUS	n/a	n/a	DIN4
157.5480000000	n/a	n/a	STATUS	n/a	n/a	D255
158.3040000000	n/a	n/a	STATUS	n/a	n/a	DIN5
158.3520000000	n/a	n/a	STATUS	n/a	n/a	D255
158.3520000000	n/a	n/a	STATUS	n/a	n/a	D239
158.7280000000	n/a	n/a	STATUS	n/a	n/a	DI77
158.7760000000	n/a	n/a	STATUS	n/a	n/a	D255
158.8160000000	n/a	n/a	STATUS	n/a	n/a	DI51
158.8640000000	n/a	n/a	STATUS	n/a	n/a	D255
159.2560000000	n/a	n/a	STATUS	n/a	n/a	DI31
159.3040000000	n/a	n/a	STATUS	n/a	n/a	D255
159.5640000000	n/a	n/a	STATUS	n/a	n/a	DIN5
159.6160000000	n/a	n/a	STATUS	n/a	n/a	D255
160.0200000000	n/a	n/a	STATUS	n/a	n/a	D112
160.0720000000	n/a	n/a	STATUS	n/a	n/a	D255
160.1080000000	n/a	n/a	STATUS	n/a	n/a	DI52
160.1600000000	n/a	n/a	STATUS	n/a	n/a	D255
160.5240000000	n/a	n/a	STATUS	n/a	n/a	DI42
160.5720000000	n/a	n/a	STATUS	n/a	n/a	D255
160.8320000000	n/a	n/a	STATUS	n/a	n/a	DIN5
160.8840000000	n/a	n/a	STATUS	n/a	n/a	D255
161.2280000000	n/a	n/a	STATUS	n/a	n/a	DI82
161.2760000000	n/a	n/a	STATUS	n/a	n/a	D255
161.3160000000	n/a	n/a	STATUS	n/a	n/a	DI51
161.3640000000	n/a	n/a	STATUS	n/a	n/a	D255
161.7240000000	n/a	n/a	STATUS	n/a	n/a	DI31
161.7760000000	n/a	n/a	STATUS	n/a	n/a	D255
162.0320000000	n/a	n/a	STATUS	n/a	n/a	DIN5
162.0840000000	n/a	n/a	STATUS	n/a	n/a	D255
162.4480000000	n/a	n/a	STATUS	n/a	n/a	DI97
162.5000000000	n/a	n/a	STATUS	n/a	n/a	D255
162.5360000000	n/a	n/a	STATUS	n/a	n/a	DI53
162.5840000000	n/a	n/a	STATUS	n/a	n/a	D255
162.8280000000	n/a	n/a	STATUS	n/a	n/a	DI43
162.8800000000	n/a	n/a	STATUS	n/a	n/a	D255
163.1360000000	n/a	n/a	STATUS	n/a	n/a	DIN5
163.1880000000	n/a	n/a	STATUS	n/a	n/a	D255
163.6680000000	n/a	n/a	STATUS	n/a	n/a	D122
163.7160000000	n/a	n/a	STATUS	n/a	n/a	D255
163.7520000000	n/a	n/a	STATUS	n/a	n/a	DI54
163.8040000000	n/a	n/a	STATUS	n/a	n/a	D255
164.0680000000	n/a	n/a	STATUS	n/a	n/a	DI34
164.1200000000	n/a	n/a	STATUS	n/a	n/a	D255
164.3800000000	n/a	n/a	STATUS	n/a	n/a	DIN5
164.4280000000	n/a	n/a	STATUS	n/a	n/a	D255
164.8840000000	n/a	n/a	STATUS	n/a	n/a	D195
164.9320000000	n/a	n/a	STATUS	n/a	n/a	D255
164.9720000000	n/a	n/a	STATUS	n/a	n/a	DI52
165.0200000000	n/a	n/a	STATUS	n/a	n/a	D255
165.4400000000	n/a	n/a	STATUS	n/a	n/a	DI42
165.4920000000	n/a	n/a	STATUS	n/a	n/a	D255
165.7520000000	n/a	n/a	STATUS	n/a	n/a	DIN5
165.8000000000	n/a	n/a	STATUS	n/a	n/a	D255
166.1640000000	n/a	n/a	STATUS	n/a	n/a	D173
166.2160000000	n/a	n/a	STATUS	n/a	n/a	D255
166.2520000000	n/a	n/a	STATUS	n/a	n/a	DI53
166.3040000000	n/a	n/a	STATUS	n/a	n/a	D255
166.6400000000	n/a	n/a	STATUS	n/a	n/a	DI43
166.6880000000	n/a	n/a	STATUS	n/a	n/a	D255
166.9480000000	n/a	n/a	STATUS	n/a	n/a	DIN5
167.0000000000	n/a	n/a	STATUS	n/a	n/a	D255
167.3600000000	n/a	n/a	STATUS	n/a	n/a	D201
167.4080000000	n/a	n/a	STATUS	n/a	n/a	D255
167.4480000000	n/a	n/a	STATUS	n/a	n/a	DI52
167.4960000000	n/a	n/a	STATUS	n/a	n/a	D255
167.8760000000	n/a	n/a	STATUS	n/a	n/a	DI42
167.9240000000	n/a	n/a	STATUS	n/a	n/a	D255
168.1840000000	n/a	n/a	STATUS	n/a	n/a	DIN5
168.2360000000	n/a	n/a	STATUS	n/a	n/a	D255
168.7240000000	n/a	n/a	STATUS	n/a	n/a	DI86
168.7760000000	n/a	n/a	STATUS	n/a	n/a	D255
168.8120000000	n/a	n/a	STATUS	n/a	n/a	DI54
168.8640000000	n/a	n/a	STATUS	n/a	n/a	D255
169.1200000000	n/a	n/a	STATUS	n/a	n/a	DI34
169.1720000000	n/a	n/a	STATUS	n/a	n/a	D255
169.4280000000	n/a	n/a	STATUS	n/a	n/a	DIN5
169.4800000000	n/a	n/a	STATUS	n/a	n/a	D255
169.7840000000	n/a	n/a	STATUS	n/a	n/a	D148
169.8360000000	n/a	n/a	STATUS	n/a	n/a	D255
169.8720000000	n/a	n/a	STATUS	n/a	n/a	DI53
169.9240000000	n/a	n/a	STATUS	n/a	n/a	D255
170.2000000000	n/a	n/a	STATUS	n/a	n/a	DI43
170.2520000000	n/a	n/a	STATUS	n/a	n/a	D255
170.5120000000	n/a	n/a	STATUS	n/a	n/a	DIN5
170.5600000000	n/a	n/a	STATUS	n/a	n/a	D255
171.0520000000	n/a	n/a	STATUS	n/a	n/a	D151
171.1000000000	n/a	n/a	STATUS	n/a	n/a	D255
171.1400000000	n/a	n/a	STATUS	n/a	n/a	DI54
171.1880000000	n/a	n/a	STATUS	n/a	n/a	D255
171.4320000000	n/a	n/a	STATUS	n/a	n/a	DI34
171.4840000000	n/a	n/a	STATUS	n/a	n/a	D255
171.7440000000	n/a	n/a	STATUS	n/a	n/a	DIN5
171.7920000000	n/a	n/a	STATUS	n/a	n/a	D255
172.2400000000	n/a	n/a	STATUS	n/a	n/a	D184
172.2920000000	n/a	n/a	STATUS	n/a	n/a	D255
172.3280000000	n/a	n/a	STATUS	n/a	n/a	DI53
172.3800000000	n/a	n/a	STATUS	n/a	n/a	D255
172.6440000000	n/a	n/a	STATUS	n/a	n/a	DI43
172.6960000000	n/a	n/a	STATUS	n/a	n/a	D255
172.9520000000	n/a	n/a	STATUS	n/a	n/a	DIN5
173.0040000000	n/a	n/a	STATUS	n/a	n/a	D255
173.4480000000	n/a	n/a	STATUS	n/a	n/a	D241
173.5000000000	n/a	n/a	STATUS	n/a	n/a	D255
173.5360000000	n/a	n/a	STATUS	n/a	n/a	DI53
173.5880000000	n/a	n/a	STATUS	n/a	n/a	D255
173.9240000000	n/a	n/a	STATUS	n/a	n/a	DI43
173.9720000000	n/a	n/a	STATUS	n/a	n/a	D255
174.2320000000	n/a	n/a	STATUS	n/a	n/a	DIN5
174.2800000000	n/a	n/a	STATUS	n/a	n/a	D255
174.7600000000	n/a	n/a	STATUS	n/a	n/a	D142
174.8120000000	n/a	n/a	STATUS	n/a	n/a	D255
174.8480000000	n/a	n/a	STATUS	n/a	n/a	DI54
174.9000000000	n/a	n/a	STATUS	n/a	n/a	D255
175.1000000000	n/a	n/a	STATUS	n/a	n/a	DI34
175.1480000000	n/a	n/a	STATUS	n/a	n/a	D255
175.4080000000	n/a	n/a	STATUS	n/a	n/a	DIN5
175.4600000000	n/a	n/a	STATUS	n/a	n/a	D255
175.8480000000	n/a	n/a	STATUS	n/a	n/a	D137
175.8960000000	n/a	n/a	STATUS	n/a	n/a	D233
175.9000000000	n/a	n/a	STATUS	n/a	n/a	D255
175.9360000000	n/a	n/a	STATUS	n/a	n/a	DI52
175.9840000000	n/a	n/a	STATUS	n/a	n/a	D255
176.3040000000	n/a	n/a	STATUS	n/a	n/a	DI42
176.3520000000	n/a	n/a	STATUS	n/a	n/a	D255
176.6120000000	n/a	n/a	STATUS	n/a	n/a	DIN5
176.6600000000	n/a	n/a	STATUS	n/a	n/a	D255
177.0880000000	n/a	n/a	STATUS	n/a	n/a	DI76
177.1360000000	n/a	n/a	STATUS	n/a	n/a	D255
177.1760000000	n/a	n/a	STATUS	n/a	n/a	DI54
177.2240000000	n/a	n/a	STATUS	n/a	n/a	D255
177.5440000000	n/a	n/a	STATUS	n/a	n/a	DI34
177.5960000000	n/a	n/a	STATUS	n/a	n/a	D255
177.8520000000	n/a	n/a	STATUS	n/a	n/a	DIN5
177.9040000000	n/a	n/a	STATUS	n/a	n/a	D255
178.3720000000	n/a	n/a	STATUS	n/a	n/a	D156
178.4240000000	n/a	n/a	STATUS	n/a	n/a	D255
178.4600000000	n/a	n/a	STATUS	n/a	n/a	DI51
178.5120000000	n/a	n/a	STATUS	n/a	n/a	D255
178.7600000000	n/a	n/a	STATUS	n/a	n/a	DI21
178.8080000000	n/a	n/a	STATUS	n/a	n/a	D255
178.8120000000	n/a	n/a	STATUS	n/a	n/a	DIN4
178.8640000000	n/a	n/a	STATUS	n/a	n/a	D255
179.6200000000	n/a	n/a	STATUS	n/a	n/a	DIN5
179.6680000000	n/a	n/a	STATUS	n/a	n/a	D255
179.9880000000	n/a	n/a	STATUS	n/a	n/a	D203
180.0400000000	n/a	n/a	STATUS	n/a	n/a	D255
180.0760000000	n/a	n/a	STATUS	n/a	n/a	DI52
180.1280000000	n/a	n/a	STATUS	n/a	n/a	D255
180.5040000000	n/a	n/a	STATUS	n/a	n/a	DI42
180.5560000000	n/a	n/a	STATUS	n/a	n/a	D255
180.8120000000	n/a	n/a	STATUS	n/a	n/a	DIN5
180.8640000000	n/a	n/a	STATUS	n/a	n/a	D255
181.3120000000	n/a	n/a	STATUS	n/a	n/a	D157
181.3640000000	n/a	n/a	STATUS	n/a	n/a	D255
181.4000000000	n/a	n/a	STATUS	n/a	n/a	DI53
181.4520000000	n/a	n/a	STATUS	n/a	n/a	D255
181.7840000000	n/a	n/a	STATUS	n/a	n/a	DI43
181.8320000000	n/a	n/a	STATUS	n/a	n/a	D255
182.0920000000	n/a	n/a	STATUS	n/a	n/a	DIN5
182.1440000000	n/a	n/a	STATUS	n/a	n/a	D255
182.4520000000	n/a	n/a	STATUS	n/a	n/a	D246
182.5040000000	n/a	n/a	STATUS	n/a	n/a	D255
182.5400000000	n/a	n/a	STATUS	n/a	n/a	DI54
182.5920000000	n/a	n/a	STATUS	n/a	n/a	D255
182.9400000000	n/a	n/a	STATUS	n/a	n/a	DI34
182.9920000000	n/a	n/a	STATUS	n/a	n/a	D255
183.2520000000	n/a	n/a	STATUS	n/a	n/a	DIN5
183.3000000000	n/a	n/a	STATUS	n/a	n/a	D255
183.6040000000	n/a	n/a	STATUS	n/a	n/a	D123
183.6560000000	n/a	n/a	STATUS	n/a	n/a	D255
183.6920000000	n/a	n/a	STATUS	n/a	n/a	DI53
183.7440000000	n/a	n/a	STATUS	n/a	n/a	D255
184.0200000000	n/a	n/a	STATUS	n/a	n/a	DI43
184.0720000000	n/a	n/a	STATUS	n/a	n/a	D255
184.3320000000	n/a	n/a	STATUS	n/a	n/a	DIN5
184.3800000000	n/a	n/a	STATUS	n/a	n/a	D255
184.7760000000	n/a	n/a	STATUS	n/a	n/a	D133
184.8240000000	n/a	n/a	STATUS	n/a	n/a	D255
184.8640000000	n/a	n/a	STATUS	n/a	n/a	DI52
184.9120000000	n/a	n/a	STATUS	n/a	n/a	D255
185.1800000000	n/a	n/a	STATUS	n/a	n/a	DI12
185.2280000000	n/a	n/a	STATUS	n/a	n/a	D255
185.2320000000	n/a	n/a	STATUS	n/a	n/a	DIN4
185.2840000000	n/a	n/a	STATUS	n/a	n/a	D255
186.0400000000	n/a	n/a	STATUS	n/a	n/a	DIN5
186.0880000000	n/a	n/a	STATUS	n/a	n/a	D255
186.5520000000	n/a	n/a	STATUS	n/a	n/a	DI87
186.6040000000	n/a	n/a	STATUS	n/a	n/a	D255
186.6400000000	n/a	n/a	STATUS	n/a	n/a	DI54
186.6920000000	n/a	n/a	STATUS	n/a	n/a	D255
187.0360000000	n/a	n/a	STATUS	n/a	n/a	DI34
187.0840000000	n/a	n/a	STATUS	n/a	n/a	D255
187.3440000000	n/a	n/a	STATUS	n/a	n/a	DIN5
187.3960000000	n/a	n/a	STATUS	n/a	n/a	D255
187.7000000000	n/a	n/a	STATUS	n/a	n/a	DI89
187.7480000000	n/a	n/a	STATUS	n/a	n/a	D255
187.7880000000	n/a	n/a	STATUS	n/a	n/a	DI53
187.8360000000	n/a	n/a	STATUS	n/a	n/a	D255
188.1360000000	n/a	n/a	STATUS	n/a	n/a	DI43
188.1880000000	n/a	n/a	STATUS	n/a	n/a	D255
188.4480000000	n/a	n/a	STATUS	n/a	n/a	DIN5
188.4960000000	n/a	n/a	STATUS	n/a	n/a	D255
188.9280000000	n/a	n/a	STATUS	n/a	n/a	D236
188.9760000000	n/a	n/a	STATUS	n/a	n/a	D255
189.0160000000	n/a	n/a	STATUS	n/a	n/a	DI51
189.0640000000	n/a	n/a	STATUS	n/a	n/a	D255
189.5160000000	n/a	n/a	STATUS	n/a	n/a	DI31
189.5640000000	n/a	n/a	STATUS	n/a	n/a	D255
189.8240000000	n/a	n/a	STATUS	n/a	n/a	DIN5
189.8760000000	n/a	n/a	STATUS	n/a	n/a	D255
190.2000000000	n/a	n/a	STATUS	n/a	n/a	D109
190.2480000000	n/a	n/a	STATUS	n/a	n/a	D255
190.2880000000	n/a	n/a	STATUS	n/a	n/a	DI53
190.3360000000	n/a	n/a	STATUS	n/a	n/a	D255
190.7480000000	n/a	n/a	STATUS	n/a	n/a	DI43
190.7960000000	n/a	n/a	STATUS	n/a	n/a	D255
191.0560000000	n/a	n/a	STATUS	n/a	n/a	DIN5
191.1080000000	n/a	n/a	STATUS	n/a	n/a	D255
191.6000000000	n/a	n/a	STATUS	n/a	n/a	D222
191.6520000000	n/a	n/a	STATUS	n/a	n/a	D255
191.6880000000	n/a	n/a	STATUS	n/a	n/a	DI51
191.7400000000	n/a	n/a	STATUS	n/a	n/a	D255
191.9920000000	n/a	n/a	STATUS	n/a	n/a	DI21
192.0440000000	n/a	n/a	STATUS	n/a	n/a	D255
192.0480000000	n/a	n/a	STATUS	n/a	n/a	DIN4
192.0960000000	n/a	n/a	STATUS	n/a	n/a	DIN5
192.1000000000	n/a	n/a	STATUS	n/a	n/a	D255
192.8520000000	n/a	n/a	STATUS	n/a	n/a	DIN5
192.9040000000	n/a	n/a	STATUS	n/a	n/a	D255
193.2160000000	n/a	n/a	STATUS	n/a	n/a	D193
193.2680000000	n/a	n/a	STATUS	n/a	n/a	D255
193.3040000000	n/a	n/a	STATUS	n/a	n/a	DI51
193.3560000000	n/a	n/a	STATUS	n/a	n/a	D255
193.7560000000	n/a	n/a	STATUS	n/a	n/a	DI31
193.8040000000	n/a	n/a	STATUS	n/a	n/a	D255
194.0640000000	n/a	n/a	STATUS	n/a	n/a	DIN5
194.1160000000	n/a	n/a	STATUS	n/a	n/a	D255
194.5040000000	n/a	n/a	STATUS	n/a	n/a	D190
194.5560000000	n/a	n/a	STATUS	n/a	n/a	D255
194.5920000000	n/a	n/a	STATUS	n/a	n/a	DI52
194.6400000000	n/a	n/a	STATUS	n/a	n/a	D255
194.9920000000	n/a	n/a	STATUS	n/a	n/a	DI42
195.0400000000	n/a	n/a	STATUS	n/a	n/a	D255
195.3000000000	n/a	n/a	STATUS	n/a	n/a	DIN5
195.3520000000	n/a	n/a	STATUS	n/a	n/a	D255
195.6960000000	n/a	n/a	STATUS	n/a	n/a	D210
195.7440000000	n/a	n/a	STATUS	n/a	n/a	D255
195.7840000000	n/a	n/a	STATUS	n/a	n/a	DI51
195.8320000000	n/a	n/a	STATUS	n/a	n/a	D255
196.3800000000	n/a	n/a	STATUS	n/a	n/a	DI31
196.4280000000	n/a	n/a	STATUS	n/a	n/a	D255
196.6880000000	n/a	n/a	STATUS	n/a	n/a	DIN5
196.7400000000	n/a	n/a	STATUS	n/a	n/a	D255
197.0720000000	n/a	n/a	STATUS	n/a	n/a	D200
197.1240000000	n/a	n/a	STATUS	n/a	n/a	D255
197.1600000000	n/a	n/a	STATUS	n/a	n/a	DI51
197.2080000000	n/a	n/a	STATUS	n/a	n/a	D255
197.6440000000	n/a	n/a	STATUS	n/a	n/a	DI31
197.6960000000	n/a	n/a	STATUS	n/a	n/a	D255
197.9560000000	n/a	n/a	STATUS	n/a	n/a	DIN5
198.0040000000	n/a	n/a	STATUS	n/a	n/a	D255
198.4880000000	n/a	n/a	STATUS	n/a	n/a	D254
198.5400000000	n/a	n/a	STATUS	n/a	n/a	D255
198.5760000000	n/a	n/a	STATUS	n/a	n/a	DI53
198.6280000000	n/a	n/a	STATUS	n/a	n/a	D255
198.8960000000	n/a	n/a	STATUS	n/a	n/a	DI43
198.9480000000	n/a	n/a	STATUS	n/a	n/a	D255
199.2040000000	n/a	n/a	STATUS	n/a	n/a	DIN5
199.2560000000	n/a	n/a	STATUS	n/a	n/a	D255
199.6880000000	n/a	n/a	STATUS	n/a	n/a	DI73
199.7400000000	n/a	n/a	STATUS	n/a	n/a	D255
199.7800000000	n/a	n/a	STATUS	n/a	n/a	DI51
199.8280000000	n/a	n/a	STATUS	n/a	n/a	D255
200.1680000000	n/a	n/a	STATUS	n/a	n/a	DI31
200.2160000000	n/a	n/a	STATUS	n/a	n/a	D255
200.4760000000	n/a	n/a	STATUS	n/a	n/a	DIN5
200.5280000000	n/a	n/a	STATUS	n/a	n/a	D255
200.8680000000	n/a	n/a	STATUS	n/a	n/a	DI90
200.9160000000	n/a	n/a	STATUS	n/a	n/a	D255
200.9560000000	n/a	n/a	STATUS	n/a	n/a	DI52
201.0040000000	n/a	n/a	STATUS	n/a	n/a	D255
201.3520000000	n/a	n/a	STATUS	n/a	n/a	DI42
201.4040000000	n/a	n/a	STATUS	n/a	n/a	D255
201.6640000000	n/a	n/a	STATUS	n/a	n/a	DIN5
201.7120000000	n/a	n/a	STATUS	n/a	n/a	D255
202.2160000000	n/a	n/a	STATUS	n/a	n/a	D239
202.2680000000	n/a	n/a	STATUS	n/a	n/a	D255
202.3040000000	n/a	n/a	STATUS	n/a	n/a	DI52
202.3560000000	n/a	n/a	STATUS	n/a	n/a	D255
202.7400000000	n/a	n/a	STATUS	n/a	n/a	DI42
202.7880000000	n/a	n/a	STATUS	n/a	n/a	D255
203.0480000000	n/a	n/a	STATUS	n/a	n/a	DIN5
203.1000000000	n/a	n/a	STATUS	n/a	n/a	D255
203.6000000000	n/a	n/a	STATUS	n/a	n/a	DI85
203.6480000000	n/a	n/a	STATUS	n/a	n/a	D255
203.6840000000	n/a	n/a	STATUS	n/a	n/a	DI54
203.7360000000	n/a	n/a	STATUS	n/a	n/a	D255
204.0000000000	n/a	n/a	STATUS	n/a	n/a	DI34
204.0520000000	n/a	n/a	STATUS	n/a	n/a	D255
204.3120000000	n/a	n/a	STATUS	n/a	n/a	DIN5
204.3600000000	n/a	n/a	STATUS	n/a	n/a	D255
204.7800000000	n/a	n/a	STATUS	n/a	n/a	D187
204.8320000000	n/a	n/a	STATUS	n/a	n/a	D255
204.8680000000	n/a	n/a	STATUS	n/a	n/a	DI52
204.9200000000	n/a	n/a	STATUS	n/a	n/a	D255
205.2360000000	n/a	n/a	STATUS	n/a	n/a	DI42
205.2840000000	n/a	n/a	STATUS	n/a	n/a	D255
205.5440000000	n/a	n/a	STATUS	n/a	n/a	DIN5
205.5920000000	n/a	n/a	STATUS	n/a	n/a	D255
206.0480000000	n/a	n/a	STATUS	n/a	n/a	D208
206.1000000000	n/a	n/a	STATUS	n/a	n/a	D255
206.1360000000	n/a	n/a	STATUS	n/a	n/a	DI54
206.1880000000	n/a	n/a	STATUS	n/a	n/a	D255
206.4640000000	n/a	n/a	STATUS	n/a	n/a	DI34
206.5120000000	n/a	n/a	STATUS	n/a	n/a	D255
206.7720000000	n/a	n/a	STATUS	n/a	n/a	DIN5
206.8240000000	n/a	n/a	STATUS	n/a	n/a	D255
207.2280000000	n/a	n/a	STATUS	n/a	n/a	D125
207.2760000000	n/a	n/a	STATUS	n/a	n/a	D255
207.3160000000	n/a	n/a	STATUS	n/a	n/a	DI53
207.3640000000	n/a	n/a	STATUS	n/a	n/a	D255
207.6560000000	n/a	n/a	STATUS	n/a	n/a	DI43
207.7040000000	n/a	n/a	STATUS	n/a	n/a	D255
207.9640000000	n/a	n/a	STATUS	n/a	n/a	DIN5
208.0160000000	n/a	n/a	STATUS	n/a	n/a	D255
208.3240000000	n/a	n/a	STATUS	n/a	n/a	D243
208.3760000000	n/a	n/a	STATUS	n/a	n/a	D255
208.4120000000	n/a	n/a	STATUS	n/a	n/a	DI51
208.4600000000	n/a	n/a	STATUS	n/a	n/a	D255
208.8120000000	n/a	n/a	STATUS	n/a	n/a	DI31
208.8600000000	n/a	n/a	STATUS	n/a	n/a	DI95
208.8640000000	n/a	n/a	STATUS	n/a	n/a	D255
209.1200000000	n/a	n/a	STATUS	n/a	n/a	DIN5
209.1720000000	n/a	n/a	STATUS	n/a	n/a	D255
209.5000000000	n/a	n/a	STATUS	n/a	n/a	D128
209.5520000000	n/a	n/a	STATUS	n/a	n/a	D255
209.5880000000	n/a	n/a	STATUS	n/a	n/a	DI54
209.6400000000	n/a	n/a	STATUS	n/a	n/a	D255
209.9880000000	n/a	n/a	STATUS	n/a	n/a	DI34
210.0400000000	n/a	n/a	STATUS	n/a	n/a	D255
210.2960000000	n/a	n/a	STATUS	n/a	n/a	DIN5
210.3480000000	n/a	n/a	STATUS	n/a	n/a	D255
210.6640000000	n/a	n/a	STATUS	n/a	n/a	D136
210.7120000000	n/a	n/a	STATUS	n/a	n/a	D255
210.7520000000	n/a	n/a	STATUS	n/a	n/a	DI53
210.8000000000	n/a	n/a	STATUS	n/a	n/a	D255
211.0960000000	n/a	n/a	STATUS	n/a	n/a	DI43
211.1480000000	n/a	n/a	STATUS	n/a	n/a	D255
211.4080000000	n/a	n/a	STATUS	n/a	n/a	DIN5
211.4560000000	n/a	n/a	STATUS	n/a	n/a	D255
211.9480000000	n/a	n/a	STATUS	n/a	n/a	D127
211.9960000000	n/a	n/a	STATUS	n/a	n/a	D255
212.0320000000	n/a	n/a	STATUS	n/a	n/a	DI54
212.0840000000	n/a	n/a	STATUS	n/a	n/a	D255
212.3360000000	n/a	n/a	STATUS	n/a	n/a	DI34
212.3840000000	n/a	n/a	STATUS	n/a	n/a	D255
212.6440000000	n/a	n/a	STATUS	n/a	n/a	DIN5
212.6960000000	n/a	n/a	STATUS	n/a	n/a	D255
213.1240000000	n/a	n/a	STATUS	n/a	n/a	D238
213.1760000000	n/a	n/a	STATUS	n/a	n/a	D255
213.2120000000	n/a	n/a	STATUS	n/a	n/a	DI51
213.2600000000	n/a	n/a	STATUS	n/a	n/a	D255
213.5000000000	n/a	n/a	STATUS	n/a	n/a	DI21
213.5520000000	n/a	n/a	STATUS	n/a	n/a	D255
213.5560000000	n/a	n/a	STATUS	n/a	n/a	DIN4
213.6080000000	n/a	n/a	STATUS	n/a	n/a	D255
214.3600000000	n/a	n/a	STATUS	n/a	n/a	DIN5
214.4120000000	n/a	n/a	STATUS	n/a	n/a	D255
214.8720000000	n/a	n/a	STATUS	n/a	n/a	D218
214.9200000000	n/a	n/a	STATUS	n/a	n/a	D255
214.9600000000	n/a	n/a	STATUS	n/a	n/a	DI53
215.0080000000	n/a	n/a	STATUS	n/a	n/a	D255
215.2680000000	n/a	n/a	STATUS	n/a	n/a	DI43
215.3200000000	n/a	n/a	STATUS	n/a	n/a	D255
215.5760000000	n/a	n/a	STATUS	n/a	n/a	DIN5
215.6280000000	n/a	n/a	STATUS	n/a	n/a	D255
216.1320000000	n/a	n/a	STATUS	n/a	n/a	D223
216.1840000000	n/a	n/a	STATUS	n/a	n/a	D255
216.2200000000	n/a	n/a	STATUS	n/a	n/a	DI52
216.2720000000	n/a	n/a	STATUS	n/a	n/a	D255
216.7520000000	n/a	n/a	STATUS	n/a	n/a	DI42
216.8040000000	n/a	n/a	STATUS	n/a	n/a	D255
217.0640000000	n/a	n/a	STATUS	n/a	n/a	DIN5
217.1120000000	n/a	n/a	STATUS	n/a	n/a	D255
217.4480000000	n/a	n/a	STATUS	n/a	n/a	DI74
217.4960000000	n/a	n/a	STATUS	n/a	n/a	D255
217.5360000000	n/a	n/a	STATUS	n/a	n/a	DI54
217.5880000000	n/a	n/a	STATUS	n/a	n/a	D255
217.9400000000	n/a	n/a	STATUS	n/a	n/a	DI34
217.9880000000	n/a	n/a	STATUS	n/a	n/a	D255
218.2480000000	n/a	n/a	STATUS	n/a	n/a	DIN5
218.2960000000	n/a	n/a	STATUS	n/a	n/a	D255
218.7080000000	n/a	n/a	STATUS	n/a	n/a	D230
218.7560000000	n/a	n/a	STATUS	n/a	n/a	D255
218.7960000000	n/a	n/a	STATUS	n/a	n/a	DI52
218.8440000000	n/a	n/a	STATUS	n/a	n/a	D255
219.1880000000	n/a	n/a	STATUS	n/a	n/a	DI42
219.2400000000	n/a	n/a	STATUS	n/a	n/a	D255
219.5000000000	n/a	n/a	STATUS	n/a	n/a	DIN5
219.5480000000	n/a	n/a	STATUS	n/a	n/a	D255
220.0280000000	n/a	n/a	STATUS	n/a	n/a	DI70
220.0800000000	n/a	n/a	STATUS	n/a	n/a	D255
220.1160000000	n/a	n/a	STATUS	n/a	n/a	DI52
220.1680000000	n/a	n/a	STATUS	n/a	n/a	D255
220.3640000000	n/a	n/a	STATUS	n/a	n/a	DI12
220.4160000000	n/a	n/a	STATUS	n/a	n/a	D255
220.4200000000	n/a	n/a	STATUS	n/a	n/a	DIN4
220.4680000000	n/a	n/a	STATUS	n/a	n/a	D255
221.2240000000	n/a	n/a	STATUS	n/a	n/a	DIN5
221.2760000000	n/a	n/a	STATUS	n/a	n/a	D255
221.7560000000	n/a	n/a	STATUS	n/a	n/a	D237
221.8040000000	n/a	n/a	STATUS	n/a	n/a	D255
221.8400000000	n/a	n/a	STATUS	n/a	n/a	DI52
221.8920000000	n/a	n/a	STATUS	n/a	n/a	D255
222.3680000000	n/a	n/a	STATUS	n/a	n/a	DI42
222.4200000000	n/a	n/a	STATUS	n/a	n/a	D255
222.6760000000	n/a	n/a	STATUS	n/a	n/a	DIN5
222.7280000000	n/a	n/a	STATUS	n/a	n/a	D255
223.0320000000	n/a	n/a	STATUS	n/a	n/a	D158
223.0840000000	n/a	n/a	STATUS	n/a	n/a	D255
223.1200000000	n/a	n/a	STATUS	n/a	n/a	DI52
223.1720000000	n/a	n/a	STATUS	n/a	n/a	D255
223.5480000000	n/a	n/a	STATUS	n/a	n/a	DI42
223.6000000000	n/a	n/a	STATUS	n/a	n/a	D255
223.8560000000	n/a	n/a	STATUS	n/a	n/a	DIN5
223.9080000000	n/a	n/a	STATUS	n/a	n/a	D255
224.2440000000	n/a	n/a	STATUS	n/a	n/a	D196
224.2920000000	n/a	n/a	STATUS	n/a	n/a	D255
224.3280000000	n/a	n/a	STATUS	n/a	n/a	DI52
224.3800000000	n/a	n/a	STATUS	n/a	n/a	D255
224.7560000000	n/a	n/a	STATUS	n/a	n/a	DI42
224.8040000000	n/a	n/a	STATUS	n/a	n/a	D255
225.0640000000	n/a	n/a	STATUS	n/a	n/a	DIN5
225.1160000000	n/a	n/a	STATUS	n/a	n/a	D255
225.4200000000	n/a	n/a	STATUS	n/a	n/a	D177
225.4680000000	n/a	n/a	STATUS	n/a	n/a	D255
225.5080000000	n/a	n/a	STATUS	n/a	n/a	DI53
225.5560000000	n/a	n/a	STATUS	n/a	n/a	D255
225.8400000000	n/a	n/a	STATUS	n/a	n/a	DI43
225.8880000000	n/a	n/a	STATUS	n/a	n/a	D255
226.1480000000	n/a	n/a	STATUS	n/a	n/a	DIN5
226.2000000000	n/a	n/a	STATUS	n/a	n/a	D255
226.5040000000	n/a	n/a	STATUS	n/a	n/a	DI71
226.5520000000	n/a	n/a	STATUS	n/a	n/a	D255
226.5920000000	n/a	n/a	STATUS	n/a	n/a	DI53
226.6400000000	n/a	n/a	STATUS	n/a	n/a	D255
226.8560000000	n/a	n/a	STATUS	n/a	n/a	DI43
226.9080000000	n/a	n/a	STATUS	n/a	n/a	D255
227.1640000000	n/a	n/a	STATUS	n/a	n/a	DIN5
227.2160000000	n/a	n/a	STATUS	n/a	n/a	D255
227.7000000000	n/a	n/a	STATUS	n/a	n/a	D242
227.7520000000	n/a	n/a	STATUS	n/a	n/a	D255
227.7880000000	n/a	n/a	STATUS	n/a	n/a	DI52
227.8400000000	n/a	n/a	STATUS	n/a	n/a	D255
228.2840000000	n/a	n/a	STATUS	n/a	n/a	DI42
228.3320000000	n/a	n/a	STATUS	n/a	n/a	D255
228.5920000000	n/a	n/a	STATUS	n/a	n/a	DIN5
228.6440000000	n/a	n/a	STATUS	n/a	n/a	D255
229.1200000000	n/a	n/a	STATUS	n/a	n/a	D231
229.1720000000	n/a	n/a	STATUS	n/a	n/a	D255
229.2080000000	n/a	n/a	STATUS	n/a	n/a	DI51
229.2600000000	n/a	n/a	STATUS	n/a	n/a	D255
229.7000000000	n/a	n/a	STATUS	n/a	n/a	DI31
229.7480000000	n/a	n/a	STATUS	n/a	n/a	D255
230.0080000000	n/a	n/a	STATUS	n/a	n/a	DIN5
230.0600000000	n/a	n/a	STATUS	n/a	n/a	D255
230.3880000000	n/a	n/a	STATUS	n/a	n/a	D114
230.4360000000	n/a	n/a	STATUS	n/a	n/a	D255
230.4760000000	n/a	n/a	STATUS	n/a	n/a	DI54
230.5240000000	n/a	n/a	STATUS	n/a	n/a	D255
230.8400000000	n/a	n/a	STATUS	n/a	n/a	DI34
230.8880000000	n/a	n/a	STATUS	n/a	n/a	D255
231.1480000000	n/a	n/a	STATUS	n/a	n/a	DIN5
231.2000000000	n/a	n/a	STATUS	n/a	n/a	D255
231.6720000000	n/a	n/a	STATUS	n/a	n/a	D143
231.7240000000	n/a	n/a	STATUS	n/a	n/a	D255
231.7640000000	n/a	n/a	STATUS	n/a	n/a	DI53
231.8120000000	n/a	n/a	STATUS	n/a	n/a	D255
232.0520000000	n/a	n/a	STATUS	n/a	n/a	DI43
232.1000000000	n/a	n/a	STATUS	n/a	n/a	D255
232.3600000000	n/a	n/a	STATUS	n/a	n/a	DIN5
232.4120000000	n/a	n/a	STATUS	n/a	n/a	D255
232.8800000000	n/a	n/a	STATUS	n/a	n/a	D129
232.9320000000	n/a	n/a	STATUS	n/a	n/a	D255
232.9680000000	n/a	n/a	STATUS	n/a	n/a	DI51
233.0200000000	n/a	n/a	STATUS	n/a	n/a	D255
233.4480000000	n/a	n/a	STATUS	n/a	n/a	DI31
233.4960000000	n/a	n/a	STATUS	n/a	n/a	D255
233.7560000000	n/a	n/a	STATUS	n/a	n/a	DIN5
233.8080000000	n/a	n/a	STATUS	n/a	n/a	D255
234.1920000000	n/a	n/a	STATUS	n/a	n/a	D164
234.2400000000	n/a	n/a	STATUS	n/a	n/a	D255
234.2800000000	n/a	n/a	STATUS	n/a	n/a	DI53
234.3280000000	n/a	n/a	STATUS	n/a	n/a	D255
234.5520000000	n/a	n/a	STATUS	n/a	n/a	DI43
234.6040000000	n/a	n/a	STATUS	n/a	n/a	D255
234.8640000000	n/a	n/a	STATUS	n/a	n/a	DIN5
234.9120000000	n/a	n/a	STATUS	n/a	n/a	D255
235.2880000000	n/a	n/a	STATUS	n/a	n/a	D221
235.3360000000	n/a	n/a	STATUS	n/a	n/a	D255
235.3720000000	n/a	n/a	STATUS	n/a	n/a	DI52
235.4240000000	n/a	n/a	STATUS	n/a	n/a	D255
235.6680000000	n/a	n/a	STATUS	n/a	n/a	DI12
235.7200000000	n/a	n/a	STATUS	n/a	n/a	D255
235.7240000000	n/a	n/a	STATUS	n/a	n/a	DIN4
235.7760000000	n/a	n/a	STATUS	n/a	n/a	D255
236.5280000000	n/a	n/a	STATUS	n/a	n/a	DIN5
236.5800000000	n/a	n/a	STATUS	n/a	n/a	D255
237.0240000000	n/a	n/a	STATUS	n/a	n/a	D240
237.0760000000	n/a	n/a	STATUS	n/a	n/a	D255
237.1120000000	n/a	n/a	STATUS	n/a	n/a	DI51
237.1600000000	n/a	n/a	STATUS	n/a	n/a	D255
237.6280000000	n/a	n/a	STATUS	n/a	n/a	DI31
237.6800000000	n/a	n/a	STATUS	n/a	n/a	D255
237.9360000000	n/a	n/a	STATUS	n/a	n/a	DIN5
237.9880000000	n/a	n/a	STATUS	n/a	n/a	D255
238.4080000000	n/a	n/a	STATUS	n/a	n/a	D146
238.4560000000	n/a	n/a	STATUS	n/a	n/a	D255
238.4960000000	n/a	n/a	STATUS	n/a	n/a	DI54
238.5480000000	n/a	n/a	STATUS	n/a	n/a	D255
238.8720000000	n/a	n/a	STATUS	n/a	n/a	DI34
238.9240000000	n/a	n/a	STATUS	n/a	n/a	D255
239.1840000000	n/a	n/a	STATUS	n/a	n/a	DIN5
239.2320000000	n/a	n/a	STATUS	n/a	n/a	D255
239.5800000000	n/a	n/a	STATUS	n/a	n/a	D245
239.6320000000	n/a	n/a	STATUS	n/a	n/a	D255
239.6680000000	n/a	n/a	STATUS	n/a	n/a	DI51
239.7160000000	n/a	n/a	STATUS	n/a	n/a	D255
240.1120000000	n/a	n/a	STATUS	n/a	n/a	DI31
240.1600000000	n/a	n/a	STATUS	n/a	n/a	D255
240.4200000000	n/a	n/a	STATUS	n/a	n/a	DIN5
240.4720000000	n/a	n/a	STATUS	n/a	n/a	D255
240.8160000000	n/a	n/a	STATUS	n/a	n/a	D225
240.8640000000	n/a	n/a	STATUS	n/a	n/a	D255
240.9040000000	n/a	n/a	STATUS	n/a	n/a	DI52
240.9520000000	n/a	n/a	STATUS	n/a	n/a	D255
241.3400000000	n/a	n/a	STATUS	n/a	n/a	DI42
241.3920000000	n/a	n/a	STATUS	n/a	n/a	D255
241.6480000000	n/a	n/a	STATUS	n/a	n/a	DIN5
241.7000000000	n/a	n/a	STATUS	n/a	n/a	D255
242.0440000000	n/a	n/a	STATUS	n/a	n/a	D211
242.0920000000	n/a	n/a	STATUS	n/a	n/a	D255
242.1320000000	n/a	n/a	STATUS	n/a	n/a	DI53
242.1800000000	n/a	n/a	STATUS	n/a	n/a	D255
242.5480000000	n/a	n/a	STATUS	n/a	n/a	DI43
242.6000000000	n/a	n/a	STATUS	n/a	n/a	D255
242.8600000000	n/a	n/a	STATUS	n/a	n/a	DIN5
242.9080000000	n/a	n/a	STATUS	n/a	n/a	D255
243.4080000000	n/a	n/a	STATUS	n/a	n/a	D111
243.4600000000	n/a	n/a	STATUS	n/a	n/a	D255
243.4960000000	n/a	n/a	STATUS	n/a	n/a	DI54
243.5480000000	n/a	n/a	STATUS	n/a	n/a	D255
243.8320000000	n/a	n/a	STATUS	n/a	n/a	DI34
243.8840000000	n/a	n/a	STATUS	n/a	n/a	D255
244.1440000000	n/a	n/a	STATUS	n/a	n/a	DIN5
244.1920000000	n/a	n/a	STATUS	n/a	n/a	D255
244.5160000000	n/a	n/a	STATUS	n/a	n/a	D228
244.5680000000	n/a	n/a	STATUS	n/a	n/a	D255
244.6040000000	n/a	n/a	STATUS	n/a	n/a	DI51
244.6560000000	n/a	n/a	STATUS	n/a	n/a	D255
245.0920000000	n/a	n/a	STATUS	n/a	n/a	DI31
245.1400000000	n/a	n/a	STATUS	n/a	n/a	D255
245.4000000000	n/a	n/a	STATUS	n/a	n/a	DIN5
245.4520000000	n/a	n/a	STATUS	n/a	n/a	D255
245.8720000000	n/a	n/a	STATUS	n/a	n/a	D186
245.9200000000	n/a	n/a	STATUS	n/a	n/a	D255
245.9560000000	n/a	n/a	STATUS	n/a	n/a	DI53
246.0080000000	n/a	n/a	STATUS	n/a	n/a	D255
246.2640000000	n/a	n/a	STATUS	n/a	n/a	DI43
246.3160000000	n/a	n/a	STATUS	n/a	n/a	D255
246.5720000000	n/a	n/a	STATUS	n/a	n/a	DIN5
246.6240000000	n/a	n/a	STATUS	n/a	n/a	D255
246.9880000000	n/a	n/a	STATUS	n/a	n/a	D134
247.0400000000	n/a	n/a	STATUS	n/a	n/a	D255
247.0760000000	n/a	n/a	STATUS	n/a	n/a	DI51
247.1280000000	n/a	n/a	STATUS	n/a	n/a	D255
247.4760000000	n/a	n/a	STATUS	n/a	n/a	DI31
247.5280000000	n/a	n/a	STATUS	n/a	n/a	D255
247.7880000000	n/a	n/a	STATUS	n/a	n/a	DIN5
247.8360000000	n/a	n/a	STATUS	n/a	n/a	D255
248.2000000000	n/a	n/a	STATUS	n/a	n/a	D102
248.2520000000	n/a	n/a	STATUS	n/a	n/a	D255
248.2880000000	n/a	n/a	STATUS	n/a	n/a	DI52
248.3400000000	n/a	n/a	STATUS	n/a	n/a	D255
248.6840000000	n/a	n/a	STATUS	n/a	n/a	DI42
248.7360000000	n/a	n/a	STATUS	n/a	n/a	D255
248.9960000000	n/a	n/a	STATUS	n/a	n/a	DIN5
249.0440000000	n/a	n/a	STATUS	n/a	n/a	D255
249.4640000000	n/a	n/a	STATUS	n/a	n/a	DI91
249.5160000000	n/a	n/a	STATUS	n/a	n/a	D255
249.5520000000	n/a	n/a	STATUS	n/a	n/a	DI54
249.6040000000	n/a	n/a	STATUS	n/a	n/a	D255
249.8920000000	n/a	n/a	STATUS	n/a	n/a	DI34
249.9440000000	n/a	n/a	STATUS	n/a	n/a	D255
250.2040000000	n/a	n/a	STATUS	n/a	n/a	DIN5
250.2520000000	n/a	n/a	STATUS	n/a	n/a	D255
250.6320000000	n/a	n/a	STATUS	n/a	n/a	D188
250.6840000000	n/a	n/a	STATUS	n/a	n/a	D255
250.7200000000	n/a	n/a	STATUS	n/a	n/a	DI54
250.7680000000	n/a	n/a	STATUS	n/a	n/a	D255
251.1080000000	n/a	n/a	STATUS	n/a	n/a	DI34
251.1600000000	n/a	n/a	STATUS	n/a	n/a	D255
251.4200000000	n/a	n/a	STATUS	n/a	n/a	DIN5
251.4680000000	n/a	n/a	STATUS	n/a	n/a	D255
251.7920000000	n/a	n/a	STATUS	n/a	n/a	D159
251.8440000000	n/a	n/a	STATUS	n/a	n/a	D255
251.8840000000	n/a	n/a	STATUS	n/a	n/a	DI52
251.9320000000	n/a	n/a	STATUS	n/a	n/a	D255
252.2960000000	n/a	n/a	STATUS	n/a	n/a	DI42
252.3480000000	n/a	n/a	STATUS	n/a	n/a	D255
252.6040000000	n/a	n/a	STATUS	n/a	n/a	DIN5
252.6560000000	n/a	n/a	STATUS	n/a	n/a	D255
252.9760000000	n/a	n/a	STATUS	n/a	n/a	D140
253.0240000000	n/a	n/a	STATUS	n/a	n/a	D255
253.0640000000	n/a	n/a	STATUS	n/a	n/a	DI54
253.1120000000	n/a	n/a	STATUS	n/a	n/a	D255
253.4840000000	n/a	n/a	STATUS	n/a	n/a	DI34
253.5360000000	n/a	n/a	STATUS	n/a	n/a	D255
253.7920000000	n/a	n/a	STATUS	n/a	n/a	DIN5
253.8440000000	n/a	n/a	STATUS	n/a	n/a	D255
254.2400000000	n/a	n/a	STATUS	n/a	n/a	D131
254.2880000000	n/a	n/a	STATUS	n/a	n/a	D255
254.3240000000	n/a	n/a	STATUS	n/a	n/a	DI54
254.3760000000	n/a	n/a	STATUS	n/a	n/a	D255
254.7240000000	n/a	n/a	STATUS	n/a	n/a	DI34
254.7760000000	n/a	n/a	STATUS	n/a	n/a	D255
255.0360000000	n/a	n/a	STATUS	n/a	n/a	DIN5
255.0840000000	n/a	n/a	STATUS	n/a	n/a	D255
255.5840000000	n/a	n/a	STATUS	n/a	n/a	D185
255.6360000000	n/a	n/a	STATUS	n/a	n/a	D255
255.6720000000	n/a	n/a	STATUS	n/a	n/a	DI53
255.7200000000	n/a	n/a	STATUS	n/a	n/a	D255
256.0520000000	n/a	n/a	STATUS	n/a	n/a	DI43
256.1000000000	n/a	n/a	STATUS	n/a	n/a	D255
256.3600000000	n/a	n/a	STATUS	n/a	n/a	DIN5
256.4120000000	n/a	n/a	STATUS	n/a	n/a	D255
256.7280000000	n/a	n/a	STATUS	n/a	n/a	D124
256.7800000000	n/a	n/a	STATUS	n/a	n/a	D255
256.8200000000	n/a	n/a	STATUS	n/a	n/a	DI53
256.8680000000	n/a	n/a	STATUS	n/a	n/a	D255
257.3040000000	n/a	n/a	STATUS	n/a	n/a	DI43
257.3520000000	n/a	n/a	STATUS	n/a	n/a	D255
257.6120000000	n/a	n/a	STATUS	n/a	n/a	DIN5
257.6640000000	n/a	n/a	STATUS	n/a	n/a	D255
258.1560000000	n/a	n/a	STATUS	n/a	n/a	D120
258.2080000000	n/a	n/a	STATUS	n/a	n/a	D255
258.2440000000	n/a	n/a	STATUS	n/a	n/a	DI52
258.2960000000	n/a	n/a	STATUS	n/a	n/a	D255
258.6400000000	n/a	n/a	STATUS	n/a	n/a	DI42
258.6920000000	n/a	n/a	STATUS	n/a	n/a	D255
258.9520000000	n/a	n/a	STATUS	n/a	n/a	DIN5
259.0000000000	n/a	n/a	STATUS	n/a	n/a	D255
259.5080000000	n/a	n/a	STATUS	n/a	n/a	D197
259.5560000000	n/a	n/a	STATUS	n/a	n/a	D255
259.5960000000	n/a	n/a	STATUS	n/a	n/a	DI54
259.6440000000	n/a	n/a	STATUS	n/a	n/a	D255
260.0080000000	n/a	n/a	STATUS	n/a	n/a	DI34
260.0600000000	n/a	n/a	STATUS	n/a	n/a	D255
260.3160000000	n/a	n/a	STATUS	n/a	n/a	DIN5
260.3680000000	n/a	n/a	STATUS	n/a	n/a	D255
260.8640000000	n/a	n/a	STATUS	n/a	n/a	D227
260.9120000000	n/a	n/a	STATUS	n/a	n/a	D255
260.9520000000	n/a	n/a	STATUS	n/a	n/a	DI51
261.0000000000	n/a	n/a	STATUS	n/a	n/a	D255
261.4360000000	n/a	n/a	STATUS	n/a	n/a	DI31
261.4840000000	n/a	n/a	STATUS	n/a	n/a	D255
273.9560000000	n/a	n/a	STATUS	n/a	n/a	DIN5
274.0080000000	n/a	n/a	STATUS	n/a	n/a	D255
274.3360000000	n/a	n/a	STATUS	n/a	n/a	D222
274.3880000000	n/a	n/a	STATUS	n/a	n/a	D255
274.4240000000	n/a	n/a	STATUS	n/a	n/a	DI51
274.4760000000	n/a	n/a	STATUS	n/a	n/a	D255
275.4960000000	n/a	n/a	STATUS	n/a	n/a	DIN3
275.5480000000	n/a	n/a	STATUS	n/a	n/a	D255
276.3000000000	n/a	n/a	STATUS	n/a	n/a	DIN5
276.3520000000	n/a	n/a	STATUS	n/a	n/a	D255
276.7560000000	n/a	n/a	STATUS	n/a	n/a	D102
276.8040000000	n/a	n/a	STATUS	n/a	n/a	D255
276.8440000000	n/a	n/a	STATUS	n/a	n/a	DI52
276.8960000000	n/a	n/a	STATUS	n/a	n/a	D255
277.3600000000	n/a	n/a	STATUS	n/a	n/a	DI12
277.4120000000	n/a	n/a	STATUS	n/a	n/a	D255
277.4160000000	n/a	n/a	STATUS	n/a	n/a	DIN4
277.4680000000	n/a	n/a	STATUS	n/a	n/a	D255
278.2200000000	n/a	n/a	STATUS	n/a	n/a	DIN5
278.2720000000	n/a	n/a	STATUS	n/a	n/a	D255
278.7520000000	n/a	n/a	STATUS	n/a	n/a	D249
278.8000000000	n/a	n/a	STATUS	n/a	n/a	D255
278.8360000000	n/a	n/a	STATUS	n/a	n/a	DI53
278.8880000000	n/a	n/a	STATUS	n/a	n/a	D255
279.2040000000	n/a	n/a	STATUS	n/a	n/a	DI43
279.2560000000	n/a	n/a	STATUS	n/a	n/a	D255
279.5160000000	n/a	n/a	STATUS	n/a	n/a	DIN5
279.5680000000	n/a	n/a	STATUS	n/a	n/a	D255
279.9560000000	n/a	n/a	STATUS	n/a	n/a	D185
280.0040000000	n/a	n/a	STATUS	n/a	n/a	D255
280.0440000000	n/a	n/a	STATUS	n/a	n/a	DI54
280.0920000000	n/a	n/a	STATUS	n/a	n/a	D255
280.3560000000	n/a	n/a	STATUS	n/a	n/a	DI34
280.4040000000	n/a	n/a	STATUS	n/a	n/a	D255
280.6640000000	n/a	n/a	STATUS	n/a	n/a	DIN5
280.7160000000	n/a	n/a	STATUS	n/a	n/a	D255
281.1400000000	n/a	n/a	STATUS	n/a	n/a	D153
281.1880000000	n/a	n/a	STATUS	n/a	n/a	D255
281.2280000000	n/a	n/a	STATUS	n/a	n/a	DI52
281.2800000000	n/a	n/a	STATUS	n/a	n/a	D255
281.6000000000	n/a	n/a	STATUS	n/a	n/a	DI42
281.6520000000	n/a	n/a	STATUS	n/a	n/a	D255
281.9120000000	n/a	n/a	STATUS	n/a	n/a	DIN5
281.9600000000	n/a	n/a	STATUS	n/a	n/a	D255
282.3840000000	n/a	n/a	STATUS	n/a	n/a	D208
282.4360000000	n/a	n/a	STATUS	n/a	n/a	D255
282.4720000000	n/a	n/a	STATUS	n/a	n/a	DI52
282.5240000000	n/a	n/a	STATUS	n/a	n/a	D255
282.7280000000	n/a	n/a	STATUS	n/a	n/a	DI12
282.7760000000	n/a	n/a	STATUS	n/a	n/a	D255
282.7800000000	n/a	n/a	STATUS	n/a	n/a	DIN4
282.8320000000	n/a	n/a	STATUS	n/a	n/a	D255
283.5840000000	n/a	n/a	STATUS	n/a	n/a	DIN5
283.6360000000	n/a	n/a	STATUS	n/a	n/a	D255
284.1400000000	n/a	n/a	STATUS	n/a	n/a	DI70
284.1920000000	n/a	n/a	STATUS	n/a	n/a	D255
284.2280000000	n/a	n/a	STATUS	n/a	n/a	DI54
284.2800000000	n/a	n/a	STATUS	n/a	n/a	D255
284.5520000000	n/a	n/a	STATUS	n/a	n/a	DI34
284.6040000000	n/a	n/a	STATUS	n/a	n/a	D255
284.8600000000	n/a	n/a	STATUS	n/a	n/a	DIN5
284.9120000000	n/a	n/a	STATUS	n/a	n/a	D255
285.2400000000	n/a	n/a	STATUS	n/a	n/a	D100
285.2920000000	n/a	n/a	STATUS	n/a	n/a	D255
285.3280000000	n/a	n/a	STATUS	n/a	n/a	DI54
285.3800000000	n/a	n/a	STATUS	n/a	n/a	D255
285.7680000000	n/a	n/a	STATUS	n/a	n/a	DI34
285.8160000000	n/a	n/a	STATUS	n/a	n/a	D255
286.0760000000	n/a	n/a	STATUS	n/a	n/a	DIN5
286.1280000000	n/a	n/a	STATUS	n/a	n/a	D255
286.6320000000	n/a	n/a	STATUS	n/a	n/a	D194
286.6800000000	n/a	n/a	STATUS	n/a	n/a	D255
286.7200000000	n/a	n/a	STATUS	n/a	n/a	DI54
286.7680000000	n/a	n/a	STATUS	n/a	n/a	D255
287.0400000000	n/a	n/a	STATUS	n/a	n/a	DI34
287.0920000000	n/a	n/a	STATUS	n/a	n/a	D255
287.3520000000	n/a	n/a	STATUS	n/a	n/a	DIN5
287.4000000000	n/a	n/a	STATUS	n/a	n/a	D255
287.8080000000	n/a	n/a	STATUS	n/a	n/a	DI81
287.8600000000	n/a	n/a	STATUS	n/a	n/a	D255
287.8960000000	n/a	n/a	STATUS	n/a	n/a	DI54
287.9480000000	n/a	n/a	STATUS	n/a	n/a	D255
288.2240000000	n/a	n/a	STATUS	n/a	n/a	DI34
288.2760000000	n/a	n/a	STATUS	n/a	n/a	D255
288.5320000000	n/a	n/a	STATUS	n/a	n/a	DIN5
288.5840000000	n/a	n/a	STATUS	n/a	n/a	D255
289.0320000000	n/a	n/a	STATUS	n/a	n/a	D252
289.0840000000	n/a	n/a	STATUS	n/a	n/a	D255
289.1200000000	n/a	n/a	STATUS	n/a	n/a	DI54
289.1720000000	n/a	n/a	STATUS	n/a	n/a	D255
289.4840000000	n/a	n/a	STATUS	n/a	n/a	DI34
289.5320000000	n/a	n/a	STATUS	n/a	n/a	D255
289.7920000000	n/a	n/a	STATUS	n/a	n/a	DIN5
289.8440000000	n/a	n/a	STATUS	n/a	n/a	D255
290.1640000000	n/a	n/a	STATUS	n/a	n/a	DI83
290.2120000000	n/a	n/a	STATUS	n/a	n/a	D255
290.2520000000	n/a	n/a	STATUS	n/a	n/a	DI51
290.3000000000	n/a	n/a	STATUS	n/a	n/a	D255
290.5400000000	n/a	n/a	STATUS	n/a	n/a	DI21
290.5880000000	n/a	n/a	STATUS	n/a	n/a	D255
290.5920000000	n/a	n/a	STATUS	n/a	n/a	DIN4
290.6440000000	n/a	n/a	STATUS	n/a	n/a	D255
291.4000000000	n/a	n/a	STATUS	n/a	n/a	DIN5
291.4480000000	n/a	n/a	STATUS	n/a	n/a	D255
291.8720000000	n/a	n/a	STATUS	n/a	n/a	D176
291.9240000000	n/a	n/a	STATUS	n/a	n/a	D255
291.9600000000	n/a	n/a	STATUS	n/a	n/a	DI54
292.0120000000	n/a	n/a	STATUS	n/a	n/a	D255
292.2640000000	n/a	n/a	STATUS	n/a	n/a	DI34
292.3160000000	n/a	n/a	STATUS	n/a	n/a	D255
292.5760000000	n/a	n/a	STATUS	n/a	n/a	DIN5
292.6240000000	n/a	n/a	STATUS	n/a	n/a	D255
293.1280000000	n/a	n/a	STATUS	n/a	n/a	DI79
293.1800000000	n/a	n/a	STATUS	n/a	n/a	D255
293.2160000000	n/a	n/a	STATUS	n/a	n/a	DI51
293.2680000000	n/a	n/a	STATUS	n/a	n/a	D255
293.4960000000	n/a	n/a	STATUS	n/a	n/a	DI21
293.5440000000	n/a	n/a	STATUS	n/a	n/a	D255
293.5520000000	n/a	n/a	STATUS	n/a	n/a	DIN4
293.6000000000	n/a	n/a	STATUS	n/a	n/a	D255
294.3560000000	n/a	n/a	STATUS	n/a	n/a	DIN5
294.4040000000	n/a	n/a	STATUS	n/a	n/a	D255
294.7840000000	n/a	n/a	STATUS	n/a	n/a	D241
294.8360000000	n/a	n/a	STATUS	n/a	n/a	D255
294.8720000000	n/a	n/a	STATUS	n/a	n/a	DI54
294.9240000000	n/a	n/a	STATUS	n/a	n/a	D255
295.2240000000	n/a	n/a	STATUS	n/a	n/a	DI34
295.2720000000	n/a	n/a	STATUS	n/a	n/a	D255
295.5320000000	n/a	n/a	STATUS	n/a	n/a	DIN5
295.5840000000	n/a	n/a	STATUS	n/a	n/a	D255
295.9120000000	n/a	n/a	STATUS	n/a	n/a	D161
295.9600000000	n/a	n/a	STATUS	n/a	n/a	D255
296.0000000000	n/a	n/a	STATUS	n/a	n/a	DI54
296.0480000000	n/a	n/a	STATUS	n/a	n/a	D255
296.3360000000	n/a	n/a	STATUS	n/a	n/a	DI34
296.3840000000	n/a	n/a	STATUS	n/a	n/a	D255
296.3840000000	n/a	n/a	STATUS	n/a	n/a	D227
296.6440000000	n/a	n/a	STATUS	n/a	n/a	DIN5
296.6960000000	n/a	n/a	STATUS	n/a	n/a	D255
297.1880000000	n/a	n/a	STATUS	n/a	n/a	DI95
297.2400000000	n/a	n/a	STATUS	n/a	n/a	D255
297.2760000000	n/a	n/a	STATUS	n/a	n/a	DI51
297.3280000000	n/a	n/a	STATUS	n/a	n/a	D255
297.7880000000	n/a	n/a	STATUS	n/a	n/a	DI31
297.8360000000	n/a	n/a	STATUS	n/a	n/a	D255
298.0960000000	n/a	n/a	STATUS	n/a	n/a	DIN5
298.1480000000	n/a	n/a	STATUS	n/a	n/a	D255
298.5600000000	n/a	n/a	STATUS	n/a	n/a	D155
298.6120000000	n/a	n/a	STATUS	n/a	n/a	D255
298.6480000000	n/a	n/a	STATUS	n/a	n/a	DI52
298.6960000000	n/a	n/a	STATUS	n/a	n/a	D255
299.1360000000	n/a	n/a	STATUS	n/a	n/a	DI42
299.1880000000	n/a	n/a	STATUS	n/a	n/a	D255
299.4440000000	n/a	n/a	STATUS	n/a	n/a	DIN5
299.4960000000	n/a	n/a	STATUS	n/a	n/a	D255
299.9760000000	n/a	n/a	STATUS	n/a	n/a	D215
300.0240000000	n/a	n/a	STATUS	n/a	n/a	D255
300.0640000000	n/a	n/a	STATUS	n/a	n/a	DI51
300.1120000000	n/a	n/a	STATUS	n/a	n/a	D255
300.4680000000	n/a	n/a	STATUS	n/a	n/a	DI31
300.5160000000	n/a	n/a	STATUS	n/a	n/a	D255
300.7760000000	n/a	n/a	STATUS	n/a	n/a	DIN5
300.8280000000	n/a	n/a	STATUS	n/a	n/a	D255
301.1600000000	n/a	n/a	STATUS	n/a	n/a	D137
301.2120000000	n/a	n/a	STATUS	n/a	n/a	D255
301.2480000000	n/a	n/a	STATUS	n/a	n/a	DI52
301.3000000000	n/a	n/a	STATUS	n/a	n/a	D255
301.6240000000	n/a	n/a	STATUS	n/a	n/a	DI42
301.6760000000	n/a	n/a	STATUS	n/a	n/a	D255
301.9360000000	n/a	n/a	STATUS	n/a	n/a	DIN5
301.9840000000	n/a	n/a	STATUS	n/a	n/a	D255
302.3480000000	n/a	n/a	STATUS	n/a	n/a	D186
302.4000000000	n/a	n/a	STATUS	n/a	n/a	D255
302.4360000000	n/a	n/a	STATUS	n/a	n/a	DI54
302.4880000000	n/a	n/a	STATUS	n/a	n/a	D255
302.7560000000	n/a	n/a	STATUS	n/a	n/a	DI34
302.8080000000	n/a	n/a	STATUS	n/a	n/a	D255
303.0640000000	n/a	n/a	STATUS	n/a	n/a	DIN5
303.1160000000	n/a	n/a	STATUS	n/a	n/a	D255
303.5200000000	n/a	n/a	STATUS	n/a	n/a	D173
303.5720000000	n/a	n/a	STATUS	n/a	n/a	D255
303.6080000000	n/a	n/a	STATUS	n/a	n/a	DI54
303.6560000000	n/a	n/a	STATUS	n/a	n/a	D255
303.9720000000	n/a	n/a	STATUS	n/a	n/a	DI34
304.0240000000	n/a	n/a	STATUS	n/a	n/a	D255
304.2840000000	n/a	n/a	STATUS	n/a	n/a	DIN5
304.3320000000	n/a	n/a	STATUS	n/a	n/a	D255
304.7840000000	n/a	n/a	STATUS	n/a	n/a	DI94
304.8320000000	n/a	n/a	STATUS	n/a	n/a	D255
304.8720000000	n/a	n/a	STATUS	n/a	n/a	DI51
304.9200000000	n/a	n/a	STATUS	n/a	n/a	D255
305.1680000000	n/a	n/a	STATUS	n/a	n/a	DI21
305.2160000000	n/a	n/a	STATUS	n/a	n/a	D255
305.2200000000	n/a	n/a	STATUS	n/a	n/a	DIN4
305.2720000000	n/a	n/a	STATUS	n/a	n/a	D255
306.0280000000	n/a	n/a	STATUS	n/a	n/a	DIN5
306.0760000000	n/a	n/a	STATUS	n/a	n/a	D255
306.4360000000	n/a	n/a	STATUS	n/a	n/a	D181
306.4880000000	n/a	n/a	STATUS	n/a	n/a	D255
306.5240000000	n/a	n/a	STATUS	n/a	n/a	DI51
306.5760000000	n/a	n/a	STATUS	n/a	n/a	D255
307.0160000000	n/a	n/a	STATUS	n/a	n/a	DI31
307.0680000000	n/a	n/a	STATUS	n/a	n/a	D255
307.3240000000	n/a	n/a	STATUS	n/a	n/a	DIN5
307.3760000000	n/a	n/a	STATUS	n/a	n/a	D255
307.7320000000	n/a	n/a	STATUS	n/a	n/a	D192
307.7800000000	n/a	n/a	STATUS	n/a	n/a	D255
307.8200000000	n/a	n/a	STATUS	n/a	n/a	DI53
307.8680000000	n/a	n/a	STATUS	n/a	n/a	D255
308.3680000000	n/a	n/a	STATUS	n/a	n/a	DI43
308.4160000000	n/a	n/a	STATUS	n/a	n/a	D255
308.6760000000	n/a	n/a	STATUS	n/a	n/a	DIN5
308.7240000000	n/a	n/a	STATUS	n/a	n/a	D255
309.2320000000	n/a	n/a	STATUS	n/a	n/a	D228
309.2800000000	n/a	n/a	STATUS	n/a	n/a	D255
309.3200000000	n/a	n/a	STATUS	n/a	n/a	DI54
309.3680000000	n/a	n/a	STATUS	n/a	n/a	D255
309.6840000000	n/a	n/a	STATUS	n/a	n/a	DI34
309.7320000000	n/a	n/a	STATUS	n/a	n/a	D255
309.9920000000	n/a	n/a	STATUS	n/a	n/a	DIN5
310.0440000000	n/a	n/a	STATUS	n/a	n/a	D255
310.3760000000	n/a	n/a	STATUS	n/a	n/a	D140
310.4280000000	n/a	n/a	STATUS	n/a	n/a	D255
310.4640000000	n/a	n/a	STATUS	n/a	n/a	DI52
310.5160000000	n/a	n/a	STATUS	n/a	n/a	D255
311.0480000000	n/a	n/a	STATUS	n/a	n/a	DI42
311.1000000000	n/a	n/a	STATUS	n/a	n/a	D255
311.3560000000	n/a	n/a	STATUS	n/a	n/a	DIN5
311.4080000000	n/a	n/a	STATUS	n/a	n/a	D255
311.8840000000	n/a	n/a	STATUS	n/a	n/a	D147
311.9320000000	n/a	n/a	STATUS	n/a	n/a	D255
311.9720000000	n/a	n/a	STATUS	n/a	n/a	DI54
312.0200000000	n/a	n/a	STATUS	n/a	n/a	D255
312.1440000000	n/a	n/a	STATUS	n/a	n/a	DI34
312.1960000000	n/a	n/a	STATUS	n/a	n/a	D255
312.4520000000	n/a	n/a	STATUS	n/a	n/a	DIN5
312.5040000000	n/a	n/a	STATUS	n/a	n/a	D255
312.8680000000	n/a	n/a	STATUS	n/a	n/a	DI65
312.9200000000	n/a	n/a	STATUS	n/a	n/a	D255
312.9560000000	n/a	n/a	STATUS	n/a	n/a	DI54
313.0080000000	n/a	n/a	STATUS	n/a	n/a	D255
313.3480000000	n/a	n/a	STATUS	n/a	n/a	DI34
313.3960000000	n/a	n/a	STATUS	n/a	n/a	D255
313.6560000000	n/a	n/a	STATUS	n/a	n/a	DIN5
313.7080000000	n/a	n/a	STATUS	n/a	n/a	D255
314.1480000000	n/a	n/a	STATUS	n/a	n/a	D107
314.1960000000	n/a	n/a	STATUS	n/a	n/a	D255
314.2320000000	n/a	n/a	STATUS	n/a	n/a	DI54
314.2840000000	n/a	n/a	STATUS	n/a	n/a	D255
314.5520000000	n/a	n/a	STATUS	n/a	n/a	DI34
314.6040000000	n/a	n/a	STATUS	n/a	n/a	D255
314.8640000000	n/a	n/a	STATUS	n/a	n/a	DIN5
314.9120000000	n/a	n/a	STATUS	n/a	n/a	D255
315.2880000000	n/a	n/a	STATUS	n/a	n/a	D180
315.3400000000	n/a	n/a	STATUS	n/a	n/a	D255
315.3760000000	n/a	n/a	STATUS	n/a	n/a	DI52
315.4280000000	n/a	n/a	STATUS	n/a	n/a	D255
315.7720000000	n/a	n/a	STATUS	n/a	n/a	DI42
315.8240000000	n/a	n/a	STATUS	n/a	n/a	D255
316.0840000000	n/a	n/a	STATUS	n/a	n/a	DIN5
316.1320000000	n/a	n/a	STATUS	n/a	n/a	D255
316.5680000000	n/a	n/a	STATUS	n/a	n/a	D160
316.6160000000	n/a	n/a	STATUS	n/a	n/a	D255
316.6560000000	n/a	n/a	STATUS	n/a	n/a	DI54
316.7040000000	n/a	n/a	STATUS	n/a	n/a	D255
316.9800000000	n/a	n/a	STATUS	n/a	n/a	DI34
317.0320000000	n/a	n/a	STATUS	n/a	n/a	D255
317.2920000000	n/a	n/a	STATUS	n/a	n/a	DIN5
317.3400000000	n/a	n/a	STATUS	n/a	n/a	D255
317.7920000000	n/a	n/a	STATUS	n/a	n/a	DI66
317.8400000000	n/a	n/a	STATUS	n/a	n/a	D255
317.8800000000	n/a	n/a	STATUS	n/a	n/a	DI51
317.9280000000	n/a	n/a	STATUS	n/a	n/a	D255
318.2600000000	n/a	n/a	STATUS	n/a	n/a	DI31
318.3120000000	n/a	n/a	STATUS	n/a	n/a	D255
318.5680000000	n/a	n/a	STATUS	n/a	n/a	DIN5
318.6200000000	n/a	n/a	STATUS	n/a	n/a	D255
319.0880000000	n/a	n/a	STATUS	n/a	n/a	D201
319.1400000000	n/a	n/a	STATUS	n/a	n/a	D255
319.1760000000	n/a	n/a	STATUS	n/a	n/a	DI51
319.2280000000	n/a	n/a	STATUS	n/a	n/a	D255
320.2440000000	n/a	n/a	STATUS	n/a	n/a	DIN3
320.2960000000	n/a	n/a	STATUS	n/a	n/a	D255
321.0480000000	n/a	n/a	STATUS	n/a	n/a	DIN5
321.1000000000	n/a	n/a	STATUS	n/a	n/a	D255
321.5600000000	n/a	n/a	STATUS	n/a	n/a	D250
321.6080000000	n/a	n/a	STATUS	n/a	n/a	D255
321.6480000000	n/a	n/a	STATUS	n/a	n/a	DI52
321.7000000000	n/a	n/a	STATUS	n/a	n/a	D255
321.9600000000	n/a	n/a	STATUS	n/a	n/a	DI12
322.0120000000	n/a	n/a	STATUS	n/a	n/a	D255
322.0160000000	n/a	n/a	STATUS	n/a	n/a	DIN4
322.0640000000	n/a	n/a	STATUS	n/a	n/a	D231
322.0680000000	n/a	n/a	STATUS	n/a	n/a	D255
322.8200000000	n/a	n/a	STATUS	n/a	n/a	DIN5
322.8720000000	n/a	n/a	STATUS	n/a	n/a	D255
323.2280000000	n/a	n/a	STATUS	n/a	n/a	D142
323.2760000000	n/a	n/a	STATUS	n/a	n/a	D255
323.3120000000	n/a	n/a	STATUS	n/a	n/a	DI51
323.3640000000	n/a	n/a	STATUS	n/a	n/a	D255
323.7560000000	n/a	n/a	STATUS	n/a	n/a	DI31
323.8080000000	n/a	n/a	STATUS	n/a	n/a	D255
324.0680000000	n/a	n/a	STATUS	n/a	n/a	DIN5
324.1160000000	n/a	n/a	STATUS	n/a	n/a	D255
324.5320000000	n/a	n/a	STATUS	n/a	n/a	DI67
324.5800000000	n/a	n/a	STATUS	n/a	n/a	D255
324.6160000000	n/a	n/a	STATUS	n/a	n/a	DI51
324.6680000000	n/a	n/a	STATUS	n/a	n/a	D255
325.0640000000	n/a	n/a	STATUS	n/a	n/a	DI31
325.1120000000	n/a	n/a	STATUS	n/a	n/a	D255
325.3720000000	n/a	n/a	STATUS	n/a	n/a	DIN5
325.4240000000	n/a	n/a	STATUS	n/a	n/a	D255
325.7600000000	n/a	n/a	STATUS	n/a	n/a	D243
325.8080000000	n/a	n/a	STATUS	n/a	n/a	D255
325.8480000000	n/a	n/a	STATUS	n/a	n/a	DI54
325.8960000000	n/a	n/a	STATUS	n/a	n/a	D255
326.1600000000	n/a	n/a	STATUS	n/a	n/a	DI34
326.2120000000	n/a	n/a	STATUS	n/a	n/a	D255
326.4720000000	n/a	n/a	STATUS	n/a	n/a	DIN5
326.5200000000	n/a	n/a	STATUS	n/a	n/a	D255
326.9320000000	n/a	n/a	STATUS	n/a	n/a	D158
326.9800000000	n/a	n/a	STATUS	n/a	n/a	D255
327.0200000000	n/a	n/a	STATUS	n/a	n/a	DI52
327.0680000000	n/a	n/a	STATUS	n/a	n/a	D255
327.4400000000	n/a	n/a	STATUS	n/a	n/a	DI42
327.4880000000	n/a	n/a	STATUS	n/a	n/a	D255
327.7480000000	n/a	n/a	STATUS	n/a	n/a	DIN5
327.8000000000	n/a	n/a	STATUS	n/a	n/a	D255
328.2640000000	n/a	n/a	STATUS	n/a	n/a	D246
328.3120000000	n/a	n/a	STATUS	n/a	n/a	D255
328.3520000000	n/a	n/a	STATUS	n/a	n/a	DI51
328.4000000000	n/a	n/a	STATUS	n/a	n/a	D255
328.7760000000	n/a	n/a	STATUS	n/a	n/a	DI31
328.8280000000	n/a	n/a	STATUS	n/a	n/a	D255
329.0880000000	n/a	n/a	STATUS	n/a	n/a	DIN5
329.1360000000	n/a	n/a	STATUS	n/a	n/a	D255
329.4800000000	n/a	n/a	STATUS	n/a	n/a	D198
329.5320000000	n/a	n/a	STATUS	n/a	n/a	D255
329.5680000000	n/a	n/a	STATUS	n/a	n/a	DI54
329.6200000000	n/a	n/a	STATUS	n/a	n/a	D255
329.9040000000	n/a	n/a	STATUS	n/a	n/a	DI34
329.9560000000	n/a	n/a	STATUS	n/a	n/a	D255
330.2160000000	n/a	n/a	STATUS	n/a	n/a	DIN5
330.2640000000	n/a	n/a	STATUS	n/a	n/a	D255
330.6840000000	n/a	n/a	STATUS	n/a	n/a	D167
330.7360000000	n/a	n/a	STATUS	n/a	n/a	D255
330.7720000000	n/a	n/a	STATUS	n/a	n/a	DI54
330.8240000000	n/a	n/a	STATUS	n/a	n/a	D255
331.1280000000	n/a	n/a	STATUS	n/a	n/a	DI34
331.1800000000	n/a	n/a	STATUS	n/a	n/a	D255
331.4400000000	n/a	n/a	STATUS	n/a	n/a	DIN5
331.4880000000	n/a	n/a	STATUS	n/a	n/a	D255
331.8160000000	n/a	n/a	STATUS	n/a	n/a	D217
331.8640000000	n/a	n/a	STATUS	n/a	n/a	D255
331.9040000000	n/a	n/a	STATUS	n/a	n/a	DI53
331.9520000000	n/a	n/a	STATUS	n/a	n/a	D255
332.3400000000	n/a	n/a	STATUS	n/a	n/a	DI43
332.3920000000	n/a	n/a	STATUS	n/a	n/a	D255
332.6520000000	n/a	n/a	STATUS	n/a	n/a	DIN5
332.7000000000	n/a	n/a	STATUS	n/a	n/a	D255
333.1440000000	n/a	n/a	STATUS	n/a	n/a	D115
333.1960000000	n/a	n/a	STATUS	n/a	n/a	D255
333.2320000000	n/a	n/a	STATUS	n/a	n/a	DI53
333.2840000000	n/a	n/a	STATUS	n/a	n/a	D255
333.6240000000	n/a	n/a	STATUS	n/a	n/a	DI43
333.6720000000	n/a	n/a	STATUS	n/a	n/a	D255
333.9320000000	n/a	n/a	STATUS	n/a	n/a	DIN5
333.9840000000	n/a	n/a	STATUS	n/a	n/a	D255
334.3720000000	n/a	n/a	STATUS	n/a	n/a	D114
334.4240000000	n/a	n/a	STATUS	n/a	n/a	D255
334.4600000000	n/a	n/a	STATUS	n/a	n/a	DI53
334.5080000000	n/a	n/a	STATUS	n/a	n/a	D255
334.7960000000	n/a	n/a	STATUS	n/a	n/a	DI43
334.8480000000	n/a	n/a	STATUS	n/a	n/a	D255
335.1080000000	n/a	n/a	STATUS	n/a	n/a	DIN5
335.1560000000	n/a	n/a	STATUS	n/a	n/a	D255
335.6480000000	n/a	n/a	STATUS	n/a	n/a	D218
335.6960000000	n/a	n/a	STATUS	n/a	n/a	D255
335.7360000000	n/a	n/a	STATUS	n/a	n/a	DI54
335.7840000000	n/a	n/a	STATUS	n/a	n/a	D255
336.1840000000	n/a	n/a	STATUS	n/a	n/a	DI34
336.2320000000	n/a	n/a	STATUS	n/a	n/a	D255
336.4920000000	n/a	n/a	STATUS	n/a	n/a	DIN5
336.5440000000	n/a	n/a	STATUS	n/a	n/a	D255
336.8880000000	n/a	n/a	STATUS	n/a	n/a	D200
336.9400000000	n/a	n/a	STATUS	n/a	n/a	D255
336.9760000000	n/a	n/a	STATUS	n/a	n/a	DI52
337.0280000000	n/a	n/a	STATUS	n/a	n/a	D255
337.4040000000	n/a	n/a	STATUS	n/a	n/a	DI42
337.4560000000	n/a	n/a	STATUS	n/a	n/a	D255
337.7160000000	n/a	n/a	STATUS	n/a	n/a	DIN5
337.7640000000	n/a	n/a	STATUS	n/a	n/a	D255
338.1600000000	n/a	n/a	STATUS	n/a	n/a	D172
338.2080000000	n/a	n/a	STATUS	n/a	n/a	D255
338.2480000000	n/a	n/a	STATUS	n/a	n/a	DI52
338.2960000000	n/a	n/a	STATUS	n/a	n/a	D255
338.6680000000	n/a	n/a	STATUS	n/a	n/a	DI42
338.7200000000	n/a	n/a	STATUS	n/a	n/a	D255
338.9800000000	n/a	n/a	STATUS	n/a	n/a	DIN5
339.0280000000	n/a	n/a	STATUS	n/a	n/a	D255
339.5080000000	n/a	n/a	STATUS	n/a	n/a	DI87
339.5560000000	n/a	n/a	STATUS	n/a	n/a	D255
339.5920000000	n/a	n/a	STATUS	n/a	n/a	DI53
339.6440000000	n/a	n/a	STATUS	n/a	n/a	D255
339.9360000000	n/a	n/a	STATUS	n/a	n/a	DI43
339.9840000000	n/a	n/a	STATUS	n/a	n/a	D255
340.2440000000	n/a	n/a	STATUS	n/a	n/a	DIN5
340.2960000000	n/a	n/a	STATUS	n/a	n/a	D255
340.6720000000	n/a	n/a	STATUS	n/a	n/a	D174
340.7240000000	n/a	n/a	STATUS	n/a	n/a	D255
340.7600000000	n/a	n/a	STATUS	n/a	n/a	DI52
340.8120000000	n/a	n/a	STATUS	n/a	n/a	D255
341.2520000000	n/a	n/a	STATUS	n/a	n/a	DI42
341.3040000000	n/a	n/a	STATUS	n/a	n/a	D255
341.3040000000	n/a	n/a	STATUS	n/a	n/a	D235
341.5600000000	n/a	n/a	STATUS	n/a	n/a	DIN5
341.6120000000	n/a	n/a	STATUS	n/a	n/a	D255
342.1160000000	n/a	n/a	STATUS	n/a	n/a	D212
342.1680000000	n/a	n/a	STATUS	n/a	n/a	D255
342.2040000000	n/a	n/a	STATUS	n/a	n/a	DI51
342.2560000000	n/a	n/a	STATUS	n/a	n/a	D255
342.5080000000	n/a	n/a	STATUS	n/a	n/a	DI21
342.5560000000	n/a	n/a	STATUS	n/a	n/a	D255
342.5600000000	n/a	n/a	STATUS	n/a	n/a	DIN4
342.6120000000	n/a	n/a	STATUS	n/a	n/a	D255
343.3640000000	n/a	n/a	STATUS	n/a	n/a	DIN5
343.4160000000	n/a	n/a	STATUS	n/a	n/a	D255
343.8400000000	n/a	n/a	STATUS	n/a	n/a	D237
343.8880000000	n/a	n/a	STATUS	n/a	n/a	D255
343.9280000000	n/a	n/a	STATUS	n/a	n/a	DI52
343.9800000000	n/a	n/a	STATUS	n/a	n/a	D255
344.3280000000	n/a	n/a	STATUS	n/a	n/a	DI42
344.3800000000	n/a	n/a	STATUS	n/a	n/a	D255
344.6400000000	n/a	n/a	STATUS	n/a	n/a	DIN5
344.6880000000	n/a	n/a	STATUS	n/a	n/a	D255
345.1320000000	n/a	n/a	STATUS	n/a	n/a	D196
345.1840000000	n/a	n/a	STATUS	n/a	n/a	D255
345.2200000000	n/a	n/a	STATUS	n/a	n/a	DI53
345.2720000000	n/a	n/a	STATUS	n/a	n/a	D255
345.4960000000	n/a	n/a	STATUS	n/a	n/a	DI43
345.5480000000	n/a	n/a	STATUS	n/a	n/a	D255
345.8040000000	n/a	n/a	STATUS	n/a	n/a	DIN5
345.8560000000	n/a	n/a	STATUS	n/a	n/a	D255
346.2240000000	n/a	n/a	STATUS	n/a	n/a	D202
346.2760000000	n/a	n/a	STATUS	n/a	n/a	D255
346.2760000000	n/a	n/a	STATUS	n/a	n/a	D251
346.3120000000	n/a	n/a	STATUS	n/a	n/a	DI53
346.3640000000	n/a	n/a	STATUS	n/a	n/a	D255
346.6200000000	n/a	n/a	STATUS	n/a	n/a	DI43
346.6680000000	n/a	n/a	STATUS	n/a	n/a	D255
346.9280000000	n/a	n/a	STATUS	n/a	n/a	DIN5
346.9800000000	n/a	n/a	STATUS	n/a	n/a	D255
347.4720000000	n/a	n/a	STATUS	n/a	n/a	D225
347.5240000000	n/a	n/a	STATUS	n/a	n/a	D255
347.5600000000	n/a	n/a	STATUS	n/a	n/a	DI51
347.6120000000	n/a	n/a	STATUS	n/a	n/a	D255
348.0040000000	n/a	n/a	STATUS	n/a	n/a	DI31
348.0520000000	n/a	n/a	STATUS	n/a	n/a	D255
348.3120000000	n/a	n/a	STATUS	n/a	n/a	DIN5
348.3640000000	n/a	n/a	STATUS	n/a	n/a	D255
348.7560000000	n/a	n/a	STATUS	n/a	n/a	DI74
348.8080000000	n/a	n/a	STATUS	n/a	n/a	D255
348.8440000000	n/a	n/a	STATUS	n/a	n/a	DI54
348.8960000000	n/a	n/a	STATUS	n/a	n/a	D255
349.1600000000	n/a	n/a	STATUS	n/a	n/a	DI34
349.2120000000	n/a	n/a	STATUS	n/a	n/a	D255
349.4720000000	n/a	n/a	STATUS	n/a	n/a	DIN5
349.5200000000	n/a	n/a	STATUS	n/a	n/a	D255
349.8520000000	n/a	n/a	STATUS	n/a	n/a	DI75
349.9000000000	n/a	n/a	STATUS	n/a	n/a	D255
349.9360000000	n/a	n/a	STATUS	n/a	n/a	DI53
349.9880000000	n/a	n/a	STATUS	n/a	n/a	D255
350.2440000000	n/a	n/a	STATUS	n/a	n/a	DI43
350.2920000000	n/a	n/a	STATUS	n/a	n/a	D255
350.5520000000	n/a	n/a	STATUS	n/a	n/a	DIN5
350.6040000000	n/a	n/a	STATUS	n/a	n/a	D255
350.9240000000	n/a	n/a	STATUS	n/a	n/a	D150
350.9720000000	n/a	n/a	STATUS	n/a	n/a	D255
351.0120000000	n/a	n/a	STATUS	n/a	n/a	DI52
351.0600000000	n/a	n/a	STATUS	n/a	n/a	D255
351.4240000000	n/a	n/a	STATUS	n/a	n/a	DI42
351.4720000000	n/a	n/a	STATUS	n/a	n/a	D255
351.7320000000	n/a	n/a	STATUS	n/a	n/a	DIN5
351.7840000000	n/a	n/a	STATUS	n/a	n/a	D255
352.1680000000	n/a	n/a	STATUS	n/a	n/a	D188
352.2160000000	n/a	n/a	STATUS	n/a	n/a	D255
352.2560000000	n/a	n/a	STATUS	n/a	n/a	DI52
352.3040000000	n/a	n/a	STATUS	n/a	n/a	D255
352.6520000000	n/a	n/a	STATUS	n/a	n/a	DI42
352.7040000000	n/a	n/a	STATUS	n/a	n/a	D255
352.7040000000	n/a	n/a	STATUS	n/a	n/a	D235
352.9640000000	n/a	n/a	STATUS	n/a	n/a	DIN5
353.0120000000	n/a	n/a	STATUS	n/a	n/a	D255
353.5160000000	n/a	n/a	STATUS	n/a	n/a	D103
353.5680000000	n/a	n/a	STATUS	n/a	n/a	D255
353.6040000000	n/a	n/a	STATUS	n/a	n/a	DI51
353.6560000000	n/a	n/a	STATUS	n/a	n/a	D255
353.9200000000	n/a	n/a	STATUS	n/a	n/a	DI21
353.9680000000	n/a	n/a	STATUS	n/a	n/a	D255
353.9720000000	n/a	n/a	STATUS	n/a	n/a	DIN4
354.0240000000	n/a	n/a	STATUS	n/a	n/a	D255
354.7800000000	n/a	n/a	STATUS	n/a	n/a	DIN5
354.8280000000	n/a	n/a	STATUS	n/a	n/a	D255
354.8280000000	n/a	n/a	STATUS	n/a	n/a	D239
355.2480000000	n/a	n/a	STATUS	n/a	n/a	D128
355.3000000000	n/a	n/a	STATUS	n/a	n/a	D255
355.3360000000	n/a	n/a	STATUS	n/a	n/a	DI52
355.3840000000	n/a	n/a	STATUS	n/a	n/a	D255
355.9120000000	n/a	n/a	STATUS	n/a	n/a	DI42
355.9640000000	n/a	n/a	STATUS	n/a	n/a	D255
356.2200000000	n/a	n/a	STATUS	n/a	n/a	DIN5
356.2720000000	n/a	n/a	STATUS	n/a	n/a	D255
356.5920000000	n/a	n/a	STATUS	n/a	n/a	D122
356.6400000000	n/a	n/a	STATUS	n/a	n/a	D255
356.6800000000	n/a	n/a	STATUS	n/a	n/a	DI53
356.7280000000	n/a	n/a	STATUS	n/a	n/a	D255
357.0120000000	n/a	n/a	STATUS	n/a	n/a	DI43
357.0600000000	n/a	n/a	STATUS	n/a	n/a	D255
357.3200000000	n/a	n/a	STATUS	n/a	n/a	DIN5
357.3680000000	n/a	n/a	STATUS	n/a	n/a	D255
357.8480000000	n/a	n/a	STATUS	n/a	n/a	DI97
357.9000000000	n/a	n/a	STATUS	n/a	n/a	D255
357.9360000000	n/a	n/a	STATUS	n/a	n/a	DI53
357.9880000000	n/a	n/a	STATUS	n/a	n/a	D255
358.2800000000	n/a	n/a	STATUS	n/a	n/a	DI43
358.3280000000	n/a	n/a	STATUS	n/a	n/a	D255
358.5880000000	n/a	n/a	STATUS	n/a	n/a	DIN5
358.6360000000	n/a	n/a	STATUS	n/a	n/a	D255
359.1240000000	n/a	n/a	STATUS	n/a	n/a	D254
359.1720000000	n/a	n/a	STATUS	n/a	n/a	D255
359.2080000000	n/a	n/a	STATUS	n/a	n/a	DI54
359.2600000000	n/a	n/a	STATUS	n/a	n/a	D255
359.7440000000	n/a	n/a	STATUS	n/a	n/a	DI34
359.7960000000	n/a	n/a	STATUS	n/a	n/a	D255
360.0520000000	n/a	n/a	STATUS	n/a	n/a	DIN5
360.1040000000	n/a	n/a	STATUS	n/a	n/a	D255
360.5200000000	n/a	n/a	STATUS	n/a	n/a	D251
360.5680000000	n/a	n/a	STATUS	n/a	n/a	D255
360.6040000000	n/a	n/a	STATUS	n/a	n/a	DI52
360.6560000000	n/a	n/a	STATUS	n/a	n/a	D255
360.9840000000	n/a	n/a	STATUS	n/a	n/a	DI12
361.0360000000	n/a	n/a	STATUS	n/a	n/a	D255
361.0400000000	n/a	n/a	STATUS	n/a	n/a	DIN4
361.0880000000	n/a	n/a	STATUS	n/a	n/a	D255
361.8440000000	n/a	n/a	STATUS	n/a	n/a	DIN5
361.8960000000	n/a	n/a	STATUS	n/a	n/a	D255
362.3280000000	n/a	n/a	STATUS	n/a	n/a	D127
362.3800000000	n/a	n/a	STATUS	n/a	n/a	D255
362.4160000000	n/a	n/a	STATUS	n/a	n/a	DI53
362.4640000000	n/a	n/a	STATUS	n/a	n/a	D255
362.7720000000	n/a	n/a	STATUS	n/a	n/a	DI43
362.8200000000	n/a	n/a	STATUS	n/a	n/a	D255
363.0800000000	n/a	n/a	STATUS	n/a	n/a	DIN5
363.1320000000	n/a	n/a	STATUS	n/a	n/a	D255
363.5600000000	n/a	n/a	STATUS	n/a	n/a	D113
363.6120000000	n/a	n/a	STATUS	n/a	n/a	D255
363.6480000000	n/a	n/a	STATUS	n/a	n/a	DI53
363.7000000000	n/a	n/a	STATUS	n/a	n/a	D255
363.9800000000	n/a	n/a	STATUS	n/a	n/a	DI43
364.0280000000	n/a	n/a	STATUS	n/a	n/a	D255
364.2880000000	n/a	n/a	STATUS	n/a	n/a	DIN5
364.3400000000	n/a	n/a	STATUS	n/a	n/a	D255
364.8120000000	n/a	n/a	STATUS	n/a	n/a	D221
364.8640000000	n/a	n/a	STATUS	n/a	n/a	D255
364.9000000000	n/a	n/a	STATUS	n/a	n/a	DI52
364.9520000000	n/a	n/a	STATUS	n/a	n/a	D255
365.3240000000	n/a	n/a	STATUS	n/a	n/a	DI42
365.3720000000	n/a	n/a	STATUS	n/a	n/a	D255
365.6320000000	n/a	n/a	STATUS	n/a	n/a	DIN5
365.6800000000	n/a	n/a	STATUS	n/a	n/a	D255
366.0920000000	n/a	n/a	STATUS	n/a	n/a	DI96
366.1400000000	n/a	n/a	STATUS	n/a	n/a	D255
366.1800000000	n/a	n/a	STATUS	n/a	n/a	DI53
366.2280000000	n/a	n/a	STATUS	n/a	n/a	D255
366.5000000000	n/a	n/a	STATUS	n/a	n/a	DI43
366.5520000000	n/a	n/a	STATUS	n/a	n/a	D255
366.8120000000	n/a	n/a	STATUS	n/a	n/a	DIN5
366.8600000000	n/a	n/a	STATUS	n/a	n/a	D255
367.1920000000	n/a	n/a	STATUS	n/a	n/a	D170
367.2400000000	n/a	n/a	STATUS	n/a	n/a	D255
367.2800000000	n/a	n/a	STATUS	n/a	n/a	DI52
367.3280000000	n/a	n/a	STATUS	n/a	n/a	D255
367.7760000000	n/a	n/a	STATUS	n/a	n/a	DI42
367.8240000000	n/a	n/a	STATUS	n/a	n/a	D255
368.0840000000	n/a	n/a	STATUS	n/a	n/a	DIN5
368.1320000000	n/a	n/a	STATUS	n/a	n/a	D255
368.6000000000	n/a	n/a	STATUS	n/a	n/a	D187
368.6480000000	n/a	n/a	STATUS	n/a	n/a	D255
368.6880000000	n/a	n/a	STATUS	n/a	n/a	DI54
368.7360000000	n/a	n/a	STATUS	n/a	n/a	D255
369.0200000000	n/a	n/a	STATUS	n/a	n/a	DI34
369.0720000000	n/a	n/a	STATUS	n/a	n/a	D255
369.3320000000	n/a	n/a	STATUS	n/a	n/a	DIN5
369.3800000000	n/a	n/a	STATUS	n/a	n/a	D255
369.7160000000	n/a	n/a	STATUS	n/a	n/a	D121
369.7640000000	n/a	n/a	STATUS	n/a	n/a	D255
369.8040000000	n/a	n/a	STATUS	n/a	n/a	DI53
369.8520000000	n/a	n/a	STATUS	n/a	n/a	D255
370.0680000000	n/a	n/a	STATUS	n/a	n/a	DI43
370.1200000000	n/a	n/a	STATUS	n/a	n/a	D255
370.3760000000	n/a	n/a	STATUS	n/a	n/a	DIN5
370.4280000000	n/a	n/a	STATUS	n/a	n/a	D255
370.8960000000	n/a	n/a	STATUS	n/a	n/a	DI88
370.9480000000	n/a	n/a	STATUS	n/a	n/a	D255
370.9840000000	n/a	n/a	STATUS	n/a	n/a	DI52
371.0360000000	n/a	n/a	STATUS	n/a	n/a	D255
371.4200000000	n/a	n/a	STATUS	n/a	n/a	DI42
371.4720000000	n/a	n/a	STATUS	n/a	n/a	D255
371.7320000000	n/a	n/a	STATUS	n/a	n/a	DIN5
371.7800000000	n/a	n/a	STATUS	n/a	n/a	D255
372.1000000000	n/a	n/a	STATUS	n/a	n/a	D104
372.1520000000	n/a	n/a	STATUS	n/a	n/a	D255
372.1880000000	n/a	n/a	STATUS	n/a	n/a	DI53
372.2360000000	n/a	n/a	STATUS	n/a	n/a	D255
372.4800000000	n/a	n/a	STATUS	n/a	n/a	DI43
372.5320000000	n/a	n/a	STATUS	n/a	n/a	D255
372.7880000000	n/a	n/a	STATUS	n/a	n/a	DIN5
372.8400000000	n/a	n/a	STATUS	n/a	n/a	D255
373.1440000000	n/a	n/a	STATUS	n/a	n/a	D242
373.1920000000	n/a	n/a	STATUS	n/a	n/a	D255
373.2320000000	n/a	n/a	STATUS	n/a	n/a	DI53
373.2840000000	n/a	n/a	STATUS	n/a	n/a	D255
373.5800000000	n/a	n/a	STATUS	n/a	n/a	DI43
373.6280000000	n/a	n/a	STATUS	n/a	n/a	D255
373.8880000000	n/a	n/a	STATUS	n/a	n/a	DIN5
373.9400000000	n/a	n/a	STATUS	n/a	n/a	D255
374.3480000000	n/a	n/a	STATUS	n/a	n/a	DI91
374.4000000000	n/a	n/a	STATUS	n/a	n/a	D255
374.4360000000	n/a	n/a	STATUS	n/a	n/a	DI51
374.4880000000	n/a	n/a	STATUS	n/a	n/a	D255
374.8560000000	n/a	n/a	STATUS	n/a	n/a	DI31
374.9080000000	n/a	n/a	STATUS	n/a	n/a	D255
375.1640000000	n/a	n/a	STATUS	n/a	n/a	DIN5
375.2160000000	n/a	n/a	STATUS	n/a	n/a	D255
375.5440000000	n/a	n/a	STATUS	n/a	n/a	DI89
375.5960000000	n/a	n/a	STATUS	n/a	n/a	D255
375.6360000000	n/a	n/a	STATUS	n/a	n/a	DI53
375.6840000000	n/a	n/a	STATUS	n/a	n/a	D255
375.9640000000	n/a	n/a	STATUS	n/a	n/a	DI43
376.0120000000	n/a	n/a	STATUS	n/a	n/a	D255
376.2720000000	n/a	n/a	STATUS	n/a	n/a	DIN5
376.3240000000	n/a	n/a	STATUS	n/a	n/a	D255
376.7160000000	n/a	n/a	STATUS	n/a	n/a	D178
376.7680000000	n/a	n/a	STATUS	n/a	n/a	D255
376.8040000000	n/a	n/a	STATUS	n/a	n/a	DI51
376.8560000000	n/a	n/a	STATUS	n/a	n/a	D255
377.2240000000	n/a	n/a	STATUS	n/a	n/a	DI31
377.2720000000	n/a	n/a	STATUS	n/a	n/a	D255
377.5320000000	n/a	n/a	STATUS	n/a	n/a	DIN5
377.5840000000	n/a	n/a	STATUS	n/a	n/a	D255
377.9240000000	n/a	n/a	STATUS	n/a	n/a	DI85
377.9720000000	n/a	n/a	STATUS	n/a	n/a	D255
378.0120000000	n/a	n/a	STATUS	n/a	n/a	DI52
378.0600000000	n/a	n/a	STATUS	n/a	n/a	D255
378.4120000000	n/a	n/a	STATUS	n/a	n/a	DI42
378.4640000000	n/a	n/a	STATUS	n/a	n/a	D255
378.7240000000	n/a	n/a	STATUS	n/a	n/a	DIN5
378.7720000000	n/a	n/a	STATUS	n/a	n/a	D255
379.2200000000	n/a	n/a	STATUS	n/a	n/a	D179
379.2680000000	n/a	n/a	STATUS	n/a	n/a	D255
379.3080000000	n/a	n/a	STATUS	n/a	n/a	DI54
379.3560000000	n/a	n/a	STATUS	n/a	n/a	D255
379.6480000000	n/a	n/a	STATUS	n/a	n/a	DI34
379.6960000000	n/a	n/a	STATUS	n/a	n/a	D255
379.9560000000	n/a	n/a	STATUS	n/a	n/a	DIN5
380.0040000000	n/a	n/a	STATUS	n/a	n/a	D255
380.4840000000	n/a	n/a	STATUS	n/a	n/a	D206
380.5360000000	n/a	n/a	STATUS	n/a	n/a	D255
380.5720000000	n/a	n/a	STATUS	n/a	n/a	DI53
380.6240000000	n/a	n/a	STATUS	n/a	n/a	D255
380.8760000000	n/a	n/a	STATUS	n/a	n/a	DI43
380.9280000000	n/a	n/a	STATUS	n/a	n/a	D255
381.1880000000	n/a	n/a	STATUS	n/a	n/a	DIN5
381.2360000000	n/a	n/a	STATUS	n/a	n/a	D255
381.7200000000	n/a	n/a	STATUS	n/a	n/a	D183
381.7720000000	n/a	n/a	STATUS	n/a	n/a	D255
381.8080000000	n/a	n/a	STATUS	n/a	n/a	DI51
381.8600000000	n/a	n/a	STATUS	n/a	n/a	D255
382.2560000000	n/a	n/a	STATUS	n/a	n/a	DI31
382.3040000000	n/a	n/a	STATUS	n/a	n/a	D255
382.5640000000	n/a	n/a	STATUS	n/a	n/a	DIN5
382.6160000000	n/a	n/a	STATUS	n/a	n/a	D255
382.9680000000	n/a	n/a	STATUS	n/a	n/a	DI98
383.0200000000	n/a	n/a	STATUS	n/a	n/a	D255
383.0560000000	n/a	n/a	STATUS	n/a	n/a	DI51
383.1080000000	n/a	n/a	STATUS	n/a	n/a	D255
383.4640000000	n/a	n/a	STATUS	n/a	n/a	DI31
383.5120000000	n/a	n/a	STATUS	n/a	n/a	D255
383.7720000000	n/a	n/a	STATUS	n/a	n/a	DIN5
383.8240000000	n/a	n/a	STATUS	n/a	n/a	D255
384.1880000000	n/a	n/a	STATUS	n/a	n/a	D203
384.2360000000	n/a	n/a	STATUS	n/a	n/a	D255
384.2760000000	n/a	n/a	STATUS	n/a	n/a	DI53
384.3280000000	n/a	n/a	STATUS	n/a	n/a	D255
384.6160000000	n/a	n/a	STATUS	n/a	n/a	DI43
384.6680000000	n/a	n/a	STATUS	n/a	n/a	D255
384.9280000000	n/a	n/a	STATUS	n/a	n/a	DIN5
384.9760000000	n/a	n/a	STATUS	n/a	n/a	D255
385.3320000000	n/a	n/a	STATUS	n/a	n/a	D159
385.3800000000	n/a	n/a	STATUS	n/a	n/a	D255
385.4200000000	n/a	n/a	STATUS	n/a	n/a	DI54
385.4680000000	n/a	n/a	STATUS	n/a	n/a	D255
385.7480000000	n/a	n/a	STATUS	n/a	n/a	DI34
385.7960000000	n/a	n/a	STATUS	n/a	n/a	D255
386.0560000000	n/a	n/a	STATUS	n/a	n/a	DIN5
386.1080000000	n/a	n/a	STATUS	n/a	n/a	D255
386.5400000000	n/a	n/a	STATUS	n/a	n/a	DI69
386.5920000000	n/a	n/a	STATUS	n/a	n/a	D255
386.6280000000	n/a	n/a	STATUS	n/a	n/a	DI51
386.6800000000	n/a	n/a	STATUS	n/a	n/a	D255
386.9280000000	n/a	n/a	STATUS	n/a	n/a	DI21
386.9760000000	n/a	n/a	STATUS	n/a	n/a	D255
386.9840000000	n/a	n/a	STATUS	n/a	n/a	DIN4
387.0320000000	n/a	n/a	STATUS	n/a	n/a	D255
387.7880000000	n/a	n/a	STATUS	n/a	n/a	DIN5
387.8360000000	n/a	n/a	STATUS	n/a	n/a	D255
388.2720000000	n/a	n/a	STATUS	n/a	n/a	DI72
388.3240000000	n/a	n/a	STATUS	n/a	n/a	D255
388.3600000000	n/a	n/a	STATUS	n/a	n/a	DI53
388.4120000000	n/a	n/a	STATUS	n/a	n/a	D255
388.6920000000	n/a	n/a	STATUS	n/a	n/a	DI43
388.7440000000	n/a	n/a	STATUS	n/a	n/a	D255
389.0040000000	n/a	n/a	STATUS	n/a	n/a	DIN5
389.0520000000	n/a	n/a	STATUS	n/a	n/a	D255
389.5520000000	n/a	n/a	STATUS	n/a	n/a	D138
389.6040000000	n/a	n/a	STATUS	n/a	n/a	D255
389.6400000000	n/a	n/a	STATUS	n/a	n/a	DI51
389.6920000000	n/a	n/a	STATUS	n/a	n/a	D255
390.0640000000	n/a	n/a	STATUS	n/a	n/a	DI31
390.1120000000	n/a	n/a	STATUS	n/a	n/a	D255
390.3720000000	n/a	n/a	STATUS	n/a	n/a	DIN5
390.4240000000	n/a	n/a	STATUS	n/a	n/a	D255
390.8080000000	n/a	n/a	STATUS	n/a	n/a	D223
390.8560000000	n/a	n/a	STATUS	n/a	n/a	D255
390.8960000000	n/a	n/a	STATUS	n/a	n/a	DI52
390.9440000000	n/a	n/a	STATUS	n/a	n/a	D255
391.3000000000	n/a	n/a	STATUS	n/a	n/a	DI42
391.3480000000	n/a	n/a	STATUS	n/a	n/a	D255
391.6080000000	n/a	n/a	STATUS	n/a	n/a	DIN5
391.6600000000	n/a	n/a	STATUS	n/a	n/a	D255
391.9640000000	n/a	n/a	STATUS	n/a	n/a	D213
392.0120000000	n/a	n/a	STATUS	n/a	n/a	D255
392.0520000000	n/a	n/a	STATUS	n/a	n/a	DI51
392.1000000000	n/a	n/a	STATUS	n/a	n/a	D255
392.4880000000	n/a	n/a	STATUS	n/a	n/a	DI31
392.5400000000	n/a	n/a	STATUS	n/a	n/a	D255
392.8000000000	n/a	n/a	STATUS	n/a	n/a	DIN5
392.8480000000	n/a	n/a	STATUS	n/a	n/a	D255
393.3360000000	n/a	n/a	STATUS	n/a	n/a	D131
393.3880000000	n/a	n/a	STATUS	n/a	n/a	D255
393.4240000000	n/a	n/a	STATUS	n/a	n/a	DI51
393.4760000000	n/a	n/a	STATUS	n/a	n/a	D255
393.8240000000	n/a	n/a	STATUS	n/a	n/a	DI31
393.8760000000	n/a	n/a	STATUS	n/a	n/a	D255
394.1360000000	n/a	n/a	STATUS	n/a	n/a	DIN5
394.1840000000	n/a	n/a	STATUS	n/a	n/a	D255
394.6280000000	n/a	n/a	STATUS	n/a	n/a	D146
394.6800000000	n/a	n/a	STATUS	n/a	n/a	D255
394.7160000000	n/a	n/a	STATUS	n/a	n/a	DI53
394.7680000000	n/a	n/a	STATUS	n/a	n/a	D255
395.1360000000	n/a	n/a	STATUS	n/a	n/a	DI43
395.1880000000	n/a	n/a	STATUS	n/a	n/a	D255
395.4440000000	n/a	n/a	STATUS	n/a	n/a	DIN5
395.4960000000	n/a	n/a	STATUS	n/a	n/a	D255
395.9240000000	n/a	n/a	STATUS	n/a	n/a	D216
395.9760000000	n/a	n/a	STATUS	n/a	n/a	D255
396.0120000000	n/a	n/a	STATUS	n/a	n/a	DI53
396.0640000000	n/a	n/a	STATUS	n/a	n/a	D255
396.3720000000	n/a	n/a	STATUS	n/a	n/a	DI43
396.4200000000	n/a	n/a	STATUS	n/a	n/a	D255
396.6800000000	n/a	n/a	STATUS	n/a	n/a	DIN5
396.7320000000	n/a	n/a	STATUS	n/a	n/a	D255
397.2280000000	n/a	n/a	STATUS	n/a	n/a	D144
397.2800000000	n/a	n/a	STATUS	n/a	n/a	D255
397.3160000000	n/a	n/a	STATUS	n/a	n/a	DI52
397.3680000000	n/a	n/a	STATUS	n/a	n/a	D255
397.7280000000	n/a	n/a	STATUS	n/a	n/a	DI42
397.7760000000	n/a	n/a	STATUS	n/a	n/a	D255
398.0360000000	n/a	n/a	STATUS	n/a	n/a	DIN5
398.0880000000	n/a	n/a	STATUS	n/a	n/a	D255
398.5920000000	n/a	n/a	STATUS	n/a	n/a	D171
398.6400000000	n/a	n/a	STATUS	n/a	n/a	D255
398.6800000000	n/a	n/a	STATUS	n/a	n/a	DI53
398.7320000000	n/a	n/a	STATUS	n/a	n/a	D255
399.0240000000	n/a	n/a	STATUS	n/a	n/a	DI43
399.0760000000	n/a	n/a	STATUS	n/a	n/a	D255
399.3360000000	n/a	n/a	STATUS	n/a	n/a	DIN5
399.3840000000	n/a	n/a	STATUS	n/a	n/a	D255
399.8880000000	n/a	n/a	STATUS	n/a	n/a	D240
399.9400000000	n/a	n/a	STATUS	n/a	n/a	D255
399.9760000000	n/a	n/a	STATUS	n/a	n/a	DI51
400.0280000000	n/a	n/a	STATUS	n/a	n/a	D255
400.4080000000	n/a	n/a	STATUS	n/a	n/a	DI31
400.4560000000	n/a	n/a	STATUS	n/a	n/a	D255
400.7160000000	n/a	n/a	STATUS	n/a	n/a	DIN5
400.7680000000	n/a	n/a	STATUS	n/a	n/a	D255
401.1320000000	n/a	n/a	STATUS	n/a	n/a	D177
401.1800000000	n/a	n/a	STATUS	n/a	n/a	D255
401.2200000000	n/a	n/a	STATUS	n/a	n/a	DI52
401.2680000000	n/a	n/a	STATUS	n/a	n/a	D255
401.6560000000	n/a	n/a	STATUS	n/a	n/a	DI42
401.7080000000	n/a	n/a	STATUS	n/a	n/a	D255
401.9680000000	n/a	n/a	STATUS	n/a	n/a	DIN5
402.0160000000	n/a	n/a	STATUS	n/a	n/a	D255
402.3280000000	n/a	n/a	STATUS	n/a	n/a	D214
402.3760000000	n/a	n/a	STATUS	n/a	n/a	D255
402.4120000000	n/a	n/a	STATUS	n/a	n/a	DI52
402.4640000000	n/a	n/a	STATUS	n/a	n/a	D255
402.8280000000	n/a	n/a	STATUS	n/a	n/a	DI42
402.8800000000	n/a	n/a	STATUS	n/a	n/a	D255
403.1360000000	n/a	n/a	STATUS	n/a	n/a	DIN5
403.1880000000	n/a	n/a	STATUS	n/a	n/a	D255
403.5880000000	n/a	n/a	STATUS	n/a	n/a	DI84
403.6360000000	n/a	n/a	STATUS	n/a	n/a	D255
403.6760000000	n/a	n/a	STATUS	n/a	n/a	DI53
403.7280000000	n/a	n/a	STATUS	n/a	n/a	D255
404.0720000000	n/a	n/a	STATUS	n/a	n/a	DI43
404.1200000000	n/a	n/a	STATUS	n/a	n/a	D255
404.3800000000	n/a	n/a	STATUS	n/a	n/a	DIN5
404.4280000000	n/a	n/a	STATUS	n/a	n/a	D255
404.7600000000	n/a	n/a	STATUS	n/a	n/a	D162
404.8080000000	n/a	n/a	STATUS	n/a	n/a	D255
404.8480000000	n/a	n/a	STATUS	n/a	n/a	DI51
404.9000000000	n/a	n/a	STATUS	n/a	n/a	D255
405.2680000000	n/a	n/a	STATUS	n/a	n/a	DI31
405.3200000000	n/a	n/a	STATUS	n/a	n/a	D255
423.8400000000	n/a	n/a	STATUS	n/a	n/a	DIN5
423.8920000000	n/a	n/a	STATUS	n/a	n/a	D255
424.1960000000	n/a	n/a	STATUS	n/a	n/a	D121
424.2440000000	n/a	n/a	STATUS	n/a	n/a	D255
424.2840000000	n/a	n/a	STATUS	n/a	n/a	DI51
424.3360000000	n/a	n/a	STATUS	n/a	n/a	D255
424.7160000000	n/a	n/a	STATUS	n/a	n/a	DI31
424.7640000000	n/a	n/a	STATUS	n/a	n/a	D255
425.0240000000	n/a	n/a	STATUS	n/a	n/a	DIN5
425.0760000000	n/a	n/a	STATUS	n/a	n/a	D255
425.4280000000	n/a	n/a	STATUS	n/a	n/a	D166
425.4800000000	n/a	n/a	STATUS	n/a	n/a	D255
425.5160000000	n/a	n/a	STATUS	n/a	n/a	DI51
425.5680000000	n/a	n/a	STATUS	n/a	n/a	D255
425.8120000000	n/a	n/a	STATUS	n/a	n/a	DI21
425.8640000000	n/a	n/a	STATUS	n/a	n/a	D255
425.8680000000	n/a	n/a	STATUS	n/a	n/a	DIN4
425.9160000000	n/a	n/a	STATUS	n/a	n/a	D255
426.6720000000	n/a	n/a	STATUS	n/a	n/a	DIN5
426.7240000000	n/a	n/a	STATUS	n/a	n/a	D255
427.0280000000	n/a	n/a	STATUS	n/a	n/a	DI68
427.0760000000	n/a	n/a	STATUS	n/a	n/a	D255
427.1160000000	n/a	n/a	STATUS	n/a	n/a	DI54
427.1640000000	n/a	n/a	STATUS	n/a	n/a	D255
427.4080000000	n/a	n/a	STATUS	n/a	n/a	DI34
427.4560000000	n/a	n/a	STATUS	n/a	n/a	D255
427.7160000000	n/a	n/a	STATUS	n/a	n/a	DIN5
427.7680000000	n/a	n/a	STATUS	n/a	n/a	D255
428.1920000000	n/a	n/a	STATUS	n/a	n/a	D177
428.2400000000	n/a	n/a	STATUS	n/a	n/a	D255
428.2800000000	n/a	n/a	STATUS	n/a	n/a	DI52
428.3280000000	n/a	n/a	STATUS	n/a	n/a	D255
428.7280000000	n/a	n/a	STATUS	n/a	n/a	DI42
428.7800000000	n/a	n/a	STATUS	n/a	n/a	D255
429.0400000000	n/a	n/a	STATUS	n/a	n/a	DIN5
429.0880000000	n/a	n/a	STATUS	n/a	n/a	D255
429.4720000000	n/a	n/a	STATUS	n/a	n/a	D173
429.5240000000	n/a	n/a	STATUS	n/a	n/a	D255
429.5600000000	n/a	n/a	STATUS	n/a	n/a	DI53
429.6120000000	n/a	n/a	STATUS	n/a	n/a	D255
429.8960000000	n/a	n/a	STATUS	n/a	n/a	DI43
429.9480000000	n/a	n/a	STATUS	n/a	n/a	D255
430.2080000000	n/a	n/a	STATUS	n/a	n/a	DIN5
430.2560000000	n/a	n/a	STATUS	n/a	n/a	D255
430.6920000000	n/a	n/a	STATUS	n/a	n/a	D250
430.7400000000	n/a	n/a	STATUS	n/a	n/a	D255
430.7800000000	n/a	n/a	STATUS	n/a	n/a	DI54
430.8280000000	n/a	n/a	STATUS	n/a	n/a	D255
431.2040000000	n/a	n/a	STATUS	n/a	n/a	DI34
431.2560000000	n/a	n/a	STATUS	n/a	n/a	D255
431.5160000000	n/a	n/a	STATUS	n/a	n/a	DIN5
431.5640000000	n/a	n/a	STATUS	n/a	n/a	D255
431.8880000000	n/a	n/a	STATUS	n/a	n/a	D131
431.9400000000	n/a	n/a	STATUS	n/a	n/a	D255
431.9760000000	n/a	n/a	STATUS	n/a	n/a	DI53
432.0280000000	n/a	n/a	STATUS	n/a	n/a	D255
432.3040000000	n/a	n/a	STATUS	n/a	n/a	DI43
432.3560000000	n/a	n/a	STATUS	n/a	n/a	D255
432.6160000000	n/a	n/a	STATUS	n/a	n/a	DIN5
432.6640000000	n/a	n/a	STATUS	n/a	n/a	D255
433.0160000000	n/a	n/a	STATUS	n/a	n/a	DI96
433.0640000000	n/a	n/a	STATUS	n/a	n/a	D255
433.1040000000	n/a	n/a	STATUS	n/a	n/a	DI52
433.1520000000	n/a	n/a	STATUS	n/a	n/a	D255
433.5160000000	n/a	n/a	STATUS	n/a	n/a	DI42
433.5640000000	n/a	n/a	STATUS	n/a	n/a	D255
433.8240000000	n/a	n/a	STATUS	n/a	n/a	DIN5
433.8760000000	n/a	n/a	STATUS	n/a	n/a	D255
434.3640000000	n/a	n/a	STATUS	n/a	n/a	DI80
434.4160000000	n/a	n/a	STATUS	n/a	n/a	D255
434.4520000000	n/a	n/a	STATUS	n/a	n/a	DI51
434.5040000000	n/a	n/a	STATUS	n/a	n/a	D255
434.8800000000	n/a	n/a	STATUS	n/a	n/a	DI31
434.9280000000	n/a	n/a	STATUS	n/a	n/a	D255
435.1880000000	n/a	n/a	STATUS	n/a	n/a	DIN5
435.2400000000	n/a	n/a	STATUS	n/a	n/a	D255
435.7240000000	n/a	n/a	STATUS	n/a	n/a	DI70
435.7720000000	n/a	n/a	STATUS	n/a	n/a	D255
435.8080000000	n/a	n/a	STATUS	n/a	n/a	DI52
435.8600000000	n/a	n/a	STATUS	n/a	n/a	D255
436.2160000000	n/a	n/a	STATUS	n/a	n/a	DI42
436.2640000000	n/a	n/a	STATUS	n/a	n/a	D255
436.5240000000	n/a	n/a	STATUS	n/a	n/a	DIN5
436.5760000000	n/a	n/a	STATUS	n/a	n/a	D255
436.9200000000	n/a	n/a	STATUS	n/a	n/a	DI89
436.9680000000	n/a	n/a	STATUS	n/a	n/a	D255
436.9680000000	n/a	n/a	STATUS	n/a	n/a	D217
437.0080000000	n/a	n/a	STATUS	n/a	n/a	DI51
437.0560000000	n/a	n/a	STATUS	n/a	n/a	D255
437.4160000000	n/a	n/a	STATUS	n/a	n/a	DI31
437.4640000000	n/a	n/a	STATUS	n/a	n/a	D255
437.7240000000	n/a	n/a	STATUS	n/a	n/a	DIN5
437.7760000000	n/a	n/a	STATUS	n/a	n/a	D255
438.2480000000	n/a	n/a	STATUS	n/a	n/a	DI76
438.3000000000	n/a	n/a	STATUS	n/a	n/a	D255
438.3360000000	n/a	n/a	STATUS	n/a	n/a	DI54
438.3880000000	n/a	n/a	STATUS	n/a	n/a	D255
438.6880000000	n/a	n/a	STATUS	n/a	n/a	DI34
438.7360000000	n/a	n/a	STATUS	n/a	n/a	D255
438.9960000000	n/a	n/a	STATUS	n/a	n/a	DIN5
439.0480000000	n/a	n/a	STATUS	n/a	n/a	D255
439.4960000000	n/a	n/a	STATUS	n/a	n/a	D167
439.5480000000	n/a	n/a	STATUS	n/a	n/a	D255
439.5840000000	n/a	n/a	STATUS	n/a	n/a	DI53
439.6360000000	n/a	n/a	STATUS	n/a	n/a	D255
439.9360000000	n/a	n/a	STATUS	n/a	n/a	DI43
439.9840000000	n/a	n/a	STATUS	n/a	n/a	D255
440.2440000000	n/a	n/a	STATUS	n/a	n/a	DIN5
440.2960000000	n/a	n/a	STATUS	n/a	n/a	D255
440.7880000000	n/a	n/a	STATUS	n/a	n/a	D222
440.8400000000	n/a	n/a	STATUS	n/a	n/a	D255
440.8760000000	n/a	n/a	STATUS	n/a	n/a	DI52
440.9280000000	n/a	n/a	STATUS	n/a	n/a	D255
441.2760000000	n/a	n/a	STATUS	n/a	n/a	DI42
441.3240000000	n/a	n/a	STATUS	n/a	n/a	D255
441.5840000000	n/a	n/a	STATUS	n/a	n/a	DIN5
441.6360000000	n/a	n/a	STATUS	n/a	n/a	D255
442.0960000000	n/a	n/a	STATUS	n/a	n/a	D237
442.1440000000	n/a	n/a	STATUS	n/a	n/a	D255
442.1800000000	n/a	n/a	STATUS	n/a	n/a	DI52
442.2320000000	n/a	n/a	STATUS	n/a	n/a	D255
442.6600000000	n/a	n/a	STATUS	n/a	n/a	DI42
442.7120000000	n/a	n/a	STATUS	n/a	n/a	D255
442.9720000000	n/a	n/a	STATUS	n/a	n/a	DIN5
443.0200000000	n/a	n/a	STATUS	n/a	n/a	D255
443.3240000000	n/a	n/a	STATUS	n/a	n/a	D249
443.3760000000	n/a	n/a	STATUS	n/a	n/a	D255
443.4120000000	n/a	n/a	STATUS	n/a	n/a	DI52
443.4640000000	n/a	n/a	STATUS	n/a	n/a	D255
443.8440000000	n/a	n/a	STATUS	n/a	n/a	DI42
443.8920000000	n/a	n/a	STATUS	n/a	n/a	D255
444.1520000000	n/a	n/a	STATUS	n/a	n/a	DIN5
444.2000000000	n/a	n/a	STATUS	n/a	n/a	D255
444.6200000000	n/a	n/a	STATUS	n/a	n/a	D218
444.6720000000	n/a	n/a	STATUS	n/a	n/a	D255
444.7080000000	n/a	n/a	STATUS	n/a	n/a	DI54
444.7600000000	n/a	n/a	STATUS	n/a	n/a	D255
445.1520000000	n/a	n/a	STATUS	n/a	n/a	DI34
445.2040000000	n/a	n/a	STATUS	n/a	n/a	D255
445.4600000000	n/a	n/a	STATUS	n/a	n/a	DIN5
445.5120000000	n/a	n/a	STATUS	n/a	n/a	D255
445.9400000000	n/a	n/a	STATUS	n/a	n/a	D181
445.9920000000	n/a	n/a	STATUS	n/a	n/a	D255
446.0280000000	n/a	n/a	STATUS	n/a	n/a	DI52
446.0800000000	n/a	n/a	STATUS	n/a	n/a	D255
446.4440000000	n/a	n/a	STATUS	n/a	n/a	DI42
446.4960000000	n/a	n/a	STATUS	n/a	n/a	D255
446.7560000000	n/a	n/a	STATUS	n/a	n/a	DIN5
446.8040000000	n/a	n/a	STATUS	n/a	n/a	D255
447.1920000000	n/a	n/a	STATUS	n/a	n/a	D159
447.2400000000	n/a	n/a	STATUS	n/a	n/a	D255
447.2760000000	n/a	n/a	STATUS	n/a	n/a	DI51
447.3280000000	n/a	n/a	STATUS	n/a	n/a	D255
447.7200000000	n/a	n/a	STATUS	n/a	n/a	DI31
447.7680000000	n/a	n/a	STATUS	n/a	n/a	D255
448.0320000000	n/a	n/a	STATUS	n/a	n/a	DIN5
448.0800000000	n/a	n/a	STATUS	n/a	n/a	D255
448.5800000000	n/a	n/a	STATUS	n/a	n/a	D193
448.6320000000	n/a	n/a	STATUS	n/a	n/a	D255
448.6680000000	n/a	n/a	STATUS	n/a	n/a	DI54
448.7160000000	n/a	n/a	STATUS	n/a	n/a	D255
449.0440000000	n/a	n/a	STATUS	n/a	n/a	DI34
449.0960000000	n/a	n/a	STATUS	n/a	n/a	D255
449.3560000000	n/a	n/a	STATUS	n/a	n/a	DIN5
449.4040000000	n/a	n/a	STATUS	n/a	n/a	D255
449.7840000000	n/a	n/a	STATUS	n/a	n/a	D204
449.8360000000	n/a	n/a	STATUS	n/a	n/a	D255
449.8720000000	n/a	n/a	STATUS	n/a	n/a	DI54
449.9240000000	n/a	n/a	STATUS	n/a	n/a	D255
450.2320000000	n/a	n/a	STATUS	n/a	n/a	DI34
450.2840000000	n/a	n/a	STATUS	n/a	n/a	D255
450.5400000000	n/a	n/a	STATUS	n/a	n/a	DIN5
450.5920000000	n/a	n/a	STATUS	n/a	n/a	D255
450.9520000000	n/a	n/a	STATUS	n/a	n/a	D210
451.0000000000	n/a	n/a	STATUS	n/a	n/a	D255
451.0400000000	n/a	n/a	STATUS	n/a	n/a	DI53
451.0880000000	n/a	n/a	STATUS	n/a	n/a	D255
451.3640000000	n/a	n/a	STATUS	n/a	n/a	DI43
451.4120000000	n/a	n/a	STATUS	n/a	n/a	D255
451.6720000000	n/a	n/a	STATUS	n/a	n/a	DIN5
451.7240000000	n/a	n/a	STATUS	n/a	n/a	D255
452.2000000000	n/a	n/a	STATUS	n/a	n/a	D145
452.2480000000	n/a	n/a	STATUS	n/a	n/a	D255
452.2840000000	n/a	n/a	STATUS	n/a	n/a	DI54
452.3360000000	n/a	n/a	STATUS	n/a	n/a	D255
452.6120000000	n/a	n/a	STATUS	n/a	n/a	DI34
452.6640000000	n/a	n/a	STATUS	n/a	n/a	D255
452.9240000000	n/a	n/a	STATUS	n/a	n/a	DIN5
452.9760000000	n/a	n/a	STATUS	n/a	n/a	D255
453.3280000000	n/a	n/a	STATUS	n/a	n/a	D138
453.3800000000	n/a	n/a	STATUS	n/a	n/a	D255
453.4160000000	n/a	n/a	STATUS	n/a	n/a	DI52
453.4680000000	n/a	n/a	STATUS	n/a	n/a	D255
453.8040000000	n/a	n/a	STATUS	n/a	n/a	DI42
453.8520000000	n/a	n/a	STATUS	n/a	n/a	D255
454.1120000000	n/a	n/a	STATUS	n/a	n/a	DIN5
454.1600000000	n/a	n/a	STATUS	n/a	n/a	D255
454.6320000000	n/a	n/a	STATUS	n/a	n/a	DI82
454.6800000000	n/a	n/a	STATUS	n/a	n/a	D255
454.7200000000	n/a	n/a	STATUS	n/a	n/a	DI51
454.7680000000	n/a	n/a	STATUS	n/a	n/a	D255
455.3200000000	n/a	n/a	STATUS	n/a	n/a	DI31
455.3720000000	n/a	n/a	STATUS	n/a	n/a	D255
455.6320000000	n/a	n/a	STATUS	n/a	n/a	DIN5
455.6800000000	n/a	n/a	STATUS	n/a	n/a	D255
456.0120000000	n/a	n/a	STATUS	n/a	n/a	D170
456.0600000000	n/a	n/a	STATUS	n/a	n/a	D255
456.1000000000	n/a	n/a	STATUS	n/a	n/a	DI52
456.1480000000	n/a	n/a	STATUS	n/a	n/a	D255
456.4400000000	n/a	n/a	STATUS	n/a	n/a	DI12
456.4920000000	n/a	n/a	STATUS	n/a	n/a	D255
456.4960000000	n/a	n/a	STATUS	n/a	n/a	DIN4
456.5480000000	n/a	n/a	STATUS	n/a	n/a	D255
457.3000000000	n/a	n/a	STATUS	n/a	n/a	DIN5
457.3520000000	n/a	n/a	STATUS	n/a	n/a	D255
457.8360000000	n/a	n/a	STATUS	n/a	n/a	D110
457.8880000000	n/a	n/a	STATUS	n/a	n/a	D255
457.9240000000	n/a	n/a	STATUS	n/a	n/a	DI51
457.9760000000	n/a	n/a	STATUS	n/a	n/a	D255
458.3400000000	n/a	n/a	STATUS	n/a	n/a	DI31
458.3920000000	n/a	n/a	STATUS	n/a	n/a	D255
458.6520000000	n/a	n/a	STATUS	n/a	n/a	DIN5
458.7000000000	n/a	n/a	STATUS	n/a	n/a	D255
459.1120000000	n/a	n/a	STATUS	n/a	n/a	D185
459.1600000000	n/a	n/a	STATUS	n/a	n/a	D255
459.2000000000	n/a	n/a	STATUS	n/a	n/a	DI53
459.2480000000	n/a	n/a	STATUS	n/a	n/a	D255
459.4920000000	n/a	n/a	STATUS	n/a	n/a	DI43
459.5400000000	n/a	n/a	STATUS	n/a	n/a	D255
459.8000000000	n/a	n/a	STATUS	n/a	n/a	DIN5
459.8480000000	n/a	n/a	STATUS	n/a	n/a	D255
460.2040000000	n/a	n/a	STATUS	n/a	n/a	D140
460.2560000000	n/a	n/a	STATUS	n/a	n/a	D255
460.2920000000	n/a	n/a	STATUS	n/a	n/a	DI53
460.3400000000	n/a	n/a	STATUS	n/a	n/a	D255
460.6680000000	n/a	n/a	STATUS	n/a	n/a	DI43
460.7200000000	n/a	n/a	STATUS	n/a	n/a	D255
460.9760000000	n/a	n/a	STATUS	n/a	n/a	DIN5
461.0280000000	n/a	n/a	STATUS	n/a	n/a	D255
461.4280000000	n/a	n/a	STATUS	n/a	n/a	DI73
461.4760000000	n/a	n/a	STATUS	n/a	n/a	D255
461.5160000000	n/a	n/a	STATUS	n/a	n/a	DI52
461.5640000000	n/a	n/a	STATUS	n/a	n/a	D255
461.9040000000	n/a	n/a	STATUS	n/a	n/a	DI42
461.9560000000	n/a	n/a	STATUS	n/a	n/a	D255
462.2120000000	n/a	n/a	STATUS	n/a	n/a	DIN5
462.2640000000	n/a	n/a	STATUS	n/a	n/a	D255
462.5720000000	n/a	n/a	STATUS	n/a	n/a	D146
462.6240000000	n/a	n/a	STATUS	n/a	n/a	D255
462.6600000000	n/a	n/a	STATUS	n/a	n/a	DI52
462.7120000000	n/a	n/a	STATUS	n/a	n/a	D255
463.0840000000	n/a	n/a	STATUS	n/a	n/a	DI42
463.1360000000	n/a	n/a	STATUS	n/a	n/a	D255
463.3960000000	n/a	n/a	STATUS	n/a	n/a	DIN5
463.4440000000	n/a	n/a	STATUS	n/a	n/a	D255
463.9080000000	n/a	n/a	STATUS	n/a	n/a	D101
463.9600000000	n/a	n/a	STATUS	n/a	n/a	D255
463.9960000000	n/a	n/a	STATUS	n/a	n/a	DI51
464.0480000000	n/a	n/a	STATUS	n/a	n/a	D255
464.4400000000	n/a	n/a	STATUS	n/a	n/a	DI31
464.4920000000	n/a	n/a	STATUS	n/a	n/a	D255
464.7520000000	n/a	n/a	STATUS	n/a	n/a	DIN5
464.8000000000	n/a	n/a	STATUS	n/a	n/a	D255
465.2760000000	n/a	n/a	STATUS	n/a	n/a	D153
465.3280000000	n/a	n/a	STATUS	n/a	n/a	D255
465.3640000000	n/a	n/a	STATUS	n/a	n/a	DI54
465.4120000000	n/a	n/a	STATUS	n/a	n/a	D255
465.7520000000	n/a	n/a	STATUS	n/a	n/a	DI34
465.8040000000	n/a	n/a	STATUS	n/a	n/a	D255
466.0640000000	n/a	n/a	STATUS	n/a	n/a	DIN5
466.1120000000	n/a	n/a	STATUS	n/a	n/a	D255
466.5080000000	n/a	n/a	STATUS	n/a	n/a	D252
466.5560000000	n/a	n/a	STATUS	n/a	n/a	D255
466.5960000000	n/a	n/a	STATUS	n/a	n/a	DI51
466.6440000000	n/a	n/a	STATUS	n/a	n/a	D255
466.9320000000	n/a	n/a	STATUS	n/a	n/a	DI21
466.9840000000	n/a	n/a	STATUS	n/a	n/a	D255
466.9880000000	n/a	n/a	STATUS	n/a	n/a	DIN4
467.0360000000	n/a	n/a	STATUS	n/a	n/a	D255
467.7920000000	n/a	n/a	STATUS	n/a	n/a	DIN5
467.8440000000	n/a	n/a	STATUS	n/a	n/a	D255
468.2360000000	n/a	n/a	STATUS	n/a	n/a	D107
468.2880000000	n/a	n/a	STATUS	n/a	n/a	D255
468.3240000000	n/a	n/a	STATUS	n/a	n/a	DI53
468.3760000000	n/a	n/a	STATUS	n/a	n/a	D255
468.6800000000	n/a	n/a	STATUS	n/a	n/a	DI43
468.7280000000	n/a	n/a	STATUS	n/a	n/a	D255
468.9880000000	n/a	n/a	STATUS	n/a	n/a	DIN5
469.0360000000	n/a	n/a	STATUS	n/a	n/a	D255
469.4160000000	n/a	n/a	STATUS	n/a	n/a	D115
469.4680000000	n/a	n/a	STATUS	n/a	n/a	D255
469.5040000000	n/a	n/a	STATUS	n/a	n/a	DI53
469.5560000000	n/a	n/a	STATUS	n/a	n/a	D255
469.8320000000	n/a	n/a	STATUS	n/a	n/a	DI43
469.8840000000	n/a	n/a	STATUS	n/a	n/a	D255
470.1440000000	n/a	n/a	STATUS	n/a	n/a	DIN5
470.1920000000	n/a	n/a	STATUS	n/a	n/a	D255
470.5120000000	n/a	n/a	STATUS	n/a	n/a	D209
470.5640000000	n/a	n/a	STATUS	n/a	n/a	D255
470.6000000000	n/a	n/a	STATUS	n/a	n/a	DI54
470.6480000000	n/a	n/a	STATUS	n/a	n/a	D255
471.1000000000	n/a	n/a	STATUS	n/a	n/a	DI34
471.1480000000	n/a	n/a	STATUS	n/a	n/a	D255
471.4080000000	n/a	n/a	STATUS	n/a	n/a	DIN5
471.4600000000	n/a	n/a	STATUS	n/a	n/a	D255
471.8360000000	n/a	n/a	STATUS	n/a	n/a	D136
471.8880000000	n/a	n/a	STATUS	n/a	n/a	D255
471.9240000000	n/a	n/a	STATUS	n/a	n/a	DI53
471.9760000000	n/a	n/a	STATUS	n/a	n/a	D255
472.2320000000	n/a	n/a	STATUS	n/a	n/a	DI43
472.2800000000	n/a	n/a	STATUS	n/a	n/a	D255
472.5400000000	n/a	n/a	STATUS	n/a	n/a	DIN5
472.5920000000	n/a	n/a	STATUS	n/a	n/a	D255
473.0480000000	n/a	n/a	STATUS	n/a	n/a	D126
473.1000000000	n/a	n/a	STATUS	n/a	n/a	D255
473.1360000000	n/a	n/a	STATUS	n/a	n/a	DI54
473.1880000000	n/a	n/a	STATUS	n/a	n/a	D255
473.4360000000	n/a	n/a	STATUS	n/a	n/a	DI34
473.4880000000	n/a	n/a	STATUS	n/a	n/a	D255
473.7480000000	n/a	n/a	STATUS	n/a	n/a	DIN5
473.7960000000	n/a	n/a	STATUS	n/a	n/a	D255
474.2840000000	n/a	n/a	STATUS	n/a	n/a	D202
474.3360000000	n/a	n/a	STATUS	n/a	n/a	D255
474.3720000000	n/a	n/a	STATUS	n/a	n/a	DI54
474.4240000000	n/a	n/a	STATUS	n/a	n/a	D255
474.7120000000	n/a	n/a	STATUS	n/a	n/a	DI34
474.7600000000	n/a	n/a	STATUS	n/a	n/a	D255
475.0200000000	n/a	n/a	STATUS	n/a	n/a	DIN5
475.0720000000	n/a	n/a	STATUS	n/a	n/a	D255
475.5200000000	n/a	n/a	STATUS	n/a	n/a	D129
475.5720000000	n/a	n/a	STATUS	n/a	n/a	D255
475.6080000000	n/a	n/a	STATUS	n/a	n/a	DI54
475.6560000000	n/a	n/a	STATUS	n/a	n/a	D255
475.9600000000	n/a	n/a	STATUS	n/a	n/a	DI34
476.0080000000	n/a	n/a	STATUS	n/a	n/a	D255
476.2680000000	n/a	n/a	STATUS	n/a	n/a	DIN5
476.3200000000	n/a	n/a	STATUS	n/a	n/a	D255
476.6960000000	n/a	n/a	STATUS	n/a	n/a	DI88
476.7480000000	n/a	n/a	STATUS	n/a	n/a	D255
476.7880000000	n/a	n/a	STATUS	n/a	n/a	DI51
476.8360000000	n/a	n/a	STATUS	n/a	n/a	D255
477.0760000000	n/a	n/a	STATUS	n/a	n/a	DI31
477.1240000000	n/a	n/a	STATUS	n/a	n/a	D255
477.3840000000	n/a	n/a	STATUS	n/a	n/a	DIN5
477.4360000000	n/a	n/a	STATUS	n/a	n/a	D255
477.8880000000	n/a	n/a	STATUS	n/a	n/a	D236
477.9400000000	n/a	n/a	STATUS	n/a	n/a	D255
477.9760000000	n/a	n/a	STATUS	n/a	n/a	DI52
478.0280000000	n/a	n/a	STATUS	n/a	n/a	D255
478.4440000000	n/a	n/a	STATUS	n/a	n/a	DI42
478.4960000000	n/a	n/a	STATUS	n/a	n/a	D255
478.7560000000	n/a	n/a	STATUS	n/a	n/a	DIN5
478.8040000000	n/a	n/a	STATUS	n/a	n/a	D255
479.1240000000	n/a	n/a	STATUS	n/a	n/a	DI71
479.1760000000	n/a	n/a	STATUS	n/a	n/a	D255
479.2120000000	n/a	n/a	STATUS	n/a	n/a	DI53
479.2640000000	n/a	n/a	STATUS	n/a	n/a	D255
479.5920000000	n/a	n/a	STATUS	n/a	n/a	DI43
479.6440000000	n/a	n/a	STATUS	n/a	n/a	D255
479.9000000000	n/a	n/a	STATUS	n/a	n/a	DIN5
479.9520000000	n/a	n/a	STATUS	n/a	n/a	D255
480.3520000000	n/a	n/a	STATUS	n/a	n/a	D205
480.4000000000	n/a	n/a	STATUS	n/a	n/a	D255
480.4400000000	n/a	n/a	STATUS	n/a	n/a	DI51
480.4880000000	n/a	n/a	STATUS	n/a	n/a	D255
480.8440000000	n/a	n/a	STATUS	n/a	n/a	DI31
480.8960000000	n/a	n/a	STATUS	n/a	n/a	D255
481.1520000000	n/a	n/a	STATUS	n/a	n/a	DIN5
481.2040000000	n/a	n/a	STATUS	n/a	n/a	D255
481.6400000000	n/a	n/a	STATUS	n/a	n/a	D232
481.6880000000	n/a	n/a	STATUS	n/a	n/a	D255
481.7280000000	n/a	n/a	STATUS	n/a	n/a	DI54
481.7760000000	n/a	n/a	STATUS	n/a	n/a	D255
482.0800000000	n/a	n/a	STATUS	n/a	n/a	DI34
482.1320000000	n/a	n/a	STATUS	n/a	n/a	D255
482.3920000000	n/a	n/a	STATUS	n/a	n/a	DIN5
482.4400000000	n/a	n/a	STATUS	n/a	n/a	D255
482.8440000000	n/a	n/a	STATUS	n/a	n/a	DI86
482.8960000000	n/a	n/a	STATUS	n/a	n/a	D255
482.9320000000	n/a	n/a	STATUS	n/a	n/a	DI54
482.9840000000	n/a	n/a	STATUS	n/a	n/a	D255
483.2880000000	n/a	n/a	STATUS	n/a	n/a	DI34
483.3360000000	n/a	n/a	STATUS	n/a	n/a	D255
483.5960000000	n/a	n/a	STATUS	n/a	n/a	DIN5
483.6480000000	n/a	n/a	STATUS	n/a	n/a	D255
484.0000000000	n/a	n/a	STATUS	n/a	n/a	D132
484.0520000000	n/a	n/a	STATUS	n/a	n/a	D255
484.0880000000	n/a	n/a	STATUS	n/a	n/a	DI52
484.1400000000	n/a	n/a	STATUS	n/a	n/a	D255
484.5160000000	n/a	n/a	STATUS	n/a	n/a	DI42
484.5640000000	n/a	n/a	STATUS	n/a	n/a	D255
484.8240000000	n/a	n/a	STATUS	n/a	n/a	DIN5
484.8760000000	n/a	n/a	STATUS	n/a	n/a	D255
485.3520000000	n/a	n/a	STATUS	n/a	n/a	D198
485.4040000000	n/a	n/a	STATUS	n/a	n/a	D255
485.4440000000	n/a	n/a	STATUS	n/a	n/a	DI51
485.4920000000	n/a	n/a	STATUS	n/a	n/a	D255
485.8680000000	n/a	n/a	STATUS	n/a	n/a	DI31
485.9160000000	n/a	n/a	STATUS	n/a	n/a	D255
486.1760000000	n/a	n/a	STATUS	n/a	n/a	DIN5
486.2280000000	n/a	n/a	STATUS	n/a	n/a	D255
486.6080000000	n/a	n/a	STATUS	n/a	n/a	D165
486.6560000000	n/a	n/a	STATUS	n/a	n/a	D255
486.6960000000	n/a	n/a	STATUS	n/a	n/a	DI53
486.7440000000	n/a	n/a	STATUS	n/a	n/a	D255
487.0160000000	n/a	n/a	STATUS	n/a	n/a	DI43
487.0680000000	n/a	n/a	STATUS	n/a	n/a	D255
487.3280000000	n/a	n/a	STATUS	n/a	n/a	DIN5
487.3760000000	n/a	n/a	STATUS	n/a	n/a	D255
487.7480000000	n/a	n/a	STATUS	n/a	n/a	D125
487.7960000000	n/a	n/a	STATUS	n/a	n/a	D255
487.8320000000	n/a	n/a	STATUS	n/a	n/a	DI52
487.8840000000	n/a	n/a	STATUS	n/a	n/a	D255
488.3240000000	n/a	n/a	STATUS	n/a	n/a	DI42
488.3760000000	n/a	n/a	STATUS	n/a	n/a	D255
488.6360000000	n/a	n/a	STATUS	n/a	n/a	DIN5
488.6840000000	n/a	n/a	STATUS	n/a	n/a	D255
489.1000000000	n/a	n/a	STATUS	n/a	n/a	D174
489.1480000000	n/a	n/a	STATUS	n/a	n/a	D255
489.1880000000	n/a	n/a	STATUS	n/a	n/a	DI51
489.2360000000	n/a	n/a	STATUS	n/a	n/a	D255
489.6040000000	n/a	n/a	STATUS	n/a	n/a	DI31
489.6520000000	n/a	n/a	STATUS	n/a	n/a	D255
489.9120000000	n/a	n/a	STATUS	n/a	n/a	DIN5
489.9640000000	n/a	n/a	STATUS	n/a	n/a	D255
490.3040000000	n/a	n/a	STATUS	n/a	n/a	DI77
490.3520000000	n/a	n/a	STATUS	n/a	n/a	D255
490.3920000000	n/a	n/a	STATUS	n/a	n/a	DI53
490.4400000000	n/a	n/a	STATUS	n/a	n/a	D255
490.6880000000	n/a	n/a	STATUS	n/a	n/a	DI43
490.7360000000	n/a	n/a	STATUS	n/a	n/a	D255
490.9960000000	n/a	n/a	STATUS	n/a	n/a	DIN5
491.0480000000	n/a	n/a	STATUS	n/a	n/a	D255
491.4520000000	n/a	n/a	STATUS	n/a	n/a	D152
491.5000000000	n/a	n/a	STATUS	n/a	n/a	D255
491.5400000000	n/a	n/a	STATUS	n/a	n/a	DI54
491.5880000000	n/a	n/a	STATUS	n/a	n/a	D255
491.8600000000	n/a	n/a	STATUS	n/a	n/a	DI34
491.9120000000	n/a	n/a	STATUS	n/a	n/a	D255
492.1720000000	n/a	n/a	STATUS	n/a	n/a	DIN5
492.2240000000	n/a	n/a	STATUS	n/a	n/a	D255
492.6680000000	n/a	n/a	STATUS	n/a	n/a	D238
492.7160000000	n/a	n/a	STATUS	n/a	n/a	D255
492.7520000000	n/a	n/a	STATUS	n/a	n/a	DI52
492.8040000000	n/a	n/a	STATUS	n/a	n/a	D255
493.1120000000	n/a	n/a	STATUS	n/a	n/a	DI12
493.1600000000	n/a	n/a	STATUS	n/a	n/a	D255
493.1680000000	n/a	n/a	STATUS	n/a	n/a	DIN4
493.2160000000	n/a	n/a	STATUS	n/a	n/a	D255
493.9720000000	n/a	n/a	STATUS	n/a	n/a	DIN5
494.0200000000	n/a	n/a	STATUS	n/a	n/a	D255
494.3320000000	n/a	n/a	STATUS	n/a	n/a	D116
494.3800000000	n/a	n/a	STATUS	n/a	n/a	D255
494.4200000000	n/a	n/a	STATUS	n/a	n/a	DI52
494.4680000000	n/a	n/a	STATUS	n/a	n/a	D255
494.9040000000	n/a	n/a	STATUS	n/a	n/a	DI42
494.9560000000	n/a	n/a	STATUS	n/a	n/a	D255
495.2160000000	n/a	n/a	STATUS	n/a	n/a	DIN5
495.2640000000	n/a	n/a	STATUS	n/a	n/a	D255
495.6760000000	n/a	n/a	STATUS	n/a	n/a	DI66
495.7240000000	n/a	n/a	STATUS	n/a	n/a	D255
495.7640000000	n/a	n/a	STATUS	n/a	n/a	DI54
495.8120000000	n/a	n/a	STATUS	n/a	n/a	D255
496.1360000000	n/a	n/a	STATUS	n/a	n/a	DI34
496.1840000000	n/a	n/a	STATUS	n/a	n/a	D255
496.4440000000	n/a	n/a	STATUS	n/a	n/a	DIN5
496.4920000000	n/a	n/a	STATUS	n/a	n/a	D255
496.8280000000	n/a	n/a	STATUS	n/a	n/a	D100
496.8800000000	n/a	n/a	STATUS	n/a	n/a	D255
496.9160000000	n/a	n/a	STATUS	n/a	n/a	DI53
496.9680000000	n/a	n/a	STATUS	n/a	n/a	D255
497.2680000000	n/a	n/a	STATUS	n/a	n/a	DI43
497.3200000000	n/a	n/a	STATUS	n/a	n/a	D255
497.5800000000	n/a	n/a	STATUS	n/a	n/a	DIN5
497.6280000000	n/a	n/a	STATUS	n/a	n/a	D255
498.1000000000	n/a	n/a	STATUS	n/a	n/a	D180
498.1480000000	n/a	n/a	STATUS	n/a	n/a	D255
498.1880000000	n/a	n/a	STATUS	n/a	n/a	DI52
498.2360000000	n/a	n/a	STATUS	n/a	n/a	D255
498.7200000000	n/a	n/a	STATUS	n/a	n/a	DI42
498.7720000000	n/a	n/a	STATUS	n/a	n/a	D255
499.0280000000	n/a	n/a	STATUS	n/a	n/a	DIN5
499.0800000000	n/a	n/a	STATUS	n/a	n/a	D255
499.4880000000	n/a	n/a	STATUS	n/a	n/a	D109
499.5400000000	n/a	n/a	STATUS	n/a	n/a	D255
499.5760000000	n/a	n/a	STATUS	n/a	n/a	DI51
499.6280000000	n/a	n/a	STATUS	n/a	n/a	D255
499.9000000000	n/a	n/a	STATUS	n/a	n/a	DI31
499.9480000000	n/a	n/a	STATUS	n/a	n/a	D255
500.2080000000	n/a	n/a	STATUS	n/a	n/a	DIN5
500.2600000000	n/a	n/a	STATUS	n/a	n/a	D255
500.7240000000	n/a	n/a	STATUS	n/a	n/a	DI99
500.7720000000	n/a	n/a	STATUS	n/a	n/a	D255
500.8120000000	n/a	n/a	STATUS	n/a	n/a	DI53
500.8600000000	n/a	n/a	STATUS	n/a	n/a	D255
501.0640000000	n/a	n/a	STATUS	n/a	n/a	DI43
501.1160000000	n/a	n/a	STATUS	n/a	n/a	D255
501.3720000000	n/a	n/a	STATUS	n/a	n/a	DIN5
501.4240000000	n/a	n/a	STATUS	n/a	n/a	D255
501.9120000000	n/a	n/a	STATUS	n/a	n/a	D251
501.9640000000	n/a	n/a	STATUS	n/a	n/a	D255
502.0000000000	n/a	n/a	STATUS	n/a	n/a	DI53
502.0520000000	n/a	n/a	STATUS	n/a	n/a	D255
502.4000000000	n/a	n/a	STATUS	n/a	n/a	DI43
502.4480000000	n/a	n/a	STATUS	n/a	n/a	D255
502.7080000000	n/a	n/a	STATUS	n/a	n/a	DIN5
502.7600000000	n/a	n/a	STATUS	n/a	n/a	D255
503.2360000000	n/a	n/a	STATUS	n/a	n/a	D219
503.2880000000	n/a	n/a	STATUS	n/a	n/a	D255
503.3240000000	n/a	n/a	STATUS	n/a	n/a	DI51
503.3760000000	n/a	n/a	STATUS	n/a	n/a	D255
503.7320000000	n/a	n/a	STATUS	n/a	n/a	DI31
503.7800000000	n/a	n/a	STATUS	n/a	n/a	D255
504.0400000000	n/a	n/a	STATUS	n/a	n/a	DIN5
504.0880000000	n/a	n/a	STATUS	n/a	n/a	D255
504.4000000000	n/a	n/a	STATUS	n/a	n/a	DI95
504.4480000000	n/a	n/a	STATUS	n/a	n/a	D255
504.4880000000	n/a	n/a	STATUS	n/a	n/a	DI51
504.5360000000	n/a	n/a	STATUS	n/a	n/a	D255
505.5680000000	n/a	n/a	STATUS	n/a	n/a	DIN3
505.6200000000	n/a	n/a	STATUS	n/a	n/a	D255
506.3720000000	n/a	n/a	STATUS	n/a	n/a	DIN5
506.4240000000	n/a	n/a	STATUS	n/a	n/a	D255
506.8920000000	n/a	n/a	STATUS	n/a	n/a	DI98
506.9440000000	n/a	n/a	STATUS	n/a	n/a	D255
506.9800000000	n/a	n/a	STATUS	n/a	n/a	DI53
507.0320000000	n/a	n/a	STATUS	n/a	n/a	D255
507.2880000000	n/a	n/a	STATUS	n/a	n/a	DI43
507.3400000000	n/a	n/a	STATUS	n/a	n/a	D255
507.5960000000	n/a	n/a	STATUS	n/a	n/a	DIN5
507.6480000000	n/a	n/a	STATUS	n/a	n/a	D255
508.0440000000	n/a	n/a	STATUS	n/a	n/a	D220
508.0920000000	n/a	n/a	STATUS	n/a	n/a	D255
508.1320000000	n/a	n/a	STATUS	n/a	n/a	DI53
508.1800000000	n/a	n/a	STATUS	n/a	n/a	D255
508.5000000000	n/a	n/a	STATUS	n/a	n/a	DI43
508.5520000000	n/a	n/a	STATUS	n/a	n/a	D255
508.8080000000	n/a	n/a	STATUS	n/a	n/a	DIN5
508.8600000000	n/a	n/a	STATUS	n/a	n/a	D255
509.2240000000	n/a	n/a	STATUS	n/a	n/a	D230
509.2760000000	n/a	n/a	STATUS	n/a	n/a	D255
509.3120000000	n/a	n/a	STATUS	n/a	n/a	DI54
509.3600000000	n/a	n/a	STATUS	n/a	n/a	D255
509.6920000000	n/a	n/a	STATUS	n/a	n/a	DI24
509.7400000000	n/a	n/a	STATUS	n/a	n/a	D255
509.7440000000	n/a	n/a	STATUS	n/a	n/a	DIN4
509.7960000000	n/a	n/a	STATUS	n/a	n/a	D255
510.5480000000	n/a	n/a	STATUS	n/a	n/a	DIN5
510.6000000000	n/a	n/a	STATUS	n/a	n/a	D255
511.1040000000	n/a	n/a	STATUS	n/a	n/a	D190
511.1560000000	n/a	n/a	STATUS	n/a	n/a	D255
511.1920000000	n/a	n/a	STATUS	n/a	n/a	DI54
511.2400000000	n/a	n/a	STATUS	n/a	n/a	D255
511.4720000000	n/a	n/a	STATUS	n/a	n/a	DI34
511.5240000000	n/a	n/a	STATUS	n/a	n/a	D255
511.7840000000	n/a	n/a	STATUS	n/a	n/a	DIN5
511.8320000000	n/a	n/a	STATUS	n/a	n/a	D255
512.2920000000	n/a	n/a	STATUS	n/a	n/a	D226
512.3400000000	n/a	n/a	STATUS	n/a	n/a	D255
512.3800000000	n/a	n/a	STATUS	n/a	n/a	DI51
512.4320000000	n/a	n/a	STATUS	n/a	n/a	D255
512.6720000000	n/a	n/a	STATUS	n/a	n/a	DI21
512.7240000000	n/a	n/a	STATUS	n/a	n/a	D255
512.7280000000	n/a	n/a	STATUS	n/a	n/a	DIN4
512.7760000000	n/a	n/a	STATUS	n/a	n/a	D255
513.5320000000	n/a	n/a	STATUS	n/a	n/a	DIN5
513.5840000000	n/a	n/a	STATUS	n/a	n/a	D255
514.0480000000	n/a	n/a	STATUS	n/a	n/a	D227
514.0960000000	n/a	n/a	STATUS	n/a	n/a	D255
514.1360000000	n/a	n/a	STATUS	n/a	n/a	DI53
514.1880000000	n/a	n/a	STATUS	n/a	n/a	D255
514.5560000000	n/a	n/a	STATUS	n/a	n/a	DI43
514.6040000000	n/a	n/a	STATUS	n/a	n/a	D255
514.8640000000	n/a	n/a	STATUS	n/a	n/a	DIN5
514.9160000000	n/a	n/a	STATUS	n/a	n/a	D255
515.3560000000	n/a	n/a	STATUS	n/a	n/a	D154
515.4040000000	n/a	n/a	STATUS	n/a	n/a	D255
515.4440000000	n/a	n/a	STATUS	n/a	n/a	DI53
515.4920000000	n/a	n/a	STATUS	n/a	n/a	D255
515.8320000000	n/a	n/a	STATUS	n/a	n/a	DI43
515.8800000000	n/a	n/a	STATUS	n/a	n/a	D255
516.1400000000	n/a	n/a	STATUS	n/a	n/a	DIN5
516.1880000000	n/a	n/a	STATUS	n/a	n/a	D255
516.5280000000	n/a	n/a	STATUS	n/a	n/a	D123
516.5800000000	n/a	n/a	STATUS	n/a	n/a	D255
516.6160000000	n/a	n/a	STATUS	n/a	n/a	DI54
516.6680000000	n/a	n/a	STATUS	n/a	n/a	D255
516.9640000000	n/a	n/a	STATUS	n/a	n/a	DI24
517.0120000000	n/a	n/a	STATUS	n/a	n/a	D255
517.0200000000	n/a	n/a	STATUS	n/a	n/a	DIN4
517.0680000000	n/a	n/a	STATUS	n/a	n/a	D255
517.8240000000	n/a	n/a	STATUS	n/a	n/a	DIN5
517.8720000000	n/a	n/a	STATUS	n/a	n/a	D255
518.3200000000	n/a	n/a	STATUS	n/a	n/a	D122
518.3680000000	n/a	n/a	STATUS	n/a	n/a	D255
518.4080000000	n/a	n/a	STATUS	n/a	n/a	DI52
518.4560000000	n/a	n/a	STATUS	n/a	n/a	D255
518.8080000000	n/a	n/a	STATUS	n/a	n/a	DI42
518.8600000000	n/a	n/a	STATUS	n/a	n/a	D255
519.1200000000	n/a	n/a	STATUS	n/a	n/a	DIN5
519.1680000000	n/a	n/a	STATUS	n/a	n/a	D255
519.5440000000	n/a	n/a	STATUS	n/a	n/a	D164
519.5960000000	n/a	n/a	STATUS	n/a	n/a	D255
519.6320000000	n/a	n/a	STATUS	n/a	n/a	DI51
519.6840000000	n/a	n/a	STATUS	n/a	n/a	D255
519.9240000000	n/a	n/a	STATUS	n/a	n/a	DI21
519.9720000000	n/a	n/a	STATUS	n/a	n/a	D255
519.9800000000	n/a	n/a	STATUS	n/a	n/a	DIN4
520.0280000000	n/a	n/a	STATUS	n/a	n/a	D255
520.7840000000	n/a	n/a	STATUS	n/a	n/a	DIN5
520.8320000000	n/a	n/a	STATUS	n/a	n/a	D255
521.3320000000	n/a	n/a	STATUS	n/a	n/a	D247
521.3840000000	n/a	n/a	STATUS	n/a	n/a	D255
521.4200000000	n/a	n/a	STATUS	n/a	n/a	DI52
521.4720000000	n/a	n/a	STATUS	n/a	n/a	D255
521.8400000000	n/a	n/a	STATUS	n/a	n/a	DI42
521.8920000000	n/a	n/a	STATUS	n/a	n/a	D255
522.1520000000	n/a	n/a	STATUS	n/a	n/a	DIN5
522.2000000000	n/a	n/a	STATUS	n/a	n/a	D255
522.6520000000	n/a	n/a	STATUS	n/a	n/a	D124
522.7000000000	n/a	n/a	STATUS	n/a	n/a	D255
522.7360000000	n/a	n/a	STATUS	n/a	n/a	DI53
522.7880000000	n/a	n/a	STATUS	n/a	n/a	D255
523.0880000000	n/a	n/a	STATUS	n/a	n/a	DI43
523.1400000000	n/a	n/a	STATUS	n/a	n/a	D255
523.4000000000	n/a	n/a	STATUS	n/a	n/a	DIN5
523.4480000000	n/a	n/a	STATUS	n/a	n/a	D255
523.7880000000	n/a	n/a	STATUS	n/a	n/a	D254
523.8360000000	n/a	n/a	STATUS	n/a	n/a	D255
523.8760000000	n/a	n/a	STATUS	n/a	n/a	DI54
523.9280000000	n/a	n/a	STATUS	n/a	n/a	D255
524.2760000000	n/a	n/a	STATUS	n/a	n/a	DI34
524.3240000000	n/a	n/a	STATUS	n/a	n/a	D255
524.5840000000	n/a	n/a	STATUS	n/a	n/a	DIN5
524.6360000000	n/a	n/a	STATUS	n/a	n/a	D255
524.9800000000	n/a	n/a	STATUS	n/a	n/a	D243
525.0280000000	n/a	n/a	STATUS	n/a	n/a	D255
525.0680000000	n/a	n/a	STATUS	n/a	n/a	DI51
525.1160000000	n/a	n/a	STATUS	n/a	n/a	D255
525.1160000000	n/a	n/a	STATUS	n/a	n/a	D247
525.3840000000	n/a	n/a	STATUS	n/a	n/a	DI21
525.4320000000	n/a	n/a	STATUS	n/a	n/a	D255
525.4360000000	n/a	n/a	STATUS	n/a	n/a	DIN4
525.4880000000	n/a	n/a	STATUS	n/a	n/a	D255
526.2440000000	n/a	n/a	STATUS	n/a	n/a	DIN5
526.2920000000	n/a	n/a	STATUS	n/a	n/a	D255
526.6680000000	n/a	n/a	STATUS	n/a	n/a	D189
526.7160000000	n/a	n/a	STATUS	n/a	n/a	D255
526.7560000000	n/a	n/a	STATUS	n/a	n/a	DI51
526.8040000000	n/a	n/a	STATUS	n/a	n/a	D255
527.1720000000	n/a	n/a	STATUS	n/a	n/a	DI31
527.2200000000	n/a	n/a	STATUS	n/a	n/a	D255
527.4800000000	n/a	n/a	STATUS	n/a	n/a	DIN5
527.5320000000	n/a	n/a	STATUS	n/a	n/a	D255
527.9520000000	n/a	n/a	STATUS	n/a	n/a	D231
528.0000000000	n/a	n/a	STATUS	n/a	n/a	D255
528.0360000000	n/a	n/a	STATUS	n/a	n/a	DI54
528.0880000000	n/a	n/a	STATUS	n/a	n/a	D255
528.3680000000	n/a	n/a	STATUS	n/a	n/a	DI34
528.4160000000	n/a	n/a	STATUS	n/a	n/a	D255
528.6760000000	n/a	n/a	STATUS	n/a	n/a	DIN5
528.7240000000	n/a	n/a	STATUS	n/a	n/a	D255
529.1320000000	n/a	n/a	STATUS	n/a	n/a	D206
529.1800000000	n/a	n/a	STATUS	n/a	n/a	D255
529.2200000000	n/a	n/a	STATUS	n/a	n/a	DI52
529.2680000000	n/a	n/a	STATUS	n/a	n/a	D255
529.6240000000	n/a	n/a	STATUS	n/a	n/a	DI42
529.6760000000	n/a	n/a	STATUS	n/a	n/a	D255
529.9320000000	n/a	n/a	STATUS	n/a	n/a	DIN5
529.9840000000	n/a	n/a	STATUS	n/a	n/a	D255
530.2920000000	n/a	n/a	STATUS	n/a	n/a	D141
530.3440000000	n/a	n/a	STATUS	n/a	n/a	D255
530.3800000000	n/a	n/a	STATUS	n/a	n/a	DI54
530.4320000000	n/a	n/a	STATUS	n/a	n/a	D255
530.7160000000	n/a	n/a	STATUS	n/a	n/a	DI34
530.7680000000	n/a	n/a	STATUS	n/a	n/a	D255
531.0280000000	n/a	n/a	STATUS	n/a	n/a	DIN5
531.0760000000	n/a	n/a	STATUS	n/a	n/a	D255
531.5640000000	n/a	n/a	STATUS	n/a	n/a	D228
531.6120000000	n/a	n/a	STATUS	n/a	n/a	D255
531.6520000000	n/a	n/a	STATUS	n/a	n/a	DI54
531.7000000000	n/a	n/a	STATUS	n/a	n/a	D255
531.9960000000	n/a	n/a	STATUS	n/a	n/a	DI34
532.0440000000	n/a	n/a	STATUS	n/a	n/a	D255
532.3040000000	n/a	n/a	STATUS	n/a	n/a	DIN5
532.3560000000	n/a	n/a	STATUS	n/a	n/a	D255
532.8400000000	n/a	n/a	STATUS	n/a	n/a	D215
532.8880000000	n/a	n/a	STATUS	n/a	n/a	D255
532.9240000000	n/a	n/a	STATUS	n/a	n/a	DI54
532.9760000000	n/a	n/a	STATUS	n/a	n/a	D255
533.4080000000	n/a	n/a	STATUS	n/a	n/a	DI34
533.4560000000	n/a	n/a	STATUS	n/a	n/a	D255
533.7160000000	n/a	n/a	STATUS	n/a	n/a	DIN5
533.7680000000	n/a	n/a	STATUS	n/a	n/a	D255
534.0960000000	n/a	n/a	STATUS	n/a	n/a	D118
534.1480000000	n/a	n/a	STATUS	n/a	n/a	D255
534.1840000000	n/a	n/a	STATUS	n/a	n/a	DI51
534.2320000000	n/a	n/a	STATUS	n/a	n/a	D255
534.5000000000	n/a	n/a	STATUS	n/a	n/a	DI21
534.5480000000	n/a	n/a	STATUS	n/a	n/a	D255
534.5520000000	n/a	n/a	STATUS	n/a	n/a	DIN4
534.6040000000	n/a	n/a	STATUS	n/a	n/a	D255
535.3600000000	n/a	n/a	STATUS	n/a	n/a	DIN5
535.4080000000	n/a	n/a	STATUS	n/a	n/a	D255
535.8920000000	n/a	n/a	STATUS	n/a	n/a	D213
535.9440000000	n/a	n/a	STATUS	n/a	n/a	D255
535.9800000000	n/a	n/a	STATUS	n/a	n/a	DI53
536.0320000000	n/a	n/a	STATUS	n/a	n/a	D255
536.3320000000	n/a	n/a	STATUS	n/a	n/a	DI43
536.3840000000	n/a	n/a	STATUS	n/a	n/a	D255
536.6440000000	n/a	n/a	STATUS	n/a	n/a	DIN5
536.6920000000	n/a	n/a	STATUS	n/a	n/a	D255
537.0040000000	n/a	n/a	STATUS	n/a	n/a	D191
537.0520000000	n/a	n/a	STATUS	n/a	n/a	D255
537.0920000000	n/a	n/a	STATUS	n/a	n/a	DI51
537.1400000000	n/a	n/a	STATUS	n/a	n/a	D255
537.5040000000	n/a	n/a	STATUS	n/a	n/a	DI31
537.5520000000	n/a	n/a	STATUS	n/a	n/a	D255
537.8120000000	n/a	n/a	STATUS	n/a	n/a	DIN5
537.8600000000	n/a	n/a	STATUS	n/a	n/a	D255
538.3520000000	n/a	n/a	STATUS	n/a	n/a	D229
538.4000000000	n/a	n/a	STATUS	n/a	n/a	D255
538.4400000000	n/a	n/a	STATUS	n/a	n/a	DI53
538.4880000000	n/a	n/a	STATUS	n/a	n/a	D255
538.7600000000	n/a	n/a	STATUS	n/a	n/a	DI43
538.8080000000	n/a	n/a	STATUS	n/a	n/a	D255
539.0680000000	n/a	n/a	STATUS	n/a	n/a	DIN5
539.1200000000	n/a	n/a	STATUS	n/a	n/a	D255
539.4280000000	n/a	n/a	STATUS	n/a	n/a	D108
539.4760000000	n/a	n/a	STATUS	n/a	n/a	D255
539.5160000000	n/a	n/a	STATUS	n/a	n/a	DI51
539.5640000000	n/a	n/a	STATUS	n/a	n/a	D255
539.9280000000	n/a	n/a	STATUS	n/a	n/a	DI31
539.9760000000	n/a	n/a	STATUS	n/a	n/a	D255
540.2360000000	n/a	n/a	STATUS	n/a	n/a	DIN5
540.2880000000	n/a	n/a	STATUS	n/a	n/a	D255
540.7120000000	n/a	n/a	STATUS	n/a	n/a	D223
540.7600000000	n/a	n/a	STATUS	n/a	n/a	D255
540.8000000000	n/a	n/a	STATUS	n/a	n/a	DI51
540.8480000000	n/a	n/a	STATUS	n/a	n/a	D255
541.4200000000	n/a	n/a	STATUS	n/a	n/a	DI31
541.4720000000	n/a	n/a	STATUS	n/a	n/a	D255
541.7280000000	n/a	n/a	STATUS	n/a	n/a	DIN5
541.7800000000	n/a	n/a	STATUS	n/a	n/a	D255
542.2640000000	n/a	n/a	STATUS	n/a	n/a	D171
542.3160000000	n/a	n/a	STATUS	n/a	n/a	D255
542.3520000000	n/a	n/a	STATUS	n/a	n/a	DI51
542.4040000000	n/a	n/a	STATUS	n/a	n/a	D255
542.8880000000	n/a	n/a	STATUS	n/a	n/a	DI31
542.9360000000	n/a	n/a	STATUS	n/a	n/a	D255
543.1960000000	n/a	n/a	STATUS	n/a	n/a	DIN5
543.2440000000	n/a	n/a	STATUS	n/a	n/a	D255
543.5760000000	n/a	n/a	STATUS	n/a	n/a	D235
543.6240000000	n/a	n/a	STATUS	n/a	n/a	D255
543.6640000000	n/a	n/a	STATUS	n/a	n/a	DI52
543.7120000000	n/a	n/a	STATUS	n/a	n/a	D255
544.1000000000	n/a	n/a	STATUS	n/a	n/a	DI42
544.1520000000	n/a	n/a	STATUS	n/a	n/a	D255
544.4080000000	n/a	n/a	STATUS	n/a	n/a	DIN5
544.4600000000	n/a	n/a	STATUS	n/a	n/a	D255
544.9200000000	n/a	n/a	STATUS	n/a	n/a	D139
544.9720000000	n/a	n/a	STATUS	n/a	n/a	D255
545.0080000000	n/a	n/a	STATUS	n/a	n/a	DI53
545.0560000000	n/a	n/a	STATUS	n/a	n/a	D255
545.3800000000	n/a	n/a	STATUS	n/a	n/a	DI43
545.4320000000	n/a	n/a	STATUS	n/a	n/a	D255
545.6920000000	n/a	n/a	STATUS	n/a	n/a	DIN5
545.7400000000	n/a	n/a	STATUS	n/a	n/a	D255
546.0760000000	n/a	n/a	STATUS	n/a	n/a	D106
546.1240000000	n/a	n/a	STATUS	n/a	n/a	D255
546.1640000000	n/a	n/a	STATUS	n/a	n/a	DI54
546.2120000000	n/a	n/a	STATUS	n/a	n/a	D255
546.5400000000	n/a	n/a	STATUS	n/a	n/a	DI34
546.5920000000	n/a	n/a	STATUS	n/a	n/a	D255
546.8520000000	n/a	n/a	STATUS	n/a	n/a	DIN5
546.9000000000	n/a	n/a	STATUS	n/a	n/a	D255
547.2400000000	n/a	n/a	STATUS	n/a	n/a	D113
547.2880000000	n/a	n/a	STATUS	n/a	n/a	D255
547.3280000000	n/a	n/a	STATUS	n/a	n/a	DI52
547.3760000000	n/a	n/a	STATUS	n/a	n/a	D255
547.7200000000	n/a	n/a	STATUS	n/a	n/a	DI42
547.7680000000	n/a	n/a	STATUS	n/a	n/a	D255
548.0280000000	n/a	n/a	STATUS	n/a	n/a	DIN5
548.0800000000	n/a	n/a	STATUS	n/a	n/a	D255
548.4440000000	n/a	n/a	STATUS	n/a	n/a	D156
548.4960000000	n/a	n/a	STATUS	n/a	n/a	D255
548.5320000000	n/a	n/a	STATUS	n/a	n/a	DI53
548.5840000000	n/a	n/a	STATUS	n/a	n/a	D255
548.8680000000	n/a	n/a	STATUS	n/a	n/a	DI43
548.9200000000	n/a	n/a	STATUS	n/a	n/a	D255
549.1800000000	n/a	n/a	STATUS	n/a	n/a	DIN5
549.2280000000	n/a	n/a	STATUS	n/a	n/a	D255
549.5760000000	n/a	n/a	STATUS	n/a	n/a	D148
549.6280000000	n/a	n/a	STATUS	n/a	n/a	D255
549.6640000000	n/a	n/a	STATUS	n/a	n/a	DI52
549.7160000000	n/a	n/a	STATUS	n/a	n/a	D255
550.1640000000	n/a	n/a	STATUS	n/a	n/a	DI42
550.2160000000	n/a	n/a	STATUS	n/a	n/a	D255
550.4760000000	n/a	n/a	STATUS	n/a	n/a	DIN5
550.5240000000	n/a	n/a	STATUS	n/a	n/a	D255
550.9320000000	n/a	n/a	STATUS	n/a	n/a	D104
550.9800000000	n/a	n/a	STATUS	n/a	n/a	D255
551.0160000000	n/a	n/a	STATUS	n/a	n/a	DI52
551.0680000000	n/a	n/a	STATUS	n/a	n/a	D255
551.2880000000	n/a	n/a	STATUS	n/a	n/a	DI12
551.3400000000	n/a	n/a	STATUS	n/a	n/a	D255
551.3440000000	n/a	n/a	STATUS	n/a	n/a	DIN4
551.3920000000	n/a	n/a	STATUS	n/a	n/a	D255
552.1480000000	n/a	n/a	STATUS	n/a	n/a	DIN5
552.2000000000	n/a	n/a	STATUS	n/a	n/a	D255
552.6280000000	n/a	n/a	STATUS	n/a	n/a	D175
552.6800000000	n/a	n/a	STATUS	n/a	n/a	D255
552.7160000000	n/a	n/a	STATUS	n/a	n/a	DI52
552.7680000000	n/a	n/a	STATUS	n/a	n/a	D255
553.1280000000	n/a	n/a	STATUS	n/a	n/a	DI12
553.1760000000	n/a	n/a	STATUS	n/a	n/a	D255
553.1800000000	n/a	n/a	STATUS	n/a	n/a	DIN4
553.2320000000	n/a	n/a	STATUS	n/a	n/a	D255
553.9840000000	n/a	n/a	STATUS	n/a	n/a	DIN5
554.0360000000	n/a	n/a	STATUS	n/a	n/a	D255
554.4040000000	n/a	n/a	STATUS	n/a	n/a	D147
554.4560000000	n/a	n/a	STATUS	n/a	n/a	D255
554.4920000000	n/a	n/a	STATUS	n/a	n/a	DI53
554.5440000000	n/a	n/a	STATUS	n/a	n/a	D255
554.9080000000	n/a	n/a	STATUS	n/a	n/a	DI43
554.9600000000	n/a	n/a	STATUS	n/a	n/a	D255
568.6160000000	n/a	n/a	STATUS	n/a	n/a	DIN5
568.6680000000	n/a	n/a	STATUS	n/a	n/a	D255
569.1520000000	n/a	n/a	STATUS	n/a	n/a	D160
569.2000000000	n/a	n/a	STATUS	n/a	n/a	D255
569.2400000000	n/a	n/a	STATUS	n/a	n/a	DI51
569.2920000000	n/a	n/a	STATUS	n/a	n/a	D255
569.6480000000	n/a	n/a	STATUS	n/a	n/a	DI31
569.7000000000	n/a	n/a	STATUS	n/a	n/a	D255
569.9600000000	n/a	n/a	STATUS	n/a	n/a	DIN5
570.0080000000	n/a	n/a	STATUS	n/a	n/a	D255
570.4880000000	n/a	n/a	STATUS	n/a	n/a	DI82
570.5400000000	n/a	n/a	STATUS	n/a	n/a	D255
570.5760000000	n/a	n/a	STATUS	n/a	n/a	DI51
570.6280000000	n/a	n/a	STATUS	n/a	n/a	D255
570.9760000000	n/a	n/a	STATUS	n/a	n/a	DI31
571.0280000000	n/a	n/a	STATUS	n/a	n/a	D255
571.2880000000	n/a	n/a	STATUS	n/a	n/a	DIN5
571.3360000000	n/a	n/a	STATUS	n/a	n/a	D255
571.6400000000	n/a	n/a	STATUS	n/a	n/a	DI65
571.6920000000	n/a	n/a	STATUS	n/a	n/a	D255
571.7280000000	n/a	n/a	STATUS	n/a	n/a	DI53
571.7800000000	n/a	n/a	STATUS	n/a	n/a	D255
572.2080000000	n/a	n/a	STATUS	n/a	n/a	DI43
572.2560000000	n/a	n/a	STATUS	n/a	n/a	D255
572.5160000000	n/a	n/a	STATUS	n/a	n/a	DIN5
572.5680000000	n/a	n/a	STATUS	n/a	n/a	D255
572.8760000000	n/a	n/a	STATUS	n/a	n/a	D220
572.9280000000	n/a	n/a	STATUS	n/a	n/a	D255
572.9640000000	n/a	n/a	STATUS	n/a	n/a	DI52
573.0120000000	n/a	n/a	STATUS	n/a	n/a	D255
573.3560000000	n/a	n/a	STATUS	n/a	n/a	DI42
573.4080000000	n/a	n/a	STATUS	n/a	n/a	D255
573.6680000000	n/a	n/a	STATUS	n/a	n/a	DIN5
573.7160000000	n/a	n/a	STATUS	n/a	n/a	D255
574.1760000000	n/a	n/a	STATUS	n/a	n/a	D171
574.2240000000	n/a	n/a	STATUS	n/a	n/a	D255
574.2640000000	n/a	n/a	STATUS	n/a	n/a	DI51
574.3120000000	n/a	n/a	STATUS	n/a	n/a	D255
574.6600000000	n/a	n/a	STATUS	n/a	n/a	DI31
574.7120000000	n/a	n/a	STATUS	n/a	n/a	D255
574.9720000000	n/a	n/a	STATUS	n/a	n/a	DIN5
575.0200000000	n/a	n/a	STATUS	n/a	n/a	D255
575.4520000000	n/a	n/a	STATUS	n/a	n/a	D130
575.5000000000	n/a	n/a	STATUS	n/a	n/a	D255
575.5400000000	n/a	n/a	STATUS	n/a	n/a	DI54
575.5880000000	n/a	n/a	STATUS	n/a	n/a	D255
575.8840000000	n/a	n/a	STATUS	n/a	n/a	DI34
575.9360000000	n/a	n/a	STATUS	n/a	n/a	D255
576.1920000000	n/a	n/a	STATUS	n/a	n/a	DIN5
576.2440000000	n/a	n/a	STATUS	n/a	n/a	D255
576.5840000000	n/a	n/a	STATUS	n/a	n/a	D198
576.6320000000	n/a	n/a	STATUS	n/a	n/a	D199
576.6360000000	n/a	n/a	STATUS	n/a	n/a	D255
576.6720000000	n/a	n/a	STATUS	n/a	n/a	DI51
576.7240000000	n/a	n/a	STATUS	n/a	n/a	D255
577.0840000000	n/a	n/a	STATUS	n/a	n/a	DI31
577.1320000000	n/a	n/a	STATUS	n/a	n/a	D255
577.3920000000	n/a	n/a	STATUS	n/a	n/a	DIN5
577.4440000000	n/a	n/a	STATUS	n/a	n/a	D255
577.9360000000	n/a	n/a	STATUS	n/a	n/a	D118
577.9880000000	n/a	n/a	STATUS	n/a	n/a	D255
578.0240000000	n/a	n/a	STATUS	n/a	n/a	DI51
578.0760000000	n/a	n/a	STATUS	n/a	n/a	D255
578.3600000000	n/a	n/a	STATUS	n/a	n/a	DI31
578.4080000000	n/a	n/a	STATUS	n/a	n/a	D255
578.6680000000	n/a	n/a	STATUS	n/a	n/a	DIN5
578.7200000000	n/a	n/a	STATUS	n/a	n/a	D255
579.0440000000	n/a	n/a	STATUS	n/a	n/a	D100
579.0920000000	n/a	n/a	STATUS	n/a	n/a	D255
579.1320000000	n/a	n/a	STATUS	n/a	n/a	DI51
579.1800000000	n/a	n/a	STATUS	n/a	n/a	D255
579.4840000000	n/a	n/a	STATUS	n/a	n/a	DI31
579.5360000000	n/a	n/a	STATUS	n/a	n/a	D255
579.7920000000	n/a	n/a	STATUS	n/a	n/a	DIN5
579.8440000000	n/a	n/a	STATUS	n/a	n/a	D255
580.1920000000	n/a	n/a	STATUS	n/a	n/a	DI89
580.2440000000	n/a	n/a	STATUS	n/a	n/a	D255
580.2800000000	n/a	n/a	STATUS	n/a	n/a	DI51
580.3320000000	n/a	n/a	STATUS	n/a	n/a	D255
580.6200000000	n/a	n/a	STATUS	n/a	n/a	DI31
580.6720000000	n/a	n/a	STATUS	n/a	n/a	D255
580.9320000000	n/a	n/a	STATUS	n/a	n/a	DIN5
580.9800000000	n/a	n/a	STATUS	n/a	n/a	D255
581.3040000000	n/a	n/a	STATUS	n/a	n/a	D104
581.3560000000	n/a	n/a	STATUS	n/a	n/a	D255
581.3920000000	n/a	n/a	STATUS	n/a	n/a	DI53
581.4440000000	n/a	n/a	STATUS	n/a	n/a	D255
581.8000000000	n/a	n/a	STATUS	n/a	n/a	DI43
581.8520000000	n/a	n/a	STATUS	n/a	n/a	D255
582.1120000000	n/a	n/a	STATUS	n/a	n/a	DIN5
582.1600000000	n/a	n/a	STATUS	n/a	n/a	D255
582.5800000000	n/a	n/a	STATUS	n/a	n/a	DI80
582.6320000000	n/a	n/a	STATUS	n/a	n/a	D255
582.6680000000	n/a	n/a	STATUS	n/a	n/a	DI54
582.7160000000	n/a	n/a	STATUS	n/a	n/a	D255
582.7160000000	n/a	n/a	STATUS	n/a	n/a	D118
582.9560000000	n/a	n/a	STATUS	n/a	n/a	DI34
583.0040000000	n/a	n/a	STATUS	n/a	n/a	D255
583.2640000000	n/a	n/a	STATUS	n/a	n/a	DIN5
583.3120000000	n/a	n/a	STATUS	n/a	n/a	D255
583.8040000000	n/a	n/a	STATUS	n/a	n/a	D191
583.8520000000	n/a	n/a	STATUS	n/a	n/a	D255
583.8920000000	n/a	n/a	STATUS	n/a	n/a	DI52
583.9400000000	n/a	n/a	STATUS	n/a	n/a	D255
584.2640000000	n/a	n/a	STATUS	n/a	n/a	DI42
584.3160000000	n/a	n/a	STATUS	n/a	n/a	D255
584.5720000000	n/a	n/a	STATUS	n/a	n/a	DIN5
584.6240000000	n/a	n/a	STATUS	n/a	n/a	D255
585.0920000000	n/a	n/a	STATUS	n/a	n/a	DI77
585.1440000000	n/a	n/a	STATUS	n/a	n/a	D255
585.1800000000	n/a	n/a	STATUS	n/a	n/a	DI51
585.2320000000	n/a	n/a	STATUS	n/a	n/a	D255
585.4720000000	n/a	n/a	STATUS	n/a	n/a	DI21
585.5240000000	n/a	n/a	STATUS	n/a	n/a	D255
585.5280000000	n/a	n/a	STATUS	n/a	n/a	DIN4
585.5760000000	n/a	n/a	STATUS	n/a	n/a	D255
586.3320000000	n/a	n/a	STATUS	n/a	n/a	DIN5
586.3840000000	n/a	n/a	STATUS	n/a	n/a	D255
586.8040000000	n/a	n/a	STATUS	n/a	n/a	D193
586.8520000000	n/a	n/a	STATUS	n/a	n/a	D255
586.8920000000	n/a	n/a	STATUS	n/a	n/a	DI53
586.9400000000	n/a	n/a	STATUS	n/a	n/a	D255
587.2320000000	n/a	n/a	STATUS	n/a	n/a	DI43
587.2800000000	n/a	n/a	STATUS	n/a	n/a	D255
587.5400000000	n/a	n/a	STATUS	n/a	n/a	DIN5
587.5920000000	n/a	n/a	STATUS	n/a	n/a	D255
587.9520000000	n/a	n/a	STATUS	n/a	n/a	D133
588.0000000000	n/a	n/a	STATUS	n/a	n/a	D255
588.0360000000	n/a	n/a	STATUS	n/a	n/a	DI53
588.0880000000	n/a	n/a	STATUS	n/a	n/a	D255
588.3720000000	n/a	n/a	STATUS	n/a	n/a	DI43
588.4200000000	n/a	n/a	STATUS	n/a	n/a	D255
588.6800000000	n/a	n/a	STATUS	n/a	n/a	DIN5
588.7320000000	n/a	n/a	STATUS	n/a	n/a	D255
589.1040000000	n/a	n/a	STATUS	n/a	n/a	D145
589.1560000000	n/a	n/a	STATUS	n/a	n/a	D255
589.1920000000	n/a	n/a	STATUS	n/a	n/a	DI54
589.2440000000	n/a	n/a	STATUS	n/a	n/a	D255
589.6400000000	n/a	n/a	STATUS	n/a	n/a	DI34
589.6880000000	n/a	n/a	STATUS	n/a	n/a	D255
589.9480000000	n/a	n/a	STATUS	n/a	n/a	DIN5
590.0000000000	n/a	n/a	STATUS	n/a	n/a	D255
590.3600000000	n/a	n/a	STATUS	n/a	n/a	D155
590.4080000000	n/a	n/a	STATUS	n/a	n/a	D255
590.4480000000	n/a	n/a	STATUS	n/a	n/a	DI52
590.4960000000	n/a	n/a	STATUS	n/a	n/a	D255
590.8080000000	n/a	n/a	STATUS	n/a	n/a	DI42
590.8560000000	n/a	n/a	STATUS	n/a	n/a	D255
591.1160000000	n/a	n/a	STATUS	n/a	n/a	DIN5
591.1680000000	n/a	n/a	STATUS	n/a	n/a	D255
591.6720000000	n/a	n/a	STATUS	n/a	n/a	D185
591.7200000000	n/a	n/a	STATUS	n/a	n/a	D255
591.7600000000	n/a	n/a	STATUS	n/a	n/a	DI52
591.8080000000	n/a	n/a	STATUS	n/a	n/a	D255
592.1760000000	n/a	n/a	STATUS	n/a	n/a	DI42
592.2280000000	n/a	n/a	STATUS	n/a	n/a	D255
592.4880000000	n/a	n/a	STATUS	n/a	n/a	DIN5
592.5360000000	n/a	n/a	STATUS	n/a	n/a	D255
593.0400000000	n/a	n/a	STATUS	n/a	n/a	D227
593.0920000000	n/a	n/a	STATUS	n/a	n/a	D255
593.1280000000	n/a	n/a	STATUS	n/a	n/a	DI51
593.1800000000	n/a	n/a	STATUS	n/a	n/a	D255
593.5440000000	n/a	n/a	STATUS	n/a	n/a	DI31
593.5920000000	n/a	n/a	STATUS	n/a	n/a	D255
593.8520000000	n/a	n/a	STATUS	n/a	n/a	DIN5
593.9040000000	n/a	n/a	STATUS	n/a	n/a	D255
594.2520000000	n/a	n/a	STATUS	n/a	n/a	D204
594.3040000000	n/a	n/a	STATUS	n/a	n/a	D255
594.3400000000	n/a	n/a	STATUS	n/a	n/a	DI51
594.3920000000	n/a	n/a	STATUS	n/a	n/a	D255
594.8000000000	n/a	n/a	STATUS	n/a	n/a	DI31
594.8480000000	n/a	n/a	STATUS	n/a	n/a	D255
595.1080000000	n/a	n/a	STATUS	n/a	n/a	DIN5
595.1600000000	n/a	n/a	STATUS	n/a	n/a	D255
595.5080000000	n/a	n/a	STATUS	n/a	n/a	DI74
595.5560000000	n/a	n/a	STATUS	n/a	n/a	D255
595.5960000000	n/a	n/a	STATUS	n/a	n/a	DI53
595.6440000000	n/a	n/a	STATUS	n/a	n/a	D255
595.9560000000	n/a	n/a	STATUS	n/a	n/a	DI43
596.0040000000	n/a	n/a	STATUS	n/a	n/a	D255
596.2640000000	n/a	n/a	STATUS	n/a	n/a	DIN5
596.3160000000	n/a	n/a	STATUS	n/a	n/a	D255
596.7160000000	n/a	n/a	STATUS	n/a	n/a	D228
596.7640000000	n/a	n/a	STATUS	n/a	n/a	D255
596.8040000000	n/a	n/a	STATUS	n/a	n/a	DI52
596.8520000000	n/a	n/a	STATUS	n/a	n/a	D255
597.2960000000	n/a	n/a	STATUS	n/a	n/a	DI42
597.3480000000	n/a	n/a	STATUS	n/a	n/a	D255
597.6040000000	n/a	n/a	STATUS	n/a	n/a	DIN5
597.6560000000	n/a	n/a	STATUS	n/a	n/a	D255
597.9800000000	n/a	n/a	STATUS	n/a	n/a	D113
598.0320000000	n/a	n/a	STATUS	n/a	n/a	D255
598.0680000000	n/a	n/a	STATUS	n/a	n/a	DI52
598.1200000000	n/a	n/a	STATUS	n/a	n/a	D255
598.5120000000	n/a	n/a	STATUS	n/a	n/a	DI42
598.5640000000	n/a	n/a	STATUS	n/a	n/a	D255
598.8200000000	n/a	n/a	STATUS	n/a	n/a	DIN5
598.8720000000	n/a	n/a	STATUS	n/a	n/a	D255
599.3200000000	n/a	n/a	STATUS	n/a	n/a	D151
599.3720000000	n/a	n/a	STATUS	n/a	n/a	D255
599.4080000000	n/a	n/a	STATUS	n/a	n/a	DI51
599.4600000000	n/a	n/a	STATUS	n/a	n/a	D255
599.7920000000	n/a	n/a	STATUS	n/a	n/a	DI31
599.8440000000	n/a	n/a	STATUS	n/a	n/a	D255
600.1040000000	n/a	n/a	STATUS	n/a	n/a	DIN5
600.1520000000	n/a	n/a	STATUS	n/a	n/a	D255
600.4880000000	n/a	n/a	STATUS	n/a	n/a	D205
600.5360000000	n/a	n/a	STATUS	n/a	n/a	D255
600.5760000000	n/a	n/a	STATUS	n/a	n/a	DI52
600.6240000000	n/a	n/a	STATUS	n/a	n/a	D255
601.0040000000	n/a	n/a	STATUS	n/a	n/a	DI42
601.0520000000	n/a	n/a	STATUS	n/a	n/a	D255
601.3120000000	n/a	n/a	STATUS	n/a	n/a	DIN5
601.3640000000	n/a	n/a	STATUS	n/a	n/a	D255
601.7760000000	n/a	n/a	STATUS	n/a	n/a	D217
601.8280000000	n/a	n/a	STATUS	n/a	n/a	D255
601.8680000000	n/a	n/a	STATUS	n/a	n/a	DI51
601.9160000000	n/a	n/a	STATUS	n/a	n/a	D255
602.2800000000	n/a	n/a	STATUS	n/a	n/a	DI31
602.3280000000	n/a	n/a	STATUS	n/a	n/a	D255
602.5880000000	n/a	n/a	STATUS	n/a	n/a	DIN5
602.6360000000	n/a	n/a	STATUS	n/a	n/a	D255
602.9680000000	n/a	n/a	STATUS	n/a	n/a	D244
603.0160000000	n/a	n/a	STATUS	n/a	n/a	D255
603.0560000000	n/a	n/a	STATUS	n/a	n/a	DI53
603.1040000000	n/a	n/a	STATUS	n/a	n/a	D255
603.3960000000	n/a	n/a	STATUS	n/a	n/a	DI43
603.4480000000	n/a	n/a	STATUS	n/a	n/a	D255
603.7040000000	n/a	n/a	STATUS	n/a	n/a	DIN5
603.7560000000	n/a	n/a	STATUS	n/a	n/a	D255
604.2200000000	n/a	n/a	STATUS	n/a	n/a	D197
604.2720000000	n/a	n/a	STATUS	n/a	n/a	D255
604.3080000000	n/a	n/a	STATUS	n/a	n/a	DI51
604.3600000000	n/a	n/a	STATUS	n/a	n/a	D255
604.7480000000	n/a	n/a	STATUS	n/a	n/a	DI31
604.8000000000	n/a	n/a	STATUS	n/a	n/a	D255
605.0560000000	n/a	n/a	STATUS	n/a	n/a	DIN5
605.1080000000	n/a	n/a	STATUS	n/a	n/a	D255
605.5240000000	n/a	n/a	STATUS	n/a	n/a	D134
605.5720000000	n/a	n/a	STATUS	n/a	n/a	D255
605.6080000000	n/a	n/a	STATUS	n/a	n/a	DI52
605.6600000000	n/a	n/a	STATUS	n/a	n/a	D255
605.9840000000	n/a	n/a	STATUS	n/a	n/a	DI42
606.0320000000	n/a	n/a	STATUS	n/a	n/a	D255
606.2920000000	n/a	n/a	STATUS	n/a	n/a	DIN5
606.3400000000	n/a	n/a	STATUS	n/a	n/a	D255
606.8200000000	n/a	n/a	STATUS	n/a	n/a	D139
606.8720000000	n/a	n/a	STATUS	n/a	n/a	D255
606.9080000000	n/a	n/a	STATUS	n/a	n/a	DI53
606.9600000000	n/a	n/a	STATUS	n/a	n/a	D255
607.2720000000	n/a	n/a	STATUS	n/a	n/a	DI43
607.3200000000	n/a	n/a	STATUS	n/a	n/a	D255
607.5800000000	n/a	n/a	STATUS	n/a	n/a	DIN5
607.6320000000	n/a	n/a	STATUS	n/a	n/a	D255
608.1320000000	n/a	n/a	STATUS	n/a	n/a	D149
608.1800000000	n/a	n/a	STATUS	n/a	n/a	D255
608.2200000000	n/a	n/a	STATUS	n/a	n/a	DI51
608.2680000000	n/a	n/a	STATUS	n/a	n/a	D255
608.5680000000	n/a	n/a	STATUS	n/a	n/a	DI31
608.6160000000	n/a	n/a	STATUS	n/a	n/a	D255
608.8760000000	n/a	n/a	STATUS	n/a	n/a	DIN5
608.9280000000	n/a	n/a	STATUS	n/a	n/a	D255
609.2760000000	n/a	n/a	STATUS	n/a	n/a	DI88
609.3240000000	n/a	n/a	STATUS	n/a	n/a	D255
609.3640000000	n/a	n/a	STATUS	n/a	n/a	DI51
609.4120000000	n/a	n/a	STATUS	n/a	n/a	D255
609.8600000000	n/a	n/a	STATUS	n/a	n/a	DI31
609.9080000000	n/a	n/a	STATUS	n/a	n/a	D255
610.1680000000	n/a	n/a	STATUS	n/a	n/a	DIN5
610.2200000000	n/a	n/a	STATUS	n/a	n/a	D255
610.6440000000	n/a	n/a	STATUS	n/a	n/a	DI79
610.6920000000	n/a	n/a	STATUS	n/a	n/a	D255
610.7280000000	n/a	n/a	STATUS	n/a	n/a	DI54
610.7800000000	n/a	n/a	STATUS	n/a	n/a	D255
611.0280000000	n/a	n/a	STATUS	n/a	n/a	DI34
611.0760000000	n/a	n/a	STATUS	n/a	n/a	D255
611.3360000000	n/a	n/a	STATUS	n/a	n/a	DIN5
611.3880000000	n/a	n/a	STATUS	n/a	n/a	D255
611.7360000000	n/a	n/a	STATUS	n/a	n/a	DI76
611.7840000000	n/a	n/a	STATUS	n/a	n/a	D255
611.8240000000	n/a	n/a	STATUS	n/a	n/a	DI53
611.8720000000	n/a	n/a	STATUS	n/a	n/a	D255
612.1520000000	n/a	n/a	STATUS	n/a	n/a	DI43
612.2040000000	n/a	n/a	STATUS	n/a	n/a	D255
612.4640000000	n/a	n/a	STATUS	n/a	n/a	DIN5
612.5120000000	n/a	n/a	STATUS	n/a	n/a	D255
612.9440000000	n/a	n/a	STATUS	n/a	n/a	D201
612.9920000000	n/a	n/a	STATUS	n/a	n/a	D255
613.0320000000	n/a	n/a	STATUS	n/a	n/a	DI54
613.0800000000	n/a	n/a	STATUS	n/a	n/a	D255
613.3800000000	n/a	n/a	STATUS	n/a	n/a	DI34
613.4320000000	n/a	n/a	STATUS	n/a	n/a	D255
613.6880000000	n/a	n/a	STATUS	n/a	n/a	DIN5
613.7400000000	n/a	n/a	STATUS	n/a	n/a	D255
614.0640000000	n/a	n/a	STATUS	n/a	n/a	D253
614.1160000000	n/a	n/a	STATUS	n/a	n/a	D255
614.1520000000	n/a	n/a	STATUS	n/a	n/a	DI54
614.2040000000	n/a	n/a	STATUS	n/a	n/a	D255
614.5480000000	n/a	n/a	STATUS	n/a	n/a	DI34
614.5960000000	n/a	n/a	STATUS	n/a	n/a	D255
614.8560000000	n/a	n/a	STATUS	n/a	n/a	DIN5
614.9080000000	n/a	n/a	STATUS	n/a	n/a	D255
615.2760000000	n/a	n/a	STATUS	n/a	n/a	D146
615.3280000000	n/a	n/a	STATUS	n/a	n/a	D255
615.3640000000	n/a	n/a	STATUS	n/a	n/a	DI53
615.4120000000	n/a	n/a	STATUS	n/a	n/a	D255
615.7320000000	n/a	n/a	STATUS	n/a	n/a	DI43
615.7840000000	n/a	n/a	STATUS	n/a	n/a	D255
616.0440000000	n/a	n/a	STATUS	n/a	n/a	DIN5
616.0920000000	n/a	n/a	STATUS	n/a	n/a	D255
616.5320000000	n/a	n/a	STATUS	n/a	n/a	DI91
616.5840000000	n/a	n/a	STATUS	n/a	n/a	D255
616.6200000000	n/a	n/a	STATUS	n/a	n/a	DI54
616.6720000000	n/a	n/a	STATUS	n/a	n/a	D255
616.9480000000	n/a	n/a	STATUS	n/a	n/a	DI34
616.9960000000	n/a	n/a	STATUS	n/a	n/a	D255
617.2560000000	n/a	n/a	STATUS	n/a	n/a	DIN5
617.3080000000	n/a	n/a	STATUS	n/a	n/a	D255
617.6160000000	n/a	n/a	STATUS	n/a	n/a	D232
617.6680000000	n/a	n/a	STATUS	n/a	n/a	D255
617.7040000000	n/a	n/a	STATUS	n/a	n/a	DI52
617.7560000000	n/a	n/a	STATUS	n/a	n/a	D255
618.0680000000	n/a	n/a	STATUS	n/a	n/a	DI42
618.1200000000	n/a	n/a	STATUS	n/a	n/a	D255
618.3760000000	n/a	n/a	STATUS	n/a	n/a	DIN5
618.4280000000	n/a	n/a	STATUS	n/a	n/a	D255
618.9040000000	n/a	n/a	STATUS	n/a	n/a	D111
618.9520000000	n/a	n/a	STATUS	n/a	n/a	D255
618.9920000000	n/a	n/a	STATUS	n/a	n/a	DI54
619.0400000000	n/a	n/a	STATUS	n/a	n/a	D255
619.3120000000	n/a	n/a	STATUS	n/a	n/a	DI34
619.3640000000	n/a	n/a	STATUS	n/a	n/a	D255
619.6240000000	n/a	n/a	STATUS	n/a	n/a	DIN5
619.6720000000	n/a	n/a	STATUS	n/a	n/a	D255
619.9920000000	n/a	n/a	STATUS	n/a	n/a	D147
620.0440000000	n/a	n/a	STATUS	n/a	n/a	D255
620.0800000000	n/a	n/a	STATUS	n/a	n/a	DI54
620.1280000000	n/a	n/a	STATUS	n/a	n/a	D255
620.4520000000	n/a	n/a	STATUS	n/a	n/a	DI34
620.5040000000	n/a	n/a	STATUS	n/a	n/a	D255
620.7640000000	n/a	n/a	STATUS	n/a	n/a	DIN5
620.8120000000	n/a	n/a	STATUS	n/a	n/a	D255
621.3160000000	n/a	n/a	STATUS	n/a	n/a	DI81
621.3680000000	n/a	n/a	STATUS	n/a	n/a	D255
621.4040000000	n/a	n/a	STATUS	n/a	n/a	DI53
621.4560000000	n/a	n/a	STATUS	n/a	n/a	D255
621.7000000000	n/a	n/a	STATUS	n/a	n/a	DI43
621.7520000000	n/a	n/a	STATUS	n/a	n/a	D255
622.0080000000	n/a	n/a	STATUS	n/a	n/a	DIN5
622.0600000000	n/a	n/a	STATUS	n/a	n/a	D255
622.5080000000	n/a	n/a	STATUS	n/a	n/a	D135
622.5600000000	n/a	n/a	STATUS	n/a	n/a	D255
622.5960000000	n/a	n/a	STATUS	n/a	n/a	DI52
622.6480000000	n/a	n/a	STATUS	n/a	n/a	D255
623.0160000000	n/a	n/a	STATUS	n/a	n/a	DI42
623.0680000000	n/a	n/a	STATUS	n/a	n/a	D255
623.3280000000	n/a	n/a	STATUS	n/a	n/a	DIN5
623.3760000000	n/a	n/a	STATUS	n/a	n/a	D255
623.7920000000	n/a	n/a	STATUS	n/a	n/a	D235
623.8400000000	n/a	n/a	STATUS	n/a	n/a	D255
623.8800000000	n/a	n/a	STATUS	n/a	n/a	DI52
623.9280000000	n/a	n/a	STATUS	n/a	n/a	D255
624.3280000000	n/a	n/a	STATUS	n/a	n/a	DI42
624.3800000000	n/a	n/a	STATUS	n/a	n/a	D255
624.6360000000	n/a	n/a	STATUS	n/a	n/a	DIN5
624.6880000000	n/a	n/a	STATUS	n/a	n/a	D255
625.0160000000	n/a	n/a	STATUS	n/a	n/a	D187
625.0680000000	n/a	n/a	STATUS	n/a	n/a	D255
625.1040000000	n/a	n/a	STATUS	n/a	n/a	DI52
625.1560000000	n/a	n/a	STATUS	n/a	n/a	D255
625.5120000000	n/a	n/a	STATUS	n/a	n/a	DI42
625.5640000000	n/a	n/a	STATUS	n/a	n/a	D255
625.8240000000	n/a	n/a	STATUS	n/a	n/a	DIN5
625.8720000000	n/a	n/a	STATUS	n/a	n/a	D255
626.2200000000	n/a	n/a	STATUS	n/a	n/a	D182
626.2680000000	n/a	n/a	STATUS	n/a	n/a	D255
626.3080000000	n/a	n/a	STATUS	n/a	n/a	DI52
626.3560000000	n/a	n/a	STATUS	n/a	n/a	D255
626.6760000000	n/a	n/a	STATUS	n/a	n/a	DI42
626.7240000000	n/a	n/a	STATUS	n/a	n/a	D255
626.9840000000	n/a	n/a	STATUS	n/a	n/a	DIN5
627.0360000000	n/a	n/a	STATUS	n/a	n/a	D255
627.5080000000	n/a	n/a	STATUS	n/a	n/a	D237
627.5600000000	n/a	n/a	STATUS	n/a	n/a	D255
627.5960000000	n/a	n/a	STATUS	n/a	n/a	DI54
627.6480000000	n/a	n/a	STATUS	n/a	n/a	D255
627.9520000000	n/a	n/a	STATUS	n/a	n/a	DI24
628.0000000000	n/a	n/a	STATUS	n/a	n/a	D255
628.0040000000	n/a	n/a	STATUS	n/a	n/a	DIN4
628.0560000000	n/a	n/a	STATUS	n/a	n/a	D255
628.8120000000	n/a	n/a	STATUS	n/a	n/a	DIN5
628.8600000000	n/a	n/a	STATUS	n/a	n/a	D255
629.3680000000	n/a	n/a	STATUS	n/a	n/a	D195
629.4160000000	n/a	n/a	STATUS	n/a	n/a	D255
629.4560000000	n/a	n/a	STATUS	n/a	n/a	DI52
629.5040000000	n/a	n/a	STATUS	n/a	n/a	D255
629.9520000000	n/a	n/a	STATUS	n/a	n/a	DI42
630.0000000000	n/a	n/a	STATUS	n/a	n/a	D255
630.2600000000	n/a	n/a	STATUS	n/a	n/a	DIN5
630.3120000000	n/a	n/a	STATUS	n/a	n/a	D255
630.6800000000	n/a	n/a	STATUS	n/a	n/a	DI78
630.7280000000	n/a	n/a	STATUS	n/a	n/a	D255
630.7680000000	n/a	n/a	STATUS	n/a	n/a	DI54
630.8160000000	n/a	n/a	STATUS	n/a	n/a	D255
631.2040000000	n/a	n/a	STATUS	n/a	n/a	DI34
631.2520000000	n/a	n/a	STATUS	n/a	n/a	D255
631.5120000000	n/a	n/a	STATUS	n/a	n/a	DIN5
631.5640000000	n/a	n/a	STATUS	n/a	n/a	D255
632.0560000000	n/a	n/a	STATUS	n/a	n/a	D208
632.1080000000	n/a	n/a	STATUS	n/a	n/a	D255
632.1440000000	n/a	n/a	STATUS	n/a	n/a	DI51
632.1960000000	n/a	n/a	STATUS	n/a	n/a	D255
632.5680000000	n/a	n/a	STATUS	n/a	n/a	DI31
632.6200000000	n/a	n/a	STATUS	n/a	n/a	D255
632.8800000000	n/a	n/a	STATUS	n/a	n/a	DIN5
632.9280000000	n/a	n/a	STATUS	n/a	n/a	D255
633.3400000000	n/a	n/a	STATUS	n/a	n/a	D129
633.3880000000	n/a	n/a	STATUS	n/a	n/a	D255
633.4280000000	n/a	n/a	STATUS	n/a	n/a	DI54
633.4760000000	n/a	n/a	STATUS	n/a	n/a	D255
633.7680000000	n/a	n/a	STATUS	n/a	n/a	DI34
633.8160000000	n/a	n/a	STATUS	n/a	n/a	D255
634.0760000000	n/a	n/a	STATUS	n/a	n/a	DIN5
634.1240000000	n/a	n/a	STATUS	n/a	n/a	D255
634.4760000000	n/a	n/a	STATUS	n/a	n/a	D225
634.5240000000	n/a	n/a	STATUS	n/a	n/a	D255
634.5640000000	n/a	n/a	STATUS	n/a	n/a	DI53
634.6120000000	n/a	n/a	STATUS	n/a	n/a	D255
634.9400000000	n/a	n/a	STATUS	n/a	n/a	DI43
634.9920000000	n/a	n/a	STATUS	n/a	n/a	D255
635.2520000000	n/a	n/a	STATUS	n/a	n/a	DIN5
635.3000000000	n/a	n/a	STATUS	n/a	n/a	D255
635.6680000000	n/a	n/a	STATUS	n/a	n/a	D221
635.7160000000	n/a	n/a	STATUS	n/a	n/a	D255
635.7520000000	n/a	n/a	STATUS	n/a	n/a	DI51
635.8040000000	n/a	n/a	STATUS	n/a	n/a	D255
636.1600000000	n/a	n/a	STATUS	n/a	n/a	DI31
636.2080000000	n/a	n/a	STATUS	n/a	n/a	D255
636.4680000000	n/a	n/a	STATUS	n/a	n/a	DIN5
636.5200000000	n/a	n/a	STATUS	n/a	n/a	D255
636.9760000000	n/a	n/a	STATUS	n/a	n/a	D140
637.0240000000	n/a	n/a	STATUS	n/a	n/a	D255
637.0640000000	n/a	n/a	STATUS	n/a	n/a	DI51
637.1120000000	n/a	n/a	STATUS	n/a	n/a	D255
637.4560000000	n/a	n/a	STATUS	n/a	n/a	DI31
637.5080000000	n/a	n/a	STATUS	n/a	n/a	D255
637.7640000000	n/a	n/a	STATUS	n/a	n/a	DIN5
637.8160000000	n/a	n/a	STATUS	n/a	n/a	D255
638.1400000000	n/a	n/a	STATUS	n/a	n/a	DI75
638.1920000000	n/a	n/a	STATUS	n/a	n/a	D255
638.2280000000	n/a	n/a	STATUS	n/a	n/a	DI54
638.2800000000	n/a	n/a	STATUS	n/a	n/a	D255
638.5880000000	n/a	n/a	STATUS	n/a	n/a	DI34
638.6400000000	n/a	n/a	STATUS	n/a	n/a	D255
638.8960000000	n/a	n/a	STATUS	n/a	n/a	DIN5
638.9480000000	n/a	n/a	STATUS	n/a	n/a	D255
639.4400000000	n/a	n/a	STATUS	n/a	n/a	D186
639.4920000000	n/a	n/a	STATUS	n/a	n/a	D255
639.5320000000	n/a	n/a	STATUS	n/a	n/a	DI54
639.5800000000	n/a	n/a	STATUS	n/a	n/a	D255
639.9040000000	n/a	n/a	STATUS	n/a	n/a	DI34
639.9560000000	n/a	n/a	STATUS	n/a	n/a	D255
640.2160000000	n/a	n/a	STATUS	n/a	n/a	DIN5
640.2640000000	n/a	n/a	STATUS	n/a	n/a	D255
640.6280000000	n/a	n/a	STATUS	n/a	n/a	D124
640.6800000000	n/a	n/a	STATUS	n/a	n/a	D255
640.7160000000	n/a	n/a	STATUS	n/a	n/a	DI53
640.7680000000	n/a	n/a	STATUS	n/a	n/a	D255
641.1480000000	n/a	n/a	STATUS	n/a	n/a	DI43
641.2000000000	n/a	n/a	STATUS	n/a	n/a	D255
641.4600000000	n/a	n/a	STATUS	n/a	n/a	DIN5
641.5080000000	n/a	n/a	STATUS	n/a	n/a	D255
641.9480000000	n/a	n/a	STATUS	n/a	n/a	D102
642.0000000000	n/a	n/a	STATUS	n/a	n/a	D255
642.0360000000	n/a	n/a	STATUS	n/a	n/a	DI54
642.0880000000	n/a	n/a	STATUS	n/a	n/a	D255
642.3600000000	n/a	n/a	STATUS	n/a	n/a	DI34
642.4120000000	n/a	n/a	STATUS	n/a	n/a	D255
642.6720000000	n/a	n/a	STATUS	n/a	n/a	DIN5
642.7200000000	n/a	n/a	STATUS	n/a	n/a	D255
643.1800000000	n/a	n/a	STATUS	n/a	n/a	DI66
643.2320000000	n/a	n/a	STATUS	n/a	n/a	D255
643.2680000000	n/a	n/a	STATUS	n/a	n/a	DI54
643.3200000000	n/a	n/a	STATUS	n/a	n/a	D255
643.5960000000	n/a	n/a	STATUS	n/a	n/a	DI34
643.6440000000	n/a	n/a	STATUS	n/a	n/a	D255
643.9040000000	n/a	n/a	STATUS	n/a	n/a	DIN5
643.9560000000	n/a	n/a	STATUS	n/a	n/a	D255
644.3880000000	n/a	n/a	STATUS	n/a	n/a	D127
644.4400000000	n/a	n/a	STATUS	n/a	n/a	D255
644.4760000000	n/a	n/a	STATUS	n/a	n/a	DI54
644.5280000000	n/a	n/a	STATUS	n/a	n/a	D255
644.8240000000	n/a	n/a	STATUS	n/a	n/a	DI34
644.8760000000	n/a	n/a	STATUS	n/a	n/a	D255
645.1360000000	n/a	n/a	STATUS	n/a	n/a	DIN5
645.1840000000	n/a	n/a	STATUS	n/a	n/a	D255
645.6680000000	n/a	n/a	STATUS	n/a	n/a	D249
645.7200000000	n/a	n/a	STATUS	n/a	n/a	D255
645.7560000000	n/a	n/a	STATUS	n/a	n/a	DI51
645.8080000000	n/a	n/a	STATUS	n/a	n/a	D255
646.1600000000	n/a	n/a	STATUS	n/a	n/a	DI31
646.2120000000	n/a	n/a	STATUS	n/a	n/a	D255
646.4680000000	n/a	n/a	STATUS	n/a	n/a	DIN5
646.5200000000	n/a	n/a	STATUS	n/a	n/a	D255
646.9440000000	n/a	n/a	STATUS	n/a	n/a	D136
646.9960000000	n/a	n/a	STATUS	n/a	n/a	D255
647.0320000000	n/a	n/a	STATUS	n/a	n/a	DI54
647.0840000000	n/a	n/a	STATUS	n/a	n/a	D255
647.3960000000	n/a	n/a	STATUS	n/a	n/a	DI34
647.4480000000	n/a	n/a	STATUS	n/a	n/a	D255
647.7040000000	n/a	n/a	STATUS	n/a	n/a	DIN5
647.7560000000	n/a	n/a	STATUS	n/a	n/a	D255
648.2280000000	n/a	n/a	STATUS	n/a	n/a	D239
648.2760000000	n/a	n/a	STATUS	n/a	n/a	D255
648.3160000000	n/a	n/a	STATUS	n/a	n/a	DI53
648.3640000000	n/a	n/a	STATUS	n/a	n/a	D255
648.6000000000	n/a	n/a	STATUS	n/a	n/a	DI13
648.6480000000	n/a	n/a	STATUS	n/a	n/a	D255
648.6520000000	n/a	n/a	STATUS	n/a	n/a	DIN4
648.7040000000	n/a	n/a	STATUS	n/a	n/a	D255
649.4600000000	n/a	n/a	STATUS	n/a	n/a	DIN5
649.5080000000	n/a	n/a	STATUS	n/a	n/a	D255
649.9040000000	n/a	n/a	STATUS	n/a	n/a	D157
649.9560000000	n/a	n/a	STATUS	n/a	n/a	D255
649.9920000000	n/a	n/a	STATUS	n/a	n/a	DI52
650.0400000000	n/a	n/a	STATUS	n/a	n/a	D255
650.4360000000	n/a	n/a	STATUS	n/a	n/a	DI42
650.4840000000	n/a	n/a	STATUS	n/a	n/a	D255
650.7440000000	n/a	n/a	STATUS	n/a	n/a	DIN5
650.7920000000	n/a	n/a	STATUS	n/a	n/a	D255
651.1240000000	n/a	n/a	STATUS	n/a	n/a	D250
651.1720000000	n/a	n/a	STATUS	n/a	n/a	D255
651.2080000000	n/a	n/a	STATUS	n/a	n/a	DI53
651.2600000000	n/a	n/a	STATUS	n/a	n/a	D255
651.6040000000	n/a	n/a	STATUS	n/a	n/a	DI43
651.6520000000	n/a	n/a	STATUS	n/a	n/a	D255
651.9120000000	n/a	n/a	STATUS	n/a	n/a	DIN5
651.9640000000	n/a	n/a	STATUS	n/a	n/a	D255
652.4040000000	n/a	n/a	STATUS	n/a	n/a	D121
652.4520000000	n/a	n/a	STATUS	n/a	n/a	D255
652.4920000000	n/a	n/a	STATUS	n/a	n/a	DI52
652.5400000000	n/a	n/a	STATUS	n/a	n/a	D255
652.9560000000	n/a	n/a	STATUS	n/a	n/a	DI42
653.0080000000	n/a	n/a	STATUS	n/a	n/a	D255
653.2680000000	n/a	n/a	STATUS	n/a	n/a	DIN5
653.3160000000	n/a	n/a	STATUS	n/a	n/a	D255
653.7520000000	n/a	n/a	STATUS	n/a	n/a	D242
653.8000000000	n/a	n/a	STATUS	n/a	n/a	D255
653.8400000000	n/a	n/a	STATUS	n/a	n/a	DI53
653.8880000000	n/a	n/a	STATUS	n/a	n/a	D255
654.2160000000	n/a	n/a	STATUS	n/a	n/a	DI43
654.2640000000	n/a	n/a	STATUS	n/a	n/a	D255
654.5240000000	n/a	n/a	STATUS	n/a	n/a	DIN5
654.5760000000	n/a	n/a	STATUS	n/a	n/a	D255
655.0080000000	n/a	n/a	STATUS	n/a	n/a	DI98
655.0600000000	n/a	n/a	STATUS	n/a	n/a	D255
655.0960000000	n/a	n/a	STATUS	n/a	n/a	DI53
655.1480000000	n/a	n/a	STATUS	n/a	n/a	D255
655.4440000000	n/a	n/a	STATUS	n/a	n/a	DI43
655.4920000000	n/a	n/a	STATUS	n/a	n/a	D255
655.7520000000	n/a	n/a	STATUS	n/a	n/a	DIN5
655.8040000000	n/a	n/a	STATUS	n/a	n/a	D255
656.2480000000	n/a	n/a	STATUS	n/a	n/a	D117
656.2960000000	n/a	n/a	STATUS	n/a	n/a	D255
656.3360000000	n/a	n/a	STATUS	n/a	n/a	DI52
656.3880000000	n/a	n/a	STATUS	n/a	n/a	D255
656.6960000000	n/a	n/a	STATUS	n/a	n/a	DI12
656.7440000000	n/a	n/a	STATUS	n/a	n/a	D255
656.7520000000	n/a	n/a	STATUS	n/a	n/a	DIN4
656.8000000000	n/a	n/a	STATUS	n/a	n/a	D255
657.5560000000	n/a	n/a	STATUS	n/a	n/a	DIN5
657.6040000000	n/a	n/a	STATUS	n/a	n/a	D255
657.9840000000	n/a	n/a	STATUS	n/a	n/a	D163
658.0360000000	n/a	n/a	STATUS	n/a	n/a	D255
658.0720000000	n/a	n/a	STATUS	n/a	n/a	DI53
658.1240000000	n/a	n/a	STATUS	n/a	n/a	D255
658.4640000000	n/a	n/a	STATUS	n/a	n/a	DI43
658.5120000000	n/a	n/a	STATUS	n/a	n/a	D255
658.7720000000	n/a	n/a	STATUS	n/a	n/a	DIN5
658.8240000000	n/a	n/a	STATUS	n/a	n/a	D255
659.1440000000	n/a	n/a	STATUS	n/a	n/a	D200
659.1920000000	n/a	n/a	STATUS	n/a	n/a	D255
659.2280000000	n/a	n/a	STATUS	n/a	n/a	DI52
659.2800000000	n/a	n/a	STATUS	n/a	n/a	D255
659.5680000000	n/a	n/a	STATUS	n/a	n/a	DI42
659.6200000000	n/a	n/a	STATUS	n/a	n/a	D255
659.8800000000	n/a	n/a	STATUS	n/a	n/a	DIN5
659.9280000000	n/a	n/a	STATUS	n/a	n/a	D255
660.2400000000	n/a	n/a	STATUS	n/a	n/a	D138
660.2880000000	n/a	n/a	STATUS	n/a	n/a	D255
660.3280000000	n/a	n/a	STATUS	n/a	n/a	DI52
660.3760000000	n/a	n/a	STATUS	n/a	n/a	D255
660.7160000000	n/a	n/a	STATUS	n/a	n/a	DI42
660.7640000000	n/a	n/a	STATUS	n/a	n/a	D255
661.0240000000	n/a	n/a	STATUS	n/a	n/a	DIN5
661.0760000000	n/a	n/a	STATUS	n/a	n/a	D255
661.4960000000	n/a	n/a	STATUS	n/a	n/a	D254
661.5440000000	n/a	n/a	STATUS	n/a	n/a	D255
661.5840000000	n/a	n/a	STATUS	n/a	n/a	DI54
661.6320000000	n/a	n/a	STATUS	n/a	n/a	D255
661.9560000000	n/a	n/a	STATUS	n/a	n/a	DI34
662.0040000000	n/a	n/a	STATUS	n/a	n/a	D255
662.2640000000	n/a	n/a	STATUS	n/a	n/a	DIN5
662.3160000000	n/a	n/a	STATUS	n/a	n/a	D255
662.6560000000	n/a	n/a	STATUS	n/a	n/a	D203
662.7040000000	n/a	n/a	STATUS	n/a	n/a	D255
662.7440000000	n/a	n/a	STATUS	n/a	n/a	DI51
662.7920000000	n/a	n/a	STATUS	n/a	n/a	D255
663.2520000000	n/a	n/a	STATUS	n/a	n/a	DI31
663.3040000000	n/a	n/a	STATUS	n/a	n/a	D255
663.5640000000	n/a	n/a	STATUS	n/a	n/a	DIN5
663.6120000000	n/a	n/a	STATUS	n/a	n/a	D255
664.0960000000	n/a	n/a	STATUS	n/a	n/a	D214
664.1480000000	n/a	n/a	STATUS	n/a	n/a	D255
664.1840000000	n/a	n/a	STATUS	n/a	n/a	DI53
664.2360000000	n/a	n/a	STATUS	n/a	n/a	D255
664.5800000000	n/a	n/a	STATUS	n/a	n/a	DI43
664.6320000000	n/a	n/a	STATUS	n/a	n/a	D255
664.8920000000	n/a	n/a	STATUS	n/a	n/a	DIN5
664.9400000000	n/a	n/a	STATUS	n/a	n/a	D255
665.3160000000	n/a	n/a	STATUS	n/a	n/a	D183
665.3640000000	n/a	n/a	STATUS	n/a	n/a	D255
665.4040000000	n/a	n/a	STATUS	n/a	n/a	DI52
665.4520000000	n/a	n/a	STATUS	n/a	n/a	D255
665.7840000000	n/a	n/a	STATUS	n/a	n/a	DI42
665.8360000000	n/a	n/a	STATUS	n/a	n/a	D255
666.0960000000	n/a	n/a	STATUS	n/a	n/a	DIN5
666.1440000000	n/a	n/a	STATUS	n/a	n/a	D255
666.5480000000	n/a	n/a	STATUS	n/a	n/a	D109
666.6000000000	n/a	n/a	STATUS	n/a	n/a	D255
666.6360000000	n/a	n/a	STATUS	n/a	n/a	DI51
666.6880000000	n/a	n/a	STATUS	n/a	n/a	D255
667.0440000000	n/a	n/a	STATUS	n/a	n/a	DI31
667.0920000000	n/a	n/a	STATUS	n/a	n/a	D255
667.3520000000	n/a	n/a	STATUS	n/a	n/a	DIN5
667.4040000000	n/a	n/a	STATUS	n/a	n/a	D255
667.9040000000	n/a	n/a	STATUS	n/a	n/a	D114
667.9520000000	n/a	n/a	STATUS	n/a	n/a	D255
667.9880000000	n/a	n/a	STATUS	n/a	n/a	DI53
668.0400000000	n/a	n/a	STATUS	n/a	n/a	D255
668.3280000000	n/a	n/a	STATUS	n/a	n/a	DI43
668.3760000000	n/a	n/a	STATUS	n/a	n/a	D255
668.6360000000	n/a	n/a	STATUS	n/a	n/a	DIN5
668.6880000000	n/a	n/a	STATUS	n/a	n/a	D255
669.1160000000	n/a	n/a	STATUS	n/a	n/a	D238
669.1680000000	n/a	n/a	STATUS	n/a	n/a	D255
669.2040000000	n/a	n/a	STATUS	n/a	n/a	DI54
669.2560000000	n/a	n/a	STATUS	n/a	n/a	D255
669.6400000000	n/a	n/a	STATUS	n/a	n/a	DI34
669.6880000000	n/a	n/a	STATUS	n/a	n/a	D255
669.9480000000	n/a	n/a	STATUS	n/a	n/a	DIN5
670.0000000000	n/a	n/a	STATUS	n/a	n/a	D255
670.3480000000	n/a	n/a	STATUS	n/a	n/a	D189
670.4000000000	n/a	n/a	STATUS	n/a	n/a	D255
670.4360000000	n/a	n/a	STATUS	n/a	n/a	DI53
670.4880000000	n/a	n/a	STATUS	n/a	n/a	D255
670.7640000000	n/a	n/a	STATUS	n/a	n/a	DI43
670.8160000000	n/a	n/a	STATUS	n/a	n/a	D255
671.0720000000	n/a	n/a	STATUS	n/a	n/a	DIN5
671.1240000000	n/a	n/a	STATUS	n/a	n/a	D255
671.4440000000	n/a	n/a	STATUS	n/a	n/a	D234
671.4920000000	n/a	n/a	STATUS	n/a	n/a	D255
671.5320000000	n/a	n/a	STATUS	n/a	n/a	DI52
671.5800000000	n/a	n/a	STATUS	n/a	n/a	D255
672.0160000000	n/a	n/a	STATUS	n/a	n/a	DI42
672.0640000000	n/a	n/a	STATUS	n/a	n/a	D255
672.3240000000	n/a	n/a	STATUS	n/a	n/a	DIN5
672.3760000000	n/a	n/a	STATUS	n/a	n/a	D255
672.7680000000	n/a	n/a	STATUS	n/a	n/a	D180
672.8200000000	n/a	n/a	STATUS	n/a	n/a	D255
672.8560000000	n/a	n/a	STATUS	n/a	n/a	DI53
672.9080000000	n/a	n/a	STATUS	n/a	n/a	D255
673.2040000000	n/a	n/a	STATUS	n/a	n/a	DI43
673.2520000000	n/a	n/a	STATUS	n/a	n/a	D255
673.5120000000	n/a	n/a	STATUS	n/a	n/a	DIN5
673.5600000000	n/a	n/a	STATUS	n/a	n/a	D255
673.9160000000	n/a	n/a	STATUS	n/a	n/a	D101
673.9680000000	n/a	n/a	STATUS	n/a	n/a	D255
674.0040000000	n/a	n/a	STATUS	n/a	n/a	DI52
674.0520000000	n/a	n/a	STATUS	n/a	n/a	D255
674.4040000000	n/a	n/a	STATUS	n/a	n/a	DI42
674.4560000000	n/a	n/a	STATUS	n/a	n/a	D255
674.7160000000	n/a	n/a	STATUS	n/a	n/a	DIN5
674.7680000000	n/a	n/a	STATUS	n/a	n/a	D255
675.2320000000	n/a	n/a	STATUS	n/a	n/a	D103
675.2800000000	n/a	n/a	STATUS	n/a	n/a	D255
675.3200000000	n/a	n/a	STATUS	n/a	n/a	DI53
675.3680000000	n/a	n/a	STATUS	n/a	n/a	D255
675.6640000000	n/a	n/a	STATUS	n/a	n/a	DI43
675.7120000000	n/a	n/a	STATUS	n/a	n/a	D255
675.9720000000	n/a	n/a	STATUS	n/a	n/a	DIN5
676.0240000000	n/a	n/a	STATUS	n/a	n/a	D255
676.3800000000	n/a	n/a	STATUS	n/a	n/a	D143
676.4320000000	n/a	n/a	STATUS	n/a	n/a	D255
676.4720000000	n/a	n/a	STATUS	n/a	n/a	DI53
676.5200000000	n/a	n/a	STATUS	n/a	n/a	D255
676.8080000000	n/a	n/a	STATUS	n/a	n/a	DI43
676.8560000000	n/a	n/a	STATUS	n/a	n/a	D255
677.1160000000	n/a	n/a	STATUS	n/a	n/a	DIN5
677.1680000000	n/a	n/a	STATUS	n/a	n/a	D255
677.6680000000	n/a	n/a	STATUS	n/a	n/a	D144
677.7160000000	n/a	n/a	STATUS	n/a	n/a	D255
677.7560000000	n/a	n/a	STATUS	n/a	n/a	DI53
677.8040000000	n/a	n/a	STATUS	n/a	n/a	D255
678.0200000000	n/a	n/a	STATUS	n/a	n/a	DI43
678.0680000000	n/a	n/a	STATUS	n/a	n/a	D255
678.3280000000	n/a	n/a	STATUS	n/a	n/a	DIN5
678.3800000000	n/a	n/a	STATUS	n/a	n/a	D255
678.8440000000	n/a	n/a	STATUS	n/a	n/a	D251
678.8960000000	n/a	n/a	STATUS	n/a	n/a	D255
678.9320000000	n/a	n/a	STATUS	n/a	n/a	DI51
678.9800000000	n/a	n/a	STATUS	n/a	n/a	D255
679.3120000000	n/a	n/a	STATUS	n/a	n/a	DI21
679.3640000000	n/a	n/a	STATUS	n/a	n/a	D255
679.3680000000	n/a	n/a	STATUS	n/a	n/a	DIN4
679.4160000000	n/a	n/a	STATUS	n/a	n/a	D255
680.1720000000	n/a	n/a	STATUS	n/a	n/a	DIN5
680.2240000000	n/a	n/a	STATUS	n/a	n/a	D255
680.6480000000	n/a	n/a	STATUS	n/a	n/a	D126
680.6960000000	n/a	n/a	STATUS	n/a	n/a	D255
680.7360000000	n/a	n/a	STATUS	n/a	n/a	DI51
680.7840000000	n/a	n/a	STATUS	n/a	n/a	D255
681.1760000000	n/a	n/a	STATUS	n/a	n/a	DI31
681.2280000000	n/a	n/a	STATUS	n/a	n/a	D255
681.4880000000	n/a	n/a	STATUS	n/a	n/a	DIN5
681.5360000000	n/a	n/a	STATUS	n/a	n/a	D255
682.0400000000	n/a	n/a	STATUS	n/a	n/a	D120
682.0920000000	n/a	n/a	STATUS	n/a	n/a	D255
682.1320000000	n/a	n/a	STATUS	n/a	n/a	DI54
682.1800000000	n/a	n/a	STATUS	n/a	n/a	D255
682.4640000000	n/a	n/a	STATUS	n/a	n/a	DI34
682.5160000000	n/a	n/a	STATUS	n/a	n/a	D255
682.7720000000	n/a	n/a	STATUS	n/a	n/a	DIN5
682.8240000000	n/a	n/a	STATUS	n/a	n/a	D255
683.2200000000	n/a	n/a	STATUS	n/a	n/a	D115
683.2680000000	n/a	n/a	STATUS	n/a	n/a	D255
683.3040000000	n/a	n/a	STATUS	n/a	n/a	DI54
683.3560000000	n/a	n/a	STATUS	n/a	n/a	D255
683.6600000000	n/a	n/a	STATUS	n/a	n/a	DI34
683.7120000000	n/a	n/a	STATUS	n/a	n/a	D255
683.9720000000	n/a	n/a	STATUS	n/a	n/a	DIN5
684.0200000000	n/a	n/a	STATUS	n/a	n/a	D255
684.4920000000	n/a	n/a	STATUS	n/a	n/a	D122
684.5400000000	n/a	n/a	STATUS	n/a	n/a	D255
684.5760000000	n/a	n/a	STATUS	n/a	n/a	DI54
684.6280000000	n/a	n/a	STATUS	n/a	n/a	D255
684.9000000000	n/a	n/a	STATUS	n/a	n/a	DI34
684.9520000000	n/a	n/a	STATUS	n/a	n/a	D255
685.2120000000	n/a	n/a	STATUS	n/a	n/a	DIN5
685.2600000000	n/a	n/a	STATUS	n/a	n/a	D255
685.7200000000	n/a	n/a	STATUS	n/a	n/a	D164
685.7720000000	n/a	n/a	STATUS	n/a	n/a	D255
685.8080000000	n/a	n/a	STATUS	n/a	n/a	DI52
685.8600000000	n/a	n/a	STATUS	n/a	n/a	D255
685.8600000000	n/a	n/a	STATUS	n/a	n/a	D247
686.1200000000	n/a	n/a	STATUS	n/a	n/a	DI12
686.1720000000	n/a	n/a	STATUS	n/a	n/a	DI13
686.1720000000	n/a	n/a	STATUS	n/a	n/a	D255
686.1760000000	n/a	n/a	STATUS	n/a	n/a	DIN4
686.2280000000	n/a	n/a	STATUS	n/a	n/a	D255
686.9800000000	n/a	n/a	STATUS	n/a	n/a	DIN5
687.0320000000	n/a	n/a	STATUS	n/a	n/a	D255
687.3960000000	n/a	n/a	STATUS	n/a	n/a	D128
687.4480000000	n/a	n/a	STATUS	n/a	n/a	D255
687.4840000000	n/a	n/a	STATUS	n/a	n/a	DI52
687.5360000000	n/a	n/a	STATUS	n/a	n/a	D255
687.9160000000	n/a	n/a	STATUS	n/a	n/a	DI42
687.9640000000	n/a	n/a	STATUS	n/a	n/a	D255
688.2240000000	n/a	n/a	STATUS	n/a	n/a	DIN5
688.2760000000	n/a	n/a	STATUS	n/a	n/a	D255
688.6080000000	n/a	n/a	STATUS	n/a	n/a	D169
688.6600000000	n/a	n/a	STATUS	n/a	n/a	D255
688.6960000000	n/a	n/a	STATUS	n/a	n/a	DI51
688.7480000000	n/a	n/a	STATUS	n/a	n/a	D255
689.1080000000	n/a	n/a	STATUS	n/a	n/a	DI31
689.1600000000	n/a	n/a	STATUS	n/a	n/a	D255
689.4200000000	n/a	n/a	STATUS	n/a	n/a	DIN5
689.4680000000	n/a	n/a	STATUS	n/a	n/a	D255
689.9240000000	n/a	n/a	STATUS	n/a	n/a	D236
689.9720000000	n/a	n/a	STATUS	n/a	n/a	D255
690.0120000000	n/a	n/a	STATUS	n/a	n/a	DI52
690.0600000000	n/a	n/a	STATUS	n/a	n/a	D255
690.3960000000	n/a	n/a	STATUS	n/a	n/a	DI12
690.4440000000	n/a	n/a	STATUS	n/a	n/a	D255
690.4480000000	n/a	n/a	STATUS	n/a	n/a	DIN4
690.5000000000	n/a	n/a	STATUS	n/a	n/a	D255
691.2520000000	n/a	n/a	STATUS	n/a	n/a	DIN5
691.3040000000	n/a	n/a	STATUS	n/a	n/a	D255
691.7680000000	n/a	n/a	STATUS	n/a	n/a	D110
691.8200000000	n/a	n/a	STATUS	n/a	n/a	D255
691.8560000000	n/a	n/a	STATUS	n/a	n/a	DI54
691.9080000000	n/a	n/a	STATUS	n/a	n/a	D255
692.2320000000	n/a	n/a	STATUS	n/a	n/a	DI34
692.2840000000	n/a	n/a	STATUS	n/a	n/a	D255
692.5440000000	n/a	n/a	STATUS	n/a	n/a	DIN5
692.5920000000	n/a	n/a	STATUS	n/a	n/a	D255
692.9240000000	n/a	n/a	STATUS	n/a	n/a	D231
692.9720000000	n/a	n/a	STATUS	n/a	n/a	D255
693.0120000000	n/a	n/a	STATUS	n/a	n/a	DI54
693.0600000000	n/a	n/a	STATUS	n/a	n/a	D255
693.3520000000	n/a	n/a	STATUS	n/a	n/a	DI34
693.4000000000	n/a	n/a	STATUS	n/a	n/a	D255
693.6600000000	n/a	n/a	STATUS	n/a	n/a	DIN5
693.7120000000	n/a	n/a	STATUS	n/a	n/a	D255
694.1160000000	n/a	n/a	STATUS	n/a	n/a	D243
694.1640000000	n/a	n/a	STATUS	n/a	n/a	D255
694.2040000000	n/a	n/a	STATUS	n/a	n/a	DI51
694.2520000000	n/a	n/a	STATUS	n/a	n/a	D255
694.7240000000	n/a	n/a	STATUS	n/a	n/a	DI31
694.7720000000	n/a	n/a	STATUS	n/a	n/a	D255
695.0320000000	n/a	n/a	STATUS	n/a	n/a	DIN5
695.0840000000	n/a	n/a	STATUS	n/a	n/a	D255
695.4280000000	n/a	n/a	STATUS	n/a	n/a	D184
695.4760000000	n/a	n/a	STATUS	n/a	n/a	D255
695.5160000000	n/a	n/a	STATUS	n/a	n/a	DI53
695.5640000000	n/a	n/a	STATUS	n/a	n/a	D255
695.8520000000	n/a	n/a	STATUS	n/a	n/a	DI13
695.9040000000	n/a	n/a	STATUS	n/a	n/a	D255
695.9080000000	n/a	n/a	STATUS	n/a	n/a	DIN4
695.9560000000	n/a	n/a	STATUS	n/a	n/a	D255
709.3800000000	n/a	n/a	STATUS	n/a	n/a	DIN5
709.4320000000	n/a	n/a	STATUS	n/a	n/a	D255
709.8880000000	n/a	n/a	STATUS	n/a	n/a	D206
709.9360000000	n/a	n/a	STATUS	n/a	n/a	D255
709.9760000000	n/a	n/a	STATUS	n/a	n/a	DI54
710.0240000000	n/a	n/a	STATUS	n/a	n/a	D255
710.3000000000	n/a	n/a	STATUS	n/a	n/a	DI34
710.3520000000	n/a	n/a	STATUS	n/a	n/a	D255
710.6080000000	n/a	n/a	STATUS	n/a	n/a	DIN5
710.6600000000	n/a	n/a	STATUS	n/a	n/a	D255
710.9880000000	n/a	n/a	STATUS	n/a	n/a	D158
711.0400000000	n/a	n/a	STATUS	n/a	n/a	D255
711.0760000000	n/a	n/a	STATUS	n/a	n/a	DI51
711.1280000000	n/a	n/a	STATUS	n/a	n/a	D255
711.4680000000	n/a	n/a	STATUS	n/a	n/a	DI31
711.5160000000	n/a	n/a	STATUS	n/a	n/a	D255
711.7760000000	n/a	n/a	STATUS	n/a	n/a	DIN5
711.8280000000	n/a	n/a	STATUS	n/a	n/a	D255
712.2320000000	n/a	n/a	STATUS	n/a	n/a	D218
712.2800000000	n/a	n/a	STATUS	n/a	n/a	D255
712.3160000000	n/a	n/a	STATUS	n/a	n/a	DI54
712.3680000000	n/a	n/a	STATUS	n/a	n/a	D255
712.6560000000	n/a	n/a	STATUS	n/a	n/a	DI34
712.7080000000	n/a	n/a	STATUS	n/a	n/a	D255
712.9680000000	n/a	n/a	STATUS	n/a	n/a	DIN5
713.0160000000	n/a	n/a	STATUS	n/a	n/a	D255
713.5040000000	n/a	n/a	STATUS	n/a	n/a	D142
713.5560000000	n/a	n/a	STATUS	n/a	n/a	D255
713.5560000000	n/a	n/a	STATUS	n/a	n/a	D239
713.5920000000	n/a	n/a	STATUS	n/a	n/a	DI53
713.6440000000	n/a	n/a	STATUS	n/a	n/a	D255
713.9160000000	n/a	n/a	STATUS	n/a	n/a	DI43
713.9680000000	n/a	n/a	STATUS	n/a	n/a	D255
714.2280000000	n/a	n/a	STATUS	n/a	n/a	DIN5
714.2760000000	n/a	n/a	STATUS	n/a	n/a	D255
714.6200000000	n/a	n/a	STATUS	n/a	n/a	D103
714.6720000000	n/a	n/a	STATUS	n/a	n/a	D255
714.7080000000	n/a	n/a	STATUS	n/a	n/a	DI51
714.7600000000	n/a	n/a	STATUS	n/a	n/a	D255
715.0560000000	n/a	n/a	STATUS	n/a	n/a	DI31
715.1040000000	n/a	n/a	STATUS	n/a	n/a	D255
715.3640000000	n/a	n/a	STATUS	n/a	n/a	DIN5
715.4160000000	n/a	n/a	STATUS	n/a	n/a	D255
715.9040000000	n/a	n/a	STATUS	n/a	n/a	D179
715.9560000000	n/a	n/a	STATUS	n/a	n/a	D255
715.9920000000	n/a	n/a	STATUS	n/a	n/a	DI52
716.0400000000	n/a	n/a	STATUS	n/a	n/a	D255
716.3800000000	n/a	n/a	STATUS	n/a	n/a	DI42
716.4280000000	n/a	n/a	STATUS	n/a	n/a	D255
716.6880000000	n/a	n/a	STATUS	n/a	n/a	DIN5
716.7400000000	n/a	n/a	STATUS	n/a	n/a	D255
717.2240000000	n/a	n/a	STATUS	n/a	n/a	D238
717.2720000000	n/a	n/a	STATUS	n/a	n/a	D255
717.3080000000	n/a	n/a	STATUS	n/a	n/a	DI53
717.3600000000	n/a	n/a	STATUS	n/a	n/a	D255
717.6800000000	n/a	n/a	STATUS	n/a	n/a	DI43
717.7280000000	n/a	n/a	STATUS	n/a	n/a	D255
717.9880000000	n/a	n/a	STATUS	n/a	n/a	DIN5
718.0400000000	n/a	n/a	STATUS	n/a	n/a	D255
718.5040000000	n/a	n/a	STATUS	n/a	n/a	D131
718.5520000000	n/a	n/a	STATUS	n/a	n/a	D255
718.5920000000	n/a	n/a	STATUS	n/a	n/a	DI53
718.6400000000	n/a	n/a	STATUS	n/a	n/a	D255
718.9080000000	n/a	n/a	STATUS	n/a	n/a	DI43
718.9600000000	n/a	n/a	STATUS	n/a	n/a	D255
719.2200000000	n/a	n/a	STATUS	n/a	n/a	DIN5
719.2680000000	n/a	n/a	STATUS	n/a	n/a	D255
719.6160000000	n/a	n/a	STATUS	n/a	n/a	D115
719.6680000000	n/a	n/a	STATUS	n/a	n/a	D255
719.7080000000	n/a	n/a	STATUS	n/a	n/a	DI54
719.7560000000	n/a	n/a	STATUS	n/a	n/a	D255
720.0440000000	n/a	n/a	STATUS	n/a	n/a	DI34
720.0920000000	n/a	n/a	STATUS	n/a	n/a	D255
720.3520000000	n/a	n/a	STATUS	n/a	n/a	DIN5
720.4040000000	n/a	n/a	STATUS	n/a	n/a	D255
720.7720000000	n/a	n/a	STATUS	n/a	n/a	D148
720.8200000000	n/a	n/a	STATUS	n/a	n/a	D255
720.8600000000	n/a	n/a	STATUS	n/a	n/a	DI54
720.9080000000	n/a	n/a	STATUS	n/a	n/a	D255
721.1800000000	n/a	n/a	STATUS	n/a	n/a	DI34
721.2320000000	n/a	n/a	STATUS	n/a	n/a	D255
721.4880000000	n/a	n/a	STATUS	n/a	n/a	DIN5
721.5400000000	n/a	n/a	STATUS	n/a	n/a	D255
721.8520000000	n/a	n/a	STATUS	n/a	n/a	D172
721.9040000000	n/a	n/a	STATUS	n/a	n/a	D255
721.9400000000	n/a	n/a	STATUS	n/a	n/a	DI52
721.9920000000	n/a	n/a	STATUS	n/a	n/a	D255
722.3480000000	n/a	n/a	STATUS	n/a	n/a	DI42
722.4000000000	n/a	n/a	STATUS	n/a	n/a	D255
722.6600000000	n/a	n/a	STATUS	n/a	n/a	DIN5
722.7080000000	n/a	n/a	STATUS	n/a	n/a	D255
723.1240000000	n/a	n/a	STATUS	n/a	n/a	D167
723.1720000000	n/a	n/a	STATUS	n/a	n/a	D255
723.2120000000	n/a	n/a	STATUS	n/a	n/a	DI51
723.2600000000	n/a	n/a	STATUS	n/a	n/a	D255
723.6160000000	n/a	n/a	STATUS	n/a	n/a	DI31
723.6640000000	n/a	n/a	STATUS	n/a	n/a	D255
723.9240000000	n/a	n/a	STATUS	n/a	n/a	DIN5
723.9760000000	n/a	n/a	STATUS	n/a	n/a	D255
724.2880000000	n/a	n/a	STATUS	n/a	n/a	D108
724.3400000000	n/a	n/a	STATUS	n/a	n/a	D255
724.3760000000	n/a	n/a	STATUS	n/a	n/a	DI52
724.4280000000	n/a	n/a	STATUS	n/a	n/a	D255
724.7680000000	n/a	n/a	STATUS	n/a	n/a	DI42
724.8160000000	n/a	n/a	STATUS	n/a	n/a	D255
725.0760000000	n/a	n/a	STATUS	n/a	n/a	DIN5
725.1280000000	n/a	n/a	STATUS	n/a	n/a	D255
725.4720000000	n/a	n/a	STATUS	n/a	n/a	DI94
725.5200000000	n/a	n/a	STATUS	n/a	n/a	D255
725.5600000000	n/a	n/a	STATUS	n/a	n/a	DI53
725.6080000000	n/a	n/a	STATUS	n/a	n/a	D255
725.8640000000	n/a	n/a	STATUS	n/a	n/a	DI43
725.9160000000	n/a	n/a	STATUS	n/a	n/a	D255
726.1720000000	n/a	n/a	STATUS	n/a	n/a	DIN5
726.2240000000	n/a	n/a	STATUS	n/a	n/a	D255
726.6280000000	n/a	n/a	STATUS	n/a	n/a	D235
726.6800000000	n/a	n/a	STATUS	n/a	n/a	D255
726.7160000000	n/a	n/a	STATUS	n/a	n/a	DI54
726.7640000000	n/a	n/a	STATUS	n/a	n/a	D255
727.0280000000	n/a	n/a	STATUS	n/a	n/a	DI34
727.0760000000	n/a	n/a	STATUS	n/a	n/a	D255
727.3360000000	n/a	n/a	STATUS	n/a	n/a	DIN5
727.3840000000	n/a	n/a	STATUS	n/a	n/a	D255
727.7720000000	n/a	n/a	STATUS	n/a	n/a	D112
727.8200000000	n/a	n/a	STATUS	n/a	n/a	D255
727.8600000000	n/a	n/a	STATUS	n/a	n/a	DI54
727.9080000000	n/a	n/a	STATUS	n/a	n/a	D255
728.2160000000	n/a	n/a	STATUS	n/a	n/a	DI34
728.2680000000	n/a	n/a	STATUS	n/a	n/a	D255
728.5280000000	n/a	n/a	STATUS	n/a	n/a	DIN5
728.5760000000	n/a	n/a	STATUS	n/a	n/a	D255
729.0200000000	n/a	n/a	STATUS	n/a	n/a	D244
729.0720000000	n/a	n/a	STATUS	n/a	n/a	D255
729.1080000000	n/a	n/a	STATUS	n/a	n/a	DI52
729.1600000000	n/a	n/a	STATUS	n/a	n/a	D255
729.5040000000	n/a	n/a	STATUS	n/a	n/a	DI42
729.5520000000	n/a	n/a	STATUS	n/a	n/a	D255
729.8120000000	n/a	n/a	STATUS	n/a	n/a	DIN5
729.8640000000	n/a	n/a	STATUS	n/a	n/a	D255
730.3520000000	n/a	n/a	STATUS	n/a	n/a	D135
730.4040000000	n/a	n/a	STATUS	n/a	n/a	D255
730.4400000000	n/a	n/a	STATUS	n/a	n/a	DI53
730.4920000000	n/a	n/a	STATUS	n/a	n/a	D255
730.7720000000	n/a	n/a	STATUS	n/a	n/a	DI43
730.8200000000	n/a	n/a	STATUS	n/a	n/a	D255
731.0800000000	n/a	n/a	STATUS	n/a	n/a	DIN5
731.1320000000	n/a	n/a	STATUS	n/a	n/a	D255
731.5960000000	n/a	n/a	STATUS	n/a	n/a	D118
731.6440000000	n/a	n/a	STATUS	n/a	n/a	D255
731.6840000000	n/a	n/a	STATUS	n/a	n/a	DI53
731.7320000000	n/a	n/a	STATUS	n/a	n/a	D255
731.9760000000	n/a	n/a	STATUS	n/a	n/a	DI43
732.0280000000	n/a	n/a	STATUS	n/a	n/a	D255
732.2880000000	n/a	n/a	STATUS	n/a	n/a	DIN5
732.3360000000	n/a	n/a	STATUS	n/a	n/a	D255
732.6600000000	n/a	n/a	STATUS	n/a	n/a	D146
732.7120000000	n/a	n/a	STATUS	n/a	n/a	D255
732.7480000000	n/a	n/a	STATUS	n/a	n/a	DI54
732.8000000000	n/a	n/a	STATUS	n/a	n/a	D255
733.0760000000	n/a	n/a	STATUS	n/a	n/a	DI34
733.1280000000	n/a	n/a	STATUS	n/a	n/a	D255
733.3840000000	n/a	n/a	STATUS	n/a	n/a	DIN5
733.4360000000	n/a	n/a	STATUS	n/a	n/a	D255
733.9320000000	n/a	n/a	STATUS	n/a	n/a	D104
733.9800000000	n/a	n/a	STATUS	n/a	n/a	D255
734.0200000000	n/a	n/a	STATUS	n/a	n/a	DI51
734.0680000000	n/a	n/a	STATUS	n/a	n/a	D255
734.3360000000	n/a	n/a	STATUS	n/a	n/a	DI21
734.3840000000	n/a	n/a	STATUS	n/a	n/a	D255
734.3880000000	n/a	n/a	STATUS	n/a	n/a	DIN4
734.4400000000	n/a	n/a	STATUS	n/a	n/a	D255
735.1960000000	n/a	n/a	STATUS	n/a	n/a	DIN5
735.2440000000	n/a	n/a	STATUS	n/a	n/a	D255
735.6440000000	n/a	n/a	STATUS	n/a	n/a	D190
735.6960000000	n/a	n/a	STATUS	n/a	n/a	D255
735.7320000000	n/a	n/a	STATUS	n/a	n/a	DI51
735.7840000000	n/a	n/a	STATUS	n/a	n/a	D255
736.8080000000	n/a	n/a	STATUS	n/a	n/a	DIN3
736.8560000000	n/a	n/a	STATUS	n/a	n/a	D255
737.6120000000	n/a	n/a	STATUS	n/a	n/a	DIN5
737.6600000000	n/a	n/a	STATUS	n/a	n/a	D255
737.9720000000	n/a	n/a	STATUS	n/a	n/a	D116
738.0200000000	n/a	n/a	STATUS	n/a	n/a	D255
738.0600000000	n/a	n/a	STATUS	n/a	n/a	DI54
738.1080000000	n/a	n/a	STATUS	n/a	n/a	D255
738.3800000000	n/a	n/a	STATUS	n/a	n/a	DI34
738.4320000000	n/a	n/a	STATUS	n/a	n/a	D255
738.6880000000	n/a	n/a	STATUS	n/a	n/a	DIN5
738.7400000000	n/a	n/a	STATUS	n/a	n/a	D255
739.0600000000	n/a	n/a	STATUS	n/a	n/a	D141
739.1080000000	n/a	n/a	STATUS	n/a	n/a	D255
739.1480000000	n/a	n/a	STATUS	n/a	n/a	DI51
739.1960000000	n/a	n/a	STATUS	n/a	n/a	D255
739.4840000000	n/a	n/a	STATUS	n/a	n/a	DI21
739.5320000000	n/a	n/a	STATUS	n/a	n/a	D255
739.5360000000	n/a	n/a	STATUS	n/a	n/a	DIN4
739.5880000000	n/a	n/a	STATUS	n/a	n/a	D255
740.3440000000	n/a	n/a	STATUS	n/a	n/a	DIN5
740.3920000000	n/a	n/a	STATUS	n/a	n/a	D255
740.7120000000	n/a	n/a	STATUS	n/a	n/a	D212
740.7640000000	n/a	n/a	STATUS	n/a	n/a	D255
740.8000000000	n/a	n/a	STATUS	n/a	n/a	DI51
740.8480000000	n/a	n/a	STATUS	n/a	n/a	D255
741.1200000000	n/a	n/a	STATUS	n/a	n/a	DI21
741.1680000000	n/a	n/a	STATUS	n/a	n/a	D255
741.1720000000	n/a	n/a	STATUS	n/a	n/a	DIN4
741.2240000000	n/a	n/a	STATUS	n/a	n/a	D255
741.9800000000	n/a	n/a	STATUS	n/a	n/a	DIN5
742.0280000000	n/a	n/a	STATUS	n/a	n/a	D255
742.5280000000	n/a	n/a	STATUS	n/a	n/a	D225
742.5800000000	n/a	n/a	STATUS	n/a	n/a	D255
742.6160000000	n/a	n/a	STATUS	n/a	n/a	DI51
742.6680000000	n/a	n/a	STATUS	n/a	n/a	D255
742.9440000000	n/a	n/a	STATUS	n/a	n/a	DI21
742.9960000000	n/a	n/a	STATUS	n/a	n/a	D255
743.0000000000	n/a	n/a	STATUS	n/a	n/a	DIN4
743.0520000000	n/a	n/a	STATUS	n/a	n/a	D255
743.8040000000	n/a	n/a	STATUS	n/a	n/a	DIN5
743.8560000000	n/a	n/a	STATUS	n/a	n/a	D255
744.1600000000	n/a	n/a	STATUS	n/a	n/a	DI89
744.2080000000	n/a	n/a	STATUS	n/a	n/a	D255
744.2480000000	n/a	n/a	STATUS	n/a	n/a	DI52
744.2960000000	n/a	n/a	STATUS	n/a	n/a	D255
744.6720000000	n/a	n/a	STATUS	n/a	n/a	DI42
744.7240000000	n/a	n/a	STATUS	n/a	n/a	D255
744.9840000000	n/a	n/a	STATUS	n/a	n/a	DIN5
745.0320000000	n/a	n/a	STATUS	n/a	n/a	D255
745.3360000000	n/a	n/a	STATUS	n/a	n/a	D203
745.3880000000	n/a	n/a	STATUS	n/a	n/a	D255
745.4240000000	n/a	n/a	STATUS	n/a	n/a	DI52
745.4760000000	n/a	n/a	STATUS	n/a	n/a	D255
745.8840000000	n/a	n/a	STATUS	n/a	n/a	DI42
745.9360000000	n/a	n/a	STATUS	n/a	n/a	D255
746.1960000000	n/a	n/a	STATUS	n/a	n/a	DIN5
746.2440000000	n/a	n/a	STATUS	n/a	n/a	D255
746.6080000000	n/a	n/a	STATUS	n/a	n/a	D150
746.6600000000	n/a	n/a	STATUS	n/a	n/a	D255
746.6960000000	n/a	n/a	STATUS	n/a	n/a	DI54
746.7480000000	n/a	n/a	STATUS	n/a	n/a	D255
747.0240000000	n/a	n/a	STATUS	n/a	n/a	DI34
747.0720000000	n/a	n/a	STATUS	n/a	n/a	D255
747.3320000000	n/a	n/a	STATUS	n/a	n/a	DIN5
747.3840000000	n/a	n/a	STATUS	n/a	n/a	D255
747.7120000000	n/a	n/a	STATUS	n/a	n/a	DI81
747.7640000000	n/a	n/a	STATUS	n/a	n/a	D255
747.8000000000	n/a	n/a	STATUS	n/a	n/a	DI53
747.8520000000	n/a	n/a	STATUS	n/a	n/a	D255
748.1320000000	n/a	n/a	STATUS	n/a	n/a	DI43
748.1840000000	n/a	n/a	STATUS	n/a	n/a	D255
748.4440000000	n/a	n/a	STATUS	n/a	n/a	DIN5
748.4920000000	n/a	n/a	STATUS	n/a	n/a	D255
748.8520000000	n/a	n/a	STATUS	n/a	n/a	D102
748.9040000000	n/a	n/a	STATUS	n/a	n/a	D255
748.9400000000	n/a	n/a	STATUS	n/a	n/a	DI53
748.9880000000	n/a	n/a	STATUS	n/a	n/a	D255
749.3840000000	n/a	n/a	STATUS	n/a	n/a	DI43
749.4360000000	n/a	n/a	STATUS	n/a	n/a	D255
749.6920000000	n/a	n/a	STATUS	n/a	n/a	DIN5
749.7440000000	n/a	n/a	STATUS	n/a	n/a	D255
750.1840000000	n/a	n/a	STATUS	n/a	n/a	D213
750.2320000000	n/a	n/a	STATUS	n/a	n/a	D255
750.2720000000	n/a	n/a	STATUS	n/a	n/a	DI54
750.3240000000	n/a	n/a	STATUS	n/a	n/a	D255
750.6160000000	n/a	n/a	STATUS	n/a	n/a	DI34
750.6680000000	n/a	n/a	STATUS	n/a	n/a	D255
750.9280000000	n/a	n/a	STATUS	n/a	n/a	DIN5
750.9760000000	n/a	n/a	STATUS	n/a	n/a	D255
751.3320000000	n/a	n/a	STATUS	n/a	n/a	D180
751.3840000000	n/a	n/a	STATUS	n/a	n/a	D255
751.4200000000	n/a	n/a	STATUS	n/a	n/a	DI53
751.4720000000	n/a	n/a	STATUS	n/a	n/a	D255
751.7400000000	n/a	n/a	STATUS	n/a	n/a	DI43
751.7880000000	n/a	n/a	STATUS	n/a	n/a	D255
752.0480000000	n/a	n/a	STATUS	n/a	n/a	DIN5
752.1000000000	n/a	n/a	STATUS	n/a	n/a	D255
752.5720000000	n/a	n/a	STATUS	n/a	n/a	DI95
752.6240000000	n/a	n/a	STATUS	n/a	n/a	D255
752.6600000000	n/a	n/a	STATUS	n/a	n/a	DI54
752.7120000000	n/a	n/a	STATUS	n/a	n/a	D255
752.9680000000	n/a	n/a	STATUS	n/a	n/a	DI34
753.0200000000	n/a	n/a	STATUS	n/a	n/a	D255
753.2800000000	n/a	n/a	STATUS	n/a	n/a	DIN5
753.3280000000	n/a	n/a	STATUS	n/a	n/a	D255
753.8320000000	n/a	n/a	STATUS	n/a	n/a	DI91
753.8840000000	n/a	n/a	STATUS	n/a	n/a	D255
753.9200000000	n/a	n/a	STATUS	n/a	n/a	DI51
753.9720000000	n/a	n/a	STATUS	n/a	n/a	D255
754.2840000000	n/a	n/a	STATUS	n/a	n/a	DI31
754.3320000000	n/a	n/a	STATUS	n/a	n/a	D255
754.5920000000	n/a	n/a	STATUS	n/a	n/a	DIN5
754.6440000000	n/a	n/a	STATUS	n/a	n/a	D255
755.0880000000	n/a	n/a	STATUS	n/a	n/a	D129
755.1360000000	n/a	n/a	STATUS	n/a	n/a	D255
755.1760000000	n/a	n/a	STATUS	n/a	n/a	DI53
755.2240000000	n/a	n/a	STATUS	n/a	n/a	D255
755.5320000000	n/a	n/a	STATUS	n/a	n/a	DI43
755.5840000000	n/a	n/a	STATUS	n/a	n/a	D255
755.8440000000	n/a	n/a	STATUS	n/a	n/a	DIN5
755.8920000000	n/a	n/a	STATUS	n/a	n/a	D255
756.3760000000	n/a	n/a	STATUS	n/a	n/a	D215
756.4240000000	n/a	n/a	STATUS	n/a	n/a	D255
756.4640000000	n/a	n/a	STATUS	n/a	n/a	DI51
756.5160000000	n/a	n/a	STATUS	n/a	n/a	D255
756.8760000000	n/a	n/a	STATUS	n/a	n/a	DI31
756.9240000000	n/a	n/a	STATUS	n/a	n/a	D255
757.1840000000	n/a	n/a	STATUS	n/a	n/a	DIN5
757.2360000000	n/a	n/a	STATUS	n/a	n/a	D255
757.5400000000	n/a	n/a	STATUS	n/a	n/a	D147
757.5880000000	n/a	n/a	STATUS	n/a	n/a	D255
757.6280000000	n/a	n/a	STATUS	n/a	n/a	DI54
757.6800000000	n/a	n/a	STATUS	n/a	n/a	D255
757.9480000000	n/a	n/a	STATUS	n/a	n/a	DI34
757.9960000000	n/a	n/a	STATUS	n/a	n/a	D255
758.2560000000	n/a	n/a	STATUS	n/a	n/a	DIN5
758.3040000000	n/a	n/a	STATUS	n/a	n/a	D255
758.6240000000	n/a	n/a	STATUS	n/a	n/a	D136
758.6760000000	n/a	n/a	STATUS	n/a	n/a	D255
758.7120000000	n/a	n/a	STATUS	n/a	n/a	DI51
758.7640000000	n/a	n/a	STATUS	n/a	n/a	D255
759.0920000000	n/a	n/a	STATUS	n/a	n/a	DI31
759.1440000000	n/a	n/a	STATUS	n/a	n/a	D255
759.4000000000	n/a	n/a	STATUS	n/a	n/a	DIN5
759.4520000000	n/a	n/a	STATUS	n/a	n/a	D255
759.7680000000	n/a	n/a	STATUS	n/a	n/a	D111
759.8200000000	n/a	n/a	STATUS	n/a	n/a	D255
759.8600000000	n/a	n/a	STATUS	n/a	n/a	DI53
759.9080000000	n/a	n/a	STATUS	n/a	n/a	D255
760.3440000000	n/a	n/a	STATUS	n/a	n/a	DI43
760.3960000000	n/a	n/a	STATUS	n/a	n/a	D255
760.6560000000	n/a	n/a	STATUS	n/a	n/a	DIN5
760.7040000000	n/a	n/a	STATUS	n/a	n/a	D255
761.1040000000	n/a	n/a	STATUS	n/a	n/a	DI77
761.1560000000	n/a	n/a	STATUS	n/a	n/a	D255
761.1920000000	n/a	n/a	STATUS	n/a	n/a	DI53
761.2440000000	n/a	n/a	STATUS	n/a	n/a	D255
761.5320000000	n/a	n/a	STATUS	n/a	n/a	DI43
761.5800000000	n/a	n/a	STATUS	n/a	n/a	D255
761.8400000000	n/a	n/a	STATUS	n/a	n/a	DIN5
761.8920000000	n/a	n/a	STATUS	n/a	n/a	D255
762.2840000000	n/a	n/a	STATUS	n/a	n/a	D137
762.3360000000	n/a	n/a	STATUS	n/a	n/a	D255
762.3720000000	n/a	n/a	STATUS	n/a	n/a	DI54
762.4240000000	n/a	n/a	STATUS	n/a	n/a	D255
762.8160000000	n/a	n/a	STATUS	n/a	n/a	DI34
762.8640000000	n/a	n/a	STATUS	n/a	n/a	D255
763.1240000000	n/a	n/a	STATUS	n/a	n/a	DIN5
763.1720000000	n/a	n/a	STATUS	n/a	n/a	D255
763.6120000000	n/a	n/a	STATUS	n/a	n/a	D199
763.6640000000	n/a	n/a	STATUS	n/a	n/a	D255
763.7000000000	n/a	n/a	STATUS	n/a	n/a	DI51
763.7520000000	n/a	n/a	STATUS	n/a	n/a	D255
764.1960000000	n/a	n/a	STATUS	n/a	n/a	DI31
764.2440000000	n/a	n/a	STATUS	n/a	n/a	D255
764.5040000000	n/a	n/a	STATUS	n/a	n/a	DIN5
764.5520000000	n/a	n/a	STATUS	n/a	n/a	D255
765.0480000000	n/a	n/a	STATUS	n/a	n/a	DI65
765.1000000000	n/a	n/a	STATUS	n/a	n/a	D255
765.1360000000	n/a	n/a	STATUS	n/a	n/a	DI53
765.1840000000	n/a	n/a	STATUS	n/a	n/a	D255
765.4320000000	n/a	n/a	STATUS	n/a	n/a	DI43
765.4800000000	n/a	n/a	STATUS	n/a	n/a	D255
765.7400000000	n/a	n/a	STATUS	n/a	n/a	DIN5
765.7880000000	n/a	n/a	STATUS	n/a	n/a	D255
766.1280000000	n/a	n/a	STATUS	n/a	n/a	D155
766.1800000000	n/a	n/a	STATUS	n/a	n/a	D255
766.2160000000	n/a	n/a	STATUS	n/a	n/a	DI51
766.2680000000	n/a	n/a	STATUS	n/a	n/a	D255
766.5800000000	n/a	n/a	STATUS	n/a	n/a	DI31
766.6320000000	n/a	n/a	STATUS	n/a	n/a	D255
766.8920000000	n/a	n/a	STATUS	n/a	n/a	DIN5
766.9400000000	n/a	n/a	STATUS	n/a	n/a	D255
767.2800000000	n/a	n/a	STATUS	n/a	n/a	D246
767.3280000000	n/a	n/a	STATUS	n/a	n/a	D255
767.3680000000	n/a	n/a	STATUS	n/a	n/a	DI54
767.4160000000	n/a	n/a	STATUS	n/a	n/a	D255
767.7120000000	n/a	n/a	STATUS	n/a	n/a	DI34
767.7640000000	n/a	n/a	STATUS	n/a	n/a	D255
768.0240000000	n/a	n/a	STATUS	n/a	n/a	DIN5
768.0720000000	n/a	n/a	STATUS	n/a	n/a	D255
768.5120000000	n/a	n/a	STATUS	n/a	n/a	D159
768.5600000000	n/a	n/a	STATUS	n/a	n/a	D255
768.6000000000	n/a	n/a	STATUS	n/a	n/a	DI54
768.6480000000	n/a	n/a	STATUS	n/a	n/a	D255
768.9240000000	n/a	n/a	STATUS	n/a	n/a	DI34
768.9760000000	n/a	n/a	STATUS	n/a	n/a	D255
769.2360000000	n/a	n/a	STATUS	n/a	n/a	DIN5
769.2840000000	n/a	n/a	STATUS	n/a	n/a	D255
769.7160000000	n/a	n/a	STATUS	n/a	n/a	D154
769.7640000000	n/a	n/a	STATUS	n/a	n/a	D255
769.8000000000	n/a	n/a	STATUS	n/a	n/a	DI52
769.8520000000	n/a	n/a	STATUS	n/a	n/a	D255
770.1840000000	n/a	n/a	STATUS	n/a	n/a	DI42
770.2320000000	n/a	n/a	STATUS	n/a	n/a	D255
770.4920000000	n/a	n/a	STATUS	n/a	n/a	DIN5
770.5440000000	n/a	n/a	STATUS	n/a	n/a	D255
770.8920000000	n/a	n/a	STATUS	n/a	n/a	DI86
770.9440000000	n/a	n/a	STATUS	n/a	n/a	D255
770.9800000000	n/a	n/a	STATUS	n/a	n/a	DI54
771.0320000000	n/a	n/a	STATUS	n/a	n/a	D255
771.2880000000	n/a	n/a	STATUS	n/a	n/a	DI34
771.3360000000	n/a	n/a	STATUS	n/a	n/a	D255
771.5960000000	n/a	n/a	STATUS	n/a	n/a	DIN5
771.6440000000	n/a	n/a	STATUS	n/a	n/a	D255
772.0160000000	n/a	n/a	STATUS	n/a	n/a	D205
772.0640000000	n/a	n/a	STATUS	n/a	n/a	D255
772.1040000000	n/a	n/a	STATUS	n/a	n/a	DI53
772.1520000000	n/a	n/a	STATUS	n/a	n/a	D255
772.4240000000	n/a	n/a	STATUS	n/a	n/a	DI43
772.4760000000	n/a	n/a	STATUS	n/a	n/a	D255
772.7360000000	n/a	n/a	STATUS	n/a	n/a	DIN5
772.7840000000	n/a	n/a	STATUS	n/a	n/a	D255
773.2800000000	n/a	n/a	STATUS	n/a	n/a	D162
773.3280000000	n/a	n/a	STATUS	n/a	n/a	D255
773.3680000000	n/a	n/a	STATUS	n/a	n/a	DI52
773.4160000000	n/a	n/a	STATUS	n/a	n/a	D255
773.7000000000	n/a	n/a	STATUS	n/a	n/a	DI12
773.7480000000	n/a	n/a	STATUS	n/a	n/a	D255
773.7520000000	n/a	n/a	STATUS	n/a	n/a	DIN4
773.8040000000	n/a	n/a	STATUS	n/a	n/a	D255
774.5600000000	n/a	n/a	STATUS	n/a	n/a	DIN5
774.6080000000	n/a	n/a	STATUS	n/a	n/a	D255
774.9640000000	n/a	n/a	STATUS	n/a	n/a	D181
775.0120000000	n/a	n/a	STATUS	n/a	n/a	D255
775.0480000000	n/a	n/a	STATUS	n/a	n/a	DI51
775.1000000000	n/a	n/a	STATUS	n/a	n/a	D255
775.4680000000	n/a	n/a	STATUS	n/a	n/a	DI31
775.5200000000	n/a	n/a	STATUS	n/a	n/a	D255
775.7800000000	n/a	n/a	STATUS	n/a	n/a	DIN5
775.8280000000	n/a	n/a	STATUS	n/a	n/a	D255
776.2320000000	n/a	n/a	STATUS	n/a	n/a	D151
776.2840000000	n/a	n/a	STATUS	n/a	n/a	D255
776.3200000000	n/a	n/a	STATUS	n/a	n/a	DI54
776.3720000000	n/a	n/a	STATUS	n/a	n/a	D255
776.6800000000	n/a	n/a	STATUS	n/a	n/a	DI34
776.7320000000	n/a	n/a	STATUS	n/a	n/a	D255
776.9920000000	n/a	n/a	STATUS	n/a	n/a	DIN5
777.0400000000	n/a	n/a	STATUS	n/a	n/a	D255
777.3960000000	n/a	n/a	STATUS	n/a	n/a	D196
777.4440000000	n/a	n/a	STATUS	n/a	n/a	D255
777.4840000000	n/a	n/a	STATUS	n/a	n/a	DI54
777.5320000000	n/a	n/a	STATUS	n/a	n/a	D255
777.8280000000	n/a	n/a	STATUS	n/a	n/a	DI34
777.8760000000	n/a	n/a	STATUS	n/a	n/a	D255
778.1360000000	n/a	n/a	STATUS	n/a	n/a	DIN5
778.1880000000	n/a	n/a	STATUS	n/a	n/a	D255
778.5000000000	n/a	n/a	STATUS	n/a	n/a	D217
778.5520000000	n/a	n/a	STATUS	n/a	n/a	D255
778.5880000000	n/a	n/a	STATUS	n/a	n/a	DI51
778.6400000000	n/a	n/a	STATUS	n/a	n/a	D255
779.0360000000	n/a	n/a	STATUS	n/a	n/a	DI31
779.0880000000	n/a	n/a	STATUS	n/a	n/a	D255
779.3480000000	n/a	n/a	STATUS	n/a	n/a	DIN5
779.3960000000	n/a	n/a	STATUS	n/a	n/a	D255
779.7640000000	n/a	n/a	STATUS	n/a	n/a	D202
779.8160000000	n/a	n/a	STATUS	n/a	n/a	D255
779.8520000000	n/a	n/a	STATUS	n/a	n/a	DI52
779.9040000000	n/a	n/a	STATUS	n/a	n/a	D255
780.2560000000	n/a	n/a	STATUS	n/a	n/a	DI42
780.3080000000	n/a	n/a	STATUS	n/a	n/a	D255
780.5640000000	n/a	n/a	STATUS	n/a	n/a	DIN5
780.6160000000	n/a	n/a	STATUS	n/a	n/a	D255
781.1200000000	n/a	n/a	STATUS	n/a	n/a	D223
781.1720000000	n/a	n/a	STATUS	n/a	n/a	D255
781.2080000000	n/a	n/a	STATUS	n/a	n/a	DI52
781.2600000000	n/a	n/a	STATUS	n/a	n/a	D255
781.4400000000	n/a	n/a	STATUS	n/a	n/a	DI12
781.4920000000	n/a	n/a	STATUS	n/a	n/a	D255
781.4960000000	n/a	n/a	STATUS	n/a	n/a	DIN4
781.5440000000	n/a	n/a	STATUS	n/a	n/a	D255
782.3000000000	n/a	n/a	STATUS	n/a	n/a	DIN5
782.3520000000	n/a	n/a	STATUS	n/a	n/a	D255
782.7400000000	n/a	n/a	STATUS	n/a	n/a	DI72
782.7880000000	n/a	n/a	STATUS	n/a	n/a	D255
782.8280000000	n/a	n/a	STATUS	n/a	n/a	DI51
782.8800000000	n/a	n/a	STATUS	n/a	n/a	D255
783.2640000000	n/a	n/a	STATUS	n/a	n/a	DI31
783.3120000000	n/a	n/a	STATUS	n/a	n/a	D255
783.5720000000	n/a	n/a	STATUS	n/a	n/a	DIN5
783.6240000000	n/a	n/a	STATUS	n/a	n/a	D255
783.9320000000	n/a	n/a	STATUS	n/a	n/a	DI74
783.9800000000	n/a	n/a	STATUS	n/a	n/a	D255
784.0200000000	n/a	n/a	STATUS	n/a	n/a	DI52
784.0680000000	n/a	n/a	STATUS	n/a	n/a	D255
784.3960000000	n/a	n/a	STATUS	n/a	n/a	DI42
784.4440000000	n/a	n/a	STATUS	n/a	n/a	D255
784.7040000000	n/a	n/a	STATUS	n/a	n/a	DIN5
784.7560000000	n/a	n/a	STATUS	n/a	n/a	D255
785.2560000000	n/a	n/a	STATUS	n/a	n/a	D168
785.3040000000	n/a	n/a	STATUS	n/a	n/a	D255
785.3400000000	n/a	n/a	STATUS	n/a	n/a	DI53
785.3920000000	n/a	n/a	STATUS	n/a	n/a	D255
785.6920000000	n/a	n/a	STATUS	n/a	n/a	DI43
785.7440000000	n/a	n/a	STATUS	n/a	n/a	D255
786.0040000000	n/a	n/a	STATUS	n/a	n/a	DIN5
786.0520000000	n/a	n/a	STATUS	n/a	n/a	D255
786.4760000000	n/a	n/a	STATUS	n/a	n/a	DI69
786.5280000000	n/a	n/a	STATUS	n/a	n/a	D255
786.5680000000	n/a	n/a	STATUS	n/a	n/a	DI51
786.6160000000	n/a	n/a	STATUS	n/a	n/a	D255
786.9680000000	n/a	n/a	STATUS	n/a	n/a	DI31
787.0160000000	n/a	n/a	STATUS	n/a	n/a	D255
787.2760000000	n/a	n/a	STATUS	n/a	n/a	DIN5
787.3280000000	n/a	n/a	STATUS	n/a	n/a	D255
787.6400000000	n/a	n/a	STATUS	n/a	n/a	D240
787.6920000000	n/a	n/a	STATUS	n/a	n/a	D255
787.7280000000	n/a	n/a	STATUS	n/a	n/a	DI52
787.7800000000	n/a	n/a	STATUS	n/a	n/a	D255
788.1440000000	n/a	n/a	STATUS	n/a	n/a	DI42
788.1960000000	n/a	n/a	STATUS	n/a	n/a	D255
788.4560000000	n/a	n/a	STATUS	n/a	n/a	DIN5
788.5040000000	n/a	n/a	STATUS	n/a	n/a	D255
789.0000000000	n/a	n/a	STATUS	n/a	n/a	D110
789.0520000000	n/a	n/a	STATUS	n/a	n/a	D255
789.0880000000	n/a	n/a	STATUS	n/a	n/a	DI54
789.1400000000	n/a	n/a	STATUS	n/a	n/a	D255
789.3920000000	n/a	n/a	STATUS	n/a	n/a	DI34
789.4440000000	n/a	n/a	STATUS	n/a	n/a	D255
789.7040000000	n/a	n/a	STATUS	n/a	n/a	DIN5
789.7520000000	n/a	n/a	STATUS	n/a	n/a	D255
790.0720000000	n/a	n/a	STATUS	n/a	n/a	D149
790.1240000000	n/a	n/a	STATUS	n/a	n/a	D255
790.1600000000	n/a	n/a	STATUS	n/a	n/a	DI51
790.2080000000	n/a	n/a	STATUS	n/a	n/a	D255
790.6680000000	n/a	n/a	STATUS	n/a	n/a	DI31
790.7160000000	n/a	n/a	STATUS	n/a	n/a	D255
790.9760000000	n/a	n/a	STATUS	n/a	n/a	DIN5
791.0280000000	n/a	n/a	STATUS	n/a	n/a	D255
791.4960000000	n/a	n/a	STATUS	n/a	n/a	D245
791.5440000000	n/a	n/a	STATUS	n/a	n/a	D255
791.5840000000	n/a	n/a	STATUS	n/a	n/a	DI52
791.6360000000	n/a	n/a	STATUS	n/a	n/a	D255
791.9960000000	n/a	n/a	STATUS	n/a	n/a	DI42
792.0480000000	n/a	n/a	STATUS	n/a	n/a	D255
792.3080000000	n/a	n/a	STATUS	n/a	n/a	DIN5
792.3560000000	n/a	n/a	STATUS	n/a	n/a	D255
792.8040000000	n/a	n/a	STATUS	n/a	n/a	D117
792.8560000000	n/a	n/a	STATUS	n/a	n/a	D255
792.8920000000	n/a	n/a	STATUS	n/a	n/a	DI52
792.9440000000	n/a	n/a	STATUS	n/a	n/a	D255
793.2840000000	n/a	n/a	STATUS	n/a	n/a	DI42
793.3320000000	n/a	n/a	STATUS	n/a	n/a	D255
793.5920000000	n/a	n/a	STATUS	n/a	n/a	DIN5
793.6440000000	n/a	n/a	STATUS	n/a	n/a	D255
794.0120000000	n/a	n/a	STATUS	n/a	n/a	D221
794.0640000000	n/a	n/a	STATUS	n/a	n/a	D255
794.1000000000	n/a	n/a	STATUS	n/a	n/a	DI52
794.1480000000	n/a	n/a	STATUS	n/a	n/a	D255
794.4120000000	n/a	n/a	STATUS	n/a	n/a	DI12
794.4640000000	n/a	n/a	STATUS	n/a	n/a	D255
794.4680000000	n/a	n/a	STATUS	n/a	n/a	DIN4
794.5160000000	n/a	n/a	STATUS	n/a	n/a	D255
795.2720000000	n/a	n/a	STATUS	n/a	n/a	DIN5
795.3240000000	n/a	n/a	STATUS	n/a	n/a	D255
795.7400000000	n/a	n/a	STATUS	n/a	n/a	D249
795.7920000000	n/a	n/a	STATUS	n/a	n/a	D255
795.8280000000	n/a	n/a	STATUS	n/a	n/a	DI53
795.8800000000	n/a	n/a	STATUS	n/a	n/a	D255
796.2040000000	n/a	n/a	STATUS	n/a	n/a	DI43
796.2560000000	n/a	n/a	STATUS	n/a	n/a	D255
796.5160000000	n/a	n/a	STATUS	n/a	n/a	DIN5
796.5640000000	n/a	n/a	STATUS	n/a	n/a	D255
797.0200000000	n/a	n/a	STATUS	n/a	n/a	D192
797.0720000000	n/a	n/a	STATUS	n/a	n/a	D255
797.1080000000	n/a	n/a	STATUS	n/a	n/a	DI53
797.1600000000	n/a	n/a	STATUS	n/a	n/a	D255
797.4200000000	n/a	n/a	STATUS	n/a	n/a	DI43
797.4680000000	n/a	n/a	STATUS	n/a	n/a	D255
797.7280000000	n/a	n/a	STATUS	n/a	n/a	DIN5
797.7800000000	n/a	n/a	STATUS	n/a	n/a	D255
798.1960000000	n/a	n/a	STATUS	n/a	n/a	D204
798.2480000000	n/a	n/a	STATUS	n/a	n/a	D255
798.2840000000	n/a	n/a	STATUS	n/a	n/a	DI51
798.3360000000	n/a	n/a	STATUS	n/a	n/a	D255
798.7800000000	n/a	n/a	STATUS	n/a	n/a	DI31
798.8320000000	n/a	n/a	STATUS	n/a	n/a	D255
799.0880000000	n/a	n/a	STATUS	n/a	n/a	DIN5
799.1400000000	n/a	n/a	STATUS	n/a	n/a	D255
799.4760000000	n/a	n/a	STATUS	n/a	n/a	D113
799.5240000000	n/a	n/a	STATUS	n/a	n/a	D255
799.5600000000	n/a	n/a	STATUS	n/a	n/a	DI52
799.6120000000	n/a	n/a	STATUS	n/a	n/a	D255
799.9320000000	n/a	n/a	STATUS	n/a	n/a	DI42
799.9800000000	n/a	n/a	STATUS	n/a	n/a	D255
800.2400000000	n/a	n/a	STATUS	n/a	n/a	DIN5
800.2920000000	n/a	n/a	STATUS	n/a	n/a	D255
800.7160000000	n/a	n/a	STATUS	n/a	n/a	D200
800.7640000000	n/a	n/a	STATUS	n/a	n/a	D255
800.8040000000	n/a	n/a	STATUS	n/a	n/a	DI51
800.8520000000	n/a	n/a	STATUS	n/a	n/a	D255
801.3120000000	n/a	n/a	STATUS	n/a	n/a	DI31
801.3640000000	n/a	n/a	STATUS	n/a	n/a	D255
801.6200000000	n/a	n/a	STATUS	n/a	n/a	DIN5
801.6720000000	n/a	n/a	STATUS	n/a	n/a	D255
801.9800000000	n/a	n/a	STATUS	n/a	n/a	DI90
802.0320000000	n/a	n/a	STATUS	n/a	n/a	D255
802.0680000000	n/a	n/a	STATUS	n/a	n/a	DI52
802.1200000000	n/a	n/a	STATUS	n/a	n/a	D255
802.4440000000	n/a	n/a	STATUS	n/a	n/a	DI42
802.4920000000	n/a	n/a	STATUS	n/a	n/a	D255
802.7520000000	n/a	n/a	STATUS	n/a	n/a	DIN5
802.8000000000	n/a	n/a	STATUS	n/a	n/a	D255
803.2880000000	n/a	n/a	STATUS	n/a	n/a	D189
803.3360000000	n/a	n/a	STATUS	n/a	n/a	D255
803.3720000000	n/a	n/a	STATUS	n/a	n/a	DI53
803.4240000000	n/a	n/a	STATUS	n/a	n/a	D255
803.7400000000	n/a	n/a	STATUS	n/a	n/a	DI43
803.7920000000	n/a	n/a	STATUS	n/a	n/a	D255
804.0520000000	n/a	n/a	STATUS	n/a	n/a	DIN5
804.1000000000	n/a	n/a	STATUS	n/a	n/a	D255
804.5440000000	n/a	n/a	STATUS	n/a	n/a	D226
804.5960000000	n/a	n/a	STATUS	n/a	n/a	D255
804.6320000000	n/a	n/a	STATUS	n/a	n/a	DI51
804.6840000000	n/a	n/a	STATUS	n/a	n/a	D255
805.0720000000	n/a	n/a	STATUS	n/a	n/a	DI31
805.1200000000	n/a	n/a	STATUS	n/a	n/a	D255
805.3800000000	n/a	n/a	STATUS	n/a	n/a	DIN5
805.4320000000	n/a	n/a	STATUS	n/a	n/a	D255
805.9360000000	n/a	n/a	STATUS	n/a	n/a	D250
805.9840000000	n/a	n/a	STATUS	n/a	n/a	D255
806.0240000000	n/a	n/a	STATUS	n/a	n/a	DI51
806.0720000000	n/a	n/a	STATUS	n/a	n/a	D255
806.3200000000	n/a	n/a	STATUS	n/a	n/a	DI21
806.3720000000	n/a	n/a	STATUS	n/a	n/a	D255
806.3760000000	n/a	n/a	STATUS	n/a	n/a	DIN4
806.4280000000	n/a	n/a	STATUS	n/a	n/a	D255
807.1800000000	n/a	n/a	STATUS	n/a	n/a	DIN5
807.2320000000	n/a	n/a	STATUS	n/a	n/a	D255
807.6680000000	n/a	n/a	STATUS	n/a	n/a	D157
807.7160000000	n/a	n/a	STATUS	n/a	n/a	D255
807.7560000000	n/a	n/a	STATUS	n/a	n/a	DI54
807.8040000000	n/a	n/a	STATUS	n/a	n/a	D255
808.1480000000	n/a	n/a	STATUS	n/a	n/a	DI34
808.1960000000	n/a	n/a	STATUS	n/a	n/a	D255
808.4560000000	n/a	n/a	STATUS	n/a	n/a	DIN5
808.5080000000	n/a	n/a	STATUS	n/a	n/a	D255
808.9600000000	n/a	n/a	STATUS	n/a	n/a	D198
809.0120000000	n/a	n/a	STATUS	n/a	n/a	D255
809.0480000000	n/a	n/a	STATUS	n/a	n/a	DI54
809.1000000000	n/a	n/a	STATUS	n/a	n/a	D255
809.4640000000	n/a	n/a	STATUS	n/a	n/a	DI34
809.5120000000	n/a	n/a	STATUS	n/a	n/a	D255
809.7720000000	n/a	n/a	STATUS	n/a	n/a	DIN5
809.8240000000	n/a	n/a	STATUS	n/a	n/a	D255
810.2840000000	n/a	n/a	STATUS	n/a	n/a	D100
810.3320000000	n/a	n/a	STATUS	n/a	n/a	D255
810.3720000000	n/a	n/a	STATUS	n/a	n/a	DI52
810.4200000000	n/a	n/a	STATUS	n/a	n/a	DI12
810.4720000000	n/a	n/a	STATUS	n/a	n/a	D255
810.4760000000	n/a	n/a	STATUS	n/a	n/a	DIN4
810.5240000000	n/a	n/a	STATUS	n/a	n/a	D255
811.2800000000	n/a	n/a	STATUS	n/a	n/a	DIN5
811.3320000000	n/a	n/a	STATUS	n/a	n/a	D255
811.7280000000	n/a	n/a	STATUS	n/a	n/a	D170
811.7800000000	n/a	n/a	STATUS	n/a	n/a	D255
811.8160000000	n/a	n/a	STATUS	n/a	n/a	DI52
811.8680000000	n/a	n/a	STATUS	n/a	n/a	D255
812.2400000000	n/a	n/a	STATUS	n/a	n/a	DI42
812.2880000000	n/a	n/a	STATUS	n/a	n/a	D255
812.5480000000	n/a	n/a	STATUS	n/a	n/a	DIN5
812.6000000000	n/a	n/a	STATUS	n/a	n/a	D255
812.9480000000	n/a	n/a	STATUS	n/a	n/a	D143
812.9960000000	n/a	n/a	STATUS	n/a	n/a	D255
813.0360000000	n/a	n/a	STATUS	n/a	n/a	DI53
813.0840000000	n/a	n/a	STATUS	n/a	n/a	D255
813.4280000000	n/a	n/a	STATUS	n/a	n/a	DI43
813.4800000000	n/a	n/a	STATUS	n/a	n/a	D255
813.7400000000	n/a	n/a	STATUS	n/a	n/a	DIN5
813.7920000000	n/a	n/a	STATUS	n/a	n/a	D255
814.2560000000	n/a	n/a	STATUS	n/a	n/a	D241
814.3040000000	n/a	n/a	STATUS	n/a	n/a	D255
814.3400000000	n/a	n/a	STATUS	n/a	n/a	DI52
814.3920000000	n/a	n/a	STATUS	n/a	n/a	D255
814.6480000000	n/a	n/a	STATUS	n/a	n/a	DI12
814.7000000000	n/a	n/a	STATUS	n/a	n/a	D255
814.7040000000	n/a	n/a	STATUS	n/a	n/a	DIN4
814.7560000000	n/a	n/a	STATUS	n/a	n/a	D255
815.5080000000	n/a	n/a	STATUS	n/a	n/a	DIN5
815.5600000000	n/a	n/a	STATUS	n/a	n/a	D255
816.0440000000	n/a	n/a	STATUS	n/a	n/a	D227
816.0920000000	n/a	n/a	STATUS	n/a	n/a	D255
816.1320000000	n/a	n/a	STATUS	n/a	n/a	DI53
816.1800000000	n/a	n/a	STATUS	n/a	n/a	D255
816.5320000000	n/a	n/a	STATUS	n/a	n/a	DI43
816.5800000000	n/a	n/a	STATUS	n/a	n/a	D255
816.8400000000	n/a	n/a	STATUS	n/a	n/a	DIN5
816.8920000000	n/a	n/a	STATUS	n/a	n/a	D255
816.8920000000	n/a	n/a	STATUS	n/a	n/a	D229
817.2720000000	n/a	n/a	STATUS	n/a	n/a	D231
817.3200000000	n/a	n/a	STATUS	n/a	n/a	D255
817.3600000000	n/a	n/a	STATUS	n/a	n/a	DI52
817.4080000000	n/a	n/a	STATUS	n/a	n/a	D255
817.7720000000	n/a	n/a	STATUS	n/a	n/a	DI42
817.8200000000	n/a	n/a	STATUS	n/a	n/a	D255
818.0800000000	n/a	n/a	STATUS	n/a	n/a	DIN5
818.1280000000	n/a	n/a	STATUS	n/a	n/a	D255
818.5840000000	n/a	n/a	STATUS	n/a	n/a	DI97
818.6360000000	n/a	n/a	STATUS	n/a	n/a	D255
818.6720000000	n/a	n/a	STATUS	n/a	n/a	DI51
818.7240000000	n/a	n/a	STATUS	n/a	n/a	D255
819.1000000000	n/a	n/a	STATUS	n/a	n/a	DI31
819.1520000000	n/a	n/a	STATUS	n/a	n/a	D255
819.4120000000	n/a	n/a	STATUS	n/a	n/a	DIN5
819.4600000000	n/a	n/a	STATUS	n/a	n/a	D255
819.9560000000	n/a	n/a	STATUS	n/a	n/a	D126
820.0040000000	n/a	n/a	STATUS	n/a	n/a	D255
820.0440000000	n/a	n/a	STATUS	n/a	n/a	DI51
820.0920000000	n/a	n/a	STATUS	n/a	n/a	D255
820.4600000000	n/a	n/a	STATUS	n/a	n/a	DI31
820.5080000000	n/a	n/a	STATUS	n/a	n/a	D255
820.7680000000	n/a	n/a	STATUS	n/a	n/a	DIN5
820.8200000000	n/a	n/a	STATUS	n/a	n/a	D255
821.1600000000	n/a	n/a	STATUS	n/a	n/a	DI99
821.2080000000	n/a	n/a	STATUS	n/a	n/a	D255
821.2480000000	n/a	n/a	STATUS	n/a	n/a	DI52
821.2960000000	n/a	n/a	STATUS	n/a	n/a	D255
821.6560000000	n/a	n/a	STATUS	n/a	n/a	DI42
821.7080000000	n/a	n/a	STATUS	n/a	n/a	D255
821.9680000000	n/a	n/a	STATUS	n/a	n/a	DIN5
822.0160000000	n/a	n/a	STATUS	n/a	n/a	D255
822.3760000000	n/a	n/a	STATUS	n/a	n/a	D174
822.4280000000	n/a	n/a	STATUS	n/a	n/a	D255
822.4640000000	n/a	n/a	STATUS	n/a	n/a	DI53
822.5160000000	n/a	n/a	STATUS	n/a	n/a	D255
822.8360000000	n/a	n/a	STATUS	n/a	n/a	DI43
822.8840000000	n/a	n/a	STATUS	n/a	n/a	D255
823.1440000000	n/a	n/a	STATUS	n/a	n/a	DIN5
823.1920000000	n/a	n/a	STATUS	n/a	n/a	D255
823.5720000000	n/a	n/a	STATUS	n/a	n/a	D228
823.6240000000	n/a	n/a	STATUS	n/a	n/a	D255
823.6600000000	n/a	n/a	STATUS	n/a	n/a	DI53
823.7120000000	n/a	n/a	STATUS	n/a	n/a	D255
824.0840000000	n/a	n/a	STATUS	n/a	n/a	DI43
824.1360000000	n/a	n/a	STATUS	n/a	n/a	D255
824.3920000000	n/a	n/a	STATUS	n/a	n/a	DIN5
824.4440000000	n/a	n/a	STATUS	n/a	n/a	D255
824.8880000000	n/a	n/a	STATUS	n/a	n/a	D187
824.9400000000	n/a	n/a	STATUS	n/a	n/a	D255
824.9760000000	n/a	n/a	STATUS	n/a	n/a	DI54
825.0240000000	n/a	n/a	STATUS	n/a	n/a	D255
825.3400000000	n/a	n/a	STATUS	n/a	n/a	DI34
825.3880000000	n/a	n/a	STATUS	n/a	n/a	D255
825.6480000000	n/a	n/a	STATUS	n/a	n/a	DIN5
825.7000000000	n/a	n/a	STATUS	n/a	n/a	D255
826.1320000000	n/a	n/a	STATUS	n/a	n/a	D152
826.1840000000	n/a	n/a	STATUS	n/a	n/a	D255
826.2200000000	n/a	n/a	STATUS	n/a	n/a	DI52
826.2720000000	n/a	n/a	STATUS	n/a	n/a	D255
826.6040000000	n/a	n/a	STATUS	n/a	n/a	DI42
826.6520000000	n/a	n/a	STATUS	n/a	n/a	D255
826.9120000000	n/a	n/a	STATUS	n/a	n/a	DIN5
826.9640000000	n/a	n/a	STATUS	n/a	n/a	D255
827.4560000000	n/a	n/a	STATUS	n/a	n/a	D185
827.5080000000	n/a	n/a	STATUS	n/a	n/a	D255
827.5440000000	n/a	n/a	STATUS	n/a	n/a	DI54
827.5960000000	n/a	n/a	STATUS	n/a	n/a	D255
827.9120000000	n/a	n/a	STATUS	n/a	n/a	DI34
827.9600000000	n/a	n/a	STATUS	n/a	n/a	D255
828.2200000000	n/a	n/a	STATUS	n/a	n/a	DIN5
828.2720000000	n/a	n/a	STATUS	n/a	n/a	D255
828.6280000000	n/a	n/a	STATUS	n/a	n/a	D207
828.6800000000	n/a	n/a	STATUS	n/a	n/a	D255
828.7160000000	n/a	n/a	STATUS	n/a	n/a	DI53
828.7680000000	n/a	n/a	STATUS	n/a	n/a	D255
829.1280000000	n/a	n/a	STATUS	n/a	n/a	DI43
829.1760000000	n/a	n/a	STATUS	n/a	n/a	D255
829.4360000000	n/a	n/a	STATUS	n/a	n/a	DIN5
829.4880000000	n/a	n/a	STATUS	n/a	n/a	D255
829.9880000000	n/a	n/a	STATUS	n/a	n/a	D125
830.0360000000	n/a	n/a	STATUS	n/a	n/a	D255
830.0720000000	n/a	n/a	STATUS	n/a	n/a	DI54
830.1240000000	n/a	n/a	STATUS	n/a	n/a	D255
830.4680000000	n/a	n/a	STATUS	n/a	n/a	DI34
830.5160000000	n/a	n/a	STATUS	n/a	n/a	D255
830.7760000000	n/a	n/a	STATUS	n/a	n/a	DIN5
830.8280000000	n/a	n/a	STATUS	n/a	n/a	D255
831.2400000000	n/a	n/a	STATUS	n/a	n/a	DI68
831.2920000000	n/a	n/a	STATUS	n/a	n/a	D255
831.3280000000	n/a	n/a	STATUS	n/a	n/a	DI52
831.3800000000	n/a	n/a	STATUS	n/a	n/a	D255
831.7160000000	n/a	n/a	STATUS	n/a	n/a	DI42
831.7680000000	n/a	n/a	STATUS	n/a	n/a	D255
832.0240000000	n/a	n/a	STATUS	n/a	n/a	DIN5
832.0760000000	n/a	n/a	STATUS	n/a	n/a	D255
832.5800000000	n/a	n/a	STATUS	n/a	n/a	DI79
832.6320000000	n/a	n/a	STATUS	n/a	n/a	D255
832.6680000000	n/a	n/a	STATUS	n/a	n/a	DI53
832.7200000000	n/a	n/a	STATUS	n/a	n/a	D255
833.0480000000	n/a	n/a	STATUS	n/a	n/a	DI43
833.1000000000	n/a	n/a	STATUS	n/a	n/a	D255
833.3560000000	n/a	n/a	STATUS	n/a	n/a	DIN5
833.4080000000	n/a	n/a	STATUS	n/a	n/a	D255
833.8160000000	n/a	n/a	STATUS	n/a	n/a	D188
833.8680000000	n/a	n/a	STATUS	n/a	n/a	D255
833.9040000000	n/a	n/a	STATUS	n/a	n/a	DI54
833.9560000000	n/a	n/a	STATUS	n/a	n/a	D255
834.3400000000	n/a	n/a	STATUS	n/a	n/a	DI34
834.3880000000	n/a	n/a	STATUS	n/a	n/a	D255
834.6480000000	n/a	n/a	STATUS	n/a	n/a	DIN5
834.7000000000	n/a	n/a	STATUS	n/a	n/a	D255
835.0040000000	n/a	n/a	STATUS	n/a	n/a	D216
835.0560000000	n/a	n/a	STATUS	n/a	n/a	D255
835.0920000000	n/a	n/a	STATUS	n/a	n/a	DI52
835.1400000000	n/a	n/a	STATUS	n/a	n/a	D255
835.4920000000	n/a	n/a	STATUS	n/a	n/a	DI42
835.5440000000	n/a	n/a	STATUS	n/a	n/a	D255
835.8040000000	n/a	n/a	STATUS	n/a	n/a	DIN5
835.8520000000	n/a	n/a	STATUS	n/a	n/a	D255
836.3040000000	n/a	n/a	STATUS	n/a	n/a	D119
836.3520000000	n/a	n/a	STATUS	n/a	n/a	D255
836.3920000000	n/a	n/a	STATUS	n/a	n/a	DI51
836.4400000000	n/a	n/a	STATUS	n/a	n/a	D255
836.8800000000	n/a	n/a	STATUS	n/a	n/a	DI31
836.9320000000	n/a	n/a	STATUS	n/a	n/a	D255
837.1920000000	n/a	n/a	STATUS	n/a	n/a	DIN5
837.2400000000	n/a	n/a	STATUS	n/a	n/a	D255
837.6800000000	n/a	n/a	STATUS	n/a	n/a	D182
837.7320000000	n/a	n/a	STATUS	n/a	n/a	D255
837.7680000000	n/a	n/a	STATUS	n/a	n/a	DI53
837.8200000000	n/a	n/a	STATUS	n/a	n/a	D255
838.1080000000	n/a	n/a	STATUS	n/a	n/a	DI43
838.1560000000	n/a	n/a	STATUS	n/a	n/a	D255
848.2760000000	n/a	n/a	STATUS	n/a	n/a	DIN5
848.3280000000	n/a	n/a	STATUS	n/a	n/a	D255
848.6520000000	n/a	n/a	STATUS	n/a	n/a	D241
848.7040000000	n/a	n/a	STATUS	n/a	n/a	D255
848.7400000000	n/a	n/a	STATUS	n/a	n/a	DI53
848.7920000000	n/a	n/a	STATUS	n/a	n/a	D255
849.1080000000	n/a	n/a	STATUS	n/a	n/a	DI43
849.1600000000	n/a	n/a	STATUS	n/a	n/a	D255
849.4160000000	n/a	n/a	STATUS	n/a	n/a	DIN5
849.4680000000	n/a	n/a	STATUS	n/a	n/a	D255
849.9680000000	n/a	n/a	STATUS	n/a	n/a	D110
850.0160000000	n/a	n/a	STATUS	n/a	n/a	D255
850.0560000000	n/a	n/a	STATUS	n/a	n/a	DI52
850.1040000000	n/a	n/a	STATUS	n/a	n/a	D255
850.3480000000	n/a	n/a	STATUS	n/a	n/a	DI12
850.4000000000	n/a	n/a	STATUS	n/a	n/a	D255
850.4040000000	n/a	n/a	STATUS	n/a	n/a	DIN4
850.4520000000	n/a	n/a	STATUS	n/a	n/a	D255
851.2080000000	n/a	n/a	STATUS	n/a	n/a	DIN5
851.2600000000	n/a	n/a	STATUS	n/a	n/a	D255
851.6760000000	n/a	n/a	STATUS	n/a	n/a	D109
851.7280000000	n/a	n/a	STATUS	n/a	n/a	D255
851.7640000000	n/a	n/a	STATUS	n/a	n/a	DI52
851.8160000000	n/a	n/a	STATUS	n/a	n/a	D255
852.1360000000	n/a	n/a	STATUS	n/a	n/a	DI42
852.1840000000	n/a	n/a	STATUS	n/a	n/a	D255
852.4440000000	n/a	n/a	STATUS	n/a	n/a	DIN5
852.4960000000	n/a	n/a	STATUS	n/a	n/a	D255
852.8560000000	n/a	n/a	STATUS	n/a	n/a	D174
852.9040000000	n/a	n/a	STATUS	n/a	n/a	D255
852.9440000000	n/a	n/a	STATUS	n/a	n/a	DI51
852.9920000000	n/a	n/a	STATUS	n/a	n/a	D255
853.3600000000	n/a	n/a	STATUS	n/a	n/a	DI31
853.4120000000	n/a	n/a	STATUS	n/a	n/a	D255
853.6720000000	n/a	n/a	STATUS	n/a	n/a	DIN5
853.7200000000	n/a	n/a	STATUS	n/a	n/a	D255
854.0440000000	n/a	n/a	STATUS	n/a	n/a	D105
854.0960000000	n/a	n/a	STATUS	n/a	n/a	D255
854.1320000000	n/a	n/a	STATUS	n/a	n/a	DI51
854.1840000000	n/a	n/a	STATUS	n/a	n/a	D255
854.5800000000	n/a	n/a	STATUS	n/a	n/a	DI31
854.6320000000	n/a	n/a	STATUS	n/a	n/a	D255
854.8920000000	n/a	n/a	STATUS	n/a	n/a	DIN5
854.9400000000	n/a	n/a	STATUS	n/a	n/a	D255
855.4360000000	n/a	n/a	STATUS	n/a	n/a	D152
855.4840000000	n/a	n/a	STATUS	n/a	n/a	D255
855.5200000000	n/a	n/a	STATUS	n/a	n/a	DI52
855.5720000000	n/a	n/a	STATUS	n/a	n/a	D255
855.8720000000	n/a	n/a	STATUS	n/a	n/a	DI42
855.9240000000	n/a	n/a	STATUS	n/a	n/a	D255
856.1800000000	n/a	n/a	STATUS	n/a	n/a	DIN5
856.2320000000	n/a	n/a	STATUS	n/a	n/a	D255
856.6960000000	n/a	n/a	STATUS	n/a	n/a	D116
856.7440000000	n/a	n/a	STATUS	n/a	n/a	D255
856.7840000000	n/a	n/a	STATUS	n/a	n/a	DI52
856.8360000000	n/a	n/a	STATUS	n/a	n/a	D255
857.1600000000	n/a	n/a	STATUS	n/a	n/a	DI42
857.2120000000	n/a	n/a	STATUS	n/a	n/a	D255
857.4720000000	n/a	n/a	STATUS	n/a	n/a	DIN5
857.5200000000	n/a	n/a	STATUS	n/a	n/a	D255
857.8440000000	n/a	n/a	STATUS	n/a	n/a	D244
857.8960000000	n/a	n/a	STATUS	n/a	n/a	D255
857.9320000000	n/a	n/a	STATUS	n/a	n/a	DI53
857.9840000000	n/a	n/a	STATUS	n/a	n/a	D255
858.2520000000	n/a	n/a	STATUS	n/a	n/a	DI43
858.3040000000	n/a	n/a	STATUS	n/a	n/a	D255
858.5640000000	n/a	n/a	STATUS	n/a	n/a	DIN5
858.6120000000	n/a	n/a	STATUS	n/a	n/a	D255
858.9840000000	n/a	n/a	STATUS	n/a	n/a	D190
859.0360000000	n/a	n/a	STATUS	n/a	n/a	D255
859.0720000000	n/a	n/a	STATUS	n/a	n/a	DI51
859.1240000000	n/a	n/a	STATUS	n/a	n/a	D255
859.5000000000	n/a	n/a	STATUS	n/a	n/a	DI31
859.5480000000	n/a	n/a	STATUS	n/a	n/a	D255
859.8120000000	n/a	n/a	STATUS	n/a	n/a	DIN5
859.8600000000	n/a	n/a	STATUS	n/a	n/a	D255
860.2200000000	n/a	n/a	STATUS	n/a	n/a	D172
860.2680000000	n/a	n/a	STATUS	n/a	n/a	D255
860.3080000000	n/a	n/a	STATUS	n/a	n/a	DI52
860.3560000000	n/a	n/a	STATUS	n/a	n/a	D255
860.6920000000	n/a	n/a	STATUS	n/a	n/a	DI42
860.7400000000	n/a	n/a	STATUS	n/a	n/a	D255
861.0000000000	n/a	n/a	STATUS	n/a	n/a	DIN5
861.0520000000	n/a	n/a	STATUS	n/a	n/a	D255
861.4080000000	n/a	n/a	STATUS	n/a	n/a	D101
861.4560000000	n/a	n/a	STATUS	n/a	n/a	D255
861.4920000000	n/a	n/a	STATUS	n/a	n/a	DI54
861.5440000000	n/a	n/a	STATUS	n/a	n/a	D255
861.8640000000	n/a	n/a	STATUS	n/a	n/a	DI34
861.9120000000	n/a	n/a	STATUS	n/a	n/a	D255
862.1720000000	n/a	n/a	STATUS	n/a	n/a	DIN5
862.2240000000	n/a	n/a	STATUS	n/a	n/a	D255
862.6360000000	n/a	n/a	STATUS	n/a	n/a	DI86
862.6880000000	n/a	n/a	STATUS	n/a	n/a	D255
862.7240000000	n/a	n/a	STATUS	n/a	n/a	DI54
862.7760000000	n/a	n/a	STATUS	n/a	n/a	D255
863.0640000000	n/a	n/a	STATUS	n/a	n/a	DI34
863.1160000000	n/a	n/a	STATUS	n/a	n/a	D255
863.3760000000	n/a	n/a	STATUS	n/a	n/a	DIN5
863.4240000000	n/a	n/a	STATUS	n/a	n/a	D255
863.9040000000	n/a	n/a	STATUS	n/a	n/a	D230
863.9560000000	n/a	n/a	STATUS	n/a	n/a	D255
863.9920000000	n/a	n/a	STATUS	n/a	n/a	DI54
864.0440000000	n/a	n/a	STATUS	n/a	n/a	D255
864.3560000000	n/a	n/a	STATUS	n/a	n/a	DI34
864.4040000000	n/a	n/a	STATUS	n/a	n/a	D255
864.6640000000	n/a	n/a	STATUS	n/a	n/a	DIN5
864.7160000000	n/a	n/a	STATUS	n/a	n/a	D255
865.0560000000	n/a	n/a	STATUS	n/a	n/a	D203
865.1040000000	n/a	n/a	STATUS	n/a	n/a	D255
865.1400000000	n/a	n/a	STATUS	n/a	n/a	DI54
865.1920000000	n/a	n/a	STATUS	n/a	n/a	D255
865.4640000000	n/a	n/a	STATUS	n/a	n/a	DI34
865.5120000000	n/a	n/a	STATUS	n/a	n/a	D255
865.7720000000	n/a	n/a	STATUS	n/a	n/a	DIN5
865.8240000000	n/a	n/a	STATUS	n/a	n/a	D255
866.2440000000	n/a	n/a	STATUS	n/a	n/a	D143
866.2920000000	n/a	n/a	STATUS	n/a	n/a	D255
866.3320000000	n/a	n/a	STATUS	n/a	n/a	DI51
866.3800000000	n/a	n/a	STATUS	n/a	n/a	D255
866.6280000000	n/a	n/a	STATUS	n/a	n/a	DI21
866.6800000000	n/a	n/a	STATUS	n/a	n/a	D255
866.6840000000	n/a	n/a	STATUS	n/a	n/a	DIN4
866.7360000000	n/a	n/a	STATUS	n/a	n/a	D255
867.4880000000	n/a	n/a	STATUS	n/a	n/a	DIN5
867.5400000000	n/a	n/a	STATUS	n/a	n/a	D255
867.9400000000	n/a	n/a	STATUS	n/a	n/a	D100
867.9880000000	n/a	n/a	STATUS	n/a	n/a	D255
868.0280000000	n/a	n/a	STATUS	n/a	n/a	DI53
868.0760000000	n/a	n/a	STATUS	n/a	n/a	D255
868.3720000000	n/a	n/a	STATUS	n/a	n/a	DI43
868.4240000000	n/a	n/a	STATUS	n/a	n/a	D255
868.6800000000	n/a	n/a	STATUS	n/a	n/a	DIN5
868.7320000000	n/a	n/a	STATUS	n/a	n/a	D255
869.1920000000	n/a	n/a	STATUS	n/a	n/a	D187
869.2400000000	n/a	n/a	STATUS	n/a	n/a	D255
869.2800000000	n/a	n/a	STATUS	n/a	n/a	DI53
869.3280000000	n/a	n/a	STATUS	n/a	n/a	D255
869.6680000000	n/a	n/a	STATUS	n/a	n/a	DI43
869.7160000000	n/a	n/a	STATUS	n/a	n/a	D255
869.9760000000	n/a	n/a	STATUS	n/a	n/a	DIN5
870.0280000000	n/a	n/a	STATUS	n/a	n/a	D255
870.3320000000	n/a	n/a	STATUS	n/a	n/a	D178
870.3840000000	n/a	n/a	STATUS	n/a	n/a	D255
870.4200000000	n/a	n/a	STATUS	n/a	n/a	DI54
870.4680000000	n/a	n/a	STATUS	n/a	n/a	D255
870.8560000000	n/a	n/a	STATUS	n/a	n/a	DI34
870.9080000000	n/a	n/a	STATUS	n/a	n/a	D255
871.1680000000	n/a	n/a	STATUS	n/a	n/a	DIN5
871.2200000000	n/a	n/a	STATUS	n/a	n/a	D255
871.5560000000	n/a	n/a	STATUS	n/a	n/a	D189
871.6080000000	n/a	n/a	STATUS	n/a	n/a	D255
871.6440000000	n/a	n/a	STATUS	n/a	n/a	DI54
871.6960000000	n/a	n/a	STATUS	n/a	n/a	D255
872.0120000000	n/a	n/a	STATUS	n/a	n/a	DI24
872.0600000000	n/a	n/a	STATUS	n/a	n/a	D255
872.0640000000	n/a	n/a	STATUS	n/a	n/a	DIN4
872.1160000000	n/a	n/a	STATUS	n/a	n/a	D255
872.8720000000	n/a	n/a	STATUS	n/a	n/a	DIN5
872.9200000000	n/a	n/a	STATUS	n/a	n/a	D255
873.2720000000	n/a	n/a	STATUS	n/a	n/a	D159
873.3200000000	n/a	n/a	STATUS	n/a	n/a	D255
873.3600000000	n/a	n/a	STATUS	n/a	n/a	DI54
873.4080000000	n/a	n/a	STATUS	n/a	n/a	D255
873.6840000000	n/a	n/a	STATUS	n/a	n/a	DI34
873.7360000000	n/a	n/a	STATUS	n/a	n/a	D255
873.9960000000	n/a	n/a	STATUS	n/a	n/a	DIN5
874.0440000000	n/a	n/a	STATUS	n/a	n/a	D255
874.4560000000	n/a	n/a	STATUS	n/a	n/a	D155
874.5040000000	n/a	n/a	STATUS	n/a	n/a	D255
874.5440000000	n/a	n/a	STATUS	n/a	n/a	DI53
874.5920000000	n/a	n/a	STATUS	n/a	n/a	D255
874.9040000000	n/a	n/a	STATUS	n/a	n/a	DI43
874.9560000000	n/a	n/a	STATUS	n/a	n/a	D255
875.2160000000	n/a	n/a	STATUS	n/a	n/a	DIN5
875.2640000000	n/a	n/a	STATUS	n/a	n/a	D255
875.5800000000	n/a	n/a	STATUS	n/a	n/a	D176
875.6320000000	n/a	n/a	STATUS	n/a	n/a	D255
875.6680000000	n/a	n/a	STATUS	n/a	n/a	DI53
875.7160000000	n/a	n/a	STATUS	n/a	n/a	D255
875.9800000000	n/a	n/a	STATUS	n/a	n/a	DI43
876.0280000000	n/a	n/a	STATUS	n/a	n/a	D255
876.2880000000	n/a	n/a	STATUS	n/a	n/a	DIN5
876.3400000000	n/a	n/a	STATUS	n/a	n/a	D255
876.7920000000	n/a	n/a	STATUS	n/a	n/a	D124
876.8440000000	n/a	n/a	STATUS	n/a	n/a	D255
876.8800000000	n/a	n/a	STATUS	n/a	n/a	DI51
876.9320000000	n/a	n/a	STATUS	n/a	n/a	D255
877.3000000000	n/a	n/a	STATUS	n/a	n/a	DI31
877.3520000000	n/a	n/a	STATUS	n/a	n/a	D255
877.6120000000	n/a	n/a	STATUS	n/a	n/a	DIN5
877.6600000000	n/a	n/a	STATUS	n/a	n/a	D255
877.9840000000	n/a	n/a	STATUS	n/a	n/a	D131
878.0360000000	n/a	n/a	STATUS	n/a	n/a	D255
878.0720000000	n/a	n/a	STATUS	n/a	n/a	DI52
878.1240000000	n/a	n/a	STATUS	n/a	n/a	D255
878.4520000000	n/a	n/a	STATUS	n/a	n/a	DI42
878.5000000000	n/a	n/a	STATUS	n/a	n/a	D255
878.7600000000	n/a	n/a	STATUS	n/a	n/a	DIN5
878.8120000000	n/a	n/a	STATUS	n/a	n/a	D255
879.2760000000	n/a	n/a	STATUS	n/a	n/a	D138
879.3240000000	n/a	n/a	STATUS	n/a	n/a	D255
879.3640000000	n/a	n/a	STATUS	n/a	n/a	DI53
879.4120000000	n/a	n/a	STATUS	n/a	n/a	D255
879.7360000000	n/a	n/a	STATUS	n/a	n/a	DI43
879.7840000000	n/a	n/a	STATUS	n/a	n/a	D255
880.0440000000	n/a	n/a	STATUS	n/a	n/a	DIN5
880.0960000000	n/a	n/a	STATUS	n/a	n/a	D255
880.5160000000	n/a	n/a	STATUS	n/a	n/a	D169
880.5640000000	n/a	n/a	STATUS	n/a	n/a	D255
880.6000000000	n/a	n/a	STATUS	n/a	n/a	DI52
880.6520000000	n/a	n/a	STATUS	n/a	n/a	D255
881.0120000000	n/a	n/a	STATUS	n/a	n/a	DI42
881.0640000000	n/a	n/a	STATUS	n/a	n/a	D255
881.3200000000	n/a	n/a	STATUS	n/a	n/a	DIN5
881.3720000000	n/a	n/a	STATUS	n/a	n/a	D255
881.6760000000	n/a	n/a	STATUS	n/a	n/a	D162
881.7280000000	n/a	n/a	STATUS	n/a	n/a	D255
881.7640000000	n/a	n/a	STATUS	n/a	n/a	DI54
881.8160000000	n/a	n/a	STATUS	n/a	n/a	D255
882.1040000000	n/a	n/a	STATUS	n/a	n/a	DI34
882.1560000000	n/a	n/a	STATUS	n/a	n/a	D255
882.4160000000	n/a	n/a	STATUS	n/a	n/a	DIN5
882.4640000000	n/a	n/a	STATUS	n/a	n/a	D255
882.8960000000	n/a	n/a	STATUS	n/a	n/a	D115
882.9440000000	n/a	n/a	STATUS	n/a	n/a	D255
882.9840000000	n/a	n/a	STATUS	n/a	n/a	DI51
883.0360000000	n/a	n/a	STATUS	n/a	n/a	D255
883.4000000000	n/a	n/a	STATUS	n/a	n/a	DI31
883.4480000000	n/a	n/a	STATUS	n/a	n/a	D255
883.7080000000	n/a	n/a	STATUS	n/a	n/a	DIN5
883.7600000000	n/a	n/a	STATUS	n/a	n/a	D255
884.2440000000	n/a	n/a	STATUS	n/a	n/a	D212
884.2920000000	n/a	n/a	STATUS	n/a	n/a	D255
884.3320000000	n/a	n/a	STATUS	n/a	n/a	DI52
884.3800000000	n/a	n/a	STATUS	n/a	n/a	D255
884.7680000000	n/a	n/a	STATUS	n/a	n/a	DI42
884.8160000000	n/a	n/a	STATUS	n/a	n/a	D255
885.0760000000	n/a	n/a	STATUS	n/a	n/a	DIN5
885.1280000000	n/a	n/a	STATUS	n/a	n/a	D255
885.4800000000	n/a	n/a	STATUS	n/a	n/a	DI90
885.5320000000	n/a	n/a	STATUS	n/a	n/a	D255
885.5680000000	n/a	n/a	STATUS	n/a	n/a	DI53
885.6200000000	n/a	n/a	STATUS	n/a	n/a	D255
885.9720000000	n/a	n/a	STATUS	n/a	n/a	DI43
886.0240000000	n/a	n/a	STATUS	n/a	n/a	D255
886.2840000000	n/a	n/a	STATUS	n/a	n/a	DIN5
886.3320000000	n/a	n/a	STATUS	n/a	n/a	D255
886.6920000000	n/a	n/a	STATUS	n/a	n/a	DI95
886.7400000000	n/a	n/a	STATUS	n/a	n/a	D255
886.7800000000	n/a	n/a	STATUS	n/a	n/a	DI51
886.8280000000	n/a	n/a	STATUS	n/a	n/a	D255
887.2760000000	n/a	n/a	STATUS	n/a	n/a	DI31
887.3280000000	n/a	n/a	STATUS	n/a	n/a	D255
887.5880000000	n/a	n/a	STATUS	n/a	n/a	DIN5
887.6360000000	n/a	n/a	STATUS	n/a	n/a	D255
888.0280000000	n/a	n/a	STATUS	n/a	n/a	D153
888.0760000000	n/a	n/a	STATUS	n/a	n/a	D255
888.1160000000	n/a	n/a	STATUS	n/a	n/a	DI53
888.1640000000	n/a	n/a	STATUS	n/a	n/a	D255
888.4040000000	n/a	n/a	STATUS	n/a	n/a	DI43
888.4520000000	n/a	n/a	STATUS	n/a	n/a	D255
888.7120000000	n/a	n/a	STATUS	n/a	n/a	DIN5
888.7600000000	n/a	n/a	STATUS	n/a	n/a	D255
889.0720000000	n/a	n/a	STATUS	n/a	n/a	D197
889.1200000000	n/a	n/a	STATUS	n/a	n/a	D255
889.1600000000	n/a	n/a	STATUS	n/a	n/a	DI52
889.2080000000	n/a	n/a	STATUS	n/a	n/a	D255
889.5440000000	n/a	n/a	STATUS	n/a	n/a	DI42
889.5920000000	n/a	n/a	STATUS	n/a	n/a	D255
889.8520000000	n/a	n/a	STATUS	n/a	n/a	DIN5
889.9040000000	n/a	n/a	STATUS	n/a	n/a	D255
890.2480000000	n/a	n/a	STATUS	n/a	n/a	D123
890.2960000000	n/a	n/a	STATUS	n/a	n/a	D255
890.3320000000	n/a	n/a	STATUS	n/a	n/a	DI51
890.3840000000	n/a	n/a	STATUS	n/a	n/a	D255
890.7560000000	n/a	n/a	STATUS	n/a	n/a	DI31
890.8080000000	n/a	n/a	STATUS	n/a	n/a	D255
891.0640000000	n/a	n/a	STATUS	n/a	n/a	DIN5
891.1160000000	n/a	n/a	STATUS	n/a	n/a	D255
891.4360000000	n/a	n/a	STATUS	n/a	n/a	DI67
891.4840000000	n/a	n/a	STATUS	n/a	n/a	D255
891.5240000000	n/a	n/a	STATUS	n/a	n/a	DI51
891.5720000000	n/a	n/a	STATUS	n/a	n/a	D255
891.9200000000	n/a	n/a	STATUS	n/a	n/a	DI31
891.9720000000	n/a	n/a	STATUS	n/a	n/a	D255
892.2320000000	n/a	n/a	STATUS	n/a	n/a	DIN5
892.2800000000	n/a	n/a	STATUS	n/a	n/a	D255
892.7400000000	n/a	n/a	STATUS	n/a	n/a	D146
892.7920000000	n/a	n/a	STATUS	n/a	n/a	D255
892.8280000000	n/a	n/a	STATUS	n/a	n/a	DI53
892.8800000000	n/a	n/a	STATUS	n/a	n/a	D255
893.1400000000	n/a	n/a	STATUS	n/a	n/a	DI43
893.1920000000	n/a	n/a	STATUS	n/a	n/a	D255
893.4480000000	n/a	n/a	STATUS	n/a	n/a	DIN5
893.5000000000	n/a	n/a	STATUS	n/a	n/a	D255
893.8600000000	n/a	n/a	STATUS	n/a	n/a	D217
893.9080000000	n/a	n/a	STATUS	n/a	n/a	D255
893.9480000000	n/a	n/a	STATUS	n/a	n/a	DI51
893.9960000000	n/a	n/a	STATUS	n/a	n/a	D255
894.4760000000	n/a	n/a	STATUS	n/a	n/a	DI31
894.5240000000	n/a	n/a	STATUS	n/a	n/a	D255
894.7840000000	n/a	n/a	STATUS	n/a	n/a	DIN5
894.8320000000	n/a	n/a	STATUS	n/a	n/a	D255
895.2480000000	n/a	n/a	STATUS	n/a	n/a	D106
895.3000000000	n/a	n/a	STATUS	n/a	n/a	D255
895.3360000000	n/a	n/a	STATUS	n/a	n/a	DI51
895.3880000000	n/a	n/a	STATUS	n/a	n/a	D255
895.5880000000	n/a	n/a	STATUS	n/a	n/a	DI21
895.6400000000	n/a	n/a	STATUS	n/a	n/a	D255
895.6440000000	n/a	n/a	STATUS	n/a	n/a	DIN4
895.6920000000	n/a	n/a	STATUS	n/a	n/a	D255
896.4480000000	n/a	n/a	STATUS	n/a	n/a	DIN5
896.5000000000	n/a	n/a	STATUS	n/a	n/a	D255
896.9760000000	n/a	n/a	STATUS	n/a	n/a	D168
897.0280000000	n/a	n/a	STATUS	n/a	n/a	D255
897.0640000000	n/a	n/a	STATUS	n/a	n/a	DI53
897.1160000000	n/a	n/a	STATUS	n/a	n/a	D255
897.3920000000	n/a	n/a	STATUS	n/a	n/a	DI43
897.4440000000	n/a	n/a	STATUS	n/a	n/a	D255
897.7040000000	n/a	n/a	STATUS	n/a	n/a	DIN5
897.7520000000	n/a	n/a	STATUS	n/a	n/a	D255
898.1160000000	n/a	n/a	STATUS	n/a	n/a	D139
898.1680000000	n/a	n/a	STATUS	n/a	n/a	D255
898.2040000000	n/a	n/a	STATUS	n/a	n/a	DI52
898.2560000000	n/a	n/a	STATUS	n/a	n/a	D255
898.5000000000	n/a	n/a	STATUS	n/a	n/a	DI12
898.5520000000	n/a	n/a	STATUS	n/a	n/a	D255
898.5520000000	n/a	n/a	STATUS	n/a	n/a	D237
898.5560000000	n/a	n/a	STATUS	n/a	n/a	DIN4
898.6080000000	n/a	n/a	STATUS	n/a	n/a	D255
899.3600000000	n/a	n/a	STATUS	n/a	n/a	DIN5
899.4120000000	n/a	n/a	STATUS	n/a	n/a	D255
899.8720000000	n/a	n/a	STATUS	n/a	n/a	D247
899.9200000000	n/a	n/a	STATUS	n/a	n/a	D255
899.9600000000	n/a	n/a	STATUS	n/a	n/a	DI54
900.0080000000	n/a	n/a	STATUS	n/a	n/a	D255
900.3200000000	n/a	n/a	STATUS	n/a	n/a	DI34
900.3680000000	n/a	n/a	STATUS	n/a	n/a	D255
900.6280000000	n/a	n/a	STATUS	n/a	n/a	DIN5
900.6800000000	n/a	n/a	STATUS	n/a	n/a	D255
900.9960000000	n/a	n/a	STATUS	n/a	n/a	D232
901.0480000000	n/a	n/a	STATUS	n/a	n/a	D255
901.0840000000	n/a	n/a	STATUS	n/a	n/a	DI53
901.1360000000	n/a	n/a	STATUS	n/a	n/a	D255
901.4520000000	n/a	n/a	STATUS	n/a	n/a	DI43
901.5000000000	n/a	n/a	STATUS	n/a	n/a	D255
901.7600000000	n/a	n/a	STATUS	n/a	n/a	DIN5
901.8120000000	n/a	n/a	STATUS	n/a	n/a	D255
902.2440000000	n/a	n/a	STATUS	n/a	n/a	D251
902.2960000000	n/a	n/a	STATUS	n/a	n/a	D255
902.3320000000	n/a	n/a	STATUS	n/a	n/a	DI51
902.3840000000	n/a	n/a	STATUS	n/a	n/a	D255
902.7720000000	n/a	n/a	STATUS	n/a	n/a	DI31
902.8240000000	n/a	n/a	STATUS	n/a	n/a	D255
903.0840000000	n/a	n/a	STATUS	n/a	n/a	DIN5
903.1320000000	n/a	n/a	STATUS	n/a	n/a	D255
903.5760000000	n/a	n/a	STATUS	n/a	n/a	D147
903.6280000000	n/a	n/a	STATUS	n/a	n/a	D255
903.6640000000	n/a	n/a	STATUS	n/a	n/a	DI51
903.7160000000	n/a	n/a	STATUS	n/a	n/a	D255
904.0840000000	n/a	n/a	STATUS	n/a	n/a	DI31
904.1320000000	n/a	n/a	STATUS	n/a	n/a	D255
904.3920000000	n/a	n/a	STATUS	n/a	n/a	DIN5
904.4440000000	n/a	n/a	STATUS	n/a	n/a	D255
904.8040000000	n/a	n/a	STATUS	n/a	n/a	DI93
904.8520000000	n/a	n/a	STATUS	n/a	n/a	D255
904.8920000000	n/a	n/a	STATUS	n/a	n/a	DI54
904.9400000000	n/a	n/a	STATUS	n/a	n/a	D255
905.2560000000	n/a	n/a	STATUS	n/a	n/a	DI34
905.3040000000	n/a	n/a	STATUS	n/a	n/a	D255
905.5640000000	n/a	n/a	STATUS	n/a	n/a	DIN5
905.6160000000	n/a	n/a	STATUS	n/a	n/a	D255
906.0840000000	n/a	n/a	STATUS	n/a	n/a	DI94
906.1360000000	n/a	n/a	STATUS	n/a	n/a	D255
906.1720000000	n/a	n/a	STATUS	n/a	n/a	DI54
906.2240000000	n/a	n/a	STATUS	n/a	n/a	D255
906.5160000000	n/a	n/a	STATUS	n/a	n/a	DI34
906.5680000000	n/a	n/a	STATUS	n/a	n/a	D255
906.8280000000	n/a	n/a	STATUS	n/a	n/a	DIN5
906.8760000000	n/a	n/a	STATUS	n/a	n/a	D255
907.2600000000	n/a	n/a	STATUS	n/a	n/a	DI78
907.3120000000	n/a	n/a	STATUS	n/a	n/a	D255
907.3480000000	n/a	n/a	STATUS	n/a	n/a	DI51
907.4000000000	n/a	n/a	STATUS	n/a	n/a	D255
907.7360000000	n/a	n/a	STATUS	n/a	n/a	DI31
907.7840000000	n/a	n/a	STATUS	n/a	n/a	D255
908.0440000000	n/a	n/a	STATUS	n/a	n/a	DIN5
908.0960000000	n/a	n/a	STATUS	n/a	n/a	D255
908.4840000000	n/a	n/a	STATUS	n/a	n/a	DI76
908.5360000000	n/a	n/a	STATUS	n/a	n/a	D255
908.5720000000	n/a	n/a	STATUS	n/a	n/a	DI53
908.6240000000	n/a	n/a	STATUS	n/a	n/a	D255
908.9880000000	n/a	n/a	STATUS	n/a	n/a	DI43
909.0400000000	n/a	n/a	STATUS	n/a	n/a	D255
909.3000000000	n/a	n/a	STATUS	n/a	n/a	DIN5
909.3480000000	n/a	n/a	STATUS	n/a	n/a	D255
909.7600000000	n/a	n/a	STATUS	n/a	n/a	D211
909.8080000000	n/a	n/a	STATUS	n/a	n/a	D255
909.8480000000	n/a	n/a	STATUS	n/a	n/a	DI53
909.8960000000	n/a	n/a	STATUS	n/a	n/a	D255
910.2240000000	n/a	n/a	STATUS	n/a	n/a	DI43
910.2760000000	n/a	n/a	STATUS	n/a	n/a	D255
910.5360000000	n/a	n/a	STATUS	n/a	n/a	DIN5
910.5840000000	n/a	n/a	STATUS	n/a	n/a	D255
911.0400000000	n/a	n/a	STATUS	n/a	n/a	D149
911.0880000000	n/a	n/a	STATUS	n/a	n/a	D255
911.1280000000	n/a	n/a	STATUS	n/a	n/a	DI52
911.1760000000	n/a	n/a	STATUS	n/a	n/a	D255
911.6320000000	n/a	n/a	STATUS	n/a	n/a	DI42
911.6840000000	n/a	n/a	STATUS	n/a	n/a	D255
911.9440000000	n/a	n/a	STATUS	n/a	n/a	DIN5
911.9920000000	n/a	n/a	STATUS	n/a	n/a	D255
912.4480000000	n/a	n/a	STATUS	n/a	n/a	D242
912.5000000000	n/a	n/a	STATUS	n/a	n/a	D255
912.5360000000	n/a	n/a	STATUS	n/a	n/a	DI54
912.5840000000	n/a	n/a	STATUS	n/a	n/a	D255
912.8760000000	n/a	n/a	STATUS	n/a	n/a	DI34
912.9280000000	n/a	n/a	STATUS	n/a	n/a	D255
913.1880000000	n/a	n/a	STATUS	n/a	n/a	DIN5
913.2360000000	n/a	n/a	STATUS	n/a	n/a	D255
913.5440000000	n/a	n/a	STATUS	n/a	n/a	D231
913.5960000000	n/a	n/a	STATUS	n/a	n/a	D255
913.6320000000	n/a	n/a	STATUS	n/a	n/a	DI53
913.6840000000	n/a	n/a	STATUS	n/a	n/a	D255
914.0400000000	n/a	n/a	STATUS	n/a	n/a	DI13
914.0880000000	n/a	n/a	STATUS	n/a	n/a	D255
914.0920000000	n/a	n/a	STATUS	n/a	n/a	DIN4
914.1440000000	n/a	n/a	STATUS	n/a	n/a	D255
914.9000000000	n/a	n/a	STATUS	n/a	n/a	DIN5
914.9480000000	n/a	n/a	STATUS	n/a	n/a	D255
915.3680000000	n/a	n/a	STATUS	n/a	n/a	D125
915.4200000000	n/a	n/a	STATUS	n/a	n/a	D255
915.4560000000	n/a	n/a	STATUS	n/a	n/a	DI54
915.5080000000	n/a	n/a	STATUS	n/a	n/a	D255
915.7800000000	n/a	n/a	STATUS	n/a	n/a	DI34
915.8280000000	n/a	n/a	STATUS	n/a	n/a	D255
916.0880000000	n/a	n/a	STATUS	n/a	n/a	DIN5
916.1360000000	n/a	n/a	STATUS	n/a	n/a	D255
916.5240000000	n/a	n/a	STATUS	n/a	n/a	D156
916.5720000000	n/a	n/a	STATUS	n/a	n/a	D255
916.6120000000	n/a	n/a	STATUS	n/a	n/a	DI52
916.6600000000	n/a	n/a	STATUS	n/a	n/a	D255
917.0280000000	n/a	n/a	STATUS	n/a	n/a	DI42
917.0760000000	n/a	n/a	STATUS	n/a	n/a	D255
917.3360000000	n/a	n/a	STATUS	n/a	n/a	DIN5
917.3880000000	n/a	n/a	STATUS	n/a	n/a	D255
917.7120000000	n/a	n/a	STATUS	n/a	n/a	D133
917.7640000000	n/a	n/a	STATUS	n/a	n/a	D255
917.8000000000	n/a	n/a	STATUS	n/a	n/a	DI52
917.8480000000	n/a	n/a	STATUS	n/a	n/a	D255
918.1880000000	n/a	n/a	STATUS	n/a	n/a	DI42
918.2400000000	n/a	n/a	STATUS	n/a	n/a	D255
918.5000000000	n/a	n/a	STATUS	n/a	n/a	DIN5
918.5480000000	n/a	n/a	STATUS	n/a	n/a	D255
918.9880000000	n/a	n/a	STATUS	n/a	n/a	DI96
919.0400000000	n/a	n/a	STATUS	n/a	n/a	D255
919.0760000000	n/a	n/a	STATUS	n/a	n/a	DI53
919.1280000000	n/a	n/a	STATUS	n/a	n/a	D255
919.4080000000	n/a	n/a	STATUS	n/a	n/a	DI43
919.4560000000	n/a	n/a	STATUS	n/a	n/a	D255
919.7160000000	n/a	n/a	STATUS	n/a	n/a	DIN5
919.7680000000	n/a	n/a	STATUS	n/a	n/a	D255
920.1520000000	n/a	n/a	STATUS	n/a	n/a	D136
920.2000000000	n/a	n/a	STATUS	n/a	n/a	D255
920.2400000000	n/a	n/a	STATUS	n/a	n/a	DI54
920.2880000000	n/a	n/a	STATUS	n/a	n/a	D255
920.7800000000	n/a	n/a	STATUS	n/a	n/a	DI34
920.8320000000	n/a	n/a	STATUS	n/a	n/a	D255
921.0880000000	n/a	n/a	STATUS	n/a	n/a	DIN5
921.1400000000	n/a	n/a	STATUS	n/a	n/a	D255
921.4720000000	n/a	n/a	STATUS	n/a	n/a	D228
921.5240000000	n/a	n/a	STATUS	n/a	n/a	D255
921.5640000000	n/a	n/a	STATUS	n/a	n/a	DI53
921.6120000000	n/a	n/a	STATUS	n/a	n/a	D255
921.9080000000	n/a	n/a	STATUS	n/a	n/a	DI43
921.9600000000	n/a	n/a	STATUS	n/a	n/a	D255
922.2160000000	n/a	n/a	STATUS	n/a	n/a	DIN5
922.2680000000	n/a	n/a	STATUS	n/a	n/a	D255
922.5920000000	n/a	n/a	STATUS	n/a	n/a	D207
922.6440000000	n/a	n/a	STATUS	n/a	n/a	D255
922.6800000000	n/a	n/a	STATUS	n/a	n/a	DI54
922.7320000000	n/a	n/a	STATUS	n/a	n/a	D255
923.0080000000	n/a	n/a	STATUS	n/a	n/a	DI34
923.0560000000	n/a	n/a	STATUS	n/a	n/a	D255
923.3160000000	n/a	n/a	STATUS	n/a	n/a	DIN5
923.3680000000	n/a	n/a	STATUS	n/a	n/a	D255
923.7560000000	n/a	n/a	STATUS	n/a	n/a	D240
923.8080000000	n/a	n/a	STATUS	n/a	n/a	D255
923.8440000000	n/a	n/a	STATUS	n/a	n/a	DI52
923.8960000000	n/a	n/a	STATUS	n/a	n/a	D255
924.1840000000	n/a	n/a	STATUS	n/a	n/a	DI12
924.2320000000	n/a	n/a	STATUS	n/a	n/a	D255
924.2360000000	n/a	n/a	STATUS	n/a	n/a	DIN4
924.2880000000	n/a	n/a	STATUS	n/a	n/a	D255
925.0400000000	n/a	n/a	STATUS	n/a	n/a	DIN5
925.0920000000	n/a	n/a	STATUS	n/a	n/a	D255
925.4080000000	n/a	n/a	STATUS	n/a	n/a	DI99
925.4560000000	n/a	n/a	STATUS	n/a	n/a	D255
925.4960000000	n/a	n/a	STATUS	n/a	n/a	DI52
925.5440000000	n/a	n/a	STATUS	n/a	n/a	D255
925.9200000000	n/a	n/a	STATUS	n/a	n/a	DI42
925.9680000000	n/a	n/a	STATUS	n/a	n/a	D255
926.2280000000	n/a	n/a	STATUS	n/a	n/a	DIN5
926.2760000000	n/a	n/a	STATUS	n/a	n/a	D255
926.7640000000	n/a	n/a	STATUS	n/a	n/a	D223
926.8120000000	n/a	n/a	STATUS	n/a	n/a	D255
926.8520000000	n/a	n/a	STATUS	n/a	n/a	DI53
926.9000000000	n/a	n/a	STATUS	n/a	n/a	D255
927.1560000000	n/a	n/a	STATUS	n/a	n/a	DI43
927.2040000000	n/a	n/a	STATUS	n/a	n/a	D255
927.4640000000	n/a	n/a	STATUS	n/a	n/a	DIN5
927.5120000000	n/a	n/a	STATUS	n/a	n/a	D255
927.9280000000	n/a	n/a	STATUS	n/a	n/a	D209
927.9800000000	n/a	n/a	STATUS	n/a	n/a	D255
928.0160000000	n/a	n/a	STATUS	n/a	n/a	DI52
928.0680000000	n/a	n/a	STATUS	n/a	n/a	D255
928.4000000000	n/a	n/a	STATUS	n/a	n/a	DI42
928.4480000000	n/a	n/a	STATUS	n/a	n/a	D255
928.7080000000	n/a	n/a	STATUS	n/a	n/a	DIN5
928.7600000000	n/a	n/a	STATUS	n/a	n/a	D255
929.1240000000	n/a	n/a	STATUS	n/a	n/a	D103
929.1760000000	n/a	n/a	STATUS	n/a	n/a	D255
929.2120000000	n/a	n/a	STATUS	n/a	n/a	DI52
929.2600000000	n/a	n/a	STATUS	n/a	n/a	D255
929.6120000000	n/a	n/a	STATUS	n/a	n/a	DI42
929.6600000000	n/a	n/a	STATUS	n/a	n/a	D255
929.6600000000	n/a	n/a	STATUS	n/a	n/a	D235
929.9200000000	n/a	n/a	STATUS	n/a	n/a	DIN5
929.9720000000	n/a	n/a	STATUS	n/a	n/a	D255
930.3840000000	n/a	n/a	STATUS	n/a	n/a	D233
930.4360000000	n/a	n/a	STATUS	n/a	n/a	D255
930.4720000000	n/a	n/a	STATUS	n/a	n/a	DI54
930.5240000000	n/a	n/a	STATUS	n/a	n/a	D255
930.7960000000	n/a	n/a	STATUS	n/a	n/a	DI34
930.8480000000	n/a	n/a	STATUS	n/a	n/a	D255
931.1080000000	n/a	n/a	STATUS	n/a	n/a	DIN5
931.1560000000	n/a	n/a	STATUS	n/a	n/a	D255
931.5760000000	n/a	n/a	STATUS	n/a	n/a	DI91
931.6280000000	n/a	n/a	STATUS	n/a	n/a	D255
931.6640000000	n/a	n/a	STATUS	n/a	n/a	DI54
931.7160000000	n/a	n/a	STATUS	n/a	n/a	D255
932.0200000000	n/a	n/a	STATUS	n/a	n/a	DI34
932.0680000000	n/a	n/a	STATUS	n/a	n/a	D255
932.3280000000	n/a	n/a	STATUS	n/a	n/a	DIN5
932.3760000000	n/a	n/a	STATUS	n/a	n/a	D255
932.7080000000	n/a	n/a	STATUS	n/a	n/a	DI81
932.7560000000	n/a	n/a	STATUS	n/a	n/a	D255
932.7960000000	n/a	n/a	STATUS	n/a	n/a	DI53
932.8440000000	n/a	n/a	STATUS	n/a	n/a	D255
933.1040000000	n/a	n/a	STATUS	n/a	n/a	DI43
933.1560000000	n/a	n/a	STATUS	n/a	n/a	D255
933.4160000000	n/a	n/a	STATUS	n/a	n/a	DIN5
933.4640000000	n/a	n/a	STATUS	n/a	n/a	D255
933.8920000000	n/a	n/a	STATUS	n/a	n/a	D199
933.9400000000	n/a	n/a	STATUS	n/a	n/a	D255
933.9760000000	n/a	n/a	STATUS	n/a	n/a	DI52
934.0280000000	n/a	n/a	STATUS	n/a	n/a	D255
934.3960000000	n/a	n/a	STATUS	n/a	n/a	DI42
934.4480000000	n/a	n/a	STATUS	n/a	n/a	D255
934.7080000000	n/a	n/a	STATUS	n/a	n/a	DIN5
934.7560000000	n/a	n/a	STATUS	n/a	n/a	D255
935.2600000000	n/a	n/a	STATUS	n/a	n/a	D119
935.3120000000	n/a	n/a	STATUS	n/a	n/a	D255
935.3480000000	n/a	n/a	STATUS	n/a	n/a	DI54
935.4000000000	n/a	n/a	STATUS	n/a	n/a	D255
935.6680000000	n/a	n/a	STATUS	n/a	n/a	DI34
935.7200000000	n/a	n/a	STATUS	n/a	n/a	D255
935.9800000000	n/a	n/a	STATUS	n/a	n/a	DIN5
936.0280000000	n/a	n/a	STATUS	n/a	n/a	D255
936.3920000000	n/a	n/a	STATUS	n/a	n/a	D135
936.4440000000	n/a	n/a	STATUS	n/a	n/a	D255
936.4800000000	n/a	n/a	STATUS	n/a	n/a	DI52
936.5320000000	n/a	n/a	STATUS	n/a	n/a	D255
936.8520000000	n/a	n/a	STATUS	n/a	n/a	DI42
936.9040000000	n/a	n/a	STATUS	n/a	n/a	D255
937.1640000000	n/a	n/a	STATUS	n/a	n/a	DIN5
937.2120000000	n/a	n/a	STATUS	n/a	n/a	D255
937.6240000000	n/a	n/a	STATUS	n/a	n/a	D218
937.6720000000	n/a	n/a	STATUS	n/a	n/a	D255
937.7120000000	n/a	n/a	STATUS	n/a	n/a	DI53
937.7600000000	n/a	n/a	STATUS	n/a	n/a	D255
938.0520000000	n/a	n/a	STATUS	n/a	n/a	DI43
938.1000000000	n/a	n/a	STATUS	n/a	n/a	D255
938.3600000000	n/a	n/a	STATUS	n/a	n/a	DIN5
938.4120000000	n/a	n/a	STATUS	n/a	n/a	D255
938.7800000000	n/a	n/a	STATUS	n/a	n/a	DI71
938.8320000000	n/a	n/a	STATUS	n/a	n/a	D255
938.8680000000	n/a	n/a	STATUS	n/a	n/a	DI53
938.9160000000	n/a	n/a	STATUS	n/a	n/a	D255
939.2320000000	n/a	n/a	STATUS	n/a	n/a	DI43
939.2800000000	n/a	n/a	STATUS	n/a	n/a	D255
939.5400000000	n/a	n/a	STATUS	n/a	n/a	DIN5
939.5920000000	n/a	n/a	STATUS	n/a	n/a	D255
939.9520000000	n/a	n/a	STATUS	n/a	n/a	DI74
940.0000000000	n/a	n/a	STATUS	n/a	n/a	D255
940.0400000000	n/a	n/a	STATUS	n/a	n/a	DI54
940.0880000000	n/a	n/a	STATUS	n/a	n/a	D255
940.4520000000	n/a	n/a	STATUS	n/a	n/a	DI34
940.5000000000	n/a	n/a	STATUS	n/a	n/a	D255
940.7600000000	n/a	n/a	STATUS	n/a	n/a	DIN5
940.8120000000	n/a	n/a	STATUS	n/a	n/a	D255
941.1800000000	n/a	n/a	STATUS	n/a	n/a	D148
941.2280000000	n/a	n/a	STATUS	n/a	n/a	D255
941.2680000000	n/a	n/a	STATUS	n/a	n/a	DI53
941.3160000000	n/a	n/a	STATUS	n/a	n/a	D255
941.6000000000	n/a	n/a	STATUS	n/a	n/a	DI43
941.6480000000	n/a	n/a	STATUS	n/a	n/a	D255
941.9080000000	n/a	n/a	STATUS	n/a	n/a	DIN5
941.9600000000	n/a	n/a	STATUS	n/a	n/a	D255
942.3680000000	n/a	n/a	STATUS	n/a	n/a	DI87
942.4200000000	n/a	n/a	STATUS	n/a	n/a	D255
942.4560000000	n/a	n/a	STATUS	n/a	n/a	DI53
942.5080000000	n/a	n/a	STATUS	n/a	n/a	D255
942.8000000000	n/a	n/a	STATUS	n/a	n/a	DI43
942.8520000000	n/a	n/a	STATUS	n/a	n/a	D255
943.1120000000	n/a	n/a	STATUS	n/a	n/a	DIN5
943.1600000000	n/a	n/a	STATUS	n/a	n/a	D255
943.4880000000	n/a	n/a	STATUS	n/a	n/a	D200
943.5360000000	n/a	n/a	STATUS	n/a	n/a	D255
943.5720000000	n/a	n/a	STATUS	n/a	n/a	DI54
943.6240000000	n/a	n/a	STATUS	n/a	n/a	D255
943.9200000000	n/a	n/a	STATUS	n/a	n/a	DI34
943.9720000000	n/a	n/a	STATUS	n/a	n/a	D255
944.2280000000	n/a	n/a	STATUS	n/a	n/a	DIN5
944.2800000000	n/a	n/a	STATUS	n/a	n/a	D255
944.7000000000	n/a	n/a	STATUS	n/a	n/a	D221
944.7480000000	n/a	n/a	STATUS	n/a	n/a	D255
944.7880000000	n/a	n/a	STATUS	n/a	n/a	DI54
944.8400000000	n/a	n/a	STATUS	n/a	n/a	D255
945.1680000000	n/a	n/a	STATUS	n/a	n/a	DI34
945.2160000000	n/a	n/a	STATUS	n/a	n/a	D255
945.4760000000	n/a	n/a	STATUS	n/a	n/a	DIN5
945.5280000000	n/a	n/a	STATUS	n/a	n/a	D255
945.8600000000	n/a	n/a	STATUS	n/a	n/a	D204
945.9120000000	n/a	n/a	STATUS	n/a	n/a	D255
945.9480000000	n/a	n/a	STATUS	n/a	n/a	DI51
946.0000000000	n/a	n/a	STATUS	n/a	n/a	D255
946.4360000000	n/a	n/a	STATUS	n/a	n/a	DI31
946.4880000000	n/a	n/a	STATUS	n/a	n/a	D255
946.7440000000	n/a	n/a	STATUS	n/a	n/a	DIN5
946.7960000000	n/a	n/a	STATUS	n/a	n/a	D255
947.1920000000	n/a	n/a	STATUS	n/a	n/a	D191
947.2400000000	n/a	n/a	STATUS	n/a	n/a	D255
947.2800000000	n/a	n/a	STATUS	n/a	n/a	DI51
947.3280000000	n/a	n/a	STATUS	n/a	n/a	D255
947.8040000000	n/a	n/a	STATUS	n/a	n/a	DI31
947.8520000000	n/a	n/a	STATUS	n/a	n/a	D255
948.1120000000	n/a	n/a	STATUS	n/a	n/a	DIN5
948.1640000000	n/a	n/a	STATUS	n/a	n/a	D255
948.5120000000	n/a	n/a	STATUS	n/a	n/a	D216
948.5600000000	n/a	n/a	STATUS	n/a	n/a	D255
948.6000000000	n/a	n/a	STATUS	n/a	n/a	DI51
948.6480000000	n/a	n/a	STATUS	n/a	n/a	D255
949.0680000000	n/a	n/a	STATUS	n/a	n/a	DI31
949.1200000000	n/a	n/a	STATUS	n/a	n/a	D255
949.3800000000	n/a	n/a	STATUS	n/a	n/a	DIN5
949.4280000000	n/a	n/a	STATUS	n/a	n/a	D255
949.9040000000	n/a	n/a	STATUS	n/a	n/a	D225
949.9520000000	n/a	n/a	STATUS	n/a	n/a	D255
949.9880000000	n/a	n/a	STATUS	n/a	n/a	DI54
950.0400000000	n/a	n/a	STATUS	n/a	n/a	D255
950.3320000000	n/a	n/a	STATUS	n/a	n/a	DI34
950.3800000000	n/a	n/a	STATUS	n/a	n/a	D255
950.6400000000	n/a	n/a	STATUS	n/a	n/a	DIN5
950.6920000000	n/a	n/a	STATUS	n/a	n/a	D255
951.1560000000	n/a	n/a	STATUS	n/a	n/a	DI83
951.2040000000	n/a	n/a	STATUS	n/a	n/a	D255
951.2440000000	n/a	n/a	STATUS	n/a	n/a	DI52
951.2920000000	n/a	n/a	STATUS	n/a	n/a	D255
951.6480000000	n/a	n/a	STATUS	n/a	n/a	DI42
951.6960000000	n/a	n/a	STATUS	n/a	n/a	D255
951.9560000000	n/a	n/a	STATUS	n/a	n/a	DIN5
952.0080000000	n/a	n/a	STATUS	n/a	n/a	D255
952.3600000000	n/a	n/a	STATUS	n/a	n/a	D170
952.4120000000	n/a	n/a	STATUS	n/a	n/a	D255
952.4480000000	n/a	n/a	STATUS	n/a	n/a	DI52
952.5000000000	n/a	n/a	STATUS	n/a	n/a	D255
952.8440000000	n/a	n/a	STATUS	n/a	n/a	DI42
952.8960000000	n/a	n/a	STATUS	n/a	n/a	D255
953.1560000000	n/a	n/a	STATUS	n/a	n/a	DIN5
953.2040000000	n/a	n/a	STATUS	n/a	n/a	D255
953.5800000000	n/a	n/a	STATUS	n/a	n/a	D107
953.6280000000	n/a	n/a	STATUS	n/a	n/a	D255
953.6680000000	n/a	n/a	STATUS	n/a	n/a	DI51
953.7160000000	n/a	n/a	STATUS	n/a	n/a	D255
954.0840000000	n/a	n/a	STATUS	n/a	n/a	DI31
954.1360000000	n/a	n/a	STATUS	n/a	n/a	D255
954.3960000000	n/a	n/a	STATUS	n/a	n/a	DIN5
954.4440000000	n/a	n/a	STATUS	n/a	n/a	D255
954.8080000000	n/a	n/a	STATUS	n/a	n/a	D151
954.8600000000	n/a	n/a	STATUS	n/a	n/a	D255
954.8960000000	n/a	n/a	STATUS	n/a	n/a	DI53
954.9480000000	n/a	n/a	STATUS	n/a	n/a	D255
955.2080000000	n/a	n/a	STATUS	n/a	n/a	DI43
955.2560000000	n/a	n/a	STATUS	n/a	n/a	D255
955.5160000000	n/a	n/a	STATUS	n/a	n/a	DIN5
955.5680000000	n/a	n/a	STATUS	n/a	n/a	D255
955.8920000000	n/a	n/a	STATUS	n/a	n/a	D128
955.9440000000	n/a	n/a	STATUS	n/a	n/a	D255
955.9800000000	n/a	n/a	STATUS	n/a	n/a	DI51
956.0320000000	n/a	n/a	STATUS	n/a	n/a	D255
956.3760000000	n/a	n/a	STATUS	n/a	n/a	DI31
956.4240000000	n/a	n/a	STATUS	n/a	n/a	D255
956.6800000000	n/a	n/a	STATUS	n/a	n/a	DIN5
956.7320000000	n/a	n/a	STATUS	n/a	n/a	D255
957.0400000000	n/a	n/a	STATUS	n/a	n/a	D122
957.0920000000	n/a	n/a	STATUS	n/a	n/a	D255
957.1320000000	n/a	n/a	STATUS	n/a	n/a	DI54
957.1800000000	n/a	n/a	STATUS	n/a	n/a	D255
957.4640000000	n/a	n/a	STATUS	n/a	n/a	DI34
957.5160000000	n/a	n/a	STATUS	n/a	n/a	D255
957.7720000000	n/a	n/a	STATUS	n/a	n/a	DIN5
957.8240000000	n/a	n/a	STATUS	n/a	n/a	D255
958.2040000000	n/a	n/a	STATUS	n/a	n/a	D157
958.2520000000	n/a	n/a	STATUS	n/a	n/a	D255
958.2920000000	n/a	n/a	STATUS	n/a	n/a	DI52
958.3440000000	n/a	n/a	STATUS	n/a	n/a	D255
958.6520000000	n/a	n/a	STATUS	n/a	n/a	DI42
958.7040000000	n/a	n/a	STATUS	n/a	n/a	D255
958.9640000000	n/a	n/a	STATUS	n/a	n/a	DIN5
959.0120000000	n/a	n/a	STATUS	n/a	n/a	D255
959.5200000000	n/a	n/a	STATUS	n/a	n/a	D235
959.5680000000	n/a	n/a	STATUS	n/a	n/a	D255
959.6040000000	n/a	n/a	STATUS	n/a	n/a	DI51
959.6560000000	n/a	n/a	STATUS	n/a	n/a	D255
960.0240000000	n/a	n/a	STATUS	n/a	n/a	DI31
960.0760000000	n/a	n/a	STATUS	n/a	n/a	D255
960.3360000000	n/a	n/a	STATUS	n/a	n/a	DIN5
960.3840000000	n/a	n/a	STATUS	n/a	n/a	D255
960.8080000000	n/a	n/a	STATUS	n/a	n/a	D130
960.8600000000	n/a	n/a	STATUS	n/a	n/a	D255
960.9000000000	n/a	n/a	STATUS	n/a	n/a	DI51
960.9480000000	n/a	n/a	STATUS	n/a	n/a	D255
961.3280000000	n/a	n/a	STATUS	n/a	n/a	DI31
961.3760000000	n/a	n/a	STATUS	n/a	n/a	D255
961.6360000000	n/a	n/a	STATUS	n/a	n/a	DIN5
961.6840000000	n/a	n/a	STATUS	n/a	n/a	D255
962.1920000000	n/a	n/a	STATUS	n/a	n/a	D108
962.2400000000	n/a	n/a	STATUS	n/a	n/a	D255
962.2800000000	n/a	n/a	STATUS	n/a	n/a	DI54
962.3280000000	n/a	n/a	STATUS	n/a	n/a	D255
962.6240000000	n/a	n/a	STATUS	n/a	n/a	DI34
962.6760000000	n/a	n/a	STATUS	n/a	n/a	D255
962.9360000000	n/a	n/a	STATUS	n/a	n/a	DIN5
962.9840000000	n/a	n/a	STATUS	n/a	n/a	D255
963.4360000000	n/a	n/a	STATUS	n/a	n/a	D158
963.4840000000	n/a	n/a	STATUS	n/a	n/a	D255
963.5200000000	n/a	n/a	STATUS	n/a	n/a	DI52
963.5720000000	n/a	n/a	STATUS	n/a	n/a	D255
963.9000000000	n/a	n/a	STATUS	n/a	n/a	DI42
963.9520000000	n/a	n/a	STATUS	n/a	n/a	D255
964.2120000000	n/a	n/a	STATUS	n/a	n/a	DIN5
964.2600000000	n/a	n/a	STATUS	n/a	n/a	D255
964.7360000000	n/a	n/a	STATUS	n/a	n/a	D118
964.7880000000	n/a	n/a	STATUS	n/a	n/a	D255
964.8240000000	n/a	n/a	STATUS	n/a	n/a	DI52
964.8720000000	n/a	n/a	STATUS	n/a	n/a	D255
965.2400000000	n/a	n/a	STATUS	n/a	n/a	DI42
965.2920000000	n/a	n/a	STATUS	n/a	n/a	D255
965.5520000000	n/a	n/a	STATUS	n/a	n/a	DIN5
965.6000000000	n/a	n/a	STATUS	n/a	n/a	D255
965.9720000000	n/a	n/a	STATUS	n/a	n/a	D165
966.0200000000	n/a	n/a	STATUS	n/a	n/a	D255
966.0600000000	n/a	n/a	STATUS	n/a	n/a	DI51
966.1080000000	n/a	n/a	STATUS	n/a	n/a	D255
966.4440000000	n/a	n/a	STATUS	n/a	n/a	DI31
966.4960000000	n/a	n/a	STATUS	n/a	n/a	D255
966.7520000000	n/a	n/a	STATUS	n/a	n/a	DIN5
966.8040000000	n/a	n/a	STATUS	n/a	n/a	D255
967.1400000000	n/a	n/a	STATUS	n/a	n/a	DI80
967.1880000000	n/a	n/a	STATUS	n/a	n/a	D255
967.2280000000	n/a	n/a	STATUS	n/a	n/a	DI54
967.2760000000	n/a	n/a	STATUS	n/a	n/a	D255
967.5840000000	n/a	n/a	STATUS	n/a	n/a	DI34
967.6320000000	n/a	n/a	STATUS	n/a	n/a	D255
967.8920000000	n/a	n/a	STATUS	n/a	n/a	DIN5
967.9440000000	n/a	n/a	STATUS	n/a	n/a	D255
968.3040000000	n/a	n/a	STATUS	n/a	n/a	D171
968.3520000000	n/a	n/a	STATUS	n/a	n/a	D255
968.3920000000	n/a	n/a	STATUS	n/a	n/a	DI51
968.4400000000	n/a	n/a	STATUS	n/a	n/a	D255
968.8200000000	n/a	n/a	STATUS	n/a	n/a	DI31
968.8680000000	n/a	n/a	STATUS	n/a	n/a	D255
969.1280000000	n/a	n/a	STATUS	n/a	n/a	DIN5
969.1800000000	n/a	n/a	STATUS	n/a	n/a	D255
969.5720000000	n/a	n/a	STATUS	n/a	n/a	DI82
969.6240000000	n/a	n/a	STATUS	n/a	n/a	D255
969.6600000000	n/a	n/a	STATUS	n/a	n/a	DI51
969.7120000000	n/a	n/a	STATUS	n/a	n/a	D255
970.0920000000	n/a	n/a	STATUS	n/a	n/a	DI21
970.1440000000	n/a	n/a	STATUS	n/a	n/a	D255
970.1480000000	n/a	n/a	STATUS	n/a	n/a	DIN4
970.1960000000	n/a	n/a	STATUS	n/a	n/a	D255
970.9520000000	n/a	n/a	STATUS	n/a	n/a	DIN5
971.0040000000	n/a	n/a	STATUS	n/a	n/a	D255
971.3920000000	n/a	n/a	STATUS	n/a	n/a	D253
971.4440000000	n/a	n/a	STATUS	n/a	n/a	D255
971.4800000000	n/a	n/a	STATUS	n/a	n/a	DI51
971.5320000000	n/a	n/a	STATUS	n/a	n/a	D255
972.0240000000	n/a	n/a	STATUS	n/a	n/a	DI31
972.0760000000	n/a	n/a	STATUS	n/a	n/a	D255
972.3360000000	n/a	n/a	STATUS	n/a	n/a	DIN5
972.3840000000	n/a	n/a	STATUS	n/a	n/a	D255
972.7440000000	n/a	n/a	STATUS	n/a	n/a	D202
972.7920000000	n/a	n/a	STATUS	n/a	n/a	D255
972.8320000000	n/a	n/a	STATUS	n/a	n/a	DI52
972.8800000000	n/a	n/a	STATUS	n/a	n/a	D255
973.1400000000	n/a	n/a	STATUS	n/a	n/a	DI12
973.1920000000	n/a	n/a	STATUS	n/a	n/a	D255
973.1960000000	n/a	n/a	STATUS	n/a	n/a	DIN4
973.2480000000	n/a	n/a	STATUS	n/a	n/a	D255
974.0000000000	n/a	n/a	STATUS	n/a	n/a	DIN5
974.0520000000	n/a	n/a	STATUS	n/a	n/a	D255
974.4000000000	n/a	n/a	STATUS	n/a	n/a	D166
974.4520000000	n/a	n/a	STATUS	n/a	n/a	D255
974.4880000000	n/a	n/a	STATUS	n/a	n/a	DI53
974.5400000000	n/a	n/a	STATUS	n/a	n/a	D255
974.8640000000	n/a	n/a	STATUS	n/a	n/a	DI43
974.9160000000	n/a	n/a	STATUS	n/a	n/a	D255
