onset	duration	sample	trial_type	response_time	stim_file	value
68.4520000000	n/a	n/a	STATUS	n/a	n/a	DIN5
68.5000000000	n/a	n/a	STATUS	n/a	n/a	D255
68.9960000000	n/a	n/a	STATUS	n/a	n/a	D185
69.0480000000	n/a	n/a	STATUS	n/a	n/a	D255
69.0840000000	n/a	n/a	STATUS	n/a	n/a	DI54
69.1360000000	n/a	n/a	STATUS	n/a	n/a	D255
69.3920000000	n/a	n/a	STATUS	n/a	n/a	DI34
69.4400000000	n/a	n/a	STATUS	n/a	n/a	D255
69.7040000000	n/a	n/a	STATUS	n/a	n/a	DIN5
69.7520000000	n/a	n/a	STATUS	n/a	n/a	D255
70.2120000000	n/a	n/a	STATUS	n/a	n/a	D163
70.2640000000	n/a	n/a	STATUS	n/a	n/a	D255
70.3000000000	n/a	n/a	STATUS	n/a	n/a	DI54
70.3520000000	n/a	n/a	STATUS	n/a	n/a	D255
70.5960000000	n/a	n/a	STATUS	n/a	n/a	DI34
70.6480000000	n/a	n/a	STATUS	n/a	n/a	D255
70.9080000000	n/a	n/a	STATUS	n/a	n/a	DIN5
70.9560000000	n/a	n/a	STATUS	n/a	n/a	D255
71.4280000000	n/a	n/a	STATUS	n/a	n/a	D165
71.4760000000	n/a	n/a	STATUS	n/a	n/a	D255
71.5120000000	n/a	n/a	STATUS	n/a	n/a	DI53
71.5640000000	n/a	n/a	STATUS	n/a	n/a	D255
71.6920000000	n/a	n/a	STATUS	n/a	n/a	DI43
71.7440000000	n/a	n/a	STATUS	n/a	n/a	D255
72.0040000000	n/a	n/a	STATUS	n/a	n/a	DIN5
72.0520000000	n/a	n/a	STATUS	n/a	n/a	D255
72.4600000000	n/a	n/a	STATUS	n/a	n/a	D137
72.5120000000	n/a	n/a	STATUS	n/a	n/a	D255
72.5520000000	n/a	n/a	STATUS	n/a	n/a	DI51
72.6000000000	n/a	n/a	STATUS	n/a	n/a	D255
72.7840000000	n/a	n/a	STATUS	n/a	n/a	DI21
72.8360000000	n/a	n/a	STATUS	n/a	n/a	D255
72.8400000000	n/a	n/a	STATUS	n/a	n/a	DIN4
72.8880000000	n/a	n/a	STATUS	n/a	n/a	D255
73.6440000000	n/a	n/a	STATUS	n/a	n/a	DIN5
73.6960000000	n/a	n/a	STATUS	n/a	n/a	D255
74.1840000000	n/a	n/a	STATUS	n/a	n/a	D160
74.2360000000	n/a	n/a	STATUS	n/a	n/a	D255
74.2720000000	n/a	n/a	STATUS	n/a	n/a	DI51
74.3240000000	n/a	n/a	STATUS	n/a	n/a	D255
74.6880000000	n/a	n/a	STATUS	n/a	n/a	DI31
74.7400000000	n/a	n/a	STATUS	n/a	n/a	D255
75.0000000000	n/a	n/a	STATUS	n/a	n/a	DIN5
75.0480000000	n/a	n/a	STATUS	n/a	n/a	D255
75.5440000000	n/a	n/a	STATUS	n/a	n/a	D214
75.5920000000	n/a	n/a	STATUS	n/a	n/a	D255
75.6320000000	n/a	n/a	STATUS	n/a	n/a	DI53
75.6800000000	n/a	n/a	STATUS	n/a	n/a	D255
75.9640000000	n/a	n/a	STATUS	n/a	n/a	DI13
76.0160000000	n/a	n/a	STATUS	n/a	n/a	D255
76.0200000000	n/a	n/a	STATUS	n/a	n/a	DIN4
76.0680000000	n/a	n/a	STATUS	n/a	n/a	D255
76.8240000000	n/a	n/a	STATUS	n/a	n/a	DIN5
76.8760000000	n/a	n/a	STATUS	n/a	n/a	D255
77.2840000000	n/a	n/a	STATUS	n/a	n/a	D144
77.3360000000	n/a	n/a	STATUS	n/a	n/a	D255
77.3720000000	n/a	n/a	STATUS	n/a	n/a	DI54
77.4200000000	n/a	n/a	STATUS	n/a	n/a	D255
77.8720000000	n/a	n/a	STATUS	n/a	n/a	DI34
77.9240000000	n/a	n/a	STATUS	n/a	n/a	D255
78.1800000000	n/a	n/a	STATUS	n/a	n/a	DIN5
78.2320000000	n/a	n/a	STATUS	n/a	n/a	D255
78.6240000000	n/a	n/a	STATUS	n/a	n/a	D244
78.6760000000	n/a	n/a	STATUS	n/a	n/a	D255
78.7160000000	n/a	n/a	STATUS	n/a	n/a	DI51
78.7640000000	n/a	n/a	STATUS	n/a	n/a	D255
79.1400000000	n/a	n/a	STATUS	n/a	n/a	DI31
79.1920000000	n/a	n/a	STATUS	n/a	n/a	D255
79.4480000000	n/a	n/a	STATUS	n/a	n/a	DIN5
79.5000000000	n/a	n/a	STATUS	n/a	n/a	D255
79.8760000000	n/a	n/a	STATUS	n/a	n/a	D211
79.9240000000	n/a	n/a	STATUS	n/a	n/a	D255
79.9640000000	n/a	n/a	STATUS	n/a	n/a	DI52
80.0120000000	n/a	n/a	STATUS	n/a	n/a	D255
80.6040000000	n/a	n/a	STATUS	n/a	n/a	DI42
80.6560000000	n/a	n/a	STATUS	n/a	n/a	D255
80.9120000000	n/a	n/a	STATUS	n/a	n/a	DIN5
80.9640000000	n/a	n/a	STATUS	n/a	n/a	D255
81.4640000000	n/a	n/a	STATUS	n/a	n/a	D251
81.5120000000	n/a	n/a	STATUS	n/a	n/a	D255
81.5480000000	n/a	n/a	STATUS	n/a	n/a	DI52
81.6000000000	n/a	n/a	STATUS	n/a	n/a	D255
82.1360000000	n/a	n/a	STATUS	n/a	n/a	DI42
82.1880000000	n/a	n/a	STATUS	n/a	n/a	D255
82.4440000000	n/a	n/a	STATUS	n/a	n/a	DIN5
82.4960000000	n/a	n/a	STATUS	n/a	n/a	D255
82.8640000000	n/a	n/a	STATUS	n/a	n/a	D154
82.9160000000	n/a	n/a	STATUS	n/a	n/a	D255
82.9520000000	n/a	n/a	STATUS	n/a	n/a	DI52
83.0040000000	n/a	n/a	STATUS	n/a	n/a	D255
83.4520000000	n/a	n/a	STATUS	n/a	n/a	DI42
83.5040000000	n/a	n/a	STATUS	n/a	n/a	D255
83.7640000000	n/a	n/a	STATUS	n/a	n/a	DIN5
83.8120000000	n/a	n/a	STATUS	n/a	n/a	D255
84.1880000000	n/a	n/a	STATUS	n/a	n/a	DI68
84.2360000000	n/a	n/a	STATUS	n/a	n/a	D255
84.2760000000	n/a	n/a	STATUS	n/a	n/a	DI54
84.3240000000	n/a	n/a	STATUS	n/a	n/a	D255
84.6440000000	n/a	n/a	STATUS	n/a	n/a	DI34
84.6960000000	n/a	n/a	STATUS	n/a	n/a	D255
84.9560000000	n/a	n/a	STATUS	n/a	n/a	DIN5
85.0040000000	n/a	n/a	STATUS	n/a	n/a	D255
85.3600000000	n/a	n/a	STATUS	n/a	n/a	DI95
85.4120000000	n/a	n/a	STATUS	n/a	n/a	D255
85.4480000000	n/a	n/a	STATUS	n/a	n/a	DI53
85.4960000000	n/a	n/a	STATUS	n/a	n/a	D255
85.8040000000	n/a	n/a	STATUS	n/a	n/a	DI43
85.8520000000	n/a	n/a	STATUS	n/a	n/a	D255
86.1120000000	n/a	n/a	STATUS	n/a	n/a	DIN5
86.1640000000	n/a	n/a	STATUS	n/a	n/a	D255
86.5840000000	n/a	n/a	STATUS	n/a	n/a	DI72
86.6320000000	n/a	n/a	STATUS	n/a	n/a	D255
86.6720000000	n/a	n/a	STATUS	n/a	n/a	DI52
86.7200000000	n/a	n/a	STATUS	n/a	n/a	D255
87.3520000000	n/a	n/a	STATUS	n/a	n/a	DI12
87.4000000000	n/a	n/a	STATUS	n/a	n/a	D255
87.4040000000	n/a	n/a	STATUS	n/a	n/a	DIN4
87.4560000000	n/a	n/a	STATUS	n/a	n/a	D255
88.2120000000	n/a	n/a	STATUS	n/a	n/a	DIN5
88.2600000000	n/a	n/a	STATUS	n/a	n/a	D255
88.6520000000	n/a	n/a	STATUS	n/a	n/a	D234
88.7000000000	n/a	n/a	STATUS	n/a	n/a	D255
88.7400000000	n/a	n/a	STATUS	n/a	n/a	DI54
88.7880000000	n/a	n/a	STATUS	n/a	n/a	D255
89.2360000000	n/a	n/a	STATUS	n/a	n/a	DI34
89.2840000000	n/a	n/a	STATUS	n/a	n/a	D255
89.5440000000	n/a	n/a	STATUS	n/a	n/a	DIN5
89.5920000000	n/a	n/a	STATUS	n/a	n/a	D255
89.9000000000	n/a	n/a	STATUS	n/a	n/a	D117
89.9520000000	n/a	n/a	STATUS	n/a	n/a	D255
89.9920000000	n/a	n/a	STATUS	n/a	n/a	DI53
90.0400000000	n/a	n/a	STATUS	n/a	n/a	D255
90.3000000000	n/a	n/a	STATUS	n/a	n/a	DI43
90.3520000000	n/a	n/a	STATUS	n/a	n/a	D255
90.6120000000	n/a	n/a	STATUS	n/a	n/a	DIN5
90.6600000000	n/a	n/a	STATUS	n/a	n/a	D255
90.9800000000	n/a	n/a	STATUS	n/a	n/a	D108
91.0320000000	n/a	n/a	STATUS	n/a	n/a	D255
91.0680000000	n/a	n/a	STATUS	n/a	n/a	DI54
91.1200000000	n/a	n/a	STATUS	n/a	n/a	D255
91.4160000000	n/a	n/a	STATUS	n/a	n/a	DI34
91.4680000000	n/a	n/a	STATUS	n/a	n/a	D255
91.7280000000	n/a	n/a	STATUS	n/a	n/a	DIN5
91.7760000000	n/a	n/a	STATUS	n/a	n/a	D255
92.1960000000	n/a	n/a	STATUS	n/a	n/a	D217
92.2480000000	n/a	n/a	STATUS	n/a	n/a	D255
92.2840000000	n/a	n/a	STATUS	n/a	n/a	DI54
92.3320000000	n/a	n/a	STATUS	n/a	n/a	D255
92.5800000000	n/a	n/a	STATUS	n/a	n/a	DI34
92.6320000000	n/a	n/a	STATUS	n/a	n/a	D255
92.8880000000	n/a	n/a	STATUS	n/a	n/a	DIN5
92.9400000000	n/a	n/a	STATUS	n/a	n/a	D255
93.3840000000	n/a	n/a	STATUS	n/a	n/a	D204
93.4360000000	n/a	n/a	STATUS	n/a	n/a	D255
93.4720000000	n/a	n/a	STATUS	n/a	n/a	DI52
93.5240000000	n/a	n/a	STATUS	n/a	n/a	D255
94.0480000000	n/a	n/a	STATUS	n/a	n/a	DI42
94.1000000000	n/a	n/a	STATUS	n/a	n/a	D255
94.3560000000	n/a	n/a	STATUS	n/a	n/a	DIN5
94.4080000000	n/a	n/a	STATUS	n/a	n/a	D255
94.7560000000	n/a	n/a	STATUS	n/a	n/a	D206
94.8080000000	n/a	n/a	STATUS	n/a	n/a	D255
94.8440000000	n/a	n/a	STATUS	n/a	n/a	DI52
94.8960000000	n/a	n/a	STATUS	n/a	n/a	D255
95.2760000000	n/a	n/a	STATUS	n/a	n/a	DI42
95.3240000000	n/a	n/a	STATUS	n/a	n/a	D255
95.5840000000	n/a	n/a	STATUS	n/a	n/a	DIN5
95.6360000000	n/a	n/a	STATUS	n/a	n/a	D255
95.9480000000	n/a	n/a	STATUS	n/a	n/a	DI89
96.0000000000	n/a	n/a	STATUS	n/a	n/a	D255
96.0360000000	n/a	n/a	STATUS	n/a	n/a	DI53
96.0880000000	n/a	n/a	STATUS	n/a	n/a	D255
96.3880000000	n/a	n/a	STATUS	n/a	n/a	DI43
96.4400000000	n/a	n/a	STATUS	n/a	n/a	D255
96.7000000000	n/a	n/a	STATUS	n/a	n/a	DIN5
96.7480000000	n/a	n/a	STATUS	n/a	n/a	D255
97.0920000000	n/a	n/a	STATUS	n/a	n/a	D239
97.1440000000	n/a	n/a	STATUS	n/a	n/a	D255
97.1800000000	n/a	n/a	STATUS	n/a	n/a	DI53
97.2320000000	n/a	n/a	STATUS	n/a	n/a	D255
97.5800000000	n/a	n/a	STATUS	n/a	n/a	DI43
97.6280000000	n/a	n/a	STATUS	n/a	n/a	D255
97.8880000000	n/a	n/a	STATUS	n/a	n/a	DIN5
97.9360000000	n/a	n/a	STATUS	n/a	n/a	D255
98.4120000000	n/a	n/a	STATUS	n/a	n/a	D201
98.4640000000	n/a	n/a	STATUS	n/a	n/a	D255
98.5000000000	n/a	n/a	STATUS	n/a	n/a	DI52
98.5520000000	n/a	n/a	STATUS	n/a	n/a	D255
98.7360000000	n/a	n/a	STATUS	n/a	n/a	DI12
98.7880000000	n/a	n/a	STATUS	n/a	n/a	D255
98.7920000000	n/a	n/a	STATUS	n/a	n/a	DIN4
98.8400000000	n/a	n/a	STATUS	n/a	n/a	D255
99.5960000000	n/a	n/a	STATUS	n/a	n/a	DIN5
99.6480000000	n/a	n/a	STATUS	n/a	n/a	D255
100.1320000000	n/a	n/a	STATUS	n/a	n/a	DI77
100.1800000000	n/a	n/a	STATUS	n/a	n/a	D255
100.2200000000	n/a	n/a	STATUS	n/a	n/a	DI52
100.2680000000	n/a	n/a	STATUS	n/a	n/a	D255
100.8600000000	n/a	n/a	STATUS	n/a	n/a	DI42
100.9120000000	n/a	n/a	STATUS	n/a	n/a	D255
101.1720000000	n/a	n/a	STATUS	n/a	n/a	DIN5
101.2200000000	n/a	n/a	STATUS	n/a	n/a	D255
101.5520000000	n/a	n/a	STATUS	n/a	n/a	D177
101.6000000000	n/a	n/a	STATUS	n/a	n/a	D255
101.6400000000	n/a	n/a	STATUS	n/a	n/a	DI53
101.6880000000	n/a	n/a	STATUS	n/a	n/a	D255
101.9920000000	n/a	n/a	STATUS	n/a	n/a	DI43
102.0400000000	n/a	n/a	STATUS	n/a	n/a	D255
102.3000000000	n/a	n/a	STATUS	n/a	n/a	DIN5
102.3520000000	n/a	n/a	STATUS	n/a	n/a	D255
102.8040000000	n/a	n/a	STATUS	n/a	n/a	D162
102.8560000000	n/a	n/a	STATUS	n/a	n/a	D255
102.8920000000	n/a	n/a	STATUS	n/a	n/a	DI54
102.9440000000	n/a	n/a	STATUS	n/a	n/a	D255
103.2120000000	n/a	n/a	STATUS	n/a	n/a	DI34
103.2600000000	n/a	n/a	STATUS	n/a	n/a	D255
103.5200000000	n/a	n/a	STATUS	n/a	n/a	DIN5
103.5720000000	n/a	n/a	STATUS	n/a	n/a	D255
103.9680000000	n/a	n/a	STATUS	n/a	n/a	D103
104.0200000000	n/a	n/a	STATUS	n/a	n/a	D255
104.0560000000	n/a	n/a	STATUS	n/a	n/a	DI52
104.1080000000	n/a	n/a	STATUS	n/a	n/a	D255
104.5440000000	n/a	n/a	STATUS	n/a	n/a	DI42
104.5920000000	n/a	n/a	STATUS	n/a	n/a	D255
104.8520000000	n/a	n/a	STATUS	n/a	n/a	DIN5
104.9040000000	n/a	n/a	STATUS	n/a	n/a	D255
105.3120000000	n/a	n/a	STATUS	n/a	n/a	D151
105.3640000000	n/a	n/a	STATUS	n/a	n/a	D255
105.4000000000	n/a	n/a	STATUS	n/a	n/a	DI53
105.4520000000	n/a	n/a	STATUS	n/a	n/a	D255
105.6720000000	n/a	n/a	STATUS	n/a	n/a	DI13
105.7240000000	n/a	n/a	STATUS	n/a	n/a	D255
105.7280000000	n/a	n/a	STATUS	n/a	n/a	DIN4
105.7800000000	n/a	n/a	STATUS	n/a	n/a	D255
106.5320000000	n/a	n/a	STATUS	n/a	n/a	DIN5
106.5840000000	n/a	n/a	STATUS	n/a	n/a	D255
107.0840000000	n/a	n/a	STATUS	n/a	n/a	D249
107.1320000000	n/a	n/a	STATUS	n/a	n/a	D255
107.1680000000	n/a	n/a	STATUS	n/a	n/a	DI51
107.2200000000	n/a	n/a	STATUS	n/a	n/a	D255
107.7440000000	n/a	n/a	STATUS	n/a	n/a	DI31
107.7920000000	n/a	n/a	STATUS	n/a	n/a	D255
108.0520000000	n/a	n/a	STATUS	n/a	n/a	DIN5
108.1000000000	n/a	n/a	STATUS	n/a	n/a	D255
108.4520000000	n/a	n/a	STATUS	n/a	n/a	D176
108.5000000000	n/a	n/a	STATUS	n/a	n/a	D255
108.5400000000	n/a	n/a	STATUS	n/a	n/a	DI51
108.5880000000	n/a	n/a	STATUS	n/a	n/a	D255
108.9280000000	n/a	n/a	STATUS	n/a	n/a	DI21
108.9800000000	n/a	n/a	STATUS	n/a	n/a	D255
108.9840000000	n/a	n/a	STATUS	n/a	n/a	DIN4
109.0320000000	n/a	n/a	STATUS	n/a	n/a	D255
109.7880000000	n/a	n/a	STATUS	n/a	n/a	DIN5
109.8400000000	n/a	n/a	STATUS	n/a	n/a	D255
110.3280000000	n/a	n/a	STATUS	n/a	n/a	D215
110.3800000000	n/a	n/a	STATUS	n/a	n/a	D255
110.4160000000	n/a	n/a	STATUS	n/a	n/a	DI54
110.4680000000	n/a	n/a	STATUS	n/a	n/a	D255
110.6800000000	n/a	n/a	STATUS	n/a	n/a	DI34
110.7280000000	n/a	n/a	STATUS	n/a	n/a	D255
110.9880000000	n/a	n/a	STATUS	n/a	n/a	DIN5
111.0360000000	n/a	n/a	STATUS	n/a	n/a	D255
111.4720000000	n/a	n/a	STATUS	n/a	n/a	D240
111.5240000000	n/a	n/a	STATUS	n/a	n/a	D255
111.5600000000	n/a	n/a	STATUS	n/a	n/a	DI52
111.6080000000	n/a	n/a	STATUS	n/a	n/a	D255
111.9080000000	n/a	n/a	STATUS	n/a	n/a	DI42
111.9600000000	n/a	n/a	STATUS	n/a	n/a	D255
112.2200000000	n/a	n/a	STATUS	n/a	n/a	DIN5
112.2680000000	n/a	n/a	STATUS	n/a	n/a	D255
112.6040000000	n/a	n/a	STATUS	n/a	n/a	D124
112.6520000000	n/a	n/a	STATUS	n/a	n/a	D255
112.6920000000	n/a	n/a	STATUS	n/a	n/a	DI54
112.7400000000	n/a	n/a	STATUS	n/a	n/a	D255
113.0720000000	n/a	n/a	STATUS	n/a	n/a	DI34
113.1200000000	n/a	n/a	STATUS	n/a	n/a	D255
113.3800000000	n/a	n/a	STATUS	n/a	n/a	DIN5
113.4320000000	n/a	n/a	STATUS	n/a	n/a	D255
113.8720000000	n/a	n/a	STATUS	n/a	n/a	D147
113.9200000000	n/a	n/a	STATUS	n/a	n/a	D255
113.9600000000	n/a	n/a	STATUS	n/a	n/a	DI53
114.0080000000	n/a	n/a	STATUS	n/a	n/a	D255
114.2680000000	n/a	n/a	STATUS	n/a	n/a	DI43
114.3160000000	n/a	n/a	STATUS	n/a	n/a	D255
114.5760000000	n/a	n/a	STATUS	n/a	n/a	DIN5
114.6280000000	n/a	n/a	STATUS	n/a	n/a	D255
114.9680000000	n/a	n/a	STATUS	n/a	n/a	D209
115.0160000000	n/a	n/a	STATUS	n/a	n/a	D255
115.0560000000	n/a	n/a	STATUS	n/a	n/a	DI51
115.1040000000	n/a	n/a	STATUS	n/a	n/a	D255
115.3680000000	n/a	n/a	STATUS	n/a	n/a	DI21
115.4160000000	n/a	n/a	STATUS	n/a	n/a	D255
115.4200000000	n/a	n/a	STATUS	n/a	n/a	DIN4
115.4720000000	n/a	n/a	STATUS	n/a	n/a	D255
116.2280000000	n/a	n/a	STATUS	n/a	n/a	DIN5
116.2760000000	n/a	n/a	STATUS	n/a	n/a	D255
116.7600000000	n/a	n/a	STATUS	n/a	n/a	D229
116.8120000000	n/a	n/a	STATUS	n/a	n/a	D255
116.8480000000	n/a	n/a	STATUS	n/a	n/a	DI54
116.9000000000	n/a	n/a	STATUS	n/a	n/a	D255
117.2240000000	n/a	n/a	STATUS	n/a	n/a	DI34
117.2720000000	n/a	n/a	STATUS	n/a	n/a	D255
117.5320000000	n/a	n/a	STATUS	n/a	n/a	DIN5
117.5840000000	n/a	n/a	STATUS	n/a	n/a	D255
118.0560000000	n/a	n/a	STATUS	n/a	n/a	D100
118.1080000000	n/a	n/a	STATUS	n/a	n/a	D255
118.1440000000	n/a	n/a	STATUS	n/a	n/a	DI51
118.1960000000	n/a	n/a	STATUS	n/a	n/a	D255
118.3360000000	n/a	n/a	STATUS	n/a	n/a	DI21
118.3880000000	n/a	n/a	STATUS	n/a	n/a	D255
118.3920000000	n/a	n/a	STATUS	n/a	n/a	DIN4
118.4440000000	n/a	n/a	STATUS	n/a	n/a	D255
119.1960000000	n/a	n/a	STATUS	n/a	n/a	DIN5
119.2480000000	n/a	n/a	STATUS	n/a	n/a	D255
119.7480000000	n/a	n/a	STATUS	n/a	n/a	D233
119.7960000000	n/a	n/a	STATUS	n/a	n/a	D255
119.8360000000	n/a	n/a	STATUS	n/a	n/a	DI51
119.8840000000	n/a	n/a	STATUS	n/a	n/a	D255
120.3880000000	n/a	n/a	STATUS	n/a	n/a	DI31
120.4360000000	n/a	n/a	STATUS	n/a	n/a	D255
120.6960000000	n/a	n/a	STATUS	n/a	n/a	DIN5
120.7480000000	n/a	n/a	STATUS	n/a	n/a	D255
121.2480000000	n/a	n/a	STATUS	n/a	n/a	D197
121.2960000000	n/a	n/a	STATUS	n/a	n/a	D255
121.3360000000	n/a	n/a	STATUS	n/a	n/a	DI53
121.3840000000	n/a	n/a	STATUS	n/a	n/a	D255
121.5360000000	n/a	n/a	STATUS	n/a	n/a	DI43
121.5840000000	n/a	n/a	STATUS	n/a	n/a	D255
121.8440000000	n/a	n/a	STATUS	n/a	n/a	DIN5
121.8960000000	n/a	n/a	STATUS	n/a	n/a	D255
122.2400000000	n/a	n/a	STATUS	n/a	n/a	D175
122.2880000000	n/a	n/a	STATUS	n/a	n/a	D255
122.3280000000	n/a	n/a	STATUS	n/a	n/a	DI51
122.3760000000	n/a	n/a	STATUS	n/a	n/a	D255
122.7200000000	n/a	n/a	STATUS	n/a	n/a	DI31
122.7680000000	n/a	n/a	STATUS	n/a	n/a	D255
123.0280000000	n/a	n/a	STATUS	n/a	n/a	DIN5
123.0760000000	n/a	n/a	STATUS	n/a	n/a	D255
123.4680000000	n/a	n/a	STATUS	n/a	n/a	D130
123.5160000000	n/a	n/a	STATUS	n/a	n/a	D255
123.5560000000	n/a	n/a	STATUS	n/a	n/a	DI53
123.6040000000	n/a	n/a	STATUS	n/a	n/a	D255
123.7720000000	n/a	n/a	STATUS	n/a	n/a	DI43
123.8200000000	n/a	n/a	STATUS	n/a	n/a	D255
124.0800000000	n/a	n/a	STATUS	n/a	n/a	DIN5
124.1320000000	n/a	n/a	STATUS	n/a	n/a	D255
124.6040000000	n/a	n/a	STATUS	n/a	n/a	D184
124.6560000000	n/a	n/a	STATUS	n/a	n/a	D255
124.6920000000	n/a	n/a	STATUS	n/a	n/a	DI51
124.7440000000	n/a	n/a	STATUS	n/a	n/a	D255
125.0080000000	n/a	n/a	STATUS	n/a	n/a	DI21
125.0600000000	n/a	n/a	STATUS	n/a	n/a	D255
125.0640000000	n/a	n/a	STATUS	n/a	n/a	DIN4
125.1120000000	n/a	n/a	STATUS	n/a	n/a	D255
125.8680000000	n/a	n/a	STATUS	n/a	n/a	DIN5
125.9160000000	n/a	n/a	STATUS	n/a	n/a	D255
126.2560000000	n/a	n/a	STATUS	n/a	n/a	D230
126.3080000000	n/a	n/a	STATUS	n/a	n/a	D255
126.3440000000	n/a	n/a	STATUS	n/a	n/a	DI54
126.3960000000	n/a	n/a	STATUS	n/a	n/a	D255
126.7120000000	n/a	n/a	STATUS	n/a	n/a	DI34
126.7640000000	n/a	n/a	STATUS	n/a	n/a	D255
127.0240000000	n/a	n/a	STATUS	n/a	n/a	DIN5
127.0720000000	n/a	n/a	STATUS	n/a	n/a	D255
127.4920000000	n/a	n/a	STATUS	n/a	n/a	D252
127.5440000000	n/a	n/a	STATUS	n/a	n/a	D255
127.5800000000	n/a	n/a	STATUS	n/a	n/a	DI52
127.6320000000	n/a	n/a	STATUS	n/a	n/a	D255
127.8320000000	n/a	n/a	STATUS	n/a	n/a	DI12
127.8840000000	n/a	n/a	STATUS	n/a	n/a	D255
127.8880000000	n/a	n/a	STATUS	n/a	n/a	DIN4
127.9400000000	n/a	n/a	STATUS	n/a	n/a	D255
128.6920000000	n/a	n/a	STATUS	n/a	n/a	DIN5
128.7440000000	n/a	n/a	STATUS	n/a	n/a	D255
129.1520000000	n/a	n/a	STATUS	n/a	n/a	D149
129.2040000000	n/a	n/a	STATUS	n/a	n/a	D255
129.2400000000	n/a	n/a	STATUS	n/a	n/a	DI51
129.2880000000	n/a	n/a	STATUS	n/a	n/a	D255
129.5920000000	n/a	n/a	STATUS	n/a	n/a	DI31
129.6440000000	n/a	n/a	STATUS	n/a	n/a	D255
129.9040000000	n/a	n/a	STATUS	n/a	n/a	DIN5
129.9520000000	n/a	n/a	STATUS	n/a	n/a	D255
130.3440000000	n/a	n/a	STATUS	n/a	n/a	D113
130.3920000000	n/a	n/a	STATUS	n/a	n/a	D255
130.4320000000	n/a	n/a	STATUS	n/a	n/a	DI54
130.4800000000	n/a	n/a	STATUS	n/a	n/a	D255
130.8480000000	n/a	n/a	STATUS	n/a	n/a	DI34
130.8960000000	n/a	n/a	STATUS	n/a	n/a	D255
131.1560000000	n/a	n/a	STATUS	n/a	n/a	DIN5
131.2080000000	n/a	n/a	STATUS	n/a	n/a	D255
131.6320000000	n/a	n/a	STATUS	n/a	n/a	DI76
131.6840000000	n/a	n/a	STATUS	n/a	n/a	D255
131.7200000000	n/a	n/a	STATUS	n/a	n/a	DI52
131.7720000000	n/a	n/a	STATUS	n/a	n/a	D255
132.0840000000	n/a	n/a	STATUS	n/a	n/a	DI12
132.1360000000	n/a	n/a	STATUS	n/a	n/a	D255
132.1400000000	n/a	n/a	STATUS	n/a	n/a	DIN4
132.1880000000	n/a	n/a	STATUS	n/a	n/a	D255
132.9440000000	n/a	n/a	STATUS	n/a	n/a	DIN5
132.9920000000	n/a	n/a	STATUS	n/a	n/a	D255
133.3880000000	n/a	n/a	STATUS	n/a	n/a	DI97
133.4400000000	n/a	n/a	STATUS	n/a	n/a	D255
133.4760000000	n/a	n/a	STATUS	n/a	n/a	DI51
133.5280000000	n/a	n/a	STATUS	n/a	n/a	D255
133.9080000000	n/a	n/a	STATUS	n/a	n/a	DI31
133.9600000000	n/a	n/a	STATUS	n/a	n/a	D255
134.2200000000	n/a	n/a	STATUS	n/a	n/a	DIN5
134.2680000000	n/a	n/a	STATUS	n/a	n/a	D255
134.7200000000	n/a	n/a	STATUS	n/a	n/a	D158
134.7680000000	n/a	n/a	STATUS	n/a	n/a	D255
134.8080000000	n/a	n/a	STATUS	n/a	n/a	DI54
134.8560000000	n/a	n/a	STATUS	n/a	n/a	D255
135.0720000000	n/a	n/a	STATUS	n/a	n/a	DI34
135.1200000000	n/a	n/a	STATUS	n/a	n/a	D255
135.3800000000	n/a	n/a	STATUS	n/a	n/a	DIN5
135.4320000000	n/a	n/a	STATUS	n/a	n/a	D255
135.9120000000	n/a	n/a	STATUS	n/a	n/a	D225
135.9600000000	n/a	n/a	STATUS	n/a	n/a	D255
136.0000000000	n/a	n/a	STATUS	n/a	n/a	DI51
136.0480000000	n/a	n/a	STATUS	n/a	n/a	D255
136.2000000000	n/a	n/a	STATUS	n/a	n/a	DI21
136.2480000000	n/a	n/a	STATUS	n/a	n/a	D255
136.2520000000	n/a	n/a	STATUS	n/a	n/a	DIN4
136.3040000000	n/a	n/a	STATUS	n/a	n/a	D255
137.0600000000	n/a	n/a	STATUS	n/a	n/a	DIN5
137.1080000000	n/a	n/a	STATUS	n/a	n/a	D255
137.5440000000	n/a	n/a	STATUS	n/a	n/a	DI73
137.5920000000	n/a	n/a	STATUS	n/a	n/a	D255
137.6320000000	n/a	n/a	STATUS	n/a	n/a	DI52
137.6800000000	n/a	n/a	STATUS	n/a	n/a	D255
137.9960000000	n/a	n/a	STATUS	n/a	n/a	DI12
138.0480000000	n/a	n/a	STATUS	n/a	n/a	D255
138.0520000000	n/a	n/a	STATUS	n/a	n/a	DIN4
138.1000000000	n/a	n/a	STATUS	n/a	n/a	D255
138.8560000000	n/a	n/a	STATUS	n/a	n/a	DIN5
138.9080000000	n/a	n/a	STATUS	n/a	n/a	D255
139.3800000000	n/a	n/a	STATUS	n/a	n/a	DI91
139.4320000000	n/a	n/a	STATUS	n/a	n/a	D255
139.4680000000	n/a	n/a	STATUS	n/a	n/a	DI54
139.5200000000	n/a	n/a	STATUS	n/a	n/a	D255
139.8680000000	n/a	n/a	STATUS	n/a	n/a	DI34
139.9160000000	n/a	n/a	STATUS	n/a	n/a	D255
140.1800000000	n/a	n/a	STATUS	n/a	n/a	DIN5
140.2280000000	n/a	n/a	STATUS	n/a	n/a	D255
140.5640000000	n/a	n/a	STATUS	n/a	n/a	D109
140.6120000000	n/a	n/a	STATUS	n/a	n/a	D255
140.6480000000	n/a	n/a	STATUS	n/a	n/a	DI52
140.7000000000	n/a	n/a	STATUS	n/a	n/a	D255
141.0560000000	n/a	n/a	STATUS	n/a	n/a	DI42
141.1080000000	n/a	n/a	STATUS	n/a	n/a	D255
141.3680000000	n/a	n/a	STATUS	n/a	n/a	DIN5
141.4200000000	n/a	n/a	STATUS	n/a	n/a	D255
141.7760000000	n/a	n/a	STATUS	n/a	n/a	D218
141.8280000000	n/a	n/a	STATUS	n/a	n/a	D255
141.8640000000	n/a	n/a	STATUS	n/a	n/a	DI51
141.9160000000	n/a	n/a	STATUS	n/a	n/a	D255
142.2640000000	n/a	n/a	STATUS	n/a	n/a	DI31
142.3160000000	n/a	n/a	STATUS	n/a	n/a	D255
142.5720000000	n/a	n/a	STATUS	n/a	n/a	DIN5
142.6240000000	n/a	n/a	STATUS	n/a	n/a	D255
143.0560000000	n/a	n/a	STATUS	n/a	n/a	D150
143.1080000000	n/a	n/a	STATUS	n/a	n/a	D255
143.1480000000	n/a	n/a	STATUS	n/a	n/a	DI51
143.1960000000	n/a	n/a	STATUS	n/a	n/a	D255
143.4400000000	n/a	n/a	STATUS	n/a	n/a	DI21
143.4880000000	n/a	n/a	STATUS	n/a	n/a	D255
143.4920000000	n/a	n/a	STATUS	n/a	n/a	DIN4
143.5440000000	n/a	n/a	STATUS	n/a	n/a	D255
144.3000000000	n/a	n/a	STATUS	n/a	n/a	DIN5
144.3480000000	n/a	n/a	STATUS	n/a	n/a	D255
144.7280000000	n/a	n/a	STATUS	n/a	n/a	D140
144.7800000000	n/a	n/a	STATUS	n/a	n/a	D255
144.8160000000	n/a	n/a	STATUS	n/a	n/a	DI51
144.8680000000	n/a	n/a	STATUS	n/a	n/a	D255
145.1840000000	n/a	n/a	STATUS	n/a	n/a	DI31
145.2360000000	n/a	n/a	STATUS	n/a	n/a	D255
145.4960000000	n/a	n/a	STATUS	n/a	n/a	DIN5
145.5440000000	n/a	n/a	STATUS	n/a	n/a	D255
145.9480000000	n/a	n/a	STATUS	n/a	n/a	D111
146.0000000000	n/a	n/a	STATUS	n/a	n/a	D255
146.0360000000	n/a	n/a	STATUS	n/a	n/a	DI52
146.0840000000	n/a	n/a	STATUS	n/a	n/a	D255
146.5440000000	n/a	n/a	STATUS	n/a	n/a	DI42
146.5920000000	n/a	n/a	STATUS	n/a	n/a	D255
146.8520000000	n/a	n/a	STATUS	n/a	n/a	DIN5
146.9040000000	n/a	n/a	STATUS	n/a	n/a	D255
147.2480000000	n/a	n/a	STATUS	n/a	n/a	DI65
147.2960000000	n/a	n/a	STATUS	n/a	n/a	D255
147.3360000000	n/a	n/a	STATUS	n/a	n/a	DI53
147.3840000000	n/a	n/a	STATUS	n/a	n/a	D255
147.8440000000	n/a	n/a	STATUS	n/a	n/a	DI43
147.8920000000	n/a	n/a	STATUS	n/a	n/a	D255
148.1520000000	n/a	n/a	STATUS	n/a	n/a	DIN5
148.2040000000	n/a	n/a	STATUS	n/a	n/a	D255
148.6600000000	n/a	n/a	STATUS	n/a	n/a	D194
148.7120000000	n/a	n/a	STATUS	n/a	n/a	D255
148.7120000000	n/a	n/a	STATUS	n/a	n/a	D251
148.7480000000	n/a	n/a	STATUS	n/a	n/a	DI52
148.8000000000	n/a	n/a	STATUS	n/a	n/a	D255
149.0160000000	n/a	n/a	STATUS	n/a	n/a	DI12
149.0680000000	n/a	n/a	STATUS	n/a	n/a	D255
149.0720000000	n/a	n/a	STATUS	n/a	n/a	DIN4
149.1240000000	n/a	n/a	STATUS	n/a	n/a	D255
149.8760000000	n/a	n/a	STATUS	n/a	n/a	DIN5
149.9280000000	n/a	n/a	STATUS	n/a	n/a	D255
150.4080000000	n/a	n/a	STATUS	n/a	n/a	D133
150.4560000000	n/a	n/a	STATUS	n/a	n/a	D255
150.4960000000	n/a	n/a	STATUS	n/a	n/a	DI53
150.5440000000	n/a	n/a	STATUS	n/a	n/a	D255
150.8880000000	n/a	n/a	STATUS	n/a	n/a	DI43
150.9360000000	n/a	n/a	STATUS	n/a	n/a	D255
151.1960000000	n/a	n/a	STATUS	n/a	n/a	DIN5
151.2480000000	n/a	n/a	STATUS	n/a	n/a	D255
151.6320000000	n/a	n/a	STATUS	n/a	n/a	D235
151.6840000000	n/a	n/a	STATUS	n/a	n/a	D255
151.7200000000	n/a	n/a	STATUS	n/a	n/a	DI54
151.7720000000	n/a	n/a	STATUS	n/a	n/a	D255
152.0960000000	n/a	n/a	STATUS	n/a	n/a	DI34
152.1440000000	n/a	n/a	STATUS	n/a	n/a	D255
152.4040000000	n/a	n/a	STATUS	n/a	n/a	DIN5
152.4560000000	n/a	n/a	STATUS	n/a	n/a	D255
152.9160000000	n/a	n/a	STATUS	n/a	n/a	D212
152.9640000000	n/a	n/a	STATUS	n/a	n/a	D255
153.0040000000	n/a	n/a	STATUS	n/a	n/a	DI52
153.0520000000	n/a	n/a	STATUS	n/a	n/a	D255
153.4200000000	n/a	n/a	STATUS	n/a	n/a	DI42
153.4720000000	n/a	n/a	STATUS	n/a	n/a	D255
153.7320000000	n/a	n/a	STATUS	n/a	n/a	DIN5
153.7800000000	n/a	n/a	STATUS	n/a	n/a	D255
154.2840000000	n/a	n/a	STATUS	n/a	n/a	DI84
154.3360000000	n/a	n/a	STATUS	n/a	n/a	D255
154.3720000000	n/a	n/a	STATUS	n/a	n/a	DI53
154.4240000000	n/a	n/a	STATUS	n/a	n/a	D255
154.6760000000	n/a	n/a	STATUS	n/a	n/a	DI43
154.7240000000	n/a	n/a	STATUS	n/a	n/a	D255
154.9840000000	n/a	n/a	STATUS	n/a	n/a	DIN5
155.0360000000	n/a	n/a	STATUS	n/a	n/a	D255
155.4760000000	n/a	n/a	STATUS	n/a	n/a	D138
155.5240000000	n/a	n/a	STATUS	n/a	n/a	D255
155.5640000000	n/a	n/a	STATUS	n/a	n/a	DI51
155.6120000000	n/a	n/a	STATUS	n/a	n/a	D255
155.9720000000	n/a	n/a	STATUS	n/a	n/a	DI31
156.0200000000	n/a	n/a	STATUS	n/a	n/a	D255
156.2800000000	n/a	n/a	STATUS	n/a	n/a	DIN5
156.3320000000	n/a	n/a	STATUS	n/a	n/a	D255
156.7240000000	n/a	n/a	STATUS	n/a	n/a	DI69
156.7760000000	n/a	n/a	STATUS	n/a	n/a	D255
156.8120000000	n/a	n/a	STATUS	n/a	n/a	DI54
156.8640000000	n/a	n/a	STATUS	n/a	n/a	D255
157.1400000000	n/a	n/a	STATUS	n/a	n/a	DI34
157.1920000000	n/a	n/a	STATUS	n/a	n/a	D255
157.4520000000	n/a	n/a	STATUS	n/a	n/a	DIN5
157.5000000000	n/a	n/a	STATUS	n/a	n/a	D255
157.8360000000	n/a	n/a	STATUS	n/a	n/a	D213
157.8840000000	n/a	n/a	STATUS	n/a	n/a	D255
157.9240000000	n/a	n/a	STATUS	n/a	n/a	DI51
157.9720000000	n/a	n/a	STATUS	n/a	n/a	D255
158.2720000000	n/a	n/a	STATUS	n/a	n/a	DI21
158.3200000000	n/a	n/a	STATUS	n/a	n/a	D255
158.3280000000	n/a	n/a	STATUS	n/a	n/a	DIN4
158.3760000000	n/a	n/a	STATUS	n/a	n/a	D255
159.1320000000	n/a	n/a	STATUS	n/a	n/a	DIN5
159.1800000000	n/a	n/a	STATUS	n/a	n/a	D255
159.4880000000	n/a	n/a	STATUS	n/a	n/a	D112
159.5360000000	n/a	n/a	STATUS	n/a	n/a	D255
159.5720000000	n/a	n/a	STATUS	n/a	n/a	DI51
159.6240000000	n/a	n/a	STATUS	n/a	n/a	D255
159.9560000000	n/a	n/a	STATUS	n/a	n/a	DI31
160.0040000000	n/a	n/a	STATUS	n/a	n/a	D255
160.2640000000	n/a	n/a	STATUS	n/a	n/a	DIN5
160.3160000000	n/a	n/a	STATUS	n/a	n/a	D255
160.6280000000	n/a	n/a	STATUS	n/a	n/a	D198
160.6800000000	n/a	n/a	STATUS	n/a	n/a	D255
160.7160000000	n/a	n/a	STATUS	n/a	n/a	DI53
160.7680000000	n/a	n/a	STATUS	n/a	n/a	D255
161.0440000000	n/a	n/a	STATUS	n/a	n/a	DI43
161.0920000000	n/a	n/a	STATUS	n/a	n/a	D255
161.3520000000	n/a	n/a	STATUS	n/a	n/a	DIN5
161.4040000000	n/a	n/a	STATUS	n/a	n/a	D255
161.8120000000	n/a	n/a	STATUS	n/a	n/a	D193
161.8640000000	n/a	n/a	STATUS	n/a	n/a	D255
161.9000000000	n/a	n/a	STATUS	n/a	n/a	DI54
161.9520000000	n/a	n/a	STATUS	n/a	n/a	D255
162.3160000000	n/a	n/a	STATUS	n/a	n/a	DI24
162.3680000000	n/a	n/a	STATUS	n/a	n/a	D255
162.3720000000	n/a	n/a	STATUS	n/a	n/a	DIN4
162.4200000000	n/a	n/a	STATUS	n/a	n/a	D255
163.1760000000	n/a	n/a	STATUS	n/a	n/a	DIN5
163.2280000000	n/a	n/a	STATUS	n/a	n/a	D255
163.6640000000	n/a	n/a	STATUS	n/a	n/a	D182
163.7160000000	n/a	n/a	STATUS	n/a	n/a	D255
163.7560000000	n/a	n/a	STATUS	n/a	n/a	DI53
163.8040000000	n/a	n/a	STATUS	n/a	n/a	D255
164.1480000000	n/a	n/a	STATUS	n/a	n/a	DI43
164.2000000000	n/a	n/a	STATUS	n/a	n/a	D255
164.4600000000	n/a	n/a	STATUS	n/a	n/a	DIN5
164.5080000000	n/a	n/a	STATUS	n/a	n/a	D255
164.9240000000	n/a	n/a	STATUS	n/a	n/a	D187
164.9760000000	n/a	n/a	STATUS	n/a	n/a	D255
165.0120000000	n/a	n/a	STATUS	n/a	n/a	DI52
165.0600000000	n/a	n/a	STATUS	n/a	n/a	D255
165.4160000000	n/a	n/a	STATUS	n/a	n/a	DI12
165.4640000000	n/a	n/a	STATUS	n/a	n/a	D255
165.4680000000	n/a	n/a	STATUS	n/a	n/a	DIN4
165.5200000000	n/a	n/a	STATUS	n/a	n/a	D255
166.2760000000	n/a	n/a	STATUS	n/a	n/a	DIN5
166.3240000000	n/a	n/a	STATUS	n/a	n/a	D255
166.7480000000	n/a	n/a	STATUS	n/a	n/a	D199
166.8000000000	n/a	n/a	STATUS	n/a	n/a	D255
166.8360000000	n/a	n/a	STATUS	n/a	n/a	DI53
166.8880000000	n/a	n/a	STATUS	n/a	n/a	D255
167.1600000000	n/a	n/a	STATUS	n/a	n/a	DI43
167.2080000000	n/a	n/a	STATUS	n/a	n/a	D255
167.4680000000	n/a	n/a	STATUS	n/a	n/a	DIN5
167.5200000000	n/a	n/a	STATUS	n/a	n/a	D255
167.8440000000	n/a	n/a	STATUS	n/a	n/a	D241
167.8920000000	n/a	n/a	STATUS	n/a	n/a	D255
167.9320000000	n/a	n/a	STATUS	n/a	n/a	DI52
167.9800000000	n/a	n/a	STATUS	n/a	n/a	D255
168.5360000000	n/a	n/a	STATUS	n/a	n/a	DI42
168.5840000000	n/a	n/a	STATUS	n/a	n/a	D255
168.8440000000	n/a	n/a	STATUS	n/a	n/a	DIN5
168.8960000000	n/a	n/a	STATUS	n/a	n/a	D255
169.3360000000	n/a	n/a	STATUS	n/a	n/a	D134
169.3840000000	n/a	n/a	STATUS	n/a	n/a	D255
169.4240000000	n/a	n/a	STATUS	n/a	n/a	DI52
169.4720000000	n/a	n/a	STATUS	n/a	n/a	D255
169.6840000000	n/a	n/a	STATUS	n/a	n/a	DI12
169.7360000000	n/a	n/a	STATUS	n/a	n/a	D255
169.7400000000	n/a	n/a	STATUS	n/a	n/a	DIN4
169.7880000000	n/a	n/a	STATUS	n/a	n/a	D255
170.5440000000	n/a	n/a	STATUS	n/a	n/a	DIN5
170.5920000000	n/a	n/a	STATUS	n/a	n/a	D255
171.0040000000	n/a	n/a	STATUS	n/a	n/a	D128
171.0520000000	n/a	n/a	STATUS	n/a	n/a	D255
171.0920000000	n/a	n/a	STATUS	n/a	n/a	DI53
171.1400000000	n/a	n/a	STATUS	n/a	n/a	D255
171.3400000000	n/a	n/a	STATUS	n/a	n/a	DI43
171.3920000000	n/a	n/a	STATUS	n/a	n/a	D255
171.6520000000	n/a	n/a	STATUS	n/a	n/a	DIN5
171.7000000000	n/a	n/a	STATUS	n/a	n/a	D255
172.0560000000	n/a	n/a	STATUS	n/a	n/a	D135
172.1040000000	n/a	n/a	STATUS	n/a	n/a	D255
172.1440000000	n/a	n/a	STATUS	n/a	n/a	DI52
172.1920000000	n/a	n/a	STATUS	n/a	n/a	D255
172.5400000000	n/a	n/a	STATUS	n/a	n/a	DI42
172.5880000000	n/a	n/a	STATUS	n/a	n/a	D255
172.8480000000	n/a	n/a	STATUS	n/a	n/a	DIN5
172.9000000000	n/a	n/a	STATUS	n/a	n/a	D255
173.3240000000	n/a	n/a	STATUS	n/a	n/a	D153
173.3720000000	n/a	n/a	STATUS	n/a	n/a	D255
173.4120000000	n/a	n/a	STATUS	n/a	n/a	DI53
173.4600000000	n/a	n/a	STATUS	n/a	n/a	D255
173.6680000000	n/a	n/a	STATUS	n/a	n/a	DI43
173.7200000000	n/a	n/a	STATUS	n/a	n/a	D255
173.9800000000	n/a	n/a	STATUS	n/a	n/a	DIN5
174.0280000000	n/a	n/a	STATUS	n/a	n/a	D255
174.4680000000	n/a	n/a	STATUS	n/a	n/a	DI90
174.5160000000	n/a	n/a	STATUS	n/a	n/a	D219
174.5200000000	n/a	n/a	STATUS	n/a	n/a	D255
174.5560000000	n/a	n/a	STATUS	n/a	n/a	DI52
174.6080000000	n/a	n/a	STATUS	n/a	n/a	D255
174.8240000000	n/a	n/a	STATUS	n/a	n/a	DI12
174.8720000000	n/a	n/a	STATUS	n/a	n/a	D255
174.8760000000	n/a	n/a	STATUS	n/a	n/a	DIN4
174.9280000000	n/a	n/a	STATUS	n/a	n/a	D255
175.6840000000	n/a	n/a	STATUS	n/a	n/a	DIN5
175.7320000000	n/a	n/a	STATUS	n/a	n/a	D255
176.1320000000	n/a	n/a	STATUS	n/a	n/a	D145
176.1840000000	n/a	n/a	STATUS	n/a	n/a	D255
176.2200000000	n/a	n/a	STATUS	n/a	n/a	DI53
176.2720000000	n/a	n/a	STATUS	n/a	n/a	D255
176.5080000000	n/a	n/a	STATUS	n/a	n/a	DI43
176.5600000000	n/a	n/a	STATUS	n/a	n/a	D255
176.8200000000	n/a	n/a	STATUS	n/a	n/a	DIN5
176.8680000000	n/a	n/a	STATUS	n/a	n/a	D255
177.2520000000	n/a	n/a	STATUS	n/a	n/a	DI83
177.3040000000	n/a	n/a	STATUS	n/a	n/a	D255
177.3400000000	n/a	n/a	STATUS	n/a	n/a	DI53
177.3920000000	n/a	n/a	STATUS	n/a	n/a	D255
177.6400000000	n/a	n/a	STATUS	n/a	n/a	DI43
177.6880000000	n/a	n/a	STATUS	n/a	n/a	D255
177.6880000000	n/a	n/a	STATUS	n/a	n/a	D235
177.9480000000	n/a	n/a	STATUS	n/a	n/a	DIN5
178.0000000000	n/a	n/a	STATUS	n/a	n/a	D255
178.3400000000	n/a	n/a	STATUS	n/a	n/a	D207
178.3880000000	n/a	n/a	STATUS	n/a	n/a	D255
178.4240000000	n/a	n/a	STATUS	n/a	n/a	DI54
178.4760000000	n/a	n/a	STATUS	n/a	n/a	D255
178.7840000000	n/a	n/a	STATUS	n/a	n/a	DI34
178.8320000000	n/a	n/a	STATUS	n/a	n/a	D255
179.0920000000	n/a	n/a	STATUS	n/a	n/a	DIN5
179.1400000000	n/a	n/a	STATUS	n/a	n/a	D255
179.5720000000	n/a	n/a	STATUS	n/a	n/a	D126
179.6200000000	n/a	n/a	STATUS	n/a	n/a	D255
179.6600000000	n/a	n/a	STATUS	n/a	n/a	DI54
179.7080000000	n/a	n/a	STATUS	n/a	n/a	D255
179.9520000000	n/a	n/a	STATUS	n/a	n/a	DI34
180.0040000000	n/a	n/a	STATUS	n/a	n/a	D255
180.2640000000	n/a	n/a	STATUS	n/a	n/a	DIN5
180.3120000000	n/a	n/a	STATUS	n/a	n/a	D255
180.7240000000	n/a	n/a	STATUS	n/a	n/a	D174
180.7720000000	n/a	n/a	STATUS	n/a	n/a	D255
180.8120000000	n/a	n/a	STATUS	n/a	n/a	DI53
180.8600000000	n/a	n/a	STATUS	n/a	n/a	D255
181.2360000000	n/a	n/a	STATUS	n/a	n/a	DI43
181.2880000000	n/a	n/a	STATUS	n/a	n/a	D255
181.5440000000	n/a	n/a	STATUS	n/a	n/a	DIN5
181.5960000000	n/a	n/a	STATUS	n/a	n/a	D255
181.9760000000	n/a	n/a	STATUS	n/a	n/a	D159
182.0240000000	n/a	n/a	STATUS	n/a	n/a	D255
182.0640000000	n/a	n/a	STATUS	n/a	n/a	DI51
182.1120000000	n/a	n/a	STATUS	n/a	n/a	D255
182.3040000000	n/a	n/a	STATUS	n/a	n/a	DI21
182.3560000000	n/a	n/a	STATUS	n/a	n/a	D255
182.3600000000	n/a	n/a	STATUS	n/a	n/a	DIN4
182.4120000000	n/a	n/a	STATUS	n/a	n/a	D255
183.1640000000	n/a	n/a	STATUS	n/a	n/a	DIN5
183.2160000000	n/a	n/a	STATUS	n/a	n/a	D255
183.6760000000	n/a	n/a	STATUS	n/a	n/a	D102
183.7240000000	n/a	n/a	STATUS	n/a	n/a	D255
183.7640000000	n/a	n/a	STATUS	n/a	n/a	DI53
183.8120000000	n/a	n/a	STATUS	n/a	n/a	D255
184.2440000000	n/a	n/a	STATUS	n/a	n/a	DI43
184.2960000000	n/a	n/a	STATUS	n/a	n/a	D255
184.5560000000	n/a	n/a	STATUS	n/a	n/a	DIN5
184.6040000000	n/a	n/a	STATUS	n/a	n/a	D255
184.9680000000	n/a	n/a	STATUS	n/a	n/a	D190
185.0200000000	n/a	n/a	STATUS	n/a	n/a	D255
185.0560000000	n/a	n/a	STATUS	n/a	n/a	DI54
185.1040000000	n/a	n/a	STATUS	n/a	n/a	D255
185.4680000000	n/a	n/a	STATUS	n/a	n/a	DI34
185.5160000000	n/a	n/a	STATUS	n/a	n/a	D255
185.7760000000	n/a	n/a	STATUS	n/a	n/a	DIN5
185.8280000000	n/a	n/a	STATUS	n/a	n/a	D255
186.1480000000	n/a	n/a	STATUS	n/a	n/a	D237
186.1960000000	n/a	n/a	STATUS	n/a	n/a	D255
186.2360000000	n/a	n/a	STATUS	n/a	n/a	DI52
186.2840000000	n/a	n/a	STATUS	n/a	n/a	D255
186.6360000000	n/a	n/a	STATUS	n/a	n/a	DI42
186.6880000000	n/a	n/a	STATUS	n/a	n/a	D255
186.9440000000	n/a	n/a	STATUS	n/a	n/a	DIN5
186.9960000000	n/a	n/a	STATUS	n/a	n/a	D255
187.4600000000	n/a	n/a	STATUS	n/a	n/a	D203
187.5120000000	n/a	n/a	STATUS	n/a	n/a	D255
187.5480000000	n/a	n/a	STATUS	n/a	n/a	DI51
187.6000000000	n/a	n/a	STATUS	n/a	n/a	D255
187.9600000000	n/a	n/a	STATUS	n/a	n/a	DI31
188.0080000000	n/a	n/a	STATUS	n/a	n/a	D255
188.2680000000	n/a	n/a	STATUS	n/a	n/a	DIN5
188.3160000000	n/a	n/a	STATUS	n/a	n/a	D255
188.6680000000	n/a	n/a	STATUS	n/a	n/a	DI92
188.7160000000	n/a	n/a	STATUS	n/a	n/a	D255
188.7560000000	n/a	n/a	STATUS	n/a	n/a	DI51
188.8040000000	n/a	n/a	STATUS	n/a	n/a	D255
189.2440000000	n/a	n/a	STATUS	n/a	n/a	DI31
189.2920000000	n/a	n/a	STATUS	n/a	n/a	D255
189.5520000000	n/a	n/a	STATUS	n/a	n/a	DIN5
189.6040000000	n/a	n/a	STATUS	n/a	n/a	D255
190.0720000000	n/a	n/a	STATUS	n/a	n/a	D180
190.1200000000	n/a	n/a	STATUS	n/a	n/a	D255
190.1600000000	n/a	n/a	STATUS	n/a	n/a	DI53
190.2080000000	n/a	n/a	STATUS	n/a	n/a	D255
190.4600000000	n/a	n/a	STATUS	n/a	n/a	DI43
190.5080000000	n/a	n/a	STATUS	n/a	n/a	D255
190.7680000000	n/a	n/a	STATUS	n/a	n/a	DIN5
190.8160000000	n/a	n/a	STATUS	n/a	n/a	D255
191.1880000000	n/a	n/a	STATUS	n/a	n/a	D164
191.2360000000	n/a	n/a	STATUS	n/a	n/a	D255
191.2760000000	n/a	n/a	STATUS	n/a	n/a	DI54
191.3240000000	n/a	n/a	STATUS	n/a	n/a	D255
191.5640000000	n/a	n/a	STATUS	n/a	n/a	DI34
191.6120000000	n/a	n/a	STATUS	n/a	n/a	D255
191.8720000000	n/a	n/a	STATUS	n/a	n/a	DIN5
191.9240000000	n/a	n/a	STATUS	n/a	n/a	D255
192.2720000000	n/a	n/a	STATUS	n/a	n/a	DI86
192.3240000000	n/a	n/a	STATUS	n/a	n/a	D255
192.3640000000	n/a	n/a	STATUS	n/a	n/a	DI54
192.4120000000	n/a	n/a	STATUS	n/a	n/a	D255
192.7120000000	n/a	n/a	STATUS	n/a	n/a	DI34
192.7600000000	n/a	n/a	STATUS	n/a	n/a	D255
193.0200000000	n/a	n/a	STATUS	n/a	n/a	DIN5
193.0720000000	n/a	n/a	STATUS	n/a	n/a	D255
193.5760000000	n/a	n/a	STATUS	n/a	n/a	D114
193.6240000000	n/a	n/a	STATUS	n/a	n/a	D255
193.6640000000	n/a	n/a	STATUS	n/a	n/a	DI54
193.7120000000	n/a	n/a	STATUS	n/a	n/a	D255
193.9640000000	n/a	n/a	STATUS	n/a	n/a	DI34
194.0160000000	n/a	n/a	STATUS	n/a	n/a	D255
194.2720000000	n/a	n/a	STATUS	n/a	n/a	DIN5
194.3240000000	n/a	n/a	STATUS	n/a	n/a	D255
194.6880000000	n/a	n/a	STATUS	n/a	n/a	D250
194.7400000000	n/a	n/a	STATUS	n/a	n/a	D255
194.7760000000	n/a	n/a	STATUS	n/a	n/a	DI52
194.8280000000	n/a	n/a	STATUS	n/a	n/a	D255
195.2200000000	n/a	n/a	STATUS	n/a	n/a	DI42
195.2680000000	n/a	n/a	STATUS	n/a	n/a	D255
195.5280000000	n/a	n/a	STATUS	n/a	n/a	DIN5
195.5800000000	n/a	n/a	STATUS	n/a	n/a	D255
196.0720000000	n/a	n/a	STATUS	n/a	n/a	D110
196.1240000000	n/a	n/a	STATUS	n/a	n/a	D255
196.1600000000	n/a	n/a	STATUS	n/a	n/a	DI53
196.2080000000	n/a	n/a	STATUS	n/a	n/a	D255
196.4440000000	n/a	n/a	STATUS	n/a	n/a	DI43
196.4960000000	n/a	n/a	STATUS	n/a	n/a	D255
196.7560000000	n/a	n/a	STATUS	n/a	n/a	DIN5
196.8040000000	n/a	n/a	STATUS	n/a	n/a	D255
197.2960000000	n/a	n/a	STATUS	n/a	n/a	DI66
197.3440000000	n/a	n/a	STATUS	n/a	n/a	D255
197.3840000000	n/a	n/a	STATUS	n/a	n/a	DI51
197.4320000000	n/a	n/a	STATUS	n/a	n/a	D255
197.6280000000	n/a	n/a	STATUS	n/a	n/a	DI21
197.6800000000	n/a	n/a	STATUS	n/a	n/a	D255
197.6840000000	n/a	n/a	STATUS	n/a	n/a	DIN4
197.7320000000	n/a	n/a	STATUS	n/a	n/a	D255
198.4880000000	n/a	n/a	STATUS	n/a	n/a	DIN5
198.5360000000	n/a	n/a	STATUS	n/a	n/a	D255
198.8680000000	n/a	n/a	STATUS	n/a	n/a	DI85
198.9160000000	n/a	n/a	STATUS	n/a	n/a	D255
198.9560000000	n/a	n/a	STATUS	n/a	n/a	DI54
199.0040000000	n/a	n/a	STATUS	n/a	n/a	D255
199.2440000000	n/a	n/a	STATUS	n/a	n/a	DI34
199.2960000000	n/a	n/a	STATUS	n/a	n/a	D255
199.5560000000	n/a	n/a	STATUS	n/a	n/a	DIN5
199.6040000000	n/a	n/a	STATUS	n/a	n/a	D255
200.1000000000	n/a	n/a	STATUS	n/a	n/a	D125
200.1480000000	n/a	n/a	STATUS	n/a	n/a	D255
200.1880000000	n/a	n/a	STATUS	n/a	n/a	DI51
200.2360000000	n/a	n/a	STATUS	n/a	n/a	D255
200.3880000000	n/a	n/a	STATUS	n/a	n/a	DI21
200.4400000000	n/a	n/a	STATUS	n/a	n/a	D255
200.4440000000	n/a	n/a	STATUS	n/a	n/a	DIN4
200.4920000000	n/a	n/a	STATUS	n/a	n/a	D255
201.2480000000	n/a	n/a	STATUS	n/a	n/a	DIN5
201.3000000000	n/a	n/a	STATUS	n/a	n/a	D255
201.6720000000	n/a	n/a	STATUS	n/a	n/a	D253
201.7240000000	n/a	n/a	STATUS	n/a	n/a	D255
201.7600000000	n/a	n/a	STATUS	n/a	n/a	DI52
201.8080000000	n/a	n/a	STATUS	n/a	n/a	D255
202.0000000000	n/a	n/a	STATUS	n/a	n/a	DI12
202.0520000000	n/a	n/a	STATUS	n/a	n/a	D255
202.0560000000	n/a	n/a	STATUS	n/a	n/a	DIN4
202.1080000000	n/a	n/a	STATUS	n/a	n/a	D255
202.8600000000	n/a	n/a	STATUS	n/a	n/a	DIN5
202.9120000000	n/a	n/a	STATUS	n/a	n/a	D255
203.2600000000	n/a	n/a	STATUS	n/a	n/a	D195
203.3120000000	n/a	n/a	STATUS	n/a	n/a	D255
203.3480000000	n/a	n/a	STATUS	n/a	n/a	DI51
203.4000000000	n/a	n/a	STATUS	n/a	n/a	D255
203.6040000000	n/a	n/a	STATUS	n/a	n/a	DI21
203.6520000000	n/a	n/a	STATUS	n/a	n/a	D255
203.6600000000	n/a	n/a	STATUS	n/a	n/a	DIN4
203.7080000000	n/a	n/a	STATUS	n/a	n/a	D255
221.3280000000	n/a	n/a	STATUS	n/a	n/a	DIN5
221.3760000000	n/a	n/a	STATUS	n/a	n/a	D255
221.7160000000	n/a	n/a	STATUS	n/a	n/a	D175
221.7680000000	n/a	n/a	STATUS	n/a	n/a	D255
221.8040000000	n/a	n/a	STATUS	n/a	n/a	DI53
221.8560000000	n/a	n/a	STATUS	n/a	n/a	D255
222.1960000000	n/a	n/a	STATUS	n/a	n/a	DI43
222.2480000000	n/a	n/a	STATUS	n/a	n/a	D255
222.5040000000	n/a	n/a	STATUS	n/a	n/a	DIN5
222.5560000000	n/a	n/a	STATUS	n/a	n/a	D255
223.0600000000	n/a	n/a	STATUS	n/a	n/a	D108
223.1120000000	n/a	n/a	STATUS	n/a	n/a	D255
223.1480000000	n/a	n/a	STATUS	n/a	n/a	DI52
223.2000000000	n/a	n/a	STATUS	n/a	n/a	D255
223.4160000000	n/a	n/a	STATUS	n/a	n/a	DI12
223.4680000000	n/a	n/a	STATUS	n/a	n/a	D255
223.4720000000	n/a	n/a	STATUS	n/a	n/a	DIN4
223.5200000000	n/a	n/a	STATUS	n/a	n/a	D255
224.2760000000	n/a	n/a	STATUS	n/a	n/a	DIN5
224.3280000000	n/a	n/a	STATUS	n/a	n/a	D255
224.7720000000	n/a	n/a	STATUS	n/a	n/a	D231
224.8240000000	n/a	n/a	STATUS	n/a	n/a	D255
224.8600000000	n/a	n/a	STATUS	n/a	n/a	DI54
224.9080000000	n/a	n/a	STATUS	n/a	n/a	D255
225.2800000000	n/a	n/a	STATUS	n/a	n/a	DI34
225.3320000000	n/a	n/a	STATUS	n/a	n/a	D255
225.5880000000	n/a	n/a	STATUS	n/a	n/a	DIN5
225.6400000000	n/a	n/a	STATUS	n/a	n/a	D255
226.0800000000	n/a	n/a	STATUS	n/a	n/a	D184
226.1280000000	n/a	n/a	STATUS	n/a	n/a	D255
226.1680000000	n/a	n/a	STATUS	n/a	n/a	DI54
226.2160000000	n/a	n/a	STATUS	n/a	n/a	D255
226.4880000000	n/a	n/a	STATUS	n/a	n/a	DI34
226.5360000000	n/a	n/a	STATUS	n/a	n/a	D227
226.5400000000	n/a	n/a	STATUS	n/a	n/a	D255
226.7960000000	n/a	n/a	STATUS	n/a	n/a	DIN5
226.8480000000	n/a	n/a	STATUS	n/a	n/a	D255
227.2040000000	n/a	n/a	STATUS	n/a	n/a	D194
227.2520000000	n/a	n/a	STATUS	n/a	n/a	D255
227.2920000000	n/a	n/a	STATUS	n/a	n/a	DI54
227.3400000000	n/a	n/a	STATUS	n/a	n/a	D255
227.6280000000	n/a	n/a	STATUS	n/a	n/a	DI34
227.6760000000	n/a	n/a	STATUS	n/a	n/a	D255
227.9360000000	n/a	n/a	STATUS	n/a	n/a	DIN5
227.9880000000	n/a	n/a	STATUS	n/a	n/a	D255
228.4440000000	n/a	n/a	STATUS	n/a	n/a	D227
228.4960000000	n/a	n/a	STATUS	n/a	n/a	D255
228.5320000000	n/a	n/a	STATUS	n/a	n/a	DI53
228.5840000000	n/a	n/a	STATUS	n/a	n/a	D255
228.8120000000	n/a	n/a	STATUS	n/a	n/a	DI43
228.8640000000	n/a	n/a	STATUS	n/a	n/a	D255
229.1240000000	n/a	n/a	STATUS	n/a	n/a	DIN5
229.1720000000	n/a	n/a	STATUS	n/a	n/a	D255
229.6360000000	n/a	n/a	STATUS	n/a	n/a	D252
229.6880000000	n/a	n/a	STATUS	n/a	n/a	D255
229.7240000000	n/a	n/a	STATUS	n/a	n/a	DI52
229.7760000000	n/a	n/a	STATUS	n/a	n/a	D255
230.0960000000	n/a	n/a	STATUS	n/a	n/a	DI42
230.1440000000	n/a	n/a	STATUS	n/a	n/a	D255
230.4040000000	n/a	n/a	STATUS	n/a	n/a	DIN5
230.4560000000	n/a	n/a	STATUS	n/a	n/a	D255
230.8040000000	n/a	n/a	STATUS	n/a	n/a	D219
230.8520000000	n/a	n/a	STATUS	n/a	n/a	D255
230.8920000000	n/a	n/a	STATUS	n/a	n/a	DI51
230.9400000000	n/a	n/a	STATUS	n/a	n/a	D255
231.4760000000	n/a	n/a	STATUS	n/a	n/a	DI31
231.5240000000	n/a	n/a	STATUS	n/a	n/a	D255
231.7840000000	n/a	n/a	STATUS	n/a	n/a	DIN5
231.8360000000	n/a	n/a	STATUS	n/a	n/a	D255
232.1400000000	n/a	n/a	STATUS	n/a	n/a	DI85
232.1880000000	n/a	n/a	STATUS	n/a	n/a	D255
232.2280000000	n/a	n/a	STATUS	n/a	n/a	DI52
232.2760000000	n/a	n/a	STATUS	n/a	n/a	D255
232.6160000000	n/a	n/a	STATUS	n/a	n/a	DI42
232.6640000000	n/a	n/a	STATUS	n/a	n/a	D255
232.9240000000	n/a	n/a	STATUS	n/a	n/a	DIN5
232.9760000000	n/a	n/a	STATUS	n/a	n/a	D255
233.3400000000	n/a	n/a	STATUS	n/a	n/a	D137
233.3920000000	n/a	n/a	STATUS	n/a	n/a	D255
233.4280000000	n/a	n/a	STATUS	n/a	n/a	DI53
233.4760000000	n/a	n/a	STATUS	n/a	n/a	D255
233.7080000000	n/a	n/a	STATUS	n/a	n/a	DI43
233.7560000000	n/a	n/a	STATUS	n/a	n/a	D255
234.0160000000	n/a	n/a	STATUS	n/a	n/a	DIN5
234.0680000000	n/a	n/a	STATUS	n/a	n/a	D255
234.5160000000	n/a	n/a	STATUS	n/a	n/a	DI69
234.5640000000	n/a	n/a	STATUS	n/a	n/a	D255
234.6040000000	n/a	n/a	STATUS	n/a	n/a	DI54
234.6520000000	n/a	n/a	STATUS	n/a	n/a	D255
234.8640000000	n/a	n/a	STATUS	n/a	n/a	DI34
234.9160000000	n/a	n/a	STATUS	n/a	n/a	D255
235.1720000000	n/a	n/a	STATUS	n/a	n/a	DIN5
235.2240000000	n/a	n/a	STATUS	n/a	n/a	D255
235.6440000000	n/a	n/a	STATUS	n/a	n/a	D160
235.6920000000	n/a	n/a	STATUS	n/a	n/a	D255
235.7320000000	n/a	n/a	STATUS	n/a	n/a	DI51
235.7800000000	n/a	n/a	STATUS	n/a	n/a	D255
236.1640000000	n/a	n/a	STATUS	n/a	n/a	DI31
236.2160000000	n/a	n/a	STATUS	n/a	n/a	D255
236.4760000000	n/a	n/a	STATUS	n/a	n/a	DIN5
236.5240000000	n/a	n/a	STATUS	n/a	n/a	D255
236.9680000000	n/a	n/a	STATUS	n/a	n/a	DI90
237.0200000000	n/a	n/a	STATUS	n/a	n/a	D255
237.0560000000	n/a	n/a	STATUS	n/a	n/a	DI52
237.1080000000	n/a	n/a	STATUS	n/a	n/a	D255
237.4440000000	n/a	n/a	STATUS	n/a	n/a	DI42
237.4920000000	n/a	n/a	STATUS	n/a	n/a	D255
237.7520000000	n/a	n/a	STATUS	n/a	n/a	DIN5
237.8040000000	n/a	n/a	STATUS	n/a	n/a	D255
238.1320000000	n/a	n/a	STATUS	n/a	n/a	D196
238.1840000000	n/a	n/a	STATUS	n/a	n/a	D255
238.2200000000	n/a	n/a	STATUS	n/a	n/a	DI54
238.2720000000	n/a	n/a	STATUS	n/a	n/a	D255
238.5640000000	n/a	n/a	STATUS	n/a	n/a	DI34
238.6120000000	n/a	n/a	STATUS	n/a	n/a	D255
238.8720000000	n/a	n/a	STATUS	n/a	n/a	DIN5
238.9240000000	n/a	n/a	STATUS	n/a	n/a	D255
239.3400000000	n/a	n/a	STATUS	n/a	n/a	D245
239.3880000000	n/a	n/a	STATUS	n/a	n/a	D255
239.4280000000	n/a	n/a	STATUS	n/a	n/a	DI53
239.4760000000	n/a	n/a	STATUS	n/a	n/a	D255
239.6760000000	n/a	n/a	STATUS	n/a	n/a	DI43
239.7240000000	n/a	n/a	STATUS	n/a	n/a	D255
239.9840000000	n/a	n/a	STATUS	n/a	n/a	DIN5
240.0360000000	n/a	n/a	STATUS	n/a	n/a	D255
240.4320000000	n/a	n/a	STATUS	n/a	n/a	D102
240.4840000000	n/a	n/a	STATUS	n/a	n/a	D255
240.5240000000	n/a	n/a	STATUS	n/a	n/a	DI52
240.5720000000	n/a	n/a	STATUS	n/a	n/a	D255
240.7920000000	n/a	n/a	STATUS	n/a	n/a	DI12
240.8440000000	n/a	n/a	STATUS	n/a	n/a	D255
240.8480000000	n/a	n/a	STATUS	n/a	n/a	DIN4
240.9000000000	n/a	n/a	STATUS	n/a	n/a	D255
241.6520000000	n/a	n/a	STATUS	n/a	n/a	DIN5
241.7040000000	n/a	n/a	STATUS	n/a	n/a	D255
242.0840000000	n/a	n/a	STATUS	n/a	n/a	D157
242.1320000000	n/a	n/a	STATUS	n/a	n/a	D255
242.1720000000	n/a	n/a	STATUS	n/a	n/a	DI51
242.2200000000	n/a	n/a	STATUS	n/a	n/a	D255
242.7200000000	n/a	n/a	STATUS	n/a	n/a	DI31
242.7720000000	n/a	n/a	STATUS	n/a	n/a	D255
243.0280000000	n/a	n/a	STATUS	n/a	n/a	DIN5
243.0800000000	n/a	n/a	STATUS	n/a	n/a	D255
243.4680000000	n/a	n/a	STATUS	n/a	n/a	D165
243.5200000000	n/a	n/a	STATUS	n/a	n/a	D255
243.5560000000	n/a	n/a	STATUS	n/a	n/a	DI54
243.6080000000	n/a	n/a	STATUS	n/a	n/a	D255
244.1040000000	n/a	n/a	STATUS	n/a	n/a	DI34
244.1520000000	n/a	n/a	STATUS	n/a	n/a	D255
244.4120000000	n/a	n/a	STATUS	n/a	n/a	DIN5
244.4640000000	n/a	n/a	STATUS	n/a	n/a	D255
244.8400000000	n/a	n/a	STATUS	n/a	n/a	D176
244.8920000000	n/a	n/a	STATUS	n/a	n/a	D255
244.9280000000	n/a	n/a	STATUS	n/a	n/a	DI52
244.9800000000	n/a	n/a	STATUS	n/a	n/a	D255
245.1800000000	n/a	n/a	STATUS	n/a	n/a	DI12
245.2280000000	n/a	n/a	STATUS	n/a	n/a	D255
245.2360000000	n/a	n/a	STATUS	n/a	n/a	DIN4
245.2840000000	n/a	n/a	STATUS	n/a	n/a	D255
246.0400000000	n/a	n/a	STATUS	n/a	n/a	DIN5
246.0880000000	n/a	n/a	STATUS	n/a	n/a	D255
246.5400000000	n/a	n/a	STATUS	n/a	n/a	D151
246.5880000000	n/a	n/a	STATUS	n/a	n/a	D255
246.6280000000	n/a	n/a	STATUS	n/a	n/a	DI54
246.6760000000	n/a	n/a	STATUS	n/a	n/a	D255
246.9240000000	n/a	n/a	STATUS	n/a	n/a	DI34
246.9760000000	n/a	n/a	STATUS	n/a	n/a	D255
247.2360000000	n/a	n/a	STATUS	n/a	n/a	DIN5
247.2840000000	n/a	n/a	STATUS	n/a	n/a	D255
247.7400000000	n/a	n/a	STATUS	n/a	n/a	D186
247.7880000000	n/a	n/a	STATUS	n/a	n/a	D255
247.8280000000	n/a	n/a	STATUS	n/a	n/a	DI53
247.8760000000	n/a	n/a	STATUS	n/a	n/a	D255
248.0800000000	n/a	n/a	STATUS	n/a	n/a	DI43
248.1280000000	n/a	n/a	STATUS	n/a	n/a	D255
248.3880000000	n/a	n/a	STATUS	n/a	n/a	DIN5
248.4400000000	n/a	n/a	STATUS	n/a	n/a	D255
248.8480000000	n/a	n/a	STATUS	n/a	n/a	D120
248.9000000000	n/a	n/a	STATUS	n/a	n/a	D255
248.9360000000	n/a	n/a	STATUS	n/a	n/a	DI51
248.9880000000	n/a	n/a	STATUS	n/a	n/a	D255
249.2240000000	n/a	n/a	STATUS	n/a	n/a	DI21
249.2760000000	n/a	n/a	STATUS	n/a	n/a	D255
249.2800000000	n/a	n/a	STATUS	n/a	n/a	DIN4
249.3280000000	n/a	n/a	STATUS	n/a	n/a	D255
250.0840000000	n/a	n/a	STATUS	n/a	n/a	DIN5
250.1360000000	n/a	n/a	STATUS	n/a	n/a	D255
250.4440000000	n/a	n/a	STATUS	n/a	n/a	D163
250.4960000000	n/a	n/a	STATUS	n/a	n/a	D255
250.5320000000	n/a	n/a	STATUS	n/a	n/a	DI54
250.5840000000	n/a	n/a	STATUS	n/a	n/a	D255
250.8480000000	n/a	n/a	STATUS	n/a	n/a	DI34
250.9000000000	n/a	n/a	STATUS	n/a	n/a	D255
251.1600000000	n/a	n/a	STATUS	n/a	n/a	DIN5
251.2080000000	n/a	n/a	STATUS	n/a	n/a	D255
251.5800000000	n/a	n/a	STATUS	n/a	n/a	D148
251.6280000000	n/a	n/a	STATUS	n/a	n/a	D255
251.6640000000	n/a	n/a	STATUS	n/a	n/a	DI51
251.7160000000	n/a	n/a	STATUS	n/a	n/a	D255
252.0920000000	n/a	n/a	STATUS	n/a	n/a	DI31
252.1400000000	n/a	n/a	STATUS	n/a	n/a	D255
252.4000000000	n/a	n/a	STATUS	n/a	n/a	DIN5
252.4520000000	n/a	n/a	STATUS	n/a	n/a	D255
252.8040000000	n/a	n/a	STATUS	n/a	n/a	D130
252.8560000000	n/a	n/a	STATUS	n/a	n/a	D255
252.8920000000	n/a	n/a	STATUS	n/a	n/a	DI52
252.9440000000	n/a	n/a	STATUS	n/a	n/a	D255
253.2840000000	n/a	n/a	STATUS	n/a	n/a	DI42
253.3360000000	n/a	n/a	STATUS	n/a	n/a	D255
253.5960000000	n/a	n/a	STATUS	n/a	n/a	DIN5
253.6440000000	n/a	n/a	STATUS	n/a	n/a	D255
253.9840000000	n/a	n/a	STATUS	n/a	n/a	D167
254.0320000000	n/a	n/a	STATUS	n/a	n/a	D255
254.0720000000	n/a	n/a	STATUS	n/a	n/a	DI54
254.1240000000	n/a	n/a	STATUS	n/a	n/a	D255
254.3480000000	n/a	n/a	STATUS	n/a	n/a	DI34
254.3960000000	n/a	n/a	STATUS	n/a	n/a	D255
254.6560000000	n/a	n/a	STATUS	n/a	n/a	DIN5
254.7080000000	n/a	n/a	STATUS	n/a	n/a	D255
255.1960000000	n/a	n/a	STATUS	n/a	n/a	D166
255.2480000000	n/a	n/a	STATUS	n/a	n/a	D255
255.2840000000	n/a	n/a	STATUS	n/a	n/a	DI54
255.3360000000	n/a	n/a	STATUS	n/a	n/a	D255
255.6040000000	n/a	n/a	STATUS	n/a	n/a	DI34
255.6520000000	n/a	n/a	STATUS	n/a	n/a	D255
255.9120000000	n/a	n/a	STATUS	n/a	n/a	DIN5
255.9640000000	n/a	n/a	STATUS	n/a	n/a	D255
256.4480000000	n/a	n/a	STATUS	n/a	n/a	D185
256.5000000000	n/a	n/a	STATUS	n/a	n/a	D255
256.5360000000	n/a	n/a	STATUS	n/a	n/a	DI51
256.5840000000	n/a	n/a	STATUS	n/a	n/a	D255
256.9200000000	n/a	n/a	STATUS	n/a	n/a	DI31
256.9680000000	n/a	n/a	STATUS	n/a	n/a	D255
257.2280000000	n/a	n/a	STATUS	n/a	n/a	DIN5
257.2800000000	n/a	n/a	STATUS	n/a	n/a	D255
257.5880000000	n/a	n/a	STATUS	n/a	n/a	D213
257.6360000000	n/a	n/a	STATUS	n/a	n/a	D255
257.6760000000	n/a	n/a	STATUS	n/a	n/a	DI53
257.7240000000	n/a	n/a	STATUS	n/a	n/a	D255
258.0560000000	n/a	n/a	STATUS	n/a	n/a	DI43
258.1080000000	n/a	n/a	STATUS	n/a	n/a	D255
258.3640000000	n/a	n/a	STATUS	n/a	n/a	DIN5
258.4160000000	n/a	n/a	STATUS	n/a	n/a	D255
258.8520000000	n/a	n/a	STATUS	n/a	n/a	DI80
258.9000000000	n/a	n/a	STATUS	n/a	n/a	D255
258.9400000000	n/a	n/a	STATUS	n/a	n/a	DI52
258.9880000000	n/a	n/a	STATUS	n/a	n/a	D255
259.5480000000	n/a	n/a	STATUS	n/a	n/a	DI42
259.5960000000	n/a	n/a	STATUS	n/a	n/a	D255
259.8560000000	n/a	n/a	STATUS	n/a	n/a	DIN5
259.9040000000	n/a	n/a	STATUS	n/a	n/a	D255
260.4000000000	n/a	n/a	STATUS	n/a	n/a	DI67
260.4520000000	n/a	n/a	STATUS	n/a	n/a	D255
260.4880000000	n/a	n/a	STATUS	n/a	n/a	DI52
260.5400000000	n/a	n/a	STATUS	n/a	n/a	D255
260.9480000000	n/a	n/a	STATUS	n/a	n/a	DI12
261.0000000000	n/a	n/a	STATUS	n/a	n/a	D255
261.0040000000	n/a	n/a	STATUS	n/a	n/a	DIN4
261.0520000000	n/a	n/a	STATUS	n/a	n/a	D255
261.8080000000	n/a	n/a	STATUS	n/a	n/a	DIN5
261.8600000000	n/a	n/a	STATUS	n/a	n/a	D255
262.2800000000	n/a	n/a	STATUS	n/a	n/a	DI75
262.3280000000	n/a	n/a	STATUS	n/a	n/a	D255
262.3680000000	n/a	n/a	STATUS	n/a	n/a	DI52
262.4160000000	n/a	n/a	STATUS	n/a	n/a	D255
262.6320000000	n/a	n/a	STATUS	n/a	n/a	DI12
262.6800000000	n/a	n/a	STATUS	n/a	n/a	D255
262.6880000000	n/a	n/a	STATUS	n/a	n/a	DIN4
262.7360000000	n/a	n/a	STATUS	n/a	n/a	D255
263.4920000000	n/a	n/a	STATUS	n/a	n/a	DIN5
263.5400000000	n/a	n/a	STATUS	n/a	n/a	D255
263.8840000000	n/a	n/a	STATUS	n/a	n/a	D208
263.9360000000	n/a	n/a	STATUS	n/a	n/a	D255
263.9720000000	n/a	n/a	STATUS	n/a	n/a	DI52
264.0240000000	n/a	n/a	STATUS	n/a	n/a	D255
264.0920000000	n/a	n/a	STATUS	n/a	n/a	DI42
264.1440000000	n/a	n/a	STATUS	n/a	n/a	D255
264.4000000000	n/a	n/a	STATUS	n/a	n/a	DIN5
264.4520000000	n/a	n/a	STATUS	n/a	n/a	D255
264.9000000000	n/a	n/a	STATUS	n/a	n/a	D210
264.9520000000	n/a	n/a	STATUS	n/a	n/a	D255
264.9880000000	n/a	n/a	STATUS	n/a	n/a	DI51
265.0400000000	n/a	n/a	STATUS	n/a	n/a	D255
265.2520000000	n/a	n/a	STATUS	n/a	n/a	DI21
265.3040000000	n/a	n/a	STATUS	n/a	n/a	D255
265.3080000000	n/a	n/a	STATUS	n/a	n/a	DIN4
265.3560000000	n/a	n/a	STATUS	n/a	n/a	D255
266.1120000000	n/a	n/a	STATUS	n/a	n/a	DIN5
266.1640000000	n/a	n/a	STATUS	n/a	n/a	D255
266.6440000000	n/a	n/a	STATUS	n/a	n/a	D117
266.6920000000	n/a	n/a	STATUS	n/a	n/a	D255
266.7280000000	n/a	n/a	STATUS	n/a	n/a	DI51
266.7800000000	n/a	n/a	STATUS	n/a	n/a	D255
267.0760000000	n/a	n/a	STATUS	n/a	n/a	DI31
267.1280000000	n/a	n/a	STATUS	n/a	n/a	D255
267.3840000000	n/a	n/a	STATUS	n/a	n/a	DIN5
267.4360000000	n/a	n/a	STATUS	n/a	n/a	D255
267.8760000000	n/a	n/a	STATUS	n/a	n/a	D174
267.9240000000	n/a	n/a	STATUS	n/a	n/a	D255
267.9640000000	n/a	n/a	STATUS	n/a	n/a	DI51
268.0120000000	n/a	n/a	STATUS	n/a	n/a	D255
268.3760000000	n/a	n/a	STATUS	n/a	n/a	DI31
268.4280000000	n/a	n/a	STATUS	n/a	n/a	D255
268.6840000000	n/a	n/a	STATUS	n/a	n/a	DIN5
268.7360000000	n/a	n/a	STATUS	n/a	n/a	D255
269.1760000000	n/a	n/a	STATUS	n/a	n/a	D155
269.2240000000	n/a	n/a	STATUS	n/a	n/a	D255
269.2640000000	n/a	n/a	STATUS	n/a	n/a	DI53
269.3160000000	n/a	n/a	STATUS	n/a	n/a	D255
269.6440000000	n/a	n/a	STATUS	n/a	n/a	DI43
269.6920000000	n/a	n/a	STATUS	n/a	n/a	D255
269.9520000000	n/a	n/a	STATUS	n/a	n/a	DIN5
270.0040000000	n/a	n/a	STATUS	n/a	n/a	D255
270.4600000000	n/a	n/a	STATUS	n/a	n/a	D144
270.5120000000	n/a	n/a	STATUS	n/a	n/a	D255
270.5480000000	n/a	n/a	STATUS	n/a	n/a	DI54
270.6000000000	n/a	n/a	STATUS	n/a	n/a	D255
270.8440000000	n/a	n/a	STATUS	n/a	n/a	DI34
270.8960000000	n/a	n/a	STATUS	n/a	n/a	D255
271.1560000000	n/a	n/a	STATUS	n/a	n/a	DIN5
271.2040000000	n/a	n/a	STATUS	n/a	n/a	D255
271.5640000000	n/a	n/a	STATUS	n/a	n/a	D224
271.6160000000	n/a	n/a	STATUS	n/a	n/a	D255
271.6520000000	n/a	n/a	STATUS	n/a	n/a	DI53
271.7000000000	n/a	n/a	STATUS	n/a	n/a	D255
271.8480000000	n/a	n/a	STATUS	n/a	n/a	DI43
271.8960000000	n/a	n/a	STATUS	n/a	n/a	D255
272.1560000000	n/a	n/a	STATUS	n/a	n/a	DIN5
272.2080000000	n/a	n/a	STATUS	n/a	n/a	D255
272.6520000000	n/a	n/a	STATUS	n/a	n/a	D109
272.7040000000	n/a	n/a	STATUS	n/a	n/a	D255
272.7400000000	n/a	n/a	STATUS	n/a	n/a	DI53
272.7920000000	n/a	n/a	STATUS	n/a	n/a	D255
273.1000000000	n/a	n/a	STATUS	n/a	n/a	DI13
273.1520000000	n/a	n/a	STATUS	n/a	n/a	D255
273.1560000000	n/a	n/a	STATUS	n/a	n/a	DIN4
273.2040000000	n/a	n/a	STATUS	n/a	n/a	D255
273.9600000000	n/a	n/a	STATUS	n/a	n/a	DIN5
274.0080000000	n/a	n/a	STATUS	n/a	n/a	D255
274.4080000000	n/a	n/a	STATUS	n/a	n/a	D170
274.4600000000	n/a	n/a	STATUS	n/a	n/a	D255
274.4960000000	n/a	n/a	STATUS	n/a	n/a	DI54
274.5480000000	n/a	n/a	STATUS	n/a	n/a	D255
274.7880000000	n/a	n/a	STATUS	n/a	n/a	DI34
274.8360000000	n/a	n/a	STATUS	n/a	n/a	D255
275.0960000000	n/a	n/a	STATUS	n/a	n/a	DIN5
275.1480000000	n/a	n/a	STATUS	n/a	n/a	D255
275.5080000000	n/a	n/a	STATUS	n/a	n/a	D114
275.5560000000	n/a	n/a	STATUS	n/a	n/a	D255
275.5960000000	n/a	n/a	STATUS	n/a	n/a	DI54
275.6440000000	n/a	n/a	STATUS	n/a	n/a	D255
275.8840000000	n/a	n/a	STATUS	n/a	n/a	DI34
275.9360000000	n/a	n/a	STATUS	n/a	n/a	D255
276.1920000000	n/a	n/a	STATUS	n/a	n/a	DIN5
276.2440000000	n/a	n/a	STATUS	n/a	n/a	D255
276.7480000000	n/a	n/a	STATUS	n/a	n/a	D136
276.8000000000	n/a	n/a	STATUS	n/a	n/a	D255
276.8360000000	n/a	n/a	STATUS	n/a	n/a	DI52
276.8840000000	n/a	n/a	STATUS	n/a	n/a	D255
277.0840000000	n/a	n/a	STATUS	n/a	n/a	DI12
277.1320000000	n/a	n/a	STATUS	n/a	n/a	D255
277.1400000000	n/a	n/a	STATUS	n/a	n/a	DIN4
277.1880000000	n/a	n/a	STATUS	n/a	n/a	D255
277.9440000000	n/a	n/a	STATUS	n/a	n/a	DIN5
277.9960000000	n/a	n/a	STATUS	n/a	n/a	D255
278.3080000000	n/a	n/a	STATUS	n/a	n/a	D111
278.3600000000	n/a	n/a	STATUS	n/a	n/a	D255
278.3960000000	n/a	n/a	STATUS	n/a	n/a	DI51
278.4480000000	n/a	n/a	STATUS	n/a	n/a	D255
278.6160000000	n/a	n/a	STATUS	n/a	n/a	DI21
278.6640000000	n/a	n/a	STATUS	n/a	n/a	D255
278.6680000000	n/a	n/a	STATUS	n/a	n/a	DIN4
278.7200000000	n/a	n/a	STATUS	n/a	n/a	D255
279.4720000000	n/a	n/a	STATUS	n/a	n/a	DIN5
279.5240000000	n/a	n/a	STATUS	n/a	n/a	D255
279.9440000000	n/a	n/a	STATUS	n/a	n/a	D173
279.9920000000	n/a	n/a	STATUS	n/a	n/a	D255
280.0320000000	n/a	n/a	STATUS	n/a	n/a	DI54
280.0800000000	n/a	n/a	STATUS	n/a	n/a	D255
280.2920000000	n/a	n/a	STATUS	n/a	n/a	DI34
280.3400000000	n/a	n/a	STATUS	n/a	n/a	D255
280.6000000000	n/a	n/a	STATUS	n/a	n/a	DIN5
280.6520000000	n/a	n/a	STATUS	n/a	n/a	D255
281.0000000000	n/a	n/a	STATUS	n/a	n/a	D116
281.0480000000	n/a	n/a	STATUS	n/a	n/a	D255
281.0880000000	n/a	n/a	STATUS	n/a	n/a	DI52
281.1360000000	n/a	n/a	STATUS	n/a	n/a	D255
281.4000000000	n/a	n/a	STATUS	n/a	n/a	DI12
281.4480000000	n/a	n/a	STATUS	n/a	n/a	D255
281.4560000000	n/a	n/a	STATUS	n/a	n/a	DIN4
281.5040000000	n/a	n/a	STATUS	n/a	n/a	D255
282.2600000000	n/a	n/a	STATUS	n/a	n/a	DIN5
282.3080000000	n/a	n/a	STATUS	n/a	n/a	D255
282.8000000000	n/a	n/a	STATUS	n/a	n/a	DI91
282.8480000000	n/a	n/a	STATUS	n/a	n/a	D255
282.8880000000	n/a	n/a	STATUS	n/a	n/a	DI53
282.9360000000	n/a	n/a	STATUS	n/a	n/a	D255
283.2000000000	n/a	n/a	STATUS	n/a	n/a	DI43
283.2480000000	n/a	n/a	STATUS	n/a	n/a	D255
283.5080000000	n/a	n/a	STATUS	n/a	n/a	DIN5
283.5600000000	n/a	n/a	STATUS	n/a	n/a	D255
283.9840000000	n/a	n/a	STATUS	n/a	n/a	D178
284.0320000000	n/a	n/a	STATUS	n/a	n/a	D255
284.0720000000	n/a	n/a	STATUS	n/a	n/a	DI54
284.1240000000	n/a	n/a	STATUS	n/a	n/a	D255
284.3320000000	n/a	n/a	STATUS	n/a	n/a	DI34
284.3840000000	n/a	n/a	STATUS	n/a	n/a	D255
284.6440000000	n/a	n/a	STATUS	n/a	n/a	DIN5
284.6920000000	n/a	n/a	STATUS	n/a	n/a	D255
285.0040000000	n/a	n/a	STATUS	n/a	n/a	DI99
285.0520000000	n/a	n/a	STATUS	n/a	n/a	D255
285.0920000000	n/a	n/a	STATUS	n/a	n/a	DI54
285.1400000000	n/a	n/a	STATUS	n/a	n/a	D255
285.4480000000	n/a	n/a	STATUS	n/a	n/a	DI34
285.5000000000	n/a	n/a	STATUS	n/a	n/a	D255
285.7600000000	n/a	n/a	STATUS	n/a	n/a	DIN5
285.8080000000	n/a	n/a	STATUS	n/a	n/a	D255
286.2200000000	n/a	n/a	STATUS	n/a	n/a	DI94
286.2680000000	n/a	n/a	STATUS	n/a	n/a	D255
286.3080000000	n/a	n/a	STATUS	n/a	n/a	DI54
286.3560000000	n/a	n/a	STATUS	n/a	n/a	D255
286.5840000000	n/a	n/a	STATUS	n/a	n/a	DI34
286.6360000000	n/a	n/a	STATUS	n/a	n/a	D255
286.8960000000	n/a	n/a	STATUS	n/a	n/a	DIN5
286.9440000000	n/a	n/a	STATUS	n/a	n/a	D255
287.2880000000	n/a	n/a	STATUS	n/a	n/a	DI96
287.3400000000	n/a	n/a	STATUS	n/a	n/a	D255
287.3760000000	n/a	n/a	STATUS	n/a	n/a	DI54
287.4280000000	n/a	n/a	STATUS	n/a	n/a	D255
287.7080000000	n/a	n/a	STATUS	n/a	n/a	DI34
287.7560000000	n/a	n/a	STATUS	n/a	n/a	D255
288.0160000000	n/a	n/a	STATUS	n/a	n/a	DIN5
288.0680000000	n/a	n/a	STATUS	n/a	n/a	D255
288.4680000000	n/a	n/a	STATUS	n/a	n/a	D171
288.5160000000	n/a	n/a	STATUS	n/a	n/a	D255
288.5560000000	n/a	n/a	STATUS	n/a	n/a	DI52
288.6040000000	n/a	n/a	STATUS	n/a	n/a	D255
288.9280000000	n/a	n/a	STATUS	n/a	n/a	DI42
288.9760000000	n/a	n/a	STATUS	n/a	n/a	D255
289.2360000000	n/a	n/a	STATUS	n/a	n/a	DIN5
289.2840000000	n/a	n/a	STATUS	n/a	n/a	D255
289.7760000000	n/a	n/a	STATUS	n/a	n/a	D146
289.8240000000	n/a	n/a	STATUS	n/a	n/a	D255
289.8640000000	n/a	n/a	STATUS	n/a	n/a	DI51
289.9120000000	n/a	n/a	STATUS	n/a	n/a	D255
289.9840000000	n/a	n/a	STATUS	n/a	n/a	DI31
290.0360000000	n/a	n/a	STATUS	n/a	n/a	D255
290.2960000000	n/a	n/a	STATUS	n/a	n/a	DIN5
290.3440000000	n/a	n/a	STATUS	n/a	n/a	D255
290.8080000000	n/a	n/a	STATUS	n/a	n/a	D235
290.8600000000	n/a	n/a	STATUS	n/a	n/a	D255
290.8960000000	n/a	n/a	STATUS	n/a	n/a	DI52
290.9480000000	n/a	n/a	STATUS	n/a	n/a	D255
291.2600000000	n/a	n/a	STATUS	n/a	n/a	DI12
291.3080000000	n/a	n/a	STATUS	n/a	n/a	D255
291.3120000000	n/a	n/a	STATUS	n/a	n/a	DIN4
291.3640000000	n/a	n/a	STATUS	n/a	n/a	D255
292.1200000000	n/a	n/a	STATUS	n/a	n/a	DIN5
292.1680000000	n/a	n/a	STATUS	n/a	n/a	D255
292.5440000000	n/a	n/a	STATUS	n/a	n/a	D225
292.5920000000	n/a	n/a	STATUS	n/a	n/a	D255
292.6280000000	n/a	n/a	STATUS	n/a	n/a	DI53
292.6800000000	n/a	n/a	STATUS	n/a	n/a	D255
292.9360000000	n/a	n/a	STATUS	n/a	n/a	DI43
292.9880000000	n/a	n/a	STATUS	n/a	n/a	D255
293.2480000000	n/a	n/a	STATUS	n/a	n/a	DIN5
293.2960000000	n/a	n/a	STATUS	n/a	n/a	D255
293.6240000000	n/a	n/a	STATUS	n/a	n/a	D193
293.6760000000	n/a	n/a	STATUS	n/a	n/a	D255
293.7120000000	n/a	n/a	STATUS	n/a	n/a	DI51
293.7640000000	n/a	n/a	STATUS	n/a	n/a	D255
294.1120000000	n/a	n/a	STATUS	n/a	n/a	DI31
294.1600000000	n/a	n/a	STATUS	n/a	n/a	D255
294.4200000000	n/a	n/a	STATUS	n/a	n/a	DIN5
294.4720000000	n/a	n/a	STATUS	n/a	n/a	D255
294.9320000000	n/a	n/a	STATUS	n/a	n/a	D143
294.9840000000	n/a	n/a	STATUS	n/a	n/a	D255
295.0240000000	n/a	n/a	STATUS	n/a	n/a	DI52
295.0720000000	n/a	n/a	STATUS	n/a	n/a	D255
295.4280000000	n/a	n/a	STATUS	n/a	n/a	DI42
295.4800000000	n/a	n/a	STATUS	n/a	n/a	D255
295.7360000000	n/a	n/a	STATUS	n/a	n/a	DIN5
295.7880000000	n/a	n/a	STATUS	n/a	n/a	D255
296.1800000000	n/a	n/a	STATUS	n/a	n/a	D107
296.2320000000	n/a	n/a	STATUS	n/a	n/a	D255
296.2720000000	n/a	n/a	STATUS	n/a	n/a	DI51
296.3200000000	n/a	n/a	STATUS	n/a	n/a	D255
296.5400000000	n/a	n/a	STATUS	n/a	n/a	DI21
296.5880000000	n/a	n/a	STATUS	n/a	n/a	D255
296.5960000000	n/a	n/a	STATUS	n/a	n/a	DIN4
296.6440000000	n/a	n/a	STATUS	n/a	n/a	D255
297.4000000000	n/a	n/a	STATUS	n/a	n/a	DIN5
297.4480000000	n/a	n/a	STATUS	n/a	n/a	D255
297.8000000000	n/a	n/a	STATUS	n/a	n/a	DI73
297.8480000000	n/a	n/a	STATUS	n/a	n/a	D255
297.8880000000	n/a	n/a	STATUS	n/a	n/a	DI52
297.9360000000	n/a	n/a	STATUS	n/a	n/a	D255
298.2040000000	n/a	n/a	STATUS	n/a	n/a	DI42
298.2520000000	n/a	n/a	STATUS	n/a	n/a	D255
298.5120000000	n/a	n/a	STATUS	n/a	n/a	DIN5
298.5640000000	n/a	n/a	STATUS	n/a	n/a	D255
298.9160000000	n/a	n/a	STATUS	n/a	n/a	D141
298.9680000000	n/a	n/a	STATUS	n/a	n/a	D255
299.0040000000	n/a	n/a	STATUS	n/a	n/a	DI52
299.0560000000	n/a	n/a	STATUS	n/a	n/a	D255
299.2360000000	n/a	n/a	STATUS	n/a	n/a	DI12
299.2840000000	n/a	n/a	STATUS	n/a	n/a	D255
299.2880000000	n/a	n/a	STATUS	n/a	n/a	DIN4
299.3400000000	n/a	n/a	STATUS	n/a	n/a	D255
300.0960000000	n/a	n/a	STATUS	n/a	n/a	DIN5
300.1480000000	n/a	n/a	STATUS	n/a	n/a	D255
300.4960000000	n/a	n/a	STATUS	n/a	n/a	DI88
300.5440000000	n/a	n/a	STATUS	n/a	n/a	D255
300.5840000000	n/a	n/a	STATUS	n/a	n/a	DI54
300.6320000000	n/a	n/a	STATUS	n/a	n/a	D255
300.9520000000	n/a	n/a	STATUS	n/a	n/a	DI34
301.0000000000	n/a	n/a	STATUS	n/a	n/a	D255
301.2600000000	n/a	n/a	STATUS	n/a	n/a	DIN5
301.3080000000	n/a	n/a	STATUS	n/a	n/a	D255
301.8040000000	n/a	n/a	STATUS	n/a	n/a	D100
301.8560000000	n/a	n/a	STATUS	n/a	n/a	D255
301.8920000000	n/a	n/a	STATUS	n/a	n/a	DI52
301.9440000000	n/a	n/a	STATUS	n/a	n/a	D255
302.2120000000	n/a	n/a	STATUS	n/a	n/a	DI42
302.2600000000	n/a	n/a	STATUS	n/a	n/a	D255
302.5200000000	n/a	n/a	STATUS	n/a	n/a	DIN5
302.5680000000	n/a	n/a	STATUS	n/a	n/a	D255
302.9360000000	n/a	n/a	STATUS	n/a	n/a	D134
302.9840000000	n/a	n/a	STATUS	n/a	n/a	D255
303.0200000000	n/a	n/a	STATUS	n/a	n/a	DI51
303.0720000000	n/a	n/a	STATUS	n/a	n/a	D255
303.3320000000	n/a	n/a	STATUS	n/a	n/a	DI31
303.3840000000	n/a	n/a	STATUS	n/a	n/a	D255
303.6440000000	n/a	n/a	STATUS	n/a	n/a	DIN5
303.6920000000	n/a	n/a	STATUS	n/a	n/a	D255
304.1920000000	n/a	n/a	STATUS	n/a	n/a	D126
304.2400000000	n/a	n/a	STATUS	n/a	n/a	D255
304.2800000000	n/a	n/a	STATUS	n/a	n/a	DI53
304.3280000000	n/a	n/a	STATUS	n/a	n/a	D255
304.6040000000	n/a	n/a	STATUS	n/a	n/a	DI43
304.6560000000	n/a	n/a	STATUS	n/a	n/a	D255
304.9160000000	n/a	n/a	STATUS	n/a	n/a	DIN5
304.9640000000	n/a	n/a	STATUS	n/a	n/a	D255
305.4480000000	n/a	n/a	STATUS	n/a	n/a	D212
305.5000000000	n/a	n/a	STATUS	n/a	n/a	D255
305.5360000000	n/a	n/a	STATUS	n/a	n/a	DI53
305.5880000000	n/a	n/a	STATUS	n/a	n/a	D255
305.9320000000	n/a	n/a	STATUS	n/a	n/a	DI43
305.9800000000	n/a	n/a	STATUS	n/a	n/a	D255
306.2400000000	n/a	n/a	STATUS	n/a	n/a	DIN5
306.2920000000	n/a	n/a	STATUS	n/a	n/a	D255
306.6160000000	n/a	n/a	STATUS	n/a	n/a	D190
306.6640000000	n/a	n/a	STATUS	n/a	n/a	D255
306.7040000000	n/a	n/a	STATUS	n/a	n/a	DI53
306.7520000000	n/a	n/a	STATUS	n/a	n/a	D255
306.9760000000	n/a	n/a	STATUS	n/a	n/a	DI43
307.0240000000	n/a	n/a	STATUS	n/a	n/a	D255
307.2840000000	n/a	n/a	STATUS	n/a	n/a	DIN5
307.3360000000	n/a	n/a	STATUS	n/a	n/a	D255
307.6400000000	n/a	n/a	STATUS	n/a	n/a	DI92
307.6880000000	n/a	n/a	STATUS	n/a	n/a	D255
307.7280000000	n/a	n/a	STATUS	n/a	n/a	DI54
307.7760000000	n/a	n/a	STATUS	n/a	n/a	D255
308.1560000000	n/a	n/a	STATUS	n/a	n/a	DI34
308.2080000000	n/a	n/a	STATUS	n/a	n/a	D255
308.4680000000	n/a	n/a	STATUS	n/a	n/a	DIN5
308.5160000000	n/a	n/a	STATUS	n/a	n/a	D255
308.9520000000	n/a	n/a	STATUS	n/a	n/a	D205
309.0000000000	n/a	n/a	STATUS	n/a	n/a	D255
309.0400000000	n/a	n/a	STATUS	n/a	n/a	DI53
309.0880000000	n/a	n/a	STATUS	n/a	n/a	D255
309.3240000000	n/a	n/a	STATUS	n/a	n/a	DI43
309.3720000000	n/a	n/a	STATUS	n/a	n/a	D255
309.6320000000	n/a	n/a	STATUS	n/a	n/a	DIN5
309.6800000000	n/a	n/a	STATUS	n/a	n/a	D255
310.0680000000	n/a	n/a	STATUS	n/a	n/a	D121
310.1160000000	n/a	n/a	STATUS	n/a	n/a	D255
310.1560000000	n/a	n/a	STATUS	n/a	n/a	DI52
310.2040000000	n/a	n/a	STATUS	n/a	n/a	D255
310.4560000000	n/a	n/a	STATUS	n/a	n/a	DI12
310.5080000000	n/a	n/a	STATUS	n/a	n/a	D255
310.5120000000	n/a	n/a	STATUS	n/a	n/a	DIN4
310.5600000000	n/a	n/a	STATUS	n/a	n/a	D255
311.3160000000	n/a	n/a	STATUS	n/a	n/a	DIN5
311.3680000000	n/a	n/a	STATUS	n/a	n/a	D255
311.8400000000	n/a	n/a	STATUS	n/a	n/a	D161
311.8920000000	n/a	n/a	STATUS	n/a	n/a	D255
311.9280000000	n/a	n/a	STATUS	n/a	n/a	DI54
311.9800000000	n/a	n/a	STATUS	n/a	n/a	D255
312.3280000000	n/a	n/a	STATUS	n/a	n/a	DI34
312.3800000000	n/a	n/a	STATUS	n/a	n/a	D255
312.6400000000	n/a	n/a	STATUS	n/a	n/a	DIN5
312.6880000000	n/a	n/a	STATUS	n/a	n/a	D255
313.0640000000	n/a	n/a	STATUS	n/a	n/a	D168
313.1160000000	n/a	n/a	STATUS	n/a	n/a	D255
313.1520000000	n/a	n/a	STATUS	n/a	n/a	DI52
313.2000000000	n/a	n/a	STATUS	n/a	n/a	D255
313.5000000000	n/a	n/a	STATUS	n/a	n/a	DI12
313.5480000000	n/a	n/a	STATUS	n/a	n/a	D255
313.5520000000	n/a	n/a	STATUS	n/a	n/a	DIN4
313.6040000000	n/a	n/a	STATUS	n/a	n/a	D255
314.3600000000	n/a	n/a	STATUS	n/a	n/a	DIN5
314.4080000000	n/a	n/a	STATUS	n/a	n/a	D255
314.8040000000	n/a	n/a	STATUS	n/a	n/a	D183
314.8520000000	n/a	n/a	STATUS	n/a	n/a	D255
314.8920000000	n/a	n/a	STATUS	n/a	n/a	DI52
314.9440000000	n/a	n/a	STATUS	n/a	n/a	D255
315.2400000000	n/a	n/a	STATUS	n/a	n/a	DI42
315.2880000000	n/a	n/a	STATUS	n/a	n/a	D255
315.5480000000	n/a	n/a	STATUS	n/a	n/a	DIN5
315.6000000000	n/a	n/a	STATUS	n/a	n/a	D255
316.0680000000	n/a	n/a	STATUS	n/a	n/a	DI83
316.1200000000	n/a	n/a	STATUS	n/a	n/a	D255
316.1560000000	n/a	n/a	STATUS	n/a	n/a	DI54
316.2080000000	n/a	n/a	STATUS	n/a	n/a	D255
316.6400000000	n/a	n/a	STATUS	n/a	n/a	DI34
316.6880000000	n/a	n/a	STATUS	n/a	n/a	D255
316.9480000000	n/a	n/a	STATUS	n/a	n/a	DIN5
317.0000000000	n/a	n/a	STATUS	n/a	n/a	D255
317.4720000000	n/a	n/a	STATUS	n/a	n/a	DI68
317.5240000000	n/a	n/a	STATUS	n/a	n/a	D255
317.5600000000	n/a	n/a	STATUS	n/a	n/a	DI51
317.6120000000	n/a	n/a	STATUS	n/a	n/a	D255
317.8240000000	n/a	n/a	STATUS	n/a	n/a	DI21
317.8760000000	n/a	n/a	STATUS	n/a	n/a	D255
317.8800000000	n/a	n/a	STATUS	n/a	n/a	DIN4
317.9280000000	n/a	n/a	STATUS	n/a	n/a	D255
318.6840000000	n/a	n/a	STATUS	n/a	n/a	DIN5
318.7360000000	n/a	n/a	STATUS	n/a	n/a	D255
319.0680000000	n/a	n/a	STATUS	n/a	n/a	D164
319.1200000000	n/a	n/a	STATUS	n/a	n/a	D255
319.1560000000	n/a	n/a	STATUS	n/a	n/a	DI52
319.2080000000	n/a	n/a	STATUS	n/a	n/a	D255
319.4200000000	n/a	n/a	STATUS	n/a	n/a	DI12
319.4680000000	n/a	n/a	STATUS	n/a	n/a	D255
319.4760000000	n/a	n/a	STATUS	n/a	n/a	DIN4
319.5240000000	n/a	n/a	STATUS	n/a	n/a	D255
320.2800000000	n/a	n/a	STATUS	n/a	n/a	DIN5
320.3280000000	n/a	n/a	STATUS	n/a	n/a	D255
320.6680000000	n/a	n/a	STATUS	n/a	n/a	D218
320.7200000000	n/a	n/a	STATUS	n/a	n/a	D255
320.7560000000	n/a	n/a	STATUS	n/a	n/a	DI51
320.8080000000	n/a	n/a	STATUS	n/a	n/a	D255
320.9640000000	n/a	n/a	STATUS	n/a	n/a	DI21
321.0120000000	n/a	n/a	STATUS	n/a	n/a	D255
321.0160000000	n/a	n/a	STATUS	n/a	n/a	DIN4
321.0680000000	n/a	n/a	STATUS	n/a	n/a	D255
321.8240000000	n/a	n/a	STATUS	n/a	n/a	DIN5
321.8720000000	n/a	n/a	STATUS	n/a	n/a	D255
322.2280000000	n/a	n/a	STATUS	n/a	n/a	D203
322.2760000000	n/a	n/a	STATUS	n/a	n/a	D255
322.3160000000	n/a	n/a	STATUS	n/a	n/a	DI53
322.3640000000	n/a	n/a	STATUS	n/a	n/a	D255
322.6560000000	n/a	n/a	STATUS	n/a	n/a	DI43
322.7040000000	n/a	n/a	STATUS	n/a	n/a	D255
322.9640000000	n/a	n/a	STATUS	n/a	n/a	DIN5
323.0160000000	n/a	n/a	STATUS	n/a	n/a	D255
323.3480000000	n/a	n/a	STATUS	n/a	n/a	D226
323.4000000000	n/a	n/a	STATUS	n/a	n/a	D255
323.4360000000	n/a	n/a	STATUS	n/a	n/a	DI51
323.4880000000	n/a	n/a	STATUS	n/a	n/a	D255
323.8200000000	n/a	n/a	STATUS	n/a	n/a	DI31
323.8680000000	n/a	n/a	STATUS	n/a	n/a	D255
324.1280000000	n/a	n/a	STATUS	n/a	n/a	DIN5
324.1800000000	n/a	n/a	STATUS	n/a	n/a	D255
324.5120000000	n/a	n/a	STATUS	n/a	n/a	D238
324.5640000000	n/a	n/a	STATUS	n/a	n/a	D255
324.6000000000	n/a	n/a	STATUS	n/a	n/a	DI51
324.6520000000	n/a	n/a	STATUS	n/a	n/a	D255
324.9520000000	n/a	n/a	STATUS	n/a	n/a	DI21
325.0000000000	n/a	n/a	STATUS	n/a	n/a	D255
325.0040000000	n/a	n/a	STATUS	n/a	n/a	DIN4
325.0560000000	n/a	n/a	STATUS	n/a	n/a	D255
325.8120000000	n/a	n/a	STATUS	n/a	n/a	DIN5
325.8600000000	n/a	n/a	STATUS	n/a	n/a	D255
326.2000000000	n/a	n/a	STATUS	n/a	n/a	D177
326.2520000000	n/a	n/a	STATUS	n/a	n/a	D255
326.2880000000	n/a	n/a	STATUS	n/a	n/a	DI54
326.3360000000	n/a	n/a	STATUS	n/a	n/a	D255
326.5720000000	n/a	n/a	STATUS	n/a	n/a	DI34
326.6200000000	n/a	n/a	STATUS	n/a	n/a	D255
326.8800000000	n/a	n/a	STATUS	n/a	n/a	DIN5
326.9320000000	n/a	n/a	STATUS	n/a	n/a	D255
327.4200000000	n/a	n/a	STATUS	n/a	n/a	DI77
327.4720000000	n/a	n/a	STATUS	n/a	n/a	D255
327.5080000000	n/a	n/a	STATUS	n/a	n/a	DI53
327.5600000000	n/a	n/a	STATUS	n/a	n/a	D255
327.7520000000	n/a	n/a	STATUS	n/a	n/a	DI43
327.8000000000	n/a	n/a	STATUS	n/a	n/a	D255
328.0600000000	n/a	n/a	STATUS	n/a	n/a	DIN5
328.1120000000	n/a	n/a	STATUS	n/a	n/a	D255
328.4880000000	n/a	n/a	STATUS	n/a	n/a	D142
328.5400000000	n/a	n/a	STATUS	n/a	n/a	D255
328.5760000000	n/a	n/a	STATUS	n/a	n/a	DI53
328.6280000000	n/a	n/a	STATUS	n/a	n/a	D255
328.8680000000	n/a	n/a	STATUS	n/a	n/a	DI43
328.9200000000	n/a	n/a	STATUS	n/a	n/a	D255
329.1760000000	n/a	n/a	STATUS	n/a	n/a	DIN5
329.2280000000	n/a	n/a	STATUS	n/a	n/a	D255
329.7280000000	n/a	n/a	STATUS	n/a	n/a	D202
329.7760000000	n/a	n/a	STATUS	n/a	n/a	D255
329.8160000000	n/a	n/a	STATUS	n/a	n/a	DI53
329.8680000000	n/a	n/a	STATUS	n/a	n/a	D255
330.1400000000	n/a	n/a	STATUS	n/a	n/a	DI43
330.1920000000	n/a	n/a	STATUS	n/a	n/a	D255
330.4520000000	n/a	n/a	STATUS	n/a	n/a	DIN5
330.5000000000	n/a	n/a	STATUS	n/a	n/a	D255
330.9720000000	n/a	n/a	STATUS	n/a	n/a	D140
331.0200000000	n/a	n/a	STATUS	n/a	n/a	D255
331.0560000000	n/a	n/a	STATUS	n/a	n/a	DI51
331.1080000000	n/a	n/a	STATUS	n/a	n/a	D255
331.3000000000	n/a	n/a	STATUS	n/a	n/a	DI21
331.3520000000	n/a	n/a	STATUS	n/a	n/a	D255
331.3560000000	n/a	n/a	STATUS	n/a	n/a	DIN4
331.4040000000	n/a	n/a	STATUS	n/a	n/a	D255
332.1600000000	n/a	n/a	STATUS	n/a	n/a	DIN5
332.2120000000	n/a	n/a	STATUS	n/a	n/a	D255
332.5560000000	n/a	n/a	STATUS	n/a	n/a	D110
332.6040000000	n/a	n/a	STATUS	n/a	n/a	D255
332.6440000000	n/a	n/a	STATUS	n/a	n/a	DI54
332.6920000000	n/a	n/a	STATUS	n/a	n/a	D255
332.9040000000	n/a	n/a	STATUS	n/a	n/a	DI34
332.9520000000	n/a	n/a	STATUS	n/a	n/a	D255
333.2120000000	n/a	n/a	STATUS	n/a	n/a	DIN5
333.2640000000	n/a	n/a	STATUS	n/a	n/a	D255
333.6560000000	n/a	n/a	STATUS	n/a	n/a	D124
333.7080000000	n/a	n/a	STATUS	n/a	n/a	D255
333.7440000000	n/a	n/a	STATUS	n/a	n/a	DI53
333.7960000000	n/a	n/a	STATUS	n/a	n/a	D255
333.9720000000	n/a	n/a	STATUS	n/a	n/a	DI43
334.0240000000	n/a	n/a	STATUS	n/a	n/a	D255
334.2840000000	n/a	n/a	STATUS	n/a	n/a	DIN5
334.3320000000	n/a	n/a	STATUS	n/a	n/a	D255
334.7280000000	n/a	n/a	STATUS	n/a	n/a	D215
334.7760000000	n/a	n/a	STATUS	n/a	n/a	D255
334.8160000000	n/a	n/a	STATUS	n/a	n/a	DI51
334.8640000000	n/a	n/a	STATUS	n/a	n/a	D255
335.0560000000	n/a	n/a	STATUS	n/a	n/a	DI31
335.1040000000	n/a	n/a	STATUS	n/a	n/a	D255
335.3640000000	n/a	n/a	STATUS	n/a	n/a	DIN5
335.4160000000	n/a	n/a	STATUS	n/a	n/a	D255
335.7440000000	n/a	n/a	STATUS	n/a	n/a	D103
335.7960000000	n/a	n/a	STATUS	n/a	n/a	D255
335.8320000000	n/a	n/a	STATUS	n/a	n/a	DI52
335.8840000000	n/a	n/a	STATUS	n/a	n/a	D255
336.1720000000	n/a	n/a	STATUS	n/a	n/a	DI42
336.2200000000	n/a	n/a	STATUS	n/a	n/a	D255
336.4800000000	n/a	n/a	STATUS	n/a	n/a	DIN5
336.5320000000	n/a	n/a	STATUS	n/a	n/a	D255
336.9400000000	n/a	n/a	STATUS	n/a	n/a	D153
336.9920000000	n/a	n/a	STATUS	n/a	n/a	D255
337.0280000000	n/a	n/a	STATUS	n/a	n/a	DI52
337.0800000000	n/a	n/a	STATUS	n/a	n/a	D255
337.1920000000	n/a	n/a	STATUS	n/a	n/a	DI12
337.2400000000	n/a	n/a	STATUS	n/a	n/a	D255
337.2440000000	n/a	n/a	STATUS	n/a	n/a	DIN4
337.2960000000	n/a	n/a	STATUS	n/a	n/a	D255
338.0480000000	n/a	n/a	STATUS	n/a	n/a	DIN5
338.1000000000	n/a	n/a	STATUS	n/a	n/a	D255
338.5560000000	n/a	n/a	STATUS	n/a	n/a	D156
338.6040000000	n/a	n/a	STATUS	n/a	n/a	D255
338.6440000000	n/a	n/a	STATUS	n/a	n/a	DI51
338.6920000000	n/a	n/a	STATUS	n/a	n/a	D255
338.8320000000	n/a	n/a	STATUS	n/a	n/a	DI21
338.8800000000	n/a	n/a	STATUS	n/a	n/a	D255
338.8840000000	n/a	n/a	STATUS	n/a	n/a	DIN4
338.9360000000	n/a	n/a	STATUS	n/a	n/a	D255
339.6920000000	n/a	n/a	STATUS	n/a	n/a	DIN5
339.7400000000	n/a	n/a	STATUS	n/a	n/a	D255
340.0720000000	n/a	n/a	STATUS	n/a	n/a	D240
340.1200000000	n/a	n/a	STATUS	n/a	n/a	D255
340.1600000000	n/a	n/a	STATUS	n/a	n/a	DI53
340.2080000000	n/a	n/a	STATUS	n/a	n/a	D255
340.5160000000	n/a	n/a	STATUS	n/a	n/a	DI43
340.5680000000	n/a	n/a	STATUS	n/a	n/a	D255
340.8280000000	n/a	n/a	STATUS	n/a	n/a	DIN5
340.8760000000	n/a	n/a	STATUS	n/a	n/a	D255
341.2520000000	n/a	n/a	STATUS	n/a	n/a	D191
341.3000000000	n/a	n/a	STATUS	n/a	n/a	D255
341.3360000000	n/a	n/a	STATUS	n/a	n/a	DI53
341.3880000000	n/a	n/a	STATUS	n/a	n/a	D255
341.6960000000	n/a	n/a	STATUS	n/a	n/a	DI43
341.7480000000	n/a	n/a	STATUS	n/a	n/a	D255
342.0080000000	n/a	n/a	STATUS	n/a	n/a	DIN5
342.0560000000	n/a	n/a	STATUS	n/a	n/a	D255
342.5200000000	n/a	n/a	STATUS	n/a	n/a	DI81
342.5720000000	n/a	n/a	STATUS	n/a	n/a	D255
342.6080000000	n/a	n/a	STATUS	n/a	n/a	DI53
342.6600000000	n/a	n/a	STATUS	n/a	n/a	D255
342.8720000000	n/a	n/a	STATUS	n/a	n/a	DI43
342.9200000000	n/a	n/a	STATUS	n/a	n/a	D255
343.1800000000	n/a	n/a	STATUS	n/a	n/a	DIN5
343.2320000000	n/a	n/a	STATUS	n/a	n/a	D255
343.6520000000	n/a	n/a	STATUS	n/a	n/a	D217
343.7000000000	n/a	n/a	STATUS	n/a	n/a	D255
343.7400000000	n/a	n/a	STATUS	n/a	n/a	DI51
343.7880000000	n/a	n/a	STATUS	n/a	n/a	D255
344.1440000000	n/a	n/a	STATUS	n/a	n/a	DI31
344.1920000000	n/a	n/a	STATUS	n/a	n/a	D255
344.4520000000	n/a	n/a	STATUS	n/a	n/a	DIN5
344.5040000000	n/a	n/a	STATUS	n/a	n/a	D255
344.8480000000	n/a	n/a	STATUS	n/a	n/a	D199
344.8960000000	n/a	n/a	STATUS	n/a	n/a	D255
344.9360000000	n/a	n/a	STATUS	n/a	n/a	DI53
344.9840000000	n/a	n/a	STATUS	n/a	n/a	D255
345.1480000000	n/a	n/a	STATUS	n/a	n/a	DI43
345.1960000000	n/a	n/a	STATUS	n/a	n/a	D255
345.4560000000	n/a	n/a	STATUS	n/a	n/a	DIN5
345.5080000000	n/a	n/a	STATUS	n/a	n/a	D255
345.9400000000	n/a	n/a	STATUS	n/a	n/a	D229
345.9920000000	n/a	n/a	STATUS	n/a	n/a	D255
346.0280000000	n/a	n/a	STATUS	n/a	n/a	DI51
346.0800000000	n/a	n/a	STATUS	n/a	n/a	D255
346.3120000000	n/a	n/a	STATUS	n/a	n/a	DI21
346.3640000000	n/a	n/a	STATUS	n/a	n/a	D255
346.3680000000	n/a	n/a	STATUS	n/a	n/a	DIN4
346.4160000000	n/a	n/a	STATUS	n/a	n/a	D255
347.1720000000	n/a	n/a	STATUS	n/a	n/a	DIN5
347.2240000000	n/a	n/a	STATUS	n/a	n/a	D255
347.6240000000	n/a	n/a	STATUS	n/a	n/a	DI70
347.6720000000	n/a	n/a	STATUS	n/a	n/a	D255
347.7120000000	n/a	n/a	STATUS	n/a	n/a	DI54
347.7600000000	n/a	n/a	STATUS	n/a	n/a	D255
348.0240000000	n/a	n/a	STATUS	n/a	n/a	DI34
348.0720000000	n/a	n/a	STATUS	n/a	n/a	D255
348.3320000000	n/a	n/a	STATUS	n/a	n/a	DIN5
348.3840000000	n/a	n/a	STATUS	n/a	n/a	D255
348.8320000000	n/a	n/a	STATUS	n/a	n/a	D230
348.8840000000	n/a	n/a	STATUS	n/a	n/a	D255
348.9200000000	n/a	n/a	STATUS	n/a	n/a	DI51
348.9720000000	n/a	n/a	STATUS	n/a	n/a	D255
349.2080000000	n/a	n/a	STATUS	n/a	n/a	DI21
349.2600000000	n/a	n/a	STATUS	n/a	n/a	D255
349.2640000000	n/a	n/a	STATUS	n/a	n/a	DIN4
349.3160000000	n/a	n/a	STATUS	n/a	n/a	D255
350.0680000000	n/a	n/a	STATUS	n/a	n/a	DIN5
350.1200000000	n/a	n/a	STATUS	n/a	n/a	D255
350.4840000000	n/a	n/a	STATUS	n/a	n/a	D239
350.5360000000	n/a	n/a	STATUS	n/a	n/a	D255
350.5720000000	n/a	n/a	STATUS	n/a	n/a	DI51
350.6240000000	n/a	n/a	STATUS	n/a	n/a	D255
350.9600000000	n/a	n/a	STATUS	n/a	n/a	DI31
351.0120000000	n/a	n/a	STATUS	n/a	n/a	D255
351.2680000000	n/a	n/a	STATUS	n/a	n/a	DIN5
351.3200000000	n/a	n/a	STATUS	n/a	n/a	D255
351.7440000000	n/a	n/a	STATUS	n/a	n/a	D106
351.7960000000	n/a	n/a	STATUS	n/a	n/a	D255
351.8320000000	n/a	n/a	STATUS	n/a	n/a	DI53
351.8800000000	n/a	n/a	STATUS	n/a	n/a	D255
352.0760000000	n/a	n/a	STATUS	n/a	n/a	DI43
352.1240000000	n/a	n/a	STATUS	n/a	n/a	D255
363.5000000000	n/a	n/a	STATUS	n/a	n/a	DIN5
363.5520000000	n/a	n/a	STATUS	n/a	n/a	D255
363.8800000000	n/a	n/a	STATUS	n/a	n/a	D251
363.9320000000	n/a	n/a	STATUS	n/a	n/a	D255
363.9680000000	n/a	n/a	STATUS	n/a	n/a	DI51
364.0200000000	n/a	n/a	STATUS	n/a	n/a	D255
364.3760000000	n/a	n/a	STATUS	n/a	n/a	DI31
364.4280000000	n/a	n/a	STATUS	n/a	n/a	D255
364.6840000000	n/a	n/a	STATUS	n/a	n/a	DIN5
364.7360000000	n/a	n/a	STATUS	n/a	n/a	D255
365.1800000000	n/a	n/a	STATUS	n/a	n/a	DI94
365.2320000000	n/a	n/a	STATUS	n/a	n/a	D255
365.2680000000	n/a	n/a	STATUS	n/a	n/a	DI51
365.3200000000	n/a	n/a	STATUS	n/a	n/a	D255
365.7680000000	n/a	n/a	STATUS	n/a	n/a	DI31
365.8200000000	n/a	n/a	STATUS	n/a	n/a	D255
366.0800000000	n/a	n/a	STATUS	n/a	n/a	DIN5
366.1280000000	n/a	n/a	STATUS	n/a	n/a	D255
366.6000000000	n/a	n/a	STATUS	n/a	n/a	D169
366.6480000000	n/a	n/a	STATUS	n/a	n/a	D255
366.6880000000	n/a	n/a	STATUS	n/a	n/a	DI54
366.7360000000	n/a	n/a	STATUS	n/a	n/a	D255
366.7360000000	n/a	n/a	STATUS	n/a	n/a	D247
366.9640000000	n/a	n/a	STATUS	n/a	n/a	DI34
367.0160000000	n/a	n/a	STATUS	n/a	n/a	D255
367.2760000000	n/a	n/a	STATUS	n/a	n/a	DIN5
367.3240000000	n/a	n/a	STATUS	n/a	n/a	D255
367.6600000000	n/a	n/a	STATUS	n/a	n/a	D244
367.7080000000	n/a	n/a	STATUS	n/a	n/a	D255
367.7480000000	n/a	n/a	STATUS	n/a	n/a	DI53
367.7960000000	n/a	n/a	STATUS	n/a	n/a	D255
368.1760000000	n/a	n/a	STATUS	n/a	n/a	DI43
368.2240000000	n/a	n/a	STATUS	n/a	n/a	D255
368.4840000000	n/a	n/a	STATUS	n/a	n/a	DIN5
368.5360000000	n/a	n/a	STATUS	n/a	n/a	D255
368.8800000000	n/a	n/a	STATUS	n/a	n/a	D214
368.9280000000	n/a	n/a	STATUS	n/a	n/a	D255
368.9680000000	n/a	n/a	STATUS	n/a	n/a	DI54
369.0160000000	n/a	n/a	STATUS	n/a	n/a	D255
369.2280000000	n/a	n/a	STATUS	n/a	n/a	DI34
369.2800000000	n/a	n/a	STATUS	n/a	n/a	D255
369.5400000000	n/a	n/a	STATUS	n/a	n/a	DIN5
369.5880000000	n/a	n/a	STATUS	n/a	n/a	D255
370.0640000000	n/a	n/a	STATUS	n/a	n/a	DI74
370.1120000000	n/a	n/a	STATUS	n/a	n/a	D255
370.1520000000	n/a	n/a	STATUS	n/a	n/a	DI51
370.2040000000	n/a	n/a	STATUS	n/a	n/a	D255
370.3840000000	n/a	n/a	STATUS	n/a	n/a	DI21
370.4360000000	n/a	n/a	STATUS	n/a	n/a	D255
370.4400000000	n/a	n/a	STATUS	n/a	n/a	DIN4
370.4880000000	n/a	n/a	STATUS	n/a	n/a	D255
371.2440000000	n/a	n/a	STATUS	n/a	n/a	DIN5
371.2920000000	n/a	n/a	STATUS	n/a	n/a	D255
371.6080000000	n/a	n/a	STATUS	n/a	n/a	D228
371.6600000000	n/a	n/a	STATUS	n/a	n/a	D255
371.6960000000	n/a	n/a	STATUS	n/a	n/a	DI52
371.7480000000	n/a	n/a	STATUS	n/a	n/a	D255
372.1440000000	n/a	n/a	STATUS	n/a	n/a	DI42
372.1920000000	n/a	n/a	STATUS	n/a	n/a	D255
372.4520000000	n/a	n/a	STATUS	n/a	n/a	DIN5
372.5040000000	n/a	n/a	STATUS	n/a	n/a	D255
372.8840000000	n/a	n/a	STATUS	n/a	n/a	D213
372.9320000000	n/a	n/a	STATUS	n/a	n/a	D255
372.9680000000	n/a	n/a	STATUS	n/a	n/a	DI53
373.0200000000	n/a	n/a	STATUS	n/a	n/a	D255
373.2920000000	n/a	n/a	STATUS	n/a	n/a	DI13
373.3400000000	n/a	n/a	STATUS	n/a	n/a	D255
373.3440000000	n/a	n/a	STATUS	n/a	n/a	DIN4
373.3960000000	n/a	n/a	STATUS	n/a	n/a	D255
374.1520000000	n/a	n/a	STATUS	n/a	n/a	DIN5
374.2000000000	n/a	n/a	STATUS	n/a	n/a	D255
374.6960000000	n/a	n/a	STATUS	n/a	n/a	D156
374.7440000000	n/a	n/a	STATUS	n/a	n/a	D255
374.7840000000	n/a	n/a	STATUS	n/a	n/a	DI52
374.8360000000	n/a	n/a	STATUS	n/a	n/a	D255
375.1080000000	n/a	n/a	STATUS	n/a	n/a	DI42
375.1560000000	n/a	n/a	STATUS	n/a	n/a	D255
375.4160000000	n/a	n/a	STATUS	n/a	n/a	DIN5
375.4680000000	n/a	n/a	STATUS	n/a	n/a	D255
375.8920000000	n/a	n/a	STATUS	n/a	n/a	DI69
375.9400000000	n/a	n/a	STATUS	n/a	n/a	D255
375.9800000000	n/a	n/a	STATUS	n/a	n/a	DI52
376.0280000000	n/a	n/a	STATUS	n/a	n/a	D255
376.2320000000	n/a	n/a	STATUS	n/a	n/a	DI12
376.2840000000	n/a	n/a	STATUS	n/a	n/a	D255
376.2880000000	n/a	n/a	STATUS	n/a	n/a	DIN4
376.3360000000	n/a	n/a	STATUS	n/a	n/a	D255
377.0920000000	n/a	n/a	STATUS	n/a	n/a	DIN5
377.1440000000	n/a	n/a	STATUS	n/a	n/a	D255
377.4960000000	n/a	n/a	STATUS	n/a	n/a	D179
377.5480000000	n/a	n/a	STATUS	n/a	n/a	D255
377.5840000000	n/a	n/a	STATUS	n/a	n/a	DI52
377.6360000000	n/a	n/a	STATUS	n/a	n/a	D255
377.8840000000	n/a	n/a	STATUS	n/a	n/a	DI42
377.9360000000	n/a	n/a	STATUS	n/a	n/a	D255
378.1960000000	n/a	n/a	STATUS	n/a	n/a	DIN5
378.2440000000	n/a	n/a	STATUS	n/a	n/a	D255
378.5760000000	n/a	n/a	STATUS	n/a	n/a	D246
378.6240000000	n/a	n/a	STATUS	n/a	n/a	D255
378.6600000000	n/a	n/a	STATUS	n/a	n/a	DI53
378.7120000000	n/a	n/a	STATUS	n/a	n/a	D255
379.0240000000	n/a	n/a	STATUS	n/a	n/a	DI43
379.0720000000	n/a	n/a	STATUS	n/a	n/a	D255
379.3320000000	n/a	n/a	STATUS	n/a	n/a	DIN5
379.3840000000	n/a	n/a	STATUS	n/a	n/a	D255
379.8680000000	n/a	n/a	STATUS	n/a	n/a	DI91
379.9160000000	n/a	n/a	STATUS	n/a	n/a	D255
379.9560000000	n/a	n/a	STATUS	n/a	n/a	DI53
380.0040000000	n/a	n/a	STATUS	n/a	n/a	D255
380.2640000000	n/a	n/a	STATUS	n/a	n/a	DI43
380.3120000000	n/a	n/a	STATUS	n/a	n/a	D255
380.5720000000	n/a	n/a	STATUS	n/a	n/a	DIN5
380.6200000000	n/a	n/a	STATUS	n/a	n/a	D255
381.1120000000	n/a	n/a	STATUS	n/a	n/a	D102
381.1640000000	n/a	n/a	STATUS	n/a	n/a	D255
381.2000000000	n/a	n/a	STATUS	n/a	n/a	DI54
381.2520000000	n/a	n/a	STATUS	n/a	n/a	D255
381.7480000000	n/a	n/a	STATUS	n/a	n/a	DI34
381.7960000000	n/a	n/a	STATUS	n/a	n/a	D255
382.0560000000	n/a	n/a	STATUS	n/a	n/a	DIN5
382.1040000000	n/a	n/a	STATUS	n/a	n/a	D255
382.4520000000	n/a	n/a	STATUS	n/a	n/a	D222
382.5000000000	n/a	n/a	STATUS	n/a	n/a	D255
382.5400000000	n/a	n/a	STATUS	n/a	n/a	DI54
382.5880000000	n/a	n/a	STATUS	n/a	n/a	D255
382.8200000000	n/a	n/a	STATUS	n/a	n/a	DI34
382.8680000000	n/a	n/a	STATUS	n/a	n/a	D255
383.1280000000	n/a	n/a	STATUS	n/a	n/a	DIN5
383.1800000000	n/a	n/a	STATUS	n/a	n/a	D255
383.5200000000	n/a	n/a	STATUS	n/a	n/a	D100
383.5680000000	n/a	n/a	STATUS	n/a	n/a	D255
383.6080000000	n/a	n/a	STATUS	n/a	n/a	DI53
383.6560000000	n/a	n/a	STATUS	n/a	n/a	D255
383.9400000000	n/a	n/a	STATUS	n/a	n/a	DI43
383.9880000000	n/a	n/a	STATUS	n/a	n/a	D255
384.2480000000	n/a	n/a	STATUS	n/a	n/a	DIN5
384.2960000000	n/a	n/a	STATUS	n/a	n/a	D255
384.7320000000	n/a	n/a	STATUS	n/a	n/a	D239
384.7840000000	n/a	n/a	STATUS	n/a	n/a	D255
384.8200000000	n/a	n/a	STATUS	n/a	n/a	DI53
384.8680000000	n/a	n/a	STATUS	n/a	n/a	D255
385.2120000000	n/a	n/a	STATUS	n/a	n/a	DI43
385.2640000000	n/a	n/a	STATUS	n/a	n/a	D255
385.5240000000	n/a	n/a	STATUS	n/a	n/a	DIN5
385.5720000000	n/a	n/a	STATUS	n/a	n/a	D255
386.0560000000	n/a	n/a	STATUS	n/a	n/a	D125
386.1080000000	n/a	n/a	STATUS	n/a	n/a	D255
386.1440000000	n/a	n/a	STATUS	n/a	n/a	DI52
386.1960000000	n/a	n/a	STATUS	n/a	n/a	D255
386.4080000000	n/a	n/a	STATUS	n/a	n/a	DI12
386.4560000000	n/a	n/a	STATUS	n/a	n/a	D255
386.4600000000	n/a	n/a	STATUS	n/a	n/a	DIN4
386.5120000000	n/a	n/a	STATUS	n/a	n/a	D255
387.2680000000	n/a	n/a	STATUS	n/a	n/a	DIN5
387.3160000000	n/a	n/a	STATUS	n/a	n/a	D255
387.7360000000	n/a	n/a	STATUS	n/a	n/a	D212
387.7880000000	n/a	n/a	STATUS	n/a	n/a	D255
387.8240000000	n/a	n/a	STATUS	n/a	n/a	DI51
387.8760000000	n/a	n/a	STATUS	n/a	n/a	D255
388.8920000000	n/a	n/a	STATUS	n/a	n/a	DIN3
388.9440000000	n/a	n/a	STATUS	n/a	n/a	D255
389.7000000000	n/a	n/a	STATUS	n/a	n/a	DIN5
389.7480000000	n/a	n/a	STATUS	n/a	n/a	D255
390.1600000000	n/a	n/a	STATUS	n/a	n/a	D163
390.2080000000	n/a	n/a	STATUS	n/a	n/a	D255
390.2440000000	n/a	n/a	STATUS	n/a	n/a	DI51
390.2960000000	n/a	n/a	STATUS	n/a	n/a	D255
390.4720000000	n/a	n/a	STATUS	n/a	n/a	DI21
390.5240000000	n/a	n/a	STATUS	n/a	n/a	D255
390.5280000000	n/a	n/a	STATUS	n/a	n/a	DIN4
390.5760000000	n/a	n/a	STATUS	n/a	n/a	D255
391.3320000000	n/a	n/a	STATUS	n/a	n/a	DIN5
391.3840000000	n/a	n/a	STATUS	n/a	n/a	D255
391.8520000000	n/a	n/a	STATUS	n/a	n/a	D162
391.9040000000	n/a	n/a	STATUS	n/a	n/a	D255
391.9400000000	n/a	n/a	STATUS	n/a	n/a	DI53
391.9920000000	n/a	n/a	STATUS	n/a	n/a	D255
392.2440000000	n/a	n/a	STATUS	n/a	n/a	DI43
392.2920000000	n/a	n/a	STATUS	n/a	n/a	D255
392.2920000000	n/a	n/a	STATUS	n/a	n/a	D235
392.5520000000	n/a	n/a	STATUS	n/a	n/a	DIN5
392.6040000000	n/a	n/a	STATUS	n/a	n/a	D255
393.0120000000	n/a	n/a	STATUS	n/a	n/a	D240
393.0640000000	n/a	n/a	STATUS	n/a	n/a	D255
393.1000000000	n/a	n/a	STATUS	n/a	n/a	DI51
393.1520000000	n/a	n/a	STATUS	n/a	n/a	D255
393.5000000000	n/a	n/a	STATUS	n/a	n/a	DI31
393.5480000000	n/a	n/a	STATUS	n/a	n/a	D255
393.8080000000	n/a	n/a	STATUS	n/a	n/a	DIN5
393.8600000000	n/a	n/a	STATUS	n/a	n/a	D255
394.2400000000	n/a	n/a	STATUS	n/a	n/a	DI79
394.2920000000	n/a	n/a	STATUS	n/a	n/a	D255
394.3280000000	n/a	n/a	STATUS	n/a	n/a	DI51
394.3800000000	n/a	n/a	STATUS	n/a	n/a	D255
394.5440000000	n/a	n/a	STATUS	n/a	n/a	DI21
394.5920000000	n/a	n/a	STATUS	n/a	n/a	D255
394.5960000000	n/a	n/a	STATUS	n/a	n/a	DIN4
394.6480000000	n/a	n/a	STATUS	n/a	n/a	D255
395.4040000000	n/a	n/a	STATUS	n/a	n/a	DIN5
395.4520000000	n/a	n/a	STATUS	n/a	n/a	D255
395.9440000000	n/a	n/a	STATUS	n/a	n/a	D165
395.9920000000	n/a	n/a	STATUS	n/a	n/a	D255
396.0280000000	n/a	n/a	STATUS	n/a	n/a	DI54
396.0800000000	n/a	n/a	STATUS	n/a	n/a	D255
396.3600000000	n/a	n/a	STATUS	n/a	n/a	DI34
396.4120000000	n/a	n/a	STATUS	n/a	n/a	D255
396.6680000000	n/a	n/a	STATUS	n/a	n/a	DIN5
396.7200000000	n/a	n/a	STATUS	n/a	n/a	D255
397.1120000000	n/a	n/a	STATUS	n/a	n/a	D135
397.1640000000	n/a	n/a	STATUS	n/a	n/a	D255
397.2040000000	n/a	n/a	STATUS	n/a	n/a	DI54
397.2520000000	n/a	n/a	STATUS	n/a	n/a	D255
397.4920000000	n/a	n/a	STATUS	n/a	n/a	DI34
397.5400000000	n/a	n/a	STATUS	n/a	n/a	D255
397.8000000000	n/a	n/a	STATUS	n/a	n/a	DIN5
397.8520000000	n/a	n/a	STATUS	n/a	n/a	D255
398.2640000000	n/a	n/a	STATUS	n/a	n/a	DI88
398.3160000000	n/a	n/a	STATUS	n/a	n/a	D255
398.3520000000	n/a	n/a	STATUS	n/a	n/a	DI52
398.4040000000	n/a	n/a	STATUS	n/a	n/a	D255
398.7640000000	n/a	n/a	STATUS	n/a	n/a	DI42
398.8160000000	n/a	n/a	STATUS	n/a	n/a	D255
399.0760000000	n/a	n/a	STATUS	n/a	n/a	DIN5
399.1240000000	n/a	n/a	STATUS	n/a	n/a	D255
399.5200000000	n/a	n/a	STATUS	n/a	n/a	D224
399.5680000000	n/a	n/a	STATUS	n/a	n/a	D255
399.6080000000	n/a	n/a	STATUS	n/a	n/a	DI54
399.6560000000	n/a	n/a	STATUS	n/a	n/a	D255
399.9000000000	n/a	n/a	STATUS	n/a	n/a	DI34
399.9520000000	n/a	n/a	STATUS	n/a	n/a	D255
400.2120000000	n/a	n/a	STATUS	n/a	n/a	DIN5
400.2600000000	n/a	n/a	STATUS	n/a	n/a	D255
400.5800000000	n/a	n/a	STATUS	n/a	n/a	D249
400.6320000000	n/a	n/a	STATUS	n/a	n/a	D255
400.6680000000	n/a	n/a	STATUS	n/a	n/a	DI51
400.7160000000	n/a	n/a	STATUS	n/a	n/a	D255
400.9120000000	n/a	n/a	STATUS	n/a	n/a	DI21
400.9640000000	n/a	n/a	STATUS	n/a	n/a	D255
400.9680000000	n/a	n/a	STATUS	n/a	n/a	DIN4
401.0160000000	n/a	n/a	STATUS	n/a	n/a	D255
401.7720000000	n/a	n/a	STATUS	n/a	n/a	DIN5
401.8240000000	n/a	n/a	STATUS	n/a	n/a	D255
402.3200000000	n/a	n/a	STATUS	n/a	n/a	D186
402.3720000000	n/a	n/a	STATUS	n/a	n/a	D255
402.4120000000	n/a	n/a	STATUS	n/a	n/a	DI52
402.4600000000	n/a	n/a	STATUS	n/a	n/a	D255
402.6920000000	n/a	n/a	STATUS	n/a	n/a	DI12
402.7440000000	n/a	n/a	STATUS	n/a	n/a	D255
402.7480000000	n/a	n/a	STATUS	n/a	n/a	DIN4
402.8000000000	n/a	n/a	STATUS	n/a	n/a	D255
403.5520000000	n/a	n/a	STATUS	n/a	n/a	DIN5
403.6040000000	n/a	n/a	STATUS	n/a	n/a	D255
404.0000000000	n/a	n/a	STATUS	n/a	n/a	D110
404.0480000000	n/a	n/a	STATUS	n/a	n/a	D255
404.0880000000	n/a	n/a	STATUS	n/a	n/a	DI51
404.1400000000	n/a	n/a	STATUS	n/a	n/a	D255
404.5160000000	n/a	n/a	STATUS	n/a	n/a	DI31
404.5640000000	n/a	n/a	STATUS	n/a	n/a	D255
404.8240000000	n/a	n/a	STATUS	n/a	n/a	DIN5
404.8760000000	n/a	n/a	STATUS	n/a	n/a	D255
405.2280000000	n/a	n/a	STATUS	n/a	n/a	D145
405.2800000000	n/a	n/a	STATUS	n/a	n/a	D255
405.3160000000	n/a	n/a	STATUS	n/a	n/a	DI52
405.3680000000	n/a	n/a	STATUS	n/a	n/a	D255
405.7360000000	n/a	n/a	STATUS	n/a	n/a	DI42
405.7840000000	n/a	n/a	STATUS	n/a	n/a	D255
406.0440000000	n/a	n/a	STATUS	n/a	n/a	DIN5
406.0960000000	n/a	n/a	STATUS	n/a	n/a	D255
406.4720000000	n/a	n/a	STATUS	n/a	n/a	D209
406.5240000000	n/a	n/a	STATUS	n/a	n/a	D255
406.5600000000	n/a	n/a	STATUS	n/a	n/a	DI51
406.6120000000	n/a	n/a	STATUS	n/a	n/a	D255
406.9760000000	n/a	n/a	STATUS	n/a	n/a	DI31
407.0240000000	n/a	n/a	STATUS	n/a	n/a	D255
407.2840000000	n/a	n/a	STATUS	n/a	n/a	DIN5
407.3360000000	n/a	n/a	STATUS	n/a	n/a	D255
407.7600000000	n/a	n/a	STATUS	n/a	n/a	D206
407.8080000000	n/a	n/a	STATUS	n/a	n/a	D255
407.8480000000	n/a	n/a	STATUS	n/a	n/a	DI54
407.9000000000	n/a	n/a	STATUS	n/a	n/a	D255
408.2040000000	n/a	n/a	STATUS	n/a	n/a	DI34
408.2560000000	n/a	n/a	STATUS	n/a	n/a	D255
408.5160000000	n/a	n/a	STATUS	n/a	n/a	DIN5
408.5640000000	n/a	n/a	STATUS	n/a	n/a	D255
409.0360000000	n/a	n/a	STATUS	n/a	n/a	D143
409.0840000000	n/a	n/a	STATUS	n/a	n/a	D255
409.1240000000	n/a	n/a	STATUS	n/a	n/a	DI53
409.1720000000	n/a	n/a	STATUS	n/a	n/a	D255
409.3920000000	n/a	n/a	STATUS	n/a	n/a	DI43
409.4400000000	n/a	n/a	STATUS	n/a	n/a	D255
409.7000000000	n/a	n/a	STATUS	n/a	n/a	DIN5
409.7520000000	n/a	n/a	STATUS	n/a	n/a	D255
410.0760000000	n/a	n/a	STATUS	n/a	n/a	D136
410.1240000000	n/a	n/a	STATUS	n/a	n/a	D255
410.1640000000	n/a	n/a	STATUS	n/a	n/a	DI53
410.2120000000	n/a	n/a	STATUS	n/a	n/a	D255
410.4320000000	n/a	n/a	STATUS	n/a	n/a	DI43
410.4800000000	n/a	n/a	STATUS	n/a	n/a	D255
410.7400000000	n/a	n/a	STATUS	n/a	n/a	DIN5
410.7920000000	n/a	n/a	STATUS	n/a	n/a	D255
411.1720000000	n/a	n/a	STATUS	n/a	n/a	D177
411.2200000000	n/a	n/a	STATUS	n/a	n/a	D255
411.2560000000	n/a	n/a	STATUS	n/a	n/a	DI53
411.3080000000	n/a	n/a	STATUS	n/a	n/a	D255
411.6360000000	n/a	n/a	STATUS	n/a	n/a	DI43
411.6880000000	n/a	n/a	STATUS	n/a	n/a	D255
411.9480000000	n/a	n/a	STATUS	n/a	n/a	DIN5
411.9960000000	n/a	n/a	STATUS	n/a	n/a	D255
412.4640000000	n/a	n/a	STATUS	n/a	n/a	DI99
412.5120000000	n/a	n/a	STATUS	n/a	n/a	D255
412.5520000000	n/a	n/a	STATUS	n/a	n/a	DI51
412.6000000000	n/a	n/a	STATUS	n/a	n/a	D255
412.8320000000	n/a	n/a	STATUS	n/a	n/a	DI21
412.8800000000	n/a	n/a	STATUS	n/a	n/a	D255
412.8880000000	n/a	n/a	STATUS	n/a	n/a	DIN4
412.9360000000	n/a	n/a	STATUS	n/a	n/a	D255
413.6920000000	n/a	n/a	STATUS	n/a	n/a	DIN5
413.7400000000	n/a	n/a	STATUS	n/a	n/a	D255
414.2160000000	n/a	n/a	STATUS	n/a	n/a	D115
414.2680000000	n/a	n/a	STATUS	n/a	n/a	D255
414.3040000000	n/a	n/a	STATUS	n/a	n/a	DI54
414.3560000000	n/a	n/a	STATUS	n/a	n/a	D255
414.5840000000	n/a	n/a	STATUS	n/a	n/a	DI34
414.6320000000	n/a	n/a	STATUS	n/a	n/a	D255
414.8920000000	n/a	n/a	STATUS	n/a	n/a	DIN5
414.9440000000	n/a	n/a	STATUS	n/a	n/a	D255
415.3240000000	n/a	n/a	STATUS	n/a	n/a	D235
415.3720000000	n/a	n/a	STATUS	n/a	n/a	D255
415.4120000000	n/a	n/a	STATUS	n/a	n/a	DI53
415.4600000000	n/a	n/a	STATUS	n/a	n/a	D255
415.7880000000	n/a	n/a	STATUS	n/a	n/a	DI43
415.8360000000	n/a	n/a	STATUS	n/a	n/a	D255
416.0960000000	n/a	n/a	STATUS	n/a	n/a	DIN5
416.1480000000	n/a	n/a	STATUS	n/a	n/a	D255
416.4680000000	n/a	n/a	STATUS	n/a	n/a	D114
416.5160000000	n/a	n/a	STATUS	n/a	n/a	D255
416.5520000000	n/a	n/a	STATUS	n/a	n/a	DI54
416.6040000000	n/a	n/a	STATUS	n/a	n/a	D255
416.8360000000	n/a	n/a	STATUS	n/a	n/a	DI34
416.8880000000	n/a	n/a	STATUS	n/a	n/a	D255
417.1480000000	n/a	n/a	STATUS	n/a	n/a	DIN5
417.1960000000	n/a	n/a	STATUS	n/a	n/a	D255
417.6840000000	n/a	n/a	STATUS	n/a	n/a	D216
417.7360000000	n/a	n/a	STATUS	n/a	n/a	D255
417.7720000000	n/a	n/a	STATUS	n/a	n/a	DI54
417.8240000000	n/a	n/a	STATUS	n/a	n/a	D255
418.1000000000	n/a	n/a	STATUS	n/a	n/a	DI34
418.1480000000	n/a	n/a	STATUS	n/a	n/a	D255
418.4080000000	n/a	n/a	STATUS	n/a	n/a	DIN5
418.4560000000	n/a	n/a	STATUS	n/a	n/a	D255
418.9480000000	n/a	n/a	STATUS	n/a	n/a	DI67
418.9960000000	n/a	n/a	STATUS	n/a	n/a	D255
419.0360000000	n/a	n/a	STATUS	n/a	n/a	DI53
419.0880000000	n/a	n/a	STATUS	n/a	n/a	D255
419.2800000000	n/a	n/a	STATUS	n/a	n/a	DI43
419.3320000000	n/a	n/a	STATUS	n/a	n/a	D255
419.5920000000	n/a	n/a	STATUS	n/a	n/a	DIN5
419.6400000000	n/a	n/a	STATUS	n/a	n/a	D255
419.9920000000	n/a	n/a	STATUS	n/a	n/a	D144
420.0400000000	n/a	n/a	STATUS	n/a	n/a	D255
420.0800000000	n/a	n/a	STATUS	n/a	n/a	DI54
420.1280000000	n/a	n/a	STATUS	n/a	n/a	D255
420.3520000000	n/a	n/a	STATUS	n/a	n/a	DI34
420.4000000000	n/a	n/a	STATUS	n/a	n/a	D255
420.6600000000	n/a	n/a	STATUS	n/a	n/a	DIN5
420.7080000000	n/a	n/a	STATUS	n/a	n/a	D255
421.0880000000	n/a	n/a	STATUS	n/a	n/a	D109
421.1400000000	n/a	n/a	STATUS	n/a	n/a	D255
421.1760000000	n/a	n/a	STATUS	n/a	n/a	DI52
421.2280000000	n/a	n/a	STATUS	n/a	n/a	D255
421.6960000000	n/a	n/a	STATUS	n/a	n/a	DI42
421.7480000000	n/a	n/a	STATUS	n/a	n/a	D255
422.0040000000	n/a	n/a	STATUS	n/a	n/a	DIN5
422.0560000000	n/a	n/a	STATUS	n/a	n/a	D255
422.4520000000	n/a	n/a	STATUS	n/a	n/a	D210
422.5000000000	n/a	n/a	STATUS	n/a	n/a	D255
422.5400000000	n/a	n/a	STATUS	n/a	n/a	DI53
422.5880000000	n/a	n/a	STATUS	n/a	n/a	D255
422.7680000000	n/a	n/a	STATUS	n/a	n/a	DI13
422.8200000000	n/a	n/a	STATUS	n/a	n/a	D255
422.8240000000	n/a	n/a	STATUS	n/a	n/a	DIN4
422.8720000000	n/a	n/a	STATUS	n/a	n/a	D255
423.6280000000	n/a	n/a	STATUS	n/a	n/a	DIN5
423.6800000000	n/a	n/a	STATUS	n/a	n/a	D255
424.1520000000	n/a	n/a	STATUS	n/a	n/a	D200
424.2040000000	n/a	n/a	STATUS	n/a	n/a	D255
424.2400000000	n/a	n/a	STATUS	n/a	n/a	DI52
424.2920000000	n/a	n/a	STATUS	n/a	n/a	D255
424.5720000000	n/a	n/a	STATUS	n/a	n/a	DI42
424.6200000000	n/a	n/a	STATUS	n/a	n/a	D255
424.8800000000	n/a	n/a	STATUS	n/a	n/a	DIN5
424.9320000000	n/a	n/a	STATUS	n/a	n/a	D255
425.2840000000	n/a	n/a	STATUS	n/a	n/a	D108
425.3360000000	n/a	n/a	STATUS	n/a	n/a	D255
425.3720000000	n/a	n/a	STATUS	n/a	n/a	DI51
425.4240000000	n/a	n/a	STATUS	n/a	n/a	D255
425.7560000000	n/a	n/a	STATUS	n/a	n/a	DI31
425.8080000000	n/a	n/a	STATUS	n/a	n/a	D255
426.0680000000	n/a	n/a	STATUS	n/a	n/a	DIN5
426.1160000000	n/a	n/a	STATUS	n/a	n/a	D255
426.4360000000	n/a	n/a	STATUS	n/a	n/a	D242
426.4880000000	n/a	n/a	STATUS	n/a	n/a	D255
426.5240000000	n/a	n/a	STATUS	n/a	n/a	DI54
426.5760000000	n/a	n/a	STATUS	n/a	n/a	D255
426.8680000000	n/a	n/a	STATUS	n/a	n/a	DI34
426.9200000000	n/a	n/a	STATUS	n/a	n/a	D255
427.1800000000	n/a	n/a	STATUS	n/a	n/a	DIN5
427.2280000000	n/a	n/a	STATUS	n/a	n/a	D255
427.5360000000	n/a	n/a	STATUS	n/a	n/a	DI86
427.5880000000	n/a	n/a	STATUS	n/a	n/a	D255
427.6280000000	n/a	n/a	STATUS	n/a	n/a	DI51
427.6760000000	n/a	n/a	STATUS	n/a	n/a	D255
428.0760000000	n/a	n/a	STATUS	n/a	n/a	DI31
428.1240000000	n/a	n/a	STATUS	n/a	n/a	D255
428.3840000000	n/a	n/a	STATUS	n/a	n/a	DIN5
428.4320000000	n/a	n/a	STATUS	n/a	n/a	D255
428.7600000000	n/a	n/a	STATUS	n/a	n/a	D182
428.8080000000	n/a	n/a	STATUS	n/a	n/a	D255
428.8480000000	n/a	n/a	STATUS	n/a	n/a	DI54
428.8960000000	n/a	n/a	STATUS	n/a	n/a	D255
429.1320000000	n/a	n/a	STATUS	n/a	n/a	DI34
429.1800000000	n/a	n/a	STATUS	n/a	n/a	D255
429.4400000000	n/a	n/a	STATUS	n/a	n/a	DIN5
429.4920000000	n/a	n/a	STATUS	n/a	n/a	D255
429.9200000000	n/a	n/a	STATUS	n/a	n/a	D230
429.9720000000	n/a	n/a	STATUS	n/a	n/a	D255
430.0080000000	n/a	n/a	STATUS	n/a	n/a	DI54
430.0560000000	n/a	n/a	STATUS	n/a	n/a	D255
430.3040000000	n/a	n/a	STATUS	n/a	n/a	DI34
430.3560000000	n/a	n/a	STATUS	n/a	n/a	D255
430.6120000000	n/a	n/a	STATUS	n/a	n/a	DIN5
430.6640000000	n/a	n/a	STATUS	n/a	n/a	D255
430.9840000000	n/a	n/a	STATUS	n/a	n/a	D203
431.0320000000	n/a	n/a	STATUS	n/a	n/a	D255
431.0720000000	n/a	n/a	STATUS	n/a	n/a	DI54
431.1200000000	n/a	n/a	STATUS	n/a	n/a	D255
431.3320000000	n/a	n/a	STATUS	n/a	n/a	DI34
431.3800000000	n/a	n/a	STATUS	n/a	n/a	D255
431.6400000000	n/a	n/a	STATUS	n/a	n/a	DIN5
431.6920000000	n/a	n/a	STATUS	n/a	n/a	D255
432.0200000000	n/a	n/a	STATUS	n/a	n/a	D168
432.0680000000	n/a	n/a	STATUS	n/a	n/a	D255
432.1080000000	n/a	n/a	STATUS	n/a	n/a	DI52
432.1600000000	n/a	n/a	STATUS	n/a	n/a	D255
432.5560000000	n/a	n/a	STATUS	n/a	n/a	DI42
432.6080000000	n/a	n/a	STATUS	n/a	n/a	D255
432.8680000000	n/a	n/a	STATUS	n/a	n/a	DIN5
432.9160000000	n/a	n/a	STATUS	n/a	n/a	D255
433.3280000000	n/a	n/a	STATUS	n/a	n/a	D101
433.3760000000	n/a	n/a	STATUS	n/a	n/a	D255
433.4160000000	n/a	n/a	STATUS	n/a	n/a	DI51
433.4640000000	n/a	n/a	STATUS	n/a	n/a	D255
433.6440000000	n/a	n/a	STATUS	n/a	n/a	DI21
433.6960000000	n/a	n/a	STATUS	n/a	n/a	D255
433.7000000000	n/a	n/a	STATUS	n/a	n/a	DIN4
433.7480000000	n/a	n/a	STATUS	n/a	n/a	D255
434.5040000000	n/a	n/a	STATUS	n/a	n/a	DIN5
434.5520000000	n/a	n/a	STATUS	n/a	n/a	D255
434.9600000000	n/a	n/a	STATUS	n/a	n/a	D201
435.0080000000	n/a	n/a	STATUS	n/a	n/a	D255
435.0440000000	n/a	n/a	STATUS	n/a	n/a	DI53
435.0960000000	n/a	n/a	STATUS	n/a	n/a	D255
435.3680000000	n/a	n/a	STATUS	n/a	n/a	DI43
435.4160000000	n/a	n/a	STATUS	n/a	n/a	D255
435.6760000000	n/a	n/a	STATUS	n/a	n/a	DIN5
435.7280000000	n/a	n/a	STATUS	n/a	n/a	D255
436.1880000000	n/a	n/a	STATUS	n/a	n/a	D252
436.2360000000	n/a	n/a	STATUS	n/a	n/a	D255
436.2760000000	n/a	n/a	STATUS	n/a	n/a	DI54
436.3240000000	n/a	n/a	STATUS	n/a	n/a	D255
436.5880000000	n/a	n/a	STATUS	n/a	n/a	DI34
436.6400000000	n/a	n/a	STATUS	n/a	n/a	D255
436.8960000000	n/a	n/a	STATUS	n/a	n/a	DIN5
436.9480000000	n/a	n/a	STATUS	n/a	n/a	D255
437.4400000000	n/a	n/a	STATUS	n/a	n/a	D229
437.4880000000	n/a	n/a	STATUS	n/a	n/a	D255
437.5280000000	n/a	n/a	STATUS	n/a	n/a	DI51
437.5760000000	n/a	n/a	STATUS	n/a	n/a	D255
437.7520000000	n/a	n/a	STATUS	n/a	n/a	DI21
437.8040000000	n/a	n/a	STATUS	n/a	n/a	D255
437.8080000000	n/a	n/a	STATUS	n/a	n/a	DIN4
437.8600000000	n/a	n/a	STATUS	n/a	n/a	D255
438.6120000000	n/a	n/a	STATUS	n/a	n/a	DIN5
438.6640000000	n/a	n/a	STATUS	n/a	n/a	D255
439.1280000000	n/a	n/a	STATUS	n/a	n/a	D148
439.1800000000	n/a	n/a	STATUS	n/a	n/a	D255
439.2160000000	n/a	n/a	STATUS	n/a	n/a	DI51
439.2680000000	n/a	n/a	STATUS	n/a	n/a	D255
439.6040000000	n/a	n/a	STATUS	n/a	n/a	DI31
439.6560000000	n/a	n/a	STATUS	n/a	n/a	D255
439.9160000000	n/a	n/a	STATUS	n/a	n/a	DIN5
439.9640000000	n/a	n/a	STATUS	n/a	n/a	D255
440.3200000000	n/a	n/a	STATUS	n/a	n/a	D236
440.3680000000	n/a	n/a	STATUS	n/a	n/a	D255
440.4080000000	n/a	n/a	STATUS	n/a	n/a	DI54
440.4560000000	n/a	n/a	STATUS	n/a	n/a	D255
440.6840000000	n/a	n/a	STATUS	n/a	n/a	DI34
440.7360000000	n/a	n/a	STATUS	n/a	n/a	D255
440.9920000000	n/a	n/a	STATUS	n/a	n/a	DIN5
441.0440000000	n/a	n/a	STATUS	n/a	n/a	D255
441.4440000000	n/a	n/a	STATUS	n/a	n/a	D232
441.4920000000	n/a	n/a	STATUS	n/a	n/a	D255
441.5320000000	n/a	n/a	STATUS	n/a	n/a	DI52
441.5800000000	n/a	n/a	STATUS	n/a	n/a	D255
441.8040000000	n/a	n/a	STATUS	n/a	n/a	DI12
441.8560000000	n/a	n/a	STATUS	n/a	n/a	D255
441.8600000000	n/a	n/a	STATUS	n/a	n/a	DIN4
441.9080000000	n/a	n/a	STATUS	n/a	n/a	D255
442.6640000000	n/a	n/a	STATUS	n/a	n/a	DIN5
442.7120000000	n/a	n/a	STATUS	n/a	n/a	D255
443.0680000000	n/a	n/a	STATUS	n/a	n/a	D117
443.1200000000	n/a	n/a	STATUS	n/a	n/a	D255
443.1560000000	n/a	n/a	STATUS	n/a	n/a	DI52
443.2080000000	n/a	n/a	STATUS	n/a	n/a	D255
443.5720000000	n/a	n/a	STATUS	n/a	n/a	DI42
443.6240000000	n/a	n/a	STATUS	n/a	n/a	D255
443.8840000000	n/a	n/a	STATUS	n/a	n/a	DIN5
443.9320000000	n/a	n/a	STATUS	n/a	n/a	D255
444.3080000000	n/a	n/a	STATUS	n/a	n/a	D172
444.3600000000	n/a	n/a	STATUS	n/a	n/a	D255
444.3960000000	n/a	n/a	STATUS	n/a	n/a	DI52
444.4440000000	n/a	n/a	STATUS	n/a	n/a	D255
444.8120000000	n/a	n/a	STATUS	n/a	n/a	DI42
444.8600000000	n/a	n/a	STATUS	n/a	n/a	D255
445.1200000000	n/a	n/a	STATUS	n/a	n/a	DIN5
445.1720000000	n/a	n/a	STATUS	n/a	n/a	D255
445.5480000000	n/a	n/a	STATUS	n/a	n/a	D219
445.5960000000	n/a	n/a	STATUS	n/a	n/a	D255
445.6320000000	n/a	n/a	STATUS	n/a	n/a	DI51
445.6840000000	n/a	n/a	STATUS	n/a	n/a	D255
446.0600000000	n/a	n/a	STATUS	n/a	n/a	DI31
446.1120000000	n/a	n/a	STATUS	n/a	n/a	D255
446.3720000000	n/a	n/a	STATUS	n/a	n/a	DIN5
446.4200000000	n/a	n/a	STATUS	n/a	n/a	D255
446.8800000000	n/a	n/a	STATUS	n/a	n/a	D198
446.9320000000	n/a	n/a	STATUS	n/a	n/a	D255
446.9680000000	n/a	n/a	STATUS	n/a	n/a	DI53
447.0200000000	n/a	n/a	STATUS	n/a	n/a	D255
447.3440000000	n/a	n/a	STATUS	n/a	n/a	DI43
447.3920000000	n/a	n/a	STATUS	n/a	n/a	D255
447.6520000000	n/a	n/a	STATUS	n/a	n/a	DIN5
447.7000000000	n/a	n/a	STATUS	n/a	n/a	D255
448.2000000000	n/a	n/a	STATUS	n/a	n/a	D194
448.2520000000	n/a	n/a	STATUS	n/a	n/a	D255
448.2880000000	n/a	n/a	STATUS	n/a	n/a	DI52
448.3400000000	n/a	n/a	STATUS	n/a	n/a	D255
448.5680000000	n/a	n/a	STATUS	n/a	n/a	DI12
448.6200000000	n/a	n/a	STATUS	n/a	n/a	D255
448.6240000000	n/a	n/a	STATUS	n/a	n/a	DIN4
448.6720000000	n/a	n/a	STATUS	n/a	n/a	D255
449.4280000000	n/a	n/a	STATUS	n/a	n/a	DIN5
449.4800000000	n/a	n/a	STATUS	n/a	n/a	D255
449.8200000000	n/a	n/a	STATUS	n/a	n/a	D138
449.8680000000	n/a	n/a	STATUS	n/a	n/a	D255
449.9080000000	n/a	n/a	STATUS	n/a	n/a	DI51
449.9560000000	n/a	n/a	STATUS	n/a	n/a	D255
450.4160000000	n/a	n/a	STATUS	n/a	n/a	DI31
450.4680000000	n/a	n/a	STATUS	n/a	n/a	D255
450.7280000000	n/a	n/a	STATUS	n/a	n/a	DIN5
450.7760000000	n/a	n/a	STATUS	n/a	n/a	D255
451.1960000000	n/a	n/a	STATUS	n/a	n/a	DI89
451.2480000000	n/a	n/a	STATUS	n/a	n/a	D255
451.2840000000	n/a	n/a	STATUS	n/a	n/a	DI53
451.3360000000	n/a	n/a	STATUS	n/a	n/a	D255
451.5720000000	n/a	n/a	STATUS	n/a	n/a	DI43
451.6240000000	n/a	n/a	STATUS	n/a	n/a	D255
451.8840000000	n/a	n/a	STATUS	n/a	n/a	DIN5
451.9320000000	n/a	n/a	STATUS	n/a	n/a	D255
452.2440000000	n/a	n/a	STATUS	n/a	n/a	D160
452.2920000000	n/a	n/a	STATUS	n/a	n/a	D255
452.3320000000	n/a	n/a	STATUS	n/a	n/a	DI52
452.3840000000	n/a	n/a	STATUS	n/a	n/a	D255
452.6400000000	n/a	n/a	STATUS	n/a	n/a	DI12
452.6880000000	n/a	n/a	STATUS	n/a	n/a	D255
452.6920000000	n/a	n/a	STATUS	n/a	n/a	DIN4
452.7440000000	n/a	n/a	STATUS	n/a	n/a	D255
453.5000000000	n/a	n/a	STATUS	n/a	n/a	DIN5
453.5480000000	n/a	n/a	STATUS	n/a	n/a	D255
454.0440000000	n/a	n/a	STATUS	n/a	n/a	D184
454.0920000000	n/a	n/a	STATUS	n/a	n/a	D255
454.1320000000	n/a	n/a	STATUS	n/a	n/a	DI52
454.1800000000	n/a	n/a	STATUS	n/a	n/a	D255
454.2920000000	n/a	n/a	STATUS	n/a	n/a	DI42
454.3400000000	n/a	n/a	STATUS	n/a	n/a	D255
454.6000000000	n/a	n/a	STATUS	n/a	n/a	DIN5
454.6520000000	n/a	n/a	STATUS	n/a	n/a	D255
455.1000000000	n/a	n/a	STATUS	n/a	n/a	D149
455.1520000000	n/a	n/a	STATUS	n/a	n/a	D255
455.1880000000	n/a	n/a	STATUS	n/a	n/a	DI54
455.2360000000	n/a	n/a	STATUS	n/a	n/a	D255
455.4080000000	n/a	n/a	STATUS	n/a	n/a	DI24
455.4600000000	n/a	n/a	STATUS	n/a	n/a	D255
455.4640000000	n/a	n/a	STATUS	n/a	n/a	DIN4
455.5120000000	n/a	n/a	STATUS	n/a	n/a	D255
456.2680000000	n/a	n/a	STATUS	n/a	n/a	DIN5
456.3200000000	n/a	n/a	STATUS	n/a	n/a	D255
456.6560000000	n/a	n/a	STATUS	n/a	n/a	DI75
456.7080000000	n/a	n/a	STATUS	n/a	n/a	D255
456.7440000000	n/a	n/a	STATUS	n/a	n/a	DI53
456.7960000000	n/a	n/a	STATUS	n/a	n/a	D255
456.9120000000	n/a	n/a	STATUS	n/a	n/a	DI13
456.9640000000	n/a	n/a	STATUS	n/a	n/a	D255
456.9680000000	n/a	n/a	STATUS	n/a	n/a	DIN4
457.0160000000	n/a	n/a	STATUS	n/a	n/a	D255
457.7720000000	n/a	n/a	STATUS	n/a	n/a	DIN5
457.8240000000	n/a	n/a	STATUS	n/a	n/a	D255
458.2400000000	n/a	n/a	STATUS	n/a	n/a	D146
458.2920000000	n/a	n/a	STATUS	n/a	n/a	D255
458.3320000000	n/a	n/a	STATUS	n/a	n/a	DI52
458.3800000000	n/a	n/a	STATUS	n/a	n/a	D255
458.6400000000	n/a	n/a	STATUS	n/a	n/a	DI42
458.6920000000	n/a	n/a	STATUS	n/a	n/a	D255
458.9520000000	n/a	n/a	STATUS	n/a	n/a	DIN5
459.0000000000	n/a	n/a	STATUS	n/a	n/a	D255
459.3760000000	n/a	n/a	STATUS	n/a	n/a	DI68
459.4240000000	n/a	n/a	STATUS	n/a	n/a	D255
459.4640000000	n/a	n/a	STATUS	n/a	n/a	DI54
459.5160000000	n/a	n/a	STATUS	n/a	n/a	D255
459.8560000000	n/a	n/a	STATUS	n/a	n/a	DI34
459.9080000000	n/a	n/a	STATUS	n/a	n/a	D255
460.1680000000	n/a	n/a	STATUS	n/a	n/a	DIN5
460.2160000000	n/a	n/a	STATUS	n/a	n/a	D255
460.5640000000	n/a	n/a	STATUS	n/a	n/a	D181
460.6120000000	n/a	n/a	STATUS	n/a	n/a	D255
460.6480000000	n/a	n/a	STATUS	n/a	n/a	DI52
460.7000000000	n/a	n/a	STATUS	n/a	n/a	D255
461.0440000000	n/a	n/a	STATUS	n/a	n/a	DI42
461.0960000000	n/a	n/a	STATUS	n/a	n/a	D255
461.3560000000	n/a	n/a	STATUS	n/a	n/a	DIN5
461.4040000000	n/a	n/a	STATUS	n/a	n/a	D255
461.8880000000	n/a	n/a	STATUS	n/a	n/a	D226
461.9400000000	n/a	n/a	STATUS	n/a	n/a	D255
461.9760000000	n/a	n/a	STATUS	n/a	n/a	DI51
462.0280000000	n/a	n/a	STATUS	n/a	n/a	D255
462.3760000000	n/a	n/a	STATUS	n/a	n/a	DI31
462.4240000000	n/a	n/a	STATUS	n/a	n/a	D255
462.6840000000	n/a	n/a	STATUS	n/a	n/a	DIN5
462.7360000000	n/a	n/a	STATUS	n/a	n/a	D255
463.1640000000	n/a	n/a	STATUS	n/a	n/a	D147
463.2160000000	n/a	n/a	STATUS	n/a	n/a	D255
463.2520000000	n/a	n/a	STATUS	n/a	n/a	DI54
463.3040000000	n/a	n/a	STATUS	n/a	n/a	D255
463.5200000000	n/a	n/a	STATUS	n/a	n/a	DI24
463.5680000000	n/a	n/a	STATUS	n/a	n/a	D255
463.5720000000	n/a	n/a	STATUS	n/a	n/a	DIN4
463.6240000000	n/a	n/a	STATUS	n/a	n/a	D255
464.3800000000	n/a	n/a	STATUS	n/a	n/a	DIN5
464.4280000000	n/a	n/a	STATUS	n/a	n/a	D255
464.9240000000	n/a	n/a	STATUS	n/a	n/a	D237
464.9760000000	n/a	n/a	STATUS	n/a	n/a	D255
465.0120000000	n/a	n/a	STATUS	n/a	n/a	DI52
465.0640000000	n/a	n/a	STATUS	n/a	n/a	D255
465.5280000000	n/a	n/a	STATUS	n/a	n/a	DI42
465.5800000000	n/a	n/a	STATUS	n/a	n/a	D255
465.8360000000	n/a	n/a	STATUS	n/a	n/a	DIN5
465.8880000000	n/a	n/a	STATUS	n/a	n/a	D255
466.2560000000	n/a	n/a	STATUS	n/a	n/a	D196
466.3080000000	n/a	n/a	STATUS	n/a	n/a	D255
466.3440000000	n/a	n/a	STATUS	n/a	n/a	DI51
466.3960000000	n/a	n/a	STATUS	n/a	n/a	D255
466.6160000000	n/a	n/a	STATUS	n/a	n/a	DI31
466.6680000000	n/a	n/a	STATUS	n/a	n/a	D255
466.9280000000	n/a	n/a	STATUS	n/a	n/a	DIN5
466.9760000000	n/a	n/a	STATUS	n/a	n/a	D255
467.2960000000	n/a	n/a	STATUS	n/a	n/a	D121
467.3480000000	n/a	n/a	STATUS	n/a	n/a	D255
467.3840000000	n/a	n/a	STATUS	n/a	n/a	DI53
467.4360000000	n/a	n/a	STATUS	n/a	n/a	D255
467.6000000000	n/a	n/a	STATUS	n/a	n/a	DI43
467.6480000000	n/a	n/a	STATUS	n/a	n/a	D255
467.9080000000	n/a	n/a	STATUS	n/a	n/a	DIN5
467.9600000000	n/a	n/a	STATUS	n/a	n/a	D255
468.3440000000	n/a	n/a	STATUS	n/a	n/a	D155
468.3920000000	n/a	n/a	STATUS	n/a	n/a	D255
468.4320000000	n/a	n/a	STATUS	n/a	n/a	DI54
468.4800000000	n/a	n/a	STATUS	n/a	n/a	D255
468.7000000000	n/a	n/a	STATUS	n/a	n/a	DI34
468.7520000000	n/a	n/a	STATUS	n/a	n/a	D255
469.0120000000	n/a	n/a	STATUS	n/a	n/a	DIN5
469.0600000000	n/a	n/a	STATUS	n/a	n/a	D255
469.5640000000	n/a	n/a	STATUS	n/a	n/a	D243
469.6160000000	n/a	n/a	STATUS	n/a	n/a	D255
469.6520000000	n/a	n/a	STATUS	n/a	n/a	DI53
469.7040000000	n/a	n/a	STATUS	n/a	n/a	D255
469.8160000000	n/a	n/a	STATUS	n/a	n/a	DI43
469.8680000000	n/a	n/a	STATUS	n/a	n/a	D255
470.1240000000	n/a	n/a	STATUS	n/a	n/a	DIN5
470.1760000000	n/a	n/a	STATUS	n/a	n/a	D255
470.5560000000	n/a	n/a	STATUS	n/a	n/a	D139
470.6040000000	n/a	n/a	STATUS	n/a	n/a	D255
470.6440000000	n/a	n/a	STATUS	n/a	n/a	DI53
470.6960000000	n/a	n/a	STATUS	n/a	n/a	D255
470.9080000000	n/a	n/a	STATUS	n/a	n/a	DI13
470.9600000000	n/a	n/a	STATUS	n/a	n/a	D255
470.9640000000	n/a	n/a	STATUS	n/a	n/a	DIN4
471.0120000000	n/a	n/a	STATUS	n/a	n/a	D255
471.7680000000	n/a	n/a	STATUS	n/a	n/a	DIN5
471.8200000000	n/a	n/a	STATUS	n/a	n/a	D255
472.1920000000	n/a	n/a	STATUS	n/a	n/a	DI92
472.2440000000	n/a	n/a	STATUS	n/a	n/a	D255
472.2800000000	n/a	n/a	STATUS	n/a	n/a	DI53
472.3320000000	n/a	n/a	STATUS	n/a	n/a	D255
472.5400000000	n/a	n/a	STATUS	n/a	n/a	DI43
472.5880000000	n/a	n/a	STATUS	n/a	n/a	D255
472.8480000000	n/a	n/a	STATUS	n/a	n/a	DIN5
472.9000000000	n/a	n/a	STATUS	n/a	n/a	D255
473.2800000000	n/a	n/a	STATUS	n/a	n/a	D183
473.3280000000	n/a	n/a	STATUS	n/a	n/a	D255
473.3640000000	n/a	n/a	STATUS	n/a	n/a	DI51
473.4160000000	n/a	n/a	STATUS	n/a	n/a	D255
473.7040000000	n/a	n/a	STATUS	n/a	n/a	DI21
473.7520000000	n/a	n/a	STATUS	n/a	n/a	D255
473.7560000000	n/a	n/a	STATUS	n/a	n/a	DIN4
473.8080000000	n/a	n/a	STATUS	n/a	n/a	D255
474.5640000000	n/a	n/a	STATUS	n/a	n/a	DIN5
474.6120000000	n/a	n/a	STATUS	n/a	n/a	D255
474.9760000000	n/a	n/a	STATUS	n/a	n/a	DI95
475.0280000000	n/a	n/a	STATUS	n/a	n/a	D255
475.0640000000	n/a	n/a	STATUS	n/a	n/a	DI52
475.1160000000	n/a	n/a	STATUS	n/a	n/a	D255
475.2080000000	n/a	n/a	STATUS	n/a	n/a	DI42
475.2600000000	n/a	n/a	STATUS	n/a	n/a	D255
475.5160000000	n/a	n/a	STATUS	n/a	n/a	DIN5
475.5680000000	n/a	n/a	STATUS	n/a	n/a	D255
476.0680000000	n/a	n/a	STATUS	n/a	n/a	D103
476.1160000000	n/a	n/a	STATUS	n/a	n/a	D255
476.1560000000	n/a	n/a	STATUS	n/a	n/a	DI52
476.2080000000	n/a	n/a	STATUS	n/a	n/a	D255
476.3840000000	n/a	n/a	STATUS	n/a	n/a	DI12
476.4360000000	n/a	n/a	STATUS	n/a	n/a	D255
476.4400000000	n/a	n/a	STATUS	n/a	n/a	DIN4
476.4880000000	n/a	n/a	STATUS	n/a	n/a	D255
477.2440000000	n/a	n/a	STATUS	n/a	n/a	DIN5
477.2960000000	n/a	n/a	STATUS	n/a	n/a	D255
477.7880000000	n/a	n/a	STATUS	n/a	n/a	DI71
477.8400000000	n/a	n/a	STATUS	n/a	n/a	D255
477.8760000000	n/a	n/a	STATUS	n/a	n/a	DI52
477.9280000000	n/a	n/a	STATUS	n/a	n/a	D255
478.1360000000	n/a	n/a	STATUS	n/a	n/a	DI42
478.1840000000	n/a	n/a	STATUS	n/a	n/a	D255
478.4440000000	n/a	n/a	STATUS	n/a	n/a	DIN5
478.4960000000	n/a	n/a	STATUS	n/a	n/a	D255
478.9360000000	n/a	n/a	STATUS	n/a	n/a	D129
478.9840000000	n/a	n/a	STATUS	n/a	n/a	D255
479.0240000000	n/a	n/a	STATUS	n/a	n/a	DI54
479.0720000000	n/a	n/a	STATUS	n/a	n/a	D255
479.5560000000	n/a	n/a	STATUS	n/a	n/a	DI34
479.6080000000	n/a	n/a	STATUS	n/a	n/a	D255
479.8640000000	n/a	n/a	STATUS	n/a	n/a	DIN5
479.9160000000	n/a	n/a	STATUS	n/a	n/a	D255
480.2280000000	n/a	n/a	STATUS	n/a	n/a	D193
480.2800000000	n/a	n/a	STATUS	n/a	n/a	D255
480.3200000000	n/a	n/a	STATUS	n/a	n/a	DI53
480.3680000000	n/a	n/a	STATUS	n/a	n/a	D255
480.5320000000	n/a	n/a	STATUS	n/a	n/a	DI43
480.5840000000	n/a	n/a	STATUS	n/a	n/a	D255
480.8400000000	n/a	n/a	STATUS	n/a	n/a	DIN5
480.8920000000	n/a	n/a	STATUS	n/a	n/a	D255
481.3880000000	n/a	n/a	STATUS	n/a	n/a	D245
481.4360000000	n/a	n/a	STATUS	n/a	n/a	D255
481.4760000000	n/a	n/a	STATUS	n/a	n/a	DI53
481.5240000000	n/a	n/a	STATUS	n/a	n/a	D255
481.8120000000	n/a	n/a	STATUS	n/a	n/a	DI43
481.8600000000	n/a	n/a	STATUS	n/a	n/a	D255
482.1200000000	n/a	n/a	STATUS	n/a	n/a	DIN5
482.1720000000	n/a	n/a	STATUS	n/a	n/a	D255
482.5640000000	n/a	n/a	STATUS	n/a	n/a	DI83
482.6160000000	n/a	n/a	STATUS	n/a	n/a	D255
482.6520000000	n/a	n/a	STATUS	n/a	n/a	DI51
482.7040000000	n/a	n/a	STATUS	n/a	n/a	D255
483.0120000000	n/a	n/a	STATUS	n/a	n/a	DI31
483.0600000000	n/a	n/a	STATUS	n/a	n/a	D255
483.3200000000	n/a	n/a	STATUS	n/a	n/a	DIN5
483.3720000000	n/a	n/a	STATUS	n/a	n/a	D255
483.7880000000	n/a	n/a	STATUS	n/a	n/a	D178
483.8360000000	n/a	n/a	STATUS	n/a	n/a	D255
483.8760000000	n/a	n/a	STATUS	n/a	n/a	DI51
483.9240000000	n/a	n/a	STATUS	n/a	n/a	D255
484.0880000000	n/a	n/a	STATUS	n/a	n/a	DI21
484.1360000000	n/a	n/a	STATUS	n/a	n/a	D255
484.1400000000	n/a	n/a	STATUS	n/a	n/a	DIN4
484.1920000000	n/a	n/a	STATUS	n/a	n/a	D255
484.9480000000	n/a	n/a	STATUS	n/a	n/a	DIN5
484.9960000000	n/a	n/a	STATUS	n/a	n/a	D255
485.3080000000	n/a	n/a	STATUS	n/a	n/a	D234
485.3560000000	n/a	n/a	STATUS	n/a	n/a	D255
485.3960000000	n/a	n/a	STATUS	n/a	n/a	DI52
485.4440000000	n/a	n/a	STATUS	n/a	n/a	D255
485.6640000000	n/a	n/a	STATUS	n/a	n/a	DI12
485.7120000000	n/a	n/a	STATUS	n/a	n/a	D255
485.7160000000	n/a	n/a	STATUS	n/a	n/a	DIN4
485.7680000000	n/a	n/a	STATUS	n/a	n/a	D255
486.5240000000	n/a	n/a	STATUS	n/a	n/a	DIN5
486.5720000000	n/a	n/a	STATUS	n/a	n/a	D255
486.9640000000	n/a	n/a	STATUS	n/a	n/a	D205
487.0120000000	n/a	n/a	STATUS	n/a	n/a	D255
487.0480000000	n/a	n/a	STATUS	n/a	n/a	DI52
487.1000000000	n/a	n/a	STATUS	n/a	n/a	D255
487.4280000000	n/a	n/a	STATUS	n/a	n/a	DI42
487.4760000000	n/a	n/a	STATUS	n/a	n/a	D255
487.7360000000	n/a	n/a	STATUS	n/a	n/a	DIN5
487.7880000000	n/a	n/a	STATUS	n/a	n/a	D255
488.2560000000	n/a	n/a	STATUS	n/a	n/a	D150
488.3080000000	n/a	n/a	STATUS	n/a	n/a	D255
488.3440000000	n/a	n/a	STATUS	n/a	n/a	DI54
488.3920000000	n/a	n/a	STATUS	n/a	n/a	D255
488.6800000000	n/a	n/a	STATUS	n/a	n/a	DI34
488.7320000000	n/a	n/a	STATUS	n/a	n/a	D255
488.9920000000	n/a	n/a	STATUS	n/a	n/a	DIN5
489.0400000000	n/a	n/a	STATUS	n/a	n/a	D255
489.4000000000	n/a	n/a	STATUS	n/a	n/a	DI81
489.4520000000	n/a	n/a	STATUS	n/a	n/a	D255
489.4880000000	n/a	n/a	STATUS	n/a	n/a	DI54
489.5400000000	n/a	n/a	STATUS	n/a	n/a	D255
489.8560000000	n/a	n/a	STATUS	n/a	n/a	DI34
489.9040000000	n/a	n/a	STATUS	n/a	n/a	D255
490.1640000000	n/a	n/a	STATUS	n/a	n/a	DIN5
490.2160000000	n/a	n/a	STATUS	n/a	n/a	D255
490.5880000000	n/a	n/a	STATUS	n/a	n/a	D123
490.6400000000	n/a	n/a	STATUS	n/a	n/a	D255
490.6760000000	n/a	n/a	STATUS	n/a	n/a	DI53
490.7280000000	n/a	n/a	STATUS	n/a	n/a	D255
491.0280000000	n/a	n/a	STATUS	n/a	n/a	DI43
491.0800000000	n/a	n/a	STATUS	n/a	n/a	D255
491.3400000000	n/a	n/a	STATUS	n/a	n/a	DIN5
491.3880000000	n/a	n/a	STATUS	n/a	n/a	D255
491.8880000000	n/a	n/a	STATUS	n/a	n/a	DI97
491.9400000000	n/a	n/a	STATUS	n/a	n/a	D255
491.9760000000	n/a	n/a	STATUS	n/a	n/a	DI53
492.0280000000	n/a	n/a	STATUS	n/a	n/a	D255
492.2480000000	n/a	n/a	STATUS	n/a	n/a	DI43
492.3000000000	n/a	n/a	STATUS	n/a	n/a	D255
492.5600000000	n/a	n/a	STATUS	n/a	n/a	DIN5
492.6080000000	n/a	n/a	STATUS	n/a	n/a	D255
492.9800000000	n/a	n/a	STATUS	n/a	n/a	D124
493.0280000000	n/a	n/a	STATUS	n/a	n/a	D255
493.0640000000	n/a	n/a	STATUS	n/a	n/a	DI51
493.1160000000	n/a	n/a	STATUS	n/a	n/a	D255
493.4640000000	n/a	n/a	STATUS	n/a	n/a	DI31
493.5160000000	n/a	n/a	STATUS	n/a	n/a	D255
493.7760000000	n/a	n/a	STATUS	n/a	n/a	DIN5
493.8240000000	n/a	n/a	STATUS	n/a	n/a	D255
494.2960000000	n/a	n/a	STATUS	n/a	n/a	DI84
494.3440000000	n/a	n/a	STATUS	n/a	n/a	D255
494.3840000000	n/a	n/a	STATUS	n/a	n/a	DI51
494.4320000000	n/a	n/a	STATUS	n/a	n/a	D255
494.6160000000	n/a	n/a	STATUS	n/a	n/a	DI21
494.6680000000	n/a	n/a	STATUS	n/a	n/a	D255
494.6720000000	n/a	n/a	STATUS	n/a	n/a	DIN4
494.7240000000	n/a	n/a	STATUS	n/a	n/a	D255
510.0200000000	n/a	n/a	STATUS	n/a	n/a	DIN5
510.0720000000	n/a	n/a	STATUS	n/a	n/a	D255
510.4160000000	n/a	n/a	STATUS	n/a	n/a	D195
510.4680000000	n/a	n/a	STATUS	n/a	n/a	D255
510.5040000000	n/a	n/a	STATUS	n/a	n/a	DI54
510.5560000000	n/a	n/a	STATUS	n/a	n/a	D255
510.8120000000	n/a	n/a	STATUS	n/a	n/a	DI34
510.8640000000	n/a	n/a	STATUS	n/a	n/a	D255
511.1200000000	n/a	n/a	STATUS	n/a	n/a	DIN5
511.1720000000	n/a	n/a	STATUS	n/a	n/a	D255
511.4800000000	n/a	n/a	STATUS	n/a	n/a	D123
511.5320000000	n/a	n/a	STATUS	n/a	n/a	D255
511.5680000000	n/a	n/a	STATUS	n/a	n/a	DI51
511.6200000000	n/a	n/a	STATUS	n/a	n/a	D255
511.8000000000	n/a	n/a	STATUS	n/a	n/a	DI21
511.8480000000	n/a	n/a	STATUS	n/a	n/a	D255
511.8520000000	n/a	n/a	STATUS	n/a	n/a	DIN4
511.9040000000	n/a	n/a	STATUS	n/a	n/a	D255
512.6600000000	n/a	n/a	STATUS	n/a	n/a	DIN5
512.7080000000	n/a	n/a	STATUS	n/a	n/a	D255
513.0120000000	n/a	n/a	STATUS	n/a	n/a	D202
513.0640000000	n/a	n/a	STATUS	n/a	n/a	D255
513.1000000000	n/a	n/a	STATUS	n/a	n/a	DI52
513.1520000000	n/a	n/a	STATUS	n/a	n/a	D255
513.5480000000	n/a	n/a	STATUS	n/a	n/a	DI42
513.6000000000	n/a	n/a	STATUS	n/a	n/a	D255
513.8600000000	n/a	n/a	STATUS	n/a	n/a	DIN5
513.9080000000	n/a	n/a	STATUS	n/a	n/a	D255
514.3280000000	n/a	n/a	STATUS	n/a	n/a	DI73
514.3800000000	n/a	n/a	STATUS	n/a	n/a	D255
514.4160000000	n/a	n/a	STATUS	n/a	n/a	DI53
514.4680000000	n/a	n/a	STATUS	n/a	n/a	D255
514.7920000000	n/a	n/a	STATUS	n/a	n/a	DI43
514.8440000000	n/a	n/a	STATUS	n/a	n/a	D255
515.1000000000	n/a	n/a	STATUS	n/a	n/a	DIN5
515.1520000000	n/a	n/a	STATUS	n/a	n/a	D255
515.4800000000	n/a	n/a	STATUS	n/a	n/a	DI99
515.5320000000	n/a	n/a	STATUS	n/a	n/a	D255
515.5680000000	n/a	n/a	STATUS	n/a	n/a	DI51
515.6200000000	n/a	n/a	STATUS	n/a	n/a	D255
516.0400000000	n/a	n/a	STATUS	n/a	n/a	DI31
516.0920000000	n/a	n/a	STATUS	n/a	n/a	D255
516.3480000000	n/a	n/a	STATUS	n/a	n/a	DIN5
516.4000000000	n/a	n/a	STATUS	n/a	n/a	D255
516.8280000000	n/a	n/a	STATUS	n/a	n/a	DI89
516.8800000000	n/a	n/a	STATUS	n/a	n/a	D255
516.9160000000	n/a	n/a	STATUS	n/a	n/a	DI54
516.9680000000	n/a	n/a	STATUS	n/a	n/a	D255
517.2120000000	n/a	n/a	STATUS	n/a	n/a	DI34
517.2600000000	n/a	n/a	STATUS	n/a	n/a	D255
517.5200000000	n/a	n/a	STATUS	n/a	n/a	DIN5
517.5720000000	n/a	n/a	STATUS	n/a	n/a	D255
517.9560000000	n/a	n/a	STATUS	n/a	n/a	D247
518.0040000000	n/a	n/a	STATUS	n/a	n/a	D255
518.0440000000	n/a	n/a	STATUS	n/a	n/a	DI52
518.0920000000	n/a	n/a	STATUS	n/a	n/a	D255
518.4080000000	n/a	n/a	STATUS	n/a	n/a	DI42
518.4600000000	n/a	n/a	STATUS	n/a	n/a	D255
518.7160000000	n/a	n/a	STATUS	n/a	n/a	DIN5
518.7680000000	n/a	n/a	STATUS	n/a	n/a	D255
519.1840000000	n/a	n/a	STATUS	n/a	n/a	D165
519.2320000000	n/a	n/a	STATUS	n/a	n/a	D255
519.2720000000	n/a	n/a	STATUS	n/a	n/a	DI54
519.3200000000	n/a	n/a	STATUS	n/a	n/a	D255
519.5760000000	n/a	n/a	STATUS	n/a	n/a	DI34
519.6240000000	n/a	n/a	STATUS	n/a	n/a	D255
519.8840000000	n/a	n/a	STATUS	n/a	n/a	DIN5
519.9360000000	n/a	n/a	STATUS	n/a	n/a	D255
520.3360000000	n/a	n/a	STATUS	n/a	n/a	D219
520.3840000000	n/a	n/a	STATUS	n/a	n/a	D255
520.4240000000	n/a	n/a	STATUS	n/a	n/a	DI54
520.4720000000	n/a	n/a	STATUS	n/a	n/a	D255
520.7560000000	n/a	n/a	STATUS	n/a	n/a	DI34
520.8040000000	n/a	n/a	STATUS	n/a	n/a	D255
521.0640000000	n/a	n/a	STATUS	n/a	n/a	DIN5
521.1160000000	n/a	n/a	STATUS	n/a	n/a	D255
521.4600000000	n/a	n/a	STATUS	n/a	n/a	D150
521.5080000000	n/a	n/a	STATUS	n/a	n/a	D255
521.5480000000	n/a	n/a	STATUS	n/a	n/a	DI54
521.5960000000	n/a	n/a	STATUS	n/a	n/a	D255
521.8480000000	n/a	n/a	STATUS	n/a	n/a	DI34
521.8960000000	n/a	n/a	STATUS	n/a	n/a	D255
522.1560000000	n/a	n/a	STATUS	n/a	n/a	DIN5
522.2080000000	n/a	n/a	STATUS	n/a	n/a	D255
522.6520000000	n/a	n/a	STATUS	n/a	n/a	D196
522.7000000000	n/a	n/a	STATUS	n/a	n/a	D255
522.7400000000	n/a	n/a	STATUS	n/a	n/a	DI51
522.7880000000	n/a	n/a	STATUS	n/a	n/a	D255
522.9760000000	n/a	n/a	STATUS	n/a	n/a	DI21
523.0240000000	n/a	n/a	STATUS	n/a	n/a	D255
523.0280000000	n/a	n/a	STATUS	n/a	n/a	DIN4
523.0800000000	n/a	n/a	STATUS	n/a	n/a	D255
523.8320000000	n/a	n/a	STATUS	n/a	n/a	DIN5
523.8840000000	n/a	n/a	STATUS	n/a	n/a	D255
524.1880000000	n/a	n/a	STATUS	n/a	n/a	D220
524.2400000000	n/a	n/a	STATUS	n/a	n/a	D255
524.2760000000	n/a	n/a	STATUS	n/a	n/a	DI53
524.3280000000	n/a	n/a	STATUS	n/a	n/a	D255
524.6120000000	n/a	n/a	STATUS	n/a	n/a	DI43
524.6640000000	n/a	n/a	STATUS	n/a	n/a	D255
524.9200000000	n/a	n/a	STATUS	n/a	n/a	DIN5
524.9720000000	n/a	n/a	STATUS	n/a	n/a	D255
525.3960000000	n/a	n/a	STATUS	n/a	n/a	D101
525.4480000000	n/a	n/a	STATUS	n/a	n/a	D255
525.4840000000	n/a	n/a	STATUS	n/a	n/a	DI53
525.5320000000	n/a	n/a	STATUS	n/a	n/a	D255
525.7640000000	n/a	n/a	STATUS	n/a	n/a	DI43
525.8160000000	n/a	n/a	STATUS	n/a	n/a	D255
526.0760000000	n/a	n/a	STATUS	n/a	n/a	DIN5
526.1240000000	n/a	n/a	STATUS	n/a	n/a	D255
526.5200000000	n/a	n/a	STATUS	n/a	n/a	D234
526.5720000000	n/a	n/a	STATUS	n/a	n/a	D255
526.6080000000	n/a	n/a	STATUS	n/a	n/a	DI52
526.6600000000	n/a	n/a	STATUS	n/a	n/a	D255
526.9440000000	n/a	n/a	STATUS	n/a	n/a	DI12
526.9920000000	n/a	n/a	STATUS	n/a	n/a	D255
526.9960000000	n/a	n/a	STATUS	n/a	n/a	DIN4
527.0480000000	n/a	n/a	STATUS	n/a	n/a	D255
527.8040000000	n/a	n/a	STATUS	n/a	n/a	DIN5
527.8520000000	n/a	n/a	STATUS	n/a	n/a	D255
528.2840000000	n/a	n/a	STATUS	n/a	n/a	D136
528.3320000000	n/a	n/a	STATUS	n/a	n/a	D255
528.3720000000	n/a	n/a	STATUS	n/a	n/a	DI53
528.4200000000	n/a	n/a	STATUS	n/a	n/a	D255
528.6600000000	n/a	n/a	STATUS	n/a	n/a	DI43
528.7120000000	n/a	n/a	STATUS	n/a	n/a	D255
528.9720000000	n/a	n/a	STATUS	n/a	n/a	DIN5
529.0200000000	n/a	n/a	STATUS	n/a	n/a	D255
529.3880000000	n/a	n/a	STATUS	n/a	n/a	DI85
529.4400000000	n/a	n/a	STATUS	n/a	n/a	D255
529.4760000000	n/a	n/a	STATUS	n/a	n/a	DI51
529.5280000000	n/a	n/a	STATUS	n/a	n/a	D255
529.8880000000	n/a	n/a	STATUS	n/a	n/a	DI31
529.9400000000	n/a	n/a	STATUS	n/a	n/a	D255
530.2000000000	n/a	n/a	STATUS	n/a	n/a	DIN5
530.2480000000	n/a	n/a	STATUS	n/a	n/a	D255
530.7440000000	n/a	n/a	STATUS	n/a	n/a	D145
530.7920000000	n/a	n/a	STATUS	n/a	n/a	D255
530.8280000000	n/a	n/a	STATUS	n/a	n/a	DI52
530.8800000000	n/a	n/a	STATUS	n/a	n/a	D255
531.4000000000	n/a	n/a	STATUS	n/a	n/a	DI12
531.4520000000	n/a	n/a	STATUS	n/a	n/a	DI77
531.4520000000	n/a	n/a	STATUS	n/a	n/a	D255
531.4560000000	n/a	n/a	STATUS	n/a	n/a	DIN4
531.5040000000	n/a	n/a	STATUS	n/a	n/a	D255
532.2600000000	n/a	n/a	STATUS	n/a	n/a	DIN5
532.3120000000	n/a	n/a	STATUS	n/a	n/a	D255
532.6880000000	n/a	n/a	STATUS	n/a	n/a	D249
532.7400000000	n/a	n/a	STATUS	n/a	n/a	D255
532.7760000000	n/a	n/a	STATUS	n/a	n/a	DI53
532.8280000000	n/a	n/a	STATUS	n/a	n/a	D255
532.9840000000	n/a	n/a	STATUS	n/a	n/a	DI43
533.0360000000	n/a	n/a	STATUS	n/a	n/a	D255
533.2960000000	n/a	n/a	STATUS	n/a	n/a	DIN5
533.3440000000	n/a	n/a	STATUS	n/a	n/a	D255
533.6600000000	n/a	n/a	STATUS	n/a	n/a	D171
533.7080000000	n/a	n/a	STATUS	n/a	n/a	D255
533.7480000000	n/a	n/a	STATUS	n/a	n/a	DI52
533.8000000000	n/a	n/a	STATUS	n/a	n/a	D255
534.0680000000	n/a	n/a	STATUS	n/a	n/a	DI42
534.1200000000	n/a	n/a	STATUS	n/a	n/a	D255
534.3800000000	n/a	n/a	STATUS	n/a	n/a	DIN5
534.4280000000	n/a	n/a	STATUS	n/a	n/a	D255
534.7600000000	n/a	n/a	STATUS	n/a	n/a	D138
534.8080000000	n/a	n/a	STATUS	n/a	n/a	D255
534.8480000000	n/a	n/a	STATUS	n/a	n/a	DI53
534.8960000000	n/a	n/a	STATUS	n/a	n/a	D255
535.1840000000	n/a	n/a	STATUS	n/a	n/a	DI43
535.2360000000	n/a	n/a	STATUS	n/a	n/a	D255
535.4960000000	n/a	n/a	STATUS	n/a	n/a	DIN5
535.5440000000	n/a	n/a	STATUS	n/a	n/a	D255
535.9240000000	n/a	n/a	STATUS	n/a	n/a	D140
535.9760000000	n/a	n/a	STATUS	n/a	n/a	D255
536.0120000000	n/a	n/a	STATUS	n/a	n/a	DI54
536.0600000000	n/a	n/a	STATUS	n/a	n/a	D255
536.3040000000	n/a	n/a	STATUS	n/a	n/a	DI34
536.3560000000	n/a	n/a	STATUS	n/a	n/a	D255
536.6160000000	n/a	n/a	STATUS	n/a	n/a	DIN5
536.6640000000	n/a	n/a	STATUS	n/a	n/a	D255
537.1600000000	n/a	n/a	STATUS	n/a	n/a	D131
537.2080000000	n/a	n/a	STATUS	n/a	n/a	D255
537.2480000000	n/a	n/a	STATUS	n/a	n/a	DI54
537.3000000000	n/a	n/a	STATUS	n/a	n/a	D255
537.5440000000	n/a	n/a	STATUS	n/a	n/a	DI34
537.5920000000	n/a	n/a	STATUS	n/a	n/a	D255
537.8520000000	n/a	n/a	STATUS	n/a	n/a	DIN5
537.9040000000	n/a	n/a	STATUS	n/a	n/a	D255
538.2680000000	n/a	n/a	STATUS	n/a	n/a	D117
538.3200000000	n/a	n/a	STATUS	n/a	n/a	D255
538.3560000000	n/a	n/a	STATUS	n/a	n/a	DI54
538.4080000000	n/a	n/a	STATUS	n/a	n/a	D255
538.6280000000	n/a	n/a	STATUS	n/a	n/a	DI34
538.6800000000	n/a	n/a	STATUS	n/a	n/a	D255
538.9360000000	n/a	n/a	STATUS	n/a	n/a	DIN5
538.9880000000	n/a	n/a	STATUS	n/a	n/a	D255
539.4480000000	n/a	n/a	STATUS	n/a	n/a	D189
539.5000000000	n/a	n/a	STATUS	n/a	n/a	D255
539.5360000000	n/a	n/a	STATUS	n/a	n/a	DI52
539.5880000000	n/a	n/a	STATUS	n/a	n/a	D255
539.9400000000	n/a	n/a	STATUS	n/a	n/a	DI42
539.9920000000	n/a	n/a	STATUS	n/a	n/a	D255
540.2520000000	n/a	n/a	STATUS	n/a	n/a	DIN5
540.3000000000	n/a	n/a	STATUS	n/a	n/a	D255
540.6360000000	n/a	n/a	STATUS	n/a	n/a	D250
540.6880000000	n/a	n/a	STATUS	n/a	n/a	D255
540.7240000000	n/a	n/a	STATUS	n/a	n/a	DI54
540.7720000000	n/a	n/a	STATUS	n/a	n/a	D255
541.0400000000	n/a	n/a	STATUS	n/a	n/a	DI34
541.0920000000	n/a	n/a	STATUS	n/a	n/a	D255
541.3520000000	n/a	n/a	STATUS	n/a	n/a	DIN5
541.4000000000	n/a	n/a	STATUS	n/a	n/a	D255
541.8360000000	n/a	n/a	STATUS	n/a	n/a	DI97
541.8880000000	n/a	n/a	STATUS	n/a	n/a	D255
541.9240000000	n/a	n/a	STATUS	n/a	n/a	DI51
541.9760000000	n/a	n/a	STATUS	n/a	n/a	D255
542.1240000000	n/a	n/a	STATUS	n/a	n/a	DI21
542.1760000000	n/a	n/a	STATUS	n/a	n/a	D255
542.1800000000	n/a	n/a	STATUS	n/a	n/a	DIN4
542.2280000000	n/a	n/a	STATUS	n/a	n/a	D255
542.9840000000	n/a	n/a	STATUS	n/a	n/a	DIN5
543.0360000000	n/a	n/a	STATUS	n/a	n/a	D255
543.5280000000	n/a	n/a	STATUS	n/a	n/a	DI76
543.5800000000	n/a	n/a	STATUS	n/a	n/a	D255
543.6160000000	n/a	n/a	STATUS	n/a	n/a	DI51
543.6680000000	n/a	n/a	STATUS	n/a	n/a	D255
543.8600000000	n/a	n/a	STATUS	n/a	n/a	DI21
543.9080000000	n/a	n/a	STATUS	n/a	n/a	D255
543.9120000000	n/a	n/a	STATUS	n/a	n/a	DIN4
543.9640000000	n/a	n/a	STATUS	n/a	n/a	D255
544.7200000000	n/a	n/a	STATUS	n/a	n/a	DIN5
544.7680000000	n/a	n/a	STATUS	n/a	n/a	D255
545.2520000000	n/a	n/a	STATUS	n/a	n/a	DI71
545.3040000000	n/a	n/a	STATUS	n/a	n/a	D255
545.3400000000	n/a	n/a	STATUS	n/a	n/a	DI53
545.3920000000	n/a	n/a	STATUS	n/a	n/a	D255
545.6680000000	n/a	n/a	STATUS	n/a	n/a	DI13
545.7160000000	n/a	n/a	STATUS	n/a	n/a	D255
545.7240000000	n/a	n/a	STATUS	n/a	n/a	DIN4
545.7720000000	n/a	n/a	STATUS	n/a	n/a	D255
546.5280000000	n/a	n/a	STATUS	n/a	n/a	DIN5
546.5760000000	n/a	n/a	STATUS	n/a	n/a	D255
546.8880000000	n/a	n/a	STATUS	n/a	n/a	DI93
546.9360000000	n/a	n/a	STATUS	n/a	n/a	D255
546.9720000000	n/a	n/a	STATUS	n/a	n/a	DI51
547.0240000000	n/a	n/a	STATUS	n/a	n/a	D255
547.5760000000	n/a	n/a	STATUS	n/a	n/a	DI31
547.6280000000	n/a	n/a	STATUS	n/a	n/a	D255
547.8880000000	n/a	n/a	STATUS	n/a	n/a	DIN5
547.9360000000	n/a	n/a	STATUS	n/a	n/a	D255
548.4280000000	n/a	n/a	STATUS	n/a	n/a	D201
548.4760000000	n/a	n/a	STATUS	n/a	n/a	D255
548.5160000000	n/a	n/a	STATUS	n/a	n/a	DI53
548.5640000000	n/a	n/a	STATUS	n/a	n/a	D255
548.7000000000	n/a	n/a	STATUS	n/a	n/a	DI43
548.7520000000	n/a	n/a	STATUS	n/a	n/a	D255
549.0120000000	n/a	n/a	STATUS	n/a	n/a	DIN5
549.0600000000	n/a	n/a	STATUS	n/a	n/a	D255
549.5400000000	n/a	n/a	STATUS	n/a	n/a	DI77
549.5920000000	n/a	n/a	STATUS	n/a	n/a	D255
549.6280000000	n/a	n/a	STATUS	n/a	n/a	DI52
549.6760000000	n/a	n/a	STATUS	n/a	n/a	D255
549.9840000000	n/a	n/a	STATUS	n/a	n/a	DI42
550.0360000000	n/a	n/a	STATUS	n/a	n/a	D255
550.2920000000	n/a	n/a	STATUS	n/a	n/a	DIN5
550.3440000000	n/a	n/a	STATUS	n/a	n/a	D255
550.6720000000	n/a	n/a	STATUS	n/a	n/a	D157
550.7240000000	n/a	n/a	STATUS	n/a	n/a	D255
550.7600000000	n/a	n/a	STATUS	n/a	n/a	DI53
550.8120000000	n/a	n/a	STATUS	n/a	n/a	D255
551.0360000000	n/a	n/a	STATUS	n/a	n/a	DI43
551.0840000000	n/a	n/a	STATUS	n/a	n/a	D255
551.3440000000	n/a	n/a	STATUS	n/a	n/a	DIN5
551.3960000000	n/a	n/a	STATUS	n/a	n/a	D255
551.8640000000	n/a	n/a	STATUS	n/a	n/a	D237
551.9160000000	n/a	n/a	STATUS	n/a	n/a	D255
551.9520000000	n/a	n/a	STATUS	n/a	n/a	DI52
552.0040000000	n/a	n/a	STATUS	n/a	n/a	D255
552.2800000000	n/a	n/a	STATUS	n/a	n/a	DI42
552.3280000000	n/a	n/a	STATUS	n/a	n/a	D255
552.5880000000	n/a	n/a	STATUS	n/a	n/a	DIN5
552.6400000000	n/a	n/a	STATUS	n/a	n/a	D255
553.1440000000	n/a	n/a	STATUS	n/a	n/a	D100
553.1920000000	n/a	n/a	STATUS	n/a	n/a	D255
553.2320000000	n/a	n/a	STATUS	n/a	n/a	DI52
553.2800000000	n/a	n/a	STATUS	n/a	n/a	D255
553.5000000000	n/a	n/a	STATUS	n/a	n/a	DI12
553.5480000000	n/a	n/a	STATUS	n/a	n/a	D255
553.5520000000	n/a	n/a	STATUS	n/a	n/a	DIN4
553.6040000000	n/a	n/a	STATUS	n/a	n/a	D255
554.3600000000	n/a	n/a	STATUS	n/a	n/a	DIN5
554.4080000000	n/a	n/a	STATUS	n/a	n/a	D255
554.8800000000	n/a	n/a	STATUS	n/a	n/a	D163
554.9280000000	n/a	n/a	STATUS	n/a	n/a	D255
554.9640000000	n/a	n/a	STATUS	n/a	n/a	DI51
555.0160000000	n/a	n/a	STATUS	n/a	n/a	D255
555.0880000000	n/a	n/a	STATUS	n/a	n/a	DI21
555.1360000000	n/a	n/a	STATUS	n/a	n/a	D255
555.1400000000	n/a	n/a	STATUS	n/a	n/a	DIN4
555.1920000000	n/a	n/a	STATUS	n/a	n/a	D255
555.9480000000	n/a	n/a	STATUS	n/a	n/a	DIN5
555.9960000000	n/a	n/a	STATUS	n/a	n/a	D255
556.3800000000	n/a	n/a	STATUS	n/a	n/a	DI84
556.4320000000	n/a	n/a	STATUS	n/a	n/a	D255
556.4680000000	n/a	n/a	STATUS	n/a	n/a	DI51
556.5200000000	n/a	n/a	STATUS	n/a	n/a	D255
557.0240000000	n/a	n/a	STATUS	n/a	n/a	DI31
557.0720000000	n/a	n/a	STATUS	n/a	n/a	DI95
557.0760000000	n/a	n/a	STATUS	n/a	n/a	D255
557.3320000000	n/a	n/a	STATUS	n/a	n/a	DIN5
557.3840000000	n/a	n/a	STATUS	n/a	n/a	D255
557.8160000000	n/a	n/a	STATUS	n/a	n/a	D188
557.8680000000	n/a	n/a	STATUS	n/a	n/a	D255
557.9080000000	n/a	n/a	STATUS	n/a	n/a	DI52
557.9560000000	n/a	n/a	STATUS	n/a	n/a	D255
558.1600000000	n/a	n/a	STATUS	n/a	n/a	DI12
558.2120000000	n/a	n/a	STATUS	n/a	n/a	D255
558.2160000000	n/a	n/a	STATUS	n/a	n/a	DIN4
558.2640000000	n/a	n/a	STATUS	n/a	n/a	D255
559.0200000000	n/a	n/a	STATUS	n/a	n/a	DIN5
559.0720000000	n/a	n/a	STATUS	n/a	n/a	D255
559.4600000000	n/a	n/a	STATUS	n/a	n/a	DI86
559.5080000000	n/a	n/a	STATUS	n/a	n/a	D255
559.5480000000	n/a	n/a	STATUS	n/a	n/a	DI51
559.5960000000	n/a	n/a	STATUS	n/a	n/a	D255
559.9800000000	n/a	n/a	STATUS	n/a	n/a	DI31
560.0320000000	n/a	n/a	STATUS	n/a	n/a	D255
560.2920000000	n/a	n/a	STATUS	n/a	n/a	DIN5
560.3400000000	n/a	n/a	STATUS	n/a	n/a	D255
560.8400000000	n/a	n/a	STATUS	n/a	n/a	D174
560.8920000000	n/a	n/a	STATUS	n/a	n/a	D255
560.9280000000	n/a	n/a	STATUS	n/a	n/a	DI52
560.9800000000	n/a	n/a	STATUS	n/a	n/a	D255
561.2800000000	n/a	n/a	STATUS	n/a	n/a	DI12
561.3280000000	n/a	n/a	STATUS	n/a	n/a	D255
561.3320000000	n/a	n/a	STATUS	n/a	n/a	DIN4
561.3840000000	n/a	n/a	STATUS	n/a	n/a	D255
562.1400000000	n/a	n/a	STATUS	n/a	n/a	DIN5
562.1880000000	n/a	n/a	STATUS	n/a	n/a	D255
562.5280000000	n/a	n/a	STATUS	n/a	n/a	D216
562.5800000000	n/a	n/a	STATUS	n/a	n/a	D255
562.6160000000	n/a	n/a	STATUS	n/a	n/a	DI54
562.6640000000	n/a	n/a	STATUS	n/a	n/a	D255
563.0880000000	n/a	n/a	STATUS	n/a	n/a	DI24
563.1400000000	n/a	n/a	STATUS	n/a	n/a	D255
563.1440000000	n/a	n/a	STATUS	n/a	n/a	DIN4
563.1920000000	n/a	n/a	STATUS	n/a	n/a	D255
563.9480000000	n/a	n/a	STATUS	n/a	n/a	DIN5
564.0000000000	n/a	n/a	STATUS	n/a	n/a	D255
564.3720000000	n/a	n/a	STATUS	n/a	n/a	D154
564.4240000000	n/a	n/a	STATUS	n/a	n/a	D255
564.4600000000	n/a	n/a	STATUS	n/a	n/a	DI53
564.5080000000	n/a	n/a	STATUS	n/a	n/a	D255
564.7320000000	n/a	n/a	STATUS	n/a	n/a	DI43
564.7840000000	n/a	n/a	STATUS	n/a	n/a	D255
565.0400000000	n/a	n/a	STATUS	n/a	n/a	DIN5
565.0920000000	n/a	n/a	STATUS	n/a	n/a	D255
565.5280000000	n/a	n/a	STATUS	n/a	n/a	D167
565.5760000000	n/a	n/a	STATUS	n/a	n/a	D255
565.6160000000	n/a	n/a	STATUS	n/a	n/a	DI53
565.6640000000	n/a	n/a	STATUS	n/a	n/a	D255
565.8440000000	n/a	n/a	STATUS	n/a	n/a	DI43
565.8960000000	n/a	n/a	STATUS	n/a	n/a	D255
565.8960000000	n/a	n/a	STATUS	n/a	n/a	D239
566.1560000000	n/a	n/a	STATUS	n/a	n/a	DIN5
566.2040000000	n/a	n/a	STATUS	n/a	n/a	D255
566.5480000000	n/a	n/a	STATUS	n/a	n/a	D139
566.6000000000	n/a	n/a	STATUS	n/a	n/a	D255
566.6400000000	n/a	n/a	STATUS	n/a	n/a	DI52
566.6880000000	n/a	n/a	STATUS	n/a	n/a	D255
567.1520000000	n/a	n/a	STATUS	n/a	n/a	DI42
567.2040000000	n/a	n/a	STATUS	n/a	n/a	D255
567.4640000000	n/a	n/a	STATUS	n/a	n/a	DIN5
567.5120000000	n/a	n/a	STATUS	n/a	n/a	D255
567.8520000000	n/a	n/a	STATUS	n/a	n/a	D238
567.9040000000	n/a	n/a	STATUS	n/a	n/a	D255
567.9400000000	n/a	n/a	STATUS	n/a	n/a	DI51
567.9880000000	n/a	n/a	STATUS	n/a	n/a	D255
568.2280000000	n/a	n/a	STATUS	n/a	n/a	DI21
568.2800000000	n/a	n/a	STATUS	n/a	n/a	D255
568.2840000000	n/a	n/a	STATUS	n/a	n/a	DIN4
568.3360000000	n/a	n/a	STATUS	n/a	n/a	D255
569.0880000000	n/a	n/a	STATUS	n/a	n/a	DIN5
569.1400000000	n/a	n/a	STATUS	n/a	n/a	D255
569.5560000000	n/a	n/a	STATUS	n/a	n/a	DI75
569.6040000000	n/a	n/a	STATUS	n/a	n/a	D255
569.6440000000	n/a	n/a	STATUS	n/a	n/a	DI54
569.6920000000	n/a	n/a	STATUS	n/a	n/a	D255
569.7520000000	n/a	n/a	STATUS	n/a	n/a	DI24
569.8000000000	n/a	n/a	STATUS	n/a	n/a	D255
569.8040000000	n/a	n/a	STATUS	n/a	n/a	DIN4
569.8560000000	n/a	n/a	STATUS	n/a	n/a	D255
570.6120000000	n/a	n/a	STATUS	n/a	n/a	DIN5
570.6600000000	n/a	n/a	STATUS	n/a	n/a	D255
571.1520000000	n/a	n/a	STATUS	n/a	n/a	D164
571.2000000000	n/a	n/a	STATUS	n/a	n/a	D255
571.2400000000	n/a	n/a	STATUS	n/a	n/a	DI53
571.2880000000	n/a	n/a	STATUS	n/a	n/a	D255
571.4920000000	n/a	n/a	STATUS	n/a	n/a	DI13
571.5440000000	n/a	n/a	STATUS	n/a	n/a	D255
571.5480000000	n/a	n/a	STATUS	n/a	n/a	DIN4
571.5960000000	n/a	n/a	STATUS	n/a	n/a	D255
572.3520000000	n/a	n/a	STATUS	n/a	n/a	DIN5
572.4040000000	n/a	n/a	STATUS	n/a	n/a	D255
572.8040000000	n/a	n/a	STATUS	n/a	n/a	D137
572.8520000000	n/a	n/a	STATUS	n/a	n/a	D255
572.8920000000	n/a	n/a	STATUS	n/a	n/a	DI52
572.9400000000	n/a	n/a	STATUS	n/a	n/a	D255
573.2120000000	n/a	n/a	STATUS	n/a	n/a	DI42
573.2600000000	n/a	n/a	STATUS	n/a	n/a	D255
573.5200000000	n/a	n/a	STATUS	n/a	n/a	DIN5
573.5720000000	n/a	n/a	STATUS	n/a	n/a	D255
573.8960000000	n/a	n/a	STATUS	n/a	n/a	D213
573.9480000000	n/a	n/a	STATUS	n/a	n/a	D255
573.9840000000	n/a	n/a	STATUS	n/a	n/a	DI54
574.0320000000	n/a	n/a	STATUS	n/a	n/a	D255
574.2520000000	n/a	n/a	STATUS	n/a	n/a	DI34
574.3000000000	n/a	n/a	STATUS	n/a	n/a	D255
574.5600000000	n/a	n/a	STATUS	n/a	n/a	DIN5
574.6120000000	n/a	n/a	STATUS	n/a	n/a	D255
575.0480000000	n/a	n/a	STATUS	n/a	n/a	D245
575.1000000000	n/a	n/a	STATUS	n/a	n/a	D255
575.1400000000	n/a	n/a	STATUS	n/a	n/a	DI51
575.1880000000	n/a	n/a	STATUS	n/a	n/a	D255
575.3680000000	n/a	n/a	STATUS	n/a	n/a	DI21
575.4160000000	n/a	n/a	STATUS	n/a	n/a	D255
575.4200000000	n/a	n/a	STATUS	n/a	n/a	DIN4
575.4720000000	n/a	n/a	STATUS	n/a	n/a	D255
576.2240000000	n/a	n/a	STATUS	n/a	n/a	DIN5
576.2760000000	n/a	n/a	STATUS	n/a	n/a	D255
576.6760000000	n/a	n/a	STATUS	n/a	n/a	D158
576.7240000000	n/a	n/a	STATUS	n/a	n/a	D255
576.7640000000	n/a	n/a	STATUS	n/a	n/a	DI51
576.8120000000	n/a	n/a	STATUS	n/a	n/a	D255
577.1800000000	n/a	n/a	STATUS	n/a	n/a	DI31
577.2280000000	n/a	n/a	STATUS	n/a	n/a	D255
577.4880000000	n/a	n/a	STATUS	n/a	n/a	DIN5
577.5360000000	n/a	n/a	STATUS	n/a	n/a	D255
577.9120000000	n/a	n/a	STATUS	n/a	n/a	DI80
577.9640000000	n/a	n/a	STATUS	n/a	n/a	D255
578.0000000000	n/a	n/a	STATUS	n/a	n/a	DI54
578.0520000000	n/a	n/a	STATUS	n/a	n/a	D255
578.4000000000	n/a	n/a	STATUS	n/a	n/a	DI34
578.4480000000	n/a	n/a	STATUS	n/a	n/a	D255
578.7080000000	n/a	n/a	STATUS	n/a	n/a	DIN5
578.7600000000	n/a	n/a	STATUS	n/a	n/a	D255
579.2120000000	n/a	n/a	STATUS	n/a	n/a	D161
579.2640000000	n/a	n/a	STATUS	n/a	n/a	D255
579.3000000000	n/a	n/a	STATUS	n/a	n/a	DI53
579.3520000000	n/a	n/a	STATUS	n/a	n/a	D255
579.5360000000	n/a	n/a	STATUS	n/a	n/a	DI43
579.5840000000	n/a	n/a	STATUS	n/a	n/a	D255
579.8440000000	n/a	n/a	STATUS	n/a	n/a	DIN5
579.8960000000	n/a	n/a	STATUS	n/a	n/a	D255
580.3520000000	n/a	n/a	STATUS	n/a	n/a	D227
580.4040000000	n/a	n/a	STATUS	n/a	n/a	D255
580.4400000000	n/a	n/a	STATUS	n/a	n/a	DI51
580.4920000000	n/a	n/a	STATUS	n/a	n/a	D255
580.7720000000	n/a	n/a	STATUS	n/a	n/a	DI31
580.8200000000	n/a	n/a	STATUS	n/a	n/a	D255
581.0800000000	n/a	n/a	STATUS	n/a	n/a	DIN5
581.1320000000	n/a	n/a	STATUS	n/a	n/a	D255
581.5040000000	n/a	n/a	STATUS	n/a	n/a	D218
581.5560000000	n/a	n/a	STATUS	n/a	n/a	D255
581.5920000000	n/a	n/a	STATUS	n/a	n/a	DI53
581.6440000000	n/a	n/a	STATUS	n/a	n/a	D255
581.9120000000	n/a	n/a	STATUS	n/a	n/a	DI43
581.9640000000	n/a	n/a	STATUS	n/a	n/a	D255
582.2200000000	n/a	n/a	STATUS	n/a	n/a	DIN5
582.2720000000	n/a	n/a	STATUS	n/a	n/a	D255
582.7160000000	n/a	n/a	STATUS	n/a	n/a	D142
582.7680000000	n/a	n/a	STATUS	n/a	n/a	D255
582.8040000000	n/a	n/a	STATUS	n/a	n/a	DI51
582.8560000000	n/a	n/a	STATUS	n/a	n/a	D255
583.1520000000	n/a	n/a	STATUS	n/a	n/a	DI21
583.2040000000	n/a	n/a	STATUS	n/a	n/a	D255
583.2080000000	n/a	n/a	STATUS	n/a	n/a	DIN4
583.2600000000	n/a	n/a	STATUS	n/a	n/a	D255
584.0120000000	n/a	n/a	STATUS	n/a	n/a	DIN5
584.0640000000	n/a	n/a	STATUS	n/a	n/a	D255
584.4720000000	n/a	n/a	STATUS	n/a	n/a	D223
584.5240000000	n/a	n/a	STATUS	n/a	n/a	D255
584.5600000000	n/a	n/a	STATUS	n/a	n/a	DI53
584.6080000000	n/a	n/a	STATUS	n/a	n/a	D255
584.7480000000	n/a	n/a	STATUS	n/a	n/a	DI43
584.8000000000	n/a	n/a	STATUS	n/a	n/a	D255
585.0600000000	n/a	n/a	STATUS	n/a	n/a	DIN5
585.1080000000	n/a	n/a	STATUS	n/a	n/a	D255
585.5400000000	n/a	n/a	STATUS	n/a	n/a	D104
585.5880000000	n/a	n/a	STATUS	n/a	n/a	D255
585.6280000000	n/a	n/a	STATUS	n/a	n/a	DI54
585.6760000000	n/a	n/a	STATUS	n/a	n/a	D255
585.9240000000	n/a	n/a	STATUS	n/a	n/a	DI34
585.9760000000	n/a	n/a	STATUS	n/a	n/a	D255
586.2360000000	n/a	n/a	STATUS	n/a	n/a	DIN5
586.2840000000	n/a	n/a	STATUS	n/a	n/a	D255
586.6760000000	n/a	n/a	STATUS	n/a	n/a	D129
586.7240000000	n/a	n/a	STATUS	n/a	n/a	D255
586.7640000000	n/a	n/a	STATUS	n/a	n/a	DI54
586.8120000000	n/a	n/a	STATUS	n/a	n/a	D255
587.1160000000	n/a	n/a	STATUS	n/a	n/a	DI34
587.1640000000	n/a	n/a	STATUS	n/a	n/a	D255
587.4240000000	n/a	n/a	STATUS	n/a	n/a	DIN5
587.4760000000	n/a	n/a	STATUS	n/a	n/a	D255
587.8000000000	n/a	n/a	STATUS	n/a	n/a	DI72
587.8480000000	n/a	n/a	STATUS	n/a	n/a	D255
587.8880000000	n/a	n/a	STATUS	n/a	n/a	DI54
587.9360000000	n/a	n/a	STATUS	n/a	n/a	D255
588.2160000000	n/a	n/a	STATUS	n/a	n/a	DI34
588.2640000000	n/a	n/a	STATUS	n/a	n/a	D255
588.5240000000	n/a	n/a	STATUS	n/a	n/a	DIN5
588.5720000000	n/a	n/a	STATUS	n/a	n/a	D255
588.8880000000	n/a	n/a	STATUS	n/a	n/a	D230
588.9400000000	n/a	n/a	STATUS	n/a	n/a	D255
588.9760000000	n/a	n/a	STATUS	n/a	n/a	DI52
589.0240000000	n/a	n/a	STATUS	n/a	n/a	D255
589.3600000000	n/a	n/a	STATUS	n/a	n/a	DI42
589.4080000000	n/a	n/a	STATUS	n/a	n/a	D255
589.6680000000	n/a	n/a	STATUS	n/a	n/a	DIN5
589.7160000000	n/a	n/a	STATUS	n/a	n/a	D255
590.0440000000	n/a	n/a	STATUS	n/a	n/a	DI69
590.0920000000	n/a	n/a	STATUS	n/a	n/a	D255
590.1320000000	n/a	n/a	STATUS	n/a	n/a	DI54
590.1800000000	n/a	n/a	STATUS	n/a	n/a	D255
590.4640000000	n/a	n/a	STATUS	n/a	n/a	DI34
590.5120000000	n/a	n/a	STATUS	n/a	n/a	D255
590.7720000000	n/a	n/a	STATUS	n/a	n/a	DIN5
590.8240000000	n/a	n/a	STATUS	n/a	n/a	D255
591.3280000000	n/a	n/a	STATUS	n/a	n/a	DI94
591.3800000000	n/a	n/a	STATUS	n/a	n/a	D255
591.4160000000	n/a	n/a	STATUS	n/a	n/a	DI54
591.4680000000	n/a	n/a	STATUS	n/a	n/a	D255
591.8040000000	n/a	n/a	STATUS	n/a	n/a	DI34
591.8520000000	n/a	n/a	STATUS	n/a	n/a	D255
592.1120000000	n/a	n/a	STATUS	n/a	n/a	DIN5
592.1640000000	n/a	n/a	STATUS	n/a	n/a	D255
592.6120000000	n/a	n/a	STATUS	n/a	n/a	D224
592.6640000000	n/a	n/a	STATUS	n/a	n/a	D255
592.7000000000	n/a	n/a	STATUS	n/a	n/a	DI51
592.7520000000	n/a	n/a	STATUS	n/a	n/a	D255
593.0000000000	n/a	n/a	STATUS	n/a	n/a	DI21
593.0480000000	n/a	n/a	STATUS	n/a	n/a	D255
593.0520000000	n/a	n/a	STATUS	n/a	n/a	DIN4
593.1040000000	n/a	n/a	STATUS	n/a	n/a	D255
593.8600000000	n/a	n/a	STATUS	n/a	n/a	DIN5
593.9080000000	n/a	n/a	STATUS	n/a	n/a	D255
594.2800000000	n/a	n/a	STATUS	n/a	n/a	DI82
594.3280000000	n/a	n/a	STATUS	n/a	n/a	D255
594.3640000000	n/a	n/a	STATUS	n/a	n/a	DI54
594.4160000000	n/a	n/a	STATUS	n/a	n/a	D255
594.7800000000	n/a	n/a	STATUS	n/a	n/a	DI34
594.8280000000	n/a	n/a	STATUS	n/a	n/a	D255
595.0880000000	n/a	n/a	STATUS	n/a	n/a	DIN5
595.1400000000	n/a	n/a	STATUS	n/a	n/a	D255
595.6120000000	n/a	n/a	STATUS	n/a	n/a	D208
595.6640000000	n/a	n/a	STATUS	n/a	n/a	D255
595.7000000000	n/a	n/a	STATUS	n/a	n/a	DI51
595.7520000000	n/a	n/a	STATUS	n/a	n/a	D255
595.9600000000	n/a	n/a	STATUS	n/a	n/a	DI21
596.0080000000	n/a	n/a	STATUS	n/a	n/a	D255
596.0160000000	n/a	n/a	STATUS	n/a	n/a	DIN4
596.0640000000	n/a	n/a	STATUS	n/a	n/a	D255
596.8200000000	n/a	n/a	STATUS	n/a	n/a	DIN5
596.8680000000	n/a	n/a	STATUS	n/a	n/a	D255
597.2840000000	n/a	n/a	STATUS	n/a	n/a	DI70
597.3360000000	n/a	n/a	STATUS	n/a	n/a	D255
597.3720000000	n/a	n/a	STATUS	n/a	n/a	DI53
597.4240000000	n/a	n/a	STATUS	n/a	n/a	D255
597.6280000000	n/a	n/a	STATUS	n/a	n/a	DI13
597.6760000000	n/a	n/a	STATUS	n/a	n/a	D255
597.6800000000	n/a	n/a	STATUS	n/a	n/a	DIN4
597.7320000000	n/a	n/a	STATUS	n/a	n/a	D255
598.4880000000	n/a	n/a	STATUS	n/a	n/a	DIN5
598.5360000000	n/a	n/a	STATUS	n/a	n/a	D255
598.9960000000	n/a	n/a	STATUS	n/a	n/a	D176
599.0480000000	n/a	n/a	STATUS	n/a	n/a	D255
599.0840000000	n/a	n/a	STATUS	n/a	n/a	DI54
599.1360000000	n/a	n/a	STATUS	n/a	n/a	D255
599.4280000000	n/a	n/a	STATUS	n/a	n/a	DI34
599.4760000000	n/a	n/a	STATUS	n/a	n/a	D255
599.7360000000	n/a	n/a	STATUS	n/a	n/a	DIN5
599.7880000000	n/a	n/a	STATUS	n/a	n/a	D255
600.1760000000	n/a	n/a	STATUS	n/a	n/a	D197
600.2280000000	n/a	n/a	STATUS	n/a	n/a	D255
600.2640000000	n/a	n/a	STATUS	n/a	n/a	DI53
600.3120000000	n/a	n/a	STATUS	n/a	n/a	D255
600.5640000000	n/a	n/a	STATUS	n/a	n/a	DI43
600.6120000000	n/a	n/a	STATUS	n/a	n/a	D255
600.8720000000	n/a	n/a	STATUS	n/a	n/a	DIN5
600.9240000000	n/a	n/a	STATUS	n/a	n/a	D255
601.3400000000	n/a	n/a	STATUS	n/a	n/a	D203
601.3880000000	n/a	n/a	STATUS	n/a	n/a	D255
601.4280000000	n/a	n/a	STATUS	n/a	n/a	DI53
601.4760000000	n/a	n/a	STATUS	n/a	n/a	D255
601.7680000000	n/a	n/a	STATUS	n/a	n/a	DI43
601.8200000000	n/a	n/a	STATUS	n/a	n/a	D255
602.0760000000	n/a	n/a	STATUS	n/a	n/a	DIN5
602.1280000000	n/a	n/a	STATUS	n/a	n/a	D255
602.4640000000	n/a	n/a	STATUS	n/a	n/a	D109
602.5120000000	n/a	n/a	STATUS	n/a	n/a	D255
602.5520000000	n/a	n/a	STATUS	n/a	n/a	DI51
602.6000000000	n/a	n/a	STATUS	n/a	n/a	D255
602.9440000000	n/a	n/a	STATUS	n/a	n/a	DI31
602.9960000000	n/a	n/a	STATUS	n/a	n/a	D255
603.2560000000	n/a	n/a	STATUS	n/a	n/a	DIN5
603.3040000000	n/a	n/a	STATUS	n/a	n/a	D255
603.7280000000	n/a	n/a	STATUS	n/a	n/a	D251
603.7800000000	n/a	n/a	STATUS	n/a	n/a	D255
603.8160000000	n/a	n/a	STATUS	n/a	n/a	DI53
603.8680000000	n/a	n/a	STATUS	n/a	n/a	D255
604.1760000000	n/a	n/a	STATUS	n/a	n/a	DI43
604.2280000000	n/a	n/a	STATUS	n/a	n/a	D255
604.4880000000	n/a	n/a	STATUS	n/a	n/a	DIN5
604.5360000000	n/a	n/a	STATUS	n/a	n/a	D255
604.9560000000	n/a	n/a	STATUS	n/a	n/a	D132
605.0080000000	n/a	n/a	STATUS	n/a	n/a	D255
605.0440000000	n/a	n/a	STATUS	n/a	n/a	DI52
605.0920000000	n/a	n/a	STATUS	n/a	n/a	D255
605.3520000000	n/a	n/a	STATUS	n/a	n/a	DI12
605.4000000000	n/a	n/a	STATUS	n/a	n/a	D255
605.4080000000	n/a	n/a	STATUS	n/a	n/a	DIN4
605.4560000000	n/a	n/a	STATUS	n/a	n/a	D255
606.2120000000	n/a	n/a	STATUS	n/a	n/a	DIN5
606.2600000000	n/a	n/a	STATUS	n/a	n/a	D255
606.5880000000	n/a	n/a	STATUS	n/a	n/a	DI65
606.6360000000	n/a	n/a	STATUS	n/a	n/a	D255
606.6760000000	n/a	n/a	STATUS	n/a	n/a	DI53
606.7240000000	n/a	n/a	STATUS	n/a	n/a	D255
606.9600000000	n/a	n/a	STATUS	n/a	n/a	DI43
607.0120000000	n/a	n/a	STATUS	n/a	n/a	D255
607.2680000000	n/a	n/a	STATUS	n/a	n/a	DIN5
607.3200000000	n/a	n/a	STATUS	n/a	n/a	D255
607.6280000000	n/a	n/a	STATUS	n/a	n/a	D148
607.6800000000	n/a	n/a	STATUS	n/a	n/a	D255
607.7200000000	n/a	n/a	STATUS	n/a	n/a	DI53
607.7680000000	n/a	n/a	STATUS	n/a	n/a	D255
608.0320000000	n/a	n/a	STATUS	n/a	n/a	DI43
608.0800000000	n/a	n/a	STATUS	n/a	n/a	D255
608.3400000000	n/a	n/a	STATUS	n/a	n/a	DIN5
608.3920000000	n/a	n/a	STATUS	n/a	n/a	D255
608.7640000000	n/a	n/a	STATUS	n/a	n/a	DI68
608.8160000000	n/a	n/a	STATUS	n/a	n/a	D255
608.8520000000	n/a	n/a	STATUS	n/a	n/a	DI53
608.9040000000	n/a	n/a	STATUS	n/a	n/a	D255
609.1960000000	n/a	n/a	STATUS	n/a	n/a	DI43
609.2480000000	n/a	n/a	STATUS	n/a	n/a	D255
609.5080000000	n/a	n/a	STATUS	n/a	n/a	DIN5
609.5560000000	n/a	n/a	STATUS	n/a	n/a	D255
610.0160000000	n/a	n/a	STATUS	n/a	n/a	D141
610.0680000000	n/a	n/a	STATUS	n/a	n/a	D255
610.1040000000	n/a	n/a	STATUS	n/a	n/a	DI54
610.1520000000	n/a	n/a	STATUS	n/a	n/a	D255
610.3600000000	n/a	n/a	STATUS	n/a	n/a	DI34
610.4120000000	n/a	n/a	STATUS	n/a	n/a	D255
610.6720000000	n/a	n/a	STATUS	n/a	n/a	DIN5
610.7200000000	n/a	n/a	STATUS	n/a	n/a	D255
611.1080000000	n/a	n/a	STATUS	n/a	n/a	D135
611.1600000000	n/a	n/a	STATUS	n/a	n/a	D255
611.2000000000	n/a	n/a	STATUS	n/a	n/a	DI53
611.2480000000	n/a	n/a	STATUS	n/a	n/a	D255
611.6240000000	n/a	n/a	STATUS	n/a	n/a	DI43
611.6760000000	n/a	n/a	STATUS	n/a	n/a	D255
611.9360000000	n/a	n/a	STATUS	n/a	n/a	DIN5
611.9840000000	n/a	n/a	STATUS	n/a	n/a	D255
612.3160000000	n/a	n/a	STATUS	n/a	n/a	D241
612.3640000000	n/a	n/a	STATUS	n/a	n/a	D255
612.4000000000	n/a	n/a	STATUS	n/a	n/a	DI51
612.4520000000	n/a	n/a	STATUS	n/a	n/a	D255
612.8280000000	n/a	n/a	STATUS	n/a	n/a	DI31
612.8800000000	n/a	n/a	STATUS	n/a	n/a	D255
613.1360000000	n/a	n/a	STATUS	n/a	n/a	DIN5
613.1880000000	n/a	n/a	STATUS	n/a	n/a	D255
613.5440000000	n/a	n/a	STATUS	n/a	n/a	D240
613.5960000000	n/a	n/a	STATUS	n/a	n/a	D255
613.6360000000	n/a	n/a	STATUS	n/a	n/a	DI52
613.6840000000	n/a	n/a	STATUS	n/a	n/a	D255
614.0400000000	n/a	n/a	STATUS	n/a	n/a	DI42
614.0880000000	n/a	n/a	STATUS	n/a	n/a	D255
614.3480000000	n/a	n/a	STATUS	n/a	n/a	DIN5
614.4000000000	n/a	n/a	STATUS	n/a	n/a	D255
614.7480000000	n/a	n/a	STATUS	n/a	n/a	D184
614.8000000000	n/a	n/a	STATUS	n/a	n/a	D255
614.8360000000	n/a	n/a	STATUS	n/a	n/a	DI52
614.8840000000	n/a	n/a	STATUS	n/a	n/a	D255
615.4480000000	n/a	n/a	STATUS	n/a	n/a	DI42
615.5000000000	n/a	n/a	STATUS	n/a	n/a	D255
615.7600000000	n/a	n/a	STATUS	n/a	n/a	DIN5
615.8080000000	n/a	n/a	STATUS	n/a	n/a	D255
616.2920000000	n/a	n/a	STATUS	n/a	n/a	D152
616.3440000000	n/a	n/a	STATUS	n/a	n/a	D255
616.3800000000	n/a	n/a	STATUS	n/a	n/a	DI54
616.4320000000	n/a	n/a	STATUS	n/a	n/a	D255
616.7640000000	n/a	n/a	STATUS	n/a	n/a	DI34
616.8160000000	n/a	n/a	STATUS	n/a	n/a	D255
617.0760000000	n/a	n/a	STATUS	n/a	n/a	DIN5
617.1240000000	n/a	n/a	STATUS	n/a	n/a	D255
617.5800000000	n/a	n/a	STATUS	n/a	n/a	D209
617.6280000000	n/a	n/a	STATUS	n/a	n/a	D255
617.6680000000	n/a	n/a	STATUS	n/a	n/a	DI54
617.7160000000	n/a	n/a	STATUS	n/a	n/a	D255
617.9840000000	n/a	n/a	STATUS	n/a	n/a	DI34
618.0360000000	n/a	n/a	STATUS	n/a	n/a	D255
618.2920000000	n/a	n/a	STATUS	n/a	n/a	DIN5
618.3440000000	n/a	n/a	STATUS	n/a	n/a	D255
618.7640000000	n/a	n/a	STATUS	n/a	n/a	DI78
618.8120000000	n/a	n/a	STATUS	n/a	n/a	D255
618.8520000000	n/a	n/a	STATUS	n/a	n/a	DI51
618.9000000000	n/a	n/a	STATUS	n/a	n/a	D255
619.3800000000	n/a	n/a	STATUS	n/a	n/a	DI21
619.4320000000	n/a	n/a	STATUS	n/a	n/a	D255
619.4360000000	n/a	n/a	STATUS	n/a	n/a	DIN4
619.4840000000	n/a	n/a	STATUS	n/a	n/a	D255
620.2400000000	n/a	n/a	STATUS	n/a	n/a	DIN5
620.2920000000	n/a	n/a	STATUS	n/a	n/a	D255
620.7400000000	n/a	n/a	STATUS	n/a	n/a	D151
620.7920000000	n/a	n/a	STATUS	n/a	n/a	D255
620.8280000000	n/a	n/a	STATUS	n/a	n/a	DI52
620.8800000000	n/a	n/a	STATUS	n/a	n/a	D255
621.8960000000	n/a	n/a	STATUS	n/a	n/a	DIN3
621.9480000000	n/a	n/a	STATUS	n/a	n/a	D255
622.7040000000	n/a	n/a	STATUS	n/a	n/a	DIN5
622.7520000000	n/a	n/a	STATUS	n/a	n/a	D255
623.1800000000	n/a	n/a	STATUS	n/a	n/a	D119
623.2320000000	n/a	n/a	STATUS	n/a	n/a	D255
623.2680000000	n/a	n/a	STATUS	n/a	n/a	DI51
623.3200000000	n/a	n/a	STATUS	n/a	n/a	D255
623.5760000000	n/a	n/a	STATUS	n/a	n/a	DI21
623.6280000000	n/a	n/a	STATUS	n/a	n/a	D255
623.6320000000	n/a	n/a	STATUS	n/a	n/a	DIN4
623.6840000000	n/a	n/a	STATUS	n/a	n/a	D255
624.4360000000	n/a	n/a	STATUS	n/a	n/a	DIN5
624.4880000000	n/a	n/a	STATUS	n/a	n/a	D255
624.9520000000	n/a	n/a	STATUS	n/a	n/a	DI96
625.0040000000	n/a	n/a	STATUS	n/a	n/a	D255
625.0400000000	n/a	n/a	STATUS	n/a	n/a	DI53
625.0880000000	n/a	n/a	STATUS	n/a	n/a	D255
625.4200000000	n/a	n/a	STATUS	n/a	n/a	DI43
625.4680000000	n/a	n/a	STATUS	n/a	n/a	D255
625.7280000000	n/a	n/a	STATUS	n/a	n/a	DIN5
625.7800000000	n/a	n/a	STATUS	n/a	n/a	D255
626.1400000000	n/a	n/a	STATUS	n/a	n/a	D162
626.1880000000	n/a	n/a	STATUS	n/a	n/a	D255
626.2280000000	n/a	n/a	STATUS	n/a	n/a	DI54
626.2760000000	n/a	n/a	STATUS	n/a	n/a	D255
626.5360000000	n/a	n/a	STATUS	n/a	n/a	DI34
626.5840000000	n/a	n/a	STATUS	n/a	n/a	D255
626.8440000000	n/a	n/a	STATUS	n/a	n/a	DIN5
626.8960000000	n/a	n/a	STATUS	n/a	n/a	D255
627.3120000000	n/a	n/a	STATUS	n/a	n/a	D191
627.3640000000	n/a	n/a	STATUS	n/a	n/a	D255
627.4040000000	n/a	n/a	STATUS	n/a	n/a	DI52
627.4520000000	n/a	n/a	STATUS	n/a	n/a	D255
627.6200000000	n/a	n/a	STATUS	n/a	n/a	DI12
627.6720000000	n/a	n/a	STATUS	n/a	n/a	D255
627.6760000000	n/a	n/a	STATUS	n/a	n/a	DIN4
627.7240000000	n/a	n/a	STATUS	n/a	n/a	D255
628.4800000000	n/a	n/a	STATUS	n/a	n/a	DIN5
628.5280000000	n/a	n/a	STATUS	n/a	n/a	D255
628.9440000000	n/a	n/a	STATUS	n/a	n/a	D112
628.9960000000	n/a	n/a	STATUS	n/a	n/a	D255
629.0320000000	n/a	n/a	STATUS	n/a	n/a	DI51
629.0840000000	n/a	n/a	STATUS	n/a	n/a	D255
629.3040000000	n/a	n/a	STATUS	n/a	n/a	DI21
629.3560000000	n/a	n/a	STATUS	n/a	n/a	D255
629.3600000000	n/a	n/a	STATUS	n/a	n/a	DIN4
629.4080000000	n/a	n/a	STATUS	n/a	n/a	D255
630.1640000000	n/a	n/a	STATUS	n/a	n/a	DIN5
630.2160000000	n/a	n/a	STATUS	n/a	n/a	D255
630.6880000000	n/a	n/a	STATUS	n/a	n/a	DI98
630.7400000000	n/a	n/a	STATUS	n/a	n/a	D255
630.7760000000	n/a	n/a	STATUS	n/a	n/a	DI53
630.8280000000	n/a	n/a	STATUS	n/a	n/a	D255
631.0800000000	n/a	n/a	STATUS	n/a	n/a	DI13
631.1320000000	n/a	n/a	STATUS	n/a	n/a	D255
631.1360000000	n/a	n/a	STATUS	n/a	n/a	DIN4
631.1880000000	n/a	n/a	STATUS	n/a	n/a	D255
631.9400000000	n/a	n/a	STATUS	n/a	n/a	DIN5
631.9920000000	n/a	n/a	STATUS	n/a	n/a	D255
632.3400000000	n/a	n/a	STATUS	n/a	n/a	D128
632.3920000000	n/a	n/a	STATUS	n/a	n/a	D255
632.4280000000	n/a	n/a	STATUS	n/a	n/a	DI52
632.4800000000	n/a	n/a	STATUS	n/a	n/a	D255
632.8000000000	n/a	n/a	STATUS	n/a	n/a	DI42
632.8480000000	n/a	n/a	STATUS	n/a	n/a	D255
633.1080000000	n/a	n/a	STATUS	n/a	n/a	DIN5
633.1600000000	n/a	n/a	STATUS	n/a	n/a	D255
633.5120000000	n/a	n/a	STATUS	n/a	n/a	D115
633.5640000000	n/a	n/a	STATUS	n/a	n/a	D255
633.6000000000	n/a	n/a	STATUS	n/a	n/a	DI51
633.6520000000	n/a	n/a	STATUS	n/a	n/a	D255
634.0200000000	n/a	n/a	STATUS	n/a	n/a	DI31
634.0680000000	n/a	n/a	STATUS	n/a	n/a	D255
634.3280000000	n/a	n/a	STATUS	n/a	n/a	DIN5
634.3800000000	n/a	n/a	STATUS	n/a	n/a	D255
634.8320000000	n/a	n/a	STATUS	n/a	n/a	D143
634.8840000000	n/a	n/a	STATUS	n/a	n/a	D255
634.9200000000	n/a	n/a	STATUS	n/a	n/a	DI54
634.9720000000	n/a	n/a	STATUS	n/a	n/a	D255
635.2160000000	n/a	n/a	STATUS	n/a	n/a	DI34
635.2680000000	n/a	n/a	STATUS	n/a	n/a	D255
635.5280000000	n/a	n/a	STATUS	n/a	n/a	DIN5
635.5760000000	n/a	n/a	STATUS	n/a	n/a	D255
635.9160000000	n/a	n/a	STATUS	n/a	n/a	DI66
635.9680000000	n/a	n/a	STATUS	n/a	n/a	D255
636.0040000000	n/a	n/a	STATUS	n/a	n/a	DI52
636.0520000000	n/a	n/a	STATUS	n/a	n/a	D255
636.3600000000	n/a	n/a	STATUS	n/a	n/a	DI42
636.4120000000	n/a	n/a	STATUS	n/a	n/a	D255
636.6720000000	n/a	n/a	STATUS	n/a	n/a	DIN5
636.7240000000	n/a	n/a	STATUS	n/a	n/a	D255
637.0800000000	n/a	n/a	STATUS	n/a	n/a	D124
637.1320000000	n/a	n/a	STATUS	n/a	n/a	D255
637.1680000000	n/a	n/a	STATUS	n/a	n/a	DI52
637.2200000000	n/a	n/a	STATUS	n/a	n/a	D255
637.4480000000	n/a	n/a	STATUS	n/a	n/a	DI12
637.5000000000	n/a	n/a	STATUS	n/a	n/a	D255
637.5040000000	n/a	n/a	STATUS	n/a	n/a	DIN4
637.5560000000	n/a	n/a	STATUS	n/a	n/a	D255
638.3080000000	n/a	n/a	STATUS	n/a	n/a	DIN5
638.3600000000	n/a	n/a	STATUS	n/a	n/a	D255
638.8440000000	n/a	n/a	STATUS	n/a	n/a	D244
638.8960000000	n/a	n/a	STATUS	n/a	n/a	D255
638.9320000000	n/a	n/a	STATUS	n/a	n/a	DI52
638.9840000000	n/a	n/a	STATUS	n/a	n/a	D255
639.3000000000	n/a	n/a	STATUS	n/a	n/a	DI12
639.3520000000	n/a	n/a	STATUS	n/a	n/a	D255
639.3560000000	n/a	n/a	STATUS	n/a	n/a	DIN4
639.4080000000	n/a	n/a	STATUS	n/a	n/a	D255
640.1600000000	n/a	n/a	STATUS	n/a	n/a	DIN5
640.2120000000	n/a	n/a	STATUS	n/a	n/a	D255
640.5960000000	n/a	n/a	STATUS	n/a	n/a	D254
640.6480000000	n/a	n/a	STATUS	n/a	n/a	D255
640.6840000000	n/a	n/a	STATUS	n/a	n/a	DI51
640.7360000000	n/a	n/a	STATUS	n/a	n/a	D255
641.0400000000	n/a	n/a	STATUS	n/a	n/a	DI31
641.0880000000	n/a	n/a	STATUS	n/a	n/a	D255
641.3480000000	n/a	n/a	STATUS	n/a	n/a	DIN5
641.4000000000	n/a	n/a	STATUS	n/a	n/a	D255
641.7560000000	n/a	n/a	STATUS	n/a	n/a	D177
641.8080000000	n/a	n/a	STATUS	n/a	n/a	D255
641.8440000000	n/a	n/a	STATUS	n/a	n/a	DI52
641.8960000000	n/a	n/a	STATUS	n/a	n/a	D255
642.2360000000	n/a	n/a	STATUS	n/a	n/a	DI42
642.2880000000	n/a	n/a	STATUS	n/a	n/a	D255
642.5480000000	n/a	n/a	STATUS	n/a	n/a	DIN5
642.5960000000	n/a	n/a	STATUS	n/a	n/a	D255
642.9000000000	n/a	n/a	STATUS	n/a	n/a	DI87
642.9520000000	n/a	n/a	STATUS	n/a	n/a	D255
642.9880000000	n/a	n/a	STATUS	n/a	n/a	DI52
643.0400000000	n/a	n/a	STATUS	n/a	n/a	D255
643.2920000000	n/a	n/a	STATUS	n/a	n/a	DI12
643.3400000000	n/a	n/a	STATUS	n/a	n/a	DI77
643.3440000000	n/a	n/a	STATUS	n/a	n/a	D255
643.3480000000	n/a	n/a	STATUS	n/a	n/a	DIN4
643.3960000000	n/a	n/a	STATUS	n/a	n/a	D255
644.1520000000	n/a	n/a	STATUS	n/a	n/a	DIN5
644.2000000000	n/a	n/a	STATUS	n/a	n/a	D255
644.6520000000	n/a	n/a	STATUS	n/a	n/a	D147
644.7000000000	n/a	n/a	STATUS	n/a	n/a	D255
644.7400000000	n/a	n/a	STATUS	n/a	n/a	DI51
644.7880000000	n/a	n/a	STATUS	n/a	n/a	D255
645.2720000000	n/a	n/a	STATUS	n/a	n/a	DI31
645.3200000000	n/a	n/a	STATUS	n/a	n/a	D255
659.1880000000	n/a	n/a	STATUS	n/a	n/a	DIN5
659.2360000000	n/a	n/a	STATUS	n/a	n/a	D255
659.6200000000	n/a	n/a	STATUS	n/a	n/a	DI67
659.6720000000	n/a	n/a	STATUS	n/a	n/a	D255
659.7080000000	n/a	n/a	STATUS	n/a	n/a	DI53
659.7600000000	n/a	n/a	STATUS	n/a	n/a	D255
660.0720000000	n/a	n/a	STATUS	n/a	n/a	DI13
660.1200000000	n/a	n/a	STATUS	n/a	n/a	D255
660.1280000000	n/a	n/a	STATUS	n/a	n/a	DIN4
660.1760000000	n/a	n/a	STATUS	n/a	n/a	D255
660.9320000000	n/a	n/a	STATUS	n/a	n/a	DIN5
660.9800000000	n/a	n/a	STATUS	n/a	n/a	D255
661.2840000000	n/a	n/a	STATUS	n/a	n/a	D128
661.3360000000	n/a	n/a	STATUS	n/a	n/a	D255
661.3760000000	n/a	n/a	STATUS	n/a	n/a	DI51
661.4240000000	n/a	n/a	STATUS	n/a	n/a	D255
661.6320000000	n/a	n/a	STATUS	n/a	n/a	DI21
661.6800000000	n/a	n/a	STATUS	n/a	n/a	D255
661.6840000000	n/a	n/a	STATUS	n/a	n/a	DIN4
661.7360000000	n/a	n/a	STATUS	n/a	n/a	D255
662.4920000000	n/a	n/a	STATUS	n/a	n/a	DIN5
662.5400000000	n/a	n/a	STATUS	n/a	n/a	D255
662.9040000000	n/a	n/a	STATUS	n/a	n/a	D228
662.9560000000	n/a	n/a	STATUS	n/a	n/a	D255
662.9920000000	n/a	n/a	STATUS	n/a	n/a	DI52
663.0440000000	n/a	n/a	STATUS	n/a	n/a	D255
663.3440000000	n/a	n/a	STATUS	n/a	n/a	DI42
663.3960000000	n/a	n/a	STATUS	n/a	n/a	D255
663.6560000000	n/a	n/a	STATUS	n/a	n/a	DIN5
663.7040000000	n/a	n/a	STATUS	n/a	n/a	D255
664.0760000000	n/a	n/a	STATUS	n/a	n/a	DI87
664.1240000000	n/a	n/a	STATUS	n/a	n/a	D255
664.1600000000	n/a	n/a	STATUS	n/a	n/a	DI53
664.2120000000	n/a	n/a	STATUS	n/a	n/a	D255
664.4400000000	n/a	n/a	STATUS	n/a	n/a	DI43
664.4920000000	n/a	n/a	STATUS	n/a	n/a	D255
664.7520000000	n/a	n/a	STATUS	n/a	n/a	DIN5
664.8000000000	n/a	n/a	STATUS	n/a	n/a	D255
665.2800000000	n/a	n/a	STATUS	n/a	n/a	D203
665.3320000000	n/a	n/a	STATUS	n/a	n/a	D255
665.3680000000	n/a	n/a	STATUS	n/a	n/a	DI54
665.4200000000	n/a	n/a	STATUS	n/a	n/a	D255
665.6080000000	n/a	n/a	STATUS	n/a	n/a	DI34
665.6560000000	n/a	n/a	STATUS	n/a	n/a	D255
665.9160000000	n/a	n/a	STATUS	n/a	n/a	DIN5
665.9680000000	n/a	n/a	STATUS	n/a	n/a	D255
666.4120000000	n/a	n/a	STATUS	n/a	n/a	D173
666.4640000000	n/a	n/a	STATUS	n/a	n/a	D255
666.5000000000	n/a	n/a	STATUS	n/a	n/a	DI54
666.5520000000	n/a	n/a	STATUS	n/a	n/a	D255
666.7760000000	n/a	n/a	STATUS	n/a	n/a	DI34
666.8280000000	n/a	n/a	STATUS	n/a	n/a	D255
667.0880000000	n/a	n/a	STATUS	n/a	n/a	DIN5
667.1360000000	n/a	n/a	STATUS	n/a	n/a	D255
667.4960000000	n/a	n/a	STATUS	n/a	n/a	DI96
667.5480000000	n/a	n/a	STATUS	n/a	n/a	D255
667.5840000000	n/a	n/a	STATUS	n/a	n/a	DI54
667.6360000000	n/a	n/a	STATUS	n/a	n/a	D255
667.9320000000	n/a	n/a	STATUS	n/a	n/a	DI34
667.9840000000	n/a	n/a	STATUS	n/a	n/a	D255
668.2440000000	n/a	n/a	STATUS	n/a	n/a	DIN5
668.2920000000	n/a	n/a	STATUS	n/a	n/a	D255
668.6320000000	n/a	n/a	STATUS	n/a	n/a	DI99
668.6840000000	n/a	n/a	STATUS	n/a	n/a	D255
668.7200000000	n/a	n/a	STATUS	n/a	n/a	DI54
668.7680000000	n/a	n/a	STATUS	n/a	n/a	D255
669.1080000000	n/a	n/a	STATUS	n/a	n/a	DI34
669.1600000000	n/a	n/a	STATUS	n/a	n/a	D255
669.4200000000	n/a	n/a	STATUS	n/a	n/a	DIN5
669.4680000000	n/a	n/a	STATUS	n/a	n/a	D255
669.9680000000	n/a	n/a	STATUS	n/a	n/a	D253
670.0200000000	n/a	n/a	STATUS	n/a	n/a	D255
670.0560000000	n/a	n/a	STATUS	n/a	n/a	DI52
670.1080000000	n/a	n/a	STATUS	n/a	n/a	D255
670.4040000000	n/a	n/a	STATUS	n/a	n/a	DI42
670.4560000000	n/a	n/a	STATUS	n/a	n/a	D255
670.7120000000	n/a	n/a	STATUS	n/a	n/a	DIN5
670.7640000000	n/a	n/a	STATUS	n/a	n/a	D255
671.1120000000	n/a	n/a	STATUS	n/a	n/a	D149
671.1640000000	n/a	n/a	STATUS	n/a	n/a	D255
671.2000000000	n/a	n/a	STATUS	n/a	n/a	DI53
671.2520000000	n/a	n/a	STATUS	n/a	n/a	D255
671.5680000000	n/a	n/a	STATUS	n/a	n/a	DI43
671.6160000000	n/a	n/a	STATUS	n/a	n/a	D255
671.8760000000	n/a	n/a	STATUS	n/a	n/a	DIN5
671.9280000000	n/a	n/a	STATUS	n/a	n/a	D255
672.2920000000	n/a	n/a	STATUS	n/a	n/a	D226
672.3440000000	n/a	n/a	STATUS	n/a	n/a	D255
672.3800000000	n/a	n/a	STATUS	n/a	n/a	DI54
672.4280000000	n/a	n/a	STATUS	n/a	n/a	D255
673.4600000000	n/a	n/a	STATUS	n/a	n/a	DIN3
673.5080000000	n/a	n/a	STATUS	n/a	n/a	D255
674.2640000000	n/a	n/a	STATUS	n/a	n/a	DIN5
674.3160000000	n/a	n/a	STATUS	n/a	n/a	D255
674.7200000000	n/a	n/a	STATUS	n/a	n/a	D252
674.7680000000	n/a	n/a	STATUS	n/a	n/a	D255
674.8080000000	n/a	n/a	STATUS	n/a	n/a	DI53
674.8560000000	n/a	n/a	STATUS	n/a	n/a	D255
675.1760000000	n/a	n/a	STATUS	n/a	n/a	DI43
675.2240000000	n/a	n/a	STATUS	n/a	n/a	D255
675.4840000000	n/a	n/a	STATUS	n/a	n/a	DIN5
675.5360000000	n/a	n/a	STATUS	n/a	n/a	D255
675.8760000000	n/a	n/a	STATUS	n/a	n/a	D172
675.9240000000	n/a	n/a	STATUS	n/a	n/a	D255
675.9640000000	n/a	n/a	STATUS	n/a	n/a	DI51
676.0120000000	n/a	n/a	STATUS	n/a	n/a	D255
676.3880000000	n/a	n/a	STATUS	n/a	n/a	DI31
676.4400000000	n/a	n/a	STATUS	n/a	n/a	D255
676.7000000000	n/a	n/a	STATUS	n/a	n/a	DIN5
676.7480000000	n/a	n/a	STATUS	n/a	n/a	D255
677.0880000000	n/a	n/a	STATUS	n/a	n/a	D189
677.1400000000	n/a	n/a	STATUS	n/a	n/a	D255
677.1760000000	n/a	n/a	STATUS	n/a	n/a	DI53
677.2240000000	n/a	n/a	STATUS	n/a	n/a	D255
677.5160000000	n/a	n/a	STATUS	n/a	n/a	DI43
677.5680000000	n/a	n/a	STATUS	n/a	n/a	D255
677.8280000000	n/a	n/a	STATUS	n/a	n/a	DIN5
677.8760000000	n/a	n/a	STATUS	n/a	n/a	D255
678.2120000000	n/a	n/a	STATUS	n/a	n/a	D215
678.2600000000	n/a	n/a	STATUS	n/a	n/a	D255
678.3000000000	n/a	n/a	STATUS	n/a	n/a	DI53
678.3480000000	n/a	n/a	STATUS	n/a	n/a	D255
678.6360000000	n/a	n/a	STATUS	n/a	n/a	DI43
678.6880000000	n/a	n/a	STATUS	n/a	n/a	D255
678.9440000000	n/a	n/a	STATUS	n/a	n/a	DIN5
678.9960000000	n/a	n/a	STATUS	n/a	n/a	D255
679.3800000000	n/a	n/a	STATUS	n/a	n/a	D242
679.4320000000	n/a	n/a	STATUS	n/a	n/a	D255
679.4680000000	n/a	n/a	STATUS	n/a	n/a	DI52
679.5200000000	n/a	n/a	STATUS	n/a	n/a	D255
679.8800000000	n/a	n/a	STATUS	n/a	n/a	DI12
679.9320000000	n/a	n/a	STATUS	n/a	n/a	D255
679.9360000000	n/a	n/a	STATUS	n/a	n/a	DIN4
679.9840000000	n/a	n/a	STATUS	n/a	n/a	D255
680.7400000000	n/a	n/a	STATUS	n/a	n/a	DIN5
680.7920000000	n/a	n/a	STATUS	n/a	n/a	D255
681.1800000000	n/a	n/a	STATUS	n/a	n/a	D214
681.2320000000	n/a	n/a	STATUS	n/a	n/a	D255
681.2680000000	n/a	n/a	STATUS	n/a	n/a	DI53
681.3160000000	n/a	n/a	STATUS	n/a	n/a	D255
681.5200000000	n/a	n/a	STATUS	n/a	n/a	DI43
681.5720000000	n/a	n/a	STATUS	n/a	n/a	D255
681.8320000000	n/a	n/a	STATUS	n/a	n/a	DIN5
681.8800000000	n/a	n/a	STATUS	n/a	n/a	D255
682.2080000000	n/a	n/a	STATUS	n/a	n/a	D167
682.2560000000	n/a	n/a	STATUS	n/a	n/a	D255
682.2920000000	n/a	n/a	STATUS	n/a	n/a	DI51
682.3440000000	n/a	n/a	STATUS	n/a	n/a	D255
682.5560000000	n/a	n/a	STATUS	n/a	n/a	DI21
682.6080000000	n/a	n/a	STATUS	n/a	n/a	D255
682.6120000000	n/a	n/a	STATUS	n/a	n/a	DIN4
682.6600000000	n/a	n/a	STATUS	n/a	n/a	D255
683.4160000000	n/a	n/a	STATUS	n/a	n/a	DIN5
683.4680000000	n/a	n/a	STATUS	n/a	n/a	D255
683.7960000000	n/a	n/a	STATUS	n/a	n/a	D156
683.8440000000	n/a	n/a	STATUS	n/a	n/a	D255
683.8840000000	n/a	n/a	STATUS	n/a	n/a	DI52
683.9320000000	n/a	n/a	STATUS	n/a	n/a	D255
684.2680000000	n/a	n/a	STATUS	n/a	n/a	DI42
684.3160000000	n/a	n/a	STATUS	n/a	n/a	D255
684.5760000000	n/a	n/a	STATUS	n/a	n/a	DIN5
684.6280000000	n/a	n/a	STATUS	n/a	n/a	D255
684.9360000000	n/a	n/a	STATUS	n/a	n/a	D133
684.9880000000	n/a	n/a	STATUS	n/a	n/a	D255
685.0240000000	n/a	n/a	STATUS	n/a	n/a	DI51
685.0760000000	n/a	n/a	STATUS	n/a	n/a	D255
685.5200000000	n/a	n/a	STATUS	n/a	n/a	DI31
685.5720000000	n/a	n/a	STATUS	n/a	n/a	D255
685.8320000000	n/a	n/a	STATUS	n/a	n/a	DIN5
685.8800000000	n/a	n/a	STATUS	n/a	n/a	D255
686.2320000000	n/a	n/a	STATUS	n/a	n/a	D185
686.2800000000	n/a	n/a	STATUS	n/a	n/a	D255
686.3160000000	n/a	n/a	STATUS	n/a	n/a	DI51
686.3680000000	n/a	n/a	STATUS	n/a	n/a	D255
686.5320000000	n/a	n/a	STATUS	n/a	n/a	DI21
686.5840000000	n/a	n/a	STATUS	n/a	n/a	D255
686.5880000000	n/a	n/a	STATUS	n/a	n/a	DIN4
686.6400000000	n/a	n/a	STATUS	n/a	n/a	D255
687.3920000000	n/a	n/a	STATUS	n/a	n/a	DIN5
687.4440000000	n/a	n/a	STATUS	n/a	n/a	D255
687.8720000000	n/a	n/a	STATUS	n/a	n/a	D231
687.9240000000	n/a	n/a	STATUS	n/a	n/a	D255
687.9600000000	n/a	n/a	STATUS	n/a	n/a	DI53
688.0120000000	n/a	n/a	STATUS	n/a	n/a	D255
688.2360000000	n/a	n/a	STATUS	n/a	n/a	DI43
688.2880000000	n/a	n/a	STATUS	n/a	n/a	D255
688.5440000000	n/a	n/a	STATUS	n/a	n/a	DIN5
688.5960000000	n/a	n/a	STATUS	n/a	n/a	D255
689.0120000000	n/a	n/a	STATUS	n/a	n/a	D144
689.0600000000	n/a	n/a	STATUS	n/a	n/a	D255
689.1000000000	n/a	n/a	STATUS	n/a	n/a	DI52
689.1480000000	n/a	n/a	STATUS	n/a	n/a	D255
689.4120000000	n/a	n/a	STATUS	n/a	n/a	DI12
689.4640000000	n/a	n/a	STATUS	n/a	n/a	D255
689.4680000000	n/a	n/a	STATUS	n/a	n/a	DIN4
689.5200000000	n/a	n/a	STATUS	n/a	n/a	D255
690.2720000000	n/a	n/a	STATUS	n/a	n/a	DIN5
690.3240000000	n/a	n/a	STATUS	n/a	n/a	D255
690.7040000000	n/a	n/a	STATUS	n/a	n/a	D197
690.7520000000	n/a	n/a	STATUS	n/a	n/a	D255
690.7920000000	n/a	n/a	STATUS	n/a	n/a	DI53
690.8400000000	n/a	n/a	STATUS	n/a	n/a	D255
691.0640000000	n/a	n/a	STATUS	n/a	n/a	DI43
691.1160000000	n/a	n/a	STATUS	n/a	n/a	D255
691.3760000000	n/a	n/a	STATUS	n/a	n/a	DIN5
691.4240000000	n/a	n/a	STATUS	n/a	n/a	D255
691.8880000000	n/a	n/a	STATUS	n/a	n/a	D148
691.9400000000	n/a	n/a	STATUS	n/a	n/a	D255
691.9760000000	n/a	n/a	STATUS	n/a	n/a	DI52
692.0280000000	n/a	n/a	STATUS	n/a	n/a	D255
692.3640000000	n/a	n/a	STATUS	n/a	n/a	DI42
692.4160000000	n/a	n/a	STATUS	n/a	n/a	D255
692.6760000000	n/a	n/a	STATUS	n/a	n/a	DIN5
692.7240000000	n/a	n/a	STATUS	n/a	n/a	D255
693.1640000000	n/a	n/a	STATUS	n/a	n/a	D125
693.2160000000	n/a	n/a	STATUS	n/a	n/a	D255
693.2520000000	n/a	n/a	STATUS	n/a	n/a	DI51
693.3040000000	n/a	n/a	STATUS	n/a	n/a	D255
693.6760000000	n/a	n/a	STATUS	n/a	n/a	DI31
693.7240000000	n/a	n/a	STATUS	n/a	n/a	D255
693.9840000000	n/a	n/a	STATUS	n/a	n/a	DIN5
694.0360000000	n/a	n/a	STATUS	n/a	n/a	D255
694.4800000000	n/a	n/a	STATUS	n/a	n/a	D221
694.5280000000	n/a	n/a	STATUS	n/a	n/a	D255
694.5680000000	n/a	n/a	STATUS	n/a	n/a	DI51
694.6160000000	n/a	n/a	STATUS	n/a	n/a	D255
694.9160000000	n/a	n/a	STATUS	n/a	n/a	DI31
694.9640000000	n/a	n/a	STATUS	n/a	n/a	D255
695.2240000000	n/a	n/a	STATUS	n/a	n/a	DIN5
695.2720000000	n/a	n/a	STATUS	n/a	n/a	D255
695.7200000000	n/a	n/a	STATUS	n/a	n/a	D244
695.7680000000	n/a	n/a	STATUS	n/a	n/a	D255
695.8080000000	n/a	n/a	STATUS	n/a	n/a	DI52
695.8560000000	n/a	n/a	STATUS	n/a	n/a	D255
696.2160000000	n/a	n/a	STATUS	n/a	n/a	DI12
696.2640000000	n/a	n/a	STATUS	n/a	n/a	D255
696.2680000000	n/a	n/a	STATUS	n/a	n/a	DIN4
696.3200000000	n/a	n/a	STATUS	n/a	n/a	D255
697.0760000000	n/a	n/a	STATUS	n/a	n/a	DIN5
697.1240000000	n/a	n/a	STATUS	n/a	n/a	D255
697.4880000000	n/a	n/a	STATUS	n/a	n/a	D171
697.5400000000	n/a	n/a	STATUS	n/a	n/a	D255
697.5760000000	n/a	n/a	STATUS	n/a	n/a	DI54
697.6280000000	n/a	n/a	STATUS	n/a	n/a	D255
697.9880000000	n/a	n/a	STATUS	n/a	n/a	DI34
698.0360000000	n/a	n/a	STATUS	n/a	n/a	D255
698.2960000000	n/a	n/a	STATUS	n/a	n/a	DIN5
698.3480000000	n/a	n/a	STATUS	n/a	n/a	D255
698.7000000000	n/a	n/a	STATUS	n/a	n/a	DI76
698.7520000000	n/a	n/a	STATUS	n/a	n/a	D255
698.7880000000	n/a	n/a	STATUS	n/a	n/a	DI54
698.8400000000	n/a	n/a	STATUS	n/a	n/a	D255
699.1360000000	n/a	n/a	STATUS	n/a	n/a	DI34
699.1840000000	n/a	n/a	STATUS	n/a	n/a	D255
699.4440000000	n/a	n/a	STATUS	n/a	n/a	DIN5
699.4960000000	n/a	n/a	STATUS	n/a	n/a	D255
699.9280000000	n/a	n/a	STATUS	n/a	n/a	D117
699.9800000000	n/a	n/a	STATUS	n/a	n/a	D255
700.0160000000	n/a	n/a	STATUS	n/a	n/a	DI54
700.0680000000	n/a	n/a	STATUS	n/a	n/a	D255
700.3840000000	n/a	n/a	STATUS	n/a	n/a	DI34
700.4360000000	n/a	n/a	STATUS	n/a	n/a	D255
700.6920000000	n/a	n/a	STATUS	n/a	n/a	DIN5
700.7440000000	n/a	n/a	STATUS	n/a	n/a	D255
701.1000000000	n/a	n/a	STATUS	n/a	n/a	DI78
701.1480000000	n/a	n/a	STATUS	n/a	n/a	D255
701.1880000000	n/a	n/a	STATUS	n/a	n/a	DI51
701.2360000000	n/a	n/a	STATUS	n/a	n/a	D255
701.4960000000	n/a	n/a	STATUS	n/a	n/a	DI21
701.5480000000	n/a	n/a	STATUS	n/a	n/a	D255
701.5520000000	n/a	n/a	STATUS	n/a	n/a	DIN4
701.6000000000	n/a	n/a	STATUS	n/a	n/a	D255
702.3560000000	n/a	n/a	STATUS	n/a	n/a	DIN5
702.4080000000	n/a	n/a	STATUS	n/a	n/a	D255
702.8160000000	n/a	n/a	STATUS	n/a	n/a	D145
702.8640000000	n/a	n/a	STATUS	n/a	n/a	D255
702.9040000000	n/a	n/a	STATUS	n/a	n/a	DI54
702.9520000000	n/a	n/a	STATUS	n/a	n/a	D255
703.3960000000	n/a	n/a	STATUS	n/a	n/a	DI34
703.4480000000	n/a	n/a	STATUS	n/a	n/a	D255
703.7080000000	n/a	n/a	STATUS	n/a	n/a	DIN5
703.7560000000	n/a	n/a	STATUS	n/a	n/a	D255
704.2520000000	n/a	n/a	STATUS	n/a	n/a	D112
704.3000000000	n/a	n/a	STATUS	n/a	n/a	D255
704.3400000000	n/a	n/a	STATUS	n/a	n/a	DI52
704.3880000000	n/a	n/a	STATUS	n/a	n/a	D255
704.7160000000	n/a	n/a	STATUS	n/a	n/a	DI42
704.7640000000	n/a	n/a	STATUS	n/a	n/a	D255
705.0240000000	n/a	n/a	STATUS	n/a	n/a	DIN5
705.0760000000	n/a	n/a	STATUS	n/a	n/a	D255
705.4600000000	n/a	n/a	STATUS	n/a	n/a	D187
705.5080000000	n/a	n/a	STATUS	n/a	n/a	D255
705.5480000000	n/a	n/a	STATUS	n/a	n/a	DI51
705.5960000000	n/a	n/a	STATUS	n/a	n/a	D255
705.8880000000	n/a	n/a	STATUS	n/a	n/a	DI21
705.9360000000	n/a	n/a	STATUS	n/a	n/a	D255
705.9440000000	n/a	n/a	STATUS	n/a	n/a	DIN4
705.9920000000	n/a	n/a	STATUS	n/a	n/a	D255
706.7480000000	n/a	n/a	STATUS	n/a	n/a	DIN5
706.7960000000	n/a	n/a	STATUS	n/a	n/a	D255
707.1160000000	n/a	n/a	STATUS	n/a	n/a	DI77
707.1680000000	n/a	n/a	STATUS	n/a	n/a	D255
707.2040000000	n/a	n/a	STATUS	n/a	n/a	DI52
707.2560000000	n/a	n/a	STATUS	n/a	n/a	D255
707.6200000000	n/a	n/a	STATUS	n/a	n/a	DI42
707.6680000000	n/a	n/a	STATUS	n/a	n/a	D255
707.9280000000	n/a	n/a	STATUS	n/a	n/a	DIN5
707.9800000000	n/a	n/a	STATUS	n/a	n/a	D255
708.3720000000	n/a	n/a	STATUS	n/a	n/a	D122
708.4240000000	n/a	n/a	STATUS	n/a	n/a	D255
708.4640000000	n/a	n/a	STATUS	n/a	n/a	DI53
708.5120000000	n/a	n/a	STATUS	n/a	n/a	D255
708.7360000000	n/a	n/a	STATUS	n/a	n/a	DI43
708.7840000000	n/a	n/a	STATUS	n/a	n/a	D255
709.0440000000	n/a	n/a	STATUS	n/a	n/a	DIN5
709.0960000000	n/a	n/a	STATUS	n/a	n/a	D255
709.4280000000	n/a	n/a	STATUS	n/a	n/a	D241
709.4800000000	n/a	n/a	STATUS	n/a	n/a	D255
709.5160000000	n/a	n/a	STATUS	n/a	n/a	DI53
709.5680000000	n/a	n/a	STATUS	n/a	n/a	D255
709.8080000000	n/a	n/a	STATUS	n/a	n/a	DI43
709.8600000000	n/a	n/a	STATUS	n/a	n/a	D255
710.1200000000	n/a	n/a	STATUS	n/a	n/a	DIN5
710.1680000000	n/a	n/a	STATUS	n/a	n/a	D255
710.1680000000	n/a	n/a	STATUS	n/a	n/a	D197
710.5880000000	n/a	n/a	STATUS	n/a	n/a	DI89
710.6400000000	n/a	n/a	STATUS	n/a	n/a	D255
710.6760000000	n/a	n/a	STATUS	n/a	n/a	DI53
710.7280000000	n/a	n/a	STATUS	n/a	n/a	D255
710.9600000000	n/a	n/a	STATUS	n/a	n/a	DI43
711.0080000000	n/a	n/a	STATUS	n/a	n/a	D255
711.2680000000	n/a	n/a	STATUS	n/a	n/a	DIN5
711.3160000000	n/a	n/a	STATUS	n/a	n/a	D255
711.7320000000	n/a	n/a	STATUS	n/a	n/a	D126
711.7840000000	n/a	n/a	STATUS	n/a	n/a	D255
711.8200000000	n/a	n/a	STATUS	n/a	n/a	DI51
711.8720000000	n/a	n/a	STATUS	n/a	n/a	D255
712.0640000000	n/a	n/a	STATUS	n/a	n/a	DI21
712.1160000000	n/a	n/a	STATUS	n/a	n/a	D255
712.1200000000	n/a	n/a	STATUS	n/a	n/a	DIN4
712.1680000000	n/a	n/a	STATUS	n/a	n/a	D255
712.9240000000	n/a	n/a	STATUS	n/a	n/a	DIN5
712.9760000000	n/a	n/a	STATUS	n/a	n/a	D255
713.4040000000	n/a	n/a	STATUS	n/a	n/a	D232
713.4560000000	n/a	n/a	STATUS	n/a	n/a	D255
713.4920000000	n/a	n/a	STATUS	n/a	n/a	DI51
713.5440000000	n/a	n/a	STATUS	n/a	n/a	D255
713.9760000000	n/a	n/a	STATUS	n/a	n/a	DI31
714.0280000000	n/a	n/a	STATUS	n/a	n/a	D255
714.2840000000	n/a	n/a	STATUS	n/a	n/a	DIN5
714.3360000000	n/a	n/a	STATUS	n/a	n/a	D255
714.7160000000	n/a	n/a	STATUS	n/a	n/a	D254
714.7640000000	n/a	n/a	STATUS	n/a	n/a	D255
714.8000000000	n/a	n/a	STATUS	n/a	n/a	DI53
714.8520000000	n/a	n/a	STATUS	n/a	n/a	D255
715.1680000000	n/a	n/a	STATUS	n/a	n/a	DI43
715.2200000000	n/a	n/a	STATUS	n/a	n/a	D255
715.4800000000	n/a	n/a	STATUS	n/a	n/a	DIN5
715.5280000000	n/a	n/a	STATUS	n/a	n/a	D255
715.9080000000	n/a	n/a	STATUS	n/a	n/a	D204
715.9600000000	n/a	n/a	STATUS	n/a	n/a	D255
715.9960000000	n/a	n/a	STATUS	n/a	n/a	DI53
716.0480000000	n/a	n/a	STATUS	n/a	n/a	D255
716.3680000000	n/a	n/a	STATUS	n/a	n/a	DI43
716.4200000000	n/a	n/a	STATUS	n/a	n/a	D255
716.6800000000	n/a	n/a	STATUS	n/a	n/a	DIN5
716.7280000000	n/a	n/a	STATUS	n/a	n/a	D255
717.1600000000	n/a	n/a	STATUS	n/a	n/a	D170
717.2080000000	n/a	n/a	STATUS	n/a	n/a	D255
717.2480000000	n/a	n/a	STATUS	n/a	n/a	DI52
717.2960000000	n/a	n/a	STATUS	n/a	n/a	D255
717.5880000000	n/a	n/a	STATUS	n/a	n/a	DI12
717.6400000000	n/a	n/a	STATUS	n/a	n/a	D255
717.6440000000	n/a	n/a	STATUS	n/a	n/a	DIN4
717.6920000000	n/a	n/a	STATUS	n/a	n/a	D255
718.4480000000	n/a	n/a	STATUS	n/a	n/a	DIN5
718.5000000000	n/a	n/a	STATUS	n/a	n/a	D255
718.8280000000	n/a	n/a	STATUS	n/a	n/a	D209
718.8800000000	n/a	n/a	STATUS	n/a	n/a	D255
718.9160000000	n/a	n/a	STATUS	n/a	n/a	DI53
718.9680000000	n/a	n/a	STATUS	n/a	n/a	D255
719.1880000000	n/a	n/a	STATUS	n/a	n/a	DI43
719.2400000000	n/a	n/a	STATUS	n/a	n/a	D255
719.5000000000	n/a	n/a	STATUS	n/a	n/a	DIN5
719.5480000000	n/a	n/a	STATUS	n/a	n/a	D255
719.9480000000	n/a	n/a	STATUS	n/a	n/a	D219
720.0000000000	n/a	n/a	STATUS	n/a	n/a	D255
720.0360000000	n/a	n/a	STATUS	n/a	n/a	DI52
720.0880000000	n/a	n/a	STATUS	n/a	n/a	D255
720.3560000000	n/a	n/a	STATUS	n/a	n/a	DI12
720.4040000000	n/a	n/a	STATUS	n/a	n/a	D255
720.4120000000	n/a	n/a	STATUS	n/a	n/a	DIN4
720.4600000000	n/a	n/a	STATUS	n/a	n/a	D255
721.2160000000	n/a	n/a	STATUS	n/a	n/a	DIN5
721.2640000000	n/a	n/a	STATUS	n/a	n/a	D255
721.6200000000	n/a	n/a	STATUS	n/a	n/a	D186
721.6720000000	n/a	n/a	STATUS	n/a	n/a	D255
721.7080000000	n/a	n/a	STATUS	n/a	n/a	DI54
721.7560000000	n/a	n/a	STATUS	n/a	n/a	D255
721.8680000000	n/a	n/a	STATUS	n/a	n/a	DI24
721.9200000000	n/a	n/a	STATUS	n/a	n/a	D255
721.9240000000	n/a	n/a	STATUS	n/a	n/a	DIN4
721.9720000000	n/a	n/a	STATUS	n/a	n/a	D255
722.7280000000	n/a	n/a	STATUS	n/a	n/a	DIN5
722.7800000000	n/a	n/a	STATUS	n/a	n/a	D255
723.0920000000	n/a	n/a	STATUS	n/a	n/a	D218
723.1440000000	n/a	n/a	STATUS	n/a	n/a	D255
723.1840000000	n/a	n/a	STATUS	n/a	n/a	DI51
723.2320000000	n/a	n/a	STATUS	n/a	n/a	D255
723.4480000000	n/a	n/a	STATUS	n/a	n/a	DI21
723.5000000000	n/a	n/a	STATUS	n/a	n/a	D255
723.5040000000	n/a	n/a	STATUS	n/a	n/a	DIN4
723.5520000000	n/a	n/a	STATUS	n/a	n/a	D255
724.3080000000	n/a	n/a	STATUS	n/a	n/a	DIN5
724.3600000000	n/a	n/a	STATUS	n/a	n/a	D255
724.7480000000	n/a	n/a	STATUS	n/a	n/a	D208
724.8000000000	n/a	n/a	STATUS	n/a	n/a	D255
724.8360000000	n/a	n/a	STATUS	n/a	n/a	DI54
724.8880000000	n/a	n/a	STATUS	n/a	n/a	D255
725.0560000000	n/a	n/a	STATUS	n/a	n/a	DI34
725.1080000000	n/a	n/a	STATUS	n/a	n/a	D255
725.3640000000	n/a	n/a	STATUS	n/a	n/a	DIN5
725.4160000000	n/a	n/a	STATUS	n/a	n/a	D255
725.8160000000	n/a	n/a	STATUS	n/a	n/a	D119
725.8640000000	n/a	n/a	STATUS	n/a	n/a	D255
725.9040000000	n/a	n/a	STATUS	n/a	n/a	DI53
725.9520000000	n/a	n/a	STATUS	n/a	n/a	D255
726.2760000000	n/a	n/a	STATUS	n/a	n/a	DI43
726.3240000000	n/a	n/a	STATUS	n/a	n/a	D255
726.5840000000	n/a	n/a	STATUS	n/a	n/a	DIN5
726.6360000000	n/a	n/a	STATUS	n/a	n/a	D255
726.6360000000	n/a	n/a	STATUS	n/a	n/a	D231
727.1000000000	n/a	n/a	STATUS	n/a	n/a	D196
727.1520000000	n/a	n/a	STATUS	n/a	n/a	D255
727.1880000000	n/a	n/a	STATUS	n/a	n/a	DI52
727.2360000000	n/a	n/a	STATUS	n/a	n/a	D255
727.7040000000	n/a	n/a	STATUS	n/a	n/a	DI12
727.7520000000	n/a	n/a	STATUS	n/a	n/a	D255
727.7560000000	n/a	n/a	STATUS	n/a	n/a	DIN4
727.8080000000	n/a	n/a	STATUS	n/a	n/a	D255
728.5640000000	n/a	n/a	STATUS	n/a	n/a	DIN5
728.6120000000	n/a	n/a	STATUS	n/a	n/a	D255
728.9280000000	n/a	n/a	STATUS	n/a	n/a	D236
728.9760000000	n/a	n/a	STATUS	n/a	n/a	D255
729.0160000000	n/a	n/a	STATUS	n/a	n/a	DI51
729.0640000000	n/a	n/a	STATUS	n/a	n/a	DI21
729.1160000000	n/a	n/a	STATUS	n/a	n/a	D255
729.1200000000	n/a	n/a	STATUS	n/a	n/a	DIN4
729.1680000000	n/a	n/a	STATUS	n/a	n/a	D255
729.9240000000	n/a	n/a	STATUS	n/a	n/a	DIN5
729.9760000000	n/a	n/a	STATUS	n/a	n/a	D255
730.4280000000	n/a	n/a	STATUS	n/a	n/a	D111
730.4800000000	n/a	n/a	STATUS	n/a	n/a	D255
730.5160000000	n/a	n/a	STATUS	n/a	n/a	DI51
730.5680000000	n/a	n/a	STATUS	n/a	n/a	D255
730.9200000000	n/a	n/a	STATUS	n/a	n/a	DI31
730.9720000000	n/a	n/a	STATUS	n/a	n/a	D255
731.2320000000	n/a	n/a	STATUS	n/a	n/a	DIN5
731.2800000000	n/a	n/a	STATUS	n/a	n/a	D255
731.6000000000	n/a	n/a	STATUS	n/a	n/a	D104
731.6520000000	n/a	n/a	STATUS	n/a	n/a	D255
731.6880000000	n/a	n/a	STATUS	n/a	n/a	DI54
731.7400000000	n/a	n/a	STATUS	n/a	n/a	D255
732.1160000000	n/a	n/a	STATUS	n/a	n/a	DI34
732.1640000000	n/a	n/a	STATUS	n/a	n/a	D255
732.4240000000	n/a	n/a	STATUS	n/a	n/a	DIN5
732.4760000000	n/a	n/a	STATUS	n/a	n/a	D255
732.8040000000	n/a	n/a	STATUS	n/a	n/a	D106
732.8520000000	n/a	n/a	STATUS	n/a	n/a	D255
732.8920000000	n/a	n/a	STATUS	n/a	n/a	DI52
732.9400000000	n/a	n/a	STATUS	n/a	n/a	D255
733.1720000000	n/a	n/a	STATUS	n/a	n/a	DI12
733.2200000000	n/a	n/a	STATUS	n/a	n/a	D255
733.2240000000	n/a	n/a	STATUS	n/a	n/a	DIN4
733.2760000000	n/a	n/a	STATUS	n/a	n/a	D255
734.0320000000	n/a	n/a	STATUS	n/a	n/a	DIN5
734.0800000000	n/a	n/a	STATUS	n/a	n/a	D255
734.5720000000	n/a	n/a	STATUS	n/a	n/a	D216
734.6200000000	n/a	n/a	STATUS	n/a	n/a	D255
734.6600000000	n/a	n/a	STATUS	n/a	n/a	DI54
734.7080000000	n/a	n/a	STATUS	n/a	n/a	D255
735.0320000000	n/a	n/a	STATUS	n/a	n/a	DI34
735.0840000000	n/a	n/a	STATUS	n/a	n/a	D255
735.3400000000	n/a	n/a	STATUS	n/a	n/a	DIN5
735.3920000000	n/a	n/a	STATUS	n/a	n/a	D255
735.8960000000	n/a	n/a	STATUS	n/a	n/a	D151
735.9480000000	n/a	n/a	STATUS	n/a	n/a	D255
735.9840000000	n/a	n/a	STATUS	n/a	n/a	DI51
736.0360000000	n/a	n/a	STATUS	n/a	n/a	D255
736.2360000000	n/a	n/a	STATUS	n/a	n/a	DI21
736.2880000000	n/a	n/a	STATUS	n/a	n/a	D255
736.2920000000	n/a	n/a	STATUS	n/a	n/a	DIN4
736.3400000000	n/a	n/a	STATUS	n/a	n/a	D255
737.0960000000	n/a	n/a	STATUS	n/a	n/a	DIN5
737.1480000000	n/a	n/a	STATUS	n/a	n/a	D255
737.6240000000	n/a	n/a	STATUS	n/a	n/a	D137
737.6720000000	n/a	n/a	STATUS	n/a	n/a	D255
737.7080000000	n/a	n/a	STATUS	n/a	n/a	DI51
737.7600000000	n/a	n/a	STATUS	n/a	n/a	D255
738.0760000000	n/a	n/a	STATUS	n/a	n/a	DI31
738.1240000000	n/a	n/a	STATUS	n/a	n/a	D255
738.3840000000	n/a	n/a	STATUS	n/a	n/a	DIN5
738.4360000000	n/a	n/a	STATUS	n/a	n/a	D255
738.7480000000	n/a	n/a	STATUS	n/a	n/a	DI75
738.8000000000	n/a	n/a	STATUS	n/a	n/a	D255
738.8360000000	n/a	n/a	STATUS	n/a	n/a	DI51
738.8880000000	n/a	n/a	STATUS	n/a	n/a	D255
739.2840000000	n/a	n/a	STATUS	n/a	n/a	DI31
739.3360000000	n/a	n/a	STATUS	n/a	n/a	D255
739.5960000000	n/a	n/a	STATUS	n/a	n/a	DIN5
739.6440000000	n/a	n/a	STATUS	n/a	n/a	D255
739.9840000000	n/a	n/a	STATUS	n/a	n/a	DI90
740.0360000000	n/a	n/a	STATUS	n/a	n/a	D255
740.0720000000	n/a	n/a	STATUS	n/a	n/a	DI52
740.1240000000	n/a	n/a	STATUS	n/a	n/a	D255
740.4040000000	n/a	n/a	STATUS	n/a	n/a	DI42
740.4560000000	n/a	n/a	STATUS	n/a	n/a	D255
740.7160000000	n/a	n/a	STATUS	n/a	n/a	DIN5
740.7640000000	n/a	n/a	STATUS	n/a	n/a	D255
741.2160000000	n/a	n/a	STATUS	n/a	n/a	D154
741.2640000000	n/a	n/a	STATUS	n/a	n/a	D255
741.3040000000	n/a	n/a	STATUS	n/a	n/a	DI53
741.3520000000	n/a	n/a	STATUS	n/a	n/a	D255
741.5720000000	n/a	n/a	STATUS	n/a	n/a	DI43
741.6200000000	n/a	n/a	STATUS	n/a	n/a	D255
741.8800000000	n/a	n/a	STATUS	n/a	n/a	DIN5
741.9320000000	n/a	n/a	STATUS	n/a	n/a	D255
742.3400000000	n/a	n/a	STATUS	n/a	n/a	D235
742.3920000000	n/a	n/a	STATUS	n/a	n/a	D255
742.4280000000	n/a	n/a	STATUS	n/a	n/a	DI54
742.4760000000	n/a	n/a	STATUS	n/a	n/a	D255
742.8520000000	n/a	n/a	STATUS	n/a	n/a	DI34
742.9040000000	n/a	n/a	STATUS	n/a	n/a	D255
743.1640000000	n/a	n/a	STATUS	n/a	n/a	DIN5
743.2120000000	n/a	n/a	STATUS	n/a	n/a	D255
743.6320000000	n/a	n/a	STATUS	n/a	n/a	D129
743.6840000000	n/a	n/a	STATUS	n/a	n/a	D255
743.7200000000	n/a	n/a	STATUS	n/a	n/a	DI51
743.7720000000	n/a	n/a	STATUS	n/a	n/a	D255
744.1520000000	n/a	n/a	STATUS	n/a	n/a	DI31
744.2000000000	n/a	n/a	STATUS	n/a	n/a	D255
744.4600000000	n/a	n/a	STATUS	n/a	n/a	DIN5
744.5120000000	n/a	n/a	STATUS	n/a	n/a	D255
745.0040000000	n/a	n/a	STATUS	n/a	n/a	D132
745.0560000000	n/a	n/a	STATUS	n/a	n/a	D255
745.0920000000	n/a	n/a	STATUS	n/a	n/a	DI52
745.1440000000	n/a	n/a	STATUS	n/a	n/a	D255
745.4360000000	n/a	n/a	STATUS	n/a	n/a	DI12
745.4840000000	n/a	n/a	STATUS	n/a	n/a	D255
745.4880000000	n/a	n/a	STATUS	n/a	n/a	DIN4
745.5400000000	n/a	n/a	STATUS	n/a	n/a	D255
746.2960000000	n/a	n/a	STATUS	n/a	n/a	DIN5
746.3440000000	n/a	n/a	STATUS	n/a	n/a	D255
746.7000000000	n/a	n/a	STATUS	n/a	n/a	D188
746.7520000000	n/a	n/a	STATUS	n/a	n/a	D255
746.7880000000	n/a	n/a	STATUS	n/a	n/a	DI52
746.8400000000	n/a	n/a	STATUS	n/a	n/a	D255
747.0400000000	n/a	n/a	STATUS	n/a	n/a	DI42
747.0920000000	n/a	n/a	STATUS	n/a	n/a	D255
747.3520000000	n/a	n/a	STATUS	n/a	n/a	DIN5
747.4000000000	n/a	n/a	STATUS	n/a	n/a	D255
747.9080000000	n/a	n/a	STATUS	n/a	n/a	D162
747.9560000000	n/a	n/a	STATUS	n/a	n/a	D255
747.9920000000	n/a	n/a	STATUS	n/a	n/a	DI54
748.0440000000	n/a	n/a	STATUS	n/a	n/a	D255
748.2600000000	n/a	n/a	STATUS	n/a	n/a	DI34
748.3120000000	n/a	n/a	STATUS	n/a	n/a	D255
748.5720000000	n/a	n/a	STATUS	n/a	n/a	DIN5
748.6200000000	n/a	n/a	STATUS	n/a	n/a	D255
749.0440000000	n/a	n/a	STATUS	n/a	n/a	D200
749.0960000000	n/a	n/a	STATUS	n/a	n/a	D255
749.1320000000	n/a	n/a	STATUS	n/a	n/a	DI54
749.1840000000	n/a	n/a	STATUS	n/a	n/a	D255
749.4840000000	n/a	n/a	STATUS	n/a	n/a	DI34
749.5360000000	n/a	n/a	STATUS	n/a	n/a	D255
749.7960000000	n/a	n/a	STATUS	n/a	n/a	DIN5
749.8440000000	n/a	n/a	STATUS	n/a	n/a	D255
750.3160000000	n/a	n/a	STATUS	n/a	n/a	D134
750.3640000000	n/a	n/a	STATUS	n/a	n/a	D255
750.4040000000	n/a	n/a	STATUS	n/a	n/a	DI53
750.4520000000	n/a	n/a	STATUS	n/a	n/a	D255
750.7040000000	n/a	n/a	STATUS	n/a	n/a	DI43
750.7520000000	n/a	n/a	STATUS	n/a	n/a	D255
751.0120000000	n/a	n/a	STATUS	n/a	n/a	DIN5
751.0640000000	n/a	n/a	STATUS	n/a	n/a	D255
751.5520000000	n/a	n/a	STATUS	n/a	n/a	D179
751.6040000000	n/a	n/a	STATUS	n/a	n/a	D255
751.6400000000	n/a	n/a	STATUS	n/a	n/a	DI53
751.6880000000	n/a	n/a	STATUS	n/a	n/a	D255
751.9440000000	n/a	n/a	STATUS	n/a	n/a	DI43
751.9960000000	n/a	n/a	STATUS	n/a	n/a	D255
752.2520000000	n/a	n/a	STATUS	n/a	n/a	DIN5
752.3040000000	n/a	n/a	STATUS	n/a	n/a	D255
752.6080000000	n/a	n/a	STATUS	n/a	n/a	DI79
752.6600000000	n/a	n/a	STATUS	n/a	n/a	D255
752.6960000000	n/a	n/a	STATUS	n/a	n/a	DI54
752.7440000000	n/a	n/a	STATUS	n/a	n/a	D255
753.0280000000	n/a	n/a	STATUS	n/a	n/a	DI34
753.0800000000	n/a	n/a	STATUS	n/a	n/a	D255
753.3360000000	n/a	n/a	STATUS	n/a	n/a	DIN5
753.3880000000	n/a	n/a	STATUS	n/a	n/a	D255
753.7720000000	n/a	n/a	STATUS	n/a	n/a	D211
753.8240000000	n/a	n/a	STATUS	n/a	n/a	D255
753.8600000000	n/a	n/a	STATUS	n/a	n/a	DI51
753.9120000000	n/a	n/a	STATUS	n/a	n/a	D255
754.2640000000	n/a	n/a	STATUS	n/a	n/a	DI31
754.3160000000	n/a	n/a	STATUS	n/a	n/a	D255
754.5720000000	n/a	n/a	STATUS	n/a	n/a	DIN5
754.6240000000	n/a	n/a	STATUS	n/a	n/a	D255
755.0520000000	n/a	n/a	STATUS	n/a	n/a	D227
755.1040000000	n/a	n/a	STATUS	n/a	n/a	D255
755.1440000000	n/a	n/a	STATUS	n/a	n/a	DI54
755.1920000000	n/a	n/a	STATUS	n/a	n/a	D255
755.4400000000	n/a	n/a	STATUS	n/a	n/a	DI34
755.4880000000	n/a	n/a	STATUS	n/a	n/a	D255
755.7480000000	n/a	n/a	STATUS	n/a	n/a	DIN5
755.8000000000	n/a	n/a	STATUS	n/a	n/a	D255
756.1800000000	n/a	n/a	STATUS	n/a	n/a	D206
756.2280000000	n/a	n/a	STATUS	n/a	n/a	D255
756.2680000000	n/a	n/a	STATUS	n/a	n/a	DI52
756.3160000000	n/a	n/a	STATUS	n/a	n/a	D255
756.6720000000	n/a	n/a	STATUS	n/a	n/a	DI42
756.7200000000	n/a	n/a	STATUS	n/a	n/a	D255
756.9800000000	n/a	n/a	STATUS	n/a	n/a	DIN5
757.0320000000	n/a	n/a	STATUS	n/a	n/a	D255
757.4200000000	n/a	n/a	STATUS	n/a	n/a	D115
757.4720000000	n/a	n/a	STATUS	n/a	n/a	D255
757.5080000000	n/a	n/a	STATUS	n/a	n/a	DI52
757.5600000000	n/a	n/a	STATUS	n/a	n/a	D255
757.6800000000	n/a	n/a	STATUS	n/a	n/a	DI12
757.7280000000	n/a	n/a	STATUS	n/a	n/a	D255
757.7320000000	n/a	n/a	STATUS	n/a	n/a	DIN4
757.7840000000	n/a	n/a	STATUS	n/a	n/a	D255
758.5400000000	n/a	n/a	STATUS	n/a	n/a	DIN5
758.5880000000	n/a	n/a	STATUS	n/a	n/a	D255
758.9480000000	n/a	n/a	STATUS	n/a	n/a	DI73
759.0000000000	n/a	n/a	STATUS	n/a	n/a	D255
759.0360000000	n/a	n/a	STATUS	n/a	n/a	DI53
759.0880000000	n/a	n/a	STATUS	n/a	n/a	D255
759.2280000000	n/a	n/a	STATUS	n/a	n/a	DI43
759.2760000000	n/a	n/a	STATUS	n/a	n/a	D255
759.5360000000	n/a	n/a	STATUS	n/a	n/a	DIN5
759.5880000000	n/a	n/a	STATUS	n/a	n/a	D255
759.9760000000	n/a	n/a	STATUS	n/a	n/a	DI83
760.0280000000	n/a	n/a	STATUS	n/a	n/a	D255
760.0640000000	n/a	n/a	STATUS	n/a	n/a	DI52
760.1160000000	n/a	n/a	STATUS	n/a	n/a	D255
760.3800000000	n/a	n/a	STATUS	n/a	n/a	DI12
760.4280000000	n/a	n/a	STATUS	n/a	n/a	D255
760.4320000000	n/a	n/a	STATUS	n/a	n/a	DIN4
760.4840000000	n/a	n/a	STATUS	n/a	n/a	D255
761.2400000000	n/a	n/a	STATUS	n/a	n/a	DIN5
761.2880000000	n/a	n/a	STATUS	n/a	n/a	D255
761.6800000000	n/a	n/a	STATUS	n/a	n/a	D175
761.7280000000	n/a	n/a	STATUS	n/a	n/a	D255
761.7680000000	n/a	n/a	STATUS	n/a	n/a	DI51
761.8160000000	n/a	n/a	STATUS	n/a	n/a	D255
762.0360000000	n/a	n/a	STATUS	n/a	n/a	DI21
762.0880000000	n/a	n/a	STATUS	n/a	n/a	D255
762.0920000000	n/a	n/a	STATUS	n/a	n/a	DIN4
762.1400000000	n/a	n/a	STATUS	n/a	n/a	D255
762.8960000000	n/a	n/a	STATUS	n/a	n/a	DIN5
762.9480000000	n/a	n/a	STATUS	n/a	n/a	D255
763.4200000000	n/a	n/a	STATUS	n/a	n/a	D207
763.4720000000	n/a	n/a	STATUS	n/a	n/a	D255
763.5080000000	n/a	n/a	STATUS	n/a	n/a	DI53
763.5600000000	n/a	n/a	STATUS	n/a	n/a	D255
763.7440000000	n/a	n/a	STATUS	n/a	n/a	DI13
763.7960000000	n/a	n/a	STATUS	n/a	n/a	D255
763.8000000000	n/a	n/a	STATUS	n/a	n/a	DIN4
763.8520000000	n/a	n/a	STATUS	n/a	n/a	D255
764.6040000000	n/a	n/a	STATUS	n/a	n/a	DIN5
764.6560000000	n/a	n/a	STATUS	n/a	n/a	D255
765.0440000000	n/a	n/a	STATUS	n/a	n/a	D139
765.0960000000	n/a	n/a	STATUS	n/a	n/a	D255
765.1320000000	n/a	n/a	STATUS	n/a	n/a	DI52
765.1840000000	n/a	n/a	STATUS	n/a	n/a	D255
765.3360000000	n/a	n/a	STATUS	n/a	n/a	DI42
765.3840000000	n/a	n/a	STATUS	n/a	n/a	D255
765.6440000000	n/a	n/a	STATUS	n/a	n/a	DIN5
765.6960000000	n/a	n/a	STATUS	n/a	n/a	D255
766.1480000000	n/a	n/a	STATUS	n/a	n/a	D127
766.2000000000	n/a	n/a	STATUS	n/a	n/a	D255
766.2360000000	n/a	n/a	STATUS	n/a	n/a	DI53
766.2880000000	n/a	n/a	STATUS	n/a	n/a	D255
766.5200000000	n/a	n/a	STATUS	n/a	n/a	DI43
766.5680000000	n/a	n/a	STATUS	n/a	n/a	D255
766.8280000000	n/a	n/a	STATUS	n/a	n/a	DIN5
766.8800000000	n/a	n/a	STATUS	n/a	n/a	D255
767.3200000000	n/a	n/a	STATUS	n/a	n/a	D147
767.3680000000	n/a	n/a	STATUS	n/a	n/a	D255
767.4080000000	n/a	n/a	STATUS	n/a	n/a	DI51
767.4560000000	n/a	n/a	STATUS	n/a	n/a	D255
767.8720000000	n/a	n/a	STATUS	n/a	n/a	DI31
767.9200000000	n/a	n/a	STATUS	n/a	n/a	D255
768.1800000000	n/a	n/a	STATUS	n/a	n/a	DIN5
768.2280000000	n/a	n/a	STATUS	n/a	n/a	D255
768.5920000000	n/a	n/a	STATUS	n/a	n/a	D250
768.6440000000	n/a	n/a	STATUS	n/a	n/a	D255
768.6840000000	n/a	n/a	STATUS	n/a	n/a	DI53
768.7320000000	n/a	n/a	STATUS	n/a	n/a	D255
769.0160000000	n/a	n/a	STATUS	n/a	n/a	DI43
769.0680000000	n/a	n/a	STATUS	n/a	n/a	D255
769.3280000000	n/a	n/a	STATUS	n/a	n/a	DIN5
769.3760000000	n/a	n/a	STATUS	n/a	n/a	D255
769.7920000000	n/a	n/a	STATUS	n/a	n/a	D142
769.8400000000	n/a	n/a	STATUS	n/a	n/a	D255
769.8800000000	n/a	n/a	STATUS	n/a	n/a	DI53
769.9280000000	n/a	n/a	STATUS	n/a	n/a	D255
770.1760000000	n/a	n/a	STATUS	n/a	n/a	DI43
770.2240000000	n/a	n/a	STATUS	n/a	n/a	D255
770.4840000000	n/a	n/a	STATUS	n/a	n/a	DIN5
770.5360000000	n/a	n/a	STATUS	n/a	n/a	D255
770.5360000000	n/a	n/a	STATUS	n/a	n/a	D239
770.9200000000	n/a	n/a	STATUS	n/a	n/a	D130
770.9680000000	n/a	n/a	STATUS	n/a	n/a	D255
771.0080000000	n/a	n/a	STATUS	n/a	n/a	DI51
771.0560000000	n/a	n/a	STATUS	n/a	n/a	D255
771.3720000000	n/a	n/a	STATUS	n/a	n/a	DI31
771.4240000000	n/a	n/a	STATUS	n/a	n/a	D255
771.6800000000	n/a	n/a	STATUS	n/a	n/a	DIN5
771.7320000000	n/a	n/a	STATUS	n/a	n/a	D255
772.1760000000	n/a	n/a	STATUS	n/a	n/a	D182
772.2280000000	n/a	n/a	STATUS	n/a	n/a	D255
772.2640000000	n/a	n/a	STATUS	n/a	n/a	DI51
772.3160000000	n/a	n/a	STATUS	n/a	n/a	D255
772.3560000000	n/a	n/a	STATUS	n/a	n/a	DI21
772.4040000000	n/a	n/a	STATUS	n/a	n/a	D255
772.4080000000	n/a	n/a	STATUS	n/a	n/a	DIN4
772.4600000000	n/a	n/a	STATUS	n/a	n/a	D255
773.2160000000	n/a	n/a	STATUS	n/a	n/a	DIN5
773.2640000000	n/a	n/a	STATUS	n/a	n/a	D255
773.6560000000	n/a	n/a	STATUS	n/a	n/a	DI93
773.7040000000	n/a	n/a	STATUS	n/a	n/a	D255
773.7440000000	n/a	n/a	STATUS	n/a	n/a	DI54
773.7920000000	n/a	n/a	STATUS	n/a	n/a	D255
774.0600000000	n/a	n/a	STATUS	n/a	n/a	DI34
774.1120000000	n/a	n/a	STATUS	n/a	n/a	D255
774.3720000000	n/a	n/a	STATUS	n/a	n/a	DIN5
774.4200000000	n/a	n/a	STATUS	n/a	n/a	D255
774.7240000000	n/a	n/a	STATUS	n/a	n/a	D121
774.7760000000	n/a	n/a	STATUS	n/a	n/a	D255
774.8120000000	n/a	n/a	STATUS	n/a	n/a	DI54
774.8640000000	n/a	n/a	STATUS	n/a	n/a	D255
775.1280000000	n/a	n/a	STATUS	n/a	n/a	DI34
775.1760000000	n/a	n/a	STATUS	n/a	n/a	D255
775.4360000000	n/a	n/a	STATUS	n/a	n/a	DIN5
775.4880000000	n/a	n/a	STATUS	n/a	n/a	D255
775.8200000000	n/a	n/a	STATUS	n/a	n/a	D116
775.8720000000	n/a	n/a	STATUS	n/a	n/a	D255
775.9080000000	n/a	n/a	STATUS	n/a	n/a	DI52
775.9560000000	n/a	n/a	STATUS	n/a	n/a	D255
776.3080000000	n/a	n/a	STATUS	n/a	n/a	DI42
776.3600000000	n/a	n/a	STATUS	n/a	n/a	D255
776.6200000000	n/a	n/a	STATUS	n/a	n/a	DIN5
776.6680000000	n/a	n/a	STATUS	n/a	n/a	D255
777.0320000000	n/a	n/a	STATUS	n/a	n/a	D205
777.0840000000	n/a	n/a	STATUS	n/a	n/a	D255
777.1200000000	n/a	n/a	STATUS	n/a	n/a	DI53
777.1720000000	n/a	n/a	STATUS	n/a	n/a	D255
777.5520000000	n/a	n/a	STATUS	n/a	n/a	DI43
777.6040000000	n/a	n/a	STATUS	n/a	n/a	D255
777.8640000000	n/a	n/a	STATUS	n/a	n/a	DIN5
777.9120000000	n/a	n/a	STATUS	n/a	n/a	D255
778.3280000000	n/a	n/a	STATUS	n/a	n/a	DI68
778.3760000000	n/a	n/a	STATUS	n/a	n/a	D255
778.4160000000	n/a	n/a	STATUS	n/a	n/a	DI54
778.4640000000	n/a	n/a	STATUS	n/a	n/a	D255
778.7240000000	n/a	n/a	STATUS	n/a	n/a	DI34
778.7720000000	n/a	n/a	STATUS	n/a	n/a	D255
779.0320000000	n/a	n/a	STATUS	n/a	n/a	DIN5
779.0840000000	n/a	n/a	STATUS	n/a	n/a	D255
779.4280000000	n/a	n/a	STATUS	n/a	n/a	DI69
779.4760000000	n/a	n/a	STATUS	n/a	n/a	D255
779.5160000000	n/a	n/a	STATUS	n/a	n/a	DI54
779.5680000000	n/a	n/a	STATUS	n/a	n/a	D255
779.8960000000	n/a	n/a	STATUS	n/a	n/a	DI34
779.9440000000	n/a	n/a	STATUS	n/a	n/a	D255
780.2040000000	n/a	n/a	STATUS	n/a	n/a	DIN5
780.2560000000	n/a	n/a	STATUS	n/a	n/a	D255
780.6240000000	n/a	n/a	STATUS	n/a	n/a	D190
780.6760000000	n/a	n/a	STATUS	n/a	n/a	D255
780.7120000000	n/a	n/a	STATUS	n/a	n/a	DI51
780.7600000000	n/a	n/a	STATUS	n/a	n/a	D255
781.1400000000	n/a	n/a	STATUS	n/a	n/a	DI31
781.1920000000	n/a	n/a	STATUS	n/a	n/a	D255
781.4520000000	n/a	n/a	STATUS	n/a	n/a	DIN5
781.5040000000	n/a	n/a	STATUS	n/a	n/a	D255
781.9080000000	n/a	n/a	STATUS	n/a	n/a	D176
781.9560000000	n/a	n/a	STATUS	n/a	n/a	D255
781.9960000000	n/a	n/a	STATUS	n/a	n/a	DI51
782.0440000000	n/a	n/a	STATUS	n/a	n/a	D255
782.4800000000	n/a	n/a	STATUS	n/a	n/a	DI31
782.5320000000	n/a	n/a	STATUS	n/a	n/a	D255
782.7920000000	n/a	n/a	STATUS	n/a	n/a	DIN5
782.8400000000	n/a	n/a	STATUS	n/a	n/a	D255
783.3440000000	n/a	n/a	STATUS	n/a	n/a	D169
783.3960000000	n/a	n/a	STATUS	n/a	n/a	D255
783.4320000000	n/a	n/a	STATUS	n/a	n/a	DI52
783.4840000000	n/a	n/a	STATUS	n/a	n/a	D255
783.9480000000	n/a	n/a	STATUS	n/a	n/a	DI42
783.9960000000	n/a	n/a	STATUS	n/a	n/a	D255
784.2560000000	n/a	n/a	STATUS	n/a	n/a	DIN5
784.3080000000	n/a	n/a	STATUS	n/a	n/a	D255
784.7360000000	n/a	n/a	STATUS	n/a	n/a	D201
784.7880000000	n/a	n/a	STATUS	n/a	n/a	D255
784.8240000000	n/a	n/a	STATUS	n/a	n/a	DI52
784.8720000000	n/a	n/a	STATUS	n/a	n/a	D255
785.0960000000	n/a	n/a	STATUS	n/a	n/a	DI12
785.1480000000	n/a	n/a	STATUS	n/a	n/a	D255
785.1520000000	n/a	n/a	STATUS	n/a	n/a	DIN4
785.2040000000	n/a	n/a	STATUS	n/a	n/a	D255
785.9560000000	n/a	n/a	STATUS	n/a	n/a	DIN5
786.0080000000	n/a	n/a	STATUS	n/a	n/a	D255
786.3640000000	n/a	n/a	STATUS	n/a	n/a	DI98
786.4120000000	n/a	n/a	STATUS	n/a	n/a	D255
786.4480000000	n/a	n/a	STATUS	n/a	n/a	DI54
786.5000000000	n/a	n/a	STATUS	n/a	n/a	D255
786.8120000000	n/a	n/a	STATUS	n/a	n/a	DI34
786.8600000000	n/a	n/a	STATUS	n/a	n/a	D255
787.1200000000	n/a	n/a	STATUS	n/a	n/a	DIN5
787.1720000000	n/a	n/a	STATUS	n/a	n/a	D255
787.4800000000	n/a	n/a	STATUS	n/a	n/a	D194
787.5320000000	n/a	n/a	STATUS	n/a	n/a	D255
787.5680000000	n/a	n/a	STATUS	n/a	n/a	DI52
787.6200000000	n/a	n/a	STATUS	n/a	n/a	D255
787.9800000000	n/a	n/a	STATUS	n/a	n/a	DI42
788.0320000000	n/a	n/a	STATUS	n/a	n/a	D255
788.2880000000	n/a	n/a	STATUS	n/a	n/a	DIN5
788.3400000000	n/a	n/a	STATUS	n/a	n/a	D255
788.7720000000	n/a	n/a	STATUS	n/a	n/a	DI92
788.8240000000	n/a	n/a	STATUS	n/a	n/a	D255
788.8640000000	n/a	n/a	STATUS	n/a	n/a	DI54
788.9120000000	n/a	n/a	STATUS	n/a	n/a	D255
789.1440000000	n/a	n/a	STATUS	n/a	n/a	DI34
789.1920000000	n/a	n/a	STATUS	n/a	n/a	D255
789.4520000000	n/a	n/a	STATUS	n/a	n/a	DIN5
789.5040000000	n/a	n/a	STATUS	n/a	n/a	D255
789.8480000000	n/a	n/a	STATUS	n/a	n/a	D155
789.8960000000	n/a	n/a	STATUS	n/a	n/a	D255
789.9360000000	n/a	n/a	STATUS	n/a	n/a	DI52
789.9840000000	n/a	n/a	STATUS	n/a	n/a	D255
790.3040000000	n/a	n/a	STATUS	n/a	n/a	DI42
790.3520000000	n/a	n/a	STATUS	n/a	n/a	D255
790.6120000000	n/a	n/a	STATUS	n/a	n/a	DIN5
790.6640000000	n/a	n/a	STATUS	n/a	n/a	D255
791.0640000000	n/a	n/a	STATUS	n/a	n/a	D237
791.1120000000	n/a	n/a	STATUS	n/a	n/a	D255
791.1480000000	n/a	n/a	STATUS	n/a	n/a	DI54
791.2000000000	n/a	n/a	STATUS	n/a	n/a	D255
791.5400000000	n/a	n/a	STATUS	n/a	n/a	DI34
791.5920000000	n/a	n/a	STATUS	n/a	n/a	D255
806.6560000000	n/a	n/a	STATUS	n/a	n/a	DIN5
806.7080000000	n/a	n/a	STATUS	n/a	n/a	D255
807.1280000000	n/a	n/a	STATUS	n/a	n/a	D145
807.1760000000	n/a	n/a	STATUS	n/a	n/a	D255
807.2160000000	n/a	n/a	STATUS	n/a	n/a	DI51
807.2640000000	n/a	n/a	STATUS	n/a	n/a	D255
807.6440000000	n/a	n/a	STATUS	n/a	n/a	DI21
807.6960000000	n/a	n/a	STATUS	n/a	n/a	D255
807.7000000000	n/a	n/a	STATUS	n/a	n/a	DIN4
807.7480000000	n/a	n/a	STATUS	n/a	n/a	D255
808.5040000000	n/a	n/a	STATUS	n/a	n/a	DIN5
808.5560000000	n/a	n/a	STATUS	n/a	n/a	D255
809.0040000000	n/a	n/a	STATUS	n/a	n/a	DI93
809.0560000000	n/a	n/a	STATUS	n/a	n/a	D255
809.0920000000	n/a	n/a	STATUS	n/a	n/a	DI51
809.1440000000	n/a	n/a	STATUS	n/a	n/a	D255
809.3320000000	n/a	n/a	STATUS	n/a	n/a	DI21
809.3800000000	n/a	n/a	STATUS	n/a	n/a	D255
809.3840000000	n/a	n/a	STATUS	n/a	n/a	DIN4
809.4360000000	n/a	n/a	STATUS	n/a	n/a	D255
810.1920000000	n/a	n/a	STATUS	n/a	n/a	DIN5
810.2400000000	n/a	n/a	STATUS	n/a	n/a	D255
810.6000000000	n/a	n/a	STATUS	n/a	n/a	D230
810.6520000000	n/a	n/a	STATUS	n/a	n/a	D255
810.6880000000	n/a	n/a	STATUS	n/a	n/a	DI54
810.7400000000	n/a	n/a	STATUS	n/a	n/a	D255
811.1000000000	n/a	n/a	STATUS	n/a	n/a	DI34
811.1520000000	n/a	n/a	STATUS	n/a	n/a	D255
811.4120000000	n/a	n/a	STATUS	n/a	n/a	DIN5
811.4600000000	n/a	n/a	STATUS	n/a	n/a	D255
811.7880000000	n/a	n/a	STATUS	n/a	n/a	D126
811.8400000000	n/a	n/a	STATUS	n/a	n/a	D255
811.8760000000	n/a	n/a	STATUS	n/a	n/a	DI53
811.9280000000	n/a	n/a	STATUS	n/a	n/a	D255
812.1240000000	n/a	n/a	STATUS	n/a	n/a	DI43
812.1720000000	n/a	n/a	STATUS	n/a	n/a	D255
812.4320000000	n/a	n/a	STATUS	n/a	n/a	DIN5
812.4840000000	n/a	n/a	STATUS	n/a	n/a	D255
812.8560000000	n/a	n/a	STATUS	n/a	n/a	D154
812.9080000000	n/a	n/a	STATUS	n/a	n/a	D255
812.9440000000	n/a	n/a	STATUS	n/a	n/a	DI51
812.9960000000	n/a	n/a	STATUS	n/a	n/a	D255
813.3640000000	n/a	n/a	STATUS	n/a	n/a	DI31
813.4120000000	n/a	n/a	STATUS	n/a	n/a	D255
813.6720000000	n/a	n/a	STATUS	n/a	n/a	DIN5
813.7240000000	n/a	n/a	STATUS	n/a	n/a	D255
814.0880000000	n/a	n/a	STATUS	n/a	n/a	D242
814.1360000000	n/a	n/a	STATUS	n/a	n/a	D255
814.1760000000	n/a	n/a	STATUS	n/a	n/a	DI51
814.2240000000	n/a	n/a	STATUS	n/a	n/a	D255
814.4520000000	n/a	n/a	STATUS	n/a	n/a	DI21
814.5040000000	n/a	n/a	STATUS	n/a	n/a	D255
814.5080000000	n/a	n/a	STATUS	n/a	n/a	DIN4
814.5560000000	n/a	n/a	STATUS	n/a	n/a	D255
815.3120000000	n/a	n/a	STATUS	n/a	n/a	DIN5
815.3640000000	n/a	n/a	STATUS	n/a	n/a	D255
815.8320000000	n/a	n/a	STATUS	n/a	n/a	D231
815.8840000000	n/a	n/a	STATUS	n/a	n/a	D255
815.9200000000	n/a	n/a	STATUS	n/a	n/a	DI54
815.9720000000	n/a	n/a	STATUS	n/a	n/a	D255
816.1840000000	n/a	n/a	STATUS	n/a	n/a	DI34
816.2320000000	n/a	n/a	STATUS	n/a	n/a	D255
816.4920000000	n/a	n/a	STATUS	n/a	n/a	DIN5
816.5400000000	n/a	n/a	STATUS	n/a	n/a	D255
816.9720000000	n/a	n/a	STATUS	n/a	n/a	D131
817.0200000000	n/a	n/a	STATUS	n/a	n/a	D255
817.0600000000	n/a	n/a	STATUS	n/a	n/a	DI52
817.1080000000	n/a	n/a	STATUS	n/a	n/a	D255
817.3880000000	n/a	n/a	STATUS	n/a	n/a	DI42
817.4400000000	n/a	n/a	STATUS	n/a	n/a	D255
817.7000000000	n/a	n/a	STATUS	n/a	n/a	DIN5
817.7480000000	n/a	n/a	STATUS	n/a	n/a	D255
818.1640000000	n/a	n/a	STATUS	n/a	n/a	D159
818.2120000000	n/a	n/a	STATUS	n/a	n/a	D255
818.2520000000	n/a	n/a	STATUS	n/a	n/a	DI53
818.3000000000	n/a	n/a	STATUS	n/a	n/a	D255
818.5480000000	n/a	n/a	STATUS	n/a	n/a	DI43
818.6000000000	n/a	n/a	STATUS	n/a	n/a	D255
818.8560000000	n/a	n/a	STATUS	n/a	n/a	DIN5
818.9080000000	n/a	n/a	STATUS	n/a	n/a	D255
819.3520000000	n/a	n/a	STATUS	n/a	n/a	D205
819.4040000000	n/a	n/a	STATUS	n/a	n/a	D255
819.4400000000	n/a	n/a	STATUS	n/a	n/a	DI52
819.4880000000	n/a	n/a	STATUS	n/a	n/a	D255
819.7720000000	n/a	n/a	STATUS	n/a	n/a	DI12
819.8200000000	n/a	n/a	STATUS	n/a	n/a	D255
819.8240000000	n/a	n/a	STATUS	n/a	n/a	DIN4
819.8720000000	n/a	n/a	STATUS	n/a	n/a	D255
820.6280000000	n/a	n/a	STATUS	n/a	n/a	DIN5
820.6800000000	n/a	n/a	STATUS	n/a	n/a	D255
821.0600000000	n/a	n/a	STATUS	n/a	n/a	DI79
821.1080000000	n/a	n/a	STATUS	n/a	n/a	D255
821.1480000000	n/a	n/a	STATUS	n/a	n/a	DI52
821.2000000000	n/a	n/a	STATUS	n/a	n/a	D255
821.4560000000	n/a	n/a	STATUS	n/a	n/a	DI42
821.5040000000	n/a	n/a	STATUS	n/a	n/a	D255
821.7640000000	n/a	n/a	STATUS	n/a	n/a	DIN5
821.8160000000	n/a	n/a	STATUS	n/a	n/a	D255
822.3080000000	n/a	n/a	STATUS	n/a	n/a	D172
822.3600000000	n/a	n/a	STATUS	n/a	n/a	D255
822.3960000000	n/a	n/a	STATUS	n/a	n/a	DI54
822.4480000000	n/a	n/a	STATUS	n/a	n/a	D255
822.6720000000	n/a	n/a	STATUS	n/a	n/a	DI34
822.7240000000	n/a	n/a	STATUS	n/a	n/a	D255
822.9800000000	n/a	n/a	STATUS	n/a	n/a	DIN5
823.0320000000	n/a	n/a	STATUS	n/a	n/a	D255
823.5000000000	n/a	n/a	STATUS	n/a	n/a	D101
823.5520000000	n/a	n/a	STATUS	n/a	n/a	D255
823.5880000000	n/a	n/a	STATUS	n/a	n/a	DI51
823.6400000000	n/a	n/a	STATUS	n/a	n/a	D255
823.8080000000	n/a	n/a	STATUS	n/a	n/a	DI21
823.8600000000	n/a	n/a	STATUS	n/a	n/a	D255
823.8640000000	n/a	n/a	STATUS	n/a	n/a	DIN4
823.9160000000	n/a	n/a	STATUS	n/a	n/a	D255
824.6680000000	n/a	n/a	STATUS	n/a	n/a	DIN5
824.7200000000	n/a	n/a	STATUS	n/a	n/a	D255
825.1960000000	n/a	n/a	STATUS	n/a	n/a	D195
825.2440000000	n/a	n/a	STATUS	n/a	n/a	D255
825.2840000000	n/a	n/a	STATUS	n/a	n/a	DI52
825.3320000000	n/a	n/a	STATUS	n/a	n/a	D255
825.6760000000	n/a	n/a	STATUS	n/a	n/a	DI42
825.7240000000	n/a	n/a	STATUS	n/a	n/a	D255
825.9840000000	n/a	n/a	STATUS	n/a	n/a	DIN5
826.0360000000	n/a	n/a	STATUS	n/a	n/a	D255
826.3600000000	n/a	n/a	STATUS	n/a	n/a	D245
826.4080000000	n/a	n/a	STATUS	n/a	n/a	D255
826.4480000000	n/a	n/a	STATUS	n/a	n/a	DI52
826.4960000000	n/a	n/a	STATUS	n/a	n/a	D255
826.8360000000	n/a	n/a	STATUS	n/a	n/a	DI42
826.8880000000	n/a	n/a	STATUS	n/a	n/a	D255
827.1480000000	n/a	n/a	STATUS	n/a	n/a	DIN5
827.1960000000	n/a	n/a	STATUS	n/a	n/a	D255
827.5160000000	n/a	n/a	STATUS	n/a	n/a	DI95
827.5680000000	n/a	n/a	STATUS	n/a	n/a	D255
827.6040000000	n/a	n/a	STATUS	n/a	n/a	DI53
827.6560000000	n/a	n/a	STATUS	n/a	n/a	D255
827.8560000000	n/a	n/a	STATUS	n/a	n/a	DI43
827.9040000000	n/a	n/a	STATUS	n/a	n/a	D255
828.1640000000	n/a	n/a	STATUS	n/a	n/a	DIN5
828.2120000000	n/a	n/a	STATUS	n/a	n/a	D255
828.5560000000	n/a	n/a	STATUS	n/a	n/a	D160
828.6040000000	n/a	n/a	STATUS	n/a	n/a	D255
828.6400000000	n/a	n/a	STATUS	n/a	n/a	DI52
828.6920000000	n/a	n/a	STATUS	n/a	n/a	D255
828.9640000000	n/a	n/a	STATUS	n/a	n/a	DI42
829.0120000000	n/a	n/a	STATUS	n/a	n/a	D255
829.2720000000	n/a	n/a	STATUS	n/a	n/a	DIN5
829.3240000000	n/a	n/a	STATUS	n/a	n/a	D255
829.8120000000	n/a	n/a	STATUS	n/a	n/a	DI74
829.8640000000	n/a	n/a	STATUS	n/a	n/a	D255
829.9000000000	n/a	n/a	STATUS	n/a	n/a	DI51
829.9520000000	n/a	n/a	STATUS	n/a	n/a	D255
830.1600000000	n/a	n/a	STATUS	n/a	n/a	DI21
830.2080000000	n/a	n/a	STATUS	n/a	n/a	D255
830.2160000000	n/a	n/a	STATUS	n/a	n/a	DIN4
830.2640000000	n/a	n/a	STATUS	n/a	n/a	D255
831.0200000000	n/a	n/a	STATUS	n/a	n/a	DIN5
831.0680000000	n/a	n/a	STATUS	n/a	n/a	D255
831.3920000000	n/a	n/a	STATUS	n/a	n/a	D135
831.4440000000	n/a	n/a	STATUS	n/a	n/a	D255
831.4800000000	n/a	n/a	STATUS	n/a	n/a	DI53
831.5320000000	n/a	n/a	STATUS	n/a	n/a	D255
831.8120000000	n/a	n/a	STATUS	n/a	n/a	DI43
831.8600000000	n/a	n/a	STATUS	n/a	n/a	D255
832.1200000000	n/a	n/a	STATUS	n/a	n/a	DIN5
832.1720000000	n/a	n/a	STATUS	n/a	n/a	D255
832.6560000000	n/a	n/a	STATUS	n/a	n/a	DI80
832.7040000000	n/a	n/a	STATUS	n/a	n/a	D255
832.7400000000	n/a	n/a	STATUS	n/a	n/a	DI52
832.7920000000	n/a	n/a	STATUS	n/a	n/a	D255
833.0120000000	n/a	n/a	STATUS	n/a	n/a	DI12
833.0640000000	n/a	n/a	STATUS	n/a	n/a	D255
833.0680000000	n/a	n/a	STATUS	n/a	n/a	DIN4
833.1160000000	n/a	n/a	STATUS	n/a	n/a	D255
833.8720000000	n/a	n/a	STATUS	n/a	n/a	DIN5
833.9240000000	n/a	n/a	STATUS	n/a	n/a	D255
834.4120000000	n/a	n/a	STATUS	n/a	n/a	D121
834.4600000000	n/a	n/a	STATUS	n/a	n/a	D255
834.5000000000	n/a	n/a	STATUS	n/a	n/a	DI53
834.5480000000	n/a	n/a	STATUS	n/a	n/a	D255
834.8520000000	n/a	n/a	STATUS	n/a	n/a	DI43
834.9040000000	n/a	n/a	STATUS	n/a	n/a	D255
835.1640000000	n/a	n/a	STATUS	n/a	n/a	DIN5
835.2120000000	n/a	n/a	STATUS	n/a	n/a	D255
835.5440000000	n/a	n/a	STATUS	n/a	n/a	D204
835.5920000000	n/a	n/a	STATUS	n/a	n/a	D255
835.6320000000	n/a	n/a	STATUS	n/a	n/a	DI53
835.6800000000	n/a	n/a	STATUS	n/a	n/a	D255
835.9840000000	n/a	n/a	STATUS	n/a	n/a	DI43
836.0320000000	n/a	n/a	STATUS	n/a	n/a	D255
836.2920000000	n/a	n/a	STATUS	n/a	n/a	DIN5
836.3440000000	n/a	n/a	STATUS	n/a	n/a	D255
836.8000000000	n/a	n/a	STATUS	n/a	n/a	D200
836.8520000000	n/a	n/a	STATUS	n/a	n/a	D255
836.8520000000	n/a	n/a	STATUS	n/a	n/a	D251
836.8920000000	n/a	n/a	STATUS	n/a	n/a	DI54
836.9400000000	n/a	n/a	STATUS	n/a	n/a	D255
837.2480000000	n/a	n/a	STATUS	n/a	n/a	DI34
837.3000000000	n/a	n/a	STATUS	n/a	n/a	D255
837.5600000000	n/a	n/a	STATUS	n/a	n/a	DIN5
837.6080000000	n/a	n/a	STATUS	n/a	n/a	D255
837.9880000000	n/a	n/a	STATUS	n/a	n/a	DI76
838.0400000000	n/a	n/a	STATUS	n/a	n/a	D255
838.0760000000	n/a	n/a	STATUS	n/a	n/a	DI54
838.1280000000	n/a	n/a	STATUS	n/a	n/a	D255
838.4080000000	n/a	n/a	STATUS	n/a	n/a	DI34
838.4600000000	n/a	n/a	STATUS	n/a	n/a	D255
838.7160000000	n/a	n/a	STATUS	n/a	n/a	DIN5
838.7680000000	n/a	n/a	STATUS	n/a	n/a	D255
839.1720000000	n/a	n/a	STATUS	n/a	n/a	D223
839.2240000000	n/a	n/a	STATUS	n/a	n/a	D255
839.2600000000	n/a	n/a	STATUS	n/a	n/a	DI53
839.3120000000	n/a	n/a	STATUS	n/a	n/a	D255
839.5960000000	n/a	n/a	STATUS	n/a	n/a	DI43
839.6440000000	n/a	n/a	STATUS	n/a	n/a	D255
839.9040000000	n/a	n/a	STATUS	n/a	n/a	DIN5
839.9560000000	n/a	n/a	STATUS	n/a	n/a	D255
840.4200000000	n/a	n/a	STATUS	n/a	n/a	D127
840.4720000000	n/a	n/a	STATUS	n/a	n/a	D255
840.5080000000	n/a	n/a	STATUS	n/a	n/a	DI51
840.5600000000	n/a	n/a	STATUS	n/a	n/a	D255
840.9080000000	n/a	n/a	STATUS	n/a	n/a	DI31
840.9600000000	n/a	n/a	STATUS	n/a	n/a	D255
841.2160000000	n/a	n/a	STATUS	n/a	n/a	DIN5
841.2680000000	n/a	n/a	STATUS	n/a	n/a	D255
841.7720000000	n/a	n/a	STATUS	n/a	n/a	D221
841.8240000000	n/a	n/a	STATUS	n/a	n/a	D255
841.8600000000	n/a	n/a	STATUS	n/a	n/a	DI53
841.9120000000	n/a	n/a	STATUS	n/a	n/a	D255
842.0080000000	n/a	n/a	STATUS	n/a	n/a	DI43
842.0600000000	n/a	n/a	STATUS	n/a	n/a	D255
842.3200000000	n/a	n/a	STATUS	n/a	n/a	DIN5
842.3680000000	n/a	n/a	STATUS	n/a	n/a	D255
842.7320000000	n/a	n/a	STATUS	n/a	n/a	D102
842.7840000000	n/a	n/a	STATUS	n/a	n/a	D255
842.8200000000	n/a	n/a	STATUS	n/a	n/a	DI53
842.8720000000	n/a	n/a	STATUS	n/a	n/a	D255
843.1440000000	n/a	n/a	STATUS	n/a	n/a	DI43
843.1960000000	n/a	n/a	STATUS	n/a	n/a	D255
843.4560000000	n/a	n/a	STATUS	n/a	n/a	DIN5
843.5040000000	n/a	n/a	STATUS	n/a	n/a	D255
843.8720000000	n/a	n/a	STATUS	n/a	n/a	D175
843.9200000000	n/a	n/a	STATUS	n/a	n/a	D255
843.9600000000	n/a	n/a	STATUS	n/a	n/a	DI52
844.0080000000	n/a	n/a	STATUS	n/a	n/a	D255
844.3600000000	n/a	n/a	STATUS	n/a	n/a	DI42
844.4080000000	n/a	n/a	STATUS	n/a	n/a	D255
844.6680000000	n/a	n/a	STATUS	n/a	n/a	DIN5
844.7200000000	n/a	n/a	STATUS	n/a	n/a	D255
845.0920000000	n/a	n/a	STATUS	n/a	n/a	DI92
845.1440000000	n/a	n/a	STATUS	n/a	n/a	D255
845.1800000000	n/a	n/a	STATUS	n/a	n/a	DI54
845.2320000000	n/a	n/a	STATUS	n/a	n/a	D255
845.4240000000	n/a	n/a	STATUS	n/a	n/a	DI34
845.4760000000	n/a	n/a	STATUS	n/a	n/a	D255
845.7320000000	n/a	n/a	STATUS	n/a	n/a	DIN5
845.7840000000	n/a	n/a	STATUS	n/a	n/a	D255
846.1480000000	n/a	n/a	STATUS	n/a	n/a	D153
846.2000000000	n/a	n/a	STATUS	n/a	n/a	D255
846.2360000000	n/a	n/a	STATUS	n/a	n/a	DI52
846.2880000000	n/a	n/a	STATUS	n/a	n/a	D255
846.5920000000	n/a	n/a	STATUS	n/a	n/a	DI12
846.6400000000	n/a	n/a	STATUS	n/a	n/a	D255
846.6440000000	n/a	n/a	STATUS	n/a	n/a	DIN4
846.6960000000	n/a	n/a	STATUS	n/a	n/a	D255
847.4520000000	n/a	n/a	STATUS	n/a	n/a	DIN5
847.5000000000	n/a	n/a	STATUS	n/a	n/a	D255
848.0000000000	n/a	n/a	STATUS	n/a	n/a	D128
848.0520000000	n/a	n/a	STATUS	n/a	n/a	D255
848.0880000000	n/a	n/a	STATUS	n/a	n/a	DI51
848.1360000000	n/a	n/a	STATUS	n/a	n/a	D255
848.2800000000	n/a	n/a	STATUS	n/a	n/a	DI21
848.3320000000	n/a	n/a	STATUS	n/a	n/a	D255
848.3360000000	n/a	n/a	STATUS	n/a	n/a	DIN4
848.3880000000	n/a	n/a	STATUS	n/a	n/a	D255
849.1400000000	n/a	n/a	STATUS	n/a	n/a	DIN5
849.1920000000	n/a	n/a	STATUS	n/a	n/a	D255
849.5960000000	n/a	n/a	STATUS	n/a	n/a	DI71
849.6440000000	n/a	n/a	STATUS	n/a	n/a	D255
849.6840000000	n/a	n/a	STATUS	n/a	n/a	DI54
849.7360000000	n/a	n/a	STATUS	n/a	n/a	D255
850.0600000000	n/a	n/a	STATUS	n/a	n/a	DI34
850.1080000000	n/a	n/a	STATUS	n/a	n/a	D255
850.3680000000	n/a	n/a	STATUS	n/a	n/a	DIN5
850.4200000000	n/a	n/a	STATUS	n/a	n/a	D255
850.8120000000	n/a	n/a	STATUS	n/a	n/a	D211
850.8640000000	n/a	n/a	STATUS	n/a	n/a	D255
850.9000000000	n/a	n/a	STATUS	n/a	n/a	DI51
850.9520000000	n/a	n/a	STATUS	n/a	n/a	D255
851.3360000000	n/a	n/a	STATUS	n/a	n/a	DI31
851.3880000000	n/a	n/a	STATUS	n/a	n/a	D255
851.6480000000	n/a	n/a	STATUS	n/a	n/a	DIN5
851.6960000000	n/a	n/a	STATUS	n/a	n/a	D255
852.0680000000	n/a	n/a	STATUS	n/a	n/a	DI70
852.1160000000	n/a	n/a	STATUS	n/a	n/a	D255
852.1560000000	n/a	n/a	STATUS	n/a	n/a	DI54
852.2040000000	n/a	n/a	STATUS	n/a	n/a	D255
852.4840000000	n/a	n/a	STATUS	n/a	n/a	DI34
852.5320000000	n/a	n/a	STATUS	n/a	n/a	D255
852.7920000000	n/a	n/a	STATUS	n/a	n/a	DIN5
852.8440000000	n/a	n/a	STATUS	n/a	n/a	D255
853.2120000000	n/a	n/a	STATUS	n/a	n/a	DI88
853.2640000000	n/a	n/a	STATUS	n/a	n/a	D255
853.3000000000	n/a	n/a	STATUS	n/a	n/a	DI53
853.3520000000	n/a	n/a	STATUS	n/a	n/a	D255
853.5560000000	n/a	n/a	STATUS	n/a	n/a	DI43
853.6080000000	n/a	n/a	STATUS	n/a	n/a	D255
853.8680000000	n/a	n/a	STATUS	n/a	n/a	DIN5
853.9160000000	n/a	n/a	STATUS	n/a	n/a	D255
854.3280000000	n/a	n/a	STATUS	n/a	n/a	D237
854.3760000000	n/a	n/a	STATUS	n/a	n/a	D255
854.4160000000	n/a	n/a	STATUS	n/a	n/a	DI51
854.4640000000	n/a	n/a	STATUS	n/a	n/a	D255
854.7600000000	n/a	n/a	STATUS	n/a	n/a	DI31
854.8080000000	n/a	n/a	STATUS	n/a	n/a	D255
855.0680000000	n/a	n/a	STATUS	n/a	n/a	DIN5
855.1200000000	n/a	n/a	STATUS	n/a	n/a	D255
855.5920000000	n/a	n/a	STATUS	n/a	n/a	D174
855.6440000000	n/a	n/a	STATUS	n/a	n/a	D255
855.6800000000	n/a	n/a	STATUS	n/a	n/a	DI53
855.7320000000	n/a	n/a	STATUS	n/a	n/a	D255
855.9400000000	n/a	n/a	STATUS	n/a	n/a	DI43
855.9880000000	n/a	n/a	STATUS	n/a	n/a	D255
856.2480000000	n/a	n/a	STATUS	n/a	n/a	DIN5
856.3000000000	n/a	n/a	STATUS	n/a	n/a	D255
856.6680000000	n/a	n/a	STATUS	n/a	n/a	D244
856.7200000000	n/a	n/a	STATUS	n/a	n/a	D255
856.7560000000	n/a	n/a	STATUS	n/a	n/a	DI52
856.8080000000	n/a	n/a	STATUS	n/a	n/a	D255
857.0160000000	n/a	n/a	STATUS	n/a	n/a	DI12
857.0640000000	n/a	n/a	STATUS	n/a	n/a	D255
857.0720000000	n/a	n/a	STATUS	n/a	n/a	DIN4
857.1200000000	n/a	n/a	STATUS	n/a	n/a	D255
857.8760000000	n/a	n/a	STATUS	n/a	n/a	DIN5
857.9240000000	n/a	n/a	STATUS	n/a	n/a	D255
858.2600000000	n/a	n/a	STATUS	n/a	n/a	D247
858.3120000000	n/a	n/a	STATUS	n/a	n/a	D255
858.3480000000	n/a	n/a	STATUS	n/a	n/a	DI52
858.4000000000	n/a	n/a	STATUS	n/a	n/a	D255
858.5520000000	n/a	n/a	STATUS	n/a	n/a	DI42
858.6000000000	n/a	n/a	STATUS	n/a	n/a	D255
858.8600000000	n/a	n/a	STATUS	n/a	n/a	DIN5
858.9080000000	n/a	n/a	STATUS	n/a	n/a	D255
859.3680000000	n/a	n/a	STATUS	n/a	n/a	D108
859.4200000000	n/a	n/a	STATUS	n/a	n/a	D255
859.4560000000	n/a	n/a	STATUS	n/a	n/a	DI52
859.5080000000	n/a	n/a	STATUS	n/a	n/a	D255
859.7920000000	n/a	n/a	STATUS	n/a	n/a	DI12
859.8440000000	n/a	n/a	STATUS	n/a	n/a	D255
859.8480000000	n/a	n/a	STATUS	n/a	n/a	DIN4
859.8960000000	n/a	n/a	STATUS	n/a	n/a	D255
860.6520000000	n/a	n/a	STATUS	n/a	n/a	DIN5
860.7040000000	n/a	n/a	STATUS	n/a	n/a	D255
861.1320000000	n/a	n/a	STATUS	n/a	n/a	DI66
861.1840000000	n/a	n/a	STATUS	n/a	n/a	D255
861.2200000000	n/a	n/a	STATUS	n/a	n/a	DI54
861.2720000000	n/a	n/a	STATUS	n/a	n/a	D255
861.3720000000	n/a	n/a	STATUS	n/a	n/a	DI24
861.4240000000	n/a	n/a	STATUS	n/a	n/a	D255
861.4280000000	n/a	n/a	STATUS	n/a	n/a	DIN4
861.4760000000	n/a	n/a	STATUS	n/a	n/a	D255
862.2320000000	n/a	n/a	STATUS	n/a	n/a	DIN5
862.2840000000	n/a	n/a	STATUS	n/a	n/a	D255
862.7720000000	n/a	n/a	STATUS	n/a	n/a	DI65
862.8240000000	n/a	n/a	STATUS	n/a	n/a	D255
862.8600000000	n/a	n/a	STATUS	n/a	n/a	DI54
862.9120000000	n/a	n/a	STATUS	n/a	n/a	D255
863.1800000000	n/a	n/a	STATUS	n/a	n/a	DI34
863.2320000000	n/a	n/a	STATUS	n/a	n/a	D255
863.4920000000	n/a	n/a	STATUS	n/a	n/a	DIN5
863.5400000000	n/a	n/a	STATUS	n/a	n/a	D255
863.8960000000	n/a	n/a	STATUS	n/a	n/a	D206
863.9440000000	n/a	n/a	STATUS	n/a	n/a	D255
863.9800000000	n/a	n/a	STATUS	n/a	n/a	DI51
864.0320000000	n/a	n/a	STATUS	n/a	n/a	D255
864.5480000000	n/a	n/a	STATUS	n/a	n/a	DI31
864.5960000000	n/a	n/a	STATUS	n/a	n/a	D255
864.8560000000	n/a	n/a	STATUS	n/a	n/a	DIN5
864.9080000000	n/a	n/a	STATUS	n/a	n/a	D255
865.2240000000	n/a	n/a	STATUS	n/a	n/a	DI75
865.2760000000	n/a	n/a	STATUS	n/a	n/a	D255
865.3160000000	n/a	n/a	STATUS	n/a	n/a	DI51
865.3640000000	n/a	n/a	STATUS	n/a	n/a	D255
865.8120000000	n/a	n/a	STATUS	n/a	n/a	DI21
865.8640000000	n/a	n/a	STATUS	n/a	n/a	D255
865.8680000000	n/a	n/a	STATUS	n/a	n/a	DIN4
865.9160000000	n/a	n/a	STATUS	n/a	n/a	D255
866.6720000000	n/a	n/a	STATUS	n/a	n/a	DIN5
866.7240000000	n/a	n/a	STATUS	n/a	n/a	D255
867.1120000000	n/a	n/a	STATUS	n/a	n/a	D111
867.1640000000	n/a	n/a	STATUS	n/a	n/a	D255
867.2000000000	n/a	n/a	STATUS	n/a	n/a	DI51
867.2520000000	n/a	n/a	STATUS	n/a	n/a	D255
867.4280000000	n/a	n/a	STATUS	n/a	n/a	DI31
867.4800000000	n/a	n/a	STATUS	n/a	n/a	D255
867.7400000000	n/a	n/a	STATUS	n/a	n/a	DIN5
867.7880000000	n/a	n/a	STATUS	n/a	n/a	D255
868.2840000000	n/a	n/a	STATUS	n/a	n/a	D165
868.3320000000	n/a	n/a	STATUS	n/a	n/a	D255
868.3720000000	n/a	n/a	STATUS	n/a	n/a	DI51
868.4200000000	n/a	n/a	STATUS	n/a	n/a	D255
868.6880000000	n/a	n/a	STATUS	n/a	n/a	DI31
868.7400000000	n/a	n/a	STATUS	n/a	n/a	D255
869.0000000000	n/a	n/a	STATUS	n/a	n/a	DIN5
869.0480000000	n/a	n/a	STATUS	n/a	n/a	D255
869.5520000000	n/a	n/a	STATUS	n/a	n/a	D157
869.6040000000	n/a	n/a	STATUS	n/a	n/a	D255
869.6400000000	n/a	n/a	STATUS	n/a	n/a	DI52
869.6920000000	n/a	n/a	STATUS	n/a	n/a	D255
869.9320000000	n/a	n/a	STATUS	n/a	n/a	DI12
869.9800000000	n/a	n/a	STATUS	n/a	n/a	D255
869.9840000000	n/a	n/a	STATUS	n/a	n/a	DIN4
870.0360000000	n/a	n/a	STATUS	n/a	n/a	D255
870.7920000000	n/a	n/a	STATUS	n/a	n/a	DIN5
870.8400000000	n/a	n/a	STATUS	n/a	n/a	D255
871.2880000000	n/a	n/a	STATUS	n/a	n/a	D207
871.3400000000	n/a	n/a	STATUS	n/a	n/a	D255
871.3800000000	n/a	n/a	STATUS	n/a	n/a	DI54
871.4280000000	n/a	n/a	STATUS	n/a	n/a	D255
871.7800000000	n/a	n/a	STATUS	n/a	n/a	DI34
871.8280000000	n/a	n/a	STATUS	n/a	n/a	D255
872.0880000000	n/a	n/a	STATUS	n/a	n/a	DIN5
872.1400000000	n/a	n/a	STATUS	n/a	n/a	D255
872.4840000000	n/a	n/a	STATUS	n/a	n/a	D236
872.5320000000	n/a	n/a	STATUS	n/a	n/a	D255
872.5720000000	n/a	n/a	STATUS	n/a	n/a	DI53
872.6200000000	n/a	n/a	STATUS	n/a	n/a	D255
872.9680000000	n/a	n/a	STATUS	n/a	n/a	DI43
873.0200000000	n/a	n/a	STATUS	n/a	n/a	D255
873.2800000000	n/a	n/a	STATUS	n/a	n/a	DIN5
873.3280000000	n/a	n/a	STATUS	n/a	n/a	D255
873.6840000000	n/a	n/a	STATUS	n/a	n/a	D124
873.7320000000	n/a	n/a	STATUS	n/a	n/a	D255
873.7720000000	n/a	n/a	STATUS	n/a	n/a	DI53
873.8200000000	n/a	n/a	STATUS	n/a	n/a	D255
874.1480000000	n/a	n/a	STATUS	n/a	n/a	DI43
874.1960000000	n/a	n/a	STATUS	n/a	n/a	D255
874.4560000000	n/a	n/a	STATUS	n/a	n/a	DIN5
874.5080000000	n/a	n/a	STATUS	n/a	n/a	D255
874.9360000000	n/a	n/a	STATUS	n/a	n/a	D176
874.9880000000	n/a	n/a	STATUS	n/a	n/a	D255
875.0240000000	n/a	n/a	STATUS	n/a	n/a	DI54
875.0720000000	n/a	n/a	STATUS	n/a	n/a	D255
875.3080000000	n/a	n/a	STATUS	n/a	n/a	DI24
875.3600000000	n/a	n/a	STATUS	n/a	n/a	D255
875.3640000000	n/a	n/a	STATUS	n/a	n/a	DIN4
875.4160000000	n/a	n/a	STATUS	n/a	n/a	D255
876.1680000000	n/a	n/a	STATUS	n/a	n/a	DIN5
876.2200000000	n/a	n/a	STATUS	n/a	n/a	D255
876.6320000000	n/a	n/a	STATUS	n/a	n/a	D184
876.6840000000	n/a	n/a	STATUS	n/a	n/a	D255
876.7200000000	n/a	n/a	STATUS	n/a	n/a	DI54
876.7720000000	n/a	n/a	STATUS	n/a	n/a	D255
876.9760000000	n/a	n/a	STATUS	n/a	n/a	DI24
877.0280000000	n/a	n/a	STATUS	n/a	n/a	D255
877.0320000000	n/a	n/a	STATUS	n/a	n/a	DIN4
877.0800000000	n/a	n/a	STATUS	n/a	n/a	D255
877.8360000000	n/a	n/a	STATUS	n/a	n/a	DIN5
877.8880000000	n/a	n/a	STATUS	n/a	n/a	D255
878.2120000000	n/a	n/a	STATUS	n/a	n/a	D129
878.2600000000	n/a	n/a	STATUS	n/a	n/a	D255
878.3000000000	n/a	n/a	STATUS	n/a	n/a	DI52
878.3480000000	n/a	n/a	STATUS	n/a	n/a	D255
878.5160000000	n/a	n/a	STATUS	n/a	n/a	DI12
878.5640000000	n/a	n/a	STATUS	n/a	n/a	D255
878.5680000000	n/a	n/a	STATUS	n/a	n/a	DIN4
878.6200000000	n/a	n/a	STATUS	n/a	n/a	D255
879.3760000000	n/a	n/a	STATUS	n/a	n/a	DIN5
879.4240000000	n/a	n/a	STATUS	n/a	n/a	D255
879.7360000000	n/a	n/a	STATUS	n/a	n/a	D123
879.7840000000	n/a	n/a	STATUS	n/a	n/a	D255
879.8240000000	n/a	n/a	STATUS	n/a	n/a	DI52
879.8720000000	n/a	n/a	STATUS	n/a	n/a	D255
880.0680000000	n/a	n/a	STATUS	n/a	n/a	DI12
880.1160000000	n/a	n/a	STATUS	n/a	n/a	D255
880.1240000000	n/a	n/a	STATUS	n/a	n/a	DIN4
880.1720000000	n/a	n/a	STATUS	n/a	n/a	D255
880.9280000000	n/a	n/a	STATUS	n/a	n/a	DIN5
880.9760000000	n/a	n/a	STATUS	n/a	n/a	D255
881.2960000000	n/a	n/a	STATUS	n/a	n/a	D120
881.3480000000	n/a	n/a	STATUS	n/a	n/a	D255
881.3840000000	n/a	n/a	STATUS	n/a	n/a	DI53
881.4360000000	n/a	n/a	STATUS	n/a	n/a	D255
881.6120000000	n/a	n/a	STATUS	n/a	n/a	DI43
881.6640000000	n/a	n/a	STATUS	n/a	n/a	D255
881.9240000000	n/a	n/a	STATUS	n/a	n/a	DIN5
881.9720000000	n/a	n/a	STATUS	n/a	n/a	D255
882.2960000000	n/a	n/a	STATUS	n/a	n/a	D203
882.3480000000	n/a	n/a	STATUS	n/a	n/a	D255
882.3840000000	n/a	n/a	STATUS	n/a	n/a	DI54
882.4360000000	n/a	n/a	STATUS	n/a	n/a	D255
882.6560000000	n/a	n/a	STATUS	n/a	n/a	DI34
882.7040000000	n/a	n/a	STATUS	n/a	n/a	D255
882.9640000000	n/a	n/a	STATUS	n/a	n/a	DIN5
883.0160000000	n/a	n/a	STATUS	n/a	n/a	D255
883.4160000000	n/a	n/a	STATUS	n/a	n/a	D117
883.4640000000	n/a	n/a	STATUS	n/a	n/a	D255
883.5040000000	n/a	n/a	STATUS	n/a	n/a	DI52
883.5520000000	n/a	n/a	STATUS	n/a	n/a	D255
883.7920000000	n/a	n/a	STATUS	n/a	n/a	DI12
883.8440000000	n/a	n/a	STATUS	n/a	n/a	D255
883.8480000000	n/a	n/a	STATUS	n/a	n/a	DIN4
883.8960000000	n/a	n/a	STATUS	n/a	n/a	D255
884.6520000000	n/a	n/a	STATUS	n/a	n/a	DIN5
884.7040000000	n/a	n/a	STATUS	n/a	n/a	D255
885.1240000000	n/a	n/a	STATUS	n/a	n/a	D235
885.1720000000	n/a	n/a	STATUS	n/a	n/a	D255
885.2120000000	n/a	n/a	STATUS	n/a	n/a	DI52
885.2600000000	n/a	n/a	STATUS	n/a	n/a	D255
885.5480000000	n/a	n/a	STATUS	n/a	n/a	DI42
885.6000000000	n/a	n/a	STATUS	n/a	n/a	D255
885.8600000000	n/a	n/a	STATUS	n/a	n/a	DIN5
885.9080000000	n/a	n/a	STATUS	n/a	n/a	D255
886.3680000000	n/a	n/a	STATUS	n/a	n/a	D146
886.4200000000	n/a	n/a	STATUS	n/a	n/a	D255
886.4560000000	n/a	n/a	STATUS	n/a	n/a	DI54
886.5040000000	n/a	n/a	STATUS	n/a	n/a	D255
886.7560000000	n/a	n/a	STATUS	n/a	n/a	DI34
886.8040000000	n/a	n/a	STATUS	n/a	n/a	D255
887.0640000000	n/a	n/a	STATUS	n/a	n/a	DIN5
887.1160000000	n/a	n/a	STATUS	n/a	n/a	D255
887.4280000000	n/a	n/a	STATUS	n/a	n/a	D218
887.4800000000	n/a	n/a	STATUS	n/a	n/a	D255
887.5160000000	n/a	n/a	STATUS	n/a	n/a	DI51
887.5680000000	n/a	n/a	STATUS	n/a	n/a	D255
887.8160000000	n/a	n/a	STATUS	n/a	n/a	DI21
887.8640000000	n/a	n/a	STATUS	n/a	n/a	D255
887.8720000000	n/a	n/a	STATUS	n/a	n/a	DIN4
887.9200000000	n/a	n/a	STATUS	n/a	n/a	D255
888.6760000000	n/a	n/a	STATUS	n/a	n/a	DIN5
888.7240000000	n/a	n/a	STATUS	n/a	n/a	D255
889.2040000000	n/a	n/a	STATUS	n/a	n/a	DI96
889.2560000000	n/a	n/a	STATUS	n/a	n/a	D255
889.2920000000	n/a	n/a	STATUS	n/a	n/a	DI53
889.3440000000	n/a	n/a	STATUS	n/a	n/a	D255
889.5760000000	n/a	n/a	STATUS	n/a	n/a	DI43
889.6240000000	n/a	n/a	STATUS	n/a	n/a	D255
889.8840000000	n/a	n/a	STATUS	n/a	n/a	DIN5
889.9360000000	n/a	n/a	STATUS	n/a	n/a	D255
890.2840000000	n/a	n/a	STATUS	n/a	n/a	D133
890.3360000000	n/a	n/a	STATUS	n/a	n/a	D255
890.3720000000	n/a	n/a	STATUS	n/a	n/a	DI51
890.4240000000	n/a	n/a	STATUS	n/a	n/a	D255
890.8520000000	n/a	n/a	STATUS	n/a	n/a	DI31
890.9040000000	n/a	n/a	STATUS	n/a	n/a	D255
891.1600000000	n/a	n/a	STATUS	n/a	n/a	DIN5
891.2120000000	n/a	n/a	STATUS	n/a	n/a	D255
891.6920000000	n/a	n/a	STATUS	n/a	n/a	D147
891.7400000000	n/a	n/a	STATUS	n/a	n/a	D255
891.7800000000	n/a	n/a	STATUS	n/a	n/a	DI54
891.8280000000	n/a	n/a	STATUS	n/a	n/a	D255
892.0800000000	n/a	n/a	STATUS	n/a	n/a	DI34
892.1320000000	n/a	n/a	STATUS	n/a	n/a	D255
892.3920000000	n/a	n/a	STATUS	n/a	n/a	DIN5
892.4400000000	n/a	n/a	STATUS	n/a	n/a	D255
892.9360000000	n/a	n/a	STATUS	n/a	n/a	D227
892.9880000000	n/a	n/a	STATUS	n/a	n/a	D255
893.0240000000	n/a	n/a	STATUS	n/a	n/a	DI54
893.0720000000	n/a	n/a	STATUS	n/a	n/a	D255
893.3720000000	n/a	n/a	STATUS	n/a	n/a	DI34
893.4200000000	n/a	n/a	STATUS	n/a	n/a	D255
893.6800000000	n/a	n/a	STATUS	n/a	n/a	DIN5
893.7320000000	n/a	n/a	STATUS	n/a	n/a	D255
894.2000000000	n/a	n/a	STATUS	n/a	n/a	D222
894.2520000000	n/a	n/a	STATUS	n/a	n/a	D255
894.2880000000	n/a	n/a	STATUS	n/a	n/a	DI54
894.3400000000	n/a	n/a	STATUS	n/a	n/a	D255
894.6160000000	n/a	n/a	STATUS	n/a	n/a	DI34
894.6640000000	n/a	n/a	STATUS	n/a	n/a	D255
894.9240000000	n/a	n/a	STATUS	n/a	n/a	DIN5
894.9760000000	n/a	n/a	STATUS	n/a	n/a	D255
895.3600000000	n/a	n/a	STATUS	n/a	n/a	D252
895.4080000000	n/a	n/a	STATUS	n/a	n/a	D255
895.4480000000	n/a	n/a	STATUS	n/a	n/a	DI53
895.4960000000	n/a	n/a	STATUS	n/a	n/a	D255
895.7360000000	n/a	n/a	STATUS	n/a	n/a	DI43
895.7840000000	n/a	n/a	STATUS	n/a	n/a	D255
896.0440000000	n/a	n/a	STATUS	n/a	n/a	DIN5
896.0960000000	n/a	n/a	STATUS	n/a	n/a	D255
896.4400000000	n/a	n/a	STATUS	n/a	n/a	D210
896.4880000000	n/a	n/a	STATUS	n/a	n/a	D255
896.5280000000	n/a	n/a	STATUS	n/a	n/a	DI54
896.5760000000	n/a	n/a	STATUS	n/a	n/a	D255
896.8400000000	n/a	n/a	STATUS	n/a	n/a	DI34
896.8920000000	n/a	n/a	STATUS	n/a	n/a	D255
897.1520000000	n/a	n/a	STATUS	n/a	n/a	DIN5
897.2000000000	n/a	n/a	STATUS	n/a	n/a	D255
897.5320000000	n/a	n/a	STATUS	n/a	n/a	DI69
897.5800000000	n/a	n/a	STATUS	n/a	n/a	D255
897.6160000000	n/a	n/a	STATUS	n/a	n/a	DI51
897.6680000000	n/a	n/a	STATUS	n/a	n/a	D255
897.7640000000	n/a	n/a	STATUS	n/a	n/a	DI21
897.8160000000	n/a	n/a	STATUS	n/a	n/a	D255
897.8200000000	n/a	n/a	STATUS	n/a	n/a	DIN4
897.8720000000	n/a	n/a	STATUS	n/a	n/a	D255
898.6240000000	n/a	n/a	STATUS	n/a	n/a	DIN5
898.6760000000	n/a	n/a	STATUS	n/a	n/a	D255
899.0280000000	n/a	n/a	STATUS	n/a	n/a	D225
899.0800000000	n/a	n/a	STATUS	n/a	n/a	D255
899.1200000000	n/a	n/a	STATUS	n/a	n/a	DI53
899.1680000000	n/a	n/a	STATUS	n/a	n/a	D255
899.5200000000	n/a	n/a	STATUS	n/a	n/a	DI43
899.5680000000	n/a	n/a	STATUS	n/a	n/a	D255
899.8280000000	n/a	n/a	STATUS	n/a	n/a	DIN5
899.8800000000	n/a	n/a	STATUS	n/a	n/a	D255
900.2320000000	n/a	n/a	STATUS	n/a	n/a	D141
900.2840000000	n/a	n/a	STATUS	n/a	n/a	D255
900.3200000000	n/a	n/a	STATUS	n/a	n/a	DI53
900.3720000000	n/a	n/a	STATUS	n/a	n/a	D255
900.6280000000	n/a	n/a	STATUS	n/a	n/a	DI43
900.6800000000	n/a	n/a	STATUS	n/a	n/a	D255
900.9400000000	n/a	n/a	STATUS	n/a	n/a	DIN5
900.9880000000	n/a	n/a	STATUS	n/a	n/a	D255
901.4520000000	n/a	n/a	STATUS	n/a	n/a	D233
901.5040000000	n/a	n/a	STATUS	n/a	n/a	D255
901.5400000000	n/a	n/a	STATUS	n/a	n/a	DI52
901.5920000000	n/a	n/a	STATUS	n/a	n/a	D255
901.7560000000	n/a	n/a	STATUS	n/a	n/a	DI12
901.8040000000	n/a	n/a	STATUS	n/a	n/a	D255
901.8080000000	n/a	n/a	STATUS	n/a	n/a	DIN4
901.8600000000	n/a	n/a	STATUS	n/a	n/a	D255
902.6160000000	n/a	n/a	STATUS	n/a	n/a	DIN5
902.6640000000	n/a	n/a	STATUS	n/a	n/a	D255
903.0760000000	n/a	n/a	STATUS	n/a	n/a	D215
903.1240000000	n/a	n/a	STATUS	n/a	n/a	D255
903.1600000000	n/a	n/a	STATUS	n/a	n/a	DI53
903.2120000000	n/a	n/a	STATUS	n/a	n/a	D255
903.4280000000	n/a	n/a	STATUS	n/a	n/a	DI43
903.4800000000	n/a	n/a	STATUS	n/a	n/a	D255
903.7400000000	n/a	n/a	STATUS	n/a	n/a	DIN5
903.7880000000	n/a	n/a	STATUS	n/a	n/a	D255
904.2720000000	n/a	n/a	STATUS	n/a	n/a	DI89
904.3240000000	n/a	n/a	STATUS	n/a	n/a	D255
904.3640000000	n/a	n/a	STATUS	n/a	n/a	DI54
904.4120000000	n/a	n/a	STATUS	n/a	n/a	D255
904.7080000000	n/a	n/a	STATUS	n/a	n/a	DI24
904.7600000000	n/a	n/a	STATUS	n/a	n/a	D255
904.7640000000	n/a	n/a	STATUS	n/a	n/a	DIN4
904.8160000000	n/a	n/a	STATUS	n/a	n/a	D255
905.5680000000	n/a	n/a	STATUS	n/a	n/a	DIN5
905.6200000000	n/a	n/a	STATUS	n/a	n/a	D255
906.1160000000	n/a	n/a	STATUS	n/a	n/a	DI87
906.1640000000	n/a	n/a	STATUS	n/a	n/a	D255
906.2040000000	n/a	n/a	STATUS	n/a	n/a	DI51
906.2520000000	n/a	n/a	STATUS	n/a	n/a	D255
906.5960000000	n/a	n/a	STATUS	n/a	n/a	DI31
906.6480000000	n/a	n/a	STATUS	n/a	n/a	D255
906.9040000000	n/a	n/a	STATUS	n/a	n/a	DIN5
906.9560000000	n/a	n/a	STATUS	n/a	n/a	D255
907.3440000000	n/a	n/a	STATUS	n/a	n/a	D186
907.3960000000	n/a	n/a	STATUS	n/a	n/a	D255
907.4320000000	n/a	n/a	STATUS	n/a	n/a	DI53
907.4840000000	n/a	n/a	STATUS	n/a	n/a	D255
907.6920000000	n/a	n/a	STATUS	n/a	n/a	DI43
907.7440000000	n/a	n/a	STATUS	n/a	n/a	D255
908.0040000000	n/a	n/a	STATUS	n/a	n/a	DIN5
908.0520000000	n/a	n/a	STATUS	n/a	n/a	D255
908.5360000000	n/a	n/a	STATUS	n/a	n/a	D199
908.5880000000	n/a	n/a	STATUS	n/a	n/a	D255
908.6240000000	n/a	n/a	STATUS	n/a	n/a	DI51
908.6760000000	n/a	n/a	STATUS	n/a	n/a	D255
908.9760000000	n/a	n/a	STATUS	n/a	n/a	DI21
909.0280000000	n/a	n/a	STATUS	n/a	n/a	D255
909.0320000000	n/a	n/a	STATUS	n/a	n/a	DIN4
909.0800000000	n/a	n/a	STATUS	n/a	n/a	D255
909.8360000000	n/a	n/a	STATUS	n/a	n/a	DIN5
909.8840000000	n/a	n/a	STATUS	n/a	n/a	D255
910.2200000000	n/a	n/a	STATUS	n/a	n/a	D201
910.2720000000	n/a	n/a	STATUS	n/a	n/a	D255
910.3080000000	n/a	n/a	STATUS	n/a	n/a	DI51
910.3600000000	n/a	n/a	STATUS	n/a	n/a	D255
910.5600000000	n/a	n/a	STATUS	n/a	n/a	DI21
910.6120000000	n/a	n/a	STATUS	n/a	n/a	D255
910.6160000000	n/a	n/a	STATUS	n/a	n/a	DIN4
910.6680000000	n/a	n/a	STATUS	n/a	n/a	D255
911.4200000000	n/a	n/a	STATUS	n/a	n/a	DIN5
911.4720000000	n/a	n/a	STATUS	n/a	n/a	D255
911.8320000000	n/a	n/a	STATUS	n/a	n/a	D155
911.8800000000	n/a	n/a	STATUS	n/a	n/a	D255
911.9200000000	n/a	n/a	STATUS	n/a	n/a	DI51
911.9680000000	n/a	n/a	STATUS	n/a	n/a	D255
912.3320000000	n/a	n/a	STATUS	n/a	n/a	DI31
912.3800000000	n/a	n/a	STATUS	n/a	n/a	D255
912.6400000000	n/a	n/a	STATUS	n/a	n/a	DIN5
912.6880000000	n/a	n/a	STATUS	n/a	n/a	D255
913.1960000000	n/a	n/a	STATUS	n/a	n/a	D132
913.2440000000	n/a	n/a	STATUS	n/a	n/a	D255
913.2840000000	n/a	n/a	STATUS	n/a	n/a	DI52
913.3320000000	n/a	n/a	STATUS	n/a	n/a	D255
913.6760000000	n/a	n/a	STATUS	n/a	n/a	DI42
913.7240000000	n/a	n/a	STATUS	n/a	n/a	D255
913.9840000000	n/a	n/a	STATUS	n/a	n/a	DIN5
914.0360000000	n/a	n/a	STATUS	n/a	n/a	D255
914.0360000000	n/a	n/a	STATUS	n/a	n/a	D239
914.4160000000	n/a	n/a	STATUS	n/a	n/a	D185
914.4640000000	n/a	n/a	STATUS	n/a	n/a	D255
914.5000000000	n/a	n/a	STATUS	n/a	n/a	DI53
914.5520000000	n/a	n/a	STATUS	n/a	n/a	D255
914.8640000000	n/a	n/a	STATUS	n/a	n/a	DI43
914.9160000000	n/a	n/a	STATUS	n/a	n/a	D255
915.1760000000	n/a	n/a	STATUS	n/a	n/a	DIN5
915.2240000000	n/a	n/a	STATUS	n/a	n/a	D255
915.6560000000	n/a	n/a	STATUS	n/a	n/a	D116
915.7040000000	n/a	n/a	STATUS	n/a	n/a	D255
915.7440000000	n/a	n/a	STATUS	n/a	n/a	DI54
915.7920000000	n/a	n/a	STATUS	n/a	n/a	D255
916.0960000000	n/a	n/a	STATUS	n/a	n/a	DI34
916.1440000000	n/a	n/a	STATUS	n/a	n/a	D255
916.4040000000	n/a	n/a	STATUS	n/a	n/a	DIN5
916.4560000000	n/a	n/a	STATUS	n/a	n/a	D255
916.9200000000	n/a	n/a	STATUS	n/a	n/a	D152
916.9680000000	n/a	n/a	STATUS	n/a	n/a	D255
917.0080000000	n/a	n/a	STATUS	n/a	n/a	DI52
917.0600000000	n/a	n/a	STATUS	n/a	n/a	D255
917.3560000000	n/a	n/a	STATUS	n/a	n/a	DI12
917.4080000000	n/a	n/a	STATUS	n/a	n/a	D255
917.4120000000	n/a	n/a	STATUS	n/a	n/a	DIN4
917.4600000000	n/a	n/a	STATUS	n/a	n/a	D255
918.2160000000	n/a	n/a	STATUS	n/a	n/a	DIN5
918.2680000000	n/a	n/a	STATUS	n/a	n/a	D255
918.7320000000	n/a	n/a	STATUS	n/a	n/a	D180
918.7800000000	n/a	n/a	STATUS	n/a	n/a	D255
918.8200000000	n/a	n/a	STATUS	n/a	n/a	DI53
918.8680000000	n/a	n/a	STATUS	n/a	n/a	D255
919.0480000000	n/a	n/a	STATUS	n/a	n/a	DI43
919.0960000000	n/a	n/a	STATUS	n/a	n/a	D255
919.3560000000	n/a	n/a	STATUS	n/a	n/a	DIN5
919.4080000000	n/a	n/a	STATUS	n/a	n/a	D255
919.8560000000	n/a	n/a	STATUS	n/a	n/a	D248
919.9080000000	n/a	n/a	STATUS	n/a	n/a	D255
919.9440000000	n/a	n/a	STATUS	n/a	n/a	DI54
919.9960000000	n/a	n/a	STATUS	n/a	n/a	D255
920.2640000000	n/a	n/a	STATUS	n/a	n/a	DI34
920.3120000000	n/a	n/a	STATUS	n/a	n/a	D255
920.5720000000	n/a	n/a	STATUS	n/a	n/a	DIN5
920.6200000000	n/a	n/a	STATUS	n/a	n/a	D255
920.9680000000	n/a	n/a	STATUS	n/a	n/a	DI86
921.0160000000	n/a	n/a	STATUS	n/a	n/a	D255
921.0560000000	n/a	n/a	STATUS	n/a	n/a	DI51
921.1040000000	n/a	n/a	STATUS	n/a	n/a	D255
921.5400000000	n/a	n/a	STATUS	n/a	n/a	DI31
921.5920000000	n/a	n/a	STATUS	n/a	n/a	D255
921.8520000000	n/a	n/a	STATUS	n/a	n/a	DIN5
921.9000000000	n/a	n/a	STATUS	n/a	n/a	D255
922.3760000000	n/a	n/a	STATUS	n/a	n/a	D156
922.4240000000	n/a	n/a	STATUS	n/a	n/a	D255
922.4600000000	n/a	n/a	STATUS	n/a	n/a	DI53
922.5120000000	n/a	n/a	STATUS	n/a	n/a	D255
922.6520000000	n/a	n/a	STATUS	n/a	n/a	DI43
922.7040000000	n/a	n/a	STATUS	n/a	n/a	D255
922.9640000000	n/a	n/a	STATUS	n/a	n/a	DIN5
923.0160000000	n/a	n/a	STATUS	n/a	n/a	D255
923.4000000000	n/a	n/a	STATUS	n/a	n/a	D109
923.4480000000	n/a	n/a	STATUS	n/a	n/a	D255
923.4880000000	n/a	n/a	STATUS	n/a	n/a	DI52
923.5360000000	n/a	n/a	STATUS	n/a	n/a	D255
923.7280000000	n/a	n/a	STATUS	n/a	n/a	DI12
923.7760000000	n/a	n/a	STATUS	n/a	n/a	D255
923.7800000000	n/a	n/a	STATUS	n/a	n/a	DIN4
923.8320000000	n/a	n/a	STATUS	n/a	n/a	D255
924.5840000000	n/a	n/a	STATUS	n/a	n/a	DIN5
924.6360000000	n/a	n/a	STATUS	n/a	n/a	D255
924.9440000000	n/a	n/a	STATUS	n/a	n/a	DI73
924.9960000000	n/a	n/a	STATUS	n/a	n/a	D255
925.0360000000	n/a	n/a	STATUS	n/a	n/a	DI53
925.0840000000	n/a	n/a	STATUS	n/a	n/a	D255
925.2640000000	n/a	n/a	STATUS	n/a	n/a	DI43
925.3160000000	n/a	n/a	STATUS	n/a	n/a	D255
925.5760000000	n/a	n/a	STATUS	n/a	n/a	DIN5
925.6240000000	n/a	n/a	STATUS	n/a	n/a	D255
926.0000000000	n/a	n/a	STATUS	n/a	n/a	DI90
926.0480000000	n/a	n/a	STATUS	n/a	n/a	D255
926.0840000000	n/a	n/a	STATUS	n/a	n/a	DI54
926.1360000000	n/a	n/a	STATUS	n/a	n/a	D255
926.3440000000	n/a	n/a	STATUS	n/a	n/a	DI34
926.3920000000	n/a	n/a	STATUS	n/a	n/a	D255
926.6520000000	n/a	n/a	STATUS	n/a	n/a	DIN5
926.7000000000	n/a	n/a	STATUS	n/a	n/a	D231
926.7040000000	n/a	n/a	STATUS	n/a	n/a	D255
927.1480000000	n/a	n/a	STATUS	n/a	n/a	D226
927.1960000000	n/a	n/a	STATUS	n/a	n/a	D255
927.2360000000	n/a	n/a	STATUS	n/a	n/a	DI52
927.2840000000	n/a	n/a	STATUS	n/a	n/a	D255
927.5960000000	n/a	n/a	STATUS	n/a	n/a	DI42
927.6480000000	n/a	n/a	STATUS	n/a	n/a	D255
927.9080000000	n/a	n/a	STATUS	n/a	n/a	DIN5
927.9560000000	n/a	n/a	STATUS	n/a	n/a	D255
928.3680000000	n/a	n/a	STATUS	n/a	n/a	DI81
928.4200000000	n/a	n/a	STATUS	n/a	n/a	D255
928.4560000000	n/a	n/a	STATUS	n/a	n/a	DI52
928.5080000000	n/a	n/a	STATUS	n/a	n/a	D255
928.6720000000	n/a	n/a	STATUS	n/a	n/a	DI12
928.7240000000	n/a	n/a	STATUS	n/a	n/a	DIN4
928.7240000000	n/a	n/a	STATUS	n/a	n/a	D255
928.7760000000	n/a	n/a	STATUS	n/a	n/a	D255
929.5320000000	n/a	n/a	STATUS	n/a	n/a	DIN5
929.5800000000	n/a	n/a	STATUS	n/a	n/a	D255
929.8920000000	n/a	n/a	STATUS	n/a	n/a	D241
929.9400000000	n/a	n/a	STATUS	n/a	n/a	D255
929.9800000000	n/a	n/a	STATUS	n/a	n/a	DI54
930.0280000000	n/a	n/a	STATUS	n/a	n/a	D255
930.4120000000	n/a	n/a	STATUS	n/a	n/a	DI34
930.4600000000	n/a	n/a	STATUS	n/a	n/a	D255
930.7200000000	n/a	n/a	STATUS	n/a	n/a	DIN5
930.7720000000	n/a	n/a	STATUS	n/a	n/a	D255
931.2120000000	n/a	n/a	STATUS	n/a	n/a	D134
931.2640000000	n/a	n/a	STATUS	n/a	n/a	D255
931.3000000000	n/a	n/a	STATUS	n/a	n/a	DI51
931.3480000000	n/a	n/a	STATUS	n/a	n/a	D255
931.8520000000	n/a	n/a	STATUS	n/a	n/a	DI31
931.9040000000	n/a	n/a	STATUS	n/a	n/a	D255
932.1640000000	n/a	n/a	STATUS	n/a	n/a	DIN5
932.2120000000	n/a	n/a	STATUS	n/a	n/a	D255
932.6280000000	n/a	n/a	STATUS	n/a	n/a	D177
932.6760000000	n/a	n/a	STATUS	n/a	n/a	D255
932.7160000000	n/a	n/a	STATUS	n/a	n/a	DI54
932.7640000000	n/a	n/a	STATUS	n/a	n/a	D255
933.0280000000	n/a	n/a	STATUS	n/a	n/a	DI34
933.0760000000	n/a	n/a	STATUS	n/a	n/a	D255
933.3360000000	n/a	n/a	STATUS	n/a	n/a	DIN5
933.3880000000	n/a	n/a	STATUS	n/a	n/a	D255
933.7120000000	n/a	n/a	STATUS	n/a	n/a	D214
933.7600000000	n/a	n/a	STATUS	n/a	n/a	D255
933.7960000000	n/a	n/a	STATUS	n/a	n/a	DI52
933.8480000000	n/a	n/a	STATUS	n/a	n/a	D255
934.0840000000	n/a	n/a	STATUS	n/a	n/a	DI12
934.1320000000	n/a	n/a	STATUS	n/a	n/a	D255
934.1360000000	n/a	n/a	STATUS	n/a	n/a	DIN4
934.1880000000	n/a	n/a	STATUS	n/a	n/a	D255
934.9400000000	n/a	n/a	STATUS	n/a	n/a	DIN5
934.9920000000	n/a	n/a	STATUS	n/a	n/a	D255
935.3680000000	n/a	n/a	STATUS	n/a	n/a	DI98
935.4160000000	n/a	n/a	STATUS	n/a	n/a	D255
935.4560000000	n/a	n/a	STATUS	n/a	n/a	DI52
935.5040000000	n/a	n/a	STATUS	n/a	n/a	D255
935.8400000000	n/a	n/a	STATUS	n/a	n/a	DI42
935.8880000000	n/a	n/a	STATUS	n/a	n/a	D255
936.1480000000	n/a	n/a	STATUS	n/a	n/a	DIN5
936.2000000000	n/a	n/a	STATUS	n/a	n/a	D255
936.6800000000	n/a	n/a	STATUS	n/a	n/a	D179
936.7280000000	n/a	n/a	STATUS	n/a	n/a	D255
936.7680000000	n/a	n/a	STATUS	n/a	n/a	DI53
936.8160000000	n/a	n/a	STATUS	n/a	n/a	D255
937.0200000000	n/a	n/a	STATUS	n/a	n/a	DI43
937.0680000000	n/a	n/a	STATUS	n/a	n/a	D255
937.3280000000	n/a	n/a	STATUS	n/a	n/a	DIN5
937.3760000000	n/a	n/a	STATUS	n/a	n/a	D255
937.8320000000	n/a	n/a	STATUS	n/a	n/a	D140
937.8840000000	n/a	n/a	STATUS	n/a	n/a	D255
937.9200000000	n/a	n/a	STATUS	n/a	n/a	DI51
937.9680000000	n/a	n/a	STATUS	n/a	n/a	D255
938.3640000000	n/a	n/a	STATUS	n/a	n/a	DI31
938.4160000000	n/a	n/a	STATUS	n/a	n/a	D255
938.6760000000	n/a	n/a	STATUS	n/a	n/a	DIN5
938.7240000000	n/a	n/a	STATUS	n/a	n/a	D255
939.0920000000	n/a	n/a	STATUS	n/a	n/a	DI82
939.1440000000	n/a	n/a	STATUS	n/a	n/a	D255
939.1840000000	n/a	n/a	STATUS	n/a	n/a	DI51
939.2320000000	n/a	n/a	STATUS	n/a	n/a	D255
939.4440000000	n/a	n/a	STATUS	n/a	n/a	DI21
939.4920000000	n/a	n/a	STATUS	n/a	n/a	D255
939.4960000000	n/a	n/a	STATUS	n/a	n/a	DIN4
939.5480000000	n/a	n/a	STATUS	n/a	n/a	D255
