onset	duration	sample	trial_type	response_time	stim_file	value
85.0680000000	n/a	n/a	STATUS	n/a	n/a	DIN5
85.1160000000	n/a	n/a	STATUS	n/a	n/a	D255
85.4360000000	n/a	n/a	STATUS	n/a	n/a	D160
85.4880000000	n/a	n/a	STATUS	n/a	n/a	D255
85.5240000000	n/a	n/a	STATUS	n/a	n/a	DI52
85.5760000000	n/a	n/a	STATUS	n/a	n/a	D255
85.9880000000	n/a	n/a	STATUS	n/a	n/a	DI42
86.0360000000	n/a	n/a	STATUS	n/a	n/a	D255
86.2960000000	n/a	n/a	STATUS	n/a	n/a	DIN5
86.3480000000	n/a	n/a	STATUS	n/a	n/a	D255
86.7120000000	n/a	n/a	STATUS	n/a	n/a	D143
86.7640000000	n/a	n/a	STATUS	n/a	n/a	D255
86.8000000000	n/a	n/a	STATUS	n/a	n/a	DI51
86.8520000000	n/a	n/a	STATUS	n/a	n/a	D255
87.2120000000	n/a	n/a	STATUS	n/a	n/a	DI21
87.2640000000	n/a	n/a	STATUS	n/a	n/a	D255
87.2680000000	n/a	n/a	STATUS	n/a	n/a	DIN4
87.3200000000	n/a	n/a	STATUS	n/a	n/a	D255
88.0720000000	n/a	n/a	STATUS	n/a	n/a	DIN5
88.1240000000	n/a	n/a	STATUS	n/a	n/a	D255
88.4440000000	n/a	n/a	STATUS	n/a	n/a	D198
88.4920000000	n/a	n/a	STATUS	n/a	n/a	D255
88.5320000000	n/a	n/a	STATUS	n/a	n/a	DI51
88.5800000000	n/a	n/a	STATUS	n/a	n/a	D255
89.0120000000	n/a	n/a	STATUS	n/a	n/a	DI31
89.0640000000	n/a	n/a	STATUS	n/a	n/a	D255
89.3240000000	n/a	n/a	STATUS	n/a	n/a	DIN5
89.3720000000	n/a	n/a	STATUS	n/a	n/a	D255
89.8120000000	n/a	n/a	STATUS	n/a	n/a	D218
89.8640000000	n/a	n/a	STATUS	n/a	n/a	D255
89.8640000000	n/a	n/a	STATUS	n/a	n/a	D251
89.9000000000	n/a	n/a	STATUS	n/a	n/a	DI53
89.9480000000	n/a	n/a	STATUS	n/a	n/a	D255
90.2760000000	n/a	n/a	STATUS	n/a	n/a	DI43
90.3280000000	n/a	n/a	STATUS	n/a	n/a	D255
90.5880000000	n/a	n/a	STATUS	n/a	n/a	DIN5
90.6360000000	n/a	n/a	STATUS	n/a	n/a	D255
91.0080000000	n/a	n/a	STATUS	n/a	n/a	DI80
91.0560000000	n/a	n/a	STATUS	n/a	n/a	D255
91.0960000000	n/a	n/a	STATUS	n/a	n/a	DI54
91.1440000000	n/a	n/a	STATUS	n/a	n/a	D255
91.4600000000	n/a	n/a	STATUS	n/a	n/a	DI34
91.5120000000	n/a	n/a	STATUS	n/a	n/a	D255
91.5120000000	n/a	n/a	STATUS	n/a	n/a	D227
91.7680000000	n/a	n/a	STATUS	n/a	n/a	DIN5
91.8200000000	n/a	n/a	STATUS	n/a	n/a	D255
92.2080000000	n/a	n/a	STATUS	n/a	n/a	D241
92.2600000000	n/a	n/a	STATUS	n/a	n/a	D255
92.2960000000	n/a	n/a	STATUS	n/a	n/a	DI52
92.3480000000	n/a	n/a	STATUS	n/a	n/a	D255
92.7200000000	n/a	n/a	STATUS	n/a	n/a	DI42
92.7720000000	n/a	n/a	STATUS	n/a	n/a	D255
93.0320000000	n/a	n/a	STATUS	n/a	n/a	DIN5
93.0800000000	n/a	n/a	STATUS	n/a	n/a	D255
93.4000000000	n/a	n/a	STATUS	n/a	n/a	D135
93.4520000000	n/a	n/a	STATUS	n/a	n/a	D255
93.4880000000	n/a	n/a	STATUS	n/a	n/a	DI51
93.5400000000	n/a	n/a	STATUS	n/a	n/a	D255
93.9080000000	n/a	n/a	STATUS	n/a	n/a	DI31
93.9560000000	n/a	n/a	STATUS	n/a	n/a	D255
94.2160000000	n/a	n/a	STATUS	n/a	n/a	DIN5
94.2680000000	n/a	n/a	STATUS	n/a	n/a	D255
94.7720000000	n/a	n/a	STATUS	n/a	n/a	DI99
94.8200000000	n/a	n/a	STATUS	n/a	n/a	D255
94.8560000000	n/a	n/a	STATUS	n/a	n/a	DI51
94.9080000000	n/a	n/a	STATUS	n/a	n/a	D255
95.2640000000	n/a	n/a	STATUS	n/a	n/a	DI31
95.3160000000	n/a	n/a	STATUS	n/a	n/a	D255
95.5760000000	n/a	n/a	STATUS	n/a	n/a	DIN5
95.6240000000	n/a	n/a	STATUS	n/a	n/a	D255
96.0760000000	n/a	n/a	STATUS	n/a	n/a	DI75
96.1240000000	n/a	n/a	STATUS	n/a	n/a	D255
96.1640000000	n/a	n/a	STATUS	n/a	n/a	DI54
96.2120000000	n/a	n/a	STATUS	n/a	n/a	D255
96.5280000000	n/a	n/a	STATUS	n/a	n/a	DI34
96.5800000000	n/a	n/a	STATUS	n/a	n/a	D255
96.8360000000	n/a	n/a	STATUS	n/a	n/a	DIN5
96.8880000000	n/a	n/a	STATUS	n/a	n/a	D255
97.2560000000	n/a	n/a	STATUS	n/a	n/a	D223
97.3080000000	n/a	n/a	STATUS	n/a	n/a	D255
97.3440000000	n/a	n/a	STATUS	n/a	n/a	DI52
97.3960000000	n/a	n/a	STATUS	n/a	n/a	D255
97.7800000000	n/a	n/a	STATUS	n/a	n/a	DI42
97.8280000000	n/a	n/a	STATUS	n/a	n/a	D255
98.0880000000	n/a	n/a	STATUS	n/a	n/a	DIN5
98.1400000000	n/a	n/a	STATUS	n/a	n/a	D255
98.4920000000	n/a	n/a	STATUS	n/a	n/a	D129
98.5440000000	n/a	n/a	STATUS	n/a	n/a	D255
98.5800000000	n/a	n/a	STATUS	n/a	n/a	DI53
98.6320000000	n/a	n/a	STATUS	n/a	n/a	D255
98.9840000000	n/a	n/a	STATUS	n/a	n/a	DI43
99.0320000000	n/a	n/a	STATUS	n/a	n/a	D255
99.2920000000	n/a	n/a	STATUS	n/a	n/a	DIN5
99.3440000000	n/a	n/a	STATUS	n/a	n/a	D255
99.7320000000	n/a	n/a	STATUS	n/a	n/a	D238
99.7800000000	n/a	n/a	STATUS	n/a	n/a	D255
99.8200000000	n/a	n/a	STATUS	n/a	n/a	DI52
99.8680000000	n/a	n/a	STATUS	n/a	n/a	D255
100.3920000000	n/a	n/a	STATUS	n/a	n/a	DI42
100.4440000000	n/a	n/a	STATUS	n/a	n/a	D255
100.7000000000	n/a	n/a	STATUS	n/a	n/a	DIN5
100.7520000000	n/a	n/a	STATUS	n/a	n/a	D255
101.1280000000	n/a	n/a	STATUS	n/a	n/a	D243
101.1760000000	n/a	n/a	STATUS	n/a	n/a	D255
101.2160000000	n/a	n/a	STATUS	n/a	n/a	DI54
101.2640000000	n/a	n/a	STATUS	n/a	n/a	D255
101.6640000000	n/a	n/a	STATUS	n/a	n/a	DI34
101.7160000000	n/a	n/a	STATUS	n/a	n/a	D255
101.9760000000	n/a	n/a	STATUS	n/a	n/a	DIN5
102.0240000000	n/a	n/a	STATUS	n/a	n/a	D255
102.5080000000	n/a	n/a	STATUS	n/a	n/a	DI89
102.5600000000	n/a	n/a	STATUS	n/a	n/a	D255
102.5960000000	n/a	n/a	STATUS	n/a	n/a	DI52
102.6480000000	n/a	n/a	STATUS	n/a	n/a	D255
103.0920000000	n/a	n/a	STATUS	n/a	n/a	DI12
103.1400000000	n/a	n/a	STATUS	n/a	n/a	D255
103.1440000000	n/a	n/a	STATUS	n/a	n/a	DIN4
103.1960000000	n/a	n/a	STATUS	n/a	n/a	D255
103.9520000000	n/a	n/a	STATUS	n/a	n/a	DIN5
104.0000000000	n/a	n/a	STATUS	n/a	n/a	D255
104.4240000000	n/a	n/a	STATUS	n/a	n/a	DI82
104.4760000000	n/a	n/a	STATUS	n/a	n/a	D255
104.5120000000	n/a	n/a	STATUS	n/a	n/a	DI54
104.5640000000	n/a	n/a	STATUS	n/a	n/a	D255
104.9360000000	n/a	n/a	STATUS	n/a	n/a	DI34
104.9880000000	n/a	n/a	STATUS	n/a	n/a	D255
105.2480000000	n/a	n/a	STATUS	n/a	n/a	DIN5
105.3000000000	n/a	n/a	STATUS	n/a	n/a	D255
105.6280000000	n/a	n/a	STATUS	n/a	n/a	D161
105.6760000000	n/a	n/a	STATUS	n/a	n/a	D255
105.7160000000	n/a	n/a	STATUS	n/a	n/a	DI53
105.7640000000	n/a	n/a	STATUS	n/a	n/a	D255
106.0560000000	n/a	n/a	STATUS	n/a	n/a	DI43
106.1080000000	n/a	n/a	STATUS	n/a	n/a	D255
106.3640000000	n/a	n/a	STATUS	n/a	n/a	DIN5
106.4160000000	n/a	n/a	STATUS	n/a	n/a	D255
106.8080000000	n/a	n/a	STATUS	n/a	n/a	D178
106.8600000000	n/a	n/a	STATUS	n/a	n/a	D255
106.9000000000	n/a	n/a	STATUS	n/a	n/a	DI51
106.9480000000	n/a	n/a	STATUS	n/a	n/a	D255
107.3880000000	n/a	n/a	STATUS	n/a	n/a	DI31
107.4400000000	n/a	n/a	STATUS	n/a	n/a	D255
107.7000000000	n/a	n/a	STATUS	n/a	n/a	DIN5
107.7480000000	n/a	n/a	STATUS	n/a	n/a	D255
108.2080000000	n/a	n/a	STATUS	n/a	n/a	D171
108.2600000000	n/a	n/a	STATUS	n/a	n/a	D255
108.2960000000	n/a	n/a	STATUS	n/a	n/a	DI51
108.3480000000	n/a	n/a	STATUS	n/a	n/a	D255
108.7000000000	n/a	n/a	STATUS	n/a	n/a	DI31
108.7480000000	n/a	n/a	STATUS	n/a	n/a	D255
109.0080000000	n/a	n/a	STATUS	n/a	n/a	DIN5
109.0600000000	n/a	n/a	STATUS	n/a	n/a	D255
109.4440000000	n/a	n/a	STATUS	n/a	n/a	DI79
109.4960000000	n/a	n/a	STATUS	n/a	n/a	D255
109.5320000000	n/a	n/a	STATUS	n/a	n/a	DI54
109.5800000000	n/a	n/a	STATUS	n/a	n/a	D255
109.9120000000	n/a	n/a	STATUS	n/a	n/a	DI34
109.9600000000	n/a	n/a	STATUS	n/a	n/a	D255
110.2200000000	n/a	n/a	STATUS	n/a	n/a	DIN5
110.2720000000	n/a	n/a	STATUS	n/a	n/a	D255
110.5840000000	n/a	n/a	STATUS	n/a	n/a	D252
110.6360000000	n/a	n/a	STATUS	n/a	n/a	D255
110.6720000000	n/a	n/a	STATUS	n/a	n/a	DI52
110.7240000000	n/a	n/a	STATUS	n/a	n/a	D255
111.1720000000	n/a	n/a	STATUS	n/a	n/a	DI42
111.2200000000	n/a	n/a	STATUS	n/a	n/a	D255
111.4800000000	n/a	n/a	STATUS	n/a	n/a	DIN5
111.5320000000	n/a	n/a	STATUS	n/a	n/a	D255
111.9880000000	n/a	n/a	STATUS	n/a	n/a	D250
112.0400000000	n/a	n/a	STATUS	n/a	n/a	D255
112.0760000000	n/a	n/a	STATUS	n/a	n/a	DI54
112.1280000000	n/a	n/a	STATUS	n/a	n/a	D255
112.5000000000	n/a	n/a	STATUS	n/a	n/a	DI34
112.5480000000	n/a	n/a	STATUS	n/a	n/a	D255
112.8080000000	n/a	n/a	STATUS	n/a	n/a	DIN5
112.8600000000	n/a	n/a	STATUS	n/a	n/a	D255
113.2440000000	n/a	n/a	STATUS	n/a	n/a	DI88
113.2920000000	n/a	n/a	STATUS	n/a	n/a	D255
113.3320000000	n/a	n/a	STATUS	n/a	n/a	DI53
113.3800000000	n/a	n/a	STATUS	n/a	n/a	D255
113.6880000000	n/a	n/a	STATUS	n/a	n/a	DI43
113.7360000000	n/a	n/a	STATUS	n/a	n/a	D255
113.9960000000	n/a	n/a	STATUS	n/a	n/a	DIN5
114.0440000000	n/a	n/a	STATUS	n/a	n/a	D255
114.4920000000	n/a	n/a	STATUS	n/a	n/a	D175
114.5400000000	n/a	n/a	STATUS	n/a	n/a	D255
114.5760000000	n/a	n/a	STATUS	n/a	n/a	DI54
114.6280000000	n/a	n/a	STATUS	n/a	n/a	D255
114.9080000000	n/a	n/a	STATUS	n/a	n/a	DI34
114.9600000000	n/a	n/a	STATUS	n/a	n/a	D255
115.2200000000	n/a	n/a	STATUS	n/a	n/a	DIN5
115.2680000000	n/a	n/a	STATUS	n/a	n/a	D255
115.7320000000	n/a	n/a	STATUS	n/a	n/a	DI84
115.7840000000	n/a	n/a	STATUS	n/a	n/a	D255
115.8200000000	n/a	n/a	STATUS	n/a	n/a	DI54
115.8720000000	n/a	n/a	STATUS	n/a	n/a	D255
116.1280000000	n/a	n/a	STATUS	n/a	n/a	DI34
116.1760000000	n/a	n/a	STATUS	n/a	n/a	D255
116.4360000000	n/a	n/a	STATUS	n/a	n/a	DIN5
116.4880000000	n/a	n/a	STATUS	n/a	n/a	D255
116.7920000000	n/a	n/a	STATUS	n/a	n/a	D183
116.8400000000	n/a	n/a	STATUS	n/a	n/a	D255
116.8800000000	n/a	n/a	STATUS	n/a	n/a	DI52
116.9280000000	n/a	n/a	STATUS	n/a	n/a	D255
117.4040000000	n/a	n/a	STATUS	n/a	n/a	DI42
117.4520000000	n/a	n/a	STATUS	n/a	n/a	D255
117.7120000000	n/a	n/a	STATUS	n/a	n/a	DIN5
117.7600000000	n/a	n/a	STATUS	n/a	n/a	D255
118.0920000000	n/a	n/a	STATUS	n/a	n/a	D239
118.1400000000	n/a	n/a	STATUS	n/a	n/a	D255
118.1800000000	n/a	n/a	STATUS	n/a	n/a	DI53
118.2280000000	n/a	n/a	STATUS	n/a	n/a	D255
118.5920000000	n/a	n/a	STATUS	n/a	n/a	DI43
118.6440000000	n/a	n/a	STATUS	n/a	n/a	D255
118.9040000000	n/a	n/a	STATUS	n/a	n/a	DIN5
118.9520000000	n/a	n/a	STATUS	n/a	n/a	D255
119.3480000000	n/a	n/a	STATUS	n/a	n/a	D104
119.4000000000	n/a	n/a	STATUS	n/a	n/a	D255
119.4360000000	n/a	n/a	STATUS	n/a	n/a	DI52
119.4880000000	n/a	n/a	STATUS	n/a	n/a	D255
119.9160000000	n/a	n/a	STATUS	n/a	n/a	DI42
119.9680000000	n/a	n/a	STATUS	n/a	n/a	D255
120.2280000000	n/a	n/a	STATUS	n/a	n/a	DIN5
120.2760000000	n/a	n/a	STATUS	n/a	n/a	D255
120.6920000000	n/a	n/a	STATUS	n/a	n/a	D142
120.7400000000	n/a	n/a	STATUS	n/a	n/a	D255
120.7800000000	n/a	n/a	STATUS	n/a	n/a	DI51
120.8280000000	n/a	n/a	STATUS	n/a	n/a	D255
121.2160000000	n/a	n/a	STATUS	n/a	n/a	DI31
121.2680000000	n/a	n/a	STATUS	n/a	n/a	D255
121.5280000000	n/a	n/a	STATUS	n/a	n/a	DIN5
121.5760000000	n/a	n/a	STATUS	n/a	n/a	D255
121.9400000000	n/a	n/a	STATUS	n/a	n/a	D126
121.9920000000	n/a	n/a	STATUS	n/a	n/a	D255
122.0280000000	n/a	n/a	STATUS	n/a	n/a	DI53
122.0800000000	n/a	n/a	STATUS	n/a	n/a	D255
122.3680000000	n/a	n/a	STATUS	n/a	n/a	DI43
122.4200000000	n/a	n/a	STATUS	n/a	n/a	D255
122.6800000000	n/a	n/a	STATUS	n/a	n/a	DIN5
122.7280000000	n/a	n/a	STATUS	n/a	n/a	D255
123.1040000000	n/a	n/a	STATUS	n/a	n/a	D102
123.1520000000	n/a	n/a	STATUS	n/a	n/a	D255
123.1880000000	n/a	n/a	STATUS	n/a	n/a	DI52
123.2400000000	n/a	n/a	STATUS	n/a	n/a	D255
123.6240000000	n/a	n/a	STATUS	n/a	n/a	DI42
123.6760000000	n/a	n/a	STATUS	n/a	n/a	D255
123.9360000000	n/a	n/a	STATUS	n/a	n/a	DIN5
123.9840000000	n/a	n/a	STATUS	n/a	n/a	D255
124.3320000000	n/a	n/a	STATUS	n/a	n/a	D103
124.3840000000	n/a	n/a	STATUS	n/a	n/a	D255
124.4200000000	n/a	n/a	STATUS	n/a	n/a	DI51
124.4720000000	n/a	n/a	STATUS	n/a	n/a	D255
124.8280000000	n/a	n/a	STATUS	n/a	n/a	DI31
124.8800000000	n/a	n/a	STATUS	n/a	n/a	D255
125.1360000000	n/a	n/a	STATUS	n/a	n/a	DIN5
125.1880000000	n/a	n/a	STATUS	n/a	n/a	D255
125.6080000000	n/a	n/a	STATUS	n/a	n/a	D207
125.6560000000	n/a	n/a	STATUS	n/a	n/a	D255
125.6960000000	n/a	n/a	STATUS	n/a	n/a	DI53
125.7440000000	n/a	n/a	STATUS	n/a	n/a	D255
126.0120000000	n/a	n/a	STATUS	n/a	n/a	DI43
126.0640000000	n/a	n/a	STATUS	n/a	n/a	D255
126.3240000000	n/a	n/a	STATUS	n/a	n/a	DIN5
126.3720000000	n/a	n/a	STATUS	n/a	n/a	D255
126.8640000000	n/a	n/a	STATUS	n/a	n/a	D230
126.9120000000	n/a	n/a	STATUS	n/a	n/a	D255
126.9520000000	n/a	n/a	STATUS	n/a	n/a	DI52
127.0000000000	n/a	n/a	STATUS	n/a	n/a	D255
127.2360000000	n/a	n/a	STATUS	n/a	n/a	DI12
127.2880000000	n/a	n/a	STATUS	n/a	n/a	D255
127.2920000000	n/a	n/a	STATUS	n/a	n/a	DIN4
127.3400000000	n/a	n/a	STATUS	n/a	n/a	D255
128.0960000000	n/a	n/a	STATUS	n/a	n/a	DIN5
128.1480000000	n/a	n/a	STATUS	n/a	n/a	D255
128.5800000000	n/a	n/a	STATUS	n/a	n/a	D196
128.6320000000	n/a	n/a	STATUS	n/a	n/a	D255
128.6680000000	n/a	n/a	STATUS	n/a	n/a	DI53
128.7200000000	n/a	n/a	STATUS	n/a	n/a	D255
128.9760000000	n/a	n/a	STATUS	n/a	n/a	DI43
129.0280000000	n/a	n/a	STATUS	n/a	n/a	D255
129.2880000000	n/a	n/a	STATUS	n/a	n/a	DIN5
129.3360000000	n/a	n/a	STATUS	n/a	n/a	D255
129.7880000000	n/a	n/a	STATUS	n/a	n/a	DI71
129.8360000000	n/a	n/a	STATUS	n/a	n/a	D255
129.8760000000	n/a	n/a	STATUS	n/a	n/a	DI53
129.9240000000	n/a	n/a	STATUS	n/a	n/a	D255
130.2240000000	n/a	n/a	STATUS	n/a	n/a	DI43
130.2720000000	n/a	n/a	STATUS	n/a	n/a	D255
130.5320000000	n/a	n/a	STATUS	n/a	n/a	DIN5
130.5800000000	n/a	n/a	STATUS	n/a	n/a	D255
130.8880000000	n/a	n/a	STATUS	n/a	n/a	D222
130.9360000000	n/a	n/a	STATUS	n/a	n/a	D255
130.9760000000	n/a	n/a	STATUS	n/a	n/a	DI52
131.0240000000	n/a	n/a	STATUS	n/a	n/a	D255
131.4360000000	n/a	n/a	STATUS	n/a	n/a	DI42
131.4840000000	n/a	n/a	STATUS	n/a	n/a	D255
131.7440000000	n/a	n/a	STATUS	n/a	n/a	DIN5
131.7920000000	n/a	n/a	STATUS	n/a	n/a	D255
132.1520000000	n/a	n/a	STATUS	n/a	n/a	D156
132.2040000000	n/a	n/a	STATUS	n/a	n/a	D255
132.2400000000	n/a	n/a	STATUS	n/a	n/a	DI51
132.2920000000	n/a	n/a	STATUS	n/a	n/a	D255
132.6440000000	n/a	n/a	STATUS	n/a	n/a	DI31
132.6960000000	n/a	n/a	STATUS	n/a	n/a	D255
132.9520000000	n/a	n/a	STATUS	n/a	n/a	DIN5
133.0040000000	n/a	n/a	STATUS	n/a	n/a	D255
133.4720000000	n/a	n/a	STATUS	n/a	n/a	D208
133.5240000000	n/a	n/a	STATUS	n/a	n/a	D255
133.5600000000	n/a	n/a	STATUS	n/a	n/a	DI53
133.6120000000	n/a	n/a	STATUS	n/a	n/a	D255
133.8880000000	n/a	n/a	STATUS	n/a	n/a	DI43
133.9400000000	n/a	n/a	STATUS	n/a	n/a	D255
134.1960000000	n/a	n/a	STATUS	n/a	n/a	DIN5
134.2480000000	n/a	n/a	STATUS	n/a	n/a	D255
134.6520000000	n/a	n/a	STATUS	n/a	n/a	D213
134.7040000000	n/a	n/a	STATUS	n/a	n/a	D255
134.7400000000	n/a	n/a	STATUS	n/a	n/a	DI53
134.7920000000	n/a	n/a	STATUS	n/a	n/a	D255
135.0840000000	n/a	n/a	STATUS	n/a	n/a	DI43
135.1360000000	n/a	n/a	STATUS	n/a	n/a	D255
135.3960000000	n/a	n/a	STATUS	n/a	n/a	DIN5
135.4440000000	n/a	n/a	STATUS	n/a	n/a	D255
135.8320000000	n/a	n/a	STATUS	n/a	n/a	D249
135.8840000000	n/a	n/a	STATUS	n/a	n/a	D255
135.9200000000	n/a	n/a	STATUS	n/a	n/a	DI54
135.9720000000	n/a	n/a	STATUS	n/a	n/a	D255
136.3080000000	n/a	n/a	STATUS	n/a	n/a	DI34
136.3600000000	n/a	n/a	STATUS	n/a	n/a	D255
136.6200000000	n/a	n/a	STATUS	n/a	n/a	DIN5
136.6680000000	n/a	n/a	STATUS	n/a	n/a	D255
137.0440000000	n/a	n/a	STATUS	n/a	n/a	D248
137.0920000000	n/a	n/a	STATUS	n/a	n/a	D255
137.1320000000	n/a	n/a	STATUS	n/a	n/a	DI53
137.1800000000	n/a	n/a	STATUS	n/a	n/a	D255
137.4640000000	n/a	n/a	STATUS	n/a	n/a	DI43
137.5160000000	n/a	n/a	STATUS	n/a	n/a	D255
137.7760000000	n/a	n/a	STATUS	n/a	n/a	DIN5
137.8240000000	n/a	n/a	STATUS	n/a	n/a	D255
138.2280000000	n/a	n/a	STATUS	n/a	n/a	D137
138.2800000000	n/a	n/a	STATUS	n/a	n/a	D255
138.3160000000	n/a	n/a	STATUS	n/a	n/a	DI52
138.3680000000	n/a	n/a	STATUS	n/a	n/a	D255
138.9600000000	n/a	n/a	STATUS	n/a	n/a	DI12
139.0120000000	n/a	n/a	STATUS	n/a	n/a	D255
139.0160000000	n/a	n/a	STATUS	n/a	n/a	DIN4
139.0640000000	n/a	n/a	STATUS	n/a	n/a	D255
139.8200000000	n/a	n/a	STATUS	n/a	n/a	DIN5
139.8680000000	n/a	n/a	STATUS	n/a	n/a	D255
140.1800000000	n/a	n/a	STATUS	n/a	n/a	D108
140.2280000000	n/a	n/a	STATUS	n/a	n/a	D255
140.2680000000	n/a	n/a	STATUS	n/a	n/a	DI54
140.3160000000	n/a	n/a	STATUS	n/a	n/a	D255
140.8440000000	n/a	n/a	STATUS	n/a	n/a	DI34
140.8920000000	n/a	n/a	STATUS	n/a	n/a	D255
141.1520000000	n/a	n/a	STATUS	n/a	n/a	DIN5
141.2000000000	n/a	n/a	STATUS	n/a	n/a	D255
141.5320000000	n/a	n/a	STATUS	n/a	n/a	DI72
141.5800000000	n/a	n/a	STATUS	n/a	n/a	D255
141.6200000000	n/a	n/a	STATUS	n/a	n/a	DI51
141.6680000000	n/a	n/a	STATUS	n/a	n/a	D255
142.1240000000	n/a	n/a	STATUS	n/a	n/a	DI31
142.1760000000	n/a	n/a	STATUS	n/a	n/a	D255
142.4360000000	n/a	n/a	STATUS	n/a	n/a	DIN5
142.4840000000	n/a	n/a	STATUS	n/a	n/a	D255
142.9800000000	n/a	n/a	STATUS	n/a	n/a	D124
143.0280000000	n/a	n/a	STATUS	n/a	n/a	D255
143.0680000000	n/a	n/a	STATUS	n/a	n/a	DI51
143.1160000000	n/a	n/a	STATUS	n/a	n/a	D255
143.4840000000	n/a	n/a	STATUS	n/a	n/a	DI31
143.5320000000	n/a	n/a	STATUS	n/a	n/a	D255
143.7920000000	n/a	n/a	STATUS	n/a	n/a	DIN5
143.8440000000	n/a	n/a	STATUS	n/a	n/a	D255
144.3280000000	n/a	n/a	STATUS	n/a	n/a	D210
144.3760000000	n/a	n/a	STATUS	n/a	n/a	D255
144.4160000000	n/a	n/a	STATUS	n/a	n/a	DI51
144.4640000000	n/a	n/a	STATUS	n/a	n/a	D255
144.8080000000	n/a	n/a	STATUS	n/a	n/a	DI31
144.8560000000	n/a	n/a	STATUS	n/a	n/a	D255
145.1160000000	n/a	n/a	STATUS	n/a	n/a	DIN5
145.1680000000	n/a	n/a	STATUS	n/a	n/a	D255
145.6120000000	n/a	n/a	STATUS	n/a	n/a	DI94
145.6600000000	n/a	n/a	STATUS	n/a	n/a	D255
145.7000000000	n/a	n/a	STATUS	n/a	n/a	DI54
145.7480000000	n/a	n/a	STATUS	n/a	n/a	D255
146.0320000000	n/a	n/a	STATUS	n/a	n/a	DI34
146.0840000000	n/a	n/a	STATUS	n/a	n/a	D255
146.3400000000	n/a	n/a	STATUS	n/a	n/a	DIN5
146.3920000000	n/a	n/a	STATUS	n/a	n/a	D255
146.7920000000	n/a	n/a	STATUS	n/a	n/a	D203
146.8400000000	n/a	n/a	STATUS	n/a	n/a	D255
146.8800000000	n/a	n/a	STATUS	n/a	n/a	DI54
146.9280000000	n/a	n/a	STATUS	n/a	n/a	D255
147.2400000000	n/a	n/a	STATUS	n/a	n/a	DI34
147.2920000000	n/a	n/a	STATUS	n/a	n/a	D255
147.5480000000	n/a	n/a	STATUS	n/a	n/a	DIN5
147.6000000000	n/a	n/a	STATUS	n/a	n/a	D255
148.0640000000	n/a	n/a	STATUS	n/a	n/a	D247
148.1160000000	n/a	n/a	STATUS	n/a	n/a	D255
148.1520000000	n/a	n/a	STATUS	n/a	n/a	DI52
148.2000000000	n/a	n/a	STATUS	n/a	n/a	D255
148.6000000000	n/a	n/a	STATUS	n/a	n/a	DI42
148.6520000000	n/a	n/a	STATUS	n/a	n/a	D255
148.9120000000	n/a	n/a	STATUS	n/a	n/a	DIN5
148.9600000000	n/a	n/a	STATUS	n/a	n/a	D255
149.2760000000	n/a	n/a	STATUS	n/a	n/a	D233
149.3240000000	n/a	n/a	STATUS	n/a	n/a	D255
149.3640000000	n/a	n/a	STATUS	n/a	n/a	DI52
149.4120000000	n/a	n/a	STATUS	n/a	n/a	D255
149.7840000000	n/a	n/a	STATUS	n/a	n/a	DI42
149.8320000000	n/a	n/a	STATUS	n/a	n/a	D255
150.0920000000	n/a	n/a	STATUS	n/a	n/a	DIN5
150.1440000000	n/a	n/a	STATUS	n/a	n/a	D255
150.6320000000	n/a	n/a	STATUS	n/a	n/a	D152
150.6840000000	n/a	n/a	STATUS	n/a	n/a	D255
150.7200000000	n/a	n/a	STATUS	n/a	n/a	DI53
150.7720000000	n/a	n/a	STATUS	n/a	n/a	D255
151.0400000000	n/a	n/a	STATUS	n/a	n/a	DI43
151.0920000000	n/a	n/a	STATUS	n/a	n/a	D255
151.3480000000	n/a	n/a	STATUS	n/a	n/a	DIN5
151.4000000000	n/a	n/a	STATUS	n/a	n/a	D255
151.8360000000	n/a	n/a	STATUS	n/a	n/a	D242
151.8840000000	n/a	n/a	STATUS	n/a	n/a	D255
151.9240000000	n/a	n/a	STATUS	n/a	n/a	DI54
151.9720000000	n/a	n/a	STATUS	n/a	n/a	D255
152.2680000000	n/a	n/a	STATUS	n/a	n/a	DI34
152.3200000000	n/a	n/a	STATUS	n/a	n/a	D255
152.5800000000	n/a	n/a	STATUS	n/a	n/a	DIN5
152.6280000000	n/a	n/a	STATUS	n/a	n/a	D255
152.9600000000	n/a	n/a	STATUS	n/a	n/a	DI98
153.0080000000	n/a	n/a	STATUS	n/a	n/a	D255
153.0440000000	n/a	n/a	STATUS	n/a	n/a	DI53
153.0960000000	n/a	n/a	STATUS	n/a	n/a	D255
153.4320000000	n/a	n/a	STATUS	n/a	n/a	DI43
153.4840000000	n/a	n/a	STATUS	n/a	n/a	D255
153.7440000000	n/a	n/a	STATUS	n/a	n/a	DIN5
153.7920000000	n/a	n/a	STATUS	n/a	n/a	D255
154.1880000000	n/a	n/a	STATUS	n/a	n/a	D168
154.2360000000	n/a	n/a	STATUS	n/a	n/a	D255
154.2760000000	n/a	n/a	STATUS	n/a	n/a	DI52
154.3280000000	n/a	n/a	STATUS	n/a	n/a	D255
154.6760000000	n/a	n/a	STATUS	n/a	n/a	DI42
154.7240000000	n/a	n/a	STATUS	n/a	n/a	D255
154.9840000000	n/a	n/a	STATUS	n/a	n/a	DIN5
155.0360000000	n/a	n/a	STATUS	n/a	n/a	D255
155.4560000000	n/a	n/a	STATUS	n/a	n/a	DI66
155.5040000000	n/a	n/a	STATUS	n/a	n/a	D255
155.5440000000	n/a	n/a	STATUS	n/a	n/a	DI53
155.5920000000	n/a	n/a	STATUS	n/a	n/a	D255
155.8960000000	n/a	n/a	STATUS	n/a	n/a	DI43
155.9440000000	n/a	n/a	STATUS	n/a	n/a	D255
156.2040000000	n/a	n/a	STATUS	n/a	n/a	DIN5
156.2560000000	n/a	n/a	STATUS	n/a	n/a	D255
156.6000000000	n/a	n/a	STATUS	n/a	n/a	D204
156.6480000000	n/a	n/a	STATUS	n/a	n/a	D255
156.6880000000	n/a	n/a	STATUS	n/a	n/a	DI51
156.7360000000	n/a	n/a	STATUS	n/a	n/a	D255
157.1160000000	n/a	n/a	STATUS	n/a	n/a	DI31
157.1680000000	n/a	n/a	STATUS	n/a	n/a	D255
157.4280000000	n/a	n/a	STATUS	n/a	n/a	DIN5
157.4760000000	n/a	n/a	STATUS	n/a	n/a	D255
157.7920000000	n/a	n/a	STATUS	n/a	n/a	D114
157.8440000000	n/a	n/a	STATUS	n/a	n/a	D255
157.8800000000	n/a	n/a	STATUS	n/a	n/a	DI51
157.9280000000	n/a	n/a	STATUS	n/a	n/a	D255
158.2920000000	n/a	n/a	STATUS	n/a	n/a	DI31
158.3400000000	n/a	n/a	STATUS	n/a	n/a	D255
158.6000000000	n/a	n/a	STATUS	n/a	n/a	DIN5
158.6520000000	n/a	n/a	STATUS	n/a	n/a	D255
158.9800000000	n/a	n/a	STATUS	n/a	n/a	D121
159.0320000000	n/a	n/a	STATUS	n/a	n/a	D255
159.0680000000	n/a	n/a	STATUS	n/a	n/a	DI53
159.1200000000	n/a	n/a	STATUS	n/a	n/a	D255
159.4520000000	n/a	n/a	STATUS	n/a	n/a	DI43
159.5000000000	n/a	n/a	STATUS	n/a	n/a	D255
159.7600000000	n/a	n/a	STATUS	n/a	n/a	DIN5
159.8120000000	n/a	n/a	STATUS	n/a	n/a	D255
160.2880000000	n/a	n/a	STATUS	n/a	n/a	D220
160.3400000000	n/a	n/a	STATUS	n/a	n/a	D255
160.3760000000	n/a	n/a	STATUS	n/a	n/a	DI53
160.4280000000	n/a	n/a	STATUS	n/a	n/a	D255
160.7360000000	n/a	n/a	STATUS	n/a	n/a	DI43
160.7840000000	n/a	n/a	STATUS	n/a	n/a	D255
161.0440000000	n/a	n/a	STATUS	n/a	n/a	DIN5
161.0960000000	n/a	n/a	STATUS	n/a	n/a	D255
161.5840000000	n/a	n/a	STATUS	n/a	n/a	DI67
161.6360000000	n/a	n/a	STATUS	n/a	n/a	D255
161.6720000000	n/a	n/a	STATUS	n/a	n/a	DI51
161.7200000000	n/a	n/a	STATUS	n/a	n/a	D255
162.1680000000	n/a	n/a	STATUS	n/a	n/a	DI31
162.2160000000	n/a	n/a	STATUS	n/a	n/a	D255
162.4760000000	n/a	n/a	STATUS	n/a	n/a	DIN5
162.5280000000	n/a	n/a	STATUS	n/a	n/a	D255
162.9320000000	n/a	n/a	STATUS	n/a	n/a	D141
162.9800000000	n/a	n/a	STATUS	n/a	n/a	D255
163.0200000000	n/a	n/a	STATUS	n/a	n/a	DI51
163.0680000000	n/a	n/a	STATUS	n/a	n/a	D255
163.4280000000	n/a	n/a	STATUS	n/a	n/a	DI31
163.4760000000	n/a	n/a	STATUS	n/a	n/a	D255
163.7360000000	n/a	n/a	STATUS	n/a	n/a	DIN5
163.7880000000	n/a	n/a	STATUS	n/a	n/a	D255
163.7880000000	n/a	n/a	STATUS	n/a	n/a	D239
164.1080000000	n/a	n/a	STATUS	n/a	n/a	D212
164.1560000000	n/a	n/a	STATUS	n/a	n/a	D255
164.1960000000	n/a	n/a	STATUS	n/a	n/a	DI52
164.2440000000	n/a	n/a	STATUS	n/a	n/a	D255
164.5880000000	n/a	n/a	STATUS	n/a	n/a	DI42
164.6400000000	n/a	n/a	STATUS	n/a	n/a	D255
164.9000000000	n/a	n/a	STATUS	n/a	n/a	DIN5
164.9480000000	n/a	n/a	STATUS	n/a	n/a	D255
165.3400000000	n/a	n/a	STATUS	n/a	n/a	D211
165.3880000000	n/a	n/a	STATUS	n/a	n/a	D255
165.4280000000	n/a	n/a	STATUS	n/a	n/a	DI52
165.4760000000	n/a	n/a	STATUS	n/a	n/a	D255
165.8320000000	n/a	n/a	STATUS	n/a	n/a	DI42
165.8840000000	n/a	n/a	STATUS	n/a	n/a	D255
166.1400000000	n/a	n/a	STATUS	n/a	n/a	DIN5
166.1920000000	n/a	n/a	STATUS	n/a	n/a	D255
166.6600000000	n/a	n/a	STATUS	n/a	n/a	D221
166.7120000000	n/a	n/a	STATUS	n/a	n/a	D255
166.7480000000	n/a	n/a	STATUS	n/a	n/a	DI53
166.7960000000	n/a	n/a	STATUS	n/a	n/a	D255
167.1440000000	n/a	n/a	STATUS	n/a	n/a	DI43
167.1920000000	n/a	n/a	STATUS	n/a	n/a	D255
167.4520000000	n/a	n/a	STATUS	n/a	n/a	DIN5
167.5040000000	n/a	n/a	STATUS	n/a	n/a	D255
167.9200000000	n/a	n/a	STATUS	n/a	n/a	D146
167.9680000000	n/a	n/a	STATUS	n/a	n/a	D255
168.0040000000	n/a	n/a	STATUS	n/a	n/a	DI51
168.0560000000	n/a	n/a	STATUS	n/a	n/a	D255
168.4040000000	n/a	n/a	STATUS	n/a	n/a	DI31
168.4560000000	n/a	n/a	STATUS	n/a	n/a	D255
168.7160000000	n/a	n/a	STATUS	n/a	n/a	DIN5
168.7640000000	n/a	n/a	STATUS	n/a	n/a	D255
169.2600000000	n/a	n/a	STATUS	n/a	n/a	DI68
169.3080000000	n/a	n/a	STATUS	n/a	n/a	D255
169.3480000000	n/a	n/a	STATUS	n/a	n/a	DI51
169.3960000000	n/a	n/a	STATUS	n/a	n/a	D255
169.7160000000	n/a	n/a	STATUS	n/a	n/a	DI31
169.7680000000	n/a	n/a	STATUS	n/a	n/a	D255
170.0240000000	n/a	n/a	STATUS	n/a	n/a	DIN5
170.0760000000	n/a	n/a	STATUS	n/a	n/a	D255
170.4880000000	n/a	n/a	STATUS	n/a	n/a	DI73
170.5400000000	n/a	n/a	STATUS	n/a	n/a	D255
170.5760000000	n/a	n/a	STATUS	n/a	n/a	DI53
170.6280000000	n/a	n/a	STATUS	n/a	n/a	D255
170.9440000000	n/a	n/a	STATUS	n/a	n/a	DI43
170.9960000000	n/a	n/a	STATUS	n/a	n/a	D255
171.2520000000	n/a	n/a	STATUS	n/a	n/a	DIN5
171.3040000000	n/a	n/a	STATUS	n/a	n/a	D255
171.6920000000	n/a	n/a	STATUS	n/a	n/a	D157
171.7440000000	n/a	n/a	STATUS	n/a	n/a	D255
171.7800000000	n/a	n/a	STATUS	n/a	n/a	DI54
171.8320000000	n/a	n/a	STATUS	n/a	n/a	D255
172.0960000000	n/a	n/a	STATUS	n/a	n/a	DI34
172.1480000000	n/a	n/a	STATUS	n/a	n/a	D255
172.4080000000	n/a	n/a	STATUS	n/a	n/a	DIN5
172.4560000000	n/a	n/a	STATUS	n/a	n/a	D255
172.9240000000	n/a	n/a	STATUS	n/a	n/a	D153
172.9720000000	n/a	n/a	STATUS	n/a	n/a	D255
173.0080000000	n/a	n/a	STATUS	n/a	n/a	DI54
173.0600000000	n/a	n/a	STATUS	n/a	n/a	D255
173.3400000000	n/a	n/a	STATUS	n/a	n/a	DI34
173.3880000000	n/a	n/a	STATUS	n/a	n/a	D255
173.6480000000	n/a	n/a	STATUS	n/a	n/a	DIN5
173.6960000000	n/a	n/a	STATUS	n/a	n/a	D255
174.1320000000	n/a	n/a	STATUS	n/a	n/a	D163
174.1840000000	n/a	n/a	STATUS	n/a	n/a	D255
174.2200000000	n/a	n/a	STATUS	n/a	n/a	DI54
174.2720000000	n/a	n/a	STATUS	n/a	n/a	D255
174.5880000000	n/a	n/a	STATUS	n/a	n/a	DI34
174.6400000000	n/a	n/a	STATUS	n/a	n/a	D255
174.8960000000	n/a	n/a	STATUS	n/a	n/a	DIN5
174.9480000000	n/a	n/a	STATUS	n/a	n/a	D255
175.3800000000	n/a	n/a	STATUS	n/a	n/a	D240
175.4280000000	n/a	n/a	STATUS	n/a	n/a	D255
175.4680000000	n/a	n/a	STATUS	n/a	n/a	DI51
175.5160000000	n/a	n/a	STATUS	n/a	n/a	D255
175.8800000000	n/a	n/a	STATUS	n/a	n/a	DI21
175.9320000000	n/a	n/a	STATUS	n/a	n/a	D255
175.9360000000	n/a	n/a	STATUS	n/a	n/a	DIN4
175.9880000000	n/a	n/a	STATUS	n/a	n/a	D255
176.7400000000	n/a	n/a	STATUS	n/a	n/a	DIN5
176.7920000000	n/a	n/a	STATUS	n/a	n/a	D255
177.1520000000	n/a	n/a	STATUS	n/a	n/a	D110
177.2000000000	n/a	n/a	STATUS	n/a	n/a	D255
177.2400000000	n/a	n/a	STATUS	n/a	n/a	DI52
177.2880000000	n/a	n/a	STATUS	n/a	n/a	D255
177.7120000000	n/a	n/a	STATUS	n/a	n/a	DI42
177.7600000000	n/a	n/a	STATUS	n/a	n/a	D255
178.0200000000	n/a	n/a	STATUS	n/a	n/a	DIN5
178.0680000000	n/a	n/a	STATUS	n/a	n/a	D255
178.5320000000	n/a	n/a	STATUS	n/a	n/a	DI78
178.5840000000	n/a	n/a	STATUS	n/a	n/a	D255
178.6240000000	n/a	n/a	STATUS	n/a	n/a	DI53
178.6720000000	n/a	n/a	STATUS	n/a	n/a	D255
178.9960000000	n/a	n/a	STATUS	n/a	n/a	DI43
179.0480000000	n/a	n/a	STATUS	n/a	n/a	D255
179.3080000000	n/a	n/a	STATUS	n/a	n/a	DIN5
179.3560000000	n/a	n/a	STATUS	n/a	n/a	D255
179.8560000000	n/a	n/a	STATUS	n/a	n/a	D150
179.9080000000	n/a	n/a	STATUS	n/a	n/a	D255
179.9440000000	n/a	n/a	STATUS	n/a	n/a	DI54
179.9920000000	n/a	n/a	STATUS	n/a	n/a	D255
180.2880000000	n/a	n/a	STATUS	n/a	n/a	DI34
180.3360000000	n/a	n/a	STATUS	n/a	n/a	D255
180.5960000000	n/a	n/a	STATUS	n/a	n/a	DIN5
180.6480000000	n/a	n/a	STATUS	n/a	n/a	D255
181.0720000000	n/a	n/a	STATUS	n/a	n/a	DI95
181.1240000000	n/a	n/a	STATUS	n/a	n/a	D255
181.1600000000	n/a	n/a	STATUS	n/a	n/a	DI51
181.2080000000	n/a	n/a	STATUS	n/a	n/a	D255
181.5440000000	n/a	n/a	STATUS	n/a	n/a	DI31
181.5960000000	n/a	n/a	STATUS	n/a	n/a	D255
181.8520000000	n/a	n/a	STATUS	n/a	n/a	DIN5
181.9040000000	n/a	n/a	STATUS	n/a	n/a	D255
182.3920000000	n/a	n/a	STATUS	n/a	n/a	D179
182.4440000000	n/a	n/a	STATUS	n/a	n/a	D255
182.4800000000	n/a	n/a	STATUS	n/a	n/a	DI54
182.5320000000	n/a	n/a	STATUS	n/a	n/a	D255
182.8000000000	n/a	n/a	STATUS	n/a	n/a	DI34
182.8520000000	n/a	n/a	STATUS	n/a	n/a	D255
183.1080000000	n/a	n/a	STATUS	n/a	n/a	DIN5
183.1600000000	n/a	n/a	STATUS	n/a	n/a	D255
183.4880000000	n/a	n/a	STATUS	n/a	n/a	D112
183.5400000000	n/a	n/a	STATUS	n/a	n/a	D255
183.5760000000	n/a	n/a	STATUS	n/a	n/a	DI53
183.6280000000	n/a	n/a	STATUS	n/a	n/a	D255
184.0080000000	n/a	n/a	STATUS	n/a	n/a	DI43
184.0600000000	n/a	n/a	STATUS	n/a	n/a	D255
184.3160000000	n/a	n/a	STATUS	n/a	n/a	DIN5
184.3680000000	n/a	n/a	STATUS	n/a	n/a	D255
184.7360000000	n/a	n/a	STATUS	n/a	n/a	D173
184.7880000000	n/a	n/a	STATUS	n/a	n/a	D255
184.8240000000	n/a	n/a	STATUS	n/a	n/a	DI52
184.8760000000	n/a	n/a	STATUS	n/a	n/a	D255
185.3240000000	n/a	n/a	STATUS	n/a	n/a	DI12
185.3720000000	n/a	n/a	STATUS	n/a	n/a	D255
185.3800000000	n/a	n/a	STATUS	n/a	n/a	DIN4
185.4280000000	n/a	n/a	STATUS	n/a	n/a	D255
186.1840000000	n/a	n/a	STATUS	n/a	n/a	DIN5
186.2320000000	n/a	n/a	STATUS	n/a	n/a	D255
186.7040000000	n/a	n/a	STATUS	n/a	n/a	D237
186.7520000000	n/a	n/a	STATUS	n/a	n/a	D255
186.7920000000	n/a	n/a	STATUS	n/a	n/a	DI54
186.8400000000	n/a	n/a	STATUS	n/a	n/a	D255
187.2360000000	n/a	n/a	STATUS	n/a	n/a	DI34
187.2880000000	n/a	n/a	STATUS	n/a	n/a	D255
187.5480000000	n/a	n/a	STATUS	n/a	n/a	DIN5
187.5960000000	n/a	n/a	STATUS	n/a	n/a	D255
188.0200000000	n/a	n/a	STATUS	n/a	n/a	D144
188.0720000000	n/a	n/a	STATUS	n/a	n/a	D255
188.1080000000	n/a	n/a	STATUS	n/a	n/a	DI52
188.1600000000	n/a	n/a	STATUS	n/a	n/a	D255
188.6040000000	n/a	n/a	STATUS	n/a	n/a	DI42
188.6560000000	n/a	n/a	STATUS	n/a	n/a	D255
188.9160000000	n/a	n/a	STATUS	n/a	n/a	DIN5
188.9640000000	n/a	n/a	STATUS	n/a	n/a	D255
189.4040000000	n/a	n/a	STATUS	n/a	n/a	D159
189.4560000000	n/a	n/a	STATUS	n/a	n/a	D255
189.4920000000	n/a	n/a	STATUS	n/a	n/a	DI52
189.5440000000	n/a	n/a	STATUS	n/a	n/a	D255
189.9000000000	n/a	n/a	STATUS	n/a	n/a	DI42
189.9480000000	n/a	n/a	STATUS	n/a	n/a	D255
190.2080000000	n/a	n/a	STATUS	n/a	n/a	DIN5
190.2560000000	n/a	n/a	STATUS	n/a	n/a	D255
190.6680000000	n/a	n/a	STATUS	n/a	n/a	D245
190.7160000000	n/a	n/a	STATUS	n/a	n/a	D255
190.7560000000	n/a	n/a	STATUS	n/a	n/a	DI54
190.8040000000	n/a	n/a	STATUS	n/a	n/a	D255
191.1800000000	n/a	n/a	STATUS	n/a	n/a	DI34
191.2280000000	n/a	n/a	STATUS	n/a	n/a	D255
191.4880000000	n/a	n/a	STATUS	n/a	n/a	DIN5
191.5400000000	n/a	n/a	STATUS	n/a	n/a	D255
191.9880000000	n/a	n/a	STATUS	n/a	n/a	D219
192.0400000000	n/a	n/a	STATUS	n/a	n/a	D255
192.0760000000	n/a	n/a	STATUS	n/a	n/a	DI54
192.1240000000	n/a	n/a	STATUS	n/a	n/a	D255
192.4880000000	n/a	n/a	STATUS	n/a	n/a	DI34
192.5400000000	n/a	n/a	STATUS	n/a	n/a	D255
192.7960000000	n/a	n/a	STATUS	n/a	n/a	DIN5
192.8480000000	n/a	n/a	STATUS	n/a	n/a	D255
193.3360000000	n/a	n/a	STATUS	n/a	n/a	D120
193.3880000000	n/a	n/a	STATUS	n/a	n/a	D255
193.4240000000	n/a	n/a	STATUS	n/a	n/a	DI51
193.4760000000	n/a	n/a	STATUS	n/a	n/a	D255
193.8640000000	n/a	n/a	STATUS	n/a	n/a	DI31
193.9120000000	n/a	n/a	STATUS	n/a	n/a	D255
194.1720000000	n/a	n/a	STATUS	n/a	n/a	DIN5
194.2200000000	n/a	n/a	STATUS	n/a	n/a	D255
194.5920000000	n/a	n/a	STATUS	n/a	n/a	D180
194.6400000000	n/a	n/a	STATUS	n/a	n/a	D255
194.6800000000	n/a	n/a	STATUS	n/a	n/a	DI53
194.7280000000	n/a	n/a	STATUS	n/a	n/a	D255
195.1040000000	n/a	n/a	STATUS	n/a	n/a	DI43
195.1560000000	n/a	n/a	STATUS	n/a	n/a	D255
195.4160000000	n/a	n/a	STATUS	n/a	n/a	DIN5
195.4640000000	n/a	n/a	STATUS	n/a	n/a	D255
195.9600000000	n/a	n/a	STATUS	n/a	n/a	D172
196.0080000000	n/a	n/a	STATUS	n/a	n/a	D255
196.0480000000	n/a	n/a	STATUS	n/a	n/a	DI54
196.0960000000	n/a	n/a	STATUS	n/a	n/a	D255
196.3680000000	n/a	n/a	STATUS	n/a	n/a	DI34
196.4160000000	n/a	n/a	STATUS	n/a	n/a	D255
196.6760000000	n/a	n/a	STATUS	n/a	n/a	DIN5
196.7280000000	n/a	n/a	STATUS	n/a	n/a	D255
197.1040000000	n/a	n/a	STATUS	n/a	n/a	D231
197.1520000000	n/a	n/a	STATUS	n/a	n/a	D255
197.1880000000	n/a	n/a	STATUS	n/a	n/a	DI51
197.2400000000	n/a	n/a	STATUS	n/a	n/a	D255
197.6280000000	n/a	n/a	STATUS	n/a	n/a	DI31
197.6760000000	n/a	n/a	STATUS	n/a	n/a	D255
197.9360000000	n/a	n/a	STATUS	n/a	n/a	DIN5
197.9880000000	n/a	n/a	STATUS	n/a	n/a	D255
198.3760000000	n/a	n/a	STATUS	n/a	n/a	D209
198.4280000000	n/a	n/a	STATUS	n/a	n/a	D255
198.4640000000	n/a	n/a	STATUS	n/a	n/a	DI52
198.5160000000	n/a	n/a	STATUS	n/a	n/a	D255
198.8720000000	n/a	n/a	STATUS	n/a	n/a	DI42
198.9240000000	n/a	n/a	STATUS	n/a	n/a	D255
199.1800000000	n/a	n/a	STATUS	n/a	n/a	DIN5
199.2320000000	n/a	n/a	STATUS	n/a	n/a	D255
199.6160000000	n/a	n/a	STATUS	n/a	n/a	DI97
199.6680000000	n/a	n/a	STATUS	n/a	n/a	D255
199.7040000000	n/a	n/a	STATUS	n/a	n/a	DI52
199.7560000000	n/a	n/a	STATUS	n/a	n/a	D255
200.2160000000	n/a	n/a	STATUS	n/a	n/a	DI42
200.2680000000	n/a	n/a	STATUS	n/a	n/a	D255
200.5280000000	n/a	n/a	STATUS	n/a	n/a	DIN5
200.5760000000	n/a	n/a	STATUS	n/a	n/a	D255
200.9560000000	n/a	n/a	STATUS	n/a	n/a	D158
201.0080000000	n/a	n/a	STATUS	n/a	n/a	D255
201.0440000000	n/a	n/a	STATUS	n/a	n/a	DI51
201.0920000000	n/a	n/a	STATUS	n/a	n/a	D255
201.4880000000	n/a	n/a	STATUS	n/a	n/a	DI31
201.5400000000	n/a	n/a	STATUS	n/a	n/a	D255
201.7960000000	n/a	n/a	STATUS	n/a	n/a	DIN5
201.8480000000	n/a	n/a	STATUS	n/a	n/a	D255
202.3360000000	n/a	n/a	STATUS	n/a	n/a	D251
202.3880000000	n/a	n/a	STATUS	n/a	n/a	D255
202.4240000000	n/a	n/a	STATUS	n/a	n/a	DI54
202.4760000000	n/a	n/a	STATUS	n/a	n/a	D255
202.8520000000	n/a	n/a	STATUS	n/a	n/a	DI34
202.9040000000	n/a	n/a	STATUS	n/a	n/a	D255
203.1600000000	n/a	n/a	STATUS	n/a	n/a	DIN5
203.2120000000	n/a	n/a	STATUS	n/a	n/a	D255
203.6680000000	n/a	n/a	STATUS	n/a	n/a	DI74
203.7160000000	n/a	n/a	STATUS	n/a	n/a	D255
203.7560000000	n/a	n/a	STATUS	n/a	n/a	DI52
203.8040000000	n/a	n/a	STATUS	n/a	n/a	D255
204.1760000000	n/a	n/a	STATUS	n/a	n/a	DI42
204.2280000000	n/a	n/a	STATUS	n/a	n/a	D255
204.4880000000	n/a	n/a	STATUS	n/a	n/a	DIN5
204.5360000000	n/a	n/a	STATUS	n/a	n/a	D255
204.8800000000	n/a	n/a	STATUS	n/a	n/a	D118
204.9320000000	n/a	n/a	STATUS	n/a	n/a	D255
204.9680000000	n/a	n/a	STATUS	n/a	n/a	DI53
205.0200000000	n/a	n/a	STATUS	n/a	n/a	D255
205.3560000000	n/a	n/a	STATUS	n/a	n/a	DI43
205.4080000000	n/a	n/a	STATUS	n/a	n/a	D255
205.6680000000	n/a	n/a	STATUS	n/a	n/a	DIN5
205.7160000000	n/a	n/a	STATUS	n/a	n/a	D255
206.2200000000	n/a	n/a	STATUS	n/a	n/a	D201
206.2720000000	n/a	n/a	STATUS	n/a	n/a	D255
206.3080000000	n/a	n/a	STATUS	n/a	n/a	DI53
206.3560000000	n/a	n/a	STATUS	n/a	n/a	D255
206.6640000000	n/a	n/a	STATUS	n/a	n/a	DI43
206.7120000000	n/a	n/a	STATUS	n/a	n/a	D255
206.9720000000	n/a	n/a	STATUS	n/a	n/a	DIN5
207.0240000000	n/a	n/a	STATUS	n/a	n/a	D255
207.5120000000	n/a	n/a	STATUS	n/a	n/a	D166
207.5640000000	n/a	n/a	STATUS	n/a	n/a	D255
207.6000000000	n/a	n/a	STATUS	n/a	n/a	DI54
207.6520000000	n/a	n/a	STATUS	n/a	n/a	D255
208.0480000000	n/a	n/a	STATUS	n/a	n/a	DI34
208.0960000000	n/a	n/a	STATUS	n/a	n/a	D255
208.3560000000	n/a	n/a	STATUS	n/a	n/a	DIN5
208.4040000000	n/a	n/a	STATUS	n/a	n/a	D255
208.8920000000	n/a	n/a	STATUS	n/a	n/a	D236
208.9400000000	n/a	n/a	STATUS	n/a	n/a	D255
208.9800000000	n/a	n/a	STATUS	n/a	n/a	DI54
209.0280000000	n/a	n/a	STATUS	n/a	n/a	D255
209.3360000000	n/a	n/a	STATUS	n/a	n/a	DI34
209.3880000000	n/a	n/a	STATUS	n/a	n/a	D255
209.6480000000	n/a	n/a	STATUS	n/a	n/a	DIN5
209.6960000000	n/a	n/a	STATUS	n/a	n/a	D255
210.1920000000	n/a	n/a	STATUS	n/a	n/a	D228
210.2400000000	n/a	n/a	STATUS	n/a	n/a	D255
210.2800000000	n/a	n/a	STATUS	n/a	n/a	DI52
210.3280000000	n/a	n/a	STATUS	n/a	n/a	D255
210.7640000000	n/a	n/a	STATUS	n/a	n/a	DI42
210.8120000000	n/a	n/a	STATUS	n/a	n/a	D255
211.0720000000	n/a	n/a	STATUS	n/a	n/a	DIN5
211.1240000000	n/a	n/a	STATUS	n/a	n/a	D255
211.4960000000	n/a	n/a	STATUS	n/a	n/a	D216
211.5480000000	n/a	n/a	STATUS	n/a	n/a	D255
211.5840000000	n/a	n/a	STATUS	n/a	n/a	DI53
211.6360000000	n/a	n/a	STATUS	n/a	n/a	D255
211.9760000000	n/a	n/a	STATUS	n/a	n/a	DI43
212.0280000000	n/a	n/a	STATUS	n/a	n/a	D255
212.2880000000	n/a	n/a	STATUS	n/a	n/a	DIN5
212.3360000000	n/a	n/a	STATUS	n/a	n/a	D255
212.6560000000	n/a	n/a	STATUS	n/a	n/a	DI86
212.7080000000	n/a	n/a	STATUS	n/a	n/a	D255
212.7440000000	n/a	n/a	STATUS	n/a	n/a	DI51
212.7920000000	n/a	n/a	STATUS	n/a	n/a	D255
213.1840000000	n/a	n/a	STATUS	n/a	n/a	DI31
213.2360000000	n/a	n/a	STATUS	n/a	n/a	D255
213.4960000000	n/a	n/a	STATUS	n/a	n/a	DIN5
213.5440000000	n/a	n/a	STATUS	n/a	n/a	D255
214.0240000000	n/a	n/a	STATUS	n/a	n/a	D111
214.0720000000	n/a	n/a	STATUS	n/a	n/a	D255
214.1120000000	n/a	n/a	STATUS	n/a	n/a	DI51
214.1600000000	n/a	n/a	STATUS	n/a	n/a	D255
214.5440000000	n/a	n/a	STATUS	n/a	n/a	DI31
214.5920000000	n/a	n/a	STATUS	n/a	n/a	D255
224.7800000000	n/a	n/a	STATUS	n/a	n/a	DIN5
224.8320000000	n/a	n/a	STATUS	n/a	n/a	D255
225.1360000000	n/a	n/a	STATUS	n/a	n/a	D160
225.1840000000	n/a	n/a	STATUS	n/a	n/a	D255
225.2240000000	n/a	n/a	STATUS	n/a	n/a	DI53
225.2720000000	n/a	n/a	STATUS	n/a	n/a	D255
225.6200000000	n/a	n/a	STATUS	n/a	n/a	DI43
225.6720000000	n/a	n/a	STATUS	n/a	n/a	D255
225.9320000000	n/a	n/a	STATUS	n/a	n/a	DIN5
225.9800000000	n/a	n/a	STATUS	n/a	n/a	D255
226.3200000000	n/a	n/a	STATUS	n/a	n/a	D136
226.3720000000	n/a	n/a	STATUS	n/a	n/a	D255
226.4080000000	n/a	n/a	STATUS	n/a	n/a	DI51
226.4600000000	n/a	n/a	STATUS	n/a	n/a	D255
226.8480000000	n/a	n/a	STATUS	n/a	n/a	DI31
226.9000000000	n/a	n/a	STATUS	n/a	n/a	D255
227.1600000000	n/a	n/a	STATUS	n/a	n/a	DIN5
227.2080000000	n/a	n/a	STATUS	n/a	n/a	D255
227.6040000000	n/a	n/a	STATUS	n/a	n/a	D151
227.6520000000	n/a	n/a	STATUS	n/a	n/a	D255
227.6920000000	n/a	n/a	STATUS	n/a	n/a	DI53
227.7400000000	n/a	n/a	STATUS	n/a	n/a	D255
227.9840000000	n/a	n/a	STATUS	n/a	n/a	DI43
228.0320000000	n/a	n/a	STATUS	n/a	n/a	D255
228.2920000000	n/a	n/a	STATUS	n/a	n/a	DIN5
228.3440000000	n/a	n/a	STATUS	n/a	n/a	D255
228.7760000000	n/a	n/a	STATUS	n/a	n/a	DI75
228.8280000000	n/a	n/a	STATUS	n/a	n/a	D255
228.8640000000	n/a	n/a	STATUS	n/a	n/a	DI53
228.9160000000	n/a	n/a	STATUS	n/a	n/a	D255
229.1920000000	n/a	n/a	STATUS	n/a	n/a	DI43
229.2400000000	n/a	n/a	STATUS	n/a	n/a	D255
229.5000000000	n/a	n/a	STATUS	n/a	n/a	DIN5
229.5520000000	n/a	n/a	STATUS	n/a	n/a	D255
229.9880000000	n/a	n/a	STATUS	n/a	n/a	D117
230.0400000000	n/a	n/a	STATUS	n/a	n/a	D255
230.0760000000	n/a	n/a	STATUS	n/a	n/a	DI53
230.1280000000	n/a	n/a	STATUS	n/a	n/a	D255
230.4000000000	n/a	n/a	STATUS	n/a	n/a	DI43
230.4480000000	n/a	n/a	STATUS	n/a	n/a	D255
230.7080000000	n/a	n/a	STATUS	n/a	n/a	DIN5
230.7600000000	n/a	n/a	STATUS	n/a	n/a	D255
231.2640000000	n/a	n/a	STATUS	n/a	n/a	DI78
231.3160000000	n/a	n/a	STATUS	n/a	n/a	D255
231.3520000000	n/a	n/a	STATUS	n/a	n/a	DI54
231.4040000000	n/a	n/a	STATUS	n/a	n/a	D255
231.6600000000	n/a	n/a	STATUS	n/a	n/a	DI34
231.7120000000	n/a	n/a	STATUS	n/a	n/a	D255
231.9720000000	n/a	n/a	STATUS	n/a	n/a	DIN5
232.0200000000	n/a	n/a	STATUS	n/a	n/a	D255
232.3440000000	n/a	n/a	STATUS	n/a	n/a	D109
232.3960000000	n/a	n/a	STATUS	n/a	n/a	D255
232.4320000000	n/a	n/a	STATUS	n/a	n/a	DI52
232.4840000000	n/a	n/a	STATUS	n/a	n/a	D255
232.8200000000	n/a	n/a	STATUS	n/a	n/a	DI42
232.8680000000	n/a	n/a	STATUS	n/a	n/a	D255
233.1280000000	n/a	n/a	STATUS	n/a	n/a	DIN5
233.1760000000	n/a	n/a	STATUS	n/a	n/a	D255
233.5040000000	n/a	n/a	STATUS	n/a	n/a	D110
233.5520000000	n/a	n/a	STATUS	n/a	n/a	D255
233.5920000000	n/a	n/a	STATUS	n/a	n/a	DI51
233.6400000000	n/a	n/a	STATUS	n/a	n/a	D255
233.9840000000	n/a	n/a	STATUS	n/a	n/a	DI31
234.0320000000	n/a	n/a	STATUS	n/a	n/a	D255
234.2920000000	n/a	n/a	STATUS	n/a	n/a	DIN5
234.3440000000	n/a	n/a	STATUS	n/a	n/a	D255
234.7440000000	n/a	n/a	STATUS	n/a	n/a	DI68
234.7920000000	n/a	n/a	STATUS	n/a	n/a	D255
234.8320000000	n/a	n/a	STATUS	n/a	n/a	DI54
234.8800000000	n/a	n/a	STATUS	n/a	n/a	D255
235.1720000000	n/a	n/a	STATUS	n/a	n/a	DI34
235.2200000000	n/a	n/a	STATUS	n/a	n/a	D255
235.4800000000	n/a	n/a	STATUS	n/a	n/a	DIN5
235.5280000000	n/a	n/a	STATUS	n/a	n/a	D255
235.9200000000	n/a	n/a	STATUS	n/a	n/a	D236
235.9720000000	n/a	n/a	STATUS	n/a	n/a	D255
236.0080000000	n/a	n/a	STATUS	n/a	n/a	DI52
236.0560000000	n/a	n/a	STATUS	n/a	n/a	D255
236.5040000000	n/a	n/a	STATUS	n/a	n/a	DI42
236.5520000000	n/a	n/a	STATUS	n/a	n/a	D255
236.8120000000	n/a	n/a	STATUS	n/a	n/a	DIN5
236.8640000000	n/a	n/a	STATUS	n/a	n/a	D255
237.2520000000	n/a	n/a	STATUS	n/a	n/a	D114
237.3040000000	n/a	n/a	STATUS	n/a	n/a	D255
237.3400000000	n/a	n/a	STATUS	n/a	n/a	DI51
237.3880000000	n/a	n/a	STATUS	n/a	n/a	D255
237.7520000000	n/a	n/a	STATUS	n/a	n/a	DI31
237.8000000000	n/a	n/a	STATUS	n/a	n/a	D255
238.0600000000	n/a	n/a	STATUS	n/a	n/a	DIN5
238.1120000000	n/a	n/a	STATUS	n/a	n/a	D255
238.5040000000	n/a	n/a	STATUS	n/a	n/a	D155
238.5560000000	n/a	n/a	STATUS	n/a	n/a	D255
238.5920000000	n/a	n/a	STATUS	n/a	n/a	DI52
238.6440000000	n/a	n/a	STATUS	n/a	n/a	D255
239.0520000000	n/a	n/a	STATUS	n/a	n/a	DI42
239.1040000000	n/a	n/a	STATUS	n/a	n/a	D255
239.3600000000	n/a	n/a	STATUS	n/a	n/a	DIN5
239.4120000000	n/a	n/a	STATUS	n/a	n/a	D255
239.8880000000	n/a	n/a	STATUS	n/a	n/a	D105
239.9360000000	n/a	n/a	STATUS	n/a	n/a	D255
239.9720000000	n/a	n/a	STATUS	n/a	n/a	DI54
240.0240000000	n/a	n/a	STATUS	n/a	n/a	D255
240.3320000000	n/a	n/a	STATUS	n/a	n/a	DI34
240.3840000000	n/a	n/a	STATUS	n/a	n/a	D255
240.6440000000	n/a	n/a	STATUS	n/a	n/a	DIN5
240.6920000000	n/a	n/a	STATUS	n/a	n/a	D255
241.0320000000	n/a	n/a	STATUS	n/a	n/a	D184
241.0800000000	n/a	n/a	STATUS	n/a	n/a	D255
241.1200000000	n/a	n/a	STATUS	n/a	n/a	DI51
241.1720000000	n/a	n/a	STATUS	n/a	n/a	D255
241.6160000000	n/a	n/a	STATUS	n/a	n/a	DI31
241.6680000000	n/a	n/a	STATUS	n/a	n/a	D255
241.9280000000	n/a	n/a	STATUS	n/a	n/a	DIN5
241.9760000000	n/a	n/a	STATUS	n/a	n/a	D255
242.4280000000	n/a	n/a	STATUS	n/a	n/a	D111
242.4760000000	n/a	n/a	STATUS	n/a	n/a	D255
242.5160000000	n/a	n/a	STATUS	n/a	n/a	DI52
242.5640000000	n/a	n/a	STATUS	n/a	n/a	D255
242.9200000000	n/a	n/a	STATUS	n/a	n/a	DI12
242.9720000000	n/a	n/a	STATUS	n/a	n/a	D255
242.9760000000	n/a	n/a	STATUS	n/a	n/a	DIN4
243.0240000000	n/a	n/a	STATUS	n/a	n/a	D255
243.7800000000	n/a	n/a	STATUS	n/a	n/a	DIN5
243.8280000000	n/a	n/a	STATUS	n/a	n/a	D255
244.1600000000	n/a	n/a	STATUS	n/a	n/a	D215
244.2080000000	n/a	n/a	STATUS	n/a	n/a	D255
244.2480000000	n/a	n/a	STATUS	n/a	n/a	DI54
244.2960000000	n/a	n/a	STATUS	n/a	n/a	D255
244.6480000000	n/a	n/a	STATUS	n/a	n/a	DI34
244.6960000000	n/a	n/a	STATUS	n/a	n/a	D255
244.9560000000	n/a	n/a	STATUS	n/a	n/a	DIN5
245.0080000000	n/a	n/a	STATUS	n/a	n/a	D255
245.3800000000	n/a	n/a	STATUS	n/a	n/a	D177
245.4320000000	n/a	n/a	STATUS	n/a	n/a	D255
245.4680000000	n/a	n/a	STATUS	n/a	n/a	DI51
245.5200000000	n/a	n/a	STATUS	n/a	n/a	D255
245.9480000000	n/a	n/a	STATUS	n/a	n/a	DI31
246.0000000000	n/a	n/a	STATUS	n/a	n/a	D255
246.2600000000	n/a	n/a	STATUS	n/a	n/a	DIN5
246.3080000000	n/a	n/a	STATUS	n/a	n/a	D255
246.7000000000	n/a	n/a	STATUS	n/a	n/a	D228
246.7480000000	n/a	n/a	STATUS	n/a	n/a	D255
246.7840000000	n/a	n/a	STATUS	n/a	n/a	DI52
246.8360000000	n/a	n/a	STATUS	n/a	n/a	D255
247.2040000000	n/a	n/a	STATUS	n/a	n/a	DI42
247.2520000000	n/a	n/a	STATUS	n/a	n/a	D255
247.5120000000	n/a	n/a	STATUS	n/a	n/a	DIN5
247.5640000000	n/a	n/a	STATUS	n/a	n/a	D255
247.9440000000	n/a	n/a	STATUS	n/a	n/a	D162
247.9920000000	n/a	n/a	STATUS	n/a	n/a	D255
248.0320000000	n/a	n/a	STATUS	n/a	n/a	DI53
248.0800000000	n/a	n/a	STATUS	n/a	n/a	D255
248.4320000000	n/a	n/a	STATUS	n/a	n/a	DI43
248.4840000000	n/a	n/a	STATUS	n/a	n/a	D255
248.7440000000	n/a	n/a	STATUS	n/a	n/a	DIN5
248.7920000000	n/a	n/a	STATUS	n/a	n/a	D255
249.1920000000	n/a	n/a	STATUS	n/a	n/a	DI65
249.2440000000	n/a	n/a	STATUS	n/a	n/a	D255
249.2800000000	n/a	n/a	STATUS	n/a	n/a	DI51
249.3320000000	n/a	n/a	STATUS	n/a	n/a	D255
249.7280000000	n/a	n/a	STATUS	n/a	n/a	DI31
249.7760000000	n/a	n/a	STATUS	n/a	n/a	D255
250.0360000000	n/a	n/a	STATUS	n/a	n/a	DIN5
250.0880000000	n/a	n/a	STATUS	n/a	n/a	D255
250.5000000000	n/a	n/a	STATUS	n/a	n/a	D100
250.5520000000	n/a	n/a	STATUS	n/a	n/a	D255
250.5880000000	n/a	n/a	STATUS	n/a	n/a	DI52
250.6400000000	n/a	n/a	STATUS	n/a	n/a	D255
251.0480000000	n/a	n/a	STATUS	n/a	n/a	DI42
251.1000000000	n/a	n/a	STATUS	n/a	n/a	D255
251.3560000000	n/a	n/a	STATUS	n/a	n/a	DIN5
251.4080000000	n/a	n/a	STATUS	n/a	n/a	D255
251.8920000000	n/a	n/a	STATUS	n/a	n/a	DI90
251.9440000000	n/a	n/a	STATUS	n/a	n/a	D255
251.9800000000	n/a	n/a	STATUS	n/a	n/a	DI51
252.0320000000	n/a	n/a	STATUS	n/a	n/a	D255
252.4000000000	n/a	n/a	STATUS	n/a	n/a	DI31
252.4520000000	n/a	n/a	STATUS	n/a	n/a	D255
252.7080000000	n/a	n/a	STATUS	n/a	n/a	DIN5
252.7600000000	n/a	n/a	STATUS	n/a	n/a	D255
253.0840000000	n/a	n/a	STATUS	n/a	n/a	D115
253.1360000000	n/a	n/a	STATUS	n/a	n/a	D255
253.1720000000	n/a	n/a	STATUS	n/a	n/a	DI52
253.2240000000	n/a	n/a	STATUS	n/a	n/a	D255
253.6320000000	n/a	n/a	STATUS	n/a	n/a	DI42
253.6840000000	n/a	n/a	STATUS	n/a	n/a	D255
253.9400000000	n/a	n/a	STATUS	n/a	n/a	DIN5
253.9920000000	n/a	n/a	STATUS	n/a	n/a	D255
254.4200000000	n/a	n/a	STATUS	n/a	n/a	DI99
254.4720000000	n/a	n/a	STATUS	n/a	n/a	D255
254.5080000000	n/a	n/a	STATUS	n/a	n/a	DI54
254.5600000000	n/a	n/a	STATUS	n/a	n/a	D255
254.8760000000	n/a	n/a	STATUS	n/a	n/a	DI34
254.9280000000	n/a	n/a	STATUS	n/a	n/a	D255
255.1840000000	n/a	n/a	STATUS	n/a	n/a	DIN5
255.2360000000	n/a	n/a	STATUS	n/a	n/a	D255
255.5440000000	n/a	n/a	STATUS	n/a	n/a	DI86
255.5960000000	n/a	n/a	STATUS	n/a	n/a	D255
255.6320000000	n/a	n/a	STATUS	n/a	n/a	DI53
255.6840000000	n/a	n/a	STATUS	n/a	n/a	D255
256.0040000000	n/a	n/a	STATUS	n/a	n/a	DI43
256.0520000000	n/a	n/a	STATUS	n/a	n/a	D255
256.3120000000	n/a	n/a	STATUS	n/a	n/a	DIN5
256.3640000000	n/a	n/a	STATUS	n/a	n/a	D255
256.6760000000	n/a	n/a	STATUS	n/a	n/a	D135
256.7280000000	n/a	n/a	STATUS	n/a	n/a	D255
256.7640000000	n/a	n/a	STATUS	n/a	n/a	DI53
256.8160000000	n/a	n/a	STATUS	n/a	n/a	D255
257.1840000000	n/a	n/a	STATUS	n/a	n/a	DI43
257.2360000000	n/a	n/a	STATUS	n/a	n/a	D255
257.4960000000	n/a	n/a	STATUS	n/a	n/a	DIN5
257.5440000000	n/a	n/a	STATUS	n/a	n/a	D255
257.9240000000	n/a	n/a	STATUS	n/a	n/a	D229
257.9720000000	n/a	n/a	STATUS	n/a	n/a	D255
258.0120000000	n/a	n/a	STATUS	n/a	n/a	DI52
258.0640000000	n/a	n/a	STATUS	n/a	n/a	D255
258.4440000000	n/a	n/a	STATUS	n/a	n/a	DI42
258.4920000000	n/a	n/a	STATUS	n/a	n/a	D255
258.7520000000	n/a	n/a	STATUS	n/a	n/a	DIN5
258.8000000000	n/a	n/a	STATUS	n/a	n/a	D255
259.1720000000	n/a	n/a	STATUS	n/a	n/a	DI94
259.2200000000	n/a	n/a	STATUS	n/a	n/a	D255
259.2600000000	n/a	n/a	STATUS	n/a	n/a	DI54
259.3120000000	n/a	n/a	STATUS	n/a	n/a	D255
259.6560000000	n/a	n/a	STATUS	n/a	n/a	DI34
259.7080000000	n/a	n/a	STATUS	n/a	n/a	D255
259.9680000000	n/a	n/a	STATUS	n/a	n/a	DIN5
260.0160000000	n/a	n/a	STATUS	n/a	n/a	D255
260.4680000000	n/a	n/a	STATUS	n/a	n/a	D144
260.5160000000	n/a	n/a	STATUS	n/a	n/a	D255
260.5520000000	n/a	n/a	STATUS	n/a	n/a	DI53
260.6040000000	n/a	n/a	STATUS	n/a	n/a	D255
260.9240000000	n/a	n/a	STATUS	n/a	n/a	DI43
260.9760000000	n/a	n/a	STATUS	n/a	n/a	D255
261.2360000000	n/a	n/a	STATUS	n/a	n/a	DIN5
261.2840000000	n/a	n/a	STATUS	n/a	n/a	D255
261.7560000000	n/a	n/a	STATUS	n/a	n/a	DI77
261.8040000000	n/a	n/a	STATUS	n/a	n/a	D255
261.8440000000	n/a	n/a	STATUS	n/a	n/a	DI52
261.8920000000	n/a	n/a	STATUS	n/a	n/a	D255
262.3080000000	n/a	n/a	STATUS	n/a	n/a	DI12
262.3600000000	n/a	n/a	STATUS	n/a	n/a	D255
262.3640000000	n/a	n/a	STATUS	n/a	n/a	DIN4
262.4120000000	n/a	n/a	STATUS	n/a	n/a	D255
263.1680000000	n/a	n/a	STATUS	n/a	n/a	DIN5
263.2200000000	n/a	n/a	STATUS	n/a	n/a	D255
263.6920000000	n/a	n/a	STATUS	n/a	n/a	D108
263.7440000000	n/a	n/a	STATUS	n/a	n/a	D255
263.7800000000	n/a	n/a	STATUS	n/a	n/a	DI51
263.8320000000	n/a	n/a	STATUS	n/a	n/a	D255
264.3760000000	n/a	n/a	STATUS	n/a	n/a	DI31
264.4240000000	n/a	n/a	STATUS	n/a	n/a	D255
264.6840000000	n/a	n/a	STATUS	n/a	n/a	DIN5
264.7360000000	n/a	n/a	STATUS	n/a	n/a	D255
265.1760000000	n/a	n/a	STATUS	n/a	n/a	D247
265.2240000000	n/a	n/a	STATUS	n/a	n/a	D255
265.2640000000	n/a	n/a	STATUS	n/a	n/a	DI54
265.3120000000	n/a	n/a	STATUS	n/a	n/a	D255
265.7040000000	n/a	n/a	STATUS	n/a	n/a	DI34
265.7520000000	n/a	n/a	STATUS	n/a	n/a	D255
266.0120000000	n/a	n/a	STATUS	n/a	n/a	DIN5
266.0640000000	n/a	n/a	STATUS	n/a	n/a	D255
266.5640000000	n/a	n/a	STATUS	n/a	n/a	D204
266.6120000000	n/a	n/a	STATUS	n/a	n/a	D255
266.6480000000	n/a	n/a	STATUS	n/a	n/a	DI54
266.7000000000	n/a	n/a	STATUS	n/a	n/a	D255
267.0320000000	n/a	n/a	STATUS	n/a	n/a	DI34
267.0800000000	n/a	n/a	STATUS	n/a	n/a	D255
267.3400000000	n/a	n/a	STATUS	n/a	n/a	DIN5
267.3920000000	n/a	n/a	STATUS	n/a	n/a	D255
267.7960000000	n/a	n/a	STATUS	n/a	n/a	DI91
267.8440000000	n/a	n/a	STATUS	n/a	n/a	D255
267.8800000000	n/a	n/a	STATUS	n/a	n/a	DI54
267.9320000000	n/a	n/a	STATUS	n/a	n/a	D255
268.2640000000	n/a	n/a	STATUS	n/a	n/a	DI34
268.3160000000	n/a	n/a	STATUS	n/a	n/a	D255
268.5720000000	n/a	n/a	STATUS	n/a	n/a	DIN5
268.6240000000	n/a	n/a	STATUS	n/a	n/a	D255
268.9720000000	n/a	n/a	STATUS	n/a	n/a	D145
269.0240000000	n/a	n/a	STATUS	n/a	n/a	D255
269.0600000000	n/a	n/a	STATUS	n/a	n/a	DI52
269.1120000000	n/a	n/a	STATUS	n/a	n/a	D255
269.5040000000	n/a	n/a	STATUS	n/a	n/a	DI42
269.5560000000	n/a	n/a	STATUS	n/a	n/a	D255
269.8160000000	n/a	n/a	STATUS	n/a	n/a	DIN5
269.8640000000	n/a	n/a	STATUS	n/a	n/a	D255
270.3640000000	n/a	n/a	STATUS	n/a	n/a	D147
270.4160000000	n/a	n/a	STATUS	n/a	n/a	D255
270.4520000000	n/a	n/a	STATUS	n/a	n/a	DI53
270.5040000000	n/a	n/a	STATUS	n/a	n/a	D255
270.7480000000	n/a	n/a	STATUS	n/a	n/a	DI43
270.8000000000	n/a	n/a	STATUS	n/a	n/a	D255
270.8000000000	n/a	n/a	STATUS	n/a	n/a	D235
271.0600000000	n/a	n/a	STATUS	n/a	n/a	DIN5
271.1080000000	n/a	n/a	STATUS	n/a	n/a	D255
271.4600000000	n/a	n/a	STATUS	n/a	n/a	D226
271.5080000000	n/a	n/a	STATUS	n/a	n/a	D255
271.5440000000	n/a	n/a	STATUS	n/a	n/a	DI51
271.5960000000	n/a	n/a	STATUS	n/a	n/a	D255
271.9760000000	n/a	n/a	STATUS	n/a	n/a	DI31
272.0240000000	n/a	n/a	STATUS	n/a	n/a	D255
272.2840000000	n/a	n/a	STATUS	n/a	n/a	DIN5
272.3360000000	n/a	n/a	STATUS	n/a	n/a	D255
272.7760000000	n/a	n/a	STATUS	n/a	n/a	D207
272.8240000000	n/a	n/a	STATUS	n/a	n/a	D255
272.8640000000	n/a	n/a	STATUS	n/a	n/a	DI51
272.9120000000	n/a	n/a	STATUS	n/a	n/a	D255
273.2840000000	n/a	n/a	STATUS	n/a	n/a	DI31
273.3320000000	n/a	n/a	STATUS	n/a	n/a	D255
273.5920000000	n/a	n/a	STATUS	n/a	n/a	DIN5
273.6440000000	n/a	n/a	STATUS	n/a	n/a	D255
274.0880000000	n/a	n/a	STATUS	n/a	n/a	D219
274.1360000000	n/a	n/a	STATUS	n/a	n/a	D255
274.1760000000	n/a	n/a	STATUS	n/a	n/a	DI51
274.2280000000	n/a	n/a	STATUS	n/a	n/a	D255
274.6200000000	n/a	n/a	STATUS	n/a	n/a	DI31
274.6720000000	n/a	n/a	STATUS	n/a	n/a	D255
274.9280000000	n/a	n/a	STATUS	n/a	n/a	DIN5
274.9800000000	n/a	n/a	STATUS	n/a	n/a	D255
275.3600000000	n/a	n/a	STATUS	n/a	n/a	D149
275.4080000000	n/a	n/a	STATUS	n/a	n/a	D255
275.4480000000	n/a	n/a	STATUS	n/a	n/a	DI53
275.5000000000	n/a	n/a	STATUS	n/a	n/a	D255
275.8720000000	n/a	n/a	STATUS	n/a	n/a	DI43
275.9200000000	n/a	n/a	STATUS	n/a	n/a	D255
276.1800000000	n/a	n/a	STATUS	n/a	n/a	DIN5
276.2320000000	n/a	n/a	STATUS	n/a	n/a	D255
276.6480000000	n/a	n/a	STATUS	n/a	n/a	D227
276.7000000000	n/a	n/a	STATUS	n/a	n/a	D255
276.7360000000	n/a	n/a	STATUS	n/a	n/a	DI54
276.7880000000	n/a	n/a	STATUS	n/a	n/a	D255
277.0720000000	n/a	n/a	STATUS	n/a	n/a	DI34
277.1240000000	n/a	n/a	STATUS	n/a	n/a	D255
277.3840000000	n/a	n/a	STATUS	n/a	n/a	DIN5
277.4320000000	n/a	n/a	STATUS	n/a	n/a	D255
277.9240000000	n/a	n/a	STATUS	n/a	n/a	D132
277.9720000000	n/a	n/a	STATUS	n/a	n/a	D255
278.0080000000	n/a	n/a	STATUS	n/a	n/a	DI53
278.0600000000	n/a	n/a	STATUS	n/a	n/a	D255
278.3240000000	n/a	n/a	STATUS	n/a	n/a	DI43
278.3760000000	n/a	n/a	STATUS	n/a	n/a	D255
278.6360000000	n/a	n/a	STATUS	n/a	n/a	DIN5
278.6840000000	n/a	n/a	STATUS	n/a	n/a	D255
279.1760000000	n/a	n/a	STATUS	n/a	n/a	DI84
279.2240000000	n/a	n/a	STATUS	n/a	n/a	D255
279.2640000000	n/a	n/a	STATUS	n/a	n/a	DI53
279.3120000000	n/a	n/a	STATUS	n/a	n/a	D255
279.6160000000	n/a	n/a	STATUS	n/a	n/a	DI43
279.6680000000	n/a	n/a	STATUS	n/a	n/a	D255
279.9280000000	n/a	n/a	STATUS	n/a	n/a	DIN5
279.9760000000	n/a	n/a	STATUS	n/a	n/a	D255
280.3160000000	n/a	n/a	STATUS	n/a	n/a	D106
280.3680000000	n/a	n/a	STATUS	n/a	n/a	D255
280.4040000000	n/a	n/a	STATUS	n/a	n/a	DI52
280.4560000000	n/a	n/a	STATUS	n/a	n/a	D255
280.9160000000	n/a	n/a	STATUS	n/a	n/a	DI42
280.9680000000	n/a	n/a	STATUS	n/a	n/a	D255
281.2280000000	n/a	n/a	STATUS	n/a	n/a	DIN5
281.2760000000	n/a	n/a	STATUS	n/a	n/a	D255
281.6360000000	n/a	n/a	STATUS	n/a	n/a	D166
281.6880000000	n/a	n/a	STATUS	n/a	n/a	D255
281.7240000000	n/a	n/a	STATUS	n/a	n/a	DI54
281.7720000000	n/a	n/a	STATUS	n/a	n/a	D255
282.2160000000	n/a	n/a	STATUS	n/a	n/a	DI34
282.2680000000	n/a	n/a	STATUS	n/a	n/a	D255
282.5280000000	n/a	n/a	STATUS	n/a	n/a	DIN5
282.5760000000	n/a	n/a	STATUS	n/a	n/a	D255
283.0360000000	n/a	n/a	STATUS	n/a	n/a	D112
283.0840000000	n/a	n/a	STATUS	n/a	n/a	D255
283.1240000000	n/a	n/a	STATUS	n/a	n/a	DI51
283.1760000000	n/a	n/a	STATUS	n/a	n/a	D255
283.5000000000	n/a	n/a	STATUS	n/a	n/a	DI31
283.5520000000	n/a	n/a	STATUS	n/a	n/a	D255
283.8080000000	n/a	n/a	STATUS	n/a	n/a	DIN5
283.8600000000	n/a	n/a	STATUS	n/a	n/a	D255
284.1640000000	n/a	n/a	STATUS	n/a	n/a	D223
284.2160000000	n/a	n/a	STATUS	n/a	n/a	D255
284.2520000000	n/a	n/a	STATUS	n/a	n/a	DI51
284.3040000000	n/a	n/a	STATUS	n/a	n/a	D255
284.7640000000	n/a	n/a	STATUS	n/a	n/a	DI31
284.8160000000	n/a	n/a	STATUS	n/a	n/a	D255
285.0760000000	n/a	n/a	STATUS	n/a	n/a	DIN5
285.1240000000	n/a	n/a	STATUS	n/a	n/a	D255
285.5360000000	n/a	n/a	STATUS	n/a	n/a	D233
285.5840000000	n/a	n/a	STATUS	n/a	n/a	D255
285.6200000000	n/a	n/a	STATUS	n/a	n/a	DI54
285.6720000000	n/a	n/a	STATUS	n/a	n/a	D255
286.0120000000	n/a	n/a	STATUS	n/a	n/a	DI34
286.0640000000	n/a	n/a	STATUS	n/a	n/a	D255
286.3240000000	n/a	n/a	STATUS	n/a	n/a	DIN5
286.3720000000	n/a	n/a	STATUS	n/a	n/a	D255
286.8680000000	n/a	n/a	STATUS	n/a	n/a	D102
286.9160000000	n/a	n/a	STATUS	n/a	n/a	D255
286.9560000000	n/a	n/a	STATUS	n/a	n/a	DI52
287.0040000000	n/a	n/a	STATUS	n/a	n/a	D255
287.4480000000	n/a	n/a	STATUS	n/a	n/a	DI42
287.5000000000	n/a	n/a	STATUS	n/a	n/a	D255
287.7560000000	n/a	n/a	STATUS	n/a	n/a	DIN5
287.8080000000	n/a	n/a	STATUS	n/a	n/a	D255
288.3040000000	n/a	n/a	STATUS	n/a	n/a	D174
288.3520000000	n/a	n/a	STATUS	n/a	n/a	D255
288.3920000000	n/a	n/a	STATUS	n/a	n/a	DI52
288.4400000000	n/a	n/a	STATUS	n/a	n/a	D255
288.7880000000	n/a	n/a	STATUS	n/a	n/a	DI42
288.8360000000	n/a	n/a	STATUS	n/a	n/a	D255
289.0960000000	n/a	n/a	STATUS	n/a	n/a	DIN5
289.1480000000	n/a	n/a	STATUS	n/a	n/a	D255
289.4920000000	n/a	n/a	STATUS	n/a	n/a	D212
289.5400000000	n/a	n/a	STATUS	n/a	n/a	D255
289.5800000000	n/a	n/a	STATUS	n/a	n/a	DI51
289.6320000000	n/a	n/a	STATUS	n/a	n/a	D255
290.0800000000	n/a	n/a	STATUS	n/a	n/a	DI31
290.1320000000	n/a	n/a	STATUS	n/a	n/a	D255
290.3920000000	n/a	n/a	STATUS	n/a	n/a	DIN5
290.4400000000	n/a	n/a	STATUS	n/a	n/a	D255
290.7840000000	n/a	n/a	STATUS	n/a	n/a	D124
290.8360000000	n/a	n/a	STATUS	n/a	n/a	D255
290.8720000000	n/a	n/a	STATUS	n/a	n/a	DI53
290.9200000000	n/a	n/a	STATUS	n/a	n/a	D255
291.2560000000	n/a	n/a	STATUS	n/a	n/a	DI43
291.3040000000	n/a	n/a	STATUS	n/a	n/a	D255
291.5640000000	n/a	n/a	STATUS	n/a	n/a	DIN5
291.6160000000	n/a	n/a	STATUS	n/a	n/a	D255
291.9440000000	n/a	n/a	STATUS	n/a	n/a	D198
291.9960000000	n/a	n/a	STATUS	n/a	n/a	D255
292.0320000000	n/a	n/a	STATUS	n/a	n/a	DI52
292.0840000000	n/a	n/a	STATUS	n/a	n/a	D255
292.5280000000	n/a	n/a	STATUS	n/a	n/a	DI12
292.5800000000	n/a	n/a	STATUS	n/a	n/a	D255
292.5840000000	n/a	n/a	STATUS	n/a	n/a	DIN4
292.6360000000	n/a	n/a	STATUS	n/a	n/a	D255
293.3880000000	n/a	n/a	STATUS	n/a	n/a	DIN5
293.4400000000	n/a	n/a	STATUS	n/a	n/a	D255
293.8240000000	n/a	n/a	STATUS	n/a	n/a	DI73
293.8720000000	n/a	n/a	STATUS	n/a	n/a	D255
293.9120000000	n/a	n/a	STATUS	n/a	n/a	DI53
293.9600000000	n/a	n/a	STATUS	n/a	n/a	D255
294.2400000000	n/a	n/a	STATUS	n/a	n/a	DI43
294.2920000000	n/a	n/a	STATUS	n/a	n/a	D255
294.5520000000	n/a	n/a	STATUS	n/a	n/a	DIN5
294.6000000000	n/a	n/a	STATUS	n/a	n/a	D255
295.0440000000	n/a	n/a	STATUS	n/a	n/a	D125
295.0960000000	n/a	n/a	STATUS	n/a	n/a	D255
295.1320000000	n/a	n/a	STATUS	n/a	n/a	DI53
295.1840000000	n/a	n/a	STATUS	n/a	n/a	D255
295.5600000000	n/a	n/a	STATUS	n/a	n/a	DI43
295.6080000000	n/a	n/a	STATUS	n/a	n/a	D255
295.8680000000	n/a	n/a	STATUS	n/a	n/a	DIN5
295.9200000000	n/a	n/a	STATUS	n/a	n/a	D255
296.2960000000	n/a	n/a	STATUS	n/a	n/a	D134
296.3480000000	n/a	n/a	STATUS	n/a	n/a	D255
296.3840000000	n/a	n/a	STATUS	n/a	n/a	DI51
296.4360000000	n/a	n/a	STATUS	n/a	n/a	D255
296.8960000000	n/a	n/a	STATUS	n/a	n/a	DI31
296.9440000000	n/a	n/a	STATUS	n/a	n/a	D255
297.2040000000	n/a	n/a	STATUS	n/a	n/a	DIN5
297.2520000000	n/a	n/a	STATUS	n/a	n/a	D255
297.6280000000	n/a	n/a	STATUS	n/a	n/a	D243
297.6800000000	n/a	n/a	STATUS	n/a	n/a	D255
297.7160000000	n/a	n/a	STATUS	n/a	n/a	DI54
297.7680000000	n/a	n/a	STATUS	n/a	n/a	D255
298.1760000000	n/a	n/a	STATUS	n/a	n/a	DI34
298.2280000000	n/a	n/a	STATUS	n/a	n/a	D255
298.4880000000	n/a	n/a	STATUS	n/a	n/a	DIN5
298.5360000000	n/a	n/a	STATUS	n/a	n/a	D255
299.0120000000	n/a	n/a	STATUS	n/a	n/a	D254
299.0600000000	n/a	n/a	STATUS	n/a	n/a	D255
299.1000000000	n/a	n/a	STATUS	n/a	n/a	DI51
299.1480000000	n/a	n/a	STATUS	n/a	n/a	D255
299.6280000000	n/a	n/a	STATUS	n/a	n/a	DI31
299.6760000000	n/a	n/a	STATUS	n/a	n/a	D255
299.9360000000	n/a	n/a	STATUS	n/a	n/a	DIN5
299.9880000000	n/a	n/a	STATUS	n/a	n/a	D255
300.4800000000	n/a	n/a	STATUS	n/a	n/a	D240
300.5320000000	n/a	n/a	STATUS	n/a	n/a	D255
300.5680000000	n/a	n/a	STATUS	n/a	n/a	DI52
300.6160000000	n/a	n/a	STATUS	n/a	n/a	D255
301.0080000000	n/a	n/a	STATUS	n/a	n/a	DI42
301.0600000000	n/a	n/a	STATUS	n/a	n/a	D255
301.3200000000	n/a	n/a	STATUS	n/a	n/a	DIN5
301.3680000000	n/a	n/a	STATUS	n/a	n/a	D255
301.6880000000	n/a	n/a	STATUS	n/a	n/a	D249
301.7400000000	n/a	n/a	STATUS	n/a	n/a	D255
301.7760000000	n/a	n/a	STATUS	n/a	n/a	DI54
301.8280000000	n/a	n/a	STATUS	n/a	n/a	D255
302.2920000000	n/a	n/a	STATUS	n/a	n/a	DI34
302.3440000000	n/a	n/a	STATUS	n/a	n/a	D255
302.6000000000	n/a	n/a	STATUS	n/a	n/a	DIN5
302.6520000000	n/a	n/a	STATUS	n/a	n/a	D255
303.0400000000	n/a	n/a	STATUS	n/a	n/a	D148
303.0920000000	n/a	n/a	STATUS	n/a	n/a	D255
303.1280000000	n/a	n/a	STATUS	n/a	n/a	DI54
303.1800000000	n/a	n/a	STATUS	n/a	n/a	D255
303.5680000000	n/a	n/a	STATUS	n/a	n/a	DI34
303.6160000000	n/a	n/a	STATUS	n/a	n/a	D255
303.8760000000	n/a	n/a	STATUS	n/a	n/a	DIN5
303.9280000000	n/a	n/a	STATUS	n/a	n/a	D255
304.2600000000	n/a	n/a	STATUS	n/a	n/a	DI74
304.3120000000	n/a	n/a	STATUS	n/a	n/a	D255
304.3480000000	n/a	n/a	STATUS	n/a	n/a	DI52
304.3960000000	n/a	n/a	STATUS	n/a	n/a	D255
304.7920000000	n/a	n/a	STATUS	n/a	n/a	DI42
304.8440000000	n/a	n/a	STATUS	n/a	n/a	D255
305.1000000000	n/a	n/a	STATUS	n/a	n/a	DIN5
305.1520000000	n/a	n/a	STATUS	n/a	n/a	D255
305.5440000000	n/a	n/a	STATUS	n/a	n/a	D190
305.5960000000	n/a	n/a	STATUS	n/a	n/a	D255
305.6360000000	n/a	n/a	STATUS	n/a	n/a	DI53
305.6840000000	n/a	n/a	STATUS	n/a	n/a	D255
306.0240000000	n/a	n/a	STATUS	n/a	n/a	DI43
306.0760000000	n/a	n/a	STATUS	n/a	n/a	D255
306.3360000000	n/a	n/a	STATUS	n/a	n/a	DIN5
306.3840000000	n/a	n/a	STATUS	n/a	n/a	D255
306.7600000000	n/a	n/a	STATUS	n/a	n/a	DI67
306.8080000000	n/a	n/a	STATUS	n/a	n/a	D255
306.8480000000	n/a	n/a	STATUS	n/a	n/a	DI51
306.8960000000	n/a	n/a	STATUS	n/a	n/a	D255
307.3720000000	n/a	n/a	STATUS	n/a	n/a	DI31
307.4240000000	n/a	n/a	STATUS	n/a	n/a	D255
307.6840000000	n/a	n/a	STATUS	n/a	n/a	DIN5
307.7320000000	n/a	n/a	STATUS	n/a	n/a	D255
308.0520000000	n/a	n/a	STATUS	n/a	n/a	D186
308.1040000000	n/a	n/a	STATUS	n/a	n/a	D255
308.1400000000	n/a	n/a	STATUS	n/a	n/a	DI53
308.1920000000	n/a	n/a	STATUS	n/a	n/a	D255
308.5400000000	n/a	n/a	STATUS	n/a	n/a	DI43
308.5920000000	n/a	n/a	STATUS	n/a	n/a	D255
308.8480000000	n/a	n/a	STATUS	n/a	n/a	DIN5
308.9000000000	n/a	n/a	STATUS	n/a	n/a	D255
309.2440000000	n/a	n/a	STATUS	n/a	n/a	D246
309.2960000000	n/a	n/a	STATUS	n/a	n/a	D255
309.3320000000	n/a	n/a	STATUS	n/a	n/a	DI53
309.3840000000	n/a	n/a	STATUS	n/a	n/a	D255
309.7680000000	n/a	n/a	STATUS	n/a	n/a	DI43
309.8160000000	n/a	n/a	STATUS	n/a	n/a	D255
310.0760000000	n/a	n/a	STATUS	n/a	n/a	DIN5
310.1280000000	n/a	n/a	STATUS	n/a	n/a	D255
310.4800000000	n/a	n/a	STATUS	n/a	n/a	D140
310.5320000000	n/a	n/a	STATUS	n/a	n/a	D255
310.5680000000	n/a	n/a	STATUS	n/a	n/a	DI52
310.6200000000	n/a	n/a	STATUS	n/a	n/a	D255
311.0000000000	n/a	n/a	STATUS	n/a	n/a	DI42
311.0480000000	n/a	n/a	STATUS	n/a	n/a	D255
311.3080000000	n/a	n/a	STATUS	n/a	n/a	DIN5
311.3600000000	n/a	n/a	STATUS	n/a	n/a	D255
311.7720000000	n/a	n/a	STATUS	n/a	n/a	D142
311.8240000000	n/a	n/a	STATUS	n/a	n/a	D255
311.8600000000	n/a	n/a	STATUS	n/a	n/a	DI54
311.9120000000	n/a	n/a	STATUS	n/a	n/a	D255
312.2840000000	n/a	n/a	STATUS	n/a	n/a	DI34
312.3320000000	n/a	n/a	STATUS	n/a	n/a	D255
312.5920000000	n/a	n/a	STATUS	n/a	n/a	DIN5
312.6440000000	n/a	n/a	STATUS	n/a	n/a	D255
313.0720000000	n/a	n/a	STATUS	n/a	n/a	D197
313.1200000000	n/a	n/a	STATUS	n/a	n/a	D255
313.1600000000	n/a	n/a	STATUS	n/a	n/a	DI52
313.2080000000	n/a	n/a	STATUS	n/a	n/a	D255
313.5720000000	n/a	n/a	STATUS	n/a	n/a	DI42
313.6200000000	n/a	n/a	STATUS	n/a	n/a	D255
313.8800000000	n/a	n/a	STATUS	n/a	n/a	DIN5
313.9280000000	n/a	n/a	STATUS	n/a	n/a	D255
314.3240000000	n/a	n/a	STATUS	n/a	n/a	D201
314.3760000000	n/a	n/a	STATUS	n/a	n/a	D255
314.4120000000	n/a	n/a	STATUS	n/a	n/a	DI52
314.4640000000	n/a	n/a	STATUS	n/a	n/a	D255
314.8120000000	n/a	n/a	STATUS	n/a	n/a	DI42
314.8640000000	n/a	n/a	STATUS	n/a	n/a	D255
315.1200000000	n/a	n/a	STATUS	n/a	n/a	DIN5
315.1720000000	n/a	n/a	STATUS	n/a	n/a	D255
315.6680000000	n/a	n/a	STATUS	n/a	n/a	D214
315.7160000000	n/a	n/a	STATUS	n/a	n/a	D255
315.7560000000	n/a	n/a	STATUS	n/a	n/a	DI51
315.8040000000	n/a	n/a	STATUS	n/a	n/a	D255
316.2520000000	n/a	n/a	STATUS	n/a	n/a	DI31
316.3040000000	n/a	n/a	STATUS	n/a	n/a	D255
316.5640000000	n/a	n/a	STATUS	n/a	n/a	DIN5
316.6120000000	n/a	n/a	STATUS	n/a	n/a	D255
316.9560000000	n/a	n/a	STATUS	n/a	n/a	DI66
317.0080000000	n/a	n/a	STATUS	n/a	n/a	D255
317.0440000000	n/a	n/a	STATUS	n/a	n/a	DI51
317.0960000000	n/a	n/a	STATUS	n/a	n/a	D255
317.5680000000	n/a	n/a	STATUS	n/a	n/a	DI31
317.6200000000	n/a	n/a	STATUS	n/a	n/a	D255
317.8800000000	n/a	n/a	STATUS	n/a	n/a	DIN5
317.9280000000	n/a	n/a	STATUS	n/a	n/a	D255
318.3200000000	n/a	n/a	STATUS	n/a	n/a	D225
318.3680000000	n/a	n/a	STATUS	n/a	n/a	D255
318.4080000000	n/a	n/a	STATUS	n/a	n/a	DI54
318.4560000000	n/a	n/a	STATUS	n/a	n/a	D255
318.8680000000	n/a	n/a	STATUS	n/a	n/a	DI34
318.9200000000	n/a	n/a	STATUS	n/a	n/a	D255
319.1760000000	n/a	n/a	STATUS	n/a	n/a	DIN5
319.2280000000	n/a	n/a	STATUS	n/a	n/a	D255
319.6120000000	n/a	n/a	STATUS	n/a	n/a	D182
319.6640000000	n/a	n/a	STATUS	n/a	n/a	D255
319.7000000000	n/a	n/a	STATUS	n/a	n/a	DI53
319.7520000000	n/a	n/a	STATUS	n/a	n/a	D255
320.1160000000	n/a	n/a	STATUS	n/a	n/a	DI43
320.1680000000	n/a	n/a	STATUS	n/a	n/a	D255
320.4280000000	n/a	n/a	STATUS	n/a	n/a	DIN5
320.4760000000	n/a	n/a	STATUS	n/a	n/a	D255
320.9680000000	n/a	n/a	STATUS	n/a	n/a	D195
321.0160000000	n/a	n/a	STATUS	n/a	n/a	D255
321.0560000000	n/a	n/a	STATUS	n/a	n/a	DI54
321.1040000000	n/a	n/a	STATUS	n/a	n/a	D255
321.4160000000	n/a	n/a	STATUS	n/a	n/a	DI34
321.4640000000	n/a	n/a	STATUS	n/a	n/a	D255
321.7240000000	n/a	n/a	STATUS	n/a	n/a	DIN5
321.7760000000	n/a	n/a	STATUS	n/a	n/a	D255
322.1880000000	n/a	n/a	STATUS	n/a	n/a	D130
322.2400000000	n/a	n/a	STATUS	n/a	n/a	D255
322.2400000000	n/a	n/a	STATUS	n/a	n/a	D227
322.2760000000	n/a	n/a	STATUS	n/a	n/a	DI51
322.3240000000	n/a	n/a	STATUS	n/a	n/a	D255
322.7000000000	n/a	n/a	STATUS	n/a	n/a	DI21
322.7520000000	n/a	n/a	STATUS	n/a	n/a	D255
322.7560000000	n/a	n/a	STATUS	n/a	n/a	DIN4
322.8040000000	n/a	n/a	STATUS	n/a	n/a	D255
323.5600000000	n/a	n/a	STATUS	n/a	n/a	DIN5
323.6120000000	n/a	n/a	STATUS	n/a	n/a	D255
324.0680000000	n/a	n/a	STATUS	n/a	n/a	D245
324.1200000000	n/a	n/a	STATUS	n/a	n/a	D255
324.1560000000	n/a	n/a	STATUS	n/a	n/a	DI53
324.2080000000	n/a	n/a	STATUS	n/a	n/a	D255
324.5640000000	n/a	n/a	STATUS	n/a	n/a	DI43
324.6120000000	n/a	n/a	STATUS	n/a	n/a	D255
324.8720000000	n/a	n/a	STATUS	n/a	n/a	DIN5
324.9240000000	n/a	n/a	STATUS	n/a	n/a	D255
325.4040000000	n/a	n/a	STATUS	n/a	n/a	D121
325.4520000000	n/a	n/a	STATUS	n/a	n/a	D255
325.4920000000	n/a	n/a	STATUS	n/a	n/a	DI51
325.5400000000	n/a	n/a	STATUS	n/a	n/a	D255
325.9040000000	n/a	n/a	STATUS	n/a	n/a	DI31
325.9560000000	n/a	n/a	STATUS	n/a	n/a	D255
326.2120000000	n/a	n/a	STATUS	n/a	n/a	DIN5
326.2640000000	n/a	n/a	STATUS	n/a	n/a	D255
326.6480000000	n/a	n/a	STATUS	n/a	n/a	DI95
326.7000000000	n/a	n/a	STATUS	n/a	n/a	D255
326.7360000000	n/a	n/a	STATUS	n/a	n/a	DI53
326.7880000000	n/a	n/a	STATUS	n/a	n/a	D255
327.1480000000	n/a	n/a	STATUS	n/a	n/a	DI43
327.1960000000	n/a	n/a	STATUS	n/a	n/a	D255
327.4560000000	n/a	n/a	STATUS	n/a	n/a	DIN5
327.5080000000	n/a	n/a	STATUS	n/a	n/a	D255
327.8160000000	n/a	n/a	STATUS	n/a	n/a	DI83
327.8640000000	n/a	n/a	STATUS	n/a	n/a	D255
327.9040000000	n/a	n/a	STATUS	n/a	n/a	DI53
327.9520000000	n/a	n/a	STATUS	n/a	n/a	D255
328.3040000000	n/a	n/a	STATUS	n/a	n/a	DI43
328.3520000000	n/a	n/a	STATUS	n/a	n/a	D255
328.6120000000	n/a	n/a	STATUS	n/a	n/a	DIN5
328.6640000000	n/a	n/a	STATUS	n/a	n/a	D255
329.0320000000	n/a	n/a	STATUS	n/a	n/a	D170
329.0840000000	n/a	n/a	STATUS	n/a	n/a	D255
329.1200000000	n/a	n/a	STATUS	n/a	n/a	DI52
329.1720000000	n/a	n/a	STATUS	n/a	n/a	D255
329.6160000000	n/a	n/a	STATUS	n/a	n/a	DI42
329.6640000000	n/a	n/a	STATUS	n/a	n/a	D255
329.9240000000	n/a	n/a	STATUS	n/a	n/a	DIN5
329.9720000000	n/a	n/a	STATUS	n/a	n/a	D255
330.3920000000	n/a	n/a	STATUS	n/a	n/a	D127
330.4440000000	n/a	n/a	STATUS	n/a	n/a	D255
330.4800000000	n/a	n/a	STATUS	n/a	n/a	DI53
330.5320000000	n/a	n/a	STATUS	n/a	n/a	D255
330.8520000000	n/a	n/a	STATUS	n/a	n/a	DI43
330.9040000000	n/a	n/a	STATUS	n/a	n/a	D255
331.1640000000	n/a	n/a	STATUS	n/a	n/a	DIN5
331.2120000000	n/a	n/a	STATUS	n/a	n/a	D255
331.5720000000	n/a	n/a	STATUS	n/a	n/a	D131
331.6200000000	n/a	n/a	STATUS	n/a	n/a	D255
331.6600000000	n/a	n/a	STATUS	n/a	n/a	DI54
331.7080000000	n/a	n/a	STATUS	n/a	n/a	D255
332.0320000000	n/a	n/a	STATUS	n/a	n/a	DI34
332.0840000000	n/a	n/a	STATUS	n/a	n/a	D255
332.3440000000	n/a	n/a	STATUS	n/a	n/a	DIN5
332.3920000000	n/a	n/a	STATUS	n/a	n/a	D255
332.7400000000	n/a	n/a	STATUS	n/a	n/a	DI87
332.7920000000	n/a	n/a	STATUS	n/a	n/a	D255
332.8280000000	n/a	n/a	STATUS	n/a	n/a	DI54
332.8800000000	n/a	n/a	STATUS	n/a	n/a	D255
333.2200000000	n/a	n/a	STATUS	n/a	n/a	DI34
333.2720000000	n/a	n/a	STATUS	n/a	n/a	D255
333.5320000000	n/a	n/a	STATUS	n/a	n/a	DIN5
333.5800000000	n/a	n/a	STATUS	n/a	n/a	D255
333.9600000000	n/a	n/a	STATUS	n/a	n/a	D123
334.0120000000	n/a	n/a	STATUS	n/a	n/a	D255
334.0480000000	n/a	n/a	STATUS	n/a	n/a	DI54
334.1000000000	n/a	n/a	STATUS	n/a	n/a	D255
334.4160000000	n/a	n/a	STATUS	n/a	n/a	DI34
334.4680000000	n/a	n/a	STATUS	n/a	n/a	D255
334.7240000000	n/a	n/a	STATUS	n/a	n/a	DIN5
334.7760000000	n/a	n/a	STATUS	n/a	n/a	D255
335.1040000000	n/a	n/a	STATUS	n/a	n/a	D242
335.1560000000	n/a	n/a	STATUS	n/a	n/a	D255
335.1920000000	n/a	n/a	STATUS	n/a	n/a	DI51
335.2440000000	n/a	n/a	STATUS	n/a	n/a	D255
335.8120000000	n/a	n/a	STATUS	n/a	n/a	DI31
335.8640000000	n/a	n/a	STATUS	n/a	n/a	D255
336.1200000000	n/a	n/a	STATUS	n/a	n/a	DIN5
336.1720000000	n/a	n/a	STATUS	n/a	n/a	D255
336.6760000000	n/a	n/a	STATUS	n/a	n/a	D196
336.7280000000	n/a	n/a	STATUS	n/a	n/a	D255
336.7640000000	n/a	n/a	STATUS	n/a	n/a	DI52
336.8160000000	n/a	n/a	STATUS	n/a	n/a	D255
337.0880000000	n/a	n/a	STATUS	n/a	n/a	DI12
337.1400000000	n/a	n/a	STATUS	n/a	n/a	DIN4
337.1400000000	n/a	n/a	STATUS	n/a	n/a	D255
337.1920000000	n/a	n/a	STATUS	n/a	n/a	D255
337.9480000000	n/a	n/a	STATUS	n/a	n/a	DIN5
337.9960000000	n/a	n/a	STATUS	n/a	n/a	D255
338.3800000000	n/a	n/a	STATUS	n/a	n/a	DI89
338.4320000000	n/a	n/a	STATUS	n/a	n/a	D255
338.4680000000	n/a	n/a	STATUS	n/a	n/a	DI54
338.5200000000	n/a	n/a	STATUS	n/a	n/a	D255
338.8160000000	n/a	n/a	STATUS	n/a	n/a	DI34
338.8680000000	n/a	n/a	STATUS	n/a	n/a	D255
339.1280000000	n/a	n/a	STATUS	n/a	n/a	DIN5
339.1760000000	n/a	n/a	STATUS	n/a	n/a	D255
339.5760000000	n/a	n/a	STATUS	n/a	n/a	D217
339.6280000000	n/a	n/a	STATUS	n/a	n/a	D255
339.6640000000	n/a	n/a	STATUS	n/a	n/a	DI52
339.7120000000	n/a	n/a	STATUS	n/a	n/a	D255
340.1280000000	n/a	n/a	STATUS	n/a	n/a	DI42
340.1760000000	n/a	n/a	STATUS	n/a	n/a	D255
340.4360000000	n/a	n/a	STATUS	n/a	n/a	DIN5
340.4880000000	n/a	n/a	STATUS	n/a	n/a	D255
340.8120000000	n/a	n/a	STATUS	n/a	n/a	D208
340.8600000000	n/a	n/a	STATUS	n/a	n/a	D255
340.9000000000	n/a	n/a	STATUS	n/a	n/a	DI52
340.9480000000	n/a	n/a	STATUS	n/a	n/a	D255
341.5080000000	n/a	n/a	STATUS	n/a	n/a	DI42
341.5600000000	n/a	n/a	STATUS	n/a	n/a	D255
341.8200000000	n/a	n/a	STATUS	n/a	n/a	DIN5
341.8680000000	n/a	n/a	STATUS	n/a	n/a	D255
342.2840000000	n/a	n/a	STATUS	n/a	n/a	DI97
342.3320000000	n/a	n/a	STATUS	n/a	n/a	D255
342.3720000000	n/a	n/a	STATUS	n/a	n/a	DI52
342.4200000000	n/a	n/a	STATUS	n/a	n/a	D255
342.8200000000	n/a	n/a	STATUS	n/a	n/a	DI42
342.8720000000	n/a	n/a	STATUS	n/a	n/a	D255
343.1320000000	n/a	n/a	STATUS	n/a	n/a	DIN5
343.1800000000	n/a	n/a	STATUS	n/a	n/a	D255
343.5400000000	n/a	n/a	STATUS	n/a	n/a	D248
343.5920000000	n/a	n/a	STATUS	n/a	n/a	D255
343.6280000000	n/a	n/a	STATUS	n/a	n/a	DI52
343.6760000000	n/a	n/a	STATUS	n/a	n/a	D255
344.0760000000	n/a	n/a	STATUS	n/a	n/a	DI42
344.1280000000	n/a	n/a	STATUS	n/a	n/a	D255
344.3880000000	n/a	n/a	STATUS	n/a	n/a	DIN5
344.4360000000	n/a	n/a	STATUS	n/a	n/a	D255
344.7720000000	n/a	n/a	STATUS	n/a	n/a	D138
344.8200000000	n/a	n/a	STATUS	n/a	n/a	D255
344.8600000000	n/a	n/a	STATUS	n/a	n/a	DI54
344.9080000000	n/a	n/a	STATUS	n/a	n/a	D255
345.2640000000	n/a	n/a	STATUS	n/a	n/a	DI34
345.3120000000	n/a	n/a	STATUS	n/a	n/a	D255
345.5720000000	n/a	n/a	STATUS	n/a	n/a	DIN5
345.6200000000	n/a	n/a	STATUS	n/a	n/a	D255
346.0680000000	n/a	n/a	STATUS	n/a	n/a	D238
346.1160000000	n/a	n/a	STATUS	n/a	n/a	D255
346.1560000000	n/a	n/a	STATUS	n/a	n/a	DI54
346.2040000000	n/a	n/a	STATUS	n/a	n/a	D255
346.5440000000	n/a	n/a	STATUS	n/a	n/a	DI34
346.5920000000	n/a	n/a	STATUS	n/a	n/a	D255
346.8520000000	n/a	n/a	STATUS	n/a	n/a	DIN5
346.9040000000	n/a	n/a	STATUS	n/a	n/a	D255
347.3480000000	n/a	n/a	STATUS	n/a	n/a	D202
347.3960000000	n/a	n/a	STATUS	n/a	n/a	D255
347.4360000000	n/a	n/a	STATUS	n/a	n/a	DI53
347.4840000000	n/a	n/a	STATUS	n/a	n/a	D255
347.8440000000	n/a	n/a	STATUS	n/a	n/a	DI43
347.8960000000	n/a	n/a	STATUS	n/a	n/a	D255
348.1560000000	n/a	n/a	STATUS	n/a	n/a	DIN5
348.2040000000	n/a	n/a	STATUS	n/a	n/a	D255
348.6400000000	n/a	n/a	STATUS	n/a	n/a	D167
348.6920000000	n/a	n/a	STATUS	n/a	n/a	D255
348.7280000000	n/a	n/a	STATUS	n/a	n/a	DI51
348.7760000000	n/a	n/a	STATUS	n/a	n/a	D255
349.1760000000	n/a	n/a	STATUS	n/a	n/a	DI31
349.2280000000	n/a	n/a	STATUS	n/a	n/a	D255
349.4880000000	n/a	n/a	STATUS	n/a	n/a	DIN5
349.5360000000	n/a	n/a	STATUS	n/a	n/a	D255
349.9000000000	n/a	n/a	STATUS	n/a	n/a	D253
349.9520000000	n/a	n/a	STATUS	n/a	n/a	D255
349.9880000000	n/a	n/a	STATUS	n/a	n/a	DI54
350.0400000000	n/a	n/a	STATUS	n/a	n/a	D255
350.4280000000	n/a	n/a	STATUS	n/a	n/a	DI34
350.4800000000	n/a	n/a	STATUS	n/a	n/a	D255
350.7400000000	n/a	n/a	STATUS	n/a	n/a	DIN5
350.7880000000	n/a	n/a	STATUS	n/a	n/a	D255
351.2120000000	n/a	n/a	STATUS	n/a	n/a	D244
351.2640000000	n/a	n/a	STATUS	n/a	n/a	D255
351.3000000000	n/a	n/a	STATUS	n/a	n/a	DI53
351.3520000000	n/a	n/a	STATUS	n/a	n/a	D255
351.6600000000	n/a	n/a	STATUS	n/a	n/a	DI43
351.7080000000	n/a	n/a	STATUS	n/a	n/a	D255
351.9680000000	n/a	n/a	STATUS	n/a	n/a	DIN5
352.0160000000	n/a	n/a	STATUS	n/a	n/a	D255
352.4760000000	n/a	n/a	STATUS	n/a	n/a	D231
352.5280000000	n/a	n/a	STATUS	n/a	n/a	D255
352.5640000000	n/a	n/a	STATUS	n/a	n/a	DI51
352.6160000000	n/a	n/a	STATUS	n/a	n/a	D255
353.0240000000	n/a	n/a	STATUS	n/a	n/a	DI31
353.0760000000	n/a	n/a	STATUS	n/a	n/a	D255
353.3360000000	n/a	n/a	STATUS	n/a	n/a	DIN5
353.3840000000	n/a	n/a	STATUS	n/a	n/a	D255
353.7080000000	n/a	n/a	STATUS	n/a	n/a	DI76
353.7600000000	n/a	n/a	STATUS	n/a	n/a	D255
353.7960000000	n/a	n/a	STATUS	n/a	n/a	DI51
353.8480000000	n/a	n/a	STATUS	n/a	n/a	D255
354.3560000000	n/a	n/a	STATUS	n/a	n/a	DI31
354.4040000000	n/a	n/a	STATUS	n/a	n/a	D255
372.0280000000	n/a	n/a	STATUS	n/a	n/a	DIN5
372.0760000000	n/a	n/a	STATUS	n/a	n/a	D255
372.5120000000	n/a	n/a	STATUS	n/a	n/a	DI86
372.5600000000	n/a	n/a	STATUS	n/a	n/a	D255
372.6000000000	n/a	n/a	STATUS	n/a	n/a	DI53
372.6480000000	n/a	n/a	STATUS	n/a	n/a	D255
372.9680000000	n/a	n/a	STATUS	n/a	n/a	DI43
373.0160000000	n/a	n/a	STATUS	n/a	n/a	D255
373.2760000000	n/a	n/a	STATUS	n/a	n/a	DIN5
373.3280000000	n/a	n/a	STATUS	n/a	n/a	D255
373.8200000000	n/a	n/a	STATUS	n/a	n/a	DI88
373.8720000000	n/a	n/a	STATUS	n/a	n/a	D255
373.9080000000	n/a	n/a	STATUS	n/a	n/a	DI53
373.9600000000	n/a	n/a	STATUS	n/a	n/a	D255
374.1960000000	n/a	n/a	STATUS	n/a	n/a	DI43
374.2480000000	n/a	n/a	STATUS	n/a	n/a	D255
374.5080000000	n/a	n/a	STATUS	n/a	n/a	DIN5
374.5560000000	n/a	n/a	STATUS	n/a	n/a	D255
374.8640000000	n/a	n/a	STATUS	n/a	n/a	D231
374.9160000000	n/a	n/a	STATUS	n/a	n/a	D255
374.9560000000	n/a	n/a	STATUS	n/a	n/a	DI54
375.0040000000	n/a	n/a	STATUS	n/a	n/a	D255
375.3120000000	n/a	n/a	STATUS	n/a	n/a	DI34
375.3600000000	n/a	n/a	STATUS	n/a	n/a	D255
375.6200000000	n/a	n/a	STATUS	n/a	n/a	DIN5
375.6720000000	n/a	n/a	STATUS	n/a	n/a	D255
375.9760000000	n/a	n/a	STATUS	n/a	n/a	D249
376.0240000000	n/a	n/a	STATUS	n/a	n/a	D255
376.0640000000	n/a	n/a	STATUS	n/a	n/a	DI54
376.1120000000	n/a	n/a	STATUS	n/a	n/a	D255
376.4320000000	n/a	n/a	STATUS	n/a	n/a	DI34
376.4800000000	n/a	n/a	STATUS	n/a	n/a	D255
376.7400000000	n/a	n/a	STATUS	n/a	n/a	DIN5
376.7880000000	n/a	n/a	STATUS	n/a	n/a	D255
377.2040000000	n/a	n/a	STATUS	n/a	n/a	D242
377.2520000000	n/a	n/a	STATUS	n/a	n/a	D255
377.2920000000	n/a	n/a	STATUS	n/a	n/a	DI51
377.3440000000	n/a	n/a	STATUS	n/a	n/a	D255
377.5480000000	n/a	n/a	STATUS	n/a	n/a	DI21
377.6000000000	n/a	n/a	STATUS	n/a	n/a	D255
377.6040000000	n/a	n/a	STATUS	n/a	n/a	DIN4
377.6560000000	n/a	n/a	STATUS	n/a	n/a	D255
378.4120000000	n/a	n/a	STATUS	n/a	n/a	DIN5
378.4600000000	n/a	n/a	STATUS	n/a	n/a	D255
378.9320000000	n/a	n/a	STATUS	n/a	n/a	D179
378.9840000000	n/a	n/a	STATUS	n/a	n/a	D255
379.0200000000	n/a	n/a	STATUS	n/a	n/a	DI51
379.0720000000	n/a	n/a	STATUS	n/a	n/a	D255
379.4120000000	n/a	n/a	STATUS	n/a	n/a	DI31
379.4600000000	n/a	n/a	STATUS	n/a	n/a	D255
379.7200000000	n/a	n/a	STATUS	n/a	n/a	DIN5
379.7720000000	n/a	n/a	STATUS	n/a	n/a	D255
380.1280000000	n/a	n/a	STATUS	n/a	n/a	D163
380.1760000000	n/a	n/a	STATUS	n/a	n/a	D255
380.2160000000	n/a	n/a	STATUS	n/a	n/a	DI52
380.2640000000	n/a	n/a	STATUS	n/a	n/a	D255
380.5840000000	n/a	n/a	STATUS	n/a	n/a	DI42
380.6320000000	n/a	n/a	STATUS	n/a	n/a	D255
380.8920000000	n/a	n/a	STATUS	n/a	n/a	DIN5
380.9440000000	n/a	n/a	STATUS	n/a	n/a	D255
381.3760000000	n/a	n/a	STATUS	n/a	n/a	D254
381.4280000000	n/a	n/a	STATUS	n/a	n/a	D255
381.4640000000	n/a	n/a	STATUS	n/a	n/a	DI54
381.5160000000	n/a	n/a	STATUS	n/a	n/a	D255
381.8400000000	n/a	n/a	STATUS	n/a	n/a	DI34
381.8920000000	n/a	n/a	STATUS	n/a	n/a	D255
382.1480000000	n/a	n/a	STATUS	n/a	n/a	DIN5
382.2000000000	n/a	n/a	STATUS	n/a	n/a	D255
382.6840000000	n/a	n/a	STATUS	n/a	n/a	D222
382.7360000000	n/a	n/a	STATUS	n/a	n/a	D255
382.7720000000	n/a	n/a	STATUS	n/a	n/a	DI54
382.8240000000	n/a	n/a	STATUS	n/a	n/a	D255
383.1000000000	n/a	n/a	STATUS	n/a	n/a	DI34
383.1480000000	n/a	n/a	STATUS	n/a	n/a	D255
383.4080000000	n/a	n/a	STATUS	n/a	n/a	DIN5
383.4600000000	n/a	n/a	STATUS	n/a	n/a	D255
383.7800000000	n/a	n/a	STATUS	n/a	n/a	D251
383.8280000000	n/a	n/a	STATUS	n/a	n/a	D255
383.8640000000	n/a	n/a	STATUS	n/a	n/a	DI53
383.9160000000	n/a	n/a	STATUS	n/a	n/a	D255
384.2120000000	n/a	n/a	STATUS	n/a	n/a	DI43
384.2600000000	n/a	n/a	STATUS	n/a	n/a	D255
384.5200000000	n/a	n/a	STATUS	n/a	n/a	DIN5
384.5720000000	n/a	n/a	STATUS	n/a	n/a	D255
384.8760000000	n/a	n/a	STATUS	n/a	n/a	D187
384.9240000000	n/a	n/a	STATUS	n/a	n/a	D255
384.9640000000	n/a	n/a	STATUS	n/a	n/a	DI52
385.0120000000	n/a	n/a	STATUS	n/a	n/a	D255
385.3360000000	n/a	n/a	STATUS	n/a	n/a	DI12
385.3840000000	n/a	n/a	STATUS	n/a	n/a	D255
385.3880000000	n/a	n/a	STATUS	n/a	n/a	DIN4
385.4400000000	n/a	n/a	STATUS	n/a	n/a	D255
386.1920000000	n/a	n/a	STATUS	n/a	n/a	DIN5
386.2440000000	n/a	n/a	STATUS	n/a	n/a	D255
386.5800000000	n/a	n/a	STATUS	n/a	n/a	D127
386.6280000000	n/a	n/a	STATUS	n/a	n/a	D255
386.6680000000	n/a	n/a	STATUS	n/a	n/a	DI53
386.7160000000	n/a	n/a	STATUS	n/a	n/a	D255
387.0040000000	n/a	n/a	STATUS	n/a	n/a	DI43
387.0520000000	n/a	n/a	STATUS	n/a	n/a	D255
387.3120000000	n/a	n/a	STATUS	n/a	n/a	DIN5
387.3640000000	n/a	n/a	STATUS	n/a	n/a	D255
387.7640000000	n/a	n/a	STATUS	n/a	n/a	D105
387.8120000000	n/a	n/a	STATUS	n/a	n/a	D255
387.8480000000	n/a	n/a	STATUS	n/a	n/a	DI53
387.9000000000	n/a	n/a	STATUS	n/a	n/a	D255
388.2240000000	n/a	n/a	STATUS	n/a	n/a	DI43
388.2720000000	n/a	n/a	STATUS	n/a	n/a	D255
388.5320000000	n/a	n/a	STATUS	n/a	n/a	DIN5
388.5840000000	n/a	n/a	STATUS	n/a	n/a	D255
388.9920000000	n/a	n/a	STATUS	n/a	n/a	D198
389.0440000000	n/a	n/a	STATUS	n/a	n/a	D255
389.0800000000	n/a	n/a	STATUS	n/a	n/a	DI52
389.1280000000	n/a	n/a	STATUS	n/a	n/a	D255
389.5040000000	n/a	n/a	STATUS	n/a	n/a	DI42
389.5520000000	n/a	n/a	STATUS	n/a	n/a	D255
389.8120000000	n/a	n/a	STATUS	n/a	n/a	DIN5
389.8640000000	n/a	n/a	STATUS	n/a	n/a	D255
390.2840000000	n/a	n/a	STATUS	n/a	n/a	D136
390.3320000000	n/a	n/a	STATUS	n/a	n/a	D255
390.3720000000	n/a	n/a	STATUS	n/a	n/a	DI52
390.4200000000	n/a	n/a	STATUS	n/a	n/a	D255
390.8160000000	n/a	n/a	STATUS	n/a	n/a	DI42
390.8680000000	n/a	n/a	STATUS	n/a	n/a	D255
391.1280000000	n/a	n/a	STATUS	n/a	n/a	DIN5
391.1760000000	n/a	n/a	STATUS	n/a	n/a	D255
391.6480000000	n/a	n/a	STATUS	n/a	n/a	D100
391.6960000000	n/a	n/a	STATUS	n/a	n/a	D255
391.7360000000	n/a	n/a	STATUS	n/a	n/a	DI54
391.7840000000	n/a	n/a	STATUS	n/a	n/a	D255
392.1760000000	n/a	n/a	STATUS	n/a	n/a	DI34
392.2240000000	n/a	n/a	STATUS	n/a	n/a	D255
392.4840000000	n/a	n/a	STATUS	n/a	n/a	DIN5
392.5360000000	n/a	n/a	STATUS	n/a	n/a	D255
392.9840000000	n/a	n/a	STATUS	n/a	n/a	D118
393.0320000000	n/a	n/a	STATUS	n/a	n/a	D255
393.0720000000	n/a	n/a	STATUS	n/a	n/a	DI52
393.1240000000	n/a	n/a	STATUS	n/a	n/a	D255
393.5360000000	n/a	n/a	STATUS	n/a	n/a	DI42
393.5880000000	n/a	n/a	STATUS	n/a	n/a	D255
393.8480000000	n/a	n/a	STATUS	n/a	n/a	DIN5
393.8960000000	n/a	n/a	STATUS	n/a	n/a	D255
394.3520000000	n/a	n/a	STATUS	n/a	n/a	D139
394.4000000000	n/a	n/a	STATUS	n/a	n/a	D255
394.4400000000	n/a	n/a	STATUS	n/a	n/a	DI54
394.4880000000	n/a	n/a	STATUS	n/a	n/a	D255
394.8720000000	n/a	n/a	STATUS	n/a	n/a	DI34
394.9240000000	n/a	n/a	STATUS	n/a	n/a	D255
395.1800000000	n/a	n/a	STATUS	n/a	n/a	DIN5
395.2320000000	n/a	n/a	STATUS	n/a	n/a	D255
395.7240000000	n/a	n/a	STATUS	n/a	n/a	D130
395.7760000000	n/a	n/a	STATUS	n/a	n/a	D255
395.8120000000	n/a	n/a	STATUS	n/a	n/a	DI53
395.8640000000	n/a	n/a	STATUS	n/a	n/a	D255
396.1760000000	n/a	n/a	STATUS	n/a	n/a	DI43
396.2280000000	n/a	n/a	STATUS	n/a	n/a	D255
396.4880000000	n/a	n/a	STATUS	n/a	n/a	DIN5
396.5360000000	n/a	n/a	STATUS	n/a	n/a	D255
396.9400000000	n/a	n/a	STATUS	n/a	n/a	D226
396.9920000000	n/a	n/a	STATUS	n/a	n/a	D255
397.0280000000	n/a	n/a	STATUS	n/a	n/a	DI54
397.0760000000	n/a	n/a	STATUS	n/a	n/a	D255
397.3920000000	n/a	n/a	STATUS	n/a	n/a	DI34
397.4400000000	n/a	n/a	STATUS	n/a	n/a	D255
397.7000000000	n/a	n/a	STATUS	n/a	n/a	DIN5
397.7520000000	n/a	n/a	STATUS	n/a	n/a	D255
398.1720000000	n/a	n/a	STATUS	n/a	n/a	D148
398.2200000000	n/a	n/a	STATUS	n/a	n/a	D255
398.2600000000	n/a	n/a	STATUS	n/a	n/a	DI52
398.3080000000	n/a	n/a	STATUS	n/a	n/a	D255
398.6720000000	n/a	n/a	STATUS	n/a	n/a	DI42
398.7240000000	n/a	n/a	STATUS	n/a	n/a	D255
398.9840000000	n/a	n/a	STATUS	n/a	n/a	DIN5
399.0320000000	n/a	n/a	STATUS	n/a	n/a	D255
399.4760000000	n/a	n/a	STATUS	n/a	n/a	D234
399.5280000000	n/a	n/a	STATUS	n/a	n/a	D255
399.5680000000	n/a	n/a	STATUS	n/a	n/a	DI54
399.6160000000	n/a	n/a	STATUS	n/a	n/a	D255
399.8960000000	n/a	n/a	STATUS	n/a	n/a	DI34
399.9440000000	n/a	n/a	STATUS	n/a	n/a	D255
400.2040000000	n/a	n/a	STATUS	n/a	n/a	DIN5
400.2560000000	n/a	n/a	STATUS	n/a	n/a	D255
400.6040000000	n/a	n/a	STATUS	n/a	n/a	DI78
400.6560000000	n/a	n/a	STATUS	n/a	n/a	D255
400.6920000000	n/a	n/a	STATUS	n/a	n/a	DI51
400.7400000000	n/a	n/a	STATUS	n/a	n/a	D255
401.1320000000	n/a	n/a	STATUS	n/a	n/a	DI31
401.1800000000	n/a	n/a	STATUS	n/a	n/a	D255
401.4400000000	n/a	n/a	STATUS	n/a	n/a	DIN5
401.4920000000	n/a	n/a	STATUS	n/a	n/a	D255
401.8000000000	n/a	n/a	STATUS	n/a	n/a	D168
401.8520000000	n/a	n/a	STATUS	n/a	n/a	D255
401.8880000000	n/a	n/a	STATUS	n/a	n/a	DI53
401.9400000000	n/a	n/a	STATUS	n/a	n/a	D255
402.1960000000	n/a	n/a	STATUS	n/a	n/a	DI43
402.2440000000	n/a	n/a	STATUS	n/a	n/a	D255
402.5040000000	n/a	n/a	STATUS	n/a	n/a	DIN5
402.5560000000	n/a	n/a	STATUS	n/a	n/a	D255
403.0440000000	n/a	n/a	STATUS	n/a	n/a	D145
403.0960000000	n/a	n/a	STATUS	n/a	n/a	D255
403.1320000000	n/a	n/a	STATUS	n/a	n/a	DI51
403.1840000000	n/a	n/a	STATUS	n/a	n/a	D255
403.7160000000	n/a	n/a	STATUS	n/a	n/a	DI31
403.7680000000	n/a	n/a	STATUS	n/a	n/a	D255
404.0240000000	n/a	n/a	STATUS	n/a	n/a	DIN5
404.0760000000	n/a	n/a	STATUS	n/a	n/a	D255
404.4560000000	n/a	n/a	STATUS	n/a	n/a	D111
404.5040000000	n/a	n/a	STATUS	n/a	n/a	D255
404.5440000000	n/a	n/a	STATUS	n/a	n/a	DI53
404.5920000000	n/a	n/a	STATUS	n/a	n/a	D255
404.9120000000	n/a	n/a	STATUS	n/a	n/a	DI43
404.9640000000	n/a	n/a	STATUS	n/a	n/a	D255
405.2240000000	n/a	n/a	STATUS	n/a	n/a	DIN5
405.2720000000	n/a	n/a	STATUS	n/a	n/a	D255
405.7160000000	n/a	n/a	STATUS	n/a	n/a	D152
405.7680000000	n/a	n/a	STATUS	n/a	n/a	D255
405.8040000000	n/a	n/a	STATUS	n/a	n/a	DI54
405.8560000000	n/a	n/a	STATUS	n/a	n/a	D255
406.1880000000	n/a	n/a	STATUS	n/a	n/a	DI34
406.2400000000	n/a	n/a	STATUS	n/a	n/a	D255
406.5000000000	n/a	n/a	STATUS	n/a	n/a	DIN5
406.5480000000	n/a	n/a	STATUS	n/a	n/a	D255
406.9480000000	n/a	n/a	STATUS	n/a	n/a	DI83
407.0000000000	n/a	n/a	STATUS	n/a	n/a	D255
407.0360000000	n/a	n/a	STATUS	n/a	n/a	DI53
407.0880000000	n/a	n/a	STATUS	n/a	n/a	D255
407.4040000000	n/a	n/a	STATUS	n/a	n/a	DI43
407.4560000000	n/a	n/a	STATUS	n/a	n/a	D255
407.7160000000	n/a	n/a	STATUS	n/a	n/a	DIN5
407.7640000000	n/a	n/a	STATUS	n/a	n/a	D255
408.1160000000	n/a	n/a	STATUS	n/a	n/a	D107
408.1640000000	n/a	n/a	STATUS	n/a	n/a	D255
408.2040000000	n/a	n/a	STATUS	n/a	n/a	DI53
408.2520000000	n/a	n/a	STATUS	n/a	n/a	D255
408.5840000000	n/a	n/a	STATUS	n/a	n/a	DI43
408.6360000000	n/a	n/a	STATUS	n/a	n/a	D255
408.8960000000	n/a	n/a	STATUS	n/a	n/a	DIN5
408.9440000000	n/a	n/a	STATUS	n/a	n/a	D255
409.3000000000	n/a	n/a	STATUS	n/a	n/a	D109
409.3480000000	n/a	n/a	STATUS	n/a	n/a	D255
409.3880000000	n/a	n/a	STATUS	n/a	n/a	DI53
409.4360000000	n/a	n/a	STATUS	n/a	n/a	D255
409.7040000000	n/a	n/a	STATUS	n/a	n/a	DI43
409.7520000000	n/a	n/a	STATUS	n/a	n/a	D255
410.0120000000	n/a	n/a	STATUS	n/a	n/a	DIN5
410.0600000000	n/a	n/a	STATUS	n/a	n/a	D255
410.3880000000	n/a	n/a	STATUS	n/a	n/a	DI77
410.4360000000	n/a	n/a	STATUS	n/a	n/a	D255
410.4720000000	n/a	n/a	STATUS	n/a	n/a	DI51
410.5240000000	n/a	n/a	STATUS	n/a	n/a	D255
410.7240000000	n/a	n/a	STATUS	n/a	n/a	DI21
410.7720000000	n/a	n/a	STATUS	n/a	n/a	D255
410.7760000000	n/a	n/a	STATUS	n/a	n/a	DIN4
410.8280000000	n/a	n/a	STATUS	n/a	n/a	D255
411.5840000000	n/a	n/a	STATUS	n/a	n/a	DIN5
411.6320000000	n/a	n/a	STATUS	n/a	n/a	D255
412.0000000000	n/a	n/a	STATUS	n/a	n/a	D214
412.0520000000	n/a	n/a	STATUS	n/a	n/a	D255
412.0880000000	n/a	n/a	STATUS	n/a	n/a	DI52
412.1400000000	n/a	n/a	STATUS	n/a	n/a	D255
412.3840000000	n/a	n/a	STATUS	n/a	n/a	DI12
412.4320000000	n/a	n/a	STATUS	n/a	n/a	D255
412.4360000000	n/a	n/a	STATUS	n/a	n/a	DIN4
412.4880000000	n/a	n/a	STATUS	n/a	n/a	D255
413.2400000000	n/a	n/a	STATUS	n/a	n/a	DIN5
413.2920000000	n/a	n/a	STATUS	n/a	n/a	D255
413.6160000000	n/a	n/a	STATUS	n/a	n/a	D147
413.6680000000	n/a	n/a	STATUS	n/a	n/a	D255
413.7040000000	n/a	n/a	STATUS	n/a	n/a	DI52
413.7560000000	n/a	n/a	STATUS	n/a	n/a	D255
414.2640000000	n/a	n/a	STATUS	n/a	n/a	DI12
414.3120000000	n/a	n/a	STATUS	n/a	n/a	D255
414.3160000000	n/a	n/a	STATUS	n/a	n/a	DIN4
414.3680000000	n/a	n/a	STATUS	n/a	n/a	D255
415.1240000000	n/a	n/a	STATUS	n/a	n/a	DIN5
415.1720000000	n/a	n/a	STATUS	n/a	n/a	D255
415.6680000000	n/a	n/a	STATUS	n/a	n/a	D135
415.7160000000	n/a	n/a	STATUS	n/a	n/a	D255
415.7560000000	n/a	n/a	STATUS	n/a	n/a	DI53
415.8040000000	n/a	n/a	STATUS	n/a	n/a	D255
416.0560000000	n/a	n/a	STATUS	n/a	n/a	DI43
416.1040000000	n/a	n/a	STATUS	n/a	n/a	D255
416.3640000000	n/a	n/a	STATUS	n/a	n/a	DIN5
416.4120000000	n/a	n/a	STATUS	n/a	n/a	D255
416.7440000000	n/a	n/a	STATUS	n/a	n/a	D122
416.7960000000	n/a	n/a	STATUS	n/a	n/a	D255
416.8320000000	n/a	n/a	STATUS	n/a	n/a	DI52
416.8800000000	n/a	n/a	STATUS	n/a	n/a	D255
417.2600000000	n/a	n/a	STATUS	n/a	n/a	DI42
417.3080000000	n/a	n/a	STATUS	n/a	n/a	D255
417.5680000000	n/a	n/a	STATUS	n/a	n/a	DIN5
417.6200000000	n/a	n/a	STATUS	n/a	n/a	D255
417.9720000000	n/a	n/a	STATUS	n/a	n/a	D230
418.0240000000	n/a	n/a	STATUS	n/a	n/a	D255
418.0600000000	n/a	n/a	STATUS	n/a	n/a	DI51
418.1120000000	n/a	n/a	STATUS	n/a	n/a	D255
418.5600000000	n/a	n/a	STATUS	n/a	n/a	DI31
418.6120000000	n/a	n/a	STATUS	n/a	n/a	D255
418.8720000000	n/a	n/a	STATUS	n/a	n/a	DIN5
418.9200000000	n/a	n/a	STATUS	n/a	n/a	D255
419.3120000000	n/a	n/a	STATUS	n/a	n/a	D167
419.3600000000	n/a	n/a	STATUS	n/a	n/a	D255
419.4000000000	n/a	n/a	STATUS	n/a	n/a	DI51
419.4480000000	n/a	n/a	STATUS	n/a	n/a	D255
419.8440000000	n/a	n/a	STATUS	n/a	n/a	DI31
419.8920000000	n/a	n/a	STATUS	n/a	n/a	D255
420.1520000000	n/a	n/a	STATUS	n/a	n/a	DIN5
420.2040000000	n/a	n/a	STATUS	n/a	n/a	D255
420.6440000000	n/a	n/a	STATUS	n/a	n/a	D237
420.6920000000	n/a	n/a	STATUS	n/a	n/a	D255
420.7320000000	n/a	n/a	STATUS	n/a	n/a	DI54
420.7800000000	n/a	n/a	STATUS	n/a	n/a	D255
421.1120000000	n/a	n/a	STATUS	n/a	n/a	DI34
421.1600000000	n/a	n/a	STATUS	n/a	n/a	D227
421.1640000000	n/a	n/a	STATUS	n/a	n/a	D255
421.4200000000	n/a	n/a	STATUS	n/a	n/a	DIN5
421.4720000000	n/a	n/a	STATUS	n/a	n/a	D255
421.8920000000	n/a	n/a	STATUS	n/a	n/a	D217
421.9400000000	n/a	n/a	STATUS	n/a	n/a	D255
421.9800000000	n/a	n/a	STATUS	n/a	n/a	DI52
422.0280000000	n/a	n/a	STATUS	n/a	n/a	D255
422.3680000000	n/a	n/a	STATUS	n/a	n/a	DI42
422.4160000000	n/a	n/a	STATUS	n/a	n/a	D255
422.6760000000	n/a	n/a	STATUS	n/a	n/a	DIN5
422.7280000000	n/a	n/a	STATUS	n/a	n/a	D255
423.1200000000	n/a	n/a	STATUS	n/a	n/a	D203
423.1720000000	n/a	n/a	STATUS	n/a	n/a	D255
423.2080000000	n/a	n/a	STATUS	n/a	n/a	DI52
423.2600000000	n/a	n/a	STATUS	n/a	n/a	D255
423.5680000000	n/a	n/a	STATUS	n/a	n/a	DI12
423.6160000000	n/a	n/a	STATUS	n/a	n/a	D255
423.6200000000	n/a	n/a	STATUS	n/a	n/a	DIN4
423.6720000000	n/a	n/a	STATUS	n/a	n/a	D255
424.4280000000	n/a	n/a	STATUS	n/a	n/a	DIN5
424.4760000000	n/a	n/a	STATUS	n/a	n/a	D255
424.8520000000	n/a	n/a	STATUS	n/a	n/a	D150
424.9000000000	n/a	n/a	STATUS	n/a	n/a	D255
424.9400000000	n/a	n/a	STATUS	n/a	n/a	DI54
424.9920000000	n/a	n/a	STATUS	n/a	n/a	D255
425.3280000000	n/a	n/a	STATUS	n/a	n/a	DI24
425.3800000000	n/a	n/a	STATUS	n/a	n/a	D255
425.3840000000	n/a	n/a	STATUS	n/a	n/a	DIN4
425.4360000000	n/a	n/a	STATUS	n/a	n/a	D255
426.1880000000	n/a	n/a	STATUS	n/a	n/a	DIN5
426.2400000000	n/a	n/a	STATUS	n/a	n/a	D255
426.7040000000	n/a	n/a	STATUS	n/a	n/a	DI89
426.7560000000	n/a	n/a	STATUS	n/a	n/a	D255
426.7920000000	n/a	n/a	STATUS	n/a	n/a	DI52
426.8440000000	n/a	n/a	STATUS	n/a	n/a	D255
427.1800000000	n/a	n/a	STATUS	n/a	n/a	DI42
427.2280000000	n/a	n/a	STATUS	n/a	n/a	D255
427.4880000000	n/a	n/a	STATUS	n/a	n/a	DIN5
427.5400000000	n/a	n/a	STATUS	n/a	n/a	D255
427.9880000000	n/a	n/a	STATUS	n/a	n/a	D176
428.0400000000	n/a	n/a	STATUS	n/a	n/a	D255
428.0760000000	n/a	n/a	STATUS	n/a	n/a	DI52
428.1240000000	n/a	n/a	STATUS	n/a	n/a	D255
428.6080000000	n/a	n/a	STATUS	n/a	n/a	DI42
428.6560000000	n/a	n/a	STATUS	n/a	n/a	D255
428.9160000000	n/a	n/a	STATUS	n/a	n/a	DIN5
428.9680000000	n/a	n/a	STATUS	n/a	n/a	D255
429.4360000000	n/a	n/a	STATUS	n/a	n/a	D188
429.4880000000	n/a	n/a	STATUS	n/a	n/a	D255
429.5240000000	n/a	n/a	STATUS	n/a	n/a	DI53
429.5760000000	n/a	n/a	STATUS	n/a	n/a	D255
429.8920000000	n/a	n/a	STATUS	n/a	n/a	DI43
429.9400000000	n/a	n/a	STATUS	n/a	n/a	D255
430.2000000000	n/a	n/a	STATUS	n/a	n/a	DIN5
430.2520000000	n/a	n/a	STATUS	n/a	n/a	D255
430.6120000000	n/a	n/a	STATUS	n/a	n/a	D190
430.6600000000	n/a	n/a	STATUS	n/a	n/a	D255
430.6960000000	n/a	n/a	STATUS	n/a	n/a	DI51
430.7480000000	n/a	n/a	STATUS	n/a	n/a	D255
431.2040000000	n/a	n/a	STATUS	n/a	n/a	DI31
431.2560000000	n/a	n/a	STATUS	n/a	n/a	D255
431.5160000000	n/a	n/a	STATUS	n/a	n/a	DIN5
431.5640000000	n/a	n/a	STATUS	n/a	n/a	D255
431.8800000000	n/a	n/a	STATUS	n/a	n/a	D247
431.9320000000	n/a	n/a	STATUS	n/a	n/a	D255
431.9680000000	n/a	n/a	STATUS	n/a	n/a	DI54
432.0200000000	n/a	n/a	STATUS	n/a	n/a	D255
432.3760000000	n/a	n/a	STATUS	n/a	n/a	DI34
432.4280000000	n/a	n/a	STATUS	n/a	n/a	D255
432.6840000000	n/a	n/a	STATUS	n/a	n/a	DIN5
432.7360000000	n/a	n/a	STATUS	n/a	n/a	D255
433.1920000000	n/a	n/a	STATUS	n/a	n/a	D240
433.2400000000	n/a	n/a	STATUS	n/a	n/a	D255
433.2760000000	n/a	n/a	STATUS	n/a	n/a	DI51
433.3280000000	n/a	n/a	STATUS	n/a	n/a	D255
433.7560000000	n/a	n/a	STATUS	n/a	n/a	DI31
433.8040000000	n/a	n/a	STATUS	n/a	n/a	D255
434.0640000000	n/a	n/a	STATUS	n/a	n/a	DIN5
434.1160000000	n/a	n/a	STATUS	n/a	n/a	D255
434.5240000000	n/a	n/a	STATUS	n/a	n/a	D170
434.5720000000	n/a	n/a	STATUS	n/a	n/a	D255
434.6120000000	n/a	n/a	STATUS	n/a	n/a	DI52
434.6600000000	n/a	n/a	STATUS	n/a	n/a	D255
434.9760000000	n/a	n/a	STATUS	n/a	n/a	DI42
435.0240000000	n/a	n/a	STATUS	n/a	n/a	D255
435.2840000000	n/a	n/a	STATUS	n/a	n/a	DIN5
435.3320000000	n/a	n/a	STATUS	n/a	n/a	D255
435.7880000000	n/a	n/a	STATUS	n/a	n/a	D104
435.8400000000	n/a	n/a	STATUS	n/a	n/a	D255
435.8760000000	n/a	n/a	STATUS	n/a	n/a	DI52
435.9280000000	n/a	n/a	STATUS	n/a	n/a	D255
436.2680000000	n/a	n/a	STATUS	n/a	n/a	DI42
436.3160000000	n/a	n/a	STATUS	n/a	n/a	D255
436.5760000000	n/a	n/a	STATUS	n/a	n/a	DIN5
436.6280000000	n/a	n/a	STATUS	n/a	n/a	D255
436.9800000000	n/a	n/a	STATUS	n/a	n/a	D250
437.0320000000	n/a	n/a	STATUS	n/a	n/a	D255
437.0680000000	n/a	n/a	STATUS	n/a	n/a	DI54
437.1200000000	n/a	n/a	STATUS	n/a	n/a	D255
437.4440000000	n/a	n/a	STATUS	n/a	n/a	DI34
437.4960000000	n/a	n/a	STATUS	n/a	n/a	D255
437.7520000000	n/a	n/a	STATUS	n/a	n/a	DIN5
437.8040000000	n/a	n/a	STATUS	n/a	n/a	D255
438.2480000000	n/a	n/a	STATUS	n/a	n/a	D108
438.3000000000	n/a	n/a	STATUS	n/a	n/a	D255
438.3360000000	n/a	n/a	STATUS	n/a	n/a	DI53
438.3880000000	n/a	n/a	STATUS	n/a	n/a	D255
438.6880000000	n/a	n/a	STATUS	n/a	n/a	DI43
438.7400000000	n/a	n/a	STATUS	n/a	n/a	D255
438.9960000000	n/a	n/a	STATUS	n/a	n/a	DIN5
439.0480000000	n/a	n/a	STATUS	n/a	n/a	D255
439.5080000000	n/a	n/a	STATUS	n/a	n/a	D228
439.5560000000	n/a	n/a	STATUS	n/a	n/a	D255
439.5960000000	n/a	n/a	STATUS	n/a	n/a	DI51
439.6440000000	n/a	n/a	STATUS	n/a	n/a	D255
439.9800000000	n/a	n/a	STATUS	n/a	n/a	DI21
440.0320000000	n/a	n/a	STATUS	n/a	n/a	D255
440.0360000000	n/a	n/a	STATUS	n/a	n/a	DIN4
440.0880000000	n/a	n/a	STATUS	n/a	n/a	D255
440.8400000000	n/a	n/a	STATUS	n/a	n/a	DIN5
440.8920000000	n/a	n/a	STATUS	n/a	n/a	D255
441.2120000000	n/a	n/a	STATUS	n/a	n/a	D236
441.2600000000	n/a	n/a	STATUS	n/a	n/a	D255
441.2960000000	n/a	n/a	STATUS	n/a	n/a	DI53
441.3480000000	n/a	n/a	STATUS	n/a	n/a	D255
441.8360000000	n/a	n/a	STATUS	n/a	n/a	DI43
441.8840000000	n/a	n/a	STATUS	n/a	n/a	D255
442.1440000000	n/a	n/a	STATUS	n/a	n/a	DIN5
442.1960000000	n/a	n/a	STATUS	n/a	n/a	D255
442.5440000000	n/a	n/a	STATUS	n/a	n/a	D207
442.5920000000	n/a	n/a	STATUS	n/a	n/a	D255
442.6320000000	n/a	n/a	STATUS	n/a	n/a	DI53
442.6800000000	n/a	n/a	STATUS	n/a	n/a	D255
443.0120000000	n/a	n/a	STATUS	n/a	n/a	DI43
443.0600000000	n/a	n/a	STATUS	n/a	n/a	D255
443.3200000000	n/a	n/a	STATUS	n/a	n/a	DIN5
443.3720000000	n/a	n/a	STATUS	n/a	n/a	D255
443.7400000000	n/a	n/a	STATUS	n/a	n/a	DI99
443.7880000000	n/a	n/a	STATUS	n/a	n/a	D255
443.8280000000	n/a	n/a	STATUS	n/a	n/a	DI51
443.8760000000	n/a	n/a	STATUS	n/a	n/a	D255
444.3320000000	n/a	n/a	STATUS	n/a	n/a	DI31
444.3840000000	n/a	n/a	STATUS	n/a	n/a	D255
444.6440000000	n/a	n/a	STATUS	n/a	n/a	DIN5
444.6920000000	n/a	n/a	STATUS	n/a	n/a	D255
445.1960000000	n/a	n/a	STATUS	n/a	n/a	D169
445.2480000000	n/a	n/a	STATUS	n/a	n/a	D255
445.2880000000	n/a	n/a	STATUS	n/a	n/a	DI54
445.3360000000	n/a	n/a	STATUS	n/a	n/a	D255
445.6240000000	n/a	n/a	STATUS	n/a	n/a	DI34
445.6760000000	n/a	n/a	STATUS	n/a	n/a	D255
445.9360000000	n/a	n/a	STATUS	n/a	n/a	DIN5
445.9840000000	n/a	n/a	STATUS	n/a	n/a	D255
446.4680000000	n/a	n/a	STATUS	n/a	n/a	D202
446.5200000000	n/a	n/a	STATUS	n/a	n/a	D255
446.5560000000	n/a	n/a	STATUS	n/a	n/a	DI54
446.6080000000	n/a	n/a	STATUS	n/a	n/a	D255
446.8960000000	n/a	n/a	STATUS	n/a	n/a	DI34
446.9480000000	n/a	n/a	STATUS	n/a	n/a	D255
447.2080000000	n/a	n/a	STATUS	n/a	n/a	DIN5
447.2560000000	n/a	n/a	STATUS	n/a	n/a	D255
447.7480000000	n/a	n/a	STATUS	n/a	n/a	DI67
447.7960000000	n/a	n/a	STATUS	n/a	n/a	D255
447.8320000000	n/a	n/a	STATUS	n/a	n/a	DI52
447.8840000000	n/a	n/a	STATUS	n/a	n/a	D255
448.2000000000	n/a	n/a	STATUS	n/a	n/a	DI42
448.2480000000	n/a	n/a	STATUS	n/a	n/a	D255
448.5080000000	n/a	n/a	STATUS	n/a	n/a	DIN5
448.5560000000	n/a	n/a	STATUS	n/a	n/a	D255
449.0080000000	n/a	n/a	STATUS	n/a	n/a	DI72
449.0560000000	n/a	n/a	STATUS	n/a	n/a	D255
449.0960000000	n/a	n/a	STATUS	n/a	n/a	DI52
449.1440000000	n/a	n/a	STATUS	n/a	n/a	D255
449.4600000000	n/a	n/a	STATUS	n/a	n/a	DI42
449.5120000000	n/a	n/a	STATUS	n/a	n/a	D255
449.7680000000	n/a	n/a	STATUS	n/a	n/a	DIN5
449.8200000000	n/a	n/a	STATUS	n/a	n/a	D255
450.1600000000	n/a	n/a	STATUS	n/a	n/a	D113
450.2080000000	n/a	n/a	STATUS	n/a	n/a	D255
450.2480000000	n/a	n/a	STATUS	n/a	n/a	DI51
450.2960000000	n/a	n/a	STATUS	n/a	n/a	D255
450.6280000000	n/a	n/a	STATUS	n/a	n/a	DI31
450.6800000000	n/a	n/a	STATUS	n/a	n/a	D255
450.9360000000	n/a	n/a	STATUS	n/a	n/a	DIN5
450.9880000000	n/a	n/a	STATUS	n/a	n/a	D255
451.3360000000	n/a	n/a	STATUS	n/a	n/a	D173
451.3880000000	n/a	n/a	STATUS	n/a	n/a	D255
451.4240000000	n/a	n/a	STATUS	n/a	n/a	DI51
451.4760000000	n/a	n/a	STATUS	n/a	n/a	D255
451.8200000000	n/a	n/a	STATUS	n/a	n/a	DI21
451.8680000000	n/a	n/a	STATUS	n/a	n/a	D255
451.8760000000	n/a	n/a	STATUS	n/a	n/a	DIN4
451.9240000000	n/a	n/a	STATUS	n/a	n/a	D255
452.6800000000	n/a	n/a	STATUS	n/a	n/a	DIN5
452.7320000000	n/a	n/a	STATUS	n/a	n/a	D255
453.2160000000	n/a	n/a	STATUS	n/a	n/a	D239
453.2640000000	n/a	n/a	STATUS	n/a	n/a	D255
453.3000000000	n/a	n/a	STATUS	n/a	n/a	DI51
453.3520000000	n/a	n/a	STATUS	n/a	n/a	D255
453.7960000000	n/a	n/a	STATUS	n/a	n/a	DI31
453.8480000000	n/a	n/a	STATUS	n/a	n/a	D255
454.1080000000	n/a	n/a	STATUS	n/a	n/a	DIN5
454.1560000000	n/a	n/a	STATUS	n/a	n/a	D255
454.5640000000	n/a	n/a	STATUS	n/a	n/a	DI79
454.6160000000	n/a	n/a	STATUS	n/a	n/a	D255
454.6520000000	n/a	n/a	STATUS	n/a	n/a	DI54
454.7040000000	n/a	n/a	STATUS	n/a	n/a	D255
455.1800000000	n/a	n/a	STATUS	n/a	n/a	DI34
455.2280000000	n/a	n/a	STATUS	n/a	n/a	D255
455.4880000000	n/a	n/a	STATUS	n/a	n/a	DIN5
455.5400000000	n/a	n/a	STATUS	n/a	n/a	D255
455.9720000000	n/a	n/a	STATUS	n/a	n/a	D166
456.0240000000	n/a	n/a	STATUS	n/a	n/a	D255
456.0600000000	n/a	n/a	STATUS	n/a	n/a	DI54
456.1120000000	n/a	n/a	STATUS	n/a	n/a	D255
456.4120000000	n/a	n/a	STATUS	n/a	n/a	DI34
456.4600000000	n/a	n/a	STATUS	n/a	n/a	D255
456.7200000000	n/a	n/a	STATUS	n/a	n/a	DIN5
456.7720000000	n/a	n/a	STATUS	n/a	n/a	D255
457.2120000000	n/a	n/a	STATUS	n/a	n/a	D182
457.2600000000	n/a	n/a	STATUS	n/a	n/a	D255
457.3000000000	n/a	n/a	STATUS	n/a	n/a	DI51
457.3480000000	n/a	n/a	STATUS	n/a	n/a	D255
457.7960000000	n/a	n/a	STATUS	n/a	n/a	DI31
457.8440000000	n/a	n/a	STATUS	n/a	n/a	D255
458.1040000000	n/a	n/a	STATUS	n/a	n/a	DIN5
458.1560000000	n/a	n/a	STATUS	n/a	n/a	D255
458.5440000000	n/a	n/a	STATUS	n/a	n/a	D101
458.5960000000	n/a	n/a	STATUS	n/a	n/a	D255
458.6320000000	n/a	n/a	STATUS	n/a	n/a	DI52
458.6840000000	n/a	n/a	STATUS	n/a	n/a	D255
459.0240000000	n/a	n/a	STATUS	n/a	n/a	DI42
459.0760000000	n/a	n/a	STATUS	n/a	n/a	D255
459.3360000000	n/a	n/a	STATUS	n/a	n/a	DIN5
459.3840000000	n/a	n/a	STATUS	n/a	n/a	D255
459.8000000000	n/a	n/a	STATUS	n/a	n/a	D160
459.8480000000	n/a	n/a	STATUS	n/a	n/a	D255
459.8880000000	n/a	n/a	STATUS	n/a	n/a	DI51
459.9360000000	n/a	n/a	STATUS	n/a	n/a	D255
460.2560000000	n/a	n/a	STATUS	n/a	n/a	DI31
460.3080000000	n/a	n/a	STATUS	n/a	n/a	D255
460.5680000000	n/a	n/a	STATUS	n/a	n/a	DIN5
460.6160000000	n/a	n/a	STATUS	n/a	n/a	D255
461.0960000000	n/a	n/a	STATUS	n/a	n/a	DI87
461.1480000000	n/a	n/a	STATUS	n/a	n/a	D255
461.1840000000	n/a	n/a	STATUS	n/a	n/a	DI52
461.2320000000	n/a	n/a	STATUS	n/a	n/a	D255
461.6600000000	n/a	n/a	STATUS	n/a	n/a	DI42
461.7120000000	n/a	n/a	STATUS	n/a	n/a	D255
461.9680000000	n/a	n/a	STATUS	n/a	n/a	DIN5
462.0200000000	n/a	n/a	STATUS	n/a	n/a	D255
462.3480000000	n/a	n/a	STATUS	n/a	n/a	D175
462.4000000000	n/a	n/a	STATUS	n/a	n/a	D255
462.4360000000	n/a	n/a	STATUS	n/a	n/a	DI51
462.4880000000	n/a	n/a	STATUS	n/a	n/a	D255
462.8760000000	n/a	n/a	STATUS	n/a	n/a	DI31
462.9240000000	n/a	n/a	STATUS	n/a	n/a	D255
463.1840000000	n/a	n/a	STATUS	n/a	n/a	DIN5
463.2360000000	n/a	n/a	STATUS	n/a	n/a	D255
463.6080000000	n/a	n/a	STATUS	n/a	n/a	D143
463.6600000000	n/a	n/a	STATUS	n/a	n/a	D255
463.6960000000	n/a	n/a	STATUS	n/a	n/a	DI54
463.7480000000	n/a	n/a	STATUS	n/a	n/a	D255
464.0720000000	n/a	n/a	STATUS	n/a	n/a	DI34
464.1240000000	n/a	n/a	STATUS	n/a	n/a	D255
464.3840000000	n/a	n/a	STATUS	n/a	n/a	DIN5
464.4320000000	n/a	n/a	STATUS	n/a	n/a	D255
464.9120000000	n/a	n/a	STATUS	n/a	n/a	D144
464.9600000000	n/a	n/a	STATUS	n/a	n/a	D255
465.0000000000	n/a	n/a	STATUS	n/a	n/a	DI54
465.0480000000	n/a	n/a	STATUS	n/a	n/a	D255
465.3680000000	n/a	n/a	STATUS	n/a	n/a	DI34
465.4160000000	n/a	n/a	STATUS	n/a	n/a	D255
465.6760000000	n/a	n/a	STATUS	n/a	n/a	DIN5
465.7280000000	n/a	n/a	STATUS	n/a	n/a	D255
466.1760000000	n/a	n/a	STATUS	n/a	n/a	D180
466.2280000000	n/a	n/a	STATUS	n/a	n/a	D255
466.2640000000	n/a	n/a	STATUS	n/a	n/a	DI53
466.3160000000	n/a	n/a	STATUS	n/a	n/a	D255
466.6440000000	n/a	n/a	STATUS	n/a	n/a	DI43
466.6960000000	n/a	n/a	STATUS	n/a	n/a	D255
466.9520000000	n/a	n/a	STATUS	n/a	n/a	DIN5
467.0040000000	n/a	n/a	STATUS	n/a	n/a	D255
467.3920000000	n/a	n/a	STATUS	n/a	n/a	D153
467.4440000000	n/a	n/a	STATUS	n/a	n/a	D255
467.4800000000	n/a	n/a	STATUS	n/a	n/a	DI53
467.5320000000	n/a	n/a	STATUS	n/a	n/a	D255
467.8560000000	n/a	n/a	STATUS	n/a	n/a	DI43
467.9040000000	n/a	n/a	STATUS	n/a	n/a	D255
468.1640000000	n/a	n/a	STATUS	n/a	n/a	DIN5
468.2160000000	n/a	n/a	STATUS	n/a	n/a	D255
468.6520000000	n/a	n/a	STATUS	n/a	n/a	D205
468.7040000000	n/a	n/a	STATUS	n/a	n/a	D255
468.7400000000	n/a	n/a	STATUS	n/a	n/a	DI54
468.7920000000	n/a	n/a	STATUS	n/a	n/a	D255
469.0720000000	n/a	n/a	STATUS	n/a	n/a	DI34
469.1200000000	n/a	n/a	STATUS	n/a	n/a	D255
469.3800000000	n/a	n/a	STATUS	n/a	n/a	DIN5
469.4320000000	n/a	n/a	STATUS	n/a	n/a	D255
469.8280000000	n/a	n/a	STATUS	n/a	n/a	D216
469.8800000000	n/a	n/a	STATUS	n/a	n/a	D255
469.9160000000	n/a	n/a	STATUS	n/a	n/a	DI53
469.9680000000	n/a	n/a	STATUS	n/a	n/a	D255
470.2800000000	n/a	n/a	STATUS	n/a	n/a	DI43
470.3320000000	n/a	n/a	STATUS	n/a	n/a	D255
470.5920000000	n/a	n/a	STATUS	n/a	n/a	DIN5
470.6400000000	n/a	n/a	STATUS	n/a	n/a	D255
471.0960000000	n/a	n/a	STATUS	n/a	n/a	D200
471.1480000000	n/a	n/a	STATUS	n/a	n/a	D255
471.1840000000	n/a	n/a	STATUS	n/a	n/a	DI51
471.2320000000	n/a	n/a	STATUS	n/a	n/a	D255
471.6720000000	n/a	n/a	STATUS	n/a	n/a	DI31
471.7240000000	n/a	n/a	STATUS	n/a	n/a	D255
471.9840000000	n/a	n/a	STATUS	n/a	n/a	DIN5
472.0320000000	n/a	n/a	STATUS	n/a	n/a	D255
472.5080000000	n/a	n/a	STATUS	n/a	n/a	D244
472.5560000000	n/a	n/a	STATUS	n/a	n/a	D255
472.5960000000	n/a	n/a	STATUS	n/a	n/a	DI51
472.6440000000	n/a	n/a	STATUS	n/a	n/a	D255
473.2240000000	n/a	n/a	STATUS	n/a	n/a	DI31
473.2720000000	n/a	n/a	STATUS	n/a	n/a	D255
473.5320000000	n/a	n/a	STATUS	n/a	n/a	DIN5
473.5800000000	n/a	n/a	STATUS	n/a	n/a	D255
473.8840000000	n/a	n/a	STATUS	n/a	n/a	DI90
473.9360000000	n/a	n/a	STATUS	n/a	n/a	D255
473.9760000000	n/a	n/a	STATUS	n/a	n/a	DI51
474.0240000000	n/a	n/a	STATUS	n/a	n/a	D255
474.4400000000	n/a	n/a	STATUS	n/a	n/a	DI21
474.4880000000	n/a	n/a	STATUS	n/a	n/a	D255
474.4920000000	n/a	n/a	STATUS	n/a	n/a	DIN4
474.5440000000	n/a	n/a	STATUS	n/a	n/a	D255
475.3000000000	n/a	n/a	STATUS	n/a	n/a	DIN5
475.3480000000	n/a	n/a	STATUS	n/a	n/a	D255
475.7600000000	n/a	n/a	STATUS	n/a	n/a	D215
475.8120000000	n/a	n/a	STATUS	n/a	n/a	D255
475.8480000000	n/a	n/a	STATUS	n/a	n/a	DI54
475.9000000000	n/a	n/a	STATUS	n/a	n/a	D255
476.1840000000	n/a	n/a	STATUS	n/a	n/a	DI34
476.2360000000	n/a	n/a	STATUS	n/a	n/a	D255
476.4920000000	n/a	n/a	STATUS	n/a	n/a	DIN5
476.5440000000	n/a	n/a	STATUS	n/a	n/a	D255
476.9920000000	n/a	n/a	STATUS	n/a	n/a	DI66
477.0440000000	n/a	n/a	STATUS	n/a	n/a	D255
477.0800000000	n/a	n/a	STATUS	n/a	n/a	DI53
477.1320000000	n/a	n/a	STATUS	n/a	n/a	D255
477.4760000000	n/a	n/a	STATUS	n/a	n/a	DI43
477.5240000000	n/a	n/a	STATUS	n/a	n/a	D255
477.7840000000	n/a	n/a	STATUS	n/a	n/a	DIN5
477.8360000000	n/a	n/a	STATUS	n/a	n/a	D255
478.2000000000	n/a	n/a	STATUS	n/a	n/a	D112
478.2520000000	n/a	n/a	STATUS	n/a	n/a	D255
478.2880000000	n/a	n/a	STATUS	n/a	n/a	DI53
478.3400000000	n/a	n/a	STATUS	n/a	n/a	D255
478.6840000000	n/a	n/a	STATUS	n/a	n/a	DI43
478.7360000000	n/a	n/a	STATUS	n/a	n/a	D255
478.9920000000	n/a	n/a	STATUS	n/a	n/a	DIN5
479.0440000000	n/a	n/a	STATUS	n/a	n/a	D255
479.3720000000	n/a	n/a	STATUS	n/a	n/a	D219
479.4240000000	n/a	n/a	STATUS	n/a	n/a	D255
479.4600000000	n/a	n/a	STATUS	n/a	n/a	DI53
479.5120000000	n/a	n/a	STATUS	n/a	n/a	D255
479.8520000000	n/a	n/a	STATUS	n/a	n/a	DI43
479.9040000000	n/a	n/a	STATUS	n/a	n/a	D255
480.1640000000	n/a	n/a	STATUS	n/a	n/a	DIN5
480.2120000000	n/a	n/a	STATUS	n/a	n/a	D255
480.5320000000	n/a	n/a	STATUS	n/a	n/a	D165
480.5840000000	n/a	n/a	STATUS	n/a	n/a	D255
480.6200000000	n/a	n/a	STATUS	n/a	n/a	DI51
480.6720000000	n/a	n/a	STATUS	n/a	n/a	D255
480.9960000000	n/a	n/a	STATUS	n/a	n/a	DI31
481.0480000000	n/a	n/a	STATUS	n/a	n/a	D255
481.3040000000	n/a	n/a	STATUS	n/a	n/a	DIN5
481.3560000000	n/a	n/a	STATUS	n/a	n/a	D255
481.8360000000	n/a	n/a	STATUS	n/a	n/a	D133
481.8880000000	n/a	n/a	STATUS	n/a	n/a	D255
481.9240000000	n/a	n/a	STATUS	n/a	n/a	DI52
481.9720000000	n/a	n/a	STATUS	n/a	n/a	D255
482.2960000000	n/a	n/a	STATUS	n/a	n/a	DI12
482.3440000000	n/a	n/a	STATUS	n/a	n/a	D255
482.3480000000	n/a	n/a	STATUS	n/a	n/a	DIN4
482.4000000000	n/a	n/a	STATUS	n/a	n/a	DIN5
482.4000000000	n/a	n/a	STATUS	n/a	n/a	D255
483.1560000000	n/a	n/a	STATUS	n/a	n/a	DIN5
483.2040000000	n/a	n/a	STATUS	n/a	n/a	D255
483.5920000000	n/a	n/a	STATUS	n/a	n/a	D241
483.6400000000	n/a	n/a	STATUS	n/a	n/a	D255
483.6760000000	n/a	n/a	STATUS	n/a	n/a	DI52
483.7280000000	n/a	n/a	STATUS	n/a	n/a	D255
484.0840000000	n/a	n/a	STATUS	n/a	n/a	DI12
484.1360000000	n/a	n/a	STATUS	n/a	n/a	D255
484.1400000000	n/a	n/a	STATUS	n/a	n/a	DIN4
484.1920000000	n/a	n/a	STATUS	n/a	n/a	D255
484.9440000000	n/a	n/a	STATUS	n/a	n/a	DIN5
484.9960000000	n/a	n/a	STATUS	n/a	n/a	D255
485.4800000000	n/a	n/a	STATUS	n/a	n/a	DI76
485.5280000000	n/a	n/a	STATUS	n/a	n/a	D255
485.5680000000	n/a	n/a	STATUS	n/a	n/a	DI51
485.6160000000	n/a	n/a	STATUS	n/a	n/a	D255
485.9280000000	n/a	n/a	STATUS	n/a	n/a	DI21
485.9760000000	n/a	n/a	STATUS	n/a	n/a	D255
485.9840000000	n/a	n/a	STATUS	n/a	n/a	DIN4
486.0320000000	n/a	n/a	STATUS	n/a	n/a	D255
486.7880000000	n/a	n/a	STATUS	n/a	n/a	DIN5
486.8360000000	n/a	n/a	STATUS	n/a	n/a	D255
487.1760000000	n/a	n/a	STATUS	n/a	n/a	D149
487.2280000000	n/a	n/a	STATUS	n/a	n/a	D255
487.2640000000	n/a	n/a	STATUS	n/a	n/a	DI53
487.3160000000	n/a	n/a	STATUS	n/a	n/a	D255
487.6560000000	n/a	n/a	STATUS	n/a	n/a	DI43
487.7040000000	n/a	n/a	STATUS	n/a	n/a	D255
487.9640000000	n/a	n/a	STATUS	n/a	n/a	DIN5
488.0160000000	n/a	n/a	STATUS	n/a	n/a	D255
488.4840000000	n/a	n/a	STATUS	n/a	n/a	D248
488.5360000000	n/a	n/a	STATUS	n/a	n/a	D255
488.5720000000	n/a	n/a	STATUS	n/a	n/a	DI51
488.6240000000	n/a	n/a	STATUS	n/a	n/a	D255
489.0640000000	n/a	n/a	STATUS	n/a	n/a	DI31
489.1160000000	n/a	n/a	STATUS	n/a	n/a	D255
489.3720000000	n/a	n/a	STATUS	n/a	n/a	DIN5
489.4240000000	n/a	n/a	STATUS	n/a	n/a	D255
489.7440000000	n/a	n/a	STATUS	n/a	n/a	DI80
489.7920000000	n/a	n/a	STATUS	n/a	n/a	D255
489.8320000000	n/a	n/a	STATUS	n/a	n/a	DI53
489.8840000000	n/a	n/a	STATUS	n/a	n/a	D255
490.1720000000	n/a	n/a	STATUS	n/a	n/a	DI43
490.2200000000	n/a	n/a	STATUS	n/a	n/a	D255
490.4800000000	n/a	n/a	STATUS	n/a	n/a	DIN5
490.5280000000	n/a	n/a	STATUS	n/a	n/a	D255
490.8760000000	n/a	n/a	STATUS	n/a	n/a	D161
490.9240000000	n/a	n/a	STATUS	n/a	n/a	D255
490.9640000000	n/a	n/a	STATUS	n/a	n/a	DI54
491.0120000000	n/a	n/a	STATUS	n/a	n/a	D255
491.2960000000	n/a	n/a	STATUS	n/a	n/a	DI34
491.3440000000	n/a	n/a	STATUS	n/a	n/a	D227
491.3480000000	n/a	n/a	STATUS	n/a	n/a	D255
491.6040000000	n/a	n/a	STATUS	n/a	n/a	DIN5
491.6560000000	n/a	n/a	STATUS	n/a	n/a	D255
492.0040000000	n/a	n/a	STATUS	n/a	n/a	D102
492.0560000000	n/a	n/a	STATUS	n/a	n/a	D255
492.0920000000	n/a	n/a	STATUS	n/a	n/a	DI53
492.1400000000	n/a	n/a	STATUS	n/a	n/a	D255
492.5200000000	n/a	n/a	STATUS	n/a	n/a	DI43
492.5720000000	n/a	n/a	STATUS	n/a	n/a	D255
492.8320000000	n/a	n/a	STATUS	n/a	n/a	DIN5
492.8800000000	n/a	n/a	STATUS	n/a	n/a	D255
493.3240000000	n/a	n/a	STATUS	n/a	n/a	D123
493.3760000000	n/a	n/a	STATUS	n/a	n/a	D255
493.4120000000	n/a	n/a	STATUS	n/a	n/a	DI52
493.4640000000	n/a	n/a	STATUS	n/a	n/a	D255
494.0480000000	n/a	n/a	STATUS	n/a	n/a	DI42
494.0960000000	n/a	n/a	STATUS	n/a	n/a	D255
494.3560000000	n/a	n/a	STATUS	n/a	n/a	DIN5
494.4040000000	n/a	n/a	STATUS	n/a	n/a	D255
494.8000000000	n/a	n/a	STATUS	n/a	n/a	D225
494.8520000000	n/a	n/a	STATUS	n/a	n/a	D255
494.8880000000	n/a	n/a	STATUS	n/a	n/a	DI54
494.9400000000	n/a	n/a	STATUS	n/a	n/a	D255
495.2520000000	n/a	n/a	STATUS	n/a	n/a	DI34
495.3040000000	n/a	n/a	STATUS	n/a	n/a	D255
495.5600000000	n/a	n/a	STATUS	n/a	n/a	DIN5
495.6120000000	n/a	n/a	STATUS	n/a	n/a	D255
496.0480000000	n/a	n/a	STATUS	n/a	n/a	DI82
496.0960000000	n/a	n/a	STATUS	n/a	n/a	D255
496.1360000000	n/a	n/a	STATUS	n/a	n/a	DI51
496.1840000000	n/a	n/a	STATUS	n/a	n/a	D255
496.5640000000	n/a	n/a	STATUS	n/a	n/a	DI31
496.6160000000	n/a	n/a	STATUS	n/a	n/a	D255
496.8760000000	n/a	n/a	STATUS	n/a	n/a	DIN5
496.9240000000	n/a	n/a	STATUS	n/a	n/a	D255
497.2840000000	n/a	n/a	STATUS	n/a	n/a	D129
497.3360000000	n/a	n/a	STATUS	n/a	n/a	D255
497.3720000000	n/a	n/a	STATUS	n/a	n/a	DI51
497.4200000000	n/a	n/a	STATUS	n/a	n/a	D255
497.9120000000	n/a	n/a	STATUS	n/a	n/a	DI31
497.9600000000	n/a	n/a	STATUS	n/a	n/a	D255
498.2200000000	n/a	n/a	STATUS	n/a	n/a	DIN5
498.2720000000	n/a	n/a	STATUS	n/a	n/a	D255
498.5760000000	n/a	n/a	STATUS	n/a	n/a	DI71
498.6280000000	n/a	n/a	STATUS	n/a	n/a	D255
498.6640000000	n/a	n/a	STATUS	n/a	n/a	DI52
498.7120000000	n/a	n/a	STATUS	n/a	n/a	D255
499.0440000000	n/a	n/a	STATUS	n/a	n/a	DI42
499.0920000000	n/a	n/a	STATUS	n/a	n/a	D255
499.3520000000	n/a	n/a	STATUS	n/a	n/a	DIN5
499.4040000000	n/a	n/a	STATUS	n/a	n/a	D255
499.7320000000	n/a	n/a	STATUS	n/a	n/a	D191
499.7840000000	n/a	n/a	STATUS	n/a	n/a	D255
499.8200000000	n/a	n/a	STATUS	n/a	n/a	DI52
499.8720000000	n/a	n/a	STATUS	n/a	n/a	D255
500.4280000000	n/a	n/a	STATUS	n/a	n/a	DI42
500.4760000000	n/a	n/a	STATUS	n/a	n/a	D255
500.7360000000	n/a	n/a	STATUS	n/a	n/a	DIN5
500.7880000000	n/a	n/a	STATUS	n/a	n/a	D255
501.1000000000	n/a	n/a	STATUS	n/a	n/a	D199
501.1520000000	n/a	n/a	STATUS	n/a	n/a	D255
501.1880000000	n/a	n/a	STATUS	n/a	n/a	DI54
501.2400000000	n/a	n/a	STATUS	n/a	n/a	D255
501.5240000000	n/a	n/a	STATUS	n/a	n/a	DI34
501.5720000000	n/a	n/a	STATUS	n/a	n/a	D255
501.8320000000	n/a	n/a	STATUS	n/a	n/a	DIN5
501.8840000000	n/a	n/a	STATUS	n/a	n/a	D255
502.3480000000	n/a	n/a	STATUS	n/a	n/a	D116
502.3960000000	n/a	n/a	STATUS	n/a	n/a	D255
502.4360000000	n/a	n/a	STATUS	n/a	n/a	DI52
502.4840000000	n/a	n/a	STATUS	n/a	n/a	D255
502.7640000000	n/a	n/a	STATUS	n/a	n/a	DI12
502.8120000000	n/a	n/a	STATUS	n/a	n/a	D255
502.8160000000	n/a	n/a	STATUS	n/a	n/a	DIN4
502.8680000000	n/a	n/a	STATUS	n/a	n/a	D255
503.6200000000	n/a	n/a	STATUS	n/a	n/a	DIN5
503.6720000000	n/a	n/a	STATUS	n/a	n/a	D255
503.6720000000	n/a	n/a	STATUS	n/a	n/a	D231
504.0520000000	n/a	n/a	STATUS	n/a	n/a	D224
504.1000000000	n/a	n/a	STATUS	n/a	n/a	D255
504.1400000000	n/a	n/a	STATUS	n/a	n/a	DI54
504.1880000000	n/a	n/a	STATUS	n/a	n/a	D255
504.5040000000	n/a	n/a	STATUS	n/a	n/a	DI34
504.5520000000	n/a	n/a	STATUS	n/a	n/a	D255
528.4360000000	n/a	n/a	STATUS	n/a	n/a	DIN5
528.4880000000	n/a	n/a	STATUS	n/a	n/a	D255
528.7960000000	n/a	n/a	STATUS	n/a	n/a	D147
528.8480000000	n/a	n/a	STATUS	n/a	n/a	D255
528.8840000000	n/a	n/a	STATUS	n/a	n/a	DI53
528.9320000000	n/a	n/a	STATUS	n/a	n/a	D255
529.2680000000	n/a	n/a	STATUS	n/a	n/a	DI43
529.3160000000	n/a	n/a	STATUS	n/a	n/a	D255
529.5760000000	n/a	n/a	STATUS	n/a	n/a	DIN5
529.6240000000	n/a	n/a	STATUS	n/a	n/a	D255
529.9920000000	n/a	n/a	STATUS	n/a	n/a	D218
530.0400000000	n/a	n/a	STATUS	n/a	n/a	D255
530.0800000000	n/a	n/a	STATUS	n/a	n/a	DI53
530.1280000000	n/a	n/a	STATUS	n/a	n/a	D255
530.3840000000	n/a	n/a	STATUS	n/a	n/a	DI43
530.4320000000	n/a	n/a	STATUS	n/a	n/a	D255
530.6920000000	n/a	n/a	STATUS	n/a	n/a	DIN5
530.7400000000	n/a	n/a	STATUS	n/a	n/a	D255
531.1200000000	n/a	n/a	STATUS	n/a	n/a	D184
531.1720000000	n/a	n/a	STATUS	n/a	n/a	D255
531.2080000000	n/a	n/a	STATUS	n/a	n/a	DI54
531.2600000000	n/a	n/a	STATUS	n/a	n/a	D255
531.5400000000	n/a	n/a	STATUS	n/a	n/a	DI34
531.5880000000	n/a	n/a	STATUS	n/a	n/a	D255
531.8480000000	n/a	n/a	STATUS	n/a	n/a	DIN5
531.9000000000	n/a	n/a	STATUS	n/a	n/a	D255
532.2840000000	n/a	n/a	STATUS	n/a	n/a	D150
532.3320000000	n/a	n/a	STATUS	n/a	n/a	D255
532.3720000000	n/a	n/a	STATUS	n/a	n/a	DI54
532.4200000000	n/a	n/a	STATUS	n/a	n/a	D255
532.7040000000	n/a	n/a	STATUS	n/a	n/a	DI34
532.7560000000	n/a	n/a	STATUS	n/a	n/a	D255
533.0160000000	n/a	n/a	STATUS	n/a	n/a	DIN5
533.0640000000	n/a	n/a	STATUS	n/a	n/a	D255
533.5680000000	n/a	n/a	STATUS	n/a	n/a	D166
533.6200000000	n/a	n/a	STATUS	n/a	n/a	D255
533.6560000000	n/a	n/a	STATUS	n/a	n/a	DI51
533.7080000000	n/a	n/a	STATUS	n/a	n/a	D255
533.9040000000	n/a	n/a	STATUS	n/a	n/a	DI21
533.9520000000	n/a	n/a	STATUS	n/a	n/a	D255
533.9600000000	n/a	n/a	STATUS	n/a	n/a	DIN4
534.0080000000	n/a	n/a	STATUS	n/a	n/a	D255
534.7640000000	n/a	n/a	STATUS	n/a	n/a	DIN5
534.8120000000	n/a	n/a	STATUS	n/a	n/a	D255
535.2560000000	n/a	n/a	STATUS	n/a	n/a	D112
535.3080000000	n/a	n/a	STATUS	n/a	n/a	D255
535.3480000000	n/a	n/a	STATUS	n/a	n/a	DI52
535.3960000000	n/a	n/a	STATUS	n/a	n/a	D255
535.9280000000	n/a	n/a	STATUS	n/a	n/a	DI12
535.9800000000	n/a	n/a	STATUS	n/a	n/a	D255
535.9840000000	n/a	n/a	STATUS	n/a	n/a	DIN4
536.0320000000	n/a	n/a	STATUS	n/a	n/a	D255
536.7880000000	n/a	n/a	STATUS	n/a	n/a	DIN5
536.8400000000	n/a	n/a	STATUS	n/a	n/a	D255
537.2840000000	n/a	n/a	STATUS	n/a	n/a	DI68
537.3320000000	n/a	n/a	STATUS	n/a	n/a	D255
537.3720000000	n/a	n/a	STATUS	n/a	n/a	DI52
537.4200000000	n/a	n/a	STATUS	n/a	n/a	D255
537.7840000000	n/a	n/a	STATUS	n/a	n/a	DI42
537.8360000000	n/a	n/a	STATUS	n/a	n/a	D255
538.0960000000	n/a	n/a	STATUS	n/a	n/a	DIN5
538.1440000000	n/a	n/a	STATUS	n/a	n/a	D255
538.6040000000	n/a	n/a	STATUS	n/a	n/a	D132
538.6560000000	n/a	n/a	STATUS	n/a	n/a	D255
538.6920000000	n/a	n/a	STATUS	n/a	n/a	DI51
538.7400000000	n/a	n/a	STATUS	n/a	n/a	D255
539.1000000000	n/a	n/a	STATUS	n/a	n/a	DI31
539.1480000000	n/a	n/a	STATUS	n/a	n/a	D255
539.4080000000	n/a	n/a	STATUS	n/a	n/a	DIN5
539.4560000000	n/a	n/a	STATUS	n/a	n/a	D255
539.8360000000	n/a	n/a	STATUS	n/a	n/a	D138
539.8880000000	n/a	n/a	STATUS	n/a	n/a	D255
539.9240000000	n/a	n/a	STATUS	n/a	n/a	DI54
539.9760000000	n/a	n/a	STATUS	n/a	n/a	D255
540.2640000000	n/a	n/a	STATUS	n/a	n/a	DI34
540.3160000000	n/a	n/a	STATUS	n/a	n/a	D255
540.5760000000	n/a	n/a	STATUS	n/a	n/a	DIN5
540.6240000000	n/a	n/a	STATUS	n/a	n/a	D255
540.9960000000	n/a	n/a	STATUS	n/a	n/a	D149
541.0440000000	n/a	n/a	STATUS	n/a	n/a	D255
541.0840000000	n/a	n/a	STATUS	n/a	n/a	DI52
541.1320000000	n/a	n/a	STATUS	n/a	n/a	D255
541.5000000000	n/a	n/a	STATUS	n/a	n/a	DI42
541.5480000000	n/a	n/a	STATUS	n/a	n/a	D255
541.8080000000	n/a	n/a	STATUS	n/a	n/a	DIN5
541.8560000000	n/a	n/a	STATUS	n/a	n/a	D255
542.2000000000	n/a	n/a	STATUS	n/a	n/a	D100
542.2520000000	n/a	n/a	STATUS	n/a	n/a	D255
542.2880000000	n/a	n/a	STATUS	n/a	n/a	DI53
542.3400000000	n/a	n/a	STATUS	n/a	n/a	D255
542.6360000000	n/a	n/a	STATUS	n/a	n/a	DI43
542.6880000000	n/a	n/a	STATUS	n/a	n/a	D255
542.9440000000	n/a	n/a	STATUS	n/a	n/a	DIN5
542.9960000000	n/a	n/a	STATUS	n/a	n/a	D255
543.4840000000	n/a	n/a	STATUS	n/a	n/a	D171
543.5360000000	n/a	n/a	STATUS	n/a	n/a	D255
543.5720000000	n/a	n/a	STATUS	n/a	n/a	DI52
543.6240000000	n/a	n/a	STATUS	n/a	n/a	D255
543.9680000000	n/a	n/a	STATUS	n/a	n/a	DI42
544.0160000000	n/a	n/a	STATUS	n/a	n/a	D255
544.2760000000	n/a	n/a	STATUS	n/a	n/a	DIN5
544.3280000000	n/a	n/a	STATUS	n/a	n/a	D255
544.6360000000	n/a	n/a	STATUS	n/a	n/a	D196
544.6840000000	n/a	n/a	STATUS	n/a	n/a	D255
544.7240000000	n/a	n/a	STATUS	n/a	n/a	DI53
544.7760000000	n/a	n/a	STATUS	n/a	n/a	D255
545.0840000000	n/a	n/a	STATUS	n/a	n/a	DI43
545.1360000000	n/a	n/a	STATUS	n/a	n/a	D255
545.3920000000	n/a	n/a	STATUS	n/a	n/a	DIN5
545.4440000000	n/a	n/a	STATUS	n/a	n/a	D255
545.8960000000	n/a	n/a	STATUS	n/a	n/a	D145
545.9480000000	n/a	n/a	STATUS	n/a	n/a	D255
545.9840000000	n/a	n/a	STATUS	n/a	n/a	DI54
546.0360000000	n/a	n/a	STATUS	n/a	n/a	D255
546.2960000000	n/a	n/a	STATUS	n/a	n/a	DI34
546.3480000000	n/a	n/a	STATUS	n/a	n/a	D255
546.6080000000	n/a	n/a	STATUS	n/a	n/a	DIN5
546.6560000000	n/a	n/a	STATUS	n/a	n/a	D255
547.0680000000	n/a	n/a	STATUS	n/a	n/a	D239
547.1160000000	n/a	n/a	STATUS	n/a	n/a	D255
547.1560000000	n/a	n/a	STATUS	n/a	n/a	DI52
547.2040000000	n/a	n/a	STATUS	n/a	n/a	D255
547.5920000000	n/a	n/a	STATUS	n/a	n/a	DI42
547.6440000000	n/a	n/a	STATUS	n/a	n/a	D255
547.9040000000	n/a	n/a	STATUS	n/a	n/a	DIN5
547.9520000000	n/a	n/a	STATUS	n/a	n/a	D255
548.4280000000	n/a	n/a	STATUS	n/a	n/a	DI65
548.4800000000	n/a	n/a	STATUS	n/a	n/a	D255
548.5160000000	n/a	n/a	STATUS	n/a	n/a	DI53
548.5640000000	n/a	n/a	STATUS	n/a	n/a	D255
548.8320000000	n/a	n/a	STATUS	n/a	n/a	DI43
548.8800000000	n/a	n/a	STATUS	n/a	n/a	D255
549.1400000000	n/a	n/a	STATUS	n/a	n/a	DIN5
549.1920000000	n/a	n/a	STATUS	n/a	n/a	D255
549.5920000000	n/a	n/a	STATUS	n/a	n/a	D163
549.6400000000	n/a	n/a	STATUS	n/a	n/a	D255
549.6800000000	n/a	n/a	STATUS	n/a	n/a	DI51
549.7280000000	n/a	n/a	STATUS	n/a	n/a	D255
550.0600000000	n/a	n/a	STATUS	n/a	n/a	DI31
550.1120000000	n/a	n/a	STATUS	n/a	n/a	D255
550.3680000000	n/a	n/a	STATUS	n/a	n/a	DIN5
550.4200000000	n/a	n/a	STATUS	n/a	n/a	D255
550.7920000000	n/a	n/a	STATUS	n/a	n/a	D124
550.8400000000	n/a	n/a	STATUS	n/a	n/a	D255
550.8800000000	n/a	n/a	STATUS	n/a	n/a	DI53
550.9280000000	n/a	n/a	STATUS	n/a	n/a	D255
551.1920000000	n/a	n/a	STATUS	n/a	n/a	DI43
551.2400000000	n/a	n/a	STATUS	n/a	n/a	D239
551.2440000000	n/a	n/a	STATUS	n/a	n/a	D255
551.5000000000	n/a	n/a	STATUS	n/a	n/a	DIN5
551.5520000000	n/a	n/a	STATUS	n/a	n/a	D255
551.8640000000	n/a	n/a	STATUS	n/a	n/a	D244
551.9160000000	n/a	n/a	STATUS	n/a	n/a	D255
551.9520000000	n/a	n/a	STATUS	n/a	n/a	DI51
552.0040000000	n/a	n/a	STATUS	n/a	n/a	D255
552.4040000000	n/a	n/a	STATUS	n/a	n/a	DI31
552.4520000000	n/a	n/a	STATUS	n/a	n/a	D255
552.7120000000	n/a	n/a	STATUS	n/a	n/a	DIN5
552.7640000000	n/a	n/a	STATUS	n/a	n/a	D255
553.0960000000	n/a	n/a	STATUS	n/a	n/a	D214
553.1480000000	n/a	n/a	STATUS	n/a	n/a	D255
553.1840000000	n/a	n/a	STATUS	n/a	n/a	DI52
553.2320000000	n/a	n/a	STATUS	n/a	n/a	D255
553.6720000000	n/a	n/a	STATUS	n/a	n/a	DI42
553.7240000000	n/a	n/a	STATUS	n/a	n/a	D255
553.9800000000	n/a	n/a	STATUS	n/a	n/a	DIN5
554.0320000000	n/a	n/a	STATUS	n/a	n/a	D255
554.4520000000	n/a	n/a	STATUS	n/a	n/a	D246
554.5000000000	n/a	n/a	STATUS	n/a	n/a	D255
554.5400000000	n/a	n/a	STATUS	n/a	n/a	DI51
554.5880000000	n/a	n/a	STATUS	n/a	n/a	D255
555.0200000000	n/a	n/a	STATUS	n/a	n/a	DI31
555.0720000000	n/a	n/a	STATUS	n/a	n/a	D255
555.3320000000	n/a	n/a	STATUS	n/a	n/a	DIN5
555.3800000000	n/a	n/a	STATUS	n/a	n/a	D255
555.7920000000	n/a	n/a	STATUS	n/a	n/a	D104
555.8400000000	n/a	n/a	STATUS	n/a	n/a	D255
555.8800000000	n/a	n/a	STATUS	n/a	n/a	DI52
555.9280000000	n/a	n/a	STATUS	n/a	n/a	D255
556.2600000000	n/a	n/a	STATUS	n/a	n/a	DI42
556.3080000000	n/a	n/a	STATUS	n/a	n/a	D255
556.5680000000	n/a	n/a	STATUS	n/a	n/a	DIN5
556.6200000000	n/a	n/a	STATUS	n/a	n/a	D255
556.9240000000	n/a	n/a	STATUS	n/a	n/a	D129
556.9720000000	n/a	n/a	STATUS	n/a	n/a	D255
557.0120000000	n/a	n/a	STATUS	n/a	n/a	DI51
557.0600000000	n/a	n/a	STATUS	n/a	n/a	D255
557.4160000000	n/a	n/a	STATUS	n/a	n/a	DI31
557.4680000000	n/a	n/a	STATUS	n/a	n/a	D255
557.7240000000	n/a	n/a	STATUS	n/a	n/a	DIN5
557.7760000000	n/a	n/a	STATUS	n/a	n/a	D255
558.2040000000	n/a	n/a	STATUS	n/a	n/a	DI88
558.2560000000	n/a	n/a	STATUS	n/a	n/a	D255
558.2920000000	n/a	n/a	STATUS	n/a	n/a	DI54
558.3440000000	n/a	n/a	STATUS	n/a	n/a	D255
558.6280000000	n/a	n/a	STATUS	n/a	n/a	DI34
558.6800000000	n/a	n/a	STATUS	n/a	n/a	D255
558.9400000000	n/a	n/a	STATUS	n/a	n/a	DIN5
558.9880000000	n/a	n/a	STATUS	n/a	n/a	D255
559.4240000000	n/a	n/a	STATUS	n/a	n/a	DI93
559.4720000000	n/a	n/a	STATUS	n/a	n/a	D255
559.5080000000	n/a	n/a	STATUS	n/a	n/a	DI54
559.5600000000	n/a	n/a	STATUS	n/a	n/a	D255
559.8640000000	n/a	n/a	STATUS	n/a	n/a	DI34
559.9160000000	n/a	n/a	STATUS	n/a	n/a	D255
560.1720000000	n/a	n/a	STATUS	n/a	n/a	DIN5
560.2240000000	n/a	n/a	STATUS	n/a	n/a	D255
560.5840000000	n/a	n/a	STATUS	n/a	n/a	D209
560.6320000000	n/a	n/a	STATUS	n/a	n/a	D255
560.6720000000	n/a	n/a	STATUS	n/a	n/a	DI52
560.7200000000	n/a	n/a	STATUS	n/a	n/a	D255
561.0560000000	n/a	n/a	STATUS	n/a	n/a	DI42
561.1040000000	n/a	n/a	STATUS	n/a	n/a	D255
561.3640000000	n/a	n/a	STATUS	n/a	n/a	DIN5
561.4160000000	n/a	n/a	STATUS	n/a	n/a	D255
561.7600000000	n/a	n/a	STATUS	n/a	n/a	D220
561.8080000000	n/a	n/a	STATUS	n/a	n/a	D255
561.8480000000	n/a	n/a	STATUS	n/a	n/a	DI51
561.8960000000	n/a	n/a	STATUS	n/a	n/a	D255
562.2840000000	n/a	n/a	STATUS	n/a	n/a	DI21
562.3360000000	n/a	n/a	STATUS	n/a	n/a	D255
562.3400000000	n/a	n/a	STATUS	n/a	n/a	DIN4
562.3920000000	n/a	n/a	STATUS	n/a	n/a	D255
563.1440000000	n/a	n/a	STATUS	n/a	n/a	DIN5
563.1960000000	n/a	n/a	STATUS	n/a	n/a	D255
563.7000000000	n/a	n/a	STATUS	n/a	n/a	D195
563.7520000000	n/a	n/a	STATUS	n/a	n/a	D255
563.7880000000	n/a	n/a	STATUS	n/a	n/a	DI53
563.8400000000	n/a	n/a	STATUS	n/a	n/a	D255
564.1360000000	n/a	n/a	STATUS	n/a	n/a	DI43
564.1880000000	n/a	n/a	STATUS	n/a	n/a	D255
564.4480000000	n/a	n/a	STATUS	n/a	n/a	DIN5
564.4960000000	n/a	n/a	STATUS	n/a	n/a	D255
564.9480000000	n/a	n/a	STATUS	n/a	n/a	D161
564.9960000000	n/a	n/a	STATUS	n/a	n/a	D255
565.0320000000	n/a	n/a	STATUS	n/a	n/a	DI53
565.0840000000	n/a	n/a	STATUS	n/a	n/a	D255
565.4360000000	n/a	n/a	STATUS	n/a	n/a	DI43
565.4880000000	n/a	n/a	STATUS	n/a	n/a	D255
565.7480000000	n/a	n/a	STATUS	n/a	n/a	DIN5
565.7960000000	n/a	n/a	STATUS	n/a	n/a	D255
566.2000000000	n/a	n/a	STATUS	n/a	n/a	D130
566.2520000000	n/a	n/a	STATUS	n/a	n/a	D255
566.2880000000	n/a	n/a	STATUS	n/a	n/a	DI52
566.3400000000	n/a	n/a	STATUS	n/a	n/a	D255
566.7680000000	n/a	n/a	STATUS	n/a	n/a	DI42
566.8160000000	n/a	n/a	STATUS	n/a	n/a	D255
567.0760000000	n/a	n/a	STATUS	n/a	n/a	DIN5
567.1280000000	n/a	n/a	STATUS	n/a	n/a	D255
567.5840000000	n/a	n/a	STATUS	n/a	n/a	DI90
567.6360000000	n/a	n/a	STATUS	n/a	n/a	D255
567.6720000000	n/a	n/a	STATUS	n/a	n/a	DI51
567.7240000000	n/a	n/a	STATUS	n/a	n/a	D255
568.1320000000	n/a	n/a	STATUS	n/a	n/a	DI31
568.1840000000	n/a	n/a	STATUS	n/a	n/a	D255
568.4440000000	n/a	n/a	STATUS	n/a	n/a	DIN5
568.4920000000	n/a	n/a	STATUS	n/a	n/a	D255
568.9840000000	n/a	n/a	STATUS	n/a	n/a	D230
569.0320000000	n/a	n/a	STATUS	n/a	n/a	D255
569.0680000000	n/a	n/a	STATUS	n/a	n/a	DI51
569.1200000000	n/a	n/a	STATUS	n/a	n/a	D255
569.4880000000	n/a	n/a	STATUS	n/a	n/a	DI31
569.5360000000	n/a	n/a	STATUS	n/a	n/a	D255
569.7960000000	n/a	n/a	STATUS	n/a	n/a	DIN5
569.8480000000	n/a	n/a	STATUS	n/a	n/a	D255
570.2440000000	n/a	n/a	STATUS	n/a	n/a	D123
570.2960000000	n/a	n/a	STATUS	n/a	n/a	D255
570.3320000000	n/a	n/a	STATUS	n/a	n/a	DI51
570.3840000000	n/a	n/a	STATUS	n/a	n/a	D255
570.7440000000	n/a	n/a	STATUS	n/a	n/a	DI31
570.7960000000	n/a	n/a	STATUS	n/a	n/a	D255
571.0560000000	n/a	n/a	STATUS	n/a	n/a	DIN5
571.1040000000	n/a	n/a	STATUS	n/a	n/a	D255
571.4200000000	n/a	n/a	STATUS	n/a	n/a	D117
571.4680000000	n/a	n/a	STATUS	n/a	n/a	D255
571.5080000000	n/a	n/a	STATUS	n/a	n/a	DI51
571.5560000000	n/a	n/a	STATUS	n/a	n/a	D255
571.9120000000	n/a	n/a	STATUS	n/a	n/a	DI31
571.9600000000	n/a	n/a	STATUS	n/a	n/a	D255
572.2200000000	n/a	n/a	STATUS	n/a	n/a	DIN5
572.2720000000	n/a	n/a	STATUS	n/a	n/a	D255
572.7160000000	n/a	n/a	STATUS	n/a	n/a	DI78
572.7640000000	n/a	n/a	STATUS	n/a	n/a	D255
572.8040000000	n/a	n/a	STATUS	n/a	n/a	DI54
572.8520000000	n/a	n/a	STATUS	n/a	n/a	D255
573.1800000000	n/a	n/a	STATUS	n/a	n/a	DI34
573.2280000000	n/a	n/a	STATUS	n/a	n/a	D255
573.4880000000	n/a	n/a	STATUS	n/a	n/a	DIN5
573.5400000000	n/a	n/a	STATUS	n/a	n/a	D255
573.9200000000	n/a	n/a	STATUS	n/a	n/a	D165
573.9680000000	n/a	n/a	STATUS	n/a	n/a	D255
574.0040000000	n/a	n/a	STATUS	n/a	n/a	DI52
574.0560000000	n/a	n/a	STATUS	n/a	n/a	D255
574.3920000000	n/a	n/a	STATUS	n/a	n/a	DI12
574.4400000000	n/a	n/a	STATUS	n/a	n/a	D255
574.4440000000	n/a	n/a	STATUS	n/a	n/a	DIN4
574.4960000000	n/a	n/a	STATUS	n/a	n/a	D255
575.2520000000	n/a	n/a	STATUS	n/a	n/a	DIN5
575.3000000000	n/a	n/a	STATUS	n/a	n/a	D255
575.6440000000	n/a	n/a	STATUS	n/a	n/a	D228
575.6960000000	n/a	n/a	STATUS	n/a	n/a	D255
575.7320000000	n/a	n/a	STATUS	n/a	n/a	DI54
575.7840000000	n/a	n/a	STATUS	n/a	n/a	D255
576.0800000000	n/a	n/a	STATUS	n/a	n/a	DI34
576.1320000000	n/a	n/a	STATUS	n/a	n/a	D255
576.3880000000	n/a	n/a	STATUS	n/a	n/a	DIN5
576.4400000000	n/a	n/a	STATUS	n/a	n/a	D255
576.7880000000	n/a	n/a	STATUS	n/a	n/a	D254
576.8400000000	n/a	n/a	STATUS	n/a	n/a	D255
576.8760000000	n/a	n/a	STATUS	n/a	n/a	DI54
576.9280000000	n/a	n/a	STATUS	n/a	n/a	D255
577.2600000000	n/a	n/a	STATUS	n/a	n/a	DI34
577.3120000000	n/a	n/a	STATUS	n/a	n/a	D255
577.5680000000	n/a	n/a	STATUS	n/a	n/a	DIN5
577.6200000000	n/a	n/a	STATUS	n/a	n/a	D255
578.0600000000	n/a	n/a	STATUS	n/a	n/a	DI91
578.1080000000	n/a	n/a	STATUS	n/a	n/a	D255
578.1480000000	n/a	n/a	STATUS	n/a	n/a	DI52
578.1960000000	n/a	n/a	STATUS	n/a	n/a	D255
578.5400000000	n/a	n/a	STATUS	n/a	n/a	DI42
578.5880000000	n/a	n/a	STATUS	n/a	n/a	D255
578.8480000000	n/a	n/a	STATUS	n/a	n/a	DIN5
578.9000000000	n/a	n/a	STATUS	n/a	n/a	D255
579.3320000000	n/a	n/a	STATUS	n/a	n/a	D159
579.3840000000	n/a	n/a	STATUS	n/a	n/a	D255
579.4200000000	n/a	n/a	STATUS	n/a	n/a	DI52
579.4720000000	n/a	n/a	STATUS	n/a	n/a	D255
580.0120000000	n/a	n/a	STATUS	n/a	n/a	DI42
580.0600000000	n/a	n/a	STATUS	n/a	n/a	D255
580.3200000000	n/a	n/a	STATUS	n/a	n/a	DIN5
580.3720000000	n/a	n/a	STATUS	n/a	n/a	D255
580.7240000000	n/a	n/a	STATUS	n/a	n/a	D160
580.7760000000	n/a	n/a	STATUS	n/a	n/a	D255
580.8120000000	n/a	n/a	STATUS	n/a	n/a	DI54
580.8640000000	n/a	n/a	STATUS	n/a	n/a	D255
581.1800000000	n/a	n/a	STATUS	n/a	n/a	DI34
581.2320000000	n/a	n/a	STATUS	n/a	n/a	D255
581.4920000000	n/a	n/a	STATUS	n/a	n/a	DIN5
581.5400000000	n/a	n/a	STATUS	n/a	n/a	D255
581.9400000000	n/a	n/a	STATUS	n/a	n/a	D142
581.9920000000	n/a	n/a	STATUS	n/a	n/a	D255
582.0280000000	n/a	n/a	STATUS	n/a	n/a	DI54
582.0760000000	n/a	n/a	STATUS	n/a	n/a	D255
582.4080000000	n/a	n/a	STATUS	n/a	n/a	DI34
582.4600000000	n/a	n/a	STATUS	n/a	n/a	D255
582.7160000000	n/a	n/a	STATUS	n/a	n/a	DIN5
582.7680000000	n/a	n/a	STATUS	n/a	n/a	D255
583.0880000000	n/a	n/a	STATUS	n/a	n/a	D157
583.1360000000	n/a	n/a	STATUS	n/a	n/a	D255
583.1760000000	n/a	n/a	STATUS	n/a	n/a	DI54
583.2280000000	n/a	n/a	STATUS	n/a	n/a	D255
583.5680000000	n/a	n/a	STATUS	n/a	n/a	DI34
583.6200000000	n/a	n/a	STATUS	n/a	n/a	D255
583.8760000000	n/a	n/a	STATUS	n/a	n/a	DIN5
583.9280000000	n/a	n/a	STATUS	n/a	n/a	D255
584.2880000000	n/a	n/a	STATUS	n/a	n/a	D231
584.3360000000	n/a	n/a	STATUS	n/a	n/a	D255
584.3760000000	n/a	n/a	STATUS	n/a	n/a	DI52
584.4280000000	n/a	n/a	STATUS	n/a	n/a	D255
584.8120000000	n/a	n/a	STATUS	n/a	n/a	DI42
584.8640000000	n/a	n/a	STATUS	n/a	n/a	D255
585.1240000000	n/a	n/a	STATUS	n/a	n/a	DIN5
585.1720000000	n/a	n/a	STATUS	n/a	n/a	D255
585.6520000000	n/a	n/a	STATUS	n/a	n/a	DI80
585.7000000000	n/a	n/a	STATUS	n/a	n/a	D255
585.7400000000	n/a	n/a	STATUS	n/a	n/a	DI53
585.7880000000	n/a	n/a	STATUS	n/a	n/a	D255
586.0720000000	n/a	n/a	STATUS	n/a	n/a	DI43
586.1200000000	n/a	n/a	STATUS	n/a	n/a	D255
586.3800000000	n/a	n/a	STATUS	n/a	n/a	DIN5
586.4320000000	n/a	n/a	STATUS	n/a	n/a	D255
586.8960000000	n/a	n/a	STATUS	n/a	n/a	D108
586.9480000000	n/a	n/a	STATUS	n/a	n/a	D255
586.9840000000	n/a	n/a	STATUS	n/a	n/a	DI53
587.0320000000	n/a	n/a	STATUS	n/a	n/a	D255
587.3600000000	n/a	n/a	STATUS	n/a	n/a	DI43
587.4120000000	n/a	n/a	STATUS	n/a	n/a	D255
587.6720000000	n/a	n/a	STATUS	n/a	n/a	DIN5
587.7200000000	n/a	n/a	STATUS	n/a	n/a	D255
588.0800000000	n/a	n/a	STATUS	n/a	n/a	DI79
588.1320000000	n/a	n/a	STATUS	n/a	n/a	D255
588.1680000000	n/a	n/a	STATUS	n/a	n/a	DI54
588.2200000000	n/a	n/a	STATUS	n/a	n/a	D255
588.5440000000	n/a	n/a	STATUS	n/a	n/a	DI34
588.5920000000	n/a	n/a	STATUS	n/a	n/a	D255
588.8520000000	n/a	n/a	STATUS	n/a	n/a	DIN5
588.9000000000	n/a	n/a	STATUS	n/a	n/a	D255
589.2840000000	n/a	n/a	STATUS	n/a	n/a	D146
589.3360000000	n/a	n/a	STATUS	n/a	n/a	D255
589.3760000000	n/a	n/a	STATUS	n/a	n/a	DI54
589.4240000000	n/a	n/a	STATUS	n/a	n/a	D255
589.7120000000	n/a	n/a	STATUS	n/a	n/a	DI34
589.7640000000	n/a	n/a	STATUS	n/a	n/a	D255
590.0240000000	n/a	n/a	STATUS	n/a	n/a	DIN5
590.0720000000	n/a	n/a	STATUS	n/a	n/a	D255
590.4800000000	n/a	n/a	STATUS	n/a	n/a	DI85
590.5280000000	n/a	n/a	STATUS	n/a	n/a	D255
590.5680000000	n/a	n/a	STATUS	n/a	n/a	DI53
590.6160000000	n/a	n/a	STATUS	n/a	n/a	D255
590.8560000000	n/a	n/a	STATUS	n/a	n/a	DI43
590.9040000000	n/a	n/a	STATUS	n/a	n/a	D255
591.1640000000	n/a	n/a	STATUS	n/a	n/a	DIN5
591.2160000000	n/a	n/a	STATUS	n/a	n/a	D255
591.6640000000	n/a	n/a	STATUS	n/a	n/a	D111
591.7160000000	n/a	n/a	STATUS	n/a	n/a	D255
591.7520000000	n/a	n/a	STATUS	n/a	n/a	DI52
591.8000000000	n/a	n/a	STATUS	n/a	n/a	D255
592.1080000000	n/a	n/a	STATUS	n/a	n/a	DI12
592.1560000000	n/a	n/a	STATUS	n/a	n/a	D255
592.1600000000	n/a	n/a	STATUS	n/a	n/a	DIN4
592.2120000000	n/a	n/a	STATUS	n/a	n/a	D255
592.9640000000	n/a	n/a	STATUS	n/a	n/a	DIN5
593.0160000000	n/a	n/a	STATUS	n/a	n/a	D255
593.3640000000	n/a	n/a	STATUS	n/a	n/a	DI94
593.4160000000	n/a	n/a	STATUS	n/a	n/a	D255
593.4520000000	n/a	n/a	STATUS	n/a	n/a	DI51
593.5040000000	n/a	n/a	STATUS	n/a	n/a	D255
594.0560000000	n/a	n/a	STATUS	n/a	n/a	DI31
594.1040000000	n/a	n/a	STATUS	n/a	n/a	D255
594.3640000000	n/a	n/a	STATUS	n/a	n/a	DIN5
594.4160000000	n/a	n/a	STATUS	n/a	n/a	D255
594.9200000000	n/a	n/a	STATUS	n/a	n/a	D127
594.9680000000	n/a	n/a	STATUS	n/a	n/a	D255
595.0080000000	n/a	n/a	STATUS	n/a	n/a	DI54
595.0560000000	n/a	n/a	STATUS	n/a	n/a	D255
595.4200000000	n/a	n/a	STATUS	n/a	n/a	DI34
595.4720000000	n/a	n/a	STATUS	n/a	n/a	D255
595.7320000000	n/a	n/a	STATUS	n/a	n/a	DIN5
595.7800000000	n/a	n/a	STATUS	n/a	n/a	D255
596.2440000000	n/a	n/a	STATUS	n/a	n/a	D252
596.2960000000	n/a	n/a	STATUS	n/a	n/a	D255
596.3320000000	n/a	n/a	STATUS	n/a	n/a	DI54
596.3840000000	n/a	n/a	STATUS	n/a	n/a	D255
596.7160000000	n/a	n/a	STATUS	n/a	n/a	DI34
596.7680000000	n/a	n/a	STATUS	n/a	n/a	D255
597.0280000000	n/a	n/a	STATUS	n/a	n/a	DIN5
597.0760000000	n/a	n/a	STATUS	n/a	n/a	D255
597.4600000000	n/a	n/a	STATUS	n/a	n/a	DI66
597.5120000000	n/a	n/a	STATUS	n/a	n/a	D255
597.5480000000	n/a	n/a	STATUS	n/a	n/a	DI54
597.6000000000	n/a	n/a	STATUS	n/a	n/a	D255
597.9960000000	n/a	n/a	STATUS	n/a	n/a	DI34
598.0440000000	n/a	n/a	STATUS	n/a	n/a	D255
598.3040000000	n/a	n/a	STATUS	n/a	n/a	DIN5
598.3560000000	n/a	n/a	STATUS	n/a	n/a	D255
598.7240000000	n/a	n/a	STATUS	n/a	n/a	DI69
598.7760000000	n/a	n/a	STATUS	n/a	n/a	D255
598.8120000000	n/a	n/a	STATUS	n/a	n/a	DI51
598.8640000000	n/a	n/a	STATUS	n/a	n/a	D255
599.3680000000	n/a	n/a	STATUS	n/a	n/a	DI31
599.4200000000	n/a	n/a	STATUS	n/a	n/a	D255
599.6800000000	n/a	n/a	STATUS	n/a	n/a	DIN5
599.7280000000	n/a	n/a	STATUS	n/a	n/a	D255
600.0640000000	n/a	n/a	STATUS	n/a	n/a	D152
600.1120000000	n/a	n/a	STATUS	n/a	n/a	D255
600.1520000000	n/a	n/a	STATUS	n/a	n/a	DI51
600.2000000000	n/a	n/a	STATUS	n/a	n/a	D255
600.5840000000	n/a	n/a	STATUS	n/a	n/a	DI31
600.6360000000	n/a	n/a	STATUS	n/a	n/a	D255
600.8960000000	n/a	n/a	STATUS	n/a	n/a	DIN5
600.9440000000	n/a	n/a	STATUS	n/a	n/a	D255
601.2880000000	n/a	n/a	STATUS	n/a	n/a	D141
601.3400000000	n/a	n/a	STATUS	n/a	n/a	D255
601.3760000000	n/a	n/a	STATUS	n/a	n/a	DI54
601.4280000000	n/a	n/a	STATUS	n/a	n/a	D255
601.7240000000	n/a	n/a	STATUS	n/a	n/a	DI34
601.7760000000	n/a	n/a	STATUS	n/a	n/a	D255
602.0320000000	n/a	n/a	STATUS	n/a	n/a	DIN5
602.0840000000	n/a	n/a	STATUS	n/a	n/a	D255
602.5520000000	n/a	n/a	STATUS	n/a	n/a	DI86
602.6040000000	n/a	n/a	STATUS	n/a	n/a	D255
602.6400000000	n/a	n/a	STATUS	n/a	n/a	DI53
602.6920000000	n/a	n/a	STATUS	n/a	n/a	D255
602.9600000000	n/a	n/a	STATUS	n/a	n/a	DI43
603.0120000000	n/a	n/a	STATUS	n/a	n/a	D255
603.2680000000	n/a	n/a	STATUS	n/a	n/a	DIN5
603.3200000000	n/a	n/a	STATUS	n/a	n/a	D255
603.6720000000	n/a	n/a	STATUS	n/a	n/a	D179
603.7240000000	n/a	n/a	STATUS	n/a	n/a	D255
603.7600000000	n/a	n/a	STATUS	n/a	n/a	DI51
603.8120000000	n/a	n/a	STATUS	n/a	n/a	D255
604.2520000000	n/a	n/a	STATUS	n/a	n/a	DI31
604.3000000000	n/a	n/a	STATUS	n/a	n/a	D255
604.5600000000	n/a	n/a	STATUS	n/a	n/a	DIN5
604.6120000000	n/a	n/a	STATUS	n/a	n/a	D255
604.9600000000	n/a	n/a	STATUS	n/a	n/a	D122
605.0080000000	n/a	n/a	STATUS	n/a	n/a	D255
605.0480000000	n/a	n/a	STATUS	n/a	n/a	DI52
605.0960000000	n/a	n/a	STATUS	n/a	n/a	D255
605.4400000000	n/a	n/a	STATUS	n/a	n/a	DI42
605.4920000000	n/a	n/a	STATUS	n/a	n/a	D255
605.7520000000	n/a	n/a	STATUS	n/a	n/a	DIN5
605.8000000000	n/a	n/a	STATUS	n/a	n/a	D255
606.2280000000	n/a	n/a	STATUS	n/a	n/a	DI82
606.2800000000	n/a	n/a	STATUS	n/a	n/a	D255
606.3160000000	n/a	n/a	STATUS	n/a	n/a	DI51
606.3680000000	n/a	n/a	STATUS	n/a	n/a	D255
606.8000000000	n/a	n/a	STATUS	n/a	n/a	DI31
606.8480000000	n/a	n/a	STATUS	n/a	n/a	D255
607.1080000000	n/a	n/a	STATUS	n/a	n/a	DIN5
607.1600000000	n/a	n/a	STATUS	n/a	n/a	D255
607.5280000000	n/a	n/a	STATUS	n/a	n/a	D237
607.5800000000	n/a	n/a	STATUS	n/a	n/a	D255
607.6160000000	n/a	n/a	STATUS	n/a	n/a	DI52
607.6680000000	n/a	n/a	STATUS	n/a	n/a	D255
608.0640000000	n/a	n/a	STATUS	n/a	n/a	DI42
608.1120000000	n/a	n/a	STATUS	n/a	n/a	D255
608.3720000000	n/a	n/a	STATUS	n/a	n/a	DIN5
608.4240000000	n/a	n/a	STATUS	n/a	n/a	D255
608.7680000000	n/a	n/a	STATUS	n/a	n/a	D200
608.8160000000	n/a	n/a	STATUS	n/a	n/a	D255
608.8560000000	n/a	n/a	STATUS	n/a	n/a	DI51
608.9040000000	n/a	n/a	STATUS	n/a	n/a	D255
609.3800000000	n/a	n/a	STATUS	n/a	n/a	DI31
609.4320000000	n/a	n/a	STATUS	n/a	n/a	D255
609.6920000000	n/a	n/a	STATUS	n/a	n/a	DIN5
609.7400000000	n/a	n/a	STATUS	n/a	n/a	D255
610.1560000000	n/a	n/a	STATUS	n/a	n/a	D245
610.2040000000	n/a	n/a	STATUS	n/a	n/a	D255
610.2440000000	n/a	n/a	STATUS	n/a	n/a	DI52
610.2920000000	n/a	n/a	STATUS	n/a	n/a	D255
610.6240000000	n/a	n/a	STATUS	n/a	n/a	DI42
610.6720000000	n/a	n/a	STATUS	n/a	n/a	D255
610.9320000000	n/a	n/a	STATUS	n/a	n/a	DIN5
610.9840000000	n/a	n/a	STATUS	n/a	n/a	D255
611.4680000000	n/a	n/a	STATUS	n/a	n/a	D241
611.5160000000	n/a	n/a	STATUS	n/a	n/a	D255
611.5560000000	n/a	n/a	STATUS	n/a	n/a	DI54
611.6040000000	n/a	n/a	STATUS	n/a	n/a	D255
611.9320000000	n/a	n/a	STATUS	n/a	n/a	DI34
611.9800000000	n/a	n/a	STATUS	n/a	n/a	D255
612.2400000000	n/a	n/a	STATUS	n/a	n/a	DIN5
612.2920000000	n/a	n/a	STATUS	n/a	n/a	D255
612.7800000000	n/a	n/a	STATUS	n/a	n/a	D126
612.8320000000	n/a	n/a	STATUS	n/a	n/a	D255
612.8680000000	n/a	n/a	STATUS	n/a	n/a	DI53
612.9200000000	n/a	n/a	STATUS	n/a	n/a	D255
613.2000000000	n/a	n/a	STATUS	n/a	n/a	DI43
613.2520000000	n/a	n/a	STATUS	n/a	n/a	D255
613.5080000000	n/a	n/a	STATUS	n/a	n/a	DIN5
613.5600000000	n/a	n/a	STATUS	n/a	n/a	D255
614.0400000000	n/a	n/a	STATUS	n/a	n/a	D222
614.0880000000	n/a	n/a	STATUS	n/a	n/a	D255
614.1280000000	n/a	n/a	STATUS	n/a	n/a	DI51
614.1760000000	n/a	n/a	STATUS	n/a	n/a	D255
614.5400000000	n/a	n/a	STATUS	n/a	n/a	DI31
614.5920000000	n/a	n/a	STATUS	n/a	n/a	D255
614.8520000000	n/a	n/a	STATUS	n/a	n/a	DIN5
614.9000000000	n/a	n/a	STATUS	n/a	n/a	D255
615.2560000000	n/a	n/a	STATUS	n/a	n/a	DI70
615.3040000000	n/a	n/a	STATUS	n/a	n/a	D255
615.3440000000	n/a	n/a	STATUS	n/a	n/a	DI54
615.3920000000	n/a	n/a	STATUS	n/a	n/a	D255
615.8120000000	n/a	n/a	STATUS	n/a	n/a	DI34
615.8640000000	n/a	n/a	STATUS	n/a	n/a	D255
616.1240000000	n/a	n/a	STATUS	n/a	n/a	DIN5
616.1720000000	n/a	n/a	STATUS	n/a	n/a	D255
616.6080000000	n/a	n/a	STATUS	n/a	n/a	D201
616.6560000000	n/a	n/a	STATUS	n/a	n/a	D255
616.6920000000	n/a	n/a	STATUS	n/a	n/a	DI54
616.7440000000	n/a	n/a	STATUS	n/a	n/a	D255
617.0600000000	n/a	n/a	STATUS	n/a	n/a	DI34
617.1120000000	n/a	n/a	STATUS	n/a	n/a	D255
617.3680000000	n/a	n/a	STATUS	n/a	n/a	DIN5
617.4200000000	n/a	n/a	STATUS	n/a	n/a	D255
617.8200000000	n/a	n/a	STATUS	n/a	n/a	D107
617.8680000000	n/a	n/a	STATUS	n/a	n/a	D255
617.9080000000	n/a	n/a	STATUS	n/a	n/a	DI53
617.9560000000	n/a	n/a	STATUS	n/a	n/a	D255
618.2440000000	n/a	n/a	STATUS	n/a	n/a	DI43
618.2960000000	n/a	n/a	STATUS	n/a	n/a	D255
618.5520000000	n/a	n/a	STATUS	n/a	n/a	DIN5
618.6040000000	n/a	n/a	STATUS	n/a	n/a	D255
619.0040000000	n/a	n/a	STATUS	n/a	n/a	D139
619.0520000000	n/a	n/a	STATUS	n/a	n/a	D255
619.0920000000	n/a	n/a	STATUS	n/a	n/a	DI51
619.1400000000	n/a	n/a	STATUS	n/a	n/a	D255
619.4200000000	n/a	n/a	STATUS	n/a	n/a	DI21
619.4680000000	n/a	n/a	STATUS	n/a	n/a	D255
619.4720000000	n/a	n/a	STATUS	n/a	n/a	DIN4
619.5240000000	n/a	n/a	STATUS	n/a	n/a	D255
619.5240000000	n/a	n/a	STATUS	n/a	n/a	D229
620.2760000000	n/a	n/a	STATUS	n/a	n/a	DIN5
620.3280000000	n/a	n/a	STATUS	n/a	n/a	D255
620.7280000000	n/a	n/a	STATUS	n/a	n/a	D134
620.7760000000	n/a	n/a	STATUS	n/a	n/a	D255
620.8160000000	n/a	n/a	STATUS	n/a	n/a	DI53
620.8640000000	n/a	n/a	STATUS	n/a	n/a	D255
621.2160000000	n/a	n/a	STATUS	n/a	n/a	DI43
621.2640000000	n/a	n/a	STATUS	n/a	n/a	D255
621.5240000000	n/a	n/a	STATUS	n/a	n/a	DIN5
621.5760000000	n/a	n/a	STATUS	n/a	n/a	D255
621.9480000000	n/a	n/a	STATUS	n/a	n/a	D188
622.0000000000	n/a	n/a	STATUS	n/a	n/a	D255
622.0360000000	n/a	n/a	STATUS	n/a	n/a	DI51
622.0840000000	n/a	n/a	STATUS	n/a	n/a	D255
622.4640000000	n/a	n/a	STATUS	n/a	n/a	DI31
622.5120000000	n/a	n/a	STATUS	n/a	n/a	D255
622.7720000000	n/a	n/a	STATUS	n/a	n/a	DIN5
622.8240000000	n/a	n/a	STATUS	n/a	n/a	D255
623.1640000000	n/a	n/a	STATUS	n/a	n/a	DI84
623.2120000000	n/a	n/a	STATUS	n/a	n/a	D255
623.2520000000	n/a	n/a	STATUS	n/a	n/a	DI53
623.3000000000	n/a	n/a	STATUS	n/a	n/a	D255
623.6640000000	n/a	n/a	STATUS	n/a	n/a	DI43
623.7120000000	n/a	n/a	STATUS	n/a	n/a	D255
623.9720000000	n/a	n/a	STATUS	n/a	n/a	DIN5
624.0240000000	n/a	n/a	STATUS	n/a	n/a	D255
624.4760000000	n/a	n/a	STATUS	n/a	n/a	D186
624.5280000000	n/a	n/a	STATUS	n/a	n/a	D255
624.5640000000	n/a	n/a	STATUS	n/a	n/a	DI54
624.6160000000	n/a	n/a	STATUS	n/a	n/a	D255
624.8800000000	n/a	n/a	STATUS	n/a	n/a	DI34
624.9280000000	n/a	n/a	STATUS	n/a	n/a	D255
625.1880000000	n/a	n/a	STATUS	n/a	n/a	DIN5
625.2400000000	n/a	n/a	STATUS	n/a	n/a	D255
625.6400000000	n/a	n/a	STATUS	n/a	n/a	D173
625.6880000000	n/a	n/a	STATUS	n/a	n/a	D255
625.7280000000	n/a	n/a	STATUS	n/a	n/a	DI51
625.7760000000	n/a	n/a	STATUS	n/a	n/a	D255
626.1760000000	n/a	n/a	STATUS	n/a	n/a	DI31
626.2240000000	n/a	n/a	STATUS	n/a	n/a	D255
626.4840000000	n/a	n/a	STATUS	n/a	n/a	DIN5
626.5360000000	n/a	n/a	STATUS	n/a	n/a	D255
626.9640000000	n/a	n/a	STATUS	n/a	n/a	D101
627.0160000000	n/a	n/a	STATUS	n/a	n/a	D255
627.0520000000	n/a	n/a	STATUS	n/a	n/a	DI52
627.1000000000	n/a	n/a	STATUS	n/a	n/a	D255
627.4680000000	n/a	n/a	STATUS	n/a	n/a	DI42
627.5200000000	n/a	n/a	STATUS	n/a	n/a	D255
627.7800000000	n/a	n/a	STATUS	n/a	n/a	DIN5
627.8280000000	n/a	n/a	STATUS	n/a	n/a	D255
628.3240000000	n/a	n/a	STATUS	n/a	n/a	D213
628.3760000000	n/a	n/a	STATUS	n/a	n/a	D255
628.4120000000	n/a	n/a	STATUS	n/a	n/a	DI53
628.4640000000	n/a	n/a	STATUS	n/a	n/a	D255
628.8480000000	n/a	n/a	STATUS	n/a	n/a	DI43
628.9000000000	n/a	n/a	STATUS	n/a	n/a	D255
629.1600000000	n/a	n/a	STATUS	n/a	n/a	DIN5
629.2080000000	n/a	n/a	STATUS	n/a	n/a	D255
629.6920000000	n/a	n/a	STATUS	n/a	n/a	D162
629.7440000000	n/a	n/a	STATUS	n/a	n/a	D255
629.7800000000	n/a	n/a	STATUS	n/a	n/a	DI52
629.8320000000	n/a	n/a	STATUS	n/a	n/a	D255
630.3400000000	n/a	n/a	STATUS	n/a	n/a	DI42
630.3920000000	n/a	n/a	STATUS	n/a	n/a	D255
630.6480000000	n/a	n/a	STATUS	n/a	n/a	DIN5
630.7000000000	n/a	n/a	STATUS	n/a	n/a	D255
631.1640000000	n/a	n/a	STATUS	n/a	n/a	D176
631.2160000000	n/a	n/a	STATUS	n/a	n/a	D255
631.2520000000	n/a	n/a	STATUS	n/a	n/a	DI54
631.3040000000	n/a	n/a	STATUS	n/a	n/a	D255
631.6320000000	n/a	n/a	STATUS	n/a	n/a	DI34
631.6800000000	n/a	n/a	STATUS	n/a	n/a	D255
631.9400000000	n/a	n/a	STATUS	n/a	n/a	DIN5
631.9920000000	n/a	n/a	STATUS	n/a	n/a	D255
632.3800000000	n/a	n/a	STATUS	n/a	n/a	D169
632.4280000000	n/a	n/a	STATUS	n/a	n/a	D255
632.4680000000	n/a	n/a	STATUS	n/a	n/a	DI52
632.5160000000	n/a	n/a	STATUS	n/a	n/a	D255
632.8720000000	n/a	n/a	STATUS	n/a	n/a	DI42
632.9240000000	n/a	n/a	STATUS	n/a	n/a	D255
633.1800000000	n/a	n/a	STATUS	n/a	n/a	DIN5
633.2320000000	n/a	n/a	STATUS	n/a	n/a	D255
633.5920000000	n/a	n/a	STATUS	n/a	n/a	D133
633.6400000000	n/a	n/a	STATUS	n/a	n/a	D255
633.6800000000	n/a	n/a	STATUS	n/a	n/a	DI53
633.7280000000	n/a	n/a	STATUS	n/a	n/a	D255
634.0840000000	n/a	n/a	STATUS	n/a	n/a	DI43
634.1360000000	n/a	n/a	STATUS	n/a	n/a	D255
634.3920000000	n/a	n/a	STATUS	n/a	n/a	DIN5
634.4440000000	n/a	n/a	STATUS	n/a	n/a	D255
634.9120000000	n/a	n/a	STATUS	n/a	n/a	D204
634.9640000000	n/a	n/a	STATUS	n/a	n/a	D255
635.0000000000	n/a	n/a	STATUS	n/a	n/a	DI52
635.0520000000	n/a	n/a	STATUS	n/a	n/a	D255
635.4880000000	n/a	n/a	STATUS	n/a	n/a	DI42
635.5400000000	n/a	n/a	STATUS	n/a	n/a	D255
635.7960000000	n/a	n/a	STATUS	n/a	n/a	DIN5
635.8480000000	n/a	n/a	STATUS	n/a	n/a	D255
636.2760000000	n/a	n/a	STATUS	n/a	n/a	D217
636.3280000000	n/a	n/a	STATUS	n/a	n/a	D255
636.3640000000	n/a	n/a	STATUS	n/a	n/a	DI51
636.4160000000	n/a	n/a	STATUS	n/a	n/a	D255
636.8040000000	n/a	n/a	STATUS	n/a	n/a	DI31
636.8560000000	n/a	n/a	STATUS	n/a	n/a	D255
637.1120000000	n/a	n/a	STATUS	n/a	n/a	DIN5
637.1640000000	n/a	n/a	STATUS	n/a	n/a	D255
637.6400000000	n/a	n/a	STATUS	n/a	n/a	D168
637.6880000000	n/a	n/a	STATUS	n/a	n/a	D255
637.7280000000	n/a	n/a	STATUS	n/a	n/a	DI53
637.7760000000	n/a	n/a	STATUS	n/a	n/a	D255
638.1480000000	n/a	n/a	STATUS	n/a	n/a	DI43
638.1960000000	n/a	n/a	STATUS	n/a	n/a	D255
638.4560000000	n/a	n/a	STATUS	n/a	n/a	DIN5
638.5080000000	n/a	n/a	STATUS	n/a	n/a	D255
638.8920000000	n/a	n/a	STATUS	n/a	n/a	D151
638.9440000000	n/a	n/a	STATUS	n/a	n/a	D255
638.9800000000	n/a	n/a	STATUS	n/a	n/a	DI51
639.0280000000	n/a	n/a	STATUS	n/a	n/a	D255
639.3720000000	n/a	n/a	STATUS	n/a	n/a	DI31
639.4200000000	n/a	n/a	STATUS	n/a	n/a	D255
639.6800000000	n/a	n/a	STATUS	n/a	n/a	DIN5
639.7320000000	n/a	n/a	STATUS	n/a	n/a	D255
640.1200000000	n/a	n/a	STATUS	n/a	n/a	D137
640.1720000000	n/a	n/a	STATUS	n/a	n/a	D255
640.2080000000	n/a	n/a	STATUS	n/a	n/a	DI53
640.2600000000	n/a	n/a	STATUS	n/a	n/a	D255
640.5440000000	n/a	n/a	STATUS	n/a	n/a	DI43
640.5960000000	n/a	n/a	STATUS	n/a	n/a	D255
640.8520000000	n/a	n/a	STATUS	n/a	n/a	DIN5
640.9040000000	n/a	n/a	STATUS	n/a	n/a	D255
641.4080000000	n/a	n/a	STATUS	n/a	n/a	D121
641.4600000000	n/a	n/a	STATUS	n/a	n/a	D255
641.4960000000	n/a	n/a	STATUS	n/a	n/a	DI54
641.5480000000	n/a	n/a	STATUS	n/a	n/a	D255
641.8280000000	n/a	n/a	STATUS	n/a	n/a	DI34
641.8800000000	n/a	n/a	STATUS	n/a	n/a	D255
642.1400000000	n/a	n/a	STATUS	n/a	n/a	DIN5
642.1880000000	n/a	n/a	STATUS	n/a	n/a	D255
642.6480000000	n/a	n/a	STATUS	n/a	n/a	DI75
642.7000000000	n/a	n/a	STATUS	n/a	n/a	D255
642.7360000000	n/a	n/a	STATUS	n/a	n/a	DI52
642.7880000000	n/a	n/a	STATUS	n/a	n/a	D255
643.1560000000	n/a	n/a	STATUS	n/a	n/a	DI42
643.2080000000	n/a	n/a	STATUS	n/a	n/a	D255
643.4680000000	n/a	n/a	STATUS	n/a	n/a	DIN5
643.5160000000	n/a	n/a	STATUS	n/a	n/a	D255
643.8880000000	n/a	n/a	STATUS	n/a	n/a	D211
643.9360000000	n/a	n/a	STATUS	n/a	n/a	D255
643.9720000000	n/a	n/a	STATUS	n/a	n/a	DI52
644.0240000000	n/a	n/a	STATUS	n/a	n/a	D255
644.3880000000	n/a	n/a	STATUS	n/a	n/a	DI42
644.4400000000	n/a	n/a	STATUS	n/a	n/a	D255
644.7000000000	n/a	n/a	STATUS	n/a	n/a	DIN5
644.7480000000	n/a	n/a	STATUS	n/a	n/a	D255
645.2200000000	n/a	n/a	STATUS	n/a	n/a	D192
645.2680000000	n/a	n/a	STATUS	n/a	n/a	D255
645.3080000000	n/a	n/a	STATUS	n/a	n/a	DI53
645.3560000000	n/a	n/a	STATUS	n/a	n/a	D255
645.6920000000	n/a	n/a	STATUS	n/a	n/a	DI43
645.7400000000	n/a	n/a	STATUS	n/a	n/a	D255
646.0000000000	n/a	n/a	STATUS	n/a	n/a	DIN5
646.0520000000	n/a	n/a	STATUS	n/a	n/a	D255
646.4680000000	n/a	n/a	STATUS	n/a	n/a	D205
646.5200000000	n/a	n/a	STATUS	n/a	n/a	D255
646.5560000000	n/a	n/a	STATUS	n/a	n/a	DI53
646.6080000000	n/a	n/a	STATUS	n/a	n/a	D255
646.9680000000	n/a	n/a	STATUS	n/a	n/a	DI43
647.0160000000	n/a	n/a	STATUS	n/a	n/a	D255
647.2760000000	n/a	n/a	STATUS	n/a	n/a	DIN5
647.3280000000	n/a	n/a	STATUS	n/a	n/a	D255
647.6560000000	n/a	n/a	STATUS	n/a	n/a	D170
647.7040000000	n/a	n/a	STATUS	n/a	n/a	D255
647.7440000000	n/a	n/a	STATUS	n/a	n/a	DI53
647.7920000000	n/a	n/a	STATUS	n/a	n/a	D255
648.1520000000	n/a	n/a	STATUS	n/a	n/a	DI43
648.2000000000	n/a	n/a	STATUS	n/a	n/a	D255
648.2000000000	n/a	n/a	STATUS	n/a	n/a	D235
648.4600000000	n/a	n/a	STATUS	n/a	n/a	DIN5
648.5120000000	n/a	n/a	STATUS	n/a	n/a	D255
648.8440000000	n/a	n/a	STATUS	n/a	n/a	D223
648.8960000000	n/a	n/a	STATUS	n/a	n/a	D255
648.9320000000	n/a	n/a	STATUS	n/a	n/a	DI51
648.9840000000	n/a	n/a	STATUS	n/a	n/a	D255
649.3680000000	n/a	n/a	STATUS	n/a	n/a	DI31
649.4200000000	n/a	n/a	STATUS	n/a	n/a	D255
649.6800000000	n/a	n/a	STATUS	n/a	n/a	DIN5
649.7280000000	n/a	n/a	STATUS	n/a	n/a	D255
650.1320000000	n/a	n/a	STATUS	n/a	n/a	DI76
650.1840000000	n/a	n/a	STATUS	n/a	n/a	D255
650.2200000000	n/a	n/a	STATUS	n/a	n/a	DI52
650.2720000000	n/a	n/a	STATUS	n/a	n/a	D255
650.6480000000	n/a	n/a	STATUS	n/a	n/a	DI42
650.7000000000	n/a	n/a	STATUS	n/a	n/a	D255
650.9600000000	n/a	n/a	STATUS	n/a	n/a	DIN5
651.0080000000	n/a	n/a	STATUS	n/a	n/a	D255
651.3880000000	n/a	n/a	STATUS	n/a	n/a	DI98
651.4400000000	n/a	n/a	STATUS	n/a	n/a	D255
651.4760000000	n/a	n/a	STATUS	n/a	n/a	DI52
651.5280000000	n/a	n/a	STATUS	n/a	n/a	D255
651.8720000000	n/a	n/a	STATUS	n/a	n/a	DI42
651.9200000000	n/a	n/a	STATUS	n/a	n/a	D255
652.1800000000	n/a	n/a	STATUS	n/a	n/a	DIN5
652.2320000000	n/a	n/a	STATUS	n/a	n/a	D255
652.6000000000	n/a	n/a	STATUS	n/a	n/a	D233
652.6520000000	n/a	n/a	STATUS	n/a	n/a	D255
652.6880000000	n/a	n/a	STATUS	n/a	n/a	DI53
652.7400000000	n/a	n/a	STATUS	n/a	n/a	D255
653.1000000000	n/a	n/a	STATUS	n/a	n/a	DI43
653.1520000000	n/a	n/a	STATUS	n/a	n/a	D255
653.4120000000	n/a	n/a	STATUS	n/a	n/a	DIN5
653.4600000000	n/a	n/a	STATUS	n/a	n/a	D255
653.8720000000	n/a	n/a	STATUS	n/a	n/a	DI71
653.9200000000	n/a	n/a	STATUS	n/a	n/a	D255
653.9560000000	n/a	n/a	STATUS	n/a	n/a	DI51
654.0080000000	n/a	n/a	STATUS	n/a	n/a	D255
654.4320000000	n/a	n/a	STATUS	n/a	n/a	DI31
654.4800000000	n/a	n/a	STATUS	n/a	n/a	D255
654.7400000000	n/a	n/a	STATUS	n/a	n/a	DIN5
654.7880000000	n/a	n/a	STATUS	n/a	n/a	D255
655.1240000000	n/a	n/a	STATUS	n/a	n/a	D225
655.1760000000	n/a	n/a	STATUS	n/a	n/a	D255
655.2120000000	n/a	n/a	STATUS	n/a	n/a	DI54
655.2600000000	n/a	n/a	STATUS	n/a	n/a	D255
655.6800000000	n/a	n/a	STATUS	n/a	n/a	DI34
655.7320000000	n/a	n/a	STATUS	n/a	n/a	D255
655.9880000000	n/a	n/a	STATUS	n/a	n/a	DIN5
656.0400000000	n/a	n/a	STATUS	n/a	n/a	D255
656.5160000000	n/a	n/a	STATUS	n/a	n/a	D153
656.5640000000	n/a	n/a	STATUS	n/a	n/a	D255
656.6040000000	n/a	n/a	STATUS	n/a	n/a	DI53
656.6520000000	n/a	n/a	STATUS	n/a	n/a	D255
656.9600000000	n/a	n/a	STATUS	n/a	n/a	DI43
657.0080000000	n/a	n/a	STATUS	n/a	n/a	D255
679.8240000000	n/a	n/a	STATUS	n/a	n/a	DIN5
679.8720000000	n/a	n/a	STATUS	n/a	n/a	D255
680.2520000000	n/a	n/a	STATUS	n/a	n/a	D128
680.3000000000	n/a	n/a	STATUS	n/a	n/a	D255
680.3360000000	n/a	n/a	STATUS	n/a	n/a	DI53
680.3880000000	n/a	n/a	STATUS	n/a	n/a	D255
680.6880000000	n/a	n/a	STATUS	n/a	n/a	DI43
680.7400000000	n/a	n/a	STATUS	n/a	n/a	D255
681.0000000000	n/a	n/a	STATUS	n/a	n/a	DIN5
681.0480000000	n/a	n/a	STATUS	n/a	n/a	D255
681.3880000000	n/a	n/a	STATUS	n/a	n/a	D109
681.4400000000	n/a	n/a	STATUS	n/a	n/a	D255
681.4760000000	n/a	n/a	STATUS	n/a	n/a	DI51
681.5240000000	n/a	n/a	STATUS	n/a	n/a	D255
681.9040000000	n/a	n/a	STATUS	n/a	n/a	DI31
681.9520000000	n/a	n/a	STATUS	n/a	n/a	D255
682.2120000000	n/a	n/a	STATUS	n/a	n/a	DIN5
682.2640000000	n/a	n/a	STATUS	n/a	n/a	D255
682.6280000000	n/a	n/a	STATUS	n/a	n/a	DI75
682.6760000000	n/a	n/a	STATUS	n/a	n/a	D255
682.7160000000	n/a	n/a	STATUS	n/a	n/a	DI54
682.7640000000	n/a	n/a	STATUS	n/a	n/a	D255
683.0360000000	n/a	n/a	STATUS	n/a	n/a	DI34
683.0840000000	n/a	n/a	STATUS	n/a	n/a	D255
683.3440000000	n/a	n/a	STATUS	n/a	n/a	DIN5
683.3960000000	n/a	n/a	STATUS	n/a	n/a	D255
683.7360000000	n/a	n/a	STATUS	n/a	n/a	DI83
683.7840000000	n/a	n/a	STATUS	n/a	n/a	D255
683.8240000000	n/a	n/a	STATUS	n/a	n/a	DI51
683.8720000000	n/a	n/a	STATUS	n/a	n/a	D255
684.2840000000	n/a	n/a	STATUS	n/a	n/a	DI31
684.3360000000	n/a	n/a	STATUS	n/a	n/a	D255
684.5960000000	n/a	n/a	STATUS	n/a	n/a	DIN5
684.6440000000	n/a	n/a	STATUS	n/a	n/a	D255
684.9640000000	n/a	n/a	STATUS	n/a	n/a	D188
685.0120000000	n/a	n/a	STATUS	n/a	n/a	D255
685.0520000000	n/a	n/a	STATUS	n/a	n/a	DI53
685.1000000000	n/a	n/a	STATUS	n/a	n/a	D255
685.3440000000	n/a	n/a	STATUS	n/a	n/a	DI43
685.3960000000	n/a	n/a	STATUS	n/a	n/a	D255
685.6520000000	n/a	n/a	STATUS	n/a	n/a	DIN5
685.7040000000	n/a	n/a	STATUS	n/a	n/a	D255
686.0400000000	n/a	n/a	STATUS	n/a	n/a	D141
686.0880000000	n/a	n/a	STATUS	n/a	n/a	D255
686.1280000000	n/a	n/a	STATUS	n/a	n/a	DI51
686.1760000000	n/a	n/a	STATUS	n/a	n/a	D255
686.6840000000	n/a	n/a	STATUS	n/a	n/a	DI31
686.7320000000	n/a	n/a	STATUS	n/a	n/a	D255
686.9920000000	n/a	n/a	STATUS	n/a	n/a	DIN5
687.0440000000	n/a	n/a	STATUS	n/a	n/a	D255
687.3480000000	n/a	n/a	STATUS	n/a	n/a	D199
687.4000000000	n/a	n/a	STATUS	n/a	n/a	D255
687.4360000000	n/a	n/a	STATUS	n/a	n/a	DI53
687.4840000000	n/a	n/a	STATUS	n/a	n/a	D255
687.7320000000	n/a	n/a	STATUS	n/a	n/a	DI43
687.7840000000	n/a	n/a	STATUS	n/a	n/a	D255
688.0400000000	n/a	n/a	STATUS	n/a	n/a	DIN5
688.0920000000	n/a	n/a	STATUS	n/a	n/a	D255
688.5080000000	n/a	n/a	STATUS	n/a	n/a	D237
688.5560000000	n/a	n/a	STATUS	n/a	n/a	D255
688.5960000000	n/a	n/a	STATUS	n/a	n/a	DI52
688.6440000000	n/a	n/a	STATUS	n/a	n/a	D255
688.9320000000	n/a	n/a	STATUS	n/a	n/a	DI12
688.9840000000	n/a	n/a	STATUS	n/a	n/a	DIN4
688.9840000000	n/a	n/a	STATUS	n/a	n/a	D255
689.0360000000	n/a	n/a	STATUS	n/a	n/a	D255
689.7920000000	n/a	n/a	STATUS	n/a	n/a	DIN5
689.8400000000	n/a	n/a	STATUS	n/a	n/a	D255
690.1600000000	n/a	n/a	STATUS	n/a	n/a	D243
690.2120000000	n/a	n/a	STATUS	n/a	n/a	D255
690.2480000000	n/a	n/a	STATUS	n/a	n/a	DI51
690.3000000000	n/a	n/a	STATUS	n/a	n/a	D255
690.7480000000	n/a	n/a	STATUS	n/a	n/a	DI31
690.8000000000	n/a	n/a	STATUS	n/a	n/a	D255
691.0600000000	n/a	n/a	STATUS	n/a	n/a	DIN5
691.1080000000	n/a	n/a	STATUS	n/a	n/a	D255
691.4440000000	n/a	n/a	STATUS	n/a	n/a	D106
691.4920000000	n/a	n/a	STATUS	n/a	n/a	D255
691.5280000000	n/a	n/a	STATUS	n/a	n/a	DI51
691.5800000000	n/a	n/a	STATUS	n/a	n/a	D255
691.9680000000	n/a	n/a	STATUS	n/a	n/a	DI31
692.0200000000	n/a	n/a	STATUS	n/a	n/a	D255
692.2800000000	n/a	n/a	STATUS	n/a	n/a	DIN5
692.3320000000	n/a	n/a	STATUS	n/a	n/a	D255
692.7480000000	n/a	n/a	STATUS	n/a	n/a	D196
692.8000000000	n/a	n/a	STATUS	n/a	n/a	D255
692.8360000000	n/a	n/a	STATUS	n/a	n/a	DI54
692.8880000000	n/a	n/a	STATUS	n/a	n/a	D255
693.1400000000	n/a	n/a	STATUS	n/a	n/a	DI34
693.1920000000	n/a	n/a	STATUS	n/a	n/a	D255
693.4520000000	n/a	n/a	STATUS	n/a	n/a	DIN5
693.5000000000	n/a	n/a	STATUS	n/a	n/a	D255
693.8560000000	n/a	n/a	STATUS	n/a	n/a	D198
693.9040000000	n/a	n/a	STATUS	n/a	n/a	D255
693.9440000000	n/a	n/a	STATUS	n/a	n/a	DI54
693.9920000000	n/a	n/a	STATUS	n/a	n/a	D255
694.2320000000	n/a	n/a	STATUS	n/a	n/a	DI34
694.2840000000	n/a	n/a	STATUS	n/a	n/a	D255
694.5400000000	n/a	n/a	STATUS	n/a	n/a	DIN5
694.5920000000	n/a	n/a	STATUS	n/a	n/a	D255
694.9600000000	n/a	n/a	STATUS	n/a	n/a	D238
695.0120000000	n/a	n/a	STATUS	n/a	n/a	D255
695.0480000000	n/a	n/a	STATUS	n/a	n/a	DI51
695.1000000000	n/a	n/a	STATUS	n/a	n/a	D255
695.3520000000	n/a	n/a	STATUS	n/a	n/a	DI21
695.4000000000	n/a	n/a	STATUS	n/a	n/a	D255
695.4040000000	n/a	n/a	STATUS	n/a	n/a	DIN4
695.4560000000	n/a	n/a	STATUS	n/a	n/a	D255
696.2120000000	n/a	n/a	STATUS	n/a	n/a	DIN5
696.2600000000	n/a	n/a	STATUS	n/a	n/a	D255
696.6800000000	n/a	n/a	STATUS	n/a	n/a	D250
696.7320000000	n/a	n/a	STATUS	n/a	n/a	D255
696.7680000000	n/a	n/a	STATUS	n/a	n/a	DI52
696.8200000000	n/a	n/a	STATUS	n/a	n/a	D255
697.2800000000	n/a	n/a	STATUS	n/a	n/a	DI42
697.3280000000	n/a	n/a	STATUS	n/a	n/a	D255
697.5880000000	n/a	n/a	STATUS	n/a	n/a	DIN5
697.6400000000	n/a	n/a	STATUS	n/a	n/a	D255
698.0440000000	n/a	n/a	STATUS	n/a	n/a	D114
698.0920000000	n/a	n/a	STATUS	n/a	n/a	D255
698.1320000000	n/a	n/a	STATUS	n/a	n/a	DI54
698.1800000000	n/a	n/a	STATUS	n/a	n/a	D255
698.4920000000	n/a	n/a	STATUS	n/a	n/a	DI34
698.5440000000	n/a	n/a	STATUS	n/a	n/a	D255
698.8040000000	n/a	n/a	STATUS	n/a	n/a	DIN5
698.8520000000	n/a	n/a	STATUS	n/a	n/a	D255
699.3040000000	n/a	n/a	STATUS	n/a	n/a	DI80
699.3520000000	n/a	n/a	STATUS	n/a	n/a	D255
699.3920000000	n/a	n/a	STATUS	n/a	n/a	DI54
699.4400000000	n/a	n/a	STATUS	n/a	n/a	D255
699.7560000000	n/a	n/a	STATUS	n/a	n/a	DI34
699.8080000000	n/a	n/a	STATUS	n/a	n/a	D255
700.0680000000	n/a	n/a	STATUS	n/a	n/a	DIN5
700.1160000000	n/a	n/a	STATUS	n/a	n/a	D255
700.4720000000	n/a	n/a	STATUS	n/a	n/a	D240
700.5200000000	n/a	n/a	STATUS	n/a	n/a	D255
700.5600000000	n/a	n/a	STATUS	n/a	n/a	DI51
700.6120000000	n/a	n/a	STATUS	n/a	n/a	D255
701.0040000000	n/a	n/a	STATUS	n/a	n/a	DI31
701.0560000000	n/a	n/a	STATUS	n/a	n/a	D255
701.3160000000	n/a	n/a	STATUS	n/a	n/a	DIN5
701.3640000000	n/a	n/a	STATUS	n/a	n/a	D255
701.7200000000	n/a	n/a	STATUS	n/a	n/a	DI78
701.7680000000	n/a	n/a	STATUS	n/a	n/a	D255
701.8040000000	n/a	n/a	STATUS	n/a	n/a	DI54
701.8560000000	n/a	n/a	STATUS	n/a	n/a	D255
702.2440000000	n/a	n/a	STATUS	n/a	n/a	DI34
702.2960000000	n/a	n/a	STATUS	n/a	n/a	D255
702.5520000000	n/a	n/a	STATUS	n/a	n/a	DIN5
702.6040000000	n/a	n/a	STATUS	n/a	n/a	D255
703.0680000000	n/a	n/a	STATUS	n/a	n/a	DI69
703.1200000000	n/a	n/a	STATUS	n/a	n/a	D255
703.1560000000	n/a	n/a	STATUS	n/a	n/a	DI51
703.2080000000	n/a	n/a	STATUS	n/a	n/a	D255
703.5480000000	n/a	n/a	STATUS	n/a	n/a	DI31
703.5960000000	n/a	n/a	STATUS	n/a	n/a	D255
703.8560000000	n/a	n/a	STATUS	n/a	n/a	DIN5
703.9040000000	n/a	n/a	STATUS	n/a	n/a	D255
704.2840000000	n/a	n/a	STATUS	n/a	n/a	D139
704.3360000000	n/a	n/a	STATUS	n/a	n/a	D255
704.3720000000	n/a	n/a	STATUS	n/a	n/a	DI52
704.4240000000	n/a	n/a	STATUS	n/a	n/a	D255
704.7560000000	n/a	n/a	STATUS	n/a	n/a	DI42
704.8080000000	n/a	n/a	STATUS	n/a	n/a	D255
705.0680000000	n/a	n/a	STATUS	n/a	n/a	DIN5
705.1160000000	n/a	n/a	STATUS	n/a	n/a	D255
705.5280000000	n/a	n/a	STATUS	n/a	n/a	D164
705.5760000000	n/a	n/a	STATUS	n/a	n/a	D255
705.6160000000	n/a	n/a	STATUS	n/a	n/a	DI52
705.6640000000	n/a	n/a	STATUS	n/a	n/a	D255
705.9480000000	n/a	n/a	STATUS	n/a	n/a	DI42
705.9960000000	n/a	n/a	STATUS	n/a	n/a	D255
706.2560000000	n/a	n/a	STATUS	n/a	n/a	DIN5
706.3040000000	n/a	n/a	STATUS	n/a	n/a	D255
706.6360000000	n/a	n/a	STATUS	n/a	n/a	D112
706.6840000000	n/a	n/a	STATUS	n/a	n/a	D255
706.7240000000	n/a	n/a	STATUS	n/a	n/a	DI54
706.7720000000	n/a	n/a	STATUS	n/a	n/a	D255
707.1640000000	n/a	n/a	STATUS	n/a	n/a	DI34
707.2160000000	n/a	n/a	STATUS	n/a	n/a	D255
707.4760000000	n/a	n/a	STATUS	n/a	n/a	DIN5
707.5240000000	n/a	n/a	STATUS	n/a	n/a	D255
707.9000000000	n/a	n/a	STATUS	n/a	n/a	D208
707.9480000000	n/a	n/a	STATUS	n/a	n/a	D255
707.9880000000	n/a	n/a	STATUS	n/a	n/a	DI53
708.0360000000	n/a	n/a	STATUS	n/a	n/a	D255
708.4240000000	n/a	n/a	STATUS	n/a	n/a	DI13
708.4760000000	n/a	n/a	STATUS	n/a	n/a	D255
708.4800000000	n/a	n/a	STATUS	n/a	n/a	DIN4
708.5280000000	n/a	n/a	STATUS	n/a	n/a	D255
709.2840000000	n/a	n/a	STATUS	n/a	n/a	DIN5
709.3360000000	n/a	n/a	STATUS	n/a	n/a	D255
709.7200000000	n/a	n/a	STATUS	n/a	n/a	DI72
709.7680000000	n/a	n/a	STATUS	n/a	n/a	D255
709.8080000000	n/a	n/a	STATUS	n/a	n/a	DI51
709.8560000000	n/a	n/a	STATUS	n/a	n/a	D255
710.0840000000	n/a	n/a	STATUS	n/a	n/a	DI21
710.1360000000	n/a	n/a	STATUS	n/a	n/a	D255
710.1400000000	n/a	n/a	STATUS	n/a	n/a	DIN4
710.1920000000	n/a	n/a	STATUS	n/a	n/a	D255
710.9440000000	n/a	n/a	STATUS	n/a	n/a	DIN5
710.9960000000	n/a	n/a	STATUS	n/a	n/a	D255
711.4520000000	n/a	n/a	STATUS	n/a	n/a	D147
711.5000000000	n/a	n/a	STATUS	n/a	n/a	D255
711.5400000000	n/a	n/a	STATUS	n/a	n/a	DI52
711.5880000000	n/a	n/a	STATUS	n/a	n/a	D255
712.0400000000	n/a	n/a	STATUS	n/a	n/a	DI42
712.0880000000	n/a	n/a	STATUS	n/a	n/a	D255
712.3480000000	n/a	n/a	STATUS	n/a	n/a	DIN5
712.4000000000	n/a	n/a	STATUS	n/a	n/a	D255
712.4000000000	n/a	n/a	STATUS	n/a	n/a	D197
712.8720000000	n/a	n/a	STATUS	n/a	n/a	D121
712.9240000000	n/a	n/a	STATUS	n/a	n/a	D255
712.9600000000	n/a	n/a	STATUS	n/a	n/a	DI53
713.0120000000	n/a	n/a	STATUS	n/a	n/a	D255
713.3240000000	n/a	n/a	STATUS	n/a	n/a	DI43
713.3760000000	n/a	n/a	STATUS	n/a	n/a	D255
713.6360000000	n/a	n/a	STATUS	n/a	n/a	DIN5
713.6840000000	n/a	n/a	STATUS	n/a	n/a	D255
714.1400000000	n/a	n/a	STATUS	n/a	n/a	D169
714.1880000000	n/a	n/a	STATUS	n/a	n/a	D255
714.2280000000	n/a	n/a	STATUS	n/a	n/a	DI52
714.2760000000	n/a	n/a	STATUS	n/a	n/a	D255
714.6600000000	n/a	n/a	STATUS	n/a	n/a	DI42
714.7080000000	n/a	n/a	STATUS	n/a	n/a	D255
714.9680000000	n/a	n/a	STATUS	n/a	n/a	DIN5
715.0200000000	n/a	n/a	STATUS	n/a	n/a	D255
715.4400000000	n/a	n/a	STATUS	n/a	n/a	DI85
715.4880000000	n/a	n/a	STATUS	n/a	n/a	D255
715.5280000000	n/a	n/a	STATUS	n/a	n/a	DI52
715.5760000000	n/a	n/a	STATUS	n/a	n/a	D255
715.9200000000	n/a	n/a	STATUS	n/a	n/a	DI42
715.9680000000	n/a	n/a	STATUS	n/a	n/a	D255
716.2280000000	n/a	n/a	STATUS	n/a	n/a	DIN5
716.2800000000	n/a	n/a	STATUS	n/a	n/a	D255
716.6640000000	n/a	n/a	STATUS	n/a	n/a	D234
716.7120000000	n/a	n/a	STATUS	n/a	n/a	D255
716.7520000000	n/a	n/a	STATUS	n/a	n/a	DI54
716.8000000000	n/a	n/a	STATUS	n/a	n/a	D255
717.1440000000	n/a	n/a	STATUS	n/a	n/a	DI34
717.1920000000	n/a	n/a	STATUS	n/a	n/a	D255
717.4520000000	n/a	n/a	STATUS	n/a	n/a	DIN5
717.5040000000	n/a	n/a	STATUS	n/a	n/a	D255
717.9480000000	n/a	n/a	STATUS	n/a	n/a	D177
718.0000000000	n/a	n/a	STATUS	n/a	n/a	D255
718.0360000000	n/a	n/a	STATUS	n/a	n/a	DI52
718.0840000000	n/a	n/a	STATUS	n/a	n/a	D255
718.4040000000	n/a	n/a	STATUS	n/a	n/a	DI42
718.4520000000	n/a	n/a	STATUS	n/a	n/a	D255
718.7120000000	n/a	n/a	STATUS	n/a	n/a	DIN5
718.7640000000	n/a	n/a	STATUS	n/a	n/a	D255
719.2280000000	n/a	n/a	STATUS	n/a	n/a	D223
719.2760000000	n/a	n/a	STATUS	n/a	n/a	D255
719.3160000000	n/a	n/a	STATUS	n/a	n/a	DI54
719.3640000000	n/a	n/a	STATUS	n/a	n/a	D255
719.6960000000	n/a	n/a	STATUS	n/a	n/a	DI34
719.7480000000	n/a	n/a	STATUS	n/a	n/a	D255
720.0080000000	n/a	n/a	STATUS	n/a	n/a	DIN5
720.0560000000	n/a	n/a	STATUS	n/a	n/a	D255
720.4320000000	n/a	n/a	STATUS	n/a	n/a	D248
720.4800000000	n/a	n/a	STATUS	n/a	n/a	D255
720.5200000000	n/a	n/a	STATUS	n/a	n/a	DI53
720.5680000000	n/a	n/a	STATUS	n/a	n/a	D255
720.8480000000	n/a	n/a	STATUS	n/a	n/a	DI43
720.9000000000	n/a	n/a	STATUS	n/a	n/a	D255
721.1600000000	n/a	n/a	STATUS	n/a	n/a	DIN5
721.2080000000	n/a	n/a	STATUS	n/a	n/a	D255
721.5920000000	n/a	n/a	STATUS	n/a	n/a	DI89
721.6440000000	n/a	n/a	STATUS	n/a	n/a	D255
721.6800000000	n/a	n/a	STATUS	n/a	n/a	DI51
721.7320000000	n/a	n/a	STATUS	n/a	n/a	D255
722.1520000000	n/a	n/a	STATUS	n/a	n/a	DI31
722.2040000000	n/a	n/a	STATUS	n/a	n/a	D255
722.4600000000	n/a	n/a	STATUS	n/a	n/a	DIN5
722.5120000000	n/a	n/a	STATUS	n/a	n/a	D255
722.9120000000	n/a	n/a	STATUS	n/a	n/a	D131
722.9600000000	n/a	n/a	STATUS	n/a	n/a	D255
723.0000000000	n/a	n/a	STATUS	n/a	n/a	DI54
723.0480000000	n/a	n/a	STATUS	n/a	n/a	D255
723.3640000000	n/a	n/a	STATUS	n/a	n/a	DI34
723.4160000000	n/a	n/a	STATUS	n/a	n/a	D255
723.6760000000	n/a	n/a	STATUS	n/a	n/a	DIN5
723.7240000000	n/a	n/a	STATUS	n/a	n/a	D255
724.0560000000	n/a	n/a	STATUS	n/a	n/a	D156
724.1040000000	n/a	n/a	STATUS	n/a	n/a	D255
724.1440000000	n/a	n/a	STATUS	n/a	n/a	DI53
724.1920000000	n/a	n/a	STATUS	n/a	n/a	D255
724.4400000000	n/a	n/a	STATUS	n/a	n/a	DI43
724.4920000000	n/a	n/a	STATUS	n/a	n/a	D255
724.7520000000	n/a	n/a	STATUS	n/a	n/a	DIN5
724.8000000000	n/a	n/a	STATUS	n/a	n/a	D255
725.3000000000	n/a	n/a	STATUS	n/a	n/a	DI74
725.3520000000	n/a	n/a	STATUS	n/a	n/a	D255
725.3880000000	n/a	n/a	STATUS	n/a	n/a	DI53
725.4360000000	n/a	n/a	STATUS	n/a	n/a	D255
725.7680000000	n/a	n/a	STATUS	n/a	n/a	DI43
725.8160000000	n/a	n/a	STATUS	n/a	n/a	D255
726.0760000000	n/a	n/a	STATUS	n/a	n/a	DIN5
726.1280000000	n/a	n/a	STATUS	n/a	n/a	D255
726.5120000000	n/a	n/a	STATUS	n/a	n/a	D215
726.5600000000	n/a	n/a	STATUS	n/a	n/a	D255
726.6000000000	n/a	n/a	STATUS	n/a	n/a	DI53
726.6480000000	n/a	n/a	STATUS	n/a	n/a	D255
726.9680000000	n/a	n/a	STATUS	n/a	n/a	DI43
727.0200000000	n/a	n/a	STATUS	n/a	n/a	D255
727.2760000000	n/a	n/a	STATUS	n/a	n/a	DIN5
727.3280000000	n/a	n/a	STATUS	n/a	n/a	D255
727.7160000000	n/a	n/a	STATUS	n/a	n/a	DI73
727.7680000000	n/a	n/a	STATUS	n/a	n/a	D255
727.8040000000	n/a	n/a	STATUS	n/a	n/a	DI53
727.8560000000	n/a	n/a	STATUS	n/a	n/a	D255
728.1280000000	n/a	n/a	STATUS	n/a	n/a	DI43
728.1800000000	n/a	n/a	STATUS	n/a	n/a	D255
728.4400000000	n/a	n/a	STATUS	n/a	n/a	DIN5
728.4880000000	n/a	n/a	STATUS	n/a	n/a	D255
728.9320000000	n/a	n/a	STATUS	n/a	n/a	D159
728.9840000000	n/a	n/a	STATUS	n/a	n/a	D255
729.0200000000	n/a	n/a	STATUS	n/a	n/a	DI51
729.0720000000	n/a	n/a	STATUS	n/a	n/a	D255
729.5000000000	n/a	n/a	STATUS	n/a	n/a	DI31
729.5480000000	n/a	n/a	STATUS	n/a	n/a	D255
729.8080000000	n/a	n/a	STATUS	n/a	n/a	DIN5
729.8600000000	n/a	n/a	STATUS	n/a	n/a	D255
730.1720000000	n/a	n/a	STATUS	n/a	n/a	D163
730.2240000000	n/a	n/a	STATUS	n/a	n/a	D255
730.2600000000	n/a	n/a	STATUS	n/a	n/a	DI53
730.3120000000	n/a	n/a	STATUS	n/a	n/a	D255
731.3320000000	n/a	n/a	STATUS	n/a	n/a	DIN3
731.3800000000	n/a	n/a	STATUS	n/a	n/a	D255
732.1360000000	n/a	n/a	STATUS	n/a	n/a	DIN5
732.1880000000	n/a	n/a	STATUS	n/a	n/a	D255
732.6800000000	n/a	n/a	STATUS	n/a	n/a	D155
732.7320000000	n/a	n/a	STATUS	n/a	n/a	D255
732.7680000000	n/a	n/a	STATUS	n/a	n/a	DI53
732.8200000000	n/a	n/a	STATUS	n/a	n/a	D255
733.8480000000	n/a	n/a	STATUS	n/a	n/a	DIN3
733.8960000000	n/a	n/a	STATUS	n/a	n/a	D255
734.6520000000	n/a	n/a	STATUS	n/a	n/a	DIN5
734.7040000000	n/a	n/a	STATUS	n/a	n/a	D255
735.0960000000	n/a	n/a	STATUS	n/a	n/a	D200
735.1480000000	n/a	n/a	STATUS	n/a	n/a	D255
735.1840000000	n/a	n/a	STATUS	n/a	n/a	DI53
735.2360000000	n/a	n/a	STATUS	n/a	n/a	D255
736.2640000000	n/a	n/a	STATUS	n/a	n/a	DIN3
736.3120000000	n/a	n/a	STATUS	n/a	n/a	D255
737.0680000000	n/a	n/a	STATUS	n/a	n/a	DIN5
737.1200000000	n/a	n/a	STATUS	n/a	n/a	D255
737.5080000000	n/a	n/a	STATUS	n/a	n/a	D162
737.5600000000	n/a	n/a	STATUS	n/a	n/a	D255
737.5960000000	n/a	n/a	STATUS	n/a	n/a	DI53
737.6480000000	n/a	n/a	STATUS	n/a	n/a	D255
737.8600000000	n/a	n/a	STATUS	n/a	n/a	DI43
737.9080000000	n/a	n/a	STATUS	n/a	n/a	D255
738.1680000000	n/a	n/a	STATUS	n/a	n/a	DIN5
738.2160000000	n/a	n/a	STATUS	n/a	n/a	D255
738.5440000000	n/a	n/a	STATUS	n/a	n/a	D193
738.5920000000	n/a	n/a	STATUS	n/a	n/a	D255
738.6280000000	n/a	n/a	STATUS	n/a	n/a	DI51
738.6800000000	n/a	n/a	STATUS	n/a	n/a	D255
739.1120000000	n/a	n/a	STATUS	n/a	n/a	DI31
739.1640000000	n/a	n/a	STATUS	n/a	n/a	D255
739.4200000000	n/a	n/a	STATUS	n/a	n/a	DIN5
739.4720000000	n/a	n/a	STATUS	n/a	n/a	D255
739.7920000000	n/a	n/a	STATUS	n/a	n/a	D218
739.8400000000	n/a	n/a	STATUS	n/a	n/a	D255
739.8800000000	n/a	n/a	STATUS	n/a	n/a	DI54
739.9280000000	n/a	n/a	STATUS	n/a	n/a	D255
740.1880000000	n/a	n/a	STATUS	n/a	n/a	DI34
740.2400000000	n/a	n/a	STATUS	n/a	n/a	D255
740.5000000000	n/a	n/a	STATUS	n/a	n/a	DIN5
740.5480000000	n/a	n/a	STATUS	n/a	n/a	D255
740.9000000000	n/a	n/a	STATUS	n/a	n/a	D172
740.9480000000	n/a	n/a	STATUS	n/a	n/a	D255
740.9880000000	n/a	n/a	STATUS	n/a	n/a	DI51
741.0360000000	n/a	n/a	STATUS	n/a	n/a	D255
741.3000000000	n/a	n/a	STATUS	n/a	n/a	DI21
741.3520000000	n/a	n/a	STATUS	n/a	n/a	D255
741.3560000000	n/a	n/a	STATUS	n/a	n/a	DIN4
741.4040000000	n/a	n/a	STATUS	n/a	n/a	D255
742.1600000000	n/a	n/a	STATUS	n/a	n/a	DIN5
742.2120000000	n/a	n/a	STATUS	n/a	n/a	D255
742.7080000000	n/a	n/a	STATUS	n/a	n/a	D178
742.7600000000	n/a	n/a	STATUS	n/a	n/a	D255
742.7960000000	n/a	n/a	STATUS	n/a	n/a	DI53
742.8480000000	n/a	n/a	STATUS	n/a	n/a	D255
743.0880000000	n/a	n/a	STATUS	n/a	n/a	DI43
743.1400000000	n/a	n/a	STATUS	n/a	n/a	D255
743.3960000000	n/a	n/a	STATUS	n/a	n/a	DIN5
743.4480000000	n/a	n/a	STATUS	n/a	n/a	D255
743.8120000000	n/a	n/a	STATUS	n/a	n/a	D153
743.8640000000	n/a	n/a	STATUS	n/a	n/a	D255
743.9000000000	n/a	n/a	STATUS	n/a	n/a	DI51
743.9520000000	n/a	n/a	STATUS	n/a	n/a	D255
744.3280000000	n/a	n/a	STATUS	n/a	n/a	DI31
744.3800000000	n/a	n/a	STATUS	n/a	n/a	D255
744.6400000000	n/a	n/a	STATUS	n/a	n/a	DIN5
744.6880000000	n/a	n/a	STATUS	n/a	n/a	D255
745.1440000000	n/a	n/a	STATUS	n/a	n/a	D249
745.1920000000	n/a	n/a	STATUS	n/a	n/a	D255
745.2280000000	n/a	n/a	STATUS	n/a	n/a	DI51
745.2800000000	n/a	n/a	STATUS	n/a	n/a	D255
745.6480000000	n/a	n/a	STATUS	n/a	n/a	DI21
745.7000000000	n/a	n/a	STATUS	n/a	n/a	D255
745.7040000000	n/a	n/a	STATUS	n/a	n/a	DIN4
745.7520000000	n/a	n/a	STATUS	n/a	n/a	D255
746.5080000000	n/a	n/a	STATUS	n/a	n/a	DIN5
746.5600000000	n/a	n/a	STATUS	n/a	n/a	D255
746.8840000000	n/a	n/a	STATUS	n/a	n/a	D226
746.9320000000	n/a	n/a	STATUS	n/a	n/a	D255
746.9720000000	n/a	n/a	STATUS	n/a	n/a	DI53
747.0200000000	n/a	n/a	STATUS	n/a	n/a	D255
747.3440000000	n/a	n/a	STATUS	n/a	n/a	DI43
747.3920000000	n/a	n/a	STATUS	n/a	n/a	D255
747.6520000000	n/a	n/a	STATUS	n/a	n/a	DIN5
747.7040000000	n/a	n/a	STATUS	n/a	n/a	D255
748.0280000000	n/a	n/a	STATUS	n/a	n/a	D100
748.0760000000	n/a	n/a	STATUS	n/a	n/a	D255
748.1160000000	n/a	n/a	STATUS	n/a	n/a	DI53
748.1640000000	n/a	n/a	STATUS	n/a	n/a	D255
748.4800000000	n/a	n/a	STATUS	n/a	n/a	DI43
748.5320000000	n/a	n/a	STATUS	n/a	n/a	D255
748.7920000000	n/a	n/a	STATUS	n/a	n/a	DIN5
748.8400000000	n/a	n/a	STATUS	n/a	n/a	D255
749.2320000000	n/a	n/a	STATUS	n/a	n/a	D186
749.2800000000	n/a	n/a	STATUS	n/a	n/a	D255
749.3200000000	n/a	n/a	STATUS	n/a	n/a	DI53
749.3680000000	n/a	n/a	STATUS	n/a	n/a	D255
749.6720000000	n/a	n/a	STATUS	n/a	n/a	DI43
749.7240000000	n/a	n/a	STATUS	n/a	n/a	D255
749.9840000000	n/a	n/a	STATUS	n/a	n/a	DIN5
750.0320000000	n/a	n/a	STATUS	n/a	n/a	D255
750.4280000000	n/a	n/a	STATUS	n/a	n/a	DI95
750.4760000000	n/a	n/a	STATUS	n/a	n/a	D255
750.5120000000	n/a	n/a	STATUS	n/a	n/a	DI52
750.5640000000	n/a	n/a	STATUS	n/a	n/a	D255
750.9720000000	n/a	n/a	STATUS	n/a	n/a	DI42
751.0240000000	n/a	n/a	STATUS	n/a	n/a	D255
751.2840000000	n/a	n/a	STATUS	n/a	n/a	DIN5
751.3320000000	n/a	n/a	STATUS	n/a	n/a	D255
751.6440000000	n/a	n/a	STATUS	n/a	n/a	DI76
751.6920000000	n/a	n/a	STATUS	n/a	n/a	D255
751.7320000000	n/a	n/a	STATUS	n/a	n/a	DI52
751.7800000000	n/a	n/a	STATUS	n/a	n/a	D255
752.2560000000	n/a	n/a	STATUS	n/a	n/a	DI42
752.3080000000	n/a	n/a	STATUS	n/a	n/a	D255
752.5640000000	n/a	n/a	STATUS	n/a	n/a	DIN5
752.6160000000	n/a	n/a	STATUS	n/a	n/a	D255
752.6160000000	n/a	n/a	STATUS	n/a	n/a	D231
752.9320000000	n/a	n/a	STATUS	n/a	n/a	DI87
752.9800000000	n/a	n/a	STATUS	n/a	n/a	D255
753.0200000000	n/a	n/a	STATUS	n/a	n/a	DI54
753.0680000000	n/a	n/a	STATUS	n/a	n/a	D255
753.3840000000	n/a	n/a	STATUS	n/a	n/a	DI34
753.4320000000	n/a	n/a	STATUS	n/a	n/a	D255
753.6920000000	n/a	n/a	STATUS	n/a	n/a	DIN5
753.7440000000	n/a	n/a	STATUS	n/a	n/a	D255
754.1640000000	n/a	n/a	STATUS	n/a	n/a	D246
754.2120000000	n/a	n/a	STATUS	n/a	n/a	D255
754.2520000000	n/a	n/a	STATUS	n/a	n/a	DI52
754.3000000000	n/a	n/a	STATUS	n/a	n/a	D255
754.6600000000	n/a	n/a	STATUS	n/a	n/a	DI42
754.7120000000	n/a	n/a	STATUS	n/a	n/a	D255
754.9720000000	n/a	n/a	STATUS	n/a	n/a	DIN5
755.0200000000	n/a	n/a	STATUS	n/a	n/a	D255
755.3960000000	n/a	n/a	STATUS	n/a	n/a	DI98
755.4480000000	n/a	n/a	STATUS	n/a	n/a	D255
755.4840000000	n/a	n/a	STATUS	n/a	n/a	DI52
755.5320000000	n/a	n/a	STATUS	n/a	n/a	D255
755.9440000000	n/a	n/a	STATUS	n/a	n/a	DI42
755.9920000000	n/a	n/a	STATUS	n/a	n/a	D255
756.2520000000	n/a	n/a	STATUS	n/a	n/a	DIN5
756.3040000000	n/a	n/a	STATUS	n/a	n/a	D255
756.6320000000	n/a	n/a	STATUS	n/a	n/a	D254
756.6840000000	n/a	n/a	STATUS	n/a	n/a	D255
756.7200000000	n/a	n/a	STATUS	n/a	n/a	DI54
756.7720000000	n/a	n/a	STATUS	n/a	n/a	D255
757.1680000000	n/a	n/a	STATUS	n/a	n/a	DI34
757.2200000000	n/a	n/a	STATUS	n/a	n/a	D255
757.4800000000	n/a	n/a	STATUS	n/a	n/a	DIN5
757.5280000000	n/a	n/a	STATUS	n/a	n/a	D255
758.0280000000	n/a	n/a	STATUS	n/a	n/a	D161
758.0800000000	n/a	n/a	STATUS	n/a	n/a	D255
758.1160000000	n/a	n/a	STATUS	n/a	n/a	DI53
758.1640000000	n/a	n/a	STATUS	n/a	n/a	D255
758.4480000000	n/a	n/a	STATUS	n/a	n/a	DI43
758.4960000000	n/a	n/a	STATUS	n/a	n/a	D255
758.7560000000	n/a	n/a	STATUS	n/a	n/a	DIN5
758.8080000000	n/a	n/a	STATUS	n/a	n/a	D255
759.1200000000	n/a	n/a	STATUS	n/a	n/a	DI96
759.1720000000	n/a	n/a	STATUS	n/a	n/a	D255
759.2080000000	n/a	n/a	STATUS	n/a	n/a	DI52
759.2600000000	n/a	n/a	STATUS	n/a	n/a	D255
759.6440000000	n/a	n/a	STATUS	n/a	n/a	DI42
759.6920000000	n/a	n/a	STATUS	n/a	n/a	D255
759.9520000000	n/a	n/a	STATUS	n/a	n/a	DIN5
760.0040000000	n/a	n/a	STATUS	n/a	n/a	D255
760.4080000000	n/a	n/a	STATUS	n/a	n/a	D140
760.4560000000	n/a	n/a	STATUS	n/a	n/a	D255
760.4960000000	n/a	n/a	STATUS	n/a	n/a	DI51
760.5440000000	n/a	n/a	STATUS	n/a	n/a	D255
760.9360000000	n/a	n/a	STATUS	n/a	n/a	DI31
760.9880000000	n/a	n/a	STATUS	n/a	n/a	D255
761.2480000000	n/a	n/a	STATUS	n/a	n/a	DIN5
761.2960000000	n/a	n/a	STATUS	n/a	n/a	D255
761.6600000000	n/a	n/a	STATUS	n/a	n/a	D244
761.7120000000	n/a	n/a	STATUS	n/a	n/a	D255
761.7480000000	n/a	n/a	STATUS	n/a	n/a	DI54
761.8000000000	n/a	n/a	STATUS	n/a	n/a	D255
762.0960000000	n/a	n/a	STATUS	n/a	n/a	DI34
762.1480000000	n/a	n/a	STATUS	n/a	n/a	D255
762.4080000000	n/a	n/a	STATUS	n/a	n/a	DIN5
762.4560000000	n/a	n/a	STATUS	n/a	n/a	D255
762.8160000000	n/a	n/a	STATUS	n/a	n/a	DI93
762.8680000000	n/a	n/a	STATUS	n/a	n/a	D255
762.9040000000	n/a	n/a	STATUS	n/a	n/a	DI54
762.9560000000	n/a	n/a	STATUS	n/a	n/a	D255
763.3200000000	n/a	n/a	STATUS	n/a	n/a	DI34
763.3720000000	n/a	n/a	STATUS	n/a	n/a	D255
763.6320000000	n/a	n/a	STATUS	n/a	n/a	DIN5
763.6800000000	n/a	n/a	STATUS	n/a	n/a	D255
764.1400000000	n/a	n/a	STATUS	n/a	n/a	DI92
764.1920000000	n/a	n/a	STATUS	n/a	n/a	D255
764.2280000000	n/a	n/a	STATUS	n/a	n/a	DI52
764.2800000000	n/a	n/a	STATUS	n/a	n/a	D255
764.6760000000	n/a	n/a	STATUS	n/a	n/a	DI42
764.7240000000	n/a	n/a	STATUS	n/a	n/a	D255
764.9840000000	n/a	n/a	STATUS	n/a	n/a	DIN5
765.0360000000	n/a	n/a	STATUS	n/a	n/a	D255
765.3520000000	n/a	n/a	STATUS	n/a	n/a	D233
765.4000000000	n/a	n/a	STATUS	n/a	n/a	D255
765.4400000000	n/a	n/a	STATUS	n/a	n/a	DI53
765.4880000000	n/a	n/a	STATUS	n/a	n/a	D255
765.8200000000	n/a	n/a	STATUS	n/a	n/a	DI43
765.8720000000	n/a	n/a	STATUS	n/a	n/a	D255
766.1320000000	n/a	n/a	STATUS	n/a	n/a	DIN5
766.1800000000	n/a	n/a	STATUS	n/a	n/a	D255
766.6120000000	n/a	n/a	STATUS	n/a	n/a	D201
766.6600000000	n/a	n/a	STATUS	n/a	n/a	D255
766.7000000000	n/a	n/a	STATUS	n/a	n/a	DI54
766.7480000000	n/a	n/a	STATUS	n/a	n/a	D255
767.0040000000	n/a	n/a	STATUS	n/a	n/a	DI34
767.0520000000	n/a	n/a	STATUS	n/a	n/a	D255
767.3120000000	n/a	n/a	STATUS	n/a	n/a	DIN5
767.3600000000	n/a	n/a	STATUS	n/a	n/a	D255
767.7600000000	n/a	n/a	STATUS	n/a	n/a	D242
767.8120000000	n/a	n/a	STATUS	n/a	n/a	D255
767.8480000000	n/a	n/a	STATUS	n/a	n/a	DI54
767.9000000000	n/a	n/a	STATUS	n/a	n/a	D255
768.2640000000	n/a	n/a	STATUS	n/a	n/a	DI34
768.3160000000	n/a	n/a	STATUS	n/a	n/a	D255
768.5760000000	n/a	n/a	STATUS	n/a	n/a	DIN5
768.6240000000	n/a	n/a	STATUS	n/a	n/a	D255
769.0240000000	n/a	n/a	STATUS	n/a	n/a	D235
769.0720000000	n/a	n/a	STATUS	n/a	n/a	D255
769.1120000000	n/a	n/a	STATUS	n/a	n/a	DI54
769.1600000000	n/a	n/a	STATUS	n/a	n/a	D255
769.4880000000	n/a	n/a	STATUS	n/a	n/a	DI34
769.5360000000	n/a	n/a	STATUS	n/a	n/a	D255
769.7960000000	n/a	n/a	STATUS	n/a	n/a	DIN5
769.8480000000	n/a	n/a	STATUS	n/a	n/a	D255
770.2040000000	n/a	n/a	STATUS	n/a	n/a	D232
770.2560000000	n/a	n/a	STATUS	n/a	n/a	D255
770.2920000000	n/a	n/a	STATUS	n/a	n/a	DI51
770.3440000000	n/a	n/a	STATUS	n/a	n/a	D255
770.6760000000	n/a	n/a	STATUS	n/a	n/a	DI21
770.7240000000	n/a	n/a	STATUS	n/a	n/a	D255
770.7320000000	n/a	n/a	STATUS	n/a	n/a	DIN4
770.7800000000	n/a	n/a	STATUS	n/a	n/a	D255
771.5360000000	n/a	n/a	STATUS	n/a	n/a	DIN5
771.5840000000	n/a	n/a	STATUS	n/a	n/a	D255
772.0200000000	n/a	n/a	STATUS	n/a	n/a	D123
772.0720000000	n/a	n/a	STATUS	n/a	n/a	D255
772.1080000000	n/a	n/a	STATUS	n/a	n/a	DI54
772.1600000000	n/a	n/a	STATUS	n/a	n/a	D255
772.4560000000	n/a	n/a	STATUS	n/a	n/a	DI34
772.5080000000	n/a	n/a	STATUS	n/a	n/a	D255
772.7640000000	n/a	n/a	STATUS	n/a	n/a	DIN5
772.8160000000	n/a	n/a	STATUS	n/a	n/a	D255
773.2000000000	n/a	n/a	STATUS	n/a	n/a	D224
773.2520000000	n/a	n/a	STATUS	n/a	n/a	D255
773.2880000000	n/a	n/a	STATUS	n/a	n/a	DI53
773.3360000000	n/a	n/a	STATUS	n/a	n/a	D255
773.7120000000	n/a	n/a	STATUS	n/a	n/a	DI43
773.7640000000	n/a	n/a	STATUS	n/a	n/a	D255
774.0240000000	n/a	n/a	STATUS	n/a	n/a	DIN5
774.0720000000	n/a	n/a	STATUS	n/a	n/a	D255
774.4760000000	n/a	n/a	STATUS	n/a	n/a	D228
774.5280000000	n/a	n/a	STATUS	n/a	n/a	D255
774.5640000000	n/a	n/a	STATUS	n/a	n/a	DI51
774.6160000000	n/a	n/a	STATUS	n/a	n/a	D255
775.0640000000	n/a	n/a	STATUS	n/a	n/a	DI31
775.1160000000	n/a	n/a	STATUS	n/a	n/a	D255
775.3720000000	n/a	n/a	STATUS	n/a	n/a	DIN5
775.4240000000	n/a	n/a	STATUS	n/a	n/a	D255
775.8520000000	n/a	n/a	STATUS	n/a	n/a	D115
775.9040000000	n/a	n/a	STATUS	n/a	n/a	D255
775.9400000000	n/a	n/a	STATUS	n/a	n/a	DI51
775.9920000000	n/a	n/a	STATUS	n/a	n/a	D255
776.3520000000	n/a	n/a	STATUS	n/a	n/a	DI21
776.4000000000	n/a	n/a	STATUS	n/a	n/a	D255
776.4040000000	n/a	n/a	STATUS	n/a	n/a	DIN4
776.4560000000	n/a	n/a	STATUS	n/a	n/a	D255
777.2080000000	n/a	n/a	STATUS	n/a	n/a	DIN5
777.2600000000	n/a	n/a	STATUS	n/a	n/a	D255
777.7160000000	n/a	n/a	STATUS	n/a	n/a	D122
777.7640000000	n/a	n/a	STATUS	n/a	n/a	D255
777.8040000000	n/a	n/a	STATUS	n/a	n/a	DI52
777.8520000000	n/a	n/a	STATUS	n/a	n/a	D255
778.3800000000	n/a	n/a	STATUS	n/a	n/a	DI12
778.4280000000	n/a	n/a	STATUS	n/a	n/a	D255
778.4320000000	n/a	n/a	STATUS	n/a	n/a	DIN4
778.4840000000	n/a	n/a	STATUS	n/a	n/a	D255
779.2400000000	n/a	n/a	STATUS	n/a	n/a	DIN5
779.2880000000	n/a	n/a	STATUS	n/a	n/a	D255
779.7120000000	n/a	n/a	STATUS	n/a	n/a	D101
779.7640000000	n/a	n/a	STATUS	n/a	n/a	D255
779.8000000000	n/a	n/a	STATUS	n/a	n/a	DI52
779.8520000000	n/a	n/a	STATUS	n/a	n/a	D255
780.2520000000	n/a	n/a	STATUS	n/a	n/a	DI42
780.3000000000	n/a	n/a	STATUS	n/a	n/a	D255
780.5600000000	n/a	n/a	STATUS	n/a	n/a	DIN5
780.6120000000	n/a	n/a	STATUS	n/a	n/a	D255
780.9360000000	n/a	n/a	STATUS	n/a	n/a	D219
780.9840000000	n/a	n/a	STATUS	n/a	n/a	D255
781.0240000000	n/a	n/a	STATUS	n/a	n/a	DI54
781.0760000000	n/a	n/a	STATUS	n/a	n/a	D255
781.4120000000	n/a	n/a	STATUS	n/a	n/a	DI34
781.4600000000	n/a	n/a	STATUS	n/a	n/a	D255
781.7200000000	n/a	n/a	STATUS	n/a	n/a	DIN5
781.7680000000	n/a	n/a	STATUS	n/a	n/a	D255
782.1600000000	n/a	n/a	STATUS	n/a	n/a	D209
782.2080000000	n/a	n/a	STATUS	n/a	n/a	D255
782.2480000000	n/a	n/a	STATUS	n/a	n/a	DI52
782.2960000000	n/a	n/a	STATUS	n/a	n/a	D255
782.6720000000	n/a	n/a	STATUS	n/a	n/a	DI12
782.7240000000	n/a	n/a	STATUS	n/a	n/a	D255
782.7280000000	n/a	n/a	STATUS	n/a	n/a	DIN4
782.7800000000	n/a	n/a	STATUS	n/a	n/a	D255
783.5320000000	n/a	n/a	STATUS	n/a	n/a	DIN5
783.5840000000	n/a	n/a	STATUS	n/a	n/a	D255
783.9880000000	n/a	n/a	STATUS	n/a	n/a	D221
784.0360000000	n/a	n/a	STATUS	n/a	n/a	D255
784.0760000000	n/a	n/a	STATUS	n/a	n/a	DI53
784.1240000000	n/a	n/a	STATUS	n/a	n/a	D255
784.4120000000	n/a	n/a	STATUS	n/a	n/a	DI43
784.4640000000	n/a	n/a	STATUS	n/a	n/a	D255
784.7240000000	n/a	n/a	STATUS	n/a	n/a	DIN5
784.7720000000	n/a	n/a	STATUS	n/a	n/a	D255
785.2640000000	n/a	n/a	STATUS	n/a	n/a	D184
785.3120000000	n/a	n/a	STATUS	n/a	n/a	D255
785.3480000000	n/a	n/a	STATUS	n/a	n/a	DI52
785.4000000000	n/a	n/a	STATUS	n/a	n/a	D255
785.7720000000	n/a	n/a	STATUS	n/a	n/a	DI42
785.8240000000	n/a	n/a	STATUS	n/a	n/a	D255
786.0800000000	n/a	n/a	STATUS	n/a	n/a	DIN5
786.1320000000	n/a	n/a	STATUS	n/a	n/a	D255
786.5000000000	n/a	n/a	STATUS	n/a	n/a	DI84
786.5520000000	n/a	n/a	STATUS	n/a	n/a	D255
786.5920000000	n/a	n/a	STATUS	n/a	n/a	DI52
786.6400000000	n/a	n/a	STATUS	n/a	n/a	D255
786.9760000000	n/a	n/a	STATUS	n/a	n/a	DI42
787.0240000000	n/a	n/a	STATUS	n/a	n/a	D255
787.2840000000	n/a	n/a	STATUS	n/a	n/a	DIN5
787.3360000000	n/a	n/a	STATUS	n/a	n/a	D255
787.7480000000	n/a	n/a	STATUS	n/a	n/a	D210
787.7960000000	n/a	n/a	STATUS	n/a	n/a	D255
787.8360000000	n/a	n/a	STATUS	n/a	n/a	DI52
787.8880000000	n/a	n/a	STATUS	n/a	n/a	D255
788.2480000000	n/a	n/a	STATUS	n/a	n/a	DI42
788.3000000000	n/a	n/a	STATUS	n/a	n/a	D255
788.5600000000	n/a	n/a	STATUS	n/a	n/a	DIN5
788.6080000000	n/a	n/a	STATUS	n/a	n/a	D255
788.9960000000	n/a	n/a	STATUS	n/a	n/a	D216
789.0480000000	n/a	n/a	STATUS	n/a	n/a	D255
789.0840000000	n/a	n/a	STATUS	n/a	n/a	DI51
789.1360000000	n/a	n/a	STATUS	n/a	n/a	D255
789.7080000000	n/a	n/a	STATUS	n/a	n/a	DI31
789.7600000000	n/a	n/a	STATUS	n/a	n/a	D255
790.0160000000	n/a	n/a	STATUS	n/a	n/a	DIN5
790.0680000000	n/a	n/a	STATUS	n/a	n/a	D255
790.3960000000	n/a	n/a	STATUS	n/a	n/a	DI99
790.4480000000	n/a	n/a	STATUS	n/a	n/a	D255
790.4840000000	n/a	n/a	STATUS	n/a	n/a	DI52
790.5360000000	n/a	n/a	STATUS	n/a	n/a	D255
790.9280000000	n/a	n/a	STATUS	n/a	n/a	DI42
790.9760000000	n/a	n/a	STATUS	n/a	n/a	D255
791.2360000000	n/a	n/a	STATUS	n/a	n/a	DIN5
791.2880000000	n/a	n/a	STATUS	n/a	n/a	D255
791.7320000000	n/a	n/a	STATUS	n/a	n/a	D167
791.7800000000	n/a	n/a	STATUS	n/a	n/a	D255
791.8200000000	n/a	n/a	STATUS	n/a	n/a	DI51
791.8680000000	n/a	n/a	STATUS	n/a	n/a	D255
792.2320000000	n/a	n/a	STATUS	n/a	n/a	DI21
792.2800000000	n/a	n/a	STATUS	n/a	n/a	D255
792.2840000000	n/a	n/a	STATUS	n/a	n/a	DIN4
792.3360000000	n/a	n/a	STATUS	n/a	n/a	D255
793.0920000000	n/a	n/a	STATUS	n/a	n/a	DIN5
793.1440000000	n/a	n/a	STATUS	n/a	n/a	D255
793.5960000000	n/a	n/a	STATUS	n/a	n/a	D150
793.6480000000	n/a	n/a	STATUS	n/a	n/a	D255
793.6840000000	n/a	n/a	STATUS	n/a	n/a	DI54
793.7320000000	n/a	n/a	STATUS	n/a	n/a	D255
794.0520000000	n/a	n/a	STATUS	n/a	n/a	DI34
794.1000000000	n/a	n/a	STATUS	n/a	n/a	D255
794.3600000000	n/a	n/a	STATUS	n/a	n/a	DIN5
794.4120000000	n/a	n/a	STATUS	n/a	n/a	D255
794.8960000000	n/a	n/a	STATUS	n/a	n/a	D175
794.9440000000	n/a	n/a	STATUS	n/a	n/a	D255
794.9840000000	n/a	n/a	STATUS	n/a	n/a	DI52
795.0320000000	n/a	n/a	STATUS	n/a	n/a	D255
795.4000000000	n/a	n/a	STATUS	n/a	n/a	DI42
795.4520000000	n/a	n/a	STATUS	n/a	n/a	D255
795.7120000000	n/a	n/a	STATUS	n/a	n/a	DIN5
795.7600000000	n/a	n/a	STATUS	n/a	n/a	D255
796.2520000000	n/a	n/a	STATUS	n/a	n/a	D170
796.3000000000	n/a	n/a	STATUS	n/a	n/a	D255
796.3400000000	n/a	n/a	STATUS	n/a	n/a	DI54
796.3880000000	n/a	n/a	STATUS	n/a	n/a	D255
796.6960000000	n/a	n/a	STATUS	n/a	n/a	DI34
796.7480000000	n/a	n/a	STATUS	n/a	n/a	D255
797.0080000000	n/a	n/a	STATUS	n/a	n/a	DIN5
797.0560000000	n/a	n/a	STATUS	n/a	n/a	D255
797.4960000000	n/a	n/a	STATUS	n/a	n/a	D205
797.5480000000	n/a	n/a	STATUS	n/a	n/a	D255
797.5880000000	n/a	n/a	STATUS	n/a	n/a	DI54
797.6360000000	n/a	n/a	STATUS	n/a	n/a	D255
798.0880000000	n/a	n/a	STATUS	n/a	n/a	DI34
798.1360000000	n/a	n/a	STATUS	n/a	n/a	D255
798.3960000000	n/a	n/a	STATUS	n/a	n/a	DIN5
798.4480000000	n/a	n/a	STATUS	n/a	n/a	D255
798.9200000000	n/a	n/a	STATUS	n/a	n/a	D142
798.9720000000	n/a	n/a	STATUS	n/a	n/a	D255
799.0080000000	n/a	n/a	STATUS	n/a	n/a	DI51
799.0600000000	n/a	n/a	STATUS	n/a	n/a	D255
799.5200000000	n/a	n/a	STATUS	n/a	n/a	DI31
799.5720000000	n/a	n/a	STATUS	n/a	n/a	D255
799.8280000000	n/a	n/a	STATUS	n/a	n/a	DIN5
799.8800000000	n/a	n/a	STATUS	n/a	n/a	D255
800.2720000000	n/a	n/a	STATUS	n/a	n/a	D134
800.3240000000	n/a	n/a	STATUS	n/a	n/a	D255
800.3600000000	n/a	n/a	STATUS	n/a	n/a	DI53
800.4120000000	n/a	n/a	STATUS	n/a	n/a	D255
800.8120000000	n/a	n/a	STATUS	n/a	n/a	DI43
800.8600000000	n/a	n/a	STATUS	n/a	n/a	D255
801.1200000000	n/a	n/a	STATUS	n/a	n/a	DIN5
801.1720000000	n/a	n/a	STATUS	n/a	n/a	D255
801.6160000000	n/a	n/a	STATUS	n/a	n/a	D192
801.6640000000	n/a	n/a	STATUS	n/a	n/a	D255
801.7040000000	n/a	n/a	STATUS	n/a	n/a	DI51
801.7520000000	n/a	n/a	STATUS	n/a	n/a	D255
802.1480000000	n/a	n/a	STATUS	n/a	n/a	DI31
802.2000000000	n/a	n/a	STATUS	n/a	n/a	D255
802.4560000000	n/a	n/a	STATUS	n/a	n/a	DIN5
802.5080000000	n/a	n/a	STATUS	n/a	n/a	D255
802.8680000000	n/a	n/a	STATUS	n/a	n/a	D213
802.9160000000	n/a	n/a	STATUS	n/a	n/a	D255
802.9560000000	n/a	n/a	STATUS	n/a	n/a	DI53
803.0040000000	n/a	n/a	STATUS	n/a	n/a	D255
803.3880000000	n/a	n/a	STATUS	n/a	n/a	DI43
803.4400000000	n/a	n/a	STATUS	n/a	n/a	D255
803.6960000000	n/a	n/a	STATUS	n/a	n/a	DIN5
803.7480000000	n/a	n/a	STATUS	n/a	n/a	D255
804.1080000000	n/a	n/a	STATUS	n/a	n/a	D118
804.1560000000	n/a	n/a	STATUS	n/a	n/a	D255
804.1960000000	n/a	n/a	STATUS	n/a	n/a	DI52
804.2440000000	n/a	n/a	STATUS	n/a	n/a	D255
804.6360000000	n/a	n/a	STATUS	n/a	n/a	DI42
804.6840000000	n/a	n/a	STATUS	n/a	n/a	D255
804.9440000000	n/a	n/a	STATUS	n/a	n/a	DIN5
804.9920000000	n/a	n/a	STATUS	n/a	n/a	D255
805.4840000000	n/a	n/a	STATUS	n/a	n/a	D132
805.5320000000	n/a	n/a	STATUS	n/a	n/a	D255
805.5720000000	n/a	n/a	STATUS	n/a	n/a	DI54
805.6240000000	n/a	n/a	STATUS	n/a	n/a	D255
805.9280000000	n/a	n/a	STATUS	n/a	n/a	DI34
805.9800000000	n/a	n/a	STATUS	n/a	n/a	D255
806.2400000000	n/a	n/a	STATUS	n/a	n/a	DIN5
806.2880000000	n/a	n/a	STATUS	n/a	n/a	D255
806.7840000000	n/a	n/a	STATUS	n/a	n/a	D119
806.8360000000	n/a	n/a	STATUS	n/a	n/a	D255
806.8720000000	n/a	n/a	STATUS	n/a	n/a	DI51
806.9240000000	n/a	n/a	STATUS	n/a	n/a	D255
807.2880000000	n/a	n/a	STATUS	n/a	n/a	DI31
807.3400000000	n/a	n/a	STATUS	n/a	n/a	D255
807.6000000000	n/a	n/a	STATUS	n/a	n/a	DIN5
807.6480000000	n/a	n/a	STATUS	n/a	n/a	D255
807.9600000000	n/a	n/a	STATUS	n/a	n/a	D146
808.0080000000	n/a	n/a	STATUS	n/a	n/a	D255
808.0480000000	n/a	n/a	STATUS	n/a	n/a	DI52
808.0960000000	n/a	n/a	STATUS	n/a	n/a	D255
808.4920000000	n/a	n/a	STATUS	n/a	n/a	DI42
808.5400000000	n/a	n/a	STATUS	n/a	n/a	D255
808.8000000000	n/a	n/a	STATUS	n/a	n/a	DIN5
808.8520000000	n/a	n/a	STATUS	n/a	n/a	D255
809.1560000000	n/a	n/a	STATUS	n/a	n/a	DI94
809.2040000000	n/a	n/a	STATUS	n/a	n/a	D255
809.2440000000	n/a	n/a	STATUS	n/a	n/a	DI53
809.2920000000	n/a	n/a	STATUS	n/a	n/a	D255
809.6640000000	n/a	n/a	STATUS	n/a	n/a	DI43
809.7160000000	n/a	n/a	STATUS	n/a	n/a	D255
809.9760000000	n/a	n/a	STATUS	n/a	n/a	DIN5
810.0240000000	n/a	n/a	STATUS	n/a	n/a	D255
810.4920000000	n/a	n/a	STATUS	n/a	n/a	D191
810.5440000000	n/a	n/a	STATUS	n/a	n/a	D255
810.5840000000	n/a	n/a	STATUS	n/a	n/a	DI52
810.6320000000	n/a	n/a	STATUS	n/a	n/a	D255
811.0800000000	n/a	n/a	STATUS	n/a	n/a	DI42
811.1320000000	n/a	n/a	STATUS	n/a	n/a	D255
811.3920000000	n/a	n/a	STATUS	n/a	n/a	DIN5
811.4400000000	n/a	n/a	STATUS	n/a	n/a	D255
811.9240000000	n/a	n/a	STATUS	n/a	n/a	D180
811.9760000000	n/a	n/a	STATUS	n/a	n/a	D255
812.0120000000	n/a	n/a	STATUS	n/a	n/a	DI54
812.0640000000	n/a	n/a	STATUS	n/a	n/a	D255
812.3880000000	n/a	n/a	STATUS	n/a	n/a	DI34
812.4360000000	n/a	n/a	STATUS	n/a	n/a	D255
812.6960000000	n/a	n/a	STATUS	n/a	n/a	DIN5
812.7440000000	n/a	n/a	STATUS	n/a	n/a	D255
813.0760000000	n/a	n/a	STATUS	n/a	n/a	D229
813.1240000000	n/a	n/a	STATUS	n/a	n/a	D255
813.1640000000	n/a	n/a	STATUS	n/a	n/a	DI51
813.2120000000	n/a	n/a	STATUS	n/a	n/a	D255
813.6640000000	n/a	n/a	STATUS	n/a	n/a	DI31
813.7160000000	n/a	n/a	STATUS	n/a	n/a	D255
825.6440000000	n/a	n/a	STATUS	n/a	n/a	DIN5
825.6960000000	n/a	n/a	STATUS	n/a	n/a	D255
826.0680000000	n/a	n/a	STATUS	n/a	n/a	D165
826.1200000000	n/a	n/a	STATUS	n/a	n/a	D255
826.1560000000	n/a	n/a	STATUS	n/a	n/a	DI52
826.2040000000	n/a	n/a	STATUS	n/a	n/a	D255
826.5720000000	n/a	n/a	STATUS	n/a	n/a	DI42
826.6240000000	n/a	n/a	STATUS	n/a	n/a	D255
826.8800000000	n/a	n/a	STATUS	n/a	n/a	DIN5
826.9320000000	n/a	n/a	STATUS	n/a	n/a	D255
827.2960000000	n/a	n/a	STATUS	n/a	n/a	DI86
827.3480000000	n/a	n/a	STATUS	n/a	n/a	D255
827.3840000000	n/a	n/a	STATUS	n/a	n/a	DI53
827.4360000000	n/a	n/a	STATUS	n/a	n/a	D255
827.7240000000	n/a	n/a	STATUS	n/a	n/a	DI43
827.7760000000	n/a	n/a	STATUS	n/a	n/a	D255
828.0360000000	n/a	n/a	STATUS	n/a	n/a	DIN5
828.0840000000	n/a	n/a	STATUS	n/a	n/a	D255
828.4400000000	n/a	n/a	STATUS	n/a	n/a	D241
828.4920000000	n/a	n/a	STATUS	n/a	n/a	D255
828.5280000000	n/a	n/a	STATUS	n/a	n/a	DI53
828.5800000000	n/a	n/a	STATUS	n/a	n/a	D255
828.9160000000	n/a	n/a	STATUS	n/a	n/a	DI43
828.9680000000	n/a	n/a	STATUS	n/a	n/a	D255
829.2240000000	n/a	n/a	STATUS	n/a	n/a	DIN5
829.2760000000	n/a	n/a	STATUS	n/a	n/a	D255
829.7520000000	n/a	n/a	STATUS	n/a	n/a	D161
829.8000000000	n/a	n/a	STATUS	n/a	n/a	D255
829.8400000000	n/a	n/a	STATUS	n/a	n/a	DI52
829.8880000000	n/a	n/a	STATUS	n/a	n/a	D255
830.2320000000	n/a	n/a	STATUS	n/a	n/a	DI42
830.2800000000	n/a	n/a	STATUS	n/a	n/a	D255
830.5400000000	n/a	n/a	STATUS	n/a	n/a	DIN5
830.5920000000	n/a	n/a	STATUS	n/a	n/a	D255
830.9200000000	n/a	n/a	STATUS	n/a	n/a	D126
830.9720000000	n/a	n/a	STATUS	n/a	n/a	D255
831.0080000000	n/a	n/a	STATUS	n/a	n/a	DI54
831.0560000000	n/a	n/a	STATUS	n/a	n/a	D255
831.3520000000	n/a	n/a	STATUS	n/a	n/a	DI34
831.4040000000	n/a	n/a	STATUS	n/a	n/a	D255
831.6640000000	n/a	n/a	STATUS	n/a	n/a	DIN5
831.7120000000	n/a	n/a	STATUS	n/a	n/a	D255
832.0720000000	n/a	n/a	STATUS	n/a	n/a	DI80
832.1240000000	n/a	n/a	STATUS	n/a	n/a	D255
832.1600000000	n/a	n/a	STATUS	n/a	n/a	DI53
832.2120000000	n/a	n/a	STATUS	n/a	n/a	D255
832.4640000000	n/a	n/a	STATUS	n/a	n/a	DI43
832.5160000000	n/a	n/a	STATUS	n/a	n/a	D255
832.7760000000	n/a	n/a	STATUS	n/a	n/a	DIN5
832.8240000000	n/a	n/a	STATUS	n/a	n/a	D255
833.2120000000	n/a	n/a	STATUS	n/a	n/a	DI72
833.2640000000	n/a	n/a	STATUS	n/a	n/a	D255
833.3000000000	n/a	n/a	STATUS	n/a	n/a	DI52
833.3520000000	n/a	n/a	STATUS	n/a	n/a	D255
833.6520000000	n/a	n/a	STATUS	n/a	n/a	DI12
833.7000000000	n/a	n/a	STATUS	n/a	n/a	D255
833.7040000000	n/a	n/a	STATUS	n/a	n/a	DIN4
833.7560000000	n/a	n/a	STATUS	n/a	n/a	D255
834.5120000000	n/a	n/a	STATUS	n/a	n/a	DIN5
834.5600000000	n/a	n/a	STATUS	n/a	n/a	D255
834.9800000000	n/a	n/a	STATUS	n/a	n/a	D225
835.0320000000	n/a	n/a	STATUS	n/a	n/a	D255
835.0680000000	n/a	n/a	STATUS	n/a	n/a	DI52
835.1200000000	n/a	n/a	STATUS	n/a	n/a	D255
835.4200000000	n/a	n/a	STATUS	n/a	n/a	DI42
835.4720000000	n/a	n/a	STATUS	n/a	n/a	D255
835.7320000000	n/a	n/a	STATUS	n/a	n/a	DIN5
835.7800000000	n/a	n/a	STATUS	n/a	n/a	D255
836.1840000000	n/a	n/a	STATUS	n/a	n/a	DI98
836.2360000000	n/a	n/a	STATUS	n/a	n/a	D255
836.2720000000	n/a	n/a	STATUS	n/a	n/a	DI53
836.3240000000	n/a	n/a	STATUS	n/a	n/a	D255
836.6400000000	n/a	n/a	STATUS	n/a	n/a	DI43
836.6880000000	n/a	n/a	STATUS	n/a	n/a	D255
836.9480000000	n/a	n/a	STATUS	n/a	n/a	DIN5
837.0000000000	n/a	n/a	STATUS	n/a	n/a	D255
837.3800000000	n/a	n/a	STATUS	n/a	n/a	D136
837.4280000000	n/a	n/a	STATUS	n/a	n/a	D255
837.4680000000	n/a	n/a	STATUS	n/a	n/a	DI52
837.5160000000	n/a	n/a	STATUS	n/a	n/a	D255
837.8600000000	n/a	n/a	STATUS	n/a	n/a	DI42
837.9120000000	n/a	n/a	STATUS	n/a	n/a	D255
838.1680000000	n/a	n/a	STATUS	n/a	n/a	DIN5
838.2200000000	n/a	n/a	STATUS	n/a	n/a	D255
838.5640000000	n/a	n/a	STATUS	n/a	n/a	D220
838.6160000000	n/a	n/a	STATUS	n/a	n/a	D255
838.6520000000	n/a	n/a	STATUS	n/a	n/a	DI51
838.7040000000	n/a	n/a	STATUS	n/a	n/a	D255
839.0360000000	n/a	n/a	STATUS	n/a	n/a	DI21
839.0880000000	n/a	n/a	STATUS	n/a	n/a	D255
839.0920000000	n/a	n/a	STATUS	n/a	n/a	DIN4
839.1400000000	n/a	n/a	STATUS	n/a	n/a	D255
839.8960000000	n/a	n/a	STATUS	n/a	n/a	DIN5
839.9480000000	n/a	n/a	STATUS	n/a	n/a	D255
840.4040000000	n/a	n/a	STATUS	n/a	n/a	D119
840.4560000000	n/a	n/a	STATUS	n/a	n/a	D255
840.4920000000	n/a	n/a	STATUS	n/a	n/a	DI54
840.5440000000	n/a	n/a	STATUS	n/a	n/a	D255
840.8360000000	n/a	n/a	STATUS	n/a	n/a	DI34
840.8880000000	n/a	n/a	STATUS	n/a	n/a	D255
841.1480000000	n/a	n/a	STATUS	n/a	n/a	DIN5
841.1960000000	n/a	n/a	STATUS	n/a	n/a	D255
841.5600000000	n/a	n/a	STATUS	n/a	n/a	D175
841.6120000000	n/a	n/a	STATUS	n/a	n/a	D255
841.6480000000	n/a	n/a	STATUS	n/a	n/a	DI53
841.7000000000	n/a	n/a	STATUS	n/a	n/a	D255
841.9120000000	n/a	n/a	STATUS	n/a	n/a	DI43
841.9640000000	n/a	n/a	STATUS	n/a	n/a	D255
842.2240000000	n/a	n/a	STATUS	n/a	n/a	DIN5
842.2720000000	n/a	n/a	STATUS	n/a	n/a	D255
842.5880000000	n/a	n/a	STATUS	n/a	n/a	DI77
842.6360000000	n/a	n/a	STATUS	n/a	n/a	D237
842.6400000000	n/a	n/a	STATUS	n/a	n/a	D255
842.6760000000	n/a	n/a	STATUS	n/a	n/a	DI52
842.7280000000	n/a	n/a	STATUS	n/a	n/a	D255
843.0800000000	n/a	n/a	STATUS	n/a	n/a	DI42
843.1320000000	n/a	n/a	STATUS	n/a	n/a	D255
843.3920000000	n/a	n/a	STATUS	n/a	n/a	DIN5
843.4400000000	n/a	n/a	STATUS	n/a	n/a	D255
843.8600000000	n/a	n/a	STATUS	n/a	n/a	D131
843.9120000000	n/a	n/a	STATUS	n/a	n/a	D255
843.9480000000	n/a	n/a	STATUS	n/a	n/a	DI53
844.0000000000	n/a	n/a	STATUS	n/a	n/a	D255
844.3120000000	n/a	n/a	STATUS	n/a	n/a	DI43
844.3600000000	n/a	n/a	STATUS	n/a	n/a	D255
844.6200000000	n/a	n/a	STATUS	n/a	n/a	DIN5
844.6680000000	n/a	n/a	STATUS	n/a	n/a	D255
845.0080000000	n/a	n/a	STATUS	n/a	n/a	D150
845.0600000000	n/a	n/a	STATUS	n/a	n/a	D255
845.0960000000	n/a	n/a	STATUS	n/a	n/a	DI54
845.1480000000	n/a	n/a	STATUS	n/a	n/a	D255
845.4680000000	n/a	n/a	STATUS	n/a	n/a	DI34
845.5200000000	n/a	n/a	STATUS	n/a	n/a	D255
845.7800000000	n/a	n/a	STATUS	n/a	n/a	DIN5
845.8280000000	n/a	n/a	STATUS	n/a	n/a	D255
846.2440000000	n/a	n/a	STATUS	n/a	n/a	DI68
846.2920000000	n/a	n/a	STATUS	n/a	n/a	D255
846.3280000000	n/a	n/a	STATUS	n/a	n/a	DI53
846.3800000000	n/a	n/a	STATUS	n/a	n/a	D255
846.6280000000	n/a	n/a	STATUS	n/a	n/a	DI43
846.6760000000	n/a	n/a	STATUS	n/a	n/a	D255
846.9360000000	n/a	n/a	STATUS	n/a	n/a	DIN5
846.9880000000	n/a	n/a	STATUS	n/a	n/a	D255
847.3880000000	n/a	n/a	STATUS	n/a	n/a	D189
847.4360000000	n/a	n/a	STATUS	n/a	n/a	D255
847.4760000000	n/a	n/a	STATUS	n/a	n/a	DI51
847.5240000000	n/a	n/a	STATUS	n/a	n/a	D255
847.8920000000	n/a	n/a	STATUS	n/a	n/a	DI31
847.9400000000	n/a	n/a	STATUS	n/a	n/a	D255
848.2000000000	n/a	n/a	STATUS	n/a	n/a	DIN5
848.2520000000	n/a	n/a	STATUS	n/a	n/a	D255
848.6520000000	n/a	n/a	STATUS	n/a	n/a	D196
848.7000000000	n/a	n/a	STATUS	n/a	n/a	D255
848.7400000000	n/a	n/a	STATUS	n/a	n/a	DI52
848.7880000000	n/a	n/a	STATUS	n/a	n/a	D255
849.1600000000	n/a	n/a	STATUS	n/a	n/a	DI42
849.2080000000	n/a	n/a	STATUS	n/a	n/a	D255
849.4680000000	n/a	n/a	STATUS	n/a	n/a	DIN5
849.5200000000	n/a	n/a	STATUS	n/a	n/a	D255
849.9280000000	n/a	n/a	STATUS	n/a	n/a	D130
849.9800000000	n/a	n/a	STATUS	n/a	n/a	D255
850.0160000000	n/a	n/a	STATUS	n/a	n/a	DI54
850.0640000000	n/a	n/a	STATUS	n/a	n/a	D118
850.0680000000	n/a	n/a	STATUS	n/a	n/a	D255
850.3720000000	n/a	n/a	STATUS	n/a	n/a	DI34
850.4240000000	n/a	n/a	STATUS	n/a	n/a	D255
850.6840000000	n/a	n/a	STATUS	n/a	n/a	DIN5
850.7320000000	n/a	n/a	STATUS	n/a	n/a	D255
851.1240000000	n/a	n/a	STATUS	n/a	n/a	D200
851.1720000000	n/a	n/a	STATUS	n/a	n/a	D255
851.2080000000	n/a	n/a	STATUS	n/a	n/a	DI51
851.2600000000	n/a	n/a	STATUS	n/a	n/a	D255
851.6560000000	n/a	n/a	STATUS	n/a	n/a	DI31
851.7080000000	n/a	n/a	STATUS	n/a	n/a	D255
851.9640000000	n/a	n/a	STATUS	n/a	n/a	DIN5
852.0160000000	n/a	n/a	STATUS	n/a	n/a	D255
852.4160000000	n/a	n/a	STATUS	n/a	n/a	D212
852.4640000000	n/a	n/a	STATUS	n/a	n/a	D255
852.5040000000	n/a	n/a	STATUS	n/a	n/a	DI51
852.5520000000	n/a	n/a	STATUS	n/a	n/a	D255
853.0000000000	n/a	n/a	STATUS	n/a	n/a	DI31
853.0480000000	n/a	n/a	STATUS	n/a	n/a	D255
853.3080000000	n/a	n/a	STATUS	n/a	n/a	DIN5
853.3560000000	n/a	n/a	STATUS	n/a	n/a	D255
853.7240000000	n/a	n/a	STATUS	n/a	n/a	DI81
853.7720000000	n/a	n/a	STATUS	n/a	n/a	D255
853.8120000000	n/a	n/a	STATUS	n/a	n/a	DI52
853.8600000000	n/a	n/a	STATUS	n/a	n/a	D255
854.1920000000	n/a	n/a	STATUS	n/a	n/a	DI42
854.2400000000	n/a	n/a	STATUS	n/a	n/a	D255
854.5000000000	n/a	n/a	STATUS	n/a	n/a	DIN5
854.5480000000	n/a	n/a	STATUS	n/a	n/a	D255
854.8760000000	n/a	n/a	STATUS	n/a	n/a	D204
854.9240000000	n/a	n/a	STATUS	n/a	n/a	D255
854.9640000000	n/a	n/a	STATUS	n/a	n/a	DI51
855.0120000000	n/a	n/a	STATUS	n/a	n/a	D255
855.3760000000	n/a	n/a	STATUS	n/a	n/a	DI31
855.4240000000	n/a	n/a	STATUS	n/a	n/a	D255
855.6840000000	n/a	n/a	STATUS	n/a	n/a	DIN5
855.7360000000	n/a	n/a	STATUS	n/a	n/a	D255
856.1400000000	n/a	n/a	STATUS	n/a	n/a	DI91
856.1880000000	n/a	n/a	STATUS	n/a	n/a	D255
856.2280000000	n/a	n/a	STATUS	n/a	n/a	DI54
856.2760000000	n/a	n/a	STATUS	n/a	n/a	D255
856.6240000000	n/a	n/a	STATUS	n/a	n/a	DI34
856.6760000000	n/a	n/a	STATUS	n/a	n/a	D255
856.9360000000	n/a	n/a	STATUS	n/a	n/a	DIN5
856.9840000000	n/a	n/a	STATUS	n/a	n/a	D255
857.3280000000	n/a	n/a	STATUS	n/a	n/a	DI76
857.3800000000	n/a	n/a	STATUS	n/a	n/a	D255
857.4160000000	n/a	n/a	STATUS	n/a	n/a	DI53
857.4680000000	n/a	n/a	STATUS	n/a	n/a	D255
857.7400000000	n/a	n/a	STATUS	n/a	n/a	DI43
857.7880000000	n/a	n/a	STATUS	n/a	n/a	D255
858.0480000000	n/a	n/a	STATUS	n/a	n/a	DIN5
858.1000000000	n/a	n/a	STATUS	n/a	n/a	D255
858.5560000000	n/a	n/a	STATUS	n/a	n/a	D148
858.6080000000	n/a	n/a	STATUS	n/a	n/a	D255
858.6480000000	n/a	n/a	STATUS	n/a	n/a	DI54
858.6960000000	n/a	n/a	STATUS	n/a	n/a	D255
858.9600000000	n/a	n/a	STATUS	n/a	n/a	DI34
859.0120000000	n/a	n/a	STATUS	n/a	n/a	D255
859.2680000000	n/a	n/a	STATUS	n/a	n/a	DIN5
859.3200000000	n/a	n/a	STATUS	n/a	n/a	D255
859.7560000000	n/a	n/a	STATUS	n/a	n/a	D159
859.8040000000	n/a	n/a	STATUS	n/a	n/a	D255
859.8400000000	n/a	n/a	STATUS	n/a	n/a	DI54
859.8920000000	n/a	n/a	STATUS	n/a	n/a	D255
860.2000000000	n/a	n/a	STATUS	n/a	n/a	DI34
860.2480000000	n/a	n/a	STATUS	n/a	n/a	D255
860.5080000000	n/a	n/a	STATUS	n/a	n/a	DIN5
860.5600000000	n/a	n/a	STATUS	n/a	n/a	D255
860.9440000000	n/a	n/a	STATUS	n/a	n/a	D215
860.9920000000	n/a	n/a	STATUS	n/a	n/a	D255
861.0320000000	n/a	n/a	STATUS	n/a	n/a	DI51
861.0800000000	n/a	n/a	STATUS	n/a	n/a	D255
861.5280000000	n/a	n/a	STATUS	n/a	n/a	DI31
861.5800000000	n/a	n/a	STATUS	n/a	n/a	D255
861.8360000000	n/a	n/a	STATUS	n/a	n/a	DIN5
861.8880000000	n/a	n/a	STATUS	n/a	n/a	D255
862.2720000000	n/a	n/a	STATUS	n/a	n/a	DI73
862.3240000000	n/a	n/a	STATUS	n/a	n/a	D255
862.3600000000	n/a	n/a	STATUS	n/a	n/a	DI54
862.4120000000	n/a	n/a	STATUS	n/a	n/a	D255
862.7480000000	n/a	n/a	STATUS	n/a	n/a	DI34
862.7960000000	n/a	n/a	STATUS	n/a	n/a	D255
863.0560000000	n/a	n/a	STATUS	n/a	n/a	DIN5
863.1080000000	n/a	n/a	STATUS	n/a	n/a	D255
863.6000000000	n/a	n/a	STATUS	n/a	n/a	D102
863.6520000000	n/a	n/a	STATUS	n/a	n/a	D255
863.6880000000	n/a	n/a	STATUS	n/a	n/a	DI53
863.7400000000	n/a	n/a	STATUS	n/a	n/a	D255
864.1040000000	n/a	n/a	STATUS	n/a	n/a	DI43
864.1560000000	n/a	n/a	STATUS	n/a	n/a	D255
864.4160000000	n/a	n/a	STATUS	n/a	n/a	DIN5
864.4640000000	n/a	n/a	STATUS	n/a	n/a	D255
864.9560000000	n/a	n/a	STATUS	n/a	n/a	D206
865.0040000000	n/a	n/a	STATUS	n/a	n/a	D255
865.0440000000	n/a	n/a	STATUS	n/a	n/a	DI51
865.0920000000	n/a	n/a	STATUS	n/a	n/a	D255
865.5440000000	n/a	n/a	STATUS	n/a	n/a	DI21
865.5920000000	n/a	n/a	STATUS	n/a	n/a	D255
865.5960000000	n/a	n/a	STATUS	n/a	n/a	DIN4
865.6480000000	n/a	n/a	STATUS	n/a	n/a	D255
866.4040000000	n/a	n/a	STATUS	n/a	n/a	DIN5
866.4520000000	n/a	n/a	STATUS	n/a	n/a	D255
866.8320000000	n/a	n/a	STATUS	n/a	n/a	D100
866.8840000000	n/a	n/a	STATUS	n/a	n/a	D255
866.9200000000	n/a	n/a	STATUS	n/a	n/a	DI52
866.9680000000	n/a	n/a	STATUS	n/a	n/a	D255
867.3800000000	n/a	n/a	STATUS	n/a	n/a	DI42
867.4280000000	n/a	n/a	STATUS	n/a	n/a	D255
867.6880000000	n/a	n/a	STATUS	n/a	n/a	DIN5
867.7400000000	n/a	n/a	STATUS	n/a	n/a	D255
868.2280000000	n/a	n/a	STATUS	n/a	n/a	DI97
868.2800000000	n/a	n/a	STATUS	n/a	n/a	D255
868.3160000000	n/a	n/a	STATUS	n/a	n/a	DI53
868.3680000000	n/a	n/a	STATUS	n/a	n/a	D255
868.7600000000	n/a	n/a	STATUS	n/a	n/a	DI43
868.8080000000	n/a	n/a	STATUS	n/a	n/a	D255
869.0680000000	n/a	n/a	STATUS	n/a	n/a	DIN5
869.1200000000	n/a	n/a	STATUS	n/a	n/a	D255
869.5240000000	n/a	n/a	STATUS	n/a	n/a	D153
869.5760000000	n/a	n/a	STATUS	n/a	n/a	D255
869.6120000000	n/a	n/a	STATUS	n/a	n/a	DI51
869.6600000000	n/a	n/a	STATUS	n/a	n/a	D255
870.0440000000	n/a	n/a	STATUS	n/a	n/a	DI31
870.0920000000	n/a	n/a	STATUS	n/a	n/a	D255
870.3520000000	n/a	n/a	STATUS	n/a	n/a	DIN5
870.4040000000	n/a	n/a	STATUS	n/a	n/a	D255
870.7960000000	n/a	n/a	STATUS	n/a	n/a	D101
870.8480000000	n/a	n/a	STATUS	n/a	n/a	D255
870.8840000000	n/a	n/a	STATUS	n/a	n/a	DI52
870.9360000000	n/a	n/a	STATUS	n/a	n/a	D255
871.3120000000	n/a	n/a	STATUS	n/a	n/a	DI42
871.3600000000	n/a	n/a	STATUS	n/a	n/a	D255
871.6200000000	n/a	n/a	STATUS	n/a	n/a	DIN5
871.6720000000	n/a	n/a	STATUS	n/a	n/a	D255
872.1200000000	n/a	n/a	STATUS	n/a	n/a	D144
872.1720000000	n/a	n/a	STATUS	n/a	n/a	D255
872.2080000000	n/a	n/a	STATUS	n/a	n/a	DI53
872.2600000000	n/a	n/a	STATUS	n/a	n/a	D255
872.5760000000	n/a	n/a	STATUS	n/a	n/a	DI43
872.6280000000	n/a	n/a	STATUS	n/a	n/a	D255
872.8880000000	n/a	n/a	STATUS	n/a	n/a	DIN5
872.9360000000	n/a	n/a	STATUS	n/a	n/a	D255
873.2880000000	n/a	n/a	STATUS	n/a	n/a	D122
873.3360000000	n/a	n/a	STATUS	n/a	n/a	D255
873.3760000000	n/a	n/a	STATUS	n/a	n/a	DI54
873.4240000000	n/a	n/a	STATUS	n/a	n/a	D255
873.7400000000	n/a	n/a	STATUS	n/a	n/a	DI34
873.7880000000	n/a	n/a	STATUS	n/a	n/a	D255
874.0480000000	n/a	n/a	STATUS	n/a	n/a	DIN5
874.1000000000	n/a	n/a	STATUS	n/a	n/a	D255
874.4880000000	n/a	n/a	STATUS	n/a	n/a	D116
874.5400000000	n/a	n/a	STATUS	n/a	n/a	D255
874.5760000000	n/a	n/a	STATUS	n/a	n/a	DI53
874.6240000000	n/a	n/a	STATUS	n/a	n/a	D255
874.9080000000	n/a	n/a	STATUS	n/a	n/a	DI43
874.9560000000	n/a	n/a	STATUS	n/a	n/a	D255
875.2160000000	n/a	n/a	STATUS	n/a	n/a	DIN5
875.2640000000	n/a	n/a	STATUS	n/a	n/a	D255
875.6440000000	n/a	n/a	STATUS	n/a	n/a	DI83
875.6960000000	n/a	n/a	STATUS	n/a	n/a	D255
875.7320000000	n/a	n/a	STATUS	n/a	n/a	DI51
875.7840000000	n/a	n/a	STATUS	n/a	n/a	D255
876.0880000000	n/a	n/a	STATUS	n/a	n/a	DI21
876.1400000000	n/a	n/a	STATUS	n/a	n/a	D255
876.1440000000	n/a	n/a	STATUS	n/a	n/a	DIN4
876.1960000000	n/a	n/a	STATUS	n/a	n/a	D255
876.9480000000	n/a	n/a	STATUS	n/a	n/a	DIN5
877.0000000000	n/a	n/a	STATUS	n/a	n/a	D255
877.4280000000	n/a	n/a	STATUS	n/a	n/a	D188
877.4800000000	n/a	n/a	STATUS	n/a	n/a	D255
877.5160000000	n/a	n/a	STATUS	n/a	n/a	DI54
877.5680000000	n/a	n/a	STATUS	n/a	n/a	D255
877.8720000000	n/a	n/a	STATUS	n/a	n/a	DI34
877.9200000000	n/a	n/a	STATUS	n/a	n/a	D255
878.1800000000	n/a	n/a	STATUS	n/a	n/a	DIN5
878.2280000000	n/a	n/a	STATUS	n/a	n/a	D255
878.6680000000	n/a	n/a	STATUS	n/a	n/a	DI99
878.7200000000	n/a	n/a	STATUS	n/a	n/a	D255
878.7560000000	n/a	n/a	STATUS	n/a	n/a	DI54
878.8080000000	n/a	n/a	STATUS	n/a	n/a	D255
879.1560000000	n/a	n/a	STATUS	n/a	n/a	DI34
879.2040000000	n/a	n/a	STATUS	n/a	n/a	D255
879.4640000000	n/a	n/a	STATUS	n/a	n/a	DIN5
879.5120000000	n/a	n/a	STATUS	n/a	n/a	D255
880.0000000000	n/a	n/a	STATUS	n/a	n/a	D141
880.0480000000	n/a	n/a	STATUS	n/a	n/a	D255
880.0840000000	n/a	n/a	STATUS	n/a	n/a	DI54
880.1360000000	n/a	n/a	STATUS	n/a	n/a	D255
880.4280000000	n/a	n/a	STATUS	n/a	n/a	DI34
880.4800000000	n/a	n/a	STATUS	n/a	n/a	D255
880.7400000000	n/a	n/a	STATUS	n/a	n/a	DIN5
880.7880000000	n/a	n/a	STATUS	n/a	n/a	D255
881.1720000000	n/a	n/a	STATUS	n/a	n/a	D252
881.2240000000	n/a	n/a	STATUS	n/a	n/a	D255
881.2600000000	n/a	n/a	STATUS	n/a	n/a	DI54
881.3120000000	n/a	n/a	STATUS	n/a	n/a	D255
881.7520000000	n/a	n/a	STATUS	n/a	n/a	DI34
881.8040000000	n/a	n/a	STATUS	n/a	n/a	D255
882.0640000000	n/a	n/a	STATUS	n/a	n/a	DIN5
882.1120000000	n/a	n/a	STATUS	n/a	n/a	D255
882.5920000000	n/a	n/a	STATUS	n/a	n/a	D181
882.6440000000	n/a	n/a	STATUS	n/a	n/a	D255
882.6800000000	n/a	n/a	STATUS	n/a	n/a	DI54
882.7320000000	n/a	n/a	STATUS	n/a	n/a	D255
883.0040000000	n/a	n/a	STATUS	n/a	n/a	DI34
883.0560000000	n/a	n/a	STATUS	n/a	n/a	D255
883.3120000000	n/a	n/a	STATUS	n/a	n/a	DIN5
883.3640000000	n/a	n/a	STATUS	n/a	n/a	D255
883.8280000000	n/a	n/a	STATUS	n/a	n/a	D111
883.8800000000	n/a	n/a	STATUS	n/a	n/a	D255
883.9160000000	n/a	n/a	STATUS	n/a	n/a	DI53
883.9680000000	n/a	n/a	STATUS	n/a	n/a	D255
884.2640000000	n/a	n/a	STATUS	n/a	n/a	DI43
884.3160000000	n/a	n/a	STATUS	n/a	n/a	D255
884.5760000000	n/a	n/a	STATUS	n/a	n/a	DIN5
884.6240000000	n/a	n/a	STATUS	n/a	n/a	D255
885.1280000000	n/a	n/a	STATUS	n/a	n/a	D223
885.1800000000	n/a	n/a	STATUS	n/a	n/a	D255
885.2160000000	n/a	n/a	STATUS	n/a	n/a	DI52
885.2640000000	n/a	n/a	STATUS	n/a	n/a	D255
885.6400000000	n/a	n/a	STATUS	n/a	n/a	DI12
885.6920000000	n/a	n/a	STATUS	n/a	n/a	D255
885.6960000000	n/a	n/a	STATUS	n/a	n/a	DIN4
885.7440000000	n/a	n/a	STATUS	n/a	n/a	D255
886.5000000000	n/a	n/a	STATUS	n/a	n/a	DIN5
886.5520000000	n/a	n/a	STATUS	n/a	n/a	D255
886.9440000000	n/a	n/a	STATUS	n/a	n/a	DI88
886.9960000000	n/a	n/a	STATUS	n/a	n/a	D255
887.0320000000	n/a	n/a	STATUS	n/a	n/a	DI53
887.0840000000	n/a	n/a	STATUS	n/a	n/a	D255
887.3560000000	n/a	n/a	STATUS	n/a	n/a	DI43
887.4040000000	n/a	n/a	STATUS	n/a	n/a	D255
887.6640000000	n/a	n/a	STATUS	n/a	n/a	DIN5
887.7120000000	n/a	n/a	STATUS	n/a	n/a	D255
888.2160000000	n/a	n/a	STATUS	n/a	n/a	DI79
888.2680000000	n/a	n/a	STATUS	n/a	n/a	D255
888.3040000000	n/a	n/a	STATUS	n/a	n/a	DI54
888.3560000000	n/a	n/a	STATUS	n/a	n/a	D255
888.6440000000	n/a	n/a	STATUS	n/a	n/a	DI34
888.6960000000	n/a	n/a	STATUS	n/a	n/a	D255
888.9560000000	n/a	n/a	STATUS	n/a	n/a	DIN5
889.0040000000	n/a	n/a	STATUS	n/a	n/a	D255
889.4560000000	n/a	n/a	STATUS	n/a	n/a	D174
889.5040000000	n/a	n/a	STATUS	n/a	n/a	D255
889.5440000000	n/a	n/a	STATUS	n/a	n/a	DI51
889.5920000000	n/a	n/a	STATUS	n/a	n/a	D255
889.9240000000	n/a	n/a	STATUS	n/a	n/a	DI21
889.9760000000	n/a	n/a	STATUS	n/a	n/a	DIN4
889.9760000000	n/a	n/a	STATUS	n/a	n/a	D255
890.0280000000	n/a	n/a	STATUS	n/a	n/a	D255
890.7840000000	n/a	n/a	STATUS	n/a	n/a	DIN5
890.8360000000	n/a	n/a	STATUS	n/a	n/a	D255
891.2400000000	n/a	n/a	STATUS	n/a	n/a	D236
891.2880000000	n/a	n/a	STATUS	n/a	n/a	D255
891.3240000000	n/a	n/a	STATUS	n/a	n/a	DI54
891.3760000000	n/a	n/a	STATUS	n/a	n/a	D255
891.6560000000	n/a	n/a	STATUS	n/a	n/a	DI34
891.7080000000	n/a	n/a	STATUS	n/a	n/a	D255
891.9680000000	n/a	n/a	STATUS	n/a	n/a	DIN5
892.0160000000	n/a	n/a	STATUS	n/a	n/a	D255
892.5160000000	n/a	n/a	STATUS	n/a	n/a	D149
892.5680000000	n/a	n/a	STATUS	n/a	n/a	D255
892.6040000000	n/a	n/a	STATUS	n/a	n/a	DI54
892.6520000000	n/a	n/a	STATUS	n/a	n/a	D255
893.6800000000	n/a	n/a	STATUS	n/a	n/a	DIN3
893.7320000000	n/a	n/a	STATUS	n/a	n/a	D255
894.4880000000	n/a	n/a	STATUS	n/a	n/a	DIN5
894.5360000000	n/a	n/a	STATUS	n/a	n/a	D255
894.9560000000	n/a	n/a	STATUS	n/a	n/a	D229
895.0040000000	n/a	n/a	STATUS	n/a	n/a	D255
895.0440000000	n/a	n/a	STATUS	n/a	n/a	DI53
895.0920000000	n/a	n/a	STATUS	n/a	n/a	D255
895.4600000000	n/a	n/a	STATUS	n/a	n/a	DI43
895.5080000000	n/a	n/a	STATUS	n/a	n/a	D255
895.7680000000	n/a	n/a	STATUS	n/a	n/a	DIN5
895.8200000000	n/a	n/a	STATUS	n/a	n/a	D255
896.1280000000	n/a	n/a	STATUS	n/a	n/a	D248
896.1800000000	n/a	n/a	STATUS	n/a	n/a	D255
896.2160000000	n/a	n/a	STATUS	n/a	n/a	DI53
896.2680000000	n/a	n/a	STATUS	n/a	n/a	D255
896.5840000000	n/a	n/a	STATUS	n/a	n/a	DI43
896.6360000000	n/a	n/a	STATUS	n/a	n/a	D255
896.8960000000	n/a	n/a	STATUS	n/a	n/a	DIN5
896.9440000000	n/a	n/a	STATUS	n/a	n/a	D255
897.3400000000	n/a	n/a	STATUS	n/a	n/a	DI66
897.3880000000	n/a	n/a	STATUS	n/a	n/a	D255
897.4280000000	n/a	n/a	STATUS	n/a	n/a	DI52
897.4760000000	n/a	n/a	STATUS	n/a	n/a	D255
897.8600000000	n/a	n/a	STATUS	n/a	n/a	DI42
897.9120000000	n/a	n/a	STATUS	n/a	n/a	D255
898.1680000000	n/a	n/a	STATUS	n/a	n/a	DIN5
898.2200000000	n/a	n/a	STATUS	n/a	n/a	D255
898.6560000000	n/a	n/a	STATUS	n/a	n/a	D191
898.7040000000	n/a	n/a	STATUS	n/a	n/a	D255
898.7440000000	n/a	n/a	STATUS	n/a	n/a	DI54
898.7920000000	n/a	n/a	STATUS	n/a	n/a	D255
899.1000000000	n/a	n/a	STATUS	n/a	n/a	DI34
899.1520000000	n/a	n/a	STATUS	n/a	n/a	D255
899.4120000000	n/a	n/a	STATUS	n/a	n/a	DIN5
899.4600000000	n/a	n/a	STATUS	n/a	n/a	D255
899.9040000000	n/a	n/a	STATUS	n/a	n/a	D231
899.9560000000	n/a	n/a	STATUS	n/a	n/a	D255
899.9920000000	n/a	n/a	STATUS	n/a	n/a	DI54
900.0440000000	n/a	n/a	STATUS	n/a	n/a	D255
900.3440000000	n/a	n/a	STATUS	n/a	n/a	DI34
900.3920000000	n/a	n/a	STATUS	n/a	n/a	D255
900.6520000000	n/a	n/a	STATUS	n/a	n/a	DIN5
900.7040000000	n/a	n/a	STATUS	n/a	n/a	D255
901.1800000000	n/a	n/a	STATUS	n/a	n/a	D154
901.2320000000	n/a	n/a	STATUS	n/a	n/a	D255
901.2680000000	n/a	n/a	STATUS	n/a	n/a	DI52
901.3200000000	n/a	n/a	STATUS	n/a	n/a	D255
901.6640000000	n/a	n/a	STATUS	n/a	n/a	DI42
901.7160000000	n/a	n/a	STATUS	n/a	n/a	D255
901.9720000000	n/a	n/a	STATUS	n/a	n/a	DIN5
902.0240000000	n/a	n/a	STATUS	n/a	n/a	D255
902.3720000000	n/a	n/a	STATUS	n/a	n/a	D120
902.4240000000	n/a	n/a	STATUS	n/a	n/a	D255
902.4600000000	n/a	n/a	STATUS	n/a	n/a	DI52
902.5120000000	n/a	n/a	STATUS	n/a	n/a	D255
902.9120000000	n/a	n/a	STATUS	n/a	n/a	DI42
902.9600000000	n/a	n/a	STATUS	n/a	n/a	D255
903.2200000000	n/a	n/a	STATUS	n/a	n/a	DIN5
903.2720000000	n/a	n/a	STATUS	n/a	n/a	D255
903.6040000000	n/a	n/a	STATUS	n/a	n/a	DI78
903.6560000000	n/a	n/a	STATUS	n/a	n/a	D255
903.6920000000	n/a	n/a	STATUS	n/a	n/a	DI53
903.7440000000	n/a	n/a	STATUS	n/a	n/a	D255
904.0760000000	n/a	n/a	STATUS	n/a	n/a	DI43
904.1280000000	n/a	n/a	STATUS	n/a	n/a	D255
904.3840000000	n/a	n/a	STATUS	n/a	n/a	DIN5
904.4360000000	n/a	n/a	STATUS	n/a	n/a	D255
904.9320000000	n/a	n/a	STATUS	n/a	n/a	D240
904.9800000000	n/a	n/a	STATUS	n/a	n/a	D255
905.0160000000	n/a	n/a	STATUS	n/a	n/a	DI51
905.0680000000	n/a	n/a	STATUS	n/a	n/a	D255
905.5440000000	n/a	n/a	STATUS	n/a	n/a	DI31
905.5920000000	n/a	n/a	STATUS	n/a	n/a	D255
905.8520000000	n/a	n/a	STATUS	n/a	n/a	DIN5
905.9000000000	n/a	n/a	STATUS	n/a	n/a	D255
906.2320000000	n/a	n/a	STATUS	n/a	n/a	DI70
906.2800000000	n/a	n/a	STATUS	n/a	n/a	D255
906.3200000000	n/a	n/a	STATUS	n/a	n/a	DI53
906.3680000000	n/a	n/a	STATUS	n/a	n/a	D255
906.6640000000	n/a	n/a	STATUS	n/a	n/a	DI43
906.7160000000	n/a	n/a	STATUS	n/a	n/a	D255
906.9760000000	n/a	n/a	STATUS	n/a	n/a	DIN5
907.0240000000	n/a	n/a	STATUS	n/a	n/a	D255
907.3720000000	n/a	n/a	STATUS	n/a	n/a	D194
907.4200000000	n/a	n/a	STATUS	n/a	n/a	D255
907.4560000000	n/a	n/a	STATUS	n/a	n/a	DI51
907.5080000000	n/a	n/a	STATUS	n/a	n/a	D255
907.9600000000	n/a	n/a	STATUS	n/a	n/a	DI31
908.0080000000	n/a	n/a	STATUS	n/a	n/a	D255
908.2680000000	n/a	n/a	STATUS	n/a	n/a	DIN5
908.3200000000	n/a	n/a	STATUS	n/a	n/a	D255
908.6640000000	n/a	n/a	STATUS	n/a	n/a	D169
908.7120000000	n/a	n/a	STATUS	n/a	n/a	D255
908.7520000000	n/a	n/a	STATUS	n/a	n/a	DI53
908.8000000000	n/a	n/a	STATUS	n/a	n/a	D255
909.1680000000	n/a	n/a	STATUS	n/a	n/a	DI43
909.2200000000	n/a	n/a	STATUS	n/a	n/a	D255
909.4800000000	n/a	n/a	STATUS	n/a	n/a	DIN5
909.5280000000	n/a	n/a	STATUS	n/a	n/a	D255
909.8840000000	n/a	n/a	STATUS	n/a	n/a	D103
909.9320000000	n/a	n/a	STATUS	n/a	n/a	D255
909.9720000000	n/a	n/a	STATUS	n/a	n/a	DI52
910.0200000000	n/a	n/a	STATUS	n/a	n/a	D255
910.3960000000	n/a	n/a	STATUS	n/a	n/a	DI42
910.4440000000	n/a	n/a	STATUS	n/a	n/a	D255
910.7040000000	n/a	n/a	STATUS	n/a	n/a	DIN5
910.7520000000	n/a	n/a	STATUS	n/a	n/a	D255
911.1520000000	n/a	n/a	STATUS	n/a	n/a	D117
911.2040000000	n/a	n/a	STATUS	n/a	n/a	D255
911.2400000000	n/a	n/a	STATUS	n/a	n/a	DI52
911.2920000000	n/a	n/a	STATUS	n/a	n/a	D255
911.6600000000	n/a	n/a	STATUS	n/a	n/a	DI42
911.7120000000	n/a	n/a	STATUS	n/a	n/a	D255
911.9720000000	n/a	n/a	STATUS	n/a	n/a	DIN5
912.0200000000	n/a	n/a	STATUS	n/a	n/a	D255
912.4680000000	n/a	n/a	STATUS	n/a	n/a	D228
912.5200000000	n/a	n/a	STATUS	n/a	n/a	D255
912.5560000000	n/a	n/a	STATUS	n/a	n/a	DI54
912.6080000000	n/a	n/a	STATUS	n/a	n/a	D255
912.9440000000	n/a	n/a	STATUS	n/a	n/a	DI34
912.9960000000	n/a	n/a	STATUS	n/a	n/a	D255
913.2560000000	n/a	n/a	STATUS	n/a	n/a	DIN5
913.3040000000	n/a	n/a	STATUS	n/a	n/a	D255
913.6360000000	n/a	n/a	STATUS	n/a	n/a	D217
913.6840000000	n/a	n/a	STATUS	n/a	n/a	D255
913.7240000000	n/a	n/a	STATUS	n/a	n/a	DI53
913.7720000000	n/a	n/a	STATUS	n/a	n/a	D255
914.1400000000	n/a	n/a	STATUS	n/a	n/a	DI43
914.1920000000	n/a	n/a	STATUS	n/a	n/a	D255
914.4520000000	n/a	n/a	STATUS	n/a	n/a	DIN5
914.5000000000	n/a	n/a	STATUS	n/a	n/a	D255
914.8960000000	n/a	n/a	STATUS	n/a	n/a	D186
914.9440000000	n/a	n/a	STATUS	n/a	n/a	D255
914.9840000000	n/a	n/a	STATUS	n/a	n/a	DI52
915.0320000000	n/a	n/a	STATUS	n/a	n/a	D255
915.4000000000	n/a	n/a	STATUS	n/a	n/a	DI42
915.4480000000	n/a	n/a	STATUS	n/a	n/a	D255
915.7080000000	n/a	n/a	STATUS	n/a	n/a	DIN5
915.7600000000	n/a	n/a	STATUS	n/a	n/a	D255
916.0960000000	n/a	n/a	STATUS	n/a	n/a	DI75
916.1480000000	n/a	n/a	STATUS	n/a	n/a	D255
916.1840000000	n/a	n/a	STATUS	n/a	n/a	DI51
916.2360000000	n/a	n/a	STATUS	n/a	n/a	D255
916.6320000000	n/a	n/a	STATUS	n/a	n/a	DI31
916.6800000000	n/a	n/a	STATUS	n/a	n/a	D255
916.9400000000	n/a	n/a	STATUS	n/a	n/a	DIN5
916.9920000000	n/a	n/a	STATUS	n/a	n/a	D255
917.3600000000	n/a	n/a	STATUS	n/a	n/a	D246
917.4120000000	n/a	n/a	STATUS	n/a	n/a	D255
917.4480000000	n/a	n/a	STATUS	n/a	n/a	DI52
917.5000000000	n/a	n/a	STATUS	n/a	n/a	D255
917.8800000000	n/a	n/a	STATUS	n/a	n/a	DI42
917.9320000000	n/a	n/a	STATUS	n/a	n/a	D255
918.1920000000	n/a	n/a	STATUS	n/a	n/a	DIN5
918.2400000000	n/a	n/a	STATUS	n/a	n/a	D255
918.7120000000	n/a	n/a	STATUS	n/a	n/a	D113
918.7600000000	n/a	n/a	STATUS	n/a	n/a	D255
918.8000000000	n/a	n/a	STATUS	n/a	n/a	DI52
918.8480000000	n/a	n/a	STATUS	n/a	n/a	D255
919.1920000000	n/a	n/a	STATUS	n/a	n/a	DI42
919.2400000000	n/a	n/a	STATUS	n/a	n/a	D255
919.5000000000	n/a	n/a	STATUS	n/a	n/a	DIN5
919.5520000000	n/a	n/a	STATUS	n/a	n/a	D255
919.9800000000	n/a	n/a	STATUS	n/a	n/a	D138
920.0320000000	n/a	n/a	STATUS	n/a	n/a	D255
920.0680000000	n/a	n/a	STATUS	n/a	n/a	DI52
920.1200000000	n/a	n/a	STATUS	n/a	n/a	D255
920.4920000000	n/a	n/a	STATUS	n/a	n/a	DI42
920.5440000000	n/a	n/a	STATUS	n/a	n/a	D255
920.8000000000	n/a	n/a	STATUS	n/a	n/a	DIN5
920.8520000000	n/a	n/a	STATUS	n/a	n/a	D255
921.2960000000	n/a	n/a	STATUS	n/a	n/a	DI94
921.3480000000	n/a	n/a	STATUS	n/a	n/a	D255
921.3840000000	n/a	n/a	STATUS	n/a	n/a	DI52
921.4360000000	n/a	n/a	STATUS	n/a	n/a	D255
921.9360000000	n/a	n/a	STATUS	n/a	n/a	DI42
921.9880000000	n/a	n/a	STATUS	n/a	n/a	D255
922.2440000000	n/a	n/a	STATUS	n/a	n/a	DIN5
922.2960000000	n/a	n/a	STATUS	n/a	n/a	D255
922.6240000000	n/a	n/a	STATUS	n/a	n/a	DI74
922.6760000000	n/a	n/a	STATUS	n/a	n/a	D255
922.7120000000	n/a	n/a	STATUS	n/a	n/a	DI53
922.7640000000	n/a	n/a	STATUS	n/a	n/a	D255
923.1040000000	n/a	n/a	STATUS	n/a	n/a	DI43
923.1520000000	n/a	n/a	STATUS	n/a	n/a	D255
923.4120000000	n/a	n/a	STATUS	n/a	n/a	DIN5
923.4640000000	n/a	n/a	STATUS	n/a	n/a	D255
923.8600000000	n/a	n/a	STATUS	n/a	n/a	D185
923.9120000000	n/a	n/a	STATUS	n/a	n/a	D255
923.9480000000	n/a	n/a	STATUS	n/a	n/a	DI51
924.0000000000	n/a	n/a	STATUS	n/a	n/a	D255
924.3200000000	n/a	n/a	STATUS	n/a	n/a	DI31
924.3680000000	n/a	n/a	STATUS	n/a	n/a	D255
924.6280000000	n/a	n/a	STATUS	n/a	n/a	DIN5
924.6800000000	n/a	n/a	STATUS	n/a	n/a	D255
925.0840000000	n/a	n/a	STATUS	n/a	n/a	D121
925.1320000000	n/a	n/a	STATUS	n/a	n/a	D255
925.1720000000	n/a	n/a	STATUS	n/a	n/a	DI52
925.2200000000	n/a	n/a	STATUS	n/a	n/a	D255
925.5480000000	n/a	n/a	STATUS	n/a	n/a	DI42
925.6000000000	n/a	n/a	STATUS	n/a	n/a	D255
925.8600000000	n/a	n/a	STATUS	n/a	n/a	DIN5
925.9080000000	n/a	n/a	STATUS	n/a	n/a	D255
926.3800000000	n/a	n/a	STATUS	n/a	n/a	D114
926.4280000000	n/a	n/a	STATUS	n/a	n/a	D255
926.4680000000	n/a	n/a	STATUS	n/a	n/a	DI54
926.5160000000	n/a	n/a	STATUS	n/a	n/a	D255
926.8160000000	n/a	n/a	STATUS	n/a	n/a	DI34
926.8640000000	n/a	n/a	STATUS	n/a	n/a	D255
927.1240000000	n/a	n/a	STATUS	n/a	n/a	DIN5
927.1720000000	n/a	n/a	STATUS	n/a	n/a	D255
927.6640000000	n/a	n/a	STATUS	n/a	n/a	D106
927.7120000000	n/a	n/a	STATUS	n/a	n/a	D255
927.7520000000	n/a	n/a	STATUS	n/a	n/a	DI53
927.8000000000	n/a	n/a	STATUS	n/a	n/a	D255
928.0640000000	n/a	n/a	STATUS	n/a	n/a	DI43
928.1120000000	n/a	n/a	STATUS	n/a	n/a	D255
928.3720000000	n/a	n/a	STATUS	n/a	n/a	DIN5
928.4240000000	n/a	n/a	STATUS	n/a	n/a	D255
928.8760000000	n/a	n/a	STATUS	n/a	n/a	D124
928.9280000000	n/a	n/a	STATUS	n/a	n/a	D255
928.9640000000	n/a	n/a	STATUS	n/a	n/a	DI51
929.0120000000	n/a	n/a	STATUS	n/a	n/a	D255
929.3520000000	n/a	n/a	STATUS	n/a	n/a	DI31
929.4040000000	n/a	n/a	STATUS	n/a	n/a	D255
929.6600000000	n/a	n/a	STATUS	n/a	n/a	DIN5
929.7120000000	n/a	n/a	STATUS	n/a	n/a	D255
930.1280000000	n/a	n/a	STATUS	n/a	n/a	D160
930.1760000000	n/a	n/a	STATUS	n/a	n/a	D255
930.2160000000	n/a	n/a	STATUS	n/a	n/a	DI54
930.2640000000	n/a	n/a	STATUS	n/a	n/a	D255
930.6040000000	n/a	n/a	STATUS	n/a	n/a	DI34
930.6560000000	n/a	n/a	STATUS	n/a	n/a	D255
930.9160000000	n/a	n/a	STATUS	n/a	n/a	DIN5
930.9640000000	n/a	n/a	STATUS	n/a	n/a	D255
931.3640000000	n/a	n/a	STATUS	n/a	n/a	D247
931.4160000000	n/a	n/a	STATUS	n/a	n/a	D255
931.4520000000	n/a	n/a	STATUS	n/a	n/a	DI51
931.5040000000	n/a	n/a	STATUS	n/a	n/a	D255
931.9640000000	n/a	n/a	STATUS	n/a	n/a	DI31
932.0160000000	n/a	n/a	STATUS	n/a	n/a	D255
932.2760000000	n/a	n/a	STATUS	n/a	n/a	DIN5
932.3240000000	n/a	n/a	STATUS	n/a	n/a	D255
932.7800000000	n/a	n/a	STATUS	n/a	n/a	D184
932.8320000000	n/a	n/a	STATUS	n/a	n/a	D255
932.8680000000	n/a	n/a	STATUS	n/a	n/a	DI53
932.9160000000	n/a	n/a	STATUS	n/a	n/a	D255
933.2760000000	n/a	n/a	STATUS	n/a	n/a	DI43
933.3280000000	n/a	n/a	STATUS	n/a	n/a	D255
933.5840000000	n/a	n/a	STATUS	n/a	n/a	DIN5
933.6360000000	n/a	n/a	STATUS	n/a	n/a	D255
934.0600000000	n/a	n/a	STATUS	n/a	n/a	DI95
934.1120000000	n/a	n/a	STATUS	n/a	n/a	D255
934.1480000000	n/a	n/a	STATUS	n/a	n/a	DI51
934.2000000000	n/a	n/a	STATUS	n/a	n/a	D255
934.5480000000	n/a	n/a	STATUS	n/a	n/a	DI31
934.5960000000	n/a	n/a	STATUS	n/a	n/a	D255
934.8560000000	n/a	n/a	STATUS	n/a	n/a	DIN5
934.9080000000	n/a	n/a	STATUS	n/a	n/a	D255
935.3480000000	n/a	n/a	STATUS	n/a	n/a	D226
935.3960000000	n/a	n/a	STATUS	n/a	n/a	D255
935.4360000000	n/a	n/a	STATUS	n/a	n/a	DI52
935.4840000000	n/a	n/a	STATUS	n/a	n/a	D255
935.8680000000	n/a	n/a	STATUS	n/a	n/a	DI42
935.9160000000	n/a	n/a	STATUS	n/a	n/a	D255
936.1760000000	n/a	n/a	STATUS	n/a	n/a	DIN5
936.2280000000	n/a	n/a	STATUS	n/a	n/a	D255
936.6640000000	n/a	n/a	STATUS	n/a	n/a	D127
936.7120000000	n/a	n/a	STATUS	n/a	n/a	D255
936.7480000000	n/a	n/a	STATUS	n/a	n/a	DI51
936.8000000000	n/a	n/a	STATUS	n/a	n/a	D255
937.1560000000	n/a	n/a	STATUS	n/a	n/a	DI31
937.2080000000	n/a	n/a	STATUS	n/a	n/a	D255
937.4680000000	n/a	n/a	STATUS	n/a	n/a	DIN5
937.5160000000	n/a	n/a	STATUS	n/a	n/a	D255
937.9680000000	n/a	n/a	STATUS	n/a	n/a	D201
938.0160000000	n/a	n/a	STATUS	n/a	n/a	D255
938.0520000000	n/a	n/a	STATUS	n/a	n/a	DI51
938.1040000000	n/a	n/a	STATUS	n/a	n/a	D255
938.4600000000	n/a	n/a	STATUS	n/a	n/a	DI31
938.5120000000	n/a	n/a	STATUS	n/a	n/a	D255
938.7680000000	n/a	n/a	STATUS	n/a	n/a	DIN5
938.8200000000	n/a	n/a	STATUS	n/a	n/a	D255
939.2000000000	n/a	n/a	STATUS	n/a	n/a	D146
939.2480000000	n/a	n/a	STATUS	n/a	n/a	D255
939.2480000000	n/a	n/a	STATUS	n/a	n/a	D211
939.2880000000	n/a	n/a	STATUS	n/a	n/a	DI52
939.3360000000	n/a	n/a	STATUS	n/a	n/a	D255
939.6800000000	n/a	n/a	STATUS	n/a	n/a	DI42
939.7280000000	n/a	n/a	STATUS	n/a	n/a	D255
939.9880000000	n/a	n/a	STATUS	n/a	n/a	DIN5
940.0360000000	n/a	n/a	STATUS	n/a	n/a	D255
940.3920000000	n/a	n/a	STATUS	n/a	n/a	D152
940.4440000000	n/a	n/a	STATUS	n/a	n/a	D255
940.4800000000	n/a	n/a	STATUS	n/a	n/a	DI51
940.5320000000	n/a	n/a	STATUS	n/a	n/a	D255
940.8760000000	n/a	n/a	STATUS	n/a	n/a	DI31
940.9280000000	n/a	n/a	STATUS	n/a	n/a	D255
941.1880000000	n/a	n/a	STATUS	n/a	n/a	DIN5
941.2360000000	n/a	n/a	STATUS	n/a	n/a	D255
941.7200000000	n/a	n/a	STATUS	n/a	n/a	D242
941.7720000000	n/a	n/a	STATUS	n/a	n/a	D255
941.8080000000	n/a	n/a	STATUS	n/a	n/a	DI51
941.8600000000	n/a	n/a	STATUS	n/a	n/a	D255
942.2600000000	n/a	n/a	STATUS	n/a	n/a	DI21
942.3080000000	n/a	n/a	STATUS	n/a	n/a	D255
942.3120000000	n/a	n/a	STATUS	n/a	n/a	DIN4
942.3640000000	n/a	n/a	STATUS	n/a	n/a	D255
943.1160000000	n/a	n/a	STATUS	n/a	n/a	DIN5
943.1680000000	n/a	n/a	STATUS	n/a	n/a	D255
943.5920000000	n/a	n/a	STATUS	n/a	n/a	D179
943.6440000000	n/a	n/a	STATUS	n/a	n/a	D255
943.6800000000	n/a	n/a	STATUS	n/a	n/a	DI51
943.7320000000	n/a	n/a	STATUS	n/a	n/a	D255
944.0680000000	n/a	n/a	STATUS	n/a	n/a	DI31
944.1200000000	n/a	n/a	STATUS	n/a	n/a	D255
944.3800000000	n/a	n/a	STATUS	n/a	n/a	DIN5
944.4280000000	n/a	n/a	STATUS	n/a	n/a	D255
944.8480000000	n/a	n/a	STATUS	n/a	n/a	DI92
944.9000000000	n/a	n/a	STATUS	n/a	n/a	D255
944.9360000000	n/a	n/a	STATUS	n/a	n/a	DI54
944.9880000000	n/a	n/a	STATUS	n/a	n/a	D255
945.3080000000	n/a	n/a	STATUS	n/a	n/a	DI34
945.3560000000	n/a	n/a	STATUS	n/a	n/a	D255
945.6160000000	n/a	n/a	STATUS	n/a	n/a	DIN5
945.6680000000	n/a	n/a	STATUS	n/a	n/a	D255
946.0320000000	n/a	n/a	STATUS	n/a	n/a	D187
946.0800000000	n/a	n/a	STATUS	n/a	n/a	D255
946.1200000000	n/a	n/a	STATUS	n/a	n/a	DI53
946.1680000000	n/a	n/a	STATUS	n/a	n/a	D255
946.5240000000	n/a	n/a	STATUS	n/a	n/a	DI43
946.5720000000	n/a	n/a	STATUS	n/a	n/a	D255
946.8320000000	n/a	n/a	STATUS	n/a	n/a	DIN5
946.8840000000	n/a	n/a	STATUS	n/a	n/a	D255
947.1960000000	n/a	n/a	STATUS	n/a	n/a	D151
947.2480000000	n/a	n/a	STATUS	n/a	n/a	D255
947.2840000000	n/a	n/a	STATUS	n/a	n/a	DI51
947.3360000000	n/a	n/a	STATUS	n/a	n/a	D255
947.7240000000	n/a	n/a	STATUS	n/a	n/a	DI31
947.7720000000	n/a	n/a	STATUS	n/a	n/a	D255
948.0320000000	n/a	n/a	STATUS	n/a	n/a	DIN5
948.0840000000	n/a	n/a	STATUS	n/a	n/a	D255
948.5520000000	n/a	n/a	STATUS	n/a	n/a	D214
948.6000000000	n/a	n/a	STATUS	n/a	n/a	D255
948.6400000000	n/a	n/a	STATUS	n/a	n/a	DI51
948.6880000000	n/a	n/a	STATUS	n/a	n/a	D255
949.0240000000	n/a	n/a	STATUS	n/a	n/a	DI31
949.0720000000	n/a	n/a	STATUS	n/a	n/a	D255
949.3320000000	n/a	n/a	STATUS	n/a	n/a	DIN5
949.3840000000	n/a	n/a	STATUS	n/a	n/a	D255
949.7320000000	n/a	n/a	STATUS	n/a	n/a	D145
949.7800000000	n/a	n/a	STATUS	n/a	n/a	D255
949.8200000000	n/a	n/a	STATUS	n/a	n/a	DI54
949.8680000000	n/a	n/a	STATUS	n/a	n/a	D255
950.1960000000	n/a	n/a	STATUS	n/a	n/a	DI34
950.2440000000	n/a	n/a	STATUS	n/a	n/a	D255
950.5040000000	n/a	n/a	STATUS	n/a	n/a	DIN5
950.5560000000	n/a	n/a	STATUS	n/a	n/a	D255
950.8880000000	n/a	n/a	STATUS	n/a	n/a	D123
950.9400000000	n/a	n/a	STATUS	n/a	n/a	D255
950.9760000000	n/a	n/a	STATUS	n/a	n/a	DI54
951.0280000000	n/a	n/a	STATUS	n/a	n/a	D255
951.3440000000	n/a	n/a	STATUS	n/a	n/a	DI34
951.3920000000	n/a	n/a	STATUS	n/a	n/a	D255
951.6520000000	n/a	n/a	STATUS	n/a	n/a	DIN5
951.7040000000	n/a	n/a	STATUS	n/a	n/a	D255
952.0720000000	n/a	n/a	STATUS	n/a	n/a	D233
952.1240000000	n/a	n/a	STATUS	n/a	n/a	D255
952.1600000000	n/a	n/a	STATUS	n/a	n/a	DI52
952.2120000000	n/a	n/a	STATUS	n/a	n/a	D255
952.6120000000	n/a	n/a	STATUS	n/a	n/a	DI42
952.6600000000	n/a	n/a	STATUS	n/a	n/a	D255
952.9200000000	n/a	n/a	STATUS	n/a	n/a	DIN5
952.9680000000	n/a	n/a	STATUS	n/a	n/a	D255
953.3880000000	n/a	n/a	STATUS	n/a	n/a	D253
953.4400000000	n/a	n/a	STATUS	n/a	n/a	D255
953.4760000000	n/a	n/a	STATUS	n/a	n/a	DI53
953.5280000000	n/a	n/a	STATUS	n/a	n/a	D255
953.8720000000	n/a	n/a	STATUS	n/a	n/a	DI43
953.9200000000	n/a	n/a	STATUS	n/a	n/a	D255
954.1800000000	n/a	n/a	STATUS	n/a	n/a	DIN5
954.2320000000	n/a	n/a	STATUS	n/a	n/a	D255
954.7320000000	n/a	n/a	STATUS	n/a	n/a	D139
954.7800000000	n/a	n/a	STATUS	n/a	n/a	D255
954.8200000000	n/a	n/a	STATUS	n/a	n/a	DI51
954.8680000000	n/a	n/a	STATUS	n/a	n/a	D255
955.2080000000	n/a	n/a	STATUS	n/a	n/a	DI31
955.2600000000	n/a	n/a	STATUS	n/a	n/a	D255
