onset	duration	sample	trial_type	response_time	stim_file	value
200.9200000000	n/a	n/a	STATUS	n/a	n/a	DIN5
200.9680000000	n/a	n/a	STATUS	n/a	n/a	D255
201.4480000000	n/a	n/a	STATUS	n/a	n/a	DI69
201.5000000000	n/a	n/a	STATUS	n/a	n/a	D255
201.5360000000	n/a	n/a	STATUS	n/a	n/a	DI51
201.5880000000	n/a	n/a	STATUS	n/a	n/a	D255
201.9720000000	n/a	n/a	STATUS	n/a	n/a	DI31
202.0240000000	n/a	n/a	STATUS	n/a	n/a	D255
202.2880000000	n/a	n/a	STATUS	n/a	n/a	DIN5
202.3360000000	n/a	n/a	STATUS	n/a	n/a	D255
202.8320000000	n/a	n/a	STATUS	n/a	n/a	D213
202.8800000000	n/a	n/a	STATUS	n/a	n/a	D255
202.9200000000	n/a	n/a	STATUS	n/a	n/a	DI53
202.9680000000	n/a	n/a	STATUS	n/a	n/a	D255
203.1920000000	n/a	n/a	STATUS	n/a	n/a	DI43
203.2440000000	n/a	n/a	STATUS	n/a	n/a	D255
203.5000000000	n/a	n/a	STATUS	n/a	n/a	DIN5
203.5520000000	n/a	n/a	STATUS	n/a	n/a	D255
203.9400000000	n/a	n/a	STATUS	n/a	n/a	D198
203.9920000000	n/a	n/a	STATUS	n/a	n/a	D255
204.0280000000	n/a	n/a	STATUS	n/a	n/a	DI53
204.0800000000	n/a	n/a	STATUS	n/a	n/a	D255
204.3640000000	n/a	n/a	STATUS	n/a	n/a	DI43
204.4120000000	n/a	n/a	STATUS	n/a	n/a	D255
204.6720000000	n/a	n/a	STATUS	n/a	n/a	DIN5
204.7240000000	n/a	n/a	STATUS	n/a	n/a	D255
205.1080000000	n/a	n/a	STATUS	n/a	n/a	D252
205.1560000000	n/a	n/a	STATUS	n/a	n/a	D255
205.1960000000	n/a	n/a	STATUS	n/a	n/a	DI51
205.2440000000	n/a	n/a	STATUS	n/a	n/a	D255
205.6120000000	n/a	n/a	STATUS	n/a	n/a	DI31
205.6600000000	n/a	n/a	STATUS	n/a	n/a	D255
205.9200000000	n/a	n/a	STATUS	n/a	n/a	DIN5
205.9720000000	n/a	n/a	STATUS	n/a	n/a	D255
206.3840000000	n/a	n/a	STATUS	n/a	n/a	D121
206.4360000000	n/a	n/a	STATUS	n/a	n/a	D255
206.4720000000	n/a	n/a	STATUS	n/a	n/a	DI54
206.5200000000	n/a	n/a	STATUS	n/a	n/a	D255
206.7920000000	n/a	n/a	STATUS	n/a	n/a	DI34
206.8440000000	n/a	n/a	STATUS	n/a	n/a	D255
207.1040000000	n/a	n/a	STATUS	n/a	n/a	DIN5
207.1520000000	n/a	n/a	STATUS	n/a	n/a	D255
207.4720000000	n/a	n/a	STATUS	n/a	n/a	D224
207.5240000000	n/a	n/a	STATUS	n/a	n/a	D255
207.5600000000	n/a	n/a	STATUS	n/a	n/a	DI52
207.6120000000	n/a	n/a	STATUS	n/a	n/a	D255
207.9600000000	n/a	n/a	STATUS	n/a	n/a	DI42
208.0120000000	n/a	n/a	STATUS	n/a	n/a	D255
208.2680000000	n/a	n/a	STATUS	n/a	n/a	DIN5
208.3200000000	n/a	n/a	STATUS	n/a	n/a	D255
208.8000000000	n/a	n/a	STATUS	n/a	n/a	DI82
208.8480000000	n/a	n/a	STATUS	n/a	n/a	D255
208.8880000000	n/a	n/a	STATUS	n/a	n/a	DI51
208.9360000000	n/a	n/a	STATUS	n/a	n/a	D255
209.3240000000	n/a	n/a	STATUS	n/a	n/a	DI31
209.3760000000	n/a	n/a	STATUS	n/a	n/a	D255
209.6360000000	n/a	n/a	STATUS	n/a	n/a	DIN5
209.6840000000	n/a	n/a	STATUS	n/a	n/a	D255
210.1000000000	n/a	n/a	STATUS	n/a	n/a	D169
210.1480000000	n/a	n/a	STATUS	n/a	n/a	D255
210.1880000000	n/a	n/a	STATUS	n/a	n/a	DI53
210.2360000000	n/a	n/a	STATUS	n/a	n/a	D255
210.4880000000	n/a	n/a	STATUS	n/a	n/a	DI43
210.5360000000	n/a	n/a	STATUS	n/a	n/a	D255
210.7960000000	n/a	n/a	STATUS	n/a	n/a	DIN5
210.8440000000	n/a	n/a	STATUS	n/a	n/a	D255
211.2800000000	n/a	n/a	STATUS	n/a	n/a	D159
211.3320000000	n/a	n/a	STATUS	n/a	n/a	D255
211.3680000000	n/a	n/a	STATUS	n/a	n/a	DI54
211.4200000000	n/a	n/a	STATUS	n/a	n/a	D255
211.6880000000	n/a	n/a	STATUS	n/a	n/a	DI34
211.7400000000	n/a	n/a	STATUS	n/a	n/a	D255
211.9960000000	n/a	n/a	STATUS	n/a	n/a	DIN5
212.0480000000	n/a	n/a	STATUS	n/a	n/a	D255
212.5520000000	n/a	n/a	STATUS	n/a	n/a	DI76
212.6040000000	n/a	n/a	STATUS	n/a	n/a	D255
212.6400000000	n/a	n/a	STATUS	n/a	n/a	DI54
212.6920000000	n/a	n/a	STATUS	n/a	n/a	D255
212.9120000000	n/a	n/a	STATUS	n/a	n/a	DI34
212.9640000000	n/a	n/a	STATUS	n/a	n/a	D255
213.2200000000	n/a	n/a	STATUS	n/a	n/a	DIN5
213.2720000000	n/a	n/a	STATUS	n/a	n/a	D255
213.7600000000	n/a	n/a	STATUS	n/a	n/a	D193
213.8120000000	n/a	n/a	STATUS	n/a	n/a	D255
213.8480000000	n/a	n/a	STATUS	n/a	n/a	DI54
213.9000000000	n/a	n/a	STATUS	n/a	n/a	D255
214.1240000000	n/a	n/a	STATUS	n/a	n/a	DI34
214.1720000000	n/a	n/a	STATUS	n/a	n/a	D255
214.4320000000	n/a	n/a	STATUS	n/a	n/a	DIN5
214.4800000000	n/a	n/a	STATUS	n/a	n/a	D255
214.9120000000	n/a	n/a	STATUS	n/a	n/a	D148
214.9600000000	n/a	n/a	STATUS	n/a	n/a	D255
215.0000000000	n/a	n/a	STATUS	n/a	n/a	DI54
215.0520000000	n/a	n/a	STATUS	n/a	n/a	D255
215.3000000000	n/a	n/a	STATUS	n/a	n/a	DI34
215.3520000000	n/a	n/a	STATUS	n/a	n/a	D255
215.6080000000	n/a	n/a	STATUS	n/a	n/a	DIN5
215.6600000000	n/a	n/a	STATUS	n/a	n/a	D255
215.9800000000	n/a	n/a	STATUS	n/a	n/a	D105
216.0280000000	n/a	n/a	STATUS	n/a	n/a	D255
216.0640000000	n/a	n/a	STATUS	n/a	n/a	DI51
216.1160000000	n/a	n/a	STATUS	n/a	n/a	D255
216.4720000000	n/a	n/a	STATUS	n/a	n/a	DI31
216.5240000000	n/a	n/a	STATUS	n/a	n/a	D255
216.7840000000	n/a	n/a	STATUS	n/a	n/a	DIN5
216.8320000000	n/a	n/a	STATUS	n/a	n/a	D255
217.2840000000	n/a	n/a	STATUS	n/a	n/a	D238
217.3320000000	n/a	n/a	STATUS	n/a	n/a	D255
217.3720000000	n/a	n/a	STATUS	n/a	n/a	DI54
217.4200000000	n/a	n/a	STATUS	n/a	n/a	D255
217.6600000000	n/a	n/a	STATUS	n/a	n/a	DI34
217.7080000000	n/a	n/a	STATUS	n/a	n/a	D255
217.9680000000	n/a	n/a	STATUS	n/a	n/a	DIN5
218.0200000000	n/a	n/a	STATUS	n/a	n/a	D255
218.3800000000	n/a	n/a	STATUS	n/a	n/a	D244
218.4280000000	n/a	n/a	STATUS	n/a	n/a	D255
218.4680000000	n/a	n/a	STATUS	n/a	n/a	DI53
218.5160000000	n/a	n/a	STATUS	n/a	n/a	D255
218.7880000000	n/a	n/a	STATUS	n/a	n/a	DI43
218.8400000000	n/a	n/a	STATUS	n/a	n/a	D255
219.0960000000	n/a	n/a	STATUS	n/a	n/a	DIN5
219.1480000000	n/a	n/a	STATUS	n/a	n/a	D255
219.4960000000	n/a	n/a	STATUS	n/a	n/a	D119
219.5480000000	n/a	n/a	STATUS	n/a	n/a	D255
219.5840000000	n/a	n/a	STATUS	n/a	n/a	DI51
219.6360000000	n/a	n/a	STATUS	n/a	n/a	D255
219.9880000000	n/a	n/a	STATUS	n/a	n/a	DI31
220.0400000000	n/a	n/a	STATUS	n/a	n/a	D255
220.2960000000	n/a	n/a	STATUS	n/a	n/a	DIN5
220.3480000000	n/a	n/a	STATUS	n/a	n/a	D255
220.7120000000	n/a	n/a	STATUS	n/a	n/a	DI98
220.7640000000	n/a	n/a	STATUS	n/a	n/a	D255
220.8000000000	n/a	n/a	STATUS	n/a	n/a	DI51
220.8480000000	n/a	n/a	STATUS	n/a	n/a	D255
221.2640000000	n/a	n/a	STATUS	n/a	n/a	DI31
221.3160000000	n/a	n/a	STATUS	n/a	n/a	D255
221.5720000000	n/a	n/a	STATUS	n/a	n/a	DIN5
221.6240000000	n/a	n/a	STATUS	n/a	n/a	D255
221.9520000000	n/a	n/a	STATUS	n/a	n/a	D145
222.0040000000	n/a	n/a	STATUS	n/a	n/a	D255
222.0400000000	n/a	n/a	STATUS	n/a	n/a	DI52
222.0920000000	n/a	n/a	STATUS	n/a	n/a	D255
222.5480000000	n/a	n/a	STATUS	n/a	n/a	DI42
222.5960000000	n/a	n/a	STATUS	n/a	n/a	D255
222.8560000000	n/a	n/a	STATUS	n/a	n/a	DIN5
222.9040000000	n/a	n/a	STATUS	n/a	n/a	D255
223.2720000000	n/a	n/a	STATUS	n/a	n/a	D208
223.3200000000	n/a	n/a	STATUS	n/a	n/a	D255
223.3560000000	n/a	n/a	STATUS	n/a	n/a	DI53
223.4080000000	n/a	n/a	STATUS	n/a	n/a	D255
223.7160000000	n/a	n/a	STATUS	n/a	n/a	DI43
223.7640000000	n/a	n/a	STATUS	n/a	n/a	D255
224.0240000000	n/a	n/a	STATUS	n/a	n/a	DIN5
224.0720000000	n/a	n/a	STATUS	n/a	n/a	D255
224.4640000000	n/a	n/a	STATUS	n/a	n/a	DI93
224.5120000000	n/a	n/a	STATUS	n/a	n/a	D255
224.5120000000	n/a	n/a	STATUS	n/a	n/a	D221
224.5520000000	n/a	n/a	STATUS	n/a	n/a	DI51
224.6040000000	n/a	n/a	STATUS	n/a	n/a	D255
224.9760000000	n/a	n/a	STATUS	n/a	n/a	DI31
225.0280000000	n/a	n/a	STATUS	n/a	n/a	D255
225.2880000000	n/a	n/a	STATUS	n/a	n/a	DIN5
225.3360000000	n/a	n/a	STATUS	n/a	n/a	D255
225.7920000000	n/a	n/a	STATUS	n/a	n/a	D129
225.8400000000	n/a	n/a	STATUS	n/a	n/a	D255
225.8800000000	n/a	n/a	STATUS	n/a	n/a	DI53
225.9280000000	n/a	n/a	STATUS	n/a	n/a	D255
226.2360000000	n/a	n/a	STATUS	n/a	n/a	DI13
226.2880000000	n/a	n/a	STATUS	n/a	n/a	D255
226.2920000000	n/a	n/a	STATUS	n/a	n/a	DIN4
226.3440000000	n/a	n/a	STATUS	n/a	n/a	D255
227.0960000000	n/a	n/a	STATUS	n/a	n/a	DIN5
227.1480000000	n/a	n/a	STATUS	n/a	n/a	D255
227.4840000000	n/a	n/a	STATUS	n/a	n/a	D232
227.5320000000	n/a	n/a	STATUS	n/a	n/a	D255
227.5680000000	n/a	n/a	STATUS	n/a	n/a	DI52
227.6200000000	n/a	n/a	STATUS	n/a	n/a	D255
228.1440000000	n/a	n/a	STATUS	n/a	n/a	DI42
228.1960000000	n/a	n/a	STATUS	n/a	n/a	D255
228.4520000000	n/a	n/a	STATUS	n/a	n/a	DIN5
228.5040000000	n/a	n/a	STATUS	n/a	n/a	D255
228.8480000000	n/a	n/a	STATUS	n/a	n/a	D132
228.8960000000	n/a	n/a	STATUS	n/a	n/a	D255
228.9360000000	n/a	n/a	STATUS	n/a	n/a	DI53
228.9840000000	n/a	n/a	STATUS	n/a	n/a	D255
229.3000000000	n/a	n/a	STATUS	n/a	n/a	DI43
229.3520000000	n/a	n/a	STATUS	n/a	n/a	D255
229.6080000000	n/a	n/a	STATUS	n/a	n/a	DIN5
229.6600000000	n/a	n/a	STATUS	n/a	n/a	D255
230.1000000000	n/a	n/a	STATUS	n/a	n/a	DI68
230.1480000000	n/a	n/a	STATUS	n/a	n/a	D255
230.1880000000	n/a	n/a	STATUS	n/a	n/a	DI52
230.2360000000	n/a	n/a	STATUS	n/a	n/a	D255
230.5640000000	n/a	n/a	STATUS	n/a	n/a	DI42
230.6120000000	n/a	n/a	STATUS	n/a	n/a	D255
230.8720000000	n/a	n/a	STATUS	n/a	n/a	DIN5
230.9240000000	n/a	n/a	STATUS	n/a	n/a	D255
231.2920000000	n/a	n/a	STATUS	n/a	n/a	D207
231.3440000000	n/a	n/a	STATUS	n/a	n/a	D255
231.3800000000	n/a	n/a	STATUS	n/a	n/a	DI54
231.4280000000	n/a	n/a	STATUS	n/a	n/a	D255
231.7320000000	n/a	n/a	STATUS	n/a	n/a	DI34
231.7840000000	n/a	n/a	STATUS	n/a	n/a	D255
232.0400000000	n/a	n/a	STATUS	n/a	n/a	DIN5
232.0920000000	n/a	n/a	STATUS	n/a	n/a	D255
232.4120000000	n/a	n/a	STATUS	n/a	n/a	D225
232.4600000000	n/a	n/a	STATUS	n/a	n/a	D255
232.5000000000	n/a	n/a	STATUS	n/a	n/a	DI51
232.5480000000	n/a	n/a	STATUS	n/a	n/a	D255
232.9360000000	n/a	n/a	STATUS	n/a	n/a	DI21
232.9840000000	n/a	n/a	STATUS	n/a	n/a	D255
232.9920000000	n/a	n/a	STATUS	n/a	n/a	DIN4
233.0400000000	n/a	n/a	STATUS	n/a	n/a	D255
233.7960000000	n/a	n/a	STATUS	n/a	n/a	DIN5
233.8440000000	n/a	n/a	STATUS	n/a	n/a	D255
234.3360000000	n/a	n/a	STATUS	n/a	n/a	D135
234.3840000000	n/a	n/a	STATUS	n/a	n/a	D255
234.4240000000	n/a	n/a	STATUS	n/a	n/a	DI54
234.4760000000	n/a	n/a	STATUS	n/a	n/a	D255
234.7640000000	n/a	n/a	STATUS	n/a	n/a	DI34
234.8160000000	n/a	n/a	STATUS	n/a	n/a	D255
235.0760000000	n/a	n/a	STATUS	n/a	n/a	DIN5
235.1240000000	n/a	n/a	STATUS	n/a	n/a	D255
235.5600000000	n/a	n/a	STATUS	n/a	n/a	DI75
235.6080000000	n/a	n/a	STATUS	n/a	n/a	D255
235.6480000000	n/a	n/a	STATUS	n/a	n/a	DI54
235.6960000000	n/a	n/a	STATUS	n/a	n/a	D255
235.9760000000	n/a	n/a	STATUS	n/a	n/a	DI34
236.0240000000	n/a	n/a	STATUS	n/a	n/a	D255
236.2840000000	n/a	n/a	STATUS	n/a	n/a	DIN5
236.3360000000	n/a	n/a	STATUS	n/a	n/a	D255
236.6480000000	n/a	n/a	STATUS	n/a	n/a	DI66
236.7000000000	n/a	n/a	STATUS	n/a	n/a	D255
236.7360000000	n/a	n/a	STATUS	n/a	n/a	DI53
236.7840000000	n/a	n/a	STATUS	n/a	n/a	D255
237.0640000000	n/a	n/a	STATUS	n/a	n/a	DI43
237.1120000000	n/a	n/a	STATUS	n/a	n/a	D255
237.3720000000	n/a	n/a	STATUS	n/a	n/a	DIN5
237.4200000000	n/a	n/a	STATUS	n/a	n/a	D255
237.8840000000	n/a	n/a	STATUS	n/a	n/a	D205
237.9360000000	n/a	n/a	STATUS	n/a	n/a	D255
237.9760000000	n/a	n/a	STATUS	n/a	n/a	DI52
238.0240000000	n/a	n/a	STATUS	n/a	n/a	D255
238.2640000000	n/a	n/a	STATUS	n/a	n/a	DI12
238.3160000000	n/a	n/a	STATUS	n/a	n/a	D255
238.3200000000	n/a	n/a	STATUS	n/a	n/a	DIN4
238.3680000000	n/a	n/a	STATUS	n/a	n/a	D255
239.1240000000	n/a	n/a	STATUS	n/a	n/a	DIN5
239.1760000000	n/a	n/a	STATUS	n/a	n/a	D255
239.6040000000	n/a	n/a	STATUS	n/a	n/a	D150
239.6520000000	n/a	n/a	STATUS	n/a	n/a	D255
239.6920000000	n/a	n/a	STATUS	n/a	n/a	DI53
239.7400000000	n/a	n/a	STATUS	n/a	n/a	D255
240.0760000000	n/a	n/a	STATUS	n/a	n/a	DI43
240.1240000000	n/a	n/a	STATUS	n/a	n/a	D255
240.3840000000	n/a	n/a	STATUS	n/a	n/a	DIN5
240.4360000000	n/a	n/a	STATUS	n/a	n/a	D255
240.8920000000	n/a	n/a	STATUS	n/a	n/a	DI65
240.9440000000	n/a	n/a	STATUS	n/a	n/a	D255
240.9800000000	n/a	n/a	STATUS	n/a	n/a	DI54
241.0320000000	n/a	n/a	STATUS	n/a	n/a	D255
241.3720000000	n/a	n/a	STATUS	n/a	n/a	DI34
241.4200000000	n/a	n/a	STATUS	n/a	n/a	D255
241.6800000000	n/a	n/a	STATUS	n/a	n/a	DIN5
241.7320000000	n/a	n/a	STATUS	n/a	n/a	D255
242.1440000000	n/a	n/a	STATUS	n/a	n/a	D254
242.1960000000	n/a	n/a	STATUS	n/a	n/a	D255
242.2320000000	n/a	n/a	STATUS	n/a	n/a	DI51
242.2800000000	n/a	n/a	STATUS	n/a	n/a	D255
242.7400000000	n/a	n/a	STATUS	n/a	n/a	DI31
242.7880000000	n/a	n/a	STATUS	n/a	n/a	D255
243.0480000000	n/a	n/a	STATUS	n/a	n/a	DIN5
243.0960000000	n/a	n/a	STATUS	n/a	n/a	D255
243.4200000000	n/a	n/a	STATUS	n/a	n/a	D125
243.4720000000	n/a	n/a	STATUS	n/a	n/a	D255
243.5080000000	n/a	n/a	STATUS	n/a	n/a	DI54
243.5600000000	n/a	n/a	STATUS	n/a	n/a	D255
244.0040000000	n/a	n/a	STATUS	n/a	n/a	DI34
244.0560000000	n/a	n/a	STATUS	n/a	n/a	D255
244.3120000000	n/a	n/a	STATUS	n/a	n/a	DIN5
244.3640000000	n/a	n/a	STATUS	n/a	n/a	D255
244.8320000000	n/a	n/a	STATUS	n/a	n/a	D174
244.8840000000	n/a	n/a	STATUS	n/a	n/a	D255
244.9200000000	n/a	n/a	STATUS	n/a	n/a	DI52
244.9720000000	n/a	n/a	STATUS	n/a	n/a	D255
245.3880000000	n/a	n/a	STATUS	n/a	n/a	DI42
245.4360000000	n/a	n/a	STATUS	n/a	n/a	D255
245.6960000000	n/a	n/a	STATUS	n/a	n/a	DIN5
245.7480000000	n/a	n/a	STATUS	n/a	n/a	D255
246.0560000000	n/a	n/a	STATUS	n/a	n/a	D113
246.1040000000	n/a	n/a	STATUS	n/a	n/a	D255
246.1440000000	n/a	n/a	STATUS	n/a	n/a	DI54
246.1920000000	n/a	n/a	STATUS	n/a	n/a	D255
246.7200000000	n/a	n/a	STATUS	n/a	n/a	DI34
246.7720000000	n/a	n/a	STATUS	n/a	n/a	D255
247.0280000000	n/a	n/a	STATUS	n/a	n/a	DIN5
247.0800000000	n/a	n/a	STATUS	n/a	n/a	D255
247.3880000000	n/a	n/a	STATUS	n/a	n/a	D136
247.4400000000	n/a	n/a	STATUS	n/a	n/a	D255
247.4760000000	n/a	n/a	STATUS	n/a	n/a	DI54
247.5240000000	n/a	n/a	STATUS	n/a	n/a	D255
247.9520000000	n/a	n/a	STATUS	n/a	n/a	DI34
248.0040000000	n/a	n/a	STATUS	n/a	n/a	D255
248.2640000000	n/a	n/a	STATUS	n/a	n/a	DIN5
248.3120000000	n/a	n/a	STATUS	n/a	n/a	D255
248.6320000000	n/a	n/a	STATUS	n/a	n/a	D219
248.6800000000	n/a	n/a	STATUS	n/a	n/a	D255
248.7200000000	n/a	n/a	STATUS	n/a	n/a	DI51
248.7680000000	n/a	n/a	STATUS	n/a	n/a	D255
249.1160000000	n/a	n/a	STATUS	n/a	n/a	DI31
249.1640000000	n/a	n/a	STATUS	n/a	n/a	D255
249.4240000000	n/a	n/a	STATUS	n/a	n/a	DIN5
249.4760000000	n/a	n/a	STATUS	n/a	n/a	D255
249.9000000000	n/a	n/a	STATUS	n/a	n/a	D222
249.9480000000	n/a	n/a	STATUS	n/a	n/a	D255
249.9880000000	n/a	n/a	STATUS	n/a	n/a	DI52
250.0360000000	n/a	n/a	STATUS	n/a	n/a	D255
250.3840000000	n/a	n/a	STATUS	n/a	n/a	DI42
250.4320000000	n/a	n/a	STATUS	n/a	n/a	D255
250.6920000000	n/a	n/a	STATUS	n/a	n/a	DIN5
250.7440000000	n/a	n/a	STATUS	n/a	n/a	D255
251.0720000000	n/a	n/a	STATUS	n/a	n/a	D122
251.1240000000	n/a	n/a	STATUS	n/a	n/a	D255
251.1600000000	n/a	n/a	STATUS	n/a	n/a	DI53
251.2120000000	n/a	n/a	STATUS	n/a	n/a	D255
251.5960000000	n/a	n/a	STATUS	n/a	n/a	DI43
251.6480000000	n/a	n/a	STATUS	n/a	n/a	D255
251.9080000000	n/a	n/a	STATUS	n/a	n/a	DIN5
251.9560000000	n/a	n/a	STATUS	n/a	n/a	D255
252.3400000000	n/a	n/a	STATUS	n/a	n/a	D120
252.3920000000	n/a	n/a	STATUS	n/a	n/a	D255
252.4280000000	n/a	n/a	STATUS	n/a	n/a	DI53
252.4800000000	n/a	n/a	STATUS	n/a	n/a	D255
252.7760000000	n/a	n/a	STATUS	n/a	n/a	DI43
252.8280000000	n/a	n/a	STATUS	n/a	n/a	D255
253.0880000000	n/a	n/a	STATUS	n/a	n/a	DIN5
253.1360000000	n/a	n/a	STATUS	n/a	n/a	D255
253.5960000000	n/a	n/a	STATUS	n/a	n/a	D194
253.6480000000	n/a	n/a	STATUS	n/a	n/a	D255
253.6840000000	n/a	n/a	STATUS	n/a	n/a	DI51
253.7320000000	n/a	n/a	STATUS	n/a	n/a	D255
254.0920000000	n/a	n/a	STATUS	n/a	n/a	DI31
254.1400000000	n/a	n/a	STATUS	n/a	n/a	D255
254.4000000000	n/a	n/a	STATUS	n/a	n/a	DIN5
254.4480000000	n/a	n/a	STATUS	n/a	n/a	D255
254.8400000000	n/a	n/a	STATUS	n/a	n/a	D183
254.8880000000	n/a	n/a	STATUS	n/a	n/a	D255
254.9280000000	n/a	n/a	STATUS	n/a	n/a	DI51
254.9760000000	n/a	n/a	STATUS	n/a	n/a	D255
255.4680000000	n/a	n/a	STATUS	n/a	n/a	DI31
255.5160000000	n/a	n/a	STATUS	n/a	n/a	D255
255.7760000000	n/a	n/a	STATUS	n/a	n/a	DIN5
255.8240000000	n/a	n/a	STATUS	n/a	n/a	D255
256.2960000000	n/a	n/a	STATUS	n/a	n/a	D168
256.3440000000	n/a	n/a	STATUS	n/a	n/a	D255
256.3840000000	n/a	n/a	STATUS	n/a	n/a	DI53
256.4320000000	n/a	n/a	STATUS	n/a	n/a	D255
256.7560000000	n/a	n/a	STATUS	n/a	n/a	DI43
256.8040000000	n/a	n/a	STATUS	n/a	n/a	D255
257.0640000000	n/a	n/a	STATUS	n/a	n/a	DIN5
257.1160000000	n/a	n/a	STATUS	n/a	n/a	D255
257.4360000000	n/a	n/a	STATUS	n/a	n/a	D109
257.4840000000	n/a	n/a	STATUS	n/a	n/a	D255
257.5240000000	n/a	n/a	STATUS	n/a	n/a	DI54
257.5720000000	n/a	n/a	STATUS	n/a	n/a	D255
257.9200000000	n/a	n/a	STATUS	n/a	n/a	DI24
257.9680000000	n/a	n/a	STATUS	n/a	n/a	D255
257.9720000000	n/a	n/a	STATUS	n/a	n/a	DIN4
258.0240000000	n/a	n/a	STATUS	n/a	n/a	D255
258.7800000000	n/a	n/a	STATUS	n/a	n/a	DIN5
258.8280000000	n/a	n/a	STATUS	n/a	n/a	D255
259.2160000000	n/a	n/a	STATUS	n/a	n/a	D251
259.2680000000	n/a	n/a	STATUS	n/a	n/a	D255
259.3040000000	n/a	n/a	STATUS	n/a	n/a	DI51
259.3560000000	n/a	n/a	STATUS	n/a	n/a	D255
259.3560000000	n/a	n/a	STATUS	n/a	n/a	D243
259.7520000000	n/a	n/a	STATUS	n/a	n/a	DI31
259.8040000000	n/a	n/a	STATUS	n/a	n/a	D255
260.0600000000	n/a	n/a	STATUS	n/a	n/a	DIN5
260.1120000000	n/a	n/a	STATUS	n/a	n/a	D255
260.4600000000	n/a	n/a	STATUS	n/a	n/a	DI77
260.5120000000	n/a	n/a	STATUS	n/a	n/a	D255
260.5480000000	n/a	n/a	STATUS	n/a	n/a	DI53
260.6000000000	n/a	n/a	STATUS	n/a	n/a	D255
261.0480000000	n/a	n/a	STATUS	n/a	n/a	DI43
261.0960000000	n/a	n/a	STATUS	n/a	n/a	D255
261.3560000000	n/a	n/a	STATUS	n/a	n/a	DIN5
261.4080000000	n/a	n/a	STATUS	n/a	n/a	D255
261.9080000000	n/a	n/a	STATUS	n/a	n/a	D211
261.9560000000	n/a	n/a	STATUS	n/a	n/a	D255
261.9960000000	n/a	n/a	STATUS	n/a	n/a	DI51
262.0440000000	n/a	n/a	STATUS	n/a	n/a	D255
262.4080000000	n/a	n/a	STATUS	n/a	n/a	DI31
262.4600000000	n/a	n/a	STATUS	n/a	n/a	D255
262.7200000000	n/a	n/a	STATUS	n/a	n/a	DIN5
262.7680000000	n/a	n/a	STATUS	n/a	n/a	D255
263.1720000000	n/a	n/a	STATUS	n/a	n/a	D182
263.2240000000	n/a	n/a	STATUS	n/a	n/a	D255
263.2600000000	n/a	n/a	STATUS	n/a	n/a	DI51
263.3120000000	n/a	n/a	STATUS	n/a	n/a	D255
263.6160000000	n/a	n/a	STATUS	n/a	n/a	DI31
263.6680000000	n/a	n/a	STATUS	n/a	n/a	D255
263.9240000000	n/a	n/a	STATUS	n/a	n/a	DIN5
263.9760000000	n/a	n/a	STATUS	n/a	n/a	D255
264.4160000000	n/a	n/a	STATUS	n/a	n/a	DI87
264.4640000000	n/a	n/a	STATUS	n/a	n/a	D255
264.5040000000	n/a	n/a	STATUS	n/a	n/a	DI53
264.5520000000	n/a	n/a	STATUS	n/a	n/a	D255
264.7480000000	n/a	n/a	STATUS	n/a	n/a	DI43
264.7960000000	n/a	n/a	STATUS	n/a	n/a	D255
265.0560000000	n/a	n/a	STATUS	n/a	n/a	DIN5
265.1040000000	n/a	n/a	STATUS	n/a	n/a	D255
265.5920000000	n/a	n/a	STATUS	n/a	n/a	D216
265.6400000000	n/a	n/a	STATUS	n/a	n/a	D255
265.6760000000	n/a	n/a	STATUS	n/a	n/a	DI52
265.7280000000	n/a	n/a	STATUS	n/a	n/a	D255
266.0960000000	n/a	n/a	STATUS	n/a	n/a	DI12
266.1480000000	n/a	n/a	STATUS	n/a	n/a	D255
266.1520000000	n/a	n/a	STATUS	n/a	n/a	DIN4
266.2000000000	n/a	n/a	STATUS	n/a	n/a	D255
266.9560000000	n/a	n/a	STATUS	n/a	n/a	DIN5
267.0040000000	n/a	n/a	STATUS	n/a	n/a	D255
267.3400000000	n/a	n/a	STATUS	n/a	n/a	D153
267.3920000000	n/a	n/a	STATUS	n/a	n/a	D255
267.4280000000	n/a	n/a	STATUS	n/a	n/a	DI53
267.4800000000	n/a	n/a	STATUS	n/a	n/a	D255
267.8720000000	n/a	n/a	STATUS	n/a	n/a	DI43
267.9240000000	n/a	n/a	STATUS	n/a	n/a	D255
268.1840000000	n/a	n/a	STATUS	n/a	n/a	DIN5
268.2320000000	n/a	n/a	STATUS	n/a	n/a	D255
268.6720000000	n/a	n/a	STATUS	n/a	n/a	D111
268.7240000000	n/a	n/a	STATUS	n/a	n/a	D255
268.7600000000	n/a	n/a	STATUS	n/a	n/a	DI51
268.8120000000	n/a	n/a	STATUS	n/a	n/a	D255
269.1960000000	n/a	n/a	STATUS	n/a	n/a	DI31
269.2440000000	n/a	n/a	STATUS	n/a	n/a	D255
269.5040000000	n/a	n/a	STATUS	n/a	n/a	DIN5
269.5560000000	n/a	n/a	STATUS	n/a	n/a	D255
269.9440000000	n/a	n/a	STATUS	n/a	n/a	D189
269.9960000000	n/a	n/a	STATUS	n/a	n/a	D255
270.0320000000	n/a	n/a	STATUS	n/a	n/a	DI52
270.0800000000	n/a	n/a	STATUS	n/a	n/a	D255
270.5440000000	n/a	n/a	STATUS	n/a	n/a	DI42
270.5960000000	n/a	n/a	STATUS	n/a	n/a	D255
270.8520000000	n/a	n/a	STATUS	n/a	n/a	DIN5
270.9040000000	n/a	n/a	STATUS	n/a	n/a	D255
271.4080000000	n/a	n/a	STATUS	n/a	n/a	D217
271.4560000000	n/a	n/a	STATUS	n/a	n/a	D255
271.4960000000	n/a	n/a	STATUS	n/a	n/a	DI54
271.5440000000	n/a	n/a	STATUS	n/a	n/a	D255
271.8760000000	n/a	n/a	STATUS	n/a	n/a	DI34
271.9280000000	n/a	n/a	STATUS	n/a	n/a	D255
272.1840000000	n/a	n/a	STATUS	n/a	n/a	DIN5
272.2360000000	n/a	n/a	STATUS	n/a	n/a	D255
272.6360000000	n/a	n/a	STATUS	n/a	n/a	D146
272.6840000000	n/a	n/a	STATUS	n/a	n/a	D255
272.7240000000	n/a	n/a	STATUS	n/a	n/a	DI51
272.7720000000	n/a	n/a	STATUS	n/a	n/a	D255
273.1080000000	n/a	n/a	STATUS	n/a	n/a	DI31
273.1560000000	n/a	n/a	STATUS	n/a	n/a	D255
273.4160000000	n/a	n/a	STATUS	n/a	n/a	DIN5
273.4680000000	n/a	n/a	STATUS	n/a	n/a	D255
273.8320000000	n/a	n/a	STATUS	n/a	n/a	DI85
273.8800000000	n/a	n/a	STATUS	n/a	n/a	D255
273.9200000000	n/a	n/a	STATUS	n/a	n/a	DI54
273.9680000000	n/a	n/a	STATUS	n/a	n/a	D255
274.2640000000	n/a	n/a	STATUS	n/a	n/a	DI34
274.3120000000	n/a	n/a	STATUS	n/a	n/a	D255
274.5720000000	n/a	n/a	STATUS	n/a	n/a	DIN5
274.6240000000	n/a	n/a	STATUS	n/a	n/a	D255
274.9960000000	n/a	n/a	STATUS	n/a	n/a	D157
275.0480000000	n/a	n/a	STATUS	n/a	n/a	D255
275.0840000000	n/a	n/a	STATUS	n/a	n/a	DI54
275.1320000000	n/a	n/a	STATUS	n/a	n/a	D255
275.3760000000	n/a	n/a	STATUS	n/a	n/a	DI34
275.4240000000	n/a	n/a	STATUS	n/a	n/a	D255
275.6840000000	n/a	n/a	STATUS	n/a	n/a	DIN5
275.7320000000	n/a	n/a	STATUS	n/a	n/a	D255
276.1160000000	n/a	n/a	STATUS	n/a	n/a	D144
276.1680000000	n/a	n/a	STATUS	n/a	n/a	D255
276.2040000000	n/a	n/a	STATUS	n/a	n/a	DI52
276.2560000000	n/a	n/a	STATUS	n/a	n/a	D255
276.5560000000	n/a	n/a	STATUS	n/a	n/a	DI42
276.6080000000	n/a	n/a	STATUS	n/a	n/a	D255
276.8680000000	n/a	n/a	STATUS	n/a	n/a	DIN5
276.9160000000	n/a	n/a	STATUS	n/a	n/a	D255
277.2200000000	n/a	n/a	STATUS	n/a	n/a	D250
277.2720000000	n/a	n/a	STATUS	n/a	n/a	D255
277.3080000000	n/a	n/a	STATUS	n/a	n/a	DI53
277.3600000000	n/a	n/a	STATUS	n/a	n/a	D255
277.6640000000	n/a	n/a	STATUS	n/a	n/a	DI43
277.7160000000	n/a	n/a	STATUS	n/a	n/a	D255
277.9760000000	n/a	n/a	STATUS	n/a	n/a	DIN5
278.0240000000	n/a	n/a	STATUS	n/a	n/a	D255
278.4800000000	n/a	n/a	STATUS	n/a	n/a	D228
278.5280000000	n/a	n/a	STATUS	n/a	n/a	D255
278.5680000000	n/a	n/a	STATUS	n/a	n/a	DI54
278.6160000000	n/a	n/a	STATUS	n/a	n/a	D255
278.8520000000	n/a	n/a	STATUS	n/a	n/a	DI34
278.9040000000	n/a	n/a	STATUS	n/a	n/a	D255
279.1600000000	n/a	n/a	STATUS	n/a	n/a	DIN5
279.2120000000	n/a	n/a	STATUS	n/a	n/a	D255
279.5440000000	n/a	n/a	STATUS	n/a	n/a	D202
279.5960000000	n/a	n/a	STATUS	n/a	n/a	D255
279.5960000000	n/a	n/a	STATUS	n/a	n/a	D251
279.6320000000	n/a	n/a	STATUS	n/a	n/a	DI52
279.6840000000	n/a	n/a	STATUS	n/a	n/a	D255
279.9960000000	n/a	n/a	STATUS	n/a	n/a	DI42
280.0440000000	n/a	n/a	STATUS	n/a	n/a	D255
280.3040000000	n/a	n/a	STATUS	n/a	n/a	DIN5
280.3560000000	n/a	n/a	STATUS	n/a	n/a	D255
280.7800000000	n/a	n/a	STATUS	n/a	n/a	D104
280.8280000000	n/a	n/a	STATUS	n/a	n/a	D255
280.8680000000	n/a	n/a	STATUS	n/a	n/a	DI52
280.9160000000	n/a	n/a	STATUS	n/a	n/a	D255
281.1240000000	n/a	n/a	STATUS	n/a	n/a	DI12
281.1760000000	n/a	n/a	STATUS	n/a	n/a	D255
281.1800000000	n/a	n/a	STATUS	n/a	n/a	DIN4
281.2320000000	n/a	n/a	STATUS	n/a	n/a	D255
281.9840000000	n/a	n/a	STATUS	n/a	n/a	DIN5
282.0360000000	n/a	n/a	STATUS	n/a	n/a	D255
282.5160000000	n/a	n/a	STATUS	n/a	n/a	D110
282.5640000000	n/a	n/a	STATUS	n/a	n/a	D255
282.6040000000	n/a	n/a	STATUS	n/a	n/a	DI53
282.6520000000	n/a	n/a	STATUS	n/a	n/a	D255
283.0360000000	n/a	n/a	STATUS	n/a	n/a	DI43
283.0840000000	n/a	n/a	STATUS	n/a	n/a	D255
283.3440000000	n/a	n/a	STATUS	n/a	n/a	DIN5
283.3920000000	n/a	n/a	STATUS	n/a	n/a	D255
283.7800000000	n/a	n/a	STATUS	n/a	n/a	D147
283.8280000000	n/a	n/a	STATUS	n/a	n/a	D255
283.8640000000	n/a	n/a	STATUS	n/a	n/a	DI52
283.9160000000	n/a	n/a	STATUS	n/a	n/a	D255
284.2520000000	n/a	n/a	STATUS	n/a	n/a	DI42
284.3000000000	n/a	n/a	STATUS	n/a	n/a	D255
284.5600000000	n/a	n/a	STATUS	n/a	n/a	DIN5
284.6120000000	n/a	n/a	STATUS	n/a	n/a	D255
284.9320000000	n/a	n/a	STATUS	n/a	n/a	DI84
284.9800000000	n/a	n/a	STATUS	n/a	n/a	D255
285.0160000000	n/a	n/a	STATUS	n/a	n/a	DI54
285.0680000000	n/a	n/a	STATUS	n/a	n/a	D255
285.4000000000	n/a	n/a	STATUS	n/a	n/a	DI24
285.4520000000	n/a	n/a	STATUS	n/a	n/a	D255
285.4560000000	n/a	n/a	STATUS	n/a	n/a	DIN4
285.5040000000	n/a	n/a	STATUS	n/a	n/a	D255
286.2600000000	n/a	n/a	STATUS	n/a	n/a	DIN5
286.3120000000	n/a	n/a	STATUS	n/a	n/a	D255
286.7080000000	n/a	n/a	STATUS	n/a	n/a	D231
286.7600000000	n/a	n/a	STATUS	n/a	n/a	D255
286.7960000000	n/a	n/a	STATUS	n/a	n/a	DI54
286.8480000000	n/a	n/a	STATUS	n/a	n/a	D255
287.2240000000	n/a	n/a	STATUS	n/a	n/a	DI34
287.2720000000	n/a	n/a	STATUS	n/a	n/a	D255
287.5320000000	n/a	n/a	STATUS	n/a	n/a	DIN5
287.5800000000	n/a	n/a	STATUS	n/a	n/a	D255
287.8880000000	n/a	n/a	STATUS	n/a	n/a	D246
287.9360000000	n/a	n/a	STATUS	n/a	n/a	D255
287.9760000000	n/a	n/a	STATUS	n/a	n/a	DI53
288.0240000000	n/a	n/a	STATUS	n/a	n/a	D255
288.3440000000	n/a	n/a	STATUS	n/a	n/a	DI43
288.3960000000	n/a	n/a	STATUS	n/a	n/a	D255
288.6560000000	n/a	n/a	STATUS	n/a	n/a	DIN5
288.7040000000	n/a	n/a	STATUS	n/a	n/a	D255
289.0080000000	n/a	n/a	STATUS	n/a	n/a	D172
289.0600000000	n/a	n/a	STATUS	n/a	n/a	D255
289.0960000000	n/a	n/a	STATUS	n/a	n/a	DI53
289.1480000000	n/a	n/a	STATUS	n/a	n/a	D255
289.4520000000	n/a	n/a	STATUS	n/a	n/a	DI43
289.5040000000	n/a	n/a	STATUS	n/a	n/a	D255
289.7640000000	n/a	n/a	STATUS	n/a	n/a	DIN5
289.8120000000	n/a	n/a	STATUS	n/a	n/a	D255
290.1360000000	n/a	n/a	STATUS	n/a	n/a	D171
290.1880000000	n/a	n/a	STATUS	n/a	n/a	D255
290.2240000000	n/a	n/a	STATUS	n/a	n/a	DI54
290.2760000000	n/a	n/a	STATUS	n/a	n/a	D255
290.6560000000	n/a	n/a	STATUS	n/a	n/a	DI34
290.7080000000	n/a	n/a	STATUS	n/a	n/a	D255
290.9640000000	n/a	n/a	STATUS	n/a	n/a	DIN5
291.0160000000	n/a	n/a	STATUS	n/a	n/a	D255
291.3760000000	n/a	n/a	STATUS	n/a	n/a	D253
291.4240000000	n/a	n/a	STATUS	n/a	n/a	D255
291.4640000000	n/a	n/a	STATUS	n/a	n/a	DI53
291.5120000000	n/a	n/a	STATUS	n/a	n/a	D255
291.8000000000	n/a	n/a	STATUS	n/a	n/a	DI43
291.8520000000	n/a	n/a	STATUS	n/a	n/a	D255
292.1120000000	n/a	n/a	STATUS	n/a	n/a	DIN5
292.1600000000	n/a	n/a	STATUS	n/a	n/a	D255
292.5200000000	n/a	n/a	STATUS	n/a	n/a	DI89
292.5720000000	n/a	n/a	STATUS	n/a	n/a	D255
292.6080000000	n/a	n/a	STATUS	n/a	n/a	DI51
292.6600000000	n/a	n/a	STATUS	n/a	n/a	D255
293.0120000000	n/a	n/a	STATUS	n/a	n/a	DI31
293.0600000000	n/a	n/a	STATUS	n/a	n/a	D255
293.3200000000	n/a	n/a	STATUS	n/a	n/a	DIN5
293.3720000000	n/a	n/a	STATUS	n/a	n/a	D255
293.6840000000	n/a	n/a	STATUS	n/a	n/a	D128
293.7360000000	n/a	n/a	STATUS	n/a	n/a	D255
293.7720000000	n/a	n/a	STATUS	n/a	n/a	DI52
293.8240000000	n/a	n/a	STATUS	n/a	n/a	D255
294.1520000000	n/a	n/a	STATUS	n/a	n/a	DI42
294.2000000000	n/a	n/a	STATUS	n/a	n/a	D255
294.4600000000	n/a	n/a	STATUS	n/a	n/a	DIN5
294.5080000000	n/a	n/a	STATUS	n/a	n/a	D255
294.9680000000	n/a	n/a	STATUS	n/a	n/a	D131
295.0200000000	n/a	n/a	STATUS	n/a	n/a	D255
295.0560000000	n/a	n/a	STATUS	n/a	n/a	DI51
295.1080000000	n/a	n/a	STATUS	n/a	n/a	D255
295.4880000000	n/a	n/a	STATUS	n/a	n/a	DI31
295.5360000000	n/a	n/a	STATUS	n/a	n/a	D255
295.7960000000	n/a	n/a	STATUS	n/a	n/a	DIN5
295.8480000000	n/a	n/a	STATUS	n/a	n/a	D255
296.2040000000	n/a	n/a	STATUS	n/a	n/a	D152
296.2560000000	n/a	n/a	STATUS	n/a	n/a	D255
296.2920000000	n/a	n/a	STATUS	n/a	n/a	DI52
296.3440000000	n/a	n/a	STATUS	n/a	n/a	D255
296.6840000000	n/a	n/a	STATUS	n/a	n/a	DI42
296.7320000000	n/a	n/a	STATUS	n/a	n/a	D255
296.9920000000	n/a	n/a	STATUS	n/a	n/a	DIN5
297.0440000000	n/a	n/a	STATUS	n/a	n/a	D255
297.4360000000	n/a	n/a	STATUS	n/a	n/a	D173
297.4880000000	n/a	n/a	STATUS	n/a	n/a	D255
297.5240000000	n/a	n/a	STATUS	n/a	n/a	DI52
297.5760000000	n/a	n/a	STATUS	n/a	n/a	D255
297.8720000000	n/a	n/a	STATUS	n/a	n/a	DI42
297.9240000000	n/a	n/a	STATUS	n/a	n/a	D255
298.1840000000	n/a	n/a	STATUS	n/a	n/a	DIN5
298.2320000000	n/a	n/a	STATUS	n/a	n/a	D255
298.7360000000	n/a	n/a	STATUS	n/a	n/a	D124
298.7880000000	n/a	n/a	STATUS	n/a	n/a	D255
298.8240000000	n/a	n/a	STATUS	n/a	n/a	DI52
298.8760000000	n/a	n/a	STATUS	n/a	n/a	D255
299.2120000000	n/a	n/a	STATUS	n/a	n/a	DI42
299.2640000000	n/a	n/a	STATUS	n/a	n/a	D255
299.5200000000	n/a	n/a	STATUS	n/a	n/a	DIN5
299.5720000000	n/a	n/a	STATUS	n/a	n/a	D255
300.0760000000	n/a	n/a	STATUS	n/a	n/a	D106
300.1280000000	n/a	n/a	STATUS	n/a	n/a	D255
300.1640000000	n/a	n/a	STATUS	n/a	n/a	DI53
300.2120000000	n/a	n/a	STATUS	n/a	n/a	D255
300.4360000000	n/a	n/a	STATUS	n/a	n/a	DI43
300.4880000000	n/a	n/a	STATUS	n/a	n/a	D255
300.7480000000	n/a	n/a	STATUS	n/a	n/a	DIN5
300.7960000000	n/a	n/a	STATUS	n/a	n/a	D255
301.1120000000	n/a	n/a	STATUS	n/a	n/a	D240
301.1600000000	n/a	n/a	STATUS	n/a	n/a	D255
301.2000000000	n/a	n/a	STATUS	n/a	n/a	DI53
301.2520000000	n/a	n/a	STATUS	n/a	n/a	D255
301.5600000000	n/a	n/a	STATUS	n/a	n/a	DI43
301.6120000000	n/a	n/a	STATUS	n/a	n/a	D255
301.8720000000	n/a	n/a	STATUS	n/a	n/a	DIN5
301.9200000000	n/a	n/a	STATUS	n/a	n/a	D255
302.2840000000	n/a	n/a	STATUS	n/a	n/a	D176
302.3360000000	n/a	n/a	STATUS	n/a	n/a	D255
302.3720000000	n/a	n/a	STATUS	n/a	n/a	DI52
302.4240000000	n/a	n/a	STATUS	n/a	n/a	D255
302.7280000000	n/a	n/a	STATUS	n/a	n/a	DI42
302.7800000000	n/a	n/a	STATUS	n/a	n/a	D255
303.0400000000	n/a	n/a	STATUS	n/a	n/a	DIN5
303.0880000000	n/a	n/a	STATUS	n/a	n/a	D255
303.5200000000	n/a	n/a	STATUS	n/a	n/a	D223
303.5680000000	n/a	n/a	STATUS	n/a	n/a	D255
303.6040000000	n/a	n/a	STATUS	n/a	n/a	DI51
303.6560000000	n/a	n/a	STATUS	n/a	n/a	D255
304.1640000000	n/a	n/a	STATUS	n/a	n/a	DI31
304.2120000000	n/a	n/a	STATUS	n/a	n/a	D255
304.4720000000	n/a	n/a	STATUS	n/a	n/a	DIN5
304.5240000000	n/a	n/a	STATUS	n/a	n/a	D255
304.8280000000	n/a	n/a	STATUS	n/a	n/a	D191
304.8760000000	n/a	n/a	STATUS	n/a	n/a	D255
304.9160000000	n/a	n/a	STATUS	n/a	n/a	DI53
304.9640000000	n/a	n/a	STATUS	n/a	n/a	D255
305.3960000000	n/a	n/a	STATUS	n/a	n/a	DI43
305.4480000000	n/a	n/a	STATUS	n/a	n/a	D255
305.7040000000	n/a	n/a	STATUS	n/a	n/a	DIN5
305.7560000000	n/a	n/a	STATUS	n/a	n/a	D255
306.1360000000	n/a	n/a	STATUS	n/a	n/a	D180
306.1840000000	n/a	n/a	STATUS	n/a	n/a	D255
306.2200000000	n/a	n/a	STATUS	n/a	n/a	DI52
306.2720000000	n/a	n/a	STATUS	n/a	n/a	D255
306.7280000000	n/a	n/a	STATUS	n/a	n/a	DI42
306.7800000000	n/a	n/a	STATUS	n/a	n/a	D255
307.0400000000	n/a	n/a	STATUS	n/a	n/a	DIN5
307.0880000000	n/a	n/a	STATUS	n/a	n/a	D255
307.3920000000	n/a	n/a	STATUS	n/a	n/a	D233
307.4440000000	n/a	n/a	STATUS	n/a	n/a	D255
307.4800000000	n/a	n/a	STATUS	n/a	n/a	DI53
307.5320000000	n/a	n/a	STATUS	n/a	n/a	D255
307.9240000000	n/a	n/a	STATUS	n/a	n/a	DI43
307.9720000000	n/a	n/a	STATUS	n/a	n/a	D255
308.2320000000	n/a	n/a	STATUS	n/a	n/a	DIN5
308.2840000000	n/a	n/a	STATUS	n/a	n/a	D255
308.6760000000	n/a	n/a	STATUS	n/a	n/a	DI83
308.7280000000	n/a	n/a	STATUS	n/a	n/a	D255
308.7640000000	n/a	n/a	STATUS	n/a	n/a	DI54
308.8160000000	n/a	n/a	STATUS	n/a	n/a	D255
309.1600000000	n/a	n/a	STATUS	n/a	n/a	DI24
309.2080000000	n/a	n/a	STATUS	n/a	n/a	D255
309.2160000000	n/a	n/a	STATUS	n/a	n/a	DIN4
309.2640000000	n/a	n/a	STATUS	n/a	n/a	D255
310.0200000000	n/a	n/a	STATUS	n/a	n/a	DIN5
310.0680000000	n/a	n/a	STATUS	n/a	n/a	D255
310.5040000000	n/a	n/a	STATUS	n/a	n/a	D158
310.5520000000	n/a	n/a	STATUS	n/a	n/a	D255
310.5880000000	n/a	n/a	STATUS	n/a	n/a	DI52
310.6400000000	n/a	n/a	STATUS	n/a	n/a	D255
311.0760000000	n/a	n/a	STATUS	n/a	n/a	DI42
311.1280000000	n/a	n/a	STATUS	n/a	n/a	D255
311.3880000000	n/a	n/a	STATUS	n/a	n/a	DIN5
311.4360000000	n/a	n/a	STATUS	n/a	n/a	D255
311.8800000000	n/a	n/a	STATUS	n/a	n/a	D130
311.9320000000	n/a	n/a	STATUS	n/a	n/a	D255
311.9680000000	n/a	n/a	STATUS	n/a	n/a	DI51
312.0160000000	n/a	n/a	STATUS	n/a	n/a	D255
312.4160000000	n/a	n/a	STATUS	n/a	n/a	DI31
312.4640000000	n/a	n/a	STATUS	n/a	n/a	D255
312.7240000000	n/a	n/a	STATUS	n/a	n/a	DIN5
312.7720000000	n/a	n/a	STATUS	n/a	n/a	D255
313.1040000000	n/a	n/a	STATUS	n/a	n/a	D156
313.1520000000	n/a	n/a	STATUS	n/a	n/a	D255
313.1920000000	n/a	n/a	STATUS	n/a	n/a	DI52
313.2400000000	n/a	n/a	STATUS	n/a	n/a	D255
313.6920000000	n/a	n/a	STATUS	n/a	n/a	DI42
313.7440000000	n/a	n/a	STATUS	n/a	n/a	D255
314.0000000000	n/a	n/a	STATUS	n/a	n/a	DIN5
314.0520000000	n/a	n/a	STATUS	n/a	n/a	D255
314.3680000000	n/a	n/a	STATUS	n/a	n/a	DI72
314.4160000000	n/a	n/a	STATUS	n/a	n/a	D255
314.4560000000	n/a	n/a	STATUS	n/a	n/a	DI51
314.5040000000	n/a	n/a	STATUS	n/a	n/a	D255
314.8840000000	n/a	n/a	STATUS	n/a	n/a	DI31
314.9360000000	n/a	n/a	STATUS	n/a	n/a	D255
315.1920000000	n/a	n/a	STATUS	n/a	n/a	DIN5
315.2440000000	n/a	n/a	STATUS	n/a	n/a	D255
315.5840000000	n/a	n/a	STATUS	n/a	n/a	DI96
315.6320000000	n/a	n/a	STATUS	n/a	n/a	D255
315.6720000000	n/a	n/a	STATUS	n/a	n/a	DI51
315.7200000000	n/a	n/a	STATUS	n/a	n/a	D255
316.1080000000	n/a	n/a	STATUS	n/a	n/a	DI31
316.1560000000	n/a	n/a	STATUS	n/a	n/a	D255
316.4160000000	n/a	n/a	STATUS	n/a	n/a	DIN5
316.4640000000	n/a	n/a	STATUS	n/a	n/a	D255
316.9560000000	n/a	n/a	STATUS	n/a	n/a	DI74
317.0040000000	n/a	n/a	STATUS	n/a	n/a	D255
317.0440000000	n/a	n/a	STATUS	n/a	n/a	DI51
317.0920000000	n/a	n/a	STATUS	n/a	n/a	D255
317.4840000000	n/a	n/a	STATUS	n/a	n/a	DI31
317.5320000000	n/a	n/a	STATUS	n/a	n/a	D255
317.7920000000	n/a	n/a	STATUS	n/a	n/a	DIN5
317.8400000000	n/a	n/a	STATUS	n/a	n/a	D255
318.1560000000	n/a	n/a	STATUS	n/a	n/a	D116
318.2080000000	n/a	n/a	STATUS	n/a	n/a	D255
318.2440000000	n/a	n/a	STATUS	n/a	n/a	DI54
318.2960000000	n/a	n/a	STATUS	n/a	n/a	D255
318.7560000000	n/a	n/a	STATUS	n/a	n/a	DI24
318.8080000000	n/a	n/a	STATUS	n/a	n/a	D255
318.8120000000	n/a	n/a	STATUS	n/a	n/a	DIN4
318.8640000000	n/a	n/a	STATUS	n/a	n/a	D255
319.6160000000	n/a	n/a	STATUS	n/a	n/a	DIN5
319.6680000000	n/a	n/a	STATUS	n/a	n/a	D255
320.1560000000	n/a	n/a	STATUS	n/a	n/a	D215
320.2080000000	n/a	n/a	STATUS	n/a	n/a	D255
320.2440000000	n/a	n/a	STATUS	n/a	n/a	DI52
320.2960000000	n/a	n/a	STATUS	n/a	n/a	D255
320.8240000000	n/a	n/a	STATUS	n/a	n/a	DI42
320.8720000000	n/a	n/a	STATUS	n/a	n/a	D255
321.1320000000	n/a	n/a	STATUS	n/a	n/a	DIN5
321.1840000000	n/a	n/a	STATUS	n/a	n/a	D255
321.5760000000	n/a	n/a	STATUS	n/a	n/a	D118
321.6280000000	n/a	n/a	STATUS	n/a	n/a	D255
321.6640000000	n/a	n/a	STATUS	n/a	n/a	DI53
321.7160000000	n/a	n/a	STATUS	n/a	n/a	D255
322.0160000000	n/a	n/a	STATUS	n/a	n/a	DI43
322.0680000000	n/a	n/a	STATUS	n/a	n/a	D255
322.3280000000	n/a	n/a	STATUS	n/a	n/a	DIN5
322.3760000000	n/a	n/a	STATUS	n/a	n/a	D255
322.8160000000	n/a	n/a	STATUS	n/a	n/a	D197
322.8680000000	n/a	n/a	STATUS	n/a	n/a	D255
322.9040000000	n/a	n/a	STATUS	n/a	n/a	DI52
322.9560000000	n/a	n/a	STATUS	n/a	n/a	D255
323.4240000000	n/a	n/a	STATUS	n/a	n/a	DI42
323.4720000000	n/a	n/a	STATUS	n/a	n/a	D255
323.7320000000	n/a	n/a	STATUS	n/a	n/a	DIN5
323.7800000000	n/a	n/a	STATUS	n/a	n/a	D255
324.1680000000	n/a	n/a	STATUS	n/a	n/a	DI67
324.2160000000	n/a	n/a	STATUS	n/a	n/a	D255
324.2520000000	n/a	n/a	STATUS	n/a	n/a	DI54
324.3040000000	n/a	n/a	STATUS	n/a	n/a	D255
324.5960000000	n/a	n/a	STATUS	n/a	n/a	DI34
324.6480000000	n/a	n/a	STATUS	n/a	n/a	D255
324.9040000000	n/a	n/a	STATUS	n/a	n/a	DIN5
324.9560000000	n/a	n/a	STATUS	n/a	n/a	D255
325.4360000000	n/a	n/a	STATUS	n/a	n/a	D115
325.4840000000	n/a	n/a	STATUS	n/a	n/a	D255
325.5240000000	n/a	n/a	STATUS	n/a	n/a	DI52
325.5720000000	n/a	n/a	STATUS	n/a	n/a	D255
325.9400000000	n/a	n/a	STATUS	n/a	n/a	DI42
325.9920000000	n/a	n/a	STATUS	n/a	n/a	D255
326.2480000000	n/a	n/a	STATUS	n/a	n/a	DIN5
326.3000000000	n/a	n/a	STATUS	n/a	n/a	D255
326.7440000000	n/a	n/a	STATUS	n/a	n/a	D234
326.7920000000	n/a	n/a	STATUS	n/a	n/a	D255
326.8320000000	n/a	n/a	STATUS	n/a	n/a	DI54
326.8800000000	n/a	n/a	STATUS	n/a	n/a	D255
327.2040000000	n/a	n/a	STATUS	n/a	n/a	DI34
327.2520000000	n/a	n/a	STATUS	n/a	n/a	D255
327.5120000000	n/a	n/a	STATUS	n/a	n/a	DIN5
327.5640000000	n/a	n/a	STATUS	n/a	n/a	D255
327.8680000000	n/a	n/a	STATUS	n/a	n/a	D201
327.9160000000	n/a	n/a	STATUS	n/a	n/a	D255
327.9560000000	n/a	n/a	STATUS	n/a	n/a	DI52
328.0040000000	n/a	n/a	STATUS	n/a	n/a	D255
328.3760000000	n/a	n/a	STATUS	n/a	n/a	DI42
328.4280000000	n/a	n/a	STATUS	n/a	n/a	D255
328.6880000000	n/a	n/a	STATUS	n/a	n/a	DIN5
328.7360000000	n/a	n/a	STATUS	n/a	n/a	D255
329.0760000000	n/a	n/a	STATUS	n/a	n/a	D221
329.1280000000	n/a	n/a	STATUS	n/a	n/a	D255
329.1640000000	n/a	n/a	STATUS	n/a	n/a	DI51
329.2160000000	n/a	n/a	STATUS	n/a	n/a	D255
329.6240000000	n/a	n/a	STATUS	n/a	n/a	DI31
329.6760000000	n/a	n/a	STATUS	n/a	n/a	D255
344.3080000000	n/a	n/a	STATUS	n/a	n/a	DIN5
344.3560000000	n/a	n/a	STATUS	n/a	n/a	D255
344.7080000000	n/a	n/a	STATUS	n/a	n/a	D177
344.7560000000	n/a	n/a	STATUS	n/a	n/a	D255
344.7960000000	n/a	n/a	STATUS	n/a	n/a	DI52
344.8440000000	n/a	n/a	STATUS	n/a	n/a	D255
345.1800000000	n/a	n/a	STATUS	n/a	n/a	DI42
345.2320000000	n/a	n/a	STATUS	n/a	n/a	D255
345.4920000000	n/a	n/a	STATUS	n/a	n/a	DIN5
345.5400000000	n/a	n/a	STATUS	n/a	n/a	D255
346.0160000000	n/a	n/a	STATUS	n/a	n/a	DI68
346.0680000000	n/a	n/a	STATUS	n/a	n/a	D255
346.1040000000	n/a	n/a	STATUS	n/a	n/a	DI52
346.1520000000	n/a	n/a	STATUS	n/a	n/a	D255
346.4720000000	n/a	n/a	STATUS	n/a	n/a	DI42
346.5240000000	n/a	n/a	STATUS	n/a	n/a	D255
346.7800000000	n/a	n/a	STATUS	n/a	n/a	DIN5
346.8320000000	n/a	n/a	STATUS	n/a	n/a	D255
347.2520000000	n/a	n/a	STATUS	n/a	n/a	D163
347.3000000000	n/a	n/a	STATUS	n/a	n/a	D255
347.3400000000	n/a	n/a	STATUS	n/a	n/a	DI54
347.3880000000	n/a	n/a	STATUS	n/a	n/a	D255
347.7280000000	n/a	n/a	STATUS	n/a	n/a	DI34
347.7760000000	n/a	n/a	STATUS	n/a	n/a	D255
348.0360000000	n/a	n/a	STATUS	n/a	n/a	DIN5
348.0840000000	n/a	n/a	STATUS	n/a	n/a	D255
348.5400000000	n/a	n/a	STATUS	n/a	n/a	DI70
348.5920000000	n/a	n/a	STATUS	n/a	n/a	D255
348.6280000000	n/a	n/a	STATUS	n/a	n/a	DI51
348.6800000000	n/a	n/a	STATUS	n/a	n/a	D255
349.0640000000	n/a	n/a	STATUS	n/a	n/a	DI31
349.1120000000	n/a	n/a	STATUS	n/a	n/a	D255
349.3720000000	n/a	n/a	STATUS	n/a	n/a	DIN5
349.4200000000	n/a	n/a	STATUS	n/a	n/a	D255
349.7400000000	n/a	n/a	STATUS	n/a	n/a	DI76
349.7920000000	n/a	n/a	STATUS	n/a	n/a	D255
349.8280000000	n/a	n/a	STATUS	n/a	n/a	DI52
349.8800000000	n/a	n/a	STATUS	n/a	n/a	D255
350.2200000000	n/a	n/a	STATUS	n/a	n/a	DI42
350.2720000000	n/a	n/a	STATUS	n/a	n/a	D255
350.5320000000	n/a	n/a	STATUS	n/a	n/a	DIN5
350.5800000000	n/a	n/a	STATUS	n/a	n/a	D255
351.0440000000	n/a	n/a	STATUS	n/a	n/a	D203
351.0960000000	n/a	n/a	STATUS	n/a	n/a	D255
351.1320000000	n/a	n/a	STATUS	n/a	n/a	DI52
351.1840000000	n/a	n/a	STATUS	n/a	n/a	D255
351.5360000000	n/a	n/a	STATUS	n/a	n/a	DI42
351.5880000000	n/a	n/a	STATUS	n/a	n/a	D255
351.8440000000	n/a	n/a	STATUS	n/a	n/a	DIN5
351.8960000000	n/a	n/a	STATUS	n/a	n/a	D255
352.3840000000	n/a	n/a	STATUS	n/a	n/a	DI98
352.4360000000	n/a	n/a	STATUS	n/a	n/a	D255
352.4720000000	n/a	n/a	STATUS	n/a	n/a	DI53
352.5240000000	n/a	n/a	STATUS	n/a	n/a	D255
352.7880000000	n/a	n/a	STATUS	n/a	n/a	DI43
352.8360000000	n/a	n/a	STATUS	n/a	n/a	D255
353.0960000000	n/a	n/a	STATUS	n/a	n/a	DIN5
353.1440000000	n/a	n/a	STATUS	n/a	n/a	D255
353.6120000000	n/a	n/a	STATUS	n/a	n/a	D231
353.6600000000	n/a	n/a	STATUS	n/a	n/a	D255
353.7000000000	n/a	n/a	STATUS	n/a	n/a	DI54
353.7480000000	n/a	n/a	STATUS	n/a	n/a	D255
354.0440000000	n/a	n/a	STATUS	n/a	n/a	DI34
354.0960000000	n/a	n/a	STATUS	n/a	n/a	D255
354.3520000000	n/a	n/a	STATUS	n/a	n/a	DIN5
354.4040000000	n/a	n/a	STATUS	n/a	n/a	D255
354.7400000000	n/a	n/a	STATUS	n/a	n/a	D223
354.7880000000	n/a	n/a	STATUS	n/a	n/a	D255
354.8280000000	n/a	n/a	STATUS	n/a	n/a	DI52
354.8760000000	n/a	n/a	STATUS	n/a	n/a	D255
355.2400000000	n/a	n/a	STATUS	n/a	n/a	DI42
355.2880000000	n/a	n/a	STATUS	n/a	n/a	D255
355.5480000000	n/a	n/a	STATUS	n/a	n/a	DIN5
355.6000000000	n/a	n/a	STATUS	n/a	n/a	D255
356.0360000000	n/a	n/a	STATUS	n/a	n/a	D208
356.0880000000	n/a	n/a	STATUS	n/a	n/a	D255
356.1240000000	n/a	n/a	STATUS	n/a	n/a	DI54
356.1760000000	n/a	n/a	STATUS	n/a	n/a	D255
356.3880000000	n/a	n/a	STATUS	n/a	n/a	DI34
356.4400000000	n/a	n/a	STATUS	n/a	n/a	D255
356.6960000000	n/a	n/a	STATUS	n/a	n/a	DIN5
356.7480000000	n/a	n/a	STATUS	n/a	n/a	D255
357.0760000000	n/a	n/a	STATUS	n/a	n/a	D134
357.1240000000	n/a	n/a	STATUS	n/a	n/a	D255
357.1640000000	n/a	n/a	STATUS	n/a	n/a	DI51
357.2160000000	n/a	n/a	STATUS	n/a	n/a	D255
357.5840000000	n/a	n/a	STATUS	n/a	n/a	DI31
357.6320000000	n/a	n/a	STATUS	n/a	n/a	D255
357.8920000000	n/a	n/a	STATUS	n/a	n/a	DIN5
357.9400000000	n/a	n/a	STATUS	n/a	n/a	D255
358.4160000000	n/a	n/a	STATUS	n/a	n/a	DI72
358.4680000000	n/a	n/a	STATUS	n/a	n/a	D255
358.5040000000	n/a	n/a	STATUS	n/a	n/a	DI54
358.5560000000	n/a	n/a	STATUS	n/a	n/a	D255
358.7720000000	n/a	n/a	STATUS	n/a	n/a	DI34
358.8240000000	n/a	n/a	STATUS	n/a	n/a	D255
359.0800000000	n/a	n/a	STATUS	n/a	n/a	DIN5
359.1320000000	n/a	n/a	STATUS	n/a	n/a	D255
359.5240000000	n/a	n/a	STATUS	n/a	n/a	DI77
359.5760000000	n/a	n/a	STATUS	n/a	n/a	D255
359.6160000000	n/a	n/a	STATUS	n/a	n/a	DI52
359.6640000000	n/a	n/a	STATUS	n/a	n/a	D255
360.0360000000	n/a	n/a	STATUS	n/a	n/a	DI42
360.0880000000	n/a	n/a	STATUS	n/a	n/a	D255
360.3440000000	n/a	n/a	STATUS	n/a	n/a	DIN5
360.3960000000	n/a	n/a	STATUS	n/a	n/a	D255
360.8960000000	n/a	n/a	STATUS	n/a	n/a	D235
360.9440000000	n/a	n/a	STATUS	n/a	n/a	D255
360.9800000000	n/a	n/a	STATUS	n/a	n/a	DI54
361.0320000000	n/a	n/a	STATUS	n/a	n/a	D255
361.2440000000	n/a	n/a	STATUS	n/a	n/a	DI34
361.2920000000	n/a	n/a	STATUS	n/a	n/a	D255
361.5520000000	n/a	n/a	STATUS	n/a	n/a	DIN5
361.6000000000	n/a	n/a	STATUS	n/a	n/a	D255
362.0560000000	n/a	n/a	STATUS	n/a	n/a	D245
362.1080000000	n/a	n/a	STATUS	n/a	n/a	D255
362.1440000000	n/a	n/a	STATUS	n/a	n/a	DI52
362.1960000000	n/a	n/a	STATUS	n/a	n/a	D255
362.5680000000	n/a	n/a	STATUS	n/a	n/a	DI42
362.6200000000	n/a	n/a	STATUS	n/a	n/a	D255
362.8760000000	n/a	n/a	STATUS	n/a	n/a	DIN5
362.9280000000	n/a	n/a	STATUS	n/a	n/a	D255
363.3320000000	n/a	n/a	STATUS	n/a	n/a	D129
363.3800000000	n/a	n/a	STATUS	n/a	n/a	D255
363.4200000000	n/a	n/a	STATUS	n/a	n/a	DI52
363.4680000000	n/a	n/a	STATUS	n/a	n/a	D255
363.6760000000	n/a	n/a	STATUS	n/a	n/a	DI12
363.7240000000	n/a	n/a	STATUS	n/a	n/a	D255
363.7320000000	n/a	n/a	STATUS	n/a	n/a	DIN4
363.7800000000	n/a	n/a	STATUS	n/a	n/a	D255
364.5360000000	n/a	n/a	STATUS	n/a	n/a	DIN5
364.5840000000	n/a	n/a	STATUS	n/a	n/a	D255
364.9320000000	n/a	n/a	STATUS	n/a	n/a	D148
364.9840000000	n/a	n/a	STATUS	n/a	n/a	D255
365.0200000000	n/a	n/a	STATUS	n/a	n/a	DI53
365.0720000000	n/a	n/a	STATUS	n/a	n/a	D255
365.3520000000	n/a	n/a	STATUS	n/a	n/a	DI43
365.4000000000	n/a	n/a	STATUS	n/a	n/a	D255
365.6600000000	n/a	n/a	STATUS	n/a	n/a	DIN5
365.7120000000	n/a	n/a	STATUS	n/a	n/a	D255
366.1600000000	n/a	n/a	STATUS	n/a	n/a	D234
366.2080000000	n/a	n/a	STATUS	n/a	n/a	D255
366.2440000000	n/a	n/a	STATUS	n/a	n/a	DI51
366.2960000000	n/a	n/a	STATUS	n/a	n/a	D255
366.6640000000	n/a	n/a	STATUS	n/a	n/a	DI31
366.7160000000	n/a	n/a	STATUS	n/a	n/a	D255
366.9760000000	n/a	n/a	STATUS	n/a	n/a	DIN5
367.0240000000	n/a	n/a	STATUS	n/a	n/a	D255
367.3800000000	n/a	n/a	STATUS	n/a	n/a	D222
367.4280000000	n/a	n/a	STATUS	n/a	n/a	D255
367.4680000000	n/a	n/a	STATUS	n/a	n/a	DI54
367.5160000000	n/a	n/a	STATUS	n/a	n/a	D255
367.9720000000	n/a	n/a	STATUS	n/a	n/a	DI34
368.0200000000	n/a	n/a	STATUS	n/a	n/a	D255
368.2800000000	n/a	n/a	STATUS	n/a	n/a	DIN5
368.3280000000	n/a	n/a	STATUS	n/a	n/a	D255
368.6840000000	n/a	n/a	STATUS	n/a	n/a	D164
368.7320000000	n/a	n/a	STATUS	n/a	n/a	D255
368.7720000000	n/a	n/a	STATUS	n/a	n/a	DI54
368.8200000000	n/a	n/a	STATUS	n/a	n/a	D255
369.1320000000	n/a	n/a	STATUS	n/a	n/a	DI34
369.1840000000	n/a	n/a	STATUS	n/a	n/a	D255
369.4440000000	n/a	n/a	STATUS	n/a	n/a	DIN5
369.4920000000	n/a	n/a	STATUS	n/a	n/a	D255
369.9720000000	n/a	n/a	STATUS	n/a	n/a	D103
370.0200000000	n/a	n/a	STATUS	n/a	n/a	D255
370.0600000000	n/a	n/a	STATUS	n/a	n/a	DI52
370.1080000000	n/a	n/a	STATUS	n/a	n/a	D255
370.4360000000	n/a	n/a	STATUS	n/a	n/a	DI42
370.4840000000	n/a	n/a	STATUS	n/a	n/a	D255
370.7440000000	n/a	n/a	STATUS	n/a	n/a	DIN5
370.7960000000	n/a	n/a	STATUS	n/a	n/a	D255
371.1360000000	n/a	n/a	STATUS	n/a	n/a	D100
371.1840000000	n/a	n/a	STATUS	n/a	n/a	D255
371.2200000000	n/a	n/a	STATUS	n/a	n/a	DI53
371.2720000000	n/a	n/a	STATUS	n/a	n/a	D255
371.5520000000	n/a	n/a	STATUS	n/a	n/a	DI43
371.6000000000	n/a	n/a	STATUS	n/a	n/a	D255
371.8600000000	n/a	n/a	STATUS	n/a	n/a	DIN5
371.9120000000	n/a	n/a	STATUS	n/a	n/a	D255
372.3560000000	n/a	n/a	STATUS	n/a	n/a	DI73
372.4040000000	n/a	n/a	STATUS	n/a	n/a	D255
372.4440000000	n/a	n/a	STATUS	n/a	n/a	DI53
372.4920000000	n/a	n/a	STATUS	n/a	n/a	D255
372.7560000000	n/a	n/a	STATUS	n/a	n/a	DI43
372.8040000000	n/a	n/a	STATUS	n/a	n/a	D255
373.0640000000	n/a	n/a	STATUS	n/a	n/a	DIN5
373.1160000000	n/a	n/a	STATUS	n/a	n/a	D255
373.5400000000	n/a	n/a	STATUS	n/a	n/a	D175
373.5880000000	n/a	n/a	STATUS	n/a	n/a	D255
373.6280000000	n/a	n/a	STATUS	n/a	n/a	DI54
373.6760000000	n/a	n/a	STATUS	n/a	n/a	D255
373.9600000000	n/a	n/a	STATUS	n/a	n/a	DI34
374.0080000000	n/a	n/a	STATUS	n/a	n/a	D255
374.2680000000	n/a	n/a	STATUS	n/a	n/a	DIN5
374.3200000000	n/a	n/a	STATUS	n/a	n/a	D255
374.6720000000	n/a	n/a	STATUS	n/a	n/a	D246
374.7240000000	n/a	n/a	STATUS	n/a	n/a	D255
374.7600000000	n/a	n/a	STATUS	n/a	n/a	DI53
374.8120000000	n/a	n/a	STATUS	n/a	n/a	D255
375.1120000000	n/a	n/a	STATUS	n/a	n/a	DI43
375.1600000000	n/a	n/a	STATUS	n/a	n/a	D255
375.4200000000	n/a	n/a	STATUS	n/a	n/a	DIN5
375.4680000000	n/a	n/a	STATUS	n/a	n/a	D255
375.8040000000	n/a	n/a	STATUS	n/a	n/a	DI80
375.8560000000	n/a	n/a	STATUS	n/a	n/a	D255
375.8920000000	n/a	n/a	STATUS	n/a	n/a	DI51
375.9400000000	n/a	n/a	STATUS	n/a	n/a	D255
376.3000000000	n/a	n/a	STATUS	n/a	n/a	DI31
376.3520000000	n/a	n/a	STATUS	n/a	n/a	D255
376.6080000000	n/a	n/a	STATUS	n/a	n/a	DIN5
376.6600000000	n/a	n/a	STATUS	n/a	n/a	D255
377.1000000000	n/a	n/a	STATUS	n/a	n/a	DI93
377.1480000000	n/a	n/a	STATUS	n/a	n/a	D255
377.1880000000	n/a	n/a	STATUS	n/a	n/a	DI51
377.2360000000	n/a	n/a	STATUS	n/a	n/a	D255
377.5360000000	n/a	n/a	STATUS	n/a	n/a	DI21
377.5840000000	n/a	n/a	STATUS	n/a	n/a	D255
377.5880000000	n/a	n/a	STATUS	n/a	n/a	DIN4
377.6400000000	n/a	n/a	STATUS	n/a	n/a	D255
378.3920000000	n/a	n/a	STATUS	n/a	n/a	DIN5
378.4440000000	n/a	n/a	STATUS	n/a	n/a	D255
378.9440000000	n/a	n/a	STATUS	n/a	n/a	D250
378.9920000000	n/a	n/a	STATUS	n/a	n/a	D255
379.0320000000	n/a	n/a	STATUS	n/a	n/a	DI54
379.0840000000	n/a	n/a	STATUS	n/a	n/a	D255
379.4440000000	n/a	n/a	STATUS	n/a	n/a	DI34
379.4920000000	n/a	n/a	STATUS	n/a	n/a	D255
379.7520000000	n/a	n/a	STATUS	n/a	n/a	DIN5
379.8040000000	n/a	n/a	STATUS	n/a	n/a	D255
380.1400000000	n/a	n/a	STATUS	n/a	n/a	D248
380.1920000000	n/a	n/a	STATUS	n/a	n/a	D255
380.2320000000	n/a	n/a	STATUS	n/a	n/a	DI52
380.2800000000	n/a	n/a	STATUS	n/a	n/a	D255
380.6800000000	n/a	n/a	STATUS	n/a	n/a	DI42
380.7280000000	n/a	n/a	STATUS	n/a	n/a	D255
380.9880000000	n/a	n/a	STATUS	n/a	n/a	DIN5
381.0400000000	n/a	n/a	STATUS	n/a	n/a	D255
381.4240000000	n/a	n/a	STATUS	n/a	n/a	D176
381.4720000000	n/a	n/a	STATUS	n/a	n/a	D255
381.5120000000	n/a	n/a	STATUS	n/a	n/a	DI54
381.5600000000	n/a	n/a	STATUS	n/a	n/a	D255
381.9960000000	n/a	n/a	STATUS	n/a	n/a	DI34
382.0480000000	n/a	n/a	STATUS	n/a	n/a	D255
382.3080000000	n/a	n/a	STATUS	n/a	n/a	DIN5
382.3560000000	n/a	n/a	STATUS	n/a	n/a	D255
382.6880000000	n/a	n/a	STATUS	n/a	n/a	D137
382.7360000000	n/a	n/a	STATUS	n/a	n/a	D255
382.7720000000	n/a	n/a	STATUS	n/a	n/a	DI53
382.8240000000	n/a	n/a	STATUS	n/a	n/a	D255
383.1880000000	n/a	n/a	STATUS	n/a	n/a	DI43
383.2360000000	n/a	n/a	STATUS	n/a	n/a	D255
383.4960000000	n/a	n/a	STATUS	n/a	n/a	DIN5
383.5480000000	n/a	n/a	STATUS	n/a	n/a	D255
383.9200000000	n/a	n/a	STATUS	n/a	n/a	D109
383.9720000000	n/a	n/a	STATUS	n/a	n/a	D255
384.0080000000	n/a	n/a	STATUS	n/a	n/a	DI53
384.0600000000	n/a	n/a	STATUS	n/a	n/a	D255
384.3600000000	n/a	n/a	STATUS	n/a	n/a	DI43
384.4120000000	n/a	n/a	STATUS	n/a	n/a	D255
384.6680000000	n/a	n/a	STATUS	n/a	n/a	DIN5
384.7200000000	n/a	n/a	STATUS	n/a	n/a	D255
385.1480000000	n/a	n/a	STATUS	n/a	n/a	D215
385.2000000000	n/a	n/a	STATUS	n/a	n/a	D255
385.2360000000	n/a	n/a	STATUS	n/a	n/a	DI53
385.2880000000	n/a	n/a	STATUS	n/a	n/a	D255
385.5840000000	n/a	n/a	STATUS	n/a	n/a	DI43
385.6360000000	n/a	n/a	STATUS	n/a	n/a	D255
385.8920000000	n/a	n/a	STATUS	n/a	n/a	DIN5
385.9440000000	n/a	n/a	STATUS	n/a	n/a	D255
386.4120000000	n/a	n/a	STATUS	n/a	n/a	D239
386.4640000000	n/a	n/a	STATUS	n/a	n/a	D255
386.5000000000	n/a	n/a	STATUS	n/a	n/a	DI54
386.5520000000	n/a	n/a	STATUS	n/a	n/a	D255
386.8440000000	n/a	n/a	STATUS	n/a	n/a	DI34
386.8960000000	n/a	n/a	STATUS	n/a	n/a	D255
387.1520000000	n/a	n/a	STATUS	n/a	n/a	DIN5
387.2040000000	n/a	n/a	STATUS	n/a	n/a	D255
387.5520000000	n/a	n/a	STATUS	n/a	n/a	D110
387.6040000000	n/a	n/a	STATUS	n/a	n/a	D255
387.6040000000	n/a	n/a	STATUS	n/a	n/a	D239
387.6400000000	n/a	n/a	STATUS	n/a	n/a	DI51
387.6880000000	n/a	n/a	STATUS	n/a	n/a	D255
388.3440000000	n/a	n/a	STATUS	n/a	n/a	DI31
388.3960000000	n/a	n/a	STATUS	n/a	n/a	D255
388.6520000000	n/a	n/a	STATUS	n/a	n/a	DIN5
388.7040000000	n/a	n/a	STATUS	n/a	n/a	D255
389.2040000000	n/a	n/a	STATUS	n/a	n/a	D196
389.2520000000	n/a	n/a	STATUS	n/a	n/a	D255
389.2920000000	n/a	n/a	STATUS	n/a	n/a	DI54
389.3400000000	n/a	n/a	STATUS	n/a	n/a	D255
389.6320000000	n/a	n/a	STATUS	n/a	n/a	DI34
389.6840000000	n/a	n/a	STATUS	n/a	n/a	D255
389.9400000000	n/a	n/a	STATUS	n/a	n/a	DIN5
389.9920000000	n/a	n/a	STATUS	n/a	n/a	D255
390.4000000000	n/a	n/a	STATUS	n/a	n/a	D236
390.4520000000	n/a	n/a	STATUS	n/a	n/a	D255
390.4880000000	n/a	n/a	STATUS	n/a	n/a	DI51
390.5400000000	n/a	n/a	STATUS	n/a	n/a	D255
390.9400000000	n/a	n/a	STATUS	n/a	n/a	DI31
390.9880000000	n/a	n/a	STATUS	n/a	n/a	D255
391.2480000000	n/a	n/a	STATUS	n/a	n/a	DIN5
391.3000000000	n/a	n/a	STATUS	n/a	n/a	D255
391.6280000000	n/a	n/a	STATUS	n/a	n/a	DI84
391.6800000000	n/a	n/a	STATUS	n/a	n/a	D255
391.7160000000	n/a	n/a	STATUS	n/a	n/a	DI53
391.7640000000	n/a	n/a	STATUS	n/a	n/a	D255
392.0560000000	n/a	n/a	STATUS	n/a	n/a	DI43
392.1080000000	n/a	n/a	STATUS	n/a	n/a	D255
392.3640000000	n/a	n/a	STATUS	n/a	n/a	DIN5
392.4160000000	n/a	n/a	STATUS	n/a	n/a	D255
392.7800000000	n/a	n/a	STATUS	n/a	n/a	D187
392.8320000000	n/a	n/a	STATUS	n/a	n/a	D255
392.8680000000	n/a	n/a	STATUS	n/a	n/a	DI54
392.9200000000	n/a	n/a	STATUS	n/a	n/a	D255
393.2400000000	n/a	n/a	STATUS	n/a	n/a	DI34
393.2880000000	n/a	n/a	STATUS	n/a	n/a	D255
393.5480000000	n/a	n/a	STATUS	n/a	n/a	DIN5
393.5960000000	n/a	n/a	STATUS	n/a	n/a	D255
393.9880000000	n/a	n/a	STATUS	n/a	n/a	D249
394.0360000000	n/a	n/a	STATUS	n/a	n/a	D255
394.0760000000	n/a	n/a	STATUS	n/a	n/a	DI52
394.1240000000	n/a	n/a	STATUS	n/a	n/a	D255
394.3920000000	n/a	n/a	STATUS	n/a	n/a	DI12
394.4440000000	n/a	n/a	STATUS	n/a	n/a	D255
394.4480000000	n/a	n/a	STATUS	n/a	n/a	DIN4
394.5000000000	n/a	n/a	STATUS	n/a	n/a	D255
395.2520000000	n/a	n/a	STATUS	n/a	n/a	DIN5
395.3040000000	n/a	n/a	STATUS	n/a	n/a	D255
395.6680000000	n/a	n/a	STATUS	n/a	n/a	D145
395.7160000000	n/a	n/a	STATUS	n/a	n/a	D255
395.7560000000	n/a	n/a	STATUS	n/a	n/a	DI51
395.8040000000	n/a	n/a	STATUS	n/a	n/a	D255
396.2760000000	n/a	n/a	STATUS	n/a	n/a	DI31
396.3240000000	n/a	n/a	STATUS	n/a	n/a	D255
396.5840000000	n/a	n/a	STATUS	n/a	n/a	DIN5
396.6360000000	n/a	n/a	STATUS	n/a	n/a	D255
396.9480000000	n/a	n/a	STATUS	n/a	n/a	DI66
397.0000000000	n/a	n/a	STATUS	n/a	n/a	DI67
397.0000000000	n/a	n/a	STATUS	n/a	n/a	D255
397.0360000000	n/a	n/a	STATUS	n/a	n/a	DI52
397.0880000000	n/a	n/a	STATUS	n/a	n/a	D255
397.0880000000	n/a	n/a	STATUS	n/a	n/a	D247
397.4600000000	n/a	n/a	STATUS	n/a	n/a	DI42
397.5120000000	n/a	n/a	STATUS	n/a	n/a	D255
397.7680000000	n/a	n/a	STATUS	n/a	n/a	DIN5
397.8200000000	n/a	n/a	STATUS	n/a	n/a	D255
398.2800000000	n/a	n/a	STATUS	n/a	n/a	DI86
398.3280000000	n/a	n/a	STATUS	n/a	n/a	D255
398.3680000000	n/a	n/a	STATUS	n/a	n/a	DI51
398.4160000000	n/a	n/a	STATUS	n/a	n/a	D255
398.7760000000	n/a	n/a	STATUS	n/a	n/a	DI31
398.8240000000	n/a	n/a	STATUS	n/a	n/a	D255
399.0840000000	n/a	n/a	STATUS	n/a	n/a	DIN5
399.1360000000	n/a	n/a	STATUS	n/a	n/a	D255
399.5400000000	n/a	n/a	STATUS	n/a	n/a	D220
399.5880000000	n/a	n/a	STATUS	n/a	n/a	D255
399.6280000000	n/a	n/a	STATUS	n/a	n/a	DI52
399.6760000000	n/a	n/a	STATUS	n/a	n/a	D255
399.9760000000	n/a	n/a	STATUS	n/a	n/a	DI12
400.0240000000	n/a	n/a	STATUS	n/a	n/a	D255
400.0280000000	n/a	n/a	STATUS	n/a	n/a	DIN4
400.0800000000	n/a	n/a	STATUS	n/a	n/a	D255
400.8320000000	n/a	n/a	STATUS	n/a	n/a	DIN5
400.8840000000	n/a	n/a	STATUS	n/a	n/a	D255
400.8840000000	n/a	n/a	STATUS	n/a	n/a	D197
401.3240000000	n/a	n/a	STATUS	n/a	n/a	D240
401.3760000000	n/a	n/a	STATUS	n/a	n/a	D255
401.4120000000	n/a	n/a	STATUS	n/a	n/a	DI51
401.4600000000	n/a	n/a	STATUS	n/a	n/a	D255
401.8520000000	n/a	n/a	STATUS	n/a	n/a	DI31
401.9040000000	n/a	n/a	STATUS	n/a	n/a	D255
402.1640000000	n/a	n/a	STATUS	n/a	n/a	DIN5
402.2120000000	n/a	n/a	STATUS	n/a	n/a	D255
402.6280000000	n/a	n/a	STATUS	n/a	n/a	D218
402.6760000000	n/a	n/a	STATUS	n/a	n/a	D255
402.7160000000	n/a	n/a	STATUS	n/a	n/a	DI54
402.7640000000	n/a	n/a	STATUS	n/a	n/a	D255
403.1080000000	n/a	n/a	STATUS	n/a	n/a	DI34
403.1560000000	n/a	n/a	STATUS	n/a	n/a	D255
403.4160000000	n/a	n/a	STATUS	n/a	n/a	DIN5
403.4640000000	n/a	n/a	STATUS	n/a	n/a	D255
403.7920000000	n/a	n/a	STATUS	n/a	n/a	D219
403.8400000000	n/a	n/a	STATUS	n/a	n/a	D255
403.8800000000	n/a	n/a	STATUS	n/a	n/a	DI51
403.9280000000	n/a	n/a	STATUS	n/a	n/a	D255
404.3400000000	n/a	n/a	STATUS	n/a	n/a	DI31
404.3880000000	n/a	n/a	STATUS	n/a	n/a	D255
404.6480000000	n/a	n/a	STATUS	n/a	n/a	DIN5
404.6960000000	n/a	n/a	STATUS	n/a	n/a	D255
405.0880000000	n/a	n/a	STATUS	n/a	n/a	D232
405.1360000000	n/a	n/a	STATUS	n/a	n/a	D255
405.1760000000	n/a	n/a	STATUS	n/a	n/a	DI51
405.2240000000	n/a	n/a	STATUS	n/a	n/a	D255
405.5720000000	n/a	n/a	STATUS	n/a	n/a	DI31
405.6200000000	n/a	n/a	STATUS	n/a	n/a	D255
405.8800000000	n/a	n/a	STATUS	n/a	n/a	DIN5
405.9280000000	n/a	n/a	STATUS	n/a	n/a	D255
406.3880000000	n/a	n/a	STATUS	n/a	n/a	DI89
406.4400000000	n/a	n/a	STATUS	n/a	n/a	D255
406.4760000000	n/a	n/a	STATUS	n/a	n/a	DI52
406.5280000000	n/a	n/a	STATUS	n/a	n/a	D255
406.8800000000	n/a	n/a	STATUS	n/a	n/a	DI42
406.9280000000	n/a	n/a	STATUS	n/a	n/a	D255
407.1880000000	n/a	n/a	STATUS	n/a	n/a	DIN5
407.2400000000	n/a	n/a	STATUS	n/a	n/a	D255
407.6640000000	n/a	n/a	STATUS	n/a	n/a	DI96
407.7120000000	n/a	n/a	STATUS	n/a	n/a	D255
407.7520000000	n/a	n/a	STATUS	n/a	n/a	DI52
407.8000000000	n/a	n/a	STATUS	n/a	n/a	D255
408.1760000000	n/a	n/a	STATUS	n/a	n/a	DI42
408.2240000000	n/a	n/a	STATUS	n/a	n/a	D255
408.4840000000	n/a	n/a	STATUS	n/a	n/a	DIN5
408.5360000000	n/a	n/a	STATUS	n/a	n/a	D255
408.8880000000	n/a	n/a	STATUS	n/a	n/a	D105
408.9400000000	n/a	n/a	STATUS	n/a	n/a	D255
408.9760000000	n/a	n/a	STATUS	n/a	n/a	DI53
409.0240000000	n/a	n/a	STATUS	n/a	n/a	D255
409.3840000000	n/a	n/a	STATUS	n/a	n/a	DI43
409.4360000000	n/a	n/a	STATUS	n/a	n/a	D255
409.6920000000	n/a	n/a	STATUS	n/a	n/a	DIN5
409.7440000000	n/a	n/a	STATUS	n/a	n/a	D255
410.2240000000	n/a	n/a	STATUS	n/a	n/a	D253
410.2720000000	n/a	n/a	STATUS	n/a	n/a	D255
410.3120000000	n/a	n/a	STATUS	n/a	n/a	DI53
410.3600000000	n/a	n/a	STATUS	n/a	n/a	D255
410.6320000000	n/a	n/a	STATUS	n/a	n/a	DI43
410.6840000000	n/a	n/a	STATUS	n/a	n/a	D255
410.9400000000	n/a	n/a	STATUS	n/a	n/a	DIN5
410.9920000000	n/a	n/a	STATUS	n/a	n/a	D255
411.3720000000	n/a	n/a	STATUS	n/a	n/a	D125
411.4200000000	n/a	n/a	STATUS	n/a	n/a	D255
411.4600000000	n/a	n/a	STATUS	n/a	n/a	DI53
411.5080000000	n/a	n/a	STATUS	n/a	n/a	D255
411.8160000000	n/a	n/a	STATUS	n/a	n/a	DI43
411.8640000000	n/a	n/a	STATUS	n/a	n/a	D255
412.1240000000	n/a	n/a	STATUS	n/a	n/a	DIN5
412.1760000000	n/a	n/a	STATUS	n/a	n/a	D255
412.6280000000	n/a	n/a	STATUS	n/a	n/a	D169
412.6800000000	n/a	n/a	STATUS	n/a	n/a	D255
412.7160000000	n/a	n/a	STATUS	n/a	n/a	DI53
412.7680000000	n/a	n/a	STATUS	n/a	n/a	D255
413.0320000000	n/a	n/a	STATUS	n/a	n/a	DI43
413.0800000000	n/a	n/a	STATUS	n/a	n/a	D255
413.3400000000	n/a	n/a	STATUS	n/a	n/a	DIN5
413.3880000000	n/a	n/a	STATUS	n/a	n/a	D255
413.8760000000	n/a	n/a	STATUS	n/a	n/a	D206
413.9240000000	n/a	n/a	STATUS	n/a	n/a	D255
413.9600000000	n/a	n/a	STATUS	n/a	n/a	DI54
414.0120000000	n/a	n/a	STATUS	n/a	n/a	D255
414.2640000000	n/a	n/a	STATUS	n/a	n/a	DI34
414.3160000000	n/a	n/a	STATUS	n/a	n/a	D255
414.5760000000	n/a	n/a	STATUS	n/a	n/a	DIN5
414.6240000000	n/a	n/a	STATUS	n/a	n/a	D255
415.0600000000	n/a	n/a	STATUS	n/a	n/a	D171
415.1080000000	n/a	n/a	STATUS	n/a	n/a	D255
415.1480000000	n/a	n/a	STATUS	n/a	n/a	DI54
415.1960000000	n/a	n/a	STATUS	n/a	n/a	D255
415.4960000000	n/a	n/a	STATUS	n/a	n/a	DI34
415.5480000000	n/a	n/a	STATUS	n/a	n/a	D255
415.8040000000	n/a	n/a	STATUS	n/a	n/a	DIN5
415.8560000000	n/a	n/a	STATUS	n/a	n/a	D255
416.2920000000	n/a	n/a	STATUS	n/a	n/a	D179
416.3400000000	n/a	n/a	STATUS	n/a	n/a	D255
416.3800000000	n/a	n/a	STATUS	n/a	n/a	DI53
416.4280000000	n/a	n/a	STATUS	n/a	n/a	D255
416.7480000000	n/a	n/a	STATUS	n/a	n/a	DI13
416.7960000000	n/a	n/a	STATUS	n/a	n/a	D255
416.8000000000	n/a	n/a	STATUS	n/a	n/a	DIN4
416.8520000000	n/a	n/a	STATUS	n/a	n/a	D255
417.6080000000	n/a	n/a	STATUS	n/a	n/a	DIN5
417.6560000000	n/a	n/a	STATUS	n/a	n/a	D255
418.1280000000	n/a	n/a	STATUS	n/a	n/a	D126
418.1760000000	n/a	n/a	STATUS	n/a	n/a	D255
418.2160000000	n/a	n/a	STATUS	n/a	n/a	DI52
418.2640000000	n/a	n/a	STATUS	n/a	n/a	D255
418.6240000000	n/a	n/a	STATUS	n/a	n/a	DI42
418.6760000000	n/a	n/a	STATUS	n/a	n/a	D255
418.9360000000	n/a	n/a	STATUS	n/a	n/a	DIN5
418.9840000000	n/a	n/a	STATUS	n/a	n/a	D255
419.3840000000	n/a	n/a	STATUS	n/a	n/a	D136
419.4360000000	n/a	n/a	STATUS	n/a	n/a	D255
419.4720000000	n/a	n/a	STATUS	n/a	n/a	DI54
419.5200000000	n/a	n/a	STATUS	n/a	n/a	D255
419.8480000000	n/a	n/a	STATUS	n/a	n/a	DI34
419.9000000000	n/a	n/a	STATUS	n/a	n/a	D255
420.1560000000	n/a	n/a	STATUS	n/a	n/a	DIN5
420.2080000000	n/a	n/a	STATUS	n/a	n/a	D255
420.6720000000	n/a	n/a	STATUS	n/a	n/a	D202
420.7200000000	n/a	n/a	STATUS	n/a	n/a	D255
420.7600000000	n/a	n/a	STATUS	n/a	n/a	DI51
420.8080000000	n/a	n/a	STATUS	n/a	n/a	D255
421.1200000000	n/a	n/a	STATUS	n/a	n/a	DI31
421.1720000000	n/a	n/a	STATUS	n/a	n/a	D255
421.4320000000	n/a	n/a	STATUS	n/a	n/a	DIN5
421.4800000000	n/a	n/a	STATUS	n/a	n/a	D255
421.8760000000	n/a	n/a	STATUS	n/a	n/a	D112
421.9240000000	n/a	n/a	STATUS	n/a	n/a	D255
421.9640000000	n/a	n/a	STATUS	n/a	n/a	DI53
422.0160000000	n/a	n/a	STATUS	n/a	n/a	D255
422.3320000000	n/a	n/a	STATUS	n/a	n/a	DI43
422.3840000000	n/a	n/a	STATUS	n/a	n/a	D255
422.6440000000	n/a	n/a	STATUS	n/a	n/a	DIN5
422.6920000000	n/a	n/a	STATUS	n/a	n/a	D255
423.1000000000	n/a	n/a	STATUS	n/a	n/a	D201
423.1520000000	n/a	n/a	STATUS	n/a	n/a	D255
423.1880000000	n/a	n/a	STATUS	n/a	n/a	DI52
423.2400000000	n/a	n/a	STATUS	n/a	n/a	D255
423.4960000000	n/a	n/a	STATUS	n/a	n/a	DI12
423.5440000000	n/a	n/a	STATUS	n/a	n/a	DI13
423.5440000000	n/a	n/a	STATUS	n/a	n/a	D255
423.5480000000	n/a	n/a	STATUS	n/a	n/a	DIN4
423.6000000000	n/a	n/a	STATUS	n/a	n/a	D255
424.3560000000	n/a	n/a	STATUS	n/a	n/a	DIN5
424.4040000000	n/a	n/a	STATUS	n/a	n/a	D255
424.7240000000	n/a	n/a	STATUS	n/a	n/a	D104
424.7720000000	n/a	n/a	STATUS	n/a	n/a	D255
424.8120000000	n/a	n/a	STATUS	n/a	n/a	DI54
424.8600000000	n/a	n/a	STATUS	n/a	n/a	D255
425.1360000000	n/a	n/a	STATUS	n/a	n/a	DI34
425.1880000000	n/a	n/a	STATUS	n/a	n/a	D255
425.4480000000	n/a	n/a	STATUS	n/a	n/a	DIN5
425.4960000000	n/a	n/a	STATUS	n/a	n/a	D255
425.9320000000	n/a	n/a	STATUS	n/a	n/a	D217
425.9800000000	n/a	n/a	STATUS	n/a	n/a	D255
426.0200000000	n/a	n/a	STATUS	n/a	n/a	DI54
426.0680000000	n/a	n/a	STATUS	n/a	n/a	D255
426.4360000000	n/a	n/a	STATUS	n/a	n/a	DI34
426.4880000000	n/a	n/a	STATUS	n/a	n/a	D255
426.7440000000	n/a	n/a	STATUS	n/a	n/a	DIN5
426.7960000000	n/a	n/a	STATUS	n/a	n/a	D255
427.1000000000	n/a	n/a	STATUS	n/a	n/a	D225
427.1520000000	n/a	n/a	STATUS	n/a	n/a	D255
427.1880000000	n/a	n/a	STATUS	n/a	n/a	DI52
427.2400000000	n/a	n/a	STATUS	n/a	n/a	D255
427.7120000000	n/a	n/a	STATUS	n/a	n/a	DI42
427.7640000000	n/a	n/a	STATUS	n/a	n/a	D255
428.0200000000	n/a	n/a	STATUS	n/a	n/a	DIN5
428.0720000000	n/a	n/a	STATUS	n/a	n/a	D255
428.5200000000	n/a	n/a	STATUS	n/a	n/a	DI65
428.5720000000	n/a	n/a	STATUS	n/a	n/a	D255
428.6080000000	n/a	n/a	STATUS	n/a	n/a	DI52
428.6600000000	n/a	n/a	STATUS	n/a	n/a	D255
429.0280000000	n/a	n/a	STATUS	n/a	n/a	DI42
429.0800000000	n/a	n/a	STATUS	n/a	n/a	D255
429.3360000000	n/a	n/a	STATUS	n/a	n/a	DIN5
429.3880000000	n/a	n/a	STATUS	n/a	n/a	D255
429.7840000000	n/a	n/a	STATUS	n/a	n/a	D147
429.8320000000	n/a	n/a	STATUS	n/a	n/a	D255
429.8720000000	n/a	n/a	STATUS	n/a	n/a	DI51
429.9200000000	n/a	n/a	STATUS	n/a	n/a	D255
430.2560000000	n/a	n/a	STATUS	n/a	n/a	DI31
430.3040000000	n/a	n/a	STATUS	n/a	n/a	D255
430.5640000000	n/a	n/a	STATUS	n/a	n/a	DIN5
430.6160000000	n/a	n/a	STATUS	n/a	n/a	D255
431.0040000000	n/a	n/a	STATUS	n/a	n/a	D130
431.0560000000	n/a	n/a	STATUS	n/a	n/a	D255
431.0920000000	n/a	n/a	STATUS	n/a	n/a	DI54
431.1440000000	n/a	n/a	STATUS	n/a	n/a	D255
431.4960000000	n/a	n/a	STATUS	n/a	n/a	DI34
431.5440000000	n/a	n/a	STATUS	n/a	n/a	D255
431.8040000000	n/a	n/a	STATUS	n/a	n/a	DIN5
431.8560000000	n/a	n/a	STATUS	n/a	n/a	D255
432.3040000000	n/a	n/a	STATUS	n/a	n/a	D131
432.3520000000	n/a	n/a	STATUS	n/a	n/a	D255
432.3920000000	n/a	n/a	STATUS	n/a	n/a	DI51
432.4400000000	n/a	n/a	STATUS	n/a	n/a	D255
432.7680000000	n/a	n/a	STATUS	n/a	n/a	DI31
432.8160000000	n/a	n/a	STATUS	n/a	n/a	D255
433.0760000000	n/a	n/a	STATUS	n/a	n/a	DIN5
433.1240000000	n/a	n/a	STATUS	n/a	n/a	D255
433.4400000000	n/a	n/a	STATUS	n/a	n/a	D120
433.4920000000	n/a	n/a	STATUS	n/a	n/a	D255
433.5280000000	n/a	n/a	STATUS	n/a	n/a	DI53
433.5800000000	n/a	n/a	STATUS	n/a	n/a	D255
433.9040000000	n/a	n/a	STATUS	n/a	n/a	DI43
433.9520000000	n/a	n/a	STATUS	n/a	n/a	D255
434.2120000000	n/a	n/a	STATUS	n/a	n/a	DIN5
434.2600000000	n/a	n/a	STATUS	n/a	n/a	D255
434.7160000000	n/a	n/a	STATUS	n/a	n/a	D228
434.7680000000	n/a	n/a	STATUS	n/a	n/a	D255
434.8040000000	n/a	n/a	STATUS	n/a	n/a	DI53
434.8560000000	n/a	n/a	STATUS	n/a	n/a	D255
435.1440000000	n/a	n/a	STATUS	n/a	n/a	DI43
435.1960000000	n/a	n/a	STATUS	n/a	n/a	D255
435.4560000000	n/a	n/a	STATUS	n/a	n/a	DIN5
435.5040000000	n/a	n/a	STATUS	n/a	n/a	D255
435.9160000000	n/a	n/a	STATUS	n/a	n/a	D107
435.9640000000	n/a	n/a	STATUS	n/a	n/a	D255
436.0040000000	n/a	n/a	STATUS	n/a	n/a	DI51
436.0520000000	n/a	n/a	STATUS	n/a	n/a	D255
436.4080000000	n/a	n/a	STATUS	n/a	n/a	DI31
436.4600000000	n/a	n/a	STATUS	n/a	n/a	D255
436.7200000000	n/a	n/a	STATUS	n/a	n/a	DIN5
436.7680000000	n/a	n/a	STATUS	n/a	n/a	D255
437.2120000000	n/a	n/a	STATUS	n/a	n/a	D161
437.2640000000	n/a	n/a	STATUS	n/a	n/a	D255
437.3000000000	n/a	n/a	STATUS	n/a	n/a	DI51
437.3520000000	n/a	n/a	STATUS	n/a	n/a	D255
437.7200000000	n/a	n/a	STATUS	n/a	n/a	DI31
437.7680000000	n/a	n/a	STATUS	n/a	n/a	D255
438.0280000000	n/a	n/a	STATUS	n/a	n/a	DIN5
438.0800000000	n/a	n/a	STATUS	n/a	n/a	D255
438.5480000000	n/a	n/a	STATUS	n/a	n/a	DI75
438.6000000000	n/a	n/a	STATUS	n/a	n/a	D255
438.6360000000	n/a	n/a	STATUS	n/a	n/a	DI53
438.6880000000	n/a	n/a	STATUS	n/a	n/a	D255
438.9680000000	n/a	n/a	STATUS	n/a	n/a	DI43
439.0200000000	n/a	n/a	STATUS	n/a	n/a	D255
439.2800000000	n/a	n/a	STATUS	n/a	n/a	DIN5
439.3280000000	n/a	n/a	STATUS	n/a	n/a	D255
439.3280000000	n/a	n/a	STATUS	n/a	n/a	D231
439.7120000000	n/a	n/a	STATUS	n/a	n/a	D190
439.7640000000	n/a	n/a	STATUS	n/a	n/a	D255
439.8000000000	n/a	n/a	STATUS	n/a	n/a	DI52
439.8520000000	n/a	n/a	STATUS	n/a	n/a	D255
440.2240000000	n/a	n/a	STATUS	n/a	n/a	DI42
440.2720000000	n/a	n/a	STATUS	n/a	n/a	D255
440.5320000000	n/a	n/a	STATUS	n/a	n/a	DIN5
440.5800000000	n/a	n/a	STATUS	n/a	n/a	D255
440.9520000000	n/a	n/a	STATUS	n/a	n/a	D173
441.0000000000	n/a	n/a	STATUS	n/a	n/a	D255
441.0400000000	n/a	n/a	STATUS	n/a	n/a	DI53
441.0880000000	n/a	n/a	STATUS	n/a	n/a	D255
441.3800000000	n/a	n/a	STATUS	n/a	n/a	DI43
441.4320000000	n/a	n/a	STATUS	n/a	n/a	D255
441.6920000000	n/a	n/a	STATUS	n/a	n/a	DIN5
441.7400000000	n/a	n/a	STATUS	n/a	n/a	D255
442.2200000000	n/a	n/a	STATUS	n/a	n/a	D189
442.2680000000	n/a	n/a	STATUS	n/a	n/a	D255
442.3080000000	n/a	n/a	STATUS	n/a	n/a	DI53
442.3600000000	n/a	n/a	STATUS	n/a	n/a	D255
442.6480000000	n/a	n/a	STATUS	n/a	n/a	DI43
442.7000000000	n/a	n/a	STATUS	n/a	n/a	D255
442.9560000000	n/a	n/a	STATUS	n/a	n/a	DIN5
443.0080000000	n/a	n/a	STATUS	n/a	n/a	D255
443.4760000000	n/a	n/a	STATUS	n/a	n/a	DI97
443.5280000000	n/a	n/a	STATUS	n/a	n/a	D255
443.5640000000	n/a	n/a	STATUS	n/a	n/a	DI53
443.6160000000	n/a	n/a	STATUS	n/a	n/a	D255
443.8640000000	n/a	n/a	STATUS	n/a	n/a	DI43
443.9120000000	n/a	n/a	STATUS	n/a	n/a	D255
444.1720000000	n/a	n/a	STATUS	n/a	n/a	DIN5
444.2240000000	n/a	n/a	STATUS	n/a	n/a	D255
444.5520000000	n/a	n/a	STATUS	n/a	n/a	D182
444.6040000000	n/a	n/a	STATUS	n/a	n/a	D255
444.6400000000	n/a	n/a	STATUS	n/a	n/a	DI52
444.6920000000	n/a	n/a	STATUS	n/a	n/a	D255
445.1720000000	n/a	n/a	STATUS	n/a	n/a	DI42
445.2240000000	n/a	n/a	STATUS	n/a	n/a	D255
445.4800000000	n/a	n/a	STATUS	n/a	n/a	DIN5
445.5320000000	n/a	n/a	STATUS	n/a	n/a	D255
445.9840000000	n/a	n/a	STATUS	n/a	n/a	D183
446.0360000000	n/a	n/a	STATUS	n/a	n/a	D255
446.0720000000	n/a	n/a	STATUS	n/a	n/a	DI51
446.1240000000	n/a	n/a	STATUS	n/a	n/a	D255
446.3680000000	n/a	n/a	STATUS	n/a	n/a	DI21
446.4160000000	n/a	n/a	STATUS	n/a	n/a	D255
446.4240000000	n/a	n/a	STATUS	n/a	n/a	DIN4
446.4720000000	n/a	n/a	STATUS	n/a	n/a	D255
447.2280000000	n/a	n/a	STATUS	n/a	n/a	DIN5
447.2760000000	n/a	n/a	STATUS	n/a	n/a	D255
447.6400000000	n/a	n/a	STATUS	n/a	n/a	D204
447.6920000000	n/a	n/a	STATUS	n/a	n/a	D255
447.7280000000	n/a	n/a	STATUS	n/a	n/a	DI54
447.7800000000	n/a	n/a	STATUS	n/a	n/a	D255
448.1560000000	n/a	n/a	STATUS	n/a	n/a	DI34
448.2040000000	n/a	n/a	STATUS	n/a	n/a	D255
448.4640000000	n/a	n/a	STATUS	n/a	n/a	DIN5
448.5160000000	n/a	n/a	STATUS	n/a	n/a	D255
448.8800000000	n/a	n/a	STATUS	n/a	n/a	D199
448.9280000000	n/a	n/a	STATUS	n/a	n/a	D255
448.9680000000	n/a	n/a	STATUS	n/a	n/a	DI51
449.0160000000	n/a	n/a	STATUS	n/a	n/a	D255
449.5040000000	n/a	n/a	STATUS	n/a	n/a	DI31
449.5560000000	n/a	n/a	STATUS	n/a	n/a	D255
449.8120000000	n/a	n/a	STATUS	n/a	n/a	DIN5
449.8640000000	n/a	n/a	STATUS	n/a	n/a	D255
450.3320000000	n/a	n/a	STATUS	n/a	n/a	D165
450.3840000000	n/a	n/a	STATUS	n/a	n/a	D255
450.4200000000	n/a	n/a	STATUS	n/a	n/a	DI52
450.4720000000	n/a	n/a	STATUS	n/a	n/a	D255
450.8040000000	n/a	n/a	STATUS	n/a	n/a	DI42
450.8520000000	n/a	n/a	STATUS	n/a	n/a	D255
451.1120000000	n/a	n/a	STATUS	n/a	n/a	DIN5
451.1640000000	n/a	n/a	STATUS	n/a	n/a	D255
451.6040000000	n/a	n/a	STATUS	n/a	n/a	D157
451.6520000000	n/a	n/a	STATUS	n/a	n/a	D255
451.6920000000	n/a	n/a	STATUS	n/a	n/a	DI51
451.7400000000	n/a	n/a	STATUS	n/a	n/a	D255
452.1520000000	n/a	n/a	STATUS	n/a	n/a	DI31
452.2040000000	n/a	n/a	STATUS	n/a	n/a	D255
452.4600000000	n/a	n/a	STATUS	n/a	n/a	DIN5
452.5120000000	n/a	n/a	STATUS	n/a	n/a	D255
452.9080000000	n/a	n/a	STATUS	n/a	n/a	D210
452.9560000000	n/a	n/a	STATUS	n/a	n/a	D255
452.9960000000	n/a	n/a	STATUS	n/a	n/a	DI54
453.0440000000	n/a	n/a	STATUS	n/a	n/a	D255
453.4080000000	n/a	n/a	STATUS	n/a	n/a	DI34
453.4560000000	n/a	n/a	STATUS	n/a	n/a	D255
453.7160000000	n/a	n/a	STATUS	n/a	n/a	DIN5
453.7680000000	n/a	n/a	STATUS	n/a	n/a	D255
454.2520000000	n/a	n/a	STATUS	n/a	n/a	D141
454.3000000000	n/a	n/a	STATUS	n/a	n/a	D255
454.3400000000	n/a	n/a	STATUS	n/a	n/a	DI51
454.3880000000	n/a	n/a	STATUS	n/a	n/a	D255
454.7760000000	n/a	n/a	STATUS	n/a	n/a	DI31
454.8280000000	n/a	n/a	STATUS	n/a	n/a	D255
455.0880000000	n/a	n/a	STATUS	n/a	n/a	DIN5
455.1360000000	n/a	n/a	STATUS	n/a	n/a	D255
455.5480000000	n/a	n/a	STATUS	n/a	n/a	D213
455.5960000000	n/a	n/a	STATUS	n/a	n/a	D255
455.6320000000	n/a	n/a	STATUS	n/a	n/a	DI53
455.6840000000	n/a	n/a	STATUS	n/a	n/a	D255
456.0800000000	n/a	n/a	STATUS	n/a	n/a	DI43
456.1320000000	n/a	n/a	STATUS	n/a	n/a	D255
456.3920000000	n/a	n/a	STATUS	n/a	n/a	DIN5
456.4400000000	n/a	n/a	STATUS	n/a	n/a	D255
456.9440000000	n/a	n/a	STATUS	n/a	n/a	D158
456.9960000000	n/a	n/a	STATUS	n/a	n/a	D255
457.0320000000	n/a	n/a	STATUS	n/a	n/a	DI52
457.0840000000	n/a	n/a	STATUS	n/a	n/a	D255
457.5680000000	n/a	n/a	STATUS	n/a	n/a	DI12
457.6160000000	n/a	n/a	STATUS	n/a	n/a	D255
457.6200000000	n/a	n/a	STATUS	n/a	n/a	DIN4
457.6720000000	n/a	n/a	STATUS	n/a	n/a	D255
458.4280000000	n/a	n/a	STATUS	n/a	n/a	DIN5
458.4760000000	n/a	n/a	STATUS	n/a	n/a	D255
458.8920000000	n/a	n/a	STATUS	n/a	n/a	D115
458.9400000000	n/a	n/a	STATUS	n/a	n/a	D255
458.9760000000	n/a	n/a	STATUS	n/a	n/a	DI51
459.0280000000	n/a	n/a	STATUS	n/a	n/a	D255
459.4680000000	n/a	n/a	STATUS	n/a	n/a	DI31
459.5160000000	n/a	n/a	STATUS	n/a	n/a	D255
459.7760000000	n/a	n/a	STATUS	n/a	n/a	DIN5
459.8240000000	n/a	n/a	STATUS	n/a	n/a	D255
460.1800000000	n/a	n/a	STATUS	n/a	n/a	D254
460.2320000000	n/a	n/a	STATUS	n/a	n/a	D255
460.2680000000	n/a	n/a	STATUS	n/a	n/a	DI52
460.3200000000	n/a	n/a	STATUS	n/a	n/a	D255
460.6800000000	n/a	n/a	STATUS	n/a	n/a	DI42
460.7280000000	n/a	n/a	STATUS	n/a	n/a	D255
460.9880000000	n/a	n/a	STATUS	n/a	n/a	DIN5
461.0400000000	n/a	n/a	STATUS	n/a	n/a	D255
461.4880000000	n/a	n/a	STATUS	n/a	n/a	D149
461.5400000000	n/a	n/a	STATUS	n/a	n/a	D255
461.5760000000	n/a	n/a	STATUS	n/a	n/a	DI54
461.6280000000	n/a	n/a	STATUS	n/a	n/a	D255
461.9200000000	n/a	n/a	STATUS	n/a	n/a	DI34
461.9720000000	n/a	n/a	STATUS	n/a	n/a	D255
462.2320000000	n/a	n/a	STATUS	n/a	n/a	DIN5
462.2800000000	n/a	n/a	STATUS	n/a	n/a	D255
462.5920000000	n/a	n/a	STATUS	n/a	n/a	D170
462.6400000000	n/a	n/a	STATUS	n/a	n/a	D255
462.6800000000	n/a	n/a	STATUS	n/a	n/a	DI53
462.7280000000	n/a	n/a	STATUS	n/a	n/a	D255
462.9880000000	n/a	n/a	STATUS	n/a	n/a	DI43
463.0400000000	n/a	n/a	STATUS	n/a	n/a	D255
463.3000000000	n/a	n/a	STATUS	n/a	n/a	DIN5
463.3480000000	n/a	n/a	STATUS	n/a	n/a	D255
463.8000000000	n/a	n/a	STATUS	n/a	n/a	D172
463.8480000000	n/a	n/a	STATUS	n/a	n/a	D255
463.8840000000	n/a	n/a	STATUS	n/a	n/a	DI51
463.9360000000	n/a	n/a	STATUS	n/a	n/a	D255
464.2760000000	n/a	n/a	STATUS	n/a	n/a	DI31
464.3280000000	n/a	n/a	STATUS	n/a	n/a	D255
464.5880000000	n/a	n/a	STATUS	n/a	n/a	DIN5
464.6360000000	n/a	n/a	STATUS	n/a	n/a	D255
465.0840000000	n/a	n/a	STATUS	n/a	n/a	D122
465.1360000000	n/a	n/a	STATUS	n/a	n/a	D255
465.1720000000	n/a	n/a	STATUS	n/a	n/a	DI51
465.2240000000	n/a	n/a	STATUS	n/a	n/a	D255
465.4920000000	n/a	n/a	STATUS	n/a	n/a	DI21
465.5440000000	n/a	n/a	STATUS	n/a	n/a	D255
465.5480000000	n/a	n/a	STATUS	n/a	n/a	DIN4
465.5960000000	n/a	n/a	STATUS	n/a	n/a	D255
466.3520000000	n/a	n/a	STATUS	n/a	n/a	DIN5
466.4000000000	n/a	n/a	STATUS	n/a	n/a	D255
466.8960000000	n/a	n/a	STATUS	n/a	n/a	D198
466.9480000000	n/a	n/a	STATUS	n/a	n/a	D255
466.9840000000	n/a	n/a	STATUS	n/a	n/a	DI53
467.0360000000	n/a	n/a	STATUS	n/a	n/a	D255
467.4480000000	n/a	n/a	STATUS	n/a	n/a	DI43
467.4960000000	n/a	n/a	STATUS	n/a	n/a	D255
467.7560000000	n/a	n/a	STATUS	n/a	n/a	DIN5
467.8080000000	n/a	n/a	STATUS	n/a	n/a	D255
468.2920000000	n/a	n/a	STATUS	n/a	n/a	DI82
468.3400000000	n/a	n/a	STATUS	n/a	n/a	D255
468.3800000000	n/a	n/a	STATUS	n/a	n/a	DI53
468.4280000000	n/a	n/a	STATUS	n/a	n/a	D255
468.7480000000	n/a	n/a	STATUS	n/a	n/a	DI43
468.8000000000	n/a	n/a	STATUS	n/a	n/a	D255
469.0560000000	n/a	n/a	STATUS	n/a	n/a	DIN5
469.1080000000	n/a	n/a	STATUS	n/a	n/a	D255
469.5400000000	n/a	n/a	STATUS	n/a	n/a	DI94
469.5920000000	n/a	n/a	STATUS	n/a	n/a	D255
469.6320000000	n/a	n/a	STATUS	n/a	n/a	DI52
469.6800000000	n/a	n/a	STATUS	n/a	n/a	D255
470.0520000000	n/a	n/a	STATUS	n/a	n/a	DI42
470.1000000000	n/a	n/a	STATUS	n/a	n/a	D255
470.3600000000	n/a	n/a	STATUS	n/a	n/a	DIN5
470.4080000000	n/a	n/a	STATUS	n/a	n/a	D255
470.7440000000	n/a	n/a	STATUS	n/a	n/a	D238
470.7960000000	n/a	n/a	STATUS	n/a	n/a	D255
470.8320000000	n/a	n/a	STATUS	n/a	n/a	DI54
470.8840000000	n/a	n/a	STATUS	n/a	n/a	D255
471.2120000000	n/a	n/a	STATUS	n/a	n/a	DI34
471.2600000000	n/a	n/a	STATUS	n/a	n/a	D255
471.5200000000	n/a	n/a	STATUS	n/a	n/a	DIN5
471.5720000000	n/a	n/a	STATUS	n/a	n/a	D255
471.9520000000	n/a	n/a	STATUS	n/a	n/a	D162
472.0000000000	n/a	n/a	STATUS	n/a	n/a	D255
472.0360000000	n/a	n/a	STATUS	n/a	n/a	DI54
472.0880000000	n/a	n/a	STATUS	n/a	n/a	D255
472.3480000000	n/a	n/a	STATUS	n/a	n/a	DI34
472.3960000000	n/a	n/a	STATUS	n/a	n/a	D255
472.6560000000	n/a	n/a	STATUS	n/a	n/a	DIN5
472.7080000000	n/a	n/a	STATUS	n/a	n/a	D255
473.2120000000	n/a	n/a	STATUS	n/a	n/a	DI78
473.2600000000	n/a	n/a	STATUS	n/a	n/a	D255
473.3000000000	n/a	n/a	STATUS	n/a	n/a	DI51
473.3480000000	n/a	n/a	STATUS	n/a	n/a	D255
473.5960000000	n/a	n/a	STATUS	n/a	n/a	DI21
473.6480000000	n/a	n/a	STATUS	n/a	n/a	D255
473.6520000000	n/a	n/a	STATUS	n/a	n/a	DIN4
473.7000000000	n/a	n/a	STATUS	n/a	n/a	D255
484.7960000000	n/a	n/a	STATUS	n/a	n/a	DIN5
484.8480000000	n/a	n/a	STATUS	n/a	n/a	D255
485.2640000000	n/a	n/a	STATUS	n/a	n/a	DI67
485.3160000000	n/a	n/a	STATUS	n/a	n/a	D255
485.3560000000	n/a	n/a	STATUS	n/a	n/a	DI53
485.4040000000	n/a	n/a	STATUS	n/a	n/a	D255
485.7640000000	n/a	n/a	STATUS	n/a	n/a	DI43
485.8160000000	n/a	n/a	STATUS	n/a	n/a	D255
486.0720000000	n/a	n/a	STATUS	n/a	n/a	DIN5
486.1240000000	n/a	n/a	STATUS	n/a	n/a	D255
486.5440000000	n/a	n/a	STATUS	n/a	n/a	DI93
486.5920000000	n/a	n/a	STATUS	n/a	n/a	D255
486.6320000000	n/a	n/a	STATUS	n/a	n/a	DI54
486.6800000000	n/a	n/a	STATUS	n/a	n/a	D255
486.9440000000	n/a	n/a	STATUS	n/a	n/a	DI34
486.9920000000	n/a	n/a	STATUS	n/a	n/a	D255
487.2520000000	n/a	n/a	STATUS	n/a	n/a	DIN5
487.3040000000	n/a	n/a	STATUS	n/a	n/a	D255
487.6160000000	n/a	n/a	STATUS	n/a	n/a	D116
487.6680000000	n/a	n/a	STATUS	n/a	n/a	D255
487.7040000000	n/a	n/a	STATUS	n/a	n/a	DI52
487.7520000000	n/a	n/a	STATUS	n/a	n/a	D255
488.1000000000	n/a	n/a	STATUS	n/a	n/a	DI42
488.1520000000	n/a	n/a	STATUS	n/a	n/a	D255
488.4080000000	n/a	n/a	STATUS	n/a	n/a	DIN5
488.4600000000	n/a	n/a	STATUS	n/a	n/a	D255
488.9040000000	n/a	n/a	STATUS	n/a	n/a	DI87
488.9560000000	n/a	n/a	STATUS	n/a	n/a	D255
488.9920000000	n/a	n/a	STATUS	n/a	n/a	DI51
489.0440000000	n/a	n/a	STATUS	n/a	n/a	D255
489.4160000000	n/a	n/a	STATUS	n/a	n/a	DI31
489.4640000000	n/a	n/a	STATUS	n/a	n/a	D255
489.7240000000	n/a	n/a	STATUS	n/a	n/a	DIN5
489.7760000000	n/a	n/a	STATUS	n/a	n/a	D255
490.1800000000	n/a	n/a	STATUS	n/a	n/a	D110
490.2280000000	n/a	n/a	STATUS	n/a	n/a	D255
490.2680000000	n/a	n/a	STATUS	n/a	n/a	DI54
490.3160000000	n/a	n/a	STATUS	n/a	n/a	D255
490.6040000000	n/a	n/a	STATUS	n/a	n/a	DI34
490.6560000000	n/a	n/a	STATUS	n/a	n/a	D255
490.9120000000	n/a	n/a	STATUS	n/a	n/a	DIN5
490.9640000000	n/a	n/a	STATUS	n/a	n/a	D255
491.4040000000	n/a	n/a	STATUS	n/a	n/a	D147
491.4520000000	n/a	n/a	STATUS	n/a	n/a	D255
491.4920000000	n/a	n/a	STATUS	n/a	n/a	DI51
491.5400000000	n/a	n/a	STATUS	n/a	n/a	D255
491.8840000000	n/a	n/a	STATUS	n/a	n/a	DI31
491.9320000000	n/a	n/a	STATUS	n/a	n/a	D255
492.1920000000	n/a	n/a	STATUS	n/a	n/a	DIN5
492.2440000000	n/a	n/a	STATUS	n/a	n/a	D255
492.5560000000	n/a	n/a	STATUS	n/a	n/a	D117
492.6080000000	n/a	n/a	STATUS	n/a	n/a	D255
492.6440000000	n/a	n/a	STATUS	n/a	n/a	DI53
492.6960000000	n/a	n/a	STATUS	n/a	n/a	D255
493.0640000000	n/a	n/a	STATUS	n/a	n/a	DI43
493.1160000000	n/a	n/a	STATUS	n/a	n/a	D255
493.3760000000	n/a	n/a	STATUS	n/a	n/a	DIN5
493.4240000000	n/a	n/a	STATUS	n/a	n/a	D255
493.8600000000	n/a	n/a	STATUS	n/a	n/a	D245
493.9080000000	n/a	n/a	STATUS	n/a	n/a	D255
493.9480000000	n/a	n/a	STATUS	n/a	n/a	DI51
493.9960000000	n/a	n/a	STATUS	n/a	n/a	D255
494.3480000000	n/a	n/a	STATUS	n/a	n/a	DI31
494.4000000000	n/a	n/a	STATUS	n/a	n/a	D255
494.6600000000	n/a	n/a	STATUS	n/a	n/a	DIN5
494.7080000000	n/a	n/a	STATUS	n/a	n/a	D255
495.1680000000	n/a	n/a	STATUS	n/a	n/a	D172
495.2200000000	n/a	n/a	STATUS	n/a	n/a	D255
495.2560000000	n/a	n/a	STATUS	n/a	n/a	DI54
495.3080000000	n/a	n/a	STATUS	n/a	n/a	D255
495.5560000000	n/a	n/a	STATUS	n/a	n/a	DI34
495.6080000000	n/a	n/a	STATUS	n/a	n/a	D255
495.8640000000	n/a	n/a	STATUS	n/a	n/a	DIN5
495.9160000000	n/a	n/a	STATUS	n/a	n/a	D255
496.3680000000	n/a	n/a	STATUS	n/a	n/a	D249
496.4200000000	n/a	n/a	STATUS	n/a	n/a	D255
496.4560000000	n/a	n/a	STATUS	n/a	n/a	DI54
496.5080000000	n/a	n/a	STATUS	n/a	n/a	D255
496.7960000000	n/a	n/a	STATUS	n/a	n/a	DI34
496.8480000000	n/a	n/a	STATUS	n/a	n/a	D255
497.1080000000	n/a	n/a	STATUS	n/a	n/a	DIN5
497.1560000000	n/a	n/a	STATUS	n/a	n/a	D255
497.5920000000	n/a	n/a	STATUS	n/a	n/a	D234
497.6400000000	n/a	n/a	STATUS	n/a	n/a	D255
497.6760000000	n/a	n/a	STATUS	n/a	n/a	DI52
497.7280000000	n/a	n/a	STATUS	n/a	n/a	D255
498.0120000000	n/a	n/a	STATUS	n/a	n/a	DI12
498.0640000000	n/a	n/a	STATUS	n/a	n/a	D255
498.0680000000	n/a	n/a	STATUS	n/a	n/a	DIN4
498.1200000000	n/a	n/a	STATUS	n/a	n/a	D255
498.8720000000	n/a	n/a	STATUS	n/a	n/a	DIN5
498.9240000000	n/a	n/a	STATUS	n/a	n/a	D255
499.2560000000	n/a	n/a	STATUS	n/a	n/a	D235
499.3080000000	n/a	n/a	STATUS	n/a	n/a	D255
499.3440000000	n/a	n/a	STATUS	n/a	n/a	DI53
499.3960000000	n/a	n/a	STATUS	n/a	n/a	D255
499.7560000000	n/a	n/a	STATUS	n/a	n/a	DI43
499.8080000000	n/a	n/a	STATUS	n/a	n/a	D255
500.0640000000	n/a	n/a	STATUS	n/a	n/a	DIN5
500.1160000000	n/a	n/a	STATUS	n/a	n/a	D255
500.5960000000	n/a	n/a	STATUS	n/a	n/a	DI91
500.6440000000	n/a	n/a	STATUS	n/a	n/a	D255
500.6840000000	n/a	n/a	STATUS	n/a	n/a	DI52
500.7360000000	n/a	n/a	STATUS	n/a	n/a	D255
501.1840000000	n/a	n/a	STATUS	n/a	n/a	DI42
501.2320000000	n/a	n/a	STATUS	n/a	n/a	D255
501.4920000000	n/a	n/a	STATUS	n/a	n/a	DIN5
501.5440000000	n/a	n/a	STATUS	n/a	n/a	D255
501.9040000000	n/a	n/a	STATUS	n/a	n/a	D214
501.9560000000	n/a	n/a	STATUS	n/a	n/a	D255
501.9960000000	n/a	n/a	STATUS	n/a	n/a	DI52
502.0440000000	n/a	n/a	STATUS	n/a	n/a	D255
502.5000000000	n/a	n/a	STATUS	n/a	n/a	DI42
502.5480000000	n/a	n/a	STATUS	n/a	n/a	D255
502.8080000000	n/a	n/a	STATUS	n/a	n/a	DIN5
502.8600000000	n/a	n/a	STATUS	n/a	n/a	D255
503.1840000000	n/a	n/a	STATUS	n/a	n/a	D237
503.2320000000	n/a	n/a	STATUS	n/a	n/a	D255
503.2720000000	n/a	n/a	STATUS	n/a	n/a	DI51
503.3200000000	n/a	n/a	STATUS	n/a	n/a	D255
503.7640000000	n/a	n/a	STATUS	n/a	n/a	DI31
503.8160000000	n/a	n/a	STATUS	n/a	n/a	D255
504.0760000000	n/a	n/a	STATUS	n/a	n/a	DIN5
504.1240000000	n/a	n/a	STATUS	n/a	n/a	D255
504.5640000000	n/a	n/a	STATUS	n/a	n/a	D123
504.6160000000	n/a	n/a	STATUS	n/a	n/a	D255
504.6520000000	n/a	n/a	STATUS	n/a	n/a	DI51
504.7000000000	n/a	n/a	STATUS	n/a	n/a	D255
505.3320000000	n/a	n/a	STATUS	n/a	n/a	DI31
505.3800000000	n/a	n/a	STATUS	n/a	n/a	D255
505.6400000000	n/a	n/a	STATUS	n/a	n/a	DIN5
505.6920000000	n/a	n/a	STATUS	n/a	n/a	D255
506.0600000000	n/a	n/a	STATUS	n/a	n/a	D163
506.1120000000	n/a	n/a	STATUS	n/a	n/a	D255
506.1480000000	n/a	n/a	STATUS	n/a	n/a	DI52
506.2000000000	n/a	n/a	STATUS	n/a	n/a	D255
506.5760000000	n/a	n/a	STATUS	n/a	n/a	DI42
506.6280000000	n/a	n/a	STATUS	n/a	n/a	D255
506.8840000000	n/a	n/a	STATUS	n/a	n/a	DIN5
506.9360000000	n/a	n/a	STATUS	n/a	n/a	D255
507.4200000000	n/a	n/a	STATUS	n/a	n/a	DI72
507.4720000000	n/a	n/a	STATUS	n/a	n/a	D255
507.5080000000	n/a	n/a	STATUS	n/a	n/a	DI51
507.5560000000	n/a	n/a	STATUS	n/a	n/a	D255
507.8880000000	n/a	n/a	STATUS	n/a	n/a	DI31
507.9400000000	n/a	n/a	STATUS	n/a	n/a	D255
508.1960000000	n/a	n/a	STATUS	n/a	n/a	DIN5
508.2480000000	n/a	n/a	STATUS	n/a	n/a	D255
508.7280000000	n/a	n/a	STATUS	n/a	n/a	D223
508.7760000000	n/a	n/a	STATUS	n/a	n/a	D255
508.8120000000	n/a	n/a	STATUS	n/a	n/a	DI53
508.8640000000	n/a	n/a	STATUS	n/a	n/a	D255
509.0960000000	n/a	n/a	STATUS	n/a	n/a	DI43
509.1480000000	n/a	n/a	STATUS	n/a	n/a	D255
509.4040000000	n/a	n/a	STATUS	n/a	n/a	DIN5
509.4560000000	n/a	n/a	STATUS	n/a	n/a	D255
509.8960000000	n/a	n/a	STATUS	n/a	n/a	D118
509.9440000000	n/a	n/a	STATUS	n/a	n/a	D255
509.9840000000	n/a	n/a	STATUS	n/a	n/a	DI52
510.0360000000	n/a	n/a	STATUS	n/a	n/a	D255
510.2880000000	n/a	n/a	STATUS	n/a	n/a	DI12
510.3400000000	n/a	n/a	STATUS	n/a	n/a	D255
510.3440000000	n/a	n/a	STATUS	n/a	n/a	DIN4
510.3960000000	n/a	n/a	STATUS	n/a	n/a	D255
511.1520000000	n/a	n/a	STATUS	n/a	n/a	DIN5
511.2000000000	n/a	n/a	STATUS	n/a	n/a	D255
511.7040000000	n/a	n/a	STATUS	n/a	n/a	D228
511.7520000000	n/a	n/a	STATUS	n/a	n/a	D255
511.7920000000	n/a	n/a	STATUS	n/a	n/a	DI54
511.8400000000	n/a	n/a	STATUS	n/a	n/a	D255
512.1840000000	n/a	n/a	STATUS	n/a	n/a	DI34
512.2320000000	n/a	n/a	STATUS	n/a	n/a	D255
512.4920000000	n/a	n/a	STATUS	n/a	n/a	DIN5
512.5400000000	n/a	n/a	STATUS	n/a	n/a	D255
512.8560000000	n/a	n/a	STATUS	n/a	n/a	D152
512.9040000000	n/a	n/a	STATUS	n/a	n/a	D255
512.9440000000	n/a	n/a	STATUS	n/a	n/a	DI51
512.9920000000	n/a	n/a	STATUS	n/a	n/a	D255
513.3800000000	n/a	n/a	STATUS	n/a	n/a	DI31
513.4320000000	n/a	n/a	STATUS	n/a	n/a	D255
513.6880000000	n/a	n/a	STATUS	n/a	n/a	DIN5
513.7400000000	n/a	n/a	STATUS	n/a	n/a	D255
514.0800000000	n/a	n/a	STATUS	n/a	n/a	D204
514.1280000000	n/a	n/a	STATUS	n/a	n/a	D255
514.1680000000	n/a	n/a	STATUS	n/a	n/a	DI51
514.2160000000	n/a	n/a	STATUS	n/a	n/a	D255
514.5720000000	n/a	n/a	STATUS	n/a	n/a	DI31
514.6240000000	n/a	n/a	STATUS	n/a	n/a	D255
514.8840000000	n/a	n/a	STATUS	n/a	n/a	DIN5
514.9320000000	n/a	n/a	STATUS	n/a	n/a	D255
515.2960000000	n/a	n/a	STATUS	n/a	n/a	D151
515.3480000000	n/a	n/a	STATUS	n/a	n/a	D255
515.3840000000	n/a	n/a	STATUS	n/a	n/a	DI53
515.4360000000	n/a	n/a	STATUS	n/a	n/a	D255
515.8120000000	n/a	n/a	STATUS	n/a	n/a	DI43
515.8640000000	n/a	n/a	STATUS	n/a	n/a	D255
516.1240000000	n/a	n/a	STATUS	n/a	n/a	DIN5
516.1720000000	n/a	n/a	STATUS	n/a	n/a	D255
516.5320000000	n/a	n/a	STATUS	n/a	n/a	D251
516.5840000000	n/a	n/a	STATUS	n/a	n/a	D255
516.6200000000	n/a	n/a	STATUS	n/a	n/a	DI54
516.6720000000	n/a	n/a	STATUS	n/a	n/a	D255
517.0200000000	n/a	n/a	STATUS	n/a	n/a	DI34
517.0720000000	n/a	n/a	STATUS	n/a	n/a	D255
517.3320000000	n/a	n/a	STATUS	n/a	n/a	DIN5
517.3800000000	n/a	n/a	STATUS	n/a	n/a	D255
517.7800000000	n/a	n/a	STATUS	n/a	n/a	DI90
517.8320000000	n/a	n/a	STATUS	n/a	n/a	D255
517.8680000000	n/a	n/a	STATUS	n/a	n/a	DI53
517.9200000000	n/a	n/a	STATUS	n/a	n/a	D255
518.1520000000	n/a	n/a	STATUS	n/a	n/a	DI43
518.2040000000	n/a	n/a	STATUS	n/a	n/a	D255
518.4600000000	n/a	n/a	STATUS	n/a	n/a	DIN5
518.5120000000	n/a	n/a	STATUS	n/a	n/a	D255
518.9520000000	n/a	n/a	STATUS	n/a	n/a	D238
519.0000000000	n/a	n/a	STATUS	n/a	n/a	D255
519.0400000000	n/a	n/a	STATUS	n/a	n/a	DI51
519.0880000000	n/a	n/a	STATUS	n/a	n/a	D255
519.4680000000	n/a	n/a	STATUS	n/a	n/a	DI31
519.5200000000	n/a	n/a	STATUS	n/a	n/a	D255
519.7800000000	n/a	n/a	STATUS	n/a	n/a	DIN5
519.8280000000	n/a	n/a	STATUS	n/a	n/a	D255
520.2520000000	n/a	n/a	STATUS	n/a	n/a	D180
520.3040000000	n/a	n/a	STATUS	n/a	n/a	D255
520.3400000000	n/a	n/a	STATUS	n/a	n/a	DI53
520.3920000000	n/a	n/a	STATUS	n/a	n/a	D255
520.7280000000	n/a	n/a	STATUS	n/a	n/a	DI43
520.7800000000	n/a	n/a	STATUS	n/a	n/a	D255
521.0360000000	n/a	n/a	STATUS	n/a	n/a	DIN5
521.0880000000	n/a	n/a	STATUS	n/a	n/a	D255
521.4000000000	n/a	n/a	STATUS	n/a	n/a	D126
521.4520000000	n/a	n/a	STATUS	n/a	n/a	D255
521.4920000000	n/a	n/a	STATUS	n/a	n/a	DI53
521.5400000000	n/a	n/a	STATUS	n/a	n/a	D255
521.8640000000	n/a	n/a	STATUS	n/a	n/a	DI43
521.9160000000	n/a	n/a	STATUS	n/a	n/a	D255
522.1760000000	n/a	n/a	STATUS	n/a	n/a	DIN5
522.2240000000	n/a	n/a	STATUS	n/a	n/a	D255
522.6520000000	n/a	n/a	STATUS	n/a	n/a	DI73
522.7040000000	n/a	n/a	STATUS	n/a	n/a	D255
522.7400000000	n/a	n/a	STATUS	n/a	n/a	DI53
522.7920000000	n/a	n/a	STATUS	n/a	n/a	D255
523.0720000000	n/a	n/a	STATUS	n/a	n/a	DI43
523.1240000000	n/a	n/a	STATUS	n/a	n/a	D255
523.3800000000	n/a	n/a	STATUS	n/a	n/a	DIN5
523.4320000000	n/a	n/a	STATUS	n/a	n/a	D255
523.7800000000	n/a	n/a	STATUS	n/a	n/a	DI97
523.8320000000	n/a	n/a	STATUS	n/a	n/a	D255
523.8680000000	n/a	n/a	STATUS	n/a	n/a	DI52
523.9160000000	n/a	n/a	STATUS	n/a	n/a	D255
524.3080000000	n/a	n/a	STATUS	n/a	n/a	DI42
524.3600000000	n/a	n/a	STATUS	n/a	n/a	D255
524.6160000000	n/a	n/a	STATUS	n/a	n/a	DIN5
524.6680000000	n/a	n/a	STATUS	n/a	n/a	D255
525.1320000000	n/a	n/a	STATUS	n/a	n/a	D144
525.1840000000	n/a	n/a	STATUS	n/a	n/a	D255
525.2200000000	n/a	n/a	STATUS	n/a	n/a	DI53
525.2720000000	n/a	n/a	STATUS	n/a	n/a	D255
525.2720000000	n/a	n/a	STATUS	n/a	n/a	D245
525.5360000000	n/a	n/a	STATUS	n/a	n/a	DI43
525.5880000000	n/a	n/a	STATUS	n/a	n/a	D255
525.8440000000	n/a	n/a	STATUS	n/a	n/a	DIN5
525.8960000000	n/a	n/a	STATUS	n/a	n/a	D255
526.3920000000	n/a	n/a	STATUS	n/a	n/a	D120
526.4400000000	n/a	n/a	STATUS	n/a	n/a	D255
526.4800000000	n/a	n/a	STATUS	n/a	n/a	DI53
526.5280000000	n/a	n/a	STATUS	n/a	n/a	D255
526.8120000000	n/a	n/a	STATUS	n/a	n/a	DI43
526.8640000000	n/a	n/a	STATUS	n/a	n/a	D255
527.1200000000	n/a	n/a	STATUS	n/a	n/a	DIN5
527.1720000000	n/a	n/a	STATUS	n/a	n/a	D255
527.5320000000	n/a	n/a	STATUS	n/a	n/a	D171
527.5800000000	n/a	n/a	STATUS	n/a	n/a	D255
527.6200000000	n/a	n/a	STATUS	n/a	n/a	DI52
527.6680000000	n/a	n/a	STATUS	n/a	n/a	D255
528.0560000000	n/a	n/a	STATUS	n/a	n/a	DI42
528.1040000000	n/a	n/a	STATUS	n/a	n/a	D255
528.3640000000	n/a	n/a	STATUS	n/a	n/a	DIN5
528.4120000000	n/a	n/a	STATUS	n/a	n/a	D255
528.8160000000	n/a	n/a	STATUS	n/a	n/a	DI77
528.8680000000	n/a	n/a	STATUS	n/a	n/a	D255
528.9040000000	n/a	n/a	STATUS	n/a	n/a	DI53
528.9560000000	n/a	n/a	STATUS	n/a	n/a	D255
529.2400000000	n/a	n/a	STATUS	n/a	n/a	DI43
529.2920000000	n/a	n/a	STATUS	n/a	n/a	D255
529.5520000000	n/a	n/a	STATUS	n/a	n/a	DIN5
529.6000000000	n/a	n/a	STATUS	n/a	n/a	D255
529.9800000000	n/a	n/a	STATUS	n/a	n/a	D133
530.0280000000	n/a	n/a	STATUS	n/a	n/a	D255
530.0680000000	n/a	n/a	STATUS	n/a	n/a	DI54
530.1160000000	n/a	n/a	STATUS	n/a	n/a	D255
530.4720000000	n/a	n/a	STATUS	n/a	n/a	DI34
530.5240000000	n/a	n/a	STATUS	n/a	n/a	D255
530.7800000000	n/a	n/a	STATUS	n/a	n/a	DIN5
530.8320000000	n/a	n/a	STATUS	n/a	n/a	D255
531.1760000000	n/a	n/a	STATUS	n/a	n/a	D143
531.2280000000	n/a	n/a	STATUS	n/a	n/a	D255
531.2640000000	n/a	n/a	STATUS	n/a	n/a	DI51
531.3160000000	n/a	n/a	STATUS	n/a	n/a	D255
531.7880000000	n/a	n/a	STATUS	n/a	n/a	DI31
531.8360000000	n/a	n/a	STATUS	n/a	n/a	D255
532.0960000000	n/a	n/a	STATUS	n/a	n/a	DIN5
532.1440000000	n/a	n/a	STATUS	n/a	n/a	D255
532.6440000000	n/a	n/a	STATUS	n/a	n/a	D252
532.6960000000	n/a	n/a	STATUS	n/a	n/a	D255
532.7320000000	n/a	n/a	STATUS	n/a	n/a	DI52
532.7840000000	n/a	n/a	STATUS	n/a	n/a	D255
533.1680000000	n/a	n/a	STATUS	n/a	n/a	DI42
533.2160000000	n/a	n/a	STATUS	n/a	n/a	D255
533.4760000000	n/a	n/a	STATUS	n/a	n/a	DIN5
533.5240000000	n/a	n/a	STATUS	n/a	n/a	D255
533.8400000000	n/a	n/a	STATUS	n/a	n/a	D227
533.8920000000	n/a	n/a	STATUS	n/a	n/a	D255
533.9280000000	n/a	n/a	STATUS	n/a	n/a	DI51
533.9800000000	n/a	n/a	STATUS	n/a	n/a	D255
534.3520000000	n/a	n/a	STATUS	n/a	n/a	DI31
534.4040000000	n/a	n/a	STATUS	n/a	n/a	D255
534.6600000000	n/a	n/a	STATUS	n/a	n/a	DIN5
534.7120000000	n/a	n/a	STATUS	n/a	n/a	D255
535.1120000000	n/a	n/a	STATUS	n/a	n/a	D220
535.1600000000	n/a	n/a	STATUS	n/a	n/a	D255
535.2000000000	n/a	n/a	STATUS	n/a	n/a	DI54
535.2480000000	n/a	n/a	STATUS	n/a	n/a	D255
535.6680000000	n/a	n/a	STATUS	n/a	n/a	DI34
535.7200000000	n/a	n/a	STATUS	n/a	n/a	D255
535.9760000000	n/a	n/a	STATUS	n/a	n/a	DIN5
536.0280000000	n/a	n/a	STATUS	n/a	n/a	D255
536.3920000000	n/a	n/a	STATUS	n/a	n/a	D209
536.4400000000	n/a	n/a	STATUS	n/a	n/a	D255
536.4800000000	n/a	n/a	STATUS	n/a	n/a	DI54
536.5280000000	n/a	n/a	STATUS	n/a	n/a	D255
536.8800000000	n/a	n/a	STATUS	n/a	n/a	DI34
536.9320000000	n/a	n/a	STATUS	n/a	n/a	D255
537.1880000000	n/a	n/a	STATUS	n/a	n/a	DIN5
537.2400000000	n/a	n/a	STATUS	n/a	n/a	D255
537.6800000000	n/a	n/a	STATUS	n/a	n/a	DI79
537.7280000000	n/a	n/a	STATUS	n/a	n/a	D255
537.7680000000	n/a	n/a	STATUS	n/a	n/a	DI53
537.8160000000	n/a	n/a	STATUS	n/a	n/a	D255
538.1680000000	n/a	n/a	STATUS	n/a	n/a	DI43
538.2160000000	n/a	n/a	STATUS	n/a	n/a	D255
538.4760000000	n/a	n/a	STATUS	n/a	n/a	DIN5
538.5280000000	n/a	n/a	STATUS	n/a	n/a	D255
539.0200000000	n/a	n/a	STATUS	n/a	n/a	D177
539.0720000000	n/a	n/a	STATUS	n/a	n/a	D255
539.1080000000	n/a	n/a	STATUS	n/a	n/a	DI52
539.1560000000	n/a	n/a	STATUS	n/a	n/a	D255
539.5400000000	n/a	n/a	STATUS	n/a	n/a	DI42
539.5880000000	n/a	n/a	STATUS	n/a	n/a	D255
539.8480000000	n/a	n/a	STATUS	n/a	n/a	DIN5
539.9000000000	n/a	n/a	STATUS	n/a	n/a	D255
540.2920000000	n/a	n/a	STATUS	n/a	n/a	D106
540.3440000000	n/a	n/a	STATUS	n/a	n/a	D255
540.3800000000	n/a	n/a	STATUS	n/a	n/a	DI52
540.4320000000	n/a	n/a	STATUS	n/a	n/a	D255
540.7800000000	n/a	n/a	STATUS	n/a	n/a	DI42
540.8280000000	n/a	n/a	STATUS	n/a	n/a	D255
541.0880000000	n/a	n/a	STATUS	n/a	n/a	DIN5
541.1360000000	n/a	n/a	STATUS	n/a	n/a	D255
541.6120000000	n/a	n/a	STATUS	n/a	n/a	D124
541.6640000000	n/a	n/a	STATUS	n/a	n/a	D255
541.7000000000	n/a	n/a	STATUS	n/a	n/a	DI51
541.7520000000	n/a	n/a	STATUS	n/a	n/a	D255
542.0360000000	n/a	n/a	STATUS	n/a	n/a	DI21
542.0880000000	n/a	n/a	STATUS	n/a	n/a	D255
542.0920000000	n/a	n/a	STATUS	n/a	n/a	DIN4
542.1400000000	n/a	n/a	STATUS	n/a	n/a	D255
542.8960000000	n/a	n/a	STATUS	n/a	n/a	DIN5
542.9480000000	n/a	n/a	STATUS	n/a	n/a	D255
543.2960000000	n/a	n/a	STATUS	n/a	n/a	D149
543.3480000000	n/a	n/a	STATUS	n/a	n/a	D255
543.3840000000	n/a	n/a	STATUS	n/a	n/a	DI54
543.4360000000	n/a	n/a	STATUS	n/a	n/a	D255
543.7360000000	n/a	n/a	STATUS	n/a	n/a	DI34
543.7840000000	n/a	n/a	STATUS	n/a	n/a	D255
544.0440000000	n/a	n/a	STATUS	n/a	n/a	DIN5
544.0920000000	n/a	n/a	STATUS	n/a	n/a	D255
544.4040000000	n/a	n/a	STATUS	n/a	n/a	D166
544.4520000000	n/a	n/a	STATUS	n/a	n/a	D255
544.4880000000	n/a	n/a	STATUS	n/a	n/a	DI53
544.5400000000	n/a	n/a	STATUS	n/a	n/a	D255
544.8800000000	n/a	n/a	STATUS	n/a	n/a	DI43
544.9320000000	n/a	n/a	STATUS	n/a	n/a	D255
545.1920000000	n/a	n/a	STATUS	n/a	n/a	DIN5
545.2400000000	n/a	n/a	STATUS	n/a	n/a	D255
545.7200000000	n/a	n/a	STATUS	n/a	n/a	DI94
545.7680000000	n/a	n/a	STATUS	n/a	n/a	D255
545.8080000000	n/a	n/a	STATUS	n/a	n/a	DI54
545.8560000000	n/a	n/a	STATUS	n/a	n/a	D255
546.2200000000	n/a	n/a	STATUS	n/a	n/a	DI34
546.2720000000	n/a	n/a	STATUS	n/a	n/a	D255
546.5280000000	n/a	n/a	STATUS	n/a	n/a	DIN5
546.5800000000	n/a	n/a	STATUS	n/a	n/a	D255
546.9440000000	n/a	n/a	STATUS	n/a	n/a	D109
546.9960000000	n/a	n/a	STATUS	n/a	n/a	D255
547.0320000000	n/a	n/a	STATUS	n/a	n/a	DI52
547.0840000000	n/a	n/a	STATUS	n/a	n/a	D255
547.4440000000	n/a	n/a	STATUS	n/a	n/a	DI42
547.4920000000	n/a	n/a	STATUS	n/a	n/a	D255
547.7520000000	n/a	n/a	STATUS	n/a	n/a	DIN5
547.8000000000	n/a	n/a	STATUS	n/a	n/a	D255
548.2720000000	n/a	n/a	STATUS	n/a	n/a	D221
548.3200000000	n/a	n/a	STATUS	n/a	n/a	D255
548.3600000000	n/a	n/a	STATUS	n/a	n/a	DI54
548.4080000000	n/a	n/a	STATUS	n/a	n/a	D255
548.4080000000	n/a	n/a	STATUS	n/a	n/a	D246
548.7200000000	n/a	n/a	STATUS	n/a	n/a	DI34
548.7720000000	n/a	n/a	STATUS	n/a	n/a	D255
549.0280000000	n/a	n/a	STATUS	n/a	n/a	DIN5
549.0800000000	n/a	n/a	STATUS	n/a	n/a	D255
549.4880000000	n/a	n/a	STATUS	n/a	n/a	D162
549.5400000000	n/a	n/a	STATUS	n/a	n/a	D255
549.5760000000	n/a	n/a	STATUS	n/a	n/a	DI54
549.6280000000	n/a	n/a	STATUS	n/a	n/a	D255
549.8760000000	n/a	n/a	STATUS	n/a	n/a	DI34
549.9280000000	n/a	n/a	STATUS	n/a	n/a	D255
550.1880000000	n/a	n/a	STATUS	n/a	n/a	DIN5
550.2360000000	n/a	n/a	STATUS	n/a	n/a	D255
550.5640000000	n/a	n/a	STATUS	n/a	n/a	D158
550.6160000000	n/a	n/a	STATUS	n/a	n/a	D255
550.6520000000	n/a	n/a	STATUS	n/a	n/a	DI54
550.7040000000	n/a	n/a	STATUS	n/a	n/a	D255
551.0480000000	n/a	n/a	STATUS	n/a	n/a	DI34
551.0960000000	n/a	n/a	STATUS	n/a	n/a	D255
551.3560000000	n/a	n/a	STATUS	n/a	n/a	DIN5
551.4040000000	n/a	n/a	STATUS	n/a	n/a	D255
551.8320000000	n/a	n/a	STATUS	n/a	n/a	D136
551.8800000000	n/a	n/a	STATUS	n/a	n/a	D255
551.9200000000	n/a	n/a	STATUS	n/a	n/a	DI53
551.9680000000	n/a	n/a	STATUS	n/a	n/a	D255
552.1960000000	n/a	n/a	STATUS	n/a	n/a	DI43
552.2440000000	n/a	n/a	STATUS	n/a	n/a	D255
552.5040000000	n/a	n/a	STATUS	n/a	n/a	DIN5
552.5520000000	n/a	n/a	STATUS	n/a	n/a	D255
552.9880000000	n/a	n/a	STATUS	n/a	n/a	DI65
553.0400000000	n/a	n/a	STATUS	n/a	n/a	D255
553.0760000000	n/a	n/a	STATUS	n/a	n/a	DI54
553.1280000000	n/a	n/a	STATUS	n/a	n/a	D255
553.4160000000	n/a	n/a	STATUS	n/a	n/a	DI34
553.4680000000	n/a	n/a	STATUS	n/a	n/a	D255
553.7240000000	n/a	n/a	STATUS	n/a	n/a	DIN5
553.7760000000	n/a	n/a	STATUS	n/a	n/a	D255
554.2480000000	n/a	n/a	STATUS	n/a	n/a	D101
554.3000000000	n/a	n/a	STATUS	n/a	n/a	D255
554.3360000000	n/a	n/a	STATUS	n/a	n/a	DI52
554.3880000000	n/a	n/a	STATUS	n/a	n/a	D255
554.6320000000	n/a	n/a	STATUS	n/a	n/a	DI12
554.6800000000	n/a	n/a	STATUS	n/a	n/a	D255
554.6840000000	n/a	n/a	STATUS	n/a	n/a	DIN4
554.7360000000	n/a	n/a	STATUS	n/a	n/a	D255
555.4880000000	n/a	n/a	STATUS	n/a	n/a	DIN5
555.5400000000	n/a	n/a	STATUS	n/a	n/a	D255
555.9840000000	n/a	n/a	STATUS	n/a	n/a	DI95
556.0360000000	n/a	n/a	STATUS	n/a	n/a	D255
556.0720000000	n/a	n/a	STATUS	n/a	n/a	DI51
556.1240000000	n/a	n/a	STATUS	n/a	n/a	D255
556.3480000000	n/a	n/a	STATUS	n/a	n/a	DI21
556.3960000000	n/a	n/a	STATUS	n/a	n/a	D255
556.4000000000	n/a	n/a	STATUS	n/a	n/a	DIN4
556.4520000000	n/a	n/a	STATUS	n/a	n/a	D255
557.2040000000	n/a	n/a	STATUS	n/a	n/a	DIN5
557.2560000000	n/a	n/a	STATUS	n/a	n/a	D255
557.6200000000	n/a	n/a	STATUS	n/a	n/a	D114
557.6680000000	n/a	n/a	STATUS	n/a	n/a	D255
557.7080000000	n/a	n/a	STATUS	n/a	n/a	DI51
557.7600000000	n/a	n/a	STATUS	n/a	n/a	D255
558.1520000000	n/a	n/a	STATUS	n/a	n/a	DI31
558.2000000000	n/a	n/a	STATUS	n/a	n/a	D255
558.4600000000	n/a	n/a	STATUS	n/a	n/a	DIN5
558.5080000000	n/a	n/a	STATUS	n/a	n/a	D255
558.9080000000	n/a	n/a	STATUS	n/a	n/a	DI84
558.9600000000	n/a	n/a	STATUS	n/a	n/a	D255
558.9960000000	n/a	n/a	STATUS	n/a	n/a	DI53
559.0480000000	n/a	n/a	STATUS	n/a	n/a	D255
559.3920000000	n/a	n/a	STATUS	n/a	n/a	DI43
559.4440000000	n/a	n/a	STATUS	n/a	n/a	D255
559.7040000000	n/a	n/a	STATUS	n/a	n/a	DIN5
559.7520000000	n/a	n/a	STATUS	n/a	n/a	D255
560.1680000000	n/a	n/a	STATUS	n/a	n/a	D129
560.2160000000	n/a	n/a	STATUS	n/a	n/a	D255
560.2560000000	n/a	n/a	STATUS	n/a	n/a	DI53
560.3040000000	n/a	n/a	STATUS	n/a	n/a	D255
560.6400000000	n/a	n/a	STATUS	n/a	n/a	DI43
560.6920000000	n/a	n/a	STATUS	n/a	n/a	D255
560.9480000000	n/a	n/a	STATUS	n/a	n/a	DIN5
561.0000000000	n/a	n/a	STATUS	n/a	n/a	D255
561.3800000000	n/a	n/a	STATUS	n/a	n/a	DI99
561.4280000000	n/a	n/a	STATUS	n/a	n/a	D255
561.4680000000	n/a	n/a	STATUS	n/a	n/a	DI52
561.5160000000	n/a	n/a	STATUS	n/a	n/a	D255
561.9040000000	n/a	n/a	STATUS	n/a	n/a	DI42
561.9560000000	n/a	n/a	STATUS	n/a	n/a	D255
562.2160000000	n/a	n/a	STATUS	n/a	n/a	DIN5
562.2640000000	n/a	n/a	STATUS	n/a	n/a	D255
562.6080000000	n/a	n/a	STATUS	n/a	n/a	D140
562.6600000000	n/a	n/a	STATUS	n/a	n/a	D255
562.6960000000	n/a	n/a	STATUS	n/a	n/a	DI53
562.7480000000	n/a	n/a	STATUS	n/a	n/a	D255
563.0480000000	n/a	n/a	STATUS	n/a	n/a	DI43
563.0960000000	n/a	n/a	STATUS	n/a	n/a	D255
563.3560000000	n/a	n/a	STATUS	n/a	n/a	DIN5
563.4080000000	n/a	n/a	STATUS	n/a	n/a	D255
563.7400000000	n/a	n/a	STATUS	n/a	n/a	D236
563.7920000000	n/a	n/a	STATUS	n/a	n/a	D255
563.8280000000	n/a	n/a	STATUS	n/a	n/a	DI53
563.8800000000	n/a	n/a	STATUS	n/a	n/a	D255
564.3240000000	n/a	n/a	STATUS	n/a	n/a	DI43
564.3720000000	n/a	n/a	STATUS	n/a	n/a	D255
564.6320000000	n/a	n/a	STATUS	n/a	n/a	DIN5
564.6840000000	n/a	n/a	STATUS	n/a	n/a	D255
565.1320000000	n/a	n/a	STATUS	n/a	n/a	DI82
565.1840000000	n/a	n/a	STATUS	n/a	n/a	D255
565.2200000000	n/a	n/a	STATUS	n/a	n/a	DI54
565.2680000000	n/a	n/a	STATUS	n/a	n/a	D255
565.5360000000	n/a	n/a	STATUS	n/a	n/a	DI34
565.5880000000	n/a	n/a	STATUS	n/a	n/a	D255
565.8480000000	n/a	n/a	STATUS	n/a	n/a	DIN5
565.8960000000	n/a	n/a	STATUS	n/a	n/a	D255
566.2640000000	n/a	n/a	STATUS	n/a	n/a	D208
566.3160000000	n/a	n/a	STATUS	n/a	n/a	D255
566.3520000000	n/a	n/a	STATUS	n/a	n/a	DI51
566.4040000000	n/a	n/a	STATUS	n/a	n/a	D255
566.8880000000	n/a	n/a	STATUS	n/a	n/a	DI31
566.9400000000	n/a	n/a	STATUS	n/a	n/a	D255
567.1960000000	n/a	n/a	STATUS	n/a	n/a	DIN5
567.2480000000	n/a	n/a	STATUS	n/a	n/a	D255
567.7240000000	n/a	n/a	STATUS	n/a	n/a	DI80
567.7720000000	n/a	n/a	STATUS	n/a	n/a	D255
567.8080000000	n/a	n/a	STATUS	n/a	n/a	DI52
567.8600000000	n/a	n/a	STATUS	n/a	n/a	D255
568.1320000000	n/a	n/a	STATUS	n/a	n/a	DI12
568.1800000000	n/a	n/a	STATUS	n/a	n/a	D255
568.1840000000	n/a	n/a	STATUS	n/a	n/a	DIN4
568.2360000000	n/a	n/a	STATUS	n/a	n/a	D255
568.9920000000	n/a	n/a	STATUS	n/a	n/a	DIN5
569.0400000000	n/a	n/a	STATUS	n/a	n/a	D255
569.3640000000	n/a	n/a	STATUS	n/a	n/a	D161
569.4160000000	n/a	n/a	STATUS	n/a	n/a	D255
569.4520000000	n/a	n/a	STATUS	n/a	n/a	DI52
569.5040000000	n/a	n/a	STATUS	n/a	n/a	D255
569.9880000000	n/a	n/a	STATUS	n/a	n/a	DI42
570.0360000000	n/a	n/a	STATUS	n/a	n/a	D255
570.2960000000	n/a	n/a	STATUS	n/a	n/a	DIN5
570.3480000000	n/a	n/a	STATUS	n/a	n/a	D255
570.7760000000	n/a	n/a	STATUS	n/a	n/a	D240
570.8280000000	n/a	n/a	STATUS	n/a	n/a	D255
570.8640000000	n/a	n/a	STATUS	n/a	n/a	DI51
570.9120000000	n/a	n/a	STATUS	n/a	n/a	D255
571.3520000000	n/a	n/a	STATUS	n/a	n/a	DI31
571.4040000000	n/a	n/a	STATUS	n/a	n/a	D255
571.6640000000	n/a	n/a	STATUS	n/a	n/a	DIN5
571.7120000000	n/a	n/a	STATUS	n/a	n/a	D255
572.0880000000	n/a	n/a	STATUS	n/a	n/a	D169
572.1360000000	n/a	n/a	STATUS	n/a	n/a	D255
572.1760000000	n/a	n/a	STATUS	n/a	n/a	DI54
572.2240000000	n/a	n/a	STATUS	n/a	n/a	D255
572.6720000000	n/a	n/a	STATUS	n/a	n/a	DI34
572.7200000000	n/a	n/a	STATUS	n/a	n/a	D255
572.9800000000	n/a	n/a	STATUS	n/a	n/a	DIN5
573.0280000000	n/a	n/a	STATUS	n/a	n/a	D255
573.4000000000	n/a	n/a	STATUS	n/a	n/a	D122
573.4480000000	n/a	n/a	STATUS	n/a	n/a	D255
573.4880000000	n/a	n/a	STATUS	n/a	n/a	DI53
573.5360000000	n/a	n/a	STATUS	n/a	n/a	D255
573.8040000000	n/a	n/a	STATUS	n/a	n/a	DI43
573.8560000000	n/a	n/a	STATUS	n/a	n/a	D255
574.1120000000	n/a	n/a	STATUS	n/a	n/a	DIN5
574.1640000000	n/a	n/a	STATUS	n/a	n/a	D255
574.6120000000	n/a	n/a	STATUS	n/a	n/a	D207
574.6640000000	n/a	n/a	STATUS	n/a	n/a	D255
574.7000000000	n/a	n/a	STATUS	n/a	n/a	DI53
574.7520000000	n/a	n/a	STATUS	n/a	n/a	D255
575.0320000000	n/a	n/a	STATUS	n/a	n/a	DI43
575.0840000000	n/a	n/a	STATUS	n/a	n/a	D255
575.3400000000	n/a	n/a	STATUS	n/a	n/a	DIN5
575.3920000000	n/a	n/a	STATUS	n/a	n/a	D255
575.7000000000	n/a	n/a	STATUS	n/a	n/a	D241
575.7520000000	n/a	n/a	STATUS	n/a	n/a	D255
575.7880000000	n/a	n/a	STATUS	n/a	n/a	DI52
575.8400000000	n/a	n/a	STATUS	n/a	n/a	D255
576.2080000000	n/a	n/a	STATUS	n/a	n/a	DI12
576.2560000000	n/a	n/a	STATUS	n/a	n/a	D255
576.2600000000	n/a	n/a	STATUS	n/a	n/a	DIN4
576.3120000000	n/a	n/a	STATUS	n/a	n/a	D255
577.0640000000	n/a	n/a	STATUS	n/a	n/a	DIN5
577.1160000000	n/a	n/a	STATUS	n/a	n/a	D255
577.4880000000	n/a	n/a	STATUS	n/a	n/a	DI68
577.5400000000	n/a	n/a	STATUS	n/a	n/a	D255
577.5760000000	n/a	n/a	STATUS	n/a	n/a	DI52
577.6280000000	n/a	n/a	STATUS	n/a	n/a	D255
578.0840000000	n/a	n/a	STATUS	n/a	n/a	DI42
578.1360000000	n/a	n/a	STATUS	n/a	n/a	D255
578.3920000000	n/a	n/a	STATUS	n/a	n/a	DIN5
578.4440000000	n/a	n/a	STATUS	n/a	n/a	D255
578.8640000000	n/a	n/a	STATUS	n/a	n/a	D231
578.9120000000	n/a	n/a	STATUS	n/a	n/a	D255
578.9520000000	n/a	n/a	STATUS	n/a	n/a	DI51
579.0000000000	n/a	n/a	STATUS	n/a	n/a	D255
579.3560000000	n/a	n/a	STATUS	n/a	n/a	DI31
579.4080000000	n/a	n/a	STATUS	n/a	n/a	D255
579.6640000000	n/a	n/a	STATUS	n/a	n/a	DIN5
579.7160000000	n/a	n/a	STATUS	n/a	n/a	D255
580.2160000000	n/a	n/a	STATUS	n/a	n/a	D156
580.2640000000	n/a	n/a	STATUS	n/a	n/a	D255
580.3040000000	n/a	n/a	STATUS	n/a	n/a	DI54
580.3520000000	n/a	n/a	STATUS	n/a	n/a	D255
580.6800000000	n/a	n/a	STATUS	n/a	n/a	DI34
580.7320000000	n/a	n/a	STATUS	n/a	n/a	D255
580.9920000000	n/a	n/a	STATUS	n/a	n/a	DIN5
581.0400000000	n/a	n/a	STATUS	n/a	n/a	D255
581.4400000000	n/a	n/a	STATUS	n/a	n/a	D210
581.4920000000	n/a	n/a	STATUS	n/a	n/a	D255
581.5280000000	n/a	n/a	STATUS	n/a	n/a	DI54
581.5800000000	n/a	n/a	STATUS	n/a	n/a	D255
581.9000000000	n/a	n/a	STATUS	n/a	n/a	DI34
581.9520000000	n/a	n/a	STATUS	n/a	n/a	D255
582.2080000000	n/a	n/a	STATUS	n/a	n/a	DIN5
582.2600000000	n/a	n/a	STATUS	n/a	n/a	D255
582.7160000000	n/a	n/a	STATUS	n/a	n/a	D183
582.7640000000	n/a	n/a	STATUS	n/a	n/a	D255
582.8040000000	n/a	n/a	STATUS	n/a	n/a	DI52
582.8520000000	n/a	n/a	STATUS	n/a	n/a	D255
583.2080000000	n/a	n/a	STATUS	n/a	n/a	DI42
583.2600000000	n/a	n/a	STATUS	n/a	n/a	D255
583.5200000000	n/a	n/a	STATUS	n/a	n/a	DIN5
583.5680000000	n/a	n/a	STATUS	n/a	n/a	D255
583.9240000000	n/a	n/a	STATUS	n/a	n/a	D215
583.9720000000	n/a	n/a	STATUS	n/a	n/a	D255
584.0120000000	n/a	n/a	STATUS	n/a	n/a	DI54
584.0600000000	n/a	n/a	STATUS	n/a	n/a	D255
584.4480000000	n/a	n/a	STATUS	n/a	n/a	DI34
584.4960000000	n/a	n/a	STATUS	n/a	n/a	D255
584.7560000000	n/a	n/a	STATUS	n/a	n/a	DIN5
584.8040000000	n/a	n/a	STATUS	n/a	n/a	D255
585.1240000000	n/a	n/a	STATUS	n/a	n/a	DI96
585.1760000000	n/a	n/a	STATUS	n/a	n/a	D255
585.2120000000	n/a	n/a	STATUS	n/a	n/a	DI52
585.2600000000	n/a	n/a	STATUS	n/a	n/a	D255
585.6400000000	n/a	n/a	STATUS	n/a	n/a	DI42
585.6920000000	n/a	n/a	STATUS	n/a	n/a	D255
585.9520000000	n/a	n/a	STATUS	n/a	n/a	DIN5
586.0000000000	n/a	n/a	STATUS	n/a	n/a	D255
586.3840000000	n/a	n/a	STATUS	n/a	n/a	DI69
586.4360000000	n/a	n/a	STATUS	n/a	n/a	D255
586.4720000000	n/a	n/a	STATUS	n/a	n/a	DI54
586.5240000000	n/a	n/a	STATUS	n/a	n/a	D255
586.8680000000	n/a	n/a	STATUS	n/a	n/a	DI34
586.9160000000	n/a	n/a	STATUS	n/a	n/a	D255
587.1760000000	n/a	n/a	STATUS	n/a	n/a	DIN5
587.2240000000	n/a	n/a	STATUS	n/a	n/a	D255
587.5960000000	n/a	n/a	STATUS	n/a	n/a	D113
587.6440000000	n/a	n/a	STATUS	n/a	n/a	D255
587.6840000000	n/a	n/a	STATUS	n/a	n/a	DI54
587.7320000000	n/a	n/a	STATUS	n/a	n/a	D255
588.0440000000	n/a	n/a	STATUS	n/a	n/a	DI34
588.0960000000	n/a	n/a	STATUS	n/a	n/a	D255
588.3520000000	n/a	n/a	STATUS	n/a	n/a	DIN5
588.4040000000	n/a	n/a	STATUS	n/a	n/a	D255
588.8640000000	n/a	n/a	STATUS	n/a	n/a	D146
588.9160000000	n/a	n/a	STATUS	n/a	n/a	D255
588.9520000000	n/a	n/a	STATUS	n/a	n/a	DI51
589.0040000000	n/a	n/a	STATUS	n/a	n/a	D255
589.2480000000	n/a	n/a	STATUS	n/a	n/a	DI21
589.3000000000	n/a	n/a	STATUS	n/a	n/a	D255
589.3040000000	n/a	n/a	STATUS	n/a	n/a	DIN4
589.3520000000	n/a	n/a	STATUS	n/a	n/a	D255
590.1080000000	n/a	n/a	STATUS	n/a	n/a	DIN5
590.1600000000	n/a	n/a	STATUS	n/a	n/a	D255
590.5240000000	n/a	n/a	STATUS	n/a	n/a	D188
590.5720000000	n/a	n/a	STATUS	n/a	n/a	D255
590.6080000000	n/a	n/a	STATUS	n/a	n/a	DI51
590.6600000000	n/a	n/a	STATUS	n/a	n/a	D255
591.0960000000	n/a	n/a	STATUS	n/a	n/a	DI31
591.1480000000	n/a	n/a	STATUS	n/a	n/a	D255
591.4040000000	n/a	n/a	STATUS	n/a	n/a	DIN5
591.4560000000	n/a	n/a	STATUS	n/a	n/a	D255
591.9560000000	n/a	n/a	STATUS	n/a	n/a	DI75
592.0040000000	n/a	n/a	STATUS	n/a	n/a	D255
592.0400000000	n/a	n/a	STATUS	n/a	n/a	DI51
592.0920000000	n/a	n/a	STATUS	n/a	n/a	D255
592.4320000000	n/a	n/a	STATUS	n/a	n/a	DI31
592.4800000000	n/a	n/a	STATUS	n/a	n/a	D255
592.7400000000	n/a	n/a	STATUS	n/a	n/a	DIN5
592.7920000000	n/a	n/a	STATUS	n/a	n/a	D255
593.2840000000	n/a	n/a	STATUS	n/a	n/a	D205
593.3360000000	n/a	n/a	STATUS	n/a	n/a	D255
593.3720000000	n/a	n/a	STATUS	n/a	n/a	DI51
593.4240000000	n/a	n/a	STATUS	n/a	n/a	D255
593.7720000000	n/a	n/a	STATUS	n/a	n/a	DI21
593.8240000000	n/a	n/a	STATUS	n/a	n/a	D255
593.8280000000	n/a	n/a	STATUS	n/a	n/a	DIN4
593.8800000000	n/a	n/a	STATUS	n/a	n/a	D255
594.6320000000	n/a	n/a	STATUS	n/a	n/a	DIN5
594.6840000000	n/a	n/a	STATUS	n/a	n/a	D255
595.0840000000	n/a	n/a	STATUS	n/a	n/a	D211
595.1320000000	n/a	n/a	STATUS	n/a	n/a	D255
595.1720000000	n/a	n/a	STATUS	n/a	n/a	DI53
595.2200000000	n/a	n/a	STATUS	n/a	n/a	D255
595.6600000000	n/a	n/a	STATUS	n/a	n/a	DI43
595.7120000000	n/a	n/a	STATUS	n/a	n/a	D255
595.9680000000	n/a	n/a	STATUS	n/a	n/a	DIN5
596.0200000000	n/a	n/a	STATUS	n/a	n/a	D255
596.3840000000	n/a	n/a	STATUS	n/a	n/a	D224
596.4360000000	n/a	n/a	STATUS	n/a	n/a	D255
596.4720000000	n/a	n/a	STATUS	n/a	n/a	DI54
596.5240000000	n/a	n/a	STATUS	n/a	n/a	D255
596.8800000000	n/a	n/a	STATUS	n/a	n/a	DI34
596.9320000000	n/a	n/a	STATUS	n/a	n/a	D255
597.1880000000	n/a	n/a	STATUS	n/a	n/a	DIN5
597.2400000000	n/a	n/a	STATUS	n/a	n/a	D255
597.5840000000	n/a	n/a	STATUS	n/a	n/a	D148
597.6360000000	n/a	n/a	STATUS	n/a	n/a	D255
597.6720000000	n/a	n/a	STATUS	n/a	n/a	DI54
597.7200000000	n/a	n/a	STATUS	n/a	n/a	D255
598.1760000000	n/a	n/a	STATUS	n/a	n/a	DI34
598.2280000000	n/a	n/a	STATUS	n/a	n/a	D255
598.4840000000	n/a	n/a	STATUS	n/a	n/a	DIN5
598.5360000000	n/a	n/a	STATUS	n/a	n/a	D255
598.8760000000	n/a	n/a	STATUS	n/a	n/a	D182
598.9240000000	n/a	n/a	STATUS	n/a	n/a	D255
598.9640000000	n/a	n/a	STATUS	n/a	n/a	DI52
599.0120000000	n/a	n/a	STATUS	n/a	n/a	D255
599.3960000000	n/a	n/a	STATUS	n/a	n/a	DI42
599.4480000000	n/a	n/a	STATUS	n/a	n/a	D255
599.7080000000	n/a	n/a	STATUS	n/a	n/a	DIN5
599.7560000000	n/a	n/a	STATUS	n/a	n/a	D255
600.2280000000	n/a	n/a	STATUS	n/a	n/a	D170
600.2760000000	n/a	n/a	STATUS	n/a	n/a	D255
600.3160000000	n/a	n/a	STATUS	n/a	n/a	DI53
600.3640000000	n/a	n/a	STATUS	n/a	n/a	D255
600.3640000000	n/a	n/a	STATUS	n/a	n/a	D245
600.6960000000	n/a	n/a	STATUS	n/a	n/a	DI43
600.7480000000	n/a	n/a	STATUS	n/a	n/a	D255
601.0080000000	n/a	n/a	STATUS	n/a	n/a	DIN5
601.0560000000	n/a	n/a	STATUS	n/a	n/a	D255
601.3800000000	n/a	n/a	STATUS	n/a	n/a	D128
601.4320000000	n/a	n/a	STATUS	n/a	n/a	D255
601.4680000000	n/a	n/a	STATUS	n/a	n/a	DI51
601.5160000000	n/a	n/a	STATUS	n/a	n/a	D255
601.8560000000	n/a	n/a	STATUS	n/a	n/a	DI31
601.9080000000	n/a	n/a	STATUS	n/a	n/a	D255
602.1640000000	n/a	n/a	STATUS	n/a	n/a	DIN5
602.2160000000	n/a	n/a	STATUS	n/a	n/a	D255
602.5480000000	n/a	n/a	STATUS	n/a	n/a	D150
602.6000000000	n/a	n/a	STATUS	n/a	n/a	D255
602.6360000000	n/a	n/a	STATUS	n/a	n/a	DI53
602.6880000000	n/a	n/a	STATUS	n/a	n/a	D255
602.9920000000	n/a	n/a	STATUS	n/a	n/a	DI43
603.0400000000	n/a	n/a	STATUS	n/a	n/a	D255
603.3000000000	n/a	n/a	STATUS	n/a	n/a	DIN5
603.3520000000	n/a	n/a	STATUS	n/a	n/a	D255
603.8240000000	n/a	n/a	STATUS	n/a	n/a	D244
603.8760000000	n/a	n/a	STATUS	n/a	n/a	D255
603.9120000000	n/a	n/a	STATUS	n/a	n/a	DI54
603.9640000000	n/a	n/a	STATUS	n/a	n/a	D255
604.2400000000	n/a	n/a	STATUS	n/a	n/a	DI34
604.2880000000	n/a	n/a	STATUS	n/a	n/a	D255
604.5480000000	n/a	n/a	STATUS	n/a	n/a	DIN5
604.5960000000	n/a	n/a	STATUS	n/a	n/a	D255
605.0280000000	n/a	n/a	STATUS	n/a	n/a	DI92
605.0760000000	n/a	n/a	STATUS	n/a	n/a	D255
605.1160000000	n/a	n/a	STATUS	n/a	n/a	DI51
605.1640000000	n/a	n/a	STATUS	n/a	n/a	D255
605.5400000000	n/a	n/a	STATUS	n/a	n/a	DI31
605.5880000000	n/a	n/a	STATUS	n/a	n/a	D255
605.8480000000	n/a	n/a	STATUS	n/a	n/a	DIN5
605.8960000000	n/a	n/a	STATUS	n/a	n/a	D255
606.2240000000	n/a	n/a	STATUS	n/a	n/a	DI74
606.2720000000	n/a	n/a	STATUS	n/a	n/a	D255
606.3080000000	n/a	n/a	STATUS	n/a	n/a	DI52
606.3600000000	n/a	n/a	STATUS	n/a	n/a	D255
606.7320000000	n/a	n/a	STATUS	n/a	n/a	DI42
606.7840000000	n/a	n/a	STATUS	n/a	n/a	D255
607.0400000000	n/a	n/a	STATUS	n/a	n/a	DIN5
607.0920000000	n/a	n/a	STATUS	n/a	n/a	D255
607.5000000000	n/a	n/a	STATUS	n/a	n/a	D176
607.5520000000	n/a	n/a	STATUS	n/a	n/a	D255
607.5880000000	n/a	n/a	STATUS	n/a	n/a	DI52
607.6400000000	n/a	n/a	STATUS	n/a	n/a	D255
607.9360000000	n/a	n/a	STATUS	n/a	n/a	DI12
607.9840000000	n/a	n/a	STATUS	n/a	n/a	D255
607.9920000000	n/a	n/a	STATUS	n/a	n/a	DIN4
608.0400000000	n/a	n/a	STATUS	n/a	n/a	D255
608.7960000000	n/a	n/a	STATUS	n/a	n/a	DIN5
608.8440000000	n/a	n/a	STATUS	n/a	n/a	D255
609.1600000000	n/a	n/a	STATUS	n/a	n/a	D218
609.2080000000	n/a	n/a	STATUS	n/a	n/a	D255
609.2480000000	n/a	n/a	STATUS	n/a	n/a	DI51
609.3000000000	n/a	n/a	STATUS	n/a	n/a	D255
609.7720000000	n/a	n/a	STATUS	n/a	n/a	DI31
609.8200000000	n/a	n/a	STATUS	n/a	n/a	D255
610.0800000000	n/a	n/a	STATUS	n/a	n/a	DIN5
610.1320000000	n/a	n/a	STATUS	n/a	n/a	D255
610.5040000000	n/a	n/a	STATUS	n/a	n/a	D137
610.5560000000	n/a	n/a	STATUS	n/a	n/a	D255
610.5920000000	n/a	n/a	STATUS	n/a	n/a	DI53
610.6440000000	n/a	n/a	STATUS	n/a	n/a	D255
610.9520000000	n/a	n/a	STATUS	n/a	n/a	DI43
611.0040000000	n/a	n/a	STATUS	n/a	n/a	D255
611.2600000000	n/a	n/a	STATUS	n/a	n/a	DIN5
611.3120000000	n/a	n/a	STATUS	n/a	n/a	D255
611.7600000000	n/a	n/a	STATUS	n/a	n/a	DI85
611.8120000000	n/a	n/a	STATUS	n/a	n/a	D255
611.8480000000	n/a	n/a	STATUS	n/a	n/a	DI51
611.9000000000	n/a	n/a	STATUS	n/a	n/a	D255
612.3080000000	n/a	n/a	STATUS	n/a	n/a	DI31
612.3600000000	n/a	n/a	STATUS	n/a	n/a	D255
612.6160000000	n/a	n/a	STATUS	n/a	n/a	DIN5
612.6680000000	n/a	n/a	STATUS	n/a	n/a	D255
612.9720000000	n/a	n/a	STATUS	n/a	n/a	D233
613.0240000000	n/a	n/a	STATUS	n/a	n/a	D255
613.0600000000	n/a	n/a	STATUS	n/a	n/a	DI52
613.1120000000	n/a	n/a	STATUS	n/a	n/a	D255
613.5040000000	n/a	n/a	STATUS	n/a	n/a	DI42
613.5520000000	n/a	n/a	STATUS	n/a	n/a	D255
613.8120000000	n/a	n/a	STATUS	n/a	n/a	DIN5
613.8600000000	n/a	n/a	STATUS	n/a	n/a	D255
614.2760000000	n/a	n/a	STATUS	n/a	n/a	D191
614.3240000000	n/a	n/a	STATUS	n/a	n/a	D255
614.3640000000	n/a	n/a	STATUS	n/a	n/a	DI52
614.4120000000	n/a	n/a	STATUS	n/a	n/a	D255
614.8360000000	n/a	n/a	STATUS	n/a	n/a	DI42
614.8880000000	n/a	n/a	STATUS	n/a	n/a	D255
622.9080000000	n/a	n/a	STATUS	n/a	n/a	DIN5
622.9560000000	n/a	n/a	STATUS	n/a	n/a	D255
623.4080000000	n/a	n/a	STATUS	n/a	n/a	D245
623.4560000000	n/a	n/a	STATUS	n/a	n/a	D255
623.4960000000	n/a	n/a	STATUS	n/a	n/a	DI52
623.5440000000	n/a	n/a	STATUS	n/a	n/a	D255
623.9360000000	n/a	n/a	STATUS	n/a	n/a	DI42
623.9840000000	n/a	n/a	STATUS	n/a	n/a	D255
624.2440000000	n/a	n/a	STATUS	n/a	n/a	DIN5
624.2960000000	n/a	n/a	STATUS	n/a	n/a	D255
624.7880000000	n/a	n/a	STATUS	n/a	n/a	D206
624.8400000000	n/a	n/a	STATUS	n/a	n/a	D255
624.8760000000	n/a	n/a	STATUS	n/a	n/a	DI54
624.9280000000	n/a	n/a	STATUS	n/a	n/a	D255
625.2280000000	n/a	n/a	STATUS	n/a	n/a	DI34
625.2800000000	n/a	n/a	STATUS	n/a	n/a	D255
625.5400000000	n/a	n/a	STATUS	n/a	n/a	DIN5
625.5880000000	n/a	n/a	STATUS	n/a	n/a	D255
625.9640000000	n/a	n/a	STATUS	n/a	n/a	D205
626.0120000000	n/a	n/a	STATUS	n/a	n/a	D255
626.0520000000	n/a	n/a	STATUS	n/a	n/a	DI51
626.1000000000	n/a	n/a	STATUS	n/a	n/a	D255
626.4760000000	n/a	n/a	STATUS	n/a	n/a	DI31
626.5280000000	n/a	n/a	STATUS	n/a	n/a	D255
626.7880000000	n/a	n/a	STATUS	n/a	n/a	DIN5
626.8360000000	n/a	n/a	STATUS	n/a	n/a	D255
627.2040000000	n/a	n/a	STATUS	n/a	n/a	DI86
627.2560000000	n/a	n/a	STATUS	n/a	n/a	D255
627.2920000000	n/a	n/a	STATUS	n/a	n/a	DI52
627.3440000000	n/a	n/a	STATUS	n/a	n/a	D255
627.6640000000	n/a	n/a	STATUS	n/a	n/a	DI42
627.7120000000	n/a	n/a	STATUS	n/a	n/a	D255
627.9720000000	n/a	n/a	STATUS	n/a	n/a	DIN5
628.0200000000	n/a	n/a	STATUS	n/a	n/a	D255
628.4000000000	n/a	n/a	STATUS	n/a	n/a	D189
628.4520000000	n/a	n/a	STATUS	n/a	n/a	D255
628.4880000000	n/a	n/a	STATUS	n/a	n/a	DI51
628.5400000000	n/a	n/a	STATUS	n/a	n/a	D255
628.9640000000	n/a	n/a	STATUS	n/a	n/a	DI31
629.0160000000	n/a	n/a	STATUS	n/a	n/a	D255
629.2720000000	n/a	n/a	STATUS	n/a	n/a	DIN5
629.3240000000	n/a	n/a	STATUS	n/a	n/a	D255
629.6520000000	n/a	n/a	STATUS	n/a	n/a	D173
629.7040000000	n/a	n/a	STATUS	n/a	n/a	D255
629.7400000000	n/a	n/a	STATUS	n/a	n/a	DI54
629.7920000000	n/a	n/a	STATUS	n/a	n/a	D255
630.1400000000	n/a	n/a	STATUS	n/a	n/a	DI34
630.1880000000	n/a	n/a	STATUS	n/a	n/a	D255
630.4480000000	n/a	n/a	STATUS	n/a	n/a	DIN5
630.5000000000	n/a	n/a	STATUS	n/a	n/a	D255
630.9720000000	n/a	n/a	STATUS	n/a	n/a	D217
631.0240000000	n/a	n/a	STATUS	n/a	n/a	D255
631.0600000000	n/a	n/a	STATUS	n/a	n/a	DI51
631.1120000000	n/a	n/a	STATUS	n/a	n/a	D255
631.4560000000	n/a	n/a	STATUS	n/a	n/a	DI31
631.5080000000	n/a	n/a	STATUS	n/a	n/a	D255
631.7640000000	n/a	n/a	STATUS	n/a	n/a	DIN5
631.8160000000	n/a	n/a	STATUS	n/a	n/a	D255
632.1840000000	n/a	n/a	STATUS	n/a	n/a	D111
632.2360000000	n/a	n/a	STATUS	n/a	n/a	D255
632.2720000000	n/a	n/a	STATUS	n/a	n/a	DI53
632.3200000000	n/a	n/a	STATUS	n/a	n/a	D255
632.6480000000	n/a	n/a	STATUS	n/a	n/a	DI43
632.7000000000	n/a	n/a	STATUS	n/a	n/a	D255
632.9600000000	n/a	n/a	STATUS	n/a	n/a	DIN5
633.0080000000	n/a	n/a	STATUS	n/a	n/a	D255
633.4320000000	n/a	n/a	STATUS	n/a	n/a	D134
633.4840000000	n/a	n/a	STATUS	n/a	n/a	D255
633.5200000000	n/a	n/a	STATUS	n/a	n/a	DI53
633.5720000000	n/a	n/a	STATUS	n/a	n/a	D255
633.9120000000	n/a	n/a	STATUS	n/a	n/a	DI43
633.9640000000	n/a	n/a	STATUS	n/a	n/a	D255
634.2200000000	n/a	n/a	STATUS	n/a	n/a	DIN5
634.2720000000	n/a	n/a	STATUS	n/a	n/a	D255
634.5920000000	n/a	n/a	STATUS	n/a	n/a	D101
634.6400000000	n/a	n/a	STATUS	n/a	n/a	D255
634.6800000000	n/a	n/a	STATUS	n/a	n/a	DI54
634.7280000000	n/a	n/a	STATUS	n/a	n/a	D255
635.0800000000	n/a	n/a	STATUS	n/a	n/a	DI34
635.1320000000	n/a	n/a	STATUS	n/a	n/a	D255
635.3880000000	n/a	n/a	STATUS	n/a	n/a	DIN5
635.4400000000	n/a	n/a	STATUS	n/a	n/a	D255
635.8000000000	n/a	n/a	STATUS	n/a	n/a	D227
635.8480000000	n/a	n/a	STATUS	n/a	n/a	D255
635.8880000000	n/a	n/a	STATUS	n/a	n/a	DI54
635.9360000000	n/a	n/a	STATUS	n/a	n/a	D255
636.2320000000	n/a	n/a	STATUS	n/a	n/a	DI34
636.2840000000	n/a	n/a	STATUS	n/a	n/a	D255
636.5440000000	n/a	n/a	STATUS	n/a	n/a	DIN5
636.5920000000	n/a	n/a	STATUS	n/a	n/a	D255
637.0640000000	n/a	n/a	STATUS	n/a	n/a	D225
637.1120000000	n/a	n/a	STATUS	n/a	n/a	D255
637.1480000000	n/a	n/a	STATUS	n/a	n/a	DI51
637.2000000000	n/a	n/a	STATUS	n/a	n/a	D255
637.5960000000	n/a	n/a	STATUS	n/a	n/a	DI31
637.6480000000	n/a	n/a	STATUS	n/a	n/a	D255
637.9080000000	n/a	n/a	STATUS	n/a	n/a	DIN5
637.9560000000	n/a	n/a	STATUS	n/a	n/a	D255
638.2600000000	n/a	n/a	STATUS	n/a	n/a	D168
638.3120000000	n/a	n/a	STATUS	n/a	n/a	D255
638.3480000000	n/a	n/a	STATUS	n/a	n/a	DI52
638.4000000000	n/a	n/a	STATUS	n/a	n/a	D255
638.7680000000	n/a	n/a	STATUS	n/a	n/a	DI42
638.8200000000	n/a	n/a	STATUS	n/a	n/a	D255
639.0760000000	n/a	n/a	STATUS	n/a	n/a	DIN5
639.1280000000	n/a	n/a	STATUS	n/a	n/a	D255
639.5520000000	n/a	n/a	STATUS	n/a	n/a	DI74
639.6040000000	n/a	n/a	STATUS	n/a	n/a	D255
639.6400000000	n/a	n/a	STATUS	n/a	n/a	DI51
639.6920000000	n/a	n/a	STATUS	n/a	n/a	D255
640.0720000000	n/a	n/a	STATUS	n/a	n/a	DI31
640.1240000000	n/a	n/a	STATUS	n/a	n/a	D255
640.3800000000	n/a	n/a	STATUS	n/a	n/a	DIN5
640.4320000000	n/a	n/a	STATUS	n/a	n/a	D255
640.8720000000	n/a	n/a	STATUS	n/a	n/a	DI96
640.9200000000	n/a	n/a	STATUS	n/a	n/a	D255
640.9600000000	n/a	n/a	STATUS	n/a	n/a	DI51
641.0120000000	n/a	n/a	STATUS	n/a	n/a	D255
641.2480000000	n/a	n/a	STATUS	n/a	n/a	DI21
641.3000000000	n/a	n/a	STATUS	n/a	n/a	D255
641.3040000000	n/a	n/a	STATUS	n/a	n/a	DIN4
641.3520000000	n/a	n/a	STATUS	n/a	n/a	D255
642.1080000000	n/a	n/a	STATUS	n/a	n/a	DIN5
642.1600000000	n/a	n/a	STATUS	n/a	n/a	D255
642.4880000000	n/a	n/a	STATUS	n/a	n/a	D114
642.5400000000	n/a	n/a	STATUS	n/a	n/a	D255
642.5760000000	n/a	n/a	STATUS	n/a	n/a	DI52
642.6280000000	n/a	n/a	STATUS	n/a	n/a	D255
643.0080000000	n/a	n/a	STATUS	n/a	n/a	DI42
643.0600000000	n/a	n/a	STATUS	n/a	n/a	D255
643.3160000000	n/a	n/a	STATUS	n/a	n/a	DIN5
643.3680000000	n/a	n/a	STATUS	n/a	n/a	D255
643.7360000000	n/a	n/a	STATUS	n/a	n/a	D203
643.7880000000	n/a	n/a	STATUS	n/a	n/a	D255
643.8240000000	n/a	n/a	STATUS	n/a	n/a	DI52
643.8760000000	n/a	n/a	STATUS	n/a	n/a	D255
644.2400000000	n/a	n/a	STATUS	n/a	n/a	DI42
644.2920000000	n/a	n/a	STATUS	n/a	n/a	D255
644.5480000000	n/a	n/a	STATUS	n/a	n/a	DIN5
644.6000000000	n/a	n/a	STATUS	n/a	n/a	D255
645.0600000000	n/a	n/a	STATUS	n/a	n/a	D154
645.1080000000	n/a	n/a	STATUS	n/a	n/a	D255
645.1480000000	n/a	n/a	STATUS	n/a	n/a	DI51
645.1960000000	n/a	n/a	STATUS	n/a	n/a	D255
645.5200000000	n/a	n/a	STATUS	n/a	n/a	DI31
645.5680000000	n/a	n/a	STATUS	n/a	n/a	D255
645.8280000000	n/a	n/a	STATUS	n/a	n/a	DIN5
645.8760000000	n/a	n/a	STATUS	n/a	n/a	D255
646.2760000000	n/a	n/a	STATUS	n/a	n/a	D219
646.3280000000	n/a	n/a	STATUS	n/a	n/a	D255
646.3640000000	n/a	n/a	STATUS	n/a	n/a	DI53
646.4160000000	n/a	n/a	STATUS	n/a	n/a	D255
646.7280000000	n/a	n/a	STATUS	n/a	n/a	DI43
646.7800000000	n/a	n/a	STATUS	n/a	n/a	D255
647.0400000000	n/a	n/a	STATUS	n/a	n/a	DIN5
647.0880000000	n/a	n/a	STATUS	n/a	n/a	D255
647.5800000000	n/a	n/a	STATUS	n/a	n/a	DI65
647.6280000000	n/a	n/a	STATUS	n/a	n/a	D255
647.6640000000	n/a	n/a	STATUS	n/a	n/a	DI53
647.7160000000	n/a	n/a	STATUS	n/a	n/a	D255
648.0120000000	n/a	n/a	STATUS	n/a	n/a	DI43
648.0640000000	n/a	n/a	STATUS	n/a	n/a	D255
648.3240000000	n/a	n/a	STATUS	n/a	n/a	DIN5
648.3720000000	n/a	n/a	STATUS	n/a	n/a	D255
648.6760000000	n/a	n/a	STATUS	n/a	n/a	D121
648.7240000000	n/a	n/a	STATUS	n/a	n/a	D255
648.7640000000	n/a	n/a	STATUS	n/a	n/a	DI52
648.8160000000	n/a	n/a	STATUS	n/a	n/a	D255
649.1960000000	n/a	n/a	STATUS	n/a	n/a	DI42
649.2440000000	n/a	n/a	STATUS	n/a	n/a	D255
649.5040000000	n/a	n/a	STATUS	n/a	n/a	DIN5
649.5520000000	n/a	n/a	STATUS	n/a	n/a	D255
650.0160000000	n/a	n/a	STATUS	n/a	n/a	D239
650.0640000000	n/a	n/a	STATUS	n/a	n/a	D255
650.1040000000	n/a	n/a	STATUS	n/a	n/a	DI51
650.1520000000	n/a	n/a	STATUS	n/a	n/a	D255
650.4880000000	n/a	n/a	STATUS	n/a	n/a	DI31
650.5360000000	n/a	n/a	STATUS	n/a	n/a	D255
650.7960000000	n/a	n/a	STATUS	n/a	n/a	DIN5
650.8480000000	n/a	n/a	STATUS	n/a	n/a	D255
651.2160000000	n/a	n/a	STATUS	n/a	n/a	D195
651.2640000000	n/a	n/a	STATUS	n/a	n/a	D255
651.3040000000	n/a	n/a	STATUS	n/a	n/a	DI51
651.3520000000	n/a	n/a	STATUS	n/a	n/a	D255
651.6800000000	n/a	n/a	STATUS	n/a	n/a	DI21
651.7320000000	n/a	n/a	STATUS	n/a	n/a	D255
651.7360000000	n/a	n/a	STATUS	n/a	n/a	DIN4
651.7840000000	n/a	n/a	STATUS	n/a	n/a	D255
652.5400000000	n/a	n/a	STATUS	n/a	n/a	DIN5
652.5880000000	n/a	n/a	STATUS	n/a	n/a	D255
652.9560000000	n/a	n/a	STATUS	n/a	n/a	D137
653.0040000000	n/a	n/a	STATUS	n/a	n/a	D255
653.0400000000	n/a	n/a	STATUS	n/a	n/a	DI52
653.0920000000	n/a	n/a	STATUS	n/a	n/a	D255
653.5040000000	n/a	n/a	STATUS	n/a	n/a	DI42
653.5560000000	n/a	n/a	STATUS	n/a	n/a	D255
653.8120000000	n/a	n/a	STATUS	n/a	n/a	DIN5
653.8640000000	n/a	n/a	STATUS	n/a	n/a	D255
654.2760000000	n/a	n/a	STATUS	n/a	n/a	D241
654.3280000000	n/a	n/a	STATUS	n/a	n/a	D255
654.3640000000	n/a	n/a	STATUS	n/a	n/a	DI54
654.4160000000	n/a	n/a	STATUS	n/a	n/a	D255
654.9720000000	n/a	n/a	STATUS	n/a	n/a	DI34
655.0200000000	n/a	n/a	STATUS	n/a	n/a	D255
655.2760000000	n/a	n/a	STATUS	n/a	n/a	DIN5
655.3280000000	n/a	n/a	STATUS	n/a	n/a	D255
655.7880000000	n/a	n/a	STATUS	n/a	n/a	DI98
655.8360000000	n/a	n/a	STATUS	n/a	n/a	D255
655.8760000000	n/a	n/a	STATUS	n/a	n/a	DI53
655.9240000000	n/a	n/a	STATUS	n/a	n/a	D255
656.2440000000	n/a	n/a	STATUS	n/a	n/a	DI43
656.2920000000	n/a	n/a	STATUS	n/a	n/a	D255
656.5520000000	n/a	n/a	STATUS	n/a	n/a	DIN5
656.6000000000	n/a	n/a	STATUS	n/a	n/a	D255
657.0120000000	n/a	n/a	STATUS	n/a	n/a	D107
657.0600000000	n/a	n/a	STATUS	n/a	n/a	D255
657.0960000000	n/a	n/a	STATUS	n/a	n/a	DI51
657.1480000000	n/a	n/a	STATUS	n/a	n/a	D255
657.4960000000	n/a	n/a	STATUS	n/a	n/a	DI31
657.5480000000	n/a	n/a	STATUS	n/a	n/a	D255
657.8040000000	n/a	n/a	STATUS	n/a	n/a	DIN5
657.8560000000	n/a	n/a	STATUS	n/a	n/a	D255
658.2800000000	n/a	n/a	STATUS	n/a	n/a	D181
658.3320000000	n/a	n/a	STATUS	n/a	n/a	D255
658.3680000000	n/a	n/a	STATUS	n/a	n/a	DI53
658.4200000000	n/a	n/a	STATUS	n/a	n/a	D255
658.7160000000	n/a	n/a	STATUS	n/a	n/a	DI43
658.7640000000	n/a	n/a	STATUS	n/a	n/a	D255
659.0240000000	n/a	n/a	STATUS	n/a	n/a	DIN5
659.0760000000	n/a	n/a	STATUS	n/a	n/a	D255
659.4280000000	n/a	n/a	STATUS	n/a	n/a	D214
659.4800000000	n/a	n/a	STATUS	n/a	n/a	D255
659.5160000000	n/a	n/a	STATUS	n/a	n/a	DI51
659.5680000000	n/a	n/a	STATUS	n/a	n/a	D255
659.9400000000	n/a	n/a	STATUS	n/a	n/a	DI31
659.9880000000	n/a	n/a	STATUS	n/a	n/a	D255
660.2480000000	n/a	n/a	STATUS	n/a	n/a	DIN5
660.2960000000	n/a	n/a	STATUS	n/a	n/a	D255
660.7880000000	n/a	n/a	STATUS	n/a	n/a	DI81
660.8360000000	n/a	n/a	STATUS	n/a	n/a	D255
660.8760000000	n/a	n/a	STATUS	n/a	n/a	DI54
660.9240000000	n/a	n/a	STATUS	n/a	n/a	D255
661.1960000000	n/a	n/a	STATUS	n/a	n/a	DI34
661.2440000000	n/a	n/a	STATUS	n/a	n/a	D255
661.5040000000	n/a	n/a	STATUS	n/a	n/a	DIN5
661.5560000000	n/a	n/a	STATUS	n/a	n/a	D255
661.9400000000	n/a	n/a	STATUS	n/a	n/a	D210
661.9880000000	n/a	n/a	STATUS	n/a	n/a	D255
662.0280000000	n/a	n/a	STATUS	n/a	n/a	DI51
662.0760000000	n/a	n/a	STATUS	n/a	n/a	D255
662.3640000000	n/a	n/a	STATUS	n/a	n/a	DI21
662.4160000000	n/a	n/a	STATUS	n/a	n/a	D255
662.4200000000	n/a	n/a	STATUS	n/a	n/a	DIN4
662.4680000000	n/a	n/a	STATUS	n/a	n/a	D255
663.2240000000	n/a	n/a	STATUS	n/a	n/a	DIN5
663.2760000000	n/a	n/a	STATUS	n/a	n/a	D255
663.6080000000	n/a	n/a	STATUS	n/a	n/a	DI80
663.6600000000	n/a	n/a	STATUS	n/a	n/a	D255
663.6960000000	n/a	n/a	STATUS	n/a	n/a	DI54
663.7440000000	n/a	n/a	STATUS	n/a	n/a	D255
664.0880000000	n/a	n/a	STATUS	n/a	n/a	DI34
664.1400000000	n/a	n/a	STATUS	n/a	n/a	D255
664.4000000000	n/a	n/a	STATUS	n/a	n/a	DIN5
664.4480000000	n/a	n/a	STATUS	n/a	n/a	D255
664.7720000000	n/a	n/a	STATUS	n/a	n/a	D194
664.8240000000	n/a	n/a	STATUS	n/a	n/a	D255
664.8600000000	n/a	n/a	STATUS	n/a	n/a	DI54
664.9120000000	n/a	n/a	STATUS	n/a	n/a	D255
665.1960000000	n/a	n/a	STATUS	n/a	n/a	DI34
665.2480000000	n/a	n/a	STATUS	n/a	n/a	D255
665.5040000000	n/a	n/a	STATUS	n/a	n/a	DIN5
665.5560000000	n/a	n/a	STATUS	n/a	n/a	D255
666.0400000000	n/a	n/a	STATUS	n/a	n/a	D228
666.0920000000	n/a	n/a	STATUS	n/a	n/a	D255
666.1280000000	n/a	n/a	STATUS	n/a	n/a	DI53
666.1800000000	n/a	n/a	STATUS	n/a	n/a	D255
666.4800000000	n/a	n/a	STATUS	n/a	n/a	DI43
666.5320000000	n/a	n/a	STATUS	n/a	n/a	D255
666.7880000000	n/a	n/a	STATUS	n/a	n/a	DIN5
666.8400000000	n/a	n/a	STATUS	n/a	n/a	D255
667.2560000000	n/a	n/a	STATUS	n/a	n/a	D235
667.3040000000	n/a	n/a	STATUS	n/a	n/a	D255
667.3400000000	n/a	n/a	STATUS	n/a	n/a	DI53
667.3920000000	n/a	n/a	STATUS	n/a	n/a	D255
667.6840000000	n/a	n/a	STATUS	n/a	n/a	DI13
667.7320000000	n/a	n/a	STATUS	n/a	n/a	D255
667.7360000000	n/a	n/a	STATUS	n/a	n/a	DIN4
667.7880000000	n/a	n/a	STATUS	n/a	n/a	D255
668.5440000000	n/a	n/a	STATUS	n/a	n/a	DIN5
668.5920000000	n/a	n/a	STATUS	n/a	n/a	D255
668.5920000000	n/a	n/a	STATUS	n/a	n/a	D239
669.0160000000	n/a	n/a	STATUS	n/a	n/a	DI87
669.0680000000	n/a	n/a	STATUS	n/a	n/a	D255
669.1040000000	n/a	n/a	STATUS	n/a	n/a	DI52
669.1560000000	n/a	n/a	STATUS	n/a	n/a	D255
669.3400000000	n/a	n/a	STATUS	n/a	n/a	DI12
669.3880000000	n/a	n/a	STATUS	n/a	n/a	D255
669.3920000000	n/a	n/a	STATUS	n/a	n/a	DIN4
669.4440000000	n/a	n/a	STATUS	n/a	n/a	D255
670.1960000000	n/a	n/a	STATUS	n/a	n/a	DIN5
670.2480000000	n/a	n/a	STATUS	n/a	n/a	D255
670.6320000000	n/a	n/a	STATUS	n/a	n/a	DI66
670.6840000000	n/a	n/a	STATUS	n/a	n/a	D255
670.7200000000	n/a	n/a	STATUS	n/a	n/a	DI54
670.7720000000	n/a	n/a	STATUS	n/a	n/a	D255
671.0440000000	n/a	n/a	STATUS	n/a	n/a	DI34
671.0960000000	n/a	n/a	STATUS	n/a	n/a	D255
671.3520000000	n/a	n/a	STATUS	n/a	n/a	DIN5
671.4040000000	n/a	n/a	STATUS	n/a	n/a	D255
671.9040000000	n/a	n/a	STATUS	n/a	n/a	DI72
671.9520000000	n/a	n/a	STATUS	n/a	n/a	D255
671.9920000000	n/a	n/a	STATUS	n/a	n/a	DI53
672.0400000000	n/a	n/a	STATUS	n/a	n/a	D255
672.3920000000	n/a	n/a	STATUS	n/a	n/a	DI43
672.4440000000	n/a	n/a	STATUS	n/a	n/a	D255
672.7000000000	n/a	n/a	STATUS	n/a	n/a	DIN5
672.7520000000	n/a	n/a	STATUS	n/a	n/a	D255
673.1800000000	n/a	n/a	STATUS	n/a	n/a	DI95
673.2320000000	n/a	n/a	STATUS	n/a	n/a	D255
673.2680000000	n/a	n/a	STATUS	n/a	n/a	DI52
673.3200000000	n/a	n/a	STATUS	n/a	n/a	D255
673.5960000000	n/a	n/a	STATUS	n/a	n/a	DI12
673.6440000000	n/a	n/a	STATUS	n/a	n/a	D255
673.6440000000	n/a	n/a	STATUS	n/a	n/a	D239
673.6480000000	n/a	n/a	STATUS	n/a	n/a	DIN4
673.7000000000	n/a	n/a	STATUS	n/a	n/a	D255
674.4560000000	n/a	n/a	STATUS	n/a	n/a	DIN5
674.5040000000	n/a	n/a	STATUS	n/a	n/a	D255
675.0000000000	n/a	n/a	STATUS	n/a	n/a	DI73
675.0480000000	n/a	n/a	STATUS	n/a	n/a	D255
675.0840000000	n/a	n/a	STATUS	n/a	n/a	DI51
675.1360000000	n/a	n/a	STATUS	n/a	n/a	D255
675.5360000000	n/a	n/a	STATUS	n/a	n/a	DI31
675.5840000000	n/a	n/a	STATUS	n/a	n/a	D255
675.8440000000	n/a	n/a	STATUS	n/a	n/a	DIN5
675.8920000000	n/a	n/a	STATUS	n/a	n/a	D255
676.2120000000	n/a	n/a	STATUS	n/a	n/a	D253
676.2640000000	n/a	n/a	STATUS	n/a	n/a	D255
676.3000000000	n/a	n/a	STATUS	n/a	n/a	DI53
676.3520000000	n/a	n/a	STATUS	n/a	n/a	D255
676.7240000000	n/a	n/a	STATUS	n/a	n/a	DI43
676.7720000000	n/a	n/a	STATUS	n/a	n/a	D255
677.0320000000	n/a	n/a	STATUS	n/a	n/a	DIN5
677.0800000000	n/a	n/a	STATUS	n/a	n/a	D255
677.5760000000	n/a	n/a	STATUS	n/a	n/a	D158
677.6280000000	n/a	n/a	STATUS	n/a	n/a	D255
677.6640000000	n/a	n/a	STATUS	n/a	n/a	DI53
677.7160000000	n/a	n/a	STATUS	n/a	n/a	D255
678.1600000000	n/a	n/a	STATUS	n/a	n/a	DI43
678.2120000000	n/a	n/a	STATUS	n/a	n/a	D255
678.4680000000	n/a	n/a	STATUS	n/a	n/a	DIN5
678.5200000000	n/a	n/a	STATUS	n/a	n/a	D255
678.8840000000	n/a	n/a	STATUS	n/a	n/a	DI85
678.9320000000	n/a	n/a	STATUS	n/a	n/a	D255
678.9720000000	n/a	n/a	STATUS	n/a	n/a	DI53
679.0200000000	n/a	n/a	STATUS	n/a	n/a	D255
679.5240000000	n/a	n/a	STATUS	n/a	n/a	DI43
679.5760000000	n/a	n/a	STATUS	n/a	n/a	D255
679.8360000000	n/a	n/a	STATUS	n/a	n/a	DIN5
679.8840000000	n/a	n/a	STATUS	n/a	n/a	D255
680.2360000000	n/a	n/a	STATUS	n/a	n/a	D129
680.2840000000	n/a	n/a	STATUS	n/a	n/a	D255
680.3200000000	n/a	n/a	STATUS	n/a	n/a	DI54
680.3720000000	n/a	n/a	STATUS	n/a	n/a	D255
680.7160000000	n/a	n/a	STATUS	n/a	n/a	DI34
680.7640000000	n/a	n/a	STATUS	n/a	n/a	D255
681.0240000000	n/a	n/a	STATUS	n/a	n/a	DIN5
681.0760000000	n/a	n/a	STATUS	n/a	n/a	D255
681.4040000000	n/a	n/a	STATUS	n/a	n/a	DI83
681.4560000000	n/a	n/a	STATUS	n/a	n/a	D255
681.4920000000	n/a	n/a	STATUS	n/a	n/a	DI53
681.5440000000	n/a	n/a	STATUS	n/a	n/a	D255
681.8720000000	n/a	n/a	STATUS	n/a	n/a	DI13
681.9200000000	n/a	n/a	STATUS	n/a	n/a	D255
681.9240000000	n/a	n/a	STATUS	n/a	n/a	DIN4
681.9760000000	n/a	n/a	STATUS	n/a	n/a	D255
682.7280000000	n/a	n/a	STATUS	n/a	n/a	DIN5
682.7800000000	n/a	n/a	STATUS	n/a	n/a	D255
683.1640000000	n/a	n/a	STATUS	n/a	n/a	D223
683.2160000000	n/a	n/a	STATUS	n/a	n/a	D255
683.2520000000	n/a	n/a	STATUS	n/a	n/a	DI53
683.3040000000	n/a	n/a	STATUS	n/a	n/a	D255
683.7920000000	n/a	n/a	STATUS	n/a	n/a	DI43
683.8400000000	n/a	n/a	STATUS	n/a	n/a	D255
684.1000000000	n/a	n/a	STATUS	n/a	n/a	DIN5
684.1480000000	n/a	n/a	STATUS	n/a	n/a	D255
684.6200000000	n/a	n/a	STATUS	n/a	n/a	D162
684.6680000000	n/a	n/a	STATUS	n/a	n/a	D255
684.7080000000	n/a	n/a	STATUS	n/a	n/a	DI52
684.7560000000	n/a	n/a	STATUS	n/a	n/a	D255
685.1400000000	n/a	n/a	STATUS	n/a	n/a	DI42
685.1880000000	n/a	n/a	STATUS	n/a	n/a	D255
685.4480000000	n/a	n/a	STATUS	n/a	n/a	DIN5
685.5000000000	n/a	n/a	STATUS	n/a	n/a	D255
685.8680000000	n/a	n/a	STATUS	n/a	n/a	D157
685.9160000000	n/a	n/a	STATUS	n/a	n/a	D255
685.9560000000	n/a	n/a	STATUS	n/a	n/a	DI52
686.0040000000	n/a	n/a	STATUS	n/a	n/a	D255
686.3720000000	n/a	n/a	STATUS	n/a	n/a	DI42
686.4200000000	n/a	n/a	STATUS	n/a	n/a	D255
686.6800000000	n/a	n/a	STATUS	n/a	n/a	DIN5
686.7320000000	n/a	n/a	STATUS	n/a	n/a	D255
687.0960000000	n/a	n/a	STATUS	n/a	n/a	D197
687.1440000000	n/a	n/a	STATUS	n/a	n/a	D255
687.1800000000	n/a	n/a	STATUS	n/a	n/a	DI54
687.2320000000	n/a	n/a	STATUS	n/a	n/a	D255
687.5960000000	n/a	n/a	STATUS	n/a	n/a	DI34
687.6480000000	n/a	n/a	STATUS	n/a	n/a	D255
687.9040000000	n/a	n/a	STATUS	n/a	n/a	DIN5
687.9560000000	n/a	n/a	STATUS	n/a	n/a	D255
688.3600000000	n/a	n/a	STATUS	n/a	n/a	D148
688.4120000000	n/a	n/a	STATUS	n/a	n/a	D255
688.4480000000	n/a	n/a	STATUS	n/a	n/a	DI54
688.5000000000	n/a	n/a	STATUS	n/a	n/a	D255
688.8280000000	n/a	n/a	STATUS	n/a	n/a	DI34
688.8760000000	n/a	n/a	STATUS	n/a	n/a	D255
689.1360000000	n/a	n/a	STATUS	n/a	n/a	DIN5
689.1840000000	n/a	n/a	STATUS	n/a	n/a	D255
689.6400000000	n/a	n/a	STATUS	n/a	n/a	D170
689.6920000000	n/a	n/a	STATUS	n/a	n/a	D255
689.7280000000	n/a	n/a	STATUS	n/a	n/a	DI51
689.7800000000	n/a	n/a	STATUS	n/a	n/a	D255
690.0920000000	n/a	n/a	STATUS	n/a	n/a	DI31
690.1400000000	n/a	n/a	STATUS	n/a	n/a	D255
690.4000000000	n/a	n/a	STATUS	n/a	n/a	DIN5
690.4520000000	n/a	n/a	STATUS	n/a	n/a	D255
690.9160000000	n/a	n/a	STATUS	n/a	n/a	D229
690.9640000000	n/a	n/a	STATUS	n/a	n/a	D255
691.0040000000	n/a	n/a	STATUS	n/a	n/a	DI51
691.0520000000	n/a	n/a	STATUS	n/a	n/a	D255
691.3120000000	n/a	n/a	STATUS	n/a	n/a	DI31
691.3600000000	n/a	n/a	STATUS	n/a	n/a	D255
691.6200000000	n/a	n/a	STATUS	n/a	n/a	DIN5
691.6720000000	n/a	n/a	STATUS	n/a	n/a	D255
692.1600000000	n/a	n/a	STATUS	n/a	n/a	DI97
692.2120000000	n/a	n/a	STATUS	n/a	n/a	D255
692.2480000000	n/a	n/a	STATUS	n/a	n/a	DI52
692.2960000000	n/a	n/a	STATUS	n/a	n/a	D255
692.6720000000	n/a	n/a	STATUS	n/a	n/a	DI42
692.7240000000	n/a	n/a	STATUS	n/a	n/a	D255
692.9800000000	n/a	n/a	STATUS	n/a	n/a	DIN5
693.0320000000	n/a	n/a	STATUS	n/a	n/a	D255
693.4760000000	n/a	n/a	STATUS	n/a	n/a	D133
693.5240000000	n/a	n/a	STATUS	n/a	n/a	D255
693.5640000000	n/a	n/a	STATUS	n/a	n/a	DI52
693.6120000000	n/a	n/a	STATUS	n/a	n/a	D255
693.8280000000	n/a	n/a	STATUS	n/a	n/a	DI12
693.8800000000	n/a	n/a	STATUS	n/a	n/a	D255
693.8840000000	n/a	n/a	STATUS	n/a	n/a	DIN4
693.9320000000	n/a	n/a	STATUS	n/a	n/a	D255
694.6880000000	n/a	n/a	STATUS	n/a	n/a	DIN5
694.7360000000	n/a	n/a	STATUS	n/a	n/a	D255
695.2080000000	n/a	n/a	STATUS	n/a	n/a	D242
695.2560000000	n/a	n/a	STATUS	n/a	n/a	D255
695.2960000000	n/a	n/a	STATUS	n/a	n/a	DI53
695.3440000000	n/a	n/a	STATUS	n/a	n/a	D255
695.6520000000	n/a	n/a	STATUS	n/a	n/a	DI43
695.7000000000	n/a	n/a	STATUS	n/a	n/a	D255
695.9600000000	n/a	n/a	STATUS	n/a	n/a	DIN5
696.0120000000	n/a	n/a	STATUS	n/a	n/a	D255
696.3200000000	n/a	n/a	STATUS	n/a	n/a	D199
696.3680000000	n/a	n/a	STATUS	n/a	n/a	D255
696.4080000000	n/a	n/a	STATUS	n/a	n/a	DI53
696.4560000000	n/a	n/a	STATUS	n/a	n/a	D255
696.7640000000	n/a	n/a	STATUS	n/a	n/a	DI43
696.8160000000	n/a	n/a	STATUS	n/a	n/a	D255
697.0760000000	n/a	n/a	STATUS	n/a	n/a	DIN5
697.1240000000	n/a	n/a	STATUS	n/a	n/a	D255
697.4880000000	n/a	n/a	STATUS	n/a	n/a	DI84
697.5400000000	n/a	n/a	STATUS	n/a	n/a	D255
697.5760000000	n/a	n/a	STATUS	n/a	n/a	DI54
697.6280000000	n/a	n/a	STATUS	n/a	n/a	D255
697.8920000000	n/a	n/a	STATUS	n/a	n/a	DI24
697.9440000000	n/a	n/a	STATUS	n/a	n/a	D255
697.9480000000	n/a	n/a	STATUS	n/a	n/a	DIN4
697.9960000000	n/a	n/a	STATUS	n/a	n/a	D255
698.7520000000	n/a	n/a	STATUS	n/a	n/a	DIN5
698.8040000000	n/a	n/a	STATUS	n/a	n/a	D255
699.2800000000	n/a	n/a	STATUS	n/a	n/a	D247
699.3320000000	n/a	n/a	STATUS	n/a	n/a	D255
699.3680000000	n/a	n/a	STATUS	n/a	n/a	DI52
699.4200000000	n/a	n/a	STATUS	n/a	n/a	D255
699.7000000000	n/a	n/a	STATUS	n/a	n/a	DI12
699.7480000000	n/a	n/a	STATUS	n/a	n/a	D255
699.7520000000	n/a	n/a	STATUS	n/a	n/a	DIN4
699.8040000000	n/a	n/a	STATUS	n/a	n/a	D255
700.5600000000	n/a	n/a	STATUS	n/a	n/a	DIN5
700.6080000000	n/a	n/a	STATUS	n/a	n/a	D255
701.0080000000	n/a	n/a	STATUS	n/a	n/a	D174
701.0600000000	n/a	n/a	STATUS	n/a	n/a	D255
701.0960000000	n/a	n/a	STATUS	n/a	n/a	DI52
701.1480000000	n/a	n/a	STATUS	n/a	n/a	D255
701.5160000000	n/a	n/a	STATUS	n/a	n/a	DI42
701.5640000000	n/a	n/a	STATUS	n/a	n/a	D255
701.8240000000	n/a	n/a	STATUS	n/a	n/a	DIN5
701.8720000000	n/a	n/a	STATUS	n/a	n/a	D255
702.2720000000	n/a	n/a	STATUS	n/a	n/a	D193
702.3240000000	n/a	n/a	STATUS	n/a	n/a	D255
702.3600000000	n/a	n/a	STATUS	n/a	n/a	DI54
702.4120000000	n/a	n/a	STATUS	n/a	n/a	D255
702.7400000000	n/a	n/a	STATUS	n/a	n/a	DI24
702.7920000000	n/a	n/a	STATUS	n/a	n/a	D255
702.7960000000	n/a	n/a	STATUS	n/a	n/a	DIN4
702.8440000000	n/a	n/a	STATUS	n/a	n/a	D255
703.6000000000	n/a	n/a	STATUS	n/a	n/a	DIN5
703.6520000000	n/a	n/a	STATUS	n/a	n/a	D255
704.0440000000	n/a	n/a	STATUS	n/a	n/a	D230
704.0960000000	n/a	n/a	STATUS	n/a	n/a	D255
704.1320000000	n/a	n/a	STATUS	n/a	n/a	DI54
704.1800000000	n/a	n/a	STATUS	n/a	n/a	D255
704.5160000000	n/a	n/a	STATUS	n/a	n/a	DI34
704.5680000000	n/a	n/a	STATUS	n/a	n/a	D255
704.8280000000	n/a	n/a	STATUS	n/a	n/a	DIN5
704.8760000000	n/a	n/a	STATUS	n/a	n/a	D255
705.2200000000	n/a	n/a	STATUS	n/a	n/a	D249
705.2720000000	n/a	n/a	STATUS	n/a	n/a	D255
705.3080000000	n/a	n/a	STATUS	n/a	n/a	DI53
705.3600000000	n/a	n/a	STATUS	n/a	n/a	D255
705.8160000000	n/a	n/a	STATUS	n/a	n/a	DI13
705.8640000000	n/a	n/a	STATUS	n/a	n/a	D255
705.8680000000	n/a	n/a	STATUS	n/a	n/a	DIN4
705.9200000000	n/a	n/a	STATUS	n/a	n/a	D255
706.6760000000	n/a	n/a	STATUS	n/a	n/a	DIN5
706.7240000000	n/a	n/a	STATUS	n/a	n/a	D255
707.1040000000	n/a	n/a	STATUS	n/a	n/a	D213
707.1560000000	n/a	n/a	STATUS	n/a	n/a	D255
707.1920000000	n/a	n/a	STATUS	n/a	n/a	DI52
707.2440000000	n/a	n/a	STATUS	n/a	n/a	D255
707.6640000000	n/a	n/a	STATUS	n/a	n/a	DI42
707.7160000000	n/a	n/a	STATUS	n/a	n/a	D255
707.9720000000	n/a	n/a	STATUS	n/a	n/a	DIN5
708.0240000000	n/a	n/a	STATUS	n/a	n/a	D255
708.5160000000	n/a	n/a	STATUS	n/a	n/a	D145
708.5680000000	n/a	n/a	STATUS	n/a	n/a	D255
708.6040000000	n/a	n/a	STATUS	n/a	n/a	DI51
708.6560000000	n/a	n/a	STATUS	n/a	n/a	D255
709.0160000000	n/a	n/a	STATUS	n/a	n/a	DI31
709.0680000000	n/a	n/a	STATUS	n/a	n/a	D255
709.3240000000	n/a	n/a	STATUS	n/a	n/a	DIN5
709.3760000000	n/a	n/a	STATUS	n/a	n/a	D255
709.7720000000	n/a	n/a	STATUS	n/a	n/a	D132
709.8200000000	n/a	n/a	STATUS	n/a	n/a	D255
709.8560000000	n/a	n/a	STATUS	n/a	n/a	DI52
709.9080000000	n/a	n/a	STATUS	n/a	n/a	D255
710.3480000000	n/a	n/a	STATUS	n/a	n/a	DI42
710.3960000000	n/a	n/a	STATUS	n/a	n/a	D255
710.6560000000	n/a	n/a	STATUS	n/a	n/a	DIN5
710.7040000000	n/a	n/a	STATUS	n/a	n/a	D255
711.0800000000	n/a	n/a	STATUS	n/a	n/a	D124
711.1320000000	n/a	n/a	STATUS	n/a	n/a	D255
711.1680000000	n/a	n/a	STATUS	n/a	n/a	DI53
711.2200000000	n/a	n/a	STATUS	n/a	n/a	D255
711.6080000000	n/a	n/a	STATUS	n/a	n/a	DI13
711.6600000000	n/a	n/a	STATUS	n/a	n/a	D255
711.6640000000	n/a	n/a	STATUS	n/a	n/a	DIN4
711.7160000000	n/a	n/a	STATUS	n/a	n/a	D255
712.4680000000	n/a	n/a	STATUS	n/a	n/a	DIN5
712.5200000000	n/a	n/a	STATUS	n/a	n/a	D255
712.9600000000	n/a	n/a	STATUS	n/a	n/a	D184
713.0080000000	n/a	n/a	STATUS	n/a	n/a	D255
713.0480000000	n/a	n/a	STATUS	n/a	n/a	DI51
713.0960000000	n/a	n/a	STATUS	n/a	n/a	D255
713.5640000000	n/a	n/a	STATUS	n/a	n/a	DI31
713.6120000000	n/a	n/a	STATUS	n/a	n/a	D255
713.8720000000	n/a	n/a	STATUS	n/a	n/a	DIN5
713.9200000000	n/a	n/a	STATUS	n/a	n/a	D255
714.3000000000	n/a	n/a	STATUS	n/a	n/a	D200
714.3520000000	n/a	n/a	STATUS	n/a	n/a	D255
714.3880000000	n/a	n/a	STATUS	n/a	n/a	DI54
714.4360000000	n/a	n/a	STATUS	n/a	n/a	D255
714.7200000000	n/a	n/a	STATUS	n/a	n/a	DI34
714.7720000000	n/a	n/a	STATUS	n/a	n/a	D255
715.0320000000	n/a	n/a	STATUS	n/a	n/a	DIN5
715.0800000000	n/a	n/a	STATUS	n/a	n/a	D255
715.5000000000	n/a	n/a	STATUS	n/a	n/a	D233
715.5520000000	n/a	n/a	STATUS	n/a	n/a	D255
715.5880000000	n/a	n/a	STATUS	n/a	n/a	DI53
715.6400000000	n/a	n/a	STATUS	n/a	n/a	D255
715.9600000000	n/a	n/a	STATUS	n/a	n/a	DI13
716.0080000000	n/a	n/a	STATUS	n/a	n/a	D255
716.0160000000	n/a	n/a	STATUS	n/a	n/a	DIN4
716.0640000000	n/a	n/a	STATUS	n/a	n/a	D255
716.8200000000	n/a	n/a	STATUS	n/a	n/a	DIN5
716.8680000000	n/a	n/a	STATUS	n/a	n/a	D255
717.2840000000	n/a	n/a	STATUS	n/a	n/a	D144
717.3320000000	n/a	n/a	STATUS	n/a	n/a	D255
717.3720000000	n/a	n/a	STATUS	n/a	n/a	DI52
717.4200000000	n/a	n/a	STATUS	n/a	n/a	D255
717.8760000000	n/a	n/a	STATUS	n/a	n/a	DI42
717.9280000000	n/a	n/a	STATUS	n/a	n/a	D255
718.1880000000	n/a	n/a	STATUS	n/a	n/a	DIN5
718.2360000000	n/a	n/a	STATUS	n/a	n/a	D255
718.7360000000	n/a	n/a	STATUS	n/a	n/a	D204
718.7880000000	n/a	n/a	STATUS	n/a	n/a	D255
718.8240000000	n/a	n/a	STATUS	n/a	n/a	DI51
718.8720000000	n/a	n/a	STATUS	n/a	n/a	D255
719.2640000000	n/a	n/a	STATUS	n/a	n/a	DI31
719.3160000000	n/a	n/a	STATUS	n/a	n/a	D255
719.5720000000	n/a	n/a	STATUS	n/a	n/a	DIN5
719.6240000000	n/a	n/a	STATUS	n/a	n/a	D255
720.0040000000	n/a	n/a	STATUS	n/a	n/a	D108
720.0520000000	n/a	n/a	STATUS	n/a	n/a	D255
720.0920000000	n/a	n/a	STATUS	n/a	n/a	DI54
720.1400000000	n/a	n/a	STATUS	n/a	n/a	D255
720.5280000000	n/a	n/a	STATUS	n/a	n/a	DI34
720.5800000000	n/a	n/a	STATUS	n/a	n/a	D255
720.8400000000	n/a	n/a	STATUS	n/a	n/a	DIN5
720.8880000000	n/a	n/a	STATUS	n/a	n/a	D255
721.3440000000	n/a	n/a	STATUS	n/a	n/a	D166
721.3920000000	n/a	n/a	STATUS	n/a	n/a	D255
721.4320000000	n/a	n/a	STATUS	n/a	n/a	DI53
721.4840000000	n/a	n/a	STATUS	n/a	n/a	D255
721.8080000000	n/a	n/a	STATUS	n/a	n/a	DI43
721.8600000000	n/a	n/a	STATUS	n/a	n/a	D255
722.1200000000	n/a	n/a	STATUS	n/a	n/a	DIN5
722.1680000000	n/a	n/a	STATUS	n/a	n/a	D255
722.5040000000	n/a	n/a	STATUS	n/a	n/a	D202
722.5520000000	n/a	n/a	STATUS	n/a	n/a	D255
722.5920000000	n/a	n/a	STATUS	n/a	n/a	DI52
722.6400000000	n/a	n/a	STATUS	n/a	n/a	D255
723.0360000000	n/a	n/a	STATUS	n/a	n/a	DI42
723.0840000000	n/a	n/a	STATUS	n/a	n/a	D255
723.3440000000	n/a	n/a	STATUS	n/a	n/a	DIN5
723.3920000000	n/a	n/a	STATUS	n/a	n/a	D255
723.7240000000	n/a	n/a	STATUS	n/a	n/a	D163
723.7720000000	n/a	n/a	STATUS	n/a	n/a	D255
723.8120000000	n/a	n/a	STATUS	n/a	n/a	DI51
723.8600000000	n/a	n/a	STATUS	n/a	n/a	D255
724.2200000000	n/a	n/a	STATUS	n/a	n/a	DI31
724.2680000000	n/a	n/a	STATUS	n/a	n/a	D255
724.5280000000	n/a	n/a	STATUS	n/a	n/a	DIN5
724.5800000000	n/a	n/a	STATUS	n/a	n/a	D255
724.9840000000	n/a	n/a	STATUS	n/a	n/a	D139
725.0320000000	n/a	n/a	STATUS	n/a	n/a	D255
725.0720000000	n/a	n/a	STATUS	n/a	n/a	DI53
725.1200000000	n/a	n/a	STATUS	n/a	n/a	D255
725.4360000000	n/a	n/a	STATUS	n/a	n/a	DI43
725.4880000000	n/a	n/a	STATUS	n/a	n/a	D255
725.7480000000	n/a	n/a	STATUS	n/a	n/a	DIN5
725.7960000000	n/a	n/a	STATUS	n/a	n/a	D255
726.1720000000	n/a	n/a	STATUS	n/a	n/a	D234
726.2200000000	n/a	n/a	STATUS	n/a	n/a	D255
726.2600000000	n/a	n/a	STATUS	n/a	n/a	DI52
726.3080000000	n/a	n/a	STATUS	n/a	n/a	D255
726.7560000000	n/a	n/a	STATUS	n/a	n/a	DI42
726.8080000000	n/a	n/a	STATUS	n/a	n/a	D255
727.0640000000	n/a	n/a	STATUS	n/a	n/a	DIN5
727.1160000000	n/a	n/a	STATUS	n/a	n/a	D255
727.6000000000	n/a	n/a	STATUS	n/a	n/a	D117
727.6520000000	n/a	n/a	STATUS	n/a	n/a	D255
727.6880000000	n/a	n/a	STATUS	n/a	n/a	DI54
727.7400000000	n/a	n/a	STATUS	n/a	n/a	D255
728.1880000000	n/a	n/a	STATUS	n/a	n/a	DI34
728.2400000000	n/a	n/a	STATUS	n/a	n/a	D255
728.5000000000	n/a	n/a	STATUS	n/a	n/a	DIN5
728.5480000000	n/a	n/a	STATUS	n/a	n/a	D255
728.9480000000	n/a	n/a	STATUS	n/a	n/a	D248
729.0000000000	n/a	n/a	STATUS	n/a	n/a	D255
729.0360000000	n/a	n/a	STATUS	n/a	n/a	DI51
729.0840000000	n/a	n/a	STATUS	n/a	n/a	D255
729.4440000000	n/a	n/a	STATUS	n/a	n/a	DI31
729.4960000000	n/a	n/a	STATUS	n/a	n/a	D255
729.7520000000	n/a	n/a	STATUS	n/a	n/a	DIN5
729.8040000000	n/a	n/a	STATUS	n/a	n/a	D255
730.2120000000	n/a	n/a	STATUS	n/a	n/a	DI68
730.2640000000	n/a	n/a	STATUS	n/a	n/a	D255
730.3000000000	n/a	n/a	STATUS	n/a	n/a	DI54
730.3520000000	n/a	n/a	STATUS	n/a	n/a	D255
730.8720000000	n/a	n/a	STATUS	n/a	n/a	DI24
730.9240000000	n/a	n/a	STATUS	n/a	n/a	D255
730.9280000000	n/a	n/a	STATUS	n/a	n/a	DIN4
730.9760000000	n/a	n/a	STATUS	n/a	n/a	D255
731.7320000000	n/a	n/a	STATUS	n/a	n/a	DIN5
731.7800000000	n/a	n/a	STATUS	n/a	n/a	D255
732.1960000000	n/a	n/a	STATUS	n/a	n/a	D220
732.2440000000	n/a	n/a	STATUS	n/a	n/a	D255
732.2840000000	n/a	n/a	STATUS	n/a	n/a	DI53
732.3320000000	n/a	n/a	STATUS	n/a	n/a	D255
732.5280000000	n/a	n/a	STATUS	n/a	n/a	DI43
732.5760000000	n/a	n/a	STATUS	n/a	n/a	D255
732.8360000000	n/a	n/a	STATUS	n/a	n/a	DIN5
732.8880000000	n/a	n/a	STATUS	n/a	n/a	D255
733.3920000000	n/a	n/a	STATUS	n/a	n/a	D123
733.4400000000	n/a	n/a	STATUS	n/a	n/a	D255
733.4800000000	n/a	n/a	STATUS	n/a	n/a	DI52
733.5280000000	n/a	n/a	STATUS	n/a	n/a	D255
733.7640000000	n/a	n/a	STATUS	n/a	n/a	DI12
733.8160000000	n/a	n/a	STATUS	n/a	n/a	D255
733.8200000000	n/a	n/a	STATUS	n/a	n/a	DIN4
733.8680000000	n/a	n/a	STATUS	n/a	n/a	D255
734.6240000000	n/a	n/a	STATUS	n/a	n/a	DIN5
734.6760000000	n/a	n/a	STATUS	n/a	n/a	D255
735.1440000000	n/a	n/a	STATUS	n/a	n/a	D125
735.1920000000	n/a	n/a	STATUS	n/a	n/a	D255
735.2320000000	n/a	n/a	STATUS	n/a	n/a	DI54
735.2800000000	n/a	n/a	STATUS	n/a	n/a	D255
735.7040000000	n/a	n/a	STATUS	n/a	n/a	DI34
735.7520000000	n/a	n/a	STATUS	n/a	n/a	D255
736.0120000000	n/a	n/a	STATUS	n/a	n/a	DIN5
736.0640000000	n/a	n/a	STATUS	n/a	n/a	D255
736.5480000000	n/a	n/a	STATUS	n/a	n/a	D159
736.5960000000	n/a	n/a	STATUS	n/a	n/a	D255
736.6320000000	n/a	n/a	STATUS	n/a	n/a	DI51
736.6840000000	n/a	n/a	STATUS	n/a	n/a	D255
737.0640000000	n/a	n/a	STATUS	n/a	n/a	DI31
737.1120000000	n/a	n/a	STATUS	n/a	n/a	D255
737.3720000000	n/a	n/a	STATUS	n/a	n/a	DIN5
737.4240000000	n/a	n/a	STATUS	n/a	n/a	D255
737.9280000000	n/a	n/a	STATUS	n/a	n/a	D100
737.9760000000	n/a	n/a	STATUS	n/a	n/a	D255
738.0160000000	n/a	n/a	STATUS	n/a	n/a	DI53
738.0640000000	n/a	n/a	STATUS	n/a	n/a	D255
738.3280000000	n/a	n/a	STATUS	n/a	n/a	DI43
738.3800000000	n/a	n/a	STATUS	n/a	n/a	D255
738.3800000000	n/a	n/a	STATUS	n/a	n/a	D235
738.6400000000	n/a	n/a	STATUS	n/a	n/a	DIN5
738.6880000000	n/a	n/a	STATUS	n/a	n/a	D255
739.1280000000	n/a	n/a	STATUS	n/a	n/a	D187
739.1760000000	n/a	n/a	STATUS	n/a	n/a	D255
739.2160000000	n/a	n/a	STATUS	n/a	n/a	DI52
739.2640000000	n/a	n/a	STATUS	n/a	n/a	D255
739.7000000000	n/a	n/a	STATUS	n/a	n/a	DI42
739.7520000000	n/a	n/a	STATUS	n/a	n/a	D255
740.0120000000	n/a	n/a	STATUS	n/a	n/a	DIN5
740.0600000000	n/a	n/a	STATUS	n/a	n/a	D255
740.5160000000	n/a	n/a	STATUS	n/a	n/a	D250
740.5640000000	n/a	n/a	STATUS	n/a	n/a	D255
740.6040000000	n/a	n/a	STATUS	n/a	n/a	DI53
740.6520000000	n/a	n/a	STATUS	n/a	n/a	D255
740.9440000000	n/a	n/a	STATUS	n/a	n/a	DI43
740.9920000000	n/a	n/a	STATUS	n/a	n/a	D255
741.2520000000	n/a	n/a	STATUS	n/a	n/a	DIN5
741.3000000000	n/a	n/a	STATUS	n/a	n/a	D255
741.6560000000	n/a	n/a	STATUS	n/a	n/a	D201
741.7080000000	n/a	n/a	STATUS	n/a	n/a	D255
741.7440000000	n/a	n/a	STATUS	n/a	n/a	DI52
741.7960000000	n/a	n/a	STATUS	n/a	n/a	D255
742.1600000000	n/a	n/a	STATUS	n/a	n/a	DI42
742.2080000000	n/a	n/a	STATUS	n/a	n/a	D255
742.4680000000	n/a	n/a	STATUS	n/a	n/a	DIN5
742.5200000000	n/a	n/a	STATUS	n/a	n/a	D255
742.9240000000	n/a	n/a	STATUS	n/a	n/a	D119
742.9720000000	n/a	n/a	STATUS	n/a	n/a	D255
743.0080000000	n/a	n/a	STATUS	n/a	n/a	DI53
743.0600000000	n/a	n/a	STATUS	n/a	n/a	D255
743.3160000000	n/a	n/a	STATUS	n/a	n/a	DI43
743.3680000000	n/a	n/a	STATUS	n/a	n/a	D255
743.6280000000	n/a	n/a	STATUS	n/a	n/a	DIN5
743.6760000000	n/a	n/a	STATUS	n/a	n/a	D255
744.1560000000	n/a	n/a	STATUS	n/a	n/a	D252
744.2040000000	n/a	n/a	STATUS	n/a	n/a	D255
744.2440000000	n/a	n/a	STATUS	n/a	n/a	DI51
744.2920000000	n/a	n/a	STATUS	n/a	n/a	D255
744.7320000000	n/a	n/a	STATUS	n/a	n/a	DI31
744.7840000000	n/a	n/a	STATUS	n/a	n/a	D255
745.0400000000	n/a	n/a	STATUS	n/a	n/a	DIN5
745.0920000000	n/a	n/a	STATUS	n/a	n/a	D255
745.5840000000	n/a	n/a	STATUS	n/a	n/a	D183
745.6360000000	n/a	n/a	STATUS	n/a	n/a	D255
745.6720000000	n/a	n/a	STATUS	n/a	n/a	DI54
745.7240000000	n/a	n/a	STATUS	n/a	n/a	D255
746.0720000000	n/a	n/a	STATUS	n/a	n/a	DI34
746.1240000000	n/a	n/a	STATUS	n/a	n/a	D255
746.3800000000	n/a	n/a	STATUS	n/a	n/a	DIN5
746.4320000000	n/a	n/a	STATUS	n/a	n/a	D255
746.8520000000	n/a	n/a	STATUS	n/a	n/a	DI77
746.9000000000	n/a	n/a	STATUS	n/a	n/a	D255
746.9400000000	n/a	n/a	STATUS	n/a	n/a	DI54
746.9880000000	n/a	n/a	STATUS	n/a	n/a	D255
747.3000000000	n/a	n/a	STATUS	n/a	n/a	DI34
747.3480000000	n/a	n/a	STATUS	n/a	n/a	D255
747.6080000000	n/a	n/a	STATUS	n/a	n/a	DIN5
747.6600000000	n/a	n/a	STATUS	n/a	n/a	D255
748.1440000000	n/a	n/a	STATUS	n/a	n/a	D190
748.1920000000	n/a	n/a	STATUS	n/a	n/a	D255
748.2320000000	n/a	n/a	STATUS	n/a	n/a	DI52
748.2800000000	n/a	n/a	STATUS	n/a	n/a	D255
748.5920000000	n/a	n/a	STATUS	n/a	n/a	DI12
748.6400000000	n/a	n/a	STATUS	n/a	n/a	D255
748.6440000000	n/a	n/a	STATUS	n/a	n/a	DIN4
748.6960000000	n/a	n/a	STATUS	n/a	n/a	D255
749.4480000000	n/a	n/a	STATUS	n/a	n/a	DIN5
749.5000000000	n/a	n/a	STATUS	n/a	n/a	D255
749.8520000000	n/a	n/a	STATUS	n/a	n/a	D110
749.9040000000	n/a	n/a	STATUS	n/a	n/a	D255
749.9400000000	n/a	n/a	STATUS	n/a	n/a	DI52
749.9920000000	n/a	n/a	STATUS	n/a	n/a	D255
750.3400000000	n/a	n/a	STATUS	n/a	n/a	DI12
750.3920000000	n/a	n/a	STATUS	n/a	n/a	D255
750.3960000000	n/a	n/a	STATUS	n/a	n/a	DIN4
750.4480000000	n/a	n/a	STATUS	n/a	n/a	D255
751.2000000000	n/a	n/a	STATUS	n/a	n/a	DIN5
751.2520000000	n/a	n/a	STATUS	n/a	n/a	D255
751.7240000000	n/a	n/a	STATUS	n/a	n/a	DI75
751.7760000000	n/a	n/a	STATUS	n/a	n/a	D255
751.8160000000	n/a	n/a	STATUS	n/a	n/a	DI51
751.8640000000	n/a	n/a	STATUS	n/a	n/a	D255
752.3120000000	n/a	n/a	STATUS	n/a	n/a	DI31
752.3640000000	n/a	n/a	STATUS	n/a	n/a	D255
752.6200000000	n/a	n/a	STATUS	n/a	n/a	DIN5
752.6720000000	n/a	n/a	STATUS	n/a	n/a	D255
752.9920000000	n/a	n/a	STATUS	n/a	n/a	D152
753.0400000000	n/a	n/a	STATUS	n/a	n/a	D255
753.0800000000	n/a	n/a	STATUS	n/a	n/a	DI51
753.1280000000	n/a	n/a	STATUS	n/a	n/a	D255
753.5960000000	n/a	n/a	STATUS	n/a	n/a	DI31
753.6480000000	n/a	n/a	STATUS	n/a	n/a	D255
753.9040000000	n/a	n/a	STATUS	n/a	n/a	DIN5
753.9560000000	n/a	n/a	STATUS	n/a	n/a	D255
754.3160000000	n/a	n/a	STATUS	n/a	n/a	D172
754.3640000000	n/a	n/a	STATUS	n/a	n/a	D255
754.4040000000	n/a	n/a	STATUS	n/a	n/a	DI51
754.4520000000	n/a	n/a	STATUS	n/a	n/a	D255
754.7720000000	n/a	n/a	STATUS	n/a	n/a	DI31
754.8240000000	n/a	n/a	STATUS	n/a	n/a	D255
755.0840000000	n/a	n/a	STATUS	n/a	n/a	DIN5
755.1320000000	n/a	n/a	STATUS	n/a	n/a	D255
755.4480000000	n/a	n/a	STATUS	n/a	n/a	D115
755.4960000000	n/a	n/a	STATUS	n/a	n/a	D255
755.5360000000	n/a	n/a	STATUS	n/a	n/a	DI54
755.5840000000	n/a	n/a	STATUS	n/a	n/a	D255
755.8920000000	n/a	n/a	STATUS	n/a	n/a	DI34
755.9400000000	n/a	n/a	STATUS	n/a	n/a	D255
756.2000000000	n/a	n/a	STATUS	n/a	n/a	DIN5
756.2520000000	n/a	n/a	STATUS	n/a	n/a	D255
756.7400000000	n/a	n/a	STATUS	n/a	n/a	D140
756.7880000000	n/a	n/a	STATUS	n/a	n/a	D255
756.8280000000	n/a	n/a	STATUS	n/a	n/a	DI54
756.8760000000	n/a	n/a	STATUS	n/a	n/a	D255
757.1400000000	n/a	n/a	STATUS	n/a	n/a	DI34
757.1880000000	n/a	n/a	STATUS	n/a	n/a	D255
757.4480000000	n/a	n/a	STATUS	n/a	n/a	DIN5
757.5000000000	n/a	n/a	STATUS	n/a	n/a	D255
757.8680000000	n/a	n/a	STATUS	n/a	n/a	D103
757.9200000000	n/a	n/a	STATUS	n/a	n/a	D255
757.9560000000	n/a	n/a	STATUS	n/a	n/a	DI54
758.0040000000	n/a	n/a	STATUS	n/a	n/a	D255
758.3480000000	n/a	n/a	STATUS	n/a	n/a	DI34
758.3960000000	n/a	n/a	STATUS	n/a	n/a	D255
774.2480000000	n/a	n/a	STATUS	n/a	n/a	DIN5
774.2960000000	n/a	n/a	STATUS	n/a	n/a	D255
774.6160000000	n/a	n/a	STATUS	n/a	n/a	D248
774.6680000000	n/a	n/a	STATUS	n/a	n/a	D255
774.7040000000	n/a	n/a	STATUS	n/a	n/a	DI54
774.7560000000	n/a	n/a	STATUS	n/a	n/a	D255
775.1880000000	n/a	n/a	STATUS	n/a	n/a	DI34
775.2360000000	n/a	n/a	STATUS	n/a	n/a	D255
775.4960000000	n/a	n/a	STATUS	n/a	n/a	DIN5
775.5480000000	n/a	n/a	STATUS	n/a	n/a	D255
775.9600000000	n/a	n/a	STATUS	n/a	n/a	D159
776.0120000000	n/a	n/a	STATUS	n/a	n/a	D255
776.0480000000	n/a	n/a	STATUS	n/a	n/a	DI51
776.1000000000	n/a	n/a	STATUS	n/a	n/a	D255
776.5360000000	n/a	n/a	STATUS	n/a	n/a	DI31
776.5880000000	n/a	n/a	STATUS	n/a	n/a	D255
776.8440000000	n/a	n/a	STATUS	n/a	n/a	DIN5
776.8960000000	n/a	n/a	STATUS	n/a	n/a	D255
777.2960000000	n/a	n/a	STATUS	n/a	n/a	D188
777.3440000000	n/a	n/a	STATUS	n/a	n/a	D255
777.3840000000	n/a	n/a	STATUS	n/a	n/a	DI54
777.4320000000	n/a	n/a	STATUS	n/a	n/a	D255
777.7640000000	n/a	n/a	STATUS	n/a	n/a	DI34
777.8160000000	n/a	n/a	STATUS	n/a	n/a	D255
778.0760000000	n/a	n/a	STATUS	n/a	n/a	DIN5
778.1240000000	n/a	n/a	STATUS	n/a	n/a	D255
778.4720000000	n/a	n/a	STATUS	n/a	n/a	D168
778.5240000000	n/a	n/a	STATUS	n/a	n/a	D255
778.5640000000	n/a	n/a	STATUS	n/a	n/a	DI54
778.6120000000	n/a	n/a	STATUS	n/a	n/a	D255
778.9240000000	n/a	n/a	STATUS	n/a	n/a	DI34
778.9720000000	n/a	n/a	STATUS	n/a	n/a	D255
779.2320000000	n/a	n/a	STATUS	n/a	n/a	DIN5
779.2840000000	n/a	n/a	STATUS	n/a	n/a	D255
779.6040000000	n/a	n/a	STATUS	n/a	n/a	D151
779.6520000000	n/a	n/a	STATUS	n/a	n/a	D255
779.6920000000	n/a	n/a	STATUS	n/a	n/a	DI51
779.7400000000	n/a	n/a	STATUS	n/a	n/a	D255
780.0800000000	n/a	n/a	STATUS	n/a	n/a	DI31
780.1280000000	n/a	n/a	STATUS	n/a	n/a	D255
780.3880000000	n/a	n/a	STATUS	n/a	n/a	DIN5
780.4400000000	n/a	n/a	STATUS	n/a	n/a	D255
780.8320000000	n/a	n/a	STATUS	n/a	n/a	D178
780.8840000000	n/a	n/a	STATUS	n/a	n/a	D255
780.9200000000	n/a	n/a	STATUS	n/a	n/a	DI54
780.9720000000	n/a	n/a	STATUS	n/a	n/a	D255
781.2640000000	n/a	n/a	STATUS	n/a	n/a	DI34
781.3120000000	n/a	n/a	STATUS	n/a	n/a	D255
781.5720000000	n/a	n/a	STATUS	n/a	n/a	DIN5
781.6240000000	n/a	n/a	STATUS	n/a	n/a	D255
781.9480000000	n/a	n/a	STATUS	n/a	n/a	DI97
781.9960000000	n/a	n/a	STATUS	n/a	n/a	D255
782.0360000000	n/a	n/a	STATUS	n/a	n/a	DI54
782.0840000000	n/a	n/a	STATUS	n/a	n/a	D255
782.4040000000	n/a	n/a	STATUS	n/a	n/a	DI34
782.4520000000	n/a	n/a	STATUS	n/a	n/a	D255
782.7120000000	n/a	n/a	STATUS	n/a	n/a	DIN5
782.7640000000	n/a	n/a	STATUS	n/a	n/a	D255
783.0680000000	n/a	n/a	STATUS	n/a	n/a	DI68
783.1160000000	n/a	n/a	STATUS	n/a	n/a	D255
783.1560000000	n/a	n/a	STATUS	n/a	n/a	DI51
783.2040000000	n/a	n/a	STATUS	n/a	n/a	D255
783.5600000000	n/a	n/a	STATUS	n/a	n/a	DI31
783.6120000000	n/a	n/a	STATUS	n/a	n/a	D255
783.8720000000	n/a	n/a	STATUS	n/a	n/a	DIN5
783.9200000000	n/a	n/a	STATUS	n/a	n/a	D255
784.4240000000	n/a	n/a	STATUS	n/a	n/a	D241
784.4760000000	n/a	n/a	STATUS	n/a	n/a	D255
784.5120000000	n/a	n/a	STATUS	n/a	n/a	DI53
784.5640000000	n/a	n/a	STATUS	n/a	n/a	D255
784.9000000000	n/a	n/a	STATUS	n/a	n/a	DI43
784.9480000000	n/a	n/a	STATUS	n/a	n/a	D255
785.2080000000	n/a	n/a	STATUS	n/a	n/a	DIN5
785.2600000000	n/a	n/a	STATUS	n/a	n/a	D255
785.7600000000	n/a	n/a	STATUS	n/a	n/a	D249
785.8080000000	n/a	n/a	STATUS	n/a	n/a	D255
785.8440000000	n/a	n/a	STATUS	n/a	n/a	DI52
785.8960000000	n/a	n/a	STATUS	n/a	n/a	D255
786.2760000000	n/a	n/a	STATUS	n/a	n/a	DI42
786.3240000000	n/a	n/a	STATUS	n/a	n/a	D255
786.5840000000	n/a	n/a	STATUS	n/a	n/a	DIN5
786.6360000000	n/a	n/a	STATUS	n/a	n/a	D255
787.0800000000	n/a	n/a	STATUS	n/a	n/a	DI93
787.1280000000	n/a	n/a	STATUS	n/a	n/a	D255
787.1680000000	n/a	n/a	STATUS	n/a	n/a	DI53
787.2160000000	n/a	n/a	STATUS	n/a	n/a	D255
787.5000000000	n/a	n/a	STATUS	n/a	n/a	DI43
787.5520000000	n/a	n/a	STATUS	n/a	n/a	D255
787.8080000000	n/a	n/a	STATUS	n/a	n/a	DIN5
787.8600000000	n/a	n/a	STATUS	n/a	n/a	D255
788.2600000000	n/a	n/a	STATUS	n/a	n/a	DI83
788.3080000000	n/a	n/a	STATUS	n/a	n/a	D255
788.3480000000	n/a	n/a	STATUS	n/a	n/a	DI52
788.4000000000	n/a	n/a	STATUS	n/a	n/a	D255
788.7400000000	n/a	n/a	STATUS	n/a	n/a	DI42
788.7920000000	n/a	n/a	STATUS	n/a	n/a	D255
789.0520000000	n/a	n/a	STATUS	n/a	n/a	DIN5
789.1000000000	n/a	n/a	STATUS	n/a	n/a	D255
789.4880000000	n/a	n/a	STATUS	n/a	n/a	D186
789.5360000000	n/a	n/a	STATUS	n/a	n/a	D255
789.5720000000	n/a	n/a	STATUS	n/a	n/a	DI52
789.6240000000	n/a	n/a	STATUS	n/a	n/a	D255
789.9720000000	n/a	n/a	STATUS	n/a	n/a	DI42
790.0240000000	n/a	n/a	STATUS	n/a	n/a	D255
790.2840000000	n/a	n/a	STATUS	n/a	n/a	DIN5
790.3320000000	n/a	n/a	STATUS	n/a	n/a	D255
790.7680000000	n/a	n/a	STATUS	n/a	n/a	D224
790.8160000000	n/a	n/a	STATUS	n/a	n/a	D255
790.8520000000	n/a	n/a	STATUS	n/a	n/a	DI51
790.9040000000	n/a	n/a	STATUS	n/a	n/a	D255
791.1720000000	n/a	n/a	STATUS	n/a	n/a	DI21
791.2200000000	n/a	n/a	STATUS	n/a	n/a	D255
791.2240000000	n/a	n/a	STATUS	n/a	n/a	DIN4
791.2720000000	n/a	n/a	STATUS	n/a	n/a	D255
792.0280000000	n/a	n/a	STATUS	n/a	n/a	DIN5
792.0800000000	n/a	n/a	STATUS	n/a	n/a	D255
792.3840000000	n/a	n/a	STATUS	n/a	n/a	D161
792.4360000000	n/a	n/a	STATUS	n/a	n/a	D255
792.4720000000	n/a	n/a	STATUS	n/a	n/a	DI51
792.5200000000	n/a	n/a	STATUS	n/a	n/a	D255
792.9000000000	n/a	n/a	STATUS	n/a	n/a	DI31
792.9520000000	n/a	n/a	STATUS	n/a	n/a	D255
793.2080000000	n/a	n/a	STATUS	n/a	n/a	DIN5
793.2600000000	n/a	n/a	STATUS	n/a	n/a	D255
793.6840000000	n/a	n/a	STATUS	n/a	n/a	D245
793.7320000000	n/a	n/a	STATUS	n/a	n/a	D255
793.7720000000	n/a	n/a	STATUS	n/a	n/a	DI51
793.8200000000	n/a	n/a	STATUS	n/a	n/a	D255
794.1640000000	n/a	n/a	STATUS	n/a	n/a	DI31
794.2120000000	n/a	n/a	STATUS	n/a	n/a	D255
794.4720000000	n/a	n/a	STATUS	n/a	n/a	DIN5
794.5240000000	n/a	n/a	STATUS	n/a	n/a	D255
794.8680000000	n/a	n/a	STATUS	n/a	n/a	D104
794.9160000000	n/a	n/a	STATUS	n/a	n/a	D255
794.9560000000	n/a	n/a	STATUS	n/a	n/a	DI52
795.0040000000	n/a	n/a	STATUS	n/a	n/a	D255
795.3840000000	n/a	n/a	STATUS	n/a	n/a	DI42
795.4360000000	n/a	n/a	STATUS	n/a	n/a	D255
795.6960000000	n/a	n/a	STATUS	n/a	n/a	DIN5
795.7440000000	n/a	n/a	STATUS	n/a	n/a	D255
796.1480000000	n/a	n/a	STATUS	n/a	n/a	D135
796.2000000000	n/a	n/a	STATUS	n/a	n/a	D255
796.2360000000	n/a	n/a	STATUS	n/a	n/a	DI52
796.2880000000	n/a	n/a	STATUS	n/a	n/a	D255
796.6640000000	n/a	n/a	STATUS	n/a	n/a	DI42
796.7160000000	n/a	n/a	STATUS	n/a	n/a	D255
796.9760000000	n/a	n/a	STATUS	n/a	n/a	DIN5
797.0240000000	n/a	n/a	STATUS	n/a	n/a	D255
797.5240000000	n/a	n/a	STATUS	n/a	n/a	D250
797.5720000000	n/a	n/a	STATUS	n/a	n/a	D255
797.6120000000	n/a	n/a	STATUS	n/a	n/a	DI54
797.6640000000	n/a	n/a	STATUS	n/a	n/a	D255
797.9440000000	n/a	n/a	STATUS	n/a	n/a	DI34
797.9960000000	n/a	n/a	STATUS	n/a	n/a	D255
798.2560000000	n/a	n/a	STATUS	n/a	n/a	DIN5
798.3040000000	n/a	n/a	STATUS	n/a	n/a	D255
798.7800000000	n/a	n/a	STATUS	n/a	n/a	DI91
798.8280000000	n/a	n/a	STATUS	n/a	n/a	D255
798.8680000000	n/a	n/a	STATUS	n/a	n/a	DI51
798.9160000000	n/a	n/a	STATUS	n/a	n/a	D255
799.2240000000	n/a	n/a	STATUS	n/a	n/a	DI31
799.2760000000	n/a	n/a	STATUS	n/a	n/a	D255
799.5360000000	n/a	n/a	STATUS	n/a	n/a	DIN5
799.5840000000	n/a	n/a	STATUS	n/a	n/a	D255
799.9400000000	n/a	n/a	STATUS	n/a	n/a	D158
799.9880000000	n/a	n/a	STATUS	n/a	n/a	D255
800.0280000000	n/a	n/a	STATUS	n/a	n/a	DI52
800.0760000000	n/a	n/a	STATUS	n/a	n/a	D255
800.3920000000	n/a	n/a	STATUS	n/a	n/a	DI42
800.4440000000	n/a	n/a	STATUS	n/a	n/a	D255
800.7040000000	n/a	n/a	STATUS	n/a	n/a	DIN5
800.7520000000	n/a	n/a	STATUS	n/a	n/a	D255
801.1000000000	n/a	n/a	STATUS	n/a	n/a	DI85
801.1520000000	n/a	n/a	STATUS	n/a	n/a	D255
801.1880000000	n/a	n/a	STATUS	n/a	n/a	DI53
801.2400000000	n/a	n/a	STATUS	n/a	n/a	D255
801.5040000000	n/a	n/a	STATUS	n/a	n/a	DI43
801.5520000000	n/a	n/a	STATUS	n/a	n/a	D255
801.8160000000	n/a	n/a	STATUS	n/a	n/a	DIN5
801.8640000000	n/a	n/a	STATUS	n/a	n/a	D255
802.3440000000	n/a	n/a	STATUS	n/a	n/a	D143
802.3920000000	n/a	n/a	STATUS	n/a	n/a	D255
802.4320000000	n/a	n/a	STATUS	n/a	n/a	DI52
802.4800000000	n/a	n/a	STATUS	n/a	n/a	D255
802.8360000000	n/a	n/a	STATUS	n/a	n/a	DI42
802.8880000000	n/a	n/a	STATUS	n/a	n/a	D255
803.1480000000	n/a	n/a	STATUS	n/a	n/a	DIN5
803.1960000000	n/a	n/a	STATUS	n/a	n/a	D255
803.5800000000	n/a	n/a	STATUS	n/a	n/a	D176
803.6320000000	n/a	n/a	STATUS	n/a	n/a	D255
803.6680000000	n/a	n/a	STATUS	n/a	n/a	DI52
803.7200000000	n/a	n/a	STATUS	n/a	n/a	D255
804.0640000000	n/a	n/a	STATUS	n/a	n/a	DI42
804.1120000000	n/a	n/a	STATUS	n/a	n/a	D255
804.3720000000	n/a	n/a	STATUS	n/a	n/a	DIN5
804.4240000000	n/a	n/a	STATUS	n/a	n/a	D255
804.8240000000	n/a	n/a	STATUS	n/a	n/a	D149
804.8720000000	n/a	n/a	STATUS	n/a	n/a	D255
804.9120000000	n/a	n/a	STATUS	n/a	n/a	DI52
804.9600000000	n/a	n/a	STATUS	n/a	n/a	D255
805.3120000000	n/a	n/a	STATUS	n/a	n/a	DI42
805.3600000000	n/a	n/a	STATUS	n/a	n/a	D255
805.6200000000	n/a	n/a	STATUS	n/a	n/a	DIN5
805.6720000000	n/a	n/a	STATUS	n/a	n/a	D255
806.1600000000	n/a	n/a	STATUS	n/a	n/a	D134
806.2120000000	n/a	n/a	STATUS	n/a	n/a	D255
806.2480000000	n/a	n/a	STATUS	n/a	n/a	DI51
806.2960000000	n/a	n/a	STATUS	n/a	n/a	D255
806.5480000000	n/a	n/a	STATUS	n/a	n/a	DI21
806.5960000000	n/a	n/a	STATUS	n/a	n/a	D255
806.6040000000	n/a	n/a	STATUS	n/a	n/a	DIN4
806.6520000000	n/a	n/a	STATUS	n/a	n/a	D255
807.4080000000	n/a	n/a	STATUS	n/a	n/a	DIN5
807.4560000000	n/a	n/a	STATUS	n/a	n/a	D255
807.8000000000	n/a	n/a	STATUS	n/a	n/a	D227
807.8520000000	n/a	n/a	STATUS	n/a	n/a	D255
807.8880000000	n/a	n/a	STATUS	n/a	n/a	DI53
807.9400000000	n/a	n/a	STATUS	n/a	n/a	D255
808.2360000000	n/a	n/a	STATUS	n/a	n/a	DI43
808.2880000000	n/a	n/a	STATUS	n/a	n/a	D255
808.5480000000	n/a	n/a	STATUS	n/a	n/a	DIN5
808.5960000000	n/a	n/a	STATUS	n/a	n/a	D255
808.9920000000	n/a	n/a	STATUS	n/a	n/a	D201
809.0400000000	n/a	n/a	STATUS	n/a	n/a	D255
809.0800000000	n/a	n/a	STATUS	n/a	n/a	DI53
809.1280000000	n/a	n/a	STATUS	n/a	n/a	D255
809.4240000000	n/a	n/a	STATUS	n/a	n/a	DI43
809.4760000000	n/a	n/a	STATUS	n/a	n/a	D255
809.7320000000	n/a	n/a	STATUS	n/a	n/a	DIN5
809.7840000000	n/a	n/a	STATUS	n/a	n/a	D255
810.2480000000	n/a	n/a	STATUS	n/a	n/a	DI84
810.2960000000	n/a	n/a	STATUS	n/a	n/a	D255
810.3360000000	n/a	n/a	STATUS	n/a	n/a	DI53
810.3840000000	n/a	n/a	STATUS	n/a	n/a	D255
810.6560000000	n/a	n/a	STATUS	n/a	n/a	DI43
810.7080000000	n/a	n/a	STATUS	n/a	n/a	D255
810.9680000000	n/a	n/a	STATUS	n/a	n/a	DIN5
811.0160000000	n/a	n/a	STATUS	n/a	n/a	D255
811.3640000000	n/a	n/a	STATUS	n/a	n/a	D182
811.4160000000	n/a	n/a	STATUS	n/a	n/a	D255
811.4520000000	n/a	n/a	STATUS	n/a	n/a	DI53
811.5040000000	n/a	n/a	STATUS	n/a	n/a	D255
811.7840000000	n/a	n/a	STATUS	n/a	n/a	DI43
811.8360000000	n/a	n/a	STATUS	n/a	n/a	D255
812.0920000000	n/a	n/a	STATUS	n/a	n/a	DIN5
812.1440000000	n/a	n/a	STATUS	n/a	n/a	D255
812.5640000000	n/a	n/a	STATUS	n/a	n/a	D229
812.6120000000	n/a	n/a	STATUS	n/a	n/a	D255
812.6520000000	n/a	n/a	STATUS	n/a	n/a	DI52
812.7000000000	n/a	n/a	STATUS	n/a	n/a	D255
813.0480000000	n/a	n/a	STATUS	n/a	n/a	DI42
813.0960000000	n/a	n/a	STATUS	n/a	n/a	D255
813.3560000000	n/a	n/a	STATUS	n/a	n/a	DIN5
813.4040000000	n/a	n/a	STATUS	n/a	n/a	D255
813.8160000000	n/a	n/a	STATUS	n/a	n/a	D243
813.8640000000	n/a	n/a	STATUS	n/a	n/a	D255
813.9040000000	n/a	n/a	STATUS	n/a	n/a	DI52
813.9520000000	n/a	n/a	STATUS	n/a	n/a	D255
814.2200000000	n/a	n/a	STATUS	n/a	n/a	DI12
814.2680000000	n/a	n/a	STATUS	n/a	n/a	D255
814.2720000000	n/a	n/a	STATUS	n/a	n/a	DIN4
814.3240000000	n/a	n/a	STATUS	n/a	n/a	D255
815.0800000000	n/a	n/a	STATUS	n/a	n/a	DIN5
815.1280000000	n/a	n/a	STATUS	n/a	n/a	D255
815.6280000000	n/a	n/a	STATUS	n/a	n/a	D214
815.6800000000	n/a	n/a	STATUS	n/a	n/a	D255
815.7160000000	n/a	n/a	STATUS	n/a	n/a	DI54
815.7640000000	n/a	n/a	STATUS	n/a	n/a	D255
816.1000000000	n/a	n/a	STATUS	n/a	n/a	DI34
816.1480000000	n/a	n/a	STATUS	n/a	n/a	D255
816.4080000000	n/a	n/a	STATUS	n/a	n/a	DIN5
816.4600000000	n/a	n/a	STATUS	n/a	n/a	D255
816.9640000000	n/a	n/a	STATUS	n/a	n/a	D191
817.0160000000	n/a	n/a	STATUS	n/a	n/a	D255
817.0520000000	n/a	n/a	STATUS	n/a	n/a	DI53
817.1000000000	n/a	n/a	STATUS	n/a	n/a	D255
817.4120000000	n/a	n/a	STATUS	n/a	n/a	DI43
817.4600000000	n/a	n/a	STATUS	n/a	n/a	D255
817.4600000000	n/a	n/a	STATUS	n/a	n/a	D239
817.7200000000	n/a	n/a	STATUS	n/a	n/a	DIN5
817.7720000000	n/a	n/a	STATUS	n/a	n/a	D255
818.1520000000	n/a	n/a	STATUS	n/a	n/a	D204
818.2000000000	n/a	n/a	STATUS	n/a	n/a	D255
818.2400000000	n/a	n/a	STATUS	n/a	n/a	DI52
818.2880000000	n/a	n/a	STATUS	n/a	n/a	D255
818.8360000000	n/a	n/a	STATUS	n/a	n/a	DI42
818.8840000000	n/a	n/a	STATUS	n/a	n/a	D255
819.1440000000	n/a	n/a	STATUS	n/a	n/a	DIN5
819.1960000000	n/a	n/a	STATUS	n/a	n/a	D255
819.6880000000	n/a	n/a	STATUS	n/a	n/a	D232
819.7400000000	n/a	n/a	STATUS	n/a	n/a	D255
819.7760000000	n/a	n/a	STATUS	n/a	n/a	DI53
819.8240000000	n/a	n/a	STATUS	n/a	n/a	D255
820.1520000000	n/a	n/a	STATUS	n/a	n/a	DI43
820.2040000000	n/a	n/a	STATUS	n/a	n/a	D255
820.4600000000	n/a	n/a	STATUS	n/a	n/a	DIN5
820.5120000000	n/a	n/a	STATUS	n/a	n/a	D255
820.8360000000	n/a	n/a	STATUS	n/a	n/a	DI67
820.8880000000	n/a	n/a	STATUS	n/a	n/a	D255
820.9240000000	n/a	n/a	STATUS	n/a	n/a	DI51
820.9760000000	n/a	n/a	STATUS	n/a	n/a	D255
821.3320000000	n/a	n/a	STATUS	n/a	n/a	DI31
821.3840000000	n/a	n/a	STATUS	n/a	n/a	D255
821.6400000000	n/a	n/a	STATUS	n/a	n/a	DIN5
821.6920000000	n/a	n/a	STATUS	n/a	n/a	D255
822.0160000000	n/a	n/a	STATUS	n/a	n/a	DI66
822.0640000000	n/a	n/a	STATUS	n/a	n/a	D255
822.1040000000	n/a	n/a	STATUS	n/a	n/a	DI51
822.1520000000	n/a	n/a	STATUS	n/a	n/a	D255
822.5280000000	n/a	n/a	STATUS	n/a	n/a	DI31
822.5800000000	n/a	n/a	STATUS	n/a	n/a	D255
822.8400000000	n/a	n/a	STATUS	n/a	n/a	DIN5
822.8880000000	n/a	n/a	STATUS	n/a	n/a	D255
823.2880000000	n/a	n/a	STATUS	n/a	n/a	D171
823.3400000000	n/a	n/a	STATUS	n/a	n/a	D255
823.3760000000	n/a	n/a	STATUS	n/a	n/a	DI54
823.4280000000	n/a	n/a	STATUS	n/a	n/a	D255
823.7880000000	n/a	n/a	STATUS	n/a	n/a	DI34
823.8400000000	n/a	n/a	STATUS	n/a	n/a	D255
824.1000000000	n/a	n/a	STATUS	n/a	n/a	DIN5
824.1480000000	n/a	n/a	STATUS	n/a	n/a	D255
824.6440000000	n/a	n/a	STATUS	n/a	n/a	D225
824.6960000000	n/a	n/a	STATUS	n/a	n/a	D255
824.7320000000	n/a	n/a	STATUS	n/a	n/a	DI53
824.7800000000	n/a	n/a	STATUS	n/a	n/a	D255
825.1320000000	n/a	n/a	STATUS	n/a	n/a	DI43
825.1840000000	n/a	n/a	STATUS	n/a	n/a	D255
825.4440000000	n/a	n/a	STATUS	n/a	n/a	DIN5
825.4920000000	n/a	n/a	STATUS	n/a	n/a	D255
825.9680000000	n/a	n/a	STATUS	n/a	n/a	D219
826.0160000000	n/a	n/a	STATUS	n/a	n/a	D255
826.0560000000	n/a	n/a	STATUS	n/a	n/a	DI53
826.1040000000	n/a	n/a	STATUS	n/a	n/a	D255
826.3520000000	n/a	n/a	STATUS	n/a	n/a	DI43
826.4040000000	n/a	n/a	STATUS	n/a	n/a	D255
826.6640000000	n/a	n/a	STATUS	n/a	n/a	DIN5
826.7120000000	n/a	n/a	STATUS	n/a	n/a	D255
827.1680000000	n/a	n/a	STATUS	n/a	n/a	D167
827.2160000000	n/a	n/a	STATUS	n/a	n/a	D255
827.2160000000	n/a	n/a	STATUS	n/a	n/a	D231
827.2560000000	n/a	n/a	STATUS	n/a	n/a	DI52
827.3040000000	n/a	n/a	STATUS	n/a	n/a	D255
827.3040000000	n/a	n/a	STATUS	n/a	n/a	D245
827.6560000000	n/a	n/a	STATUS	n/a	n/a	DI42
827.7080000000	n/a	n/a	STATUS	n/a	n/a	D255
827.9640000000	n/a	n/a	STATUS	n/a	n/a	DIN5
828.0160000000	n/a	n/a	STATUS	n/a	n/a	D255
828.5080000000	n/a	n/a	STATUS	n/a	n/a	D131
828.5600000000	n/a	n/a	STATUS	n/a	n/a	D255
828.5960000000	n/a	n/a	STATUS	n/a	n/a	DI54
828.6480000000	n/a	n/a	STATUS	n/a	n/a	D255
828.9040000000	n/a	n/a	STATUS	n/a	n/a	DI34
828.9560000000	n/a	n/a	STATUS	n/a	n/a	D255
829.2160000000	n/a	n/a	STATUS	n/a	n/a	DIN5
829.2640000000	n/a	n/a	STATUS	n/a	n/a	D255
829.6160000000	n/a	n/a	STATUS	n/a	n/a	D181
829.6640000000	n/a	n/a	STATUS	n/a	n/a	D255
829.7000000000	n/a	n/a	STATUS	n/a	n/a	DI54
829.7520000000	n/a	n/a	STATUS	n/a	n/a	D255
830.0760000000	n/a	n/a	STATUS	n/a	n/a	DI34
830.1280000000	n/a	n/a	STATUS	n/a	n/a	D255
830.3840000000	n/a	n/a	STATUS	n/a	n/a	DIN5
830.4360000000	n/a	n/a	STATUS	n/a	n/a	D255
830.9200000000	n/a	n/a	STATUS	n/a	n/a	DI65
830.9720000000	n/a	n/a	STATUS	n/a	n/a	D255
831.0080000000	n/a	n/a	STATUS	n/a	n/a	DI51
831.0600000000	n/a	n/a	STATUS	n/a	n/a	D255
831.4000000000	n/a	n/a	STATUS	n/a	n/a	DI31
831.4480000000	n/a	n/a	STATUS	n/a	n/a	D255
831.7080000000	n/a	n/a	STATUS	n/a	n/a	DIN5
831.7600000000	n/a	n/a	STATUS	n/a	n/a	D255
832.2560000000	n/a	n/a	STATUS	n/a	n/a	D173
832.3080000000	n/a	n/a	STATUS	n/a	n/a	D255
832.3440000000	n/a	n/a	STATUS	n/a	n/a	DI53
832.3960000000	n/a	n/a	STATUS	n/a	n/a	D255
832.6880000000	n/a	n/a	STATUS	n/a	n/a	DI13
832.7360000000	n/a	n/a	STATUS	n/a	n/a	D255
832.7400000000	n/a	n/a	STATUS	n/a	n/a	DIN4
832.7920000000	n/a	n/a	STATUS	n/a	n/a	D255
833.5480000000	n/a	n/a	STATUS	n/a	n/a	DIN5
833.5960000000	n/a	n/a	STATUS	n/a	n/a	D255
833.9840000000	n/a	n/a	STATUS	n/a	n/a	D150
834.0360000000	n/a	n/a	STATUS	n/a	n/a	D255
834.0720000000	n/a	n/a	STATUS	n/a	n/a	DI52
834.1240000000	n/a	n/a	STATUS	n/a	n/a	D255
834.5640000000	n/a	n/a	STATUS	n/a	n/a	DI42
834.6120000000	n/a	n/a	STATUS	n/a	n/a	D255
834.8720000000	n/a	n/a	STATUS	n/a	n/a	DIN5
834.9200000000	n/a	n/a	STATUS	n/a	n/a	D255
835.3160000000	n/a	n/a	STATUS	n/a	n/a	D194
835.3680000000	n/a	n/a	STATUS	n/a	n/a	D255
835.4040000000	n/a	n/a	STATUS	n/a	n/a	DI51
835.4520000000	n/a	n/a	STATUS	n/a	n/a	D255
835.8120000000	n/a	n/a	STATUS	n/a	n/a	DI31
835.8640000000	n/a	n/a	STATUS	n/a	n/a	D255
836.1200000000	n/a	n/a	STATUS	n/a	n/a	DIN5
836.1720000000	n/a	n/a	STATUS	n/a	n/a	D255
836.6360000000	n/a	n/a	STATUS	n/a	n/a	D166
836.6880000000	n/a	n/a	STATUS	n/a	n/a	D255
836.7240000000	n/a	n/a	STATUS	n/a	n/a	DI52
836.7760000000	n/a	n/a	STATUS	n/a	n/a	D255
837.1160000000	n/a	n/a	STATUS	n/a	n/a	DI42
837.1680000000	n/a	n/a	STATUS	n/a	n/a	D255
837.4240000000	n/a	n/a	STATUS	n/a	n/a	DIN5
837.4760000000	n/a	n/a	STATUS	n/a	n/a	D255
837.9760000000	n/a	n/a	STATUS	n/a	n/a	D196
838.0240000000	n/a	n/a	STATUS	n/a	n/a	D255
838.0640000000	n/a	n/a	STATUS	n/a	n/a	DI51
838.1120000000	n/a	n/a	STATUS	n/a	n/a	D255
838.4280000000	n/a	n/a	STATUS	n/a	n/a	DI21
838.4760000000	n/a	n/a	STATUS	n/a	n/a	D255
838.4800000000	n/a	n/a	STATUS	n/a	n/a	DIN4
838.5320000000	n/a	n/a	STATUS	n/a	n/a	D255
839.2880000000	n/a	n/a	STATUS	n/a	n/a	DIN5
839.3360000000	n/a	n/a	STATUS	n/a	n/a	D255
839.7160000000	n/a	n/a	STATUS	n/a	n/a	D246
839.7680000000	n/a	n/a	STATUS	n/a	n/a	D255
839.8040000000	n/a	n/a	STATUS	n/a	n/a	DI51
839.8560000000	n/a	n/a	STATUS	n/a	n/a	D255
840.2400000000	n/a	n/a	STATUS	n/a	n/a	DI31
840.2880000000	n/a	n/a	STATUS	n/a	n/a	D255
840.5480000000	n/a	n/a	STATUS	n/a	n/a	DIN5
840.6000000000	n/a	n/a	STATUS	n/a	n/a	D255
841.1040000000	n/a	n/a	STATUS	n/a	n/a	D179
841.1520000000	n/a	n/a	STATUS	n/a	n/a	D255
841.1880000000	n/a	n/a	STATUS	n/a	n/a	DI51
841.2400000000	n/a	n/a	STATUS	n/a	n/a	D255
841.5440000000	n/a	n/a	STATUS	n/a	n/a	DI31
841.5920000000	n/a	n/a	STATUS	n/a	n/a	D255
841.8520000000	n/a	n/a	STATUS	n/a	n/a	DIN5
841.9000000000	n/a	n/a	STATUS	n/a	n/a	D255
842.2280000000	n/a	n/a	STATUS	n/a	n/a	D101
842.2760000000	n/a	n/a	STATUS	n/a	n/a	D255
842.3160000000	n/a	n/a	STATUS	n/a	n/a	DI52
842.3640000000	n/a	n/a	STATUS	n/a	n/a	D255
842.7440000000	n/a	n/a	STATUS	n/a	n/a	DI42
842.7960000000	n/a	n/a	STATUS	n/a	n/a	D255
843.0520000000	n/a	n/a	STATUS	n/a	n/a	DIN5
843.1040000000	n/a	n/a	STATUS	n/a	n/a	D255
843.4200000000	n/a	n/a	STATUS	n/a	n/a	D163
843.4680000000	n/a	n/a	STATUS	n/a	n/a	D255
843.5080000000	n/a	n/a	STATUS	n/a	n/a	DI52
843.5560000000	n/a	n/a	STATUS	n/a	n/a	D255
843.9080000000	n/a	n/a	STATUS	n/a	n/a	DI42
843.9560000000	n/a	n/a	STATUS	n/a	n/a	D255
844.2160000000	n/a	n/a	STATUS	n/a	n/a	DIN5
844.2640000000	n/a	n/a	STATUS	n/a	n/a	D255
844.5760000000	n/a	n/a	STATUS	n/a	n/a	D160
844.6240000000	n/a	n/a	STATUS	n/a	n/a	D255
844.6640000000	n/a	n/a	STATUS	n/a	n/a	DI54
844.7120000000	n/a	n/a	STATUS	n/a	n/a	D255
845.0120000000	n/a	n/a	STATUS	n/a	n/a	DI34
845.0600000000	n/a	n/a	STATUS	n/a	n/a	D255
845.3200000000	n/a	n/a	STATUS	n/a	n/a	DIN5
845.3720000000	n/a	n/a	STATUS	n/a	n/a	D255
845.8520000000	n/a	n/a	STATUS	n/a	n/a	D252
845.9000000000	n/a	n/a	STATUS	n/a	n/a	D255
845.9360000000	n/a	n/a	STATUS	n/a	n/a	DI54
845.9880000000	n/a	n/a	STATUS	n/a	n/a	D255
846.2520000000	n/a	n/a	STATUS	n/a	n/a	DI34
846.3040000000	n/a	n/a	STATUS	n/a	n/a	D255
846.5640000000	n/a	n/a	STATUS	n/a	n/a	DIN5
846.6120000000	n/a	n/a	STATUS	n/a	n/a	D255
846.9160000000	n/a	n/a	STATUS	n/a	n/a	D226
846.9680000000	n/a	n/a	STATUS	n/a	n/a	D255
847.0040000000	n/a	n/a	STATUS	n/a	n/a	DI52
847.0560000000	n/a	n/a	STATUS	n/a	n/a	D255
847.3160000000	n/a	n/a	STATUS	n/a	n/a	DI12
847.3680000000	n/a	n/a	STATUS	n/a	n/a	D255
847.3720000000	n/a	n/a	STATUS	n/a	n/a	DIN4
847.4200000000	n/a	n/a	STATUS	n/a	n/a	D255
848.1760000000	n/a	n/a	STATUS	n/a	n/a	DIN5
848.2280000000	n/a	n/a	STATUS	n/a	n/a	D255
848.6320000000	n/a	n/a	STATUS	n/a	n/a	D126
848.6800000000	n/a	n/a	STATUS	n/a	n/a	D255
848.7200000000	n/a	n/a	STATUS	n/a	n/a	DI51
848.7680000000	n/a	n/a	STATUS	n/a	n/a	D255
849.1320000000	n/a	n/a	STATUS	n/a	n/a	DI31
849.1840000000	n/a	n/a	STATUS	n/a	n/a	D255
849.4400000000	n/a	n/a	STATUS	n/a	n/a	DIN5
849.4920000000	n/a	n/a	STATUS	n/a	n/a	D255
849.9800000000	n/a	n/a	STATUS	n/a	n/a	D142
850.0320000000	n/a	n/a	STATUS	n/a	n/a	D255
850.0680000000	n/a	n/a	STATUS	n/a	n/a	DI51
850.1200000000	n/a	n/a	STATUS	n/a	n/a	D255
850.3760000000	n/a	n/a	STATUS	n/a	n/a	DI21
850.4280000000	n/a	n/a	STATUS	n/a	n/a	D255
850.4320000000	n/a	n/a	STATUS	n/a	n/a	DIN4
850.4840000000	n/a	n/a	STATUS	n/a	n/a	D255
851.2360000000	n/a	n/a	STATUS	n/a	n/a	DIN5
851.2880000000	n/a	n/a	STATUS	n/a	n/a	D255
851.7040000000	n/a	n/a	STATUS	n/a	n/a	D183
851.7520000000	n/a	n/a	STATUS	n/a	n/a	D255
851.7880000000	n/a	n/a	STATUS	n/a	n/a	DI53
851.8400000000	n/a	n/a	STATUS	n/a	n/a	D255
852.1400000000	n/a	n/a	STATUS	n/a	n/a	DI43
852.1880000000	n/a	n/a	STATUS	n/a	n/a	D255
852.4480000000	n/a	n/a	STATUS	n/a	n/a	DIN5
852.4960000000	n/a	n/a	STATUS	n/a	n/a	D255
853.0040000000	n/a	n/a	STATUS	n/a	n/a	D140
853.0520000000	n/a	n/a	STATUS	n/a	n/a	D255
853.0920000000	n/a	n/a	STATUS	n/a	n/a	DI54
853.1400000000	n/a	n/a	STATUS	n/a	n/a	D255
853.5120000000	n/a	n/a	STATUS	n/a	n/a	DI24
853.5640000000	n/a	n/a	STATUS	n/a	n/a	D255
853.5680000000	n/a	n/a	STATUS	n/a	n/a	DIN4
853.6200000000	n/a	n/a	STATUS	n/a	n/a	D255
854.3720000000	n/a	n/a	STATUS	n/a	n/a	DIN5
854.4240000000	n/a	n/a	STATUS	n/a	n/a	D255
854.8880000000	n/a	n/a	STATUS	n/a	n/a	D156
854.9400000000	n/a	n/a	STATUS	n/a	n/a	D255
854.9760000000	n/a	n/a	STATUS	n/a	n/a	DI53
855.0280000000	n/a	n/a	STATUS	n/a	n/a	D255
855.2680000000	n/a	n/a	STATUS	n/a	n/a	DI43
855.3200000000	n/a	n/a	STATUS	n/a	n/a	D255
855.5800000000	n/a	n/a	STATUS	n/a	n/a	DIN5
855.6280000000	n/a	n/a	STATUS	n/a	n/a	D255
856.1280000000	n/a	n/a	STATUS	n/a	n/a	DI82
856.1800000000	n/a	n/a	STATUS	n/a	n/a	D255
856.2160000000	n/a	n/a	STATUS	n/a	n/a	DI54
856.2680000000	n/a	n/a	STATUS	n/a	n/a	D255
856.5600000000	n/a	n/a	STATUS	n/a	n/a	DI34
856.6120000000	n/a	n/a	STATUS	n/a	n/a	D255
856.8680000000	n/a	n/a	STATUS	n/a	n/a	DIN5
856.9200000000	n/a	n/a	STATUS	n/a	n/a	D255
857.3240000000	n/a	n/a	STATUS	n/a	n/a	DI81
857.3760000000	n/a	n/a	STATUS	n/a	n/a	D255
857.4120000000	n/a	n/a	STATUS	n/a	n/a	DI52
857.4600000000	n/a	n/a	STATUS	n/a	n/a	D255
857.7920000000	n/a	n/a	STATUS	n/a	n/a	DI42
857.8400000000	n/a	n/a	STATUS	n/a	n/a	D255
858.1000000000	n/a	n/a	STATUS	n/a	n/a	DIN5
858.1520000000	n/a	n/a	STATUS	n/a	n/a	D255
858.5840000000	n/a	n/a	STATUS	n/a	n/a	D169
858.6360000000	n/a	n/a	STATUS	n/a	n/a	D255
858.6720000000	n/a	n/a	STATUS	n/a	n/a	DI53
858.7240000000	n/a	n/a	STATUS	n/a	n/a	D255
859.0080000000	n/a	n/a	STATUS	n/a	n/a	DI43
859.0600000000	n/a	n/a	STATUS	n/a	n/a	D255
859.3200000000	n/a	n/a	STATUS	n/a	n/a	DIN5
859.3680000000	n/a	n/a	STATUS	n/a	n/a	D255
859.7040000000	n/a	n/a	STATUS	n/a	n/a	D109
859.7520000000	n/a	n/a	STATUS	n/a	n/a	D255
859.7920000000	n/a	n/a	STATUS	n/a	n/a	DI54
859.8400000000	n/a	n/a	STATUS	n/a	n/a	D255
860.1400000000	n/a	n/a	STATUS	n/a	n/a	DI34
860.1880000000	n/a	n/a	STATUS	n/a	n/a	D255
860.4480000000	n/a	n/a	STATUS	n/a	n/a	DIN5
860.5000000000	n/a	n/a	STATUS	n/a	n/a	D255
860.9720000000	n/a	n/a	STATUS	n/a	n/a	D217
861.0240000000	n/a	n/a	STATUS	n/a	n/a	D255
861.0600000000	n/a	n/a	STATUS	n/a	n/a	DI54
861.1120000000	n/a	n/a	STATUS	n/a	n/a	D255
861.3600000000	n/a	n/a	STATUS	n/a	n/a	DI34
861.4080000000	n/a	n/a	STATUS	n/a	n/a	D255
861.6680000000	n/a	n/a	STATUS	n/a	n/a	DIN5
861.7160000000	n/a	n/a	STATUS	n/a	n/a	D255
862.1840000000	n/a	n/a	STATUS	n/a	n/a	D189
862.2320000000	n/a	n/a	STATUS	n/a	n/a	D255
862.2680000000	n/a	n/a	STATUS	n/a	n/a	DI52
862.3200000000	n/a	n/a	STATUS	n/a	n/a	D255
862.5680000000	n/a	n/a	STATUS	n/a	n/a	DI12
862.6160000000	n/a	n/a	STATUS	n/a	n/a	D255
862.6200000000	n/a	n/a	STATUS	n/a	n/a	DIN4
862.6720000000	n/a	n/a	STATUS	n/a	n/a	D255
863.4240000000	n/a	n/a	STATUS	n/a	n/a	DIN5
863.4760000000	n/a	n/a	STATUS	n/a	n/a	D255
863.9440000000	n/a	n/a	STATUS	n/a	n/a	D230
863.9960000000	n/a	n/a	STATUS	n/a	n/a	D255
864.0320000000	n/a	n/a	STATUS	n/a	n/a	DI53
864.0840000000	n/a	n/a	STATUS	n/a	n/a	D255
864.4680000000	n/a	n/a	STATUS	n/a	n/a	DI43
864.5160000000	n/a	n/a	STATUS	n/a	n/a	D255
864.7760000000	n/a	n/a	STATUS	n/a	n/a	DIN5
864.8240000000	n/a	n/a	STATUS	n/a	n/a	D255
865.3200000000	n/a	n/a	STATUS	n/a	n/a	D119
865.3720000000	n/a	n/a	STATUS	n/a	n/a	D255
865.4080000000	n/a	n/a	STATUS	n/a	n/a	DI54
865.4600000000	n/a	n/a	STATUS	n/a	n/a	D255
865.9160000000	n/a	n/a	STATUS	n/a	n/a	DI34
865.9680000000	n/a	n/a	STATUS	n/a	n/a	D255
866.2240000000	n/a	n/a	STATUS	n/a	n/a	DIN5
866.2760000000	n/a	n/a	STATUS	n/a	n/a	D255
866.7800000000	n/a	n/a	STATUS	n/a	n/a	D103
866.8320000000	n/a	n/a	STATUS	n/a	n/a	D255
866.8680000000	n/a	n/a	STATUS	n/a	n/a	DI53
866.9160000000	n/a	n/a	STATUS	n/a	n/a	D255
867.2520000000	n/a	n/a	STATUS	n/a	n/a	DI43
867.3040000000	n/a	n/a	STATUS	n/a	n/a	D255
867.5600000000	n/a	n/a	STATUS	n/a	n/a	DIN5
867.6120000000	n/a	n/a	STATUS	n/a	n/a	D255
867.9600000000	n/a	n/a	STATUS	n/a	n/a	D239
868.0120000000	n/a	n/a	STATUS	n/a	n/a	D255
868.0480000000	n/a	n/a	STATUS	n/a	n/a	DI53
868.1000000000	n/a	n/a	STATUS	n/a	n/a	D255
868.4800000000	n/a	n/a	STATUS	n/a	n/a	DI43
868.5280000000	n/a	n/a	STATUS	n/a	n/a	D255
868.7880000000	n/a	n/a	STATUS	n/a	n/a	DIN5
868.8400000000	n/a	n/a	STATUS	n/a	n/a	D255
869.1440000000	n/a	n/a	STATUS	n/a	n/a	D106
869.1920000000	n/a	n/a	STATUS	n/a	n/a	D255
869.2320000000	n/a	n/a	STATUS	n/a	n/a	DI51
869.2800000000	n/a	n/a	STATUS	n/a	n/a	D255
869.6800000000	n/a	n/a	STATUS	n/a	n/a	DI31
869.7280000000	n/a	n/a	STATUS	n/a	n/a	D255
869.9880000000	n/a	n/a	STATUS	n/a	n/a	DIN5
870.0360000000	n/a	n/a	STATUS	n/a	n/a	D255
870.4560000000	n/a	n/a	STATUS	n/a	n/a	D197
870.5080000000	n/a	n/a	STATUS	n/a	n/a	D255
870.5440000000	n/a	n/a	STATUS	n/a	n/a	DI51
870.5960000000	n/a	n/a	STATUS	n/a	n/a	D255
870.9200000000	n/a	n/a	STATUS	n/a	n/a	DI31
870.9680000000	n/a	n/a	STATUS	n/a	n/a	D255
871.2280000000	n/a	n/a	STATUS	n/a	n/a	DIN5
871.2800000000	n/a	n/a	STATUS	n/a	n/a	D255
871.7720000000	n/a	n/a	STATUS	n/a	n/a	D200
871.8240000000	n/a	n/a	STATUS	n/a	n/a	D255
871.8600000000	n/a	n/a	STATUS	n/a	n/a	DI53
871.9120000000	n/a	n/a	STATUS	n/a	n/a	D255
872.2640000000	n/a	n/a	STATUS	n/a	n/a	DI43
872.3120000000	n/a	n/a	STATUS	n/a	n/a	D255
872.5720000000	n/a	n/a	STATUS	n/a	n/a	DIN5
872.6200000000	n/a	n/a	STATUS	n/a	n/a	D255
873.0320000000	n/a	n/a	STATUS	n/a	n/a	DI94
873.0800000000	n/a	n/a	STATUS	n/a	n/a	D255
873.1200000000	n/a	n/a	STATUS	n/a	n/a	DI53
873.1680000000	n/a	n/a	STATUS	n/a	n/a	D255
873.4640000000	n/a	n/a	STATUS	n/a	n/a	DI43
873.5120000000	n/a	n/a	STATUS	n/a	n/a	D255
873.7720000000	n/a	n/a	STATUS	n/a	n/a	DIN5
873.8240000000	n/a	n/a	STATUS	n/a	n/a	D255
874.2640000000	n/a	n/a	STATUS	n/a	n/a	D185
874.3120000000	n/a	n/a	STATUS	n/a	n/a	D255
874.3520000000	n/a	n/a	STATUS	n/a	n/a	DI54
874.4000000000	n/a	n/a	STATUS	n/a	n/a	D255
874.6760000000	n/a	n/a	STATUS	n/a	n/a	DI34
874.7240000000	n/a	n/a	STATUS	n/a	n/a	D255
874.9840000000	n/a	n/a	STATUS	n/a	n/a	DIN5
875.0320000000	n/a	n/a	STATUS	n/a	n/a	D255
875.5120000000	n/a	n/a	STATUS	n/a	n/a	D223
875.5640000000	n/a	n/a	STATUS	n/a	n/a	D255
875.6000000000	n/a	n/a	STATUS	n/a	n/a	DI52
875.6520000000	n/a	n/a	STATUS	n/a	n/a	D255
876.0120000000	n/a	n/a	STATUS	n/a	n/a	DI42
876.0600000000	n/a	n/a	STATUS	n/a	n/a	D255
876.3200000000	n/a	n/a	STATUS	n/a	n/a	DIN5
876.3680000000	n/a	n/a	STATUS	n/a	n/a	D255
876.7400000000	n/a	n/a	STATUS	n/a	n/a	D116
876.7880000000	n/a	n/a	STATUS	n/a	n/a	D255
876.8240000000	n/a	n/a	STATUS	n/a	n/a	DI53
876.8760000000	n/a	n/a	STATUS	n/a	n/a	D255
877.2000000000	n/a	n/a	STATUS	n/a	n/a	DI43
877.2520000000	n/a	n/a	STATUS	n/a	n/a	D255
877.5120000000	n/a	n/a	STATUS	n/a	n/a	DIN5
877.5600000000	n/a	n/a	STATUS	n/a	n/a	D255
877.8960000000	n/a	n/a	STATUS	n/a	n/a	D117
877.9440000000	n/a	n/a	STATUS	n/a	n/a	D255
877.9840000000	n/a	n/a	STATUS	n/a	n/a	DI54
878.0320000000	n/a	n/a	STATUS	n/a	n/a	D255
878.3560000000	n/a	n/a	STATUS	n/a	n/a	DI34
878.4080000000	n/a	n/a	STATUS	n/a	n/a	D255
878.6680000000	n/a	n/a	STATUS	n/a	n/a	DIN5
878.7160000000	n/a	n/a	STATUS	n/a	n/a	D255
879.0520000000	n/a	n/a	STATUS	n/a	n/a	DI87
879.1000000000	n/a	n/a	STATUS	n/a	n/a	D255
879.1400000000	n/a	n/a	STATUS	n/a	n/a	DI51
879.1880000000	n/a	n/a	STATUS	n/a	n/a	D255
879.5520000000	n/a	n/a	STATUS	n/a	n/a	DI31
879.6040000000	n/a	n/a	STATUS	n/a	n/a	D255
879.8600000000	n/a	n/a	STATUS	n/a	n/a	DIN5
879.9120000000	n/a	n/a	STATUS	n/a	n/a	D255
880.2760000000	n/a	n/a	STATUS	n/a	n/a	D222
880.3280000000	n/a	n/a	STATUS	n/a	n/a	D255
880.3640000000	n/a	n/a	STATUS	n/a	n/a	DI51
880.4160000000	n/a	n/a	STATUS	n/a	n/a	D255
880.7800000000	n/a	n/a	STATUS	n/a	n/a	DI31
880.8320000000	n/a	n/a	STATUS	n/a	n/a	D255
881.0880000000	n/a	n/a	STATUS	n/a	n/a	DIN5
881.1400000000	n/a	n/a	STATUS	n/a	n/a	D255
881.6080000000	n/a	n/a	STATUS	n/a	n/a	D127
881.6600000000	n/a	n/a	STATUS	n/a	n/a	D255
881.6960000000	n/a	n/a	STATUS	n/a	n/a	DI54
881.7480000000	n/a	n/a	STATUS	n/a	n/a	D255
882.0280000000	n/a	n/a	STATUS	n/a	n/a	DI34
882.0800000000	n/a	n/a	STATUS	n/a	n/a	D255
882.3400000000	n/a	n/a	STATUS	n/a	n/a	DIN5
882.3880000000	n/a	n/a	STATUS	n/a	n/a	D255
882.8600000000	n/a	n/a	STATUS	n/a	n/a	D153
882.9080000000	n/a	n/a	STATUS	n/a	n/a	D255
882.9480000000	n/a	n/a	STATUS	n/a	n/a	DI52
882.9960000000	n/a	n/a	STATUS	n/a	n/a	D255
883.3760000000	n/a	n/a	STATUS	n/a	n/a	DI42
883.4240000000	n/a	n/a	STATUS	n/a	n/a	D255
883.6840000000	n/a	n/a	STATUS	n/a	n/a	DIN5
883.7320000000	n/a	n/a	STATUS	n/a	n/a	D255
884.0600000000	n/a	n/a	STATUS	n/a	n/a	D154
884.1080000000	n/a	n/a	STATUS	n/a	n/a	D255
884.1480000000	n/a	n/a	STATUS	n/a	n/a	DI53
884.1960000000	n/a	n/a	STATUS	n/a	n/a	D255
884.5360000000	n/a	n/a	STATUS	n/a	n/a	DI43
884.5880000000	n/a	n/a	STATUS	n/a	n/a	D255
884.8480000000	n/a	n/a	STATUS	n/a	n/a	DIN5
884.8960000000	n/a	n/a	STATUS	n/a	n/a	D255
885.3480000000	n/a	n/a	STATUS	n/a	n/a	D220
885.3960000000	n/a	n/a	STATUS	n/a	n/a	D255
885.4320000000	n/a	n/a	STATUS	n/a	n/a	DI51
885.4840000000	n/a	n/a	STATUS	n/a	n/a	D255
885.8640000000	n/a	n/a	STATUS	n/a	n/a	DI31
885.9160000000	n/a	n/a	STATUS	n/a	n/a	D255
886.1720000000	n/a	n/a	STATUS	n/a	n/a	DIN5
886.2240000000	n/a	n/a	STATUS	n/a	n/a	D255
886.2240000000	n/a	n/a	STATUS	n/a	n/a	D239
886.7200000000	n/a	n/a	STATUS	n/a	n/a	D155
886.7680000000	n/a	n/a	STATUS	n/a	n/a	D255
886.8040000000	n/a	n/a	STATUS	n/a	n/a	DI52
886.8560000000	n/a	n/a	STATUS	n/a	n/a	D255
887.1400000000	n/a	n/a	STATUS	n/a	n/a	DI12
887.1920000000	n/a	n/a	STATUS	n/a	n/a	D255
887.1960000000	n/a	n/a	STATUS	n/a	n/a	DIN4
887.2440000000	n/a	n/a	STATUS	n/a	n/a	D255
888.0000000000	n/a	n/a	STATUS	n/a	n/a	DIN5
888.0520000000	n/a	n/a	STATUS	n/a	n/a	D255
888.4800000000	n/a	n/a	STATUS	n/a	n/a	D111
888.5320000000	n/a	n/a	STATUS	n/a	n/a	D255
888.5680000000	n/a	n/a	STATUS	n/a	n/a	DI54
888.6200000000	n/a	n/a	STATUS	n/a	n/a	D255
888.9280000000	n/a	n/a	STATUS	n/a	n/a	DI34
888.9800000000	n/a	n/a	STATUS	n/a	n/a	D255
889.2360000000	n/a	n/a	STATUS	n/a	n/a	DIN5
889.2880000000	n/a	n/a	STATUS	n/a	n/a	D255
889.6120000000	n/a	n/a	STATUS	n/a	n/a	D147
889.6640000000	n/a	n/a	STATUS	n/a	n/a	D255
889.7000000000	n/a	n/a	STATUS	n/a	n/a	DI51
889.7520000000	n/a	n/a	STATUS	n/a	n/a	D255
890.1200000000	n/a	n/a	STATUS	n/a	n/a	DI31
890.1720000000	n/a	n/a	STATUS	n/a	n/a	D255
890.4280000000	n/a	n/a	STATUS	n/a	n/a	DIN5
890.4800000000	n/a	n/a	STATUS	n/a	n/a	D255
890.8280000000	n/a	n/a	STATUS	n/a	n/a	D190
890.8800000000	n/a	n/a	STATUS	n/a	n/a	D255
890.9160000000	n/a	n/a	STATUS	n/a	n/a	DI54
890.9680000000	n/a	n/a	STATUS	n/a	n/a	D255
891.2480000000	n/a	n/a	STATUS	n/a	n/a	DI34
891.3000000000	n/a	n/a	STATUS	n/a	n/a	D255
891.5600000000	n/a	n/a	STATUS	n/a	n/a	DIN5
891.6080000000	n/a	n/a	STATUS	n/a	n/a	D255
891.9840000000	n/a	n/a	STATUS	n/a	n/a	D177
892.0360000000	n/a	n/a	STATUS	n/a	n/a	D255
892.0720000000	n/a	n/a	STATUS	n/a	n/a	DI54
892.1200000000	n/a	n/a	STATUS	n/a	n/a	D255
892.4320000000	n/a	n/a	STATUS	n/a	n/a	DI34
892.4800000000	n/a	n/a	STATUS	n/a	n/a	D255
892.7400000000	n/a	n/a	STATUS	n/a	n/a	DIN5
892.7920000000	n/a	n/a	STATUS	n/a	n/a	D255
893.2880000000	n/a	n/a	STATUS	n/a	n/a	D164
893.3400000000	n/a	n/a	STATUS	n/a	n/a	D255
893.3760000000	n/a	n/a	STATUS	n/a	n/a	DI52
893.4280000000	n/a	n/a	STATUS	n/a	n/a	D255
893.6640000000	n/a	n/a	STATUS	n/a	n/a	DI12
893.7120000000	n/a	n/a	STATUS	n/a	n/a	D255
893.7160000000	n/a	n/a	STATUS	n/a	n/a	DIN4
893.7680000000	n/a	n/a	STATUS	n/a	n/a	D255
894.5200000000	n/a	n/a	STATUS	n/a	n/a	DIN5
894.5720000000	n/a	n/a	STATUS	n/a	n/a	D255
894.9720000000	n/a	n/a	STATUS	n/a	n/a	D115
895.0200000000	n/a	n/a	STATUS	n/a	n/a	D255
895.0600000000	n/a	n/a	STATUS	n/a	n/a	DI53
895.1080000000	n/a	n/a	STATUS	n/a	n/a	D255
895.4240000000	n/a	n/a	STATUS	n/a	n/a	DI43
895.4760000000	n/a	n/a	STATUS	n/a	n/a	D255
895.7360000000	n/a	n/a	STATUS	n/a	n/a	DIN5
895.7840000000	n/a	n/a	STATUS	n/a	n/a	D255
896.1160000000	n/a	n/a	STATUS	n/a	n/a	D108
896.1640000000	n/a	n/a	STATUS	n/a	n/a	D255
896.2040000000	n/a	n/a	STATUS	n/a	n/a	DI53
896.2520000000	n/a	n/a	STATUS	n/a	n/a	D255
896.6080000000	n/a	n/a	STATUS	n/a	n/a	DI43
896.6600000000	n/a	n/a	STATUS	n/a	n/a	D255
896.9200000000	n/a	n/a	STATUS	n/a	n/a	DIN5
896.9680000000	n/a	n/a	STATUS	n/a	n/a	D255
897.4320000000	n/a	n/a	STATUS	n/a	n/a	D129
897.4840000000	n/a	n/a	STATUS	n/a	n/a	D255
897.5200000000	n/a	n/a	STATUS	n/a	n/a	DI54
897.5720000000	n/a	n/a	STATUS	n/a	n/a	D255
897.8720000000	n/a	n/a	STATUS	n/a	n/a	DI34
897.9240000000	n/a	n/a	STATUS	n/a	n/a	D255
898.1840000000	n/a	n/a	STATUS	n/a	n/a	DIN5
898.2320000000	n/a	n/a	STATUS	n/a	n/a	D255
898.6760000000	n/a	n/a	STATUS	n/a	n/a	D231
898.7280000000	n/a	n/a	STATUS	n/a	n/a	D255
898.7640000000	n/a	n/a	STATUS	n/a	n/a	DI51
898.8160000000	n/a	n/a	STATUS	n/a	n/a	D255
899.0680000000	n/a	n/a	STATUS	n/a	n/a	DI21
899.1200000000	n/a	n/a	STATUS	n/a	n/a	D255
899.1240000000	n/a	n/a	STATUS	n/a	n/a	DIN4
899.1720000000	n/a	n/a	STATUS	n/a	n/a	D255
899.9280000000	n/a	n/a	STATUS	n/a	n/a	DIN5
899.9800000000	n/a	n/a	STATUS	n/a	n/a	D255
900.3880000000	n/a	n/a	STATUS	n/a	n/a	D237
900.4360000000	n/a	n/a	STATUS	n/a	n/a	D255
900.4760000000	n/a	n/a	STATUS	n/a	n/a	DI53
900.5240000000	n/a	n/a	STATUS	n/a	n/a	D255
900.8920000000	n/a	n/a	STATUS	n/a	n/a	DI43
900.9400000000	n/a	n/a	STATUS	n/a	n/a	D255
901.2000000000	n/a	n/a	STATUS	n/a	n/a	DIN5
901.2480000000	n/a	n/a	STATUS	n/a	n/a	D255
901.7080000000	n/a	n/a	STATUS	n/a	n/a	D174
901.7600000000	n/a	n/a	STATUS	n/a	n/a	D255
901.7960000000	n/a	n/a	STATUS	n/a	n/a	DI51
901.8480000000	n/a	n/a	STATUS	n/a	n/a	D255
902.1960000000	n/a	n/a	STATUS	n/a	n/a	DI31
902.2480000000	n/a	n/a	STATUS	n/a	n/a	D255
902.5080000000	n/a	n/a	STATUS	n/a	n/a	DIN5
902.5560000000	n/a	n/a	STATUS	n/a	n/a	D255
903.0080000000	n/a	n/a	STATUS	n/a	n/a	D107
903.0560000000	n/a	n/a	STATUS	n/a	n/a	D255
903.0920000000	n/a	n/a	STATUS	n/a	n/a	DI54
903.1440000000	n/a	n/a	STATUS	n/a	n/a	D255
903.4800000000	n/a	n/a	STATUS	n/a	n/a	DI34
903.5280000000	n/a	n/a	STATUS	n/a	n/a	D255
903.7880000000	n/a	n/a	STATUS	n/a	n/a	DIN5
903.8400000000	n/a	n/a	STATUS	n/a	n/a	D255
904.2240000000	n/a	n/a	STATUS	n/a	n/a	D114
904.2720000000	n/a	n/a	STATUS	n/a	n/a	D255
904.3120000000	n/a	n/a	STATUS	n/a	n/a	DI52
904.3600000000	n/a	n/a	STATUS	n/a	n/a	D255
904.8000000000	n/a	n/a	STATUS	n/a	n/a	DI42
904.8520000000	n/a	n/a	STATUS	n/a	n/a	D255
921.4920000000	n/a	n/a	STATUS	n/a	n/a	DIN5
921.5400000000	n/a	n/a	STATUS	n/a	n/a	D255
922.0000000000	n/a	n/a	STATUS	n/a	n/a	D157
922.0520000000	n/a	n/a	STATUS	n/a	n/a	D255
922.0880000000	n/a	n/a	STATUS	n/a	n/a	DI53
922.1400000000	n/a	n/a	STATUS	n/a	n/a	D255
922.4320000000	n/a	n/a	STATUS	n/a	n/a	DI43
922.4800000000	n/a	n/a	STATUS	n/a	n/a	D255
922.7400000000	n/a	n/a	STATUS	n/a	n/a	DIN5
922.7880000000	n/a	n/a	STATUS	n/a	n/a	D255
923.1520000000	n/a	n/a	STATUS	n/a	n/a	D146
923.2040000000	n/a	n/a	STATUS	n/a	n/a	D255
923.2440000000	n/a	n/a	STATUS	n/a	n/a	DI53
923.2920000000	n/a	n/a	STATUS	n/a	n/a	D255
923.5840000000	n/a	n/a	STATUS	n/a	n/a	DI43
923.6320000000	n/a	n/a	STATUS	n/a	n/a	D255
923.8920000000	n/a	n/a	STATUS	n/a	n/a	DIN5
923.9440000000	n/a	n/a	STATUS	n/a	n/a	D255
924.4320000000	n/a	n/a	STATUS	n/a	n/a	D128
924.4840000000	n/a	n/a	STATUS	n/a	n/a	D255
924.5200000000	n/a	n/a	STATUS	n/a	n/a	DI51
924.5680000000	n/a	n/a	STATUS	n/a	n/a	D255
924.8760000000	n/a	n/a	STATUS	n/a	n/a	DI31
924.9240000000	n/a	n/a	STATUS	n/a	n/a	D255
925.1840000000	n/a	n/a	STATUS	n/a	n/a	DIN5
925.2320000000	n/a	n/a	STATUS	n/a	n/a	D255
925.5720000000	n/a	n/a	STATUS	n/a	n/a	D194
925.6240000000	n/a	n/a	STATUS	n/a	n/a	D255
925.6600000000	n/a	n/a	STATUS	n/a	n/a	DI51
925.7120000000	n/a	n/a	STATUS	n/a	n/a	D255
926.0920000000	n/a	n/a	STATUS	n/a	n/a	DI31
926.1440000000	n/a	n/a	STATUS	n/a	n/a	D255
926.4000000000	n/a	n/a	STATUS	n/a	n/a	DIN5
926.4520000000	n/a	n/a	STATUS	n/a	n/a	D255
926.7680000000	n/a	n/a	STATUS	n/a	n/a	D186
926.8160000000	n/a	n/a	STATUS	n/a	n/a	D255
926.8560000000	n/a	n/a	STATUS	n/a	n/a	DI51
926.9040000000	n/a	n/a	STATUS	n/a	n/a	D255
927.2400000000	n/a	n/a	STATUS	n/a	n/a	DI31
927.2920000000	n/a	n/a	STATUS	n/a	n/a	D255
927.5480000000	n/a	n/a	STATUS	n/a	n/a	DIN5
927.6000000000	n/a	n/a	STATUS	n/a	n/a	D255
927.9480000000	n/a	n/a	STATUS	n/a	n/a	D125
928.0000000000	n/a	n/a	STATUS	n/a	n/a	D255
928.0360000000	n/a	n/a	STATUS	n/a	n/a	DI54
928.0880000000	n/a	n/a	STATUS	n/a	n/a	D255
928.4200000000	n/a	n/a	STATUS	n/a	n/a	DI34
928.4720000000	n/a	n/a	STATUS	n/a	n/a	D255
928.7280000000	n/a	n/a	STATUS	n/a	n/a	DIN5
928.7800000000	n/a	n/a	STATUS	n/a	n/a	D255
929.1960000000	n/a	n/a	STATUS	n/a	n/a	D165
929.2440000000	n/a	n/a	STATUS	n/a	n/a	D255
929.2800000000	n/a	n/a	STATUS	n/a	n/a	DI52
929.3320000000	n/a	n/a	STATUS	n/a	n/a	D255
929.6640000000	n/a	n/a	STATUS	n/a	n/a	DI42
929.7160000000	n/a	n/a	STATUS	n/a	n/a	D255
929.9760000000	n/a	n/a	STATUS	n/a	n/a	DIN5
930.0240000000	n/a	n/a	STATUS	n/a	n/a	D255
930.5080000000	n/a	n/a	STATUS	n/a	n/a	D193
930.5600000000	n/a	n/a	STATUS	n/a	n/a	D255
930.5960000000	n/a	n/a	STATUS	n/a	n/a	DI52
930.6480000000	n/a	n/a	STATUS	n/a	n/a	D255
930.9720000000	n/a	n/a	STATUS	n/a	n/a	DI42
931.0240000000	n/a	n/a	STATUS	n/a	n/a	D255
931.2800000000	n/a	n/a	STATUS	n/a	n/a	DIN5
931.3320000000	n/a	n/a	STATUS	n/a	n/a	D255
931.8120000000	n/a	n/a	STATUS	n/a	n/a	DI96
931.8600000000	n/a	n/a	STATUS	n/a	n/a	D255
931.9000000000	n/a	n/a	STATUS	n/a	n/a	DI51
931.9480000000	n/a	n/a	STATUS	n/a	n/a	D255
932.1760000000	n/a	n/a	STATUS	n/a	n/a	DI21
932.2240000000	n/a	n/a	STATUS	n/a	n/a	D255
932.2280000000	n/a	n/a	STATUS	n/a	n/a	DIN4
932.2800000000	n/a	n/a	STATUS	n/a	n/a	D255
933.0320000000	n/a	n/a	STATUS	n/a	n/a	DIN5
933.0840000000	n/a	n/a	STATUS	n/a	n/a	D255
933.4520000000	n/a	n/a	STATUS	n/a	n/a	DI89
933.5040000000	n/a	n/a	STATUS	n/a	n/a	D255
933.5400000000	n/a	n/a	STATUS	n/a	n/a	DI52
933.5920000000	n/a	n/a	STATUS	n/a	n/a	D255
933.9800000000	n/a	n/a	STATUS	n/a	n/a	DI42
934.0280000000	n/a	n/a	STATUS	n/a	n/a	D255
934.2880000000	n/a	n/a	STATUS	n/a	n/a	DIN5
934.3400000000	n/a	n/a	STATUS	n/a	n/a	D255
934.7720000000	n/a	n/a	STATUS	n/a	n/a	D204
934.8240000000	n/a	n/a	STATUS	n/a	n/a	D255
934.8600000000	n/a	n/a	STATUS	n/a	n/a	DI51
934.9120000000	n/a	n/a	STATUS	n/a	n/a	D255
935.2040000000	n/a	n/a	STATUS	n/a	n/a	DI31
935.2560000000	n/a	n/a	STATUS	n/a	n/a	D255
935.5120000000	n/a	n/a	STATUS	n/a	n/a	DIN5
935.5640000000	n/a	n/a	STATUS	n/a	n/a	D255
936.0600000000	n/a	n/a	STATUS	n/a	n/a	DI73
936.1080000000	n/a	n/a	STATUS	n/a	n/a	D255
936.1480000000	n/a	n/a	STATUS	n/a	n/a	DI53
936.1960000000	n/a	n/a	STATUS	n/a	n/a	D255
936.4720000000	n/a	n/a	STATUS	n/a	n/a	DI43
936.5200000000	n/a	n/a	STATUS	n/a	n/a	D255
936.7800000000	n/a	n/a	STATUS	n/a	n/a	DIN5
936.8280000000	n/a	n/a	STATUS	n/a	n/a	D255
937.1800000000	n/a	n/a	STATUS	n/a	n/a	DI99
937.2280000000	n/a	n/a	STATUS	n/a	n/a	D255
937.2640000000	n/a	n/a	STATUS	n/a	n/a	DI51
937.3160000000	n/a	n/a	STATUS	n/a	n/a	D255
937.6600000000	n/a	n/a	STATUS	n/a	n/a	DI31
937.7080000000	n/a	n/a	STATUS	n/a	n/a	D255
937.9680000000	n/a	n/a	STATUS	n/a	n/a	DIN5
938.0200000000	n/a	n/a	STATUS	n/a	n/a	D255
938.3760000000	n/a	n/a	STATUS	n/a	n/a	D170
938.4240000000	n/a	n/a	STATUS	n/a	n/a	D255
938.4640000000	n/a	n/a	STATUS	n/a	n/a	DI53
938.5120000000	n/a	n/a	STATUS	n/a	n/a	D255
938.8120000000	n/a	n/a	STATUS	n/a	n/a	DI43
938.8640000000	n/a	n/a	STATUS	n/a	n/a	D255
939.1240000000	n/a	n/a	STATUS	n/a	n/a	DIN5
939.1720000000	n/a	n/a	STATUS	n/a	n/a	D255
939.6440000000	n/a	n/a	STATUS	n/a	n/a	D109
939.6960000000	n/a	n/a	STATUS	n/a	n/a	D255
939.7320000000	n/a	n/a	STATUS	n/a	n/a	DI53
939.7800000000	n/a	n/a	STATUS	n/a	n/a	D255
940.0680000000	n/a	n/a	STATUS	n/a	n/a	DI43
940.1200000000	n/a	n/a	STATUS	n/a	n/a	D255
940.3760000000	n/a	n/a	STATUS	n/a	n/a	DIN5
940.4280000000	n/a	n/a	STATUS	n/a	n/a	D255
940.9280000000	n/a	n/a	STATUS	n/a	n/a	D231
940.9760000000	n/a	n/a	STATUS	n/a	n/a	D255
941.0160000000	n/a	n/a	STATUS	n/a	n/a	DI51
941.0640000000	n/a	n/a	STATUS	n/a	n/a	D255
941.3680000000	n/a	n/a	STATUS	n/a	n/a	DI31
941.4160000000	n/a	n/a	STATUS	n/a	n/a	D255
941.6760000000	n/a	n/a	STATUS	n/a	n/a	DIN5
941.7240000000	n/a	n/a	STATUS	n/a	n/a	D255
942.1440000000	n/a	n/a	STATUS	n/a	n/a	D224
942.1960000000	n/a	n/a	STATUS	n/a	n/a	D255
942.2320000000	n/a	n/a	STATUS	n/a	n/a	DI51
942.2840000000	n/a	n/a	STATUS	n/a	n/a	D255
942.6000000000	n/a	n/a	STATUS	n/a	n/a	DI31
942.6480000000	n/a	n/a	STATUS	n/a	n/a	D255
942.9080000000	n/a	n/a	STATUS	n/a	n/a	DIN5
942.9600000000	n/a	n/a	STATUS	n/a	n/a	D255
943.4640000000	n/a	n/a	STATUS	n/a	n/a	D139
943.5120000000	n/a	n/a	STATUS	n/a	n/a	D255
943.5520000000	n/a	n/a	STATUS	n/a	n/a	DI51
943.6000000000	n/a	n/a	STATUS	n/a	n/a	D255
944.0000000000	n/a	n/a	STATUS	n/a	n/a	DI31
944.0520000000	n/a	n/a	STATUS	n/a	n/a	D255
944.3080000000	n/a	n/a	STATUS	n/a	n/a	DIN5
944.3600000000	n/a	n/a	STATUS	n/a	n/a	D255
944.7520000000	n/a	n/a	STATUS	n/a	n/a	DI91
944.8040000000	n/a	n/a	STATUS	n/a	n/a	D255
944.8400000000	n/a	n/a	STATUS	n/a	n/a	DI52
944.8920000000	n/a	n/a	STATUS	n/a	n/a	D255
945.2440000000	n/a	n/a	STATUS	n/a	n/a	DI42
945.2920000000	n/a	n/a	STATUS	n/a	n/a	D255
945.5520000000	n/a	n/a	STATUS	n/a	n/a	DIN5
945.6040000000	n/a	n/a	STATUS	n/a	n/a	D255
946.0920000000	n/a	n/a	STATUS	n/a	n/a	D138
946.1440000000	n/a	n/a	STATUS	n/a	n/a	D255
946.1800000000	n/a	n/a	STATUS	n/a	n/a	DI53
946.2320000000	n/a	n/a	STATUS	n/a	n/a	D255
946.5280000000	n/a	n/a	STATUS	n/a	n/a	DI43
946.5760000000	n/a	n/a	STATUS	n/a	n/a	D255
946.8360000000	n/a	n/a	STATUS	n/a	n/a	DIN5
946.8840000000	n/a	n/a	STATUS	n/a	n/a	D255
947.2960000000	n/a	n/a	STATUS	n/a	n/a	D142
947.3440000000	n/a	n/a	STATUS	n/a	n/a	D255
947.3840000000	n/a	n/a	STATUS	n/a	n/a	DI54
947.4360000000	n/a	n/a	STATUS	n/a	n/a	D255
947.7360000000	n/a	n/a	STATUS	n/a	n/a	DI34
947.7840000000	n/a	n/a	STATUS	n/a	n/a	D255
948.0400000000	n/a	n/a	STATUS	n/a	n/a	DIN5
948.0920000000	n/a	n/a	STATUS	n/a	n/a	D255
948.5720000000	n/a	n/a	STATUS	n/a	n/a	D225
948.6240000000	n/a	n/a	STATUS	n/a	n/a	D255
948.6600000000	n/a	n/a	STATUS	n/a	n/a	DI53
948.7080000000	n/a	n/a	STATUS	n/a	n/a	D255
948.9920000000	n/a	n/a	STATUS	n/a	n/a	DI43
949.0400000000	n/a	n/a	STATUS	n/a	n/a	D255
949.3000000000	n/a	n/a	STATUS	n/a	n/a	DIN5
949.3480000000	n/a	n/a	STATUS	n/a	n/a	D231
949.3520000000	n/a	n/a	STATUS	n/a	n/a	D255
949.7200000000	n/a	n/a	STATUS	n/a	n/a	D176
949.7680000000	n/a	n/a	STATUS	n/a	n/a	D255
949.8040000000	n/a	n/a	STATUS	n/a	n/a	DI51
949.8560000000	n/a	n/a	STATUS	n/a	n/a	D255
950.1400000000	n/a	n/a	STATUS	n/a	n/a	DI31
950.1880000000	n/a	n/a	STATUS	n/a	n/a	D255
950.4480000000	n/a	n/a	STATUS	n/a	n/a	DIN5
950.5000000000	n/a	n/a	STATUS	n/a	n/a	D255
950.9840000000	n/a	n/a	STATUS	n/a	n/a	D173
951.0320000000	n/a	n/a	STATUS	n/a	n/a	D255
951.0720000000	n/a	n/a	STATUS	n/a	n/a	DI54
951.1240000000	n/a	n/a	STATUS	n/a	n/a	D255
951.3880000000	n/a	n/a	STATUS	n/a	n/a	DI34
951.4360000000	n/a	n/a	STATUS	n/a	n/a	D255
951.6960000000	n/a	n/a	STATUS	n/a	n/a	DIN5
951.7480000000	n/a	n/a	STATUS	n/a	n/a	D255
952.1920000000	n/a	n/a	STATUS	n/a	n/a	D124
952.2400000000	n/a	n/a	STATUS	n/a	n/a	D255
952.2800000000	n/a	n/a	STATUS	n/a	n/a	DI53
952.3280000000	n/a	n/a	STATUS	n/a	n/a	D255
952.6280000000	n/a	n/a	STATUS	n/a	n/a	DI43
952.6760000000	n/a	n/a	STATUS	n/a	n/a	D255
952.9360000000	n/a	n/a	STATUS	n/a	n/a	DIN5
952.9880000000	n/a	n/a	STATUS	n/a	n/a	D255
953.4920000000	n/a	n/a	STATUS	n/a	n/a	D154
953.5400000000	n/a	n/a	STATUS	n/a	n/a	D255
953.5800000000	n/a	n/a	STATUS	n/a	n/a	DI52
953.6280000000	n/a	n/a	STATUS	n/a	n/a	D255
953.9840000000	n/a	n/a	STATUS	n/a	n/a	DI42
954.0360000000	n/a	n/a	STATUS	n/a	n/a	D255
954.2920000000	n/a	n/a	STATUS	n/a	n/a	DIN5
954.3440000000	n/a	n/a	STATUS	n/a	n/a	D255
954.7880000000	n/a	n/a	STATUS	n/a	n/a	D214
954.8400000000	n/a	n/a	STATUS	n/a	n/a	D255
954.8760000000	n/a	n/a	STATUS	n/a	n/a	DI54
954.9240000000	n/a	n/a	STATUS	n/a	n/a	D255
955.2200000000	n/a	n/a	STATUS	n/a	n/a	DI34
955.2720000000	n/a	n/a	STATUS	n/a	n/a	D255
955.5320000000	n/a	n/a	STATUS	n/a	n/a	DIN5
955.5800000000	n/a	n/a	STATUS	n/a	n/a	D255
956.0640000000	n/a	n/a	STATUS	n/a	n/a	D236
956.1160000000	n/a	n/a	STATUS	n/a	n/a	D255
956.1520000000	n/a	n/a	STATUS	n/a	n/a	DI53
956.2040000000	n/a	n/a	STATUS	n/a	n/a	D255
956.4840000000	n/a	n/a	STATUS	n/a	n/a	DI43
956.5320000000	n/a	n/a	STATUS	n/a	n/a	D255
956.7920000000	n/a	n/a	STATUS	n/a	n/a	DIN5
956.8440000000	n/a	n/a	STATUS	n/a	n/a	D255
957.2840000000	n/a	n/a	STATUS	n/a	n/a	D216
957.3320000000	n/a	n/a	STATUS	n/a	n/a	D255
957.3720000000	n/a	n/a	STATUS	n/a	n/a	DI54
957.4200000000	n/a	n/a	STATUS	n/a	n/a	D255
957.6640000000	n/a	n/a	STATUS	n/a	n/a	DI34
957.7160000000	n/a	n/a	STATUS	n/a	n/a	D255
957.9720000000	n/a	n/a	STATUS	n/a	n/a	DIN5
958.0240000000	n/a	n/a	STATUS	n/a	n/a	D255
958.3680000000	n/a	n/a	STATUS	n/a	n/a	D252
958.4200000000	n/a	n/a	STATUS	n/a	n/a	D255
958.4560000000	n/a	n/a	STATUS	n/a	n/a	DI53
958.5080000000	n/a	n/a	STATUS	n/a	n/a	D255
958.7680000000	n/a	n/a	STATUS	n/a	n/a	DI43
958.8200000000	n/a	n/a	STATUS	n/a	n/a	D255
959.0800000000	n/a	n/a	STATUS	n/a	n/a	DIN5
959.1280000000	n/a	n/a	STATUS	n/a	n/a	D255
959.4880000000	n/a	n/a	STATUS	n/a	n/a	D105
959.5360000000	n/a	n/a	STATUS	n/a	n/a	D255
959.5760000000	n/a	n/a	STATUS	n/a	n/a	DI53
959.6240000000	n/a	n/a	STATUS	n/a	n/a	D255
959.9160000000	n/a	n/a	STATUS	n/a	n/a	DI43
959.9640000000	n/a	n/a	STATUS	n/a	n/a	D255
960.2240000000	n/a	n/a	STATUS	n/a	n/a	DIN5
960.2720000000	n/a	n/a	STATUS	n/a	n/a	D255
960.7600000000	n/a	n/a	STATUS	n/a	n/a	D196
960.8080000000	n/a	n/a	STATUS	n/a	n/a	D255
960.8480000000	n/a	n/a	STATUS	n/a	n/a	DI54
960.8960000000	n/a	n/a	STATUS	n/a	n/a	D255
961.1440000000	n/a	n/a	STATUS	n/a	n/a	DI34
961.1960000000	n/a	n/a	STATUS	n/a	n/a	D255
961.4520000000	n/a	n/a	STATUS	n/a	n/a	DIN5
961.5040000000	n/a	n/a	STATUS	n/a	n/a	D255
961.8680000000	n/a	n/a	STATUS	n/a	n/a	DI83
961.9200000000	n/a	n/a	STATUS	n/a	n/a	D255
961.9560000000	n/a	n/a	STATUS	n/a	n/a	DI52
962.0080000000	n/a	n/a	STATUS	n/a	n/a	D255
962.3560000000	n/a	n/a	STATUS	n/a	n/a	DI42
962.4080000000	n/a	n/a	STATUS	n/a	n/a	D255
962.6640000000	n/a	n/a	STATUS	n/a	n/a	DIN5
962.7160000000	n/a	n/a	STATUS	n/a	n/a	D255
963.2120000000	n/a	n/a	STATUS	n/a	n/a	D229
963.2600000000	n/a	n/a	STATUS	n/a	n/a	D255
963.3000000000	n/a	n/a	STATUS	n/a	n/a	DI54
963.3480000000	n/a	n/a	STATUS	n/a	n/a	D255
963.7200000000	n/a	n/a	STATUS	n/a	n/a	DI34
963.7680000000	n/a	n/a	STATUS	n/a	n/a	D255
964.0280000000	n/a	n/a	STATUS	n/a	n/a	DIN5
964.0800000000	n/a	n/a	STATUS	n/a	n/a	D255
964.5760000000	n/a	n/a	STATUS	n/a	n/a	D127
964.6280000000	n/a	n/a	STATUS	n/a	n/a	D255
964.6640000000	n/a	n/a	STATUS	n/a	n/a	DI54
964.7160000000	n/a	n/a	STATUS	n/a	n/a	D255
965.0320000000	n/a	n/a	STATUS	n/a	n/a	DI24
965.0800000000	n/a	n/a	STATUS	n/a	n/a	D255
965.0840000000	n/a	n/a	STATUS	n/a	n/a	DIN4
965.1360000000	n/a	n/a	STATUS	n/a	n/a	D255
965.8920000000	n/a	n/a	STATUS	n/a	n/a	DIN5
965.9400000000	n/a	n/a	STATUS	n/a	n/a	D255
966.2560000000	n/a	n/a	STATUS	n/a	n/a	D218
966.3040000000	n/a	n/a	STATUS	n/a	n/a	D255
966.3440000000	n/a	n/a	STATUS	n/a	n/a	DI54
966.3920000000	n/a	n/a	STATUS	n/a	n/a	D255
966.6280000000	n/a	n/a	STATUS	n/a	n/a	DI34
966.6800000000	n/a	n/a	STATUS	n/a	n/a	D255
966.9360000000	n/a	n/a	STATUS	n/a	n/a	DIN5
966.9880000000	n/a	n/a	STATUS	n/a	n/a	D255
967.3000000000	n/a	n/a	STATUS	n/a	n/a	D107
967.3520000000	n/a	n/a	STATUS	n/a	n/a	D255
967.3880000000	n/a	n/a	STATUS	n/a	n/a	DI54
967.4400000000	n/a	n/a	STATUS	n/a	n/a	D255
967.7720000000	n/a	n/a	STATUS	n/a	n/a	DI34
967.8200000000	n/a	n/a	STATUS	n/a	n/a	D255
968.0800000000	n/a	n/a	STATUS	n/a	n/a	DIN5
968.1320000000	n/a	n/a	STATUS	n/a	n/a	D255
968.4360000000	n/a	n/a	STATUS	n/a	n/a	DI67
968.4840000000	n/a	n/a	STATUS	n/a	n/a	D255
968.5240000000	n/a	n/a	STATUS	n/a	n/a	DI51
968.5720000000	n/a	n/a	STATUS	n/a	n/a	D255
968.8560000000	n/a	n/a	STATUS	n/a	n/a	DI21
968.9040000000	n/a	n/a	STATUS	n/a	n/a	D255
968.9120000000	n/a	n/a	STATUS	n/a	n/a	DIN4
968.9600000000	n/a	n/a	STATUS	n/a	n/a	D255
969.7160000000	n/a	n/a	STATUS	n/a	n/a	DIN5
969.7640000000	n/a	n/a	STATUS	n/a	n/a	D255
970.2000000000	n/a	n/a	STATUS	n/a	n/a	D147
970.2480000000	n/a	n/a	STATUS	n/a	n/a	D255
970.2880000000	n/a	n/a	STATUS	n/a	n/a	DI51
970.3360000000	n/a	n/a	STATUS	n/a	n/a	D255
970.7200000000	n/a	n/a	STATUS	n/a	n/a	DI31
970.7720000000	n/a	n/a	STATUS	n/a	n/a	D255
971.0280000000	n/a	n/a	STATUS	n/a	n/a	DIN5
971.0800000000	n/a	n/a	STATUS	n/a	n/a	D255
971.5080000000	n/a	n/a	STATUS	n/a	n/a	D226
971.5600000000	n/a	n/a	STATUS	n/a	n/a	D255
971.5960000000	n/a	n/a	STATUS	n/a	n/a	DI51
971.6480000000	n/a	n/a	STATUS	n/a	n/a	D255
971.9720000000	n/a	n/a	STATUS	n/a	n/a	DI31
972.0240000000	n/a	n/a	STATUS	n/a	n/a	D255
972.2840000000	n/a	n/a	STATUS	n/a	n/a	DIN5
972.3320000000	n/a	n/a	STATUS	n/a	n/a	D255
972.7400000000	n/a	n/a	STATUS	n/a	n/a	DI84
972.7920000000	n/a	n/a	STATUS	n/a	n/a	D255
972.8280000000	n/a	n/a	STATUS	n/a	n/a	DI51
972.8800000000	n/a	n/a	STATUS	n/a	n/a	D255
973.1920000000	n/a	n/a	STATUS	n/a	n/a	DI31
973.2400000000	n/a	n/a	STATUS	n/a	n/a	D255
973.5000000000	n/a	n/a	STATUS	n/a	n/a	DIN5
973.5480000000	n/a	n/a	STATUS	n/a	n/a	D255
973.9200000000	n/a	n/a	STATUS	n/a	n/a	D118
973.9680000000	n/a	n/a	STATUS	n/a	n/a	D255
974.0080000000	n/a	n/a	STATUS	n/a	n/a	DI54
974.0560000000	n/a	n/a	STATUS	n/a	n/a	D255
974.3760000000	n/a	n/a	STATUS	n/a	n/a	DI34
974.4280000000	n/a	n/a	STATUS	n/a	n/a	D255
974.6880000000	n/a	n/a	STATUS	n/a	n/a	DIN5
974.7360000000	n/a	n/a	STATUS	n/a	n/a	D255
975.1280000000	n/a	n/a	STATUS	n/a	n/a	D239
975.1760000000	n/a	n/a	STATUS	n/a	n/a	D255
975.2120000000	n/a	n/a	STATUS	n/a	n/a	DI52
975.2640000000	n/a	n/a	STATUS	n/a	n/a	D255
975.5080000000	n/a	n/a	STATUS	n/a	n/a	DI12
975.5600000000	n/a	n/a	STATUS	n/a	n/a	DI77
975.5600000000	n/a	n/a	STATUS	n/a	n/a	D255
975.5640000000	n/a	n/a	STATUS	n/a	n/a	DIN4
975.6120000000	n/a	n/a	STATUS	n/a	n/a	D255
976.3680000000	n/a	n/a	STATUS	n/a	n/a	DIN5
976.4200000000	n/a	n/a	STATUS	n/a	n/a	D255
976.7760000000	n/a	n/a	STATUS	n/a	n/a	D206
976.8280000000	n/a	n/a	STATUS	n/a	n/a	D255
976.8640000000	n/a	n/a	STATUS	n/a	n/a	DI52
976.9160000000	n/a	n/a	STATUS	n/a	n/a	D255
977.2680000000	n/a	n/a	STATUS	n/a	n/a	DI12
977.3200000000	n/a	n/a	STATUS	n/a	n/a	D255
977.3240000000	n/a	n/a	STATUS	n/a	n/a	DIN4
977.3720000000	n/a	n/a	STATUS	n/a	n/a	D255
978.1280000000	n/a	n/a	STATUS	n/a	n/a	DIN5
978.1760000000	n/a	n/a	STATUS	n/a	n/a	D255
978.6240000000	n/a	n/a	STATUS	n/a	n/a	D115
978.6720000000	n/a	n/a	STATUS	n/a	n/a	D255
978.7120000000	n/a	n/a	STATUS	n/a	n/a	DI53
978.7600000000	n/a	n/a	STATUS	n/a	n/a	D255
979.0480000000	n/a	n/a	STATUS	n/a	n/a	DI43
979.0960000000	n/a	n/a	STATUS	n/a	n/a	D255
979.3560000000	n/a	n/a	STATUS	n/a	n/a	DIN5
979.4040000000	n/a	n/a	STATUS	n/a	n/a	D255
979.8000000000	n/a	n/a	STATUS	n/a	n/a	D254
979.8520000000	n/a	n/a	STATUS	n/a	n/a	D255
979.8880000000	n/a	n/a	STATUS	n/a	n/a	DI53
979.9360000000	n/a	n/a	STATUS	n/a	n/a	D255
980.2680000000	n/a	n/a	STATUS	n/a	n/a	DI43
980.3200000000	n/a	n/a	STATUS	n/a	n/a	D255
980.5800000000	n/a	n/a	STATUS	n/a	n/a	DIN5
980.6280000000	n/a	n/a	STATUS	n/a	n/a	D255
981.0120000000	n/a	n/a	STATUS	n/a	n/a	D144
981.0640000000	n/a	n/a	STATUS	n/a	n/a	D255
981.1000000000	n/a	n/a	STATUS	n/a	n/a	DI54
981.1480000000	n/a	n/a	STATUS	n/a	n/a	D255
981.4360000000	n/a	n/a	STATUS	n/a	n/a	DI34
981.4840000000	n/a	n/a	STATUS	n/a	n/a	D255
981.7440000000	n/a	n/a	STATUS	n/a	n/a	DIN5
981.7960000000	n/a	n/a	STATUS	n/a	n/a	D255
982.2480000000	n/a	n/a	STATUS	n/a	n/a	D183
982.3000000000	n/a	n/a	STATUS	n/a	n/a	D255
982.3360000000	n/a	n/a	STATUS	n/a	n/a	DI54
982.3880000000	n/a	n/a	STATUS	n/a	n/a	D255
982.6720000000	n/a	n/a	STATUS	n/a	n/a	DI34
982.7240000000	n/a	n/a	STATUS	n/a	n/a	D255
982.9800000000	n/a	n/a	STATUS	n/a	n/a	DIN5
983.0320000000	n/a	n/a	STATUS	n/a	n/a	D255
983.4800000000	n/a	n/a	STATUS	n/a	n/a	D244
983.5320000000	n/a	n/a	STATUS	n/a	n/a	D255
983.5680000000	n/a	n/a	STATUS	n/a	n/a	DI52
983.6200000000	n/a	n/a	STATUS	n/a	n/a	D255
984.1160000000	n/a	n/a	STATUS	n/a	n/a	DI42
984.1680000000	n/a	n/a	STATUS	n/a	n/a	D255
984.4280000000	n/a	n/a	STATUS	n/a	n/a	DIN5
984.4760000000	n/a	n/a	STATUS	n/a	n/a	D255
984.9000000000	n/a	n/a	STATUS	n/a	n/a	D149
984.9520000000	n/a	n/a	STATUS	n/a	n/a	D255
984.9880000000	n/a	n/a	STATUS	n/a	n/a	DI52
985.0400000000	n/a	n/a	STATUS	n/a	n/a	D255
985.4000000000	n/a	n/a	STATUS	n/a	n/a	DI42
985.4520000000	n/a	n/a	STATUS	n/a	n/a	D255
985.7080000000	n/a	n/a	STATUS	n/a	n/a	DIN5
985.7600000000	n/a	n/a	STATUS	n/a	n/a	D255
986.0800000000	n/a	n/a	STATUS	n/a	n/a	DI85
986.1280000000	n/a	n/a	STATUS	n/a	n/a	D255
986.1680000000	n/a	n/a	STATUS	n/a	n/a	DI52
986.2160000000	n/a	n/a	STATUS	n/a	n/a	D255
986.6040000000	n/a	n/a	STATUS	n/a	n/a	DI42
986.6520000000	n/a	n/a	STATUS	n/a	n/a	D255
986.9120000000	n/a	n/a	STATUS	n/a	n/a	DIN5
986.9600000000	n/a	n/a	STATUS	n/a	n/a	D255
987.3160000000	n/a	n/a	STATUS	n/a	n/a	D104
987.3680000000	n/a	n/a	STATUS	n/a	n/a	D255
987.4040000000	n/a	n/a	STATUS	n/a	n/a	DI54
987.4520000000	n/a	n/a	STATUS	n/a	n/a	D255
987.8320000000	n/a	n/a	STATUS	n/a	n/a	DI34
987.8840000000	n/a	n/a	STATUS	n/a	n/a	D255
988.1400000000	n/a	n/a	STATUS	n/a	n/a	DIN5
988.1920000000	n/a	n/a	STATUS	n/a	n/a	D255
988.5000000000	n/a	n/a	STATUS	n/a	n/a	D207
988.5520000000	n/a	n/a	STATUS	n/a	n/a	D255
988.5880000000	n/a	n/a	STATUS	n/a	n/a	DI54
988.6400000000	n/a	n/a	STATUS	n/a	n/a	D255
989.1160000000	n/a	n/a	STATUS	n/a	n/a	DI34
989.1640000000	n/a	n/a	STATUS	n/a	n/a	D255
989.4240000000	n/a	n/a	STATUS	n/a	n/a	DIN5
989.4760000000	n/a	n/a	STATUS	n/a	n/a	D255
989.8840000000	n/a	n/a	STATUS	n/a	n/a	D184
989.9360000000	n/a	n/a	STATUS	n/a	n/a	D255
989.9720000000	n/a	n/a	STATUS	n/a	n/a	DI53
990.0200000000	n/a	n/a	STATUS	n/a	n/a	D255
990.5480000000	n/a	n/a	STATUS	n/a	n/a	DI43
990.6000000000	n/a	n/a	STATUS	n/a	n/a	D255
990.8560000000	n/a	n/a	STATUS	n/a	n/a	DIN5
990.9080000000	n/a	n/a	STATUS	n/a	n/a	D255
991.2960000000	n/a	n/a	STATUS	n/a	n/a	D112
991.3480000000	n/a	n/a	STATUS	n/a	n/a	D255
991.3840000000	n/a	n/a	STATUS	n/a	n/a	DI53
991.4360000000	n/a	n/a	STATUS	n/a	n/a	D255
991.7800000000	n/a	n/a	STATUS	n/a	n/a	DI43
991.8320000000	n/a	n/a	STATUS	n/a	n/a	D255
992.0880000000	n/a	n/a	STATUS	n/a	n/a	DIN5
992.1400000000	n/a	n/a	STATUS	n/a	n/a	D255
992.5640000000	n/a	n/a	STATUS	n/a	n/a	DI98
992.6160000000	n/a	n/a	STATUS	n/a	n/a	D255
992.6520000000	n/a	n/a	STATUS	n/a	n/a	DI53
992.7040000000	n/a	n/a	STATUS	n/a	n/a	D255
992.9960000000	n/a	n/a	STATUS	n/a	n/a	DI43
993.0440000000	n/a	n/a	STATUS	n/a	n/a	D255
993.3040000000	n/a	n/a	STATUS	n/a	n/a	DIN5
993.3560000000	n/a	n/a	STATUS	n/a	n/a	D255
993.7600000000	n/a	n/a	STATUS	n/a	n/a	D243
993.8080000000	n/a	n/a	STATUS	n/a	n/a	D255
993.8480000000	n/a	n/a	STATUS	n/a	n/a	DI54
993.8960000000	n/a	n/a	STATUS	n/a	n/a	D255
994.1480000000	n/a	n/a	STATUS	n/a	n/a	DI34
994.1960000000	n/a	n/a	STATUS	n/a	n/a	D255
994.4560000000	n/a	n/a	STATUS	n/a	n/a	DIN5
994.5080000000	n/a	n/a	STATUS	n/a	n/a	D255
994.9120000000	n/a	n/a	STATUS	n/a	n/a	D148
994.9600000000	n/a	n/a	STATUS	n/a	n/a	D255
995.0000000000	n/a	n/a	STATUS	n/a	n/a	DI53
995.0480000000	n/a	n/a	STATUS	n/a	n/a	D255
995.3040000000	n/a	n/a	STATUS	n/a	n/a	DI43
995.3560000000	n/a	n/a	STATUS	n/a	n/a	D255
995.6120000000	n/a	n/a	STATUS	n/a	n/a	DIN5
995.6640000000	n/a	n/a	STATUS	n/a	n/a	D255
996.0040000000	n/a	n/a	STATUS	n/a	n/a	D159
996.0520000000	n/a	n/a	STATUS	n/a	n/a	D255
996.0920000000	n/a	n/a	STATUS	n/a	n/a	DI52
996.1400000000	n/a	n/a	STATUS	n/a	n/a	D255
996.4520000000	n/a	n/a	STATUS	n/a	n/a	DI12
996.5040000000	n/a	n/a	STATUS	n/a	n/a	D255
996.5080000000	n/a	n/a	STATUS	n/a	n/a	DIN4
996.5560000000	n/a	n/a	STATUS	n/a	n/a	D255
997.3120000000	n/a	n/a	STATUS	n/a	n/a	DIN5
997.3640000000	n/a	n/a	STATUS	n/a	n/a	D255
997.7240000000	n/a	n/a	STATUS	n/a	n/a	D162
997.7720000000	n/a	n/a	STATUS	n/a	n/a	D255
997.8120000000	n/a	n/a	STATUS	n/a	n/a	DI52
997.8600000000	n/a	n/a	STATUS	n/a	n/a	D255
998.2480000000	n/a	n/a	STATUS	n/a	n/a	DI42
998.3000000000	n/a	n/a	STATUS	n/a	n/a	D255
998.5600000000	n/a	n/a	STATUS	n/a	n/a	DIN5
998.6080000000	n/a	n/a	STATUS	n/a	n/a	D255
999.0880000000	n/a	n/a	STATUS	n/a	n/a	DI81
999.1400000000	n/a	n/a	STATUS	n/a	n/a	D255
999.1760000000	n/a	n/a	STATUS	n/a	n/a	DI52
999.2240000000	n/a	n/a	STATUS	n/a	n/a	D255
999.4600000000	n/a	n/a	STATUS	n/a	n/a	DI12
999.5080000000	n/a	n/a	STATUS	n/a	n/a	D255
999.5120000000	n/a	n/a	STATUS	n/a	n/a	DIN4
999.5640000000	n/a	n/a	STATUS	n/a	n/a	D255
1000.3160000000	n/a	n/a	STATUS	n/a	n/a	DIN5
1000.3680000000	n/a	n/a	STATUS	n/a	n/a	D255
1000.7280000000	n/a	n/a	STATUS	n/a	n/a	DI75
1000.7800000000	n/a	n/a	STATUS	n/a	n/a	D255
1000.8160000000	n/a	n/a	STATUS	n/a	n/a	DI52
1000.8680000000	n/a	n/a	STATUS	n/a	n/a	D255
1001.3280000000	n/a	n/a	STATUS	n/a	n/a	DI42
1001.3760000000	n/a	n/a	STATUS	n/a	n/a	D255
1001.6360000000	n/a	n/a	STATUS	n/a	n/a	DIN5
1001.6880000000	n/a	n/a	STATUS	n/a	n/a	D255
1002.1520000000	n/a	n/a	STATUS	n/a	n/a	D122
1002.2000000000	n/a	n/a	STATUS	n/a	n/a	D255
1002.2400000000	n/a	n/a	STATUS	n/a	n/a	DI54
1002.2880000000	n/a	n/a	STATUS	n/a	n/a	D255
1002.5080000000	n/a	n/a	STATUS	n/a	n/a	DI34
1002.5600000000	n/a	n/a	STATUS	n/a	n/a	D255
1002.8200000000	n/a	n/a	STATUS	n/a	n/a	DIN5
1002.8680000000	n/a	n/a	STATUS	n/a	n/a	D255
1003.3400000000	n/a	n/a	STATUS	n/a	n/a	D175
1003.3880000000	n/a	n/a	STATUS	n/a	n/a	D255
1003.4240000000	n/a	n/a	STATUS	n/a	n/a	DI51
1003.4760000000	n/a	n/a	STATUS	n/a	n/a	D255
1003.8320000000	n/a	n/a	STATUS	n/a	n/a	DI31
1003.8840000000	n/a	n/a	STATUS	n/a	n/a	D255
1004.1400000000	n/a	n/a	STATUS	n/a	n/a	DIN5
1004.1920000000	n/a	n/a	STATUS	n/a	n/a	D255
1004.6680000000	n/a	n/a	STATUS	n/a	n/a	DI79
1004.7160000000	n/a	n/a	STATUS	n/a	n/a	D255
1004.7560000000	n/a	n/a	STATUS	n/a	n/a	DI52
1004.8040000000	n/a	n/a	STATUS	n/a	n/a	D255
1005.0400000000	n/a	n/a	STATUS	n/a	n/a	DI12
1005.0920000000	n/a	n/a	STATUS	n/a	n/a	D255
1005.0960000000	n/a	n/a	STATUS	n/a	n/a	DIN4
1005.1480000000	n/a	n/a	STATUS	n/a	n/a	D255
1005.9000000000	n/a	n/a	STATUS	n/a	n/a	DIN5
1005.9520000000	n/a	n/a	STATUS	n/a	n/a	D255
1006.3040000000	n/a	n/a	STATUS	n/a	n/a	D213
1006.3560000000	n/a	n/a	STATUS	n/a	n/a	D255
1006.3920000000	n/a	n/a	STATUS	n/a	n/a	DI51
1006.4440000000	n/a	n/a	STATUS	n/a	n/a	D255
1006.7320000000	n/a	n/a	STATUS	n/a	n/a	DI31
1006.7840000000	n/a	n/a	STATUS	n/a	n/a	D255
1007.0440000000	n/a	n/a	STATUS	n/a	n/a	DIN5
1007.0920000000	n/a	n/a	STATUS	n/a	n/a	D255
1007.5960000000	n/a	n/a	STATUS	n/a	n/a	D158
1007.6480000000	n/a	n/a	STATUS	n/a	n/a	D255
1007.6840000000	n/a	n/a	STATUS	n/a	n/a	DI51
1007.7360000000	n/a	n/a	STATUS	n/a	n/a	D255
1007.9680000000	n/a	n/a	STATUS	n/a	n/a	DI21
1008.0200000000	n/a	n/a	STATUS	n/a	n/a	D255
1008.0240000000	n/a	n/a	STATUS	n/a	n/a	DIN4
1008.0720000000	n/a	n/a	STATUS	n/a	n/a	D255
1008.8280000000	n/a	n/a	STATUS	n/a	n/a	DIN5
1008.8800000000	n/a	n/a	STATUS	n/a	n/a	D255
1009.2920000000	n/a	n/a	STATUS	n/a	n/a	D237
1009.3440000000	n/a	n/a	STATUS	n/a	n/a	D255
1009.3800000000	n/a	n/a	STATUS	n/a	n/a	DI52
1009.4320000000	n/a	n/a	STATUS	n/a	n/a	D255
1009.6560000000	n/a	n/a	STATUS	n/a	n/a	DI12
1009.7080000000	n/a	n/a	STATUS	n/a	n/a	D255
1009.7120000000	n/a	n/a	STATUS	n/a	n/a	DIN4
1009.7640000000	n/a	n/a	STATUS	n/a	n/a	D255
1010.5160000000	n/a	n/a	STATUS	n/a	n/a	DIN5
1010.5680000000	n/a	n/a	STATUS	n/a	n/a	D255
1010.9560000000	n/a	n/a	STATUS	n/a	n/a	DI87
1011.0080000000	n/a	n/a	STATUS	n/a	n/a	D255
1011.0440000000	n/a	n/a	STATUS	n/a	n/a	DI52
1011.0960000000	n/a	n/a	STATUS	n/a	n/a	D255
1011.6400000000	n/a	n/a	STATUS	n/a	n/a	DI42
1011.6920000000	n/a	n/a	STATUS	n/a	n/a	D255
1011.9480000000	n/a	n/a	STATUS	n/a	n/a	DIN5
1012.0000000000	n/a	n/a	STATUS	n/a	n/a	D255
1012.4240000000	n/a	n/a	STATUS	n/a	n/a	DI80
1012.4760000000	n/a	n/a	STATUS	n/a	n/a	D255
1012.5120000000	n/a	n/a	STATUS	n/a	n/a	DI51
1012.5600000000	n/a	n/a	STATUS	n/a	n/a	D255
1012.9160000000	n/a	n/a	STATUS	n/a	n/a	DI31
1012.9640000000	n/a	n/a	STATUS	n/a	n/a	D255
1013.2240000000	n/a	n/a	STATUS	n/a	n/a	DIN5
1013.2760000000	n/a	n/a	STATUS	n/a	n/a	D255
1013.7280000000	n/a	n/a	STATUS	n/a	n/a	D106
1013.7800000000	n/a	n/a	STATUS	n/a	n/a	D255
1013.8160000000	n/a	n/a	STATUS	n/a	n/a	DI52
1013.8680000000	n/a	n/a	STATUS	n/a	n/a	D255
1014.2000000000	n/a	n/a	STATUS	n/a	n/a	DI42
1014.2480000000	n/a	n/a	STATUS	n/a	n/a	D255
1014.5080000000	n/a	n/a	STATUS	n/a	n/a	DIN5
1014.5600000000	n/a	n/a	STATUS	n/a	n/a	D255
1014.8720000000	n/a	n/a	STATUS	n/a	n/a	D178
1014.9240000000	n/a	n/a	STATUS	n/a	n/a	D255
1014.9600000000	n/a	n/a	STATUS	n/a	n/a	DI53
1015.0120000000	n/a	n/a	STATUS	n/a	n/a	D255
1015.3320000000	n/a	n/a	STATUS	n/a	n/a	DI43
1015.3800000000	n/a	n/a	STATUS	n/a	n/a	D255
1015.6400000000	n/a	n/a	STATUS	n/a	n/a	DIN5
1015.6880000000	n/a	n/a	STATUS	n/a	n/a	D255
1016.0360000000	n/a	n/a	STATUS	n/a	n/a	D188
1016.0840000000	n/a	n/a	STATUS	n/a	n/a	D255
1016.1240000000	n/a	n/a	STATUS	n/a	n/a	DI54
1016.1720000000	n/a	n/a	STATUS	n/a	n/a	D255
1016.4480000000	n/a	n/a	STATUS	n/a	n/a	DI34
1016.4960000000	n/a	n/a	STATUS	n/a	n/a	D255
1016.7560000000	n/a	n/a	STATUS	n/a	n/a	DIN5
1016.8080000000	n/a	n/a	STATUS	n/a	n/a	D255
1017.2760000000	n/a	n/a	STATUS	n/a	n/a	D223
1017.3240000000	n/a	n/a	STATUS	n/a	n/a	D255
1017.3640000000	n/a	n/a	STATUS	n/a	n/a	DI53
1017.4120000000	n/a	n/a	STATUS	n/a	n/a	D255
1017.6400000000	n/a	n/a	STATUS	n/a	n/a	DI43
1017.6880000000	n/a	n/a	STATUS	n/a	n/a	D255
1017.9480000000	n/a	n/a	STATUS	n/a	n/a	DIN5
1017.9960000000	n/a	n/a	STATUS	n/a	n/a	D255
1018.4480000000	n/a	n/a	STATUS	n/a	n/a	D168
1018.4960000000	n/a	n/a	STATUS	n/a	n/a	D255
1018.5360000000	n/a	n/a	STATUS	n/a	n/a	DI51
1018.5840000000	n/a	n/a	STATUS	n/a	n/a	D255
1018.9080000000	n/a	n/a	STATUS	n/a	n/a	DI31
1018.9600000000	n/a	n/a	STATUS	n/a	n/a	D255
1019.2200000000	n/a	n/a	STATUS	n/a	n/a	DIN5
1019.2680000000	n/a	n/a	STATUS	n/a	n/a	D255
1019.6640000000	n/a	n/a	STATUS	n/a	n/a	D189
1019.7120000000	n/a	n/a	STATUS	n/a	n/a	D255
1019.7520000000	n/a	n/a	STATUS	n/a	n/a	DI52
1019.8040000000	n/a	n/a	STATUS	n/a	n/a	D255
1020.1240000000	n/a	n/a	STATUS	n/a	n/a	DI42
1020.1760000000	n/a	n/a	STATUS	n/a	n/a	D255
1020.4320000000	n/a	n/a	STATUS	n/a	n/a	DIN5
1020.4840000000	n/a	n/a	STATUS	n/a	n/a	D255
1020.9240000000	n/a	n/a	STATUS	n/a	n/a	DI65
1020.9720000000	n/a	n/a	STATUS	n/a	n/a	D255
1021.0120000000	n/a	n/a	STATUS	n/a	n/a	DI54
1021.0600000000	n/a	n/a	STATUS	n/a	n/a	D255
1021.3040000000	n/a	n/a	STATUS	n/a	n/a	DI34
1021.3520000000	n/a	n/a	STATUS	n/a	n/a	D255
1021.6120000000	n/a	n/a	STATUS	n/a	n/a	DIN5
1021.6600000000	n/a	n/a	STATUS	n/a	n/a	D255
1021.9800000000	n/a	n/a	STATUS	n/a	n/a	D232
1022.0320000000	n/a	n/a	STATUS	n/a	n/a	D255
1022.0680000000	n/a	n/a	STATUS	n/a	n/a	DI53
1022.1200000000	n/a	n/a	STATUS	n/a	n/a	D255
1022.3640000000	n/a	n/a	STATUS	n/a	n/a	DI43
1022.4160000000	n/a	n/a	STATUS	n/a	n/a	D255
1022.6720000000	n/a	n/a	STATUS	n/a	n/a	DIN5
1022.7240000000	n/a	n/a	STATUS	n/a	n/a	D255
1023.1240000000	n/a	n/a	STATUS	n/a	n/a	D108
1023.1720000000	n/a	n/a	STATUS	n/a	n/a	D255
1023.2120000000	n/a	n/a	STATUS	n/a	n/a	DI52
1023.2600000000	n/a	n/a	STATUS	n/a	n/a	D255
1023.5000000000	n/a	n/a	STATUS	n/a	n/a	DI12
1023.5480000000	n/a	n/a	STATUS	n/a	n/a	D255
1023.5520000000	n/a	n/a	STATUS	n/a	n/a	DIN4
1023.6040000000	n/a	n/a	STATUS	n/a	n/a	D255
1024.3600000000	n/a	n/a	STATUS	n/a	n/a	DIN5
1024.4080000000	n/a	n/a	STATUS	n/a	n/a	D255
1024.7520000000	n/a	n/a	STATUS	n/a	n/a	D241
1024.8040000000	n/a	n/a	STATUS	n/a	n/a	D255
1024.8400000000	n/a	n/a	STATUS	n/a	n/a	DI51
1024.8920000000	n/a	n/a	STATUS	n/a	n/a	D255
1025.1400000000	n/a	n/a	STATUS	n/a	n/a	DI21
1025.1880000000	n/a	n/a	STATUS	n/a	n/a	D255
1025.1920000000	n/a	n/a	STATUS	n/a	n/a	DIN4
1025.2440000000	n/a	n/a	STATUS	n/a	n/a	D255
1026.0000000000	n/a	n/a	STATUS	n/a	n/a	DIN5
1026.0480000000	n/a	n/a	STATUS	n/a	n/a	D255
1026.5120000000	n/a	n/a	STATUS	n/a	n/a	D101
1026.5640000000	n/a	n/a	STATUS	n/a	n/a	D255
1026.6000000000	n/a	n/a	STATUS	n/a	n/a	DI54
1026.6520000000	n/a	n/a	STATUS	n/a	n/a	D255
1026.8920000000	n/a	n/a	STATUS	n/a	n/a	DI34
1026.9440000000	n/a	n/a	STATUS	n/a	n/a	D255
1027.2000000000	n/a	n/a	STATUS	n/a	n/a	DIN5
1027.2520000000	n/a	n/a	STATUS	n/a	n/a	D255
1027.5760000000	n/a	n/a	STATUS	n/a	n/a	D227
1027.6280000000	n/a	n/a	STATUS	n/a	n/a	D255
1027.6640000000	n/a	n/a	STATUS	n/a	n/a	DI52
1027.7120000000	n/a	n/a	STATUS	n/a	n/a	D255
1028.1520000000	n/a	n/a	STATUS	n/a	n/a	DI42
1028.2000000000	n/a	n/a	STATUS	n/a	n/a	D255
1028.4600000000	n/a	n/a	STATUS	n/a	n/a	DIN5
1028.5080000000	n/a	n/a	STATUS	n/a	n/a	D255
1028.8880000000	n/a	n/a	STATUS	n/a	n/a	D103
1028.9400000000	n/a	n/a	STATUS	n/a	n/a	D255
1028.9760000000	n/a	n/a	STATUS	n/a	n/a	DI51
1029.0240000000	n/a	n/a	STATUS	n/a	n/a	D255
1029.3680000000	n/a	n/a	STATUS	n/a	n/a	DI31
1029.4160000000	n/a	n/a	STATUS	n/a	n/a	D255
1029.6760000000	n/a	n/a	STATUS	n/a	n/a	DIN5
1029.7240000000	n/a	n/a	STATUS	n/a	n/a	D255
1030.1480000000	n/a	n/a	STATUS	n/a	n/a	D202
1030.2000000000	n/a	n/a	STATUS	n/a	n/a	D255
1030.2360000000	n/a	n/a	STATUS	n/a	n/a	DI52
1030.2880000000	n/a	n/a	STATUS	n/a	n/a	D255
1030.5440000000	n/a	n/a	STATUS	n/a	n/a	DI12
1030.5960000000	n/a	n/a	STATUS	n/a	n/a	D255
1030.6000000000	n/a	n/a	STATUS	n/a	n/a	DIN4
1030.6480000000	n/a	n/a	STATUS	n/a	n/a	D255
1031.4040000000	n/a	n/a	STATUS	n/a	n/a	DIN5
1031.4560000000	n/a	n/a	STATUS	n/a	n/a	D255
1031.9440000000	n/a	n/a	STATUS	n/a	n/a	D150
1031.9920000000	n/a	n/a	STATUS	n/a	n/a	D255
1032.0320000000	n/a	n/a	STATUS	n/a	n/a	DI54
1032.0840000000	n/a	n/a	STATUS	n/a	n/a	D255
1032.3200000000	n/a	n/a	STATUS	n/a	n/a	DI34
1032.3720000000	n/a	n/a	STATUS	n/a	n/a	D255
1032.6320000000	n/a	n/a	STATUS	n/a	n/a	DIN5
1032.6800000000	n/a	n/a	STATUS	n/a	n/a	D255
1033.0440000000	n/a	n/a	STATUS	n/a	n/a	D102
1033.0960000000	n/a	n/a	STATUS	n/a	n/a	D255
1033.1320000000	n/a	n/a	STATUS	n/a	n/a	DI52
1033.1840000000	n/a	n/a	STATUS	n/a	n/a	D255
1033.5120000000	n/a	n/a	STATUS	n/a	n/a	DI42
1033.5600000000	n/a	n/a	STATUS	n/a	n/a	D255
1033.8200000000	n/a	n/a	STATUS	n/a	n/a	DIN5
1033.8720000000	n/a	n/a	STATUS	n/a	n/a	D255
1034.1960000000	n/a	n/a	STATUS	n/a	n/a	D245
1034.2440000000	n/a	n/a	STATUS	n/a	n/a	D255
1034.2800000000	n/a	n/a	STATUS	n/a	n/a	DI53
1034.3320000000	n/a	n/a	STATUS	n/a	n/a	D255
1034.6760000000	n/a	n/a	STATUS	n/a	n/a	DI43
1034.7240000000	n/a	n/a	STATUS	n/a	n/a	D255
1034.9840000000	n/a	n/a	STATUS	n/a	n/a	DIN5
1035.0360000000	n/a	n/a	STATUS	n/a	n/a	D255
1035.5240000000	n/a	n/a	STATUS	n/a	n/a	D135
1035.5720000000	n/a	n/a	STATUS	n/a	n/a	D255
1035.6120000000	n/a	n/a	STATUS	n/a	n/a	DI53
1035.6600000000	n/a	n/a	STATUS	n/a	n/a	D255
1035.9440000000	n/a	n/a	STATUS	n/a	n/a	DI43
1035.9920000000	n/a	n/a	STATUS	n/a	n/a	D255
1036.2520000000	n/a	n/a	STATUS	n/a	n/a	DIN5
1036.3040000000	n/a	n/a	STATUS	n/a	n/a	D255
1036.6840000000	n/a	n/a	STATUS	n/a	n/a	DI72
1036.7320000000	n/a	n/a	STATUS	n/a	n/a	D255
1036.7720000000	n/a	n/a	STATUS	n/a	n/a	DI51
1036.8200000000	n/a	n/a	STATUS	n/a	n/a	D255
1037.1160000000	n/a	n/a	STATUS	n/a	n/a	DI31
1037.1680000000	n/a	n/a	STATUS	n/a	n/a	D255
1037.4280000000	n/a	n/a	STATUS	n/a	n/a	DIN5
1037.4760000000	n/a	n/a	STATUS	n/a	n/a	D255
1037.8400000000	n/a	n/a	STATUS	n/a	n/a	D234
1037.8920000000	n/a	n/a	STATUS	n/a	n/a	D255
1037.9280000000	n/a	n/a	STATUS	n/a	n/a	DI51
1037.9800000000	n/a	n/a	STATUS	n/a	n/a	D255
1038.3440000000	n/a	n/a	STATUS	n/a	n/a	DI31
1038.3920000000	n/a	n/a	STATUS	n/a	n/a	D255
1038.6520000000	n/a	n/a	STATUS	n/a	n/a	DIN5
1038.7040000000	n/a	n/a	STATUS	n/a	n/a	D255
1039.0320000000	n/a	n/a	STATUS	n/a	n/a	D145
1039.0840000000	n/a	n/a	STATUS	n/a	n/a	D255
1039.1200000000	n/a	n/a	STATUS	n/a	n/a	DI51
1039.1680000000	n/a	n/a	STATUS	n/a	n/a	D255
1039.5080000000	n/a	n/a	STATUS	n/a	n/a	DI21
1039.5600000000	n/a	n/a	STATUS	n/a	n/a	D255
1039.5600000000	n/a	n/a	STATUS	n/a	n/a	D213
1039.5640000000	n/a	n/a	STATUS	n/a	n/a	DIN4
1039.6160000000	n/a	n/a	STATUS	n/a	n/a	D255
1040.3680000000	n/a	n/a	STATUS	n/a	n/a	DIN5
1040.4200000000	n/a	n/a	STATUS	n/a	n/a	D255
1040.8640000000	n/a	n/a	STATUS	n/a	n/a	D113
1040.9120000000	n/a	n/a	STATUS	n/a	n/a	D255
1040.9520000000	n/a	n/a	STATUS	n/a	n/a	DI54
1041.0000000000	n/a	n/a	STATUS	n/a	n/a	D255
1041.2680000000	n/a	n/a	STATUS	n/a	n/a	DI34
1041.3200000000	n/a	n/a	STATUS	n/a	n/a	D255
1041.5800000000	n/a	n/a	STATUS	n/a	n/a	DIN5
1041.6280000000	n/a	n/a	STATUS	n/a	n/a	D255
1042.1200000000	n/a	n/a	STATUS	n/a	n/a	D174
1042.1680000000	n/a	n/a	STATUS	n/a	n/a	D255
1042.2080000000	n/a	n/a	STATUS	n/a	n/a	DI53
1042.2560000000	n/a	n/a	STATUS	n/a	n/a	D255
1042.5280000000	n/a	n/a	STATUS	n/a	n/a	DI43
1042.5800000000	n/a	n/a	STATUS	n/a	n/a	D255
1042.8360000000	n/a	n/a	STATUS	n/a	n/a	DIN5
1042.8880000000	n/a	n/a	STATUS	n/a	n/a	D255
1043.2720000000	n/a	n/a	STATUS	n/a	n/a	DI69
1043.3240000000	n/a	n/a	STATUS	n/a	n/a	D255
1043.3600000000	n/a	n/a	STATUS	n/a	n/a	DI52
1043.4120000000	n/a	n/a	STATUS	n/a	n/a	D255
1043.7880000000	n/a	n/a	STATUS	n/a	n/a	DI42
1043.8400000000	n/a	n/a	STATUS	n/a	n/a	D255
1044.0960000000	n/a	n/a	STATUS	n/a	n/a	DIN5
1044.1480000000	n/a	n/a	STATUS	n/a	n/a	D255
1044.4760000000	n/a	n/a	STATUS	n/a	n/a	DI86
1044.5280000000	n/a	n/a	STATUS	n/a	n/a	D255
1044.5640000000	n/a	n/a	STATUS	n/a	n/a	DI54
1044.6120000000	n/a	n/a	STATUS	n/a	n/a	D255
1044.8920000000	n/a	n/a	STATUS	n/a	n/a	DI34
1044.9400000000	n/a	n/a	STATUS	n/a	n/a	D255
1045.2000000000	n/a	n/a	STATUS	n/a	n/a	DIN5
1045.2520000000	n/a	n/a	STATUS	n/a	n/a	D255
1045.6400000000	n/a	n/a	STATUS	n/a	n/a	D163
1045.6880000000	n/a	n/a	STATUS	n/a	n/a	D255
1045.7280000000	n/a	n/a	STATUS	n/a	n/a	DI54
1045.7760000000	n/a	n/a	STATUS	n/a	n/a	D255
1046.0360000000	n/a	n/a	STATUS	n/a	n/a	DI34
1046.0880000000	n/a	n/a	STATUS	n/a	n/a	D255
1046.3480000000	n/a	n/a	STATUS	n/a	n/a	DIN5
1046.3960000000	n/a	n/a	STATUS	n/a	n/a	D255
1046.8320000000	n/a	n/a	STATUS	n/a	n/a	D141
1046.8800000000	n/a	n/a	STATUS	n/a	n/a	D255
1046.9200000000	n/a	n/a	STATUS	n/a	n/a	DI51
1046.9680000000	n/a	n/a	STATUS	n/a	n/a	D255
1047.3440000000	n/a	n/a	STATUS	n/a	n/a	DI31
1047.3960000000	n/a	n/a	STATUS	n/a	n/a	D255
1047.6520000000	n/a	n/a	STATUS	n/a	n/a	DIN5
1047.7040000000	n/a	n/a	STATUS	n/a	n/a	D255
1048.1680000000	n/a	n/a	STATUS	n/a	n/a	DI95
1048.2200000000	n/a	n/a	STATUS	n/a	n/a	D255
1048.2560000000	n/a	n/a	STATUS	n/a	n/a	DI53
1048.3040000000	n/a	n/a	STATUS	n/a	n/a	D255
1048.5960000000	n/a	n/a	STATUS	n/a	n/a	DI43
1048.6440000000	n/a	n/a	STATUS	n/a	n/a	D255
1048.9040000000	n/a	n/a	STATUS	n/a	n/a	DIN5
1048.9560000000	n/a	n/a	STATUS	n/a	n/a	D255
1049.2840000000	n/a	n/a	STATUS	n/a	n/a	D187
1049.3360000000	n/a	n/a	STATUS	n/a	n/a	D255
1049.3720000000	n/a	n/a	STATUS	n/a	n/a	DI54
1049.4200000000	n/a	n/a	STATUS	n/a	n/a	D255
1049.6880000000	n/a	n/a	STATUS	n/a	n/a	DI34
1049.7400000000	n/a	n/a	STATUS	n/a	n/a	D255
1050.0000000000	n/a	n/a	STATUS	n/a	n/a	DIN5
1050.0480000000	n/a	n/a	STATUS	n/a	n/a	D255
1050.4280000000	n/a	n/a	STATUS	n/a	n/a	DI71
1050.4800000000	n/a	n/a	STATUS	n/a	n/a	D255
1050.5160000000	n/a	n/a	STATUS	n/a	n/a	DI53
1050.5680000000	n/a	n/a	STATUS	n/a	n/a	D255
1050.8440000000	n/a	n/a	STATUS	n/a	n/a	DI43
1050.8960000000	n/a	n/a	STATUS	n/a	n/a	D255
