onset	duration	sample	trial_type	response_time	stim_file	value
141.5120000000	n/a	n/a	STATUS	n/a	n/a	DIN5
141.5600000000	n/a	n/a	STATUS	n/a	n/a	D255
142.0240000000	n/a	n/a	STATUS	n/a	n/a	D131
142.0720000000	n/a	n/a	STATUS	n/a	n/a	D255
142.1080000000	n/a	n/a	STATUS	n/a	n/a	DI52
142.1600000000	n/a	n/a	STATUS	n/a	n/a	D255
142.5440000000	n/a	n/a	STATUS	n/a	n/a	DI42
142.5920000000	n/a	n/a	STATUS	n/a	n/a	D255
142.8560000000	n/a	n/a	STATUS	n/a	n/a	DIN5
142.9040000000	n/a	n/a	STATUS	n/a	n/a	D255
143.2760000000	n/a	n/a	STATUS	n/a	n/a	D239
143.3240000000	n/a	n/a	STATUS	n/a	n/a	D255
143.3640000000	n/a	n/a	STATUS	n/a	n/a	DI54
143.4120000000	n/a	n/a	STATUS	n/a	n/a	D255
143.6480000000	n/a	n/a	STATUS	n/a	n/a	DI34
143.7000000000	n/a	n/a	STATUS	n/a	n/a	D255
143.9600000000	n/a	n/a	STATUS	n/a	n/a	DIN5
144.0080000000	n/a	n/a	STATUS	n/a	n/a	D255
144.5160000000	n/a	n/a	STATUS	n/a	n/a	D124
144.5640000000	n/a	n/a	STATUS	n/a	n/a	D255
144.6040000000	n/a	n/a	STATUS	n/a	n/a	DI51
144.6520000000	n/a	n/a	STATUS	n/a	n/a	D255
144.8760000000	n/a	n/a	STATUS	n/a	n/a	DI21
144.9280000000	n/a	n/a	STATUS	n/a	n/a	D255
144.9320000000	n/a	n/a	STATUS	n/a	n/a	DIN4
144.9800000000	n/a	n/a	STATUS	n/a	n/a	D255
145.7360000000	n/a	n/a	STATUS	n/a	n/a	DIN5
145.7880000000	n/a	n/a	STATUS	n/a	n/a	D255
146.1160000000	n/a	n/a	STATUS	n/a	n/a	D121
146.1680000000	n/a	n/a	STATUS	n/a	n/a	D255
146.2040000000	n/a	n/a	STATUS	n/a	n/a	DI54
146.2560000000	n/a	n/a	STATUS	n/a	n/a	D255
146.5240000000	n/a	n/a	STATUS	n/a	n/a	DI34
146.5760000000	n/a	n/a	STATUS	n/a	n/a	D255
146.8360000000	n/a	n/a	STATUS	n/a	n/a	DIN5
146.8840000000	n/a	n/a	STATUS	n/a	n/a	D255
147.2760000000	n/a	n/a	STATUS	n/a	n/a	DI93
147.3240000000	n/a	n/a	STATUS	n/a	n/a	D255
147.3600000000	n/a	n/a	STATUS	n/a	n/a	DI53
147.4120000000	n/a	n/a	STATUS	n/a	n/a	D255
147.6840000000	n/a	n/a	STATUS	n/a	n/a	DI43
147.7320000000	n/a	n/a	STATUS	n/a	n/a	D255
147.9920000000	n/a	n/a	STATUS	n/a	n/a	DIN5
148.0440000000	n/a	n/a	STATUS	n/a	n/a	D255
148.4160000000	n/a	n/a	STATUS	n/a	n/a	DI96
148.4680000000	n/a	n/a	STATUS	n/a	n/a	D255
148.5040000000	n/a	n/a	STATUS	n/a	n/a	DI52
148.5560000000	n/a	n/a	STATUS	n/a	n/a	D255
148.9520000000	n/a	n/a	STATUS	n/a	n/a	DI42
149.0040000000	n/a	n/a	STATUS	n/a	n/a	D255
149.2640000000	n/a	n/a	STATUS	n/a	n/a	DIN5
149.3120000000	n/a	n/a	STATUS	n/a	n/a	D255
149.8200000000	n/a	n/a	STATUS	n/a	n/a	D222
149.8680000000	n/a	n/a	STATUS	n/a	n/a	D255
149.9080000000	n/a	n/a	STATUS	n/a	n/a	DI52
149.9560000000	n/a	n/a	STATUS	n/a	n/a	D255
150.5200000000	n/a	n/a	STATUS	n/a	n/a	DI42
150.5680000000	n/a	n/a	STATUS	n/a	n/a	D255
150.8280000000	n/a	n/a	STATUS	n/a	n/a	DIN5
150.8800000000	n/a	n/a	STATUS	n/a	n/a	D255
151.3200000000	n/a	n/a	STATUS	n/a	n/a	D186
151.3680000000	n/a	n/a	STATUS	n/a	n/a	D255
151.4080000000	n/a	n/a	STATUS	n/a	n/a	DI53
151.4560000000	n/a	n/a	STATUS	n/a	n/a	D255
151.7280000000	n/a	n/a	STATUS	n/a	n/a	DI43
151.7800000000	n/a	n/a	STATUS	n/a	n/a	D255
152.0400000000	n/a	n/a	STATUS	n/a	n/a	DIN5
152.0880000000	n/a	n/a	STATUS	n/a	n/a	D255
152.4200000000	n/a	n/a	STATUS	n/a	n/a	D229
152.4680000000	n/a	n/a	STATUS	n/a	n/a	D255
152.5080000000	n/a	n/a	STATUS	n/a	n/a	DI52
152.5560000000	n/a	n/a	STATUS	n/a	n/a	D255
152.8800000000	n/a	n/a	STATUS	n/a	n/a	DI12
152.9320000000	n/a	n/a	STATUS	n/a	n/a	D255
152.9360000000	n/a	n/a	STATUS	n/a	n/a	DIN4
152.9840000000	n/a	n/a	STATUS	n/a	n/a	D255
153.7400000000	n/a	n/a	STATUS	n/a	n/a	DIN5
153.7920000000	n/a	n/a	STATUS	n/a	n/a	D255
154.2160000000	n/a	n/a	STATUS	n/a	n/a	DI80
154.2680000000	n/a	n/a	STATUS	n/a	n/a	D255
154.3040000000	n/a	n/a	STATUS	n/a	n/a	DI54
154.3520000000	n/a	n/a	STATUS	n/a	n/a	D255
154.7240000000	n/a	n/a	STATUS	n/a	n/a	DI34
154.7760000000	n/a	n/a	STATUS	n/a	n/a	D255
155.0360000000	n/a	n/a	STATUS	n/a	n/a	DIN5
155.0840000000	n/a	n/a	STATUS	n/a	n/a	D255
155.4040000000	n/a	n/a	STATUS	n/a	n/a	D253
155.4560000000	n/a	n/a	STATUS	n/a	n/a	D255
155.4920000000	n/a	n/a	STATUS	n/a	n/a	DI52
155.5440000000	n/a	n/a	STATUS	n/a	n/a	D255
155.9080000000	n/a	n/a	STATUS	n/a	n/a	DI42
155.9560000000	n/a	n/a	STATUS	n/a	n/a	D255
156.2160000000	n/a	n/a	STATUS	n/a	n/a	DIN5
156.2680000000	n/a	n/a	STATUS	n/a	n/a	D255
156.6200000000	n/a	n/a	STATUS	n/a	n/a	D118
156.6720000000	n/a	n/a	STATUS	n/a	n/a	D255
156.7080000000	n/a	n/a	STATUS	n/a	n/a	DI51
156.7600000000	n/a	n/a	STATUS	n/a	n/a	D255
157.1400000000	n/a	n/a	STATUS	n/a	n/a	DI31
157.1880000000	n/a	n/a	STATUS	n/a	n/a	D255
157.4480000000	n/a	n/a	STATUS	n/a	n/a	DIN5
157.5000000000	n/a	n/a	STATUS	n/a	n/a	D255
157.8320000000	n/a	n/a	STATUS	n/a	n/a	D214
157.8840000000	n/a	n/a	STATUS	n/a	n/a	D255
157.9200000000	n/a	n/a	STATUS	n/a	n/a	DI53
157.9720000000	n/a	n/a	STATUS	n/a	n/a	D255
158.2640000000	n/a	n/a	STATUS	n/a	n/a	DI43
158.3120000000	n/a	n/a	STATUS	n/a	n/a	D255
158.5720000000	n/a	n/a	STATUS	n/a	n/a	DIN5
158.6200000000	n/a	n/a	STATUS	n/a	n/a	D255
158.9600000000	n/a	n/a	STATUS	n/a	n/a	D230
159.0120000000	n/a	n/a	STATUS	n/a	n/a	D255
159.0480000000	n/a	n/a	STATUS	n/a	n/a	DI54
159.1000000000	n/a	n/a	STATUS	n/a	n/a	D255
159.3960000000	n/a	n/a	STATUS	n/a	n/a	DI34
159.4480000000	n/a	n/a	STATUS	n/a	n/a	D255
159.7080000000	n/a	n/a	STATUS	n/a	n/a	DIN5
159.7560000000	n/a	n/a	STATUS	n/a	n/a	D255
160.2600000000	n/a	n/a	STATUS	n/a	n/a	D233
160.3120000000	n/a	n/a	STATUS	n/a	n/a	D255
160.3480000000	n/a	n/a	STATUS	n/a	n/a	DI52
160.4000000000	n/a	n/a	STATUS	n/a	n/a	D255
160.8800000000	n/a	n/a	STATUS	n/a	n/a	DI42
160.9320000000	n/a	n/a	STATUS	n/a	n/a	D255
161.1920000000	n/a	n/a	STATUS	n/a	n/a	DIN5
161.2400000000	n/a	n/a	STATUS	n/a	n/a	D255
161.7400000000	n/a	n/a	STATUS	n/a	n/a	DI68
161.7920000000	n/a	n/a	STATUS	n/a	n/a	D255
161.8280000000	n/a	n/a	STATUS	n/a	n/a	DI54
161.8760000000	n/a	n/a	STATUS	n/a	n/a	D255
162.1400000000	n/a	n/a	STATUS	n/a	n/a	DI34
162.1920000000	n/a	n/a	STATUS	n/a	n/a	D255
162.4520000000	n/a	n/a	STATUS	n/a	n/a	DIN5
162.5000000000	n/a	n/a	STATUS	n/a	n/a	D255
162.8400000000	n/a	n/a	STATUS	n/a	n/a	D103
162.8920000000	n/a	n/a	STATUS	n/a	n/a	D255
162.9280000000	n/a	n/a	STATUS	n/a	n/a	DI51
162.9800000000	n/a	n/a	STATUS	n/a	n/a	D255
163.4320000000	n/a	n/a	STATUS	n/a	n/a	DI31
163.4800000000	n/a	n/a	STATUS	n/a	n/a	D255
163.7400000000	n/a	n/a	STATUS	n/a	n/a	DIN5
163.7880000000	n/a	n/a	STATUS	n/a	n/a	D255
164.2640000000	n/a	n/a	STATUS	n/a	n/a	DI71
164.3160000000	n/a	n/a	STATUS	n/a	n/a	D255
164.3520000000	n/a	n/a	STATUS	n/a	n/a	DI53
164.4040000000	n/a	n/a	STATUS	n/a	n/a	D255
164.7040000000	n/a	n/a	STATUS	n/a	n/a	DI43
164.7560000000	n/a	n/a	STATUS	n/a	n/a	D255
165.0160000000	n/a	n/a	STATUS	n/a	n/a	DIN5
165.0640000000	n/a	n/a	STATUS	n/a	n/a	D255
165.4760000000	n/a	n/a	STATUS	n/a	n/a	D163
165.5240000000	n/a	n/a	STATUS	n/a	n/a	D255
165.5640000000	n/a	n/a	STATUS	n/a	n/a	DI52
165.6120000000	n/a	n/a	STATUS	n/a	n/a	D255
166.0640000000	n/a	n/a	STATUS	n/a	n/a	DI42
166.1120000000	n/a	n/a	STATUS	n/a	n/a	D255
166.3720000000	n/a	n/a	STATUS	n/a	n/a	DIN5
166.4240000000	n/a	n/a	STATUS	n/a	n/a	D255
166.8120000000	n/a	n/a	STATUS	n/a	n/a	D139
166.8640000000	n/a	n/a	STATUS	n/a	n/a	D255
166.9000000000	n/a	n/a	STATUS	n/a	n/a	DI51
166.9480000000	n/a	n/a	STATUS	n/a	n/a	D255
167.3440000000	n/a	n/a	STATUS	n/a	n/a	DI31
167.3960000000	n/a	n/a	STATUS	n/a	n/a	D255
167.6560000000	n/a	n/a	STATUS	n/a	n/a	DIN5
167.7040000000	n/a	n/a	STATUS	n/a	n/a	D255
168.1000000000	n/a	n/a	STATUS	n/a	n/a	D175
168.1480000000	n/a	n/a	STATUS	n/a	n/a	D255
168.1880000000	n/a	n/a	STATUS	n/a	n/a	DI51
168.2360000000	n/a	n/a	STATUS	n/a	n/a	D255
168.5200000000	n/a	n/a	STATUS	n/a	n/a	DI21
168.5720000000	n/a	n/a	STATUS	n/a	n/a	D255
168.5760000000	n/a	n/a	STATUS	n/a	n/a	DIN4
168.6280000000	n/a	n/a	STATUS	n/a	n/a	D255
169.3800000000	n/a	n/a	STATUS	n/a	n/a	DIN5
169.4320000000	n/a	n/a	STATUS	n/a	n/a	D255
169.8400000000	n/a	n/a	STATUS	n/a	n/a	D226
169.8920000000	n/a	n/a	STATUS	n/a	n/a	D255
169.9280000000	n/a	n/a	STATUS	n/a	n/a	DI53
169.9800000000	n/a	n/a	STATUS	n/a	n/a	D255
170.3080000000	n/a	n/a	STATUS	n/a	n/a	DI43
170.3560000000	n/a	n/a	STATUS	n/a	n/a	D255
170.6160000000	n/a	n/a	STATUS	n/a	n/a	DIN5
170.6640000000	n/a	n/a	STATUS	n/a	n/a	D255
171.0320000000	n/a	n/a	STATUS	n/a	n/a	D112
171.0800000000	n/a	n/a	STATUS	n/a	n/a	D255
171.1200000000	n/a	n/a	STATUS	n/a	n/a	DI51
171.1680000000	n/a	n/a	STATUS	n/a	n/a	D255
171.5800000000	n/a	n/a	STATUS	n/a	n/a	DI31
171.6280000000	n/a	n/a	STATUS	n/a	n/a	D255
171.8880000000	n/a	n/a	STATUS	n/a	n/a	DIN5
171.9360000000	n/a	n/a	STATUS	n/a	n/a	D255
172.2760000000	n/a	n/a	STATUS	n/a	n/a	D113
172.3280000000	n/a	n/a	STATUS	n/a	n/a	D255
172.3640000000	n/a	n/a	STATUS	n/a	n/a	DI52
172.4160000000	n/a	n/a	STATUS	n/a	n/a	D255
172.7280000000	n/a	n/a	STATUS	n/a	n/a	DI12
172.7800000000	n/a	n/a	STATUS	n/a	n/a	D255
172.7840000000	n/a	n/a	STATUS	n/a	n/a	DIN4
172.8320000000	n/a	n/a	STATUS	n/a	n/a	D255
173.5880000000	n/a	n/a	STATUS	n/a	n/a	DIN5
173.6360000000	n/a	n/a	STATUS	n/a	n/a	D255
174.1360000000	n/a	n/a	STATUS	n/a	n/a	D235
174.1880000000	n/a	n/a	STATUS	n/a	n/a	D255
174.2240000000	n/a	n/a	STATUS	n/a	n/a	DI51
174.2760000000	n/a	n/a	STATUS	n/a	n/a	D255
174.7600000000	n/a	n/a	STATUS	n/a	n/a	DI31
174.8080000000	n/a	n/a	STATUS	n/a	n/a	D255
175.0680000000	n/a	n/a	STATUS	n/a	n/a	DIN5
175.1200000000	n/a	n/a	STATUS	n/a	n/a	D255
175.5840000000	n/a	n/a	STATUS	n/a	n/a	D120
175.6320000000	n/a	n/a	STATUS	n/a	n/a	D255
175.6720000000	n/a	n/a	STATUS	n/a	n/a	DI54
175.7200000000	n/a	n/a	STATUS	n/a	n/a	D255
176.0920000000	n/a	n/a	STATUS	n/a	n/a	DI34
176.1440000000	n/a	n/a	STATUS	n/a	n/a	D255
176.4000000000	n/a	n/a	STATUS	n/a	n/a	DIN5
176.4520000000	n/a	n/a	STATUS	n/a	n/a	D255
176.7960000000	n/a	n/a	STATUS	n/a	n/a	D127
176.8480000000	n/a	n/a	STATUS	n/a	n/a	D255
176.8840000000	n/a	n/a	STATUS	n/a	n/a	DI53
176.9320000000	n/a	n/a	STATUS	n/a	n/a	D255
177.2320000000	n/a	n/a	STATUS	n/a	n/a	DI43
177.2800000000	n/a	n/a	STATUS	n/a	n/a	D255
177.5400000000	n/a	n/a	STATUS	n/a	n/a	DIN5
177.5920000000	n/a	n/a	STATUS	n/a	n/a	D255
177.9080000000	n/a	n/a	STATUS	n/a	n/a	D189
177.9560000000	n/a	n/a	STATUS	n/a	n/a	D255
177.9920000000	n/a	n/a	STATUS	n/a	n/a	DI51
178.0440000000	n/a	n/a	STATUS	n/a	n/a	D255
178.4080000000	n/a	n/a	STATUS	n/a	n/a	DI31
178.4600000000	n/a	n/a	STATUS	n/a	n/a	D255
178.7200000000	n/a	n/a	STATUS	n/a	n/a	DIN5
178.7680000000	n/a	n/a	STATUS	n/a	n/a	D255
179.1720000000	n/a	n/a	STATUS	n/a	n/a	D100
179.2240000000	n/a	n/a	STATUS	n/a	n/a	D255
179.2600000000	n/a	n/a	STATUS	n/a	n/a	DI53
179.3120000000	n/a	n/a	STATUS	n/a	n/a	D255
179.5920000000	n/a	n/a	STATUS	n/a	n/a	DI43
179.6440000000	n/a	n/a	STATUS	n/a	n/a	D255
179.9040000000	n/a	n/a	STATUS	n/a	n/a	DIN5
179.9520000000	n/a	n/a	STATUS	n/a	n/a	D255
180.3760000000	n/a	n/a	STATUS	n/a	n/a	D109
180.4280000000	n/a	n/a	STATUS	n/a	n/a	D255
180.4640000000	n/a	n/a	STATUS	n/a	n/a	DI54
180.5160000000	n/a	n/a	STATUS	n/a	n/a	D255
180.8080000000	n/a	n/a	STATUS	n/a	n/a	DI34
180.8560000000	n/a	n/a	STATUS	n/a	n/a	D255
181.1160000000	n/a	n/a	STATUS	n/a	n/a	DIN5
181.1640000000	n/a	n/a	STATUS	n/a	n/a	D255
181.5840000000	n/a	n/a	STATUS	n/a	n/a	D237
181.6360000000	n/a	n/a	STATUS	n/a	n/a	D255
181.6760000000	n/a	n/a	STATUS	n/a	n/a	DI53
181.7240000000	n/a	n/a	STATUS	n/a	n/a	D255
182.0120000000	n/a	n/a	STATUS	n/a	n/a	DI43
182.0640000000	n/a	n/a	STATUS	n/a	n/a	D255
182.3240000000	n/a	n/a	STATUS	n/a	n/a	DIN5
182.3720000000	n/a	n/a	STATUS	n/a	n/a	D255
182.8080000000	n/a	n/a	STATUS	n/a	n/a	D208
182.8560000000	n/a	n/a	STATUS	n/a	n/a	D255
182.8920000000	n/a	n/a	STATUS	n/a	n/a	DI51
182.9440000000	n/a	n/a	STATUS	n/a	n/a	D255
183.3040000000	n/a	n/a	STATUS	n/a	n/a	DI21
183.3560000000	n/a	n/a	STATUS	n/a	n/a	D255
183.3600000000	n/a	n/a	STATUS	n/a	n/a	DIN4
183.4080000000	n/a	n/a	STATUS	n/a	n/a	D255
184.1640000000	n/a	n/a	STATUS	n/a	n/a	DIN5
184.2160000000	n/a	n/a	STATUS	n/a	n/a	D255
184.5200000000	n/a	n/a	STATUS	n/a	n/a	D114
184.5720000000	n/a	n/a	STATUS	n/a	n/a	D255
184.6080000000	n/a	n/a	STATUS	n/a	n/a	DI51
184.6560000000	n/a	n/a	STATUS	n/a	n/a	D255
185.0240000000	n/a	n/a	STATUS	n/a	n/a	DI31
185.0760000000	n/a	n/a	STATUS	n/a	n/a	D255
185.3360000000	n/a	n/a	STATUS	n/a	n/a	DIN5
185.3840000000	n/a	n/a	STATUS	n/a	n/a	D255
185.7840000000	n/a	n/a	STATUS	n/a	n/a	D234
185.8360000000	n/a	n/a	STATUS	n/a	n/a	D255
185.8720000000	n/a	n/a	STATUS	n/a	n/a	DI52
185.9240000000	n/a	n/a	STATUS	n/a	n/a	D255
186.2840000000	n/a	n/a	STATUS	n/a	n/a	DI42
186.3360000000	n/a	n/a	STATUS	n/a	n/a	D255
186.5960000000	n/a	n/a	STATUS	n/a	n/a	DIN5
186.6440000000	n/a	n/a	STATUS	n/a	n/a	D255
186.9480000000	n/a	n/a	STATUS	n/a	n/a	D126
187.0000000000	n/a	n/a	STATUS	n/a	n/a	D255
187.0360000000	n/a	n/a	STATUS	n/a	n/a	DI54
187.0880000000	n/a	n/a	STATUS	n/a	n/a	D255
187.3760000000	n/a	n/a	STATUS	n/a	n/a	DI34
187.4240000000	n/a	n/a	STATUS	n/a	n/a	D255
187.6840000000	n/a	n/a	STATUS	n/a	n/a	DIN5
187.7320000000	n/a	n/a	STATUS	n/a	n/a	D255
188.0680000000	n/a	n/a	STATUS	n/a	n/a	D241
188.1200000000	n/a	n/a	STATUS	n/a	n/a	D255
188.1560000000	n/a	n/a	STATUS	n/a	n/a	DI52
188.2040000000	n/a	n/a	STATUS	n/a	n/a	D255
188.5320000000	n/a	n/a	STATUS	n/a	n/a	DI12
188.5800000000	n/a	n/a	STATUS	n/a	n/a	D255
188.5880000000	n/a	n/a	STATUS	n/a	n/a	DIN4
188.6360000000	n/a	n/a	STATUS	n/a	n/a	D255
189.3920000000	n/a	n/a	STATUS	n/a	n/a	DIN5
189.4400000000	n/a	n/a	STATUS	n/a	n/a	D255
189.7520000000	n/a	n/a	STATUS	n/a	n/a	D247
189.8000000000	n/a	n/a	STATUS	n/a	n/a	D255
189.8400000000	n/a	n/a	STATUS	n/a	n/a	DI53
189.8880000000	n/a	n/a	STATUS	n/a	n/a	D255
190.2600000000	n/a	n/a	STATUS	n/a	n/a	DI43
190.3080000000	n/a	n/a	STATUS	n/a	n/a	D255
190.5680000000	n/a	n/a	STATUS	n/a	n/a	DIN5
190.6200000000	n/a	n/a	STATUS	n/a	n/a	D255
191.0800000000	n/a	n/a	STATUS	n/a	n/a	D132
191.1280000000	n/a	n/a	STATUS	n/a	n/a	D255
191.1680000000	n/a	n/a	STATUS	n/a	n/a	DI51
191.2160000000	n/a	n/a	STATUS	n/a	n/a	D255
191.5560000000	n/a	n/a	STATUS	n/a	n/a	DI31
191.6080000000	n/a	n/a	STATUS	n/a	n/a	D255
191.8680000000	n/a	n/a	STATUS	n/a	n/a	DIN5
191.9160000000	n/a	n/a	STATUS	n/a	n/a	D255
192.3680000000	n/a	n/a	STATUS	n/a	n/a	D196
192.4200000000	n/a	n/a	STATUS	n/a	n/a	D255
192.4560000000	n/a	n/a	STATUS	n/a	n/a	DI51
192.5080000000	n/a	n/a	STATUS	n/a	n/a	D255
192.9520000000	n/a	n/a	STATUS	n/a	n/a	DI31
193.0000000000	n/a	n/a	STATUS	n/a	n/a	D255
193.2600000000	n/a	n/a	STATUS	n/a	n/a	DIN5
193.3120000000	n/a	n/a	STATUS	n/a	n/a	D255
193.7760000000	n/a	n/a	STATUS	n/a	n/a	D115
193.8240000000	n/a	n/a	STATUS	n/a	n/a	D255
193.8600000000	n/a	n/a	STATUS	n/a	n/a	DI54
193.9120000000	n/a	n/a	STATUS	n/a	n/a	D255
194.2760000000	n/a	n/a	STATUS	n/a	n/a	DI34
194.3280000000	n/a	n/a	STATUS	n/a	n/a	D255
194.5880000000	n/a	n/a	STATUS	n/a	n/a	DIN5
194.6360000000	n/a	n/a	STATUS	n/a	n/a	D255
194.9760000000	n/a	n/a	STATUS	n/a	n/a	D128
195.0280000000	n/a	n/a	STATUS	n/a	n/a	D255
195.0640000000	n/a	n/a	STATUS	n/a	n/a	DI54
195.1160000000	n/a	n/a	STATUS	n/a	n/a	D255
195.3760000000	n/a	n/a	STATUS	n/a	n/a	DI34
195.4280000000	n/a	n/a	STATUS	n/a	n/a	D255
195.6880000000	n/a	n/a	STATUS	n/a	n/a	DIN5
195.7360000000	n/a	n/a	STATUS	n/a	n/a	D255
196.1280000000	n/a	n/a	STATUS	n/a	n/a	D209
196.1760000000	n/a	n/a	STATUS	n/a	n/a	D255
196.2160000000	n/a	n/a	STATUS	n/a	n/a	DI51
196.2640000000	n/a	n/a	STATUS	n/a	n/a	D255
196.5520000000	n/a	n/a	STATUS	n/a	n/a	DI21
196.6040000000	n/a	n/a	STATUS	n/a	n/a	D255
196.6080000000	n/a	n/a	STATUS	n/a	n/a	DIN4
196.6560000000	n/a	n/a	STATUS	n/a	n/a	D255
197.4120000000	n/a	n/a	STATUS	n/a	n/a	DIN5
197.4640000000	n/a	n/a	STATUS	n/a	n/a	D255
197.9480000000	n/a	n/a	STATUS	n/a	n/a	D225
197.9960000000	n/a	n/a	STATUS	n/a	n/a	D255
198.0360000000	n/a	n/a	STATUS	n/a	n/a	DI53
198.0840000000	n/a	n/a	STATUS	n/a	n/a	D255
198.4280000000	n/a	n/a	STATUS	n/a	n/a	DI43
198.4800000000	n/a	n/a	STATUS	n/a	n/a	D255
198.7400000000	n/a	n/a	STATUS	n/a	n/a	DIN5
198.7880000000	n/a	n/a	STATUS	n/a	n/a	D255
199.2080000000	n/a	n/a	STATUS	n/a	n/a	D180
199.2600000000	n/a	n/a	STATUS	n/a	n/a	D255
199.2960000000	n/a	n/a	STATUS	n/a	n/a	DI52
199.3440000000	n/a	n/a	STATUS	n/a	n/a	D255
199.6040000000	n/a	n/a	STATUS	n/a	n/a	DI12
199.6560000000	n/a	n/a	STATUS	n/a	n/a	D255
199.6600000000	n/a	n/a	STATUS	n/a	n/a	DIN4
199.7120000000	n/a	n/a	STATUS	n/a	n/a	D255
200.4680000000	n/a	n/a	STATUS	n/a	n/a	DIN5
200.5160000000	n/a	n/a	STATUS	n/a	n/a	D255
200.8200000000	n/a	n/a	STATUS	n/a	n/a	DI97
200.8720000000	n/a	n/a	STATUS	n/a	n/a	D255
200.9080000000	n/a	n/a	STATUS	n/a	n/a	DI51
200.9600000000	n/a	n/a	STATUS	n/a	n/a	D255
201.3440000000	n/a	n/a	STATUS	n/a	n/a	DI31
201.3960000000	n/a	n/a	STATUS	n/a	n/a	D255
201.6560000000	n/a	n/a	STATUS	n/a	n/a	DIN5
201.7040000000	n/a	n/a	STATUS	n/a	n/a	D255
202.1840000000	n/a	n/a	STATUS	n/a	n/a	D122
202.2360000000	n/a	n/a	STATUS	n/a	n/a	D255
202.2720000000	n/a	n/a	STATUS	n/a	n/a	DI52
202.3240000000	n/a	n/a	STATUS	n/a	n/a	D255
202.7320000000	n/a	n/a	STATUS	n/a	n/a	DI42
202.7840000000	n/a	n/a	STATUS	n/a	n/a	D255
203.0400000000	n/a	n/a	STATUS	n/a	n/a	DIN5
203.0920000000	n/a	n/a	STATUS	n/a	n/a	D255
203.5320000000	n/a	n/a	STATUS	n/a	n/a	D187
203.5800000000	n/a	n/a	STATUS	n/a	n/a	D255
203.6200000000	n/a	n/a	STATUS	n/a	n/a	DI54
203.6680000000	n/a	n/a	STATUS	n/a	n/a	D255
203.9760000000	n/a	n/a	STATUS	n/a	n/a	DI34
204.0240000000	n/a	n/a	STATUS	n/a	n/a	D255
204.2840000000	n/a	n/a	STATUS	n/a	n/a	DIN5
204.3320000000	n/a	n/a	STATUS	n/a	n/a	D255
204.7040000000	n/a	n/a	STATUS	n/a	n/a	D231
204.7520000000	n/a	n/a	STATUS	n/a	n/a	D255
204.7920000000	n/a	n/a	STATUS	n/a	n/a	DI51
204.8400000000	n/a	n/a	STATUS	n/a	n/a	D255
205.1160000000	n/a	n/a	STATUS	n/a	n/a	DI21
205.1640000000	n/a	n/a	STATUS	n/a	n/a	D255
205.1680000000	n/a	n/a	STATUS	n/a	n/a	DIN4
205.2200000000	n/a	n/a	STATUS	n/a	n/a	D255
205.9760000000	n/a	n/a	STATUS	n/a	n/a	DIN5
206.0240000000	n/a	n/a	STATUS	n/a	n/a	D255
206.3560000000	n/a	n/a	STATUS	n/a	n/a	D254
206.4040000000	n/a	n/a	STATUS	n/a	n/a	D255
206.4400000000	n/a	n/a	STATUS	n/a	n/a	DI53
206.4920000000	n/a	n/a	STATUS	n/a	n/a	D255
206.8840000000	n/a	n/a	STATUS	n/a	n/a	DI43
206.9320000000	n/a	n/a	STATUS	n/a	n/a	D255
207.1920000000	n/a	n/a	STATUS	n/a	n/a	DIN5
207.2440000000	n/a	n/a	STATUS	n/a	n/a	D255
207.6960000000	n/a	n/a	STATUS	n/a	n/a	D169
207.7480000000	n/a	n/a	STATUS	n/a	n/a	D255
207.7840000000	n/a	n/a	STATUS	n/a	n/a	DI54
207.8320000000	n/a	n/a	STATUS	n/a	n/a	D255
208.1320000000	n/a	n/a	STATUS	n/a	n/a	DI34
208.1840000000	n/a	n/a	STATUS	n/a	n/a	D255
208.4440000000	n/a	n/a	STATUS	n/a	n/a	DIN5
208.4920000000	n/a	n/a	STATUS	n/a	n/a	D255
208.9240000000	n/a	n/a	STATUS	n/a	n/a	D183
208.9720000000	n/a	n/a	STATUS	n/a	n/a	D255
209.0120000000	n/a	n/a	STATUS	n/a	n/a	DI54
209.0600000000	n/a	n/a	STATUS	n/a	n/a	D255
209.3760000000	n/a	n/a	STATUS	n/a	n/a	DI34
209.4280000000	n/a	n/a	STATUS	n/a	n/a	D255
209.6880000000	n/a	n/a	STATUS	n/a	n/a	DIN5
209.7360000000	n/a	n/a	STATUS	n/a	n/a	D255
210.1480000000	n/a	n/a	STATUS	n/a	n/a	D249
210.1960000000	n/a	n/a	STATUS	n/a	n/a	D255
210.2360000000	n/a	n/a	STATUS	n/a	n/a	DI52
210.2840000000	n/a	n/a	STATUS	n/a	n/a	D255
210.7280000000	n/a	n/a	STATUS	n/a	n/a	DI42
210.7760000000	n/a	n/a	STATUS	n/a	n/a	D255
211.0360000000	n/a	n/a	STATUS	n/a	n/a	DIN5
211.0880000000	n/a	n/a	STATUS	n/a	n/a	D255
211.5320000000	n/a	n/a	STATUS	n/a	n/a	D147
211.5800000000	n/a	n/a	STATUS	n/a	n/a	D255
211.6200000000	n/a	n/a	STATUS	n/a	n/a	DI51
211.6680000000	n/a	n/a	STATUS	n/a	n/a	D255
212.0600000000	n/a	n/a	STATUS	n/a	n/a	DI31
212.1080000000	n/a	n/a	STATUS	n/a	n/a	D255
212.3680000000	n/a	n/a	STATUS	n/a	n/a	DIN5
212.4160000000	n/a	n/a	STATUS	n/a	n/a	D255
212.8680000000	n/a	n/a	STATUS	n/a	n/a	D212
212.9160000000	n/a	n/a	STATUS	n/a	n/a	D255
212.9560000000	n/a	n/a	STATUS	n/a	n/a	DI53
213.0040000000	n/a	n/a	STATUS	n/a	n/a	D255
213.3000000000	n/a	n/a	STATUS	n/a	n/a	DI43
213.3480000000	n/a	n/a	STATUS	n/a	n/a	D255
213.6080000000	n/a	n/a	STATUS	n/a	n/a	DIN5
213.6600000000	n/a	n/a	STATUS	n/a	n/a	D255
214.0160000000	n/a	n/a	STATUS	n/a	n/a	D173
214.0680000000	n/a	n/a	STATUS	n/a	n/a	D255
214.1080000000	n/a	n/a	STATUS	n/a	n/a	DI52
214.1560000000	n/a	n/a	STATUS	n/a	n/a	D255
214.5280000000	n/a	n/a	STATUS	n/a	n/a	DI42
214.5800000000	n/a	n/a	STATUS	n/a	n/a	D255
214.8400000000	n/a	n/a	STATUS	n/a	n/a	DIN5
214.8880000000	n/a	n/a	STATUS	n/a	n/a	D255
215.3720000000	n/a	n/a	STATUS	n/a	n/a	D165
215.4240000000	n/a	n/a	STATUS	n/a	n/a	D255
215.4600000000	n/a	n/a	STATUS	n/a	n/a	DI53
215.5120000000	n/a	n/a	STATUS	n/a	n/a	D255
215.8720000000	n/a	n/a	STATUS	n/a	n/a	DI43
215.9200000000	n/a	n/a	STATUS	n/a	n/a	D255
216.1800000000	n/a	n/a	STATUS	n/a	n/a	DIN5
216.2320000000	n/a	n/a	STATUS	n/a	n/a	D255
216.5840000000	n/a	n/a	STATUS	n/a	n/a	DI84
216.6360000000	n/a	n/a	STATUS	n/a	n/a	D255
216.6720000000	n/a	n/a	STATUS	n/a	n/a	DI52
216.7240000000	n/a	n/a	STATUS	n/a	n/a	D255
217.0120000000	n/a	n/a	STATUS	n/a	n/a	DI12
217.0600000000	n/a	n/a	STATUS	n/a	n/a	D255
217.0680000000	n/a	n/a	STATUS	n/a	n/a	DIN4
217.1160000000	n/a	n/a	STATUS	n/a	n/a	D255
217.8720000000	n/a	n/a	STATUS	n/a	n/a	DIN5
217.9200000000	n/a	n/a	STATUS	n/a	n/a	D255
218.3800000000	n/a	n/a	STATUS	n/a	n/a	DI77
218.4320000000	n/a	n/a	STATUS	n/a	n/a	D255
218.4680000000	n/a	n/a	STATUS	n/a	n/a	DI54
218.5200000000	n/a	n/a	STATUS	n/a	n/a	D255
218.8640000000	n/a	n/a	STATUS	n/a	n/a	DI34
218.9120000000	n/a	n/a	STATUS	n/a	n/a	D255
219.1720000000	n/a	n/a	STATUS	n/a	n/a	DIN5
219.2240000000	n/a	n/a	STATUS	n/a	n/a	D255
219.6320000000	n/a	n/a	STATUS	n/a	n/a	D104
219.6840000000	n/a	n/a	STATUS	n/a	n/a	D255
219.7200000000	n/a	n/a	STATUS	n/a	n/a	DI54
219.7720000000	n/a	n/a	STATUS	n/a	n/a	D255
220.0760000000	n/a	n/a	STATUS	n/a	n/a	DI34
220.1240000000	n/a	n/a	STATUS	n/a	n/a	D255
220.3840000000	n/a	n/a	STATUS	n/a	n/a	DIN5
220.4360000000	n/a	n/a	STATUS	n/a	n/a	D255
220.7880000000	n/a	n/a	STATUS	n/a	n/a	D125
220.8400000000	n/a	n/a	STATUS	n/a	n/a	D255
220.8760000000	n/a	n/a	STATUS	n/a	n/a	DI51
220.9280000000	n/a	n/a	STATUS	n/a	n/a	D255
221.3560000000	n/a	n/a	STATUS	n/a	n/a	DI31
221.4080000000	n/a	n/a	STATUS	n/a	n/a	D255
221.6640000000	n/a	n/a	STATUS	n/a	n/a	DIN5
221.7160000000	n/a	n/a	STATUS	n/a	n/a	D255
222.0320000000	n/a	n/a	STATUS	n/a	n/a	D102
222.0800000000	n/a	n/a	STATUS	n/a	n/a	D255
222.1200000000	n/a	n/a	STATUS	n/a	n/a	DI51
222.1680000000	n/a	n/a	STATUS	n/a	n/a	D255
222.5280000000	n/a	n/a	STATUS	n/a	n/a	DI31
222.5800000000	n/a	n/a	STATUS	n/a	n/a	D255
222.8400000000	n/a	n/a	STATUS	n/a	n/a	DIN5
222.8880000000	n/a	n/a	STATUS	n/a	n/a	D255
223.2200000000	n/a	n/a	STATUS	n/a	n/a	D190
223.2680000000	n/a	n/a	STATUS	n/a	n/a	D255
223.3080000000	n/a	n/a	STATUS	n/a	n/a	DI52
223.3560000000	n/a	n/a	STATUS	n/a	n/a	D255
223.7560000000	n/a	n/a	STATUS	n/a	n/a	DI42
223.8080000000	n/a	n/a	STATUS	n/a	n/a	D255
224.0640000000	n/a	n/a	STATUS	n/a	n/a	DIN5
224.1160000000	n/a	n/a	STATUS	n/a	n/a	D255
224.5640000000	n/a	n/a	STATUS	n/a	n/a	D179
224.6160000000	n/a	n/a	STATUS	n/a	n/a	D255
224.6520000000	n/a	n/a	STATUS	n/a	n/a	DI53
224.7000000000	n/a	n/a	STATUS	n/a	n/a	D255
225.0040000000	n/a	n/a	STATUS	n/a	n/a	DI43
225.0560000000	n/a	n/a	STATUS	n/a	n/a	D255
225.3160000000	n/a	n/a	STATUS	n/a	n/a	DIN5
225.3640000000	n/a	n/a	STATUS	n/a	n/a	D255
225.7240000000	n/a	n/a	STATUS	n/a	n/a	DI72
225.7760000000	n/a	n/a	STATUS	n/a	n/a	D255
225.8120000000	n/a	n/a	STATUS	n/a	n/a	DI54
225.8640000000	n/a	n/a	STATUS	n/a	n/a	D255
226.3720000000	n/a	n/a	STATUS	n/a	n/a	DI34
226.4200000000	n/a	n/a	STATUS	n/a	n/a	D255
226.6800000000	n/a	n/a	STATUS	n/a	n/a	DIN5
226.7320000000	n/a	n/a	STATUS	n/a	n/a	D255
227.1440000000	n/a	n/a	STATUS	n/a	n/a	D117
227.1960000000	n/a	n/a	STATUS	n/a	n/a	D255
227.2320000000	n/a	n/a	STATUS	n/a	n/a	DI54
227.2840000000	n/a	n/a	STATUS	n/a	n/a	D255
227.6120000000	n/a	n/a	STATUS	n/a	n/a	DI34
227.6640000000	n/a	n/a	STATUS	n/a	n/a	D255
227.9240000000	n/a	n/a	STATUS	n/a	n/a	DIN5
227.9720000000	n/a	n/a	STATUS	n/a	n/a	D255
228.3040000000	n/a	n/a	STATUS	n/a	n/a	D207
228.3520000000	n/a	n/a	STATUS	n/a	n/a	D255
228.3920000000	n/a	n/a	STATUS	n/a	n/a	DI53
228.4400000000	n/a	n/a	STATUS	n/a	n/a	D255
228.7280000000	n/a	n/a	STATUS	n/a	n/a	DI43
228.7800000000	n/a	n/a	STATUS	n/a	n/a	D255
229.0400000000	n/a	n/a	STATUS	n/a	n/a	DIN5
229.0880000000	n/a	n/a	STATUS	n/a	n/a	D255
229.5960000000	n/a	n/a	STATUS	n/a	n/a	D228
229.6440000000	n/a	n/a	STATUS	n/a	n/a	D255
229.6800000000	n/a	n/a	STATUS	n/a	n/a	DI53
229.7320000000	n/a	n/a	STATUS	n/a	n/a	D255
230.0280000000	n/a	n/a	STATUS	n/a	n/a	DI43
230.0800000000	n/a	n/a	STATUS	n/a	n/a	D255
230.3400000000	n/a	n/a	STATUS	n/a	n/a	DIN5
230.3880000000	n/a	n/a	STATUS	n/a	n/a	D255
230.8600000000	n/a	n/a	STATUS	n/a	n/a	D176
230.9080000000	n/a	n/a	STATUS	n/a	n/a	D255
230.9480000000	n/a	n/a	STATUS	n/a	n/a	DI52
230.9960000000	n/a	n/a	STATUS	n/a	n/a	D255
231.2280000000	n/a	n/a	STATUS	n/a	n/a	DI12
231.2800000000	n/a	n/a	STATUS	n/a	n/a	D255
231.2840000000	n/a	n/a	STATUS	n/a	n/a	DIN4
231.3360000000	n/a	n/a	STATUS	n/a	n/a	D255
232.0880000000	n/a	n/a	STATUS	n/a	n/a	DIN5
232.1400000000	n/a	n/a	STATUS	n/a	n/a	D255
232.5680000000	n/a	n/a	STATUS	n/a	n/a	D181
232.6200000000	n/a	n/a	STATUS	n/a	n/a	D255
232.6560000000	n/a	n/a	STATUS	n/a	n/a	DI54
232.7080000000	n/a	n/a	STATUS	n/a	n/a	D255
233.0240000000	n/a	n/a	STATUS	n/a	n/a	DI34
233.0760000000	n/a	n/a	STATUS	n/a	n/a	D255
233.3360000000	n/a	n/a	STATUS	n/a	n/a	DIN5
233.3840000000	n/a	n/a	STATUS	n/a	n/a	D255
233.7800000000	n/a	n/a	STATUS	n/a	n/a	D244
233.8280000000	n/a	n/a	STATUS	n/a	n/a	D255
233.8680000000	n/a	n/a	STATUS	n/a	n/a	DI53
233.9160000000	n/a	n/a	STATUS	n/a	n/a	D255
234.2520000000	n/a	n/a	STATUS	n/a	n/a	DI43
234.3040000000	n/a	n/a	STATUS	n/a	n/a	D255
234.5640000000	n/a	n/a	STATUS	n/a	n/a	DIN5
234.6120000000	n/a	n/a	STATUS	n/a	n/a	D255
235.0520000000	n/a	n/a	STATUS	n/a	n/a	D242
235.1040000000	n/a	n/a	STATUS	n/a	n/a	D255
235.1400000000	n/a	n/a	STATUS	n/a	n/a	DI51
235.1880000000	n/a	n/a	STATUS	n/a	n/a	D255
235.4880000000	n/a	n/a	STATUS	n/a	n/a	DI21
235.5360000000	n/a	n/a	STATUS	n/a	n/a	D255
235.5400000000	n/a	n/a	STATUS	n/a	n/a	DIN4
235.5920000000	n/a	n/a	STATUS	n/a	n/a	D255
236.3480000000	n/a	n/a	STATUS	n/a	n/a	DIN5
236.3960000000	n/a	n/a	STATUS	n/a	n/a	D255
236.8360000000	n/a	n/a	STATUS	n/a	n/a	D161
236.8880000000	n/a	n/a	STATUS	n/a	n/a	D255
236.9240000000	n/a	n/a	STATUS	n/a	n/a	DI52
236.9760000000	n/a	n/a	STATUS	n/a	n/a	D255
237.3520000000	n/a	n/a	STATUS	n/a	n/a	DI42
237.4040000000	n/a	n/a	STATUS	n/a	n/a	D255
237.6640000000	n/a	n/a	STATUS	n/a	n/a	DIN5
237.7120000000	n/a	n/a	STATUS	n/a	n/a	D255
238.1760000000	n/a	n/a	STATUS	n/a	n/a	D252
238.2280000000	n/a	n/a	STATUS	n/a	n/a	D255
238.2640000000	n/a	n/a	STATUS	n/a	n/a	DI53
238.3160000000	n/a	n/a	STATUS	n/a	n/a	D255
238.6360000000	n/a	n/a	STATUS	n/a	n/a	DI43
238.6840000000	n/a	n/a	STATUS	n/a	n/a	D255
238.9440000000	n/a	n/a	STATUS	n/a	n/a	DIN5
238.9960000000	n/a	n/a	STATUS	n/a	n/a	D255
239.3000000000	n/a	n/a	STATUS	n/a	n/a	D154
239.3480000000	n/a	n/a	STATUS	n/a	n/a	D255
239.3880000000	n/a	n/a	STATUS	n/a	n/a	DI53
239.4360000000	n/a	n/a	STATUS	n/a	n/a	D255
239.7640000000	n/a	n/a	STATUS	n/a	n/a	DI43
239.8120000000	n/a	n/a	STATUS	n/a	n/a	D255
240.0720000000	n/a	n/a	STATUS	n/a	n/a	DIN5
240.1240000000	n/a	n/a	STATUS	n/a	n/a	D255
240.5760000000	n/a	n/a	STATUS	n/a	n/a	D148
240.6280000000	n/a	n/a	STATUS	n/a	n/a	D255
240.6680000000	n/a	n/a	STATUS	n/a	n/a	DI53
240.7160000000	n/a	n/a	STATUS	n/a	n/a	D255
241.0320000000	n/a	n/a	STATUS	n/a	n/a	DI43
241.0840000000	n/a	n/a	STATUS	n/a	n/a	D255
241.3440000000	n/a	n/a	STATUS	n/a	n/a	DIN5
241.3920000000	n/a	n/a	STATUS	n/a	n/a	D255
241.7080000000	n/a	n/a	STATUS	n/a	n/a	D188
241.7560000000	n/a	n/a	STATUS	n/a	n/a	D255
241.7960000000	n/a	n/a	STATUS	n/a	n/a	DI52
241.8440000000	n/a	n/a	STATUS	n/a	n/a	D255
242.2960000000	n/a	n/a	STATUS	n/a	n/a	DI42
242.3480000000	n/a	n/a	STATUS	n/a	n/a	D255
242.6080000000	n/a	n/a	STATUS	n/a	n/a	DIN5
242.6560000000	n/a	n/a	STATUS	n/a	n/a	D255
243.0080000000	n/a	n/a	STATUS	n/a	n/a	DI99
243.0560000000	n/a	n/a	STATUS	n/a	n/a	D255
243.0960000000	n/a	n/a	STATUS	n/a	n/a	DI51
243.1440000000	n/a	n/a	STATUS	n/a	n/a	D255
243.4400000000	n/a	n/a	STATUS	n/a	n/a	DI21
243.4920000000	n/a	n/a	STATUS	n/a	n/a	D255
243.4960000000	n/a	n/a	STATUS	n/a	n/a	DIN4
243.5480000000	n/a	n/a	STATUS	n/a	n/a	D255
244.3000000000	n/a	n/a	STATUS	n/a	n/a	DIN5
244.3520000000	n/a	n/a	STATUS	n/a	n/a	D255
244.7120000000	n/a	n/a	STATUS	n/a	n/a	D182
244.7600000000	n/a	n/a	STATUS	n/a	n/a	D255
244.8000000000	n/a	n/a	STATUS	n/a	n/a	DI52
244.8480000000	n/a	n/a	STATUS	n/a	n/a	D255
245.2960000000	n/a	n/a	STATUS	n/a	n/a	DI42
245.3480000000	n/a	n/a	STATUS	n/a	n/a	D255
245.6080000000	n/a	n/a	STATUS	n/a	n/a	DIN5
245.6560000000	n/a	n/a	STATUS	n/a	n/a	D255
246.1040000000	n/a	n/a	STATUS	n/a	n/a	DI78
246.1560000000	n/a	n/a	STATUS	n/a	n/a	D255
246.1920000000	n/a	n/a	STATUS	n/a	n/a	DI54
246.2440000000	n/a	n/a	STATUS	n/a	n/a	D255
246.5080000000	n/a	n/a	STATUS	n/a	n/a	DI34
246.5600000000	n/a	n/a	STATUS	n/a	n/a	D255
246.8200000000	n/a	n/a	STATUS	n/a	n/a	DIN5
246.8680000000	n/a	n/a	STATUS	n/a	n/a	D255
247.2600000000	n/a	n/a	STATUS	n/a	n/a	D174
247.3080000000	n/a	n/a	STATUS	n/a	n/a	D255
247.3480000000	n/a	n/a	STATUS	n/a	n/a	DI53
247.3960000000	n/a	n/a	STATUS	n/a	n/a	D255
247.6880000000	n/a	n/a	STATUS	n/a	n/a	DI43
247.7360000000	n/a	n/a	STATUS	n/a	n/a	D255
247.9960000000	n/a	n/a	STATUS	n/a	n/a	DIN5
248.0480000000	n/a	n/a	STATUS	n/a	n/a	D255
248.3640000000	n/a	n/a	STATUS	n/a	n/a	DI70
248.4120000000	n/a	n/a	STATUS	n/a	n/a	D255
248.4520000000	n/a	n/a	STATUS	n/a	n/a	DI51
248.5000000000	n/a	n/a	STATUS	n/a	n/a	D255
248.8240000000	n/a	n/a	STATUS	n/a	n/a	DI21
248.8720000000	n/a	n/a	STATUS	n/a	n/a	D255
248.8760000000	n/a	n/a	STATUS	n/a	n/a	DIN4
248.9280000000	n/a	n/a	STATUS	n/a	n/a	D255
249.6840000000	n/a	n/a	STATUS	n/a	n/a	DIN5
249.7320000000	n/a	n/a	STATUS	n/a	n/a	D255
250.1360000000	n/a	n/a	STATUS	n/a	n/a	DI98
250.1880000000	n/a	n/a	STATUS	n/a	n/a	D255
250.2240000000	n/a	n/a	STATUS	n/a	n/a	DI52
250.2760000000	n/a	n/a	STATUS	n/a	n/a	D255
250.6320000000	n/a	n/a	STATUS	n/a	n/a	DI42
250.6800000000	n/a	n/a	STATUS	n/a	n/a	D255
250.9400000000	n/a	n/a	STATUS	n/a	n/a	DIN5
250.9920000000	n/a	n/a	STATUS	n/a	n/a	D255
251.4800000000	n/a	n/a	STATUS	n/a	n/a	D201
251.5320000000	n/a	n/a	STATUS	n/a	n/a	D255
251.5680000000	n/a	n/a	STATUS	n/a	n/a	DI51
251.6160000000	n/a	n/a	STATUS	n/a	n/a	D255
251.9320000000	n/a	n/a	STATUS	n/a	n/a	DI21
251.9840000000	n/a	n/a	STATUS	n/a	n/a	D255
251.9880000000	n/a	n/a	STATUS	n/a	n/a	DIN4
252.0360000000	n/a	n/a	STATUS	n/a	n/a	D255
252.7920000000	n/a	n/a	STATUS	n/a	n/a	DIN5
252.8440000000	n/a	n/a	STATUS	n/a	n/a	D255
253.2760000000	n/a	n/a	STATUS	n/a	n/a	D111
253.3280000000	n/a	n/a	STATUS	n/a	n/a	D255
253.3640000000	n/a	n/a	STATUS	n/a	n/a	DI53
253.4160000000	n/a	n/a	STATUS	n/a	n/a	D255
253.7400000000	n/a	n/a	STATUS	n/a	n/a	DI43
253.7920000000	n/a	n/a	STATUS	n/a	n/a	D255
254.0480000000	n/a	n/a	STATUS	n/a	n/a	DIN5
254.1000000000	n/a	n/a	STATUS	n/a	n/a	D255
254.4640000000	n/a	n/a	STATUS	n/a	n/a	D159
254.5160000000	n/a	n/a	STATUS	n/a	n/a	D255
254.5520000000	n/a	n/a	STATUS	n/a	n/a	DI53
254.6040000000	n/a	n/a	STATUS	n/a	n/a	D255
254.9360000000	n/a	n/a	STATUS	n/a	n/a	DI43
254.9880000000	n/a	n/a	STATUS	n/a	n/a	D255
255.2440000000	n/a	n/a	STATUS	n/a	n/a	DIN5
255.2960000000	n/a	n/a	STATUS	n/a	n/a	D255
255.7360000000	n/a	n/a	STATUS	n/a	n/a	D116
255.7840000000	n/a	n/a	STATUS	n/a	n/a	D255
255.8240000000	n/a	n/a	STATUS	n/a	n/a	DI51
255.8720000000	n/a	n/a	STATUS	n/a	n/a	D255
256.2480000000	n/a	n/a	STATUS	n/a	n/a	DI31
256.3000000000	n/a	n/a	STATUS	n/a	n/a	D255
256.5600000000	n/a	n/a	STATUS	n/a	n/a	DIN5
256.6080000000	n/a	n/a	STATUS	n/a	n/a	D255
257.0520000000	n/a	n/a	STATUS	n/a	n/a	DI65
257.1040000000	n/a	n/a	STATUS	n/a	n/a	D255
257.1400000000	n/a	n/a	STATUS	n/a	n/a	DI54
257.1920000000	n/a	n/a	STATUS	n/a	n/a	D255
257.5560000000	n/a	n/a	STATUS	n/a	n/a	DI34
257.6080000000	n/a	n/a	STATUS	n/a	n/a	D255
257.8680000000	n/a	n/a	STATUS	n/a	n/a	DIN5
257.9160000000	n/a	n/a	STATUS	n/a	n/a	D255
258.2280000000	n/a	n/a	STATUS	n/a	n/a	D172
258.2760000000	n/a	n/a	STATUS	n/a	n/a	D255
258.3160000000	n/a	n/a	STATUS	n/a	n/a	DI52
258.3640000000	n/a	n/a	STATUS	n/a	n/a	D255
258.7400000000	n/a	n/a	STATUS	n/a	n/a	DI42
258.7920000000	n/a	n/a	STATUS	n/a	n/a	D255
259.0520000000	n/a	n/a	STATUS	n/a	n/a	DIN5
259.1000000000	n/a	n/a	STATUS	n/a	n/a	D255
259.5600000000	n/a	n/a	STATUS	n/a	n/a	D140
259.6080000000	n/a	n/a	STATUS	n/a	n/a	D255
259.6480000000	n/a	n/a	STATUS	n/a	n/a	DI52
259.7000000000	n/a	n/a	STATUS	n/a	n/a	D255
260.0680000000	n/a	n/a	STATUS	n/a	n/a	DI42
260.1160000000	n/a	n/a	STATUS	n/a	n/a	D255
260.3760000000	n/a	n/a	STATUS	n/a	n/a	DIN5
260.4280000000	n/a	n/a	STATUS	n/a	n/a	D255
260.7560000000	n/a	n/a	STATUS	n/a	n/a	D156
260.8080000000	n/a	n/a	STATUS	n/a	n/a	D255
260.8440000000	n/a	n/a	STATUS	n/a	n/a	DI54
260.8920000000	n/a	n/a	STATUS	n/a	n/a	D247
260.8960000000	n/a	n/a	STATUS	n/a	n/a	D255
261.2600000000	n/a	n/a	STATUS	n/a	n/a	DI24
261.3080000000	n/a	n/a	STATUS	n/a	n/a	D255
261.3120000000	n/a	n/a	STATUS	n/a	n/a	DIN4
261.3640000000	n/a	n/a	STATUS	n/a	n/a	D255
262.1200000000	n/a	n/a	STATUS	n/a	n/a	DIN5
262.1680000000	n/a	n/a	STATUS	n/a	n/a	D255
262.4920000000	n/a	n/a	STATUS	n/a	n/a	D153
262.5440000000	n/a	n/a	STATUS	n/a	n/a	D255
262.5800000000	n/a	n/a	STATUS	n/a	n/a	DI53
262.6320000000	n/a	n/a	STATUS	n/a	n/a	D255
262.9440000000	n/a	n/a	STATUS	n/a	n/a	DI43
262.9920000000	n/a	n/a	STATUS	n/a	n/a	D255
263.2520000000	n/a	n/a	STATUS	n/a	n/a	DIN5
263.3040000000	n/a	n/a	STATUS	n/a	n/a	D255
263.6320000000	n/a	n/a	STATUS	n/a	n/a	D130
263.6800000000	n/a	n/a	STATUS	n/a	n/a	D255
263.7200000000	n/a	n/a	STATUS	n/a	n/a	DI54
263.7680000000	n/a	n/a	STATUS	n/a	n/a	D255
264.0760000000	n/a	n/a	STATUS	n/a	n/a	DI34
264.1280000000	n/a	n/a	STATUS	n/a	n/a	D255
264.3840000000	n/a	n/a	STATUS	n/a	n/a	DIN5
264.4360000000	n/a	n/a	STATUS	n/a	n/a	D255
264.9400000000	n/a	n/a	STATUS	n/a	n/a	D236
264.9920000000	n/a	n/a	STATUS	n/a	n/a	D255
265.0280000000	n/a	n/a	STATUS	n/a	n/a	DI54
265.0800000000	n/a	n/a	STATUS	n/a	n/a	D255
265.3360000000	n/a	n/a	STATUS	n/a	n/a	DI24
265.3880000000	n/a	n/a	STATUS	n/a	n/a	D255
265.3920000000	n/a	n/a	STATUS	n/a	n/a	DIN4
265.4400000000	n/a	n/a	STATUS	n/a	n/a	D255
266.1960000000	n/a	n/a	STATUS	n/a	n/a	DIN5
266.2440000000	n/a	n/a	STATUS	n/a	n/a	D255
266.7040000000	n/a	n/a	STATUS	n/a	n/a	D194
266.7560000000	n/a	n/a	STATUS	n/a	n/a	D255
266.7920000000	n/a	n/a	STATUS	n/a	n/a	DI54
266.8440000000	n/a	n/a	STATUS	n/a	n/a	D255
267.1280000000	n/a	n/a	STATUS	n/a	n/a	DI34
267.1800000000	n/a	n/a	STATUS	n/a	n/a	D255
267.4400000000	n/a	n/a	STATUS	n/a	n/a	DIN5
267.4880000000	n/a	n/a	STATUS	n/a	n/a	D255
267.9280000000	n/a	n/a	STATUS	n/a	n/a	D217
267.9800000000	n/a	n/a	STATUS	n/a	n/a	D255
268.0160000000	n/a	n/a	STATUS	n/a	n/a	DI52
268.0640000000	n/a	n/a	STATUS	n/a	n/a	D255
268.4160000000	n/a	n/a	STATUS	n/a	n/a	DI42
268.4640000000	n/a	n/a	STATUS	n/a	n/a	D255
268.7240000000	n/a	n/a	STATUS	n/a	n/a	DIN5
268.7760000000	n/a	n/a	STATUS	n/a	n/a	D255
269.2080000000	n/a	n/a	STATUS	n/a	n/a	D211
269.2600000000	n/a	n/a	STATUS	n/a	n/a	D255
269.2960000000	n/a	n/a	STATUS	n/a	n/a	DI51
269.3480000000	n/a	n/a	STATUS	n/a	n/a	D255
269.7320000000	n/a	n/a	STATUS	n/a	n/a	DI31
269.7800000000	n/a	n/a	STATUS	n/a	n/a	D255
270.0400000000	n/a	n/a	STATUS	n/a	n/a	DIN5
270.0920000000	n/a	n/a	STATUS	n/a	n/a	D255
270.5760000000	n/a	n/a	STATUS	n/a	n/a	D210
270.6240000000	n/a	n/a	STATUS	n/a	n/a	D255
270.6640000000	n/a	n/a	STATUS	n/a	n/a	DI54
270.7120000000	n/a	n/a	STATUS	n/a	n/a	D255
271.0360000000	n/a	n/a	STATUS	n/a	n/a	DI34
271.0840000000	n/a	n/a	STATUS	n/a	n/a	D255
271.3440000000	n/a	n/a	STATUS	n/a	n/a	DIN5
271.3960000000	n/a	n/a	STATUS	n/a	n/a	D255
271.7800000000	n/a	n/a	STATUS	n/a	n/a	D158
271.8280000000	n/a	n/a	STATUS	n/a	n/a	D255
271.8680000000	n/a	n/a	STATUS	n/a	n/a	DI51
271.9160000000	n/a	n/a	STATUS	n/a	n/a	D255
272.3680000000	n/a	n/a	STATUS	n/a	n/a	DI31
272.4200000000	n/a	n/a	STATUS	n/a	n/a	D255
272.6800000000	n/a	n/a	STATUS	n/a	n/a	DIN5
272.7280000000	n/a	n/a	STATUS	n/a	n/a	D255
273.1520000000	n/a	n/a	STATUS	n/a	n/a	DI92
273.2040000000	n/a	n/a	STATUS	n/a	n/a	D255
273.2400000000	n/a	n/a	STATUS	n/a	n/a	DI52
273.2920000000	n/a	n/a	STATUS	n/a	n/a	D255
273.6520000000	n/a	n/a	STATUS	n/a	n/a	DI42
273.7040000000	n/a	n/a	STATUS	n/a	n/a	D255
273.9640000000	n/a	n/a	STATUS	n/a	n/a	DIN5
274.0120000000	n/a	n/a	STATUS	n/a	n/a	D255
274.3920000000	n/a	n/a	STATUS	n/a	n/a	D145
274.4440000000	n/a	n/a	STATUS	n/a	n/a	D255
274.4800000000	n/a	n/a	STATUS	n/a	n/a	DI53
274.5320000000	n/a	n/a	STATUS	n/a	n/a	D255
274.8760000000	n/a	n/a	STATUS	n/a	n/a	DI43
274.9280000000	n/a	n/a	STATUS	n/a	n/a	D255
290.1560000000	n/a	n/a	STATUS	n/a	n/a	DIN5
290.2040000000	n/a	n/a	STATUS	n/a	n/a	D255
290.6720000000	n/a	n/a	STATUS	n/a	n/a	D235
290.7240000000	n/a	n/a	STATUS	n/a	n/a	D255
290.7600000000	n/a	n/a	STATUS	n/a	n/a	DI54
290.8120000000	n/a	n/a	STATUS	n/a	n/a	D255
291.1960000000	n/a	n/a	STATUS	n/a	n/a	DI34
291.2440000000	n/a	n/a	STATUS	n/a	n/a	D255
291.5040000000	n/a	n/a	STATUS	n/a	n/a	DIN5
291.5520000000	n/a	n/a	STATUS	n/a	n/a	D255
291.8960000000	n/a	n/a	STATUS	n/a	n/a	D134
291.9440000000	n/a	n/a	STATUS	n/a	n/a	D255
291.9800000000	n/a	n/a	STATUS	n/a	n/a	DI53
292.0320000000	n/a	n/a	STATUS	n/a	n/a	D255
292.3800000000	n/a	n/a	STATUS	n/a	n/a	DI43
292.4320000000	n/a	n/a	STATUS	n/a	n/a	D255
292.6880000000	n/a	n/a	STATUS	n/a	n/a	DIN5
292.7400000000	n/a	n/a	STATUS	n/a	n/a	D255
293.1960000000	n/a	n/a	STATUS	n/a	n/a	D201
293.2440000000	n/a	n/a	STATUS	n/a	n/a	D255
293.2800000000	n/a	n/a	STATUS	n/a	n/a	DI53
293.3320000000	n/a	n/a	STATUS	n/a	n/a	D255
293.7120000000	n/a	n/a	STATUS	n/a	n/a	DI43
293.7600000000	n/a	n/a	STATUS	n/a	n/a	D255
294.0200000000	n/a	n/a	STATUS	n/a	n/a	DIN5
294.0720000000	n/a	n/a	STATUS	n/a	n/a	D255
294.4400000000	n/a	n/a	STATUS	n/a	n/a	D106
294.4880000000	n/a	n/a	STATUS	n/a	n/a	D255
294.5280000000	n/a	n/a	STATUS	n/a	n/a	DI53
294.5760000000	n/a	n/a	STATUS	n/a	n/a	D255
294.9520000000	n/a	n/a	STATUS	n/a	n/a	DI43
295.0040000000	n/a	n/a	STATUS	n/a	n/a	D255
295.2640000000	n/a	n/a	STATUS	n/a	n/a	DIN5
295.3120000000	n/a	n/a	STATUS	n/a	n/a	D255
295.6960000000	n/a	n/a	STATUS	n/a	n/a	D202
295.7480000000	n/a	n/a	STATUS	n/a	n/a	D255
295.7840000000	n/a	n/a	STATUS	n/a	n/a	DI52
295.8360000000	n/a	n/a	STATUS	n/a	n/a	D255
296.1160000000	n/a	n/a	STATUS	n/a	n/a	DI12
296.1640000000	n/a	n/a	STATUS	n/a	n/a	D255
296.1680000000	n/a	n/a	STATUS	n/a	n/a	DIN4
296.2200000000	n/a	n/a	STATUS	n/a	n/a	D255
296.9760000000	n/a	n/a	STATUS	n/a	n/a	DIN5
297.0240000000	n/a	n/a	STATUS	n/a	n/a	D255
297.4800000000	n/a	n/a	STATUS	n/a	n/a	D234
297.5280000000	n/a	n/a	STATUS	n/a	n/a	D255
297.5680000000	n/a	n/a	STATUS	n/a	n/a	DI51
297.6160000000	n/a	n/a	STATUS	n/a	n/a	D255
298.0000000000	n/a	n/a	STATUS	n/a	n/a	DI31
298.0480000000	n/a	n/a	STATUS	n/a	n/a	D255
298.3080000000	n/a	n/a	STATUS	n/a	n/a	DIN5
298.3600000000	n/a	n/a	STATUS	n/a	n/a	D255
298.7280000000	n/a	n/a	STATUS	n/a	n/a	D113
298.7800000000	n/a	n/a	STATUS	n/a	n/a	D255
298.8160000000	n/a	n/a	STATUS	n/a	n/a	DI52
298.8640000000	n/a	n/a	STATUS	n/a	n/a	D255
299.2000000000	n/a	n/a	STATUS	n/a	n/a	DI42
299.2480000000	n/a	n/a	STATUS	n/a	n/a	D255
299.5080000000	n/a	n/a	STATUS	n/a	n/a	DIN5
299.5600000000	n/a	n/a	STATUS	n/a	n/a	D255
299.9720000000	n/a	n/a	STATUS	n/a	n/a	D243
300.0240000000	n/a	n/a	STATUS	n/a	n/a	D255
300.0600000000	n/a	n/a	STATUS	n/a	n/a	DI54
300.1120000000	n/a	n/a	STATUS	n/a	n/a	D255
300.4160000000	n/a	n/a	STATUS	n/a	n/a	DI34
300.4680000000	n/a	n/a	STATUS	n/a	n/a	D255
300.7280000000	n/a	n/a	STATUS	n/a	n/a	DIN5
300.7760000000	n/a	n/a	STATUS	n/a	n/a	D255
301.0880000000	n/a	n/a	STATUS	n/a	n/a	D229
301.1360000000	n/a	n/a	STATUS	n/a	n/a	D255
301.1760000000	n/a	n/a	STATUS	n/a	n/a	DI53
301.2240000000	n/a	n/a	STATUS	n/a	n/a	D255
301.5560000000	n/a	n/a	STATUS	n/a	n/a	DI43
301.6040000000	n/a	n/a	STATUS	n/a	n/a	D255
301.8640000000	n/a	n/a	STATUS	n/a	n/a	DIN5
301.9160000000	n/a	n/a	STATUS	n/a	n/a	D255
302.3640000000	n/a	n/a	STATUS	n/a	n/a	D252
302.4160000000	n/a	n/a	STATUS	n/a	n/a	D255
302.4520000000	n/a	n/a	STATUS	n/a	n/a	DI54
302.5040000000	n/a	n/a	STATUS	n/a	n/a	D255
302.8200000000	n/a	n/a	STATUS	n/a	n/a	DI34
302.8720000000	n/a	n/a	STATUS	n/a	n/a	D255
303.1320000000	n/a	n/a	STATUS	n/a	n/a	DIN5
303.1800000000	n/a	n/a	STATUS	n/a	n/a	D255
303.5760000000	n/a	n/a	STATUS	n/a	n/a	D240
303.6240000000	n/a	n/a	STATUS	n/a	n/a	D255
303.6640000000	n/a	n/a	STATUS	n/a	n/a	DI54
303.7120000000	n/a	n/a	STATUS	n/a	n/a	D255
304.0080000000	n/a	n/a	STATUS	n/a	n/a	DI34
304.0600000000	n/a	n/a	STATUS	n/a	n/a	D255
304.3160000000	n/a	n/a	STATUS	n/a	n/a	DIN5
304.3680000000	n/a	n/a	STATUS	n/a	n/a	D255
304.8440000000	n/a	n/a	STATUS	n/a	n/a	D101
304.8920000000	n/a	n/a	STATUS	n/a	n/a	D255
304.9320000000	n/a	n/a	STATUS	n/a	n/a	DI51
304.9800000000	n/a	n/a	STATUS	n/a	n/a	D255
305.4040000000	n/a	n/a	STATUS	n/a	n/a	DI31
305.4560000000	n/a	n/a	STATUS	n/a	n/a	D255
305.7160000000	n/a	n/a	STATUS	n/a	n/a	DIN5
305.7640000000	n/a	n/a	STATUS	n/a	n/a	D255
306.1040000000	n/a	n/a	STATUS	n/a	n/a	D147
306.1560000000	n/a	n/a	STATUS	n/a	n/a	D255
306.1920000000	n/a	n/a	STATUS	n/a	n/a	DI51
306.2440000000	n/a	n/a	STATUS	n/a	n/a	D255
306.6240000000	n/a	n/a	STATUS	n/a	n/a	DI31
306.6760000000	n/a	n/a	STATUS	n/a	n/a	D255
306.9360000000	n/a	n/a	STATUS	n/a	n/a	DIN5
306.9840000000	n/a	n/a	STATUS	n/a	n/a	D255
307.4600000000	n/a	n/a	STATUS	n/a	n/a	D192
307.5080000000	n/a	n/a	STATUS	n/a	n/a	D255
307.5480000000	n/a	n/a	STATUS	n/a	n/a	DI53
307.5960000000	n/a	n/a	STATUS	n/a	n/a	D255
307.8640000000	n/a	n/a	STATUS	n/a	n/a	DI43
307.9120000000	n/a	n/a	STATUS	n/a	n/a	D255
308.1720000000	n/a	n/a	STATUS	n/a	n/a	DIN5
308.2240000000	n/a	n/a	STATUS	n/a	n/a	D255
308.6760000000	n/a	n/a	STATUS	n/a	n/a	D173
308.7280000000	n/a	n/a	STATUS	n/a	n/a	D255
308.7640000000	n/a	n/a	STATUS	n/a	n/a	DI51
308.8160000000	n/a	n/a	STATUS	n/a	n/a	D255
309.1600000000	n/a	n/a	STATUS	n/a	n/a	DI31
309.2080000000	n/a	n/a	STATUS	n/a	n/a	D255
309.4680000000	n/a	n/a	STATUS	n/a	n/a	DIN5
309.5200000000	n/a	n/a	STATUS	n/a	n/a	D255
309.9040000000	n/a	n/a	STATUS	n/a	n/a	D220
309.9520000000	n/a	n/a	STATUS	n/a	n/a	D255
309.9920000000	n/a	n/a	STATUS	n/a	n/a	DI53
310.0400000000	n/a	n/a	STATUS	n/a	n/a	D255
310.4200000000	n/a	n/a	STATUS	n/a	n/a	DI43
310.4720000000	n/a	n/a	STATUS	n/a	n/a	D255
310.7280000000	n/a	n/a	STATUS	n/a	n/a	DIN5
310.7800000000	n/a	n/a	STATUS	n/a	n/a	D255
311.1720000000	n/a	n/a	STATUS	n/a	n/a	DI67
311.2240000000	n/a	n/a	STATUS	n/a	n/a	D255
311.2600000000	n/a	n/a	STATUS	n/a	n/a	DI51
311.3120000000	n/a	n/a	STATUS	n/a	n/a	D255
311.6720000000	n/a	n/a	STATUS	n/a	n/a	DI31
311.7200000000	n/a	n/a	STATUS	n/a	n/a	D255
311.9800000000	n/a	n/a	STATUS	n/a	n/a	DIN5
312.0320000000	n/a	n/a	STATUS	n/a	n/a	D255
312.4560000000	n/a	n/a	STATUS	n/a	n/a	DI72
312.5040000000	n/a	n/a	STATUS	n/a	n/a	D255
312.5440000000	n/a	n/a	STATUS	n/a	n/a	DI52
312.5920000000	n/a	n/a	STATUS	n/a	n/a	D255
312.9600000000	n/a	n/a	STATUS	n/a	n/a	DI42
313.0080000000	n/a	n/a	STATUS	n/a	n/a	D255
313.2680000000	n/a	n/a	STATUS	n/a	n/a	DIN5
313.3200000000	n/a	n/a	STATUS	n/a	n/a	D255
313.6400000000	n/a	n/a	STATUS	n/a	n/a	D242
313.6880000000	n/a	n/a	STATUS	n/a	n/a	D255
313.7240000000	n/a	n/a	STATUS	n/a	n/a	DI51
313.7760000000	n/a	n/a	STATUS	n/a	n/a	D255
314.2360000000	n/a	n/a	STATUS	n/a	n/a	DI31
314.2840000000	n/a	n/a	STATUS	n/a	n/a	D255
314.5440000000	n/a	n/a	STATUS	n/a	n/a	DIN5
314.5920000000	n/a	n/a	STATUS	n/a	n/a	D255
314.9920000000	n/a	n/a	STATUS	n/a	n/a	D151
315.0440000000	n/a	n/a	STATUS	n/a	n/a	D255
315.0800000000	n/a	n/a	STATUS	n/a	n/a	DI52
315.1320000000	n/a	n/a	STATUS	n/a	n/a	D255
315.5680000000	n/a	n/a	STATUS	n/a	n/a	DI42
315.6160000000	n/a	n/a	STATUS	n/a	n/a	D255
315.8760000000	n/a	n/a	STATUS	n/a	n/a	DIN5
315.9280000000	n/a	n/a	STATUS	n/a	n/a	D255
316.4320000000	n/a	n/a	STATUS	n/a	n/a	D186
316.4800000000	n/a	n/a	STATUS	n/a	n/a	D255
316.5200000000	n/a	n/a	STATUS	n/a	n/a	DI52
316.5680000000	n/a	n/a	STATUS	n/a	n/a	D255
316.8320000000	n/a	n/a	STATUS	n/a	n/a	DI12
316.8840000000	n/a	n/a	STATUS	n/a	n/a	D255
316.8880000000	n/a	n/a	STATUS	n/a	n/a	DIN4
316.9400000000	n/a	n/a	STATUS	n/a	n/a	D255
317.6920000000	n/a	n/a	STATUS	n/a	n/a	DIN5
317.7440000000	n/a	n/a	STATUS	n/a	n/a	D255
318.1160000000	n/a	n/a	STATUS	n/a	n/a	DI73
318.1680000000	n/a	n/a	STATUS	n/a	n/a	D255
318.2040000000	n/a	n/a	STATUS	n/a	n/a	DI53
318.2560000000	n/a	n/a	STATUS	n/a	n/a	D255
318.6440000000	n/a	n/a	STATUS	n/a	n/a	DI43
318.6960000000	n/a	n/a	STATUS	n/a	n/a	D255
318.9560000000	n/a	n/a	STATUS	n/a	n/a	DIN5
319.0040000000	n/a	n/a	STATUS	n/a	n/a	D255
319.3680000000	n/a	n/a	STATUS	n/a	n/a	D211
319.4200000000	n/a	n/a	STATUS	n/a	n/a	D255
319.4560000000	n/a	n/a	STATUS	n/a	n/a	DI54
319.5080000000	n/a	n/a	STATUS	n/a	n/a	D255
319.8480000000	n/a	n/a	STATUS	n/a	n/a	DI34
319.8960000000	n/a	n/a	STATUS	n/a	n/a	D255
320.1560000000	n/a	n/a	STATUS	n/a	n/a	DIN5
320.2080000000	n/a	n/a	STATUS	n/a	n/a	D255
320.6800000000	n/a	n/a	STATUS	n/a	n/a	D110
320.7320000000	n/a	n/a	STATUS	n/a	n/a	D255
320.7680000000	n/a	n/a	STATUS	n/a	n/a	DI53
320.8200000000	n/a	n/a	STATUS	n/a	n/a	D255
321.1680000000	n/a	n/a	STATUS	n/a	n/a	DI43
321.2200000000	n/a	n/a	STATUS	n/a	n/a	D255
321.4800000000	n/a	n/a	STATUS	n/a	n/a	DIN5
321.5280000000	n/a	n/a	STATUS	n/a	n/a	D255
321.8880000000	n/a	n/a	STATUS	n/a	n/a	D158
321.9400000000	n/a	n/a	STATUS	n/a	n/a	D255
321.9760000000	n/a	n/a	STATUS	n/a	n/a	DI54
322.0280000000	n/a	n/a	STATUS	n/a	n/a	D255
322.3720000000	n/a	n/a	STATUS	n/a	n/a	DI34
322.4240000000	n/a	n/a	STATUS	n/a	n/a	D255
322.6800000000	n/a	n/a	STATUS	n/a	n/a	DIN5
322.7320000000	n/a	n/a	STATUS	n/a	n/a	D255
323.1800000000	n/a	n/a	STATUS	n/a	n/a	D144
323.2320000000	n/a	n/a	STATUS	n/a	n/a	D255
323.2680000000	n/a	n/a	STATUS	n/a	n/a	DI53
323.3200000000	n/a	n/a	STATUS	n/a	n/a	D255
323.5920000000	n/a	n/a	STATUS	n/a	n/a	DI43
323.6440000000	n/a	n/a	STATUS	n/a	n/a	D255
323.9040000000	n/a	n/a	STATUS	n/a	n/a	DIN5
323.9520000000	n/a	n/a	STATUS	n/a	n/a	D255
324.4360000000	n/a	n/a	STATUS	n/a	n/a	D119
324.4880000000	n/a	n/a	STATUS	n/a	n/a	D255
324.5240000000	n/a	n/a	STATUS	n/a	n/a	DI51
324.5760000000	n/a	n/a	STATUS	n/a	n/a	D255
324.9080000000	n/a	n/a	STATUS	n/a	n/a	DI31
324.9600000000	n/a	n/a	STATUS	n/a	n/a	D255
325.2200000000	n/a	n/a	STATUS	n/a	n/a	DIN5
325.2680000000	n/a	n/a	STATUS	n/a	n/a	D255
325.6240000000	n/a	n/a	STATUS	n/a	n/a	DI86
325.6720000000	n/a	n/a	STATUS	n/a	n/a	D255
325.7120000000	n/a	n/a	STATUS	n/a	n/a	DI51
325.7600000000	n/a	n/a	STATUS	n/a	n/a	D255
326.2120000000	n/a	n/a	STATUS	n/a	n/a	DI31
326.2640000000	n/a	n/a	STATUS	n/a	n/a	D255
326.5240000000	n/a	n/a	STATUS	n/a	n/a	DIN5
326.5720000000	n/a	n/a	STATUS	n/a	n/a	D255
326.8960000000	n/a	n/a	STATUS	n/a	n/a	D161
326.9480000000	n/a	n/a	STATUS	n/a	n/a	D255
326.9840000000	n/a	n/a	STATUS	n/a	n/a	DI52
327.0360000000	n/a	n/a	STATUS	n/a	n/a	D255
327.3680000000	n/a	n/a	STATUS	n/a	n/a	DI42
327.4160000000	n/a	n/a	STATUS	n/a	n/a	D255
327.6760000000	n/a	n/a	STATUS	n/a	n/a	DIN5
327.7280000000	n/a	n/a	STATUS	n/a	n/a	D255
328.0400000000	n/a	n/a	STATUS	n/a	n/a	DI74
328.0920000000	n/a	n/a	STATUS	n/a	n/a	D255
328.1280000000	n/a	n/a	STATUS	n/a	n/a	DI52
328.1800000000	n/a	n/a	STATUS	n/a	n/a	D255
328.6120000000	n/a	n/a	STATUS	n/a	n/a	DI42
328.6640000000	n/a	n/a	STATUS	n/a	n/a	D255
328.9200000000	n/a	n/a	STATUS	n/a	n/a	DIN5
328.9720000000	n/a	n/a	STATUS	n/a	n/a	D255
329.4120000000	n/a	n/a	STATUS	n/a	n/a	DI85
329.4600000000	n/a	n/a	STATUS	n/a	n/a	D255
329.5000000000	n/a	n/a	STATUS	n/a	n/a	DI54
329.5480000000	n/a	n/a	STATUS	n/a	n/a	D255
329.8800000000	n/a	n/a	STATUS	n/a	n/a	DI34
329.9320000000	n/a	n/a	STATUS	n/a	n/a	D255
330.1920000000	n/a	n/a	STATUS	n/a	n/a	DIN5
330.2400000000	n/a	n/a	STATUS	n/a	n/a	D255
330.6880000000	n/a	n/a	STATUS	n/a	n/a	D232
330.7400000000	n/a	n/a	STATUS	n/a	n/a	D255
330.7760000000	n/a	n/a	STATUS	n/a	n/a	DI52
330.8280000000	n/a	n/a	STATUS	n/a	n/a	D255
331.1800000000	n/a	n/a	STATUS	n/a	n/a	DI42
331.2320000000	n/a	n/a	STATUS	n/a	n/a	D255
331.4920000000	n/a	n/a	STATUS	n/a	n/a	DIN5
331.5400000000	n/a	n/a	STATUS	n/a	n/a	D255
331.8600000000	n/a	n/a	STATUS	n/a	n/a	D138
331.9120000000	n/a	n/a	STATUS	n/a	n/a	D255
331.9480000000	n/a	n/a	STATUS	n/a	n/a	DI52
331.9960000000	n/a	n/a	STATUS	n/a	n/a	D255
332.4600000000	n/a	n/a	STATUS	n/a	n/a	DI42
332.5120000000	n/a	n/a	STATUS	n/a	n/a	D255
332.7680000000	n/a	n/a	STATUS	n/a	n/a	DIN5
332.8200000000	n/a	n/a	STATUS	n/a	n/a	D255
333.2040000000	n/a	n/a	STATUS	n/a	n/a	D169
333.2560000000	n/a	n/a	STATUS	n/a	n/a	D255
333.2920000000	n/a	n/a	STATUS	n/a	n/a	DI53
333.3440000000	n/a	n/a	STATUS	n/a	n/a	D255
333.7400000000	n/a	n/a	STATUS	n/a	n/a	DI43
333.7880000000	n/a	n/a	STATUS	n/a	n/a	D255
334.0480000000	n/a	n/a	STATUS	n/a	n/a	DIN5
334.1000000000	n/a	n/a	STATUS	n/a	n/a	D255
334.4280000000	n/a	n/a	STATUS	n/a	n/a	D184
334.4800000000	n/a	n/a	STATUS	n/a	n/a	D255
334.5160000000	n/a	n/a	STATUS	n/a	n/a	DI53
334.5680000000	n/a	n/a	STATUS	n/a	n/a	D255
334.9200000000	n/a	n/a	STATUS	n/a	n/a	DI43
334.9720000000	n/a	n/a	STATUS	n/a	n/a	D255
335.2320000000	n/a	n/a	STATUS	n/a	n/a	DIN5
335.2800000000	n/a	n/a	STATUS	n/a	n/a	D255
335.6800000000	n/a	n/a	STATUS	n/a	n/a	D245
335.7320000000	n/a	n/a	STATUS	n/a	n/a	D255
335.7680000000	n/a	n/a	STATUS	n/a	n/a	DI51
335.8160000000	n/a	n/a	STATUS	n/a	n/a	D255
336.3080000000	n/a	n/a	STATUS	n/a	n/a	DI31
336.3600000000	n/a	n/a	STATUS	n/a	n/a	D255
336.6200000000	n/a	n/a	STATUS	n/a	n/a	DIN5
336.6680000000	n/a	n/a	STATUS	n/a	n/a	D255
337.0920000000	n/a	n/a	STATUS	n/a	n/a	D141
337.1440000000	n/a	n/a	STATUS	n/a	n/a	D255
337.1800000000	n/a	n/a	STATUS	n/a	n/a	DI51
337.2320000000	n/a	n/a	STATUS	n/a	n/a	D255
337.6920000000	n/a	n/a	STATUS	n/a	n/a	DI31
337.7400000000	n/a	n/a	STATUS	n/a	n/a	D255
338.0000000000	n/a	n/a	STATUS	n/a	n/a	DIN5
338.0520000000	n/a	n/a	STATUS	n/a	n/a	D255
338.5520000000	n/a	n/a	STATUS	n/a	n/a	DI82
338.6000000000	n/a	n/a	STATUS	n/a	n/a	D255
338.6400000000	n/a	n/a	STATUS	n/a	n/a	DI53
338.6880000000	n/a	n/a	STATUS	n/a	n/a	D255
338.9440000000	n/a	n/a	STATUS	n/a	n/a	DI43
338.9960000000	n/a	n/a	STATUS	n/a	n/a	D255
339.2560000000	n/a	n/a	STATUS	n/a	n/a	DIN5
339.3040000000	n/a	n/a	STATUS	n/a	n/a	D255
339.6200000000	n/a	n/a	STATUS	n/a	n/a	DI90
339.6680000000	n/a	n/a	STATUS	n/a	n/a	D255
339.7080000000	n/a	n/a	STATUS	n/a	n/a	DI51
339.7560000000	n/a	n/a	STATUS	n/a	n/a	D255
340.0880000000	n/a	n/a	STATUS	n/a	n/a	DI31
340.1360000000	n/a	n/a	STATUS	n/a	n/a	D255
340.3960000000	n/a	n/a	STATUS	n/a	n/a	DIN5
340.4480000000	n/a	n/a	STATUS	n/a	n/a	D255
340.8280000000	n/a	n/a	STATUS	n/a	n/a	D185
340.8760000000	n/a	n/a	STATUS	n/a	n/a	D255
340.9120000000	n/a	n/a	STATUS	n/a	n/a	DI53
340.9640000000	n/a	n/a	STATUS	n/a	n/a	D255
341.3120000000	n/a	n/a	STATUS	n/a	n/a	DI43
341.3600000000	n/a	n/a	STATUS	n/a	n/a	D255
341.6200000000	n/a	n/a	STATUS	n/a	n/a	DIN5
341.6720000000	n/a	n/a	STATUS	n/a	n/a	D255
342.1400000000	n/a	n/a	STATUS	n/a	n/a	D102
342.1920000000	n/a	n/a	STATUS	n/a	n/a	D255
342.2280000000	n/a	n/a	STATUS	n/a	n/a	DI51
342.2800000000	n/a	n/a	STATUS	n/a	n/a	D255
342.6320000000	n/a	n/a	STATUS	n/a	n/a	DI31
342.6800000000	n/a	n/a	STATUS	n/a	n/a	D255
342.9400000000	n/a	n/a	STATUS	n/a	n/a	DIN5
342.9920000000	n/a	n/a	STATUS	n/a	n/a	D255
343.4760000000	n/a	n/a	STATUS	n/a	n/a	D241
343.5240000000	n/a	n/a	STATUS	n/a	n/a	D255
343.5640000000	n/a	n/a	STATUS	n/a	n/a	DI51
343.6120000000	n/a	n/a	STATUS	n/a	n/a	D255
343.8680000000	n/a	n/a	STATUS	n/a	n/a	DI21
343.9200000000	n/a	n/a	STATUS	n/a	n/a	D255
343.9240000000	n/a	n/a	STATUS	n/a	n/a	DIN4
343.9720000000	n/a	n/a	STATUS	n/a	n/a	D255
344.7280000000	n/a	n/a	STATUS	n/a	n/a	DIN5
344.7800000000	n/a	n/a	STATUS	n/a	n/a	D255
345.1080000000	n/a	n/a	STATUS	n/a	n/a	D162
345.1600000000	n/a	n/a	STATUS	n/a	n/a	D255
345.1960000000	n/a	n/a	STATUS	n/a	n/a	DI54
345.2480000000	n/a	n/a	STATUS	n/a	n/a	D255
345.5240000000	n/a	n/a	STATUS	n/a	n/a	DI34
345.5760000000	n/a	n/a	STATUS	n/a	n/a	D255
345.8320000000	n/a	n/a	STATUS	n/a	n/a	DIN5
345.8840000000	n/a	n/a	STATUS	n/a	n/a	D255
346.2680000000	n/a	n/a	STATUS	n/a	n/a	D253
346.3200000000	n/a	n/a	STATUS	n/a	n/a	D255
346.3560000000	n/a	n/a	STATUS	n/a	n/a	DI52
346.4040000000	n/a	n/a	STATUS	n/a	n/a	D255
346.8880000000	n/a	n/a	STATUS	n/a	n/a	DI42
346.9400000000	n/a	n/a	STATUS	n/a	n/a	D255
347.1960000000	n/a	n/a	STATUS	n/a	n/a	DIN5
347.2480000000	n/a	n/a	STATUS	n/a	n/a	D255
347.6240000000	n/a	n/a	STATUS	n/a	n/a	D159
347.6720000000	n/a	n/a	STATUS	n/a	n/a	D255
347.7120000000	n/a	n/a	STATUS	n/a	n/a	DI52
347.7600000000	n/a	n/a	STATUS	n/a	n/a	D255
348.2560000000	n/a	n/a	STATUS	n/a	n/a	DI42
348.3040000000	n/a	n/a	STATUS	n/a	n/a	D255
348.5640000000	n/a	n/a	STATUS	n/a	n/a	DIN5
348.6120000000	n/a	n/a	STATUS	n/a	n/a	D255
349.0280000000	n/a	n/a	STATUS	n/a	n/a	D109
349.0800000000	n/a	n/a	STATUS	n/a	n/a	D255
349.1160000000	n/a	n/a	STATUS	n/a	n/a	DI52
349.1680000000	n/a	n/a	STATUS	n/a	n/a	D255
349.5600000000	n/a	n/a	STATUS	n/a	n/a	DI42
349.6080000000	n/a	n/a	STATUS	n/a	n/a	D255
349.8680000000	n/a	n/a	STATUS	n/a	n/a	DIN5
349.9200000000	n/a	n/a	STATUS	n/a	n/a	D255
350.2480000000	n/a	n/a	STATUS	n/a	n/a	D118
350.3000000000	n/a	n/a	STATUS	n/a	n/a	D255
350.3360000000	n/a	n/a	STATUS	n/a	n/a	DI54
350.3840000000	n/a	n/a	STATUS	n/a	n/a	D255
350.6480000000	n/a	n/a	STATUS	n/a	n/a	DI34
350.7000000000	n/a	n/a	STATUS	n/a	n/a	D255
350.9600000000	n/a	n/a	STATUS	n/a	n/a	DIN5
351.0080000000	n/a	n/a	STATUS	n/a	n/a	D255
351.3800000000	n/a	n/a	STATUS	n/a	n/a	D190
351.4280000000	n/a	n/a	STATUS	n/a	n/a	D255
351.4680000000	n/a	n/a	STATUS	n/a	n/a	DI52
351.5160000000	n/a	n/a	STATUS	n/a	n/a	D255
351.9520000000	n/a	n/a	STATUS	n/a	n/a	DI42
352.0040000000	n/a	n/a	STATUS	n/a	n/a	D255
352.2600000000	n/a	n/a	STATUS	n/a	n/a	DIN5
352.3120000000	n/a	n/a	STATUS	n/a	n/a	D255
352.6800000000	n/a	n/a	STATUS	n/a	n/a	DI76
352.7320000000	n/a	n/a	STATUS	n/a	n/a	D255
352.7680000000	n/a	n/a	STATUS	n/a	n/a	DI54
352.8200000000	n/a	n/a	STATUS	n/a	n/a	D255
353.1040000000	n/a	n/a	STATUS	n/a	n/a	DI34
353.1520000000	n/a	n/a	STATUS	n/a	n/a	D255
353.4120000000	n/a	n/a	STATUS	n/a	n/a	DIN5
353.4640000000	n/a	n/a	STATUS	n/a	n/a	D255
353.7840000000	n/a	n/a	STATUS	n/a	n/a	D203
353.8320000000	n/a	n/a	STATUS	n/a	n/a	D255
353.8720000000	n/a	n/a	STATUS	n/a	n/a	DI51
353.9200000000	n/a	n/a	STATUS	n/a	n/a	D255
354.3680000000	n/a	n/a	STATUS	n/a	n/a	DI31
354.4200000000	n/a	n/a	STATUS	n/a	n/a	D255
354.6760000000	n/a	n/a	STATUS	n/a	n/a	DIN5
354.7280000000	n/a	n/a	STATUS	n/a	n/a	D255
355.0840000000	n/a	n/a	STATUS	n/a	n/a	D196
355.1320000000	n/a	n/a	STATUS	n/a	n/a	D255
355.1680000000	n/a	n/a	STATUS	n/a	n/a	DI51
355.2200000000	n/a	n/a	STATUS	n/a	n/a	D255
355.6680000000	n/a	n/a	STATUS	n/a	n/a	DI31
355.7160000000	n/a	n/a	STATUS	n/a	n/a	D255
355.9760000000	n/a	n/a	STATUS	n/a	n/a	DIN5
356.0280000000	n/a	n/a	STATUS	n/a	n/a	D255
356.4120000000	n/a	n/a	STATUS	n/a	n/a	D157
356.4640000000	n/a	n/a	STATUS	n/a	n/a	D255
356.5000000000	n/a	n/a	STATUS	n/a	n/a	DI54
356.5480000000	n/a	n/a	STATUS	n/a	n/a	D255
356.8520000000	n/a	n/a	STATUS	n/a	n/a	DI34
356.9040000000	n/a	n/a	STATUS	n/a	n/a	D255
357.1640000000	n/a	n/a	STATUS	n/a	n/a	DIN5
357.2120000000	n/a	n/a	STATUS	n/a	n/a	D255
357.5880000000	n/a	n/a	STATUS	n/a	n/a	D230
357.6360000000	n/a	n/a	STATUS	n/a	n/a	D255
357.6760000000	n/a	n/a	STATUS	n/a	n/a	DI54
357.7240000000	n/a	n/a	STATUS	n/a	n/a	D255
358.0880000000	n/a	n/a	STATUS	n/a	n/a	DI34
358.1360000000	n/a	n/a	STATUS	n/a	n/a	D255
358.3960000000	n/a	n/a	STATUS	n/a	n/a	DIN5
358.4480000000	n/a	n/a	STATUS	n/a	n/a	D255
358.9200000000	n/a	n/a	STATUS	n/a	n/a	D108
358.9720000000	n/a	n/a	STATUS	n/a	n/a	D255
359.0080000000	n/a	n/a	STATUS	n/a	n/a	DI51
359.0600000000	n/a	n/a	STATUS	n/a	n/a	D255
359.2920000000	n/a	n/a	STATUS	n/a	n/a	DI21
359.3400000000	n/a	n/a	STATUS	n/a	n/a	D255
359.3440000000	n/a	n/a	STATUS	n/a	n/a	DIN4
359.3960000000	n/a	n/a	STATUS	n/a	n/a	D255
360.1480000000	n/a	n/a	STATUS	n/a	n/a	DIN5
360.2000000000	n/a	n/a	STATUS	n/a	n/a	D255
360.5800000000	n/a	n/a	STATUS	n/a	n/a	D236
360.6280000000	n/a	n/a	STATUS	n/a	n/a	D255
360.6680000000	n/a	n/a	STATUS	n/a	n/a	DI51
360.7160000000	n/a	n/a	STATUS	n/a	n/a	D255
361.1160000000	n/a	n/a	STATUS	n/a	n/a	DI31
361.1680000000	n/a	n/a	STATUS	n/a	n/a	D255
361.4280000000	n/a	n/a	STATUS	n/a	n/a	DIN5
361.4760000000	n/a	n/a	STATUS	n/a	n/a	D255
361.8680000000	n/a	n/a	STATUS	n/a	n/a	D123
361.9160000000	n/a	n/a	STATUS	n/a	n/a	D255
361.9520000000	n/a	n/a	STATUS	n/a	n/a	DI52
362.0040000000	n/a	n/a	STATUS	n/a	n/a	D255
362.3680000000	n/a	n/a	STATUS	n/a	n/a	DI42
362.4160000000	n/a	n/a	STATUS	n/a	n/a	D255
362.6760000000	n/a	n/a	STATUS	n/a	n/a	DIN5
362.7280000000	n/a	n/a	STATUS	n/a	n/a	D255
363.1560000000	n/a	n/a	STATUS	n/a	n/a	DI66
363.2080000000	n/a	n/a	STATUS	n/a	n/a	D255
363.2440000000	n/a	n/a	STATUS	n/a	n/a	DI53
363.2960000000	n/a	n/a	STATUS	n/a	n/a	D255
363.6600000000	n/a	n/a	STATUS	n/a	n/a	DI43
363.7120000000	n/a	n/a	STATUS	n/a	n/a	D255
363.9680000000	n/a	n/a	STATUS	n/a	n/a	DIN5
364.0200000000	n/a	n/a	STATUS	n/a	n/a	D255
364.3640000000	n/a	n/a	STATUS	n/a	n/a	D182
364.4160000000	n/a	n/a	STATUS	n/a	n/a	D255
364.4520000000	n/a	n/a	STATUS	n/a	n/a	DI51
364.5040000000	n/a	n/a	STATUS	n/a	n/a	D255
364.8840000000	n/a	n/a	STATUS	n/a	n/a	DI31
364.9320000000	n/a	n/a	STATUS	n/a	n/a	D255
365.1920000000	n/a	n/a	STATUS	n/a	n/a	DIN5
365.2400000000	n/a	n/a	STATUS	n/a	n/a	D229
365.2440000000	n/a	n/a	STATUS	n/a	n/a	D255
365.6960000000	n/a	n/a	STATUS	n/a	n/a	D140
365.7480000000	n/a	n/a	STATUS	n/a	n/a	D255
365.7840000000	n/a	n/a	STATUS	n/a	n/a	DI52
365.8360000000	n/a	n/a	STATUS	n/a	n/a	D255
366.1440000000	n/a	n/a	STATUS	n/a	n/a	DI12
366.1960000000	n/a	n/a	STATUS	n/a	n/a	D255
366.2000000000	n/a	n/a	STATUS	n/a	n/a	DIN4
366.2480000000	n/a	n/a	STATUS	n/a	n/a	D255
367.0040000000	n/a	n/a	STATUS	n/a	n/a	DIN5
367.0560000000	n/a	n/a	STATUS	n/a	n/a	D255
367.4200000000	n/a	n/a	STATUS	n/a	n/a	D171
367.4680000000	n/a	n/a	STATUS	n/a	n/a	D255
367.5040000000	n/a	n/a	STATUS	n/a	n/a	DI51
367.5560000000	n/a	n/a	STATUS	n/a	n/a	D255
367.9320000000	n/a	n/a	STATUS	n/a	n/a	DI31
367.9800000000	n/a	n/a	STATUS	n/a	n/a	D255
368.2400000000	n/a	n/a	STATUS	n/a	n/a	DIN5
368.2920000000	n/a	n/a	STATUS	n/a	n/a	D255
368.7680000000	n/a	n/a	STATUS	n/a	n/a	DI91
368.8200000000	n/a	n/a	STATUS	n/a	n/a	D255
368.8560000000	n/a	n/a	STATUS	n/a	n/a	DI51
368.9080000000	n/a	n/a	STATUS	n/a	n/a	D255
369.2760000000	n/a	n/a	STATUS	n/a	n/a	DI31
369.3240000000	n/a	n/a	STATUS	n/a	n/a	D255
369.5840000000	n/a	n/a	STATUS	n/a	n/a	DIN5
369.6360000000	n/a	n/a	STATUS	n/a	n/a	D255
369.9880000000	n/a	n/a	STATUS	n/a	n/a	DI78
370.0400000000	n/a	n/a	STATUS	n/a	n/a	D255
370.0800000000	n/a	n/a	STATUS	n/a	n/a	DI52
370.1280000000	n/a	n/a	STATUS	n/a	n/a	D255
370.4800000000	n/a	n/a	STATUS	n/a	n/a	DI12
370.5320000000	n/a	n/a	STATUS	n/a	n/a	D255
370.5360000000	n/a	n/a	STATUS	n/a	n/a	DIN4
370.5840000000	n/a	n/a	STATUS	n/a	n/a	D255
371.3400000000	n/a	n/a	STATUS	n/a	n/a	DIN5
371.3920000000	n/a	n/a	STATUS	n/a	n/a	D255
371.7920000000	n/a	n/a	STATUS	n/a	n/a	D247
371.8400000000	n/a	n/a	STATUS	n/a	n/a	D255
371.8800000000	n/a	n/a	STATUS	n/a	n/a	DI51
371.9280000000	n/a	n/a	STATUS	n/a	n/a	D255
372.2680000000	n/a	n/a	STATUS	n/a	n/a	DI21
372.3200000000	n/a	n/a	STATUS	n/a	n/a	D255
372.3240000000	n/a	n/a	STATUS	n/a	n/a	DIN4
372.3760000000	n/a	n/a	STATUS	n/a	n/a	D255
373.1280000000	n/a	n/a	STATUS	n/a	n/a	DIN5
373.1800000000	n/a	n/a	STATUS	n/a	n/a	D255
373.6040000000	n/a	n/a	STATUS	n/a	n/a	DI97
373.6560000000	n/a	n/a	STATUS	n/a	n/a	D255
373.6920000000	n/a	n/a	STATUS	n/a	n/a	DI54
373.7400000000	n/a	n/a	STATUS	n/a	n/a	D255
373.9760000000	n/a	n/a	STATUS	n/a	n/a	DI34
374.0280000000	n/a	n/a	STATUS	n/a	n/a	D255
374.2840000000	n/a	n/a	STATUS	n/a	n/a	DIN5
374.3360000000	n/a	n/a	STATUS	n/a	n/a	D255
374.7280000000	n/a	n/a	STATUS	n/a	n/a	D100
374.7800000000	n/a	n/a	STATUS	n/a	n/a	D255
374.8160000000	n/a	n/a	STATUS	n/a	n/a	DI54
374.8680000000	n/a	n/a	STATUS	n/a	n/a	D255
375.1600000000	n/a	n/a	STATUS	n/a	n/a	DI34
375.2080000000	n/a	n/a	STATUS	n/a	n/a	D255
375.4680000000	n/a	n/a	STATUS	n/a	n/a	DIN5
375.5160000000	n/a	n/a	STATUS	n/a	n/a	D255
375.8760000000	n/a	n/a	STATUS	n/a	n/a	D210
375.9280000000	n/a	n/a	STATUS	n/a	n/a	D255
375.9640000000	n/a	n/a	STATUS	n/a	n/a	DI53
376.0160000000	n/a	n/a	STATUS	n/a	n/a	D255
376.3040000000	n/a	n/a	STATUS	n/a	n/a	DI43
376.3560000000	n/a	n/a	STATUS	n/a	n/a	D255
376.6160000000	n/a	n/a	STATUS	n/a	n/a	DIN5
376.6640000000	n/a	n/a	STATUS	n/a	n/a	D255
377.1240000000	n/a	n/a	STATUS	n/a	n/a	D124
377.1760000000	n/a	n/a	STATUS	n/a	n/a	D255
377.2120000000	n/a	n/a	STATUS	n/a	n/a	DI52
377.2640000000	n/a	n/a	STATUS	n/a	n/a	D255
378.2920000000	n/a	n/a	STATUS	n/a	n/a	DIN3
378.3440000000	n/a	n/a	STATUS	n/a	n/a	D255
379.0960000000	n/a	n/a	STATUS	n/a	n/a	DIN5
379.1480000000	n/a	n/a	STATUS	n/a	n/a	D255
379.4960000000	n/a	n/a	STATUS	n/a	n/a	D172
379.5480000000	n/a	n/a	STATUS	n/a	n/a	D255
379.5840000000	n/a	n/a	STATUS	n/a	n/a	DI51
379.6360000000	n/a	n/a	STATUS	n/a	n/a	D255
380.6560000000	n/a	n/a	STATUS	n/a	n/a	DIN3
380.7080000000	n/a	n/a	STATUS	n/a	n/a	D255
381.4640000000	n/a	n/a	STATUS	n/a	n/a	DIN5
381.5120000000	n/a	n/a	STATUS	n/a	n/a	D255
381.8520000000	n/a	n/a	STATUS	n/a	n/a	D238
381.9040000000	n/a	n/a	STATUS	n/a	n/a	D255
381.9400000000	n/a	n/a	STATUS	n/a	n/a	DI53
381.9920000000	n/a	n/a	STATUS	n/a	n/a	D255
382.2680000000	n/a	n/a	STATUS	n/a	n/a	DI43
382.3160000000	n/a	n/a	STATUS	n/a	n/a	D255
382.5760000000	n/a	n/a	STATUS	n/a	n/a	DIN5
382.6280000000	n/a	n/a	STATUS	n/a	n/a	D255
383.0520000000	n/a	n/a	STATUS	n/a	n/a	DI71
383.1000000000	n/a	n/a	STATUS	n/a	n/a	D255
383.1400000000	n/a	n/a	STATUS	n/a	n/a	DI54
383.1880000000	n/a	n/a	STATUS	n/a	n/a	D255
383.4480000000	n/a	n/a	STATUS	n/a	n/a	DI34
383.5000000000	n/a	n/a	STATUS	n/a	n/a	D255
383.7600000000	n/a	n/a	STATUS	n/a	n/a	DIN5
383.8080000000	n/a	n/a	STATUS	n/a	n/a	D255
384.2080000000	n/a	n/a	STATUS	n/a	n/a	D150
384.2600000000	n/a	n/a	STATUS	n/a	n/a	D255
384.2960000000	n/a	n/a	STATUS	n/a	n/a	DI54
384.3480000000	n/a	n/a	STATUS	n/a	n/a	D255
384.6040000000	n/a	n/a	STATUS	n/a	n/a	DI34
384.6520000000	n/a	n/a	STATUS	n/a	n/a	D255
384.9120000000	n/a	n/a	STATUS	n/a	n/a	DIN5
384.9640000000	n/a	n/a	STATUS	n/a	n/a	D255
385.4680000000	n/a	n/a	STATUS	n/a	n/a	D115
385.5160000000	n/a	n/a	STATUS	n/a	n/a	D255
385.5560000000	n/a	n/a	STATUS	n/a	n/a	DI53
385.6040000000	n/a	n/a	STATUS	n/a	n/a	D255
385.8840000000	n/a	n/a	STATUS	n/a	n/a	DI43
385.9360000000	n/a	n/a	STATUS	n/a	n/a	D255
386.1920000000	n/a	n/a	STATUS	n/a	n/a	DIN5
386.2440000000	n/a	n/a	STATUS	n/a	n/a	D255
386.6840000000	n/a	n/a	STATUS	n/a	n/a	D198
386.7320000000	n/a	n/a	STATUS	n/a	n/a	D255
386.7720000000	n/a	n/a	STATUS	n/a	n/a	DI54
386.8200000000	n/a	n/a	STATUS	n/a	n/a	D255
387.0200000000	n/a	n/a	STATUS	n/a	n/a	DI34
387.0680000000	n/a	n/a	STATUS	n/a	n/a	D255
387.3280000000	n/a	n/a	STATUS	n/a	n/a	DIN5
387.3800000000	n/a	n/a	STATUS	n/a	n/a	D255
387.8160000000	n/a	n/a	STATUS	n/a	n/a	D139
387.8680000000	n/a	n/a	STATUS	n/a	n/a	D255
387.9080000000	n/a	n/a	STATUS	n/a	n/a	DI53
387.9560000000	n/a	n/a	STATUS	n/a	n/a	D255
388.2280000000	n/a	n/a	STATUS	n/a	n/a	DI43
388.2760000000	n/a	n/a	STATUS	n/a	n/a	D255
388.5360000000	n/a	n/a	STATUS	n/a	n/a	DIN5
388.5880000000	n/a	n/a	STATUS	n/a	n/a	D255
389.0040000000	n/a	n/a	STATUS	n/a	n/a	D209
389.0560000000	n/a	n/a	STATUS	n/a	n/a	D255
389.0960000000	n/a	n/a	STATUS	n/a	n/a	DI54
389.1440000000	n/a	n/a	STATUS	n/a	n/a	D255
389.3960000000	n/a	n/a	STATUS	n/a	n/a	DI34
389.4480000000	n/a	n/a	STATUS	n/a	n/a	D255
389.7080000000	n/a	n/a	STATUS	n/a	n/a	DIN5
389.7560000000	n/a	n/a	STATUS	n/a	n/a	D255
390.1080000000	n/a	n/a	STATUS	n/a	n/a	D204
390.1560000000	n/a	n/a	STATUS	n/a	n/a	D255
390.1920000000	n/a	n/a	STATUS	n/a	n/a	DI52
390.2440000000	n/a	n/a	STATUS	n/a	n/a	D255
390.4800000000	n/a	n/a	STATUS	n/a	n/a	DI12
390.5320000000	n/a	n/a	STATUS	n/a	n/a	D255
390.5360000000	n/a	n/a	STATUS	n/a	n/a	DIN4
390.5880000000	n/a	n/a	STATUS	n/a	n/a	D255
391.3400000000	n/a	n/a	STATUS	n/a	n/a	DIN5
391.3920000000	n/a	n/a	STATUS	n/a	n/a	D255
391.8440000000	n/a	n/a	STATUS	n/a	n/a	D132
391.8960000000	n/a	n/a	STATUS	n/a	n/a	D255
391.9320000000	n/a	n/a	STATUS	n/a	n/a	DI52
391.9840000000	n/a	n/a	STATUS	n/a	n/a	D255
393.0000000000	n/a	n/a	STATUS	n/a	n/a	DIN3
393.0520000000	n/a	n/a	STATUS	n/a	n/a	D255
393.8080000000	n/a	n/a	STATUS	n/a	n/a	DIN5
393.8560000000	n/a	n/a	STATUS	n/a	n/a	D255
394.3520000000	n/a	n/a	STATUS	n/a	n/a	D131
394.4000000000	n/a	n/a	STATUS	n/a	n/a	D255
394.4400000000	n/a	n/a	STATUS	n/a	n/a	DI54
394.4880000000	n/a	n/a	STATUS	n/a	n/a	D255
394.7760000000	n/a	n/a	STATUS	n/a	n/a	DI34
394.8280000000	n/a	n/a	STATUS	n/a	n/a	D255
395.0880000000	n/a	n/a	STATUS	n/a	n/a	DIN5
395.1360000000	n/a	n/a	STATUS	n/a	n/a	D255
395.5160000000	n/a	n/a	STATUS	n/a	n/a	D133
395.5680000000	n/a	n/a	STATUS	n/a	n/a	D255
395.6040000000	n/a	n/a	STATUS	n/a	n/a	DI54
395.6520000000	n/a	n/a	STATUS	n/a	n/a	D255
395.9800000000	n/a	n/a	STATUS	n/a	n/a	DI34
396.0320000000	n/a	n/a	STATUS	n/a	n/a	D255
396.2880000000	n/a	n/a	STATUS	n/a	n/a	DIN5
396.3400000000	n/a	n/a	STATUS	n/a	n/a	D255
396.7480000000	n/a	n/a	STATUS	n/a	n/a	D215
396.8000000000	n/a	n/a	STATUS	n/a	n/a	D255
396.8360000000	n/a	n/a	STATUS	n/a	n/a	DI51
396.8880000000	n/a	n/a	STATUS	n/a	n/a	D255
397.1400000000	n/a	n/a	STATUS	n/a	n/a	DI21
397.1920000000	n/a	n/a	STATUS	n/a	n/a	D255
397.1960000000	n/a	n/a	STATUS	n/a	n/a	DIN4
397.2440000000	n/a	n/a	STATUS	n/a	n/a	D255
398.0000000000	n/a	n/a	STATUS	n/a	n/a	DIN5
398.0520000000	n/a	n/a	STATUS	n/a	n/a	D255
398.4440000000	n/a	n/a	STATUS	n/a	n/a	D208
398.4960000000	n/a	n/a	STATUS	n/a	n/a	D255
398.5320000000	n/a	n/a	STATUS	n/a	n/a	DI54
398.5840000000	n/a	n/a	STATUS	n/a	n/a	D255
398.8440000000	n/a	n/a	STATUS	n/a	n/a	DI34
398.8920000000	n/a	n/a	STATUS	n/a	n/a	D255
399.1520000000	n/a	n/a	STATUS	n/a	n/a	DIN5
399.2040000000	n/a	n/a	STATUS	n/a	n/a	D255
399.5320000000	n/a	n/a	STATUS	n/a	n/a	D181
399.5840000000	n/a	n/a	STATUS	n/a	n/a	D255
399.6200000000	n/a	n/a	STATUS	n/a	n/a	DI54
399.6720000000	n/a	n/a	STATUS	n/a	n/a	D255
399.9080000000	n/a	n/a	STATUS	n/a	n/a	DI34
399.9600000000	n/a	n/a	STATUS	n/a	n/a	D255
400.2200000000	n/a	n/a	STATUS	n/a	n/a	DIN5
400.2680000000	n/a	n/a	STATUS	n/a	n/a	D255
400.7200000000	n/a	n/a	STATUS	n/a	n/a	D130
400.7680000000	n/a	n/a	STATUS	n/a	n/a	D255
400.8040000000	n/a	n/a	STATUS	n/a	n/a	DI52
400.8560000000	n/a	n/a	STATUS	n/a	n/a	D255
401.0920000000	n/a	n/a	STATUS	n/a	n/a	DI12
401.1440000000	n/a	n/a	STATUS	n/a	n/a	D255
401.1480000000	n/a	n/a	STATUS	n/a	n/a	DIN4
401.2000000000	n/a	n/a	STATUS	n/a	n/a	D255
401.9560000000	n/a	n/a	STATUS	n/a	n/a	DIN5
402.0040000000	n/a	n/a	STATUS	n/a	n/a	D255
402.3720000000	n/a	n/a	STATUS	n/a	n/a	D135
402.4240000000	n/a	n/a	STATUS	n/a	n/a	D255
402.4600000000	n/a	n/a	STATUS	n/a	n/a	DI53
402.5120000000	n/a	n/a	STATUS	n/a	n/a	D255
402.7760000000	n/a	n/a	STATUS	n/a	n/a	DI43
402.8280000000	n/a	n/a	STATUS	n/a	n/a	D255
403.0880000000	n/a	n/a	STATUS	n/a	n/a	DIN5
403.1360000000	n/a	n/a	STATUS	n/a	n/a	D255
403.5360000000	n/a	n/a	STATUS	n/a	n/a	D129
403.5880000000	n/a	n/a	STATUS	n/a	n/a	D255
403.6240000000	n/a	n/a	STATUS	n/a	n/a	DI53
403.6760000000	n/a	n/a	STATUS	n/a	n/a	D255
403.9440000000	n/a	n/a	STATUS	n/a	n/a	DI43
403.9920000000	n/a	n/a	STATUS	n/a	n/a	D255
404.2520000000	n/a	n/a	STATUS	n/a	n/a	DIN5
404.3000000000	n/a	n/a	STATUS	n/a	n/a	D255
404.6680000000	n/a	n/a	STATUS	n/a	n/a	D223
404.7160000000	n/a	n/a	STATUS	n/a	n/a	D255
404.7520000000	n/a	n/a	STATUS	n/a	n/a	DI53
404.8040000000	n/a	n/a	STATUS	n/a	n/a	D255
405.0720000000	n/a	n/a	STATUS	n/a	n/a	DI43
405.1200000000	n/a	n/a	STATUS	n/a	n/a	D255
405.3800000000	n/a	n/a	STATUS	n/a	n/a	DIN5
405.4320000000	n/a	n/a	STATUS	n/a	n/a	D255
405.7640000000	n/a	n/a	STATUS	n/a	n/a	D222
405.8160000000	n/a	n/a	STATUS	n/a	n/a	D255
405.8520000000	n/a	n/a	STATUS	n/a	n/a	DI52
405.9000000000	n/a	n/a	STATUS	n/a	n/a	D255
406.1280000000	n/a	n/a	STATUS	n/a	n/a	DI12
406.1800000000	n/a	n/a	STATUS	n/a	n/a	D255
406.1840000000	n/a	n/a	STATUS	n/a	n/a	DIN4
406.2320000000	n/a	n/a	STATUS	n/a	n/a	D255
406.9880000000	n/a	n/a	STATUS	n/a	n/a	DIN5
407.0400000000	n/a	n/a	STATUS	n/a	n/a	D255
407.4840000000	n/a	n/a	STATUS	n/a	n/a	D250
407.5320000000	n/a	n/a	STATUS	n/a	n/a	D255
407.5720000000	n/a	n/a	STATUS	n/a	n/a	DI52
407.6200000000	n/a	n/a	STATUS	n/a	n/a	D255
408.6440000000	n/a	n/a	STATUS	n/a	n/a	DIN3
408.6960000000	n/a	n/a	STATUS	n/a	n/a	D255
409.4520000000	n/a	n/a	STATUS	n/a	n/a	DIN5
409.5000000000	n/a	n/a	STATUS	n/a	n/a	D255
409.8360000000	n/a	n/a	STATUS	n/a	n/a	DI94
409.8840000000	n/a	n/a	STATUS	n/a	n/a	D255
409.9200000000	n/a	n/a	STATUS	n/a	n/a	DI54
409.9720000000	n/a	n/a	STATUS	n/a	n/a	D255
410.2240000000	n/a	n/a	STATUS	n/a	n/a	DI34
410.2760000000	n/a	n/a	STATUS	n/a	n/a	D255
410.5320000000	n/a	n/a	STATUS	n/a	n/a	DIN5
410.5840000000	n/a	n/a	STATUS	n/a	n/a	D255
410.9160000000	n/a	n/a	STATUS	n/a	n/a	D136
410.9680000000	n/a	n/a	STATUS	n/a	n/a	D255
411.0040000000	n/a	n/a	STATUS	n/a	n/a	DI53
411.0560000000	n/a	n/a	STATUS	n/a	n/a	D255
411.2680000000	n/a	n/a	STATUS	n/a	n/a	DI43
411.3200000000	n/a	n/a	STATUS	n/a	n/a	D255
411.5800000000	n/a	n/a	STATUS	n/a	n/a	DIN5
411.6280000000	n/a	n/a	STATUS	n/a	n/a	D255
412.0680000000	n/a	n/a	STATUS	n/a	n/a	DI88
412.1200000000	n/a	n/a	STATUS	n/a	n/a	D255
412.1560000000	n/a	n/a	STATUS	n/a	n/a	DI51
412.2080000000	n/a	n/a	STATUS	n/a	n/a	D255
412.4360000000	n/a	n/a	STATUS	n/a	n/a	DI21
412.4840000000	n/a	n/a	STATUS	n/a	n/a	D255
412.4880000000	n/a	n/a	STATUS	n/a	n/a	DIN4
412.5400000000	n/a	n/a	STATUS	n/a	n/a	D255
413.2960000000	n/a	n/a	STATUS	n/a	n/a	DIN5
413.3440000000	n/a	n/a	STATUS	n/a	n/a	D255
413.8440000000	n/a	n/a	STATUS	n/a	n/a	D145
413.8960000000	n/a	n/a	STATUS	n/a	n/a	D255
413.9320000000	n/a	n/a	STATUS	n/a	n/a	DI53
413.9840000000	n/a	n/a	STATUS	n/a	n/a	D255
414.2600000000	n/a	n/a	STATUS	n/a	n/a	DI43
414.3080000000	n/a	n/a	STATUS	n/a	n/a	D255
414.5680000000	n/a	n/a	STATUS	n/a	n/a	DIN5
414.6200000000	n/a	n/a	STATUS	n/a	n/a	D255
415.1120000000	n/a	n/a	STATUS	n/a	n/a	D156
415.1640000000	n/a	n/a	STATUS	n/a	n/a	D255
415.2000000000	n/a	n/a	STATUS	n/a	n/a	DI52
415.2480000000	n/a	n/a	STATUS	n/a	n/a	D255
416.2760000000	n/a	n/a	STATUS	n/a	n/a	DIN3
416.3240000000	n/a	n/a	STATUS	n/a	n/a	D255
417.0800000000	n/a	n/a	STATUS	n/a	n/a	DIN5
417.1320000000	n/a	n/a	STATUS	n/a	n/a	D255
417.6240000000	n/a	n/a	STATUS	n/a	n/a	D121
417.6760000000	n/a	n/a	STATUS	n/a	n/a	D255
417.7120000000	n/a	n/a	STATUS	n/a	n/a	DI52
417.7640000000	n/a	n/a	STATUS	n/a	n/a	D255
418.3400000000	n/a	n/a	STATUS	n/a	n/a	DI42
418.3920000000	n/a	n/a	STATUS	n/a	n/a	D255
418.6520000000	n/a	n/a	STATUS	n/a	n/a	DIN5
418.7000000000	n/a	n/a	STATUS	n/a	n/a	D255
419.1320000000	n/a	n/a	STATUS	n/a	n/a	D244
419.1800000000	n/a	n/a	STATUS	n/a	n/a	D255
419.2160000000	n/a	n/a	STATUS	n/a	n/a	DI54
419.2680000000	n/a	n/a	STATUS	n/a	n/a	D255
419.5000000000	n/a	n/a	STATUS	n/a	n/a	DI34
419.5480000000	n/a	n/a	STATUS	n/a	n/a	D255
419.8080000000	n/a	n/a	STATUS	n/a	n/a	DIN5
419.8600000000	n/a	n/a	STATUS	n/a	n/a	D255
420.3600000000	n/a	n/a	STATUS	n/a	n/a	D189
420.4080000000	n/a	n/a	STATUS	n/a	n/a	D255
420.4480000000	n/a	n/a	STATUS	n/a	n/a	DI53
420.4960000000	n/a	n/a	STATUS	n/a	n/a	D255
420.7160000000	n/a	n/a	STATUS	n/a	n/a	DI43
420.7680000000	n/a	n/a	STATUS	n/a	n/a	D255
421.0280000000	n/a	n/a	STATUS	n/a	n/a	DIN5
421.0760000000	n/a	n/a	STATUS	n/a	n/a	D255
421.5320000000	n/a	n/a	STATUS	n/a	n/a	D216
421.5840000000	n/a	n/a	STATUS	n/a	n/a	D255
421.6200000000	n/a	n/a	STATUS	n/a	n/a	DI53
421.6720000000	n/a	n/a	STATUS	n/a	n/a	D255
421.8840000000	n/a	n/a	STATUS	n/a	n/a	DI43
421.9360000000	n/a	n/a	STATUS	n/a	n/a	D255
422.1960000000	n/a	n/a	STATUS	n/a	n/a	DIN5
422.2440000000	n/a	n/a	STATUS	n/a	n/a	D255
422.6200000000	n/a	n/a	STATUS	n/a	n/a	D122
422.6720000000	n/a	n/a	STATUS	n/a	n/a	D255
422.7080000000	n/a	n/a	STATUS	n/a	n/a	DI54
422.7600000000	n/a	n/a	STATUS	n/a	n/a	D255
423.0000000000	n/a	n/a	STATUS	n/a	n/a	DI34
423.0520000000	n/a	n/a	STATUS	n/a	n/a	D255
423.3120000000	n/a	n/a	STATUS	n/a	n/a	DIN5
423.3600000000	n/a	n/a	STATUS	n/a	n/a	D255
423.8600000000	n/a	n/a	STATUS	n/a	n/a	D120
423.9120000000	n/a	n/a	STATUS	n/a	n/a	D255
423.9480000000	n/a	n/a	STATUS	n/a	n/a	DI51
424.0000000000	n/a	n/a	STATUS	n/a	n/a	D255
424.2040000000	n/a	n/a	STATUS	n/a	n/a	DI21
424.2560000000	n/a	n/a	STATUS	n/a	n/a	D255
424.2600000000	n/a	n/a	STATUS	n/a	n/a	DIN4
424.3080000000	n/a	n/a	STATUS	n/a	n/a	D255
425.0640000000	n/a	n/a	STATUS	n/a	n/a	DIN5
425.1160000000	n/a	n/a	STATUS	n/a	n/a	D255
425.5600000000	n/a	n/a	STATUS	n/a	n/a	D231
425.6080000000	n/a	n/a	STATUS	n/a	n/a	D255
425.6480000000	n/a	n/a	STATUS	n/a	n/a	DI52
425.6960000000	n/a	n/a	STATUS	n/a	n/a	D255
425.9720000000	n/a	n/a	STATUS	n/a	n/a	DI12
426.0200000000	n/a	n/a	STATUS	n/a	n/a	D255
426.0280000000	n/a	n/a	STATUS	n/a	n/a	DIN4
426.0760000000	n/a	n/a	STATUS	n/a	n/a	D255
442.7400000000	n/a	n/a	STATUS	n/a	n/a	DIN5
442.7920000000	n/a	n/a	STATUS	n/a	n/a	D255
443.2880000000	n/a	n/a	STATUS	n/a	n/a	D164
443.3400000000	n/a	n/a	STATUS	n/a	n/a	D255
443.3760000000	n/a	n/a	STATUS	n/a	n/a	DI52
443.4280000000	n/a	n/a	STATUS	n/a	n/a	D255
443.7640000000	n/a	n/a	STATUS	n/a	n/a	DI42
443.8160000000	n/a	n/a	STATUS	n/a	n/a	D255
444.0720000000	n/a	n/a	STATUS	n/a	n/a	DIN5
444.1240000000	n/a	n/a	STATUS	n/a	n/a	D255
444.5440000000	n/a	n/a	STATUS	n/a	n/a	DI76
444.5920000000	n/a	n/a	STATUS	n/a	n/a	D255
444.6320000000	n/a	n/a	STATUS	n/a	n/a	DI53
444.6800000000	n/a	n/a	STATUS	n/a	n/a	D255
444.9440000000	n/a	n/a	STATUS	n/a	n/a	DI43
444.9960000000	n/a	n/a	STATUS	n/a	n/a	D255
445.2560000000	n/a	n/a	STATUS	n/a	n/a	DIN5
445.3040000000	n/a	n/a	STATUS	n/a	n/a	D255
445.7640000000	n/a	n/a	STATUS	n/a	n/a	D172
445.8160000000	n/a	n/a	STATUS	n/a	n/a	D255
445.8520000000	n/a	n/a	STATUS	n/a	n/a	DI54
445.9000000000	n/a	n/a	STATUS	n/a	n/a	D255
446.1320000000	n/a	n/a	STATUS	n/a	n/a	DI34
446.1840000000	n/a	n/a	STATUS	n/a	n/a	D255
446.4400000000	n/a	n/a	STATUS	n/a	n/a	DIN5
446.4920000000	n/a	n/a	STATUS	n/a	n/a	D255
446.9160000000	n/a	n/a	STATUS	n/a	n/a	D196
446.9680000000	n/a	n/a	STATUS	n/a	n/a	D255
447.0040000000	n/a	n/a	STATUS	n/a	n/a	DI52
447.0560000000	n/a	n/a	STATUS	n/a	n/a	D255
447.3120000000	n/a	n/a	STATUS	n/a	n/a	DI12
447.3640000000	n/a	n/a	STATUS	n/a	n/a	D255
447.3680000000	n/a	n/a	STATUS	n/a	n/a	DIN4
447.4200000000	n/a	n/a	STATUS	n/a	n/a	D255
448.1720000000	n/a	n/a	STATUS	n/a	n/a	DIN5
448.2240000000	n/a	n/a	STATUS	n/a	n/a	D255
448.6080000000	n/a	n/a	STATUS	n/a	n/a	D218
448.6600000000	n/a	n/a	STATUS	n/a	n/a	D255
448.6960000000	n/a	n/a	STATUS	n/a	n/a	DI54
448.7480000000	n/a	n/a	STATUS	n/a	n/a	D255
449.0360000000	n/a	n/a	STATUS	n/a	n/a	DI34
449.0840000000	n/a	n/a	STATUS	n/a	n/a	D255
449.3440000000	n/a	n/a	STATUS	n/a	n/a	DIN5
449.3960000000	n/a	n/a	STATUS	n/a	n/a	D255
449.7640000000	n/a	n/a	STATUS	n/a	n/a	D143
449.8160000000	n/a	n/a	STATUS	n/a	n/a	D255
449.8520000000	n/a	n/a	STATUS	n/a	n/a	DI54
449.9040000000	n/a	n/a	STATUS	n/a	n/a	D255
450.2040000000	n/a	n/a	STATUS	n/a	n/a	DI34
450.2560000000	n/a	n/a	STATUS	n/a	n/a	D255
450.5160000000	n/a	n/a	STATUS	n/a	n/a	DIN5
450.5640000000	n/a	n/a	STATUS	n/a	n/a	D255
451.0080000000	n/a	n/a	STATUS	n/a	n/a	D226
451.0600000000	n/a	n/a	STATUS	n/a	n/a	D255
451.0960000000	n/a	n/a	STATUS	n/a	n/a	DI52
451.1480000000	n/a	n/a	STATUS	n/a	n/a	D255
451.5440000000	n/a	n/a	STATUS	n/a	n/a	DI42
451.5960000000	n/a	n/a	STATUS	n/a	n/a	D255
451.8560000000	n/a	n/a	STATUS	n/a	n/a	DIN5
451.9040000000	n/a	n/a	STATUS	n/a	n/a	D255
452.2600000000	n/a	n/a	STATUS	n/a	n/a	D161
452.3120000000	n/a	n/a	STATUS	n/a	n/a	D255
452.3480000000	n/a	n/a	STATUS	n/a	n/a	DI52
452.4000000000	n/a	n/a	STATUS	n/a	n/a	D255
452.7440000000	n/a	n/a	STATUS	n/a	n/a	DI42
452.7920000000	n/a	n/a	STATUS	n/a	n/a	D255
453.0520000000	n/a	n/a	STATUS	n/a	n/a	DIN5
453.1040000000	n/a	n/a	STATUS	n/a	n/a	D255
453.4640000000	n/a	n/a	STATUS	n/a	n/a	D195
453.5120000000	n/a	n/a	STATUS	n/a	n/a	D255
453.5520000000	n/a	n/a	STATUS	n/a	n/a	DI54
453.6000000000	n/a	n/a	STATUS	n/a	n/a	D255
453.8600000000	n/a	n/a	STATUS	n/a	n/a	DI34
453.9080000000	n/a	n/a	STATUS	n/a	n/a	D255
454.1680000000	n/a	n/a	STATUS	n/a	n/a	DIN5
454.2160000000	n/a	n/a	STATUS	n/a	n/a	D255
454.7000000000	n/a	n/a	STATUS	n/a	n/a	DI77
454.7520000000	n/a	n/a	STATUS	n/a	n/a	D255
454.7880000000	n/a	n/a	STATUS	n/a	n/a	DI51
454.8400000000	n/a	n/a	STATUS	n/a	n/a	D255
455.0680000000	n/a	n/a	STATUS	n/a	n/a	DI21
455.1200000000	n/a	n/a	STATUS	n/a	n/a	D255
455.1240000000	n/a	n/a	STATUS	n/a	n/a	DIN4
455.1720000000	n/a	n/a	STATUS	n/a	n/a	D255
455.9280000000	n/a	n/a	STATUS	n/a	n/a	DIN5
455.9800000000	n/a	n/a	STATUS	n/a	n/a	D255
456.4080000000	n/a	n/a	STATUS	n/a	n/a	D238
456.4600000000	n/a	n/a	STATUS	n/a	n/a	D255
456.4960000000	n/a	n/a	STATUS	n/a	n/a	DI51
456.5440000000	n/a	n/a	STATUS	n/a	n/a	D255
456.8200000000	n/a	n/a	STATUS	n/a	n/a	DI21
456.8680000000	n/a	n/a	STATUS	n/a	n/a	D255
456.8760000000	n/a	n/a	STATUS	n/a	n/a	DIN4
456.9240000000	n/a	n/a	STATUS	n/a	n/a	D255
457.6800000000	n/a	n/a	STATUS	n/a	n/a	DIN5
457.7280000000	n/a	n/a	STATUS	n/a	n/a	D255
458.1400000000	n/a	n/a	STATUS	n/a	n/a	DI95
458.1880000000	n/a	n/a	STATUS	n/a	n/a	D255
458.2280000000	n/a	n/a	STATUS	n/a	n/a	DI51
458.2760000000	n/a	n/a	STATUS	n/a	n/a	D255
458.6320000000	n/a	n/a	STATUS	n/a	n/a	DI31
458.6840000000	n/a	n/a	STATUS	n/a	n/a	D255
458.9400000000	n/a	n/a	STATUS	n/a	n/a	DIN5
458.9920000000	n/a	n/a	STATUS	n/a	n/a	D255
459.3160000000	n/a	n/a	STATUS	n/a	n/a	D225
459.3680000000	n/a	n/a	STATUS	n/a	n/a	D255
459.4040000000	n/a	n/a	STATUS	n/a	n/a	DI54
459.4560000000	n/a	n/a	STATUS	n/a	n/a	D255
459.7480000000	n/a	n/a	STATUS	n/a	n/a	DI34
459.8000000000	n/a	n/a	STATUS	n/a	n/a	D255
460.0600000000	n/a	n/a	STATUS	n/a	n/a	DIN5
460.1080000000	n/a	n/a	STATUS	n/a	n/a	D255
460.6000000000	n/a	n/a	STATUS	n/a	n/a	DI96
460.6480000000	n/a	n/a	STATUS	n/a	n/a	D255
460.6880000000	n/a	n/a	STATUS	n/a	n/a	DI53
460.7360000000	n/a	n/a	STATUS	n/a	n/a	D255
460.9760000000	n/a	n/a	STATUS	n/a	n/a	DI43
461.0240000000	n/a	n/a	STATUS	n/a	n/a	D255
461.2840000000	n/a	n/a	STATUS	n/a	n/a	DIN5
461.3320000000	n/a	n/a	STATUS	n/a	n/a	D255
461.7680000000	n/a	n/a	STATUS	n/a	n/a	D104
461.8200000000	n/a	n/a	STATUS	n/a	n/a	D255
461.8560000000	n/a	n/a	STATUS	n/a	n/a	DI53
461.9040000000	n/a	n/a	STATUS	n/a	n/a	D255
462.1440000000	n/a	n/a	STATUS	n/a	n/a	DI43
462.1920000000	n/a	n/a	STATUS	n/a	n/a	D255
462.4520000000	n/a	n/a	STATUS	n/a	n/a	DIN5
462.5000000000	n/a	n/a	STATUS	n/a	n/a	D255
462.8400000000	n/a	n/a	STATUS	n/a	n/a	DI92
462.8920000000	n/a	n/a	STATUS	n/a	n/a	D255
462.9280000000	n/a	n/a	STATUS	n/a	n/a	DI51
462.9800000000	n/a	n/a	STATUS	n/a	n/a	D255
463.2360000000	n/a	n/a	STATUS	n/a	n/a	DI21
463.2880000000	n/a	n/a	STATUS	n/a	n/a	D255
463.2920000000	n/a	n/a	STATUS	n/a	n/a	DIN4
463.3440000000	n/a	n/a	STATUS	n/a	n/a	D255
464.0960000000	n/a	n/a	STATUS	n/a	n/a	DIN5
464.1480000000	n/a	n/a	STATUS	n/a	n/a	D255
464.5120000000	n/a	n/a	STATUS	n/a	n/a	DI93
464.5600000000	n/a	n/a	STATUS	n/a	n/a	D255
464.6000000000	n/a	n/a	STATUS	n/a	n/a	DI53
464.6520000000	n/a	n/a	STATUS	n/a	n/a	D255
464.9480000000	n/a	n/a	STATUS	n/a	n/a	DI43
465.0000000000	n/a	n/a	STATUS	n/a	n/a	D255
465.2560000000	n/a	n/a	STATUS	n/a	n/a	DIN5
465.3080000000	n/a	n/a	STATUS	n/a	n/a	D255
465.7320000000	n/a	n/a	STATUS	n/a	n/a	D247
465.7840000000	n/a	n/a	STATUS	n/a	n/a	D255
465.8200000000	n/a	n/a	STATUS	n/a	n/a	DI52
465.8720000000	n/a	n/a	STATUS	n/a	n/a	D255
466.1360000000	n/a	n/a	STATUS	n/a	n/a	DI12
466.1880000000	n/a	n/a	STATUS	n/a	n/a	D255
466.1920000000	n/a	n/a	STATUS	n/a	n/a	DIN4
466.2400000000	n/a	n/a	STATUS	n/a	n/a	D255
466.9960000000	n/a	n/a	STATUS	n/a	n/a	DIN5
467.0480000000	n/a	n/a	STATUS	n/a	n/a	D255
467.4920000000	n/a	n/a	STATUS	n/a	n/a	D233
467.5400000000	n/a	n/a	STATUS	n/a	n/a	D255
467.5800000000	n/a	n/a	STATUS	n/a	n/a	DI51
467.6280000000	n/a	n/a	STATUS	n/a	n/a	D255
468.1400000000	n/a	n/a	STATUS	n/a	n/a	DI31
468.1880000000	n/a	n/a	STATUS	n/a	n/a	D255
468.4480000000	n/a	n/a	STATUS	n/a	n/a	DIN5
468.4960000000	n/a	n/a	STATUS	n/a	n/a	D255
468.8880000000	n/a	n/a	STATUS	n/a	n/a	D100
468.9360000000	n/a	n/a	STATUS	n/a	n/a	D255
468.9760000000	n/a	n/a	STATUS	n/a	n/a	DI51
469.0240000000	n/a	n/a	STATUS	n/a	n/a	D255
469.2760000000	n/a	n/a	STATUS	n/a	n/a	DI21
469.3280000000	n/a	n/a	STATUS	n/a	n/a	D255
469.3320000000	n/a	n/a	STATUS	n/a	n/a	DIN4
469.3800000000	n/a	n/a	STATUS	n/a	n/a	D255
470.1360000000	n/a	n/a	STATUS	n/a	n/a	DIN5
470.1880000000	n/a	n/a	STATUS	n/a	n/a	D255
470.5920000000	n/a	n/a	STATUS	n/a	n/a	D214
470.6400000000	n/a	n/a	STATUS	n/a	n/a	D255
470.6800000000	n/a	n/a	STATUS	n/a	n/a	DI51
470.7280000000	n/a	n/a	STATUS	n/a	n/a	D255
471.1120000000	n/a	n/a	STATUS	n/a	n/a	DI31
471.1600000000	n/a	n/a	STATUS	n/a	n/a	D255
471.4200000000	n/a	n/a	STATUS	n/a	n/a	DIN5
471.4720000000	n/a	n/a	STATUS	n/a	n/a	D255
471.9480000000	n/a	n/a	STATUS	n/a	n/a	D159
471.9960000000	n/a	n/a	STATUS	n/a	n/a	D255
472.0360000000	n/a	n/a	STATUS	n/a	n/a	DI51
472.0840000000	n/a	n/a	STATUS	n/a	n/a	D255
472.4480000000	n/a	n/a	STATUS	n/a	n/a	DI31
472.5000000000	n/a	n/a	STATUS	n/a	n/a	D255
472.7600000000	n/a	n/a	STATUS	n/a	n/a	DIN5
472.8080000000	n/a	n/a	STATUS	n/a	n/a	D255
473.2080000000	n/a	n/a	STATUS	n/a	n/a	D211
473.2600000000	n/a	n/a	STATUS	n/a	n/a	D255
473.2960000000	n/a	n/a	STATUS	n/a	n/a	DI52
473.3480000000	n/a	n/a	STATUS	n/a	n/a	D255
473.7240000000	n/a	n/a	STATUS	n/a	n/a	DI42
473.7760000000	n/a	n/a	STATUS	n/a	n/a	D255
474.0360000000	n/a	n/a	STATUS	n/a	n/a	DIN5
474.0840000000	n/a	n/a	STATUS	n/a	n/a	D255
474.5880000000	n/a	n/a	STATUS	n/a	n/a	D188
474.6400000000	n/a	n/a	STATUS	n/a	n/a	D255
474.6760000000	n/a	n/a	STATUS	n/a	n/a	DI51
474.7280000000	n/a	n/a	STATUS	n/a	n/a	D255
475.0960000000	n/a	n/a	STATUS	n/a	n/a	DI31
475.1480000000	n/a	n/a	STATUS	n/a	n/a	D255
475.4080000000	n/a	n/a	STATUS	n/a	n/a	DIN5
475.4560000000	n/a	n/a	STATUS	n/a	n/a	D255
475.8960000000	n/a	n/a	STATUS	n/a	n/a	D230
475.9480000000	n/a	n/a	STATUS	n/a	n/a	D255
475.9840000000	n/a	n/a	STATUS	n/a	n/a	DI53
476.0360000000	n/a	n/a	STATUS	n/a	n/a	D255
476.3120000000	n/a	n/a	STATUS	n/a	n/a	DI43
476.3600000000	n/a	n/a	STATUS	n/a	n/a	D255
476.6200000000	n/a	n/a	STATUS	n/a	n/a	DIN5
476.6720000000	n/a	n/a	STATUS	n/a	n/a	D255
477.1440000000	n/a	n/a	STATUS	n/a	n/a	D192
477.1960000000	n/a	n/a	STATUS	n/a	n/a	D255
477.2320000000	n/a	n/a	STATUS	n/a	n/a	DI52
477.2840000000	n/a	n/a	STATUS	n/a	n/a	D255
477.7520000000	n/a	n/a	STATUS	n/a	n/a	DI42
477.8000000000	n/a	n/a	STATUS	n/a	n/a	D255
478.0600000000	n/a	n/a	STATUS	n/a	n/a	DIN5
478.1120000000	n/a	n/a	STATUS	n/a	n/a	D255
478.6160000000	n/a	n/a	STATUS	n/a	n/a	D139
478.6640000000	n/a	n/a	STATUS	n/a	n/a	D255
478.7040000000	n/a	n/a	STATUS	n/a	n/a	DI53
478.7520000000	n/a	n/a	STATUS	n/a	n/a	D255
479.1080000000	n/a	n/a	STATUS	n/a	n/a	DI43
479.1560000000	n/a	n/a	STATUS	n/a	n/a	D255
479.4160000000	n/a	n/a	STATUS	n/a	n/a	DIN5
479.4680000000	n/a	n/a	STATUS	n/a	n/a	D255
479.8720000000	n/a	n/a	STATUS	n/a	n/a	D117
479.9200000000	n/a	n/a	STATUS	n/a	n/a	D255
479.9600000000	n/a	n/a	STATUS	n/a	n/a	DI52
480.0120000000	n/a	n/a	STATUS	n/a	n/a	D255
480.4320000000	n/a	n/a	STATUS	n/a	n/a	DI42
480.4840000000	n/a	n/a	STATUS	n/a	n/a	D255
480.7440000000	n/a	n/a	STATUS	n/a	n/a	DIN5
480.7920000000	n/a	n/a	STATUS	n/a	n/a	D255
481.2080000000	n/a	n/a	STATUS	n/a	n/a	D146
481.2560000000	n/a	n/a	STATUS	n/a	n/a	D255
481.2960000000	n/a	n/a	STATUS	n/a	n/a	DI53
481.3440000000	n/a	n/a	STATUS	n/a	n/a	D255
481.6320000000	n/a	n/a	STATUS	n/a	n/a	DI43
481.6840000000	n/a	n/a	STATUS	n/a	n/a	D255
481.9440000000	n/a	n/a	STATUS	n/a	n/a	DIN5
481.9920000000	n/a	n/a	STATUS	n/a	n/a	D255
482.3720000000	n/a	n/a	STATUS	n/a	n/a	D254
482.4240000000	n/a	n/a	STATUS	n/a	n/a	D255
482.4600000000	n/a	n/a	STATUS	n/a	n/a	DI52
482.5080000000	n/a	n/a	STATUS	n/a	n/a	D255
483.0160000000	n/a	n/a	STATUS	n/a	n/a	DI42
483.0640000000	n/a	n/a	STATUS	n/a	n/a	D255
483.3240000000	n/a	n/a	STATUS	n/a	n/a	DIN5
483.3760000000	n/a	n/a	STATUS	n/a	n/a	D255
483.6840000000	n/a	n/a	STATUS	n/a	n/a	D241
483.7360000000	n/a	n/a	STATUS	n/a	n/a	D255
483.7720000000	n/a	n/a	STATUS	n/a	n/a	DI53
483.8200000000	n/a	n/a	STATUS	n/a	n/a	D255
484.1160000000	n/a	n/a	STATUS	n/a	n/a	DI43
484.1680000000	n/a	n/a	STATUS	n/a	n/a	D255
484.4280000000	n/a	n/a	STATUS	n/a	n/a	DIN5
484.4760000000	n/a	n/a	STATUS	n/a	n/a	D255
484.8400000000	n/a	n/a	STATUS	n/a	n/a	DI75
484.8920000000	n/a	n/a	STATUS	n/a	n/a	D255
484.9280000000	n/a	n/a	STATUS	n/a	n/a	DI52
484.9800000000	n/a	n/a	STATUS	n/a	n/a	D255
485.2280000000	n/a	n/a	STATUS	n/a	n/a	DI12
485.2800000000	n/a	n/a	STATUS	n/a	n/a	D255
485.2840000000	n/a	n/a	STATUS	n/a	n/a	DIN4
485.3360000000	n/a	n/a	STATUS	n/a	n/a	D255
486.0880000000	n/a	n/a	STATUS	n/a	n/a	DIN5
486.1400000000	n/a	n/a	STATUS	n/a	n/a	D255
486.4680000000	n/a	n/a	STATUS	n/a	n/a	DI85
486.5160000000	n/a	n/a	STATUS	n/a	n/a	D255
486.5560000000	n/a	n/a	STATUS	n/a	n/a	DI54
486.6080000000	n/a	n/a	STATUS	n/a	n/a	D255
486.8800000000	n/a	n/a	STATUS	n/a	n/a	DI34
486.9280000000	n/a	n/a	STATUS	n/a	n/a	D255
487.1880000000	n/a	n/a	STATUS	n/a	n/a	DIN5
487.2360000000	n/a	n/a	STATUS	n/a	n/a	D255
487.7440000000	n/a	n/a	STATUS	n/a	n/a	D126
487.7920000000	n/a	n/a	STATUS	n/a	n/a	D255
487.8320000000	n/a	n/a	STATUS	n/a	n/a	DI53
487.8800000000	n/a	n/a	STATUS	n/a	n/a	D255
488.1440000000	n/a	n/a	STATUS	n/a	n/a	DI43
488.1920000000	n/a	n/a	STATUS	n/a	n/a	D255
488.4520000000	n/a	n/a	STATUS	n/a	n/a	DIN5
488.5040000000	n/a	n/a	STATUS	n/a	n/a	D255
488.9640000000	n/a	n/a	STATUS	n/a	n/a	D193
489.0120000000	n/a	n/a	STATUS	n/a	n/a	D255
489.0480000000	n/a	n/a	STATUS	n/a	n/a	DI53
489.1000000000	n/a	n/a	STATUS	n/a	n/a	D255
489.3840000000	n/a	n/a	STATUS	n/a	n/a	DI43
489.4320000000	n/a	n/a	STATUS	n/a	n/a	D255
489.6920000000	n/a	n/a	STATUS	n/a	n/a	DIN5
489.7440000000	n/a	n/a	STATUS	n/a	n/a	D255
490.0560000000	n/a	n/a	STATUS	n/a	n/a	D110
490.1040000000	n/a	n/a	STATUS	n/a	n/a	D255
490.1440000000	n/a	n/a	STATUS	n/a	n/a	DI54
490.1960000000	n/a	n/a	STATUS	n/a	n/a	D255
490.5000000000	n/a	n/a	STATUS	n/a	n/a	DI34
490.5520000000	n/a	n/a	STATUS	n/a	n/a	D255
490.8120000000	n/a	n/a	STATUS	n/a	n/a	DIN5
490.8600000000	n/a	n/a	STATUS	n/a	n/a	D255
491.2080000000	n/a	n/a	STATUS	n/a	n/a	DI81
491.2560000000	n/a	n/a	STATUS	n/a	n/a	D255
491.2920000000	n/a	n/a	STATUS	n/a	n/a	DI51
491.3440000000	n/a	n/a	STATUS	n/a	n/a	D255
491.7800000000	n/a	n/a	STATUS	n/a	n/a	DI31
491.8280000000	n/a	n/a	STATUS	n/a	n/a	D255
492.0880000000	n/a	n/a	STATUS	n/a	n/a	DIN5
492.1360000000	n/a	n/a	STATUS	n/a	n/a	D255
492.4520000000	n/a	n/a	STATUS	n/a	n/a	D111
492.5040000000	n/a	n/a	STATUS	n/a	n/a	D255
492.5400000000	n/a	n/a	STATUS	n/a	n/a	DI51
492.5880000000	n/a	n/a	STATUS	n/a	n/a	D255
492.9840000000	n/a	n/a	STATUS	n/a	n/a	DI31
493.0320000000	n/a	n/a	STATUS	n/a	n/a	D255
493.2920000000	n/a	n/a	STATUS	n/a	n/a	DIN5
493.3440000000	n/a	n/a	STATUS	n/a	n/a	D255
493.7280000000	n/a	n/a	STATUS	n/a	n/a	D197
493.7760000000	n/a	n/a	STATUS	n/a	n/a	D255
493.8160000000	n/a	n/a	STATUS	n/a	n/a	DI53
493.8680000000	n/a	n/a	STATUS	n/a	n/a	D255
494.1680000000	n/a	n/a	STATUS	n/a	n/a	DI43
494.2200000000	n/a	n/a	STATUS	n/a	n/a	D255
494.4800000000	n/a	n/a	STATUS	n/a	n/a	DIN5
494.5320000000	n/a	n/a	STATUS	n/a	n/a	D255
495.0320000000	n/a	n/a	STATUS	n/a	n/a	D248
495.0800000000	n/a	n/a	STATUS	n/a	n/a	D255
495.1160000000	n/a	n/a	STATUS	n/a	n/a	DI52
495.1680000000	n/a	n/a	STATUS	n/a	n/a	D255
495.6240000000	n/a	n/a	STATUS	n/a	n/a	DI42
495.6760000000	n/a	n/a	STATUS	n/a	n/a	D255
495.9360000000	n/a	n/a	STATUS	n/a	n/a	DIN5
495.9840000000	n/a	n/a	STATUS	n/a	n/a	D255
496.4560000000	n/a	n/a	STATUS	n/a	n/a	D178
496.5080000000	n/a	n/a	STATUS	n/a	n/a	D255
496.5440000000	n/a	n/a	STATUS	n/a	n/a	DI54
496.5920000000	n/a	n/a	STATUS	n/a	n/a	D255
496.8840000000	n/a	n/a	STATUS	n/a	n/a	DI34
496.9360000000	n/a	n/a	STATUS	n/a	n/a	D255
497.1960000000	n/a	n/a	STATUS	n/a	n/a	DIN5
497.2440000000	n/a	n/a	STATUS	n/a	n/a	D255
497.6520000000	n/a	n/a	STATUS	n/a	n/a	DI84
497.7040000000	n/a	n/a	STATUS	n/a	n/a	D255
497.7440000000	n/a	n/a	STATUS	n/a	n/a	DI53
497.7920000000	n/a	n/a	STATUS	n/a	n/a	D255
498.0560000000	n/a	n/a	STATUS	n/a	n/a	DI43
498.1080000000	n/a	n/a	STATUS	n/a	n/a	D255
498.3680000000	n/a	n/a	STATUS	n/a	n/a	DIN5
498.4160000000	n/a	n/a	STATUS	n/a	n/a	D255
498.7520000000	n/a	n/a	STATUS	n/a	n/a	D140
498.8000000000	n/a	n/a	STATUS	n/a	n/a	D255
498.8400000000	n/a	n/a	STATUS	n/a	n/a	DI52
498.8880000000	n/a	n/a	STATUS	n/a	n/a	D255
499.1440000000	n/a	n/a	STATUS	n/a	n/a	DI12
499.1960000000	n/a	n/a	STATUS	n/a	n/a	D255
499.2000000000	n/a	n/a	STATUS	n/a	n/a	DIN4
499.2480000000	n/a	n/a	STATUS	n/a	n/a	D255
500.0040000000	n/a	n/a	STATUS	n/a	n/a	DIN5
500.0560000000	n/a	n/a	STATUS	n/a	n/a	D255
500.5240000000	n/a	n/a	STATUS	n/a	n/a	D204
500.5760000000	n/a	n/a	STATUS	n/a	n/a	D255
500.6120000000	n/a	n/a	STATUS	n/a	n/a	DI53
500.6640000000	n/a	n/a	STATUS	n/a	n/a	D255
500.9240000000	n/a	n/a	STATUS	n/a	n/a	DI43
500.9760000000	n/a	n/a	STATUS	n/a	n/a	D255
501.2360000000	n/a	n/a	STATUS	n/a	n/a	DIN5
501.2840000000	n/a	n/a	STATUS	n/a	n/a	D255
501.7520000000	n/a	n/a	STATUS	n/a	n/a	DI80
501.8040000000	n/a	n/a	STATUS	n/a	n/a	D255
501.8400000000	n/a	n/a	STATUS	n/a	n/a	DI54
501.8920000000	n/a	n/a	STATUS	n/a	n/a	D255
502.1840000000	n/a	n/a	STATUS	n/a	n/a	DI34
502.2320000000	n/a	n/a	STATUS	n/a	n/a	D255
502.4920000000	n/a	n/a	STATUS	n/a	n/a	DIN5
502.5440000000	n/a	n/a	STATUS	n/a	n/a	D255
502.8880000000	n/a	n/a	STATUS	n/a	n/a	D115
502.9360000000	n/a	n/a	STATUS	n/a	n/a	D255
502.9760000000	n/a	n/a	STATUS	n/a	n/a	DI53
503.0240000000	n/a	n/a	STATUS	n/a	n/a	D255
503.3120000000	n/a	n/a	STATUS	n/a	n/a	DI43
503.3640000000	n/a	n/a	STATUS	n/a	n/a	D255
503.6240000000	n/a	n/a	STATUS	n/a	n/a	DIN5
503.6720000000	n/a	n/a	STATUS	n/a	n/a	D255
504.0520000000	n/a	n/a	STATUS	n/a	n/a	D121
504.1040000000	n/a	n/a	STATUS	n/a	n/a	D255
504.1400000000	n/a	n/a	STATUS	n/a	n/a	DI54
504.1920000000	n/a	n/a	STATUS	n/a	n/a	D255
504.4520000000	n/a	n/a	STATUS	n/a	n/a	DI34
504.5000000000	n/a	n/a	STATUS	n/a	n/a	D255
504.7600000000	n/a	n/a	STATUS	n/a	n/a	DIN5
504.8120000000	n/a	n/a	STATUS	n/a	n/a	D255
505.1960000000	n/a	n/a	STATUS	n/a	n/a	D244
505.2440000000	n/a	n/a	STATUS	n/a	n/a	D255
505.2840000000	n/a	n/a	STATUS	n/a	n/a	DI51
505.3320000000	n/a	n/a	STATUS	n/a	n/a	D255
505.6240000000	n/a	n/a	STATUS	n/a	n/a	DI21
505.6720000000	n/a	n/a	STATUS	n/a	n/a	D255
505.6760000000	n/a	n/a	STATUS	n/a	n/a	DIN4
505.7280000000	n/a	n/a	STATUS	n/a	n/a	D255
506.4800000000	n/a	n/a	STATUS	n/a	n/a	DIN5
506.5320000000	n/a	n/a	STATUS	n/a	n/a	D255
506.9600000000	n/a	n/a	STATUS	n/a	n/a	D212
507.0120000000	n/a	n/a	STATUS	n/a	n/a	D255
507.0480000000	n/a	n/a	STATUS	n/a	n/a	DI51
507.1000000000	n/a	n/a	STATUS	n/a	n/a	D255
507.3400000000	n/a	n/a	STATUS	n/a	n/a	DI21
507.3920000000	n/a	n/a	STATUS	n/a	n/a	D255
507.3960000000	n/a	n/a	STATUS	n/a	n/a	DIN4
507.4440000000	n/a	n/a	STATUS	n/a	n/a	D255
508.2000000000	n/a	n/a	STATUS	n/a	n/a	DIN5
508.2520000000	n/a	n/a	STATUS	n/a	n/a	D255
508.5840000000	n/a	n/a	STATUS	n/a	n/a	D105
508.6360000000	n/a	n/a	STATUS	n/a	n/a	D255
508.6720000000	n/a	n/a	STATUS	n/a	n/a	DI51
508.7240000000	n/a	n/a	STATUS	n/a	n/a	D255
509.1360000000	n/a	n/a	STATUS	n/a	n/a	DI31
509.1880000000	n/a	n/a	STATUS	n/a	n/a	D255
509.4480000000	n/a	n/a	STATUS	n/a	n/a	DIN5
509.4960000000	n/a	n/a	STATUS	n/a	n/a	D255
509.8120000000	n/a	n/a	STATUS	n/a	n/a	DI74
509.8600000000	n/a	n/a	STATUS	n/a	n/a	D255
509.9000000000	n/a	n/a	STATUS	n/a	n/a	DI52
509.9480000000	n/a	n/a	STATUS	n/a	n/a	D255
510.3120000000	n/a	n/a	STATUS	n/a	n/a	DI42
510.3640000000	n/a	n/a	STATUS	n/a	n/a	D255
510.6200000000	n/a	n/a	STATUS	n/a	n/a	DIN5
510.6720000000	n/a	n/a	STATUS	n/a	n/a	D255
511.0520000000	n/a	n/a	STATUS	n/a	n/a	D190
511.1000000000	n/a	n/a	STATUS	n/a	n/a	D255
511.1400000000	n/a	n/a	STATUS	n/a	n/a	DI53
511.1880000000	n/a	n/a	STATUS	n/a	n/a	D255
511.4760000000	n/a	n/a	STATUS	n/a	n/a	DI43
511.5280000000	n/a	n/a	STATUS	n/a	n/a	D255
511.7880000000	n/a	n/a	STATUS	n/a	n/a	DIN5
511.8360000000	n/a	n/a	STATUS	n/a	n/a	D255
512.2760000000	n/a	n/a	STATUS	n/a	n/a	D205
512.3280000000	n/a	n/a	STATUS	n/a	n/a	D255
512.3640000000	n/a	n/a	STATUS	n/a	n/a	DI52
512.4120000000	n/a	n/a	STATUS	n/a	n/a	D255
512.6800000000	n/a	n/a	STATUS	n/a	n/a	DI12
512.7280000000	n/a	n/a	STATUS	n/a	n/a	DI13
512.7280000000	n/a	n/a	STATUS	n/a	n/a	D255
512.7320000000	n/a	n/a	STATUS	n/a	n/a	DIN4
512.7840000000	n/a	n/a	STATUS	n/a	n/a	D255
513.5400000000	n/a	n/a	STATUS	n/a	n/a	DIN5
513.5880000000	n/a	n/a	STATUS	n/a	n/a	D255
513.9360000000	n/a	n/a	STATUS	n/a	n/a	D148
513.9880000000	n/a	n/a	STATUS	n/a	n/a	D255
514.0240000000	n/a	n/a	STATUS	n/a	n/a	DI51
514.0760000000	n/a	n/a	STATUS	n/a	n/a	D255
514.4160000000	n/a	n/a	STATUS	n/a	n/a	DI31
514.4680000000	n/a	n/a	STATUS	n/a	n/a	D255
514.7280000000	n/a	n/a	STATUS	n/a	n/a	DIN5
514.7760000000	n/a	n/a	STATUS	n/a	n/a	D255
515.2560000000	n/a	n/a	STATUS	n/a	n/a	D150
515.3080000000	n/a	n/a	STATUS	n/a	n/a	D255
515.3440000000	n/a	n/a	STATUS	n/a	n/a	DI51
515.3960000000	n/a	n/a	STATUS	n/a	n/a	D255
515.8360000000	n/a	n/a	STATUS	n/a	n/a	DI31
515.8840000000	n/a	n/a	STATUS	n/a	n/a	D255
516.1440000000	n/a	n/a	STATUS	n/a	n/a	DIN5
516.1920000000	n/a	n/a	STATUS	n/a	n/a	D255
516.5120000000	n/a	n/a	STATUS	n/a	n/a	D132
516.5640000000	n/a	n/a	STATUS	n/a	n/a	D255
516.6000000000	n/a	n/a	STATUS	n/a	n/a	DI53
516.6520000000	n/a	n/a	STATUS	n/a	n/a	D255
516.9280000000	n/a	n/a	STATUS	n/a	n/a	DI43
516.9800000000	n/a	n/a	STATUS	n/a	n/a	D255
517.2400000000	n/a	n/a	STATUS	n/a	n/a	DIN5
517.2880000000	n/a	n/a	STATUS	n/a	n/a	D255
517.7200000000	n/a	n/a	STATUS	n/a	n/a	DI72
517.7680000000	n/a	n/a	STATUS	n/a	n/a	D255
517.8040000000	n/a	n/a	STATUS	n/a	n/a	DI54
517.8560000000	n/a	n/a	STATUS	n/a	n/a	D255
518.1240000000	n/a	n/a	STATUS	n/a	n/a	DI34
518.1760000000	n/a	n/a	STATUS	n/a	n/a	D255
518.4360000000	n/a	n/a	STATUS	n/a	n/a	DIN5
518.4840000000	n/a	n/a	STATUS	n/a	n/a	D255
518.8800000000	n/a	n/a	STATUS	n/a	n/a	D128
518.9280000000	n/a	n/a	STATUS	n/a	n/a	D255
518.9680000000	n/a	n/a	STATUS	n/a	n/a	DI53
519.0200000000	n/a	n/a	STATUS	n/a	n/a	D255
519.2920000000	n/a	n/a	STATUS	n/a	n/a	DI43
519.3440000000	n/a	n/a	STATUS	n/a	n/a	D255
519.6000000000	n/a	n/a	STATUS	n/a	n/a	DIN5
519.6520000000	n/a	n/a	STATUS	n/a	n/a	D255
520.0000000000	n/a	n/a	STATUS	n/a	n/a	D222
520.0520000000	n/a	n/a	STATUS	n/a	n/a	D255
520.0880000000	n/a	n/a	STATUS	n/a	n/a	DI52
520.1400000000	n/a	n/a	STATUS	n/a	n/a	D255
520.4080000000	n/a	n/a	STATUS	n/a	n/a	DI12
520.4560000000	n/a	n/a	STATUS	n/a	n/a	D255
520.4600000000	n/a	n/a	STATUS	n/a	n/a	DIN4
520.5120000000	n/a	n/a	STATUS	n/a	n/a	D255
521.2680000000	n/a	n/a	STATUS	n/a	n/a	DIN5
521.3160000000	n/a	n/a	STATUS	n/a	n/a	D255
521.6560000000	n/a	n/a	STATUS	n/a	n/a	D223
521.7080000000	n/a	n/a	STATUS	n/a	n/a	D255
521.7440000000	n/a	n/a	STATUS	n/a	n/a	DI52
521.7960000000	n/a	n/a	STATUS	n/a	n/a	D255
522.0440000000	n/a	n/a	STATUS	n/a	n/a	DI12
522.0960000000	n/a	n/a	STATUS	n/a	n/a	D255
522.1000000000	n/a	n/a	STATUS	n/a	n/a	DIN4
522.1480000000	n/a	n/a	STATUS	n/a	n/a	D255
522.9040000000	n/a	n/a	STATUS	n/a	n/a	DIN5
522.9560000000	n/a	n/a	STATUS	n/a	n/a	D255
523.3680000000	n/a	n/a	STATUS	n/a	n/a	D108
523.4200000000	n/a	n/a	STATUS	n/a	n/a	D255
523.4560000000	n/a	n/a	STATUS	n/a	n/a	DI54
523.5080000000	n/a	n/a	STATUS	n/a	n/a	D255
523.7880000000	n/a	n/a	STATUS	n/a	n/a	DI34
523.8400000000	n/a	n/a	STATUS	n/a	n/a	D255
524.0960000000	n/a	n/a	STATUS	n/a	n/a	DIN5
524.1480000000	n/a	n/a	STATUS	n/a	n/a	D255
524.6440000000	n/a	n/a	STATUS	n/a	n/a	D242
524.6920000000	n/a	n/a	STATUS	n/a	n/a	D255
524.7320000000	n/a	n/a	STATUS	n/a	n/a	DI54
524.7800000000	n/a	n/a	STATUS	n/a	n/a	D255
525.0600000000	n/a	n/a	STATUS	n/a	n/a	DI34
525.1120000000	n/a	n/a	STATUS	n/a	n/a	D255
525.3680000000	n/a	n/a	STATUS	n/a	n/a	DIN5
525.4200000000	n/a	n/a	STATUS	n/a	n/a	D255
525.8160000000	n/a	n/a	STATUS	n/a	n/a	D235
525.8640000000	n/a	n/a	STATUS	n/a	n/a	D255
525.9040000000	n/a	n/a	STATUS	n/a	n/a	DI52
525.9520000000	n/a	n/a	STATUS	n/a	n/a	D255
526.3320000000	n/a	n/a	STATUS	n/a	n/a	DI42
526.3840000000	n/a	n/a	STATUS	n/a	n/a	D255
526.6440000000	n/a	n/a	STATUS	n/a	n/a	DIN5
526.6920000000	n/a	n/a	STATUS	n/a	n/a	D255
527.0520000000	n/a	n/a	STATUS	n/a	n/a	D253
527.1040000000	n/a	n/a	STATUS	n/a	n/a	D255
527.1400000000	n/a	n/a	STATUS	n/a	n/a	DI51
527.1880000000	n/a	n/a	STATUS	n/a	n/a	D255
527.5760000000	n/a	n/a	STATUS	n/a	n/a	DI31
527.6240000000	n/a	n/a	STATUS	n/a	n/a	D255
527.8840000000	n/a	n/a	STATUS	n/a	n/a	DIN5
527.9360000000	n/a	n/a	STATUS	n/a	n/a	D255
528.4080000000	n/a	n/a	STATUS	n/a	n/a	D185
528.4600000000	n/a	n/a	STATUS	n/a	n/a	D255
528.4960000000	n/a	n/a	STATUS	n/a	n/a	DI52
528.5480000000	n/a	n/a	STATUS	n/a	n/a	D255
528.8320000000	n/a	n/a	STATUS	n/a	n/a	DI12
528.8840000000	n/a	n/a	STATUS	n/a	n/a	D255
528.8880000000	n/a	n/a	STATUS	n/a	n/a	DIN4
528.9400000000	n/a	n/a	STATUS	n/a	n/a	D255
529.6960000000	n/a	n/a	STATUS	n/a	n/a	DIN5
529.7440000000	n/a	n/a	STATUS	n/a	n/a	D255
530.0480000000	n/a	n/a	STATUS	n/a	n/a	D215
530.1000000000	n/a	n/a	STATUS	n/a	n/a	D255
530.1360000000	n/a	n/a	STATUS	n/a	n/a	DI54
530.1880000000	n/a	n/a	STATUS	n/a	n/a	D255
530.4720000000	n/a	n/a	STATUS	n/a	n/a	DI34
530.5240000000	n/a	n/a	STATUS	n/a	n/a	D255
530.7840000000	n/a	n/a	STATUS	n/a	n/a	DIN5
530.8320000000	n/a	n/a	STATUS	n/a	n/a	D255
531.2040000000	n/a	n/a	STATUS	n/a	n/a	D250
531.2520000000	n/a	n/a	STATUS	n/a	n/a	D255
531.2920000000	n/a	n/a	STATUS	n/a	n/a	DI53
531.3400000000	n/a	n/a	STATUS	n/a	n/a	D255
531.6400000000	n/a	n/a	STATUS	n/a	n/a	DI43
531.6920000000	n/a	n/a	STATUS	n/a	n/a	D255
531.9520000000	n/a	n/a	STATUS	n/a	n/a	DIN5
532.0000000000	n/a	n/a	STATUS	n/a	n/a	D255
532.3360000000	n/a	n/a	STATUS	n/a	n/a	D180
532.3840000000	n/a	n/a	STATUS	n/a	n/a	D255
532.4240000000	n/a	n/a	STATUS	n/a	n/a	DI54
532.4720000000	n/a	n/a	STATUS	n/a	n/a	D255
532.7400000000	n/a	n/a	STATUS	n/a	n/a	DI34
532.7880000000	n/a	n/a	STATUS	n/a	n/a	D255
533.0480000000	n/a	n/a	STATUS	n/a	n/a	DIN5
533.1000000000	n/a	n/a	STATUS	n/a	n/a	D255
533.5640000000	n/a	n/a	STATUS	n/a	n/a	D101
533.6160000000	n/a	n/a	STATUS	n/a	n/a	D255
533.6520000000	n/a	n/a	STATUS	n/a	n/a	DI53
533.7000000000	n/a	n/a	STATUS	n/a	n/a	D255
533.9640000000	n/a	n/a	STATUS	n/a	n/a	DI43
534.0120000000	n/a	n/a	STATUS	n/a	n/a	D255
534.2720000000	n/a	n/a	STATUS	n/a	n/a	DIN5
534.3240000000	n/a	n/a	STATUS	n/a	n/a	D255
534.7080000000	n/a	n/a	STATUS	n/a	n/a	D237
534.7560000000	n/a	n/a	STATUS	n/a	n/a	D255
534.7960000000	n/a	n/a	STATUS	n/a	n/a	DI51
534.8440000000	n/a	n/a	STATUS	n/a	n/a	D255
535.2400000000	n/a	n/a	STATUS	n/a	n/a	DI31
535.2920000000	n/a	n/a	STATUS	n/a	n/a	D255
535.5520000000	n/a	n/a	STATUS	n/a	n/a	DIN5
535.6000000000	n/a	n/a	STATUS	n/a	n/a	D255
536.0800000000	n/a	n/a	STATUS	n/a	n/a	D252
536.1320000000	n/a	n/a	STATUS	n/a	n/a	D255
536.1680000000	n/a	n/a	STATUS	n/a	n/a	DI51
536.2200000000	n/a	n/a	STATUS	n/a	n/a	D255
536.4520000000	n/a	n/a	STATUS	n/a	n/a	DI21
536.5040000000	n/a	n/a	STATUS	n/a	n/a	D255
536.5080000000	n/a	n/a	STATUS	n/a	n/a	DIN4
536.5560000000	n/a	n/a	STATUS	n/a	n/a	D255
537.3120000000	n/a	n/a	STATUS	n/a	n/a	DIN5
537.3600000000	n/a	n/a	STATUS	n/a	n/a	D255
537.8000000000	n/a	n/a	STATUS	n/a	n/a	DI82
537.8520000000	n/a	n/a	STATUS	n/a	n/a	D255
537.8880000000	n/a	n/a	STATUS	n/a	n/a	DI51
537.9400000000	n/a	n/a	STATUS	n/a	n/a	D255
538.1880000000	n/a	n/a	STATUS	n/a	n/a	DI21
538.2360000000	n/a	n/a	STATUS	n/a	n/a	D255
538.2400000000	n/a	n/a	STATUS	n/a	n/a	DIN4
538.2920000000	n/a	n/a	STATUS	n/a	n/a	D255
539.0480000000	n/a	n/a	STATUS	n/a	n/a	DIN5
539.0960000000	n/a	n/a	STATUS	n/a	n/a	D255
539.5760000000	n/a	n/a	STATUS	n/a	n/a	D120
539.6280000000	n/a	n/a	STATUS	n/a	n/a	D255
539.6640000000	n/a	n/a	STATUS	n/a	n/a	DI54
539.7120000000	n/a	n/a	STATUS	n/a	n/a	D255
539.9520000000	n/a	n/a	STATUS	n/a	n/a	DI34
540.0000000000	n/a	n/a	STATUS	n/a	n/a	D255
540.2600000000	n/a	n/a	STATUS	n/a	n/a	DIN5
540.3120000000	n/a	n/a	STATUS	n/a	n/a	D255
540.8080000000	n/a	n/a	STATUS	n/a	n/a	DI87
540.8560000000	n/a	n/a	STATUS	n/a	n/a	D255
540.8960000000	n/a	n/a	STATUS	n/a	n/a	DI51
540.9440000000	n/a	n/a	STATUS	n/a	n/a	D255
541.1560000000	n/a	n/a	STATUS	n/a	n/a	DI21
541.2040000000	n/a	n/a	STATUS	n/a	n/a	D215
541.2080000000	n/a	n/a	STATUS	n/a	n/a	D255
541.2120000000	n/a	n/a	STATUS	n/a	n/a	DIN4
541.2600000000	n/a	n/a	STATUS	n/a	n/a	D255
542.0160000000	n/a	n/a	STATUS	n/a	n/a	DIN5
542.0640000000	n/a	n/a	STATUS	n/a	n/a	D255
542.3800000000	n/a	n/a	STATUS	n/a	n/a	D130
542.4280000000	n/a	n/a	STATUS	n/a	n/a	D255
542.4680000000	n/a	n/a	STATUS	n/a	n/a	DI54
542.5160000000	n/a	n/a	STATUS	n/a	n/a	D255
542.7480000000	n/a	n/a	STATUS	n/a	n/a	DI34
542.8000000000	n/a	n/a	STATUS	n/a	n/a	D255
543.0600000000	n/a	n/a	STATUS	n/a	n/a	DIN5
543.1080000000	n/a	n/a	STATUS	n/a	n/a	D255
543.5800000000	n/a	n/a	STATUS	n/a	n/a	D157
543.6280000000	n/a	n/a	STATUS	n/a	n/a	D255
543.6680000000	n/a	n/a	STATUS	n/a	n/a	DI54
543.7160000000	n/a	n/a	STATUS	n/a	n/a	D255
543.9920000000	n/a	n/a	STATUS	n/a	n/a	DI34
544.0400000000	n/a	n/a	STATUS	n/a	n/a	D255
544.3000000000	n/a	n/a	STATUS	n/a	n/a	DIN5
544.3480000000	n/a	n/a	STATUS	n/a	n/a	D255
544.8200000000	n/a	n/a	STATUS	n/a	n/a	D246
544.8680000000	n/a	n/a	STATUS	n/a	n/a	D255
544.9080000000	n/a	n/a	STATUS	n/a	n/a	DI52
544.9560000000	n/a	n/a	STATUS	n/a	n/a	D255
545.4040000000	n/a	n/a	STATUS	n/a	n/a	DI42
545.4560000000	n/a	n/a	STATUS	n/a	n/a	D255
545.7160000000	n/a	n/a	STATUS	n/a	n/a	DIN5
545.7640000000	n/a	n/a	STATUS	n/a	n/a	D255
546.1880000000	n/a	n/a	STATUS	n/a	n/a	D151
546.2400000000	n/a	n/a	STATUS	n/a	n/a	D255
546.2760000000	n/a	n/a	STATUS	n/a	n/a	DI54
546.3280000000	n/a	n/a	STATUS	n/a	n/a	D255
546.6080000000	n/a	n/a	STATUS	n/a	n/a	DI34
546.6600000000	n/a	n/a	STATUS	n/a	n/a	D255
546.9200000000	n/a	n/a	STATUS	n/a	n/a	DIN5
546.9680000000	n/a	n/a	STATUS	n/a	n/a	D255
547.3680000000	n/a	n/a	STATUS	n/a	n/a	D136
547.4200000000	n/a	n/a	STATUS	n/a	n/a	D255
547.4560000000	n/a	n/a	STATUS	n/a	n/a	DI54
547.5080000000	n/a	n/a	STATUS	n/a	n/a	D255
547.7840000000	n/a	n/a	STATUS	n/a	n/a	DI34
547.8320000000	n/a	n/a	STATUS	n/a	n/a	D255
548.0920000000	n/a	n/a	STATUS	n/a	n/a	DIN5
548.1440000000	n/a	n/a	STATUS	n/a	n/a	D255
548.4760000000	n/a	n/a	STATUS	n/a	n/a	D240
548.5280000000	n/a	n/a	STATUS	n/a	n/a	D255
548.5640000000	n/a	n/a	STATUS	n/a	n/a	DI54
548.6160000000	n/a	n/a	STATUS	n/a	n/a	D255
548.8640000000	n/a	n/a	STATUS	n/a	n/a	DI34
548.9120000000	n/a	n/a	STATUS	n/a	n/a	D255
549.1720000000	n/a	n/a	STATUS	n/a	n/a	DIN5
549.2240000000	n/a	n/a	STATUS	n/a	n/a	D255
549.6840000000	n/a	n/a	STATUS	n/a	n/a	D152
549.7320000000	n/a	n/a	STATUS	n/a	n/a	D255
549.7680000000	n/a	n/a	STATUS	n/a	n/a	DI51
549.8200000000	n/a	n/a	STATUS	n/a	n/a	D255
550.0720000000	n/a	n/a	STATUS	n/a	n/a	DI21
550.1200000000	n/a	n/a	STATUS	n/a	n/a	D255
550.1240000000	n/a	n/a	STATUS	n/a	n/a	DIN4
550.1760000000	n/a	n/a	STATUS	n/a	n/a	D255
550.9320000000	n/a	n/a	STATUS	n/a	n/a	DIN5
550.9800000000	n/a	n/a	STATUS	n/a	n/a	D255
551.4840000000	n/a	n/a	STATUS	n/a	n/a	DI99
551.5360000000	n/a	n/a	STATUS	n/a	n/a	D255
551.5720000000	n/a	n/a	STATUS	n/a	n/a	DI54
551.6240000000	n/a	n/a	STATUS	n/a	n/a	D255
551.8680000000	n/a	n/a	STATUS	n/a	n/a	DI34
551.9200000000	n/a	n/a	STATUS	n/a	n/a	D255
552.1760000000	n/a	n/a	STATUS	n/a	n/a	DIN5
552.2280000000	n/a	n/a	STATUS	n/a	n/a	D255
552.6280000000	n/a	n/a	STATUS	n/a	n/a	D173
552.6760000000	n/a	n/a	STATUS	n/a	n/a	D255
552.7160000000	n/a	n/a	STATUS	n/a	n/a	DI52
552.7640000000	n/a	n/a	STATUS	n/a	n/a	D255
552.9960000000	n/a	n/a	STATUS	n/a	n/a	DI12
553.0480000000	n/a	n/a	STATUS	n/a	n/a	D255
553.0520000000	n/a	n/a	STATUS	n/a	n/a	DIN4
553.1040000000	n/a	n/a	STATUS	n/a	n/a	D255
553.8560000000	n/a	n/a	STATUS	n/a	n/a	DIN5
553.9080000000	n/a	n/a	STATUS	n/a	n/a	D255
554.3480000000	n/a	n/a	STATUS	n/a	n/a	D116
554.3960000000	n/a	n/a	STATUS	n/a	n/a	D255
554.4360000000	n/a	n/a	STATUS	n/a	n/a	DI54
554.4840000000	n/a	n/a	STATUS	n/a	n/a	D255
554.6920000000	n/a	n/a	STATUS	n/a	n/a	DI34
554.7440000000	n/a	n/a	STATUS	n/a	n/a	D255
555.0040000000	n/a	n/a	STATUS	n/a	n/a	DIN5
555.0520000000	n/a	n/a	STATUS	n/a	n/a	D255
555.4360000000	n/a	n/a	STATUS	n/a	n/a	DI71
555.4880000000	n/a	n/a	STATUS	n/a	n/a	D255
555.5240000000	n/a	n/a	STATUS	n/a	n/a	DI53
555.5720000000	n/a	n/a	STATUS	n/a	n/a	D255
555.7480000000	n/a	n/a	STATUS	n/a	n/a	DI43
555.7960000000	n/a	n/a	STATUS	n/a	n/a	D255
556.0560000000	n/a	n/a	STATUS	n/a	n/a	DIN5
556.1080000000	n/a	n/a	STATUS	n/a	n/a	D255
556.4280000000	n/a	n/a	STATUS	n/a	n/a	D165
556.4760000000	n/a	n/a	STATUS	n/a	n/a	D255
556.5160000000	n/a	n/a	STATUS	n/a	n/a	DI52
556.5640000000	n/a	n/a	STATUS	n/a	n/a	D255
556.7440000000	n/a	n/a	STATUS	n/a	n/a	DI12
556.7920000000	n/a	n/a	STATUS	n/a	n/a	D255
556.8000000000	n/a	n/a	STATUS	n/a	n/a	DIN4
556.8480000000	n/a	n/a	STATUS	n/a	n/a	D255
557.6040000000	n/a	n/a	STATUS	n/a	n/a	DIN5
557.6520000000	n/a	n/a	STATUS	n/a	n/a	D255
558.1280000000	n/a	n/a	STATUS	n/a	n/a	D234
558.1800000000	n/a	n/a	STATUS	n/a	n/a	D255
558.2160000000	n/a	n/a	STATUS	n/a	n/a	DI52
558.2680000000	n/a	n/a	STATUS	n/a	n/a	D255
558.7000000000	n/a	n/a	STATUS	n/a	n/a	DI42
558.7520000000	n/a	n/a	STATUS	n/a	n/a	D255
559.0080000000	n/a	n/a	STATUS	n/a	n/a	DIN5
559.0600000000	n/a	n/a	STATUS	n/a	n/a	D255
559.4480000000	n/a	n/a	STATUS	n/a	n/a	DI78
559.5000000000	n/a	n/a	STATUS	n/a	n/a	D255
559.5360000000	n/a	n/a	STATUS	n/a	n/a	DI51
559.5880000000	n/a	n/a	STATUS	n/a	n/a	D255
559.7120000000	n/a	n/a	STATUS	n/a	n/a	DI31
559.7600000000	n/a	n/a	STATUS	n/a	n/a	D255
560.0200000000	n/a	n/a	STATUS	n/a	n/a	DIN5
560.0720000000	n/a	n/a	STATUS	n/a	n/a	D255
560.4440000000	n/a	n/a	STATUS	n/a	n/a	D176
560.4960000000	n/a	n/a	STATUS	n/a	n/a	D255
560.5320000000	n/a	n/a	STATUS	n/a	n/a	DI52
560.5840000000	n/a	n/a	STATUS	n/a	n/a	D255
560.9000000000	n/a	n/a	STATUS	n/a	n/a	DI42
560.9520000000	n/a	n/a	STATUS	n/a	n/a	D255
561.2120000000	n/a	n/a	STATUS	n/a	n/a	DIN5
561.2600000000	n/a	n/a	STATUS	n/a	n/a	D255
561.7360000000	n/a	n/a	STATUS	n/a	n/a	D153
561.7880000000	n/a	n/a	STATUS	n/a	n/a	D255
561.8240000000	n/a	n/a	STATUS	n/a	n/a	DI54
561.8720000000	n/a	n/a	STATUS	n/a	n/a	D255
562.0360000000	n/a	n/a	STATUS	n/a	n/a	DI34
562.0880000000	n/a	n/a	STATUS	n/a	n/a	D255
562.3440000000	n/a	n/a	STATUS	n/a	n/a	DIN5
562.3960000000	n/a	n/a	STATUS	n/a	n/a	D255
562.7880000000	n/a	n/a	STATUS	n/a	n/a	D224
562.8400000000	n/a	n/a	STATUS	n/a	n/a	D255
562.8760000000	n/a	n/a	STATUS	n/a	n/a	DI51
562.9280000000	n/a	n/a	STATUS	n/a	n/a	D255
563.4160000000	n/a	n/a	STATUS	n/a	n/a	DI21
563.4640000000	n/a	n/a	STATUS	n/a	n/a	D255
563.4680000000	n/a	n/a	STATUS	n/a	n/a	DIN4
563.5200000000	n/a	n/a	STATUS	n/a	n/a	D255
564.2760000000	n/a	n/a	STATUS	n/a	n/a	DIN5
564.3240000000	n/a	n/a	STATUS	n/a	n/a	D255
564.7000000000	n/a	n/a	STATUS	n/a	n/a	D249
564.7480000000	n/a	n/a	STATUS	n/a	n/a	D255
564.7880000000	n/a	n/a	STATUS	n/a	n/a	DI51
564.8360000000	n/a	n/a	STATUS	n/a	n/a	D255
565.1040000000	n/a	n/a	STATUS	n/a	n/a	DI21
565.1560000000	n/a	n/a	STATUS	n/a	n/a	D255
565.1600000000	n/a	n/a	STATUS	n/a	n/a	DIN4
565.2120000000	n/a	n/a	STATUS	n/a	n/a	D255
565.9640000000	n/a	n/a	STATUS	n/a	n/a	DIN5
566.0160000000	n/a	n/a	STATUS	n/a	n/a	D255
566.4960000000	n/a	n/a	STATUS	n/a	n/a	D228
566.5440000000	n/a	n/a	STATUS	n/a	n/a	D255
566.5840000000	n/a	n/a	STATUS	n/a	n/a	DI53
566.6320000000	n/a	n/a	STATUS	n/a	n/a	D255
566.8960000000	n/a	n/a	STATUS	n/a	n/a	DI43
566.9440000000	n/a	n/a	STATUS	n/a	n/a	D255
567.2040000000	n/a	n/a	STATUS	n/a	n/a	DIN5
567.2520000000	n/a	n/a	STATUS	n/a	n/a	D255
567.6520000000	n/a	n/a	STATUS	n/a	n/a	DI83
567.7040000000	n/a	n/a	STATUS	n/a	n/a	D255
567.7400000000	n/a	n/a	STATUS	n/a	n/a	DI53
567.7920000000	n/a	n/a	STATUS	n/a	n/a	D255
568.0480000000	n/a	n/a	STATUS	n/a	n/a	DI43
568.0960000000	n/a	n/a	STATUS	n/a	n/a	D255
568.3560000000	n/a	n/a	STATUS	n/a	n/a	DIN5
568.4080000000	n/a	n/a	STATUS	n/a	n/a	D255
568.7480000000	n/a	n/a	STATUS	n/a	n/a	D163
568.7960000000	n/a	n/a	STATUS	n/a	n/a	D255
568.8360000000	n/a	n/a	STATUS	n/a	n/a	DI53
568.8840000000	n/a	n/a	STATUS	n/a	n/a	D255
569.1400000000	n/a	n/a	STATUS	n/a	n/a	DI43
569.1880000000	n/a	n/a	STATUS	n/a	n/a	D255
569.4480000000	n/a	n/a	STATUS	n/a	n/a	DIN5
569.5000000000	n/a	n/a	STATUS	n/a	n/a	D255
569.8960000000	n/a	n/a	STATUS	n/a	n/a	D220
569.9440000000	n/a	n/a	STATUS	n/a	n/a	D255
569.9800000000	n/a	n/a	STATUS	n/a	n/a	DI53
570.0320000000	n/a	n/a	STATUS	n/a	n/a	D255
570.3240000000	n/a	n/a	STATUS	n/a	n/a	DI43
570.3760000000	n/a	n/a	STATUS	n/a	n/a	D255
570.6360000000	n/a	n/a	STATUS	n/a	n/a	DIN5
570.6840000000	n/a	n/a	STATUS	n/a	n/a	D255
571.0160000000	n/a	n/a	STATUS	n/a	n/a	DI91
571.0640000000	n/a	n/a	STATUS	n/a	n/a	D255
571.1040000000	n/a	n/a	STATUS	n/a	n/a	DI52
571.1520000000	n/a	n/a	STATUS	n/a	n/a	D255
571.3960000000	n/a	n/a	STATUS	n/a	n/a	DI12
571.4440000000	n/a	n/a	STATUS	n/a	n/a	D255
571.4480000000	n/a	n/a	STATUS	n/a	n/a	DIN4
571.5000000000	n/a	n/a	STATUS	n/a	n/a	D255
572.2560000000	n/a	n/a	STATUS	n/a	n/a	DIN5
572.3040000000	n/a	n/a	STATUS	n/a	n/a	D255
572.6800000000	n/a	n/a	STATUS	n/a	n/a	D102
572.7280000000	n/a	n/a	STATUS	n/a	n/a	D255
572.7680000000	n/a	n/a	STATUS	n/a	n/a	DI53
572.8160000000	n/a	n/a	STATUS	n/a	n/a	D255
573.0880000000	n/a	n/a	STATUS	n/a	n/a	DI43
573.1360000000	n/a	n/a	STATUS	n/a	n/a	D255
573.3960000000	n/a	n/a	STATUS	n/a	n/a	DIN5
573.4480000000	n/a	n/a	STATUS	n/a	n/a	D255
573.9000000000	n/a	n/a	STATUS	n/a	n/a	DI79
573.9520000000	n/a	n/a	STATUS	n/a	n/a	D255
573.9880000000	n/a	n/a	STATUS	n/a	n/a	DI54
574.0400000000	n/a	n/a	STATUS	n/a	n/a	D255
574.2520000000	n/a	n/a	STATUS	n/a	n/a	DI34
574.3000000000	n/a	n/a	STATUS	n/a	n/a	D255
574.5600000000	n/a	n/a	STATUS	n/a	n/a	DIN5
574.6120000000	n/a	n/a	STATUS	n/a	n/a	D255
575.0880000000	n/a	n/a	STATUS	n/a	n/a	D209
575.1360000000	n/a	n/a	STATUS	n/a	n/a	D255
575.1720000000	n/a	n/a	STATUS	n/a	n/a	DI52
575.2240000000	n/a	n/a	STATUS	n/a	n/a	D255
575.4400000000	n/a	n/a	STATUS	n/a	n/a	DI12
575.4920000000	n/a	n/a	STATUS	n/a	n/a	D255
575.4960000000	n/a	n/a	STATUS	n/a	n/a	DIN4
575.5480000000	n/a	n/a	STATUS	n/a	n/a	D255
592.5600000000	n/a	n/a	STATUS	n/a	n/a	DIN5
592.6120000000	n/a	n/a	STATUS	n/a	n/a	D255
593.0880000000	n/a	n/a	STATUS	n/a	n/a	DI90
593.1400000000	n/a	n/a	STATUS	n/a	n/a	D255
593.1800000000	n/a	n/a	STATUS	n/a	n/a	DI51
593.2280000000	n/a	n/a	STATUS	n/a	n/a	D255
593.5640000000	n/a	n/a	STATUS	n/a	n/a	DI31
593.6120000000	n/a	n/a	STATUS	n/a	n/a	D255
593.8720000000	n/a	n/a	STATUS	n/a	n/a	DIN5
593.9240000000	n/a	n/a	STATUS	n/a	n/a	D255
594.2800000000	n/a	n/a	STATUS	n/a	n/a	D210
594.3320000000	n/a	n/a	STATUS	n/a	n/a	D255
594.3720000000	n/a	n/a	STATUS	n/a	n/a	DI51
594.4200000000	n/a	n/a	STATUS	n/a	n/a	D255
594.6760000000	n/a	n/a	STATUS	n/a	n/a	DI21
594.7280000000	n/a	n/a	STATUS	n/a	n/a	D255
594.7320000000	n/a	n/a	STATUS	n/a	n/a	DIN4
594.7800000000	n/a	n/a	STATUS	n/a	n/a	D255
595.5360000000	n/a	n/a	STATUS	n/a	n/a	DIN5
595.5840000000	n/a	n/a	STATUS	n/a	n/a	D255
595.9320000000	n/a	n/a	STATUS	n/a	n/a	D250
595.9800000000	n/a	n/a	STATUS	n/a	n/a	D255
596.0160000000	n/a	n/a	STATUS	n/a	n/a	DI52
596.0680000000	n/a	n/a	STATUS	n/a	n/a	D255
596.3480000000	n/a	n/a	STATUS	n/a	n/a	DI12
596.4000000000	n/a	n/a	STATUS	n/a	n/a	D255
596.4040000000	n/a	n/a	STATUS	n/a	n/a	DIN4
596.4520000000	n/a	n/a	STATUS	n/a	n/a	D255
597.2080000000	n/a	n/a	STATUS	n/a	n/a	DIN5
597.2600000000	n/a	n/a	STATUS	n/a	n/a	D255
597.6520000000	n/a	n/a	STATUS	n/a	n/a	D163
597.7040000000	n/a	n/a	STATUS	n/a	n/a	D255
597.7400000000	n/a	n/a	STATUS	n/a	n/a	DI54
597.7880000000	n/a	n/a	STATUS	n/a	n/a	D255
598.0640000000	n/a	n/a	STATUS	n/a	n/a	DI34
598.1120000000	n/a	n/a	STATUS	n/a	n/a	D255
598.3720000000	n/a	n/a	STATUS	n/a	n/a	DIN5
598.4240000000	n/a	n/a	STATUS	n/a	n/a	D255
598.7760000000	n/a	n/a	STATUS	n/a	n/a	D108
598.8280000000	n/a	n/a	STATUS	n/a	n/a	D255
598.8680000000	n/a	n/a	STATUS	n/a	n/a	DI53
598.9160000000	n/a	n/a	STATUS	n/a	n/a	D255
599.1720000000	n/a	n/a	STATUS	n/a	n/a	DI43
599.2240000000	n/a	n/a	STATUS	n/a	n/a	D255
599.4840000000	n/a	n/a	STATUS	n/a	n/a	DIN5
599.5320000000	n/a	n/a	STATUS	n/a	n/a	D255
599.9360000000	n/a	n/a	STATUS	n/a	n/a	D240
599.9880000000	n/a	n/a	STATUS	n/a	n/a	D255
600.0240000000	n/a	n/a	STATUS	n/a	n/a	DI53
600.0760000000	n/a	n/a	STATUS	n/a	n/a	D255
600.4080000000	n/a	n/a	STATUS	n/a	n/a	DI43
600.4600000000	n/a	n/a	STATUS	n/a	n/a	D255
600.7200000000	n/a	n/a	STATUS	n/a	n/a	DIN5
600.7680000000	n/a	n/a	STATUS	n/a	n/a	D255
601.2360000000	n/a	n/a	STATUS	n/a	n/a	DI99
601.2840000000	n/a	n/a	STATUS	n/a	n/a	D255
601.3240000000	n/a	n/a	STATUS	n/a	n/a	DI53
601.3720000000	n/a	n/a	STATUS	n/a	n/a	D255
601.6160000000	n/a	n/a	STATUS	n/a	n/a	DI43
601.6680000000	n/a	n/a	STATUS	n/a	n/a	D255
601.9280000000	n/a	n/a	STATUS	n/a	n/a	DIN5
601.9760000000	n/a	n/a	STATUS	n/a	n/a	D255
602.4560000000	n/a	n/a	STATUS	n/a	n/a	D205
602.5080000000	n/a	n/a	STATUS	n/a	n/a	D255
602.5440000000	n/a	n/a	STATUS	n/a	n/a	DI54
602.5920000000	n/a	n/a	STATUS	n/a	n/a	D255
602.8160000000	n/a	n/a	STATUS	n/a	n/a	DI34
602.8680000000	n/a	n/a	STATUS	n/a	n/a	D255
603.1240000000	n/a	n/a	STATUS	n/a	n/a	DIN5
603.1760000000	n/a	n/a	STATUS	n/a	n/a	D255
603.6640000000	n/a	n/a	STATUS	n/a	n/a	D136
603.7160000000	n/a	n/a	STATUS	n/a	n/a	D255
603.7520000000	n/a	n/a	STATUS	n/a	n/a	DI52
603.8040000000	n/a	n/a	STATUS	n/a	n/a	D255
604.0160000000	n/a	n/a	STATUS	n/a	n/a	DI12
604.0640000000	n/a	n/a	STATUS	n/a	n/a	D255
604.0680000000	n/a	n/a	STATUS	n/a	n/a	DIN4
604.1200000000	n/a	n/a	STATUS	n/a	n/a	D255
604.8760000000	n/a	n/a	STATUS	n/a	n/a	DIN5
604.9240000000	n/a	n/a	STATUS	n/a	n/a	D255
605.2480000000	n/a	n/a	STATUS	n/a	n/a	D175
605.3000000000	n/a	n/a	STATUS	n/a	n/a	D255
605.3360000000	n/a	n/a	STATUS	n/a	n/a	DI53
605.3880000000	n/a	n/a	STATUS	n/a	n/a	D255
605.6280000000	n/a	n/a	STATUS	n/a	n/a	DI43
605.6760000000	n/a	n/a	STATUS	n/a	n/a	D255
605.9360000000	n/a	n/a	STATUS	n/a	n/a	DIN5
605.9880000000	n/a	n/a	STATUS	n/a	n/a	D255
606.4400000000	n/a	n/a	STATUS	n/a	n/a	D217
606.4920000000	n/a	n/a	STATUS	n/a	n/a	D255
606.5280000000	n/a	n/a	STATUS	n/a	n/a	DI53
606.5800000000	n/a	n/a	STATUS	n/a	n/a	D255
606.8160000000	n/a	n/a	STATUS	n/a	n/a	DI43
606.8680000000	n/a	n/a	STATUS	n/a	n/a	D255
607.1280000000	n/a	n/a	STATUS	n/a	n/a	DIN5
607.1760000000	n/a	n/a	STATUS	n/a	n/a	D255
607.5160000000	n/a	n/a	STATUS	n/a	n/a	D183
607.5680000000	n/a	n/a	STATUS	n/a	n/a	D255
607.6040000000	n/a	n/a	STATUS	n/a	n/a	DI54
607.6520000000	n/a	n/a	STATUS	n/a	n/a	D255
607.9240000000	n/a	n/a	STATUS	n/a	n/a	DI34
607.9760000000	n/a	n/a	STATUS	n/a	n/a	D255
608.2360000000	n/a	n/a	STATUS	n/a	n/a	DIN5
608.2840000000	n/a	n/a	STATUS	n/a	n/a	D255
608.7240000000	n/a	n/a	STATUS	n/a	n/a	D244
608.7720000000	n/a	n/a	STATUS	n/a	n/a	D255
608.8120000000	n/a	n/a	STATUS	n/a	n/a	DI51
608.8640000000	n/a	n/a	STATUS	n/a	n/a	D255
609.0720000000	n/a	n/a	STATUS	n/a	n/a	DI21
609.1240000000	n/a	n/a	STATUS	n/a	n/a	D255
609.1280000000	n/a	n/a	STATUS	n/a	n/a	DIN4
609.1760000000	n/a	n/a	STATUS	n/a	n/a	D255
609.9320000000	n/a	n/a	STATUS	n/a	n/a	DIN5
609.9840000000	n/a	n/a	STATUS	n/a	n/a	D255
610.3160000000	n/a	n/a	STATUS	n/a	n/a	D239
610.3680000000	n/a	n/a	STATUS	n/a	n/a	D255
610.4040000000	n/a	n/a	STATUS	n/a	n/a	DI51
610.4560000000	n/a	n/a	STATUS	n/a	n/a	D255
610.7200000000	n/a	n/a	STATUS	n/a	n/a	DI21
610.7680000000	n/a	n/a	STATUS	n/a	n/a	D255
610.7720000000	n/a	n/a	STATUS	n/a	n/a	DIN4
610.8240000000	n/a	n/a	STATUS	n/a	n/a	D255
611.5800000000	n/a	n/a	STATUS	n/a	n/a	DIN5
611.6280000000	n/a	n/a	STATUS	n/a	n/a	D255
611.9880000000	n/a	n/a	STATUS	n/a	n/a	DI82
612.0400000000	n/a	n/a	STATUS	n/a	n/a	D255
612.0760000000	n/a	n/a	STATUS	n/a	n/a	DI51
612.1280000000	n/a	n/a	STATUS	n/a	n/a	D255
612.3680000000	n/a	n/a	STATUS	n/a	n/a	DI21
612.4200000000	n/a	n/a	STATUS	n/a	n/a	D255
612.4240000000	n/a	n/a	STATUS	n/a	n/a	DIN4
612.4720000000	n/a	n/a	STATUS	n/a	n/a	D255
613.2280000000	n/a	n/a	STATUS	n/a	n/a	DIN5
613.2800000000	n/a	n/a	STATUS	n/a	n/a	D255
613.6280000000	n/a	n/a	STATUS	n/a	n/a	D214
613.6800000000	n/a	n/a	STATUS	n/a	n/a	D255
613.7160000000	n/a	n/a	STATUS	n/a	n/a	DI54
613.7640000000	n/a	n/a	STATUS	n/a	n/a	D255
614.1560000000	n/a	n/a	STATUS	n/a	n/a	DI34
614.2080000000	n/a	n/a	STATUS	n/a	n/a	D255
614.4680000000	n/a	n/a	STATUS	n/a	n/a	DIN5
614.5160000000	n/a	n/a	STATUS	n/a	n/a	D255
615.0160000000	n/a	n/a	STATUS	n/a	n/a	D157
615.0680000000	n/a	n/a	STATUS	n/a	n/a	D255
615.1040000000	n/a	n/a	STATUS	n/a	n/a	DI54
615.1560000000	n/a	n/a	STATUS	n/a	n/a	D255
615.4440000000	n/a	n/a	STATUS	n/a	n/a	DI34
615.4920000000	n/a	n/a	STATUS	n/a	n/a	D255
615.7520000000	n/a	n/a	STATUS	n/a	n/a	DIN5
615.8040000000	n/a	n/a	STATUS	n/a	n/a	D255
616.1680000000	n/a	n/a	STATUS	n/a	n/a	D252
616.2160000000	n/a	n/a	STATUS	n/a	n/a	D255
616.2560000000	n/a	n/a	STATUS	n/a	n/a	DI53
616.3040000000	n/a	n/a	STATUS	n/a	n/a	D255
616.5800000000	n/a	n/a	STATUS	n/a	n/a	DI43
616.6280000000	n/a	n/a	STATUS	n/a	n/a	D255
616.8880000000	n/a	n/a	STATUS	n/a	n/a	DIN5
616.9360000000	n/a	n/a	STATUS	n/a	n/a	D255
617.4120000000	n/a	n/a	STATUS	n/a	n/a	D194
617.4640000000	n/a	n/a	STATUS	n/a	n/a	D255
617.5000000000	n/a	n/a	STATUS	n/a	n/a	DI52
617.5520000000	n/a	n/a	STATUS	n/a	n/a	D255
617.7920000000	n/a	n/a	STATUS	n/a	n/a	DI12
617.8400000000	n/a	n/a	STATUS	n/a	n/a	D255
617.8440000000	n/a	n/a	STATUS	n/a	n/a	DIN4
617.8960000000	n/a	n/a	STATUS	n/a	n/a	D255
618.6480000000	n/a	n/a	STATUS	n/a	n/a	DIN5
618.7000000000	n/a	n/a	STATUS	n/a	n/a	D255
619.1280000000	n/a	n/a	STATUS	n/a	n/a	D113
619.1800000000	n/a	n/a	STATUS	n/a	n/a	D255
619.2160000000	n/a	n/a	STATUS	n/a	n/a	DI52
619.2680000000	n/a	n/a	STATUS	n/a	n/a	D255
619.5160000000	n/a	n/a	STATUS	n/a	n/a	DI12
619.5640000000	n/a	n/a	STATUS	n/a	n/a	D255
619.5680000000	n/a	n/a	STATUS	n/a	n/a	DIN4
619.6200000000	n/a	n/a	STATUS	n/a	n/a	D255
620.3760000000	n/a	n/a	STATUS	n/a	n/a	DIN5
620.4240000000	n/a	n/a	STATUS	n/a	n/a	D255
620.9040000000	n/a	n/a	STATUS	n/a	n/a	D248
620.9560000000	n/a	n/a	STATUS	n/a	n/a	D255
620.9920000000	n/a	n/a	STATUS	n/a	n/a	DI53
621.0440000000	n/a	n/a	STATUS	n/a	n/a	D255
621.6920000000	n/a	n/a	STATUS	n/a	n/a	DI43
621.7400000000	n/a	n/a	STATUS	n/a	n/a	D255
622.0000000000	n/a	n/a	STATUS	n/a	n/a	DIN5
622.0480000000	n/a	n/a	STATUS	n/a	n/a	D255
622.3760000000	n/a	n/a	STATUS	n/a	n/a	D120
622.4240000000	n/a	n/a	STATUS	n/a	n/a	D255
622.4640000000	n/a	n/a	STATUS	n/a	n/a	DI51
622.5120000000	n/a	n/a	STATUS	n/a	n/a	D255
622.8640000000	n/a	n/a	STATUS	n/a	n/a	DI31
622.9120000000	n/a	n/a	STATUS	n/a	n/a	D255
623.1720000000	n/a	n/a	STATUS	n/a	n/a	DIN5
623.2240000000	n/a	n/a	STATUS	n/a	n/a	D255
623.6480000000	n/a	n/a	STATUS	n/a	n/a	D254
623.6960000000	n/a	n/a	STATUS	n/a	n/a	D255
623.7360000000	n/a	n/a	STATUS	n/a	n/a	DI52
623.7840000000	n/a	n/a	STATUS	n/a	n/a	D255
624.1520000000	n/a	n/a	STATUS	n/a	n/a	DI42
624.2000000000	n/a	n/a	STATUS	n/a	n/a	D255
624.4600000000	n/a	n/a	STATUS	n/a	n/a	DIN5
624.5120000000	n/a	n/a	STATUS	n/a	n/a	D255
624.9520000000	n/a	n/a	STATUS	n/a	n/a	DI77
625.0000000000	n/a	n/a	STATUS	n/a	n/a	D255
625.0360000000	n/a	n/a	STATUS	n/a	n/a	DI54
625.0880000000	n/a	n/a	STATUS	n/a	n/a	D255
625.3600000000	n/a	n/a	STATUS	n/a	n/a	DI34
625.4080000000	n/a	n/a	STATUS	n/a	n/a	D255
625.6680000000	n/a	n/a	STATUS	n/a	n/a	DIN5
625.7160000000	n/a	n/a	STATUS	n/a	n/a	D255
626.0560000000	n/a	n/a	STATUS	n/a	n/a	DI86
626.1080000000	n/a	n/a	STATUS	n/a	n/a	D255
626.1440000000	n/a	n/a	STATUS	n/a	n/a	DI52
626.1960000000	n/a	n/a	STATUS	n/a	n/a	D255
626.5560000000	n/a	n/a	STATUS	n/a	n/a	DI42
626.6040000000	n/a	n/a	STATUS	n/a	n/a	D255
626.8640000000	n/a	n/a	STATUS	n/a	n/a	DIN5
626.9160000000	n/a	n/a	STATUS	n/a	n/a	D255
627.3240000000	n/a	n/a	STATUS	n/a	n/a	D232
627.3720000000	n/a	n/a	STATUS	n/a	n/a	D255
627.4120000000	n/a	n/a	STATUS	n/a	n/a	DI54
627.4600000000	n/a	n/a	STATUS	n/a	n/a	D255
627.7680000000	n/a	n/a	STATUS	n/a	n/a	DI34
627.8160000000	n/a	n/a	STATUS	n/a	n/a	D255
628.0760000000	n/a	n/a	STATUS	n/a	n/a	DIN5
628.1280000000	n/a	n/a	STATUS	n/a	n/a	D255
628.5720000000	n/a	n/a	STATUS	n/a	n/a	D181
628.6200000000	n/a	n/a	STATUS	n/a	n/a	D255
628.6600000000	n/a	n/a	STATUS	n/a	n/a	DI51
628.7080000000	n/a	n/a	STATUS	n/a	n/a	D255
629.1200000000	n/a	n/a	STATUS	n/a	n/a	DI31
629.1720000000	n/a	n/a	STATUS	n/a	n/a	D255
629.4320000000	n/a	n/a	STATUS	n/a	n/a	DIN5
629.4800000000	n/a	n/a	STATUS	n/a	n/a	D255
629.9560000000	n/a	n/a	STATUS	n/a	n/a	D245
630.0040000000	n/a	n/a	STATUS	n/a	n/a	D255
630.0440000000	n/a	n/a	STATUS	n/a	n/a	DI52
630.0920000000	n/a	n/a	STATUS	n/a	n/a	D255
630.4720000000	n/a	n/a	STATUS	n/a	n/a	DI42
630.5200000000	n/a	n/a	STATUS	n/a	n/a	D255
630.7800000000	n/a	n/a	STATUS	n/a	n/a	DIN5
630.8320000000	n/a	n/a	STATUS	n/a	n/a	D255
631.2200000000	n/a	n/a	STATUS	n/a	n/a	D241
631.2720000000	n/a	n/a	STATUS	n/a	n/a	D255
631.3080000000	n/a	n/a	STATUS	n/a	n/a	DI54
631.3600000000	n/a	n/a	STATUS	n/a	n/a	D255
631.6720000000	n/a	n/a	STATUS	n/a	n/a	DI34
631.7200000000	n/a	n/a	STATUS	n/a	n/a	D255
631.9800000000	n/a	n/a	STATUS	n/a	n/a	DIN5
632.0320000000	n/a	n/a	STATUS	n/a	n/a	D255
632.4120000000	n/a	n/a	STATUS	n/a	n/a	D184
632.4600000000	n/a	n/a	STATUS	n/a	n/a	D255
632.4960000000	n/a	n/a	STATUS	n/a	n/a	DI53
632.5480000000	n/a	n/a	STATUS	n/a	n/a	D255
632.8080000000	n/a	n/a	STATUS	n/a	n/a	DI43
632.8560000000	n/a	n/a	STATUS	n/a	n/a	D255
633.1160000000	n/a	n/a	STATUS	n/a	n/a	DIN5
633.1680000000	n/a	n/a	STATUS	n/a	n/a	D255
633.6360000000	n/a	n/a	STATUS	n/a	n/a	D123
633.6880000000	n/a	n/a	STATUS	n/a	n/a	D255
633.7240000000	n/a	n/a	STATUS	n/a	n/a	DI54
633.7760000000	n/a	n/a	STATUS	n/a	n/a	D255
634.0440000000	n/a	n/a	STATUS	n/a	n/a	DI34
634.0960000000	n/a	n/a	STATUS	n/a	n/a	D255
634.3560000000	n/a	n/a	STATUS	n/a	n/a	DIN5
634.4040000000	n/a	n/a	STATUS	n/a	n/a	D255
634.8600000000	n/a	n/a	STATUS	n/a	n/a	D170
634.9120000000	n/a	n/a	STATUS	n/a	n/a	D255
634.9480000000	n/a	n/a	STATUS	n/a	n/a	DI51
635.0000000000	n/a	n/a	STATUS	n/a	n/a	D255
635.2360000000	n/a	n/a	STATUS	n/a	n/a	DI21
635.2880000000	n/a	n/a	STATUS	n/a	n/a	D255
635.2920000000	n/a	n/a	STATUS	n/a	n/a	DIN4
635.3400000000	n/a	n/a	STATUS	n/a	n/a	D255
636.0960000000	n/a	n/a	STATUS	n/a	n/a	DIN5
636.1480000000	n/a	n/a	STATUS	n/a	n/a	D255
636.4760000000	n/a	n/a	STATUS	n/a	n/a	D110
636.5240000000	n/a	n/a	STATUS	n/a	n/a	D239
636.5280000000	n/a	n/a	STATUS	n/a	n/a	D255
636.5640000000	n/a	n/a	STATUS	n/a	n/a	DI53
636.6120000000	n/a	n/a	STATUS	n/a	n/a	D255
636.8680000000	n/a	n/a	STATUS	n/a	n/a	DI43
636.9160000000	n/a	n/a	STATUS	n/a	n/a	D255
637.1760000000	n/a	n/a	STATUS	n/a	n/a	DIN5
637.2280000000	n/a	n/a	STATUS	n/a	n/a	D255
637.6960000000	n/a	n/a	STATUS	n/a	n/a	D197
637.7480000000	n/a	n/a	STATUS	n/a	n/a	D255
637.7840000000	n/a	n/a	STATUS	n/a	n/a	DI52
637.8320000000	n/a	n/a	STATUS	n/a	n/a	D255
638.0200000000	n/a	n/a	STATUS	n/a	n/a	DI12
638.0720000000	n/a	n/a	STATUS	n/a	n/a	D255
638.0760000000	n/a	n/a	STATUS	n/a	n/a	DIN4
638.1240000000	n/a	n/a	STATUS	n/a	n/a	D255
638.8800000000	n/a	n/a	STATUS	n/a	n/a	DIN5
638.9320000000	n/a	n/a	STATUS	n/a	n/a	D255
639.3880000000	n/a	n/a	STATUS	n/a	n/a	D229
639.4400000000	n/a	n/a	STATUS	n/a	n/a	D255
639.4760000000	n/a	n/a	STATUS	n/a	n/a	DI52
639.5280000000	n/a	n/a	STATUS	n/a	n/a	D255
639.7920000000	n/a	n/a	STATUS	n/a	n/a	DI12
639.8400000000	n/a	n/a	STATUS	n/a	n/a	D255
639.8480000000	n/a	n/a	STATUS	n/a	n/a	DIN4
639.8960000000	n/a	n/a	STATUS	n/a	n/a	D255
640.6520000000	n/a	n/a	STATUS	n/a	n/a	DIN5
640.7000000000	n/a	n/a	STATUS	n/a	n/a	D255
641.1960000000	n/a	n/a	STATUS	n/a	n/a	D134
641.2440000000	n/a	n/a	STATUS	n/a	n/a	D255
641.2840000000	n/a	n/a	STATUS	n/a	n/a	DI51
641.3320000000	n/a	n/a	STATUS	n/a	n/a	D255
641.6960000000	n/a	n/a	STATUS	n/a	n/a	DI31
641.7480000000	n/a	n/a	STATUS	n/a	n/a	D255
642.0080000000	n/a	n/a	STATUS	n/a	n/a	DIN5
642.0560000000	n/a	n/a	STATUS	n/a	n/a	D255
642.5080000000	n/a	n/a	STATUS	n/a	n/a	D124
642.5560000000	n/a	n/a	STATUS	n/a	n/a	D255
642.5960000000	n/a	n/a	STATUS	n/a	n/a	DI52
642.6440000000	n/a	n/a	STATUS	n/a	n/a	D255
642.9680000000	n/a	n/a	STATUS	n/a	n/a	DI42
643.0200000000	n/a	n/a	STATUS	n/a	n/a	D255
643.2800000000	n/a	n/a	STATUS	n/a	n/a	DIN5
643.3280000000	n/a	n/a	STATUS	n/a	n/a	D255
643.8080000000	n/a	n/a	STATUS	n/a	n/a	D161
643.8600000000	n/a	n/a	STATUS	n/a	n/a	D255
643.8960000000	n/a	n/a	STATUS	n/a	n/a	DI52
643.9440000000	n/a	n/a	STATUS	n/a	n/a	D255
644.3200000000	n/a	n/a	STATUS	n/a	n/a	DI42
644.3720000000	n/a	n/a	STATUS	n/a	n/a	D255
644.6320000000	n/a	n/a	STATUS	n/a	n/a	DIN5
644.6800000000	n/a	n/a	STATUS	n/a	n/a	D255
645.0840000000	n/a	n/a	STATUS	n/a	n/a	DI74
645.1360000000	n/a	n/a	STATUS	n/a	n/a	D255
645.1720000000	n/a	n/a	STATUS	n/a	n/a	DI54
645.2240000000	n/a	n/a	STATUS	n/a	n/a	D255
645.4360000000	n/a	n/a	STATUS	n/a	n/a	DI34
645.4840000000	n/a	n/a	STATUS	n/a	n/a	D255
645.7440000000	n/a	n/a	STATUS	n/a	n/a	DIN5
645.7960000000	n/a	n/a	STATUS	n/a	n/a	D255
646.2480000000	n/a	n/a	STATUS	n/a	n/a	D138
646.3000000000	n/a	n/a	STATUS	n/a	n/a	D255
646.3360000000	n/a	n/a	STATUS	n/a	n/a	DI54
646.3880000000	n/a	n/a	STATUS	n/a	n/a	D255
646.6240000000	n/a	n/a	STATUS	n/a	n/a	DI34
646.6760000000	n/a	n/a	STATUS	n/a	n/a	D255
646.9360000000	n/a	n/a	STATUS	n/a	n/a	DIN5
646.9840000000	n/a	n/a	STATUS	n/a	n/a	D255
647.4040000000	n/a	n/a	STATUS	n/a	n/a	D128
647.4560000000	n/a	n/a	STATUS	n/a	n/a	D255
647.4920000000	n/a	n/a	STATUS	n/a	n/a	DI51
647.5440000000	n/a	n/a	STATUS	n/a	n/a	D255
647.8120000000	n/a	n/a	STATUS	n/a	n/a	DI21
647.8640000000	n/a	n/a	STATUS	n/a	n/a	D255
647.8680000000	n/a	n/a	STATUS	n/a	n/a	DIN4
647.9160000000	n/a	n/a	STATUS	n/a	n/a	D255
648.6720000000	n/a	n/a	STATUS	n/a	n/a	DIN5
648.7240000000	n/a	n/a	STATUS	n/a	n/a	D255
649.1320000000	n/a	n/a	STATUS	n/a	n/a	D246
649.1800000000	n/a	n/a	STATUS	n/a	n/a	D255
649.2200000000	n/a	n/a	STATUS	n/a	n/a	DI51
649.2680000000	n/a	n/a	STATUS	n/a	n/a	D255
649.5200000000	n/a	n/a	STATUS	n/a	n/a	DI21
649.5680000000	n/a	n/a	STATUS	n/a	n/a	D255
649.5720000000	n/a	n/a	STATUS	n/a	n/a	DIN4
649.6240000000	n/a	n/a	STATUS	n/a	n/a	D255
650.3800000000	n/a	n/a	STATUS	n/a	n/a	DIN5
650.4280000000	n/a	n/a	STATUS	n/a	n/a	D255
650.7480000000	n/a	n/a	STATUS	n/a	n/a	DI91
650.8000000000	n/a	n/a	STATUS	n/a	n/a	D255
650.8360000000	n/a	n/a	STATUS	n/a	n/a	DI52
650.8880000000	n/a	n/a	STATUS	n/a	n/a	D255
651.2440000000	n/a	n/a	STATUS	n/a	n/a	DI42
651.2960000000	n/a	n/a	STATUS	n/a	n/a	D255
651.5520000000	n/a	n/a	STATUS	n/a	n/a	DIN5
651.6040000000	n/a	n/a	STATUS	n/a	n/a	D255
652.0520000000	n/a	n/a	STATUS	n/a	n/a	D100
652.1040000000	n/a	n/a	STATUS	n/a	n/a	D255
652.1400000000	n/a	n/a	STATUS	n/a	n/a	DI54
652.1920000000	n/a	n/a	STATUS	n/a	n/a	D255
652.4560000000	n/a	n/a	STATUS	n/a	n/a	DI34
652.5080000000	n/a	n/a	STATUS	n/a	n/a	D255
652.7680000000	n/a	n/a	STATUS	n/a	n/a	DIN5
652.8160000000	n/a	n/a	STATUS	n/a	n/a	D255
653.1680000000	n/a	n/a	STATUS	n/a	n/a	D196
653.2160000000	n/a	n/a	STATUS	n/a	n/a	D255
653.2520000000	n/a	n/a	STATUS	n/a	n/a	DI53
653.3040000000	n/a	n/a	STATUS	n/a	n/a	D255
653.5480000000	n/a	n/a	STATUS	n/a	n/a	DI43
653.6000000000	n/a	n/a	STATUS	n/a	n/a	D255
653.8600000000	n/a	n/a	STATUS	n/a	n/a	DIN5
653.9080000000	n/a	n/a	STATUS	n/a	n/a	D255
654.4160000000	n/a	n/a	STATUS	n/a	n/a	D230
654.4640000000	n/a	n/a	STATUS	n/a	n/a	D255
654.5000000000	n/a	n/a	STATUS	n/a	n/a	DI53
654.5520000000	n/a	n/a	STATUS	n/a	n/a	D255
655.0280000000	n/a	n/a	STATUS	n/a	n/a	DI43
655.0760000000	n/a	n/a	STATUS	n/a	n/a	D255
655.3360000000	n/a	n/a	STATUS	n/a	n/a	DIN5
655.3880000000	n/a	n/a	STATUS	n/a	n/a	D255
655.8280000000	n/a	n/a	STATUS	n/a	n/a	D140
655.8760000000	n/a	n/a	STATUS	n/a	n/a	D255
655.9160000000	n/a	n/a	STATUS	n/a	n/a	DI54
655.9640000000	n/a	n/a	STATUS	n/a	n/a	D255
656.2000000000	n/a	n/a	STATUS	n/a	n/a	DI34
656.2480000000	n/a	n/a	STATUS	n/a	n/a	D255
656.5080000000	n/a	n/a	STATUS	n/a	n/a	DIN5
656.5600000000	n/a	n/a	STATUS	n/a	n/a	D255
656.9800000000	n/a	n/a	STATUS	n/a	n/a	D151
657.0280000000	n/a	n/a	STATUS	n/a	n/a	D255
657.0640000000	n/a	n/a	STATUS	n/a	n/a	DI52
657.1160000000	n/a	n/a	STATUS	n/a	n/a	D255
657.4280000000	n/a	n/a	STATUS	n/a	n/a	DI42
657.4800000000	n/a	n/a	STATUS	n/a	n/a	D255
657.7360000000	n/a	n/a	STATUS	n/a	n/a	DIN5
657.7880000000	n/a	n/a	STATUS	n/a	n/a	D255
657.7880000000	n/a	n/a	STATUS	n/a	n/a	D231
658.0920000000	n/a	n/a	STATUS	n/a	n/a	D112
658.1440000000	n/a	n/a	STATUS	n/a	n/a	D255
658.1800000000	n/a	n/a	STATUS	n/a	n/a	DI53
658.2320000000	n/a	n/a	STATUS	n/a	n/a	D255
658.4720000000	n/a	n/a	STATUS	n/a	n/a	DI43
658.5200000000	n/a	n/a	STATUS	n/a	n/a	D255
658.7800000000	n/a	n/a	STATUS	n/a	n/a	DIN5
658.8320000000	n/a	n/a	STATUS	n/a	n/a	D255
659.2480000000	n/a	n/a	STATUS	n/a	n/a	D171
659.3000000000	n/a	n/a	STATUS	n/a	n/a	D255
659.3400000000	n/a	n/a	STATUS	n/a	n/a	DI51
659.3880000000	n/a	n/a	STATUS	n/a	n/a	D255
659.6080000000	n/a	n/a	STATUS	n/a	n/a	DI21
659.6600000000	n/a	n/a	STATUS	n/a	n/a	D255
659.6640000000	n/a	n/a	STATUS	n/a	n/a	DIN4
659.7120000000	n/a	n/a	STATUS	n/a	n/a	D255
660.4680000000	n/a	n/a	STATUS	n/a	n/a	DIN5
660.5160000000	n/a	n/a	STATUS	n/a	n/a	D255
660.9760000000	n/a	n/a	STATUS	n/a	n/a	D144
661.0280000000	n/a	n/a	STATUS	n/a	n/a	D255
661.0640000000	n/a	n/a	STATUS	n/a	n/a	DI52
661.1160000000	n/a	n/a	STATUS	n/a	n/a	D255
661.3560000000	n/a	n/a	STATUS	n/a	n/a	DI12
661.4040000000	n/a	n/a	STATUS	n/a	n/a	D255
661.4120000000	n/a	n/a	STATUS	n/a	n/a	DIN4
661.4600000000	n/a	n/a	STATUS	n/a	n/a	D255
662.2160000000	n/a	n/a	STATUS	n/a	n/a	DIN5
662.2640000000	n/a	n/a	STATUS	n/a	n/a	D255
662.7120000000	n/a	n/a	STATUS	n/a	n/a	D105
662.7600000000	n/a	n/a	STATUS	n/a	n/a	D255
662.7960000000	n/a	n/a	STATUS	n/a	n/a	DI54
662.8480000000	n/a	n/a	STATUS	n/a	n/a	D255
663.1200000000	n/a	n/a	STATUS	n/a	n/a	DI34
663.1720000000	n/a	n/a	STATUS	n/a	n/a	D255
663.4320000000	n/a	n/a	STATUS	n/a	n/a	DIN5
663.4800000000	n/a	n/a	STATUS	n/a	n/a	D255
663.9400000000	n/a	n/a	STATUS	n/a	n/a	D253
663.9920000000	n/a	n/a	STATUS	n/a	n/a	D255
664.0280000000	n/a	n/a	STATUS	n/a	n/a	DI53
664.0800000000	n/a	n/a	STATUS	n/a	n/a	D255
664.3000000000	n/a	n/a	STATUS	n/a	n/a	DI43
664.3520000000	n/a	n/a	STATUS	n/a	n/a	D255
664.6080000000	n/a	n/a	STATUS	n/a	n/a	DIN5
664.6600000000	n/a	n/a	STATUS	n/a	n/a	D255
665.0200000000	n/a	n/a	STATUS	n/a	n/a	D143
665.0680000000	n/a	n/a	STATUS	n/a	n/a	D255
665.1080000000	n/a	n/a	STATUS	n/a	n/a	DI54
665.1560000000	n/a	n/a	STATUS	n/a	n/a	D255
665.4320000000	n/a	n/a	STATUS	n/a	n/a	DI34
665.4800000000	n/a	n/a	STATUS	n/a	n/a	D255
665.7400000000	n/a	n/a	STATUS	n/a	n/a	DIN5
665.7920000000	n/a	n/a	STATUS	n/a	n/a	D255
666.0960000000	n/a	n/a	STATUS	n/a	n/a	D149
666.1440000000	n/a	n/a	STATUS	n/a	n/a	D255
666.1840000000	n/a	n/a	STATUS	n/a	n/a	DI54
666.2320000000	n/a	n/a	STATUS	n/a	n/a	D255
666.5200000000	n/a	n/a	STATUS	n/a	n/a	DI34
666.5680000000	n/a	n/a	STATUS	n/a	n/a	D255
666.8280000000	n/a	n/a	STATUS	n/a	n/a	DIN5
666.8800000000	n/a	n/a	STATUS	n/a	n/a	D255
667.3120000000	n/a	n/a	STATUS	n/a	n/a	D200
667.3640000000	n/a	n/a	STATUS	n/a	n/a	D255
667.4000000000	n/a	n/a	STATUS	n/a	n/a	DI51
667.4520000000	n/a	n/a	STATUS	n/a	n/a	D255
667.7200000000	n/a	n/a	STATUS	n/a	n/a	DI21
667.7680000000	n/a	n/a	STATUS	n/a	n/a	D255
667.7760000000	n/a	n/a	STATUS	n/a	n/a	DIN4
667.8240000000	n/a	n/a	STATUS	n/a	n/a	D255
668.5800000000	n/a	n/a	STATUS	n/a	n/a	DIN5
668.6280000000	n/a	n/a	STATUS	n/a	n/a	D255
668.9320000000	n/a	n/a	STATUS	n/a	n/a	D218
668.9840000000	n/a	n/a	STATUS	n/a	n/a	D255
669.0240000000	n/a	n/a	STATUS	n/a	n/a	DI54
669.0720000000	n/a	n/a	STATUS	n/a	n/a	D255
669.4200000000	n/a	n/a	STATUS	n/a	n/a	DI34
669.4680000000	n/a	n/a	STATUS	n/a	n/a	D255
669.7280000000	n/a	n/a	STATUS	n/a	n/a	DIN5
669.7760000000	n/a	n/a	STATUS	n/a	n/a	D255
670.1160000000	n/a	n/a	STATUS	n/a	n/a	D118
670.1680000000	n/a	n/a	STATUS	n/a	n/a	D255
670.2080000000	n/a	n/a	STATUS	n/a	n/a	DI53
670.2560000000	n/a	n/a	STATUS	n/a	n/a	D255
670.5480000000	n/a	n/a	STATUS	n/a	n/a	DI43
670.6000000000	n/a	n/a	STATUS	n/a	n/a	D255
670.8600000000	n/a	n/a	STATUS	n/a	n/a	DIN5
670.9080000000	n/a	n/a	STATUS	n/a	n/a	D255
671.3960000000	n/a	n/a	STATUS	n/a	n/a	D150
671.4440000000	n/a	n/a	STATUS	n/a	n/a	D255
671.4800000000	n/a	n/a	STATUS	n/a	n/a	DI53
671.5320000000	n/a	n/a	STATUS	n/a	n/a	D255
671.8000000000	n/a	n/a	STATUS	n/a	n/a	DI43
671.8520000000	n/a	n/a	STATUS	n/a	n/a	D255
672.1120000000	n/a	n/a	STATUS	n/a	n/a	DIN5
672.1600000000	n/a	n/a	STATUS	n/a	n/a	D255
672.6160000000	n/a	n/a	STATUS	n/a	n/a	D243
672.6640000000	n/a	n/a	STATUS	n/a	n/a	D255
672.7040000000	n/a	n/a	STATUS	n/a	n/a	DI51
672.7520000000	n/a	n/a	STATUS	n/a	n/a	D255
673.1360000000	n/a	n/a	STATUS	n/a	n/a	DI31
673.1880000000	n/a	n/a	STATUS	n/a	n/a	D255
673.4480000000	n/a	n/a	STATUS	n/a	n/a	DIN5
673.4960000000	n/a	n/a	STATUS	n/a	n/a	D255
673.9400000000	n/a	n/a	STATUS	n/a	n/a	D111
673.9920000000	n/a	n/a	STATUS	n/a	n/a	D255
674.0280000000	n/a	n/a	STATUS	n/a	n/a	DI52
674.0800000000	n/a	n/a	STATUS	n/a	n/a	D255
674.3600000000	n/a	n/a	STATUS	n/a	n/a	DI42
674.4120000000	n/a	n/a	STATUS	n/a	n/a	D255
674.6680000000	n/a	n/a	STATUS	n/a	n/a	DIN5
674.7200000000	n/a	n/a	STATUS	n/a	n/a	D255
675.0440000000	n/a	n/a	STATUS	n/a	n/a	DI75
675.0960000000	n/a	n/a	STATUS	n/a	n/a	D255
675.1320000000	n/a	n/a	STATUS	n/a	n/a	DI51
675.1840000000	n/a	n/a	STATUS	n/a	n/a	D255
675.4800000000	n/a	n/a	STATUS	n/a	n/a	DI21
675.5320000000	n/a	n/a	STATUS	n/a	n/a	D255
675.5360000000	n/a	n/a	STATUS	n/a	n/a	DIN4
675.5840000000	n/a	n/a	STATUS	n/a	n/a	D255
676.3400000000	n/a	n/a	STATUS	n/a	n/a	DIN5
676.3920000000	n/a	n/a	STATUS	n/a	n/a	D255
676.7960000000	n/a	n/a	STATUS	n/a	n/a	D209
676.8440000000	n/a	n/a	STATUS	n/a	n/a	D255
676.8840000000	n/a	n/a	STATUS	n/a	n/a	DI54
676.9320000000	n/a	n/a	STATUS	n/a	n/a	D255
677.1920000000	n/a	n/a	STATUS	n/a	n/a	DI34
677.2400000000	n/a	n/a	STATUS	n/a	n/a	D255
677.5000000000	n/a	n/a	STATUS	n/a	n/a	DIN5
677.5520000000	n/a	n/a	STATUS	n/a	n/a	D255
677.9560000000	n/a	n/a	STATUS	n/a	n/a	D115
678.0040000000	n/a	n/a	STATUS	n/a	n/a	D255
678.0400000000	n/a	n/a	STATUS	n/a	n/a	DI52
678.0920000000	n/a	n/a	STATUS	n/a	n/a	D255
678.3480000000	n/a	n/a	STATUS	n/a	n/a	DI42
678.4000000000	n/a	n/a	STATUS	n/a	n/a	D255
678.6560000000	n/a	n/a	STATUS	n/a	n/a	DIN5
678.7080000000	n/a	n/a	STATUS	n/a	n/a	D255
679.0880000000	n/a	n/a	STATUS	n/a	n/a	DI81
679.1360000000	n/a	n/a	STATUS	n/a	n/a	D255
679.1760000000	n/a	n/a	STATUS	n/a	n/a	DI52
679.2240000000	n/a	n/a	STATUS	n/a	n/a	D255
679.6120000000	n/a	n/a	STATUS	n/a	n/a	DI42
679.6640000000	n/a	n/a	STATUS	n/a	n/a	D255
679.9200000000	n/a	n/a	STATUS	n/a	n/a	DIN5
679.9720000000	n/a	n/a	STATUS	n/a	n/a	D255
680.3600000000	n/a	n/a	STATUS	n/a	n/a	D215
680.4120000000	n/a	n/a	STATUS	n/a	n/a	D255
680.4480000000	n/a	n/a	STATUS	n/a	n/a	DI51
680.5000000000	n/a	n/a	STATUS	n/a	n/a	D255
680.8920000000	n/a	n/a	STATUS	n/a	n/a	DI31
680.9400000000	n/a	n/a	STATUS	n/a	n/a	D255
681.2000000000	n/a	n/a	STATUS	n/a	n/a	DIN5
681.2520000000	n/a	n/a	STATUS	n/a	n/a	D255
681.6880000000	n/a	n/a	STATUS	n/a	n/a	D141
681.7360000000	n/a	n/a	STATUS	n/a	n/a	D255
681.7720000000	n/a	n/a	STATUS	n/a	n/a	DI54
681.8240000000	n/a	n/a	STATUS	n/a	n/a	D255
682.0880000000	n/a	n/a	STATUS	n/a	n/a	DI34
682.1400000000	n/a	n/a	STATUS	n/a	n/a	D255
682.4000000000	n/a	n/a	STATUS	n/a	n/a	DIN5
682.4480000000	n/a	n/a	STATUS	n/a	n/a	D255
682.7520000000	n/a	n/a	STATUS	n/a	n/a	D195
682.8040000000	n/a	n/a	STATUS	n/a	n/a	D255
682.8400000000	n/a	n/a	STATUS	n/a	n/a	DI52
682.8920000000	n/a	n/a	STATUS	n/a	n/a	D255
683.1760000000	n/a	n/a	STATUS	n/a	n/a	DI12
683.2280000000	n/a	n/a	STATUS	n/a	n/a	D255
683.2320000000	n/a	n/a	STATUS	n/a	n/a	DIN4
683.2800000000	n/a	n/a	STATUS	n/a	n/a	D255
684.0360000000	n/a	n/a	STATUS	n/a	n/a	DIN5
684.0880000000	n/a	n/a	STATUS	n/a	n/a	D255
684.5640000000	n/a	n/a	STATUS	n/a	n/a	D174
684.6160000000	n/a	n/a	STATUS	n/a	n/a	D255
684.6520000000	n/a	n/a	STATUS	n/a	n/a	DI51
684.7040000000	n/a	n/a	STATUS	n/a	n/a	D255
684.9560000000	n/a	n/a	STATUS	n/a	n/a	DI21
685.0040000000	n/a	n/a	STATUS	n/a	n/a	D255
685.0080000000	n/a	n/a	STATUS	n/a	n/a	DIN4
685.0600000000	n/a	n/a	STATUS	n/a	n/a	D255
685.8160000000	n/a	n/a	STATUS	n/a	n/a	DIN5
685.8640000000	n/a	n/a	STATUS	n/a	n/a	D255
686.3680000000	n/a	n/a	STATUS	n/a	n/a	D185
686.4200000000	n/a	n/a	STATUS	n/a	n/a	D255
686.4560000000	n/a	n/a	STATUS	n/a	n/a	DI51
686.5080000000	n/a	n/a	STATUS	n/a	n/a	D255
686.7720000000	n/a	n/a	STATUS	n/a	n/a	DI21
686.8240000000	n/a	n/a	STATUS	n/a	n/a	D255
686.8280000000	n/a	n/a	STATUS	n/a	n/a	DIN4
686.8760000000	n/a	n/a	STATUS	n/a	n/a	D255
687.6320000000	n/a	n/a	STATUS	n/a	n/a	DIN5
687.6840000000	n/a	n/a	STATUS	n/a	n/a	D255
688.0440000000	n/a	n/a	STATUS	n/a	n/a	D154
688.0920000000	n/a	n/a	STATUS	n/a	n/a	D255
688.1320000000	n/a	n/a	STATUS	n/a	n/a	DI53
688.1800000000	n/a	n/a	STATUS	n/a	n/a	D255
688.5160000000	n/a	n/a	STATUS	n/a	n/a	DI13
688.5680000000	n/a	n/a	STATUS	n/a	n/a	D255
688.5720000000	n/a	n/a	STATUS	n/a	n/a	DIN4
688.6200000000	n/a	n/a	STATUS	n/a	n/a	D255
689.3760000000	n/a	n/a	STATUS	n/a	n/a	DIN5
689.4280000000	n/a	n/a	STATUS	n/a	n/a	D255
689.8600000000	n/a	n/a	STATUS	n/a	n/a	D179
689.9120000000	n/a	n/a	STATUS	n/a	n/a	D255
689.9480000000	n/a	n/a	STATUS	n/a	n/a	DI53
690.0000000000	n/a	n/a	STATUS	n/a	n/a	D255
690.2560000000	n/a	n/a	STATUS	n/a	n/a	DI43
690.3080000000	n/a	n/a	STATUS	n/a	n/a	D255
690.5680000000	n/a	n/a	STATUS	n/a	n/a	DIN5
690.6160000000	n/a	n/a	STATUS	n/a	n/a	D255
691.1200000000	n/a	n/a	STATUS	n/a	n/a	D231
691.1720000000	n/a	n/a	STATUS	n/a	n/a	D255
691.2080000000	n/a	n/a	STATUS	n/a	n/a	DI54
691.2600000000	n/a	n/a	STATUS	n/a	n/a	D255
691.4720000000	n/a	n/a	STATUS	n/a	n/a	DI34
691.5240000000	n/a	n/a	STATUS	n/a	n/a	D255
691.7800000000	n/a	n/a	STATUS	n/a	n/a	DIN5
691.8320000000	n/a	n/a	STATUS	n/a	n/a	D255
692.2280000000	n/a	n/a	STATUS	n/a	n/a	D148
692.2760000000	n/a	n/a	STATUS	n/a	n/a	D255
692.3160000000	n/a	n/a	STATUS	n/a	n/a	DI52
692.3640000000	n/a	n/a	STATUS	n/a	n/a	D255
692.6640000000	n/a	n/a	STATUS	n/a	n/a	DI42
692.7160000000	n/a	n/a	STATUS	n/a	n/a	D255
692.9720000000	n/a	n/a	STATUS	n/a	n/a	DIN5
693.0240000000	n/a	n/a	STATUS	n/a	n/a	D255
693.4440000000	n/a	n/a	STATUS	n/a	n/a	D155
693.4920000000	n/a	n/a	STATUS	n/a	n/a	D255
693.5320000000	n/a	n/a	STATUS	n/a	n/a	DI54
693.5800000000	n/a	n/a	STATUS	n/a	n/a	D255
693.9000000000	n/a	n/a	STATUS	n/a	n/a	DI34
693.9520000000	n/a	n/a	STATUS	n/a	n/a	D255
694.2120000000	n/a	n/a	STATUS	n/a	n/a	DIN5
694.2600000000	n/a	n/a	STATUS	n/a	n/a	D255
694.6840000000	n/a	n/a	STATUS	n/a	n/a	D129
694.7360000000	n/a	n/a	STATUS	n/a	n/a	D255
694.7720000000	n/a	n/a	STATUS	n/a	n/a	DI51
694.8240000000	n/a	n/a	STATUS	n/a	n/a	D255
695.0640000000	n/a	n/a	STATUS	n/a	n/a	DI21
695.1120000000	n/a	n/a	STATUS	n/a	n/a	D255
695.1200000000	n/a	n/a	STATUS	n/a	n/a	DIN4
695.1680000000	n/a	n/a	STATUS	n/a	n/a	D255
695.9240000000	n/a	n/a	STATUS	n/a	n/a	DIN5
695.9720000000	n/a	n/a	STATUS	n/a	n/a	D255
696.4320000000	n/a	n/a	STATUS	n/a	n/a	DI88
696.4840000000	n/a	n/a	STATUS	n/a	n/a	D255
696.5200000000	n/a	n/a	STATUS	n/a	n/a	DI51
696.5720000000	n/a	n/a	STATUS	n/a	n/a	D255
696.8040000000	n/a	n/a	STATUS	n/a	n/a	DI21
696.8520000000	n/a	n/a	STATUS	n/a	n/a	D255
696.8600000000	n/a	n/a	STATUS	n/a	n/a	DIN4
696.9080000000	n/a	n/a	STATUS	n/a	n/a	D255
697.6640000000	n/a	n/a	STATUS	n/a	n/a	DIN5
697.7160000000	n/a	n/a	STATUS	n/a	n/a	D255
698.0600000000	n/a	n/a	STATUS	n/a	n/a	DI87
698.1080000000	n/a	n/a	STATUS	n/a	n/a	D255
698.1480000000	n/a	n/a	STATUS	n/a	n/a	DI51
698.1960000000	n/a	n/a	STATUS	n/a	n/a	D255
698.5720000000	n/a	n/a	STATUS	n/a	n/a	DI31
698.6240000000	n/a	n/a	STATUS	n/a	n/a	D255
698.8800000000	n/a	n/a	STATUS	n/a	n/a	DIN5
698.9320000000	n/a	n/a	STATUS	n/a	n/a	D255
699.2400000000	n/a	n/a	STATUS	n/a	n/a	D224
699.2920000000	n/a	n/a	STATUS	n/a	n/a	D255
699.3320000000	n/a	n/a	STATUS	n/a	n/a	DI53
699.3800000000	n/a	n/a	STATUS	n/a	n/a	D255
699.6640000000	n/a	n/a	STATUS	n/a	n/a	DI43
699.7160000000	n/a	n/a	STATUS	n/a	n/a	D255
699.9760000000	n/a	n/a	STATUS	n/a	n/a	DIN5
700.0240000000	n/a	n/a	STATUS	n/a	n/a	D255
700.4800000000	n/a	n/a	STATUS	n/a	n/a	D187
700.5320000000	n/a	n/a	STATUS	n/a	n/a	D255
700.5680000000	n/a	n/a	STATUS	n/a	n/a	DI54
700.6160000000	n/a	n/a	STATUS	n/a	n/a	D255
700.9120000000	n/a	n/a	STATUS	n/a	n/a	DI34
700.9640000000	n/a	n/a	STATUS	n/a	n/a	D255
701.2200000000	n/a	n/a	STATUS	n/a	n/a	DIN5
701.2680000000	n/a	n/a	STATUS	n/a	n/a	D255
701.7120000000	n/a	n/a	STATUS	n/a	n/a	D220
701.7640000000	n/a	n/a	STATUS	n/a	n/a	D255
701.8040000000	n/a	n/a	STATUS	n/a	n/a	DI51
701.8520000000	n/a	n/a	STATUS	n/a	n/a	D255
702.1000000000	n/a	n/a	STATUS	n/a	n/a	DI21
702.1520000000	n/a	n/a	STATUS	n/a	n/a	D255
702.1560000000	n/a	n/a	STATUS	n/a	n/a	DIN4
702.2040000000	n/a	n/a	STATUS	n/a	n/a	D255
702.9600000000	n/a	n/a	STATUS	n/a	n/a	DIN5
703.0080000000	n/a	n/a	STATUS	n/a	n/a	D255
703.3600000000	n/a	n/a	STATUS	n/a	n/a	D226
703.4120000000	n/a	n/a	STATUS	n/a	n/a	D255
703.4480000000	n/a	n/a	STATUS	n/a	n/a	DI51
703.4960000000	n/a	n/a	STATUS	n/a	n/a	D255
703.7600000000	n/a	n/a	STATUS	n/a	n/a	DI21
703.8120000000	n/a	n/a	STATUS	n/a	n/a	D255
703.8160000000	n/a	n/a	STATUS	n/a	n/a	DIN4
703.8680000000	n/a	n/a	STATUS	n/a	n/a	D255
704.6200000000	n/a	n/a	STATUS	n/a	n/a	DIN5
704.6720000000	n/a	n/a	STATUS	n/a	n/a	D255
705.1760000000	n/a	n/a	STATUS	n/a	n/a	D158
705.2280000000	n/a	n/a	STATUS	n/a	n/a	D255
705.2640000000	n/a	n/a	STATUS	n/a	n/a	DI54
705.3120000000	n/a	n/a	STATUS	n/a	n/a	D255
705.6320000000	n/a	n/a	STATUS	n/a	n/a	DI34
705.6840000000	n/a	n/a	STATUS	n/a	n/a	D255
705.9440000000	n/a	n/a	STATUS	n/a	n/a	DIN5
705.9920000000	n/a	n/a	STATUS	n/a	n/a	D255
706.4040000000	n/a	n/a	STATUS	n/a	n/a	DI93
706.4520000000	n/a	n/a	STATUS	n/a	n/a	D255
706.4920000000	n/a	n/a	STATUS	n/a	n/a	DI51
706.5400000000	n/a	n/a	STATUS	n/a	n/a	D255
706.7760000000	n/a	n/a	STATUS	n/a	n/a	DI21
706.8280000000	n/a	n/a	STATUS	n/a	n/a	D255
706.8320000000	n/a	n/a	STATUS	n/a	n/a	DIN4
706.8800000000	n/a	n/a	STATUS	n/a	n/a	D255
707.6360000000	n/a	n/a	STATUS	n/a	n/a	DIN5
707.6880000000	n/a	n/a	STATUS	n/a	n/a	D255
708.1240000000	n/a	n/a	STATUS	n/a	n/a	D122
708.1760000000	n/a	n/a	STATUS	n/a	n/a	D255
708.2120000000	n/a	n/a	STATUS	n/a	n/a	DI52
708.2640000000	n/a	n/a	STATUS	n/a	n/a	D255
708.6120000000	n/a	n/a	STATUS	n/a	n/a	DI42
708.6640000000	n/a	n/a	STATUS	n/a	n/a	D255
708.9240000000	n/a	n/a	STATUS	n/a	n/a	DIN5
708.9720000000	n/a	n/a	STATUS	n/a	n/a	D255
709.4440000000	n/a	n/a	STATUS	n/a	n/a	D249
709.4920000000	n/a	n/a	STATUS	n/a	n/a	D255
709.5320000000	n/a	n/a	STATUS	n/a	n/a	DI53
709.5800000000	n/a	n/a	STATUS	n/a	n/a	D255
709.9280000000	n/a	n/a	STATUS	n/a	n/a	DI43
709.9760000000	n/a	n/a	STATUS	n/a	n/a	D255
710.2360000000	n/a	n/a	STATUS	n/a	n/a	DIN5
710.2880000000	n/a	n/a	STATUS	n/a	n/a	D255
710.7920000000	n/a	n/a	STATUS	n/a	n/a	D135
710.8400000000	n/a	n/a	STATUS	n/a	n/a	D255
710.8800000000	n/a	n/a	STATUS	n/a	n/a	DI52
710.9280000000	n/a	n/a	STATUS	n/a	n/a	D255
711.4880000000	n/a	n/a	STATUS	n/a	n/a	DI42
711.5360000000	n/a	n/a	STATUS	n/a	n/a	D255
711.7960000000	n/a	n/a	STATUS	n/a	n/a	DIN5
711.8480000000	n/a	n/a	STATUS	n/a	n/a	D255
712.1760000000	n/a	n/a	STATUS	n/a	n/a	D131
712.2240000000	n/a	n/a	STATUS	n/a	n/a	D255
712.2640000000	n/a	n/a	STATUS	n/a	n/a	DI52
712.3120000000	n/a	n/a	STATUS	n/a	n/a	D255
712.6160000000	n/a	n/a	STATUS	n/a	n/a	DI42
712.6680000000	n/a	n/a	STATUS	n/a	n/a	D255
712.9280000000	n/a	n/a	STATUS	n/a	n/a	DIN5
712.9760000000	n/a	n/a	STATUS	n/a	n/a	D255
713.3120000000	n/a	n/a	STATUS	n/a	n/a	D247
713.3600000000	n/a	n/a	STATUS	n/a	n/a	D255
713.3960000000	n/a	n/a	STATUS	n/a	n/a	DI51
713.4480000000	n/a	n/a	STATUS	n/a	n/a	D255
713.7720000000	n/a	n/a	STATUS	n/a	n/a	DI31
713.8200000000	n/a	n/a	STATUS	n/a	n/a	D255
714.0800000000	n/a	n/a	STATUS	n/a	n/a	DIN5
714.1280000000	n/a	n/a	STATUS	n/a	n/a	D197
714.1320000000	n/a	n/a	STATUS	n/a	n/a	D255
714.4840000000	n/a	n/a	STATUS	n/a	n/a	D201
714.5360000000	n/a	n/a	STATUS	n/a	n/a	D255
714.5720000000	n/a	n/a	STATUS	n/a	n/a	DI52
714.6240000000	n/a	n/a	STATUS	n/a	n/a	D255
715.0080000000	n/a	n/a	STATUS	n/a	n/a	DI42
715.0600000000	n/a	n/a	STATUS	n/a	n/a	D255
715.3200000000	n/a	n/a	STATUS	n/a	n/a	DIN5
715.3680000000	n/a	n/a	STATUS	n/a	n/a	D255
715.8040000000	n/a	n/a	STATUS	n/a	n/a	D109
715.8520000000	n/a	n/a	STATUS	n/a	n/a	D255
715.8920000000	n/a	n/a	STATUS	n/a	n/a	DI54
715.9400000000	n/a	n/a	STATUS	n/a	n/a	D255
716.2400000000	n/a	n/a	STATUS	n/a	n/a	DI34
716.2920000000	n/a	n/a	STATUS	n/a	n/a	D255
716.5520000000	n/a	n/a	STATUS	n/a	n/a	DIN5
716.6000000000	n/a	n/a	STATUS	n/a	n/a	D255
716.9800000000	n/a	n/a	STATUS	n/a	n/a	D203
717.0320000000	n/a	n/a	STATUS	n/a	n/a	D255
717.0680000000	n/a	n/a	STATUS	n/a	n/a	DI53
717.1200000000	n/a	n/a	STATUS	n/a	n/a	D255
717.3920000000	n/a	n/a	STATUS	n/a	n/a	DI43
717.4440000000	n/a	n/a	STATUS	n/a	n/a	D255
717.7000000000	n/a	n/a	STATUS	n/a	n/a	DIN5
717.7520000000	n/a	n/a	STATUS	n/a	n/a	D255
718.1320000000	n/a	n/a	STATUS	n/a	n/a	D242
718.1800000000	n/a	n/a	STATUS	n/a	n/a	D255
718.2200000000	n/a	n/a	STATUS	n/a	n/a	DI53
718.2680000000	n/a	n/a	STATUS	n/a	n/a	D255
718.5560000000	n/a	n/a	STATUS	n/a	n/a	DI43
718.6040000000	n/a	n/a	STATUS	n/a	n/a	D255
718.8640000000	n/a	n/a	STATUS	n/a	n/a	DIN5
718.9160000000	n/a	n/a	STATUS	n/a	n/a	D255
719.4000000000	n/a	n/a	STATUS	n/a	n/a	D162
719.4520000000	n/a	n/a	STATUS	n/a	n/a	D255
719.4880000000	n/a	n/a	STATUS	n/a	n/a	DI53
719.5400000000	n/a	n/a	STATUS	n/a	n/a	D255
719.7960000000	n/a	n/a	STATUS	n/a	n/a	DI43
719.8480000000	n/a	n/a	STATUS	n/a	n/a	D255
720.1080000000	n/a	n/a	STATUS	n/a	n/a	DIN5
720.1560000000	n/a	n/a	STATUS	n/a	n/a	D255
720.6160000000	n/a	n/a	STATUS	n/a	n/a	D164
720.6680000000	n/a	n/a	STATUS	n/a	n/a	D255
720.7040000000	n/a	n/a	STATUS	n/a	n/a	DI54
720.7560000000	n/a	n/a	STATUS	n/a	n/a	D255
721.0320000000	n/a	n/a	STATUS	n/a	n/a	DI34
721.0840000000	n/a	n/a	STATUS	n/a	n/a	D255
721.3400000000	n/a	n/a	STATUS	n/a	n/a	DIN5
721.3920000000	n/a	n/a	STATUS	n/a	n/a	D255
721.8760000000	n/a	n/a	STATUS	n/a	n/a	D130
721.9280000000	n/a	n/a	STATUS	n/a	n/a	D255
721.9640000000	n/a	n/a	STATUS	n/a	n/a	DI52
722.0160000000	n/a	n/a	STATUS	n/a	n/a	D255
722.2200000000	n/a	n/a	STATUS	n/a	n/a	DI12
722.2680000000	n/a	n/a	STATUS	n/a	n/a	D255
722.2720000000	n/a	n/a	STATUS	n/a	n/a	DIN4
722.3240000000	n/a	n/a	STATUS	n/a	n/a	D255
723.0800000000	n/a	n/a	STATUS	n/a	n/a	DIN5
723.1280000000	n/a	n/a	STATUS	n/a	n/a	D255
723.5840000000	n/a	n/a	STATUS	n/a	n/a	D145
723.6360000000	n/a	n/a	STATUS	n/a	n/a	D255
723.6720000000	n/a	n/a	STATUS	n/a	n/a	DI53
723.7200000000	n/a	n/a	STATUS	n/a	n/a	D255
723.9680000000	n/a	n/a	STATUS	n/a	n/a	DI43
724.0160000000	n/a	n/a	STATUS	n/a	n/a	D255
724.2760000000	n/a	n/a	STATUS	n/a	n/a	DIN5
724.3280000000	n/a	n/a	STATUS	n/a	n/a	D255
724.8000000000	n/a	n/a	STATUS	n/a	n/a	DI70
724.8520000000	n/a	n/a	STATUS	n/a	n/a	D255
724.8880000000	n/a	n/a	STATUS	n/a	n/a	DI52
724.9400000000	n/a	n/a	STATUS	n/a	n/a	D255
725.1880000000	n/a	n/a	STATUS	n/a	n/a	DI12
725.2400000000	n/a	n/a	STATUS	n/a	n/a	D255
725.2440000000	n/a	n/a	STATUS	n/a	n/a	DIN4
725.2960000000	n/a	n/a	STATUS	n/a	n/a	D255
726.0480000000	n/a	n/a	STATUS	n/a	n/a	DIN5
726.1000000000	n/a	n/a	STATUS	n/a	n/a	D255
726.5120000000	n/a	n/a	STATUS	n/a	n/a	D177
726.5640000000	n/a	n/a	STATUS	n/a	n/a	D255
726.6000000000	n/a	n/a	STATUS	n/a	n/a	DI53
726.6520000000	n/a	n/a	STATUS	n/a	n/a	D255
726.9400000000	n/a	n/a	STATUS	n/a	n/a	DI43
726.9920000000	n/a	n/a	STATUS	n/a	n/a	D255
727.2520000000	n/a	n/a	STATUS	n/a	n/a	DIN5
727.3000000000	n/a	n/a	STATUS	n/a	n/a	D255
727.6560000000	n/a	n/a	STATUS	n/a	n/a	D107
727.7040000000	n/a	n/a	STATUS	n/a	n/a	D255
727.7440000000	n/a	n/a	STATUS	n/a	n/a	DI53
727.7920000000	n/a	n/a	STATUS	n/a	n/a	D255
728.0520000000	n/a	n/a	STATUS	n/a	n/a	DI43
728.1040000000	n/a	n/a	STATUS	n/a	n/a	D255
743.5440000000	n/a	n/a	STATUS	n/a	n/a	DIN5
743.5960000000	n/a	n/a	STATUS	n/a	n/a	D255
744.1000000000	n/a	n/a	STATUS	n/a	n/a	D214
744.1480000000	n/a	n/a	STATUS	n/a	n/a	D255
744.1840000000	n/a	n/a	STATUS	n/a	n/a	DI53
744.2360000000	n/a	n/a	STATUS	n/a	n/a	D255
744.5600000000	n/a	n/a	STATUS	n/a	n/a	DI43
744.6080000000	n/a	n/a	STATUS	n/a	n/a	D255
744.8680000000	n/a	n/a	STATUS	n/a	n/a	DIN5
744.9200000000	n/a	n/a	STATUS	n/a	n/a	D255
745.3480000000	n/a	n/a	STATUS	n/a	n/a	D176
745.3960000000	n/a	n/a	STATUS	n/a	n/a	D255
745.4360000000	n/a	n/a	STATUS	n/a	n/a	DI54
745.4840000000	n/a	n/a	STATUS	n/a	n/a	D255
745.7080000000	n/a	n/a	STATUS	n/a	n/a	DI34
745.7600000000	n/a	n/a	STATUS	n/a	n/a	D255
746.0200000000	n/a	n/a	STATUS	n/a	n/a	DIN5
746.0680000000	n/a	n/a	STATUS	n/a	n/a	D255
746.4680000000	n/a	n/a	STATUS	n/a	n/a	D143
746.5200000000	n/a	n/a	STATUS	n/a	n/a	D255
746.5560000000	n/a	n/a	STATUS	n/a	n/a	DI54
746.6080000000	n/a	n/a	STATUS	n/a	n/a	D255
746.9120000000	n/a	n/a	STATUS	n/a	n/a	DI34
746.9640000000	n/a	n/a	STATUS	n/a	n/a	D255
747.2240000000	n/a	n/a	STATUS	n/a	n/a	DIN5
747.2720000000	n/a	n/a	STATUS	n/a	n/a	D255
747.7440000000	n/a	n/a	STATUS	n/a	n/a	D191
747.7920000000	n/a	n/a	STATUS	n/a	n/a	D255
747.8320000000	n/a	n/a	STATUS	n/a	n/a	DI52
747.8800000000	n/a	n/a	STATUS	n/a	n/a	D255
748.2160000000	n/a	n/a	STATUS	n/a	n/a	DI42
748.2680000000	n/a	n/a	STATUS	n/a	n/a	D255
748.5280000000	n/a	n/a	STATUS	n/a	n/a	DIN5
748.5760000000	n/a	n/a	STATUS	n/a	n/a	D255
749.0400000000	n/a	n/a	STATUS	n/a	n/a	D208
749.0920000000	n/a	n/a	STATUS	n/a	n/a	D255
749.1280000000	n/a	n/a	STATUS	n/a	n/a	DI52
749.1800000000	n/a	n/a	STATUS	n/a	n/a	D255
749.5440000000	n/a	n/a	STATUS	n/a	n/a	DI42
749.5960000000	n/a	n/a	STATUS	n/a	n/a	D255
749.8560000000	n/a	n/a	STATUS	n/a	n/a	DIN5
749.9040000000	n/a	n/a	STATUS	n/a	n/a	D255
750.3360000000	n/a	n/a	STATUS	n/a	n/a	D236
750.3840000000	n/a	n/a	STATUS	n/a	n/a	D255
750.4240000000	n/a	n/a	STATUS	n/a	n/a	DI53
750.4720000000	n/a	n/a	STATUS	n/a	n/a	D255
750.7320000000	n/a	n/a	STATUS	n/a	n/a	DI43
750.7800000000	n/a	n/a	STATUS	n/a	n/a	D255
751.0400000000	n/a	n/a	STATUS	n/a	n/a	DIN5
751.0920000000	n/a	n/a	STATUS	n/a	n/a	D255
751.4760000000	n/a	n/a	STATUS	n/a	n/a	DI85
751.5240000000	n/a	n/a	STATUS	n/a	n/a	D255
751.5640000000	n/a	n/a	STATUS	n/a	n/a	DI51
751.6120000000	n/a	n/a	STATUS	n/a	n/a	D255
751.9840000000	n/a	n/a	STATUS	n/a	n/a	DI31
752.0320000000	n/a	n/a	STATUS	n/a	n/a	D255
752.2920000000	n/a	n/a	STATUS	n/a	n/a	DIN5
752.3440000000	n/a	n/a	STATUS	n/a	n/a	D255
752.6720000000	n/a	n/a	STATUS	n/a	n/a	D174
752.7240000000	n/a	n/a	STATUS	n/a	n/a	D255
752.7600000000	n/a	n/a	STATUS	n/a	n/a	DI54
752.8120000000	n/a	n/a	STATUS	n/a	n/a	D255
753.0960000000	n/a	n/a	STATUS	n/a	n/a	DI34
753.1480000000	n/a	n/a	STATUS	n/a	n/a	D255
753.4040000000	n/a	n/a	STATUS	n/a	n/a	DIN5
753.4560000000	n/a	n/a	STATUS	n/a	n/a	D255
753.8440000000	n/a	n/a	STATUS	n/a	n/a	D175
753.8960000000	n/a	n/a	STATUS	n/a	n/a	D255
753.9320000000	n/a	n/a	STATUS	n/a	n/a	DI51
753.9840000000	n/a	n/a	STATUS	n/a	n/a	D255
754.3000000000	n/a	n/a	STATUS	n/a	n/a	DI31
754.3520000000	n/a	n/a	STATUS	n/a	n/a	D255
754.6120000000	n/a	n/a	STATUS	n/a	n/a	DIN5
754.6600000000	n/a	n/a	STATUS	n/a	n/a	D255
755.0200000000	n/a	n/a	STATUS	n/a	n/a	D227
755.0720000000	n/a	n/a	STATUS	n/a	n/a	D255
755.1080000000	n/a	n/a	STATUS	n/a	n/a	DI54
755.1600000000	n/a	n/a	STATUS	n/a	n/a	D255
755.4800000000	n/a	n/a	STATUS	n/a	n/a	DI34
755.5280000000	n/a	n/a	STATUS	n/a	n/a	D227
755.5320000000	n/a	n/a	STATUS	n/a	n/a	D255
755.7880000000	n/a	n/a	STATUS	n/a	n/a	DIN5
755.8400000000	n/a	n/a	STATUS	n/a	n/a	D255
756.1480000000	n/a	n/a	STATUS	n/a	n/a	D170
756.2000000000	n/a	n/a	STATUS	n/a	n/a	D255
756.2360000000	n/a	n/a	STATUS	n/a	n/a	DI52
756.2880000000	n/a	n/a	STATUS	n/a	n/a	D255
756.6520000000	n/a	n/a	STATUS	n/a	n/a	DI42
756.7000000000	n/a	n/a	STATUS	n/a	n/a	D255
756.9600000000	n/a	n/a	STATUS	n/a	n/a	DIN5
757.0120000000	n/a	n/a	STATUS	n/a	n/a	D255
757.4200000000	n/a	n/a	STATUS	n/a	n/a	D178
757.4720000000	n/a	n/a	STATUS	n/a	n/a	D255
757.5080000000	n/a	n/a	STATUS	n/a	n/a	DI53
757.5600000000	n/a	n/a	STATUS	n/a	n/a	D255
757.8480000000	n/a	n/a	STATUS	n/a	n/a	DI43
757.9000000000	n/a	n/a	STATUS	n/a	n/a	D255
758.1560000000	n/a	n/a	STATUS	n/a	n/a	DIN5
758.2080000000	n/a	n/a	STATUS	n/a	n/a	D255
758.6840000000	n/a	n/a	STATUS	n/a	n/a	DI86
758.7320000000	n/a	n/a	STATUS	n/a	n/a	D255
758.7680000000	n/a	n/a	STATUS	n/a	n/a	DI53
758.8200000000	n/a	n/a	STATUS	n/a	n/a	D255
759.0920000000	n/a	n/a	STATUS	n/a	n/a	DI43
759.1400000000	n/a	n/a	STATUS	n/a	n/a	D255
759.4000000000	n/a	n/a	STATUS	n/a	n/a	DIN5
759.4520000000	n/a	n/a	STATUS	n/a	n/a	D255
759.9040000000	n/a	n/a	STATUS	n/a	n/a	D225
759.9560000000	n/a	n/a	STATUS	n/a	n/a	D255
759.9920000000	n/a	n/a	STATUS	n/a	n/a	DI53
760.0440000000	n/a	n/a	STATUS	n/a	n/a	D255
760.3440000000	n/a	n/a	STATUS	n/a	n/a	DI43
760.3960000000	n/a	n/a	STATUS	n/a	n/a	D255
760.6520000000	n/a	n/a	STATUS	n/a	n/a	DIN5
760.7040000000	n/a	n/a	STATUS	n/a	n/a	D255
761.1240000000	n/a	n/a	STATUS	n/a	n/a	DI81
761.1720000000	n/a	n/a	STATUS	n/a	n/a	D255
761.2120000000	n/a	n/a	STATUS	n/a	n/a	DI53
761.2640000000	n/a	n/a	STATUS	n/a	n/a	D255
761.5160000000	n/a	n/a	STATUS	n/a	n/a	DI43
761.5680000000	n/a	n/a	STATUS	n/a	n/a	D255
761.8240000000	n/a	n/a	STATUS	n/a	n/a	DIN5
761.8760000000	n/a	n/a	STATUS	n/a	n/a	D255
762.3080000000	n/a	n/a	STATUS	n/a	n/a	D215
762.3600000000	n/a	n/a	STATUS	n/a	n/a	D255
762.4000000000	n/a	n/a	STATUS	n/a	n/a	DI52
762.4480000000	n/a	n/a	STATUS	n/a	n/a	D255
762.9000000000	n/a	n/a	STATUS	n/a	n/a	DI42
762.9480000000	n/a	n/a	STATUS	n/a	n/a	D255
763.2080000000	n/a	n/a	STATUS	n/a	n/a	DIN5
763.2600000000	n/a	n/a	STATUS	n/a	n/a	D255
763.6640000000	n/a	n/a	STATUS	n/a	n/a	D228
763.7120000000	n/a	n/a	STATUS	n/a	n/a	D229
763.7160000000	n/a	n/a	STATUS	n/a	n/a	D255
763.7520000000	n/a	n/a	STATUS	n/a	n/a	DI52
763.8000000000	n/a	n/a	STATUS	n/a	n/a	D255
764.0600000000	n/a	n/a	STATUS	n/a	n/a	DI42
764.1080000000	n/a	n/a	STATUS	n/a	n/a	D255
764.3680000000	n/a	n/a	STATUS	n/a	n/a	DIN5
764.4200000000	n/a	n/a	STATUS	n/a	n/a	D255
764.8040000000	n/a	n/a	STATUS	n/a	n/a	D152
764.8520000000	n/a	n/a	STATUS	n/a	n/a	D255
764.8920000000	n/a	n/a	STATUS	n/a	n/a	DI51
764.9400000000	n/a	n/a	STATUS	n/a	n/a	D255
765.3200000000	n/a	n/a	STATUS	n/a	n/a	DI31
765.3720000000	n/a	n/a	STATUS	n/a	n/a	D255
765.6280000000	n/a	n/a	STATUS	n/a	n/a	DIN5
765.6800000000	n/a	n/a	STATUS	n/a	n/a	D255
766.0080000000	n/a	n/a	STATUS	n/a	n/a	D254
766.0600000000	n/a	n/a	STATUS	n/a	n/a	D255
766.0960000000	n/a	n/a	STATUS	n/a	n/a	DI54
766.1480000000	n/a	n/a	STATUS	n/a	n/a	D255
766.4600000000	n/a	n/a	STATUS	n/a	n/a	DI34
766.5080000000	n/a	n/a	STATUS	n/a	n/a	D255
766.7680000000	n/a	n/a	STATUS	n/a	n/a	DIN5
766.8160000000	n/a	n/a	STATUS	n/a	n/a	D255
767.2560000000	n/a	n/a	STATUS	n/a	n/a	D183
767.3080000000	n/a	n/a	STATUS	n/a	n/a	D255
767.3440000000	n/a	n/a	STATUS	n/a	n/a	DI54
767.3960000000	n/a	n/a	STATUS	n/a	n/a	D255
767.6400000000	n/a	n/a	STATUS	n/a	n/a	DI34
767.6920000000	n/a	n/a	STATUS	n/a	n/a	D255
767.9480000000	n/a	n/a	STATUS	n/a	n/a	DIN5
768.0000000000	n/a	n/a	STATUS	n/a	n/a	D255
768.5000000000	n/a	n/a	STATUS	n/a	n/a	D247
768.5480000000	n/a	n/a	STATUS	n/a	n/a	D255
768.5880000000	n/a	n/a	STATUS	n/a	n/a	DI52
768.6360000000	n/a	n/a	STATUS	n/a	n/a	D255
769.0280000000	n/a	n/a	STATUS	n/a	n/a	DI42
769.0760000000	n/a	n/a	STATUS	n/a	n/a	D255
769.3360000000	n/a	n/a	STATUS	n/a	n/a	DIN5
769.3880000000	n/a	n/a	STATUS	n/a	n/a	D255
769.8400000000	n/a	n/a	STATUS	n/a	n/a	D115
769.8920000000	n/a	n/a	STATUS	n/a	n/a	D255
769.9280000000	n/a	n/a	STATUS	n/a	n/a	DI51
769.9800000000	n/a	n/a	STATUS	n/a	n/a	D255
770.3360000000	n/a	n/a	STATUS	n/a	n/a	DI31
770.3840000000	n/a	n/a	STATUS	n/a	n/a	D255
770.6440000000	n/a	n/a	STATUS	n/a	n/a	DIN5
770.6960000000	n/a	n/a	STATUS	n/a	n/a	D255
771.1600000000	n/a	n/a	STATUS	n/a	n/a	D169
771.2080000000	n/a	n/a	STATUS	n/a	n/a	D255
771.2480000000	n/a	n/a	STATUS	n/a	n/a	DI51
771.3000000000	n/a	n/a	STATUS	n/a	n/a	D255
771.5520000000	n/a	n/a	STATUS	n/a	n/a	DI31
771.6000000000	n/a	n/a	STATUS	n/a	n/a	D255
771.8600000000	n/a	n/a	STATUS	n/a	n/a	DIN5
771.9120000000	n/a	n/a	STATUS	n/a	n/a	D255
772.2400000000	n/a	n/a	STATUS	n/a	n/a	D237
772.2920000000	n/a	n/a	STATUS	n/a	n/a	D255
772.3280000000	n/a	n/a	STATUS	n/a	n/a	DI51
772.3800000000	n/a	n/a	STATUS	n/a	n/a	D255
772.7960000000	n/a	n/a	STATUS	n/a	n/a	DI31
772.8440000000	n/a	n/a	STATUS	n/a	n/a	D255
773.1040000000	n/a	n/a	STATUS	n/a	n/a	DIN5
773.1560000000	n/a	n/a	STATUS	n/a	n/a	D255
773.5640000000	n/a	n/a	STATUS	n/a	n/a	D181
773.6160000000	n/a	n/a	STATUS	n/a	n/a	D255
773.6520000000	n/a	n/a	STATUS	n/a	n/a	DI54
773.7040000000	n/a	n/a	STATUS	n/a	n/a	D255
774.0000000000	n/a	n/a	STATUS	n/a	n/a	DI34
774.0480000000	n/a	n/a	STATUS	n/a	n/a	D255
774.3080000000	n/a	n/a	STATUS	n/a	n/a	DIN5
774.3600000000	n/a	n/a	STATUS	n/a	n/a	D255
774.6840000000	n/a	n/a	STATUS	n/a	n/a	D213
774.7320000000	n/a	n/a	STATUS	n/a	n/a	D255
774.7720000000	n/a	n/a	STATUS	n/a	n/a	DI51
774.8200000000	n/a	n/a	STATUS	n/a	n/a	D255
775.0960000000	n/a	n/a	STATUS	n/a	n/a	DI21
775.1480000000	n/a	n/a	STATUS	n/a	n/a	D255
775.1520000000	n/a	n/a	STATUS	n/a	n/a	DIN4
775.2040000000	n/a	n/a	STATUS	n/a	n/a	D255
775.9560000000	n/a	n/a	STATUS	n/a	n/a	DIN5
776.0080000000	n/a	n/a	STATUS	n/a	n/a	D255
776.3960000000	n/a	n/a	STATUS	n/a	n/a	D248
776.4480000000	n/a	n/a	STATUS	n/a	n/a	D255
776.4840000000	n/a	n/a	STATUS	n/a	n/a	DI51
776.5360000000	n/a	n/a	STATUS	n/a	n/a	D255
776.9200000000	n/a	n/a	STATUS	n/a	n/a	DI31
776.9680000000	n/a	n/a	STATUS	n/a	n/a	D255
777.2280000000	n/a	n/a	STATUS	n/a	n/a	DIN5
777.2800000000	n/a	n/a	STATUS	n/a	n/a	D255
777.7200000000	n/a	n/a	STATUS	n/a	n/a	D157
777.7680000000	n/a	n/a	STATUS	n/a	n/a	D255
777.8080000000	n/a	n/a	STATUS	n/a	n/a	DI53
777.8560000000	n/a	n/a	STATUS	n/a	n/a	D255
778.1320000000	n/a	n/a	STATUS	n/a	n/a	DI43
778.1800000000	n/a	n/a	STATUS	n/a	n/a	D255
778.4400000000	n/a	n/a	STATUS	n/a	n/a	DIN5
778.4920000000	n/a	n/a	STATUS	n/a	n/a	D255
778.9600000000	n/a	n/a	STATUS	n/a	n/a	DI93
779.0120000000	n/a	n/a	STATUS	n/a	n/a	D255
779.0480000000	n/a	n/a	STATUS	n/a	n/a	DI51
779.1000000000	n/a	n/a	STATUS	n/a	n/a	D255
779.4440000000	n/a	n/a	STATUS	n/a	n/a	DI31
779.4920000000	n/a	n/a	STATUS	n/a	n/a	D255
779.7520000000	n/a	n/a	STATUS	n/a	n/a	DIN5
779.8040000000	n/a	n/a	STATUS	n/a	n/a	D255
780.2320000000	n/a	n/a	STATUS	n/a	n/a	D224
780.2800000000	n/a	n/a	STATUS	n/a	n/a	D255
780.3200000000	n/a	n/a	STATUS	n/a	n/a	DI54
780.3680000000	n/a	n/a	STATUS	n/a	n/a	D255
780.7040000000	n/a	n/a	STATUS	n/a	n/a	DI34
780.7560000000	n/a	n/a	STATUS	n/a	n/a	D255
781.0160000000	n/a	n/a	STATUS	n/a	n/a	DIN5
781.0640000000	n/a	n/a	STATUS	n/a	n/a	D255
781.3680000000	n/a	n/a	STATUS	n/a	n/a	D190
781.4200000000	n/a	n/a	STATUS	n/a	n/a	D255
781.4560000000	n/a	n/a	STATUS	n/a	n/a	DI53
781.5080000000	n/a	n/a	STATUS	n/a	n/a	D255
781.8000000000	n/a	n/a	STATUS	n/a	n/a	DI43
781.8480000000	n/a	n/a	STATUS	n/a	n/a	D255
782.1080000000	n/a	n/a	STATUS	n/a	n/a	DIN5
782.1600000000	n/a	n/a	STATUS	n/a	n/a	D255
782.4840000000	n/a	n/a	STATUS	n/a	n/a	DI68
782.5320000000	n/a	n/a	STATUS	n/a	n/a	D255
782.5720000000	n/a	n/a	STATUS	n/a	n/a	DI51
782.6200000000	n/a	n/a	STATUS	n/a	n/a	D255
782.8760000000	n/a	n/a	STATUS	n/a	n/a	DI21
782.9280000000	n/a	n/a	STATUS	n/a	n/a	D255
782.9320000000	n/a	n/a	STATUS	n/a	n/a	DIN4
782.9840000000	n/a	n/a	STATUS	n/a	n/a	D255
783.7360000000	n/a	n/a	STATUS	n/a	n/a	DIN5
783.7880000000	n/a	n/a	STATUS	n/a	n/a	D255
784.1160000000	n/a	n/a	STATUS	n/a	n/a	D160
784.1680000000	n/a	n/a	STATUS	n/a	n/a	D255
784.2040000000	n/a	n/a	STATUS	n/a	n/a	DI52
784.2560000000	n/a	n/a	STATUS	n/a	n/a	D255
784.7080000000	n/a	n/a	STATUS	n/a	n/a	DI42
784.7560000000	n/a	n/a	STATUS	n/a	n/a	D255
785.0160000000	n/a	n/a	STATUS	n/a	n/a	DIN5
785.0680000000	n/a	n/a	STATUS	n/a	n/a	D255
785.5160000000	n/a	n/a	STATUS	n/a	n/a	DI96
785.5680000000	n/a	n/a	STATUS	n/a	n/a	D255
785.6040000000	n/a	n/a	STATUS	n/a	n/a	DI54
785.6560000000	n/a	n/a	STATUS	n/a	n/a	D255
785.9400000000	n/a	n/a	STATUS	n/a	n/a	DI34
785.9920000000	n/a	n/a	STATUS	n/a	n/a	D255
786.2480000000	n/a	n/a	STATUS	n/a	n/a	DIN5
786.3000000000	n/a	n/a	STATUS	n/a	n/a	D255
786.6680000000	n/a	n/a	STATUS	n/a	n/a	DI76
786.7200000000	n/a	n/a	STATUS	n/a	n/a	D255
786.7560000000	n/a	n/a	STATUS	n/a	n/a	DI54
786.8080000000	n/a	n/a	STATUS	n/a	n/a	D255
787.1080000000	n/a	n/a	STATUS	n/a	n/a	DI34
787.1600000000	n/a	n/a	STATUS	n/a	n/a	D255
787.4160000000	n/a	n/a	STATUS	n/a	n/a	DIN5
787.4680000000	n/a	n/a	STATUS	n/a	n/a	D255
787.7760000000	n/a	n/a	STATUS	n/a	n/a	D153
787.8280000000	n/a	n/a	STATUS	n/a	n/a	D255
787.8640000000	n/a	n/a	STATUS	n/a	n/a	DI51
787.9160000000	n/a	n/a	STATUS	n/a	n/a	D255
787.9160000000	n/a	n/a	STATUS	n/a	n/a	D243
788.4240000000	n/a	n/a	STATUS	n/a	n/a	DI31
788.4720000000	n/a	n/a	STATUS	n/a	n/a	D255
788.7320000000	n/a	n/a	STATUS	n/a	n/a	DIN5
788.7800000000	n/a	n/a	STATUS	n/a	n/a	D255
789.2600000000	n/a	n/a	STATUS	n/a	n/a	D113
789.3120000000	n/a	n/a	STATUS	n/a	n/a	D255
789.3480000000	n/a	n/a	STATUS	n/a	n/a	DI52
789.4000000000	n/a	n/a	STATUS	n/a	n/a	D255
789.7320000000	n/a	n/a	STATUS	n/a	n/a	DI42
789.7840000000	n/a	n/a	STATUS	n/a	n/a	D255
790.0440000000	n/a	n/a	STATUS	n/a	n/a	DIN5
790.0920000000	n/a	n/a	STATUS	n/a	n/a	D255
790.0920000000	n/a	n/a	STATUS	n/a	n/a	D239
790.5120000000	n/a	n/a	STATUS	n/a	n/a	D126
790.5640000000	n/a	n/a	STATUS	n/a	n/a	D255
790.6000000000	n/a	n/a	STATUS	n/a	n/a	DI54
790.6520000000	n/a	n/a	STATUS	n/a	n/a	D255
790.9480000000	n/a	n/a	STATUS	n/a	n/a	DI34
791.0000000000	n/a	n/a	STATUS	n/a	n/a	D255
791.2600000000	n/a	n/a	STATUS	n/a	n/a	DIN5
791.3080000000	n/a	n/a	STATUS	n/a	n/a	D255
791.6200000000	n/a	n/a	STATUS	n/a	n/a	D198
791.6680000000	n/a	n/a	STATUS	n/a	n/a	D255
791.7080000000	n/a	n/a	STATUS	n/a	n/a	DI51
791.7560000000	n/a	n/a	STATUS	n/a	n/a	D255
792.1160000000	n/a	n/a	STATUS	n/a	n/a	DI31
792.1640000000	n/a	n/a	STATUS	n/a	n/a	D255
792.4240000000	n/a	n/a	STATUS	n/a	n/a	DIN5
792.4760000000	n/a	n/a	STATUS	n/a	n/a	D255
792.8720000000	n/a	n/a	STATUS	n/a	n/a	D219
792.9240000000	n/a	n/a	STATUS	n/a	n/a	D255
792.9600000000	n/a	n/a	STATUS	n/a	n/a	DI51
793.0120000000	n/a	n/a	STATUS	n/a	n/a	D255
793.4120000000	n/a	n/a	STATUS	n/a	n/a	DI31
793.4600000000	n/a	n/a	STATUS	n/a	n/a	D255
793.7200000000	n/a	n/a	STATUS	n/a	n/a	DIN5
793.7680000000	n/a	n/a	STATUS	n/a	n/a	D255
794.1760000000	n/a	n/a	STATUS	n/a	n/a	D240
794.2240000000	n/a	n/a	STATUS	n/a	n/a	D255
794.2640000000	n/a	n/a	STATUS	n/a	n/a	DI52
794.3120000000	n/a	n/a	STATUS	n/a	n/a	D255
794.6320000000	n/a	n/a	STATUS	n/a	n/a	DI42
794.6840000000	n/a	n/a	STATUS	n/a	n/a	D255
794.9440000000	n/a	n/a	STATUS	n/a	n/a	DIN5
794.9920000000	n/a	n/a	STATUS	n/a	n/a	D255
795.4040000000	n/a	n/a	STATUS	n/a	n/a	D124
795.4520000000	n/a	n/a	STATUS	n/a	n/a	D255
795.4920000000	n/a	n/a	STATUS	n/a	n/a	DI54
795.5400000000	n/a	n/a	STATUS	n/a	n/a	D255
795.8240000000	n/a	n/a	STATUS	n/a	n/a	DI34
795.8720000000	n/a	n/a	STATUS	n/a	n/a	D255
796.1320000000	n/a	n/a	STATUS	n/a	n/a	DIN5
796.1840000000	n/a	n/a	STATUS	n/a	n/a	D255
796.5240000000	n/a	n/a	STATUS	n/a	n/a	D234
796.5720000000	n/a	n/a	STATUS	n/a	n/a	D255
796.6080000000	n/a	n/a	STATUS	n/a	n/a	DI54
796.6600000000	n/a	n/a	STATUS	n/a	n/a	D255
796.9480000000	n/a	n/a	STATUS	n/a	n/a	DI34
796.9960000000	n/a	n/a	STATUS	n/a	n/a	D255
797.2560000000	n/a	n/a	STATUS	n/a	n/a	DIN5
797.3080000000	n/a	n/a	STATUS	n/a	n/a	D255
797.6320000000	n/a	n/a	STATUS	n/a	n/a	D138
797.6840000000	n/a	n/a	STATUS	n/a	n/a	D255
797.7200000000	n/a	n/a	STATUS	n/a	n/a	DI53
797.7720000000	n/a	n/a	STATUS	n/a	n/a	D255
798.0520000000	n/a	n/a	STATUS	n/a	n/a	DI43
798.1000000000	n/a	n/a	STATUS	n/a	n/a	D255
798.3600000000	n/a	n/a	STATUS	n/a	n/a	DIN5
798.4120000000	n/a	n/a	STATUS	n/a	n/a	D255
798.8040000000	n/a	n/a	STATUS	n/a	n/a	D210
798.8560000000	n/a	n/a	STATUS	n/a	n/a	D255
798.8920000000	n/a	n/a	STATUS	n/a	n/a	DI51
798.9440000000	n/a	n/a	STATUS	n/a	n/a	D255
799.3200000000	n/a	n/a	STATUS	n/a	n/a	DI31
799.3720000000	n/a	n/a	STATUS	n/a	n/a	D255
799.6320000000	n/a	n/a	STATUS	n/a	n/a	DIN5
799.6800000000	n/a	n/a	STATUS	n/a	n/a	D255
800.1360000000	n/a	n/a	STATUS	n/a	n/a	D139
800.1840000000	n/a	n/a	STATUS	n/a	n/a	D255
800.2240000000	n/a	n/a	STATUS	n/a	n/a	DI53
800.2720000000	n/a	n/a	STATUS	n/a	n/a	D255
800.5800000000	n/a	n/a	STATUS	n/a	n/a	DI43
800.6320000000	n/a	n/a	STATUS	n/a	n/a	D255
800.8880000000	n/a	n/a	STATUS	n/a	n/a	DIN5
800.9400000000	n/a	n/a	STATUS	n/a	n/a	D255
801.3360000000	n/a	n/a	STATUS	n/a	n/a	D137
801.3840000000	n/a	n/a	STATUS	n/a	n/a	D255
801.4200000000	n/a	n/a	STATUS	n/a	n/a	DI54
801.4720000000	n/a	n/a	STATUS	n/a	n/a	D255
801.7440000000	n/a	n/a	STATUS	n/a	n/a	DI34
801.7960000000	n/a	n/a	STATUS	n/a	n/a	D255
802.0560000000	n/a	n/a	STATUS	n/a	n/a	DIN5
802.1040000000	n/a	n/a	STATUS	n/a	n/a	D255
802.4960000000	n/a	n/a	STATUS	n/a	n/a	DI95
802.5440000000	n/a	n/a	STATUS	n/a	n/a	D255
802.5840000000	n/a	n/a	STATUS	n/a	n/a	DI53
802.6320000000	n/a	n/a	STATUS	n/a	n/a	D255
802.8720000000	n/a	n/a	STATUS	n/a	n/a	DI43
802.9240000000	n/a	n/a	STATUS	n/a	n/a	D255
803.1840000000	n/a	n/a	STATUS	n/a	n/a	DIN5
803.2320000000	n/a	n/a	STATUS	n/a	n/a	D255
803.6000000000	n/a	n/a	STATUS	n/a	n/a	D179
803.6480000000	n/a	n/a	STATUS	n/a	n/a	D255
803.6840000000	n/a	n/a	STATUS	n/a	n/a	DI51
803.7360000000	n/a	n/a	STATUS	n/a	n/a	D255
804.0600000000	n/a	n/a	STATUS	n/a	n/a	DI31
804.1080000000	n/a	n/a	STATUS	n/a	n/a	D255
804.3680000000	n/a	n/a	STATUS	n/a	n/a	DIN5
804.4200000000	n/a	n/a	STATUS	n/a	n/a	D255
804.9200000000	n/a	n/a	STATUS	n/a	n/a	D203
804.9680000000	n/a	n/a	STATUS	n/a	n/a	D255
805.0040000000	n/a	n/a	STATUS	n/a	n/a	DI51
805.0560000000	n/a	n/a	STATUS	n/a	n/a	D255
805.2720000000	n/a	n/a	STATUS	n/a	n/a	DI21
805.3240000000	n/a	n/a	STATUS	n/a	n/a	D255
805.3280000000	n/a	n/a	STATUS	n/a	n/a	DIN4
805.3760000000	n/a	n/a	STATUS	n/a	n/a	D255
806.1320000000	n/a	n/a	STATUS	n/a	n/a	DIN5
806.1840000000	n/a	n/a	STATUS	n/a	n/a	D255
806.6480000000	n/a	n/a	STATUS	n/a	n/a	D222
806.7000000000	n/a	n/a	STATUS	n/a	n/a	D255
806.7360000000	n/a	n/a	STATUS	n/a	n/a	DI52
806.7840000000	n/a	n/a	STATUS	n/a	n/a	D255
807.1360000000	n/a	n/a	STATUS	n/a	n/a	DI42
807.1840000000	n/a	n/a	STATUS	n/a	n/a	D255
807.4440000000	n/a	n/a	STATUS	n/a	n/a	DIN5
807.4920000000	n/a	n/a	STATUS	n/a	n/a	D255
807.8680000000	n/a	n/a	STATUS	n/a	n/a	D233
807.9200000000	n/a	n/a	STATUS	n/a	n/a	D255
807.9560000000	n/a	n/a	STATUS	n/a	n/a	DI52
808.0080000000	n/a	n/a	STATUS	n/a	n/a	D255
808.4480000000	n/a	n/a	STATUS	n/a	n/a	DI42
808.4960000000	n/a	n/a	STATUS	n/a	n/a	D255
808.7560000000	n/a	n/a	STATUS	n/a	n/a	DIN5
808.8080000000	n/a	n/a	STATUS	n/a	n/a	D255
809.1200000000	n/a	n/a	STATUS	n/a	n/a	D149
809.1720000000	n/a	n/a	STATUS	n/a	n/a	D255
809.2080000000	n/a	n/a	STATUS	n/a	n/a	DI52
809.2600000000	n/a	n/a	STATUS	n/a	n/a	D255
809.5680000000	n/a	n/a	STATUS	n/a	n/a	DI42
809.6160000000	n/a	n/a	STATUS	n/a	n/a	D255
809.8760000000	n/a	n/a	STATUS	n/a	n/a	DIN5
809.9280000000	n/a	n/a	STATUS	n/a	n/a	D255
810.3520000000	n/a	n/a	STATUS	n/a	n/a	D218
810.4000000000	n/a	n/a	STATUS	n/a	n/a	D255
810.4400000000	n/a	n/a	STATUS	n/a	n/a	DI52
810.4880000000	n/a	n/a	STATUS	n/a	n/a	D255
810.8680000000	n/a	n/a	STATUS	n/a	n/a	DI42
810.9200000000	n/a	n/a	STATUS	n/a	n/a	D255
811.1800000000	n/a	n/a	STATUS	n/a	n/a	DIN5
811.2280000000	n/a	n/a	STATUS	n/a	n/a	D255
811.6080000000	n/a	n/a	STATUS	n/a	n/a	D241
811.6600000000	n/a	n/a	STATUS	n/a	n/a	D255
811.6960000000	n/a	n/a	STATUS	n/a	n/a	DI54
811.7440000000	n/a	n/a	STATUS	n/a	n/a	D255
812.1960000000	n/a	n/a	STATUS	n/a	n/a	DI34
812.2440000000	n/a	n/a	STATUS	n/a	n/a	D255
812.5040000000	n/a	n/a	STATUS	n/a	n/a	DIN5
812.5560000000	n/a	n/a	STATUS	n/a	n/a	D255
813.0000000000	n/a	n/a	STATUS	n/a	n/a	D232
813.0480000000	n/a	n/a	STATUS	n/a	n/a	D255
813.0880000000	n/a	n/a	STATUS	n/a	n/a	DI54
813.1360000000	n/a	n/a	STATUS	n/a	n/a	D255
813.4120000000	n/a	n/a	STATUS	n/a	n/a	DI34
813.4640000000	n/a	n/a	STATUS	n/a	n/a	D255
813.7240000000	n/a	n/a	STATUS	n/a	n/a	DIN5
813.7720000000	n/a	n/a	STATUS	n/a	n/a	D255
814.2360000000	n/a	n/a	STATUS	n/a	n/a	D188
814.2880000000	n/a	n/a	STATUS	n/a	n/a	D255
814.3240000000	n/a	n/a	STATUS	n/a	n/a	DI52
814.3760000000	n/a	n/a	STATUS	n/a	n/a	D255
814.6240000000	n/a	n/a	STATUS	n/a	n/a	DI42
814.6760000000	n/a	n/a	STATUS	n/a	n/a	D255
814.9320000000	n/a	n/a	STATUS	n/a	n/a	DIN5
814.9840000000	n/a	n/a	STATUS	n/a	n/a	D255
815.4800000000	n/a	n/a	STATUS	n/a	n/a	D226
815.5280000000	n/a	n/a	STATUS	n/a	n/a	D255
815.5680000000	n/a	n/a	STATUS	n/a	n/a	DI54
815.6160000000	n/a	n/a	STATUS	n/a	n/a	D255
815.9280000000	n/a	n/a	STATUS	n/a	n/a	DI34
815.9800000000	n/a	n/a	STATUS	n/a	n/a	D255
816.2360000000	n/a	n/a	STATUS	n/a	n/a	DIN5
816.2880000000	n/a	n/a	STATUS	n/a	n/a	D255
816.7120000000	n/a	n/a	STATUS	n/a	n/a	DI71
816.7640000000	n/a	n/a	STATUS	n/a	n/a	D255
816.8000000000	n/a	n/a	STATUS	n/a	n/a	DI53
816.8480000000	n/a	n/a	STATUS	n/a	n/a	D255
817.2040000000	n/a	n/a	STATUS	n/a	n/a	DI43
817.2520000000	n/a	n/a	STATUS	n/a	n/a	D255
817.5120000000	n/a	n/a	STATUS	n/a	n/a	DIN5
817.5640000000	n/a	n/a	STATUS	n/a	n/a	D255
817.9760000000	n/a	n/a	STATUS	n/a	n/a	DI89
818.0280000000	n/a	n/a	STATUS	n/a	n/a	D255
818.0640000000	n/a	n/a	STATUS	n/a	n/a	DI53
818.1160000000	n/a	n/a	STATUS	n/a	n/a	D255
818.1160000000	n/a	n/a	STATUS	n/a	n/a	D245
818.4640000000	n/a	n/a	STATUS	n/a	n/a	DI43
818.5160000000	n/a	n/a	STATUS	n/a	n/a	D255
818.7760000000	n/a	n/a	STATUS	n/a	n/a	DIN5
818.8240000000	n/a	n/a	STATUS	n/a	n/a	D255
819.1320000000	n/a	n/a	STATUS	n/a	n/a	D184
819.1840000000	n/a	n/a	STATUS	n/a	n/a	D255
819.2240000000	n/a	n/a	STATUS	n/a	n/a	DI53
819.2720000000	n/a	n/a	STATUS	n/a	n/a	D255
819.5640000000	n/a	n/a	STATUS	n/a	n/a	DI43
819.6160000000	n/a	n/a	STATUS	n/a	n/a	D255
819.8760000000	n/a	n/a	STATUS	n/a	n/a	DIN5
819.9240000000	n/a	n/a	STATUS	n/a	n/a	D255
820.4240000000	n/a	n/a	STATUS	n/a	n/a	D196
820.4760000000	n/a	n/a	STATUS	n/a	n/a	D255
820.5120000000	n/a	n/a	STATUS	n/a	n/a	DI52
820.5640000000	n/a	n/a	STATUS	n/a	n/a	D255
820.8360000000	n/a	n/a	STATUS	n/a	n/a	DI12
820.8880000000	n/a	n/a	STATUS	n/a	n/a	D255
820.8920000000	n/a	n/a	STATUS	n/a	n/a	DIN4
820.9440000000	n/a	n/a	STATUS	n/a	n/a	D255
821.7000000000	n/a	n/a	STATUS	n/a	n/a	DIN5
821.7480000000	n/a	n/a	STATUS	n/a	n/a	D255
822.0680000000	n/a	n/a	STATUS	n/a	n/a	D250
822.1200000000	n/a	n/a	STATUS	n/a	n/a	D255
822.1560000000	n/a	n/a	STATUS	n/a	n/a	DI51
822.2040000000	n/a	n/a	STATUS	n/a	n/a	D255
822.5520000000	n/a	n/a	STATUS	n/a	n/a	DI31
822.6000000000	n/a	n/a	STATUS	n/a	n/a	D255
822.8600000000	n/a	n/a	STATUS	n/a	n/a	DIN5
822.9120000000	n/a	n/a	STATUS	n/a	n/a	D255
823.2600000000	n/a	n/a	STATUS	n/a	n/a	D140
823.3080000000	n/a	n/a	STATUS	n/a	n/a	D255
823.3480000000	n/a	n/a	STATUS	n/a	n/a	DI54
823.3960000000	n/a	n/a	STATUS	n/a	n/a	D255
823.6920000000	n/a	n/a	STATUS	n/a	n/a	DI34
823.7440000000	n/a	n/a	STATUS	n/a	n/a	D255
824.0040000000	n/a	n/a	STATUS	n/a	n/a	DIN5
824.0520000000	n/a	n/a	STATUS	n/a	n/a	D255
824.3760000000	n/a	n/a	STATUS	n/a	n/a	D151
824.4280000000	n/a	n/a	STATUS	n/a	n/a	D255
824.4640000000	n/a	n/a	STATUS	n/a	n/a	DI51
824.5160000000	n/a	n/a	STATUS	n/a	n/a	D255
824.9000000000	n/a	n/a	STATUS	n/a	n/a	DI31
824.9520000000	n/a	n/a	STATUS	n/a	n/a	D255
825.2120000000	n/a	n/a	STATUS	n/a	n/a	DIN5
825.2600000000	n/a	n/a	STATUS	n/a	n/a	D255
825.6120000000	n/a	n/a	STATUS	n/a	n/a	D195
825.6600000000	n/a	n/a	STATUS	n/a	n/a	D255
825.7000000000	n/a	n/a	STATUS	n/a	n/a	DI52
825.7480000000	n/a	n/a	STATUS	n/a	n/a	D255
826.1600000000	n/a	n/a	STATUS	n/a	n/a	DI42
826.2080000000	n/a	n/a	STATUS	n/a	n/a	D255
826.4680000000	n/a	n/a	STATUS	n/a	n/a	DIN5
826.5160000000	n/a	n/a	STATUS	n/a	n/a	D255
827.0080000000	n/a	n/a	STATUS	n/a	n/a	D103
827.0560000000	n/a	n/a	STATUS	n/a	n/a	D255
827.0960000000	n/a	n/a	STATUS	n/a	n/a	DI53
827.1440000000	n/a	n/a	STATUS	n/a	n/a	D255
827.4720000000	n/a	n/a	STATUS	n/a	n/a	DI43
827.5200000000	n/a	n/a	STATUS	n/a	n/a	D255
827.7800000000	n/a	n/a	STATUS	n/a	n/a	DIN5
827.8320000000	n/a	n/a	STATUS	n/a	n/a	D255
828.2360000000	n/a	n/a	STATUS	n/a	n/a	D230
828.2840000000	n/a	n/a	STATUS	n/a	n/a	D255
828.3240000000	n/a	n/a	STATUS	n/a	n/a	DI54
828.3720000000	n/a	n/a	STATUS	n/a	n/a	D255
828.6720000000	n/a	n/a	STATUS	n/a	n/a	DI34
828.7240000000	n/a	n/a	STATUS	n/a	n/a	D255
828.9800000000	n/a	n/a	STATUS	n/a	n/a	DIN5
829.0320000000	n/a	n/a	STATUS	n/a	n/a	D255
829.3920000000	n/a	n/a	STATUS	n/a	n/a	D107
829.4400000000	n/a	n/a	STATUS	n/a	n/a	D255
829.4760000000	n/a	n/a	STATUS	n/a	n/a	DI54
829.5280000000	n/a	n/a	STATUS	n/a	n/a	D255
829.8360000000	n/a	n/a	STATUS	n/a	n/a	DI34
829.8840000000	n/a	n/a	STATUS	n/a	n/a	D255
830.1440000000	n/a	n/a	STATUS	n/a	n/a	DIN5
830.1960000000	n/a	n/a	STATUS	n/a	n/a	D255
830.5720000000	n/a	n/a	STATUS	n/a	n/a	D125
830.6240000000	n/a	n/a	STATUS	n/a	n/a	D255
830.6240000000	n/a	n/a	STATUS	n/a	n/a	D253
830.6600000000	n/a	n/a	STATUS	n/a	n/a	DI51
830.7120000000	n/a	n/a	STATUS	n/a	n/a	D255
830.9720000000	n/a	n/a	STATUS	n/a	n/a	DI21
831.0240000000	n/a	n/a	STATUS	n/a	n/a	D255
831.0280000000	n/a	n/a	STATUS	n/a	n/a	DIN4
831.0800000000	n/a	n/a	STATUS	n/a	n/a	D255
831.8320000000	n/a	n/a	STATUS	n/a	n/a	DIN5
831.8840000000	n/a	n/a	STATUS	n/a	n/a	D255
832.2120000000	n/a	n/a	STATUS	n/a	n/a	D185
832.2640000000	n/a	n/a	STATUS	n/a	n/a	D255
832.3000000000	n/a	n/a	STATUS	n/a	n/a	DI53
832.3520000000	n/a	n/a	STATUS	n/a	n/a	D255
832.7200000000	n/a	n/a	STATUS	n/a	n/a	DI43
832.7720000000	n/a	n/a	STATUS	n/a	n/a	D255
833.0320000000	n/a	n/a	STATUS	n/a	n/a	DIN5
833.0800000000	n/a	n/a	STATUS	n/a	n/a	D255
833.4600000000	n/a	n/a	STATUS	n/a	n/a	D164
833.5120000000	n/a	n/a	STATUS	n/a	n/a	D255
833.5480000000	n/a	n/a	STATUS	n/a	n/a	DI54
833.5960000000	n/a	n/a	STATUS	n/a	n/a	D255
833.9800000000	n/a	n/a	STATUS	n/a	n/a	DI34
834.0280000000	n/a	n/a	STATUS	n/a	n/a	D255
834.2880000000	n/a	n/a	STATUS	n/a	n/a	DIN5
834.3400000000	n/a	n/a	STATUS	n/a	n/a	D255
834.7680000000	n/a	n/a	STATUS	n/a	n/a	D114
834.8200000000	n/a	n/a	STATUS	n/a	n/a	D255
834.8560000000	n/a	n/a	STATUS	n/a	n/a	DI53
834.9040000000	n/a	n/a	STATUS	n/a	n/a	D255
835.2520000000	n/a	n/a	STATUS	n/a	n/a	DI43
835.3000000000	n/a	n/a	STATUS	n/a	n/a	D255
835.5600000000	n/a	n/a	STATUS	n/a	n/a	DIN5
835.6080000000	n/a	n/a	STATUS	n/a	n/a	D255
836.0200000000	n/a	n/a	STATUS	n/a	n/a	D144
836.0680000000	n/a	n/a	STATUS	n/a	n/a	D255
836.1080000000	n/a	n/a	STATUS	n/a	n/a	DI52
836.1560000000	n/a	n/a	STATUS	n/a	n/a	D255
836.8040000000	n/a	n/a	STATUS	n/a	n/a	DI42
836.8520000000	n/a	n/a	STATUS	n/a	n/a	D255
837.1120000000	n/a	n/a	STATUS	n/a	n/a	DIN5
837.1600000000	n/a	n/a	STATUS	n/a	n/a	D255
837.5320000000	n/a	n/a	STATUS	n/a	n/a	DI79
837.5800000000	n/a	n/a	STATUS	n/a	n/a	D255
837.6200000000	n/a	n/a	STATUS	n/a	n/a	DI53
837.6680000000	n/a	n/a	STATUS	n/a	n/a	D255
837.9720000000	n/a	n/a	STATUS	n/a	n/a	DI43
838.0240000000	n/a	n/a	STATUS	n/a	n/a	D255
838.2840000000	n/a	n/a	STATUS	n/a	n/a	DIN5
838.3320000000	n/a	n/a	STATUS	n/a	n/a	D255
838.7040000000	n/a	n/a	STATUS	n/a	n/a	DI82
838.7520000000	n/a	n/a	STATUS	n/a	n/a	D255
838.7920000000	n/a	n/a	STATUS	n/a	n/a	DI52
838.8400000000	n/a	n/a	STATUS	n/a	n/a	D255
839.3000000000	n/a	n/a	STATUS	n/a	n/a	DI42
839.3520000000	n/a	n/a	STATUS	n/a	n/a	D255
839.6120000000	n/a	n/a	STATUS	n/a	n/a	DIN5
839.6600000000	n/a	n/a	STATUS	n/a	n/a	D255
840.0840000000	n/a	n/a	STATUS	n/a	n/a	D200
840.1360000000	n/a	n/a	STATUS	n/a	n/a	D255
840.1720000000	n/a	n/a	STATUS	n/a	n/a	DI53
840.2240000000	n/a	n/a	STATUS	n/a	n/a	D255
840.4920000000	n/a	n/a	STATUS	n/a	n/a	DI43
840.5400000000	n/a	n/a	STATUS	n/a	n/a	D255
840.8000000000	n/a	n/a	STATUS	n/a	n/a	DIN5
840.8480000000	n/a	n/a	STATUS	n/a	n/a	D255
841.1840000000	n/a	n/a	STATUS	n/a	n/a	DI94
841.2360000000	n/a	n/a	STATUS	n/a	n/a	D255
841.2720000000	n/a	n/a	STATUS	n/a	n/a	DI52
841.3240000000	n/a	n/a	STATUS	n/a	n/a	D255
841.7320000000	n/a	n/a	STATUS	n/a	n/a	DI42
841.7840000000	n/a	n/a	STATUS	n/a	n/a	D255
842.0440000000	n/a	n/a	STATUS	n/a	n/a	DIN5
842.0920000000	n/a	n/a	STATUS	n/a	n/a	D255
842.5920000000	n/a	n/a	STATUS	n/a	n/a	D128
842.6440000000	n/a	n/a	STATUS	n/a	n/a	D255
842.6800000000	n/a	n/a	STATUS	n/a	n/a	DI52
842.7320000000	n/a	n/a	STATUS	n/a	n/a	D255
843.1240000000	n/a	n/a	STATUS	n/a	n/a	DI42
843.1720000000	n/a	n/a	STATUS	n/a	n/a	D255
843.4320000000	n/a	n/a	STATUS	n/a	n/a	DIN5
843.4840000000	n/a	n/a	STATUS	n/a	n/a	D255
843.9160000000	n/a	n/a	STATUS	n/a	n/a	D217
843.9680000000	n/a	n/a	STATUS	n/a	n/a	D255
844.0040000000	n/a	n/a	STATUS	n/a	n/a	DI54
844.0560000000	n/a	n/a	STATUS	n/a	n/a	D255
844.3840000000	n/a	n/a	STATUS	n/a	n/a	DI34
844.4320000000	n/a	n/a	STATUS	n/a	n/a	D255
844.6920000000	n/a	n/a	STATUS	n/a	n/a	DIN5
844.7400000000	n/a	n/a	STATUS	n/a	n/a	D255
845.0680000000	n/a	n/a	STATUS	n/a	n/a	D106
845.1160000000	n/a	n/a	STATUS	n/a	n/a	D255
845.1560000000	n/a	n/a	STATUS	n/a	n/a	DI53
845.2040000000	n/a	n/a	STATUS	n/a	n/a	D255
845.4920000000	n/a	n/a	STATUS	n/a	n/a	DI43
845.5440000000	n/a	n/a	STATUS	n/a	n/a	D255
845.8000000000	n/a	n/a	STATUS	n/a	n/a	DIN5
845.8520000000	n/a	n/a	STATUS	n/a	n/a	D255
846.3560000000	n/a	n/a	STATUS	n/a	n/a	D101
846.4080000000	n/a	n/a	STATUS	n/a	n/a	D255
846.4440000000	n/a	n/a	STATUS	n/a	n/a	DI52
846.4920000000	n/a	n/a	STATUS	n/a	n/a	D255
846.9960000000	n/a	n/a	STATUS	n/a	n/a	DI42
847.0480000000	n/a	n/a	STATUS	n/a	n/a	D255
847.3080000000	n/a	n/a	STATUS	n/a	n/a	DIN5
847.3560000000	n/a	n/a	STATUS	n/a	n/a	D255
847.8000000000	n/a	n/a	STATUS	n/a	n/a	D150
847.8520000000	n/a	n/a	STATUS	n/a	n/a	D255
847.8880000000	n/a	n/a	STATUS	n/a	n/a	DI53
847.9400000000	n/a	n/a	STATUS	n/a	n/a	D255
848.1920000000	n/a	n/a	STATUS	n/a	n/a	DI43
848.2400000000	n/a	n/a	STATUS	n/a	n/a	D255
848.5000000000	n/a	n/a	STATUS	n/a	n/a	DIN5
848.5520000000	n/a	n/a	STATUS	n/a	n/a	D255
848.9800000000	n/a	n/a	STATUS	n/a	n/a	D223
849.0320000000	n/a	n/a	STATUS	n/a	n/a	D255
849.0680000000	n/a	n/a	STATUS	n/a	n/a	DI51
849.1200000000	n/a	n/a	STATUS	n/a	n/a	D255
849.5080000000	n/a	n/a	STATUS	n/a	n/a	DI31
849.5560000000	n/a	n/a	STATUS	n/a	n/a	D255
849.8160000000	n/a	n/a	STATUS	n/a	n/a	DIN5
849.8680000000	n/a	n/a	STATUS	n/a	n/a	D255
850.2280000000	n/a	n/a	STATUS	n/a	n/a	D161
850.2760000000	n/a	n/a	STATUS	n/a	n/a	D255
850.3160000000	n/a	n/a	STATUS	n/a	n/a	DI53
850.3640000000	n/a	n/a	STATUS	n/a	n/a	D255
850.6440000000	n/a	n/a	STATUS	n/a	n/a	DI43
850.6920000000	n/a	n/a	STATUS	n/a	n/a	D255
850.9520000000	n/a	n/a	STATUS	n/a	n/a	DIN5
851.0040000000	n/a	n/a	STATUS	n/a	n/a	D255
851.5080000000	n/a	n/a	STATUS	n/a	n/a	D187
851.5560000000	n/a	n/a	STATUS	n/a	n/a	D255
851.5960000000	n/a	n/a	STATUS	n/a	n/a	DI53
851.6440000000	n/a	n/a	STATUS	n/a	n/a	D255
851.9800000000	n/a	n/a	STATUS	n/a	n/a	DI43
852.0280000000	n/a	n/a	STATUS	n/a	n/a	D255
852.2880000000	n/a	n/a	STATUS	n/a	n/a	DIN5
852.3400000000	n/a	n/a	STATUS	n/a	n/a	D255
852.7880000000	n/a	n/a	STATUS	n/a	n/a	DI90
852.8360000000	n/a	n/a	STATUS	n/a	n/a	D255
852.8760000000	n/a	n/a	STATUS	n/a	n/a	DI51
852.9240000000	n/a	n/a	STATUS	n/a	n/a	D255
853.3080000000	n/a	n/a	STATUS	n/a	n/a	DI31
853.3600000000	n/a	n/a	STATUS	n/a	n/a	D255
853.6200000000	n/a	n/a	STATUS	n/a	n/a	DIN5
853.6680000000	n/a	n/a	STATUS	n/a	n/a	D255
854.0320000000	n/a	n/a	STATUS	n/a	n/a	D192
854.0840000000	n/a	n/a	STATUS	n/a	n/a	D255
854.1200000000	n/a	n/a	STATUS	n/a	n/a	DI51
854.1720000000	n/a	n/a	STATUS	n/a	n/a	D255
854.6120000000	n/a	n/a	STATUS	n/a	n/a	DI31
854.6600000000	n/a	n/a	STATUS	n/a	n/a	D255
854.9200000000	n/a	n/a	STATUS	n/a	n/a	DIN5
854.9720000000	n/a	n/a	STATUS	n/a	n/a	D255
855.4600000000	n/a	n/a	STATUS	n/a	n/a	DI70
855.5120000000	n/a	n/a	STATUS	n/a	n/a	D255
855.5480000000	n/a	n/a	STATUS	n/a	n/a	DI54
855.6000000000	n/a	n/a	STATUS	n/a	n/a	D255
855.9520000000	n/a	n/a	STATUS	n/a	n/a	DI34
856.0000000000	n/a	n/a	STATUS	n/a	n/a	D255
856.2600000000	n/a	n/a	STATUS	n/a	n/a	DIN5
856.3120000000	n/a	n/a	STATUS	n/a	n/a	D255
856.7160000000	n/a	n/a	STATUS	n/a	n/a	D146
856.7640000000	n/a	n/a	STATUS	n/a	n/a	D255
856.8040000000	n/a	n/a	STATUS	n/a	n/a	DI54
856.8520000000	n/a	n/a	STATUS	n/a	n/a	D255
857.1960000000	n/a	n/a	STATUS	n/a	n/a	DI34
857.2480000000	n/a	n/a	STATUS	n/a	n/a	D255
857.5040000000	n/a	n/a	STATUS	n/a	n/a	DIN5
857.5560000000	n/a	n/a	STATUS	n/a	n/a	D255
858.0000000000	n/a	n/a	STATUS	n/a	n/a	D155
858.0520000000	n/a	n/a	STATUS	n/a	n/a	D255
858.0880000000	n/a	n/a	STATUS	n/a	n/a	DI51
858.1360000000	n/a	n/a	STATUS	n/a	n/a	D255
858.4160000000	n/a	n/a	STATUS	n/a	n/a	DI21
858.4640000000	n/a	n/a	STATUS	n/a	n/a	D255
858.4680000000	n/a	n/a	STATUS	n/a	n/a	DIN4
858.5200000000	n/a	n/a	STATUS	n/a	n/a	D255
859.2760000000	n/a	n/a	STATUS	n/a	n/a	DIN5
859.3240000000	n/a	n/a	STATUS	n/a	n/a	D255
859.7120000000	n/a	n/a	STATUS	n/a	n/a	D129
859.7640000000	n/a	n/a	STATUS	n/a	n/a	D255
859.8040000000	n/a	n/a	STATUS	n/a	n/a	DI52
859.8520000000	n/a	n/a	STATUS	n/a	n/a	D255
860.1560000000	n/a	n/a	STATUS	n/a	n/a	DI42
860.2040000000	n/a	n/a	STATUS	n/a	n/a	D255
860.4640000000	n/a	n/a	STATUS	n/a	n/a	DIN5
860.5160000000	n/a	n/a	STATUS	n/a	n/a	D255
860.8760000000	n/a	n/a	STATUS	n/a	n/a	D104
860.9240000000	n/a	n/a	STATUS	n/a	n/a	D255
860.9640000000	n/a	n/a	STATUS	n/a	n/a	DI52
861.0120000000	n/a	n/a	STATUS	n/a	n/a	D255
861.4920000000	n/a	n/a	STATUS	n/a	n/a	DI42
861.5440000000	n/a	n/a	STATUS	n/a	n/a	D255
861.8000000000	n/a	n/a	STATUS	n/a	n/a	DIN5
861.8520000000	n/a	n/a	STATUS	n/a	n/a	D255
862.2760000000	n/a	n/a	STATUS	n/a	n/a	D116
862.3240000000	n/a	n/a	STATUS	n/a	n/a	D255
862.3640000000	n/a	n/a	STATUS	n/a	n/a	DI52
862.4160000000	n/a	n/a	STATUS	n/a	n/a	D255
862.8600000000	n/a	n/a	STATUS	n/a	n/a	DI42
862.9080000000	n/a	n/a	STATUS	n/a	n/a	D255
863.1680000000	n/a	n/a	STATUS	n/a	n/a	DIN5
863.2160000000	n/a	n/a	STATUS	n/a	n/a	D255
863.5280000000	n/a	n/a	STATUS	n/a	n/a	D165
863.5760000000	n/a	n/a	STATUS	n/a	n/a	D255
863.6160000000	n/a	n/a	STATUS	n/a	n/a	DI51
863.6640000000	n/a	n/a	STATUS	n/a	n/a	D255
864.0520000000	n/a	n/a	STATUS	n/a	n/a	DI31
864.1000000000	n/a	n/a	STATUS	n/a	n/a	D255
864.3600000000	n/a	n/a	STATUS	n/a	n/a	DIN5
864.4080000000	n/a	n/a	STATUS	n/a	n/a	D255
864.8680000000	n/a	n/a	STATUS	n/a	n/a	D211
864.9200000000	n/a	n/a	STATUS	n/a	n/a	D255
864.9560000000	n/a	n/a	STATUS	n/a	n/a	DI53
865.0080000000	n/a	n/a	STATUS	n/a	n/a	D255
865.2760000000	n/a	n/a	STATUS	n/a	n/a	DI43
865.3240000000	n/a	n/a	STATUS	n/a	n/a	D255
865.5840000000	n/a	n/a	STATUS	n/a	n/a	DIN5
865.6360000000	n/a	n/a	STATUS	n/a	n/a	D255
866.0320000000	n/a	n/a	STATUS	n/a	n/a	DI87
866.0840000000	n/a	n/a	STATUS	n/a	n/a	D255
866.1200000000	n/a	n/a	STATUS	n/a	n/a	DI52
866.1720000000	n/a	n/a	STATUS	n/a	n/a	D255
866.5400000000	n/a	n/a	STATUS	n/a	n/a	DI42
866.5880000000	n/a	n/a	STATUS	n/a	n/a	D255
866.8480000000	n/a	n/a	STATUS	n/a	n/a	DIN5
866.8960000000	n/a	n/a	STATUS	n/a	n/a	D255
867.2320000000	n/a	n/a	STATUS	n/a	n/a	D235
867.2840000000	n/a	n/a	STATUS	n/a	n/a	D255
867.3200000000	n/a	n/a	STATUS	n/a	n/a	DI53
867.3720000000	n/a	n/a	STATUS	n/a	n/a	D255
867.6600000000	n/a	n/a	STATUS	n/a	n/a	DI43
867.7120000000	n/a	n/a	STATUS	n/a	n/a	D255
867.9720000000	n/a	n/a	STATUS	n/a	n/a	DIN5
868.0200000000	n/a	n/a	STATUS	n/a	n/a	D255
868.4800000000	n/a	n/a	STATUS	n/a	n/a	D193
868.5320000000	n/a	n/a	STATUS	n/a	n/a	D255
868.5680000000	n/a	n/a	STATUS	n/a	n/a	DI51
868.6200000000	n/a	n/a	STATUS	n/a	n/a	D255
868.9920000000	n/a	n/a	STATUS	n/a	n/a	DI31
869.0440000000	n/a	n/a	STATUS	n/a	n/a	D255
869.3040000000	n/a	n/a	STATUS	n/a	n/a	DIN5
869.3520000000	n/a	n/a	STATUS	n/a	n/a	D255
869.7680000000	n/a	n/a	STATUS	n/a	n/a	D202
869.8200000000	n/a	n/a	STATUS	n/a	n/a	D255
869.8560000000	n/a	n/a	STATUS	n/a	n/a	DI54
869.9080000000	n/a	n/a	STATUS	n/a	n/a	D255
870.2400000000	n/a	n/a	STATUS	n/a	n/a	DI34
870.2920000000	n/a	n/a	STATUS	n/a	n/a	D255
886.4720000000	n/a	n/a	STATUS	n/a	n/a	DIN5
886.5200000000	n/a	n/a	STATUS	n/a	n/a	D255
886.9520000000	n/a	n/a	STATUS	n/a	n/a	DI90
887.0000000000	n/a	n/a	STATUS	n/a	n/a	D255
887.0360000000	n/a	n/a	STATUS	n/a	n/a	DI51
887.0880000000	n/a	n/a	STATUS	n/a	n/a	D255
887.4280000000	n/a	n/a	STATUS	n/a	n/a	DI31
887.4800000000	n/a	n/a	STATUS	n/a	n/a	D255
887.7400000000	n/a	n/a	STATUS	n/a	n/a	DIN5
887.7880000000	n/a	n/a	STATUS	n/a	n/a	D255
888.2840000000	n/a	n/a	STATUS	n/a	n/a	D101
888.3320000000	n/a	n/a	STATUS	n/a	n/a	D255
888.3720000000	n/a	n/a	STATUS	n/a	n/a	DI51
888.4200000000	n/a	n/a	STATUS	n/a	n/a	D255
888.6720000000	n/a	n/a	STATUS	n/a	n/a	DI21
888.7200000000	n/a	n/a	STATUS	n/a	n/a	D255
888.7240000000	n/a	n/a	STATUS	n/a	n/a	DIN4
888.7760000000	n/a	n/a	STATUS	n/a	n/a	D255
889.5320000000	n/a	n/a	STATUS	n/a	n/a	DIN5
889.5800000000	n/a	n/a	STATUS	n/a	n/a	D255
889.9760000000	n/a	n/a	STATUS	n/a	n/a	D239
890.0240000000	n/a	n/a	STATUS	n/a	n/a	D255
890.0640000000	n/a	n/a	STATUS	n/a	n/a	DI51
890.1160000000	n/a	n/a	STATUS	n/a	n/a	D255
890.4840000000	n/a	n/a	STATUS	n/a	n/a	DI31
890.5360000000	n/a	n/a	STATUS	n/a	n/a	D255
890.7920000000	n/a	n/a	STATUS	n/a	n/a	DIN5
890.8440000000	n/a	n/a	STATUS	n/a	n/a	D255
891.2000000000	n/a	n/a	STATUS	n/a	n/a	DI88
891.2480000000	n/a	n/a	STATUS	n/a	n/a	D255
891.2840000000	n/a	n/a	STATUS	n/a	n/a	DI51
891.3360000000	n/a	n/a	STATUS	n/a	n/a	D255
891.6960000000	n/a	n/a	STATUS	n/a	n/a	DI31
891.7440000000	n/a	n/a	STATUS	n/a	n/a	D255
892.0040000000	n/a	n/a	STATUS	n/a	n/a	DIN5
892.0560000000	n/a	n/a	STATUS	n/a	n/a	D255
892.3880000000	n/a	n/a	STATUS	n/a	n/a	D149
892.4400000000	n/a	n/a	STATUS	n/a	n/a	D255
892.4760000000	n/a	n/a	STATUS	n/a	n/a	DI52
892.5280000000	n/a	n/a	STATUS	n/a	n/a	D255
892.9040000000	n/a	n/a	STATUS	n/a	n/a	DI42
892.9520000000	n/a	n/a	STATUS	n/a	n/a	D255
892.9520000000	n/a	n/a	STATUS	n/a	n/a	D235
893.2120000000	n/a	n/a	STATUS	n/a	n/a	DIN5
893.2640000000	n/a	n/a	STATUS	n/a	n/a	D255
893.7320000000	n/a	n/a	STATUS	n/a	n/a	D100
893.7840000000	n/a	n/a	STATUS	n/a	n/a	D255
893.8200000000	n/a	n/a	STATUS	n/a	n/a	DI52
893.8720000000	n/a	n/a	STATUS	n/a	n/a	D255
894.2200000000	n/a	n/a	STATUS	n/a	n/a	DI42
894.2720000000	n/a	n/a	STATUS	n/a	n/a	D255
894.5280000000	n/a	n/a	STATUS	n/a	n/a	DIN5
894.5800000000	n/a	n/a	STATUS	n/a	n/a	D255
894.9800000000	n/a	n/a	STATUS	n/a	n/a	D222
895.0320000000	n/a	n/a	STATUS	n/a	n/a	D255
895.0680000000	n/a	n/a	STATUS	n/a	n/a	DI54
895.1200000000	n/a	n/a	STATUS	n/a	n/a	D255
895.4400000000	n/a	n/a	STATUS	n/a	n/a	DI34
895.4920000000	n/a	n/a	STATUS	n/a	n/a	D255
895.7480000000	n/a	n/a	STATUS	n/a	n/a	DIN5
895.8000000000	n/a	n/a	STATUS	n/a	n/a	D255
896.2320000000	n/a	n/a	STATUS	n/a	n/a	DI81
896.2840000000	n/a	n/a	STATUS	n/a	n/a	D255
896.3200000000	n/a	n/a	STATUS	n/a	n/a	DI51
896.3720000000	n/a	n/a	STATUS	n/a	n/a	D255
896.7320000000	n/a	n/a	STATUS	n/a	n/a	DI31
896.7840000000	n/a	n/a	STATUS	n/a	n/a	D255
897.0440000000	n/a	n/a	STATUS	n/a	n/a	DIN5
897.0920000000	n/a	n/a	STATUS	n/a	n/a	D255
897.4840000000	n/a	n/a	STATUS	n/a	n/a	D115
897.5320000000	n/a	n/a	STATUS	n/a	n/a	D255
897.5680000000	n/a	n/a	STATUS	n/a	n/a	DI52
897.6200000000	n/a	n/a	STATUS	n/a	n/a	D255
897.9720000000	n/a	n/a	STATUS	n/a	n/a	DI42
898.0240000000	n/a	n/a	STATUS	n/a	n/a	D255
898.2800000000	n/a	n/a	STATUS	n/a	n/a	DIN5
898.3320000000	n/a	n/a	STATUS	n/a	n/a	D255
898.7200000000	n/a	n/a	STATUS	n/a	n/a	D252
898.7720000000	n/a	n/a	STATUS	n/a	n/a	D255
898.8080000000	n/a	n/a	STATUS	n/a	n/a	DI53
898.8600000000	n/a	n/a	STATUS	n/a	n/a	D255
899.1920000000	n/a	n/a	STATUS	n/a	n/a	DI43
899.2400000000	n/a	n/a	STATUS	n/a	n/a	D255
899.5000000000	n/a	n/a	STATUS	n/a	n/a	DIN5
899.5520000000	n/a	n/a	STATUS	n/a	n/a	D255
899.9800000000	n/a	n/a	STATUS	n/a	n/a	D107
900.0320000000	n/a	n/a	STATUS	n/a	n/a	D255
900.0680000000	n/a	n/a	STATUS	n/a	n/a	DI53
900.1200000000	n/a	n/a	STATUS	n/a	n/a	D255
900.4000000000	n/a	n/a	STATUS	n/a	n/a	DI43
900.4480000000	n/a	n/a	STATUS	n/a	n/a	D255
900.7080000000	n/a	n/a	STATUS	n/a	n/a	DIN5
900.7560000000	n/a	n/a	STATUS	n/a	n/a	D255
901.1280000000	n/a	n/a	STATUS	n/a	n/a	D194
901.1760000000	n/a	n/a	STATUS	n/a	n/a	D255
901.2160000000	n/a	n/a	STATUS	n/a	n/a	DI53
901.2640000000	n/a	n/a	STATUS	n/a	n/a	D255
901.5600000000	n/a	n/a	STATUS	n/a	n/a	DI43
901.6080000000	n/a	n/a	STATUS	n/a	n/a	D255
901.8680000000	n/a	n/a	STATUS	n/a	n/a	DIN5
901.9200000000	n/a	n/a	STATUS	n/a	n/a	D255
902.3000000000	n/a	n/a	STATUS	n/a	n/a	DI86
902.3480000000	n/a	n/a	STATUS	n/a	n/a	D255
902.3840000000	n/a	n/a	STATUS	n/a	n/a	DI51
902.4360000000	n/a	n/a	STATUS	n/a	n/a	D255
902.7880000000	n/a	n/a	STATUS	n/a	n/a	DI31
902.8360000000	n/a	n/a	STATUS	n/a	n/a	D255
903.0960000000	n/a	n/a	STATUS	n/a	n/a	DIN5
903.1480000000	n/a	n/a	STATUS	n/a	n/a	D255
903.4600000000	n/a	n/a	STATUS	n/a	n/a	D124
903.5120000000	n/a	n/a	STATUS	n/a	n/a	D255
903.5480000000	n/a	n/a	STATUS	n/a	n/a	DI52
903.6000000000	n/a	n/a	STATUS	n/a	n/a	D255
903.9360000000	n/a	n/a	STATUS	n/a	n/a	DI42
903.9880000000	n/a	n/a	STATUS	n/a	n/a	D255
904.2480000000	n/a	n/a	STATUS	n/a	n/a	DIN5
904.2960000000	n/a	n/a	STATUS	n/a	n/a	D255
904.7960000000	n/a	n/a	STATUS	n/a	n/a	DI94
904.8480000000	n/a	n/a	STATUS	n/a	n/a	D255
904.8840000000	n/a	n/a	STATUS	n/a	n/a	DI51
904.9360000000	n/a	n/a	STATUS	n/a	n/a	D255
905.2720000000	n/a	n/a	STATUS	n/a	n/a	DI31
905.3240000000	n/a	n/a	STATUS	n/a	n/a	D255
905.5800000000	n/a	n/a	STATUS	n/a	n/a	DIN5
905.6320000000	n/a	n/a	STATUS	n/a	n/a	D255
906.0320000000	n/a	n/a	STATUS	n/a	n/a	DI75
906.0800000000	n/a	n/a	STATUS	n/a	n/a	D255
906.1160000000	n/a	n/a	STATUS	n/a	n/a	DI54
906.1680000000	n/a	n/a	STATUS	n/a	n/a	D255
906.4920000000	n/a	n/a	STATUS	n/a	n/a	DI34
906.5400000000	n/a	n/a	STATUS	n/a	n/a	D255
906.8000000000	n/a	n/a	STATUS	n/a	n/a	DIN5
906.8520000000	n/a	n/a	STATUS	n/a	n/a	D255
907.3520000000	n/a	n/a	STATUS	n/a	n/a	D167
907.4000000000	n/a	n/a	STATUS	n/a	n/a	D255
907.4360000000	n/a	n/a	STATUS	n/a	n/a	DI52
907.4880000000	n/a	n/a	STATUS	n/a	n/a	D255
907.7960000000	n/a	n/a	STATUS	n/a	n/a	DI42
907.8440000000	n/a	n/a	STATUS	n/a	n/a	D255
908.1040000000	n/a	n/a	STATUS	n/a	n/a	DIN5
908.1560000000	n/a	n/a	STATUS	n/a	n/a	D255
908.4880000000	n/a	n/a	STATUS	n/a	n/a	D185
908.5400000000	n/a	n/a	STATUS	n/a	n/a	D255
908.5760000000	n/a	n/a	STATUS	n/a	n/a	DI53
908.6280000000	n/a	n/a	STATUS	n/a	n/a	D255
908.9520000000	n/a	n/a	STATUS	n/a	n/a	DI43
909.0040000000	n/a	n/a	STATUS	n/a	n/a	D255
909.2600000000	n/a	n/a	STATUS	n/a	n/a	DIN5
909.3120000000	n/a	n/a	STATUS	n/a	n/a	D255
909.6160000000	n/a	n/a	STATUS	n/a	n/a	D196
909.6680000000	n/a	n/a	STATUS	n/a	n/a	D255
909.7040000000	n/a	n/a	STATUS	n/a	n/a	DI54
909.7560000000	n/a	n/a	STATUS	n/a	n/a	D255
910.0640000000	n/a	n/a	STATUS	n/a	n/a	DI34
910.1120000000	n/a	n/a	STATUS	n/a	n/a	D255
910.3720000000	n/a	n/a	STATUS	n/a	n/a	DIN5
910.4240000000	n/a	n/a	STATUS	n/a	n/a	D255
910.8440000000	n/a	n/a	STATUS	n/a	n/a	D152
910.8920000000	n/a	n/a	STATUS	n/a	n/a	D255
910.9320000000	n/a	n/a	STATUS	n/a	n/a	DI52
910.9800000000	n/a	n/a	STATUS	n/a	n/a	D255
911.2880000000	n/a	n/a	STATUS	n/a	n/a	DI12
911.3400000000	n/a	n/a	STATUS	n/a	n/a	D255
911.3440000000	n/a	n/a	STATUS	n/a	n/a	DIN4
911.3920000000	n/a	n/a	STATUS	n/a	n/a	D255
912.1480000000	n/a	n/a	STATUS	n/a	n/a	DIN5
912.2000000000	n/a	n/a	STATUS	n/a	n/a	D255
912.6240000000	n/a	n/a	STATUS	n/a	n/a	D105
912.6720000000	n/a	n/a	STATUS	n/a	n/a	D255
912.7080000000	n/a	n/a	STATUS	n/a	n/a	DI52
912.7600000000	n/a	n/a	STATUS	n/a	n/a	D255
913.0920000000	n/a	n/a	STATUS	n/a	n/a	DI42
913.1440000000	n/a	n/a	STATUS	n/a	n/a	D255
913.4040000000	n/a	n/a	STATUS	n/a	n/a	DIN5
913.4520000000	n/a	n/a	STATUS	n/a	n/a	D255
913.8600000000	n/a	n/a	STATUS	n/a	n/a	D221
913.9120000000	n/a	n/a	STATUS	n/a	n/a	D255
913.9480000000	n/a	n/a	STATUS	n/a	n/a	DI53
914.0000000000	n/a	n/a	STATUS	n/a	n/a	D255
914.2840000000	n/a	n/a	STATUS	n/a	n/a	DI43
914.3320000000	n/a	n/a	STATUS	n/a	n/a	D255
914.5920000000	n/a	n/a	STATUS	n/a	n/a	DIN5
914.6440000000	n/a	n/a	STATUS	n/a	n/a	D255
915.1280000000	n/a	n/a	STATUS	n/a	n/a	D150
915.1760000000	n/a	n/a	STATUS	n/a	n/a	D255
915.2160000000	n/a	n/a	STATUS	n/a	n/a	DI53
915.2640000000	n/a	n/a	STATUS	n/a	n/a	D255
915.5560000000	n/a	n/a	STATUS	n/a	n/a	DI43
915.6080000000	n/a	n/a	STATUS	n/a	n/a	D255
915.8680000000	n/a	n/a	STATUS	n/a	n/a	DIN5
915.9160000000	n/a	n/a	STATUS	n/a	n/a	D255
916.2360000000	n/a	n/a	STATUS	n/a	n/a	D230
916.2880000000	n/a	n/a	STATUS	n/a	n/a	D255
916.3240000000	n/a	n/a	STATUS	n/a	n/a	DI53
916.3760000000	n/a	n/a	STATUS	n/a	n/a	D255
916.7080000000	n/a	n/a	STATUS	n/a	n/a	DI43
916.7600000000	n/a	n/a	STATUS	n/a	n/a	D255
917.0200000000	n/a	n/a	STATUS	n/a	n/a	DIN5
917.0680000000	n/a	n/a	STATUS	n/a	n/a	D255
917.5480000000	n/a	n/a	STATUS	n/a	n/a	D131
917.6000000000	n/a	n/a	STATUS	n/a	n/a	D255
917.6360000000	n/a	n/a	STATUS	n/a	n/a	DI52
917.6880000000	n/a	n/a	STATUS	n/a	n/a	D255
918.2000000000	n/a	n/a	STATUS	n/a	n/a	DI42
918.2520000000	n/a	n/a	STATUS	n/a	n/a	D255
918.5120000000	n/a	n/a	STATUS	n/a	n/a	DIN5
918.5600000000	n/a	n/a	STATUS	n/a	n/a	D255
918.9360000000	n/a	n/a	STATUS	n/a	n/a	D114
918.9840000000	n/a	n/a	STATUS	n/a	n/a	D255
919.0240000000	n/a	n/a	STATUS	n/a	n/a	DI53
919.0720000000	n/a	n/a	STATUS	n/a	n/a	D255
919.3560000000	n/a	n/a	STATUS	n/a	n/a	DI43
919.4080000000	n/a	n/a	STATUS	n/a	n/a	D255
919.6640000000	n/a	n/a	STATUS	n/a	n/a	DIN5
919.7160000000	n/a	n/a	STATUS	n/a	n/a	D255
920.1560000000	n/a	n/a	STATUS	n/a	n/a	D227
920.2040000000	n/a	n/a	STATUS	n/a	n/a	D255
920.2440000000	n/a	n/a	STATUS	n/a	n/a	DI52
920.2920000000	n/a	n/a	STATUS	n/a	n/a	D255
920.5520000000	n/a	n/a	STATUS	n/a	n/a	DI12
920.6000000000	n/a	n/a	STATUS	n/a	n/a	D255
920.6040000000	n/a	n/a	STATUS	n/a	n/a	DIN4
920.6560000000	n/a	n/a	STATUS	n/a	n/a	D255
921.4120000000	n/a	n/a	STATUS	n/a	n/a	DIN5
921.4600000000	n/a	n/a	STATUS	n/a	n/a	D255
921.7720000000	n/a	n/a	STATUS	n/a	n/a	D179
921.8200000000	n/a	n/a	STATUS	n/a	n/a	D255
921.8600000000	n/a	n/a	STATUS	n/a	n/a	DI54
921.9080000000	n/a	n/a	STATUS	n/a	n/a	D255
922.2320000000	n/a	n/a	STATUS	n/a	n/a	DI34
922.2800000000	n/a	n/a	STATUS	n/a	n/a	D255
922.5400000000	n/a	n/a	STATUS	n/a	n/a	DIN5
922.5920000000	n/a	n/a	STATUS	n/a	n/a	D255
923.0400000000	n/a	n/a	STATUS	n/a	n/a	DI65
923.0880000000	n/a	n/a	STATUS	n/a	n/a	D255
923.1280000000	n/a	n/a	STATUS	n/a	n/a	DI53
923.1760000000	n/a	n/a	STATUS	n/a	n/a	D255
923.4520000000	n/a	n/a	STATUS	n/a	n/a	DI43
923.5000000000	n/a	n/a	STATUS	n/a	n/a	D255
923.7600000000	n/a	n/a	STATUS	n/a	n/a	DIN5
923.8120000000	n/a	n/a	STATUS	n/a	n/a	D255
924.2680000000	n/a	n/a	STATUS	n/a	n/a	D116
924.3200000000	n/a	n/a	STATUS	n/a	n/a	D255
924.3560000000	n/a	n/a	STATUS	n/a	n/a	DI53
924.4080000000	n/a	n/a	STATUS	n/a	n/a	D255
924.6640000000	n/a	n/a	STATUS	n/a	n/a	DI43
924.7160000000	n/a	n/a	STATUS	n/a	n/a	D255
924.9760000000	n/a	n/a	STATUS	n/a	n/a	DIN5
925.0240000000	n/a	n/a	STATUS	n/a	n/a	D255
925.3480000000	n/a	n/a	STATUS	n/a	n/a	DI79
925.4000000000	n/a	n/a	STATUS	n/a	n/a	D255
925.4360000000	n/a	n/a	STATUS	n/a	n/a	DI52
925.4880000000	n/a	n/a	STATUS	n/a	n/a	D255
925.8680000000	n/a	n/a	STATUS	n/a	n/a	DI42
925.9160000000	n/a	n/a	STATUS	n/a	n/a	D255
926.1760000000	n/a	n/a	STATUS	n/a	n/a	DIN5
926.2240000000	n/a	n/a	STATUS	n/a	n/a	D255
926.5840000000	n/a	n/a	STATUS	n/a	n/a	D120
926.6360000000	n/a	n/a	STATUS	n/a	n/a	D255
926.6720000000	n/a	n/a	STATUS	n/a	n/a	DI52
926.7240000000	n/a	n/a	STATUS	n/a	n/a	D255
927.1040000000	n/a	n/a	STATUS	n/a	n/a	DI42
927.1520000000	n/a	n/a	STATUS	n/a	n/a	D255
927.4120000000	n/a	n/a	STATUS	n/a	n/a	DIN5
927.4640000000	n/a	n/a	STATUS	n/a	n/a	D255
927.9080000000	n/a	n/a	STATUS	n/a	n/a	D207
927.9560000000	n/a	n/a	STATUS	n/a	n/a	D255
927.9960000000	n/a	n/a	STATUS	n/a	n/a	DI53
928.0440000000	n/a	n/a	STATUS	n/a	n/a	D255
928.3560000000	n/a	n/a	STATUS	n/a	n/a	DI43
928.4080000000	n/a	n/a	STATUS	n/a	n/a	D255
928.6640000000	n/a	n/a	STATUS	n/a	n/a	DIN5
928.7160000000	n/a	n/a	STATUS	n/a	n/a	D255
929.2040000000	n/a	n/a	STATUS	n/a	n/a	D243
929.2560000000	n/a	n/a	STATUS	n/a	n/a	D255
929.2920000000	n/a	n/a	STATUS	n/a	n/a	DI54
929.3440000000	n/a	n/a	STATUS	n/a	n/a	D255
929.6880000000	n/a	n/a	STATUS	n/a	n/a	DI34
929.7360000000	n/a	n/a	STATUS	n/a	n/a	D255
929.9960000000	n/a	n/a	STATUS	n/a	n/a	DIN5
930.0480000000	n/a	n/a	STATUS	n/a	n/a	D255
930.4480000000	n/a	n/a	STATUS	n/a	n/a	D121
930.4960000000	n/a	n/a	STATUS	n/a	n/a	D255
930.5360000000	n/a	n/a	STATUS	n/a	n/a	DI51
930.5840000000	n/a	n/a	STATUS	n/a	n/a	D255
931.0480000000	n/a	n/a	STATUS	n/a	n/a	DI31
931.0960000000	n/a	n/a	STATUS	n/a	n/a	D255
931.3560000000	n/a	n/a	STATUS	n/a	n/a	DIN5
931.4040000000	n/a	n/a	STATUS	n/a	n/a	D255
931.7600000000	n/a	n/a	STATUS	n/a	n/a	DI93
931.8120000000	n/a	n/a	STATUS	n/a	n/a	D255
931.8480000000	n/a	n/a	STATUS	n/a	n/a	DI51
931.8960000000	n/a	n/a	STATUS	n/a	n/a	D255
932.3280000000	n/a	n/a	STATUS	n/a	n/a	DI31
932.3800000000	n/a	n/a	STATUS	n/a	n/a	D255
932.6400000000	n/a	n/a	STATUS	n/a	n/a	DIN5
932.6880000000	n/a	n/a	STATUS	n/a	n/a	D255
933.0120000000	n/a	n/a	STATUS	n/a	n/a	D173
933.0640000000	n/a	n/a	STATUS	n/a	n/a	D255
933.1000000000	n/a	n/a	STATUS	n/a	n/a	DI53
933.1520000000	n/a	n/a	STATUS	n/a	n/a	D255
933.4200000000	n/a	n/a	STATUS	n/a	n/a	DI43
933.4720000000	n/a	n/a	STATUS	n/a	n/a	D255
933.7280000000	n/a	n/a	STATUS	n/a	n/a	DIN5
933.7800000000	n/a	n/a	STATUS	n/a	n/a	D255
934.2680000000	n/a	n/a	STATUS	n/a	n/a	DI95
934.3200000000	n/a	n/a	STATUS	n/a	n/a	D255
934.3560000000	n/a	n/a	STATUS	n/a	n/a	DI53
934.4080000000	n/a	n/a	STATUS	n/a	n/a	D255
934.7200000000	n/a	n/a	STATUS	n/a	n/a	DI43
934.7720000000	n/a	n/a	STATUS	n/a	n/a	D255
935.0280000000	n/a	n/a	STATUS	n/a	n/a	DIN5
935.0800000000	n/a	n/a	STATUS	n/a	n/a	D255
935.5400000000	n/a	n/a	STATUS	n/a	n/a	D158
935.5880000000	n/a	n/a	STATUS	n/a	n/a	D255
935.6280000000	n/a	n/a	STATUS	n/a	n/a	DI54
935.6760000000	n/a	n/a	STATUS	n/a	n/a	D255
935.9760000000	n/a	n/a	STATUS	n/a	n/a	DI34
936.0240000000	n/a	n/a	STATUS	n/a	n/a	D255
936.2840000000	n/a	n/a	STATUS	n/a	n/a	DIN5
936.3360000000	n/a	n/a	STATUS	n/a	n/a	D255
936.7440000000	n/a	n/a	STATUS	n/a	n/a	DI89
936.7960000000	n/a	n/a	STATUS	n/a	n/a	D255
936.8320000000	n/a	n/a	STATUS	n/a	n/a	DI51
936.8840000000	n/a	n/a	STATUS	n/a	n/a	D255
937.3280000000	n/a	n/a	STATUS	n/a	n/a	DI31
937.3760000000	n/a	n/a	STATUS	n/a	n/a	D255
937.6360000000	n/a	n/a	STATUS	n/a	n/a	DIN5
937.6880000000	n/a	n/a	STATUS	n/a	n/a	D255
937.9960000000	n/a	n/a	STATUS	n/a	n/a	D225
938.0480000000	n/a	n/a	STATUS	n/a	n/a	D255
938.0840000000	n/a	n/a	STATUS	n/a	n/a	DI54
938.1320000000	n/a	n/a	STATUS	n/a	n/a	D255
938.4680000000	n/a	n/a	STATUS	n/a	n/a	DI34
938.5200000000	n/a	n/a	STATUS	n/a	n/a	D255
938.7800000000	n/a	n/a	STATUS	n/a	n/a	DIN5
938.8280000000	n/a	n/a	STATUS	n/a	n/a	D255
939.2080000000	n/a	n/a	STATUS	n/a	n/a	D104
939.2600000000	n/a	n/a	STATUS	n/a	n/a	D255
939.2960000000	n/a	n/a	STATUS	n/a	n/a	DI51
939.3480000000	n/a	n/a	STATUS	n/a	n/a	D255
939.7600000000	n/a	n/a	STATUS	n/a	n/a	DI31
939.8080000000	n/a	n/a	STATUS	n/a	n/a	D255
940.0680000000	n/a	n/a	STATUS	n/a	n/a	DIN5
940.1200000000	n/a	n/a	STATUS	n/a	n/a	D255
940.4440000000	n/a	n/a	STATUS	n/a	n/a	D202
940.4960000000	n/a	n/a	STATUS	n/a	n/a	D255
940.5320000000	n/a	n/a	STATUS	n/a	n/a	DI54
940.5800000000	n/a	n/a	STATUS	n/a	n/a	D255
940.9000000000	n/a	n/a	STATUS	n/a	n/a	DI34
940.9480000000	n/a	n/a	STATUS	n/a	n/a	D255
941.2080000000	n/a	n/a	STATUS	n/a	n/a	DIN5
941.2600000000	n/a	n/a	STATUS	n/a	n/a	D255
941.6040000000	n/a	n/a	STATUS	n/a	n/a	D209
941.6520000000	n/a	n/a	STATUS	n/a	n/a	D255
941.6920000000	n/a	n/a	STATUS	n/a	n/a	DI52
941.7400000000	n/a	n/a	STATUS	n/a	n/a	D255
942.1240000000	n/a	n/a	STATUS	n/a	n/a	DI42
942.1760000000	n/a	n/a	STATUS	n/a	n/a	D255
942.4360000000	n/a	n/a	STATUS	n/a	n/a	DIN5
942.4840000000	n/a	n/a	STATUS	n/a	n/a	D255
942.8000000000	n/a	n/a	STATUS	n/a	n/a	D234
942.8480000000	n/a	n/a	STATUS	n/a	n/a	D255
942.8880000000	n/a	n/a	STATUS	n/a	n/a	DI53
942.9360000000	n/a	n/a	STATUS	n/a	n/a	D255
943.2440000000	n/a	n/a	STATUS	n/a	n/a	DI43
943.2920000000	n/a	n/a	STATUS	n/a	n/a	D255
943.5520000000	n/a	n/a	STATUS	n/a	n/a	DIN5
943.6000000000	n/a	n/a	STATUS	n/a	n/a	D255
943.9120000000	n/a	n/a	STATUS	n/a	n/a	D198
943.9600000000	n/a	n/a	STATUS	n/a	n/a	D255
944.0000000000	n/a	n/a	STATUS	n/a	n/a	DI54
944.0480000000	n/a	n/a	STATUS	n/a	n/a	D255
944.3760000000	n/a	n/a	STATUS	n/a	n/a	DI34
944.4280000000	n/a	n/a	STATUS	n/a	n/a	D255
944.6840000000	n/a	n/a	STATUS	n/a	n/a	DIN5
944.7360000000	n/a	n/a	STATUS	n/a	n/a	D255
945.2040000000	n/a	n/a	STATUS	n/a	n/a	D235
945.2560000000	n/a	n/a	STATUS	n/a	n/a	D255
945.2920000000	n/a	n/a	STATUS	n/a	n/a	DI53
945.3440000000	n/a	n/a	STATUS	n/a	n/a	D255
945.5960000000	n/a	n/a	STATUS	n/a	n/a	DI43
945.6480000000	n/a	n/a	STATUS	n/a	n/a	D255
945.9080000000	n/a	n/a	STATUS	n/a	n/a	DIN5
945.9560000000	n/a	n/a	STATUS	n/a	n/a	D255
946.4480000000	n/a	n/a	STATUS	n/a	n/a	D143
946.4960000000	n/a	n/a	STATUS	n/a	n/a	D255
946.5360000000	n/a	n/a	STATUS	n/a	n/a	DI51
946.5840000000	n/a	n/a	STATUS	n/a	n/a	D255
946.9120000000	n/a	n/a	STATUS	n/a	n/a	DI31
946.9640000000	n/a	n/a	STATUS	n/a	n/a	D255
947.2240000000	n/a	n/a	STATUS	n/a	n/a	DIN5
947.2720000000	n/a	n/a	STATUS	n/a	n/a	D255
947.7680000000	n/a	n/a	STATUS	n/a	n/a	DI85
947.8200000000	n/a	n/a	STATUS	n/a	n/a	D255
947.8560000000	n/a	n/a	STATUS	n/a	n/a	DI54
947.9080000000	n/a	n/a	STATUS	n/a	n/a	D255
948.1960000000	n/a	n/a	STATUS	n/a	n/a	DI34
948.2480000000	n/a	n/a	STATUS	n/a	n/a	D255
948.5080000000	n/a	n/a	STATUS	n/a	n/a	DIN5
948.5560000000	n/a	n/a	STATUS	n/a	n/a	D255
948.9560000000	n/a	n/a	STATUS	n/a	n/a	D138
949.0080000000	n/a	n/a	STATUS	n/a	n/a	D255
949.0440000000	n/a	n/a	STATUS	n/a	n/a	DI54
949.0960000000	n/a	n/a	STATUS	n/a	n/a	D255
949.4000000000	n/a	n/a	STATUS	n/a	n/a	DI34
949.4520000000	n/a	n/a	STATUS	n/a	n/a	D255
949.7120000000	n/a	n/a	STATUS	n/a	n/a	DIN5
949.7600000000	n/a	n/a	STATUS	n/a	n/a	D255
950.1720000000	n/a	n/a	STATUS	n/a	n/a	D241
950.2200000000	n/a	n/a	STATUS	n/a	n/a	D255
950.2560000000	n/a	n/a	STATUS	n/a	n/a	DI52
950.3080000000	n/a	n/a	STATUS	n/a	n/a	D255
950.6800000000	n/a	n/a	STATUS	n/a	n/a	DI42
950.7280000000	n/a	n/a	STATUS	n/a	n/a	D255
950.9880000000	n/a	n/a	STATUS	n/a	n/a	DIN5
951.0400000000	n/a	n/a	STATUS	n/a	n/a	D255
951.5040000000	n/a	n/a	STATUS	n/a	n/a	D113
951.5520000000	n/a	n/a	STATUS	n/a	n/a	D255
951.5920000000	n/a	n/a	STATUS	n/a	n/a	DI54
951.6400000000	n/a	n/a	STATUS	n/a	n/a	D255
951.9520000000	n/a	n/a	STATUS	n/a	n/a	DI34
952.0000000000	n/a	n/a	STATUS	n/a	n/a	D255
952.2600000000	n/a	n/a	STATUS	n/a	n/a	DIN5
952.3120000000	n/a	n/a	STATUS	n/a	n/a	D255
952.7520000000	n/a	n/a	STATUS	n/a	n/a	DI92
952.8000000000	n/a	n/a	STATUS	n/a	n/a	D255
952.8400000000	n/a	n/a	STATUS	n/a	n/a	DI54
952.8880000000	n/a	n/a	STATUS	n/a	n/a	D255
953.2120000000	n/a	n/a	STATUS	n/a	n/a	DI34
953.2600000000	n/a	n/a	STATUS	n/a	n/a	D255
953.5200000000	n/a	n/a	STATUS	n/a	n/a	DIN5
953.5720000000	n/a	n/a	STATUS	n/a	n/a	D255
953.9720000000	n/a	n/a	STATUS	n/a	n/a	DI84
954.0200000000	n/a	n/a	STATUS	n/a	n/a	D255
954.0600000000	n/a	n/a	STATUS	n/a	n/a	DI52
954.1080000000	n/a	n/a	STATUS	n/a	n/a	D255
954.4880000000	n/a	n/a	STATUS	n/a	n/a	DI42
954.5360000000	n/a	n/a	STATUS	n/a	n/a	D255
954.7960000000	n/a	n/a	STATUS	n/a	n/a	DIN5
954.8480000000	n/a	n/a	STATUS	n/a	n/a	D255
955.2000000000	n/a	n/a	STATUS	n/a	n/a	D154
955.2520000000	n/a	n/a	STATUS	n/a	n/a	D255
955.2880000000	n/a	n/a	STATUS	n/a	n/a	DI51
955.3400000000	n/a	n/a	STATUS	n/a	n/a	D255
955.6520000000	n/a	n/a	STATUS	n/a	n/a	DI31
955.7040000000	n/a	n/a	STATUS	n/a	n/a	D255
955.9600000000	n/a	n/a	STATUS	n/a	n/a	DIN5
956.0120000000	n/a	n/a	STATUS	n/a	n/a	D255
956.4640000000	n/a	n/a	STATUS	n/a	n/a	D223
956.5160000000	n/a	n/a	STATUS	n/a	n/a	D255
956.5560000000	n/a	n/a	STATUS	n/a	n/a	DI51
956.6040000000	n/a	n/a	STATUS	n/a	n/a	D255
956.9520000000	n/a	n/a	STATUS	n/a	n/a	DI31
957.0040000000	n/a	n/a	STATUS	n/a	n/a	D255
957.2600000000	n/a	n/a	STATUS	n/a	n/a	DIN5
957.3120000000	n/a	n/a	STATUS	n/a	n/a	D255
957.6360000000	n/a	n/a	STATUS	n/a	n/a	D155
957.6880000000	n/a	n/a	STATUS	n/a	n/a	D255
957.7240000000	n/a	n/a	STATUS	n/a	n/a	DI51
957.7760000000	n/a	n/a	STATUS	n/a	n/a	D255
958.1400000000	n/a	n/a	STATUS	n/a	n/a	DI31
958.1920000000	n/a	n/a	STATUS	n/a	n/a	D255
958.4480000000	n/a	n/a	STATUS	n/a	n/a	DIN5
958.5000000000	n/a	n/a	STATUS	n/a	n/a	D255
958.9120000000	n/a	n/a	STATUS	n/a	n/a	D253
958.9640000000	n/a	n/a	STATUS	n/a	n/a	D255
959.0000000000	n/a	n/a	STATUS	n/a	n/a	DI54
959.0520000000	n/a	n/a	STATUS	n/a	n/a	D255
959.3680000000	n/a	n/a	STATUS	n/a	n/a	DI34
959.4200000000	n/a	n/a	STATUS	n/a	n/a	D255
959.6800000000	n/a	n/a	STATUS	n/a	n/a	DIN5
959.7280000000	n/a	n/a	STATUS	n/a	n/a	D255
960.1880000000	n/a	n/a	STATUS	n/a	n/a	DI73
960.2400000000	n/a	n/a	STATUS	n/a	n/a	D255
960.2760000000	n/a	n/a	STATUS	n/a	n/a	DI51
960.3240000000	n/a	n/a	STATUS	n/a	n/a	D255
960.7680000000	n/a	n/a	STATUS	n/a	n/a	DI31
960.8160000000	n/a	n/a	STATUS	n/a	n/a	D255
961.0760000000	n/a	n/a	STATUS	n/a	n/a	DIN5
961.1280000000	n/a	n/a	STATUS	n/a	n/a	D255
961.4960000000	n/a	n/a	STATUS	n/a	n/a	D140
961.5480000000	n/a	n/a	STATUS	n/a	n/a	D255
961.5840000000	n/a	n/a	STATUS	n/a	n/a	DI53
961.6360000000	n/a	n/a	STATUS	n/a	n/a	D255
961.9200000000	n/a	n/a	STATUS	n/a	n/a	DI43
961.9720000000	n/a	n/a	STATUS	n/a	n/a	D255
962.2320000000	n/a	n/a	STATUS	n/a	n/a	DIN5
962.2800000000	n/a	n/a	STATUS	n/a	n/a	D255
962.7400000000	n/a	n/a	STATUS	n/a	n/a	D180
962.7920000000	n/a	n/a	STATUS	n/a	n/a	D255
962.8280000000	n/a	n/a	STATUS	n/a	n/a	DI52
962.8800000000	n/a	n/a	STATUS	n/a	n/a	D255
963.1080000000	n/a	n/a	STATUS	n/a	n/a	DI12
963.1560000000	n/a	n/a	STATUS	n/a	n/a	D255
963.1600000000	n/a	n/a	STATUS	n/a	n/a	DIN4
963.2120000000	n/a	n/a	STATUS	n/a	n/a	D255
963.9680000000	n/a	n/a	STATUS	n/a	n/a	DIN5
964.0200000000	n/a	n/a	STATUS	n/a	n/a	D255
964.3240000000	n/a	n/a	STATUS	n/a	n/a	DI82
964.3720000000	n/a	n/a	STATUS	n/a	n/a	D255
964.4120000000	n/a	n/a	STATUS	n/a	n/a	DI52
964.4600000000	n/a	n/a	STATUS	n/a	n/a	D255
964.8840000000	n/a	n/a	STATUS	n/a	n/a	DI42
964.9320000000	n/a	n/a	STATUS	n/a	n/a	D255
965.1920000000	n/a	n/a	STATUS	n/a	n/a	DIN5
965.2400000000	n/a	n/a	STATUS	n/a	n/a	D255
965.5760000000	n/a	n/a	STATUS	n/a	n/a	DI76
965.6280000000	n/a	n/a	STATUS	n/a	n/a	D255
965.6640000000	n/a	n/a	STATUS	n/a	n/a	DI52
965.7160000000	n/a	n/a	STATUS	n/a	n/a	D255
966.1840000000	n/a	n/a	STATUS	n/a	n/a	DI42
966.2320000000	n/a	n/a	STATUS	n/a	n/a	D255
966.4920000000	n/a	n/a	STATUS	n/a	n/a	DIN5
966.5400000000	n/a	n/a	STATUS	n/a	n/a	D255
966.8600000000	n/a	n/a	STATUS	n/a	n/a	D136
966.9120000000	n/a	n/a	STATUS	n/a	n/a	D255
966.9480000000	n/a	n/a	STATUS	n/a	n/a	DI53
967.0000000000	n/a	n/a	STATUS	n/a	n/a	D255
967.2880000000	n/a	n/a	STATUS	n/a	n/a	DI43
967.3360000000	n/a	n/a	STATUS	n/a	n/a	D255
967.5960000000	n/a	n/a	STATUS	n/a	n/a	DIN5
967.6480000000	n/a	n/a	STATUS	n/a	n/a	D255
968.0760000000	n/a	n/a	STATUS	n/a	n/a	D157
968.1280000000	n/a	n/a	STATUS	n/a	n/a	D255
968.1640000000	n/a	n/a	STATUS	n/a	n/a	DI52
968.2160000000	n/a	n/a	STATUS	n/a	n/a	D255
968.6320000000	n/a	n/a	STATUS	n/a	n/a	DI42
968.6800000000	n/a	n/a	STATUS	n/a	n/a	D255
968.9400000000	n/a	n/a	STATUS	n/a	n/a	DIN5
968.9920000000	n/a	n/a	STATUS	n/a	n/a	D255
969.3440000000	n/a	n/a	STATUS	n/a	n/a	D218
969.3960000000	n/a	n/a	STATUS	n/a	n/a	D255
969.4320000000	n/a	n/a	STATUS	n/a	n/a	DI53
969.4840000000	n/a	n/a	STATUS	n/a	n/a	D255
969.7680000000	n/a	n/a	STATUS	n/a	n/a	DI43
969.8160000000	n/a	n/a	STATUS	n/a	n/a	D255
970.0760000000	n/a	n/a	STATUS	n/a	n/a	DIN5
970.1280000000	n/a	n/a	STATUS	n/a	n/a	D255
970.6160000000	n/a	n/a	STATUS	n/a	n/a	D148
970.6680000000	n/a	n/a	STATUS	n/a	n/a	D255
970.7040000000	n/a	n/a	STATUS	n/a	n/a	DI53
970.7560000000	n/a	n/a	STATUS	n/a	n/a	D255
971.0000000000	n/a	n/a	STATUS	n/a	n/a	DI43
971.0520000000	n/a	n/a	STATUS	n/a	n/a	D255
971.3080000000	n/a	n/a	STATUS	n/a	n/a	DIN5
971.3600000000	n/a	n/a	STATUS	n/a	n/a	D255
971.7880000000	n/a	n/a	STATUS	n/a	n/a	D106
971.8400000000	n/a	n/a	STATUS	n/a	n/a	D255
971.8760000000	n/a	n/a	STATUS	n/a	n/a	DI54
971.9280000000	n/a	n/a	STATUS	n/a	n/a	D255
972.1920000000	n/a	n/a	STATUS	n/a	n/a	DI34
972.2440000000	n/a	n/a	STATUS	n/a	n/a	D255
972.5000000000	n/a	n/a	STATUS	n/a	n/a	DIN5
972.5520000000	n/a	n/a	STATUS	n/a	n/a	D255
972.8560000000	n/a	n/a	STATUS	n/a	n/a	D246
972.9080000000	n/a	n/a	STATUS	n/a	n/a	D255
972.9440000000	n/a	n/a	STATUS	n/a	n/a	DI51
972.9920000000	n/a	n/a	STATUS	n/a	n/a	D255
973.4800000000	n/a	n/a	STATUS	n/a	n/a	DI31
973.5280000000	n/a	n/a	STATUS	n/a	n/a	D255
973.7880000000	n/a	n/a	STATUS	n/a	n/a	DIN5
973.8400000000	n/a	n/a	STATUS	n/a	n/a	D255
974.1680000000	n/a	n/a	STATUS	n/a	n/a	D153
974.2160000000	n/a	n/a	STATUS	n/a	n/a	D255
974.2560000000	n/a	n/a	STATUS	n/a	n/a	DI54
974.3040000000	n/a	n/a	STATUS	n/a	n/a	D255
974.5760000000	n/a	n/a	STATUS	n/a	n/a	DI34
974.6280000000	n/a	n/a	STATUS	n/a	n/a	D255
974.8840000000	n/a	n/a	STATUS	n/a	n/a	DIN5
974.9360000000	n/a	n/a	STATUS	n/a	n/a	D255
975.4400000000	n/a	n/a	STATUS	n/a	n/a	D108
975.4920000000	n/a	n/a	STATUS	n/a	n/a	D255
975.5280000000	n/a	n/a	STATUS	n/a	n/a	DI52
975.5760000000	n/a	n/a	STATUS	n/a	n/a	D255
975.9440000000	n/a	n/a	STATUS	n/a	n/a	DI42
975.9920000000	n/a	n/a	STATUS	n/a	n/a	D255
976.2520000000	n/a	n/a	STATUS	n/a	n/a	DIN5
976.3040000000	n/a	n/a	STATUS	n/a	n/a	D255
976.6200000000	n/a	n/a	STATUS	n/a	n/a	D187
976.6720000000	n/a	n/a	STATUS	n/a	n/a	D255
976.7080000000	n/a	n/a	STATUS	n/a	n/a	DI52
976.7600000000	n/a	n/a	STATUS	n/a	n/a	D255
977.1200000000	n/a	n/a	STATUS	n/a	n/a	DI42
977.1720000000	n/a	n/a	STATUS	n/a	n/a	D255
977.4320000000	n/a	n/a	STATUS	n/a	n/a	DIN5
977.4800000000	n/a	n/a	STATUS	n/a	n/a	D255
977.9760000000	n/a	n/a	STATUS	n/a	n/a	D117
978.0280000000	n/a	n/a	STATUS	n/a	n/a	D255
978.0640000000	n/a	n/a	STATUS	n/a	n/a	DI53
978.1160000000	n/a	n/a	STATUS	n/a	n/a	D255
978.3760000000	n/a	n/a	STATUS	n/a	n/a	DI43
978.4280000000	n/a	n/a	STATUS	n/a	n/a	D255
978.6880000000	n/a	n/a	STATUS	n/a	n/a	DIN5
978.7360000000	n/a	n/a	STATUS	n/a	n/a	D255
979.2200000000	n/a	n/a	STATUS	n/a	n/a	D200
979.2720000000	n/a	n/a	STATUS	n/a	n/a	D255
979.3080000000	n/a	n/a	STATUS	n/a	n/a	DI52
979.3600000000	n/a	n/a	STATUS	n/a	n/a	D255
979.7400000000	n/a	n/a	STATUS	n/a	n/a	DI42
979.7920000000	n/a	n/a	STATUS	n/a	n/a	D255
980.0520000000	n/a	n/a	STATUS	n/a	n/a	DIN5
980.1000000000	n/a	n/a	STATUS	n/a	n/a	D255
980.5760000000	n/a	n/a	STATUS	n/a	n/a	D159
980.6280000000	n/a	n/a	STATUS	n/a	n/a	D255
980.6640000000	n/a	n/a	STATUS	n/a	n/a	DI53
980.7120000000	n/a	n/a	STATUS	n/a	n/a	D255
980.9680000000	n/a	n/a	STATUS	n/a	n/a	DI43
981.0200000000	n/a	n/a	STATUS	n/a	n/a	D255
981.2800000000	n/a	n/a	STATUS	n/a	n/a	DIN5
981.3280000000	n/a	n/a	STATUS	n/a	n/a	D255
981.8200000000	n/a	n/a	STATUS	n/a	n/a	D130
981.8680000000	n/a	n/a	STATUS	n/a	n/a	D255
981.8680000000	n/a	n/a	STATUS	n/a	n/a	D131
981.9080000000	n/a	n/a	STATUS	n/a	n/a	DI53
981.9560000000	n/a	n/a	STATUS	n/a	n/a	D255
982.2160000000	n/a	n/a	STATUS	n/a	n/a	DI43
982.2640000000	n/a	n/a	STATUS	n/a	n/a	D255
982.5240000000	n/a	n/a	STATUS	n/a	n/a	DIN5
982.5760000000	n/a	n/a	STATUS	n/a	n/a	D255
983.0640000000	n/a	n/a	STATUS	n/a	n/a	D212
983.1160000000	n/a	n/a	STATUS	n/a	n/a	D255
983.1520000000	n/a	n/a	STATUS	n/a	n/a	DI54
983.2040000000	n/a	n/a	STATUS	n/a	n/a	D255
983.4800000000	n/a	n/a	STATUS	n/a	n/a	DI24
983.5280000000	n/a	n/a	STATUS	n/a	n/a	D255
983.5320000000	n/a	n/a	STATUS	n/a	n/a	DIN4
983.5840000000	n/a	n/a	STATUS	n/a	n/a	D255
984.3360000000	n/a	n/a	STATUS	n/a	n/a	DIN5
984.3880000000	n/a	n/a	STATUS	n/a	n/a	D255
984.8120000000	n/a	n/a	STATUS	n/a	n/a	D163
984.8640000000	n/a	n/a	STATUS	n/a	n/a	D255
984.9000000000	n/a	n/a	STATUS	n/a	n/a	DI54
984.9520000000	n/a	n/a	STATUS	n/a	n/a	D255
985.2200000000	n/a	n/a	STATUS	n/a	n/a	DI34
985.2720000000	n/a	n/a	STATUS	n/a	n/a	D255
985.5320000000	n/a	n/a	STATUS	n/a	n/a	DIN5
985.5800000000	n/a	n/a	STATUS	n/a	n/a	D255
985.9840000000	n/a	n/a	STATUS	n/a	n/a	D210
986.0360000000	n/a	n/a	STATUS	n/a	n/a	D255
986.0720000000	n/a	n/a	STATUS	n/a	n/a	DI53
986.1240000000	n/a	n/a	STATUS	n/a	n/a	D255
986.4040000000	n/a	n/a	STATUS	n/a	n/a	DI43
986.4520000000	n/a	n/a	STATUS	n/a	n/a	D255
986.7120000000	n/a	n/a	STATUS	n/a	n/a	DIN5
986.7640000000	n/a	n/a	STATUS	n/a	n/a	D255
987.2360000000	n/a	n/a	STATUS	n/a	n/a	D178
987.2880000000	n/a	n/a	STATUS	n/a	n/a	D255
987.3240000000	n/a	n/a	STATUS	n/a	n/a	DI54
987.3760000000	n/a	n/a	STATUS	n/a	n/a	D255
987.6040000000	n/a	n/a	STATUS	n/a	n/a	DI34
987.6560000000	n/a	n/a	STATUS	n/a	n/a	D255
987.9160000000	n/a	n/a	STATUS	n/a	n/a	DIN5
987.9640000000	n/a	n/a	STATUS	n/a	n/a	D255
988.3160000000	n/a	n/a	STATUS	n/a	n/a	D224
988.3640000000	n/a	n/a	STATUS	n/a	n/a	D255
988.4040000000	n/a	n/a	STATUS	n/a	n/a	DI53
988.4520000000	n/a	n/a	STATUS	n/a	n/a	D255
988.7080000000	n/a	n/a	STATUS	n/a	n/a	DI43
988.7560000000	n/a	n/a	STATUS	n/a	n/a	D255
989.0160000000	n/a	n/a	STATUS	n/a	n/a	DIN5
989.0680000000	n/a	n/a	STATUS	n/a	n/a	D255
989.5480000000	n/a	n/a	STATUS	n/a	n/a	D216
989.5960000000	n/a	n/a	STATUS	n/a	n/a	D255
989.6360000000	n/a	n/a	STATUS	n/a	n/a	DI54
989.6840000000	n/a	n/a	STATUS	n/a	n/a	D255
989.9280000000	n/a	n/a	STATUS	n/a	n/a	DI34
989.9760000000	n/a	n/a	STATUS	n/a	n/a	D255
990.2360000000	n/a	n/a	STATUS	n/a	n/a	DIN5
990.2880000000	n/a	n/a	STATUS	n/a	n/a	D255
990.5920000000	n/a	n/a	STATUS	n/a	n/a	D228
990.6440000000	n/a	n/a	STATUS	n/a	n/a	D255
990.6800000000	n/a	n/a	STATUS	n/a	n/a	DI54
990.7280000000	n/a	n/a	STATUS	n/a	n/a	D255
991.0240000000	n/a	n/a	STATUS	n/a	n/a	DI34
991.0760000000	n/a	n/a	STATUS	n/a	n/a	D255
991.3320000000	n/a	n/a	STATUS	n/a	n/a	DIN5
991.3840000000	n/a	n/a	STATUS	n/a	n/a	D255
991.6920000000	n/a	n/a	STATUS	n/a	n/a	D160
991.7440000000	n/a	n/a	STATUS	n/a	n/a	D255
991.7800000000	n/a	n/a	STATUS	n/a	n/a	DI54
991.8320000000	n/a	n/a	STATUS	n/a	n/a	D255
992.1120000000	n/a	n/a	STATUS	n/a	n/a	DI34
992.1640000000	n/a	n/a	STATUS	n/a	n/a	D255
992.4240000000	n/a	n/a	STATUS	n/a	n/a	DIN5
992.4720000000	n/a	n/a	STATUS	n/a	n/a	D255
992.8840000000	n/a	n/a	STATUS	n/a	n/a	D236
992.9320000000	n/a	n/a	STATUS	n/a	n/a	D255
992.9720000000	n/a	n/a	STATUS	n/a	n/a	DI51
993.0200000000	n/a	n/a	STATUS	n/a	n/a	D255
993.2560000000	n/a	n/a	STATUS	n/a	n/a	DI21
993.3080000000	n/a	n/a	STATUS	n/a	n/a	D255
993.3120000000	n/a	n/a	STATUS	n/a	n/a	DIN4
993.3600000000	n/a	n/a	STATUS	n/a	n/a	D255
994.1160000000	n/a	n/a	STATUS	n/a	n/a	DIN5
994.1640000000	n/a	n/a	STATUS	n/a	n/a	D255
994.6160000000	n/a	n/a	STATUS	n/a	n/a	D127
994.6640000000	n/a	n/a	STATUS	n/a	n/a	D255
994.7040000000	n/a	n/a	STATUS	n/a	n/a	DI51
994.7520000000	n/a	n/a	STATUS	n/a	n/a	D255
995.1080000000	n/a	n/a	STATUS	n/a	n/a	DI31
995.1560000000	n/a	n/a	STATUS	n/a	n/a	D255
995.4160000000	n/a	n/a	STATUS	n/a	n/a	DIN5
995.4680000000	n/a	n/a	STATUS	n/a	n/a	D255
995.9520000000	n/a	n/a	STATUS	n/a	n/a	D214
996.0000000000	n/a	n/a	STATUS	n/a	n/a	D255
996.0360000000	n/a	n/a	STATUS	n/a	n/a	DI52
996.0880000000	n/a	n/a	STATUS	n/a	n/a	D255
996.4400000000	n/a	n/a	STATUS	n/a	n/a	DI42
996.4880000000	n/a	n/a	STATUS	n/a	n/a	D255
996.7480000000	n/a	n/a	STATUS	n/a	n/a	DIN5
996.8000000000	n/a	n/a	STATUS	n/a	n/a	D255
997.1080000000	n/a	n/a	STATUS	n/a	n/a	DI99
997.1560000000	n/a	n/a	STATUS	n/a	n/a	D255
997.1960000000	n/a	n/a	STATUS	n/a	n/a	DI52
997.2440000000	n/a	n/a	STATUS	n/a	n/a	D255
997.6680000000	n/a	n/a	STATUS	n/a	n/a	DI42
997.7200000000	n/a	n/a	STATUS	n/a	n/a	D255
997.9800000000	n/a	n/a	STATUS	n/a	n/a	DIN5
998.0280000000	n/a	n/a	STATUS	n/a	n/a	D255
998.3480000000	n/a	n/a	STATUS	n/a	n/a	D169
998.4000000000	n/a	n/a	STATUS	n/a	n/a	D255
998.4360000000	n/a	n/a	STATUS	n/a	n/a	DI53
998.4880000000	n/a	n/a	STATUS	n/a	n/a	D255
998.8400000000	n/a	n/a	STATUS	n/a	n/a	DI43
998.8880000000	n/a	n/a	STATUS	n/a	n/a	D255
999.1480000000	n/a	n/a	STATUS	n/a	n/a	DIN5
999.2000000000	n/a	n/a	STATUS	n/a	n/a	D255
999.7000000000	n/a	n/a	STATUS	n/a	n/a	D171
999.7480000000	n/a	n/a	STATUS	n/a	n/a	D255
999.7880000000	n/a	n/a	STATUS	n/a	n/a	DI54
999.8360000000	n/a	n/a	STATUS	n/a	n/a	D255
1000.1200000000	n/a	n/a	STATUS	n/a	n/a	DI34
1000.1720000000	n/a	n/a	STATUS	n/a	n/a	D255
1000.4280000000	n/a	n/a	STATUS	n/a	n/a	DIN5
1000.4800000000	n/a	n/a	STATUS	n/a	n/a	D255
1000.9360000000	n/a	n/a	STATUS	n/a	n/a	D186
1000.9840000000	n/a	n/a	STATUS	n/a	n/a	D255
1001.0240000000	n/a	n/a	STATUS	n/a	n/a	DI51
1001.0720000000	n/a	n/a	STATUS	n/a	n/a	D255
1001.5520000000	n/a	n/a	STATUS	n/a	n/a	DI31
1001.6000000000	n/a	n/a	STATUS	n/a	n/a	D255
1001.8600000000	n/a	n/a	STATUS	n/a	n/a	DIN5
1001.9120000000	n/a	n/a	STATUS	n/a	n/a	D255
1002.3000000000	n/a	n/a	STATUS	n/a	n/a	D176
1002.3520000000	n/a	n/a	STATUS	n/a	n/a	D255
1002.3880000000	n/a	n/a	STATUS	n/a	n/a	DI51
1002.4400000000	n/a	n/a	STATUS	n/a	n/a	D255
1002.8040000000	n/a	n/a	STATUS	n/a	n/a	DI31
1002.8520000000	n/a	n/a	STATUS	n/a	n/a	D255
1003.1120000000	n/a	n/a	STATUS	n/a	n/a	DIN5
1003.1640000000	n/a	n/a	STATUS	n/a	n/a	D255
1003.4880000000	n/a	n/a	STATUS	n/a	n/a	D166
1003.5360000000	n/a	n/a	STATUS	n/a	n/a	D255
1003.5760000000	n/a	n/a	STATUS	n/a	n/a	DI51
1003.6240000000	n/a	n/a	STATUS	n/a	n/a	D255
1004.0000000000	n/a	n/a	STATUS	n/a	n/a	DI31
1004.0520000000	n/a	n/a	STATUS	n/a	n/a	D255
1004.3120000000	n/a	n/a	STATUS	n/a	n/a	DIN5
1004.3600000000	n/a	n/a	STATUS	n/a	n/a	D255
1004.8200000000	n/a	n/a	STATUS	n/a	n/a	D165
1004.8680000000	n/a	n/a	STATUS	n/a	n/a	D255
1004.9080000000	n/a	n/a	STATUS	n/a	n/a	DI51
1004.9560000000	n/a	n/a	STATUS	n/a	n/a	D255
1005.3120000000	n/a	n/a	STATUS	n/a	n/a	DI31
1005.3600000000	n/a	n/a	STATUS	n/a	n/a	D255
1005.6200000000	n/a	n/a	STATUS	n/a	n/a	DIN5
1005.6720000000	n/a	n/a	STATUS	n/a	n/a	D255
1006.0000000000	n/a	n/a	STATUS	n/a	n/a	D203
1006.0520000000	n/a	n/a	STATUS	n/a	n/a	D255
1006.0880000000	n/a	n/a	STATUS	n/a	n/a	DI51
1006.1400000000	n/a	n/a	STATUS	n/a	n/a	D255
1006.5080000000	n/a	n/a	STATUS	n/a	n/a	DI31
1006.5600000000	n/a	n/a	STATUS	n/a	n/a	D255
1006.8200000000	n/a	n/a	STATUS	n/a	n/a	DIN5
1006.8680000000	n/a	n/a	STATUS	n/a	n/a	D255
1007.3320000000	n/a	n/a	STATUS	n/a	n/a	D192
1007.3840000000	n/a	n/a	STATUS	n/a	n/a	D255
1007.4200000000	n/a	n/a	STATUS	n/a	n/a	DI54
1007.4720000000	n/a	n/a	STATUS	n/a	n/a	D255
1007.7640000000	n/a	n/a	STATUS	n/a	n/a	DI34
1007.8120000000	n/a	n/a	STATUS	n/a	n/a	D255
1008.0720000000	n/a	n/a	STATUS	n/a	n/a	DIN5
1008.1200000000	n/a	n/a	STATUS	n/a	n/a	D255
1008.4960000000	n/a	n/a	STATUS	n/a	n/a	DI80
1008.5480000000	n/a	n/a	STATUS	n/a	n/a	D255
1008.5840000000	n/a	n/a	STATUS	n/a	n/a	DI52
1008.6360000000	n/a	n/a	STATUS	n/a	n/a	D255
1009.0040000000	n/a	n/a	STATUS	n/a	n/a	DI42
1009.0560000000	n/a	n/a	STATUS	n/a	n/a	D255
1009.3160000000	n/a	n/a	STATUS	n/a	n/a	DIN5
1009.3640000000	n/a	n/a	STATUS	n/a	n/a	D255
1009.7280000000	n/a	n/a	STATUS	n/a	n/a	D182
1009.7800000000	n/a	n/a	STATUS	n/a	n/a	D255
1009.8160000000	n/a	n/a	STATUS	n/a	n/a	DI54
1009.8680000000	n/a	n/a	STATUS	n/a	n/a	D255
1010.1600000000	n/a	n/a	STATUS	n/a	n/a	DI34
1010.2120000000	n/a	n/a	STATUS	n/a	n/a	D255
1010.4680000000	n/a	n/a	STATUS	n/a	n/a	DIN5
1010.5200000000	n/a	n/a	STATUS	n/a	n/a	D255
1010.9880000000	n/a	n/a	STATUS	n/a	n/a	D132
1011.0400000000	n/a	n/a	STATUS	n/a	n/a	D255
1011.0800000000	n/a	n/a	STATUS	n/a	n/a	DI52
1011.1280000000	n/a	n/a	STATUS	n/a	n/a	D255
1011.4560000000	n/a	n/a	STATUS	n/a	n/a	DI42
1011.5080000000	n/a	n/a	STATUS	n/a	n/a	D255
1011.7680000000	n/a	n/a	STATUS	n/a	n/a	DIN5
1011.8160000000	n/a	n/a	STATUS	n/a	n/a	D255
1012.2080000000	n/a	n/a	STATUS	n/a	n/a	D123
1012.2560000000	n/a	n/a	STATUS	n/a	n/a	D255
1012.2960000000	n/a	n/a	STATUS	n/a	n/a	DI51
1012.3440000000	n/a	n/a	STATUS	n/a	n/a	D255
1012.6840000000	n/a	n/a	STATUS	n/a	n/a	DI31
1012.7360000000	n/a	n/a	STATUS	n/a	n/a	D255
