onset	duration	sample	trial_type	response_time	stim_file	value
358.4360000000	n/a	n/a	STATUS	n/a	n/a	DIN5
358.4880000000	n/a	n/a	STATUS	n/a	n/a	D255
358.9440000000	n/a	n/a	STATUS	n/a	n/a	D181
358.9920000000	n/a	n/a	STATUS	n/a	n/a	D255
359.0320000000	n/a	n/a	STATUS	n/a	n/a	DI54
359.0800000000	n/a	n/a	STATUS	n/a	n/a	D255
359.3680000000	n/a	n/a	STATUS	n/a	n/a	DI34
359.4160000000	n/a	n/a	STATUS	n/a	n/a	D255
359.6800000000	n/a	n/a	STATUS	n/a	n/a	DIN5
359.7320000000	n/a	n/a	STATUS	n/a	n/a	D255
360.1840000000	n/a	n/a	STATUS	n/a	n/a	D121
360.2360000000	n/a	n/a	STATUS	n/a	n/a	D255
360.2720000000	n/a	n/a	STATUS	n/a	n/a	DI51
360.3240000000	n/a	n/a	STATUS	n/a	n/a	D255
360.4840000000	n/a	n/a	STATUS	n/a	n/a	DI21
360.5360000000	n/a	n/a	STATUS	n/a	n/a	D255
360.5400000000	n/a	n/a	STATUS	n/a	n/a	DIN4
360.5920000000	n/a	n/a	STATUS	n/a	n/a	D255
361.3440000000	n/a	n/a	STATUS	n/a	n/a	DIN5
361.3960000000	n/a	n/a	STATUS	n/a	n/a	D255
361.8920000000	n/a	n/a	STATUS	n/a	n/a	D171
361.9400000000	n/a	n/a	STATUS	n/a	n/a	D255
361.9760000000	n/a	n/a	STATUS	n/a	n/a	DI54
362.0280000000	n/a	n/a	STATUS	n/a	n/a	D255
362.2760000000	n/a	n/a	STATUS	n/a	n/a	DI34
362.3280000000	n/a	n/a	STATUS	n/a	n/a	D255
362.5880000000	n/a	n/a	STATUS	n/a	n/a	DIN5
362.6360000000	n/a	n/a	STATUS	n/a	n/a	D255
363.0800000000	n/a	n/a	STATUS	n/a	n/a	D177
363.1320000000	n/a	n/a	STATUS	n/a	n/a	D255
363.1680000000	n/a	n/a	STATUS	n/a	n/a	DI52
363.2200000000	n/a	n/a	STATUS	n/a	n/a	D255
363.5680000000	n/a	n/a	STATUS	n/a	n/a	DI42
363.6200000000	n/a	n/a	STATUS	n/a	n/a	D255
363.8800000000	n/a	n/a	STATUS	n/a	n/a	DIN5
363.9280000000	n/a	n/a	STATUS	n/a	n/a	D255
364.4200000000	n/a	n/a	STATUS	n/a	n/a	D151
364.4680000000	n/a	n/a	STATUS	n/a	n/a	D255
364.5080000000	n/a	n/a	STATUS	n/a	n/a	DI51
364.5560000000	n/a	n/a	STATUS	n/a	n/a	D255
364.8640000000	n/a	n/a	STATUS	n/a	n/a	DI31
364.9160000000	n/a	n/a	STATUS	n/a	n/a	D255
365.1760000000	n/a	n/a	STATUS	n/a	n/a	DIN5
365.2240000000	n/a	n/a	STATUS	n/a	n/a	D255
365.5600000000	n/a	n/a	STATUS	n/a	n/a	D114
365.6080000000	n/a	n/a	STATUS	n/a	n/a	D255
365.6480000000	n/a	n/a	STATUS	n/a	n/a	DI51
365.6960000000	n/a	n/a	STATUS	n/a	n/a	D255
366.0080000000	n/a	n/a	STATUS	n/a	n/a	DI31
366.0560000000	n/a	n/a	STATUS	n/a	n/a	D255
366.3160000000	n/a	n/a	STATUS	n/a	n/a	DIN5
366.3680000000	n/a	n/a	STATUS	n/a	n/a	D255
366.7160000000	n/a	n/a	STATUS	n/a	n/a	D195
366.7680000000	n/a	n/a	STATUS	n/a	n/a	D255
366.8040000000	n/a	n/a	STATUS	n/a	n/a	DI51
366.8520000000	n/a	n/a	STATUS	n/a	n/a	D255
367.1920000000	n/a	n/a	STATUS	n/a	n/a	DI31
367.2400000000	n/a	n/a	STATUS	n/a	n/a	D255
367.5000000000	n/a	n/a	STATUS	n/a	n/a	DIN5
367.5520000000	n/a	n/a	STATUS	n/a	n/a	D255
367.8600000000	n/a	n/a	STATUS	n/a	n/a	D188
367.9120000000	n/a	n/a	STATUS	n/a	n/a	D255
367.9480000000	n/a	n/a	STATUS	n/a	n/a	DI51
368.0000000000	n/a	n/a	STATUS	n/a	n/a	D255
368.3000000000	n/a	n/a	STATUS	n/a	n/a	DI31
368.3480000000	n/a	n/a	STATUS	n/a	n/a	D255
368.6080000000	n/a	n/a	STATUS	n/a	n/a	DIN5
368.6600000000	n/a	n/a	STATUS	n/a	n/a	D255
369.0480000000	n/a	n/a	STATUS	n/a	n/a	D135
369.1000000000	n/a	n/a	STATUS	n/a	n/a	D255
369.1360000000	n/a	n/a	STATUS	n/a	n/a	DI53
369.1880000000	n/a	n/a	STATUS	n/a	n/a	D255
369.4160000000	n/a	n/a	STATUS	n/a	n/a	DI43
369.4680000000	n/a	n/a	STATUS	n/a	n/a	D255
369.7280000000	n/a	n/a	STATUS	n/a	n/a	DIN5
369.7760000000	n/a	n/a	STATUS	n/a	n/a	D255
370.2320000000	n/a	n/a	STATUS	n/a	n/a	D176
370.2840000000	n/a	n/a	STATUS	n/a	n/a	D255
370.3200000000	n/a	n/a	STATUS	n/a	n/a	DI53
370.3680000000	n/a	n/a	STATUS	n/a	n/a	D255
370.6560000000	n/a	n/a	STATUS	n/a	n/a	DI43
370.7040000000	n/a	n/a	STATUS	n/a	n/a	D255
370.9640000000	n/a	n/a	STATUS	n/a	n/a	DIN5
371.0160000000	n/a	n/a	STATUS	n/a	n/a	D255
371.3480000000	n/a	n/a	STATUS	n/a	n/a	D129
371.4000000000	n/a	n/a	STATUS	n/a	n/a	D255
371.4360000000	n/a	n/a	STATUS	n/a	n/a	DI54
371.4840000000	n/a	n/a	STATUS	n/a	n/a	D255
371.6920000000	n/a	n/a	STATUS	n/a	n/a	DI34
371.7440000000	n/a	n/a	STATUS	n/a	n/a	D255
372.0040000000	n/a	n/a	STATUS	n/a	n/a	DIN5
372.0520000000	n/a	n/a	STATUS	n/a	n/a	D255
372.4480000000	n/a	n/a	STATUS	n/a	n/a	DI90
372.4960000000	n/a	n/a	STATUS	n/a	n/a	D255
372.5360000000	n/a	n/a	STATUS	n/a	n/a	DI54
372.5840000000	n/a	n/a	STATUS	n/a	n/a	D255
372.8080000000	n/a	n/a	STATUS	n/a	n/a	DI34
372.8560000000	n/a	n/a	STATUS	n/a	n/a	D255
373.1160000000	n/a	n/a	STATUS	n/a	n/a	DIN5
373.1680000000	n/a	n/a	STATUS	n/a	n/a	D255
373.5160000000	n/a	n/a	STATUS	n/a	n/a	DI91
373.5640000000	n/a	n/a	STATUS	n/a	n/a	D255
373.6040000000	n/a	n/a	STATUS	n/a	n/a	DI51
373.6520000000	n/a	n/a	STATUS	n/a	n/a	D255
373.8560000000	n/a	n/a	STATUS	n/a	n/a	DI21
373.9040000000	n/a	n/a	STATUS	n/a	n/a	D255
373.9080000000	n/a	n/a	STATUS	n/a	n/a	DIN4
373.9600000000	n/a	n/a	STATUS	n/a	n/a	D255
374.7160000000	n/a	n/a	STATUS	n/a	n/a	DIN5
374.7640000000	n/a	n/a	STATUS	n/a	n/a	D255
375.1600000000	n/a	n/a	STATUS	n/a	n/a	D254
375.2080000000	n/a	n/a	STATUS	n/a	n/a	D255
375.2480000000	n/a	n/a	STATUS	n/a	n/a	DI52
375.2960000000	n/a	n/a	STATUS	n/a	n/a	D255
375.7640000000	n/a	n/a	STATUS	n/a	n/a	DI42
375.8120000000	n/a	n/a	STATUS	n/a	n/a	D255
376.0720000000	n/a	n/a	STATUS	n/a	n/a	DIN5
376.1200000000	n/a	n/a	STATUS	n/a	n/a	D255
376.4920000000	n/a	n/a	STATUS	n/a	n/a	D215
376.5400000000	n/a	n/a	STATUS	n/a	n/a	D255
376.5800000000	n/a	n/a	STATUS	n/a	n/a	DI51
376.6280000000	n/a	n/a	STATUS	n/a	n/a	D255
377.0640000000	n/a	n/a	STATUS	n/a	n/a	DI31
377.1120000000	n/a	n/a	STATUS	n/a	n/a	D255
377.3720000000	n/a	n/a	STATUS	n/a	n/a	DIN5
377.4200000000	n/a	n/a	STATUS	n/a	n/a	D255
377.7800000000	n/a	n/a	STATUS	n/a	n/a	DI72
377.8320000000	n/a	n/a	STATUS	n/a	n/a	D255
377.8680000000	n/a	n/a	STATUS	n/a	n/a	DI53
377.9200000000	n/a	n/a	STATUS	n/a	n/a	D255
378.2520000000	n/a	n/a	STATUS	n/a	n/a	DI43
378.3000000000	n/a	n/a	STATUS	n/a	n/a	D255
378.5600000000	n/a	n/a	STATUS	n/a	n/a	DIN5
378.6120000000	n/a	n/a	STATUS	n/a	n/a	D255
378.9760000000	n/a	n/a	STATUS	n/a	n/a	DI76
379.0240000000	n/a	n/a	STATUS	n/a	n/a	D255
379.0640000000	n/a	n/a	STATUS	n/a	n/a	DI51
379.1120000000	n/a	n/a	STATUS	n/a	n/a	D255
379.4680000000	n/a	n/a	STATUS	n/a	n/a	DI31
379.5160000000	n/a	n/a	STATUS	n/a	n/a	D255
379.7760000000	n/a	n/a	STATUS	n/a	n/a	DIN5
379.8280000000	n/a	n/a	STATUS	n/a	n/a	D255
380.3200000000	n/a	n/a	STATUS	n/a	n/a	D225
380.3720000000	n/a	n/a	STATUS	n/a	n/a	D255
380.4080000000	n/a	n/a	STATUS	n/a	n/a	DI53
380.4600000000	n/a	n/a	STATUS	n/a	n/a	D255
380.7320000000	n/a	n/a	STATUS	n/a	n/a	DI43
380.7800000000	n/a	n/a	STATUS	n/a	n/a	D255
381.0400000000	n/a	n/a	STATUS	n/a	n/a	DIN5
381.0920000000	n/a	n/a	STATUS	n/a	n/a	D255
381.5880000000	n/a	n/a	STATUS	n/a	n/a	D207
381.6400000000	n/a	n/a	STATUS	n/a	n/a	D255
381.6760000000	n/a	n/a	STATUS	n/a	n/a	DI54
381.7280000000	n/a	n/a	STATUS	n/a	n/a	D255
381.9800000000	n/a	n/a	STATUS	n/a	n/a	DI34
382.0280000000	n/a	n/a	STATUS	n/a	n/a	D255
382.2880000000	n/a	n/a	STATUS	n/a	n/a	DIN5
382.3400000000	n/a	n/a	STATUS	n/a	n/a	D255
382.6760000000	n/a	n/a	STATUS	n/a	n/a	D240
382.7280000000	n/a	n/a	STATUS	n/a	n/a	D255
382.7640000000	n/a	n/a	STATUS	n/a	n/a	DI53
382.8160000000	n/a	n/a	STATUS	n/a	n/a	D255
383.0840000000	n/a	n/a	STATUS	n/a	n/a	DI43
383.1320000000	n/a	n/a	STATUS	n/a	n/a	D255
383.3920000000	n/a	n/a	STATUS	n/a	n/a	DIN5
383.4400000000	n/a	n/a	STATUS	n/a	n/a	D255
383.8560000000	n/a	n/a	STATUS	n/a	n/a	D198
383.9080000000	n/a	n/a	STATUS	n/a	n/a	D255
383.9440000000	n/a	n/a	STATUS	n/a	n/a	DI51
383.9960000000	n/a	n/a	STATUS	n/a	n/a	D255
384.3360000000	n/a	n/a	STATUS	n/a	n/a	DI31
384.3840000000	n/a	n/a	STATUS	n/a	n/a	D255
384.6440000000	n/a	n/a	STATUS	n/a	n/a	DIN5
384.6920000000	n/a	n/a	STATUS	n/a	n/a	D255
385.0240000000	n/a	n/a	STATUS	n/a	n/a	D252
385.0760000000	n/a	n/a	STATUS	n/a	n/a	D255
385.1120000000	n/a	n/a	STATUS	n/a	n/a	DI52
385.1600000000	n/a	n/a	STATUS	n/a	n/a	D255
385.4000000000	n/a	n/a	STATUS	n/a	n/a	DI12
385.4520000000	n/a	n/a	STATUS	n/a	n/a	D255
385.4560000000	n/a	n/a	STATUS	n/a	n/a	DIN4
385.5040000000	n/a	n/a	STATUS	n/a	n/a	D255
386.2600000000	n/a	n/a	STATUS	n/a	n/a	DIN5
386.3120000000	n/a	n/a	STATUS	n/a	n/a	D255
386.6400000000	n/a	n/a	STATUS	n/a	n/a	D152
386.6880000000	n/a	n/a	STATUS	n/a	n/a	D255
386.7280000000	n/a	n/a	STATUS	n/a	n/a	DI54
386.7760000000	n/a	n/a	STATUS	n/a	n/a	D255
387.1200000000	n/a	n/a	STATUS	n/a	n/a	DI34
387.1680000000	n/a	n/a	STATUS	n/a	n/a	D255
387.4280000000	n/a	n/a	STATUS	n/a	n/a	DIN5
387.4800000000	n/a	n/a	STATUS	n/a	n/a	D255
387.9000000000	n/a	n/a	STATUS	n/a	n/a	D191
387.9480000000	n/a	n/a	STATUS	n/a	n/a	D255
387.9880000000	n/a	n/a	STATUS	n/a	n/a	DI54
388.0360000000	n/a	n/a	STATUS	n/a	n/a	D255
388.2880000000	n/a	n/a	STATUS	n/a	n/a	DI34
388.3400000000	n/a	n/a	STATUS	n/a	n/a	D255
388.5960000000	n/a	n/a	STATUS	n/a	n/a	DIN5
388.6480000000	n/a	n/a	STATUS	n/a	n/a	D255
388.9920000000	n/a	n/a	STATUS	n/a	n/a	D137
389.0440000000	n/a	n/a	STATUS	n/a	n/a	D255
389.0800000000	n/a	n/a	STATUS	n/a	n/a	DI54
389.1320000000	n/a	n/a	STATUS	n/a	n/a	D255
389.3760000000	n/a	n/a	STATUS	n/a	n/a	DI34
389.4240000000	n/a	n/a	STATUS	n/a	n/a	D255
389.6840000000	n/a	n/a	STATUS	n/a	n/a	DIN5
389.7360000000	n/a	n/a	STATUS	n/a	n/a	D255
390.0720000000	n/a	n/a	STATUS	n/a	n/a	D229
390.1240000000	n/a	n/a	STATUS	n/a	n/a	D255
390.1600000000	n/a	n/a	STATUS	n/a	n/a	DI54
390.2120000000	n/a	n/a	STATUS	n/a	n/a	D255
390.5120000000	n/a	n/a	STATUS	n/a	n/a	DI34
390.5600000000	n/a	n/a	STATUS	n/a	n/a	D255
390.8200000000	n/a	n/a	STATUS	n/a	n/a	DIN5
390.8720000000	n/a	n/a	STATUS	n/a	n/a	D255
391.2120000000	n/a	n/a	STATUS	n/a	n/a	D212
391.2600000000	n/a	n/a	STATUS	n/a	n/a	D255
391.2960000000	n/a	n/a	STATUS	n/a	n/a	DI53
391.3480000000	n/a	n/a	STATUS	n/a	n/a	D255
391.5960000000	n/a	n/a	STATUS	n/a	n/a	DI43
391.6440000000	n/a	n/a	STATUS	n/a	n/a	D255
391.9040000000	n/a	n/a	STATUS	n/a	n/a	DIN5
391.9560000000	n/a	n/a	STATUS	n/a	n/a	D255
392.3360000000	n/a	n/a	STATUS	n/a	n/a	D246
392.3840000000	n/a	n/a	STATUS	n/a	n/a	D255
392.4240000000	n/a	n/a	STATUS	n/a	n/a	DI51
392.4720000000	n/a	n/a	STATUS	n/a	n/a	D255
392.8080000000	n/a	n/a	STATUS	n/a	n/a	DI31
392.8560000000	n/a	n/a	STATUS	n/a	n/a	D255
393.1160000000	n/a	n/a	STATUS	n/a	n/a	DIN5
393.1640000000	n/a	n/a	STATUS	n/a	n/a	D255
393.5080000000	n/a	n/a	STATUS	n/a	n/a	D251
393.5600000000	n/a	n/a	STATUS	n/a	n/a	D255
393.5960000000	n/a	n/a	STATUS	n/a	n/a	DI52
393.6480000000	n/a	n/a	STATUS	n/a	n/a	D255
394.0880000000	n/a	n/a	STATUS	n/a	n/a	DI42
394.1360000000	n/a	n/a	STATUS	n/a	n/a	D255
394.3960000000	n/a	n/a	STATUS	n/a	n/a	DIN5
394.4480000000	n/a	n/a	STATUS	n/a	n/a	D255
394.9360000000	n/a	n/a	STATUS	n/a	n/a	D248
394.9880000000	n/a	n/a	STATUS	n/a	n/a	D255
395.0240000000	n/a	n/a	STATUS	n/a	n/a	DI53
395.0760000000	n/a	n/a	STATUS	n/a	n/a	D255
395.3040000000	n/a	n/a	STATUS	n/a	n/a	DI43
395.3520000000	n/a	n/a	STATUS	n/a	n/a	D255
395.6120000000	n/a	n/a	STATUS	n/a	n/a	DIN5
395.6640000000	n/a	n/a	STATUS	n/a	n/a	D255
395.9960000000	n/a	n/a	STATUS	n/a	n/a	DI98
396.0480000000	n/a	n/a	STATUS	n/a	n/a	D255
396.0840000000	n/a	n/a	STATUS	n/a	n/a	DI52
396.1360000000	n/a	n/a	STATUS	n/a	n/a	D255
396.5720000000	n/a	n/a	STATUS	n/a	n/a	DI42
396.6200000000	n/a	n/a	STATUS	n/a	n/a	D255
396.8800000000	n/a	n/a	STATUS	n/a	n/a	DIN5
396.9320000000	n/a	n/a	STATUS	n/a	n/a	D255
397.3040000000	n/a	n/a	STATUS	n/a	n/a	D243
397.3560000000	n/a	n/a	STATUS	n/a	n/a	D255
397.3920000000	n/a	n/a	STATUS	n/a	n/a	DI51
397.4400000000	n/a	n/a	STATUS	n/a	n/a	D255
397.7880000000	n/a	n/a	STATUS	n/a	n/a	DI31
397.8360000000	n/a	n/a	STATUS	n/a	n/a	D255
398.0960000000	n/a	n/a	STATUS	n/a	n/a	DIN5
398.1480000000	n/a	n/a	STATUS	n/a	n/a	D255
398.5280000000	n/a	n/a	STATUS	n/a	n/a	DI86
398.5760000000	n/a	n/a	STATUS	n/a	n/a	D255
398.6160000000	n/a	n/a	STATUS	n/a	n/a	DI54
398.6640000000	n/a	n/a	STATUS	n/a	n/a	D255
399.1040000000	n/a	n/a	STATUS	n/a	n/a	DI34
399.1520000000	n/a	n/a	STATUS	n/a	n/a	D255
399.4120000000	n/a	n/a	STATUS	n/a	n/a	DIN5
399.4600000000	n/a	n/a	STATUS	n/a	n/a	D255
399.9400000000	n/a	n/a	STATUS	n/a	n/a	D233
399.9920000000	n/a	n/a	STATUS	n/a	n/a	D255
400.0280000000	n/a	n/a	STATUS	n/a	n/a	DI52
400.0800000000	n/a	n/a	STATUS	n/a	n/a	D255
400.2960000000	n/a	n/a	STATUS	n/a	n/a	DI12
400.3440000000	n/a	n/a	STATUS	n/a	n/a	D255
400.3520000000	n/a	n/a	STATUS	n/a	n/a	DIN4
400.4000000000	n/a	n/a	STATUS	n/a	n/a	D255
401.1560000000	n/a	n/a	STATUS	n/a	n/a	DIN5
401.2040000000	n/a	n/a	STATUS	n/a	n/a	D255
401.5440000000	n/a	n/a	STATUS	n/a	n/a	D201
401.5960000000	n/a	n/a	STATUS	n/a	n/a	D255
401.6320000000	n/a	n/a	STATUS	n/a	n/a	DI51
401.6840000000	n/a	n/a	STATUS	n/a	n/a	D255
402.0480000000	n/a	n/a	STATUS	n/a	n/a	DI31
402.1000000000	n/a	n/a	STATUS	n/a	n/a	D255
402.3600000000	n/a	n/a	STATUS	n/a	n/a	DIN5
402.4080000000	n/a	n/a	STATUS	n/a	n/a	D255
402.8880000000	n/a	n/a	STATUS	n/a	n/a	D102
402.9360000000	n/a	n/a	STATUS	n/a	n/a	D255
402.9760000000	n/a	n/a	STATUS	n/a	n/a	DI53
403.0240000000	n/a	n/a	STATUS	n/a	n/a	D255
403.3600000000	n/a	n/a	STATUS	n/a	n/a	DI43
403.4120000000	n/a	n/a	STATUS	n/a	n/a	D255
403.6720000000	n/a	n/a	STATUS	n/a	n/a	DIN5
403.7200000000	n/a	n/a	STATUS	n/a	n/a	D255
404.1880000000	n/a	n/a	STATUS	n/a	n/a	D162
404.2400000000	n/a	n/a	STATUS	n/a	n/a	D255
404.2760000000	n/a	n/a	STATUS	n/a	n/a	DI51
404.3280000000	n/a	n/a	STATUS	n/a	n/a	D255
404.6640000000	n/a	n/a	STATUS	n/a	n/a	DI31
404.7120000000	n/a	n/a	STATUS	n/a	n/a	D255
404.9720000000	n/a	n/a	STATUS	n/a	n/a	DIN5
405.0240000000	n/a	n/a	STATUS	n/a	n/a	D255
405.4560000000	n/a	n/a	STATUS	n/a	n/a	D247
405.5080000000	n/a	n/a	STATUS	n/a	n/a	D255
405.5440000000	n/a	n/a	STATUS	n/a	n/a	DI52
405.5960000000	n/a	n/a	STATUS	n/a	n/a	D255
406.0320000000	n/a	n/a	STATUS	n/a	n/a	DI42
406.0840000000	n/a	n/a	STATUS	n/a	n/a	D255
406.3400000000	n/a	n/a	STATUS	n/a	n/a	DIN5
406.3920000000	n/a	n/a	STATUS	n/a	n/a	D255
406.7480000000	n/a	n/a	STATUS	n/a	n/a	D209
406.7960000000	n/a	n/a	STATUS	n/a	n/a	D255
406.8360000000	n/a	n/a	STATUS	n/a	n/a	DI52
406.8840000000	n/a	n/a	STATUS	n/a	n/a	D255
407.3480000000	n/a	n/a	STATUS	n/a	n/a	DI42
407.4000000000	n/a	n/a	STATUS	n/a	n/a	D255
407.6560000000	n/a	n/a	STATUS	n/a	n/a	DIN5
407.7080000000	n/a	n/a	STATUS	n/a	n/a	D255
408.0920000000	n/a	n/a	STATUS	n/a	n/a	D118
408.1440000000	n/a	n/a	STATUS	n/a	n/a	D255
408.1800000000	n/a	n/a	STATUS	n/a	n/a	DI54
408.2320000000	n/a	n/a	STATUS	n/a	n/a	D255
408.5760000000	n/a	n/a	STATUS	n/a	n/a	DI34
408.6240000000	n/a	n/a	STATUS	n/a	n/a	D255
408.8840000000	n/a	n/a	STATUS	n/a	n/a	DIN5
408.9320000000	n/a	n/a	STATUS	n/a	n/a	D255
409.4400000000	n/a	n/a	STATUS	n/a	n/a	DI96
409.4880000000	n/a	n/a	STATUS	n/a	n/a	D255
409.5240000000	n/a	n/a	STATUS	n/a	n/a	DI52
409.5760000000	n/a	n/a	STATUS	n/a	n/a	D255
409.9280000000	n/a	n/a	STATUS	n/a	n/a	DI42
409.9760000000	n/a	n/a	STATUS	n/a	n/a	D255
410.2360000000	n/a	n/a	STATUS	n/a	n/a	DIN5
410.2880000000	n/a	n/a	STATUS	n/a	n/a	D255
410.7520000000	n/a	n/a	STATUS	n/a	n/a	D164
410.8000000000	n/a	n/a	STATUS	n/a	n/a	D255
410.8400000000	n/a	n/a	STATUS	n/a	n/a	DI51
410.8880000000	n/a	n/a	STATUS	n/a	n/a	D255
411.2480000000	n/a	n/a	STATUS	n/a	n/a	DI31
411.2960000000	n/a	n/a	STATUS	n/a	n/a	D255
411.5560000000	n/a	n/a	STATUS	n/a	n/a	DIN5
411.6080000000	n/a	n/a	STATUS	n/a	n/a	D255
412.0400000000	n/a	n/a	STATUS	n/a	n/a	D184
412.0920000000	n/a	n/a	STATUS	n/a	n/a	D255
412.1280000000	n/a	n/a	STATUS	n/a	n/a	DI54
412.1800000000	n/a	n/a	STATUS	n/a	n/a	D255
412.4280000000	n/a	n/a	STATUS	n/a	n/a	DI34
412.4760000000	n/a	n/a	STATUS	n/a	n/a	D255
412.7360000000	n/a	n/a	STATUS	n/a	n/a	DIN5
412.7840000000	n/a	n/a	STATUS	n/a	n/a	D255
413.1360000000	n/a	n/a	STATUS	n/a	n/a	D146
413.1840000000	n/a	n/a	STATUS	n/a	n/a	D255
413.2240000000	n/a	n/a	STATUS	n/a	n/a	DI51
413.2720000000	n/a	n/a	STATUS	n/a	n/a	D255
413.6280000000	n/a	n/a	STATUS	n/a	n/a	DI31
413.6760000000	n/a	n/a	STATUS	n/a	n/a	D255
413.9360000000	n/a	n/a	STATUS	n/a	n/a	DIN5
413.9840000000	n/a	n/a	STATUS	n/a	n/a	D255
414.4720000000	n/a	n/a	STATUS	n/a	n/a	D127
414.5200000000	n/a	n/a	STATUS	n/a	n/a	D255
414.5560000000	n/a	n/a	STATUS	n/a	n/a	DI52
414.6080000000	n/a	n/a	STATUS	n/a	n/a	D255
415.0640000000	n/a	n/a	STATUS	n/a	n/a	DI42
415.1120000000	n/a	n/a	STATUS	n/a	n/a	D255
415.3720000000	n/a	n/a	STATUS	n/a	n/a	DIN5
415.4200000000	n/a	n/a	STATUS	n/a	n/a	D255
415.7720000000	n/a	n/a	STATUS	n/a	n/a	D185
415.8200000000	n/a	n/a	STATUS	n/a	n/a	D255
415.8600000000	n/a	n/a	STATUS	n/a	n/a	DI53
415.9080000000	n/a	n/a	STATUS	n/a	n/a	D255
416.2320000000	n/a	n/a	STATUS	n/a	n/a	DI43
416.2840000000	n/a	n/a	STATUS	n/a	n/a	D255
416.5440000000	n/a	n/a	STATUS	n/a	n/a	DIN5
416.5920000000	n/a	n/a	STATUS	n/a	n/a	D255
416.9960000000	n/a	n/a	STATUS	n/a	n/a	D182
417.0480000000	n/a	n/a	STATUS	n/a	n/a	D255
417.0840000000	n/a	n/a	STATUS	n/a	n/a	DI52
417.1360000000	n/a	n/a	STATUS	n/a	n/a	D255
417.5000000000	n/a	n/a	STATUS	n/a	n/a	DI42
417.5520000000	n/a	n/a	STATUS	n/a	n/a	D255
417.8120000000	n/a	n/a	STATUS	n/a	n/a	DIN5
417.8600000000	n/a	n/a	STATUS	n/a	n/a	D255
418.2120000000	n/a	n/a	STATUS	n/a	n/a	DI94
418.2600000000	n/a	n/a	STATUS	n/a	n/a	D255
418.3000000000	n/a	n/a	STATUS	n/a	n/a	DI54
418.3480000000	n/a	n/a	STATUS	n/a	n/a	D255
418.6640000000	n/a	n/a	STATUS	n/a	n/a	DI34
418.7160000000	n/a	n/a	STATUS	n/a	n/a	D255
418.9760000000	n/a	n/a	STATUS	n/a	n/a	DIN5
419.0280000000	n/a	n/a	STATUS	n/a	n/a	D255
419.3520000000	n/a	n/a	STATUS	n/a	n/a	D192
419.4000000000	n/a	n/a	STATUS	n/a	n/a	D255
419.4400000000	n/a	n/a	STATUS	n/a	n/a	DI52
419.4880000000	n/a	n/a	STATUS	n/a	n/a	D255
419.8320000000	n/a	n/a	STATUS	n/a	n/a	DI42
419.8840000000	n/a	n/a	STATUS	n/a	n/a	D255
420.1440000000	n/a	n/a	STATUS	n/a	n/a	DIN5
420.1920000000	n/a	n/a	STATUS	n/a	n/a	D255
420.6840000000	n/a	n/a	STATUS	n/a	n/a	DI69
420.7320000000	n/a	n/a	STATUS	n/a	n/a	D255
420.7720000000	n/a	n/a	STATUS	n/a	n/a	DI52
420.8200000000	n/a	n/a	STATUS	n/a	n/a	D255
421.1680000000	n/a	n/a	STATUS	n/a	n/a	DI42
421.2200000000	n/a	n/a	STATUS	n/a	n/a	D255
421.4800000000	n/a	n/a	STATUS	n/a	n/a	DIN5
421.5280000000	n/a	n/a	STATUS	n/a	n/a	D255
421.9280000000	n/a	n/a	STATUS	n/a	n/a	DI65
421.9800000000	n/a	n/a	STATUS	n/a	n/a	D255
422.0160000000	n/a	n/a	STATUS	n/a	n/a	DI54
422.0640000000	n/a	n/a	STATUS	n/a	n/a	D255
422.4040000000	n/a	n/a	STATUS	n/a	n/a	DI34
422.4560000000	n/a	n/a	STATUS	n/a	n/a	D255
422.7120000000	n/a	n/a	STATUS	n/a	n/a	DIN5
422.7640000000	n/a	n/a	STATUS	n/a	n/a	D255
423.2600000000	n/a	n/a	STATUS	n/a	n/a	D125
423.3080000000	n/a	n/a	STATUS	n/a	n/a	D255
423.3440000000	n/a	n/a	STATUS	n/a	n/a	DI53
423.3960000000	n/a	n/a	STATUS	n/a	n/a	D255
423.6080000000	n/a	n/a	STATUS	n/a	n/a	DI43
423.6560000000	n/a	n/a	STATUS	n/a	n/a	D255
423.9160000000	n/a	n/a	STATUS	n/a	n/a	DIN5
423.9680000000	n/a	n/a	STATUS	n/a	n/a	D255
424.4640000000	n/a	n/a	STATUS	n/a	n/a	D147
424.5160000000	n/a	n/a	STATUS	n/a	n/a	D255
424.5520000000	n/a	n/a	STATUS	n/a	n/a	DI52
424.6040000000	n/a	n/a	STATUS	n/a	n/a	D255
425.0400000000	n/a	n/a	STATUS	n/a	n/a	DI42
425.0920000000	n/a	n/a	STATUS	n/a	n/a	D255
425.0920000000	n/a	n/a	STATUS	n/a	n/a	D235
425.3520000000	n/a	n/a	STATUS	n/a	n/a	DIN5
425.4000000000	n/a	n/a	STATUS	n/a	n/a	D255
425.7200000000	n/a	n/a	STATUS	n/a	n/a	DI84
425.7720000000	n/a	n/a	STATUS	n/a	n/a	D255
425.8080000000	n/a	n/a	STATUS	n/a	n/a	DI54
425.8600000000	n/a	n/a	STATUS	n/a	n/a	D255
426.3240000000	n/a	n/a	STATUS	n/a	n/a	DI34
426.3760000000	n/a	n/a	STATUS	n/a	n/a	D255
426.6320000000	n/a	n/a	STATUS	n/a	n/a	DIN5
426.6840000000	n/a	n/a	STATUS	n/a	n/a	D255
427.0120000000	n/a	n/a	STATUS	n/a	n/a	D238
427.0640000000	n/a	n/a	STATUS	n/a	n/a	D255
427.1000000000	n/a	n/a	STATUS	n/a	n/a	DI53
427.1520000000	n/a	n/a	STATUS	n/a	n/a	D255
427.5000000000	n/a	n/a	STATUS	n/a	n/a	DI43
427.5480000000	n/a	n/a	STATUS	n/a	n/a	D255
427.8080000000	n/a	n/a	STATUS	n/a	n/a	DIN5
427.8600000000	n/a	n/a	STATUS	n/a	n/a	D255
428.3480000000	n/a	n/a	STATUS	n/a	n/a	D163
428.4000000000	n/a	n/a	STATUS	n/a	n/a	D255
428.4360000000	n/a	n/a	STATUS	n/a	n/a	DI54
428.4840000000	n/a	n/a	STATUS	n/a	n/a	D255
428.8240000000	n/a	n/a	STATUS	n/a	n/a	DI34
428.8720000000	n/a	n/a	STATUS	n/a	n/a	D255
429.1320000000	n/a	n/a	STATUS	n/a	n/a	DIN5
429.1800000000	n/a	n/a	STATUS	n/a	n/a	D255
429.6640000000	n/a	n/a	STATUS	n/a	n/a	D158
429.7160000000	n/a	n/a	STATUS	n/a	n/a	D255
429.7520000000	n/a	n/a	STATUS	n/a	n/a	DI53
429.8040000000	n/a	n/a	STATUS	n/a	n/a	D255
430.0080000000	n/a	n/a	STATUS	n/a	n/a	DI43
430.0560000000	n/a	n/a	STATUS	n/a	n/a	D255
430.3160000000	n/a	n/a	STATUS	n/a	n/a	DIN5
430.3640000000	n/a	n/a	STATUS	n/a	n/a	D255
430.7000000000	n/a	n/a	STATUS	n/a	n/a	D220
430.7520000000	n/a	n/a	STATUS	n/a	n/a	D255
430.7880000000	n/a	n/a	STATUS	n/a	n/a	DI54
430.8400000000	n/a	n/a	STATUS	n/a	n/a	D255
431.1200000000	n/a	n/a	STATUS	n/a	n/a	DI34
431.1720000000	n/a	n/a	STATUS	n/a	n/a	D255
431.4280000000	n/a	n/a	STATUS	n/a	n/a	DIN5
431.4800000000	n/a	n/a	STATUS	n/a	n/a	D255
431.8560000000	n/a	n/a	STATUS	n/a	n/a	D227
431.9040000000	n/a	n/a	STATUS	n/a	n/a	D255
431.9400000000	n/a	n/a	STATUS	n/a	n/a	DI54
431.9920000000	n/a	n/a	STATUS	n/a	n/a	D255
432.2480000000	n/a	n/a	STATUS	n/a	n/a	DI34
432.2960000000	n/a	n/a	STATUS	n/a	n/a	D255
432.5560000000	n/a	n/a	STATUS	n/a	n/a	DIN5
432.6080000000	n/a	n/a	STATUS	n/a	n/a	D255
433.0760000000	n/a	n/a	STATUS	n/a	n/a	D213
433.1280000000	n/a	n/a	STATUS	n/a	n/a	D255
433.1640000000	n/a	n/a	STATUS	n/a	n/a	DI53
433.2120000000	n/a	n/a	STATUS	n/a	n/a	D255
433.4680000000	n/a	n/a	STATUS	n/a	n/a	DI43
433.5160000000	n/a	n/a	STATUS	n/a	n/a	D255
433.7760000000	n/a	n/a	STATUS	n/a	n/a	DIN5
433.8280000000	n/a	n/a	STATUS	n/a	n/a	D255
434.2160000000	n/a	n/a	STATUS	n/a	n/a	D183
434.2680000000	n/a	n/a	STATUS	n/a	n/a	D255
434.3040000000	n/a	n/a	STATUS	n/a	n/a	DI53
434.3560000000	n/a	n/a	STATUS	n/a	n/a	D255
434.6360000000	n/a	n/a	STATUS	n/a	n/a	DI43
434.6840000000	n/a	n/a	STATUS	n/a	n/a	D255
434.9440000000	n/a	n/a	STATUS	n/a	n/a	DIN5
434.9920000000	n/a	n/a	STATUS	n/a	n/a	D255
435.4520000000	n/a	n/a	STATUS	n/a	n/a	D116
435.5040000000	n/a	n/a	STATUS	n/a	n/a	D255
435.5400000000	n/a	n/a	STATUS	n/a	n/a	DI53
435.5920000000	n/a	n/a	STATUS	n/a	n/a	D255
435.8440000000	n/a	n/a	STATUS	n/a	n/a	DI43
435.8920000000	n/a	n/a	STATUS	n/a	n/a	D255
436.1520000000	n/a	n/a	STATUS	n/a	n/a	DIN5
436.2000000000	n/a	n/a	STATUS	n/a	n/a	D255
436.5720000000	n/a	n/a	STATUS	n/a	n/a	D226
436.6200000000	n/a	n/a	STATUS	n/a	n/a	D255
436.6600000000	n/a	n/a	STATUS	n/a	n/a	DI52
436.7080000000	n/a	n/a	STATUS	n/a	n/a	D255
437.1720000000	n/a	n/a	STATUS	n/a	n/a	DI42
437.2200000000	n/a	n/a	STATUS	n/a	n/a	D255
437.4800000000	n/a	n/a	STATUS	n/a	n/a	DIN5
437.5280000000	n/a	n/a	STATUS	n/a	n/a	D255
437.8720000000	n/a	n/a	STATUS	n/a	n/a	DI99
437.9240000000	n/a	n/a	STATUS	n/a	n/a	D255
437.9600000000	n/a	n/a	STATUS	n/a	n/a	DI54
438.0120000000	n/a	n/a	STATUS	n/a	n/a	D255
438.4520000000	n/a	n/a	STATUS	n/a	n/a	DI34
438.5040000000	n/a	n/a	STATUS	n/a	n/a	D255
438.7600000000	n/a	n/a	STATUS	n/a	n/a	DIN5
438.8120000000	n/a	n/a	STATUS	n/a	n/a	D255
439.1360000000	n/a	n/a	STATUS	n/a	n/a	D249
439.1880000000	n/a	n/a	STATUS	n/a	n/a	D255
439.2240000000	n/a	n/a	STATUS	n/a	n/a	DI54
439.2760000000	n/a	n/a	STATUS	n/a	n/a	D255
439.7360000000	n/a	n/a	STATUS	n/a	n/a	DI34
439.7880000000	n/a	n/a	STATUS	n/a	n/a	D255
440.0440000000	n/a	n/a	STATUS	n/a	n/a	DIN5
440.0960000000	n/a	n/a	STATUS	n/a	n/a	D255
440.5240000000	n/a	n/a	STATUS	n/a	n/a	D132
440.5760000000	n/a	n/a	STATUS	n/a	n/a	D255
440.6120000000	n/a	n/a	STATUS	n/a	n/a	DI52
440.6600000000	n/a	n/a	STATUS	n/a	n/a	D255
440.9920000000	n/a	n/a	STATUS	n/a	n/a	DI42
441.0400000000	n/a	n/a	STATUS	n/a	n/a	D255
441.3000000000	n/a	n/a	STATUS	n/a	n/a	DIN5
441.3480000000	n/a	n/a	STATUS	n/a	n/a	D255
441.7680000000	n/a	n/a	STATUS	n/a	n/a	D223
441.8200000000	n/a	n/a	STATUS	n/a	n/a	D255
441.8560000000	n/a	n/a	STATUS	n/a	n/a	DI51
441.9080000000	n/a	n/a	STATUS	n/a	n/a	D255
442.2640000000	n/a	n/a	STATUS	n/a	n/a	DI31
442.3160000000	n/a	n/a	STATUS	n/a	n/a	D255
442.5720000000	n/a	n/a	STATUS	n/a	n/a	DIN5
442.6240000000	n/a	n/a	STATUS	n/a	n/a	D255
442.9840000000	n/a	n/a	STATUS	n/a	n/a	D187
443.0320000000	n/a	n/a	STATUS	n/a	n/a	D255
443.0720000000	n/a	n/a	STATUS	n/a	n/a	DI51
443.1200000000	n/a	n/a	STATUS	n/a	n/a	D255
443.4440000000	n/a	n/a	STATUS	n/a	n/a	DI31
443.4960000000	n/a	n/a	STATUS	n/a	n/a	D255
443.7560000000	n/a	n/a	STATUS	n/a	n/a	DIN5
443.8040000000	n/a	n/a	STATUS	n/a	n/a	D255
444.1840000000	n/a	n/a	STATUS	n/a	n/a	D190
444.2360000000	n/a	n/a	STATUS	n/a	n/a	D255
444.2720000000	n/a	n/a	STATUS	n/a	n/a	DI53
444.3240000000	n/a	n/a	STATUS	n/a	n/a	D255
444.6600000000	n/a	n/a	STATUS	n/a	n/a	DI43
444.7120000000	n/a	n/a	STATUS	n/a	n/a	D255
444.9680000000	n/a	n/a	STATUS	n/a	n/a	DIN5
445.0200000000	n/a	n/a	STATUS	n/a	n/a	D255
445.4240000000	n/a	n/a	STATUS	n/a	n/a	D117
445.4760000000	n/a	n/a	STATUS	n/a	n/a	D255
445.5120000000	n/a	n/a	STATUS	n/a	n/a	DI53
445.5600000000	n/a	n/a	STATUS	n/a	n/a	D255
445.8400000000	n/a	n/a	STATUS	n/a	n/a	DI43
445.8880000000	n/a	n/a	STATUS	n/a	n/a	D255
446.1480000000	n/a	n/a	STATUS	n/a	n/a	DIN5
446.1960000000	n/a	n/a	STATUS	n/a	n/a	D255
446.5160000000	n/a	n/a	STATUS	n/a	n/a	D106
446.5680000000	n/a	n/a	STATUS	n/a	n/a	D255
446.6040000000	n/a	n/a	STATUS	n/a	n/a	DI54
446.6560000000	n/a	n/a	STATUS	n/a	n/a	D255
447.0120000000	n/a	n/a	STATUS	n/a	n/a	DI34
447.0640000000	n/a	n/a	STATUS	n/a	n/a	D255
447.3240000000	n/a	n/a	STATUS	n/a	n/a	DIN5
447.3720000000	n/a	n/a	STATUS	n/a	n/a	D255
447.8760000000	n/a	n/a	STATUS	n/a	n/a	D239
447.9280000000	n/a	n/a	STATUS	n/a	n/a	D255
447.9640000000	n/a	n/a	STATUS	n/a	n/a	DI54
448.0160000000	n/a	n/a	STATUS	n/a	n/a	D255
448.2680000000	n/a	n/a	STATUS	n/a	n/a	DI34
448.3160000000	n/a	n/a	STATUS	n/a	n/a	D255
448.5760000000	n/a	n/a	STATUS	n/a	n/a	DIN5
448.6280000000	n/a	n/a	STATUS	n/a	n/a	D255
449.0920000000	n/a	n/a	STATUS	n/a	n/a	DI77
449.1400000000	n/a	n/a	STATUS	n/a	n/a	D255
449.1800000000	n/a	n/a	STATUS	n/a	n/a	DI51
449.2280000000	n/a	n/a	STATUS	n/a	n/a	D255
449.6000000000	n/a	n/a	STATUS	n/a	n/a	DI31
449.6520000000	n/a	n/a	STATUS	n/a	n/a	D255
449.9080000000	n/a	n/a	STATUS	n/a	n/a	DIN5
449.9600000000	n/a	n/a	STATUS	n/a	n/a	D255
450.3280000000	n/a	n/a	STATUS	n/a	n/a	D120
450.3800000000	n/a	n/a	STATUS	n/a	n/a	D255
450.4160000000	n/a	n/a	STATUS	n/a	n/a	DI54
450.4680000000	n/a	n/a	STATUS	n/a	n/a	D255
450.7120000000	n/a	n/a	STATUS	n/a	n/a	DI34
450.7640000000	n/a	n/a	STATUS	n/a	n/a	D255
451.0200000000	n/a	n/a	STATUS	n/a	n/a	DIN5
451.0720000000	n/a	n/a	STATUS	n/a	n/a	D255
451.4400000000	n/a	n/a	STATUS	n/a	n/a	D150
451.4920000000	n/a	n/a	STATUS	n/a	n/a	D255
451.5280000000	n/a	n/a	STATUS	n/a	n/a	DI52
451.5800000000	n/a	n/a	STATUS	n/a	n/a	D255
451.9200000000	n/a	n/a	STATUS	n/a	n/a	DI42
451.9720000000	n/a	n/a	STATUS	n/a	n/a	D255
452.2280000000	n/a	n/a	STATUS	n/a	n/a	DIN5
452.2800000000	n/a	n/a	STATUS	n/a	n/a	D255
452.6560000000	n/a	n/a	STATUS	n/a	n/a	DI87
452.7040000000	n/a	n/a	STATUS	n/a	n/a	D255
452.7440000000	n/a	n/a	STATUS	n/a	n/a	DI53
452.7920000000	n/a	n/a	STATUS	n/a	n/a	D255
453.0840000000	n/a	n/a	STATUS	n/a	n/a	DI43
453.1320000000	n/a	n/a	STATUS	n/a	n/a	D255
453.3920000000	n/a	n/a	STATUS	n/a	n/a	DIN5
453.4400000000	n/a	n/a	STATUS	n/a	n/a	D255
453.8160000000	n/a	n/a	STATUS	n/a	n/a	D165
453.8680000000	n/a	n/a	STATUS	n/a	n/a	D255
453.9040000000	n/a	n/a	STATUS	n/a	n/a	DI53
453.9520000000	n/a	n/a	STATUS	n/a	n/a	D255
454.2440000000	n/a	n/a	STATUS	n/a	n/a	DI43
454.2960000000	n/a	n/a	STATUS	n/a	n/a	D255
454.5520000000	n/a	n/a	STATUS	n/a	n/a	DIN5
454.6040000000	n/a	n/a	STATUS	n/a	n/a	D255
454.9280000000	n/a	n/a	STATUS	n/a	n/a	D219
454.9800000000	n/a	n/a	STATUS	n/a	n/a	D255
455.0160000000	n/a	n/a	STATUS	n/a	n/a	DI51
455.0640000000	n/a	n/a	STATUS	n/a	n/a	D255
455.4240000000	n/a	n/a	STATUS	n/a	n/a	DI31
455.4760000000	n/a	n/a	STATUS	n/a	n/a	D255
455.7360000000	n/a	n/a	STATUS	n/a	n/a	DIN5
455.7840000000	n/a	n/a	STATUS	n/a	n/a	D255
456.1800000000	n/a	n/a	STATUS	n/a	n/a	D156
456.2280000000	n/a	n/a	STATUS	n/a	n/a	D255
456.2680000000	n/a	n/a	STATUS	n/a	n/a	DI51
456.3160000000	n/a	n/a	STATUS	n/a	n/a	D255
456.6720000000	n/a	n/a	STATUS	n/a	n/a	DI31
456.7240000000	n/a	n/a	STATUS	n/a	n/a	D255
456.9840000000	n/a	n/a	STATUS	n/a	n/a	DIN5
457.0320000000	n/a	n/a	STATUS	n/a	n/a	D255
457.5160000000	n/a	n/a	STATUS	n/a	n/a	DI71
457.5680000000	n/a	n/a	STATUS	n/a	n/a	D255
457.6040000000	n/a	n/a	STATUS	n/a	n/a	DI52
457.6560000000	n/a	n/a	STATUS	n/a	n/a	D255
457.9960000000	n/a	n/a	STATUS	n/a	n/a	DI42
458.0440000000	n/a	n/a	STATUS	n/a	n/a	D255
458.3040000000	n/a	n/a	STATUS	n/a	n/a	DIN5
458.3560000000	n/a	n/a	STATUS	n/a	n/a	D255
458.8520000000	n/a	n/a	STATUS	n/a	n/a	D224
458.9040000000	n/a	n/a	STATUS	n/a	n/a	D255
458.9400000000	n/a	n/a	STATUS	n/a	n/a	DI51
458.9920000000	n/a	n/a	STATUS	n/a	n/a	D255
459.3400000000	n/a	n/a	STATUS	n/a	n/a	DI31
459.3920000000	n/a	n/a	STATUS	n/a	n/a	D255
459.6520000000	n/a	n/a	STATUS	n/a	n/a	DIN5
459.7000000000	n/a	n/a	STATUS	n/a	n/a	D255
460.1320000000	n/a	n/a	STATUS	n/a	n/a	D123
460.1800000000	n/a	n/a	STATUS	n/a	n/a	D255
460.2160000000	n/a	n/a	STATUS	n/a	n/a	DI53
460.2680000000	n/a	n/a	STATUS	n/a	n/a	D255
460.5840000000	n/a	n/a	STATUS	n/a	n/a	DI43
460.6320000000	n/a	n/a	STATUS	n/a	n/a	D255
460.8920000000	n/a	n/a	STATUS	n/a	n/a	DIN5
460.9400000000	n/a	n/a	STATUS	n/a	n/a	D255
461.3920000000	n/a	n/a	STATUS	n/a	n/a	D101
461.4400000000	n/a	n/a	STATUS	n/a	n/a	D255
461.4800000000	n/a	n/a	STATUS	n/a	n/a	DI52
461.5280000000	n/a	n/a	STATUS	n/a	n/a	D255
461.8720000000	n/a	n/a	STATUS	n/a	n/a	DI42
461.9200000000	n/a	n/a	STATUS	n/a	n/a	D255
462.1800000000	n/a	n/a	STATUS	n/a	n/a	DIN5
462.2280000000	n/a	n/a	STATUS	n/a	n/a	D255
462.5600000000	n/a	n/a	STATUS	n/a	n/a	D145
462.6080000000	n/a	n/a	STATUS	n/a	n/a	D255
462.6480000000	n/a	n/a	STATUS	n/a	n/a	DI54
462.7000000000	n/a	n/a	STATUS	n/a	n/a	D255
463.0120000000	n/a	n/a	STATUS	n/a	n/a	DI34
463.0600000000	n/a	n/a	STATUS	n/a	n/a	D255
463.3200000000	n/a	n/a	STATUS	n/a	n/a	DIN5
463.3720000000	n/a	n/a	STATUS	n/a	n/a	D255
463.6960000000	n/a	n/a	STATUS	n/a	n/a	D170
463.7440000000	n/a	n/a	STATUS	n/a	n/a	D255
463.7840000000	n/a	n/a	STATUS	n/a	n/a	DI52
463.8320000000	n/a	n/a	STATUS	n/a	n/a	D255
464.2080000000	n/a	n/a	STATUS	n/a	n/a	DI42
464.2600000000	n/a	n/a	STATUS	n/a	n/a	D255
464.5160000000	n/a	n/a	STATUS	n/a	n/a	DIN5
464.5680000000	n/a	n/a	STATUS	n/a	n/a	D255
465.0320000000	n/a	n/a	STATUS	n/a	n/a	D122
465.0840000000	n/a	n/a	STATUS	n/a	n/a	D255
465.1200000000	n/a	n/a	STATUS	n/a	n/a	DI53
465.1680000000	n/a	n/a	STATUS	n/a	n/a	D255
465.4360000000	n/a	n/a	STATUS	n/a	n/a	DI43
465.4880000000	n/a	n/a	STATUS	n/a	n/a	D255
465.7480000000	n/a	n/a	STATUS	n/a	n/a	DIN5
465.7960000000	n/a	n/a	STATUS	n/a	n/a	D255
466.2440000000	n/a	n/a	STATUS	n/a	n/a	D173
466.2920000000	n/a	n/a	STATUS	n/a	n/a	D255
466.3320000000	n/a	n/a	STATUS	n/a	n/a	DI51
466.3800000000	n/a	n/a	STATUS	n/a	n/a	D255
466.7240000000	n/a	n/a	STATUS	n/a	n/a	DI31
466.7760000000	n/a	n/a	STATUS	n/a	n/a	D255
467.0320000000	n/a	n/a	STATUS	n/a	n/a	DIN5
467.0840000000	n/a	n/a	STATUS	n/a	n/a	D255
467.5040000000	n/a	n/a	STATUS	n/a	n/a	D196
467.5520000000	n/a	n/a	STATUS	n/a	n/a	D255
467.5920000000	n/a	n/a	STATUS	n/a	n/a	DI52
467.6440000000	n/a	n/a	STATUS	n/a	n/a	D255
467.9640000000	n/a	n/a	STATUS	n/a	n/a	DI42
468.0160000000	n/a	n/a	STATUS	n/a	n/a	D255
468.2760000000	n/a	n/a	STATUS	n/a	n/a	DIN5
468.3240000000	n/a	n/a	STATUS	n/a	n/a	D255
468.7920000000	n/a	n/a	STATUS	n/a	n/a	D100
468.8400000000	n/a	n/a	STATUS	n/a	n/a	D255
468.8760000000	n/a	n/a	STATUS	n/a	n/a	DI51
468.9280000000	n/a	n/a	STATUS	n/a	n/a	D255
469.2680000000	n/a	n/a	STATUS	n/a	n/a	DI31
469.3160000000	n/a	n/a	STATUS	n/a	n/a	D255
469.5760000000	n/a	n/a	STATUS	n/a	n/a	DIN5
469.6280000000	n/a	n/a	STATUS	n/a	n/a	D255
470.0920000000	n/a	n/a	STATUS	n/a	n/a	D128
470.1440000000	n/a	n/a	STATUS	n/a	n/a	D255
470.1800000000	n/a	n/a	STATUS	n/a	n/a	DI52
470.2280000000	n/a	n/a	STATUS	n/a	n/a	D255
470.5160000000	n/a	n/a	STATUS	n/a	n/a	DI42
470.5680000000	n/a	n/a	STATUS	n/a	n/a	D255
470.8280000000	n/a	n/a	STATUS	n/a	n/a	DIN5
470.8760000000	n/a	n/a	STATUS	n/a	n/a	D255
471.2120000000	n/a	n/a	STATUS	n/a	n/a	DI73
471.2600000000	n/a	n/a	STATUS	n/a	n/a	D255
471.3000000000	n/a	n/a	STATUS	n/a	n/a	DI53
471.3480000000	n/a	n/a	STATUS	n/a	n/a	D255
471.6560000000	n/a	n/a	STATUS	n/a	n/a	DI43
471.7040000000	n/a	n/a	STATUS	n/a	n/a	D255
471.9640000000	n/a	n/a	STATUS	n/a	n/a	DIN5
472.0160000000	n/a	n/a	STATUS	n/a	n/a	D255
472.4200000000	n/a	n/a	STATUS	n/a	n/a	D108
472.4680000000	n/a	n/a	STATUS	n/a	n/a	D255
472.5080000000	n/a	n/a	STATUS	n/a	n/a	DI51
472.5560000000	n/a	n/a	STATUS	n/a	n/a	D255
472.8800000000	n/a	n/a	STATUS	n/a	n/a	DI31
472.9320000000	n/a	n/a	STATUS	n/a	n/a	D255
473.1920000000	n/a	n/a	STATUS	n/a	n/a	DIN5
473.2400000000	n/a	n/a	STATUS	n/a	n/a	D255
473.6040000000	n/a	n/a	STATUS	n/a	n/a	D159
473.6560000000	n/a	n/a	STATUS	n/a	n/a	D255
473.6920000000	n/a	n/a	STATUS	n/a	n/a	DI52
473.7440000000	n/a	n/a	STATUS	n/a	n/a	D255
474.1440000000	n/a	n/a	STATUS	n/a	n/a	DI42
474.1920000000	n/a	n/a	STATUS	n/a	n/a	D255
474.4520000000	n/a	n/a	STATUS	n/a	n/a	DIN5
474.5040000000	n/a	n/a	STATUS	n/a	n/a	D255
474.8880000000	n/a	n/a	STATUS	n/a	n/a	D230
474.9360000000	n/a	n/a	STATUS	n/a	n/a	D255
474.9760000000	n/a	n/a	STATUS	n/a	n/a	DI53
475.0240000000	n/a	n/a	STATUS	n/a	n/a	D255
475.3320000000	n/a	n/a	STATUS	n/a	n/a	DI43
475.3800000000	n/a	n/a	STATUS	n/a	n/a	D255
475.6400000000	n/a	n/a	STATUS	n/a	n/a	DIN5
475.6920000000	n/a	n/a	STATUS	n/a	n/a	D255
476.0560000000	n/a	n/a	STATUS	n/a	n/a	DI74
476.1040000000	n/a	n/a	STATUS	n/a	n/a	D255
476.1440000000	n/a	n/a	STATUS	n/a	n/a	DI53
476.1920000000	n/a	n/a	STATUS	n/a	n/a	D255
476.4880000000	n/a	n/a	STATUS	n/a	n/a	DI43
476.5400000000	n/a	n/a	STATUS	n/a	n/a	D255
476.7960000000	n/a	n/a	STATUS	n/a	n/a	DIN5
476.8480000000	n/a	n/a	STATUS	n/a	n/a	D255
477.3120000000	n/a	n/a	STATUS	n/a	n/a	D204
477.3640000000	n/a	n/a	STATUS	n/a	n/a	D255
477.4000000000	n/a	n/a	STATUS	n/a	n/a	DI51
477.4520000000	n/a	n/a	STATUS	n/a	n/a	D255
477.8080000000	n/a	n/a	STATUS	n/a	n/a	DI31
477.8560000000	n/a	n/a	STATUS	n/a	n/a	D255
478.1160000000	n/a	n/a	STATUS	n/a	n/a	DIN5
478.1640000000	n/a	n/a	STATUS	n/a	n/a	D255
478.5240000000	n/a	n/a	STATUS	n/a	n/a	D232
478.5760000000	n/a	n/a	STATUS	n/a	n/a	D255
478.6120000000	n/a	n/a	STATUS	n/a	n/a	DI52
478.6640000000	n/a	n/a	STATUS	n/a	n/a	D255
479.0040000000	n/a	n/a	STATUS	n/a	n/a	DI42
479.0560000000	n/a	n/a	STATUS	n/a	n/a	D255
479.3120000000	n/a	n/a	STATUS	n/a	n/a	DIN5
479.3640000000	n/a	n/a	STATUS	n/a	n/a	D255
479.8440000000	n/a	n/a	STATUS	n/a	n/a	D142
479.8920000000	n/a	n/a	STATUS	n/a	n/a	D255
479.9280000000	n/a	n/a	STATUS	n/a	n/a	DI54
479.9800000000	n/a	n/a	STATUS	n/a	n/a	D255
480.2080000000	n/a	n/a	STATUS	n/a	n/a	DI34
480.2600000000	n/a	n/a	STATUS	n/a	n/a	D255
480.5160000000	n/a	n/a	STATUS	n/a	n/a	DIN5
480.5680000000	n/a	n/a	STATUS	n/a	n/a	D255
480.9280000000	n/a	n/a	STATUS	n/a	n/a	D119
480.9760000000	n/a	n/a	STATUS	n/a	n/a	D255
481.0160000000	n/a	n/a	STATUS	n/a	n/a	DI53
481.0640000000	n/a	n/a	STATUS	n/a	n/a	D255
481.3320000000	n/a	n/a	STATUS	n/a	n/a	DI43
481.3840000000	n/a	n/a	STATUS	n/a	n/a	D255
481.6440000000	n/a	n/a	STATUS	n/a	n/a	DIN5
481.6920000000	n/a	n/a	STATUS	n/a	n/a	D255
482.0280000000	n/a	n/a	STATUS	n/a	n/a	D126
482.0760000000	n/a	n/a	STATUS	n/a	n/a	D255
482.1160000000	n/a	n/a	STATUS	n/a	n/a	DI52
482.1640000000	n/a	n/a	STATUS	n/a	n/a	D255
482.6040000000	n/a	n/a	STATUS	n/a	n/a	DI42
482.6520000000	n/a	n/a	STATUS	n/a	n/a	D255
495.4880000000	n/a	n/a	STATUS	n/a	n/a	DIN5
495.5400000000	n/a	n/a	STATUS	n/a	n/a	D255
495.9440000000	n/a	n/a	STATUS	n/a	n/a	DI75
495.9920000000	n/a	n/a	STATUS	n/a	n/a	D255
496.0320000000	n/a	n/a	STATUS	n/a	n/a	DI54
496.0840000000	n/a	n/a	STATUS	n/a	n/a	D255
496.4200000000	n/a	n/a	STATUS	n/a	n/a	DI34
496.4720000000	n/a	n/a	STATUS	n/a	n/a	D255
496.7280000000	n/a	n/a	STATUS	n/a	n/a	DIN5
496.7800000000	n/a	n/a	STATUS	n/a	n/a	D255
497.2360000000	n/a	n/a	STATUS	n/a	n/a	D242
497.2840000000	n/a	n/a	STATUS	n/a	n/a	D255
497.3240000000	n/a	n/a	STATUS	n/a	n/a	DI53
497.3720000000	n/a	n/a	STATUS	n/a	n/a	D255
497.5440000000	n/a	n/a	STATUS	n/a	n/a	DI43
497.5960000000	n/a	n/a	STATUS	n/a	n/a	D255
497.8560000000	n/a	n/a	STATUS	n/a	n/a	DIN5
497.9040000000	n/a	n/a	STATUS	n/a	n/a	D255
498.3360000000	n/a	n/a	STATUS	n/a	n/a	DI91
498.3840000000	n/a	n/a	STATUS	n/a	n/a	D255
498.4200000000	n/a	n/a	STATUS	n/a	n/a	DI54
498.4720000000	n/a	n/a	STATUS	n/a	n/a	D255
498.6360000000	n/a	n/a	STATUS	n/a	n/a	DI34
498.6880000000	n/a	n/a	STATUS	n/a	n/a	D255
498.9440000000	n/a	n/a	STATUS	n/a	n/a	DIN5
498.9960000000	n/a	n/a	STATUS	n/a	n/a	D255
499.3920000000	n/a	n/a	STATUS	n/a	n/a	D188
499.4400000000	n/a	n/a	STATUS	n/a	n/a	D255
499.4800000000	n/a	n/a	STATUS	n/a	n/a	DI51
499.5280000000	n/a	n/a	STATUS	n/a	n/a	D255
499.6800000000	n/a	n/a	STATUS	n/a	n/a	DI21
499.7320000000	n/a	n/a	STATUS	n/a	n/a	D255
499.7360000000	n/a	n/a	STATUS	n/a	n/a	DIN4
499.7840000000	n/a	n/a	STATUS	n/a	n/a	D255
500.5400000000	n/a	n/a	STATUS	n/a	n/a	DIN5
500.5880000000	n/a	n/a	STATUS	n/a	n/a	D255
500.8920000000	n/a	n/a	STATUS	n/a	n/a	D106
500.9440000000	n/a	n/a	STATUS	n/a	n/a	D255
500.9840000000	n/a	n/a	STATUS	n/a	n/a	DI52
501.0320000000	n/a	n/a	STATUS	n/a	n/a	D255
501.3480000000	n/a	n/a	STATUS	n/a	n/a	DI12
501.3960000000	n/a	n/a	STATUS	n/a	n/a	D255
501.4000000000	n/a	n/a	STATUS	n/a	n/a	DIN4
501.4520000000	n/a	n/a	STATUS	n/a	n/a	D255
502.2080000000	n/a	n/a	STATUS	n/a	n/a	DIN5
502.2560000000	n/a	n/a	STATUS	n/a	n/a	D255
502.6880000000	n/a	n/a	STATUS	n/a	n/a	D164
502.7360000000	n/a	n/a	STATUS	n/a	n/a	D255
502.7760000000	n/a	n/a	STATUS	n/a	n/a	DI53
502.8240000000	n/a	n/a	STATUS	n/a	n/a	D255
503.1040000000	n/a	n/a	STATUS	n/a	n/a	DI43
503.1560000000	n/a	n/a	STATUS	n/a	n/a	D255
503.1560000000	n/a	n/a	STATUS	n/a	n/a	D235
503.4160000000	n/a	n/a	STATUS	n/a	n/a	DIN5
503.4640000000	n/a	n/a	STATUS	n/a	n/a	D255
503.8600000000	n/a	n/a	STATUS	n/a	n/a	D200
503.9120000000	n/a	n/a	STATUS	n/a	n/a	D255
503.9480000000	n/a	n/a	STATUS	n/a	n/a	DI54
503.9960000000	n/a	n/a	STATUS	n/a	n/a	D255
504.2040000000	n/a	n/a	STATUS	n/a	n/a	DI34
504.2560000000	n/a	n/a	STATUS	n/a	n/a	D255
504.5160000000	n/a	n/a	STATUS	n/a	n/a	DIN5
504.5640000000	n/a	n/a	STATUS	n/a	n/a	D255
504.8880000000	n/a	n/a	STATUS	n/a	n/a	D167
504.9400000000	n/a	n/a	STATUS	n/a	n/a	D255
504.9760000000	n/a	n/a	STATUS	n/a	n/a	DI54
505.0280000000	n/a	n/a	STATUS	n/a	n/a	D255
505.2440000000	n/a	n/a	STATUS	n/a	n/a	DI34
505.2960000000	n/a	n/a	STATUS	n/a	n/a	D255
505.5520000000	n/a	n/a	STATUS	n/a	n/a	DIN5
505.6040000000	n/a	n/a	STATUS	n/a	n/a	D255
505.9280000000	n/a	n/a	STATUS	n/a	n/a	D209
505.9760000000	n/a	n/a	STATUS	n/a	n/a	D255
506.0160000000	n/a	n/a	STATUS	n/a	n/a	DI51
506.0680000000	n/a	n/a	STATUS	n/a	n/a	D255
506.3880000000	n/a	n/a	STATUS	n/a	n/a	DI31
506.4400000000	n/a	n/a	STATUS	n/a	n/a	D255
506.7000000000	n/a	n/a	STATUS	n/a	n/a	DIN5
506.7480000000	n/a	n/a	STATUS	n/a	n/a	D255
507.0800000000	n/a	n/a	STATUS	n/a	n/a	DI68
507.1280000000	n/a	n/a	STATUS	n/a	n/a	D255
507.1640000000	n/a	n/a	STATUS	n/a	n/a	DI53
507.2160000000	n/a	n/a	STATUS	n/a	n/a	D255
507.4560000000	n/a	n/a	STATUS	n/a	n/a	DI43
507.5080000000	n/a	n/a	STATUS	n/a	n/a	D255
507.7680000000	n/a	n/a	STATUS	n/a	n/a	DIN5
507.8160000000	n/a	n/a	STATUS	n/a	n/a	D255
508.2560000000	n/a	n/a	STATUS	n/a	n/a	D181
508.3080000000	n/a	n/a	STATUS	n/a	n/a	D255
508.3440000000	n/a	n/a	STATUS	n/a	n/a	DI54
508.3920000000	n/a	n/a	STATUS	n/a	n/a	D255
508.5920000000	n/a	n/a	STATUS	n/a	n/a	DI34
508.6400000000	n/a	n/a	STATUS	n/a	n/a	D255
508.9000000000	n/a	n/a	STATUS	n/a	n/a	DIN5
508.9520000000	n/a	n/a	STATUS	n/a	n/a	D255
509.3920000000	n/a	n/a	STATUS	n/a	n/a	DI78
509.4400000000	n/a	n/a	STATUS	n/a	n/a	D255
509.4800000000	n/a	n/a	STATUS	n/a	n/a	DI53
509.5280000000	n/a	n/a	STATUS	n/a	n/a	D255
509.7880000000	n/a	n/a	STATUS	n/a	n/a	DI43
509.8400000000	n/a	n/a	STATUS	n/a	n/a	D255
510.0960000000	n/a	n/a	STATUS	n/a	n/a	DIN5
510.1480000000	n/a	n/a	STATUS	n/a	n/a	D255
510.6480000000	n/a	n/a	STATUS	n/a	n/a	D214
510.6960000000	n/a	n/a	STATUS	n/a	n/a	D255
510.7360000000	n/a	n/a	STATUS	n/a	n/a	DI51
510.7840000000	n/a	n/a	STATUS	n/a	n/a	D255
511.1320000000	n/a	n/a	STATUS	n/a	n/a	DI31
511.1840000000	n/a	n/a	STATUS	n/a	n/a	D255
511.4400000000	n/a	n/a	STATUS	n/a	n/a	DIN5
511.4920000000	n/a	n/a	STATUS	n/a	n/a	D255
511.8560000000	n/a	n/a	STATUS	n/a	n/a	D162
511.9080000000	n/a	n/a	STATUS	n/a	n/a	D255
511.9440000000	n/a	n/a	STATUS	n/a	n/a	DI54
511.9960000000	n/a	n/a	STATUS	n/a	n/a	D255
512.9240000000	n/a	n/a	STATUS	n/a	n/a	DIN3
512.9720000000	n/a	n/a	STATUS	n/a	n/a	D255
513.7280000000	n/a	n/a	STATUS	n/a	n/a	DIN5
513.7800000000	n/a	n/a	STATUS	n/a	n/a	D255
514.2600000000	n/a	n/a	STATUS	n/a	n/a	D197
514.3080000000	n/a	n/a	STATUS	n/a	n/a	D255
514.3480000000	n/a	n/a	STATUS	n/a	n/a	DI52
514.3960000000	n/a	n/a	STATUS	n/a	n/a	D255
514.7560000000	n/a	n/a	STATUS	n/a	n/a	DI42
514.8080000000	n/a	n/a	STATUS	n/a	n/a	D255
515.0640000000	n/a	n/a	STATUS	n/a	n/a	DIN5
515.1160000000	n/a	n/a	STATUS	n/a	n/a	D255
515.5360000000	n/a	n/a	STATUS	n/a	n/a	DI70
515.5840000000	n/a	n/a	STATUS	n/a	n/a	D255
515.6240000000	n/a	n/a	STATUS	n/a	n/a	DI54
515.6720000000	n/a	n/a	STATUS	n/a	n/a	D255
515.8600000000	n/a	n/a	STATUS	n/a	n/a	DI34
515.9120000000	n/a	n/a	STATUS	n/a	n/a	D255
516.1720000000	n/a	n/a	STATUS	n/a	n/a	DIN5
516.2200000000	n/a	n/a	STATUS	n/a	n/a	D255
516.6200000000	n/a	n/a	STATUS	n/a	n/a	D215
516.6720000000	n/a	n/a	STATUS	n/a	n/a	D255
516.7080000000	n/a	n/a	STATUS	n/a	n/a	DI52
516.7600000000	n/a	n/a	STATUS	n/a	n/a	D255
516.9680000000	n/a	n/a	STATUS	n/a	n/a	DI12
517.0160000000	n/a	n/a	STATUS	n/a	n/a	D255
517.0200000000	n/a	n/a	STATUS	n/a	n/a	DIN4
517.0720000000	n/a	n/a	STATUS	n/a	n/a	D255
517.8240000000	n/a	n/a	STATUS	n/a	n/a	DIN5
517.8760000000	n/a	n/a	STATUS	n/a	n/a	D255
518.2160000000	n/a	n/a	STATUS	n/a	n/a	DI93
518.2640000000	n/a	n/a	STATUS	n/a	n/a	D255
518.3040000000	n/a	n/a	STATUS	n/a	n/a	DI52
518.3520000000	n/a	n/a	STATUS	n/a	n/a	D255
518.6880000000	n/a	n/a	STATUS	n/a	n/a	DI42
518.7360000000	n/a	n/a	STATUS	n/a	n/a	D255
518.9960000000	n/a	n/a	STATUS	n/a	n/a	DIN5
519.0480000000	n/a	n/a	STATUS	n/a	n/a	D255
519.4040000000	n/a	n/a	STATUS	n/a	n/a	D237
519.4560000000	n/a	n/a	STATUS	n/a	n/a	D255
519.4920000000	n/a	n/a	STATUS	n/a	n/a	DI54
519.5440000000	n/a	n/a	STATUS	n/a	n/a	D255
519.7880000000	n/a	n/a	STATUS	n/a	n/a	DI34
519.8400000000	n/a	n/a	STATUS	n/a	n/a	D255
520.0960000000	n/a	n/a	STATUS	n/a	n/a	DIN5
520.1480000000	n/a	n/a	STATUS	n/a	n/a	D255
520.4800000000	n/a	n/a	STATUS	n/a	n/a	D177
520.5320000000	n/a	n/a	STATUS	n/a	n/a	D255
520.5680000000	n/a	n/a	STATUS	n/a	n/a	DI54
520.6200000000	n/a	n/a	STATUS	n/a	n/a	D255
520.8320000000	n/a	n/a	STATUS	n/a	n/a	DI34
520.8840000000	n/a	n/a	STATUS	n/a	n/a	D255
521.1400000000	n/a	n/a	STATUS	n/a	n/a	DIN5
521.1920000000	n/a	n/a	STATUS	n/a	n/a	D255
521.6760000000	n/a	n/a	STATUS	n/a	n/a	D191
521.7240000000	n/a	n/a	STATUS	n/a	n/a	D255
521.7640000000	n/a	n/a	STATUS	n/a	n/a	DI51
521.8160000000	n/a	n/a	STATUS	n/a	n/a	D255
522.1240000000	n/a	n/a	STATUS	n/a	n/a	DI21
522.1760000000	n/a	n/a	STATUS	n/a	n/a	D255
522.1800000000	n/a	n/a	STATUS	n/a	n/a	DIN4
522.2280000000	n/a	n/a	STATUS	n/a	n/a	D255
522.9840000000	n/a	n/a	STATUS	n/a	n/a	DIN5
523.0320000000	n/a	n/a	STATUS	n/a	n/a	D255
523.4960000000	n/a	n/a	STATUS	n/a	n/a	D224
523.5440000000	n/a	n/a	STATUS	n/a	n/a	D255
523.5800000000	n/a	n/a	STATUS	n/a	n/a	DI51
523.6320000000	n/a	n/a	STATUS	n/a	n/a	D255
523.9680000000	n/a	n/a	STATUS	n/a	n/a	DI31
524.0160000000	n/a	n/a	STATUS	n/a	n/a	D255
524.2760000000	n/a	n/a	STATUS	n/a	n/a	DIN5
524.3240000000	n/a	n/a	STATUS	n/a	n/a	D255
524.7000000000	n/a	n/a	STATUS	n/a	n/a	D193
524.7480000000	n/a	n/a	STATUS	n/a	n/a	D255
524.7880000000	n/a	n/a	STATUS	n/a	n/a	DI53
524.8400000000	n/a	n/a	STATUS	n/a	n/a	D255
525.0520000000	n/a	n/a	STATUS	n/a	n/a	DI43
525.1000000000	n/a	n/a	STATUS	n/a	n/a	D255
525.3600000000	n/a	n/a	STATUS	n/a	n/a	DIN5
525.4080000000	n/a	n/a	STATUS	n/a	n/a	D255
525.8960000000	n/a	n/a	STATUS	n/a	n/a	D232
525.9440000000	n/a	n/a	STATUS	n/a	n/a	D255
525.9840000000	n/a	n/a	STATUS	n/a	n/a	DI52
526.0320000000	n/a	n/a	STATUS	n/a	n/a	D255
526.1600000000	n/a	n/a	STATUS	n/a	n/a	DI12
526.2080000000	n/a	n/a	STATUS	n/a	n/a	D255
526.2120000000	n/a	n/a	STATUS	n/a	n/a	DIN4
526.2600000000	n/a	n/a	STATUS	n/a	n/a	D255
527.0160000000	n/a	n/a	STATUS	n/a	n/a	DIN5
527.0680000000	n/a	n/a	STATUS	n/a	n/a	D255
527.4600000000	n/a	n/a	STATUS	n/a	n/a	D228
527.5120000000	n/a	n/a	STATUS	n/a	n/a	D255
527.5520000000	n/a	n/a	STATUS	n/a	n/a	DI54
527.6000000000	n/a	n/a	STATUS	n/a	n/a	D255
527.9000000000	n/a	n/a	STATUS	n/a	n/a	DI34
527.9520000000	n/a	n/a	STATUS	n/a	n/a	D255
528.2120000000	n/a	n/a	STATUS	n/a	n/a	DIN5
528.2600000000	n/a	n/a	STATUS	n/a	n/a	D255
528.7240000000	n/a	n/a	STATUS	n/a	n/a	DI80
528.7760000000	n/a	n/a	STATUS	n/a	n/a	D255
528.8120000000	n/a	n/a	STATUS	n/a	n/a	DI51
528.8600000000	n/a	n/a	STATUS	n/a	n/a	D255
529.1960000000	n/a	n/a	STATUS	n/a	n/a	DI31
529.2480000000	n/a	n/a	STATUS	n/a	n/a	D255
529.5080000000	n/a	n/a	STATUS	n/a	n/a	DIN5
529.5560000000	n/a	n/a	STATUS	n/a	n/a	D255
529.8840000000	n/a	n/a	STATUS	n/a	n/a	D178
529.9360000000	n/a	n/a	STATUS	n/a	n/a	D255
529.9760000000	n/a	n/a	STATUS	n/a	n/a	DI53
530.0240000000	n/a	n/a	STATUS	n/a	n/a	D255
530.2720000000	n/a	n/a	STATUS	n/a	n/a	DI43
530.3200000000	n/a	n/a	STATUS	n/a	n/a	D255
530.5800000000	n/a	n/a	STATUS	n/a	n/a	DIN5
530.6320000000	n/a	n/a	STATUS	n/a	n/a	D255
530.9720000000	n/a	n/a	STATUS	n/a	n/a	D205
531.0200000000	n/a	n/a	STATUS	n/a	n/a	D255
531.0560000000	n/a	n/a	STATUS	n/a	n/a	DI54
531.1080000000	n/a	n/a	STATUS	n/a	n/a	D255
531.2880000000	n/a	n/a	STATUS	n/a	n/a	DI34
531.3400000000	n/a	n/a	STATUS	n/a	n/a	D255
531.5960000000	n/a	n/a	STATUS	n/a	n/a	DIN5
531.6480000000	n/a	n/a	STATUS	n/a	n/a	D255
532.0240000000	n/a	n/a	STATUS	n/a	n/a	D122
532.0720000000	n/a	n/a	STATUS	n/a	n/a	D255
532.1080000000	n/a	n/a	STATUS	n/a	n/a	DI54
532.1600000000	n/a	n/a	STATUS	n/a	n/a	D255
532.3240000000	n/a	n/a	STATUS	n/a	n/a	DI34
532.3760000000	n/a	n/a	STATUS	n/a	n/a	D255
532.6320000000	n/a	n/a	STATUS	n/a	n/a	DIN5
532.6840000000	n/a	n/a	STATUS	n/a	n/a	D255
533.1320000000	n/a	n/a	STATUS	n/a	n/a	D180
533.1840000000	n/a	n/a	STATUS	n/a	n/a	D255
533.2200000000	n/a	n/a	STATUS	n/a	n/a	DI52
533.2680000000	n/a	n/a	STATUS	n/a	n/a	D255
533.4840000000	n/a	n/a	STATUS	n/a	n/a	DI12
533.5360000000	n/a	n/a	STATUS	n/a	n/a	D255
533.5400000000	n/a	n/a	STATUS	n/a	n/a	DIN4
533.5880000000	n/a	n/a	STATUS	n/a	n/a	D255
534.3440000000	n/a	n/a	STATUS	n/a	n/a	DIN5
534.3960000000	n/a	n/a	STATUS	n/a	n/a	D255
534.8760000000	n/a	n/a	STATUS	n/a	n/a	D165
534.9240000000	n/a	n/a	STATUS	n/a	n/a	D255
534.9640000000	n/a	n/a	STATUS	n/a	n/a	DI53
535.0120000000	n/a	n/a	STATUS	n/a	n/a	D255
535.3120000000	n/a	n/a	STATUS	n/a	n/a	DI43
535.3640000000	n/a	n/a	STATUS	n/a	n/a	D255
535.6240000000	n/a	n/a	STATUS	n/a	n/a	DIN5
535.6720000000	n/a	n/a	STATUS	n/a	n/a	D255
536.1160000000	n/a	n/a	STATUS	n/a	n/a	D146
536.1680000000	n/a	n/a	STATUS	n/a	n/a	D255
536.2040000000	n/a	n/a	STATUS	n/a	n/a	DI54
536.2560000000	n/a	n/a	STATUS	n/a	n/a	D255
536.5320000000	n/a	n/a	STATUS	n/a	n/a	DI34
536.5800000000	n/a	n/a	STATUS	n/a	n/a	D255
536.8400000000	n/a	n/a	STATUS	n/a	n/a	DIN5
536.8880000000	n/a	n/a	STATUS	n/a	n/a	D255
537.3640000000	n/a	n/a	STATUS	n/a	n/a	D143
537.4160000000	n/a	n/a	STATUS	n/a	n/a	D255
537.4520000000	n/a	n/a	STATUS	n/a	n/a	DI53
537.5040000000	n/a	n/a	STATUS	n/a	n/a	D255
537.7640000000	n/a	n/a	STATUS	n/a	n/a	DI43
537.8160000000	n/a	n/a	STATUS	n/a	n/a	D255
538.0720000000	n/a	n/a	STATUS	n/a	n/a	DIN5
538.1240000000	n/a	n/a	STATUS	n/a	n/a	D255
538.5080000000	n/a	n/a	STATUS	n/a	n/a	D142
538.5600000000	n/a	n/a	STATUS	n/a	n/a	D255
538.5960000000	n/a	n/a	STATUS	n/a	n/a	DI51
538.6480000000	n/a	n/a	STATUS	n/a	n/a	D255
538.9720000000	n/a	n/a	STATUS	n/a	n/a	DI31
539.0200000000	n/a	n/a	STATUS	n/a	n/a	D255
539.2800000000	n/a	n/a	STATUS	n/a	n/a	DIN5
539.3320000000	n/a	n/a	STATUS	n/a	n/a	D255
539.7000000000	n/a	n/a	STATUS	n/a	n/a	D158
539.7480000000	n/a	n/a	STATUS	n/a	n/a	D255
539.7880000000	n/a	n/a	STATUS	n/a	n/a	DI51
539.8360000000	n/a	n/a	STATUS	n/a	n/a	D255
540.1440000000	n/a	n/a	STATUS	n/a	n/a	DI31
540.1960000000	n/a	n/a	STATUS	n/a	n/a	D255
540.4560000000	n/a	n/a	STATUS	n/a	n/a	DIN5
540.5040000000	n/a	n/a	STATUS	n/a	n/a	D255
540.9600000000	n/a	n/a	STATUS	n/a	n/a	DI88
541.0120000000	n/a	n/a	STATUS	n/a	n/a	D255
541.0480000000	n/a	n/a	STATUS	n/a	n/a	DI51
541.1000000000	n/a	n/a	STATUS	n/a	n/a	D255
541.2760000000	n/a	n/a	STATUS	n/a	n/a	DI21
541.3280000000	n/a	n/a	STATUS	n/a	n/a	D255
541.3320000000	n/a	n/a	STATUS	n/a	n/a	DIN4
541.3800000000	n/a	n/a	STATUS	n/a	n/a	D255
542.1360000000	n/a	n/a	STATUS	n/a	n/a	DIN5
542.1840000000	n/a	n/a	STATUS	n/a	n/a	D255
542.5280000000	n/a	n/a	STATUS	n/a	n/a	D145
542.5800000000	n/a	n/a	STATUS	n/a	n/a	D255
542.6160000000	n/a	n/a	STATUS	n/a	n/a	DI52
542.6680000000	n/a	n/a	STATUS	n/a	n/a	D255
543.0440000000	n/a	n/a	STATUS	n/a	n/a	DI42
543.0920000000	n/a	n/a	STATUS	n/a	n/a	D255
543.3520000000	n/a	n/a	STATUS	n/a	n/a	DIN5
543.4040000000	n/a	n/a	STATUS	n/a	n/a	D255
543.7560000000	n/a	n/a	STATUS	n/a	n/a	D108
543.8080000000	n/a	n/a	STATUS	n/a	n/a	D255
543.8440000000	n/a	n/a	STATUS	n/a	n/a	DI52
543.8960000000	n/a	n/a	STATUS	n/a	n/a	D255
544.2600000000	n/a	n/a	STATUS	n/a	n/a	DI42
544.3080000000	n/a	n/a	STATUS	n/a	n/a	D255
544.5680000000	n/a	n/a	STATUS	n/a	n/a	DIN5
544.6200000000	n/a	n/a	STATUS	n/a	n/a	D255
545.0520000000	n/a	n/a	STATUS	n/a	n/a	D222
545.1040000000	n/a	n/a	STATUS	n/a	n/a	D255
545.1400000000	n/a	n/a	STATUS	n/a	n/a	DI52
545.1920000000	n/a	n/a	STATUS	n/a	n/a	D255
545.3920000000	n/a	n/a	STATUS	n/a	n/a	DI12
545.4400000000	n/a	n/a	STATUS	n/a	n/a	D255
545.4440000000	n/a	n/a	STATUS	n/a	n/a	DIN4
545.4960000000	n/a	n/a	STATUS	n/a	n/a	D255
546.2480000000	n/a	n/a	STATUS	n/a	n/a	DIN5
546.3000000000	n/a	n/a	STATUS	n/a	n/a	D255
546.6800000000	n/a	n/a	STATUS	n/a	n/a	DI92
546.7280000000	n/a	n/a	STATUS	n/a	n/a	D255
546.7680000000	n/a	n/a	STATUS	n/a	n/a	DI51
546.8160000000	n/a	n/a	STATUS	n/a	n/a	D255
547.2080000000	n/a	n/a	STATUS	n/a	n/a	DI31
547.2600000000	n/a	n/a	STATUS	n/a	n/a	D255
547.5160000000	n/a	n/a	STATUS	n/a	n/a	DIN5
547.5680000000	n/a	n/a	STATUS	n/a	n/a	D255
548.0480000000	n/a	n/a	STATUS	n/a	n/a	D174
548.0960000000	n/a	n/a	STATUS	n/a	n/a	D255
548.1320000000	n/a	n/a	STATUS	n/a	n/a	DI51
548.1840000000	n/a	n/a	STATUS	n/a	n/a	D255
548.5320000000	n/a	n/a	STATUS	n/a	n/a	DI31
548.5840000000	n/a	n/a	STATUS	n/a	n/a	D255
548.8440000000	n/a	n/a	STATUS	n/a	n/a	DIN5
548.8920000000	n/a	n/a	STATUS	n/a	n/a	D255
549.2520000000	n/a	n/a	STATUS	n/a	n/a	DI79
549.3000000000	n/a	n/a	STATUS	n/a	n/a	D255
549.3400000000	n/a	n/a	STATUS	n/a	n/a	DI51
549.3920000000	n/a	n/a	STATUS	n/a	n/a	D255
549.7400000000	n/a	n/a	STATUS	n/a	n/a	DI31
549.7880000000	n/a	n/a	STATUS	n/a	n/a	D255
550.0480000000	n/a	n/a	STATUS	n/a	n/a	DIN5
550.0960000000	n/a	n/a	STATUS	n/a	n/a	D255
550.5760000000	n/a	n/a	STATUS	n/a	n/a	D192
550.6280000000	n/a	n/a	STATUS	n/a	n/a	D255
550.6640000000	n/a	n/a	STATUS	n/a	n/a	DI54
550.7160000000	n/a	n/a	STATUS	n/a	n/a	D255
550.9480000000	n/a	n/a	STATUS	n/a	n/a	DI34
551.0000000000	n/a	n/a	STATUS	n/a	n/a	D255
551.2560000000	n/a	n/a	STATUS	n/a	n/a	DIN5
551.3080000000	n/a	n/a	STATUS	n/a	n/a	D255
551.6680000000	n/a	n/a	STATUS	n/a	n/a	D119
551.7160000000	n/a	n/a	STATUS	n/a	n/a	D255
551.7560000000	n/a	n/a	STATUS	n/a	n/a	DI52
551.8040000000	n/a	n/a	STATUS	n/a	n/a	D255
552.1040000000	n/a	n/a	STATUS	n/a	n/a	DI42
552.1560000000	n/a	n/a	STATUS	n/a	n/a	D255
552.4120000000	n/a	n/a	STATUS	n/a	n/a	DIN5
552.4640000000	n/a	n/a	STATUS	n/a	n/a	D255
552.8040000000	n/a	n/a	STATUS	n/a	n/a	D140
552.8520000000	n/a	n/a	STATUS	n/a	n/a	D255
552.8920000000	n/a	n/a	STATUS	n/a	n/a	DI53
552.9400000000	n/a	n/a	STATUS	n/a	n/a	D255
553.1960000000	n/a	n/a	STATUS	n/a	n/a	DI43
553.2480000000	n/a	n/a	STATUS	n/a	n/a	D255
553.5040000000	n/a	n/a	STATUS	n/a	n/a	DIN5
553.5560000000	n/a	n/a	STATUS	n/a	n/a	D255
554.0120000000	n/a	n/a	STATUS	n/a	n/a	D226
554.0600000000	n/a	n/a	STATUS	n/a	n/a	D255
554.1000000000	n/a	n/a	STATUS	n/a	n/a	DI54
554.1480000000	n/a	n/a	STATUS	n/a	n/a	D255
554.4120000000	n/a	n/a	STATUS	n/a	n/a	DI34
554.4640000000	n/a	n/a	STATUS	n/a	n/a	D255
554.7240000000	n/a	n/a	STATUS	n/a	n/a	DIN5
554.7720000000	n/a	n/a	STATUS	n/a	n/a	D255
555.0880000000	n/a	n/a	STATUS	n/a	n/a	D101
555.1360000000	n/a	n/a	STATUS	n/a	n/a	D255
555.1760000000	n/a	n/a	STATUS	n/a	n/a	DI53
555.2240000000	n/a	n/a	STATUS	n/a	n/a	D255
555.3960000000	n/a	n/a	STATUS	n/a	n/a	DI43
555.4480000000	n/a	n/a	STATUS	n/a	n/a	D255
555.7080000000	n/a	n/a	STATUS	n/a	n/a	DIN5
555.7560000000	n/a	n/a	STATUS	n/a	n/a	D255
556.0600000000	n/a	n/a	STATUS	n/a	n/a	D100
556.1120000000	n/a	n/a	STATUS	n/a	n/a	D255
556.1480000000	n/a	n/a	STATUS	n/a	n/a	DI51
556.2000000000	n/a	n/a	STATUS	n/a	n/a	D255
556.4360000000	n/a	n/a	STATUS	n/a	n/a	DI21
556.4880000000	n/a	n/a	STATUS	n/a	n/a	D255
556.4920000000	n/a	n/a	STATUS	n/a	n/a	DIN4
556.5400000000	n/a	n/a	STATUS	n/a	n/a	D255
557.2960000000	n/a	n/a	STATUS	n/a	n/a	DIN5
557.3440000000	n/a	n/a	STATUS	n/a	n/a	D255
557.7000000000	n/a	n/a	STATUS	n/a	n/a	D239
557.7520000000	n/a	n/a	STATUS	n/a	n/a	D255
557.7880000000	n/a	n/a	STATUS	n/a	n/a	DI51
557.8360000000	n/a	n/a	STATUS	n/a	n/a	D255
558.2200000000	n/a	n/a	STATUS	n/a	n/a	DI31
558.2720000000	n/a	n/a	STATUS	n/a	n/a	D255
558.5280000000	n/a	n/a	STATUS	n/a	n/a	DIN5
558.5800000000	n/a	n/a	STATUS	n/a	n/a	D255
558.9240000000	n/a	n/a	STATUS	n/a	n/a	D225
558.9760000000	n/a	n/a	STATUS	n/a	n/a	D255
559.0120000000	n/a	n/a	STATUS	n/a	n/a	DI52
559.0600000000	n/a	n/a	STATUS	n/a	n/a	D255
559.3320000000	n/a	n/a	STATUS	n/a	n/a	DI12
559.3840000000	n/a	n/a	STATUS	n/a	n/a	D255
559.3880000000	n/a	n/a	STATUS	n/a	n/a	DIN4
559.4360000000	n/a	n/a	STATUS	n/a	n/a	D255
560.1920000000	n/a	n/a	STATUS	n/a	n/a	DIN5
560.2440000000	n/a	n/a	STATUS	n/a	n/a	D255
560.6680000000	n/a	n/a	STATUS	n/a	n/a	DI97
560.7160000000	n/a	n/a	STATUS	n/a	n/a	D255
560.7560000000	n/a	n/a	STATUS	n/a	n/a	DI54
560.8040000000	n/a	n/a	STATUS	n/a	n/a	D255
561.1440000000	n/a	n/a	STATUS	n/a	n/a	DI34
561.1920000000	n/a	n/a	STATUS	n/a	n/a	D255
561.4520000000	n/a	n/a	STATUS	n/a	n/a	DIN5
561.5040000000	n/a	n/a	STATUS	n/a	n/a	D255
561.9480000000	n/a	n/a	STATUS	n/a	n/a	DI90
562.0000000000	n/a	n/a	STATUS	n/a	n/a	D255
562.0360000000	n/a	n/a	STATUS	n/a	n/a	DI53
562.0880000000	n/a	n/a	STATUS	n/a	n/a	D255
562.5040000000	n/a	n/a	STATUS	n/a	n/a	DI43
562.5520000000	n/a	n/a	STATUS	n/a	n/a	D255
562.8120000000	n/a	n/a	STATUS	n/a	n/a	DIN5
562.8600000000	n/a	n/a	STATUS	n/a	n/a	D255
563.1960000000	n/a	n/a	STATUS	n/a	n/a	D114
563.2480000000	n/a	n/a	STATUS	n/a	n/a	D255
563.2840000000	n/a	n/a	STATUS	n/a	n/a	DI53
563.3320000000	n/a	n/a	STATUS	n/a	n/a	D255
563.5840000000	n/a	n/a	STATUS	n/a	n/a	DI43
563.6360000000	n/a	n/a	STATUS	n/a	n/a	D255
563.8960000000	n/a	n/a	STATUS	n/a	n/a	DIN5
563.9440000000	n/a	n/a	STATUS	n/a	n/a	D255
564.3240000000	n/a	n/a	STATUS	n/a	n/a	DI77
564.3760000000	n/a	n/a	STATUS	n/a	n/a	D255
564.4120000000	n/a	n/a	STATUS	n/a	n/a	DI52
564.4640000000	n/a	n/a	STATUS	n/a	n/a	D255
564.7760000000	n/a	n/a	STATUS	n/a	n/a	DI42
564.8280000000	n/a	n/a	STATUS	n/a	n/a	D255
565.0840000000	n/a	n/a	STATUS	n/a	n/a	DIN5
565.1360000000	n/a	n/a	STATUS	n/a	n/a	D255
565.5200000000	n/a	n/a	STATUS	n/a	n/a	DI67
565.5680000000	n/a	n/a	STATUS	n/a	n/a	D255
565.6080000000	n/a	n/a	STATUS	n/a	n/a	DI53
565.6560000000	n/a	n/a	STATUS	n/a	n/a	D255
565.8760000000	n/a	n/a	STATUS	n/a	n/a	DI43
565.9240000000	n/a	n/a	STATUS	n/a	n/a	D255
566.1840000000	n/a	n/a	STATUS	n/a	n/a	DIN5
566.2320000000	n/a	n/a	STATUS	n/a	n/a	D255
566.6440000000	n/a	n/a	STATUS	n/a	n/a	DI73
566.6920000000	n/a	n/a	STATUS	n/a	n/a	D255
566.7320000000	n/a	n/a	STATUS	n/a	n/a	DI54
566.7800000000	n/a	n/a	STATUS	n/a	n/a	D255
567.1680000000	n/a	n/a	STATUS	n/a	n/a	DI34
567.2160000000	n/a	n/a	STATUS	n/a	n/a	D255
567.4760000000	n/a	n/a	STATUS	n/a	n/a	DIN5
567.5240000000	n/a	n/a	STATUS	n/a	n/a	D255
567.9840000000	n/a	n/a	STATUS	n/a	n/a	D129
568.0360000000	n/a	n/a	STATUS	n/a	n/a	D255
568.0720000000	n/a	n/a	STATUS	n/a	n/a	DI52
568.1240000000	n/a	n/a	STATUS	n/a	n/a	D255
568.4640000000	n/a	n/a	STATUS	n/a	n/a	DI42
568.5120000000	n/a	n/a	STATUS	n/a	n/a	D255
568.7720000000	n/a	n/a	STATUS	n/a	n/a	DIN5
568.8200000000	n/a	n/a	STATUS	n/a	n/a	D255
569.2160000000	n/a	n/a	STATUS	n/a	n/a	D155
569.2680000000	n/a	n/a	STATUS	n/a	n/a	D255
569.3040000000	n/a	n/a	STATUS	n/a	n/a	DI52
569.3520000000	n/a	n/a	STATUS	n/a	n/a	D255
569.5840000000	n/a	n/a	STATUS	n/a	n/a	DI12
569.6320000000	n/a	n/a	STATUS	n/a	n/a	D255
569.6360000000	n/a	n/a	STATUS	n/a	n/a	DIN4
569.6880000000	n/a	n/a	STATUS	n/a	n/a	D255
570.4400000000	n/a	n/a	STATUS	n/a	n/a	DIN5
570.4920000000	n/a	n/a	STATUS	n/a	n/a	D255
570.8400000000	n/a	n/a	STATUS	n/a	n/a	D244
570.8920000000	n/a	n/a	STATUS	n/a	n/a	D255
570.9280000000	n/a	n/a	STATUS	n/a	n/a	DI54
570.9800000000	n/a	n/a	STATUS	n/a	n/a	D255
571.2720000000	n/a	n/a	STATUS	n/a	n/a	DI34
571.3240000000	n/a	n/a	STATUS	n/a	n/a	D255
571.5840000000	n/a	n/a	STATUS	n/a	n/a	DIN5
571.6320000000	n/a	n/a	STATUS	n/a	n/a	D255
572.0840000000	n/a	n/a	STATUS	n/a	n/a	D220
572.1320000000	n/a	n/a	STATUS	n/a	n/a	D255
572.1720000000	n/a	n/a	STATUS	n/a	n/a	DI51
572.2200000000	n/a	n/a	STATUS	n/a	n/a	D255
572.5280000000	n/a	n/a	STATUS	n/a	n/a	DI21
572.5800000000	n/a	n/a	STATUS	n/a	n/a	D255
572.5840000000	n/a	n/a	STATUS	n/a	n/a	DIN4
572.6320000000	n/a	n/a	STATUS	n/a	n/a	D255
573.3880000000	n/a	n/a	STATUS	n/a	n/a	DIN5
573.4400000000	n/a	n/a	STATUS	n/a	n/a	D255
573.8840000000	n/a	n/a	STATUS	n/a	n/a	D216
573.9320000000	n/a	n/a	STATUS	n/a	n/a	D255
573.9720000000	n/a	n/a	STATUS	n/a	n/a	DI54
574.0200000000	n/a	n/a	STATUS	n/a	n/a	D255
574.3960000000	n/a	n/a	STATUS	n/a	n/a	DI34
574.4480000000	n/a	n/a	STATUS	n/a	n/a	D255
574.7080000000	n/a	n/a	STATUS	n/a	n/a	DIN5
574.7560000000	n/a	n/a	STATUS	n/a	n/a	D255
575.1120000000	n/a	n/a	STATUS	n/a	n/a	D227
575.1600000000	n/a	n/a	STATUS	n/a	n/a	D255
575.2000000000	n/a	n/a	STATUS	n/a	n/a	DI53
575.2480000000	n/a	n/a	STATUS	n/a	n/a	D255
575.5200000000	n/a	n/a	STATUS	n/a	n/a	DI43
575.5680000000	n/a	n/a	STATUS	n/a	n/a	D255
575.8280000000	n/a	n/a	STATUS	n/a	n/a	DIN5
575.8800000000	n/a	n/a	STATUS	n/a	n/a	D255
576.2640000000	n/a	n/a	STATUS	n/a	n/a	D113
576.3120000000	n/a	n/a	STATUS	n/a	n/a	D255
576.3520000000	n/a	n/a	STATUS	n/a	n/a	DI52
576.4000000000	n/a	n/a	STATUS	n/a	n/a	D255
576.7960000000	n/a	n/a	STATUS	n/a	n/a	DI42
576.8480000000	n/a	n/a	STATUS	n/a	n/a	D255
577.1040000000	n/a	n/a	STATUS	n/a	n/a	DIN5
577.1560000000	n/a	n/a	STATUS	n/a	n/a	D255
577.5200000000	n/a	n/a	STATUS	n/a	n/a	D112
577.5720000000	n/a	n/a	STATUS	n/a	n/a	D255
577.6080000000	n/a	n/a	STATUS	n/a	n/a	DI53
577.6600000000	n/a	n/a	STATUS	n/a	n/a	D255
577.8840000000	n/a	n/a	STATUS	n/a	n/a	DI43
577.9360000000	n/a	n/a	STATUS	n/a	n/a	D255
578.1920000000	n/a	n/a	STATUS	n/a	n/a	DIN5
578.2440000000	n/a	n/a	STATUS	n/a	n/a	D255
578.7480000000	n/a	n/a	STATUS	n/a	n/a	D172
578.8000000000	n/a	n/a	STATUS	n/a	n/a	D255
578.8360000000	n/a	n/a	STATUS	n/a	n/a	DI52
578.8880000000	n/a	n/a	STATUS	n/a	n/a	D255
579.0760000000	n/a	n/a	STATUS	n/a	n/a	DI12
579.1280000000	n/a	n/a	STATUS	n/a	n/a	D255
579.1320000000	n/a	n/a	STATUS	n/a	n/a	DIN4
579.1800000000	n/a	n/a	STATUS	n/a	n/a	D255
579.9360000000	n/a	n/a	STATUS	n/a	n/a	DIN5
579.9840000000	n/a	n/a	STATUS	n/a	n/a	D255
580.4200000000	n/a	n/a	STATUS	n/a	n/a	D211
580.4720000000	n/a	n/a	STATUS	n/a	n/a	D255
580.5080000000	n/a	n/a	STATUS	n/a	n/a	DI53
580.5600000000	n/a	n/a	STATUS	n/a	n/a	D255
580.8520000000	n/a	n/a	STATUS	n/a	n/a	DI43
580.9040000000	n/a	n/a	STATUS	n/a	n/a	D255
581.1600000000	n/a	n/a	STATUS	n/a	n/a	DIN5
581.2120000000	n/a	n/a	STATUS	n/a	n/a	D255
581.5760000000	n/a	n/a	STATUS	n/a	n/a	D123
581.6280000000	n/a	n/a	STATUS	n/a	n/a	D255
581.6640000000	n/a	n/a	STATUS	n/a	n/a	DI51
581.7120000000	n/a	n/a	STATUS	n/a	n/a	D255
582.1600000000	n/a	n/a	STATUS	n/a	n/a	DI31
582.2120000000	n/a	n/a	STATUS	n/a	n/a	D255
582.4680000000	n/a	n/a	STATUS	n/a	n/a	DIN5
582.5200000000	n/a	n/a	STATUS	n/a	n/a	D255
582.9640000000	n/a	n/a	STATUS	n/a	n/a	D109
583.0160000000	n/a	n/a	STATUS	n/a	n/a	D255
583.0520000000	n/a	n/a	STATUS	n/a	n/a	DI52
583.1000000000	n/a	n/a	STATUS	n/a	n/a	D255
583.4400000000	n/a	n/a	STATUS	n/a	n/a	DI42
583.4920000000	n/a	n/a	STATUS	n/a	n/a	D255
583.7520000000	n/a	n/a	STATUS	n/a	n/a	DIN5
583.8000000000	n/a	n/a	STATUS	n/a	n/a	D255
584.1040000000	n/a	n/a	STATUS	n/a	n/a	D252
584.1560000000	n/a	n/a	STATUS	n/a	n/a	D255
584.1920000000	n/a	n/a	STATUS	n/a	n/a	DI53
584.2440000000	n/a	n/a	STATUS	n/a	n/a	D255
584.5200000000	n/a	n/a	STATUS	n/a	n/a	DI43
584.5720000000	n/a	n/a	STATUS	n/a	n/a	D255
584.8320000000	n/a	n/a	STATUS	n/a	n/a	DIN5
584.8800000000	n/a	n/a	STATUS	n/a	n/a	D255
585.2800000000	n/a	n/a	STATUS	n/a	n/a	D138
585.3320000000	n/a	n/a	STATUS	n/a	n/a	D255
585.3680000000	n/a	n/a	STATUS	n/a	n/a	DI51
585.4200000000	n/a	n/a	STATUS	n/a	n/a	D255
585.6640000000	n/a	n/a	STATUS	n/a	n/a	DI21
585.7120000000	n/a	n/a	STATUS	n/a	n/a	D255
585.7160000000	n/a	n/a	STATUS	n/a	n/a	DIN4
585.7680000000	n/a	n/a	STATUS	n/a	n/a	D255
586.5240000000	n/a	n/a	STATUS	n/a	n/a	DIN5
586.5720000000	n/a	n/a	STATUS	n/a	n/a	D255
586.9040000000	n/a	n/a	STATUS	n/a	n/a	D171
586.9520000000	n/a	n/a	STATUS	n/a	n/a	D255
586.9920000000	n/a	n/a	STATUS	n/a	n/a	DI52
587.0400000000	n/a	n/a	STATUS	n/a	n/a	D255
587.4240000000	n/a	n/a	STATUS	n/a	n/a	DI42
587.4760000000	n/a	n/a	STATUS	n/a	n/a	D255
587.7360000000	n/a	n/a	STATUS	n/a	n/a	DIN5
587.7840000000	n/a	n/a	STATUS	n/a	n/a	D255
588.0920000000	n/a	n/a	STATUS	n/a	n/a	DI85
588.1440000000	n/a	n/a	STATUS	n/a	n/a	D255
588.1800000000	n/a	n/a	STATUS	n/a	n/a	DI51
588.2320000000	n/a	n/a	STATUS	n/a	n/a	D255
588.6240000000	n/a	n/a	STATUS	n/a	n/a	DI31
588.6760000000	n/a	n/a	STATUS	n/a	n/a	D255
588.9320000000	n/a	n/a	STATUS	n/a	n/a	DIN5
588.9840000000	n/a	n/a	STATUS	n/a	n/a	D255
589.4080000000	n/a	n/a	STATUS	n/a	n/a	DI86
589.4600000000	n/a	n/a	STATUS	n/a	n/a	D255
589.4960000000	n/a	n/a	STATUS	n/a	n/a	DI54
589.5480000000	n/a	n/a	STATUS	n/a	n/a	D255
589.7800000000	n/a	n/a	STATUS	n/a	n/a	DI34
589.8320000000	n/a	n/a	STATUS	n/a	n/a	D255
590.0880000000	n/a	n/a	STATUS	n/a	n/a	DIN5
590.1400000000	n/a	n/a	STATUS	n/a	n/a	D255
590.5760000000	n/a	n/a	STATUS	n/a	n/a	D187
590.6240000000	n/a	n/a	STATUS	n/a	n/a	D255
590.6640000000	n/a	n/a	STATUS	n/a	n/a	DI53
590.7120000000	n/a	n/a	STATUS	n/a	n/a	D255
590.9200000000	n/a	n/a	STATUS	n/a	n/a	DI43
590.9680000000	n/a	n/a	STATUS	n/a	n/a	D255
591.2280000000	n/a	n/a	STATUS	n/a	n/a	DIN5
591.2800000000	n/a	n/a	STATUS	n/a	n/a	D255
591.6160000000	n/a	n/a	STATUS	n/a	n/a	D236
591.6680000000	n/a	n/a	STATUS	n/a	n/a	D255
591.7040000000	n/a	n/a	STATUS	n/a	n/a	DI51
591.7560000000	n/a	n/a	STATUS	n/a	n/a	D255
592.6720000000	n/a	n/a	STATUS	n/a	n/a	DIN3
592.7240000000	n/a	n/a	STATUS	n/a	n/a	D255
593.4800000000	n/a	n/a	STATUS	n/a	n/a	DIN5
593.5280000000	n/a	n/a	STATUS	n/a	n/a	D255
593.8320000000	n/a	n/a	STATUS	n/a	n/a	D202
593.8840000000	n/a	n/a	STATUS	n/a	n/a	D255
593.9200000000	n/a	n/a	STATUS	n/a	n/a	DI53
593.9720000000	n/a	n/a	STATUS	n/a	n/a	D255
594.2200000000	n/a	n/a	STATUS	n/a	n/a	DI43
594.2720000000	n/a	n/a	STATUS	n/a	n/a	D255
594.5320000000	n/a	n/a	STATUS	n/a	n/a	DIN5
594.5800000000	n/a	n/a	STATUS	n/a	n/a	D255
595.0840000000	n/a	n/a	STATUS	n/a	n/a	D149
595.1360000000	n/a	n/a	STATUS	n/a	n/a	D255
595.1720000000	n/a	n/a	STATUS	n/a	n/a	DI52
595.2240000000	n/a	n/a	STATUS	n/a	n/a	D255
595.3920000000	n/a	n/a	STATUS	n/a	n/a	DI12
595.4440000000	n/a	n/a	STATUS	n/a	n/a	D255
595.4480000000	n/a	n/a	STATUS	n/a	n/a	DIN4
595.5000000000	n/a	n/a	STATUS	n/a	n/a	D255
596.2520000000	n/a	n/a	STATUS	n/a	n/a	DIN5
596.3040000000	n/a	n/a	STATUS	n/a	n/a	D255
596.6280000000	n/a	n/a	STATUS	n/a	n/a	D176
596.6800000000	n/a	n/a	STATUS	n/a	n/a	D255
596.7160000000	n/a	n/a	STATUS	n/a	n/a	DI51
596.7680000000	n/a	n/a	STATUS	n/a	n/a	D255
597.0960000000	n/a	n/a	STATUS	n/a	n/a	DI31
597.1440000000	n/a	n/a	STATUS	n/a	n/a	D255
597.4040000000	n/a	n/a	STATUS	n/a	n/a	DIN5
597.4560000000	n/a	n/a	STATUS	n/a	n/a	D255
597.9440000000	n/a	n/a	STATUS	n/a	n/a	D120
597.9960000000	n/a	n/a	STATUS	n/a	n/a	D255
598.0320000000	n/a	n/a	STATUS	n/a	n/a	DI52
598.0800000000	n/a	n/a	STATUS	n/a	n/a	D255
598.4880000000	n/a	n/a	STATUS	n/a	n/a	DI42
598.5400000000	n/a	n/a	STATUS	n/a	n/a	D255
598.7960000000	n/a	n/a	STATUS	n/a	n/a	DIN5
598.8480000000	n/a	n/a	STATUS	n/a	n/a	D255
599.3280000000	n/a	n/a	STATUS	n/a	n/a	D160
599.3760000000	n/a	n/a	STATUS	n/a	n/a	D255
599.4160000000	n/a	n/a	STATUS	n/a	n/a	DI51
599.4640000000	n/a	n/a	STATUS	n/a	n/a	D255
599.6800000000	n/a	n/a	STATUS	n/a	n/a	DI21
599.7320000000	n/a	n/a	STATUS	n/a	n/a	D255
599.7360000000	n/a	n/a	STATUS	n/a	n/a	DIN4
599.7880000000	n/a	n/a	STATUS	n/a	n/a	D255
600.5400000000	n/a	n/a	STATUS	n/a	n/a	DIN5
600.5920000000	n/a	n/a	STATUS	n/a	n/a	D255
600.9360000000	n/a	n/a	STATUS	n/a	n/a	D157
600.9880000000	n/a	n/a	STATUS	n/a	n/a	D255
601.0240000000	n/a	n/a	STATUS	n/a	n/a	DI53
601.0760000000	n/a	n/a	STATUS	n/a	n/a	D255
601.3920000000	n/a	n/a	STATUS	n/a	n/a	DI43
601.4440000000	n/a	n/a	STATUS	n/a	n/a	D255
601.7040000000	n/a	n/a	STATUS	n/a	n/a	DIN5
601.7520000000	n/a	n/a	STATUS	n/a	n/a	D255
602.1480000000	n/a	n/a	STATUS	n/a	n/a	D159
602.2000000000	n/a	n/a	STATUS	n/a	n/a	D255
602.2360000000	n/a	n/a	STATUS	n/a	n/a	DI51
602.2840000000	n/a	n/a	STATUS	n/a	n/a	D255
602.6360000000	n/a	n/a	STATUS	n/a	n/a	DI31
602.6840000000	n/a	n/a	STATUS	n/a	n/a	D255
602.9440000000	n/a	n/a	STATUS	n/a	n/a	DIN5
602.9920000000	n/a	n/a	STATUS	n/a	n/a	D255
603.4320000000	n/a	n/a	STATUS	n/a	n/a	D219
603.4840000000	n/a	n/a	STATUS	n/a	n/a	D255
603.5200000000	n/a	n/a	STATUS	n/a	n/a	DI54
603.5720000000	n/a	n/a	STATUS	n/a	n/a	D255
603.7880000000	n/a	n/a	STATUS	n/a	n/a	DI34
603.8400000000	n/a	n/a	STATUS	n/a	n/a	D255
604.1000000000	n/a	n/a	STATUS	n/a	n/a	DIN5
604.1480000000	n/a	n/a	STATUS	n/a	n/a	D255
604.5960000000	n/a	n/a	STATUS	n/a	n/a	D233
604.6480000000	n/a	n/a	STATUS	n/a	n/a	D255
604.6880000000	n/a	n/a	STATUS	n/a	n/a	DI54
604.7360000000	n/a	n/a	STATUS	n/a	n/a	D255
604.9640000000	n/a	n/a	STATUS	n/a	n/a	DI34
605.0120000000	n/a	n/a	STATUS	n/a	n/a	D255
605.2720000000	n/a	n/a	STATUS	n/a	n/a	DIN5
605.3240000000	n/a	n/a	STATUS	n/a	n/a	D255
605.8240000000	n/a	n/a	STATUS	n/a	n/a	D115
605.8720000000	n/a	n/a	STATUS	n/a	n/a	D255
605.9120000000	n/a	n/a	STATUS	n/a	n/a	DI51
605.9600000000	n/a	n/a	STATUS	n/a	n/a	D255
606.4000000000	n/a	n/a	STATUS	n/a	n/a	DI31
606.4520000000	n/a	n/a	STATUS	n/a	n/a	D255
606.7080000000	n/a	n/a	STATUS	n/a	n/a	DIN5
606.7600000000	n/a	n/a	STATUS	n/a	n/a	D255
607.2560000000	n/a	n/a	STATUS	n/a	n/a	DI72
607.3040000000	n/a	n/a	STATUS	n/a	n/a	D255
607.3440000000	n/a	n/a	STATUS	n/a	n/a	DI51
607.3920000000	n/a	n/a	STATUS	n/a	n/a	D255
607.7240000000	n/a	n/a	STATUS	n/a	n/a	DI31
607.7760000000	n/a	n/a	STATUS	n/a	n/a	D255
608.0360000000	n/a	n/a	STATUS	n/a	n/a	DIN5
608.0840000000	n/a	n/a	STATUS	n/a	n/a	D255
608.4960000000	n/a	n/a	STATUS	n/a	n/a	DI99
608.5440000000	n/a	n/a	STATUS	n/a	n/a	D255
608.5800000000	n/a	n/a	STATUS	n/a	n/a	DI54
608.6320000000	n/a	n/a	STATUS	n/a	n/a	DI34
608.6800000000	n/a	n/a	STATUS	n/a	n/a	D255
608.9400000000	n/a	n/a	STATUS	n/a	n/a	DIN5
608.9920000000	n/a	n/a	STATUS	n/a	n/a	D255
609.3640000000	n/a	n/a	STATUS	n/a	n/a	D198
609.4160000000	n/a	n/a	STATUS	n/a	n/a	D255
609.4520000000	n/a	n/a	STATUS	n/a	n/a	DI53
609.5040000000	n/a	n/a	STATUS	n/a	n/a	D255
609.8480000000	n/a	n/a	STATUS	n/a	n/a	DI43
609.8960000000	n/a	n/a	STATUS	n/a	n/a	D255
610.1560000000	n/a	n/a	STATUS	n/a	n/a	DIN5
610.2040000000	n/a	n/a	STATUS	n/a	n/a	D255
610.5120000000	n/a	n/a	STATUS	n/a	n/a	DI87
610.5600000000	n/a	n/a	STATUS	n/a	n/a	D255
610.6000000000	n/a	n/a	STATUS	n/a	n/a	DI52
610.6480000000	n/a	n/a	STATUS	n/a	n/a	D255
611.0480000000	n/a	n/a	STATUS	n/a	n/a	DI42
611.1000000000	n/a	n/a	STATUS	n/a	n/a	D255
611.3600000000	n/a	n/a	STATUS	n/a	n/a	DIN5
611.4080000000	n/a	n/a	STATUS	n/a	n/a	D255
611.8160000000	n/a	n/a	STATUS	n/a	n/a	DI71
611.8680000000	n/a	n/a	STATUS	n/a	n/a	D255
611.9040000000	n/a	n/a	STATUS	n/a	n/a	DI52
611.9560000000	n/a	n/a	STATUS	n/a	n/a	D255
612.2840000000	n/a	n/a	STATUS	n/a	n/a	DI42
612.3320000000	n/a	n/a	STATUS	n/a	n/a	D255
612.5920000000	n/a	n/a	STATUS	n/a	n/a	DIN5
612.6440000000	n/a	n/a	STATUS	n/a	n/a	D255
612.9960000000	n/a	n/a	STATUS	n/a	n/a	D150
613.0480000000	n/a	n/a	STATUS	n/a	n/a	D255
613.0840000000	n/a	n/a	STATUS	n/a	n/a	DI53
613.1360000000	n/a	n/a	STATUS	n/a	n/a	D255
613.3840000000	n/a	n/a	STATUS	n/a	n/a	DI43
613.4360000000	n/a	n/a	STATUS	n/a	n/a	D255
613.6960000000	n/a	n/a	STATUS	n/a	n/a	DIN5
613.7440000000	n/a	n/a	STATUS	n/a	n/a	D255
614.2280000000	n/a	n/a	STATUS	n/a	n/a	DI98
614.2800000000	n/a	n/a	STATUS	n/a	n/a	D255
614.3160000000	n/a	n/a	STATUS	n/a	n/a	DI52
614.3680000000	n/a	n/a	STATUS	n/a	n/a	D255
614.5640000000	n/a	n/a	STATUS	n/a	n/a	DI12
614.6160000000	n/a	n/a	STATUS	n/a	n/a	D255
614.6200000000	n/a	n/a	STATUS	n/a	n/a	DIN4
614.6680000000	n/a	n/a	STATUS	n/a	n/a	D255
615.4240000000	n/a	n/a	STATUS	n/a	n/a	DIN5
615.4720000000	n/a	n/a	STATUS	n/a	n/a	D255
615.8440000000	n/a	n/a	STATUS	n/a	n/a	D103
615.8920000000	n/a	n/a	STATUS	n/a	n/a	D255
615.9320000000	n/a	n/a	STATUS	n/a	n/a	DI52
615.9800000000	n/a	n/a	STATUS	n/a	n/a	D255
616.4480000000	n/a	n/a	STATUS	n/a	n/a	DI42
616.4960000000	n/a	n/a	STATUS	n/a	n/a	D255
616.7560000000	n/a	n/a	STATUS	n/a	n/a	DIN5
616.8080000000	n/a	n/a	STATUS	n/a	n/a	D255
617.2400000000	n/a	n/a	STATUS	n/a	n/a	D186
617.2920000000	n/a	n/a	STATUS	n/a	n/a	D255
617.3280000000	n/a	n/a	STATUS	n/a	n/a	DI51
617.3800000000	n/a	n/a	STATUS	n/a	n/a	D255
617.6920000000	n/a	n/a	STATUS	n/a	n/a	DI31
617.7400000000	n/a	n/a	STATUS	n/a	n/a	D255
618.0000000000	n/a	n/a	STATUS	n/a	n/a	DIN5
618.0520000000	n/a	n/a	STATUS	n/a	n/a	D255
618.4560000000	n/a	n/a	STATUS	n/a	n/a	D144
618.5040000000	n/a	n/a	STATUS	n/a	n/a	D255
618.5400000000	n/a	n/a	STATUS	n/a	n/a	DI53
618.5920000000	n/a	n/a	STATUS	n/a	n/a	D255
618.8640000000	n/a	n/a	STATUS	n/a	n/a	DI43
618.9160000000	n/a	n/a	STATUS	n/a	n/a	D255
619.1720000000	n/a	n/a	STATUS	n/a	n/a	DIN5
619.2240000000	n/a	n/a	STATUS	n/a	n/a	D255
619.5880000000	n/a	n/a	STATUS	n/a	n/a	D147
619.6360000000	n/a	n/a	STATUS	n/a	n/a	D255
619.6760000000	n/a	n/a	STATUS	n/a	n/a	DI53
619.7240000000	n/a	n/a	STATUS	n/a	n/a	D255
619.9480000000	n/a	n/a	STATUS	n/a	n/a	DI43
620.0000000000	n/a	n/a	STATUS	n/a	n/a	D255
620.2560000000	n/a	n/a	STATUS	n/a	n/a	DIN5
620.3080000000	n/a	n/a	STATUS	n/a	n/a	D255
620.8120000000	n/a	n/a	STATUS	n/a	n/a	D170
620.8640000000	n/a	n/a	STATUS	n/a	n/a	D255
620.9000000000	n/a	n/a	STATUS	n/a	n/a	DI54
620.9520000000	n/a	n/a	STATUS	n/a	n/a	D255
621.1480000000	n/a	n/a	STATUS	n/a	n/a	DI34
621.1960000000	n/a	n/a	STATUS	n/a	n/a	D255
621.4560000000	n/a	n/a	STATUS	n/a	n/a	DIN5
621.5040000000	n/a	n/a	STATUS	n/a	n/a	D255
621.9040000000	n/a	n/a	STATUS	n/a	n/a	DI82
621.9560000000	n/a	n/a	STATUS	n/a	n/a	D255
621.9920000000	n/a	n/a	STATUS	n/a	n/a	DI54
622.0440000000	n/a	n/a	STATUS	n/a	n/a	D255
622.2760000000	n/a	n/a	STATUS	n/a	n/a	DI34
622.3280000000	n/a	n/a	STATUS	n/a	n/a	D255
622.3280000000	n/a	n/a	STATUS	n/a	n/a	D227
622.5880000000	n/a	n/a	STATUS	n/a	n/a	DIN5
622.6360000000	n/a	n/a	STATUS	n/a	n/a	D255
623.1360000000	n/a	n/a	STATUS	n/a	n/a	D154
623.1880000000	n/a	n/a	STATUS	n/a	n/a	D255
623.2240000000	n/a	n/a	STATUS	n/a	n/a	DI53
623.2720000000	n/a	n/a	STATUS	n/a	n/a	D255
623.4440000000	n/a	n/a	STATUS	n/a	n/a	DI43
623.4960000000	n/a	n/a	STATUS	n/a	n/a	D255
623.7520000000	n/a	n/a	STATUS	n/a	n/a	DIN5
623.8040000000	n/a	n/a	STATUS	n/a	n/a	D255
624.2320000000	n/a	n/a	STATUS	n/a	n/a	D212
624.2840000000	n/a	n/a	STATUS	n/a	n/a	D255
624.3200000000	n/a	n/a	STATUS	n/a	n/a	DI52
624.3720000000	n/a	n/a	STATUS	n/a	n/a	D255
624.5200000000	n/a	n/a	STATUS	n/a	n/a	DI12
624.5720000000	n/a	n/a	STATUS	n/a	n/a	D255
624.5760000000	n/a	n/a	STATUS	n/a	n/a	DIN4
624.6280000000	n/a	n/a	STATUS	n/a	n/a	D255
640.4960000000	n/a	n/a	STATUS	n/a	n/a	DIN5
640.5440000000	n/a	n/a	STATUS	n/a	n/a	D255
641.0280000000	n/a	n/a	STATUS	n/a	n/a	D103
641.0800000000	n/a	n/a	STATUS	n/a	n/a	D255
641.1160000000	n/a	n/a	STATUS	n/a	n/a	DI51
641.1680000000	n/a	n/a	STATUS	n/a	n/a	D255
641.5200000000	n/a	n/a	STATUS	n/a	n/a	DI31
641.5720000000	n/a	n/a	STATUS	n/a	n/a	D255
641.8320000000	n/a	n/a	STATUS	n/a	n/a	DIN5
641.8800000000	n/a	n/a	STATUS	n/a	n/a	D255
642.2600000000	n/a	n/a	STATUS	n/a	n/a	DI72
642.3080000000	n/a	n/a	STATUS	n/a	n/a	D255
642.3480000000	n/a	n/a	STATUS	n/a	n/a	DI54
642.3960000000	n/a	n/a	STATUS	n/a	n/a	D255
642.6480000000	n/a	n/a	STATUS	n/a	n/a	DI34
642.6960000000	n/a	n/a	STATUS	n/a	n/a	D255
642.9560000000	n/a	n/a	STATUS	n/a	n/a	DIN5
643.0080000000	n/a	n/a	STATUS	n/a	n/a	D255
643.3920000000	n/a	n/a	STATUS	n/a	n/a	D235
643.4440000000	n/a	n/a	STATUS	n/a	n/a	D255
643.4800000000	n/a	n/a	STATUS	n/a	n/a	DI53
643.5280000000	n/a	n/a	STATUS	n/a	n/a	D255
643.7520000000	n/a	n/a	STATUS	n/a	n/a	DI43
643.8040000000	n/a	n/a	STATUS	n/a	n/a	D255
644.0600000000	n/a	n/a	STATUS	n/a	n/a	DIN5
644.1120000000	n/a	n/a	STATUS	n/a	n/a	D255
644.5720000000	n/a	n/a	STATUS	n/a	n/a	D207
644.6200000000	n/a	n/a	STATUS	n/a	n/a	D255
644.6600000000	n/a	n/a	STATUS	n/a	n/a	DI53
644.7080000000	n/a	n/a	STATUS	n/a	n/a	D255
644.9600000000	n/a	n/a	STATUS	n/a	n/a	DI43
645.0080000000	n/a	n/a	STATUS	n/a	n/a	D255
645.2680000000	n/a	n/a	STATUS	n/a	n/a	DIN5
645.3200000000	n/a	n/a	STATUS	n/a	n/a	D255
645.7640000000	n/a	n/a	STATUS	n/a	n/a	D116
645.8120000000	n/a	n/a	STATUS	n/a	n/a	D255
645.8520000000	n/a	n/a	STATUS	n/a	n/a	DI52
645.9000000000	n/a	n/a	STATUS	n/a	n/a	D255
646.1240000000	n/a	n/a	STATUS	n/a	n/a	DI12
646.1720000000	n/a	n/a	STATUS	n/a	n/a	D255
646.1760000000	n/a	n/a	STATUS	n/a	n/a	DIN4
646.2280000000	n/a	n/a	STATUS	n/a	n/a	D255
646.9840000000	n/a	n/a	STATUS	n/a	n/a	DIN5
647.0320000000	n/a	n/a	STATUS	n/a	n/a	D255
647.5200000000	n/a	n/a	STATUS	n/a	n/a	D102
647.5680000000	n/a	n/a	STATUS	n/a	n/a	D255
647.6040000000	n/a	n/a	STATUS	n/a	n/a	DI52
647.6560000000	n/a	n/a	STATUS	n/a	n/a	D255
647.8760000000	n/a	n/a	STATUS	n/a	n/a	DI12
647.9240000000	n/a	n/a	STATUS	n/a	n/a	D255
647.9280000000	n/a	n/a	STATUS	n/a	n/a	DIN4
647.9800000000	n/a	n/a	STATUS	n/a	n/a	D255
648.7360000000	n/a	n/a	STATUS	n/a	n/a	DIN5
648.7840000000	n/a	n/a	STATUS	n/a	n/a	D255
649.2760000000	n/a	n/a	STATUS	n/a	n/a	D198
649.3240000000	n/a	n/a	STATUS	n/a	n/a	D255
649.3600000000	n/a	n/a	STATUS	n/a	n/a	DI53
649.4120000000	n/a	n/a	STATUS	n/a	n/a	D255
649.6760000000	n/a	n/a	STATUS	n/a	n/a	DI43
649.7240000000	n/a	n/a	STATUS	n/a	n/a	D255
649.9840000000	n/a	n/a	STATUS	n/a	n/a	DIN5
650.0360000000	n/a	n/a	STATUS	n/a	n/a	D255
650.4480000000	n/a	n/a	STATUS	n/a	n/a	DI73
650.5000000000	n/a	n/a	STATUS	n/a	n/a	D255
650.5360000000	n/a	n/a	STATUS	n/a	n/a	DI52
650.5880000000	n/a	n/a	STATUS	n/a	n/a	D255
650.9320000000	n/a	n/a	STATUS	n/a	n/a	DI42
650.9800000000	n/a	n/a	STATUS	n/a	n/a	D255
651.2400000000	n/a	n/a	STATUS	n/a	n/a	DIN5
651.2920000000	n/a	n/a	STATUS	n/a	n/a	DI69
651.2920000000	n/a	n/a	STATUS	n/a	n/a	D255
651.6840000000	n/a	n/a	STATUS	n/a	n/a	D180
651.7360000000	n/a	n/a	STATUS	n/a	n/a	D255
651.7720000000	n/a	n/a	STATUS	n/a	n/a	DI52
651.8240000000	n/a	n/a	STATUS	n/a	n/a	D255
652.2680000000	n/a	n/a	STATUS	n/a	n/a	DI42
652.3160000000	n/a	n/a	STATUS	n/a	n/a	D255
652.5720000000	n/a	n/a	STATUS	n/a	n/a	DIN5
652.6240000000	n/a	n/a	STATUS	n/a	n/a	D255
653.1040000000	n/a	n/a	STATUS	n/a	n/a	D195
653.1560000000	n/a	n/a	STATUS	n/a	n/a	D255
653.1920000000	n/a	n/a	STATUS	n/a	n/a	DI53
653.2440000000	n/a	n/a	STATUS	n/a	n/a	D255
653.5000000000	n/a	n/a	STATUS	n/a	n/a	DI43
653.5480000000	n/a	n/a	STATUS	n/a	n/a	D255
653.8080000000	n/a	n/a	STATUS	n/a	n/a	DIN5
653.8560000000	n/a	n/a	STATUS	n/a	n/a	D255
654.2680000000	n/a	n/a	STATUS	n/a	n/a	D114
654.3200000000	n/a	n/a	STATUS	n/a	n/a	D255
654.3560000000	n/a	n/a	STATUS	n/a	n/a	DI53
654.4040000000	n/a	n/a	STATUS	n/a	n/a	D255
654.6880000000	n/a	n/a	STATUS	n/a	n/a	DI43
654.7400000000	n/a	n/a	STATUS	n/a	n/a	D255
654.9960000000	n/a	n/a	STATUS	n/a	n/a	DIN5
655.0480000000	n/a	n/a	STATUS	n/a	n/a	D255
655.3880000000	n/a	n/a	STATUS	n/a	n/a	D176
655.4360000000	n/a	n/a	STATUS	n/a	n/a	D255
655.4760000000	n/a	n/a	STATUS	n/a	n/a	DI52
655.5240000000	n/a	n/a	STATUS	n/a	n/a	D255
656.0000000000	n/a	n/a	STATUS	n/a	n/a	DI42
656.0480000000	n/a	n/a	STATUS	n/a	n/a	D255
656.3080000000	n/a	n/a	STATUS	n/a	n/a	DIN5
656.3560000000	n/a	n/a	STATUS	n/a	n/a	D255
656.7080000000	n/a	n/a	STATUS	n/a	n/a	D172
656.7560000000	n/a	n/a	STATUS	n/a	n/a	D255
656.7920000000	n/a	n/a	STATUS	n/a	n/a	DI52
656.8440000000	n/a	n/a	STATUS	n/a	n/a	D255
657.2160000000	n/a	n/a	STATUS	n/a	n/a	DI42
657.2640000000	n/a	n/a	STATUS	n/a	n/a	D255
657.5240000000	n/a	n/a	STATUS	n/a	n/a	DIN5
657.5760000000	n/a	n/a	STATUS	n/a	n/a	D255
658.0240000000	n/a	n/a	STATUS	n/a	n/a	D211
658.0760000000	n/a	n/a	STATUS	n/a	n/a	D255
658.1120000000	n/a	n/a	STATUS	n/a	n/a	DI51
658.1640000000	n/a	n/a	STATUS	n/a	n/a	D255
658.4040000000	n/a	n/a	STATUS	n/a	n/a	DI21
658.4520000000	n/a	n/a	STATUS	n/a	n/a	D255
658.4600000000	n/a	n/a	STATUS	n/a	n/a	DIN4
658.5080000000	n/a	n/a	STATUS	n/a	n/a	D255
659.2640000000	n/a	n/a	STATUS	n/a	n/a	DIN5
659.3120000000	n/a	n/a	STATUS	n/a	n/a	D255
659.8080000000	n/a	n/a	STATUS	n/a	n/a	D151
659.8560000000	n/a	n/a	STATUS	n/a	n/a	D255
659.8960000000	n/a	n/a	STATUS	n/a	n/a	DI51
659.9480000000	n/a	n/a	STATUS	n/a	n/a	D255
660.4120000000	n/a	n/a	STATUS	n/a	n/a	DI31
660.4640000000	n/a	n/a	STATUS	n/a	n/a	D255
660.7200000000	n/a	n/a	STATUS	n/a	n/a	DIN5
660.7720000000	n/a	n/a	STATUS	n/a	n/a	D255
661.2240000000	n/a	n/a	STATUS	n/a	n/a	D148
661.2760000000	n/a	n/a	STATUS	n/a	n/a	D255
661.3120000000	n/a	n/a	STATUS	n/a	n/a	DI52
661.3640000000	n/a	n/a	STATUS	n/a	n/a	D255
661.7120000000	n/a	n/a	STATUS	n/a	n/a	DI42
661.7640000000	n/a	n/a	STATUS	n/a	n/a	D255
662.0240000000	n/a	n/a	STATUS	n/a	n/a	DIN5
662.0720000000	n/a	n/a	STATUS	n/a	n/a	D255
662.4840000000	n/a	n/a	STATUS	n/a	n/a	DI92
662.5320000000	n/a	n/a	STATUS	n/a	n/a	D255
662.5720000000	n/a	n/a	STATUS	n/a	n/a	DI54
662.6200000000	n/a	n/a	STATUS	n/a	n/a	D255
662.8440000000	n/a	n/a	STATUS	n/a	n/a	DI34
662.8960000000	n/a	n/a	STATUS	n/a	n/a	D255
663.1520000000	n/a	n/a	STATUS	n/a	n/a	DIN5
663.2040000000	n/a	n/a	STATUS	n/a	n/a	D255
663.6400000000	n/a	n/a	STATUS	n/a	n/a	D230
663.6880000000	n/a	n/a	STATUS	n/a	n/a	D255
663.7280000000	n/a	n/a	STATUS	n/a	n/a	DI52
663.7760000000	n/a	n/a	STATUS	n/a	n/a	DI12
663.8280000000	n/a	n/a	STATUS	n/a	n/a	D255
663.8320000000	n/a	n/a	STATUS	n/a	n/a	DIN4
663.8800000000	n/a	n/a	STATUS	n/a	n/a	D255
664.6360000000	n/a	n/a	STATUS	n/a	n/a	DIN5
664.6840000000	n/a	n/a	STATUS	n/a	n/a	D255
665.1520000000	n/a	n/a	STATUS	n/a	n/a	D123
665.2000000000	n/a	n/a	STATUS	n/a	n/a	D255
665.2400000000	n/a	n/a	STATUS	n/a	n/a	DI53
665.2880000000	n/a	n/a	STATUS	n/a	n/a	D255
665.5960000000	n/a	n/a	STATUS	n/a	n/a	DI43
665.6480000000	n/a	n/a	STATUS	n/a	n/a	D255
665.9040000000	n/a	n/a	STATUS	n/a	n/a	DIN5
665.9560000000	n/a	n/a	STATUS	n/a	n/a	D255
666.3320000000	n/a	n/a	STATUS	n/a	n/a	D178
666.3800000000	n/a	n/a	STATUS	n/a	n/a	D255
666.4160000000	n/a	n/a	STATUS	n/a	n/a	DI52
666.4680000000	n/a	n/a	STATUS	n/a	n/a	D255
666.7920000000	n/a	n/a	STATUS	n/a	n/a	DI42
666.8440000000	n/a	n/a	STATUS	n/a	n/a	D255
667.1000000000	n/a	n/a	STATUS	n/a	n/a	DIN5
667.1520000000	n/a	n/a	STATUS	n/a	n/a	D255
667.6360000000	n/a	n/a	STATUS	n/a	n/a	D206
667.6840000000	n/a	n/a	STATUS	n/a	n/a	D255
667.7240000000	n/a	n/a	STATUS	n/a	n/a	DI51
667.7760000000	n/a	n/a	STATUS	n/a	n/a	D255
668.0200000000	n/a	n/a	STATUS	n/a	n/a	DI21
668.0680000000	n/a	n/a	STATUS	n/a	n/a	D255
668.0760000000	n/a	n/a	STATUS	n/a	n/a	DIN4
668.1240000000	n/a	n/a	STATUS	n/a	n/a	D255
668.8800000000	n/a	n/a	STATUS	n/a	n/a	DIN5
668.9280000000	n/a	n/a	STATUS	n/a	n/a	D255
669.2840000000	n/a	n/a	STATUS	n/a	n/a	D222
669.3360000000	n/a	n/a	STATUS	n/a	n/a	D255
669.3720000000	n/a	n/a	STATUS	n/a	n/a	DI52
669.4240000000	n/a	n/a	STATUS	n/a	n/a	D255
669.8400000000	n/a	n/a	STATUS	n/a	n/a	DI42
669.8920000000	n/a	n/a	STATUS	n/a	n/a	D255
670.1520000000	n/a	n/a	STATUS	n/a	n/a	DIN5
670.2000000000	n/a	n/a	STATUS	n/a	n/a	D255
670.6000000000	n/a	n/a	STATUS	n/a	n/a	D188
670.6480000000	n/a	n/a	STATUS	n/a	n/a	D255
670.6880000000	n/a	n/a	STATUS	n/a	n/a	DI54
670.7400000000	n/a	n/a	STATUS	n/a	n/a	D255
671.1760000000	n/a	n/a	STATUS	n/a	n/a	DI34
671.2240000000	n/a	n/a	STATUS	n/a	n/a	D255
671.4840000000	n/a	n/a	STATUS	n/a	n/a	DIN5
671.5320000000	n/a	n/a	STATUS	n/a	n/a	D255
671.9920000000	n/a	n/a	STATUS	n/a	n/a	D189
672.0440000000	n/a	n/a	STATUS	n/a	n/a	D255
672.0800000000	n/a	n/a	STATUS	n/a	n/a	DI54
672.1320000000	n/a	n/a	STATUS	n/a	n/a	D255
672.4280000000	n/a	n/a	STATUS	n/a	n/a	DI34
672.4760000000	n/a	n/a	STATUS	n/a	n/a	D255
672.7360000000	n/a	n/a	STATUS	n/a	n/a	DIN5
672.7840000000	n/a	n/a	STATUS	n/a	n/a	D255
673.1840000000	n/a	n/a	STATUS	n/a	n/a	D173
673.2360000000	n/a	n/a	STATUS	n/a	n/a	D255
673.2720000000	n/a	n/a	STATUS	n/a	n/a	DI54
673.3240000000	n/a	n/a	STATUS	n/a	n/a	D255
673.6600000000	n/a	n/a	STATUS	n/a	n/a	DI34
673.7120000000	n/a	n/a	STATUS	n/a	n/a	D255
673.9680000000	n/a	n/a	STATUS	n/a	n/a	DIN5
674.0200000000	n/a	n/a	STATUS	n/a	n/a	D255
674.3680000000	n/a	n/a	STATUS	n/a	n/a	DI66
674.4200000000	n/a	n/a	STATUS	n/a	n/a	D255
674.4560000000	n/a	n/a	STATUS	n/a	n/a	DI51
674.5080000000	n/a	n/a	STATUS	n/a	n/a	D255
674.9880000000	n/a	n/a	STATUS	n/a	n/a	DI31
675.0400000000	n/a	n/a	STATUS	n/a	n/a	D255
675.3000000000	n/a	n/a	STATUS	n/a	n/a	DIN5
675.3480000000	n/a	n/a	STATUS	n/a	n/a	D255
675.7720000000	n/a	n/a	STATUS	n/a	n/a	D246
675.8240000000	n/a	n/a	STATUS	n/a	n/a	D255
675.8600000000	n/a	n/a	STATUS	n/a	n/a	DI52
675.9120000000	n/a	n/a	STATUS	n/a	n/a	D255
676.3040000000	n/a	n/a	STATUS	n/a	n/a	DI42
676.3560000000	n/a	n/a	STATUS	n/a	n/a	D255
676.6120000000	n/a	n/a	STATUS	n/a	n/a	DIN5
676.6640000000	n/a	n/a	STATUS	n/a	n/a	D255
677.0480000000	n/a	n/a	STATUS	n/a	n/a	D115
677.0960000000	n/a	n/a	STATUS	n/a	n/a	D255
677.1360000000	n/a	n/a	STATUS	n/a	n/a	DI51
677.1840000000	n/a	n/a	STATUS	n/a	n/a	D255
677.4840000000	n/a	n/a	STATUS	n/a	n/a	DI31
677.5320000000	n/a	n/a	STATUS	n/a	n/a	D255
677.7920000000	n/a	n/a	STATUS	n/a	n/a	DIN5
677.8400000000	n/a	n/a	STATUS	n/a	n/a	D255
678.2560000000	n/a	n/a	STATUS	n/a	n/a	DI68
678.3080000000	n/a	n/a	STATUS	n/a	n/a	D255
678.3440000000	n/a	n/a	STATUS	n/a	n/a	DI53
678.3920000000	n/a	n/a	STATUS	n/a	n/a	D255
678.6080000000	n/a	n/a	STATUS	n/a	n/a	DI43
678.6600000000	n/a	n/a	STATUS	n/a	n/a	D255
678.9160000000	n/a	n/a	STATUS	n/a	n/a	DIN5
678.9680000000	n/a	n/a	STATUS	n/a	n/a	D255
679.3720000000	n/a	n/a	STATUS	n/a	n/a	D141
679.4240000000	n/a	n/a	STATUS	n/a	n/a	D255
679.4600000000	n/a	n/a	STATUS	n/a	n/a	DI53
679.5120000000	n/a	n/a	STATUS	n/a	n/a	D255
679.7640000000	n/a	n/a	STATUS	n/a	n/a	DI43
679.8120000000	n/a	n/a	STATUS	n/a	n/a	D255
680.0720000000	n/a	n/a	STATUS	n/a	n/a	DIN5
680.1240000000	n/a	n/a	STATUS	n/a	n/a	D255
680.6080000000	n/a	n/a	STATUS	n/a	n/a	D125
680.6560000000	n/a	n/a	STATUS	n/a	n/a	D255
680.6960000000	n/a	n/a	STATUS	n/a	n/a	DI51
680.7440000000	n/a	n/a	STATUS	n/a	n/a	D255
681.0600000000	n/a	n/a	STATUS	n/a	n/a	DI31
681.1120000000	n/a	n/a	STATUS	n/a	n/a	D255
681.3680000000	n/a	n/a	STATUS	n/a	n/a	DIN5
681.4200000000	n/a	n/a	STATUS	n/a	n/a	D255
681.8320000000	n/a	n/a	STATUS	n/a	n/a	D187
681.8840000000	n/a	n/a	STATUS	n/a	n/a	D255
681.9200000000	n/a	n/a	STATUS	n/a	n/a	DI51
681.9720000000	n/a	n/a	STATUS	n/a	n/a	D255
682.3480000000	n/a	n/a	STATUS	n/a	n/a	DI31
682.4000000000	n/a	n/a	STATUS	n/a	n/a	D255
682.6560000000	n/a	n/a	STATUS	n/a	n/a	DIN5
682.7080000000	n/a	n/a	STATUS	n/a	n/a	D255
683.1560000000	n/a	n/a	STATUS	n/a	n/a	D162
683.2080000000	n/a	n/a	STATUS	n/a	n/a	D255
683.2440000000	n/a	n/a	STATUS	n/a	n/a	DI52
683.2960000000	n/a	n/a	STATUS	n/a	n/a	D255
683.6640000000	n/a	n/a	STATUS	n/a	n/a	DI42
683.7120000000	n/a	n/a	STATUS	n/a	n/a	D255
683.9720000000	n/a	n/a	STATUS	n/a	n/a	DIN5
684.0200000000	n/a	n/a	STATUS	n/a	n/a	D255
684.4400000000	n/a	n/a	STATUS	n/a	n/a	D104
684.4920000000	n/a	n/a	STATUS	n/a	n/a	D255
684.5280000000	n/a	n/a	STATUS	n/a	n/a	DI51
684.5800000000	n/a	n/a	STATUS	n/a	n/a	D255
684.9160000000	n/a	n/a	STATUS	n/a	n/a	DI31
684.9640000000	n/a	n/a	STATUS	n/a	n/a	D255
685.2240000000	n/a	n/a	STATUS	n/a	n/a	DIN5
685.2760000000	n/a	n/a	STATUS	n/a	n/a	D255
685.7640000000	n/a	n/a	STATUS	n/a	n/a	D228
685.8160000000	n/a	n/a	STATUS	n/a	n/a	D255
685.8520000000	n/a	n/a	STATUS	n/a	n/a	DI51
685.9040000000	n/a	n/a	STATUS	n/a	n/a	D255
686.3200000000	n/a	n/a	STATUS	n/a	n/a	DI31
686.3680000000	n/a	n/a	STATUS	n/a	n/a	D255
686.6280000000	n/a	n/a	STATUS	n/a	n/a	DIN5
686.6760000000	n/a	n/a	STATUS	n/a	n/a	D255
687.0320000000	n/a	n/a	STATUS	n/a	n/a	D223
687.0800000000	n/a	n/a	STATUS	n/a	n/a	D255
687.1200000000	n/a	n/a	STATUS	n/a	n/a	DI54
687.1680000000	n/a	n/a	STATUS	n/a	n/a	D255
687.4040000000	n/a	n/a	STATUS	n/a	n/a	DI34
687.4560000000	n/a	n/a	STATUS	n/a	n/a	D255
687.7120000000	n/a	n/a	STATUS	n/a	n/a	DIN5
687.7640000000	n/a	n/a	STATUS	n/a	n/a	D255
688.1840000000	n/a	n/a	STATUS	n/a	n/a	D167
688.2320000000	n/a	n/a	STATUS	n/a	n/a	D255
688.2720000000	n/a	n/a	STATUS	n/a	n/a	DI53
688.3200000000	n/a	n/a	STATUS	n/a	n/a	D255
688.5640000000	n/a	n/a	STATUS	n/a	n/a	DI43
688.6120000000	n/a	n/a	STATUS	n/a	n/a	D255
688.8720000000	n/a	n/a	STATUS	n/a	n/a	DIN5
688.9240000000	n/a	n/a	STATUS	n/a	n/a	D255
689.3480000000	n/a	n/a	STATUS	n/a	n/a	DI96
689.3960000000	n/a	n/a	STATUS	n/a	n/a	D255
689.4360000000	n/a	n/a	STATUS	n/a	n/a	DI53
689.4840000000	n/a	n/a	STATUS	n/a	n/a	D255
689.7680000000	n/a	n/a	STATUS	n/a	n/a	DI43
689.8160000000	n/a	n/a	STATUS	n/a	n/a	D255
690.0760000000	n/a	n/a	STATUS	n/a	n/a	DIN5
690.1280000000	n/a	n/a	STATUS	n/a	n/a	D255
690.6080000000	n/a	n/a	STATUS	n/a	n/a	D138
690.6560000000	n/a	n/a	STATUS	n/a	n/a	D255
690.6920000000	n/a	n/a	STATUS	n/a	n/a	DI54
690.7440000000	n/a	n/a	STATUS	n/a	n/a	D255
691.0200000000	n/a	n/a	STATUS	n/a	n/a	DI34
691.0720000000	n/a	n/a	STATUS	n/a	n/a	D255
691.3320000000	n/a	n/a	STATUS	n/a	n/a	DIN5
691.3800000000	n/a	n/a	STATUS	n/a	n/a	D255
691.8440000000	n/a	n/a	STATUS	n/a	n/a	D202
691.8960000000	n/a	n/a	STATUS	n/a	n/a	D255
691.9360000000	n/a	n/a	STATUS	n/a	n/a	DI54
691.9840000000	n/a	n/a	STATUS	n/a	n/a	D255
692.2160000000	n/a	n/a	STATUS	n/a	n/a	DI34
692.2680000000	n/a	n/a	STATUS	n/a	n/a	D255
692.5280000000	n/a	n/a	STATUS	n/a	n/a	DIN5
692.5760000000	n/a	n/a	STATUS	n/a	n/a	D255
693.0800000000	n/a	n/a	STATUS	n/a	n/a	D135
693.1320000000	n/a	n/a	STATUS	n/a	n/a	D255
693.1680000000	n/a	n/a	STATUS	n/a	n/a	DI52
693.2200000000	n/a	n/a	STATUS	n/a	n/a	D255
693.4080000000	n/a	n/a	STATUS	n/a	n/a	DI12
693.4600000000	n/a	n/a	STATUS	n/a	n/a	D255
693.4640000000	n/a	n/a	STATUS	n/a	n/a	DIN4
693.5160000000	n/a	n/a	STATUS	n/a	n/a	D255
694.2680000000	n/a	n/a	STATUS	n/a	n/a	DIN5
694.3200000000	n/a	n/a	STATUS	n/a	n/a	D255
694.7280000000	n/a	n/a	STATUS	n/a	n/a	D242
694.7800000000	n/a	n/a	STATUS	n/a	n/a	D255
694.8160000000	n/a	n/a	STATUS	n/a	n/a	DI53
694.8680000000	n/a	n/a	STATUS	n/a	n/a	D255
695.1760000000	n/a	n/a	STATUS	n/a	n/a	DI43
695.2280000000	n/a	n/a	STATUS	n/a	n/a	D255
695.4840000000	n/a	n/a	STATUS	n/a	n/a	DIN5
695.5360000000	n/a	n/a	STATUS	n/a	n/a	D255
695.8720000000	n/a	n/a	STATUS	n/a	n/a	D122
695.9200000000	n/a	n/a	STATUS	n/a	n/a	D255
695.9560000000	n/a	n/a	STATUS	n/a	n/a	DI54
696.0080000000	n/a	n/a	STATUS	n/a	n/a	D255
696.3480000000	n/a	n/a	STATUS	n/a	n/a	DI34
696.4000000000	n/a	n/a	STATUS	n/a	n/a	D255
696.6600000000	n/a	n/a	STATUS	n/a	n/a	DIN5
696.7080000000	n/a	n/a	STATUS	n/a	n/a	D255
697.1360000000	n/a	n/a	STATUS	n/a	n/a	D137
697.1880000000	n/a	n/a	STATUS	n/a	n/a	D255
697.2240000000	n/a	n/a	STATUS	n/a	n/a	DI52
697.2760000000	n/a	n/a	STATUS	n/a	n/a	D255
697.6080000000	n/a	n/a	STATUS	n/a	n/a	DI42
697.6560000000	n/a	n/a	STATUS	n/a	n/a	D255
697.9160000000	n/a	n/a	STATUS	n/a	n/a	DIN5
697.9640000000	n/a	n/a	STATUS	n/a	n/a	D255
698.2760000000	n/a	n/a	STATUS	n/a	n/a	D127
698.3240000000	n/a	n/a	STATUS	n/a	n/a	D255
698.3640000000	n/a	n/a	STATUS	n/a	n/a	DI52
698.4120000000	n/a	n/a	STATUS	n/a	n/a	D255
698.7280000000	n/a	n/a	STATUS	n/a	n/a	DI42
698.7800000000	n/a	n/a	STATUS	n/a	n/a	D255
699.0360000000	n/a	n/a	STATUS	n/a	n/a	DIN5
699.0880000000	n/a	n/a	STATUS	n/a	n/a	D255
699.4960000000	n/a	n/a	STATUS	n/a	n/a	D185
699.5480000000	n/a	n/a	STATUS	n/a	n/a	D255
699.5840000000	n/a	n/a	STATUS	n/a	n/a	DI53
699.6360000000	n/a	n/a	STATUS	n/a	n/a	D255
699.8680000000	n/a	n/a	STATUS	n/a	n/a	DI43
699.9160000000	n/a	n/a	STATUS	n/a	n/a	D255
700.1760000000	n/a	n/a	STATUS	n/a	n/a	DIN5
700.2280000000	n/a	n/a	STATUS	n/a	n/a	D255
700.6280000000	n/a	n/a	STATUS	n/a	n/a	D120
700.6760000000	n/a	n/a	STATUS	n/a	n/a	D255
700.7120000000	n/a	n/a	STATUS	n/a	n/a	DI51
700.7640000000	n/a	n/a	STATUS	n/a	n/a	D255
700.9800000000	n/a	n/a	STATUS	n/a	n/a	DI21
701.0280000000	n/a	n/a	STATUS	n/a	n/a	D255
701.0320000000	n/a	n/a	STATUS	n/a	n/a	DIN4
701.0840000000	n/a	n/a	STATUS	n/a	n/a	D255
701.8400000000	n/a	n/a	STATUS	n/a	n/a	DIN5
701.8880000000	n/a	n/a	STATUS	n/a	n/a	D255
702.2040000000	n/a	n/a	STATUS	n/a	n/a	D161
702.2520000000	n/a	n/a	STATUS	n/a	n/a	D255
702.2920000000	n/a	n/a	STATUS	n/a	n/a	DI53
702.3400000000	n/a	n/a	STATUS	n/a	n/a	D255
702.6520000000	n/a	n/a	STATUS	n/a	n/a	DI43
702.7040000000	n/a	n/a	STATUS	n/a	n/a	D255
702.9640000000	n/a	n/a	STATUS	n/a	n/a	DIN5
703.0120000000	n/a	n/a	STATUS	n/a	n/a	D255
703.5040000000	n/a	n/a	STATUS	n/a	n/a	D213
703.5520000000	n/a	n/a	STATUS	n/a	n/a	D255
703.5920000000	n/a	n/a	STATUS	n/a	n/a	DI51
703.6400000000	n/a	n/a	STATUS	n/a	n/a	D255
704.0960000000	n/a	n/a	STATUS	n/a	n/a	DI31
704.1440000000	n/a	n/a	STATUS	n/a	n/a	D255
704.4040000000	n/a	n/a	STATUS	n/a	n/a	DIN5
704.4520000000	n/a	n/a	STATUS	n/a	n/a	D255
704.7960000000	n/a	n/a	STATUS	n/a	n/a	DI93
704.8480000000	n/a	n/a	STATUS	n/a	n/a	D255
704.8840000000	n/a	n/a	STATUS	n/a	n/a	DI52
704.9360000000	n/a	n/a	STATUS	n/a	n/a	D255
705.2520000000	n/a	n/a	STATUS	n/a	n/a	DI42
705.3000000000	n/a	n/a	STATUS	n/a	n/a	D255
705.5600000000	n/a	n/a	STATUS	n/a	n/a	DIN5
705.6120000000	n/a	n/a	STATUS	n/a	n/a	D255
706.1040000000	n/a	n/a	STATUS	n/a	n/a	D152
706.1560000000	n/a	n/a	STATUS	n/a	n/a	D255
706.1920000000	n/a	n/a	STATUS	n/a	n/a	DI53
706.2440000000	n/a	n/a	STATUS	n/a	n/a	D255
706.5200000000	n/a	n/a	STATUS	n/a	n/a	DI43
706.5720000000	n/a	n/a	STATUS	n/a	n/a	D255
706.8320000000	n/a	n/a	STATUS	n/a	n/a	DIN5
706.8800000000	n/a	n/a	STATUS	n/a	n/a	D255
707.3840000000	n/a	n/a	STATUS	n/a	n/a	DI67
707.4360000000	n/a	n/a	STATUS	n/a	n/a	D255
707.4720000000	n/a	n/a	STATUS	n/a	n/a	DI54
707.5240000000	n/a	n/a	STATUS	n/a	n/a	D255
707.8160000000	n/a	n/a	STATUS	n/a	n/a	DI34
707.8640000000	n/a	n/a	STATUS	n/a	n/a	D255
708.1240000000	n/a	n/a	STATUS	n/a	n/a	DIN5
708.1760000000	n/a	n/a	STATUS	n/a	n/a	D255
708.6680000000	n/a	n/a	STATUS	n/a	n/a	DI91
708.7200000000	n/a	n/a	STATUS	n/a	n/a	D255
708.7560000000	n/a	n/a	STATUS	n/a	n/a	DI52
708.8080000000	n/a	n/a	STATUS	n/a	n/a	D255
709.1480000000	n/a	n/a	STATUS	n/a	n/a	DI42
709.2000000000	n/a	n/a	STATUS	n/a	n/a	D255
709.4600000000	n/a	n/a	STATUS	n/a	n/a	DIN5
709.5080000000	n/a	n/a	STATUS	n/a	n/a	D255
709.9520000000	n/a	n/a	STATUS	n/a	n/a	D129
710.0000000000	n/a	n/a	STATUS	n/a	n/a	D255
710.0400000000	n/a	n/a	STATUS	n/a	n/a	DI54
710.0880000000	n/a	n/a	STATUS	n/a	n/a	D255
710.4440000000	n/a	n/a	STATUS	n/a	n/a	DI34
710.4960000000	n/a	n/a	STATUS	n/a	n/a	D255
710.7560000000	n/a	n/a	STATUS	n/a	n/a	DIN5
710.8040000000	n/a	n/a	STATUS	n/a	n/a	D255
711.2600000000	n/a	n/a	STATUS	n/a	n/a	D232
711.3080000000	n/a	n/a	STATUS	n/a	n/a	D255
711.3480000000	n/a	n/a	STATUS	n/a	n/a	DI54
711.3960000000	n/a	n/a	STATUS	n/a	n/a	D255
711.7080000000	n/a	n/a	STATUS	n/a	n/a	DI34
711.7560000000	n/a	n/a	STATUS	n/a	n/a	D255
712.0160000000	n/a	n/a	STATUS	n/a	n/a	DIN5
712.0680000000	n/a	n/a	STATUS	n/a	n/a	D255
712.4080000000	n/a	n/a	STATUS	n/a	n/a	D224
712.4560000000	n/a	n/a	STATUS	n/a	n/a	D255
712.4960000000	n/a	n/a	STATUS	n/a	n/a	DI52
712.5440000000	n/a	n/a	STATUS	n/a	n/a	D255
712.7960000000	n/a	n/a	STATUS	n/a	n/a	DI12
712.8480000000	n/a	n/a	STATUS	n/a	n/a	D255
712.8520000000	n/a	n/a	STATUS	n/a	n/a	DIN4
712.9000000000	n/a	n/a	STATUS	n/a	n/a	D255
713.6560000000	n/a	n/a	STATUS	n/a	n/a	DIN5
713.7080000000	n/a	n/a	STATUS	n/a	n/a	D255
714.1680000000	n/a	n/a	STATUS	n/a	n/a	D155
714.2160000000	n/a	n/a	STATUS	n/a	n/a	D255
714.2560000000	n/a	n/a	STATUS	n/a	n/a	DI53
714.3040000000	n/a	n/a	STATUS	n/a	n/a	D255
714.6160000000	n/a	n/a	STATUS	n/a	n/a	DI43
714.6680000000	n/a	n/a	STATUS	n/a	n/a	D255
714.9280000000	n/a	n/a	STATUS	n/a	n/a	DIN5
714.9760000000	n/a	n/a	STATUS	n/a	n/a	D255
715.3960000000	n/a	n/a	STATUS	n/a	n/a	D192
715.4480000000	n/a	n/a	STATUS	n/a	n/a	D255
715.4840000000	n/a	n/a	STATUS	n/a	n/a	DI53
715.5360000000	n/a	n/a	STATUS	n/a	n/a	D255
715.7960000000	n/a	n/a	STATUS	n/a	n/a	DI43
715.8480000000	n/a	n/a	STATUS	n/a	n/a	D255
716.1080000000	n/a	n/a	STATUS	n/a	n/a	DIN5
716.1560000000	n/a	n/a	STATUS	n/a	n/a	D255
716.6440000000	n/a	n/a	STATUS	n/a	n/a	D146
716.6920000000	n/a	n/a	STATUS	n/a	n/a	D255
716.7280000000	n/a	n/a	STATUS	n/a	n/a	DI52
716.7800000000	n/a	n/a	STATUS	n/a	n/a	D255
717.1240000000	n/a	n/a	STATUS	n/a	n/a	DI42
717.1760000000	n/a	n/a	STATUS	n/a	n/a	D255
717.4320000000	n/a	n/a	STATUS	n/a	n/a	DIN5
717.4840000000	n/a	n/a	STATUS	n/a	n/a	D255
717.9520000000	n/a	n/a	STATUS	n/a	n/a	D196
718.0040000000	n/a	n/a	STATUS	n/a	n/a	D255
718.0400000000	n/a	n/a	STATUS	n/a	n/a	DI52
718.0920000000	n/a	n/a	STATUS	n/a	n/a	D255
718.4200000000	n/a	n/a	STATUS	n/a	n/a	DI42
718.4720000000	n/a	n/a	STATUS	n/a	n/a	D255
718.7280000000	n/a	n/a	STATUS	n/a	n/a	DIN5
718.7800000000	n/a	n/a	STATUS	n/a	n/a	D255
719.0880000000	n/a	n/a	STATUS	n/a	n/a	D142
719.1400000000	n/a	n/a	STATUS	n/a	n/a	D255
719.1760000000	n/a	n/a	STATUS	n/a	n/a	DI54
719.2280000000	n/a	n/a	STATUS	n/a	n/a	D255
720.2560000000	n/a	n/a	STATUS	n/a	n/a	DIN3
720.3040000000	n/a	n/a	STATUS	n/a	n/a	D255
721.0600000000	n/a	n/a	STATUS	n/a	n/a	DIN5
721.1080000000	n/a	n/a	STATUS	n/a	n/a	D255
721.4320000000	n/a	n/a	STATUS	n/a	n/a	DI74
721.4840000000	n/a	n/a	STATUS	n/a	n/a	D255
721.5200000000	n/a	n/a	STATUS	n/a	n/a	DI51
721.5720000000	n/a	n/a	STATUS	n/a	n/a	D255
722.0200000000	n/a	n/a	STATUS	n/a	n/a	DI31
722.0720000000	n/a	n/a	STATUS	n/a	n/a	D255
722.3280000000	n/a	n/a	STATUS	n/a	n/a	DIN5
722.3800000000	n/a	n/a	STATUS	n/a	n/a	D255
722.8080000000	n/a	n/a	STATUS	n/a	n/a	D200
722.8600000000	n/a	n/a	STATUS	n/a	n/a	D255
722.8960000000	n/a	n/a	STATUS	n/a	n/a	DI54
722.9480000000	n/a	n/a	STATUS	n/a	n/a	D255
723.1840000000	n/a	n/a	STATUS	n/a	n/a	DI34
723.2360000000	n/a	n/a	STATUS	n/a	n/a	D255
723.4920000000	n/a	n/a	STATUS	n/a	n/a	DIN5
723.5440000000	n/a	n/a	STATUS	n/a	n/a	D255
723.9080000000	n/a	n/a	STATUS	n/a	n/a	DI94
723.9600000000	n/a	n/a	STATUS	n/a	n/a	D255
723.9960000000	n/a	n/a	STATUS	n/a	n/a	DI52
724.0480000000	n/a	n/a	STATUS	n/a	n/a	D255
724.3440000000	n/a	n/a	STATUS	n/a	n/a	DI42
724.3960000000	n/a	n/a	STATUS	n/a	n/a	D255
724.6560000000	n/a	n/a	STATUS	n/a	n/a	DIN5
724.7040000000	n/a	n/a	STATUS	n/a	n/a	D255
725.0720000000	n/a	n/a	STATUS	n/a	n/a	D140
725.1240000000	n/a	n/a	STATUS	n/a	n/a	D255
725.1600000000	n/a	n/a	STATUS	n/a	n/a	DI53
725.2120000000	n/a	n/a	STATUS	n/a	n/a	D255
725.4280000000	n/a	n/a	STATUS	n/a	n/a	DI43
725.4800000000	n/a	n/a	STATUS	n/a	n/a	D255
725.7360000000	n/a	n/a	STATUS	n/a	n/a	DIN5
725.7880000000	n/a	n/a	STATUS	n/a	n/a	D255
726.1120000000	n/a	n/a	STATUS	n/a	n/a	D119
726.1640000000	n/a	n/a	STATUS	n/a	n/a	D255
726.2000000000	n/a	n/a	STATUS	n/a	n/a	DI51
726.2520000000	n/a	n/a	STATUS	n/a	n/a	D255
726.5640000000	n/a	n/a	STATUS	n/a	n/a	DI31
726.6160000000	n/a	n/a	STATUS	n/a	n/a	D255
726.8760000000	n/a	n/a	STATUS	n/a	n/a	DIN5
726.9240000000	n/a	n/a	STATUS	n/a	n/a	D255
727.2480000000	n/a	n/a	STATUS	n/a	n/a	D226
727.3000000000	n/a	n/a	STATUS	n/a	n/a	D255
727.3360000000	n/a	n/a	STATUS	n/a	n/a	DI51
727.3880000000	n/a	n/a	STATUS	n/a	n/a	D255
727.7240000000	n/a	n/a	STATUS	n/a	n/a	DI31
727.7720000000	n/a	n/a	STATUS	n/a	n/a	D255
728.0320000000	n/a	n/a	STATUS	n/a	n/a	DIN5
728.0800000000	n/a	n/a	STATUS	n/a	n/a	D255
728.5080000000	n/a	n/a	STATUS	n/a	n/a	D191
728.5560000000	n/a	n/a	STATUS	n/a	n/a	D255
728.5960000000	n/a	n/a	STATUS	n/a	n/a	DI51
728.6440000000	n/a	n/a	STATUS	n/a	n/a	D255
728.9720000000	n/a	n/a	STATUS	n/a	n/a	DI31
729.0200000000	n/a	n/a	STATUS	n/a	n/a	D255
729.2800000000	n/a	n/a	STATUS	n/a	n/a	DIN5
729.3320000000	n/a	n/a	STATUS	n/a	n/a	D255
729.8320000000	n/a	n/a	STATUS	n/a	n/a	DI87
729.8800000000	n/a	n/a	STATUS	n/a	n/a	D255
729.9160000000	n/a	n/a	STATUS	n/a	n/a	DI54
729.9680000000	n/a	n/a	STATUS	n/a	n/a	D255
730.2680000000	n/a	n/a	STATUS	n/a	n/a	DI34
730.3160000000	n/a	n/a	STATUS	n/a	n/a	D255
730.5760000000	n/a	n/a	STATUS	n/a	n/a	DIN5
730.6240000000	n/a	n/a	STATUS	n/a	n/a	D255
731.1240000000	n/a	n/a	STATUS	n/a	n/a	D240
731.1760000000	n/a	n/a	STATUS	n/a	n/a	D255
731.2120000000	n/a	n/a	STATUS	n/a	n/a	DI53
731.2640000000	n/a	n/a	STATUS	n/a	n/a	D255
731.4680000000	n/a	n/a	STATUS	n/a	n/a	DI43
731.5160000000	n/a	n/a	STATUS	n/a	n/a	D255
731.7760000000	n/a	n/a	STATUS	n/a	n/a	DIN5
731.8280000000	n/a	n/a	STATUS	n/a	n/a	D255
732.1400000000	n/a	n/a	STATUS	n/a	n/a	D238
732.1920000000	n/a	n/a	STATUS	n/a	n/a	D255
732.2280000000	n/a	n/a	STATUS	n/a	n/a	DI52
732.2800000000	n/a	n/a	STATUS	n/a	n/a	D255
732.6480000000	n/a	n/a	STATUS	n/a	n/a	DI42
732.7000000000	n/a	n/a	STATUS	n/a	n/a	D255
732.9560000000	n/a	n/a	STATUS	n/a	n/a	DIN5
733.0080000000	n/a	n/a	STATUS	n/a	n/a	D255
733.4880000000	n/a	n/a	STATUS	n/a	n/a	DI83
733.5360000000	n/a	n/a	STATUS	n/a	n/a	D255
733.5760000000	n/a	n/a	STATUS	n/a	n/a	DI54
733.6240000000	n/a	n/a	STATUS	n/a	n/a	D255
733.8880000000	n/a	n/a	STATUS	n/a	n/a	DI34
733.9400000000	n/a	n/a	STATUS	n/a	n/a	D255
734.2000000000	n/a	n/a	STATUS	n/a	n/a	DIN5
734.2480000000	n/a	n/a	STATUS	n/a	n/a	D255
734.6720000000	n/a	n/a	STATUS	n/a	n/a	D175
734.7240000000	n/a	n/a	STATUS	n/a	n/a	D255
734.7600000000	n/a	n/a	STATUS	n/a	n/a	DI53
734.8080000000	n/a	n/a	STATUS	n/a	n/a	D255
735.0200000000	n/a	n/a	STATUS	n/a	n/a	DI43
735.0680000000	n/a	n/a	STATUS	n/a	n/a	D255
735.3280000000	n/a	n/a	STATUS	n/a	n/a	DIN5
735.3800000000	n/a	n/a	STATUS	n/a	n/a	D255
735.7320000000	n/a	n/a	STATUS	n/a	n/a	D227
735.7840000000	n/a	n/a	STATUS	n/a	n/a	D255
735.8200000000	n/a	n/a	STATUS	n/a	n/a	DI54
735.8720000000	n/a	n/a	STATUS	n/a	n/a	D255
736.1920000000	n/a	n/a	STATUS	n/a	n/a	DI34
736.2440000000	n/a	n/a	STATUS	n/a	n/a	D255
736.5040000000	n/a	n/a	STATUS	n/a	n/a	DIN5
736.5520000000	n/a	n/a	STATUS	n/a	n/a	D255
737.0520000000	n/a	n/a	STATUS	n/a	n/a	D212
737.1040000000	n/a	n/a	STATUS	n/a	n/a	D255
737.1400000000	n/a	n/a	STATUS	n/a	n/a	DI53
737.1920000000	n/a	n/a	STATUS	n/a	n/a	D255
737.3760000000	n/a	n/a	STATUS	n/a	n/a	DI43
737.4240000000	n/a	n/a	STATUS	n/a	n/a	D255
737.6840000000	n/a	n/a	STATUS	n/a	n/a	DIN5
737.7360000000	n/a	n/a	STATUS	n/a	n/a	D255
738.1400000000	n/a	n/a	STATUS	n/a	n/a	D100
738.1880000000	n/a	n/a	STATUS	n/a	n/a	D255
738.2280000000	n/a	n/a	STATUS	n/a	n/a	DI53
738.2760000000	n/a	n/a	STATUS	n/a	n/a	D255
738.4920000000	n/a	n/a	STATUS	n/a	n/a	DI43
738.5400000000	n/a	n/a	STATUS	n/a	n/a	D255
738.8000000000	n/a	n/a	STATUS	n/a	n/a	DIN5
738.8520000000	n/a	n/a	STATUS	n/a	n/a	D255
739.3200000000	n/a	n/a	STATUS	n/a	n/a	D117
739.3720000000	n/a	n/a	STATUS	n/a	n/a	D255
739.4080000000	n/a	n/a	STATUS	n/a	n/a	DI53
739.4560000000	n/a	n/a	STATUS	n/a	n/a	D255
739.6680000000	n/a	n/a	STATUS	n/a	n/a	DI43
739.7200000000	n/a	n/a	STATUS	n/a	n/a	D255
739.9800000000	n/a	n/a	STATUS	n/a	n/a	DIN5
740.0280000000	n/a	n/a	STATUS	n/a	n/a	D255
740.3680000000	n/a	n/a	STATUS	n/a	n/a	D174
740.4160000000	n/a	n/a	STATUS	n/a	n/a	D255
740.4560000000	n/a	n/a	STATUS	n/a	n/a	DI54
740.5040000000	n/a	n/a	STATUS	n/a	n/a	D255
740.7680000000	n/a	n/a	STATUS	n/a	n/a	DI34
740.8200000000	n/a	n/a	STATUS	n/a	n/a	D255
741.0800000000	n/a	n/a	STATUS	n/a	n/a	DIN5
741.1280000000	n/a	n/a	STATUS	n/a	n/a	D255
741.5520000000	n/a	n/a	STATUS	n/a	n/a	D183
741.6040000000	n/a	n/a	STATUS	n/a	n/a	D255
741.6400000000	n/a	n/a	STATUS	n/a	n/a	DI54
741.6920000000	n/a	n/a	STATUS	n/a	n/a	D255
741.9480000000	n/a	n/a	STATUS	n/a	n/a	DI34
741.9960000000	n/a	n/a	STATUS	n/a	n/a	D255
742.2560000000	n/a	n/a	STATUS	n/a	n/a	DIN5
742.3040000000	n/a	n/a	STATUS	n/a	n/a	D255
742.7360000000	n/a	n/a	STATUS	n/a	n/a	D145
742.7840000000	n/a	n/a	STATUS	n/a	n/a	D255
742.8240000000	n/a	n/a	STATUS	n/a	n/a	DI51
742.8720000000	n/a	n/a	STATUS	n/a	n/a	D255
743.1280000000	n/a	n/a	STATUS	n/a	n/a	DI21
743.1800000000	n/a	n/a	STATUS	n/a	n/a	D255
743.1840000000	n/a	n/a	STATUS	n/a	n/a	DIN4
743.2320000000	n/a	n/a	STATUS	n/a	n/a	D255
743.9880000000	n/a	n/a	STATUS	n/a	n/a	DIN5
744.0400000000	n/a	n/a	STATUS	n/a	n/a	D255
744.5280000000	n/a	n/a	STATUS	n/a	n/a	D177
744.5800000000	n/a	n/a	STATUS	n/a	n/a	D255
744.6160000000	n/a	n/a	STATUS	n/a	n/a	DI54
744.6640000000	n/a	n/a	STATUS	n/a	n/a	D255
744.9800000000	n/a	n/a	STATUS	n/a	n/a	DI34
745.0320000000	n/a	n/a	STATUS	n/a	n/a	D255
745.2920000000	n/a	n/a	STATUS	n/a	n/a	DIN5
745.3400000000	n/a	n/a	STATUS	n/a	n/a	D255
745.7240000000	n/a	n/a	STATUS	n/a	n/a	D131
745.7760000000	n/a	n/a	STATUS	n/a	n/a	D255
745.8120000000	n/a	n/a	STATUS	n/a	n/a	DI53
745.8640000000	n/a	n/a	STATUS	n/a	n/a	D255
746.1440000000	n/a	n/a	STATUS	n/a	n/a	DI43
746.1960000000	n/a	n/a	STATUS	n/a	n/a	D255
746.4520000000	n/a	n/a	STATUS	n/a	n/a	DIN5
746.5040000000	n/a	n/a	STATUS	n/a	n/a	D255
746.9600000000	n/a	n/a	STATUS	n/a	n/a	DI69
747.0080000000	n/a	n/a	STATUS	n/a	n/a	D255
747.0480000000	n/a	n/a	STATUS	n/a	n/a	DI54
747.0960000000	n/a	n/a	STATUS	n/a	n/a	D255
747.3520000000	n/a	n/a	STATUS	n/a	n/a	DI34
747.4040000000	n/a	n/a	STATUS	n/a	n/a	D255
747.6600000000	n/a	n/a	STATUS	n/a	n/a	DIN5
747.7120000000	n/a	n/a	STATUS	n/a	n/a	D255
748.0560000000	n/a	n/a	STATUS	n/a	n/a	D254
748.1080000000	n/a	n/a	STATUS	n/a	n/a	D255
748.1440000000	n/a	n/a	STATUS	n/a	n/a	DI52
748.1960000000	n/a	n/a	STATUS	n/a	n/a	D255
748.6440000000	n/a	n/a	STATUS	n/a	n/a	DI42
748.6920000000	n/a	n/a	STATUS	n/a	n/a	D255
748.9520000000	n/a	n/a	STATUS	n/a	n/a	DIN5
749.0040000000	n/a	n/a	STATUS	n/a	n/a	D255
749.4480000000	n/a	n/a	STATUS	n/a	n/a	DI97
749.4960000000	n/a	n/a	STATUS	n/a	n/a	D255
749.5320000000	n/a	n/a	STATUS	n/a	n/a	DI51
749.5840000000	n/a	n/a	STATUS	n/a	n/a	D255
749.8080000000	n/a	n/a	STATUS	n/a	n/a	DI21
749.8600000000	n/a	n/a	STATUS	n/a	n/a	D255
749.8640000000	n/a	n/a	STATUS	n/a	n/a	DIN4
749.9160000000	n/a	n/a	STATUS	n/a	n/a	D255
750.6680000000	n/a	n/a	STATUS	n/a	n/a	DIN5
750.7200000000	n/a	n/a	STATUS	n/a	n/a	D255
751.1680000000	n/a	n/a	STATUS	n/a	n/a	D214
751.2200000000	n/a	n/a	STATUS	n/a	n/a	D255
751.2560000000	n/a	n/a	STATUS	n/a	n/a	DI51
751.3080000000	n/a	n/a	STATUS	n/a	n/a	D255
751.6680000000	n/a	n/a	STATUS	n/a	n/a	DI31
751.7160000000	n/a	n/a	STATUS	n/a	n/a	D255
751.9760000000	n/a	n/a	STATUS	n/a	n/a	DIN5
752.0280000000	n/a	n/a	STATUS	n/a	n/a	D255
752.4720000000	n/a	n/a	STATUS	n/a	n/a	D182
752.5200000000	n/a	n/a	STATUS	n/a	n/a	D255
752.5600000000	n/a	n/a	STATUS	n/a	n/a	DI54
752.6120000000	n/a	n/a	STATUS	n/a	n/a	D255
752.9560000000	n/a	n/a	STATUS	n/a	n/a	DI34
753.0040000000	n/a	n/a	STATUS	n/a	n/a	D255
753.2640000000	n/a	n/a	STATUS	n/a	n/a	DIN5
753.3120000000	n/a	n/a	STATUS	n/a	n/a	D255
753.7040000000	n/a	n/a	STATUS	n/a	n/a	D118
753.7520000000	n/a	n/a	STATUS	n/a	n/a	D255
753.7920000000	n/a	n/a	STATUS	n/a	n/a	DI51
753.8400000000	n/a	n/a	STATUS	n/a	n/a	D255
754.2760000000	n/a	n/a	STATUS	n/a	n/a	DI31
754.3240000000	n/a	n/a	STATUS	n/a	n/a	D255
754.5840000000	n/a	n/a	STATUS	n/a	n/a	DIN5
754.6320000000	n/a	n/a	STATUS	n/a	n/a	D255
754.9720000000	n/a	n/a	STATUS	n/a	n/a	D143
755.0240000000	n/a	n/a	STATUS	n/a	n/a	D255
755.0600000000	n/a	n/a	STATUS	n/a	n/a	DI54
755.1120000000	n/a	n/a	STATUS	n/a	n/a	D255
755.3960000000	n/a	n/a	STATUS	n/a	n/a	DI34
755.4440000000	n/a	n/a	STATUS	n/a	n/a	D255
755.7040000000	n/a	n/a	STATUS	n/a	n/a	DIN5
755.7520000000	n/a	n/a	STATUS	n/a	n/a	D255
756.2520000000	n/a	n/a	STATUS	n/a	n/a	D166
756.3040000000	n/a	n/a	STATUS	n/a	n/a	D255
756.3400000000	n/a	n/a	STATUS	n/a	n/a	DI51
756.3920000000	n/a	n/a	STATUS	n/a	n/a	D255
756.9080000000	n/a	n/a	STATUS	n/a	n/a	DI31
756.9560000000	n/a	n/a	STATUS	n/a	n/a	D255
757.2160000000	n/a	n/a	STATUS	n/a	n/a	DIN5
757.2680000000	n/a	n/a	STATUS	n/a	n/a	D255
757.6920000000	n/a	n/a	STATUS	n/a	n/a	D105
757.7400000000	n/a	n/a	STATUS	n/a	n/a	D255
757.7800000000	n/a	n/a	STATUS	n/a	n/a	DI54
757.8280000000	n/a	n/a	STATUS	n/a	n/a	D255
758.1720000000	n/a	n/a	STATUS	n/a	n/a	DI34
758.2200000000	n/a	n/a	STATUS	n/a	n/a	D255
758.4800000000	n/a	n/a	STATUS	n/a	n/a	DIN5
758.5280000000	n/a	n/a	STATUS	n/a	n/a	D255
758.8800000000	n/a	n/a	STATUS	n/a	n/a	D186
758.9280000000	n/a	n/a	STATUS	n/a	n/a	D255
758.9680000000	n/a	n/a	STATUS	n/a	n/a	DI52
759.0160000000	n/a	n/a	STATUS	n/a	n/a	D255
759.4000000000	n/a	n/a	STATUS	n/a	n/a	DI42
759.4520000000	n/a	n/a	STATUS	n/a	n/a	D255
759.7120000000	n/a	n/a	STATUS	n/a	n/a	DIN5
759.7600000000	n/a	n/a	STATUS	n/a	n/a	D255
760.1000000000	n/a	n/a	STATUS	n/a	n/a	D184
760.1520000000	n/a	n/a	STATUS	n/a	n/a	D255
760.1880000000	n/a	n/a	STATUS	n/a	n/a	DI53
760.2400000000	n/a	n/a	STATUS	n/a	n/a	D255
760.5040000000	n/a	n/a	STATUS	n/a	n/a	DI43
760.5520000000	n/a	n/a	STATUS	n/a	n/a	D255
760.8120000000	n/a	n/a	STATUS	n/a	n/a	DIN5
760.8640000000	n/a	n/a	STATUS	n/a	n/a	D255
761.2920000000	n/a	n/a	STATUS	n/a	n/a	D132
761.3440000000	n/a	n/a	STATUS	n/a	n/a	D255
761.3800000000	n/a	n/a	STATUS	n/a	n/a	DI51
761.4280000000	n/a	n/a	STATUS	n/a	n/a	D255
761.7520000000	n/a	n/a	STATUS	n/a	n/a	DI31
761.8040000000	n/a	n/a	STATUS	n/a	n/a	D255
762.0600000000	n/a	n/a	STATUS	n/a	n/a	DIN5
762.1120000000	n/a	n/a	STATUS	n/a	n/a	D255
762.4560000000	n/a	n/a	STATUS	n/a	n/a	D234
762.5080000000	n/a	n/a	STATUS	n/a	n/a	D255
762.5440000000	n/a	n/a	STATUS	n/a	n/a	DI51
762.5960000000	n/a	n/a	STATUS	n/a	n/a	D255
762.9360000000	n/a	n/a	STATUS	n/a	n/a	DI31
762.9840000000	n/a	n/a	STATUS	n/a	n/a	D255
763.2440000000	n/a	n/a	STATUS	n/a	n/a	DIN5
763.2920000000	n/a	n/a	STATUS	n/a	n/a	D255
763.6040000000	n/a	n/a	STATUS	n/a	n/a	D208
763.6520000000	n/a	n/a	STATUS	n/a	n/a	D255
763.6920000000	n/a	n/a	STATUS	n/a	n/a	DI51
763.7400000000	n/a	n/a	STATUS	n/a	n/a	D255
764.1720000000	n/a	n/a	STATUS	n/a	n/a	DI31
764.2200000000	n/a	n/a	STATUS	n/a	n/a	D255
764.4800000000	n/a	n/a	STATUS	n/a	n/a	DIN5
764.5280000000	n/a	n/a	STATUS	n/a	n/a	D255
764.9400000000	n/a	n/a	STATUS	n/a	n/a	D225
764.9880000000	n/a	n/a	STATUS	n/a	n/a	D255
765.0280000000	n/a	n/a	STATUS	n/a	n/a	DI51
765.0760000000	n/a	n/a	STATUS	n/a	n/a	D255
766.1040000000	n/a	n/a	STATUS	n/a	n/a	DIN3
766.1520000000	n/a	n/a	STATUS	n/a	n/a	D255
766.9080000000	n/a	n/a	STATUS	n/a	n/a	DIN5
766.9560000000	n/a	n/a	STATUS	n/a	n/a	D255
767.4280000000	n/a	n/a	STATUS	n/a	n/a	D179
767.4760000000	n/a	n/a	STATUS	n/a	n/a	D255
767.5160000000	n/a	n/a	STATUS	n/a	n/a	DI52
767.5640000000	n/a	n/a	STATUS	n/a	n/a	D255
767.9480000000	n/a	n/a	STATUS	n/a	n/a	DI42
768.0000000000	n/a	n/a	STATUS	n/a	n/a	D255
768.2560000000	n/a	n/a	STATUS	n/a	n/a	DIN5
768.3080000000	n/a	n/a	STATUS	n/a	n/a	D255
768.3080000000	n/a	n/a	STATUS	n/a	n/a	D197
768.6760000000	n/a	n/a	STATUS	n/a	n/a	DI88
768.7280000000	n/a	n/a	STATUS	n/a	n/a	D255
768.7640000000	n/a	n/a	STATUS	n/a	n/a	DI53
768.8160000000	n/a	n/a	STATUS	n/a	n/a	D255
769.0400000000	n/a	n/a	STATUS	n/a	n/a	DI43
769.0920000000	n/a	n/a	STATUS	n/a	n/a	D255
769.3480000000	n/a	n/a	STATUS	n/a	n/a	DIN5
769.4000000000	n/a	n/a	STATUS	n/a	n/a	D255
769.7200000000	n/a	n/a	STATUS	n/a	n/a	D158
769.7680000000	n/a	n/a	STATUS	n/a	n/a	D255
769.8080000000	n/a	n/a	STATUS	n/a	n/a	DI54
769.8560000000	n/a	n/a	STATUS	n/a	n/a	D255
770.0920000000	n/a	n/a	STATUS	n/a	n/a	DI34
770.1440000000	n/a	n/a	STATUS	n/a	n/a	D255
783.5320000000	n/a	n/a	STATUS	n/a	n/a	DIN5
783.5800000000	n/a	n/a	STATUS	n/a	n/a	D255
783.8920000000	n/a	n/a	STATUS	n/a	n/a	D190
783.9400000000	n/a	n/a	STATUS	n/a	n/a	D255
783.9760000000	n/a	n/a	STATUS	n/a	n/a	DI53
784.0280000000	n/a	n/a	STATUS	n/a	n/a	D255
784.3560000000	n/a	n/a	STATUS	n/a	n/a	DI43
784.4080000000	n/a	n/a	STATUS	n/a	n/a	D255
784.6640000000	n/a	n/a	STATUS	n/a	n/a	DIN5
784.7160000000	n/a	n/a	STATUS	n/a	n/a	D255
785.0200000000	n/a	n/a	STATUS	n/a	n/a	DI90
785.0720000000	n/a	n/a	STATUS	n/a	n/a	D255
785.1080000000	n/a	n/a	STATUS	n/a	n/a	DI51
785.1600000000	n/a	n/a	STATUS	n/a	n/a	D255
785.3640000000	n/a	n/a	STATUS	n/a	n/a	DI21
785.4160000000	n/a	n/a	STATUS	n/a	n/a	D255
785.4200000000	n/a	n/a	STATUS	n/a	n/a	DIN4
785.4720000000	n/a	n/a	STATUS	n/a	n/a	D255
786.2280000000	n/a	n/a	STATUS	n/a	n/a	DIN5
786.2760000000	n/a	n/a	STATUS	n/a	n/a	D255
786.6840000000	n/a	n/a	STATUS	n/a	n/a	D216
786.7360000000	n/a	n/a	STATUS	n/a	n/a	D255
786.7760000000	n/a	n/a	STATUS	n/a	n/a	DI52
786.8240000000	n/a	n/a	STATUS	n/a	n/a	D255
787.2760000000	n/a	n/a	STATUS	n/a	n/a	DI42
787.3280000000	n/a	n/a	STATUS	n/a	n/a	D255
787.5840000000	n/a	n/a	STATUS	n/a	n/a	DIN5
787.6360000000	n/a	n/a	STATUS	n/a	n/a	D255
788.0400000000	n/a	n/a	STATUS	n/a	n/a	D124
788.0920000000	n/a	n/a	STATUS	n/a	n/a	D255
788.1280000000	n/a	n/a	STATUS	n/a	n/a	DI53
788.1800000000	n/a	n/a	STATUS	n/a	n/a	D255
788.4840000000	n/a	n/a	STATUS	n/a	n/a	DI43
788.5360000000	n/a	n/a	STATUS	n/a	n/a	D255
788.7960000000	n/a	n/a	STATUS	n/a	n/a	DIN5
788.8440000000	n/a	n/a	STATUS	n/a	n/a	D255
789.1680000000	n/a	n/a	STATUS	n/a	n/a	D242
789.2200000000	n/a	n/a	STATUS	n/a	n/a	D255
789.2560000000	n/a	n/a	STATUS	n/a	n/a	DI54
789.3080000000	n/a	n/a	STATUS	n/a	n/a	D255
789.5400000000	n/a	n/a	STATUS	n/a	n/a	DI34
789.5920000000	n/a	n/a	STATUS	n/a	n/a	D255
789.8520000000	n/a	n/a	STATUS	n/a	n/a	DIN5
789.9000000000	n/a	n/a	STATUS	n/a	n/a	D255
790.2240000000	n/a	n/a	STATUS	n/a	n/a	D232
790.2760000000	n/a	n/a	STATUS	n/a	n/a	D255
790.3120000000	n/a	n/a	STATUS	n/a	n/a	DI51
790.3640000000	n/a	n/a	STATUS	n/a	n/a	D255
790.5560000000	n/a	n/a	STATUS	n/a	n/a	DI21
790.6080000000	n/a	n/a	STATUS	n/a	n/a	D255
790.6120000000	n/a	n/a	STATUS	n/a	n/a	DIN4
790.6600000000	n/a	n/a	STATUS	n/a	n/a	D255
791.4160000000	n/a	n/a	STATUS	n/a	n/a	DIN5
791.4640000000	n/a	n/a	STATUS	n/a	n/a	D255
791.8240000000	n/a	n/a	STATUS	n/a	n/a	DI92
791.8760000000	n/a	n/a	STATUS	n/a	n/a	D255
791.9120000000	n/a	n/a	STATUS	n/a	n/a	DI53
791.9640000000	n/a	n/a	STATUS	n/a	n/a	D255
792.2760000000	n/a	n/a	STATUS	n/a	n/a	DI43
792.3240000000	n/a	n/a	STATUS	n/a	n/a	D255
792.5840000000	n/a	n/a	STATUS	n/a	n/a	DIN5
792.6360000000	n/a	n/a	STATUS	n/a	n/a	D255
793.0840000000	n/a	n/a	STATUS	n/a	n/a	DI77
793.1360000000	n/a	n/a	STATUS	n/a	n/a	D255
793.1720000000	n/a	n/a	STATUS	n/a	n/a	DI51
793.2200000000	n/a	n/a	STATUS	n/a	n/a	D255
793.4400000000	n/a	n/a	STATUS	n/a	n/a	DI21
793.4920000000	n/a	n/a	STATUS	n/a	n/a	D255
793.4960000000	n/a	n/a	STATUS	n/a	n/a	DIN4
793.5480000000	n/a	n/a	STATUS	n/a	n/a	D255
794.3000000000	n/a	n/a	STATUS	n/a	n/a	DIN5
794.3520000000	n/a	n/a	STATUS	n/a	n/a	D255
794.8280000000	n/a	n/a	STATUS	n/a	n/a	D111
794.8760000000	n/a	n/a	STATUS	n/a	n/a	D255
794.9120000000	n/a	n/a	STATUS	n/a	n/a	DI51
794.9640000000	n/a	n/a	STATUS	n/a	n/a	D255
795.3600000000	n/a	n/a	STATUS	n/a	n/a	DI31
795.4080000000	n/a	n/a	STATUS	n/a	n/a	D255
795.6680000000	n/a	n/a	STATUS	n/a	n/a	DIN5
795.7200000000	n/a	n/a	STATUS	n/a	n/a	D255
796.0640000000	n/a	n/a	STATUS	n/a	n/a	D159
796.1120000000	n/a	n/a	STATUS	n/a	n/a	D255
796.1520000000	n/a	n/a	STATUS	n/a	n/a	DI54
796.2000000000	n/a	n/a	STATUS	n/a	n/a	D255
796.5200000000	n/a	n/a	STATUS	n/a	n/a	DI34
796.5720000000	n/a	n/a	STATUS	n/a	n/a	D255
796.8320000000	n/a	n/a	STATUS	n/a	n/a	DIN5
796.8800000000	n/a	n/a	STATUS	n/a	n/a	D255
797.2040000000	n/a	n/a	STATUS	n/a	n/a	D198
797.2560000000	n/a	n/a	STATUS	n/a	n/a	D255
797.2920000000	n/a	n/a	STATUS	n/a	n/a	DI53
797.3440000000	n/a	n/a	STATUS	n/a	n/a	D255
797.6280000000	n/a	n/a	STATUS	n/a	n/a	DI43
797.6800000000	n/a	n/a	STATUS	n/a	n/a	D255
797.9360000000	n/a	n/a	STATUS	n/a	n/a	DIN5
797.9880000000	n/a	n/a	STATUS	n/a	n/a	D255
798.4560000000	n/a	n/a	STATUS	n/a	n/a	D102
798.5080000000	n/a	n/a	STATUS	n/a	n/a	D255
798.5480000000	n/a	n/a	STATUS	n/a	n/a	DI53
798.5960000000	n/a	n/a	STATUS	n/a	n/a	D255
798.8840000000	n/a	n/a	STATUS	n/a	n/a	DI43
798.9320000000	n/a	n/a	STATUS	n/a	n/a	D255
799.1920000000	n/a	n/a	STATUS	n/a	n/a	DIN5
799.2440000000	n/a	n/a	STATUS	n/a	n/a	D255
799.7040000000	n/a	n/a	STATUS	n/a	n/a	D241
799.7520000000	n/a	n/a	STATUS	n/a	n/a	D255
799.7880000000	n/a	n/a	STATUS	n/a	n/a	DI53
799.8400000000	n/a	n/a	STATUS	n/a	n/a	D255
800.0440000000	n/a	n/a	STATUS	n/a	n/a	DI43
800.0960000000	n/a	n/a	STATUS	n/a	n/a	D255
800.3520000000	n/a	n/a	STATUS	n/a	n/a	DIN5
800.4040000000	n/a	n/a	STATUS	n/a	n/a	D255
800.8120000000	n/a	n/a	STATUS	n/a	n/a	D129
800.8640000000	n/a	n/a	STATUS	n/a	n/a	D255
800.9000000000	n/a	n/a	STATUS	n/a	n/a	DI51
800.9520000000	n/a	n/a	STATUS	n/a	n/a	D255
801.2920000000	n/a	n/a	STATUS	n/a	n/a	DI31
801.3440000000	n/a	n/a	STATUS	n/a	n/a	D255
801.6040000000	n/a	n/a	STATUS	n/a	n/a	DIN5
801.6520000000	n/a	n/a	STATUS	n/a	n/a	D255
802.1560000000	n/a	n/a	STATUS	n/a	n/a	DI93
802.2080000000	n/a	n/a	STATUS	n/a	n/a	D255
802.2440000000	n/a	n/a	STATUS	n/a	n/a	DI54
802.2960000000	n/a	n/a	STATUS	n/a	n/a	D255
802.4840000000	n/a	n/a	STATUS	n/a	n/a	DI34
802.5320000000	n/a	n/a	STATUS	n/a	n/a	D255
802.7920000000	n/a	n/a	STATUS	n/a	n/a	DIN5
802.8440000000	n/a	n/a	STATUS	n/a	n/a	D255
803.2080000000	n/a	n/a	STATUS	n/a	n/a	D170
803.2560000000	n/a	n/a	STATUS	n/a	n/a	D255
803.2960000000	n/a	n/a	STATUS	n/a	n/a	DI51
803.3440000000	n/a	n/a	STATUS	n/a	n/a	D255
803.6240000000	n/a	n/a	STATUS	n/a	n/a	DI21
803.6760000000	n/a	n/a	STATUS	n/a	n/a	D255
803.6800000000	n/a	n/a	STATUS	n/a	n/a	DIN4
803.7280000000	n/a	n/a	STATUS	n/a	n/a	D255
804.4840000000	n/a	n/a	STATUS	n/a	n/a	DIN5
804.5360000000	n/a	n/a	STATUS	n/a	n/a	D255
804.9360000000	n/a	n/a	STATUS	n/a	n/a	D109
804.9840000000	n/a	n/a	STATUS	n/a	n/a	D255
805.0200000000	n/a	n/a	STATUS	n/a	n/a	DI52
805.0720000000	n/a	n/a	STATUS	n/a	n/a	D255
805.5200000000	n/a	n/a	STATUS	n/a	n/a	DI42
805.5680000000	n/a	n/a	STATUS	n/a	n/a	D255
805.8280000000	n/a	n/a	STATUS	n/a	n/a	DIN5
805.8800000000	n/a	n/a	STATUS	n/a	n/a	D255
806.3680000000	n/a	n/a	STATUS	n/a	n/a	D137
806.4200000000	n/a	n/a	STATUS	n/a	n/a	D255
806.4560000000	n/a	n/a	STATUS	n/a	n/a	DI54
806.5080000000	n/a	n/a	STATUS	n/a	n/a	D255
806.9680000000	n/a	n/a	STATUS	n/a	n/a	DI34
807.0200000000	n/a	n/a	STATUS	n/a	n/a	D255
807.2760000000	n/a	n/a	STATUS	n/a	n/a	DIN5
807.3280000000	n/a	n/a	STATUS	n/a	n/a	D255
807.6680000000	n/a	n/a	STATUS	n/a	n/a	D225
807.7160000000	n/a	n/a	STATUS	n/a	n/a	D255
807.7560000000	n/a	n/a	STATUS	n/a	n/a	DI51
807.8040000000	n/a	n/a	STATUS	n/a	n/a	D255
808.2000000000	n/a	n/a	STATUS	n/a	n/a	DI31
808.2480000000	n/a	n/a	STATUS	n/a	n/a	D255
808.5080000000	n/a	n/a	STATUS	n/a	n/a	DIN5
808.5600000000	n/a	n/a	STATUS	n/a	n/a	D255
808.9320000000	n/a	n/a	STATUS	n/a	n/a	D188
808.9840000000	n/a	n/a	STATUS	n/a	n/a	D255
809.0200000000	n/a	n/a	STATUS	n/a	n/a	DI51
809.0720000000	n/a	n/a	STATUS	n/a	n/a	D255
809.4160000000	n/a	n/a	STATUS	n/a	n/a	DI31
809.4640000000	n/a	n/a	STATUS	n/a	n/a	D255
809.7240000000	n/a	n/a	STATUS	n/a	n/a	DIN5
809.7720000000	n/a	n/a	STATUS	n/a	n/a	D255
810.2320000000	n/a	n/a	STATUS	n/a	n/a	D121
810.2840000000	n/a	n/a	STATUS	n/a	n/a	D255
810.3200000000	n/a	n/a	STATUS	n/a	n/a	DI53
810.3720000000	n/a	n/a	STATUS	n/a	n/a	D255
810.7400000000	n/a	n/a	STATUS	n/a	n/a	DI43
810.7920000000	n/a	n/a	STATUS	n/a	n/a	D255
811.0520000000	n/a	n/a	STATUS	n/a	n/a	DIN5
811.1000000000	n/a	n/a	STATUS	n/a	n/a	D255
811.6040000000	n/a	n/a	STATUS	n/a	n/a	D227
811.6560000000	n/a	n/a	STATUS	n/a	n/a	D255
811.6920000000	n/a	n/a	STATUS	n/a	n/a	DI51
811.7440000000	n/a	n/a	STATUS	n/a	n/a	D255
811.9880000000	n/a	n/a	STATUS	n/a	n/a	DI21
812.0360000000	n/a	n/a	STATUS	n/a	n/a	D255
812.0400000000	n/a	n/a	STATUS	n/a	n/a	DIN4
812.0920000000	n/a	n/a	STATUS	n/a	n/a	D255
812.8440000000	n/a	n/a	STATUS	n/a	n/a	DIN5
812.8960000000	n/a	n/a	STATUS	n/a	n/a	D255
813.4000000000	n/a	n/a	STATUS	n/a	n/a	D183
813.4520000000	n/a	n/a	STATUS	n/a	n/a	D255
813.4880000000	n/a	n/a	STATUS	n/a	n/a	DI54
813.5400000000	n/a	n/a	STATUS	n/a	n/a	D255
813.8800000000	n/a	n/a	STATUS	n/a	n/a	DI34
813.9280000000	n/a	n/a	STATUS	n/a	n/a	D255
814.1880000000	n/a	n/a	STATUS	n/a	n/a	DIN5
814.2400000000	n/a	n/a	STATUS	n/a	n/a	D255
814.6800000000	n/a	n/a	STATUS	n/a	n/a	DI80
814.7280000000	n/a	n/a	STATUS	n/a	n/a	D255
814.7640000000	n/a	n/a	STATUS	n/a	n/a	DI53
814.8160000000	n/a	n/a	STATUS	n/a	n/a	D255
815.1320000000	n/a	n/a	STATUS	n/a	n/a	DI43
815.1800000000	n/a	n/a	STATUS	n/a	n/a	D255
815.4400000000	n/a	n/a	STATUS	n/a	n/a	DIN5
815.4920000000	n/a	n/a	STATUS	n/a	n/a	D255
815.8320000000	n/a	n/a	STATUS	n/a	n/a	D247
815.8800000000	n/a	n/a	STATUS	n/a	n/a	D255
815.9200000000	n/a	n/a	STATUS	n/a	n/a	DI52
815.9680000000	n/a	n/a	STATUS	n/a	n/a	D255
816.5640000000	n/a	n/a	STATUS	n/a	n/a	DI42
816.6160000000	n/a	n/a	STATUS	n/a	n/a	D255
816.8720000000	n/a	n/a	STATUS	n/a	n/a	DIN5
816.9240000000	n/a	n/a	STATUS	n/a	n/a	D255
817.4120000000	n/a	n/a	STATUS	n/a	n/a	D108
817.4640000000	n/a	n/a	STATUS	n/a	n/a	D255
817.5000000000	n/a	n/a	STATUS	n/a	n/a	DI52
817.5520000000	n/a	n/a	STATUS	n/a	n/a	D255
818.0160000000	n/a	n/a	STATUS	n/a	n/a	DI12
818.0640000000	n/a	n/a	STATUS	n/a	n/a	D255
818.0680000000	n/a	n/a	STATUS	n/a	n/a	DIN4
818.1200000000	n/a	n/a	STATUS	n/a	n/a	D255
818.8720000000	n/a	n/a	STATUS	n/a	n/a	DIN5
818.9240000000	n/a	n/a	STATUS	n/a	n/a	D255
819.4280000000	n/a	n/a	STATUS	n/a	n/a	DI68
819.4800000000	n/a	n/a	STATUS	n/a	n/a	D255
819.5160000000	n/a	n/a	STATUS	n/a	n/a	DI51
819.5680000000	n/a	n/a	STATUS	n/a	n/a	D255
819.9280000000	n/a	n/a	STATUS	n/a	n/a	DI31
819.9800000000	n/a	n/a	STATUS	n/a	n/a	D255
820.2360000000	n/a	n/a	STATUS	n/a	n/a	DIN5
820.2880000000	n/a	n/a	STATUS	n/a	n/a	D255
820.6560000000	n/a	n/a	STATUS	n/a	n/a	D115
820.7080000000	n/a	n/a	STATUS	n/a	n/a	D255
820.7440000000	n/a	n/a	STATUS	n/a	n/a	DI53
820.7960000000	n/a	n/a	STATUS	n/a	n/a	D255
821.1360000000	n/a	n/a	STATUS	n/a	n/a	DI43
821.1880000000	n/a	n/a	STATUS	n/a	n/a	D255
821.4480000000	n/a	n/a	STATUS	n/a	n/a	DIN5
821.4960000000	n/a	n/a	STATUS	n/a	n/a	D255
821.8480000000	n/a	n/a	STATUS	n/a	n/a	DI74
821.8960000000	n/a	n/a	STATUS	n/a	n/a	D255
821.9360000000	n/a	n/a	STATUS	n/a	n/a	DI51
821.9840000000	n/a	n/a	STATUS	n/a	n/a	D255
822.3640000000	n/a	n/a	STATUS	n/a	n/a	DI31
822.4160000000	n/a	n/a	STATUS	n/a	n/a	D255
822.6760000000	n/a	n/a	STATUS	n/a	n/a	DIN5
822.7240000000	n/a	n/a	STATUS	n/a	n/a	D255
823.1160000000	n/a	n/a	STATUS	n/a	n/a	D144
823.1640000000	n/a	n/a	STATUS	n/a	n/a	D255
823.2000000000	n/a	n/a	STATUS	n/a	n/a	DI52
823.2520000000	n/a	n/a	STATUS	n/a	n/a	D255
823.5080000000	n/a	n/a	STATUS	n/a	n/a	DI12
823.5600000000	n/a	n/a	STATUS	n/a	n/a	D255
823.5640000000	n/a	n/a	STATUS	n/a	n/a	DIN4
823.6120000000	n/a	n/a	STATUS	n/a	n/a	D255
824.3680000000	n/a	n/a	STATUS	n/a	n/a	DIN5
824.4200000000	n/a	n/a	STATUS	n/a	n/a	D255
824.8000000000	n/a	n/a	STATUS	n/a	n/a	D135
824.8480000000	n/a	n/a	STATUS	n/a	n/a	D255
824.8880000000	n/a	n/a	STATUS	n/a	n/a	DI54
824.9360000000	n/a	n/a	STATUS	n/a	n/a	D255
825.2960000000	n/a	n/a	STATUS	n/a	n/a	DI34
825.3480000000	n/a	n/a	STATUS	n/a	n/a	D255
825.6080000000	n/a	n/a	STATUS	n/a	n/a	DIN5
825.6560000000	n/a	n/a	STATUS	n/a	n/a	D255
826.0680000000	n/a	n/a	STATUS	n/a	n/a	DI99
826.1160000000	n/a	n/a	STATUS	n/a	n/a	D255
826.1560000000	n/a	n/a	STATUS	n/a	n/a	DI52
826.2040000000	n/a	n/a	STATUS	n/a	n/a	D255
826.5600000000	n/a	n/a	STATUS	n/a	n/a	DI42
826.6120000000	n/a	n/a	STATUS	n/a	n/a	D255
826.8680000000	n/a	n/a	STATUS	n/a	n/a	DIN5
826.9200000000	n/a	n/a	STATUS	n/a	n/a	D255
827.3880000000	n/a	n/a	STATUS	n/a	n/a	DI65
827.4400000000	n/a	n/a	STATUS	n/a	n/a	D255
827.4760000000	n/a	n/a	STATUS	n/a	n/a	DI51
827.5280000000	n/a	n/a	STATUS	n/a	n/a	D255
827.9000000000	n/a	n/a	STATUS	n/a	n/a	DI31
827.9480000000	n/a	n/a	STATUS	n/a	n/a	D255
828.2080000000	n/a	n/a	STATUS	n/a	n/a	DIN5
828.2600000000	n/a	n/a	STATUS	n/a	n/a	D255
828.5800000000	n/a	n/a	STATUS	n/a	n/a	D236
828.6280000000	n/a	n/a	STATUS	n/a	n/a	D255
828.6640000000	n/a	n/a	STATUS	n/a	n/a	DI51
828.7160000000	n/a	n/a	STATUS	n/a	n/a	D255
829.1040000000	n/a	n/a	STATUS	n/a	n/a	DI31
829.1520000000	n/a	n/a	STATUS	n/a	n/a	D255
829.4120000000	n/a	n/a	STATUS	n/a	n/a	DIN5
829.4640000000	n/a	n/a	STATUS	n/a	n/a	D255
829.9040000000	n/a	n/a	STATUS	n/a	n/a	D131
829.9520000000	n/a	n/a	STATUS	n/a	n/a	D255
829.9920000000	n/a	n/a	STATUS	n/a	n/a	DI52
830.0400000000	n/a	n/a	STATUS	n/a	n/a	D255
830.3960000000	n/a	n/a	STATUS	n/a	n/a	DI42
830.4480000000	n/a	n/a	STATUS	n/a	n/a	D255
830.7080000000	n/a	n/a	STATUS	n/a	n/a	DIN5
830.7560000000	n/a	n/a	STATUS	n/a	n/a	D255
831.1520000000	n/a	n/a	STATUS	n/a	n/a	D220
831.2000000000	n/a	n/a	STATUS	n/a	n/a	D255
831.2400000000	n/a	n/a	STATUS	n/a	n/a	DI53
831.2880000000	n/a	n/a	STATUS	n/a	n/a	D255
831.5520000000	n/a	n/a	STATUS	n/a	n/a	DI43
831.6040000000	n/a	n/a	STATUS	n/a	n/a	D255
831.8640000000	n/a	n/a	STATUS	n/a	n/a	DIN5
831.9120000000	n/a	n/a	STATUS	n/a	n/a	D255
832.3920000000	n/a	n/a	STATUS	n/a	n/a	D175
832.4440000000	n/a	n/a	STATUS	n/a	n/a	D255
832.4800000000	n/a	n/a	STATUS	n/a	n/a	DI51
832.5320000000	n/a	n/a	STATUS	n/a	n/a	D255
832.8920000000	n/a	n/a	STATUS	n/a	n/a	DI31
832.9440000000	n/a	n/a	STATUS	n/a	n/a	D255
833.2040000000	n/a	n/a	STATUS	n/a	n/a	DIN5
833.2520000000	n/a	n/a	STATUS	n/a	n/a	D255
833.6320000000	n/a	n/a	STATUS	n/a	n/a	D235
833.6840000000	n/a	n/a	STATUS	n/a	n/a	D255
833.7200000000	n/a	n/a	STATUS	n/a	n/a	DI53
833.7680000000	n/a	n/a	STATUS	n/a	n/a	D255
834.0680000000	n/a	n/a	STATUS	n/a	n/a	DI43
834.1200000000	n/a	n/a	STATUS	n/a	n/a	D255
834.3800000000	n/a	n/a	STATUS	n/a	n/a	DIN5
834.4280000000	n/a	n/a	STATUS	n/a	n/a	D255
834.8840000000	n/a	n/a	STATUS	n/a	n/a	D176
834.9320000000	n/a	n/a	STATUS	n/a	n/a	D255
834.9720000000	n/a	n/a	STATUS	n/a	n/a	DI51
835.0200000000	n/a	n/a	STATUS	n/a	n/a	D255
835.3320000000	n/a	n/a	STATUS	n/a	n/a	DI31
835.3840000000	n/a	n/a	STATUS	n/a	n/a	D255
835.6400000000	n/a	n/a	STATUS	n/a	n/a	DIN5
835.6920000000	n/a	n/a	STATUS	n/a	n/a	D255
836.0960000000	n/a	n/a	STATUS	n/a	n/a	D103
836.1440000000	n/a	n/a	STATUS	n/a	n/a	D255
836.1840000000	n/a	n/a	STATUS	n/a	n/a	DI54
836.2320000000	n/a	n/a	STATUS	n/a	n/a	D255
836.5160000000	n/a	n/a	STATUS	n/a	n/a	DI34
836.5680000000	n/a	n/a	STATUS	n/a	n/a	D255
836.8240000000	n/a	n/a	STATUS	n/a	n/a	DIN5
836.8760000000	n/a	n/a	STATUS	n/a	n/a	D255
837.1840000000	n/a	n/a	STATUS	n/a	n/a	DI67
837.2360000000	n/a	n/a	STATUS	n/a	n/a	D255
837.2720000000	n/a	n/a	STATUS	n/a	n/a	DI52
837.3240000000	n/a	n/a	STATUS	n/a	n/a	D255
837.6880000000	n/a	n/a	STATUS	n/a	n/a	DI42
837.7360000000	n/a	n/a	STATUS	n/a	n/a	D255
837.9960000000	n/a	n/a	STATUS	n/a	n/a	DIN5
838.0480000000	n/a	n/a	STATUS	n/a	n/a	D255
838.4280000000	n/a	n/a	STATUS	n/a	n/a	D177
838.4760000000	n/a	n/a	STATUS	n/a	n/a	D255
838.5120000000	n/a	n/a	STATUS	n/a	n/a	DI52
838.5640000000	n/a	n/a	STATUS	n/a	n/a	D255
838.9160000000	n/a	n/a	STATUS	n/a	n/a	DI42
838.9640000000	n/a	n/a	STATUS	n/a	n/a	D255
839.2240000000	n/a	n/a	STATUS	n/a	n/a	DIN5
839.2720000000	n/a	n/a	STATUS	n/a	n/a	D239
839.2760000000	n/a	n/a	STATUS	n/a	n/a	D255
839.6640000000	n/a	n/a	STATUS	n/a	n/a	D120
839.7120000000	n/a	n/a	STATUS	n/a	n/a	D255
839.7520000000	n/a	n/a	STATUS	n/a	n/a	DI53
839.8000000000	n/a	n/a	STATUS	n/a	n/a	D255
840.0920000000	n/a	n/a	STATUS	n/a	n/a	DI43
840.1440000000	n/a	n/a	STATUS	n/a	n/a	D255
840.4040000000	n/a	n/a	STATUS	n/a	n/a	DIN5
840.4520000000	n/a	n/a	STATUS	n/a	n/a	D255
840.8960000000	n/a	n/a	STATUS	n/a	n/a	D184
840.9480000000	n/a	n/a	STATUS	n/a	n/a	D255
840.9840000000	n/a	n/a	STATUS	n/a	n/a	DI54
841.0360000000	n/a	n/a	STATUS	n/a	n/a	D255
841.3320000000	n/a	n/a	STATUS	n/a	n/a	DI34
841.3800000000	n/a	n/a	STATUS	n/a	n/a	D255
841.6400000000	n/a	n/a	STATUS	n/a	n/a	DIN5
841.6880000000	n/a	n/a	STATUS	n/a	n/a	D255
842.0560000000	n/a	n/a	STATUS	n/a	n/a	D122
842.1040000000	n/a	n/a	STATUS	n/a	n/a	D255
842.1440000000	n/a	n/a	STATUS	n/a	n/a	DI52
842.1920000000	n/a	n/a	STATUS	n/a	n/a	D255
842.4480000000	n/a	n/a	STATUS	n/a	n/a	DI12
842.5000000000	n/a	n/a	STATUS	n/a	n/a	D255
842.5040000000	n/a	n/a	STATUS	n/a	n/a	DIN4
842.5560000000	n/a	n/a	STATUS	n/a	n/a	D255
843.3080000000	n/a	n/a	STATUS	n/a	n/a	DIN5
843.3600000000	n/a	n/a	STATUS	n/a	n/a	D255
843.6680000000	n/a	n/a	STATUS	n/a	n/a	D213
843.7200000000	n/a	n/a	STATUS	n/a	n/a	D255
843.7560000000	n/a	n/a	STATUS	n/a	n/a	DI53
843.8040000000	n/a	n/a	STATUS	n/a	n/a	D255
844.0840000000	n/a	n/a	STATUS	n/a	n/a	DI43
844.1320000000	n/a	n/a	STATUS	n/a	n/a	D255
844.3920000000	n/a	n/a	STATUS	n/a	n/a	DIN5
844.4440000000	n/a	n/a	STATUS	n/a	n/a	D255
844.8000000000	n/a	n/a	STATUS	n/a	n/a	DI71
844.8520000000	n/a	n/a	STATUS	n/a	n/a	D255
844.8880000000	n/a	n/a	STATUS	n/a	n/a	DI53
844.9400000000	n/a	n/a	STATUS	n/a	n/a	D255
845.2280000000	n/a	n/a	STATUS	n/a	n/a	DI43
845.2800000000	n/a	n/a	STATUS	n/a	n/a	D255
845.5360000000	n/a	n/a	STATUS	n/a	n/a	DIN5
845.5880000000	n/a	n/a	STATUS	n/a	n/a	D255
845.9960000000	n/a	n/a	STATUS	n/a	n/a	D231
846.0480000000	n/a	n/a	STATUS	n/a	n/a	D255
846.0840000000	n/a	n/a	STATUS	n/a	n/a	DI53
846.1360000000	n/a	n/a	STATUS	n/a	n/a	D255
846.4080000000	n/a	n/a	STATUS	n/a	n/a	DI43
846.4560000000	n/a	n/a	STATUS	n/a	n/a	D255
846.7160000000	n/a	n/a	STATUS	n/a	n/a	DIN5
846.7640000000	n/a	n/a	STATUS	n/a	n/a	D255
847.1400000000	n/a	n/a	STATUS	n/a	n/a	D163
847.1920000000	n/a	n/a	STATUS	n/a	n/a	D255
847.2280000000	n/a	n/a	STATUS	n/a	n/a	DI54
847.2800000000	n/a	n/a	STATUS	n/a	n/a	D255
847.4920000000	n/a	n/a	STATUS	n/a	n/a	DI34
847.5440000000	n/a	n/a	STATUS	n/a	n/a	D255
847.8040000000	n/a	n/a	STATUS	n/a	n/a	DIN5
847.8520000000	n/a	n/a	STATUS	n/a	n/a	D255
848.2760000000	n/a	n/a	STATUS	n/a	n/a	D204
848.3280000000	n/a	n/a	STATUS	n/a	n/a	D255
848.3640000000	n/a	n/a	STATUS	n/a	n/a	DI52
848.4120000000	n/a	n/a	STATUS	n/a	n/a	D255
848.8680000000	n/a	n/a	STATUS	n/a	n/a	DI42
848.9200000000	n/a	n/a	STATUS	n/a	n/a	D255
849.1760000000	n/a	n/a	STATUS	n/a	n/a	DIN5
849.2280000000	n/a	n/a	STATUS	n/a	n/a	D255
849.5720000000	n/a	n/a	STATUS	n/a	n/a	D180
849.6240000000	n/a	n/a	STATUS	n/a	n/a	D255
849.6600000000	n/a	n/a	STATUS	n/a	n/a	DI54
849.7120000000	n/a	n/a	STATUS	n/a	n/a	D255
850.0640000000	n/a	n/a	STATUS	n/a	n/a	DI34
850.1160000000	n/a	n/a	STATUS	n/a	n/a	D255
850.3760000000	n/a	n/a	STATUS	n/a	n/a	DIN5
850.4240000000	n/a	n/a	STATUS	n/a	n/a	D255
850.8040000000	n/a	n/a	STATUS	n/a	n/a	D251
850.8560000000	n/a	n/a	STATUS	n/a	n/a	D255
850.8920000000	n/a	n/a	STATUS	n/a	n/a	DI52
850.9440000000	n/a	n/a	STATUS	n/a	n/a	D255
851.2920000000	n/a	n/a	STATUS	n/a	n/a	DI42
851.3400000000	n/a	n/a	STATUS	n/a	n/a	D255
851.6000000000	n/a	n/a	STATUS	n/a	n/a	DIN5
851.6480000000	n/a	n/a	STATUS	n/a	n/a	D255
852.0840000000	n/a	n/a	STATUS	n/a	n/a	D116
852.1360000000	n/a	n/a	STATUS	n/a	n/a	D255
852.1720000000	n/a	n/a	STATUS	n/a	n/a	DI53
852.2240000000	n/a	n/a	STATUS	n/a	n/a	D255
852.5360000000	n/a	n/a	STATUS	n/a	n/a	DI43
852.5840000000	n/a	n/a	STATUS	n/a	n/a	D171
852.5880000000	n/a	n/a	STATUS	n/a	n/a	D255
852.8440000000	n/a	n/a	STATUS	n/a	n/a	DIN5
852.8960000000	n/a	n/a	STATUS	n/a	n/a	D255
853.3640000000	n/a	n/a	STATUS	n/a	n/a	D145
853.4160000000	n/a	n/a	STATUS	n/a	n/a	D255
853.4520000000	n/a	n/a	STATUS	n/a	n/a	DI54
853.5000000000	n/a	n/a	STATUS	n/a	n/a	D255
853.7280000000	n/a	n/a	STATUS	n/a	n/a	DI34
853.7800000000	n/a	n/a	STATUS	n/a	n/a	D255
854.0400000000	n/a	n/a	STATUS	n/a	n/a	DIN5
854.0880000000	n/a	n/a	STATUS	n/a	n/a	D255
854.4280000000	n/a	n/a	STATUS	n/a	n/a	DI97
854.4800000000	n/a	n/a	STATUS	n/a	n/a	D255
854.5160000000	n/a	n/a	STATUS	n/a	n/a	DI53
854.5680000000	n/a	n/a	STATUS	n/a	n/a	D255
854.8960000000	n/a	n/a	STATUS	n/a	n/a	DI43
854.9440000000	n/a	n/a	STATUS	n/a	n/a	D255
855.2040000000	n/a	n/a	STATUS	n/a	n/a	DIN5
855.2560000000	n/a	n/a	STATUS	n/a	n/a	D255
855.5840000000	n/a	n/a	STATUS	n/a	n/a	D206
855.6320000000	n/a	n/a	STATUS	n/a	n/a	D255
855.6720000000	n/a	n/a	STATUS	n/a	n/a	DI53
855.7200000000	n/a	n/a	STATUS	n/a	n/a	D255
856.0120000000	n/a	n/a	STATUS	n/a	n/a	DI43
856.0600000000	n/a	n/a	STATUS	n/a	n/a	D255
856.3200000000	n/a	n/a	STATUS	n/a	n/a	DIN5
856.3720000000	n/a	n/a	STATUS	n/a	n/a	D255
856.7960000000	n/a	n/a	STATUS	n/a	n/a	D106
856.8440000000	n/a	n/a	STATUS	n/a	n/a	D255
856.8840000000	n/a	n/a	STATUS	n/a	n/a	DI52
856.9320000000	n/a	n/a	STATUS	n/a	n/a	D255
857.9640000000	n/a	n/a	STATUS	n/a	n/a	DIN3
858.0160000000	n/a	n/a	STATUS	n/a	n/a	D255
858.7680000000	n/a	n/a	STATUS	n/a	n/a	DIN5
858.8200000000	n/a	n/a	STATUS	n/a	n/a	D255
859.3000000000	n/a	n/a	STATUS	n/a	n/a	D221
859.3480000000	n/a	n/a	STATUS	n/a	n/a	D255
859.3880000000	n/a	n/a	STATUS	n/a	n/a	DI52
859.4360000000	n/a	n/a	STATUS	n/a	n/a	D255
859.7840000000	n/a	n/a	STATUS	n/a	n/a	DI42
859.8360000000	n/a	n/a	STATUS	n/a	n/a	D255
860.0960000000	n/a	n/a	STATUS	n/a	n/a	DIN5
860.1440000000	n/a	n/a	STATUS	n/a	n/a	D255
860.6200000000	n/a	n/a	STATUS	n/a	n/a	DI91
860.6680000000	n/a	n/a	STATUS	n/a	n/a	D255
860.7080000000	n/a	n/a	STATUS	n/a	n/a	DI54
860.7560000000	n/a	n/a	STATUS	n/a	n/a	D255
860.9560000000	n/a	n/a	STATUS	n/a	n/a	DI34
861.0080000000	n/a	n/a	STATUS	n/a	n/a	D255
861.2640000000	n/a	n/a	STATUS	n/a	n/a	DIN5
861.3160000000	n/a	n/a	STATUS	n/a	n/a	D255
861.6600000000	n/a	n/a	STATUS	n/a	n/a	D205
861.7120000000	n/a	n/a	STATUS	n/a	n/a	D255
861.7480000000	n/a	n/a	STATUS	n/a	n/a	DI54
861.7960000000	n/a	n/a	STATUS	n/a	n/a	D255
862.0240000000	n/a	n/a	STATUS	n/a	n/a	DI34
862.0760000000	n/a	n/a	STATUS	n/a	n/a	D255
862.3360000000	n/a	n/a	STATUS	n/a	n/a	DIN5
862.3880000000	n/a	n/a	STATUS	n/a	n/a	D255
862.6920000000	n/a	n/a	STATUS	n/a	n/a	D169
862.7400000000	n/a	n/a	STATUS	n/a	n/a	D255
862.7800000000	n/a	n/a	STATUS	n/a	n/a	DI54
862.8280000000	n/a	n/a	STATUS	n/a	n/a	D255
863.0960000000	n/a	n/a	STATUS	n/a	n/a	DI34
863.1480000000	n/a	n/a	STATUS	n/a	n/a	D255
863.4040000000	n/a	n/a	STATUS	n/a	n/a	DIN5
863.4560000000	n/a	n/a	STATUS	n/a	n/a	D255
863.8480000000	n/a	n/a	STATUS	n/a	n/a	D185
863.9000000000	n/a	n/a	STATUS	n/a	n/a	D255
863.9360000000	n/a	n/a	STATUS	n/a	n/a	DI52
863.9880000000	n/a	n/a	STATUS	n/a	n/a	D255
864.2280000000	n/a	n/a	STATUS	n/a	n/a	DI12
864.2760000000	n/a	n/a	STATUS	n/a	n/a	D255
864.2800000000	n/a	n/a	STATUS	n/a	n/a	DIN4
864.3320000000	n/a	n/a	STATUS	n/a	n/a	D255
865.0880000000	n/a	n/a	STATUS	n/a	n/a	DIN5
865.1360000000	n/a	n/a	STATUS	n/a	n/a	D255
865.5600000000	n/a	n/a	STATUS	n/a	n/a	D172
865.6120000000	n/a	n/a	STATUS	n/a	n/a	D255
865.6480000000	n/a	n/a	STATUS	n/a	n/a	DI54
865.7000000000	n/a	n/a	STATUS	n/a	n/a	D255
866.0200000000	n/a	n/a	STATUS	n/a	n/a	DI34
866.0720000000	n/a	n/a	STATUS	n/a	n/a	D255
866.3320000000	n/a	n/a	STATUS	n/a	n/a	DIN5
866.3800000000	n/a	n/a	STATUS	n/a	n/a	D255
866.6960000000	n/a	n/a	STATUS	n/a	n/a	D192
866.7480000000	n/a	n/a	STATUS	n/a	n/a	D255
866.7840000000	n/a	n/a	STATUS	n/a	n/a	DI53
866.8320000000	n/a	n/a	STATUS	n/a	n/a	D255
867.0960000000	n/a	n/a	STATUS	n/a	n/a	DI43
867.1440000000	n/a	n/a	STATUS	n/a	n/a	D255
867.4040000000	n/a	n/a	STATUS	n/a	n/a	DIN5
867.4560000000	n/a	n/a	STATUS	n/a	n/a	D255
867.9040000000	n/a	n/a	STATUS	n/a	n/a	D228
867.9520000000	n/a	n/a	STATUS	n/a	n/a	D255
867.9920000000	n/a	n/a	STATUS	n/a	n/a	DI52
868.0440000000	n/a	n/a	STATUS	n/a	n/a	D255
868.2840000000	n/a	n/a	STATUS	n/a	n/a	DI12
868.3360000000	n/a	n/a	STATUS	n/a	n/a	D255
868.3400000000	n/a	n/a	STATUS	n/a	n/a	DIN4
868.3920000000	n/a	n/a	STATUS	n/a	n/a	D255
869.1440000000	n/a	n/a	STATUS	n/a	n/a	DIN5
869.1960000000	n/a	n/a	STATUS	n/a	n/a	D255
869.6000000000	n/a	n/a	STATUS	n/a	n/a	D166
869.6480000000	n/a	n/a	STATUS	n/a	n/a	D255
869.6880000000	n/a	n/a	STATUS	n/a	n/a	DI52
869.7360000000	n/a	n/a	STATUS	n/a	n/a	D255
870.0800000000	n/a	n/a	STATUS	n/a	n/a	DI42
870.1320000000	n/a	n/a	STATUS	n/a	n/a	D255
870.3920000000	n/a	n/a	STATUS	n/a	n/a	DIN5
870.4400000000	n/a	n/a	STATUS	n/a	n/a	D255
870.7600000000	n/a	n/a	STATUS	n/a	n/a	D113
870.8120000000	n/a	n/a	STATUS	n/a	n/a	D255
870.8480000000	n/a	n/a	STATUS	n/a	n/a	DI52
870.8960000000	n/a	n/a	STATUS	n/a	n/a	D255
871.2640000000	n/a	n/a	STATUS	n/a	n/a	DI42
871.3160000000	n/a	n/a	STATUS	n/a	n/a	D255
871.5720000000	n/a	n/a	STATUS	n/a	n/a	DIN5
871.6240000000	n/a	n/a	STATUS	n/a	n/a	D255
872.0160000000	n/a	n/a	STATUS	n/a	n/a	D148
872.0680000000	n/a	n/a	STATUS	n/a	n/a	D255
872.1040000000	n/a	n/a	STATUS	n/a	n/a	DI51
872.1560000000	n/a	n/a	STATUS	n/a	n/a	D255
873.1760000000	n/a	n/a	STATUS	n/a	n/a	DIN3
873.2240000000	n/a	n/a	STATUS	n/a	n/a	D255
873.9800000000	n/a	n/a	STATUS	n/a	n/a	DIN5
874.0280000000	n/a	n/a	STATUS	n/a	n/a	D197
874.0320000000	n/a	n/a	STATUS	n/a	n/a	D255
874.4480000000	n/a	n/a	STATUS	n/a	n/a	DI87
874.5000000000	n/a	n/a	STATUS	n/a	n/a	D255
874.5360000000	n/a	n/a	STATUS	n/a	n/a	DI51
874.5880000000	n/a	n/a	STATUS	n/a	n/a	D255
874.9680000000	n/a	n/a	STATUS	n/a	n/a	DI31
875.0200000000	n/a	n/a	STATUS	n/a	n/a	D255
875.2800000000	n/a	n/a	STATUS	n/a	n/a	DIN5
875.3280000000	n/a	n/a	STATUS	n/a	n/a	D255
875.7000000000	n/a	n/a	STATUS	n/a	n/a	D140
875.7480000000	n/a	n/a	STATUS	n/a	n/a	D255
875.7840000000	n/a	n/a	STATUS	n/a	n/a	DI54
875.8360000000	n/a	n/a	STATUS	n/a	n/a	D255
876.0520000000	n/a	n/a	STATUS	n/a	n/a	DI34
876.1040000000	n/a	n/a	STATUS	n/a	n/a	D255
876.3640000000	n/a	n/a	STATUS	n/a	n/a	DIN5
876.4120000000	n/a	n/a	STATUS	n/a	n/a	D255
876.7920000000	n/a	n/a	STATUS	n/a	n/a	D215
876.8440000000	n/a	n/a	STATUS	n/a	n/a	D255
876.8800000000	n/a	n/a	STATUS	n/a	n/a	DI54
876.9280000000	n/a	n/a	STATUS	n/a	n/a	D255
877.1520000000	n/a	n/a	STATUS	n/a	n/a	DI34
877.2000000000	n/a	n/a	STATUS	n/a	n/a	D255
877.4600000000	n/a	n/a	STATUS	n/a	n/a	DIN5
877.5120000000	n/a	n/a	STATUS	n/a	n/a	D255
877.8800000000	n/a	n/a	STATUS	n/a	n/a	D237
877.9280000000	n/a	n/a	STATUS	n/a	n/a	D255
877.9680000000	n/a	n/a	STATUS	n/a	n/a	DI53
878.0160000000	n/a	n/a	STATUS	n/a	n/a	D255
878.2560000000	n/a	n/a	STATUS	n/a	n/a	DI43
878.3080000000	n/a	n/a	STATUS	n/a	n/a	D255
878.5680000000	n/a	n/a	STATUS	n/a	n/a	DIN5
878.6160000000	n/a	n/a	STATUS	n/a	n/a	D255
878.9560000000	n/a	n/a	STATUS	n/a	n/a	DI79
879.0080000000	n/a	n/a	STATUS	n/a	n/a	D255
879.0440000000	n/a	n/a	STATUS	n/a	n/a	DI54
879.0960000000	n/a	n/a	STATUS	n/a	n/a	D255
879.3320000000	n/a	n/a	STATUS	n/a	n/a	DI34
879.3840000000	n/a	n/a	STATUS	n/a	n/a	D255
879.6400000000	n/a	n/a	STATUS	n/a	n/a	DIN5
879.6920000000	n/a	n/a	STATUS	n/a	n/a	D255
880.1640000000	n/a	n/a	STATUS	n/a	n/a	D134
880.2160000000	n/a	n/a	STATUS	n/a	n/a	D255
880.2560000000	n/a	n/a	STATUS	n/a	n/a	DI54
880.3040000000	n/a	n/a	STATUS	n/a	n/a	D255
880.5000000000	n/a	n/a	STATUS	n/a	n/a	DI34
880.5520000000	n/a	n/a	STATUS	n/a	n/a	D255
880.8120000000	n/a	n/a	STATUS	n/a	n/a	DIN5
880.8600000000	n/a	n/a	STATUS	n/a	n/a	D255
881.2040000000	n/a	n/a	STATUS	n/a	n/a	D119
881.2560000000	n/a	n/a	STATUS	n/a	n/a	D255
881.2920000000	n/a	n/a	STATUS	n/a	n/a	DI53
881.3440000000	n/a	n/a	STATUS	n/a	n/a	D255
881.5160000000	n/a	n/a	STATUS	n/a	n/a	DI43
881.5680000000	n/a	n/a	STATUS	n/a	n/a	D255
881.8280000000	n/a	n/a	STATUS	n/a	n/a	DIN5
881.8760000000	n/a	n/a	STATUS	n/a	n/a	D255
882.3240000000	n/a	n/a	STATUS	n/a	n/a	D224
882.3760000000	n/a	n/a	STATUS	n/a	n/a	D255
882.4120000000	n/a	n/a	STATUS	n/a	n/a	DI52
882.4640000000	n/a	n/a	STATUS	n/a	n/a	D255
882.6920000000	n/a	n/a	STATUS	n/a	n/a	DI12
882.7440000000	n/a	n/a	STATUS	n/a	n/a	D255
882.7480000000	n/a	n/a	STATUS	n/a	n/a	DIN4
882.8000000000	n/a	n/a	STATUS	n/a	n/a	D255
883.5520000000	n/a	n/a	STATUS	n/a	n/a	DIN5
883.6040000000	n/a	n/a	STATUS	n/a	n/a	D255
884.1000000000	n/a	n/a	STATUS	n/a	n/a	D161
884.1480000000	n/a	n/a	STATUS	n/a	n/a	D255
884.1880000000	n/a	n/a	STATUS	n/a	n/a	DI53
884.2360000000	n/a	n/a	STATUS	n/a	n/a	D255
884.5400000000	n/a	n/a	STATUS	n/a	n/a	DI43
884.5920000000	n/a	n/a	STATUS	n/a	n/a	D255
884.8480000000	n/a	n/a	STATUS	n/a	n/a	DIN5
884.9000000000	n/a	n/a	STATUS	n/a	n/a	D255
885.2120000000	n/a	n/a	STATUS	n/a	n/a	D217
885.2640000000	n/a	n/a	STATUS	n/a	n/a	D255
885.3000000000	n/a	n/a	STATUS	n/a	n/a	DI54
885.3520000000	n/a	n/a	STATUS	n/a	n/a	D255
885.6840000000	n/a	n/a	STATUS	n/a	n/a	DI34
885.7360000000	n/a	n/a	STATUS	n/a	n/a	D255
885.9960000000	n/a	n/a	STATUS	n/a	n/a	DIN5
886.0440000000	n/a	n/a	STATUS	n/a	n/a	D255
886.4240000000	n/a	n/a	STATUS	n/a	n/a	D246
886.4760000000	n/a	n/a	STATUS	n/a	n/a	D255
886.5120000000	n/a	n/a	STATUS	n/a	n/a	DI52
886.5600000000	n/a	n/a	STATUS	n/a	n/a	D255
887.0520000000	n/a	n/a	STATUS	n/a	n/a	DI42
887.1040000000	n/a	n/a	STATUS	n/a	n/a	D255
887.3600000000	n/a	n/a	STATUS	n/a	n/a	DIN5
887.4120000000	n/a	n/a	STATUS	n/a	n/a	D255
887.7520000000	n/a	n/a	STATUS	n/a	n/a	D165
887.8040000000	n/a	n/a	STATUS	n/a	n/a	D255
887.8400000000	n/a	n/a	STATUS	n/a	n/a	DI51
887.8880000000	n/a	n/a	STATUS	n/a	n/a	D255
888.3520000000	n/a	n/a	STATUS	n/a	n/a	DI31
888.4040000000	n/a	n/a	STATUS	n/a	n/a	D255
888.6600000000	n/a	n/a	STATUS	n/a	n/a	DIN5
888.7120000000	n/a	n/a	STATUS	n/a	n/a	D255
889.0560000000	n/a	n/a	STATUS	n/a	n/a	D252
889.1080000000	n/a	n/a	STATUS	n/a	n/a	D255
889.1440000000	n/a	n/a	STATUS	n/a	n/a	DI52
889.1960000000	n/a	n/a	STATUS	n/a	n/a	D255
889.5680000000	n/a	n/a	STATUS	n/a	n/a	DI42
889.6160000000	n/a	n/a	STATUS	n/a	n/a	D255
889.8760000000	n/a	n/a	STATUS	n/a	n/a	DIN5
889.9240000000	n/a	n/a	STATUS	n/a	n/a	D255
890.2840000000	n/a	n/a	STATUS	n/a	n/a	D223
890.3360000000	n/a	n/a	STATUS	n/a	n/a	D255
890.3720000000	n/a	n/a	STATUS	n/a	n/a	DI52
890.4240000000	n/a	n/a	STATUS	n/a	n/a	D255
890.7160000000	n/a	n/a	STATUS	n/a	n/a	DI42
890.7680000000	n/a	n/a	STATUS	n/a	n/a	D255
891.0240000000	n/a	n/a	STATUS	n/a	n/a	DIN5
891.0760000000	n/a	n/a	STATUS	n/a	n/a	D255
891.5400000000	n/a	n/a	STATUS	n/a	n/a	DI84
891.5920000000	n/a	n/a	STATUS	n/a	n/a	D255
891.6280000000	n/a	n/a	STATUS	n/a	n/a	DI51
891.6760000000	n/a	n/a	STATUS	n/a	n/a	D255
892.1680000000	n/a	n/a	STATUS	n/a	n/a	DI31
892.2160000000	n/a	n/a	STATUS	n/a	n/a	D255
892.4760000000	n/a	n/a	STATUS	n/a	n/a	DIN5
892.5280000000	n/a	n/a	STATUS	n/a	n/a	D255
893.0320000000	n/a	n/a	STATUS	n/a	n/a	D248
893.0800000000	n/a	n/a	STATUS	n/a	n/a	D255
893.1200000000	n/a	n/a	STATUS	n/a	n/a	DI51
893.1680000000	n/a	n/a	STATUS	n/a	n/a	D255
893.3800000000	n/a	n/a	STATUS	n/a	n/a	DI21
893.4280000000	n/a	n/a	STATUS	n/a	n/a	D255
893.4360000000	n/a	n/a	STATUS	n/a	n/a	DIN4
893.4840000000	n/a	n/a	STATUS	n/a	n/a	D255
894.2400000000	n/a	n/a	STATUS	n/a	n/a	DIN5
894.2880000000	n/a	n/a	STATUS	n/a	n/a	D255
894.6640000000	n/a	n/a	STATUS	n/a	n/a	D171
894.7120000000	n/a	n/a	STATUS	n/a	n/a	D255
894.7520000000	n/a	n/a	STATUS	n/a	n/a	DI54
894.8000000000	n/a	n/a	STATUS	n/a	n/a	D255
895.2480000000	n/a	n/a	STATUS	n/a	n/a	DI34
895.3000000000	n/a	n/a	STATUS	n/a	n/a	D255
895.5600000000	n/a	n/a	STATUS	n/a	n/a	DIN5
895.6080000000	n/a	n/a	STATUS	n/a	n/a	D255
895.9920000000	n/a	n/a	STATUS	n/a	n/a	DI69
896.0440000000	n/a	n/a	STATUS	n/a	n/a	D255
896.0800000000	n/a	n/a	STATUS	n/a	n/a	DI52
896.1320000000	n/a	n/a	STATUS	n/a	n/a	D255
896.4720000000	n/a	n/a	STATUS	n/a	n/a	DI42
896.5240000000	n/a	n/a	STATUS	n/a	n/a	D255
896.7840000000	n/a	n/a	STATUS	n/a	n/a	DIN5
896.8320000000	n/a	n/a	STATUS	n/a	n/a	D255
897.3280000000	n/a	n/a	STATUS	n/a	n/a	D128
897.3760000000	n/a	n/a	STATUS	n/a	n/a	D255
897.4160000000	n/a	n/a	STATUS	n/a	n/a	DI53
897.4640000000	n/a	n/a	STATUS	n/a	n/a	D255
897.7280000000	n/a	n/a	STATUS	n/a	n/a	DI43
897.7760000000	n/a	n/a	STATUS	n/a	n/a	D255
898.0360000000	n/a	n/a	STATUS	n/a	n/a	DIN5
898.0880000000	n/a	n/a	STATUS	n/a	n/a	D255
898.5400000000	n/a	n/a	STATUS	n/a	n/a	DI72
898.5920000000	n/a	n/a	STATUS	n/a	n/a	D255
898.6280000000	n/a	n/a	STATUS	n/a	n/a	DI53
898.6800000000	n/a	n/a	STATUS	n/a	n/a	D255
898.9400000000	n/a	n/a	STATUS	n/a	n/a	DI43
898.9920000000	n/a	n/a	STATUS	n/a	n/a	D255
899.2480000000	n/a	n/a	STATUS	n/a	n/a	DIN5
899.3000000000	n/a	n/a	STATUS	n/a	n/a	D255
899.7480000000	n/a	n/a	STATUS	n/a	n/a	D143
899.8000000000	n/a	n/a	STATUS	n/a	n/a	D255
899.8360000000	n/a	n/a	STATUS	n/a	n/a	DI53
899.8880000000	n/a	n/a	STATUS	n/a	n/a	D255
900.1240000000	n/a	n/a	STATUS	n/a	n/a	DI43
900.1760000000	n/a	n/a	STATUS	n/a	n/a	D255
900.4360000000	n/a	n/a	STATUS	n/a	n/a	DIN5
900.4840000000	n/a	n/a	STATUS	n/a	n/a	D255
900.7920000000	n/a	n/a	STATUS	n/a	n/a	DI85
900.8440000000	n/a	n/a	STATUS	n/a	n/a	D255
900.8840000000	n/a	n/a	STATUS	n/a	n/a	DI54
900.9320000000	n/a	n/a	STATUS	n/a	n/a	D255
901.2080000000	n/a	n/a	STATUS	n/a	n/a	DI34
901.2600000000	n/a	n/a	STATUS	n/a	n/a	D255
901.5160000000	n/a	n/a	STATUS	n/a	n/a	DIN5
901.5680000000	n/a	n/a	STATUS	n/a	n/a	D255
902.0360000000	n/a	n/a	STATUS	n/a	n/a	D130
902.0880000000	n/a	n/a	STATUS	n/a	n/a	D255
902.1240000000	n/a	n/a	STATUS	n/a	n/a	DI54
902.1760000000	n/a	n/a	STATUS	n/a	n/a	D255
902.3920000000	n/a	n/a	STATUS	n/a	n/a	DI34
902.4400000000	n/a	n/a	STATUS	n/a	n/a	D255
902.7000000000	n/a	n/a	STATUS	n/a	n/a	DIN5
902.7520000000	n/a	n/a	STATUS	n/a	n/a	D255
902.7520000000	n/a	n/a	STATUS	n/a	n/a	D197
903.1440000000	n/a	n/a	STATUS	n/a	n/a	D254
903.1960000000	n/a	n/a	STATUS	n/a	n/a	D255
903.2320000000	n/a	n/a	STATUS	n/a	n/a	DI51
903.2840000000	n/a	n/a	STATUS	n/a	n/a	D255
903.4800000000	n/a	n/a	STATUS	n/a	n/a	DI21
903.5320000000	n/a	n/a	STATUS	n/a	n/a	D255
903.5360000000	n/a	n/a	STATUS	n/a	n/a	DIN4
903.5840000000	n/a	n/a	STATUS	n/a	n/a	D255
904.3400000000	n/a	n/a	STATUS	n/a	n/a	DIN5
904.3880000000	n/a	n/a	STATUS	n/a	n/a	D255
904.7200000000	n/a	n/a	STATUS	n/a	n/a	D218
904.7680000000	n/a	n/a	STATUS	n/a	n/a	D255
904.8080000000	n/a	n/a	STATUS	n/a	n/a	DI51
904.8560000000	n/a	n/a	STATUS	n/a	n/a	D255
905.2280000000	n/a	n/a	STATUS	n/a	n/a	DI31
905.2800000000	n/a	n/a	STATUS	n/a	n/a	D255
905.5360000000	n/a	n/a	STATUS	n/a	n/a	DIN5
905.5880000000	n/a	n/a	STATUS	n/a	n/a	D255
905.9400000000	n/a	n/a	STATUS	n/a	n/a	D127
905.9920000000	n/a	n/a	STATUS	n/a	n/a	D255
906.0320000000	n/a	n/a	STATUS	n/a	n/a	DI52
906.0800000000	n/a	n/a	STATUS	n/a	n/a	D255
906.4480000000	n/a	n/a	STATUS	n/a	n/a	DI12
906.5000000000	n/a	n/a	STATUS	n/a	n/a	D255
906.5040000000	n/a	n/a	STATUS	n/a	n/a	DIN4
906.5520000000	n/a	n/a	STATUS	n/a	n/a	D255
907.3080000000	n/a	n/a	STATUS	n/a	n/a	DIN5
907.3560000000	n/a	n/a	STATUS	n/a	n/a	D255
907.7360000000	n/a	n/a	STATUS	n/a	n/a	D160
907.7880000000	n/a	n/a	STATUS	n/a	n/a	D255
907.8240000000	n/a	n/a	STATUS	n/a	n/a	DI51
907.8760000000	n/a	n/a	STATUS	n/a	n/a	D255
908.2480000000	n/a	n/a	STATUS	n/a	n/a	DI31
908.3000000000	n/a	n/a	STATUS	n/a	n/a	D255
908.5600000000	n/a	n/a	STATUS	n/a	n/a	DIN5
908.6080000000	n/a	n/a	STATUS	n/a	n/a	D255
909.0280000000	n/a	n/a	STATUS	n/a	n/a	DI78
909.0800000000	n/a	n/a	STATUS	n/a	n/a	D255
909.1160000000	n/a	n/a	STATUS	n/a	n/a	DI52
909.1640000000	n/a	n/a	STATUS	n/a	n/a	D255
909.4960000000	n/a	n/a	STATUS	n/a	n/a	DI42
909.5440000000	n/a	n/a	STATUS	n/a	n/a	D255
909.8040000000	n/a	n/a	STATUS	n/a	n/a	DIN5
909.8520000000	n/a	n/a	STATUS	n/a	n/a	D255
910.2280000000	n/a	n/a	STATUS	n/a	n/a	D114
910.2760000000	n/a	n/a	STATUS	n/a	n/a	D255
910.3160000000	n/a	n/a	STATUS	n/a	n/a	DI51
910.3640000000	n/a	n/a	STATUS	n/a	n/a	D255
910.7360000000	n/a	n/a	STATUS	n/a	n/a	DI31
910.7880000000	n/a	n/a	STATUS	n/a	n/a	D255
911.0480000000	n/a	n/a	STATUS	n/a	n/a	DIN5
911.0960000000	n/a	n/a	STATUS	n/a	n/a	D255
911.5800000000	n/a	n/a	STATUS	n/a	n/a	D117
911.6320000000	n/a	n/a	STATUS	n/a	n/a	D255
911.6680000000	n/a	n/a	STATUS	n/a	n/a	DI54
911.7200000000	n/a	n/a	STATUS	n/a	n/a	D255
912.1600000000	n/a	n/a	STATUS	n/a	n/a	DI34
912.2080000000	n/a	n/a	STATUS	n/a	n/a	D255
912.4680000000	n/a	n/a	STATUS	n/a	n/a	DIN5
912.5200000000	n/a	n/a	STATUS	n/a	n/a	D255
912.9480000000	n/a	n/a	STATUS	n/a	n/a	D178
913.0000000000	n/a	n/a	STATUS	n/a	n/a	D255
913.0360000000	n/a	n/a	STATUS	n/a	n/a	DI54
913.0840000000	n/a	n/a	STATUS	n/a	n/a	D255
913.3080000000	n/a	n/a	STATUS	n/a	n/a	DI34
913.3560000000	n/a	n/a	STATUS	n/a	n/a	D255
913.6160000000	n/a	n/a	STATUS	n/a	n/a	DIN5
913.6680000000	n/a	n/a	STATUS	n/a	n/a	D255
913.9960000000	n/a	n/a	STATUS	n/a	n/a	D179
914.0480000000	n/a	n/a	STATUS	n/a	n/a	D255
914.0840000000	n/a	n/a	STATUS	n/a	n/a	DI51
914.1320000000	n/a	n/a	STATUS	n/a	n/a	D255
914.5120000000	n/a	n/a	STATUS	n/a	n/a	DI31
914.5600000000	n/a	n/a	STATUS	n/a	n/a	D255
925.5240000000	n/a	n/a	STATUS	n/a	n/a	DIN5
925.5720000000	n/a	n/a	STATUS	n/a	n/a	D255
925.9800000000	n/a	n/a	STATUS	n/a	n/a	D179
926.0280000000	n/a	n/a	STATUS	n/a	n/a	D255
926.0680000000	n/a	n/a	STATUS	n/a	n/a	DI53
926.1160000000	n/a	n/a	STATUS	n/a	n/a	D255
926.4600000000	n/a	n/a	STATUS	n/a	n/a	DI43
926.5080000000	n/a	n/a	STATUS	n/a	n/a	D255
926.7680000000	n/a	n/a	STATUS	n/a	n/a	DIN5
926.8160000000	n/a	n/a	STATUS	n/a	n/a	D255
927.2520000000	n/a	n/a	STATUS	n/a	n/a	D243
927.3040000000	n/a	n/a	STATUS	n/a	n/a	D255
927.3400000000	n/a	n/a	STATUS	n/a	n/a	DI51
927.3920000000	n/a	n/a	STATUS	n/a	n/a	D255
927.6080000000	n/a	n/a	STATUS	n/a	n/a	DI21
927.6600000000	n/a	n/a	STATUS	n/a	n/a	D255
927.6640000000	n/a	n/a	STATUS	n/a	n/a	DIN4
927.7160000000	n/a	n/a	STATUS	n/a	n/a	D255
928.4680000000	n/a	n/a	STATUS	n/a	n/a	DIN5
928.5200000000	n/a	n/a	STATUS	n/a	n/a	D255
929.0000000000	n/a	n/a	STATUS	n/a	n/a	D116
929.0480000000	n/a	n/a	STATUS	n/a	n/a	D255
929.0840000000	n/a	n/a	STATUS	n/a	n/a	DI54
929.1360000000	n/a	n/a	STATUS	n/a	n/a	D255
929.3880000000	n/a	n/a	STATUS	n/a	n/a	DI34
929.4360000000	n/a	n/a	STATUS	n/a	n/a	D255
929.6960000000	n/a	n/a	STATUS	n/a	n/a	DIN5
929.7440000000	n/a	n/a	STATUS	n/a	n/a	D255
930.1000000000	n/a	n/a	STATUS	n/a	n/a	D246
930.1520000000	n/a	n/a	STATUS	n/a	n/a	D255
930.1880000000	n/a	n/a	STATUS	n/a	n/a	DI54
930.2360000000	n/a	n/a	STATUS	n/a	n/a	D255
930.5160000000	n/a	n/a	STATUS	n/a	n/a	DI34
930.5640000000	n/a	n/a	STATUS	n/a	n/a	D255
930.8240000000	n/a	n/a	STATUS	n/a	n/a	DIN5
930.8760000000	n/a	n/a	STATUS	n/a	n/a	D255
931.3280000000	n/a	n/a	STATUS	n/a	n/a	D163
931.3800000000	n/a	n/a	STATUS	n/a	n/a	D255
931.4160000000	n/a	n/a	STATUS	n/a	n/a	DI52
931.4680000000	n/a	n/a	STATUS	n/a	n/a	D255
931.8840000000	n/a	n/a	STATUS	n/a	n/a	DI42
931.9360000000	n/a	n/a	STATUS	n/a	n/a	D255
932.1920000000	n/a	n/a	STATUS	n/a	n/a	DIN5
932.2440000000	n/a	n/a	STATUS	n/a	n/a	D255
932.6280000000	n/a	n/a	STATUS	n/a	n/a	D164
932.6800000000	n/a	n/a	STATUS	n/a	n/a	D255
932.7160000000	n/a	n/a	STATUS	n/a	n/a	DI54
932.7640000000	n/a	n/a	STATUS	n/a	n/a	D255
933.0040000000	n/a	n/a	STATUS	n/a	n/a	DI34
933.0520000000	n/a	n/a	STATUS	n/a	n/a	D255
933.3120000000	n/a	n/a	STATUS	n/a	n/a	DIN5
933.3600000000	n/a	n/a	STATUS	n/a	n/a	D255
933.7200000000	n/a	n/a	STATUS	n/a	n/a	D108
933.7720000000	n/a	n/a	STATUS	n/a	n/a	D255
933.8080000000	n/a	n/a	STATUS	n/a	n/a	DI52
933.8600000000	n/a	n/a	STATUS	n/a	n/a	D255
934.1720000000	n/a	n/a	STATUS	n/a	n/a	DI42
934.2200000000	n/a	n/a	STATUS	n/a	n/a	D255
934.4800000000	n/a	n/a	STATUS	n/a	n/a	DIN5
934.5320000000	n/a	n/a	STATUS	n/a	n/a	D255
934.9560000000	n/a	n/a	STATUS	n/a	n/a	D114
935.0040000000	n/a	n/a	STATUS	n/a	n/a	D255
935.0440000000	n/a	n/a	STATUS	n/a	n/a	DI54
935.0920000000	n/a	n/a	STATUS	n/a	n/a	D255
935.2760000000	n/a	n/a	STATUS	n/a	n/a	DI34
935.3240000000	n/a	n/a	STATUS	n/a	n/a	D255
935.5840000000	n/a	n/a	STATUS	n/a	n/a	DIN5
935.6320000000	n/a	n/a	STATUS	n/a	n/a	D255
936.0240000000	n/a	n/a	STATUS	n/a	n/a	D189
936.0720000000	n/a	n/a	STATUS	n/a	n/a	D255
936.1120000000	n/a	n/a	STATUS	n/a	n/a	DI54
936.1600000000	n/a	n/a	STATUS	n/a	n/a	D255
936.3920000000	n/a	n/a	STATUS	n/a	n/a	DI34
936.4400000000	n/a	n/a	STATUS	n/a	n/a	D255
936.7000000000	n/a	n/a	STATUS	n/a	n/a	DIN5
936.7480000000	n/a	n/a	STATUS	n/a	n/a	D255
937.1240000000	n/a	n/a	STATUS	n/a	n/a	DI67
937.1760000000	n/a	n/a	STATUS	n/a	n/a	D255
937.2120000000	n/a	n/a	STATUS	n/a	n/a	DI53
937.2600000000	n/a	n/a	STATUS	n/a	n/a	D255
937.5480000000	n/a	n/a	STATUS	n/a	n/a	DI43
937.6000000000	n/a	n/a	STATUS	n/a	n/a	D255
937.8560000000	n/a	n/a	STATUS	n/a	n/a	DIN5
937.9080000000	n/a	n/a	STATUS	n/a	n/a	D255
938.2640000000	n/a	n/a	STATUS	n/a	n/a	DI88
938.3120000000	n/a	n/a	STATUS	n/a	n/a	D255
938.3520000000	n/a	n/a	STATUS	n/a	n/a	DI52
938.4000000000	n/a	n/a	STATUS	n/a	n/a	D255
938.5960000000	n/a	n/a	STATUS	n/a	n/a	DI12
938.6480000000	n/a	n/a	STATUS	n/a	n/a	D255
938.6520000000	n/a	n/a	STATUS	n/a	n/a	DIN4
938.7000000000	n/a	n/a	STATUS	n/a	n/a	D255
939.4560000000	n/a	n/a	STATUS	n/a	n/a	DIN5
939.5040000000	n/a	n/a	STATUS	n/a	n/a	D255
939.9240000000	n/a	n/a	STATUS	n/a	n/a	D191
939.9760000000	n/a	n/a	STATUS	n/a	n/a	D255
940.0120000000	n/a	n/a	STATUS	n/a	n/a	DI52
940.0640000000	n/a	n/a	STATUS	n/a	n/a	D255
940.3360000000	n/a	n/a	STATUS	n/a	n/a	DI12
940.3840000000	n/a	n/a	STATUS	n/a	n/a	D255
940.3880000000	n/a	n/a	STATUS	n/a	n/a	DIN4
940.4400000000	n/a	n/a	STATUS	n/a	n/a	D255
941.1960000000	n/a	n/a	STATUS	n/a	n/a	DIN5
941.2440000000	n/a	n/a	STATUS	n/a	n/a	D255
941.6760000000	n/a	n/a	STATUS	n/a	n/a	D103
941.7240000000	n/a	n/a	STATUS	n/a	n/a	D255
941.7640000000	n/a	n/a	STATUS	n/a	n/a	DI53
941.8120000000	n/a	n/a	STATUS	n/a	n/a	D255
942.1680000000	n/a	n/a	STATUS	n/a	n/a	DI43
942.2160000000	n/a	n/a	STATUS	n/a	n/a	D255
942.4760000000	n/a	n/a	STATUS	n/a	n/a	DIN5
942.5280000000	n/a	n/a	STATUS	n/a	n/a	D255
942.9360000000	n/a	n/a	STATUS	n/a	n/a	D124
942.9880000000	n/a	n/a	STATUS	n/a	n/a	D255
943.0240000000	n/a	n/a	STATUS	n/a	n/a	DI53
943.0720000000	n/a	n/a	STATUS	n/a	n/a	D255
943.3720000000	n/a	n/a	STATUS	n/a	n/a	DI43
943.4200000000	n/a	n/a	STATUS	n/a	n/a	D255
943.4200000000	n/a	n/a	STATUS	n/a	n/a	D235
943.6800000000	n/a	n/a	STATUS	n/a	n/a	DIN5
943.7320000000	n/a	n/a	STATUS	n/a	n/a	D255
944.2240000000	n/a	n/a	STATUS	n/a	n/a	D209
944.2760000000	n/a	n/a	STATUS	n/a	n/a	D255
944.3120000000	n/a	n/a	STATUS	n/a	n/a	DI54
944.3640000000	n/a	n/a	STATUS	n/a	n/a	D255
944.6320000000	n/a	n/a	STATUS	n/a	n/a	DI34
944.6840000000	n/a	n/a	STATUS	n/a	n/a	D255
944.9400000000	n/a	n/a	STATUS	n/a	n/a	DIN5
944.9920000000	n/a	n/a	STATUS	n/a	n/a	D255
945.4160000000	n/a	n/a	STATUS	n/a	n/a	D149
945.4680000000	n/a	n/a	STATUS	n/a	n/a	D255
945.5040000000	n/a	n/a	STATUS	n/a	n/a	DI54
945.5560000000	n/a	n/a	STATUS	n/a	n/a	D255
945.8160000000	n/a	n/a	STATUS	n/a	n/a	DI34
945.8680000000	n/a	n/a	STATUS	n/a	n/a	D255
946.1240000000	n/a	n/a	STATUS	n/a	n/a	DIN5
946.1760000000	n/a	n/a	STATUS	n/a	n/a	D255
946.5240000000	n/a	n/a	STATUS	n/a	n/a	D228
946.5760000000	n/a	n/a	STATUS	n/a	n/a	D255
946.6120000000	n/a	n/a	STATUS	n/a	n/a	DI54
946.6640000000	n/a	n/a	STATUS	n/a	n/a	D255
946.9320000000	n/a	n/a	STATUS	n/a	n/a	DI34
946.9840000000	n/a	n/a	STATUS	n/a	n/a	D255
947.2440000000	n/a	n/a	STATUS	n/a	n/a	DIN5
947.2920000000	n/a	n/a	STATUS	n/a	n/a	D255
947.7600000000	n/a	n/a	STATUS	n/a	n/a	D170
947.8080000000	n/a	n/a	STATUS	n/a	n/a	D255
947.8440000000	n/a	n/a	STATUS	n/a	n/a	DI52
947.8960000000	n/a	n/a	STATUS	n/a	n/a	D255
948.1120000000	n/a	n/a	STATUS	n/a	n/a	DI12
948.1640000000	n/a	n/a	STATUS	n/a	n/a	D255
948.1680000000	n/a	n/a	STATUS	n/a	n/a	DIN4
948.2160000000	n/a	n/a	STATUS	n/a	n/a	D255
948.9720000000	n/a	n/a	STATUS	n/a	n/a	DIN5
949.0240000000	n/a	n/a	STATUS	n/a	n/a	D255
949.4960000000	n/a	n/a	STATUS	n/a	n/a	D173
949.5480000000	n/a	n/a	STATUS	n/a	n/a	D255
949.5840000000	n/a	n/a	STATUS	n/a	n/a	DI51
949.6360000000	n/a	n/a	STATUS	n/a	n/a	D255
950.1760000000	n/a	n/a	STATUS	n/a	n/a	DI31
950.2280000000	n/a	n/a	STATUS	n/a	n/a	D255
950.4880000000	n/a	n/a	STATUS	n/a	n/a	DIN5
950.5360000000	n/a	n/a	STATUS	n/a	n/a	D255
950.9720000000	n/a	n/a	STATUS	n/a	n/a	D214
951.0200000000	n/a	n/a	STATUS	n/a	n/a	D255
951.0560000000	n/a	n/a	STATUS	n/a	n/a	DI53
951.1080000000	n/a	n/a	STATUS	n/a	n/a	D255
951.3880000000	n/a	n/a	STATUS	n/a	n/a	DI43
951.4360000000	n/a	n/a	STATUS	n/a	n/a	D255
951.6960000000	n/a	n/a	STATUS	n/a	n/a	DIN5
951.7480000000	n/a	n/a	STATUS	n/a	n/a	D255
952.0880000000	n/a	n/a	STATUS	n/a	n/a	D224
952.1360000000	n/a	n/a	STATUS	n/a	n/a	D255
952.1760000000	n/a	n/a	STATUS	n/a	n/a	DI53
952.2240000000	n/a	n/a	STATUS	n/a	n/a	D255
952.5120000000	n/a	n/a	STATUS	n/a	n/a	DI43
952.5640000000	n/a	n/a	STATUS	n/a	n/a	D255
952.8200000000	n/a	n/a	STATUS	n/a	n/a	DIN5
952.8720000000	n/a	n/a	STATUS	n/a	n/a	D255
953.2360000000	n/a	n/a	STATUS	n/a	n/a	D111
953.2880000000	n/a	n/a	STATUS	n/a	n/a	D255
953.3240000000	n/a	n/a	STATUS	n/a	n/a	DI53
953.3760000000	n/a	n/a	STATUS	n/a	n/a	D255
953.6120000000	n/a	n/a	STATUS	n/a	n/a	DI43
953.6600000000	n/a	n/a	STATUS	n/a	n/a	D255
953.9200000000	n/a	n/a	STATUS	n/a	n/a	DIN5
953.9680000000	n/a	n/a	STATUS	n/a	n/a	D255
954.3600000000	n/a	n/a	STATUS	n/a	n/a	D158
954.4080000000	n/a	n/a	STATUS	n/a	n/a	D255
954.4480000000	n/a	n/a	STATUS	n/a	n/a	DI51
954.4960000000	n/a	n/a	STATUS	n/a	n/a	D255
954.8520000000	n/a	n/a	STATUS	n/a	n/a	DI31
954.9000000000	n/a	n/a	STATUS	n/a	n/a	D255
955.1600000000	n/a	n/a	STATUS	n/a	n/a	DIN5
955.2080000000	n/a	n/a	STATUS	n/a	n/a	D255
955.7080000000	n/a	n/a	STATUS	n/a	n/a	D236
955.7600000000	n/a	n/a	STATUS	n/a	n/a	D255
955.7960000000	n/a	n/a	STATUS	n/a	n/a	DI54
955.8480000000	n/a	n/a	STATUS	n/a	n/a	D255
956.0720000000	n/a	n/a	STATUS	n/a	n/a	DI34
956.1200000000	n/a	n/a	STATUS	n/a	n/a	D255
956.3800000000	n/a	n/a	STATUS	n/a	n/a	DIN5
956.4320000000	n/a	n/a	STATUS	n/a	n/a	D255
956.7400000000	n/a	n/a	STATUS	n/a	n/a	D203
956.7920000000	n/a	n/a	STATUS	n/a	n/a	D255
956.8280000000	n/a	n/a	STATUS	n/a	n/a	DI52
956.8800000000	n/a	n/a	STATUS	n/a	n/a	D255
957.1160000000	n/a	n/a	STATUS	n/a	n/a	DI12
957.1680000000	n/a	n/a	STATUS	n/a	n/a	D255
957.1720000000	n/a	n/a	STATUS	n/a	n/a	DIN4
957.2200000000	n/a	n/a	STATUS	n/a	n/a	D255
957.9760000000	n/a	n/a	STATUS	n/a	n/a	DIN5
958.0240000000	n/a	n/a	STATUS	n/a	n/a	D255
958.4040000000	n/a	n/a	STATUS	n/a	n/a	D165
958.4560000000	n/a	n/a	STATUS	n/a	n/a	D255
958.4920000000	n/a	n/a	STATUS	n/a	n/a	DI52
958.5440000000	n/a	n/a	STATUS	n/a	n/a	D255
958.9720000000	n/a	n/a	STATUS	n/a	n/a	DI42
959.0240000000	n/a	n/a	STATUS	n/a	n/a	D255
959.2840000000	n/a	n/a	STATUS	n/a	n/a	DIN5
959.3320000000	n/a	n/a	STATUS	n/a	n/a	D255
959.8240000000	n/a	n/a	STATUS	n/a	n/a	D237
959.8720000000	n/a	n/a	STATUS	n/a	n/a	D255
959.9120000000	n/a	n/a	STATUS	n/a	n/a	DI51
959.9600000000	n/a	n/a	STATUS	n/a	n/a	D255
960.3440000000	n/a	n/a	STATUS	n/a	n/a	DI31
960.3960000000	n/a	n/a	STATUS	n/a	n/a	D255
960.6560000000	n/a	n/a	STATUS	n/a	n/a	DIN5
960.7040000000	n/a	n/a	STATUS	n/a	n/a	D255
961.1760000000	n/a	n/a	STATUS	n/a	n/a	D119
961.2240000000	n/a	n/a	STATUS	n/a	n/a	D255
961.2640000000	n/a	n/a	STATUS	n/a	n/a	DI53
961.3120000000	n/a	n/a	STATUS	n/a	n/a	D255
961.5000000000	n/a	n/a	STATUS	n/a	n/a	DI43
961.5520000000	n/a	n/a	STATUS	n/a	n/a	D255
961.8120000000	n/a	n/a	STATUS	n/a	n/a	DIN5
961.8600000000	n/a	n/a	STATUS	n/a	n/a	D255
962.2920000000	n/a	n/a	STATUS	n/a	n/a	D226
962.3400000000	n/a	n/a	STATUS	n/a	n/a	D255
962.3760000000	n/a	n/a	STATUS	n/a	n/a	DI51
962.4280000000	n/a	n/a	STATUS	n/a	n/a	D255
962.6520000000	n/a	n/a	STATUS	n/a	n/a	DI21
962.7040000000	n/a	n/a	STATUS	n/a	n/a	D255
962.7080000000	n/a	n/a	STATUS	n/a	n/a	DIN4
962.7560000000	n/a	n/a	STATUS	n/a	n/a	D255
963.5120000000	n/a	n/a	STATUS	n/a	n/a	DIN5
963.5600000000	n/a	n/a	STATUS	n/a	n/a	D255
963.9800000000	n/a	n/a	STATUS	n/a	n/a	D101
964.0320000000	n/a	n/a	STATUS	n/a	n/a	D255
964.0680000000	n/a	n/a	STATUS	n/a	n/a	DI54
964.1200000000	n/a	n/a	STATUS	n/a	n/a	D255
964.4480000000	n/a	n/a	STATUS	n/a	n/a	DI34
964.5000000000	n/a	n/a	STATUS	n/a	n/a	D255
964.7560000000	n/a	n/a	STATUS	n/a	n/a	DIN5
964.8080000000	n/a	n/a	STATUS	n/a	n/a	D255
965.2440000000	n/a	n/a	STATUS	n/a	n/a	D220
965.2920000000	n/a	n/a	STATUS	n/a	n/a	D255
965.3320000000	n/a	n/a	STATUS	n/a	n/a	DI52
965.3800000000	n/a	n/a	STATUS	n/a	n/a	D255
965.7480000000	n/a	n/a	STATUS	n/a	n/a	DI42
965.8000000000	n/a	n/a	STATUS	n/a	n/a	D255
966.0600000000	n/a	n/a	STATUS	n/a	n/a	DIN5
966.1080000000	n/a	n/a	STATUS	n/a	n/a	D255
966.5320000000	n/a	n/a	STATUS	n/a	n/a	D187
966.5840000000	n/a	n/a	STATUS	n/a	n/a	D255
966.6200000000	n/a	n/a	STATUS	n/a	n/a	DI54
966.6720000000	n/a	n/a	STATUS	n/a	n/a	D255
966.9120000000	n/a	n/a	STATUS	n/a	n/a	DI34
966.9640000000	n/a	n/a	STATUS	n/a	n/a	D255
967.2240000000	n/a	n/a	STATUS	n/a	n/a	DIN5
967.2720000000	n/a	n/a	STATUS	n/a	n/a	D255
967.7200000000	n/a	n/a	STATUS	n/a	n/a	DI69
967.7680000000	n/a	n/a	STATUS	n/a	n/a	D255
967.8040000000	n/a	n/a	STATUS	n/a	n/a	DI53
967.8560000000	n/a	n/a	STATUS	n/a	n/a	D255
968.1280000000	n/a	n/a	STATUS	n/a	n/a	DI43
968.1800000000	n/a	n/a	STATUS	n/a	n/a	D255
968.4360000000	n/a	n/a	STATUS	n/a	n/a	DIN5
968.4880000000	n/a	n/a	STATUS	n/a	n/a	D255
968.8360000000	n/a	n/a	STATUS	n/a	n/a	D107
968.8880000000	n/a	n/a	STATUS	n/a	n/a	D255
968.9240000000	n/a	n/a	STATUS	n/a	n/a	DI51
968.9760000000	n/a	n/a	STATUS	n/a	n/a	D255
969.3240000000	n/a	n/a	STATUS	n/a	n/a	DI31
969.3720000000	n/a	n/a	STATUS	n/a	n/a	D255
969.6320000000	n/a	n/a	STATUS	n/a	n/a	DIN5
969.6840000000	n/a	n/a	STATUS	n/a	n/a	D255
970.1280000000	n/a	n/a	STATUS	n/a	n/a	DI86
970.1760000000	n/a	n/a	STATUS	n/a	n/a	D255
970.2160000000	n/a	n/a	STATUS	n/a	n/a	DI51
970.2640000000	n/a	n/a	STATUS	n/a	n/a	D255
970.6120000000	n/a	n/a	STATUS	n/a	n/a	DI31
970.6600000000	n/a	n/a	STATUS	n/a	n/a	D255
970.9200000000	n/a	n/a	STATUS	n/a	n/a	DIN5
970.9680000000	n/a	n/a	STATUS	n/a	n/a	D255
971.3200000000	n/a	n/a	STATUS	n/a	n/a	D143
971.3680000000	n/a	n/a	STATUS	n/a	n/a	D255
971.4080000000	n/a	n/a	STATUS	n/a	n/a	DI53
971.4560000000	n/a	n/a	STATUS	n/a	n/a	D255
971.7680000000	n/a	n/a	STATUS	n/a	n/a	DI43
971.8200000000	n/a	n/a	STATUS	n/a	n/a	D255
972.0800000000	n/a	n/a	STATUS	n/a	n/a	DIN5
972.1280000000	n/a	n/a	STATUS	n/a	n/a	D255
972.5400000000	n/a	n/a	STATUS	n/a	n/a	D178
972.5880000000	n/a	n/a	STATUS	n/a	n/a	D255
972.6240000000	n/a	n/a	STATUS	n/a	n/a	DI51
972.6760000000	n/a	n/a	STATUS	n/a	n/a	D255
973.0640000000	n/a	n/a	STATUS	n/a	n/a	DI31
973.1120000000	n/a	n/a	STATUS	n/a	n/a	D255
973.3720000000	n/a	n/a	STATUS	n/a	n/a	DIN5
973.4240000000	n/a	n/a	STATUS	n/a	n/a	D255
973.8320000000	n/a	n/a	STATUS	n/a	n/a	DI95
973.8840000000	n/a	n/a	STATUS	n/a	n/a	D255
973.9200000000	n/a	n/a	STATUS	n/a	n/a	DI52
973.9720000000	n/a	n/a	STATUS	n/a	n/a	D255
974.3240000000	n/a	n/a	STATUS	n/a	n/a	DI42
974.3720000000	n/a	n/a	STATUS	n/a	n/a	D255
974.6320000000	n/a	n/a	STATUS	n/a	n/a	DIN5
974.6840000000	n/a	n/a	STATUS	n/a	n/a	D255
975.1680000000	n/a	n/a	STATUS	n/a	n/a	D118
975.2160000000	n/a	n/a	STATUS	n/a	n/a	D255
975.2560000000	n/a	n/a	STATUS	n/a	n/a	DI52
975.3040000000	n/a	n/a	STATUS	n/a	n/a	D255
975.6320000000	n/a	n/a	STATUS	n/a	n/a	DI42
975.6800000000	n/a	n/a	STATUS	n/a	n/a	D255
975.9400000000	n/a	n/a	STATUS	n/a	n/a	DIN5
975.9880000000	n/a	n/a	STATUS	n/a	n/a	D255
976.3000000000	n/a	n/a	STATUS	n/a	n/a	D200
976.3480000000	n/a	n/a	STATUS	n/a	n/a	D255
976.3880000000	n/a	n/a	STATUS	n/a	n/a	DI53
976.4360000000	n/a	n/a	STATUS	n/a	n/a	D255
976.7120000000	n/a	n/a	STATUS	n/a	n/a	DI43
976.7640000000	n/a	n/a	STATUS	n/a	n/a	D255
977.0240000000	n/a	n/a	STATUS	n/a	n/a	DIN5
977.0720000000	n/a	n/a	STATUS	n/a	n/a	D255
977.5640000000	n/a	n/a	STATUS	n/a	n/a	D215
977.6120000000	n/a	n/a	STATUS	n/a	n/a	D255
977.6480000000	n/a	n/a	STATUS	n/a	n/a	DI54
977.7000000000	n/a	n/a	STATUS	n/a	n/a	D255
977.9320000000	n/a	n/a	STATUS	n/a	n/a	DI34
977.9800000000	n/a	n/a	STATUS	n/a	n/a	D255
978.2400000000	n/a	n/a	STATUS	n/a	n/a	DIN5
978.2920000000	n/a	n/a	STATUS	n/a	n/a	D255
978.7240000000	n/a	n/a	STATUS	n/a	n/a	DI74
978.7760000000	n/a	n/a	STATUS	n/a	n/a	D255
978.8120000000	n/a	n/a	STATUS	n/a	n/a	DI53
978.8640000000	n/a	n/a	STATUS	n/a	n/a	D255
979.1080000000	n/a	n/a	STATUS	n/a	n/a	DI43
979.1560000000	n/a	n/a	STATUS	n/a	n/a	D255
979.4160000000	n/a	n/a	STATUS	n/a	n/a	DIN5
979.4640000000	n/a	n/a	STATUS	n/a	n/a	D255
979.8040000000	n/a	n/a	STATUS	n/a	n/a	D221
979.8560000000	n/a	n/a	STATUS	n/a	n/a	D255
979.8920000000	n/a	n/a	STATUS	n/a	n/a	DI52
979.9440000000	n/a	n/a	STATUS	n/a	n/a	D255
980.1720000000	n/a	n/a	STATUS	n/a	n/a	DI12
980.2200000000	n/a	n/a	STATUS	n/a	n/a	D255
980.2240000000	n/a	n/a	STATUS	n/a	n/a	DIN4
980.2760000000	n/a	n/a	STATUS	n/a	n/a	D255
981.0280000000	n/a	n/a	STATUS	n/a	n/a	DIN5
981.0800000000	n/a	n/a	STATUS	n/a	n/a	D255
981.5680000000	n/a	n/a	STATUS	n/a	n/a	DI91
981.6200000000	n/a	n/a	STATUS	n/a	n/a	D255
981.6560000000	n/a	n/a	STATUS	n/a	n/a	DI51
981.7080000000	n/a	n/a	STATUS	n/a	n/a	D255
982.0960000000	n/a	n/a	STATUS	n/a	n/a	DI31
982.1440000000	n/a	n/a	STATUS	n/a	n/a	D255
982.4040000000	n/a	n/a	STATUS	n/a	n/a	DIN5
982.4560000000	n/a	n/a	STATUS	n/a	n/a	D255
982.9600000000	n/a	n/a	STATUS	n/a	n/a	D152
983.0080000000	n/a	n/a	STATUS	n/a	n/a	D255
983.0480000000	n/a	n/a	STATUS	n/a	n/a	DI53
983.0960000000	n/a	n/a	STATUS	n/a	n/a	D255
983.3320000000	n/a	n/a	STATUS	n/a	n/a	DI43
983.3800000000	n/a	n/a	STATUS	n/a	n/a	D255
983.6400000000	n/a	n/a	STATUS	n/a	n/a	DIN5
983.6920000000	n/a	n/a	STATUS	n/a	n/a	D255
983.9960000000	n/a	n/a	STATUS	n/a	n/a	D195
984.0440000000	n/a	n/a	STATUS	n/a	n/a	D255
984.0840000000	n/a	n/a	STATUS	n/a	n/a	DI53
984.1320000000	n/a	n/a	STATUS	n/a	n/a	D255
984.3880000000	n/a	n/a	STATUS	n/a	n/a	DI43
984.4400000000	n/a	n/a	STATUS	n/a	n/a	D255
984.7000000000	n/a	n/a	STATUS	n/a	n/a	DIN5
984.7480000000	n/a	n/a	STATUS	n/a	n/a	D255
985.1600000000	n/a	n/a	STATUS	n/a	n/a	D147
985.2080000000	n/a	n/a	STATUS	n/a	n/a	D255
985.2480000000	n/a	n/a	STATUS	n/a	n/a	DI52
985.2960000000	n/a	n/a	STATUS	n/a	n/a	D255
985.5480000000	n/a	n/a	STATUS	n/a	n/a	DI12
985.5960000000	n/a	n/a	STATUS	n/a	n/a	D255
985.6000000000	n/a	n/a	STATUS	n/a	n/a	DIN4
985.6520000000	n/a	n/a	STATUS	n/a	n/a	D255
986.4040000000	n/a	n/a	STATUS	n/a	n/a	DIN5
986.4560000000	n/a	n/a	STATUS	n/a	n/a	D255
986.8160000000	n/a	n/a	STATUS	n/a	n/a	D126
986.8640000000	n/a	n/a	STATUS	n/a	n/a	D255
986.9040000000	n/a	n/a	STATUS	n/a	n/a	DI54
986.9520000000	n/a	n/a	STATUS	n/a	n/a	D255
987.3440000000	n/a	n/a	STATUS	n/a	n/a	DI34
987.3960000000	n/a	n/a	STATUS	n/a	n/a	D255
987.6560000000	n/a	n/a	STATUS	n/a	n/a	DIN5
987.7040000000	n/a	n/a	STATUS	n/a	n/a	D255
988.0400000000	n/a	n/a	STATUS	n/a	n/a	D156
988.0880000000	n/a	n/a	STATUS	n/a	n/a	D255
988.1240000000	n/a	n/a	STATUS	n/a	n/a	DI53
988.1760000000	n/a	n/a	STATUS	n/a	n/a	D255
988.4760000000	n/a	n/a	STATUS	n/a	n/a	DI43
988.5280000000	n/a	n/a	STATUS	n/a	n/a	D255
988.7880000000	n/a	n/a	STATUS	n/a	n/a	DIN5
988.8360000000	n/a	n/a	STATUS	n/a	n/a	D255
989.1600000000	n/a	n/a	STATUS	n/a	n/a	D211
989.2120000000	n/a	n/a	STATUS	n/a	n/a	D255
989.2480000000	n/a	n/a	STATUS	n/a	n/a	DI53
989.3000000000	n/a	n/a	STATUS	n/a	n/a	D255
989.5880000000	n/a	n/a	STATUS	n/a	n/a	DI43
989.6360000000	n/a	n/a	STATUS	n/a	n/a	D255
989.8960000000	n/a	n/a	STATUS	n/a	n/a	DIN5
989.9480000000	n/a	n/a	STATUS	n/a	n/a	D255
990.4440000000	n/a	n/a	STATUS	n/a	n/a	DI71
990.4920000000	n/a	n/a	STATUS	n/a	n/a	D255
990.5320000000	n/a	n/a	STATUS	n/a	n/a	DI52
990.5800000000	n/a	n/a	STATUS	n/a	n/a	D255
991.0600000000	n/a	n/a	STATUS	n/a	n/a	DI42
991.1120000000	n/a	n/a	STATUS	n/a	n/a	D255
991.3680000000	n/a	n/a	STATUS	n/a	n/a	DIN5
991.4200000000	n/a	n/a	STATUS	n/a	n/a	D255
991.7840000000	n/a	n/a	STATUS	n/a	n/a	DI79
991.8320000000	n/a	n/a	STATUS	n/a	n/a	D255
991.8720000000	n/a	n/a	STATUS	n/a	n/a	DI54
991.9200000000	n/a	n/a	STATUS	n/a	n/a	D255
992.1840000000	n/a	n/a	STATUS	n/a	n/a	DI34
992.2360000000	n/a	n/a	STATUS	n/a	n/a	D255
992.4960000000	n/a	n/a	STATUS	n/a	n/a	DIN5
992.5440000000	n/a	n/a	STATUS	n/a	n/a	D255
993.0480000000	n/a	n/a	STATUS	n/a	n/a	DI94
993.1000000000	n/a	n/a	STATUS	n/a	n/a	D255
993.1360000000	n/a	n/a	STATUS	n/a	n/a	DI53
993.1880000000	n/a	n/a	STATUS	n/a	n/a	D255
993.3360000000	n/a	n/a	STATUS	n/a	n/a	DI43
993.3880000000	n/a	n/a	STATUS	n/a	n/a	D255
993.6480000000	n/a	n/a	STATUS	n/a	n/a	DIN5
993.6960000000	n/a	n/a	STATUS	n/a	n/a	D255
994.1560000000	n/a	n/a	STATUS	n/a	n/a	D130
994.2080000000	n/a	n/a	STATUS	n/a	n/a	D255
994.2440000000	n/a	n/a	STATUS	n/a	n/a	DI52
994.2960000000	n/a	n/a	STATUS	n/a	n/a	D255
994.4600000000	n/a	n/a	STATUS	n/a	n/a	DI12
994.5120000000	n/a	n/a	STATUS	n/a	n/a	D255
994.5160000000	n/a	n/a	STATUS	n/a	n/a	DIN4
994.5640000000	n/a	n/a	STATUS	n/a	n/a	D255
995.3200000000	n/a	n/a	STATUS	n/a	n/a	DIN5
995.3720000000	n/a	n/a	STATUS	n/a	n/a	D255
995.8200000000	n/a	n/a	STATUS	n/a	n/a	D132
995.8720000000	n/a	n/a	STATUS	n/a	n/a	D255
995.9080000000	n/a	n/a	STATUS	n/a	n/a	DI54
995.9560000000	n/a	n/a	STATUS	n/a	n/a	D255
996.3480000000	n/a	n/a	STATUS	n/a	n/a	DI34
996.4000000000	n/a	n/a	STATUS	n/a	n/a	D255
996.6600000000	n/a	n/a	STATUS	n/a	n/a	DIN5
996.7080000000	n/a	n/a	STATUS	n/a	n/a	D255
997.0280000000	n/a	n/a	STATUS	n/a	n/a	D113
997.0800000000	n/a	n/a	STATUS	n/a	n/a	D255
997.1160000000	n/a	n/a	STATUS	n/a	n/a	DI51
997.1680000000	n/a	n/a	STATUS	n/a	n/a	D255
997.6240000000	n/a	n/a	STATUS	n/a	n/a	DI31
997.6760000000	n/a	n/a	STATUS	n/a	n/a	D255
997.9320000000	n/a	n/a	STATUS	n/a	n/a	DIN5
997.9840000000	n/a	n/a	STATUS	n/a	n/a	D255
998.4240000000	n/a	n/a	STATUS	n/a	n/a	D167
998.4720000000	n/a	n/a	STATUS	n/a	n/a	D255
998.5120000000	n/a	n/a	STATUS	n/a	n/a	DI51
998.5600000000	n/a	n/a	STATUS	n/a	n/a	D255
998.8280000000	n/a	n/a	STATUS	n/a	n/a	DI21
998.8800000000	n/a	n/a	STATUS	n/a	n/a	D255
998.8840000000	n/a	n/a	STATUS	n/a	n/a	DIN4
998.9360000000	n/a	n/a	STATUS	n/a	n/a	D255
999.6880000000	n/a	n/a	STATUS	n/a	n/a	DIN5
999.7400000000	n/a	n/a	STATUS	n/a	n/a	D255
1000.0800000000	n/a	n/a	STATUS	n/a	n/a	D194
1000.1280000000	n/a	n/a	STATUS	n/a	n/a	D255
1000.1640000000	n/a	n/a	STATUS	n/a	n/a	DI51
1000.2160000000	n/a	n/a	STATUS	n/a	n/a	D255
1001.2400000000	n/a	n/a	STATUS	n/a	n/a	DIN3
1001.2880000000	n/a	n/a	STATUS	n/a	n/a	D255
1002.0440000000	n/a	n/a	STATUS	n/a	n/a	DIN5
1002.0960000000	n/a	n/a	STATUS	n/a	n/a	D255
1002.5040000000	n/a	n/a	STATUS	n/a	n/a	DI66
1002.5560000000	n/a	n/a	STATUS	n/a	n/a	D255
1002.5920000000	n/a	n/a	STATUS	n/a	n/a	DI51
1002.6440000000	n/a	n/a	STATUS	n/a	n/a	D255
1003.0200000000	n/a	n/a	STATUS	n/a	n/a	DI31
1003.0720000000	n/a	n/a	STATUS	n/a	n/a	D255
1003.3320000000	n/a	n/a	STATUS	n/a	n/a	DIN5
1003.3800000000	n/a	n/a	STATUS	n/a	n/a	D255
1003.7320000000	n/a	n/a	STATUS	n/a	n/a	D160
1003.7800000000	n/a	n/a	STATUS	n/a	n/a	D255
1003.8160000000	n/a	n/a	STATUS	n/a	n/a	DI54
1003.8680000000	n/a	n/a	STATUS	n/a	n/a	D255
1004.1320000000	n/a	n/a	STATUS	n/a	n/a	DI34
1004.1840000000	n/a	n/a	STATUS	n/a	n/a	D255
1004.4440000000	n/a	n/a	STATUS	n/a	n/a	DIN5
1004.4920000000	n/a	n/a	STATUS	n/a	n/a	D255
1004.8800000000	n/a	n/a	STATUS	n/a	n/a	D197
1004.9320000000	n/a	n/a	STATUS	n/a	n/a	D255
1004.9720000000	n/a	n/a	STATUS	n/a	n/a	DI52
1005.0200000000	n/a	n/a	STATUS	n/a	n/a	D255
1005.5360000000	n/a	n/a	STATUS	n/a	n/a	DI42
1005.5880000000	n/a	n/a	STATUS	n/a	n/a	D255
1005.8480000000	n/a	n/a	STATUS	n/a	n/a	DIN5
1005.8960000000	n/a	n/a	STATUS	n/a	n/a	D255
1006.3400000000	n/a	n/a	STATUS	n/a	n/a	D241
1006.3920000000	n/a	n/a	STATUS	n/a	n/a	D255
1006.4280000000	n/a	n/a	STATUS	n/a	n/a	DI52
1006.4800000000	n/a	n/a	STATUS	n/a	n/a	D255
1006.9360000000	n/a	n/a	STATUS	n/a	n/a	DI42
1006.9880000000	n/a	n/a	STATUS	n/a	n/a	D255
1007.2480000000	n/a	n/a	STATUS	n/a	n/a	DIN5
1007.2960000000	n/a	n/a	STATUS	n/a	n/a	D255
1007.6880000000	n/a	n/a	STATUS	n/a	n/a	D190
1007.7360000000	n/a	n/a	STATUS	n/a	n/a	D255
1007.7720000000	n/a	n/a	STATUS	n/a	n/a	DI54
1007.8240000000	n/a	n/a	STATUS	n/a	n/a	D255
1008.1680000000	n/a	n/a	STATUS	n/a	n/a	DI34
1008.2160000000	n/a	n/a	STATUS	n/a	n/a	D255
1008.4760000000	n/a	n/a	STATUS	n/a	n/a	DIN5
1008.5280000000	n/a	n/a	STATUS	n/a	n/a	D255
1009.0240000000	n/a	n/a	STATUS	n/a	n/a	D155
1009.0760000000	n/a	n/a	STATUS	n/a	n/a	D255
1009.1120000000	n/a	n/a	STATUS	n/a	n/a	DI51
1009.1640000000	n/a	n/a	STATUS	n/a	n/a	D255
1009.6200000000	n/a	n/a	STATUS	n/a	n/a	DI31
1009.6680000000	n/a	n/a	STATUS	n/a	n/a	D255
1009.9280000000	n/a	n/a	STATUS	n/a	n/a	DIN5
1009.9800000000	n/a	n/a	STATUS	n/a	n/a	D255
1010.4320000000	n/a	n/a	STATUS	n/a	n/a	D144
1010.4840000000	n/a	n/a	STATUS	n/a	n/a	D255
1010.5200000000	n/a	n/a	STATUS	n/a	n/a	DI51
1010.5720000000	n/a	n/a	STATUS	n/a	n/a	D255
1010.9120000000	n/a	n/a	STATUS	n/a	n/a	DI31
1010.9600000000	n/a	n/a	STATUS	n/a	n/a	D255
1011.2200000000	n/a	n/a	STATUS	n/a	n/a	DIN5
1011.2720000000	n/a	n/a	STATUS	n/a	n/a	D255
1011.5840000000	n/a	n/a	STATUS	n/a	n/a	D212
1011.6360000000	n/a	n/a	STATUS	n/a	n/a	D255
1011.6720000000	n/a	n/a	STATUS	n/a	n/a	DI51
1011.7240000000	n/a	n/a	STATUS	n/a	n/a	D255
1012.0120000000	n/a	n/a	STATUS	n/a	n/a	DI21
1012.0640000000	n/a	n/a	STATUS	n/a	n/a	D255
1012.0680000000	n/a	n/a	STATUS	n/a	n/a	DIN4
1012.1160000000	n/a	n/a	STATUS	n/a	n/a	D255
1012.8720000000	n/a	n/a	STATUS	n/a	n/a	DIN5
1012.9240000000	n/a	n/a	STATUS	n/a	n/a	D255
1013.4200000000	n/a	n/a	STATUS	n/a	n/a	D251
1013.4720000000	n/a	n/a	STATUS	n/a	n/a	D255
1013.5080000000	n/a	n/a	STATUS	n/a	n/a	DI53
1013.5600000000	n/a	n/a	STATUS	n/a	n/a	D255
1013.9160000000	n/a	n/a	STATUS	n/a	n/a	DI43
1013.9680000000	n/a	n/a	STATUS	n/a	n/a	D255
1014.2240000000	n/a	n/a	STATUS	n/a	n/a	DIN5
1014.2760000000	n/a	n/a	STATUS	n/a	n/a	D255
1014.7480000000	n/a	n/a	STATUS	n/a	n/a	D176
1014.8000000000	n/a	n/a	STATUS	n/a	n/a	D255
1014.8360000000	n/a	n/a	STATUS	n/a	n/a	DI53
1014.8880000000	n/a	n/a	STATUS	n/a	n/a	D255
1015.1520000000	n/a	n/a	STATUS	n/a	n/a	DI43
1015.2000000000	n/a	n/a	STATUS	n/a	n/a	D255
1015.4600000000	n/a	n/a	STATUS	n/a	n/a	DIN5
1015.5120000000	n/a	n/a	STATUS	n/a	n/a	D255
1015.8680000000	n/a	n/a	STATUS	n/a	n/a	D161
1015.9200000000	n/a	n/a	STATUS	n/a	n/a	D255
1015.9560000000	n/a	n/a	STATUS	n/a	n/a	DI53
1016.0080000000	n/a	n/a	STATUS	n/a	n/a	D255
1016.2720000000	n/a	n/a	STATUS	n/a	n/a	DI43
1016.3240000000	n/a	n/a	STATUS	n/a	n/a	D255
1016.5840000000	n/a	n/a	STATUS	n/a	n/a	DIN5
1016.6320000000	n/a	n/a	STATUS	n/a	n/a	D255
1016.9760000000	n/a	n/a	STATUS	n/a	n/a	D205
1017.0240000000	n/a	n/a	STATUS	n/a	n/a	D255
1017.0600000000	n/a	n/a	STATUS	n/a	n/a	DI52
1017.1120000000	n/a	n/a	STATUS	n/a	n/a	D255
1017.4440000000	n/a	n/a	STATUS	n/a	n/a	DI42
1017.4960000000	n/a	n/a	STATUS	n/a	n/a	D255
1017.7560000000	n/a	n/a	STATUS	n/a	n/a	DIN5
1017.8040000000	n/a	n/a	STATUS	n/a	n/a	D255
1018.2280000000	n/a	n/a	STATUS	n/a	n/a	D136
1018.2800000000	n/a	n/a	STATUS	n/a	n/a	D255
1018.3160000000	n/a	n/a	STATUS	n/a	n/a	DI53
1018.3680000000	n/a	n/a	STATUS	n/a	n/a	D255
1018.5960000000	n/a	n/a	STATUS	n/a	n/a	DI43
1018.6440000000	n/a	n/a	STATUS	n/a	n/a	D255
1018.9040000000	n/a	n/a	STATUS	n/a	n/a	DIN5
1018.9520000000	n/a	n/a	STATUS	n/a	n/a	D255
1019.4480000000	n/a	n/a	STATUS	n/a	n/a	D219
1019.5000000000	n/a	n/a	STATUS	n/a	n/a	D255
1019.5360000000	n/a	n/a	STATUS	n/a	n/a	DI51
1019.5880000000	n/a	n/a	STATUS	n/a	n/a	D255
1019.8440000000	n/a	n/a	STATUS	n/a	n/a	DI21
1019.8960000000	n/a	n/a	STATUS	n/a	n/a	D255
1019.9000000000	n/a	n/a	STATUS	n/a	n/a	DIN4
1019.9480000000	n/a	n/a	STATUS	n/a	n/a	D255
1020.7040000000	n/a	n/a	STATUS	n/a	n/a	DIN5
1020.7560000000	n/a	n/a	STATUS	n/a	n/a	D255
1021.1040000000	n/a	n/a	STATUS	n/a	n/a	D193
1021.1560000000	n/a	n/a	STATUS	n/a	n/a	D255
1021.1920000000	n/a	n/a	STATUS	n/a	n/a	DI54
1021.2400000000	n/a	n/a	STATUS	n/a	n/a	D255
1021.7640000000	n/a	n/a	STATUS	n/a	n/a	DI24
1021.8160000000	n/a	n/a	STATUS	n/a	n/a	D255
1021.8200000000	n/a	n/a	STATUS	n/a	n/a	DIN4
1021.8680000000	n/a	n/a	STATUS	n/a	n/a	D255
1022.6240000000	n/a	n/a	STATUS	n/a	n/a	DIN5
1022.6720000000	n/a	n/a	STATUS	n/a	n/a	D255
1023.1040000000	n/a	n/a	STATUS	n/a	n/a	DI78
1023.1520000000	n/a	n/a	STATUS	n/a	n/a	D255
1023.1920000000	n/a	n/a	STATUS	n/a	n/a	DI53
1023.2400000000	n/a	n/a	STATUS	n/a	n/a	D255
1023.5720000000	n/a	n/a	STATUS	n/a	n/a	DI43
1023.6240000000	n/a	n/a	STATUS	n/a	n/a	D255
1023.8840000000	n/a	n/a	STATUS	n/a	n/a	DIN5
1023.9320000000	n/a	n/a	STATUS	n/a	n/a	D255
1024.3880000000	n/a	n/a	STATUS	n/a	n/a	D253
1024.4360000000	n/a	n/a	STATUS	n/a	n/a	D255
1024.4760000000	n/a	n/a	STATUS	n/a	n/a	DI51
1024.5240000000	n/a	n/a	STATUS	n/a	n/a	D255
1024.9160000000	n/a	n/a	STATUS	n/a	n/a	DI31
1024.9680000000	n/a	n/a	STATUS	n/a	n/a	D255
1025.2240000000	n/a	n/a	STATUS	n/a	n/a	DIN5
1025.2760000000	n/a	n/a	STATUS	n/a	n/a	D255
1025.6840000000	n/a	n/a	STATUS	n/a	n/a	D254
1025.7360000000	n/a	n/a	STATUS	n/a	n/a	D255
1025.7720000000	n/a	n/a	STATUS	n/a	n/a	DI52
1025.8240000000	n/a	n/a	STATUS	n/a	n/a	D255
1026.8440000000	n/a	n/a	STATUS	n/a	n/a	DIN3
1026.8960000000	n/a	n/a	STATUS	n/a	n/a	D255
1027.6520000000	n/a	n/a	STATUS	n/a	n/a	DIN5
1027.7000000000	n/a	n/a	STATUS	n/a	n/a	D255
1028.0400000000	n/a	n/a	STATUS	n/a	n/a	D206
1028.0920000000	n/a	n/a	STATUS	n/a	n/a	D255
1028.1280000000	n/a	n/a	STATUS	n/a	n/a	DI54
1028.1800000000	n/a	n/a	STATUS	n/a	n/a	D255
1028.4640000000	n/a	n/a	STATUS	n/a	n/a	DI34
1028.5120000000	n/a	n/a	STATUS	n/a	n/a	D255
1028.7720000000	n/a	n/a	STATUS	n/a	n/a	DIN5
1028.8240000000	n/a	n/a	STATUS	n/a	n/a	D255
1029.1720000000	n/a	n/a	STATUS	n/a	n/a	D122
1029.2240000000	n/a	n/a	STATUS	n/a	n/a	D255
1029.2600000000	n/a	n/a	STATUS	n/a	n/a	DI54
1029.3120000000	n/a	n/a	STATUS	n/a	n/a	D255
1029.5640000000	n/a	n/a	STATUS	n/a	n/a	DI34
1029.6120000000	n/a	n/a	STATUS	n/a	n/a	D255
1029.8720000000	n/a	n/a	STATUS	n/a	n/a	DIN5
1029.9240000000	n/a	n/a	STATUS	n/a	n/a	D255
1030.2480000000	n/a	n/a	STATUS	n/a	n/a	D235
1030.2960000000	n/a	n/a	STATUS	n/a	n/a	D255
1030.3320000000	n/a	n/a	STATUS	n/a	n/a	DI51
1030.3840000000	n/a	n/a	STATUS	n/a	n/a	D255
1030.7320000000	n/a	n/a	STATUS	n/a	n/a	DI31
1030.7840000000	n/a	n/a	STATUS	n/a	n/a	D255
1031.0400000000	n/a	n/a	STATUS	n/a	n/a	DIN5
1031.0920000000	n/a	n/a	STATUS	n/a	n/a	D255
1031.4760000000	n/a	n/a	STATUS	n/a	n/a	D207
1031.5280000000	n/a	n/a	STATUS	n/a	n/a	D255
1031.5640000000	n/a	n/a	STATUS	n/a	n/a	DI54
1031.6160000000	n/a	n/a	STATUS	n/a	n/a	D255
1031.9120000000	n/a	n/a	STATUS	n/a	n/a	DI34
1031.9600000000	n/a	n/a	STATUS	n/a	n/a	D255
1032.2200000000	n/a	n/a	STATUS	n/a	n/a	DIN5
1032.2680000000	n/a	n/a	STATUS	n/a	n/a	D255
1032.6760000000	n/a	n/a	STATUS	n/a	n/a	D133
1032.7240000000	n/a	n/a	STATUS	n/a	n/a	D255
1032.7640000000	n/a	n/a	STATUS	n/a	n/a	DI54
1032.8120000000	n/a	n/a	STATUS	n/a	n/a	D255
1033.0200000000	n/a	n/a	STATUS	n/a	n/a	DI34
1033.0720000000	n/a	n/a	STATUS	n/a	n/a	D255
1033.3320000000	n/a	n/a	STATUS	n/a	n/a	DIN5
1033.3800000000	n/a	n/a	STATUS	n/a	n/a	D255
1033.8480000000	n/a	n/a	STATUS	n/a	n/a	D202
1033.9000000000	n/a	n/a	STATUS	n/a	n/a	D255
1033.9360000000	n/a	n/a	STATUS	n/a	n/a	DI54
1033.9880000000	n/a	n/a	STATUS	n/a	n/a	D255
1034.2280000000	n/a	n/a	STATUS	n/a	n/a	DI34
1034.2760000000	n/a	n/a	STATUS	n/a	n/a	D255
1034.5360000000	n/a	n/a	STATUS	n/a	n/a	DIN5
1034.5880000000	n/a	n/a	STATUS	n/a	n/a	D255
1035.0480000000	n/a	n/a	STATUS	n/a	n/a	DI90
1035.0960000000	n/a	n/a	STATUS	n/a	n/a	D255
1035.1320000000	n/a	n/a	STATUS	n/a	n/a	DI52
1035.1840000000	n/a	n/a	STATUS	n/a	n/a	D255
1035.4480000000	n/a	n/a	STATUS	n/a	n/a	DI12
1035.5000000000	n/a	n/a	STATUS	n/a	n/a	D255
1035.5040000000	n/a	n/a	STATUS	n/a	n/a	DIN4
1035.5520000000	n/a	n/a	STATUS	n/a	n/a	D255
1036.3080000000	n/a	n/a	STATUS	n/a	n/a	DIN5
1036.3600000000	n/a	n/a	STATUS	n/a	n/a	D255
1036.8160000000	n/a	n/a	STATUS	n/a	n/a	D142
1036.8680000000	n/a	n/a	STATUS	n/a	n/a	D255
1036.9040000000	n/a	n/a	STATUS	n/a	n/a	DI52
1036.9560000000	n/a	n/a	STATUS	n/a	n/a	D255
1037.3440000000	n/a	n/a	STATUS	n/a	n/a	DI12
1037.3920000000	n/a	n/a	STATUS	n/a	n/a	D255
1037.3960000000	n/a	n/a	STATUS	n/a	n/a	DIN4
1037.4480000000	n/a	n/a	STATUS	n/a	n/a	D255
1038.2000000000	n/a	n/a	STATUS	n/a	n/a	DIN5
1038.2520000000	n/a	n/a	STATUS	n/a	n/a	D255
1038.5800000000	n/a	n/a	STATUS	n/a	n/a	DI87
1038.6320000000	n/a	n/a	STATUS	n/a	n/a	D255
1038.6680000000	n/a	n/a	STATUS	n/a	n/a	DI54
1038.7200000000	n/a	n/a	STATUS	n/a	n/a	D255
1039.0360000000	n/a	n/a	STATUS	n/a	n/a	DI34
1039.0840000000	n/a	n/a	STATUS	n/a	n/a	D255
1039.3440000000	n/a	n/a	STATUS	n/a	n/a	DIN5
1039.3960000000	n/a	n/a	STATUS	n/a	n/a	D255
1039.8120000000	n/a	n/a	STATUS	n/a	n/a	D247
1039.8640000000	n/a	n/a	STATUS	n/a	n/a	D255
1039.9000000000	n/a	n/a	STATUS	n/a	n/a	DI53
1039.9520000000	n/a	n/a	STATUS	n/a	n/a	D255
1040.2840000000	n/a	n/a	STATUS	n/a	n/a	DI43
1040.3360000000	n/a	n/a	STATUS	n/a	n/a	D255
1040.5960000000	n/a	n/a	STATUS	n/a	n/a	DIN5
1040.6440000000	n/a	n/a	STATUS	n/a	n/a	D255
1041.0360000000	n/a	n/a	STATUS	n/a	n/a	D233
1041.0840000000	n/a	n/a	STATUS	n/a	n/a	D255
1041.1200000000	n/a	n/a	STATUS	n/a	n/a	DI51
1041.1720000000	n/a	n/a	STATUS	n/a	n/a	D255
1041.6400000000	n/a	n/a	STATUS	n/a	n/a	DI31
1041.6880000000	n/a	n/a	STATUS	n/a	n/a	D255
1041.9480000000	n/a	n/a	STATUS	n/a	n/a	DIN5
1042.0000000000	n/a	n/a	STATUS	n/a	n/a	D255
1042.3280000000	n/a	n/a	STATUS	n/a	n/a	D125
1042.3800000000	n/a	n/a	STATUS	n/a	n/a	D255
1042.4160000000	n/a	n/a	STATUS	n/a	n/a	DI51
1042.4680000000	n/a	n/a	STATUS	n/a	n/a	D255
1042.7960000000	n/a	n/a	STATUS	n/a	n/a	DI31
1042.8480000000	n/a	n/a	STATUS	n/a	n/a	D255
1043.1080000000	n/a	n/a	STATUS	n/a	n/a	DIN5
1043.1560000000	n/a	n/a	STATUS	n/a	n/a	D255
1043.6080000000	n/a	n/a	STATUS	n/a	n/a	DI96
1043.6560000000	n/a	n/a	STATUS	n/a	n/a	D255
1043.6920000000	n/a	n/a	STATUS	n/a	n/a	DI53
1043.7440000000	n/a	n/a	STATUS	n/a	n/a	D255
1044.0440000000	n/a	n/a	STATUS	n/a	n/a	DI43
1044.0960000000	n/a	n/a	STATUS	n/a	n/a	D255
1044.3560000000	n/a	n/a	STATUS	n/a	n/a	DIN5
1044.4040000000	n/a	n/a	STATUS	n/a	n/a	D255
1044.7120000000	n/a	n/a	STATUS	n/a	n/a	D150
1044.7640000000	n/a	n/a	STATUS	n/a	n/a	D255
1044.8000000000	n/a	n/a	STATUS	n/a	n/a	DI51
1044.8520000000	n/a	n/a	STATUS	n/a	n/a	D255
1045.2280000000	n/a	n/a	STATUS	n/a	n/a	DI31
1045.2800000000	n/a	n/a	STATUS	n/a	n/a	D255
1045.5400000000	n/a	n/a	STATUS	n/a	n/a	DIN5
1045.5880000000	n/a	n/a	STATUS	n/a	n/a	D255
1045.9480000000	n/a	n/a	STATUS	n/a	n/a	DI92
1046.0000000000	n/a	n/a	STATUS	n/a	n/a	D255
1046.0360000000	n/a	n/a	STATUS	n/a	n/a	DI51
1046.0880000000	n/a	n/a	STATUS	n/a	n/a	D255
1046.3640000000	n/a	n/a	STATUS	n/a	n/a	DI31
1046.4120000000	n/a	n/a	STATUS	n/a	n/a	D255
1046.6720000000	n/a	n/a	STATUS	n/a	n/a	DIN5
1046.7200000000	n/a	n/a	STATUS	n/a	n/a	D255
1047.0280000000	n/a	n/a	STATUS	n/a	n/a	D250
1047.0760000000	n/a	n/a	STATUS	n/a	n/a	D255
1047.1160000000	n/a	n/a	STATUS	n/a	n/a	DI52
1047.1640000000	n/a	n/a	STATUS	n/a	n/a	D255
1047.4840000000	n/a	n/a	STATUS	n/a	n/a	DI12
1047.5360000000	n/a	n/a	STATUS	n/a	n/a	D255
1047.5400000000	n/a	n/a	STATUS	n/a	n/a	DIN4
1047.5920000000	n/a	n/a	STATUS	n/a	n/a	D255
1048.3440000000	n/a	n/a	STATUS	n/a	n/a	DIN5
1048.3960000000	n/a	n/a	STATUS	n/a	n/a	D255
1048.7000000000	n/a	n/a	STATUS	n/a	n/a	D128
1048.7480000000	n/a	n/a	STATUS	n/a	n/a	D255
1048.7880000000	n/a	n/a	STATUS	n/a	n/a	DI52
1048.8360000000	n/a	n/a	STATUS	n/a	n/a	D255
1049.4200000000	n/a	n/a	STATUS	n/a	n/a	DI42
1049.4720000000	n/a	n/a	STATUS	n/a	n/a	D255
1049.7280000000	n/a	n/a	STATUS	n/a	n/a	DIN5
1049.7800000000	n/a	n/a	STATUS	n/a	n/a	D255
1050.2840000000	n/a	n/a	STATUS	n/a	n/a	D196
1050.3320000000	n/a	n/a	STATUS	n/a	n/a	D255
1050.3720000000	n/a	n/a	STATUS	n/a	n/a	DI52
1050.4200000000	n/a	n/a	STATUS	n/a	n/a	D255
1050.8360000000	n/a	n/a	STATUS	n/a	n/a	DI42
1050.8880000000	n/a	n/a	STATUS	n/a	n/a	D255
1051.1440000000	n/a	n/a	STATUS	n/a	n/a	DIN5
1051.1960000000	n/a	n/a	STATUS	n/a	n/a	D255
1051.6200000000	n/a	n/a	STATUS	n/a	n/a	D213
1051.6680000000	n/a	n/a	STATUS	n/a	n/a	D255
1051.7080000000	n/a	n/a	STATUS	n/a	n/a	DI52
1051.7560000000	n/a	n/a	STATUS	n/a	n/a	D255
1052.1000000000	n/a	n/a	STATUS	n/a	n/a	DI42
1052.1520000000	n/a	n/a	STATUS	n/a	n/a	D255
1052.4120000000	n/a	n/a	STATUS	n/a	n/a	DIN5
1052.4600000000	n/a	n/a	STATUS	n/a	n/a	D255
1052.8640000000	n/a	n/a	STATUS	n/a	n/a	D141
1052.9160000000	n/a	n/a	STATUS	n/a	n/a	D255
1052.9520000000	n/a	n/a	STATUS	n/a	n/a	DI51
1053.0000000000	n/a	n/a	STATUS	n/a	n/a	D255
1053.3920000000	n/a	n/a	STATUS	n/a	n/a	DI31
1053.4440000000	n/a	n/a	STATUS	n/a	n/a	D255
1053.7040000000	n/a	n/a	STATUS	n/a	n/a	DIN5
1053.7520000000	n/a	n/a	STATUS	n/a	n/a	D255
1054.1720000000	n/a	n/a	STATUS	n/a	n/a	D244
1054.2240000000	n/a	n/a	STATUS	n/a	n/a	D255
1054.2600000000	n/a	n/a	STATUS	n/a	n/a	DI51
1054.3080000000	n/a	n/a	STATUS	n/a	n/a	D255
1054.7360000000	n/a	n/a	STATUS	n/a	n/a	DI31
1054.7840000000	n/a	n/a	STATUS	n/a	n/a	D255
1055.0440000000	n/a	n/a	STATUS	n/a	n/a	DIN5
1055.0920000000	n/a	n/a	STATUS	n/a	n/a	D255
1055.3960000000	n/a	n/a	STATUS	n/a	n/a	D112
1055.4480000000	n/a	n/a	STATUS	n/a	n/a	D255
1055.4840000000	n/a	n/a	STATUS	n/a	n/a	DI54
1055.5360000000	n/a	n/a	STATUS	n/a	n/a	D255
1055.8640000000	n/a	n/a	STATUS	n/a	n/a	DI34
1055.9160000000	n/a	n/a	STATUS	n/a	n/a	D255
1056.1760000000	n/a	n/a	STATUS	n/a	n/a	DIN5
1056.2240000000	n/a	n/a	STATUS	n/a	n/a	D255
1056.5400000000	n/a	n/a	STATUS	n/a	n/a	D210
1056.5880000000	n/a	n/a	STATUS	n/a	n/a	D255
1056.6280000000	n/a	n/a	STATUS	n/a	n/a	DI53
1056.6760000000	n/a	n/a	STATUS	n/a	n/a	D255
1056.9800000000	n/a	n/a	STATUS	n/a	n/a	DI43
1057.0280000000	n/a	n/a	STATUS	n/a	n/a	D255
1057.2880000000	n/a	n/a	STATUS	n/a	n/a	DIN5
1057.3400000000	n/a	n/a	STATUS	n/a	n/a	D255
1057.6720000000	n/a	n/a	STATUS	n/a	n/a	D138
1057.7240000000	n/a	n/a	STATUS	n/a	n/a	D255
1057.7600000000	n/a	n/a	STATUS	n/a	n/a	DI52
1057.8120000000	n/a	n/a	STATUS	n/a	n/a	D255
1058.2080000000	n/a	n/a	STATUS	n/a	n/a	DI42
1058.2560000000	n/a	n/a	STATUS	n/a	n/a	D255
1070.6880000000	n/a	n/a	STATUS	n/a	n/a	DIN5
1070.7360000000	n/a	n/a	STATUS	n/a	n/a	D255
1071.1160000000	n/a	n/a	STATUS	n/a	n/a	D166
1071.1680000000	n/a	n/a	STATUS	n/a	n/a	D255
1071.2040000000	n/a	n/a	STATUS	n/a	n/a	DI54
1071.2520000000	n/a	n/a	STATUS	n/a	n/a	D255
1071.6120000000	n/a	n/a	STATUS	n/a	n/a	DI34
1071.6640000000	n/a	n/a	STATUS	n/a	n/a	D255
1071.9240000000	n/a	n/a	STATUS	n/a	n/a	DIN5
1071.9720000000	n/a	n/a	STATUS	n/a	n/a	D255
1072.3320000000	n/a	n/a	STATUS	n/a	n/a	DI93
1072.3840000000	n/a	n/a	STATUS	n/a	n/a	D255
1072.4200000000	n/a	n/a	STATUS	n/a	n/a	DI52
1072.4720000000	n/a	n/a	STATUS	n/a	n/a	D255
1072.8320000000	n/a	n/a	STATUS	n/a	n/a	DI42
1072.8800000000	n/a	n/a	STATUS	n/a	n/a	D255
1073.1400000000	n/a	n/a	STATUS	n/a	n/a	DIN5
1073.1920000000	n/a	n/a	STATUS	n/a	n/a	D255
1073.6600000000	n/a	n/a	STATUS	n/a	n/a	D201
1073.7080000000	n/a	n/a	STATUS	n/a	n/a	D255
1073.7480000000	n/a	n/a	STATUS	n/a	n/a	DI54
1073.7960000000	n/a	n/a	STATUS	n/a	n/a	D255
1074.0360000000	n/a	n/a	STATUS	n/a	n/a	DI34
1074.0840000000	n/a	n/a	STATUS	n/a	n/a	D255
1074.3440000000	n/a	n/a	STATUS	n/a	n/a	DIN5
1074.3960000000	n/a	n/a	STATUS	n/a	n/a	D255
1074.8880000000	n/a	n/a	STATUS	n/a	n/a	D193
1074.9400000000	n/a	n/a	STATUS	n/a	n/a	D255
1074.9760000000	n/a	n/a	STATUS	n/a	n/a	DI54
1075.0280000000	n/a	n/a	STATUS	n/a	n/a	D255
1075.2960000000	n/a	n/a	STATUS	n/a	n/a	DI34
1075.3440000000	n/a	n/a	STATUS	n/a	n/a	D255
1075.6040000000	n/a	n/a	STATUS	n/a	n/a	DIN5
1075.6520000000	n/a	n/a	STATUS	n/a	n/a	D255
1076.0040000000	n/a	n/a	STATUS	n/a	n/a	D250
1076.0520000000	n/a	n/a	STATUS	n/a	n/a	D255
1076.0920000000	n/a	n/a	STATUS	n/a	n/a	DI54
1076.1400000000	n/a	n/a	STATUS	n/a	n/a	D255
1076.4000000000	n/a	n/a	STATUS	n/a	n/a	DI34
1076.4520000000	n/a	n/a	STATUS	n/a	n/a	D255
1076.7120000000	n/a	n/a	STATUS	n/a	n/a	DIN5
1076.7600000000	n/a	n/a	STATUS	n/a	n/a	D255
1077.1560000000	n/a	n/a	STATUS	n/a	n/a	D246
1077.2080000000	n/a	n/a	STATUS	n/a	n/a	D255
1077.2440000000	n/a	n/a	STATUS	n/a	n/a	DI52
1077.2960000000	n/a	n/a	STATUS	n/a	n/a	D255
1077.5280000000	n/a	n/a	STATUS	n/a	n/a	DI12
1077.5800000000	n/a	n/a	STATUS	n/a	n/a	D255
1077.5840000000	n/a	n/a	STATUS	n/a	n/a	DIN4
1077.6360000000	n/a	n/a	STATUS	n/a	n/a	D255
1078.3880000000	n/a	n/a	STATUS	n/a	n/a	DIN5
1078.4400000000	n/a	n/a	STATUS	n/a	n/a	D255
1078.8080000000	n/a	n/a	STATUS	n/a	n/a	D226
1078.8600000000	n/a	n/a	STATUS	n/a	n/a	D255
1078.8960000000	n/a	n/a	STATUS	n/a	n/a	DI54
1078.9480000000	n/a	n/a	STATUS	n/a	n/a	D255
1079.2360000000	n/a	n/a	STATUS	n/a	n/a	DI34
1079.2840000000	n/a	n/a	STATUS	n/a	n/a	D255
1079.5440000000	n/a	n/a	STATUS	n/a	n/a	DIN5
1079.5960000000	n/a	n/a	STATUS	n/a	n/a	D255
1080.0800000000	n/a	n/a	STATUS	n/a	n/a	D178
1080.1280000000	n/a	n/a	STATUS	n/a	n/a	D255
1080.1680000000	n/a	n/a	STATUS	n/a	n/a	DI51
1080.2160000000	n/a	n/a	STATUS	n/a	n/a	D255
1080.7400000000	n/a	n/a	STATUS	n/a	n/a	DI31
1080.7880000000	n/a	n/a	STATUS	n/a	n/a	D255
1081.0480000000	n/a	n/a	STATUS	n/a	n/a	DIN5
1081.1000000000	n/a	n/a	STATUS	n/a	n/a	D255
1081.4840000000	n/a	n/a	STATUS	n/a	n/a	D196
1081.5320000000	n/a	n/a	STATUS	n/a	n/a	D255
1081.5720000000	n/a	n/a	STATUS	n/a	n/a	DI53
1081.6200000000	n/a	n/a	STATUS	n/a	n/a	D255
1081.9800000000	n/a	n/a	STATUS	n/a	n/a	DI43
1082.0320000000	n/a	n/a	STATUS	n/a	n/a	D255
1082.2880000000	n/a	n/a	STATUS	n/a	n/a	DIN5
1082.3400000000	n/a	n/a	STATUS	n/a	n/a	D255
1082.8240000000	n/a	n/a	STATUS	n/a	n/a	DI80
1082.8760000000	n/a	n/a	STATUS	n/a	n/a	D255
1082.9120000000	n/a	n/a	STATUS	n/a	n/a	DI51
1082.9640000000	n/a	n/a	STATUS	n/a	n/a	D255
1083.2560000000	n/a	n/a	STATUS	n/a	n/a	DI21
1083.3040000000	n/a	n/a	STATUS	n/a	n/a	D255
1083.3080000000	n/a	n/a	STATUS	n/a	n/a	DIN4
1083.3600000000	n/a	n/a	STATUS	n/a	n/a	D255
1084.1160000000	n/a	n/a	STATUS	n/a	n/a	DIN5
1084.1640000000	n/a	n/a	STATUS	n/a	n/a	D255
1084.4680000000	n/a	n/a	STATUS	n/a	n/a	D211
1084.5200000000	n/a	n/a	STATUS	n/a	n/a	D255
1084.5560000000	n/a	n/a	STATUS	n/a	n/a	DI54
1084.6080000000	n/a	n/a	STATUS	n/a	n/a	D255
1084.9320000000	n/a	n/a	STATUS	n/a	n/a	DI34
1084.9840000000	n/a	n/a	STATUS	n/a	n/a	D255
1085.2440000000	n/a	n/a	STATUS	n/a	n/a	DIN5
1085.2920000000	n/a	n/a	STATUS	n/a	n/a	D255
1085.6880000000	n/a	n/a	STATUS	n/a	n/a	D227
1085.7400000000	n/a	n/a	STATUS	n/a	n/a	D255
1085.7760000000	n/a	n/a	STATUS	n/a	n/a	DI51
1085.8240000000	n/a	n/a	STATUS	n/a	n/a	D255
1086.2720000000	n/a	n/a	STATUS	n/a	n/a	DI31
1086.3200000000	n/a	n/a	STATUS	n/a	n/a	D255
1086.5800000000	n/a	n/a	STATUS	n/a	n/a	DIN5
1086.6280000000	n/a	n/a	STATUS	n/a	n/a	D255
1086.9840000000	n/a	n/a	STATUS	n/a	n/a	D113
1087.0360000000	n/a	n/a	STATUS	n/a	n/a	D255
1087.0720000000	n/a	n/a	STATUS	n/a	n/a	DI52
1087.1240000000	n/a	n/a	STATUS	n/a	n/a	D255
1087.5000000000	n/a	n/a	STATUS	n/a	n/a	DI42
1087.5480000000	n/a	n/a	STATUS	n/a	n/a	D255
1087.8080000000	n/a	n/a	STATUS	n/a	n/a	DIN5
1087.8600000000	n/a	n/a	STATUS	n/a	n/a	D255
1088.2720000000	n/a	n/a	STATUS	n/a	n/a	D206
1088.3240000000	n/a	n/a	STATUS	n/a	n/a	D255
1088.3600000000	n/a	n/a	STATUS	n/a	n/a	DI53
1088.4120000000	n/a	n/a	STATUS	n/a	n/a	D255
1088.7680000000	n/a	n/a	STATUS	n/a	n/a	DI43
1088.8160000000	n/a	n/a	STATUS	n/a	n/a	D255
1089.0760000000	n/a	n/a	STATUS	n/a	n/a	DIN5
1089.1240000000	n/a	n/a	STATUS	n/a	n/a	D255
1089.4960000000	n/a	n/a	STATUS	n/a	n/a	D207
1089.5440000000	n/a	n/a	STATUS	n/a	n/a	D255
1089.5840000000	n/a	n/a	STATUS	n/a	n/a	DI54
1089.6320000000	n/a	n/a	STATUS	n/a	n/a	D255
1089.9720000000	n/a	n/a	STATUS	n/a	n/a	DI34
1090.0200000000	n/a	n/a	STATUS	n/a	n/a	D255
1090.2800000000	n/a	n/a	STATUS	n/a	n/a	DIN5
1090.3280000000	n/a	n/a	STATUS	n/a	n/a	D255
1090.8240000000	n/a	n/a	STATUS	n/a	n/a	D165
1090.8760000000	n/a	n/a	STATUS	n/a	n/a	D255
1090.9120000000	n/a	n/a	STATUS	n/a	n/a	DI54
1090.9600000000	n/a	n/a	STATUS	n/a	n/a	D255
1091.2720000000	n/a	n/a	STATUS	n/a	n/a	DI34
1091.3240000000	n/a	n/a	STATUS	n/a	n/a	D255
1091.5800000000	n/a	n/a	STATUS	n/a	n/a	DIN5
1091.6320000000	n/a	n/a	STATUS	n/a	n/a	D255
1092.1000000000	n/a	n/a	STATUS	n/a	n/a	D205
1092.1520000000	n/a	n/a	STATUS	n/a	n/a	D255
1092.1880000000	n/a	n/a	STATUS	n/a	n/a	DI51
1092.2400000000	n/a	n/a	STATUS	n/a	n/a	D255
1092.7840000000	n/a	n/a	STATUS	n/a	n/a	DI31
1092.8360000000	n/a	n/a	STATUS	n/a	n/a	D255
1093.0960000000	n/a	n/a	STATUS	n/a	n/a	DIN5
1093.1440000000	n/a	n/a	STATUS	n/a	n/a	D255
1093.6080000000	n/a	n/a	STATUS	n/a	n/a	D124
1093.6600000000	n/a	n/a	STATUS	n/a	n/a	D255
1093.6960000000	n/a	n/a	STATUS	n/a	n/a	DI53
1093.7440000000	n/a	n/a	STATUS	n/a	n/a	D255
1094.0520000000	n/a	n/a	STATUS	n/a	n/a	DI43
1094.1000000000	n/a	n/a	STATUS	n/a	n/a	D255
1094.3600000000	n/a	n/a	STATUS	n/a	n/a	DIN5
1094.4080000000	n/a	n/a	STATUS	n/a	n/a	D255
1094.7560000000	n/a	n/a	STATUS	n/a	n/a	D104
1094.8040000000	n/a	n/a	STATUS	n/a	n/a	D255
1094.8440000000	n/a	n/a	STATUS	n/a	n/a	DI51
1094.8920000000	n/a	n/a	STATUS	n/a	n/a	D255
1095.2400000000	n/a	n/a	STATUS	n/a	n/a	DI31
1095.2880000000	n/a	n/a	STATUS	n/a	n/a	D255
1095.5480000000	n/a	n/a	STATUS	n/a	n/a	DIN5
1095.5960000000	n/a	n/a	STATUS	n/a	n/a	D255
1095.9720000000	n/a	n/a	STATUS	n/a	n/a	D132
1096.0240000000	n/a	n/a	STATUS	n/a	n/a	D255
1096.0600000000	n/a	n/a	STATUS	n/a	n/a	DI53
1096.1120000000	n/a	n/a	STATUS	n/a	n/a	D255
1096.3920000000	n/a	n/a	STATUS	n/a	n/a	DI43
1096.4440000000	n/a	n/a	STATUS	n/a	n/a	D255
1096.7000000000	n/a	n/a	STATUS	n/a	n/a	DIN5
1096.7520000000	n/a	n/a	STATUS	n/a	n/a	D255
1097.0880000000	n/a	n/a	STATUS	n/a	n/a	D105
1097.1360000000	n/a	n/a	STATUS	n/a	n/a	D255
1097.1760000000	n/a	n/a	STATUS	n/a	n/a	DI53
1097.2240000000	n/a	n/a	STATUS	n/a	n/a	D255
1097.5000000000	n/a	n/a	STATUS	n/a	n/a	DI43
1097.5520000000	n/a	n/a	STATUS	n/a	n/a	D255
1097.8080000000	n/a	n/a	STATUS	n/a	n/a	DIN5
1097.8600000000	n/a	n/a	STATUS	n/a	n/a	D255
1098.3240000000	n/a	n/a	STATUS	n/a	n/a	D251
1098.3760000000	n/a	n/a	STATUS	n/a	n/a	D255
1098.4120000000	n/a	n/a	STATUS	n/a	n/a	DI54
1098.4600000000	n/a	n/a	STATUS	n/a	n/a	D255
1098.7000000000	n/a	n/a	STATUS	n/a	n/a	DI34
1098.7480000000	n/a	n/a	STATUS	n/a	n/a	D255
1099.0080000000	n/a	n/a	STATUS	n/a	n/a	DIN5
1099.0560000000	n/a	n/a	STATUS	n/a	n/a	D255
1099.4280000000	n/a	n/a	STATUS	n/a	n/a	DI75
1099.4760000000	n/a	n/a	STATUS	n/a	n/a	D255
1099.5160000000	n/a	n/a	STATUS	n/a	n/a	DI52
1099.5640000000	n/a	n/a	STATUS	n/a	n/a	D255
1100.0480000000	n/a	n/a	STATUS	n/a	n/a	DI42
1100.1000000000	n/a	n/a	STATUS	n/a	n/a	D255
1100.3560000000	n/a	n/a	STATUS	n/a	n/a	DIN5
1100.4080000000	n/a	n/a	STATUS	n/a	n/a	D255
1100.7400000000	n/a	n/a	STATUS	n/a	n/a	D156
1100.7920000000	n/a	n/a	STATUS	n/a	n/a	D255
1100.8280000000	n/a	n/a	STATUS	n/a	n/a	DI52
1100.8800000000	n/a	n/a	STATUS	n/a	n/a	D255
1101.2240000000	n/a	n/a	STATUS	n/a	n/a	DI42
1101.2760000000	n/a	n/a	STATUS	n/a	n/a	D255
1101.5320000000	n/a	n/a	STATUS	n/a	n/a	DIN5
1101.5840000000	n/a	n/a	STATUS	n/a	n/a	D255
1101.9280000000	n/a	n/a	STATUS	n/a	n/a	DI99
1101.9760000000	n/a	n/a	STATUS	n/a	n/a	D255
1102.0160000000	n/a	n/a	STATUS	n/a	n/a	DI53
1102.0680000000	n/a	n/a	STATUS	n/a	n/a	D255
1102.3720000000	n/a	n/a	STATUS	n/a	n/a	DI43
1102.4240000000	n/a	n/a	STATUS	n/a	n/a	D255
1102.6840000000	n/a	n/a	STATUS	n/a	n/a	DIN5
1102.7320000000	n/a	n/a	STATUS	n/a	n/a	D255
1103.2160000000	n/a	n/a	STATUS	n/a	n/a	D161
1103.2680000000	n/a	n/a	STATUS	n/a	n/a	D255
1103.3040000000	n/a	n/a	STATUS	n/a	n/a	DI52
1103.3560000000	n/a	n/a	STATUS	n/a	n/a	D255
1103.8640000000	n/a	n/a	STATUS	n/a	n/a	DI42
1103.9120000000	n/a	n/a	STATUS	n/a	n/a	D255
1104.1720000000	n/a	n/a	STATUS	n/a	n/a	DIN5
1104.2240000000	n/a	n/a	STATUS	n/a	n/a	D255
1104.6320000000	n/a	n/a	STATUS	n/a	n/a	DI83
1104.6840000000	n/a	n/a	STATUS	n/a	n/a	D255
1104.7200000000	n/a	n/a	STATUS	n/a	n/a	DI51
1104.7720000000	n/a	n/a	STATUS	n/a	n/a	D255
1105.2640000000	n/a	n/a	STATUS	n/a	n/a	DI31
1105.3120000000	n/a	n/a	STATUS	n/a	n/a	D255
1105.5720000000	n/a	n/a	STATUS	n/a	n/a	DIN5
1105.6200000000	n/a	n/a	STATUS	n/a	n/a	D255
1105.9720000000	n/a	n/a	STATUS	n/a	n/a	D155
1106.0200000000	n/a	n/a	STATUS	n/a	n/a	D255
1106.0600000000	n/a	n/a	STATUS	n/a	n/a	DI54
1106.1080000000	n/a	n/a	STATUS	n/a	n/a	D255
1106.3880000000	n/a	n/a	STATUS	n/a	n/a	DI34
1106.4400000000	n/a	n/a	STATUS	n/a	n/a	D255
1106.6960000000	n/a	n/a	STATUS	n/a	n/a	DIN5
1106.7480000000	n/a	n/a	STATUS	n/a	n/a	D255
1107.0960000000	n/a	n/a	STATUS	n/a	n/a	DI69
1107.1480000000	n/a	n/a	STATUS	n/a	n/a	D255
1107.1840000000	n/a	n/a	STATUS	n/a	n/a	DI53
1107.2360000000	n/a	n/a	STATUS	n/a	n/a	D255
1107.5120000000	n/a	n/a	STATUS	n/a	n/a	DI43
1107.5600000000	n/a	n/a	STATUS	n/a	n/a	D255
1107.8200000000	n/a	n/a	STATUS	n/a	n/a	DIN5
1107.8680000000	n/a	n/a	STATUS	n/a	n/a	D255
1108.3120000000	n/a	n/a	STATUS	n/a	n/a	D186
1108.3640000000	n/a	n/a	STATUS	n/a	n/a	D255
1108.4000000000	n/a	n/a	STATUS	n/a	n/a	DI54
1108.4520000000	n/a	n/a	STATUS	n/a	n/a	D255
1108.6680000000	n/a	n/a	STATUS	n/a	n/a	DI34
1108.7160000000	n/a	n/a	STATUS	n/a	n/a	D255
1108.9760000000	n/a	n/a	STATUS	n/a	n/a	DIN5
1109.0240000000	n/a	n/a	STATUS	n/a	n/a	D255
1109.3520000000	n/a	n/a	STATUS	n/a	n/a	D229
1109.4000000000	n/a	n/a	STATUS	n/a	n/a	D255
1109.4400000000	n/a	n/a	STATUS	n/a	n/a	DI53
1109.4880000000	n/a	n/a	STATUS	n/a	n/a	D255
1109.7480000000	n/a	n/a	STATUS	n/a	n/a	DI43
1109.8000000000	n/a	n/a	STATUS	n/a	n/a	D255
1110.0600000000	n/a	n/a	STATUS	n/a	n/a	DIN5
1110.1080000000	n/a	n/a	STATUS	n/a	n/a	D255
1110.4720000000	n/a	n/a	STATUS	n/a	n/a	DI82
1110.5240000000	n/a	n/a	STATUS	n/a	n/a	D255
1110.5600000000	n/a	n/a	STATUS	n/a	n/a	DI51
1110.6120000000	n/a	n/a	STATUS	n/a	n/a	D255
1111.0440000000	n/a	n/a	STATUS	n/a	n/a	DI31
1111.0960000000	n/a	n/a	STATUS	n/a	n/a	D255
1111.3520000000	n/a	n/a	STATUS	n/a	n/a	DIN5
1111.4040000000	n/a	n/a	STATUS	n/a	n/a	D255
1111.7640000000	n/a	n/a	STATUS	n/a	n/a	D123
1111.8120000000	n/a	n/a	STATUS	n/a	n/a	D255
1111.8520000000	n/a	n/a	STATUS	n/a	n/a	DI52
1111.9000000000	n/a	n/a	STATUS	n/a	n/a	D255
1112.2480000000	n/a	n/a	STATUS	n/a	n/a	DI42
1112.2960000000	n/a	n/a	STATUS	n/a	n/a	D255
1112.5560000000	n/a	n/a	STATUS	n/a	n/a	DIN5
1112.6040000000	n/a	n/a	STATUS	n/a	n/a	D255
1113.0000000000	n/a	n/a	STATUS	n/a	n/a	D192
1113.0520000000	n/a	n/a	STATUS	n/a	n/a	D255
1113.0880000000	n/a	n/a	STATUS	n/a	n/a	DI52
1113.1360000000	n/a	n/a	STATUS	n/a	n/a	D255
1113.6280000000	n/a	n/a	STATUS	n/a	n/a	DI42
1113.6760000000	n/a	n/a	STATUS	n/a	n/a	D255
1113.9360000000	n/a	n/a	STATUS	n/a	n/a	DIN5
1113.9840000000	n/a	n/a	STATUS	n/a	n/a	D255
1114.3360000000	n/a	n/a	STATUS	n/a	n/a	D106
1114.3840000000	n/a	n/a	STATUS	n/a	n/a	D255
1114.4200000000	n/a	n/a	STATUS	n/a	n/a	DI51
1114.4720000000	n/a	n/a	STATUS	n/a	n/a	D255
1114.8560000000	n/a	n/a	STATUS	n/a	n/a	DI31
1114.9080000000	n/a	n/a	STATUS	n/a	n/a	D255
1115.1680000000	n/a	n/a	STATUS	n/a	n/a	DIN5
1115.2160000000	n/a	n/a	STATUS	n/a	n/a	D255
1115.5400000000	n/a	n/a	STATUS	n/a	n/a	D179
1115.5920000000	n/a	n/a	STATUS	n/a	n/a	D255
1115.6280000000	n/a	n/a	STATUS	n/a	n/a	DI52
1115.6800000000	n/a	n/a	STATUS	n/a	n/a	D255
1116.0200000000	n/a	n/a	STATUS	n/a	n/a	DI42
1116.0720000000	n/a	n/a	STATUS	n/a	n/a	D255
1116.3280000000	n/a	n/a	STATUS	n/a	n/a	DIN5
1116.3800000000	n/a	n/a	STATUS	n/a	n/a	D255
1116.7120000000	n/a	n/a	STATUS	n/a	n/a	D249
1116.7640000000	n/a	n/a	STATUS	n/a	n/a	D255
1116.8000000000	n/a	n/a	STATUS	n/a	n/a	DI51
1116.8520000000	n/a	n/a	STATUS	n/a	n/a	D255
1117.2600000000	n/a	n/a	STATUS	n/a	n/a	DI31
1117.3120000000	n/a	n/a	STATUS	n/a	n/a	D255
1117.5720000000	n/a	n/a	STATUS	n/a	n/a	DIN5
1117.6200000000	n/a	n/a	STATUS	n/a	n/a	D255
1118.0360000000	n/a	n/a	STATUS	n/a	n/a	D109
1118.0840000000	n/a	n/a	STATUS	n/a	n/a	D255
1118.1240000000	n/a	n/a	STATUS	n/a	n/a	DI53
1118.1720000000	n/a	n/a	STATUS	n/a	n/a	D255
1118.4440000000	n/a	n/a	STATUS	n/a	n/a	DI43
1118.4920000000	n/a	n/a	STATUS	n/a	n/a	D255
1118.7520000000	n/a	n/a	STATUS	n/a	n/a	DIN5
1118.8040000000	n/a	n/a	STATUS	n/a	n/a	D255
1119.2520000000	n/a	n/a	STATUS	n/a	n/a	D171
1119.3040000000	n/a	n/a	STATUS	n/a	n/a	D255
1119.3400000000	n/a	n/a	STATUS	n/a	n/a	DI51
1119.3920000000	n/a	n/a	STATUS	n/a	n/a	D255
1119.6360000000	n/a	n/a	STATUS	n/a	n/a	DI21
1119.6880000000	n/a	n/a	STATUS	n/a	n/a	D255
1119.6920000000	n/a	n/a	STATUS	n/a	n/a	DIN4
1119.7400000000	n/a	n/a	STATUS	n/a	n/a	D255
1120.4960000000	n/a	n/a	STATUS	n/a	n/a	DIN5
1120.5480000000	n/a	n/a	STATUS	n/a	n/a	D255
1120.8560000000	n/a	n/a	STATUS	n/a	n/a	D142
1120.9080000000	n/a	n/a	STATUS	n/a	n/a	D255
1120.9440000000	n/a	n/a	STATUS	n/a	n/a	DI54
1120.9960000000	n/a	n/a	STATUS	n/a	n/a	D255
1121.2880000000	n/a	n/a	STATUS	n/a	n/a	DI34
1121.3400000000	n/a	n/a	STATUS	n/a	n/a	D255
1121.5960000000	n/a	n/a	STATUS	n/a	n/a	DIN5
1121.6480000000	n/a	n/a	STATUS	n/a	n/a	D255
1121.9680000000	n/a	n/a	STATUS	n/a	n/a	D137
1122.0160000000	n/a	n/a	STATUS	n/a	n/a	D255
1122.0520000000	n/a	n/a	STATUS	n/a	n/a	DI52
1122.1040000000	n/a	n/a	STATUS	n/a	n/a	D255
1122.4800000000	n/a	n/a	STATUS	n/a	n/a	DI42
1122.5320000000	n/a	n/a	STATUS	n/a	n/a	D255
1122.7880000000	n/a	n/a	STATUS	n/a	n/a	DIN5
1122.8400000000	n/a	n/a	STATUS	n/a	n/a	D255
1123.3000000000	n/a	n/a	STATUS	n/a	n/a	D131
1123.3480000000	n/a	n/a	STATUS	n/a	n/a	D255
1123.3880000000	n/a	n/a	STATUS	n/a	n/a	DI54
1123.4360000000	n/a	n/a	STATUS	n/a	n/a	D255
1123.6720000000	n/a	n/a	STATUS	n/a	n/a	DI34
1123.7200000000	n/a	n/a	STATUS	n/a	n/a	D255
1123.9800000000	n/a	n/a	STATUS	n/a	n/a	DIN5
1124.0320000000	n/a	n/a	STATUS	n/a	n/a	D255
1124.5240000000	n/a	n/a	STATUS	n/a	n/a	D220
1124.5760000000	n/a	n/a	STATUS	n/a	n/a	D255
1124.6120000000	n/a	n/a	STATUS	n/a	n/a	DI53
1124.6640000000	n/a	n/a	STATUS	n/a	n/a	D255
1124.9080000000	n/a	n/a	STATUS	n/a	n/a	DI43
1124.9560000000	n/a	n/a	STATUS	n/a	n/a	D255
1125.2160000000	n/a	n/a	STATUS	n/a	n/a	DIN5
1125.2680000000	n/a	n/a	STATUS	n/a	n/a	D255
1125.6960000000	n/a	n/a	STATUS	n/a	n/a	D195
1125.7440000000	n/a	n/a	STATUS	n/a	n/a	D255
1125.7840000000	n/a	n/a	STATUS	n/a	n/a	DI52
1125.8320000000	n/a	n/a	STATUS	n/a	n/a	D255
1126.0480000000	n/a	n/a	STATUS	n/a	n/a	DI12
1126.0960000000	n/a	n/a	STATUS	n/a	n/a	D255
1126.1000000000	n/a	n/a	STATUS	n/a	n/a	DIN4
1126.1520000000	n/a	n/a	STATUS	n/a	n/a	D255
1126.9040000000	n/a	n/a	STATUS	n/a	n/a	DIN5
1126.9560000000	n/a	n/a	STATUS	n/a	n/a	D255
1127.3600000000	n/a	n/a	STATUS	n/a	n/a	D198
1127.4120000000	n/a	n/a	STATUS	n/a	n/a	D255
1127.4480000000	n/a	n/a	STATUS	n/a	n/a	DI52
1127.4960000000	n/a	n/a	STATUS	n/a	n/a	D255
1127.7800000000	n/a	n/a	STATUS	n/a	n/a	DI12
1127.8320000000	n/a	n/a	STATUS	n/a	n/a	D255
1127.8360000000	n/a	n/a	STATUS	n/a	n/a	DIN4
1127.8880000000	n/a	n/a	STATUS	n/a	n/a	D255
1128.6400000000	n/a	n/a	STATUS	n/a	n/a	DIN5
1128.6920000000	n/a	n/a	STATUS	n/a	n/a	D255
1129.1240000000	n/a	n/a	STATUS	n/a	n/a	DI77
1129.1760000000	n/a	n/a	STATUS	n/a	n/a	D255
1129.2120000000	n/a	n/a	STATUS	n/a	n/a	DI54
1129.2640000000	n/a	n/a	STATUS	n/a	n/a	D255
1129.5400000000	n/a	n/a	STATUS	n/a	n/a	DI34
1129.5920000000	n/a	n/a	STATUS	n/a	n/a	D255
1129.8480000000	n/a	n/a	STATUS	n/a	n/a	DIN5
1129.9000000000	n/a	n/a	STATUS	n/a	n/a	D255
1130.3480000000	n/a	n/a	STATUS	n/a	n/a	D203
1130.4000000000	n/a	n/a	STATUS	n/a	n/a	D255
1130.4000000000	n/a	n/a	STATUS	n/a	n/a	D251
1130.4360000000	n/a	n/a	STATUS	n/a	n/a	DI54
1130.4880000000	n/a	n/a	STATUS	n/a	n/a	D255
1130.8160000000	n/a	n/a	STATUS	n/a	n/a	DI34
1130.8680000000	n/a	n/a	STATUS	n/a	n/a	D255
1131.1280000000	n/a	n/a	STATUS	n/a	n/a	DIN5
1131.1760000000	n/a	n/a	STATUS	n/a	n/a	D255
1131.6760000000	n/a	n/a	STATUS	n/a	n/a	D110
1131.7280000000	n/a	n/a	STATUS	n/a	n/a	D255
1131.7640000000	n/a	n/a	STATUS	n/a	n/a	DI52
1131.8160000000	n/a	n/a	STATUS	n/a	n/a	D255
1132.2520000000	n/a	n/a	STATUS	n/a	n/a	DI42
1132.3040000000	n/a	n/a	STATUS	n/a	n/a	D255
1132.5600000000	n/a	n/a	STATUS	n/a	n/a	DIN5
1132.6120000000	n/a	n/a	STATUS	n/a	n/a	D255
1132.9640000000	n/a	n/a	STATUS	n/a	n/a	D135
1133.0160000000	n/a	n/a	STATUS	n/a	n/a	D255
1133.0520000000	n/a	n/a	STATUS	n/a	n/a	DI51
1133.1040000000	n/a	n/a	STATUS	n/a	n/a	D255
1133.6360000000	n/a	n/a	STATUS	n/a	n/a	DI31
1133.6840000000	n/a	n/a	STATUS	n/a	n/a	D255
1133.9440000000	n/a	n/a	STATUS	n/a	n/a	DIN5
1133.9960000000	n/a	n/a	STATUS	n/a	n/a	D255
1134.3280000000	n/a	n/a	STATUS	n/a	n/a	D231
1134.3800000000	n/a	n/a	STATUS	n/a	n/a	D255
1134.4160000000	n/a	n/a	STATUS	n/a	n/a	DI53
1134.4680000000	n/a	n/a	STATUS	n/a	n/a	D255
1134.8280000000	n/a	n/a	STATUS	n/a	n/a	DI43
1134.8760000000	n/a	n/a	STATUS	n/a	n/a	D255
1135.1360000000	n/a	n/a	STATUS	n/a	n/a	DIN5
1135.1880000000	n/a	n/a	STATUS	n/a	n/a	D255
1135.6400000000	n/a	n/a	STATUS	n/a	n/a	D164
1135.6920000000	n/a	n/a	STATUS	n/a	n/a	D255
1135.7280000000	n/a	n/a	STATUS	n/a	n/a	DI52
1135.7800000000	n/a	n/a	STATUS	n/a	n/a	D255
1136.1600000000	n/a	n/a	STATUS	n/a	n/a	DI42
1136.2120000000	n/a	n/a	STATUS	n/a	n/a	D255
1136.4720000000	n/a	n/a	STATUS	n/a	n/a	DIN5
1136.5200000000	n/a	n/a	STATUS	n/a	n/a	D255
1137.0200000000	n/a	n/a	STATUS	n/a	n/a	D146
1137.0720000000	n/a	n/a	STATUS	n/a	n/a	D255
1137.1080000000	n/a	n/a	STATUS	n/a	n/a	DI53
1137.1600000000	n/a	n/a	STATUS	n/a	n/a	D255
1137.4960000000	n/a	n/a	STATUS	n/a	n/a	DI43
1137.5440000000	n/a	n/a	STATUS	n/a	n/a	D255
1137.8040000000	n/a	n/a	STATUS	n/a	n/a	DIN5
1137.8560000000	n/a	n/a	STATUS	n/a	n/a	D255
1138.2440000000	n/a	n/a	STATUS	n/a	n/a	D101
1138.2920000000	n/a	n/a	STATUS	n/a	n/a	D255
1138.3320000000	n/a	n/a	STATUS	n/a	n/a	DI53
1138.3800000000	n/a	n/a	STATUS	n/a	n/a	D255
1138.6960000000	n/a	n/a	STATUS	n/a	n/a	DI43
1138.7440000000	n/a	n/a	STATUS	n/a	n/a	D255
1139.0040000000	n/a	n/a	STATUS	n/a	n/a	DIN5
1139.0560000000	n/a	n/a	STATUS	n/a	n/a	D255
1139.4600000000	n/a	n/a	STATUS	n/a	n/a	DI89
1139.5080000000	n/a	n/a	STATUS	n/a	n/a	D255
1139.5480000000	n/a	n/a	STATUS	n/a	n/a	DI52
1139.5960000000	n/a	n/a	STATUS	n/a	n/a	D255
1140.1160000000	n/a	n/a	STATUS	n/a	n/a	DI42
1140.1640000000	n/a	n/a	STATUS	n/a	n/a	D255
1140.4240000000	n/a	n/a	STATUS	n/a	n/a	DIN5
1140.4760000000	n/a	n/a	STATUS	n/a	n/a	D255
1140.8960000000	n/a	n/a	STATUS	n/a	n/a	D188
1140.9440000000	n/a	n/a	STATUS	n/a	n/a	D255
1140.9840000000	n/a	n/a	STATUS	n/a	n/a	DI51
1141.0320000000	n/a	n/a	STATUS	n/a	n/a	D255
1141.6480000000	n/a	n/a	STATUS	n/a	n/a	DI31
1141.7000000000	n/a	n/a	STATUS	n/a	n/a	D255
1141.9560000000	n/a	n/a	STATUS	n/a	n/a	DIN5
1142.0080000000	n/a	n/a	STATUS	n/a	n/a	D255
1142.5040000000	n/a	n/a	STATUS	n/a	n/a	D194
1142.5520000000	n/a	n/a	STATUS	n/a	n/a	D255
1142.5920000000	n/a	n/a	STATUS	n/a	n/a	DI54
1142.6400000000	n/a	n/a	STATUS	n/a	n/a	D255
1143.0040000000	n/a	n/a	STATUS	n/a	n/a	DI34
1143.0560000000	n/a	n/a	STATUS	n/a	n/a	D255
1143.3160000000	n/a	n/a	STATUS	n/a	n/a	DIN5
1143.3640000000	n/a	n/a	STATUS	n/a	n/a	D255
1143.7480000000	n/a	n/a	STATUS	n/a	n/a	DI98
1143.8000000000	n/a	n/a	STATUS	n/a	n/a	D255
1143.8360000000	n/a	n/a	STATUS	n/a	n/a	DI51
1143.8880000000	n/a	n/a	STATUS	n/a	n/a	D255
1144.3320000000	n/a	n/a	STATUS	n/a	n/a	DI31
1144.3800000000	n/a	n/a	STATUS	n/a	n/a	D255
1144.6400000000	n/a	n/a	STATUS	n/a	n/a	DIN5
1144.6880000000	n/a	n/a	STATUS	n/a	n/a	D255
1145.0440000000	n/a	n/a	STATUS	n/a	n/a	D138
1145.0960000000	n/a	n/a	STATUS	n/a	n/a	D255
1145.1320000000	n/a	n/a	STATUS	n/a	n/a	DI52
1145.1840000000	n/a	n/a	STATUS	n/a	n/a	D255
1145.6480000000	n/a	n/a	STATUS	n/a	n/a	DI42
1145.6960000000	n/a	n/a	STATUS	n/a	n/a	D255
1145.9560000000	n/a	n/a	STATUS	n/a	n/a	DIN5
1146.0080000000	n/a	n/a	STATUS	n/a	n/a	D255
1146.4400000000	n/a	n/a	STATUS	n/a	n/a	DI70
1146.4920000000	n/a	n/a	STATUS	n/a	n/a	D255
1146.5280000000	n/a	n/a	STATUS	n/a	n/a	DI51
1146.5800000000	n/a	n/a	STATUS	n/a	n/a	D255
1146.9960000000	n/a	n/a	STATUS	n/a	n/a	DI31
1147.0480000000	n/a	n/a	STATUS	n/a	n/a	D255
1147.3040000000	n/a	n/a	STATUS	n/a	n/a	DIN5
1147.3560000000	n/a	n/a	STATUS	n/a	n/a	D255
1147.8600000000	n/a	n/a	STATUS	n/a	n/a	D172
1147.9120000000	n/a	n/a	STATUS	n/a	n/a	D255
1147.9480000000	n/a	n/a	STATUS	n/a	n/a	DI53
1147.9960000000	n/a	n/a	STATUS	n/a	n/a	D255
1148.2960000000	n/a	n/a	STATUS	n/a	n/a	DI43
1148.3440000000	n/a	n/a	STATUS	n/a	n/a	D255
1148.6040000000	n/a	n/a	STATUS	n/a	n/a	DIN5
1148.6560000000	n/a	n/a	STATUS	n/a	n/a	D255
1149.1480000000	n/a	n/a	STATUS	n/a	n/a	D209
1149.2000000000	n/a	n/a	STATUS	n/a	n/a	D255
1149.2360000000	n/a	n/a	STATUS	n/a	n/a	DI53
1149.2880000000	n/a	n/a	STATUS	n/a	n/a	D255
1149.5720000000	n/a	n/a	STATUS	n/a	n/a	DI43
1149.6240000000	n/a	n/a	STATUS	n/a	n/a	D255
1149.8840000000	n/a	n/a	STATUS	n/a	n/a	DIN5
1149.9320000000	n/a	n/a	STATUS	n/a	n/a	D255
1150.4160000000	n/a	n/a	STATUS	n/a	n/a	DI97
1150.4680000000	n/a	n/a	STATUS	n/a	n/a	D255
1150.5080000000	n/a	n/a	STATUS	n/a	n/a	DI52
1150.5560000000	n/a	n/a	STATUS	n/a	n/a	D255
1150.8760000000	n/a	n/a	STATUS	n/a	n/a	DI12
1150.9240000000	n/a	n/a	STATUS	n/a	n/a	D255
1150.9280000000	n/a	n/a	STATUS	n/a	n/a	DIN4
1150.9800000000	n/a	n/a	STATUS	n/a	n/a	D255
1151.7360000000	n/a	n/a	STATUS	n/a	n/a	DIN5
1151.7840000000	n/a	n/a	STATUS	n/a	n/a	D255
1152.2600000000	n/a	n/a	STATUS	n/a	n/a	D224
1152.3120000000	n/a	n/a	STATUS	n/a	n/a	D255
1152.3480000000	n/a	n/a	STATUS	n/a	n/a	DI51
1152.3960000000	n/a	n/a	STATUS	n/a	n/a	D255
1153.4280000000	n/a	n/a	STATUS	n/a	n/a	DIN3
1153.4760000000	n/a	n/a	STATUS	n/a	n/a	D255
1154.2320000000	n/a	n/a	STATUS	n/a	n/a	DIN5
1154.2800000000	n/a	n/a	STATUS	n/a	n/a	D255
1154.7160000000	n/a	n/a	STATUS	n/a	n/a	D167
1154.7680000000	n/a	n/a	STATUS	n/a	n/a	D255
1154.8040000000	n/a	n/a	STATUS	n/a	n/a	DI54
1154.8560000000	n/a	n/a	STATUS	n/a	n/a	D255
1155.1760000000	n/a	n/a	STATUS	n/a	n/a	DI34
1155.2240000000	n/a	n/a	STATUS	n/a	n/a	D255
1155.4840000000	n/a	n/a	STATUS	n/a	n/a	DIN5
1155.5360000000	n/a	n/a	STATUS	n/a	n/a	D255
1155.9440000000	n/a	n/a	STATUS	n/a	n/a	D152
1155.9960000000	n/a	n/a	STATUS	n/a	n/a	D255
1156.0320000000	n/a	n/a	STATUS	n/a	n/a	DI54
1156.0840000000	n/a	n/a	STATUS	n/a	n/a	D255
1156.3240000000	n/a	n/a	STATUS	n/a	n/a	DI34
1156.3720000000	n/a	n/a	STATUS	n/a	n/a	D255
1156.6320000000	n/a	n/a	STATUS	n/a	n/a	DIN5
1156.6840000000	n/a	n/a	STATUS	n/a	n/a	D255
1157.0880000000	n/a	n/a	STATUS	n/a	n/a	D151
1157.1360000000	n/a	n/a	STATUS	n/a	n/a	D255
1157.1720000000	n/a	n/a	STATUS	n/a	n/a	DI53
1157.2240000000	n/a	n/a	STATUS	n/a	n/a	D255
1157.4760000000	n/a	n/a	STATUS	n/a	n/a	DI43
1157.5240000000	n/a	n/a	STATUS	n/a	n/a	D255
1157.7840000000	n/a	n/a	STATUS	n/a	n/a	DIN5
1157.8360000000	n/a	n/a	STATUS	n/a	n/a	D255
1158.1600000000	n/a	n/a	STATUS	n/a	n/a	D145
1158.2080000000	n/a	n/a	STATUS	n/a	n/a	D255
1158.2480000000	n/a	n/a	STATUS	n/a	n/a	DI53
1158.2960000000	n/a	n/a	STATUS	n/a	n/a	D255
1158.5400000000	n/a	n/a	STATUS	n/a	n/a	DI43
1158.5880000000	n/a	n/a	STATUS	n/a	n/a	D255
1158.8480000000	n/a	n/a	STATUS	n/a	n/a	DIN5
1158.8960000000	n/a	n/a	STATUS	n/a	n/a	D255
1159.2360000000	n/a	n/a	STATUS	n/a	n/a	D160
1159.2880000000	n/a	n/a	STATUS	n/a	n/a	D255
1159.3240000000	n/a	n/a	STATUS	n/a	n/a	DI53
1159.3760000000	n/a	n/a	STATUS	n/a	n/a	D255
1159.6080000000	n/a	n/a	STATUS	n/a	n/a	DI43
1159.6600000000	n/a	n/a	STATUS	n/a	n/a	D255
1159.9160000000	n/a	n/a	STATUS	n/a	n/a	DIN5
1159.9680000000	n/a	n/a	STATUS	n/a	n/a	D255
1160.4600000000	n/a	n/a	STATUS	n/a	n/a	D175
1160.5120000000	n/a	n/a	STATUS	n/a	n/a	D255
1160.5480000000	n/a	n/a	STATUS	n/a	n/a	DI51
1160.6000000000	n/a	n/a	STATUS	n/a	n/a	D255
1161.0760000000	n/a	n/a	STATUS	n/a	n/a	DI31
1161.1240000000	n/a	n/a	STATUS	n/a	n/a	D255
1161.3840000000	n/a	n/a	STATUS	n/a	n/a	DIN5
1161.4320000000	n/a	n/a	STATUS	n/a	n/a	D255
1161.7680000000	n/a	n/a	STATUS	n/a	n/a	D240
1161.8160000000	n/a	n/a	STATUS	n/a	n/a	D255
1161.8560000000	n/a	n/a	STATUS	n/a	n/a	DI51
1161.9080000000	n/a	n/a	STATUS	n/a	n/a	D255
1162.3560000000	n/a	n/a	STATUS	n/a	n/a	DI31
1162.4080000000	n/a	n/a	STATUS	n/a	n/a	D255
1162.6640000000	n/a	n/a	STATUS	n/a	n/a	DIN5
1162.7160000000	n/a	n/a	STATUS	n/a	n/a	D255
1163.1200000000	n/a	n/a	STATUS	n/a	n/a	D247
1163.1720000000	n/a	n/a	STATUS	n/a	n/a	D255
1163.2080000000	n/a	n/a	STATUS	n/a	n/a	DI51
1163.2600000000	n/a	n/a	STATUS	n/a	n/a	D255
1163.7400000000	n/a	n/a	STATUS	n/a	n/a	DI31
1163.7880000000	n/a	n/a	STATUS	n/a	n/a	D255
1164.0480000000	n/a	n/a	STATUS	n/a	n/a	DIN5
1164.1000000000	n/a	n/a	STATUS	n/a	n/a	D255
1164.4880000000	n/a	n/a	STATUS	n/a	n/a	D232
1164.5400000000	n/a	n/a	STATUS	n/a	n/a	D255
1164.5760000000	n/a	n/a	STATUS	n/a	n/a	DI52
1164.6280000000	n/a	n/a	STATUS	n/a	n/a	D255
1164.8960000000	n/a	n/a	STATUS	n/a	n/a	DI12
1164.9440000000	n/a	n/a	STATUS	n/a	n/a	D255
1164.9480000000	n/a	n/a	STATUS	n/a	n/a	DIN4
1165.0000000000	n/a	n/a	STATUS	n/a	n/a	D255
1165.7560000000	n/a	n/a	STATUS	n/a	n/a	DIN5
1165.8040000000	n/a	n/a	STATUS	n/a	n/a	D255
1166.1280000000	n/a	n/a	STATUS	n/a	n/a	D112
1166.1800000000	n/a	n/a	STATUS	n/a	n/a	D255
1166.2160000000	n/a	n/a	STATUS	n/a	n/a	DI51
1166.2680000000	n/a	n/a	STATUS	n/a	n/a	D255
1167.2880000000	n/a	n/a	STATUS	n/a	n/a	DIN3
1167.3400000000	n/a	n/a	STATUS	n/a	n/a	D255
1168.0920000000	n/a	n/a	STATUS	n/a	n/a	DIN5
1168.1440000000	n/a	n/a	STATUS	n/a	n/a	D255
1168.1440000000	n/a	n/a	STATUS	n/a	n/a	D239
1168.6320000000	n/a	n/a	STATUS	n/a	n/a	D173
1168.6840000000	n/a	n/a	STATUS	n/a	n/a	D255
1168.7200000000	n/a	n/a	STATUS	n/a	n/a	DI54
1168.7720000000	n/a	n/a	STATUS	n/a	n/a	D255
1169.0640000000	n/a	n/a	STATUS	n/a	n/a	DI34
1169.1120000000	n/a	n/a	STATUS	n/a	n/a	D255
1169.3720000000	n/a	n/a	STATUS	n/a	n/a	DIN5
1169.4200000000	n/a	n/a	STATUS	n/a	n/a	D255
1169.8200000000	n/a	n/a	STATUS	n/a	n/a	D107
1169.8720000000	n/a	n/a	STATUS	n/a	n/a	D255
1169.9080000000	n/a	n/a	STATUS	n/a	n/a	DI53
1169.9600000000	n/a	n/a	STATUS	n/a	n/a	D255
1170.2080000000	n/a	n/a	STATUS	n/a	n/a	DI43
1170.2600000000	n/a	n/a	STATUS	n/a	n/a	D255
1170.5160000000	n/a	n/a	STATUS	n/a	n/a	DIN5
1170.5680000000	n/a	n/a	STATUS	n/a	n/a	D255
1171.0160000000	n/a	n/a	STATUS	n/a	n/a	D237
1171.0680000000	n/a	n/a	STATUS	n/a	n/a	D255
1171.1040000000	n/a	n/a	STATUS	n/a	n/a	DI52
1171.1560000000	n/a	n/a	STATUS	n/a	n/a	D255
1171.6360000000	n/a	n/a	STATUS	n/a	n/a	DI12
1171.6880000000	n/a	n/a	STATUS	n/a	n/a	D255
1171.6920000000	n/a	n/a	STATUS	n/a	n/a	DIN4
1171.7400000000	n/a	n/a	STATUS	n/a	n/a	D255
1172.4960000000	n/a	n/a	STATUS	n/a	n/a	DIN5
1172.5440000000	n/a	n/a	STATUS	n/a	n/a	D255
1172.9200000000	n/a	n/a	STATUS	n/a	n/a	D236
1172.9720000000	n/a	n/a	STATUS	n/a	n/a	D255
1173.0080000000	n/a	n/a	STATUS	n/a	n/a	DI53
1173.0600000000	n/a	n/a	STATUS	n/a	n/a	D255
1173.3640000000	n/a	n/a	STATUS	n/a	n/a	DI43
1173.4160000000	n/a	n/a	STATUS	n/a	n/a	D255
1173.6760000000	n/a	n/a	STATUS	n/a	n/a	DIN5
1173.7240000000	n/a	n/a	STATUS	n/a	n/a	D255
1174.0640000000	n/a	n/a	STATUS	n/a	n/a	D140
1174.1160000000	n/a	n/a	STATUS	n/a	n/a	D255
1174.1520000000	n/a	n/a	STATUS	n/a	n/a	DI52
1174.2000000000	n/a	n/a	STATUS	n/a	n/a	D255
1174.6840000000	n/a	n/a	STATUS	n/a	n/a	DI42
1174.7360000000	n/a	n/a	STATUS	n/a	n/a	D255
1174.9960000000	n/a	n/a	STATUS	n/a	n/a	DIN5
1175.0440000000	n/a	n/a	STATUS	n/a	n/a	D255
1175.5080000000	n/a	n/a	STATUS	n/a	n/a	D230
1175.5600000000	n/a	n/a	STATUS	n/a	n/a	D255
1175.5960000000	n/a	n/a	STATUS	n/a	n/a	DI54
1175.6480000000	n/a	n/a	STATUS	n/a	n/a	D255
1176.1160000000	n/a	n/a	STATUS	n/a	n/a	DI34
1176.1680000000	n/a	n/a	STATUS	n/a	n/a	D255
1176.4280000000	n/a	n/a	STATUS	n/a	n/a	DIN5
1176.4760000000	n/a	n/a	STATUS	n/a	n/a	D255
1176.8560000000	n/a	n/a	STATUS	n/a	n/a	D163
1176.9080000000	n/a	n/a	STATUS	n/a	n/a	D255
1176.9440000000	n/a	n/a	STATUS	n/a	n/a	DI54
1176.9960000000	n/a	n/a	STATUS	n/a	n/a	D255
1177.3240000000	n/a	n/a	STATUS	n/a	n/a	DI34
1177.3760000000	n/a	n/a	STATUS	n/a	n/a	D255
1177.6360000000	n/a	n/a	STATUS	n/a	n/a	DIN5
1177.6840000000	n/a	n/a	STATUS	n/a	n/a	D255
1178.0880000000	n/a	n/a	STATUS	n/a	n/a	D169
1178.1400000000	n/a	n/a	STATUS	n/a	n/a	D255
1178.1760000000	n/a	n/a	STATUS	n/a	n/a	DI53
1178.2280000000	n/a	n/a	STATUS	n/a	n/a	D255
1178.5160000000	n/a	n/a	STATUS	n/a	n/a	DI43
1178.5640000000	n/a	n/a	STATUS	n/a	n/a	D255
1178.8240000000	n/a	n/a	STATUS	n/a	n/a	DIN5
1178.8760000000	n/a	n/a	STATUS	n/a	n/a	D255
1179.2240000000	n/a	n/a	STATUS	n/a	n/a	D111
1179.2760000000	n/a	n/a	STATUS	n/a	n/a	D255
1179.3120000000	n/a	n/a	STATUS	n/a	n/a	DI54
1179.3600000000	n/a	n/a	STATUS	n/a	n/a	D255
1179.6600000000	n/a	n/a	STATUS	n/a	n/a	DI34
1179.7080000000	n/a	n/a	STATUS	n/a	n/a	D255
1179.9680000000	n/a	n/a	STATUS	n/a	n/a	DIN5
1180.0200000000	n/a	n/a	STATUS	n/a	n/a	D255
1180.5120000000	n/a	n/a	STATUS	n/a	n/a	D225
1180.5640000000	n/a	n/a	STATUS	n/a	n/a	D255
1180.6000000000	n/a	n/a	STATUS	n/a	n/a	DI53
1180.6520000000	n/a	n/a	STATUS	n/a	n/a	D255
1180.8800000000	n/a	n/a	STATUS	n/a	n/a	DI43
1180.9280000000	n/a	n/a	STATUS	n/a	n/a	D255
1181.1880000000	n/a	n/a	STATUS	n/a	n/a	DIN5
1181.2400000000	n/a	n/a	STATUS	n/a	n/a	D255
1181.7080000000	n/a	n/a	STATUS	n/a	n/a	DI87
1181.7600000000	n/a	n/a	STATUS	n/a	n/a	D255
1181.7960000000	n/a	n/a	STATUS	n/a	n/a	DI51
1181.8480000000	n/a	n/a	STATUS	n/a	n/a	D255
1182.0560000000	n/a	n/a	STATUS	n/a	n/a	DI21
1182.1040000000	n/a	n/a	STATUS	n/a	n/a	D255
1182.1080000000	n/a	n/a	STATUS	n/a	n/a	DIN4
1182.1600000000	n/a	n/a	STATUS	n/a	n/a	D255
1182.9160000000	n/a	n/a	STATUS	n/a	n/a	DIN5
1182.9640000000	n/a	n/a	STATUS	n/a	n/a	D255
1183.4280000000	n/a	n/a	STATUS	n/a	n/a	DI71
1183.4800000000	n/a	n/a	STATUS	n/a	n/a	D255
1183.5160000000	n/a	n/a	STATUS	n/a	n/a	DI54
1183.5680000000	n/a	n/a	STATUS	n/a	n/a	D255
1183.8920000000	n/a	n/a	STATUS	n/a	n/a	DI34
1183.9440000000	n/a	n/a	STATUS	n/a	n/a	D255
1184.2000000000	n/a	n/a	STATUS	n/a	n/a	DIN5
1184.2520000000	n/a	n/a	STATUS	n/a	n/a	D255
1184.7560000000	n/a	n/a	STATUS	n/a	n/a	D243
1184.8080000000	n/a	n/a	STATUS	n/a	n/a	D255
1184.8440000000	n/a	n/a	STATUS	n/a	n/a	DI51
1184.8960000000	n/a	n/a	STATUS	n/a	n/a	D255
1185.3960000000	n/a	n/a	STATUS	n/a	n/a	DI31
1185.4480000000	n/a	n/a	STATUS	n/a	n/a	D255
1185.7080000000	n/a	n/a	STATUS	n/a	n/a	DIN5
1185.7560000000	n/a	n/a	STATUS	n/a	n/a	D255
1186.2560000000	n/a	n/a	STATUS	n/a	n/a	D248
1186.3080000000	n/a	n/a	STATUS	n/a	n/a	D255
1186.3440000000	n/a	n/a	STATUS	n/a	n/a	DI53
1186.3960000000	n/a	n/a	STATUS	n/a	n/a	D255
1186.6520000000	n/a	n/a	STATUS	n/a	n/a	DI43
1186.7000000000	n/a	n/a	STATUS	n/a	n/a	D255
1186.9600000000	n/a	n/a	STATUS	n/a	n/a	DIN5
1187.0120000000	n/a	n/a	STATUS	n/a	n/a	D255
1187.4040000000	n/a	n/a	STATUS	n/a	n/a	DI96
1187.4560000000	n/a	n/a	STATUS	n/a	n/a	D255
1187.4920000000	n/a	n/a	STATUS	n/a	n/a	DI54
1187.5400000000	n/a	n/a	STATUS	n/a	n/a	D255
1187.8520000000	n/a	n/a	STATUS	n/a	n/a	DI34
1187.9000000000	n/a	n/a	STATUS	n/a	n/a	D255
1188.1600000000	n/a	n/a	STATUS	n/a	n/a	DIN5
1188.2120000000	n/a	n/a	STATUS	n/a	n/a	D255
1188.6440000000	n/a	n/a	STATUS	n/a	n/a	D216
1188.6960000000	n/a	n/a	STATUS	n/a	n/a	D255
1188.7320000000	n/a	n/a	STATUS	n/a	n/a	DI51
1188.7840000000	n/a	n/a	STATUS	n/a	n/a	D255
1189.0920000000	n/a	n/a	STATUS	n/a	n/a	DI21
1189.1400000000	n/a	n/a	STATUS	n/a	n/a	D255
1189.1440000000	n/a	n/a	STATUS	n/a	n/a	DIN4
1189.1960000000	n/a	n/a	STATUS	n/a	n/a	D255
1189.9520000000	n/a	n/a	STATUS	n/a	n/a	DIN5
1190.0000000000	n/a	n/a	STATUS	n/a	n/a	D255
1190.3880000000	n/a	n/a	STATUS	n/a	n/a	DI72
1190.4400000000	n/a	n/a	STATUS	n/a	n/a	D255
1190.4800000000	n/a	n/a	STATUS	n/a	n/a	DI52
1190.5280000000	n/a	n/a	STATUS	n/a	n/a	D255
1190.9960000000	n/a	n/a	STATUS	n/a	n/a	DI42
1191.0440000000	n/a	n/a	STATUS	n/a	n/a	D255
1191.3040000000	n/a	n/a	STATUS	n/a	n/a	DIN5
1191.3560000000	n/a	n/a	STATUS	n/a	n/a	D255
1191.6640000000	n/a	n/a	STATUS	n/a	n/a	D200
1191.7120000000	n/a	n/a	STATUS	n/a	n/a	D255
1191.7520000000	n/a	n/a	STATUS	n/a	n/a	DI52
1191.8000000000	n/a	n/a	STATUS	n/a	n/a	D255
1192.1400000000	n/a	n/a	STATUS	n/a	n/a	DI42
1192.1920000000	n/a	n/a	STATUS	n/a	n/a	D255
1192.4520000000	n/a	n/a	STATUS	n/a	n/a	DIN5
1192.5000000000	n/a	n/a	STATUS	n/a	n/a	D255
1192.9440000000	n/a	n/a	STATUS	n/a	n/a	D177
1192.9960000000	n/a	n/a	STATUS	n/a	n/a	D255
1193.0320000000	n/a	n/a	STATUS	n/a	n/a	DI52
1193.0840000000	n/a	n/a	STATUS	n/a	n/a	D255
1193.4440000000	n/a	n/a	STATUS	n/a	n/a	DI42
1193.4960000000	n/a	n/a	STATUS	n/a	n/a	D255
1193.7560000000	n/a	n/a	STATUS	n/a	n/a	DIN5
1193.8040000000	n/a	n/a	STATUS	n/a	n/a	D255
1194.2400000000	n/a	n/a	STATUS	n/a	n/a	D190
1194.2880000000	n/a	n/a	STATUS	n/a	n/a	D255
1194.3280000000	n/a	n/a	STATUS	n/a	n/a	DI52
1194.3800000000	n/a	n/a	STATUS	n/a	n/a	D255
1194.7760000000	n/a	n/a	STATUS	n/a	n/a	DI42
1194.8280000000	n/a	n/a	STATUS	n/a	n/a	D255
1195.0880000000	n/a	n/a	STATUS	n/a	n/a	DIN5
1195.1360000000	n/a	n/a	STATUS	n/a	n/a	D255
1195.6120000000	n/a	n/a	STATUS	n/a	n/a	D245
1195.6640000000	n/a	n/a	STATUS	n/a	n/a	D255
1195.7000000000	n/a	n/a	STATUS	n/a	n/a	DI51
1195.7480000000	n/a	n/a	STATUS	n/a	n/a	D255
1196.1920000000	n/a	n/a	STATUS	n/a	n/a	DI31
1196.2440000000	n/a	n/a	STATUS	n/a	n/a	D255
1196.5040000000	n/a	n/a	STATUS	n/a	n/a	DIN5
1196.5520000000	n/a	n/a	STATUS	n/a	n/a	D255
1196.9640000000	n/a	n/a	STATUS	n/a	n/a	D189
1197.0160000000	n/a	n/a	STATUS	n/a	n/a	D255
1197.0520000000	n/a	n/a	STATUS	n/a	n/a	DI53
1197.1040000000	n/a	n/a	STATUS	n/a	n/a	D255
1197.3280000000	n/a	n/a	STATUS	n/a	n/a	DI43
1197.3800000000	n/a	n/a	STATUS	n/a	n/a	D255
1197.6360000000	n/a	n/a	STATUS	n/a	n/a	DIN5
1197.6880000000	n/a	n/a	STATUS	n/a	n/a	D255
1198.1080000000	n/a	n/a	STATUS	n/a	n/a	D213
1198.1600000000	n/a	n/a	STATUS	n/a	n/a	D255
1198.1960000000	n/a	n/a	STATUS	n/a	n/a	DI51
1198.2440000000	n/a	n/a	STATUS	n/a	n/a	D255
1198.5880000000	n/a	n/a	STATUS	n/a	n/a	DI31
1198.6360000000	n/a	n/a	STATUS	n/a	n/a	D255
1198.8960000000	n/a	n/a	STATUS	n/a	n/a	DIN5
1198.9440000000	n/a	n/a	STATUS	n/a	n/a	D255
1199.4040000000	n/a	n/a	STATUS	n/a	n/a	D221
1199.4560000000	n/a	n/a	STATUS	n/a	n/a	D255
1199.4920000000	n/a	n/a	STATUS	n/a	n/a	DI51
1199.5440000000	n/a	n/a	STATUS	n/a	n/a	D255
1199.7280000000	n/a	n/a	STATUS	n/a	n/a	DI21
1199.7760000000	n/a	n/a	STATUS	n/a	n/a	D255
1199.7800000000	n/a	n/a	STATUS	n/a	n/a	DIN4
1199.8320000000	n/a	n/a	STATUS	n/a	n/a	D255
1200.5880000000	n/a	n/a	STATUS	n/a	n/a	DIN5
1200.6360000000	n/a	n/a	STATUS	n/a	n/a	D255
1201.1080000000	n/a	n/a	STATUS	n/a	n/a	D176
1201.1560000000	n/a	n/a	STATUS	n/a	n/a	D255
1201.1960000000	n/a	n/a	STATUS	n/a	n/a	DI54
1201.2440000000	n/a	n/a	STATUS	n/a	n/a	D255
1201.5480000000	n/a	n/a	STATUS	n/a	n/a	DI34
1201.6000000000	n/a	n/a	STATUS	n/a	n/a	D255
1201.8560000000	n/a	n/a	STATUS	n/a	n/a	DIN5
1201.9080000000	n/a	n/a	STATUS	n/a	n/a	D255
1202.3840000000	n/a	n/a	STATUS	n/a	n/a	D199
1202.4320000000	n/a	n/a	STATUS	n/a	n/a	D255
1202.4680000000	n/a	n/a	STATUS	n/a	n/a	DI52
1202.5200000000	n/a	n/a	STATUS	n/a	n/a	D255
1202.8680000000	n/a	n/a	STATUS	n/a	n/a	DI42
1202.9160000000	n/a	n/a	STATUS	n/a	n/a	D255
1203.1760000000	n/a	n/a	STATUS	n/a	n/a	DIN5
1203.2280000000	n/a	n/a	STATUS	n/a	n/a	D255
1203.6360000000	n/a	n/a	STATUS	n/a	n/a	D143
1203.6840000000	n/a	n/a	STATUS	n/a	n/a	D255
1203.7240000000	n/a	n/a	STATUS	n/a	n/a	DI53
1203.7720000000	n/a	n/a	STATUS	n/a	n/a	D255
1204.0480000000	n/a	n/a	STATUS	n/a	n/a	DI43
1204.0960000000	n/a	n/a	STATUS	n/a	n/a	D255
