onset	duration	sample	trial_type	response_time	stim_file	value
677.0040000000	n/a	n/a	STATUS	n/a	n/a	DIN5
677.0560000000	n/a	n/a	STATUS	n/a	n/a	D255
677.4200000000	n/a	n/a	STATUS	n/a	n/a	D193
677.4680000000	n/a	n/a	STATUS	n/a	n/a	D255
677.5080000000	n/a	n/a	STATUS	n/a	n/a	DI54
677.5600000000	n/a	n/a	STATUS	n/a	n/a	D255
677.9000000000	n/a	n/a	STATUS	n/a	n/a	DI34
677.9480000000	n/a	n/a	STATUS	n/a	n/a	D255
678.2120000000	n/a	n/a	STATUS	n/a	n/a	DIN5
678.2640000000	n/a	n/a	STATUS	n/a	n/a	D255
678.7680000000	n/a	n/a	STATUS	n/a	n/a	D236
678.8160000000	n/a	n/a	STATUS	n/a	n/a	D255
678.8560000000	n/a	n/a	STATUS	n/a	n/a	DI52
678.9040000000	n/a	n/a	STATUS	n/a	n/a	D255
679.3480000000	n/a	n/a	STATUS	n/a	n/a	DI42
679.3960000000	n/a	n/a	STATUS	n/a	n/a	D255
679.6560000000	n/a	n/a	STATUS	n/a	n/a	DIN5
679.7080000000	n/a	n/a	STATUS	n/a	n/a	D255
680.2120000000	n/a	n/a	STATUS	n/a	n/a	D170
680.2600000000	n/a	n/a	STATUS	n/a	n/a	D255
680.3000000000	n/a	n/a	STATUS	n/a	n/a	DI52
680.3480000000	n/a	n/a	STATUS	n/a	n/a	D255
680.7280000000	n/a	n/a	STATUS	n/a	n/a	DI42
680.7760000000	n/a	n/a	STATUS	n/a	n/a	D255
681.0360000000	n/a	n/a	STATUS	n/a	n/a	DIN5
681.0880000000	n/a	n/a	STATUS	n/a	n/a	D255
681.4000000000	n/a	n/a	STATUS	n/a	n/a	D132
681.4520000000	n/a	n/a	STATUS	n/a	n/a	D255
681.4880000000	n/a	n/a	STATUS	n/a	n/a	DI53
681.5400000000	n/a	n/a	STATUS	n/a	n/a	D255
681.8680000000	n/a	n/a	STATUS	n/a	n/a	DI43
681.9160000000	n/a	n/a	STATUS	n/a	n/a	D255
682.1760000000	n/a	n/a	STATUS	n/a	n/a	DIN5
682.2280000000	n/a	n/a	STATUS	n/a	n/a	D255
682.5520000000	n/a	n/a	STATUS	n/a	n/a	D164
682.6000000000	n/a	n/a	STATUS	n/a	n/a	D255
682.6400000000	n/a	n/a	STATUS	n/a	n/a	DI52
682.6880000000	n/a	n/a	STATUS	n/a	n/a	D255
683.0680000000	n/a	n/a	STATUS	n/a	n/a	DI42
683.1200000000	n/a	n/a	STATUS	n/a	n/a	D255
683.3760000000	n/a	n/a	STATUS	n/a	n/a	DIN5
683.4280000000	n/a	n/a	STATUS	n/a	n/a	D255
683.7800000000	n/a	n/a	STATUS	n/a	n/a	D241
683.8280000000	n/a	n/a	STATUS	n/a	n/a	D255
683.8680000000	n/a	n/a	STATUS	n/a	n/a	DI52
683.9160000000	n/a	n/a	STATUS	n/a	n/a	D255
684.2680000000	n/a	n/a	STATUS	n/a	n/a	DI12
684.3200000000	n/a	n/a	STATUS	n/a	n/a	D255
684.3240000000	n/a	n/a	STATUS	n/a	n/a	DIN4
684.3720000000	n/a	n/a	STATUS	n/a	n/a	D255
685.1280000000	n/a	n/a	STATUS	n/a	n/a	DIN5
685.1800000000	n/a	n/a	STATUS	n/a	n/a	D255
685.5680000000	n/a	n/a	STATUS	n/a	n/a	D215
685.6200000000	n/a	n/a	STATUS	n/a	n/a	D255
685.6560000000	n/a	n/a	STATUS	n/a	n/a	DI51
685.7080000000	n/a	n/a	STATUS	n/a	n/a	D255
686.1440000000	n/a	n/a	STATUS	n/a	n/a	DI31
686.1960000000	n/a	n/a	STATUS	n/a	n/a	D255
686.4520000000	n/a	n/a	STATUS	n/a	n/a	DIN5
686.5040000000	n/a	n/a	STATUS	n/a	n/a	D255
686.9520000000	n/a	n/a	STATUS	n/a	n/a	D206
687.0040000000	n/a	n/a	STATUS	n/a	n/a	D255
687.0400000000	n/a	n/a	STATUS	n/a	n/a	DI54
687.0920000000	n/a	n/a	STATUS	n/a	n/a	D255
687.4080000000	n/a	n/a	STATUS	n/a	n/a	DI34
687.4600000000	n/a	n/a	STATUS	n/a	n/a	D255
687.7200000000	n/a	n/a	STATUS	n/a	n/a	DIN5
687.7680000000	n/a	n/a	STATUS	n/a	n/a	D255
688.2400000000	n/a	n/a	STATUS	n/a	n/a	D160
688.2880000000	n/a	n/a	STATUS	n/a	n/a	D255
688.3240000000	n/a	n/a	STATUS	n/a	n/a	DI54
688.3760000000	n/a	n/a	STATUS	n/a	n/a	D255
688.7040000000	n/a	n/a	STATUS	n/a	n/a	DI34
688.7560000000	n/a	n/a	STATUS	n/a	n/a	D255
689.0160000000	n/a	n/a	STATUS	n/a	n/a	DIN5
689.0640000000	n/a	n/a	STATUS	n/a	n/a	D255
689.5560000000	n/a	n/a	STATUS	n/a	n/a	D150
689.6040000000	n/a	n/a	STATUS	n/a	n/a	D255
689.6440000000	n/a	n/a	STATUS	n/a	n/a	DI51
689.6960000000	n/a	n/a	STATUS	n/a	n/a	D255
690.0800000000	n/a	n/a	STATUS	n/a	n/a	DI31
690.1320000000	n/a	n/a	STATUS	n/a	n/a	D255
690.3880000000	n/a	n/a	STATUS	n/a	n/a	DIN5
690.4400000000	n/a	n/a	STATUS	n/a	n/a	D255
690.7760000000	n/a	n/a	STATUS	n/a	n/a	DI97
690.8240000000	n/a	n/a	STATUS	n/a	n/a	D255
690.8640000000	n/a	n/a	STATUS	n/a	n/a	DI53
690.9120000000	n/a	n/a	STATUS	n/a	n/a	D255
691.1760000000	n/a	n/a	STATUS	n/a	n/a	DI43
691.2280000000	n/a	n/a	STATUS	n/a	n/a	D255
691.4840000000	n/a	n/a	STATUS	n/a	n/a	DIN5
691.5360000000	n/a	n/a	STATUS	n/a	n/a	D255
691.9920000000	n/a	n/a	STATUS	n/a	n/a	DI71
692.0400000000	n/a	n/a	STATUS	n/a	n/a	D255
692.0800000000	n/a	n/a	STATUS	n/a	n/a	DI52
692.1280000000	n/a	n/a	STATUS	n/a	n/a	D255
692.5120000000	n/a	n/a	STATUS	n/a	n/a	DI42
692.5640000000	n/a	n/a	STATUS	n/a	n/a	D255
692.8240000000	n/a	n/a	STATUS	n/a	n/a	DIN5
692.8720000000	n/a	n/a	STATUS	n/a	n/a	D255
693.2160000000	n/a	n/a	STATUS	n/a	n/a	D126
693.2680000000	n/a	n/a	STATUS	n/a	n/a	D255
693.3040000000	n/a	n/a	STATUS	n/a	n/a	DI54
693.3560000000	n/a	n/a	STATUS	n/a	n/a	D255
693.7440000000	n/a	n/a	STATUS	n/a	n/a	DI34
693.7960000000	n/a	n/a	STATUS	n/a	n/a	D255
694.0560000000	n/a	n/a	STATUS	n/a	n/a	DIN5
694.1040000000	n/a	n/a	STATUS	n/a	n/a	D255
694.5760000000	n/a	n/a	STATUS	n/a	n/a	D244
694.6240000000	n/a	n/a	STATUS	n/a	n/a	D255
694.6640000000	n/a	n/a	STATUS	n/a	n/a	DI53
694.7120000000	n/a	n/a	STATUS	n/a	n/a	D255
695.0240000000	n/a	n/a	STATUS	n/a	n/a	DI43
695.0760000000	n/a	n/a	STATUS	n/a	n/a	D255
695.3360000000	n/a	n/a	STATUS	n/a	n/a	DIN5
695.3840000000	n/a	n/a	STATUS	n/a	n/a	D255
695.8200000000	n/a	n/a	STATUS	n/a	n/a	DI75
695.8680000000	n/a	n/a	STATUS	n/a	n/a	D255
695.9080000000	n/a	n/a	STATUS	n/a	n/a	DI52
695.9560000000	n/a	n/a	STATUS	n/a	n/a	D255
696.3280000000	n/a	n/a	STATUS	n/a	n/a	DI42
696.3800000000	n/a	n/a	STATUS	n/a	n/a	D255
696.6400000000	n/a	n/a	STATUS	n/a	n/a	DIN5
696.6880000000	n/a	n/a	STATUS	n/a	n/a	D255
697.0280000000	n/a	n/a	STATUS	n/a	n/a	D100
697.0800000000	n/a	n/a	STATUS	n/a	n/a	D255
697.1160000000	n/a	n/a	STATUS	n/a	n/a	DI52
697.1680000000	n/a	n/a	STATUS	n/a	n/a	D255
697.5600000000	n/a	n/a	STATUS	n/a	n/a	DI42
697.6120000000	n/a	n/a	STATUS	n/a	n/a	D255
697.6120000000	n/a	n/a	STATUS	n/a	n/a	D235
697.8720000000	n/a	n/a	STATUS	n/a	n/a	DIN5
697.9200000000	n/a	n/a	STATUS	n/a	n/a	D255
698.2360000000	n/a	n/a	STATUS	n/a	n/a	D111
698.2880000000	n/a	n/a	STATUS	n/a	n/a	D255
698.3240000000	n/a	n/a	STATUS	n/a	n/a	DI54
698.3720000000	n/a	n/a	STATUS	n/a	n/a	D255
698.6960000000	n/a	n/a	STATUS	n/a	n/a	DI34
698.7480000000	n/a	n/a	STATUS	n/a	n/a	D255
699.0080000000	n/a	n/a	STATUS	n/a	n/a	DIN5
699.0560000000	n/a	n/a	STATUS	n/a	n/a	D255
699.5360000000	n/a	n/a	STATUS	n/a	n/a	D134
699.5880000000	n/a	n/a	STATUS	n/a	n/a	D255
699.6240000000	n/a	n/a	STATUS	n/a	n/a	DI51
699.6760000000	n/a	n/a	STATUS	n/a	n/a	D255
699.9400000000	n/a	n/a	STATUS	n/a	n/a	DI21
699.9880000000	n/a	n/a	STATUS	n/a	n/a	D255
699.9960000000	n/a	n/a	STATUS	n/a	n/a	DIN4
700.0440000000	n/a	n/a	STATUS	n/a	n/a	D255
700.8000000000	n/a	n/a	STATUS	n/a	n/a	DIN5
700.8480000000	n/a	n/a	STATUS	n/a	n/a	D255
701.3080000000	n/a	n/a	STATUS	n/a	n/a	D177
701.3600000000	n/a	n/a	STATUS	n/a	n/a	D255
701.3960000000	n/a	n/a	STATUS	n/a	n/a	DI54
701.4480000000	n/a	n/a	STATUS	n/a	n/a	D255
701.8280000000	n/a	n/a	STATUS	n/a	n/a	DI34
701.8760000000	n/a	n/a	STATUS	n/a	n/a	D255
702.1360000000	n/a	n/a	STATUS	n/a	n/a	DIN5
702.1880000000	n/a	n/a	STATUS	n/a	n/a	D255
702.6080000000	n/a	n/a	STATUS	n/a	n/a	DI86
702.6560000000	n/a	n/a	STATUS	n/a	n/a	D255
702.6920000000	n/a	n/a	STATUS	n/a	n/a	DI54
702.7440000000	n/a	n/a	STATUS	n/a	n/a	D255
703.1200000000	n/a	n/a	STATUS	n/a	n/a	DI34
703.1720000000	n/a	n/a	STATUS	n/a	n/a	D255
703.4280000000	n/a	n/a	STATUS	n/a	n/a	DIN5
703.4800000000	n/a	n/a	STATUS	n/a	n/a	D255
703.9440000000	n/a	n/a	STATUS	n/a	n/a	DI87
703.9960000000	n/a	n/a	STATUS	n/a	n/a	D255
704.0320000000	n/a	n/a	STATUS	n/a	n/a	DI52
704.0800000000	n/a	n/a	STATUS	n/a	n/a	D255
704.4560000000	n/a	n/a	STATUS	n/a	n/a	DI42
704.5080000000	n/a	n/a	STATUS	n/a	n/a	D255
704.7680000000	n/a	n/a	STATUS	n/a	n/a	DIN5
704.8160000000	n/a	n/a	STATUS	n/a	n/a	D255
705.1600000000	n/a	n/a	STATUS	n/a	n/a	D151
705.2120000000	n/a	n/a	STATUS	n/a	n/a	D255
705.2480000000	n/a	n/a	STATUS	n/a	n/a	DI54
705.3000000000	n/a	n/a	STATUS	n/a	n/a	D255
705.6720000000	n/a	n/a	STATUS	n/a	n/a	DI34
705.7200000000	n/a	n/a	STATUS	n/a	n/a	D255
705.9800000000	n/a	n/a	STATUS	n/a	n/a	DIN5
706.0320000000	n/a	n/a	STATUS	n/a	n/a	D255
706.4880000000	n/a	n/a	STATUS	n/a	n/a	D180
706.5400000000	n/a	n/a	STATUS	n/a	n/a	D255
706.5800000000	n/a	n/a	STATUS	n/a	n/a	DI53
706.6280000000	n/a	n/a	STATUS	n/a	n/a	D255
706.9040000000	n/a	n/a	STATUS	n/a	n/a	DI43
706.9560000000	n/a	n/a	STATUS	n/a	n/a	D255
707.2120000000	n/a	n/a	STATUS	n/a	n/a	DIN5
707.2640000000	n/a	n/a	STATUS	n/a	n/a	DI69
707.2640000000	n/a	n/a	STATUS	n/a	n/a	D255
707.6880000000	n/a	n/a	STATUS	n/a	n/a	D136
707.7400000000	n/a	n/a	STATUS	n/a	n/a	D255
707.7760000000	n/a	n/a	STATUS	n/a	n/a	DI54
707.8280000000	n/a	n/a	STATUS	n/a	n/a	D255
708.1360000000	n/a	n/a	STATUS	n/a	n/a	DI34
708.1840000000	n/a	n/a	STATUS	n/a	n/a	D255
708.4440000000	n/a	n/a	STATUS	n/a	n/a	DIN5
708.4960000000	n/a	n/a	STATUS	n/a	n/a	D255
708.8200000000	n/a	n/a	STATUS	n/a	n/a	D253
708.8680000000	n/a	n/a	STATUS	n/a	n/a	D255
708.9040000000	n/a	n/a	STATUS	n/a	n/a	DI53
708.9560000000	n/a	n/a	STATUS	n/a	n/a	D255
709.4520000000	n/a	n/a	STATUS	n/a	n/a	DI43
709.5040000000	n/a	n/a	STATUS	n/a	n/a	D255
709.7600000000	n/a	n/a	STATUS	n/a	n/a	DIN5
709.8120000000	n/a	n/a	STATUS	n/a	n/a	D255
710.2360000000	n/a	n/a	STATUS	n/a	n/a	D176
710.2880000000	n/a	n/a	STATUS	n/a	n/a	D255
710.3240000000	n/a	n/a	STATUS	n/a	n/a	DI52
710.3720000000	n/a	n/a	STATUS	n/a	n/a	D255
710.6360000000	n/a	n/a	STATUS	n/a	n/a	DI12
710.6840000000	n/a	n/a	STATUS	n/a	n/a	D255
710.6880000000	n/a	n/a	STATUS	n/a	n/a	DIN4
710.7400000000	n/a	n/a	STATUS	n/a	n/a	D255
711.4960000000	n/a	n/a	STATUS	n/a	n/a	DIN5
711.5440000000	n/a	n/a	STATUS	n/a	n/a	D255
711.8600000000	n/a	n/a	STATUS	n/a	n/a	D139
711.9080000000	n/a	n/a	STATUS	n/a	n/a	D255
711.9480000000	n/a	n/a	STATUS	n/a	n/a	DI51
711.9960000000	n/a	n/a	STATUS	n/a	n/a	D255
712.3760000000	n/a	n/a	STATUS	n/a	n/a	DI31
712.4240000000	n/a	n/a	STATUS	n/a	n/a	D255
712.6840000000	n/a	n/a	STATUS	n/a	n/a	DIN5
712.7360000000	n/a	n/a	STATUS	n/a	n/a	D255
713.1560000000	n/a	n/a	STATUS	n/a	n/a	D201
713.2040000000	n/a	n/a	STATUS	n/a	n/a	D255
713.2440000000	n/a	n/a	STATUS	n/a	n/a	DI51
713.2920000000	n/a	n/a	STATUS	n/a	n/a	D255
713.6720000000	n/a	n/a	STATUS	n/a	n/a	DI31
713.7240000000	n/a	n/a	STATUS	n/a	n/a	D255
713.9840000000	n/a	n/a	STATUS	n/a	n/a	DIN5
714.0320000000	n/a	n/a	STATUS	n/a	n/a	D255
714.4120000000	n/a	n/a	STATUS	n/a	n/a	D112
714.4640000000	n/a	n/a	STATUS	n/a	n/a	D255
714.5000000000	n/a	n/a	STATUS	n/a	n/a	DI54
714.5520000000	n/a	n/a	STATUS	n/a	n/a	D255
714.9000000000	n/a	n/a	STATUS	n/a	n/a	DI34
714.9520000000	n/a	n/a	STATUS	n/a	n/a	D255
715.2080000000	n/a	n/a	STATUS	n/a	n/a	DIN5
715.2600000000	n/a	n/a	STATUS	n/a	n/a	D255
715.5840000000	n/a	n/a	STATUS	n/a	n/a	D242
715.6360000000	n/a	n/a	STATUS	n/a	n/a	D255
715.6720000000	n/a	n/a	STATUS	n/a	n/a	DI52
715.7200000000	n/a	n/a	STATUS	n/a	n/a	D255
716.1640000000	n/a	n/a	STATUS	n/a	n/a	DI42
716.2160000000	n/a	n/a	STATUS	n/a	n/a	D255
716.4760000000	n/a	n/a	STATUS	n/a	n/a	DIN5
716.5240000000	n/a	n/a	STATUS	n/a	n/a	D255
716.9040000000	n/a	n/a	STATUS	n/a	n/a	D254
716.9560000000	n/a	n/a	STATUS	n/a	n/a	D255
716.9920000000	n/a	n/a	STATUS	n/a	n/a	DI54
717.0440000000	n/a	n/a	STATUS	n/a	n/a	D255
717.5640000000	n/a	n/a	STATUS	n/a	n/a	DI34
717.6160000000	n/a	n/a	STATUS	n/a	n/a	D255
717.8720000000	n/a	n/a	STATUS	n/a	n/a	DIN5
717.9240000000	n/a	n/a	STATUS	n/a	n/a	D255
718.3840000000	n/a	n/a	STATUS	n/a	n/a	D196
718.4360000000	n/a	n/a	STATUS	n/a	n/a	D255
718.4720000000	n/a	n/a	STATUS	n/a	n/a	DI53
718.5200000000	n/a	n/a	STATUS	n/a	n/a	D255
718.8200000000	n/a	n/a	STATUS	n/a	n/a	DI43
718.8720000000	n/a	n/a	STATUS	n/a	n/a	D255
719.1320000000	n/a	n/a	STATUS	n/a	n/a	DIN5
719.1800000000	n/a	n/a	STATUS	n/a	n/a	D255
719.5360000000	n/a	n/a	STATUS	n/a	n/a	D212
719.5880000000	n/a	n/a	STATUS	n/a	n/a	D255
719.6240000000	n/a	n/a	STATUS	n/a	n/a	DI51
719.6720000000	n/a	n/a	STATUS	n/a	n/a	D255
720.0960000000	n/a	n/a	STATUS	n/a	n/a	DI31
720.1480000000	n/a	n/a	STATUS	n/a	n/a	D255
720.4080000000	n/a	n/a	STATUS	n/a	n/a	DIN5
720.4560000000	n/a	n/a	STATUS	n/a	n/a	D255
720.8400000000	n/a	n/a	STATUS	n/a	n/a	D145
720.8920000000	n/a	n/a	STATUS	n/a	n/a	D255
720.9280000000	n/a	n/a	STATUS	n/a	n/a	DI54
720.9800000000	n/a	n/a	STATUS	n/a	n/a	D255
721.3080000000	n/a	n/a	STATUS	n/a	n/a	DI34
721.3600000000	n/a	n/a	STATUS	n/a	n/a	D255
721.6200000000	n/a	n/a	STATUS	n/a	n/a	DIN5
721.6680000000	n/a	n/a	STATUS	n/a	n/a	D255
722.1000000000	n/a	n/a	STATUS	n/a	n/a	D210
722.1480000000	n/a	n/a	STATUS	n/a	n/a	D255
722.1880000000	n/a	n/a	STATUS	n/a	n/a	DI53
722.2360000000	n/a	n/a	STATUS	n/a	n/a	D255
722.5280000000	n/a	n/a	STATUS	n/a	n/a	DI43
722.5800000000	n/a	n/a	STATUS	n/a	n/a	D255
722.8400000000	n/a	n/a	STATUS	n/a	n/a	DIN5
722.8880000000	n/a	n/a	STATUS	n/a	n/a	D255
723.3680000000	n/a	n/a	STATUS	n/a	n/a	D194
723.4200000000	n/a	n/a	STATUS	n/a	n/a	D255
723.4560000000	n/a	n/a	STATUS	n/a	n/a	DI52
723.5080000000	n/a	n/a	STATUS	n/a	n/a	D255
723.8800000000	n/a	n/a	STATUS	n/a	n/a	DI42
723.9320000000	n/a	n/a	STATUS	n/a	n/a	D255
724.1880000000	n/a	n/a	STATUS	n/a	n/a	DIN5
724.2400000000	n/a	n/a	STATUS	n/a	n/a	D255
724.6000000000	n/a	n/a	STATUS	n/a	n/a	DI67
724.6520000000	n/a	n/a	STATUS	n/a	n/a	D255
724.6880000000	n/a	n/a	STATUS	n/a	n/a	DI54
724.7360000000	n/a	n/a	STATUS	n/a	n/a	D255
725.0680000000	n/a	n/a	STATUS	n/a	n/a	DI34
725.1160000000	n/a	n/a	STATUS	n/a	n/a	D255
725.3760000000	n/a	n/a	STATUS	n/a	n/a	DIN5
725.4280000000	n/a	n/a	STATUS	n/a	n/a	D255
725.8360000000	n/a	n/a	STATUS	n/a	n/a	D144
725.8840000000	n/a	n/a	STATUS	n/a	n/a	D255
725.9240000000	n/a	n/a	STATUS	n/a	n/a	DI51
725.9720000000	n/a	n/a	STATUS	n/a	n/a	D255
726.3400000000	n/a	n/a	STATUS	n/a	n/a	DI31
726.3880000000	n/a	n/a	STATUS	n/a	n/a	D255
726.6480000000	n/a	n/a	STATUS	n/a	n/a	DIN5
726.7000000000	n/a	n/a	STATUS	n/a	n/a	D255
727.1480000000	n/a	n/a	STATUS	n/a	n/a	D175
727.2000000000	n/a	n/a	STATUS	n/a	n/a	D255
727.2360000000	n/a	n/a	STATUS	n/a	n/a	DI51
727.2880000000	n/a	n/a	STATUS	n/a	n/a	D255
727.6760000000	n/a	n/a	STATUS	n/a	n/a	DI31
727.7240000000	n/a	n/a	STATUS	n/a	n/a	D255
727.9840000000	n/a	n/a	STATUS	n/a	n/a	DIN5
728.0320000000	n/a	n/a	STATUS	n/a	n/a	D255
728.3840000000	n/a	n/a	STATUS	n/a	n/a	D231
728.4320000000	n/a	n/a	STATUS	n/a	n/a	D255
728.4720000000	n/a	n/a	STATUS	n/a	n/a	DI52
728.5200000000	n/a	n/a	STATUS	n/a	n/a	D255
728.9760000000	n/a	n/a	STATUS	n/a	n/a	DI42
729.0280000000	n/a	n/a	STATUS	n/a	n/a	D255
729.2880000000	n/a	n/a	STATUS	n/a	n/a	DIN5
729.3360000000	n/a	n/a	STATUS	n/a	n/a	D255
729.7720000000	n/a	n/a	STATUS	n/a	n/a	D249
729.8200000000	n/a	n/a	STATUS	n/a	n/a	D255
729.8600000000	n/a	n/a	STATUS	n/a	n/a	DI51
729.9080000000	n/a	n/a	STATUS	n/a	n/a	D255
730.3920000000	n/a	n/a	STATUS	n/a	n/a	DI31
730.4440000000	n/a	n/a	STATUS	n/a	n/a	D255
730.7040000000	n/a	n/a	STATUS	n/a	n/a	DIN5
730.7520000000	n/a	n/a	STATUS	n/a	n/a	D255
731.1520000000	n/a	n/a	STATUS	n/a	n/a	D123
731.2040000000	n/a	n/a	STATUS	n/a	n/a	D255
731.2400000000	n/a	n/a	STATUS	n/a	n/a	DI52
731.2880000000	n/a	n/a	STATUS	n/a	n/a	D255
731.6480000000	n/a	n/a	STATUS	n/a	n/a	DI42
731.6960000000	n/a	n/a	STATUS	n/a	n/a	D255
731.9560000000	n/a	n/a	STATUS	n/a	n/a	DIN5
732.0080000000	n/a	n/a	STATUS	n/a	n/a	D255
732.4960000000	n/a	n/a	STATUS	n/a	n/a	D229
732.5440000000	n/a	n/a	STATUS	n/a	n/a	D255
732.5840000000	n/a	n/a	STATUS	n/a	n/a	DI53
732.6320000000	n/a	n/a	STATUS	n/a	n/a	D255
732.9840000000	n/a	n/a	STATUS	n/a	n/a	DI43
733.0320000000	n/a	n/a	STATUS	n/a	n/a	D255
733.2920000000	n/a	n/a	STATUS	n/a	n/a	DIN5
733.3440000000	n/a	n/a	STATUS	n/a	n/a	D255
733.8280000000	n/a	n/a	STATUS	n/a	n/a	D105
733.8760000000	n/a	n/a	STATUS	n/a	n/a	D255
733.9160000000	n/a	n/a	STATUS	n/a	n/a	DI51
733.9640000000	n/a	n/a	STATUS	n/a	n/a	D255
734.3440000000	n/a	n/a	STATUS	n/a	n/a	DI31
734.3920000000	n/a	n/a	STATUS	n/a	n/a	D255
734.6520000000	n/a	n/a	STATUS	n/a	n/a	DIN5
734.7040000000	n/a	n/a	STATUS	n/a	n/a	D255
735.0240000000	n/a	n/a	STATUS	n/a	n/a	D129
735.0720000000	n/a	n/a	STATUS	n/a	n/a	D255
735.1120000000	n/a	n/a	STATUS	n/a	n/a	DI53
735.1600000000	n/a	n/a	STATUS	n/a	n/a	D255
735.5520000000	n/a	n/a	STATUS	n/a	n/a	DI43
735.6000000000	n/a	n/a	STATUS	n/a	n/a	D255
735.8600000000	n/a	n/a	STATUS	n/a	n/a	DIN5
735.9120000000	n/a	n/a	STATUS	n/a	n/a	D255
736.3320000000	n/a	n/a	STATUS	n/a	n/a	D116
736.3800000000	n/a	n/a	STATUS	n/a	n/a	D255
736.4200000000	n/a	n/a	STATUS	n/a	n/a	DI51
736.4680000000	n/a	n/a	STATUS	n/a	n/a	D255
736.8560000000	n/a	n/a	STATUS	n/a	n/a	DI31
736.9040000000	n/a	n/a	STATUS	n/a	n/a	D255
737.1640000000	n/a	n/a	STATUS	n/a	n/a	DIN5
737.2120000000	n/a	n/a	STATUS	n/a	n/a	D255
737.5680000000	n/a	n/a	STATUS	n/a	n/a	D203
737.6200000000	n/a	n/a	STATUS	n/a	n/a	D255
737.6560000000	n/a	n/a	STATUS	n/a	n/a	DI52
737.7040000000	n/a	n/a	STATUS	n/a	n/a	D255
738.0960000000	n/a	n/a	STATUS	n/a	n/a	DI42
738.1480000000	n/a	n/a	STATUS	n/a	n/a	D255
738.4080000000	n/a	n/a	STATUS	n/a	n/a	DIN5
738.4560000000	n/a	n/a	STATUS	n/a	n/a	D255
738.7960000000	n/a	n/a	STATUS	n/a	n/a	D202
738.8440000000	n/a	n/a	STATUS	n/a	n/a	D255
738.8840000000	n/a	n/a	STATUS	n/a	n/a	DI51
738.9320000000	n/a	n/a	STATUS	n/a	n/a	D255
739.3080000000	n/a	n/a	STATUS	n/a	n/a	DI31
739.3600000000	n/a	n/a	STATUS	n/a	n/a	D255
739.6200000000	n/a	n/a	STATUS	n/a	n/a	DIN5
739.6680000000	n/a	n/a	STATUS	n/a	n/a	D255
739.9800000000	n/a	n/a	STATUS	n/a	n/a	D110
740.0280000000	n/a	n/a	STATUS	n/a	n/a	D255
740.0680000000	n/a	n/a	STATUS	n/a	n/a	DI53
740.1160000000	n/a	n/a	STATUS	n/a	n/a	D255
740.4760000000	n/a	n/a	STATUS	n/a	n/a	DI43
740.5280000000	n/a	n/a	STATUS	n/a	n/a	D255
740.7840000000	n/a	n/a	STATUS	n/a	n/a	DIN5
740.8360000000	n/a	n/a	STATUS	n/a	n/a	D255
741.2240000000	n/a	n/a	STATUS	n/a	n/a	DI76
741.2760000000	n/a	n/a	STATUS	n/a	n/a	D255
741.3120000000	n/a	n/a	STATUS	n/a	n/a	DI51
741.3640000000	n/a	n/a	STATUS	n/a	n/a	D255
741.7200000000	n/a	n/a	STATUS	n/a	n/a	DI31
741.7680000000	n/a	n/a	STATUS	n/a	n/a	D255
742.0280000000	n/a	n/a	STATUS	n/a	n/a	DIN5
742.0800000000	n/a	n/a	STATUS	n/a	n/a	D255
742.4440000000	n/a	n/a	STATUS	n/a	n/a	D171
742.4960000000	n/a	n/a	STATUS	n/a	n/a	D255
742.5320000000	n/a	n/a	STATUS	n/a	n/a	DI51
742.5800000000	n/a	n/a	STATUS	n/a	n/a	D255
743.0200000000	n/a	n/a	STATUS	n/a	n/a	DI31
743.0720000000	n/a	n/a	STATUS	n/a	n/a	D255
743.3320000000	n/a	n/a	STATUS	n/a	n/a	DIN5
743.3800000000	n/a	n/a	STATUS	n/a	n/a	D255
743.8800000000	n/a	n/a	STATUS	n/a	n/a	D245
743.9320000000	n/a	n/a	STATUS	n/a	n/a	D255
743.9680000000	n/a	n/a	STATUS	n/a	n/a	DI53
744.0200000000	n/a	n/a	STATUS	n/a	n/a	D255
744.4000000000	n/a	n/a	STATUS	n/a	n/a	DI43
744.4520000000	n/a	n/a	STATUS	n/a	n/a	D255
744.7080000000	n/a	n/a	STATUS	n/a	n/a	DIN5
744.7600000000	n/a	n/a	STATUS	n/a	n/a	D255
745.1440000000	n/a	n/a	STATUS	n/a	n/a	DI85
745.1960000000	n/a	n/a	STATUS	n/a	n/a	D255
745.2320000000	n/a	n/a	STATUS	n/a	n/a	DI52
745.2840000000	n/a	n/a	STATUS	n/a	n/a	D255
745.6480000000	n/a	n/a	STATUS	n/a	n/a	DI42
745.7000000000	n/a	n/a	STATUS	n/a	n/a	D255
745.9560000000	n/a	n/a	STATUS	n/a	n/a	DIN5
746.0080000000	n/a	n/a	STATUS	n/a	n/a	D255
746.4680000000	n/a	n/a	STATUS	n/a	n/a	D140
746.5160000000	n/a	n/a	STATUS	n/a	n/a	D255
746.5560000000	n/a	n/a	STATUS	n/a	n/a	DI53
746.6040000000	n/a	n/a	STATUS	n/a	n/a	D255
746.9720000000	n/a	n/a	STATUS	n/a	n/a	DI43
747.0240000000	n/a	n/a	STATUS	n/a	n/a	D255
747.2840000000	n/a	n/a	STATUS	n/a	n/a	DIN5
747.3320000000	n/a	n/a	STATUS	n/a	n/a	D255
747.7640000000	n/a	n/a	STATUS	n/a	n/a	D204
747.8120000000	n/a	n/a	STATUS	n/a	n/a	D255
747.8480000000	n/a	n/a	STATUS	n/a	n/a	DI53
747.9000000000	n/a	n/a	STATUS	n/a	n/a	D255
748.2440000000	n/a	n/a	STATUS	n/a	n/a	DI43
748.2960000000	n/a	n/a	STATUS	n/a	n/a	D255
748.5560000000	n/a	n/a	STATUS	n/a	n/a	DIN5
748.6040000000	n/a	n/a	STATUS	n/a	n/a	D255
749.0040000000	n/a	n/a	STATUS	n/a	n/a	D118
749.0520000000	n/a	n/a	STATUS	n/a	n/a	D255
749.0920000000	n/a	n/a	STATUS	n/a	n/a	DI54
749.1440000000	n/a	n/a	STATUS	n/a	n/a	D255
749.5080000000	n/a	n/a	STATUS	n/a	n/a	DI34
749.5600000000	n/a	n/a	STATUS	n/a	n/a	D255
749.8200000000	n/a	n/a	STATUS	n/a	n/a	DIN5
749.8680000000	n/a	n/a	STATUS	n/a	n/a	D255
750.1720000000	n/a	n/a	STATUS	n/a	n/a	D168
750.2240000000	n/a	n/a	STATUS	n/a	n/a	D255
750.2600000000	n/a	n/a	STATUS	n/a	n/a	DI53
750.3120000000	n/a	n/a	STATUS	n/a	n/a	D255
750.6920000000	n/a	n/a	STATUS	n/a	n/a	DI43
750.7400000000	n/a	n/a	STATUS	n/a	n/a	D255
751.0000000000	n/a	n/a	STATUS	n/a	n/a	DIN5
751.0520000000	n/a	n/a	STATUS	n/a	n/a	D255
751.4960000000	n/a	n/a	STATUS	n/a	n/a	D148
751.5440000000	n/a	n/a	STATUS	n/a	n/a	D255
751.5840000000	n/a	n/a	STATUS	n/a	n/a	DI51
751.6360000000	n/a	n/a	STATUS	n/a	n/a	D255
752.0080000000	n/a	n/a	STATUS	n/a	n/a	DI31
752.0560000000	n/a	n/a	STATUS	n/a	n/a	D255
752.3160000000	n/a	n/a	STATUS	n/a	n/a	DIN5
752.3680000000	n/a	n/a	STATUS	n/a	n/a	D255
752.7240000000	n/a	n/a	STATUS	n/a	n/a	DI69
752.7760000000	n/a	n/a	STATUS	n/a	n/a	D255
752.8120000000	n/a	n/a	STATUS	n/a	n/a	DI52
752.8640000000	n/a	n/a	STATUS	n/a	n/a	D255
753.2360000000	n/a	n/a	STATUS	n/a	n/a	DI42
753.2880000000	n/a	n/a	STATUS	n/a	n/a	D255
753.5480000000	n/a	n/a	STATUS	n/a	n/a	DIN5
753.5960000000	n/a	n/a	STATUS	n/a	n/a	D255
753.9800000000	n/a	n/a	STATUS	n/a	n/a	D187
754.0320000000	n/a	n/a	STATUS	n/a	n/a	D255
754.0680000000	n/a	n/a	STATUS	n/a	n/a	DI51
754.1200000000	n/a	n/a	STATUS	n/a	n/a	D255
754.5520000000	n/a	n/a	STATUS	n/a	n/a	DI31
754.6000000000	n/a	n/a	STATUS	n/a	n/a	D255
754.8600000000	n/a	n/a	STATUS	n/a	n/a	DIN5
754.9080000000	n/a	n/a	STATUS	n/a	n/a	D255
755.3000000000	n/a	n/a	STATUS	n/a	n/a	DI80
755.3480000000	n/a	n/a	STATUS	n/a	n/a	D255
755.3880000000	n/a	n/a	STATUS	n/a	n/a	DI51
755.4360000000	n/a	n/a	STATUS	n/a	n/a	D255
755.8840000000	n/a	n/a	STATUS	n/a	n/a	DI31
755.9320000000	n/a	n/a	STATUS	n/a	n/a	D255
756.1920000000	n/a	n/a	STATUS	n/a	n/a	DIN5
756.2440000000	n/a	n/a	STATUS	n/a	n/a	D255
756.5520000000	n/a	n/a	STATUS	n/a	n/a	DI81
756.6000000000	n/a	n/a	STATUS	n/a	n/a	D255
756.6400000000	n/a	n/a	STATUS	n/a	n/a	DI52
756.6880000000	n/a	n/a	STATUS	n/a	n/a	D255
757.0600000000	n/a	n/a	STATUS	n/a	n/a	DI42
757.1080000000	n/a	n/a	STATUS	n/a	n/a	D255
757.3680000000	n/a	n/a	STATUS	n/a	n/a	DIN5
757.4200000000	n/a	n/a	STATUS	n/a	n/a	D255
757.7480000000	n/a	n/a	STATUS	n/a	n/a	D192
757.8000000000	n/a	n/a	STATUS	n/a	n/a	D255
757.8360000000	n/a	n/a	STATUS	n/a	n/a	DI54
757.8880000000	n/a	n/a	STATUS	n/a	n/a	D255
758.2680000000	n/a	n/a	STATUS	n/a	n/a	DI34
758.3200000000	n/a	n/a	STATUS	n/a	n/a	D255
758.5760000000	n/a	n/a	STATUS	n/a	n/a	DIN5
758.6280000000	n/a	n/a	STATUS	n/a	n/a	D255
758.9920000000	n/a	n/a	STATUS	n/a	n/a	DI90
759.0440000000	n/a	n/a	STATUS	n/a	n/a	D255
759.0800000000	n/a	n/a	STATUS	n/a	n/a	DI53
759.1280000000	n/a	n/a	STATUS	n/a	n/a	D255
759.4120000000	n/a	n/a	STATUS	n/a	n/a	DI43
759.4640000000	n/a	n/a	STATUS	n/a	n/a	D255
759.7200000000	n/a	n/a	STATUS	n/a	n/a	DIN5
759.7720000000	n/a	n/a	STATUS	n/a	n/a	D255
760.2120000000	n/a	n/a	STATUS	n/a	n/a	D224
760.2600000000	n/a	n/a	STATUS	n/a	n/a	D255
760.3000000000	n/a	n/a	STATUS	n/a	n/a	DI53
760.3480000000	n/a	n/a	STATUS	n/a	n/a	D255
760.6680000000	n/a	n/a	STATUS	n/a	n/a	DI43
760.7160000000	n/a	n/a	STATUS	n/a	n/a	D255
760.9760000000	n/a	n/a	STATUS	n/a	n/a	DIN5
761.0240000000	n/a	n/a	STATUS	n/a	n/a	D255
761.4360000000	n/a	n/a	STATUS	n/a	n/a	DI99
761.4840000000	n/a	n/a	STATUS	n/a	n/a	D255
761.5240000000	n/a	n/a	STATUS	n/a	n/a	DI51
761.5720000000	n/a	n/a	STATUS	n/a	n/a	D255
761.9240000000	n/a	n/a	STATUS	n/a	n/a	DI31
761.9760000000	n/a	n/a	STATUS	n/a	n/a	D255
762.2360000000	n/a	n/a	STATUS	n/a	n/a	DIN5
762.2840000000	n/a	n/a	STATUS	n/a	n/a	D255
762.6000000000	n/a	n/a	STATUS	n/a	n/a	D209
762.6480000000	n/a	n/a	STATUS	n/a	n/a	D255
762.6880000000	n/a	n/a	STATUS	n/a	n/a	DI53
762.7360000000	n/a	n/a	STATUS	n/a	n/a	D255
763.1800000000	n/a	n/a	STATUS	n/a	n/a	DI43
763.2320000000	n/a	n/a	STATUS	n/a	n/a	D255
763.4880000000	n/a	n/a	STATUS	n/a	n/a	DIN5
763.5400000000	n/a	n/a	STATUS	n/a	n/a	D255
764.0200000000	n/a	n/a	STATUS	n/a	n/a	D219
764.0680000000	n/a	n/a	STATUS	n/a	n/a	D255
764.1040000000	n/a	n/a	STATUS	n/a	n/a	DI51
764.1560000000	n/a	n/a	STATUS	n/a	n/a	D255
764.5400000000	n/a	n/a	STATUS	n/a	n/a	DI31
764.5920000000	n/a	n/a	STATUS	n/a	n/a	D255
764.8520000000	n/a	n/a	STATUS	n/a	n/a	DIN5
764.9000000000	n/a	n/a	STATUS	n/a	n/a	D255
765.3160000000	n/a	n/a	STATUS	n/a	n/a	D211
765.3640000000	n/a	n/a	STATUS	n/a	n/a	D255
765.4040000000	n/a	n/a	STATUS	n/a	n/a	DI52
765.4520000000	n/a	n/a	STATUS	n/a	n/a	D255
765.8480000000	n/a	n/a	STATUS	n/a	n/a	DI42
765.9000000000	n/a	n/a	STATUS	n/a	n/a	D255
766.1600000000	n/a	n/a	STATUS	n/a	n/a	DIN5
766.2080000000	n/a	n/a	STATUS	n/a	n/a	D255
766.5240000000	n/a	n/a	STATUS	n/a	n/a	D143
766.5720000000	n/a	n/a	STATUS	n/a	n/a	D255
766.6120000000	n/a	n/a	STATUS	n/a	n/a	DI54
766.6600000000	n/a	n/a	STATUS	n/a	n/a	D255
766.9680000000	n/a	n/a	STATUS	n/a	n/a	DI34
767.0200000000	n/a	n/a	STATUS	n/a	n/a	D255
767.2800000000	n/a	n/a	STATUS	n/a	n/a	DIN5
767.3280000000	n/a	n/a	STATUS	n/a	n/a	D255
767.7080000000	n/a	n/a	STATUS	n/a	n/a	D178
767.7600000000	n/a	n/a	STATUS	n/a	n/a	D255
767.7960000000	n/a	n/a	STATUS	n/a	n/a	DI52
767.8480000000	n/a	n/a	STATUS	n/a	n/a	D255
768.2080000000	n/a	n/a	STATUS	n/a	n/a	DI42
768.2560000000	n/a	n/a	STATUS	n/a	n/a	D255
768.5160000000	n/a	n/a	STATUS	n/a	n/a	DIN5
768.5680000000	n/a	n/a	STATUS	n/a	n/a	D255
768.8760000000	n/a	n/a	STATUS	n/a	n/a	D195
768.9280000000	n/a	n/a	STATUS	n/a	n/a	D255
768.9640000000	n/a	n/a	STATUS	n/a	n/a	DI53
769.0120000000	n/a	n/a	STATUS	n/a	n/a	D255
769.3640000000	n/a	n/a	STATUS	n/a	n/a	DI43
769.4120000000	n/a	n/a	STATUS	n/a	n/a	D255
769.6720000000	n/a	n/a	STATUS	n/a	n/a	DIN5
769.7200000000	n/a	n/a	STATUS	n/a	n/a	D255
770.1120000000	n/a	n/a	STATUS	n/a	n/a	D228
770.1600000000	n/a	n/a	STATUS	n/a	n/a	D255
770.2000000000	n/a	n/a	STATUS	n/a	n/a	DI53
770.2480000000	n/a	n/a	STATUS	n/a	n/a	D255
770.5600000000	n/a	n/a	STATUS	n/a	n/a	DI43
770.6120000000	n/a	n/a	STATUS	n/a	n/a	D255
770.8680000000	n/a	n/a	STATUS	n/a	n/a	DIN5
770.9200000000	n/a	n/a	STATUS	n/a	n/a	D255
771.2800000000	n/a	n/a	STATUS	n/a	n/a	D153
771.3280000000	n/a	n/a	STATUS	n/a	n/a	D255
771.3680000000	n/a	n/a	STATUS	n/a	n/a	DI52
771.4160000000	n/a	n/a	STATUS	n/a	n/a	D255
771.7960000000	n/a	n/a	STATUS	n/a	n/a	DI42
771.8480000000	n/a	n/a	STATUS	n/a	n/a	D255
772.1080000000	n/a	n/a	STATUS	n/a	n/a	DIN5
772.1560000000	n/a	n/a	STATUS	n/a	n/a	D255
772.5720000000	n/a	n/a	STATUS	n/a	n/a	D137
772.6200000000	n/a	n/a	STATUS	n/a	n/a	D255
772.6600000000	n/a	n/a	STATUS	n/a	n/a	DI54
772.7080000000	n/a	n/a	STATUS	n/a	n/a	D255
773.0200000000	n/a	n/a	STATUS	n/a	n/a	DI34
773.0720000000	n/a	n/a	STATUS	n/a	n/a	D255
773.3280000000	n/a	n/a	STATUS	n/a	n/a	DIN5
773.3800000000	n/a	n/a	STATUS	n/a	n/a	D255
773.8840000000	n/a	n/a	STATUS	n/a	n/a	D247
773.9360000000	n/a	n/a	STATUS	n/a	n/a	D255
773.9720000000	n/a	n/a	STATUS	n/a	n/a	DI53
774.0200000000	n/a	n/a	STATUS	n/a	n/a	D255
774.3040000000	n/a	n/a	STATUS	n/a	n/a	DI43
774.3520000000	n/a	n/a	STATUS	n/a	n/a	D255
774.6120000000	n/a	n/a	STATUS	n/a	n/a	DIN5
774.6640000000	n/a	n/a	STATUS	n/a	n/a	D255
775.1280000000	n/a	n/a	STATUS	n/a	n/a	D141
775.1760000000	n/a	n/a	STATUS	n/a	n/a	D255
775.2160000000	n/a	n/a	STATUS	n/a	n/a	DI52
775.2640000000	n/a	n/a	STATUS	n/a	n/a	D255
775.6280000000	n/a	n/a	STATUS	n/a	n/a	DI42
775.6800000000	n/a	n/a	STATUS	n/a	n/a	D255
775.9360000000	n/a	n/a	STATUS	n/a	n/a	DIN5
775.9880000000	n/a	n/a	STATUS	n/a	n/a	D255
776.2960000000	n/a	n/a	STATUS	n/a	n/a	D165
776.3480000000	n/a	n/a	STATUS	n/a	n/a	D255
776.3840000000	n/a	n/a	STATUS	n/a	n/a	DI52
776.4360000000	n/a	n/a	STATUS	n/a	n/a	D255
776.8200000000	n/a	n/a	STATUS	n/a	n/a	DI42
776.8680000000	n/a	n/a	STATUS	n/a	n/a	D255
777.1280000000	n/a	n/a	STATUS	n/a	n/a	DIN5
777.1800000000	n/a	n/a	STATUS	n/a	n/a	D255
777.5760000000	n/a	n/a	STATUS	n/a	n/a	DI65
777.6280000000	n/a	n/a	STATUS	n/a	n/a	D255
777.6680000000	n/a	n/a	STATUS	n/a	n/a	DI53
777.7160000000	n/a	n/a	STATUS	n/a	n/a	D255
778.0320000000	n/a	n/a	STATUS	n/a	n/a	DI43
778.0840000000	n/a	n/a	STATUS	n/a	n/a	D255
778.3440000000	n/a	n/a	STATUS	n/a	n/a	DIN5
778.3920000000	n/a	n/a	STATUS	n/a	n/a	D255
778.7520000000	n/a	n/a	STATUS	n/a	n/a	D138
778.8040000000	n/a	n/a	STATUS	n/a	n/a	D255
778.8400000000	n/a	n/a	STATUS	n/a	n/a	DI53
778.8920000000	n/a	n/a	STATUS	n/a	n/a	D255
779.2760000000	n/a	n/a	STATUS	n/a	n/a	DI43
779.3280000000	n/a	n/a	STATUS	n/a	n/a	D255
779.5880000000	n/a	n/a	STATUS	n/a	n/a	DIN5
779.6360000000	n/a	n/a	STATUS	n/a	n/a	D255
780.1000000000	n/a	n/a	STATUS	n/a	n/a	D225
780.1520000000	n/a	n/a	STATUS	n/a	n/a	D255
780.1880000000	n/a	n/a	STATUS	n/a	n/a	DI54
780.2400000000	n/a	n/a	STATUS	n/a	n/a	D255
780.6000000000	n/a	n/a	STATUS	n/a	n/a	DI34
780.6480000000	n/a	n/a	STATUS	n/a	n/a	D255
780.9080000000	n/a	n/a	STATUS	n/a	n/a	DIN5
780.9600000000	n/a	n/a	STATUS	n/a	n/a	D255
781.3880000000	n/a	n/a	STATUS	n/a	n/a	D102
781.4400000000	n/a	n/a	STATUS	n/a	n/a	D255
781.4760000000	n/a	n/a	STATUS	n/a	n/a	DI54
781.5280000000	n/a	n/a	STATUS	n/a	n/a	D255
781.9400000000	n/a	n/a	STATUS	n/a	n/a	DI34
781.9880000000	n/a	n/a	STATUS	n/a	n/a	D255
782.2480000000	n/a	n/a	STATUS	n/a	n/a	DIN5
782.3000000000	n/a	n/a	STATUS	n/a	n/a	D255
782.7560000000	n/a	n/a	STATUS	n/a	n/a	D208
782.8080000000	n/a	n/a	STATUS	n/a	n/a	D255
782.8440000000	n/a	n/a	STATUS	n/a	n/a	DI51
782.8960000000	n/a	n/a	STATUS	n/a	n/a	D255
783.2840000000	n/a	n/a	STATUS	n/a	n/a	DI31
783.3320000000	n/a	n/a	STATUS	n/a	n/a	D255
783.5920000000	n/a	n/a	STATUS	n/a	n/a	DIN5
783.6440000000	n/a	n/a	STATUS	n/a	n/a	D255
784.1240000000	n/a	n/a	STATUS	n/a	n/a	D239
784.1720000000	n/a	n/a	STATUS	n/a	n/a	D255
784.2120000000	n/a	n/a	STATUS	n/a	n/a	DI51
784.2600000000	n/a	n/a	STATUS	n/a	n/a	D255
784.7360000000	n/a	n/a	STATUS	n/a	n/a	DI31
784.7880000000	n/a	n/a	STATUS	n/a	n/a	D255
785.0480000000	n/a	n/a	STATUS	n/a	n/a	DIN5
785.0960000000	n/a	n/a	STATUS	n/a	n/a	D255
785.5640000000	n/a	n/a	STATUS	n/a	n/a	D173
785.6160000000	n/a	n/a	STATUS	n/a	n/a	D255
785.6520000000	n/a	n/a	STATUS	n/a	n/a	DI54
785.7040000000	n/a	n/a	STATUS	n/a	n/a	D255
786.0680000000	n/a	n/a	STATUS	n/a	n/a	DI34
786.1160000000	n/a	n/a	STATUS	n/a	n/a	D255
786.3760000000	n/a	n/a	STATUS	n/a	n/a	DIN5
786.4280000000	n/a	n/a	STATUS	n/a	n/a	D255
786.7520000000	n/a	n/a	STATUS	n/a	n/a	D135
786.8000000000	n/a	n/a	STATUS	n/a	n/a	D255
786.8400000000	n/a	n/a	STATUS	n/a	n/a	DI51
786.8880000000	n/a	n/a	STATUS	n/a	n/a	D255
787.3520000000	n/a	n/a	STATUS	n/a	n/a	DI31
787.4040000000	n/a	n/a	STATUS	n/a	n/a	D255
787.6640000000	n/a	n/a	STATUS	n/a	n/a	DIN5
787.7120000000	n/a	n/a	STATUS	n/a	n/a	DI69
787.7120000000	n/a	n/a	STATUS	n/a	n/a	D255
788.1040000000	n/a	n/a	STATUS	n/a	n/a	D243
788.1520000000	n/a	n/a	STATUS	n/a	n/a	D255
788.1880000000	n/a	n/a	STATUS	n/a	n/a	DI54
788.2400000000	n/a	n/a	STATUS	n/a	n/a	D255
788.6360000000	n/a	n/a	STATUS	n/a	n/a	DI34
788.6880000000	n/a	n/a	STATUS	n/a	n/a	D255
788.9480000000	n/a	n/a	STATUS	n/a	n/a	DIN5
788.9960000000	n/a	n/a	STATUS	n/a	n/a	D255
789.3720000000	n/a	n/a	STATUS	n/a	n/a	D188
789.4200000000	n/a	n/a	STATUS	n/a	n/a	D255
789.4600000000	n/a	n/a	STATUS	n/a	n/a	DI54
789.5080000000	n/a	n/a	STATUS	n/a	n/a	D255
789.8960000000	n/a	n/a	STATUS	n/a	n/a	DI34
789.9480000000	n/a	n/a	STATUS	n/a	n/a	D255
790.2080000000	n/a	n/a	STATUS	n/a	n/a	DIN5
790.2560000000	n/a	n/a	STATUS	n/a	n/a	D255
790.6480000000	n/a	n/a	STATUS	n/a	n/a	D217
790.6960000000	n/a	n/a	STATUS	n/a	n/a	D255
790.7360000000	n/a	n/a	STATUS	n/a	n/a	DI54
790.7840000000	n/a	n/a	STATUS	n/a	n/a	D255
791.1800000000	n/a	n/a	STATUS	n/a	n/a	DI34
791.2280000000	n/a	n/a	STATUS	n/a	n/a	D255
791.4880000000	n/a	n/a	STATUS	n/a	n/a	DIN5
791.5400000000	n/a	n/a	STATUS	n/a	n/a	D255
791.8720000000	n/a	n/a	STATUS	n/a	n/a	DI66
791.9240000000	n/a	n/a	STATUS	n/a	n/a	D255
791.9600000000	n/a	n/a	STATUS	n/a	n/a	DI51
792.0120000000	n/a	n/a	STATUS	n/a	n/a	D255
792.3800000000	n/a	n/a	STATUS	n/a	n/a	DI31
792.4320000000	n/a	n/a	STATUS	n/a	n/a	D255
792.6920000000	n/a	n/a	STATUS	n/a	n/a	DIN5
792.7400000000	n/a	n/a	STATUS	n/a	n/a	D255
793.0960000000	n/a	n/a	STATUS	n/a	n/a	D128
793.1480000000	n/a	n/a	STATUS	n/a	n/a	D255
793.1840000000	n/a	n/a	STATUS	n/a	n/a	DI54
793.2320000000	n/a	n/a	STATUS	n/a	n/a	D255
793.6040000000	n/a	n/a	STATUS	n/a	n/a	DI34
793.6560000000	n/a	n/a	STATUS	n/a	n/a	D255
793.9160000000	n/a	n/a	STATUS	n/a	n/a	DIN5
793.9640000000	n/a	n/a	STATUS	n/a	n/a	D255
794.2800000000	n/a	n/a	STATUS	n/a	n/a	D159
794.3280000000	n/a	n/a	STATUS	n/a	n/a	D255
794.3680000000	n/a	n/a	STATUS	n/a	n/a	DI52
794.4160000000	n/a	n/a	STATUS	n/a	n/a	D255
794.8080000000	n/a	n/a	STATUS	n/a	n/a	DI42
794.8600000000	n/a	n/a	STATUS	n/a	n/a	D255
795.1160000000	n/a	n/a	STATUS	n/a	n/a	DIN5
795.1680000000	n/a	n/a	STATUS	n/a	n/a	D255
795.4920000000	n/a	n/a	STATUS	n/a	n/a	DI89
795.5440000000	n/a	n/a	STATUS	n/a	n/a	D255
795.5800000000	n/a	n/a	STATUS	n/a	n/a	DI51
795.6320000000	n/a	n/a	STATUS	n/a	n/a	D255
796.2480000000	n/a	n/a	STATUS	n/a	n/a	DI31
796.3000000000	n/a	n/a	STATUS	n/a	n/a	D255
796.5600000000	n/a	n/a	STATUS	n/a	n/a	DIN5
796.6080000000	n/a	n/a	STATUS	n/a	n/a	D255
797.0320000000	n/a	n/a	STATUS	n/a	n/a	D248
797.0840000000	n/a	n/a	STATUS	n/a	n/a	D255
797.1200000000	n/a	n/a	STATUS	n/a	n/a	DI52
797.1720000000	n/a	n/a	STATUS	n/a	n/a	D255
797.5080000000	n/a	n/a	STATUS	n/a	n/a	DI12
797.5560000000	n/a	n/a	STATUS	n/a	n/a	D255
797.5600000000	n/a	n/a	STATUS	n/a	n/a	DIN4
797.6120000000	n/a	n/a	STATUS	n/a	n/a	D255
798.3640000000	n/a	n/a	STATUS	n/a	n/a	DIN5
798.4160000000	n/a	n/a	STATUS	n/a	n/a	D255
798.9160000000	n/a	n/a	STATUS	n/a	n/a	D125
798.9680000000	n/a	n/a	STATUS	n/a	n/a	D255
799.0040000000	n/a	n/a	STATUS	n/a	n/a	DI53
799.0560000000	n/a	n/a	STATUS	n/a	n/a	D255
799.4960000000	n/a	n/a	STATUS	n/a	n/a	DI43
799.5480000000	n/a	n/a	STATUS	n/a	n/a	D255
799.8080000000	n/a	n/a	STATUS	n/a	n/a	DIN5
799.8560000000	n/a	n/a	STATUS	n/a	n/a	D255
800.2280000000	n/a	n/a	STATUS	n/a	n/a	D186
800.2760000000	n/a	n/a	STATUS	n/a	n/a	D255
800.3160000000	n/a	n/a	STATUS	n/a	n/a	DI53
800.3640000000	n/a	n/a	STATUS	n/a	n/a	D255
800.7400000000	n/a	n/a	STATUS	n/a	n/a	DI43
800.7880000000	n/a	n/a	STATUS	n/a	n/a	D255
801.0480000000	n/a	n/a	STATUS	n/a	n/a	DIN5
801.0960000000	n/a	n/a	STATUS	n/a	n/a	D255
801.4880000000	n/a	n/a	STATUS	n/a	n/a	D179
801.5360000000	n/a	n/a	STATUS	n/a	n/a	D255
801.5720000000	n/a	n/a	STATUS	n/a	n/a	DI53
801.6240000000	n/a	n/a	STATUS	n/a	n/a	D255
801.9480000000	n/a	n/a	STATUS	n/a	n/a	DI43
802.0000000000	n/a	n/a	STATUS	n/a	n/a	D255
802.2560000000	n/a	n/a	STATUS	n/a	n/a	DIN5
802.3080000000	n/a	n/a	STATUS	n/a	n/a	D255
802.6560000000	n/a	n/a	STATUS	n/a	n/a	D119
802.7080000000	n/a	n/a	STATUS	n/a	n/a	D255
802.7440000000	n/a	n/a	STATUS	n/a	n/a	DI54
802.7960000000	n/a	n/a	STATUS	n/a	n/a	D255
803.1160000000	n/a	n/a	STATUS	n/a	n/a	DI34
803.1640000000	n/a	n/a	STATUS	n/a	n/a	D255
803.4240000000	n/a	n/a	STATUS	n/a	n/a	DIN5
803.4760000000	n/a	n/a	STATUS	n/a	n/a	D255
803.8840000000	n/a	n/a	STATUS	n/a	n/a	DI98
803.9320000000	n/a	n/a	STATUS	n/a	n/a	D255
803.9720000000	n/a	n/a	STATUS	n/a	n/a	DI51
804.0200000000	n/a	n/a	STATUS	n/a	n/a	D255
804.4040000000	n/a	n/a	STATUS	n/a	n/a	DI31
804.4560000000	n/a	n/a	STATUS	n/a	n/a	D255
804.7160000000	n/a	n/a	STATUS	n/a	n/a	DIN5
804.7640000000	n/a	n/a	STATUS	n/a	n/a	D255
805.1840000000	n/a	n/a	STATUS	n/a	n/a	D246
805.2360000000	n/a	n/a	STATUS	n/a	n/a	D255
805.2720000000	n/a	n/a	STATUS	n/a	n/a	DI52
805.3240000000	n/a	n/a	STATUS	n/a	n/a	D255
805.8120000000	n/a	n/a	STATUS	n/a	n/a	DI12
805.8600000000	n/a	n/a	STATUS	n/a	n/a	D255
805.8640000000	n/a	n/a	STATUS	n/a	n/a	DIN4
805.9160000000	n/a	n/a	STATUS	n/a	n/a	D255
858.6520000000	n/a	n/a	STATUS	n/a	n/a	DIN5
858.7000000000	n/a	n/a	STATUS	n/a	n/a	D255
859.0360000000	n/a	n/a	STATUS	n/a	n/a	D236
859.0840000000	n/a	n/a	STATUS	n/a	n/a	D255
859.1240000000	n/a	n/a	STATUS	n/a	n/a	DI51
859.1760000000	n/a	n/a	STATUS	n/a	n/a	D255
859.5880000000	n/a	n/a	STATUS	n/a	n/a	DI31
859.6400000000	n/a	n/a	STATUS	n/a	n/a	D255
859.9000000000	n/a	n/a	STATUS	n/a	n/a	DIN5
859.9480000000	n/a	n/a	STATUS	n/a	n/a	D255
860.4320000000	n/a	n/a	STATUS	n/a	n/a	D173
860.4840000000	n/a	n/a	STATUS	n/a	n/a	D255
860.4840000000	n/a	n/a	STATUS	n/a	n/a	D237
860.5240000000	n/a	n/a	STATUS	n/a	n/a	DI52
860.5720000000	n/a	n/a	STATUS	n/a	n/a	D255
860.9440000000	n/a	n/a	STATUS	n/a	n/a	DI42
860.9960000000	n/a	n/a	STATUS	n/a	n/a	D255
861.2560000000	n/a	n/a	STATUS	n/a	n/a	DIN5
861.3040000000	n/a	n/a	STATUS	n/a	n/a	D255
861.6920000000	n/a	n/a	STATUS	n/a	n/a	D241
861.7400000000	n/a	n/a	STATUS	n/a	n/a	D255
861.7800000000	n/a	n/a	STATUS	n/a	n/a	DI52
861.8280000000	n/a	n/a	STATUS	n/a	n/a	D255
862.2720000000	n/a	n/a	STATUS	n/a	n/a	DI42
862.3240000000	n/a	n/a	STATUS	n/a	n/a	D255
862.5800000000	n/a	n/a	STATUS	n/a	n/a	DIN5
862.6320000000	n/a	n/a	STATUS	n/a	n/a	D255
863.0040000000	n/a	n/a	STATUS	n/a	n/a	D115
863.0520000000	n/a	n/a	STATUS	n/a	n/a	D255
863.0880000000	n/a	n/a	STATUS	n/a	n/a	DI53
863.1400000000	n/a	n/a	STATUS	n/a	n/a	D255
863.4800000000	n/a	n/a	STATUS	n/a	n/a	DI43
863.5320000000	n/a	n/a	STATUS	n/a	n/a	D255
863.5320000000	n/a	n/a	STATUS	n/a	n/a	D235
863.7920000000	n/a	n/a	STATUS	n/a	n/a	DIN5
863.8400000000	n/a	n/a	STATUS	n/a	n/a	D255
864.2480000000	n/a	n/a	STATUS	n/a	n/a	D107
864.2960000000	n/a	n/a	STATUS	n/a	n/a	D255
864.3360000000	n/a	n/a	STATUS	n/a	n/a	DI51
864.3840000000	n/a	n/a	STATUS	n/a	n/a	D255
864.7240000000	n/a	n/a	STATUS	n/a	n/a	DI31
864.7760000000	n/a	n/a	STATUS	n/a	n/a	D255
865.0360000000	n/a	n/a	STATUS	n/a	n/a	DIN5
865.0840000000	n/a	n/a	STATUS	n/a	n/a	D255
865.3880000000	n/a	n/a	STATUS	n/a	n/a	D146
865.4400000000	n/a	n/a	STATUS	n/a	n/a	D255
865.4760000000	n/a	n/a	STATUS	n/a	n/a	DI51
865.5280000000	n/a	n/a	STATUS	n/a	n/a	D255
865.9200000000	n/a	n/a	STATUS	n/a	n/a	DI31
865.9720000000	n/a	n/a	STATUS	n/a	n/a	D255
866.2280000000	n/a	n/a	STATUS	n/a	n/a	DIN5
866.2800000000	n/a	n/a	STATUS	n/a	n/a	D255
866.6200000000	n/a	n/a	STATUS	n/a	n/a	D230
866.6680000000	n/a	n/a	STATUS	n/a	n/a	D255
866.7080000000	n/a	n/a	STATUS	n/a	n/a	DI51
866.7560000000	n/a	n/a	STATUS	n/a	n/a	D255
867.1520000000	n/a	n/a	STATUS	n/a	n/a	DI31
867.2040000000	n/a	n/a	STATUS	n/a	n/a	D255
867.4640000000	n/a	n/a	STATUS	n/a	n/a	DIN5
867.5120000000	n/a	n/a	STATUS	n/a	n/a	D255
867.8920000000	n/a	n/a	STATUS	n/a	n/a	D131
867.9440000000	n/a	n/a	STATUS	n/a	n/a	D255
867.9800000000	n/a	n/a	STATUS	n/a	n/a	DI52
868.0280000000	n/a	n/a	STATUS	n/a	n/a	D255
868.4160000000	n/a	n/a	STATUS	n/a	n/a	DI42
868.4640000000	n/a	n/a	STATUS	n/a	n/a	D255
868.7240000000	n/a	n/a	STATUS	n/a	n/a	DIN5
868.7760000000	n/a	n/a	STATUS	n/a	n/a	D255
869.2200000000	n/a	n/a	STATUS	n/a	n/a	D125
869.2680000000	n/a	n/a	STATUS	n/a	n/a	D255
869.3080000000	n/a	n/a	STATUS	n/a	n/a	DI51
869.3560000000	n/a	n/a	STATUS	n/a	n/a	D255
869.7160000000	n/a	n/a	STATUS	n/a	n/a	DI31
869.7680000000	n/a	n/a	STATUS	n/a	n/a	D255
870.0280000000	n/a	n/a	STATUS	n/a	n/a	DIN5
870.0760000000	n/a	n/a	STATUS	n/a	n/a	D255
870.5080000000	n/a	n/a	STATUS	n/a	n/a	D217
870.5560000000	n/a	n/a	STATUS	n/a	n/a	D255
870.5960000000	n/a	n/a	STATUS	n/a	n/a	DI51
870.6440000000	n/a	n/a	STATUS	n/a	n/a	D255
871.0200000000	n/a	n/a	STATUS	n/a	n/a	DI31
871.0720000000	n/a	n/a	STATUS	n/a	n/a	D255
871.3320000000	n/a	n/a	STATUS	n/a	n/a	DIN5
871.3800000000	n/a	n/a	STATUS	n/a	n/a	D255
871.7600000000	n/a	n/a	STATUS	n/a	n/a	D152
871.8080000000	n/a	n/a	STATUS	n/a	n/a	D255
871.8480000000	n/a	n/a	STATUS	n/a	n/a	DI52
871.8960000000	n/a	n/a	STATUS	n/a	n/a	D255
872.2760000000	n/a	n/a	STATUS	n/a	n/a	DI42
872.3240000000	n/a	n/a	STATUS	n/a	n/a	D255
872.5840000000	n/a	n/a	STATUS	n/a	n/a	DIN5
872.6360000000	n/a	n/a	STATUS	n/a	n/a	D255
873.0840000000	n/a	n/a	STATUS	n/a	n/a	DI98
873.1360000000	n/a	n/a	STATUS	n/a	n/a	D255
873.1720000000	n/a	n/a	STATUS	n/a	n/a	DI53
873.2200000000	n/a	n/a	STATUS	n/a	n/a	D255
873.5640000000	n/a	n/a	STATUS	n/a	n/a	DI43
873.6120000000	n/a	n/a	STATUS	n/a	n/a	D255
873.8720000000	n/a	n/a	STATUS	n/a	n/a	DIN5
873.9240000000	n/a	n/a	STATUS	n/a	n/a	D255
874.2800000000	n/a	n/a	STATUS	n/a	n/a	D112
874.3320000000	n/a	n/a	STATUS	n/a	n/a	D255
874.3680000000	n/a	n/a	STATUS	n/a	n/a	DI52
874.4200000000	n/a	n/a	STATUS	n/a	n/a	D255
874.8040000000	n/a	n/a	STATUS	n/a	n/a	DI42
874.8560000000	n/a	n/a	STATUS	n/a	n/a	D255
875.1160000000	n/a	n/a	STATUS	n/a	n/a	DIN5
875.1640000000	n/a	n/a	STATUS	n/a	n/a	D255
875.5520000000	n/a	n/a	STATUS	n/a	n/a	D172
875.6000000000	n/a	n/a	STATUS	n/a	n/a	D255
875.6400000000	n/a	n/a	STATUS	n/a	n/a	DI53
875.6880000000	n/a	n/a	STATUS	n/a	n/a	D255
876.0600000000	n/a	n/a	STATUS	n/a	n/a	DI43
876.1080000000	n/a	n/a	STATUS	n/a	n/a	D255
876.3680000000	n/a	n/a	STATUS	n/a	n/a	DIN5
876.4200000000	n/a	n/a	STATUS	n/a	n/a	D255
876.7440000000	n/a	n/a	STATUS	n/a	n/a	D121
876.7920000000	n/a	n/a	STATUS	n/a	n/a	D255
876.8320000000	n/a	n/a	STATUS	n/a	n/a	DI53
876.8800000000	n/a	n/a	STATUS	n/a	n/a	D255
877.2000000000	n/a	n/a	STATUS	n/a	n/a	DI43
877.2520000000	n/a	n/a	STATUS	n/a	n/a	D255
877.5120000000	n/a	n/a	STATUS	n/a	n/a	DIN5
877.5600000000	n/a	n/a	STATUS	n/a	n/a	D255
877.9560000000	n/a	n/a	STATUS	n/a	n/a	D130
878.0040000000	n/a	n/a	STATUS	n/a	n/a	D255
878.0440000000	n/a	n/a	STATUS	n/a	n/a	DI52
878.0920000000	n/a	n/a	STATUS	n/a	n/a	D255
878.4640000000	n/a	n/a	STATUS	n/a	n/a	DI42
878.5120000000	n/a	n/a	STATUS	n/a	n/a	D255
878.7720000000	n/a	n/a	STATUS	n/a	n/a	DIN5
878.8200000000	n/a	n/a	STATUS	n/a	n/a	D255
879.2680000000	n/a	n/a	STATUS	n/a	n/a	D145
879.3160000000	n/a	n/a	STATUS	n/a	n/a	D255
879.3560000000	n/a	n/a	STATUS	n/a	n/a	DI54
879.4040000000	n/a	n/a	STATUS	n/a	n/a	D255
879.7160000000	n/a	n/a	STATUS	n/a	n/a	DI34
879.7680000000	n/a	n/a	STATUS	n/a	n/a	D255
880.0280000000	n/a	n/a	STATUS	n/a	n/a	DIN5
880.0760000000	n/a	n/a	STATUS	n/a	n/a	D255
880.5760000000	n/a	n/a	STATUS	n/a	n/a	D222
880.6280000000	n/a	n/a	STATUS	n/a	n/a	D255
880.6640000000	n/a	n/a	STATUS	n/a	n/a	DI51
880.7160000000	n/a	n/a	STATUS	n/a	n/a	D255
881.1000000000	n/a	n/a	STATUS	n/a	n/a	DI31
881.1520000000	n/a	n/a	STATUS	n/a	n/a	D255
881.4080000000	n/a	n/a	STATUS	n/a	n/a	DIN5
881.4600000000	n/a	n/a	STATUS	n/a	n/a	D255
881.8240000000	n/a	n/a	STATUS	n/a	n/a	DI99
881.8720000000	n/a	n/a	STATUS	n/a	n/a	D255
881.9120000000	n/a	n/a	STATUS	n/a	n/a	DI51
881.9600000000	n/a	n/a	STATUS	n/a	n/a	D255
882.3160000000	n/a	n/a	STATUS	n/a	n/a	DI31
882.3680000000	n/a	n/a	STATUS	n/a	n/a	D255
882.6280000000	n/a	n/a	STATUS	n/a	n/a	DIN5
882.6760000000	n/a	n/a	STATUS	n/a	n/a	D255
883.1560000000	n/a	n/a	STATUS	n/a	n/a	D227
883.2080000000	n/a	n/a	STATUS	n/a	n/a	D255
883.2440000000	n/a	n/a	STATUS	n/a	n/a	DI54
883.2920000000	n/a	n/a	STATUS	n/a	n/a	D255
883.6200000000	n/a	n/a	STATUS	n/a	n/a	DI34
883.6720000000	n/a	n/a	STATUS	n/a	n/a	D255
883.9320000000	n/a	n/a	STATUS	n/a	n/a	DIN5
883.9800000000	n/a	n/a	STATUS	n/a	n/a	D255
884.4520000000	n/a	n/a	STATUS	n/a	n/a	D252
884.5000000000	n/a	n/a	STATUS	n/a	n/a	D255
884.5400000000	n/a	n/a	STATUS	n/a	n/a	DI53
884.5880000000	n/a	n/a	STATUS	n/a	n/a	D255
884.9880000000	n/a	n/a	STATUS	n/a	n/a	DI43
885.0360000000	n/a	n/a	STATUS	n/a	n/a	D255
885.2960000000	n/a	n/a	STATUS	n/a	n/a	DIN5
885.3480000000	n/a	n/a	STATUS	n/a	n/a	D255
885.6600000000	n/a	n/a	STATUS	n/a	n/a	D195
885.7120000000	n/a	n/a	STATUS	n/a	n/a	D255
885.7480000000	n/a	n/a	STATUS	n/a	n/a	DI51
885.8000000000	n/a	n/a	STATUS	n/a	n/a	D255
886.2280000000	n/a	n/a	STATUS	n/a	n/a	DI31
886.2800000000	n/a	n/a	STATUS	n/a	n/a	D255
886.5360000000	n/a	n/a	STATUS	n/a	n/a	DIN5
886.5880000000	n/a	n/a	STATUS	n/a	n/a	D255
886.9640000000	n/a	n/a	STATUS	n/a	n/a	D180
887.0120000000	n/a	n/a	STATUS	n/a	n/a	D255
887.0520000000	n/a	n/a	STATUS	n/a	n/a	DI53
887.1000000000	n/a	n/a	STATUS	n/a	n/a	D255
887.4280000000	n/a	n/a	STATUS	n/a	n/a	DI43
887.4800000000	n/a	n/a	STATUS	n/a	n/a	D255
887.7360000000	n/a	n/a	STATUS	n/a	n/a	DIN5
887.7880000000	n/a	n/a	STATUS	n/a	n/a	D255
888.1720000000	n/a	n/a	STATUS	n/a	n/a	D143
888.2240000000	n/a	n/a	STATUS	n/a	n/a	D255
888.2600000000	n/a	n/a	STATUS	n/a	n/a	DI51
888.3120000000	n/a	n/a	STATUS	n/a	n/a	D255
888.6800000000	n/a	n/a	STATUS	n/a	n/a	DI31
888.7320000000	n/a	n/a	STATUS	n/a	n/a	D255
888.9920000000	n/a	n/a	STATUS	n/a	n/a	DIN5
889.0400000000	n/a	n/a	STATUS	n/a	n/a	D255
889.3600000000	n/a	n/a	STATUS	n/a	n/a	D128
889.4120000000	n/a	n/a	STATUS	n/a	n/a	D255
889.4480000000	n/a	n/a	STATUS	n/a	n/a	DI52
889.5000000000	n/a	n/a	STATUS	n/a	n/a	D255
889.9600000000	n/a	n/a	STATUS	n/a	n/a	DI42
890.0120000000	n/a	n/a	STATUS	n/a	n/a	D255
890.2680000000	n/a	n/a	STATUS	n/a	n/a	DIN5
890.3200000000	n/a	n/a	STATUS	n/a	n/a	D255
890.6280000000	n/a	n/a	STATUS	n/a	n/a	D104
890.6800000000	n/a	n/a	STATUS	n/a	n/a	D255
890.7160000000	n/a	n/a	STATUS	n/a	n/a	DI52
890.7680000000	n/a	n/a	STATUS	n/a	n/a	D255
891.1520000000	n/a	n/a	STATUS	n/a	n/a	DI42
891.2040000000	n/a	n/a	STATUS	n/a	n/a	D255
891.4600000000	n/a	n/a	STATUS	n/a	n/a	DIN5
891.5120000000	n/a	n/a	STATUS	n/a	n/a	D255
891.8480000000	n/a	n/a	STATUS	n/a	n/a	D174
891.8960000000	n/a	n/a	STATUS	n/a	n/a	D255
891.9320000000	n/a	n/a	STATUS	n/a	n/a	DI54
891.9840000000	n/a	n/a	STATUS	n/a	n/a	D255
892.3520000000	n/a	n/a	STATUS	n/a	n/a	DI34
892.4040000000	n/a	n/a	STATUS	n/a	n/a	D255
892.6640000000	n/a	n/a	STATUS	n/a	n/a	DIN5
892.7120000000	n/a	n/a	STATUS	n/a	n/a	D255
893.0840000000	n/a	n/a	STATUS	n/a	n/a	D111
893.1320000000	n/a	n/a	STATUS	n/a	n/a	D255
893.1720000000	n/a	n/a	STATUS	n/a	n/a	DI54
893.2200000000	n/a	n/a	STATUS	n/a	n/a	D255
893.5520000000	n/a	n/a	STATUS	n/a	n/a	DI34
893.6040000000	n/a	n/a	STATUS	n/a	n/a	D255
893.8640000000	n/a	n/a	STATUS	n/a	n/a	DIN5
893.9120000000	n/a	n/a	STATUS	n/a	n/a	D255
894.4120000000	n/a	n/a	STATUS	n/a	n/a	D211
894.4600000000	n/a	n/a	STATUS	n/a	n/a	D251
894.4640000000	n/a	n/a	STATUS	n/a	n/a	D255
894.5000000000	n/a	n/a	STATUS	n/a	n/a	DI51
894.5480000000	n/a	n/a	STATUS	n/a	n/a	D179
894.5520000000	n/a	n/a	STATUS	n/a	n/a	D255
894.9600000000	n/a	n/a	STATUS	n/a	n/a	DI31
895.0080000000	n/a	n/a	STATUS	n/a	n/a	D255
895.2680000000	n/a	n/a	STATUS	n/a	n/a	DIN5
895.3200000000	n/a	n/a	STATUS	n/a	n/a	D255
895.8080000000	n/a	n/a	STATUS	n/a	n/a	D225
895.8600000000	n/a	n/a	STATUS	n/a	n/a	D255
895.8960000000	n/a	n/a	STATUS	n/a	n/a	DI51
895.9440000000	n/a	n/a	STATUS	n/a	n/a	D255
896.3920000000	n/a	n/a	STATUS	n/a	n/a	DI31
896.4400000000	n/a	n/a	STATUS	n/a	n/a	D255
896.7000000000	n/a	n/a	STATUS	n/a	n/a	DIN5
896.7520000000	n/a	n/a	STATUS	n/a	n/a	D255
897.0760000000	n/a	n/a	STATUS	n/a	n/a	D196
897.1240000000	n/a	n/a	STATUS	n/a	n/a	D255
897.1640000000	n/a	n/a	STATUS	n/a	n/a	DI53
897.2120000000	n/a	n/a	STATUS	n/a	n/a	D255
897.5680000000	n/a	n/a	STATUS	n/a	n/a	DI43
897.6200000000	n/a	n/a	STATUS	n/a	n/a	D255
897.8800000000	n/a	n/a	STATUS	n/a	n/a	DIN5
897.9280000000	n/a	n/a	STATUS	n/a	n/a	D255
898.2600000000	n/a	n/a	STATUS	n/a	n/a	DI83
898.3080000000	n/a	n/a	STATUS	n/a	n/a	D255
898.3480000000	n/a	n/a	STATUS	n/a	n/a	DI51
898.3960000000	n/a	n/a	STATUS	n/a	n/a	D255
898.8720000000	n/a	n/a	STATUS	n/a	n/a	DI31
898.9240000000	n/a	n/a	STATUS	n/a	n/a	D255
899.1840000000	n/a	n/a	STATUS	n/a	n/a	DIN5
899.2320000000	n/a	n/a	STATUS	n/a	n/a	D255
899.6920000000	n/a	n/a	STATUS	n/a	n/a	D135
899.7440000000	n/a	n/a	STATUS	n/a	n/a	D255
899.7800000000	n/a	n/a	STATUS	n/a	n/a	DI54
899.8320000000	n/a	n/a	STATUS	n/a	n/a	D255
900.1560000000	n/a	n/a	STATUS	n/a	n/a	DI34
900.2080000000	n/a	n/a	STATUS	n/a	n/a	D255
900.4680000000	n/a	n/a	STATUS	n/a	n/a	DIN5
900.5160000000	n/a	n/a	STATUS	n/a	n/a	D255
900.9880000000	n/a	n/a	STATUS	n/a	n/a	D201
901.0360000000	n/a	n/a	STATUS	n/a	n/a	D255
901.0760000000	n/a	n/a	STATUS	n/a	n/a	DI52
901.1240000000	n/a	n/a	STATUS	n/a	n/a	D255
901.5200000000	n/a	n/a	STATUS	n/a	n/a	DI42
901.5720000000	n/a	n/a	STATUS	n/a	n/a	D255
901.8280000000	n/a	n/a	STATUS	n/a	n/a	DIN5
901.8800000000	n/a	n/a	STATUS	n/a	n/a	D255
902.3800000000	n/a	n/a	STATUS	n/a	n/a	D127
902.4320000000	n/a	n/a	STATUS	n/a	n/a	D255
902.4680000000	n/a	n/a	STATUS	n/a	n/a	DI52
902.5160000000	n/a	n/a	STATUS	n/a	n/a	D255
902.8920000000	n/a	n/a	STATUS	n/a	n/a	DI42
902.9440000000	n/a	n/a	STATUS	n/a	n/a	D255
903.2040000000	n/a	n/a	STATUS	n/a	n/a	DIN5
903.2520000000	n/a	n/a	STATUS	n/a	n/a	D255
903.6320000000	n/a	n/a	STATUS	n/a	n/a	D122
903.6840000000	n/a	n/a	STATUS	n/a	n/a	D255
903.7200000000	n/a	n/a	STATUS	n/a	n/a	DI52
903.7680000000	n/a	n/a	STATUS	n/a	n/a	D255
904.2400000000	n/a	n/a	STATUS	n/a	n/a	DI42
904.2880000000	n/a	n/a	STATUS	n/a	n/a	D255
904.5480000000	n/a	n/a	STATUS	n/a	n/a	DIN5
904.5960000000	n/a	n/a	STATUS	n/a	n/a	D255
905.0960000000	n/a	n/a	STATUS	n/a	n/a	D202
905.1480000000	n/a	n/a	STATUS	n/a	n/a	D255
905.1840000000	n/a	n/a	STATUS	n/a	n/a	DI54
905.2360000000	n/a	n/a	STATUS	n/a	n/a	D255
905.5920000000	n/a	n/a	STATUS	n/a	n/a	DI34
905.6440000000	n/a	n/a	STATUS	n/a	n/a	D255
905.9040000000	n/a	n/a	STATUS	n/a	n/a	DIN5
905.9520000000	n/a	n/a	STATUS	n/a	n/a	D255
906.3080000000	n/a	n/a	STATUS	n/a	n/a	D247
906.3600000000	n/a	n/a	STATUS	n/a	n/a	D255
906.3960000000	n/a	n/a	STATUS	n/a	n/a	DI53
906.4480000000	n/a	n/a	STATUS	n/a	n/a	D255
906.8880000000	n/a	n/a	STATUS	n/a	n/a	DI43
906.9360000000	n/a	n/a	STATUS	n/a	n/a	D255
907.1960000000	n/a	n/a	STATUS	n/a	n/a	DIN5
907.2480000000	n/a	n/a	STATUS	n/a	n/a	D255
907.6120000000	n/a	n/a	STATUS	n/a	n/a	D118
907.6600000000	n/a	n/a	STATUS	n/a	n/a	D255
907.6960000000	n/a	n/a	STATUS	n/a	n/a	DI53
907.7480000000	n/a	n/a	STATUS	n/a	n/a	D255
908.0920000000	n/a	n/a	STATUS	n/a	n/a	DI43
908.1440000000	n/a	n/a	STATUS	n/a	n/a	D255
908.4040000000	n/a	n/a	STATUS	n/a	n/a	DIN5
908.4520000000	n/a	n/a	STATUS	n/a	n/a	D255
908.9040000000	n/a	n/a	STATUS	n/a	n/a	D150
908.9520000000	n/a	n/a	STATUS	n/a	n/a	D255
908.9920000000	n/a	n/a	STATUS	n/a	n/a	DI54
909.0400000000	n/a	n/a	STATUS	n/a	n/a	D255
909.3920000000	n/a	n/a	STATUS	n/a	n/a	DI34
909.4400000000	n/a	n/a	STATUS	n/a	n/a	D255
909.7000000000	n/a	n/a	STATUS	n/a	n/a	DIN5
909.7520000000	n/a	n/a	STATUS	n/a	n/a	D255
910.0600000000	n/a	n/a	STATUS	n/a	n/a	D175
910.1120000000	n/a	n/a	STATUS	n/a	n/a	D255
910.1480000000	n/a	n/a	STATUS	n/a	n/a	DI53
910.2000000000	n/a	n/a	STATUS	n/a	n/a	D255
910.5400000000	n/a	n/a	STATUS	n/a	n/a	DI43
910.5920000000	n/a	n/a	STATUS	n/a	n/a	D255
910.8480000000	n/a	n/a	STATUS	n/a	n/a	DIN5
910.9000000000	n/a	n/a	STATUS	n/a	n/a	D255
911.2800000000	n/a	n/a	STATUS	n/a	n/a	DI74
911.3280000000	n/a	n/a	STATUS	n/a	n/a	D255
911.3680000000	n/a	n/a	STATUS	n/a	n/a	DI53
911.4160000000	n/a	n/a	STATUS	n/a	n/a	D255
911.7680000000	n/a	n/a	STATUS	n/a	n/a	DI43
911.8200000000	n/a	n/a	STATUS	n/a	n/a	D255
912.0760000000	n/a	n/a	STATUS	n/a	n/a	DIN5
912.1280000000	n/a	n/a	STATUS	n/a	n/a	D255
912.4960000000	n/a	n/a	STATUS	n/a	n/a	D188
912.5480000000	n/a	n/a	STATUS	n/a	n/a	D255
912.5840000000	n/a	n/a	STATUS	n/a	n/a	DI52
912.6360000000	n/a	n/a	STATUS	n/a	n/a	D255
912.9680000000	n/a	n/a	STATUS	n/a	n/a	DI12
913.0200000000	n/a	n/a	STATUS	n/a	n/a	D255
913.0240000000	n/a	n/a	STATUS	n/a	n/a	DIN4
913.0720000000	n/a	n/a	STATUS	n/a	n/a	D255
913.8280000000	n/a	n/a	STATUS	n/a	n/a	DIN5
913.8800000000	n/a	n/a	STATUS	n/a	n/a	D255
914.3080000000	n/a	n/a	STATUS	n/a	n/a	D164
914.3560000000	n/a	n/a	STATUS	n/a	n/a	D255
914.3960000000	n/a	n/a	STATUS	n/a	n/a	DI52
914.4480000000	n/a	n/a	STATUS	n/a	n/a	D255
914.8680000000	n/a	n/a	STATUS	n/a	n/a	DI42
914.9160000000	n/a	n/a	STATUS	n/a	n/a	D255
915.1760000000	n/a	n/a	STATUS	n/a	n/a	DIN5
915.2280000000	n/a	n/a	STATUS	n/a	n/a	D255
915.6480000000	n/a	n/a	STATUS	n/a	n/a	DI88
915.6960000000	n/a	n/a	STATUS	n/a	n/a	D255
915.7320000000	n/a	n/a	STATUS	n/a	n/a	DI52
915.7840000000	n/a	n/a	STATUS	n/a	n/a	D255
916.1800000000	n/a	n/a	STATUS	n/a	n/a	DI42
916.2280000000	n/a	n/a	STATUS	n/a	n/a	D255
916.4880000000	n/a	n/a	STATUS	n/a	n/a	DIN5
916.5400000000	n/a	n/a	STATUS	n/a	n/a	D255
916.9640000000	n/a	n/a	STATUS	n/a	n/a	DI94
917.0120000000	n/a	n/a	STATUS	n/a	n/a	D255
917.0520000000	n/a	n/a	STATUS	n/a	n/a	DI53
917.1000000000	n/a	n/a	STATUS	n/a	n/a	D255
917.4480000000	n/a	n/a	STATUS	n/a	n/a	DI43
917.5000000000	n/a	n/a	STATUS	n/a	n/a	D255
917.7560000000	n/a	n/a	STATUS	n/a	n/a	DIN5
917.8080000000	n/a	n/a	STATUS	n/a	n/a	D255
918.1760000000	n/a	n/a	STATUS	n/a	n/a	D140
918.2280000000	n/a	n/a	STATUS	n/a	n/a	D255
918.2640000000	n/a	n/a	STATUS	n/a	n/a	DI53
918.3160000000	n/a	n/a	STATUS	n/a	n/a	D255
918.6160000000	n/a	n/a	STATUS	n/a	n/a	DI43
918.6680000000	n/a	n/a	STATUS	n/a	n/a	D255
918.9240000000	n/a	n/a	STATUS	n/a	n/a	DIN5
918.9760000000	n/a	n/a	STATUS	n/a	n/a	D255
919.2840000000	n/a	n/a	STATUS	n/a	n/a	DI85
919.3360000000	n/a	n/a	STATUS	n/a	n/a	D255
919.3720000000	n/a	n/a	STATUS	n/a	n/a	DI51
919.4240000000	n/a	n/a	STATUS	n/a	n/a	D255
919.8640000000	n/a	n/a	STATUS	n/a	n/a	DI31
919.9160000000	n/a	n/a	STATUS	n/a	n/a	D255
920.1760000000	n/a	n/a	STATUS	n/a	n/a	DIN5
920.2240000000	n/a	n/a	STATUS	n/a	n/a	D255
920.5600000000	n/a	n/a	STATUS	n/a	n/a	D220
920.6080000000	n/a	n/a	STATUS	n/a	n/a	D255
920.6480000000	n/a	n/a	STATUS	n/a	n/a	DI53
920.6960000000	n/a	n/a	STATUS	n/a	n/a	D255
920.9960000000	n/a	n/a	STATUS	n/a	n/a	DI43
921.0440000000	n/a	n/a	STATUS	n/a	n/a	D255
921.3040000000	n/a	n/a	STATUS	n/a	n/a	DIN5
921.3560000000	n/a	n/a	STATUS	n/a	n/a	D255
921.7920000000	n/a	n/a	STATUS	n/a	n/a	D226
921.8440000000	n/a	n/a	STATUS	n/a	n/a	D255
921.8840000000	n/a	n/a	STATUS	n/a	n/a	DI52
921.9320000000	n/a	n/a	STATUS	n/a	n/a	D255
922.3800000000	n/a	n/a	STATUS	n/a	n/a	DI42
922.4320000000	n/a	n/a	STATUS	n/a	n/a	D255
922.6880000000	n/a	n/a	STATUS	n/a	n/a	DIN5
922.7400000000	n/a	n/a	STATUS	n/a	n/a	D255
923.1440000000	n/a	n/a	STATUS	n/a	n/a	D215
923.1960000000	n/a	n/a	STATUS	n/a	n/a	D255
923.2320000000	n/a	n/a	STATUS	n/a	n/a	DI52
923.2800000000	n/a	n/a	STATUS	n/a	n/a	D255
923.6280000000	n/a	n/a	STATUS	n/a	n/a	DI42
923.6800000000	n/a	n/a	STATUS	n/a	n/a	D255
923.9400000000	n/a	n/a	STATUS	n/a	n/a	DIN5
923.9880000000	n/a	n/a	STATUS	n/a	n/a	D255
924.3360000000	n/a	n/a	STATUS	n/a	n/a	D206
924.3880000000	n/a	n/a	STATUS	n/a	n/a	D255
924.4280000000	n/a	n/a	STATUS	n/a	n/a	DI54
924.4760000000	n/a	n/a	STATUS	n/a	n/a	D255
924.9480000000	n/a	n/a	STATUS	n/a	n/a	DI34
924.9960000000	n/a	n/a	STATUS	n/a	n/a	D255
925.2560000000	n/a	n/a	STATUS	n/a	n/a	DIN5
925.3040000000	n/a	n/a	STATUS	n/a	n/a	D255
925.7280000000	n/a	n/a	STATUS	n/a	n/a	D189
925.7800000000	n/a	n/a	STATUS	n/a	n/a	D255
925.8200000000	n/a	n/a	STATUS	n/a	n/a	DI53
925.8680000000	n/a	n/a	STATUS	n/a	n/a	D255
926.1320000000	n/a	n/a	STATUS	n/a	n/a	DI43
926.1840000000	n/a	n/a	STATUS	n/a	n/a	D255
926.4440000000	n/a	n/a	STATUS	n/a	n/a	DIN5
926.4920000000	n/a	n/a	STATUS	n/a	n/a	D255
926.9160000000	n/a	n/a	STATUS	n/a	n/a	DI72
926.9680000000	n/a	n/a	STATUS	n/a	n/a	D255
927.0040000000	n/a	n/a	STATUS	n/a	n/a	DI51
927.0560000000	n/a	n/a	STATUS	n/a	n/a	D255
927.4120000000	n/a	n/a	STATUS	n/a	n/a	DI31
927.4600000000	n/a	n/a	STATUS	n/a	n/a	D255
927.7200000000	n/a	n/a	STATUS	n/a	n/a	DIN5
927.7680000000	n/a	n/a	STATUS	n/a	n/a	D255
928.1000000000	n/a	n/a	STATUS	n/a	n/a	D133
928.1480000000	n/a	n/a	STATUS	n/a	n/a	D255
928.1880000000	n/a	n/a	STATUS	n/a	n/a	DI54
928.2360000000	n/a	n/a	STATUS	n/a	n/a	D255
928.5920000000	n/a	n/a	STATUS	n/a	n/a	DI34
928.6440000000	n/a	n/a	STATUS	n/a	n/a	D255
928.9040000000	n/a	n/a	STATUS	n/a	n/a	DIN5
928.9520000000	n/a	n/a	STATUS	n/a	n/a	D255
929.4320000000	n/a	n/a	STATUS	n/a	n/a	D250
929.4840000000	n/a	n/a	STATUS	n/a	n/a	D255
929.5200000000	n/a	n/a	STATUS	n/a	n/a	DI52
929.5680000000	n/a	n/a	STATUS	n/a	n/a	D255
929.9360000000	n/a	n/a	STATUS	n/a	n/a	DI12
929.9880000000	n/a	n/a	STATUS	n/a	n/a	D255
929.9920000000	n/a	n/a	STATUS	n/a	n/a	DIN4
930.0440000000	n/a	n/a	STATUS	n/a	n/a	D255
930.8000000000	n/a	n/a	STATUS	n/a	n/a	DIN5
930.8480000000	n/a	n/a	STATUS	n/a	n/a	D255
931.3240000000	n/a	n/a	STATUS	n/a	n/a	D156
931.3720000000	n/a	n/a	STATUS	n/a	n/a	D255
931.4120000000	n/a	n/a	STATUS	n/a	n/a	DI52
931.4600000000	n/a	n/a	STATUS	n/a	n/a	D255
931.8240000000	n/a	n/a	STATUS	n/a	n/a	DI42
931.8720000000	n/a	n/a	STATUS	n/a	n/a	D255
932.1320000000	n/a	n/a	STATUS	n/a	n/a	DIN5
932.1840000000	n/a	n/a	STATUS	n/a	n/a	D255
932.4920000000	n/a	n/a	STATUS	n/a	n/a	D154
932.5440000000	n/a	n/a	STATUS	n/a	n/a	D255
932.5800000000	n/a	n/a	STATUS	n/a	n/a	DI54
932.6320000000	n/a	n/a	STATUS	n/a	n/a	D255
933.0760000000	n/a	n/a	STATUS	n/a	n/a	DI34
933.1280000000	n/a	n/a	STATUS	n/a	n/a	D255
933.3840000000	n/a	n/a	STATUS	n/a	n/a	DIN5
933.4360000000	n/a	n/a	STATUS	n/a	n/a	D255
933.7840000000	n/a	n/a	STATUS	n/a	n/a	DI66
933.8360000000	n/a	n/a	STATUS	n/a	n/a	D255
933.8720000000	n/a	n/a	STATUS	n/a	n/a	DI53
933.9240000000	n/a	n/a	STATUS	n/a	n/a	D255
934.2320000000	n/a	n/a	STATUS	n/a	n/a	DI43
934.2800000000	n/a	n/a	STATUS	n/a	n/a	D255
934.5400000000	n/a	n/a	STATUS	n/a	n/a	DIN5
934.5920000000	n/a	n/a	STATUS	n/a	n/a	D255
935.0040000000	n/a	n/a	STATUS	n/a	n/a	D218
935.0560000000	n/a	n/a	STATUS	n/a	n/a	D255
935.0920000000	n/a	n/a	STATUS	n/a	n/a	DI53
935.1440000000	n/a	n/a	STATUS	n/a	n/a	D255
935.4960000000	n/a	n/a	STATUS	n/a	n/a	DI43
935.5440000000	n/a	n/a	STATUS	n/a	n/a	D255
935.8040000000	n/a	n/a	STATUS	n/a	n/a	DIN5
935.8560000000	n/a	n/a	STATUS	n/a	n/a	D255
936.2840000000	n/a	n/a	STATUS	n/a	n/a	DI97
936.3360000000	n/a	n/a	STATUS	n/a	n/a	D255
936.3720000000	n/a	n/a	STATUS	n/a	n/a	DI52
936.4240000000	n/a	n/a	STATUS	n/a	n/a	D255
936.7760000000	n/a	n/a	STATUS	n/a	n/a	DI42
936.8280000000	n/a	n/a	STATUS	n/a	n/a	D255
937.0840000000	n/a	n/a	STATUS	n/a	n/a	DIN5
937.1360000000	n/a	n/a	STATUS	n/a	n/a	D255
937.5600000000	n/a	n/a	STATUS	n/a	n/a	D219
937.6120000000	n/a	n/a	STATUS	n/a	n/a	D255
937.6480000000	n/a	n/a	STATUS	n/a	n/a	DI51
937.7000000000	n/a	n/a	STATUS	n/a	n/a	D255
938.1720000000	n/a	n/a	STATUS	n/a	n/a	DI31
938.2240000000	n/a	n/a	STATUS	n/a	n/a	D255
938.4840000000	n/a	n/a	STATUS	n/a	n/a	DIN5
938.5320000000	n/a	n/a	STATUS	n/a	n/a	D255
938.9520000000	n/a	n/a	STATUS	n/a	n/a	D106
939.0040000000	n/a	n/a	STATUS	n/a	n/a	D255
939.0400000000	n/a	n/a	STATUS	n/a	n/a	DI52
939.0920000000	n/a	n/a	STATUS	n/a	n/a	D255
939.5400000000	n/a	n/a	STATUS	n/a	n/a	DI42
939.5880000000	n/a	n/a	STATUS	n/a	n/a	D255
939.8480000000	n/a	n/a	STATUS	n/a	n/a	DIN5
939.9000000000	n/a	n/a	STATUS	n/a	n/a	D255
940.3760000000	n/a	n/a	STATUS	n/a	n/a	D171
940.4240000000	n/a	n/a	STATUS	n/a	n/a	D255
940.4640000000	n/a	n/a	STATUS	n/a	n/a	DI54
940.5120000000	n/a	n/a	STATUS	n/a	n/a	D255
940.9720000000	n/a	n/a	STATUS	n/a	n/a	DI34
941.0240000000	n/a	n/a	STATUS	n/a	n/a	D255
941.2800000000	n/a	n/a	STATUS	n/a	n/a	DIN5
941.3320000000	n/a	n/a	STATUS	n/a	n/a	D255
941.8000000000	n/a	n/a	STATUS	n/a	n/a	D129
941.8520000000	n/a	n/a	STATUS	n/a	n/a	D255
941.8880000000	n/a	n/a	STATUS	n/a	n/a	DI54
941.9400000000	n/a	n/a	STATUS	n/a	n/a	D255
942.2840000000	n/a	n/a	STATUS	n/a	n/a	DI34
942.3320000000	n/a	n/a	STATUS	n/a	n/a	D255
942.5920000000	n/a	n/a	STATUS	n/a	n/a	DIN5
942.6440000000	n/a	n/a	STATUS	n/a	n/a	D255
943.1040000000	n/a	n/a	STATUS	n/a	n/a	D102
943.1520000000	n/a	n/a	STATUS	n/a	n/a	D255
943.1920000000	n/a	n/a	STATUS	n/a	n/a	DI54
943.2400000000	n/a	n/a	STATUS	n/a	n/a	D255
943.5840000000	n/a	n/a	STATUS	n/a	n/a	DI34
943.6360000000	n/a	n/a	STATUS	n/a	n/a	D255
943.8960000000	n/a	n/a	STATUS	n/a	n/a	DIN5
943.9440000000	n/a	n/a	STATUS	n/a	n/a	D255
944.3920000000	n/a	n/a	STATUS	n/a	n/a	D142
944.4440000000	n/a	n/a	STATUS	n/a	n/a	D255
944.4800000000	n/a	n/a	STATUS	n/a	n/a	DI54
944.5320000000	n/a	n/a	STATUS	n/a	n/a	D255
944.8440000000	n/a	n/a	STATUS	n/a	n/a	DI34
944.8960000000	n/a	n/a	STATUS	n/a	n/a	D255
945.1520000000	n/a	n/a	STATUS	n/a	n/a	DIN5
945.2040000000	n/a	n/a	STATUS	n/a	n/a	D255
945.7040000000	n/a	n/a	STATUS	n/a	n/a	D169
945.7520000000	n/a	n/a	STATUS	n/a	n/a	D255
945.7920000000	n/a	n/a	STATUS	n/a	n/a	DI53
945.8400000000	n/a	n/a	STATUS	n/a	n/a	D255
946.1160000000	n/a	n/a	STATUS	n/a	n/a	DI43
946.1680000000	n/a	n/a	STATUS	n/a	n/a	D255
946.4240000000	n/a	n/a	STATUS	n/a	n/a	DIN5
946.4760000000	n/a	n/a	STATUS	n/a	n/a	D255
946.9120000000	n/a	n/a	STATUS	n/a	n/a	D148
946.9600000000	n/a	n/a	STATUS	n/a	n/a	D255
946.9960000000	n/a	n/a	STATUS	n/a	n/a	DI54
947.0480000000	n/a	n/a	STATUS	n/a	n/a	D255
947.5520000000	n/a	n/a	STATUS	n/a	n/a	DI34
947.6040000000	n/a	n/a	STATUS	n/a	n/a	D255
947.8640000000	n/a	n/a	STATUS	n/a	n/a	DIN5
947.9120000000	n/a	n/a	STATUS	n/a	n/a	D255
948.3880000000	n/a	n/a	STATUS	n/a	n/a	D209
948.4360000000	n/a	n/a	STATUS	n/a	n/a	D255
948.4760000000	n/a	n/a	STATUS	n/a	n/a	DI53
948.5240000000	n/a	n/a	STATUS	n/a	n/a	D255
948.8160000000	n/a	n/a	STATUS	n/a	n/a	DI43
948.8640000000	n/a	n/a	STATUS	n/a	n/a	D255
949.1240000000	n/a	n/a	STATUS	n/a	n/a	DIN5
949.1760000000	n/a	n/a	STATUS	n/a	n/a	D255
949.5040000000	n/a	n/a	STATUS	n/a	n/a	D184
949.5560000000	n/a	n/a	STATUS	n/a	n/a	D255
949.5920000000	n/a	n/a	STATUS	n/a	n/a	DI52
949.6440000000	n/a	n/a	STATUS	n/a	n/a	D255
949.9920000000	n/a	n/a	STATUS	n/a	n/a	DI42
950.0440000000	n/a	n/a	STATUS	n/a	n/a	D255
950.3040000000	n/a	n/a	STATUS	n/a	n/a	DIN5
950.3520000000	n/a	n/a	STATUS	n/a	n/a	D255
950.6560000000	n/a	n/a	STATUS	n/a	n/a	D200
950.7080000000	n/a	n/a	STATUS	n/a	n/a	D255
950.7440000000	n/a	n/a	STATUS	n/a	n/a	DI54
950.7960000000	n/a	n/a	STATUS	n/a	n/a	D255
951.2720000000	n/a	n/a	STATUS	n/a	n/a	DI34
951.3200000000	n/a	n/a	STATUS	n/a	n/a	D255
951.5800000000	n/a	n/a	STATUS	n/a	n/a	DIN5
951.6280000000	n/a	n/a	STATUS	n/a	n/a	D255
952.0640000000	n/a	n/a	STATUS	n/a	n/a	D126
952.1160000000	n/a	n/a	STATUS	n/a	n/a	D255
952.1520000000	n/a	n/a	STATUS	n/a	n/a	DI54
952.2040000000	n/a	n/a	STATUS	n/a	n/a	D255
952.5240000000	n/a	n/a	STATUS	n/a	n/a	DI34
952.5760000000	n/a	n/a	STATUS	n/a	n/a	D255
952.8320000000	n/a	n/a	STATUS	n/a	n/a	DIN5
952.8840000000	n/a	n/a	STATUS	n/a	n/a	D255
953.3440000000	n/a	n/a	STATUS	n/a	n/a	DI75
953.3920000000	n/a	n/a	STATUS	n/a	n/a	D255
953.4320000000	n/a	n/a	STATUS	n/a	n/a	DI51
953.4800000000	n/a	n/a	STATUS	n/a	n/a	D255
953.8800000000	n/a	n/a	STATUS	n/a	n/a	DI31
953.9280000000	n/a	n/a	STATUS	n/a	n/a	D255
954.1880000000	n/a	n/a	STATUS	n/a	n/a	DIN5
954.2400000000	n/a	n/a	STATUS	n/a	n/a	D255
954.7240000000	n/a	n/a	STATUS	n/a	n/a	DI68
954.7720000000	n/a	n/a	STATUS	n/a	n/a	D255
954.8120000000	n/a	n/a	STATUS	n/a	n/a	DI51
954.8600000000	n/a	n/a	STATUS	n/a	n/a	D255
955.1080000000	n/a	n/a	STATUS	n/a	n/a	DI21
955.1560000000	n/a	n/a	STATUS	n/a	n/a	D255
955.1600000000	n/a	n/a	STATUS	n/a	n/a	DIN4
955.2120000000	n/a	n/a	STATUS	n/a	n/a	D255
955.9680000000	n/a	n/a	STATUS	n/a	n/a	DIN5
956.0160000000	n/a	n/a	STATUS	n/a	n/a	D255
956.4960000000	n/a	n/a	STATUS	n/a	n/a	DI65
956.5440000000	n/a	n/a	STATUS	n/a	n/a	D255
956.5840000000	n/a	n/a	STATUS	n/a	n/a	DI52
956.6320000000	n/a	n/a	STATUS	n/a	n/a	D255
957.0080000000	n/a	n/a	STATUS	n/a	n/a	DI42
957.0560000000	n/a	n/a	STATUS	n/a	n/a	D255
957.3160000000	n/a	n/a	STATUS	n/a	n/a	DIN5
957.3640000000	n/a	n/a	STATUS	n/a	n/a	D255
957.7640000000	n/a	n/a	STATUS	n/a	n/a	D120
957.8160000000	n/a	n/a	STATUS	n/a	n/a	D255
957.8520000000	n/a	n/a	STATUS	n/a	n/a	DI51
957.9040000000	n/a	n/a	STATUS	n/a	n/a	D255
958.3320000000	n/a	n/a	STATUS	n/a	n/a	DI31
958.3840000000	n/a	n/a	STATUS	n/a	n/a	D255
958.6400000000	n/a	n/a	STATUS	n/a	n/a	DIN5
958.6920000000	n/a	n/a	STATUS	n/a	n/a	D255
959.0040000000	n/a	n/a	STATUS	n/a	n/a	D214
959.0560000000	n/a	n/a	STATUS	n/a	n/a	D255
959.0920000000	n/a	n/a	STATUS	n/a	n/a	DI53
959.1440000000	n/a	n/a	STATUS	n/a	n/a	D255
959.5120000000	n/a	n/a	STATUS	n/a	n/a	DI43
959.5640000000	n/a	n/a	STATUS	n/a	n/a	D255
959.8200000000	n/a	n/a	STATUS	n/a	n/a	DIN5
959.8720000000	n/a	n/a	STATUS	n/a	n/a	D255
960.2800000000	n/a	n/a	STATUS	n/a	n/a	D134
960.3320000000	n/a	n/a	STATUS	n/a	n/a	D255
960.3680000000	n/a	n/a	STATUS	n/a	n/a	DI51
960.4200000000	n/a	n/a	STATUS	n/a	n/a	D255
960.8200000000	n/a	n/a	STATUS	n/a	n/a	DI31
960.8680000000	n/a	n/a	STATUS	n/a	n/a	D255
961.1280000000	n/a	n/a	STATUS	n/a	n/a	DIN5
961.1800000000	n/a	n/a	STATUS	n/a	n/a	D255
961.5360000000	n/a	n/a	STATUS	n/a	n/a	D193
961.5840000000	n/a	n/a	STATUS	n/a	n/a	D255
961.6200000000	n/a	n/a	STATUS	n/a	n/a	DI51
961.6720000000	n/a	n/a	STATUS	n/a	n/a	D255
962.0680000000	n/a	n/a	STATUS	n/a	n/a	DI31
962.1200000000	n/a	n/a	STATUS	n/a	n/a	D255
962.3800000000	n/a	n/a	STATUS	n/a	n/a	DIN5
962.4280000000	n/a	n/a	STATUS	n/a	n/a	D255
962.8000000000	n/a	n/a	STATUS	n/a	n/a	DI73
962.8480000000	n/a	n/a	STATUS	n/a	n/a	D255
962.8880000000	n/a	n/a	STATUS	n/a	n/a	DI53
962.9360000000	n/a	n/a	STATUS	n/a	n/a	D255
963.3080000000	n/a	n/a	STATUS	n/a	n/a	DI13
963.3600000000	n/a	n/a	STATUS	n/a	n/a	D255
963.3640000000	n/a	n/a	STATUS	n/a	n/a	DIN4
963.4160000000	n/a	n/a	STATUS	n/a	n/a	D255
964.1680000000	n/a	n/a	STATUS	n/a	n/a	DIN5
964.2200000000	n/a	n/a	STATUS	n/a	n/a	D255
964.5760000000	n/a	n/a	STATUS	n/a	n/a	D178
964.6240000000	n/a	n/a	STATUS	n/a	n/a	D255
964.6640000000	n/a	n/a	STATUS	n/a	n/a	DI54
964.7120000000	n/a	n/a	STATUS	n/a	n/a	D255
964.9880000000	n/a	n/a	STATUS	n/a	n/a	DI34
965.0360000000	n/a	n/a	STATUS	n/a	n/a	D255
965.2960000000	n/a	n/a	STATUS	n/a	n/a	DIN5
965.3480000000	n/a	n/a	STATUS	n/a	n/a	D255
965.7400000000	n/a	n/a	STATUS	n/a	n/a	D157
965.7920000000	n/a	n/a	STATUS	n/a	n/a	D255
965.8280000000	n/a	n/a	STATUS	n/a	n/a	DI51
965.8800000000	n/a	n/a	STATUS	n/a	n/a	D255
966.2360000000	n/a	n/a	STATUS	n/a	n/a	DI31
966.2880000000	n/a	n/a	STATUS	n/a	n/a	D255
966.5440000000	n/a	n/a	STATUS	n/a	n/a	DIN5
966.5960000000	n/a	n/a	STATUS	n/a	n/a	D255
966.9360000000	n/a	n/a	STATUS	n/a	n/a	DI91
966.9840000000	n/a	n/a	STATUS	n/a	n/a	D255
967.0240000000	n/a	n/a	STATUS	n/a	n/a	DI52
967.0720000000	n/a	n/a	STATUS	n/a	n/a	D255
967.4840000000	n/a	n/a	STATUS	n/a	n/a	DI42
967.5320000000	n/a	n/a	STATUS	n/a	n/a	D255
967.7920000000	n/a	n/a	STATUS	n/a	n/a	DIN5
967.8400000000	n/a	n/a	STATUS	n/a	n/a	D255
968.3000000000	n/a	n/a	STATUS	n/a	n/a	DI71
968.3520000000	n/a	n/a	STATUS	n/a	n/a	D255
968.3880000000	n/a	n/a	STATUS	n/a	n/a	DI54
968.4400000000	n/a	n/a	STATUS	n/a	n/a	D255
968.7800000000	n/a	n/a	STATUS	n/a	n/a	DI34
968.8320000000	n/a	n/a	STATUS	n/a	n/a	D255
969.0920000000	n/a	n/a	STATUS	n/a	n/a	DIN5
969.1400000000	n/a	n/a	STATUS	n/a	n/a	D255
969.5840000000	n/a	n/a	STATUS	n/a	n/a	D234
969.6360000000	n/a	n/a	STATUS	n/a	n/a	D255
969.6720000000	n/a	n/a	STATUS	n/a	n/a	DI53
969.7200000000	n/a	n/a	STATUS	n/a	n/a	D255
970.0160000000	n/a	n/a	STATUS	n/a	n/a	DI43
970.0680000000	n/a	n/a	STATUS	n/a	n/a	D255
970.3280000000	n/a	n/a	STATUS	n/a	n/a	DIN5
970.3760000000	n/a	n/a	STATUS	n/a	n/a	D255
970.7520000000	n/a	n/a	STATUS	n/a	n/a	D101
970.8000000000	n/a	n/a	STATUS	n/a	n/a	D255
970.8400000000	n/a	n/a	STATUS	n/a	n/a	DI54
970.8880000000	n/a	n/a	STATUS	n/a	n/a	D255
971.2160000000	n/a	n/a	STATUS	n/a	n/a	DI34
971.2640000000	n/a	n/a	STATUS	n/a	n/a	D255
971.5240000000	n/a	n/a	STATUS	n/a	n/a	DIN5
971.5720000000	n/a	n/a	STATUS	n/a	n/a	D255
971.9240000000	n/a	n/a	STATUS	n/a	n/a	DI86
971.9720000000	n/a	n/a	STATUS	n/a	n/a	D255
972.0120000000	n/a	n/a	STATUS	n/a	n/a	DI54
972.0600000000	n/a	n/a	STATUS	n/a	n/a	D255
972.3080000000	n/a	n/a	STATUS	n/a	n/a	DI34
972.3600000000	n/a	n/a	STATUS	n/a	n/a	D255
972.6160000000	n/a	n/a	STATUS	n/a	n/a	DIN5
972.6680000000	n/a	n/a	STATUS	n/a	n/a	D255
973.1680000000	n/a	n/a	STATUS	n/a	n/a	D113
973.2160000000	n/a	n/a	STATUS	n/a	n/a	D255
973.2560000000	n/a	n/a	STATUS	n/a	n/a	DI51
973.3040000000	n/a	n/a	STATUS	n/a	n/a	D255
973.5480000000	n/a	n/a	STATUS	n/a	n/a	DI21
973.6000000000	n/a	n/a	STATUS	n/a	n/a	D255
973.6040000000	n/a	n/a	STATUS	n/a	n/a	DIN4
973.6520000000	n/a	n/a	STATUS	n/a	n/a	D255
974.4080000000	n/a	n/a	STATUS	n/a	n/a	DIN5
974.4600000000	n/a	n/a	STATUS	n/a	n/a	D255
974.8680000000	n/a	n/a	STATUS	n/a	n/a	D253
974.9200000000	n/a	n/a	STATUS	n/a	n/a	D255
974.9560000000	n/a	n/a	STATUS	n/a	n/a	DI53
975.0040000000	n/a	n/a	STATUS	n/a	n/a	D255
975.3600000000	n/a	n/a	STATUS	n/a	n/a	DI43
975.4080000000	n/a	n/a	STATUS	n/a	n/a	D255
975.6680000000	n/a	n/a	STATUS	n/a	n/a	DIN5
975.7200000000	n/a	n/a	STATUS	n/a	n/a	D255
976.1480000000	n/a	n/a	STATUS	n/a	n/a	D191
976.2000000000	n/a	n/a	STATUS	n/a	n/a	D255
976.2360000000	n/a	n/a	STATUS	n/a	n/a	DI54
976.2880000000	n/a	n/a	STATUS	n/a	n/a	D255
976.5760000000	n/a	n/a	STATUS	n/a	n/a	DI34
976.6240000000	n/a	n/a	STATUS	n/a	n/a	D255
976.8840000000	n/a	n/a	STATUS	n/a	n/a	DIN5
976.9320000000	n/a	n/a	STATUS	n/a	n/a	D255
977.2400000000	n/a	n/a	STATUS	n/a	n/a	D119
977.2880000000	n/a	n/a	STATUS	n/a	n/a	D255
977.3280000000	n/a	n/a	STATUS	n/a	n/a	DI52
977.3760000000	n/a	n/a	STATUS	n/a	n/a	D255
977.7400000000	n/a	n/a	STATUS	n/a	n/a	DI42
977.7920000000	n/a	n/a	STATUS	n/a	n/a	D255
978.0480000000	n/a	n/a	STATUS	n/a	n/a	DIN5
978.1000000000	n/a	n/a	STATUS	n/a	n/a	D255
978.6000000000	n/a	n/a	STATUS	n/a	n/a	D105
978.6480000000	n/a	n/a	STATUS	n/a	n/a	D255
978.6880000000	n/a	n/a	STATUS	n/a	n/a	DI51
978.7360000000	n/a	n/a	STATUS	n/a	n/a	D255
979.1120000000	n/a	n/a	STATUS	n/a	n/a	DI31
979.1640000000	n/a	n/a	STATUS	n/a	n/a	D255
979.4240000000	n/a	n/a	STATUS	n/a	n/a	DIN5
979.4720000000	n/a	n/a	STATUS	n/a	n/a	D255
979.9520000000	n/a	n/a	STATUS	n/a	n/a	DI78
980.0040000000	n/a	n/a	STATUS	n/a	n/a	D255
980.0400000000	n/a	n/a	STATUS	n/a	n/a	DI52
980.0920000000	n/a	n/a	STATUS	n/a	n/a	D255
980.6560000000	n/a	n/a	STATUS	n/a	n/a	DI42
980.7080000000	n/a	n/a	STATUS	n/a	n/a	D255
980.9640000000	n/a	n/a	STATUS	n/a	n/a	DIN5
981.0160000000	n/a	n/a	STATUS	n/a	n/a	D255
981.4200000000	n/a	n/a	STATUS	n/a	n/a	D240
981.4720000000	n/a	n/a	STATUS	n/a	n/a	D255
981.5080000000	n/a	n/a	STATUS	n/a	n/a	DI54
981.5560000000	n/a	n/a	STATUS	n/a	n/a	D255
981.9560000000	n/a	n/a	STATUS	n/a	n/a	DI34
982.0080000000	n/a	n/a	STATUS	n/a	n/a	D255
982.2680000000	n/a	n/a	STATUS	n/a	n/a	DIN5
982.3160000000	n/a	n/a	STATUS	n/a	n/a	D255
982.6800000000	n/a	n/a	STATUS	n/a	n/a	D192
982.7320000000	n/a	n/a	STATUS	n/a	n/a	D255
982.7680000000	n/a	n/a	STATUS	n/a	n/a	DI54
982.8200000000	n/a	n/a	STATUS	n/a	n/a	D255
983.1520000000	n/a	n/a	STATUS	n/a	n/a	DI34
983.2040000000	n/a	n/a	STATUS	n/a	n/a	D255
983.4600000000	n/a	n/a	STATUS	n/a	n/a	DIN5
983.5120000000	n/a	n/a	STATUS	n/a	n/a	D255
983.9680000000	n/a	n/a	STATUS	n/a	n/a	D205
984.0160000000	n/a	n/a	STATUS	n/a	n/a	D255
984.0560000000	n/a	n/a	STATUS	n/a	n/a	DI53
984.1040000000	n/a	n/a	STATUS	n/a	n/a	D255
984.3720000000	n/a	n/a	STATUS	n/a	n/a	DI43
984.4240000000	n/a	n/a	STATUS	n/a	n/a	D255
984.6840000000	n/a	n/a	STATUS	n/a	n/a	DIN5
984.7320000000	n/a	n/a	STATUS	n/a	n/a	D255
985.1960000000	n/a	n/a	STATUS	n/a	n/a	DI82
985.2480000000	n/a	n/a	STATUS	n/a	n/a	D255
985.2880000000	n/a	n/a	STATUS	n/a	n/a	DI54
985.3360000000	n/a	n/a	STATUS	n/a	n/a	D255
985.6240000000	n/a	n/a	STATUS	n/a	n/a	DI34
985.6720000000	n/a	n/a	STATUS	n/a	n/a	D255
985.9320000000	n/a	n/a	STATUS	n/a	n/a	DIN5
985.9840000000	n/a	n/a	STATUS	n/a	n/a	D255
986.4040000000	n/a	n/a	STATUS	n/a	n/a	D190
986.4520000000	n/a	n/a	STATUS	n/a	n/a	D255
986.4880000000	n/a	n/a	STATUS	n/a	n/a	DI53
986.5400000000	n/a	n/a	STATUS	n/a	n/a	D255
986.8920000000	n/a	n/a	STATUS	n/a	n/a	DI43
986.9400000000	n/a	n/a	STATUS	n/a	n/a	D255
987.2000000000	n/a	n/a	STATUS	n/a	n/a	DIN5
987.2520000000	n/a	n/a	STATUS	n/a	n/a	D255
987.6760000000	n/a	n/a	STATUS	n/a	n/a	DI96
987.7240000000	n/a	n/a	STATUS	n/a	n/a	D255
987.7640000000	n/a	n/a	STATUS	n/a	n/a	DI51
987.8120000000	n/a	n/a	STATUS	n/a	n/a	D255
988.0880000000	n/a	n/a	STATUS	n/a	n/a	DI21
988.1400000000	n/a	n/a	STATUS	n/a	n/a	D255
988.1440000000	n/a	n/a	STATUS	n/a	n/a	DIN4
988.1920000000	n/a	n/a	STATUS	n/a	n/a	D255
1003.7480000000	n/a	n/a	STATUS	n/a	n/a	DIN5
1003.7960000000	n/a	n/a	STATUS	n/a	n/a	D255
1004.2040000000	n/a	n/a	STATUS	n/a	n/a	D116
1004.2520000000	n/a	n/a	STATUS	n/a	n/a	D255
1004.2920000000	n/a	n/a	STATUS	n/a	n/a	DI52
1004.3400000000	n/a	n/a	STATUS	n/a	n/a	D255
1004.6920000000	n/a	n/a	STATUS	n/a	n/a	DI42
1004.7400000000	n/a	n/a	STATUS	n/a	n/a	D255
1005.0000000000	n/a	n/a	STATUS	n/a	n/a	DIN5
1005.0520000000	n/a	n/a	STATUS	n/a	n/a	D255
1005.4640000000	n/a	n/a	STATUS	n/a	n/a	D206
1005.5160000000	n/a	n/a	STATUS	n/a	n/a	D255
1005.5520000000	n/a	n/a	STATUS	n/a	n/a	DI52
1005.6040000000	n/a	n/a	STATUS	n/a	n/a	D255
1006.0000000000	n/a	n/a	STATUS	n/a	n/a	DI42
1006.0520000000	n/a	n/a	STATUS	n/a	n/a	D255
1006.3080000000	n/a	n/a	STATUS	n/a	n/a	DIN5
1006.3600000000	n/a	n/a	STATUS	n/a	n/a	D255
1006.7360000000	n/a	n/a	STATUS	n/a	n/a	D211
1006.7840000000	n/a	n/a	STATUS	n/a	n/a	D255
1006.8200000000	n/a	n/a	STATUS	n/a	n/a	DI54
1006.8720000000	n/a	n/a	STATUS	n/a	n/a	D255
1007.1840000000	n/a	n/a	STATUS	n/a	n/a	DI34
1007.2360000000	n/a	n/a	STATUS	n/a	n/a	D255
1007.4960000000	n/a	n/a	STATUS	n/a	n/a	DIN5
1007.5440000000	n/a	n/a	STATUS	n/a	n/a	D255
1007.8680000000	n/a	n/a	STATUS	n/a	n/a	D145
1007.9200000000	n/a	n/a	STATUS	n/a	n/a	D255
1007.9560000000	n/a	n/a	STATUS	n/a	n/a	DI54
1008.0080000000	n/a	n/a	STATUS	n/a	n/a	D255
1008.2800000000	n/a	n/a	STATUS	n/a	n/a	DI34
1008.3280000000	n/a	n/a	STATUS	n/a	n/a	D255
1008.5880000000	n/a	n/a	STATUS	n/a	n/a	DIN5
1008.6400000000	n/a	n/a	STATUS	n/a	n/a	D255
1009.0400000000	n/a	n/a	STATUS	n/a	n/a	D132
1009.0880000000	n/a	n/a	STATUS	n/a	n/a	D255
1009.1280000000	n/a	n/a	STATUS	n/a	n/a	DI54
1009.1760000000	n/a	n/a	STATUS	n/a	n/a	D255
1009.4520000000	n/a	n/a	STATUS	n/a	n/a	DI34
1009.5000000000	n/a	n/a	STATUS	n/a	n/a	D255
1009.7600000000	n/a	n/a	STATUS	n/a	n/a	DIN5
1009.8080000000	n/a	n/a	STATUS	n/a	n/a	D255
1010.1360000000	n/a	n/a	STATUS	n/a	n/a	D188
1010.1840000000	n/a	n/a	STATUS	n/a	n/a	D255
1010.2240000000	n/a	n/a	STATUS	n/a	n/a	DI51
1010.2720000000	n/a	n/a	STATUS	n/a	n/a	D255
1010.6400000000	n/a	n/a	STATUS	n/a	n/a	DI31
1010.6880000000	n/a	n/a	STATUS	n/a	n/a	D255
1010.9480000000	n/a	n/a	STATUS	n/a	n/a	DIN5
1011.0000000000	n/a	n/a	STATUS	n/a	n/a	D255
1011.3480000000	n/a	n/a	STATUS	n/a	n/a	D165
1011.4000000000	n/a	n/a	STATUS	n/a	n/a	D255
1011.4360000000	n/a	n/a	STATUS	n/a	n/a	DI54
1011.4840000000	n/a	n/a	STATUS	n/a	n/a	D255
1011.7600000000	n/a	n/a	STATUS	n/a	n/a	DI34
1011.8080000000	n/a	n/a	STATUS	n/a	n/a	D255
1012.0680000000	n/a	n/a	STATUS	n/a	n/a	DIN5
1012.1200000000	n/a	n/a	STATUS	n/a	n/a	D255
1012.4400000000	n/a	n/a	STATUS	n/a	n/a	D194
1012.4880000000	n/a	n/a	STATUS	n/a	n/a	D255
1012.5280000000	n/a	n/a	STATUS	n/a	n/a	DI53
1012.5760000000	n/a	n/a	STATUS	n/a	n/a	D255
1012.8320000000	n/a	n/a	STATUS	n/a	n/a	DI43
1012.8840000000	n/a	n/a	STATUS	n/a	n/a	D255
1013.1400000000	n/a	n/a	STATUS	n/a	n/a	DIN5
1013.1920000000	n/a	n/a	STATUS	n/a	n/a	D255
1013.5320000000	n/a	n/a	STATUS	n/a	n/a	DI85
1013.5800000000	n/a	n/a	STATUS	n/a	n/a	D255
1013.6200000000	n/a	n/a	STATUS	n/a	n/a	DI52
1013.6680000000	n/a	n/a	STATUS	n/a	n/a	D255
1014.1600000000	n/a	n/a	STATUS	n/a	n/a	DI42
1014.2080000000	n/a	n/a	STATUS	n/a	n/a	D255
1014.4680000000	n/a	n/a	STATUS	n/a	n/a	DIN5
1014.5200000000	n/a	n/a	STATUS	n/a	n/a	D255
1014.9000000000	n/a	n/a	STATUS	n/a	n/a	D167
1014.9480000000	n/a	n/a	STATUS	n/a	n/a	D255
1014.9880000000	n/a	n/a	STATUS	n/a	n/a	DI51
1015.0360000000	n/a	n/a	STATUS	n/a	n/a	D255
1015.3960000000	n/a	n/a	STATUS	n/a	n/a	DI31
1015.4480000000	n/a	n/a	STATUS	n/a	n/a	D255
1015.7080000000	n/a	n/a	STATUS	n/a	n/a	DIN5
1015.7560000000	n/a	n/a	STATUS	n/a	n/a	D255
1016.0680000000	n/a	n/a	STATUS	n/a	n/a	D202
1016.1160000000	n/a	n/a	STATUS	n/a	n/a	D255
1016.1560000000	n/a	n/a	STATUS	n/a	n/a	DI51
1016.2040000000	n/a	n/a	STATUS	n/a	n/a	D255
1016.5880000000	n/a	n/a	STATUS	n/a	n/a	DI31
1016.6400000000	n/a	n/a	STATUS	n/a	n/a	D255
1016.8960000000	n/a	n/a	STATUS	n/a	n/a	DIN5
1016.9480000000	n/a	n/a	STATUS	n/a	n/a	D255
1017.3960000000	n/a	n/a	STATUS	n/a	n/a	DI66
1017.4480000000	n/a	n/a	STATUS	n/a	n/a	D255
1017.4840000000	n/a	n/a	STATUS	n/a	n/a	DI53
1017.5360000000	n/a	n/a	STATUS	n/a	n/a	D255
1017.7920000000	n/a	n/a	STATUS	n/a	n/a	DI43
1017.8440000000	n/a	n/a	STATUS	n/a	n/a	D255
1018.1000000000	n/a	n/a	STATUS	n/a	n/a	DIN5
1018.1520000000	n/a	n/a	STATUS	n/a	n/a	D255
1018.4560000000	n/a	n/a	STATUS	n/a	n/a	D108
1018.5080000000	n/a	n/a	STATUS	n/a	n/a	D255
1018.5440000000	n/a	n/a	STATUS	n/a	n/a	DI51
1018.5960000000	n/a	n/a	STATUS	n/a	n/a	D255
1018.9480000000	n/a	n/a	STATUS	n/a	n/a	DI31
1018.9960000000	n/a	n/a	STATUS	n/a	n/a	D255
1019.2560000000	n/a	n/a	STATUS	n/a	n/a	DIN5
1019.3080000000	n/a	n/a	STATUS	n/a	n/a	D255
1019.6720000000	n/a	n/a	STATUS	n/a	n/a	DI82
1019.7200000000	n/a	n/a	STATUS	n/a	n/a	D255
1019.7600000000	n/a	n/a	STATUS	n/a	n/a	DI53
1019.8080000000	n/a	n/a	STATUS	n/a	n/a	D255
1020.1120000000	n/a	n/a	STATUS	n/a	n/a	DI43
1020.1640000000	n/a	n/a	STATUS	n/a	n/a	D255
1020.5840000000	n/a	n/a	STATUS	n/a	n/a	DIN5
1020.6360000000	n/a	n/a	STATUS	n/a	n/a	D255
1021.0200000000	n/a	n/a	STATUS	n/a	n/a	DI91
1021.0720000000	n/a	n/a	STATUS	n/a	n/a	D255
1021.1080000000	n/a	n/a	STATUS	n/a	n/a	DI52
1021.1600000000	n/a	n/a	STATUS	n/a	n/a	D255
1021.5080000000	n/a	n/a	STATUS	n/a	n/a	DI42
1021.5560000000	n/a	n/a	STATUS	n/a	n/a	D255
1021.8160000000	n/a	n/a	STATUS	n/a	n/a	DIN5
1021.8680000000	n/a	n/a	STATUS	n/a	n/a	D255
1022.3160000000	n/a	n/a	STATUS	n/a	n/a	D227
1022.3160000000	n/a	n/a	STATUS	n/a	n/a	D162
1022.3680000000	n/a	n/a	STATUS	n/a	n/a	D255
1022.4040000000	n/a	n/a	STATUS	n/a	n/a	DI53
1022.4520000000	n/a	n/a	STATUS	n/a	n/a	D255
1022.8040000000	n/a	n/a	STATUS	n/a	n/a	DI43
1022.8520000000	n/a	n/a	STATUS	n/a	n/a	D255
1023.1120000000	n/a	n/a	STATUS	n/a	n/a	DIN5
1023.1600000000	n/a	n/a	STATUS	n/a	n/a	D255
1023.4680000000	n/a	n/a	STATUS	n/a	n/a	D247
1023.5160000000	n/a	n/a	STATUS	n/a	n/a	D255
1023.5560000000	n/a	n/a	STATUS	n/a	n/a	DI53
1023.6040000000	n/a	n/a	STATUS	n/a	n/a	D255
1023.9440000000	n/a	n/a	STATUS	n/a	n/a	DI43
1023.9920000000	n/a	n/a	STATUS	n/a	n/a	D255
1024.2520000000	n/a	n/a	STATUS	n/a	n/a	DIN5
1024.3040000000	n/a	n/a	STATUS	n/a	n/a	D255
1024.6960000000	n/a	n/a	STATUS	n/a	n/a	D227
1024.7480000000	n/a	n/a	STATUS	n/a	n/a	D255
1024.7840000000	n/a	n/a	STATUS	n/a	n/a	DI53
1024.8360000000	n/a	n/a	STATUS	n/a	n/a	D255
1025.1320000000	n/a	n/a	STATUS	n/a	n/a	DI43
1025.1800000000	n/a	n/a	STATUS	n/a	n/a	D255
1025.4400000000	n/a	n/a	STATUS	n/a	n/a	DIN5
1025.4880000000	n/a	n/a	STATUS	n/a	n/a	D255
1025.8360000000	n/a	n/a	STATUS	n/a	n/a	DI99
1025.8840000000	n/a	n/a	STATUS	n/a	n/a	D255
1025.9240000000	n/a	n/a	STATUS	n/a	n/a	DI54
1025.9720000000	n/a	n/a	STATUS	n/a	n/a	D255
1026.2640000000	n/a	n/a	STATUS	n/a	n/a	DI34
1026.3160000000	n/a	n/a	STATUS	n/a	n/a	D255
1026.5760000000	n/a	n/a	STATUS	n/a	n/a	DIN5
1026.6240000000	n/a	n/a	STATUS	n/a	n/a	D255
1026.9720000000	n/a	n/a	STATUS	n/a	n/a	D187
1027.0200000000	n/a	n/a	STATUS	n/a	n/a	D255
1027.0560000000	n/a	n/a	STATUS	n/a	n/a	DI54
1027.1080000000	n/a	n/a	STATUS	n/a	n/a	D255
1027.4280000000	n/a	n/a	STATUS	n/a	n/a	DI34
1027.4760000000	n/a	n/a	STATUS	n/a	n/a	D255
1027.7360000000	n/a	n/a	STATUS	n/a	n/a	DIN5
1027.7880000000	n/a	n/a	STATUS	n/a	n/a	D255
1028.1920000000	n/a	n/a	STATUS	n/a	n/a	D115
1028.2400000000	n/a	n/a	STATUS	n/a	n/a	D255
1028.2800000000	n/a	n/a	STATUS	n/a	n/a	DI52
1028.3280000000	n/a	n/a	STATUS	n/a	n/a	D255
1028.7720000000	n/a	n/a	STATUS	n/a	n/a	DI42
1028.8200000000	n/a	n/a	STATUS	n/a	n/a	D255
1029.0800000000	n/a	n/a	STATUS	n/a	n/a	DIN5
1029.1280000000	n/a	n/a	STATUS	n/a	n/a	D255
1029.4640000000	n/a	n/a	STATUS	n/a	n/a	DI76
1029.5120000000	n/a	n/a	STATUS	n/a	n/a	D255
1029.5520000000	n/a	n/a	STATUS	n/a	n/a	DI51
1029.6040000000	n/a	n/a	STATUS	n/a	n/a	D255
1030.0520000000	n/a	n/a	STATUS	n/a	n/a	DI31
1030.1040000000	n/a	n/a	STATUS	n/a	n/a	D255
1030.3600000000	n/a	n/a	STATUS	n/a	n/a	DIN5
1030.4120000000	n/a	n/a	STATUS	n/a	n/a	D255
1030.7680000000	n/a	n/a	STATUS	n/a	n/a	D117
1030.8160000000	n/a	n/a	STATUS	n/a	n/a	D255
1030.8560000000	n/a	n/a	STATUS	n/a	n/a	DI51
1030.9040000000	n/a	n/a	STATUS	n/a	n/a	D255
1031.1360000000	n/a	n/a	STATUS	n/a	n/a	DI21
1031.1880000000	n/a	n/a	STATUS	n/a	n/a	D255
1031.1920000000	n/a	n/a	STATUS	n/a	n/a	DIN4
1031.2400000000	n/a	n/a	STATUS	n/a	n/a	D255
1031.9960000000	n/a	n/a	STATUS	n/a	n/a	DIN5
1032.0440000000	n/a	n/a	STATUS	n/a	n/a	D255
1032.3720000000	n/a	n/a	STATUS	n/a	n/a	D197
1032.4200000000	n/a	n/a	STATUS	n/a	n/a	D255
1032.4560000000	n/a	n/a	STATUS	n/a	n/a	DI52
1032.5080000000	n/a	n/a	STATUS	n/a	n/a	D255
1032.9520000000	n/a	n/a	STATUS	n/a	n/a	DI42
1033.0000000000	n/a	n/a	STATUS	n/a	n/a	D255
1033.2600000000	n/a	n/a	STATUS	n/a	n/a	DIN5
1033.3120000000	n/a	n/a	STATUS	n/a	n/a	D255
1033.6440000000	n/a	n/a	STATUS	n/a	n/a	D161
1033.6960000000	n/a	n/a	STATUS	n/a	n/a	D255
1033.7320000000	n/a	n/a	STATUS	n/a	n/a	DI54
1033.7840000000	n/a	n/a	STATUS	n/a	n/a	D255
1034.1320000000	n/a	n/a	STATUS	n/a	n/a	DI34
1034.1800000000	n/a	n/a	STATUS	n/a	n/a	D255
1034.4400000000	n/a	n/a	STATUS	n/a	n/a	DIN5
1034.4880000000	n/a	n/a	STATUS	n/a	n/a	D255
1034.9080000000	n/a	n/a	STATUS	n/a	n/a	D134
1034.9600000000	n/a	n/a	STATUS	n/a	n/a	D255
1034.9960000000	n/a	n/a	STATUS	n/a	n/a	DI54
1035.0480000000	n/a	n/a	STATUS	n/a	n/a	D255
1035.3400000000	n/a	n/a	STATUS	n/a	n/a	DI34
1035.3880000000	n/a	n/a	STATUS	n/a	n/a	D255
1035.6480000000	n/a	n/a	STATUS	n/a	n/a	DIN5
1035.7000000000	n/a	n/a	STATUS	n/a	n/a	D255
1036.1880000000	n/a	n/a	STATUS	n/a	n/a	D190
1036.2400000000	n/a	n/a	STATUS	n/a	n/a	D255
1036.2760000000	n/a	n/a	STATUS	n/a	n/a	DI53
1036.3280000000	n/a	n/a	STATUS	n/a	n/a	D255
1036.6560000000	n/a	n/a	STATUS	n/a	n/a	DI43
1036.7040000000	n/a	n/a	STATUS	n/a	n/a	D255
1036.9640000000	n/a	n/a	STATUS	n/a	n/a	DIN5
1037.0160000000	n/a	n/a	STATUS	n/a	n/a	D255
1037.3400000000	n/a	n/a	STATUS	n/a	n/a	D239
1037.3880000000	n/a	n/a	STATUS	n/a	n/a	D255
1037.4240000000	n/a	n/a	STATUS	n/a	n/a	DI54
1037.4760000000	n/a	n/a	STATUS	n/a	n/a	D255
1037.8000000000	n/a	n/a	STATUS	n/a	n/a	DI34
1037.8480000000	n/a	n/a	STATUS	n/a	n/a	D255
1038.1080000000	n/a	n/a	STATUS	n/a	n/a	DIN5
1038.1600000000	n/a	n/a	STATUS	n/a	n/a	D255
1038.6280000000	n/a	n/a	STATUS	n/a	n/a	D175
1038.6760000000	n/a	n/a	STATUS	n/a	n/a	D255
1038.7160000000	n/a	n/a	STATUS	n/a	n/a	DI52
1038.7680000000	n/a	n/a	STATUS	n/a	n/a	D255
1039.1640000000	n/a	n/a	STATUS	n/a	n/a	DI42
1039.2120000000	n/a	n/a	STATUS	n/a	n/a	D255
1039.4720000000	n/a	n/a	STATUS	n/a	n/a	DIN5
1039.5240000000	n/a	n/a	STATUS	n/a	n/a	D255
1039.8640000000	n/a	n/a	STATUS	n/a	n/a	D233
1039.9120000000	n/a	n/a	STATUS	n/a	n/a	D255
1039.9520000000	n/a	n/a	STATUS	n/a	n/a	DI51
1040.0000000000	n/a	n/a	STATUS	n/a	n/a	D255
1040.4320000000	n/a	n/a	STATUS	n/a	n/a	DI31
1040.4840000000	n/a	n/a	STATUS	n/a	n/a	D255
1040.7400000000	n/a	n/a	STATUS	n/a	n/a	DIN5
1040.7920000000	n/a	n/a	STATUS	n/a	n/a	D255
1041.2320000000	n/a	n/a	STATUS	n/a	n/a	D212
1041.2800000000	n/a	n/a	STATUS	n/a	n/a	D255
1041.3200000000	n/a	n/a	STATUS	n/a	n/a	DI52
1041.3680000000	n/a	n/a	STATUS	n/a	n/a	D255
1041.7400000000	n/a	n/a	STATUS	n/a	n/a	DI42
1041.7880000000	n/a	n/a	STATUS	n/a	n/a	D255
1042.0480000000	n/a	n/a	STATUS	n/a	n/a	DIN5
1042.1000000000	n/a	n/a	STATUS	n/a	n/a	D255
1042.5080000000	n/a	n/a	STATUS	n/a	n/a	D236
1042.5600000000	n/a	n/a	STATUS	n/a	n/a	D255
1042.5960000000	n/a	n/a	STATUS	n/a	n/a	DI54
1042.6480000000	n/a	n/a	STATUS	n/a	n/a	D255
1043.0280000000	n/a	n/a	STATUS	n/a	n/a	DI34
1043.0800000000	n/a	n/a	STATUS	n/a	n/a	D255
1043.3360000000	n/a	n/a	STATUS	n/a	n/a	DIN5
1043.3880000000	n/a	n/a	STATUS	n/a	n/a	D255
1043.7680000000	n/a	n/a	STATUS	n/a	n/a	D127
1043.8160000000	n/a	n/a	STATUS	n/a	n/a	D255
1043.8520000000	n/a	n/a	STATUS	n/a	n/a	DI52
1043.9040000000	n/a	n/a	STATUS	n/a	n/a	D255
1044.3640000000	n/a	n/a	STATUS	n/a	n/a	DI42
1044.4120000000	n/a	n/a	STATUS	n/a	n/a	D255
1044.6720000000	n/a	n/a	STATUS	n/a	n/a	DIN5
1044.7240000000	n/a	n/a	STATUS	n/a	n/a	D255
1045.0480000000	n/a	n/a	STATUS	n/a	n/a	D100
1045.0960000000	n/a	n/a	STATUS	n/a	n/a	D255
1045.1360000000	n/a	n/a	STATUS	n/a	n/a	DI53
1045.1840000000	n/a	n/a	STATUS	n/a	n/a	D255
1045.4880000000	n/a	n/a	STATUS	n/a	n/a	DI43
1045.5400000000	n/a	n/a	STATUS	n/a	n/a	D255
1045.7960000000	n/a	n/a	STATUS	n/a	n/a	DIN5
1045.8480000000	n/a	n/a	STATUS	n/a	n/a	D255
1046.2000000000	n/a	n/a	STATUS	n/a	n/a	D215
1046.2520000000	n/a	n/a	STATUS	n/a	n/a	D255
1046.2880000000	n/a	n/a	STATUS	n/a	n/a	DI53
1046.3400000000	n/a	n/a	STATUS	n/a	n/a	D255
1046.6240000000	n/a	n/a	STATUS	n/a	n/a	DI43
1046.6760000000	n/a	n/a	STATUS	n/a	n/a	D255
1046.9360000000	n/a	n/a	STATUS	n/a	n/a	DIN5
1046.9840000000	n/a	n/a	STATUS	n/a	n/a	D255
1047.4080000000	n/a	n/a	STATUS	n/a	n/a	D226
1047.4600000000	n/a	n/a	STATUS	n/a	n/a	D255
1047.4960000000	n/a	n/a	STATUS	n/a	n/a	DI52
1047.5480000000	n/a	n/a	STATUS	n/a	n/a	D255
1047.8200000000	n/a	n/a	STATUS	n/a	n/a	DI12
1047.8680000000	n/a	n/a	STATUS	n/a	n/a	D255
1047.8720000000	n/a	n/a	STATUS	n/a	n/a	DIN4
1047.9240000000	n/a	n/a	STATUS	n/a	n/a	D255
1048.6800000000	n/a	n/a	STATUS	n/a	n/a	DIN5
1048.7280000000	n/a	n/a	STATUS	n/a	n/a	D255
1049.2200000000	n/a	n/a	STATUS	n/a	n/a	D102
1049.2680000000	n/a	n/a	STATUS	n/a	n/a	D255
1049.3080000000	n/a	n/a	STATUS	n/a	n/a	DI51
1049.3560000000	n/a	n/a	STATUS	n/a	n/a	D255
1049.7640000000	n/a	n/a	STATUS	n/a	n/a	DI31
1049.8160000000	n/a	n/a	STATUS	n/a	n/a	D255
1050.0760000000	n/a	n/a	STATUS	n/a	n/a	DIN5
1050.1240000000	n/a	n/a	STATUS	n/a	n/a	D255
1050.5880000000	n/a	n/a	STATUS	n/a	n/a	D237
1050.6400000000	n/a	n/a	STATUS	n/a	n/a	D255
1050.6760000000	n/a	n/a	STATUS	n/a	n/a	DI51
1050.7280000000	n/a	n/a	STATUS	n/a	n/a	D255
1051.0400000000	n/a	n/a	STATUS	n/a	n/a	DI21
1051.0880000000	n/a	n/a	STATUS	n/a	n/a	D255
1051.0960000000	n/a	n/a	STATUS	n/a	n/a	DIN4
1051.1440000000	n/a	n/a	STATUS	n/a	n/a	D255
1051.9000000000	n/a	n/a	STATUS	n/a	n/a	DIN5
1051.9480000000	n/a	n/a	STATUS	n/a	n/a	D255
1052.2880000000	n/a	n/a	STATUS	n/a	n/a	DI75
1052.3400000000	n/a	n/a	STATUS	n/a	n/a	D255
1052.3760000000	n/a	n/a	STATUS	n/a	n/a	DI54
1052.4280000000	n/a	n/a	STATUS	n/a	n/a	D255
1052.7480000000	n/a	n/a	STATUS	n/a	n/a	DI34
1052.8000000000	n/a	n/a	STATUS	n/a	n/a	D255
1053.0560000000	n/a	n/a	STATUS	n/a	n/a	DIN5
1053.1080000000	n/a	n/a	STATUS	n/a	n/a	D255
1053.5600000000	n/a	n/a	STATUS	n/a	n/a	D159
1053.6120000000	n/a	n/a	STATUS	n/a	n/a	D255
1053.6480000000	n/a	n/a	STATUS	n/a	n/a	DI51
1053.7000000000	n/a	n/a	STATUS	n/a	n/a	D255
1054.1440000000	n/a	n/a	STATUS	n/a	n/a	DI31
1054.1920000000	n/a	n/a	STATUS	n/a	n/a	D255
1054.4520000000	n/a	n/a	STATUS	n/a	n/a	DIN5
1054.5000000000	n/a	n/a	STATUS	n/a	n/a	D255
1054.8160000000	n/a	n/a	STATUS	n/a	n/a	D114
1054.8680000000	n/a	n/a	STATUS	n/a	n/a	D255
1054.9040000000	n/a	n/a	STATUS	n/a	n/a	DI51
1054.9560000000	n/a	n/a	STATUS	n/a	n/a	D255
1055.3120000000	n/a	n/a	STATUS	n/a	n/a	DI31
1055.3640000000	n/a	n/a	STATUS	n/a	n/a	D255
1055.6200000000	n/a	n/a	STATUS	n/a	n/a	DIN5
1055.6720000000	n/a	n/a	STATUS	n/a	n/a	D255
1056.0400000000	n/a	n/a	STATUS	n/a	n/a	D183
1056.0920000000	n/a	n/a	STATUS	n/a	n/a	D255
1056.1280000000	n/a	n/a	STATUS	n/a	n/a	DI53
1056.1800000000	n/a	n/a	STATUS	n/a	n/a	D255
1056.5920000000	n/a	n/a	STATUS	n/a	n/a	DI13
1056.6440000000	n/a	n/a	STATUS	n/a	n/a	D255
1056.6480000000	n/a	n/a	STATUS	n/a	n/a	DIN4
1056.6960000000	n/a	n/a	STATUS	n/a	n/a	D255
1057.4520000000	n/a	n/a	STATUS	n/a	n/a	DIN5
1057.5000000000	n/a	n/a	STATUS	n/a	n/a	D255
1057.9160000000	n/a	n/a	STATUS	n/a	n/a	D241
1057.9680000000	n/a	n/a	STATUS	n/a	n/a	D255
1058.0040000000	n/a	n/a	STATUS	n/a	n/a	DI54
1058.0560000000	n/a	n/a	STATUS	n/a	n/a	D255
1058.5240000000	n/a	n/a	STATUS	n/a	n/a	DI34
1058.5760000000	n/a	n/a	STATUS	n/a	n/a	D255
1058.8360000000	n/a	n/a	STATUS	n/a	n/a	DIN5
1058.8840000000	n/a	n/a	STATUS	n/a	n/a	D255
1059.3520000000	n/a	n/a	STATUS	n/a	n/a	D213
1059.4040000000	n/a	n/a	STATUS	n/a	n/a	D255
1059.4400000000	n/a	n/a	STATUS	n/a	n/a	DI54
1059.4920000000	n/a	n/a	STATUS	n/a	n/a	D255
1059.7760000000	n/a	n/a	STATUS	n/a	n/a	DI34
1059.8240000000	n/a	n/a	STATUS	n/a	n/a	D255
1060.0840000000	n/a	n/a	STATUS	n/a	n/a	DIN5
1060.1360000000	n/a	n/a	STATUS	n/a	n/a	D255
1060.5400000000	n/a	n/a	STATUS	n/a	n/a	D160
1060.5880000000	n/a	n/a	STATUS	n/a	n/a	D255
1060.6280000000	n/a	n/a	STATUS	n/a	n/a	DI51
1060.6800000000	n/a	n/a	STATUS	n/a	n/a	D255
1061.0760000000	n/a	n/a	STATUS	n/a	n/a	DI31
1061.1280000000	n/a	n/a	STATUS	n/a	n/a	D255
1061.3840000000	n/a	n/a	STATUS	n/a	n/a	DIN5
1061.4360000000	n/a	n/a	STATUS	n/a	n/a	D255
1061.9000000000	n/a	n/a	STATUS	n/a	n/a	D231
1061.9520000000	n/a	n/a	STATUS	n/a	n/a	D255
1061.9880000000	n/a	n/a	STATUS	n/a	n/a	DI52
1062.0400000000	n/a	n/a	STATUS	n/a	n/a	D255
1062.3320000000	n/a	n/a	STATUS	n/a	n/a	DI12
1062.3840000000	n/a	n/a	STATUS	n/a	n/a	D255
1062.3880000000	n/a	n/a	STATUS	n/a	n/a	DIN4
1062.4360000000	n/a	n/a	STATUS	n/a	n/a	D255
1063.1920000000	n/a	n/a	STATUS	n/a	n/a	DIN5
1063.2440000000	n/a	n/a	STATUS	n/a	n/a	D255
1063.6360000000	n/a	n/a	STATUS	n/a	n/a	D186
1063.6880000000	n/a	n/a	STATUS	n/a	n/a	D255
1063.7240000000	n/a	n/a	STATUS	n/a	n/a	DI54
1063.7720000000	n/a	n/a	STATUS	n/a	n/a	D255
1064.0800000000	n/a	n/a	STATUS	n/a	n/a	DI34
1064.1320000000	n/a	n/a	STATUS	n/a	n/a	D255
1064.3920000000	n/a	n/a	STATUS	n/a	n/a	DIN5
1064.4400000000	n/a	n/a	STATUS	n/a	n/a	D255
1064.8800000000	n/a	n/a	STATUS	n/a	n/a	D234
1064.9320000000	n/a	n/a	STATUS	n/a	n/a	D255
1064.9680000000	n/a	n/a	STATUS	n/a	n/a	DI53
1065.0200000000	n/a	n/a	STATUS	n/a	n/a	D255
1065.2800000000	n/a	n/a	STATUS	n/a	n/a	DI43
1065.3320000000	n/a	n/a	STATUS	n/a	n/a	D255
1065.5920000000	n/a	n/a	STATUS	n/a	n/a	DIN5
1065.6400000000	n/a	n/a	STATUS	n/a	n/a	D255
1066.0200000000	n/a	n/a	STATUS	n/a	n/a	DI80
1066.0720000000	n/a	n/a	STATUS	n/a	n/a	D255
1066.1120000000	n/a	n/a	STATUS	n/a	n/a	DI54
1066.1600000000	n/a	n/a	STATUS	n/a	n/a	D255
1066.5120000000	n/a	n/a	STATUS	n/a	n/a	DI24
1066.5600000000	n/a	n/a	STATUS	n/a	n/a	D255
1066.5680000000	n/a	n/a	STATUS	n/a	n/a	DIN4
1066.6160000000	n/a	n/a	STATUS	n/a	n/a	D255
1067.3720000000	n/a	n/a	STATUS	n/a	n/a	DIN5
1067.4200000000	n/a	n/a	STATUS	n/a	n/a	D255
1067.8440000000	n/a	n/a	STATUS	n/a	n/a	D222
1067.8960000000	n/a	n/a	STATUS	n/a	n/a	D255
1067.9320000000	n/a	n/a	STATUS	n/a	n/a	DI54
1067.9840000000	n/a	n/a	STATUS	n/a	n/a	D255
1068.2480000000	n/a	n/a	STATUS	n/a	n/a	DI34
1068.2960000000	n/a	n/a	STATUS	n/a	n/a	D255
1068.5560000000	n/a	n/a	STATUS	n/a	n/a	DIN5
1068.6080000000	n/a	n/a	STATUS	n/a	n/a	D255
1069.0800000000	n/a	n/a	STATUS	n/a	n/a	D230
1069.1320000000	n/a	n/a	STATUS	n/a	n/a	D255
1069.1680000000	n/a	n/a	STATUS	n/a	n/a	DI53
1069.2200000000	n/a	n/a	STATUS	n/a	n/a	D255
1069.4920000000	n/a	n/a	STATUS	n/a	n/a	DI43
1069.5440000000	n/a	n/a	STATUS	n/a	n/a	D255
1069.8000000000	n/a	n/a	STATUS	n/a	n/a	DIN5
1069.8520000000	n/a	n/a	STATUS	n/a	n/a	D255
1070.3520000000	n/a	n/a	STATUS	n/a	n/a	D150
1070.4000000000	n/a	n/a	STATUS	n/a	n/a	D255
1070.4400000000	n/a	n/a	STATUS	n/a	n/a	DI51
1070.4920000000	n/a	n/a	STATUS	n/a	n/a	D255
1070.9200000000	n/a	n/a	STATUS	n/a	n/a	DI31
1070.9680000000	n/a	n/a	STATUS	n/a	n/a	D255
1071.2280000000	n/a	n/a	STATUS	n/a	n/a	DIN5
1071.2800000000	n/a	n/a	STATUS	n/a	n/a	D255
1071.7520000000	n/a	n/a	STATUS	n/a	n/a	D217
1071.8040000000	n/a	n/a	STATUS	n/a	n/a	D255
1071.8400000000	n/a	n/a	STATUS	n/a	n/a	DI52
1071.8920000000	n/a	n/a	STATUS	n/a	n/a	D255
1072.3200000000	n/a	n/a	STATUS	n/a	n/a	DI42
1072.3680000000	n/a	n/a	STATUS	n/a	n/a	D255
1072.6280000000	n/a	n/a	STATUS	n/a	n/a	DIN5
1072.6800000000	n/a	n/a	STATUS	n/a	n/a	D255
1073.1280000000	n/a	n/a	STATUS	n/a	n/a	D193
1073.1760000000	n/a	n/a	STATUS	n/a	n/a	D255
1073.2160000000	n/a	n/a	STATUS	n/a	n/a	DI52
1073.2640000000	n/a	n/a	STATUS	n/a	n/a	D247
1073.2680000000	n/a	n/a	STATUS	n/a	n/a	D255
1073.6560000000	n/a	n/a	STATUS	n/a	n/a	DI42
1073.7080000000	n/a	n/a	STATUS	n/a	n/a	D255
1073.9640000000	n/a	n/a	STATUS	n/a	n/a	DIN5
1074.0160000000	n/a	n/a	STATUS	n/a	n/a	D255
1074.3240000000	n/a	n/a	STATUS	n/a	n/a	D105
1074.3760000000	n/a	n/a	STATUS	n/a	n/a	D255
1074.4160000000	n/a	n/a	STATUS	n/a	n/a	DI51
1074.4640000000	n/a	n/a	STATUS	n/a	n/a	D255
1074.8840000000	n/a	n/a	STATUS	n/a	n/a	DI31
1074.9320000000	n/a	n/a	STATUS	n/a	n/a	D255
1075.1920000000	n/a	n/a	STATUS	n/a	n/a	DIN5
1075.2440000000	n/a	n/a	STATUS	n/a	n/a	D255
1075.6680000000	n/a	n/a	STATUS	n/a	n/a	D146
1075.7160000000	n/a	n/a	STATUS	n/a	n/a	D255
1075.7560000000	n/a	n/a	STATUS	n/a	n/a	DI54
1075.8080000000	n/a	n/a	STATUS	n/a	n/a	D255
1076.1120000000	n/a	n/a	STATUS	n/a	n/a	DI34
1076.1600000000	n/a	n/a	STATUS	n/a	n/a	D255
1076.4200000000	n/a	n/a	STATUS	n/a	n/a	DIN5
1076.4720000000	n/a	n/a	STATUS	n/a	n/a	D255
1076.8800000000	n/a	n/a	STATUS	n/a	n/a	DI90
1076.9280000000	n/a	n/a	STATUS	n/a	n/a	D255
1076.9680000000	n/a	n/a	STATUS	n/a	n/a	DI53
1077.0200000000	n/a	n/a	STATUS	n/a	n/a	D255
1077.2640000000	n/a	n/a	STATUS	n/a	n/a	DI43
1077.3160000000	n/a	n/a	STATUS	n/a	n/a	D255
1077.5760000000	n/a	n/a	STATUS	n/a	n/a	DIN5
1077.6240000000	n/a	n/a	STATUS	n/a	n/a	D255
1078.1160000000	n/a	n/a	STATUS	n/a	n/a	DI95
1078.1640000000	n/a	n/a	STATUS	n/a	n/a	D255
1078.2040000000	n/a	n/a	STATUS	n/a	n/a	DI51
1078.2520000000	n/a	n/a	STATUS	n/a	n/a	D255
1078.6440000000	n/a	n/a	STATUS	n/a	n/a	DI31
1078.6960000000	n/a	n/a	STATUS	n/a	n/a	D255
1078.9560000000	n/a	n/a	STATUS	n/a	n/a	DIN5
1079.0040000000	n/a	n/a	STATUS	n/a	n/a	D255
1079.3880000000	n/a	n/a	STATUS	n/a	n/a	D166
1079.4400000000	n/a	n/a	STATUS	n/a	n/a	D255
1079.4760000000	n/a	n/a	STATUS	n/a	n/a	DI51
1079.5280000000	n/a	n/a	STATUS	n/a	n/a	D255
1079.7720000000	n/a	n/a	STATUS	n/a	n/a	DI21
1079.8200000000	n/a	n/a	STATUS	n/a	n/a	D255
1079.8240000000	n/a	n/a	STATUS	n/a	n/a	DIN4
1079.8760000000	n/a	n/a	STATUS	n/a	n/a	D255
1080.6320000000	n/a	n/a	STATUS	n/a	n/a	DIN5
1080.6800000000	n/a	n/a	STATUS	n/a	n/a	D255
1081.1120000000	n/a	n/a	STATUS	n/a	n/a	D199
1081.1600000000	n/a	n/a	STATUS	n/a	n/a	D255
1081.2000000000	n/a	n/a	STATUS	n/a	n/a	DI54
1081.2480000000	n/a	n/a	STATUS	n/a	n/a	D255
1081.5400000000	n/a	n/a	STATUS	n/a	n/a	DI34
1081.5920000000	n/a	n/a	STATUS	n/a	n/a	D255
1081.8520000000	n/a	n/a	STATUS	n/a	n/a	DIN5
1081.9000000000	n/a	n/a	STATUS	n/a	n/a	D255
1082.2040000000	n/a	n/a	STATUS	n/a	n/a	D196
1082.2560000000	n/a	n/a	STATUS	n/a	n/a	D255
1082.2920000000	n/a	n/a	STATUS	n/a	n/a	DI52
1082.3440000000	n/a	n/a	STATUS	n/a	n/a	D255
1082.7800000000	n/a	n/a	STATUS	n/a	n/a	DI42
1082.8320000000	n/a	n/a	STATUS	n/a	n/a	D255
1083.0880000000	n/a	n/a	STATUS	n/a	n/a	DIN5
1083.1400000000	n/a	n/a	STATUS	n/a	n/a	D255
1083.4840000000	n/a	n/a	STATUS	n/a	n/a	DI78
1083.5360000000	n/a	n/a	STATUS	n/a	n/a	D255
1083.5720000000	n/a	n/a	STATUS	n/a	n/a	DI52
1083.6240000000	n/a	n/a	STATUS	n/a	n/a	D255
1084.0800000000	n/a	n/a	STATUS	n/a	n/a	DI42
1084.1320000000	n/a	n/a	STATUS	n/a	n/a	D255
1084.3880000000	n/a	n/a	STATUS	n/a	n/a	DIN5
1084.4400000000	n/a	n/a	STATUS	n/a	n/a	D255
1084.8680000000	n/a	n/a	STATUS	n/a	n/a	D174
1084.9200000000	n/a	n/a	STATUS	n/a	n/a	D255
1084.9560000000	n/a	n/a	STATUS	n/a	n/a	DI53
1085.0040000000	n/a	n/a	STATUS	n/a	n/a	D255
1085.2640000000	n/a	n/a	STATUS	n/a	n/a	DI43
1085.3160000000	n/a	n/a	STATUS	n/a	n/a	D255
1085.5760000000	n/a	n/a	STATUS	n/a	n/a	DIN5
1085.6240000000	n/a	n/a	STATUS	n/a	n/a	D255
1085.9400000000	n/a	n/a	STATUS	n/a	n/a	DI94
1085.9880000000	n/a	n/a	STATUS	n/a	n/a	D255
1086.0280000000	n/a	n/a	STATUS	n/a	n/a	DI51
1086.0800000000	n/a	n/a	STATUS	n/a	n/a	D255
1086.5280000000	n/a	n/a	STATUS	n/a	n/a	DI31
1086.5800000000	n/a	n/a	STATUS	n/a	n/a	D255
1086.8360000000	n/a	n/a	STATUS	n/a	n/a	DIN5
1086.8880000000	n/a	n/a	STATUS	n/a	n/a	D255
1087.2920000000	n/a	n/a	STATUS	n/a	n/a	DI98
1087.3440000000	n/a	n/a	STATUS	n/a	n/a	D255
1087.3800000000	n/a	n/a	STATUS	n/a	n/a	DI54
1087.4320000000	n/a	n/a	STATUS	n/a	n/a	D255
1087.7560000000	n/a	n/a	STATUS	n/a	n/a	DI34
1087.8040000000	n/a	n/a	STATUS	n/a	n/a	D255
1088.0640000000	n/a	n/a	STATUS	n/a	n/a	DIN5
1088.1120000000	n/a	n/a	STATUS	n/a	n/a	D255
1088.5000000000	n/a	n/a	STATUS	n/a	n/a	D210
1088.5480000000	n/a	n/a	STATUS	n/a	n/a	D255
1088.5880000000	n/a	n/a	STATUS	n/a	n/a	DI52
1088.6360000000	n/a	n/a	STATUS	n/a	n/a	D255
1089.0200000000	n/a	n/a	STATUS	n/a	n/a	DI42
1089.0720000000	n/a	n/a	STATUS	n/a	n/a	D255
1089.3320000000	n/a	n/a	STATUS	n/a	n/a	DIN5
1089.3800000000	n/a	n/a	STATUS	n/a	n/a	D255
1089.6920000000	n/a	n/a	STATUS	n/a	n/a	D121
1089.7400000000	n/a	n/a	STATUS	n/a	n/a	D255
1089.7800000000	n/a	n/a	STATUS	n/a	n/a	DI52
1089.8280000000	n/a	n/a	STATUS	n/a	n/a	D255
1090.2080000000	n/a	n/a	STATUS	n/a	n/a	DI42
1090.2560000000	n/a	n/a	STATUS	n/a	n/a	D255
1090.5160000000	n/a	n/a	STATUS	n/a	n/a	DIN5
1090.5680000000	n/a	n/a	STATUS	n/a	n/a	D255
1090.9800000000	n/a	n/a	STATUS	n/a	n/a	D133
1091.0320000000	n/a	n/a	STATUS	n/a	n/a	D255
1091.0680000000	n/a	n/a	STATUS	n/a	n/a	DI53
1091.1200000000	n/a	n/a	STATUS	n/a	n/a	D255
1091.4080000000	n/a	n/a	STATUS	n/a	n/a	DI43
1091.4560000000	n/a	n/a	STATUS	n/a	n/a	D255
1091.7160000000	n/a	n/a	STATUS	n/a	n/a	DIN5
1091.7680000000	n/a	n/a	STATUS	n/a	n/a	D255
1092.1920000000	n/a	n/a	STATUS	n/a	n/a	D152
1092.2440000000	n/a	n/a	STATUS	n/a	n/a	D255
1092.2800000000	n/a	n/a	STATUS	n/a	n/a	DI53
1092.3320000000	n/a	n/a	STATUS	n/a	n/a	D255
1092.6400000000	n/a	n/a	STATUS	n/a	n/a	DI43
1092.6920000000	n/a	n/a	STATUS	n/a	n/a	D255
1092.9480000000	n/a	n/a	STATUS	n/a	n/a	DIN5
1093.0000000000	n/a	n/a	STATUS	n/a	n/a	D255
1093.3280000000	n/a	n/a	STATUS	n/a	n/a	D156
1093.3800000000	n/a	n/a	STATUS	n/a	n/a	D255
1093.4160000000	n/a	n/a	STATUS	n/a	n/a	DI54
1093.4680000000	n/a	n/a	STATUS	n/a	n/a	D255
1093.7600000000	n/a	n/a	STATUS	n/a	n/a	DI34
1093.8120000000	n/a	n/a	STATUS	n/a	n/a	D255
1094.0720000000	n/a	n/a	STATUS	n/a	n/a	DIN5
1094.1200000000	n/a	n/a	STATUS	n/a	n/a	D255
1094.5400000000	n/a	n/a	STATUS	n/a	n/a	DI97
1094.5920000000	n/a	n/a	STATUS	n/a	n/a	D255
1094.6280000000	n/a	n/a	STATUS	n/a	n/a	DI54
1094.6760000000	n/a	n/a	STATUS	n/a	n/a	D255
1095.0160000000	n/a	n/a	STATUS	n/a	n/a	DI34
1095.0680000000	n/a	n/a	STATUS	n/a	n/a	D255
1095.3280000000	n/a	n/a	STATUS	n/a	n/a	DIN5
1095.3760000000	n/a	n/a	STATUS	n/a	n/a	D255
1095.7960000000	n/a	n/a	STATUS	n/a	n/a	D126
1095.8480000000	n/a	n/a	STATUS	n/a	n/a	D255
1095.8840000000	n/a	n/a	STATUS	n/a	n/a	DI53
1095.9360000000	n/a	n/a	STATUS	n/a	n/a	D255
1096.2040000000	n/a	n/a	STATUS	n/a	n/a	DI43
1096.2560000000	n/a	n/a	STATUS	n/a	n/a	D255
1096.5160000000	n/a	n/a	STATUS	n/a	n/a	DIN5
1096.5640000000	n/a	n/a	STATUS	n/a	n/a	D255
1097.0600000000	n/a	n/a	STATUS	n/a	n/a	DI71
1097.1080000000	n/a	n/a	STATUS	n/a	n/a	D255
1097.1480000000	n/a	n/a	STATUS	n/a	n/a	DI53
1097.1960000000	n/a	n/a	STATUS	n/a	n/a	D255
1097.4240000000	n/a	n/a	STATUS	n/a	n/a	DI43
1097.4760000000	n/a	n/a	STATUS	n/a	n/a	D255
1097.7360000000	n/a	n/a	STATUS	n/a	n/a	DIN5
1097.7840000000	n/a	n/a	STATUS	n/a	n/a	D255
1098.0920000000	n/a	n/a	STATUS	n/a	n/a	D221
1098.1440000000	n/a	n/a	STATUS	n/a	n/a	D255
1098.1800000000	n/a	n/a	STATUS	n/a	n/a	DI54
1098.2320000000	n/a	n/a	STATUS	n/a	n/a	D255
1098.5080000000	n/a	n/a	STATUS	n/a	n/a	DI34
1098.5560000000	n/a	n/a	STATUS	n/a	n/a	D255
1098.8160000000	n/a	n/a	STATUS	n/a	n/a	DIN5
1098.8680000000	n/a	n/a	STATUS	n/a	n/a	D255
1099.2080000000	n/a	n/a	STATUS	n/a	n/a	DI81
1099.2560000000	n/a	n/a	STATUS	n/a	n/a	D255
1099.2920000000	n/a	n/a	STATUS	n/a	n/a	DI52
1099.3440000000	n/a	n/a	STATUS	n/a	n/a	D255
1099.7200000000	n/a	n/a	STATUS	n/a	n/a	DI42
1099.7680000000	n/a	n/a	STATUS	n/a	n/a	D255
1100.0280000000	n/a	n/a	STATUS	n/a	n/a	DIN5
1100.0800000000	n/a	n/a	STATUS	n/a	n/a	D255
1100.5080000000	n/a	n/a	STATUS	n/a	n/a	D225
1100.5600000000	n/a	n/a	STATUS	n/a	n/a	D255
1100.5960000000	n/a	n/a	STATUS	n/a	n/a	DI51
1100.6480000000	n/a	n/a	STATUS	n/a	n/a	D255
1101.0880000000	n/a	n/a	STATUS	n/a	n/a	DI31
1101.1400000000	n/a	n/a	STATUS	n/a	n/a	D255
1101.4000000000	n/a	n/a	STATUS	n/a	n/a	DIN5
1101.4480000000	n/a	n/a	STATUS	n/a	n/a	D255
1101.9520000000	n/a	n/a	STATUS	n/a	n/a	D205
1102.0040000000	n/a	n/a	STATUS	n/a	n/a	D255
1102.0400000000	n/a	n/a	STATUS	n/a	n/a	DI52
1102.0920000000	n/a	n/a	STATUS	n/a	n/a	D255
1102.4560000000	n/a	n/a	STATUS	n/a	n/a	DI42
1102.5040000000	n/a	n/a	STATUS	n/a	n/a	D255
1102.7640000000	n/a	n/a	STATUS	n/a	n/a	DIN5
1102.8120000000	n/a	n/a	STATUS	n/a	n/a	D255
1103.2760000000	n/a	n/a	STATUS	n/a	n/a	D155
1103.3280000000	n/a	n/a	STATUS	n/a	n/a	D255
1103.3640000000	n/a	n/a	STATUS	n/a	n/a	DI51
1103.4160000000	n/a	n/a	STATUS	n/a	n/a	D255
1103.7880000000	n/a	n/a	STATUS	n/a	n/a	DI31
1103.8360000000	n/a	n/a	STATUS	n/a	n/a	D255
1104.0960000000	n/a	n/a	STATUS	n/a	n/a	DIN5
1104.1480000000	n/a	n/a	STATUS	n/a	n/a	D255
1104.5760000000	n/a	n/a	STATUS	n/a	n/a	D148
1104.6280000000	n/a	n/a	STATUS	n/a	n/a	D255
1104.6640000000	n/a	n/a	STATUS	n/a	n/a	DI54
1104.7120000000	n/a	n/a	STATUS	n/a	n/a	D255
1105.0640000000	n/a	n/a	STATUS	n/a	n/a	DI34
1105.1120000000	n/a	n/a	STATUS	n/a	n/a	D255
1105.3720000000	n/a	n/a	STATUS	n/a	n/a	DIN5
1105.4240000000	n/a	n/a	STATUS	n/a	n/a	D255
1105.7840000000	n/a	n/a	STATUS	n/a	n/a	D178
1105.8320000000	n/a	n/a	STATUS	n/a	n/a	D255
1105.8720000000	n/a	n/a	STATUS	n/a	n/a	DI51
1105.9200000000	n/a	n/a	STATUS	n/a	n/a	D255
1106.3360000000	n/a	n/a	STATUS	n/a	n/a	DI31
1106.3880000000	n/a	n/a	STATUS	n/a	n/a	D255
1106.6480000000	n/a	n/a	STATUS	n/a	n/a	DIN5
1106.6960000000	n/a	n/a	STATUS	n/a	n/a	D255
1107.0560000000	n/a	n/a	STATUS	n/a	n/a	D228
1107.1080000000	n/a	n/a	STATUS	n/a	n/a	D255
1107.1440000000	n/a	n/a	STATUS	n/a	n/a	DI53
1107.1920000000	n/a	n/a	STATUS	n/a	n/a	D255
1107.4680000000	n/a	n/a	STATUS	n/a	n/a	DI43
1107.5200000000	n/a	n/a	STATUS	n/a	n/a	D255
1107.7800000000	n/a	n/a	STATUS	n/a	n/a	DIN5
1107.8280000000	n/a	n/a	STATUS	n/a	n/a	D255
1108.2320000000	n/a	n/a	STATUS	n/a	n/a	DI72
1108.2840000000	n/a	n/a	STATUS	n/a	n/a	D255
1108.3200000000	n/a	n/a	STATUS	n/a	n/a	DI52
1108.3720000000	n/a	n/a	STATUS	n/a	n/a	D255
1108.7880000000	n/a	n/a	STATUS	n/a	n/a	DI42
1108.8360000000	n/a	n/a	STATUS	n/a	n/a	D255
1109.0960000000	n/a	n/a	STATUS	n/a	n/a	DIN5
1109.1440000000	n/a	n/a	STATUS	n/a	n/a	D255
1109.5840000000	n/a	n/a	STATUS	n/a	n/a	DI96
1109.6360000000	n/a	n/a	STATUS	n/a	n/a	D255
1109.6720000000	n/a	n/a	STATUS	n/a	n/a	DI54
1109.7240000000	n/a	n/a	STATUS	n/a	n/a	D255
1109.9960000000	n/a	n/a	STATUS	n/a	n/a	DI34
1110.0480000000	n/a	n/a	STATUS	n/a	n/a	D255
1110.3080000000	n/a	n/a	STATUS	n/a	n/a	DIN5
1110.3560000000	n/a	n/a	STATUS	n/a	n/a	D255
1110.7840000000	n/a	n/a	STATUS	n/a	n/a	D168
1110.8320000000	n/a	n/a	STATUS	n/a	n/a	D255
1110.8720000000	n/a	n/a	STATUS	n/a	n/a	DI51
1110.9200000000	n/a	n/a	STATUS	n/a	n/a	D255
1111.4200000000	n/a	n/a	STATUS	n/a	n/a	DI31
1111.4680000000	n/a	n/a	STATUS	n/a	n/a	D255
1111.7280000000	n/a	n/a	STATUS	n/a	n/a	DIN5
1111.7800000000	n/a	n/a	STATUS	n/a	n/a	D255
1112.1040000000	n/a	n/a	STATUS	n/a	n/a	D250
1112.1520000000	n/a	n/a	STATUS	n/a	n/a	D255
1112.1920000000	n/a	n/a	STATUS	n/a	n/a	DI53
1112.2400000000	n/a	n/a	STATUS	n/a	n/a	D255
1112.5320000000	n/a	n/a	STATUS	n/a	n/a	DI43
1112.5840000000	n/a	n/a	STATUS	n/a	n/a	D255
1112.8440000000	n/a	n/a	STATUS	n/a	n/a	DIN5
1112.8920000000	n/a	n/a	STATUS	n/a	n/a	D255
1113.3640000000	n/a	n/a	STATUS	n/a	n/a	DI65
1113.4120000000	n/a	n/a	STATUS	n/a	n/a	D255
1113.4520000000	n/a	n/a	STATUS	n/a	n/a	DI52
1113.5000000000	n/a	n/a	STATUS	n/a	n/a	D255
1113.7560000000	n/a	n/a	STATUS	n/a	n/a	DI12
1113.8080000000	n/a	n/a	STATUS	n/a	n/a	D255
1113.8120000000	n/a	n/a	STATUS	n/a	n/a	DIN4
1113.8640000000	n/a	n/a	STATUS	n/a	n/a	D255
1114.6160000000	n/a	n/a	STATUS	n/a	n/a	DIN5
1114.6680000000	n/a	n/a	STATUS	n/a	n/a	D255
1115.1480000000	n/a	n/a	STATUS	n/a	n/a	D163
1115.1960000000	n/a	n/a	STATUS	n/a	n/a	D255
1115.2360000000	n/a	n/a	STATUS	n/a	n/a	DI54
1115.2840000000	n/a	n/a	STATUS	n/a	n/a	D255
1115.6040000000	n/a	n/a	STATUS	n/a	n/a	DI34
1115.6560000000	n/a	n/a	STATUS	n/a	n/a	D255
1115.9160000000	n/a	n/a	STATUS	n/a	n/a	DIN5
1115.9640000000	n/a	n/a	STATUS	n/a	n/a	D255
1116.4240000000	n/a	n/a	STATUS	n/a	n/a	DI79
1116.4760000000	n/a	n/a	STATUS	n/a	n/a	D255
1116.5120000000	n/a	n/a	STATUS	n/a	n/a	DI53
1116.5640000000	n/a	n/a	STATUS	n/a	n/a	D255
1116.8000000000	n/a	n/a	STATUS	n/a	n/a	DI43
1116.8480000000	n/a	n/a	STATUS	n/a	n/a	D255
1117.1080000000	n/a	n/a	STATUS	n/a	n/a	DIN5
1117.1600000000	n/a	n/a	STATUS	n/a	n/a	D255
1117.6560000000	n/a	n/a	STATUS	n/a	n/a	D198
1117.7080000000	n/a	n/a	STATUS	n/a	n/a	D255
1117.7080000000	n/a	n/a	STATUS	n/a	n/a	D231
1117.7440000000	n/a	n/a	STATUS	n/a	n/a	DI53
1117.7960000000	n/a	n/a	STATUS	n/a	n/a	D255
1118.0320000000	n/a	n/a	STATUS	n/a	n/a	DI43
1118.0840000000	n/a	n/a	STATUS	n/a	n/a	D255
1118.3440000000	n/a	n/a	STATUS	n/a	n/a	DIN5
1118.3920000000	n/a	n/a	STATUS	n/a	n/a	D255
1118.8480000000	n/a	n/a	STATUS	n/a	n/a	D176
1118.9000000000	n/a	n/a	STATUS	n/a	n/a	D255
1118.9360000000	n/a	n/a	STATUS	n/a	n/a	DI53
1118.9880000000	n/a	n/a	STATUS	n/a	n/a	D255
1119.2240000000	n/a	n/a	STATUS	n/a	n/a	DI43
1119.2760000000	n/a	n/a	STATUS	n/a	n/a	D255
1119.5360000000	n/a	n/a	STATUS	n/a	n/a	DIN5
1119.5840000000	n/a	n/a	STATUS	n/a	n/a	D255
1120.0760000000	n/a	n/a	STATUS	n/a	n/a	D191
1120.1240000000	n/a	n/a	STATUS	n/a	n/a	D255
1120.1640000000	n/a	n/a	STATUS	n/a	n/a	DI51
1120.2120000000	n/a	n/a	STATUS	n/a	n/a	D255
1120.4520000000	n/a	n/a	STATUS	n/a	n/a	DI21
1120.5000000000	n/a	n/a	STATUS	n/a	n/a	D255
1120.5080000000	n/a	n/a	STATUS	n/a	n/a	DIN4
1120.5560000000	n/a	n/a	STATUS	n/a	n/a	D255
1121.3120000000	n/a	n/a	STATUS	n/a	n/a	DIN5
1121.3600000000	n/a	n/a	STATUS	n/a	n/a	D255
1121.8400000000	n/a	n/a	STATUS	n/a	n/a	D218
1121.8920000000	n/a	n/a	STATUS	n/a	n/a	D255
1121.9280000000	n/a	n/a	STATUS	n/a	n/a	DI52
1121.9800000000	n/a	n/a	STATUS	n/a	n/a	D255
1122.4160000000	n/a	n/a	STATUS	n/a	n/a	DI42
1122.4640000000	n/a	n/a	STATUS	n/a	n/a	D255
1122.7240000000	n/a	n/a	STATUS	n/a	n/a	DIN5
1122.7720000000	n/a	n/a	STATUS	n/a	n/a	D255
1123.2680000000	n/a	n/a	STATUS	n/a	n/a	D113
1123.3200000000	n/a	n/a	STATUS	n/a	n/a	D255
1123.3560000000	n/a	n/a	STATUS	n/a	n/a	DI52
1123.4040000000	n/a	n/a	STATUS	n/a	n/a	D255
1123.7760000000	n/a	n/a	STATUS	n/a	n/a	DI42
1123.8280000000	n/a	n/a	STATUS	n/a	n/a	D255
1124.0880000000	n/a	n/a	STATUS	n/a	n/a	DIN5
1124.1360000000	n/a	n/a	STATUS	n/a	n/a	D255
1124.5720000000	n/a	n/a	STATUS	n/a	n/a	D124
1124.6200000000	n/a	n/a	STATUS	n/a	n/a	D255
1124.6600000000	n/a	n/a	STATUS	n/a	n/a	DI53
1124.7080000000	n/a	n/a	STATUS	n/a	n/a	D255
1124.9840000000	n/a	n/a	STATUS	n/a	n/a	DI43
1125.0320000000	n/a	n/a	STATUS	n/a	n/a	D255
1125.2920000000	n/a	n/a	STATUS	n/a	n/a	DIN5
1125.3440000000	n/a	n/a	STATUS	n/a	n/a	D255
1125.7480000000	n/a	n/a	STATUS	n/a	n/a	D120
1125.7960000000	n/a	n/a	STATUS	n/a	n/a	D255
1125.8360000000	n/a	n/a	STATUS	n/a	n/a	DI51
1125.8880000000	n/a	n/a	STATUS	n/a	n/a	D255
1126.2640000000	n/a	n/a	STATUS	n/a	n/a	DI31
1126.3120000000	n/a	n/a	STATUS	n/a	n/a	D255
1126.5720000000	n/a	n/a	STATUS	n/a	n/a	DIN5
1126.6240000000	n/a	n/a	STATUS	n/a	n/a	D255
1127.0760000000	n/a	n/a	STATUS	n/a	n/a	D203
1127.1280000000	n/a	n/a	STATUS	n/a	n/a	D255
1127.1640000000	n/a	n/a	STATUS	n/a	n/a	DI52
1127.2160000000	n/a	n/a	STATUS	n/a	n/a	D255
1127.6160000000	n/a	n/a	STATUS	n/a	n/a	DI42
1127.6640000000	n/a	n/a	STATUS	n/a	n/a	D255
1127.9240000000	n/a	n/a	STATUS	n/a	n/a	DIN5
1127.9720000000	n/a	n/a	STATUS	n/a	n/a	D255
1128.3600000000	n/a	n/a	STATUS	n/a	n/a	D244
1128.4080000000	n/a	n/a	STATUS	n/a	n/a	D255
1128.4440000000	n/a	n/a	STATUS	n/a	n/a	DI51
1128.4960000000	n/a	n/a	STATUS	n/a	n/a	D255
1128.8600000000	n/a	n/a	STATUS	n/a	n/a	DI21
1128.9120000000	n/a	n/a	STATUS	n/a	n/a	D255
1128.9160000000	n/a	n/a	STATUS	n/a	n/a	DIN4
1128.9640000000	n/a	n/a	STATUS	n/a	n/a	D255
1129.7200000000	n/a	n/a	STATUS	n/a	n/a	DIN5
1129.7720000000	n/a	n/a	STATUS	n/a	n/a	D255
1130.0960000000	n/a	n/a	STATUS	n/a	n/a	D248
1130.1440000000	n/a	n/a	STATUS	n/a	n/a	D255
1130.1840000000	n/a	n/a	STATUS	n/a	n/a	DI53
1130.2320000000	n/a	n/a	STATUS	n/a	n/a	D255
1130.7280000000	n/a	n/a	STATUS	n/a	n/a	DI43
1130.7760000000	n/a	n/a	STATUS	n/a	n/a	D255
1131.0360000000	n/a	n/a	STATUS	n/a	n/a	DIN5
1131.0880000000	n/a	n/a	STATUS	n/a	n/a	D255
1131.5480000000	n/a	n/a	STATUS	n/a	n/a	D204
1131.5960000000	n/a	n/a	STATUS	n/a	n/a	D255
1131.6360000000	n/a	n/a	STATUS	n/a	n/a	DI51
1131.6840000000	n/a	n/a	STATUS	n/a	n/a	D255
1131.9360000000	n/a	n/a	STATUS	n/a	n/a	DI21
1131.9880000000	n/a	n/a	STATUS	n/a	n/a	D255
1131.9920000000	n/a	n/a	STATUS	n/a	n/a	DIN4
1132.0440000000	n/a	n/a	STATUS	n/a	n/a	D255
1132.7960000000	n/a	n/a	STATUS	n/a	n/a	DIN5
1132.8480000000	n/a	n/a	STATUS	n/a	n/a	D255
1133.2120000000	n/a	n/a	STATUS	n/a	n/a	D143
1133.2640000000	n/a	n/a	STATUS	n/a	n/a	D255
1133.3000000000	n/a	n/a	STATUS	n/a	n/a	DI52
1133.3520000000	n/a	n/a	STATUS	n/a	n/a	D255
1133.7440000000	n/a	n/a	STATUS	n/a	n/a	DI42
1133.7920000000	n/a	n/a	STATUS	n/a	n/a	D255
1147.6800000000	n/a	n/a	STATUS	n/a	n/a	DIN5
1147.7280000000	n/a	n/a	STATUS	n/a	n/a	D255
1148.2080000000	n/a	n/a	STATUS	n/a	n/a	D160
1148.2600000000	n/a	n/a	STATUS	n/a	n/a	D255
1148.2960000000	n/a	n/a	STATUS	n/a	n/a	DI54
1148.3480000000	n/a	n/a	STATUS	n/a	n/a	D255
1148.6560000000	n/a	n/a	STATUS	n/a	n/a	DI34
1148.7080000000	n/a	n/a	STATUS	n/a	n/a	D255
1148.9680000000	n/a	n/a	STATUS	n/a	n/a	DIN5
1149.0160000000	n/a	n/a	STATUS	n/a	n/a	D255
1149.4880000000	n/a	n/a	STATUS	n/a	n/a	D172
1149.5360000000	n/a	n/a	STATUS	n/a	n/a	D255
1149.5720000000	n/a	n/a	STATUS	n/a	n/a	DI52
1149.6240000000	n/a	n/a	STATUS	n/a	n/a	D255
1150.1360000000	n/a	n/a	STATUS	n/a	n/a	DI42
1150.1880000000	n/a	n/a	STATUS	n/a	n/a	D255
1150.4440000000	n/a	n/a	STATUS	n/a	n/a	DIN5
1150.4960000000	n/a	n/a	STATUS	n/a	n/a	D255
1150.8160000000	n/a	n/a	STATUS	n/a	n/a	DI68
1150.8640000000	n/a	n/a	STATUS	n/a	n/a	D255
1150.9040000000	n/a	n/a	STATUS	n/a	n/a	DI54
1150.9520000000	n/a	n/a	STATUS	n/a	n/a	D255
1151.2640000000	n/a	n/a	STATUS	n/a	n/a	DI34
1151.3160000000	n/a	n/a	STATUS	n/a	n/a	D255
1151.5720000000	n/a	n/a	STATUS	n/a	n/a	DIN5
1151.6240000000	n/a	n/a	STATUS	n/a	n/a	D255
1151.9440000000	n/a	n/a	STATUS	n/a	n/a	D236
1151.9920000000	n/a	n/a	STATUS	n/a	n/a	D255
1152.0320000000	n/a	n/a	STATUS	n/a	n/a	DI51
1152.0800000000	n/a	n/a	STATUS	n/a	n/a	D255
1152.5360000000	n/a	n/a	STATUS	n/a	n/a	DI31
1152.5840000000	n/a	n/a	STATUS	n/a	n/a	D255
1152.8440000000	n/a	n/a	STATUS	n/a	n/a	DIN5
1152.8960000000	n/a	n/a	STATUS	n/a	n/a	D255
1153.2000000000	n/a	n/a	STATUS	n/a	n/a	D234
1153.2480000000	n/a	n/a	STATUS	n/a	n/a	D255
1153.2880000000	n/a	n/a	STATUS	n/a	n/a	DI52
1153.3360000000	n/a	n/a	STATUS	n/a	n/a	D255
1153.7680000000	n/a	n/a	STATUS	n/a	n/a	DI42
1153.8200000000	n/a	n/a	STATUS	n/a	n/a	D255
1154.0760000000	n/a	n/a	STATUS	n/a	n/a	DIN5
1154.1280000000	n/a	n/a	STATUS	n/a	n/a	D255
1154.4680000000	n/a	n/a	STATUS	n/a	n/a	D212
1154.5160000000	n/a	n/a	STATUS	n/a	n/a	D255
1154.5560000000	n/a	n/a	STATUS	n/a	n/a	DI51
1154.6040000000	n/a	n/a	STATUS	n/a	n/a	D255
1154.9960000000	n/a	n/a	STATUS	n/a	n/a	DI31
1155.0440000000	n/a	n/a	STATUS	n/a	n/a	D255
1155.3040000000	n/a	n/a	STATUS	n/a	n/a	DIN5
1155.3560000000	n/a	n/a	STATUS	n/a	n/a	D255
1155.8160000000	n/a	n/a	STATUS	n/a	n/a	D237
1155.8640000000	n/a	n/a	STATUS	n/a	n/a	D255
1155.9040000000	n/a	n/a	STATUS	n/a	n/a	DI54
1155.9520000000	n/a	n/a	STATUS	n/a	n/a	D255
1156.2560000000	n/a	n/a	STATUS	n/a	n/a	DI34
1156.3080000000	n/a	n/a	STATUS	n/a	n/a	D255
1156.5680000000	n/a	n/a	STATUS	n/a	n/a	DIN5
1156.6160000000	n/a	n/a	STATUS	n/a	n/a	D255
1157.0600000000	n/a	n/a	STATUS	n/a	n/a	D184
1157.1120000000	n/a	n/a	STATUS	n/a	n/a	D255
1157.1520000000	n/a	n/a	STATUS	n/a	n/a	DI54
1157.2000000000	n/a	n/a	STATUS	n/a	n/a	D255
1157.4920000000	n/a	n/a	STATUS	n/a	n/a	DI34
1157.5400000000	n/a	n/a	STATUS	n/a	n/a	D255
1157.8000000000	n/a	n/a	STATUS	n/a	n/a	DIN5
1157.8520000000	n/a	n/a	STATUS	n/a	n/a	D255
1158.1640000000	n/a	n/a	STATUS	n/a	n/a	DI72
1158.2160000000	n/a	n/a	STATUS	n/a	n/a	D255
1158.2520000000	n/a	n/a	STATUS	n/a	n/a	DI52
1158.3040000000	n/a	n/a	STATUS	n/a	n/a	D255
1158.6760000000	n/a	n/a	STATUS	n/a	n/a	DI42
1158.7280000000	n/a	n/a	STATUS	n/a	n/a	D255
1158.9880000000	n/a	n/a	STATUS	n/a	n/a	DIN5
1159.0360000000	n/a	n/a	STATUS	n/a	n/a	D255
1159.5120000000	n/a	n/a	STATUS	n/a	n/a	DI66
1159.5600000000	n/a	n/a	STATUS	n/a	n/a	D255
1159.6000000000	n/a	n/a	STATUS	n/a	n/a	DI53
1159.6480000000	n/a	n/a	STATUS	n/a	n/a	D255
1159.9600000000	n/a	n/a	STATUS	n/a	n/a	DI43
1160.0080000000	n/a	n/a	STATUS	n/a	n/a	D255
1160.2680000000	n/a	n/a	STATUS	n/a	n/a	DIN5
1160.3200000000	n/a	n/a	STATUS	n/a	n/a	D255
1160.6440000000	n/a	n/a	STATUS	n/a	n/a	D133
1160.6920000000	n/a	n/a	STATUS	n/a	n/a	D255
1160.7320000000	n/a	n/a	STATUS	n/a	n/a	DI53
1160.7800000000	n/a	n/a	STATUS	n/a	n/a	D255
1161.0760000000	n/a	n/a	STATUS	n/a	n/a	DI43
1161.1280000000	n/a	n/a	STATUS	n/a	n/a	D255
1161.3880000000	n/a	n/a	STATUS	n/a	n/a	DIN5
1161.4360000000	n/a	n/a	STATUS	n/a	n/a	D255
1161.7760000000	n/a	n/a	STATUS	n/a	n/a	D123
1161.8280000000	n/a	n/a	STATUS	n/a	n/a	D255
1161.8640000000	n/a	n/a	STATUS	n/a	n/a	DI51
1161.9160000000	n/a	n/a	STATUS	n/a	n/a	D255
1162.3000000000	n/a	n/a	STATUS	n/a	n/a	DI31
1162.3520000000	n/a	n/a	STATUS	n/a	n/a	D255
1162.6080000000	n/a	n/a	STATUS	n/a	n/a	DIN5
1162.6600000000	n/a	n/a	STATUS	n/a	n/a	D255
1163.1440000000	n/a	n/a	STATUS	n/a	n/a	D188
1163.1960000000	n/a	n/a	STATUS	n/a	n/a	D255
1163.2320000000	n/a	n/a	STATUS	n/a	n/a	DI52
1163.2840000000	n/a	n/a	STATUS	n/a	n/a	D255
1163.6000000000	n/a	n/a	STATUS	n/a	n/a	DI12
1163.6480000000	n/a	n/a	STATUS	n/a	n/a	D255
1163.6520000000	n/a	n/a	STATUS	n/a	n/a	DIN4
1163.7040000000	n/a	n/a	STATUS	n/a	n/a	D255
1164.4600000000	n/a	n/a	STATUS	n/a	n/a	DIN5
1164.5080000000	n/a	n/a	STATUS	n/a	n/a	D255
1164.8200000000	n/a	n/a	STATUS	n/a	n/a	D111
1164.8680000000	n/a	n/a	STATUS	n/a	n/a	D255
1164.9040000000	n/a	n/a	STATUS	n/a	n/a	DI53
1164.9560000000	n/a	n/a	STATUS	n/a	n/a	D255
1165.2640000000	n/a	n/a	STATUS	n/a	n/a	DI43
1165.3160000000	n/a	n/a	STATUS	n/a	n/a	D255
1165.5720000000	n/a	n/a	STATUS	n/a	n/a	DIN5
1165.6240000000	n/a	n/a	STATUS	n/a	n/a	D255
1166.0520000000	n/a	n/a	STATUS	n/a	n/a	D159
1166.1040000000	n/a	n/a	STATUS	n/a	n/a	D255
1166.1400000000	n/a	n/a	STATUS	n/a	n/a	DI51
1166.1920000000	n/a	n/a	STATUS	n/a	n/a	D255
1166.6120000000	n/a	n/a	STATUS	n/a	n/a	DI31
1166.6640000000	n/a	n/a	STATUS	n/a	n/a	D255
1166.9200000000	n/a	n/a	STATUS	n/a	n/a	DIN5
1166.9720000000	n/a	n/a	STATUS	n/a	n/a	D255
1167.3800000000	n/a	n/a	STATUS	n/a	n/a	D153
1167.4320000000	n/a	n/a	STATUS	n/a	n/a	D255
1167.4680000000	n/a	n/a	STATUS	n/a	n/a	DI51
1167.5200000000	n/a	n/a	STATUS	n/a	n/a	D255
1167.9640000000	n/a	n/a	STATUS	n/a	n/a	DI31
1168.0120000000	n/a	n/a	STATUS	n/a	n/a	D255
1168.2720000000	n/a	n/a	STATUS	n/a	n/a	DIN5
1168.3200000000	n/a	n/a	STATUS	n/a	n/a	D255
1168.7280000000	n/a	n/a	STATUS	n/a	n/a	D244
1168.7760000000	n/a	n/a	STATUS	n/a	n/a	D255
1168.8160000000	n/a	n/a	STATUS	n/a	n/a	DI53
1168.8640000000	n/a	n/a	STATUS	n/a	n/a	D255
1169.1400000000	n/a	n/a	STATUS	n/a	n/a	DI43
1169.1920000000	n/a	n/a	STATUS	n/a	n/a	D255
1169.4520000000	n/a	n/a	STATUS	n/a	n/a	DIN5
1169.5000000000	n/a	n/a	STATUS	n/a	n/a	D255
1169.9640000000	n/a	n/a	STATUS	n/a	n/a	D163
1170.0160000000	n/a	n/a	STATUS	n/a	n/a	D255
1170.0520000000	n/a	n/a	STATUS	n/a	n/a	DI51
1170.1040000000	n/a	n/a	STATUS	n/a	n/a	D255
1170.4920000000	n/a	n/a	STATUS	n/a	n/a	DI31
1170.5400000000	n/a	n/a	STATUS	n/a	n/a	D255
1170.8000000000	n/a	n/a	STATUS	n/a	n/a	DIN5
1170.8520000000	n/a	n/a	STATUS	n/a	n/a	D255
1171.1680000000	n/a	n/a	STATUS	n/a	n/a	D187
1171.2200000000	n/a	n/a	STATUS	n/a	n/a	D255
1171.2560000000	n/a	n/a	STATUS	n/a	n/a	DI52
1171.3080000000	n/a	n/a	STATUS	n/a	n/a	D255
1171.7440000000	n/a	n/a	STATUS	n/a	n/a	DI42
1171.7960000000	n/a	n/a	STATUS	n/a	n/a	D255
1172.0520000000	n/a	n/a	STATUS	n/a	n/a	DIN5
1172.1040000000	n/a	n/a	STATUS	n/a	n/a	D255
1172.5840000000	n/a	n/a	STATUS	n/a	n/a	D174
1172.6320000000	n/a	n/a	STATUS	n/a	n/a	D255
1172.6720000000	n/a	n/a	STATUS	n/a	n/a	DI52
1172.7200000000	n/a	n/a	STATUS	n/a	n/a	D255
1173.0920000000	n/a	n/a	STATUS	n/a	n/a	DI42
1173.1440000000	n/a	n/a	STATUS	n/a	n/a	D255
1173.4040000000	n/a	n/a	STATUS	n/a	n/a	DIN5
1173.4520000000	n/a	n/a	STATUS	n/a	n/a	D255
1173.9160000000	n/a	n/a	STATUS	n/a	n/a	DI97
1173.9680000000	n/a	n/a	STATUS	n/a	n/a	D255
1174.0040000000	n/a	n/a	STATUS	n/a	n/a	DI53
1174.0520000000	n/a	n/a	STATUS	n/a	n/a	D255
1174.3720000000	n/a	n/a	STATUS	n/a	n/a	DI43
1174.4200000000	n/a	n/a	STATUS	n/a	n/a	D255
1174.6800000000	n/a	n/a	STATUS	n/a	n/a	DIN5
1174.7320000000	n/a	n/a	STATUS	n/a	n/a	D255
1175.2200000000	n/a	n/a	STATUS	n/a	n/a	D173
1175.2680000000	n/a	n/a	STATUS	n/a	n/a	D255
1175.3080000000	n/a	n/a	STATUS	n/a	n/a	DI54
1175.3600000000	n/a	n/a	STATUS	n/a	n/a	D255
1175.6320000000	n/a	n/a	STATUS	n/a	n/a	DI34
1175.6800000000	n/a	n/a	STATUS	n/a	n/a	D255
1175.9400000000	n/a	n/a	STATUS	n/a	n/a	DIN5
1175.9920000000	n/a	n/a	STATUS	n/a	n/a	D255
1176.4760000000	n/a	n/a	STATUS	n/a	n/a	D169
1176.5280000000	n/a	n/a	STATUS	n/a	n/a	D255
1176.5640000000	n/a	n/a	STATUS	n/a	n/a	DI52
1176.6160000000	n/a	n/a	STATUS	n/a	n/a	D255
1176.9560000000	n/a	n/a	STATUS	n/a	n/a	DI42
1177.0040000000	n/a	n/a	STATUS	n/a	n/a	D255
1177.2640000000	n/a	n/a	STATUS	n/a	n/a	DIN5
1177.3120000000	n/a	n/a	STATUS	n/a	n/a	D255
1177.7280000000	n/a	n/a	STATUS	n/a	n/a	D190
1177.7800000000	n/a	n/a	STATUS	n/a	n/a	D255
1177.8160000000	n/a	n/a	STATUS	n/a	n/a	DI53
1177.8680000000	n/a	n/a	STATUS	n/a	n/a	D255
1178.2400000000	n/a	n/a	STATUS	n/a	n/a	DI43
1178.2880000000	n/a	n/a	STATUS	n/a	n/a	D255
1178.5480000000	n/a	n/a	STATUS	n/a	n/a	DIN5
1178.6000000000	n/a	n/a	STATUS	n/a	n/a	D255
1178.9240000000	n/a	n/a	STATUS	n/a	n/a	D211
1178.9720000000	n/a	n/a	STATUS	n/a	n/a	D255
1179.0120000000	n/a	n/a	STATUS	n/a	n/a	DI53
1179.0600000000	n/a	n/a	STATUS	n/a	n/a	D255
1179.3480000000	n/a	n/a	STATUS	n/a	n/a	DI43
1179.4000000000	n/a	n/a	STATUS	n/a	n/a	D255
1179.6600000000	n/a	n/a	STATUS	n/a	n/a	DIN5
1179.7080000000	n/a	n/a	STATUS	n/a	n/a	D255
1180.1320000000	n/a	n/a	STATUS	n/a	n/a	D109
1180.1840000000	n/a	n/a	STATUS	n/a	n/a	D255
1180.2200000000	n/a	n/a	STATUS	n/a	n/a	DI53
1180.2720000000	n/a	n/a	STATUS	n/a	n/a	D255
1180.6280000000	n/a	n/a	STATUS	n/a	n/a	DI43
1180.6800000000	n/a	n/a	STATUS	n/a	n/a	D255
1180.9400000000	n/a	n/a	STATUS	n/a	n/a	DIN5
1180.9880000000	n/a	n/a	STATUS	n/a	n/a	D255
1181.3320000000	n/a	n/a	STATUS	n/a	n/a	D198
1181.3840000000	n/a	n/a	STATUS	n/a	n/a	D255
1181.4240000000	n/a	n/a	STATUS	n/a	n/a	DI54
1181.4720000000	n/a	n/a	STATUS	n/a	n/a	D255
1181.8040000000	n/a	n/a	STATUS	n/a	n/a	DI34
1181.8560000000	n/a	n/a	STATUS	n/a	n/a	D255
1182.1120000000	n/a	n/a	STATUS	n/a	n/a	DIN5
1182.1640000000	n/a	n/a	STATUS	n/a	n/a	D255
1182.6080000000	n/a	n/a	STATUS	n/a	n/a	D118
1182.6600000000	n/a	n/a	STATUS	n/a	n/a	D255
1182.6960000000	n/a	n/a	STATUS	n/a	n/a	DI54
1182.7480000000	n/a	n/a	STATUS	n/a	n/a	D255
1183.0160000000	n/a	n/a	STATUS	n/a	n/a	DI34
1183.0680000000	n/a	n/a	STATUS	n/a	n/a	D255
1183.3280000000	n/a	n/a	STATUS	n/a	n/a	DIN5
1183.3760000000	n/a	n/a	STATUS	n/a	n/a	D255
1183.8480000000	n/a	n/a	STATUS	n/a	n/a	D155
1183.8960000000	n/a	n/a	STATUS	n/a	n/a	D255
1183.9320000000	n/a	n/a	STATUS	n/a	n/a	DI52
1183.9840000000	n/a	n/a	STATUS	n/a	n/a	D255
1184.2880000000	n/a	n/a	STATUS	n/a	n/a	DI12
1184.3360000000	n/a	n/a	STATUS	n/a	n/a	D255
1184.3440000000	n/a	n/a	STATUS	n/a	n/a	DIN4
1184.3920000000	n/a	n/a	STATUS	n/a	n/a	D255
1185.1480000000	n/a	n/a	STATUS	n/a	n/a	DIN5
1185.1960000000	n/a	n/a	STATUS	n/a	n/a	D255
1185.5960000000	n/a	n/a	STATUS	n/a	n/a	D207
1185.6480000000	n/a	n/a	STATUS	n/a	n/a	D255
1185.6840000000	n/a	n/a	STATUS	n/a	n/a	DI53
1185.7360000000	n/a	n/a	STATUS	n/a	n/a	D255
1186.0800000000	n/a	n/a	STATUS	n/a	n/a	DI43
1186.1320000000	n/a	n/a	STATUS	n/a	n/a	D255
1186.3880000000	n/a	n/a	STATUS	n/a	n/a	DIN5
1186.4400000000	n/a	n/a	STATUS	n/a	n/a	D255
1186.8440000000	n/a	n/a	STATUS	n/a	n/a	D154
1186.8960000000	n/a	n/a	STATUS	n/a	n/a	D255
1186.9320000000	n/a	n/a	STATUS	n/a	n/a	DI52
1186.9840000000	n/a	n/a	STATUS	n/a	n/a	D255
1187.4200000000	n/a	n/a	STATUS	n/a	n/a	DI42
1187.4720000000	n/a	n/a	STATUS	n/a	n/a	D255
1187.7320000000	n/a	n/a	STATUS	n/a	n/a	DIN5
1187.7800000000	n/a	n/a	STATUS	n/a	n/a	D255
1188.1440000000	n/a	n/a	STATUS	n/a	n/a	D143
1188.1960000000	n/a	n/a	STATUS	n/a	n/a	D255
1188.2320000000	n/a	n/a	STATUS	n/a	n/a	DI51
1188.2840000000	n/a	n/a	STATUS	n/a	n/a	D255
1188.6520000000	n/a	n/a	STATUS	n/a	n/a	DI31
1188.7040000000	n/a	n/a	STATUS	n/a	n/a	D255
1188.9640000000	n/a	n/a	STATUS	n/a	n/a	DIN5
1189.0120000000	n/a	n/a	STATUS	n/a	n/a	D255
1189.4640000000	n/a	n/a	STATUS	n/a	n/a	D140
1189.5120000000	n/a	n/a	STATUS	n/a	n/a	D255
1189.5480000000	n/a	n/a	STATUS	n/a	n/a	DI54
1189.6000000000	n/a	n/a	STATUS	n/a	n/a	D255
1189.9240000000	n/a	n/a	STATUS	n/a	n/a	DI34
1189.9720000000	n/a	n/a	STATUS	n/a	n/a	D255
1190.2320000000	n/a	n/a	STATUS	n/a	n/a	DIN5
1190.2800000000	n/a	n/a	STATUS	n/a	n/a	D255
1190.6680000000	n/a	n/a	STATUS	n/a	n/a	D124
1190.7160000000	n/a	n/a	STATUS	n/a	n/a	D255
1190.7560000000	n/a	n/a	STATUS	n/a	n/a	DI54
1190.8040000000	n/a	n/a	STATUS	n/a	n/a	D255
1191.1200000000	n/a	n/a	STATUS	n/a	n/a	DI34
1191.1720000000	n/a	n/a	STATUS	n/a	n/a	D255
1191.4320000000	n/a	n/a	STATUS	n/a	n/a	DIN5
1191.4800000000	n/a	n/a	STATUS	n/a	n/a	D255
1191.7960000000	n/a	n/a	STATUS	n/a	n/a	D219
1191.8440000000	n/a	n/a	STATUS	n/a	n/a	D255
1191.8840000000	n/a	n/a	STATUS	n/a	n/a	DI52
1191.9360000000	n/a	n/a	STATUS	n/a	n/a	D255
1192.3160000000	n/a	n/a	STATUS	n/a	n/a	DI42
1192.3680000000	n/a	n/a	STATUS	n/a	n/a	D255
1192.6240000000	n/a	n/a	STATUS	n/a	n/a	DIN5
1192.6760000000	n/a	n/a	STATUS	n/a	n/a	D255
1193.1800000000	n/a	n/a	STATUS	n/a	n/a	DI96
1193.2320000000	n/a	n/a	STATUS	n/a	n/a	D255
1193.2680000000	n/a	n/a	STATUS	n/a	n/a	DI51
1193.3200000000	n/a	n/a	STATUS	n/a	n/a	D255
1193.7120000000	n/a	n/a	STATUS	n/a	n/a	DI31
1193.7640000000	n/a	n/a	STATUS	n/a	n/a	D255
1194.0240000000	n/a	n/a	STATUS	n/a	n/a	DIN5
1194.0720000000	n/a	n/a	STATUS	n/a	n/a	D255
1194.5520000000	n/a	n/a	STATUS	n/a	n/a	D213
1194.6040000000	n/a	n/a	STATUS	n/a	n/a	D255
1194.6400000000	n/a	n/a	STATUS	n/a	n/a	DI52
1194.6880000000	n/a	n/a	STATUS	n/a	n/a	D255
1195.0520000000	n/a	n/a	STATUS	n/a	n/a	DI42
1195.1040000000	n/a	n/a	STATUS	n/a	n/a	D255
1195.3600000000	n/a	n/a	STATUS	n/a	n/a	DIN5
1195.4120000000	n/a	n/a	STATUS	n/a	n/a	D255
1195.8440000000	n/a	n/a	STATUS	n/a	n/a	D208
1195.8960000000	n/a	n/a	STATUS	n/a	n/a	D255
1195.9320000000	n/a	n/a	STATUS	n/a	n/a	DI54
1195.9840000000	n/a	n/a	STATUS	n/a	n/a	D255
1196.2840000000	n/a	n/a	STATUS	n/a	n/a	DI34
1196.3360000000	n/a	n/a	STATUS	n/a	n/a	D255
1196.5920000000	n/a	n/a	STATUS	n/a	n/a	DIN5
1196.6440000000	n/a	n/a	STATUS	n/a	n/a	D255
1197.0960000000	n/a	n/a	STATUS	n/a	n/a	D148
1197.1480000000	n/a	n/a	STATUS	n/a	n/a	D255
1197.1880000000	n/a	n/a	STATUS	n/a	n/a	DI51
1197.2360000000	n/a	n/a	STATUS	n/a	n/a	D255
1197.4360000000	n/a	n/a	STATUS	n/a	n/a	DI21
1197.4880000000	n/a	n/a	STATUS	n/a	n/a	D255
1197.4920000000	n/a	n/a	STATUS	n/a	n/a	DIN4
1197.5400000000	n/a	n/a	STATUS	n/a	n/a	D255
1198.2960000000	n/a	n/a	STATUS	n/a	n/a	DIN5
1198.3480000000	n/a	n/a	STATUS	n/a	n/a	D255
1198.7680000000	n/a	n/a	STATUS	n/a	n/a	DI71
1198.8160000000	n/a	n/a	STATUS	n/a	n/a	D255
1198.8560000000	n/a	n/a	STATUS	n/a	n/a	DI54
1198.9040000000	n/a	n/a	STATUS	n/a	n/a	D255
1199.2720000000	n/a	n/a	STATUS	n/a	n/a	DI34
1199.3240000000	n/a	n/a	STATUS	n/a	n/a	D255
1199.5840000000	n/a	n/a	STATUS	n/a	n/a	DIN5
1199.6320000000	n/a	n/a	STATUS	n/a	n/a	D255
1200.0480000000	n/a	n/a	STATUS	n/a	n/a	D201
1200.0960000000	n/a	n/a	STATUS	n/a	n/a	D255
1200.1320000000	n/a	n/a	STATUS	n/a	n/a	DI53
1200.1840000000	n/a	n/a	STATUS	n/a	n/a	D255
1200.4520000000	n/a	n/a	STATUS	n/a	n/a	DI43
1200.5040000000	n/a	n/a	STATUS	n/a	n/a	D255
1200.7600000000	n/a	n/a	STATUS	n/a	n/a	DIN5
1200.8120000000	n/a	n/a	STATUS	n/a	n/a	D255
1201.1200000000	n/a	n/a	STATUS	n/a	n/a	DI95
1201.1720000000	n/a	n/a	STATUS	n/a	n/a	D255
1201.2080000000	n/a	n/a	STATUS	n/a	n/a	DI53
1201.2600000000	n/a	n/a	STATUS	n/a	n/a	D255
1201.5880000000	n/a	n/a	STATUS	n/a	n/a	DI43
1201.6400000000	n/a	n/a	STATUS	n/a	n/a	D255
1201.9000000000	n/a	n/a	STATUS	n/a	n/a	DIN5
1201.9480000000	n/a	n/a	STATUS	n/a	n/a	D255
1202.2840000000	n/a	n/a	STATUS	n/a	n/a	D232
1202.3320000000	n/a	n/a	STATUS	n/a	n/a	D255
1202.3720000000	n/a	n/a	STATUS	n/a	n/a	DI54
1202.4240000000	n/a	n/a	STATUS	n/a	n/a	D255
1202.8320000000	n/a	n/a	STATUS	n/a	n/a	DI34
1202.8840000000	n/a	n/a	STATUS	n/a	n/a	D255
1203.1400000000	n/a	n/a	STATUS	n/a	n/a	DIN5
1203.1920000000	n/a	n/a	STATUS	n/a	n/a	D255
1203.5400000000	n/a	n/a	STATUS	n/a	n/a	D105
1203.5920000000	n/a	n/a	STATUS	n/a	n/a	D255
1203.6280000000	n/a	n/a	STATUS	n/a	n/a	DI51
1203.6800000000	n/a	n/a	STATUS	n/a	n/a	D255
1204.1800000000	n/a	n/a	STATUS	n/a	n/a	DI31
1204.2320000000	n/a	n/a	STATUS	n/a	n/a	D255
1204.4920000000	n/a	n/a	STATUS	n/a	n/a	DIN5
1204.5400000000	n/a	n/a	STATUS	n/a	n/a	D255
1205.0000000000	n/a	n/a	STATUS	n/a	n/a	D149
1205.0480000000	n/a	n/a	STATUS	n/a	n/a	D255
1205.0880000000	n/a	n/a	STATUS	n/a	n/a	DI53
1205.1360000000	n/a	n/a	STATUS	n/a	n/a	D255
1205.3920000000	n/a	n/a	STATUS	n/a	n/a	DI43
1205.4440000000	n/a	n/a	STATUS	n/a	n/a	D255
1205.7040000000	n/a	n/a	STATUS	n/a	n/a	DIN5
1205.7520000000	n/a	n/a	STATUS	n/a	n/a	D255
1206.1000000000	n/a	n/a	STATUS	n/a	n/a	D103
1206.1520000000	n/a	n/a	STATUS	n/a	n/a	D255
1206.1880000000	n/a	n/a	STATUS	n/a	n/a	DI53
1206.2400000000	n/a	n/a	STATUS	n/a	n/a	D255
1206.5720000000	n/a	n/a	STATUS	n/a	n/a	DI43
1206.6240000000	n/a	n/a	STATUS	n/a	n/a	D255
1206.8840000000	n/a	n/a	STATUS	n/a	n/a	DIN5
1206.9320000000	n/a	n/a	STATUS	n/a	n/a	D255
1207.4320000000	n/a	n/a	STATUS	n/a	n/a	D185
1207.4840000000	n/a	n/a	STATUS	n/a	n/a	D255
1207.5200000000	n/a	n/a	STATUS	n/a	n/a	DI54
1207.5680000000	n/a	n/a	STATUS	n/a	n/a	D255
1207.8600000000	n/a	n/a	STATUS	n/a	n/a	DI34
1207.9120000000	n/a	n/a	STATUS	n/a	n/a	D255
1208.1720000000	n/a	n/a	STATUS	n/a	n/a	DIN5
1208.2200000000	n/a	n/a	STATUS	n/a	n/a	D255
1208.7200000000	n/a	n/a	STATUS	n/a	n/a	DI85
1208.7720000000	n/a	n/a	STATUS	n/a	n/a	D255
1208.8080000000	n/a	n/a	STATUS	n/a	n/a	DI51
1208.8560000000	n/a	n/a	STATUS	n/a	n/a	D255
1209.1440000000	n/a	n/a	STATUS	n/a	n/a	DI21
1209.1920000000	n/a	n/a	STATUS	n/a	n/a	D255
1209.1960000000	n/a	n/a	STATUS	n/a	n/a	DIN4
1209.2480000000	n/a	n/a	STATUS	n/a	n/a	D255
1210.0040000000	n/a	n/a	STATUS	n/a	n/a	DIN5
1210.0520000000	n/a	n/a	STATUS	n/a	n/a	D255
1210.3560000000	n/a	n/a	STATUS	n/a	n/a	D240
1210.4080000000	n/a	n/a	STATUS	n/a	n/a	D255
1210.4440000000	n/a	n/a	STATUS	n/a	n/a	DI52
1210.4960000000	n/a	n/a	STATUS	n/a	n/a	D255
1211.0280000000	n/a	n/a	STATUS	n/a	n/a	DI42
1211.0800000000	n/a	n/a	STATUS	n/a	n/a	D255
1211.3360000000	n/a	n/a	STATUS	n/a	n/a	DIN5
1211.3880000000	n/a	n/a	STATUS	n/a	n/a	D255
1211.6960000000	n/a	n/a	STATUS	n/a	n/a	DI92
1211.7480000000	n/a	n/a	STATUS	n/a	n/a	D255
1211.7840000000	n/a	n/a	STATUS	n/a	n/a	DI51
1211.8320000000	n/a	n/a	STATUS	n/a	n/a	D255
1212.2240000000	n/a	n/a	STATUS	n/a	n/a	DI31
1212.2720000000	n/a	n/a	STATUS	n/a	n/a	D255
1212.5320000000	n/a	n/a	STATUS	n/a	n/a	DIN5
1212.5840000000	n/a	n/a	STATUS	n/a	n/a	D255
1213.0800000000	n/a	n/a	STATUS	n/a	n/a	D238
1213.1320000000	n/a	n/a	STATUS	n/a	n/a	D255
1213.1680000000	n/a	n/a	STATUS	n/a	n/a	DI51
1213.2200000000	n/a	n/a	STATUS	n/a	n/a	D255
1213.6600000000	n/a	n/a	STATUS	n/a	n/a	DI31
1213.7120000000	n/a	n/a	STATUS	n/a	n/a	D255
1213.9680000000	n/a	n/a	STATUS	n/a	n/a	DIN5
1214.0200000000	n/a	n/a	STATUS	n/a	n/a	D255
1214.4120000000	n/a	n/a	STATUS	n/a	n/a	D193
1214.4640000000	n/a	n/a	STATUS	n/a	n/a	D255
1214.5040000000	n/a	n/a	STATUS	n/a	n/a	DI54
1214.5520000000	n/a	n/a	STATUS	n/a	n/a	D255
1214.8880000000	n/a	n/a	STATUS	n/a	n/a	DI34
1214.9400000000	n/a	n/a	STATUS	n/a	n/a	D255
1215.2000000000	n/a	n/a	STATUS	n/a	n/a	DIN5
1215.2480000000	n/a	n/a	STATUS	n/a	n/a	D255
1215.6080000000	n/a	n/a	STATUS	n/a	n/a	D112
1215.6600000000	n/a	n/a	STATUS	n/a	n/a	D255
1215.6960000000	n/a	n/a	STATUS	n/a	n/a	DI53
1215.7440000000	n/a	n/a	STATUS	n/a	n/a	D255
1216.0640000000	n/a	n/a	STATUS	n/a	n/a	DI43
1216.1160000000	n/a	n/a	STATUS	n/a	n/a	D255
1216.3720000000	n/a	n/a	STATUS	n/a	n/a	DIN5
1216.4240000000	n/a	n/a	STATUS	n/a	n/a	D255
1216.8960000000	n/a	n/a	STATUS	n/a	n/a	D101
1216.9480000000	n/a	n/a	STATUS	n/a	n/a	D255
1216.9840000000	n/a	n/a	STATUS	n/a	n/a	DI51
1217.0360000000	n/a	n/a	STATUS	n/a	n/a	D255
1217.4920000000	n/a	n/a	STATUS	n/a	n/a	DI31
1217.5440000000	n/a	n/a	STATUS	n/a	n/a	D255
1217.8000000000	n/a	n/a	STATUS	n/a	n/a	DIN5
1217.8520000000	n/a	n/a	STATUS	n/a	n/a	D255
1218.2840000000	n/a	n/a	STATUS	n/a	n/a	D122
1218.3360000000	n/a	n/a	STATUS	n/a	n/a	D255
1218.3720000000	n/a	n/a	STATUS	n/a	n/a	DI52
1218.4240000000	n/a	n/a	STATUS	n/a	n/a	D255
1218.7880000000	n/a	n/a	STATUS	n/a	n/a	DI42
1218.8400000000	n/a	n/a	STATUS	n/a	n/a	D255
1219.1000000000	n/a	n/a	STATUS	n/a	n/a	DIN5
1219.1480000000	n/a	n/a	STATUS	n/a	n/a	D255
1219.4760000000	n/a	n/a	STATUS	n/a	n/a	D137
1219.5280000000	n/a	n/a	STATUS	n/a	n/a	D255
1219.5640000000	n/a	n/a	STATUS	n/a	n/a	DI52
1219.6160000000	n/a	n/a	STATUS	n/a	n/a	D255
1219.9720000000	n/a	n/a	STATUS	n/a	n/a	DI42
1220.0240000000	n/a	n/a	STATUS	n/a	n/a	D255
1220.2800000000	n/a	n/a	STATUS	n/a	n/a	DIN5
1220.3320000000	n/a	n/a	STATUS	n/a	n/a	D255
1220.6600000000	n/a	n/a	STATUS	n/a	n/a	D150
1220.7120000000	n/a	n/a	STATUS	n/a	n/a	D255
1220.7480000000	n/a	n/a	STATUS	n/a	n/a	DI52
1220.8000000000	n/a	n/a	STATUS	n/a	n/a	D255
1221.1520000000	n/a	n/a	STATUS	n/a	n/a	DI42
1221.2040000000	n/a	n/a	STATUS	n/a	n/a	D255
1221.4640000000	n/a	n/a	STATUS	n/a	n/a	DIN5
1221.5120000000	n/a	n/a	STATUS	n/a	n/a	D255
1221.8240000000	n/a	n/a	STATUS	n/a	n/a	D191
1221.8720000000	n/a	n/a	STATUS	n/a	n/a	D255
1221.9080000000	n/a	n/a	STATUS	n/a	n/a	DI52
1221.9600000000	n/a	n/a	STATUS	n/a	n/a	D255
1222.2600000000	n/a	n/a	STATUS	n/a	n/a	DI42
1222.3080000000	n/a	n/a	STATUS	n/a	n/a	D255
1222.5680000000	n/a	n/a	STATUS	n/a	n/a	DIN5
1222.6200000000	n/a	n/a	STATUS	n/a	n/a	D255
1222.9520000000	n/a	n/a	STATUS	n/a	n/a	DI67
1223.0040000000	n/a	n/a	STATUS	n/a	n/a	D255
1223.0400000000	n/a	n/a	STATUS	n/a	n/a	DI53
1223.0920000000	n/a	n/a	STATUS	n/a	n/a	D255
1223.3960000000	n/a	n/a	STATUS	n/a	n/a	DI43
1223.4440000000	n/a	n/a	STATUS	n/a	n/a	D255
1223.7040000000	n/a	n/a	STATUS	n/a	n/a	DIN5
1223.7560000000	n/a	n/a	STATUS	n/a	n/a	D255
1224.2400000000	n/a	n/a	STATUS	n/a	n/a	D243
1224.2880000000	n/a	n/a	STATUS	n/a	n/a	D255
1224.3280000000	n/a	n/a	STATUS	n/a	n/a	DI54
1224.3800000000	n/a	n/a	STATUS	n/a	n/a	D255
1224.6880000000	n/a	n/a	STATUS	n/a	n/a	DI34
1224.7360000000	n/a	n/a	STATUS	n/a	n/a	D255
1224.9960000000	n/a	n/a	STATUS	n/a	n/a	DIN5
1225.0480000000	n/a	n/a	STATUS	n/a	n/a	D255
1225.3680000000	n/a	n/a	STATUS	n/a	n/a	D171
1225.4160000000	n/a	n/a	STATUS	n/a	n/a	D255
1225.4560000000	n/a	n/a	STATUS	n/a	n/a	DI51
1225.5040000000	n/a	n/a	STATUS	n/a	n/a	D255
1225.9040000000	n/a	n/a	STATUS	n/a	n/a	DI31
1225.9520000000	n/a	n/a	STATUS	n/a	n/a	D255
1226.2120000000	n/a	n/a	STATUS	n/a	n/a	DIN5
1226.2600000000	n/a	n/a	STATUS	n/a	n/a	D255
1226.6240000000	n/a	n/a	STATUS	n/a	n/a	D176
1226.6760000000	n/a	n/a	STATUS	n/a	n/a	D255
1226.7120000000	n/a	n/a	STATUS	n/a	n/a	DI53
1226.7640000000	n/a	n/a	STATUS	n/a	n/a	D255
1227.0280000000	n/a	n/a	STATUS	n/a	n/a	DI43
1227.0800000000	n/a	n/a	STATUS	n/a	n/a	D255
1227.3400000000	n/a	n/a	STATUS	n/a	n/a	DIN5
1227.3880000000	n/a	n/a	STATUS	n/a	n/a	D255
1227.8040000000	n/a	n/a	STATUS	n/a	n/a	D239
1227.8520000000	n/a	n/a	STATUS	n/a	n/a	D255
1227.8920000000	n/a	n/a	STATUS	n/a	n/a	DI53
1227.9400000000	n/a	n/a	STATUS	n/a	n/a	D255
1228.3200000000	n/a	n/a	STATUS	n/a	n/a	DI43
1228.3680000000	n/a	n/a	STATUS	n/a	n/a	D255
1228.6280000000	n/a	n/a	STATUS	n/a	n/a	DIN5
1228.6760000000	n/a	n/a	STATUS	n/a	n/a	D255
1229.1400000000	n/a	n/a	STATUS	n/a	n/a	D166
1229.1920000000	n/a	n/a	STATUS	n/a	n/a	D255
1229.2280000000	n/a	n/a	STATUS	n/a	n/a	DI52
1229.2800000000	n/a	n/a	STATUS	n/a	n/a	D255
1229.6120000000	n/a	n/a	STATUS	n/a	n/a	DI12
1229.6600000000	n/a	n/a	STATUS	n/a	n/a	D255
1229.6640000000	n/a	n/a	STATUS	n/a	n/a	DIN4
1229.7160000000	n/a	n/a	STATUS	n/a	n/a	D255
1230.4720000000	n/a	n/a	STATUS	n/a	n/a	DIN5
1230.5200000000	n/a	n/a	STATUS	n/a	n/a	D255
1231.0200000000	n/a	n/a	STATUS	n/a	n/a	DI84
1231.0720000000	n/a	n/a	STATUS	n/a	n/a	D255
1231.1080000000	n/a	n/a	STATUS	n/a	n/a	DI51
1231.1600000000	n/a	n/a	STATUS	n/a	n/a	D255
1231.6200000000	n/a	n/a	STATUS	n/a	n/a	DI31
1231.6680000000	n/a	n/a	STATUS	n/a	n/a	D255
1231.9280000000	n/a	n/a	STATUS	n/a	n/a	DIN5
1231.9800000000	n/a	n/a	STATUS	n/a	n/a	D255
1232.3560000000	n/a	n/a	STATUS	n/a	n/a	D200
1232.4080000000	n/a	n/a	STATUS	n/a	n/a	D255
1232.4440000000	n/a	n/a	STATUS	n/a	n/a	DI52
1232.4960000000	n/a	n/a	STATUS	n/a	n/a	D255
1232.8640000000	n/a	n/a	STATUS	n/a	n/a	DI42
1232.9120000000	n/a	n/a	STATUS	n/a	n/a	D255
1233.1720000000	n/a	n/a	STATUS	n/a	n/a	DIN5
1233.2240000000	n/a	n/a	STATUS	n/a	n/a	D255
1233.6520000000	n/a	n/a	STATUS	n/a	n/a	DI77
1233.7000000000	n/a	n/a	STATUS	n/a	n/a	D255
1233.7400000000	n/a	n/a	STATUS	n/a	n/a	DI54
1233.7880000000	n/a	n/a	STATUS	n/a	n/a	D255
1234.0920000000	n/a	n/a	STATUS	n/a	n/a	DI34
1234.1440000000	n/a	n/a	STATUS	n/a	n/a	D255
1234.4040000000	n/a	n/a	STATUS	n/a	n/a	DIN5
1234.4520000000	n/a	n/a	STATUS	n/a	n/a	D255
1234.9160000000	n/a	n/a	STATUS	n/a	n/a	DI99
1234.9680000000	n/a	n/a	STATUS	n/a	n/a	D255
1235.0040000000	n/a	n/a	STATUS	n/a	n/a	DI52
1235.0560000000	n/a	n/a	STATUS	n/a	n/a	D255
1235.4080000000	n/a	n/a	STATUS	n/a	n/a	DI42
1235.4600000000	n/a	n/a	STATUS	n/a	n/a	D255
1235.7200000000	n/a	n/a	STATUS	n/a	n/a	DIN5
1235.7680000000	n/a	n/a	STATUS	n/a	n/a	D255
1236.2600000000	n/a	n/a	STATUS	n/a	n/a	D107
1236.3080000000	n/a	n/a	STATUS	n/a	n/a	D255
1236.3440000000	n/a	n/a	STATUS	n/a	n/a	DI51
1236.3960000000	n/a	n/a	STATUS	n/a	n/a	D255
1236.8320000000	n/a	n/a	STATUS	n/a	n/a	DI31
1236.8840000000	n/a	n/a	STATUS	n/a	n/a	D255
1237.1440000000	n/a	n/a	STATUS	n/a	n/a	DIN5
1237.1920000000	n/a	n/a	STATUS	n/a	n/a	D255
1237.6520000000	n/a	n/a	STATUS	n/a	n/a	D228
1237.7040000000	n/a	n/a	STATUS	n/a	n/a	D255
1237.7400000000	n/a	n/a	STATUS	n/a	n/a	DI54
1237.7880000000	n/a	n/a	STATUS	n/a	n/a	D255
1238.1120000000	n/a	n/a	STATUS	n/a	n/a	DI34
1238.1640000000	n/a	n/a	STATUS	n/a	n/a	D255
1238.4240000000	n/a	n/a	STATUS	n/a	n/a	DIN5
1238.4720000000	n/a	n/a	STATUS	n/a	n/a	D255
1238.9080000000	n/a	n/a	STATUS	n/a	n/a	D127
1238.9560000000	n/a	n/a	STATUS	n/a	n/a	D255
1238.9960000000	n/a	n/a	STATUS	n/a	n/a	DI54
1239.0440000000	n/a	n/a	STATUS	n/a	n/a	D255
1239.3400000000	n/a	n/a	STATUS	n/a	n/a	DI34
1239.3880000000	n/a	n/a	STATUS	n/a	n/a	D255
1239.6480000000	n/a	n/a	STATUS	n/a	n/a	DIN5
1239.7000000000	n/a	n/a	STATUS	n/a	n/a	D255
1240.1000000000	n/a	n/a	STATUS	n/a	n/a	DI94
1240.1480000000	n/a	n/a	STATUS	n/a	n/a	D255
1240.1880000000	n/a	n/a	STATUS	n/a	n/a	DI53
1240.2360000000	n/a	n/a	STATUS	n/a	n/a	D255
1240.4760000000	n/a	n/a	STATUS	n/a	n/a	DI43
1240.5240000000	n/a	n/a	STATUS	n/a	n/a	D255
1240.7840000000	n/a	n/a	STATUS	n/a	n/a	DIN5
1240.8320000000	n/a	n/a	STATUS	n/a	n/a	D255
1241.3040000000	n/a	n/a	STATUS	n/a	n/a	D224
1241.3520000000	n/a	n/a	STATUS	n/a	n/a	D255
1241.3920000000	n/a	n/a	STATUS	n/a	n/a	DI51
1241.4400000000	n/a	n/a	STATUS	n/a	n/a	D255
1241.8640000000	n/a	n/a	STATUS	n/a	n/a	DI31
1241.9160000000	n/a	n/a	STATUS	n/a	n/a	D255
1242.1720000000	n/a	n/a	STATUS	n/a	n/a	DIN5
1242.2240000000	n/a	n/a	STATUS	n/a	n/a	D255
1242.7000000000	n/a	n/a	STATUS	n/a	n/a	DI78
1242.7480000000	n/a	n/a	STATUS	n/a	n/a	D255
1242.7880000000	n/a	n/a	STATUS	n/a	n/a	DI54
1242.8360000000	n/a	n/a	STATUS	n/a	n/a	D255
1243.1360000000	n/a	n/a	STATUS	n/a	n/a	DI34
1243.1840000000	n/a	n/a	STATUS	n/a	n/a	D255
1243.4440000000	n/a	n/a	STATUS	n/a	n/a	DIN5
1243.4960000000	n/a	n/a	STATUS	n/a	n/a	D255
1243.8320000000	n/a	n/a	STATUS	n/a	n/a	D170
1243.8840000000	n/a	n/a	STATUS	n/a	n/a	D255
1243.9200000000	n/a	n/a	STATUS	n/a	n/a	DI52
1243.9720000000	n/a	n/a	STATUS	n/a	n/a	D255
1244.3600000000	n/a	n/a	STATUS	n/a	n/a	DI42
1244.4120000000	n/a	n/a	STATUS	n/a	n/a	D255
1244.6680000000	n/a	n/a	STATUS	n/a	n/a	DIN5
1244.7200000000	n/a	n/a	STATUS	n/a	n/a	D255
1245.1040000000	n/a	n/a	STATUS	n/a	n/a	D158
1245.1560000000	n/a	n/a	STATUS	n/a	n/a	D255
1245.1920000000	n/a	n/a	STATUS	n/a	n/a	DI51
1245.2440000000	n/a	n/a	STATUS	n/a	n/a	D255
1245.6640000000	n/a	n/a	STATUS	n/a	n/a	DI31
1245.7120000000	n/a	n/a	STATUS	n/a	n/a	D255
1245.9720000000	n/a	n/a	STATUS	n/a	n/a	DIN5
1246.0240000000	n/a	n/a	STATUS	n/a	n/a	D255
1246.4280000000	n/a	n/a	STATUS	n/a	n/a	D254
1246.4760000000	n/a	n/a	STATUS	n/a	n/a	D255
1246.5120000000	n/a	n/a	STATUS	n/a	n/a	DI54
1246.5640000000	n/a	n/a	STATUS	n/a	n/a	D255
1246.9240000000	n/a	n/a	STATUS	n/a	n/a	DI34
1246.9720000000	n/a	n/a	STATUS	n/a	n/a	D255
1247.2320000000	n/a	n/a	STATUS	n/a	n/a	DIN5
1247.2840000000	n/a	n/a	STATUS	n/a	n/a	D255
1247.5960000000	n/a	n/a	STATUS	n/a	n/a	D242
1247.6480000000	n/a	n/a	STATUS	n/a	n/a	D255
1247.6840000000	n/a	n/a	STATUS	n/a	n/a	DI53
1247.7360000000	n/a	n/a	STATUS	n/a	n/a	D255
1248.0560000000	n/a	n/a	STATUS	n/a	n/a	DI43
1248.1080000000	n/a	n/a	STATUS	n/a	n/a	D255
1248.3680000000	n/a	n/a	STATUS	n/a	n/a	DIN5
1248.4160000000	n/a	n/a	STATUS	n/a	n/a	D255
1248.8480000000	n/a	n/a	STATUS	n/a	n/a	D125
1248.8960000000	n/a	n/a	STATUS	n/a	n/a	D255
1248.9360000000	n/a	n/a	STATUS	n/a	n/a	DI54
1248.9840000000	n/a	n/a	STATUS	n/a	n/a	D255
1249.2840000000	n/a	n/a	STATUS	n/a	n/a	DI34
1249.3360000000	n/a	n/a	STATUS	n/a	n/a	D255
1249.5960000000	n/a	n/a	STATUS	n/a	n/a	DIN5
1249.6440000000	n/a	n/a	STATUS	n/a	n/a	D255
1249.9720000000	n/a	n/a	STATUS	n/a	n/a	D128
1250.0240000000	n/a	n/a	STATUS	n/a	n/a	D255
1250.0640000000	n/a	n/a	STATUS	n/a	n/a	DI52
1250.1120000000	n/a	n/a	STATUS	n/a	n/a	D255
1250.4720000000	n/a	n/a	STATUS	n/a	n/a	DI42
1250.5240000000	n/a	n/a	STATUS	n/a	n/a	D255
1250.7840000000	n/a	n/a	STATUS	n/a	n/a	DIN5
1250.8360000000	n/a	n/a	STATUS	n/a	n/a	D255
1251.2840000000	n/a	n/a	STATUS	n/a	n/a	D205
1251.3320000000	n/a	n/a	STATUS	n/a	n/a	D255
1251.3720000000	n/a	n/a	STATUS	n/a	n/a	DI52
1251.4200000000	n/a	n/a	STATUS	n/a	n/a	D255
1251.8000000000	n/a	n/a	STATUS	n/a	n/a	DI42
1251.8520000000	n/a	n/a	STATUS	n/a	n/a	D255
1252.1120000000	n/a	n/a	STATUS	n/a	n/a	DIN5
1252.1600000000	n/a	n/a	STATUS	n/a	n/a	D255
1252.6560000000	n/a	n/a	STATUS	n/a	n/a	D202
1252.7040000000	n/a	n/a	STATUS	n/a	n/a	D255
1252.7440000000	n/a	n/a	STATUS	n/a	n/a	DI53
1252.7920000000	n/a	n/a	STATUS	n/a	n/a	D255
1253.1040000000	n/a	n/a	STATUS	n/a	n/a	DI43
1253.1520000000	n/a	n/a	STATUS	n/a	n/a	D255
1253.4120000000	n/a	n/a	STATUS	n/a	n/a	DIN5
1253.4640000000	n/a	n/a	STATUS	n/a	n/a	D255
1253.8520000000	n/a	n/a	STATUS	n/a	n/a	DI93
1253.9040000000	n/a	n/a	STATUS	n/a	n/a	D255
1253.9400000000	n/a	n/a	STATUS	n/a	n/a	DI51
1253.9920000000	n/a	n/a	STATUS	n/a	n/a	D255
1254.3560000000	n/a	n/a	STATUS	n/a	n/a	DI31
1254.4080000000	n/a	n/a	STATUS	n/a	n/a	D255
1254.6640000000	n/a	n/a	STATUS	n/a	n/a	DIN5
1254.7160000000	n/a	n/a	STATUS	n/a	n/a	D255
1255.1120000000	n/a	n/a	STATUS	n/a	n/a	D189
1255.1600000000	n/a	n/a	STATUS	n/a	n/a	D255
1255.2000000000	n/a	n/a	STATUS	n/a	n/a	DI51
1255.2480000000	n/a	n/a	STATUS	n/a	n/a	D255
1255.7080000000	n/a	n/a	STATUS	n/a	n/a	DI31
1255.7600000000	n/a	n/a	STATUS	n/a	n/a	D255
1256.0160000000	n/a	n/a	STATUS	n/a	n/a	DIN5
1256.0680000000	n/a	n/a	STATUS	n/a	n/a	D255
1256.4960000000	n/a	n/a	STATUS	n/a	n/a	D110
1256.5480000000	n/a	n/a	STATUS	n/a	n/a	D255
1256.5840000000	n/a	n/a	STATUS	n/a	n/a	DI53
1256.6360000000	n/a	n/a	STATUS	n/a	n/a	D255
1256.9080000000	n/a	n/a	STATUS	n/a	n/a	DI43
1256.9560000000	n/a	n/a	STATUS	n/a	n/a	D255
1257.2160000000	n/a	n/a	STATUS	n/a	n/a	DIN5
1257.2680000000	n/a	n/a	STATUS	n/a	n/a	D255
1257.7280000000	n/a	n/a	STATUS	n/a	n/a	D151
1257.7760000000	n/a	n/a	STATUS	n/a	n/a	D255
1257.8160000000	n/a	n/a	STATUS	n/a	n/a	DI54
1257.8640000000	n/a	n/a	STATUS	n/a	n/a	D255
1258.1720000000	n/a	n/a	STATUS	n/a	n/a	DI34
1258.2240000000	n/a	n/a	STATUS	n/a	n/a	D255
1258.4800000000	n/a	n/a	STATUS	n/a	n/a	DIN5
1258.5320000000	n/a	n/a	STATUS	n/a	n/a	D255
1258.9600000000	n/a	n/a	STATUS	n/a	n/a	D249
1259.0120000000	n/a	n/a	STATUS	n/a	n/a	D255
1259.0480000000	n/a	n/a	STATUS	n/a	n/a	DI51
1259.1000000000	n/a	n/a	STATUS	n/a	n/a	D255
1259.4200000000	n/a	n/a	STATUS	n/a	n/a	DI21
1259.4720000000	n/a	n/a	STATUS	n/a	n/a	D255
1259.4760000000	n/a	n/a	STATUS	n/a	n/a	DIN4
1259.5280000000	n/a	n/a	STATUS	n/a	n/a	D255
1260.2800000000	n/a	n/a	STATUS	n/a	n/a	DIN5
1260.3320000000	n/a	n/a	STATUS	n/a	n/a	D255
1260.6520000000	n/a	n/a	STATUS	n/a	n/a	D130
1260.7000000000	n/a	n/a	STATUS	n/a	n/a	D255
1260.7360000000	n/a	n/a	STATUS	n/a	n/a	DI53
1260.7880000000	n/a	n/a	STATUS	n/a	n/a	D255
1261.1240000000	n/a	n/a	STATUS	n/a	n/a	DI43
1261.1720000000	n/a	n/a	STATUS	n/a	n/a	D255
1261.4320000000	n/a	n/a	STATUS	n/a	n/a	DIN5
1261.4840000000	n/a	n/a	STATUS	n/a	n/a	D255
1261.8480000000	n/a	n/a	STATUS	n/a	n/a	DI89
1261.8960000000	n/a	n/a	STATUS	n/a	n/a	D255
1261.9360000000	n/a	n/a	STATUS	n/a	n/a	DI52
1261.9840000000	n/a	n/a	STATUS	n/a	n/a	D255
1262.3480000000	n/a	n/a	STATUS	n/a	n/a	DI42
1262.4000000000	n/a	n/a	STATUS	n/a	n/a	D255
1262.6560000000	n/a	n/a	STATUS	n/a	n/a	DIN5
1262.7080000000	n/a	n/a	STATUS	n/a	n/a	D255
1263.2000000000	n/a	n/a	STATUS	n/a	n/a	D196
1263.2520000000	n/a	n/a	STATUS	n/a	n/a	D255
1263.2920000000	n/a	n/a	STATUS	n/a	n/a	DI54
1263.3400000000	n/a	n/a	STATUS	n/a	n/a	D255
1263.6560000000	n/a	n/a	STATUS	n/a	n/a	DI34
1263.7040000000	n/a	n/a	STATUS	n/a	n/a	D255
1263.9640000000	n/a	n/a	STATUS	n/a	n/a	DIN5
1264.0160000000	n/a	n/a	STATUS	n/a	n/a	D255
1264.3240000000	n/a	n/a	STATUS	n/a	n/a	D199
1264.3720000000	n/a	n/a	STATUS	n/a	n/a	D255
1264.4120000000	n/a	n/a	STATUS	n/a	n/a	DI51
1264.4600000000	n/a	n/a	STATUS	n/a	n/a	D255
1264.7320000000	n/a	n/a	STATUS	n/a	n/a	DI21
1264.7840000000	n/a	n/a	STATUS	n/a	n/a	D255
1264.7880000000	n/a	n/a	STATUS	n/a	n/a	DIN4
1264.8400000000	n/a	n/a	STATUS	n/a	n/a	D255
1265.5920000000	n/a	n/a	STATUS	n/a	n/a	DIN5
1265.6440000000	n/a	n/a	STATUS	n/a	n/a	D255
1265.9960000000	n/a	n/a	STATUS	n/a	n/a	D106
1266.0480000000	n/a	n/a	STATUS	n/a	n/a	D255
1266.0840000000	n/a	n/a	STATUS	n/a	n/a	DI54
1266.1360000000	n/a	n/a	STATUS	n/a	n/a	D255
1266.5120000000	n/a	n/a	STATUS	n/a	n/a	DI34
1266.5600000000	n/a	n/a	STATUS	n/a	n/a	D255
1266.8200000000	n/a	n/a	STATUS	n/a	n/a	DIN5
1266.8720000000	n/a	n/a	STATUS	n/a	n/a	D255
1267.1960000000	n/a	n/a	STATUS	n/a	n/a	D179
1267.2440000000	n/a	n/a	STATUS	n/a	n/a	D255
1267.2840000000	n/a	n/a	STATUS	n/a	n/a	DI53
1267.3320000000	n/a	n/a	STATUS	n/a	n/a	D255
1267.6200000000	n/a	n/a	STATUS	n/a	n/a	DI43
1267.6680000000	n/a	n/a	STATUS	n/a	n/a	D255
1267.9280000000	n/a	n/a	STATUS	n/a	n/a	DIN5
1267.9760000000	n/a	n/a	STATUS	n/a	n/a	D255
1268.4760000000	n/a	n/a	STATUS	n/a	n/a	D241
1268.5280000000	n/a	n/a	STATUS	n/a	n/a	D255
1268.5640000000	n/a	n/a	STATUS	n/a	n/a	DI52
1268.6160000000	n/a	n/a	STATUS	n/a	n/a	D255
1268.9720000000	n/a	n/a	STATUS	n/a	n/a	DI12
1269.0200000000	n/a	n/a	STATUS	n/a	n/a	D255
1269.0240000000	n/a	n/a	STATUS	n/a	n/a	DIN4
1269.0760000000	n/a	n/a	STATUS	n/a	n/a	D255
1269.8320000000	n/a	n/a	STATUS	n/a	n/a	DIN5
1269.8800000000	n/a	n/a	STATUS	n/a	n/a	D255
1270.2320000000	n/a	n/a	STATUS	n/a	n/a	D215
1270.2800000000	n/a	n/a	STATUS	n/a	n/a	D255
1270.3200000000	n/a	n/a	STATUS	n/a	n/a	DI53
1270.3680000000	n/a	n/a	STATUS	n/a	n/a	D255
1270.7480000000	n/a	n/a	STATUS	n/a	n/a	DI43
1270.8000000000	n/a	n/a	STATUS	n/a	n/a	D255
1271.0560000000	n/a	n/a	STATUS	n/a	n/a	DIN5
1271.1080000000	n/a	n/a	STATUS	n/a	n/a	D255
1271.4680000000	n/a	n/a	STATUS	n/a	n/a	D203
1271.5200000000	n/a	n/a	STATUS	n/a	n/a	D255
1271.5560000000	n/a	n/a	STATUS	n/a	n/a	DI54
1271.6040000000	n/a	n/a	STATUS	n/a	n/a	D255
1271.9560000000	n/a	n/a	STATUS	n/a	n/a	DI34
1272.0080000000	n/a	n/a	STATUS	n/a	n/a	D255
1272.2680000000	n/a	n/a	STATUS	n/a	n/a	DIN5
1272.3160000000	n/a	n/a	STATUS	n/a	n/a	D255
1272.7920000000	n/a	n/a	STATUS	n/a	n/a	D119
1272.8400000000	n/a	n/a	STATUS	n/a	n/a	D255
1272.8800000000	n/a	n/a	STATUS	n/a	n/a	DI52
1272.9280000000	n/a	n/a	STATUS	n/a	n/a	D255
1273.3040000000	n/a	n/a	STATUS	n/a	n/a	DI42
1273.3560000000	n/a	n/a	STATUS	n/a	n/a	D255
1273.6120000000	n/a	n/a	STATUS	n/a	n/a	DIN5
1273.6640000000	n/a	n/a	STATUS	n/a	n/a	D255
1274.1280000000	n/a	n/a	STATUS	n/a	n/a	DI74
1274.1800000000	n/a	n/a	STATUS	n/a	n/a	D255
1274.2160000000	n/a	n/a	STATUS	n/a	n/a	DI53
1274.2680000000	n/a	n/a	STATUS	n/a	n/a	D255
1274.5720000000	n/a	n/a	STATUS	n/a	n/a	DI43
1274.6200000000	n/a	n/a	STATUS	n/a	n/a	D255
1274.8800000000	n/a	n/a	STATUS	n/a	n/a	DIN5
1274.9320000000	n/a	n/a	STATUS	n/a	n/a	D255
1275.2880000000	n/a	n/a	STATUS	n/a	n/a	D135
1275.3400000000	n/a	n/a	STATUS	n/a	n/a	D255
1275.3760000000	n/a	n/a	STATUS	n/a	n/a	DI51
1275.4280000000	n/a	n/a	STATUS	n/a	n/a	D255
1275.8080000000	n/a	n/a	STATUS	n/a	n/a	DI31
1275.8560000000	n/a	n/a	STATUS	n/a	n/a	D255
1276.1160000000	n/a	n/a	STATUS	n/a	n/a	DIN5
1276.1680000000	n/a	n/a	STATUS	n/a	n/a	D255
1276.6720000000	n/a	n/a	STATUS	n/a	n/a	D226
1276.7200000000	n/a	n/a	STATUS	n/a	n/a	D255
1276.7200000000	n/a	n/a	STATUS	n/a	n/a	D235
1276.7560000000	n/a	n/a	STATUS	n/a	n/a	DI51
1276.8080000000	n/a	n/a	STATUS	n/a	n/a	D255
1277.2040000000	n/a	n/a	STATUS	n/a	n/a	DI31
1277.2520000000	n/a	n/a	STATUS	n/a	n/a	D255
1285.1480000000	n/a	n/a	STATUS	n/a	n/a	DIN5
1285.1960000000	n/a	n/a	STATUS	n/a	n/a	D255
1285.5680000000	n/a	n/a	STATUS	n/a	n/a	DI72
1285.6160000000	n/a	n/a	STATUS	n/a	n/a	D255
1285.6560000000	n/a	n/a	STATUS	n/a	n/a	DI54
1285.7040000000	n/a	n/a	STATUS	n/a	n/a	D255
1286.0560000000	n/a	n/a	STATUS	n/a	n/a	DI34
1286.1080000000	n/a	n/a	STATUS	n/a	n/a	D255
1286.3680000000	n/a	n/a	STATUS	n/a	n/a	DIN5
1286.4160000000	n/a	n/a	STATUS	n/a	n/a	D255
1286.7920000000	n/a	n/a	STATUS	n/a	n/a	DI83
1286.8440000000	n/a	n/a	STATUS	n/a	n/a	D255
1286.8800000000	n/a	n/a	STATUS	n/a	n/a	DI51
1286.9320000000	n/a	n/a	STATUS	n/a	n/a	D255
1287.3240000000	n/a	n/a	STATUS	n/a	n/a	DI31
1287.3760000000	n/a	n/a	STATUS	n/a	n/a	D255
1287.6360000000	n/a	n/a	STATUS	n/a	n/a	DIN5
1287.6840000000	n/a	n/a	STATUS	n/a	n/a	D255
1288.0240000000	n/a	n/a	STATUS	n/a	n/a	D243
1288.0760000000	n/a	n/a	STATUS	n/a	n/a	D255
1288.1120000000	n/a	n/a	STATUS	n/a	n/a	DI51
1288.1640000000	n/a	n/a	STATUS	n/a	n/a	D255
1288.6120000000	n/a	n/a	STATUS	n/a	n/a	DI31
1288.6640000000	n/a	n/a	STATUS	n/a	n/a	D255
1288.9200000000	n/a	n/a	STATUS	n/a	n/a	DIN5
1288.9720000000	n/a	n/a	STATUS	n/a	n/a	D255
1289.4040000000	n/a	n/a	STATUS	n/a	n/a	D188
1289.4560000000	n/a	n/a	STATUS	n/a	n/a	D255
1289.4920000000	n/a	n/a	STATUS	n/a	n/a	DI53
1289.5440000000	n/a	n/a	STATUS	n/a	n/a	D255
1289.8560000000	n/a	n/a	STATUS	n/a	n/a	DI43
1289.9040000000	n/a	n/a	STATUS	n/a	n/a	D255
1290.1640000000	n/a	n/a	STATUS	n/a	n/a	DIN5
1290.2160000000	n/a	n/a	STATUS	n/a	n/a	D255
1290.5400000000	n/a	n/a	STATUS	n/a	n/a	D198
1290.5920000000	n/a	n/a	STATUS	n/a	n/a	D255
1290.6280000000	n/a	n/a	STATUS	n/a	n/a	DI52
1290.6800000000	n/a	n/a	STATUS	n/a	n/a	D255
1291.0360000000	n/a	n/a	STATUS	n/a	n/a	DI42
1291.0840000000	n/a	n/a	STATUS	n/a	n/a	D255
1291.3440000000	n/a	n/a	STATUS	n/a	n/a	DIN5
1291.3960000000	n/a	n/a	STATUS	n/a	n/a	D255
1291.7680000000	n/a	n/a	STATUS	n/a	n/a	D148
1291.8200000000	n/a	n/a	STATUS	n/a	n/a	D255
1291.8560000000	n/a	n/a	STATUS	n/a	n/a	DI51
1291.9080000000	n/a	n/a	STATUS	n/a	n/a	D255
1292.2680000000	n/a	n/a	STATUS	n/a	n/a	DI31
1292.3200000000	n/a	n/a	STATUS	n/a	n/a	D255
1292.5800000000	n/a	n/a	STATUS	n/a	n/a	DIN5
1292.6280000000	n/a	n/a	STATUS	n/a	n/a	D255
1293.0960000000	n/a	n/a	STATUS	n/a	n/a	D127
1293.1440000000	n/a	n/a	STATUS	n/a	n/a	D255
1293.1800000000	n/a	n/a	STATUS	n/a	n/a	DI52
1293.2320000000	n/a	n/a	STATUS	n/a	n/a	D255
1293.5880000000	n/a	n/a	STATUS	n/a	n/a	DI42
1293.6400000000	n/a	n/a	STATUS	n/a	n/a	D255
1293.9000000000	n/a	n/a	STATUS	n/a	n/a	DIN5
1293.9480000000	n/a	n/a	STATUS	n/a	n/a	D255
1294.3840000000	n/a	n/a	STATUS	n/a	n/a	D106
1294.4360000000	n/a	n/a	STATUS	n/a	n/a	D255
1294.4720000000	n/a	n/a	STATUS	n/a	n/a	DI51
1294.5200000000	n/a	n/a	STATUS	n/a	n/a	D255
1294.9000000000	n/a	n/a	STATUS	n/a	n/a	DI31
1294.9520000000	n/a	n/a	STATUS	n/a	n/a	D255
1295.2120000000	n/a	n/a	STATUS	n/a	n/a	DIN5
1295.2600000000	n/a	n/a	STATUS	n/a	n/a	D255
1295.7400000000	n/a	n/a	STATUS	n/a	n/a	D114
1295.7920000000	n/a	n/a	STATUS	n/a	n/a	D255
1295.8280000000	n/a	n/a	STATUS	n/a	n/a	DI52
1295.8800000000	n/a	n/a	STATUS	n/a	n/a	D255
1296.2040000000	n/a	n/a	STATUS	n/a	n/a	DI42
1296.2520000000	n/a	n/a	STATUS	n/a	n/a	D255
1296.5120000000	n/a	n/a	STATUS	n/a	n/a	DIN5
1296.5640000000	n/a	n/a	STATUS	n/a	n/a	D255
1296.9280000000	n/a	n/a	STATUS	n/a	n/a	D140
1296.9800000000	n/a	n/a	STATUS	n/a	n/a	D255
1297.0160000000	n/a	n/a	STATUS	n/a	n/a	DI54
1297.0680000000	n/a	n/a	STATUS	n/a	n/a	D255
1297.4200000000	n/a	n/a	STATUS	n/a	n/a	DI34
1297.4680000000	n/a	n/a	STATUS	n/a	n/a	D255
1297.7280000000	n/a	n/a	STATUS	n/a	n/a	DIN5
1297.7800000000	n/a	n/a	STATUS	n/a	n/a	D255
1298.2200000000	n/a	n/a	STATUS	n/a	n/a	DI75
1298.2680000000	n/a	n/a	STATUS	n/a	n/a	D255
1298.3080000000	n/a	n/a	STATUS	n/a	n/a	DI53
1298.3560000000	n/a	n/a	STATUS	n/a	n/a	D255
1298.6120000000	n/a	n/a	STATUS	n/a	n/a	DI43
1298.6640000000	n/a	n/a	STATUS	n/a	n/a	D255
1298.9240000000	n/a	n/a	STATUS	n/a	n/a	DIN5
1298.9760000000	n/a	n/a	STATUS	n/a	n/a	D255
1299.4440000000	n/a	n/a	STATUS	n/a	n/a	DI76
1299.4960000000	n/a	n/a	STATUS	n/a	n/a	D255
1299.5320000000	n/a	n/a	STATUS	n/a	n/a	DI53
1299.5800000000	n/a	n/a	STATUS	n/a	n/a	D255
1299.8560000000	n/a	n/a	STATUS	n/a	n/a	DI43
1299.9080000000	n/a	n/a	STATUS	n/a	n/a	D255
1300.1680000000	n/a	n/a	STATUS	n/a	n/a	DIN5
1300.2160000000	n/a	n/a	STATUS	n/a	n/a	D255
1300.5440000000	n/a	n/a	STATUS	n/a	n/a	DI68
1300.5960000000	n/a	n/a	STATUS	n/a	n/a	D255
1300.5960000000	n/a	n/a	STATUS	n/a	n/a	D199
1300.6320000000	n/a	n/a	STATUS	n/a	n/a	DI51
1300.6840000000	n/a	n/a	STATUS	n/a	n/a	D255
1301.0560000000	n/a	n/a	STATUS	n/a	n/a	DI31
1301.1080000000	n/a	n/a	STATUS	n/a	n/a	D255
1301.3680000000	n/a	n/a	STATUS	n/a	n/a	DIN5
1301.4160000000	n/a	n/a	STATUS	n/a	n/a	D255
1301.7280000000	n/a	n/a	STATUS	n/a	n/a	D230
1301.7760000000	n/a	n/a	STATUS	n/a	n/a	D255
1301.8160000000	n/a	n/a	STATUS	n/a	n/a	DI52
1301.8640000000	n/a	n/a	STATUS	n/a	n/a	D255
1302.3240000000	n/a	n/a	STATUS	n/a	n/a	DI42
1302.3720000000	n/a	n/a	STATUS	n/a	n/a	D255
1302.6320000000	n/a	n/a	STATUS	n/a	n/a	DIN5
1302.6840000000	n/a	n/a	STATUS	n/a	n/a	D255
1303.0680000000	n/a	n/a	STATUS	n/a	n/a	D233
1303.1160000000	n/a	n/a	STATUS	n/a	n/a	D255
1303.1520000000	n/a	n/a	STATUS	n/a	n/a	DI51
1303.2040000000	n/a	n/a	STATUS	n/a	n/a	D255
1303.6720000000	n/a	n/a	STATUS	n/a	n/a	DI31
1303.7240000000	n/a	n/a	STATUS	n/a	n/a	D255
1303.9800000000	n/a	n/a	STATUS	n/a	n/a	DIN5
1304.0320000000	n/a	n/a	STATUS	n/a	n/a	D255
1304.3600000000	n/a	n/a	STATUS	n/a	n/a	D159
1304.4120000000	n/a	n/a	STATUS	n/a	n/a	D255
1304.4480000000	n/a	n/a	STATUS	n/a	n/a	DI54
1304.5000000000	n/a	n/a	STATUS	n/a	n/a	D255
1304.8480000000	n/a	n/a	STATUS	n/a	n/a	DI34
1304.9000000000	n/a	n/a	STATUS	n/a	n/a	D255
1305.1600000000	n/a	n/a	STATUS	n/a	n/a	DIN5
1305.2080000000	n/a	n/a	STATUS	n/a	n/a	D255
1305.6920000000	n/a	n/a	STATUS	n/a	n/a	D162
1305.7440000000	n/a	n/a	STATUS	n/a	n/a	D255
1305.7800000000	n/a	n/a	STATUS	n/a	n/a	DI51
1305.8320000000	n/a	n/a	STATUS	n/a	n/a	D255
1306.2560000000	n/a	n/a	STATUS	n/a	n/a	DI31
1306.3040000000	n/a	n/a	STATUS	n/a	n/a	D255
1306.5640000000	n/a	n/a	STATUS	n/a	n/a	DIN5
1306.6160000000	n/a	n/a	STATUS	n/a	n/a	D255
1307.0880000000	n/a	n/a	STATUS	n/a	n/a	D120
1307.1400000000	n/a	n/a	STATUS	n/a	n/a	D255
1307.1760000000	n/a	n/a	STATUS	n/a	n/a	DI52
1307.2280000000	n/a	n/a	STATUS	n/a	n/a	D255
1307.5640000000	n/a	n/a	STATUS	n/a	n/a	DI42
1307.6120000000	n/a	n/a	STATUS	n/a	n/a	D255
1307.8720000000	n/a	n/a	STATUS	n/a	n/a	DIN5
1307.9240000000	n/a	n/a	STATUS	n/a	n/a	D255
1308.2680000000	n/a	n/a	STATUS	n/a	n/a	D241
1308.3160000000	n/a	n/a	STATUS	n/a	n/a	D255
1308.3560000000	n/a	n/a	STATUS	n/a	n/a	DI52
1308.4040000000	n/a	n/a	STATUS	n/a	n/a	D255
1308.8560000000	n/a	n/a	STATUS	n/a	n/a	DI42
1308.9040000000	n/a	n/a	STATUS	n/a	n/a	D255
1309.1640000000	n/a	n/a	STATUS	n/a	n/a	DIN5
1309.2120000000	n/a	n/a	STATUS	n/a	n/a	D255
1309.6920000000	n/a	n/a	STATUS	n/a	n/a	D214
1309.7440000000	n/a	n/a	STATUS	n/a	n/a	D255
1309.7800000000	n/a	n/a	STATUS	n/a	n/a	DI54
1309.8320000000	n/a	n/a	STATUS	n/a	n/a	D255
1310.1640000000	n/a	n/a	STATUS	n/a	n/a	DI34
1310.2160000000	n/a	n/a	STATUS	n/a	n/a	D255
1310.4760000000	n/a	n/a	STATUS	n/a	n/a	DIN5
1310.5240000000	n/a	n/a	STATUS	n/a	n/a	D255
1311.0200000000	n/a	n/a	STATUS	n/a	n/a	D217
1311.0720000000	n/a	n/a	STATUS	n/a	n/a	D255
1311.1080000000	n/a	n/a	STATUS	n/a	n/a	DI51
1311.1600000000	n/a	n/a	STATUS	n/a	n/a	D255
1311.5200000000	n/a	n/a	STATUS	n/a	n/a	DI31
1311.5680000000	n/a	n/a	STATUS	n/a	n/a	D255
1311.8280000000	n/a	n/a	STATUS	n/a	n/a	DIN5
1311.8800000000	n/a	n/a	STATUS	n/a	n/a	D255
1312.2520000000	n/a	n/a	STATUS	n/a	n/a	D109
1312.3040000000	n/a	n/a	STATUS	n/a	n/a	D255
1312.3400000000	n/a	n/a	STATUS	n/a	n/a	DI51
1312.3920000000	n/a	n/a	STATUS	n/a	n/a	D255
1312.6960000000	n/a	n/a	STATUS	n/a	n/a	DI31
1312.7440000000	n/a	n/a	STATUS	n/a	n/a	D255
1313.0040000000	n/a	n/a	STATUS	n/a	n/a	DIN5
1313.0560000000	n/a	n/a	STATUS	n/a	n/a	D255
1313.4240000000	n/a	n/a	STATUS	n/a	n/a	DI67
1313.4720000000	n/a	n/a	STATUS	n/a	n/a	D255
1313.5120000000	n/a	n/a	STATUS	n/a	n/a	DI53
1313.5600000000	n/a	n/a	STATUS	n/a	n/a	D255
1313.8800000000	n/a	n/a	STATUS	n/a	n/a	DI43
1313.9280000000	n/a	n/a	STATUS	n/a	n/a	D255
1314.1880000000	n/a	n/a	STATUS	n/a	n/a	DIN5
1314.2360000000	n/a	n/a	STATUS	n/a	n/a	D255
1314.5760000000	n/a	n/a	STATUS	n/a	n/a	D112
1314.6280000000	n/a	n/a	STATUS	n/a	n/a	D255
1314.6640000000	n/a	n/a	STATUS	n/a	n/a	DI52
1314.7160000000	n/a	n/a	STATUS	n/a	n/a	D255
1315.1520000000	n/a	n/a	STATUS	n/a	n/a	DI42
1315.2000000000	n/a	n/a	STATUS	n/a	n/a	D255
1315.4600000000	n/a	n/a	STATUS	n/a	n/a	DIN5
1315.5120000000	n/a	n/a	STATUS	n/a	n/a	D255
1315.8640000000	n/a	n/a	STATUS	n/a	n/a	D200
1315.9160000000	n/a	n/a	STATUS	n/a	n/a	D255
1315.9520000000	n/a	n/a	STATUS	n/a	n/a	DI53
1316.0040000000	n/a	n/a	STATUS	n/a	n/a	D255
1316.3000000000	n/a	n/a	STATUS	n/a	n/a	DI43
1316.3520000000	n/a	n/a	STATUS	n/a	n/a	D255
1316.6120000000	n/a	n/a	STATUS	n/a	n/a	DIN5
1316.6600000000	n/a	n/a	STATUS	n/a	n/a	D255
1317.0040000000	n/a	n/a	STATUS	n/a	n/a	D174
1317.0560000000	n/a	n/a	STATUS	n/a	n/a	D255
1317.0920000000	n/a	n/a	STATUS	n/a	n/a	DI52
1317.1440000000	n/a	n/a	STATUS	n/a	n/a	D255
1317.4840000000	n/a	n/a	STATUS	n/a	n/a	DI42
1317.5360000000	n/a	n/a	STATUS	n/a	n/a	D255
1317.7920000000	n/a	n/a	STATUS	n/a	n/a	DIN5
1317.8440000000	n/a	n/a	STATUS	n/a	n/a	D255
1318.2080000000	n/a	n/a	STATUS	n/a	n/a	D229
1318.2600000000	n/a	n/a	STATUS	n/a	n/a	D255
1318.2960000000	n/a	n/a	STATUS	n/a	n/a	DI52
1318.3480000000	n/a	n/a	STATUS	n/a	n/a	D255
1318.6720000000	n/a	n/a	STATUS	n/a	n/a	DI42
1318.7200000000	n/a	n/a	STATUS	n/a	n/a	D255
1318.9800000000	n/a	n/a	STATUS	n/a	n/a	DIN5
1319.0320000000	n/a	n/a	STATUS	n/a	n/a	D255
1319.5360000000	n/a	n/a	STATUS	n/a	n/a	D135
1319.5880000000	n/a	n/a	STATUS	n/a	n/a	D255
1319.6240000000	n/a	n/a	STATUS	n/a	n/a	DI53
1319.6720000000	n/a	n/a	STATUS	n/a	n/a	D255
1319.9840000000	n/a	n/a	STATUS	n/a	n/a	DI43
1320.0320000000	n/a	n/a	STATUS	n/a	n/a	D255
1320.2920000000	n/a	n/a	STATUS	n/a	n/a	DIN5
1320.3440000000	n/a	n/a	STATUS	n/a	n/a	D255
1320.6520000000	n/a	n/a	STATUS	n/a	n/a	D161
1320.7040000000	n/a	n/a	STATUS	n/a	n/a	D255
1320.7400000000	n/a	n/a	STATUS	n/a	n/a	DI53
1320.7920000000	n/a	n/a	STATUS	n/a	n/a	D255
1321.0280000000	n/a	n/a	STATUS	n/a	n/a	DI43
1321.0760000000	n/a	n/a	STATUS	n/a	n/a	D255
1321.3360000000	n/a	n/a	STATUS	n/a	n/a	DIN5
1321.3880000000	n/a	n/a	STATUS	n/a	n/a	D255
1321.8680000000	n/a	n/a	STATUS	n/a	n/a	D160
1321.9160000000	n/a	n/a	STATUS	n/a	n/a	D255
1321.9560000000	n/a	n/a	STATUS	n/a	n/a	DI51
1322.0040000000	n/a	n/a	STATUS	n/a	n/a	D255
1322.2760000000	n/a	n/a	STATUS	n/a	n/a	DI21
1322.3280000000	n/a	n/a	STATUS	n/a	n/a	D255
1322.3320000000	n/a	n/a	STATUS	n/a	n/a	DIN4
1322.3840000000	n/a	n/a	STATUS	n/a	n/a	D255
1323.1360000000	n/a	n/a	STATUS	n/a	n/a	DIN5
1323.1880000000	n/a	n/a	STATUS	n/a	n/a	D255
1323.6320000000	n/a	n/a	STATUS	n/a	n/a	D209
1323.6800000000	n/a	n/a	STATUS	n/a	n/a	D255
1323.7200000000	n/a	n/a	STATUS	n/a	n/a	DI51
1323.7680000000	n/a	n/a	STATUS	n/a	n/a	D255
1324.1640000000	n/a	n/a	STATUS	n/a	n/a	DI31
1324.2120000000	n/a	n/a	STATUS	n/a	n/a	D255
1324.4720000000	n/a	n/a	STATUS	n/a	n/a	DIN5
1324.5240000000	n/a	n/a	STATUS	n/a	n/a	D255
1324.8480000000	n/a	n/a	STATUS	n/a	n/a	D176
1324.8960000000	n/a	n/a	STATUS	n/a	n/a	D255
1324.9320000000	n/a	n/a	STATUS	n/a	n/a	DI52
1324.9840000000	n/a	n/a	STATUS	n/a	n/a	D255
1325.3240000000	n/a	n/a	STATUS	n/a	n/a	DI42
1325.3720000000	n/a	n/a	STATUS	n/a	n/a	D255
1325.6320000000	n/a	n/a	STATUS	n/a	n/a	DIN5
1325.6840000000	n/a	n/a	STATUS	n/a	n/a	D255
1325.9880000000	n/a	n/a	STATUS	n/a	n/a	D184
1326.0400000000	n/a	n/a	STATUS	n/a	n/a	D255
1326.0760000000	n/a	n/a	STATUS	n/a	n/a	DI52
1326.1280000000	n/a	n/a	STATUS	n/a	n/a	D255
1326.4680000000	n/a	n/a	STATUS	n/a	n/a	DI42
1326.5200000000	n/a	n/a	STATUS	n/a	n/a	D255
1326.7760000000	n/a	n/a	STATUS	n/a	n/a	DIN5
1326.8280000000	n/a	n/a	STATUS	n/a	n/a	D255
1327.3040000000	n/a	n/a	STATUS	n/a	n/a	D186
1327.3520000000	n/a	n/a	STATUS	n/a	n/a	D255
1327.3920000000	n/a	n/a	STATUS	n/a	n/a	DI52
1327.4400000000	n/a	n/a	STATUS	n/a	n/a	D255
1327.7800000000	n/a	n/a	STATUS	n/a	n/a	DI42
1327.8320000000	n/a	n/a	STATUS	n/a	n/a	D255
1328.0920000000	n/a	n/a	STATUS	n/a	n/a	DIN5
1328.1400000000	n/a	n/a	STATUS	n/a	n/a	D255
1328.4800000000	n/a	n/a	STATUS	n/a	n/a	DI84
1328.5320000000	n/a	n/a	STATUS	n/a	n/a	D255
1328.5680000000	n/a	n/a	STATUS	n/a	n/a	DI53
1328.6200000000	n/a	n/a	STATUS	n/a	n/a	D255
1328.9320000000	n/a	n/a	STATUS	n/a	n/a	DI43
1328.9840000000	n/a	n/a	STATUS	n/a	n/a	D255
1329.2440000000	n/a	n/a	STATUS	n/a	n/a	DIN5
1329.2920000000	n/a	n/a	STATUS	n/a	n/a	D255
1329.7080000000	n/a	n/a	STATUS	n/a	n/a	DI85
1329.7560000000	n/a	n/a	STATUS	n/a	n/a	D255
1329.7960000000	n/a	n/a	STATUS	n/a	n/a	DI51
1329.8440000000	n/a	n/a	STATUS	n/a	n/a	D255
1330.2160000000	n/a	n/a	STATUS	n/a	n/a	DI31
1330.2680000000	n/a	n/a	STATUS	n/a	n/a	D255
1330.5240000000	n/a	n/a	STATUS	n/a	n/a	DIN5
1330.5760000000	n/a	n/a	STATUS	n/a	n/a	D255
1331.0520000000	n/a	n/a	STATUS	n/a	n/a	D103
1331.1000000000	n/a	n/a	STATUS	n/a	n/a	D255
1331.1400000000	n/a	n/a	STATUS	n/a	n/a	DI53
1331.1880000000	n/a	n/a	STATUS	n/a	n/a	D255
1331.4640000000	n/a	n/a	STATUS	n/a	n/a	DI43
1331.5160000000	n/a	n/a	STATUS	n/a	n/a	D255
1331.7760000000	n/a	n/a	STATUS	n/a	n/a	DIN5
1331.8240000000	n/a	n/a	STATUS	n/a	n/a	D255
1332.2840000000	n/a	n/a	STATUS	n/a	n/a	D165
1332.3360000000	n/a	n/a	STATUS	n/a	n/a	D255
1332.3720000000	n/a	n/a	STATUS	n/a	n/a	DI52
1332.4240000000	n/a	n/a	STATUS	n/a	n/a	D255
1332.7720000000	n/a	n/a	STATUS	n/a	n/a	DI42
1332.8240000000	n/a	n/a	STATUS	n/a	n/a	D255
1333.0800000000	n/a	n/a	STATUS	n/a	n/a	DIN5
1333.1320000000	n/a	n/a	STATUS	n/a	n/a	D255
1333.4560000000	n/a	n/a	STATUS	n/a	n/a	D175
1333.5080000000	n/a	n/a	STATUS	n/a	n/a	D255
1333.5440000000	n/a	n/a	STATUS	n/a	n/a	DI54
1333.5960000000	n/a	n/a	STATUS	n/a	n/a	D255
1333.9080000000	n/a	n/a	STATUS	n/a	n/a	DI34
1333.9600000000	n/a	n/a	STATUS	n/a	n/a	D255
1334.2160000000	n/a	n/a	STATUS	n/a	n/a	DIN5
1334.2680000000	n/a	n/a	STATUS	n/a	n/a	D255
1334.6440000000	n/a	n/a	STATUS	n/a	n/a	D131
1334.6920000000	n/a	n/a	STATUS	n/a	n/a	D255
1334.7280000000	n/a	n/a	STATUS	n/a	n/a	DI53
1334.7800000000	n/a	n/a	STATUS	n/a	n/a	D255
1335.0240000000	n/a	n/a	STATUS	n/a	n/a	DI43
1335.0760000000	n/a	n/a	STATUS	n/a	n/a	D255
1335.3360000000	n/a	n/a	STATUS	n/a	n/a	DIN5
1335.3840000000	n/a	n/a	STATUS	n/a	n/a	D255
1335.8000000000	n/a	n/a	STATUS	n/a	n/a	DI73
1335.8480000000	n/a	n/a	STATUS	n/a	n/a	D255
1335.8880000000	n/a	n/a	STATUS	n/a	n/a	DI53
1335.9360000000	n/a	n/a	STATUS	n/a	n/a	D255
1336.2120000000	n/a	n/a	STATUS	n/a	n/a	DI43
1336.2640000000	n/a	n/a	STATUS	n/a	n/a	D255
1336.5200000000	n/a	n/a	STATUS	n/a	n/a	DIN5
1336.5720000000	n/a	n/a	STATUS	n/a	n/a	D255
1336.8840000000	n/a	n/a	STATUS	n/a	n/a	D171
1336.9360000000	n/a	n/a	STATUS	n/a	n/a	D255
1336.9760000000	n/a	n/a	STATUS	n/a	n/a	DI51
1337.0240000000	n/a	n/a	STATUS	n/a	n/a	D255
1337.3360000000	n/a	n/a	STATUS	n/a	n/a	DI21
1337.3840000000	n/a	n/a	STATUS	n/a	n/a	D255
1337.3920000000	n/a	n/a	STATUS	n/a	n/a	DIN4
1337.4400000000	n/a	n/a	STATUS	n/a	n/a	D255
1338.1960000000	n/a	n/a	STATUS	n/a	n/a	DIN5
1338.2440000000	n/a	n/a	STATUS	n/a	n/a	D255
1338.6560000000	n/a	n/a	STATUS	n/a	n/a	D139
1338.7040000000	n/a	n/a	STATUS	n/a	n/a	D255
1338.7440000000	n/a	n/a	STATUS	n/a	n/a	DI54
1338.7920000000	n/a	n/a	STATUS	n/a	n/a	D255
1339.1720000000	n/a	n/a	STATUS	n/a	n/a	DI34
1339.2200000000	n/a	n/a	STATUS	n/a	n/a	D255
1339.4800000000	n/a	n/a	STATUS	n/a	n/a	DIN5
1339.5320000000	n/a	n/a	STATUS	n/a	n/a	D255
1339.9840000000	n/a	n/a	STATUS	n/a	n/a	D123
1340.0360000000	n/a	n/a	STATUS	n/a	n/a	D255
1340.0720000000	n/a	n/a	STATUS	n/a	n/a	DI52
1340.1240000000	n/a	n/a	STATUS	n/a	n/a	D255
1340.4720000000	n/a	n/a	STATUS	n/a	n/a	DI42
1340.5200000000	n/a	n/a	STATUS	n/a	n/a	D255
1340.7800000000	n/a	n/a	STATUS	n/a	n/a	DIN5
1340.8280000000	n/a	n/a	STATUS	n/a	n/a	D255
1341.1480000000	n/a	n/a	STATUS	n/a	n/a	D179
1341.2000000000	n/a	n/a	STATUS	n/a	n/a	D255
1341.2360000000	n/a	n/a	STATUS	n/a	n/a	DI52
1341.2880000000	n/a	n/a	STATUS	n/a	n/a	D255
1341.6440000000	n/a	n/a	STATUS	n/a	n/a	DI42
1341.6960000000	n/a	n/a	STATUS	n/a	n/a	D255
1341.9520000000	n/a	n/a	STATUS	n/a	n/a	DIN5
1342.0040000000	n/a	n/a	STATUS	n/a	n/a	D255
1342.4600000000	n/a	n/a	STATUS	n/a	n/a	D203
1342.5080000000	n/a	n/a	STATUS	n/a	n/a	D255
1342.5480000000	n/a	n/a	STATUS	n/a	n/a	DI54
1342.5960000000	n/a	n/a	STATUS	n/a	n/a	D255
1342.8960000000	n/a	n/a	STATUS	n/a	n/a	DI34
1342.9440000000	n/a	n/a	STATUS	n/a	n/a	D255
1343.2040000000	n/a	n/a	STATUS	n/a	n/a	DIN5
1343.2560000000	n/a	n/a	STATUS	n/a	n/a	D255
1343.7080000000	n/a	n/a	STATUS	n/a	n/a	D100
1343.7600000000	n/a	n/a	STATUS	n/a	n/a	D255
1343.7960000000	n/a	n/a	STATUS	n/a	n/a	DI54
1343.8480000000	n/a	n/a	STATUS	n/a	n/a	D255
1344.1520000000	n/a	n/a	STATUS	n/a	n/a	DI34
1344.2000000000	n/a	n/a	STATUS	n/a	n/a	D255
1344.4600000000	n/a	n/a	STATUS	n/a	n/a	DIN5
1344.5120000000	n/a	n/a	STATUS	n/a	n/a	D255
1344.9480000000	n/a	n/a	STATUS	n/a	n/a	D185
1344.9960000000	n/a	n/a	STATUS	n/a	n/a	D255
1345.0320000000	n/a	n/a	STATUS	n/a	n/a	DI52
1345.0840000000	n/a	n/a	STATUS	n/a	n/a	D255
1345.4240000000	n/a	n/a	STATUS	n/a	n/a	DI42
1345.4720000000	n/a	n/a	STATUS	n/a	n/a	D255
1345.7320000000	n/a	n/a	STATUS	n/a	n/a	DIN5
1345.7840000000	n/a	n/a	STATUS	n/a	n/a	D255
1346.1200000000	n/a	n/a	STATUS	n/a	n/a	D142
1346.1720000000	n/a	n/a	STATUS	n/a	n/a	D255
1346.2080000000	n/a	n/a	STATUS	n/a	n/a	DI51
1346.2600000000	n/a	n/a	STATUS	n/a	n/a	D255
1346.6400000000	n/a	n/a	STATUS	n/a	n/a	DI31
1346.6920000000	n/a	n/a	STATUS	n/a	n/a	D255
1346.9480000000	n/a	n/a	STATUS	n/a	n/a	DIN5
1347.0000000000	n/a	n/a	STATUS	n/a	n/a	D255
1347.4280000000	n/a	n/a	STATUS	n/a	n/a	D153
1347.4800000000	n/a	n/a	STATUS	n/a	n/a	D255
1347.5160000000	n/a	n/a	STATUS	n/a	n/a	DI54
1347.5680000000	n/a	n/a	STATUS	n/a	n/a	D255
1347.8560000000	n/a	n/a	STATUS	n/a	n/a	DI34
1347.9040000000	n/a	n/a	STATUS	n/a	n/a	D255
1348.1640000000	n/a	n/a	STATUS	n/a	n/a	DIN5
1348.2120000000	n/a	n/a	STATUS	n/a	n/a	D255
1348.5920000000	n/a	n/a	STATUS	n/a	n/a	D228
1348.6440000000	n/a	n/a	STATUS	n/a	n/a	D255
1348.6800000000	n/a	n/a	STATUS	n/a	n/a	DI51
1348.7320000000	n/a	n/a	STATUS	n/a	n/a	D255
1349.0280000000	n/a	n/a	STATUS	n/a	n/a	DI21
1349.0800000000	n/a	n/a	STATUS	n/a	n/a	D255
1349.0840000000	n/a	n/a	STATUS	n/a	n/a	DIN4
1349.1320000000	n/a	n/a	STATUS	n/a	n/a	D255
1349.8880000000	n/a	n/a	STATUS	n/a	n/a	DIN5
1349.9400000000	n/a	n/a	STATUS	n/a	n/a	D255
1350.3640000000	n/a	n/a	STATUS	n/a	n/a	D136
1350.4120000000	n/a	n/a	STATUS	n/a	n/a	D255
1350.4520000000	n/a	n/a	STATUS	n/a	n/a	DI52
1350.5000000000	n/a	n/a	STATUS	n/a	n/a	D255
1350.8760000000	n/a	n/a	STATUS	n/a	n/a	DI42
1350.9240000000	n/a	n/a	STATUS	n/a	n/a	D255
1351.1840000000	n/a	n/a	STATUS	n/a	n/a	DIN5
1351.2360000000	n/a	n/a	STATUS	n/a	n/a	D255
1351.6520000000	n/a	n/a	STATUS	n/a	n/a	D244
1351.7040000000	n/a	n/a	STATUS	n/a	n/a	D255
1351.7400000000	n/a	n/a	STATUS	n/a	n/a	DI51
1351.7920000000	n/a	n/a	STATUS	n/a	n/a	D255
1352.1280000000	n/a	n/a	STATUS	n/a	n/a	DI21
1352.1800000000	n/a	n/a	STATUS	n/a	n/a	D255
1352.1840000000	n/a	n/a	STATUS	n/a	n/a	DIN4
1352.2320000000	n/a	n/a	STATUS	n/a	n/a	D255
1352.9880000000	n/a	n/a	STATUS	n/a	n/a	DIN5
1353.0360000000	n/a	n/a	STATUS	n/a	n/a	D255
1353.4680000000	n/a	n/a	STATUS	n/a	n/a	D225
1353.5160000000	n/a	n/a	STATUS	n/a	n/a	D255
1353.5560000000	n/a	n/a	STATUS	n/a	n/a	DI52
1353.6040000000	n/a	n/a	STATUS	n/a	n/a	D255
1354.0360000000	n/a	n/a	STATUS	n/a	n/a	DI42
1354.0840000000	n/a	n/a	STATUS	n/a	n/a	D255
1354.3440000000	n/a	n/a	STATUS	n/a	n/a	DIN5
1354.3960000000	n/a	n/a	STATUS	n/a	n/a	D255
1354.8880000000	n/a	n/a	STATUS	n/a	n/a	D177
1354.9400000000	n/a	n/a	STATUS	n/a	n/a	D255
1354.9760000000	n/a	n/a	STATUS	n/a	n/a	DI53
1355.0280000000	n/a	n/a	STATUS	n/a	n/a	D255
1355.3640000000	n/a	n/a	STATUS	n/a	n/a	DI43
1355.4120000000	n/a	n/a	STATUS	n/a	n/a	D255
1355.6720000000	n/a	n/a	STATUS	n/a	n/a	DIN5
1355.7240000000	n/a	n/a	STATUS	n/a	n/a	D255
1356.0520000000	n/a	n/a	STATUS	n/a	n/a	D215
1356.1040000000	n/a	n/a	STATUS	n/a	n/a	D255
1356.1400000000	n/a	n/a	STATUS	n/a	n/a	DI54
1356.1880000000	n/a	n/a	STATUS	n/a	n/a	D255
1356.5160000000	n/a	n/a	STATUS	n/a	n/a	DI34
1356.5640000000	n/a	n/a	STATUS	n/a	n/a	D255
1356.8240000000	n/a	n/a	STATUS	n/a	n/a	DIN5
1356.8760000000	n/a	n/a	STATUS	n/a	n/a	D255
1357.3760000000	n/a	n/a	STATUS	n/a	n/a	D234
1357.4240000000	n/a	n/a	STATUS	n/a	n/a	D255
1357.4600000000	n/a	n/a	STATUS	n/a	n/a	DI54
1357.5120000000	n/a	n/a	STATUS	n/a	n/a	D255
1357.8600000000	n/a	n/a	STATUS	n/a	n/a	DI34
1357.9120000000	n/a	n/a	STATUS	n/a	n/a	D255
1358.1680000000	n/a	n/a	STATUS	n/a	n/a	DIN5
1358.2200000000	n/a	n/a	STATUS	n/a	n/a	D255
1358.5480000000	n/a	n/a	STATUS	n/a	n/a	D199
1358.6000000000	n/a	n/a	STATUS	n/a	n/a	D255
1358.6360000000	n/a	n/a	STATUS	n/a	n/a	DI53
1358.6880000000	n/a	n/a	STATUS	n/a	n/a	D255
1359.0600000000	n/a	n/a	STATUS	n/a	n/a	DI43
1359.1080000000	n/a	n/a	STATUS	n/a	n/a	D255
1359.3680000000	n/a	n/a	STATUS	n/a	n/a	DIN5
1359.4160000000	n/a	n/a	STATUS	n/a	n/a	D255
1359.7920000000	n/a	n/a	STATUS	n/a	n/a	D232
1359.8400000000	n/a	n/a	STATUS	n/a	n/a	D255
1359.8800000000	n/a	n/a	STATUS	n/a	n/a	DI54
1359.9320000000	n/a	n/a	STATUS	n/a	n/a	D255
1360.2600000000	n/a	n/a	STATUS	n/a	n/a	DI34
1360.3080000000	n/a	n/a	STATUS	n/a	n/a	D255
1360.5680000000	n/a	n/a	STATUS	n/a	n/a	DIN5
1360.6200000000	n/a	n/a	STATUS	n/a	n/a	D255
1360.9920000000	n/a	n/a	STATUS	n/a	n/a	D219
1361.0440000000	n/a	n/a	STATUS	n/a	n/a	D255
1361.0840000000	n/a	n/a	STATUS	n/a	n/a	DI54
1361.1320000000	n/a	n/a	STATUS	n/a	n/a	D255
1361.4480000000	n/a	n/a	STATUS	n/a	n/a	DI34
1361.4960000000	n/a	n/a	STATUS	n/a	n/a	D255
1361.7600000000	n/a	n/a	STATUS	n/a	n/a	DIN5
1361.8080000000	n/a	n/a	STATUS	n/a	n/a	D255
1362.2920000000	n/a	n/a	STATUS	n/a	n/a	D167
1362.3440000000	n/a	n/a	STATUS	n/a	n/a	D255
1362.3800000000	n/a	n/a	STATUS	n/a	n/a	DI53
1362.4320000000	n/a	n/a	STATUS	n/a	n/a	D255
1362.7440000000	n/a	n/a	STATUS	n/a	n/a	DI43
1362.7960000000	n/a	n/a	STATUS	n/a	n/a	D255
1363.0560000000	n/a	n/a	STATUS	n/a	n/a	DIN5
1363.1040000000	n/a	n/a	STATUS	n/a	n/a	D255
1363.5120000000	n/a	n/a	STATUS	n/a	n/a	D134
1363.5640000000	n/a	n/a	STATUS	n/a	n/a	D255
1363.6040000000	n/a	n/a	STATUS	n/a	n/a	DI52
1363.6520000000	n/a	n/a	STATUS	n/a	n/a	D255
1364.1960000000	n/a	n/a	STATUS	n/a	n/a	DI12
1364.2480000000	n/a	n/a	STATUS	n/a	n/a	D255
1364.2520000000	n/a	n/a	STATUS	n/a	n/a	DIN4
1364.3040000000	n/a	n/a	STATUS	n/a	n/a	D255
1365.0560000000	n/a	n/a	STATUS	n/a	n/a	DIN5
1365.1080000000	n/a	n/a	STATUS	n/a	n/a	D255
1365.5160000000	n/a	n/a	STATUS	n/a	n/a	D254
1365.5680000000	n/a	n/a	STATUS	n/a	n/a	D255
1365.6040000000	n/a	n/a	STATUS	n/a	n/a	DI54
1365.6560000000	n/a	n/a	STATUS	n/a	n/a	D255
1366.1480000000	n/a	n/a	STATUS	n/a	n/a	DI34
1366.1960000000	n/a	n/a	STATUS	n/a	n/a	D255
1366.4560000000	n/a	n/a	STATUS	n/a	n/a	DIN5
1366.5080000000	n/a	n/a	STATUS	n/a	n/a	D255
1366.9120000000	n/a	n/a	STATUS	n/a	n/a	D169
1366.9600000000	n/a	n/a	STATUS	n/a	n/a	D255
1367.0000000000	n/a	n/a	STATUS	n/a	n/a	DI52
1367.0480000000	n/a	n/a	STATUS	n/a	n/a	D255
1367.3360000000	n/a	n/a	STATUS	n/a	n/a	DI12
1367.3840000000	n/a	n/a	STATUS	n/a	n/a	D255
1367.3880000000	n/a	n/a	STATUS	n/a	n/a	DIN4
1367.4360000000	n/a	n/a	STATUS	n/a	n/a	D255
1368.1920000000	n/a	n/a	STATUS	n/a	n/a	DIN5
1368.2440000000	n/a	n/a	STATUS	n/a	n/a	D255
1368.7400000000	n/a	n/a	STATUS	n/a	n/a	DI91
1368.7880000000	n/a	n/a	STATUS	n/a	n/a	D255
1368.8240000000	n/a	n/a	STATUS	n/a	n/a	DI54
1368.8760000000	n/a	n/a	STATUS	n/a	n/a	D255
1369.2680000000	n/a	n/a	STATUS	n/a	n/a	DI34
1369.3200000000	n/a	n/a	STATUS	n/a	n/a	D255
1369.5800000000	n/a	n/a	STATUS	n/a	n/a	DIN5
1369.6280000000	n/a	n/a	STATUS	n/a	n/a	D255
1370.1080000000	n/a	n/a	STATUS	n/a	n/a	D124
1370.1600000000	n/a	n/a	STATUS	n/a	n/a	D255
1370.1960000000	n/a	n/a	STATUS	n/a	n/a	DI51
1370.2480000000	n/a	n/a	STATUS	n/a	n/a	D255
1370.6960000000	n/a	n/a	STATUS	n/a	n/a	DI31
1370.7440000000	n/a	n/a	STATUS	n/a	n/a	D255
1371.0040000000	n/a	n/a	STATUS	n/a	n/a	DIN5
1371.0560000000	n/a	n/a	STATUS	n/a	n/a	D255
1371.4560000000	n/a	n/a	STATUS	n/a	n/a	DI95
1371.5080000000	n/a	n/a	STATUS	n/a	n/a	D255
1371.5480000000	n/a	n/a	STATUS	n/a	n/a	DI54
1371.5960000000	n/a	n/a	STATUS	n/a	n/a	D255
1371.8920000000	n/a	n/a	STATUS	n/a	n/a	DI34
1371.9400000000	n/a	n/a	STATUS	n/a	n/a	D255
1372.2000000000	n/a	n/a	STATUS	n/a	n/a	DIN5
1372.2520000000	n/a	n/a	STATUS	n/a	n/a	D255
1372.5560000000	n/a	n/a	STATUS	n/a	n/a	DI96
1372.6040000000	n/a	n/a	STATUS	n/a	n/a	D255
1372.6440000000	n/a	n/a	STATUS	n/a	n/a	DI52
1372.6920000000	n/a	n/a	STATUS	n/a	n/a	D255
1373.0720000000	n/a	n/a	STATUS	n/a	n/a	DI42
1373.1200000000	n/a	n/a	STATUS	n/a	n/a	D255
1373.3800000000	n/a	n/a	STATUS	n/a	n/a	DIN5
1373.4320000000	n/a	n/a	STATUS	n/a	n/a	D255
1373.9320000000	n/a	n/a	STATUS	n/a	n/a	D251
1373.9800000000	n/a	n/a	STATUS	n/a	n/a	D255
1374.0200000000	n/a	n/a	STATUS	n/a	n/a	DI53
1374.0680000000	n/a	n/a	STATUS	n/a	n/a	D255
1374.4560000000	n/a	n/a	STATUS	n/a	n/a	DI43
1374.5040000000	n/a	n/a	STATUS	n/a	n/a	D255
1374.7640000000	n/a	n/a	STATUS	n/a	n/a	DIN5
1374.8160000000	n/a	n/a	STATUS	n/a	n/a	D255
1375.3200000000	n/a	n/a	STATUS	n/a	n/a	D253
1375.3680000000	n/a	n/a	STATUS	n/a	n/a	D255
1375.4080000000	n/a	n/a	STATUS	n/a	n/a	DI53
1375.4560000000	n/a	n/a	STATUS	n/a	n/a	D255
1375.7320000000	n/a	n/a	STATUS	n/a	n/a	DI43
1375.7840000000	n/a	n/a	STATUS	n/a	n/a	D255
1376.0440000000	n/a	n/a	STATUS	n/a	n/a	DIN5
1376.0920000000	n/a	n/a	STATUS	n/a	n/a	D255
1376.4720000000	n/a	n/a	STATUS	n/a	n/a	D155
1376.5240000000	n/a	n/a	STATUS	n/a	n/a	D255
1376.5600000000	n/a	n/a	STATUS	n/a	n/a	DI53
1376.6120000000	n/a	n/a	STATUS	n/a	n/a	D255
1376.9200000000	n/a	n/a	STATUS	n/a	n/a	DI43
1376.9720000000	n/a	n/a	STATUS	n/a	n/a	D255
1377.2320000000	n/a	n/a	STATUS	n/a	n/a	DIN5
1377.2800000000	n/a	n/a	STATUS	n/a	n/a	D255
1377.7400000000	n/a	n/a	STATUS	n/a	n/a	D194
1377.7920000000	n/a	n/a	STATUS	n/a	n/a	D255
1377.8280000000	n/a	n/a	STATUS	n/a	n/a	DI54
1377.8800000000	n/a	n/a	STATUS	n/a	n/a	D255
1378.2200000000	n/a	n/a	STATUS	n/a	n/a	DI34
1378.2720000000	n/a	n/a	STATUS	n/a	n/a	D255
1378.5280000000	n/a	n/a	STATUS	n/a	n/a	DIN5
1378.5800000000	n/a	n/a	STATUS	n/a	n/a	D255
1378.9960000000	n/a	n/a	STATUS	n/a	n/a	DI86
1379.0440000000	n/a	n/a	STATUS	n/a	n/a	D255
1379.0840000000	n/a	n/a	STATUS	n/a	n/a	DI54
1379.1320000000	n/a	n/a	STATUS	n/a	n/a	D255
1379.4360000000	n/a	n/a	STATUS	n/a	n/a	DI34
1379.4880000000	n/a	n/a	STATUS	n/a	n/a	D255
1379.7480000000	n/a	n/a	STATUS	n/a	n/a	DIN5
1379.7960000000	n/a	n/a	STATUS	n/a	n/a	D255
1380.1000000000	n/a	n/a	STATUS	n/a	n/a	D119
1380.1520000000	n/a	n/a	STATUS	n/a	n/a	D255
1380.1880000000	n/a	n/a	STATUS	n/a	n/a	DI51
1380.2400000000	n/a	n/a	STATUS	n/a	n/a	D255
1380.7560000000	n/a	n/a	STATUS	n/a	n/a	DI21
1380.8080000000	n/a	n/a	STATUS	n/a	n/a	D255
1380.8120000000	n/a	n/a	STATUS	n/a	n/a	DIN4
1380.8600000000	n/a	n/a	STATUS	n/a	n/a	D255
1381.6160000000	n/a	n/a	STATUS	n/a	n/a	DIN5
1381.6680000000	n/a	n/a	STATUS	n/a	n/a	D255
1382.1200000000	n/a	n/a	STATUS	n/a	n/a	D164
1382.1720000000	n/a	n/a	STATUS	n/a	n/a	D255
1382.2080000000	n/a	n/a	STATUS	n/a	n/a	DI54
1382.2600000000	n/a	n/a	STATUS	n/a	n/a	D255
1382.5840000000	n/a	n/a	STATUS	n/a	n/a	DI34
1382.6360000000	n/a	n/a	STATUS	n/a	n/a	D255
1382.8960000000	n/a	n/a	STATUS	n/a	n/a	DIN5
1382.9440000000	n/a	n/a	STATUS	n/a	n/a	D255
1383.2800000000	n/a	n/a	STATUS	n/a	n/a	DI70
1383.3280000000	n/a	n/a	STATUS	n/a	n/a	D255
1383.3680000000	n/a	n/a	STATUS	n/a	n/a	DI53
1383.4160000000	n/a	n/a	STATUS	n/a	n/a	D255
1383.7360000000	n/a	n/a	STATUS	n/a	n/a	DI43
1383.7840000000	n/a	n/a	STATUS	n/a	n/a	D255
1384.0440000000	n/a	n/a	STATUS	n/a	n/a	DIN5
1384.0960000000	n/a	n/a	STATUS	n/a	n/a	D255
1384.4680000000	n/a	n/a	STATUS	n/a	n/a	DI99
1384.5200000000	n/a	n/a	STATUS	n/a	n/a	D255
1384.5560000000	n/a	n/a	STATUS	n/a	n/a	DI54
1384.6080000000	n/a	n/a	STATUS	n/a	n/a	D255
1384.8600000000	n/a	n/a	STATUS	n/a	n/a	DI34
1384.9120000000	n/a	n/a	STATUS	n/a	n/a	D255
1385.1680000000	n/a	n/a	STATUS	n/a	n/a	DIN5
1385.2200000000	n/a	n/a	STATUS	n/a	n/a	D255
1385.6200000000	n/a	n/a	STATUS	n/a	n/a	D235
1385.6680000000	n/a	n/a	STATUS	n/a	n/a	D255
1385.7080000000	n/a	n/a	STATUS	n/a	n/a	DI53
1385.7560000000	n/a	n/a	STATUS	n/a	n/a	D255
1386.0520000000	n/a	n/a	STATUS	n/a	n/a	DI43
1386.1040000000	n/a	n/a	STATUS	n/a	n/a	D255
1386.3600000000	n/a	n/a	STATUS	n/a	n/a	DIN5
1386.4120000000	n/a	n/a	STATUS	n/a	n/a	D255
1386.7960000000	n/a	n/a	STATUS	n/a	n/a	D147
1386.8480000000	n/a	n/a	STATUS	n/a	n/a	D255
1386.8840000000	n/a	n/a	STATUS	n/a	n/a	DI52
1386.9360000000	n/a	n/a	STATUS	n/a	n/a	D255
1387.3280000000	n/a	n/a	STATUS	n/a	n/a	DI42
1387.3800000000	n/a	n/a	STATUS	n/a	n/a	D255
1387.6400000000	n/a	n/a	STATUS	n/a	n/a	DIN5
1387.6880000000	n/a	n/a	STATUS	n/a	n/a	D255
1388.1920000000	n/a	n/a	STATUS	n/a	n/a	D250
1388.2440000000	n/a	n/a	STATUS	n/a	n/a	D255
1388.2800000000	n/a	n/a	STATUS	n/a	n/a	DI51
1388.3320000000	n/a	n/a	STATUS	n/a	n/a	D255
1388.6680000000	n/a	n/a	STATUS	n/a	n/a	DI21
1388.7200000000	n/a	n/a	STATUS	n/a	n/a	D255
1388.7240000000	n/a	n/a	STATUS	n/a	n/a	DIN4
1388.7760000000	n/a	n/a	STATUS	n/a	n/a	D255
1389.5280000000	n/a	n/a	STATUS	n/a	n/a	DIN5
1389.5800000000	n/a	n/a	STATUS	n/a	n/a	D255
1389.9280000000	n/a	n/a	STATUS	n/a	n/a	D166
1389.9800000000	n/a	n/a	STATUS	n/a	n/a	D255
1390.0160000000	n/a	n/a	STATUS	n/a	n/a	DI54
1390.0680000000	n/a	n/a	STATUS	n/a	n/a	D255
1390.4400000000	n/a	n/a	STATUS	n/a	n/a	DI34
1390.4880000000	n/a	n/a	STATUS	n/a	n/a	D255
1390.7480000000	n/a	n/a	STATUS	n/a	n/a	DIN5
1390.8000000000	n/a	n/a	STATUS	n/a	n/a	D255
1391.1080000000	n/a	n/a	STATUS	n/a	n/a	D130
1391.1600000000	n/a	n/a	STATUS	n/a	n/a	D255
1391.1960000000	n/a	n/a	STATUS	n/a	n/a	DI54
1391.2480000000	n/a	n/a	STATUS	n/a	n/a	D255
1391.5600000000	n/a	n/a	STATUS	n/a	n/a	DI34
1391.6120000000	n/a	n/a	STATUS	n/a	n/a	D255
1391.8720000000	n/a	n/a	STATUS	n/a	n/a	DIN5
1391.9200000000	n/a	n/a	STATUS	n/a	n/a	D255
1392.4240000000	n/a	n/a	STATUS	n/a	n/a	D113
1392.4760000000	n/a	n/a	STATUS	n/a	n/a	D255
1392.5120000000	n/a	n/a	STATUS	n/a	n/a	DI54
1392.5640000000	n/a	n/a	STATUS	n/a	n/a	D255
1392.8600000000	n/a	n/a	STATUS	n/a	n/a	DI34
1392.9080000000	n/a	n/a	STATUS	n/a	n/a	D255
1393.1680000000	n/a	n/a	STATUS	n/a	n/a	DIN5
1393.2200000000	n/a	n/a	STATUS	n/a	n/a	D255
1393.5960000000	n/a	n/a	STATUS	n/a	n/a	D137
1393.6480000000	n/a	n/a	STATUS	n/a	n/a	D255
1393.6840000000	n/a	n/a	STATUS	n/a	n/a	DI53
1393.7360000000	n/a	n/a	STATUS	n/a	n/a	D255
1394.0880000000	n/a	n/a	STATUS	n/a	n/a	DI43
1394.1360000000	n/a	n/a	STATUS	n/a	n/a	D255
1394.3960000000	n/a	n/a	STATUS	n/a	n/a	DIN5
1394.4480000000	n/a	n/a	STATUS	n/a	n/a	D255
1394.8720000000	n/a	n/a	STATUS	n/a	n/a	D202
1394.9200000000	n/a	n/a	STATUS	n/a	n/a	D255
1394.9600000000	n/a	n/a	STATUS	n/a	n/a	DI54
1395.0080000000	n/a	n/a	STATUS	n/a	n/a	D255
1395.2800000000	n/a	n/a	STATUS	n/a	n/a	DI34
1395.3280000000	n/a	n/a	STATUS	n/a	n/a	D255
1395.5880000000	n/a	n/a	STATUS	n/a	n/a	DIN5
1395.6360000000	n/a	n/a	STATUS	n/a	n/a	D255
1396.0640000000	n/a	n/a	STATUS	n/a	n/a	D118
1396.1120000000	n/a	n/a	STATUS	n/a	n/a	D255
1396.1520000000	n/a	n/a	STATUS	n/a	n/a	DI52
1396.2000000000	n/a	n/a	STATUS	n/a	n/a	D255
1396.5560000000	n/a	n/a	STATUS	n/a	n/a	DI42
1396.6080000000	n/a	n/a	STATUS	n/a	n/a	D255
1396.8640000000	n/a	n/a	STATUS	n/a	n/a	DIN5
1396.9160000000	n/a	n/a	STATUS	n/a	n/a	D255
1397.3240000000	n/a	n/a	STATUS	n/a	n/a	D146
1397.3760000000	n/a	n/a	STATUS	n/a	n/a	D255
1397.4120000000	n/a	n/a	STATUS	n/a	n/a	DI52
1397.4640000000	n/a	n/a	STATUS	n/a	n/a	D255
1397.9160000000	n/a	n/a	STATUS	n/a	n/a	DI42
1397.9680000000	n/a	n/a	STATUS	n/a	n/a	D255
1398.2240000000	n/a	n/a	STATUS	n/a	n/a	DIN5
1398.2760000000	n/a	n/a	STATUS	n/a	n/a	D255
1398.6560000000	n/a	n/a	STATUS	n/a	n/a	D182
1398.7040000000	n/a	n/a	STATUS	n/a	n/a	D255
1398.7400000000	n/a	n/a	STATUS	n/a	n/a	DI51
1398.7920000000	n/a	n/a	STATUS	n/a	n/a	D255
1399.1920000000	n/a	n/a	STATUS	n/a	n/a	DI31
1399.2400000000	n/a	n/a	STATUS	n/a	n/a	D255
1399.5000000000	n/a	n/a	STATUS	n/a	n/a	DIN5
1399.5520000000	n/a	n/a	STATUS	n/a	n/a	D255
1399.9840000000	n/a	n/a	STATUS	n/a	n/a	D104
1400.0360000000	n/a	n/a	STATUS	n/a	n/a	D255
1400.0720000000	n/a	n/a	STATUS	n/a	n/a	DI53
1400.1240000000	n/a	n/a	STATUS	n/a	n/a	D255
1400.4120000000	n/a	n/a	STATUS	n/a	n/a	DI43
1400.4640000000	n/a	n/a	STATUS	n/a	n/a	D255
1400.7240000000	n/a	n/a	STATUS	n/a	n/a	DIN5
1400.7720000000	n/a	n/a	STATUS	n/a	n/a	D255
1401.2520000000	n/a	n/a	STATUS	n/a	n/a	D138
1401.3040000000	n/a	n/a	STATUS	n/a	n/a	D255
1401.3400000000	n/a	n/a	STATUS	n/a	n/a	DI53
1401.3920000000	n/a	n/a	STATUS	n/a	n/a	D255
1401.8000000000	n/a	n/a	STATUS	n/a	n/a	DI43
1401.8520000000	n/a	n/a	STATUS	n/a	n/a	D255
1402.1080000000	n/a	n/a	STATUS	n/a	n/a	DIN5
1402.1600000000	n/a	n/a	STATUS	n/a	n/a	D255
1402.4920000000	n/a	n/a	STATUS	n/a	n/a	D183
1402.5440000000	n/a	n/a	STATUS	n/a	n/a	D255
1402.5840000000	n/a	n/a	STATUS	n/a	n/a	DI53
1402.6320000000	n/a	n/a	STATUS	n/a	n/a	D255
1402.9520000000	n/a	n/a	STATUS	n/a	n/a	DI43
1403.0040000000	n/a	n/a	STATUS	n/a	n/a	D255
1403.2600000000	n/a	n/a	STATUS	n/a	n/a	DIN5
1403.3120000000	n/a	n/a	STATUS	n/a	n/a	D255
1403.7600000000	n/a	n/a	STATUS	n/a	n/a	D205
1403.8120000000	n/a	n/a	STATUS	n/a	n/a	D255
1403.8480000000	n/a	n/a	STATUS	n/a	n/a	DI51
1403.9000000000	n/a	n/a	STATUS	n/a	n/a	D255
1404.2640000000	n/a	n/a	STATUS	n/a	n/a	DI31
1404.3160000000	n/a	n/a	STATUS	n/a	n/a	D255
1404.5760000000	n/a	n/a	STATUS	n/a	n/a	DIN5
1404.6240000000	n/a	n/a	STATUS	n/a	n/a	D255
1405.0760000000	n/a	n/a	STATUS	n/a	n/a	D213
1405.1240000000	n/a	n/a	STATUS	n/a	n/a	D255
1405.1640000000	n/a	n/a	STATUS	n/a	n/a	DI54
1405.2120000000	n/a	n/a	STATUS	n/a	n/a	D255
1405.4920000000	n/a	n/a	STATUS	n/a	n/a	DI34
1405.5400000000	n/a	n/a	STATUS	n/a	n/a	D255
1405.8000000000	n/a	n/a	STATUS	n/a	n/a	DIN5
1405.8520000000	n/a	n/a	STATUS	n/a	n/a	D255
1406.3120000000	n/a	n/a	STATUS	n/a	n/a	D141
1406.3600000000	n/a	n/a	STATUS	n/a	n/a	D255
1406.3960000000	n/a	n/a	STATUS	n/a	n/a	DI51
1406.4480000000	n/a	n/a	STATUS	n/a	n/a	D255
1406.8960000000	n/a	n/a	STATUS	n/a	n/a	DI31
1406.9480000000	n/a	n/a	STATUS	n/a	n/a	D255
1407.2040000000	n/a	n/a	STATUS	n/a	n/a	DIN5
1407.2560000000	n/a	n/a	STATUS	n/a	n/a	D255
1407.6240000000	n/a	n/a	STATUS	n/a	n/a	DI78
1407.6760000000	n/a	n/a	STATUS	n/a	n/a	D255
1407.7120000000	n/a	n/a	STATUS	n/a	n/a	DI51
1407.7640000000	n/a	n/a	STATUS	n/a	n/a	D255
1408.1000000000	n/a	n/a	STATUS	n/a	n/a	DI31
1408.1480000000	n/a	n/a	STATUS	n/a	n/a	D255
1408.4080000000	n/a	n/a	STATUS	n/a	n/a	DIN5
1408.4600000000	n/a	n/a	STATUS	n/a	n/a	D255
1408.9200000000	n/a	n/a	STATUS	n/a	n/a	D126
1408.9680000000	n/a	n/a	STATUS	n/a	n/a	D255
1409.0080000000	n/a	n/a	STATUS	n/a	n/a	DI53
1409.0560000000	n/a	n/a	STATUS	n/a	n/a	D255
1409.3400000000	n/a	n/a	STATUS	n/a	n/a	DI43
1409.3880000000	n/a	n/a	STATUS	n/a	n/a	D255
1409.6480000000	n/a	n/a	STATUS	n/a	n/a	DIN5
1409.6960000000	n/a	n/a	STATUS	n/a	n/a	D255
1410.1680000000	n/a	n/a	STATUS	n/a	n/a	D157
1410.2160000000	n/a	n/a	STATUS	n/a	n/a	D255
1410.2560000000	n/a	n/a	STATUS	n/a	n/a	DI51
1410.3040000000	n/a	n/a	STATUS	n/a	n/a	D255
1410.6560000000	n/a	n/a	STATUS	n/a	n/a	DI21
1410.7080000000	n/a	n/a	STATUS	n/a	n/a	D255
1410.7120000000	n/a	n/a	STATUS	n/a	n/a	DIN4
1410.7600000000	n/a	n/a	STATUS	n/a	n/a	D255
1411.5160000000	n/a	n/a	STATUS	n/a	n/a	DIN5
1411.5680000000	n/a	n/a	STATUS	n/a	n/a	D255
1411.9200000000	n/a	n/a	STATUS	n/a	n/a	D226
1411.9720000000	n/a	n/a	STATUS	n/a	n/a	D255
1412.0080000000	n/a	n/a	STATUS	n/a	n/a	DI51
1412.0600000000	n/a	n/a	STATUS	n/a	n/a	D255
1412.4960000000	n/a	n/a	STATUS	n/a	n/a	DI31
1412.5440000000	n/a	n/a	STATUS	n/a	n/a	D255
1412.8040000000	n/a	n/a	STATUS	n/a	n/a	DIN5
1412.8520000000	n/a	n/a	STATUS	n/a	n/a	D255
1413.1720000000	n/a	n/a	STATUS	n/a	n/a	D236
1413.2240000000	n/a	n/a	STATUS	n/a	n/a	D255
1413.2600000000	n/a	n/a	STATUS	n/a	n/a	DI53
1413.3120000000	n/a	n/a	STATUS	n/a	n/a	D255
1413.6440000000	n/a	n/a	STATUS	n/a	n/a	DI43
1413.6920000000	n/a	n/a	STATUS	n/a	n/a	D255
1413.9520000000	n/a	n/a	STATUS	n/a	n/a	DIN5
1414.0040000000	n/a	n/a	STATUS	n/a	n/a	D255
1414.4840000000	n/a	n/a	STATUS	n/a	n/a	D122
1414.5320000000	n/a	n/a	STATUS	n/a	n/a	D255
1414.5720000000	n/a	n/a	STATUS	n/a	n/a	DI52
1414.6200000000	n/a	n/a	STATUS	n/a	n/a	D255
1414.9800000000	n/a	n/a	STATUS	n/a	n/a	DI42
1415.0320000000	n/a	n/a	STATUS	n/a	n/a	D255
1423.1600000000	n/a	n/a	STATUS	n/a	n/a	DIN5
1423.2120000000	n/a	n/a	STATUS	n/a	n/a	D255
1423.5880000000	n/a	n/a	STATUS	n/a	n/a	DI99
1423.6400000000	n/a	n/a	STATUS	n/a	n/a	D255
1423.6760000000	n/a	n/a	STATUS	n/a	n/a	DI53
1423.7280000000	n/a	n/a	STATUS	n/a	n/a	D255
1424.0400000000	n/a	n/a	STATUS	n/a	n/a	DI43
1424.0880000000	n/a	n/a	STATUS	n/a	n/a	D255
1424.3480000000	n/a	n/a	STATUS	n/a	n/a	DIN5
1424.4000000000	n/a	n/a	STATUS	n/a	n/a	D255
1424.8200000000	n/a	n/a	STATUS	n/a	n/a	D194
1424.8680000000	n/a	n/a	STATUS	n/a	n/a	D255
1424.9080000000	n/a	n/a	STATUS	n/a	n/a	DI54
1424.9560000000	n/a	n/a	STATUS	n/a	n/a	D255
1425.2120000000	n/a	n/a	STATUS	n/a	n/a	DI34
1425.2600000000	n/a	n/a	STATUS	n/a	n/a	D255
1425.5200000000	n/a	n/a	STATUS	n/a	n/a	DIN5
1425.5720000000	n/a	n/a	STATUS	n/a	n/a	D255
1426.0520000000	n/a	n/a	STATUS	n/a	n/a	D247
1426.1000000000	n/a	n/a	STATUS	n/a	n/a	D255
1426.1400000000	n/a	n/a	STATUS	n/a	n/a	DI54
1426.1880000000	n/a	n/a	STATUS	n/a	n/a	D255
1426.5720000000	n/a	n/a	STATUS	n/a	n/a	DI34
1426.6240000000	n/a	n/a	STATUS	n/a	n/a	D255
1426.8840000000	n/a	n/a	STATUS	n/a	n/a	DIN5
1426.9320000000	n/a	n/a	STATUS	n/a	n/a	D255
1427.3440000000	n/a	n/a	STATUS	n/a	n/a	D133
1427.3920000000	n/a	n/a	STATUS	n/a	n/a	D255
1427.4320000000	n/a	n/a	STATUS	n/a	n/a	DI52
1427.4800000000	n/a	n/a	STATUS	n/a	n/a	D255
1427.7720000000	n/a	n/a	STATUS	n/a	n/a	DI12
1427.8240000000	n/a	n/a	STATUS	n/a	n/a	D255
1427.8280000000	n/a	n/a	STATUS	n/a	n/a	DIN4
1427.8760000000	n/a	n/a	STATUS	n/a	n/a	D255
1428.6320000000	n/a	n/a	STATUS	n/a	n/a	DIN5
1428.6840000000	n/a	n/a	STATUS	n/a	n/a	D255
1429.1880000000	n/a	n/a	STATUS	n/a	n/a	D106
1429.2360000000	n/a	n/a	STATUS	n/a	n/a	D255
1429.2760000000	n/a	n/a	STATUS	n/a	n/a	DI53
1429.3240000000	n/a	n/a	STATUS	n/a	n/a	D255
1429.6160000000	n/a	n/a	STATUS	n/a	n/a	DI43
1429.6640000000	n/a	n/a	STATUS	n/a	n/a	D255
1429.9240000000	n/a	n/a	STATUS	n/a	n/a	DIN5
1429.9760000000	n/a	n/a	STATUS	n/a	n/a	D255
1430.3640000000	n/a	n/a	STATUS	n/a	n/a	D119
1430.4120000000	n/a	n/a	STATUS	n/a	n/a	D255
1430.4520000000	n/a	n/a	STATUS	n/a	n/a	DI52
1430.5040000000	n/a	n/a	STATUS	n/a	n/a	D255
1430.8440000000	n/a	n/a	STATUS	n/a	n/a	DI42
1430.8960000000	n/a	n/a	STATUS	n/a	n/a	D255
1431.1560000000	n/a	n/a	STATUS	n/a	n/a	DIN5
1431.2040000000	n/a	n/a	STATUS	n/a	n/a	D255
1431.5200000000	n/a	n/a	STATUS	n/a	n/a	DI96
1431.5720000000	n/a	n/a	STATUS	n/a	n/a	D255
1431.6080000000	n/a	n/a	STATUS	n/a	n/a	DI52
1431.6560000000	n/a	n/a	STATUS	n/a	n/a	D255
1432.0080000000	n/a	n/a	STATUS	n/a	n/a	DI42
1432.0560000000	n/a	n/a	STATUS	n/a	n/a	D255
1432.3160000000	n/a	n/a	STATUS	n/a	n/a	DIN5
1432.3680000000	n/a	n/a	STATUS	n/a	n/a	D255
1432.7920000000	n/a	n/a	STATUS	n/a	n/a	D191
1432.8400000000	n/a	n/a	STATUS	n/a	n/a	D255
1432.8800000000	n/a	n/a	STATUS	n/a	n/a	DI53
1432.9280000000	n/a	n/a	STATUS	n/a	n/a	D255
1433.2480000000	n/a	n/a	STATUS	n/a	n/a	DI43
1433.3000000000	n/a	n/a	STATUS	n/a	n/a	D255
1433.5600000000	n/a	n/a	STATUS	n/a	n/a	DIN5
1433.6080000000	n/a	n/a	STATUS	n/a	n/a	D255
1434.0320000000	n/a	n/a	STATUS	n/a	n/a	D227
1434.0840000000	n/a	n/a	STATUS	n/a	n/a	D255
1434.1200000000	n/a	n/a	STATUS	n/a	n/a	DI54
1434.1720000000	n/a	n/a	STATUS	n/a	n/a	D255
1434.4440000000	n/a	n/a	STATUS	n/a	n/a	DI24
1434.4960000000	n/a	n/a	STATUS	n/a	n/a	D255
1434.5000000000	n/a	n/a	STATUS	n/a	n/a	DIN4
1434.5520000000	n/a	n/a	STATUS	n/a	n/a	D255
1435.3040000000	n/a	n/a	STATUS	n/a	n/a	DIN5
1435.3560000000	n/a	n/a	STATUS	n/a	n/a	D255
1435.8400000000	n/a	n/a	STATUS	n/a	n/a	D120
1435.8880000000	n/a	n/a	STATUS	n/a	n/a	D255
1435.9280000000	n/a	n/a	STATUS	n/a	n/a	DI51
1435.9760000000	n/a	n/a	STATUS	n/a	n/a	D255
1436.4160000000	n/a	n/a	STATUS	n/a	n/a	DI31
1436.4680000000	n/a	n/a	STATUS	n/a	n/a	D255
1436.7280000000	n/a	n/a	STATUS	n/a	n/a	DIN5
1436.7760000000	n/a	n/a	STATUS	n/a	n/a	D255
1437.1360000000	n/a	n/a	STATUS	n/a	n/a	D149
1437.1880000000	n/a	n/a	STATUS	n/a	n/a	D255
1437.2240000000	n/a	n/a	STATUS	n/a	n/a	DI54
1437.2720000000	n/a	n/a	STATUS	n/a	n/a	D255
1437.5880000000	n/a	n/a	STATUS	n/a	n/a	DI34
1437.6400000000	n/a	n/a	STATUS	n/a	n/a	D255
1437.8960000000	n/a	n/a	STATUS	n/a	n/a	DIN5
1437.9480000000	n/a	n/a	STATUS	n/a	n/a	D255
1438.4480000000	n/a	n/a	STATUS	n/a	n/a	D179
1438.4960000000	n/a	n/a	STATUS	n/a	n/a	D255
1438.5360000000	n/a	n/a	STATUS	n/a	n/a	DI51
1438.5840000000	n/a	n/a	STATUS	n/a	n/a	D255
1438.8440000000	n/a	n/a	STATUS	n/a	n/a	DI21
1438.8960000000	n/a	n/a	STATUS	n/a	n/a	D255
1438.9000000000	n/a	n/a	STATUS	n/a	n/a	DIN4
1438.9520000000	n/a	n/a	STATUS	n/a	n/a	D255
1439.7040000000	n/a	n/a	STATUS	n/a	n/a	DIN5
1439.7560000000	n/a	n/a	STATUS	n/a	n/a	D255
1440.1840000000	n/a	n/a	STATUS	n/a	n/a	DI68
1440.2360000000	n/a	n/a	STATUS	n/a	n/a	D255
1440.2720000000	n/a	n/a	STATUS	n/a	n/a	DI51
1440.3240000000	n/a	n/a	STATUS	n/a	n/a	D255
1440.8480000000	n/a	n/a	STATUS	n/a	n/a	DI31
1440.9000000000	n/a	n/a	STATUS	n/a	n/a	D255
1441.1600000000	n/a	n/a	STATUS	n/a	n/a	DIN5
1441.2080000000	n/a	n/a	STATUS	n/a	n/a	D255
1441.5920000000	n/a	n/a	STATUS	n/a	n/a	D210
1441.6440000000	n/a	n/a	STATUS	n/a	n/a	D255
1441.6800000000	n/a	n/a	STATUS	n/a	n/a	DI53
1441.7320000000	n/a	n/a	STATUS	n/a	n/a	D255
1441.9720000000	n/a	n/a	STATUS	n/a	n/a	DI43
1442.0240000000	n/a	n/a	STATUS	n/a	n/a	D255
1442.2840000000	n/a	n/a	STATUS	n/a	n/a	DIN5
1442.3320000000	n/a	n/a	STATUS	n/a	n/a	D255
1442.8120000000	n/a	n/a	STATUS	n/a	n/a	D135
1442.8640000000	n/a	n/a	STATUS	n/a	n/a	D255
1442.9000000000	n/a	n/a	STATUS	n/a	n/a	DI53
1442.9520000000	n/a	n/a	STATUS	n/a	n/a	D255
1443.2320000000	n/a	n/a	STATUS	n/a	n/a	DI43
1443.2800000000	n/a	n/a	STATUS	n/a	n/a	D255
1443.5400000000	n/a	n/a	STATUS	n/a	n/a	DIN5
1443.5920000000	n/a	n/a	STATUS	n/a	n/a	D255
1444.0320000000	n/a	n/a	STATUS	n/a	n/a	D234
1444.0800000000	n/a	n/a	STATUS	n/a	n/a	D255
1444.1200000000	n/a	n/a	STATUS	n/a	n/a	DI52
1444.1680000000	n/a	n/a	STATUS	n/a	n/a	D255
1444.4720000000	n/a	n/a	STATUS	n/a	n/a	DI42
1444.5240000000	n/a	n/a	STATUS	n/a	n/a	D255
1444.7840000000	n/a	n/a	STATUS	n/a	n/a	DIN5
1444.8320000000	n/a	n/a	STATUS	n/a	n/a	D255
1445.2080000000	n/a	n/a	STATUS	n/a	n/a	D198
1445.2560000000	n/a	n/a	STATUS	n/a	n/a	D255
1445.2960000000	n/a	n/a	STATUS	n/a	n/a	DI53
1445.3440000000	n/a	n/a	STATUS	n/a	n/a	D255
1445.6520000000	n/a	n/a	STATUS	n/a	n/a	DI43
1445.7000000000	n/a	n/a	STATUS	n/a	n/a	D255
1445.9600000000	n/a	n/a	STATUS	n/a	n/a	DIN5
1446.0120000000	n/a	n/a	STATUS	n/a	n/a	D255
1446.4920000000	n/a	n/a	STATUS	n/a	n/a	D143
1446.5400000000	n/a	n/a	STATUS	n/a	n/a	D255
1446.5760000000	n/a	n/a	STATUS	n/a	n/a	DI54
1446.6280000000	n/a	n/a	STATUS	n/a	n/a	D255
1446.8920000000	n/a	n/a	STATUS	n/a	n/a	DI34
1446.9440000000	n/a	n/a	STATUS	n/a	n/a	D255
1447.2040000000	n/a	n/a	STATUS	n/a	n/a	DIN5
1447.2520000000	n/a	n/a	STATUS	n/a	n/a	D255
1447.5640000000	n/a	n/a	STATUS	n/a	n/a	D114
1447.6120000000	n/a	n/a	STATUS	n/a	n/a	D255
1447.6520000000	n/a	n/a	STATUS	n/a	n/a	DI54
1447.7000000000	n/a	n/a	STATUS	n/a	n/a	D255
1448.0160000000	n/a	n/a	STATUS	n/a	n/a	DI34
1448.0680000000	n/a	n/a	STATUS	n/a	n/a	D255
1448.3280000000	n/a	n/a	STATUS	n/a	n/a	DIN5
1448.3760000000	n/a	n/a	STATUS	n/a	n/a	D255
1448.8280000000	n/a	n/a	STATUS	n/a	n/a	D108
1448.8760000000	n/a	n/a	STATUS	n/a	n/a	D255
1448.9160000000	n/a	n/a	STATUS	n/a	n/a	DI54
1448.9640000000	n/a	n/a	STATUS	n/a	n/a	D255
1449.2280000000	n/a	n/a	STATUS	n/a	n/a	DI34
1449.2760000000	n/a	n/a	STATUS	n/a	n/a	D255
1449.5360000000	n/a	n/a	STATUS	n/a	n/a	DIN5
1449.5880000000	n/a	n/a	STATUS	n/a	n/a	D255
1449.9560000000	n/a	n/a	STATUS	n/a	n/a	D232
1450.0080000000	n/a	n/a	STATUS	n/a	n/a	D255
1450.0440000000	n/a	n/a	STATUS	n/a	n/a	DI53
1450.0960000000	n/a	n/a	STATUS	n/a	n/a	D255
1450.4000000000	n/a	n/a	STATUS	n/a	n/a	DI43
1450.4480000000	n/a	n/a	STATUS	n/a	n/a	D255
1450.7080000000	n/a	n/a	STATUS	n/a	n/a	DIN5
1450.7600000000	n/a	n/a	STATUS	n/a	n/a	D255
1451.0640000000	n/a	n/a	STATUS	n/a	n/a	D140
1451.1120000000	n/a	n/a	STATUS	n/a	n/a	D255
1451.1480000000	n/a	n/a	STATUS	n/a	n/a	DI51
1451.2000000000	n/a	n/a	STATUS	n/a	n/a	D255
1451.5960000000	n/a	n/a	STATUS	n/a	n/a	DI31
1451.6480000000	n/a	n/a	STATUS	n/a	n/a	D255
1451.9080000000	n/a	n/a	STATUS	n/a	n/a	DIN5
1451.9560000000	n/a	n/a	STATUS	n/a	n/a	D255
1452.3480000000	n/a	n/a	STATUS	n/a	n/a	D170
1452.3960000000	n/a	n/a	STATUS	n/a	n/a	D255
1452.4360000000	n/a	n/a	STATUS	n/a	n/a	DI52
1452.4840000000	n/a	n/a	STATUS	n/a	n/a	D255
1452.8120000000	n/a	n/a	STATUS	n/a	n/a	DI12
1452.8600000000	n/a	n/a	STATUS	n/a	n/a	D255
1452.8640000000	n/a	n/a	STATUS	n/a	n/a	DIN4
1452.9160000000	n/a	n/a	STATUS	n/a	n/a	D255
1453.6680000000	n/a	n/a	STATUS	n/a	n/a	DIN5
1453.7200000000	n/a	n/a	STATUS	n/a	n/a	D255
1454.0960000000	n/a	n/a	STATUS	n/a	n/a	D246
1454.1440000000	n/a	n/a	STATUS	n/a	n/a	D255
1454.1840000000	n/a	n/a	STATUS	n/a	n/a	DI53
1454.2320000000	n/a	n/a	STATUS	n/a	n/a	D255
1454.6600000000	n/a	n/a	STATUS	n/a	n/a	DI43
1454.7120000000	n/a	n/a	STATUS	n/a	n/a	D255
1454.9680000000	n/a	n/a	STATUS	n/a	n/a	DIN5
1455.0200000000	n/a	n/a	STATUS	n/a	n/a	D255
1455.3440000000	n/a	n/a	STATUS	n/a	n/a	D103
1455.3920000000	n/a	n/a	STATUS	n/a	n/a	D255
1455.4320000000	n/a	n/a	STATUS	n/a	n/a	DI54
1455.4800000000	n/a	n/a	STATUS	n/a	n/a	D255
1455.7680000000	n/a	n/a	STATUS	n/a	n/a	DI34
1455.8200000000	n/a	n/a	STATUS	n/a	n/a	D255
1456.0760000000	n/a	n/a	STATUS	n/a	n/a	DIN5
1456.1280000000	n/a	n/a	STATUS	n/a	n/a	D255
1456.5800000000	n/a	n/a	STATUS	n/a	n/a	D141
1456.6320000000	n/a	n/a	STATUS	n/a	n/a	D255
1456.6680000000	n/a	n/a	STATUS	n/a	n/a	DI51
1456.7200000000	n/a	n/a	STATUS	n/a	n/a	D255
1457.7440000000	n/a	n/a	STATUS	n/a	n/a	DIN3
1457.7920000000	n/a	n/a	STATUS	n/a	n/a	D255
1458.5480000000	n/a	n/a	STATUS	n/a	n/a	DIN5
1458.5960000000	n/a	n/a	STATUS	n/a	n/a	D255
1459.0720000000	n/a	n/a	STATUS	n/a	n/a	D245
1459.1240000000	n/a	n/a	STATUS	n/a	n/a	D255
1459.1600000000	n/a	n/a	STATUS	n/a	n/a	DI51
1459.2120000000	n/a	n/a	STATUS	n/a	n/a	D255
1459.5560000000	n/a	n/a	STATUS	n/a	n/a	DI21
1459.6080000000	n/a	n/a	STATUS	n/a	n/a	D255
1459.6120000000	n/a	n/a	STATUS	n/a	n/a	DIN4
1459.6600000000	n/a	n/a	STATUS	n/a	n/a	D255
1460.4160000000	n/a	n/a	STATUS	n/a	n/a	DIN5
1460.4640000000	n/a	n/a	STATUS	n/a	n/a	D255
1460.9640000000	n/a	n/a	STATUS	n/a	n/a	D129
1461.0160000000	n/a	n/a	STATUS	n/a	n/a	D255
1461.0520000000	n/a	n/a	STATUS	n/a	n/a	DI54
1461.1040000000	n/a	n/a	STATUS	n/a	n/a	D255
1461.4160000000	n/a	n/a	STATUS	n/a	n/a	DI34
1461.4640000000	n/a	n/a	STATUS	n/a	n/a	D255
1461.7240000000	n/a	n/a	STATUS	n/a	n/a	DIN5
1461.7760000000	n/a	n/a	STATUS	n/a	n/a	D255
1462.2080000000	n/a	n/a	STATUS	n/a	n/a	D165
1462.2600000000	n/a	n/a	STATUS	n/a	n/a	D255
1462.2960000000	n/a	n/a	STATUS	n/a	n/a	DI53
1462.3440000000	n/a	n/a	STATUS	n/a	n/a	D255
1462.6240000000	n/a	n/a	STATUS	n/a	n/a	DI43
1462.6760000000	n/a	n/a	STATUS	n/a	n/a	D255
1462.9360000000	n/a	n/a	STATUS	n/a	n/a	DIN5
1462.9840000000	n/a	n/a	STATUS	n/a	n/a	D255
1463.3400000000	n/a	n/a	STATUS	n/a	n/a	D105
1463.3880000000	n/a	n/a	STATUS	n/a	n/a	D255
1463.4280000000	n/a	n/a	STATUS	n/a	n/a	DI52
1463.4760000000	n/a	n/a	STATUS	n/a	n/a	D255
1463.8480000000	n/a	n/a	STATUS	n/a	n/a	DI42
1463.9000000000	n/a	n/a	STATUS	n/a	n/a	D255
1464.1600000000	n/a	n/a	STATUS	n/a	n/a	DIN5
1464.2080000000	n/a	n/a	STATUS	n/a	n/a	D255
1464.6880000000	n/a	n/a	STATUS	n/a	n/a	D203
1464.7400000000	n/a	n/a	STATUS	n/a	n/a	D255
1464.7760000000	n/a	n/a	STATUS	n/a	n/a	DI52
1464.8280000000	n/a	n/a	STATUS	n/a	n/a	D255
1465.2040000000	n/a	n/a	STATUS	n/a	n/a	DI42
1465.2560000000	n/a	n/a	STATUS	n/a	n/a	D255
1465.5160000000	n/a	n/a	STATUS	n/a	n/a	DIN5
1465.5640000000	n/a	n/a	STATUS	n/a	n/a	D255
1465.9200000000	n/a	n/a	STATUS	n/a	n/a	DI95
1465.9680000000	n/a	n/a	STATUS	n/a	n/a	D255
1466.0080000000	n/a	n/a	STATUS	n/a	n/a	DI52
1466.0560000000	n/a	n/a	STATUS	n/a	n/a	D255
1466.4040000000	n/a	n/a	STATUS	n/a	n/a	DI12
1466.4520000000	n/a	n/a	STATUS	n/a	n/a	D255
1466.4560000000	n/a	n/a	STATUS	n/a	n/a	DIN4
1466.5080000000	n/a	n/a	STATUS	n/a	n/a	D255
1467.2640000000	n/a	n/a	STATUS	n/a	n/a	DIN5
1467.3120000000	n/a	n/a	STATUS	n/a	n/a	D255
1467.8160000000	n/a	n/a	STATUS	n/a	n/a	D253
1467.8680000000	n/a	n/a	STATUS	n/a	n/a	D255
1467.9040000000	n/a	n/a	STATUS	n/a	n/a	DI51
1467.9560000000	n/a	n/a	STATUS	n/a	n/a	D255
1468.4720000000	n/a	n/a	STATUS	n/a	n/a	DI21
1468.5200000000	n/a	n/a	STATUS	n/a	n/a	D255
1468.5240000000	n/a	n/a	STATUS	n/a	n/a	DIN4
1468.5760000000	n/a	n/a	STATUS	n/a	n/a	D255
1469.3320000000	n/a	n/a	STATUS	n/a	n/a	DIN5
1469.3800000000	n/a	n/a	STATUS	n/a	n/a	D255
1469.8520000000	n/a	n/a	STATUS	n/a	n/a	DI69
1469.9000000000	n/a	n/a	STATUS	n/a	n/a	D255
1469.9400000000	n/a	n/a	STATUS	n/a	n/a	DI54
1469.9880000000	n/a	n/a	STATUS	n/a	n/a	D255
1470.3080000000	n/a	n/a	STATUS	n/a	n/a	DI34
1470.3560000000	n/a	n/a	STATUS	n/a	n/a	D255
1470.6160000000	n/a	n/a	STATUS	n/a	n/a	DIN5
1470.6640000000	n/a	n/a	STATUS	n/a	n/a	D255
1471.1360000000	n/a	n/a	STATUS	n/a	n/a	D185
1471.1880000000	n/a	n/a	STATUS	n/a	n/a	D255
1471.2240000000	n/a	n/a	STATUS	n/a	n/a	DI52
1471.2760000000	n/a	n/a	STATUS	n/a	n/a	D255
1471.6360000000	n/a	n/a	STATUS	n/a	n/a	DI42
1471.6840000000	n/a	n/a	STATUS	n/a	n/a	D255
1471.9440000000	n/a	n/a	STATUS	n/a	n/a	DIN5
1471.9960000000	n/a	n/a	STATUS	n/a	n/a	D255
1472.3560000000	n/a	n/a	STATUS	n/a	n/a	DI81
1472.4040000000	n/a	n/a	STATUS	n/a	n/a	D255
1472.4440000000	n/a	n/a	STATUS	n/a	n/a	DI54
1472.4920000000	n/a	n/a	STATUS	n/a	n/a	D255
1472.8200000000	n/a	n/a	STATUS	n/a	n/a	DI34
1472.8680000000	n/a	n/a	STATUS	n/a	n/a	D255
1473.1280000000	n/a	n/a	STATUS	n/a	n/a	DIN5
1473.1760000000	n/a	n/a	STATUS	n/a	n/a	D255
1473.6360000000	n/a	n/a	STATUS	n/a	n/a	DI97
1473.6880000000	n/a	n/a	STATUS	n/a	n/a	D255
1473.7240000000	n/a	n/a	STATUS	n/a	n/a	DI52
1473.7760000000	n/a	n/a	STATUS	n/a	n/a	D255
1474.1000000000	n/a	n/a	STATUS	n/a	n/a	DI42
1474.1520000000	n/a	n/a	STATUS	n/a	n/a	D255
1474.4120000000	n/a	n/a	STATUS	n/a	n/a	DIN5
1474.4600000000	n/a	n/a	STATUS	n/a	n/a	D255
1474.9440000000	n/a	n/a	STATUS	n/a	n/a	D226
1474.9960000000	n/a	n/a	STATUS	n/a	n/a	D255
1475.0320000000	n/a	n/a	STATUS	n/a	n/a	DI53
1475.0840000000	n/a	n/a	STATUS	n/a	n/a	D255
1475.4040000000	n/a	n/a	STATUS	n/a	n/a	DI43
1475.4560000000	n/a	n/a	STATUS	n/a	n/a	D255
1475.7160000000	n/a	n/a	STATUS	n/a	n/a	DIN5
1475.7640000000	n/a	n/a	STATUS	n/a	n/a	D255
1476.2240000000	n/a	n/a	STATUS	n/a	n/a	D243
1476.2760000000	n/a	n/a	STATUS	n/a	n/a	D255
1476.3120000000	n/a	n/a	STATUS	n/a	n/a	DI52
1476.3640000000	n/a	n/a	STATUS	n/a	n/a	D255
1476.7560000000	n/a	n/a	STATUS	n/a	n/a	DI12
1476.8080000000	n/a	n/a	STATUS	n/a	n/a	D255
1476.8120000000	n/a	n/a	STATUS	n/a	n/a	DIN4
1476.8600000000	n/a	n/a	STATUS	n/a	n/a	D255
1477.6160000000	n/a	n/a	STATUS	n/a	n/a	DIN5
1477.6680000000	n/a	n/a	STATUS	n/a	n/a	D255
1478.0760000000	n/a	n/a	STATUS	n/a	n/a	DI86
1478.1280000000	n/a	n/a	STATUS	n/a	n/a	D255
1478.1640000000	n/a	n/a	STATUS	n/a	n/a	DI53
1478.2160000000	n/a	n/a	STATUS	n/a	n/a	D255
1478.6080000000	n/a	n/a	STATUS	n/a	n/a	DI43
1478.6560000000	n/a	n/a	STATUS	n/a	n/a	D255
1478.9160000000	n/a	n/a	STATUS	n/a	n/a	DIN5
1478.9680000000	n/a	n/a	STATUS	n/a	n/a	D255
1479.4120000000	n/a	n/a	STATUS	n/a	n/a	D193
1479.4600000000	n/a	n/a	STATUS	n/a	n/a	D255
1479.5000000000	n/a	n/a	STATUS	n/a	n/a	DI51
1479.5480000000	n/a	n/a	STATUS	n/a	n/a	D255
1480.0160000000	n/a	n/a	STATUS	n/a	n/a	DI31
1480.0680000000	n/a	n/a	STATUS	n/a	n/a	D255
1480.3240000000	n/a	n/a	STATUS	n/a	n/a	DIN5
1480.3760000000	n/a	n/a	STATUS	n/a	n/a	D255
1480.8360000000	n/a	n/a	STATUS	n/a	n/a	DI66
1480.8840000000	n/a	n/a	STATUS	n/a	n/a	D255
1480.9240000000	n/a	n/a	STATUS	n/a	n/a	DI54
1480.9720000000	n/a	n/a	STATUS	n/a	n/a	D255
1481.3400000000	n/a	n/a	STATUS	n/a	n/a	DI34
1481.3920000000	n/a	n/a	STATUS	n/a	n/a	D255
1481.6480000000	n/a	n/a	STATUS	n/a	n/a	DIN5
1481.7000000000	n/a	n/a	STATUS	n/a	n/a	D255
1482.0640000000	n/a	n/a	STATUS	n/a	n/a	D241
1482.1160000000	n/a	n/a	STATUS	n/a	n/a	D255
1482.1520000000	n/a	n/a	STATUS	n/a	n/a	DI51
1482.2040000000	n/a	n/a	STATUS	n/a	n/a	D255
1482.5400000000	n/a	n/a	STATUS	n/a	n/a	DI21
1482.5880000000	n/a	n/a	STATUS	n/a	n/a	D255
1482.5920000000	n/a	n/a	STATUS	n/a	n/a	DIN4
1482.6440000000	n/a	n/a	STATUS	n/a	n/a	D255
1483.4000000000	n/a	n/a	STATUS	n/a	n/a	DIN5
1483.4480000000	n/a	n/a	STATUS	n/a	n/a	D255
1483.7720000000	n/a	n/a	STATUS	n/a	n/a	D107
1483.8240000000	n/a	n/a	STATUS	n/a	n/a	D255
1483.8600000000	n/a	n/a	STATUS	n/a	n/a	DI52
1483.9120000000	n/a	n/a	STATUS	n/a	n/a	D255
1484.3480000000	n/a	n/a	STATUS	n/a	n/a	DI42
1484.4000000000	n/a	n/a	STATUS	n/a	n/a	D255
1484.6560000000	n/a	n/a	STATUS	n/a	n/a	DIN5
1484.7080000000	n/a	n/a	STATUS	n/a	n/a	D255
1485.0960000000	n/a	n/a	STATUS	n/a	n/a	DI77
1485.1480000000	n/a	n/a	STATUS	n/a	n/a	D255
1485.1840000000	n/a	n/a	STATUS	n/a	n/a	DI51
1485.2360000000	n/a	n/a	STATUS	n/a	n/a	D255
1485.6800000000	n/a	n/a	STATUS	n/a	n/a	DI31
1485.7320000000	n/a	n/a	STATUS	n/a	n/a	D255
1485.9920000000	n/a	n/a	STATUS	n/a	n/a	DIN5
1486.0400000000	n/a	n/a	STATUS	n/a	n/a	D255
1486.4640000000	n/a	n/a	STATUS	n/a	n/a	D154
1486.5160000000	n/a	n/a	STATUS	n/a	n/a	D255
1486.5520000000	n/a	n/a	STATUS	n/a	n/a	DI53
1486.6040000000	n/a	n/a	STATUS	n/a	n/a	D255
1486.8880000000	n/a	n/a	STATUS	n/a	n/a	DI43
1486.9400000000	n/a	n/a	STATUS	n/a	n/a	D255
1487.2000000000	n/a	n/a	STATUS	n/a	n/a	DIN5
1487.2480000000	n/a	n/a	STATUS	n/a	n/a	D255
1487.7520000000	n/a	n/a	STATUS	n/a	n/a	D128
1487.8040000000	n/a	n/a	STATUS	n/a	n/a	D255
1487.8400000000	n/a	n/a	STATUS	n/a	n/a	DI53
1487.8920000000	n/a	n/a	STATUS	n/a	n/a	D255
1488.2160000000	n/a	n/a	STATUS	n/a	n/a	DI43
1488.2640000000	n/a	n/a	STATUS	n/a	n/a	D255
1488.5240000000	n/a	n/a	STATUS	n/a	n/a	DIN5
1488.5760000000	n/a	n/a	STATUS	n/a	n/a	D255
1489.0400000000	n/a	n/a	STATUS	n/a	n/a	D144
1489.0880000000	n/a	n/a	STATUS	n/a	n/a	D255
1489.1280000000	n/a	n/a	STATUS	n/a	n/a	DI51
1489.1760000000	n/a	n/a	STATUS	n/a	n/a	D255
1489.5600000000	n/a	n/a	STATUS	n/a	n/a	DI31
1489.6080000000	n/a	n/a	STATUS	n/a	n/a	D255
1489.8680000000	n/a	n/a	STATUS	n/a	n/a	DIN5
1489.9200000000	n/a	n/a	STATUS	n/a	n/a	D255
1490.3040000000	n/a	n/a	STATUS	n/a	n/a	D197
1490.3520000000	n/a	n/a	STATUS	n/a	n/a	D255
1490.3880000000	n/a	n/a	STATUS	n/a	n/a	DI52
1490.4400000000	n/a	n/a	STATUS	n/a	n/a	D255
1490.8040000000	n/a	n/a	STATUS	n/a	n/a	DI42
1490.8560000000	n/a	n/a	STATUS	n/a	n/a	D255
1491.1120000000	n/a	n/a	STATUS	n/a	n/a	DIN5
1491.1640000000	n/a	n/a	STATUS	n/a	n/a	D255
1491.4840000000	n/a	n/a	STATUS	n/a	n/a	D164
1491.5320000000	n/a	n/a	STATUS	n/a	n/a	D255
1491.5720000000	n/a	n/a	STATUS	n/a	n/a	DI51
1491.6200000000	n/a	n/a	STATUS	n/a	n/a	D255
1492.0200000000	n/a	n/a	STATUS	n/a	n/a	DI31
1492.0680000000	n/a	n/a	STATUS	n/a	n/a	D255
1492.3280000000	n/a	n/a	STATUS	n/a	n/a	DIN5
1492.3800000000	n/a	n/a	STATUS	n/a	n/a	D255
1492.7080000000	n/a	n/a	STATUS	n/a	n/a	D225
1492.7600000000	n/a	n/a	STATUS	n/a	n/a	D255
1492.7960000000	n/a	n/a	STATUS	n/a	n/a	DI52
1492.8480000000	n/a	n/a	STATUS	n/a	n/a	D255
1493.2240000000	n/a	n/a	STATUS	n/a	n/a	DI42
1493.2720000000	n/a	n/a	STATUS	n/a	n/a	D255
1493.5320000000	n/a	n/a	STATUS	n/a	n/a	DIN5
1493.5840000000	n/a	n/a	STATUS	n/a	n/a	D255
1493.9080000000	n/a	n/a	STATUS	n/a	n/a	D161
1493.9560000000	n/a	n/a	STATUS	n/a	n/a	D255
1493.9960000000	n/a	n/a	STATUS	n/a	n/a	DI53
1494.0440000000	n/a	n/a	STATUS	n/a	n/a	D255
1494.4400000000	n/a	n/a	STATUS	n/a	n/a	DI43
1494.4880000000	n/a	n/a	STATUS	n/a	n/a	D255
1494.7480000000	n/a	n/a	STATUS	n/a	n/a	DIN5
1494.8000000000	n/a	n/a	STATUS	n/a	n/a	D255
1495.2840000000	n/a	n/a	STATUS	n/a	n/a	D251
1495.3360000000	n/a	n/a	STATUS	n/a	n/a	D255
1495.3720000000	n/a	n/a	STATUS	n/a	n/a	DI51
1495.4200000000	n/a	n/a	STATUS	n/a	n/a	D255
1495.7920000000	n/a	n/a	STATUS	n/a	n/a	DI21
1495.8440000000	n/a	n/a	STATUS	n/a	n/a	D255
1495.8480000000	n/a	n/a	STATUS	n/a	n/a	DIN4
1495.8960000000	n/a	n/a	STATUS	n/a	n/a	D255
1496.6520000000	n/a	n/a	STATUS	n/a	n/a	DIN5
1496.7000000000	n/a	n/a	STATUS	n/a	n/a	D255
1497.0280000000	n/a	n/a	STATUS	n/a	n/a	DI74
1497.0760000000	n/a	n/a	STATUS	n/a	n/a	D255
1497.1160000000	n/a	n/a	STATUS	n/a	n/a	DI54
1497.1640000000	n/a	n/a	STATUS	n/a	n/a	D255
1497.5480000000	n/a	n/a	STATUS	n/a	n/a	DI34
1497.6000000000	n/a	n/a	STATUS	n/a	n/a	D255
1497.8600000000	n/a	n/a	STATUS	n/a	n/a	DIN5
1497.9080000000	n/a	n/a	STATUS	n/a	n/a	D255
1498.3080000000	n/a	n/a	STATUS	n/a	n/a	D176
1498.3600000000	n/a	n/a	STATUS	n/a	n/a	D255
1498.3960000000	n/a	n/a	STATUS	n/a	n/a	DI51
1498.4480000000	n/a	n/a	STATUS	n/a	n/a	D255
1498.8920000000	n/a	n/a	STATUS	n/a	n/a	DI31
1498.9440000000	n/a	n/a	STATUS	n/a	n/a	D255
1499.2000000000	n/a	n/a	STATUS	n/a	n/a	DIN5
1499.2520000000	n/a	n/a	STATUS	n/a	n/a	D255
1499.5640000000	n/a	n/a	STATUS	n/a	n/a	D233
1499.6160000000	n/a	n/a	STATUS	n/a	n/a	D255
1499.6520000000	n/a	n/a	STATUS	n/a	n/a	DI53
1499.7040000000	n/a	n/a	STATUS	n/a	n/a	D255
1500.0560000000	n/a	n/a	STATUS	n/a	n/a	DI43
1500.1040000000	n/a	n/a	STATUS	n/a	n/a	D255
1500.3640000000	n/a	n/a	STATUS	n/a	n/a	DIN5
1500.4160000000	n/a	n/a	STATUS	n/a	n/a	D255
1500.7800000000	n/a	n/a	STATUS	n/a	n/a	D250
1500.8320000000	n/a	n/a	STATUS	n/a	n/a	D255
1500.8680000000	n/a	n/a	STATUS	n/a	n/a	DI54
1500.9160000000	n/a	n/a	STATUS	n/a	n/a	D255
1501.3560000000	n/a	n/a	STATUS	n/a	n/a	DI24
1501.4080000000	n/a	n/a	STATUS	n/a	n/a	D255
1501.4120000000	n/a	n/a	STATUS	n/a	n/a	DIN4
1501.4640000000	n/a	n/a	STATUS	n/a	n/a	D255
1502.2160000000	n/a	n/a	STATUS	n/a	n/a	DIN5
1502.2680000000	n/a	n/a	STATUS	n/a	n/a	D255
1502.7400000000	n/a	n/a	STATUS	n/a	n/a	D167
1502.7920000000	n/a	n/a	STATUS	n/a	n/a	D255
1502.8280000000	n/a	n/a	STATUS	n/a	n/a	DI54
1502.8800000000	n/a	n/a	STATUS	n/a	n/a	D255
1503.3400000000	n/a	n/a	STATUS	n/a	n/a	DI34
1503.3920000000	n/a	n/a	STATUS	n/a	n/a	D255
1503.6480000000	n/a	n/a	STATUS	n/a	n/a	DIN5
1503.7000000000	n/a	n/a	STATUS	n/a	n/a	D255
1504.2000000000	n/a	n/a	STATUS	n/a	n/a	D222
1504.2480000000	n/a	n/a	STATUS	n/a	n/a	D255
1504.2880000000	n/a	n/a	STATUS	n/a	n/a	DI52
1504.3360000000	n/a	n/a	STATUS	n/a	n/a	D255
1504.7080000000	n/a	n/a	STATUS	n/a	n/a	DI42
1504.7560000000	n/a	n/a	STATUS	n/a	n/a	D255
1505.0160000000	n/a	n/a	STATUS	n/a	n/a	DIN5
1505.0640000000	n/a	n/a	STATUS	n/a	n/a	D255
1505.4360000000	n/a	n/a	STATUS	n/a	n/a	D208
1505.4880000000	n/a	n/a	STATUS	n/a	n/a	D255
1505.5240000000	n/a	n/a	STATUS	n/a	n/a	DI51
1505.5720000000	n/a	n/a	STATUS	n/a	n/a	D255
1506.0080000000	n/a	n/a	STATUS	n/a	n/a	DI31
1506.0560000000	n/a	n/a	STATUS	n/a	n/a	D255
1506.3160000000	n/a	n/a	STATUS	n/a	n/a	DIN5
1506.3640000000	n/a	n/a	STATUS	n/a	n/a	D255
1506.7840000000	n/a	n/a	STATUS	n/a	n/a	DI89
1506.8360000000	n/a	n/a	STATUS	n/a	n/a	D255
1506.8720000000	n/a	n/a	STATUS	n/a	n/a	DI54
1506.9240000000	n/a	n/a	STATUS	n/a	n/a	D255
1507.3080000000	n/a	n/a	STATUS	n/a	n/a	DI34
1507.3600000000	n/a	n/a	STATUS	n/a	n/a	D255
1507.6200000000	n/a	n/a	STATUS	n/a	n/a	DIN5
1507.6680000000	n/a	n/a	STATUS	n/a	n/a	D255
1508.1160000000	n/a	n/a	STATUS	n/a	n/a	D168
1508.1640000000	n/a	n/a	STATUS	n/a	n/a	D255
1508.2040000000	n/a	n/a	STATUS	n/a	n/a	DI53
1508.2560000000	n/a	n/a	STATUS	n/a	n/a	D255
1508.5720000000	n/a	n/a	STATUS	n/a	n/a	DI43
1508.6240000000	n/a	n/a	STATUS	n/a	n/a	D255
1508.8800000000	n/a	n/a	STATUS	n/a	n/a	DIN5
1508.9320000000	n/a	n/a	STATUS	n/a	n/a	D255
1509.3920000000	n/a	n/a	STATUS	n/a	n/a	D213
1509.4400000000	n/a	n/a	STATUS	n/a	n/a	D255
1509.4800000000	n/a	n/a	STATUS	n/a	n/a	DI52
1509.5280000000	n/a	n/a	STATUS	n/a	n/a	D255
1509.8960000000	n/a	n/a	STATUS	n/a	n/a	DI42
1509.9440000000	n/a	n/a	STATUS	n/a	n/a	D255
1510.2040000000	n/a	n/a	STATUS	n/a	n/a	DIN5
1510.2560000000	n/a	n/a	STATUS	n/a	n/a	D255
1510.6280000000	n/a	n/a	STATUS	n/a	n/a	D207
1510.6800000000	n/a	n/a	STATUS	n/a	n/a	D255
1510.7160000000	n/a	n/a	STATUS	n/a	n/a	DI52
1510.7680000000	n/a	n/a	STATUS	n/a	n/a	D255
1511.1520000000	n/a	n/a	STATUS	n/a	n/a	DI42
1511.2040000000	n/a	n/a	STATUS	n/a	n/a	D255
1511.4640000000	n/a	n/a	STATUS	n/a	n/a	DIN5
1511.5120000000	n/a	n/a	STATUS	n/a	n/a	D255
1511.8760000000	n/a	n/a	STATUS	n/a	n/a	D254
1511.9280000000	n/a	n/a	STATUS	n/a	n/a	D255
1511.9640000000	n/a	n/a	STATUS	n/a	n/a	DI53
1512.0120000000	n/a	n/a	STATUS	n/a	n/a	D255
1512.4680000000	n/a	n/a	STATUS	n/a	n/a	DI43
1512.5200000000	n/a	n/a	STATUS	n/a	n/a	D255
1512.7800000000	n/a	n/a	STATUS	n/a	n/a	DIN5
1512.8280000000	n/a	n/a	STATUS	n/a	n/a	D255
1513.1680000000	n/a	n/a	STATUS	n/a	n/a	DI76
1513.2200000000	n/a	n/a	STATUS	n/a	n/a	D255
1513.2560000000	n/a	n/a	STATUS	n/a	n/a	DI52
1513.3080000000	n/a	n/a	STATUS	n/a	n/a	D255
1513.7040000000	n/a	n/a	STATUS	n/a	n/a	DI42
1513.7560000000	n/a	n/a	STATUS	n/a	n/a	D255
1514.0160000000	n/a	n/a	STATUS	n/a	n/a	DIN5
1514.0640000000	n/a	n/a	STATUS	n/a	n/a	D255
1514.4440000000	n/a	n/a	STATUS	n/a	n/a	DI91
1514.4960000000	n/a	n/a	STATUS	n/a	n/a	D255
1514.5320000000	n/a	n/a	STATUS	n/a	n/a	DI51
1514.5840000000	n/a	n/a	STATUS	n/a	n/a	D255
1514.9720000000	n/a	n/a	STATUS	n/a	n/a	DI31
1515.0240000000	n/a	n/a	STATUS	n/a	n/a	D255
1515.2840000000	n/a	n/a	STATUS	n/a	n/a	DIN5
1515.3320000000	n/a	n/a	STATUS	n/a	n/a	D255
1515.8280000000	n/a	n/a	STATUS	n/a	n/a	D229
1515.8760000000	n/a	n/a	STATUS	n/a	n/a	D255
1515.9120000000	n/a	n/a	STATUS	n/a	n/a	DI51
1515.9640000000	n/a	n/a	STATUS	n/a	n/a	D255
1516.4160000000	n/a	n/a	STATUS	n/a	n/a	DI31
1516.4680000000	n/a	n/a	STATUS	n/a	n/a	D255
1516.7280000000	n/a	n/a	STATUS	n/a	n/a	DIN5
1516.7760000000	n/a	n/a	STATUS	n/a	n/a	D255
1517.2080000000	n/a	n/a	STATUS	n/a	n/a	D220
1517.2560000000	n/a	n/a	STATUS	n/a	n/a	D255
1517.2960000000	n/a	n/a	STATUS	n/a	n/a	DI52
1517.3440000000	n/a	n/a	STATUS	n/a	n/a	D255
1517.7560000000	n/a	n/a	STATUS	n/a	n/a	DI42
1517.8040000000	n/a	n/a	STATUS	n/a	n/a	D255
1518.0640000000	n/a	n/a	STATUS	n/a	n/a	DIN5
1518.1120000000	n/a	n/a	STATUS	n/a	n/a	D255
1518.5280000000	n/a	n/a	STATUS	n/a	n/a	D134
1518.5760000000	n/a	n/a	STATUS	n/a	n/a	D255
1518.6160000000	n/a	n/a	STATUS	n/a	n/a	DI51
1518.6640000000	n/a	n/a	STATUS	n/a	n/a	D255
1519.0400000000	n/a	n/a	STATUS	n/a	n/a	DI31
1519.0920000000	n/a	n/a	STATUS	n/a	n/a	D255
1519.3520000000	n/a	n/a	STATUS	n/a	n/a	DIN5
1519.4000000000	n/a	n/a	STATUS	n/a	n/a	D255
1519.7400000000	n/a	n/a	STATUS	n/a	n/a	D196
1519.7920000000	n/a	n/a	STATUS	n/a	n/a	D255
1519.8280000000	n/a	n/a	STATUS	n/a	n/a	DI54
1519.8800000000	n/a	n/a	STATUS	n/a	n/a	D255
1520.2280000000	n/a	n/a	STATUS	n/a	n/a	DI34
1520.2800000000	n/a	n/a	STATUS	n/a	n/a	D255
1520.5400000000	n/a	n/a	STATUS	n/a	n/a	DIN5
1520.5880000000	n/a	n/a	STATUS	n/a	n/a	D255
1521.0120000000	n/a	n/a	STATUS	n/a	n/a	D214
1521.0640000000	n/a	n/a	STATUS	n/a	n/a	D255
1521.1000000000	n/a	n/a	STATUS	n/a	n/a	DI51
1521.1520000000	n/a	n/a	STATUS	n/a	n/a	D255
1521.7480000000	n/a	n/a	STATUS	n/a	n/a	DI31
1521.8000000000	n/a	n/a	STATUS	n/a	n/a	D255
1522.0560000000	n/a	n/a	STATUS	n/a	n/a	DIN5
1522.1080000000	n/a	n/a	STATUS	n/a	n/a	D255
1522.5840000000	n/a	n/a	STATUS	n/a	n/a	D112
1522.6320000000	n/a	n/a	STATUS	n/a	n/a	D255
1522.6680000000	n/a	n/a	STATUS	n/a	n/a	DI54
1522.7200000000	n/a	n/a	STATUS	n/a	n/a	D255
1523.1000000000	n/a	n/a	STATUS	n/a	n/a	DI34
1523.1520000000	n/a	n/a	STATUS	n/a	n/a	D255
1523.4080000000	n/a	n/a	STATUS	n/a	n/a	DIN5
1523.4600000000	n/a	n/a	STATUS	n/a	n/a	D255
1523.9280000000	n/a	n/a	STATUS	n/a	n/a	D199
1523.9800000000	n/a	n/a	STATUS	n/a	n/a	D255
1524.0160000000	n/a	n/a	STATUS	n/a	n/a	DI53
1524.0680000000	n/a	n/a	STATUS	n/a	n/a	D255
1524.4320000000	n/a	n/a	STATUS	n/a	n/a	DI43
1524.4800000000	n/a	n/a	STATUS	n/a	n/a	D255
1524.7400000000	n/a	n/a	STATUS	n/a	n/a	DIN5
1524.7920000000	n/a	n/a	STATUS	n/a	n/a	D255
1525.2600000000	n/a	n/a	STATUS	n/a	n/a	D223
1525.3120000000	n/a	n/a	STATUS	n/a	n/a	D255
1525.3480000000	n/a	n/a	STATUS	n/a	n/a	DI54
1525.4000000000	n/a	n/a	STATUS	n/a	n/a	D255
1525.7240000000	n/a	n/a	STATUS	n/a	n/a	DI34
1525.7760000000	n/a	n/a	STATUS	n/a	n/a	D255
1526.0360000000	n/a	n/a	STATUS	n/a	n/a	DIN5
1526.0840000000	n/a	n/a	STATUS	n/a	n/a	D255
1526.5320000000	n/a	n/a	STATUS	n/a	n/a	D218
1526.5840000000	n/a	n/a	STATUS	n/a	n/a	D255
1526.6200000000	n/a	n/a	STATUS	n/a	n/a	DI53
1526.6720000000	n/a	n/a	STATUS	n/a	n/a	D255
1527.0400000000	n/a	n/a	STATUS	n/a	n/a	DI43
1527.0880000000	n/a	n/a	STATUS	n/a	n/a	D255
1527.3480000000	n/a	n/a	STATUS	n/a	n/a	DIN5
1527.4000000000	n/a	n/a	STATUS	n/a	n/a	D255
1527.8160000000	n/a	n/a	STATUS	n/a	n/a	DI85
1527.8680000000	n/a	n/a	STATUS	n/a	n/a	D255
1527.9040000000	n/a	n/a	STATUS	n/a	n/a	DI52
1527.9560000000	n/a	n/a	STATUS	n/a	n/a	D255
1528.3120000000	n/a	n/a	STATUS	n/a	n/a	DI42
1528.3600000000	n/a	n/a	STATUS	n/a	n/a	D255
1528.6200000000	n/a	n/a	STATUS	n/a	n/a	DIN5
1528.6680000000	n/a	n/a	STATUS	n/a	n/a	D255
1529.1600000000	n/a	n/a	STATUS	n/a	n/a	D184
1529.2080000000	n/a	n/a	STATUS	n/a	n/a	D255
1529.2480000000	n/a	n/a	STATUS	n/a	n/a	DI53
1529.2960000000	n/a	n/a	STATUS	n/a	n/a	D255
1529.6600000000	n/a	n/a	STATUS	n/a	n/a	DI43
1529.7080000000	n/a	n/a	STATUS	n/a	n/a	D255
1529.9680000000	n/a	n/a	STATUS	n/a	n/a	DIN5
1530.0200000000	n/a	n/a	STATUS	n/a	n/a	D255
1530.4040000000	n/a	n/a	STATUS	n/a	n/a	D221
1530.4520000000	n/a	n/a	STATUS	n/a	n/a	D255
1530.4920000000	n/a	n/a	STATUS	n/a	n/a	DI54
1530.5400000000	n/a	n/a	STATUS	n/a	n/a	D255
1530.9200000000	n/a	n/a	STATUS	n/a	n/a	DI34
1530.9680000000	n/a	n/a	STATUS	n/a	n/a	D255
1531.2280000000	n/a	n/a	STATUS	n/a	n/a	DIN5
1531.2800000000	n/a	n/a	STATUS	n/a	n/a	D255
1531.6120000000	n/a	n/a	STATUS	n/a	n/a	D139
1531.6640000000	n/a	n/a	STATUS	n/a	n/a	D255
1531.7000000000	n/a	n/a	STATUS	n/a	n/a	DI51
1531.7520000000	n/a	n/a	STATUS	n/a	n/a	D255
1532.2960000000	n/a	n/a	STATUS	n/a	n/a	DI21
1532.3440000000	n/a	n/a	STATUS	n/a	n/a	D255
1532.3480000000	n/a	n/a	STATUS	n/a	n/a	DIN4
1532.4000000000	n/a	n/a	STATUS	n/a	n/a	D255
1533.1520000000	n/a	n/a	STATUS	n/a	n/a	DIN5
1533.2040000000	n/a	n/a	STATUS	n/a	n/a	D255
1533.5320000000	n/a	n/a	STATUS	n/a	n/a	DI73
1533.5840000000	n/a	n/a	STATUS	n/a	n/a	D255
1533.6200000000	n/a	n/a	STATUS	n/a	n/a	DI51
1533.6720000000	n/a	n/a	STATUS	n/a	n/a	D255
1534.0640000000	n/a	n/a	STATUS	n/a	n/a	DI31
1534.1120000000	n/a	n/a	STATUS	n/a	n/a	D255
1534.3720000000	n/a	n/a	STATUS	n/a	n/a	DIN5
1534.4240000000	n/a	n/a	STATUS	n/a	n/a	D255
1534.8560000000	n/a	n/a	STATUS	n/a	n/a	D230
1534.9080000000	n/a	n/a	STATUS	n/a	n/a	D255
1534.9440000000	n/a	n/a	STATUS	n/a	n/a	DI53
1534.9960000000	n/a	n/a	STATUS	n/a	n/a	D255
1535.3000000000	n/a	n/a	STATUS	n/a	n/a	DI43
1535.3480000000	n/a	n/a	STATUS	n/a	n/a	D255
1535.6080000000	n/a	n/a	STATUS	n/a	n/a	DIN5
1535.6600000000	n/a	n/a	STATUS	n/a	n/a	D255
1535.9640000000	n/a	n/a	STATUS	n/a	n/a	DI87
1536.0120000000	n/a	n/a	STATUS	n/a	n/a	D255
1536.0480000000	n/a	n/a	STATUS	n/a	n/a	DI53
1536.1000000000	n/a	n/a	STATUS	n/a	n/a	D255
1536.4760000000	n/a	n/a	STATUS	n/a	n/a	DI43
1536.5280000000	n/a	n/a	STATUS	n/a	n/a	D255
1536.7880000000	n/a	n/a	STATUS	n/a	n/a	DIN5
1536.8360000000	n/a	n/a	STATUS	n/a	n/a	D255
1537.1800000000	n/a	n/a	STATUS	n/a	n/a	D215
1537.2320000000	n/a	n/a	STATUS	n/a	n/a	D255
1537.2680000000	n/a	n/a	STATUS	n/a	n/a	DI52
1537.3200000000	n/a	n/a	STATUS	n/a	n/a	D255
1537.7600000000	n/a	n/a	STATUS	n/a	n/a	DI42
1537.8080000000	n/a	n/a	STATUS	n/a	n/a	D255
1538.0680000000	n/a	n/a	STATUS	n/a	n/a	DIN5
1538.1160000000	n/a	n/a	STATUS	n/a	n/a	D255
1538.5840000000	n/a	n/a	STATUS	n/a	n/a	D219
1538.6320000000	n/a	n/a	STATUS	n/a	n/a	D255
1538.6720000000	n/a	n/a	STATUS	n/a	n/a	DI51
1538.7200000000	n/a	n/a	STATUS	n/a	n/a	D255
1539.1600000000	n/a	n/a	STATUS	n/a	n/a	DI31
1539.2080000000	n/a	n/a	STATUS	n/a	n/a	D255
1539.4680000000	n/a	n/a	STATUS	n/a	n/a	DIN5
1539.5160000000	n/a	n/a	STATUS	n/a	n/a	D255
1539.9560000000	n/a	n/a	STATUS	n/a	n/a	D132
1540.0080000000	n/a	n/a	STATUS	n/a	n/a	D255
1540.0440000000	n/a	n/a	STATUS	n/a	n/a	DI51
1540.0960000000	n/a	n/a	STATUS	n/a	n/a	D255
1540.4800000000	n/a	n/a	STATUS	n/a	n/a	DI31
1540.5280000000	n/a	n/a	STATUS	n/a	n/a	D255
1540.7880000000	n/a	n/a	STATUS	n/a	n/a	DIN5
1540.8360000000	n/a	n/a	STATUS	n/a	n/a	D255
1541.2520000000	n/a	n/a	STATUS	n/a	n/a	D116
1541.3040000000	n/a	n/a	STATUS	n/a	n/a	D255
1541.3400000000	n/a	n/a	STATUS	n/a	n/a	DI54
1541.3920000000	n/a	n/a	STATUS	n/a	n/a	D255
1541.6880000000	n/a	n/a	STATUS	n/a	n/a	DI34
1541.7360000000	n/a	n/a	STATUS	n/a	n/a	D255
1541.9960000000	n/a	n/a	STATUS	n/a	n/a	DIN5
1542.0480000000	n/a	n/a	STATUS	n/a	n/a	D255
1542.5480000000	n/a	n/a	STATUS	n/a	n/a	D200
1542.5960000000	n/a	n/a	STATUS	n/a	n/a	D255
1542.6320000000	n/a	n/a	STATUS	n/a	n/a	DI53
1542.6840000000	n/a	n/a	STATUS	n/a	n/a	D255
1542.9640000000	n/a	n/a	STATUS	n/a	n/a	DI43
1543.0120000000	n/a	n/a	STATUS	n/a	n/a	D255
1543.2720000000	n/a	n/a	STATUS	n/a	n/a	DIN5
1543.3240000000	n/a	n/a	STATUS	n/a	n/a	D255
1543.8280000000	n/a	n/a	STATUS	n/a	n/a	D151
1543.8760000000	n/a	n/a	STATUS	n/a	n/a	D255
1543.9160000000	n/a	n/a	STATUS	n/a	n/a	DI54
1543.9640000000	n/a	n/a	STATUS	n/a	n/a	D255
1544.2160000000	n/a	n/a	STATUS	n/a	n/a	DI34
1544.2640000000	n/a	n/a	STATUS	n/a	n/a	D255
1544.5240000000	n/a	n/a	STATUS	n/a	n/a	DIN5
1544.5760000000	n/a	n/a	STATUS	n/a	n/a	D255
1544.9840000000	n/a	n/a	STATUS	n/a	n/a	D177
1545.0360000000	n/a	n/a	STATUS	n/a	n/a	D255
1545.0720000000	n/a	n/a	STATUS	n/a	n/a	DI52
1545.1240000000	n/a	n/a	STATUS	n/a	n/a	D255
1545.4240000000	n/a	n/a	STATUS	n/a	n/a	DI12
1545.4720000000	n/a	n/a	STATUS	n/a	n/a	D255
1545.4760000000	n/a	n/a	STATUS	n/a	n/a	DIN4
1545.5280000000	n/a	n/a	STATUS	n/a	n/a	D255
1546.2800000000	n/a	n/a	STATUS	n/a	n/a	DIN5
1546.3320000000	n/a	n/a	STATUS	n/a	n/a	D255
1546.6600000000	n/a	n/a	STATUS	n/a	n/a	D145
1546.7120000000	n/a	n/a	STATUS	n/a	n/a	D255
1546.7480000000	n/a	n/a	STATUS	n/a	n/a	DI54
1546.8000000000	n/a	n/a	STATUS	n/a	n/a	D255
1547.1080000000	n/a	n/a	STATUS	n/a	n/a	DI34
1547.1560000000	n/a	n/a	STATUS	n/a	n/a	D255
1547.4160000000	n/a	n/a	STATUS	n/a	n/a	DIN5
1547.4680000000	n/a	n/a	STATUS	n/a	n/a	D255
1547.8600000000	n/a	n/a	STATUS	n/a	n/a	D148
1547.9120000000	n/a	n/a	STATUS	n/a	n/a	D255
1547.9480000000	n/a	n/a	STATUS	n/a	n/a	DI54
1547.9960000000	n/a	n/a	STATUS	n/a	n/a	D255
1548.3400000000	n/a	n/a	STATUS	n/a	n/a	DI34
1548.3880000000	n/a	n/a	STATUS	n/a	n/a	D255
1548.6480000000	n/a	n/a	STATUS	n/a	n/a	DIN5
1548.7000000000	n/a	n/a	STATUS	n/a	n/a	D255
1549.0720000000	n/a	n/a	STATUS	n/a	n/a	D212
1549.1240000000	n/a	n/a	STATUS	n/a	n/a	D255
1549.1600000000	n/a	n/a	STATUS	n/a	n/a	DI52
1549.2120000000	n/a	n/a	STATUS	n/a	n/a	D255
1549.5800000000	n/a	n/a	STATUS	n/a	n/a	DI42
1549.6320000000	n/a	n/a	STATUS	n/a	n/a	D255
1549.8920000000	n/a	n/a	STATUS	n/a	n/a	DIN5
1549.9400000000	n/a	n/a	STATUS	n/a	n/a	D255
1550.3320000000	n/a	n/a	STATUS	n/a	n/a	D146
1550.3800000000	n/a	n/a	STATUS	n/a	n/a	D255
1550.4200000000	n/a	n/a	STATUS	n/a	n/a	DI51
1550.4680000000	n/a	n/a	STATUS	n/a	n/a	D255
1550.8880000000	n/a	n/a	STATUS	n/a	n/a	DI31
1550.9360000000	n/a	n/a	STATUS	n/a	n/a	D255
1551.1960000000	n/a	n/a	STATUS	n/a	n/a	DIN5
1551.2480000000	n/a	n/a	STATUS	n/a	n/a	D255
1551.6440000000	n/a	n/a	STATUS	n/a	n/a	D249
1551.6960000000	n/a	n/a	STATUS	n/a	n/a	D255
1551.7320000000	n/a	n/a	STATUS	n/a	n/a	DI52
1551.7840000000	n/a	n/a	STATUS	n/a	n/a	D255
1552.1600000000	n/a	n/a	STATUS	n/a	n/a	DI12
1552.2120000000	n/a	n/a	STATUS	n/a	n/a	D255
1552.2160000000	n/a	n/a	STATUS	n/a	n/a	DIN4
1552.2640000000	n/a	n/a	STATUS	n/a	n/a	D255
1553.0200000000	n/a	n/a	STATUS	n/a	n/a	DIN5
1553.0680000000	n/a	n/a	STATUS	n/a	n/a	D255
1553.5720000000	n/a	n/a	STATUS	n/a	n/a	D242
1553.6200000000	n/a	n/a	STATUS	n/a	n/a	D255
1553.6600000000	n/a	n/a	STATUS	n/a	n/a	DI51
1553.7080000000	n/a	n/a	STATUS	n/a	n/a	D255
1554.2200000000	n/a	n/a	STATUS	n/a	n/a	DI31
1554.2680000000	n/a	n/a	STATUS	n/a	n/a	D255
1554.5280000000	n/a	n/a	STATUS	n/a	n/a	DIN5
1554.5760000000	n/a	n/a	STATUS	n/a	n/a	D255
1554.9040000000	n/a	n/a	STATUS	n/a	n/a	D174
1554.9520000000	n/a	n/a	STATUS	n/a	n/a	D255
1554.9920000000	n/a	n/a	STATUS	n/a	n/a	DI54
1555.0400000000	n/a	n/a	STATUS	n/a	n/a	D255
1555.3840000000	n/a	n/a	STATUS	n/a	n/a	DI34
1555.4360000000	n/a	n/a	STATUS	n/a	n/a	D255
1555.6960000000	n/a	n/a	STATUS	n/a	n/a	DIN5
1555.7440000000	n/a	n/a	STATUS	n/a	n/a	D255
1556.0840000000	n/a	n/a	STATUS	n/a	n/a	D187
1556.1360000000	n/a	n/a	STATUS	n/a	n/a	D255
1556.1720000000	n/a	n/a	STATUS	n/a	n/a	DI53
1556.2200000000	n/a	n/a	STATUS	n/a	n/a	D255
1556.5440000000	n/a	n/a	STATUS	n/a	n/a	DI43
1556.5960000000	n/a	n/a	STATUS	n/a	n/a	D255
1556.8560000000	n/a	n/a	STATUS	n/a	n/a	DIN5
1556.9040000000	n/a	n/a	STATUS	n/a	n/a	D255
1557.3800000000	n/a	n/a	STATUS	n/a	n/a	D155
1557.4280000000	n/a	n/a	STATUS	n/a	n/a	D255
1557.4680000000	n/a	n/a	STATUS	n/a	n/a	DI52
1557.5160000000	n/a	n/a	STATUS	n/a	n/a	D255
1557.8840000000	n/a	n/a	STATUS	n/a	n/a	DI42
1557.9360000000	n/a	n/a	STATUS	n/a	n/a	D255
1558.1920000000	n/a	n/a	STATUS	n/a	n/a	DIN5
1558.2440000000	n/a	n/a	STATUS	n/a	n/a	D255
1558.7200000000	n/a	n/a	STATUS	n/a	n/a	D209
1558.7680000000	n/a	n/a	STATUS	n/a	n/a	D255
1558.8080000000	n/a	n/a	STATUS	n/a	n/a	DI53
1558.8560000000	n/a	n/a	STATUS	n/a	n/a	D255
1559.2000000000	n/a	n/a	STATUS	n/a	n/a	DI43
1559.2520000000	n/a	n/a	STATUS	n/a	n/a	D255
