onset	duration	sample	trial_type	response_time	stim_file	value
192.6080000000	n/a	n/a	STATUS	n/a	n/a	DIN5
192.6600000000	n/a	n/a	STATUS	n/a	n/a	D255
193.0000000000	n/a	n/a	STATUS	n/a	n/a	D160
193.0480000000	n/a	n/a	STATUS	n/a	n/a	D255
193.0880000000	n/a	n/a	STATUS	n/a	n/a	DI53
193.1400000000	n/a	n/a	STATUS	n/a	n/a	D255
193.4240000000	n/a	n/a	STATUS	n/a	n/a	DI43
193.4760000000	n/a	n/a	STATUS	n/a	n/a	D255
193.7400000000	n/a	n/a	STATUS	n/a	n/a	DIN5
193.7880000000	n/a	n/a	STATUS	n/a	n/a	D255
194.1640000000	n/a	n/a	STATUS	n/a	n/a	D152
194.2120000000	n/a	n/a	STATUS	n/a	n/a	D255
194.2520000000	n/a	n/a	STATUS	n/a	n/a	DI52
194.3000000000	n/a	n/a	STATUS	n/a	n/a	D255
194.4440000000	n/a	n/a	STATUS	n/a	n/a	DI12
194.4960000000	n/a	n/a	STATUS	n/a	n/a	D255
194.5000000000	n/a	n/a	STATUS	n/a	n/a	DIN4
194.5480000000	n/a	n/a	STATUS	n/a	n/a	D255
195.3040000000	n/a	n/a	STATUS	n/a	n/a	DIN5
195.3560000000	n/a	n/a	STATUS	n/a	n/a	D255
195.7640000000	n/a	n/a	STATUS	n/a	n/a	D197
195.8160000000	n/a	n/a	STATUS	n/a	n/a	D255
195.8520000000	n/a	n/a	STATUS	n/a	n/a	DI54
195.9040000000	n/a	n/a	STATUS	n/a	n/a	D255
196.0920000000	n/a	n/a	STATUS	n/a	n/a	DI34
196.1400000000	n/a	n/a	STATUS	n/a	n/a	D255
196.4000000000	n/a	n/a	STATUS	n/a	n/a	DIN5
196.4520000000	n/a	n/a	STATUS	n/a	n/a	D255
196.7720000000	n/a	n/a	STATUS	n/a	n/a	D163
196.8200000000	n/a	n/a	STATUS	n/a	n/a	D255
196.8560000000	n/a	n/a	STATUS	n/a	n/a	DI52
196.9080000000	n/a	n/a	STATUS	n/a	n/a	D255
197.1000000000	n/a	n/a	STATUS	n/a	n/a	DI12
197.1480000000	n/a	n/a	STATUS	n/a	n/a	D255
197.1560000000	n/a	n/a	STATUS	n/a	n/a	DIN4
197.2040000000	n/a	n/a	STATUS	n/a	n/a	D255
197.9600000000	n/a	n/a	STATUS	n/a	n/a	DIN5
198.0080000000	n/a	n/a	STATUS	n/a	n/a	D255
198.4120000000	n/a	n/a	STATUS	n/a	n/a	D253
198.4640000000	n/a	n/a	STATUS	n/a	n/a	D255
198.5000000000	n/a	n/a	STATUS	n/a	n/a	DI54
198.5520000000	n/a	n/a	STATUS	n/a	n/a	D255
198.7360000000	n/a	n/a	STATUS	n/a	n/a	DI34
198.7880000000	n/a	n/a	STATUS	n/a	n/a	D255
199.0480000000	n/a	n/a	STATUS	n/a	n/a	DIN5
199.0960000000	n/a	n/a	STATUS	n/a	n/a	D255
199.4320000000	n/a	n/a	STATUS	n/a	n/a	D223
199.4800000000	n/a	n/a	STATUS	n/a	n/a	D255
199.5200000000	n/a	n/a	STATUS	n/a	n/a	DI53
199.5680000000	n/a	n/a	STATUS	n/a	n/a	D255
199.7360000000	n/a	n/a	STATUS	n/a	n/a	DI43
199.7880000000	n/a	n/a	STATUS	n/a	n/a	D255
200.0440000000	n/a	n/a	STATUS	n/a	n/a	DIN5
200.0960000000	n/a	n/a	STATUS	n/a	n/a	D255
200.5120000000	n/a	n/a	STATUS	n/a	n/a	D246
200.5600000000	n/a	n/a	STATUS	n/a	n/a	D255
200.5960000000	n/a	n/a	STATUS	n/a	n/a	DI51
200.6480000000	n/a	n/a	STATUS	n/a	n/a	D255
200.8520000000	n/a	n/a	STATUS	n/a	n/a	DI21
200.9040000000	n/a	n/a	STATUS	n/a	n/a	D255
200.9080000000	n/a	n/a	STATUS	n/a	n/a	DIN4
200.9560000000	n/a	n/a	STATUS	n/a	n/a	D255
201.7120000000	n/a	n/a	STATUS	n/a	n/a	DIN5
201.7640000000	n/a	n/a	STATUS	n/a	n/a	D255
202.2040000000	n/a	n/a	STATUS	n/a	n/a	D185
202.2520000000	n/a	n/a	STATUS	n/a	n/a	D255
202.2880000000	n/a	n/a	STATUS	n/a	n/a	DI54
202.3400000000	n/a	n/a	STATUS	n/a	n/a	D255
202.5920000000	n/a	n/a	STATUS	n/a	n/a	DI34
202.6400000000	n/a	n/a	STATUS	n/a	n/a	D255
202.9000000000	n/a	n/a	STATUS	n/a	n/a	DIN5
202.9520000000	n/a	n/a	STATUS	n/a	n/a	D255
203.3160000000	n/a	n/a	STATUS	n/a	n/a	D159
203.3640000000	n/a	n/a	STATUS	n/a	n/a	D255
203.4040000000	n/a	n/a	STATUS	n/a	n/a	DI53
203.4520000000	n/a	n/a	STATUS	n/a	n/a	D255
203.6120000000	n/a	n/a	STATUS	n/a	n/a	DI43
203.6640000000	n/a	n/a	STATUS	n/a	n/a	D255
203.9200000000	n/a	n/a	STATUS	n/a	n/a	DIN5
203.9720000000	n/a	n/a	STATUS	n/a	n/a	D255
204.4440000000	n/a	n/a	STATUS	n/a	n/a	D178
204.4960000000	n/a	n/a	STATUS	n/a	n/a	D255
204.5360000000	n/a	n/a	STATUS	n/a	n/a	DI51
204.5840000000	n/a	n/a	STATUS	n/a	n/a	D255
204.7680000000	n/a	n/a	STATUS	n/a	n/a	DI21
204.8160000000	n/a	n/a	STATUS	n/a	n/a	D255
204.8200000000	n/a	n/a	STATUS	n/a	n/a	DIN4
204.8720000000	n/a	n/a	STATUS	n/a	n/a	D255
205.6280000000	n/a	n/a	STATUS	n/a	n/a	DIN5
205.6760000000	n/a	n/a	STATUS	n/a	n/a	D255
205.9800000000	n/a	n/a	STATUS	n/a	n/a	D111
206.0320000000	n/a	n/a	STATUS	n/a	n/a	D255
206.0680000000	n/a	n/a	STATUS	n/a	n/a	DI52
206.1200000000	n/a	n/a	STATUS	n/a	n/a	D255
206.2760000000	n/a	n/a	STATUS	n/a	n/a	DI12
206.3240000000	n/a	n/a	STATUS	n/a	n/a	D255
206.3280000000	n/a	n/a	STATUS	n/a	n/a	DIN4
206.3800000000	n/a	n/a	STATUS	n/a	n/a	D255
207.1360000000	n/a	n/a	STATUS	n/a	n/a	DIN5
207.1840000000	n/a	n/a	STATUS	n/a	n/a	D255
207.5880000000	n/a	n/a	STATUS	n/a	n/a	D176
207.6400000000	n/a	n/a	STATUS	n/a	n/a	D255
207.6760000000	n/a	n/a	STATUS	n/a	n/a	DI52
207.7240000000	n/a	n/a	STATUS	n/a	n/a	D255
207.8720000000	n/a	n/a	STATUS	n/a	n/a	DI12
207.9240000000	n/a	n/a	STATUS	n/a	n/a	D255
207.9280000000	n/a	n/a	STATUS	n/a	n/a	DIN4
207.9800000000	n/a	n/a	STATUS	n/a	n/a	D255
208.7320000000	n/a	n/a	STATUS	n/a	n/a	DIN5
208.7840000000	n/a	n/a	STATUS	n/a	n/a	D255
209.2160000000	n/a	n/a	STATUS	n/a	n/a	D121
209.2680000000	n/a	n/a	STATUS	n/a	n/a	D255
209.3040000000	n/a	n/a	STATUS	n/a	n/a	DI53
209.3560000000	n/a	n/a	STATUS	n/a	n/a	D255
209.6120000000	n/a	n/a	STATUS	n/a	n/a	DI43
209.6600000000	n/a	n/a	STATUS	n/a	n/a	D255
209.9200000000	n/a	n/a	STATUS	n/a	n/a	DIN5
209.9680000000	n/a	n/a	STATUS	n/a	n/a	D255
210.4040000000	n/a	n/a	STATUS	n/a	n/a	D194
210.4560000000	n/a	n/a	STATUS	n/a	n/a	D255
210.4920000000	n/a	n/a	STATUS	n/a	n/a	DI52
210.5440000000	n/a	n/a	STATUS	n/a	n/a	D255
210.7800000000	n/a	n/a	STATUS	n/a	n/a	DI12
210.8280000000	n/a	n/a	STATUS	n/a	n/a	D255
210.8320000000	n/a	n/a	STATUS	n/a	n/a	DIN4
210.8840000000	n/a	n/a	STATUS	n/a	n/a	D255
211.6360000000	n/a	n/a	STATUS	n/a	n/a	DIN5
211.6880000000	n/a	n/a	STATUS	n/a	n/a	D255
212.1080000000	n/a	n/a	STATUS	n/a	n/a	DI76
212.1560000000	n/a	n/a	STATUS	n/a	n/a	D255
212.1960000000	n/a	n/a	STATUS	n/a	n/a	DI52
212.2440000000	n/a	n/a	STATUS	n/a	n/a	D255
212.3640000000	n/a	n/a	STATUS	n/a	n/a	DI12
212.4120000000	n/a	n/a	STATUS	n/a	n/a	D255
212.4160000000	n/a	n/a	STATUS	n/a	n/a	DIN4
212.4680000000	n/a	n/a	STATUS	n/a	n/a	D255
213.2240000000	n/a	n/a	STATUS	n/a	n/a	DIN5
213.2720000000	n/a	n/a	STATUS	n/a	n/a	D255
213.7680000000	n/a	n/a	STATUS	n/a	n/a	DI98
213.8160000000	n/a	n/a	STATUS	n/a	n/a	D255
213.8520000000	n/a	n/a	STATUS	n/a	n/a	DI54
213.9040000000	n/a	n/a	STATUS	n/a	n/a	D255
214.1400000000	n/a	n/a	STATUS	n/a	n/a	DI34
214.1880000000	n/a	n/a	STATUS	n/a	n/a	D255
214.4480000000	n/a	n/a	STATUS	n/a	n/a	DIN5
214.5000000000	n/a	n/a	STATUS	n/a	n/a	D255
214.9800000000	n/a	n/a	STATUS	n/a	n/a	D251
215.0280000000	n/a	n/a	STATUS	n/a	n/a	D255
215.0680000000	n/a	n/a	STATUS	n/a	n/a	DI54
215.1160000000	n/a	n/a	STATUS	n/a	n/a	D255
215.3440000000	n/a	n/a	STATUS	n/a	n/a	DI34
215.3920000000	n/a	n/a	STATUS	n/a	n/a	D255
215.6520000000	n/a	n/a	STATUS	n/a	n/a	DIN5
215.7040000000	n/a	n/a	STATUS	n/a	n/a	D255
216.1160000000	n/a	n/a	STATUS	n/a	n/a	D186
216.1680000000	n/a	n/a	STATUS	n/a	n/a	D255
216.2040000000	n/a	n/a	STATUS	n/a	n/a	DI54
216.2560000000	n/a	n/a	STATUS	n/a	n/a	D255
216.4600000000	n/a	n/a	STATUS	n/a	n/a	DI34
216.5080000000	n/a	n/a	STATUS	n/a	n/a	D255
216.7680000000	n/a	n/a	STATUS	n/a	n/a	DIN5
216.8160000000	n/a	n/a	STATUS	n/a	n/a	D255
217.1720000000	n/a	n/a	STATUS	n/a	n/a	D120
217.2240000000	n/a	n/a	STATUS	n/a	n/a	D255
217.2600000000	n/a	n/a	STATUS	n/a	n/a	DI53
217.3120000000	n/a	n/a	STATUS	n/a	n/a	D255
217.5600000000	n/a	n/a	STATUS	n/a	n/a	DI43
217.6120000000	n/a	n/a	STATUS	n/a	n/a	D255
217.8680000000	n/a	n/a	STATUS	n/a	n/a	DIN5
217.9200000000	n/a	n/a	STATUS	n/a	n/a	D255
218.2400000000	n/a	n/a	STATUS	n/a	n/a	D236
218.2880000000	n/a	n/a	STATUS	n/a	n/a	D255
218.3240000000	n/a	n/a	STATUS	n/a	n/a	DI52
218.3760000000	n/a	n/a	STATUS	n/a	n/a	D255
218.7040000000	n/a	n/a	STATUS	n/a	n/a	DI42
218.7560000000	n/a	n/a	STATUS	n/a	n/a	D255
219.0160000000	n/a	n/a	STATUS	n/a	n/a	DIN5
219.0640000000	n/a	n/a	STATUS	n/a	n/a	D255
219.3680000000	n/a	n/a	STATUS	n/a	n/a	D158
219.4200000000	n/a	n/a	STATUS	n/a	n/a	D255
219.4560000000	n/a	n/a	STATUS	n/a	n/a	DI54
219.5080000000	n/a	n/a	STATUS	n/a	n/a	D255
219.6880000000	n/a	n/a	STATUS	n/a	n/a	DI34
219.7360000000	n/a	n/a	STATUS	n/a	n/a	D255
219.9960000000	n/a	n/a	STATUS	n/a	n/a	DIN5
220.0440000000	n/a	n/a	STATUS	n/a	n/a	D255
220.4720000000	n/a	n/a	STATUS	n/a	n/a	D102
220.5200000000	n/a	n/a	STATUS	n/a	n/a	D255
220.5600000000	n/a	n/a	STATUS	n/a	n/a	DI51
220.6080000000	n/a	n/a	STATUS	n/a	n/a	D255
220.7360000000	n/a	n/a	STATUS	n/a	n/a	DI21
220.7880000000	n/a	n/a	STATUS	n/a	n/a	D255
220.7920000000	n/a	n/a	STATUS	n/a	n/a	DIN4
220.8400000000	n/a	n/a	STATUS	n/a	n/a	D255
221.5960000000	n/a	n/a	STATUS	n/a	n/a	DIN5
221.6440000000	n/a	n/a	STATUS	n/a	n/a	D255
222.0200000000	n/a	n/a	STATUS	n/a	n/a	D202
222.0680000000	n/a	n/a	STATUS	n/a	n/a	D255
222.1080000000	n/a	n/a	STATUS	n/a	n/a	DI54
222.1560000000	n/a	n/a	STATUS	n/a	n/a	D255
222.3600000000	n/a	n/a	STATUS	n/a	n/a	DI34
222.4120000000	n/a	n/a	STATUS	n/a	n/a	D255
222.6680000000	n/a	n/a	STATUS	n/a	n/a	DIN5
222.7200000000	n/a	n/a	STATUS	n/a	n/a	D255
223.1600000000	n/a	n/a	STATUS	n/a	n/a	D180
223.2080000000	n/a	n/a	STATUS	n/a	n/a	D255
223.2440000000	n/a	n/a	STATUS	n/a	n/a	DI52
223.2960000000	n/a	n/a	STATUS	n/a	n/a	D255
223.5880000000	n/a	n/a	STATUS	n/a	n/a	DI12
223.6400000000	n/a	n/a	STATUS	n/a	n/a	D255
223.6440000000	n/a	n/a	STATUS	n/a	n/a	DIN4
223.6920000000	n/a	n/a	STATUS	n/a	n/a	D255
224.4480000000	n/a	n/a	STATUS	n/a	n/a	DIN5
224.4960000000	n/a	n/a	STATUS	n/a	n/a	D255
224.9960000000	n/a	n/a	STATUS	n/a	n/a	D126
225.0480000000	n/a	n/a	STATUS	n/a	n/a	D255
225.0840000000	n/a	n/a	STATUS	n/a	n/a	DI51
225.1360000000	n/a	n/a	STATUS	n/a	n/a	D255
225.3280000000	n/a	n/a	STATUS	n/a	n/a	DI21
225.3760000000	n/a	n/a	STATUS	n/a	n/a	D255
225.3800000000	n/a	n/a	STATUS	n/a	n/a	DIN4
225.4320000000	n/a	n/a	STATUS	n/a	n/a	D255
226.1840000000	n/a	n/a	STATUS	n/a	n/a	DIN5
226.2360000000	n/a	n/a	STATUS	n/a	n/a	D255
226.6440000000	n/a	n/a	STATUS	n/a	n/a	D122
226.6960000000	n/a	n/a	STATUS	n/a	n/a	D255
226.7320000000	n/a	n/a	STATUS	n/a	n/a	DI53
226.7840000000	n/a	n/a	STATUS	n/a	n/a	D255
227.0240000000	n/a	n/a	STATUS	n/a	n/a	DI13
227.0720000000	n/a	n/a	STATUS	n/a	n/a	D255
227.0760000000	n/a	n/a	STATUS	n/a	n/a	DIN4
227.1280000000	n/a	n/a	STATUS	n/a	n/a	D255
227.8840000000	n/a	n/a	STATUS	n/a	n/a	DIN5
227.9320000000	n/a	n/a	STATUS	n/a	n/a	D255
228.3600000000	n/a	n/a	STATUS	n/a	n/a	DI82
228.4120000000	n/a	n/a	STATUS	n/a	n/a	D255
228.4480000000	n/a	n/a	STATUS	n/a	n/a	DI51
228.5000000000	n/a	n/a	STATUS	n/a	n/a	D255
228.7000000000	n/a	n/a	STATUS	n/a	n/a	DI21
228.7520000000	n/a	n/a	STATUS	n/a	n/a	D255
228.7560000000	n/a	n/a	STATUS	n/a	n/a	DIN4
228.8040000000	n/a	n/a	STATUS	n/a	n/a	D255
229.5600000000	n/a	n/a	STATUS	n/a	n/a	DIN5
229.6120000000	n/a	n/a	STATUS	n/a	n/a	D255
229.9400000000	n/a	n/a	STATUS	n/a	n/a	D103
229.9920000000	n/a	n/a	STATUS	n/a	n/a	D255
230.0280000000	n/a	n/a	STATUS	n/a	n/a	DI52
230.0760000000	n/a	n/a	STATUS	n/a	n/a	D255
230.2800000000	n/a	n/a	STATUS	n/a	n/a	DI12
230.3280000000	n/a	n/a	STATUS	n/a	n/a	D255
230.3360000000	n/a	n/a	STATUS	n/a	n/a	DIN4
230.3840000000	n/a	n/a	STATUS	n/a	n/a	D255
231.1400000000	n/a	n/a	STATUS	n/a	n/a	DIN5
231.1880000000	n/a	n/a	STATUS	n/a	n/a	D255
231.6480000000	n/a	n/a	STATUS	n/a	n/a	D217
231.7000000000	n/a	n/a	STATUS	n/a	n/a	D255
231.7360000000	n/a	n/a	STATUS	n/a	n/a	DI51
231.7880000000	n/a	n/a	STATUS	n/a	n/a	D255
231.9480000000	n/a	n/a	STATUS	n/a	n/a	DI21
231.9960000000	n/a	n/a	STATUS	n/a	n/a	D255
232.0000000000	n/a	n/a	STATUS	n/a	n/a	DIN4
232.0520000000	n/a	n/a	STATUS	n/a	n/a	D255
232.8040000000	n/a	n/a	STATUS	n/a	n/a	DIN5
232.8560000000	n/a	n/a	STATUS	n/a	n/a	D255
233.1760000000	n/a	n/a	STATUS	n/a	n/a	DI88
233.2240000000	n/a	n/a	STATUS	n/a	n/a	D255
233.2640000000	n/a	n/a	STATUS	n/a	n/a	DI52
233.3120000000	n/a	n/a	STATUS	n/a	n/a	D255
233.6960000000	n/a	n/a	STATUS	n/a	n/a	DI42
233.7480000000	n/a	n/a	STATUS	n/a	n/a	D255
234.0080000000	n/a	n/a	STATUS	n/a	n/a	DIN5
234.0560000000	n/a	n/a	STATUS	n/a	n/a	D255
234.4680000000	n/a	n/a	STATUS	n/a	n/a	D235
234.5160000000	n/a	n/a	STATUS	n/a	n/a	D255
234.5560000000	n/a	n/a	STATUS	n/a	n/a	DI52
234.6040000000	n/a	n/a	STATUS	n/a	n/a	D255
234.9560000000	n/a	n/a	STATUS	n/a	n/a	DI42
235.0080000000	n/a	n/a	STATUS	n/a	n/a	D255
235.2680000000	n/a	n/a	STATUS	n/a	n/a	DIN5
235.3160000000	n/a	n/a	STATUS	n/a	n/a	D255
235.7600000000	n/a	n/a	STATUS	n/a	n/a	DI79
235.8120000000	n/a	n/a	STATUS	n/a	n/a	D255
235.8480000000	n/a	n/a	STATUS	n/a	n/a	DI52
235.9000000000	n/a	n/a	STATUS	n/a	n/a	D255
236.2560000000	n/a	n/a	STATUS	n/a	n/a	DI42
236.3080000000	n/a	n/a	STATUS	n/a	n/a	D255
236.5680000000	n/a	n/a	STATUS	n/a	n/a	DIN5
236.6160000000	n/a	n/a	STATUS	n/a	n/a	D255
237.0360000000	n/a	n/a	STATUS	n/a	n/a	D131
237.0880000000	n/a	n/a	STATUS	n/a	n/a	D255
237.1240000000	n/a	n/a	STATUS	n/a	n/a	DI51
237.1760000000	n/a	n/a	STATUS	n/a	n/a	D255
237.4320000000	n/a	n/a	STATUS	n/a	n/a	DI21
237.4840000000	n/a	n/a	STATUS	n/a	n/a	D255
237.4880000000	n/a	n/a	STATUS	n/a	n/a	DIN4
237.5360000000	n/a	n/a	STATUS	n/a	n/a	D255
238.2920000000	n/a	n/a	STATUS	n/a	n/a	DIN5
238.3400000000	n/a	n/a	STATUS	n/a	n/a	D255
238.6960000000	n/a	n/a	STATUS	n/a	n/a	D232
238.7480000000	n/a	n/a	STATUS	n/a	n/a	D255
238.7840000000	n/a	n/a	STATUS	n/a	n/a	DI51
238.8360000000	n/a	n/a	STATUS	n/a	n/a	D255
239.0480000000	n/a	n/a	STATUS	n/a	n/a	DI21
239.1000000000	n/a	n/a	STATUS	n/a	n/a	D255
239.1040000000	n/a	n/a	STATUS	n/a	n/a	DIN4
239.1520000000	n/a	n/a	STATUS	n/a	n/a	D255
239.9080000000	n/a	n/a	STATUS	n/a	n/a	DIN5
239.9560000000	n/a	n/a	STATUS	n/a	n/a	D255
240.2920000000	n/a	n/a	STATUS	n/a	n/a	DI74
240.3400000000	n/a	n/a	STATUS	n/a	n/a	D255
240.3800000000	n/a	n/a	STATUS	n/a	n/a	DI52
240.4280000000	n/a	n/a	STATUS	n/a	n/a	D255
240.6440000000	n/a	n/a	STATUS	n/a	n/a	DI12
240.6920000000	n/a	n/a	STATUS	n/a	n/a	D255
240.6960000000	n/a	n/a	STATUS	n/a	n/a	DIN4
240.7480000000	n/a	n/a	STATUS	n/a	n/a	D255
241.5040000000	n/a	n/a	STATUS	n/a	n/a	DIN5
241.5520000000	n/a	n/a	STATUS	n/a	n/a	D255
242.0120000000	n/a	n/a	STATUS	n/a	n/a	D213
242.0600000000	n/a	n/a	STATUS	n/a	n/a	D255
242.0960000000	n/a	n/a	STATUS	n/a	n/a	DI51
242.1480000000	n/a	n/a	STATUS	n/a	n/a	D255
242.4520000000	n/a	n/a	STATUS	n/a	n/a	DI31
242.5000000000	n/a	n/a	STATUS	n/a	n/a	D255
242.7600000000	n/a	n/a	STATUS	n/a	n/a	DIN5
242.8080000000	n/a	n/a	STATUS	n/a	n/a	D255
243.2880000000	n/a	n/a	STATUS	n/a	n/a	D173
243.3400000000	n/a	n/a	STATUS	n/a	n/a	D255
243.3760000000	n/a	n/a	STATUS	n/a	n/a	DI54
243.4280000000	n/a	n/a	STATUS	n/a	n/a	D255
243.6360000000	n/a	n/a	STATUS	n/a	n/a	DI34
243.6840000000	n/a	n/a	STATUS	n/a	n/a	D255
243.9440000000	n/a	n/a	STATUS	n/a	n/a	DIN5
243.9920000000	n/a	n/a	STATUS	n/a	n/a	D255
244.3120000000	n/a	n/a	STATUS	n/a	n/a	D203
244.3640000000	n/a	n/a	STATUS	n/a	n/a	D255
244.4000000000	n/a	n/a	STATUS	n/a	n/a	DI54
244.4520000000	n/a	n/a	STATUS	n/a	n/a	D255
244.6520000000	n/a	n/a	STATUS	n/a	n/a	DI34
244.7000000000	n/a	n/a	STATUS	n/a	n/a	D255
244.9600000000	n/a	n/a	STATUS	n/a	n/a	DIN5
245.0120000000	n/a	n/a	STATUS	n/a	n/a	D255
245.3800000000	n/a	n/a	STATUS	n/a	n/a	D218
245.4320000000	n/a	n/a	STATUS	n/a	n/a	D255
245.4680000000	n/a	n/a	STATUS	n/a	n/a	DI54
245.5160000000	n/a	n/a	STATUS	n/a	n/a	D255
245.7080000000	n/a	n/a	STATUS	n/a	n/a	DI34
245.7560000000	n/a	n/a	STATUS	n/a	n/a	D255
246.0160000000	n/a	n/a	STATUS	n/a	n/a	DIN5
246.0680000000	n/a	n/a	STATUS	n/a	n/a	D255
246.4360000000	n/a	n/a	STATUS	n/a	n/a	D188
246.4840000000	n/a	n/a	STATUS	n/a	n/a	D255
246.5200000000	n/a	n/a	STATUS	n/a	n/a	DI52
246.5720000000	n/a	n/a	STATUS	n/a	n/a	D255
246.7440000000	n/a	n/a	STATUS	n/a	n/a	DI12
246.7960000000	n/a	n/a	STATUS	n/a	n/a	D255
246.8000000000	n/a	n/a	STATUS	n/a	n/a	DIN4
246.8480000000	n/a	n/a	STATUS	n/a	n/a	D255
247.6040000000	n/a	n/a	STATUS	n/a	n/a	DIN5
247.6560000000	n/a	n/a	STATUS	n/a	n/a	D255
248.1320000000	n/a	n/a	STATUS	n/a	n/a	D172
248.1840000000	n/a	n/a	STATUS	n/a	n/a	D255
248.2240000000	n/a	n/a	STATUS	n/a	n/a	DI53
248.2720000000	n/a	n/a	STATUS	n/a	n/a	D255
248.4200000000	n/a	n/a	STATUS	n/a	n/a	DI43
248.4680000000	n/a	n/a	STATUS	n/a	n/a	D255
248.7280000000	n/a	n/a	STATUS	n/a	n/a	DIN5
248.7800000000	n/a	n/a	STATUS	n/a	n/a	D255
249.2440000000	n/a	n/a	STATUS	n/a	n/a	D150
249.2920000000	n/a	n/a	STATUS	n/a	n/a	D255
249.3320000000	n/a	n/a	STATUS	n/a	n/a	DI52
249.3800000000	n/a	n/a	STATUS	n/a	n/a	D255
249.6960000000	n/a	n/a	STATUS	n/a	n/a	DI12
249.7440000000	n/a	n/a	STATUS	n/a	n/a	D255
249.7480000000	n/a	n/a	STATUS	n/a	n/a	DIN4
249.8000000000	n/a	n/a	STATUS	n/a	n/a	D255
250.5520000000	n/a	n/a	STATUS	n/a	n/a	DIN5
250.6040000000	n/a	n/a	STATUS	n/a	n/a	D255
251.1080000000	n/a	n/a	STATUS	n/a	n/a	DI81
251.1600000000	n/a	n/a	STATUS	n/a	n/a	D255
251.1960000000	n/a	n/a	STATUS	n/a	n/a	DI53
251.2480000000	n/a	n/a	STATUS	n/a	n/a	D255
251.5040000000	n/a	n/a	STATUS	n/a	n/a	DI43
251.5520000000	n/a	n/a	STATUS	n/a	n/a	D255
251.8120000000	n/a	n/a	STATUS	n/a	n/a	DIN5
251.8640000000	n/a	n/a	STATUS	n/a	n/a	D255
252.1960000000	n/a	n/a	STATUS	n/a	n/a	D175
252.2480000000	n/a	n/a	STATUS	n/a	n/a	D255
252.2840000000	n/a	n/a	STATUS	n/a	n/a	DI53
252.3320000000	n/a	n/a	STATUS	n/a	n/a	D255
252.5680000000	n/a	n/a	STATUS	n/a	n/a	DI43
252.6200000000	n/a	n/a	STATUS	n/a	n/a	D255
252.8800000000	n/a	n/a	STATUS	n/a	n/a	DIN5
252.9280000000	n/a	n/a	STATUS	n/a	n/a	D255
253.3440000000	n/a	n/a	STATUS	n/a	n/a	DI91
253.3960000000	n/a	n/a	STATUS	n/a	n/a	D255
253.4320000000	n/a	n/a	STATUS	n/a	n/a	DI53
253.4840000000	n/a	n/a	STATUS	n/a	n/a	D255
253.6680000000	n/a	n/a	STATUS	n/a	n/a	DI43
253.7160000000	n/a	n/a	STATUS	n/a	n/a	D255
253.9760000000	n/a	n/a	STATUS	n/a	n/a	DIN5
254.0240000000	n/a	n/a	STATUS	n/a	n/a	D255
254.4120000000	n/a	n/a	STATUS	n/a	n/a	D171
254.4600000000	n/a	n/a	STATUS	n/a	n/a	D255
254.5000000000	n/a	n/a	STATUS	n/a	n/a	DI52
254.5480000000	n/a	n/a	STATUS	n/a	n/a	D255
254.7440000000	n/a	n/a	STATUS	n/a	n/a	DI12
254.7920000000	n/a	n/a	STATUS	n/a	n/a	D255
254.7960000000	n/a	n/a	STATUS	n/a	n/a	DIN4
254.8480000000	n/a	n/a	STATUS	n/a	n/a	D255
255.6000000000	n/a	n/a	STATUS	n/a	n/a	DIN5
255.6520000000	n/a	n/a	STATUS	n/a	n/a	D255
255.9760000000	n/a	n/a	STATUS	n/a	n/a	D140
256.0280000000	n/a	n/a	STATUS	n/a	n/a	D255
256.0640000000	n/a	n/a	STATUS	n/a	n/a	DI54
256.1160000000	n/a	n/a	STATUS	n/a	n/a	D255
256.3320000000	n/a	n/a	STATUS	n/a	n/a	DI34
256.3840000000	n/a	n/a	STATUS	n/a	n/a	D255
256.6440000000	n/a	n/a	STATUS	n/a	n/a	DIN5
256.6920000000	n/a	n/a	STATUS	n/a	n/a	D255
257.1480000000	n/a	n/a	STATUS	n/a	n/a	D117
257.1960000000	n/a	n/a	STATUS	n/a	n/a	D255
257.2360000000	n/a	n/a	STATUS	n/a	n/a	DI51
257.2840000000	n/a	n/a	STATUS	n/a	n/a	D255
257.4800000000	n/a	n/a	STATUS	n/a	n/a	DI21
257.5280000000	n/a	n/a	STATUS	n/a	n/a	D255
257.5320000000	n/a	n/a	STATUS	n/a	n/a	DIN4
257.5840000000	n/a	n/a	STATUS	n/a	n/a	D255
258.3400000000	n/a	n/a	STATUS	n/a	n/a	DIN5
258.3880000000	n/a	n/a	STATUS	n/a	n/a	D255
258.7720000000	n/a	n/a	STATUS	n/a	n/a	D148
258.8240000000	n/a	n/a	STATUS	n/a	n/a	D255
258.8600000000	n/a	n/a	STATUS	n/a	n/a	DI53
258.9120000000	n/a	n/a	STATUS	n/a	n/a	D255
259.1440000000	n/a	n/a	STATUS	n/a	n/a	DI43
259.1920000000	n/a	n/a	STATUS	n/a	n/a	D255
259.4520000000	n/a	n/a	STATUS	n/a	n/a	DIN5
259.5040000000	n/a	n/a	STATUS	n/a	n/a	D255
259.9320000000	n/a	n/a	STATUS	n/a	n/a	D168
259.9800000000	n/a	n/a	STATUS	n/a	n/a	D255
260.0200000000	n/a	n/a	STATUS	n/a	n/a	DI53
260.0680000000	n/a	n/a	STATUS	n/a	n/a	D255
260.3520000000	n/a	n/a	STATUS	n/a	n/a	DI43
260.4040000000	n/a	n/a	STATUS	n/a	n/a	D255
260.6600000000	n/a	n/a	STATUS	n/a	n/a	DIN5
260.7120000000	n/a	n/a	STATUS	n/a	n/a	D255
261.1920000000	n/a	n/a	STATUS	n/a	n/a	D193
261.2400000000	n/a	n/a	STATUS	n/a	n/a	D255
261.2800000000	n/a	n/a	STATUS	n/a	n/a	DI54
261.3280000000	n/a	n/a	STATUS	n/a	n/a	D255
261.4760000000	n/a	n/a	STATUS	n/a	n/a	DI34
261.5280000000	n/a	n/a	STATUS	n/a	n/a	D255
261.7840000000	n/a	n/a	STATUS	n/a	n/a	DIN5
261.8360000000	n/a	n/a	STATUS	n/a	n/a	D255
262.3040000000	n/a	n/a	STATUS	n/a	n/a	D144
262.3560000000	n/a	n/a	STATUS	n/a	n/a	D255
262.3920000000	n/a	n/a	STATUS	n/a	n/a	DI53
262.4400000000	n/a	n/a	STATUS	n/a	n/a	D255
262.6560000000	n/a	n/a	STATUS	n/a	n/a	DI43
262.7040000000	n/a	n/a	STATUS	n/a	n/a	D255
262.9640000000	n/a	n/a	STATUS	n/a	n/a	DIN5
263.0160000000	n/a	n/a	STATUS	n/a	n/a	D255
263.4480000000	n/a	n/a	STATUS	n/a	n/a	D201
263.5000000000	n/a	n/a	STATUS	n/a	n/a	D255
263.5360000000	n/a	n/a	STATUS	n/a	n/a	DI52
263.5880000000	n/a	n/a	STATUS	n/a	n/a	D255
263.8520000000	n/a	n/a	STATUS	n/a	n/a	DI12
263.9040000000	n/a	n/a	STATUS	n/a	n/a	D255
263.9080000000	n/a	n/a	STATUS	n/a	n/a	DIN4
263.9560000000	n/a	n/a	STATUS	n/a	n/a	D255
264.7120000000	n/a	n/a	STATUS	n/a	n/a	DIN5
264.7600000000	n/a	n/a	STATUS	n/a	n/a	D255
265.2400000000	n/a	n/a	STATUS	n/a	n/a	DI96
265.2920000000	n/a	n/a	STATUS	n/a	n/a	D255
265.3280000000	n/a	n/a	STATUS	n/a	n/a	DI53
265.3800000000	n/a	n/a	STATUS	n/a	n/a	D255
266.4080000000	n/a	n/a	STATUS	n/a	n/a	DIN3
266.4560000000	n/a	n/a	STATUS	n/a	n/a	D255
267.2120000000	n/a	n/a	STATUS	n/a	n/a	DIN5
267.2640000000	n/a	n/a	STATUS	n/a	n/a	D255
267.6400000000	n/a	n/a	STATUS	n/a	n/a	D204
267.6920000000	n/a	n/a	STATUS	n/a	n/a	D255
267.6920000000	n/a	n/a	STATUS	n/a	n/a	D237
267.7280000000	n/a	n/a	STATUS	n/a	n/a	DI51
267.7800000000	n/a	n/a	STATUS	n/a	n/a	D255
268.0800000000	n/a	n/a	STATUS	n/a	n/a	DI31
268.1280000000	n/a	n/a	STATUS	n/a	n/a	D255
268.3880000000	n/a	n/a	STATUS	n/a	n/a	DIN5
268.4400000000	n/a	n/a	STATUS	n/a	n/a	D255
268.7640000000	n/a	n/a	STATUS	n/a	n/a	D164
268.8120000000	n/a	n/a	STATUS	n/a	n/a	D255
268.8520000000	n/a	n/a	STATUS	n/a	n/a	DI54
268.9040000000	n/a	n/a	STATUS	n/a	n/a	D255
269.1120000000	n/a	n/a	STATUS	n/a	n/a	DI34
269.1640000000	n/a	n/a	STATUS	n/a	n/a	D255
269.4240000000	n/a	n/a	STATUS	n/a	n/a	DIN5
269.4720000000	n/a	n/a	STATUS	n/a	n/a	D255
269.7840000000	n/a	n/a	STATUS	n/a	n/a	D146
269.8320000000	n/a	n/a	STATUS	n/a	n/a	D255
269.8680000000	n/a	n/a	STATUS	n/a	n/a	DI52
269.9200000000	n/a	n/a	STATUS	n/a	n/a	D255
270.0960000000	n/a	n/a	STATUS	n/a	n/a	DI12
270.1480000000	n/a	n/a	STATUS	n/a	n/a	D255
270.1520000000	n/a	n/a	STATUS	n/a	n/a	DIN4
270.2040000000	n/a	n/a	STATUS	n/a	n/a	D255
270.9560000000	n/a	n/a	STATUS	n/a	n/a	DIN5
271.0080000000	n/a	n/a	STATUS	n/a	n/a	D255
271.3360000000	n/a	n/a	STATUS	n/a	n/a	DI87
271.3880000000	n/a	n/a	STATUS	n/a	n/a	D255
271.4240000000	n/a	n/a	STATUS	n/a	n/a	DI54
271.4720000000	n/a	n/a	STATUS	n/a	n/a	D255
271.6560000000	n/a	n/a	STATUS	n/a	n/a	DI34
271.7080000000	n/a	n/a	STATUS	n/a	n/a	D255
271.9640000000	n/a	n/a	STATUS	n/a	n/a	DIN5
272.0160000000	n/a	n/a	STATUS	n/a	n/a	D255
272.4560000000	n/a	n/a	STATUS	n/a	n/a	D215
272.5040000000	n/a	n/a	STATUS	n/a	n/a	D255
272.5440000000	n/a	n/a	STATUS	n/a	n/a	DI53
272.5920000000	n/a	n/a	STATUS	n/a	n/a	D255
272.7680000000	n/a	n/a	STATUS	n/a	n/a	DI43
272.8160000000	n/a	n/a	STATUS	n/a	n/a	D255
273.0760000000	n/a	n/a	STATUS	n/a	n/a	DIN5
273.1280000000	n/a	n/a	STATUS	n/a	n/a	D255
273.5760000000	n/a	n/a	STATUS	n/a	n/a	D247
273.6280000000	n/a	n/a	STATUS	n/a	n/a	D255
273.6640000000	n/a	n/a	STATUS	n/a	n/a	DI53
273.7160000000	n/a	n/a	STATUS	n/a	n/a	D255
273.9160000000	n/a	n/a	STATUS	n/a	n/a	DI43
273.9640000000	n/a	n/a	STATUS	n/a	n/a	D255
274.2240000000	n/a	n/a	STATUS	n/a	n/a	DIN5
274.2760000000	n/a	n/a	STATUS	n/a	n/a	D255
274.6840000000	n/a	n/a	STATUS	n/a	n/a	D237
274.7360000000	n/a	n/a	STATUS	n/a	n/a	D255
274.7720000000	n/a	n/a	STATUS	n/a	n/a	DI51
274.8200000000	n/a	n/a	STATUS	n/a	n/a	D255
274.9960000000	n/a	n/a	STATUS	n/a	n/a	DI21
275.0480000000	n/a	n/a	STATUS	n/a	n/a	D255
275.0520000000	n/a	n/a	STATUS	n/a	n/a	DIN4
275.1000000000	n/a	n/a	STATUS	n/a	n/a	D255
275.8560000000	n/a	n/a	STATUS	n/a	n/a	DIN5
275.9080000000	n/a	n/a	STATUS	n/a	n/a	D255
276.3240000000	n/a	n/a	STATUS	n/a	n/a	D225
276.3760000000	n/a	n/a	STATUS	n/a	n/a	D255
276.4120000000	n/a	n/a	STATUS	n/a	n/a	DI54
276.4640000000	n/a	n/a	STATUS	n/a	n/a	D255
276.6680000000	n/a	n/a	STATUS	n/a	n/a	DI34
276.7200000000	n/a	n/a	STATUS	n/a	n/a	D255
276.9800000000	n/a	n/a	STATUS	n/a	n/a	DIN5
277.0280000000	n/a	n/a	STATUS	n/a	n/a	D255
277.5040000000	n/a	n/a	STATUS	n/a	n/a	D252
277.5520000000	n/a	n/a	STATUS	n/a	n/a	D255
277.5920000000	n/a	n/a	STATUS	n/a	n/a	DI53
277.6400000000	n/a	n/a	STATUS	n/a	n/a	D255
277.8440000000	n/a	n/a	STATUS	n/a	n/a	DI43
277.8960000000	n/a	n/a	STATUS	n/a	n/a	D255
278.1520000000	n/a	n/a	STATUS	n/a	n/a	DIN5
278.2040000000	n/a	n/a	STATUS	n/a	n/a	D255
278.6080000000	n/a	n/a	STATUS	n/a	n/a	DI97
278.6560000000	n/a	n/a	STATUS	n/a	n/a	D255
278.6960000000	n/a	n/a	STATUS	n/a	n/a	DI54
278.7440000000	n/a	n/a	STATUS	n/a	n/a	D255
278.9560000000	n/a	n/a	STATUS	n/a	n/a	DI34
279.0080000000	n/a	n/a	STATUS	n/a	n/a	D255
279.2640000000	n/a	n/a	STATUS	n/a	n/a	DIN5
279.3160000000	n/a	n/a	STATUS	n/a	n/a	D255
279.7760000000	n/a	n/a	STATUS	n/a	n/a	D141
279.8240000000	n/a	n/a	STATUS	n/a	n/a	D255
279.8640000000	n/a	n/a	STATUS	n/a	n/a	DI53
279.9120000000	n/a	n/a	STATUS	n/a	n/a	D255
280.0880000000	n/a	n/a	STATUS	n/a	n/a	DI43
280.1360000000	n/a	n/a	STATUS	n/a	n/a	D255
280.3960000000	n/a	n/a	STATUS	n/a	n/a	DIN5
280.4480000000	n/a	n/a	STATUS	n/a	n/a	D255
280.8920000000	n/a	n/a	STATUS	n/a	n/a	D129
280.9400000000	n/a	n/a	STATUS	n/a	n/a	D255
280.9760000000	n/a	n/a	STATUS	n/a	n/a	DI54
281.0280000000	n/a	n/a	STATUS	n/a	n/a	D255
281.2320000000	n/a	n/a	STATUS	n/a	n/a	DI34
281.2840000000	n/a	n/a	STATUS	n/a	n/a	D255
281.5400000000	n/a	n/a	STATUS	n/a	n/a	DIN5
281.5920000000	n/a	n/a	STATUS	n/a	n/a	D255
281.9640000000	n/a	n/a	STATUS	n/a	n/a	D248
282.0160000000	n/a	n/a	STATUS	n/a	n/a	D255
282.0520000000	n/a	n/a	STATUS	n/a	n/a	DI52
282.1040000000	n/a	n/a	STATUS	n/a	n/a	D255
282.3040000000	n/a	n/a	STATUS	n/a	n/a	DI12
282.3560000000	n/a	n/a	STATUS	n/a	n/a	D255
282.3600000000	n/a	n/a	STATUS	n/a	n/a	DIN4
282.4080000000	n/a	n/a	STATUS	n/a	n/a	D255
283.1640000000	n/a	n/a	STATUS	n/a	n/a	DIN5
283.2120000000	n/a	n/a	STATUS	n/a	n/a	D255
283.7040000000	n/a	n/a	STATUS	n/a	n/a	D106
283.7520000000	n/a	n/a	STATUS	n/a	n/a	D255
283.7920000000	n/a	n/a	STATUS	n/a	n/a	DI51
283.8400000000	n/a	n/a	STATUS	n/a	n/a	D255
284.1760000000	n/a	n/a	STATUS	n/a	n/a	DI21
284.2240000000	n/a	n/a	STATUS	n/a	n/a	D255
284.2280000000	n/a	n/a	STATUS	n/a	n/a	DIN4
284.2800000000	n/a	n/a	STATUS	n/a	n/a	D255
285.0360000000	n/a	n/a	STATUS	n/a	n/a	DIN5
285.0840000000	n/a	n/a	STATUS	n/a	n/a	D255
285.5840000000	n/a	n/a	STATUS	n/a	n/a	D137
285.6360000000	n/a	n/a	STATUS	n/a	n/a	D255
285.6720000000	n/a	n/a	STATUS	n/a	n/a	DI54
285.7240000000	n/a	n/a	STATUS	n/a	n/a	D255
286.1040000000	n/a	n/a	STATUS	n/a	n/a	DI34
286.1560000000	n/a	n/a	STATUS	n/a	n/a	D255
286.4160000000	n/a	n/a	STATUS	n/a	n/a	DIN5
286.4640000000	n/a	n/a	STATUS	n/a	n/a	D255
286.8480000000	n/a	n/a	STATUS	n/a	n/a	DI89
286.9000000000	n/a	n/a	STATUS	n/a	n/a	D255
286.9360000000	n/a	n/a	STATUS	n/a	n/a	DI53
286.9880000000	n/a	n/a	STATUS	n/a	n/a	D255
287.1520000000	n/a	n/a	STATUS	n/a	n/a	DI43
287.2000000000	n/a	n/a	STATUS	n/a	n/a	D255
287.4600000000	n/a	n/a	STATUS	n/a	n/a	DIN5
287.5120000000	n/a	n/a	STATUS	n/a	n/a	D255
287.9200000000	n/a	n/a	STATUS	n/a	n/a	D210
287.9680000000	n/a	n/a	STATUS	n/a	n/a	D255
288.0080000000	n/a	n/a	STATUS	n/a	n/a	DI53
288.0560000000	n/a	n/a	STATUS	n/a	n/a	D255
288.2440000000	n/a	n/a	STATUS	n/a	n/a	DI43
288.2960000000	n/a	n/a	STATUS	n/a	n/a	D255
288.5520000000	n/a	n/a	STATUS	n/a	n/a	DIN5
288.6040000000	n/a	n/a	STATUS	n/a	n/a	D255
288.9480000000	n/a	n/a	STATUS	n/a	n/a	D238
289.0000000000	n/a	n/a	STATUS	n/a	n/a	D255
289.0360000000	n/a	n/a	STATUS	n/a	n/a	DI51
289.0880000000	n/a	n/a	STATUS	n/a	n/a	D255
289.2720000000	n/a	n/a	STATUS	n/a	n/a	DI31
289.3240000000	n/a	n/a	STATUS	n/a	n/a	D255
289.5800000000	n/a	n/a	STATUS	n/a	n/a	DIN5
289.6320000000	n/a	n/a	STATUS	n/a	n/a	D255
289.9800000000	n/a	n/a	STATUS	n/a	n/a	D165
290.0320000000	n/a	n/a	STATUS	n/a	n/a	D255
290.0320000000	n/a	n/a	STATUS	n/a	n/a	D239
290.0680000000	n/a	n/a	STATUS	n/a	n/a	DI52
290.1200000000	n/a	n/a	STATUS	n/a	n/a	D255
290.3360000000	n/a	n/a	STATUS	n/a	n/a	DI12
290.3840000000	n/a	n/a	STATUS	n/a	n/a	D255
290.3920000000	n/a	n/a	STATUS	n/a	n/a	DIN4
290.4400000000	n/a	n/a	STATUS	n/a	n/a	D255
291.1960000000	n/a	n/a	STATUS	n/a	n/a	DIN5
291.2440000000	n/a	n/a	STATUS	n/a	n/a	D255
291.5600000000	n/a	n/a	STATUS	n/a	n/a	D244
291.6080000000	n/a	n/a	STATUS	n/a	n/a	D255
291.6480000000	n/a	n/a	STATUS	n/a	n/a	DI53
291.6960000000	n/a	n/a	STATUS	n/a	n/a	D255
291.8680000000	n/a	n/a	STATUS	n/a	n/a	DI43
291.9160000000	n/a	n/a	STATUS	n/a	n/a	D255
292.1760000000	n/a	n/a	STATUS	n/a	n/a	DIN5
292.2280000000	n/a	n/a	STATUS	n/a	n/a	D255
292.6440000000	n/a	n/a	STATUS	n/a	n/a	D125
292.6960000000	n/a	n/a	STATUS	n/a	n/a	D255
292.7320000000	n/a	n/a	STATUS	n/a	n/a	DI53
292.7840000000	n/a	n/a	STATUS	n/a	n/a	D255
292.9400000000	n/a	n/a	STATUS	n/a	n/a	DI43
292.9880000000	n/a	n/a	STATUS	n/a	n/a	D255
293.2480000000	n/a	n/a	STATUS	n/a	n/a	DIN5
293.2960000000	n/a	n/a	STATUS	n/a	n/a	D255
293.7920000000	n/a	n/a	STATUS	n/a	n/a	D190
293.8400000000	n/a	n/a	STATUS	n/a	n/a	D255
293.8800000000	n/a	n/a	STATUS	n/a	n/a	DI51
293.9320000000	n/a	n/a	STATUS	n/a	n/a	D255
294.0880000000	n/a	n/a	STATUS	n/a	n/a	DI21
294.1360000000	n/a	n/a	STATUS	n/a	n/a	D255
294.1440000000	n/a	n/a	STATUS	n/a	n/a	DIN4
294.1920000000	n/a	n/a	STATUS	n/a	n/a	D255
294.9480000000	n/a	n/a	STATUS	n/a	n/a	DIN5
294.9960000000	n/a	n/a	STATUS	n/a	n/a	D255
295.4640000000	n/a	n/a	STATUS	n/a	n/a	D214
295.5120000000	n/a	n/a	STATUS	n/a	n/a	D255
295.5520000000	n/a	n/a	STATUS	n/a	n/a	DI53
295.6000000000	n/a	n/a	STATUS	n/a	n/a	D255
295.7440000000	n/a	n/a	STATUS	n/a	n/a	DI43
295.7920000000	n/a	n/a	STATUS	n/a	n/a	D255
296.0520000000	n/a	n/a	STATUS	n/a	n/a	DIN5
296.1000000000	n/a	n/a	STATUS	n/a	n/a	D255
296.5760000000	n/a	n/a	STATUS	n/a	n/a	D219
296.6280000000	n/a	n/a	STATUS	n/a	n/a	D255
296.6640000000	n/a	n/a	STATUS	n/a	n/a	DI53
296.7120000000	n/a	n/a	STATUS	n/a	n/a	D255
296.9160000000	n/a	n/a	STATUS	n/a	n/a	DI43
296.9640000000	n/a	n/a	STATUS	n/a	n/a	D255
297.2240000000	n/a	n/a	STATUS	n/a	n/a	DIN5
297.2720000000	n/a	n/a	STATUS	n/a	n/a	D255
297.5880000000	n/a	n/a	STATUS	n/a	n/a	DI72
297.6400000000	n/a	n/a	STATUS	n/a	n/a	D255
297.6760000000	n/a	n/a	STATUS	n/a	n/a	DI51
297.7280000000	n/a	n/a	STATUS	n/a	n/a	D255
297.8960000000	n/a	n/a	STATUS	n/a	n/a	DI21
297.9480000000	n/a	n/a	STATUS	n/a	n/a	D255
297.9520000000	n/a	n/a	STATUS	n/a	n/a	DIN4
298.0040000000	n/a	n/a	STATUS	n/a	n/a	D255
298.7560000000	n/a	n/a	STATUS	n/a	n/a	DIN5
298.8080000000	n/a	n/a	STATUS	n/a	n/a	D255
299.2200000000	n/a	n/a	STATUS	n/a	n/a	D142
299.2720000000	n/a	n/a	STATUS	n/a	n/a	D255
299.3120000000	n/a	n/a	STATUS	n/a	n/a	DI52
299.3600000000	n/a	n/a	STATUS	n/a	n/a	D255
299.6520000000	n/a	n/a	STATUS	n/a	n/a	DI42
299.7040000000	n/a	n/a	STATUS	n/a	n/a	D255
299.9640000000	n/a	n/a	STATUS	n/a	n/a	DIN5
300.0120000000	n/a	n/a	STATUS	n/a	n/a	D255
300.4120000000	n/a	n/a	STATUS	n/a	n/a	D118
300.4640000000	n/a	n/a	STATUS	n/a	n/a	D255
300.5000000000	n/a	n/a	STATUS	n/a	n/a	DI51
300.5480000000	n/a	n/a	STATUS	n/a	n/a	D255
300.7400000000	n/a	n/a	STATUS	n/a	n/a	DI21
300.7880000000	n/a	n/a	STATUS	n/a	n/a	D255
300.7920000000	n/a	n/a	STATUS	n/a	n/a	DIN4
300.8440000000	n/a	n/a	STATUS	n/a	n/a	D255
301.6000000000	n/a	n/a	STATUS	n/a	n/a	DIN5
301.6480000000	n/a	n/a	STATUS	n/a	n/a	D255
301.6480000000	n/a	n/a	STATUS	n/a	n/a	D239
302.1400000000	n/a	n/a	STATUS	n/a	n/a	DI86
302.1880000000	n/a	n/a	STATUS	n/a	n/a	D255
302.2240000000	n/a	n/a	STATUS	n/a	n/a	DI54
302.2760000000	n/a	n/a	STATUS	n/a	n/a	D255
302.5000000000	n/a	n/a	STATUS	n/a	n/a	DI34
302.5520000000	n/a	n/a	STATUS	n/a	n/a	D255
302.8120000000	n/a	n/a	STATUS	n/a	n/a	DIN5
302.8600000000	n/a	n/a	STATUS	n/a	n/a	D255
303.3240000000	n/a	n/a	STATUS	n/a	n/a	D231
303.3760000000	n/a	n/a	STATUS	n/a	n/a	D255
303.4120000000	n/a	n/a	STATUS	n/a	n/a	DI54
303.4640000000	n/a	n/a	STATUS	n/a	n/a	D255
303.6640000000	n/a	n/a	STATUS	n/a	n/a	DI34
303.7120000000	n/a	n/a	STATUS	n/a	n/a	D255
303.9720000000	n/a	n/a	STATUS	n/a	n/a	DIN5
304.0200000000	n/a	n/a	STATUS	n/a	n/a	D255
304.4640000000	n/a	n/a	STATUS	n/a	n/a	D174
304.5160000000	n/a	n/a	STATUS	n/a	n/a	D255
304.5520000000	n/a	n/a	STATUS	n/a	n/a	DI54
304.6040000000	n/a	n/a	STATUS	n/a	n/a	D255
304.7560000000	n/a	n/a	STATUS	n/a	n/a	DI24
304.8080000000	n/a	n/a	STATUS	n/a	n/a	D255
304.8120000000	n/a	n/a	STATUS	n/a	n/a	DIN4
304.8600000000	n/a	n/a	STATUS	n/a	n/a	D255
305.6160000000	n/a	n/a	STATUS	n/a	n/a	DIN5
305.6680000000	n/a	n/a	STATUS	n/a	n/a	D255
306.0520000000	n/a	n/a	STATUS	n/a	n/a	D162
306.1000000000	n/a	n/a	STATUS	n/a	n/a	D255
306.1400000000	n/a	n/a	STATUS	n/a	n/a	DI51
306.1880000000	n/a	n/a	STATUS	n/a	n/a	D255
306.3640000000	n/a	n/a	STATUS	n/a	n/a	DI21
306.4120000000	n/a	n/a	STATUS	n/a	n/a	D255
306.4200000000	n/a	n/a	STATUS	n/a	n/a	DIN4
306.4680000000	n/a	n/a	STATUS	n/a	n/a	D255
307.2240000000	n/a	n/a	STATUS	n/a	n/a	DIN5
307.2720000000	n/a	n/a	STATUS	n/a	n/a	D255
307.5840000000	n/a	n/a	STATUS	n/a	n/a	D241
307.6320000000	n/a	n/a	STATUS	n/a	n/a	D255
307.6680000000	n/a	n/a	STATUS	n/a	n/a	DI51
307.7200000000	n/a	n/a	STATUS	n/a	n/a	D255
307.8400000000	n/a	n/a	STATUS	n/a	n/a	DI31
307.8880000000	n/a	n/a	STATUS	n/a	n/a	D255
308.1480000000	n/a	n/a	STATUS	n/a	n/a	DIN5
308.1960000000	n/a	n/a	STATUS	n/a	n/a	D255
308.5480000000	n/a	n/a	STATUS	n/a	n/a	DI68
308.5960000000	n/a	n/a	STATUS	n/a	n/a	D255
308.6360000000	n/a	n/a	STATUS	n/a	n/a	DI51
308.6840000000	n/a	n/a	STATUS	n/a	n/a	D255
308.8880000000	n/a	n/a	STATUS	n/a	n/a	DI21
308.9400000000	n/a	n/a	STATUS	n/a	n/a	D255
308.9440000000	n/a	n/a	STATUS	n/a	n/a	DIN4
308.9920000000	n/a	n/a	STATUS	n/a	n/a	D255
309.7480000000	n/a	n/a	STATUS	n/a	n/a	DIN5
309.7960000000	n/a	n/a	STATUS	n/a	n/a	D255
310.1520000000	n/a	n/a	STATUS	n/a	n/a	D226
310.2000000000	n/a	n/a	STATUS	n/a	n/a	D255
310.2400000000	n/a	n/a	STATUS	n/a	n/a	DI51
310.2880000000	n/a	n/a	STATUS	n/a	n/a	D255
310.4440000000	n/a	n/a	STATUS	n/a	n/a	DI21
310.4960000000	n/a	n/a	STATUS	n/a	n/a	D255
310.5000000000	n/a	n/a	STATUS	n/a	n/a	DIN4
310.5480000000	n/a	n/a	STATUS	n/a	n/a	D255
311.3040000000	n/a	n/a	STATUS	n/a	n/a	DIN5
311.3560000000	n/a	n/a	STATUS	n/a	n/a	D255
311.7640000000	n/a	n/a	STATUS	n/a	n/a	D119
311.8160000000	n/a	n/a	STATUS	n/a	n/a	D255
311.8520000000	n/a	n/a	STATUS	n/a	n/a	DI51
311.9040000000	n/a	n/a	STATUS	n/a	n/a	D255
312.0720000000	n/a	n/a	STATUS	n/a	n/a	DI21
312.1240000000	n/a	n/a	STATUS	n/a	n/a	D255
312.1280000000	n/a	n/a	STATUS	n/a	n/a	DIN4
312.1800000000	n/a	n/a	STATUS	n/a	n/a	D255
312.9320000000	n/a	n/a	STATUS	n/a	n/a	DIN5
312.9840000000	n/a	n/a	STATUS	n/a	n/a	D255
313.3760000000	n/a	n/a	STATUS	n/a	n/a	D110
313.4280000000	n/a	n/a	STATUS	n/a	n/a	D255
313.4640000000	n/a	n/a	STATUS	n/a	n/a	DI54
313.5160000000	n/a	n/a	STATUS	n/a	n/a	D255
313.6960000000	n/a	n/a	STATUS	n/a	n/a	DI34
313.7480000000	n/a	n/a	STATUS	n/a	n/a	D255
314.0080000000	n/a	n/a	STATUS	n/a	n/a	DIN5
314.0560000000	n/a	n/a	STATUS	n/a	n/a	D255
314.5120000000	n/a	n/a	STATUS	n/a	n/a	D195
314.5600000000	n/a	n/a	STATUS	n/a	n/a	D255
314.6000000000	n/a	n/a	STATUS	n/a	n/a	DI52
314.6480000000	n/a	n/a	STATUS	n/a	n/a	D255
314.8240000000	n/a	n/a	STATUS	n/a	n/a	DI12
314.8760000000	n/a	n/a	STATUS	n/a	n/a	D255
314.8800000000	n/a	n/a	STATUS	n/a	n/a	DIN4
314.9280000000	n/a	n/a	STATUS	n/a	n/a	D255
315.6840000000	n/a	n/a	STATUS	n/a	n/a	DIN5
315.7360000000	n/a	n/a	STATUS	n/a	n/a	D255
316.1880000000	n/a	n/a	STATUS	n/a	n/a	D250
316.2400000000	n/a	n/a	STATUS	n/a	n/a	D255
316.2400000000	n/a	n/a	STATUS	n/a	n/a	D251
316.2760000000	n/a	n/a	STATUS	n/a	n/a	DI52
316.3280000000	n/a	n/a	STATUS	n/a	n/a	D255
316.5000000000	n/a	n/a	STATUS	n/a	n/a	DI12
316.5520000000	n/a	n/a	STATUS	n/a	n/a	D255
316.5560000000	n/a	n/a	STATUS	n/a	n/a	DIN4
316.6040000000	n/a	n/a	STATUS	n/a	n/a	D255
317.3600000000	n/a	n/a	STATUS	n/a	n/a	DIN5
317.4080000000	n/a	n/a	STATUS	n/a	n/a	D255
317.7840000000	n/a	n/a	STATUS	n/a	n/a	D105
317.8360000000	n/a	n/a	STATUS	n/a	n/a	D255
317.8720000000	n/a	n/a	STATUS	n/a	n/a	DI51
317.9200000000	n/a	n/a	STATUS	n/a	n/a	D255
318.1520000000	n/a	n/a	STATUS	n/a	n/a	DI21
318.2040000000	n/a	n/a	STATUS	n/a	n/a	D255
318.2080000000	n/a	n/a	STATUS	n/a	n/a	DIN4
318.2560000000	n/a	n/a	STATUS	n/a	n/a	D255
319.0120000000	n/a	n/a	STATUS	n/a	n/a	DIN5
319.0640000000	n/a	n/a	STATUS	n/a	n/a	D255
319.5280000000	n/a	n/a	STATUS	n/a	n/a	DI83
319.5760000000	n/a	n/a	STATUS	n/a	n/a	D255
319.6120000000	n/a	n/a	STATUS	n/a	n/a	DI51
319.6640000000	n/a	n/a	STATUS	n/a	n/a	D255
319.8760000000	n/a	n/a	STATUS	n/a	n/a	DI21
319.9240000000	n/a	n/a	STATUS	n/a	n/a	D255
319.9280000000	n/a	n/a	STATUS	n/a	n/a	DIN4
319.9800000000	n/a	n/a	STATUS	n/a	n/a	D255
320.7360000000	n/a	n/a	STATUS	n/a	n/a	DIN5
320.7840000000	n/a	n/a	STATUS	n/a	n/a	D255
321.1480000000	n/a	n/a	STATUS	n/a	n/a	D205
321.2000000000	n/a	n/a	STATUS	n/a	n/a	D255
321.2360000000	n/a	n/a	STATUS	n/a	n/a	DI51
321.2880000000	n/a	n/a	STATUS	n/a	n/a	D255
321.5920000000	n/a	n/a	STATUS	n/a	n/a	DI31
321.6400000000	n/a	n/a	STATUS	n/a	n/a	D255
321.9000000000	n/a	n/a	STATUS	n/a	n/a	DIN5
321.9520000000	n/a	n/a	STATUS	n/a	n/a	D255
322.3240000000	n/a	n/a	STATUS	n/a	n/a	D132
322.3760000000	n/a	n/a	STATUS	n/a	n/a	D255
322.4120000000	n/a	n/a	STATUS	n/a	n/a	DI52
322.4640000000	n/a	n/a	STATUS	n/a	n/a	D255
322.8040000000	n/a	n/a	STATUS	n/a	n/a	DI42
322.8560000000	n/a	n/a	STATUS	n/a	n/a	D255
323.1120000000	n/a	n/a	STATUS	n/a	n/a	DIN5
323.1640000000	n/a	n/a	STATUS	n/a	n/a	D255
323.5880000000	n/a	n/a	STATUS	n/a	n/a	DI84
323.6400000000	n/a	n/a	STATUS	n/a	n/a	D255
323.6760000000	n/a	n/a	STATUS	n/a	n/a	DI54
323.7240000000	n/a	n/a	STATUS	n/a	n/a	D255
323.9840000000	n/a	n/a	STATUS	n/a	n/a	DI34
324.0360000000	n/a	n/a	STATUS	n/a	n/a	D255
324.2920000000	n/a	n/a	STATUS	n/a	n/a	DIN5
324.3440000000	n/a	n/a	STATUS	n/a	n/a	D255
324.6960000000	n/a	n/a	STATUS	n/a	n/a	D182
324.7480000000	n/a	n/a	STATUS	n/a	n/a	D255
324.7840000000	n/a	n/a	STATUS	n/a	n/a	DI54
324.8360000000	n/a	n/a	STATUS	n/a	n/a	D255
325.0840000000	n/a	n/a	STATUS	n/a	n/a	DI34
325.1360000000	n/a	n/a	STATUS	n/a	n/a	D255
325.3920000000	n/a	n/a	STATUS	n/a	n/a	DIN5
325.4440000000	n/a	n/a	STATUS	n/a	n/a	D255
325.8680000000	n/a	n/a	STATUS	n/a	n/a	D249
325.9160000000	n/a	n/a	STATUS	n/a	n/a	D255
325.9560000000	n/a	n/a	STATUS	n/a	n/a	DI53
326.0040000000	n/a	n/a	STATUS	n/a	n/a	D255
326.3440000000	n/a	n/a	STATUS	n/a	n/a	DI43
326.3920000000	n/a	n/a	STATUS	n/a	n/a	D255
326.6520000000	n/a	n/a	STATUS	n/a	n/a	DIN5
326.7000000000	n/a	n/a	STATUS	n/a	n/a	D255
326.7000000000	n/a	n/a	STATUS	n/a	n/a	D197
327.1840000000	n/a	n/a	STATUS	n/a	n/a	D179
327.2360000000	n/a	n/a	STATUS	n/a	n/a	D255
327.2720000000	n/a	n/a	STATUS	n/a	n/a	DI52
327.3240000000	n/a	n/a	STATUS	n/a	n/a	D255
327.5320000000	n/a	n/a	STATUS	n/a	n/a	DI12
327.5800000000	n/a	n/a	STATUS	n/a	n/a	D255
327.5840000000	n/a	n/a	STATUS	n/a	n/a	DIN4
327.6360000000	n/a	n/a	STATUS	n/a	n/a	D255
341.6120000000	n/a	n/a	STATUS	n/a	n/a	DIN5
341.6640000000	n/a	n/a	STATUS	n/a	n/a	D255
342.0240000000	n/a	n/a	STATUS	n/a	n/a	D146
342.0720000000	n/a	n/a	STATUS	n/a	n/a	D255
342.1120000000	n/a	n/a	STATUS	n/a	n/a	DI52
342.1600000000	n/a	n/a	STATUS	n/a	n/a	D255
342.6280000000	n/a	n/a	STATUS	n/a	n/a	DI42
342.6760000000	n/a	n/a	STATUS	n/a	n/a	D255
342.9360000000	n/a	n/a	STATUS	n/a	n/a	DIN5
342.9840000000	n/a	n/a	STATUS	n/a	n/a	D197
342.9880000000	n/a	n/a	STATUS	n/a	n/a	D255
343.4360000000	n/a	n/a	STATUS	n/a	n/a	DI91
343.4840000000	n/a	n/a	STATUS	n/a	n/a	D255
343.5240000000	n/a	n/a	STATUS	n/a	n/a	DI54
343.5720000000	n/a	n/a	STATUS	n/a	n/a	D255
343.8120000000	n/a	n/a	STATUS	n/a	n/a	DI34
343.8640000000	n/a	n/a	STATUS	n/a	n/a	D255
344.1240000000	n/a	n/a	STATUS	n/a	n/a	DIN5
344.1720000000	n/a	n/a	STATUS	n/a	n/a	D255
344.6160000000	n/a	n/a	STATUS	n/a	n/a	D114
344.6680000000	n/a	n/a	STATUS	n/a	n/a	D255
344.7040000000	n/a	n/a	STATUS	n/a	n/a	DI51
344.7560000000	n/a	n/a	STATUS	n/a	n/a	D255
345.0280000000	n/a	n/a	STATUS	n/a	n/a	DI31
345.0800000000	n/a	n/a	STATUS	n/a	n/a	D255
345.3360000000	n/a	n/a	STATUS	n/a	n/a	DIN5
345.3880000000	n/a	n/a	STATUS	n/a	n/a	D255
345.8280000000	n/a	n/a	STATUS	n/a	n/a	DI96
345.8760000000	n/a	n/a	STATUS	n/a	n/a	D255
345.9160000000	n/a	n/a	STATUS	n/a	n/a	DI54
345.9640000000	n/a	n/a	STATUS	n/a	n/a	D255
346.1840000000	n/a	n/a	STATUS	n/a	n/a	DI34
346.2360000000	n/a	n/a	STATUS	n/a	n/a	D255
346.4960000000	n/a	n/a	STATUS	n/a	n/a	DIN5
346.5440000000	n/a	n/a	STATUS	n/a	n/a	D255
346.9880000000	n/a	n/a	STATUS	n/a	n/a	D147
347.0400000000	n/a	n/a	STATUS	n/a	n/a	D255
347.0760000000	n/a	n/a	STATUS	n/a	n/a	DI51
347.1280000000	n/a	n/a	STATUS	n/a	n/a	D255
347.3680000000	n/a	n/a	STATUS	n/a	n/a	DI21
347.4160000000	n/a	n/a	STATUS	n/a	n/a	D255
347.4240000000	n/a	n/a	STATUS	n/a	n/a	DIN4
347.4720000000	n/a	n/a	STATUS	n/a	n/a	D255
348.2280000000	n/a	n/a	STATUS	n/a	n/a	DIN5
348.2760000000	n/a	n/a	STATUS	n/a	n/a	D255
348.6680000000	n/a	n/a	STATUS	n/a	n/a	D211
348.7160000000	n/a	n/a	STATUS	n/a	n/a	D255
348.7560000000	n/a	n/a	STATUS	n/a	n/a	DI53
348.8040000000	n/a	n/a	STATUS	n/a	n/a	D255
348.9840000000	n/a	n/a	STATUS	n/a	n/a	DI43
349.0360000000	n/a	n/a	STATUS	n/a	n/a	D255
349.2960000000	n/a	n/a	STATUS	n/a	n/a	DIN5
349.3440000000	n/a	n/a	STATUS	n/a	n/a	D255
349.7040000000	n/a	n/a	STATUS	n/a	n/a	D178
349.7560000000	n/a	n/a	STATUS	n/a	n/a	D255
349.7920000000	n/a	n/a	STATUS	n/a	n/a	DI52
349.8440000000	n/a	n/a	STATUS	n/a	n/a	D255
350.1560000000	n/a	n/a	STATUS	n/a	n/a	DI42
350.2040000000	n/a	n/a	STATUS	n/a	n/a	D255
350.4640000000	n/a	n/a	STATUS	n/a	n/a	DIN5
350.5120000000	n/a	n/a	STATUS	n/a	n/a	D255
350.9440000000	n/a	n/a	STATUS	n/a	n/a	DI70
350.9920000000	n/a	n/a	STATUS	n/a	n/a	D255
351.0320000000	n/a	n/a	STATUS	n/a	n/a	DI54
351.0800000000	n/a	n/a	STATUS	n/a	n/a	D255
351.2400000000	n/a	n/a	STATUS	n/a	n/a	DI34
351.2920000000	n/a	n/a	STATUS	n/a	n/a	D255
351.5520000000	n/a	n/a	STATUS	n/a	n/a	DIN5
351.6000000000	n/a	n/a	STATUS	n/a	n/a	D255
351.9520000000	n/a	n/a	STATUS	n/a	n/a	D123
352.0000000000	n/a	n/a	STATUS	n/a	n/a	D255
352.0360000000	n/a	n/a	STATUS	n/a	n/a	DI53
352.0880000000	n/a	n/a	STATUS	n/a	n/a	D255
352.2680000000	n/a	n/a	STATUS	n/a	n/a	DI43
352.3160000000	n/a	n/a	STATUS	n/a	n/a	D255
352.5760000000	n/a	n/a	STATUS	n/a	n/a	DIN5
352.6280000000	n/a	n/a	STATUS	n/a	n/a	D255
353.0400000000	n/a	n/a	STATUS	n/a	n/a	D143
353.0920000000	n/a	n/a	STATUS	n/a	n/a	D255
353.1280000000	n/a	n/a	STATUS	n/a	n/a	DI51
353.1800000000	n/a	n/a	STATUS	n/a	n/a	D255
353.3720000000	n/a	n/a	STATUS	n/a	n/a	DI21
353.4240000000	n/a	n/a	STATUS	n/a	n/a	D255
353.4280000000	n/a	n/a	STATUS	n/a	n/a	DIN4
353.4760000000	n/a	n/a	STATUS	n/a	n/a	D255
354.2320000000	n/a	n/a	STATUS	n/a	n/a	DIN5
354.2800000000	n/a	n/a	STATUS	n/a	n/a	D255
354.6360000000	n/a	n/a	STATUS	n/a	n/a	D213
354.6880000000	n/a	n/a	STATUS	n/a	n/a	D255
354.7240000000	n/a	n/a	STATUS	n/a	n/a	DI51
354.7760000000	n/a	n/a	STATUS	n/a	n/a	D255
354.9400000000	n/a	n/a	STATUS	n/a	n/a	DI21
354.9920000000	n/a	n/a	STATUS	n/a	n/a	D255
354.9960000000	n/a	n/a	STATUS	n/a	n/a	DIN4
355.0440000000	n/a	n/a	STATUS	n/a	n/a	D255
355.8000000000	n/a	n/a	STATUS	n/a	n/a	DIN5
355.8480000000	n/a	n/a	STATUS	n/a	n/a	D255
356.1760000000	n/a	n/a	STATUS	n/a	n/a	DI95
356.2240000000	n/a	n/a	STATUS	n/a	n/a	D255
356.2600000000	n/a	n/a	STATUS	n/a	n/a	DI54
356.3120000000	n/a	n/a	STATUS	n/a	n/a	D255
356.5040000000	n/a	n/a	STATUS	n/a	n/a	DI34
356.5560000000	n/a	n/a	STATUS	n/a	n/a	D255
356.8160000000	n/a	n/a	STATUS	n/a	n/a	DIN5
356.8640000000	n/a	n/a	STATUS	n/a	n/a	D255
357.2720000000	n/a	n/a	STATUS	n/a	n/a	D137
357.3240000000	n/a	n/a	STATUS	n/a	n/a	D255
357.3600000000	n/a	n/a	STATUS	n/a	n/a	DI54
357.4120000000	n/a	n/a	STATUS	n/a	n/a	D255
357.6560000000	n/a	n/a	STATUS	n/a	n/a	DI34
357.7040000000	n/a	n/a	STATUS	n/a	n/a	D255
357.9640000000	n/a	n/a	STATUS	n/a	n/a	DIN5
358.0160000000	n/a	n/a	STATUS	n/a	n/a	D255
358.3840000000	n/a	n/a	STATUS	n/a	n/a	DI88
358.4360000000	n/a	n/a	STATUS	n/a	n/a	D255
358.4720000000	n/a	n/a	STATUS	n/a	n/a	DI52
358.5240000000	n/a	n/a	STATUS	n/a	n/a	D255
358.7080000000	n/a	n/a	STATUS	n/a	n/a	DI12
358.7600000000	n/a	n/a	STATUS	n/a	n/a	D255
358.7640000000	n/a	n/a	STATUS	n/a	n/a	DIN4
358.8160000000	n/a	n/a	STATUS	n/a	n/a	D255
359.5680000000	n/a	n/a	STATUS	n/a	n/a	DIN5
359.6200000000	n/a	n/a	STATUS	n/a	n/a	D255
359.9640000000	n/a	n/a	STATUS	n/a	n/a	D193
360.0120000000	n/a	n/a	STATUS	n/a	n/a	D255
360.0520000000	n/a	n/a	STATUS	n/a	n/a	DI53
360.1040000000	n/a	n/a	STATUS	n/a	n/a	D255
360.3400000000	n/a	n/a	STATUS	n/a	n/a	DI43
360.3880000000	n/a	n/a	STATUS	n/a	n/a	D255
360.3880000000	n/a	n/a	STATUS	n/a	n/a	D235
360.6480000000	n/a	n/a	STATUS	n/a	n/a	DIN5
360.6960000000	n/a	n/a	STATUS	n/a	n/a	D255
361.0560000000	n/a	n/a	STATUS	n/a	n/a	D204
361.1080000000	n/a	n/a	STATUS	n/a	n/a	D255
361.1440000000	n/a	n/a	STATUS	n/a	n/a	DI51
361.1960000000	n/a	n/a	STATUS	n/a	n/a	D255
361.4760000000	n/a	n/a	STATUS	n/a	n/a	DI31
361.5240000000	n/a	n/a	STATUS	n/a	n/a	D255
361.7840000000	n/a	n/a	STATUS	n/a	n/a	DIN5
361.8360000000	n/a	n/a	STATUS	n/a	n/a	D255
362.3200000000	n/a	n/a	STATUS	n/a	n/a	D215
362.3720000000	n/a	n/a	STATUS	n/a	n/a	D255
362.4080000000	n/a	n/a	STATUS	n/a	n/a	DI52
362.4560000000	n/a	n/a	STATUS	n/a	n/a	D255
362.6400000000	n/a	n/a	STATUS	n/a	n/a	DI12
362.6920000000	n/a	n/a	STATUS	n/a	n/a	D255
362.6960000000	n/a	n/a	STATUS	n/a	n/a	DIN4
362.7440000000	n/a	n/a	STATUS	n/a	n/a	D255
363.5000000000	n/a	n/a	STATUS	n/a	n/a	DIN5
363.5480000000	n/a	n/a	STATUS	n/a	n/a	D255
364.0440000000	n/a	n/a	STATUS	n/a	n/a	D248
364.0920000000	n/a	n/a	STATUS	n/a	n/a	D255
364.1320000000	n/a	n/a	STATUS	n/a	n/a	DI54
364.1800000000	n/a	n/a	STATUS	n/a	n/a	D255
364.3960000000	n/a	n/a	STATUS	n/a	n/a	DI34
364.4440000000	n/a	n/a	STATUS	n/a	n/a	D255
364.7040000000	n/a	n/a	STATUS	n/a	n/a	DIN5
364.7520000000	n/a	n/a	STATUS	n/a	n/a	D255
365.2120000000	n/a	n/a	STATUS	n/a	n/a	D133
365.2640000000	n/a	n/a	STATUS	n/a	n/a	D255
365.3000000000	n/a	n/a	STATUS	n/a	n/a	DI52
365.3520000000	n/a	n/a	STATUS	n/a	n/a	D255
365.6080000000	n/a	n/a	STATUS	n/a	n/a	DI12
365.6600000000	n/a	n/a	STATUS	n/a	n/a	D255
365.6640000000	n/a	n/a	STATUS	n/a	n/a	DIN4
365.7120000000	n/a	n/a	STATUS	n/a	n/a	D255
366.4680000000	n/a	n/a	STATUS	n/a	n/a	DIN5
366.5160000000	n/a	n/a	STATUS	n/a	n/a	D255
366.8680000000	n/a	n/a	STATUS	n/a	n/a	D223
366.9160000000	n/a	n/a	STATUS	n/a	n/a	D255
366.9560000000	n/a	n/a	STATUS	n/a	n/a	DI54
367.0040000000	n/a	n/a	STATUS	n/a	n/a	D255
367.1920000000	n/a	n/a	STATUS	n/a	n/a	DI34
367.2400000000	n/a	n/a	STATUS	n/a	n/a	D255
367.5000000000	n/a	n/a	STATUS	n/a	n/a	DIN5
367.5520000000	n/a	n/a	STATUS	n/a	n/a	D255
368.0200000000	n/a	n/a	STATUS	n/a	n/a	D159
368.0720000000	n/a	n/a	STATUS	n/a	n/a	D255
368.1080000000	n/a	n/a	STATUS	n/a	n/a	DI53
368.1560000000	n/a	n/a	STATUS	n/a	n/a	D255
368.3040000000	n/a	n/a	STATUS	n/a	n/a	DI43
368.3520000000	n/a	n/a	STATUS	n/a	n/a	D255
368.6120000000	n/a	n/a	STATUS	n/a	n/a	DIN5
368.6600000000	n/a	n/a	STATUS	n/a	n/a	D255
369.0440000000	n/a	n/a	STATUS	n/a	n/a	D250
369.0960000000	n/a	n/a	STATUS	n/a	n/a	D255
369.1320000000	n/a	n/a	STATUS	n/a	n/a	DI51
369.1840000000	n/a	n/a	STATUS	n/a	n/a	D255
369.4800000000	n/a	n/a	STATUS	n/a	n/a	DI31
369.5320000000	n/a	n/a	STATUS	n/a	n/a	D255
369.7880000000	n/a	n/a	STATUS	n/a	n/a	DIN5
369.8400000000	n/a	n/a	STATUS	n/a	n/a	D255
370.1840000000	n/a	n/a	STATUS	n/a	n/a	D234
370.2360000000	n/a	n/a	STATUS	n/a	n/a	D255
370.2720000000	n/a	n/a	STATUS	n/a	n/a	DI53
370.3240000000	n/a	n/a	STATUS	n/a	n/a	D255
370.4880000000	n/a	n/a	STATUS	n/a	n/a	DI43
370.5360000000	n/a	n/a	STATUS	n/a	n/a	D255
370.7960000000	n/a	n/a	STATUS	n/a	n/a	DIN5
370.8440000000	n/a	n/a	STATUS	n/a	n/a	D255
371.2720000000	n/a	n/a	STATUS	n/a	n/a	D254
371.3200000000	n/a	n/a	STATUS	n/a	n/a	D255
371.3600000000	n/a	n/a	STATUS	n/a	n/a	DI51
371.4080000000	n/a	n/a	STATUS	n/a	n/a	D255
371.7360000000	n/a	n/a	STATUS	n/a	n/a	DI31
371.7840000000	n/a	n/a	STATUS	n/a	n/a	D255
372.0440000000	n/a	n/a	STATUS	n/a	n/a	DIN5
372.0960000000	n/a	n/a	STATUS	n/a	n/a	D255
372.5200000000	n/a	n/a	STATUS	n/a	n/a	D119
372.5680000000	n/a	n/a	STATUS	n/a	n/a	D255
372.6040000000	n/a	n/a	STATUS	n/a	n/a	DI53
372.6560000000	n/a	n/a	STATUS	n/a	n/a	D255
372.8000000000	n/a	n/a	STATUS	n/a	n/a	DI43
372.8520000000	n/a	n/a	STATUS	n/a	n/a	D255
373.1120000000	n/a	n/a	STATUS	n/a	n/a	DIN5
373.1600000000	n/a	n/a	STATUS	n/a	n/a	D255
373.5080000000	n/a	n/a	STATUS	n/a	n/a	D122
373.5600000000	n/a	n/a	STATUS	n/a	n/a	D255
373.5960000000	n/a	n/a	STATUS	n/a	n/a	DI52
373.6480000000	n/a	n/a	STATUS	n/a	n/a	D255
373.8760000000	n/a	n/a	STATUS	n/a	n/a	DI12
373.9240000000	n/a	n/a	STATUS	n/a	n/a	D255
373.9280000000	n/a	n/a	STATUS	n/a	n/a	DIN4
373.9800000000	n/a	n/a	STATUS	n/a	n/a	D255
374.7360000000	n/a	n/a	STATUS	n/a	n/a	DIN5
374.7840000000	n/a	n/a	STATUS	n/a	n/a	D255
375.1280000000	n/a	n/a	STATUS	n/a	n/a	D168
375.1800000000	n/a	n/a	STATUS	n/a	n/a	D255
375.2160000000	n/a	n/a	STATUS	n/a	n/a	DI53
375.2680000000	n/a	n/a	STATUS	n/a	n/a	D255
375.4440000000	n/a	n/a	STATUS	n/a	n/a	DI43
375.4920000000	n/a	n/a	STATUS	n/a	n/a	D255
375.7520000000	n/a	n/a	STATUS	n/a	n/a	DIN5
375.8040000000	n/a	n/a	STATUS	n/a	n/a	D255
376.1120000000	n/a	n/a	STATUS	n/a	n/a	DI94
376.1640000000	n/a	n/a	STATUS	n/a	n/a	D255
376.2000000000	n/a	n/a	STATUS	n/a	n/a	DI54
376.2480000000	n/a	n/a	STATUS	n/a	n/a	D255
376.5080000000	n/a	n/a	STATUS	n/a	n/a	DI34
376.5560000000	n/a	n/a	STATUS	n/a	n/a	D255
376.8160000000	n/a	n/a	STATUS	n/a	n/a	DIN5
376.8680000000	n/a	n/a	STATUS	n/a	n/a	D255
377.1720000000	n/a	n/a	STATUS	n/a	n/a	D207
377.2240000000	n/a	n/a	STATUS	n/a	n/a	D255
377.2600000000	n/a	n/a	STATUS	n/a	n/a	DI52
377.3080000000	n/a	n/a	STATUS	n/a	n/a	D255
377.6120000000	n/a	n/a	STATUS	n/a	n/a	DI42
377.6600000000	n/a	n/a	STATUS	n/a	n/a	D255
377.9200000000	n/a	n/a	STATUS	n/a	n/a	DIN5
377.9720000000	n/a	n/a	STATUS	n/a	n/a	D255
378.3960000000	n/a	n/a	STATUS	n/a	n/a	D221
378.4440000000	n/a	n/a	STATUS	n/a	n/a	D255
378.4840000000	n/a	n/a	STATUS	n/a	n/a	DI51
378.5320000000	n/a	n/a	STATUS	n/a	n/a	D255
378.7320000000	n/a	n/a	STATUS	n/a	n/a	DI21
378.7800000000	n/a	n/a	STATUS	n/a	n/a	D255
378.7840000000	n/a	n/a	STATUS	n/a	n/a	DIN4
378.8360000000	n/a	n/a	STATUS	n/a	n/a	D255
379.5920000000	n/a	n/a	STATUS	n/a	n/a	DIN5
379.6400000000	n/a	n/a	STATUS	n/a	n/a	D255
380.1280000000	n/a	n/a	STATUS	n/a	n/a	DI80
380.1800000000	n/a	n/a	STATUS	n/a	n/a	D255
380.2160000000	n/a	n/a	STATUS	n/a	n/a	DI53
380.2680000000	n/a	n/a	STATUS	n/a	n/a	D255
380.5200000000	n/a	n/a	STATUS	n/a	n/a	DI43
380.5680000000	n/a	n/a	STATUS	n/a	n/a	D255
380.8280000000	n/a	n/a	STATUS	n/a	n/a	DIN5
380.8760000000	n/a	n/a	STATUS	n/a	n/a	D255
381.3120000000	n/a	n/a	STATUS	n/a	n/a	D247
381.3640000000	n/a	n/a	STATUS	n/a	n/a	D255
381.4000000000	n/a	n/a	STATUS	n/a	n/a	DI52
381.4520000000	n/a	n/a	STATUS	n/a	n/a	D255
381.7000000000	n/a	n/a	STATUS	n/a	n/a	DI12
381.7520000000	n/a	n/a	STATUS	n/a	n/a	D255
381.7560000000	n/a	n/a	STATUS	n/a	n/a	DIN4
381.8080000000	n/a	n/a	STATUS	n/a	n/a	D255
382.5640000000	n/a	n/a	STATUS	n/a	n/a	DIN5
382.6120000000	n/a	n/a	STATUS	n/a	n/a	D255
382.9640000000	n/a	n/a	STATUS	n/a	n/a	D124
383.0160000000	n/a	n/a	STATUS	n/a	n/a	D255
383.0520000000	n/a	n/a	STATUS	n/a	n/a	DI54
383.1040000000	n/a	n/a	STATUS	n/a	n/a	D255
383.3920000000	n/a	n/a	STATUS	n/a	n/a	DI34
383.4400000000	n/a	n/a	STATUS	n/a	n/a	D255
383.7000000000	n/a	n/a	STATUS	n/a	n/a	DIN5
383.7480000000	n/a	n/a	STATUS	n/a	n/a	D255
384.2040000000	n/a	n/a	STATUS	n/a	n/a	DI85
384.2560000000	n/a	n/a	STATUS	n/a	n/a	D255
384.2920000000	n/a	n/a	STATUS	n/a	n/a	DI52
384.3400000000	n/a	n/a	STATUS	n/a	n/a	D255
384.6640000000	n/a	n/a	STATUS	n/a	n/a	DI42
384.7160000000	n/a	n/a	STATUS	n/a	n/a	D255
384.9720000000	n/a	n/a	STATUS	n/a	n/a	DIN5
385.0240000000	n/a	n/a	STATUS	n/a	n/a	D255
385.4840000000	n/a	n/a	STATUS	n/a	n/a	D202
385.5320000000	n/a	n/a	STATUS	n/a	n/a	D255
385.5720000000	n/a	n/a	STATUS	n/a	n/a	DI51
385.6200000000	n/a	n/a	STATUS	n/a	n/a	D255
385.8520000000	n/a	n/a	STATUS	n/a	n/a	DI21
385.9040000000	n/a	n/a	STATUS	n/a	n/a	D255
385.9080000000	n/a	n/a	STATUS	n/a	n/a	DIN4
385.9600000000	n/a	n/a	STATUS	n/a	n/a	D255
386.7120000000	n/a	n/a	STATUS	n/a	n/a	DIN5
386.7640000000	n/a	n/a	STATUS	n/a	n/a	D255
387.0680000000	n/a	n/a	STATUS	n/a	n/a	D128
387.1160000000	n/a	n/a	STATUS	n/a	n/a	D255
387.1560000000	n/a	n/a	STATUS	n/a	n/a	DI53
387.2080000000	n/a	n/a	STATUS	n/a	n/a	D255
387.4360000000	n/a	n/a	STATUS	n/a	n/a	DI43
387.4840000000	n/a	n/a	STATUS	n/a	n/a	D255
387.7440000000	n/a	n/a	STATUS	n/a	n/a	DIN5
387.7920000000	n/a	n/a	STATUS	n/a	n/a	D255
388.2920000000	n/a	n/a	STATUS	n/a	n/a	D125
388.3440000000	n/a	n/a	STATUS	n/a	n/a	D255
388.3800000000	n/a	n/a	STATUS	n/a	n/a	DI53
388.4320000000	n/a	n/a	STATUS	n/a	n/a	D255
388.7360000000	n/a	n/a	STATUS	n/a	n/a	DI43
388.7840000000	n/a	n/a	STATUS	n/a	n/a	D255
389.0440000000	n/a	n/a	STATUS	n/a	n/a	DIN5
389.0960000000	n/a	n/a	STATUS	n/a	n/a	D255
389.4600000000	n/a	n/a	STATUS	n/a	n/a	D153
389.5080000000	n/a	n/a	STATUS	n/a	n/a	D255
389.5480000000	n/a	n/a	STATUS	n/a	n/a	DI51
389.5960000000	n/a	n/a	STATUS	n/a	n/a	D255
389.9080000000	n/a	n/a	STATUS	n/a	n/a	DI31
389.9560000000	n/a	n/a	STATUS	n/a	n/a	D255
390.2160000000	n/a	n/a	STATUS	n/a	n/a	DIN5
390.2640000000	n/a	n/a	STATUS	n/a	n/a	D255
390.7360000000	n/a	n/a	STATUS	n/a	n/a	D226
390.7840000000	n/a	n/a	STATUS	n/a	n/a	D255
390.8240000000	n/a	n/a	STATUS	n/a	n/a	DI51
390.8720000000	n/a	n/a	STATUS	n/a	n/a	D255
391.2520000000	n/a	n/a	STATUS	n/a	n/a	DI31
391.3000000000	n/a	n/a	STATUS	n/a	n/a	D255
391.5600000000	n/a	n/a	STATUS	n/a	n/a	DIN5
391.6080000000	n/a	n/a	STATUS	n/a	n/a	D255
391.9400000000	n/a	n/a	STATUS	n/a	n/a	D131
391.9880000000	n/a	n/a	STATUS	n/a	n/a	D255
392.0280000000	n/a	n/a	STATUS	n/a	n/a	DI53
392.0760000000	n/a	n/a	STATUS	n/a	n/a	D255
392.3640000000	n/a	n/a	STATUS	n/a	n/a	DI43
392.4160000000	n/a	n/a	STATUS	n/a	n/a	D255
392.6760000000	n/a	n/a	STATUS	n/a	n/a	DIN5
392.7240000000	n/a	n/a	STATUS	n/a	n/a	D255
393.1040000000	n/a	n/a	STATUS	n/a	n/a	D120
393.1560000000	n/a	n/a	STATUS	n/a	n/a	D255
393.1920000000	n/a	n/a	STATUS	n/a	n/a	DI54
393.2440000000	n/a	n/a	STATUS	n/a	n/a	D255
393.5560000000	n/a	n/a	STATUS	n/a	n/a	DI34
393.6040000000	n/a	n/a	STATUS	n/a	n/a	D255
394.1560000000	n/a	n/a	STATUS	n/a	n/a	DIN5
394.2080000000	n/a	n/a	STATUS	n/a	n/a	D255
394.6760000000	n/a	n/a	STATUS	n/a	n/a	D224
394.7280000000	n/a	n/a	STATUS	n/a	n/a	D255
394.7640000000	n/a	n/a	STATUS	n/a	n/a	DI54
394.8160000000	n/a	n/a	STATUS	n/a	n/a	D255
395.0640000000	n/a	n/a	STATUS	n/a	n/a	DI34
395.1160000000	n/a	n/a	STATUS	n/a	n/a	D255
395.3720000000	n/a	n/a	STATUS	n/a	n/a	DIN5
395.4240000000	n/a	n/a	STATUS	n/a	n/a	D255
395.8280000000	n/a	n/a	STATUS	n/a	n/a	D169
395.8760000000	n/a	n/a	STATUS	n/a	n/a	D255
395.9160000000	n/a	n/a	STATUS	n/a	n/a	DI51
395.9640000000	n/a	n/a	STATUS	n/a	n/a	D255
396.2760000000	n/a	n/a	STATUS	n/a	n/a	DI31
396.3280000000	n/a	n/a	STATUS	n/a	n/a	D255
396.5840000000	n/a	n/a	STATUS	n/a	n/a	DIN5
396.6360000000	n/a	n/a	STATUS	n/a	n/a	D255
397.0240000000	n/a	n/a	STATUS	n/a	n/a	D244
397.0760000000	n/a	n/a	STATUS	n/a	n/a	D255
397.1120000000	n/a	n/a	STATUS	n/a	n/a	DI52
397.1640000000	n/a	n/a	STATUS	n/a	n/a	D255
397.5560000000	n/a	n/a	STATUS	n/a	n/a	DI42
397.6080000000	n/a	n/a	STATUS	n/a	n/a	D255
397.8640000000	n/a	n/a	STATUS	n/a	n/a	DIN5
397.9160000000	n/a	n/a	STATUS	n/a	n/a	D255
398.3440000000	n/a	n/a	STATUS	n/a	n/a	D155
398.3960000000	n/a	n/a	STATUS	n/a	n/a	D255
398.4320000000	n/a	n/a	STATUS	n/a	n/a	DI54
398.4800000000	n/a	n/a	STATUS	n/a	n/a	D255
398.7320000000	n/a	n/a	STATUS	n/a	n/a	DI34
398.7840000000	n/a	n/a	STATUS	n/a	n/a	D255
399.0440000000	n/a	n/a	STATUS	n/a	n/a	DIN5
399.0920000000	n/a	n/a	STATUS	n/a	n/a	D255
399.4440000000	n/a	n/a	STATUS	n/a	n/a	D239
399.4920000000	n/a	n/a	STATUS	n/a	n/a	D255
399.5320000000	n/a	n/a	STATUS	n/a	n/a	DI52
399.5800000000	n/a	n/a	STATUS	n/a	n/a	D255
399.8760000000	n/a	n/a	STATUS	n/a	n/a	DI42
399.9280000000	n/a	n/a	STATUS	n/a	n/a	D255
400.1840000000	n/a	n/a	STATUS	n/a	n/a	DIN5
400.2360000000	n/a	n/a	STATUS	n/a	n/a	D255
400.6120000000	n/a	n/a	STATUS	n/a	n/a	DI65
400.6600000000	n/a	n/a	STATUS	n/a	n/a	D255
400.7000000000	n/a	n/a	STATUS	n/a	n/a	DI53
400.7480000000	n/a	n/a	STATUS	n/a	n/a	D255
400.9720000000	n/a	n/a	STATUS	n/a	n/a	DI43
401.0240000000	n/a	n/a	STATUS	n/a	n/a	D255
401.2800000000	n/a	n/a	STATUS	n/a	n/a	DIN5
401.3320000000	n/a	n/a	STATUS	n/a	n/a	D255
401.6600000000	n/a	n/a	STATUS	n/a	n/a	D154
401.7120000000	n/a	n/a	STATUS	n/a	n/a	D255
401.7480000000	n/a	n/a	STATUS	n/a	n/a	DI52
401.8000000000	n/a	n/a	STATUS	n/a	n/a	D255
402.0360000000	n/a	n/a	STATUS	n/a	n/a	DI12
402.0840000000	n/a	n/a	STATUS	n/a	n/a	D255
402.0880000000	n/a	n/a	STATUS	n/a	n/a	DIN4
402.1400000000	n/a	n/a	STATUS	n/a	n/a	D255
402.8920000000	n/a	n/a	STATUS	n/a	n/a	DIN5
402.9440000000	n/a	n/a	STATUS	n/a	n/a	D255
403.2560000000	n/a	n/a	STATUS	n/a	n/a	D172
403.3080000000	n/a	n/a	STATUS	n/a	n/a	D255
403.3440000000	n/a	n/a	STATUS	n/a	n/a	DI52
403.3960000000	n/a	n/a	STATUS	n/a	n/a	D255
403.6080000000	n/a	n/a	STATUS	n/a	n/a	DI12
403.6600000000	n/a	n/a	STATUS	n/a	n/a	D255
403.6640000000	n/a	n/a	STATUS	n/a	n/a	DIN4
403.7120000000	n/a	n/a	STATUS	n/a	n/a	D255
404.4680000000	n/a	n/a	STATUS	n/a	n/a	DIN5
404.5160000000	n/a	n/a	STATUS	n/a	n/a	D255
405.0200000000	n/a	n/a	STATUS	n/a	n/a	D236
405.0720000000	n/a	n/a	STATUS	n/a	n/a	D255
405.1080000000	n/a	n/a	STATUS	n/a	n/a	DI51
405.1600000000	n/a	n/a	STATUS	n/a	n/a	D255
405.5040000000	n/a	n/a	STATUS	n/a	n/a	DI31
405.5520000000	n/a	n/a	STATUS	n/a	n/a	D255
405.8120000000	n/a	n/a	STATUS	n/a	n/a	DIN5
405.8600000000	n/a	n/a	STATUS	n/a	n/a	D255
406.2000000000	n/a	n/a	STATUS	n/a	n/a	D175
406.2520000000	n/a	n/a	STATUS	n/a	n/a	D255
406.2880000000	n/a	n/a	STATUS	n/a	n/a	DI54
406.3400000000	n/a	n/a	STATUS	n/a	n/a	D255
406.6080000000	n/a	n/a	STATUS	n/a	n/a	DI34
406.6560000000	n/a	n/a	STATUS	n/a	n/a	D255
406.9160000000	n/a	n/a	STATUS	n/a	n/a	DIN5
406.9680000000	n/a	n/a	STATUS	n/a	n/a	D255
407.4320000000	n/a	n/a	STATUS	n/a	n/a	DI66
407.4800000000	n/a	n/a	STATUS	n/a	n/a	D255
407.5200000000	n/a	n/a	STATUS	n/a	n/a	DI52
407.5680000000	n/a	n/a	STATUS	n/a	n/a	D255
407.8960000000	n/a	n/a	STATUS	n/a	n/a	DI42
407.9480000000	n/a	n/a	STATUS	n/a	n/a	D255
408.2080000000	n/a	n/a	STATUS	n/a	n/a	DIN5
408.2560000000	n/a	n/a	STATUS	n/a	n/a	D255
408.7160000000	n/a	n/a	STATUS	n/a	n/a	D113
408.7680000000	n/a	n/a	STATUS	n/a	n/a	D255
408.8040000000	n/a	n/a	STATUS	n/a	n/a	DI54
408.8520000000	n/a	n/a	STATUS	n/a	n/a	D255
409.0600000000	n/a	n/a	STATUS	n/a	n/a	DI34
409.1120000000	n/a	n/a	STATUS	n/a	n/a	D255
409.3680000000	n/a	n/a	STATUS	n/a	n/a	DIN5
409.4200000000	n/a	n/a	STATUS	n/a	n/a	D255
409.8680000000	n/a	n/a	STATUS	n/a	n/a	D171
409.9200000000	n/a	n/a	STATUS	n/a	n/a	D255
409.9560000000	n/a	n/a	STATUS	n/a	n/a	DI54
410.0080000000	n/a	n/a	STATUS	n/a	n/a	D255
410.2240000000	n/a	n/a	STATUS	n/a	n/a	DI34
410.2760000000	n/a	n/a	STATUS	n/a	n/a	D255
410.5360000000	n/a	n/a	STATUS	n/a	n/a	DIN5
410.5840000000	n/a	n/a	STATUS	n/a	n/a	D255
411.0640000000	n/a	n/a	STATUS	n/a	n/a	D232
411.1160000000	n/a	n/a	STATUS	n/a	n/a	D255
411.1520000000	n/a	n/a	STATUS	n/a	n/a	DI52
411.2040000000	n/a	n/a	STATUS	n/a	n/a	D255
411.4240000000	n/a	n/a	STATUS	n/a	n/a	DI12
411.4760000000	n/a	n/a	STATUS	n/a	n/a	D255
411.4800000000	n/a	n/a	STATUS	n/a	n/a	DIN4
411.5280000000	n/a	n/a	STATUS	n/a	n/a	D255
412.2840000000	n/a	n/a	STATUS	n/a	n/a	DIN5
412.3320000000	n/a	n/a	STATUS	n/a	n/a	D255
412.7640000000	n/a	n/a	STATUS	n/a	n/a	D157
412.8120000000	n/a	n/a	STATUS	n/a	n/a	D255
412.8520000000	n/a	n/a	STATUS	n/a	n/a	DI53
412.9000000000	n/a	n/a	STATUS	n/a	n/a	D255
413.1440000000	n/a	n/a	STATUS	n/a	n/a	DI43
413.1960000000	n/a	n/a	STATUS	n/a	n/a	D255
413.4560000000	n/a	n/a	STATUS	n/a	n/a	DIN5
413.5040000000	n/a	n/a	STATUS	n/a	n/a	D255
413.9880000000	n/a	n/a	STATUS	n/a	n/a	D233
414.0400000000	n/a	n/a	STATUS	n/a	n/a	D255
414.0760000000	n/a	n/a	STATUS	n/a	n/a	DI51
414.1280000000	n/a	n/a	STATUS	n/a	n/a	D255
414.2920000000	n/a	n/a	STATUS	n/a	n/a	DI21
414.3400000000	n/a	n/a	STATUS	n/a	n/a	D255
414.3480000000	n/a	n/a	STATUS	n/a	n/a	DIN4
414.3960000000	n/a	n/a	STATUS	n/a	n/a	D255
415.1520000000	n/a	n/a	STATUS	n/a	n/a	DIN5
415.2000000000	n/a	n/a	STATUS	n/a	n/a	D255
415.6520000000	n/a	n/a	STATUS	n/a	n/a	DI74
415.7000000000	n/a	n/a	STATUS	n/a	n/a	D255
415.7400000000	n/a	n/a	STATUS	n/a	n/a	DI51
415.7880000000	n/a	n/a	STATUS	n/a	n/a	D255
415.9720000000	n/a	n/a	STATUS	n/a	n/a	DI21
416.0240000000	n/a	n/a	STATUS	n/a	n/a	D255
416.0280000000	n/a	n/a	STATUS	n/a	n/a	DIN4
416.0760000000	n/a	n/a	STATUS	n/a	n/a	D255
416.8320000000	n/a	n/a	STATUS	n/a	n/a	DIN5
416.8800000000	n/a	n/a	STATUS	n/a	n/a	D255
417.2560000000	n/a	n/a	STATUS	n/a	n/a	D220
417.3040000000	n/a	n/a	STATUS	n/a	n/a	D255
417.3440000000	n/a	n/a	STATUS	n/a	n/a	DI54
417.3920000000	n/a	n/a	STATUS	n/a	n/a	D255
417.6000000000	n/a	n/a	STATUS	n/a	n/a	DI34
417.6480000000	n/a	n/a	STATUS	n/a	n/a	D255
417.9080000000	n/a	n/a	STATUS	n/a	n/a	DIN5
417.9600000000	n/a	n/a	STATUS	n/a	n/a	D255
418.3040000000	n/a	n/a	STATUS	n/a	n/a	DI71
418.3520000000	n/a	n/a	STATUS	n/a	n/a	D255
418.3920000000	n/a	n/a	STATUS	n/a	n/a	DI51
418.4400000000	n/a	n/a	STATUS	n/a	n/a	D255
418.6840000000	n/a	n/a	STATUS	n/a	n/a	DI21
418.7320000000	n/a	n/a	STATUS	n/a	n/a	D255
418.7360000000	n/a	n/a	STATUS	n/a	n/a	DIN4
418.7880000000	n/a	n/a	STATUS	n/a	n/a	D255
419.5400000000	n/a	n/a	STATUS	n/a	n/a	DIN5
419.5920000000	n/a	n/a	STATUS	n/a	n/a	D255
419.9200000000	n/a	n/a	STATUS	n/a	n/a	DI90
419.9720000000	n/a	n/a	STATUS	n/a	n/a	D255
420.0080000000	n/a	n/a	STATUS	n/a	n/a	DI51
420.0600000000	n/a	n/a	STATUS	n/a	n/a	D255
420.2800000000	n/a	n/a	STATUS	n/a	n/a	DI21
420.3280000000	n/a	n/a	STATUS	n/a	n/a	D255
420.3320000000	n/a	n/a	STATUS	n/a	n/a	DIN4
420.3840000000	n/a	n/a	STATUS	n/a	n/a	D255
421.1400000000	n/a	n/a	STATUS	n/a	n/a	DIN5
421.1880000000	n/a	n/a	STATUS	n/a	n/a	D255
421.6280000000	n/a	n/a	STATUS	n/a	n/a	DI98
421.6800000000	n/a	n/a	STATUS	n/a	n/a	D255
421.7160000000	n/a	n/a	STATUS	n/a	n/a	DI54
421.7680000000	n/a	n/a	STATUS	n/a	n/a	D255
421.9920000000	n/a	n/a	STATUS	n/a	n/a	DI34
422.0440000000	n/a	n/a	STATUS	n/a	n/a	D255
422.3040000000	n/a	n/a	STATUS	n/a	n/a	DIN5
422.3520000000	n/a	n/a	STATUS	n/a	n/a	D255
422.7280000000	n/a	n/a	STATUS	n/a	n/a	D210
422.7760000000	n/a	n/a	STATUS	n/a	n/a	D255
422.8160000000	n/a	n/a	STATUS	n/a	n/a	DI54
422.8640000000	n/a	n/a	STATUS	n/a	n/a	D255
423.1000000000	n/a	n/a	STATUS	n/a	n/a	DI34
423.1520000000	n/a	n/a	STATUS	n/a	n/a	D255
423.4120000000	n/a	n/a	STATUS	n/a	n/a	DIN5
423.4600000000	n/a	n/a	STATUS	n/a	n/a	D255
423.9520000000	n/a	n/a	STATUS	n/a	n/a	D103
424.0000000000	n/a	n/a	STATUS	n/a	n/a	D255
424.0360000000	n/a	n/a	STATUS	n/a	n/a	DI54
424.0880000000	n/a	n/a	STATUS	n/a	n/a	D255
424.3440000000	n/a	n/a	STATUS	n/a	n/a	DI34
424.3920000000	n/a	n/a	STATUS	n/a	n/a	D255
424.6520000000	n/a	n/a	STATUS	n/a	n/a	DIN5
424.7000000000	n/a	n/a	STATUS	n/a	n/a	D255
425.0960000000	n/a	n/a	STATUS	n/a	n/a	D179
425.1440000000	n/a	n/a	STATUS	n/a	n/a	D255
425.1840000000	n/a	n/a	STATUS	n/a	n/a	DI51
425.2320000000	n/a	n/a	STATUS	n/a	n/a	D255
425.5000000000	n/a	n/a	STATUS	n/a	n/a	DI21
425.5480000000	n/a	n/a	STATUS	n/a	n/a	D255
425.5520000000	n/a	n/a	STATUS	n/a	n/a	DIN4
425.6040000000	n/a	n/a	STATUS	n/a	n/a	D255
426.3600000000	n/a	n/a	STATUS	n/a	n/a	DIN5
426.4080000000	n/a	n/a	STATUS	n/a	n/a	D255
426.7760000000	n/a	n/a	STATUS	n/a	n/a	D111
426.8240000000	n/a	n/a	STATUS	n/a	n/a	D255
426.8640000000	n/a	n/a	STATUS	n/a	n/a	DI52
426.9120000000	n/a	n/a	STATUS	n/a	n/a	D255
427.2440000000	n/a	n/a	STATUS	n/a	n/a	DI42
427.2960000000	n/a	n/a	STATUS	n/a	n/a	D255
427.5520000000	n/a	n/a	STATUS	n/a	n/a	DIN5
427.6040000000	n/a	n/a	STATUS	n/a	n/a	D255
427.9240000000	n/a	n/a	STATUS	n/a	n/a	DI83
427.9720000000	n/a	n/a	STATUS	n/a	n/a	D255
428.0120000000	n/a	n/a	STATUS	n/a	n/a	DI51
428.0600000000	n/a	n/a	STATUS	n/a	n/a	D255
428.4080000000	n/a	n/a	STATUS	n/a	n/a	DI31
428.4560000000	n/a	n/a	STATUS	n/a	n/a	D255
428.7160000000	n/a	n/a	STATUS	n/a	n/a	DIN5
428.7640000000	n/a	n/a	STATUS	n/a	n/a	D255
429.1560000000	n/a	n/a	STATUS	n/a	n/a	D219
429.2040000000	n/a	n/a	STATUS	n/a	n/a	D255
429.2440000000	n/a	n/a	STATUS	n/a	n/a	DI52
429.2920000000	n/a	n/a	STATUS	n/a	n/a	D255
429.5600000000	n/a	n/a	STATUS	n/a	n/a	DI12
429.6120000000	n/a	n/a	STATUS	n/a	n/a	D255
429.6160000000	n/a	n/a	STATUS	n/a	n/a	DIN4
429.6680000000	n/a	n/a	STATUS	n/a	n/a	D255
430.4200000000	n/a	n/a	STATUS	n/a	n/a	DIN5
430.4720000000	n/a	n/a	STATUS	n/a	n/a	D255
430.9520000000	n/a	n/a	STATUS	n/a	n/a	D205
431.0000000000	n/a	n/a	STATUS	n/a	n/a	D255
431.0360000000	n/a	n/a	STATUS	n/a	n/a	DI54
431.0880000000	n/a	n/a	STATUS	n/a	n/a	D255
431.3400000000	n/a	n/a	STATUS	n/a	n/a	DI34
431.3880000000	n/a	n/a	STATUS	n/a	n/a	D255
431.6480000000	n/a	n/a	STATUS	n/a	n/a	DIN5
431.7000000000	n/a	n/a	STATUS	n/a	n/a	D255
432.0920000000	n/a	n/a	STATUS	n/a	n/a	D243
432.1440000000	n/a	n/a	STATUS	n/a	n/a	D255
432.1800000000	n/a	n/a	STATUS	n/a	n/a	DI52
432.2320000000	n/a	n/a	STATUS	n/a	n/a	D255
432.5720000000	n/a	n/a	STATUS	n/a	n/a	DI42
432.6200000000	n/a	n/a	STATUS	n/a	n/a	D255
432.8800000000	n/a	n/a	STATUS	n/a	n/a	DIN5
432.9320000000	n/a	n/a	STATUS	n/a	n/a	D255
433.3800000000	n/a	n/a	STATUS	n/a	n/a	D200
433.4280000000	n/a	n/a	STATUS	n/a	n/a	D255
433.4680000000	n/a	n/a	STATUS	n/a	n/a	DI51
433.5160000000	n/a	n/a	STATUS	n/a	n/a	D255
433.7440000000	n/a	n/a	STATUS	n/a	n/a	DI21
433.7960000000	n/a	n/a	STATUS	n/a	n/a	D255
433.8000000000	n/a	n/a	STATUS	n/a	n/a	DIN4
433.8480000000	n/a	n/a	STATUS	n/a	n/a	D255
434.6040000000	n/a	n/a	STATUS	n/a	n/a	DIN5
434.6560000000	n/a	n/a	STATUS	n/a	n/a	D255
435.1560000000	n/a	n/a	STATUS	n/a	n/a	D191
435.2040000000	n/a	n/a	STATUS	n/a	n/a	D255
435.2400000000	n/a	n/a	STATUS	n/a	n/a	DI53
435.2920000000	n/a	n/a	STATUS	n/a	n/a	D255
435.6120000000	n/a	n/a	STATUS	n/a	n/a	DI43
435.6640000000	n/a	n/a	STATUS	n/a	n/a	D255
435.9240000000	n/a	n/a	STATUS	n/a	n/a	DIN5
435.9720000000	n/a	n/a	STATUS	n/a	n/a	D255
436.3560000000	n/a	n/a	STATUS	n/a	n/a	D231
436.4080000000	n/a	n/a	STATUS	n/a	n/a	D255
436.4440000000	n/a	n/a	STATUS	n/a	n/a	DI52
436.4960000000	n/a	n/a	STATUS	n/a	n/a	D255
436.8800000000	n/a	n/a	STATUS	n/a	n/a	DI42
436.9280000000	n/a	n/a	STATUS	n/a	n/a	D255
437.1880000000	n/a	n/a	STATUS	n/a	n/a	DIN5
437.2400000000	n/a	n/a	STATUS	n/a	n/a	D255
437.7080000000	n/a	n/a	STATUS	n/a	n/a	D196
437.7560000000	n/a	n/a	STATUS	n/a	n/a	D255
437.7960000000	n/a	n/a	STATUS	n/a	n/a	DI53
437.8440000000	n/a	n/a	STATUS	n/a	n/a	D255
438.1160000000	n/a	n/a	STATUS	n/a	n/a	DI43
438.1640000000	n/a	n/a	STATUS	n/a	n/a	D255
438.4240000000	n/a	n/a	STATUS	n/a	n/a	DIN5
438.4760000000	n/a	n/a	STATUS	n/a	n/a	D255
438.9440000000	n/a	n/a	STATUS	n/a	n/a	D230
438.9960000000	n/a	n/a	STATUS	n/a	n/a	D255
439.0320000000	n/a	n/a	STATUS	n/a	n/a	DI53
439.0840000000	n/a	n/a	STATUS	n/a	n/a	D255
439.4000000000	n/a	n/a	STATUS	n/a	n/a	DI43
439.4520000000	n/a	n/a	STATUS	n/a	n/a	D255
439.7080000000	n/a	n/a	STATUS	n/a	n/a	DIN5
439.7600000000	n/a	n/a	STATUS	n/a	n/a	D255
440.1200000000	n/a	n/a	STATUS	n/a	n/a	D149
440.1680000000	n/a	n/a	STATUS	n/a	n/a	D255
440.2080000000	n/a	n/a	STATUS	n/a	n/a	DI52
440.2560000000	n/a	n/a	STATUS	n/a	n/a	D255
440.7880000000	n/a	n/a	STATUS	n/a	n/a	DI42
440.8360000000	n/a	n/a	STATUS	n/a	n/a	D255
441.0960000000	n/a	n/a	STATUS	n/a	n/a	DIN5
441.1440000000	n/a	n/a	STATUS	n/a	n/a	D255
441.5840000000	n/a	n/a	STATUS	n/a	n/a	D134
441.6360000000	n/a	n/a	STATUS	n/a	n/a	D255
441.6720000000	n/a	n/a	STATUS	n/a	n/a	DI53
441.7240000000	n/a	n/a	STATUS	n/a	n/a	D255
442.0200000000	n/a	n/a	STATUS	n/a	n/a	DI43
442.0720000000	n/a	n/a	STATUS	n/a	n/a	D255
442.3320000000	n/a	n/a	STATUS	n/a	n/a	DIN5
442.3800000000	n/a	n/a	STATUS	n/a	n/a	D255
442.7200000000	n/a	n/a	STATUS	n/a	n/a	D241
442.7720000000	n/a	n/a	STATUS	n/a	n/a	D255
442.8080000000	n/a	n/a	STATUS	n/a	n/a	DI51
442.8600000000	n/a	n/a	STATUS	n/a	n/a	D255
443.3360000000	n/a	n/a	STATUS	n/a	n/a	DI31
443.3840000000	n/a	n/a	STATUS	n/a	n/a	D255
443.6440000000	n/a	n/a	STATUS	n/a	n/a	DIN5
443.6960000000	n/a	n/a	STATUS	n/a	n/a	D255
444.0040000000	n/a	n/a	STATUS	n/a	n/a	D166
444.0520000000	n/a	n/a	STATUS	n/a	n/a	D255
444.0920000000	n/a	n/a	STATUS	n/a	n/a	DI52
444.1400000000	n/a	n/a	STATUS	n/a	n/a	D255
444.5520000000	n/a	n/a	STATUS	n/a	n/a	DI42
444.6000000000	n/a	n/a	STATUS	n/a	n/a	D255
444.8600000000	n/a	n/a	STATUS	n/a	n/a	DIN5
444.9120000000	n/a	n/a	STATUS	n/a	n/a	D255
445.3400000000	n/a	n/a	STATUS	n/a	n/a	D181
445.3920000000	n/a	n/a	STATUS	n/a	n/a	D255
445.4280000000	n/a	n/a	STATUS	n/a	n/a	DI53
445.4760000000	n/a	n/a	STATUS	n/a	n/a	D255
445.7480000000	n/a	n/a	STATUS	n/a	n/a	DI43
445.7960000000	n/a	n/a	STATUS	n/a	n/a	D255
446.0560000000	n/a	n/a	STATUS	n/a	n/a	DIN5
446.1080000000	n/a	n/a	STATUS	n/a	n/a	D255
446.6040000000	n/a	n/a	STATUS	n/a	n/a	D121
446.6560000000	n/a	n/a	STATUS	n/a	n/a	D255
446.6920000000	n/a	n/a	STATUS	n/a	n/a	DI52
446.7440000000	n/a	n/a	STATUS	n/a	n/a	D255
446.9360000000	n/a	n/a	STATUS	n/a	n/a	DI12
446.9840000000	n/a	n/a	STATUS	n/a	n/a	D255
446.9920000000	n/a	n/a	STATUS	n/a	n/a	DIN4
447.0400000000	n/a	n/a	STATUS	n/a	n/a	D255
447.7960000000	n/a	n/a	STATUS	n/a	n/a	DIN5
447.8440000000	n/a	n/a	STATUS	n/a	n/a	D255
448.2080000000	n/a	n/a	STATUS	n/a	n/a	D160
448.2600000000	n/a	n/a	STATUS	n/a	n/a	D255
448.2960000000	n/a	n/a	STATUS	n/a	n/a	DI51
448.3480000000	n/a	n/a	STATUS	n/a	n/a	D255
448.8840000000	n/a	n/a	STATUS	n/a	n/a	DI31
448.9320000000	n/a	n/a	STATUS	n/a	n/a	D255
449.1920000000	n/a	n/a	STATUS	n/a	n/a	DIN5
449.2440000000	n/a	n/a	STATUS	n/a	n/a	D255
449.6560000000	n/a	n/a	STATUS	n/a	n/a	DI84
449.7080000000	n/a	n/a	STATUS	n/a	n/a	D255
449.7440000000	n/a	n/a	STATUS	n/a	n/a	DI51
449.7920000000	n/a	n/a	STATUS	n/a	n/a	D255
450.3160000000	n/a	n/a	STATUS	n/a	n/a	DI31
450.3680000000	n/a	n/a	STATUS	n/a	n/a	D255
450.6240000000	n/a	n/a	STATUS	n/a	n/a	DIN5
450.6760000000	n/a	n/a	STATUS	n/a	n/a	D255
451.1600000000	n/a	n/a	STATUS	n/a	n/a	D107
451.2080000000	n/a	n/a	STATUS	n/a	n/a	D255
451.2480000000	n/a	n/a	STATUS	n/a	n/a	DI53
451.2960000000	n/a	n/a	STATUS	n/a	n/a	D255
451.6160000000	n/a	n/a	STATUS	n/a	n/a	DI43
451.6680000000	n/a	n/a	STATUS	n/a	n/a	D255
451.9280000000	n/a	n/a	STATUS	n/a	n/a	DIN5
451.9760000000	n/a	n/a	STATUS	n/a	n/a	D255
452.2840000000	n/a	n/a	STATUS	n/a	n/a	D118
452.3360000000	n/a	n/a	STATUS	n/a	n/a	D255
452.3720000000	n/a	n/a	STATUS	n/a	n/a	DI54
452.4240000000	n/a	n/a	STATUS	n/a	n/a	D255
452.7320000000	n/a	n/a	STATUS	n/a	n/a	DI34
452.7800000000	n/a	n/a	STATUS	n/a	n/a	D255
453.0400000000	n/a	n/a	STATUS	n/a	n/a	DIN5
453.0880000000	n/a	n/a	STATUS	n/a	n/a	D255
453.4640000000	n/a	n/a	STATUS	n/a	n/a	D240
453.5160000000	n/a	n/a	STATUS	n/a	n/a	D255
453.5520000000	n/a	n/a	STATUS	n/a	n/a	DI53
453.6000000000	n/a	n/a	STATUS	n/a	n/a	D255
453.8560000000	n/a	n/a	STATUS	n/a	n/a	DI43
453.9080000000	n/a	n/a	STATUS	n/a	n/a	D255
454.1680000000	n/a	n/a	STATUS	n/a	n/a	DIN5
454.2160000000	n/a	n/a	STATUS	n/a	n/a	D255
454.6000000000	n/a	n/a	STATUS	n/a	n/a	D201
454.6520000000	n/a	n/a	STATUS	n/a	n/a	D255
454.6880000000	n/a	n/a	STATUS	n/a	n/a	DI54
454.7400000000	n/a	n/a	STATUS	n/a	n/a	D255
454.9800000000	n/a	n/a	STATUS	n/a	n/a	DI34
455.0320000000	n/a	n/a	STATUS	n/a	n/a	D255
455.2920000000	n/a	n/a	STATUS	n/a	n/a	DIN5
455.3400000000	n/a	n/a	STATUS	n/a	n/a	D255
455.3400000000	n/a	n/a	STATUS	n/a	n/a	D231
455.6560000000	n/a	n/a	STATUS	n/a	n/a	D199
455.7040000000	n/a	n/a	STATUS	n/a	n/a	D255
455.7440000000	n/a	n/a	STATUS	n/a	n/a	DI53
455.7920000000	n/a	n/a	STATUS	n/a	n/a	D255
456.0600000000	n/a	n/a	STATUS	n/a	n/a	DI43
456.1080000000	n/a	n/a	STATUS	n/a	n/a	D255
456.3680000000	n/a	n/a	STATUS	n/a	n/a	DIN5
456.4200000000	n/a	n/a	STATUS	n/a	n/a	D255
456.9120000000	n/a	n/a	STATUS	n/a	n/a	D151
456.9640000000	n/a	n/a	STATUS	n/a	n/a	D255
457.0000000000	n/a	n/a	STATUS	n/a	n/a	DI51
457.0520000000	n/a	n/a	STATUS	n/a	n/a	D255
457.4000000000	n/a	n/a	STATUS	n/a	n/a	DI31
457.4480000000	n/a	n/a	STATUS	n/a	n/a	D255
457.7080000000	n/a	n/a	STATUS	n/a	n/a	DIN5
457.7560000000	n/a	n/a	STATUS	n/a	n/a	D255
458.0840000000	n/a	n/a	STATUS	n/a	n/a	DI73
458.1320000000	n/a	n/a	STATUS	n/a	n/a	D255
458.1680000000	n/a	n/a	STATUS	n/a	n/a	DI53
458.2200000000	n/a	n/a	STATUS	n/a	n/a	D255
458.5600000000	n/a	n/a	STATUS	n/a	n/a	DI43
458.6120000000	n/a	n/a	STATUS	n/a	n/a	D255
458.8680000000	n/a	n/a	STATUS	n/a	n/a	DIN5
458.9200000000	n/a	n/a	STATUS	n/a	n/a	D255
459.3840000000	n/a	n/a	STATUS	n/a	n/a	DI75
459.4360000000	n/a	n/a	STATUS	n/a	n/a	D255
459.4720000000	n/a	n/a	STATUS	n/a	n/a	DI51
459.5240000000	n/a	n/a	STATUS	n/a	n/a	D255
459.7840000000	n/a	n/a	STATUS	n/a	n/a	DI21
459.8360000000	n/a	n/a	STATUS	n/a	n/a	D255
459.8400000000	n/a	n/a	STATUS	n/a	n/a	DIN4
459.8920000000	n/a	n/a	STATUS	n/a	n/a	D255
460.6440000000	n/a	n/a	STATUS	n/a	n/a	DIN5
460.6960000000	n/a	n/a	STATUS	n/a	n/a	D255
461.1800000000	n/a	n/a	STATUS	n/a	n/a	D252
461.2320000000	n/a	n/a	STATUS	n/a	n/a	D255
461.2680000000	n/a	n/a	STATUS	n/a	n/a	DI54
461.3200000000	n/a	n/a	STATUS	n/a	n/a	D255
461.5840000000	n/a	n/a	STATUS	n/a	n/a	DI34
461.6360000000	n/a	n/a	STATUS	n/a	n/a	D255
461.8920000000	n/a	n/a	STATUS	n/a	n/a	DIN5
461.9440000000	n/a	n/a	STATUS	n/a	n/a	D255
462.4200000000	n/a	n/a	STATUS	n/a	n/a	D186
462.4680000000	n/a	n/a	STATUS	n/a	n/a	D255
462.5080000000	n/a	n/a	STATUS	n/a	n/a	DI52
462.5560000000	n/a	n/a	STATUS	n/a	n/a	D255
462.8320000000	n/a	n/a	STATUS	n/a	n/a	DI12
462.8800000000	n/a	n/a	STATUS	n/a	n/a	D255
462.8840000000	n/a	n/a	STATUS	n/a	n/a	DIN4
462.9360000000	n/a	n/a	STATUS	n/a	n/a	D255
463.6920000000	n/a	n/a	STATUS	n/a	n/a	DIN5
463.7400000000	n/a	n/a	STATUS	n/a	n/a	D255
464.1160000000	n/a	n/a	STATUS	n/a	n/a	D208
464.1640000000	n/a	n/a	STATUS	n/a	n/a	D255
464.2000000000	n/a	n/a	STATUS	n/a	n/a	DI54
464.2520000000	n/a	n/a	STATUS	n/a	n/a	D255
464.5040000000	n/a	n/a	STATUS	n/a	n/a	DI34
464.5520000000	n/a	n/a	STATUS	n/a	n/a	D255
464.8120000000	n/a	n/a	STATUS	n/a	n/a	DIN5
464.8600000000	n/a	n/a	STATUS	n/a	n/a	D255
465.3560000000	n/a	n/a	STATUS	n/a	n/a	D212
465.4040000000	n/a	n/a	STATUS	n/a	n/a	D255
465.4440000000	n/a	n/a	STATUS	n/a	n/a	DI52
465.4960000000	n/a	n/a	STATUS	n/a	n/a	D255
465.8240000000	n/a	n/a	STATUS	n/a	n/a	DI42
465.8760000000	n/a	n/a	STATUS	n/a	n/a	D255
466.1320000000	n/a	n/a	STATUS	n/a	n/a	DIN5
466.1840000000	n/a	n/a	STATUS	n/a	n/a	D255
466.5600000000	n/a	n/a	STATUS	n/a	n/a	DI89
466.6080000000	n/a	n/a	STATUS	n/a	n/a	D255
466.6480000000	n/a	n/a	STATUS	n/a	n/a	DI53
466.6960000000	n/a	n/a	STATUS	n/a	n/a	D255
466.9640000000	n/a	n/a	STATUS	n/a	n/a	DI43
467.0160000000	n/a	n/a	STATUS	n/a	n/a	D255
467.2760000000	n/a	n/a	STATUS	n/a	n/a	DIN5
467.3240000000	n/a	n/a	STATUS	n/a	n/a	D255
467.7040000000	n/a	n/a	STATUS	n/a	n/a	D198
467.7560000000	n/a	n/a	STATUS	n/a	n/a	D255
467.7920000000	n/a	n/a	STATUS	n/a	n/a	DI53
467.8440000000	n/a	n/a	STATUS	n/a	n/a	D255
468.0880000000	n/a	n/a	STATUS	n/a	n/a	DI43
468.1400000000	n/a	n/a	STATUS	n/a	n/a	D255
468.4000000000	n/a	n/a	STATUS	n/a	n/a	DIN5
468.4480000000	n/a	n/a	STATUS	n/a	n/a	D255
468.7760000000	n/a	n/a	STATUS	n/a	n/a	D127
468.8240000000	n/a	n/a	STATUS	n/a	n/a	D255
468.8600000000	n/a	n/a	STATUS	n/a	n/a	DI53
468.9120000000	n/a	n/a	STATUS	n/a	n/a	D255
469.1520000000	n/a	n/a	STATUS	n/a	n/a	DI43
469.2040000000	n/a	n/a	STATUS	n/a	n/a	D255
469.4640000000	n/a	n/a	STATUS	n/a	n/a	DIN5
469.5120000000	n/a	n/a	STATUS	n/a	n/a	D255
469.9560000000	n/a	n/a	STATUS	n/a	n/a	D140
470.0080000000	n/a	n/a	STATUS	n/a	n/a	D255
470.0080000000	n/a	n/a	STATUS	n/a	n/a	D205
470.0440000000	n/a	n/a	STATUS	n/a	n/a	DI54
470.0960000000	n/a	n/a	STATUS	n/a	n/a	D255
470.3640000000	n/a	n/a	STATUS	n/a	n/a	DI34
470.4160000000	n/a	n/a	STATUS	n/a	n/a	D255
470.6720000000	n/a	n/a	STATUS	n/a	n/a	DIN5
470.7240000000	n/a	n/a	STATUS	n/a	n/a	D255
471.2280000000	n/a	n/a	STATUS	n/a	n/a	D253
471.2800000000	n/a	n/a	STATUS	n/a	n/a	D255
471.3160000000	n/a	n/a	STATUS	n/a	n/a	DI52
471.3680000000	n/a	n/a	STATUS	n/a	n/a	D255
471.9240000000	n/a	n/a	STATUS	n/a	n/a	DI42
471.9760000000	n/a	n/a	STATUS	n/a	n/a	D255
482.1840000000	n/a	n/a	STATUS	n/a	n/a	DIN5
482.2320000000	n/a	n/a	STATUS	n/a	n/a	D255
482.6560000000	n/a	n/a	STATUS	n/a	n/a	D112
482.7080000000	n/a	n/a	STATUS	n/a	n/a	D255
482.7440000000	n/a	n/a	STATUS	n/a	n/a	DI51
482.7960000000	n/a	n/a	STATUS	n/a	n/a	D255
483.0960000000	n/a	n/a	STATUS	n/a	n/a	DI31
483.1480000000	n/a	n/a	STATUS	n/a	n/a	D255
483.4080000000	n/a	n/a	STATUS	n/a	n/a	DIN5
483.4560000000	n/a	n/a	STATUS	n/a	n/a	D255
483.9600000000	n/a	n/a	STATUS	n/a	n/a	D156
484.0120000000	n/a	n/a	STATUS	n/a	n/a	D255
484.0480000000	n/a	n/a	STATUS	n/a	n/a	DI53
484.1000000000	n/a	n/a	STATUS	n/a	n/a	D255
484.2640000000	n/a	n/a	STATUS	n/a	n/a	DI43
484.3160000000	n/a	n/a	STATUS	n/a	n/a	D255
484.5760000000	n/a	n/a	STATUS	n/a	n/a	DIN5
484.6240000000	n/a	n/a	STATUS	n/a	n/a	D255
485.1240000000	n/a	n/a	STATUS	n/a	n/a	DI83
485.1760000000	n/a	n/a	STATUS	n/a	n/a	D255
485.2120000000	n/a	n/a	STATUS	n/a	n/a	DI54
485.2600000000	n/a	n/a	STATUS	n/a	n/a	D255
485.4680000000	n/a	n/a	STATUS	n/a	n/a	DI24
485.5200000000	n/a	n/a	STATUS	n/a	n/a	D255
485.5240000000	n/a	n/a	STATUS	n/a	n/a	DIN4
485.5720000000	n/a	n/a	STATUS	n/a	n/a	D255
486.3280000000	n/a	n/a	STATUS	n/a	n/a	DIN5
486.3800000000	n/a	n/a	STATUS	n/a	n/a	D255
486.8680000000	n/a	n/a	STATUS	n/a	n/a	D191
486.9160000000	n/a	n/a	STATUS	n/a	n/a	D255
486.9560000000	n/a	n/a	STATUS	n/a	n/a	DI54
487.0040000000	n/a	n/a	STATUS	n/a	n/a	D255
487.2120000000	n/a	n/a	STATUS	n/a	n/a	DI34
487.2600000000	n/a	n/a	STATUS	n/a	n/a	D255
487.5200000000	n/a	n/a	STATUS	n/a	n/a	DIN5
487.5720000000	n/a	n/a	STATUS	n/a	n/a	D255
487.8920000000	n/a	n/a	STATUS	n/a	n/a	DI65
487.9400000000	n/a	n/a	STATUS	n/a	n/a	D255
487.9800000000	n/a	n/a	STATUS	n/a	n/a	DI53
488.0280000000	n/a	n/a	STATUS	n/a	n/a	D255
488.2400000000	n/a	n/a	STATUS	n/a	n/a	DI43
488.2920000000	n/a	n/a	STATUS	n/a	n/a	D255
488.5520000000	n/a	n/a	STATUS	n/a	n/a	DIN5
488.6000000000	n/a	n/a	STATUS	n/a	n/a	D255
489.0120000000	n/a	n/a	STATUS	n/a	n/a	DI77
489.0600000000	n/a	n/a	STATUS	n/a	n/a	D255
489.1000000000	n/a	n/a	STATUS	n/a	n/a	DI53
489.1480000000	n/a	n/a	STATUS	n/a	n/a	D255
489.3440000000	n/a	n/a	STATUS	n/a	n/a	DI43
489.3960000000	n/a	n/a	STATUS	n/a	n/a	D255
489.6560000000	n/a	n/a	STATUS	n/a	n/a	DIN5
489.7040000000	n/a	n/a	STATUS	n/a	n/a	D255
490.1600000000	n/a	n/a	STATUS	n/a	n/a	D123
490.2080000000	n/a	n/a	STATUS	n/a	n/a	D255
490.2440000000	n/a	n/a	STATUS	n/a	n/a	DI52
490.2960000000	n/a	n/a	STATUS	n/a	n/a	D255
490.4800000000	n/a	n/a	STATUS	n/a	n/a	DI12
490.5280000000	n/a	n/a	STATUS	n/a	n/a	D255
490.5360000000	n/a	n/a	STATUS	n/a	n/a	DIN4
490.5840000000	n/a	n/a	STATUS	n/a	n/a	D255
491.3400000000	n/a	n/a	STATUS	n/a	n/a	DIN5
491.3880000000	n/a	n/a	STATUS	n/a	n/a	D255
491.8040000000	n/a	n/a	STATUS	n/a	n/a	DI98
491.8520000000	n/a	n/a	STATUS	n/a	n/a	D255
491.8920000000	n/a	n/a	STATUS	n/a	n/a	DI54
491.9400000000	n/a	n/a	STATUS	n/a	n/a	D255
492.1600000000	n/a	n/a	STATUS	n/a	n/a	DI34
492.2080000000	n/a	n/a	STATUS	n/a	n/a	D255
492.4680000000	n/a	n/a	STATUS	n/a	n/a	DIN5
492.5200000000	n/a	n/a	STATUS	n/a	n/a	D255
493.0000000000	n/a	n/a	STATUS	n/a	n/a	D110
493.0480000000	n/a	n/a	STATUS	n/a	n/a	D255
493.0880000000	n/a	n/a	STATUS	n/a	n/a	DI54
493.1360000000	n/a	n/a	STATUS	n/a	n/a	D255
493.3480000000	n/a	n/a	STATUS	n/a	n/a	DI34
493.3960000000	n/a	n/a	STATUS	n/a	n/a	D255
493.6560000000	n/a	n/a	STATUS	n/a	n/a	DIN5
493.7040000000	n/a	n/a	STATUS	n/a	n/a	D255
494.1000000000	n/a	n/a	STATUS	n/a	n/a	DI71
494.1480000000	n/a	n/a	STATUS	n/a	n/a	D255
494.1880000000	n/a	n/a	STATUS	n/a	n/a	DI51
494.2360000000	n/a	n/a	STATUS	n/a	n/a	D255
494.4480000000	n/a	n/a	STATUS	n/a	n/a	DI21
494.4960000000	n/a	n/a	STATUS	n/a	n/a	D255
494.5000000000	n/a	n/a	STATUS	n/a	n/a	DIN4
494.5520000000	n/a	n/a	STATUS	n/a	n/a	D255
495.3080000000	n/a	n/a	STATUS	n/a	n/a	DIN5
495.3560000000	n/a	n/a	STATUS	n/a	n/a	D255
495.6720000000	n/a	n/a	STATUS	n/a	n/a	D141
495.7200000000	n/a	n/a	STATUS	n/a	n/a	D255
495.7560000000	n/a	n/a	STATUS	n/a	n/a	DI53
495.8080000000	n/a	n/a	STATUS	n/a	n/a	D255
496.0400000000	n/a	n/a	STATUS	n/a	n/a	DI43
496.0920000000	n/a	n/a	STATUS	n/a	n/a	D255
496.3480000000	n/a	n/a	STATUS	n/a	n/a	DIN5
496.4000000000	n/a	n/a	STATUS	n/a	n/a	D255
496.7800000000	n/a	n/a	STATUS	n/a	n/a	D172
496.8280000000	n/a	n/a	STATUS	n/a	n/a	D255
496.8680000000	n/a	n/a	STATUS	n/a	n/a	DI52
496.9160000000	n/a	n/a	STATUS	n/a	n/a	D255
497.2120000000	n/a	n/a	STATUS	n/a	n/a	DI42
497.2640000000	n/a	n/a	STATUS	n/a	n/a	D255
497.5240000000	n/a	n/a	STATUS	n/a	n/a	DIN5
497.5720000000	n/a	n/a	STATUS	n/a	n/a	D255
497.9320000000	n/a	n/a	STATUS	n/a	n/a	DI78
497.9840000000	n/a	n/a	STATUS	n/a	n/a	D255
498.0200000000	n/a	n/a	STATUS	n/a	n/a	DI51
498.0720000000	n/a	n/a	STATUS	n/a	n/a	D255
498.2920000000	n/a	n/a	STATUS	n/a	n/a	DI21
498.3400000000	n/a	n/a	STATUS	n/a	n/a	D255
498.3440000000	n/a	n/a	STATUS	n/a	n/a	DIN4
498.3960000000	n/a	n/a	STATUS	n/a	n/a	D255
499.1520000000	n/a	n/a	STATUS	n/a	n/a	DIN5
499.2000000000	n/a	n/a	STATUS	n/a	n/a	D255
499.6200000000	n/a	n/a	STATUS	n/a	n/a	D194
499.6720000000	n/a	n/a	STATUS	n/a	n/a	D255
499.7080000000	n/a	n/a	STATUS	n/a	n/a	DI51
499.7600000000	n/a	n/a	STATUS	n/a	n/a	D255
500.0880000000	n/a	n/a	STATUS	n/a	n/a	DI31
500.1360000000	n/a	n/a	STATUS	n/a	n/a	D255
500.3960000000	n/a	n/a	STATUS	n/a	n/a	DIN5
500.4480000000	n/a	n/a	STATUS	n/a	n/a	D255
500.8560000000	n/a	n/a	STATUS	n/a	n/a	D207
500.9040000000	n/a	n/a	STATUS	n/a	n/a	D255
500.9440000000	n/a	n/a	STATUS	n/a	n/a	DI52
500.9920000000	n/a	n/a	STATUS	n/a	n/a	D255
501.1920000000	n/a	n/a	STATUS	n/a	n/a	DI12
501.2440000000	n/a	n/a	STATUS	n/a	n/a	D255
501.2480000000	n/a	n/a	STATUS	n/a	n/a	DIN4
501.2960000000	n/a	n/a	STATUS	n/a	n/a	D255
502.0520000000	n/a	n/a	STATUS	n/a	n/a	DIN5
502.1040000000	n/a	n/a	STATUS	n/a	n/a	D255
502.4240000000	n/a	n/a	STATUS	n/a	n/a	D152
502.4720000000	n/a	n/a	STATUS	n/a	n/a	D255
502.5120000000	n/a	n/a	STATUS	n/a	n/a	DI54
502.5600000000	n/a	n/a	STATUS	n/a	n/a	D255
502.7760000000	n/a	n/a	STATUS	n/a	n/a	DI34
502.8280000000	n/a	n/a	STATUS	n/a	n/a	D255
503.0840000000	n/a	n/a	STATUS	n/a	n/a	DIN5
503.1360000000	n/a	n/a	STATUS	n/a	n/a	D255
503.5200000000	n/a	n/a	STATUS	n/a	n/a	D149
503.5720000000	n/a	n/a	STATUS	n/a	n/a	D255
503.6080000000	n/a	n/a	STATUS	n/a	n/a	DI52
503.6600000000	n/a	n/a	STATUS	n/a	n/a	D255
503.9680000000	n/a	n/a	STATUS	n/a	n/a	DI42
504.0200000000	n/a	n/a	STATUS	n/a	n/a	D255
504.2760000000	n/a	n/a	STATUS	n/a	n/a	DIN5
504.3280000000	n/a	n/a	STATUS	n/a	n/a	D255
504.7400000000	n/a	n/a	STATUS	n/a	n/a	D188
504.7920000000	n/a	n/a	STATUS	n/a	n/a	D255
504.8280000000	n/a	n/a	STATUS	n/a	n/a	DI53
504.8800000000	n/a	n/a	STATUS	n/a	n/a	D255
505.0720000000	n/a	n/a	STATUS	n/a	n/a	DI43
505.1200000000	n/a	n/a	STATUS	n/a	n/a	D255
505.3800000000	n/a	n/a	STATUS	n/a	n/a	DIN5
505.4280000000	n/a	n/a	STATUS	n/a	n/a	D255
505.7600000000	n/a	n/a	STATUS	n/a	n/a	D108
505.8080000000	n/a	n/a	STATUS	n/a	n/a	D255
505.8480000000	n/a	n/a	STATUS	n/a	n/a	DI54
505.8960000000	n/a	n/a	STATUS	n/a	n/a	D255
506.1320000000	n/a	n/a	STATUS	n/a	n/a	DI34
506.1800000000	n/a	n/a	STATUS	n/a	n/a	D255
506.4400000000	n/a	n/a	STATUS	n/a	n/a	DIN5
506.4920000000	n/a	n/a	STATUS	n/a	n/a	D255
506.9160000000	n/a	n/a	STATUS	n/a	n/a	D222
506.9640000000	n/a	n/a	STATUS	n/a	n/a	D255
507.0040000000	n/a	n/a	STATUS	n/a	n/a	DI54
507.0520000000	n/a	n/a	STATUS	n/a	n/a	D255
507.2760000000	n/a	n/a	STATUS	n/a	n/a	DI34
507.3280000000	n/a	n/a	STATUS	n/a	n/a	D255
507.5880000000	n/a	n/a	STATUS	n/a	n/a	DIN5
507.6360000000	n/a	n/a	STATUS	n/a	n/a	D255
507.9400000000	n/a	n/a	STATUS	n/a	n/a	D226
507.9920000000	n/a	n/a	STATUS	n/a	n/a	D255
508.0280000000	n/a	n/a	STATUS	n/a	n/a	DI52
508.0800000000	n/a	n/a	STATUS	n/a	n/a	D255
508.3240000000	n/a	n/a	STATUS	n/a	n/a	DI12
508.3760000000	n/a	n/a	STATUS	n/a	n/a	D255
508.3800000000	n/a	n/a	STATUS	n/a	n/a	DIN4
508.4280000000	n/a	n/a	STATUS	n/a	n/a	D255
509.1840000000	n/a	n/a	STATUS	n/a	n/a	DIN5
509.2360000000	n/a	n/a	STATUS	n/a	n/a	D255
509.6640000000	n/a	n/a	STATUS	n/a	n/a	D129
509.7120000000	n/a	n/a	STATUS	n/a	n/a	D255
509.7520000000	n/a	n/a	STATUS	n/a	n/a	DI52
509.8000000000	n/a	n/a	STATUS	n/a	n/a	D255
509.9920000000	n/a	n/a	STATUS	n/a	n/a	DI12
510.0400000000	n/a	n/a	STATUS	n/a	n/a	D255
510.0440000000	n/a	n/a	STATUS	n/a	n/a	DIN4
510.0960000000	n/a	n/a	STATUS	n/a	n/a	D255
510.8480000000	n/a	n/a	STATUS	n/a	n/a	DIN5
510.9000000000	n/a	n/a	STATUS	n/a	n/a	D255
511.2520000000	n/a	n/a	STATUS	n/a	n/a	D209
511.3000000000	n/a	n/a	STATUS	n/a	n/a	D255
511.3360000000	n/a	n/a	STATUS	n/a	n/a	DI53
511.3880000000	n/a	n/a	STATUS	n/a	n/a	D255
511.6360000000	n/a	n/a	STATUS	n/a	n/a	DI43
511.6880000000	n/a	n/a	STATUS	n/a	n/a	D255
511.9480000000	n/a	n/a	STATUS	n/a	n/a	DIN5
511.9960000000	n/a	n/a	STATUS	n/a	n/a	D255
512.3560000000	n/a	n/a	STATUS	n/a	n/a	DI74
512.4080000000	n/a	n/a	STATUS	n/a	n/a	D255
512.4440000000	n/a	n/a	STATUS	n/a	n/a	DI54
512.4920000000	n/a	n/a	STATUS	n/a	n/a	D255
512.7840000000	n/a	n/a	STATUS	n/a	n/a	DI34
512.8360000000	n/a	n/a	STATUS	n/a	n/a	D255
513.0920000000	n/a	n/a	STATUS	n/a	n/a	DIN5
513.1440000000	n/a	n/a	STATUS	n/a	n/a	D255
513.5600000000	n/a	n/a	STATUS	n/a	n/a	D189
513.6080000000	n/a	n/a	STATUS	n/a	n/a	D255
513.6440000000	n/a	n/a	STATUS	n/a	n/a	DI51
513.6960000000	n/a	n/a	STATUS	n/a	n/a	D255
513.8680000000	n/a	n/a	STATUS	n/a	n/a	DI21
513.9200000000	n/a	n/a	STATUS	n/a	n/a	D255
513.9240000000	n/a	n/a	STATUS	n/a	n/a	DIN4
513.9760000000	n/a	n/a	STATUS	n/a	n/a	D255
514.7280000000	n/a	n/a	STATUS	n/a	n/a	DIN5
514.7800000000	n/a	n/a	STATUS	n/a	n/a	D255
515.2080000000	n/a	n/a	STATUS	n/a	n/a	DI67
515.2600000000	n/a	n/a	STATUS	n/a	n/a	D255
515.2960000000	n/a	n/a	STATUS	n/a	n/a	DI53
515.3480000000	n/a	n/a	STATUS	n/a	n/a	D255
515.6080000000	n/a	n/a	STATUS	n/a	n/a	DI43
515.6560000000	n/a	n/a	STATUS	n/a	n/a	D255
515.9160000000	n/a	n/a	STATUS	n/a	n/a	DIN5
515.9680000000	n/a	n/a	STATUS	n/a	n/a	D255
516.4160000000	n/a	n/a	STATUS	n/a	n/a	D225
516.4640000000	n/a	n/a	STATUS	n/a	n/a	D255
516.5000000000	n/a	n/a	STATUS	n/a	n/a	DI53
516.5520000000	n/a	n/a	STATUS	n/a	n/a	D255
516.7720000000	n/a	n/a	STATUS	n/a	n/a	DI43
516.8200000000	n/a	n/a	STATUS	n/a	n/a	D255
517.0800000000	n/a	n/a	STATUS	n/a	n/a	DIN5
517.1320000000	n/a	n/a	STATUS	n/a	n/a	D255
517.4800000000	n/a	n/a	STATUS	n/a	n/a	DI89
517.5280000000	n/a	n/a	STATUS	n/a	n/a	D255
517.5680000000	n/a	n/a	STATUS	n/a	n/a	DI53
517.6160000000	n/a	n/a	STATUS	n/a	n/a	D255
517.8280000000	n/a	n/a	STATUS	n/a	n/a	DI43
517.8760000000	n/a	n/a	STATUS	n/a	n/a	D255
518.1360000000	n/a	n/a	STATUS	n/a	n/a	DIN5
518.1840000000	n/a	n/a	STATUS	n/a	n/a	D255
518.5200000000	n/a	n/a	STATUS	n/a	n/a	D113
518.5720000000	n/a	n/a	STATUS	n/a	n/a	D255
518.6080000000	n/a	n/a	STATUS	n/a	n/a	DI53
518.6560000000	n/a	n/a	STATUS	n/a	n/a	D255
518.8760000000	n/a	n/a	STATUS	n/a	n/a	DI43
518.9280000000	n/a	n/a	STATUS	n/a	n/a	D255
519.1840000000	n/a	n/a	STATUS	n/a	n/a	DIN5
519.2360000000	n/a	n/a	STATUS	n/a	n/a	D255
519.6160000000	n/a	n/a	STATUS	n/a	n/a	D164
519.6640000000	n/a	n/a	STATUS	n/a	n/a	D255
519.7040000000	n/a	n/a	STATUS	n/a	n/a	DI54
519.7520000000	n/a	n/a	STATUS	n/a	n/a	D255
519.9560000000	n/a	n/a	STATUS	n/a	n/a	DI34
520.0080000000	n/a	n/a	STATUS	n/a	n/a	D255
520.2640000000	n/a	n/a	STATUS	n/a	n/a	DIN5
520.3160000000	n/a	n/a	STATUS	n/a	n/a	D255
520.7840000000	n/a	n/a	STATUS	n/a	n/a	D157
520.8360000000	n/a	n/a	STATUS	n/a	n/a	D255
520.8720000000	n/a	n/a	STATUS	n/a	n/a	DI52
520.9240000000	n/a	n/a	STATUS	n/a	n/a	D255
521.1440000000	n/a	n/a	STATUS	n/a	n/a	DI12
521.1960000000	n/a	n/a	STATUS	n/a	n/a	D255
521.2000000000	n/a	n/a	STATUS	n/a	n/a	DIN4
521.2480000000	n/a	n/a	STATUS	n/a	n/a	D255
522.0040000000	n/a	n/a	STATUS	n/a	n/a	DIN5
522.0560000000	n/a	n/a	STATUS	n/a	n/a	D255
522.4280000000	n/a	n/a	STATUS	n/a	n/a	D213
522.4800000000	n/a	n/a	STATUS	n/a	n/a	D255
522.5160000000	n/a	n/a	STATUS	n/a	n/a	DI53
522.5680000000	n/a	n/a	STATUS	n/a	n/a	D255
522.7560000000	n/a	n/a	STATUS	n/a	n/a	DI43
522.8080000000	n/a	n/a	STATUS	n/a	n/a	D255
523.0640000000	n/a	n/a	STATUS	n/a	n/a	DIN5
523.1120000000	n/a	n/a	STATUS	n/a	n/a	D255
523.5840000000	n/a	n/a	STATUS	n/a	n/a	D101
523.6320000000	n/a	n/a	STATUS	n/a	n/a	D255
523.6720000000	n/a	n/a	STATUS	n/a	n/a	DI54
523.7240000000	n/a	n/a	STATUS	n/a	n/a	D255
523.9520000000	n/a	n/a	STATUS	n/a	n/a	DI34
524.0040000000	n/a	n/a	STATUS	n/a	n/a	D255
524.2640000000	n/a	n/a	STATUS	n/a	n/a	DIN5
524.3120000000	n/a	n/a	STATUS	n/a	n/a	D255
524.6200000000	n/a	n/a	STATUS	n/a	n/a	D246
524.6720000000	n/a	n/a	STATUS	n/a	n/a	D255
524.7080000000	n/a	n/a	STATUS	n/a	n/a	DI51
524.7600000000	n/a	n/a	STATUS	n/a	n/a	D255
524.9800000000	n/a	n/a	STATUS	n/a	n/a	DI21
525.0320000000	n/a	n/a	STATUS	n/a	n/a	D255
525.0360000000	n/a	n/a	STATUS	n/a	n/a	DIN4
525.0880000000	n/a	n/a	STATUS	n/a	n/a	D255
525.8400000000	n/a	n/a	STATUS	n/a	n/a	DIN5
525.8920000000	n/a	n/a	STATUS	n/a	n/a	D255
526.2200000000	n/a	n/a	STATUS	n/a	n/a	D107
526.2720000000	n/a	n/a	STATUS	n/a	n/a	D255
526.3080000000	n/a	n/a	STATUS	n/a	n/a	DI53
526.3560000000	n/a	n/a	STATUS	n/a	n/a	D255
526.6080000000	n/a	n/a	STATUS	n/a	n/a	DI43
526.6560000000	n/a	n/a	STATUS	n/a	n/a	D255
526.9160000000	n/a	n/a	STATUS	n/a	n/a	DIN5
526.9680000000	n/a	n/a	STATUS	n/a	n/a	D255
527.2800000000	n/a	n/a	STATUS	n/a	n/a	DI86
527.3320000000	n/a	n/a	STATUS	n/a	n/a	D255
527.3680000000	n/a	n/a	STATUS	n/a	n/a	DI52
527.4200000000	n/a	n/a	STATUS	n/a	n/a	D255
527.7200000000	n/a	n/a	STATUS	n/a	n/a	DI42
527.7720000000	n/a	n/a	STATUS	n/a	n/a	D255
528.0280000000	n/a	n/a	STATUS	n/a	n/a	DIN5
528.0800000000	n/a	n/a	STATUS	n/a	n/a	D255
528.5400000000	n/a	n/a	STATUS	n/a	n/a	D106
528.5880000000	n/a	n/a	STATUS	n/a	n/a	D255
528.6280000000	n/a	n/a	STATUS	n/a	n/a	DI54
528.6760000000	n/a	n/a	STATUS	n/a	n/a	D255
528.8960000000	n/a	n/a	STATUS	n/a	n/a	DI34
528.9440000000	n/a	n/a	STATUS	n/a	n/a	D255
529.2040000000	n/a	n/a	STATUS	n/a	n/a	DIN5
529.2520000000	n/a	n/a	STATUS	n/a	n/a	D255
529.6640000000	n/a	n/a	STATUS	n/a	n/a	D154
529.7120000000	n/a	n/a	STATUS	n/a	n/a	D255
529.7520000000	n/a	n/a	STATUS	n/a	n/a	DI52
529.8000000000	n/a	n/a	STATUS	n/a	n/a	D255
530.1960000000	n/a	n/a	STATUS	n/a	n/a	DI42
530.2480000000	n/a	n/a	STATUS	n/a	n/a	D255
530.5080000000	n/a	n/a	STATUS	n/a	n/a	DIN5
530.5560000000	n/a	n/a	STATUS	n/a	n/a	D255
531.0040000000	n/a	n/a	STATUS	n/a	n/a	DI82
531.0560000000	n/a	n/a	STATUS	n/a	n/a	D255
531.0920000000	n/a	n/a	STATUS	n/a	n/a	DI53
531.1440000000	n/a	n/a	STATUS	n/a	n/a	D255
531.3320000000	n/a	n/a	STATUS	n/a	n/a	DI43
531.3840000000	n/a	n/a	STATUS	n/a	n/a	D255
531.6440000000	n/a	n/a	STATUS	n/a	n/a	DIN5
531.6920000000	n/a	n/a	STATUS	n/a	n/a	D255
532.1680000000	n/a	n/a	STATUS	n/a	n/a	D242
532.2160000000	n/a	n/a	STATUS	n/a	n/a	D255
532.2560000000	n/a	n/a	STATUS	n/a	n/a	DI54
532.3040000000	n/a	n/a	STATUS	n/a	n/a	D255
532.5080000000	n/a	n/a	STATUS	n/a	n/a	DI34
532.5600000000	n/a	n/a	STATUS	n/a	n/a	D255
532.8200000000	n/a	n/a	STATUS	n/a	n/a	DIN5
532.8680000000	n/a	n/a	STATUS	n/a	n/a	D255
533.3240000000	n/a	n/a	STATUS	n/a	n/a	DI85
533.3720000000	n/a	n/a	STATUS	n/a	n/a	D255
533.4120000000	n/a	n/a	STATUS	n/a	n/a	DI54
533.4600000000	n/a	n/a	STATUS	n/a	n/a	D255
533.7040000000	n/a	n/a	STATUS	n/a	n/a	DI24
533.7560000000	n/a	n/a	STATUS	n/a	n/a	D255
533.7600000000	n/a	n/a	STATUS	n/a	n/a	DIN4
533.8080000000	n/a	n/a	STATUS	n/a	n/a	D255
534.5640000000	n/a	n/a	STATUS	n/a	n/a	DIN5
534.6120000000	n/a	n/a	STATUS	n/a	n/a	D255
535.0400000000	n/a	n/a	STATUS	n/a	n/a	DI69
535.0880000000	n/a	n/a	STATUS	n/a	n/a	D255
535.1280000000	n/a	n/a	STATUS	n/a	n/a	DI53
535.1760000000	n/a	n/a	STATUS	n/a	n/a	D255
535.3440000000	n/a	n/a	STATUS	n/a	n/a	DI43
535.3920000000	n/a	n/a	STATUS	n/a	n/a	D255
535.6520000000	n/a	n/a	STATUS	n/a	n/a	DIN5
535.7040000000	n/a	n/a	STATUS	n/a	n/a	D255
536.0080000000	n/a	n/a	STATUS	n/a	n/a	D153
536.0560000000	n/a	n/a	STATUS	n/a	n/a	D255
536.0920000000	n/a	n/a	STATUS	n/a	n/a	DI53
536.1440000000	n/a	n/a	STATUS	n/a	n/a	D255
536.3720000000	n/a	n/a	STATUS	n/a	n/a	DI43
536.4200000000	n/a	n/a	STATUS	n/a	n/a	D255
536.6800000000	n/a	n/a	STATUS	n/a	n/a	DIN5
536.7280000000	n/a	n/a	STATUS	n/a	n/a	D255
537.0400000000	n/a	n/a	STATUS	n/a	n/a	D118
537.0880000000	n/a	n/a	STATUS	n/a	n/a	D255
537.1280000000	n/a	n/a	STATUS	n/a	n/a	DI52
537.1760000000	n/a	n/a	STATUS	n/a	n/a	D255
537.3760000000	n/a	n/a	STATUS	n/a	n/a	DI12
537.4280000000	n/a	n/a	STATUS	n/a	n/a	D255
537.4320000000	n/a	n/a	STATUS	n/a	n/a	DIN4
537.4800000000	n/a	n/a	STATUS	n/a	n/a	D255
538.2360000000	n/a	n/a	STATUS	n/a	n/a	DIN5
538.2840000000	n/a	n/a	STATUS	n/a	n/a	D255
538.6000000000	n/a	n/a	STATUS	n/a	n/a	D133
538.6520000000	n/a	n/a	STATUS	n/a	n/a	D255
538.6880000000	n/a	n/a	STATUS	n/a	n/a	DI51
538.7400000000	n/a	n/a	STATUS	n/a	n/a	D255
539.4640000000	n/a	n/a	STATUS	n/a	n/a	DI31
539.5120000000	n/a	n/a	STATUS	n/a	n/a	D255
539.7720000000	n/a	n/a	STATUS	n/a	n/a	DIN5
539.8200000000	n/a	n/a	STATUS	n/a	n/a	D255
540.2920000000	n/a	n/a	STATUS	n/a	n/a	DI91
540.3400000000	n/a	n/a	STATUS	n/a	n/a	D255
540.3800000000	n/a	n/a	STATUS	n/a	n/a	DI54
540.4280000000	n/a	n/a	STATUS	n/a	n/a	D255
540.6520000000	n/a	n/a	STATUS	n/a	n/a	DI34
540.7040000000	n/a	n/a	STATUS	n/a	n/a	D255
540.9640000000	n/a	n/a	STATUS	n/a	n/a	DIN5
541.0120000000	n/a	n/a	STATUS	n/a	n/a	D255
541.3800000000	n/a	n/a	STATUS	n/a	n/a	D251
541.4320000000	n/a	n/a	STATUS	n/a	n/a	D255
541.4680000000	n/a	n/a	STATUS	n/a	n/a	DI53
541.5200000000	n/a	n/a	STATUS	n/a	n/a	D255
541.8240000000	n/a	n/a	STATUS	n/a	n/a	DI43
541.8720000000	n/a	n/a	STATUS	n/a	n/a	D255
542.1320000000	n/a	n/a	STATUS	n/a	n/a	DIN5
542.1840000000	n/a	n/a	STATUS	n/a	n/a	D255
542.6560000000	n/a	n/a	STATUS	n/a	n/a	D174
542.7080000000	n/a	n/a	STATUS	n/a	n/a	D255
542.7440000000	n/a	n/a	STATUS	n/a	n/a	DI51
542.7960000000	n/a	n/a	STATUS	n/a	n/a	D255
543.0080000000	n/a	n/a	STATUS	n/a	n/a	DI21
543.0560000000	n/a	n/a	STATUS	n/a	n/a	D255
543.0600000000	n/a	n/a	STATUS	n/a	n/a	DIN4
543.1120000000	n/a	n/a	STATUS	n/a	n/a	D255
543.8680000000	n/a	n/a	STATUS	n/a	n/a	DIN5
543.9160000000	n/a	n/a	STATUS	n/a	n/a	D255
544.3040000000	n/a	n/a	STATUS	n/a	n/a	D185
544.3560000000	n/a	n/a	STATUS	n/a	n/a	D255
544.3920000000	n/a	n/a	STATUS	n/a	n/a	DI51
544.4440000000	n/a	n/a	STATUS	n/a	n/a	D255
544.8120000000	n/a	n/a	STATUS	n/a	n/a	DI31
544.8600000000	n/a	n/a	STATUS	n/a	n/a	D255
545.1200000000	n/a	n/a	STATUS	n/a	n/a	DIN5
545.1720000000	n/a	n/a	STATUS	n/a	n/a	D255
545.4960000000	n/a	n/a	STATUS	n/a	n/a	DI79
545.5440000000	n/a	n/a	STATUS	n/a	n/a	D255
545.5800000000	n/a	n/a	STATUS	n/a	n/a	DI52
545.6320000000	n/a	n/a	STATUS	n/a	n/a	D255
546.0080000000	n/a	n/a	STATUS	n/a	n/a	DI42
546.0560000000	n/a	n/a	STATUS	n/a	n/a	D255
546.3160000000	n/a	n/a	STATUS	n/a	n/a	DIN5
546.3680000000	n/a	n/a	STATUS	n/a	n/a	D255
546.8560000000	n/a	n/a	STATUS	n/a	n/a	D114
546.9040000000	n/a	n/a	STATUS	n/a	n/a	D255
546.9440000000	n/a	n/a	STATUS	n/a	n/a	DI51
546.9960000000	n/a	n/a	STATUS	n/a	n/a	D255
547.2960000000	n/a	n/a	STATUS	n/a	n/a	DI31
547.3440000000	n/a	n/a	STATUS	n/a	n/a	D255
547.6040000000	n/a	n/a	STATUS	n/a	n/a	DIN5
547.6560000000	n/a	n/a	STATUS	n/a	n/a	D255
548.0360000000	n/a	n/a	STATUS	n/a	n/a	D248
548.0840000000	n/a	n/a	STATUS	n/a	n/a	D255
548.1240000000	n/a	n/a	STATUS	n/a	n/a	DI53
548.1720000000	n/a	n/a	STATUS	n/a	n/a	D255
548.4080000000	n/a	n/a	STATUS	n/a	n/a	DI43
548.4600000000	n/a	n/a	STATUS	n/a	n/a	D255
548.7160000000	n/a	n/a	STATUS	n/a	n/a	DIN5
548.7680000000	n/a	n/a	STATUS	n/a	n/a	D255
549.0880000000	n/a	n/a	STATUS	n/a	n/a	D234
549.1360000000	n/a	n/a	STATUS	n/a	n/a	D255
549.1760000000	n/a	n/a	STATUS	n/a	n/a	DI52
549.2240000000	n/a	n/a	STATUS	n/a	n/a	D255
549.5800000000	n/a	n/a	STATUS	n/a	n/a	DI42
549.6320000000	n/a	n/a	STATUS	n/a	n/a	D255
549.8920000000	n/a	n/a	STATUS	n/a	n/a	DIN5
549.9400000000	n/a	n/a	STATUS	n/a	n/a	D255
550.3440000000	n/a	n/a	STATUS	n/a	n/a	DI81
550.3960000000	n/a	n/a	STATUS	n/a	n/a	D255
550.4320000000	n/a	n/a	STATUS	n/a	n/a	DI54
550.4800000000	n/a	n/a	STATUS	n/a	n/a	D255
550.7200000000	n/a	n/a	STATUS	n/a	n/a	DI34
550.7680000000	n/a	n/a	STATUS	n/a	n/a	D255
551.0280000000	n/a	n/a	STATUS	n/a	n/a	DIN5
551.0800000000	n/a	n/a	STATUS	n/a	n/a	D255
551.5680000000	n/a	n/a	STATUS	n/a	n/a	D147
551.6200000000	n/a	n/a	STATUS	n/a	n/a	D255
551.6560000000	n/a	n/a	STATUS	n/a	n/a	DI52
551.7080000000	n/a	n/a	STATUS	n/a	n/a	D255
551.9400000000	n/a	n/a	STATUS	n/a	n/a	DI12
551.9920000000	n/a	n/a	STATUS	n/a	n/a	D255
551.9960000000	n/a	n/a	STATUS	n/a	n/a	DIN4
552.0480000000	n/a	n/a	STATUS	n/a	n/a	D255
552.8000000000	n/a	n/a	STATUS	n/a	n/a	DIN5
552.8520000000	n/a	n/a	STATUS	n/a	n/a	D255
553.2960000000	n/a	n/a	STATUS	n/a	n/a	D165
553.3440000000	n/a	n/a	STATUS	n/a	n/a	D255
553.3840000000	n/a	n/a	STATUS	n/a	n/a	DI52
553.4320000000	n/a	n/a	STATUS	n/a	n/a	D255
553.7560000000	n/a	n/a	STATUS	n/a	n/a	DI42
553.8080000000	n/a	n/a	STATUS	n/a	n/a	D255
554.0640000000	n/a	n/a	STATUS	n/a	n/a	DIN5
554.1160000000	n/a	n/a	STATUS	n/a	n/a	D255
554.5680000000	n/a	n/a	STATUS	n/a	n/a	D119
554.6200000000	n/a	n/a	STATUS	n/a	n/a	D255
554.6560000000	n/a	n/a	STATUS	n/a	n/a	DI53
554.7080000000	n/a	n/a	STATUS	n/a	n/a	D255
555.0000000000	n/a	n/a	STATUS	n/a	n/a	DI43
555.0480000000	n/a	n/a	STATUS	n/a	n/a	D255
555.3080000000	n/a	n/a	STATUS	n/a	n/a	DIN5
555.3600000000	n/a	n/a	STATUS	n/a	n/a	D255
555.7440000000	n/a	n/a	STATUS	n/a	n/a	D148
555.7920000000	n/a	n/a	STATUS	n/a	n/a	D255
555.8280000000	n/a	n/a	STATUS	n/a	n/a	DI52
555.8800000000	n/a	n/a	STATUS	n/a	n/a	D255
556.2440000000	n/a	n/a	STATUS	n/a	n/a	DI42
556.2960000000	n/a	n/a	STATUS	n/a	n/a	D255
556.5560000000	n/a	n/a	STATUS	n/a	n/a	DIN5
556.6040000000	n/a	n/a	STATUS	n/a	n/a	D255
557.0240000000	n/a	n/a	STATUS	n/a	n/a	D227
557.0760000000	n/a	n/a	STATUS	n/a	n/a	D255
557.1120000000	n/a	n/a	STATUS	n/a	n/a	DI51
557.1640000000	n/a	n/a	STATUS	n/a	n/a	D255
557.5600000000	n/a	n/a	STATUS	n/a	n/a	DI31
557.6080000000	n/a	n/a	STATUS	n/a	n/a	D255
557.8680000000	n/a	n/a	STATUS	n/a	n/a	DIN5
557.9160000000	n/a	n/a	STATUS	n/a	n/a	D255
558.3120000000	n/a	n/a	STATUS	n/a	n/a	DI93
558.3600000000	n/a	n/a	STATUS	n/a	n/a	D255
558.4000000000	n/a	n/a	STATUS	n/a	n/a	DI54
558.4480000000	n/a	n/a	STATUS	n/a	n/a	D255
558.9200000000	n/a	n/a	STATUS	n/a	n/a	DI34
558.9720000000	n/a	n/a	STATUS	n/a	n/a	D255
559.2320000000	n/a	n/a	STATUS	n/a	n/a	DIN5
559.2800000000	n/a	n/a	STATUS	n/a	n/a	D255
559.7160000000	n/a	n/a	STATUS	n/a	n/a	D200
559.7640000000	n/a	n/a	STATUS	n/a	n/a	D255
559.8040000000	n/a	n/a	STATUS	n/a	n/a	DI51
559.8520000000	n/a	n/a	STATUS	n/a	n/a	D255
560.0640000000	n/a	n/a	STATUS	n/a	n/a	DI21
560.1120000000	n/a	n/a	STATUS	n/a	n/a	D255
560.1200000000	n/a	n/a	STATUS	n/a	n/a	DIN4
560.1680000000	n/a	n/a	STATUS	n/a	n/a	D255
560.9240000000	n/a	n/a	STATUS	n/a	n/a	DIN5
560.9720000000	n/a	n/a	STATUS	n/a	n/a	D255
561.4160000000	n/a	n/a	STATUS	n/a	n/a	D235
561.4680000000	n/a	n/a	STATUS	n/a	n/a	D255
561.5040000000	n/a	n/a	STATUS	n/a	n/a	DI53
561.5560000000	n/a	n/a	STATUS	n/a	n/a	D255
561.8240000000	n/a	n/a	STATUS	n/a	n/a	DI43
561.8720000000	n/a	n/a	STATUS	n/a	n/a	D255
562.1320000000	n/a	n/a	STATUS	n/a	n/a	DIN5
562.1800000000	n/a	n/a	STATUS	n/a	n/a	D255
562.6440000000	n/a	n/a	STATUS	n/a	n/a	D138
562.6960000000	n/a	n/a	STATUS	n/a	n/a	D255
562.7320000000	n/a	n/a	STATUS	n/a	n/a	DI51
562.7840000000	n/a	n/a	STATUS	n/a	n/a	D255
563.0960000000	n/a	n/a	STATUS	n/a	n/a	DI31
563.1480000000	n/a	n/a	STATUS	n/a	n/a	D255
563.4080000000	n/a	n/a	STATUS	n/a	n/a	DIN5
563.4560000000	n/a	n/a	STATUS	n/a	n/a	D255
563.7800000000	n/a	n/a	STATUS	n/a	n/a	D176
563.8320000000	n/a	n/a	STATUS	n/a	n/a	D255
563.8680000000	n/a	n/a	STATUS	n/a	n/a	DI55
563.8680000000	n/a	n/a	STATUS	n/a	n/a	DI54
563.9200000000	n/a	n/a	STATUS	n/a	n/a	D255
564.1840000000	n/a	n/a	STATUS	n/a	n/a	DI34
564.2320000000	n/a	n/a	STATUS	n/a	n/a	D255
564.4920000000	n/a	n/a	STATUS	n/a	n/a	DIN5
564.5440000000	n/a	n/a	STATUS	n/a	n/a	D255
564.9120000000	n/a	n/a	STATUS	n/a	n/a	D163
564.9640000000	n/a	n/a	STATUS	n/a	n/a	D255
565.0000000000	n/a	n/a	STATUS	n/a	n/a	DI51
565.0520000000	n/a	n/a	STATUS	n/a	n/a	D255
565.3880000000	n/a	n/a	STATUS	n/a	n/a	DI31
565.4400000000	n/a	n/a	STATUS	n/a	n/a	D255
565.7000000000	n/a	n/a	STATUS	n/a	n/a	DIN5
565.7480000000	n/a	n/a	STATUS	n/a	n/a	D255
566.1360000000	n/a	n/a	STATUS	n/a	n/a	D218
566.1880000000	n/a	n/a	STATUS	n/a	n/a	D255
566.2240000000	n/a	n/a	STATUS	n/a	n/a	DI51
566.2760000000	n/a	n/a	STATUS	n/a	n/a	D255
566.6200000000	n/a	n/a	STATUS	n/a	n/a	DI31
566.6720000000	n/a	n/a	STATUS	n/a	n/a	D255
566.9280000000	n/a	n/a	STATUS	n/a	n/a	DIN5
566.9800000000	n/a	n/a	STATUS	n/a	n/a	D255
567.3480000000	n/a	n/a	STATUS	n/a	n/a	D249
567.4000000000	n/a	n/a	STATUS	n/a	n/a	D255
567.4360000000	n/a	n/a	STATUS	n/a	n/a	DI54
567.4880000000	n/a	n/a	STATUS	n/a	n/a	D255
567.9840000000	n/a	n/a	STATUS	n/a	n/a	DI34
568.0360000000	n/a	n/a	STATUS	n/a	n/a	D255
568.2920000000	n/a	n/a	STATUS	n/a	n/a	DIN5
568.3440000000	n/a	n/a	STATUS	n/a	n/a	D255
568.7040000000	n/a	n/a	STATUS	n/a	n/a	D252
568.7520000000	n/a	n/a	STATUS	n/a	n/a	D255
568.7920000000	n/a	n/a	STATUS	n/a	n/a	DI52
568.8400000000	n/a	n/a	STATUS	n/a	n/a	D255
569.2400000000	n/a	n/a	STATUS	n/a	n/a	DI42
569.2880000000	n/a	n/a	STATUS	n/a	n/a	D255
569.5480000000	n/a	n/a	STATUS	n/a	n/a	DIN5
569.6000000000	n/a	n/a	STATUS	n/a	n/a	D255
569.9120000000	n/a	n/a	STATUS	n/a	n/a	D201
569.9640000000	n/a	n/a	STATUS	n/a	n/a	D255
570.0000000000	n/a	n/a	STATUS	n/a	n/a	DI52
570.0520000000	n/a	n/a	STATUS	n/a	n/a	D255
570.3520000000	n/a	n/a	STATUS	n/a	n/a	DI12
570.4040000000	n/a	n/a	STATUS	n/a	n/a	D255
570.4080000000	n/a	n/a	STATUS	n/a	n/a	DIN4
570.4600000000	n/a	n/a	STATUS	n/a	n/a	D255
571.2120000000	n/a	n/a	STATUS	n/a	n/a	DIN5
571.2640000000	n/a	n/a	STATUS	n/a	n/a	D255
571.6120000000	n/a	n/a	STATUS	n/a	n/a	D103
571.6640000000	n/a	n/a	STATUS	n/a	n/a	D255
571.7000000000	n/a	n/a	STATUS	n/a	n/a	DI54
571.7520000000	n/a	n/a	STATUS	n/a	n/a	D255
572.0280000000	n/a	n/a	STATUS	n/a	n/a	DI34
572.0760000000	n/a	n/a	STATUS	n/a	n/a	D255
572.3360000000	n/a	n/a	STATUS	n/a	n/a	DIN5
572.3880000000	n/a	n/a	STATUS	n/a	n/a	D255
572.8640000000	n/a	n/a	STATUS	n/a	n/a	D116
572.9160000000	n/a	n/a	STATUS	n/a	n/a	D255
572.9520000000	n/a	n/a	STATUS	n/a	n/a	DI51
573.0040000000	n/a	n/a	STATUS	n/a	n/a	D255
573.2120000000	n/a	n/a	STATUS	n/a	n/a	DI21
573.2600000000	n/a	n/a	STATUS	n/a	n/a	D255
573.2640000000	n/a	n/a	STATUS	n/a	n/a	DIN4
573.3160000000	n/a	n/a	STATUS	n/a	n/a	D255
574.0720000000	n/a	n/a	STATUS	n/a	n/a	DIN5
574.1200000000	n/a	n/a	STATUS	n/a	n/a	D255
574.4520000000	n/a	n/a	STATUS	n/a	n/a	D198
574.5000000000	n/a	n/a	STATUS	n/a	n/a	D255
574.5360000000	n/a	n/a	STATUS	n/a	n/a	DI52
574.5880000000	n/a	n/a	STATUS	n/a	n/a	D255
574.9200000000	n/a	n/a	STATUS	n/a	n/a	DI42
574.9720000000	n/a	n/a	STATUS	n/a	n/a	D255
575.2320000000	n/a	n/a	STATUS	n/a	n/a	DIN5
575.2800000000	n/a	n/a	STATUS	n/a	n/a	D255
575.7000000000	n/a	n/a	STATUS	n/a	n/a	D151
575.7520000000	n/a	n/a	STATUS	n/a	n/a	D255
575.7880000000	n/a	n/a	STATUS	n/a	n/a	DI51
575.8360000000	n/a	n/a	STATUS	n/a	n/a	D255
576.2120000000	n/a	n/a	STATUS	n/a	n/a	DI31
576.2600000000	n/a	n/a	STATUS	n/a	n/a	D255
576.5200000000	n/a	n/a	STATUS	n/a	n/a	DIN5
576.5720000000	n/a	n/a	STATUS	n/a	n/a	D255
576.8800000000	n/a	n/a	STATUS	n/a	n/a	D121
576.9280000000	n/a	n/a	STATUS	n/a	n/a	D255
576.9680000000	n/a	n/a	STATUS	n/a	n/a	DI54
577.0160000000	n/a	n/a	STATUS	n/a	n/a	D255
577.3760000000	n/a	n/a	STATUS	n/a	n/a	DI34
577.4280000000	n/a	n/a	STATUS	n/a	n/a	D255
577.6880000000	n/a	n/a	STATUS	n/a	n/a	DIN5
577.7360000000	n/a	n/a	STATUS	n/a	n/a	D255
578.0720000000	n/a	n/a	STATUS	n/a	n/a	D231
578.1200000000	n/a	n/a	STATUS	n/a	n/a	D255
578.1600000000	n/a	n/a	STATUS	n/a	n/a	DI52
578.2080000000	n/a	n/a	STATUS	n/a	n/a	D255
578.5600000000	n/a	n/a	STATUS	n/a	n/a	DI42
578.6080000000	n/a	n/a	STATUS	n/a	n/a	D255
578.8680000000	n/a	n/a	STATUS	n/a	n/a	DIN5
578.9160000000	n/a	n/a	STATUS	n/a	n/a	D255
579.2800000000	n/a	n/a	STATUS	n/a	n/a	D102
579.3320000000	n/a	n/a	STATUS	n/a	n/a	D255
579.3680000000	n/a	n/a	STATUS	n/a	n/a	DI52
579.4200000000	n/a	n/a	STATUS	n/a	n/a	D255
579.7360000000	n/a	n/a	STATUS	n/a	n/a	DI42
579.7880000000	n/a	n/a	STATUS	n/a	n/a	D255
580.0480000000	n/a	n/a	STATUS	n/a	n/a	DIN5
580.0960000000	n/a	n/a	STATUS	n/a	n/a	D255
580.5360000000	n/a	n/a	STATUS	n/a	n/a	D241
580.5880000000	n/a	n/a	STATUS	n/a	n/a	D255
580.6240000000	n/a	n/a	STATUS	n/a	n/a	DI53
580.6720000000	n/a	n/a	STATUS	n/a	n/a	D255
580.9080000000	n/a	n/a	STATUS	n/a	n/a	DI43
580.9600000000	n/a	n/a	STATUS	n/a	n/a	D255
581.2200000000	n/a	n/a	STATUS	n/a	n/a	DIN5
581.2680000000	n/a	n/a	STATUS	n/a	n/a	D255
581.7680000000	n/a	n/a	STATUS	n/a	n/a	DI87
581.8160000000	n/a	n/a	STATUS	n/a	n/a	D255
581.8560000000	n/a	n/a	STATUS	n/a	n/a	DI53
581.9040000000	n/a	n/a	STATUS	n/a	n/a	D255
582.1080000000	n/a	n/a	STATUS	n/a	n/a	DI43
582.1600000000	n/a	n/a	STATUS	n/a	n/a	D255
582.4160000000	n/a	n/a	STATUS	n/a	n/a	DIN5
582.4680000000	n/a	n/a	STATUS	n/a	n/a	D255
582.4680000000	n/a	n/a	STATUS	n/a	n/a	D229
582.9240000000	n/a	n/a	STATUS	n/a	n/a	D210
582.9720000000	n/a	n/a	STATUS	n/a	n/a	D255
583.0120000000	n/a	n/a	STATUS	n/a	n/a	DI51
583.0600000000	n/a	n/a	STATUS	n/a	n/a	D255
583.4040000000	n/a	n/a	STATUS	n/a	n/a	DI31
583.4520000000	n/a	n/a	STATUS	n/a	n/a	D255
583.7120000000	n/a	n/a	STATUS	n/a	n/a	DIN5
583.7640000000	n/a	n/a	STATUS	n/a	n/a	D255
584.0760000000	n/a	n/a	STATUS	n/a	n/a	D178
584.1280000000	n/a	n/a	STATUS	n/a	n/a	D255
584.1640000000	n/a	n/a	STATUS	n/a	n/a	DI52
584.2160000000	n/a	n/a	STATUS	n/a	n/a	D255
584.5480000000	n/a	n/a	STATUS	n/a	n/a	DI42
584.6000000000	n/a	n/a	STATUS	n/a	n/a	D255
584.8560000000	n/a	n/a	STATUS	n/a	n/a	DIN5
584.9080000000	n/a	n/a	STATUS	n/a	n/a	D255
585.3880000000	n/a	n/a	STATUS	n/a	n/a	DI66
585.4360000000	n/a	n/a	STATUS	n/a	n/a	D255
585.4720000000	n/a	n/a	STATUS	n/a	n/a	DI54
585.5240000000	n/a	n/a	STATUS	n/a	n/a	D255
585.7800000000	n/a	n/a	STATUS	n/a	n/a	DI34
585.8280000000	n/a	n/a	STATUS	n/a	n/a	D255
586.0880000000	n/a	n/a	STATUS	n/a	n/a	DIN5
586.1360000000	n/a	n/a	STATUS	n/a	n/a	D255
586.4560000000	n/a	n/a	STATUS	n/a	n/a	D130
586.5080000000	n/a	n/a	STATUS	n/a	n/a	D255
586.5440000000	n/a	n/a	STATUS	n/a	n/a	DI51
586.5960000000	n/a	n/a	STATUS	n/a	n/a	D255
586.8440000000	n/a	n/a	STATUS	n/a	n/a	DI21
586.8920000000	n/a	n/a	STATUS	n/a	n/a	D255
586.8960000000	n/a	n/a	STATUS	n/a	n/a	DIN4
586.9480000000	n/a	n/a	STATUS	n/a	n/a	D255
587.7000000000	n/a	n/a	STATUS	n/a	n/a	DIN5
587.7520000000	n/a	n/a	STATUS	n/a	n/a	D255
588.0600000000	n/a	n/a	STATUS	n/a	n/a	D105
588.1120000000	n/a	n/a	STATUS	n/a	n/a	D255
588.1480000000	n/a	n/a	STATUS	n/a	n/a	DI54
588.2000000000	n/a	n/a	STATUS	n/a	n/a	D255
588.4680000000	n/a	n/a	STATUS	n/a	n/a	DI34
588.5160000000	n/a	n/a	STATUS	n/a	n/a	D255
588.7760000000	n/a	n/a	STATUS	n/a	n/a	DIN5
588.8240000000	n/a	n/a	STATUS	n/a	n/a	D255
589.2800000000	n/a	n/a	STATUS	n/a	n/a	D134
589.3280000000	n/a	n/a	STATUS	n/a	n/a	D255
589.3680000000	n/a	n/a	STATUS	n/a	n/a	DI51
589.4160000000	n/a	n/a	STATUS	n/a	n/a	D255
589.7440000000	n/a	n/a	STATUS	n/a	n/a	DI21
589.7960000000	n/a	n/a	STATUS	n/a	n/a	D255
589.8000000000	n/a	n/a	STATUS	n/a	n/a	DIN4
589.8520000000	n/a	n/a	STATUS	n/a	n/a	D255
590.6040000000	n/a	n/a	STATUS	n/a	n/a	DIN5
590.6560000000	n/a	n/a	STATUS	n/a	n/a	D255
591.0280000000	n/a	n/a	STATUS	n/a	n/a	D244
591.0800000000	n/a	n/a	STATUS	n/a	n/a	D255
591.1160000000	n/a	n/a	STATUS	n/a	n/a	DI51
591.1680000000	n/a	n/a	STATUS	n/a	n/a	D255
591.3880000000	n/a	n/a	STATUS	n/a	n/a	DI21
591.4400000000	n/a	n/a	STATUS	n/a	n/a	D255
591.4440000000	n/a	n/a	STATUS	n/a	n/a	DIN4
591.4920000000	n/a	n/a	STATUS	n/a	n/a	D255
592.2480000000	n/a	n/a	STATUS	n/a	n/a	DIN5
592.2960000000	n/a	n/a	STATUS	n/a	n/a	D239
592.3000000000	n/a	n/a	STATUS	n/a	n/a	D255
592.7160000000	n/a	n/a	STATUS	n/a	n/a	D245
592.7680000000	n/a	n/a	STATUS	n/a	n/a	D255
592.8040000000	n/a	n/a	STATUS	n/a	n/a	DI53
592.8560000000	n/a	n/a	STATUS	n/a	n/a	D255
593.2000000000	n/a	n/a	STATUS	n/a	n/a	DI43
593.2520000000	n/a	n/a	STATUS	n/a	n/a	D255
593.5080000000	n/a	n/a	STATUS	n/a	n/a	DIN5
593.5600000000	n/a	n/a	STATUS	n/a	n/a	D255
594.0280000000	n/a	n/a	STATUS	n/a	n/a	D208
594.0800000000	n/a	n/a	STATUS	n/a	n/a	D255
594.1160000000	n/a	n/a	STATUS	n/a	n/a	DI51
594.1680000000	n/a	n/a	STATUS	n/a	n/a	D255
594.5080000000	n/a	n/a	STATUS	n/a	n/a	DI31
594.5600000000	n/a	n/a	STATUS	n/a	n/a	D255
594.8160000000	n/a	n/a	STATUS	n/a	n/a	DIN5
594.8680000000	n/a	n/a	STATUS	n/a	n/a	D255
595.2880000000	n/a	n/a	STATUS	n/a	n/a	D212
595.3360000000	n/a	n/a	STATUS	n/a	n/a	D255
595.3760000000	n/a	n/a	STATUS	n/a	n/a	DI51
595.4240000000	n/a	n/a	STATUS	n/a	n/a	D255
595.7760000000	n/a	n/a	STATUS	n/a	n/a	DI31
595.8280000000	n/a	n/a	STATUS	n/a	n/a	D255
596.0840000000	n/a	n/a	STATUS	n/a	n/a	DIN5
596.1360000000	n/a	n/a	STATUS	n/a	n/a	D255
596.4560000000	n/a	n/a	STATUS	n/a	n/a	D160
596.5080000000	n/a	n/a	STATUS	n/a	n/a	D255
596.5440000000	n/a	n/a	STATUS	n/a	n/a	DI53
596.5920000000	n/a	n/a	STATUS	n/a	n/a	D255
597.0400000000	n/a	n/a	STATUS	n/a	n/a	DI43
597.0880000000	n/a	n/a	STATUS	n/a	n/a	D255
597.3480000000	n/a	n/a	STATUS	n/a	n/a	DIN5
597.4000000000	n/a	n/a	STATUS	n/a	n/a	D255
597.9040000000	n/a	n/a	STATUS	n/a	n/a	DI68
597.9520000000	n/a	n/a	STATUS	n/a	n/a	D255
597.9920000000	n/a	n/a	STATUS	n/a	n/a	DI53
598.0400000000	n/a	n/a	STATUS	n/a	n/a	D255
598.4120000000	n/a	n/a	STATUS	n/a	n/a	DI43
598.4640000000	n/a	n/a	STATUS	n/a	n/a	D255
598.7240000000	n/a	n/a	STATUS	n/a	n/a	DIN5
598.7720000000	n/a	n/a	STATUS	n/a	n/a	D255
599.1120000000	n/a	n/a	STATUS	n/a	n/a	D161
599.1600000000	n/a	n/a	STATUS	n/a	n/a	D255
599.2000000000	n/a	n/a	STATUS	n/a	n/a	DI52
599.2480000000	n/a	n/a	STATUS	n/a	n/a	D255
599.6880000000	n/a	n/a	STATUS	n/a	n/a	DI42
599.7400000000	n/a	n/a	STATUS	n/a	n/a	D255
599.9960000000	n/a	n/a	STATUS	n/a	n/a	DIN5
600.0480000000	n/a	n/a	STATUS	n/a	n/a	D255
600.5120000000	n/a	n/a	STATUS	n/a	n/a	D229
600.5600000000	n/a	n/a	STATUS	n/a	n/a	D255
600.6000000000	n/a	n/a	STATUS	n/a	n/a	DI52
600.6480000000	n/a	n/a	STATUS	n/a	n/a	D255
600.9160000000	n/a	n/a	STATUS	n/a	n/a	DI12
600.9640000000	n/a	n/a	STATUS	n/a	n/a	D255
600.9680000000	n/a	n/a	STATUS	n/a	n/a	DIN4
601.0200000000	n/a	n/a	STATUS	n/a	n/a	D255
601.7760000000	n/a	n/a	STATUS	n/a	n/a	DIN5
601.8240000000	n/a	n/a	STATUS	n/a	n/a	D255
602.1480000000	n/a	n/a	STATUS	n/a	n/a	D192
602.2000000000	n/a	n/a	STATUS	n/a	n/a	D255
602.2360000000	n/a	n/a	STATUS	n/a	n/a	DI54
602.2840000000	n/a	n/a	STATUS	n/a	n/a	D255
602.5680000000	n/a	n/a	STATUS	n/a	n/a	DI34
602.6160000000	n/a	n/a	STATUS	n/a	n/a	D255
602.8760000000	n/a	n/a	STATUS	n/a	n/a	DIN5
602.9280000000	n/a	n/a	STATUS	n/a	n/a	D255
603.3400000000	n/a	n/a	STATUS	n/a	n/a	D139
603.3920000000	n/a	n/a	STATUS	n/a	n/a	D255
603.4280000000	n/a	n/a	STATUS	n/a	n/a	DI52
603.4800000000	n/a	n/a	STATUS	n/a	n/a	D255
603.7800000000	n/a	n/a	STATUS	n/a	n/a	DI12
603.8320000000	n/a	n/a	STATUS	n/a	n/a	D255
603.8360000000	n/a	n/a	STATUS	n/a	n/a	DIN4
603.8840000000	n/a	n/a	STATUS	n/a	n/a	D255
604.6400000000	n/a	n/a	STATUS	n/a	n/a	DIN5
604.6920000000	n/a	n/a	STATUS	n/a	n/a	D255
605.0600000000	n/a	n/a	STATUS	n/a	n/a	D155
605.1080000000	n/a	n/a	STATUS	n/a	n/a	D255
605.1480000000	n/a	n/a	STATUS	n/a	n/a	DI53
605.1960000000	n/a	n/a	STATUS	n/a	n/a	D255
605.4560000000	n/a	n/a	STATUS	n/a	n/a	DI43
605.5040000000	n/a	n/a	STATUS	n/a	n/a	D255
605.7640000000	n/a	n/a	STATUS	n/a	n/a	DIN5
605.8160000000	n/a	n/a	STATUS	n/a	n/a	D255
606.1840000000	n/a	n/a	STATUS	n/a	n/a	D228
606.2360000000	n/a	n/a	STATUS	n/a	n/a	D255
606.2720000000	n/a	n/a	STATUS	n/a	n/a	DI51
606.3240000000	n/a	n/a	STATUS	n/a	n/a	D255
606.6560000000	n/a	n/a	STATUS	n/a	n/a	DI31
606.7040000000	n/a	n/a	STATUS	n/a	n/a	D255
606.9640000000	n/a	n/a	STATUS	n/a	n/a	DIN5
607.0120000000	n/a	n/a	STATUS	n/a	n/a	D255
607.3920000000	n/a	n/a	STATUS	n/a	n/a	D125
607.4440000000	n/a	n/a	STATUS	n/a	n/a	D255
607.4800000000	n/a	n/a	STATUS	n/a	n/a	DI51
607.5280000000	n/a	n/a	STATUS	n/a	n/a	D255
607.9680000000	n/a	n/a	STATUS	n/a	n/a	DI31
608.0200000000	n/a	n/a	STATUS	n/a	n/a	D255
608.2760000000	n/a	n/a	STATUS	n/a	n/a	DIN5
608.3280000000	n/a	n/a	STATUS	n/a	n/a	D255
608.6680000000	n/a	n/a	STATUS	n/a	n/a	D124
608.7160000000	n/a	n/a	STATUS	n/a	n/a	D255
608.7560000000	n/a	n/a	STATUS	n/a	n/a	DI54
608.8040000000	n/a	n/a	STATUS	n/a	n/a	D255
609.1160000000	n/a	n/a	STATUS	n/a	n/a	DI34
609.1640000000	n/a	n/a	STATUS	n/a	n/a	D255
609.4240000000	n/a	n/a	STATUS	n/a	n/a	DIN5
609.4720000000	n/a	n/a	STATUS	n/a	n/a	D255
609.8600000000	n/a	n/a	STATUS	n/a	n/a	D220
609.9080000000	n/a	n/a	STATUS	n/a	n/a	D255
609.9480000000	n/a	n/a	STATUS	n/a	n/a	DI52
609.9960000000	n/a	n/a	STATUS	n/a	n/a	D255
610.3680000000	n/a	n/a	STATUS	n/a	n/a	DI42
610.4160000000	n/a	n/a	STATUS	n/a	n/a	D255
610.6760000000	n/a	n/a	STATUS	n/a	n/a	DIN5
610.7280000000	n/a	n/a	STATUS	n/a	n/a	D255
611.0560000000	n/a	n/a	STATUS	n/a	n/a	D167
611.1040000000	n/a	n/a	STATUS	n/a	n/a	D255
611.1440000000	n/a	n/a	STATUS	n/a	n/a	DI54
611.1920000000	n/a	n/a	STATUS	n/a	n/a	D255
611.5160000000	n/a	n/a	STATUS	n/a	n/a	DI34
611.5640000000	n/a	n/a	STATUS	n/a	n/a	D255
620.5320000000	n/a	n/a	STATUS	n/a	n/a	DIN5
620.5800000000	n/a	n/a	STATUS	n/a	n/a	D255
621.0800000000	n/a	n/a	STATUS	n/a	n/a	DI86
621.1320000000	n/a	n/a	STATUS	n/a	n/a	D255
621.1680000000	n/a	n/a	STATUS	n/a	n/a	DI51
621.2200000000	n/a	n/a	STATUS	n/a	n/a	D255
621.4040000000	n/a	n/a	STATUS	n/a	n/a	DI21
621.4520000000	n/a	n/a	STATUS	n/a	n/a	D255
621.4560000000	n/a	n/a	STATUS	n/a	n/a	DIN4
621.5080000000	n/a	n/a	STATUS	n/a	n/a	D255
622.2640000000	n/a	n/a	STATUS	n/a	n/a	DIN5
622.3120000000	n/a	n/a	STATUS	n/a	n/a	D255
622.8080000000	n/a	n/a	STATUS	n/a	n/a	D204
622.8560000000	n/a	n/a	STATUS	n/a	n/a	D255
622.8960000000	n/a	n/a	STATUS	n/a	n/a	DI51
622.9440000000	n/a	n/a	STATUS	n/a	n/a	D255
623.2800000000	n/a	n/a	STATUS	n/a	n/a	DI31
623.3320000000	n/a	n/a	STATUS	n/a	n/a	D255
623.5880000000	n/a	n/a	STATUS	n/a	n/a	DIN5
623.6400000000	n/a	n/a	STATUS	n/a	n/a	D255
623.9600000000	n/a	n/a	STATUS	n/a	n/a	DI74
624.0120000000	n/a	n/a	STATUS	n/a	n/a	D255
624.0480000000	n/a	n/a	STATUS	n/a	n/a	DI53
624.1000000000	n/a	n/a	STATUS	n/a	n/a	D255
624.3560000000	n/a	n/a	STATUS	n/a	n/a	DI43
624.4080000000	n/a	n/a	STATUS	n/a	n/a	D255
624.6640000000	n/a	n/a	STATUS	n/a	n/a	DIN5
624.7160000000	n/a	n/a	STATUS	n/a	n/a	D255
625.0600000000	n/a	n/a	STATUS	n/a	n/a	D254
625.1120000000	n/a	n/a	STATUS	n/a	n/a	D255
625.1480000000	n/a	n/a	STATUS	n/a	n/a	DI53
625.2000000000	n/a	n/a	STATUS	n/a	n/a	D255
625.4320000000	n/a	n/a	STATUS	n/a	n/a	DI43
625.4840000000	n/a	n/a	STATUS	n/a	n/a	D255
625.7440000000	n/a	n/a	STATUS	n/a	n/a	DIN5
625.7920000000	n/a	n/a	STATUS	n/a	n/a	D255
626.2920000000	n/a	n/a	STATUS	n/a	n/a	D158
626.3440000000	n/a	n/a	STATUS	n/a	n/a	D255
626.3800000000	n/a	n/a	STATUS	n/a	n/a	DI54
626.4320000000	n/a	n/a	STATUS	n/a	n/a	D255
626.6880000000	n/a	n/a	STATUS	n/a	n/a	DI34
626.7400000000	n/a	n/a	STATUS	n/a	n/a	D255
627.0000000000	n/a	n/a	STATUS	n/a	n/a	DIN5
627.0480000000	n/a	n/a	STATUS	n/a	n/a	D255
627.3840000000	n/a	n/a	STATUS	n/a	n/a	D165
627.4320000000	n/a	n/a	STATUS	n/a	n/a	D255
627.4720000000	n/a	n/a	STATUS	n/a	n/a	DI52
627.5200000000	n/a	n/a	STATUS	n/a	n/a	D255
627.7560000000	n/a	n/a	STATUS	n/a	n/a	DI12
627.8040000000	n/a	n/a	STATUS	n/a	n/a	D255
627.8120000000	n/a	n/a	STATUS	n/a	n/a	DIN4
627.8600000000	n/a	n/a	STATUS	n/a	n/a	D255
628.6160000000	n/a	n/a	STATUS	n/a	n/a	DIN5
628.6640000000	n/a	n/a	STATUS	n/a	n/a	D255
629.0280000000	n/a	n/a	STATUS	n/a	n/a	D162
629.0800000000	n/a	n/a	STATUS	n/a	n/a	D255
629.1160000000	n/a	n/a	STATUS	n/a	n/a	DI53
629.1680000000	n/a	n/a	STATUS	n/a	n/a	D255
629.4000000000	n/a	n/a	STATUS	n/a	n/a	DI43
629.4520000000	n/a	n/a	STATUS	n/a	n/a	D255
629.4520000000	n/a	n/a	STATUS	n/a	n/a	D239
629.7120000000	n/a	n/a	STATUS	n/a	n/a	DIN5
629.7600000000	n/a	n/a	STATUS	n/a	n/a	D255
630.1400000000	n/a	n/a	STATUS	n/a	n/a	D218
630.1920000000	n/a	n/a	STATUS	n/a	n/a	D255
630.2280000000	n/a	n/a	STATUS	n/a	n/a	DI52
630.2800000000	n/a	n/a	STATUS	n/a	n/a	D255
630.5400000000	n/a	n/a	STATUS	n/a	n/a	DI12
630.5880000000	n/a	n/a	STATUS	n/a	n/a	D255
630.5920000000	n/a	n/a	STATUS	n/a	n/a	DIN4
630.6440000000	n/a	n/a	STATUS	n/a	n/a	D255
631.4000000000	n/a	n/a	STATUS	n/a	n/a	DIN5
631.4480000000	n/a	n/a	STATUS	n/a	n/a	D255
631.7720000000	n/a	n/a	STATUS	n/a	n/a	D134
631.8240000000	n/a	n/a	STATUS	n/a	n/a	D255
631.8600000000	n/a	n/a	STATUS	n/a	n/a	DI53
631.9120000000	n/a	n/a	STATUS	n/a	n/a	D255
632.1240000000	n/a	n/a	STATUS	n/a	n/a	DI43
632.1760000000	n/a	n/a	STATUS	n/a	n/a	D255
632.4320000000	n/a	n/a	STATUS	n/a	n/a	DIN5
632.4840000000	n/a	n/a	STATUS	n/a	n/a	D255
632.9320000000	n/a	n/a	STATUS	n/a	n/a	D121
632.9840000000	n/a	n/a	STATUS	n/a	n/a	D255
633.0200000000	n/a	n/a	STATUS	n/a	n/a	DI52
633.0720000000	n/a	n/a	STATUS	n/a	n/a	D255
633.5080000000	n/a	n/a	STATUS	n/a	n/a	DI42
633.5560000000	n/a	n/a	STATUS	n/a	n/a	D255
633.8160000000	n/a	n/a	STATUS	n/a	n/a	DIN5
633.8680000000	n/a	n/a	STATUS	n/a	n/a	D255
634.3080000000	n/a	n/a	STATUS	n/a	n/a	D177
634.3560000000	n/a	n/a	STATUS	n/a	n/a	D255
634.3960000000	n/a	n/a	STATUS	n/a	n/a	DI53
634.4440000000	n/a	n/a	STATUS	n/a	n/a	D255
634.6560000000	n/a	n/a	STATUS	n/a	n/a	DI43
634.7040000000	n/a	n/a	STATUS	n/a	n/a	D255
634.9640000000	n/a	n/a	STATUS	n/a	n/a	DIN5
635.0160000000	n/a	n/a	STATUS	n/a	n/a	D255
635.4720000000	n/a	n/a	STATUS	n/a	n/a	DI91
635.5240000000	n/a	n/a	STATUS	n/a	n/a	D255
635.5600000000	n/a	n/a	STATUS	n/a	n/a	DI53
635.6120000000	n/a	n/a	STATUS	n/a	n/a	D255
635.8160000000	n/a	n/a	STATUS	n/a	n/a	DI43
635.8680000000	n/a	n/a	STATUS	n/a	n/a	D255
636.1240000000	n/a	n/a	STATUS	n/a	n/a	DIN5
636.1760000000	n/a	n/a	STATUS	n/a	n/a	D255
636.4840000000	n/a	n/a	STATUS	n/a	n/a	D107
636.5360000000	n/a	n/a	STATUS	n/a	n/a	D255
636.5720000000	n/a	n/a	STATUS	n/a	n/a	DI51
636.6240000000	n/a	n/a	STATUS	n/a	n/a	D255
637.0000000000	n/a	n/a	STATUS	n/a	n/a	DI31
637.0520000000	n/a	n/a	STATUS	n/a	n/a	D255
637.3120000000	n/a	n/a	STATUS	n/a	n/a	DIN5
637.3600000000	n/a	n/a	STATUS	n/a	n/a	D255
637.7160000000	n/a	n/a	STATUS	n/a	n/a	D161
637.7640000000	n/a	n/a	STATUS	n/a	n/a	D255
637.8000000000	n/a	n/a	STATUS	n/a	n/a	DI51
637.8520000000	n/a	n/a	STATUS	n/a	n/a	D255
638.0280000000	n/a	n/a	STATUS	n/a	n/a	DI21
638.0800000000	n/a	n/a	STATUS	n/a	n/a	D255
638.0840000000	n/a	n/a	STATUS	n/a	n/a	DIN4
638.1360000000	n/a	n/a	STATUS	n/a	n/a	D255
638.8880000000	n/a	n/a	STATUS	n/a	n/a	DIN5
638.9400000000	n/a	n/a	STATUS	n/a	n/a	D255
639.3280000000	n/a	n/a	STATUS	n/a	n/a	DI81
639.3800000000	n/a	n/a	STATUS	n/a	n/a	D255
639.4160000000	n/a	n/a	STATUS	n/a	n/a	DI53
639.4680000000	n/a	n/a	STATUS	n/a	n/a	D255
639.6920000000	n/a	n/a	STATUS	n/a	n/a	DI43
639.7440000000	n/a	n/a	STATUS	n/a	n/a	D255
640.0000000000	n/a	n/a	STATUS	n/a	n/a	DIN5
640.0520000000	n/a	n/a	STATUS	n/a	n/a	D255
640.4120000000	n/a	n/a	STATUS	n/a	n/a	D217
640.4600000000	n/a	n/a	STATUS	n/a	n/a	D255
640.5000000000	n/a	n/a	STATUS	n/a	n/a	DI52
640.5480000000	n/a	n/a	STATUS	n/a	n/a	D255
640.8560000000	n/a	n/a	STATUS	n/a	n/a	DI42
640.9080000000	n/a	n/a	STATUS	n/a	n/a	D255
641.1680000000	n/a	n/a	STATUS	n/a	n/a	DIN5
641.2160000000	n/a	n/a	STATUS	n/a	n/a	D255
641.5920000000	n/a	n/a	STATUS	n/a	n/a	D181
641.6440000000	n/a	n/a	STATUS	n/a	n/a	D255
641.6800000000	n/a	n/a	STATUS	n/a	n/a	DI51
641.7280000000	n/a	n/a	STATUS	n/a	n/a	D255
641.9400000000	n/a	n/a	STATUS	n/a	n/a	DI21
641.9880000000	n/a	n/a	STATUS	n/a	n/a	D255
641.9920000000	n/a	n/a	STATUS	n/a	n/a	DIN4
642.0440000000	n/a	n/a	STATUS	n/a	n/a	D255
642.7960000000	n/a	n/a	STATUS	n/a	n/a	DIN5
642.8480000000	n/a	n/a	STATUS	n/a	n/a	D255
643.3160000000	n/a	n/a	STATUS	n/a	n/a	D137
643.3680000000	n/a	n/a	STATUS	n/a	n/a	D255
643.4040000000	n/a	n/a	STATUS	n/a	n/a	DI51
643.4560000000	n/a	n/a	STATUS	n/a	n/a	D255
643.8880000000	n/a	n/a	STATUS	n/a	n/a	DI31
643.9360000000	n/a	n/a	STATUS	n/a	n/a	D255
644.1960000000	n/a	n/a	STATUS	n/a	n/a	DIN5
644.2480000000	n/a	n/a	STATUS	n/a	n/a	D255
644.6480000000	n/a	n/a	STATUS	n/a	n/a	D192
644.7000000000	n/a	n/a	STATUS	n/a	n/a	D255
644.7360000000	n/a	n/a	STATUS	n/a	n/a	DI52
644.7880000000	n/a	n/a	STATUS	n/a	n/a	D255
645.1200000000	n/a	n/a	STATUS	n/a	n/a	DI42
645.1720000000	n/a	n/a	STATUS	n/a	n/a	D255
645.4280000000	n/a	n/a	STATUS	n/a	n/a	DIN5
645.4800000000	n/a	n/a	STATUS	n/a	n/a	D255
645.7840000000	n/a	n/a	STATUS	n/a	n/a	D252
645.8360000000	n/a	n/a	STATUS	n/a	n/a	D255
645.8720000000	n/a	n/a	STATUS	n/a	n/a	DI52
645.9240000000	n/a	n/a	STATUS	n/a	n/a	D255
646.2760000000	n/a	n/a	STATUS	n/a	n/a	DI42
646.3240000000	n/a	n/a	STATUS	n/a	n/a	D255
646.5800000000	n/a	n/a	STATUS	n/a	n/a	DIN5
646.6320000000	n/a	n/a	STATUS	n/a	n/a	D255
647.0600000000	n/a	n/a	STATUS	n/a	n/a	D163
647.1120000000	n/a	n/a	STATUS	n/a	n/a	D255
647.1520000000	n/a	n/a	STATUS	n/a	n/a	DI52
647.2000000000	n/a	n/a	STATUS	n/a	n/a	D255
647.5240000000	n/a	n/a	STATUS	n/a	n/a	DI42
647.5720000000	n/a	n/a	STATUS	n/a	n/a	D255
647.8320000000	n/a	n/a	STATUS	n/a	n/a	DIN5
647.8840000000	n/a	n/a	STATUS	n/a	n/a	D255
648.3800000000	n/a	n/a	STATUS	n/a	n/a	D139
648.4320000000	n/a	n/a	STATUS	n/a	n/a	D255
648.4680000000	n/a	n/a	STATUS	n/a	n/a	DI53
648.5200000000	n/a	n/a	STATUS	n/a	n/a	D255
648.8280000000	n/a	n/a	STATUS	n/a	n/a	DI43
648.8800000000	n/a	n/a	STATUS	n/a	n/a	D255
649.1360000000	n/a	n/a	STATUS	n/a	n/a	DIN5
649.1880000000	n/a	n/a	STATUS	n/a	n/a	D255
649.6680000000	n/a	n/a	STATUS	n/a	n/a	D171
649.7200000000	n/a	n/a	STATUS	n/a	n/a	D255
649.7560000000	n/a	n/a	STATUS	n/a	n/a	DI52
649.8040000000	n/a	n/a	STATUS	n/a	n/a	D255
650.1880000000	n/a	n/a	STATUS	n/a	n/a	DI42
650.2360000000	n/a	n/a	STATUS	n/a	n/a	D255
650.4960000000	n/a	n/a	STATUS	n/a	n/a	DIN5
650.5440000000	n/a	n/a	STATUS	n/a	n/a	D255
650.9400000000	n/a	n/a	STATUS	n/a	n/a	D250
650.9920000000	n/a	n/a	STATUS	n/a	n/a	D255
651.0280000000	n/a	n/a	STATUS	n/a	n/a	DI51
651.0760000000	n/a	n/a	STATUS	n/a	n/a	D255
651.5680000000	n/a	n/a	STATUS	n/a	n/a	DI31
651.6160000000	n/a	n/a	STATUS	n/a	n/a	D255
651.8760000000	n/a	n/a	STATUS	n/a	n/a	DIN5
651.9280000000	n/a	n/a	STATUS	n/a	n/a	D255
652.2560000000	n/a	n/a	STATUS	n/a	n/a	D156
652.3040000000	n/a	n/a	STATUS	n/a	n/a	D255
652.3440000000	n/a	n/a	STATUS	n/a	n/a	DI51
652.3920000000	n/a	n/a	STATUS	n/a	n/a	D255
652.6360000000	n/a	n/a	STATUS	n/a	n/a	DI21
652.6840000000	n/a	n/a	STATUS	n/a	n/a	D255
652.6880000000	n/a	n/a	STATUS	n/a	n/a	DIN4
652.7400000000	n/a	n/a	STATUS	n/a	n/a	D255
653.4920000000	n/a	n/a	STATUS	n/a	n/a	DIN5
653.5440000000	n/a	n/a	STATUS	n/a	n/a	D255
654.0240000000	n/a	n/a	STATUS	n/a	n/a	D223
654.0760000000	n/a	n/a	STATUS	n/a	n/a	D255
654.1120000000	n/a	n/a	STATUS	n/a	n/a	DI53
654.1600000000	n/a	n/a	STATUS	n/a	n/a	D255
654.4160000000	n/a	n/a	STATUS	n/a	n/a	DI43
654.4640000000	n/a	n/a	STATUS	n/a	n/a	D255
654.7240000000	n/a	n/a	STATUS	n/a	n/a	DIN5
654.7720000000	n/a	n/a	STATUS	n/a	n/a	D255
655.2000000000	n/a	n/a	STATUS	n/a	n/a	DI76
655.2480000000	n/a	n/a	STATUS	n/a	n/a	D255
655.2880000000	n/a	n/a	STATUS	n/a	n/a	DI51
655.3360000000	n/a	n/a	STATUS	n/a	n/a	D255
655.5720000000	n/a	n/a	STATUS	n/a	n/a	DI21
655.6240000000	n/a	n/a	STATUS	n/a	n/a	D255
655.6280000000	n/a	n/a	STATUS	n/a	n/a	DIN4
655.6760000000	n/a	n/a	STATUS	n/a	n/a	D255
656.4320000000	n/a	n/a	STATUS	n/a	n/a	DIN5
656.4840000000	n/a	n/a	STATUS	n/a	n/a	D255
656.9520000000	n/a	n/a	STATUS	n/a	n/a	DI80
657.0040000000	n/a	n/a	STATUS	n/a	n/a	D255
657.0400000000	n/a	n/a	STATUS	n/a	n/a	DI52
657.0880000000	n/a	n/a	STATUS	n/a	n/a	D255
657.4520000000	n/a	n/a	STATUS	n/a	n/a	DI42
657.5000000000	n/a	n/a	STATUS	n/a	n/a	D255
657.7600000000	n/a	n/a	STATUS	n/a	n/a	DIN5
657.8080000000	n/a	n/a	STATUS	n/a	n/a	D255
658.1240000000	n/a	n/a	STATUS	n/a	n/a	D153
658.1760000000	n/a	n/a	STATUS	n/a	n/a	D255
658.2120000000	n/a	n/a	STATUS	n/a	n/a	DI51
658.2640000000	n/a	n/a	STATUS	n/a	n/a	D255
658.6160000000	n/a	n/a	STATUS	n/a	n/a	DI31
658.6680000000	n/a	n/a	STATUS	n/a	n/a	D255
658.9280000000	n/a	n/a	STATUS	n/a	n/a	DIN5
658.9760000000	n/a	n/a	STATUS	n/a	n/a	D255
659.3160000000	n/a	n/a	STATUS	n/a	n/a	D105
659.3680000000	n/a	n/a	STATUS	n/a	n/a	D255
659.4040000000	n/a	n/a	STATUS	n/a	n/a	DI54
659.4560000000	n/a	n/a	STATUS	n/a	n/a	D255
659.7960000000	n/a	n/a	STATUS	n/a	n/a	DI34
659.8480000000	n/a	n/a	STATUS	n/a	n/a	D255
660.1080000000	n/a	n/a	STATUS	n/a	n/a	DIN5
660.1560000000	n/a	n/a	STATUS	n/a	n/a	D255
660.6280000000	n/a	n/a	STATUS	n/a	n/a	D144
660.6760000000	n/a	n/a	STATUS	n/a	n/a	D255
660.7120000000	n/a	n/a	STATUS	n/a	n/a	DI53
660.7640000000	n/a	n/a	STATUS	n/a	n/a	D255
660.9880000000	n/a	n/a	STATUS	n/a	n/a	DI43
661.0400000000	n/a	n/a	STATUS	n/a	n/a	D255
661.3000000000	n/a	n/a	STATUS	n/a	n/a	DIN5
661.3480000000	n/a	n/a	STATUS	n/a	n/a	D255
661.6800000000	n/a	n/a	STATUS	n/a	n/a	D142
661.7280000000	n/a	n/a	STATUS	n/a	n/a	D255
661.7640000000	n/a	n/a	STATUS	n/a	n/a	DI52
661.8160000000	n/a	n/a	STATUS	n/a	n/a	D255
662.2600000000	n/a	n/a	STATUS	n/a	n/a	DI42
662.3120000000	n/a	n/a	STATUS	n/a	n/a	D255
662.5720000000	n/a	n/a	STATUS	n/a	n/a	DIN5
662.6200000000	n/a	n/a	STATUS	n/a	n/a	D255
663.0440000000	n/a	n/a	STATUS	n/a	n/a	DI68
663.0960000000	n/a	n/a	STATUS	n/a	n/a	D255
663.1320000000	n/a	n/a	STATUS	n/a	n/a	DI53
663.1840000000	n/a	n/a	STATUS	n/a	n/a	D255
663.3960000000	n/a	n/a	STATUS	n/a	n/a	DI43
663.4480000000	n/a	n/a	STATUS	n/a	n/a	D255
663.7080000000	n/a	n/a	STATUS	n/a	n/a	DIN5
663.7560000000	n/a	n/a	STATUS	n/a	n/a	D255
664.1560000000	n/a	n/a	STATUS	n/a	n/a	D159
664.2040000000	n/a	n/a	STATUS	n/a	n/a	D255
664.2440000000	n/a	n/a	STATUS	n/a	n/a	DI51
664.2960000000	n/a	n/a	STATUS	n/a	n/a	D255
664.5040000000	n/a	n/a	STATUS	n/a	n/a	DI21
664.5560000000	n/a	n/a	STATUS	n/a	n/a	D255
664.5600000000	n/a	n/a	STATUS	n/a	n/a	DIN4
664.6080000000	n/a	n/a	STATUS	n/a	n/a	D255
665.3640000000	n/a	n/a	STATUS	n/a	n/a	DIN5
665.4120000000	n/a	n/a	STATUS	n/a	n/a	D255
665.7720000000	n/a	n/a	STATUS	n/a	n/a	D108
665.8240000000	n/a	n/a	STATUS	n/a	n/a	D255
665.8600000000	n/a	n/a	STATUS	n/a	n/a	DI51
665.9120000000	n/a	n/a	STATUS	n/a	n/a	D255
666.2440000000	n/a	n/a	STATUS	n/a	n/a	DI31
666.2920000000	n/a	n/a	STATUS	n/a	n/a	D255
666.5520000000	n/a	n/a	STATUS	n/a	n/a	DIN5
666.6040000000	n/a	n/a	STATUS	n/a	n/a	D255
667.0920000000	n/a	n/a	STATUS	n/a	n/a	D202
667.1440000000	n/a	n/a	STATUS	n/a	n/a	D255
667.1800000000	n/a	n/a	STATUS	n/a	n/a	DI54
667.2280000000	n/a	n/a	STATUS	n/a	n/a	D255
667.4840000000	n/a	n/a	STATUS	n/a	n/a	DI34
667.5360000000	n/a	n/a	STATUS	n/a	n/a	D255
667.7960000000	n/a	n/a	STATUS	n/a	n/a	DIN5
667.8440000000	n/a	n/a	STATUS	n/a	n/a	D255
668.3200000000	n/a	n/a	STATUS	n/a	n/a	D253
668.3680000000	n/a	n/a	STATUS	n/a	n/a	D255
668.4080000000	n/a	n/a	STATUS	n/a	n/a	DI51
668.4560000000	n/a	n/a	STATUS	n/a	n/a	D255
668.6680000000	n/a	n/a	STATUS	n/a	n/a	DI21
668.7200000000	n/a	n/a	STATUS	n/a	n/a	D255
668.7240000000	n/a	n/a	STATUS	n/a	n/a	DIN4
668.7720000000	n/a	n/a	STATUS	n/a	n/a	D255
669.5280000000	n/a	n/a	STATUS	n/a	n/a	DIN5
669.5800000000	n/a	n/a	STATUS	n/a	n/a	D255
669.9720000000	n/a	n/a	STATUS	n/a	n/a	DI65
670.0240000000	n/a	n/a	STATUS	n/a	n/a	D255
670.0600000000	n/a	n/a	STATUS	n/a	n/a	DI54
670.1120000000	n/a	n/a	STATUS	n/a	n/a	D255
670.3600000000	n/a	n/a	STATUS	n/a	n/a	DI34
670.4080000000	n/a	n/a	STATUS	n/a	n/a	D255
670.6680000000	n/a	n/a	STATUS	n/a	n/a	DIN5
670.7160000000	n/a	n/a	STATUS	n/a	n/a	D255
671.2000000000	n/a	n/a	STATUS	n/a	n/a	D104
671.2520000000	n/a	n/a	STATUS	n/a	n/a	D255
671.2880000000	n/a	n/a	STATUS	n/a	n/a	DI52
671.3400000000	n/a	n/a	STATUS	n/a	n/a	D255
671.6000000000	n/a	n/a	STATUS	n/a	n/a	DI12
671.6480000000	n/a	n/a	STATUS	n/a	n/a	D255
671.6520000000	n/a	n/a	STATUS	n/a	n/a	DIN4
671.7040000000	n/a	n/a	STATUS	n/a	n/a	D255
672.4600000000	n/a	n/a	STATUS	n/a	n/a	DIN5
672.5080000000	n/a	n/a	STATUS	n/a	n/a	D255
673.0040000000	n/a	n/a	STATUS	n/a	n/a	D166
673.0520000000	n/a	n/a	STATUS	n/a	n/a	D255
673.0880000000	n/a	n/a	STATUS	n/a	n/a	DI52
673.1400000000	n/a	n/a	STATUS	n/a	n/a	D255
673.3600000000	n/a	n/a	STATUS	n/a	n/a	DI12
673.4120000000	n/a	n/a	STATUS	n/a	n/a	D255
673.4160000000	n/a	n/a	STATUS	n/a	n/a	DIN4
673.4680000000	n/a	n/a	STATUS	n/a	n/a	D255
674.2200000000	n/a	n/a	STATUS	n/a	n/a	DIN5
674.2720000000	n/a	n/a	STATUS	n/a	n/a	D255
674.6960000000	n/a	n/a	STATUS	n/a	n/a	D124
674.7440000000	n/a	n/a	STATUS	n/a	n/a	D255
674.7840000000	n/a	n/a	STATUS	n/a	n/a	DI53
674.8320000000	n/a	n/a	STATUS	n/a	n/a	D255
675.0360000000	n/a	n/a	STATUS	n/a	n/a	DI43
675.0840000000	n/a	n/a	STATUS	n/a	n/a	D255
675.3440000000	n/a	n/a	STATUS	n/a	n/a	DIN5
675.3920000000	n/a	n/a	STATUS	n/a	n/a	D255
675.8600000000	n/a	n/a	STATUS	n/a	n/a	D175
675.9080000000	n/a	n/a	STATUS	n/a	n/a	D255
675.9480000000	n/a	n/a	STATUS	n/a	n/a	DI53
675.9960000000	n/a	n/a	STATUS	n/a	n/a	D255
676.2200000000	n/a	n/a	STATUS	n/a	n/a	DI43
676.2720000000	n/a	n/a	STATUS	n/a	n/a	D255
676.5280000000	n/a	n/a	STATUS	n/a	n/a	DIN5
676.5800000000	n/a	n/a	STATUS	n/a	n/a	D255
676.9880000000	n/a	n/a	STATUS	n/a	n/a	D198
677.0400000000	n/a	n/a	STATUS	n/a	n/a	D255
677.0760000000	n/a	n/a	STATUS	n/a	n/a	DI54
677.1280000000	n/a	n/a	STATUS	n/a	n/a	D255
677.3920000000	n/a	n/a	STATUS	n/a	n/a	DI34
677.4400000000	n/a	n/a	STATUS	n/a	n/a	D255
677.7000000000	n/a	n/a	STATUS	n/a	n/a	DIN5
677.7520000000	n/a	n/a	STATUS	n/a	n/a	D255
678.1560000000	n/a	n/a	STATUS	n/a	n/a	D110
678.2040000000	n/a	n/a	STATUS	n/a	n/a	D255
678.2440000000	n/a	n/a	STATUS	n/a	n/a	DI54
678.2920000000	n/a	n/a	STATUS	n/a	n/a	D255
678.5680000000	n/a	n/a	STATUS	n/a	n/a	DI34
678.6160000000	n/a	n/a	STATUS	n/a	n/a	D255
678.8760000000	n/a	n/a	STATUS	n/a	n/a	DIN5
678.9280000000	n/a	n/a	STATUS	n/a	n/a	D255
679.2560000000	n/a	n/a	STATUS	n/a	n/a	DI89
679.3080000000	n/a	n/a	STATUS	n/a	n/a	D255
679.3440000000	n/a	n/a	STATUS	n/a	n/a	DI54
679.3960000000	n/a	n/a	STATUS	n/a	n/a	D255
679.6920000000	n/a	n/a	STATUS	n/a	n/a	DI34
679.7440000000	n/a	n/a	STATUS	n/a	n/a	D255
680.0000000000	n/a	n/a	STATUS	n/a	n/a	DIN5
680.0520000000	n/a	n/a	STATUS	n/a	n/a	D255
680.4760000000	n/a	n/a	STATUS	n/a	n/a	DI85
680.5280000000	n/a	n/a	STATUS	n/a	n/a	D255
680.5640000000	n/a	n/a	STATUS	n/a	n/a	DI52
680.6160000000	n/a	n/a	STATUS	n/a	n/a	D255
680.9440000000	n/a	n/a	STATUS	n/a	n/a	DI42
680.9960000000	n/a	n/a	STATUS	n/a	n/a	D255
681.2560000000	n/a	n/a	STATUS	n/a	n/a	DIN5
681.3040000000	n/a	n/a	STATUS	n/a	n/a	D255
681.6600000000	n/a	n/a	STATUS	n/a	n/a	D111
681.7080000000	n/a	n/a	STATUS	n/a	n/a	D255
681.7480000000	n/a	n/a	STATUS	n/a	n/a	DI54
681.7960000000	n/a	n/a	STATUS	n/a	n/a	D255
682.0440000000	n/a	n/a	STATUS	n/a	n/a	DI34
682.0960000000	n/a	n/a	STATUS	n/a	n/a	D255
682.3560000000	n/a	n/a	STATUS	n/a	n/a	DIN5
682.4040000000	n/a	n/a	STATUS	n/a	n/a	D255
682.7840000000	n/a	n/a	STATUS	n/a	n/a	D242
682.8360000000	n/a	n/a	STATUS	n/a	n/a	D255
682.8720000000	n/a	n/a	STATUS	n/a	n/a	DI54
682.9200000000	n/a	n/a	STATUS	n/a	n/a	D255
683.1920000000	n/a	n/a	STATUS	n/a	n/a	DI34
683.2400000000	n/a	n/a	STATUS	n/a	n/a	D255
683.5000000000	n/a	n/a	STATUS	n/a	n/a	DIN5
683.5480000000	n/a	n/a	STATUS	n/a	n/a	D255
683.8680000000	n/a	n/a	STATUS	n/a	n/a	D229
683.9200000000	n/a	n/a	STATUS	n/a	n/a	D255
683.9560000000	n/a	n/a	STATUS	n/a	n/a	DI54
684.0080000000	n/a	n/a	STATUS	n/a	n/a	D255
684.3040000000	n/a	n/a	STATUS	n/a	n/a	DI34
684.3520000000	n/a	n/a	STATUS	n/a	n/a	D255
684.6120000000	n/a	n/a	STATUS	n/a	n/a	DIN5
684.6600000000	n/a	n/a	STATUS	n/a	n/a	D255
685.0640000000	n/a	n/a	STATUS	n/a	n/a	D208
685.1160000000	n/a	n/a	STATUS	n/a	n/a	D255
685.1560000000	n/a	n/a	STATUS	n/a	n/a	DI54
685.2040000000	n/a	n/a	STATUS	n/a	n/a	D255
685.5880000000	n/a	n/a	STATUS	n/a	n/a	DI34
685.6360000000	n/a	n/a	STATUS	n/a	n/a	D255
685.8960000000	n/a	n/a	STATUS	n/a	n/a	DIN5
685.9440000000	n/a	n/a	STATUS	n/a	n/a	D255
686.2880000000	n/a	n/a	STATUS	n/a	n/a	D113
686.3400000000	n/a	n/a	STATUS	n/a	n/a	D255
686.3760000000	n/a	n/a	STATUS	n/a	n/a	DI53
686.4280000000	n/a	n/a	STATUS	n/a	n/a	D255
686.7080000000	n/a	n/a	STATUS	n/a	n/a	DI43
686.7600000000	n/a	n/a	STATUS	n/a	n/a	D255
687.0160000000	n/a	n/a	STATUS	n/a	n/a	DIN5
687.0680000000	n/a	n/a	STATUS	n/a	n/a	D255
687.5080000000	n/a	n/a	STATUS	n/a	n/a	D226
687.5560000000	n/a	n/a	STATUS	n/a	n/a	D255
687.5960000000	n/a	n/a	STATUS	n/a	n/a	DI53
687.6440000000	n/a	n/a	STATUS	n/a	n/a	D255
687.9000000000	n/a	n/a	STATUS	n/a	n/a	DI43
687.9520000000	n/a	n/a	STATUS	n/a	n/a	D255
688.2120000000	n/a	n/a	STATUS	n/a	n/a	DIN5
688.2600000000	n/a	n/a	STATUS	n/a	n/a	D255
688.7480000000	n/a	n/a	STATUS	n/a	n/a	D117
688.8000000000	n/a	n/a	STATUS	n/a	n/a	D255
688.8360000000	n/a	n/a	STATUS	n/a	n/a	DI53
688.8880000000	n/a	n/a	STATUS	n/a	n/a	D255
689.0800000000	n/a	n/a	STATUS	n/a	n/a	DI43
689.1280000000	n/a	n/a	STATUS	n/a	n/a	D255
689.3880000000	n/a	n/a	STATUS	n/a	n/a	DIN5
689.4360000000	n/a	n/a	STATUS	n/a	n/a	D255
689.7520000000	n/a	n/a	STATUS	n/a	n/a	D141
689.8040000000	n/a	n/a	STATUS	n/a	n/a	D255
689.8400000000	n/a	n/a	STATUS	n/a	n/a	DI52
689.8920000000	n/a	n/a	STATUS	n/a	n/a	D255
690.2720000000	n/a	n/a	STATUS	n/a	n/a	DI42
690.3240000000	n/a	n/a	STATUS	n/a	n/a	D255
690.5840000000	n/a	n/a	STATUS	n/a	n/a	DIN5
690.6320000000	n/a	n/a	STATUS	n/a	n/a	D255
690.9520000000	n/a	n/a	STATUS	n/a	n/a	D106
691.0040000000	n/a	n/a	STATUS	n/a	n/a	D255
691.0400000000	n/a	n/a	STATUS	n/a	n/a	DI54
691.0920000000	n/a	n/a	STATUS	n/a	n/a	D255
691.4520000000	n/a	n/a	STATUS	n/a	n/a	DI34
691.5000000000	n/a	n/a	STATUS	n/a	n/a	D255
691.7600000000	n/a	n/a	STATUS	n/a	n/a	DIN5
691.8120000000	n/a	n/a	STATUS	n/a	n/a	D255
692.3000000000	n/a	n/a	STATUS	n/a	n/a	D127
692.3520000000	n/a	n/a	STATUS	n/a	n/a	D255
692.3880000000	n/a	n/a	STATUS	n/a	n/a	DI51
692.4360000000	n/a	n/a	STATUS	n/a	n/a	D255
692.6640000000	n/a	n/a	STATUS	n/a	n/a	DI21
692.7160000000	n/a	n/a	STATUS	n/a	n/a	D255
692.7200000000	n/a	n/a	STATUS	n/a	n/a	DIN4
692.7720000000	n/a	n/a	STATUS	n/a	n/a	D255
693.5240000000	n/a	n/a	STATUS	n/a	n/a	DIN5
693.5760000000	n/a	n/a	STATUS	n/a	n/a	D255
693.9480000000	n/a	n/a	STATUS	n/a	n/a	DI79
694.0000000000	n/a	n/a	STATUS	n/a	n/a	D255
694.0360000000	n/a	n/a	STATUS	n/a	n/a	DI52
694.0880000000	n/a	n/a	STATUS	n/a	n/a	D255
694.5160000000	n/a	n/a	STATUS	n/a	n/a	DI42
694.5640000000	n/a	n/a	STATUS	n/a	n/a	D255
694.8240000000	n/a	n/a	STATUS	n/a	n/a	DIN5
694.8760000000	n/a	n/a	STATUS	n/a	n/a	D255
695.3160000000	n/a	n/a	STATUS	n/a	n/a	DI84
695.3640000000	n/a	n/a	STATUS	n/a	n/a	D255
695.4040000000	n/a	n/a	STATUS	n/a	n/a	DI52
695.4520000000	n/a	n/a	STATUS	n/a	n/a	D255
695.7480000000	n/a	n/a	STATUS	n/a	n/a	DI42
695.7960000000	n/a	n/a	STATUS	n/a	n/a	D255
696.0560000000	n/a	n/a	STATUS	n/a	n/a	DIN5
696.1040000000	n/a	n/a	STATUS	n/a	n/a	D255
696.6000000000	n/a	n/a	STATUS	n/a	n/a	D248
696.6480000000	n/a	n/a	STATUS	n/a	n/a	D255
696.6880000000	n/a	n/a	STATUS	n/a	n/a	DI54
696.7360000000	n/a	n/a	STATUS	n/a	n/a	D255
697.7640000000	n/a	n/a	STATUS	n/a	n/a	DIN3
697.8160000000	n/a	n/a	STATUS	n/a	n/a	D255
698.5680000000	n/a	n/a	STATUS	n/a	n/a	DIN5
698.6200000000	n/a	n/a	STATUS	n/a	n/a	D255
699.0280000000	n/a	n/a	STATUS	n/a	n/a	D245
699.0800000000	n/a	n/a	STATUS	n/a	n/a	D255
699.1160000000	n/a	n/a	STATUS	n/a	n/a	DI51
699.1680000000	n/a	n/a	STATUS	n/a	n/a	D255
699.5240000000	n/a	n/a	STATUS	n/a	n/a	DI31
699.5720000000	n/a	n/a	STATUS	n/a	n/a	D255
699.8320000000	n/a	n/a	STATUS	n/a	n/a	DIN5
699.8840000000	n/a	n/a	STATUS	n/a	n/a	D255
700.3520000000	n/a	n/a	STATUS	n/a	n/a	DI77
700.4000000000	n/a	n/a	STATUS	n/a	n/a	D255
700.4400000000	n/a	n/a	STATUS	n/a	n/a	DI53
700.4880000000	n/a	n/a	STATUS	n/a	n/a	D255
700.7280000000	n/a	n/a	STATUS	n/a	n/a	DI43
700.7800000000	n/a	n/a	STATUS	n/a	n/a	D255
701.0360000000	n/a	n/a	STATUS	n/a	n/a	DIN5
701.0880000000	n/a	n/a	STATUS	n/a	n/a	D255
701.5200000000	n/a	n/a	STATUS	n/a	n/a	D240
701.5720000000	n/a	n/a	STATUS	n/a	n/a	D255
701.6080000000	n/a	n/a	STATUS	n/a	n/a	DI51
701.6600000000	n/a	n/a	STATUS	n/a	n/a	D255
701.8560000000	n/a	n/a	STATUS	n/a	n/a	DI21
701.9080000000	n/a	n/a	STATUS	n/a	n/a	D255
701.9120000000	n/a	n/a	STATUS	n/a	n/a	DIN4
701.9640000000	n/a	n/a	STATUS	n/a	n/a	D255
702.7160000000	n/a	n/a	STATUS	n/a	n/a	DIN5
702.7680000000	n/a	n/a	STATUS	n/a	n/a	D255
703.1120000000	n/a	n/a	STATUS	n/a	n/a	D149
703.1600000000	n/a	n/a	STATUS	n/a	n/a	D255
703.2000000000	n/a	n/a	STATUS	n/a	n/a	DI52
703.2480000000	n/a	n/a	STATUS	n/a	n/a	D255
703.5760000000	n/a	n/a	STATUS	n/a	n/a	DI42
703.6280000000	n/a	n/a	STATUS	n/a	n/a	D255
703.8840000000	n/a	n/a	STATUS	n/a	n/a	DIN5
703.9360000000	n/a	n/a	STATUS	n/a	n/a	D255
704.3800000000	n/a	n/a	STATUS	n/a	n/a	D179
704.4320000000	n/a	n/a	STATUS	n/a	n/a	D255
704.4680000000	n/a	n/a	STATUS	n/a	n/a	DI54
704.5200000000	n/a	n/a	STATUS	n/a	n/a	D255
704.7680000000	n/a	n/a	STATUS	n/a	n/a	DI34
704.8200000000	n/a	n/a	STATUS	n/a	n/a	D255
705.0760000000	n/a	n/a	STATUS	n/a	n/a	DIN5
705.1280000000	n/a	n/a	STATUS	n/a	n/a	D255
705.4760000000	n/a	n/a	STATUS	n/a	n/a	D193
705.5280000000	n/a	n/a	STATUS	n/a	n/a	D255
705.5640000000	n/a	n/a	STATUS	n/a	n/a	DI53
705.6160000000	n/a	n/a	STATUS	n/a	n/a	D255
705.8560000000	n/a	n/a	STATUS	n/a	n/a	DI43
705.9040000000	n/a	n/a	STATUS	n/a	n/a	D255
706.1640000000	n/a	n/a	STATUS	n/a	n/a	DIN5
706.2160000000	n/a	n/a	STATUS	n/a	n/a	D255
706.5640000000	n/a	n/a	STATUS	n/a	n/a	D180
706.6120000000	n/a	n/a	STATUS	n/a	n/a	D255
706.6520000000	n/a	n/a	STATUS	n/a	n/a	DI54
706.7000000000	n/a	n/a	STATUS	n/a	n/a	D255
706.9440000000	n/a	n/a	STATUS	n/a	n/a	DI34
706.9920000000	n/a	n/a	STATUS	n/a	n/a	D255
707.2520000000	n/a	n/a	STATUS	n/a	n/a	DIN5
707.3000000000	n/a	n/a	STATUS	n/a	n/a	D255
707.7880000000	n/a	n/a	STATUS	n/a	n/a	D112
707.8360000000	n/a	n/a	STATUS	n/a	n/a	D255
707.8720000000	n/a	n/a	STATUS	n/a	n/a	DI51
707.9240000000	n/a	n/a	STATUS	n/a	n/a	D255
708.2640000000	n/a	n/a	STATUS	n/a	n/a	DI31
708.3160000000	n/a	n/a	STATUS	n/a	n/a	D255
708.5720000000	n/a	n/a	STATUS	n/a	n/a	DIN5
708.6240000000	n/a	n/a	STATUS	n/a	n/a	D255
709.1280000000	n/a	n/a	STATUS	n/a	n/a	D196
709.1800000000	n/a	n/a	STATUS	n/a	n/a	D255
709.2160000000	n/a	n/a	STATUS	n/a	n/a	DI52
709.2680000000	n/a	n/a	STATUS	n/a	n/a	D255
709.7440000000	n/a	n/a	STATUS	n/a	n/a	DI42
709.7920000000	n/a	n/a	STATUS	n/a	n/a	D255
710.0520000000	n/a	n/a	STATUS	n/a	n/a	DIN5
710.1000000000	n/a	n/a	STATUS	n/a	n/a	D255
710.5480000000	n/a	n/a	STATUS	n/a	n/a	D207
710.5960000000	n/a	n/a	STATUS	n/a	n/a	D255
710.6320000000	n/a	n/a	STATUS	n/a	n/a	DI53
710.6840000000	n/a	n/a	STATUS	n/a	n/a	D255
710.9320000000	n/a	n/a	STATUS	n/a	n/a	DI43
710.9840000000	n/a	n/a	STATUS	n/a	n/a	D255
711.2400000000	n/a	n/a	STATUS	n/a	n/a	DIN5
711.2920000000	n/a	n/a	STATUS	n/a	n/a	D255
711.7000000000	n/a	n/a	STATUS	n/a	n/a	D227
711.7520000000	n/a	n/a	STATUS	n/a	n/a	D255
711.7880000000	n/a	n/a	STATUS	n/a	n/a	DI51
711.8400000000	n/a	n/a	STATUS	n/a	n/a	D255
712.1720000000	n/a	n/a	STATUS	n/a	n/a	DI31
712.2240000000	n/a	n/a	STATUS	n/a	n/a	D255
712.4800000000	n/a	n/a	STATUS	n/a	n/a	DIN5
712.5320000000	n/a	n/a	STATUS	n/a	n/a	D255
712.9600000000	n/a	n/a	STATUS	n/a	n/a	D155
713.0120000000	n/a	n/a	STATUS	n/a	n/a	D255
713.0120000000	n/a	n/a	STATUS	n/a	n/a	D251
713.0480000000	n/a	n/a	STATUS	n/a	n/a	DI51
713.1000000000	n/a	n/a	STATUS	n/a	n/a	D255
713.3160000000	n/a	n/a	STATUS	n/a	n/a	DI21
713.3640000000	n/a	n/a	STATUS	n/a	n/a	D255
713.3680000000	n/a	n/a	STATUS	n/a	n/a	DIN4
713.4200000000	n/a	n/a	STATUS	n/a	n/a	D255
714.1760000000	n/a	n/a	STATUS	n/a	n/a	DIN5
714.2240000000	n/a	n/a	STATUS	n/a	n/a	D255
714.6520000000	n/a	n/a	STATUS	n/a	n/a	D230
714.7040000000	n/a	n/a	STATUS	n/a	n/a	D255
714.7400000000	n/a	n/a	STATUS	n/a	n/a	DI54
714.7920000000	n/a	n/a	STATUS	n/a	n/a	D255
715.1000000000	n/a	n/a	STATUS	n/a	n/a	DI34
715.1520000000	n/a	n/a	STATUS	n/a	n/a	D255
715.4080000000	n/a	n/a	STATUS	n/a	n/a	DIN5
715.4600000000	n/a	n/a	STATUS	n/a	n/a	D255
715.8520000000	n/a	n/a	STATUS	n/a	n/a	D199
715.9040000000	n/a	n/a	STATUS	n/a	n/a	D255
715.9400000000	n/a	n/a	STATUS	n/a	n/a	DI53
715.9920000000	n/a	n/a	STATUS	n/a	n/a	D255
716.2480000000	n/a	n/a	STATUS	n/a	n/a	DI43
716.3000000000	n/a	n/a	STATUS	n/a	n/a	D255
716.5600000000	n/a	n/a	STATUS	n/a	n/a	DIN5
716.6080000000	n/a	n/a	STATUS	n/a	n/a	D255
717.0520000000	n/a	n/a	STATUS	n/a	n/a	D225
717.1040000000	n/a	n/a	STATUS	n/a	n/a	D255
717.1400000000	n/a	n/a	STATUS	n/a	n/a	DI54
717.1920000000	n/a	n/a	STATUS	n/a	n/a	D255
717.4480000000	n/a	n/a	STATUS	n/a	n/a	DI34
717.5000000000	n/a	n/a	STATUS	n/a	n/a	D255
717.5000000000	n/a	n/a	STATUS	n/a	n/a	D227
717.7600000000	n/a	n/a	STATUS	n/a	n/a	DIN5
717.8080000000	n/a	n/a	STATUS	n/a	n/a	D255
718.1800000000	n/a	n/a	STATUS	n/a	n/a	D116
718.2280000000	n/a	n/a	STATUS	n/a	n/a	D255
718.2680000000	n/a	n/a	STATUS	n/a	n/a	DI53
718.3160000000	n/a	n/a	STATUS	n/a	n/a	D255
718.5960000000	n/a	n/a	STATUS	n/a	n/a	DI13
718.6480000000	n/a	n/a	STATUS	n/a	n/a	D255
718.6520000000	n/a	n/a	STATUS	n/a	n/a	DIN4
718.7000000000	n/a	n/a	STATUS	n/a	n/a	D255
719.4560000000	n/a	n/a	STATUS	n/a	n/a	DIN5
719.5080000000	n/a	n/a	STATUS	n/a	n/a	D255
719.8600000000	n/a	n/a	STATUS	n/a	n/a	DI75
719.9120000000	n/a	n/a	STATUS	n/a	n/a	D255
719.9480000000	n/a	n/a	STATUS	n/a	n/a	DI54
720.0000000000	n/a	n/a	STATUS	n/a	n/a	D255
720.2480000000	n/a	n/a	STATUS	n/a	n/a	DI34
720.2960000000	n/a	n/a	STATUS	n/a	n/a	D255
720.5560000000	n/a	n/a	STATUS	n/a	n/a	DIN5
720.6080000000	n/a	n/a	STATUS	n/a	n/a	D255
720.9800000000	n/a	n/a	STATUS	n/a	n/a	D238
721.0320000000	n/a	n/a	STATUS	n/a	n/a	D255
721.0680000000	n/a	n/a	STATUS	n/a	n/a	DI54
721.1200000000	n/a	n/a	STATUS	n/a	n/a	D255
721.6040000000	n/a	n/a	STATUS	n/a	n/a	DI34
721.6560000000	n/a	n/a	STATUS	n/a	n/a	D255
721.9120000000	n/a	n/a	STATUS	n/a	n/a	DIN5
721.9640000000	n/a	n/a	STATUS	n/a	n/a	D255
722.4040000000	n/a	n/a	STATUS	n/a	n/a	D173
722.4520000000	n/a	n/a	STATUS	n/a	n/a	D255
722.4920000000	n/a	n/a	STATUS	n/a	n/a	DI53
722.5400000000	n/a	n/a	STATUS	n/a	n/a	D255
723.1360000000	n/a	n/a	STATUS	n/a	n/a	DI43
723.1880000000	n/a	n/a	STATUS	n/a	n/a	D255
723.4480000000	n/a	n/a	STATUS	n/a	n/a	DIN5
723.4960000000	n/a	n/a	STATUS	n/a	n/a	D255
723.9560000000	n/a	n/a	STATUS	n/a	n/a	D150
724.0040000000	n/a	n/a	STATUS	n/a	n/a	D255
724.0440000000	n/a	n/a	STATUS	n/a	n/a	DI54
724.0920000000	n/a	n/a	STATUS	n/a	n/a	D255
724.4440000000	n/a	n/a	STATUS	n/a	n/a	DI34
724.4960000000	n/a	n/a	STATUS	n/a	n/a	D255
724.7520000000	n/a	n/a	STATUS	n/a	n/a	DIN5
724.8040000000	n/a	n/a	STATUS	n/a	n/a	D255
725.2080000000	n/a	n/a	STATUS	n/a	n/a	DI87
725.2560000000	n/a	n/a	STATUS	n/a	n/a	D255
725.2960000000	n/a	n/a	STATUS	n/a	n/a	DI54
725.3440000000	n/a	n/a	STATUS	n/a	n/a	D255
725.8040000000	n/a	n/a	STATUS	n/a	n/a	DI34
725.8520000000	n/a	n/a	STATUS	n/a	n/a	D255
726.1120000000	n/a	n/a	STATUS	n/a	n/a	DIN5
726.1640000000	n/a	n/a	STATUS	n/a	n/a	D255
726.6200000000	n/a	n/a	STATUS	n/a	n/a	D151
726.6720000000	n/a	n/a	STATUS	n/a	n/a	D255
726.7080000000	n/a	n/a	STATUS	n/a	n/a	DI54
726.7600000000	n/a	n/a	STATUS	n/a	n/a	D255
726.9880000000	n/a	n/a	STATUS	n/a	n/a	DI34
727.0400000000	n/a	n/a	STATUS	n/a	n/a	D255
727.2960000000	n/a	n/a	STATUS	n/a	n/a	DIN5
727.3480000000	n/a	n/a	STATUS	n/a	n/a	D255
727.7880000000	n/a	n/a	STATUS	n/a	n/a	D143
727.8360000000	n/a	n/a	STATUS	n/a	n/a	D255
727.8760000000	n/a	n/a	STATUS	n/a	n/a	DI51
727.9240000000	n/a	n/a	STATUS	n/a	n/a	D255
728.3200000000	n/a	n/a	STATUS	n/a	n/a	DI21
728.3680000000	n/a	n/a	STATUS	n/a	n/a	D255
728.3760000000	n/a	n/a	STATUS	n/a	n/a	DIN4
728.4240000000	n/a	n/a	STATUS	n/a	n/a	D255
729.1800000000	n/a	n/a	STATUS	n/a	n/a	DIN5
729.2280000000	n/a	n/a	STATUS	n/a	n/a	D255
729.6600000000	n/a	n/a	STATUS	n/a	n/a	DI73
729.7080000000	n/a	n/a	STATUS	n/a	n/a	D255
729.7480000000	n/a	n/a	STATUS	n/a	n/a	DI52
729.7960000000	n/a	n/a	STATUS	n/a	n/a	D255
730.1760000000	n/a	n/a	STATUS	n/a	n/a	DI42
730.2280000000	n/a	n/a	STATUS	n/a	n/a	D255
730.4840000000	n/a	n/a	STATUS	n/a	n/a	DIN5
730.5360000000	n/a	n/a	STATUS	n/a	n/a	D255
731.0040000000	n/a	n/a	STATUS	n/a	n/a	D138
731.0560000000	n/a	n/a	STATUS	n/a	n/a	D255
731.0920000000	n/a	n/a	STATUS	n/a	n/a	DI54
731.1440000000	n/a	n/a	STATUS	n/a	n/a	D255
731.4800000000	n/a	n/a	STATUS	n/a	n/a	DI34
731.5320000000	n/a	n/a	STATUS	n/a	n/a	D255
731.7880000000	n/a	n/a	STATUS	n/a	n/a	DIN5
731.8400000000	n/a	n/a	STATUS	n/a	n/a	D255
732.2880000000	n/a	n/a	STATUS	n/a	n/a	DI96
732.3400000000	n/a	n/a	STATUS	n/a	n/a	D255
732.3760000000	n/a	n/a	STATUS	n/a	n/a	DI53
732.4280000000	n/a	n/a	STATUS	n/a	n/a	D255
732.6560000000	n/a	n/a	STATUS	n/a	n/a	DI13
732.7040000000	n/a	n/a	STATUS	n/a	n/a	D255
732.7080000000	n/a	n/a	STATUS	n/a	n/a	DIN4
732.7600000000	n/a	n/a	STATUS	n/a	n/a	D255
733.5160000000	n/a	n/a	STATUS	n/a	n/a	DIN5
733.5640000000	n/a	n/a	STATUS	n/a	n/a	D255
733.9360000000	n/a	n/a	STATUS	n/a	n/a	D160
733.9840000000	n/a	n/a	STATUS	n/a	n/a	D255
734.0240000000	n/a	n/a	STATUS	n/a	n/a	DI54
734.0720000000	n/a	n/a	STATUS	n/a	n/a	D255
734.4000000000	n/a	n/a	STATUS	n/a	n/a	DI34
734.4480000000	n/a	n/a	STATUS	n/a	n/a	D255
734.7080000000	n/a	n/a	STATUS	n/a	n/a	DIN5
734.7600000000	n/a	n/a	STATUS	n/a	n/a	D255
735.2080000000	n/a	n/a	STATUS	n/a	n/a	D100
735.2600000000	n/a	n/a	STATUS	n/a	n/a	D255
735.2960000000	n/a	n/a	STATUS	n/a	n/a	DI52
735.3480000000	n/a	n/a	STATUS	n/a	n/a	D255
735.7160000000	n/a	n/a	STATUS	n/a	n/a	DI42
735.7680000000	n/a	n/a	STATUS	n/a	n/a	D255
736.0240000000	n/a	n/a	STATUS	n/a	n/a	DIN5
736.0760000000	n/a	n/a	STATUS	n/a	n/a	D255
736.5160000000	n/a	n/a	STATUS	n/a	n/a	D203
736.5640000000	n/a	n/a	STATUS	n/a	n/a	D255
736.6040000000	n/a	n/a	STATUS	n/a	n/a	DI52
736.6520000000	n/a	n/a	STATUS	n/a	n/a	D255
736.9520000000	n/a	n/a	STATUS	n/a	n/a	DI42
737.0040000000	n/a	n/a	STATUS	n/a	n/a	D255
737.2640000000	n/a	n/a	STATUS	n/a	n/a	DIN5
737.3120000000	n/a	n/a	STATUS	n/a	n/a	D255
737.6920000000	n/a	n/a	STATUS	n/a	n/a	D133
737.7440000000	n/a	n/a	STATUS	n/a	n/a	D255
737.7800000000	n/a	n/a	STATUS	n/a	n/a	DI52
737.8320000000	n/a	n/a	STATUS	n/a	n/a	D255
738.0880000000	n/a	n/a	STATUS	n/a	n/a	DI12
738.1360000000	n/a	n/a	STATUS	n/a	n/a	D255
738.1400000000	n/a	n/a	STATUS	n/a	n/a	DIN4
738.1920000000	n/a	n/a	STATUS	n/a	n/a	D255
738.9480000000	n/a	n/a	STATUS	n/a	n/a	DIN5
738.9960000000	n/a	n/a	STATUS	n/a	n/a	D255
739.4360000000	n/a	n/a	STATUS	n/a	n/a	D169
739.4840000000	n/a	n/a	STATUS	n/a	n/a	D255
739.5240000000	n/a	n/a	STATUS	n/a	n/a	DI51
739.5720000000	n/a	n/a	STATUS	n/a	n/a	D255
739.8400000000	n/a	n/a	STATUS	n/a	n/a	DI21
739.8920000000	n/a	n/a	STATUS	n/a	n/a	D255
739.8960000000	n/a	n/a	STATUS	n/a	n/a	DIN4
739.9480000000	n/a	n/a	STATUS	n/a	n/a	D255
740.7000000000	n/a	n/a	STATUS	n/a	n/a	DIN5
740.7520000000	n/a	n/a	STATUS	n/a	n/a	D255
741.1360000000	n/a	n/a	STATUS	n/a	n/a	D209
741.1880000000	n/a	n/a	STATUS	n/a	n/a	D255
741.2240000000	n/a	n/a	STATUS	n/a	n/a	DI53
741.2760000000	n/a	n/a	STATUS	n/a	n/a	D255
741.4920000000	n/a	n/a	STATUS	n/a	n/a	DI43
741.5440000000	n/a	n/a	STATUS	n/a	n/a	D255
741.8000000000	n/a	n/a	STATUS	n/a	n/a	DIN5
741.8520000000	n/a	n/a	STATUS	n/a	n/a	D255
742.3200000000	n/a	n/a	STATUS	n/a	n/a	DI98
742.3720000000	n/a	n/a	STATUS	n/a	n/a	D255
742.4080000000	n/a	n/a	STATUS	n/a	n/a	DI51
742.4600000000	n/a	n/a	STATUS	n/a	n/a	D255
742.7080000000	n/a	n/a	STATUS	n/a	n/a	DI21
742.7560000000	n/a	n/a	STATUS	n/a	n/a	D255
742.7600000000	n/a	n/a	STATUS	n/a	n/a	DIN4
742.8120000000	n/a	n/a	STATUS	n/a	n/a	D255
743.5640000000	n/a	n/a	STATUS	n/a	n/a	DIN5
743.6160000000	n/a	n/a	STATUS	n/a	n/a	D255
743.9800000000	n/a	n/a	STATUS	n/a	n/a	DI70
744.0320000000	n/a	n/a	STATUS	n/a	n/a	D255
744.0680000000	n/a	n/a	STATUS	n/a	n/a	DI54
744.1160000000	n/a	n/a	STATUS	n/a	n/a	D255
744.3560000000	n/a	n/a	STATUS	n/a	n/a	DI34
744.4040000000	n/a	n/a	STATUS	n/a	n/a	D255
744.6640000000	n/a	n/a	STATUS	n/a	n/a	DIN5
744.7160000000	n/a	n/a	STATUS	n/a	n/a	D255
745.1320000000	n/a	n/a	STATUS	n/a	n/a	D214
745.1840000000	n/a	n/a	STATUS	n/a	n/a	D255
745.2200000000	n/a	n/a	STATUS	n/a	n/a	DI51
745.2720000000	n/a	n/a	STATUS	n/a	n/a	D255
745.6280000000	n/a	n/a	STATUS	n/a	n/a	DI31
745.6800000000	n/a	n/a	STATUS	n/a	n/a	D255
745.9360000000	n/a	n/a	STATUS	n/a	n/a	DIN5
745.9880000000	n/a	n/a	STATUS	n/a	n/a	D255
746.3800000000	n/a	n/a	STATUS	n/a	n/a	D205
746.4320000000	n/a	n/a	STATUS	n/a	n/a	D255
746.4680000000	n/a	n/a	STATUS	n/a	n/a	DI52
746.5200000000	n/a	n/a	STATUS	n/a	n/a	D255
746.8720000000	n/a	n/a	STATUS	n/a	n/a	DI42
746.9200000000	n/a	n/a	STATUS	n/a	n/a	D255
747.1800000000	n/a	n/a	STATUS	n/a	n/a	DIN5
747.2280000000	n/a	n/a	STATUS	n/a	n/a	D255
747.6840000000	n/a	n/a	STATUS	n/a	n/a	D122
747.7320000000	n/a	n/a	STATUS	n/a	n/a	D255
747.7720000000	n/a	n/a	STATUS	n/a	n/a	DI52
747.8200000000	n/a	n/a	STATUS	n/a	n/a	D255
748.1440000000	n/a	n/a	STATUS	n/a	n/a	DI42
748.1920000000	n/a	n/a	STATUS	n/a	n/a	D255
748.4520000000	n/a	n/a	STATUS	n/a	n/a	DIN5
748.5040000000	n/a	n/a	STATUS	n/a	n/a	D255
748.9320000000	n/a	n/a	STATUS	n/a	n/a	D103
748.9800000000	n/a	n/a	STATUS	n/a	n/a	D255
749.0200000000	n/a	n/a	STATUS	n/a	n/a	DI53
749.0680000000	n/a	n/a	STATUS	n/a	n/a	D255
749.3240000000	n/a	n/a	STATUS	n/a	n/a	DI43
749.3720000000	n/a	n/a	STATUS	n/a	n/a	D255
749.6320000000	n/a	n/a	STATUS	n/a	n/a	DIN5
749.6840000000	n/a	n/a	STATUS	n/a	n/a	D255
750.0720000000	n/a	n/a	STATUS	n/a	n/a	DI88
750.1240000000	n/a	n/a	STATUS	n/a	n/a	D255
750.1600000000	n/a	n/a	STATUS	n/a	n/a	DI51
750.2120000000	n/a	n/a	STATUS	n/a	n/a	D255
750.5880000000	n/a	n/a	STATUS	n/a	n/a	DI31
750.6400000000	n/a	n/a	STATUS	n/a	n/a	D255
750.8960000000	n/a	n/a	STATUS	n/a	n/a	DIN5
750.9480000000	n/a	n/a	STATUS	n/a	n/a	D255
751.4080000000	n/a	n/a	STATUS	n/a	n/a	D246
751.4600000000	n/a	n/a	STATUS	n/a	n/a	D255
751.4960000000	n/a	n/a	STATUS	n/a	n/a	DI51
751.5480000000	n/a	n/a	STATUS	n/a	n/a	D255
751.8240000000	n/a	n/a	STATUS	n/a	n/a	DI21
751.8720000000	n/a	n/a	STATUS	n/a	n/a	D255
751.8760000000	n/a	n/a	STATUS	n/a	n/a	DIN4
751.9280000000	n/a	n/a	STATUS	n/a	n/a	D255
752.6800000000	n/a	n/a	STATUS	n/a	n/a	DIN5
752.7320000000	n/a	n/a	STATUS	n/a	n/a	D255
753.0560000000	n/a	n/a	STATUS	n/a	n/a	D251
753.1080000000	n/a	n/a	STATUS	n/a	n/a	D255
753.1440000000	n/a	n/a	STATUS	n/a	n/a	DI52
753.1920000000	n/a	n/a	STATUS	n/a	n/a	D255
753.5680000000	n/a	n/a	STATUS	n/a	n/a	DI42
753.6160000000	n/a	n/a	STATUS	n/a	n/a	D255
762.2080000000	n/a	n/a	STATUS	n/a	n/a	DIN5
762.2560000000	n/a	n/a	STATUS	n/a	n/a	D255
762.6120000000	n/a	n/a	STATUS	n/a	n/a	D210
762.6640000000	n/a	n/a	STATUS	n/a	n/a	D255
762.7000000000	n/a	n/a	STATUS	n/a	n/a	DI54
762.7480000000	n/a	n/a	STATUS	n/a	n/a	D255
763.0520000000	n/a	n/a	STATUS	n/a	n/a	DI34
763.1040000000	n/a	n/a	STATUS	n/a	n/a	D255
763.3640000000	n/a	n/a	STATUS	n/a	n/a	DIN5
763.4120000000	n/a	n/a	STATUS	n/a	n/a	D255
763.8200000000	n/a	n/a	STATUS	n/a	n/a	D156
763.8720000000	n/a	n/a	STATUS	n/a	n/a	D255
763.9080000000	n/a	n/a	STATUS	n/a	n/a	DI53
763.9600000000	n/a	n/a	STATUS	n/a	n/a	D255
764.2240000000	n/a	n/a	STATUS	n/a	n/a	DI43
764.2760000000	n/a	n/a	STATUS	n/a	n/a	D255
764.5320000000	n/a	n/a	STATUS	n/a	n/a	DIN5
764.5840000000	n/a	n/a	STATUS	n/a	n/a	D255
764.9280000000	n/a	n/a	STATUS	n/a	n/a	D167
764.9760000000	n/a	n/a	STATUS	n/a	n/a	D255
765.0160000000	n/a	n/a	STATUS	n/a	n/a	DI51
765.0640000000	n/a	n/a	STATUS	n/a	n/a	D255
765.3800000000	n/a	n/a	STATUS	n/a	n/a	DI31
765.4280000000	n/a	n/a	STATUS	n/a	n/a	D255
765.6880000000	n/a	n/a	STATUS	n/a	n/a	DIN5
765.7400000000	n/a	n/a	STATUS	n/a	n/a	D255
766.1640000000	n/a	n/a	STATUS	n/a	n/a	D101
766.2120000000	n/a	n/a	STATUS	n/a	n/a	D255
766.2520000000	n/a	n/a	STATUS	n/a	n/a	DI53
766.3000000000	n/a	n/a	STATUS	n/a	n/a	D255
766.5240000000	n/a	n/a	STATUS	n/a	n/a	DI43
766.5720000000	n/a	n/a	STATUS	n/a	n/a	D255
766.8320000000	n/a	n/a	STATUS	n/a	n/a	DIN5
766.8800000000	n/a	n/a	STATUS	n/a	n/a	D255
767.3880000000	n/a	n/a	STATUS	n/a	n/a	DI68
767.4360000000	n/a	n/a	STATUS	n/a	n/a	D255
767.4720000000	n/a	n/a	STATUS	n/a	n/a	DI52
767.5240000000	n/a	n/a	STATUS	n/a	n/a	D255
767.8720000000	n/a	n/a	STATUS	n/a	n/a	DI42
767.9200000000	n/a	n/a	STATUS	n/a	n/a	D255
768.1800000000	n/a	n/a	STATUS	n/a	n/a	DIN5
768.2320000000	n/a	n/a	STATUS	n/a	n/a	D255
768.6640000000	n/a	n/a	STATUS	n/a	n/a	D132
768.7160000000	n/a	n/a	STATUS	n/a	n/a	D255
768.7520000000	n/a	n/a	STATUS	n/a	n/a	DI54
768.8040000000	n/a	n/a	STATUS	n/a	n/a	D255
769.0520000000	n/a	n/a	STATUS	n/a	n/a	DI34
769.1000000000	n/a	n/a	STATUS	n/a	n/a	D255
769.3600000000	n/a	n/a	STATUS	n/a	n/a	DIN5
769.4120000000	n/a	n/a	STATUS	n/a	n/a	D255
769.7560000000	n/a	n/a	STATUS	n/a	n/a	D125
769.8040000000	n/a	n/a	STATUS	n/a	n/a	D255
769.8440000000	n/a	n/a	STATUS	n/a	n/a	DI52
769.8920000000	n/a	n/a	STATUS	n/a	n/a	D255
770.1400000000	n/a	n/a	STATUS	n/a	n/a	DI12
770.1920000000	n/a	n/a	STATUS	n/a	n/a	D255
770.1960000000	n/a	n/a	STATUS	n/a	n/a	DIN4
770.2440000000	n/a	n/a	STATUS	n/a	n/a	D255
771.0000000000	n/a	n/a	STATUS	n/a	n/a	DIN5
771.0520000000	n/a	n/a	STATUS	n/a	n/a	D255
771.3640000000	n/a	n/a	STATUS	n/a	n/a	D229
771.4160000000	n/a	n/a	STATUS	n/a	n/a	D255
771.4520000000	n/a	n/a	STATUS	n/a	n/a	DI52
771.5040000000	n/a	n/a	STATUS	n/a	n/a	D255
771.8320000000	n/a	n/a	STATUS	n/a	n/a	DI42
771.8840000000	n/a	n/a	STATUS	n/a	n/a	D255
772.1400000000	n/a	n/a	STATUS	n/a	n/a	DIN5
772.1920000000	n/a	n/a	STATUS	n/a	n/a	D255
772.1920000000	n/a	n/a	STATUS	n/a	n/a	D197
772.5160000000	n/a	n/a	STATUS	n/a	n/a	DI73
772.5680000000	n/a	n/a	STATUS	n/a	n/a	D255
772.6040000000	n/a	n/a	STATUS	n/a	n/a	DI52
772.6520000000	n/a	n/a	STATUS	n/a	n/a	D255
772.9200000000	n/a	n/a	STATUS	n/a	n/a	DI42
772.9720000000	n/a	n/a	STATUS	n/a	n/a	D255
773.2280000000	n/a	n/a	STATUS	n/a	n/a	DIN5
773.2800000000	n/a	n/a	STATUS	n/a	n/a	D255
773.7680000000	n/a	n/a	STATUS	n/a	n/a	DI74
773.8200000000	n/a	n/a	STATUS	n/a	n/a	D255
773.8560000000	n/a	n/a	STATUS	n/a	n/a	DI54
773.9080000000	n/a	n/a	STATUS	n/a	n/a	D255
774.2000000000	n/a	n/a	STATUS	n/a	n/a	DI34
774.2480000000	n/a	n/a	STATUS	n/a	n/a	D255
774.5080000000	n/a	n/a	STATUS	n/a	n/a	DIN5
774.5600000000	n/a	n/a	STATUS	n/a	n/a	D255
775.0640000000	n/a	n/a	STATUS	n/a	n/a	D192
775.1120000000	n/a	n/a	STATUS	n/a	n/a	D255
775.1520000000	n/a	n/a	STATUS	n/a	n/a	DI53
775.2000000000	n/a	n/a	STATUS	n/a	n/a	D255
775.4240000000	n/a	n/a	STATUS	n/a	n/a	DI43
775.4720000000	n/a	n/a	STATUS	n/a	n/a	D255
775.7320000000	n/a	n/a	STATUS	n/a	n/a	DIN5
775.7840000000	n/a	n/a	STATUS	n/a	n/a	D255
776.1120000000	n/a	n/a	STATUS	n/a	n/a	D205
776.1600000000	n/a	n/a	STATUS	n/a	n/a	D255
776.2000000000	n/a	n/a	STATUS	n/a	n/a	DI54
776.2480000000	n/a	n/a	STATUS	n/a	n/a	D255
776.4800000000	n/a	n/a	STATUS	n/a	n/a	DI34
776.5280000000	n/a	n/a	STATUS	n/a	n/a	D255
776.7880000000	n/a	n/a	STATUS	n/a	n/a	DIN5
776.8400000000	n/a	n/a	STATUS	n/a	n/a	D255
777.1880000000	n/a	n/a	STATUS	n/a	n/a	D224
777.2400000000	n/a	n/a	STATUS	n/a	n/a	D255
777.2760000000	n/a	n/a	STATUS	n/a	n/a	DI53
777.3240000000	n/a	n/a	STATUS	n/a	n/a	D255
777.5400000000	n/a	n/a	STATUS	n/a	n/a	DI43
777.5920000000	n/a	n/a	STATUS	n/a	n/a	D255
777.8520000000	n/a	n/a	STATUS	n/a	n/a	DIN5
777.9000000000	n/a	n/a	STATUS	n/a	n/a	D255
778.2560000000	n/a	n/a	STATUS	n/a	n/a	D145
778.3040000000	n/a	n/a	STATUS	n/a	n/a	D255
778.3440000000	n/a	n/a	STATUS	n/a	n/a	DI54
778.3920000000	n/a	n/a	STATUS	n/a	n/a	D255
778.6240000000	n/a	n/a	STATUS	n/a	n/a	DI34
778.6720000000	n/a	n/a	STATUS	n/a	n/a	D255
778.9320000000	n/a	n/a	STATUS	n/a	n/a	DIN5
778.9840000000	n/a	n/a	STATUS	n/a	n/a	D255
779.4000000000	n/a	n/a	STATUS	n/a	n/a	D174
779.4520000000	n/a	n/a	STATUS	n/a	n/a	D255
779.4880000000	n/a	n/a	STATUS	n/a	n/a	DI53
779.5400000000	n/a	n/a	STATUS	n/a	n/a	D255
779.7520000000	n/a	n/a	STATUS	n/a	n/a	DI43
779.8000000000	n/a	n/a	STATUS	n/a	n/a	D255
780.0600000000	n/a	n/a	STATUS	n/a	n/a	DIN5
780.1120000000	n/a	n/a	STATUS	n/a	n/a	D255
780.5720000000	n/a	n/a	STATUS	n/a	n/a	D155
780.6240000000	n/a	n/a	STATUS	n/a	n/a	D255
780.6640000000	n/a	n/a	STATUS	n/a	n/a	DI53
780.7120000000	n/a	n/a	STATUS	n/a	n/a	D255
780.9160000000	n/a	n/a	STATUS	n/a	n/a	DI43
780.9680000000	n/a	n/a	STATUS	n/a	n/a	D255
781.2280000000	n/a	n/a	STATUS	n/a	n/a	DIN5
781.2760000000	n/a	n/a	STATUS	n/a	n/a	D255
781.5880000000	n/a	n/a	STATUS	n/a	n/a	D151
781.6360000000	n/a	n/a	STATUS	n/a	n/a	D255
781.6720000000	n/a	n/a	STATUS	n/a	n/a	DI54
781.7240000000	n/a	n/a	STATUS	n/a	n/a	D255
782.0040000000	n/a	n/a	STATUS	n/a	n/a	DI34
782.0560000000	n/a	n/a	STATUS	n/a	n/a	D255
782.3120000000	n/a	n/a	STATUS	n/a	n/a	DIN5
782.3640000000	n/a	n/a	STATUS	n/a	n/a	D255
782.7320000000	n/a	n/a	STATUS	n/a	n/a	D239
782.7840000000	n/a	n/a	STATUS	n/a	n/a	D255
782.8200000000	n/a	n/a	STATUS	n/a	n/a	DI54
782.8720000000	n/a	n/a	STATUS	n/a	n/a	D255
783.2120000000	n/a	n/a	STATUS	n/a	n/a	DI34
783.2640000000	n/a	n/a	STATUS	n/a	n/a	D255
783.5240000000	n/a	n/a	STATUS	n/a	n/a	DIN5
783.5720000000	n/a	n/a	STATUS	n/a	n/a	D255
784.0320000000	n/a	n/a	STATUS	n/a	n/a	D242
784.0840000000	n/a	n/a	STATUS	n/a	n/a	D255
784.1200000000	n/a	n/a	STATUS	n/a	n/a	DI52
784.1680000000	n/a	n/a	STATUS	n/a	n/a	D255
784.3960000000	n/a	n/a	STATUS	n/a	n/a	DI12
784.4440000000	n/a	n/a	STATUS	n/a	n/a	D255
784.4480000000	n/a	n/a	STATUS	n/a	n/a	DIN4
784.5000000000	n/a	n/a	STATUS	n/a	n/a	D255
785.2520000000	n/a	n/a	STATUS	n/a	n/a	DIN5
785.3040000000	n/a	n/a	STATUS	n/a	n/a	D255
785.7000000000	n/a	n/a	STATUS	n/a	n/a	D246
785.7480000000	n/a	n/a	STATUS	n/a	n/a	D255
785.7880000000	n/a	n/a	STATUS	n/a	n/a	DI51
785.8360000000	n/a	n/a	STATUS	n/a	n/a	D255
786.0440000000	n/a	n/a	STATUS	n/a	n/a	DI21
786.0920000000	n/a	n/a	STATUS	n/a	n/a	D255
786.1000000000	n/a	n/a	STATUS	n/a	n/a	DIN4
786.1480000000	n/a	n/a	STATUS	n/a	n/a	D255
786.9040000000	n/a	n/a	STATUS	n/a	n/a	DIN5
786.9520000000	n/a	n/a	STATUS	n/a	n/a	D255
787.2880000000	n/a	n/a	STATUS	n/a	n/a	DI89
787.3360000000	n/a	n/a	STATUS	n/a	n/a	D255
787.3720000000	n/a	n/a	STATUS	n/a	n/a	DI52
787.4240000000	n/a	n/a	STATUS	n/a	n/a	D255
787.7320000000	n/a	n/a	STATUS	n/a	n/a	DI42
787.7800000000	n/a	n/a	STATUS	n/a	n/a	D255
788.0400000000	n/a	n/a	STATUS	n/a	n/a	DIN5
788.0880000000	n/a	n/a	STATUS	n/a	n/a	D255
788.5160000000	n/a	n/a	STATUS	n/a	n/a	D254
788.5680000000	n/a	n/a	STATUS	n/a	n/a	D255
788.6040000000	n/a	n/a	STATUS	n/a	n/a	DI53
788.6560000000	n/a	n/a	STATUS	n/a	n/a	D255
788.9040000000	n/a	n/a	STATUS	n/a	n/a	DI43
788.9560000000	n/a	n/a	STATUS	n/a	n/a	D255
789.2120000000	n/a	n/a	STATUS	n/a	n/a	DIN5
789.2640000000	n/a	n/a	STATUS	n/a	n/a	D255
789.7240000000	n/a	n/a	STATUS	n/a	n/a	D215
789.7720000000	n/a	n/a	STATUS	n/a	n/a	D255
789.8120000000	n/a	n/a	STATUS	n/a	n/a	DI52
789.8600000000	n/a	n/a	STATUS	n/a	n/a	DI42
789.9120000000	n/a	n/a	STATUS	n/a	n/a	D255
790.1680000000	n/a	n/a	STATUS	n/a	n/a	DIN5
790.2200000000	n/a	n/a	STATUS	n/a	n/a	D255
790.6480000000	n/a	n/a	STATUS	n/a	n/a	DI84
790.7000000000	n/a	n/a	STATUS	n/a	n/a	D255
790.7360000000	n/a	n/a	STATUS	n/a	n/a	DI51
790.7880000000	n/a	n/a	STATUS	n/a	n/a	DI21
790.8400000000	n/a	n/a	STATUS	n/a	n/a	D255
790.8440000000	n/a	n/a	STATUS	n/a	n/a	DIN4
790.8920000000	n/a	n/a	STATUS	n/a	n/a	D255
791.6480000000	n/a	n/a	STATUS	n/a	n/a	DIN5
791.6960000000	n/a	n/a	STATUS	n/a	n/a	D255
792.0880000000	n/a	n/a	STATUS	n/a	n/a	D129
792.1360000000	n/a	n/a	STATUS	n/a	n/a	D255
792.1720000000	n/a	n/a	STATUS	n/a	n/a	DI52
792.2240000000	n/a	n/a	STATUS	n/a	n/a	DI42
792.2720000000	n/a	n/a	STATUS	n/a	n/a	D255
792.5320000000	n/a	n/a	STATUS	n/a	n/a	DIN5
792.5840000000	n/a	n/a	STATUS	n/a	n/a	D255
793.0800000000	n/a	n/a	STATUS	n/a	n/a	D150
793.1320000000	n/a	n/a	STATUS	n/a	n/a	D255
793.1680000000	n/a	n/a	STATUS	n/a	n/a	DI54
793.2200000000	n/a	n/a	STATUS	n/a	n/a	D255
794.2400000000	n/a	n/a	STATUS	n/a	n/a	DIN3
794.2920000000	n/a	n/a	STATUS	n/a	n/a	D255
795.0440000000	n/a	n/a	STATUS	n/a	n/a	DIN5
795.0960000000	n/a	n/a	STATUS	n/a	n/a	D255
795.5800000000	n/a	n/a	STATUS	n/a	n/a	D186
795.6320000000	n/a	n/a	STATUS	n/a	n/a	D255
795.6680000000	n/a	n/a	STATUS	n/a	n/a	DI54
795.7200000000	n/a	n/a	STATUS	n/a	n/a	D255
795.9880000000	n/a	n/a	STATUS	n/a	n/a	DI34
796.0360000000	n/a	n/a	STATUS	n/a	n/a	D255
796.2960000000	n/a	n/a	STATUS	n/a	n/a	DIN5
796.3480000000	n/a	n/a	STATUS	n/a	n/a	D255
796.7280000000	n/a	n/a	STATUS	n/a	n/a	D110
796.7760000000	n/a	n/a	STATUS	n/a	n/a	D255
796.8120000000	n/a	n/a	STATUS	n/a	n/a	DI51
796.8640000000	n/a	n/a	STATUS	n/a	n/a	D255
797.0520000000	n/a	n/a	STATUS	n/a	n/a	DI21
797.1000000000	n/a	n/a	STATUS	n/a	n/a	D255
797.1040000000	n/a	n/a	STATUS	n/a	n/a	DIN4
797.1560000000	n/a	n/a	STATUS	n/a	n/a	D255
797.9120000000	n/a	n/a	STATUS	n/a	n/a	DIN5
797.9600000000	n/a	n/a	STATUS	n/a	n/a	D255
798.4240000000	n/a	n/a	STATUS	n/a	n/a	D185
798.4760000000	n/a	n/a	STATUS	n/a	n/a	D255
798.5120000000	n/a	n/a	STATUS	n/a	n/a	DI51
798.5640000000	n/a	n/a	STATUS	n/a	n/a	D255
798.7920000000	n/a	n/a	STATUS	n/a	n/a	DI21
798.8400000000	n/a	n/a	STATUS	n/a	n/a	D255
798.8440000000	n/a	n/a	STATUS	n/a	n/a	DIN4
798.8960000000	n/a	n/a	STATUS	n/a	n/a	D255
799.6480000000	n/a	n/a	STATUS	n/a	n/a	DIN5
799.7000000000	n/a	n/a	STATUS	n/a	n/a	D255
800.0200000000	n/a	n/a	STATUS	n/a	n/a	D136
800.0680000000	n/a	n/a	STATUS	n/a	n/a	D255
800.1080000000	n/a	n/a	STATUS	n/a	n/a	DI54
800.1560000000	n/a	n/a	STATUS	n/a	n/a	D255
800.3760000000	n/a	n/a	STATUS	n/a	n/a	DI34
800.4240000000	n/a	n/a	STATUS	n/a	n/a	D255
800.6840000000	n/a	n/a	STATUS	n/a	n/a	DIN5
800.7320000000	n/a	n/a	STATUS	n/a	n/a	D255
801.0920000000	n/a	n/a	STATUS	n/a	n/a	DI86
801.1440000000	n/a	n/a	STATUS	n/a	n/a	D255
801.1800000000	n/a	n/a	STATUS	n/a	n/a	DI53
801.2320000000	n/a	n/a	STATUS	n/a	n/a	D255
801.4400000000	n/a	n/a	STATUS	n/a	n/a	DI43
801.4920000000	n/a	n/a	STATUS	n/a	n/a	D255
801.7520000000	n/a	n/a	STATUS	n/a	n/a	DIN5
801.8000000000	n/a	n/a	STATUS	n/a	n/a	D255
802.1040000000	n/a	n/a	STATUS	n/a	n/a	D250
802.1560000000	n/a	n/a	STATUS	n/a	n/a	D255
802.1920000000	n/a	n/a	STATUS	n/a	n/a	DI52
802.2400000000	n/a	n/a	STATUS	n/a	n/a	D255
802.6000000000	n/a	n/a	STATUS	n/a	n/a	DI42
802.6480000000	n/a	n/a	STATUS	n/a	n/a	D255
802.9080000000	n/a	n/a	STATUS	n/a	n/a	DIN5
802.9600000000	n/a	n/a	STATUS	n/a	n/a	D255
803.4240000000	n/a	n/a	STATUS	n/a	n/a	D190
803.4720000000	n/a	n/a	STATUS	n/a	n/a	D255
803.5120000000	n/a	n/a	STATUS	n/a	n/a	DI52
803.5600000000	n/a	n/a	STATUS	n/a	n/a	D255
803.8320000000	n/a	n/a	STATUS	n/a	n/a	DI42
803.8840000000	n/a	n/a	STATUS	n/a	n/a	D255
804.1440000000	n/a	n/a	STATUS	n/a	n/a	DIN5
804.1920000000	n/a	n/a	STATUS	n/a	n/a	D255
804.6160000000	n/a	n/a	STATUS	n/a	n/a	D122
804.6680000000	n/a	n/a	STATUS	n/a	n/a	D255
804.7040000000	n/a	n/a	STATUS	n/a	n/a	DI54
804.7560000000	n/a	n/a	STATUS	n/a	n/a	D255
805.0040000000	n/a	n/a	STATUS	n/a	n/a	DI34
805.0520000000	n/a	n/a	STATUS	n/a	n/a	D255
805.3120000000	n/a	n/a	STATUS	n/a	n/a	DIN5
805.3600000000	n/a	n/a	STATUS	n/a	n/a	D255
805.8400000000	n/a	n/a	STATUS	n/a	n/a	D123
805.8920000000	n/a	n/a	STATUS	n/a	n/a	D255
805.9280000000	n/a	n/a	STATUS	n/a	n/a	DI52
805.9800000000	n/a	n/a	STATUS	n/a	n/a	D255
806.1960000000	n/a	n/a	STATUS	n/a	n/a	DI12
806.2440000000	n/a	n/a	STATUS	n/a	n/a	D255
806.2480000000	n/a	n/a	STATUS	n/a	n/a	DIN4
806.3000000000	n/a	n/a	STATUS	n/a	n/a	D255
807.0560000000	n/a	n/a	STATUS	n/a	n/a	DIN5
807.1040000000	n/a	n/a	STATUS	n/a	n/a	D255
807.4240000000	n/a	n/a	STATUS	n/a	n/a	D157
807.4720000000	n/a	n/a	STATUS	n/a	n/a	D255
807.5120000000	n/a	n/a	STATUS	n/a	n/a	DI52
807.5600000000	n/a	n/a	STATUS	n/a	n/a	D255
807.7000000000	n/a	n/a	STATUS	n/a	n/a	DI42
807.7480000000	n/a	n/a	STATUS	n/a	n/a	D255
808.0080000000	n/a	n/a	STATUS	n/a	n/a	DIN5
808.0600000000	n/a	n/a	STATUS	n/a	n/a	D255
808.5440000000	n/a	n/a	STATUS	n/a	n/a	DI91
808.5920000000	n/a	n/a	STATUS	n/a	n/a	D255
808.6320000000	n/a	n/a	STATUS	n/a	n/a	DI51
808.6800000000	n/a	n/a	STATUS	n/a	n/a	D255
808.8960000000	n/a	n/a	STATUS	n/a	n/a	DI21
808.9480000000	n/a	n/a	STATUS	n/a	n/a	D255
808.9520000000	n/a	n/a	STATUS	n/a	n/a	DIN4
809.0000000000	n/a	n/a	STATUS	n/a	n/a	D255
809.7560000000	n/a	n/a	STATUS	n/a	n/a	DIN5
809.8080000000	n/a	n/a	STATUS	n/a	n/a	D255
810.2240000000	n/a	n/a	STATUS	n/a	n/a	D106
810.2760000000	n/a	n/a	STATUS	n/a	n/a	D255
810.3120000000	n/a	n/a	STATUS	n/a	n/a	DI54
810.3640000000	n/a	n/a	STATUS	n/a	n/a	D255
810.5760000000	n/a	n/a	STATUS	n/a	n/a	DI34
810.6280000000	n/a	n/a	STATUS	n/a	n/a	D255
810.8880000000	n/a	n/a	STATUS	n/a	n/a	DIN5
810.9360000000	n/a	n/a	STATUS	n/a	n/a	D255
811.3040000000	n/a	n/a	STATUS	n/a	n/a	D237
811.3560000000	n/a	n/a	STATUS	n/a	n/a	D255
811.3920000000	n/a	n/a	STATUS	n/a	n/a	DI54
811.4440000000	n/a	n/a	STATUS	n/a	n/a	D255
811.7160000000	n/a	n/a	STATUS	n/a	n/a	DI34
811.7680000000	n/a	n/a	STATUS	n/a	n/a	D255
812.0280000000	n/a	n/a	STATUS	n/a	n/a	DIN5
812.0760000000	n/a	n/a	STATUS	n/a	n/a	D255
812.4520000000	n/a	n/a	STATUS	n/a	n/a	D187
812.5000000000	n/a	n/a	STATUS	n/a	n/a	D255
812.5400000000	n/a	n/a	STATUS	n/a	n/a	DI51
812.5880000000	n/a	n/a	STATUS	n/a	n/a	D255
812.8120000000	n/a	n/a	STATUS	n/a	n/a	DI21
812.8640000000	n/a	n/a	STATUS	n/a	n/a	D255
812.8680000000	n/a	n/a	STATUS	n/a	n/a	DIN4
812.9200000000	n/a	n/a	STATUS	n/a	n/a	D255
813.6720000000	n/a	n/a	STATUS	n/a	n/a	DIN5
813.7240000000	n/a	n/a	STATUS	n/a	n/a	D255
814.0320000000	n/a	n/a	STATUS	n/a	n/a	D209
814.0840000000	n/a	n/a	STATUS	n/a	n/a	D255
814.1200000000	n/a	n/a	STATUS	n/a	n/a	DI53
814.1720000000	n/a	n/a	STATUS	n/a	n/a	D255
814.4040000000	n/a	n/a	STATUS	n/a	n/a	DI43
814.4520000000	n/a	n/a	STATUS	n/a	n/a	D255
814.7120000000	n/a	n/a	STATUS	n/a	n/a	DIN5
814.7600000000	n/a	n/a	STATUS	n/a	n/a	D255
815.1320000000	n/a	n/a	STATUS	n/a	n/a	D121
815.1800000000	n/a	n/a	STATUS	n/a	n/a	D255
815.2200000000	n/a	n/a	STATUS	n/a	n/a	DI51
815.2680000000	n/a	n/a	STATUS	n/a	n/a	D255
815.5440000000	n/a	n/a	STATUS	n/a	n/a	DI21
815.5920000000	n/a	n/a	STATUS	n/a	n/a	D255
815.5960000000	n/a	n/a	STATUS	n/a	n/a	DIN4
815.6480000000	n/a	n/a	STATUS	n/a	n/a	D255
816.4040000000	n/a	n/a	STATUS	n/a	n/a	DIN5
816.4520000000	n/a	n/a	STATUS	n/a	n/a	D255
816.9160000000	n/a	n/a	STATUS	n/a	n/a	D111
816.9680000000	n/a	n/a	STATUS	n/a	n/a	D255
817.0040000000	n/a	n/a	STATUS	n/a	n/a	DI52
817.0560000000	n/a	n/a	STATUS	n/a	n/a	D255
817.3000000000	n/a	n/a	STATUS	n/a	n/a	DI12
817.3520000000	n/a	n/a	STATUS	n/a	n/a	D255
817.3560000000	n/a	n/a	STATUS	n/a	n/a	DIN4
817.4040000000	n/a	n/a	STATUS	n/a	n/a	D255
818.1600000000	n/a	n/a	STATUS	n/a	n/a	DIN5
818.2120000000	n/a	n/a	STATUS	n/a	n/a	D255
818.5360000000	n/a	n/a	STATUS	n/a	n/a	D120
818.5840000000	n/a	n/a	STATUS	n/a	n/a	D255
818.6200000000	n/a	n/a	STATUS	n/a	n/a	DI54
818.6720000000	n/a	n/a	STATUS	n/a	n/a	D255
818.9200000000	n/a	n/a	STATUS	n/a	n/a	DI34
818.9720000000	n/a	n/a	STATUS	n/a	n/a	D255
819.2280000000	n/a	n/a	STATUS	n/a	n/a	DIN5
819.2800000000	n/a	n/a	STATUS	n/a	n/a	D255
819.7200000000	n/a	n/a	STATUS	n/a	n/a	D154
819.7680000000	n/a	n/a	STATUS	n/a	n/a	D255
819.8080000000	n/a	n/a	STATUS	n/a	n/a	DI54
819.8560000000	n/a	n/a	STATUS	n/a	n/a	D255
820.0840000000	n/a	n/a	STATUS	n/a	n/a	DI34
820.1320000000	n/a	n/a	STATUS	n/a	n/a	D255
820.3920000000	n/a	n/a	STATUS	n/a	n/a	DIN5
820.4440000000	n/a	n/a	STATUS	n/a	n/a	D255
820.7680000000	n/a	n/a	STATUS	n/a	n/a	D241
820.8160000000	n/a	n/a	STATUS	n/a	n/a	D255
820.8560000000	n/a	n/a	STATUS	n/a	n/a	DI54
820.9040000000	n/a	n/a	STATUS	n/a	n/a	D255
821.1240000000	n/a	n/a	STATUS	n/a	n/a	DI34
821.1760000000	n/a	n/a	STATUS	n/a	n/a	D255
821.4360000000	n/a	n/a	STATUS	n/a	n/a	DIN5
821.4840000000	n/a	n/a	STATUS	n/a	n/a	D255
821.8600000000	n/a	n/a	STATUS	n/a	n/a	D134
821.9080000000	n/a	n/a	STATUS	n/a	n/a	D255
821.9480000000	n/a	n/a	STATUS	n/a	n/a	DI52
821.9960000000	n/a	n/a	STATUS	n/a	n/a	D255
822.2720000000	n/a	n/a	STATUS	n/a	n/a	DI42
822.3200000000	n/a	n/a	STATUS	n/a	n/a	D255
822.5800000000	n/a	n/a	STATUS	n/a	n/a	DIN5
822.6280000000	n/a	n/a	STATUS	n/a	n/a	D255
823.0960000000	n/a	n/a	STATUS	n/a	n/a	D220
823.1440000000	n/a	n/a	STATUS	n/a	n/a	D255
823.1800000000	n/a	n/a	STATUS	n/a	n/a	DI51
823.2320000000	n/a	n/a	STATUS	n/a	n/a	D255
823.4320000000	n/a	n/a	STATUS	n/a	n/a	DI21
823.4800000000	n/a	n/a	STATUS	n/a	n/a	D255
823.4840000000	n/a	n/a	STATUS	n/a	n/a	DIN4
823.5360000000	n/a	n/a	STATUS	n/a	n/a	D255
824.2920000000	n/a	n/a	STATUS	n/a	n/a	DIN5
824.3400000000	n/a	n/a	STATUS	n/a	n/a	D255
824.8080000000	n/a	n/a	STATUS	n/a	n/a	D164
824.8600000000	n/a	n/a	STATUS	n/a	n/a	D255
824.8960000000	n/a	n/a	STATUS	n/a	n/a	DI51
824.9480000000	n/a	n/a	STATUS	n/a	n/a	D255
825.1880000000	n/a	n/a	STATUS	n/a	n/a	DI21
825.2360000000	n/a	n/a	STATUS	n/a	n/a	D255
825.2400000000	n/a	n/a	STATUS	n/a	n/a	DIN4
825.2920000000	n/a	n/a	STATUS	n/a	n/a	D255
826.0440000000	n/a	n/a	STATUS	n/a	n/a	DIN5
826.0960000000	n/a	n/a	STATUS	n/a	n/a	D255
826.4440000000	n/a	n/a	STATUS	n/a	n/a	D144
826.4960000000	n/a	n/a	STATUS	n/a	n/a	D255
826.5320000000	n/a	n/a	STATUS	n/a	n/a	DI51
826.5840000000	n/a	n/a	STATUS	n/a	n/a	D255
826.8080000000	n/a	n/a	STATUS	n/a	n/a	DI21
826.8560000000	n/a	n/a	STATUS	n/a	n/a	D255
826.8600000000	n/a	n/a	STATUS	n/a	n/a	DIN4
826.9120000000	n/a	n/a	STATUS	n/a	n/a	D255
827.6640000000	n/a	n/a	STATUS	n/a	n/a	DIN5
827.7160000000	n/a	n/a	STATUS	n/a	n/a	D255
828.1640000000	n/a	n/a	STATUS	n/a	n/a	D198
828.2160000000	n/a	n/a	STATUS	n/a	n/a	D255
828.2520000000	n/a	n/a	STATUS	n/a	n/a	DI51
828.3040000000	n/a	n/a	STATUS	n/a	n/a	D255
828.6400000000	n/a	n/a	STATUS	n/a	n/a	DI31
828.6880000000	n/a	n/a	STATUS	n/a	n/a	D255
828.9480000000	n/a	n/a	STATUS	n/a	n/a	DIN5
828.9960000000	n/a	n/a	STATUS	n/a	n/a	D255
829.3440000000	n/a	n/a	STATUS	n/a	n/a	D193
829.3920000000	n/a	n/a	STATUS	n/a	n/a	D255
829.4280000000	n/a	n/a	STATUS	n/a	n/a	DI53
829.4800000000	n/a	n/a	STATUS	n/a	n/a	D255
829.7280000000	n/a	n/a	STATUS	n/a	n/a	DI43
829.7760000000	n/a	n/a	STATUS	n/a	n/a	D255
830.0360000000	n/a	n/a	STATUS	n/a	n/a	DIN5
830.0880000000	n/a	n/a	STATUS	n/a	n/a	D255
830.5840000000	n/a	n/a	STATUS	n/a	n/a	D153
830.6360000000	n/a	n/a	STATUS	n/a	n/a	D255
830.6720000000	n/a	n/a	STATUS	n/a	n/a	DI52
830.7240000000	n/a	n/a	STATUS	n/a	n/a	D255
830.9280000000	n/a	n/a	STATUS	n/a	n/a	DI12
830.9800000000	n/a	n/a	STATUS	n/a	n/a	D255
830.9840000000	n/a	n/a	STATUS	n/a	n/a	DIN4
831.0360000000	n/a	n/a	STATUS	n/a	n/a	D255
831.7880000000	n/a	n/a	STATUS	n/a	n/a	DIN5
831.8400000000	n/a	n/a	STATUS	n/a	n/a	D255
832.3200000000	n/a	n/a	STATUS	n/a	n/a	D139
832.3680000000	n/a	n/a	STATUS	n/a	n/a	D255
832.4080000000	n/a	n/a	STATUS	n/a	n/a	DI53
832.4560000000	n/a	n/a	STATUS	n/a	n/a	D255
832.6920000000	n/a	n/a	STATUS	n/a	n/a	DI43
832.7400000000	n/a	n/a	STATUS	n/a	n/a	D255
833.0000000000	n/a	n/a	STATUS	n/a	n/a	DIN5
833.0520000000	n/a	n/a	STATUS	n/a	n/a	D255
833.4400000000	n/a	n/a	STATUS	n/a	n/a	D238
833.4920000000	n/a	n/a	STATUS	n/a	n/a	D255
833.5280000000	n/a	n/a	STATUS	n/a	n/a	DI52
833.5800000000	n/a	n/a	STATUS	n/a	n/a	D255
833.9040000000	n/a	n/a	STATUS	n/a	n/a	DI42
833.9560000000	n/a	n/a	STATUS	n/a	n/a	D255
834.2120000000	n/a	n/a	STATUS	n/a	n/a	DIN5
834.2640000000	n/a	n/a	STATUS	n/a	n/a	D255
834.6520000000	n/a	n/a	STATUS	n/a	n/a	D233
834.7040000000	n/a	n/a	STATUS	n/a	n/a	D255
834.7400000000	n/a	n/a	STATUS	n/a	n/a	DI51
834.7920000000	n/a	n/a	STATUS	n/a	n/a	D255
835.0040000000	n/a	n/a	STATUS	n/a	n/a	DI21
835.0560000000	n/a	n/a	STATUS	n/a	n/a	D255
835.0600000000	n/a	n/a	STATUS	n/a	n/a	DIN4
835.1080000000	n/a	n/a	STATUS	n/a	n/a	D255
835.8640000000	n/a	n/a	STATUS	n/a	n/a	DIN5
835.9160000000	n/a	n/a	STATUS	n/a	n/a	D255
836.3240000000	n/a	n/a	STATUS	n/a	n/a	D109
836.3760000000	n/a	n/a	STATUS	n/a	n/a	D255
836.4120000000	n/a	n/a	STATUS	n/a	n/a	DI54
836.4640000000	n/a	n/a	STATUS	n/a	n/a	D255
836.5680000000	n/a	n/a	STATUS	n/a	n/a	DI34
836.6160000000	n/a	n/a	STATUS	n/a	n/a	D255
836.8760000000	n/a	n/a	STATUS	n/a	n/a	DIN5
836.9280000000	n/a	n/a	STATUS	n/a	n/a	D255
836.9280000000	n/a	n/a	STATUS	n/a	n/a	D197
837.3520000000	n/a	n/a	STATUS	n/a	n/a	D179
837.4000000000	n/a	n/a	STATUS	n/a	n/a	D255
837.4400000000	n/a	n/a	STATUS	n/a	n/a	DI51
837.4880000000	n/a	n/a	STATUS	n/a	n/a	D255
837.7000000000	n/a	n/a	STATUS	n/a	n/a	DI21
837.7520000000	n/a	n/a	STATUS	n/a	n/a	D255
837.7560000000	n/a	n/a	STATUS	n/a	n/a	DIN4
837.8040000000	n/a	n/a	STATUS	n/a	n/a	D255
838.5600000000	n/a	n/a	STATUS	n/a	n/a	DIN5
838.6080000000	n/a	n/a	STATUS	n/a	n/a	D255
838.9280000000	n/a	n/a	STATUS	n/a	n/a	D169
838.9800000000	n/a	n/a	STATUS	n/a	n/a	D255
839.0160000000	n/a	n/a	STATUS	n/a	n/a	DI51
839.0680000000	n/a	n/a	STATUS	n/a	n/a	D255
839.3720000000	n/a	n/a	STATUS	n/a	n/a	DI31
839.4240000000	n/a	n/a	STATUS	n/a	n/a	D255
839.6840000000	n/a	n/a	STATUS	n/a	n/a	DIN5
839.7320000000	n/a	n/a	STATUS	n/a	n/a	D255
840.2320000000	n/a	n/a	STATUS	n/a	n/a	D211
840.2840000000	n/a	n/a	STATUS	n/a	n/a	D255
840.3200000000	n/a	n/a	STATUS	n/a	n/a	DI51
840.3680000000	n/a	n/a	STATUS	n/a	n/a	D255
840.7120000000	n/a	n/a	STATUS	n/a	n/a	DI31
840.7640000000	n/a	n/a	STATUS	n/a	n/a	D255
841.0240000000	n/a	n/a	STATUS	n/a	n/a	DIN5
841.0720000000	n/a	n/a	STATUS	n/a	n/a	D255
841.3920000000	n/a	n/a	STATUS	n/a	n/a	DI66
841.4440000000	n/a	n/a	STATUS	n/a	n/a	D255
841.4800000000	n/a	n/a	STATUS	n/a	n/a	DI51
841.5320000000	n/a	n/a	STATUS	n/a	n/a	D255
841.8720000000	n/a	n/a	STATUS	n/a	n/a	DI31
841.9200000000	n/a	n/a	STATUS	n/a	n/a	D255
842.1800000000	n/a	n/a	STATUS	n/a	n/a	DIN5
842.2280000000	n/a	n/a	STATUS	n/a	n/a	D255
842.5400000000	n/a	n/a	STATUS	n/a	n/a	DI70
842.5880000000	n/a	n/a	STATUS	n/a	n/a	D255
842.6280000000	n/a	n/a	STATUS	n/a	n/a	DI53
842.6760000000	n/a	n/a	STATUS	n/a	n/a	D255
842.9360000000	n/a	n/a	STATUS	n/a	n/a	DI43
842.9880000000	n/a	n/a	STATUS	n/a	n/a	D255
843.2480000000	n/a	n/a	STATUS	n/a	n/a	DIN5
843.2960000000	n/a	n/a	STATUS	n/a	n/a	D255
843.6400000000	n/a	n/a	STATUS	n/a	n/a	D177
843.6920000000	n/a	n/a	STATUS	n/a	n/a	D255
843.7280000000	n/a	n/a	STATUS	n/a	n/a	DI53
843.7800000000	n/a	n/a	STATUS	n/a	n/a	D255
844.0760000000	n/a	n/a	STATUS	n/a	n/a	DI43
844.1280000000	n/a	n/a	STATUS	n/a	n/a	D255
844.3880000000	n/a	n/a	STATUS	n/a	n/a	DIN5
844.4360000000	n/a	n/a	STATUS	n/a	n/a	D255
844.8520000000	n/a	n/a	STATUS	n/a	n/a	D171
844.9000000000	n/a	n/a	STATUS	n/a	n/a	D255
844.9400000000	n/a	n/a	STATUS	n/a	n/a	DI53
844.9880000000	n/a	n/a	STATUS	n/a	n/a	D255
845.2320000000	n/a	n/a	STATUS	n/a	n/a	DI43
845.2840000000	n/a	n/a	STATUS	n/a	n/a	D255
845.5440000000	n/a	n/a	STATUS	n/a	n/a	DIN5
845.5920000000	n/a	n/a	STATUS	n/a	n/a	D255
845.9480000000	n/a	n/a	STATUS	n/a	n/a	D105
845.9960000000	n/a	n/a	STATUS	n/a	n/a	D255
846.0360000000	n/a	n/a	STATUS	n/a	n/a	DI52
846.0880000000	n/a	n/a	STATUS	n/a	n/a	D255
846.4080000000	n/a	n/a	STATUS	n/a	n/a	DI42
846.4600000000	n/a	n/a	STATUS	n/a	n/a	D255
846.7200000000	n/a	n/a	STATUS	n/a	n/a	DIN5
846.7680000000	n/a	n/a	STATUS	n/a	n/a	D255
847.1240000000	n/a	n/a	STATUS	n/a	n/a	D149
847.1720000000	n/a	n/a	STATUS	n/a	n/a	D255
847.2120000000	n/a	n/a	STATUS	n/a	n/a	DI52
847.2600000000	n/a	n/a	STATUS	n/a	n/a	D255
847.5160000000	n/a	n/a	STATUS	n/a	n/a	DI12
847.5680000000	n/a	n/a	STATUS	n/a	n/a	D255
847.5720000000	n/a	n/a	STATUS	n/a	n/a	DIN4
847.6200000000	n/a	n/a	STATUS	n/a	n/a	D255
848.3760000000	n/a	n/a	STATUS	n/a	n/a	DIN5
848.4280000000	n/a	n/a	STATUS	n/a	n/a	D255
848.7480000000	n/a	n/a	STATUS	n/a	n/a	D148
848.7960000000	n/a	n/a	STATUS	n/a	n/a	D255
848.8360000000	n/a	n/a	STATUS	n/a	n/a	DI51
848.8840000000	n/a	n/a	STATUS	n/a	n/a	DI21
848.9360000000	n/a	n/a	STATUS	n/a	n/a	D255
848.9400000000	n/a	n/a	STATUS	n/a	n/a	DIN4
848.9880000000	n/a	n/a	STATUS	n/a	n/a	D255
849.7440000000	n/a	n/a	STATUS	n/a	n/a	DIN5
849.7920000000	n/a	n/a	STATUS	n/a	n/a	D255
850.2640000000	n/a	n/a	STATUS	n/a	n/a	D226
850.3120000000	n/a	n/a	STATUS	n/a	n/a	D255
850.3520000000	n/a	n/a	STATUS	n/a	n/a	DI52
850.4000000000	n/a	n/a	STATUS	n/a	n/a	D255
850.6200000000	n/a	n/a	STATUS	n/a	n/a	DI12
850.6720000000	n/a	n/a	STATUS	n/a	n/a	D255
850.6760000000	n/a	n/a	STATUS	n/a	n/a	DIN4
850.7280000000	n/a	n/a	STATUS	n/a	n/a	D255
851.4800000000	n/a	n/a	STATUS	n/a	n/a	DIN5
851.5320000000	n/a	n/a	STATUS	n/a	n/a	D255
851.5320000000	n/a	n/a	STATUS	n/a	n/a	D239
851.9160000000	n/a	n/a	STATUS	n/a	n/a	D223
851.9640000000	n/a	n/a	STATUS	n/a	n/a	D255
852.0040000000	n/a	n/a	STATUS	n/a	n/a	DI54
852.0520000000	n/a	n/a	STATUS	n/a	n/a	D255
852.3120000000	n/a	n/a	STATUS	n/a	n/a	DI34
852.3640000000	n/a	n/a	STATUS	n/a	n/a	D255
852.6240000000	n/a	n/a	STATUS	n/a	n/a	DIN5
852.6720000000	n/a	n/a	STATUS	n/a	n/a	D255
853.0040000000	n/a	n/a	STATUS	n/a	n/a	DI75
853.0520000000	n/a	n/a	STATUS	n/a	n/a	D255
853.0920000000	n/a	n/a	STATUS	n/a	n/a	DI51
853.1400000000	n/a	n/a	STATUS	n/a	n/a	D255
853.4600000000	n/a	n/a	STATUS	n/a	n/a	DI31
853.5120000000	n/a	n/a	STATUS	n/a	n/a	D255
853.7680000000	n/a	n/a	STATUS	n/a	n/a	DIN5
853.8200000000	n/a	n/a	STATUS	n/a	n/a	D255
854.1600000000	n/a	n/a	STATUS	n/a	n/a	D219
854.2080000000	n/a	n/a	STATUS	n/a	n/a	D255
854.2480000000	n/a	n/a	STATUS	n/a	n/a	DI53
854.2960000000	n/a	n/a	STATUS	n/a	n/a	D255
854.5840000000	n/a	n/a	STATUS	n/a	n/a	DI13
854.6320000000	n/a	n/a	STATUS	n/a	n/a	D255
854.6360000000	n/a	n/a	STATUS	n/a	n/a	DIN4
854.6880000000	n/a	n/a	STATUS	n/a	n/a	D255
855.4440000000	n/a	n/a	STATUS	n/a	n/a	DIN5
855.4920000000	n/a	n/a	STATUS	n/a	n/a	D255
855.8160000000	n/a	n/a	STATUS	n/a	n/a	DI81
855.8680000000	n/a	n/a	STATUS	n/a	n/a	D255
855.9040000000	n/a	n/a	STATUS	n/a	n/a	DI52
855.9560000000	n/a	n/a	STATUS	n/a	n/a	D255
856.2640000000	n/a	n/a	STATUS	n/a	n/a	DI42
856.3160000000	n/a	n/a	STATUS	n/a	n/a	D255
856.5720000000	n/a	n/a	STATUS	n/a	n/a	DIN5
856.6240000000	n/a	n/a	STATUS	n/a	n/a	D255
857.0040000000	n/a	n/a	STATUS	n/a	n/a	D178
857.0520000000	n/a	n/a	STATUS	n/a	n/a	D255
857.0920000000	n/a	n/a	STATUS	n/a	n/a	DI53
857.1400000000	n/a	n/a	STATUS	n/a	n/a	D255
857.3880000000	n/a	n/a	STATUS	n/a	n/a	DI43
857.4360000000	n/a	n/a	STATUS	n/a	n/a	D255
857.6960000000	n/a	n/a	STATUS	n/a	n/a	DIN5
857.7480000000	n/a	n/a	STATUS	n/a	n/a	D255
858.0960000000	n/a	n/a	STATUS	n/a	n/a	D222
858.1480000000	n/a	n/a	STATUS	n/a	n/a	D255
858.1840000000	n/a	n/a	STATUS	n/a	n/a	DI51
858.2360000000	n/a	n/a	STATUS	n/a	n/a	D255
858.4480000000	n/a	n/a	STATUS	n/a	n/a	DI21
858.4960000000	n/a	n/a	STATUS	n/a	n/a	D255
858.5000000000	n/a	n/a	STATUS	n/a	n/a	DIN4
858.5520000000	n/a	n/a	STATUS	n/a	n/a	D255
859.3040000000	n/a	n/a	STATUS	n/a	n/a	DIN5
859.3560000000	n/a	n/a	STATUS	n/a	n/a	D255
859.7160000000	n/a	n/a	STATUS	n/a	n/a	D200
859.7640000000	n/a	n/a	STATUS	n/a	n/a	D255
859.8040000000	n/a	n/a	STATUS	n/a	n/a	DI51
859.8520000000	n/a	n/a	STATUS	n/a	n/a	D255
860.0960000000	n/a	n/a	STATUS	n/a	n/a	DI21
860.1440000000	n/a	n/a	STATUS	n/a	n/a	D255
860.1480000000	n/a	n/a	STATUS	n/a	n/a	DIN4
860.2000000000	n/a	n/a	STATUS	n/a	n/a	D255
860.9560000000	n/a	n/a	STATUS	n/a	n/a	DIN5
861.0040000000	n/a	n/a	STATUS	n/a	n/a	D255
861.4600000000	n/a	n/a	STATUS	n/a	n/a	D130
861.5080000000	n/a	n/a	STATUS	n/a	n/a	D255
861.5480000000	n/a	n/a	STATUS	n/a	n/a	DI51
861.5960000000	n/a	n/a	STATUS	n/a	n/a	DI31
861.6480000000	n/a	n/a	STATUS	n/a	n/a	D255
861.9040000000	n/a	n/a	STATUS	n/a	n/a	DIN5
861.9560000000	n/a	n/a	STATUS	n/a	n/a	D255
862.2640000000	n/a	n/a	STATUS	n/a	n/a	D131
862.3160000000	n/a	n/a	STATUS	n/a	n/a	D255
862.3520000000	n/a	n/a	STATUS	n/a	n/a	DI52
862.4040000000	n/a	n/a	STATUS	n/a	n/a	D255
862.6040000000	n/a	n/a	STATUS	n/a	n/a	DI12
862.6560000000	n/a	n/a	STATUS	n/a	n/a	D255
862.6600000000	n/a	n/a	STATUS	n/a	n/a	DIN4
862.7120000000	n/a	n/a	STATUS	n/a	n/a	D255
863.4640000000	n/a	n/a	STATUS	n/a	n/a	DIN5
863.5160000000	n/a	n/a	STATUS	n/a	n/a	D255
863.8400000000	n/a	n/a	STATUS	n/a	n/a	D243
863.8880000000	n/a	n/a	STATUS	n/a	n/a	D255
863.9280000000	n/a	n/a	STATUS	n/a	n/a	DI52
863.9760000000	n/a	n/a	STATUS	n/a	n/a	D255
864.2800000000	n/a	n/a	STATUS	n/a	n/a	DI42
864.3320000000	n/a	n/a	STATUS	n/a	n/a	D255
864.5880000000	n/a	n/a	STATUS	n/a	n/a	DIN5
864.6400000000	n/a	n/a	STATUS	n/a	n/a	D255
865.0800000000	n/a	n/a	STATUS	n/a	n/a	D107
865.1280000000	n/a	n/a	STATUS	n/a	n/a	D255
865.1680000000	n/a	n/a	STATUS	n/a	n/a	DI54
865.2160000000	n/a	n/a	STATUS	n/a	n/a	D255
865.4760000000	n/a	n/a	STATUS	n/a	n/a	DI34
865.5280000000	n/a	n/a	STATUS	n/a	n/a	D255
865.7880000000	n/a	n/a	STATUS	n/a	n/a	DIN5
865.8360000000	n/a	n/a	STATUS	n/a	n/a	D255
866.3240000000	n/a	n/a	STATUS	n/a	n/a	D142
866.3760000000	n/a	n/a	STATUS	n/a	n/a	D255
866.4120000000	n/a	n/a	STATUS	n/a	n/a	DI52
866.4640000000	n/a	n/a	STATUS	n/a	n/a	D255
866.6800000000	n/a	n/a	STATUS	n/a	n/a	DI12
866.7320000000	n/a	n/a	STATUS	n/a	n/a	D255
866.7360000000	n/a	n/a	STATUS	n/a	n/a	DIN4
866.7840000000	n/a	n/a	STATUS	n/a	n/a	D255
867.5400000000	n/a	n/a	STATUS	n/a	n/a	DIN5
867.5880000000	n/a	n/a	STATUS	n/a	n/a	D255
868.0520000000	n/a	n/a	STATUS	n/a	n/a	D225
868.1040000000	n/a	n/a	STATUS	n/a	n/a	D255
868.1400000000	n/a	n/a	STATUS	n/a	n/a	DI54
868.1920000000	n/a	n/a	STATUS	n/a	n/a	D255
868.4320000000	n/a	n/a	STATUS	n/a	n/a	DI34
868.4840000000	n/a	n/a	STATUS	n/a	n/a	D255
868.7400000000	n/a	n/a	STATUS	n/a	n/a	DIN5
868.7920000000	n/a	n/a	STATUS	n/a	n/a	D255
869.2040000000	n/a	n/a	STATUS	n/a	n/a	D221
869.2560000000	n/a	n/a	STATUS	n/a	n/a	D255
869.2920000000	n/a	n/a	STATUS	n/a	n/a	DI53
869.3440000000	n/a	n/a	STATUS	n/a	n/a	D255
869.6680000000	n/a	n/a	STATUS	n/a	n/a	DI43
869.7160000000	n/a	n/a	STATUS	n/a	n/a	D255
869.9760000000	n/a	n/a	STATUS	n/a	n/a	DIN5
870.0240000000	n/a	n/a	STATUS	n/a	n/a	D255
870.4640000000	n/a	n/a	STATUS	n/a	n/a	D165
870.5160000000	n/a	n/a	STATUS	n/a	n/a	D255
870.5520000000	n/a	n/a	STATUS	n/a	n/a	DI54
870.6040000000	n/a	n/a	STATUS	n/a	n/a	D255
870.8640000000	n/a	n/a	STATUS	n/a	n/a	DI34
870.9120000000	n/a	n/a	STATUS	n/a	n/a	D255
871.1720000000	n/a	n/a	STATUS	n/a	n/a	DIN5
871.2240000000	n/a	n/a	STATUS	n/a	n/a	D255
871.6960000000	n/a	n/a	STATUS	n/a	n/a	D218
871.7480000000	n/a	n/a	STATUS	n/a	n/a	D255
871.7840000000	n/a	n/a	STATUS	n/a	n/a	DI53
871.8320000000	n/a	n/a	STATUS	n/a	n/a	D255
872.0480000000	n/a	n/a	STATUS	n/a	n/a	DI43
872.0960000000	n/a	n/a	STATUS	n/a	n/a	D255
872.3560000000	n/a	n/a	STATUS	n/a	n/a	DIN5
872.4040000000	n/a	n/a	STATUS	n/a	n/a	D255
872.7880000000	n/a	n/a	STATUS	n/a	n/a	D126
872.8400000000	n/a	n/a	STATUS	n/a	n/a	D255
872.8760000000	n/a	n/a	STATUS	n/a	n/a	DI53
872.9280000000	n/a	n/a	STATUS	n/a	n/a	D255
873.2360000000	n/a	n/a	STATUS	n/a	n/a	DI43
873.2880000000	n/a	n/a	STATUS	n/a	n/a	D255
873.5440000000	n/a	n/a	STATUS	n/a	n/a	DIN5
873.5960000000	n/a	n/a	STATUS	n/a	n/a	D255
873.9440000000	n/a	n/a	STATUS	n/a	n/a	D160
873.9960000000	n/a	n/a	STATUS	n/a	n/a	D255
874.0320000000	n/a	n/a	STATUS	n/a	n/a	DI53
874.0840000000	n/a	n/a	STATUS	n/a	n/a	D255
874.4120000000	n/a	n/a	STATUS	n/a	n/a	DI43
874.4640000000	n/a	n/a	STATUS	n/a	n/a	D255
874.7200000000	n/a	n/a	STATUS	n/a	n/a	DIN5
874.7720000000	n/a	n/a	STATUS	n/a	n/a	D255
875.0760000000	n/a	n/a	STATUS	n/a	n/a	D204
875.1280000000	n/a	n/a	STATUS	n/a	n/a	D255
875.1640000000	n/a	n/a	STATUS	n/a	n/a	DI53
875.2160000000	n/a	n/a	STATUS	n/a	n/a	D255
875.5400000000	n/a	n/a	STATUS	n/a	n/a	DI43
875.5880000000	n/a	n/a	STATUS	n/a	n/a	D255
875.8480000000	n/a	n/a	STATUS	n/a	n/a	DIN5
875.8960000000	n/a	n/a	STATUS	n/a	n/a	D255
876.2880000000	n/a	n/a	STATUS	n/a	n/a	D208
876.3360000000	n/a	n/a	STATUS	n/a	n/a	D255
876.3760000000	n/a	n/a	STATUS	n/a	n/a	DI53
876.4240000000	n/a	n/a	STATUS	n/a	n/a	D255
876.6880000000	n/a	n/a	STATUS	n/a	n/a	DI43
876.7360000000	n/a	n/a	STATUS	n/a	n/a	D255
876.9960000000	n/a	n/a	STATUS	n/a	n/a	DIN5
877.0480000000	n/a	n/a	STATUS	n/a	n/a	D255
877.3560000000	n/a	n/a	STATUS	n/a	n/a	D143
877.4080000000	n/a	n/a	STATUS	n/a	n/a	D255
877.4440000000	n/a	n/a	STATUS	n/a	n/a	DI54
877.4960000000	n/a	n/a	STATUS	n/a	n/a	D255
877.8160000000	n/a	n/a	STATUS	n/a	n/a	DI24
877.8640000000	n/a	n/a	STATUS	n/a	n/a	D255
877.8680000000	n/a	n/a	STATUS	n/a	n/a	DIN4
877.9200000000	n/a	n/a	STATUS	n/a	n/a	D255
878.6760000000	n/a	n/a	STATUS	n/a	n/a	DIN5
878.7240000000	n/a	n/a	STATUS	n/a	n/a	D255
879.0400000000	n/a	n/a	STATUS	n/a	n/a	D188
879.0880000000	n/a	n/a	STATUS	n/a	n/a	D255
879.1280000000	n/a	n/a	STATUS	n/a	n/a	DI54
879.1760000000	n/a	n/a	STATUS	n/a	n/a	D255
879.4160000000	n/a	n/a	STATUS	n/a	n/a	DI34
879.4680000000	n/a	n/a	STATUS	n/a	n/a	D255
879.7240000000	n/a	n/a	STATUS	n/a	n/a	DIN5
879.7760000000	n/a	n/a	STATUS	n/a	n/a	D255
880.1440000000	n/a	n/a	STATUS	n/a	n/a	D147
880.1960000000	n/a	n/a	STATUS	n/a	n/a	D255
880.2320000000	n/a	n/a	STATUS	n/a	n/a	DI53
880.2840000000	n/a	n/a	STATUS	n/a	n/a	D255
880.5960000000	n/a	n/a	STATUS	n/a	n/a	DI43
880.6480000000	n/a	n/a	STATUS	n/a	n/a	D255
880.9080000000	n/a	n/a	STATUS	n/a	n/a	DIN5
880.9560000000	n/a	n/a	STATUS	n/a	n/a	D255
881.4400000000	n/a	n/a	STATUS	n/a	n/a	D248
881.4920000000	n/a	n/a	STATUS	n/a	n/a	D255
881.5280000000	n/a	n/a	STATUS	n/a	n/a	DI51
881.5760000000	n/a	n/a	STATUS	n/a	n/a	D255
882.1400000000	n/a	n/a	STATUS	n/a	n/a	DI31
882.1880000000	n/a	n/a	STATUS	n/a	n/a	D255
882.4480000000	n/a	n/a	STATUS	n/a	n/a	DIN5
882.4960000000	n/a	n/a	STATUS	n/a	n/a	D239
882.5000000000	n/a	n/a	STATUS	n/a	n/a	D255
882.9440000000	n/a	n/a	STATUS	n/a	n/a	D182
882.9920000000	n/a	n/a	STATUS	n/a	n/a	D255
883.0280000000	n/a	n/a	STATUS	n/a	n/a	DI52
883.0800000000	n/a	n/a	STATUS	n/a	n/a	D255
883.3960000000	n/a	n/a	STATUS	n/a	n/a	DI42
883.4480000000	n/a	n/a	STATUS	n/a	n/a	D255
883.7040000000	n/a	n/a	STATUS	n/a	n/a	DIN5
883.7560000000	n/a	n/a	STATUS	n/a	n/a	D255
884.2000000000	n/a	n/a	STATUS	n/a	n/a	D159
884.2480000000	n/a	n/a	STATUS	n/a	n/a	D255
884.2880000000	n/a	n/a	STATUS	n/a	n/a	DI51
884.3360000000	n/a	n/a	STATUS	n/a	n/a	D255
884.7160000000	n/a	n/a	STATUS	n/a	n/a	DI31
884.7640000000	n/a	n/a	STATUS	n/a	n/a	D255
885.0240000000	n/a	n/a	STATUS	n/a	n/a	DIN5
885.0760000000	n/a	n/a	STATUS	n/a	n/a	D255
885.5160000000	n/a	n/a	STATUS	n/a	n/a	D102
885.5640000000	n/a	n/a	STATUS	n/a	n/a	D255
885.6040000000	n/a	n/a	STATUS	n/a	n/a	DI54
885.6520000000	n/a	n/a	STATUS	n/a	n/a	D255
885.8640000000	n/a	n/a	STATUS	n/a	n/a	DI34
885.9160000000	n/a	n/a	STATUS	n/a	n/a	D255
886.1720000000	n/a	n/a	STATUS	n/a	n/a	DIN5
886.2240000000	n/a	n/a	STATUS	n/a	n/a	D255
886.6560000000	n/a	n/a	STATUS	n/a	n/a	D172
886.7080000000	n/a	n/a	STATUS	n/a	n/a	D255
886.7440000000	n/a	n/a	STATUS	n/a	n/a	DI51
886.7960000000	n/a	n/a	STATUS	n/a	n/a	D255
887.1720000000	n/a	n/a	STATUS	n/a	n/a	DI31
887.2240000000	n/a	n/a	STATUS	n/a	n/a	D255
887.4800000000	n/a	n/a	STATUS	n/a	n/a	DIN5
887.5320000000	n/a	n/a	STATUS	n/a	n/a	D255
887.9920000000	n/a	n/a	STATUS	n/a	n/a	D199
888.0400000000	n/a	n/a	STATUS	n/a	n/a	D255
888.0760000000	n/a	n/a	STATUS	n/a	n/a	DI53
888.1280000000	n/a	n/a	STATUS	n/a	n/a	D255
888.1280000000	n/a	n/a	STATUS	n/a	n/a	D245
888.3760000000	n/a	n/a	STATUS	n/a	n/a	DI43
888.4240000000	n/a	n/a	STATUS	n/a	n/a	D255
888.6840000000	n/a	n/a	STATUS	n/a	n/a	DIN5
888.7320000000	n/a	n/a	STATUS	n/a	n/a	D255
889.0840000000	n/a	n/a	STATUS	n/a	n/a	D161
889.1320000000	n/a	n/a	STATUS	n/a	n/a	D255
889.1720000000	n/a	n/a	STATUS	n/a	n/a	DI53
889.2200000000	n/a	n/a	STATUS	n/a	n/a	DI43
889.2720000000	n/a	n/a	STATUS	n/a	n/a	D255
889.5280000000	n/a	n/a	STATUS	n/a	n/a	DIN5
889.5800000000	n/a	n/a	STATUS	n/a	n/a	D255
890.0280000000	n/a	n/a	STATUS	n/a	n/a	DI94
890.0800000000	n/a	n/a	STATUS	n/a	n/a	D255
890.1200000000	n/a	n/a	STATUS	n/a	n/a	DI52
890.1680000000	n/a	n/a	STATUS	n/a	n/a	D255
890.6200000000	n/a	n/a	STATUS	n/a	n/a	DI42
890.6680000000	n/a	n/a	STATUS	n/a	n/a	D255
890.9280000000	n/a	n/a	STATUS	n/a	n/a	DIN5
890.9800000000	n/a	n/a	STATUS	n/a	n/a	D255
891.2920000000	n/a	n/a	STATUS	n/a	n/a	D195
891.3440000000	n/a	n/a	STATUS	n/a	n/a	D255
891.3800000000	n/a	n/a	STATUS	n/a	n/a	DI54
891.4320000000	n/a	n/a	STATUS	n/a	n/a	D255
891.6600000000	n/a	n/a	STATUS	n/a	n/a	DI34
891.7080000000	n/a	n/a	STATUS	n/a	n/a	D255
899.0080000000	n/a	n/a	STATUS	n/a	n/a	DIN5
899.0560000000	n/a	n/a	STATUS	n/a	n/a	D255
899.4320000000	n/a	n/a	STATUS	n/a	n/a	DI96
899.4800000000	n/a	n/a	STATUS	n/a	n/a	D255
899.5160000000	n/a	n/a	STATUS	n/a	n/a	DI53
899.5680000000	n/a	n/a	STATUS	n/a	n/a	D255
899.8280000000	n/a	n/a	STATUS	n/a	n/a	DI43
899.8760000000	n/a	n/a	STATUS	n/a	n/a	D255
900.1360000000	n/a	n/a	STATUS	n/a	n/a	DIN5
900.1880000000	n/a	n/a	STATUS	n/a	n/a	D255
900.5840000000	n/a	n/a	STATUS	n/a	n/a	D159
900.6360000000	n/a	n/a	STATUS	n/a	n/a	D255
900.6720000000	n/a	n/a	STATUS	n/a	n/a	DI54
900.7240000000	n/a	n/a	STATUS	n/a	n/a	D255
901.0200000000	n/a	n/a	STATUS	n/a	n/a	DI34
901.0720000000	n/a	n/a	STATUS	n/a	n/a	D255
901.3320000000	n/a	n/a	STATUS	n/a	n/a	DIN5
901.3800000000	n/a	n/a	STATUS	n/a	n/a	D255
901.8000000000	n/a	n/a	STATUS	n/a	n/a	D181
901.8520000000	n/a	n/a	STATUS	n/a	n/a	D255
901.8880000000	n/a	n/a	STATUS	n/a	n/a	DI52
901.9400000000	n/a	n/a	STATUS	n/a	n/a	D255
902.1400000000	n/a	n/a	STATUS	n/a	n/a	DI12
902.1920000000	n/a	n/a	STATUS	n/a	n/a	D255
902.1960000000	n/a	n/a	STATUS	n/a	n/a	DIN4
902.2440000000	n/a	n/a	STATUS	n/a	n/a	D255
903.0000000000	n/a	n/a	STATUS	n/a	n/a	DIN5
903.0520000000	n/a	n/a	STATUS	n/a	n/a	D255
903.4360000000	n/a	n/a	STATUS	n/a	n/a	D223
903.4840000000	n/a	n/a	STATUS	n/a	n/a	D255
903.5240000000	n/a	n/a	STATUS	n/a	n/a	DI52
903.5720000000	n/a	n/a	STATUS	n/a	n/a	D255
903.8240000000	n/a	n/a	STATUS	n/a	n/a	DI12
903.8720000000	n/a	n/a	STATUS	n/a	n/a	D255
903.8760000000	n/a	n/a	STATUS	n/a	n/a	DIN4
903.9280000000	n/a	n/a	STATUS	n/a	n/a	D255
904.6840000000	n/a	n/a	STATUS	n/a	n/a	DIN5
904.7320000000	n/a	n/a	STATUS	n/a	n/a	D255
905.0520000000	n/a	n/a	STATUS	n/a	n/a	D104
905.1040000000	n/a	n/a	STATUS	n/a	n/a	D255
905.1400000000	n/a	n/a	STATUS	n/a	n/a	DI51
905.1880000000	n/a	n/a	STATUS	n/a	n/a	D255
905.3680000000	n/a	n/a	STATUS	n/a	n/a	DI21
905.4200000000	n/a	n/a	STATUS	n/a	n/a	D255
905.4240000000	n/a	n/a	STATUS	n/a	n/a	DIN4
905.4720000000	n/a	n/a	STATUS	n/a	n/a	D255
906.2280000000	n/a	n/a	STATUS	n/a	n/a	DIN5
906.2800000000	n/a	n/a	STATUS	n/a	n/a	D255
906.7240000000	n/a	n/a	STATUS	n/a	n/a	D211
906.7720000000	n/a	n/a	STATUS	n/a	n/a	D255
906.8120000000	n/a	n/a	STATUS	n/a	n/a	DI53
906.8600000000	n/a	n/a	STATUS	n/a	n/a	DI43
906.9120000000	n/a	n/a	STATUS	n/a	n/a	D255
907.1720000000	n/a	n/a	STATUS	n/a	n/a	DIN5
907.2200000000	n/a	n/a	STATUS	n/a	n/a	D255
907.6160000000	n/a	n/a	STATUS	n/a	n/a	D148
907.6640000000	n/a	n/a	STATUS	n/a	n/a	D255
907.7040000000	n/a	n/a	STATUS	n/a	n/a	DI53
907.7520000000	n/a	n/a	STATUS	n/a	n/a	D255
908.0960000000	n/a	n/a	STATUS	n/a	n/a	DI43
908.1480000000	n/a	n/a	STATUS	n/a	n/a	D255
908.4080000000	n/a	n/a	STATUS	n/a	n/a	DIN5
908.4560000000	n/a	n/a	STATUS	n/a	n/a	D255
908.7640000000	n/a	n/a	STATUS	n/a	n/a	D168
908.8160000000	n/a	n/a	STATUS	n/a	n/a	D255
908.8520000000	n/a	n/a	STATUS	n/a	n/a	DI51
908.9040000000	n/a	n/a	STATUS	n/a	n/a	D255
909.1000000000	n/a	n/a	STATUS	n/a	n/a	DI21
909.1520000000	n/a	n/a	STATUS	n/a	n/a	D255
909.1560000000	n/a	n/a	STATUS	n/a	n/a	DIN4
909.2040000000	n/a	n/a	STATUS	n/a	n/a	D255
909.9600000000	n/a	n/a	STATUS	n/a	n/a	DIN5
910.0120000000	n/a	n/a	STATUS	n/a	n/a	D255
910.5160000000	n/a	n/a	STATUS	n/a	n/a	D170
910.5640000000	n/a	n/a	STATUS	n/a	n/a	D255
910.6000000000	n/a	n/a	STATUS	n/a	n/a	DI51
910.6520000000	n/a	n/a	STATUS	n/a	n/a	D255
910.9960000000	n/a	n/a	STATUS	n/a	n/a	DI31
911.0440000000	n/a	n/a	STATUS	n/a	n/a	D255
911.3040000000	n/a	n/a	STATUS	n/a	n/a	DIN5
911.3560000000	n/a	n/a	STATUS	n/a	n/a	D255
911.8480000000	n/a	n/a	STATUS	n/a	n/a	D176
911.9000000000	n/a	n/a	STATUS	n/a	n/a	D255
911.9360000000	n/a	n/a	STATUS	n/a	n/a	DI53
911.9880000000	n/a	n/a	STATUS	n/a	n/a	D255
912.2720000000	n/a	n/a	STATUS	n/a	n/a	DI43
912.3240000000	n/a	n/a	STATUS	n/a	n/a	D255
912.5840000000	n/a	n/a	STATUS	n/a	n/a	DIN5
912.6320000000	n/a	n/a	STATUS	n/a	n/a	D255
913.0840000000	n/a	n/a	STATUS	n/a	n/a	D212
913.1320000000	n/a	n/a	STATUS	n/a	n/a	D255
913.1720000000	n/a	n/a	STATUS	n/a	n/a	DI52
913.2200000000	n/a	n/a	STATUS	n/a	n/a	D255
913.6920000000	n/a	n/a	STATUS	n/a	n/a	DI42
913.7440000000	n/a	n/a	STATUS	n/a	n/a	D255
914.0000000000	n/a	n/a	STATUS	n/a	n/a	DIN5
914.0520000000	n/a	n/a	STATUS	n/a	n/a	D255
914.4000000000	n/a	n/a	STATUS	n/a	n/a	D248
914.4520000000	n/a	n/a	STATUS	n/a	n/a	D255
914.4880000000	n/a	n/a	STATUS	n/a	n/a	DI51
914.5400000000	n/a	n/a	STATUS	n/a	n/a	D255
914.7640000000	n/a	n/a	STATUS	n/a	n/a	DI21
914.8160000000	n/a	n/a	STATUS	n/a	n/a	D255
914.8200000000	n/a	n/a	STATUS	n/a	n/a	DIN4
914.8680000000	n/a	n/a	STATUS	n/a	n/a	D255
915.6240000000	n/a	n/a	STATUS	n/a	n/a	DIN5
915.6760000000	n/a	n/a	STATUS	n/a	n/a	D255
916.0520000000	n/a	n/a	STATUS	n/a	n/a	D224
916.1040000000	n/a	n/a	STATUS	n/a	n/a	D255
916.1440000000	n/a	n/a	STATUS	n/a	n/a	DI54
916.1920000000	n/a	n/a	STATUS	n/a	n/a	D255
916.4480000000	n/a	n/a	STATUS	n/a	n/a	DI34
916.4960000000	n/a	n/a	STATUS	n/a	n/a	D255
916.7560000000	n/a	n/a	STATUS	n/a	n/a	DIN5
916.8040000000	n/a	n/a	STATUS	n/a	n/a	D255
917.1760000000	n/a	n/a	STATUS	n/a	n/a	D200
917.2240000000	n/a	n/a	STATUS	n/a	n/a	D255
917.2640000000	n/a	n/a	STATUS	n/a	n/a	DI53
917.3120000000	n/a	n/a	STATUS	n/a	n/a	D255
917.6600000000	n/a	n/a	STATUS	n/a	n/a	DI43
917.7080000000	n/a	n/a	STATUS	n/a	n/a	D255
917.9680000000	n/a	n/a	STATUS	n/a	n/a	DIN5
918.0160000000	n/a	n/a	STATUS	n/a	n/a	D255
918.3800000000	n/a	n/a	STATUS	n/a	n/a	D209
918.4320000000	n/a	n/a	STATUS	n/a	n/a	D255
918.4680000000	n/a	n/a	STATUS	n/a	n/a	DI53
918.5200000000	n/a	n/a	STATUS	n/a	n/a	D255
918.7560000000	n/a	n/a	STATUS	n/a	n/a	DI43
918.8080000000	n/a	n/a	STATUS	n/a	n/a	D255
919.0640000000	n/a	n/a	STATUS	n/a	n/a	DIN5
919.1160000000	n/a	n/a	STATUS	n/a	n/a	D255
919.5520000000	n/a	n/a	STATUS	n/a	n/a	D197
919.6000000000	n/a	n/a	STATUS	n/a	n/a	D255
919.6400000000	n/a	n/a	STATUS	n/a	n/a	DI51
919.6880000000	n/a	n/a	STATUS	n/a	n/a	D255
919.8840000000	n/a	n/a	STATUS	n/a	n/a	DI21
919.9360000000	n/a	n/a	STATUS	n/a	n/a	D255
919.9400000000	n/a	n/a	STATUS	n/a	n/a	DIN4
919.9880000000	n/a	n/a	STATUS	n/a	n/a	D255
920.7440000000	n/a	n/a	STATUS	n/a	n/a	DIN5
920.7960000000	n/a	n/a	STATUS	n/a	n/a	D255
921.2640000000	n/a	n/a	STATUS	n/a	n/a	D155
921.3160000000	n/a	n/a	STATUS	n/a	n/a	D255
921.3520000000	n/a	n/a	STATUS	n/a	n/a	DI52
921.4040000000	n/a	n/a	STATUS	n/a	n/a	D255
921.6560000000	n/a	n/a	STATUS	n/a	n/a	DI12
921.7080000000	n/a	n/a	STATUS	n/a	n/a	D255
921.7120000000	n/a	n/a	STATUS	n/a	n/a	DIN4
921.7600000000	n/a	n/a	STATUS	n/a	n/a	D255
922.5160000000	n/a	n/a	STATUS	n/a	n/a	DIN5
922.5640000000	n/a	n/a	STATUS	n/a	n/a	D255
923.0400000000	n/a	n/a	STATUS	n/a	n/a	D220
923.0920000000	n/a	n/a	STATUS	n/a	n/a	D255
923.1280000000	n/a	n/a	STATUS	n/a	n/a	DI52
923.1760000000	n/a	n/a	STATUS	n/a	n/a	D255
923.3880000000	n/a	n/a	STATUS	n/a	n/a	DI12
923.4400000000	n/a	n/a	STATUS	n/a	n/a	D255
923.4440000000	n/a	n/a	STATUS	n/a	n/a	DIN4
923.4920000000	n/a	n/a	STATUS	n/a	n/a	D255
924.2480000000	n/a	n/a	STATUS	n/a	n/a	DIN5
924.2960000000	n/a	n/a	STATUS	n/a	n/a	D255
924.7280000000	n/a	n/a	STATUS	n/a	n/a	DI73
924.7760000000	n/a	n/a	STATUS	n/a	n/a	D255
924.8120000000	n/a	n/a	STATUS	n/a	n/a	DI51
924.8640000000	n/a	n/a	STATUS	n/a	n/a	D255
925.0360000000	n/a	n/a	STATUS	n/a	n/a	DI21
925.0840000000	n/a	n/a	STATUS	n/a	n/a	D255
925.0880000000	n/a	n/a	STATUS	n/a	n/a	DIN4
925.1400000000	n/a	n/a	STATUS	n/a	n/a	D255
925.8960000000	n/a	n/a	STATUS	n/a	n/a	DIN5
925.9440000000	n/a	n/a	STATUS	n/a	n/a	D255
926.2960000000	n/a	n/a	STATUS	n/a	n/a	DI79
926.3440000000	n/a	n/a	STATUS	n/a	n/a	D255
926.3800000000	n/a	n/a	STATUS	n/a	n/a	DI53
926.4320000000	n/a	n/a	STATUS	n/a	n/a	D255
926.6360000000	n/a	n/a	STATUS	n/a	n/a	DI43
926.6840000000	n/a	n/a	STATUS	n/a	n/a	D255
926.9440000000	n/a	n/a	STATUS	n/a	n/a	DIN5
926.9960000000	n/a	n/a	STATUS	n/a	n/a	D255
927.3480000000	n/a	n/a	STATUS	n/a	n/a	D175
927.4000000000	n/a	n/a	STATUS	n/a	n/a	D255
927.4360000000	n/a	n/a	STATUS	n/a	n/a	DI54
927.4880000000	n/a	n/a	STATUS	n/a	n/a	D255
927.7000000000	n/a	n/a	STATUS	n/a	n/a	DI34
927.7480000000	n/a	n/a	STATUS	n/a	n/a	D255
928.0080000000	n/a	n/a	STATUS	n/a	n/a	DIN5
928.0600000000	n/a	n/a	STATUS	n/a	n/a	D255
928.3840000000	n/a	n/a	STATUS	n/a	n/a	D101
928.4320000000	n/a	n/a	STATUS	n/a	n/a	D255
928.4720000000	n/a	n/a	STATUS	n/a	n/a	DI53
928.5200000000	n/a	n/a	STATUS	n/a	n/a	D255
928.7240000000	n/a	n/a	STATUS	n/a	n/a	DI43
928.7720000000	n/a	n/a	STATUS	n/a	n/a	D255
929.0320000000	n/a	n/a	STATUS	n/a	n/a	DIN5
929.0800000000	n/a	n/a	STATUS	n/a	n/a	D255
929.4080000000	n/a	n/a	STATUS	n/a	n/a	D204
929.4560000000	n/a	n/a	STATUS	n/a	n/a	D255
929.4920000000	n/a	n/a	STATUS	n/a	n/a	DI52
929.5440000000	n/a	n/a	STATUS	n/a	n/a	D255
929.7040000000	n/a	n/a	STATUS	n/a	n/a	DI12
929.7520000000	n/a	n/a	STATUS	n/a	n/a	D255
929.7560000000	n/a	n/a	STATUS	n/a	n/a	DIN4
929.8080000000	n/a	n/a	STATUS	n/a	n/a	D255
930.5600000000	n/a	n/a	STATUS	n/a	n/a	DIN5
930.6120000000	n/a	n/a	STATUS	n/a	n/a	D255
931.0120000000	n/a	n/a	STATUS	n/a	n/a	DI76
931.0600000000	n/a	n/a	STATUS	n/a	n/a	D255
931.1000000000	n/a	n/a	STATUS	n/a	n/a	DI51
931.1480000000	n/a	n/a	STATUS	n/a	n/a	D255
931.3520000000	n/a	n/a	STATUS	n/a	n/a	DI21
931.4040000000	n/a	n/a	STATUS	n/a	n/a	D255
931.4080000000	n/a	n/a	STATUS	n/a	n/a	DIN4
931.4560000000	n/a	n/a	STATUS	n/a	n/a	D255
932.2120000000	n/a	n/a	STATUS	n/a	n/a	DIN5
932.2600000000	n/a	n/a	STATUS	n/a	n/a	D255
932.6240000000	n/a	n/a	STATUS	n/a	n/a	DI97
932.6760000000	n/a	n/a	STATUS	n/a	n/a	D255
932.7120000000	n/a	n/a	STATUS	n/a	n/a	DI51
932.7640000000	n/a	n/a	STATUS	n/a	n/a	D255
932.9720000000	n/a	n/a	STATUS	n/a	n/a	DI21
933.0200000000	n/a	n/a	STATUS	n/a	n/a	D255
933.0240000000	n/a	n/a	STATUS	n/a	n/a	DIN4
933.0760000000	n/a	n/a	STATUS	n/a	n/a	D255
933.8320000000	n/a	n/a	STATUS	n/a	n/a	DIN5
933.8800000000	n/a	n/a	STATUS	n/a	n/a	D255
934.3800000000	n/a	n/a	STATUS	n/a	n/a	D140
934.4320000000	n/a	n/a	STATUS	n/a	n/a	D255
934.4680000000	n/a	n/a	STATUS	n/a	n/a	DI54
934.5160000000	n/a	n/a	STATUS	n/a	n/a	D255
934.6760000000	n/a	n/a	STATUS	n/a	n/a	DI34
934.7240000000	n/a	n/a	STATUS	n/a	n/a	D255
934.9840000000	n/a	n/a	STATUS	n/a	n/a	DIN5
935.0360000000	n/a	n/a	STATUS	n/a	n/a	D255
935.4760000000	n/a	n/a	STATUS	n/a	n/a	D177
935.5240000000	n/a	n/a	STATUS	n/a	n/a	D255
935.5600000000	n/a	n/a	STATUS	n/a	n/a	DI52
935.6120000000	n/a	n/a	STATUS	n/a	n/a	D255
935.9200000000	n/a	n/a	STATUS	n/a	n/a	DI42
935.9680000000	n/a	n/a	STATUS	n/a	n/a	D255
936.2280000000	n/a	n/a	STATUS	n/a	n/a	DIN5
936.2760000000	n/a	n/a	STATUS	n/a	n/a	D255
936.6680000000	n/a	n/a	STATUS	n/a	n/a	D242
936.7160000000	n/a	n/a	STATUS	n/a	n/a	D255
936.7560000000	n/a	n/a	STATUS	n/a	n/a	DI54
936.8040000000	n/a	n/a	STATUS	n/a	n/a	D255
936.9640000000	n/a	n/a	STATUS	n/a	n/a	DI34
937.0160000000	n/a	n/a	STATUS	n/a	n/a	D255
937.2760000000	n/a	n/a	STATUS	n/a	n/a	DIN5
937.3240000000	n/a	n/a	STATUS	n/a	n/a	D255
937.7840000000	n/a	n/a	STATUS	n/a	n/a	DI80
937.8320000000	n/a	n/a	STATUS	n/a	n/a	D255
937.8720000000	n/a	n/a	STATUS	n/a	n/a	DI52
937.9200000000	n/a	n/a	STATUS	n/a	n/a	D255
938.1200000000	n/a	n/a	STATUS	n/a	n/a	DI12
938.1720000000	n/a	n/a	STATUS	n/a	n/a	D255
938.1760000000	n/a	n/a	STATUS	n/a	n/a	DIN4
938.2240000000	n/a	n/a	STATUS	n/a	n/a	D255
938.9800000000	n/a	n/a	STATUS	n/a	n/a	DIN5
939.0320000000	n/a	n/a	STATUS	n/a	n/a	D255
939.4840000000	n/a	n/a	STATUS	n/a	n/a	D102
939.5360000000	n/a	n/a	STATUS	n/a	n/a	D255
939.5720000000	n/a	n/a	STATUS	n/a	n/a	DI53
939.6240000000	n/a	n/a	STATUS	n/a	n/a	D255
939.7520000000	n/a	n/a	STATUS	n/a	n/a	DI43
939.8040000000	n/a	n/a	STATUS	n/a	n/a	D255
940.0640000000	n/a	n/a	STATUS	n/a	n/a	DIN5
940.1120000000	n/a	n/a	STATUS	n/a	n/a	D255
940.5480000000	n/a	n/a	STATUS	n/a	n/a	D234
940.6000000000	n/a	n/a	STATUS	n/a	n/a	D255
940.6360000000	n/a	n/a	STATUS	n/a	n/a	DI54
940.6840000000	n/a	n/a	STATUS	n/a	n/a	D255
940.9080000000	n/a	n/a	STATUS	n/a	n/a	DI34
940.9560000000	n/a	n/a	STATUS	n/a	n/a	D255
941.2160000000	n/a	n/a	STATUS	n/a	n/a	DIN5
941.2680000000	n/a	n/a	STATUS	n/a	n/a	D255
941.6520000000	n/a	n/a	STATUS	n/a	n/a	D136
941.7000000000	n/a	n/a	STATUS	n/a	n/a	D255
941.7400000000	n/a	n/a	STATUS	n/a	n/a	DI51
941.7880000000	n/a	n/a	STATUS	n/a	n/a	D255
941.9600000000	n/a	n/a	STATUS	n/a	n/a	DI21
942.0080000000	n/a	n/a	STATUS	n/a	n/a	D255
942.0120000000	n/a	n/a	STATUS	n/a	n/a	DIN4
942.0640000000	n/a	n/a	STATUS	n/a	n/a	D255
942.8200000000	n/a	n/a	STATUS	n/a	n/a	DIN5
942.8680000000	n/a	n/a	STATUS	n/a	n/a	D255
943.2800000000	n/a	n/a	STATUS	n/a	n/a	D141
943.3280000000	n/a	n/a	STATUS	n/a	n/a	D255
943.3680000000	n/a	n/a	STATUS	n/a	n/a	DI53
943.4160000000	n/a	n/a	STATUS	n/a	n/a	D255
943.6760000000	n/a	n/a	STATUS	n/a	n/a	DI43
943.7280000000	n/a	n/a	STATUS	n/a	n/a	D255
943.9840000000	n/a	n/a	STATUS	n/a	n/a	DIN5
944.0360000000	n/a	n/a	STATUS	n/a	n/a	D255
944.3600000000	n/a	n/a	STATUS	n/a	n/a	DI67
944.4080000000	n/a	n/a	STATUS	n/a	n/a	D255
944.4480000000	n/a	n/a	STATUS	n/a	n/a	DI51
944.4960000000	n/a	n/a	STATUS	n/a	n/a	D255
944.8000000000	n/a	n/a	STATUS	n/a	n/a	DI21
944.8480000000	n/a	n/a	STATUS	n/a	n/a	D255
944.8520000000	n/a	n/a	STATUS	n/a	n/a	DIN4
944.9040000000	n/a	n/a	STATUS	n/a	n/a	D255
945.6600000000	n/a	n/a	STATUS	n/a	n/a	DIN5
945.7080000000	n/a	n/a	STATUS	n/a	n/a	D255
946.0640000000	n/a	n/a	STATUS	n/a	n/a	D137
946.1120000000	n/a	n/a	STATUS	n/a	n/a	D255
946.1520000000	n/a	n/a	STATUS	n/a	n/a	DI54
946.2000000000	n/a	n/a	STATUS	n/a	n/a	D255
946.3720000000	n/a	n/a	STATUS	n/a	n/a	DI34
946.4240000000	n/a	n/a	STATUS	n/a	n/a	D255
946.6840000000	n/a	n/a	STATUS	n/a	n/a	DIN5
946.7320000000	n/a	n/a	STATUS	n/a	n/a	D255
947.0520000000	n/a	n/a	STATUS	n/a	n/a	D237
947.1040000000	n/a	n/a	STATUS	n/a	n/a	D255
947.1400000000	n/a	n/a	STATUS	n/a	n/a	DI52
947.1920000000	n/a	n/a	STATUS	n/a	n/a	D255
947.4120000000	n/a	n/a	STATUS	n/a	n/a	DI12
947.4600000000	n/a	n/a	STATUS	n/a	n/a	D255
947.4640000000	n/a	n/a	STATUS	n/a	n/a	DIN4
947.5160000000	n/a	n/a	STATUS	n/a	n/a	D255
948.2720000000	n/a	n/a	STATUS	n/a	n/a	DIN5
948.3200000000	n/a	n/a	STATUS	n/a	n/a	D255
948.7160000000	n/a	n/a	STATUS	n/a	n/a	D128
948.7640000000	n/a	n/a	STATUS	n/a	n/a	D255
948.8040000000	n/a	n/a	STATUS	n/a	n/a	DI54
948.8520000000	n/a	n/a	STATUS	n/a	n/a	DI24
948.8520000000	n/a	n/a	STATUS	n/a	n/a	DI16
948.9040000000	n/a	n/a	STATUS	n/a	n/a	D255
948.9080000000	n/a	n/a	STATUS	n/a	n/a	DIN4
948.9560000000	n/a	n/a	STATUS	n/a	n/a	D255
949.7120000000	n/a	n/a	STATUS	n/a	n/a	DIN5
949.7640000000	n/a	n/a	STATUS	n/a	n/a	D255
950.1320000000	n/a	n/a	STATUS	n/a	n/a	D135
950.1800000000	n/a	n/a	STATUS	n/a	n/a	D255
950.2200000000	n/a	n/a	STATUS	n/a	n/a	DI52
950.2680000000	n/a	n/a	STATUS	n/a	n/a	D255
950.3880000000	n/a	n/a	STATUS	n/a	n/a	DI12
950.4400000000	n/a	n/a	STATUS	n/a	n/a	D255
950.4440000000	n/a	n/a	STATUS	n/a	n/a	DIN4
950.4920000000	n/a	n/a	STATUS	n/a	n/a	D255
951.2480000000	n/a	n/a	STATUS	n/a	n/a	DIN5
951.3000000000	n/a	n/a	STATUS	n/a	n/a	D255
951.7160000000	n/a	n/a	STATUS	n/a	n/a	D154
951.7680000000	n/a	n/a	STATUS	n/a	n/a	D255
951.8040000000	n/a	n/a	STATUS	n/a	n/a	DI52
951.8560000000	n/a	n/a	STATUS	n/a	n/a	D255
951.9280000000	n/a	n/a	STATUS	n/a	n/a	DI42
951.9760000000	n/a	n/a	STATUS	n/a	n/a	D255
952.2360000000	n/a	n/a	STATUS	n/a	n/a	DIN5
952.2840000000	n/a	n/a	STATUS	n/a	n/a	D255
952.6840000000	n/a	n/a	STATUS	n/a	n/a	D202
952.7360000000	n/a	n/a	STATUS	n/a	n/a	D255
952.7720000000	n/a	n/a	STATUS	n/a	n/a	DI53
952.8240000000	n/a	n/a	STATUS	n/a	n/a	D255
953.0560000000	n/a	n/a	STATUS	n/a	n/a	DI43
953.1040000000	n/a	n/a	STATUS	n/a	n/a	D255
953.3640000000	n/a	n/a	STATUS	n/a	n/a	DIN5
953.4120000000	n/a	n/a	STATUS	n/a	n/a	D255
953.9000000000	n/a	n/a	STATUS	n/a	n/a	D108
953.9480000000	n/a	n/a	STATUS	n/a	n/a	D255
953.9880000000	n/a	n/a	STATUS	n/a	n/a	DI54
954.0360000000	n/a	n/a	STATUS	n/a	n/a	D255
954.2560000000	n/a	n/a	STATUS	n/a	n/a	DI34
954.3040000000	n/a	n/a	STATUS	n/a	n/a	D255
954.5640000000	n/a	n/a	STATUS	n/a	n/a	DIN5
954.6160000000	n/a	n/a	STATUS	n/a	n/a	D255
955.1120000000	n/a	n/a	STATUS	n/a	n/a	DI69
955.1640000000	n/a	n/a	STATUS	n/a	n/a	D255
955.2000000000	n/a	n/a	STATUS	n/a	n/a	DI53
955.2520000000	n/a	n/a	STATUS	n/a	n/a	D255
955.3680000000	n/a	n/a	STATUS	n/a	n/a	DI43
955.4200000000	n/a	n/a	STATUS	n/a	n/a	D255
955.6760000000	n/a	n/a	STATUS	n/a	n/a	DIN5
955.7280000000	n/a	n/a	STATUS	n/a	n/a	D255
956.0320000000	n/a	n/a	STATUS	n/a	n/a	DI95
956.0840000000	n/a	n/a	STATUS	n/a	n/a	D255
956.1200000000	n/a	n/a	STATUS	n/a	n/a	DI51
956.1680000000	n/a	n/a	STATUS	n/a	n/a	D255
956.3920000000	n/a	n/a	STATUS	n/a	n/a	DI21
956.4400000000	n/a	n/a	STATUS	n/a	n/a	D255
956.4440000000	n/a	n/a	STATUS	n/a	n/a	DIN4
956.4960000000	n/a	n/a	STATUS	n/a	n/a	D255
957.2480000000	n/a	n/a	STATUS	n/a	n/a	DIN5
957.3000000000	n/a	n/a	STATUS	n/a	n/a	D255
957.6680000000	n/a	n/a	STATUS	n/a	n/a	D218
957.7200000000	n/a	n/a	STATUS	n/a	n/a	D255
957.7560000000	n/a	n/a	STATUS	n/a	n/a	DI53
957.8080000000	n/a	n/a	STATUS	n/a	n/a	D255
958.0280000000	n/a	n/a	STATUS	n/a	n/a	DI43
958.0760000000	n/a	n/a	STATUS	n/a	n/a	D255
958.3360000000	n/a	n/a	STATUS	n/a	n/a	DIN5
958.3880000000	n/a	n/a	STATUS	n/a	n/a	D255
958.8160000000	n/a	n/a	STATUS	n/a	n/a	D139
958.8680000000	n/a	n/a	STATUS	n/a	n/a	D255
958.9040000000	n/a	n/a	STATUS	n/a	n/a	DI54
958.9560000000	n/a	n/a	STATUS	n/a	n/a	D255
959.1840000000	n/a	n/a	STATUS	n/a	n/a	DI34
959.2360000000	n/a	n/a	STATUS	n/a	n/a	D255
959.4960000000	n/a	n/a	STATUS	n/a	n/a	DIN5
959.5440000000	n/a	n/a	STATUS	n/a	n/a	D255
959.9720000000	n/a	n/a	STATUS	n/a	n/a	D161
960.0240000000	n/a	n/a	STATUS	n/a	n/a	D255
960.0600000000	n/a	n/a	STATUS	n/a	n/a	DI52
960.1120000000	n/a	n/a	STATUS	n/a	n/a	D255
960.3240000000	n/a	n/a	STATUS	n/a	n/a	DI12
960.3760000000	n/a	n/a	STATUS	n/a	n/a	D255
960.3800000000	n/a	n/a	STATUS	n/a	n/a	DIN4
960.4320000000	n/a	n/a	STATUS	n/a	n/a	D255
961.1840000000	n/a	n/a	STATUS	n/a	n/a	DIN5
961.2360000000	n/a	n/a	STATUS	n/a	n/a	D255
961.6640000000	n/a	n/a	STATUS	n/a	n/a	D105
961.7160000000	n/a	n/a	STATUS	n/a	n/a	D255
961.7520000000	n/a	n/a	STATUS	n/a	n/a	DI53
961.8000000000	n/a	n/a	STATUS	n/a	n/a	D255
961.9080000000	n/a	n/a	STATUS	n/a	n/a	DI43
961.9600000000	n/a	n/a	STATUS	n/a	n/a	D255
962.2160000000	n/a	n/a	STATUS	n/a	n/a	DIN5
962.2680000000	n/a	n/a	STATUS	n/a	n/a	D255
962.7400000000	n/a	n/a	STATUS	n/a	n/a	D241
962.7920000000	n/a	n/a	STATUS	n/a	n/a	D255
962.8280000000	n/a	n/a	STATUS	n/a	n/a	DI51
962.8800000000	n/a	n/a	STATUS	n/a	n/a	D255
963.0240000000	n/a	n/a	STATUS	n/a	n/a	DI31
963.0720000000	n/a	n/a	STATUS	n/a	n/a	D255
963.3320000000	n/a	n/a	STATUS	n/a	n/a	DIN5
963.3840000000	n/a	n/a	STATUS	n/a	n/a	D255
963.7000000000	n/a	n/a	STATUS	n/a	n/a	D193
963.7520000000	n/a	n/a	STATUS	n/a	n/a	D255
963.7920000000	n/a	n/a	STATUS	n/a	n/a	DI52
963.8400000000	n/a	n/a	STATUS	n/a	n/a	D255
964.0440000000	n/a	n/a	STATUS	n/a	n/a	DI12
964.0960000000	n/a	n/a	STATUS	n/a	n/a	D255
964.1000000000	n/a	n/a	STATUS	n/a	n/a	DIN4
964.1480000000	n/a	n/a	STATUS	n/a	n/a	D255
964.9040000000	n/a	n/a	STATUS	n/a	n/a	DIN5
964.9520000000	n/a	n/a	STATUS	n/a	n/a	D255
965.2640000000	n/a	n/a	STATUS	n/a	n/a	D134
965.3120000000	n/a	n/a	STATUS	n/a	n/a	D255
965.3520000000	n/a	n/a	STATUS	n/a	n/a	DI53
965.4000000000	n/a	n/a	STATUS	n/a	n/a	D255
965.5240000000	n/a	n/a	STATUS	n/a	n/a	DI43
965.5720000000	n/a	n/a	STATUS	n/a	n/a	D255
965.8320000000	n/a	n/a	STATUS	n/a	n/a	DIN5
965.8840000000	n/a	n/a	STATUS	n/a	n/a	D255
965.8840000000	n/a	n/a	STATUS	n/a	n/a	D239
966.3560000000	n/a	n/a	STATUS	n/a	n/a	D118
966.4080000000	n/a	n/a	STATUS	n/a	n/a	D255
966.4440000000	n/a	n/a	STATUS	n/a	n/a	DI52
966.4960000000	n/a	n/a	STATUS	n/a	n/a	D255
966.6120000000	n/a	n/a	STATUS	n/a	n/a	DI12
966.6600000000	n/a	n/a	STATUS	n/a	n/a	D255
966.6640000000	n/a	n/a	STATUS	n/a	n/a	DIN4
966.7160000000	n/a	n/a	STATUS	n/a	n/a	D255
967.4720000000	n/a	n/a	STATUS	n/a	n/a	DIN5
967.5200000000	n/a	n/a	STATUS	n/a	n/a	D255
967.8800000000	n/a	n/a	STATUS	n/a	n/a	D194
967.9280000000	n/a	n/a	STATUS	n/a	n/a	D255
967.9680000000	n/a	n/a	STATUS	n/a	n/a	DI51
968.0200000000	n/a	n/a	STATUS	n/a	n/a	D255
968.1200000000	n/a	n/a	STATUS	n/a	n/a	DI21
968.1680000000	n/a	n/a	STATUS	n/a	n/a	D255
968.1720000000	n/a	n/a	STATUS	n/a	n/a	DIN4
968.2240000000	n/a	n/a	STATUS	n/a	n/a	D255
968.9760000000	n/a	n/a	STATUS	n/a	n/a	DIN5
969.0280000000	n/a	n/a	STATUS	n/a	n/a	D255
969.5120000000	n/a	n/a	STATUS	n/a	n/a	D143
969.5640000000	n/a	n/a	STATUS	n/a	n/a	D255
969.6000000000	n/a	n/a	STATUS	n/a	n/a	DI54
969.6520000000	n/a	n/a	STATUS	n/a	n/a	D255
969.8040000000	n/a	n/a	STATUS	n/a	n/a	DI34
969.8520000000	n/a	n/a	STATUS	n/a	n/a	D255
970.1120000000	n/a	n/a	STATUS	n/a	n/a	DIN5
970.1600000000	n/a	n/a	STATUS	n/a	n/a	D255
970.5640000000	n/a	n/a	STATUS	n/a	n/a	D109
970.6160000000	n/a	n/a	STATUS	n/a	n/a	D255
970.6520000000	n/a	n/a	STATUS	n/a	n/a	DI51
970.7040000000	n/a	n/a	STATUS	n/a	n/a	D255
970.9000000000	n/a	n/a	STATUS	n/a	n/a	DI21
970.9480000000	n/a	n/a	STATUS	n/a	n/a	D255
970.9520000000	n/a	n/a	STATUS	n/a	n/a	DIN4
971.0040000000	n/a	n/a	STATUS	n/a	n/a	D255
971.7600000000	n/a	n/a	STATUS	n/a	n/a	DIN5
971.8080000000	n/a	n/a	STATUS	n/a	n/a	D255
972.1880000000	n/a	n/a	STATUS	n/a	n/a	D166
972.2400000000	n/a	n/a	STATUS	n/a	n/a	D255
972.2760000000	n/a	n/a	STATUS	n/a	n/a	DI53
972.3240000000	n/a	n/a	STATUS	n/a	n/a	D255
972.5280000000	n/a	n/a	STATUS	n/a	n/a	DI43
972.5800000000	n/a	n/a	STATUS	n/a	n/a	D255
972.8400000000	n/a	n/a	STATUS	n/a	n/a	DIN5
972.8880000000	n/a	n/a	STATUS	n/a	n/a	D255
973.3640000000	n/a	n/a	STATUS	n/a	n/a	DI82
973.4120000000	n/a	n/a	STATUS	n/a	n/a	D255
973.4520000000	n/a	n/a	STATUS	n/a	n/a	DI52
973.5040000000	n/a	n/a	STATUS	n/a	n/a	D255
973.7880000000	n/a	n/a	STATUS	n/a	n/a	DI42
973.8400000000	n/a	n/a	STATUS	n/a	n/a	D255
974.0960000000	n/a	n/a	STATUS	n/a	n/a	DIN5
974.1480000000	n/a	n/a	STATUS	n/a	n/a	D255
974.5360000000	n/a	n/a	STATUS	n/a	n/a	D120
974.5880000000	n/a	n/a	STATUS	n/a	n/a	D255
974.6240000000	n/a	n/a	STATUS	n/a	n/a	DI51
974.6760000000	n/a	n/a	STATUS	n/a	n/a	D255
974.8600000000	n/a	n/a	STATUS	n/a	n/a	DI21
974.9080000000	n/a	n/a	STATUS	n/a	n/a	D255
974.9120000000	n/a	n/a	STATUS	n/a	n/a	DIN4
974.9640000000	n/a	n/a	STATUS	n/a	n/a	D255
975.7200000000	n/a	n/a	STATUS	n/a	n/a	DIN5
975.7680000000	n/a	n/a	STATUS	n/a	n/a	D255
976.1000000000	n/a	n/a	STATUS	n/a	n/a	D225
976.1480000000	n/a	n/a	STATUS	n/a	n/a	D255
976.1880000000	n/a	n/a	STATUS	n/a	n/a	DI54
976.2360000000	n/a	n/a	STATUS	n/a	n/a	D255
976.3200000000	n/a	n/a	STATUS	n/a	n/a	DI34
976.3720000000	n/a	n/a	STATUS	n/a	n/a	D255
976.6280000000	n/a	n/a	STATUS	n/a	n/a	DIN5
976.6800000000	n/a	n/a	STATUS	n/a	n/a	D255
977.0080000000	n/a	n/a	STATUS	n/a	n/a	DI71
977.0600000000	n/a	n/a	STATUS	n/a	n/a	D255
977.0960000000	n/a	n/a	STATUS	n/a	n/a	DI54
977.1440000000	n/a	n/a	STATUS	n/a	n/a	D255
977.3520000000	n/a	n/a	STATUS	n/a	n/a	DI34
977.4000000000	n/a	n/a	STATUS	n/a	n/a	D255
977.6600000000	n/a	n/a	STATUS	n/a	n/a	DIN5
977.7120000000	n/a	n/a	STATUS	n/a	n/a	D255
978.0400000000	n/a	n/a	STATUS	n/a	n/a	D151
978.0920000000	n/a	n/a	STATUS	n/a	n/a	D255
978.1280000000	n/a	n/a	STATUS	n/a	n/a	DI54
978.1800000000	n/a	n/a	STATUS	n/a	n/a	D255
978.2920000000	n/a	n/a	STATUS	n/a	n/a	DI34
978.3440000000	n/a	n/a	STATUS	n/a	n/a	D255
978.6040000000	n/a	n/a	STATUS	n/a	n/a	DIN5
978.6520000000	n/a	n/a	STATUS	n/a	n/a	D255
979.1160000000	n/a	n/a	STATUS	n/a	n/a	DI98
979.1680000000	n/a	n/a	STATUS	n/a	n/a	D255
979.2040000000	n/a	n/a	STATUS	n/a	n/a	DI53
979.2560000000	n/a	n/a	STATUS	n/a	n/a	D255
979.4560000000	n/a	n/a	STATUS	n/a	n/a	DI43
979.5080000000	n/a	n/a	STATUS	n/a	n/a	D255
979.7640000000	n/a	n/a	STATUS	n/a	n/a	DIN5
979.8160000000	n/a	n/a	STATUS	n/a	n/a	D255
980.1920000000	n/a	n/a	STATUS	n/a	n/a	D114
980.2400000000	n/a	n/a	STATUS	n/a	n/a	D255
980.2760000000	n/a	n/a	STATUS	n/a	n/a	DI52
980.3280000000	n/a	n/a	STATUS	n/a	n/a	D255
980.4800000000	n/a	n/a	STATUS	n/a	n/a	DI12
980.5320000000	n/a	n/a	STATUS	n/a	n/a	D255
980.5360000000	n/a	n/a	STATUS	n/a	n/a	DIN4
980.5840000000	n/a	n/a	STATUS	n/a	n/a	D255
981.3400000000	n/a	n/a	STATUS	n/a	n/a	DIN5
981.3920000000	n/a	n/a	STATUS	n/a	n/a	D255
981.8720000000	n/a	n/a	STATUS	n/a	n/a	D183
981.9200000000	n/a	n/a	STATUS	n/a	n/a	D255
981.9560000000	n/a	n/a	STATUS	n/a	n/a	DI54
982.0080000000	n/a	n/a	STATUS	n/a	n/a	D255
982.1200000000	n/a	n/a	STATUS	n/a	n/a	DI34
982.1680000000	n/a	n/a	STATUS	n/a	n/a	D255
982.4280000000	n/a	n/a	STATUS	n/a	n/a	DIN5
982.4800000000	n/a	n/a	STATUS	n/a	n/a	D255
982.9360000000	n/a	n/a	STATUS	n/a	n/a	D172
982.9880000000	n/a	n/a	STATUS	n/a	n/a	D255
983.0240000000	n/a	n/a	STATUS	n/a	n/a	DI53
983.0760000000	n/a	n/a	STATUS	n/a	n/a	D255
983.2320000000	n/a	n/a	STATUS	n/a	n/a	DI43
983.2800000000	n/a	n/a	STATUS	n/a	n/a	D255
983.5400000000	n/a	n/a	STATUS	n/a	n/a	DIN5
983.5920000000	n/a	n/a	STATUS	n/a	n/a	D255
984.0960000000	n/a	n/a	STATUS	n/a	n/a	DI74
984.1440000000	n/a	n/a	STATUS	n/a	n/a	D255
984.1840000000	n/a	n/a	STATUS	n/a	n/a	DI53
984.2320000000	n/a	n/a	STATUS	n/a	n/a	D255
984.4400000000	n/a	n/a	STATUS	n/a	n/a	DI43
984.4880000000	n/a	n/a	STATUS	n/a	n/a	D255
984.7480000000	n/a	n/a	STATUS	n/a	n/a	DIN5
984.8000000000	n/a	n/a	STATUS	n/a	n/a	D255
985.1440000000	n/a	n/a	STATUS	n/a	n/a	DI94
985.1920000000	n/a	n/a	STATUS	n/a	n/a	D255
985.2320000000	n/a	n/a	STATUS	n/a	n/a	DI53
985.2800000000	n/a	n/a	STATUS	n/a	n/a	D255
985.4400000000	n/a	n/a	STATUS	n/a	n/a	DI43
985.4920000000	n/a	n/a	STATUS	n/a	n/a	D255
985.7480000000	n/a	n/a	STATUS	n/a	n/a	DIN5
985.8000000000	n/a	n/a	STATUS	n/a	n/a	D255
986.2200000000	n/a	n/a	STATUS	n/a	n/a	D195
986.2680000000	n/a	n/a	STATUS	n/a	n/a	D255
986.3040000000	n/a	n/a	STATUS	n/a	n/a	DI52
986.3560000000	n/a	n/a	STATUS	n/a	n/a	D255
986.5440000000	n/a	n/a	STATUS	n/a	n/a	DI12
986.5920000000	n/a	n/a	STATUS	n/a	n/a	D255
986.5960000000	n/a	n/a	STATUS	n/a	n/a	DIN4
986.6480000000	n/a	n/a	STATUS	n/a	n/a	D255
987.4040000000	n/a	n/a	STATUS	n/a	n/a	DIN5
987.4520000000	n/a	n/a	STATUS	n/a	n/a	D255
987.7600000000	n/a	n/a	STATUS	n/a	n/a	D229
987.8120000000	n/a	n/a	STATUS	n/a	n/a	D255
987.8520000000	n/a	n/a	STATUS	n/a	n/a	DI52
987.9000000000	n/a	n/a	STATUS	n/a	n/a	D255
988.1200000000	n/a	n/a	STATUS	n/a	n/a	DI12
988.1720000000	n/a	n/a	STATUS	n/a	n/a	D255
988.1760000000	n/a	n/a	STATUS	n/a	n/a	DIN4
988.2240000000	n/a	n/a	STATUS	n/a	n/a	D255
988.9800000000	n/a	n/a	STATUS	n/a	n/a	DIN5
989.0320000000	n/a	n/a	STATUS	n/a	n/a	D255
989.4440000000	n/a	n/a	STATUS	n/a	n/a	D182
989.4960000000	n/a	n/a	STATUS	n/a	n/a	D255
989.5320000000	n/a	n/a	STATUS	n/a	n/a	DI54
989.5840000000	n/a	n/a	STATUS	n/a	n/a	D255
989.6600000000	n/a	n/a	STATUS	n/a	n/a	DI24
989.7120000000	n/a	n/a	STATUS	n/a	n/a	D255
989.7160000000	n/a	n/a	STATUS	n/a	n/a	DIN4
989.7640000000	n/a	n/a	STATUS	n/a	n/a	D255
990.5200000000	n/a	n/a	STATUS	n/a	n/a	DIN5
990.5720000000	n/a	n/a	STATUS	n/a	n/a	D255
990.9400000000	n/a	n/a	STATUS	n/a	n/a	D191
990.9880000000	n/a	n/a	STATUS	n/a	n/a	D255
991.0280000000	n/a	n/a	STATUS	n/a	n/a	DI54
991.0760000000	n/a	n/a	STATUS	n/a	n/a	D255
991.1400000000	n/a	n/a	STATUS	n/a	n/a	DI34
991.1920000000	n/a	n/a	STATUS	n/a	n/a	D255
991.4480000000	n/a	n/a	STATUS	n/a	n/a	DIN5
991.5000000000	n/a	n/a	STATUS	n/a	n/a	D255
991.9520000000	n/a	n/a	STATUS	n/a	n/a	DI81
992.0040000000	n/a	n/a	STATUS	n/a	n/a	D255
992.0400000000	n/a	n/a	STATUS	n/a	n/a	DI51
992.0920000000	n/a	n/a	STATUS	n/a	n/a	D255
992.2080000000	n/a	n/a	STATUS	n/a	n/a	DI21
992.2600000000	n/a	n/a	STATUS	n/a	n/a	D255
992.2640000000	n/a	n/a	STATUS	n/a	n/a	DIN4
992.3160000000	n/a	n/a	STATUS	n/a	n/a	D255
993.0680000000	n/a	n/a	STATUS	n/a	n/a	DIN5
993.1200000000	n/a	n/a	STATUS	n/a	n/a	D255
993.5920000000	n/a	n/a	STATUS	n/a	n/a	D201
993.6440000000	n/a	n/a	STATUS	n/a	n/a	D255
993.6800000000	n/a	n/a	STATUS	n/a	n/a	DI54
993.7320000000	n/a	n/a	STATUS	n/a	n/a	D255
993.8680000000	n/a	n/a	STATUS	n/a	n/a	DI34
993.9200000000	n/a	n/a	STATUS	n/a	n/a	D255
994.1800000000	n/a	n/a	STATUS	n/a	n/a	DIN5
994.2280000000	n/a	n/a	STATUS	n/a	n/a	D255
994.5400000000	n/a	n/a	STATUS	n/a	n/a	D251
994.5880000000	n/a	n/a	STATUS	n/a	n/a	D255
994.6280000000	n/a	n/a	STATUS	n/a	n/a	DI54
994.6760000000	n/a	n/a	STATUS	n/a	n/a	D255
994.9200000000	n/a	n/a	STATUS	n/a	n/a	DI34
994.9680000000	n/a	n/a	STATUS	n/a	n/a	D255
995.2280000000	n/a	n/a	STATUS	n/a	n/a	DIN5
995.2800000000	n/a	n/a	STATUS	n/a	n/a	D255
995.7760000000	n/a	n/a	STATUS	n/a	n/a	D149
995.8280000000	n/a	n/a	STATUS	n/a	n/a	D255
995.8640000000	n/a	n/a	STATUS	n/a	n/a	DI54
995.9160000000	n/a	n/a	STATUS	n/a	n/a	D255
996.0600000000	n/a	n/a	STATUS	n/a	n/a	DI34
996.1080000000	n/a	n/a	STATUS	n/a	n/a	D255
996.3680000000	n/a	n/a	STATUS	n/a	n/a	DIN5
996.4200000000	n/a	n/a	STATUS	n/a	n/a	DI69
996.4200000000	n/a	n/a	STATUS	n/a	n/a	D255
996.7280000000	n/a	n/a	STATUS	n/a	n/a	D196
996.7800000000	n/a	n/a	STATUS	n/a	n/a	D255
996.8160000000	n/a	n/a	STATUS	n/a	n/a	DI51
996.8640000000	n/a	n/a	STATUS	n/a	n/a	D255
997.0160000000	n/a	n/a	STATUS	n/a	n/a	DI31
997.0680000000	n/a	n/a	STATUS	n/a	n/a	D255
997.3280000000	n/a	n/a	STATUS	n/a	n/a	DIN5
997.3760000000	n/a	n/a	STATUS	n/a	n/a	D255
997.7360000000	n/a	n/a	STATUS	n/a	n/a	D210
997.7880000000	n/a	n/a	STATUS	n/a	n/a	D255
997.8240000000	n/a	n/a	STATUS	n/a	n/a	DI52
997.8760000000	n/a	n/a	STATUS	n/a	n/a	D255
998.0240000000	n/a	n/a	STATUS	n/a	n/a	DI12
998.0760000000	n/a	n/a	STATUS	n/a	n/a	D255
998.0800000000	n/a	n/a	STATUS	n/a	n/a	DIN4
998.1320000000	n/a	n/a	STATUS	n/a	n/a	D255
998.8840000000	n/a	n/a	STATUS	n/a	n/a	DIN5
998.9360000000	n/a	n/a	STATUS	n/a	n/a	D255
999.4040000000	n/a	n/a	STATUS	n/a	n/a	D130
999.4560000000	n/a	n/a	STATUS	n/a	n/a	D255
999.4920000000	n/a	n/a	STATUS	n/a	n/a	DI53
999.5440000000	n/a	n/a	STATUS	n/a	n/a	D255
999.6640000000	n/a	n/a	STATUS	n/a	n/a	DI13
999.7120000000	n/a	n/a	STATUS	n/a	n/a	D255
999.7160000000	n/a	n/a	STATUS	n/a	n/a	DIN4
999.7680000000	n/a	n/a	STATUS	n/a	n/a	D255
1000.5240000000	n/a	n/a	STATUS	n/a	n/a	DIN5
1000.5720000000	n/a	n/a	STATUS	n/a	n/a	D255
1001.0080000000	n/a	n/a	STATUS	n/a	n/a	D245
1001.0600000000	n/a	n/a	STATUS	n/a	n/a	D255
1001.0960000000	n/a	n/a	STATUS	n/a	n/a	DI54
1001.1480000000	n/a	n/a	STATUS	n/a	n/a	D255
1001.2960000000	n/a	n/a	STATUS	n/a	n/a	DI34
1001.3440000000	n/a	n/a	STATUS	n/a	n/a	D255
1001.6040000000	n/a	n/a	STATUS	n/a	n/a	DIN5
1001.6560000000	n/a	n/a	STATUS	n/a	n/a	D255
1001.9840000000	n/a	n/a	STATUS	n/a	n/a	D106
1002.0360000000	n/a	n/a	STATUS	n/a	n/a	D255
1002.0720000000	n/a	n/a	STATUS	n/a	n/a	DI51
1002.1200000000	n/a	n/a	STATUS	n/a	n/a	D255
1002.2840000000	n/a	n/a	STATUS	n/a	n/a	DI21
1002.3320000000	n/a	n/a	STATUS	n/a	n/a	D255
1002.3400000000	n/a	n/a	STATUS	n/a	n/a	DIN4
1002.3880000000	n/a	n/a	STATUS	n/a	n/a	D255
1003.1440000000	n/a	n/a	STATUS	n/a	n/a	DIN5
1003.1920000000	n/a	n/a	STATUS	n/a	n/a	D255
1003.6440000000	n/a	n/a	STATUS	n/a	n/a	D115
1003.6920000000	n/a	n/a	STATUS	n/a	n/a	D255
1003.7320000000	n/a	n/a	STATUS	n/a	n/a	DI51
1003.7800000000	n/a	n/a	STATUS	n/a	n/a	D255
1004.0880000000	n/a	n/a	STATUS	n/a	n/a	DI31
1004.1400000000	n/a	n/a	STATUS	n/a	n/a	D255
1004.4000000000	n/a	n/a	STATUS	n/a	n/a	DIN5
1004.4480000000	n/a	n/a	STATUS	n/a	n/a	D255
1004.9000000000	n/a	n/a	STATUS	n/a	n/a	D214
1004.9480000000	n/a	n/a	STATUS	n/a	n/a	D255
1004.9880000000	n/a	n/a	STATUS	n/a	n/a	DI53
1005.0360000000	n/a	n/a	STATUS	n/a	n/a	D255
1005.2800000000	n/a	n/a	STATUS	n/a	n/a	DI43
1005.3320000000	n/a	n/a	STATUS	n/a	n/a	D255
1005.5880000000	n/a	n/a	STATUS	n/a	n/a	DIN5
1005.6400000000	n/a	n/a	STATUS	n/a	n/a	D255
1005.9440000000	n/a	n/a	STATUS	n/a	n/a	D231
1005.9960000000	n/a	n/a	STATUS	n/a	n/a	D255
1006.0320000000	n/a	n/a	STATUS	n/a	n/a	DI53
1006.0840000000	n/a	n/a	STATUS	n/a	n/a	D255
1006.3720000000	n/a	n/a	STATUS	n/a	n/a	DI43
1006.4240000000	n/a	n/a	STATUS	n/a	n/a	D255
1006.6800000000	n/a	n/a	STATUS	n/a	n/a	DIN5
1006.7320000000	n/a	n/a	STATUS	n/a	n/a	D255
1007.0360000000	n/a	n/a	STATUS	n/a	n/a	D244
1007.0880000000	n/a	n/a	STATUS	n/a	n/a	D255
1007.1240000000	n/a	n/a	STATUS	n/a	n/a	DI54
1007.1720000000	n/a	n/a	STATUS	n/a	n/a	D255
1007.3760000000	n/a	n/a	STATUS	n/a	n/a	DI34
1007.4240000000	n/a	n/a	STATUS	n/a	n/a	D255
1007.6840000000	n/a	n/a	STATUS	n/a	n/a	DIN5
1007.7320000000	n/a	n/a	STATUS	n/a	n/a	D255
1008.1960000000	n/a	n/a	STATUS	n/a	n/a	D153
1008.2480000000	n/a	n/a	STATUS	n/a	n/a	D255
1008.2880000000	n/a	n/a	STATUS	n/a	n/a	DI52
1008.3360000000	n/a	n/a	STATUS	n/a	n/a	D255
1008.5600000000	n/a	n/a	STATUS	n/a	n/a	DI12
1008.6080000000	n/a	n/a	STATUS	n/a	n/a	D255
1008.6120000000	n/a	n/a	STATUS	n/a	n/a	DIN4
1008.6640000000	n/a	n/a	STATUS	n/a	n/a	D255
1009.4160000000	n/a	n/a	STATUS	n/a	n/a	DIN5
1009.4680000000	n/a	n/a	STATUS	n/a	n/a	D255
1009.8680000000	n/a	n/a	STATUS	n/a	n/a	D232
1009.9160000000	n/a	n/a	STATUS	n/a	n/a	D255
1009.9560000000	n/a	n/a	STATUS	n/a	n/a	DI51
1010.0040000000	n/a	n/a	STATUS	n/a	n/a	D255
1010.4200000000	n/a	n/a	STATUS	n/a	n/a	DI31
1010.4680000000	n/a	n/a	STATUS	n/a	n/a	D255
1010.7280000000	n/a	n/a	STATUS	n/a	n/a	DIN5
1010.7800000000	n/a	n/a	STATUS	n/a	n/a	D255
1011.2840000000	n/a	n/a	STATUS	n/a	n/a	D116
1011.3320000000	n/a	n/a	STATUS	n/a	n/a	D255
1011.3720000000	n/a	n/a	STATUS	n/a	n/a	DI54
1011.4200000000	n/a	n/a	STATUS	n/a	n/a	D255
1011.5240000000	n/a	n/a	STATUS	n/a	n/a	DI24
1011.5760000000	n/a	n/a	STATUS	n/a	n/a	D255
1011.5800000000	n/a	n/a	STATUS	n/a	n/a	DIN4
1011.6280000000	n/a	n/a	STATUS	n/a	n/a	D255
1012.3840000000	n/a	n/a	STATUS	n/a	n/a	DIN5
1012.4360000000	n/a	n/a	STATUS	n/a	n/a	D255
1012.9360000000	n/a	n/a	STATUS	n/a	n/a	D222
1012.9840000000	n/a	n/a	STATUS	n/a	n/a	D255
1013.0240000000	n/a	n/a	STATUS	n/a	n/a	DI52
1013.0720000000	n/a	n/a	STATUS	n/a	n/a	DI42
1013.1240000000	n/a	n/a	STATUS	n/a	n/a	D255
1013.3800000000	n/a	n/a	STATUS	n/a	n/a	DIN5
1013.4320000000	n/a	n/a	STATUS	n/a	n/a	D255
1013.8160000000	n/a	n/a	STATUS	n/a	n/a	D160
1013.8640000000	n/a	n/a	STATUS	n/a	n/a	D255
1013.9040000000	n/a	n/a	STATUS	n/a	n/a	DI51
1013.9520000000	n/a	n/a	STATUS	n/a	n/a	DI21
1014.0040000000	n/a	n/a	STATUS	n/a	n/a	D255
1014.0080000000	n/a	n/a	STATUS	n/a	n/a	DIN4
1014.0560000000	n/a	n/a	STATUS	n/a	n/a	D255
1014.8120000000	n/a	n/a	STATUS	n/a	n/a	DIN5
1014.8640000000	n/a	n/a	STATUS	n/a	n/a	D255
1015.2920000000	n/a	n/a	STATUS	n/a	n/a	DI87
1015.3440000000	n/a	n/a	STATUS	n/a	n/a	D255
1015.3800000000	n/a	n/a	STATUS	n/a	n/a	DI51
1015.4280000000	n/a	n/a	STATUS	n/a	n/a	DI21
1015.4800000000	n/a	n/a	STATUS	n/a	n/a	D255
1015.4840000000	n/a	n/a	STATUS	n/a	n/a	DIN4
1015.5320000000	n/a	n/a	STATUS	n/a	n/a	D255
1016.2880000000	n/a	n/a	STATUS	n/a	n/a	DIN5
1016.3400000000	n/a	n/a	STATUS	n/a	n/a	D255
1016.8240000000	n/a	n/a	STATUS	n/a	n/a	D215
1016.8720000000	n/a	n/a	STATUS	n/a	n/a	D255
1016.9120000000	n/a	n/a	STATUS	n/a	n/a	DI51
1016.9600000000	n/a	n/a	STATUS	n/a	n/a	D255
1017.2600000000	n/a	n/a	STATUS	n/a	n/a	DI31
1017.3080000000	n/a	n/a	STATUS	n/a	n/a	D255
1017.5680000000	n/a	n/a	STATUS	n/a	n/a	DIN5
1017.6200000000	n/a	n/a	STATUS	n/a	n/a	D255
1017.9600000000	n/a	n/a	STATUS	n/a	n/a	D180
1018.0080000000	n/a	n/a	STATUS	n/a	n/a	D255
1018.0480000000	n/a	n/a	STATUS	n/a	n/a	DI52
1018.0960000000	n/a	n/a	STATUS	n/a	n/a	D255
1018.3000000000	n/a	n/a	STATUS	n/a	n/a	DI12
1018.3520000000	n/a	n/a	STATUS	n/a	n/a	D255
1018.3560000000	n/a	n/a	STATUS	n/a	n/a	DIN4
1018.4040000000	n/a	n/a	STATUS	n/a	n/a	D255
1019.1600000000	n/a	n/a	STATUS	n/a	n/a	DIN5
1019.2080000000	n/a	n/a	STATUS	n/a	n/a	D255
1019.5600000000	n/a	n/a	STATUS	n/a	n/a	D179
1019.6080000000	n/a	n/a	STATUS	n/a	n/a	D255
1019.6480000000	n/a	n/a	STATUS	n/a	n/a	DI51
1019.6960000000	n/a	n/a	STATUS	n/a	n/a	D255
1020.0280000000	n/a	n/a	STATUS	n/a	n/a	DI31
1020.0760000000	n/a	n/a	STATUS	n/a	n/a	D255
1020.3360000000	n/a	n/a	STATUS	n/a	n/a	DIN5
1020.3880000000	n/a	n/a	STATUS	n/a	n/a	D255
1020.7160000000	n/a	n/a	STATUS	n/a	n/a	D146
1020.7680000000	n/a	n/a	STATUS	n/a	n/a	D255
1020.8040000000	n/a	n/a	STATUS	n/a	n/a	DI53
1020.8520000000	n/a	n/a	STATUS	n/a	n/a	D255
1021.0320000000	n/a	n/a	STATUS	n/a	n/a	DI43
1021.0840000000	n/a	n/a	STATUS	n/a	n/a	D255
1021.3400000000	n/a	n/a	STATUS	n/a	n/a	DIN5
1021.3920000000	n/a	n/a	STATUS	n/a	n/a	D255
1021.8720000000	n/a	n/a	STATUS	n/a	n/a	DI66
1021.9200000000	n/a	n/a	STATUS	n/a	n/a	D255
1021.9600000000	n/a	n/a	STATUS	n/a	n/a	DI54
1022.0080000000	n/a	n/a	STATUS	n/a	n/a	D255
1022.0440000000	n/a	n/a	STATUS	n/a	n/a	DI34
1022.0920000000	n/a	n/a	STATUS	n/a	n/a	D255
1022.3520000000	n/a	n/a	STATUS	n/a	n/a	DIN5
1022.4040000000	n/a	n/a	STATUS	n/a	n/a	D255
1022.7680000000	n/a	n/a	STATUS	n/a	n/a	DI83
1022.8160000000	n/a	n/a	STATUS	n/a	n/a	D255
1022.8560000000	n/a	n/a	STATUS	n/a	n/a	DI54
1022.9040000000	n/a	n/a	STATUS	n/a	n/a	D255
1023.0840000000	n/a	n/a	STATUS	n/a	n/a	DI24
1023.1360000000	n/a	n/a	STATUS	n/a	n/a	D255
1023.1400000000	n/a	n/a	STATUS	n/a	n/a	DIN4
1023.1880000000	n/a	n/a	STATUS	n/a	n/a	D255
1023.9440000000	n/a	n/a	STATUS	n/a	n/a	DIN5
1023.9920000000	n/a	n/a	STATUS	n/a	n/a	D255
1024.3120000000	n/a	n/a	STATUS	n/a	n/a	D207
1024.3640000000	n/a	n/a	STATUS	n/a	n/a	D255
1024.4000000000	n/a	n/a	STATUS	n/a	n/a	DI53
1024.4520000000	n/a	n/a	STATUS	n/a	n/a	D255
1024.6080000000	n/a	n/a	STATUS	n/a	n/a	DI43
1024.6600000000	n/a	n/a	STATUS	n/a	n/a	D255
1024.9160000000	n/a	n/a	STATUS	n/a	n/a	DIN5
1024.9680000000	n/a	n/a	STATUS	n/a	n/a	D255
1025.3480000000	n/a	n/a	STATUS	n/a	n/a	D226
1025.3960000000	n/a	n/a	STATUS	n/a	n/a	D255
1025.4360000000	n/a	n/a	STATUS	n/a	n/a	DI51
1025.4840000000	n/a	n/a	STATUS	n/a	n/a	D255
1025.7080000000	n/a	n/a	STATUS	n/a	n/a	DI21
1025.7600000000	n/a	n/a	STATUS	n/a	n/a	D255
1025.7640000000	n/a	n/a	STATUS	n/a	n/a	DIN4
1025.8120000000	n/a	n/a	STATUS	n/a	n/a	D255
1026.5680000000	n/a	n/a	STATUS	n/a	n/a	DIN5
1026.6200000000	n/a	n/a	STATUS	n/a	n/a	D255
1027.1200000000	n/a	n/a	STATUS	n/a	n/a	DI90
1027.1680000000	n/a	n/a	STATUS	n/a	n/a	D255
1027.2080000000	n/a	n/a	STATUS	n/a	n/a	DI52
1027.2560000000	n/a	n/a	STATUS	n/a	n/a	D255
1027.3800000000	n/a	n/a	STATUS	n/a	n/a	DI12
1027.4320000000	n/a	n/a	STATUS	n/a	n/a	D255
1027.4360000000	n/a	n/a	STATUS	n/a	n/a	DIN4
1027.4840000000	n/a	n/a	STATUS	n/a	n/a	D255
1028.2400000000	n/a	n/a	STATUS	n/a	n/a	DIN5
1028.2880000000	n/a	n/a	STATUS	n/a	n/a	D255
1028.7600000000	n/a	n/a	STATUS	n/a	n/a	DI89
1028.8080000000	n/a	n/a	STATUS	n/a	n/a	D255
1028.8480000000	n/a	n/a	STATUS	n/a	n/a	DI52
1028.8960000000	n/a	n/a	STATUS	n/a	n/a	D255
1029.1040000000	n/a	n/a	STATUS	n/a	n/a	DI12
1029.1560000000	n/a	n/a	STATUS	n/a	n/a	D255
1029.1600000000	n/a	n/a	STATUS	n/a	n/a	DIN4
1029.2080000000	n/a	n/a	STATUS	n/a	n/a	D255
1029.9640000000	n/a	n/a	STATUS	n/a	n/a	DIN5
1030.0120000000	n/a	n/a	STATUS	n/a	n/a	D255
1030.3480000000	n/a	n/a	STATUS	n/a	n/a	D145
1030.4000000000	n/a	n/a	STATUS	n/a	n/a	D255
1030.4360000000	n/a	n/a	STATUS	n/a	n/a	DI52
1030.4840000000	n/a	n/a	STATUS	n/a	n/a	D255
1030.7000000000	n/a	n/a	STATUS	n/a	n/a	DI12
1030.7520000000	n/a	n/a	STATUS	n/a	n/a	D255
1030.7560000000	n/a	n/a	STATUS	n/a	n/a	DIN4
1030.8080000000	n/a	n/a	STATUS	n/a	n/a	D255
