onset	duration	sample	trial_type	response_time	stim_file	value
66.4320000000	n/a	n/a	STATUS	n/a	n/a	D255
203.7400000000	n/a	n/a	STATUS	n/a	n/a	DIN5
203.7920000000	n/a	n/a	STATUS	n/a	n/a	D255
204.1920000000	n/a	n/a	STATUS	n/a	n/a	DI82
204.2400000000	n/a	n/a	STATUS	n/a	n/a	D255
204.2760000000	n/a	n/a	STATUS	n/a	n/a	DI52
204.3280000000	n/a	n/a	STATUS	n/a	n/a	D255
204.8920000000	n/a	n/a	STATUS	n/a	n/a	DI42
204.9440000000	n/a	n/a	STATUS	n/a	n/a	D255
205.2080000000	n/a	n/a	STATUS	n/a	n/a	DIN5
205.2560000000	n/a	n/a	STATUS	n/a	n/a	D255
205.5800000000	n/a	n/a	STATUS	n/a	n/a	D192
205.6320000000	n/a	n/a	STATUS	n/a	n/a	D255
205.6680000000	n/a	n/a	STATUS	n/a	n/a	DI54
205.7200000000	n/a	n/a	STATUS	n/a	n/a	D255
206.0120000000	n/a	n/a	STATUS	n/a	n/a	DI34
206.0600000000	n/a	n/a	STATUS	n/a	n/a	D255
206.3200000000	n/a	n/a	STATUS	n/a	n/a	DIN5
206.3720000000	n/a	n/a	STATUS	n/a	n/a	D255
206.7160000000	n/a	n/a	STATUS	n/a	n/a	D225
206.7640000000	n/a	n/a	STATUS	n/a	n/a	D255
206.8040000000	n/a	n/a	STATUS	n/a	n/a	DI54
206.8520000000	n/a	n/a	STATUS	n/a	n/a	D255
207.1320000000	n/a	n/a	STATUS	n/a	n/a	DI34
207.1840000000	n/a	n/a	STATUS	n/a	n/a	D255
207.4440000000	n/a	n/a	STATUS	n/a	n/a	DIN5
207.4920000000	n/a	n/a	STATUS	n/a	n/a	D255
207.8720000000	n/a	n/a	STATUS	n/a	n/a	DI67
207.9240000000	n/a	n/a	STATUS	n/a	n/a	D255
207.9600000000	n/a	n/a	STATUS	n/a	n/a	DI53
208.0120000000	n/a	n/a	STATUS	n/a	n/a	D255
208.2560000000	n/a	n/a	STATUS	n/a	n/a	DI43
208.3080000000	n/a	n/a	STATUS	n/a	n/a	D255
208.5640000000	n/a	n/a	STATUS	n/a	n/a	DIN5
208.6160000000	n/a	n/a	STATUS	n/a	n/a	D255
208.9240000000	n/a	n/a	STATUS	n/a	n/a	D136
208.9760000000	n/a	n/a	STATUS	n/a	n/a	D255
209.0120000000	n/a	n/a	STATUS	n/a	n/a	DI51
209.0640000000	n/a	n/a	STATUS	n/a	n/a	D255
209.4480000000	n/a	n/a	STATUS	n/a	n/a	DI31
209.5000000000	n/a	n/a	STATUS	n/a	n/a	D255
209.7600000000	n/a	n/a	STATUS	n/a	n/a	DIN5
209.8080000000	n/a	n/a	STATUS	n/a	n/a	D255
210.3160000000	n/a	n/a	STATUS	n/a	n/a	D180
210.3640000000	n/a	n/a	STATUS	n/a	n/a	D255
210.4000000000	n/a	n/a	STATUS	n/a	n/a	DI54
210.4520000000	n/a	n/a	STATUS	n/a	n/a	D255
210.6720000000	n/a	n/a	STATUS	n/a	n/a	DI34
210.7240000000	n/a	n/a	STATUS	n/a	n/a	D255
210.9800000000	n/a	n/a	STATUS	n/a	n/a	DIN5
211.0320000000	n/a	n/a	STATUS	n/a	n/a	D255
211.3400000000	n/a	n/a	STATUS	n/a	n/a	D157
211.3920000000	n/a	n/a	STATUS	n/a	n/a	D255
211.4280000000	n/a	n/a	STATUS	n/a	n/a	DI52
211.4800000000	n/a	n/a	STATUS	n/a	n/a	D255
211.8440000000	n/a	n/a	STATUS	n/a	n/a	DI42
211.8960000000	n/a	n/a	STATUS	n/a	n/a	D255
212.1520000000	n/a	n/a	STATUS	n/a	n/a	DIN5
212.2040000000	n/a	n/a	STATUS	n/a	n/a	D255
212.6080000000	n/a	n/a	STATUS	n/a	n/a	D104
212.6600000000	n/a	n/a	STATUS	n/a	n/a	D255
212.6960000000	n/a	n/a	STATUS	n/a	n/a	DI53
212.7480000000	n/a	n/a	STATUS	n/a	n/a	D255
213.0440000000	n/a	n/a	STATUS	n/a	n/a	DI43
213.0960000000	n/a	n/a	STATUS	n/a	n/a	D255
213.3560000000	n/a	n/a	STATUS	n/a	n/a	DIN5
213.4040000000	n/a	n/a	STATUS	n/a	n/a	D255
213.9000000000	n/a	n/a	STATUS	n/a	n/a	D169
213.9520000000	n/a	n/a	STATUS	n/a	n/a	D255
213.9880000000	n/a	n/a	STATUS	n/a	n/a	DI53
214.0400000000	n/a	n/a	STATUS	n/a	n/a	D255
214.2200000000	n/a	n/a	STATUS	n/a	n/a	DI43
214.2680000000	n/a	n/a	STATUS	n/a	n/a	D255
214.5280000000	n/a	n/a	STATUS	n/a	n/a	DIN5
214.5800000000	n/a	n/a	STATUS	n/a	n/a	D255
214.9040000000	n/a	n/a	STATUS	n/a	n/a	DI97
214.9520000000	n/a	n/a	STATUS	n/a	n/a	D255
214.9880000000	n/a	n/a	STATUS	n/a	n/a	DI53
215.0400000000	n/a	n/a	STATUS	n/a	n/a	D255
215.3000000000	n/a	n/a	STATUS	n/a	n/a	DI43
215.3480000000	n/a	n/a	STATUS	n/a	n/a	D255
215.6080000000	n/a	n/a	STATUS	n/a	n/a	DIN5
215.6600000000	n/a	n/a	STATUS	n/a	n/a	D255
216.1440000000	n/a	n/a	STATUS	n/a	n/a	D166
216.1920000000	n/a	n/a	STATUS	n/a	n/a	D255
216.2320000000	n/a	n/a	STATUS	n/a	n/a	DI52
216.2800000000	n/a	n/a	STATUS	n/a	n/a	D255
216.6120000000	n/a	n/a	STATUS	n/a	n/a	DI42
216.6640000000	n/a	n/a	STATUS	n/a	n/a	D255
216.9240000000	n/a	n/a	STATUS	n/a	n/a	DIN5
216.9720000000	n/a	n/a	STATUS	n/a	n/a	D255
217.3120000000	n/a	n/a	STATUS	n/a	n/a	D254
217.3600000000	n/a	n/a	STATUS	n/a	n/a	D255
217.4000000000	n/a	n/a	STATUS	n/a	n/a	DI52
217.4520000000	n/a	n/a	STATUS	n/a	n/a	D255
217.8360000000	n/a	n/a	STATUS	n/a	n/a	DI42
217.8840000000	n/a	n/a	STATUS	n/a	n/a	D255
218.1440000000	n/a	n/a	STATUS	n/a	n/a	DIN5
218.1920000000	n/a	n/a	STATUS	n/a	n/a	D255
218.6760000000	n/a	n/a	STATUS	n/a	n/a	D245
218.7280000000	n/a	n/a	STATUS	n/a	n/a	D255
218.7640000000	n/a	n/a	STATUS	n/a	n/a	DI52
218.8160000000	n/a	n/a	STATUS	n/a	n/a	D255
219.1720000000	n/a	n/a	STATUS	n/a	n/a	DI42
219.2240000000	n/a	n/a	STATUS	n/a	n/a	D255
219.4840000000	n/a	n/a	STATUS	n/a	n/a	DIN5
219.5320000000	n/a	n/a	STATUS	n/a	n/a	D255
219.8520000000	n/a	n/a	STATUS	n/a	n/a	D198
219.9040000000	n/a	n/a	STATUS	n/a	n/a	D255
219.9400000000	n/a	n/a	STATUS	n/a	n/a	DI52
219.9880000000	n/a	n/a	STATUS	n/a	n/a	D255
220.3240000000	n/a	n/a	STATUS	n/a	n/a	DI42
220.3720000000	n/a	n/a	STATUS	n/a	n/a	D255
220.6320000000	n/a	n/a	STATUS	n/a	n/a	DIN5
220.6800000000	n/a	n/a	STATUS	n/a	n/a	D255
220.9920000000	n/a	n/a	STATUS	n/a	n/a	DI89
221.0440000000	n/a	n/a	STATUS	n/a	n/a	D255
221.0800000000	n/a	n/a	STATUS	n/a	n/a	DI54
221.1280000000	n/a	n/a	STATUS	n/a	n/a	D255
221.4240000000	n/a	n/a	STATUS	n/a	n/a	DI34
221.4760000000	n/a	n/a	STATUS	n/a	n/a	D255
221.7360000000	n/a	n/a	STATUS	n/a	n/a	DIN5
221.7840000000	n/a	n/a	STATUS	n/a	n/a	D255
222.2640000000	n/a	n/a	STATUS	n/a	n/a	D185
222.3160000000	n/a	n/a	STATUS	n/a	n/a	D255
222.3520000000	n/a	n/a	STATUS	n/a	n/a	DI51
222.4040000000	n/a	n/a	STATUS	n/a	n/a	D255
222.6400000000	n/a	n/a	STATUS	n/a	n/a	DI21
222.6880000000	n/a	n/a	STATUS	n/a	n/a	D255
222.6920000000	n/a	n/a	STATUS	n/a	n/a	DIN4
222.7440000000	n/a	n/a	STATUS	n/a	n/a	D255
223.5000000000	n/a	n/a	STATUS	n/a	n/a	DIN5
223.5480000000	n/a	n/a	STATUS	n/a	n/a	D255
223.8680000000	n/a	n/a	STATUS	n/a	n/a	D175
223.9200000000	n/a	n/a	STATUS	n/a	n/a	D255
223.9560000000	n/a	n/a	STATUS	n/a	n/a	DI51
224.0080000000	n/a	n/a	STATUS	n/a	n/a	D255
224.4680000000	n/a	n/a	STATUS	n/a	n/a	DI31
224.5200000000	n/a	n/a	STATUS	n/a	n/a	D255
224.7760000000	n/a	n/a	STATUS	n/a	n/a	DIN5
224.8280000000	n/a	n/a	STATUS	n/a	n/a	D255
225.1480000000	n/a	n/a	STATUS	n/a	n/a	D130
225.1960000000	n/a	n/a	STATUS	n/a	n/a	D255
225.2360000000	n/a	n/a	STATUS	n/a	n/a	DI52
225.2840000000	n/a	n/a	STATUS	n/a	n/a	D255
225.6600000000	n/a	n/a	STATUS	n/a	n/a	DI42
225.7120000000	n/a	n/a	STATUS	n/a	n/a	D255
225.9720000000	n/a	n/a	STATUS	n/a	n/a	DIN5
226.0200000000	n/a	n/a	STATUS	n/a	n/a	D255
226.3440000000	n/a	n/a	STATUS	n/a	n/a	D173
226.3960000000	n/a	n/a	STATUS	n/a	n/a	D255
226.4320000000	n/a	n/a	STATUS	n/a	n/a	DI54
226.4840000000	n/a	n/a	STATUS	n/a	n/a	D255
226.7960000000	n/a	n/a	STATUS	n/a	n/a	DI34
226.8480000000	n/a	n/a	STATUS	n/a	n/a	D255
227.1040000000	n/a	n/a	STATUS	n/a	n/a	DIN5
227.1560000000	n/a	n/a	STATUS	n/a	n/a	D255
227.5760000000	n/a	n/a	STATUS	n/a	n/a	D207
227.6280000000	n/a	n/a	STATUS	n/a	n/a	D255
227.6640000000	n/a	n/a	STATUS	n/a	n/a	DI51
227.7120000000	n/a	n/a	STATUS	n/a	n/a	D255
228.1080000000	n/a	n/a	STATUS	n/a	n/a	DI31
228.1560000000	n/a	n/a	STATUS	n/a	n/a	D255
228.4160000000	n/a	n/a	STATUS	n/a	n/a	DIN5
228.4680000000	n/a	n/a	STATUS	n/a	n/a	D255
228.9080000000	n/a	n/a	STATUS	n/a	n/a	D247
228.9560000000	n/a	n/a	STATUS	n/a	n/a	D255
228.9920000000	n/a	n/a	STATUS	n/a	n/a	DI52
229.0440000000	n/a	n/a	STATUS	n/a	n/a	D255
229.4040000000	n/a	n/a	STATUS	n/a	n/a	DI42
229.4520000000	n/a	n/a	STATUS	n/a	n/a	D255
229.7120000000	n/a	n/a	STATUS	n/a	n/a	DIN5
229.7640000000	n/a	n/a	STATUS	n/a	n/a	D255
230.1000000000	n/a	n/a	STATUS	n/a	n/a	D110
230.1520000000	n/a	n/a	STATUS	n/a	n/a	D255
230.1880000000	n/a	n/a	STATUS	n/a	n/a	DI54
230.2400000000	n/a	n/a	STATUS	n/a	n/a	D255
230.5640000000	n/a	n/a	STATUS	n/a	n/a	DI34
230.6160000000	n/a	n/a	STATUS	n/a	n/a	D255
230.8760000000	n/a	n/a	STATUS	n/a	n/a	DIN5
230.9240000000	n/a	n/a	STATUS	n/a	n/a	D255
231.3640000000	n/a	n/a	STATUS	n/a	n/a	DI85
231.4160000000	n/a	n/a	STATUS	n/a	n/a	D255
231.4520000000	n/a	n/a	STATUS	n/a	n/a	DI51
231.5040000000	n/a	n/a	STATUS	n/a	n/a	D255
231.8840000000	n/a	n/a	STATUS	n/a	n/a	DI31
231.9360000000	n/a	n/a	STATUS	n/a	n/a	D255
232.1920000000	n/a	n/a	STATUS	n/a	n/a	DIN5
232.2440000000	n/a	n/a	STATUS	n/a	n/a	D255
232.6000000000	n/a	n/a	STATUS	n/a	n/a	D113
232.6480000000	n/a	n/a	STATUS	n/a	n/a	D255
232.6880000000	n/a	n/a	STATUS	n/a	n/a	DI52
232.7360000000	n/a	n/a	STATUS	n/a	n/a	D255
233.1120000000	n/a	n/a	STATUS	n/a	n/a	DI42
233.1600000000	n/a	n/a	STATUS	n/a	n/a	D255
233.4200000000	n/a	n/a	STATUS	n/a	n/a	DIN5
233.4720000000	n/a	n/a	STATUS	n/a	n/a	D255
233.8440000000	n/a	n/a	STATUS	n/a	n/a	D103
233.8960000000	n/a	n/a	STATUS	n/a	n/a	D255
233.9320000000	n/a	n/a	STATUS	n/a	n/a	DI52
233.9840000000	n/a	n/a	STATUS	n/a	n/a	D255
234.4800000000	n/a	n/a	STATUS	n/a	n/a	DI42
234.5320000000	n/a	n/a	STATUS	n/a	n/a	D255
234.7920000000	n/a	n/a	STATUS	n/a	n/a	DIN5
234.8400000000	n/a	n/a	STATUS	n/a	n/a	D255
235.2840000000	n/a	n/a	STATUS	n/a	n/a	D141
235.3360000000	n/a	n/a	STATUS	n/a	n/a	D255
235.3720000000	n/a	n/a	STATUS	n/a	n/a	DI51
235.4240000000	n/a	n/a	STATUS	n/a	n/a	D255
235.8080000000	n/a	n/a	STATUS	n/a	n/a	DI31
235.8600000000	n/a	n/a	STATUS	n/a	n/a	D255
236.1200000000	n/a	n/a	STATUS	n/a	n/a	DIN5
236.1680000000	n/a	n/a	STATUS	n/a	n/a	D255
236.6440000000	n/a	n/a	STATUS	n/a	n/a	DI75
236.6920000000	n/a	n/a	STATUS	n/a	n/a	D255
236.7320000000	n/a	n/a	STATUS	n/a	n/a	DI53
236.7800000000	n/a	n/a	STATUS	n/a	n/a	D255
237.1600000000	n/a	n/a	STATUS	n/a	n/a	DI43
237.2120000000	n/a	n/a	STATUS	n/a	n/a	D255
237.2120000000	n/a	n/a	STATUS	n/a	n/a	D235
237.4680000000	n/a	n/a	STATUS	n/a	n/a	DIN5
237.5200000000	n/a	n/a	STATUS	n/a	n/a	D255
237.9760000000	n/a	n/a	STATUS	n/a	n/a	D171
238.0240000000	n/a	n/a	STATUS	n/a	n/a	D255
238.0640000000	n/a	n/a	STATUS	n/a	n/a	DI53
238.1120000000	n/a	n/a	STATUS	n/a	n/a	D255
238.3840000000	n/a	n/a	STATUS	n/a	n/a	DI43
238.4360000000	n/a	n/a	STATUS	n/a	n/a	D255
238.6920000000	n/a	n/a	STATUS	n/a	n/a	DIN5
238.7440000000	n/a	n/a	STATUS	n/a	n/a	D255
239.1280000000	n/a	n/a	STATUS	n/a	n/a	D196
239.1800000000	n/a	n/a	STATUS	n/a	n/a	D255
239.2160000000	n/a	n/a	STATUS	n/a	n/a	DI52
239.2680000000	n/a	n/a	STATUS	n/a	n/a	D255
239.6560000000	n/a	n/a	STATUS	n/a	n/a	DI42
239.7080000000	n/a	n/a	STATUS	n/a	n/a	D255
239.9680000000	n/a	n/a	STATUS	n/a	n/a	DIN5
240.0160000000	n/a	n/a	STATUS	n/a	n/a	D255
240.3800000000	n/a	n/a	STATUS	n/a	n/a	D235
240.4320000000	n/a	n/a	STATUS	n/a	n/a	D255
240.4680000000	n/a	n/a	STATUS	n/a	n/a	DI53
240.5200000000	n/a	n/a	STATUS	n/a	n/a	D255
240.9440000000	n/a	n/a	STATUS	n/a	n/a	DI43
240.9960000000	n/a	n/a	STATUS	n/a	n/a	D255
241.2560000000	n/a	n/a	STATUS	n/a	n/a	DIN5
241.3040000000	n/a	n/a	STATUS	n/a	n/a	D255
241.7000000000	n/a	n/a	STATUS	n/a	n/a	D111
241.7480000000	n/a	n/a	STATUS	n/a	n/a	D255
241.7840000000	n/a	n/a	STATUS	n/a	n/a	DI52
241.8360000000	n/a	n/a	STATUS	n/a	n/a	D255
242.2040000000	n/a	n/a	STATUS	n/a	n/a	DI42
242.2520000000	n/a	n/a	STATUS	n/a	n/a	D255
242.5120000000	n/a	n/a	STATUS	n/a	n/a	DIN5
242.5640000000	n/a	n/a	STATUS	n/a	n/a	D255
242.9880000000	n/a	n/a	STATUS	n/a	n/a	D117
243.0360000000	n/a	n/a	STATUS	n/a	n/a	D255
243.0760000000	n/a	n/a	STATUS	n/a	n/a	DI51
243.1240000000	n/a	n/a	STATUS	n/a	n/a	D255
243.4800000000	n/a	n/a	STATUS	n/a	n/a	DI31
243.5320000000	n/a	n/a	STATUS	n/a	n/a	D255
243.7920000000	n/a	n/a	STATUS	n/a	n/a	DIN5
243.8400000000	n/a	n/a	STATUS	n/a	n/a	D255
244.3360000000	n/a	n/a	STATUS	n/a	n/a	D149
244.3840000000	n/a	n/a	STATUS	n/a	n/a	D255
244.4240000000	n/a	n/a	STATUS	n/a	n/a	DI54
244.4720000000	n/a	n/a	STATUS	n/a	n/a	D255
244.9280000000	n/a	n/a	STATUS	n/a	n/a	DI34
244.9760000000	n/a	n/a	STATUS	n/a	n/a	D255
245.2360000000	n/a	n/a	STATUS	n/a	n/a	DIN5
245.2880000000	n/a	n/a	STATUS	n/a	n/a	D255
245.6280000000	n/a	n/a	STATUS	n/a	n/a	D221
245.6760000000	n/a	n/a	STATUS	n/a	n/a	D255
245.7120000000	n/a	n/a	STATUS	n/a	n/a	DI53
245.7640000000	n/a	n/a	STATUS	n/a	n/a	D255
246.0920000000	n/a	n/a	STATUS	n/a	n/a	DI43
246.1440000000	n/a	n/a	STATUS	n/a	n/a	D255
246.4000000000	n/a	n/a	STATUS	n/a	n/a	DIN5
246.4520000000	n/a	n/a	STATUS	n/a	n/a	D255
246.8880000000	n/a	n/a	STATUS	n/a	n/a	D231
246.9360000000	n/a	n/a	STATUS	n/a	n/a	D255
246.9720000000	n/a	n/a	STATUS	n/a	n/a	DI51
247.0240000000	n/a	n/a	STATUS	n/a	n/a	D255
247.4440000000	n/a	n/a	STATUS	n/a	n/a	DI31
247.4920000000	n/a	n/a	STATUS	n/a	n/a	D255
247.7520000000	n/a	n/a	STATUS	n/a	n/a	DIN5
247.8000000000	n/a	n/a	STATUS	n/a	n/a	D255
248.2600000000	n/a	n/a	STATUS	n/a	n/a	DI77
248.3120000000	n/a	n/a	STATUS	n/a	n/a	D255
248.3480000000	n/a	n/a	STATUS	n/a	n/a	DI52
248.4000000000	n/a	n/a	STATUS	n/a	n/a	D255
248.7360000000	n/a	n/a	STATUS	n/a	n/a	DI42
248.7880000000	n/a	n/a	STATUS	n/a	n/a	D255
249.0480000000	n/a	n/a	STATUS	n/a	n/a	DIN5
249.0960000000	n/a	n/a	STATUS	n/a	n/a	D255
249.5200000000	n/a	n/a	STATUS	n/a	n/a	DI79
249.5720000000	n/a	n/a	STATUS	n/a	n/a	D255
249.6080000000	n/a	n/a	STATUS	n/a	n/a	DI54
249.6600000000	n/a	n/a	STATUS	n/a	n/a	D255
249.9920000000	n/a	n/a	STATUS	n/a	n/a	DI34
250.0440000000	n/a	n/a	STATUS	n/a	n/a	D255
250.3040000000	n/a	n/a	STATUS	n/a	n/a	DIN5
250.3520000000	n/a	n/a	STATUS	n/a	n/a	D255
250.7480000000	n/a	n/a	STATUS	n/a	n/a	D137
250.7960000000	n/a	n/a	STATUS	n/a	n/a	D255
250.8360000000	n/a	n/a	STATUS	n/a	n/a	DI51
250.8840000000	n/a	n/a	STATUS	n/a	n/a	D255
251.3400000000	n/a	n/a	STATUS	n/a	n/a	DI31
251.3920000000	n/a	n/a	STATUS	n/a	n/a	D255
251.6520000000	n/a	n/a	STATUS	n/a	n/a	DIN5
251.7000000000	n/a	n/a	STATUS	n/a	n/a	D255
252.1240000000	n/a	n/a	STATUS	n/a	n/a	D195
252.1760000000	n/a	n/a	STATUS	n/a	n/a	D255
252.2120000000	n/a	n/a	STATUS	n/a	n/a	DI51
252.2640000000	n/a	n/a	STATUS	n/a	n/a	D255
252.6520000000	n/a	n/a	STATUS	n/a	n/a	DI31
252.7000000000	n/a	n/a	STATUS	n/a	n/a	D255
252.9600000000	n/a	n/a	STATUS	n/a	n/a	DIN5
253.0120000000	n/a	n/a	STATUS	n/a	n/a	D255
253.5160000000	n/a	n/a	STATUS	n/a	n/a	D150
253.5640000000	n/a	n/a	STATUS	n/a	n/a	D255
253.6000000000	n/a	n/a	STATUS	n/a	n/a	DI51
253.6520000000	n/a	n/a	STATUS	n/a	n/a	D255
253.9880000000	n/a	n/a	STATUS	n/a	n/a	DI31
254.0360000000	n/a	n/a	STATUS	n/a	n/a	D255
254.2960000000	n/a	n/a	STATUS	n/a	n/a	DIN5
254.3480000000	n/a	n/a	STATUS	n/a	n/a	D255
254.7600000000	n/a	n/a	STATUS	n/a	n/a	D161
254.8120000000	n/a	n/a	STATUS	n/a	n/a	D255
254.8480000000	n/a	n/a	STATUS	n/a	n/a	DI52
254.9000000000	n/a	n/a	STATUS	n/a	n/a	D255
255.2520000000	n/a	n/a	STATUS	n/a	n/a	DI42
255.3040000000	n/a	n/a	STATUS	n/a	n/a	D255
255.5640000000	n/a	n/a	STATUS	n/a	n/a	DIN5
255.6120000000	n/a	n/a	STATUS	n/a	n/a	D255
256.0640000000	n/a	n/a	STATUS	n/a	n/a	D228
256.1120000000	n/a	n/a	STATUS	n/a	n/a	D255
256.1520000000	n/a	n/a	STATUS	n/a	n/a	DI52
256.2000000000	n/a	n/a	STATUS	n/a	n/a	D255
256.6560000000	n/a	n/a	STATUS	n/a	n/a	DI42
256.7080000000	n/a	n/a	STATUS	n/a	n/a	D255
256.9640000000	n/a	n/a	STATUS	n/a	n/a	DIN5
257.0160000000	n/a	n/a	STATUS	n/a	n/a	D255
257.3960000000	n/a	n/a	STATUS	n/a	n/a	D177
257.4440000000	n/a	n/a	STATUS	n/a	n/a	D255
257.4800000000	n/a	n/a	STATUS	n/a	n/a	DI51
257.5320000000	n/a	n/a	STATUS	n/a	n/a	D255
257.9720000000	n/a	n/a	STATUS	n/a	n/a	DI31
258.0240000000	n/a	n/a	STATUS	n/a	n/a	D255
258.2800000000	n/a	n/a	STATUS	n/a	n/a	DIN5
258.3320000000	n/a	n/a	STATUS	n/a	n/a	D255
258.7440000000	n/a	n/a	STATUS	n/a	n/a	DI76
258.7960000000	n/a	n/a	STATUS	n/a	n/a	D255
258.8320000000	n/a	n/a	STATUS	n/a	n/a	DI51
258.8840000000	n/a	n/a	STATUS	n/a	n/a	D255
259.2720000000	n/a	n/a	STATUS	n/a	n/a	DI31
259.3200000000	n/a	n/a	STATUS	n/a	n/a	D255
259.5800000000	n/a	n/a	STATUS	n/a	n/a	DIN5
259.6320000000	n/a	n/a	STATUS	n/a	n/a	D255
260.1240000000	n/a	n/a	STATUS	n/a	n/a	D139
260.1760000000	n/a	n/a	STATUS	n/a	n/a	D255
260.2120000000	n/a	n/a	STATUS	n/a	n/a	DI53
260.2640000000	n/a	n/a	STATUS	n/a	n/a	D255
260.5600000000	n/a	n/a	STATUS	n/a	n/a	DI43
260.6080000000	n/a	n/a	STATUS	n/a	n/a	D255
260.8680000000	n/a	n/a	STATUS	n/a	n/a	DIN5
260.9200000000	n/a	n/a	STATUS	n/a	n/a	D255
261.3800000000	n/a	n/a	STATUS	n/a	n/a	D253
261.4280000000	n/a	n/a	STATUS	n/a	n/a	D255
261.4680000000	n/a	n/a	STATUS	n/a	n/a	DI54
261.5160000000	n/a	n/a	STATUS	n/a	n/a	D255
261.8080000000	n/a	n/a	STATUS	n/a	n/a	DI34
261.8560000000	n/a	n/a	STATUS	n/a	n/a	D255
262.1160000000	n/a	n/a	STATUS	n/a	n/a	DIN5
262.1680000000	n/a	n/a	STATUS	n/a	n/a	D255
262.5120000000	n/a	n/a	STATUS	n/a	n/a	D151
262.5600000000	n/a	n/a	STATUS	n/a	n/a	D255
262.6000000000	n/a	n/a	STATUS	n/a	n/a	DI54
262.6480000000	n/a	n/a	STATUS	n/a	n/a	D255
263.1040000000	n/a	n/a	STATUS	n/a	n/a	DI34
263.1520000000	n/a	n/a	STATUS	n/a	n/a	D255
263.4120000000	n/a	n/a	STATUS	n/a	n/a	DIN5
263.4640000000	n/a	n/a	STATUS	n/a	n/a	D255
263.7920000000	n/a	n/a	STATUS	n/a	n/a	D128
263.8400000000	n/a	n/a	STATUS	n/a	n/a	D255
263.8800000000	n/a	n/a	STATUS	n/a	n/a	DI53
263.9280000000	n/a	n/a	STATUS	n/a	n/a	D255
264.6000000000	n/a	n/a	STATUS	n/a	n/a	DI13
264.6520000000	n/a	n/a	STATUS	n/a	n/a	D255
264.6560000000	n/a	n/a	STATUS	n/a	n/a	DIN4
264.7080000000	n/a	n/a	STATUS	n/a	n/a	D255
265.4640000000	n/a	n/a	STATUS	n/a	n/a	DIN5
265.5120000000	n/a	n/a	STATUS	n/a	n/a	D255
265.9560000000	n/a	n/a	STATUS	n/a	n/a	D200
266.0080000000	n/a	n/a	STATUS	n/a	n/a	D255
266.0440000000	n/a	n/a	STATUS	n/a	n/a	DI51
266.0920000000	n/a	n/a	STATUS	n/a	n/a	D255
266.4640000000	n/a	n/a	STATUS	n/a	n/a	DI31
266.5120000000	n/a	n/a	STATUS	n/a	n/a	D255
266.7720000000	n/a	n/a	STATUS	n/a	n/a	DIN5
266.8240000000	n/a	n/a	STATUS	n/a	n/a	D255
267.1680000000	n/a	n/a	STATUS	n/a	n/a	D189
267.2160000000	n/a	n/a	STATUS	n/a	n/a	D255
267.2560000000	n/a	n/a	STATUS	n/a	n/a	DI51
267.3040000000	n/a	n/a	STATUS	n/a	n/a	D255
267.8160000000	n/a	n/a	STATUS	n/a	n/a	DI31
267.8680000000	n/a	n/a	STATUS	n/a	n/a	D255
268.1280000000	n/a	n/a	STATUS	n/a	n/a	DIN5
268.1760000000	n/a	n/a	STATUS	n/a	n/a	D255
268.5640000000	n/a	n/a	STATUS	n/a	n/a	D107
268.6160000000	n/a	n/a	STATUS	n/a	n/a	D255
268.6560000000	n/a	n/a	STATUS	n/a	n/a	DI53
268.7040000000	n/a	n/a	STATUS	n/a	n/a	D255
269.2840000000	n/a	n/a	STATUS	n/a	n/a	DI13
269.3320000000	n/a	n/a	STATUS	n/a	n/a	D255
269.3400000000	n/a	n/a	STATUS	n/a	n/a	DIN4
269.3880000000	n/a	n/a	STATUS	n/a	n/a	D255
270.1440000000	n/a	n/a	STATUS	n/a	n/a	DIN5
270.1920000000	n/a	n/a	STATUS	n/a	n/a	D255
270.5200000000	n/a	n/a	STATUS	n/a	n/a	D146
270.5720000000	n/a	n/a	STATUS	n/a	n/a	D255
270.6120000000	n/a	n/a	STATUS	n/a	n/a	DI52
270.6600000000	n/a	n/a	STATUS	n/a	n/a	D255
271.2840000000	n/a	n/a	STATUS	n/a	n/a	DI42
271.3320000000	n/a	n/a	STATUS	n/a	n/a	D255
271.5920000000	n/a	n/a	STATUS	n/a	n/a	DIN5
271.6440000000	n/a	n/a	STATUS	n/a	n/a	D255
272.1240000000	n/a	n/a	STATUS	n/a	n/a	D184
272.1760000000	n/a	n/a	STATUS	n/a	n/a	D255
272.2160000000	n/a	n/a	STATUS	n/a	n/a	DI53
272.2640000000	n/a	n/a	STATUS	n/a	n/a	D255
272.5720000000	n/a	n/a	STATUS	n/a	n/a	DI43
272.6240000000	n/a	n/a	STATUS	n/a	n/a	D255
272.8840000000	n/a	n/a	STATUS	n/a	n/a	DIN5
272.9320000000	n/a	n/a	STATUS	n/a	n/a	D255
273.4040000000	n/a	n/a	STATUS	n/a	n/a	D182
273.4520000000	n/a	n/a	STATUS	n/a	n/a	D255
273.4880000000	n/a	n/a	STATUS	n/a	n/a	DI53
273.5400000000	n/a	n/a	STATUS	n/a	n/a	D255
273.8280000000	n/a	n/a	STATUS	n/a	n/a	DI43
273.8760000000	n/a	n/a	STATUS	n/a	n/a	D255
274.1360000000	n/a	n/a	STATUS	n/a	n/a	DIN5
274.1880000000	n/a	n/a	STATUS	n/a	n/a	D255
274.4960000000	n/a	n/a	STATUS	n/a	n/a	D164
274.5480000000	n/a	n/a	STATUS	n/a	n/a	D255
274.5840000000	n/a	n/a	STATUS	n/a	n/a	DI52
274.6360000000	n/a	n/a	STATUS	n/a	n/a	D255
275.1120000000	n/a	n/a	STATUS	n/a	n/a	DI42
275.1640000000	n/a	n/a	STATUS	n/a	n/a	D255
275.4240000000	n/a	n/a	STATUS	n/a	n/a	DIN5
275.4720000000	n/a	n/a	STATUS	n/a	n/a	D255
275.8360000000	n/a	n/a	STATUS	n/a	n/a	D102
275.8880000000	n/a	n/a	STATUS	n/a	n/a	D255
275.9240000000	n/a	n/a	STATUS	n/a	n/a	DI54
275.9760000000	n/a	n/a	STATUS	n/a	n/a	D255
276.4320000000	n/a	n/a	STATUS	n/a	n/a	DI34
276.4800000000	n/a	n/a	STATUS	n/a	n/a	D255
276.7400000000	n/a	n/a	STATUS	n/a	n/a	DIN5
276.7880000000	n/a	n/a	STATUS	n/a	n/a	D255
277.1080000000	n/a	n/a	STATUS	n/a	n/a	D158
277.1600000000	n/a	n/a	STATUS	n/a	n/a	D255
277.1960000000	n/a	n/a	STATUS	n/a	n/a	DI53
277.2480000000	n/a	n/a	STATUS	n/a	n/a	D255
277.5760000000	n/a	n/a	STATUS	n/a	n/a	DI43
277.6240000000	n/a	n/a	STATUS	n/a	n/a	D255
277.8840000000	n/a	n/a	STATUS	n/a	n/a	DIN5
277.9320000000	n/a	n/a	STATUS	n/a	n/a	D255
278.2640000000	n/a	n/a	STATUS	n/a	n/a	D125
278.3160000000	n/a	n/a	STATUS	n/a	n/a	D255
278.3520000000	n/a	n/a	STATUS	n/a	n/a	DI54
278.4040000000	n/a	n/a	STATUS	n/a	n/a	D255
278.8640000000	n/a	n/a	STATUS	n/a	n/a	DI34
278.9120000000	n/a	n/a	STATUS	n/a	n/a	D255
279.1720000000	n/a	n/a	STATUS	n/a	n/a	DIN5
279.2200000000	n/a	n/a	STATUS	n/a	n/a	D255
279.5600000000	n/a	n/a	STATUS	n/a	n/a	D209
279.6120000000	n/a	n/a	STATUS	n/a	n/a	D255
279.6480000000	n/a	n/a	STATUS	n/a	n/a	DI53
279.7000000000	n/a	n/a	STATUS	n/a	n/a	D255
280.0000000000	n/a	n/a	STATUS	n/a	n/a	DI43
280.0520000000	n/a	n/a	STATUS	n/a	n/a	D255
280.3120000000	n/a	n/a	STATUS	n/a	n/a	DIN5
280.3600000000	n/a	n/a	STATUS	n/a	n/a	D255
280.7600000000	n/a	n/a	STATUS	n/a	n/a	D100
280.8120000000	n/a	n/a	STATUS	n/a	n/a	D255
280.8480000000	n/a	n/a	STATUS	n/a	n/a	DI54
280.9000000000	n/a	n/a	STATUS	n/a	n/a	D255
281.3280000000	n/a	n/a	STATUS	n/a	n/a	DI34
281.3800000000	n/a	n/a	STATUS	n/a	n/a	D255
281.6360000000	n/a	n/a	STATUS	n/a	n/a	DIN5
281.6880000000	n/a	n/a	STATUS	n/a	n/a	D255
282.1880000000	n/a	n/a	STATUS	n/a	n/a	D132
282.2360000000	n/a	n/a	STATUS	n/a	n/a	D255
282.2760000000	n/a	n/a	STATUS	n/a	n/a	DI54
282.3240000000	n/a	n/a	STATUS	n/a	n/a	D255
282.6760000000	n/a	n/a	STATUS	n/a	n/a	DI34
282.7240000000	n/a	n/a	STATUS	n/a	n/a	D255
282.9840000000	n/a	n/a	STATUS	n/a	n/a	DIN5
283.0320000000	n/a	n/a	STATUS	n/a	n/a	D255
283.5240000000	n/a	n/a	STATUS	n/a	n/a	D190
283.5720000000	n/a	n/a	STATUS	n/a	n/a	D255
283.6120000000	n/a	n/a	STATUS	n/a	n/a	DI54
283.6600000000	n/a	n/a	STATUS	n/a	n/a	D255
283.9280000000	n/a	n/a	STATUS	n/a	n/a	DI34
283.9760000000	n/a	n/a	STATUS	n/a	n/a	D255
284.2360000000	n/a	n/a	STATUS	n/a	n/a	DIN5
284.2840000000	n/a	n/a	STATUS	n/a	n/a	D255
284.7560000000	n/a	n/a	STATUS	n/a	n/a	D233
284.8040000000	n/a	n/a	STATUS	n/a	n/a	D255
284.8440000000	n/a	n/a	STATUS	n/a	n/a	DI51
284.8920000000	n/a	n/a	STATUS	n/a	n/a	D255
285.1880000000	n/a	n/a	STATUS	n/a	n/a	DI21
285.2360000000	n/a	n/a	STATUS	n/a	n/a	D255
285.2400000000	n/a	n/a	STATUS	n/a	n/a	DIN4
285.2920000000	n/a	n/a	STATUS	n/a	n/a	D255
286.0480000000	n/a	n/a	STATUS	n/a	n/a	DIN5
286.0960000000	n/a	n/a	STATUS	n/a	n/a	D255
286.4560000000	n/a	n/a	STATUS	n/a	n/a	D105
286.5080000000	n/a	n/a	STATUS	n/a	n/a	D255
286.5440000000	n/a	n/a	STATUS	n/a	n/a	DI51
286.5960000000	n/a	n/a	STATUS	n/a	n/a	D255
287.0600000000	n/a	n/a	STATUS	n/a	n/a	DI31
287.1080000000	n/a	n/a	STATUS	n/a	n/a	D255
287.3680000000	n/a	n/a	STATUS	n/a	n/a	DIN5
287.4200000000	n/a	n/a	STATUS	n/a	n/a	D255
287.8240000000	n/a	n/a	STATUS	n/a	n/a	D201
287.8720000000	n/a	n/a	STATUS	n/a	n/a	D255
287.9120000000	n/a	n/a	STATUS	n/a	n/a	DI54
287.9600000000	n/a	n/a	STATUS	n/a	n/a	D255
288.2880000000	n/a	n/a	STATUS	n/a	n/a	DI34
288.3360000000	n/a	n/a	STATUS	n/a	n/a	D255
288.5960000000	n/a	n/a	STATUS	n/a	n/a	DIN5
288.6480000000	n/a	n/a	STATUS	n/a	n/a	D255
289.0760000000	n/a	n/a	STATUS	n/a	n/a	D170
289.1280000000	n/a	n/a	STATUS	n/a	n/a	D255
289.1640000000	n/a	n/a	STATUS	n/a	n/a	DI53
289.2120000000	n/a	n/a	STATUS	n/a	n/a	D255
289.7920000000	n/a	n/a	STATUS	n/a	n/a	DI43
289.8400000000	n/a	n/a	STATUS	n/a	n/a	D255
290.1000000000	n/a	n/a	STATUS	n/a	n/a	DIN5
290.1520000000	n/a	n/a	STATUS	n/a	n/a	D255
290.5080000000	n/a	n/a	STATUS	n/a	n/a	D186
290.5600000000	n/a	n/a	STATUS	n/a	n/a	D255
290.5960000000	n/a	n/a	STATUS	n/a	n/a	DI51
290.6480000000	n/a	n/a	STATUS	n/a	n/a	D255
291.0040000000	n/a	n/a	STATUS	n/a	n/a	DI31
291.0560000000	n/a	n/a	STATUS	n/a	n/a	D255
291.3160000000	n/a	n/a	STATUS	n/a	n/a	DIN5
291.3640000000	n/a	n/a	STATUS	n/a	n/a	D255
291.7600000000	n/a	n/a	STATUS	n/a	n/a	D241
291.8080000000	n/a	n/a	STATUS	n/a	n/a	D255
291.8480000000	n/a	n/a	STATUS	n/a	n/a	DI53
291.8960000000	n/a	n/a	STATUS	n/a	n/a	D255
292.2280000000	n/a	n/a	STATUS	n/a	n/a	DI43
292.2800000000	n/a	n/a	STATUS	n/a	n/a	D255
292.5360000000	n/a	n/a	STATUS	n/a	n/a	DIN5
292.5880000000	n/a	n/a	STATUS	n/a	n/a	D255
292.9080000000	n/a	n/a	STATUS	n/a	n/a	D131
292.9560000000	n/a	n/a	STATUS	n/a	n/a	D255
292.9960000000	n/a	n/a	STATUS	n/a	n/a	DI54
293.0440000000	n/a	n/a	STATUS	n/a	n/a	D255
293.3800000000	n/a	n/a	STATUS	n/a	n/a	DI34
293.4320000000	n/a	n/a	STATUS	n/a	n/a	D255
293.6920000000	n/a	n/a	STATUS	n/a	n/a	DIN5
293.7400000000	n/a	n/a	STATUS	n/a	n/a	D255
294.0760000000	n/a	n/a	STATUS	n/a	n/a	D211
294.1240000000	n/a	n/a	STATUS	n/a	n/a	D255
294.1600000000	n/a	n/a	STATUS	n/a	n/a	DI54
294.2120000000	n/a	n/a	STATUS	n/a	n/a	D255
294.7080000000	n/a	n/a	STATUS	n/a	n/a	DI34
294.7560000000	n/a	n/a	STATUS	n/a	n/a	D255
295.0160000000	n/a	n/a	STATUS	n/a	n/a	DIN5
295.0640000000	n/a	n/a	STATUS	n/a	n/a	D255
295.5560000000	n/a	n/a	STATUS	n/a	n/a	DI80
295.6040000000	n/a	n/a	STATUS	n/a	n/a	D255
295.6400000000	n/a	n/a	STATUS	n/a	n/a	DI54
295.6920000000	n/a	n/a	STATUS	n/a	n/a	D255
295.9800000000	n/a	n/a	STATUS	n/a	n/a	DI34
296.0280000000	n/a	n/a	STATUS	n/a	n/a	D255
296.2880000000	n/a	n/a	STATUS	n/a	n/a	DIN5
296.3400000000	n/a	n/a	STATUS	n/a	n/a	D255
296.7040000000	n/a	n/a	STATUS	n/a	n/a	D129
296.7560000000	n/a	n/a	STATUS	n/a	n/a	D255
296.7920000000	n/a	n/a	STATUS	n/a	n/a	DI54
296.8440000000	n/a	n/a	STATUS	n/a	n/a	D255
297.1600000000	n/a	n/a	STATUS	n/a	n/a	DI34
297.2080000000	n/a	n/a	STATUS	n/a	n/a	D255
297.4680000000	n/a	n/a	STATUS	n/a	n/a	DIN5
297.5200000000	n/a	n/a	STATUS	n/a	n/a	D255
297.9520000000	n/a	n/a	STATUS	n/a	n/a	DI74
298.0040000000	n/a	n/a	STATUS	n/a	n/a	D255
298.0400000000	n/a	n/a	STATUS	n/a	n/a	DI53
298.0920000000	n/a	n/a	STATUS	n/a	n/a	D255
298.4360000000	n/a	n/a	STATUS	n/a	n/a	DI13
298.4880000000	n/a	n/a	STATUS	n/a	n/a	D255
298.4920000000	n/a	n/a	STATUS	n/a	n/a	DIN4
298.5400000000	n/a	n/a	STATUS	n/a	n/a	D255
299.2960000000	n/a	n/a	STATUS	n/a	n/a	DIN5
299.3480000000	n/a	n/a	STATUS	n/a	n/a	D255
299.7120000000	n/a	n/a	STATUS	n/a	n/a	D244
299.7600000000	n/a	n/a	STATUS	n/a	n/a	D255
299.8000000000	n/a	n/a	STATUS	n/a	n/a	DI51
299.8480000000	n/a	n/a	STATUS	n/a	n/a	D255
300.3360000000	n/a	n/a	STATUS	n/a	n/a	DI31
300.3880000000	n/a	n/a	STATUS	n/a	n/a	D255
300.6480000000	n/a	n/a	STATUS	n/a	n/a	DIN5
300.6960000000	n/a	n/a	STATUS	n/a	n/a	D255
301.0760000000	n/a	n/a	STATUS	n/a	n/a	DI65
301.1240000000	n/a	n/a	STATUS	n/a	n/a	D255
301.1640000000	n/a	n/a	STATUS	n/a	n/a	DI53
301.2120000000	n/a	n/a	STATUS	n/a	n/a	D255
301.5480000000	n/a	n/a	STATUS	n/a	n/a	DI43
301.5960000000	n/a	n/a	STATUS	n/a	n/a	D255
301.8560000000	n/a	n/a	STATUS	n/a	n/a	DIN5
301.9080000000	n/a	n/a	STATUS	n/a	n/a	D255
302.3320000000	n/a	n/a	STATUS	n/a	n/a	D204
302.3800000000	n/a	n/a	STATUS	n/a	n/a	D255
302.4200000000	n/a	n/a	STATUS	n/a	n/a	DI52
302.4680000000	n/a	n/a	STATUS	n/a	n/a	D255
302.8640000000	n/a	n/a	STATUS	n/a	n/a	DI42
302.9160000000	n/a	n/a	STATUS	n/a	n/a	D255
303.1760000000	n/a	n/a	STATUS	n/a	n/a	DIN5
303.2240000000	n/a	n/a	STATUS	n/a	n/a	D255
303.5640000000	n/a	n/a	STATUS	n/a	n/a	DI72
303.6160000000	n/a	n/a	STATUS	n/a	n/a	D255
303.6520000000	n/a	n/a	STATUS	n/a	n/a	DI51
303.7040000000	n/a	n/a	STATUS	n/a	n/a	D255
304.0600000000	n/a	n/a	STATUS	n/a	n/a	DI31
304.1120000000	n/a	n/a	STATUS	n/a	n/a	D255
304.3680000000	n/a	n/a	STATUS	n/a	n/a	DIN5
304.4200000000	n/a	n/a	STATUS	n/a	n/a	D255
304.8400000000	n/a	n/a	STATUS	n/a	n/a	DI78
304.8880000000	n/a	n/a	STATUS	n/a	n/a	D255
304.9280000000	n/a	n/a	STATUS	n/a	n/a	DI52
304.9760000000	n/a	n/a	STATUS	n/a	n/a	D255
305.3040000000	n/a	n/a	STATUS	n/a	n/a	DI42
305.3560000000	n/a	n/a	STATUS	n/a	n/a	D255
305.6120000000	n/a	n/a	STATUS	n/a	n/a	DIN5
305.6640000000	n/a	n/a	STATUS	n/a	n/a	D255
305.9840000000	n/a	n/a	STATUS	n/a	n/a	D187
306.0320000000	n/a	n/a	STATUS	n/a	n/a	D255
306.0720000000	n/a	n/a	STATUS	n/a	n/a	DI54
306.1200000000	n/a	n/a	STATUS	n/a	n/a	D255
306.4000000000	n/a	n/a	STATUS	n/a	n/a	DI34
306.4480000000	n/a	n/a	STATUS	n/a	n/a	D255
306.7080000000	n/a	n/a	STATUS	n/a	n/a	DIN5
306.7560000000	n/a	n/a	STATUS	n/a	n/a	D255
307.0680000000	n/a	n/a	STATUS	n/a	n/a	D112
307.1160000000	n/a	n/a	STATUS	n/a	n/a	D255
307.1560000000	n/a	n/a	STATUS	n/a	n/a	DI54
307.2040000000	n/a	n/a	STATUS	n/a	n/a	D255
307.6520000000	n/a	n/a	STATUS	n/a	n/a	DI34
307.7000000000	n/a	n/a	STATUS	n/a	n/a	D255
307.9600000000	n/a	n/a	STATUS	n/a	n/a	DIN5
308.0080000000	n/a	n/a	STATUS	n/a	n/a	D255
308.3840000000	n/a	n/a	STATUS	n/a	n/a	D142
308.4360000000	n/a	n/a	STATUS	n/a	n/a	D255
308.4720000000	n/a	n/a	STATUS	n/a	n/a	DI53
308.5240000000	n/a	n/a	STATUS	n/a	n/a	D255
308.8760000000	n/a	n/a	STATUS	n/a	n/a	DI43
308.9240000000	n/a	n/a	STATUS	n/a	n/a	D255
309.1840000000	n/a	n/a	STATUS	n/a	n/a	DIN5
309.2320000000	n/a	n/a	STATUS	n/a	n/a	D255
309.7240000000	n/a	n/a	STATUS	n/a	n/a	D119
309.7720000000	n/a	n/a	STATUS	n/a	n/a	D255
309.8120000000	n/a	n/a	STATUS	n/a	n/a	DI52
309.8600000000	n/a	n/a	STATUS	n/a	n/a	D255
310.1560000000	n/a	n/a	STATUS	n/a	n/a	DI42
310.2040000000	n/a	n/a	STATUS	n/a	n/a	D234
310.2080000000	n/a	n/a	STATUS	n/a	n/a	D255
310.4640000000	n/a	n/a	STATUS	n/a	n/a	DIN5
310.5160000000	n/a	n/a	STATUS	n/a	n/a	D255
310.9920000000	n/a	n/a	STATUS	n/a	n/a	D191
311.0400000000	n/a	n/a	STATUS	n/a	n/a	D255
311.0760000000	n/a	n/a	STATUS	n/a	n/a	DI54
311.1280000000	n/a	n/a	STATUS	n/a	n/a	D255
311.3560000000	n/a	n/a	STATUS	n/a	n/a	DI34
311.4040000000	n/a	n/a	STATUS	n/a	n/a	D255
311.6640000000	n/a	n/a	STATUS	n/a	n/a	DIN5
311.7160000000	n/a	n/a	STATUS	n/a	n/a	D255
312.1520000000	n/a	n/a	STATUS	n/a	n/a	D183
312.2040000000	n/a	n/a	STATUS	n/a	n/a	D255
312.2400000000	n/a	n/a	STATUS	n/a	n/a	DI53
312.2920000000	n/a	n/a	STATUS	n/a	n/a	D255
312.6320000000	n/a	n/a	STATUS	n/a	n/a	DI43
312.6840000000	n/a	n/a	STATUS	n/a	n/a	D255
312.9440000000	n/a	n/a	STATUS	n/a	n/a	DIN5
312.9920000000	n/a	n/a	STATUS	n/a	n/a	D255
313.2960000000	n/a	n/a	STATUS	n/a	n/a	D232
313.3480000000	n/a	n/a	STATUS	n/a	n/a	D255
313.3840000000	n/a	n/a	STATUS	n/a	n/a	DI51
313.4360000000	n/a	n/a	STATUS	n/a	n/a	D255
313.7880000000	n/a	n/a	STATUS	n/a	n/a	DI31
313.8360000000	n/a	n/a	STATUS	n/a	n/a	D255
314.0960000000	n/a	n/a	STATUS	n/a	n/a	DIN5
314.1440000000	n/a	n/a	STATUS	n/a	n/a	D255
314.5520000000	n/a	n/a	STATUS	n/a	n/a	D118
314.6000000000	n/a	n/a	STATUS	n/a	n/a	D255
314.6400000000	n/a	n/a	STATUS	n/a	n/a	DI53
314.6880000000	n/a	n/a	STATUS	n/a	n/a	D255
314.9680000000	n/a	n/a	STATUS	n/a	n/a	DI43
315.0200000000	n/a	n/a	STATUS	n/a	n/a	D255
315.2760000000	n/a	n/a	STATUS	n/a	n/a	DIN5
315.3280000000	n/a	n/a	STATUS	n/a	n/a	D255
315.7160000000	n/a	n/a	STATUS	n/a	n/a	DI95
315.7680000000	n/a	n/a	STATUS	n/a	n/a	D255
315.8040000000	n/a	n/a	STATUS	n/a	n/a	DI52
315.8560000000	n/a	n/a	STATUS	n/a	n/a	D255
316.1600000000	n/a	n/a	STATUS	n/a	n/a	DI12
316.2120000000	n/a	n/a	STATUS	n/a	n/a	D255
316.2160000000	n/a	n/a	STATUS	n/a	n/a	DIN4
316.2640000000	n/a	n/a	STATUS	n/a	n/a	D255
317.0200000000	n/a	n/a	STATUS	n/a	n/a	DIN5
317.0680000000	n/a	n/a	STATUS	n/a	n/a	D255
317.4040000000	n/a	n/a	STATUS	n/a	n/a	DI96
317.4560000000	n/a	n/a	STATUS	n/a	n/a	D255
317.4920000000	n/a	n/a	STATUS	n/a	n/a	DI53
317.5400000000	n/a	n/a	STATUS	n/a	n/a	D255
317.8040000000	n/a	n/a	STATUS	n/a	n/a	DI43
317.8560000000	n/a	n/a	STATUS	n/a	n/a	D255
318.1160000000	n/a	n/a	STATUS	n/a	n/a	DIN5
318.1640000000	n/a	n/a	STATUS	n/a	n/a	D255
318.4960000000	n/a	n/a	STATUS	n/a	n/a	D242
318.5440000000	n/a	n/a	STATUS	n/a	n/a	D255
318.5840000000	n/a	n/a	STATUS	n/a	n/a	DI54
318.6320000000	n/a	n/a	STATUS	n/a	n/a	D255
319.2480000000	n/a	n/a	STATUS	n/a	n/a	DI24
319.2960000000	n/a	n/a	STATUS	n/a	n/a	D255
319.3000000000	n/a	n/a	STATUS	n/a	n/a	DIN4
319.3520000000	n/a	n/a	STATUS	n/a	n/a	D255
320.1040000000	n/a	n/a	STATUS	n/a	n/a	DIN5
320.1560000000	n/a	n/a	STATUS	n/a	n/a	D255
320.5640000000	n/a	n/a	STATUS	n/a	n/a	D156
320.6160000000	n/a	n/a	STATUS	n/a	n/a	D255
320.6520000000	n/a	n/a	STATUS	n/a	n/a	DI54
320.7040000000	n/a	n/a	STATUS	n/a	n/a	D255
321.0800000000	n/a	n/a	STATUS	n/a	n/a	DI34
321.1320000000	n/a	n/a	STATUS	n/a	n/a	D255
321.3920000000	n/a	n/a	STATUS	n/a	n/a	DIN5
321.4400000000	n/a	n/a	STATUS	n/a	n/a	D255
321.8720000000	n/a	n/a	STATUS	n/a	n/a	D168
321.9200000000	n/a	n/a	STATUS	n/a	n/a	D255
321.9600000000	n/a	n/a	STATUS	n/a	n/a	DI51
322.0080000000	n/a	n/a	STATUS	n/a	n/a	D255
322.4080000000	n/a	n/a	STATUS	n/a	n/a	DI31
322.4560000000	n/a	n/a	STATUS	n/a	n/a	D255
322.7160000000	n/a	n/a	STATUS	n/a	n/a	DIN5
322.7640000000	n/a	n/a	STATUS	n/a	n/a	D255
323.1240000000	n/a	n/a	STATUS	n/a	n/a	D217
323.1760000000	n/a	n/a	STATUS	n/a	n/a	D255
323.2120000000	n/a	n/a	STATUS	n/a	n/a	DI52
323.2640000000	n/a	n/a	STATUS	n/a	n/a	D255
323.6520000000	n/a	n/a	STATUS	n/a	n/a	DI42
323.7000000000	n/a	n/a	STATUS	n/a	n/a	D255
323.9600000000	n/a	n/a	STATUS	n/a	n/a	DIN5
324.0080000000	n/a	n/a	STATUS	n/a	n/a	D255
324.4000000000	n/a	n/a	STATUS	n/a	n/a	D178
324.4480000000	n/a	n/a	STATUS	n/a	n/a	D255
324.4880000000	n/a	n/a	STATUS	n/a	n/a	DI52
324.5360000000	n/a	n/a	STATUS	n/a	n/a	D255
324.8960000000	n/a	n/a	STATUS	n/a	n/a	DI42
324.9440000000	n/a	n/a	STATUS	n/a	n/a	D255
325.2040000000	n/a	n/a	STATUS	n/a	n/a	DIN5
325.2520000000	n/a	n/a	STATUS	n/a	n/a	D255
325.6440000000	n/a	n/a	STATUS	n/a	n/a	DI87
325.6920000000	n/a	n/a	STATUS	n/a	n/a	D255
325.7320000000	n/a	n/a	STATUS	n/a	n/a	DI51
325.7800000000	n/a	n/a	STATUS	n/a	n/a	D255
326.1920000000	n/a	n/a	STATUS	n/a	n/a	DI31
326.2440000000	n/a	n/a	STATUS	n/a	n/a	D255
326.5040000000	n/a	n/a	STATUS	n/a	n/a	DIN5
326.5520000000	n/a	n/a	STATUS	n/a	n/a	D255
326.9960000000	n/a	n/a	STATUS	n/a	n/a	DI69
327.0480000000	n/a	n/a	STATUS	n/a	n/a	D255
327.0840000000	n/a	n/a	STATUS	n/a	n/a	DI51
327.1360000000	n/a	n/a	STATUS	n/a	n/a	D255
327.1360000000	n/a	n/a	STATUS	n/a	n/a	D243
327.5120000000	n/a	n/a	STATUS	n/a	n/a	DI31
327.5640000000	n/a	n/a	STATUS	n/a	n/a	D255
327.8200000000	n/a	n/a	STATUS	n/a	n/a	DIN5
327.8720000000	n/a	n/a	STATUS	n/a	n/a	D255
328.3720000000	n/a	n/a	STATUS	n/a	n/a	D115
328.4200000000	n/a	n/a	STATUS	n/a	n/a	D255
328.4600000000	n/a	n/a	STATUS	n/a	n/a	DI53
328.5080000000	n/a	n/a	STATUS	n/a	n/a	D255
328.7920000000	n/a	n/a	STATUS	n/a	n/a	DI43
328.8440000000	n/a	n/a	STATUS	n/a	n/a	D255
329.1000000000	n/a	n/a	STATUS	n/a	n/a	DIN5
329.1520000000	n/a	n/a	STATUS	n/a	n/a	D255
329.4600000000	n/a	n/a	STATUS	n/a	n/a	D238
329.5120000000	n/a	n/a	STATUS	n/a	n/a	D255
329.5480000000	n/a	n/a	STATUS	n/a	n/a	DI52
329.6000000000	n/a	n/a	STATUS	n/a	n/a	D255
330.0400000000	n/a	n/a	STATUS	n/a	n/a	DI42
330.0920000000	n/a	n/a	STATUS	n/a	n/a	D255
330.3520000000	n/a	n/a	STATUS	n/a	n/a	DIN5
330.4000000000	n/a	n/a	STATUS	n/a	n/a	D255
330.8200000000	n/a	n/a	STATUS	n/a	n/a	D230
330.8720000000	n/a	n/a	STATUS	n/a	n/a	D255
330.9080000000	n/a	n/a	STATUS	n/a	n/a	DI53
330.9600000000	n/a	n/a	STATUS	n/a	n/a	D255
331.2600000000	n/a	n/a	STATUS	n/a	n/a	DI43
331.3080000000	n/a	n/a	STATUS	n/a	n/a	D255
331.5680000000	n/a	n/a	STATUS	n/a	n/a	DIN5
331.6200000000	n/a	n/a	STATUS	n/a	n/a	D255
332.0640000000	n/a	n/a	STATUS	n/a	n/a	D234
332.1120000000	n/a	n/a	STATUS	n/a	n/a	D255
332.1520000000	n/a	n/a	STATUS	n/a	n/a	DI52
332.2000000000	n/a	n/a	STATUS	n/a	n/a	D255
332.5600000000	n/a	n/a	STATUS	n/a	n/a	DI42
332.6080000000	n/a	n/a	STATUS	n/a	n/a	D255
332.8680000000	n/a	n/a	STATUS	n/a	n/a	DIN5
332.9200000000	n/a	n/a	STATUS	n/a	n/a	D255
333.3880000000	n/a	n/a	STATUS	n/a	n/a	D227
333.4400000000	n/a	n/a	STATUS	n/a	n/a	D255
333.4760000000	n/a	n/a	STATUS	n/a	n/a	DI51
333.5280000000	n/a	n/a	STATUS	n/a	n/a	D255
333.9560000000	n/a	n/a	STATUS	n/a	n/a	DI31
334.0080000000	n/a	n/a	STATUS	n/a	n/a	D255
345.3080000000	n/a	n/a	STATUS	n/a	n/a	DIN5
345.3600000000	n/a	n/a	STATUS	n/a	n/a	D255
345.8560000000	n/a	n/a	STATUS	n/a	n/a	D193
345.9080000000	n/a	n/a	STATUS	n/a	n/a	D255
345.9440000000	n/a	n/a	STATUS	n/a	n/a	DI51
345.9960000000	n/a	n/a	STATUS	n/a	n/a	D255
346.4840000000	n/a	n/a	STATUS	n/a	n/a	DI31
346.5360000000	n/a	n/a	STATUS	n/a	n/a	D255
346.7960000000	n/a	n/a	STATUS	n/a	n/a	DIN5
346.8440000000	n/a	n/a	STATUS	n/a	n/a	D255
347.1760000000	n/a	n/a	STATUS	n/a	n/a	DI85
347.2240000000	n/a	n/a	STATUS	n/a	n/a	D255
347.2600000000	n/a	n/a	STATUS	n/a	n/a	DI52
347.3120000000	n/a	n/a	STATUS	n/a	n/a	D255
347.6400000000	n/a	n/a	STATUS	n/a	n/a	DI42
347.6920000000	n/a	n/a	STATUS	n/a	n/a	D255
347.9480000000	n/a	n/a	STATUS	n/a	n/a	DIN5
348.0000000000	n/a	n/a	STATUS	n/a	n/a	D255
348.4600000000	n/a	n/a	STATUS	n/a	n/a	D254
348.5080000000	n/a	n/a	STATUS	n/a	n/a	D255
348.5480000000	n/a	n/a	STATUS	n/a	n/a	DI53
348.5960000000	n/a	n/a	STATUS	n/a	n/a	D255
348.9240000000	n/a	n/a	STATUS	n/a	n/a	DI43
348.9760000000	n/a	n/a	STATUS	n/a	n/a	D255
349.2360000000	n/a	n/a	STATUS	n/a	n/a	DIN5
349.2840000000	n/a	n/a	STATUS	n/a	n/a	D255
349.6880000000	n/a	n/a	STATUS	n/a	n/a	D211
349.7400000000	n/a	n/a	STATUS	n/a	n/a	D255
349.7760000000	n/a	n/a	STATUS	n/a	n/a	DI53
349.8280000000	n/a	n/a	STATUS	n/a	n/a	D255
350.0480000000	n/a	n/a	STATUS	n/a	n/a	DI43
350.1000000000	n/a	n/a	STATUS	n/a	n/a	D255
350.3560000000	n/a	n/a	STATUS	n/a	n/a	DIN5
350.4080000000	n/a	n/a	STATUS	n/a	n/a	D255
350.7960000000	n/a	n/a	STATUS	n/a	n/a	DI76
350.8480000000	n/a	n/a	STATUS	n/a	n/a	D255
350.8840000000	n/a	n/a	STATUS	n/a	n/a	DI51
350.9360000000	n/a	n/a	STATUS	n/a	n/a	D255
351.2920000000	n/a	n/a	STATUS	n/a	n/a	DI31
351.3400000000	n/a	n/a	STATUS	n/a	n/a	D255
351.6000000000	n/a	n/a	STATUS	n/a	n/a	DIN5
351.6520000000	n/a	n/a	STATUS	n/a	n/a	D255
352.1160000000	n/a	n/a	STATUS	n/a	n/a	D206
352.1680000000	n/a	n/a	STATUS	n/a	n/a	D255
352.2040000000	n/a	n/a	STATUS	n/a	n/a	DI51
352.2520000000	n/a	n/a	STATUS	n/a	n/a	D255
352.5680000000	n/a	n/a	STATUS	n/a	n/a	DI31
352.6200000000	n/a	n/a	STATUS	n/a	n/a	D255
352.8800000000	n/a	n/a	STATUS	n/a	n/a	DIN5
352.9280000000	n/a	n/a	STATUS	n/a	n/a	D255
353.3520000000	n/a	n/a	STATUS	n/a	n/a	D225
353.4040000000	n/a	n/a	STATUS	n/a	n/a	D255
353.4400000000	n/a	n/a	STATUS	n/a	n/a	DI51
353.4920000000	n/a	n/a	STATUS	n/a	n/a	D255
353.7880000000	n/a	n/a	STATUS	n/a	n/a	DI31
353.8400000000	n/a	n/a	STATUS	n/a	n/a	D255
354.0960000000	n/a	n/a	STATUS	n/a	n/a	DIN5
354.1480000000	n/a	n/a	STATUS	n/a	n/a	D255
354.5520000000	n/a	n/a	STATUS	n/a	n/a	DI75
354.6040000000	n/a	n/a	STATUS	n/a	n/a	D255
354.6400000000	n/a	n/a	STATUS	n/a	n/a	DI54
354.6920000000	n/a	n/a	STATUS	n/a	n/a	D255
354.9400000000	n/a	n/a	STATUS	n/a	n/a	DI34
354.9920000000	n/a	n/a	STATUS	n/a	n/a	D255
355.2520000000	n/a	n/a	STATUS	n/a	n/a	DIN5
355.3000000000	n/a	n/a	STATUS	n/a	n/a	D255
355.8000000000	n/a	n/a	STATUS	n/a	n/a	D244
355.8480000000	n/a	n/a	STATUS	n/a	n/a	D247
355.8520000000	n/a	n/a	STATUS	n/a	n/a	D255
355.8880000000	n/a	n/a	STATUS	n/a	n/a	DI51
355.9360000000	n/a	n/a	STATUS	n/a	n/a	D255
356.1880000000	n/a	n/a	STATUS	n/a	n/a	DI21
356.2360000000	n/a	n/a	STATUS	n/a	n/a	D255
356.2400000000	n/a	n/a	STATUS	n/a	n/a	DIN4
356.2920000000	n/a	n/a	STATUS	n/a	n/a	D255
357.0480000000	n/a	n/a	STATUS	n/a	n/a	DIN5
357.0960000000	n/a	n/a	STATUS	n/a	n/a	D255
357.4360000000	n/a	n/a	STATUS	n/a	n/a	D158
357.4880000000	n/a	n/a	STATUS	n/a	n/a	D255
357.5240000000	n/a	n/a	STATUS	n/a	n/a	DI53
357.5720000000	n/a	n/a	STATUS	n/a	n/a	D255
358.2120000000	n/a	n/a	STATUS	n/a	n/a	DI43
358.2640000000	n/a	n/a	STATUS	n/a	n/a	D255
358.5240000000	n/a	n/a	STATUS	n/a	n/a	DIN5
358.5720000000	n/a	n/a	STATUS	n/a	n/a	D255
358.9440000000	n/a	n/a	STATUS	n/a	n/a	D112
358.9920000000	n/a	n/a	STATUS	n/a	n/a	D255
359.0320000000	n/a	n/a	STATUS	n/a	n/a	DI52
359.0800000000	n/a	n/a	STATUS	n/a	n/a	D255
359.4320000000	n/a	n/a	STATUS	n/a	n/a	DI42
359.4800000000	n/a	n/a	STATUS	n/a	n/a	D255
359.7400000000	n/a	n/a	STATUS	n/a	n/a	DIN5
359.7920000000	n/a	n/a	STATUS	n/a	n/a	D255
360.1440000000	n/a	n/a	STATUS	n/a	n/a	DI68
360.1960000000	n/a	n/a	STATUS	n/a	n/a	D255
360.2320000000	n/a	n/a	STATUS	n/a	n/a	DI53
360.2840000000	n/a	n/a	STATUS	n/a	n/a	D255
360.5320000000	n/a	n/a	STATUS	n/a	n/a	DI43
360.5800000000	n/a	n/a	STATUS	n/a	n/a	D255
360.8400000000	n/a	n/a	STATUS	n/a	n/a	DIN5
360.8920000000	n/a	n/a	STATUS	n/a	n/a	D255
361.2720000000	n/a	n/a	STATUS	n/a	n/a	D131
361.3200000000	n/a	n/a	STATUS	n/a	n/a	D255
361.3600000000	n/a	n/a	STATUS	n/a	n/a	DI53
361.4080000000	n/a	n/a	STATUS	n/a	n/a	D255
361.6320000000	n/a	n/a	STATUS	n/a	n/a	DI43
361.6800000000	n/a	n/a	STATUS	n/a	n/a	D255
361.9400000000	n/a	n/a	STATUS	n/a	n/a	DIN5
361.9880000000	n/a	n/a	STATUS	n/a	n/a	D255
362.3320000000	n/a	n/a	STATUS	n/a	n/a	D245
362.3800000000	n/a	n/a	STATUS	n/a	n/a	D255
362.4160000000	n/a	n/a	STATUS	n/a	n/a	DI53
362.4680000000	n/a	n/a	STATUS	n/a	n/a	D255
362.7160000000	n/a	n/a	STATUS	n/a	n/a	DI43
362.7640000000	n/a	n/a	STATUS	n/a	n/a	D255
363.0240000000	n/a	n/a	STATUS	n/a	n/a	DIN5
363.0720000000	n/a	n/a	STATUS	n/a	n/a	D255
363.4160000000	n/a	n/a	STATUS	n/a	n/a	D114
363.4680000000	n/a	n/a	STATUS	n/a	n/a	D255
363.5040000000	n/a	n/a	STATUS	n/a	n/a	DI51
363.5560000000	n/a	n/a	STATUS	n/a	n/a	D255
363.9400000000	n/a	n/a	STATUS	n/a	n/a	DI31
363.9920000000	n/a	n/a	STATUS	n/a	n/a	D255
364.2480000000	n/a	n/a	STATUS	n/a	n/a	DIN5
364.3000000000	n/a	n/a	STATUS	n/a	n/a	D255
364.7240000000	n/a	n/a	STATUS	n/a	n/a	D130
364.7760000000	n/a	n/a	STATUS	n/a	n/a	D255
364.8120000000	n/a	n/a	STATUS	n/a	n/a	DI54
364.8640000000	n/a	n/a	STATUS	n/a	n/a	D255
365.1400000000	n/a	n/a	STATUS	n/a	n/a	DI34
365.1920000000	n/a	n/a	STATUS	n/a	n/a	D255
365.4480000000	n/a	n/a	STATUS	n/a	n/a	DIN5
365.5000000000	n/a	n/a	STATUS	n/a	n/a	D255
365.9000000000	n/a	n/a	STATUS	n/a	n/a	D223
365.9480000000	n/a	n/a	STATUS	n/a	n/a	D255
365.9880000000	n/a	n/a	STATUS	n/a	n/a	DI54
366.0360000000	n/a	n/a	STATUS	n/a	n/a	D255
366.2760000000	n/a	n/a	STATUS	n/a	n/a	DI34
366.3240000000	n/a	n/a	STATUS	n/a	n/a	D255
366.5840000000	n/a	n/a	STATUS	n/a	n/a	DIN5
366.6320000000	n/a	n/a	STATUS	n/a	n/a	D255
367.0520000000	n/a	n/a	STATUS	n/a	n/a	D165
367.1040000000	n/a	n/a	STATUS	n/a	n/a	D255
367.1400000000	n/a	n/a	STATUS	n/a	n/a	DI51
367.1880000000	n/a	n/a	STATUS	n/a	n/a	D255
367.6280000000	n/a	n/a	STATUS	n/a	n/a	DI31
367.6760000000	n/a	n/a	STATUS	n/a	n/a	D255
367.9360000000	n/a	n/a	STATUS	n/a	n/a	DIN5
367.9840000000	n/a	n/a	STATUS	n/a	n/a	D255
368.4720000000	n/a	n/a	STATUS	n/a	n/a	D123
368.5200000000	n/a	n/a	STATUS	n/a	n/a	D255
368.5560000000	n/a	n/a	STATUS	n/a	n/a	DI52
368.6080000000	n/a	n/a	STATUS	n/a	n/a	D255
369.0440000000	n/a	n/a	STATUS	n/a	n/a	DI42
369.0920000000	n/a	n/a	STATUS	n/a	n/a	D255
369.3520000000	n/a	n/a	STATUS	n/a	n/a	DIN5
369.4040000000	n/a	n/a	STATUS	n/a	n/a	D255
369.7520000000	n/a	n/a	STATUS	n/a	n/a	D105
369.8000000000	n/a	n/a	STATUS	n/a	n/a	D255
369.8400000000	n/a	n/a	STATUS	n/a	n/a	DI53
369.8880000000	n/a	n/a	STATUS	n/a	n/a	D255
370.3600000000	n/a	n/a	STATUS	n/a	n/a	DI13
370.4080000000	n/a	n/a	STATUS	n/a	n/a	D255
370.4120000000	n/a	n/a	STATUS	n/a	n/a	DIN4
370.4640000000	n/a	n/a	STATUS	n/a	n/a	D255
371.2160000000	n/a	n/a	STATUS	n/a	n/a	DIN5
371.2680000000	n/a	n/a	STATUS	n/a	n/a	D255
371.6440000000	n/a	n/a	STATUS	n/a	n/a	DI93
371.6920000000	n/a	n/a	STATUS	n/a	n/a	D255
371.7320000000	n/a	n/a	STATUS	n/a	n/a	DI54
371.7800000000	n/a	n/a	STATUS	n/a	n/a	D255
372.1160000000	n/a	n/a	STATUS	n/a	n/a	DI34
372.1640000000	n/a	n/a	STATUS	n/a	n/a	D255
372.4240000000	n/a	n/a	STATUS	n/a	n/a	DIN5
372.4760000000	n/a	n/a	STATUS	n/a	n/a	D255
372.8680000000	n/a	n/a	STATUS	n/a	n/a	D248
372.9200000000	n/a	n/a	STATUS	n/a	n/a	D255
372.9560000000	n/a	n/a	STATUS	n/a	n/a	DI53
373.0080000000	n/a	n/a	STATUS	n/a	n/a	D255
373.3760000000	n/a	n/a	STATUS	n/a	n/a	DI43
373.4280000000	n/a	n/a	STATUS	n/a	n/a	D255
373.6880000000	n/a	n/a	STATUS	n/a	n/a	DIN5
373.7360000000	n/a	n/a	STATUS	n/a	n/a	D255
374.1000000000	n/a	n/a	STATUS	n/a	n/a	D251
374.1520000000	n/a	n/a	STATUS	n/a	n/a	D255
374.1880000000	n/a	n/a	STATUS	n/a	n/a	DI53
374.2360000000	n/a	n/a	STATUS	n/a	n/a	D255
374.5360000000	n/a	n/a	STATUS	n/a	n/a	DI43
374.5880000000	n/a	n/a	STATUS	n/a	n/a	D255
374.8480000000	n/a	n/a	STATUS	n/a	n/a	DIN5
374.8960000000	n/a	n/a	STATUS	n/a	n/a	D255
375.2080000000	n/a	n/a	STATUS	n/a	n/a	D118
375.2560000000	n/a	n/a	STATUS	n/a	n/a	D255
375.2960000000	n/a	n/a	STATUS	n/a	n/a	DI54
375.3440000000	n/a	n/a	STATUS	n/a	n/a	D255
375.6640000000	n/a	n/a	STATUS	n/a	n/a	DI34
375.7120000000	n/a	n/a	STATUS	n/a	n/a	D255
375.9720000000	n/a	n/a	STATUS	n/a	n/a	DIN5
376.0200000000	n/a	n/a	STATUS	n/a	n/a	D255
376.3800000000	n/a	n/a	STATUS	n/a	n/a	D164
376.4320000000	n/a	n/a	STATUS	n/a	n/a	D255
376.4680000000	n/a	n/a	STATUS	n/a	n/a	DI52
376.5200000000	n/a	n/a	STATUS	n/a	n/a	D255
376.9880000000	n/a	n/a	STATUS	n/a	n/a	DI42
377.0400000000	n/a	n/a	STATUS	n/a	n/a	D255
377.3000000000	n/a	n/a	STATUS	n/a	n/a	DIN5
377.3480000000	n/a	n/a	STATUS	n/a	n/a	D255
377.8280000000	n/a	n/a	STATUS	n/a	n/a	D235
377.8800000000	n/a	n/a	STATUS	n/a	n/a	D255
377.9160000000	n/a	n/a	STATUS	n/a	n/a	DI51
377.9640000000	n/a	n/a	STATUS	n/a	n/a	D255
378.2280000000	n/a	n/a	STATUS	n/a	n/a	DI21
378.2800000000	n/a	n/a	STATUS	n/a	n/a	D255
378.2840000000	n/a	n/a	STATUS	n/a	n/a	DIN4
378.3320000000	n/a	n/a	STATUS	n/a	n/a	D255
379.0880000000	n/a	n/a	STATUS	n/a	n/a	DIN5
379.1400000000	n/a	n/a	STATUS	n/a	n/a	D255
379.4720000000	n/a	n/a	STATUS	n/a	n/a	D218
379.5240000000	n/a	n/a	STATUS	n/a	n/a	D255
379.5600000000	n/a	n/a	STATUS	n/a	n/a	DI52
379.6120000000	n/a	n/a	STATUS	n/a	n/a	D255
380.1880000000	n/a	n/a	STATUS	n/a	n/a	DI42
380.2400000000	n/a	n/a	STATUS	n/a	n/a	D255
380.4960000000	n/a	n/a	STATUS	n/a	n/a	DIN5
380.5480000000	n/a	n/a	STATUS	n/a	n/a	D255
380.9040000000	n/a	n/a	STATUS	n/a	n/a	D192
380.9520000000	n/a	n/a	STATUS	n/a	n/a	D255
380.9880000000	n/a	n/a	STATUS	n/a	n/a	DI52
381.0400000000	n/a	n/a	STATUS	n/a	n/a	D255
381.4560000000	n/a	n/a	STATUS	n/a	n/a	DI42
381.5040000000	n/a	n/a	STATUS	n/a	n/a	D255
381.7640000000	n/a	n/a	STATUS	n/a	n/a	DIN5
381.8120000000	n/a	n/a	STATUS	n/a	n/a	D255
382.2880000000	n/a	n/a	STATUS	n/a	n/a	D161
382.3360000000	n/a	n/a	STATUS	n/a	n/a	D255
382.3760000000	n/a	n/a	STATUS	n/a	n/a	DI54
382.4240000000	n/a	n/a	STATUS	n/a	n/a	D255
382.7600000000	n/a	n/a	STATUS	n/a	n/a	DI24
382.8080000000	n/a	n/a	STATUS	n/a	n/a	D255
382.8120000000	n/a	n/a	STATUS	n/a	n/a	DIN4
382.8640000000	n/a	n/a	STATUS	n/a	n/a	D255
383.6160000000	n/a	n/a	STATUS	n/a	n/a	DIN5
383.6680000000	n/a	n/a	STATUS	n/a	n/a	D255
383.9920000000	n/a	n/a	STATUS	n/a	n/a	DI66
384.0440000000	n/a	n/a	STATUS	n/a	n/a	D255
384.0800000000	n/a	n/a	STATUS	n/a	n/a	DI54
384.1320000000	n/a	n/a	STATUS	n/a	n/a	D255
384.4040000000	n/a	n/a	STATUS	n/a	n/a	DI34
384.4560000000	n/a	n/a	STATUS	n/a	n/a	D255
384.7120000000	n/a	n/a	STATUS	n/a	n/a	DIN5
384.7640000000	n/a	n/a	STATUS	n/a	n/a	D255
385.2640000000	n/a	n/a	STATUS	n/a	n/a	DI89
385.3120000000	n/a	n/a	STATUS	n/a	n/a	D255
385.3520000000	n/a	n/a	STATUS	n/a	n/a	DI51
385.4000000000	n/a	n/a	STATUS	n/a	n/a	D255
385.9680000000	n/a	n/a	STATUS	n/a	n/a	DI31
386.0200000000	n/a	n/a	STATUS	n/a	n/a	D255
386.2760000000	n/a	n/a	STATUS	n/a	n/a	DIN5
386.3280000000	n/a	n/a	STATUS	n/a	n/a	D255
386.7960000000	n/a	n/a	STATUS	n/a	n/a	DI69
386.8480000000	n/a	n/a	STATUS	n/a	n/a	D255
386.8480000000	n/a	n/a	STATUS	n/a	n/a	D239
386.8880000000	n/a	n/a	STATUS	n/a	n/a	DI54
386.9360000000	n/a	n/a	STATUS	n/a	n/a	D255
387.2120000000	n/a	n/a	STATUS	n/a	n/a	DI34
387.2640000000	n/a	n/a	STATUS	n/a	n/a	D255
387.5240000000	n/a	n/a	STATUS	n/a	n/a	DIN5
387.5720000000	n/a	n/a	STATUS	n/a	n/a	D255
387.9120000000	n/a	n/a	STATUS	n/a	n/a	DI98
387.9600000000	n/a	n/a	STATUS	n/a	n/a	D255
388.0000000000	n/a	n/a	STATUS	n/a	n/a	DI54
388.0480000000	n/a	n/a	STATUS	n/a	n/a	D255
388.3360000000	n/a	n/a	STATUS	n/a	n/a	DI34
388.3840000000	n/a	n/a	STATUS	n/a	n/a	D255
388.6440000000	n/a	n/a	STATUS	n/a	n/a	DIN5
388.6960000000	n/a	n/a	STATUS	n/a	n/a	D255
389.1040000000	n/a	n/a	STATUS	n/a	n/a	D219
389.1520000000	n/a	n/a	STATUS	n/a	n/a	D255
389.1920000000	n/a	n/a	STATUS	n/a	n/a	DI52
389.2400000000	n/a	n/a	STATUS	n/a	n/a	D255
389.5960000000	n/a	n/a	STATUS	n/a	n/a	DI42
389.6440000000	n/a	n/a	STATUS	n/a	n/a	D255
389.9040000000	n/a	n/a	STATUS	n/a	n/a	DIN5
389.9560000000	n/a	n/a	STATUS	n/a	n/a	D255
390.4400000000	n/a	n/a	STATUS	n/a	n/a	D117
390.4880000000	n/a	n/a	STATUS	n/a	n/a	D255
390.5280000000	n/a	n/a	STATUS	n/a	n/a	DI52
390.5760000000	n/a	n/a	STATUS	n/a	n/a	D255
390.9280000000	n/a	n/a	STATUS	n/a	n/a	DI42
390.9760000000	n/a	n/a	STATUS	n/a	n/a	D255
391.2360000000	n/a	n/a	STATUS	n/a	n/a	DIN5
391.2840000000	n/a	n/a	STATUS	n/a	n/a	D255
391.6400000000	n/a	n/a	STATUS	n/a	n/a	D116
391.6920000000	n/a	n/a	STATUS	n/a	n/a	D255
391.7280000000	n/a	n/a	STATUS	n/a	n/a	DI51
391.7760000000	n/a	n/a	STATUS	n/a	n/a	D255
392.1320000000	n/a	n/a	STATUS	n/a	n/a	DI31
392.1840000000	n/a	n/a	STATUS	n/a	n/a	D255
392.4440000000	n/a	n/a	STATUS	n/a	n/a	DIN5
392.4920000000	n/a	n/a	STATUS	n/a	n/a	D255
392.8640000000	n/a	n/a	STATUS	n/a	n/a	D153
392.9120000000	n/a	n/a	STATUS	n/a	n/a	D255
392.9480000000	n/a	n/a	STATUS	n/a	n/a	DI54
393.0000000000	n/a	n/a	STATUS	n/a	n/a	D255
393.2640000000	n/a	n/a	STATUS	n/a	n/a	DI34
393.3120000000	n/a	n/a	STATUS	n/a	n/a	D255
393.5720000000	n/a	n/a	STATUS	n/a	n/a	DIN5
393.6240000000	n/a	n/a	STATUS	n/a	n/a	D255
394.0360000000	n/a	n/a	STATUS	n/a	n/a	D111
394.0880000000	n/a	n/a	STATUS	n/a	n/a	D255
394.1240000000	n/a	n/a	STATUS	n/a	n/a	DI52
394.1760000000	n/a	n/a	STATUS	n/a	n/a	D255
394.5160000000	n/a	n/a	STATUS	n/a	n/a	DI42
394.5680000000	n/a	n/a	STATUS	n/a	n/a	D255
394.8240000000	n/a	n/a	STATUS	n/a	n/a	DIN5
394.8760000000	n/a	n/a	STATUS	n/a	n/a	D255
395.3640000000	n/a	n/a	STATUS	n/a	n/a	D140
395.4160000000	n/a	n/a	STATUS	n/a	n/a	D255
395.4520000000	n/a	n/a	STATUS	n/a	n/a	DI53
395.5040000000	n/a	n/a	STATUS	n/a	n/a	D255
395.7120000000	n/a	n/a	STATUS	n/a	n/a	DI43
395.7600000000	n/a	n/a	STATUS	n/a	n/a	D255
396.0200000000	n/a	n/a	STATUS	n/a	n/a	DIN5
396.0720000000	n/a	n/a	STATUS	n/a	n/a	D255
396.4000000000	n/a	n/a	STATUS	n/a	n/a	D186
396.4480000000	n/a	n/a	STATUS	n/a	n/a	D255
396.4880000000	n/a	n/a	STATUS	n/a	n/a	DI51
396.5360000000	n/a	n/a	STATUS	n/a	n/a	D255
396.9480000000	n/a	n/a	STATUS	n/a	n/a	DI31
397.0000000000	n/a	n/a	STATUS	n/a	n/a	D255
397.2560000000	n/a	n/a	STATUS	n/a	n/a	DIN5
397.3080000000	n/a	n/a	STATUS	n/a	n/a	D255
397.8120000000	n/a	n/a	STATUS	n/a	n/a	D185
397.8600000000	n/a	n/a	STATUS	n/a	n/a	D255
397.9000000000	n/a	n/a	STATUS	n/a	n/a	DI54
397.9480000000	n/a	n/a	STATUS	n/a	n/a	D255
398.2240000000	n/a	n/a	STATUS	n/a	n/a	DI34
398.2720000000	n/a	n/a	STATUS	n/a	n/a	D255
398.5320000000	n/a	n/a	STATUS	n/a	n/a	DIN5
398.5840000000	n/a	n/a	STATUS	n/a	n/a	D255
399.0080000000	n/a	n/a	STATUS	n/a	n/a	D109
399.0560000000	n/a	n/a	STATUS	n/a	n/a	D255
399.0960000000	n/a	n/a	STATUS	n/a	n/a	DI54
399.1440000000	n/a	n/a	STATUS	n/a	n/a	D255
399.3680000000	n/a	n/a	STATUS	n/a	n/a	DI34
399.4200000000	n/a	n/a	STATUS	n/a	n/a	D255
399.6800000000	n/a	n/a	STATUS	n/a	n/a	DIN5
399.7280000000	n/a	n/a	STATUS	n/a	n/a	D255
400.1320000000	n/a	n/a	STATUS	n/a	n/a	D236
400.1840000000	n/a	n/a	STATUS	n/a	n/a	D255
400.2200000000	n/a	n/a	STATUS	n/a	n/a	DI51
400.2720000000	n/a	n/a	STATUS	n/a	n/a	D255
400.7280000000	n/a	n/a	STATUS	n/a	n/a	DI31
400.7800000000	n/a	n/a	STATUS	n/a	n/a	D255
401.0400000000	n/a	n/a	STATUS	n/a	n/a	DIN5
401.0880000000	n/a	n/a	STATUS	n/a	n/a	D255
401.5320000000	n/a	n/a	STATUS	n/a	n/a	D104
401.5840000000	n/a	n/a	STATUS	n/a	n/a	D255
401.6200000000	n/a	n/a	STATUS	n/a	n/a	DI52
401.6720000000	n/a	n/a	STATUS	n/a	n/a	D255
401.9440000000	n/a	n/a	STATUS	n/a	n/a	DI12
401.9960000000	n/a	n/a	STATUS	n/a	n/a	D255
402.0000000000	n/a	n/a	STATUS	n/a	n/a	DIN4
402.0520000000	n/a	n/a	STATUS	n/a	n/a	D255
402.8040000000	n/a	n/a	STATUS	n/a	n/a	DIN5
402.8560000000	n/a	n/a	STATUS	n/a	n/a	D255
403.2160000000	n/a	n/a	STATUS	n/a	n/a	D201
403.2640000000	n/a	n/a	STATUS	n/a	n/a	D255
403.3040000000	n/a	n/a	STATUS	n/a	n/a	DI52
403.3520000000	n/a	n/a	STATUS	n/a	n/a	D255
403.5400000000	n/a	n/a	STATUS	n/a	n/a	DI12
403.5880000000	n/a	n/a	STATUS	n/a	n/a	D255
403.5920000000	n/a	n/a	STATUS	n/a	n/a	DIN4
403.6440000000	n/a	n/a	STATUS	n/a	n/a	D255
404.3960000000	n/a	n/a	STATUS	n/a	n/a	DIN5
404.4480000000	n/a	n/a	STATUS	n/a	n/a	D255
404.8960000000	n/a	n/a	STATUS	n/a	n/a	D204
404.9480000000	n/a	n/a	STATUS	n/a	n/a	D255
404.9840000000	n/a	n/a	STATUS	n/a	n/a	DI51
405.0360000000	n/a	n/a	STATUS	n/a	n/a	D255
405.4440000000	n/a	n/a	STATUS	n/a	n/a	DI31
405.4920000000	n/a	n/a	STATUS	n/a	n/a	D255
405.7520000000	n/a	n/a	STATUS	n/a	n/a	DIN5
405.8040000000	n/a	n/a	STATUS	n/a	n/a	D255
406.2080000000	n/a	n/a	STATUS	n/a	n/a	D232
406.2600000000	n/a	n/a	STATUS	n/a	n/a	D255
406.2960000000	n/a	n/a	STATUS	n/a	n/a	DI51
406.3440000000	n/a	n/a	STATUS	n/a	n/a	D255
406.6960000000	n/a	n/a	STATUS	n/a	n/a	DI31
406.7440000000	n/a	n/a	STATUS	n/a	n/a	D255
407.0040000000	n/a	n/a	STATUS	n/a	n/a	DIN5
407.0560000000	n/a	n/a	STATUS	n/a	n/a	D255
407.4840000000	n/a	n/a	STATUS	n/a	n/a	D154
407.5320000000	n/a	n/a	STATUS	n/a	n/a	D255
407.5720000000	n/a	n/a	STATUS	n/a	n/a	DI52
407.6200000000	n/a	n/a	STATUS	n/a	n/a	D255
407.9840000000	n/a	n/a	STATUS	n/a	n/a	DI42
408.0360000000	n/a	n/a	STATUS	n/a	n/a	D255
408.2920000000	n/a	n/a	STATUS	n/a	n/a	DIN5
408.3440000000	n/a	n/a	STATUS	n/a	n/a	D255
408.8080000000	n/a	n/a	STATUS	n/a	n/a	D177
408.8600000000	n/a	n/a	STATUS	n/a	n/a	D255
408.8960000000	n/a	n/a	STATUS	n/a	n/a	DI51
408.9480000000	n/a	n/a	STATUS	n/a	n/a	D255
409.3200000000	n/a	n/a	STATUS	n/a	n/a	DI31
409.3720000000	n/a	n/a	STATUS	n/a	n/a	D255
409.6320000000	n/a	n/a	STATUS	n/a	n/a	DIN5
409.6800000000	n/a	n/a	STATUS	n/a	n/a	D255
410.0640000000	n/a	n/a	STATUS	n/a	n/a	D144
410.1160000000	n/a	n/a	STATUS	n/a	n/a	D255
410.1520000000	n/a	n/a	STATUS	n/a	n/a	DI52
410.2040000000	n/a	n/a	STATUS	n/a	n/a	D255
410.5600000000	n/a	n/a	STATUS	n/a	n/a	DI42
410.6080000000	n/a	n/a	STATUS	n/a	n/a	D255
410.8680000000	n/a	n/a	STATUS	n/a	n/a	DIN5
410.9200000000	n/a	n/a	STATUS	n/a	n/a	D255
411.3360000000	n/a	n/a	STATUS	n/a	n/a	D226
411.3880000000	n/a	n/a	STATUS	n/a	n/a	D255
411.4240000000	n/a	n/a	STATUS	n/a	n/a	DI53
411.4760000000	n/a	n/a	STATUS	n/a	n/a	D255
411.7680000000	n/a	n/a	STATUS	n/a	n/a	DI43
411.8200000000	n/a	n/a	STATUS	n/a	n/a	D255
412.0800000000	n/a	n/a	STATUS	n/a	n/a	DIN5
412.1280000000	n/a	n/a	STATUS	n/a	n/a	D255
412.5000000000	n/a	n/a	STATUS	n/a	n/a	D231
412.5480000000	n/a	n/a	STATUS	n/a	n/a	D255
412.5880000000	n/a	n/a	STATUS	n/a	n/a	DI52
412.6360000000	n/a	n/a	STATUS	n/a	n/a	D255
413.0240000000	n/a	n/a	STATUS	n/a	n/a	DI42
413.0760000000	n/a	n/a	STATUS	n/a	n/a	D255
413.3360000000	n/a	n/a	STATUS	n/a	n/a	DIN5
413.3840000000	n/a	n/a	STATUS	n/a	n/a	D255
413.7680000000	n/a	n/a	STATUS	n/a	n/a	D240
413.8200000000	n/a	n/a	STATUS	n/a	n/a	D255
413.8560000000	n/a	n/a	STATUS	n/a	n/a	DI52
413.9080000000	n/a	n/a	STATUS	n/a	n/a	D255
414.2800000000	n/a	n/a	STATUS	n/a	n/a	DI42
414.3320000000	n/a	n/a	STATUS	n/a	n/a	D255
414.3320000000	n/a	n/a	STATUS	n/a	n/a	D235
414.5920000000	n/a	n/a	STATUS	n/a	n/a	DIN5
414.6400000000	n/a	n/a	STATUS	n/a	n/a	D255
415.1040000000	n/a	n/a	STATUS	n/a	n/a	DI67
415.1560000000	n/a	n/a	STATUS	n/a	n/a	D255
415.1920000000	n/a	n/a	STATUS	n/a	n/a	DI53
415.2440000000	n/a	n/a	STATUS	n/a	n/a	D255
415.4840000000	n/a	n/a	STATUS	n/a	n/a	DI43
415.5360000000	n/a	n/a	STATUS	n/a	n/a	D255
415.7960000000	n/a	n/a	STATUS	n/a	n/a	DIN5
415.8440000000	n/a	n/a	STATUS	n/a	n/a	D255
416.1920000000	n/a	n/a	STATUS	n/a	n/a	DI95
416.2440000000	n/a	n/a	STATUS	n/a	n/a	D255
416.2800000000	n/a	n/a	STATUS	n/a	n/a	DI53
416.3320000000	n/a	n/a	STATUS	n/a	n/a	D255
416.6000000000	n/a	n/a	STATUS	n/a	n/a	DI43
416.6520000000	n/a	n/a	STATUS	n/a	n/a	D255
416.6520000000	n/a	n/a	STATUS	n/a	n/a	D235
416.9120000000	n/a	n/a	STATUS	n/a	n/a	DIN5
416.9600000000	n/a	n/a	STATUS	n/a	n/a	D255
417.3640000000	n/a	n/a	STATUS	n/a	n/a	DI79
417.4160000000	n/a	n/a	STATUS	n/a	n/a	D255
417.4520000000	n/a	n/a	STATUS	n/a	n/a	DI53
417.5040000000	n/a	n/a	STATUS	n/a	n/a	D255
417.7320000000	n/a	n/a	STATUS	n/a	n/a	DI43
417.7800000000	n/a	n/a	STATUS	n/a	n/a	D255
418.0400000000	n/a	n/a	STATUS	n/a	n/a	DIN5
418.0920000000	n/a	n/a	STATUS	n/a	n/a	D255
418.5760000000	n/a	n/a	STATUS	n/a	n/a	D239
418.6240000000	n/a	n/a	STATUS	n/a	n/a	D255
418.6640000000	n/a	n/a	STATUS	n/a	n/a	DI53
418.7120000000	n/a	n/a	STATUS	n/a	n/a	D255
418.9480000000	n/a	n/a	STATUS	n/a	n/a	DI43
419.0000000000	n/a	n/a	STATUS	n/a	n/a	D255
419.2560000000	n/a	n/a	STATUS	n/a	n/a	DIN5
419.3080000000	n/a	n/a	STATUS	n/a	n/a	D255
419.7720000000	n/a	n/a	STATUS	n/a	n/a	DI65
419.8240000000	n/a	n/a	STATUS	n/a	n/a	D255
419.8600000000	n/a	n/a	STATUS	n/a	n/a	DI53
419.9120000000	n/a	n/a	STATUS	n/a	n/a	D255
420.1400000000	n/a	n/a	STATUS	n/a	n/a	DI43
420.1880000000	n/a	n/a	STATUS	n/a	n/a	D255
420.4480000000	n/a	n/a	STATUS	n/a	n/a	DIN5
420.4960000000	n/a	n/a	STATUS	n/a	n/a	D255
420.9080000000	n/a	n/a	STATUS	n/a	n/a	D133
420.9560000000	n/a	n/a	STATUS	n/a	n/a	D255
420.9960000000	n/a	n/a	STATUS	n/a	n/a	DI52
421.0440000000	n/a	n/a	STATUS	n/a	n/a	D255
421.4080000000	n/a	n/a	STATUS	n/a	n/a	DI42
421.4560000000	n/a	n/a	STATUS	n/a	n/a	D255
421.7160000000	n/a	n/a	STATUS	n/a	n/a	DIN5
421.7640000000	n/a	n/a	STATUS	n/a	n/a	D255
422.2040000000	n/a	n/a	STATUS	n/a	n/a	D217
422.2560000000	n/a	n/a	STATUS	n/a	n/a	D255
422.2920000000	n/a	n/a	STATUS	n/a	n/a	DI51
422.3440000000	n/a	n/a	STATUS	n/a	n/a	D255
422.7880000000	n/a	n/a	STATUS	n/a	n/a	DI31
422.8360000000	n/a	n/a	STATUS	n/a	n/a	D255
423.0960000000	n/a	n/a	STATUS	n/a	n/a	DIN5
423.1480000000	n/a	n/a	STATUS	n/a	n/a	D255
423.5840000000	n/a	n/a	STATUS	n/a	n/a	D195
423.6360000000	n/a	n/a	STATUS	n/a	n/a	D255
423.6720000000	n/a	n/a	STATUS	n/a	n/a	DI51
423.7240000000	n/a	n/a	STATUS	n/a	n/a	D255
424.1520000000	n/a	n/a	STATUS	n/a	n/a	DI31
424.2040000000	n/a	n/a	STATUS	n/a	n/a	D255
424.4600000000	n/a	n/a	STATUS	n/a	n/a	DIN5
424.5120000000	n/a	n/a	STATUS	n/a	n/a	D255
424.9520000000	n/a	n/a	STATUS	n/a	n/a	D124
425.0000000000	n/a	n/a	STATUS	n/a	n/a	D255
425.0400000000	n/a	n/a	STATUS	n/a	n/a	DI51
425.0880000000	n/a	n/a	STATUS	n/a	n/a	D255
425.5040000000	n/a	n/a	STATUS	n/a	n/a	DI31
425.5520000000	n/a	n/a	STATUS	n/a	n/a	D255
425.8120000000	n/a	n/a	STATUS	n/a	n/a	DIN5
425.8600000000	n/a	n/a	STATUS	n/a	n/a	D255
426.1840000000	n/a	n/a	STATUS	n/a	n/a	D214
426.2360000000	n/a	n/a	STATUS	n/a	n/a	D255
426.2720000000	n/a	n/a	STATUS	n/a	n/a	DI54
426.3240000000	n/a	n/a	STATUS	n/a	n/a	D255
426.7000000000	n/a	n/a	STATUS	n/a	n/a	DI24
426.7480000000	n/a	n/a	STATUS	n/a	n/a	D255
426.7520000000	n/a	n/a	STATUS	n/a	n/a	DIN4
426.8040000000	n/a	n/a	STATUS	n/a	n/a	D255
427.5600000000	n/a	n/a	STATUS	n/a	n/a	DIN5
427.6080000000	n/a	n/a	STATUS	n/a	n/a	D255
427.9120000000	n/a	n/a	STATUS	n/a	n/a	D159
427.9640000000	n/a	n/a	STATUS	n/a	n/a	D255
428.0000000000	n/a	n/a	STATUS	n/a	n/a	DI52
428.0520000000	n/a	n/a	STATUS	n/a	n/a	D255
428.5000000000	n/a	n/a	STATUS	n/a	n/a	DI42
428.5520000000	n/a	n/a	STATUS	n/a	n/a	D255
428.8080000000	n/a	n/a	STATUS	n/a	n/a	DIN5
428.8600000000	n/a	n/a	STATUS	n/a	n/a	D255
429.2000000000	n/a	n/a	STATUS	n/a	n/a	D213
429.2520000000	n/a	n/a	STATUS	n/a	n/a	D255
429.2880000000	n/a	n/a	STATUS	n/a	n/a	DI51
429.3400000000	n/a	n/a	STATUS	n/a	n/a	D255
429.7120000000	n/a	n/a	STATUS	n/a	n/a	DI31
429.7600000000	n/a	n/a	STATUS	n/a	n/a	D255
430.0200000000	n/a	n/a	STATUS	n/a	n/a	DIN5
430.0720000000	n/a	n/a	STATUS	n/a	n/a	D255
430.5760000000	n/a	n/a	STATUS	n/a	n/a	D249
430.6240000000	n/a	n/a	STATUS	n/a	n/a	D255
430.6640000000	n/a	n/a	STATUS	n/a	n/a	DI52
430.7120000000	n/a	n/a	STATUS	n/a	n/a	D255
431.1480000000	n/a	n/a	STATUS	n/a	n/a	DI42
431.2000000000	n/a	n/a	STATUS	n/a	n/a	D255
431.4600000000	n/a	n/a	STATUS	n/a	n/a	DIN5
431.5080000000	n/a	n/a	STATUS	n/a	n/a	D255
431.9440000000	n/a	n/a	STATUS	n/a	n/a	D241
431.9920000000	n/a	n/a	STATUS	n/a	n/a	D255
432.0320000000	n/a	n/a	STATUS	n/a	n/a	DI53
432.0840000000	n/a	n/a	STATUS	n/a	n/a	D255
432.3560000000	n/a	n/a	STATUS	n/a	n/a	DI43
432.4040000000	n/a	n/a	STATUS	n/a	n/a	D255
432.6640000000	n/a	n/a	STATUS	n/a	n/a	DIN5
432.7160000000	n/a	n/a	STATUS	n/a	n/a	D255
433.1280000000	n/a	n/a	STATUS	n/a	n/a	DI94
433.1800000000	n/a	n/a	STATUS	n/a	n/a	D255
433.2160000000	n/a	n/a	STATUS	n/a	n/a	DI53
433.2680000000	n/a	n/a	STATUS	n/a	n/a	D255
433.6360000000	n/a	n/a	STATUS	n/a	n/a	DI43
433.6840000000	n/a	n/a	STATUS	n/a	n/a	D255
433.9440000000	n/a	n/a	STATUS	n/a	n/a	DIN5
433.9920000000	n/a	n/a	STATUS	n/a	n/a	D255
434.3880000000	n/a	n/a	STATUS	n/a	n/a	D189
434.4360000000	n/a	n/a	STATUS	n/a	n/a	D255
434.4760000000	n/a	n/a	STATUS	n/a	n/a	DI53
434.5240000000	n/a	n/a	STATUS	n/a	n/a	D255
434.8160000000	n/a	n/a	STATUS	n/a	n/a	DI43
434.8680000000	n/a	n/a	STATUS	n/a	n/a	D255
435.1240000000	n/a	n/a	STATUS	n/a	n/a	DIN5
435.1760000000	n/a	n/a	STATUS	n/a	n/a	D255
435.5320000000	n/a	n/a	STATUS	n/a	n/a	D250
435.5800000000	n/a	n/a	STATUS	n/a	n/a	D255
435.6200000000	n/a	n/a	STATUS	n/a	n/a	DI52
435.6680000000	n/a	n/a	STATUS	n/a	n/a	D255
436.1480000000	n/a	n/a	STATUS	n/a	n/a	DI42
436.2000000000	n/a	n/a	STATUS	n/a	n/a	D255
436.4560000000	n/a	n/a	STATUS	n/a	n/a	DIN5
436.5080000000	n/a	n/a	STATUS	n/a	n/a	D255
436.8360000000	n/a	n/a	STATUS	n/a	n/a	D128
436.8880000000	n/a	n/a	STATUS	n/a	n/a	D255
436.9240000000	n/a	n/a	STATUS	n/a	n/a	DI52
436.9760000000	n/a	n/a	STATUS	n/a	n/a	D255
437.2720000000	n/a	n/a	STATUS	n/a	n/a	DI42
437.3240000000	n/a	n/a	STATUS	n/a	n/a	D255
437.5800000000	n/a	n/a	STATUS	n/a	n/a	DIN5
437.6320000000	n/a	n/a	STATUS	n/a	n/a	D255
437.9360000000	n/a	n/a	STATUS	n/a	n/a	D178
437.9840000000	n/a	n/a	STATUS	n/a	n/a	D255
438.0240000000	n/a	n/a	STATUS	n/a	n/a	DI52
438.0720000000	n/a	n/a	STATUS	n/a	n/a	D255
438.4160000000	n/a	n/a	STATUS	n/a	n/a	DI42
438.4640000000	n/a	n/a	STATUS	n/a	n/a	D255
438.7240000000	n/a	n/a	STATUS	n/a	n/a	DIN5
438.7760000000	n/a	n/a	STATUS	n/a	n/a	D255
439.1200000000	n/a	n/a	STATUS	n/a	n/a	D230
439.1680000000	n/a	n/a	STATUS	n/a	n/a	D255
439.2080000000	n/a	n/a	STATUS	n/a	n/a	DI54
439.2560000000	n/a	n/a	STATUS	n/a	n/a	D255
439.6240000000	n/a	n/a	STATUS	n/a	n/a	DI34
439.6760000000	n/a	n/a	STATUS	n/a	n/a	D255
439.9360000000	n/a	n/a	STATUS	n/a	n/a	DIN5
439.9840000000	n/a	n/a	STATUS	n/a	n/a	D255
440.4280000000	n/a	n/a	STATUS	n/a	n/a	DI70
440.4800000000	n/a	n/a	STATUS	n/a	n/a	D255
440.5160000000	n/a	n/a	STATUS	n/a	n/a	DI52
440.5680000000	n/a	n/a	STATUS	n/a	n/a	D255
441.0640000000	n/a	n/a	STATUS	n/a	n/a	DI42
441.1120000000	n/a	n/a	STATUS	n/a	n/a	D255
441.3720000000	n/a	n/a	STATUS	n/a	n/a	DIN5
441.4240000000	n/a	n/a	STATUS	n/a	n/a	D255
441.7880000000	n/a	n/a	STATUS	n/a	n/a	D149
441.8360000000	n/a	n/a	STATUS	n/a	n/a	D255
441.8720000000	n/a	n/a	STATUS	n/a	n/a	DI51
441.9240000000	n/a	n/a	STATUS	n/a	n/a	D255
442.3040000000	n/a	n/a	STATUS	n/a	n/a	DI31
442.3560000000	n/a	n/a	STATUS	n/a	n/a	D255
442.6120000000	n/a	n/a	STATUS	n/a	n/a	DIN5
442.6640000000	n/a	n/a	STATUS	n/a	n/a	D255
443.0040000000	n/a	n/a	STATUS	n/a	n/a	D142
443.0520000000	n/a	n/a	STATUS	n/a	n/a	D255
443.0920000000	n/a	n/a	STATUS	n/a	n/a	DI52
443.1400000000	n/a	n/a	STATUS	n/a	n/a	D255
443.4800000000	n/a	n/a	STATUS	n/a	n/a	DI42
443.5280000000	n/a	n/a	STATUS	n/a	n/a	D255
443.7880000000	n/a	n/a	STATUS	n/a	n/a	DIN5
443.8360000000	n/a	n/a	STATUS	n/a	n/a	D255
444.3080000000	n/a	n/a	STATUS	n/a	n/a	D122
444.3560000000	n/a	n/a	STATUS	n/a	n/a	D255
444.3960000000	n/a	n/a	STATUS	n/a	n/a	DI52
444.4440000000	n/a	n/a	STATUS	n/a	n/a	D255
444.7840000000	n/a	n/a	STATUS	n/a	n/a	DI42
444.8360000000	n/a	n/a	STATUS	n/a	n/a	D255
445.0920000000	n/a	n/a	STATUS	n/a	n/a	DIN5
445.1440000000	n/a	n/a	STATUS	n/a	n/a	D255
445.5720000000	n/a	n/a	STATUS	n/a	n/a	D143
445.6240000000	n/a	n/a	STATUS	n/a	n/a	D255
445.6600000000	n/a	n/a	STATUS	n/a	n/a	DI54
445.7120000000	n/a	n/a	STATUS	n/a	n/a	D255
445.9600000000	n/a	n/a	STATUS	n/a	n/a	DI34
446.0120000000	n/a	n/a	STATUS	n/a	n/a	D255
446.2680000000	n/a	n/a	STATUS	n/a	n/a	DIN5
446.3200000000	n/a	n/a	STATUS	n/a	n/a	D255
446.8160000000	n/a	n/a	STATUS	n/a	n/a	D180
446.8640000000	n/a	n/a	STATUS	n/a	n/a	D255
446.9000000000	n/a	n/a	STATUS	n/a	n/a	DI54
446.9520000000	n/a	n/a	STATUS	n/a	n/a	D255
447.2320000000	n/a	n/a	STATUS	n/a	n/a	DI34
447.2800000000	n/a	n/a	STATUS	n/a	n/a	D255
447.5400000000	n/a	n/a	STATUS	n/a	n/a	DIN5
447.5920000000	n/a	n/a	STATUS	n/a	n/a	D255
448.0760000000	n/a	n/a	STATUS	n/a	n/a	D150
448.1240000000	n/a	n/a	STATUS	n/a	n/a	D255
448.1640000000	n/a	n/a	STATUS	n/a	n/a	DI54
448.2120000000	n/a	n/a	STATUS	n/a	n/a	D255
448.4800000000	n/a	n/a	STATUS	n/a	n/a	DI34
448.5280000000	n/a	n/a	STATUS	n/a	n/a	D255
448.7880000000	n/a	n/a	STATUS	n/a	n/a	DIN5
448.8360000000	n/a	n/a	STATUS	n/a	n/a	D255
449.2480000000	n/a	n/a	STATUS	n/a	n/a	D184
449.2960000000	n/a	n/a	STATUS	n/a	n/a	D255
449.3360000000	n/a	n/a	STATUS	n/a	n/a	DI54
449.3840000000	n/a	n/a	STATUS	n/a	n/a	D255
449.6560000000	n/a	n/a	STATUS	n/a	n/a	DI34
449.7040000000	n/a	n/a	STATUS	n/a	n/a	D255
449.9640000000	n/a	n/a	STATUS	n/a	n/a	DIN5
450.0160000000	n/a	n/a	STATUS	n/a	n/a	D255
450.4760000000	n/a	n/a	STATUS	n/a	n/a	D197
450.5240000000	n/a	n/a	STATUS	n/a	n/a	D255
450.5640000000	n/a	n/a	STATUS	n/a	n/a	DI54
450.6120000000	n/a	n/a	STATUS	n/a	n/a	D255
450.8920000000	n/a	n/a	STATUS	n/a	n/a	DI34
450.9440000000	n/a	n/a	STATUS	n/a	n/a	D255
451.2000000000	n/a	n/a	STATUS	n/a	n/a	DIN5
451.2520000000	n/a	n/a	STATUS	n/a	n/a	D255
451.7080000000	n/a	n/a	STATUS	n/a	n/a	D107
451.7560000000	n/a	n/a	STATUS	n/a	n/a	D255
451.7920000000	n/a	n/a	STATUS	n/a	n/a	DI53
451.8440000000	n/a	n/a	STATUS	n/a	n/a	D255
452.0840000000	n/a	n/a	STATUS	n/a	n/a	DI43
452.1320000000	n/a	n/a	STATUS	n/a	n/a	D255
452.3920000000	n/a	n/a	STATUS	n/a	n/a	DIN5
452.4440000000	n/a	n/a	STATUS	n/a	n/a	D255
452.9080000000	n/a	n/a	STATUS	n/a	n/a	D170
452.9560000000	n/a	n/a	STATUS	n/a	n/a	D255
452.9960000000	n/a	n/a	STATUS	n/a	n/a	DI54
453.0440000000	n/a	n/a	STATUS	n/a	n/a	D255
453.2920000000	n/a	n/a	STATUS	n/a	n/a	DI34
453.3440000000	n/a	n/a	STATUS	n/a	n/a	D255
453.6000000000	n/a	n/a	STATUS	n/a	n/a	DIN5
453.6520000000	n/a	n/a	STATUS	n/a	n/a	D255
454.1360000000	n/a	n/a	STATUS	n/a	n/a	D136
454.1880000000	n/a	n/a	STATUS	n/a	n/a	D255
454.2240000000	n/a	n/a	STATUS	n/a	n/a	DI51
454.2760000000	n/a	n/a	STATUS	n/a	n/a	D255
454.4920000000	n/a	n/a	STATUS	n/a	n/a	DI21
454.5440000000	n/a	n/a	STATUS	n/a	n/a	D255
454.5480000000	n/a	n/a	STATUS	n/a	n/a	DIN4
454.5960000000	n/a	n/a	STATUS	n/a	n/a	D255
455.3520000000	n/a	n/a	STATUS	n/a	n/a	DIN5
455.4040000000	n/a	n/a	STATUS	n/a	n/a	D255
455.7360000000	n/a	n/a	STATUS	n/a	n/a	D127
455.7880000000	n/a	n/a	STATUS	n/a	n/a	D255
455.8240000000	n/a	n/a	STATUS	n/a	n/a	DI53
455.8760000000	n/a	n/a	STATUS	n/a	n/a	D255
456.1240000000	n/a	n/a	STATUS	n/a	n/a	DI43
456.1760000000	n/a	n/a	STATUS	n/a	n/a	D255
456.4320000000	n/a	n/a	STATUS	n/a	n/a	DIN5
456.4840000000	n/a	n/a	STATUS	n/a	n/a	D255
456.9840000000	n/a	n/a	STATUS	n/a	n/a	D194
457.0320000000	n/a	n/a	STATUS	n/a	n/a	D255
457.0680000000	n/a	n/a	STATUS	n/a	n/a	DI54
457.1200000000	n/a	n/a	STATUS	n/a	n/a	D255
457.3680000000	n/a	n/a	STATUS	n/a	n/a	DI34
457.4160000000	n/a	n/a	STATUS	n/a	n/a	D255
457.6760000000	n/a	n/a	STATUS	n/a	n/a	DIN5
457.7280000000	n/a	n/a	STATUS	n/a	n/a	D255
458.2080000000	n/a	n/a	STATUS	n/a	n/a	D110
458.2560000000	n/a	n/a	STATUS	n/a	n/a	D255
458.2960000000	n/a	n/a	STATUS	n/a	n/a	DI53
458.3440000000	n/a	n/a	STATUS	n/a	n/a	D255
458.6280000000	n/a	n/a	STATUS	n/a	n/a	DI43
458.6800000000	n/a	n/a	STATUS	n/a	n/a	D255
458.9360000000	n/a	n/a	STATUS	n/a	n/a	DIN5
458.9880000000	n/a	n/a	STATUS	n/a	n/a	D255
459.4480000000	n/a	n/a	STATUS	n/a	n/a	D247
459.4960000000	n/a	n/a	STATUS	n/a	n/a	D255
459.5360000000	n/a	n/a	STATUS	n/a	n/a	DI54
459.5840000000	n/a	n/a	STATUS	n/a	n/a	D255
459.8440000000	n/a	n/a	STATUS	n/a	n/a	DI34
459.8960000000	n/a	n/a	STATUS	n/a	n/a	D255
460.1560000000	n/a	n/a	STATUS	n/a	n/a	DIN5
460.2040000000	n/a	n/a	STATUS	n/a	n/a	D255
460.6440000000	n/a	n/a	STATUS	n/a	n/a	D215
460.6960000000	n/a	n/a	STATUS	n/a	n/a	D255
460.7320000000	n/a	n/a	STATUS	n/a	n/a	DI51
460.7840000000	n/a	n/a	STATUS	n/a	n/a	D255
461.0320000000	n/a	n/a	STATUS	n/a	n/a	DI21
461.0840000000	n/a	n/a	STATUS	n/a	n/a	D255
461.0880000000	n/a	n/a	STATUS	n/a	n/a	DIN4
461.1400000000	n/a	n/a	STATUS	n/a	n/a	D255
461.8920000000	n/a	n/a	STATUS	n/a	n/a	DIN5
461.9440000000	n/a	n/a	STATUS	n/a	n/a	D255
462.3920000000	n/a	n/a	STATUS	n/a	n/a	D182
462.4440000000	n/a	n/a	STATUS	n/a	n/a	D255
462.4800000000	n/a	n/a	STATUS	n/a	n/a	DI53
462.5280000000	n/a	n/a	STATUS	n/a	n/a	D255
462.8120000000	n/a	n/a	STATUS	n/a	n/a	DI43
462.8600000000	n/a	n/a	STATUS	n/a	n/a	D255
463.1200000000	n/a	n/a	STATUS	n/a	n/a	DIN5
463.1720000000	n/a	n/a	STATUS	n/a	n/a	D255
463.5640000000	n/a	n/a	STATUS	n/a	n/a	D120
463.6160000000	n/a	n/a	STATUS	n/a	n/a	D255
463.6520000000	n/a	n/a	STATUS	n/a	n/a	DI51
463.7040000000	n/a	n/a	STATUS	n/a	n/a	D255
464.2360000000	n/a	n/a	STATUS	n/a	n/a	DI31
464.2880000000	n/a	n/a	STATUS	n/a	n/a	D255
464.5440000000	n/a	n/a	STATUS	n/a	n/a	DIN5
464.5960000000	n/a	n/a	STATUS	n/a	n/a	D255
465.0920000000	n/a	n/a	STATUS	n/a	n/a	DI81
465.1400000000	n/a	n/a	STATUS	n/a	n/a	D255
465.1760000000	n/a	n/a	STATUS	n/a	n/a	DI52
465.2280000000	n/a	n/a	STATUS	n/a	n/a	D255
465.8360000000	n/a	n/a	STATUS	n/a	n/a	DI42
465.8880000000	n/a	n/a	STATUS	n/a	n/a	D255
466.1440000000	n/a	n/a	STATUS	n/a	n/a	DIN5
466.1960000000	n/a	n/a	STATUS	n/a	n/a	D255
466.6560000000	n/a	n/a	STATUS	n/a	n/a	D207
466.7040000000	n/a	n/a	STATUS	n/a	n/a	D255
466.7440000000	n/a	n/a	STATUS	n/a	n/a	DI54
466.7920000000	n/a	n/a	STATUS	n/a	n/a	D255
467.0880000000	n/a	n/a	STATUS	n/a	n/a	DI34
467.1400000000	n/a	n/a	STATUS	n/a	n/a	D255
467.4000000000	n/a	n/a	STATUS	n/a	n/a	DIN5
467.4480000000	n/a	n/a	STATUS	n/a	n/a	D255
467.9120000000	n/a	n/a	STATUS	n/a	n/a	D233
467.9640000000	n/a	n/a	STATUS	n/a	n/a	D255
468.0000000000	n/a	n/a	STATUS	n/a	n/a	DI53
468.0520000000	n/a	n/a	STATUS	n/a	n/a	D255
468.3440000000	n/a	n/a	STATUS	n/a	n/a	DI43
468.3960000000	n/a	n/a	STATUS	n/a	n/a	D255
468.6560000000	n/a	n/a	STATUS	n/a	n/a	DIN5
468.7040000000	n/a	n/a	STATUS	n/a	n/a	D255
469.0240000000	n/a	n/a	STATUS	n/a	n/a	D237
469.0760000000	n/a	n/a	STATUS	n/a	n/a	D255
469.1120000000	n/a	n/a	STATUS	n/a	n/a	DI51
469.1600000000	n/a	n/a	STATUS	n/a	n/a	D255
469.7160000000	n/a	n/a	STATUS	n/a	n/a	DI31
469.7680000000	n/a	n/a	STATUS	n/a	n/a	D255
470.0280000000	n/a	n/a	STATUS	n/a	n/a	DIN5
470.0760000000	n/a	n/a	STATUS	n/a	n/a	D255
470.5080000000	n/a	n/a	STATUS	n/a	n/a	D203
470.5560000000	n/a	n/a	STATUS	n/a	n/a	D255
470.5920000000	n/a	n/a	STATUS	n/a	n/a	DI53
470.6440000000	n/a	n/a	STATUS	n/a	n/a	D255
470.9000000000	n/a	n/a	STATUS	n/a	n/a	DI43
470.9480000000	n/a	n/a	STATUS	n/a	n/a	D255
471.2080000000	n/a	n/a	STATUS	n/a	n/a	DIN5
471.2600000000	n/a	n/a	STATUS	n/a	n/a	D255
471.7000000000	n/a	n/a	STATUS	n/a	n/a	D210
471.7480000000	n/a	n/a	STATUS	n/a	n/a	D255
471.7880000000	n/a	n/a	STATUS	n/a	n/a	DI54
471.8360000000	n/a	n/a	STATUS	n/a	n/a	D255
472.0600000000	n/a	n/a	STATUS	n/a	n/a	DI34
472.1080000000	n/a	n/a	STATUS	n/a	n/a	D255
472.3680000000	n/a	n/a	STATUS	n/a	n/a	DIN5
472.4160000000	n/a	n/a	STATUS	n/a	n/a	D255
472.7760000000	n/a	n/a	STATUS	n/a	n/a	D135
472.8280000000	n/a	n/a	STATUS	n/a	n/a	D255
472.8640000000	n/a	n/a	STATUS	n/a	n/a	DI51
472.9160000000	n/a	n/a	STATUS	n/a	n/a	D255
473.1840000000	n/a	n/a	STATUS	n/a	n/a	DI21
473.2320000000	n/a	n/a	STATUS	n/a	n/a	D255
473.2360000000	n/a	n/a	STATUS	n/a	n/a	DIN4
473.2880000000	n/a	n/a	STATUS	n/a	n/a	D255
474.0440000000	n/a	n/a	STATUS	n/a	n/a	DIN5
474.0920000000	n/a	n/a	STATUS	n/a	n/a	D255
474.4920000000	n/a	n/a	STATUS	n/a	n/a	DI83
474.5440000000	n/a	n/a	STATUS	n/a	n/a	D255
474.5800000000	n/a	n/a	STATUS	n/a	n/a	DI54
474.6320000000	n/a	n/a	STATUS	n/a	n/a	D255
475.0040000000	n/a	n/a	STATUS	n/a	n/a	DI34
475.0520000000	n/a	n/a	STATUS	n/a	n/a	D255
484.3120000000	n/a	n/a	STATUS	n/a	n/a	DIN5
484.3640000000	n/a	n/a	STATUS	n/a	n/a	D255
484.6720000000	n/a	n/a	STATUS	n/a	n/a	D220
484.7240000000	n/a	n/a	STATUS	n/a	n/a	D255
484.7600000000	n/a	n/a	STATUS	n/a	n/a	DI51
484.8120000000	n/a	n/a	STATUS	n/a	n/a	D255
484.8120000000	n/a	n/a	STATUS	n/a	n/a	D243
485.2960000000	n/a	n/a	STATUS	n/a	n/a	DI31
485.3440000000	n/a	n/a	STATUS	n/a	n/a	D255
485.6040000000	n/a	n/a	STATUS	n/a	n/a	DIN5
485.6520000000	n/a	n/a	STATUS	n/a	n/a	D255
486.1000000000	n/a	n/a	STATUS	n/a	n/a	DI85
486.1480000000	n/a	n/a	STATUS	n/a	n/a	D255
486.1880000000	n/a	n/a	STATUS	n/a	n/a	DI54
486.2360000000	n/a	n/a	STATUS	n/a	n/a	D255
486.4520000000	n/a	n/a	STATUS	n/a	n/a	DI34
486.5040000000	n/a	n/a	STATUS	n/a	n/a	D255
486.7640000000	n/a	n/a	STATUS	n/a	n/a	DIN5
486.8120000000	n/a	n/a	STATUS	n/a	n/a	D255
487.1640000000	n/a	n/a	STATUS	n/a	n/a	D224
487.2120000000	n/a	n/a	STATUS	n/a	n/a	D255
487.2480000000	n/a	n/a	STATUS	n/a	n/a	DI54
487.3000000000	n/a	n/a	STATUS	n/a	n/a	D255
487.5600000000	n/a	n/a	STATUS	n/a	n/a	DI34
487.6120000000	n/a	n/a	STATUS	n/a	n/a	D255
487.8680000000	n/a	n/a	STATUS	n/a	n/a	DIN5
487.9200000000	n/a	n/a	STATUS	n/a	n/a	D255
488.2240000000	n/a	n/a	STATUS	n/a	n/a	D249
488.2760000000	n/a	n/a	STATUS	n/a	n/a	D255
488.3120000000	n/a	n/a	STATUS	n/a	n/a	DI54
488.3640000000	n/a	n/a	STATUS	n/a	n/a	D255
488.6080000000	n/a	n/a	STATUS	n/a	n/a	DI34
488.6600000000	n/a	n/a	STATUS	n/a	n/a	D255
488.9200000000	n/a	n/a	STATUS	n/a	n/a	DIN5
488.9680000000	n/a	n/a	STATUS	n/a	n/a	D255
489.3880000000	n/a	n/a	STATUS	n/a	n/a	D225
489.4400000000	n/a	n/a	STATUS	n/a	n/a	D255
489.4760000000	n/a	n/a	STATUS	n/a	n/a	DI52
489.5280000000	n/a	n/a	STATUS	n/a	n/a	D255
489.7200000000	n/a	n/a	STATUS	n/a	n/a	DI12
489.7680000000	n/a	n/a	STATUS	n/a	n/a	D255
489.7720000000	n/a	n/a	STATUS	n/a	n/a	DIN4
489.8240000000	n/a	n/a	STATUS	n/a	n/a	D255
490.5760000000	n/a	n/a	STATUS	n/a	n/a	DIN5
490.6280000000	n/a	n/a	STATUS	n/a	n/a	D255
490.9440000000	n/a	n/a	STATUS	n/a	n/a	D127
490.9920000000	n/a	n/a	STATUS	n/a	n/a	D255
491.0320000000	n/a	n/a	STATUS	n/a	n/a	DI53
491.0800000000	n/a	n/a	STATUS	n/a	n/a	D255
491.3920000000	n/a	n/a	STATUS	n/a	n/a	DI43
491.4440000000	n/a	n/a	STATUS	n/a	n/a	D255
491.7000000000	n/a	n/a	STATUS	n/a	n/a	DIN5
491.7520000000	n/a	n/a	STATUS	n/a	n/a	D255
492.1520000000	n/a	n/a	STATUS	n/a	n/a	D235
492.2000000000	n/a	n/a	STATUS	n/a	n/a	D255
492.2360000000	n/a	n/a	STATUS	n/a	n/a	DI54
492.2880000000	n/a	n/a	STATUS	n/a	n/a	D255
492.5600000000	n/a	n/a	STATUS	n/a	n/a	DI34
492.6080000000	n/a	n/a	STATUS	n/a	n/a	D255
492.8680000000	n/a	n/a	STATUS	n/a	n/a	DIN5
492.9160000000	n/a	n/a	STATUS	n/a	n/a	D255
493.4080000000	n/a	n/a	STATUS	n/a	n/a	D194
493.4560000000	n/a	n/a	STATUS	n/a	n/a	D255
493.4960000000	n/a	n/a	STATUS	n/a	n/a	DI51
493.5440000000	n/a	n/a	STATUS	n/a	n/a	D255
493.8200000000	n/a	n/a	STATUS	n/a	n/a	DI21
493.8720000000	n/a	n/a	STATUS	n/a	n/a	D255
493.8760000000	n/a	n/a	STATUS	n/a	n/a	DIN4
493.9240000000	n/a	n/a	STATUS	n/a	n/a	D255
494.6800000000	n/a	n/a	STATUS	n/a	n/a	DIN5
494.7280000000	n/a	n/a	STATUS	n/a	n/a	D255
495.1280000000	n/a	n/a	STATUS	n/a	n/a	DI71
495.1800000000	n/a	n/a	STATUS	n/a	n/a	D255
495.2160000000	n/a	n/a	STATUS	n/a	n/a	DI53
495.2680000000	n/a	n/a	STATUS	n/a	n/a	D255
495.5680000000	n/a	n/a	STATUS	n/a	n/a	DI43
495.6200000000	n/a	n/a	STATUS	n/a	n/a	D255
495.8800000000	n/a	n/a	STATUS	n/a	n/a	DIN5
495.9280000000	n/a	n/a	STATUS	n/a	n/a	D255
496.3320000000	n/a	n/a	STATUS	n/a	n/a	DI74
496.3840000000	n/a	n/a	STATUS	n/a	n/a	D255
496.4200000000	n/a	n/a	STATUS	n/a	n/a	DI53
496.4720000000	n/a	n/a	STATUS	n/a	n/a	D255
496.7960000000	n/a	n/a	STATUS	n/a	n/a	DI43
496.8440000000	n/a	n/a	STATUS	n/a	n/a	D255
497.1040000000	n/a	n/a	STATUS	n/a	n/a	DIN5
497.1560000000	n/a	n/a	STATUS	n/a	n/a	D255
497.5000000000	n/a	n/a	STATUS	n/a	n/a	D240
497.5520000000	n/a	n/a	STATUS	n/a	n/a	D255
497.5880000000	n/a	n/a	STATUS	n/a	n/a	DI51
497.6360000000	n/a	n/a	STATUS	n/a	n/a	D255
498.6560000000	n/a	n/a	STATUS	n/a	n/a	DIN3
498.7080000000	n/a	n/a	STATUS	n/a	n/a	D255
499.4600000000	n/a	n/a	STATUS	n/a	n/a	DIN5
499.5120000000	n/a	n/a	STATUS	n/a	n/a	D255
499.9400000000	n/a	n/a	STATUS	n/a	n/a	D196
499.9920000000	n/a	n/a	STATUS	n/a	n/a	D255
500.0280000000	n/a	n/a	STATUS	n/a	n/a	DI51
500.0800000000	n/a	n/a	STATUS	n/a	n/a	D255
500.5200000000	n/a	n/a	STATUS	n/a	n/a	DI31
500.5720000000	n/a	n/a	STATUS	n/a	n/a	D255
500.8320000000	n/a	n/a	STATUS	n/a	n/a	DIN5
500.8800000000	n/a	n/a	STATUS	n/a	n/a	D255
501.1840000000	n/a	n/a	STATUS	n/a	n/a	D125
501.2360000000	n/a	n/a	STATUS	n/a	n/a	D255
501.2720000000	n/a	n/a	STATUS	n/a	n/a	DI53
501.3240000000	n/a	n/a	STATUS	n/a	n/a	D255
501.6160000000	n/a	n/a	STATUS	n/a	n/a	DI43
501.6640000000	n/a	n/a	STATUS	n/a	n/a	D255
501.9240000000	n/a	n/a	STATUS	n/a	n/a	DIN5
501.9760000000	n/a	n/a	STATUS	n/a	n/a	D255
502.2920000000	n/a	n/a	STATUS	n/a	n/a	D214
502.3400000000	n/a	n/a	STATUS	n/a	n/a	D255
502.3760000000	n/a	n/a	STATUS	n/a	n/a	DI52
502.4280000000	n/a	n/a	STATUS	n/a	n/a	D255
502.8240000000	n/a	n/a	STATUS	n/a	n/a	DI42
502.8720000000	n/a	n/a	STATUS	n/a	n/a	D255
503.1320000000	n/a	n/a	STATUS	n/a	n/a	DIN5
503.1840000000	n/a	n/a	STATUS	n/a	n/a	D255
503.6720000000	n/a	n/a	STATUS	n/a	n/a	DI68
503.7240000000	n/a	n/a	STATUS	n/a	n/a	D255
503.7600000000	n/a	n/a	STATUS	n/a	n/a	DI51
503.8120000000	n/a	n/a	STATUS	n/a	n/a	D255
504.1960000000	n/a	n/a	STATUS	n/a	n/a	DI31
504.2440000000	n/a	n/a	STATUS	n/a	n/a	D255
504.5040000000	n/a	n/a	STATUS	n/a	n/a	DIN5
504.5520000000	n/a	n/a	STATUS	n/a	n/a	D255
504.9400000000	n/a	n/a	STATUS	n/a	n/a	D171
504.9880000000	n/a	n/a	STATUS	n/a	n/a	D255
505.0280000000	n/a	n/a	STATUS	n/a	n/a	DI53
505.0760000000	n/a	n/a	STATUS	n/a	n/a	D255
505.3640000000	n/a	n/a	STATUS	n/a	n/a	DI43
505.4120000000	n/a	n/a	STATUS	n/a	n/a	D255
505.6720000000	n/a	n/a	STATUS	n/a	n/a	DIN5
505.7200000000	n/a	n/a	STATUS	n/a	n/a	D255
506.1600000000	n/a	n/a	STATUS	n/a	n/a	D138
506.2120000000	n/a	n/a	STATUS	n/a	n/a	D255
506.2480000000	n/a	n/a	STATUS	n/a	n/a	DI54
506.3000000000	n/a	n/a	STATUS	n/a	n/a	D255
506.5520000000	n/a	n/a	STATUS	n/a	n/a	DI34
506.6000000000	n/a	n/a	STATUS	n/a	n/a	D255
506.8600000000	n/a	n/a	STATUS	n/a	n/a	DIN5
506.9120000000	n/a	n/a	STATUS	n/a	n/a	D255
507.3400000000	n/a	n/a	STATUS	n/a	n/a	DI99
507.3920000000	n/a	n/a	STATUS	n/a	n/a	D255
507.4280000000	n/a	n/a	STATUS	n/a	n/a	DI51
507.4760000000	n/a	n/a	STATUS	n/a	n/a	D255
507.7120000000	n/a	n/a	STATUS	n/a	n/a	DI21
507.7640000000	n/a	n/a	STATUS	n/a	n/a	D255
507.7680000000	n/a	n/a	STATUS	n/a	n/a	DIN4
507.8160000000	n/a	n/a	STATUS	n/a	n/a	D255
508.5720000000	n/a	n/a	STATUS	n/a	n/a	DIN5
508.6200000000	n/a	n/a	STATUS	n/a	n/a	D255
509.1120000000	n/a	n/a	STATUS	n/a	n/a	DI89
509.1600000000	n/a	n/a	STATUS	n/a	n/a	D255
509.2000000000	n/a	n/a	STATUS	n/a	n/a	DI52
509.2480000000	n/a	n/a	STATUS	n/a	n/a	D255
509.6840000000	n/a	n/a	STATUS	n/a	n/a	DI42
509.7360000000	n/a	n/a	STATUS	n/a	n/a	D255
509.9960000000	n/a	n/a	STATUS	n/a	n/a	DIN5
510.0440000000	n/a	n/a	STATUS	n/a	n/a	D255
510.4480000000	n/a	n/a	STATUS	n/a	n/a	D170
510.5000000000	n/a	n/a	STATUS	n/a	n/a	D255
510.5360000000	n/a	n/a	STATUS	n/a	n/a	DI51
510.5880000000	n/a	n/a	STATUS	n/a	n/a	D255
511.0160000000	n/a	n/a	STATUS	n/a	n/a	DI31
511.0680000000	n/a	n/a	STATUS	n/a	n/a	D255
511.3280000000	n/a	n/a	STATUS	n/a	n/a	DIN5
511.3760000000	n/a	n/a	STATUS	n/a	n/a	D255
511.7240000000	n/a	n/a	STATUS	n/a	n/a	D163
511.7760000000	n/a	n/a	STATUS	n/a	n/a	D255
511.8120000000	n/a	n/a	STATUS	n/a	n/a	DI51
511.8640000000	n/a	n/a	STATUS	n/a	n/a	D255
512.3160000000	n/a	n/a	STATUS	n/a	n/a	DI31
512.3680000000	n/a	n/a	STATUS	n/a	n/a	D255
512.6240000000	n/a	n/a	STATUS	n/a	n/a	DIN5
512.6760000000	n/a	n/a	STATUS	n/a	n/a	D255
513.0440000000	n/a	n/a	STATUS	n/a	n/a	D198
513.0960000000	n/a	n/a	STATUS	n/a	n/a	D255
513.1360000000	n/a	n/a	STATUS	n/a	n/a	DI52
513.1840000000	n/a	n/a	STATUS	n/a	n/a	D255
513.5240000000	n/a	n/a	STATUS	n/a	n/a	DI42
513.5760000000	n/a	n/a	STATUS	n/a	n/a	D255
513.8360000000	n/a	n/a	STATUS	n/a	n/a	DIN5
513.8840000000	n/a	n/a	STATUS	n/a	n/a	D255
514.3280000000	n/a	n/a	STATUS	n/a	n/a	DI82
514.3800000000	n/a	n/a	STATUS	n/a	n/a	D255
514.4160000000	n/a	n/a	STATUS	n/a	n/a	DI52
514.4680000000	n/a	n/a	STATUS	n/a	n/a	D255
514.8000000000	n/a	n/a	STATUS	n/a	n/a	DI42
514.8520000000	n/a	n/a	STATUS	n/a	n/a	D255
515.1120000000	n/a	n/a	STATUS	n/a	n/a	DIN5
515.1600000000	n/a	n/a	STATUS	n/a	n/a	D255
515.4800000000	n/a	n/a	STATUS	n/a	n/a	D221
515.5320000000	n/a	n/a	STATUS	n/a	n/a	D255
515.5680000000	n/a	n/a	STATUS	n/a	n/a	DI52
515.6200000000	n/a	n/a	STATUS	n/a	n/a	D255
516.0840000000	n/a	n/a	STATUS	n/a	n/a	DI42
516.1320000000	n/a	n/a	STATUS	n/a	n/a	D255
516.3920000000	n/a	n/a	STATUS	n/a	n/a	DIN5
516.4400000000	n/a	n/a	STATUS	n/a	n/a	D255
516.8800000000	n/a	n/a	STATUS	n/a	n/a	DI83
516.9320000000	n/a	n/a	STATUS	n/a	n/a	D255
516.9680000000	n/a	n/a	STATUS	n/a	n/a	DI53
517.0200000000	n/a	n/a	STATUS	n/a	n/a	D255
517.2480000000	n/a	n/a	STATUS	n/a	n/a	DI43
517.3000000000	n/a	n/a	STATUS	n/a	n/a	D255
517.5600000000	n/a	n/a	STATUS	n/a	n/a	DIN5
517.6080000000	n/a	n/a	STATUS	n/a	n/a	D255
518.0360000000	n/a	n/a	STATUS	n/a	n/a	D157
518.0880000000	n/a	n/a	STATUS	n/a	n/a	D255
518.1240000000	n/a	n/a	STATUS	n/a	n/a	DI51
518.1760000000	n/a	n/a	STATUS	n/a	n/a	D255
518.5160000000	n/a	n/a	STATUS	n/a	n/a	DI31
518.5640000000	n/a	n/a	STATUS	n/a	n/a	D255
518.8240000000	n/a	n/a	STATUS	n/a	n/a	DIN5
518.8720000000	n/a	n/a	STATUS	n/a	n/a	D255
519.2800000000	n/a	n/a	STATUS	n/a	n/a	D211
519.3280000000	n/a	n/a	STATUS	n/a	n/a	D255
519.3640000000	n/a	n/a	STATUS	n/a	n/a	DI52
519.4160000000	n/a	n/a	STATUS	n/a	n/a	D255
519.7760000000	n/a	n/a	STATUS	n/a	n/a	DI42
519.8280000000	n/a	n/a	STATUS	n/a	n/a	D255
520.0840000000	n/a	n/a	STATUS	n/a	n/a	DIN5
520.1360000000	n/a	n/a	STATUS	n/a	n/a	D255
520.5600000000	n/a	n/a	STATUS	n/a	n/a	D230
520.6120000000	n/a	n/a	STATUS	n/a	n/a	D255
520.6480000000	n/a	n/a	STATUS	n/a	n/a	DI54
520.7000000000	n/a	n/a	STATUS	n/a	n/a	D255
521.0080000000	n/a	n/a	STATUS	n/a	n/a	DI34
521.0560000000	n/a	n/a	STATUS	n/a	n/a	D255
521.3160000000	n/a	n/a	STATUS	n/a	n/a	DIN5
521.3680000000	n/a	n/a	STATUS	n/a	n/a	D255
521.7280000000	n/a	n/a	STATUS	n/a	n/a	D215
521.7760000000	n/a	n/a	STATUS	n/a	n/a	D255
521.8160000000	n/a	n/a	STATUS	n/a	n/a	DI51
521.8640000000	n/a	n/a	STATUS	n/a	n/a	D255
522.2800000000	n/a	n/a	STATUS	n/a	n/a	DI31
522.3280000000	n/a	n/a	STATUS	n/a	n/a	D255
522.5880000000	n/a	n/a	STATUS	n/a	n/a	DIN5
522.6400000000	n/a	n/a	STATUS	n/a	n/a	D255
523.1440000000	n/a	n/a	STATUS	n/a	n/a	DI79
523.1920000000	n/a	n/a	STATUS	n/a	n/a	D255
523.2320000000	n/a	n/a	STATUS	n/a	n/a	DI51
523.2800000000	n/a	n/a	STATUS	n/a	n/a	D255
523.6360000000	n/a	n/a	STATUS	n/a	n/a	DI31
523.6840000000	n/a	n/a	STATUS	n/a	n/a	D255
523.9440000000	n/a	n/a	STATUS	n/a	n/a	DIN5
523.9960000000	n/a	n/a	STATUS	n/a	n/a	D255
524.3760000000	n/a	n/a	STATUS	n/a	n/a	DI70
524.4240000000	n/a	n/a	STATUS	n/a	n/a	D255
524.4640000000	n/a	n/a	STATUS	n/a	n/a	DI52
524.5120000000	n/a	n/a	STATUS	n/a	n/a	D255
524.8880000000	n/a	n/a	STATUS	n/a	n/a	DI42
524.9360000000	n/a	n/a	STATUS	n/a	n/a	D255
525.1960000000	n/a	n/a	STATUS	n/a	n/a	DIN5
525.2440000000	n/a	n/a	STATUS	n/a	n/a	D255
525.5920000000	n/a	n/a	STATUS	n/a	n/a	D204
525.6400000000	n/a	n/a	STATUS	n/a	n/a	D255
525.6800000000	n/a	n/a	STATUS	n/a	n/a	DI53
525.7280000000	n/a	n/a	STATUS	n/a	n/a	D255
526.0560000000	n/a	n/a	STATUS	n/a	n/a	DI43
526.1080000000	n/a	n/a	STATUS	n/a	n/a	D255
526.3680000000	n/a	n/a	STATUS	n/a	n/a	DIN5
526.4160000000	n/a	n/a	STATUS	n/a	n/a	D255
526.9000000000	n/a	n/a	STATUS	n/a	n/a	D243
526.9520000000	n/a	n/a	STATUS	n/a	n/a	D255
526.9880000000	n/a	n/a	STATUS	n/a	n/a	DI53
527.0400000000	n/a	n/a	STATUS	n/a	n/a	D255
527.3720000000	n/a	n/a	STATUS	n/a	n/a	DI43
527.4240000000	n/a	n/a	STATUS	n/a	n/a	D255
527.6840000000	n/a	n/a	STATUS	n/a	n/a	DIN5
527.7320000000	n/a	n/a	STATUS	n/a	n/a	D255
528.0880000000	n/a	n/a	STATUS	n/a	n/a	D131
528.1360000000	n/a	n/a	STATUS	n/a	n/a	D255
528.1760000000	n/a	n/a	STATUS	n/a	n/a	DI51
528.2240000000	n/a	n/a	STATUS	n/a	n/a	D255
528.5680000000	n/a	n/a	STATUS	n/a	n/a	DI31
528.6200000000	n/a	n/a	STATUS	n/a	n/a	D255
528.8760000000	n/a	n/a	STATUS	n/a	n/a	DIN5
528.9280000000	n/a	n/a	STATUS	n/a	n/a	D255
529.3960000000	n/a	n/a	STATUS	n/a	n/a	D213
529.4480000000	n/a	n/a	STATUS	n/a	n/a	D255
529.4840000000	n/a	n/a	STATUS	n/a	n/a	DI52
529.5360000000	n/a	n/a	STATUS	n/a	n/a	D255
529.8080000000	n/a	n/a	STATUS	n/a	n/a	DI12
529.8600000000	n/a	n/a	STATUS	n/a	n/a	D255
529.8640000000	n/a	n/a	STATUS	n/a	n/a	DIN4
529.9120000000	n/a	n/a	STATUS	n/a	n/a	D255
530.6680000000	n/a	n/a	STATUS	n/a	n/a	DIN5
530.7200000000	n/a	n/a	STATUS	n/a	n/a	D255
531.2040000000	n/a	n/a	STATUS	n/a	n/a	DI88
531.2520000000	n/a	n/a	STATUS	n/a	n/a	D255
531.2920000000	n/a	n/a	STATUS	n/a	n/a	DI52
531.3400000000	n/a	n/a	STATUS	n/a	n/a	D255
531.8920000000	n/a	n/a	STATUS	n/a	n/a	DI42
531.9440000000	n/a	n/a	STATUS	n/a	n/a	D255
532.2000000000	n/a	n/a	STATUS	n/a	n/a	DIN5
532.2520000000	n/a	n/a	STATUS	n/a	n/a	D255
532.6280000000	n/a	n/a	STATUS	n/a	n/a	D219
532.6760000000	n/a	n/a	STATUS	n/a	n/a	D255
532.7160000000	n/a	n/a	STATUS	n/a	n/a	DI51
532.7640000000	n/a	n/a	STATUS	n/a	n/a	D255
533.2080000000	n/a	n/a	STATUS	n/a	n/a	DI31
533.2600000000	n/a	n/a	STATUS	n/a	n/a	D255
533.5160000000	n/a	n/a	STATUS	n/a	n/a	DIN5
533.5680000000	n/a	n/a	STATUS	n/a	n/a	D255
534.0480000000	n/a	n/a	STATUS	n/a	n/a	D172
534.0960000000	n/a	n/a	STATUS	n/a	n/a	D255
534.1360000000	n/a	n/a	STATUS	n/a	n/a	DI53
534.1840000000	n/a	n/a	STATUS	n/a	n/a	D255
534.4640000000	n/a	n/a	STATUS	n/a	n/a	DI43
534.5160000000	n/a	n/a	STATUS	n/a	n/a	D255
534.7760000000	n/a	n/a	STATUS	n/a	n/a	DIN5
534.8240000000	n/a	n/a	STATUS	n/a	n/a	D255
535.1840000000	n/a	n/a	STATUS	n/a	n/a	D175
535.2360000000	n/a	n/a	STATUS	n/a	n/a	D255
535.2720000000	n/a	n/a	STATUS	n/a	n/a	DI52
535.3200000000	n/a	n/a	STATUS	n/a	n/a	D255
535.7000000000	n/a	n/a	STATUS	n/a	n/a	DI42
535.7520000000	n/a	n/a	STATUS	n/a	n/a	D255
536.0120000000	n/a	n/a	STATUS	n/a	n/a	DIN5
536.0600000000	n/a	n/a	STATUS	n/a	n/a	D255
536.5120000000	n/a	n/a	STATUS	n/a	n/a	D115
536.5600000000	n/a	n/a	STATUS	n/a	n/a	D255
536.5960000000	n/a	n/a	STATUS	n/a	n/a	DI53
536.6480000000	n/a	n/a	STATUS	n/a	n/a	D255
536.9080000000	n/a	n/a	STATUS	n/a	n/a	DI43
536.9600000000	n/a	n/a	STATUS	n/a	n/a	D255
537.2160000000	n/a	n/a	STATUS	n/a	n/a	DIN5
537.2680000000	n/a	n/a	STATUS	n/a	n/a	D255
537.6680000000	n/a	n/a	STATUS	n/a	n/a	D234
537.7200000000	n/a	n/a	STATUS	n/a	n/a	D255
537.7560000000	n/a	n/a	STATUS	n/a	n/a	DI53
537.8080000000	n/a	n/a	STATUS	n/a	n/a	D255
538.0680000000	n/a	n/a	STATUS	n/a	n/a	DI43
538.1200000000	n/a	n/a	STATUS	n/a	n/a	D255
538.3800000000	n/a	n/a	STATUS	n/a	n/a	DIN5
538.4280000000	n/a	n/a	STATUS	n/a	n/a	D255
538.8440000000	n/a	n/a	STATUS	n/a	n/a	D209
538.8920000000	n/a	n/a	STATUS	n/a	n/a	D255
538.9320000000	n/a	n/a	STATUS	n/a	n/a	DI52
538.9800000000	n/a	n/a	STATUS	n/a	n/a	D255
540.0040000000	n/a	n/a	STATUS	n/a	n/a	DIN3
540.0560000000	n/a	n/a	STATUS	n/a	n/a	D255
540.8080000000	n/a	n/a	STATUS	n/a	n/a	DIN5
540.8600000000	n/a	n/a	STATUS	n/a	n/a	D255
541.2720000000	n/a	n/a	STATUS	n/a	n/a	DI91
541.3200000000	n/a	n/a	STATUS	n/a	n/a	D255
541.3600000000	n/a	n/a	STATUS	n/a	n/a	DI53
541.4080000000	n/a	n/a	STATUS	n/a	n/a	D255
541.7200000000	n/a	n/a	STATUS	n/a	n/a	DI43
541.7680000000	n/a	n/a	STATUS	n/a	n/a	D255
542.0280000000	n/a	n/a	STATUS	n/a	n/a	DIN5
542.0800000000	n/a	n/a	STATUS	n/a	n/a	D255
542.5280000000	n/a	n/a	STATUS	n/a	n/a	DI75
542.5760000000	n/a	n/a	STATUS	n/a	n/a	D255
542.6160000000	n/a	n/a	STATUS	n/a	n/a	DI51
542.6640000000	n/a	n/a	STATUS	n/a	n/a	D255
543.0280000000	n/a	n/a	STATUS	n/a	n/a	DI31
543.0760000000	n/a	n/a	STATUS	n/a	n/a	D255
543.3360000000	n/a	n/a	STATUS	n/a	n/a	DIN5
543.3840000000	n/a	n/a	STATUS	n/a	n/a	D255
543.7360000000	n/a	n/a	STATUS	n/a	n/a	DI77
543.7840000000	n/a	n/a	STATUS	n/a	n/a	D255
543.8240000000	n/a	n/a	STATUS	n/a	n/a	DI54
543.8720000000	n/a	n/a	STATUS	n/a	n/a	D255
544.2400000000	n/a	n/a	STATUS	n/a	n/a	DI34
544.2880000000	n/a	n/a	STATUS	n/a	n/a	D255
544.5480000000	n/a	n/a	STATUS	n/a	n/a	DIN5
544.5960000000	n/a	n/a	STATUS	n/a	n/a	D255
545.0920000000	n/a	n/a	STATUS	n/a	n/a	D161
545.1400000000	n/a	n/a	STATUS	n/a	n/a	D255
545.1800000000	n/a	n/a	STATUS	n/a	n/a	DI54
545.2320000000	n/a	n/a	STATUS	n/a	n/a	D255
545.5560000000	n/a	n/a	STATUS	n/a	n/a	DI34
545.6080000000	n/a	n/a	STATUS	n/a	n/a	D255
545.8680000000	n/a	n/a	STATUS	n/a	n/a	DIN5
545.9160000000	n/a	n/a	STATUS	n/a	n/a	D255
546.4000000000	n/a	n/a	STATUS	n/a	n/a	D203
546.4520000000	n/a	n/a	STATUS	n/a	n/a	D255
546.4920000000	n/a	n/a	STATUS	n/a	n/a	DI53
546.5400000000	n/a	n/a	STATUS	n/a	n/a	D255
546.7800000000	n/a	n/a	STATUS	n/a	n/a	DI43
546.8280000000	n/a	n/a	STATUS	n/a	n/a	D255
547.0880000000	n/a	n/a	STATUS	n/a	n/a	DIN5
547.1400000000	n/a	n/a	STATUS	n/a	n/a	D255
547.4880000000	n/a	n/a	STATUS	n/a	n/a	D192
547.5360000000	n/a	n/a	STATUS	n/a	n/a	D255
547.5760000000	n/a	n/a	STATUS	n/a	n/a	DI54
547.6240000000	n/a	n/a	STATUS	n/a	n/a	D255
547.9680000000	n/a	n/a	STATUS	n/a	n/a	DI34
548.0160000000	n/a	n/a	STATUS	n/a	n/a	D255
548.2760000000	n/a	n/a	STATUS	n/a	n/a	DIN5
548.3280000000	n/a	n/a	STATUS	n/a	n/a	D255
548.6600000000	n/a	n/a	STATUS	n/a	n/a	DI73
548.7120000000	n/a	n/a	STATUS	n/a	n/a	D255
548.7480000000	n/a	n/a	STATUS	n/a	n/a	DI51
548.7960000000	n/a	n/a	STATUS	n/a	n/a	D255
549.4520000000	n/a	n/a	STATUS	n/a	n/a	DI31
549.5000000000	n/a	n/a	STATUS	n/a	n/a	D255
549.7600000000	n/a	n/a	STATUS	n/a	n/a	DIN5
549.8120000000	n/a	n/a	STATUS	n/a	n/a	D255
550.1360000000	n/a	n/a	STATUS	n/a	n/a	D106
550.1840000000	n/a	n/a	STATUS	n/a	n/a	D255
550.2240000000	n/a	n/a	STATUS	n/a	n/a	DI53
550.2720000000	n/a	n/a	STATUS	n/a	n/a	D255
550.4880000000	n/a	n/a	STATUS	n/a	n/a	DI43
550.5360000000	n/a	n/a	STATUS	n/a	n/a	D255
550.7960000000	n/a	n/a	STATUS	n/a	n/a	DIN5
550.8480000000	n/a	n/a	STATUS	n/a	n/a	D255
551.3120000000	n/a	n/a	STATUS	n/a	n/a	D181
551.3600000000	n/a	n/a	STATUS	n/a	n/a	D255
551.4000000000	n/a	n/a	STATUS	n/a	n/a	DI51
551.4480000000	n/a	n/a	STATUS	n/a	n/a	D255
551.6680000000	n/a	n/a	STATUS	n/a	n/a	DI21
551.7160000000	n/a	n/a	STATUS	n/a	n/a	D255
551.7200000000	n/a	n/a	STATUS	n/a	n/a	DIN4
551.7720000000	n/a	n/a	STATUS	n/a	n/a	D255
552.5280000000	n/a	n/a	STATUS	n/a	n/a	DIN5
552.5760000000	n/a	n/a	STATUS	n/a	n/a	D255
552.9400000000	n/a	n/a	STATUS	n/a	n/a	D121
552.9920000000	n/a	n/a	STATUS	n/a	n/a	D255
553.0280000000	n/a	n/a	STATUS	n/a	n/a	DI54
553.0800000000	n/a	n/a	STATUS	n/a	n/a	D255
553.3200000000	n/a	n/a	STATUS	n/a	n/a	DI34
553.3720000000	n/a	n/a	STATUS	n/a	n/a	D255
553.6280000000	n/a	n/a	STATUS	n/a	n/a	DIN5
553.6800000000	n/a	n/a	STATUS	n/a	n/a	D255
554.0680000000	n/a	n/a	STATUS	n/a	n/a	D104
554.1200000000	n/a	n/a	STATUS	n/a	n/a	D255
554.1560000000	n/a	n/a	STATUS	n/a	n/a	DI53
554.2040000000	n/a	n/a	STATUS	n/a	n/a	D255
554.4640000000	n/a	n/a	STATUS	n/a	n/a	DI43
554.5160000000	n/a	n/a	STATUS	n/a	n/a	D255
554.7720000000	n/a	n/a	STATUS	n/a	n/a	DIN5
554.8240000000	n/a	n/a	STATUS	n/a	n/a	D255
555.1440000000	n/a	n/a	STATUS	n/a	n/a	D160
555.1920000000	n/a	n/a	STATUS	n/a	n/a	D255
555.2320000000	n/a	n/a	STATUS	n/a	n/a	DI54
555.2800000000	n/a	n/a	STATUS	n/a	n/a	D255
555.5920000000	n/a	n/a	STATUS	n/a	n/a	DI34
555.6440000000	n/a	n/a	STATUS	n/a	n/a	D255
555.9000000000	n/a	n/a	STATUS	n/a	n/a	DIN5
555.9520000000	n/a	n/a	STATUS	n/a	n/a	D255
556.3520000000	n/a	n/a	STATUS	n/a	n/a	D110
556.4000000000	n/a	n/a	STATUS	n/a	n/a	D255
556.4400000000	n/a	n/a	STATUS	n/a	n/a	DI52
556.4880000000	n/a	n/a	STATUS	n/a	n/a	D255
556.8240000000	n/a	n/a	STATUS	n/a	n/a	DI42
556.8760000000	n/a	n/a	STATUS	n/a	n/a	D255
557.1320000000	n/a	n/a	STATUS	n/a	n/a	DIN5
557.1840000000	n/a	n/a	STATUS	n/a	n/a	D255
557.6520000000	n/a	n/a	STATUS	n/a	n/a	D136
557.7040000000	n/a	n/a	STATUS	n/a	n/a	D255
557.7040000000	n/a	n/a	STATUS	n/a	n/a	D137
557.7400000000	n/a	n/a	STATUS	n/a	n/a	DI52
557.7920000000	n/a	n/a	STATUS	n/a	n/a	D255
558.0160000000	n/a	n/a	STATUS	n/a	n/a	DI12
558.0680000000	n/a	n/a	STATUS	n/a	n/a	D255
558.0720000000	n/a	n/a	STATUS	n/a	n/a	DIN4
558.1200000000	n/a	n/a	STATUS	n/a	n/a	D255
558.8760000000	n/a	n/a	STATUS	n/a	n/a	DIN5
558.9280000000	n/a	n/a	STATUS	n/a	n/a	D255
559.2360000000	n/a	n/a	STATUS	n/a	n/a	DI84
559.2840000000	n/a	n/a	STATUS	n/a	n/a	D255
559.3240000000	n/a	n/a	STATUS	n/a	n/a	DI51
559.3720000000	n/a	n/a	STATUS	n/a	n/a	D255
559.7560000000	n/a	n/a	STATUS	n/a	n/a	DI31
559.8040000000	n/a	n/a	STATUS	n/a	n/a	D255
560.0640000000	n/a	n/a	STATUS	n/a	n/a	DIN5
560.1160000000	n/a	n/a	STATUS	n/a	n/a	D255
560.5240000000	n/a	n/a	STATUS	n/a	n/a	D251
560.5760000000	n/a	n/a	STATUS	n/a	n/a	D255
560.6120000000	n/a	n/a	STATUS	n/a	n/a	DI54
560.6640000000	n/a	n/a	STATUS	n/a	n/a	D255
560.9400000000	n/a	n/a	STATUS	n/a	n/a	DI34
560.9880000000	n/a	n/a	STATUS	n/a	n/a	D255
561.2480000000	n/a	n/a	STATUS	n/a	n/a	DIN5
561.2960000000	n/a	n/a	STATUS	n/a	n/a	D255
561.7040000000	n/a	n/a	STATUS	n/a	n/a	DI66
561.7520000000	n/a	n/a	STATUS	n/a	n/a	D255
561.7920000000	n/a	n/a	STATUS	n/a	n/a	DI52
561.8400000000	n/a	n/a	STATUS	n/a	n/a	D255
562.1880000000	n/a	n/a	STATUS	n/a	n/a	DI42
562.2360000000	n/a	n/a	STATUS	n/a	n/a	D255
562.4960000000	n/a	n/a	STATUS	n/a	n/a	DIN5
562.5480000000	n/a	n/a	STATUS	n/a	n/a	D255
562.9320000000	n/a	n/a	STATUS	n/a	n/a	D222
562.9800000000	n/a	n/a	STATUS	n/a	n/a	D255
563.0200000000	n/a	n/a	STATUS	n/a	n/a	DI53
563.0680000000	n/a	n/a	STATUS	n/a	n/a	D255
563.3400000000	n/a	n/a	STATUS	n/a	n/a	DI43
563.3920000000	n/a	n/a	STATUS	n/a	n/a	D255
563.6520000000	n/a	n/a	STATUS	n/a	n/a	DIN5
563.7000000000	n/a	n/a	STATUS	n/a	n/a	D255
564.1400000000	n/a	n/a	STATUS	n/a	n/a	D205
564.1920000000	n/a	n/a	STATUS	n/a	n/a	D255
564.2280000000	n/a	n/a	STATUS	n/a	n/a	DI53
564.2760000000	n/a	n/a	STATUS	n/a	n/a	D255
564.5080000000	n/a	n/a	STATUS	n/a	n/a	DI43
564.5600000000	n/a	n/a	STATUS	n/a	n/a	D255
564.8200000000	n/a	n/a	STATUS	n/a	n/a	DIN5
564.8680000000	n/a	n/a	STATUS	n/a	n/a	D255
565.3120000000	n/a	n/a	STATUS	n/a	n/a	D197
565.3640000000	n/a	n/a	STATUS	n/a	n/a	D255
565.4000000000	n/a	n/a	STATUS	n/a	n/a	DI51
565.4520000000	n/a	n/a	STATUS	n/a	n/a	D255
565.6360000000	n/a	n/a	STATUS	n/a	n/a	DI21
565.6880000000	n/a	n/a	STATUS	n/a	n/a	D255
565.6920000000	n/a	n/a	STATUS	n/a	n/a	DIN4
565.7400000000	n/a	n/a	STATUS	n/a	n/a	D255
566.4960000000	n/a	n/a	STATUS	n/a	n/a	DIN5
566.5440000000	n/a	n/a	STATUS	n/a	n/a	D255
567.0160000000	n/a	n/a	STATUS	n/a	n/a	D236
567.0640000000	n/a	n/a	STATUS	n/a	n/a	D255
567.1040000000	n/a	n/a	STATUS	n/a	n/a	DI52
567.1520000000	n/a	n/a	STATUS	n/a	n/a	D255
567.5280000000	n/a	n/a	STATUS	n/a	n/a	DI42
567.5760000000	n/a	n/a	STATUS	n/a	n/a	D255
567.8360000000	n/a	n/a	STATUS	n/a	n/a	DIN5
567.8880000000	n/a	n/a	STATUS	n/a	n/a	D255
568.2760000000	n/a	n/a	STATUS	n/a	n/a	D146
568.3280000000	n/a	n/a	STATUS	n/a	n/a	D255
568.3640000000	n/a	n/a	STATUS	n/a	n/a	DI53
568.4120000000	n/a	n/a	STATUS	n/a	n/a	D255
568.6920000000	n/a	n/a	STATUS	n/a	n/a	DI43
568.7440000000	n/a	n/a	STATUS	n/a	n/a	D255
569.0000000000	n/a	n/a	STATUS	n/a	n/a	DIN5
569.0520000000	n/a	n/a	STATUS	n/a	n/a	D255
569.5080000000	n/a	n/a	STATUS	n/a	n/a	D135
569.5560000000	n/a	n/a	STATUS	n/a	n/a	D255
569.5920000000	n/a	n/a	STATUS	n/a	n/a	DI54
569.6440000000	n/a	n/a	STATUS	n/a	n/a	D255
569.9000000000	n/a	n/a	STATUS	n/a	n/a	DI34
569.9520000000	n/a	n/a	STATUS	n/a	n/a	D255
570.2080000000	n/a	n/a	STATUS	n/a	n/a	DIN5
570.2600000000	n/a	n/a	STATUS	n/a	n/a	D255
570.7280000000	n/a	n/a	STATUS	n/a	n/a	D129
570.7800000000	n/a	n/a	STATUS	n/a	n/a	D255
570.8160000000	n/a	n/a	STATUS	n/a	n/a	DI53
570.8680000000	n/a	n/a	STATUS	n/a	n/a	D255
571.1600000000	n/a	n/a	STATUS	n/a	n/a	DI43
571.2080000000	n/a	n/a	STATUS	n/a	n/a	D255
571.4680000000	n/a	n/a	STATUS	n/a	n/a	DIN5
571.5160000000	n/a	n/a	STATUS	n/a	n/a	D255
571.9560000000	n/a	n/a	STATUS	n/a	n/a	D191
572.0080000000	n/a	n/a	STATUS	n/a	n/a	D255
572.0440000000	n/a	n/a	STATUS	n/a	n/a	DI51
572.0960000000	n/a	n/a	STATUS	n/a	n/a	D255
572.3600000000	n/a	n/a	STATUS	n/a	n/a	DI21
572.4080000000	n/a	n/a	STATUS	n/a	n/a	D255
572.4120000000	n/a	n/a	STATUS	n/a	n/a	DIN4
572.4640000000	n/a	n/a	STATUS	n/a	n/a	D255
573.2200000000	n/a	n/a	STATUS	n/a	n/a	DIN5
573.2680000000	n/a	n/a	STATUS	n/a	n/a	D255
573.6560000000	n/a	n/a	STATUS	n/a	n/a	D186
573.7040000000	n/a	n/a	STATUS	n/a	n/a	D255
573.7440000000	n/a	n/a	STATUS	n/a	n/a	DI53
573.7920000000	n/a	n/a	STATUS	n/a	n/a	D255
574.0520000000	n/a	n/a	STATUS	n/a	n/a	DI43
574.1040000000	n/a	n/a	STATUS	n/a	n/a	D255
574.3600000000	n/a	n/a	STATUS	n/a	n/a	DIN5
574.4120000000	n/a	n/a	STATUS	n/a	n/a	D255
574.7560000000	n/a	n/a	STATUS	n/a	n/a	D201
574.8080000000	n/a	n/a	STATUS	n/a	n/a	D255
574.8440000000	n/a	n/a	STATUS	n/a	n/a	DI54
574.8920000000	n/a	n/a	STATUS	n/a	n/a	D255
575.2000000000	n/a	n/a	STATUS	n/a	n/a	DI34
575.2480000000	n/a	n/a	STATUS	n/a	n/a	D255
575.5080000000	n/a	n/a	STATUS	n/a	n/a	DIN5
575.5600000000	n/a	n/a	STATUS	n/a	n/a	D255
576.0520000000	n/a	n/a	STATUS	n/a	n/a	DI97
576.1040000000	n/a	n/a	STATUS	n/a	n/a	D255
576.1400000000	n/a	n/a	STATUS	n/a	n/a	DI54
576.1920000000	n/a	n/a	STATUS	n/a	n/a	D255
576.4720000000	n/a	n/a	STATUS	n/a	n/a	DI34
576.5200000000	n/a	n/a	STATUS	n/a	n/a	D255
576.7800000000	n/a	n/a	STATUS	n/a	n/a	DIN5
576.8280000000	n/a	n/a	STATUS	n/a	n/a	D255
577.3120000000	n/a	n/a	STATUS	n/a	n/a	D188
577.3640000000	n/a	n/a	STATUS	n/a	n/a	D255
577.4040000000	n/a	n/a	STATUS	n/a	n/a	DI53
577.4520000000	n/a	n/a	STATUS	n/a	n/a	D255
577.6880000000	n/a	n/a	STATUS	n/a	n/a	DI43
577.7400000000	n/a	n/a	STATUS	n/a	n/a	D255
578.0000000000	n/a	n/a	STATUS	n/a	n/a	DIN5
578.0480000000	n/a	n/a	STATUS	n/a	n/a	D255
578.4520000000	n/a	n/a	STATUS	n/a	n/a	D134
578.5040000000	n/a	n/a	STATUS	n/a	n/a	D255
578.5400000000	n/a	n/a	STATUS	n/a	n/a	DI54
578.5920000000	n/a	n/a	STATUS	n/a	n/a	D255
578.8240000000	n/a	n/a	STATUS	n/a	n/a	DI34
578.8760000000	n/a	n/a	STATUS	n/a	n/a	D255
579.1360000000	n/a	n/a	STATUS	n/a	n/a	DIN5
579.1840000000	n/a	n/a	STATUS	n/a	n/a	D255
579.5280000000	n/a	n/a	STATUS	n/a	n/a	D202
579.5800000000	n/a	n/a	STATUS	n/a	n/a	D255
579.6160000000	n/a	n/a	STATUS	n/a	n/a	DI54
579.6680000000	n/a	n/a	STATUS	n/a	n/a	D255
579.9320000000	n/a	n/a	STATUS	n/a	n/a	DI34
579.9800000000	n/a	n/a	STATUS	n/a	n/a	D255
580.2400000000	n/a	n/a	STATUS	n/a	n/a	DIN5
580.2920000000	n/a	n/a	STATUS	n/a	n/a	D255
580.7000000000	n/a	n/a	STATUS	n/a	n/a	DI78
580.7480000000	n/a	n/a	STATUS	n/a	n/a	D255
580.7880000000	n/a	n/a	STATUS	n/a	n/a	DI54
580.8360000000	n/a	n/a	STATUS	n/a	n/a	D255
581.0600000000	n/a	n/a	STATUS	n/a	n/a	DI34
581.1120000000	n/a	n/a	STATUS	n/a	n/a	D255
581.3720000000	n/a	n/a	STATUS	n/a	n/a	DIN5
581.4200000000	n/a	n/a	STATUS	n/a	n/a	D255
581.7440000000	n/a	n/a	STATUS	n/a	n/a	D143
581.7960000000	n/a	n/a	STATUS	n/a	n/a	D255
581.8320000000	n/a	n/a	STATUS	n/a	n/a	DI52
581.8840000000	n/a	n/a	STATUS	n/a	n/a	D255
582.2720000000	n/a	n/a	STATUS	n/a	n/a	DI42
582.3240000000	n/a	n/a	STATUS	n/a	n/a	D255
582.5800000000	n/a	n/a	STATUS	n/a	n/a	DIN5
582.6320000000	n/a	n/a	STATUS	n/a	n/a	D255
583.1160000000	n/a	n/a	STATUS	n/a	n/a	D177
583.1680000000	n/a	n/a	STATUS	n/a	n/a	D255
583.2040000000	n/a	n/a	STATUS	n/a	n/a	DI52
583.2560000000	n/a	n/a	STATUS	n/a	n/a	D255
583.4600000000	n/a	n/a	STATUS	n/a	n/a	DI12
583.5080000000	n/a	n/a	STATUS	n/a	n/a	D255
583.5120000000	n/a	n/a	STATUS	n/a	n/a	DIN4
583.5640000000	n/a	n/a	STATUS	n/a	n/a	D255
584.3200000000	n/a	n/a	STATUS	n/a	n/a	DIN5
584.3680000000	n/a	n/a	STATUS	n/a	n/a	D255
584.7600000000	n/a	n/a	STATUS	n/a	n/a	D117
584.8080000000	n/a	n/a	STATUS	n/a	n/a	D255
584.8440000000	n/a	n/a	STATUS	n/a	n/a	DI54
584.8960000000	n/a	n/a	STATUS	n/a	n/a	D255
585.1840000000	n/a	n/a	STATUS	n/a	n/a	DI34
585.2360000000	n/a	n/a	STATUS	n/a	n/a	D255
585.4920000000	n/a	n/a	STATUS	n/a	n/a	DIN5
585.5440000000	n/a	n/a	STATUS	n/a	n/a	D255
585.8520000000	n/a	n/a	STATUS	n/a	n/a	D167
585.9040000000	n/a	n/a	STATUS	n/a	n/a	D255
585.9400000000	n/a	n/a	STATUS	n/a	n/a	DI52
585.9920000000	n/a	n/a	STATUS	n/a	n/a	D255
586.3280000000	n/a	n/a	STATUS	n/a	n/a	DI42
586.3760000000	n/a	n/a	STATUS	n/a	n/a	D239
586.3800000000	n/a	n/a	STATUS	n/a	n/a	D255
586.6360000000	n/a	n/a	STATUS	n/a	n/a	DIN5
586.6880000000	n/a	n/a	STATUS	n/a	n/a	D255
587.0720000000	n/a	n/a	STATUS	n/a	n/a	D118
587.1200000000	n/a	n/a	STATUS	n/a	n/a	D255
587.1600000000	n/a	n/a	STATUS	n/a	n/a	DI51
587.2080000000	n/a	n/a	STATUS	n/a	n/a	D255
587.6200000000	n/a	n/a	STATUS	n/a	n/a	DI31
587.6680000000	n/a	n/a	STATUS	n/a	n/a	D255
587.9280000000	n/a	n/a	STATUS	n/a	n/a	DIN5
587.9800000000	n/a	n/a	STATUS	n/a	n/a	D255
588.2920000000	n/a	n/a	STATUS	n/a	n/a	D156
588.3440000000	n/a	n/a	STATUS	n/a	n/a	D255
588.3800000000	n/a	n/a	STATUS	n/a	n/a	DI52
588.4320000000	n/a	n/a	STATUS	n/a	n/a	D255
588.6960000000	n/a	n/a	STATUS	n/a	n/a	DI42
588.7440000000	n/a	n/a	STATUS	n/a	n/a	D255
589.0040000000	n/a	n/a	STATUS	n/a	n/a	DIN5
589.0560000000	n/a	n/a	STATUS	n/a	n/a	D255
589.3600000000	n/a	n/a	STATUS	n/a	n/a	D231
589.4120000000	n/a	n/a	STATUS	n/a	n/a	D255
589.4480000000	n/a	n/a	STATUS	n/a	n/a	DI52
589.5000000000	n/a	n/a	STATUS	n/a	n/a	D255
589.8440000000	n/a	n/a	STATUS	n/a	n/a	DI42
589.8920000000	n/a	n/a	STATUS	n/a	n/a	D255
590.1520000000	n/a	n/a	STATUS	n/a	n/a	DIN5
590.2040000000	n/a	n/a	STATUS	n/a	n/a	D255
590.5760000000	n/a	n/a	STATUS	n/a	n/a	D239
590.6280000000	n/a	n/a	STATUS	n/a	n/a	D255
590.6640000000	n/a	n/a	STATUS	n/a	n/a	DI54
590.7160000000	n/a	n/a	STATUS	n/a	n/a	D255
591.0480000000	n/a	n/a	STATUS	n/a	n/a	DI34
591.0960000000	n/a	n/a	STATUS	n/a	n/a	D255
591.3560000000	n/a	n/a	STATUS	n/a	n/a	DIN5
591.4080000000	n/a	n/a	STATUS	n/a	n/a	D255
591.7680000000	n/a	n/a	STATUS	n/a	n/a	D189
591.8160000000	n/a	n/a	STATUS	n/a	n/a	D255
591.8520000000	n/a	n/a	STATUS	n/a	n/a	DI51
591.9040000000	n/a	n/a	STATUS	n/a	n/a	D255
592.2840000000	n/a	n/a	STATUS	n/a	n/a	DI31
592.3360000000	n/a	n/a	STATUS	n/a	n/a	D255
592.5920000000	n/a	n/a	STATUS	n/a	n/a	DIN5
592.6440000000	n/a	n/a	STATUS	n/a	n/a	D255
593.0720000000	n/a	n/a	STATUS	n/a	n/a	D105
593.1240000000	n/a	n/a	STATUS	n/a	n/a	D255
593.1600000000	n/a	n/a	STATUS	n/a	n/a	DI51
593.2120000000	n/a	n/a	STATUS	n/a	n/a	D255
593.5760000000	n/a	n/a	STATUS	n/a	n/a	DI31
593.6240000000	n/a	n/a	STATUS	n/a	n/a	D255
593.8840000000	n/a	n/a	STATUS	n/a	n/a	DIN5
593.9360000000	n/a	n/a	STATUS	n/a	n/a	D255
594.2800000000	n/a	n/a	STATUS	n/a	n/a	D226
594.3280000000	n/a	n/a	STATUS	n/a	n/a	D255
594.3680000000	n/a	n/a	STATUS	n/a	n/a	DI54
594.4160000000	n/a	n/a	STATUS	n/a	n/a	D255
594.7240000000	n/a	n/a	STATUS	n/a	n/a	DI34
594.7720000000	n/a	n/a	STATUS	n/a	n/a	D255
595.0320000000	n/a	n/a	STATUS	n/a	n/a	DIN5
595.0840000000	n/a	n/a	STATUS	n/a	n/a	D255
595.5280000000	n/a	n/a	STATUS	n/a	n/a	D238
595.5760000000	n/a	n/a	STATUS	n/a	n/a	D255
595.6160000000	n/a	n/a	STATUS	n/a	n/a	DI54
595.6640000000	n/a	n/a	STATUS	n/a	n/a	D255
595.9480000000	n/a	n/a	STATUS	n/a	n/a	DI34
596.0000000000	n/a	n/a	STATUS	n/a	n/a	D255
596.2600000000	n/a	n/a	STATUS	n/a	n/a	DIN5
596.3080000000	n/a	n/a	STATUS	n/a	n/a	D255
596.8040000000	n/a	n/a	STATUS	n/a	n/a	D164
596.8520000000	n/a	n/a	STATUS	n/a	n/a	D255
596.8920000000	n/a	n/a	STATUS	n/a	n/a	DI54
596.9400000000	n/a	n/a	STATUS	n/a	n/a	D255
597.1640000000	n/a	n/a	STATUS	n/a	n/a	DI34
597.2160000000	n/a	n/a	STATUS	n/a	n/a	D255
597.4720000000	n/a	n/a	STATUS	n/a	n/a	DIN5
597.5240000000	n/a	n/a	STATUS	n/a	n/a	D255
597.9880000000	n/a	n/a	STATUS	n/a	n/a	D173
598.0360000000	n/a	n/a	STATUS	n/a	n/a	D255
598.0760000000	n/a	n/a	STATUS	n/a	n/a	DI53
598.1240000000	n/a	n/a	STATUS	n/a	n/a	D255
598.4160000000	n/a	n/a	STATUS	n/a	n/a	DI13
598.4640000000	n/a	n/a	STATUS	n/a	n/a	D255
598.4680000000	n/a	n/a	STATUS	n/a	n/a	DIN4
598.5200000000	n/a	n/a	STATUS	n/a	n/a	D255
599.2720000000	n/a	n/a	STATUS	n/a	n/a	DIN5
599.3240000000	n/a	n/a	STATUS	n/a	n/a	D255
599.7920000000	n/a	n/a	STATUS	n/a	n/a	D250
599.8440000000	n/a	n/a	STATUS	n/a	n/a	D255
599.8800000000	n/a	n/a	STATUS	n/a	n/a	DI51
599.9320000000	n/a	n/a	STATUS	n/a	n/a	D255
600.4640000000	n/a	n/a	STATUS	n/a	n/a	DI31
600.5120000000	n/a	n/a	STATUS	n/a	n/a	D255
600.7720000000	n/a	n/a	STATUS	n/a	n/a	DIN5
600.8240000000	n/a	n/a	STATUS	n/a	n/a	D255
600.8240000000	n/a	n/a	STATUS	n/a	n/a	D239
601.1440000000	n/a	n/a	STATUS	n/a	n/a	D149
601.1920000000	n/a	n/a	STATUS	n/a	n/a	D255
601.2320000000	n/a	n/a	STATUS	n/a	n/a	DI53
601.2800000000	n/a	n/a	STATUS	n/a	n/a	D255
601.5600000000	n/a	n/a	STATUS	n/a	n/a	DI43
601.6120000000	n/a	n/a	STATUS	n/a	n/a	D255
601.8680000000	n/a	n/a	STATUS	n/a	n/a	DIN5
601.9200000000	n/a	n/a	STATUS	n/a	n/a	D255
602.3840000000	n/a	n/a	STATUS	n/a	n/a	D152
602.4360000000	n/a	n/a	STATUS	n/a	n/a	D255
602.4720000000	n/a	n/a	STATUS	n/a	n/a	DI54
602.5240000000	n/a	n/a	STATUS	n/a	n/a	D255
602.7360000000	n/a	n/a	STATUS	n/a	n/a	DI34
602.7880000000	n/a	n/a	STATUS	n/a	n/a	D255
603.0440000000	n/a	n/a	STATUS	n/a	n/a	DIN5
603.0960000000	n/a	n/a	STATUS	n/a	n/a	D255
603.5520000000	n/a	n/a	STATUS	n/a	n/a	D233
603.6000000000	n/a	n/a	STATUS	n/a	n/a	D255
603.6400000000	n/a	n/a	STATUS	n/a	n/a	DI52
603.6880000000	n/a	n/a	STATUS	n/a	n/a	D255
603.9360000000	n/a	n/a	STATUS	n/a	n/a	DI12
603.9880000000	n/a	n/a	STATUS	n/a	n/a	D255
603.9920000000	n/a	n/a	STATUS	n/a	n/a	DIN4
604.0400000000	n/a	n/a	STATUS	n/a	n/a	D255
604.7960000000	n/a	n/a	STATUS	n/a	n/a	DIN5
604.8440000000	n/a	n/a	STATUS	n/a	n/a	D255
605.2200000000	n/a	n/a	STATUS	n/a	n/a	D114
605.2720000000	n/a	n/a	STATUS	n/a	n/a	D255
605.3080000000	n/a	n/a	STATUS	n/a	n/a	DI52
605.3600000000	n/a	n/a	STATUS	n/a	n/a	D255
605.9120000000	n/a	n/a	STATUS	n/a	n/a	DI42
605.9600000000	n/a	n/a	STATUS	n/a	n/a	D255
606.2200000000	n/a	n/a	STATUS	n/a	n/a	DIN5
606.2720000000	n/a	n/a	STATUS	n/a	n/a	D255
606.7640000000	n/a	n/a	STATUS	n/a	n/a	D237
606.8160000000	n/a	n/a	STATUS	n/a	n/a	D255
606.8520000000	n/a	n/a	STATUS	n/a	n/a	DI51
606.9040000000	n/a	n/a	STATUS	n/a	n/a	D255
607.2920000000	n/a	n/a	STATUS	n/a	n/a	DI31
607.3400000000	n/a	n/a	STATUS	n/a	n/a	D255
607.6000000000	n/a	n/a	STATUS	n/a	n/a	DIN5
607.6480000000	n/a	n/a	STATUS	n/a	n/a	D255
607.9760000000	n/a	n/a	STATUS	n/a	n/a	D158
608.0240000000	n/a	n/a	STATUS	n/a	n/a	D255
608.0600000000	n/a	n/a	STATUS	n/a	n/a	DI51
608.1120000000	n/a	n/a	STATUS	n/a	n/a	D255
608.4800000000	n/a	n/a	STATUS	n/a	n/a	DI31
608.5320000000	n/a	n/a	STATUS	n/a	n/a	D255
608.7880000000	n/a	n/a	STATUS	n/a	n/a	DIN5
608.8400000000	n/a	n/a	STATUS	n/a	n/a	D255
609.2880000000	n/a	n/a	STATUS	n/a	n/a	DI69
609.3400000000	n/a	n/a	STATUS	n/a	n/a	D255
609.3760000000	n/a	n/a	STATUS	n/a	n/a	DI54
609.4280000000	n/a	n/a	STATUS	n/a	n/a	D255
609.6920000000	n/a	n/a	STATUS	n/a	n/a	DI34
609.7440000000	n/a	n/a	STATUS	n/a	n/a	D255
610.0040000000	n/a	n/a	STATUS	n/a	n/a	DIN5
610.0520000000	n/a	n/a	STATUS	n/a	n/a	D255
610.5120000000	n/a	n/a	STATUS	n/a	n/a	D176
610.5600000000	n/a	n/a	STATUS	n/a	n/a	D255
610.6000000000	n/a	n/a	STATUS	n/a	n/a	DI52
610.6480000000	n/a	n/a	STATUS	n/a	n/a	D255
611.0040000000	n/a	n/a	STATUS	n/a	n/a	DI42
611.0560000000	n/a	n/a	STATUS	n/a	n/a	D255
611.3160000000	n/a	n/a	STATUS	n/a	n/a	DIN5
611.3640000000	n/a	n/a	STATUS	n/a	n/a	D255
611.6960000000	n/a	n/a	STATUS	n/a	n/a	D244
611.7440000000	n/a	n/a	STATUS	n/a	n/a	D255
611.7840000000	n/a	n/a	STATUS	n/a	n/a	DI53
611.8320000000	n/a	n/a	STATUS	n/a	n/a	D255
612.1160000000	n/a	n/a	STATUS	n/a	n/a	DI43
612.1640000000	n/a	n/a	STATUS	n/a	n/a	D255
612.4240000000	n/a	n/a	STATUS	n/a	n/a	DIN5
612.4760000000	n/a	n/a	STATUS	n/a	n/a	D255
612.8640000000	n/a	n/a	STATUS	n/a	n/a	D123
612.9160000000	n/a	n/a	STATUS	n/a	n/a	D255
612.9520000000	n/a	n/a	STATUS	n/a	n/a	DI53
613.0000000000	n/a	n/a	STATUS	n/a	n/a	D255
613.2640000000	n/a	n/a	STATUS	n/a	n/a	DI43
613.3160000000	n/a	n/a	STATUS	n/a	n/a	D255
613.5760000000	n/a	n/a	STATUS	n/a	n/a	DIN5
613.6240000000	n/a	n/a	STATUS	n/a	n/a	D255
614.1040000000	n/a	n/a	STATUS	n/a	n/a	D208
614.1560000000	n/a	n/a	STATUS	n/a	n/a	D255
614.1920000000	n/a	n/a	STATUS	n/a	n/a	DI52
614.2400000000	n/a	n/a	STATUS	n/a	n/a	D255
614.4680000000	n/a	n/a	STATUS	n/a	n/a	DI12
614.5160000000	n/a	n/a	STATUS	n/a	n/a	D255
614.5200000000	n/a	n/a	STATUS	n/a	n/a	DIN4
614.5720000000	n/a	n/a	STATUS	n/a	n/a	D255
633.9520000000	n/a	n/a	STATUS	n/a	n/a	DIN5
634.0040000000	n/a	n/a	STATUS	n/a	n/a	D255
634.4120000000	n/a	n/a	STATUS	n/a	n/a	DI90
634.4640000000	n/a	n/a	STATUS	n/a	n/a	D255
634.5000000000	n/a	n/a	STATUS	n/a	n/a	DI54
634.5520000000	n/a	n/a	STATUS	n/a	n/a	D255
635.1000000000	n/a	n/a	STATUS	n/a	n/a	DI34
635.1520000000	n/a	n/a	STATUS	n/a	n/a	D255
635.4080000000	n/a	n/a	STATUS	n/a	n/a	DIN5
635.4600000000	n/a	n/a	STATUS	n/a	n/a	D255
635.8080000000	n/a	n/a	STATUS	n/a	n/a	D241
635.8600000000	n/a	n/a	STATUS	n/a	n/a	D255
635.8960000000	n/a	n/a	STATUS	n/a	n/a	DI53
635.9440000000	n/a	n/a	STATUS	n/a	n/a	D255
636.2240000000	n/a	n/a	STATUS	n/a	n/a	DI43
636.2760000000	n/a	n/a	STATUS	n/a	n/a	D255
636.5360000000	n/a	n/a	STATUS	n/a	n/a	DIN5
636.5840000000	n/a	n/a	STATUS	n/a	n/a	D255
636.9640000000	n/a	n/a	STATUS	n/a	n/a	D196
637.0160000000	n/a	n/a	STATUS	n/a	n/a	D255
637.0520000000	n/a	n/a	STATUS	n/a	n/a	DI51
637.1040000000	n/a	n/a	STATUS	n/a	n/a	D255
637.3800000000	n/a	n/a	STATUS	n/a	n/a	DI21
637.4320000000	n/a	n/a	STATUS	n/a	n/a	D255
637.4360000000	n/a	n/a	STATUS	n/a	n/a	DIN4
637.4840000000	n/a	n/a	STATUS	n/a	n/a	D255
638.2400000000	n/a	n/a	STATUS	n/a	n/a	DIN5
638.2920000000	n/a	n/a	STATUS	n/a	n/a	D255
638.7560000000	n/a	n/a	STATUS	n/a	n/a	D138
638.8040000000	n/a	n/a	STATUS	n/a	n/a	D255
638.8440000000	n/a	n/a	STATUS	n/a	n/a	DI51
638.8920000000	n/a	n/a	STATUS	n/a	n/a	D255
639.2840000000	n/a	n/a	STATUS	n/a	n/a	DI31
639.3320000000	n/a	n/a	STATUS	n/a	n/a	D255
639.5920000000	n/a	n/a	STATUS	n/a	n/a	DIN5
639.6400000000	n/a	n/a	STATUS	n/a	n/a	D255
640.0320000000	n/a	n/a	STATUS	n/a	n/a	D254
640.0800000000	n/a	n/a	STATUS	n/a	n/a	D255
640.1200000000	n/a	n/a	STATUS	n/a	n/a	DI52
640.1680000000	n/a	n/a	STATUS	n/a	n/a	D255
640.6320000000	n/a	n/a	STATUS	n/a	n/a	DI42
640.6800000000	n/a	n/a	STATUS	n/a	n/a	D255
640.9400000000	n/a	n/a	STATUS	n/a	n/a	DIN5
640.9920000000	n/a	n/a	STATUS	n/a	n/a	D255
641.4640000000	n/a	n/a	STATUS	n/a	n/a	D162
641.5160000000	n/a	n/a	STATUS	n/a	n/a	D255
641.5520000000	n/a	n/a	STATUS	n/a	n/a	DI52
641.6040000000	n/a	n/a	STATUS	n/a	n/a	D255
642.0320000000	n/a	n/a	STATUS	n/a	n/a	DI42
642.0800000000	n/a	n/a	STATUS	n/a	n/a	D255
642.3400000000	n/a	n/a	STATUS	n/a	n/a	DIN5
642.3880000000	n/a	n/a	STATUS	n/a	n/a	D255
642.7520000000	n/a	n/a	STATUS	n/a	n/a	D145
642.8040000000	n/a	n/a	STATUS	n/a	n/a	D255
642.8400000000	n/a	n/a	STATUS	n/a	n/a	DI51
642.8920000000	n/a	n/a	STATUS	n/a	n/a	D255
643.2640000000	n/a	n/a	STATUS	n/a	n/a	DI31
643.3160000000	n/a	n/a	STATUS	n/a	n/a	D255
643.5720000000	n/a	n/a	STATUS	n/a	n/a	DIN5
643.6240000000	n/a	n/a	STATUS	n/a	n/a	D255
644.1200000000	n/a	n/a	STATUS	n/a	n/a	D191
644.1680000000	n/a	n/a	STATUS	n/a	n/a	D255
644.2080000000	n/a	n/a	STATUS	n/a	n/a	DI52
644.2560000000	n/a	n/a	STATUS	n/a	n/a	D255
644.7120000000	n/a	n/a	STATUS	n/a	n/a	DI42
644.7640000000	n/a	n/a	STATUS	n/a	n/a	D255
645.0200000000	n/a	n/a	STATUS	n/a	n/a	DIN5
645.0720000000	n/a	n/a	STATUS	n/a	n/a	D255
645.3760000000	n/a	n/a	STATUS	n/a	n/a	D128
645.4280000000	n/a	n/a	STATUS	n/a	n/a	D255
645.4640000000	n/a	n/a	STATUS	n/a	n/a	DI52
645.5120000000	n/a	n/a	STATUS	n/a	n/a	D255
645.8920000000	n/a	n/a	STATUS	n/a	n/a	DI42
645.9400000000	n/a	n/a	STATUS	n/a	n/a	D255
646.2000000000	n/a	n/a	STATUS	n/a	n/a	DIN5
646.2520000000	n/a	n/a	STATUS	n/a	n/a	D255
646.5560000000	n/a	n/a	STATUS	n/a	n/a	D213
646.6040000000	n/a	n/a	STATUS	n/a	n/a	D255
646.6440000000	n/a	n/a	STATUS	n/a	n/a	DI53
646.6920000000	n/a	n/a	STATUS	n/a	n/a	D255
646.9680000000	n/a	n/a	STATUS	n/a	n/a	DI43
647.0160000000	n/a	n/a	STATUS	n/a	n/a	D255
647.2760000000	n/a	n/a	STATUS	n/a	n/a	DIN5
647.3240000000	n/a	n/a	STATUS	n/a	n/a	D255
647.6400000000	n/a	n/a	STATUS	n/a	n/a	D237
647.6880000000	n/a	n/a	STATUS	n/a	n/a	D255
647.7280000000	n/a	n/a	STATUS	n/a	n/a	DI53
647.7800000000	n/a	n/a	STATUS	n/a	n/a	D255
648.0400000000	n/a	n/a	STATUS	n/a	n/a	DI43
648.0880000000	n/a	n/a	STATUS	n/a	n/a	D255
648.3480000000	n/a	n/a	STATUS	n/a	n/a	DIN5
648.4000000000	n/a	n/a	STATUS	n/a	n/a	D255
648.8080000000	n/a	n/a	STATUS	n/a	n/a	D125
648.8600000000	n/a	n/a	STATUS	n/a	n/a	D255
648.8960000000	n/a	n/a	STATUS	n/a	n/a	DI54
648.9440000000	n/a	n/a	STATUS	n/a	n/a	D255
649.1920000000	n/a	n/a	STATUS	n/a	n/a	DI34
649.2400000000	n/a	n/a	STATUS	n/a	n/a	D255
649.5000000000	n/a	n/a	STATUS	n/a	n/a	DIN5
649.5520000000	n/a	n/a	STATUS	n/a	n/a	D255
649.9800000000	n/a	n/a	STATUS	n/a	n/a	D199
650.0320000000	n/a	n/a	STATUS	n/a	n/a	D255
650.0680000000	n/a	n/a	STATUS	n/a	n/a	DI53
650.1160000000	n/a	n/a	STATUS	n/a	n/a	D255
650.4040000000	n/a	n/a	STATUS	n/a	n/a	DI43
650.4520000000	n/a	n/a	STATUS	n/a	n/a	D255
650.7120000000	n/a	n/a	STATUS	n/a	n/a	DIN5
650.7640000000	n/a	n/a	STATUS	n/a	n/a	D255
651.2200000000	n/a	n/a	STATUS	n/a	n/a	D186
651.2680000000	n/a	n/a	STATUS	n/a	n/a	D255
651.3040000000	n/a	n/a	STATUS	n/a	n/a	DI52
651.3560000000	n/a	n/a	STATUS	n/a	n/a	D255
651.7760000000	n/a	n/a	STATUS	n/a	n/a	DI42
651.8280000000	n/a	n/a	STATUS	n/a	n/a	D255
652.0840000000	n/a	n/a	STATUS	n/a	n/a	DIN5
652.1360000000	n/a	n/a	STATUS	n/a	n/a	D255
652.5560000000	n/a	n/a	STATUS	n/a	n/a	D172
652.6040000000	n/a	n/a	STATUS	n/a	n/a	D255
652.6440000000	n/a	n/a	STATUS	n/a	n/a	DI53
652.6920000000	n/a	n/a	STATUS	n/a	n/a	D255
652.9320000000	n/a	n/a	STATUS	n/a	n/a	DI43
652.9840000000	n/a	n/a	STATUS	n/a	n/a	D255
653.2400000000	n/a	n/a	STATUS	n/a	n/a	DIN5
653.2920000000	n/a	n/a	STATUS	n/a	n/a	D255
653.7920000000	n/a	n/a	STATUS	n/a	n/a	D229
653.8400000000	n/a	n/a	STATUS	n/a	n/a	D255
653.8800000000	n/a	n/a	STATUS	n/a	n/a	DI51
653.9280000000	n/a	n/a	STATUS	n/a	n/a	D255
654.1880000000	n/a	n/a	STATUS	n/a	n/a	DI21
654.2400000000	n/a	n/a	STATUS	n/a	n/a	D255
654.2440000000	n/a	n/a	STATUS	n/a	n/a	DIN4
654.2960000000	n/a	n/a	STATUS	n/a	n/a	D255
655.0480000000	n/a	n/a	STATUS	n/a	n/a	DIN5
655.1000000000	n/a	n/a	STATUS	n/a	n/a	D255
655.4920000000	n/a	n/a	STATUS	n/a	n/a	D119
655.5440000000	n/a	n/a	STATUS	n/a	n/a	D255
655.5800000000	n/a	n/a	STATUS	n/a	n/a	DI54
655.6320000000	n/a	n/a	STATUS	n/a	n/a	D255
655.9320000000	n/a	n/a	STATUS	n/a	n/a	DI34
655.9840000000	n/a	n/a	STATUS	n/a	n/a	D255
656.2400000000	n/a	n/a	STATUS	n/a	n/a	DIN5
656.2920000000	n/a	n/a	STATUS	n/a	n/a	D255
656.7600000000	n/a	n/a	STATUS	n/a	n/a	D190
656.8120000000	n/a	n/a	STATUS	n/a	n/a	D255
656.8480000000	n/a	n/a	STATUS	n/a	n/a	DI52
656.9000000000	n/a	n/a	STATUS	n/a	n/a	D255
657.3400000000	n/a	n/a	STATUS	n/a	n/a	DI42
657.3920000000	n/a	n/a	STATUS	n/a	n/a	D255
657.3920000000	n/a	n/a	STATUS	n/a	n/a	D239
657.6480000000	n/a	n/a	STATUS	n/a	n/a	DIN5
657.7000000000	n/a	n/a	STATUS	n/a	n/a	D255
657.7000000000	n/a	n/a	STATUS	n/a	n/a	D231
658.0080000000	n/a	n/a	STATUS	n/a	n/a	D177
658.0600000000	n/a	n/a	STATUS	n/a	n/a	D255
658.0960000000	n/a	n/a	STATUS	n/a	n/a	DI53
658.1480000000	n/a	n/a	STATUS	n/a	n/a	D255
658.4600000000	n/a	n/a	STATUS	n/a	n/a	DI43
658.5080000000	n/a	n/a	STATUS	n/a	n/a	D255
658.7680000000	n/a	n/a	STATUS	n/a	n/a	DIN5
658.8200000000	n/a	n/a	STATUS	n/a	n/a	D255
659.2520000000	n/a	n/a	STATUS	n/a	n/a	D223
659.3040000000	n/a	n/a	STATUS	n/a	n/a	D255
659.3400000000	n/a	n/a	STATUS	n/a	n/a	DI51
659.3920000000	n/a	n/a	STATUS	n/a	n/a	D255
659.8560000000	n/a	n/a	STATUS	n/a	n/a	DI31
659.9080000000	n/a	n/a	STATUS	n/a	n/a	D255
660.1640000000	n/a	n/a	STATUS	n/a	n/a	DIN5
660.2160000000	n/a	n/a	STATUS	n/a	n/a	D255
660.7160000000	n/a	n/a	STATUS	n/a	n/a	D176
660.7640000000	n/a	n/a	STATUS	n/a	n/a	D255
660.8040000000	n/a	n/a	STATUS	n/a	n/a	DI52
660.8520000000	n/a	n/a	STATUS	n/a	n/a	D255
661.2880000000	n/a	n/a	STATUS	n/a	n/a	DI42
661.3400000000	n/a	n/a	STATUS	n/a	n/a	D255
661.6000000000	n/a	n/a	STATUS	n/a	n/a	DIN5
661.6480000000	n/a	n/a	STATUS	n/a	n/a	D255
661.9520000000	n/a	n/a	STATUS	n/a	n/a	D139
662.0040000000	n/a	n/a	STATUS	n/a	n/a	D255
662.0400000000	n/a	n/a	STATUS	n/a	n/a	DI54
662.0920000000	n/a	n/a	STATUS	n/a	n/a	D255
662.4200000000	n/a	n/a	STATUS	n/a	n/a	DI34
662.4720000000	n/a	n/a	STATUS	n/a	n/a	D255
662.7320000000	n/a	n/a	STATUS	n/a	n/a	DIN5
662.7800000000	n/a	n/a	STATUS	n/a	n/a	D255
663.2200000000	n/a	n/a	STATUS	n/a	n/a	D161
663.2720000000	n/a	n/a	STATUS	n/a	n/a	D255
663.3080000000	n/a	n/a	STATUS	n/a	n/a	DI52
663.3560000000	n/a	n/a	STATUS	n/a	n/a	D255
663.7480000000	n/a	n/a	STATUS	n/a	n/a	DI42
663.8000000000	n/a	n/a	STATUS	n/a	n/a	D255
664.0600000000	n/a	n/a	STATUS	n/a	n/a	DIN5
664.1080000000	n/a	n/a	STATUS	n/a	n/a	D255
664.4640000000	n/a	n/a	STATUS	n/a	n/a	DI82
664.5120000000	n/a	n/a	STATUS	n/a	n/a	D255
664.5520000000	n/a	n/a	STATUS	n/a	n/a	DI51
664.6000000000	n/a	n/a	STATUS	n/a	n/a	D255
664.9760000000	n/a	n/a	STATUS	n/a	n/a	DI31
665.0280000000	n/a	n/a	STATUS	n/a	n/a	D255
665.2880000000	n/a	n/a	STATUS	n/a	n/a	DIN5
665.3360000000	n/a	n/a	STATUS	n/a	n/a	D255
665.8080000000	n/a	n/a	STATUS	n/a	n/a	DI98
665.8560000000	n/a	n/a	STATUS	n/a	n/a	D255
665.8960000000	n/a	n/a	STATUS	n/a	n/a	DI52
665.9440000000	n/a	n/a	STATUS	n/a	n/a	D255
666.3160000000	n/a	n/a	STATUS	n/a	n/a	DI42
666.3640000000	n/a	n/a	STATUS	n/a	n/a	D255
666.6240000000	n/a	n/a	STATUS	n/a	n/a	DIN5
666.6760000000	n/a	n/a	STATUS	n/a	n/a	D255
667.1040000000	n/a	n/a	STATUS	n/a	n/a	DI89
667.1560000000	n/a	n/a	STATUS	n/a	n/a	D255
667.1920000000	n/a	n/a	STATUS	n/a	n/a	DI54
667.2440000000	n/a	n/a	STATUS	n/a	n/a	D255
667.5280000000	n/a	n/a	STATUS	n/a	n/a	DI34
667.5760000000	n/a	n/a	STATUS	n/a	n/a	D255
667.8360000000	n/a	n/a	STATUS	n/a	n/a	DIN5
667.8880000000	n/a	n/a	STATUS	n/a	n/a	D255
668.1960000000	n/a	n/a	STATUS	n/a	n/a	D238
668.2440000000	n/a	n/a	STATUS	n/a	n/a	D255
668.2840000000	n/a	n/a	STATUS	n/a	n/a	DI51
668.3320000000	n/a	n/a	STATUS	n/a	n/a	D255
668.8520000000	n/a	n/a	STATUS	n/a	n/a	DI31
668.9040000000	n/a	n/a	STATUS	n/a	n/a	D255
669.1600000000	n/a	n/a	STATUS	n/a	n/a	DIN5
669.2120000000	n/a	n/a	STATUS	n/a	n/a	D255
669.6800000000	n/a	n/a	STATUS	n/a	n/a	D187
669.7320000000	n/a	n/a	STATUS	n/a	n/a	D255
669.7680000000	n/a	n/a	STATUS	n/a	n/a	DI52
669.8200000000	n/a	n/a	STATUS	n/a	n/a	D255
670.1360000000	n/a	n/a	STATUS	n/a	n/a	DI12
670.1880000000	n/a	n/a	STATUS	n/a	n/a	D255
670.1920000000	n/a	n/a	STATUS	n/a	n/a	DIN4
670.2440000000	n/a	n/a	STATUS	n/a	n/a	D255
670.9960000000	n/a	n/a	STATUS	n/a	n/a	DIN5
671.0480000000	n/a	n/a	STATUS	n/a	n/a	D255
671.3520000000	n/a	n/a	STATUS	n/a	n/a	D142
671.4040000000	n/a	n/a	STATUS	n/a	n/a	D255
671.4400000000	n/a	n/a	STATUS	n/a	n/a	DI51
671.4920000000	n/a	n/a	STATUS	n/a	n/a	D255
671.8720000000	n/a	n/a	STATUS	n/a	n/a	DI31
671.9240000000	n/a	n/a	STATUS	n/a	n/a	D255
672.1800000000	n/a	n/a	STATUS	n/a	n/a	DIN5
672.2320000000	n/a	n/a	STATUS	n/a	n/a	D255
672.6960000000	n/a	n/a	STATUS	n/a	n/a	D137
672.7480000000	n/a	n/a	STATUS	n/a	n/a	D255
672.7840000000	n/a	n/a	STATUS	n/a	n/a	DI51
672.8360000000	n/a	n/a	STATUS	n/a	n/a	D255
673.2680000000	n/a	n/a	STATUS	n/a	n/a	DI31
673.3160000000	n/a	n/a	STATUS	n/a	n/a	D255
673.5760000000	n/a	n/a	STATUS	n/a	n/a	DIN5
673.6280000000	n/a	n/a	STATUS	n/a	n/a	D255
673.9320000000	n/a	n/a	STATUS	n/a	n/a	D203
673.9800000000	n/a	n/a	STATUS	n/a	n/a	D255
674.0200000000	n/a	n/a	STATUS	n/a	n/a	DI54
674.0680000000	n/a	n/a	STATUS	n/a	n/a	D255
674.3880000000	n/a	n/a	STATUS	n/a	n/a	DI34
674.4360000000	n/a	n/a	STATUS	n/a	n/a	D255
674.6960000000	n/a	n/a	STATUS	n/a	n/a	DIN5
674.7440000000	n/a	n/a	STATUS	n/a	n/a	D255
675.0800000000	n/a	n/a	STATUS	n/a	n/a	D159
675.1320000000	n/a	n/a	STATUS	n/a	n/a	D255
675.1680000000	n/a	n/a	STATUS	n/a	n/a	DI53
675.2160000000	n/a	n/a	STATUS	n/a	n/a	D255
675.5200000000	n/a	n/a	STATUS	n/a	n/a	DI43
675.5680000000	n/a	n/a	STATUS	n/a	n/a	D255
675.8280000000	n/a	n/a	STATUS	n/a	n/a	DIN5
675.8760000000	n/a	n/a	STATUS	n/a	n/a	D255
676.2560000000	n/a	n/a	STATUS	n/a	n/a	DI67
676.3080000000	n/a	n/a	STATUS	n/a	n/a	D255
676.3440000000	n/a	n/a	STATUS	n/a	n/a	DI54
676.3960000000	n/a	n/a	STATUS	n/a	n/a	D255
676.6960000000	n/a	n/a	STATUS	n/a	n/a	DI34
676.7440000000	n/a	n/a	STATUS	n/a	n/a	D255
677.0040000000	n/a	n/a	STATUS	n/a	n/a	DIN5
677.0560000000	n/a	n/a	STATUS	n/a	n/a	D255
677.4720000000	n/a	n/a	STATUS	n/a	n/a	D116
677.5240000000	n/a	n/a	STATUS	n/a	n/a	D255
677.5600000000	n/a	n/a	STATUS	n/a	n/a	DI54
677.6120000000	n/a	n/a	STATUS	n/a	n/a	D255
677.9200000000	n/a	n/a	STATUS	n/a	n/a	DI34
677.9680000000	n/a	n/a	STATUS	n/a	n/a	D255
678.2280000000	n/a	n/a	STATUS	n/a	n/a	DIN5
678.2800000000	n/a	n/a	STATUS	n/a	n/a	D255
678.6440000000	n/a	n/a	STATUS	n/a	n/a	DI81
678.6920000000	n/a	n/a	STATUS	n/a	n/a	D255
678.7320000000	n/a	n/a	STATUS	n/a	n/a	DI53
678.7800000000	n/a	n/a	STATUS	n/a	n/a	D255
679.0680000000	n/a	n/a	STATUS	n/a	n/a	DI43
679.1160000000	n/a	n/a	STATUS	n/a	n/a	D255
679.3760000000	n/a	n/a	STATUS	n/a	n/a	DIN5
679.4240000000	n/a	n/a	STATUS	n/a	n/a	D255
679.8400000000	n/a	n/a	STATUS	n/a	n/a	D245
679.8880000000	n/a	n/a	STATUS	n/a	n/a	D255
679.9240000000	n/a	n/a	STATUS	n/a	n/a	DI51
679.9760000000	n/a	n/a	STATUS	n/a	n/a	D255
680.5000000000	n/a	n/a	STATUS	n/a	n/a	DI31
680.5480000000	n/a	n/a	STATUS	n/a	n/a	D255
680.8080000000	n/a	n/a	STATUS	n/a	n/a	DIN5
680.8560000000	n/a	n/a	STATUS	n/a	n/a	D255
681.2400000000	n/a	n/a	STATUS	n/a	n/a	D126
681.2920000000	n/a	n/a	STATUS	n/a	n/a	D255
681.3280000000	n/a	n/a	STATUS	n/a	n/a	DI54
681.3800000000	n/a	n/a	STATUS	n/a	n/a	D255
681.7040000000	n/a	n/a	STATUS	n/a	n/a	DI34
681.7520000000	n/a	n/a	STATUS	n/a	n/a	D255
682.0120000000	n/a	n/a	STATUS	n/a	n/a	DIN5
682.0600000000	n/a	n/a	STATUS	n/a	n/a	D255
682.3840000000	n/a	n/a	STATUS	n/a	n/a	D244
682.4320000000	n/a	n/a	STATUS	n/a	n/a	D255
682.4680000000	n/a	n/a	STATUS	n/a	n/a	DI53
682.5200000000	n/a	n/a	STATUS	n/a	n/a	D255
682.8920000000	n/a	n/a	STATUS	n/a	n/a	DI43
682.9400000000	n/a	n/a	STATUS	n/a	n/a	D255
683.2000000000	n/a	n/a	STATUS	n/a	n/a	DIN5
683.2520000000	n/a	n/a	STATUS	n/a	n/a	D255
683.7480000000	n/a	n/a	STATUS	n/a	n/a	DI68
683.8000000000	n/a	n/a	STATUS	n/a	n/a	D255
683.8360000000	n/a	n/a	STATUS	n/a	n/a	DI53
683.8880000000	n/a	n/a	STATUS	n/a	n/a	D255
684.3120000000	n/a	n/a	STATUS	n/a	n/a	DI43
684.3640000000	n/a	n/a	STATUS	n/a	n/a	D255
684.6240000000	n/a	n/a	STATUS	n/a	n/a	DIN5
684.6720000000	n/a	n/a	STATUS	n/a	n/a	D255
684.9840000000	n/a	n/a	STATUS	n/a	n/a	D164
685.0360000000	n/a	n/a	STATUS	n/a	n/a	D255
685.0720000000	n/a	n/a	STATUS	n/a	n/a	DI53
685.1240000000	n/a	n/a	STATUS	n/a	n/a	D255
685.4040000000	n/a	n/a	STATUS	n/a	n/a	DI43
685.4560000000	n/a	n/a	STATUS	n/a	n/a	D255
685.7160000000	n/a	n/a	STATUS	n/a	n/a	DIN5
685.7640000000	n/a	n/a	STATUS	n/a	n/a	D255
686.2320000000	n/a	n/a	STATUS	n/a	n/a	D113
686.2800000000	n/a	n/a	STATUS	n/a	n/a	D255
686.3160000000	n/a	n/a	STATUS	n/a	n/a	DI54
686.3680000000	n/a	n/a	STATUS	n/a	n/a	D255
686.7600000000	n/a	n/a	STATUS	n/a	n/a	DI24
686.8080000000	n/a	n/a	STATUS	n/a	n/a	D255
686.8120000000	n/a	n/a	STATUS	n/a	n/a	DIN4
686.8640000000	n/a	n/a	STATUS	n/a	n/a	D255
687.6200000000	n/a	n/a	STATUS	n/a	n/a	DIN5
687.6680000000	n/a	n/a	STATUS	n/a	n/a	D255
688.1760000000	n/a	n/a	STATUS	n/a	n/a	D207
688.2240000000	n/a	n/a	STATUS	n/a	n/a	D255
688.2600000000	n/a	n/a	STATUS	n/a	n/a	DI52
688.3120000000	n/a	n/a	STATUS	n/a	n/a	D255
688.8120000000	n/a	n/a	STATUS	n/a	n/a	DI42
688.8600000000	n/a	n/a	STATUS	n/a	n/a	D255
689.1200000000	n/a	n/a	STATUS	n/a	n/a	DIN5
689.1720000000	n/a	n/a	STATUS	n/a	n/a	D255
689.4720000000	n/a	n/a	STATUS	n/a	n/a	D158
689.5240000000	n/a	n/a	STATUS	n/a	n/a	D255
689.5600000000	n/a	n/a	STATUS	n/a	n/a	DI53
689.6120000000	n/a	n/a	STATUS	n/a	n/a	D255
689.9120000000	n/a	n/a	STATUS	n/a	n/a	DI43
689.9600000000	n/a	n/a	STATUS	n/a	n/a	D255
690.2200000000	n/a	n/a	STATUS	n/a	n/a	DIN5
690.2680000000	n/a	n/a	STATUS	n/a	n/a	D255
690.6440000000	n/a	n/a	STATUS	n/a	n/a	D204
690.6960000000	n/a	n/a	STATUS	n/a	n/a	D255
690.7320000000	n/a	n/a	STATUS	n/a	n/a	DI52
690.7840000000	n/a	n/a	STATUS	n/a	n/a	D255
691.2920000000	n/a	n/a	STATUS	n/a	n/a	DI42
691.3440000000	n/a	n/a	STATUS	n/a	n/a	D255
691.6000000000	n/a	n/a	STATUS	n/a	n/a	DIN5
691.6520000000	n/a	n/a	STATUS	n/a	n/a	D255
691.9800000000	n/a	n/a	STATUS	n/a	n/a	D168
692.0320000000	n/a	n/a	STATUS	n/a	n/a	D255
692.0680000000	n/a	n/a	STATUS	n/a	n/a	DI51
692.1200000000	n/a	n/a	STATUS	n/a	n/a	D255
692.4360000000	n/a	n/a	STATUS	n/a	n/a	DI31
692.4880000000	n/a	n/a	STATUS	n/a	n/a	D255
692.7480000000	n/a	n/a	STATUS	n/a	n/a	DIN5
692.7960000000	n/a	n/a	STATUS	n/a	n/a	D255
693.1400000000	n/a	n/a	STATUS	n/a	n/a	D123
693.1920000000	n/a	n/a	STATUS	n/a	n/a	D255
693.2280000000	n/a	n/a	STATUS	n/a	n/a	DI51
693.2800000000	n/a	n/a	STATUS	n/a	n/a	D255
693.6760000000	n/a	n/a	STATUS	n/a	n/a	DI31
693.7280000000	n/a	n/a	STATUS	n/a	n/a	D255
693.9880000000	n/a	n/a	STATUS	n/a	n/a	DIN5
694.0360000000	n/a	n/a	STATUS	n/a	n/a	D255
694.4600000000	n/a	n/a	STATUS	n/a	n/a	D152
694.5120000000	n/a	n/a	STATUS	n/a	n/a	D255
694.5480000000	n/a	n/a	STATUS	n/a	n/a	DI51
694.6000000000	n/a	n/a	STATUS	n/a	n/a	D255
694.9800000000	n/a	n/a	STATUS	n/a	n/a	DI31
695.0320000000	n/a	n/a	STATUS	n/a	n/a	D255
695.2880000000	n/a	n/a	STATUS	n/a	n/a	DIN5
695.3400000000	n/a	n/a	STATUS	n/a	n/a	D255
695.7360000000	n/a	n/a	STATUS	n/a	n/a	D149
695.7840000000	n/a	n/a	STATUS	n/a	n/a	D255
695.8240000000	n/a	n/a	STATUS	n/a	n/a	DI54
695.8720000000	n/a	n/a	STATUS	n/a	n/a	D255
696.1640000000	n/a	n/a	STATUS	n/a	n/a	DI34
696.2120000000	n/a	n/a	STATUS	n/a	n/a	D255
696.4720000000	n/a	n/a	STATUS	n/a	n/a	DIN5
696.5240000000	n/a	n/a	STATUS	n/a	n/a	D255
696.8920000000	n/a	n/a	STATUS	n/a	n/a	D249
696.9440000000	n/a	n/a	STATUS	n/a	n/a	D255
696.9800000000	n/a	n/a	STATUS	n/a	n/a	DI51
697.0280000000	n/a	n/a	STATUS	n/a	n/a	D255
697.4720000000	n/a	n/a	STATUS	n/a	n/a	DI31
697.5240000000	n/a	n/a	STATUS	n/a	n/a	D255
697.7840000000	n/a	n/a	STATUS	n/a	n/a	DIN5
697.8320000000	n/a	n/a	STATUS	n/a	n/a	D255
698.1360000000	n/a	n/a	STATUS	n/a	n/a	D209
698.1880000000	n/a	n/a	STATUS	n/a	n/a	D255
698.2240000000	n/a	n/a	STATUS	n/a	n/a	DI52
698.2760000000	n/a	n/a	STATUS	n/a	n/a	D255
698.6600000000	n/a	n/a	STATUS	n/a	n/a	DI42
698.7120000000	n/a	n/a	STATUS	n/a	n/a	D255
698.9720000000	n/a	n/a	STATUS	n/a	n/a	DIN5
699.0200000000	n/a	n/a	STATUS	n/a	n/a	D255
699.5160000000	n/a	n/a	STATUS	n/a	n/a	D251
699.5640000000	n/a	n/a	STATUS	n/a	n/a	D255
699.6040000000	n/a	n/a	STATUS	n/a	n/a	DI52
699.6520000000	n/a	n/a	STATUS	n/a	n/a	D255
700.0880000000	n/a	n/a	STATUS	n/a	n/a	DI42
700.1400000000	n/a	n/a	STATUS	n/a	n/a	D255
700.4000000000	n/a	n/a	STATUS	n/a	n/a	DIN5
700.4480000000	n/a	n/a	STATUS	n/a	n/a	D255
700.7560000000	n/a	n/a	STATUS	n/a	n/a	D210
700.8080000000	n/a	n/a	STATUS	n/a	n/a	D255
700.8440000000	n/a	n/a	STATUS	n/a	n/a	DI51
700.8960000000	n/a	n/a	STATUS	n/a	n/a	D255
701.2600000000	n/a	n/a	STATUS	n/a	n/a	DI31
701.3120000000	n/a	n/a	STATUS	n/a	n/a	D255
701.5720000000	n/a	n/a	STATUS	n/a	n/a	DIN5
701.6200000000	n/a	n/a	STATUS	n/a	n/a	D255
702.0040000000	n/a	n/a	STATUS	n/a	n/a	D250
702.0560000000	n/a	n/a	STATUS	n/a	n/a	D255
702.0920000000	n/a	n/a	STATUS	n/a	n/a	DI53
702.1440000000	n/a	n/a	STATUS	n/a	n/a	D255
702.4560000000	n/a	n/a	STATUS	n/a	n/a	DI43
702.5080000000	n/a	n/a	STATUS	n/a	n/a	D255
702.7680000000	n/a	n/a	STATUS	n/a	n/a	DIN5
702.8160000000	n/a	n/a	STATUS	n/a	n/a	D255
703.2000000000	n/a	n/a	STATUS	n/a	n/a	D240
703.2520000000	n/a	n/a	STATUS	n/a	n/a	D255
703.2880000000	n/a	n/a	STATUS	n/a	n/a	DI52
703.3400000000	n/a	n/a	STATUS	n/a	n/a	D255
703.6960000000	n/a	n/a	STATUS	n/a	n/a	DI12
703.7480000000	n/a	n/a	STATUS	n/a	n/a	D255
703.7520000000	n/a	n/a	STATUS	n/a	n/a	DIN4
703.8040000000	n/a	n/a	STATUS	n/a	n/a	D255
704.5600000000	n/a	n/a	STATUS	n/a	n/a	DIN5
704.6080000000	n/a	n/a	STATUS	n/a	n/a	D255
705.0440000000	n/a	n/a	STATUS	n/a	n/a	D215
705.0920000000	n/a	n/a	STATUS	n/a	n/a	D255
705.1280000000	n/a	n/a	STATUS	n/a	n/a	DI51
705.1800000000	n/a	n/a	STATUS	n/a	n/a	D255
705.6040000000	n/a	n/a	STATUS	n/a	n/a	DI31
705.6520000000	n/a	n/a	STATUS	n/a	n/a	D255
705.9120000000	n/a	n/a	STATUS	n/a	n/a	DIN5
705.9640000000	n/a	n/a	STATUS	n/a	n/a	D255
706.4440000000	n/a	n/a	STATUS	n/a	n/a	D165
706.4920000000	n/a	n/a	STATUS	n/a	n/a	D255
706.5280000000	n/a	n/a	STATUS	n/a	n/a	DI52
706.5800000000	n/a	n/a	STATUS	n/a	n/a	D255
706.9880000000	n/a	n/a	STATUS	n/a	n/a	DI42
707.0400000000	n/a	n/a	STATUS	n/a	n/a	D255
707.2960000000	n/a	n/a	STATUS	n/a	n/a	DIN5
707.3480000000	n/a	n/a	STATUS	n/a	n/a	D255
707.6640000000	n/a	n/a	STATUS	n/a	n/a	D234
707.7120000000	n/a	n/a	STATUS	n/a	n/a	D255
707.7520000000	n/a	n/a	STATUS	n/a	n/a	DI53
707.8000000000	n/a	n/a	STATUS	n/a	n/a	D255
708.1560000000	n/a	n/a	STATUS	n/a	n/a	DI43
708.2080000000	n/a	n/a	STATUS	n/a	n/a	D255
708.4680000000	n/a	n/a	STATUS	n/a	n/a	DIN5
708.5160000000	n/a	n/a	STATUS	n/a	n/a	D255
708.8480000000	n/a	n/a	STATUS	n/a	n/a	DI73
708.8960000000	n/a	n/a	STATUS	n/a	n/a	D255
708.9320000000	n/a	n/a	STATUS	n/a	n/a	DI54
708.9840000000	n/a	n/a	STATUS	n/a	n/a	D255
709.3200000000	n/a	n/a	STATUS	n/a	n/a	DI34
709.3720000000	n/a	n/a	STATUS	n/a	n/a	D255
709.6320000000	n/a	n/a	STATUS	n/a	n/a	DIN5
709.6800000000	n/a	n/a	STATUS	n/a	n/a	D255
710.0040000000	n/a	n/a	STATUS	n/a	n/a	D193
710.0560000000	n/a	n/a	STATUS	n/a	n/a	D255
710.0920000000	n/a	n/a	STATUS	n/a	n/a	DI51
710.1440000000	n/a	n/a	STATUS	n/a	n/a	D255
710.5320000000	n/a	n/a	STATUS	n/a	n/a	DI31
710.5840000000	n/a	n/a	STATUS	n/a	n/a	D255
710.8440000000	n/a	n/a	STATUS	n/a	n/a	DIN5
710.8920000000	n/a	n/a	STATUS	n/a	n/a	D255
711.3200000000	n/a	n/a	STATUS	n/a	n/a	D140
711.3720000000	n/a	n/a	STATUS	n/a	n/a	D255
711.4080000000	n/a	n/a	STATUS	n/a	n/a	DI54
711.4600000000	n/a	n/a	STATUS	n/a	n/a	D255
711.7600000000	n/a	n/a	STATUS	n/a	n/a	DI34
711.8120000000	n/a	n/a	STATUS	n/a	n/a	D255
712.0720000000	n/a	n/a	STATUS	n/a	n/a	DIN5
712.1200000000	n/a	n/a	STATUS	n/a	n/a	D255
712.5000000000	n/a	n/a	STATUS	n/a	n/a	D231
712.5520000000	n/a	n/a	STATUS	n/a	n/a	D255
712.5880000000	n/a	n/a	STATUS	n/a	n/a	DI52
712.6400000000	n/a	n/a	STATUS	n/a	n/a	D255
713.0080000000	n/a	n/a	STATUS	n/a	n/a	DI42
713.0600000000	n/a	n/a	STATUS	n/a	n/a	D255
713.3200000000	n/a	n/a	STATUS	n/a	n/a	DIN5
713.3680000000	n/a	n/a	STATUS	n/a	n/a	D255
713.8520000000	n/a	n/a	STATUS	n/a	n/a	DI74
713.9040000000	n/a	n/a	STATUS	n/a	n/a	D255
713.9400000000	n/a	n/a	STATUS	n/a	n/a	DI52
713.9920000000	n/a	n/a	STATUS	n/a	n/a	D255
714.3240000000	n/a	n/a	STATUS	n/a	n/a	DI42
714.3720000000	n/a	n/a	STATUS	n/a	n/a	D255
714.6320000000	n/a	n/a	STATUS	n/a	n/a	DIN5
714.6840000000	n/a	n/a	STATUS	n/a	n/a	D255
715.0560000000	n/a	n/a	STATUS	n/a	n/a	DI94
715.1080000000	n/a	n/a	STATUS	n/a	n/a	D255
715.1440000000	n/a	n/a	STATUS	n/a	n/a	DI52
715.1960000000	n/a	n/a	STATUS	n/a	n/a	D255
715.5840000000	n/a	n/a	STATUS	n/a	n/a	DI42
715.6360000000	n/a	n/a	STATUS	n/a	n/a	D255
715.8920000000	n/a	n/a	STATUS	n/a	n/a	DIN5
715.9440000000	n/a	n/a	STATUS	n/a	n/a	D255
716.4320000000	n/a	n/a	STATUS	n/a	n/a	D175
716.4840000000	n/a	n/a	STATUS	n/a	n/a	D255
716.5200000000	n/a	n/a	STATUS	n/a	n/a	DI51
716.5720000000	n/a	n/a	STATUS	n/a	n/a	D255
716.9640000000	n/a	n/a	STATUS	n/a	n/a	DI31
717.0160000000	n/a	n/a	STATUS	n/a	n/a	D255
717.2720000000	n/a	n/a	STATUS	n/a	n/a	DIN5
717.3240000000	n/a	n/a	STATUS	n/a	n/a	D255
717.8080000000	n/a	n/a	STATUS	n/a	n/a	D109
717.8560000000	n/a	n/a	STATUS	n/a	n/a	D255
717.8960000000	n/a	n/a	STATUS	n/a	n/a	DI51
717.9440000000	n/a	n/a	STATUS	n/a	n/a	D255
718.1800000000	n/a	n/a	STATUS	n/a	n/a	DI21
718.2320000000	n/a	n/a	STATUS	n/a	n/a	D255
718.2360000000	n/a	n/a	STATUS	n/a	n/a	DIN4
718.2840000000	n/a	n/a	STATUS	n/a	n/a	D255
719.0400000000	n/a	n/a	STATUS	n/a	n/a	DIN5
719.0880000000	n/a	n/a	STATUS	n/a	n/a	D255
719.4360000000	n/a	n/a	STATUS	n/a	n/a	D230
719.4840000000	n/a	n/a	STATUS	n/a	n/a	D255
719.5200000000	n/a	n/a	STATUS	n/a	n/a	DI54
719.5720000000	n/a	n/a	STATUS	n/a	n/a	D255
719.9480000000	n/a	n/a	STATUS	n/a	n/a	DI34
720.0000000000	n/a	n/a	STATUS	n/a	n/a	D255
720.2560000000	n/a	n/a	STATUS	n/a	n/a	DIN5
720.3080000000	n/a	n/a	STATUS	n/a	n/a	D255
720.6160000000	n/a	n/a	STATUS	n/a	n/a	D115
720.6680000000	n/a	n/a	STATUS	n/a	n/a	D255
720.7040000000	n/a	n/a	STATUS	n/a	n/a	DI54
720.7560000000	n/a	n/a	STATUS	n/a	n/a	D255
721.0480000000	n/a	n/a	STATUS	n/a	n/a	DI34
721.0960000000	n/a	n/a	STATUS	n/a	n/a	D255
721.3560000000	n/a	n/a	STATUS	n/a	n/a	DIN5
721.4040000000	n/a	n/a	STATUS	n/a	n/a	D255
721.8480000000	n/a	n/a	STATUS	n/a	n/a	D132
721.8960000000	n/a	n/a	STATUS	n/a	n/a	D255
721.9360000000	n/a	n/a	STATUS	n/a	n/a	DI51
721.9840000000	n/a	n/a	STATUS	n/a	n/a	D255
722.3480000000	n/a	n/a	STATUS	n/a	n/a	DI31
722.3960000000	n/a	n/a	STATUS	n/a	n/a	D255
722.6560000000	n/a	n/a	STATUS	n/a	n/a	DIN5
722.7040000000	n/a	n/a	STATUS	n/a	n/a	D255
723.1320000000	n/a	n/a	STATUS	n/a	n/a	DI85
723.1800000000	n/a	n/a	STATUS	n/a	n/a	D255
723.2200000000	n/a	n/a	STATUS	n/a	n/a	DI53
723.2680000000	n/a	n/a	STATUS	n/a	n/a	D255
723.5240000000	n/a	n/a	STATUS	n/a	n/a	DI43
723.5760000000	n/a	n/a	STATUS	n/a	n/a	D255
723.8360000000	n/a	n/a	STATUS	n/a	n/a	DIN5
723.8840000000	n/a	n/a	STATUS	n/a	n/a	D255
724.3880000000	n/a	n/a	STATUS	n/a	n/a	D134
724.4400000000	n/a	n/a	STATUS	n/a	n/a	D255
724.4760000000	n/a	n/a	STATUS	n/a	n/a	DI53
724.5280000000	n/a	n/a	STATUS	n/a	n/a	D255
724.7600000000	n/a	n/a	STATUS	n/a	n/a	DI43
724.8080000000	n/a	n/a	STATUS	n/a	n/a	D255
725.0680000000	n/a	n/a	STATUS	n/a	n/a	DIN5
725.1200000000	n/a	n/a	STATUS	n/a	n/a	D255
725.4400000000	n/a	n/a	STATUS	n/a	n/a	D181
725.4880000000	n/a	n/a	STATUS	n/a	n/a	D255
725.5280000000	n/a	n/a	STATUS	n/a	n/a	DI54
725.5760000000	n/a	n/a	STATUS	n/a	n/a	D255
725.9000000000	n/a	n/a	STATUS	n/a	n/a	DI34
725.9480000000	n/a	n/a	STATUS	n/a	n/a	D255
726.2080000000	n/a	n/a	STATUS	n/a	n/a	DIN5
726.2560000000	n/a	n/a	STATUS	n/a	n/a	D255
726.6280000000	n/a	n/a	STATUS	n/a	n/a	D236
726.6800000000	n/a	n/a	STATUS	n/a	n/a	D255
726.7160000000	n/a	n/a	STATUS	n/a	n/a	DI54
726.7680000000	n/a	n/a	STATUS	n/a	n/a	D255
727.0280000000	n/a	n/a	STATUS	n/a	n/a	DI34
727.0760000000	n/a	n/a	STATUS	n/a	n/a	D255
727.3360000000	n/a	n/a	STATUS	n/a	n/a	DIN5
727.3880000000	n/a	n/a	STATUS	n/a	n/a	D255
727.8480000000	n/a	n/a	STATUS	n/a	n/a	D102
727.8960000000	n/a	n/a	STATUS	n/a	n/a	D255
727.9320000000	n/a	n/a	STATUS	n/a	n/a	DI52
727.9840000000	n/a	n/a	STATUS	n/a	n/a	D255
728.2160000000	n/a	n/a	STATUS	n/a	n/a	DI12
728.2640000000	n/a	n/a	STATUS	n/a	n/a	D255
728.2680000000	n/a	n/a	STATUS	n/a	n/a	DIN4
728.3200000000	n/a	n/a	STATUS	n/a	n/a	D255
729.0720000000	n/a	n/a	STATUS	n/a	n/a	DIN5
729.1240000000	n/a	n/a	STATUS	n/a	n/a	D255
729.5960000000	n/a	n/a	STATUS	n/a	n/a	D156
729.6440000000	n/a	n/a	STATUS	n/a	n/a	D255
729.6800000000	n/a	n/a	STATUS	n/a	n/a	DI54
729.7320000000	n/a	n/a	STATUS	n/a	n/a	D255
730.0440000000	n/a	n/a	STATUS	n/a	n/a	DI34
730.0920000000	n/a	n/a	STATUS	n/a	n/a	D255
730.3520000000	n/a	n/a	STATUS	n/a	n/a	DIN5
730.4000000000	n/a	n/a	STATUS	n/a	n/a	D255
730.8560000000	n/a	n/a	STATUS	n/a	n/a	D151
730.9080000000	n/a	n/a	STATUS	n/a	n/a	D255
730.9440000000	n/a	n/a	STATUS	n/a	n/a	DI54
730.9960000000	n/a	n/a	STATUS	n/a	n/a	D255
731.2840000000	n/a	n/a	STATUS	n/a	n/a	DI34
731.3320000000	n/a	n/a	STATUS	n/a	n/a	D255
731.5920000000	n/a	n/a	STATUS	n/a	n/a	DIN5
731.6440000000	n/a	n/a	STATUS	n/a	n/a	D255
732.0200000000	n/a	n/a	STATUS	n/a	n/a	D169
732.0720000000	n/a	n/a	STATUS	n/a	n/a	D255
732.1120000000	n/a	n/a	STATUS	n/a	n/a	DI53
732.1600000000	n/a	n/a	STATUS	n/a	n/a	D255
732.4720000000	n/a	n/a	STATUS	n/a	n/a	DI43
732.5200000000	n/a	n/a	STATUS	n/a	n/a	D255
732.7800000000	n/a	n/a	STATUS	n/a	n/a	DIN5
732.8280000000	n/a	n/a	STATUS	n/a	n/a	D255
733.2600000000	n/a	n/a	STATUS	n/a	n/a	D202
733.3080000000	n/a	n/a	STATUS	n/a	n/a	D255
733.3480000000	n/a	n/a	STATUS	n/a	n/a	DI54
733.3960000000	n/a	n/a	STATUS	n/a	n/a	D255
733.6800000000	n/a	n/a	STATUS	n/a	n/a	DI34
733.7280000000	n/a	n/a	STATUS	n/a	n/a	D255
733.9880000000	n/a	n/a	STATUS	n/a	n/a	DIN5
734.0400000000	n/a	n/a	STATUS	n/a	n/a	D255
734.4880000000	n/a	n/a	STATUS	n/a	n/a	D127
734.5360000000	n/a	n/a	STATUS	n/a	n/a	D255
734.5760000000	n/a	n/a	STATUS	n/a	n/a	DI53
734.6240000000	n/a	n/a	STATUS	n/a	n/a	D255
734.8640000000	n/a	n/a	STATUS	n/a	n/a	DI43
734.9160000000	n/a	n/a	STATUS	n/a	n/a	D255
735.1760000000	n/a	n/a	STATUS	n/a	n/a	DIN5
735.2240000000	n/a	n/a	STATUS	n/a	n/a	D255
735.5280000000	n/a	n/a	STATUS	n/a	n/a	DI93
735.5800000000	n/a	n/a	STATUS	n/a	n/a	D255
735.6160000000	n/a	n/a	STATUS	n/a	n/a	DI51
735.6680000000	n/a	n/a	STATUS	n/a	n/a	D255
736.1240000000	n/a	n/a	STATUS	n/a	n/a	DI31
736.1760000000	n/a	n/a	STATUS	n/a	n/a	D255
736.4320000000	n/a	n/a	STATUS	n/a	n/a	DIN5
736.4840000000	n/a	n/a	STATUS	n/a	n/a	D255
736.8920000000	n/a	n/a	STATUS	n/a	n/a	D218
736.9440000000	n/a	n/a	STATUS	n/a	n/a	D255
736.9800000000	n/a	n/a	STATUS	n/a	n/a	DI53
737.0320000000	n/a	n/a	STATUS	n/a	n/a	D255
737.2520000000	n/a	n/a	STATUS	n/a	n/a	DI43
737.3000000000	n/a	n/a	STATUS	n/a	n/a	D255
737.5600000000	n/a	n/a	STATUS	n/a	n/a	DIN5
737.6120000000	n/a	n/a	STATUS	n/a	n/a	D255
738.0120000000	n/a	n/a	STATUS	n/a	n/a	D227
738.0600000000	n/a	n/a	STATUS	n/a	n/a	D255
738.0960000000	n/a	n/a	STATUS	n/a	n/a	DI54
738.1480000000	n/a	n/a	STATUS	n/a	n/a	D255
738.4080000000	n/a	n/a	STATUS	n/a	n/a	DI34
738.4560000000	n/a	n/a	STATUS	n/a	n/a	D255
738.7160000000	n/a	n/a	STATUS	n/a	n/a	DIN5
738.7680000000	n/a	n/a	STATUS	n/a	n/a	D255
739.2440000000	n/a	n/a	STATUS	n/a	n/a	DI99
739.2960000000	n/a	n/a	STATUS	n/a	n/a	D255
739.3360000000	n/a	n/a	STATUS	n/a	n/a	DI54
739.3840000000	n/a	n/a	STATUS	n/a	n/a	D255
739.6600000000	n/a	n/a	STATUS	n/a	n/a	DI34
739.7120000000	n/a	n/a	STATUS	n/a	n/a	D255
739.9720000000	n/a	n/a	STATUS	n/a	n/a	DIN5
740.0200000000	n/a	n/a	STATUS	n/a	n/a	D255
740.4400000000	n/a	n/a	STATUS	n/a	n/a	D160
740.4920000000	n/a	n/a	STATUS	n/a	n/a	D255
740.5280000000	n/a	n/a	STATUS	n/a	n/a	DI51
740.5800000000	n/a	n/a	STATUS	n/a	n/a	D255
741.0240000000	n/a	n/a	STATUS	n/a	n/a	DI31
741.0720000000	n/a	n/a	STATUS	n/a	n/a	D255
741.3320000000	n/a	n/a	STATUS	n/a	n/a	DIN5
741.3800000000	n/a	n/a	STATUS	n/a	n/a	D255
741.7960000000	n/a	n/a	STATUS	n/a	n/a	D108
741.8480000000	n/a	n/a	STATUS	n/a	n/a	D255
741.8840000000	n/a	n/a	STATUS	n/a	n/a	DI53
741.9360000000	n/a	n/a	STATUS	n/a	n/a	D255
742.1480000000	n/a	n/a	STATUS	n/a	n/a	DI43
742.1960000000	n/a	n/a	STATUS	n/a	n/a	D255
742.4560000000	n/a	n/a	STATUS	n/a	n/a	DIN5
742.5080000000	n/a	n/a	STATUS	n/a	n/a	D255
742.8680000000	n/a	n/a	STATUS	n/a	n/a	DI75
742.9160000000	n/a	n/a	STATUS	n/a	n/a	D255
742.9520000000	n/a	n/a	STATUS	n/a	n/a	DI52
743.0040000000	n/a	n/a	STATUS	n/a	n/a	D255
743.3840000000	n/a	n/a	STATUS	n/a	n/a	DI42
743.4360000000	n/a	n/a	STATUS	n/a	n/a	D255
743.6960000000	n/a	n/a	STATUS	n/a	n/a	DIN5
743.7440000000	n/a	n/a	STATUS	n/a	n/a	D255
744.1480000000	n/a	n/a	STATUS	n/a	n/a	D232
744.2000000000	n/a	n/a	STATUS	n/a	n/a	D255
744.2360000000	n/a	n/a	STATUS	n/a	n/a	DI51
744.2880000000	n/a	n/a	STATUS	n/a	n/a	D255
744.6320000000	n/a	n/a	STATUS	n/a	n/a	DI31
744.6800000000	n/a	n/a	STATUS	n/a	n/a	D255
744.9400000000	n/a	n/a	STATUS	n/a	n/a	DIN5
744.9920000000	n/a	n/a	STATUS	n/a	n/a	D255
745.4520000000	n/a	n/a	STATUS	n/a	n/a	D104
745.5000000000	n/a	n/a	STATUS	n/a	n/a	D255
745.5400000000	n/a	n/a	STATUS	n/a	n/a	DI51
745.5880000000	n/a	n/a	STATUS	n/a	n/a	D255
745.8520000000	n/a	n/a	STATUS	n/a	n/a	DI21
745.9040000000	n/a	n/a	STATUS	n/a	n/a	D255
745.9080000000	n/a	n/a	STATUS	n/a	n/a	DIN4
745.9560000000	n/a	n/a	STATUS	n/a	n/a	D255
746.7120000000	n/a	n/a	STATUS	n/a	n/a	DIN5
746.7640000000	n/a	n/a	STATUS	n/a	n/a	D255
747.1480000000	n/a	n/a	STATUS	n/a	n/a	D129
747.1960000000	n/a	n/a	STATUS	n/a	n/a	D255
747.2360000000	n/a	n/a	STATUS	n/a	n/a	DI52
747.2840000000	n/a	n/a	STATUS	n/a	n/a	D255
747.7880000000	n/a	n/a	STATUS	n/a	n/a	DI42
747.8360000000	n/a	n/a	STATUS	n/a	n/a	D255
748.0960000000	n/a	n/a	STATUS	n/a	n/a	DIN5
748.1440000000	n/a	n/a	STATUS	n/a	n/a	D255
748.5000000000	n/a	n/a	STATUS	n/a	n/a	DI70
748.5520000000	n/a	n/a	STATUS	n/a	n/a	D255
748.5880000000	n/a	n/a	STATUS	n/a	n/a	DI51
748.6400000000	n/a	n/a	STATUS	n/a	n/a	D255
749.1040000000	n/a	n/a	STATUS	n/a	n/a	DI31
749.1520000000	n/a	n/a	STATUS	n/a	n/a	D255
749.4120000000	n/a	n/a	STATUS	n/a	n/a	DIN5
749.4640000000	n/a	n/a	STATUS	n/a	n/a	D255
749.8880000000	n/a	n/a	STATUS	n/a	n/a	D228
749.9360000000	n/a	n/a	STATUS	n/a	n/a	D255
749.9760000000	n/a	n/a	STATUS	n/a	n/a	DI53
750.0240000000	n/a	n/a	STATUS	n/a	n/a	D255
750.2960000000	n/a	n/a	STATUS	n/a	n/a	DI43
750.3440000000	n/a	n/a	STATUS	n/a	n/a	D255
750.6040000000	n/a	n/a	STATUS	n/a	n/a	DIN5
750.6560000000	n/a	n/a	STATUS	n/a	n/a	D255
751.1480000000	n/a	n/a	STATUS	n/a	n/a	DI87
751.2000000000	n/a	n/a	STATUS	n/a	n/a	D255
751.2360000000	n/a	n/a	STATUS	n/a	n/a	DI54
751.2880000000	n/a	n/a	STATUS	n/a	n/a	D255
751.5160000000	n/a	n/a	STATUS	n/a	n/a	DI34
751.5640000000	n/a	n/a	STATUS	n/a	n/a	D255
751.8240000000	n/a	n/a	STATUS	n/a	n/a	DIN5
751.8760000000	n/a	n/a	STATUS	n/a	n/a	D255
752.3440000000	n/a	n/a	STATUS	n/a	n/a	DI71
752.3960000000	n/a	n/a	STATUS	n/a	n/a	D255
752.4320000000	n/a	n/a	STATUS	n/a	n/a	DI53
752.4840000000	n/a	n/a	STATUS	n/a	n/a	D255
752.7440000000	n/a	n/a	STATUS	n/a	n/a	DI43
752.7920000000	n/a	n/a	STATUS	n/a	n/a	D255
753.0520000000	n/a	n/a	STATUS	n/a	n/a	DIN5
753.1040000000	n/a	n/a	STATUS	n/a	n/a	D255
753.5080000000	n/a	n/a	STATUS	n/a	n/a	D217
753.5560000000	n/a	n/a	STATUS	n/a	n/a	D255
753.5920000000	n/a	n/a	STATUS	n/a	n/a	DI52
753.6440000000	n/a	n/a	STATUS	n/a	n/a	D255
753.8920000000	n/a	n/a	STATUS	n/a	n/a	DI12
753.9400000000	n/a	n/a	STATUS	n/a	n/a	D255
753.9440000000	n/a	n/a	STATUS	n/a	n/a	DIN4
753.9960000000	n/a	n/a	STATUS	n/a	n/a	D255
754.7520000000	n/a	n/a	STATUS	n/a	n/a	DIN5
754.8000000000	n/a	n/a	STATUS	n/a	n/a	D255
755.1520000000	n/a	n/a	STATUS	n/a	n/a	D246
755.2000000000	n/a	n/a	STATUS	n/a	n/a	D255
755.2400000000	n/a	n/a	STATUS	n/a	n/a	DI54
755.2880000000	n/a	n/a	STATUS	n/a	n/a	D255
755.5960000000	n/a	n/a	STATUS	n/a	n/a	DI34
755.6440000000	n/a	n/a	STATUS	n/a	n/a	D255
755.9040000000	n/a	n/a	STATUS	n/a	n/a	DIN5
755.9560000000	n/a	n/a	STATUS	n/a	n/a	D255
756.2880000000	n/a	n/a	STATUS	n/a	n/a	D170
756.3400000000	n/a	n/a	STATUS	n/a	n/a	D255
756.3760000000	n/a	n/a	STATUS	n/a	n/a	DI53
756.4280000000	n/a	n/a	STATUS	n/a	n/a	D255
756.6960000000	n/a	n/a	STATUS	n/a	n/a	DI43
756.7440000000	n/a	n/a	STATUS	n/a	n/a	D255
757.0040000000	n/a	n/a	STATUS	n/a	n/a	DIN5
757.0560000000	n/a	n/a	STATUS	n/a	n/a	D255
757.5160000000	n/a	n/a	STATUS	n/a	n/a	D141
757.5640000000	n/a	n/a	STATUS	n/a	n/a	D255
757.6040000000	n/a	n/a	STATUS	n/a	n/a	DI52
757.6520000000	n/a	n/a	STATUS	n/a	n/a	D255
757.8760000000	n/a	n/a	STATUS	n/a	n/a	DI12
757.9280000000	n/a	n/a	STATUS	n/a	n/a	D255
757.9320000000	n/a	n/a	STATUS	n/a	n/a	DIN4
757.9840000000	n/a	n/a	STATUS	n/a	n/a	D255
758.7360000000	n/a	n/a	STATUS	n/a	n/a	DIN5
758.7880000000	n/a	n/a	STATUS	n/a	n/a	D255
759.2760000000	n/a	n/a	STATUS	n/a	n/a	D171
759.3280000000	n/a	n/a	STATUS	n/a	n/a	D255
759.3640000000	n/a	n/a	STATUS	n/a	n/a	DI52
759.4160000000	n/a	n/a	STATUS	n/a	n/a	D255
759.7520000000	n/a	n/a	STATUS	n/a	n/a	DI42
759.8040000000	n/a	n/a	STATUS	n/a	n/a	D255
760.0600000000	n/a	n/a	STATUS	n/a	n/a	DIN5
760.1120000000	n/a	n/a	STATUS	n/a	n/a	D255
760.4880000000	n/a	n/a	STATUS	n/a	n/a	D148
760.5360000000	n/a	n/a	STATUS	n/a	n/a	D255
760.5760000000	n/a	n/a	STATUS	n/a	n/a	DI54
760.6240000000	n/a	n/a	STATUS	n/a	n/a	D255
760.9400000000	n/a	n/a	STATUS	n/a	n/a	DI34
760.9880000000	n/a	n/a	STATUS	n/a	n/a	D255
761.2480000000	n/a	n/a	STATUS	n/a	n/a	DIN5
761.3000000000	n/a	n/a	STATUS	n/a	n/a	D255
761.7120000000	n/a	n/a	STATUS	n/a	n/a	D243
761.7640000000	n/a	n/a	STATUS	n/a	n/a	D255
761.8000000000	n/a	n/a	STATUS	n/a	n/a	DI53
761.8520000000	n/a	n/a	STATUS	n/a	n/a	D255
762.1800000000	n/a	n/a	STATUS	n/a	n/a	DI43
762.2320000000	n/a	n/a	STATUS	n/a	n/a	D255
762.4880000000	n/a	n/a	STATUS	n/a	n/a	DIN5
762.5400000000	n/a	n/a	STATUS	n/a	n/a	D255
763.0240000000	n/a	n/a	STATUS	n/a	n/a	D133
763.0760000000	n/a	n/a	STATUS	n/a	n/a	D255
763.1120000000	n/a	n/a	STATUS	n/a	n/a	DI53
763.1640000000	n/a	n/a	STATUS	n/a	n/a	D255
763.4360000000	n/a	n/a	STATUS	n/a	n/a	DI43
763.4840000000	n/a	n/a	STATUS	n/a	n/a	D255
773.2960000000	n/a	n/a	STATUS	n/a	n/a	DIN5
773.3440000000	n/a	n/a	STATUS	n/a	n/a	D255
773.7000000000	n/a	n/a	STATUS	n/a	n/a	D195
773.7480000000	n/a	n/a	STATUS	n/a	n/a	D255
773.7880000000	n/a	n/a	STATUS	n/a	n/a	DI52
773.8360000000	n/a	n/a	STATUS	n/a	n/a	D255
774.4600000000	n/a	n/a	STATUS	n/a	n/a	DI42
774.5080000000	n/a	n/a	STATUS	n/a	n/a	D255
774.7680000000	n/a	n/a	STATUS	n/a	n/a	DIN5
774.8200000000	n/a	n/a	STATUS	n/a	n/a	D255
775.1920000000	n/a	n/a	STATUS	n/a	n/a	D178
775.2440000000	n/a	n/a	STATUS	n/a	n/a	D255
775.2800000000	n/a	n/a	STATUS	n/a	n/a	DI54
775.3280000000	n/a	n/a	STATUS	n/a	n/a	D255
775.5880000000	n/a	n/a	STATUS	n/a	n/a	DI34
775.6360000000	n/a	n/a	STATUS	n/a	n/a	D255
775.8960000000	n/a	n/a	STATUS	n/a	n/a	DIN5
775.9480000000	n/a	n/a	STATUS	n/a	n/a	D255
776.3160000000	n/a	n/a	STATUS	n/a	n/a	D125
776.3680000000	n/a	n/a	STATUS	n/a	n/a	D255
776.4040000000	n/a	n/a	STATUS	n/a	n/a	DI51
776.4560000000	n/a	n/a	STATUS	n/a	n/a	D255
776.8360000000	n/a	n/a	STATUS	n/a	n/a	DI31
776.8840000000	n/a	n/a	STATUS	n/a	n/a	D255
777.1440000000	n/a	n/a	STATUS	n/a	n/a	DIN5
777.1920000000	n/a	n/a	STATUS	n/a	n/a	D255
777.5480000000	n/a	n/a	STATUS	n/a	n/a	D207
777.6000000000	n/a	n/a	STATUS	n/a	n/a	D255
777.6360000000	n/a	n/a	STATUS	n/a	n/a	DI51
777.6880000000	n/a	n/a	STATUS	n/a	n/a	D255
778.0240000000	n/a	n/a	STATUS	n/a	n/a	DI31
778.0760000000	n/a	n/a	STATUS	n/a	n/a	D255
778.3320000000	n/a	n/a	STATUS	n/a	n/a	DIN5
778.3840000000	n/a	n/a	STATUS	n/a	n/a	D255
778.8840000000	n/a	n/a	STATUS	n/a	n/a	D135
778.9320000000	n/a	n/a	STATUS	n/a	n/a	D255
778.9720000000	n/a	n/a	STATUS	n/a	n/a	DI53
779.0200000000	n/a	n/a	STATUS	n/a	n/a	D255
779.2600000000	n/a	n/a	STATUS	n/a	n/a	DI43
779.3080000000	n/a	n/a	STATUS	n/a	n/a	D255
779.5680000000	n/a	n/a	STATUS	n/a	n/a	DIN5
779.6160000000	n/a	n/a	STATUS	n/a	n/a	D255
779.9680000000	n/a	n/a	STATUS	n/a	n/a	D111
780.0160000000	n/a	n/a	STATUS	n/a	n/a	D255
780.0520000000	n/a	n/a	STATUS	n/a	n/a	DI51
780.1040000000	n/a	n/a	STATUS	n/a	n/a	D255
780.4440000000	n/a	n/a	STATUS	n/a	n/a	DI31
780.4960000000	n/a	n/a	STATUS	n/a	n/a	D255
780.7560000000	n/a	n/a	STATUS	n/a	n/a	DIN5
780.8040000000	n/a	n/a	STATUS	n/a	n/a	D255
781.1840000000	n/a	n/a	STATUS	n/a	n/a	DI84
781.2360000000	n/a	n/a	STATUS	n/a	n/a	D255
781.2720000000	n/a	n/a	STATUS	n/a	n/a	DI53
781.3240000000	n/a	n/a	STATUS	n/a	n/a	D255
781.5560000000	n/a	n/a	STATUS	n/a	n/a	DI43
781.6040000000	n/a	n/a	STATUS	n/a	n/a	D255
781.8640000000	n/a	n/a	STATUS	n/a	n/a	DIN5
781.9160000000	n/a	n/a	STATUS	n/a	n/a	D255
782.2320000000	n/a	n/a	STATUS	n/a	n/a	DI97
782.2840000000	n/a	n/a	STATUS	n/a	n/a	D255
782.3240000000	n/a	n/a	STATUS	n/a	n/a	DI53
782.3720000000	n/a	n/a	STATUS	n/a	n/a	D255
782.6320000000	n/a	n/a	STATUS	n/a	n/a	DI43
782.6840000000	n/a	n/a	STATUS	n/a	n/a	D255
782.9440000000	n/a	n/a	STATUS	n/a	n/a	DIN5
782.9920000000	n/a	n/a	STATUS	n/a	n/a	D255
783.4120000000	n/a	n/a	STATUS	n/a	n/a	D219
783.4640000000	n/a	n/a	STATUS	n/a	n/a	D255
783.5000000000	n/a	n/a	STATUS	n/a	n/a	DI52
783.5520000000	n/a	n/a	STATUS	n/a	n/a	D255
783.7880000000	n/a	n/a	STATUS	n/a	n/a	DI12
783.8400000000	n/a	n/a	STATUS	n/a	n/a	D255
783.8440000000	n/a	n/a	STATUS	n/a	n/a	DIN4
783.8920000000	n/a	n/a	STATUS	n/a	n/a	D255
784.6480000000	n/a	n/a	STATUS	n/a	n/a	DIN5
784.7000000000	n/a	n/a	STATUS	n/a	n/a	D255
785.1280000000	n/a	n/a	STATUS	n/a	n/a	D248
785.1760000000	n/a	n/a	STATUS	n/a	n/a	D255
785.2160000000	n/a	n/a	STATUS	n/a	n/a	DI51
785.2640000000	n/a	n/a	STATUS	n/a	n/a	D255
785.7360000000	n/a	n/a	STATUS	n/a	n/a	DI31
785.7880000000	n/a	n/a	STATUS	n/a	n/a	D255
786.0480000000	n/a	n/a	STATUS	n/a	n/a	DIN5
786.0960000000	n/a	n/a	STATUS	n/a	n/a	D255
786.5520000000	n/a	n/a	STATUS	n/a	n/a	D212
786.6000000000	n/a	n/a	STATUS	n/a	n/a	D255
786.6400000000	n/a	n/a	STATUS	n/a	n/a	DI54
786.6880000000	n/a	n/a	STATUS	n/a	n/a	D255
786.9400000000	n/a	n/a	STATUS	n/a	n/a	DI34
786.9880000000	n/a	n/a	STATUS	n/a	n/a	D255
787.2480000000	n/a	n/a	STATUS	n/a	n/a	DIN5
787.2960000000	n/a	n/a	STATUS	n/a	n/a	D255
787.7720000000	n/a	n/a	STATUS	n/a	n/a	D117
787.8240000000	n/a	n/a	STATUS	n/a	n/a	D255
787.8600000000	n/a	n/a	STATUS	n/a	n/a	DI52
787.9080000000	n/a	n/a	STATUS	n/a	n/a	D255
788.2800000000	n/a	n/a	STATUS	n/a	n/a	DI42
788.3320000000	n/a	n/a	STATUS	n/a	n/a	D255
788.5920000000	n/a	n/a	STATUS	n/a	n/a	DIN5
788.6400000000	n/a	n/a	STATUS	n/a	n/a	D255
789.1040000000	n/a	n/a	STATUS	n/a	n/a	D240
789.1560000000	n/a	n/a	STATUS	n/a	n/a	D255
789.1920000000	n/a	n/a	STATUS	n/a	n/a	DI53
789.2440000000	n/a	n/a	STATUS	n/a	n/a	D255
789.5560000000	n/a	n/a	STATUS	n/a	n/a	DI43
789.6040000000	n/a	n/a	STATUS	n/a	n/a	D255
789.8640000000	n/a	n/a	STATUS	n/a	n/a	DIN5
789.9160000000	n/a	n/a	STATUS	n/a	n/a	D255
790.3040000000	n/a	n/a	STATUS	n/a	n/a	D109
790.3560000000	n/a	n/a	STATUS	n/a	n/a	D255
790.3920000000	n/a	n/a	STATUS	n/a	n/a	DI51
790.4440000000	n/a	n/a	STATUS	n/a	n/a	D255
790.8160000000	n/a	n/a	STATUS	n/a	n/a	DI31
790.8640000000	n/a	n/a	STATUS	n/a	n/a	D255
791.1240000000	n/a	n/a	STATUS	n/a	n/a	DIN5
791.1760000000	n/a	n/a	STATUS	n/a	n/a	D255
791.4960000000	n/a	n/a	STATUS	n/a	n/a	DI74
791.5440000000	n/a	n/a	STATUS	n/a	n/a	D255
791.5840000000	n/a	n/a	STATUS	n/a	n/a	DI53
791.6320000000	n/a	n/a	STATUS	n/a	n/a	D255
791.9240000000	n/a	n/a	STATUS	n/a	n/a	DI43
791.9720000000	n/a	n/a	STATUS	n/a	n/a	D255
792.2320000000	n/a	n/a	STATUS	n/a	n/a	DIN5
792.2840000000	n/a	n/a	STATUS	n/a	n/a	D255
792.7360000000	n/a	n/a	STATUS	n/a	n/a	DI75
792.7880000000	n/a	n/a	STATUS	n/a	n/a	D255
792.8240000000	n/a	n/a	STATUS	n/a	n/a	DI54
792.8760000000	n/a	n/a	STATUS	n/a	n/a	D255
793.1440000000	n/a	n/a	STATUS	n/a	n/a	DI34
793.1960000000	n/a	n/a	STATUS	n/a	n/a	D255
793.4520000000	n/a	n/a	STATUS	n/a	n/a	DIN5
793.5040000000	n/a	n/a	STATUS	n/a	n/a	D255
793.8440000000	n/a	n/a	STATUS	n/a	n/a	DI83
793.8920000000	n/a	n/a	STATUS	n/a	n/a	D255
793.9320000000	n/a	n/a	STATUS	n/a	n/a	DI52
793.9800000000	n/a	n/a	STATUS	n/a	n/a	D255
794.3120000000	n/a	n/a	STATUS	n/a	n/a	DI42
794.3600000000	n/a	n/a	STATUS	n/a	n/a	D255
794.6200000000	n/a	n/a	STATUS	n/a	n/a	DIN5
794.6720000000	n/a	n/a	STATUS	n/a	n/a	D255
795.1360000000	n/a	n/a	STATUS	n/a	n/a	D182
795.1840000000	n/a	n/a	STATUS	n/a	n/a	D255
795.2240000000	n/a	n/a	STATUS	n/a	n/a	DI53
795.2720000000	n/a	n/a	STATUS	n/a	n/a	D255
795.4840000000	n/a	n/a	STATUS	n/a	n/a	DI43
795.5320000000	n/a	n/a	STATUS	n/a	n/a	D255
795.7920000000	n/a	n/a	STATUS	n/a	n/a	DIN5
795.8440000000	n/a	n/a	STATUS	n/a	n/a	D255
796.3400000000	n/a	n/a	STATUS	n/a	n/a	D127
796.3920000000	n/a	n/a	STATUS	n/a	n/a	D255
796.4280000000	n/a	n/a	STATUS	n/a	n/a	DI51
796.4800000000	n/a	n/a	STATUS	n/a	n/a	D255
796.8600000000	n/a	n/a	STATUS	n/a	n/a	DI31
796.9080000000	n/a	n/a	STATUS	n/a	n/a	D255
797.1680000000	n/a	n/a	STATUS	n/a	n/a	DIN5
797.2200000000	n/a	n/a	STATUS	n/a	n/a	D255
797.5880000000	n/a	n/a	STATUS	n/a	n/a	D162
797.6400000000	n/a	n/a	STATUS	n/a	n/a	D255
797.6760000000	n/a	n/a	STATUS	n/a	n/a	DI53
797.7240000000	n/a	n/a	STATUS	n/a	n/a	D255
797.9680000000	n/a	n/a	STATUS	n/a	n/a	DI43
798.0200000000	n/a	n/a	STATUS	n/a	n/a	D255
798.2760000000	n/a	n/a	STATUS	n/a	n/a	DIN5
798.3280000000	n/a	n/a	STATUS	n/a	n/a	D255
798.7000000000	n/a	n/a	STATUS	n/a	n/a	D149
798.7520000000	n/a	n/a	STATUS	n/a	n/a	D255
798.7880000000	n/a	n/a	STATUS	n/a	n/a	DI51
798.8400000000	n/a	n/a	STATUS	n/a	n/a	D255
799.1800000000	n/a	n/a	STATUS	n/a	n/a	DI31
799.2320000000	n/a	n/a	STATUS	n/a	n/a	D255
799.4880000000	n/a	n/a	STATUS	n/a	n/a	DIN5
799.5400000000	n/a	n/a	STATUS	n/a	n/a	D255
799.9040000000	n/a	n/a	STATUS	n/a	n/a	D153
799.9560000000	n/a	n/a	STATUS	n/a	n/a	D255
799.9920000000	n/a	n/a	STATUS	n/a	n/a	DI54
800.0440000000	n/a	n/a	STATUS	n/a	n/a	D255
800.3520000000	n/a	n/a	STATUS	n/a	n/a	DI34
800.4000000000	n/a	n/a	STATUS	n/a	n/a	D255
800.6600000000	n/a	n/a	STATUS	n/a	n/a	DIN5
800.7080000000	n/a	n/a	STATUS	n/a	n/a	D255
801.0280000000	n/a	n/a	STATUS	n/a	n/a	D151
801.0800000000	n/a	n/a	STATUS	n/a	n/a	D255
801.1160000000	n/a	n/a	STATUS	n/a	n/a	DI51
801.1680000000	n/a	n/a	STATUS	n/a	n/a	D255
801.5360000000	n/a	n/a	STATUS	n/a	n/a	DI31
801.5840000000	n/a	n/a	STATUS	n/a	n/a	D255
801.8440000000	n/a	n/a	STATUS	n/a	n/a	DIN5
801.8960000000	n/a	n/a	STATUS	n/a	n/a	D255
802.3200000000	n/a	n/a	STATUS	n/a	n/a	DI81
802.3680000000	n/a	n/a	STATUS	n/a	n/a	D255
802.4040000000	n/a	n/a	STATUS	n/a	n/a	DI51
802.4560000000	n/a	n/a	STATUS	n/a	n/a	D255
802.8200000000	n/a	n/a	STATUS	n/a	n/a	DI31
802.8680000000	n/a	n/a	STATUS	n/a	n/a	D255
803.1280000000	n/a	n/a	STATUS	n/a	n/a	DIN5
803.1800000000	n/a	n/a	STATUS	n/a	n/a	D255
803.5240000000	n/a	n/a	STATUS	n/a	n/a	DI85
803.5720000000	n/a	n/a	STATUS	n/a	n/a	D255
803.6120000000	n/a	n/a	STATUS	n/a	n/a	DI53
803.6600000000	n/a	n/a	STATUS	n/a	n/a	D255
804.0440000000	n/a	n/a	STATUS	n/a	n/a	DI43
804.0920000000	n/a	n/a	STATUS	n/a	n/a	D255
804.3520000000	n/a	n/a	STATUS	n/a	n/a	DIN5
804.4040000000	n/a	n/a	STATUS	n/a	n/a	D255
804.7640000000	n/a	n/a	STATUS	n/a	n/a	DI99
804.8120000000	n/a	n/a	STATUS	n/a	n/a	D255
804.8520000000	n/a	n/a	STATUS	n/a	n/a	DI52
804.9000000000	n/a	n/a	STATUS	n/a	n/a	D255
805.3120000000	n/a	n/a	STATUS	n/a	n/a	DI42
805.3640000000	n/a	n/a	STATUS	n/a	n/a	D255
805.6240000000	n/a	n/a	STATUS	n/a	n/a	DIN5
805.6720000000	n/a	n/a	STATUS	n/a	n/a	D255
805.9880000000	n/a	n/a	STATUS	n/a	n/a	D105
806.0360000000	n/a	n/a	STATUS	n/a	n/a	D255
806.0760000000	n/a	n/a	STATUS	n/a	n/a	DI54
806.1240000000	n/a	n/a	STATUS	n/a	n/a	D255
806.4480000000	n/a	n/a	STATUS	n/a	n/a	DI34
806.5000000000	n/a	n/a	STATUS	n/a	n/a	D255
806.7560000000	n/a	n/a	STATUS	n/a	n/a	DIN5
806.8080000000	n/a	n/a	STATUS	n/a	n/a	D255
807.1680000000	n/a	n/a	STATUS	n/a	n/a	D146
807.2160000000	n/a	n/a	STATUS	n/a	n/a	D255
807.2560000000	n/a	n/a	STATUS	n/a	n/a	DI51
807.3040000000	n/a	n/a	STATUS	n/a	n/a	D255
807.6800000000	n/a	n/a	STATUS	n/a	n/a	DI31
807.7320000000	n/a	n/a	STATUS	n/a	n/a	D255
807.9880000000	n/a	n/a	STATUS	n/a	n/a	DIN5
808.0400000000	n/a	n/a	STATUS	n/a	n/a	D255
808.5360000000	n/a	n/a	STATUS	n/a	n/a	D196
808.5840000000	n/a	n/a	STATUS	n/a	n/a	D255
808.6240000000	n/a	n/a	STATUS	n/a	n/a	DI51
808.6720000000	n/a	n/a	STATUS	n/a	n/a	D255
808.9160000000	n/a	n/a	STATUS	n/a	n/a	DI21
808.9680000000	n/a	n/a	STATUS	n/a	n/a	D255
808.9720000000	n/a	n/a	STATUS	n/a	n/a	DIN4
809.0200000000	n/a	n/a	STATUS	n/a	n/a	D255
809.7760000000	n/a	n/a	STATUS	n/a	n/a	DIN5
809.8280000000	n/a	n/a	STATUS	n/a	n/a	D255
810.1720000000	n/a	n/a	STATUS	n/a	n/a	D206
810.2200000000	n/a	n/a	STATUS	n/a	n/a	D255
810.2560000000	n/a	n/a	STATUS	n/a	n/a	DI53
810.3080000000	n/a	n/a	STATUS	n/a	n/a	D255
810.6880000000	n/a	n/a	STATUS	n/a	n/a	DI13
810.7360000000	n/a	n/a	STATUS	n/a	n/a	D255
810.7440000000	n/a	n/a	STATUS	n/a	n/a	DIN4
810.7920000000	n/a	n/a	STATUS	n/a	n/a	D255
811.5480000000	n/a	n/a	STATUS	n/a	n/a	DIN5
811.5960000000	n/a	n/a	STATUS	n/a	n/a	D255
811.9600000000	n/a	n/a	STATUS	n/a	n/a	D169
812.0120000000	n/a	n/a	STATUS	n/a	n/a	D255
812.0480000000	n/a	n/a	STATUS	n/a	n/a	DI54
812.1000000000	n/a	n/a	STATUS	n/a	n/a	D255
812.4400000000	n/a	n/a	STATUS	n/a	n/a	DI34
812.4920000000	n/a	n/a	STATUS	n/a	n/a	D255
812.7480000000	n/a	n/a	STATUS	n/a	n/a	DIN5
812.8000000000	n/a	n/a	STATUS	n/a	n/a	D255
813.2400000000	n/a	n/a	STATUS	n/a	n/a	D128
813.2880000000	n/a	n/a	STATUS	n/a	n/a	D255
813.3280000000	n/a	n/a	STATUS	n/a	n/a	DI52
813.3760000000	n/a	n/a	STATUS	n/a	n/a	D255
813.7720000000	n/a	n/a	STATUS	n/a	n/a	DI42
813.8240000000	n/a	n/a	STATUS	n/a	n/a	D255
814.0840000000	n/a	n/a	STATUS	n/a	n/a	DIN5
814.1320000000	n/a	n/a	STATUS	n/a	n/a	D255
814.5520000000	n/a	n/a	STATUS	n/a	n/a	D104
814.6000000000	n/a	n/a	STATUS	n/a	n/a	D255
814.6400000000	n/a	n/a	STATUS	n/a	n/a	DI51
814.6920000000	n/a	n/a	STATUS	n/a	n/a	D255
815.1400000000	n/a	n/a	STATUS	n/a	n/a	DI31
815.1920000000	n/a	n/a	STATUS	n/a	n/a	D255
815.4520000000	n/a	n/a	STATUS	n/a	n/a	DIN5
815.5000000000	n/a	n/a	STATUS	n/a	n/a	D255
815.9120000000	n/a	n/a	STATUS	n/a	n/a	D108
815.9600000000	n/a	n/a	STATUS	n/a	n/a	D255
816.0000000000	n/a	n/a	STATUS	n/a	n/a	DI54
816.0480000000	n/a	n/a	STATUS	n/a	n/a	D255
816.3240000000	n/a	n/a	STATUS	n/a	n/a	DI34
816.3760000000	n/a	n/a	STATUS	n/a	n/a	D255
816.6320000000	n/a	n/a	STATUS	n/a	n/a	DIN5
816.6840000000	n/a	n/a	STATUS	n/a	n/a	D255
817.0280000000	n/a	n/a	STATUS	n/a	n/a	D177
817.0760000000	n/a	n/a	STATUS	n/a	n/a	D255
817.1160000000	n/a	n/a	STATUS	n/a	n/a	DI53
817.1640000000	n/a	n/a	STATUS	n/a	n/a	D255
817.4720000000	n/a	n/a	STATUS	n/a	n/a	DI43
817.5240000000	n/a	n/a	STATUS	n/a	n/a	D255
817.7800000000	n/a	n/a	STATUS	n/a	n/a	DIN5
817.8320000000	n/a	n/a	STATUS	n/a	n/a	D255
818.3280000000	n/a	n/a	STATUS	n/a	n/a	D184
818.3760000000	n/a	n/a	STATUS	n/a	n/a	D255
818.4160000000	n/a	n/a	STATUS	n/a	n/a	DI51
818.4640000000	n/a	n/a	STATUS	n/a	n/a	D255
818.8600000000	n/a	n/a	STATUS	n/a	n/a	DI31
818.9080000000	n/a	n/a	STATUS	n/a	n/a	D255
819.1680000000	n/a	n/a	STATUS	n/a	n/a	DIN5
819.2200000000	n/a	n/a	STATUS	n/a	n/a	D255
819.6520000000	n/a	n/a	STATUS	n/a	n/a	D124
819.7040000000	n/a	n/a	STATUS	n/a	n/a	D255
819.7400000000	n/a	n/a	STATUS	n/a	n/a	DI52
819.7920000000	n/a	n/a	STATUS	n/a	n/a	D255
820.1480000000	n/a	n/a	STATUS	n/a	n/a	DI42
820.1960000000	n/a	n/a	STATUS	n/a	n/a	D255
820.4560000000	n/a	n/a	STATUS	n/a	n/a	DIN5
820.5080000000	n/a	n/a	STATUS	n/a	n/a	D255
820.8760000000	n/a	n/a	STATUS	n/a	n/a	D193
820.9280000000	n/a	n/a	STATUS	n/a	n/a	D255
820.9640000000	n/a	n/a	STATUS	n/a	n/a	DI51
821.0160000000	n/a	n/a	STATUS	n/a	n/a	D255
821.3720000000	n/a	n/a	STATUS	n/a	n/a	DI31
821.4240000000	n/a	n/a	STATUS	n/a	n/a	D255
821.6800000000	n/a	n/a	STATUS	n/a	n/a	DIN5
821.7320000000	n/a	n/a	STATUS	n/a	n/a	D255
822.0560000000	n/a	n/a	STATUS	n/a	n/a	D218
822.1080000000	n/a	n/a	STATUS	n/a	n/a	D255
822.1440000000	n/a	n/a	STATUS	n/a	n/a	DI54
822.1960000000	n/a	n/a	STATUS	n/a	n/a	D255
822.4800000000	n/a	n/a	STATUS	n/a	n/a	DI34
822.5280000000	n/a	n/a	STATUS	n/a	n/a	D255
822.7880000000	n/a	n/a	STATUS	n/a	n/a	DIN5
822.8400000000	n/a	n/a	STATUS	n/a	n/a	D255
823.2640000000	n/a	n/a	STATUS	n/a	n/a	D147
823.3120000000	n/a	n/a	STATUS	n/a	n/a	D255
823.3520000000	n/a	n/a	STATUS	n/a	n/a	DI52
823.4040000000	n/a	n/a	STATUS	n/a	n/a	D255
823.6560000000	n/a	n/a	STATUS	n/a	n/a	DI42
823.7080000000	n/a	n/a	STATUS	n/a	n/a	D255
823.9680000000	n/a	n/a	STATUS	n/a	n/a	DIN5
824.0160000000	n/a	n/a	STATUS	n/a	n/a	D255
824.5160000000	n/a	n/a	STATUS	n/a	n/a	DI67
824.5640000000	n/a	n/a	STATUS	n/a	n/a	D255
824.6040000000	n/a	n/a	STATUS	n/a	n/a	DI52
824.6520000000	n/a	n/a	STATUS	n/a	n/a	D255
824.9800000000	n/a	n/a	STATUS	n/a	n/a	DI42
825.0280000000	n/a	n/a	STATUS	n/a	n/a	D255
825.2880000000	n/a	n/a	STATUS	n/a	n/a	DIN5
825.3400000000	n/a	n/a	STATUS	n/a	n/a	D255
825.7560000000	n/a	n/a	STATUS	n/a	n/a	D172
825.8040000000	n/a	n/a	STATUS	n/a	n/a	D255
825.8400000000	n/a	n/a	STATUS	n/a	n/a	DI52
825.8920000000	n/a	n/a	STATUS	n/a	n/a	D255
826.2240000000	n/a	n/a	STATUS	n/a	n/a	DI12
826.2720000000	n/a	n/a	STATUS	n/a	n/a	D255
826.2760000000	n/a	n/a	STATUS	n/a	n/a	DIN4
826.3280000000	n/a	n/a	STATUS	n/a	n/a	D255
827.0840000000	n/a	n/a	STATUS	n/a	n/a	DIN5
827.1360000000	n/a	n/a	STATUS	n/a	n/a	D255
827.4600000000	n/a	n/a	STATUS	n/a	n/a	D157
827.5080000000	n/a	n/a	STATUS	n/a	n/a	D255
827.5440000000	n/a	n/a	STATUS	n/a	n/a	DI53
827.5960000000	n/a	n/a	STATUS	n/a	n/a	D255
827.9560000000	n/a	n/a	STATUS	n/a	n/a	DI43
828.0080000000	n/a	n/a	STATUS	n/a	n/a	D255
828.2640000000	n/a	n/a	STATUS	n/a	n/a	DIN5
828.3160000000	n/a	n/a	STATUS	n/a	n/a	D255
828.7160000000	n/a	n/a	STATUS	n/a	n/a	D254
828.7640000000	n/a	n/a	STATUS	n/a	n/a	D255
828.8040000000	n/a	n/a	STATUS	n/a	n/a	DI51
828.8520000000	n/a	n/a	STATUS	n/a	n/a	D255
829.3520000000	n/a	n/a	STATUS	n/a	n/a	DI31
829.4040000000	n/a	n/a	STATUS	n/a	n/a	D255
829.6600000000	n/a	n/a	STATUS	n/a	n/a	DIN5
829.7120000000	n/a	n/a	STATUS	n/a	n/a	D255
830.1720000000	n/a	n/a	STATUS	n/a	n/a	D243
830.2200000000	n/a	n/a	STATUS	n/a	n/a	D255
830.2600000000	n/a	n/a	STATUS	n/a	n/a	DI54
830.3080000000	n/a	n/a	STATUS	n/a	n/a	D255
830.5640000000	n/a	n/a	STATUS	n/a	n/a	DI34
830.6160000000	n/a	n/a	STATUS	n/a	n/a	D255
830.8760000000	n/a	n/a	STATUS	n/a	n/a	DIN5
830.9240000000	n/a	n/a	STATUS	n/a	n/a	D255
831.2440000000	n/a	n/a	STATUS	n/a	n/a	D133
831.2960000000	n/a	n/a	STATUS	n/a	n/a	D255
831.3320000000	n/a	n/a	STATUS	n/a	n/a	DI51
831.3840000000	n/a	n/a	STATUS	n/a	n/a	D255
831.6880000000	n/a	n/a	STATUS	n/a	n/a	DI21
831.7400000000	n/a	n/a	STATUS	n/a	n/a	D255
831.7440000000	n/a	n/a	STATUS	n/a	n/a	DIN4
831.7960000000	n/a	n/a	STATUS	n/a	n/a	D255
832.5520000000	n/a	n/a	STATUS	n/a	n/a	DIN5
832.6000000000	n/a	n/a	STATUS	n/a	n/a	D255
832.9600000000	n/a	n/a	STATUS	n/a	n/a	D129
833.0120000000	n/a	n/a	STATUS	n/a	n/a	D255
833.0480000000	n/a	n/a	STATUS	n/a	n/a	DI52
833.0960000000	n/a	n/a	STATUS	n/a	n/a	D255
833.4800000000	n/a	n/a	STATUS	n/a	n/a	DI42
833.5320000000	n/a	n/a	STATUS	n/a	n/a	D255
833.7880000000	n/a	n/a	STATUS	n/a	n/a	DIN5
833.8400000000	n/a	n/a	STATUS	n/a	n/a	D255
834.2120000000	n/a	n/a	STATUS	n/a	n/a	D103
834.2640000000	n/a	n/a	STATUS	n/a	n/a	D255
834.3040000000	n/a	n/a	STATUS	n/a	n/a	DI52
834.3520000000	n/a	n/a	STATUS	n/a	n/a	D255
834.7840000000	n/a	n/a	STATUS	n/a	n/a	DI42
834.8320000000	n/a	n/a	STATUS	n/a	n/a	D255
835.0920000000	n/a	n/a	STATUS	n/a	n/a	DIN5
835.1440000000	n/a	n/a	STATUS	n/a	n/a	D255
835.5160000000	n/a	n/a	STATUS	n/a	n/a	D241
835.5680000000	n/a	n/a	STATUS	n/a	n/a	D255
835.6040000000	n/a	n/a	STATUS	n/a	n/a	DI51
835.6560000000	n/a	n/a	STATUS	n/a	n/a	D255
836.0160000000	n/a	n/a	STATUS	n/a	n/a	DI31
836.0640000000	n/a	n/a	STATUS	n/a	n/a	D255
836.3240000000	n/a	n/a	STATUS	n/a	n/a	DIN5
836.3720000000	n/a	n/a	STATUS	n/a	n/a	D255
836.8800000000	n/a	n/a	STATUS	n/a	n/a	D180
836.9280000000	n/a	n/a	STATUS	n/a	n/a	D255
836.9680000000	n/a	n/a	STATUS	n/a	n/a	DI54
837.0160000000	n/a	n/a	STATUS	n/a	n/a	D255
837.3320000000	n/a	n/a	STATUS	n/a	n/a	DI34
837.3840000000	n/a	n/a	STATUS	n/a	n/a	D255
837.6400000000	n/a	n/a	STATUS	n/a	n/a	DIN5
837.6920000000	n/a	n/a	STATUS	n/a	n/a	D255
838.0600000000	n/a	n/a	STATUS	n/a	n/a	D168
838.1120000000	n/a	n/a	STATUS	n/a	n/a	D255
838.1480000000	n/a	n/a	STATUS	n/a	n/a	DI54
838.2000000000	n/a	n/a	STATUS	n/a	n/a	D255
838.5360000000	n/a	n/a	STATUS	n/a	n/a	DI34
838.5880000000	n/a	n/a	STATUS	n/a	n/a	D255
838.8480000000	n/a	n/a	STATUS	n/a	n/a	DIN5
838.8960000000	n/a	n/a	STATUS	n/a	n/a	D255
839.2360000000	n/a	n/a	STATUS	n/a	n/a	D231
839.2880000000	n/a	n/a	STATUS	n/a	n/a	D255
839.3240000000	n/a	n/a	STATUS	n/a	n/a	DI54
839.3760000000	n/a	n/a	STATUS	n/a	n/a	D255
839.7080000000	n/a	n/a	STATUS	n/a	n/a	DI34
839.7600000000	n/a	n/a	STATUS	n/a	n/a	D255
840.0200000000	n/a	n/a	STATUS	n/a	n/a	DIN5
840.0680000000	n/a	n/a	STATUS	n/a	n/a	D255
840.3800000000	n/a	n/a	STATUS	n/a	n/a	D198
840.4280000000	n/a	n/a	STATUS	n/a	n/a	D255
840.4680000000	n/a	n/a	STATUS	n/a	n/a	DI54
840.5160000000	n/a	n/a	STATUS	n/a	n/a	D255
840.8560000000	n/a	n/a	STATUS	n/a	n/a	DI34
840.9040000000	n/a	n/a	STATUS	n/a	n/a	D255
841.1640000000	n/a	n/a	STATUS	n/a	n/a	DIN5
841.2160000000	n/a	n/a	STATUS	n/a	n/a	D255
841.6840000000	n/a	n/a	STATUS	n/a	n/a	DI73
841.7360000000	n/a	n/a	STATUS	n/a	n/a	D255
841.7720000000	n/a	n/a	STATUS	n/a	n/a	DI53
841.8240000000	n/a	n/a	STATUS	n/a	n/a	D255
842.0800000000	n/a	n/a	STATUS	n/a	n/a	DI43
842.1280000000	n/a	n/a	STATUS	n/a	n/a	D255
842.3880000000	n/a	n/a	STATUS	n/a	n/a	DIN5
842.4400000000	n/a	n/a	STATUS	n/a	n/a	D255
842.9440000000	n/a	n/a	STATUS	n/a	n/a	D100
842.9920000000	n/a	n/a	STATUS	n/a	n/a	D255
843.0320000000	n/a	n/a	STATUS	n/a	n/a	DI53
843.0800000000	n/a	n/a	STATUS	n/a	n/a	D255
843.3840000000	n/a	n/a	STATUS	n/a	n/a	DI43
843.4360000000	n/a	n/a	STATUS	n/a	n/a	D255
843.6960000000	n/a	n/a	STATUS	n/a	n/a	DIN5
843.7440000000	n/a	n/a	STATUS	n/a	n/a	D255
844.2240000000	n/a	n/a	STATUS	n/a	n/a	D170
844.2760000000	n/a	n/a	STATUS	n/a	n/a	D255
844.3120000000	n/a	n/a	STATUS	n/a	n/a	DI53
844.3640000000	n/a	n/a	STATUS	n/a	n/a	D255
844.6920000000	n/a	n/a	STATUS	n/a	n/a	DI43
844.7400000000	n/a	n/a	STATUS	n/a	n/a	D255
845.0000000000	n/a	n/a	STATUS	n/a	n/a	DIN5
845.0520000000	n/a	n/a	STATUS	n/a	n/a	D255
845.4640000000	n/a	n/a	STATUS	n/a	n/a	D144
845.5160000000	n/a	n/a	STATUS	n/a	n/a	D255
845.5520000000	n/a	n/a	STATUS	n/a	n/a	DI51
845.6040000000	n/a	n/a	STATUS	n/a	n/a	D255
846.0280000000	n/a	n/a	STATUS	n/a	n/a	DI31
846.0800000000	n/a	n/a	STATUS	n/a	n/a	D255
846.3400000000	n/a	n/a	STATUS	n/a	n/a	DIN5
846.3880000000	n/a	n/a	STATUS	n/a	n/a	D255
846.7320000000	n/a	n/a	STATUS	n/a	n/a	D234
846.7840000000	n/a	n/a	STATUS	n/a	n/a	D255
846.8200000000	n/a	n/a	STATUS	n/a	n/a	DI54
846.8720000000	n/a	n/a	STATUS	n/a	n/a	D255
847.3960000000	n/a	n/a	STATUS	n/a	n/a	DI34
847.4440000000	n/a	n/a	STATUS	n/a	n/a	D255
847.7040000000	n/a	n/a	STATUS	n/a	n/a	DIN5
847.7560000000	n/a	n/a	STATUS	n/a	n/a	D255
848.0800000000	n/a	n/a	STATUS	n/a	n/a	D246
848.1280000000	n/a	n/a	STATUS	n/a	n/a	D255
848.1680000000	n/a	n/a	STATUS	n/a	n/a	DI52
848.2160000000	n/a	n/a	STATUS	n/a	n/a	D255
848.5160000000	n/a	n/a	STATUS	n/a	n/a	DI12
848.5680000000	n/a	n/a	STATUS	n/a	n/a	D255
848.5720000000	n/a	n/a	STATUS	n/a	n/a	DIN4
848.6240000000	n/a	n/a	STATUS	n/a	n/a	D255
849.3760000000	n/a	n/a	STATUS	n/a	n/a	DIN5
849.4280000000	n/a	n/a	STATUS	n/a	n/a	D255
849.7880000000	n/a	n/a	STATUS	n/a	n/a	D136
849.8360000000	n/a	n/a	STATUS	n/a	n/a	D255
849.8720000000	n/a	n/a	STATUS	n/a	n/a	DI53
849.9240000000	n/a	n/a	STATUS	n/a	n/a	D255
850.2760000000	n/a	n/a	STATUS	n/a	n/a	DI43
850.3280000000	n/a	n/a	STATUS	n/a	n/a	D255
850.5880000000	n/a	n/a	STATUS	n/a	n/a	DIN5
850.6360000000	n/a	n/a	STATUS	n/a	n/a	D255
851.1360000000	n/a	n/a	STATUS	n/a	n/a	D121
851.1880000000	n/a	n/a	STATUS	n/a	n/a	D255
851.2240000000	n/a	n/a	STATUS	n/a	n/a	DI53
851.2760000000	n/a	n/a	STATUS	n/a	n/a	D255
851.5400000000	n/a	n/a	STATUS	n/a	n/a	DI43
851.5920000000	n/a	n/a	STATUS	n/a	n/a	D255
851.8480000000	n/a	n/a	STATUS	n/a	n/a	DIN5
851.9000000000	n/a	n/a	STATUS	n/a	n/a	D255
852.2880000000	n/a	n/a	STATUS	n/a	n/a	D225
852.3400000000	n/a	n/a	STATUS	n/a	n/a	D255
852.3760000000	n/a	n/a	STATUS	n/a	n/a	DI52
852.4280000000	n/a	n/a	STATUS	n/a	n/a	D255
852.7440000000	n/a	n/a	STATUS	n/a	n/a	DI42
852.7960000000	n/a	n/a	STATUS	n/a	n/a	D255
853.0520000000	n/a	n/a	STATUS	n/a	n/a	DIN5
853.1040000000	n/a	n/a	STATUS	n/a	n/a	D255
853.5280000000	n/a	n/a	STATUS	n/a	n/a	D216
853.5800000000	n/a	n/a	STATUS	n/a	n/a	D255
853.6160000000	n/a	n/a	STATUS	n/a	n/a	DI52
853.6680000000	n/a	n/a	STATUS	n/a	n/a	D255
854.1440000000	n/a	n/a	STATUS	n/a	n/a	DI42
854.1920000000	n/a	n/a	STATUS	n/a	n/a	D255
854.4520000000	n/a	n/a	STATUS	n/a	n/a	DIN5
854.5000000000	n/a	n/a	STATUS	n/a	n/a	D255
854.8960000000	n/a	n/a	STATUS	n/a	n/a	D161
854.9480000000	n/a	n/a	STATUS	n/a	n/a	D255
854.9840000000	n/a	n/a	STATUS	n/a	n/a	DI53
855.0360000000	n/a	n/a	STATUS	n/a	n/a	D255
855.3520000000	n/a	n/a	STATUS	n/a	n/a	DI43
855.4000000000	n/a	n/a	STATUS	n/a	n/a	D255
855.6600000000	n/a	n/a	STATUS	n/a	n/a	DIN5
855.7120000000	n/a	n/a	STATUS	n/a	n/a	D255
856.1920000000	n/a	n/a	STATUS	n/a	n/a	D143
856.2400000000	n/a	n/a	STATUS	n/a	n/a	D255
856.2800000000	n/a	n/a	STATUS	n/a	n/a	DI52
856.3280000000	n/a	n/a	STATUS	n/a	n/a	D255
856.7760000000	n/a	n/a	STATUS	n/a	n/a	DI42
856.8240000000	n/a	n/a	STATUS	n/a	n/a	D255
857.0840000000	n/a	n/a	STATUS	n/a	n/a	DIN5
857.1360000000	n/a	n/a	STATUS	n/a	n/a	D255
857.5400000000	n/a	n/a	STATUS	n/a	n/a	D145
857.5880000000	n/a	n/a	STATUS	n/a	n/a	D255
857.6240000000	n/a	n/a	STATUS	n/a	n/a	DI52
857.6760000000	n/a	n/a	STATUS	n/a	n/a	D255
857.9840000000	n/a	n/a	STATUS	n/a	n/a	DI42
858.0360000000	n/a	n/a	STATUS	n/a	n/a	D255
858.2920000000	n/a	n/a	STATUS	n/a	n/a	DIN5
858.3440000000	n/a	n/a	STATUS	n/a	n/a	D255
858.7160000000	n/a	n/a	STATUS	n/a	n/a	D230
858.7680000000	n/a	n/a	STATUS	n/a	n/a	D255
858.8080000000	n/a	n/a	STATUS	n/a	n/a	DI54
858.8560000000	n/a	n/a	STATUS	n/a	n/a	D255
859.3720000000	n/a	n/a	STATUS	n/a	n/a	DI34
859.4240000000	n/a	n/a	STATUS	n/a	n/a	D255
859.6840000000	n/a	n/a	STATUS	n/a	n/a	DIN5
859.7320000000	n/a	n/a	STATUS	n/a	n/a	D255
860.1240000000	n/a	n/a	STATUS	n/a	n/a	D238
860.1720000000	n/a	n/a	STATUS	n/a	n/a	D255
860.2120000000	n/a	n/a	STATUS	n/a	n/a	DI52
860.2600000000	n/a	n/a	STATUS	n/a	n/a	D255
860.7080000000	n/a	n/a	STATUS	n/a	n/a	DI42
860.7560000000	n/a	n/a	STATUS	n/a	n/a	D255
861.0160000000	n/a	n/a	STATUS	n/a	n/a	DIN5
861.0640000000	n/a	n/a	STATUS	n/a	n/a	D255
861.4720000000	n/a	n/a	STATUS	n/a	n/a	DI69
861.5200000000	n/a	n/a	STATUS	n/a	n/a	D255
861.5560000000	n/a	n/a	STATUS	n/a	n/a	DI52
861.6080000000	n/a	n/a	STATUS	n/a	n/a	D255
862.0720000000	n/a	n/a	STATUS	n/a	n/a	DI42
862.1240000000	n/a	n/a	STATUS	n/a	n/a	D255
862.3840000000	n/a	n/a	STATUS	n/a	n/a	DIN5
862.4320000000	n/a	n/a	STATUS	n/a	n/a	D255
862.7720000000	n/a	n/a	STATUS	n/a	n/a	DI71
862.8200000000	n/a	n/a	STATUS	n/a	n/a	D239
862.8240000000	n/a	n/a	STATUS	n/a	n/a	D255
862.8600000000	n/a	n/a	STATUS	n/a	n/a	DI54
862.9080000000	n/a	n/a	STATUS	n/a	n/a	D255
863.3720000000	n/a	n/a	STATUS	n/a	n/a	DI34
863.4240000000	n/a	n/a	STATUS	n/a	n/a	D255
863.6800000000	n/a	n/a	STATUS	n/a	n/a	DIN5
863.7320000000	n/a	n/a	STATUS	n/a	n/a	D255
864.1920000000	n/a	n/a	STATUS	n/a	n/a	D181
864.2400000000	n/a	n/a	STATUS	n/a	n/a	D255
864.2800000000	n/a	n/a	STATUS	n/a	n/a	DI54
864.3280000000	n/a	n/a	STATUS	n/a	n/a	D255
864.7880000000	n/a	n/a	STATUS	n/a	n/a	DI34
864.8400000000	n/a	n/a	STATUS	n/a	n/a	D255
865.0960000000	n/a	n/a	STATUS	n/a	n/a	DIN5
865.1480000000	n/a	n/a	STATUS	n/a	n/a	D255
865.6000000000	n/a	n/a	STATUS	n/a	n/a	DI91
865.6520000000	n/a	n/a	STATUS	n/a	n/a	D255
865.6880000000	n/a	n/a	STATUS	n/a	n/a	DI54
865.7400000000	n/a	n/a	STATUS	n/a	n/a	D255
866.0240000000	n/a	n/a	STATUS	n/a	n/a	DI34
866.0760000000	n/a	n/a	STATUS	n/a	n/a	D255
866.3320000000	n/a	n/a	STATUS	n/a	n/a	DIN5
866.3840000000	n/a	n/a	STATUS	n/a	n/a	D255
866.7400000000	n/a	n/a	STATUS	n/a	n/a	D126
866.7880000000	n/a	n/a	STATUS	n/a	n/a	D255
866.8280000000	n/a	n/a	STATUS	n/a	n/a	DI51
866.8760000000	n/a	n/a	STATUS	n/a	n/a	D255
867.2240000000	n/a	n/a	STATUS	n/a	n/a	DI31
867.2760000000	n/a	n/a	STATUS	n/a	n/a	D255
867.5360000000	n/a	n/a	STATUS	n/a	n/a	DIN5
867.5840000000	n/a	n/a	STATUS	n/a	n/a	D255
868.0240000000	n/a	n/a	STATUS	n/a	n/a	D179
868.0760000000	n/a	n/a	STATUS	n/a	n/a	D255
868.1120000000	n/a	n/a	STATUS	n/a	n/a	DI51
868.1600000000	n/a	n/a	STATUS	n/a	n/a	D255
868.4600000000	n/a	n/a	STATUS	n/a	n/a	DI21
868.5080000000	n/a	n/a	STATUS	n/a	n/a	D255
868.5160000000	n/a	n/a	STATUS	n/a	n/a	DIN4
868.5640000000	n/a	n/a	STATUS	n/a	n/a	D255
869.3200000000	n/a	n/a	STATUS	n/a	n/a	DIN5
869.3680000000	n/a	n/a	STATUS	n/a	n/a	D255
869.6960000000	n/a	n/a	STATUS	n/a	n/a	D228
869.7440000000	n/a	n/a	STATUS	n/a	n/a	D255
869.7800000000	n/a	n/a	STATUS	n/a	n/a	DI54
869.8320000000	n/a	n/a	STATUS	n/a	n/a	D255
870.1560000000	n/a	n/a	STATUS	n/a	n/a	DI34
870.2040000000	n/a	n/a	STATUS	n/a	n/a	D255
870.4640000000	n/a	n/a	STATUS	n/a	n/a	DIN5
870.5120000000	n/a	n/a	STATUS	n/a	n/a	D255
870.8320000000	n/a	n/a	STATUS	n/a	n/a	D236
870.8840000000	n/a	n/a	STATUS	n/a	n/a	D255
870.9200000000	n/a	n/a	STATUS	n/a	n/a	DI51
870.9720000000	n/a	n/a	STATUS	n/a	n/a	D255
871.3840000000	n/a	n/a	STATUS	n/a	n/a	DI31
871.4360000000	n/a	n/a	STATUS	n/a	n/a	D255
871.6960000000	n/a	n/a	STATUS	n/a	n/a	DIN5
871.7440000000	n/a	n/a	STATUS	n/a	n/a	D255
872.0880000000	n/a	n/a	STATUS	n/a	n/a	D215
872.1400000000	n/a	n/a	STATUS	n/a	n/a	D255
872.1760000000	n/a	n/a	STATUS	n/a	n/a	DI53
872.2280000000	n/a	n/a	STATUS	n/a	n/a	D255
872.6160000000	n/a	n/a	STATUS	n/a	n/a	DI43
872.6680000000	n/a	n/a	STATUS	n/a	n/a	D255
872.9280000000	n/a	n/a	STATUS	n/a	n/a	DIN5
872.9760000000	n/a	n/a	STATUS	n/a	n/a	D255
873.4160000000	n/a	n/a	STATUS	n/a	n/a	D189
873.4680000000	n/a	n/a	STATUS	n/a	n/a	D255
873.5040000000	n/a	n/a	STATUS	n/a	n/a	DI54
873.5560000000	n/a	n/a	STATUS	n/a	n/a	D255
874.0840000000	n/a	n/a	STATUS	n/a	n/a	DI34
874.1360000000	n/a	n/a	STATUS	n/a	n/a	D255
874.3920000000	n/a	n/a	STATUS	n/a	n/a	DIN5
874.4440000000	n/a	n/a	STATUS	n/a	n/a	D255
874.7480000000	n/a	n/a	STATUS	n/a	n/a	D118
874.8000000000	n/a	n/a	STATUS	n/a	n/a	D255
874.8360000000	n/a	n/a	STATUS	n/a	n/a	DI53
874.8880000000	n/a	n/a	STATUS	n/a	n/a	D255
875.2680000000	n/a	n/a	STATUS	n/a	n/a	DI43
875.3200000000	n/a	n/a	STATUS	n/a	n/a	D255
875.5800000000	n/a	n/a	STATUS	n/a	n/a	DIN5
875.6280000000	n/a	n/a	STATUS	n/a	n/a	D255
876.1120000000	n/a	n/a	STATUS	n/a	n/a	DI86
876.1640000000	n/a	n/a	STATUS	n/a	n/a	D255
876.2000000000	n/a	n/a	STATUS	n/a	n/a	DI51
876.2520000000	n/a	n/a	STATUS	n/a	n/a	D255
876.6200000000	n/a	n/a	STATUS	n/a	n/a	DI31
876.6680000000	n/a	n/a	STATUS	n/a	n/a	D255
876.9280000000	n/a	n/a	STATUS	n/a	n/a	DIN5
876.9760000000	n/a	n/a	STATUS	n/a	n/a	D255
877.3320000000	n/a	n/a	STATUS	n/a	n/a	D211
877.3840000000	n/a	n/a	STATUS	n/a	n/a	D255
877.4200000000	n/a	n/a	STATUS	n/a	n/a	DI52
877.4720000000	n/a	n/a	STATUS	n/a	n/a	D255
877.9000000000	n/a	n/a	STATUS	n/a	n/a	DI42
877.9480000000	n/a	n/a	STATUS	n/a	n/a	D255
878.2080000000	n/a	n/a	STATUS	n/a	n/a	DIN5
878.2600000000	n/a	n/a	STATUS	n/a	n/a	D255
878.7080000000	n/a	n/a	STATUS	n/a	n/a	D217
878.7600000000	n/a	n/a	STATUS	n/a	n/a	D255
878.7960000000	n/a	n/a	STATUS	n/a	n/a	DI53
878.8480000000	n/a	n/a	STATUS	n/a	n/a	D255
879.2640000000	n/a	n/a	STATUS	n/a	n/a	DI43
879.3160000000	n/a	n/a	STATUS	n/a	n/a	D255
879.5760000000	n/a	n/a	STATUS	n/a	n/a	DIN5
879.6240000000	n/a	n/a	STATUS	n/a	n/a	D255
880.1280000000	n/a	n/a	STATUS	n/a	n/a	D232
880.1800000000	n/a	n/a	STATUS	n/a	n/a	D255
880.2160000000	n/a	n/a	STATUS	n/a	n/a	DI53
880.2680000000	n/a	n/a	STATUS	n/a	n/a	D255
880.5760000000	n/a	n/a	STATUS	n/a	n/a	DI43
880.6280000000	n/a	n/a	STATUS	n/a	n/a	D255
880.8880000000	n/a	n/a	STATUS	n/a	n/a	DIN5
880.9400000000	n/a	n/a	STATUS	n/a	n/a	D255
881.4080000000	n/a	n/a	STATUS	n/a	n/a	D221
881.4560000000	n/a	n/a	STATUS	n/a	n/a	D255
881.4960000000	n/a	n/a	STATUS	n/a	n/a	DI52
881.5440000000	n/a	n/a	STATUS	n/a	n/a	D255
881.9080000000	n/a	n/a	STATUS	n/a	n/a	DI42
881.9600000000	n/a	n/a	STATUS	n/a	n/a	D255
882.2200000000	n/a	n/a	STATUS	n/a	n/a	DIN5
882.2680000000	n/a	n/a	STATUS	n/a	n/a	D255
882.6640000000	n/a	n/a	STATUS	n/a	n/a	D253
882.7160000000	n/a	n/a	STATUS	n/a	n/a	D255
882.7520000000	n/a	n/a	STATUS	n/a	n/a	DI54
882.8040000000	n/a	n/a	STATUS	n/a	n/a	D255
883.1440000000	n/a	n/a	STATUS	n/a	n/a	DI34
883.1960000000	n/a	n/a	STATUS	n/a	n/a	D255
883.4520000000	n/a	n/a	STATUS	n/a	n/a	DIN5
883.5040000000	n/a	n/a	STATUS	n/a	n/a	D255
883.9320000000	n/a	n/a	STATUS	n/a	n/a	D199
883.9840000000	n/a	n/a	STATUS	n/a	n/a	D255
884.0200000000	n/a	n/a	STATUS	n/a	n/a	DI53
884.0720000000	n/a	n/a	STATUS	n/a	n/a	D255
884.3600000000	n/a	n/a	STATUS	n/a	n/a	DI43
884.4080000000	n/a	n/a	STATUS	n/a	n/a	D255
884.6680000000	n/a	n/a	STATUS	n/a	n/a	DIN5
884.7200000000	n/a	n/a	STATUS	n/a	n/a	D255
885.2000000000	n/a	n/a	STATUS	n/a	n/a	D188
885.2480000000	n/a	n/a	STATUS	n/a	n/a	D255
885.2840000000	n/a	n/a	STATUS	n/a	n/a	DI53
885.3360000000	n/a	n/a	STATUS	n/a	n/a	D255
885.6520000000	n/a	n/a	STATUS	n/a	n/a	DI43
885.7000000000	n/a	n/a	STATUS	n/a	n/a	D255
885.9600000000	n/a	n/a	STATUS	n/a	n/a	DIN5
886.0120000000	n/a	n/a	STATUS	n/a	n/a	D255
886.5160000000	n/a	n/a	STATUS	n/a	n/a	DI90
886.5640000000	n/a	n/a	STATUS	n/a	n/a	D255
886.6040000000	n/a	n/a	STATUS	n/a	n/a	DI54
886.6520000000	n/a	n/a	STATUS	n/a	n/a	D255
886.9760000000	n/a	n/a	STATUS	n/a	n/a	DI34
887.0240000000	n/a	n/a	STATUS	n/a	n/a	D255
887.2840000000	n/a	n/a	STATUS	n/a	n/a	DIN5
887.3320000000	n/a	n/a	STATUS	n/a	n/a	D255
887.6920000000	n/a	n/a	STATUS	n/a	n/a	D142
887.7440000000	n/a	n/a	STATUS	n/a	n/a	D255
887.7800000000	n/a	n/a	STATUS	n/a	n/a	DI52
887.8320000000	n/a	n/a	STATUS	n/a	n/a	D255
888.1600000000	n/a	n/a	STATUS	n/a	n/a	DI42
888.2120000000	n/a	n/a	STATUS	n/a	n/a	D255
888.4680000000	n/a	n/a	STATUS	n/a	n/a	DIN5
888.5200000000	n/a	n/a	STATUS	n/a	n/a	D255
888.9880000000	n/a	n/a	STATUS	n/a	n/a	D252
889.0400000000	n/a	n/a	STATUS	n/a	n/a	D255
889.0760000000	n/a	n/a	STATUS	n/a	n/a	DI51
889.1280000000	n/a	n/a	STATUS	n/a	n/a	D255
889.5960000000	n/a	n/a	STATUS	n/a	n/a	DI31
889.6440000000	n/a	n/a	STATUS	n/a	n/a	D255
889.9040000000	n/a	n/a	STATUS	n/a	n/a	DIN5
889.9560000000	n/a	n/a	STATUS	n/a	n/a	D255
890.2840000000	n/a	n/a	STATUS	n/a	n/a	D137
890.3320000000	n/a	n/a	STATUS	n/a	n/a	D255
890.3720000000	n/a	n/a	STATUS	n/a	n/a	DI54
890.4200000000	n/a	n/a	STATUS	n/a	n/a	D255
890.7720000000	n/a	n/a	STATUS	n/a	n/a	DI34
890.8240000000	n/a	n/a	STATUS	n/a	n/a	D255
891.0840000000	n/a	n/a	STATUS	n/a	n/a	DIN5
891.1320000000	n/a	n/a	STATUS	n/a	n/a	D255
891.4920000000	n/a	n/a	STATUS	n/a	n/a	D141
891.5440000000	n/a	n/a	STATUS	n/a	n/a	D255
891.5800000000	n/a	n/a	STATUS	n/a	n/a	DI52
891.6320000000	n/a	n/a	STATUS	n/a	n/a	D255
892.0320000000	n/a	n/a	STATUS	n/a	n/a	DI42
892.0800000000	n/a	n/a	STATUS	n/a	n/a	D255
892.3400000000	n/a	n/a	STATUS	n/a	n/a	DIN5
892.3880000000	n/a	n/a	STATUS	n/a	n/a	D255
892.7840000000	n/a	n/a	STATUS	n/a	n/a	D116
892.8360000000	n/a	n/a	STATUS	n/a	n/a	D255
892.8720000000	n/a	n/a	STATUS	n/a	n/a	DI53
892.9240000000	n/a	n/a	STATUS	n/a	n/a	D255
893.3080000000	n/a	n/a	STATUS	n/a	n/a	DI43
893.3600000000	n/a	n/a	STATUS	n/a	n/a	D255
893.6200000000	n/a	n/a	STATUS	n/a	n/a	DIN5
893.6680000000	n/a	n/a	STATUS	n/a	n/a	D255
894.1640000000	n/a	n/a	STATUS	n/a	n/a	D159
894.2120000000	n/a	n/a	STATUS	n/a	n/a	D255
894.2520000000	n/a	n/a	STATUS	n/a	n/a	DI54
894.3000000000	n/a	n/a	STATUS	n/a	n/a	D255
894.5840000000	n/a	n/a	STATUS	n/a	n/a	DI34
894.6320000000	n/a	n/a	STATUS	n/a	n/a	D255
894.8920000000	n/a	n/a	STATUS	n/a	n/a	DIN5
894.9440000000	n/a	n/a	STATUS	n/a	n/a	D255
895.3920000000	n/a	n/a	STATUS	n/a	n/a	D123
895.4400000000	n/a	n/a	STATUS	n/a	n/a	D255
895.4800000000	n/a	n/a	STATUS	n/a	n/a	DI51
895.5280000000	n/a	n/a	STATUS	n/a	n/a	D243
895.5320000000	n/a	n/a	STATUS	n/a	n/a	D255
895.7560000000	n/a	n/a	STATUS	n/a	n/a	DI21
895.8040000000	n/a	n/a	STATUS	n/a	n/a	D255
895.8120000000	n/a	n/a	STATUS	n/a	n/a	DIN4
895.8600000000	n/a	n/a	STATUS	n/a	n/a	D255
896.6160000000	n/a	n/a	STATUS	n/a	n/a	DIN5
896.6640000000	n/a	n/a	STATUS	n/a	n/a	D255
897.0800000000	n/a	n/a	STATUS	n/a	n/a	D222
897.1320000000	n/a	n/a	STATUS	n/a	n/a	D255
897.1680000000	n/a	n/a	STATUS	n/a	n/a	DI54
897.2200000000	n/a	n/a	STATUS	n/a	n/a	D255
897.5760000000	n/a	n/a	STATUS	n/a	n/a	DI34
897.6240000000	n/a	n/a	STATUS	n/a	n/a	D255
897.8840000000	n/a	n/a	STATUS	n/a	n/a	DIN5
897.9360000000	n/a	n/a	STATUS	n/a	n/a	D255
898.2680000000	n/a	n/a	STATUS	n/a	n/a	D102
898.3200000000	n/a	n/a	STATUS	n/a	n/a	D255
898.3560000000	n/a	n/a	STATUS	n/a	n/a	DI53
898.4080000000	n/a	n/a	STATUS	n/a	n/a	D255
898.7960000000	n/a	n/a	STATUS	n/a	n/a	DI43
898.8480000000	n/a	n/a	STATUS	n/a	n/a	D255
899.1080000000	n/a	n/a	STATUS	n/a	n/a	DIN5
899.1560000000	n/a	n/a	STATUS	n/a	n/a	D255
899.6120000000	n/a	n/a	STATUS	n/a	n/a	D247
899.6640000000	n/a	n/a	STATUS	n/a	n/a	D255
899.7000000000	n/a	n/a	STATUS	n/a	n/a	DI51
899.7480000000	n/a	n/a	STATUS	n/a	n/a	D255
899.7480000000	n/a	n/a	STATUS	n/a	n/a	D243
900.2240000000	n/a	n/a	STATUS	n/a	n/a	DI31
900.2760000000	n/a	n/a	STATUS	n/a	n/a	D255
900.5320000000	n/a	n/a	STATUS	n/a	n/a	DIN5
900.5840000000	n/a	n/a	STATUS	n/a	n/a	D255
900.9840000000	n/a	n/a	STATUS	n/a	n/a	D190
901.0320000000	n/a	n/a	STATUS	n/a	n/a	D255
901.0720000000	n/a	n/a	STATUS	n/a	n/a	DI52
901.1200000000	n/a	n/a	STATUS	n/a	n/a	D255
901.5720000000	n/a	n/a	STATUS	n/a	n/a	DI42
901.6240000000	n/a	n/a	STATUS	n/a	n/a	D255
901.8840000000	n/a	n/a	STATUS	n/a	n/a	DIN5
901.9320000000	n/a	n/a	STATUS	n/a	n/a	D255
902.3360000000	n/a	n/a	STATUS	n/a	n/a	DI76
902.3880000000	n/a	n/a	STATUS	n/a	n/a	D255
902.4240000000	n/a	n/a	STATUS	n/a	n/a	DI52
902.4760000000	n/a	n/a	STATUS	n/a	n/a	D255
902.9400000000	n/a	n/a	STATUS	n/a	n/a	DI42
902.9880000000	n/a	n/a	STATUS	n/a	n/a	D255
914.6360000000	n/a	n/a	STATUS	n/a	n/a	DIN5
914.6840000000	n/a	n/a	STATUS	n/a	n/a	D255
915.1280000000	n/a	n/a	STATUS	n/a	n/a	D190
915.1800000000	n/a	n/a	STATUS	n/a	n/a	D255
915.2200000000	n/a	n/a	STATUS	n/a	n/a	DI52
915.2680000000	n/a	n/a	STATUS	n/a	n/a	D255
915.8000000000	n/a	n/a	STATUS	n/a	n/a	DI42
915.8520000000	n/a	n/a	STATUS	n/a	n/a	D255
916.1120000000	n/a	n/a	STATUS	n/a	n/a	DIN5
916.1600000000	n/a	n/a	STATUS	n/a	n/a	D255
916.4800000000	n/a	n/a	STATUS	n/a	n/a	DI84
916.5320000000	n/a	n/a	STATUS	n/a	n/a	D255
916.5680000000	n/a	n/a	STATUS	n/a	n/a	DI52
916.6160000000	n/a	n/a	STATUS	n/a	n/a	D255
916.9400000000	n/a	n/a	STATUS	n/a	n/a	DI42
916.9920000000	n/a	n/a	STATUS	n/a	n/a	D255
917.2520000000	n/a	n/a	STATUS	n/a	n/a	DIN5
917.3000000000	n/a	n/a	STATUS	n/a	n/a	D255
917.8040000000	n/a	n/a	STATUS	n/a	n/a	D167
917.8560000000	n/a	n/a	STATUS	n/a	n/a	D255
917.8920000000	n/a	n/a	STATUS	n/a	n/a	DI53
917.9440000000	n/a	n/a	STATUS	n/a	n/a	D255
918.1880000000	n/a	n/a	STATUS	n/a	n/a	DI43
918.2360000000	n/a	n/a	STATUS	n/a	n/a	D255
918.4960000000	n/a	n/a	STATUS	n/a	n/a	DIN5
918.5480000000	n/a	n/a	STATUS	n/a	n/a	D255
919.0080000000	n/a	n/a	STATUS	n/a	n/a	D196
919.0560000000	n/a	n/a	STATUS	n/a	n/a	D255
919.0960000000	n/a	n/a	STATUS	n/a	n/a	DI52
919.1440000000	n/a	n/a	STATUS	n/a	n/a	D255
919.4440000000	n/a	n/a	STATUS	n/a	n/a	DI42
919.4960000000	n/a	n/a	STATUS	n/a	n/a	D255
919.7560000000	n/a	n/a	STATUS	n/a	n/a	DIN5
919.8040000000	n/a	n/a	STATUS	n/a	n/a	D255
920.1360000000	n/a	n/a	STATUS	n/a	n/a	DI75
920.1840000000	n/a	n/a	STATUS	n/a	n/a	D255
920.2200000000	n/a	n/a	STATUS	n/a	n/a	DI52
920.2720000000	n/a	n/a	STATUS	n/a	n/a	D255
920.5600000000	n/a	n/a	STATUS	n/a	n/a	DI42
920.6120000000	n/a	n/a	STATUS	n/a	n/a	D255
920.8720000000	n/a	n/a	STATUS	n/a	n/a	DIN5
920.9200000000	n/a	n/a	STATUS	n/a	n/a	D255
921.4120000000	n/a	n/a	STATUS	n/a	n/a	D149
921.4600000000	n/a	n/a	STATUS	n/a	n/a	D255
921.4960000000	n/a	n/a	STATUS	n/a	n/a	DI51
921.5480000000	n/a	n/a	STATUS	n/a	n/a	D255
921.9440000000	n/a	n/a	STATUS	n/a	n/a	DI31
921.9920000000	n/a	n/a	STATUS	n/a	n/a	D255
922.2520000000	n/a	n/a	STATUS	n/a	n/a	DIN5
922.3040000000	n/a	n/a	STATUS	n/a	n/a	D255
922.7560000000	n/a	n/a	STATUS	n/a	n/a	D135
922.8080000000	n/a	n/a	STATUS	n/a	n/a	D255
922.8480000000	n/a	n/a	STATUS	n/a	n/a	DI54
922.8960000000	n/a	n/a	STATUS	n/a	n/a	D255
923.2000000000	n/a	n/a	STATUS	n/a	n/a	DI34
923.2480000000	n/a	n/a	STATUS	n/a	n/a	D255
923.5080000000	n/a	n/a	STATUS	n/a	n/a	DIN5
923.5560000000	n/a	n/a	STATUS	n/a	n/a	D255
924.0480000000	n/a	n/a	STATUS	n/a	n/a	D107
924.1000000000	n/a	n/a	STATUS	n/a	n/a	D255
924.1360000000	n/a	n/a	STATUS	n/a	n/a	DI52
924.1880000000	n/a	n/a	STATUS	n/a	n/a	D255
924.4760000000	n/a	n/a	STATUS	n/a	n/a	DI42
924.5240000000	n/a	n/a	STATUS	n/a	n/a	D255
924.7840000000	n/a	n/a	STATUS	n/a	n/a	DIN5
924.8360000000	n/a	n/a	STATUS	n/a	n/a	D255
925.1840000000	n/a	n/a	STATUS	n/a	n/a	DI98
925.2360000000	n/a	n/a	STATUS	n/a	n/a	D255
925.2720000000	n/a	n/a	STATUS	n/a	n/a	DI54
925.3200000000	n/a	n/a	STATUS	n/a	n/a	D255
925.7160000000	n/a	n/a	STATUS	n/a	n/a	DI34
925.7680000000	n/a	n/a	STATUS	n/a	n/a	D255
926.0240000000	n/a	n/a	STATUS	n/a	n/a	DIN5
926.0760000000	n/a	n/a	STATUS	n/a	n/a	D255
926.5320000000	n/a	n/a	STATUS	n/a	n/a	D243
926.5800000000	n/a	n/a	STATUS	n/a	n/a	D255
926.6160000000	n/a	n/a	STATUS	n/a	n/a	DI51
926.6680000000	n/a	n/a	STATUS	n/a	n/a	D255
927.1280000000	n/a	n/a	STATUS	n/a	n/a	DI31
927.1800000000	n/a	n/a	STATUS	n/a	n/a	D255
927.4400000000	n/a	n/a	STATUS	n/a	n/a	DIN5
927.4880000000	n/a	n/a	STATUS	n/a	n/a	D255
927.8040000000	n/a	n/a	STATUS	n/a	n/a	DI91
927.8520000000	n/a	n/a	STATUS	n/a	n/a	D255
927.8920000000	n/a	n/a	STATUS	n/a	n/a	DI54
927.9400000000	n/a	n/a	STATUS	n/a	n/a	D255
928.2640000000	n/a	n/a	STATUS	n/a	n/a	DI34
928.3160000000	n/a	n/a	STATUS	n/a	n/a	D255
928.5760000000	n/a	n/a	STATUS	n/a	n/a	DIN5
928.6240000000	n/a	n/a	STATUS	n/a	n/a	D255
928.9520000000	n/a	n/a	STATUS	n/a	n/a	D171
929.0040000000	n/a	n/a	STATUS	n/a	n/a	D255
929.0400000000	n/a	n/a	STATUS	n/a	n/a	DI54
929.0920000000	n/a	n/a	STATUS	n/a	n/a	D255
929.4040000000	n/a	n/a	STATUS	n/a	n/a	DI34
929.4560000000	n/a	n/a	STATUS	n/a	n/a	D255
929.7120000000	n/a	n/a	STATUS	n/a	n/a	DIN5
929.7640000000	n/a	n/a	STATUS	n/a	n/a	D255
930.0800000000	n/a	n/a	STATUS	n/a	n/a	D155
930.1280000000	n/a	n/a	STATUS	n/a	n/a	D255
930.1640000000	n/a	n/a	STATUS	n/a	n/a	DI54
930.2160000000	n/a	n/a	STATUS	n/a	n/a	D255
930.5520000000	n/a	n/a	STATUS	n/a	n/a	DI34
930.6040000000	n/a	n/a	STATUS	n/a	n/a	D255
930.8600000000	n/a	n/a	STATUS	n/a	n/a	DIN5
930.9120000000	n/a	n/a	STATUS	n/a	n/a	D255
931.3960000000	n/a	n/a	STATUS	n/a	n/a	DI86
931.4480000000	n/a	n/a	STATUS	n/a	n/a	D255
931.4840000000	n/a	n/a	STATUS	n/a	n/a	DI54
931.5360000000	n/a	n/a	STATUS	n/a	n/a	D255
931.8000000000	n/a	n/a	STATUS	n/a	n/a	DI34
931.8480000000	n/a	n/a	STATUS	n/a	n/a	D255
932.1080000000	n/a	n/a	STATUS	n/a	n/a	DIN5
932.1560000000	n/a	n/a	STATUS	n/a	n/a	D255
932.4960000000	n/a	n/a	STATUS	n/a	n/a	D204
932.5480000000	n/a	n/a	STATUS	n/a	n/a	D255
932.5840000000	n/a	n/a	STATUS	n/a	n/a	DI53
932.6360000000	n/a	n/a	STATUS	n/a	n/a	D255
933.0280000000	n/a	n/a	STATUS	n/a	n/a	DI13
933.0760000000	n/a	n/a	STATUS	n/a	n/a	D255
933.0800000000	n/a	n/a	STATUS	n/a	n/a	DIN4
933.1320000000	n/a	n/a	STATUS	n/a	n/a	D255
933.8880000000	n/a	n/a	STATUS	n/a	n/a	DIN5
933.9360000000	n/a	n/a	STATUS	n/a	n/a	D255
934.4320000000	n/a	n/a	STATUS	n/a	n/a	D108
934.4800000000	n/a	n/a	STATUS	n/a	n/a	D255
934.5200000000	n/a	n/a	STATUS	n/a	n/a	DI54
934.5680000000	n/a	n/a	STATUS	n/a	n/a	D255
934.8800000000	n/a	n/a	STATUS	n/a	n/a	DI34
934.9280000000	n/a	n/a	STATUS	n/a	n/a	D255
935.1880000000	n/a	n/a	STATUS	n/a	n/a	DIN5
935.2400000000	n/a	n/a	STATUS	n/a	n/a	D255
935.7120000000	n/a	n/a	STATUS	n/a	n/a	D121
935.7640000000	n/a	n/a	STATUS	n/a	n/a	D255
935.8000000000	n/a	n/a	STATUS	n/a	n/a	DI54
935.8520000000	n/a	n/a	STATUS	n/a	n/a	D255
936.1560000000	n/a	n/a	STATUS	n/a	n/a	DI34
936.2040000000	n/a	n/a	STATUS	n/a	n/a	D255
936.4640000000	n/a	n/a	STATUS	n/a	n/a	DIN5
936.5160000000	n/a	n/a	STATUS	n/a	n/a	D255
936.9560000000	n/a	n/a	STATUS	n/a	n/a	D157
937.0040000000	n/a	n/a	STATUS	n/a	n/a	D255
937.0440000000	n/a	n/a	STATUS	n/a	n/a	DI54
937.0920000000	n/a	n/a	STATUS	n/a	n/a	D255
937.3680000000	n/a	n/a	STATUS	n/a	n/a	DI34
937.4160000000	n/a	n/a	STATUS	n/a	n/a	D255
937.6760000000	n/a	n/a	STATUS	n/a	n/a	DIN5
937.7280000000	n/a	n/a	STATUS	n/a	n/a	D255
938.2160000000	n/a	n/a	STATUS	n/a	n/a	D150
938.2640000000	n/a	n/a	STATUS	n/a	n/a	D255
938.3040000000	n/a	n/a	STATUS	n/a	n/a	DI52
938.3520000000	n/a	n/a	STATUS	n/a	n/a	D255
938.5840000000	n/a	n/a	STATUS	n/a	n/a	DI12
938.6360000000	n/a	n/a	STATUS	n/a	n/a	D255
938.6400000000	n/a	n/a	STATUS	n/a	n/a	DIN4
938.6880000000	n/a	n/a	STATUS	n/a	n/a	D255
939.4440000000	n/a	n/a	STATUS	n/a	n/a	DIN5
939.4960000000	n/a	n/a	STATUS	n/a	n/a	D255
939.9200000000	n/a	n/a	STATUS	n/a	n/a	D203
939.9680000000	n/a	n/a	STATUS	n/a	n/a	D255
940.0080000000	n/a	n/a	STATUS	n/a	n/a	DI52
940.0560000000	n/a	n/a	STATUS	n/a	n/a	D255
940.5760000000	n/a	n/a	STATUS	n/a	n/a	DI42
940.6240000000	n/a	n/a	STATUS	n/a	n/a	D255
940.8840000000	n/a	n/a	STATUS	n/a	n/a	DIN5
940.9320000000	n/a	n/a	STATUS	n/a	n/a	D255
941.4040000000	n/a	n/a	STATUS	n/a	n/a	D222
941.4520000000	n/a	n/a	STATUS	n/a	n/a	D255
941.4920000000	n/a	n/a	STATUS	n/a	n/a	DI52
941.5400000000	n/a	n/a	STATUS	n/a	n/a	D255
941.8720000000	n/a	n/a	STATUS	n/a	n/a	DI42
941.9200000000	n/a	n/a	STATUS	n/a	n/a	D255
942.1800000000	n/a	n/a	STATUS	n/a	n/a	DIN5
942.2320000000	n/a	n/a	STATUS	n/a	n/a	D255
942.5840000000	n/a	n/a	STATUS	n/a	n/a	D215
942.6360000000	n/a	n/a	STATUS	n/a	n/a	D255
942.6720000000	n/a	n/a	STATUS	n/a	n/a	DI53
942.7240000000	n/a	n/a	STATUS	n/a	n/a	D255
943.0360000000	n/a	n/a	STATUS	n/a	n/a	DI43
943.0880000000	n/a	n/a	STATUS	n/a	n/a	D255
943.3440000000	n/a	n/a	STATUS	n/a	n/a	DIN5
943.3960000000	n/a	n/a	STATUS	n/a	n/a	D255
943.9000000000	n/a	n/a	STATUS	n/a	n/a	D130
943.9520000000	n/a	n/a	STATUS	n/a	n/a	D255
943.9880000000	n/a	n/a	STATUS	n/a	n/a	DI53
944.0400000000	n/a	n/a	STATUS	n/a	n/a	D255
944.3040000000	n/a	n/a	STATUS	n/a	n/a	DI43
944.3560000000	n/a	n/a	STATUS	n/a	n/a	D255
944.6160000000	n/a	n/a	STATUS	n/a	n/a	DIN5
944.6640000000	n/a	n/a	STATUS	n/a	n/a	D255
945.1160000000	n/a	n/a	STATUS	n/a	n/a	D173
945.1640000000	n/a	n/a	STATUS	n/a	n/a	D255
945.2040000000	n/a	n/a	STATUS	n/a	n/a	DI54
945.2520000000	n/a	n/a	STATUS	n/a	n/a	D255
945.6880000000	n/a	n/a	STATUS	n/a	n/a	DI34
945.7400000000	n/a	n/a	STATUS	n/a	n/a	D255
945.9960000000	n/a	n/a	STATUS	n/a	n/a	DIN5
946.0480000000	n/a	n/a	STATUS	n/a	n/a	D255
946.4880000000	n/a	n/a	STATUS	n/a	n/a	D147
946.5400000000	n/a	n/a	STATUS	n/a	n/a	D255
946.5760000000	n/a	n/a	STATUS	n/a	n/a	DI53
946.6240000000	n/a	n/a	STATUS	n/a	n/a	D255
947.1720000000	n/a	n/a	STATUS	n/a	n/a	DI43
947.2200000000	n/a	n/a	STATUS	n/a	n/a	D255
947.4800000000	n/a	n/a	STATUS	n/a	n/a	DIN5
947.5320000000	n/a	n/a	STATUS	n/a	n/a	D255
947.8400000000	n/a	n/a	STATUS	n/a	n/a	DI71
947.8920000000	n/a	n/a	STATUS	n/a	n/a	D255
947.9280000000	n/a	n/a	STATUS	n/a	n/a	DI54
947.9800000000	n/a	n/a	STATUS	n/a	n/a	D255
948.2840000000	n/a	n/a	STATUS	n/a	n/a	DI34
948.3360000000	n/a	n/a	STATUS	n/a	n/a	D255
948.5960000000	n/a	n/a	STATUS	n/a	n/a	DIN5
948.6440000000	n/a	n/a	STATUS	n/a	n/a	D255
949.0800000000	n/a	n/a	STATUS	n/a	n/a	D138
949.1280000000	n/a	n/a	STATUS	n/a	n/a	D255
949.1680000000	n/a	n/a	STATUS	n/a	n/a	DI53
949.2160000000	n/a	n/a	STATUS	n/a	n/a	D255
949.4840000000	n/a	n/a	STATUS	n/a	n/a	DI43
949.5360000000	n/a	n/a	STATUS	n/a	n/a	D255
949.7960000000	n/a	n/a	STATUS	n/a	n/a	DIN5
949.8440000000	n/a	n/a	STATUS	n/a	n/a	D255
950.1840000000	n/a	n/a	STATUS	n/a	n/a	D211
950.2360000000	n/a	n/a	STATUS	n/a	n/a	D255
950.2720000000	n/a	n/a	STATUS	n/a	n/a	DI53
950.3200000000	n/a	n/a	STATUS	n/a	n/a	D255
950.6760000000	n/a	n/a	STATUS	n/a	n/a	DI43
950.7240000000	n/a	n/a	STATUS	n/a	n/a	D255
950.9840000000	n/a	n/a	STATUS	n/a	n/a	DIN5
951.0360000000	n/a	n/a	STATUS	n/a	n/a	D255
951.4440000000	n/a	n/a	STATUS	n/a	n/a	D172
951.4960000000	n/a	n/a	STATUS	n/a	n/a	D255
951.5320000000	n/a	n/a	STATUS	n/a	n/a	DI52
951.5840000000	n/a	n/a	STATUS	n/a	n/a	D255
951.9200000000	n/a	n/a	STATUS	n/a	n/a	DI42
951.9720000000	n/a	n/a	STATUS	n/a	n/a	D255
952.2280000000	n/a	n/a	STATUS	n/a	n/a	DIN5
952.2800000000	n/a	n/a	STATUS	n/a	n/a	D255
952.7640000000	n/a	n/a	STATUS	n/a	n/a	DI80
952.8160000000	n/a	n/a	STATUS	n/a	n/a	D255
952.8520000000	n/a	n/a	STATUS	n/a	n/a	DI51
952.9040000000	n/a	n/a	STATUS	n/a	n/a	D255
953.9360000000	n/a	n/a	STATUS	n/a	n/a	DIN3
953.9840000000	n/a	n/a	STATUS	n/a	n/a	D255
954.7400000000	n/a	n/a	STATUS	n/a	n/a	DIN5
954.7920000000	n/a	n/a	STATUS	n/a	n/a	D255
955.1880000000	n/a	n/a	STATUS	n/a	n/a	D137
955.2400000000	n/a	n/a	STATUS	n/a	n/a	D255
955.2760000000	n/a	n/a	STATUS	n/a	n/a	DI52
955.3280000000	n/a	n/a	STATUS	n/a	n/a	D255
955.7080000000	n/a	n/a	STATUS	n/a	n/a	DI42
955.7560000000	n/a	n/a	STATUS	n/a	n/a	D255
956.0160000000	n/a	n/a	STATUS	n/a	n/a	DIN5
956.0640000000	n/a	n/a	STATUS	n/a	n/a	D255
956.5120000000	n/a	n/a	STATUS	n/a	n/a	DI68
956.5600000000	n/a	n/a	STATUS	n/a	n/a	D255
956.5960000000	n/a	n/a	STATUS	n/a	n/a	DI51
956.6480000000	n/a	n/a	STATUS	n/a	n/a	D255
957.0680000000	n/a	n/a	STATUS	n/a	n/a	DI31
957.1160000000	n/a	n/a	STATUS	n/a	n/a	D255
957.3760000000	n/a	n/a	STATUS	n/a	n/a	DIN5
957.4240000000	n/a	n/a	STATUS	n/a	n/a	D255
957.8080000000	n/a	n/a	STATUS	n/a	n/a	D122
957.8560000000	n/a	n/a	STATUS	n/a	n/a	D255
957.8920000000	n/a	n/a	STATUS	n/a	n/a	DI52
957.9440000000	n/a	n/a	STATUS	n/a	n/a	D255
958.3080000000	n/a	n/a	STATUS	n/a	n/a	DI42
958.3600000000	n/a	n/a	STATUS	n/a	n/a	D255
958.6200000000	n/a	n/a	STATUS	n/a	n/a	DIN5
958.6680000000	n/a	n/a	STATUS	n/a	n/a	D255
959.0680000000	n/a	n/a	STATUS	n/a	n/a	D199
959.1160000000	n/a	n/a	STATUS	n/a	n/a	D255
959.1560000000	n/a	n/a	STATUS	n/a	n/a	DI53
959.2080000000	n/a	n/a	STATUS	n/a	n/a	D255
959.5120000000	n/a	n/a	STATUS	n/a	n/a	DI43
959.5600000000	n/a	n/a	STATUS	n/a	n/a	D255
959.8200000000	n/a	n/a	STATUS	n/a	n/a	DIN5
959.8720000000	n/a	n/a	STATUS	n/a	n/a	D255
960.1920000000	n/a	n/a	STATUS	n/a	n/a	D117
960.2400000000	n/a	n/a	STATUS	n/a	n/a	D255
960.2760000000	n/a	n/a	STATUS	n/a	n/a	DI53
960.3280000000	n/a	n/a	STATUS	n/a	n/a	D255
960.6640000000	n/a	n/a	STATUS	n/a	n/a	DI43
960.7120000000	n/a	n/a	STATUS	n/a	n/a	D255
960.9720000000	n/a	n/a	STATUS	n/a	n/a	DIN5
961.0240000000	n/a	n/a	STATUS	n/a	n/a	D255
961.4800000000	n/a	n/a	STATUS	n/a	n/a	D118
961.5320000000	n/a	n/a	STATUS	n/a	n/a	D255
961.5680000000	n/a	n/a	STATUS	n/a	n/a	DI51
961.6200000000	n/a	n/a	STATUS	n/a	n/a	D255
961.9800000000	n/a	n/a	STATUS	n/a	n/a	DI31
962.0280000000	n/a	n/a	STATUS	n/a	n/a	D255
962.2880000000	n/a	n/a	STATUS	n/a	n/a	DIN5
962.3400000000	n/a	n/a	STATUS	n/a	n/a	D255
962.7080000000	n/a	n/a	STATUS	n/a	n/a	D244
962.7600000000	n/a	n/a	STATUS	n/a	n/a	D255
962.7960000000	n/a	n/a	STATUS	n/a	n/a	DI54
962.8440000000	n/a	n/a	STATUS	n/a	n/a	D255
963.3320000000	n/a	n/a	STATUS	n/a	n/a	DI34
963.3800000000	n/a	n/a	STATUS	n/a	n/a	D255
963.3800000000	n/a	n/a	STATUS	n/a	n/a	D227
963.6400000000	n/a	n/a	STATUS	n/a	n/a	DIN5
963.6920000000	n/a	n/a	STATUS	n/a	n/a	D255
964.0960000000	n/a	n/a	STATUS	n/a	n/a	DI85
964.1440000000	n/a	n/a	STATUS	n/a	n/a	D255
964.1800000000	n/a	n/a	STATUS	n/a	n/a	DI53
964.2320000000	n/a	n/a	STATUS	n/a	n/a	D255
964.5480000000	n/a	n/a	STATUS	n/a	n/a	DI43
964.6000000000	n/a	n/a	STATUS	n/a	n/a	D255
964.8600000000	n/a	n/a	STATUS	n/a	n/a	DIN5
964.9080000000	n/a	n/a	STATUS	n/a	n/a	D255
965.3480000000	n/a	n/a	STATUS	n/a	n/a	DI90
965.4000000000	n/a	n/a	STATUS	n/a	n/a	D255
965.4360000000	n/a	n/a	STATUS	n/a	n/a	DI51
965.4840000000	n/a	n/a	STATUS	n/a	n/a	D255
965.8640000000	n/a	n/a	STATUS	n/a	n/a	DI31
965.9160000000	n/a	n/a	STATUS	n/a	n/a	D255
966.1720000000	n/a	n/a	STATUS	n/a	n/a	DIN5
966.2240000000	n/a	n/a	STATUS	n/a	n/a	D255
966.6160000000	n/a	n/a	STATUS	n/a	n/a	D174
966.6680000000	n/a	n/a	STATUS	n/a	n/a	D255
966.7040000000	n/a	n/a	STATUS	n/a	n/a	DI52
966.7560000000	n/a	n/a	STATUS	n/a	n/a	D255
967.0720000000	n/a	n/a	STATUS	n/a	n/a	DI42
967.1240000000	n/a	n/a	STATUS	n/a	n/a	D255
967.3840000000	n/a	n/a	STATUS	n/a	n/a	DIN5
967.4320000000	n/a	n/a	STATUS	n/a	n/a	D255
967.7400000000	n/a	n/a	STATUS	n/a	n/a	D105
967.7880000000	n/a	n/a	STATUS	n/a	n/a	D255
967.8240000000	n/a	n/a	STATUS	n/a	n/a	DI53
967.8760000000	n/a	n/a	STATUS	n/a	n/a	D255
968.2480000000	n/a	n/a	STATUS	n/a	n/a	DI43
968.2960000000	n/a	n/a	STATUS	n/a	n/a	D255
968.5560000000	n/a	n/a	STATUS	n/a	n/a	DIN5
968.6080000000	n/a	n/a	STATUS	n/a	n/a	D255
969.0600000000	n/a	n/a	STATUS	n/a	n/a	D127
969.1120000000	n/a	n/a	STATUS	n/a	n/a	D255
969.1480000000	n/a	n/a	STATUS	n/a	n/a	DI52
969.2000000000	n/a	n/a	STATUS	n/a	n/a	D255
969.5920000000	n/a	n/a	STATUS	n/a	n/a	DI42
969.6400000000	n/a	n/a	STATUS	n/a	n/a	D255
969.9000000000	n/a	n/a	STATUS	n/a	n/a	DIN5
969.9520000000	n/a	n/a	STATUS	n/a	n/a	D255
970.3040000000	n/a	n/a	STATUS	n/a	n/a	D232
970.3560000000	n/a	n/a	STATUS	n/a	n/a	D255
970.3920000000	n/a	n/a	STATUS	n/a	n/a	DI54
970.4440000000	n/a	n/a	STATUS	n/a	n/a	D255
970.7960000000	n/a	n/a	STATUS	n/a	n/a	DI34
970.8480000000	n/a	n/a	STATUS	n/a	n/a	D255
971.1080000000	n/a	n/a	STATUS	n/a	n/a	DIN5
971.1560000000	n/a	n/a	STATUS	n/a	n/a	D255
971.5800000000	n/a	n/a	STATUS	n/a	n/a	D195
971.6320000000	n/a	n/a	STATUS	n/a	n/a	D255
971.6680000000	n/a	n/a	STATUS	n/a	n/a	DI51
971.7200000000	n/a	n/a	STATUS	n/a	n/a	D255
972.1080000000	n/a	n/a	STATUS	n/a	n/a	DI31
972.1560000000	n/a	n/a	STATUS	n/a	n/a	D255
972.4160000000	n/a	n/a	STATUS	n/a	n/a	DIN5
972.4680000000	n/a	n/a	STATUS	n/a	n/a	D255
972.7760000000	n/a	n/a	STATUS	n/a	n/a	D139
972.8280000000	n/a	n/a	STATUS	n/a	n/a	D255
972.8640000000	n/a	n/a	STATUS	n/a	n/a	DI51
972.9160000000	n/a	n/a	STATUS	n/a	n/a	D255
973.3120000000	n/a	n/a	STATUS	n/a	n/a	DI31
973.3600000000	n/a	n/a	STATUS	n/a	n/a	D255
973.6200000000	n/a	n/a	STATUS	n/a	n/a	DIN5
973.6720000000	n/a	n/a	STATUS	n/a	n/a	D255
974.1400000000	n/a	n/a	STATUS	n/a	n/a	D209
974.1880000000	n/a	n/a	STATUS	n/a	n/a	D255
974.2280000000	n/a	n/a	STATUS	n/a	n/a	DI51
974.2760000000	n/a	n/a	STATUS	n/a	n/a	D255
974.7440000000	n/a	n/a	STATUS	n/a	n/a	DI31
974.7920000000	n/a	n/a	STATUS	n/a	n/a	D255
975.0520000000	n/a	n/a	STATUS	n/a	n/a	DIN5
975.1000000000	n/a	n/a	STATUS	n/a	n/a	D255
975.4200000000	n/a	n/a	STATUS	n/a	n/a	D146
975.4720000000	n/a	n/a	STATUS	n/a	n/a	D255
975.5080000000	n/a	n/a	STATUS	n/a	n/a	DI51
975.5600000000	n/a	n/a	STATUS	n/a	n/a	D255
975.9240000000	n/a	n/a	STATUS	n/a	n/a	DI31
975.9760000000	n/a	n/a	STATUS	n/a	n/a	D255
976.2320000000	n/a	n/a	STATUS	n/a	n/a	DIN5
976.2840000000	n/a	n/a	STATUS	n/a	n/a	D255
976.7440000000	n/a	n/a	STATUS	n/a	n/a	DI66
976.7920000000	n/a	n/a	STATUS	n/a	n/a	D255
976.8320000000	n/a	n/a	STATUS	n/a	n/a	DI54
976.8800000000	n/a	n/a	STATUS	n/a	n/a	D255
977.1880000000	n/a	n/a	STATUS	n/a	n/a	DI34
977.2400000000	n/a	n/a	STATUS	n/a	n/a	D255
977.5000000000	n/a	n/a	STATUS	n/a	n/a	DIN5
977.5480000000	n/a	n/a	STATUS	n/a	n/a	D255
977.9080000000	n/a	n/a	STATUS	n/a	n/a	D162
977.9600000000	n/a	n/a	STATUS	n/a	n/a	D255
977.9960000000	n/a	n/a	STATUS	n/a	n/a	DI51
978.0440000000	n/a	n/a	STATUS	n/a	n/a	D255
978.4200000000	n/a	n/a	STATUS	n/a	n/a	DI31
978.4720000000	n/a	n/a	STATUS	n/a	n/a	D255
978.7280000000	n/a	n/a	STATUS	n/a	n/a	DIN5
978.7800000000	n/a	n/a	STATUS	n/a	n/a	D255
979.0960000000	n/a	n/a	STATUS	n/a	n/a	D229
979.1440000000	n/a	n/a	STATUS	n/a	n/a	D255
979.1840000000	n/a	n/a	STATUS	n/a	n/a	DI54
979.2320000000	n/a	n/a	STATUS	n/a	n/a	D255
979.5640000000	n/a	n/a	STATUS	n/a	n/a	DI34
979.6120000000	n/a	n/a	STATUS	n/a	n/a	D255
979.8720000000	n/a	n/a	STATUS	n/a	n/a	DIN5
979.9240000000	n/a	n/a	STATUS	n/a	n/a	D255
980.3480000000	n/a	n/a	STATUS	n/a	n/a	DI97
980.3960000000	n/a	n/a	STATUS	n/a	n/a	D255
980.4360000000	n/a	n/a	STATUS	n/a	n/a	DI51
980.4840000000	n/a	n/a	STATUS	n/a	n/a	D255
980.9560000000	n/a	n/a	STATUS	n/a	n/a	DI31
981.0080000000	n/a	n/a	STATUS	n/a	n/a	D255
981.2680000000	n/a	n/a	STATUS	n/a	n/a	DIN5
981.3160000000	n/a	n/a	STATUS	n/a	n/a	D255
981.7760000000	n/a	n/a	STATUS	n/a	n/a	D161
981.8280000000	n/a	n/a	STATUS	n/a	n/a	D255
981.8640000000	n/a	n/a	STATUS	n/a	n/a	DI52
981.9120000000	n/a	n/a	STATUS	n/a	n/a	D255
982.2800000000	n/a	n/a	STATUS	n/a	n/a	DI42
982.3320000000	n/a	n/a	STATUS	n/a	n/a	D255
982.5920000000	n/a	n/a	STATUS	n/a	n/a	DIN5
982.6400000000	n/a	n/a	STATUS	n/a	n/a	D255
983.0080000000	n/a	n/a	STATUS	n/a	n/a	D182
983.0600000000	n/a	n/a	STATUS	n/a	n/a	D255
983.0960000000	n/a	n/a	STATUS	n/a	n/a	DI53
983.1480000000	n/a	n/a	STATUS	n/a	n/a	D255
983.4520000000	n/a	n/a	STATUS	n/a	n/a	DI43
983.5040000000	n/a	n/a	STATUS	n/a	n/a	D255
983.7640000000	n/a	n/a	STATUS	n/a	n/a	DIN5
983.8120000000	n/a	n/a	STATUS	n/a	n/a	D255
984.1240000000	n/a	n/a	STATUS	n/a	n/a	DI88
984.1720000000	n/a	n/a	STATUS	n/a	n/a	D255
984.2120000000	n/a	n/a	STATUS	n/a	n/a	DI51
984.2600000000	n/a	n/a	STATUS	n/a	n/a	D255
984.6160000000	n/a	n/a	STATUS	n/a	n/a	DI31
984.6640000000	n/a	n/a	STATUS	n/a	n/a	D255
984.9240000000	n/a	n/a	STATUS	n/a	n/a	DIN5
984.9720000000	n/a	n/a	STATUS	n/a	n/a	D255
985.2920000000	n/a	n/a	STATUS	n/a	n/a	D250
985.3440000000	n/a	n/a	STATUS	n/a	n/a	D255
985.3800000000	n/a	n/a	STATUS	n/a	n/a	DI53
985.4320000000	n/a	n/a	STATUS	n/a	n/a	D255
985.7880000000	n/a	n/a	STATUS	n/a	n/a	DI43
985.8400000000	n/a	n/a	STATUS	n/a	n/a	D255
986.1000000000	n/a	n/a	STATUS	n/a	n/a	DIN5
986.1480000000	n/a	n/a	STATUS	n/a	n/a	D255
986.4920000000	n/a	n/a	STATUS	n/a	n/a	D213
986.5440000000	n/a	n/a	STATUS	n/a	n/a	D255
986.5800000000	n/a	n/a	STATUS	n/a	n/a	DI53
986.6320000000	n/a	n/a	STATUS	n/a	n/a	D255
986.9200000000	n/a	n/a	STATUS	n/a	n/a	DI43
986.9680000000	n/a	n/a	STATUS	n/a	n/a	D255
987.2280000000	n/a	n/a	STATUS	n/a	n/a	DIN5
987.2800000000	n/a	n/a	STATUS	n/a	n/a	D255
987.6440000000	n/a	n/a	STATUS	n/a	n/a	D184
987.6920000000	n/a	n/a	STATUS	n/a	n/a	D255
987.7320000000	n/a	n/a	STATUS	n/a	n/a	DI53
987.7800000000	n/a	n/a	STATUS	n/a	n/a	D255
988.0080000000	n/a	n/a	STATUS	n/a	n/a	DI43
988.0600000000	n/a	n/a	STATUS	n/a	n/a	D255
988.3160000000	n/a	n/a	STATUS	n/a	n/a	DIN5
988.3680000000	n/a	n/a	STATUS	n/a	n/a	D255
988.7160000000	n/a	n/a	STATUS	n/a	n/a	D235
988.7680000000	n/a	n/a	STATUS	n/a	n/a	D255
988.8040000000	n/a	n/a	STATUS	n/a	n/a	DI53
988.8560000000	n/a	n/a	STATUS	n/a	n/a	D255
989.0960000000	n/a	n/a	STATUS	n/a	n/a	DI43
989.1480000000	n/a	n/a	STATUS	n/a	n/a	D255
989.4080000000	n/a	n/a	STATUS	n/a	n/a	DIN5
989.4560000000	n/a	n/a	STATUS	n/a	n/a	D255
989.8080000000	n/a	n/a	STATUS	n/a	n/a	D113
989.8560000000	n/a	n/a	STATUS	n/a	n/a	D255
989.8960000000	n/a	n/a	STATUS	n/a	n/a	DI54
989.9440000000	n/a	n/a	STATUS	n/a	n/a	D255
990.2760000000	n/a	n/a	STATUS	n/a	n/a	DI24
990.3240000000	n/a	n/a	STATUS	n/a	n/a	D255
990.3280000000	n/a	n/a	STATUS	n/a	n/a	DIN4
990.3800000000	n/a	n/a	STATUS	n/a	n/a	D255
991.1320000000	n/a	n/a	STATUS	n/a	n/a	DIN5
991.1840000000	n/a	n/a	STATUS	n/a	n/a	D255
991.6080000000	n/a	n/a	STATUS	n/a	n/a	D140
991.6600000000	n/a	n/a	STATUS	n/a	n/a	D255
991.6960000000	n/a	n/a	STATUS	n/a	n/a	DI51
991.7440000000	n/a	n/a	STATUS	n/a	n/a	D255
992.7680000000	n/a	n/a	STATUS	n/a	n/a	DIN3
992.8200000000	n/a	n/a	STATUS	n/a	n/a	D255
993.5720000000	n/a	n/a	STATUS	n/a	n/a	DIN5
993.6240000000	n/a	n/a	STATUS	n/a	n/a	D255
993.9400000000	n/a	n/a	STATUS	n/a	n/a	D206
993.9880000000	n/a	n/a	STATUS	n/a	n/a	D255
994.0280000000	n/a	n/a	STATUS	n/a	n/a	DI51
994.0760000000	n/a	n/a	STATUS	n/a	n/a	D255
994.4360000000	n/a	n/a	STATUS	n/a	n/a	DI31
994.4880000000	n/a	n/a	STATUS	n/a	n/a	D255
994.7440000000	n/a	n/a	STATUS	n/a	n/a	DIN5
994.7960000000	n/a	n/a	STATUS	n/a	n/a	D255
995.2400000000	n/a	n/a	STATUS	n/a	n/a	D236
995.2920000000	n/a	n/a	STATUS	n/a	n/a	D255
995.3280000000	n/a	n/a	STATUS	n/a	n/a	DI52
995.3760000000	n/a	n/a	STATUS	n/a	n/a	D255
995.7440000000	n/a	n/a	STATUS	n/a	n/a	DI42
995.7920000000	n/a	n/a	STATUS	n/a	n/a	D255
996.0520000000	n/a	n/a	STATUS	n/a	n/a	DIN5
996.1040000000	n/a	n/a	STATUS	n/a	n/a	D255
996.4600000000	n/a	n/a	STATUS	n/a	n/a	D129
996.5120000000	n/a	n/a	STATUS	n/a	n/a	D255
996.5520000000	n/a	n/a	STATUS	n/a	n/a	DI51
996.6000000000	n/a	n/a	STATUS	n/a	n/a	D255
996.9720000000	n/a	n/a	STATUS	n/a	n/a	DI31
997.0240000000	n/a	n/a	STATUS	n/a	n/a	D255
997.2840000000	n/a	n/a	STATUS	n/a	n/a	DIN5
997.3320000000	n/a	n/a	STATUS	n/a	n/a	D255
997.6680000000	n/a	n/a	STATUS	n/a	n/a	D223
997.7160000000	n/a	n/a	STATUS	n/a	n/a	D255
997.7560000000	n/a	n/a	STATUS	n/a	n/a	DI54
997.8040000000	n/a	n/a	STATUS	n/a	n/a	D255
998.0720000000	n/a	n/a	STATUS	n/a	n/a	DI34
998.1200000000	n/a	n/a	STATUS	n/a	n/a	D255
998.3800000000	n/a	n/a	STATUS	n/a	n/a	DIN5
998.4320000000	n/a	n/a	STATUS	n/a	n/a	D255
998.8160000000	n/a	n/a	STATUS	n/a	n/a	D124
998.8640000000	n/a	n/a	STATUS	n/a	n/a	D255
998.9040000000	n/a	n/a	STATUS	n/a	n/a	DI51
998.9520000000	n/a	n/a	STATUS	n/a	n/a	D255
999.3120000000	n/a	n/a	STATUS	n/a	n/a	DI31
999.3640000000	n/a	n/a	STATUS	n/a	n/a	D255
999.6240000000	n/a	n/a	STATUS	n/a	n/a	DIN5
999.6720000000	n/a	n/a	STATUS	n/a	n/a	D255
1000.1080000000	n/a	n/a	STATUS	n/a	n/a	D109
1000.1560000000	n/a	n/a	STATUS	n/a	n/a	D255
1000.1920000000	n/a	n/a	STATUS	n/a	n/a	DI52
1000.2440000000	n/a	n/a	STATUS	n/a	n/a	D255
1000.5840000000	n/a	n/a	STATUS	n/a	n/a	DI42
1000.6360000000	n/a	n/a	STATUS	n/a	n/a	D255
1000.8920000000	n/a	n/a	STATUS	n/a	n/a	DIN5
1000.9440000000	n/a	n/a	STATUS	n/a	n/a	D255
1001.3320000000	n/a	n/a	STATUS	n/a	n/a	DI67
1001.3840000000	n/a	n/a	STATUS	n/a	n/a	D255
1001.4200000000	n/a	n/a	STATUS	n/a	n/a	DI54
1001.4720000000	n/a	n/a	STATUS	n/a	n/a	D255
1001.7760000000	n/a	n/a	STATUS	n/a	n/a	DI34
1001.8280000000	n/a	n/a	STATUS	n/a	n/a	D255
1002.0880000000	n/a	n/a	STATUS	n/a	n/a	DIN5
1002.1360000000	n/a	n/a	STATUS	n/a	n/a	D255
1002.5920000000	n/a	n/a	STATUS	n/a	n/a	DI72
1002.6400000000	n/a	n/a	STATUS	n/a	n/a	D255
1002.6800000000	n/a	n/a	STATUS	n/a	n/a	DI51
1002.7320000000	n/a	n/a	STATUS	n/a	n/a	D255
1003.0320000000	n/a	n/a	STATUS	n/a	n/a	DI21
1003.0800000000	n/a	n/a	STATUS	n/a	n/a	D255
1003.0840000000	n/a	n/a	STATUS	n/a	n/a	DIN4
1003.1360000000	n/a	n/a	STATUS	n/a	n/a	D255
1003.8880000000	n/a	n/a	STATUS	n/a	n/a	DIN5
1003.9400000000	n/a	n/a	STATUS	n/a	n/a	D255
1004.3640000000	n/a	n/a	STATUS	n/a	n/a	D197
1004.4160000000	n/a	n/a	STATUS	n/a	n/a	D255
1004.4520000000	n/a	n/a	STATUS	n/a	n/a	DI51
1004.5040000000	n/a	n/a	STATUS	n/a	n/a	D255
1004.8440000000	n/a	n/a	STATUS	n/a	n/a	DI31
1004.8960000000	n/a	n/a	STATUS	n/a	n/a	D255
1005.1560000000	n/a	n/a	STATUS	n/a	n/a	DIN5
1005.2040000000	n/a	n/a	STATUS	n/a	n/a	D255
1005.6760000000	n/a	n/a	STATUS	n/a	n/a	DI76
1005.7240000000	n/a	n/a	STATUS	n/a	n/a	D255
1005.7640000000	n/a	n/a	STATUS	n/a	n/a	DI53
1005.8120000000	n/a	n/a	STATUS	n/a	n/a	D255
1006.1640000000	n/a	n/a	STATUS	n/a	n/a	DI43
1006.2120000000	n/a	n/a	STATUS	n/a	n/a	D255
1006.4720000000	n/a	n/a	STATUS	n/a	n/a	DIN5
1006.5240000000	n/a	n/a	STATUS	n/a	n/a	D255
1006.9160000000	n/a	n/a	STATUS	n/a	n/a	DI77
1006.9680000000	n/a	n/a	STATUS	n/a	n/a	D255
1007.0040000000	n/a	n/a	STATUS	n/a	n/a	DI53
1007.0560000000	n/a	n/a	STATUS	n/a	n/a	D255
1007.4080000000	n/a	n/a	STATUS	n/a	n/a	DI43
1007.4600000000	n/a	n/a	STATUS	n/a	n/a	D255
1007.7200000000	n/a	n/a	STATUS	n/a	n/a	DIN5
1007.7680000000	n/a	n/a	STATUS	n/a	n/a	D255
1008.2000000000	n/a	n/a	STATUS	n/a	n/a	D181
1008.2480000000	n/a	n/a	STATUS	n/a	n/a	D255
1008.2880000000	n/a	n/a	STATUS	n/a	n/a	DI53
1008.3360000000	n/a	n/a	STATUS	n/a	n/a	D255
1008.6160000000	n/a	n/a	STATUS	n/a	n/a	DI43
1008.6680000000	n/a	n/a	STATUS	n/a	n/a	D255
1008.9280000000	n/a	n/a	STATUS	n/a	n/a	DIN5
1008.9760000000	n/a	n/a	STATUS	n/a	n/a	D255
1009.4480000000	n/a	n/a	STATUS	n/a	n/a	DI92
1009.4960000000	n/a	n/a	STATUS	n/a	n/a	D255
1009.5360000000	n/a	n/a	STATUS	n/a	n/a	DI51
1009.5840000000	n/a	n/a	STATUS	n/a	n/a	D255
1009.8160000000	n/a	n/a	STATUS	n/a	n/a	DI21
1009.8680000000	n/a	n/a	STATUS	n/a	n/a	D255
1009.8720000000	n/a	n/a	STATUS	n/a	n/a	DIN4
1009.9240000000	n/a	n/a	STATUS	n/a	n/a	D255
1010.6760000000	n/a	n/a	STATUS	n/a	n/a	DIN5
1010.7280000000	n/a	n/a	STATUS	n/a	n/a	D255
1011.1440000000	n/a	n/a	STATUS	n/a	n/a	DI82
1011.1920000000	n/a	n/a	STATUS	n/a	n/a	D255
1011.2280000000	n/a	n/a	STATUS	n/a	n/a	DI54
1011.2800000000	n/a	n/a	STATUS	n/a	n/a	D255
1011.5720000000	n/a	n/a	STATUS	n/a	n/a	DI34
1011.6240000000	n/a	n/a	STATUS	n/a	n/a	D255
1011.8840000000	n/a	n/a	STATUS	n/a	n/a	DIN5
1011.9320000000	n/a	n/a	STATUS	n/a	n/a	D255
1012.4120000000	n/a	n/a	STATUS	n/a	n/a	D230
1012.4640000000	n/a	n/a	STATUS	n/a	n/a	D255
1012.5000000000	n/a	n/a	STATUS	n/a	n/a	DI52
1012.5520000000	n/a	n/a	STATUS	n/a	n/a	D255
1012.9160000000	n/a	n/a	STATUS	n/a	n/a	DI42
1012.9680000000	n/a	n/a	STATUS	n/a	n/a	D255
1013.2280000000	n/a	n/a	STATUS	n/a	n/a	DIN5
1013.2760000000	n/a	n/a	STATUS	n/a	n/a	D255
1013.6440000000	n/a	n/a	STATUS	n/a	n/a	D192
1013.6920000000	n/a	n/a	STATUS	n/a	n/a	D255
1013.7320000000	n/a	n/a	STATUS	n/a	n/a	DI54
1013.7800000000	n/a	n/a	STATUS	n/a	n/a	D255
1014.0360000000	n/a	n/a	STATUS	n/a	n/a	DI34
1014.0840000000	n/a	n/a	STATUS	n/a	n/a	D255
1014.3440000000	n/a	n/a	STATUS	n/a	n/a	DIN5
1014.3960000000	n/a	n/a	STATUS	n/a	n/a	D255
1014.8880000000	n/a	n/a	STATUS	n/a	n/a	D198
1014.9400000000	n/a	n/a	STATUS	n/a	n/a	D255
1014.9760000000	n/a	n/a	STATUS	n/a	n/a	DI54
1015.0280000000	n/a	n/a	STATUS	n/a	n/a	D255
1015.3080000000	n/a	n/a	STATUS	n/a	n/a	DI34
1015.3600000000	n/a	n/a	STATUS	n/a	n/a	D255
1015.6160000000	n/a	n/a	STATUS	n/a	n/a	DIN5
1015.6680000000	n/a	n/a	STATUS	n/a	n/a	D255
1016.1440000000	n/a	n/a	STATUS	n/a	n/a	D116
1016.1920000000	n/a	n/a	STATUS	n/a	n/a	D255
1016.2280000000	n/a	n/a	STATUS	n/a	n/a	DI52
1016.2800000000	n/a	n/a	STATUS	n/a	n/a	D255
1016.5640000000	n/a	n/a	STATUS	n/a	n/a	DI12
1016.6120000000	n/a	n/a	STATUS	n/a	n/a	D255
1016.6160000000	n/a	n/a	STATUS	n/a	n/a	DIN4
1016.6680000000	n/a	n/a	STATUS	n/a	n/a	D255
1017.4240000000	n/a	n/a	STATUS	n/a	n/a	DIN5
1017.4720000000	n/a	n/a	STATUS	n/a	n/a	D255
1017.7800000000	n/a	n/a	STATUS	n/a	n/a	D159
1017.8320000000	n/a	n/a	STATUS	n/a	n/a	D255
1017.8320000000	n/a	n/a	STATUS	n/a	n/a	D223
1017.8680000000	n/a	n/a	STATUS	n/a	n/a	DI54
1017.9200000000	n/a	n/a	STATUS	n/a	n/a	D255
1018.2040000000	n/a	n/a	STATUS	n/a	n/a	DI34
1018.2520000000	n/a	n/a	STATUS	n/a	n/a	D255
1018.5120000000	n/a	n/a	STATUS	n/a	n/a	DIN5
1018.5640000000	n/a	n/a	STATUS	n/a	n/a	D255
1018.9080000000	n/a	n/a	STATUS	n/a	n/a	D221
1018.9600000000	n/a	n/a	STATUS	n/a	n/a	D255
1018.9960000000	n/a	n/a	STATUS	n/a	n/a	DI53
1019.0480000000	n/a	n/a	STATUS	n/a	n/a	D255
1019.3160000000	n/a	n/a	STATUS	n/a	n/a	DI43
1019.3680000000	n/a	n/a	STATUS	n/a	n/a	D255
1019.6280000000	n/a	n/a	STATUS	n/a	n/a	DIN5
1019.6760000000	n/a	n/a	STATUS	n/a	n/a	D255
1020.1000000000	n/a	n/a	STATUS	n/a	n/a	D212
1020.1520000000	n/a	n/a	STATUS	n/a	n/a	D255
1020.1880000000	n/a	n/a	STATUS	n/a	n/a	DI51
1020.2400000000	n/a	n/a	STATUS	n/a	n/a	D255
1020.6040000000	n/a	n/a	STATUS	n/a	n/a	DI31
1020.6560000000	n/a	n/a	STATUS	n/a	n/a	D255
1020.9120000000	n/a	n/a	STATUS	n/a	n/a	DIN5
1020.9640000000	n/a	n/a	STATUS	n/a	n/a	D255
1021.4000000000	n/a	n/a	STATUS	n/a	n/a	D106
1021.4480000000	n/a	n/a	STATUS	n/a	n/a	D255
1021.4840000000	n/a	n/a	STATUS	n/a	n/a	DI51
1021.5360000000	n/a	n/a	STATUS	n/a	n/a	D255
1021.8560000000	n/a	n/a	STATUS	n/a	n/a	DI31
1021.9040000000	n/a	n/a	STATUS	n/a	n/a	D255
1022.1640000000	n/a	n/a	STATUS	n/a	n/a	DIN5
1022.2120000000	n/a	n/a	STATUS	n/a	n/a	D255
1022.5400000000	n/a	n/a	STATUS	n/a	n/a	D100
1022.5880000000	n/a	n/a	STATUS	n/a	n/a	D255
1022.6280000000	n/a	n/a	STATUS	n/a	n/a	DI52
1022.6760000000	n/a	n/a	STATUS	n/a	n/a	D255
1022.9920000000	n/a	n/a	STATUS	n/a	n/a	DI42
1023.0400000000	n/a	n/a	STATUS	n/a	n/a	D255
1023.3000000000	n/a	n/a	STATUS	n/a	n/a	DIN5
1023.3520000000	n/a	n/a	STATUS	n/a	n/a	D255
1023.7480000000	n/a	n/a	STATUS	n/a	n/a	D200
1023.8000000000	n/a	n/a	STATUS	n/a	n/a	D255
1023.8400000000	n/a	n/a	STATUS	n/a	n/a	DI53
1023.8880000000	n/a	n/a	STATUS	n/a	n/a	D255
1024.2360000000	n/a	n/a	STATUS	n/a	n/a	DI43
1024.2880000000	n/a	n/a	STATUS	n/a	n/a	D255
1024.5440000000	n/a	n/a	STATUS	n/a	n/a	DIN5
1024.5960000000	n/a	n/a	STATUS	n/a	n/a	D255
1024.9960000000	n/a	n/a	STATUS	n/a	n/a	D123
1025.0440000000	n/a	n/a	STATUS	n/a	n/a	D255
1025.0840000000	n/a	n/a	STATUS	n/a	n/a	DI52
1025.1320000000	n/a	n/a	STATUS	n/a	n/a	D255
1025.5120000000	n/a	n/a	STATUS	n/a	n/a	DI42
1025.5640000000	n/a	n/a	STATUS	n/a	n/a	D255
1025.8240000000	n/a	n/a	STATUS	n/a	n/a	DIN5
1025.8720000000	n/a	n/a	STATUS	n/a	n/a	D255
1026.2400000000	n/a	n/a	STATUS	n/a	n/a	D142
1026.2880000000	n/a	n/a	STATUS	n/a	n/a	D255
1026.3240000000	n/a	n/a	STATUS	n/a	n/a	DI52
1026.3760000000	n/a	n/a	STATUS	n/a	n/a	D255
1026.6880000000	n/a	n/a	STATUS	n/a	n/a	DI42
1026.7360000000	n/a	n/a	STATUS	n/a	n/a	D255
1026.9960000000	n/a	n/a	STATUS	n/a	n/a	DIN5
1027.0440000000	n/a	n/a	STATUS	n/a	n/a	D255
1027.4400000000	n/a	n/a	STATUS	n/a	n/a	D160
1027.4920000000	n/a	n/a	STATUS	n/a	n/a	D255
1027.5280000000	n/a	n/a	STATUS	n/a	n/a	DI54
1027.5800000000	n/a	n/a	STATUS	n/a	n/a	D255
1027.9560000000	n/a	n/a	STATUS	n/a	n/a	DI34
1028.0080000000	n/a	n/a	STATUS	n/a	n/a	D255
1028.2680000000	n/a	n/a	STATUS	n/a	n/a	DIN5
1028.3160000000	n/a	n/a	STATUS	n/a	n/a	D255
1028.6480000000	n/a	n/a	STATUS	n/a	n/a	D111
1028.6960000000	n/a	n/a	STATUS	n/a	n/a	D255
1028.7360000000	n/a	n/a	STATUS	n/a	n/a	DI52
1028.7840000000	n/a	n/a	STATUS	n/a	n/a	D255
1029.1320000000	n/a	n/a	STATUS	n/a	n/a	DI42
1029.1840000000	n/a	n/a	STATUS	n/a	n/a	D255
1029.4400000000	n/a	n/a	STATUS	n/a	n/a	DIN5
1029.4920000000	n/a	n/a	STATUS	n/a	n/a	D255
1029.9600000000	n/a	n/a	STATUS	n/a	n/a	D226
1030.0120000000	n/a	n/a	STATUS	n/a	n/a	D255
1030.0480000000	n/a	n/a	STATUS	n/a	n/a	DI51
1030.1000000000	n/a	n/a	STATUS	n/a	n/a	D255
1030.4720000000	n/a	n/a	STATUS	n/a	n/a	DI31
1030.5240000000	n/a	n/a	STATUS	n/a	n/a	D255
1030.7800000000	n/a	n/a	STATUS	n/a	n/a	DIN5
1030.8320000000	n/a	n/a	STATUS	n/a	n/a	D255
1031.1960000000	n/a	n/a	STATUS	n/a	n/a	D141
1031.2480000000	n/a	n/a	STATUS	n/a	n/a	D255
1031.2840000000	n/a	n/a	STATUS	n/a	n/a	DI53
1031.3320000000	n/a	n/a	STATUS	n/a	n/a	D255
1031.5520000000	n/a	n/a	STATUS	n/a	n/a	DI43
1031.6040000000	n/a	n/a	STATUS	n/a	n/a	D255
1031.8640000000	n/a	n/a	STATUS	n/a	n/a	DIN5
1031.9120000000	n/a	n/a	STATUS	n/a	n/a	D255
1032.3840000000	n/a	n/a	STATUS	n/a	n/a	DI89
1032.4320000000	n/a	n/a	STATUS	n/a	n/a	D255
1032.4720000000	n/a	n/a	STATUS	n/a	n/a	DI52
1032.5200000000	n/a	n/a	STATUS	n/a	n/a	D255
1032.7600000000	n/a	n/a	STATUS	n/a	n/a	DI12
1032.8120000000	n/a	n/a	STATUS	n/a	n/a	D255
1032.8160000000	n/a	n/a	STATUS	n/a	n/a	DIN4
1032.8640000000	n/a	n/a	STATUS	n/a	n/a	D255
1033.6200000000	n/a	n/a	STATUS	n/a	n/a	DIN5
1033.6720000000	n/a	n/a	STATUS	n/a	n/a	D255
1034.1160000000	n/a	n/a	STATUS	n/a	n/a	DI94
1034.1640000000	n/a	n/a	STATUS	n/a	n/a	D255
1034.2040000000	n/a	n/a	STATUS	n/a	n/a	DI53
1034.2520000000	n/a	n/a	STATUS	n/a	n/a	D255
1034.5280000000	n/a	n/a	STATUS	n/a	n/a	DI43
1034.5760000000	n/a	n/a	STATUS	n/a	n/a	D255
1034.8360000000	n/a	n/a	STATUS	n/a	n/a	DIN5
1034.8880000000	n/a	n/a	STATUS	n/a	n/a	D255
1035.2320000000	n/a	n/a	STATUS	n/a	n/a	D249
1035.2800000000	n/a	n/a	STATUS	n/a	n/a	D255
1035.3200000000	n/a	n/a	STATUS	n/a	n/a	DI53
1035.3680000000	n/a	n/a	STATUS	n/a	n/a	D255
1035.6480000000	n/a	n/a	STATUS	n/a	n/a	DI43
1035.7000000000	n/a	n/a	STATUS	n/a	n/a	D255
1035.9600000000	n/a	n/a	STATUS	n/a	n/a	DIN5
1036.0080000000	n/a	n/a	STATUS	n/a	n/a	D255
1036.4520000000	n/a	n/a	STATUS	n/a	n/a	D187
1036.5040000000	n/a	n/a	STATUS	n/a	n/a	D255
1036.5400000000	n/a	n/a	STATUS	n/a	n/a	DI53
1036.5920000000	n/a	n/a	STATUS	n/a	n/a	D255
1036.7960000000	n/a	n/a	STATUS	n/a	n/a	DI43
1036.8480000000	n/a	n/a	STATUS	n/a	n/a	D255
1037.1080000000	n/a	n/a	STATUS	n/a	n/a	DIN5
1037.1560000000	n/a	n/a	STATUS	n/a	n/a	D255
1037.6560000000	n/a	n/a	STATUS	n/a	n/a	D169
1037.7080000000	n/a	n/a	STATUS	n/a	n/a	D255
1037.7440000000	n/a	n/a	STATUS	n/a	n/a	DI54
1037.7960000000	n/a	n/a	STATUS	n/a	n/a	D255
1038.4160000000	n/a	n/a	STATUS	n/a	n/a	DI24
1038.4680000000	n/a	n/a	STATUS	n/a	n/a	D255
1038.4720000000	n/a	n/a	STATUS	n/a	n/a	DIN4
1038.5200000000	n/a	n/a	STATUS	n/a	n/a	D255
1039.2760000000	n/a	n/a	STATUS	n/a	n/a	DIN5
1039.3280000000	n/a	n/a	STATUS	n/a	n/a	D255
1039.6680000000	n/a	n/a	STATUS	n/a	n/a	D214
1039.7160000000	n/a	n/a	STATUS	n/a	n/a	D255
1039.7560000000	n/a	n/a	STATUS	n/a	n/a	DI51
1039.8040000000	n/a	n/a	STATUS	n/a	n/a	D255
1040.3000000000	n/a	n/a	STATUS	n/a	n/a	DI31
1040.3480000000	n/a	n/a	STATUS	n/a	n/a	D255
1040.6080000000	n/a	n/a	STATUS	n/a	n/a	DIN5
1040.6600000000	n/a	n/a	STATUS	n/a	n/a	D255
1041.1040000000	n/a	n/a	STATUS	n/a	n/a	D177
1041.1520000000	n/a	n/a	STATUS	n/a	n/a	D255
1041.1920000000	n/a	n/a	STATUS	n/a	n/a	DI51
1041.2400000000	n/a	n/a	STATUS	n/a	n/a	D255
1041.7160000000	n/a	n/a	STATUS	n/a	n/a	DI31
1041.7640000000	n/a	n/a	STATUS	n/a	n/a	D255
1042.0240000000	n/a	n/a	STATUS	n/a	n/a	DIN5
1042.0760000000	n/a	n/a	STATUS	n/a	n/a	D255
1042.4280000000	n/a	n/a	STATUS	n/a	n/a	DI95
1042.4800000000	n/a	n/a	STATUS	n/a	n/a	D255
1042.5160000000	n/a	n/a	STATUS	n/a	n/a	DI52
1042.5680000000	n/a	n/a	STATUS	n/a	n/a	D255
1042.9080000000	n/a	n/a	STATUS	n/a	n/a	DI42
1042.9560000000	n/a	n/a	STATUS	n/a	n/a	D255
1043.2160000000	n/a	n/a	STATUS	n/a	n/a	DIN5
1043.2680000000	n/a	n/a	STATUS	n/a	n/a	D255
1043.6120000000	n/a	n/a	STATUS	n/a	n/a	D217
1043.6600000000	n/a	n/a	STATUS	n/a	n/a	D255
1043.7000000000	n/a	n/a	STATUS	n/a	n/a	DI52
1043.7480000000	n/a	n/a	STATUS	n/a	n/a	D255
1044.0920000000	n/a	n/a	STATUS	n/a	n/a	DI42
1044.1400000000	n/a	n/a	STATUS	n/a	n/a	D255
1044.4000000000	n/a	n/a	STATUS	n/a	n/a	DIN5
1044.4480000000	n/a	n/a	STATUS	n/a	n/a	D255
1044.8640000000	n/a	n/a	STATUS	n/a	n/a	DI73
1044.9160000000	n/a	n/a	STATUS	n/a	n/a	D255
1044.9520000000	n/a	n/a	STATUS	n/a	n/a	DI54
1045.0040000000	n/a	n/a	STATUS	n/a	n/a	D255
1045.4480000000	n/a	n/a	STATUS	n/a	n/a	DI34
1045.4960000000	n/a	n/a	STATUS	n/a	n/a	D255
