onset	duration	sample	trial_type	response_time	stim_file	value
73.3480000000	n/a	n/a	STATUS	n/a	n/a	DIN5
73.3960000000	n/a	n/a	STATUS	n/a	n/a	D255
73.8480000000	n/a	n/a	STATUS	n/a	n/a	D138
73.8960000000	n/a	n/a	STATUS	n/a	n/a	D255
73.9360000000	n/a	n/a	STATUS	n/a	n/a	DI53
73.9840000000	n/a	n/a	STATUS	n/a	n/a	D255
74.3720000000	n/a	n/a	STATUS	n/a	n/a	DI43
74.4200000000	n/a	n/a	STATUS	n/a	n/a	D255
74.6800000000	n/a	n/a	STATUS	n/a	n/a	DIN5
74.7320000000	n/a	n/a	STATUS	n/a	n/a	D255
75.0680000000	n/a	n/a	STATUS	n/a	n/a	D129
75.1200000000	n/a	n/a	STATUS	n/a	n/a	D255
75.1560000000	n/a	n/a	STATUS	n/a	n/a	DI54
75.2040000000	n/a	n/a	STATUS	n/a	n/a	D255
75.4640000000	n/a	n/a	STATUS	n/a	n/a	DI34
75.5160000000	n/a	n/a	STATUS	n/a	n/a	D255
75.7720000000	n/a	n/a	STATUS	n/a	n/a	DIN5
75.8240000000	n/a	n/a	STATUS	n/a	n/a	D255
76.1920000000	n/a	n/a	STATUS	n/a	n/a	D139
76.2440000000	n/a	n/a	STATUS	n/a	n/a	D255
76.2800000000	n/a	n/a	STATUS	n/a	n/a	DI54
76.3280000000	n/a	n/a	STATUS	n/a	n/a	D255
76.5520000000	n/a	n/a	STATUS	n/a	n/a	DI34
76.6000000000	n/a	n/a	STATUS	n/a	n/a	D255
76.8600000000	n/a	n/a	STATUS	n/a	n/a	DIN5
76.9080000000	n/a	n/a	STATUS	n/a	n/a	D255
77.3280000000	n/a	n/a	STATUS	n/a	n/a	DI80
77.3760000000	n/a	n/a	STATUS	n/a	n/a	D255
77.4160000000	n/a	n/a	STATUS	n/a	n/a	DI51
77.4640000000	n/a	n/a	STATUS	n/a	n/a	D255
77.6440000000	n/a	n/a	STATUS	n/a	n/a	DI21
77.6920000000	n/a	n/a	STATUS	n/a	n/a	D255
77.6960000000	n/a	n/a	STATUS	n/a	n/a	DIN4
77.7480000000	n/a	n/a	STATUS	n/a	n/a	D255
78.5000000000	n/a	n/a	STATUS	n/a	n/a	DIN5
78.5520000000	n/a	n/a	STATUS	n/a	n/a	D255
79.0160000000	n/a	n/a	STATUS	n/a	n/a	D175
79.0640000000	n/a	n/a	STATUS	n/a	n/a	D255
79.1040000000	n/a	n/a	STATUS	n/a	n/a	DI54
79.1520000000	n/a	n/a	STATUS	n/a	n/a	D255
79.4520000000	n/a	n/a	STATUS	n/a	n/a	DI34
79.5000000000	n/a	n/a	STATUS	n/a	n/a	D255
79.7560000000	n/a	n/a	STATUS	n/a	n/a	DIN5
79.8080000000	n/a	n/a	STATUS	n/a	n/a	D255
80.2280000000	n/a	n/a	STATUS	n/a	n/a	D110
80.2760000000	n/a	n/a	STATUS	n/a	n/a	D255
80.3120000000	n/a	n/a	STATUS	n/a	n/a	DI53
80.3640000000	n/a	n/a	STATUS	n/a	n/a	D255
80.5880000000	n/a	n/a	STATUS	n/a	n/a	DI43
80.6400000000	n/a	n/a	STATUS	n/a	n/a	D255
80.8960000000	n/a	n/a	STATUS	n/a	n/a	DIN5
80.9480000000	n/a	n/a	STATUS	n/a	n/a	D255
81.2880000000	n/a	n/a	STATUS	n/a	n/a	D196
81.3400000000	n/a	n/a	STATUS	n/a	n/a	D255
81.3760000000	n/a	n/a	STATUS	n/a	n/a	DI53
81.4240000000	n/a	n/a	STATUS	n/a	n/a	D247
81.4280000000	n/a	n/a	STATUS	n/a	n/a	D255
81.6360000000	n/a	n/a	STATUS	n/a	n/a	DI43
81.6840000000	n/a	n/a	STATUS	n/a	n/a	D255
81.9440000000	n/a	n/a	STATUS	n/a	n/a	DIN5
81.9920000000	n/a	n/a	STATUS	n/a	n/a	D255
82.4320000000	n/a	n/a	STATUS	n/a	n/a	D236
82.4800000000	n/a	n/a	STATUS	n/a	n/a	D255
82.5200000000	n/a	n/a	STATUS	n/a	n/a	DI51
82.5680000000	n/a	n/a	STATUS	n/a	n/a	D255
82.7520000000	n/a	n/a	STATUS	n/a	n/a	DI21
82.8040000000	n/a	n/a	STATUS	n/a	n/a	D255
82.8080000000	n/a	n/a	STATUS	n/a	n/a	DIN4
82.8600000000	n/a	n/a	STATUS	n/a	n/a	D255
83.6120000000	n/a	n/a	STATUS	n/a	n/a	DIN5
83.6640000000	n/a	n/a	STATUS	n/a	n/a	D255
84.0400000000	n/a	n/a	STATUS	n/a	n/a	D134
84.0920000000	n/a	n/a	STATUS	n/a	n/a	D255
84.1280000000	n/a	n/a	STATUS	n/a	n/a	DI52
84.1800000000	n/a	n/a	STATUS	n/a	n/a	D255
84.5120000000	n/a	n/a	STATUS	n/a	n/a	DI42
84.5600000000	n/a	n/a	STATUS	n/a	n/a	D255
84.8200000000	n/a	n/a	STATUS	n/a	n/a	DIN5
84.8680000000	n/a	n/a	STATUS	n/a	n/a	D255
85.2480000000	n/a	n/a	STATUS	n/a	n/a	D187
85.2960000000	n/a	n/a	STATUS	n/a	n/a	D255
85.3320000000	n/a	n/a	STATUS	n/a	n/a	DI51
85.3840000000	n/a	n/a	STATUS	n/a	n/a	D255
85.6520000000	n/a	n/a	STATUS	n/a	n/a	DI31
85.7000000000	n/a	n/a	STATUS	n/a	n/a	D255
85.9560000000	n/a	n/a	STATUS	n/a	n/a	DIN5
86.0080000000	n/a	n/a	STATUS	n/a	n/a	D255
86.4280000000	n/a	n/a	STATUS	n/a	n/a	D214
86.4760000000	n/a	n/a	STATUS	n/a	n/a	D255
86.5120000000	n/a	n/a	STATUS	n/a	n/a	DI52
86.5640000000	n/a	n/a	STATUS	n/a	n/a	D255
86.8600000000	n/a	n/a	STATUS	n/a	n/a	DI42
86.9120000000	n/a	n/a	STATUS	n/a	n/a	D255
87.1680000000	n/a	n/a	STATUS	n/a	n/a	DIN5
87.2200000000	n/a	n/a	STATUS	n/a	n/a	D255
87.7200000000	n/a	n/a	STATUS	n/a	n/a	D205
87.7720000000	n/a	n/a	STATUS	n/a	n/a	D255
87.8080000000	n/a	n/a	STATUS	n/a	n/a	DI51
87.8600000000	n/a	n/a	STATUS	n/a	n/a	D255
88.0840000000	n/a	n/a	STATUS	n/a	n/a	DI21
88.1360000000	n/a	n/a	STATUS	n/a	n/a	D255
88.1400000000	n/a	n/a	STATUS	n/a	n/a	DIN4
88.1880000000	n/a	n/a	STATUS	n/a	n/a	D255
88.9400000000	n/a	n/a	STATUS	n/a	n/a	DIN5
88.9920000000	n/a	n/a	STATUS	n/a	n/a	D255
89.3160000000	n/a	n/a	STATUS	n/a	n/a	D109
89.3640000000	n/a	n/a	STATUS	n/a	n/a	D255
89.4040000000	n/a	n/a	STATUS	n/a	n/a	DI52
89.4520000000	n/a	n/a	STATUS	n/a	n/a	D255
89.7760000000	n/a	n/a	STATUS	n/a	n/a	DI42
89.8280000000	n/a	n/a	STATUS	n/a	n/a	D255
90.0840000000	n/a	n/a	STATUS	n/a	n/a	DIN5
90.1320000000	n/a	n/a	STATUS	n/a	n/a	D255
90.5320000000	n/a	n/a	STATUS	n/a	n/a	DI81
90.5840000000	n/a	n/a	STATUS	n/a	n/a	D255
90.6200000000	n/a	n/a	STATUS	n/a	n/a	DI53
90.6680000000	n/a	n/a	STATUS	n/a	n/a	D255
90.9520000000	n/a	n/a	STATUS	n/a	n/a	DI43
91.0000000000	n/a	n/a	STATUS	n/a	n/a	D255
91.2560000000	n/a	n/a	STATUS	n/a	n/a	DIN5
91.3080000000	n/a	n/a	STATUS	n/a	n/a	D255
91.6960000000	n/a	n/a	STATUS	n/a	n/a	D204
91.7480000000	n/a	n/a	STATUS	n/a	n/a	D255
91.7840000000	n/a	n/a	STATUS	n/a	n/a	DI53
91.8320000000	n/a	n/a	STATUS	n/a	n/a	D255
92.0960000000	n/a	n/a	STATUS	n/a	n/a	DI43
92.1440000000	n/a	n/a	STATUS	n/a	n/a	D255
92.4000000000	n/a	n/a	STATUS	n/a	n/a	DIN5
92.4520000000	n/a	n/a	STATUS	n/a	n/a	D255
92.9520000000	n/a	n/a	STATUS	n/a	n/a	D136
93.0000000000	n/a	n/a	STATUS	n/a	n/a	D255
93.0360000000	n/a	n/a	STATUS	n/a	n/a	DI51
93.0880000000	n/a	n/a	STATUS	n/a	n/a	D255
93.3880000000	n/a	n/a	STATUS	n/a	n/a	DI31
93.4400000000	n/a	n/a	STATUS	n/a	n/a	D255
93.6960000000	n/a	n/a	STATUS	n/a	n/a	DIN5
93.7440000000	n/a	n/a	STATUS	n/a	n/a	D255
94.1160000000	n/a	n/a	STATUS	n/a	n/a	D111
94.1640000000	n/a	n/a	STATUS	n/a	n/a	D255
94.2000000000	n/a	n/a	STATUS	n/a	n/a	DI54
94.2520000000	n/a	n/a	STATUS	n/a	n/a	D255
94.4720000000	n/a	n/a	STATUS	n/a	n/a	DI34
94.5240000000	n/a	n/a	STATUS	n/a	n/a	D255
94.7800000000	n/a	n/a	STATUS	n/a	n/a	DIN5
94.8320000000	n/a	n/a	STATUS	n/a	n/a	D255
95.1680000000	n/a	n/a	STATUS	n/a	n/a	D121
95.2200000000	n/a	n/a	STATUS	n/a	n/a	D255
95.2560000000	n/a	n/a	STATUS	n/a	n/a	DI54
95.3080000000	n/a	n/a	STATUS	n/a	n/a	D255
95.5000000000	n/a	n/a	STATUS	n/a	n/a	DI34
95.5520000000	n/a	n/a	STATUS	n/a	n/a	D255
95.8080000000	n/a	n/a	STATUS	n/a	n/a	DIN5
95.8600000000	n/a	n/a	STATUS	n/a	n/a	D255
96.3360000000	n/a	n/a	STATUS	n/a	n/a	D132
96.3880000000	n/a	n/a	STATUS	n/a	n/a	D255
96.4240000000	n/a	n/a	STATUS	n/a	n/a	DI54
96.4720000000	n/a	n/a	STATUS	n/a	n/a	D255
96.7160000000	n/a	n/a	STATUS	n/a	n/a	DI34
96.7640000000	n/a	n/a	STATUS	n/a	n/a	D255
97.0240000000	n/a	n/a	STATUS	n/a	n/a	DIN5
97.0720000000	n/a	n/a	STATUS	n/a	n/a	D255
97.5760000000	n/a	n/a	STATUS	n/a	n/a	D178
97.6280000000	n/a	n/a	STATUS	n/a	n/a	D255
97.6640000000	n/a	n/a	STATUS	n/a	n/a	DI53
97.7160000000	n/a	n/a	STATUS	n/a	n/a	D255
97.9360000000	n/a	n/a	STATUS	n/a	n/a	DI43
97.9880000000	n/a	n/a	STATUS	n/a	n/a	D255
98.2440000000	n/a	n/a	STATUS	n/a	n/a	DIN5
98.2920000000	n/a	n/a	STATUS	n/a	n/a	D255
98.7120000000	n/a	n/a	STATUS	n/a	n/a	D194
98.7600000000	n/a	n/a	STATUS	n/a	n/a	D255
98.8000000000	n/a	n/a	STATUS	n/a	n/a	DI52
98.8480000000	n/a	n/a	STATUS	n/a	n/a	D255
99.1640000000	n/a	n/a	STATUS	n/a	n/a	DI42
99.2160000000	n/a	n/a	STATUS	n/a	n/a	D255
99.4720000000	n/a	n/a	STATUS	n/a	n/a	DIN5
99.5200000000	n/a	n/a	STATUS	n/a	n/a	D255
100.0040000000	n/a	n/a	STATUS	n/a	n/a	DI86
100.0560000000	n/a	n/a	STATUS	n/a	n/a	D255
100.0920000000	n/a	n/a	STATUS	n/a	n/a	DI52
100.1440000000	n/a	n/a	STATUS	n/a	n/a	D255
100.3240000000	n/a	n/a	STATUS	n/a	n/a	DI12
100.3760000000	n/a	n/a	STATUS	n/a	n/a	D255
100.3800000000	n/a	n/a	STATUS	n/a	n/a	DIN4
100.4280000000	n/a	n/a	STATUS	n/a	n/a	D255
101.1840000000	n/a	n/a	STATUS	n/a	n/a	DIN5
101.2320000000	n/a	n/a	STATUS	n/a	n/a	D255
101.6160000000	n/a	n/a	STATUS	n/a	n/a	DI72
101.6680000000	n/a	n/a	STATUS	n/a	n/a	D255
101.7040000000	n/a	n/a	STATUS	n/a	n/a	DI51
101.7520000000	n/a	n/a	STATUS	n/a	n/a	D255
102.0560000000	n/a	n/a	STATUS	n/a	n/a	DI31
102.1080000000	n/a	n/a	STATUS	n/a	n/a	D255
102.3640000000	n/a	n/a	STATUS	n/a	n/a	DIN5
102.4120000000	n/a	n/a	STATUS	n/a	n/a	D255
102.7680000000	n/a	n/a	STATUS	n/a	n/a	D254
102.8160000000	n/a	n/a	STATUS	n/a	n/a	D255
102.8520000000	n/a	n/a	STATUS	n/a	n/a	DI51
102.9040000000	n/a	n/a	STATUS	n/a	n/a	D255
103.1960000000	n/a	n/a	STATUS	n/a	n/a	DI31
103.2440000000	n/a	n/a	STATUS	n/a	n/a	D255
103.5040000000	n/a	n/a	STATUS	n/a	n/a	DIN5
103.5520000000	n/a	n/a	STATUS	n/a	n/a	D255
103.9120000000	n/a	n/a	STATUS	n/a	n/a	D250
103.9640000000	n/a	n/a	STATUS	n/a	n/a	D255
104.0000000000	n/a	n/a	STATUS	n/a	n/a	DI53
104.0480000000	n/a	n/a	STATUS	n/a	n/a	D255
104.2840000000	n/a	n/a	STATUS	n/a	n/a	DI43
104.3360000000	n/a	n/a	STATUS	n/a	n/a	D255
104.5920000000	n/a	n/a	STATUS	n/a	n/a	DIN5
104.6440000000	n/a	n/a	STATUS	n/a	n/a	D255
105.1120000000	n/a	n/a	STATUS	n/a	n/a	DI87
105.1600000000	n/a	n/a	STATUS	n/a	n/a	D255
105.1960000000	n/a	n/a	STATUS	n/a	n/a	DI52
105.2480000000	n/a	n/a	STATUS	n/a	n/a	D255
105.5400000000	n/a	n/a	STATUS	n/a	n/a	DI42
105.5880000000	n/a	n/a	STATUS	n/a	n/a	D255
105.8440000000	n/a	n/a	STATUS	n/a	n/a	DIN5
105.8960000000	n/a	n/a	STATUS	n/a	n/a	D255
106.3960000000	n/a	n/a	STATUS	n/a	n/a	D227
106.4440000000	n/a	n/a	STATUS	n/a	n/a	D255
106.4800000000	n/a	n/a	STATUS	n/a	n/a	DI52
106.5320000000	n/a	n/a	STATUS	n/a	n/a	D255
106.7240000000	n/a	n/a	STATUS	n/a	n/a	DI12
106.7720000000	n/a	n/a	STATUS	n/a	n/a	D255
106.7760000000	n/a	n/a	STATUS	n/a	n/a	DIN4
106.8280000000	n/a	n/a	STATUS	n/a	n/a	D255
107.5800000000	n/a	n/a	STATUS	n/a	n/a	DIN5
107.6320000000	n/a	n/a	STATUS	n/a	n/a	D255
108.0440000000	n/a	n/a	STATUS	n/a	n/a	DI70
108.0960000000	n/a	n/a	STATUS	n/a	n/a	D255
108.1320000000	n/a	n/a	STATUS	n/a	n/a	DI54
108.1840000000	n/a	n/a	STATUS	n/a	n/a	D255
108.4720000000	n/a	n/a	STATUS	n/a	n/a	DI34
108.5240000000	n/a	n/a	STATUS	n/a	n/a	D255
108.7800000000	n/a	n/a	STATUS	n/a	n/a	DIN5
108.8280000000	n/a	n/a	STATUS	n/a	n/a	D255
109.2520000000	n/a	n/a	STATUS	n/a	n/a	DI74
109.3040000000	n/a	n/a	STATUS	n/a	n/a	D255
109.3400000000	n/a	n/a	STATUS	n/a	n/a	DI51
109.3920000000	n/a	n/a	STATUS	n/a	n/a	D255
109.6960000000	n/a	n/a	STATUS	n/a	n/a	DI31
109.7480000000	n/a	n/a	STATUS	n/a	n/a	D255
110.0040000000	n/a	n/a	STATUS	n/a	n/a	DIN5
110.0520000000	n/a	n/a	STATUS	n/a	n/a	D255
110.5280000000	n/a	n/a	STATUS	n/a	n/a	DI66
110.5760000000	n/a	n/a	STATUS	n/a	n/a	D255
110.6120000000	n/a	n/a	STATUS	n/a	n/a	DI51
110.6640000000	n/a	n/a	STATUS	n/a	n/a	D255
110.9560000000	n/a	n/a	STATUS	n/a	n/a	DI31
111.0040000000	n/a	n/a	STATUS	n/a	n/a	D255
111.2600000000	n/a	n/a	STATUS	n/a	n/a	DIN5
111.3120000000	n/a	n/a	STATUS	n/a	n/a	D255
111.6800000000	n/a	n/a	STATUS	n/a	n/a	D224
111.7320000000	n/a	n/a	STATUS	n/a	n/a	D255
111.7680000000	n/a	n/a	STATUS	n/a	n/a	DI54
111.8160000000	n/a	n/a	STATUS	n/a	n/a	D255
112.0400000000	n/a	n/a	STATUS	n/a	n/a	DI34
112.0920000000	n/a	n/a	STATUS	n/a	n/a	D255
112.3480000000	n/a	n/a	STATUS	n/a	n/a	DIN5
112.4000000000	n/a	n/a	STATUS	n/a	n/a	D255
112.9000000000	n/a	n/a	STATUS	n/a	n/a	D242
112.9520000000	n/a	n/a	STATUS	n/a	n/a	D255
112.9880000000	n/a	n/a	STATUS	n/a	n/a	DI53
113.0400000000	n/a	n/a	STATUS	n/a	n/a	D255
113.2720000000	n/a	n/a	STATUS	n/a	n/a	DI43
113.3240000000	n/a	n/a	STATUS	n/a	n/a	D255
113.5760000000	n/a	n/a	STATUS	n/a	n/a	DIN5
113.6280000000	n/a	n/a	STATUS	n/a	n/a	D255
113.9560000000	n/a	n/a	STATUS	n/a	n/a	D207
114.0080000000	n/a	n/a	STATUS	n/a	n/a	D255
114.0440000000	n/a	n/a	STATUS	n/a	n/a	DI53
114.0960000000	n/a	n/a	STATUS	n/a	n/a	D255
114.3280000000	n/a	n/a	STATUS	n/a	n/a	DI43
114.3800000000	n/a	n/a	STATUS	n/a	n/a	D255
114.6360000000	n/a	n/a	STATUS	n/a	n/a	DIN5
114.6880000000	n/a	n/a	STATUS	n/a	n/a	D255
115.1320000000	n/a	n/a	STATUS	n/a	n/a	D158
115.1800000000	n/a	n/a	STATUS	n/a	n/a	D255
115.2160000000	n/a	n/a	STATUS	n/a	n/a	DI52
115.2680000000	n/a	n/a	STATUS	n/a	n/a	D255
115.5480000000	n/a	n/a	STATUS	n/a	n/a	DI42
115.5960000000	n/a	n/a	STATUS	n/a	n/a	D255
115.8560000000	n/a	n/a	STATUS	n/a	n/a	DIN5
115.9040000000	n/a	n/a	STATUS	n/a	n/a	D255
116.3280000000	n/a	n/a	STATUS	n/a	n/a	D164
116.3800000000	n/a	n/a	STATUS	n/a	n/a	D255
116.4160000000	n/a	n/a	STATUS	n/a	n/a	DI54
116.4640000000	n/a	n/a	STATUS	n/a	n/a	D255
116.7160000000	n/a	n/a	STATUS	n/a	n/a	DI34
116.7640000000	n/a	n/a	STATUS	n/a	n/a	D255
117.0200000000	n/a	n/a	STATUS	n/a	n/a	DIN5
117.0720000000	n/a	n/a	STATUS	n/a	n/a	D255
117.4000000000	n/a	n/a	STATUS	n/a	n/a	DI84
117.4520000000	n/a	n/a	STATUS	n/a	n/a	D255
117.4880000000	n/a	n/a	STATUS	n/a	n/a	DI53
117.5360000000	n/a	n/a	STATUS	n/a	n/a	D255
117.7880000000	n/a	n/a	STATUS	n/a	n/a	DI43
117.8400000000	n/a	n/a	STATUS	n/a	n/a	D255
118.0960000000	n/a	n/a	STATUS	n/a	n/a	DIN5
118.1480000000	n/a	n/a	STATUS	n/a	n/a	D255
118.5240000000	n/a	n/a	STATUS	n/a	n/a	D130
118.5760000000	n/a	n/a	STATUS	n/a	n/a	D255
118.6120000000	n/a	n/a	STATUS	n/a	n/a	DI52
118.6640000000	n/a	n/a	STATUS	n/a	n/a	D255
118.9560000000	n/a	n/a	STATUS	n/a	n/a	DI42
119.0080000000	n/a	n/a	STATUS	n/a	n/a	D255
119.2640000000	n/a	n/a	STATUS	n/a	n/a	DIN5
119.3120000000	n/a	n/a	STATUS	n/a	n/a	D255
119.7400000000	n/a	n/a	STATUS	n/a	n/a	D153
119.7920000000	n/a	n/a	STATUS	n/a	n/a	D255
119.8280000000	n/a	n/a	STATUS	n/a	n/a	DI51
119.8800000000	n/a	n/a	STATUS	n/a	n/a	D255
120.1760000000	n/a	n/a	STATUS	n/a	n/a	DI31
120.2280000000	n/a	n/a	STATUS	n/a	n/a	D255
120.4840000000	n/a	n/a	STATUS	n/a	n/a	DIN5
120.5360000000	n/a	n/a	STATUS	n/a	n/a	D255
120.8640000000	n/a	n/a	STATUS	n/a	n/a	D127
120.9120000000	n/a	n/a	STATUS	n/a	n/a	D255
120.9480000000	n/a	n/a	STATUS	n/a	n/a	DI54
121.0000000000	n/a	n/a	STATUS	n/a	n/a	D255
121.2720000000	n/a	n/a	STATUS	n/a	n/a	DI34
121.3200000000	n/a	n/a	STATUS	n/a	n/a	D255
121.5800000000	n/a	n/a	STATUS	n/a	n/a	DIN5
121.6280000000	n/a	n/a	STATUS	n/a	n/a	D255
122.0440000000	n/a	n/a	STATUS	n/a	n/a	D115
122.0920000000	n/a	n/a	STATUS	n/a	n/a	D255
122.1280000000	n/a	n/a	STATUS	n/a	n/a	DI54
122.1800000000	n/a	n/a	STATUS	n/a	n/a	D255
122.4360000000	n/a	n/a	STATUS	n/a	n/a	DI34
122.4880000000	n/a	n/a	STATUS	n/a	n/a	D255
122.7440000000	n/a	n/a	STATUS	n/a	n/a	DIN5
122.7920000000	n/a	n/a	STATUS	n/a	n/a	D255
123.1600000000	n/a	n/a	STATUS	n/a	n/a	D116
123.2120000000	n/a	n/a	STATUS	n/a	n/a	D255
123.2480000000	n/a	n/a	STATUS	n/a	n/a	DI52
123.3000000000	n/a	n/a	STATUS	n/a	n/a	D255
123.6240000000	n/a	n/a	STATUS	n/a	n/a	DI42
123.6760000000	n/a	n/a	STATUS	n/a	n/a	D255
123.9320000000	n/a	n/a	STATUS	n/a	n/a	DIN5
123.9840000000	n/a	n/a	STATUS	n/a	n/a	D255
124.3360000000	n/a	n/a	STATUS	n/a	n/a	D174
124.3880000000	n/a	n/a	STATUS	n/a	n/a	D255
124.4240000000	n/a	n/a	STATUS	n/a	n/a	DI52
124.4720000000	n/a	n/a	STATUS	n/a	n/a	D255
124.7640000000	n/a	n/a	STATUS	n/a	n/a	DI42
124.8120000000	n/a	n/a	STATUS	n/a	n/a	D255
125.0720000000	n/a	n/a	STATUS	n/a	n/a	DIN5
125.1200000000	n/a	n/a	STATUS	n/a	n/a	D255
125.6080000000	n/a	n/a	STATUS	n/a	n/a	D211
125.6600000000	n/a	n/a	STATUS	n/a	n/a	D255
125.6960000000	n/a	n/a	STATUS	n/a	n/a	DI52
125.7440000000	n/a	n/a	STATUS	n/a	n/a	D255
126.0920000000	n/a	n/a	STATUS	n/a	n/a	DI42
126.1400000000	n/a	n/a	STATUS	n/a	n/a	D255
126.4000000000	n/a	n/a	STATUS	n/a	n/a	DIN5
126.4480000000	n/a	n/a	STATUS	n/a	n/a	D255
126.7880000000	n/a	n/a	STATUS	n/a	n/a	DI95
126.8400000000	n/a	n/a	STATUS	n/a	n/a	D255
126.8760000000	n/a	n/a	STATUS	n/a	n/a	DI51
126.9240000000	n/a	n/a	STATUS	n/a	n/a	D255
127.2400000000	n/a	n/a	STATUS	n/a	n/a	DI31
127.2920000000	n/a	n/a	STATUS	n/a	n/a	D255
127.5480000000	n/a	n/a	STATUS	n/a	n/a	DIN5
127.5960000000	n/a	n/a	STATUS	n/a	n/a	D255
128.0160000000	n/a	n/a	STATUS	n/a	n/a	D156
128.0680000000	n/a	n/a	STATUS	n/a	n/a	D255
128.1040000000	n/a	n/a	STATUS	n/a	n/a	DI53
128.1520000000	n/a	n/a	STATUS	n/a	n/a	D255
128.4520000000	n/a	n/a	STATUS	n/a	n/a	DI43
128.5000000000	n/a	n/a	STATUS	n/a	n/a	D255
128.7560000000	n/a	n/a	STATUS	n/a	n/a	DIN5
128.8080000000	n/a	n/a	STATUS	n/a	n/a	D255
129.2320000000	n/a	n/a	STATUS	n/a	n/a	D213
129.2800000000	n/a	n/a	STATUS	n/a	n/a	D255
129.3160000000	n/a	n/a	STATUS	n/a	n/a	DI51
129.3680000000	n/a	n/a	STATUS	n/a	n/a	D255
129.7120000000	n/a	n/a	STATUS	n/a	n/a	DI31
129.7640000000	n/a	n/a	STATUS	n/a	n/a	D255
130.0200000000	n/a	n/a	STATUS	n/a	n/a	DIN5
130.0680000000	n/a	n/a	STATUS	n/a	n/a	D255
130.4840000000	n/a	n/a	STATUS	n/a	n/a	DI77
130.5320000000	n/a	n/a	STATUS	n/a	n/a	D255
130.5680000000	n/a	n/a	STATUS	n/a	n/a	DI54
130.6200000000	n/a	n/a	STATUS	n/a	n/a	D255
130.9800000000	n/a	n/a	STATUS	n/a	n/a	DI34
131.0280000000	n/a	n/a	STATUS	n/a	n/a	D255
131.2880000000	n/a	n/a	STATUS	n/a	n/a	DIN5
131.3360000000	n/a	n/a	STATUS	n/a	n/a	D255
131.8320000000	n/a	n/a	STATUS	n/a	n/a	D181
131.8800000000	n/a	n/a	STATUS	n/a	n/a	D255
131.9160000000	n/a	n/a	STATUS	n/a	n/a	DI51
131.9680000000	n/a	n/a	STATUS	n/a	n/a	D255
132.3840000000	n/a	n/a	STATUS	n/a	n/a	DI31
132.4320000000	n/a	n/a	STATUS	n/a	n/a	D255
132.6880000000	n/a	n/a	STATUS	n/a	n/a	DIN5
132.7400000000	n/a	n/a	STATUS	n/a	n/a	D255
133.1600000000	n/a	n/a	STATUS	n/a	n/a	D215
133.2080000000	n/a	n/a	STATUS	n/a	n/a	D255
133.2440000000	n/a	n/a	STATUS	n/a	n/a	DI51
133.2960000000	n/a	n/a	STATUS	n/a	n/a	D255
133.6200000000	n/a	n/a	STATUS	n/a	n/a	DI31
133.6720000000	n/a	n/a	STATUS	n/a	n/a	D255
133.9280000000	n/a	n/a	STATUS	n/a	n/a	DIN5
133.9760000000	n/a	n/a	STATUS	n/a	n/a	D255
134.4440000000	n/a	n/a	STATUS	n/a	n/a	D161
134.4960000000	n/a	n/a	STATUS	n/a	n/a	D255
134.5320000000	n/a	n/a	STATUS	n/a	n/a	DI52
134.5840000000	n/a	n/a	STATUS	n/a	n/a	D255
134.9160000000	n/a	n/a	STATUS	n/a	n/a	DI42
134.9640000000	n/a	n/a	STATUS	n/a	n/a	D255
135.2240000000	n/a	n/a	STATUS	n/a	n/a	DIN5
135.2720000000	n/a	n/a	STATUS	n/a	n/a	D255
135.7400000000	n/a	n/a	STATUS	n/a	n/a	D101
135.7920000000	n/a	n/a	STATUS	n/a	n/a	D255
135.8280000000	n/a	n/a	STATUS	n/a	n/a	DI54
135.8800000000	n/a	n/a	STATUS	n/a	n/a	D255
136.1800000000	n/a	n/a	STATUS	n/a	n/a	DI34
136.2280000000	n/a	n/a	STATUS	n/a	n/a	D255
136.4880000000	n/a	n/a	STATUS	n/a	n/a	DIN5
136.5360000000	n/a	n/a	STATUS	n/a	n/a	D255
137.0000000000	n/a	n/a	STATUS	n/a	n/a	D155
137.0520000000	n/a	n/a	STATUS	n/a	n/a	D255
137.0880000000	n/a	n/a	STATUS	n/a	n/a	DI52
137.1360000000	n/a	n/a	STATUS	n/a	n/a	D255
137.4040000000	n/a	n/a	STATUS	n/a	n/a	DI42
137.4520000000	n/a	n/a	STATUS	n/a	n/a	D255
137.7080000000	n/a	n/a	STATUS	n/a	n/a	DIN5
137.7600000000	n/a	n/a	STATUS	n/a	n/a	D255
138.2000000000	n/a	n/a	STATUS	n/a	n/a	DI78
138.2480000000	n/a	n/a	STATUS	n/a	n/a	D255
138.2840000000	n/a	n/a	STATUS	n/a	n/a	DI51
138.3360000000	n/a	n/a	STATUS	n/a	n/a	D255
138.6240000000	n/a	n/a	STATUS	n/a	n/a	DI31
138.6720000000	n/a	n/a	STATUS	n/a	n/a	D255
138.9320000000	n/a	n/a	STATUS	n/a	n/a	DIN5
138.9800000000	n/a	n/a	STATUS	n/a	n/a	D255
139.4280000000	n/a	n/a	STATUS	n/a	n/a	D120
139.4800000000	n/a	n/a	STATUS	n/a	n/a	D255
139.5160000000	n/a	n/a	STATUS	n/a	n/a	DI54
139.5640000000	n/a	n/a	STATUS	n/a	n/a	D247
139.5680000000	n/a	n/a	STATUS	n/a	n/a	D255
139.8280000000	n/a	n/a	STATUS	n/a	n/a	DI24
139.8800000000	n/a	n/a	STATUS	n/a	n/a	DIN4
139.8800000000	n/a	n/a	STATUS	n/a	n/a	D255
139.9320000000	n/a	n/a	STATUS	n/a	n/a	D255
140.6840000000	n/a	n/a	STATUS	n/a	n/a	DIN5
140.7360000000	n/a	n/a	STATUS	n/a	n/a	D255
141.2120000000	n/a	n/a	STATUS	n/a	n/a	D199
141.2640000000	n/a	n/a	STATUS	n/a	n/a	D255
141.3000000000	n/a	n/a	STATUS	n/a	n/a	DI52
141.3520000000	n/a	n/a	STATUS	n/a	n/a	D255
141.7160000000	n/a	n/a	STATUS	n/a	n/a	DI42
141.7680000000	n/a	n/a	STATUS	n/a	n/a	D255
142.0240000000	n/a	n/a	STATUS	n/a	n/a	DIN5
142.0760000000	n/a	n/a	STATUS	n/a	n/a	D255
142.5520000000	n/a	n/a	STATUS	n/a	n/a	D247
142.6040000000	n/a	n/a	STATUS	n/a	n/a	D255
142.6400000000	n/a	n/a	STATUS	n/a	n/a	DI54
142.6920000000	n/a	n/a	STATUS	n/a	n/a	D255
142.9040000000	n/a	n/a	STATUS	n/a	n/a	DI34
142.9560000000	n/a	n/a	STATUS	n/a	n/a	D255
143.2120000000	n/a	n/a	STATUS	n/a	n/a	DIN5
143.2640000000	n/a	n/a	STATUS	n/a	n/a	D255
143.6760000000	n/a	n/a	STATUS	n/a	n/a	D217
143.7280000000	n/a	n/a	STATUS	n/a	n/a	D255
143.7640000000	n/a	n/a	STATUS	n/a	n/a	DI52
143.8120000000	n/a	n/a	STATUS	n/a	n/a	D255
144.1040000000	n/a	n/a	STATUS	n/a	n/a	DI42
144.1520000000	n/a	n/a	STATUS	n/a	n/a	D255
144.4120000000	n/a	n/a	STATUS	n/a	n/a	DIN5
144.4600000000	n/a	n/a	STATUS	n/a	n/a	D255
144.9280000000	n/a	n/a	STATUS	n/a	n/a	D190
144.9800000000	n/a	n/a	STATUS	n/a	n/a	D255
145.0160000000	n/a	n/a	STATUS	n/a	n/a	DI51
145.0640000000	n/a	n/a	STATUS	n/a	n/a	D255
145.4040000000	n/a	n/a	STATUS	n/a	n/a	DI31
145.4560000000	n/a	n/a	STATUS	n/a	n/a	D255
145.7120000000	n/a	n/a	STATUS	n/a	n/a	DIN5
145.7640000000	n/a	n/a	STATUS	n/a	n/a	D255
146.1200000000	n/a	n/a	STATUS	n/a	n/a	DI73
146.1720000000	n/a	n/a	STATUS	n/a	n/a	D255
146.2080000000	n/a	n/a	STATUS	n/a	n/a	DI52
146.2600000000	n/a	n/a	STATUS	n/a	n/a	D255
146.5560000000	n/a	n/a	STATUS	n/a	n/a	DI42
146.6040000000	n/a	n/a	STATUS	n/a	n/a	D255
146.8600000000	n/a	n/a	STATUS	n/a	n/a	DIN5
146.9120000000	n/a	n/a	STATUS	n/a	n/a	D255
147.3480000000	n/a	n/a	STATUS	n/a	n/a	D105
147.4000000000	n/a	n/a	STATUS	n/a	n/a	D255
147.4360000000	n/a	n/a	STATUS	n/a	n/a	DI51
147.4880000000	n/a	n/a	STATUS	n/a	n/a	D255
147.4880000000	n/a	n/a	STATUS	n/a	n/a	D243
147.7760000000	n/a	n/a	STATUS	n/a	n/a	DI31
147.8240000000	n/a	n/a	STATUS	n/a	n/a	D255
148.0800000000	n/a	n/a	STATUS	n/a	n/a	DIN5
148.1320000000	n/a	n/a	STATUS	n/a	n/a	D255
148.6240000000	n/a	n/a	STATUS	n/a	n/a	DI89
148.6760000000	n/a	n/a	STATUS	n/a	n/a	D255
148.7120000000	n/a	n/a	STATUS	n/a	n/a	DI54
148.7640000000	n/a	n/a	STATUS	n/a	n/a	D255
149.0080000000	n/a	n/a	STATUS	n/a	n/a	DI34
149.0560000000	n/a	n/a	STATUS	n/a	n/a	D255
149.3120000000	n/a	n/a	STATUS	n/a	n/a	DIN5
149.3640000000	n/a	n/a	STATUS	n/a	n/a	D255
149.7760000000	n/a	n/a	STATUS	n/a	n/a	DI69
149.8280000000	n/a	n/a	STATUS	n/a	n/a	D255
149.8640000000	n/a	n/a	STATUS	n/a	n/a	DI53
149.9160000000	n/a	n/a	STATUS	n/a	n/a	D255
150.2080000000	n/a	n/a	STATUS	n/a	n/a	DI43
150.2560000000	n/a	n/a	STATUS	n/a	n/a	D255
150.5160000000	n/a	n/a	STATUS	n/a	n/a	DIN5
150.5640000000	n/a	n/a	STATUS	n/a	n/a	D255
150.9120000000	n/a	n/a	STATUS	n/a	n/a	D245
150.9640000000	n/a	n/a	STATUS	n/a	n/a	D255
151.0000000000	n/a	n/a	STATUS	n/a	n/a	DI53
151.0480000000	n/a	n/a	STATUS	n/a	n/a	D255
151.3520000000	n/a	n/a	STATUS	n/a	n/a	DI43
151.4040000000	n/a	n/a	STATUS	n/a	n/a	D255
151.6600000000	n/a	n/a	STATUS	n/a	n/a	DIN5
151.7120000000	n/a	n/a	STATUS	n/a	n/a	D255
152.1240000000	n/a	n/a	STATUS	n/a	n/a	D104
152.1760000000	n/a	n/a	STATUS	n/a	n/a	D255
152.2120000000	n/a	n/a	STATUS	n/a	n/a	DI52
152.2600000000	n/a	n/a	STATUS	n/a	n/a	D255
152.5360000000	n/a	n/a	STATUS	n/a	n/a	DI42
152.5840000000	n/a	n/a	STATUS	n/a	n/a	D255
152.8400000000	n/a	n/a	STATUS	n/a	n/a	DIN5
152.8920000000	n/a	n/a	STATUS	n/a	n/a	D255
153.3760000000	n/a	n/a	STATUS	n/a	n/a	D221
153.4240000000	n/a	n/a	STATUS	n/a	n/a	D255
153.4600000000	n/a	n/a	STATUS	n/a	n/a	DI53
153.5120000000	n/a	n/a	STATUS	n/a	n/a	D255
153.7960000000	n/a	n/a	STATUS	n/a	n/a	DI43
153.8440000000	n/a	n/a	STATUS	n/a	n/a	D255
154.1040000000	n/a	n/a	STATUS	n/a	n/a	DIN5
154.1520000000	n/a	n/a	STATUS	n/a	n/a	D255
154.6200000000	n/a	n/a	STATUS	n/a	n/a	D180
154.6720000000	n/a	n/a	STATUS	n/a	n/a	D255
154.7080000000	n/a	n/a	STATUS	n/a	n/a	DI52
154.7600000000	n/a	n/a	STATUS	n/a	n/a	D255
154.9480000000	n/a	n/a	STATUS	n/a	n/a	DI12
155.0000000000	n/a	n/a	STATUS	n/a	n/a	DIN4
155.0000000000	n/a	n/a	STATUS	n/a	n/a	D255
155.0520000000	n/a	n/a	STATUS	n/a	n/a	D255
155.8040000000	n/a	n/a	STATUS	n/a	n/a	DIN5
155.8560000000	n/a	n/a	STATUS	n/a	n/a	D255
156.2120000000	n/a	n/a	STATUS	n/a	n/a	D150
156.2640000000	n/a	n/a	STATUS	n/a	n/a	D255
156.3000000000	n/a	n/a	STATUS	n/a	n/a	DI54
156.3520000000	n/a	n/a	STATUS	n/a	n/a	D255
156.6960000000	n/a	n/a	STATUS	n/a	n/a	DI34
156.7480000000	n/a	n/a	STATUS	n/a	n/a	D255
157.0040000000	n/a	n/a	STATUS	n/a	n/a	DIN5
157.0560000000	n/a	n/a	STATUS	n/a	n/a	D255
157.4080000000	n/a	n/a	STATUS	n/a	n/a	D160
157.4600000000	n/a	n/a	STATUS	n/a	n/a	D255
157.4960000000	n/a	n/a	STATUS	n/a	n/a	DI53
157.5440000000	n/a	n/a	STATUS	n/a	n/a	D255
157.8720000000	n/a	n/a	STATUS	n/a	n/a	DI43
157.9200000000	n/a	n/a	STATUS	n/a	n/a	D255
158.1800000000	n/a	n/a	STATUS	n/a	n/a	DIN5
158.2280000000	n/a	n/a	STATUS	n/a	n/a	D255
158.6000000000	n/a	n/a	STATUS	n/a	n/a	D234
158.6520000000	n/a	n/a	STATUS	n/a	n/a	D255
158.6880000000	n/a	n/a	STATUS	n/a	n/a	DI53
158.7400000000	n/a	n/a	STATUS	n/a	n/a	D255
158.9600000000	n/a	n/a	STATUS	n/a	n/a	DI43
159.0120000000	n/a	n/a	STATUS	n/a	n/a	D255
159.2680000000	n/a	n/a	STATUS	n/a	n/a	DIN5
159.3200000000	n/a	n/a	STATUS	n/a	n/a	D255
159.8040000000	n/a	n/a	STATUS	n/a	n/a	D141
159.8520000000	n/a	n/a	STATUS	n/a	n/a	D255
159.8880000000	n/a	n/a	STATUS	n/a	n/a	DI53
159.9400000000	n/a	n/a	STATUS	n/a	n/a	D255
160.1920000000	n/a	n/a	STATUS	n/a	n/a	DI43
160.2440000000	n/a	n/a	STATUS	n/a	n/a	D255
160.5000000000	n/a	n/a	STATUS	n/a	n/a	DIN5
160.5520000000	n/a	n/a	STATUS	n/a	n/a	D255
160.8760000000	n/a	n/a	STATUS	n/a	n/a	D249
160.9240000000	n/a	n/a	STATUS	n/a	n/a	D255
160.9600000000	n/a	n/a	STATUS	n/a	n/a	DI54
161.0120000000	n/a	n/a	STATUS	n/a	n/a	D255
161.3680000000	n/a	n/a	STATUS	n/a	n/a	DI34
161.4160000000	n/a	n/a	STATUS	n/a	n/a	D255
161.6720000000	n/a	n/a	STATUS	n/a	n/a	DIN5
161.7240000000	n/a	n/a	STATUS	n/a	n/a	D255
162.1680000000	n/a	n/a	STATUS	n/a	n/a	D208
162.2160000000	n/a	n/a	STATUS	n/a	n/a	D255
162.2560000000	n/a	n/a	STATUS	n/a	n/a	DI51
162.3040000000	n/a	n/a	STATUS	n/a	n/a	D255
162.6200000000	n/a	n/a	STATUS	n/a	n/a	DI31
162.6720000000	n/a	n/a	STATUS	n/a	n/a	D255
162.9280000000	n/a	n/a	STATUS	n/a	n/a	DIN5
162.9800000000	n/a	n/a	STATUS	n/a	n/a	D255
163.3160000000	n/a	n/a	STATUS	n/a	n/a	D244
163.3680000000	n/a	n/a	STATUS	n/a	n/a	D255
163.3680000000	n/a	n/a	STATUS	n/a	n/a	D247
163.4040000000	n/a	n/a	STATUS	n/a	n/a	DI54
163.4520000000	n/a	n/a	STATUS	n/a	n/a	D255
163.7080000000	n/a	n/a	STATUS	n/a	n/a	DI34
163.7600000000	n/a	n/a	STATUS	n/a	n/a	D255
164.0160000000	n/a	n/a	STATUS	n/a	n/a	DIN5
164.0640000000	n/a	n/a	STATUS	n/a	n/a	D255
164.5040000000	n/a	n/a	STATUS	n/a	n/a	D135
164.5560000000	n/a	n/a	STATUS	n/a	n/a	D255
164.5920000000	n/a	n/a	STATUS	n/a	n/a	DI51
164.6400000000	n/a	n/a	STATUS	n/a	n/a	D255
164.9680000000	n/a	n/a	STATUS	n/a	n/a	DI31
165.0200000000	n/a	n/a	STATUS	n/a	n/a	D255
165.2760000000	n/a	n/a	STATUS	n/a	n/a	DIN5
165.3280000000	n/a	n/a	STATUS	n/a	n/a	D255
165.7880000000	n/a	n/a	STATUS	n/a	n/a	D149
165.8400000000	n/a	n/a	STATUS	n/a	n/a	D255
165.8760000000	n/a	n/a	STATUS	n/a	n/a	DI54
165.9280000000	n/a	n/a	STATUS	n/a	n/a	D255
166.1480000000	n/a	n/a	STATUS	n/a	n/a	DI34
166.2000000000	n/a	n/a	STATUS	n/a	n/a	D255
166.4560000000	n/a	n/a	STATUS	n/a	n/a	DIN5
166.5040000000	n/a	n/a	STATUS	n/a	n/a	D255
166.8200000000	n/a	n/a	STATUS	n/a	n/a	D209
166.8680000000	n/a	n/a	STATUS	n/a	n/a	D255
166.9040000000	n/a	n/a	STATUS	n/a	n/a	DI53
166.9560000000	n/a	n/a	STATUS	n/a	n/a	D255
167.2200000000	n/a	n/a	STATUS	n/a	n/a	DI43
167.2720000000	n/a	n/a	STATUS	n/a	n/a	D255
167.5280000000	n/a	n/a	STATUS	n/a	n/a	DIN5
167.5800000000	n/a	n/a	STATUS	n/a	n/a	D255
167.9960000000	n/a	n/a	STATUS	n/a	n/a	D202
168.0480000000	n/a	n/a	STATUS	n/a	n/a	D255
168.0840000000	n/a	n/a	STATUS	n/a	n/a	DI52
168.1320000000	n/a	n/a	STATUS	n/a	n/a	D255
168.4080000000	n/a	n/a	STATUS	n/a	n/a	DI42
168.4560000000	n/a	n/a	STATUS	n/a	n/a	D255
168.7160000000	n/a	n/a	STATUS	n/a	n/a	DIN5
168.7640000000	n/a	n/a	STATUS	n/a	n/a	D255
169.1520000000	n/a	n/a	STATUS	n/a	n/a	D228
169.2040000000	n/a	n/a	STATUS	n/a	n/a	D255
169.2400000000	n/a	n/a	STATUS	n/a	n/a	DI54
169.2880000000	n/a	n/a	STATUS	n/a	n/a	D255
169.5800000000	n/a	n/a	STATUS	n/a	n/a	DI34
169.6280000000	n/a	n/a	STATUS	n/a	n/a	D255
169.8840000000	n/a	n/a	STATUS	n/a	n/a	DIN5
169.9360000000	n/a	n/a	STATUS	n/a	n/a	D255
170.3240000000	n/a	n/a	STATUS	n/a	n/a	D122
170.3760000000	n/a	n/a	STATUS	n/a	n/a	D255
170.4120000000	n/a	n/a	STATUS	n/a	n/a	DI52
170.4600000000	n/a	n/a	STATUS	n/a	n/a	D255
170.7760000000	n/a	n/a	STATUS	n/a	n/a	DI42
170.8240000000	n/a	n/a	STATUS	n/a	n/a	D255
171.0800000000	n/a	n/a	STATUS	n/a	n/a	DIN5
171.1320000000	n/a	n/a	STATUS	n/a	n/a	D255
171.5600000000	n/a	n/a	STATUS	n/a	n/a	D169
171.6120000000	n/a	n/a	STATUS	n/a	n/a	D255
171.6480000000	n/a	n/a	STATUS	n/a	n/a	DI51
171.6960000000	n/a	n/a	STATUS	n/a	n/a	D255
171.9960000000	n/a	n/a	STATUS	n/a	n/a	DI31
172.0440000000	n/a	n/a	STATUS	n/a	n/a	D255
172.3000000000	n/a	n/a	STATUS	n/a	n/a	DIN5
172.3520000000	n/a	n/a	STATUS	n/a	n/a	D255
172.6920000000	n/a	n/a	STATUS	n/a	n/a	D185
172.7400000000	n/a	n/a	STATUS	n/a	n/a	D255
172.7760000000	n/a	n/a	STATUS	n/a	n/a	DI53
172.8280000000	n/a	n/a	STATUS	n/a	n/a	D255
173.1920000000	n/a	n/a	STATUS	n/a	n/a	DI13
173.2400000000	n/a	n/a	STATUS	n/a	n/a	D255
173.2440000000	n/a	n/a	STATUS	n/a	n/a	DIN4
173.2920000000	n/a	n/a	STATUS	n/a	n/a	D255
174.0480000000	n/a	n/a	STATUS	n/a	n/a	DIN5
174.0960000000	n/a	n/a	STATUS	n/a	n/a	D255
174.4360000000	n/a	n/a	STATUS	n/a	n/a	D203
174.4880000000	n/a	n/a	STATUS	n/a	n/a	D255
174.5240000000	n/a	n/a	STATUS	n/a	n/a	DI51
174.5720000000	n/a	n/a	STATUS	n/a	n/a	D255
174.9560000000	n/a	n/a	STATUS	n/a	n/a	DI31
175.0080000000	n/a	n/a	STATUS	n/a	n/a	D255
175.2640000000	n/a	n/a	STATUS	n/a	n/a	DIN5
175.3120000000	n/a	n/a	STATUS	n/a	n/a	D255
175.7320000000	n/a	n/a	STATUS	n/a	n/a	DI76
175.7840000000	n/a	n/a	STATUS	n/a	n/a	D255
175.8200000000	n/a	n/a	STATUS	n/a	n/a	DI52
175.8680000000	n/a	n/a	STATUS	n/a	n/a	D255
176.1800000000	n/a	n/a	STATUS	n/a	n/a	DI42
176.2280000000	n/a	n/a	STATUS	n/a	n/a	D255
176.4880000000	n/a	n/a	STATUS	n/a	n/a	DIN5
176.5360000000	n/a	n/a	STATUS	n/a	n/a	D255
176.9320000000	n/a	n/a	STATUS	n/a	n/a	DI92
176.9800000000	n/a	n/a	STATUS	n/a	n/a	D255
177.0160000000	n/a	n/a	STATUS	n/a	n/a	DI53
177.0680000000	n/a	n/a	STATUS	n/a	n/a	D255
177.3960000000	n/a	n/a	STATUS	n/a	n/a	DI43
177.4440000000	n/a	n/a	STATUS	n/a	n/a	D255
177.7040000000	n/a	n/a	STATUS	n/a	n/a	DIN5
177.7520000000	n/a	n/a	STATUS	n/a	n/a	D255
178.2320000000	n/a	n/a	STATUS	n/a	n/a	D252
178.2800000000	n/a	n/a	STATUS	n/a	n/a	D255
178.3160000000	n/a	n/a	STATUS	n/a	n/a	DI54
178.3680000000	n/a	n/a	STATUS	n/a	n/a	D255
178.7080000000	n/a	n/a	STATUS	n/a	n/a	DI34
178.7600000000	n/a	n/a	STATUS	n/a	n/a	D255
179.0160000000	n/a	n/a	STATUS	n/a	n/a	DIN5
179.0680000000	n/a	n/a	STATUS	n/a	n/a	D255
179.4080000000	n/a	n/a	STATUS	n/a	n/a	DI68
179.4600000000	n/a	n/a	STATUS	n/a	n/a	D255
179.4960000000	n/a	n/a	STATUS	n/a	n/a	DI51
179.5480000000	n/a	n/a	STATUS	n/a	n/a	D255
180.0800000000	n/a	n/a	STATUS	n/a	n/a	DI31
180.1320000000	n/a	n/a	STATUS	n/a	n/a	D255
180.3880000000	n/a	n/a	STATUS	n/a	n/a	DIN5
180.4400000000	n/a	n/a	STATUS	n/a	n/a	D255
180.8560000000	n/a	n/a	STATUS	n/a	n/a	D230
180.9080000000	n/a	n/a	STATUS	n/a	n/a	D255
180.9440000000	n/a	n/a	STATUS	n/a	n/a	DI54
180.9920000000	n/a	n/a	STATUS	n/a	n/a	D255
181.2840000000	n/a	n/a	STATUS	n/a	n/a	DI34
181.3320000000	n/a	n/a	STATUS	n/a	n/a	D255
181.5920000000	n/a	n/a	STATUS	n/a	n/a	DIN5
181.6400000000	n/a	n/a	STATUS	n/a	n/a	D255
181.9680000000	n/a	n/a	STATUS	n/a	n/a	D100
182.0200000000	n/a	n/a	STATUS	n/a	n/a	D255
182.0560000000	n/a	n/a	STATUS	n/a	n/a	DI53
182.1080000000	n/a	n/a	STATUS	n/a	n/a	D255
182.4120000000	n/a	n/a	STATUS	n/a	n/a	DI43
182.4640000000	n/a	n/a	STATUS	n/a	n/a	D255
182.7200000000	n/a	n/a	STATUS	n/a	n/a	DIN5
182.7680000000	n/a	n/a	STATUS	n/a	n/a	D255
183.2400000000	n/a	n/a	STATUS	n/a	n/a	D223
183.2880000000	n/a	n/a	STATUS	n/a	n/a	D255
183.3240000000	n/a	n/a	STATUS	n/a	n/a	DI53
183.3760000000	n/a	n/a	STATUS	n/a	n/a	D255
183.6000000000	n/a	n/a	STATUS	n/a	n/a	DI43
183.6480000000	n/a	n/a	STATUS	n/a	n/a	D255
183.9080000000	n/a	n/a	STATUS	n/a	n/a	DIN5
183.9560000000	n/a	n/a	STATUS	n/a	n/a	D255
184.4520000000	n/a	n/a	STATUS	n/a	n/a	D165
184.5000000000	n/a	n/a	STATUS	n/a	n/a	D255
184.5360000000	n/a	n/a	STATUS	n/a	n/a	DI53
184.5880000000	n/a	n/a	STATUS	n/a	n/a	D255
184.8200000000	n/a	n/a	STATUS	n/a	n/a	DI43
184.8720000000	n/a	n/a	STATUS	n/a	n/a	D255
185.1280000000	n/a	n/a	STATUS	n/a	n/a	DIN5
185.1760000000	n/a	n/a	STATUS	n/a	n/a	D255
185.5400000000	n/a	n/a	STATUS	n/a	n/a	D198
185.5920000000	n/a	n/a	STATUS	n/a	n/a	D255
185.6280000000	n/a	n/a	STATUS	n/a	n/a	DI51
185.6760000000	n/a	n/a	STATUS	n/a	n/a	D255
185.9000000000	n/a	n/a	STATUS	n/a	n/a	DI21
185.9480000000	n/a	n/a	STATUS	n/a	n/a	D255
185.9520000000	n/a	n/a	STATUS	n/a	n/a	DIN4
186.0040000000	n/a	n/a	STATUS	n/a	n/a	D255
186.7560000000	n/a	n/a	STATUS	n/a	n/a	DIN5
186.8080000000	n/a	n/a	STATUS	n/a	n/a	D255
187.1200000000	n/a	n/a	STATUS	n/a	n/a	D222
187.1720000000	n/a	n/a	STATUS	n/a	n/a	D255
187.2080000000	n/a	n/a	STATUS	n/a	n/a	DI54
187.2560000000	n/a	n/a	STATUS	n/a	n/a	D255
187.5400000000	n/a	n/a	STATUS	n/a	n/a	DI34
187.5920000000	n/a	n/a	STATUS	n/a	n/a	D255
187.8480000000	n/a	n/a	STATUS	n/a	n/a	DIN5
187.9000000000	n/a	n/a	STATUS	n/a	n/a	D255
188.3760000000	n/a	n/a	STATUS	n/a	n/a	D170
188.4280000000	n/a	n/a	STATUS	n/a	n/a	D255
188.4640000000	n/a	n/a	STATUS	n/a	n/a	DI53
188.5160000000	n/a	n/a	STATUS	n/a	n/a	D255
188.8320000000	n/a	n/a	STATUS	n/a	n/a	DI43
188.8840000000	n/a	n/a	STATUS	n/a	n/a	D255
189.1400000000	n/a	n/a	STATUS	n/a	n/a	DIN5
189.1920000000	n/a	n/a	STATUS	n/a	n/a	D255
189.5760000000	n/a	n/a	STATUS	n/a	n/a	DI83
189.6240000000	n/a	n/a	STATUS	n/a	n/a	D255
189.6600000000	n/a	n/a	STATUS	n/a	n/a	DI53
189.7120000000	n/a	n/a	STATUS	n/a	n/a	D255
189.9480000000	n/a	n/a	STATUS	n/a	n/a	DI43
190.0000000000	n/a	n/a	STATUS	n/a	n/a	D255
190.2560000000	n/a	n/a	STATUS	n/a	n/a	DIN5
190.3040000000	n/a	n/a	STATUS	n/a	n/a	D255
190.6600000000	n/a	n/a	STATUS	n/a	n/a	D159
190.7080000000	n/a	n/a	STATUS	n/a	n/a	D255
190.7440000000	n/a	n/a	STATUS	n/a	n/a	DI51
190.7960000000	n/a	n/a	STATUS	n/a	n/a	D255
191.1320000000	n/a	n/a	STATUS	n/a	n/a	DI31
191.1800000000	n/a	n/a	STATUS	n/a	n/a	D255
191.4360000000	n/a	n/a	STATUS	n/a	n/a	DIN5
191.4880000000	n/a	n/a	STATUS	n/a	n/a	D255
191.9800000000	n/a	n/a	STATUS	n/a	n/a	D126
192.0320000000	n/a	n/a	STATUS	n/a	n/a	D255
192.0680000000	n/a	n/a	STATUS	n/a	n/a	DI52
192.1200000000	n/a	n/a	STATUS	n/a	n/a	D255
192.4160000000	n/a	n/a	STATUS	n/a	n/a	DI42
192.4680000000	n/a	n/a	STATUS	n/a	n/a	D255
192.7240000000	n/a	n/a	STATUS	n/a	n/a	DIN5
192.7760000000	n/a	n/a	STATUS	n/a	n/a	D255
193.1240000000	n/a	n/a	STATUS	n/a	n/a	D102
193.1720000000	n/a	n/a	STATUS	n/a	n/a	D255
193.2080000000	n/a	n/a	STATUS	n/a	n/a	DI51
193.2600000000	n/a	n/a	STATUS	n/a	n/a	D255
193.5680000000	n/a	n/a	STATUS	n/a	n/a	DI31
193.6200000000	n/a	n/a	STATUS	n/a	n/a	D255
193.8760000000	n/a	n/a	STATUS	n/a	n/a	DIN5
193.9280000000	n/a	n/a	STATUS	n/a	n/a	D255
194.3720000000	n/a	n/a	STATUS	n/a	n/a	D235
194.4200000000	n/a	n/a	STATUS	n/a	n/a	D255
194.4560000000	n/a	n/a	STATUS	n/a	n/a	DI52
194.5080000000	n/a	n/a	STATUS	n/a	n/a	D255
194.8160000000	n/a	n/a	STATUS	n/a	n/a	DI12
194.8680000000	n/a	n/a	STATUS	n/a	n/a	D255
194.8720000000	n/a	n/a	STATUS	n/a	n/a	DIN4
194.9200000000	n/a	n/a	STATUS	n/a	n/a	D255
195.6760000000	n/a	n/a	STATUS	n/a	n/a	DIN5
195.7240000000	n/a	n/a	STATUS	n/a	n/a	D255
196.1200000000	n/a	n/a	STATUS	n/a	n/a	D189
196.1680000000	n/a	n/a	STATUS	n/a	n/a	D255
196.2040000000	n/a	n/a	STATUS	n/a	n/a	DI54
196.2560000000	n/a	n/a	STATUS	n/a	n/a	D255
196.7120000000	n/a	n/a	STATUS	n/a	n/a	DI34
196.7640000000	n/a	n/a	STATUS	n/a	n/a	D255
197.0200000000	n/a	n/a	STATUS	n/a	n/a	DIN5
197.0720000000	n/a	n/a	STATUS	n/a	n/a	D255
197.3960000000	n/a	n/a	STATUS	n/a	n/a	DI71
197.4440000000	n/a	n/a	STATUS	n/a	n/a	D255
197.4800000000	n/a	n/a	STATUS	n/a	n/a	DI52
197.5320000000	n/a	n/a	STATUS	n/a	n/a	D255
197.8640000000	n/a	n/a	STATUS	n/a	n/a	DI42
197.9120000000	n/a	n/a	STATUS	n/a	n/a	D255
202.8800000000	n/a	n/a	STATUS	n/a	n/a	DIN5
202.9320000000	n/a	n/a	STATUS	n/a	n/a	D255
203.3240000000	n/a	n/a	STATUS	n/a	n/a	DI78
203.3760000000	n/a	n/a	STATUS	n/a	n/a	D255
203.4120000000	n/a	n/a	STATUS	n/a	n/a	DI52
203.4600000000	n/a	n/a	STATUS	n/a	n/a	D255
203.8360000000	n/a	n/a	STATUS	n/a	n/a	DI42
203.8840000000	n/a	n/a	STATUS	n/a	n/a	D255
204.1440000000	n/a	n/a	STATUS	n/a	n/a	DIN5
204.1920000000	n/a	n/a	STATUS	n/a	n/a	D255
204.5240000000	n/a	n/a	STATUS	n/a	n/a	D188
204.5760000000	n/a	n/a	STATUS	n/a	n/a	D255
204.6120000000	n/a	n/a	STATUS	n/a	n/a	DI54
204.6640000000	n/a	n/a	STATUS	n/a	n/a	D255
204.9560000000	n/a	n/a	STATUS	n/a	n/a	DI34
205.0040000000	n/a	n/a	STATUS	n/a	n/a	D255
205.2640000000	n/a	n/a	STATUS	n/a	n/a	DIN5
205.3120000000	n/a	n/a	STATUS	n/a	n/a	D255
205.6520000000	n/a	n/a	STATUS	n/a	n/a	D100
205.7000000000	n/a	n/a	STATUS	n/a	n/a	D255
205.7400000000	n/a	n/a	STATUS	n/a	n/a	DI54
205.7880000000	n/a	n/a	STATUS	n/a	n/a	D255
206.0680000000	n/a	n/a	STATUS	n/a	n/a	DI34
206.1200000000	n/a	n/a	STATUS	n/a	n/a	D255
206.3760000000	n/a	n/a	STATUS	n/a	n/a	DIN5
206.4280000000	n/a	n/a	STATUS	n/a	n/a	D255
206.8120000000	n/a	n/a	STATUS	n/a	n/a	D196
206.8600000000	n/a	n/a	STATUS	n/a	n/a	D255
206.8960000000	n/a	n/a	STATUS	n/a	n/a	DI52
206.9480000000	n/a	n/a	STATUS	n/a	n/a	D255
207.2040000000	n/a	n/a	STATUS	n/a	n/a	DI42
207.2520000000	n/a	n/a	STATUS	n/a	n/a	D255
207.5080000000	n/a	n/a	STATUS	n/a	n/a	DIN5
207.5600000000	n/a	n/a	STATUS	n/a	n/a	D255
207.9400000000	n/a	n/a	STATUS	n/a	n/a	DI69
207.9880000000	n/a	n/a	STATUS	n/a	n/a	D255
208.0240000000	n/a	n/a	STATUS	n/a	n/a	DI52
208.0760000000	n/a	n/a	STATUS	n/a	n/a	D255
208.3880000000	n/a	n/a	STATUS	n/a	n/a	DI42
208.4360000000	n/a	n/a	STATUS	n/a	n/a	D255
208.6960000000	n/a	n/a	STATUS	n/a	n/a	DIN5
208.7440000000	n/a	n/a	STATUS	n/a	n/a	D255
209.2480000000	n/a	n/a	STATUS	n/a	n/a	D185
209.2960000000	n/a	n/a	STATUS	n/a	n/a	D255
209.3360000000	n/a	n/a	STATUS	n/a	n/a	DI52
209.3840000000	n/a	n/a	STATUS	n/a	n/a	D255
209.8680000000	n/a	n/a	STATUS	n/a	n/a	DI42
209.9160000000	n/a	n/a	STATUS	n/a	n/a	D255
210.1760000000	n/a	n/a	STATUS	n/a	n/a	DIN5
210.2240000000	n/a	n/a	STATUS	n/a	n/a	D255
210.2240000000	n/a	n/a	STATUS	n/a	n/a	D197
210.5320000000	n/a	n/a	STATUS	n/a	n/a	D176
210.5840000000	n/a	n/a	STATUS	n/a	n/a	D255
210.6200000000	n/a	n/a	STATUS	n/a	n/a	DI54
210.6720000000	n/a	n/a	STATUS	n/a	n/a	D255
210.9640000000	n/a	n/a	STATUS	n/a	n/a	DI34
211.0160000000	n/a	n/a	STATUS	n/a	n/a	D255
211.2720000000	n/a	n/a	STATUS	n/a	n/a	DIN5
211.3200000000	n/a	n/a	STATUS	n/a	n/a	D255
211.6640000000	n/a	n/a	STATUS	n/a	n/a	D173
211.7160000000	n/a	n/a	STATUS	n/a	n/a	D255
211.7520000000	n/a	n/a	STATUS	n/a	n/a	DI54
211.8000000000	n/a	n/a	STATUS	n/a	n/a	D255
212.0840000000	n/a	n/a	STATUS	n/a	n/a	DI34
212.1360000000	n/a	n/a	STATUS	n/a	n/a	D255
212.3920000000	n/a	n/a	STATUS	n/a	n/a	DIN5
212.4440000000	n/a	n/a	STATUS	n/a	n/a	D255
212.8560000000	n/a	n/a	STATUS	n/a	n/a	DI93
212.9040000000	n/a	n/a	STATUS	n/a	n/a	D255
212.9400000000	n/a	n/a	STATUS	n/a	n/a	DI53
212.9920000000	n/a	n/a	STATUS	n/a	n/a	D255
213.2320000000	n/a	n/a	STATUS	n/a	n/a	DI43
213.2840000000	n/a	n/a	STATUS	n/a	n/a	D255
213.5400000000	n/a	n/a	STATUS	n/a	n/a	DIN5
213.5880000000	n/a	n/a	STATUS	n/a	n/a	D255
213.9600000000	n/a	n/a	STATUS	n/a	n/a	D249
214.0080000000	n/a	n/a	STATUS	n/a	n/a	D255
214.0440000000	n/a	n/a	STATUS	n/a	n/a	DI52
214.0960000000	n/a	n/a	STATUS	n/a	n/a	D255
214.3920000000	n/a	n/a	STATUS	n/a	n/a	DI42
214.4400000000	n/a	n/a	STATUS	n/a	n/a	D255
214.7000000000	n/a	n/a	STATUS	n/a	n/a	DIN5
214.7480000000	n/a	n/a	STATUS	n/a	n/a	D255
215.1840000000	n/a	n/a	STATUS	n/a	n/a	D129
215.2320000000	n/a	n/a	STATUS	n/a	n/a	D255
215.2680000000	n/a	n/a	STATUS	n/a	n/a	DI53
215.3200000000	n/a	n/a	STATUS	n/a	n/a	D255
215.5680000000	n/a	n/a	STATUS	n/a	n/a	DI43
215.6160000000	n/a	n/a	STATUS	n/a	n/a	D255
215.8760000000	n/a	n/a	STATUS	n/a	n/a	DIN5
215.9240000000	n/a	n/a	STATUS	n/a	n/a	D255
216.3680000000	n/a	n/a	STATUS	n/a	n/a	D142
216.4200000000	n/a	n/a	STATUS	n/a	n/a	D255
216.4560000000	n/a	n/a	STATUS	n/a	n/a	DI52
216.5040000000	n/a	n/a	STATUS	n/a	n/a	D255
216.8000000000	n/a	n/a	STATUS	n/a	n/a	DI42
216.8480000000	n/a	n/a	STATUS	n/a	n/a	D255
217.1040000000	n/a	n/a	STATUS	n/a	n/a	DIN5
217.1560000000	n/a	n/a	STATUS	n/a	n/a	D255
217.4680000000	n/a	n/a	STATUS	n/a	n/a	D111
217.5200000000	n/a	n/a	STATUS	n/a	n/a	D255
217.5560000000	n/a	n/a	STATUS	n/a	n/a	DI53
217.6040000000	n/a	n/a	STATUS	n/a	n/a	D255
217.8480000000	n/a	n/a	STATUS	n/a	n/a	DI43
217.9000000000	n/a	n/a	STATUS	n/a	n/a	D255
218.1560000000	n/a	n/a	STATUS	n/a	n/a	DIN5
218.2080000000	n/a	n/a	STATUS	n/a	n/a	D255
218.7080000000	n/a	n/a	STATUS	n/a	n/a	D140
218.7560000000	n/a	n/a	STATUS	n/a	n/a	D255
218.7920000000	n/a	n/a	STATUS	n/a	n/a	DI53
218.8440000000	n/a	n/a	STATUS	n/a	n/a	D255
219.0960000000	n/a	n/a	STATUS	n/a	n/a	DI43
219.1480000000	n/a	n/a	STATUS	n/a	n/a	D255
219.4040000000	n/a	n/a	STATUS	n/a	n/a	DIN5
219.4560000000	n/a	n/a	STATUS	n/a	n/a	D255
219.8520000000	n/a	n/a	STATUS	n/a	n/a	D126
219.9040000000	n/a	n/a	STATUS	n/a	n/a	D255
219.9400000000	n/a	n/a	STATUS	n/a	n/a	DI51
219.9920000000	n/a	n/a	STATUS	n/a	n/a	D255
220.2120000000	n/a	n/a	STATUS	n/a	n/a	DI21
220.2600000000	n/a	n/a	STATUS	n/a	n/a	D255
220.2640000000	n/a	n/a	STATUS	n/a	n/a	DIN4
220.3160000000	n/a	n/a	STATUS	n/a	n/a	D255
221.0680000000	n/a	n/a	STATUS	n/a	n/a	DIN5
221.1200000000	n/a	n/a	STATUS	n/a	n/a	D255
221.4680000000	n/a	n/a	STATUS	n/a	n/a	DI99
221.5160000000	n/a	n/a	STATUS	n/a	n/a	D255
221.5560000000	n/a	n/a	STATUS	n/a	n/a	DI54
221.6040000000	n/a	n/a	STATUS	n/a	n/a	D255
221.9880000000	n/a	n/a	STATUS	n/a	n/a	DI34
222.0360000000	n/a	n/a	STATUS	n/a	n/a	D255
222.2960000000	n/a	n/a	STATUS	n/a	n/a	DIN5
222.3440000000	n/a	n/a	STATUS	n/a	n/a	D255
222.7680000000	n/a	n/a	STATUS	n/a	n/a	DI73
222.8200000000	n/a	n/a	STATUS	n/a	n/a	D255
222.8560000000	n/a	n/a	STATUS	n/a	n/a	DI51
222.9040000000	n/a	n/a	STATUS	n/a	n/a	D255
223.2160000000	n/a	n/a	STATUS	n/a	n/a	DI31
223.2680000000	n/a	n/a	STATUS	n/a	n/a	D255
223.5240000000	n/a	n/a	STATUS	n/a	n/a	DIN5
223.5760000000	n/a	n/a	STATUS	n/a	n/a	D255
223.9520000000	n/a	n/a	STATUS	n/a	n/a	D165
224.0040000000	n/a	n/a	STATUS	n/a	n/a	D255
224.0400000000	n/a	n/a	STATUS	n/a	n/a	DI54
224.0880000000	n/a	n/a	STATUS	n/a	n/a	D255
224.3520000000	n/a	n/a	STATUS	n/a	n/a	DI34
224.4040000000	n/a	n/a	STATUS	n/a	n/a	D255
224.6600000000	n/a	n/a	STATUS	n/a	n/a	DIN5
224.7120000000	n/a	n/a	STATUS	n/a	n/a	D255
225.0640000000	n/a	n/a	STATUS	n/a	n/a	DI65
225.1160000000	n/a	n/a	STATUS	n/a	n/a	D255
225.1520000000	n/a	n/a	STATUS	n/a	n/a	DI54
225.2000000000	n/a	n/a	STATUS	n/a	n/a	D255
225.5040000000	n/a	n/a	STATUS	n/a	n/a	DI34
225.5520000000	n/a	n/a	STATUS	n/a	n/a	D255
225.8080000000	n/a	n/a	STATUS	n/a	n/a	DIN5
225.8600000000	n/a	n/a	STATUS	n/a	n/a	D255
226.1840000000	n/a	n/a	STATUS	n/a	n/a	D186
226.2320000000	n/a	n/a	STATUS	n/a	n/a	D255
226.2720000000	n/a	n/a	STATUS	n/a	n/a	DI51
226.3200000000	n/a	n/a	STATUS	n/a	n/a	D255
226.6800000000	n/a	n/a	STATUS	n/a	n/a	DI31
226.7280000000	n/a	n/a	STATUS	n/a	n/a	D255
226.9880000000	n/a	n/a	STATUS	n/a	n/a	DIN5
227.0360000000	n/a	n/a	STATUS	n/a	n/a	D255
227.3960000000	n/a	n/a	STATUS	n/a	n/a	D199
227.4440000000	n/a	n/a	STATUS	n/a	n/a	D255
227.4840000000	n/a	n/a	STATUS	n/a	n/a	DI53
227.5320000000	n/a	n/a	STATUS	n/a	n/a	D255
227.8520000000	n/a	n/a	STATUS	n/a	n/a	DI43
227.9040000000	n/a	n/a	STATUS	n/a	n/a	D255
228.1600000000	n/a	n/a	STATUS	n/a	n/a	DIN5
228.2080000000	n/a	n/a	STATUS	n/a	n/a	D255
228.6600000000	n/a	n/a	STATUS	n/a	n/a	D154
228.7080000000	n/a	n/a	STATUS	n/a	n/a	D255
228.7440000000	n/a	n/a	STATUS	n/a	n/a	DI52
228.7960000000	n/a	n/a	STATUS	n/a	n/a	D255
229.1160000000	n/a	n/a	STATUS	n/a	n/a	DI42
229.1640000000	n/a	n/a	STATUS	n/a	n/a	D255
229.4240000000	n/a	n/a	STATUS	n/a	n/a	DIN5
229.4720000000	n/a	n/a	STATUS	n/a	n/a	D255
229.8400000000	n/a	n/a	STATUS	n/a	n/a	D106
229.8920000000	n/a	n/a	STATUS	n/a	n/a	D255
229.9280000000	n/a	n/a	STATUS	n/a	n/a	DI53
229.9800000000	n/a	n/a	STATUS	n/a	n/a	D255
230.1920000000	n/a	n/a	STATUS	n/a	n/a	DI43
230.2440000000	n/a	n/a	STATUS	n/a	n/a	D255
230.5000000000	n/a	n/a	STATUS	n/a	n/a	DIN5
230.5520000000	n/a	n/a	STATUS	n/a	n/a	D255
231.0240000000	n/a	n/a	STATUS	n/a	n/a	D251
231.0760000000	n/a	n/a	STATUS	n/a	n/a	D255
231.1120000000	n/a	n/a	STATUS	n/a	n/a	DI54
231.1600000000	n/a	n/a	STATUS	n/a	n/a	D255
231.4040000000	n/a	n/a	STATUS	n/a	n/a	DI34
231.4560000000	n/a	n/a	STATUS	n/a	n/a	D255
231.7120000000	n/a	n/a	STATUS	n/a	n/a	DIN5
231.7640000000	n/a	n/a	STATUS	n/a	n/a	D255
232.1440000000	n/a	n/a	STATUS	n/a	n/a	D219
232.1960000000	n/a	n/a	STATUS	n/a	n/a	D255
232.2320000000	n/a	n/a	STATUS	n/a	n/a	DI52
232.2840000000	n/a	n/a	STATUS	n/a	n/a	D255
232.5720000000	n/a	n/a	STATUS	n/a	n/a	DI42
232.6200000000	n/a	n/a	STATUS	n/a	n/a	D255
232.8760000000	n/a	n/a	STATUS	n/a	n/a	DIN5
232.9280000000	n/a	n/a	STATUS	n/a	n/a	D255
233.3800000000	n/a	n/a	STATUS	n/a	n/a	D225
233.4320000000	n/a	n/a	STATUS	n/a	n/a	D255
233.4680000000	n/a	n/a	STATUS	n/a	n/a	DI53
233.5200000000	n/a	n/a	STATUS	n/a	n/a	D255
233.7600000000	n/a	n/a	STATUS	n/a	n/a	DI43
233.8120000000	n/a	n/a	STATUS	n/a	n/a	D255
234.0680000000	n/a	n/a	STATUS	n/a	n/a	DIN5
234.1160000000	n/a	n/a	STATUS	n/a	n/a	D255
234.4600000000	n/a	n/a	STATUS	n/a	n/a	D171
234.5120000000	n/a	n/a	STATUS	n/a	n/a	D255
234.5480000000	n/a	n/a	STATUS	n/a	n/a	DI54
234.6000000000	n/a	n/a	STATUS	n/a	n/a	D255
234.8680000000	n/a	n/a	STATUS	n/a	n/a	DI34
234.9160000000	n/a	n/a	STATUS	n/a	n/a	D255
235.1720000000	n/a	n/a	STATUS	n/a	n/a	DIN5
235.2240000000	n/a	n/a	STATUS	n/a	n/a	D255
235.6520000000	n/a	n/a	STATUS	n/a	n/a	D216
235.7040000000	n/a	n/a	STATUS	n/a	n/a	D255
235.7400000000	n/a	n/a	STATUS	n/a	n/a	DI52
235.7920000000	n/a	n/a	STATUS	n/a	n/a	D255
236.0720000000	n/a	n/a	STATUS	n/a	n/a	DI42
236.1240000000	n/a	n/a	STATUS	n/a	n/a	D255
236.3800000000	n/a	n/a	STATUS	n/a	n/a	DIN5
236.4280000000	n/a	n/a	STATUS	n/a	n/a	D255
236.8400000000	n/a	n/a	STATUS	n/a	n/a	D243
236.8880000000	n/a	n/a	STATUS	n/a	n/a	D255
236.9240000000	n/a	n/a	STATUS	n/a	n/a	DI54
236.9760000000	n/a	n/a	STATUS	n/a	n/a	D255
237.2120000000	n/a	n/a	STATUS	n/a	n/a	DI34
237.2600000000	n/a	n/a	STATUS	n/a	n/a	D255
237.5160000000	n/a	n/a	STATUS	n/a	n/a	DIN5
237.5680000000	n/a	n/a	STATUS	n/a	n/a	D255
237.9760000000	n/a	n/a	STATUS	n/a	n/a	D135
238.0280000000	n/a	n/a	STATUS	n/a	n/a	D255
238.0640000000	n/a	n/a	STATUS	n/a	n/a	DI53
238.1120000000	n/a	n/a	STATUS	n/a	n/a	D255
238.3360000000	n/a	n/a	STATUS	n/a	n/a	DI43
238.3880000000	n/a	n/a	STATUS	n/a	n/a	D255
238.6440000000	n/a	n/a	STATUS	n/a	n/a	DIN5
238.6920000000	n/a	n/a	STATUS	n/a	n/a	D255
239.1600000000	n/a	n/a	STATUS	n/a	n/a	D244
239.2120000000	n/a	n/a	STATUS	n/a	n/a	D255
239.2480000000	n/a	n/a	STATUS	n/a	n/a	DI52
239.3000000000	n/a	n/a	STATUS	n/a	n/a	D255
239.5120000000	n/a	n/a	STATUS	n/a	n/a	DI12
239.5640000000	n/a	n/a	STATUS	n/a	n/a	DIN4
239.5640000000	n/a	n/a	STATUS	n/a	n/a	D255
239.6160000000	n/a	n/a	STATUS	n/a	n/a	D255
240.3680000000	n/a	n/a	STATUS	n/a	n/a	DIN5
240.4200000000	n/a	n/a	STATUS	n/a	n/a	D255
240.7280000000	n/a	n/a	STATUS	n/a	n/a	D237
240.7800000000	n/a	n/a	STATUS	n/a	n/a	D255
240.8160000000	n/a	n/a	STATUS	n/a	n/a	DI53
240.8640000000	n/a	n/a	STATUS	n/a	n/a	D255
241.1600000000	n/a	n/a	STATUS	n/a	n/a	DI43
241.2120000000	n/a	n/a	STATUS	n/a	n/a	D255
241.4680000000	n/a	n/a	STATUS	n/a	n/a	DIN5
241.5160000000	n/a	n/a	STATUS	n/a	n/a	D255
241.8520000000	n/a	n/a	STATUS	n/a	n/a	DI75
241.9000000000	n/a	n/a	STATUS	n/a	n/a	D255
241.9360000000	n/a	n/a	STATUS	n/a	n/a	DI52
241.9880000000	n/a	n/a	STATUS	n/a	n/a	D255
242.2840000000	n/a	n/a	STATUS	n/a	n/a	DI42
242.3360000000	n/a	n/a	STATUS	n/a	n/a	D255
242.5920000000	n/a	n/a	STATUS	n/a	n/a	DIN5
242.6440000000	n/a	n/a	STATUS	n/a	n/a	D255
242.9440000000	n/a	n/a	STATUS	n/a	n/a	D136
242.9960000000	n/a	n/a	STATUS	n/a	n/a	D255
243.0320000000	n/a	n/a	STATUS	n/a	n/a	DI51
243.0840000000	n/a	n/a	STATUS	n/a	n/a	D255
243.3920000000	n/a	n/a	STATUS	n/a	n/a	DI31
243.4400000000	n/a	n/a	STATUS	n/a	n/a	D255
243.6960000000	n/a	n/a	STATUS	n/a	n/a	DIN5
243.7480000000	n/a	n/a	STATUS	n/a	n/a	D255
244.0720000000	n/a	n/a	STATUS	n/a	n/a	D110
244.1200000000	n/a	n/a	STATUS	n/a	n/a	D255
244.1560000000	n/a	n/a	STATUS	n/a	n/a	DI51
244.2080000000	n/a	n/a	STATUS	n/a	n/a	D255
244.5200000000	n/a	n/a	STATUS	n/a	n/a	DI31
244.5720000000	n/a	n/a	STATUS	n/a	n/a	D255
244.8280000000	n/a	n/a	STATUS	n/a	n/a	DIN5
244.8760000000	n/a	n/a	STATUS	n/a	n/a	D255
245.2360000000	n/a	n/a	STATUS	n/a	n/a	D119
245.2880000000	n/a	n/a	STATUS	n/a	n/a	D255
245.3240000000	n/a	n/a	STATUS	n/a	n/a	DI51
245.3720000000	n/a	n/a	STATUS	n/a	n/a	D255
245.6800000000	n/a	n/a	STATUS	n/a	n/a	DI31
245.7280000000	n/a	n/a	STATUS	n/a	n/a	D255
245.9840000000	n/a	n/a	STATUS	n/a	n/a	DIN5
246.0360000000	n/a	n/a	STATUS	n/a	n/a	D255
246.5280000000	n/a	n/a	STATUS	n/a	n/a	DI82
246.5800000000	n/a	n/a	STATUS	n/a	n/a	D255
246.6160000000	n/a	n/a	STATUS	n/a	n/a	DI51
246.6680000000	n/a	n/a	STATUS	n/a	n/a	D255
246.9680000000	n/a	n/a	STATUS	n/a	n/a	DI31
247.0160000000	n/a	n/a	STATUS	n/a	n/a	D255
247.2760000000	n/a	n/a	STATUS	n/a	n/a	DIN5
247.3240000000	n/a	n/a	STATUS	n/a	n/a	D255
247.7000000000	n/a	n/a	STATUS	n/a	n/a	DI71
247.7480000000	n/a	n/a	STATUS	n/a	n/a	D255
247.7840000000	n/a	n/a	STATUS	n/a	n/a	DI53
247.8360000000	n/a	n/a	STATUS	n/a	n/a	D255
248.0840000000	n/a	n/a	STATUS	n/a	n/a	DI43
248.1360000000	n/a	n/a	STATUS	n/a	n/a	D255
248.3920000000	n/a	n/a	STATUS	n/a	n/a	DIN5
248.4400000000	n/a	n/a	STATUS	n/a	n/a	D255
248.9280000000	n/a	n/a	STATUS	n/a	n/a	D160
248.9800000000	n/a	n/a	STATUS	n/a	n/a	D255
249.0160000000	n/a	n/a	STATUS	n/a	n/a	DI51
249.0680000000	n/a	n/a	STATUS	n/a	n/a	D255
249.3960000000	n/a	n/a	STATUS	n/a	n/a	DI31
249.4440000000	n/a	n/a	STATUS	n/a	n/a	D255
249.7040000000	n/a	n/a	STATUS	n/a	n/a	DIN5
249.7520000000	n/a	n/a	STATUS	n/a	n/a	D255
250.0720000000	n/a	n/a	STATUS	n/a	n/a	D205
250.1200000000	n/a	n/a	STATUS	n/a	n/a	D255
250.1600000000	n/a	n/a	STATUS	n/a	n/a	DI53
250.2080000000	n/a	n/a	STATUS	n/a	n/a	D255
250.5040000000	n/a	n/a	STATUS	n/a	n/a	DI43
250.5520000000	n/a	n/a	STATUS	n/a	n/a	D255
250.8120000000	n/a	n/a	STATUS	n/a	n/a	DIN5
250.8600000000	n/a	n/a	STATUS	n/a	n/a	D255
251.2440000000	n/a	n/a	STATUS	n/a	n/a	DI83
251.2960000000	n/a	n/a	STATUS	n/a	n/a	D255
251.3320000000	n/a	n/a	STATUS	n/a	n/a	DI53
251.3800000000	n/a	n/a	STATUS	n/a	n/a	D255
251.6560000000	n/a	n/a	STATUS	n/a	n/a	DI43
251.7040000000	n/a	n/a	STATUS	n/a	n/a	D255
251.9600000000	n/a	n/a	STATUS	n/a	n/a	DIN5
252.0120000000	n/a	n/a	STATUS	n/a	n/a	D255
252.3560000000	n/a	n/a	STATUS	n/a	n/a	D150
252.4040000000	n/a	n/a	STATUS	n/a	n/a	D255
252.4400000000	n/a	n/a	STATUS	n/a	n/a	DI54
252.4920000000	n/a	n/a	STATUS	n/a	n/a	D255
252.7160000000	n/a	n/a	STATUS	n/a	n/a	DI34
252.7680000000	n/a	n/a	STATUS	n/a	n/a	D255
253.0240000000	n/a	n/a	STATUS	n/a	n/a	DIN5
253.0760000000	n/a	n/a	STATUS	n/a	n/a	D255
253.4160000000	n/a	n/a	STATUS	n/a	n/a	D241
253.4680000000	n/a	n/a	STATUS	n/a	n/a	D255
253.5040000000	n/a	n/a	STATUS	n/a	n/a	DI54
253.5560000000	n/a	n/a	STATUS	n/a	n/a	D255
253.8200000000	n/a	n/a	STATUS	n/a	n/a	DI34
253.8680000000	n/a	n/a	STATUS	n/a	n/a	D255
254.1240000000	n/a	n/a	STATUS	n/a	n/a	DIN5
254.1760000000	n/a	n/a	STATUS	n/a	n/a	D255
254.5040000000	n/a	n/a	STATUS	n/a	n/a	D212
254.5560000000	n/a	n/a	STATUS	n/a	n/a	D255
254.5920000000	n/a	n/a	STATUS	n/a	n/a	DI51
254.6400000000	n/a	n/a	STATUS	n/a	n/a	D255
254.9520000000	n/a	n/a	STATUS	n/a	n/a	DI31
255.0000000000	n/a	n/a	STATUS	n/a	n/a	D255
255.2560000000	n/a	n/a	STATUS	n/a	n/a	DIN5
255.3080000000	n/a	n/a	STATUS	n/a	n/a	D255
255.6560000000	n/a	n/a	STATUS	n/a	n/a	DI89
255.7080000000	n/a	n/a	STATUS	n/a	n/a	D255
255.7440000000	n/a	n/a	STATUS	n/a	n/a	DI51
255.7920000000	n/a	n/a	STATUS	n/a	n/a	D255
256.1000000000	n/a	n/a	STATUS	n/a	n/a	DI31
256.1520000000	n/a	n/a	STATUS	n/a	n/a	D255
256.4080000000	n/a	n/a	STATUS	n/a	n/a	DIN5
256.4600000000	n/a	n/a	STATUS	n/a	n/a	D255
256.7920000000	n/a	n/a	STATUS	n/a	n/a	D233
256.8440000000	n/a	n/a	STATUS	n/a	n/a	D255
256.8800000000	n/a	n/a	STATUS	n/a	n/a	DI51
256.9280000000	n/a	n/a	STATUS	n/a	n/a	D255
257.2200000000	n/a	n/a	STATUS	n/a	n/a	DI31
257.2720000000	n/a	n/a	STATUS	n/a	n/a	D255
257.5280000000	n/a	n/a	STATUS	n/a	n/a	DIN5
257.5800000000	n/a	n/a	STATUS	n/a	n/a	D255
257.8960000000	n/a	n/a	STATUS	n/a	n/a	D161
257.9480000000	n/a	n/a	STATUS	n/a	n/a	D255
257.9840000000	n/a	n/a	STATUS	n/a	n/a	DI53
258.0320000000	n/a	n/a	STATUS	n/a	n/a	D255
258.2680000000	n/a	n/a	STATUS	n/a	n/a	DI43
258.3160000000	n/a	n/a	STATUS	n/a	n/a	D255
258.5760000000	n/a	n/a	STATUS	n/a	n/a	DIN5
258.6240000000	n/a	n/a	STATUS	n/a	n/a	D255
259.0200000000	n/a	n/a	STATUS	n/a	n/a	D177
259.0680000000	n/a	n/a	STATUS	n/a	n/a	D255
259.1040000000	n/a	n/a	STATUS	n/a	n/a	DI51
259.1560000000	n/a	n/a	STATUS	n/a	n/a	D255
259.4360000000	n/a	n/a	STATUS	n/a	n/a	DI31
259.4880000000	n/a	n/a	STATUS	n/a	n/a	D255
259.7440000000	n/a	n/a	STATUS	n/a	n/a	DIN5
259.7920000000	n/a	n/a	STATUS	n/a	n/a	D255
260.2120000000	n/a	n/a	STATUS	n/a	n/a	D167
260.2640000000	n/a	n/a	STATUS	n/a	n/a	D255
260.3000000000	n/a	n/a	STATUS	n/a	n/a	DI51
260.3480000000	n/a	n/a	STATUS	n/a	n/a	D255
260.6720000000	n/a	n/a	STATUS	n/a	n/a	DI31
260.7240000000	n/a	n/a	STATUS	n/a	n/a	D255
260.9800000000	n/a	n/a	STATUS	n/a	n/a	DIN5
261.0320000000	n/a	n/a	STATUS	n/a	n/a	D255
261.3320000000	n/a	n/a	STATUS	n/a	n/a	DI92
261.3840000000	n/a	n/a	STATUS	n/a	n/a	D255
261.4200000000	n/a	n/a	STATUS	n/a	n/a	DI53
261.4720000000	n/a	n/a	STATUS	n/a	n/a	D255
261.7160000000	n/a	n/a	STATUS	n/a	n/a	DI43
261.7680000000	n/a	n/a	STATUS	n/a	n/a	D255
262.0240000000	n/a	n/a	STATUS	n/a	n/a	DIN5
262.0760000000	n/a	n/a	STATUS	n/a	n/a	D255
262.4040000000	n/a	n/a	STATUS	n/a	n/a	D155
262.4520000000	n/a	n/a	STATUS	n/a	n/a	D255
262.4920000000	n/a	n/a	STATUS	n/a	n/a	DI51
262.5400000000	n/a	n/a	STATUS	n/a	n/a	D255
262.8240000000	n/a	n/a	STATUS	n/a	n/a	DI31
262.8760000000	n/a	n/a	STATUS	n/a	n/a	D255
263.1320000000	n/a	n/a	STATUS	n/a	n/a	DIN5
263.1840000000	n/a	n/a	STATUS	n/a	n/a	D255
263.6160000000	n/a	n/a	STATUS	n/a	n/a	D254
263.6680000000	n/a	n/a	STATUS	n/a	n/a	D255
263.7040000000	n/a	n/a	STATUS	n/a	n/a	DI52
263.7520000000	n/a	n/a	STATUS	n/a	n/a	D255
263.9800000000	n/a	n/a	STATUS	n/a	n/a	DI12
264.0320000000	n/a	n/a	STATUS	n/a	n/a	D255
264.0360000000	n/a	n/a	STATUS	n/a	n/a	DIN4
264.0840000000	n/a	n/a	STATUS	n/a	n/a	D255
264.8400000000	n/a	n/a	STATUS	n/a	n/a	DIN5
264.8880000000	n/a	n/a	STATUS	n/a	n/a	D255
264.8880000000	n/a	n/a	STATUS	n/a	n/a	D231
265.3040000000	n/a	n/a	STATUS	n/a	n/a	DI66
265.3520000000	n/a	n/a	STATUS	n/a	n/a	D255
265.3880000000	n/a	n/a	STATUS	n/a	n/a	DI53
265.4400000000	n/a	n/a	STATUS	n/a	n/a	D255
265.7960000000	n/a	n/a	STATUS	n/a	n/a	DI43
265.8480000000	n/a	n/a	STATUS	n/a	n/a	D255
266.1040000000	n/a	n/a	STATUS	n/a	n/a	DIN5
266.1560000000	n/a	n/a	STATUS	n/a	n/a	D255
266.5000000000	n/a	n/a	STATUS	n/a	n/a	DI76
266.5480000000	n/a	n/a	STATUS	n/a	n/a	D255
266.5840000000	n/a	n/a	STATUS	n/a	n/a	DI53
266.6360000000	n/a	n/a	STATUS	n/a	n/a	D255
266.8840000000	n/a	n/a	STATUS	n/a	n/a	DI43
266.9320000000	n/a	n/a	STATUS	n/a	n/a	D255
267.1880000000	n/a	n/a	STATUS	n/a	n/a	DIN5
267.2400000000	n/a	n/a	STATUS	n/a	n/a	D255
267.5600000000	n/a	n/a	STATUS	n/a	n/a	D115
267.6080000000	n/a	n/a	STATUS	n/a	n/a	D255
267.6440000000	n/a	n/a	STATUS	n/a	n/a	DI51
267.6960000000	n/a	n/a	STATUS	n/a	n/a	D255
268.0000000000	n/a	n/a	STATUS	n/a	n/a	DI31
268.0480000000	n/a	n/a	STATUS	n/a	n/a	D255
268.3040000000	n/a	n/a	STATUS	n/a	n/a	DIN5
268.3560000000	n/a	n/a	STATUS	n/a	n/a	D255
268.8200000000	n/a	n/a	STATUS	n/a	n/a	D132
268.8680000000	n/a	n/a	STATUS	n/a	n/a	D255
268.9080000000	n/a	n/a	STATUS	n/a	n/a	DI54
268.9560000000	n/a	n/a	STATUS	n/a	n/a	D255
269.1880000000	n/a	n/a	STATUS	n/a	n/a	DI34
269.2360000000	n/a	n/a	STATUS	n/a	n/a	D255
269.4920000000	n/a	n/a	STATUS	n/a	n/a	DIN5
269.5440000000	n/a	n/a	STATUS	n/a	n/a	D255
269.8960000000	n/a	n/a	STATUS	n/a	n/a	D153
269.9480000000	n/a	n/a	STATUS	n/a	n/a	D255
269.9840000000	n/a	n/a	STATUS	n/a	n/a	DI51
270.0360000000	n/a	n/a	STATUS	n/a	n/a	D255
270.3640000000	n/a	n/a	STATUS	n/a	n/a	DI31
270.4160000000	n/a	n/a	STATUS	n/a	n/a	D255
270.6720000000	n/a	n/a	STATUS	n/a	n/a	DIN5
270.7240000000	n/a	n/a	STATUS	n/a	n/a	D255
271.1160000000	n/a	n/a	STATUS	n/a	n/a	D117
271.1680000000	n/a	n/a	STATUS	n/a	n/a	D255
271.2040000000	n/a	n/a	STATUS	n/a	n/a	DI54
271.2520000000	n/a	n/a	STATUS	n/a	n/a	D255
271.4840000000	n/a	n/a	STATUS	n/a	n/a	DI34
271.5360000000	n/a	n/a	STATUS	n/a	n/a	D255
271.7920000000	n/a	n/a	STATUS	n/a	n/a	DIN5
271.8440000000	n/a	n/a	STATUS	n/a	n/a	D255
272.1920000000	n/a	n/a	STATUS	n/a	n/a	D193
272.2400000000	n/a	n/a	STATUS	n/a	n/a	D255
272.2760000000	n/a	n/a	STATUS	n/a	n/a	DI52
272.3280000000	n/a	n/a	STATUS	n/a	n/a	D255
272.6920000000	n/a	n/a	STATUS	n/a	n/a	DI42
272.7400000000	n/a	n/a	STATUS	n/a	n/a	D255
272.9960000000	n/a	n/a	STATUS	n/a	n/a	DIN5
273.0480000000	n/a	n/a	STATUS	n/a	n/a	D255
273.5000000000	n/a	n/a	STATUS	n/a	n/a	D123
273.5520000000	n/a	n/a	STATUS	n/a	n/a	D255
273.5880000000	n/a	n/a	STATUS	n/a	n/a	DI53
273.6400000000	n/a	n/a	STATUS	n/a	n/a	D255
273.8720000000	n/a	n/a	STATUS	n/a	n/a	DI43
273.9240000000	n/a	n/a	STATUS	n/a	n/a	D255
274.1800000000	n/a	n/a	STATUS	n/a	n/a	DIN5
274.2320000000	n/a	n/a	STATUS	n/a	n/a	D255
274.7240000000	n/a	n/a	STATUS	n/a	n/a	D152
274.7760000000	n/a	n/a	STATUS	n/a	n/a	D255
274.8120000000	n/a	n/a	STATUS	n/a	n/a	DI51
274.8600000000	n/a	n/a	STATUS	n/a	n/a	D255
275.0880000000	n/a	n/a	STATUS	n/a	n/a	DI21
275.1400000000	n/a	n/a	STATUS	n/a	n/a	DI85
275.1400000000	n/a	n/a	STATUS	n/a	n/a	D255
275.1440000000	n/a	n/a	STATUS	n/a	n/a	DIN4
275.1960000000	n/a	n/a	STATUS	n/a	n/a	D255
275.9480000000	n/a	n/a	STATUS	n/a	n/a	DIN5
276.0000000000	n/a	n/a	STATUS	n/a	n/a	D255
276.3600000000	n/a	n/a	STATUS	n/a	n/a	D116
276.4120000000	n/a	n/a	STATUS	n/a	n/a	D255
276.4480000000	n/a	n/a	STATUS	n/a	n/a	DI52
276.5000000000	n/a	n/a	STATUS	n/a	n/a	D255
276.8600000000	n/a	n/a	STATUS	n/a	n/a	DI42
276.9080000000	n/a	n/a	STATUS	n/a	n/a	D255
277.1680000000	n/a	n/a	STATUS	n/a	n/a	DIN5
277.2160000000	n/a	n/a	STATUS	n/a	n/a	D255
277.6320000000	n/a	n/a	STATUS	n/a	n/a	D114
277.6800000000	n/a	n/a	STATUS	n/a	n/a	D255
277.7160000000	n/a	n/a	STATUS	n/a	n/a	DI54
277.7680000000	n/a	n/a	STATUS	n/a	n/a	D255
277.9960000000	n/a	n/a	STATUS	n/a	n/a	DI34
278.0440000000	n/a	n/a	STATUS	n/a	n/a	D255
278.3040000000	n/a	n/a	STATUS	n/a	n/a	DIN5
278.3520000000	n/a	n/a	STATUS	n/a	n/a	D255
278.8560000000	n/a	n/a	STATUS	n/a	n/a	D246
278.9080000000	n/a	n/a	STATUS	n/a	n/a	D255
278.9440000000	n/a	n/a	STATUS	n/a	n/a	DI54
278.9960000000	n/a	n/a	STATUS	n/a	n/a	D255
279.2280000000	n/a	n/a	STATUS	n/a	n/a	DI34
279.2800000000	n/a	n/a	STATUS	n/a	n/a	D255
279.5360000000	n/a	n/a	STATUS	n/a	n/a	DIN5
279.5840000000	n/a	n/a	STATUS	n/a	n/a	D255
279.9600000000	n/a	n/a	STATUS	n/a	n/a	DI95
280.0080000000	n/a	n/a	STATUS	n/a	n/a	D255
280.0480000000	n/a	n/a	STATUS	n/a	n/a	DI51
280.0960000000	n/a	n/a	STATUS	n/a	n/a	D255
280.4080000000	n/a	n/a	STATUS	n/a	n/a	DI31
280.4560000000	n/a	n/a	STATUS	n/a	n/a	D255
280.7120000000	n/a	n/a	STATUS	n/a	n/a	DIN5
280.7640000000	n/a	n/a	STATUS	n/a	n/a	D255
281.0880000000	n/a	n/a	STATUS	n/a	n/a	DI90
281.1400000000	n/a	n/a	STATUS	n/a	n/a	D255
281.1760000000	n/a	n/a	STATUS	n/a	n/a	DI51
281.2240000000	n/a	n/a	STATUS	n/a	n/a	D255
281.5200000000	n/a	n/a	STATUS	n/a	n/a	DI31
281.5720000000	n/a	n/a	STATUS	n/a	n/a	D255
281.8280000000	n/a	n/a	STATUS	n/a	n/a	DIN5
281.8800000000	n/a	n/a	STATUS	n/a	n/a	D255
282.3360000000	n/a	n/a	STATUS	n/a	n/a	D105
282.3880000000	n/a	n/a	STATUS	n/a	n/a	D255
282.4240000000	n/a	n/a	STATUS	n/a	n/a	DI52
282.4760000000	n/a	n/a	STATUS	n/a	n/a	D255
282.8000000000	n/a	n/a	STATUS	n/a	n/a	DI42
282.8520000000	n/a	n/a	STATUS	n/a	n/a	D255
283.1080000000	n/a	n/a	STATUS	n/a	n/a	DIN5
283.1560000000	n/a	n/a	STATUS	n/a	n/a	D255
283.6120000000	n/a	n/a	STATUS	n/a	n/a	D253
283.6600000000	n/a	n/a	STATUS	n/a	n/a	D255
283.7000000000	n/a	n/a	STATUS	n/a	n/a	DI54
283.7480000000	n/a	n/a	STATUS	n/a	n/a	D255
283.9680000000	n/a	n/a	STATUS	n/a	n/a	DI34
284.0200000000	n/a	n/a	STATUS	n/a	n/a	D255
284.2760000000	n/a	n/a	STATUS	n/a	n/a	DIN5
284.3280000000	n/a	n/a	STATUS	n/a	n/a	D255
284.7840000000	n/a	n/a	STATUS	n/a	n/a	D164
284.8360000000	n/a	n/a	STATUS	n/a	n/a	D255
284.8720000000	n/a	n/a	STATUS	n/a	n/a	DI53
284.9240000000	n/a	n/a	STATUS	n/a	n/a	D255
285.2480000000	n/a	n/a	STATUS	n/a	n/a	DI43
285.3000000000	n/a	n/a	STATUS	n/a	n/a	D255
285.5560000000	n/a	n/a	STATUS	n/a	n/a	DIN5
285.6040000000	n/a	n/a	STATUS	n/a	n/a	D255
285.9800000000	n/a	n/a	STATUS	n/a	n/a	D207
286.0280000000	n/a	n/a	STATUS	n/a	n/a	D255
286.0640000000	n/a	n/a	STATUS	n/a	n/a	DI54
286.1160000000	n/a	n/a	STATUS	n/a	n/a	D255
286.3440000000	n/a	n/a	STATUS	n/a	n/a	DI34
286.3920000000	n/a	n/a	STATUS	n/a	n/a	D255
286.6520000000	n/a	n/a	STATUS	n/a	n/a	DIN5
286.7000000000	n/a	n/a	STATUS	n/a	n/a	D255
287.0080000000	n/a	n/a	STATUS	n/a	n/a	D125
287.0600000000	n/a	n/a	STATUS	n/a	n/a	D255
287.0960000000	n/a	n/a	STATUS	n/a	n/a	DI54
287.1480000000	n/a	n/a	STATUS	n/a	n/a	D255
287.4000000000	n/a	n/a	STATUS	n/a	n/a	DI34
287.4480000000	n/a	n/a	STATUS	n/a	n/a	D255
287.7040000000	n/a	n/a	STATUS	n/a	n/a	DIN5
287.7560000000	n/a	n/a	STATUS	n/a	n/a	D255
288.1960000000	n/a	n/a	STATUS	n/a	n/a	D127
288.2440000000	n/a	n/a	STATUS	n/a	n/a	D255
288.2800000000	n/a	n/a	STATUS	n/a	n/a	DI52
288.3320000000	n/a	n/a	STATUS	n/a	n/a	D255
288.6440000000	n/a	n/a	STATUS	n/a	n/a	DI42
288.6920000000	n/a	n/a	STATUS	n/a	n/a	D255
288.9480000000	n/a	n/a	STATUS	n/a	n/a	DIN5
289.0000000000	n/a	n/a	STATUS	n/a	n/a	D255
289.3840000000	n/a	n/a	STATUS	n/a	n/a	D222
289.4320000000	n/a	n/a	STATUS	n/a	n/a	D255
289.4720000000	n/a	n/a	STATUS	n/a	n/a	DI52
289.5200000000	n/a	n/a	STATUS	n/a	n/a	D255
289.8400000000	n/a	n/a	STATUS	n/a	n/a	DI42
289.8880000000	n/a	n/a	STATUS	n/a	n/a	D255
290.1480000000	n/a	n/a	STATUS	n/a	n/a	DIN5
290.1960000000	n/a	n/a	STATUS	n/a	n/a	D255
290.6320000000	n/a	n/a	STATUS	n/a	n/a	D229
290.6800000000	n/a	n/a	STATUS	n/a	n/a	D255
290.7160000000	n/a	n/a	STATUS	n/a	n/a	DI54
290.7680000000	n/a	n/a	STATUS	n/a	n/a	D255
291.0240000000	n/a	n/a	STATUS	n/a	n/a	DI34
291.0720000000	n/a	n/a	STATUS	n/a	n/a	D255
291.3320000000	n/a	n/a	STATUS	n/a	n/a	DIN5
291.3800000000	n/a	n/a	STATUS	n/a	n/a	D255
291.8800000000	n/a	n/a	STATUS	n/a	n/a	D137
291.9280000000	n/a	n/a	STATUS	n/a	n/a	D255
291.9640000000	n/a	n/a	STATUS	n/a	n/a	DI52
292.0160000000	n/a	n/a	STATUS	n/a	n/a	D255
292.3080000000	n/a	n/a	STATUS	n/a	n/a	DI42
292.3600000000	n/a	n/a	STATUS	n/a	n/a	D255
292.6160000000	n/a	n/a	STATUS	n/a	n/a	DIN5
292.6640000000	n/a	n/a	STATUS	n/a	n/a	D255
292.9840000000	n/a	n/a	STATUS	n/a	n/a	D103
292.9840000000	n/a	n/a	STATUS	n/a	n/a	D102
293.0360000000	n/a	n/a	STATUS	n/a	n/a	D255
293.0720000000	n/a	n/a	STATUS	n/a	n/a	DI52
293.1200000000	n/a	n/a	STATUS	n/a	n/a	D255
293.4640000000	n/a	n/a	STATUS	n/a	n/a	DI42
293.5160000000	n/a	n/a	STATUS	n/a	n/a	D255
293.7720000000	n/a	n/a	STATUS	n/a	n/a	DIN5
293.8200000000	n/a	n/a	STATUS	n/a	n/a	D255
294.1920000000	n/a	n/a	STATUS	n/a	n/a	D168
294.2400000000	n/a	n/a	STATUS	n/a	n/a	D255
294.2760000000	n/a	n/a	STATUS	n/a	n/a	DI52
294.3280000000	n/a	n/a	STATUS	n/a	n/a	D255
294.6480000000	n/a	n/a	STATUS	n/a	n/a	DI42
294.7000000000	n/a	n/a	STATUS	n/a	n/a	D255
294.9560000000	n/a	n/a	STATUS	n/a	n/a	DIN5
295.0080000000	n/a	n/a	STATUS	n/a	n/a	D255
295.3600000000	n/a	n/a	STATUS	n/a	n/a	DI81
295.4080000000	n/a	n/a	STATUS	n/a	n/a	D255
295.4440000000	n/a	n/a	STATUS	n/a	n/a	DI53
295.4960000000	n/a	n/a	STATUS	n/a	n/a	D255
295.7920000000	n/a	n/a	STATUS	n/a	n/a	DI43
295.8440000000	n/a	n/a	STATUS	n/a	n/a	D255
296.1000000000	n/a	n/a	STATUS	n/a	n/a	DIN5
296.1520000000	n/a	n/a	STATUS	n/a	n/a	D255
296.4600000000	n/a	n/a	STATUS	n/a	n/a	DI88
296.5080000000	n/a	n/a	STATUS	n/a	n/a	D255
296.5440000000	n/a	n/a	STATUS	n/a	n/a	DI51
296.5960000000	n/a	n/a	STATUS	n/a	n/a	D255
296.9240000000	n/a	n/a	STATUS	n/a	n/a	DI31
296.9720000000	n/a	n/a	STATUS	n/a	n/a	D255
297.2280000000	n/a	n/a	STATUS	n/a	n/a	DIN5
297.2800000000	n/a	n/a	STATUS	n/a	n/a	D255
297.6400000000	n/a	n/a	STATUS	n/a	n/a	D226
297.6880000000	n/a	n/a	STATUS	n/a	n/a	D255
297.7240000000	n/a	n/a	STATUS	n/a	n/a	DI54
297.7760000000	n/a	n/a	STATUS	n/a	n/a	D255
298.0280000000	n/a	n/a	STATUS	n/a	n/a	DI34
298.0800000000	n/a	n/a	STATUS	n/a	n/a	D255
298.3360000000	n/a	n/a	STATUS	n/a	n/a	DIN5
298.3840000000	n/a	n/a	STATUS	n/a	n/a	D255
298.7560000000	n/a	n/a	STATUS	n/a	n/a	D184
298.8040000000	n/a	n/a	STATUS	n/a	n/a	D255
298.8400000000	n/a	n/a	STATUS	n/a	n/a	DI51
298.8920000000	n/a	n/a	STATUS	n/a	n/a	D255
299.2120000000	n/a	n/a	STATUS	n/a	n/a	DI31
299.2600000000	n/a	n/a	STATUS	n/a	n/a	D255
299.5160000000	n/a	n/a	STATUS	n/a	n/a	DIN5
299.5680000000	n/a	n/a	STATUS	n/a	n/a	D255
299.9720000000	n/a	n/a	STATUS	n/a	n/a	D206
300.0200000000	n/a	n/a	STATUS	n/a	n/a	D255
300.0560000000	n/a	n/a	STATUS	n/a	n/a	DI53
300.1080000000	n/a	n/a	STATUS	n/a	n/a	D255
300.3600000000	n/a	n/a	STATUS	n/a	n/a	DI43
300.4080000000	n/a	n/a	STATUS	n/a	n/a	D255
300.6640000000	n/a	n/a	STATUS	n/a	n/a	DIN5
300.7160000000	n/a	n/a	STATUS	n/a	n/a	D255
301.1680000000	n/a	n/a	STATUS	n/a	n/a	DI68
301.2200000000	n/a	n/a	STATUS	n/a	n/a	D255
301.2560000000	n/a	n/a	STATUS	n/a	n/a	DI53
301.3080000000	n/a	n/a	STATUS	n/a	n/a	D255
301.5600000000	n/a	n/a	STATUS	n/a	n/a	DI43
301.6120000000	n/a	n/a	STATUS	n/a	n/a	D255
301.8680000000	n/a	n/a	STATUS	n/a	n/a	DIN5
301.9160000000	n/a	n/a	STATUS	n/a	n/a	D255
302.3440000000	n/a	n/a	STATUS	n/a	n/a	D250
302.3960000000	n/a	n/a	STATUS	n/a	n/a	D255
302.4320000000	n/a	n/a	STATUS	n/a	n/a	DI51
302.4840000000	n/a	n/a	STATUS	n/a	n/a	D255
302.8160000000	n/a	n/a	STATUS	n/a	n/a	DI31
302.8680000000	n/a	n/a	STATUS	n/a	n/a	D255
303.1240000000	n/a	n/a	STATUS	n/a	n/a	DIN5
303.1760000000	n/a	n/a	STATUS	n/a	n/a	D255
303.6040000000	n/a	n/a	STATUS	n/a	n/a	D147
303.6520000000	n/a	n/a	STATUS	n/a	n/a	D255
303.6880000000	n/a	n/a	STATUS	n/a	n/a	DI54
303.7400000000	n/a	n/a	STATUS	n/a	n/a	D255
303.9960000000	n/a	n/a	STATUS	n/a	n/a	DI34
304.0480000000	n/a	n/a	STATUS	n/a	n/a	D255
304.3040000000	n/a	n/a	STATUS	n/a	n/a	DIN5
304.3560000000	n/a	n/a	STATUS	n/a	n/a	D255
304.8240000000	n/a	n/a	STATUS	n/a	n/a	D182
304.8760000000	n/a	n/a	STATUS	n/a	n/a	D255
304.9120000000	n/a	n/a	STATUS	n/a	n/a	DI53
304.9600000000	n/a	n/a	STATUS	n/a	n/a	D255
305.2080000000	n/a	n/a	STATUS	n/a	n/a	DI43
305.2600000000	n/a	n/a	STATUS	n/a	n/a	D255
305.5160000000	n/a	n/a	STATUS	n/a	n/a	DIN5
305.5680000000	n/a	n/a	STATUS	n/a	n/a	D255
305.9360000000	n/a	n/a	STATUS	n/a	n/a	DI86
305.9840000000	n/a	n/a	STATUS	n/a	n/a	D255
306.0200000000	n/a	n/a	STATUS	n/a	n/a	DI52
306.0720000000	n/a	n/a	STATUS	n/a	n/a	D255
306.3680000000	n/a	n/a	STATUS	n/a	n/a	DI42
306.4160000000	n/a	n/a	STATUS	n/a	n/a	D255
306.6760000000	n/a	n/a	STATUS	n/a	n/a	DIN5
306.7240000000	n/a	n/a	STATUS	n/a	n/a	D255
307.0640000000	n/a	n/a	STATUS	n/a	n/a	D138
307.1120000000	n/a	n/a	STATUS	n/a	n/a	D255
307.1520000000	n/a	n/a	STATUS	n/a	n/a	DI52
307.2000000000	n/a	n/a	STATUS	n/a	n/a	D255
307.5240000000	n/a	n/a	STATUS	n/a	n/a	DI42
307.5760000000	n/a	n/a	STATUS	n/a	n/a	D255
307.8320000000	n/a	n/a	STATUS	n/a	n/a	DIN5
307.8800000000	n/a	n/a	STATUS	n/a	n/a	D255
308.1840000000	n/a	n/a	STATUS	n/a	n/a	DI80
308.2360000000	n/a	n/a	STATUS	n/a	n/a	D255
308.2720000000	n/a	n/a	STATUS	n/a	n/a	DI53
308.3240000000	n/a	n/a	STATUS	n/a	n/a	D255
308.6240000000	n/a	n/a	STATUS	n/a	n/a	DI43
308.6760000000	n/a	n/a	STATUS	n/a	n/a	D255
308.9320000000	n/a	n/a	STATUS	n/a	n/a	DIN5
308.9840000000	n/a	n/a	STATUS	n/a	n/a	D255
309.4360000000	n/a	n/a	STATUS	n/a	n/a	D220
309.4840000000	n/a	n/a	STATUS	n/a	n/a	D255
309.5240000000	n/a	n/a	STATUS	n/a	n/a	DI52
309.5720000000	n/a	n/a	STATUS	n/a	n/a	D255
309.9520000000	n/a	n/a	STATUS	n/a	n/a	DI42
310.0000000000	n/a	n/a	STATUS	n/a	n/a	D255
310.2600000000	n/a	n/a	STATUS	n/a	n/a	DIN5
310.3080000000	n/a	n/a	STATUS	n/a	n/a	D255
310.7280000000	n/a	n/a	STATUS	n/a	n/a	D187
310.7760000000	n/a	n/a	STATUS	n/a	n/a	D255
310.8160000000	n/a	n/a	STATUS	n/a	n/a	DI51
310.8640000000	n/a	n/a	STATUS	n/a	n/a	D255
311.1840000000	n/a	n/a	STATUS	n/a	n/a	DI31
311.2360000000	n/a	n/a	STATUS	n/a	n/a	D255
311.4920000000	n/a	n/a	STATUS	n/a	n/a	DIN5
311.5440000000	n/a	n/a	STATUS	n/a	n/a	D255
312.0320000000	n/a	n/a	STATUS	n/a	n/a	D238
312.0800000000	n/a	n/a	STATUS	n/a	n/a	D255
312.1160000000	n/a	n/a	STATUS	n/a	n/a	DI52
312.1680000000	n/a	n/a	STATUS	n/a	n/a	D255
312.4680000000	n/a	n/a	STATUS	n/a	n/a	DI42
312.5160000000	n/a	n/a	STATUS	n/a	n/a	D255
312.7720000000	n/a	n/a	STATUS	n/a	n/a	DIN5
312.8240000000	n/a	n/a	STATUS	n/a	n/a	D255
313.1480000000	n/a	n/a	STATUS	n/a	n/a	DI77
313.1960000000	n/a	n/a	STATUS	n/a	n/a	D255
313.2360000000	n/a	n/a	STATUS	n/a	n/a	DI53
313.2840000000	n/a	n/a	STATUS	n/a	n/a	D255
313.5560000000	n/a	n/a	STATUS	n/a	n/a	DI43
313.6080000000	n/a	n/a	STATUS	n/a	n/a	D255
313.8640000000	n/a	n/a	STATUS	n/a	n/a	DIN5
313.9120000000	n/a	n/a	STATUS	n/a	n/a	D255
314.3680000000	n/a	n/a	STATUS	n/a	n/a	D120
314.4160000000	n/a	n/a	STATUS	n/a	n/a	D255
314.4520000000	n/a	n/a	STATUS	n/a	n/a	DI52
314.5040000000	n/a	n/a	STATUS	n/a	n/a	D255
314.8120000000	n/a	n/a	STATUS	n/a	n/a	DI42
314.8600000000	n/a	n/a	STATUS	n/a	n/a	D255
315.1160000000	n/a	n/a	STATUS	n/a	n/a	DIN5
315.1680000000	n/a	n/a	STATUS	n/a	n/a	D255
315.4800000000	n/a	n/a	STATUS	n/a	n/a	D236
315.5320000000	n/a	n/a	STATUS	n/a	n/a	D255
315.5680000000	n/a	n/a	STATUS	n/a	n/a	DI51
315.6160000000	n/a	n/a	STATUS	n/a	n/a	D255
315.9280000000	n/a	n/a	STATUS	n/a	n/a	DI31
315.9760000000	n/a	n/a	STATUS	n/a	n/a	D255
316.2320000000	n/a	n/a	STATUS	n/a	n/a	DIN5
316.2840000000	n/a	n/a	STATUS	n/a	n/a	D255
316.7760000000	n/a	n/a	STATUS	n/a	n/a	D183
316.8280000000	n/a	n/a	STATUS	n/a	n/a	D255
316.8640000000	n/a	n/a	STATUS	n/a	n/a	DI53
316.9160000000	n/a	n/a	STATUS	n/a	n/a	D255
317.1800000000	n/a	n/a	STATUS	n/a	n/a	DI43
317.2280000000	n/a	n/a	STATUS	n/a	n/a	D255
317.4840000000	n/a	n/a	STATUS	n/a	n/a	DIN5
317.5360000000	n/a	n/a	STATUS	n/a	n/a	D255
317.8600000000	n/a	n/a	STATUS	n/a	n/a	D141
317.9080000000	n/a	n/a	STATUS	n/a	n/a	D255
317.9440000000	n/a	n/a	STATUS	n/a	n/a	DI54
317.9960000000	n/a	n/a	STATUS	n/a	n/a	D255
318.2200000000	n/a	n/a	STATUS	n/a	n/a	DI34
318.2680000000	n/a	n/a	STATUS	n/a	n/a	D255
318.5240000000	n/a	n/a	STATUS	n/a	n/a	DIN5
318.5760000000	n/a	n/a	STATUS	n/a	n/a	D255
319.0440000000	n/a	n/a	STATUS	n/a	n/a	D133
319.0960000000	n/a	n/a	STATUS	n/a	n/a	D255
319.1320000000	n/a	n/a	STATUS	n/a	n/a	DI54
319.1800000000	n/a	n/a	STATUS	n/a	n/a	D255
319.4800000000	n/a	n/a	STATUS	n/a	n/a	DI34
319.5280000000	n/a	n/a	STATUS	n/a	n/a	D255
319.7880000000	n/a	n/a	STATUS	n/a	n/a	DIN5
319.8360000000	n/a	n/a	STATUS	n/a	n/a	D255
320.1800000000	n/a	n/a	STATUS	n/a	n/a	D139
320.2320000000	n/a	n/a	STATUS	n/a	n/a	D255
320.2680000000	n/a	n/a	STATUS	n/a	n/a	DI54
320.3160000000	n/a	n/a	STATUS	n/a	n/a	D255
320.5920000000	n/a	n/a	STATUS	n/a	n/a	DI34
320.6400000000	n/a	n/a	STATUS	n/a	n/a	D255
320.9000000000	n/a	n/a	STATUS	n/a	n/a	DIN5
320.9480000000	n/a	n/a	STATUS	n/a	n/a	D255
321.3440000000	n/a	n/a	STATUS	n/a	n/a	D232
321.3920000000	n/a	n/a	STATUS	n/a	n/a	D255
321.4320000000	n/a	n/a	STATUS	n/a	n/a	DI51
321.4800000000	n/a	n/a	STATUS	n/a	n/a	D255
321.7640000000	n/a	n/a	STATUS	n/a	n/a	DI31
321.8160000000	n/a	n/a	STATUS	n/a	n/a	D255
324.3960000000	n/a	n/a	STATUS	n/a	n/a	DIN5
324.4440000000	n/a	n/a	STATUS	n/a	n/a	D255
324.9400000000	n/a	n/a	STATUS	n/a	n/a	D197
324.9880000000	n/a	n/a	STATUS	n/a	n/a	D255
325.0240000000	n/a	n/a	STATUS	n/a	n/a	DI53
325.0760000000	n/a	n/a	STATUS	n/a	n/a	D255
325.4240000000	n/a	n/a	STATUS	n/a	n/a	DI43
325.4760000000	n/a	n/a	STATUS	n/a	n/a	D255
325.7320000000	n/a	n/a	STATUS	n/a	n/a	DIN5
325.7800000000	n/a	n/a	STATUS	n/a	n/a	D255
326.2160000000	n/a	n/a	STATUS	n/a	n/a	D125
326.2640000000	n/a	n/a	STATUS	n/a	n/a	D255
326.3000000000	n/a	n/a	STATUS	n/a	n/a	DI51
326.3520000000	n/a	n/a	STATUS	n/a	n/a	D255
326.6680000000	n/a	n/a	STATUS	n/a	n/a	DI31
326.7200000000	n/a	n/a	STATUS	n/a	n/a	D255
326.9760000000	n/a	n/a	STATUS	n/a	n/a	DIN5
327.0240000000	n/a	n/a	STATUS	n/a	n/a	D255
327.4960000000	n/a	n/a	STATUS	n/a	n/a	D140
327.5440000000	n/a	n/a	STATUS	n/a	n/a	D255
327.5800000000	n/a	n/a	STATUS	n/a	n/a	DI53
327.6320000000	n/a	n/a	STATUS	n/a	n/a	D255
327.8680000000	n/a	n/a	STATUS	n/a	n/a	DI43
327.9200000000	n/a	n/a	STATUS	n/a	n/a	D255
328.1760000000	n/a	n/a	STATUS	n/a	n/a	DIN5
328.2280000000	n/a	n/a	STATUS	n/a	n/a	D255
328.6840000000	n/a	n/a	STATUS	n/a	n/a	D199
328.7360000000	n/a	n/a	STATUS	n/a	n/a	D255
328.7720000000	n/a	n/a	STATUS	n/a	n/a	DI51
328.8200000000	n/a	n/a	STATUS	n/a	n/a	D255
329.0280000000	n/a	n/a	STATUS	n/a	n/a	DI21
329.0800000000	n/a	n/a	STATUS	n/a	n/a	D255
329.0840000000	n/a	n/a	STATUS	n/a	n/a	DIN4
329.1320000000	n/a	n/a	STATUS	n/a	n/a	D255
329.8880000000	n/a	n/a	STATUS	n/a	n/a	DIN5
329.9360000000	n/a	n/a	STATUS	n/a	n/a	D255
330.3240000000	n/a	n/a	STATUS	n/a	n/a	D221
330.3760000000	n/a	n/a	STATUS	n/a	n/a	D255
330.4120000000	n/a	n/a	STATUS	n/a	n/a	DI51
330.4600000000	n/a	n/a	STATUS	n/a	n/a	D255
330.8360000000	n/a	n/a	STATUS	n/a	n/a	DI31
330.8880000000	n/a	n/a	STATUS	n/a	n/a	D255
331.1440000000	n/a	n/a	STATUS	n/a	n/a	DIN5
331.1960000000	n/a	n/a	STATUS	n/a	n/a	D255
331.5240000000	n/a	n/a	STATUS	n/a	n/a	D228
331.5720000000	n/a	n/a	STATUS	n/a	n/a	D255
331.6120000000	n/a	n/a	STATUS	n/a	n/a	DI52
331.6600000000	n/a	n/a	STATUS	n/a	n/a	D255
331.9320000000	n/a	n/a	STATUS	n/a	n/a	DI42
331.9840000000	n/a	n/a	STATUS	n/a	n/a	D255
332.2400000000	n/a	n/a	STATUS	n/a	n/a	DIN5
332.2880000000	n/a	n/a	STATUS	n/a	n/a	D255
332.7680000000	n/a	n/a	STATUS	n/a	n/a	DI79
332.8200000000	n/a	n/a	STATUS	n/a	n/a	D255
332.8560000000	n/a	n/a	STATUS	n/a	n/a	DI54
332.9040000000	n/a	n/a	STATUS	n/a	n/a	D255
333.1960000000	n/a	n/a	STATUS	n/a	n/a	DI34
333.2440000000	n/a	n/a	STATUS	n/a	n/a	D255
333.5000000000	n/a	n/a	STATUS	n/a	n/a	DIN5
333.5520000000	n/a	n/a	STATUS	n/a	n/a	D255
333.8600000000	n/a	n/a	STATUS	n/a	n/a	DI99
333.9120000000	n/a	n/a	STATUS	n/a	n/a	D255
333.9480000000	n/a	n/a	STATUS	n/a	n/a	DI52
333.9960000000	n/a	n/a	STATUS	n/a	n/a	D255
334.2600000000	n/a	n/a	STATUS	n/a	n/a	DI42
334.3120000000	n/a	n/a	STATUS	n/a	n/a	D255
334.5680000000	n/a	n/a	STATUS	n/a	n/a	DIN5
334.6200000000	n/a	n/a	STATUS	n/a	n/a	D255
334.9560000000	n/a	n/a	STATUS	n/a	n/a	D131
335.0080000000	n/a	n/a	STATUS	n/a	n/a	D255
335.0440000000	n/a	n/a	STATUS	n/a	n/a	DI52
335.0920000000	n/a	n/a	STATUS	n/a	n/a	D255
335.3680000000	n/a	n/a	STATUS	n/a	n/a	DI42
335.4200000000	n/a	n/a	STATUS	n/a	n/a	D255
335.6760000000	n/a	n/a	STATUS	n/a	n/a	DIN5
335.7280000000	n/a	n/a	STATUS	n/a	n/a	D255
336.0760000000	n/a	n/a	STATUS	n/a	n/a	D137
336.1240000000	n/a	n/a	STATUS	n/a	n/a	D255
336.1640000000	n/a	n/a	STATUS	n/a	n/a	DI53
336.2120000000	n/a	n/a	STATUS	n/a	n/a	D255
336.4560000000	n/a	n/a	STATUS	n/a	n/a	DI43
336.5040000000	n/a	n/a	STATUS	n/a	n/a	D255
336.5040000000	n/a	n/a	STATUS	n/a	n/a	D171
336.7600000000	n/a	n/a	STATUS	n/a	n/a	DIN5
336.8120000000	n/a	n/a	STATUS	n/a	n/a	D255
337.2200000000	n/a	n/a	STATUS	n/a	n/a	D184
337.2720000000	n/a	n/a	STATUS	n/a	n/a	D255
337.3080000000	n/a	n/a	STATUS	n/a	n/a	DI52
337.3560000000	n/a	n/a	STATUS	n/a	n/a	D255
337.6080000000	n/a	n/a	STATUS	n/a	n/a	DI12
337.6560000000	n/a	n/a	STATUS	n/a	n/a	D255
337.6600000000	n/a	n/a	STATUS	n/a	n/a	DIN4
337.7120000000	n/a	n/a	STATUS	n/a	n/a	D255
338.4640000000	n/a	n/a	STATUS	n/a	n/a	DIN5
338.5160000000	n/a	n/a	STATUS	n/a	n/a	D255
338.8680000000	n/a	n/a	STATUS	n/a	n/a	D126
338.9200000000	n/a	n/a	STATUS	n/a	n/a	D255
338.9560000000	n/a	n/a	STATUS	n/a	n/a	DI54
339.0040000000	n/a	n/a	STATUS	n/a	n/a	D255
339.5520000000	n/a	n/a	STATUS	n/a	n/a	DI34
339.6040000000	n/a	n/a	STATUS	n/a	n/a	D255
339.8600000000	n/a	n/a	STATUS	n/a	n/a	DIN5
339.9120000000	n/a	n/a	STATUS	n/a	n/a	D255
340.3840000000	n/a	n/a	STATUS	n/a	n/a	D237
340.4360000000	n/a	n/a	STATUS	n/a	n/a	D255
340.4720000000	n/a	n/a	STATUS	n/a	n/a	DI54
340.5240000000	n/a	n/a	STATUS	n/a	n/a	D255
340.8040000000	n/a	n/a	STATUS	n/a	n/a	DI34
340.8560000000	n/a	n/a	STATUS	n/a	n/a	D255
341.1120000000	n/a	n/a	STATUS	n/a	n/a	DIN5
341.1640000000	n/a	n/a	STATUS	n/a	n/a	D255
341.6600000000	n/a	n/a	STATUS	n/a	n/a	D101
341.7120000000	n/a	n/a	STATUS	n/a	n/a	D255
341.7480000000	n/a	n/a	STATUS	n/a	n/a	DI53
341.8000000000	n/a	n/a	STATUS	n/a	n/a	D255
342.0040000000	n/a	n/a	STATUS	n/a	n/a	DI43
342.0520000000	n/a	n/a	STATUS	n/a	n/a	D255
342.3120000000	n/a	n/a	STATUS	n/a	n/a	DIN5
342.3600000000	n/a	n/a	STATUS	n/a	n/a	D255
342.6680000000	n/a	n/a	STATUS	n/a	n/a	D106
342.7200000000	n/a	n/a	STATUS	n/a	n/a	D255
342.7560000000	n/a	n/a	STATUS	n/a	n/a	DI53
342.8040000000	n/a	n/a	STATUS	n/a	n/a	D255
343.0160000000	n/a	n/a	STATUS	n/a	n/a	DI43
343.0640000000	n/a	n/a	STATUS	n/a	n/a	D255
343.3200000000	n/a	n/a	STATUS	n/a	n/a	DIN5
343.3720000000	n/a	n/a	STATUS	n/a	n/a	D255
343.6760000000	n/a	n/a	STATUS	n/a	n/a	DI81
343.7240000000	n/a	n/a	STATUS	n/a	n/a	D255
343.7640000000	n/a	n/a	STATUS	n/a	n/a	DI51
343.8120000000	n/a	n/a	STATUS	n/a	n/a	D255
344.0880000000	n/a	n/a	STATUS	n/a	n/a	DI31
344.1360000000	n/a	n/a	STATUS	n/a	n/a	D255
344.3960000000	n/a	n/a	STATUS	n/a	n/a	DIN5
344.4440000000	n/a	n/a	STATUS	n/a	n/a	D255
344.9000000000	n/a	n/a	STATUS	n/a	n/a	D190
344.9480000000	n/a	n/a	STATUS	n/a	n/a	D255
344.9880000000	n/a	n/a	STATUS	n/a	n/a	DI53
345.0360000000	n/a	n/a	STATUS	n/a	n/a	D255
345.2480000000	n/a	n/a	STATUS	n/a	n/a	DI43
345.2960000000	n/a	n/a	STATUS	n/a	n/a	D239
345.3000000000	n/a	n/a	STATUS	n/a	n/a	D255
345.5520000000	n/a	n/a	STATUS	n/a	n/a	DIN5
345.6040000000	n/a	n/a	STATUS	n/a	n/a	D255
346.0680000000	n/a	n/a	STATUS	n/a	n/a	D213
346.1160000000	n/a	n/a	STATUS	n/a	n/a	D255
346.1560000000	n/a	n/a	STATUS	n/a	n/a	DI52
346.2040000000	n/a	n/a	STATUS	n/a	n/a	D255
346.4920000000	n/a	n/a	STATUS	n/a	n/a	DI42
346.5440000000	n/a	n/a	STATUS	n/a	n/a	D255
346.8000000000	n/a	n/a	STATUS	n/a	n/a	DIN5
346.8520000000	n/a	n/a	STATUS	n/a	n/a	D255
347.3480000000	n/a	n/a	STATUS	n/a	n/a	DI65
347.4000000000	n/a	n/a	STATUS	n/a	n/a	D255
347.4360000000	n/a	n/a	STATUS	n/a	n/a	DI51
347.4840000000	n/a	n/a	STATUS	n/a	n/a	D255
347.7640000000	n/a	n/a	STATUS	n/a	n/a	DI31
347.8160000000	n/a	n/a	STATUS	n/a	n/a	D255
348.0720000000	n/a	n/a	STATUS	n/a	n/a	DIN5
348.1200000000	n/a	n/a	STATUS	n/a	n/a	D255
348.5640000000	n/a	n/a	STATUS	n/a	n/a	D185
348.6160000000	n/a	n/a	STATUS	n/a	n/a	D255
348.6520000000	n/a	n/a	STATUS	n/a	n/a	DI52
348.7040000000	n/a	n/a	STATUS	n/a	n/a	D255
348.9400000000	n/a	n/a	STATUS	n/a	n/a	DI42
348.9920000000	n/a	n/a	STATUS	n/a	n/a	D255
349.2480000000	n/a	n/a	STATUS	n/a	n/a	DIN5
349.3000000000	n/a	n/a	STATUS	n/a	n/a	D255
349.6120000000	n/a	n/a	STATUS	n/a	n/a	DI69
349.6640000000	n/a	n/a	STATUS	n/a	n/a	D255
349.7000000000	n/a	n/a	STATUS	n/a	n/a	DI52
349.7480000000	n/a	n/a	STATUS	n/a	n/a	D255
350.0240000000	n/a	n/a	STATUS	n/a	n/a	DI42
350.0720000000	n/a	n/a	STATUS	n/a	n/a	D255
350.3280000000	n/a	n/a	STATUS	n/a	n/a	DIN5
350.3800000000	n/a	n/a	STATUS	n/a	n/a	D255
350.7440000000	n/a	n/a	STATUS	n/a	n/a	D252
350.7920000000	n/a	n/a	STATUS	n/a	n/a	D255
350.8320000000	n/a	n/a	STATUS	n/a	n/a	DI51
350.8800000000	n/a	n/a	STATUS	n/a	n/a	D255
351.1800000000	n/a	n/a	STATUS	n/a	n/a	DI31
351.2280000000	n/a	n/a	STATUS	n/a	n/a	D255
351.4880000000	n/a	n/a	STATUS	n/a	n/a	DIN5
351.5360000000	n/a	n/a	STATUS	n/a	n/a	D255
351.9400000000	n/a	n/a	STATUS	n/a	n/a	D233
351.9920000000	n/a	n/a	STATUS	n/a	n/a	D255
352.0280000000	n/a	n/a	STATUS	n/a	n/a	DI51
352.0760000000	n/a	n/a	STATUS	n/a	n/a	D255
352.3840000000	n/a	n/a	STATUS	n/a	n/a	DI31
352.4320000000	n/a	n/a	STATUS	n/a	n/a	D255
352.6880000000	n/a	n/a	STATUS	n/a	n/a	DIN5
352.7400000000	n/a	n/a	STATUS	n/a	n/a	D255
353.2440000000	n/a	n/a	STATUS	n/a	n/a	D219
353.2920000000	n/a	n/a	STATUS	n/a	n/a	D255
353.3280000000	n/a	n/a	STATUS	n/a	n/a	DI53
353.3800000000	n/a	n/a	STATUS	n/a	n/a	D255
353.6240000000	n/a	n/a	STATUS	n/a	n/a	DI43
353.6760000000	n/a	n/a	STATUS	n/a	n/a	D255
353.9320000000	n/a	n/a	STATUS	n/a	n/a	DIN5
353.9840000000	n/a	n/a	STATUS	n/a	n/a	D255
354.2960000000	n/a	n/a	STATUS	n/a	n/a	D181
354.3480000000	n/a	n/a	STATUS	n/a	n/a	D255
354.3840000000	n/a	n/a	STATUS	n/a	n/a	DI54
354.4360000000	n/a	n/a	STATUS	n/a	n/a	D255
354.7080000000	n/a	n/a	STATUS	n/a	n/a	DI24
354.7560000000	n/a	n/a	STATUS	n/a	n/a	D255
354.7600000000	n/a	n/a	STATUS	n/a	n/a	DIN4
354.8120000000	n/a	n/a	STATUS	n/a	n/a	D255
355.5640000000	n/a	n/a	STATUS	n/a	n/a	DIN5
355.6160000000	n/a	n/a	STATUS	n/a	n/a	D255
355.9200000000	n/a	n/a	STATUS	n/a	n/a	DI97
355.9680000000	n/a	n/a	STATUS	n/a	n/a	D255
356.0040000000	n/a	n/a	STATUS	n/a	n/a	DI54
356.0560000000	n/a	n/a	STATUS	n/a	n/a	D255
356.2840000000	n/a	n/a	STATUS	n/a	n/a	DI34
356.3320000000	n/a	n/a	STATUS	n/a	n/a	D255
356.5880000000	n/a	n/a	STATUS	n/a	n/a	DIN5
356.6400000000	n/a	n/a	STATUS	n/a	n/a	D255
357.1320000000	n/a	n/a	STATUS	n/a	n/a	D183
357.1840000000	n/a	n/a	STATUS	n/a	n/a	D255
357.2200000000	n/a	n/a	STATUS	n/a	n/a	DI51
357.2720000000	n/a	n/a	STATUS	n/a	n/a	D255
357.4760000000	n/a	n/a	STATUS	n/a	n/a	DI21
357.5240000000	n/a	n/a	STATUS	n/a	n/a	D255
357.5280000000	n/a	n/a	STATUS	n/a	n/a	DIN4
357.5800000000	n/a	n/a	STATUS	n/a	n/a	D255
358.3320000000	n/a	n/a	STATUS	n/a	n/a	DIN5
358.3840000000	n/a	n/a	STATUS	n/a	n/a	D255
358.8760000000	n/a	n/a	STATUS	n/a	n/a	D156
358.9280000000	n/a	n/a	STATUS	n/a	n/a	D255
358.9640000000	n/a	n/a	STATUS	n/a	n/a	DI52
359.0120000000	n/a	n/a	STATUS	n/a	n/a	D255
359.3200000000	n/a	n/a	STATUS	n/a	n/a	DI42
359.3720000000	n/a	n/a	STATUS	n/a	n/a	D255
359.6280000000	n/a	n/a	STATUS	n/a	n/a	DIN5
359.6800000000	n/a	n/a	STATUS	n/a	n/a	D255
360.0920000000	n/a	n/a	STATUS	n/a	n/a	D179
360.1400000000	n/a	n/a	STATUS	n/a	n/a	D255
360.1800000000	n/a	n/a	STATUS	n/a	n/a	DI51
360.2280000000	n/a	n/a	STATUS	n/a	n/a	D255
360.4800000000	n/a	n/a	STATUS	n/a	n/a	DI31
360.5320000000	n/a	n/a	STATUS	n/a	n/a	D255
360.7880000000	n/a	n/a	STATUS	n/a	n/a	DIN5
360.8360000000	n/a	n/a	STATUS	n/a	n/a	D255
361.1440000000	n/a	n/a	STATUS	n/a	n/a	D194
361.1960000000	n/a	n/a	STATUS	n/a	n/a	D255
361.1960000000	n/a	n/a	STATUS	n/a	n/a	D251
361.2320000000	n/a	n/a	STATUS	n/a	n/a	DI51
361.2840000000	n/a	n/a	STATUS	n/a	n/a	D255
361.5440000000	n/a	n/a	STATUS	n/a	n/a	DI31
361.5960000000	n/a	n/a	STATUS	n/a	n/a	D255
361.8520000000	n/a	n/a	STATUS	n/a	n/a	DIN5
361.9040000000	n/a	n/a	STATUS	n/a	n/a	D255
362.2920000000	n/a	n/a	STATUS	n/a	n/a	DI70
362.3400000000	n/a	n/a	STATUS	n/a	n/a	D255
362.3760000000	n/a	n/a	STATUS	n/a	n/a	DI52
362.4280000000	n/a	n/a	STATUS	n/a	n/a	D255
362.5920000000	n/a	n/a	STATUS	n/a	n/a	DI12
362.6440000000	n/a	n/a	STATUS	n/a	n/a	D255
362.6480000000	n/a	n/a	STATUS	n/a	n/a	DIN4
362.6960000000	n/a	n/a	STATUS	n/a	n/a	D255
363.4520000000	n/a	n/a	STATUS	n/a	n/a	DIN5
363.5000000000	n/a	n/a	STATUS	n/a	n/a	D255
363.8360000000	n/a	n/a	STATUS	n/a	n/a	DI71
363.8840000000	n/a	n/a	STATUS	n/a	n/a	D255
363.9200000000	n/a	n/a	STATUS	n/a	n/a	DI51
363.9720000000	n/a	n/a	STATUS	n/a	n/a	D255
364.2560000000	n/a	n/a	STATUS	n/a	n/a	DI31
364.3080000000	n/a	n/a	STATUS	n/a	n/a	D255
364.5640000000	n/a	n/a	STATUS	n/a	n/a	DIN5
364.6160000000	n/a	n/a	STATUS	n/a	n/a	D255
365.0000000000	n/a	n/a	STATUS	n/a	n/a	DI86
365.0480000000	n/a	n/a	STATUS	n/a	n/a	D255
365.0840000000	n/a	n/a	STATUS	n/a	n/a	DI52
365.1360000000	n/a	n/a	STATUS	n/a	n/a	D255
365.3880000000	n/a	n/a	STATUS	n/a	n/a	DI42
365.4400000000	n/a	n/a	STATUS	n/a	n/a	D255
365.6960000000	n/a	n/a	STATUS	n/a	n/a	DIN5
365.7440000000	n/a	n/a	STATUS	n/a	n/a	D255
366.2480000000	n/a	n/a	STATUS	n/a	n/a	D251
366.3000000000	n/a	n/a	STATUS	n/a	n/a	D255
366.3360000000	n/a	n/a	STATUS	n/a	n/a	DI54
366.3840000000	n/a	n/a	STATUS	n/a	n/a	D255
366.6360000000	n/a	n/a	STATUS	n/a	n/a	DI34
366.6840000000	n/a	n/a	STATUS	n/a	n/a	D255
366.9440000000	n/a	n/a	STATUS	n/a	n/a	DIN5
366.9920000000	n/a	n/a	STATUS	n/a	n/a	D255
367.4240000000	n/a	n/a	STATUS	n/a	n/a	DI78
367.4760000000	n/a	n/a	STATUS	n/a	n/a	D255
367.5120000000	n/a	n/a	STATUS	n/a	n/a	DI53
367.5640000000	n/a	n/a	STATUS	n/a	n/a	D255
367.8000000000	n/a	n/a	STATUS	n/a	n/a	DI43
367.8520000000	n/a	n/a	STATUS	n/a	n/a	D255
368.1080000000	n/a	n/a	STATUS	n/a	n/a	DIN5
368.1600000000	n/a	n/a	STATUS	n/a	n/a	D255
368.5960000000	n/a	n/a	STATUS	n/a	n/a	DI90
368.6480000000	n/a	n/a	STATUS	n/a	n/a	D255
368.6840000000	n/a	n/a	STATUS	n/a	n/a	DI54
368.7320000000	n/a	n/a	STATUS	n/a	n/a	D255
368.9600000000	n/a	n/a	STATUS	n/a	n/a	DI34
369.0120000000	n/a	n/a	STATUS	n/a	n/a	D255
369.2680000000	n/a	n/a	STATUS	n/a	n/a	DIN5
369.3160000000	n/a	n/a	STATUS	n/a	n/a	D255
369.6960000000	n/a	n/a	STATUS	n/a	n/a	D177
369.7440000000	n/a	n/a	STATUS	n/a	n/a	D255
369.7840000000	n/a	n/a	STATUS	n/a	n/a	DI51
369.8320000000	n/a	n/a	STATUS	n/a	n/a	D255
370.1360000000	n/a	n/a	STATUS	n/a	n/a	DI31
370.1880000000	n/a	n/a	STATUS	n/a	n/a	D255
370.4440000000	n/a	n/a	STATUS	n/a	n/a	DIN5
370.4960000000	n/a	n/a	STATUS	n/a	n/a	D255
370.9480000000	n/a	n/a	STATUS	n/a	n/a	D150
371.0000000000	n/a	n/a	STATUS	n/a	n/a	D255
371.0360000000	n/a	n/a	STATUS	n/a	n/a	DI52
371.0840000000	n/a	n/a	STATUS	n/a	n/a	D255
371.3480000000	n/a	n/a	STATUS	n/a	n/a	DI42
371.4000000000	n/a	n/a	STATUS	n/a	n/a	D255
371.6560000000	n/a	n/a	STATUS	n/a	n/a	DIN5
371.7040000000	n/a	n/a	STATUS	n/a	n/a	D255
372.1000000000	n/a	n/a	STATUS	n/a	n/a	D141
372.1480000000	n/a	n/a	STATUS	n/a	n/a	D255
372.1840000000	n/a	n/a	STATUS	n/a	n/a	DI54
372.2360000000	n/a	n/a	STATUS	n/a	n/a	D255
372.4600000000	n/a	n/a	STATUS	n/a	n/a	DI34
372.5120000000	n/a	n/a	STATUS	n/a	n/a	D255
372.7680000000	n/a	n/a	STATUS	n/a	n/a	DIN5
372.8160000000	n/a	n/a	STATUS	n/a	n/a	D255
373.1240000000	n/a	n/a	STATUS	n/a	n/a	D152
373.1760000000	n/a	n/a	STATUS	n/a	n/a	D255
373.2120000000	n/a	n/a	STATUS	n/a	n/a	DI52
373.2640000000	n/a	n/a	STATUS	n/a	n/a	D255
373.5600000000	n/a	n/a	STATUS	n/a	n/a	DI42
373.6120000000	n/a	n/a	STATUS	n/a	n/a	D255
373.8680000000	n/a	n/a	STATUS	n/a	n/a	DIN5
373.9160000000	n/a	n/a	STATUS	n/a	n/a	D255
374.2400000000	n/a	n/a	STATUS	n/a	n/a	D229
374.2920000000	n/a	n/a	STATUS	n/a	n/a	D255
374.3280000000	n/a	n/a	STATUS	n/a	n/a	DI52
374.3760000000	n/a	n/a	STATUS	n/a	n/a	D255
374.6720000000	n/a	n/a	STATUS	n/a	n/a	DI42
374.7200000000	n/a	n/a	STATUS	n/a	n/a	D255
374.9800000000	n/a	n/a	STATUS	n/a	n/a	DIN5
375.0280000000	n/a	n/a	STATUS	n/a	n/a	D255
375.5280000000	n/a	n/a	STATUS	n/a	n/a	DI96
375.5760000000	n/a	n/a	STATUS	n/a	n/a	D255
375.6120000000	n/a	n/a	STATUS	n/a	n/a	DI53
375.6640000000	n/a	n/a	STATUS	n/a	n/a	D255
375.8920000000	n/a	n/a	STATUS	n/a	n/a	DI43
375.9440000000	n/a	n/a	STATUS	n/a	n/a	D255
376.2000000000	n/a	n/a	STATUS	n/a	n/a	DIN5
376.2520000000	n/a	n/a	STATUS	n/a	n/a	D255
376.5680000000	n/a	n/a	STATUS	n/a	n/a	D161
376.6200000000	n/a	n/a	STATUS	n/a	n/a	D255
376.6560000000	n/a	n/a	STATUS	n/a	n/a	DI51
376.7040000000	n/a	n/a	STATUS	n/a	n/a	D255
377.0080000000	n/a	n/a	STATUS	n/a	n/a	DI31
377.0600000000	n/a	n/a	STATUS	n/a	n/a	D255
377.3160000000	n/a	n/a	STATUS	n/a	n/a	DIN5
377.3640000000	n/a	n/a	STATUS	n/a	n/a	D255
377.6880000000	n/a	n/a	STATUS	n/a	n/a	D162
377.7400000000	n/a	n/a	STATUS	n/a	n/a	D255
377.7760000000	n/a	n/a	STATUS	n/a	n/a	DI53
377.8240000000	n/a	n/a	STATUS	n/a	n/a	D255
378.0440000000	n/a	n/a	STATUS	n/a	n/a	DI43
378.0960000000	n/a	n/a	STATUS	n/a	n/a	D255
378.3520000000	n/a	n/a	STATUS	n/a	n/a	DIN5
378.4000000000	n/a	n/a	STATUS	n/a	n/a	D255
378.8240000000	n/a	n/a	STATUS	n/a	n/a	D105
378.8760000000	n/a	n/a	STATUS	n/a	n/a	D255
378.9120000000	n/a	n/a	STATUS	n/a	n/a	DI54
378.9600000000	n/a	n/a	STATUS	n/a	n/a	D255
379.1640000000	n/a	n/a	STATUS	n/a	n/a	DI34
379.2160000000	n/a	n/a	STATUS	n/a	n/a	D255
379.4720000000	n/a	n/a	STATUS	n/a	n/a	DIN5
379.5240000000	n/a	n/a	STATUS	n/a	n/a	D255
379.8720000000	n/a	n/a	STATUS	n/a	n/a	DI74
379.9200000000	n/a	n/a	STATUS	n/a	n/a	D255
379.9600000000	n/a	n/a	STATUS	n/a	n/a	DI52
380.0080000000	n/a	n/a	STATUS	n/a	n/a	D255
380.2800000000	n/a	n/a	STATUS	n/a	n/a	DI42
380.3320000000	n/a	n/a	STATUS	n/a	n/a	D255
380.5880000000	n/a	n/a	STATUS	n/a	n/a	DIN5
380.6400000000	n/a	n/a	STATUS	n/a	n/a	D255
381.1440000000	n/a	n/a	STATUS	n/a	n/a	D243
381.1920000000	n/a	n/a	STATUS	n/a	n/a	D255
381.2280000000	n/a	n/a	STATUS	n/a	n/a	DI51
381.2800000000	n/a	n/a	STATUS	n/a	n/a	D255
381.6680000000	n/a	n/a	STATUS	n/a	n/a	DI31
381.7160000000	n/a	n/a	STATUS	n/a	n/a	D255
381.9760000000	n/a	n/a	STATUS	n/a	n/a	DIN5
382.0240000000	n/a	n/a	STATUS	n/a	n/a	D255
382.3440000000	n/a	n/a	STATUS	n/a	n/a	D207
382.3920000000	n/a	n/a	STATUS	n/a	n/a	D255
382.4280000000	n/a	n/a	STATUS	n/a	n/a	DI54
382.4800000000	n/a	n/a	STATUS	n/a	n/a	D255
382.7440000000	n/a	n/a	STATUS	n/a	n/a	DI34
382.7920000000	n/a	n/a	STATUS	n/a	n/a	D255
383.0480000000	n/a	n/a	STATUS	n/a	n/a	DIN5
383.1000000000	n/a	n/a	STATUS	n/a	n/a	D255
383.1000000000	n/a	n/a	STATUS	n/a	n/a	D229
383.5880000000	n/a	n/a	STATUS	n/a	n/a	D217
383.6400000000	n/a	n/a	STATUS	n/a	n/a	D255
383.6760000000	n/a	n/a	STATUS	n/a	n/a	DI52
383.7240000000	n/a	n/a	STATUS	n/a	n/a	D255
384.0080000000	n/a	n/a	STATUS	n/a	n/a	DI42
384.0560000000	n/a	n/a	STATUS	n/a	n/a	D255
384.3120000000	n/a	n/a	STATUS	n/a	n/a	DIN5
384.3640000000	n/a	n/a	STATUS	n/a	n/a	D255
384.8160000000	n/a	n/a	STATUS	n/a	n/a	D223
384.8680000000	n/a	n/a	STATUS	n/a	n/a	D255
384.9040000000	n/a	n/a	STATUS	n/a	n/a	DI53
384.9560000000	n/a	n/a	STATUS	n/a	n/a	D255
385.1840000000	n/a	n/a	STATUS	n/a	n/a	DI43
385.2360000000	n/a	n/a	STATUS	n/a	n/a	D255
385.4920000000	n/a	n/a	STATUS	n/a	n/a	DIN5
385.5400000000	n/a	n/a	STATUS	n/a	n/a	D255
385.8640000000	n/a	n/a	STATUS	n/a	n/a	D100
385.9160000000	n/a	n/a	STATUS	n/a	n/a	D255
385.9520000000	n/a	n/a	STATUS	n/a	n/a	DI54
386.0000000000	n/a	n/a	STATUS	n/a	n/a	D255
386.2240000000	n/a	n/a	STATUS	n/a	n/a	DI34
386.2760000000	n/a	n/a	STATUS	n/a	n/a	D255
386.5320000000	n/a	n/a	STATUS	n/a	n/a	DIN5
386.5800000000	n/a	n/a	STATUS	n/a	n/a	D255
387.0400000000	n/a	n/a	STATUS	n/a	n/a	D172
387.0920000000	n/a	n/a	STATUS	n/a	n/a	D255
387.1280000000	n/a	n/a	STATUS	n/a	n/a	DI53
387.1760000000	n/a	n/a	STATUS	n/a	n/a	D255
387.4080000000	n/a	n/a	STATUS	n/a	n/a	DI43
387.4600000000	n/a	n/a	STATUS	n/a	n/a	D255
387.7160000000	n/a	n/a	STATUS	n/a	n/a	DIN5
387.7680000000	n/a	n/a	STATUS	n/a	n/a	D255
388.2200000000	n/a	n/a	STATUS	n/a	n/a	D120
388.2720000000	n/a	n/a	STATUS	n/a	n/a	D255
388.3080000000	n/a	n/a	STATUS	n/a	n/a	DI51
388.3560000000	n/a	n/a	STATUS	n/a	n/a	D255
388.6200000000	n/a	n/a	STATUS	n/a	n/a	DI21
388.6720000000	n/a	n/a	STATUS	n/a	n/a	D255
388.6760000000	n/a	n/a	STATUS	n/a	n/a	DIN4
388.7240000000	n/a	n/a	STATUS	n/a	n/a	D255
389.4800000000	n/a	n/a	STATUS	n/a	n/a	DIN5
389.5280000000	n/a	n/a	STATUS	n/a	n/a	D255
389.8640000000	n/a	n/a	STATUS	n/a	n/a	D174
389.9120000000	n/a	n/a	STATUS	n/a	n/a	D255
389.9480000000	n/a	n/a	STATUS	n/a	n/a	DI53
390.0000000000	n/a	n/a	STATUS	n/a	n/a	D255
390.3000000000	n/a	n/a	STATUS	n/a	n/a	DI43
390.3520000000	n/a	n/a	STATUS	n/a	n/a	D255
390.6080000000	n/a	n/a	STATUS	n/a	n/a	DIN5
390.6560000000	n/a	n/a	STATUS	n/a	n/a	D255
391.1480000000	n/a	n/a	STATUS	n/a	n/a	D163
391.1960000000	n/a	n/a	STATUS	n/a	n/a	D255
391.2320000000	n/a	n/a	STATUS	n/a	n/a	DI52
391.2840000000	n/a	n/a	STATUS	n/a	n/a	D255
391.6760000000	n/a	n/a	STATUS	n/a	n/a	DI12
391.7240000000	n/a	n/a	STATUS	n/a	n/a	D255
391.7280000000	n/a	n/a	STATUS	n/a	n/a	DIN4
391.7800000000	n/a	n/a	STATUS	n/a	n/a	D255
392.5320000000	n/a	n/a	STATUS	n/a	n/a	DIN5
392.5840000000	n/a	n/a	STATUS	n/a	n/a	D255
392.9600000000	n/a	n/a	STATUS	n/a	n/a	D110
393.0120000000	n/a	n/a	STATUS	n/a	n/a	D255
393.0480000000	n/a	n/a	STATUS	n/a	n/a	DI52
393.1000000000	n/a	n/a	STATUS	n/a	n/a	D255
393.4600000000	n/a	n/a	STATUS	n/a	n/a	DI42
393.5120000000	n/a	n/a	STATUS	n/a	n/a	D255
393.7680000000	n/a	n/a	STATUS	n/a	n/a	DIN5
393.8200000000	n/a	n/a	STATUS	n/a	n/a	D255
394.1440000000	n/a	n/a	STATUS	n/a	n/a	D239
394.1920000000	n/a	n/a	STATUS	n/a	n/a	D255
394.2280000000	n/a	n/a	STATUS	n/a	n/a	DI53
394.2800000000	n/a	n/a	STATUS	n/a	n/a	D255
394.4960000000	n/a	n/a	STATUS	n/a	n/a	DI43
394.5440000000	n/a	n/a	STATUS	n/a	n/a	D255
394.8040000000	n/a	n/a	STATUS	n/a	n/a	DIN5
394.8520000000	n/a	n/a	STATUS	n/a	n/a	D255
395.3520000000	n/a	n/a	STATUS	n/a	n/a	D175
395.4000000000	n/a	n/a	STATUS	n/a	n/a	D255
395.4400000000	n/a	n/a	STATUS	n/a	n/a	DI53
395.4880000000	n/a	n/a	STATUS	n/a	n/a	D255
395.6880000000	n/a	n/a	STATUS	n/a	n/a	DI43
395.7400000000	n/a	n/a	STATUS	n/a	n/a	D255
395.9960000000	n/a	n/a	STATUS	n/a	n/a	DIN5
396.0480000000	n/a	n/a	STATUS	n/a	n/a	D255
396.3960000000	n/a	n/a	STATUS	n/a	n/a	D225
396.4440000000	n/a	n/a	STATUS	n/a	n/a	D255
396.4840000000	n/a	n/a	STATUS	n/a	n/a	DI52
396.5320000000	n/a	n/a	STATUS	n/a	n/a	D255
396.7720000000	n/a	n/a	STATUS	n/a	n/a	DI42
396.8200000000	n/a	n/a	STATUS	n/a	n/a	D255
397.0760000000	n/a	n/a	STATUS	n/a	n/a	DIN5
397.1280000000	n/a	n/a	STATUS	n/a	n/a	D255
397.5600000000	n/a	n/a	STATUS	n/a	n/a	DI75
397.6120000000	n/a	n/a	STATUS	n/a	n/a	D255
397.6480000000	n/a	n/a	STATUS	n/a	n/a	DI52
397.7000000000	n/a	n/a	STATUS	n/a	n/a	D255
397.9600000000	n/a	n/a	STATUS	n/a	n/a	DI42
398.0080000000	n/a	n/a	STATUS	n/a	n/a	D255
398.2640000000	n/a	n/a	STATUS	n/a	n/a	DIN5
398.3160000000	n/a	n/a	STATUS	n/a	n/a	D255
398.6840000000	n/a	n/a	STATUS	n/a	n/a	D241
398.7360000000	n/a	n/a	STATUS	n/a	n/a	D255
398.7720000000	n/a	n/a	STATUS	n/a	n/a	DI54
398.8200000000	n/a	n/a	STATUS	n/a	n/a	D255
399.0400000000	n/a	n/a	STATUS	n/a	n/a	DI34
399.0880000000	n/a	n/a	STATUS	n/a	n/a	D255
399.3480000000	n/a	n/a	STATUS	n/a	n/a	DIN5
399.3960000000	n/a	n/a	STATUS	n/a	n/a	D255
399.7640000000	n/a	n/a	STATUS	n/a	n/a	D134
399.8160000000	n/a	n/a	STATUS	n/a	n/a	D255
399.8520000000	n/a	n/a	STATUS	n/a	n/a	DI51
399.9000000000	n/a	n/a	STATUS	n/a	n/a	D255
400.1200000000	n/a	n/a	STATUS	n/a	n/a	DI21
400.1680000000	n/a	n/a	STATUS	n/a	n/a	D255
400.1720000000	n/a	n/a	STATUS	n/a	n/a	DIN4
400.2240000000	n/a	n/a	STATUS	n/a	n/a	D255
400.9760000000	n/a	n/a	STATUS	n/a	n/a	DIN5
401.0280000000	n/a	n/a	STATUS	n/a	n/a	D255
401.4200000000	n/a	n/a	STATUS	n/a	n/a	D209
401.4680000000	n/a	n/a	STATUS	n/a	n/a	D255
401.5080000000	n/a	n/a	STATUS	n/a	n/a	DI52
401.5560000000	n/a	n/a	STATUS	n/a	n/a	D255
401.8640000000	n/a	n/a	STATUS	n/a	n/a	DI42
401.9120000000	n/a	n/a	STATUS	n/a	n/a	D255
402.1680000000	n/a	n/a	STATUS	n/a	n/a	DIN5
402.2200000000	n/a	n/a	STATUS	n/a	n/a	D255
402.6920000000	n/a	n/a	STATUS	n/a	n/a	D121
402.7440000000	n/a	n/a	STATUS	n/a	n/a	D255
402.7800000000	n/a	n/a	STATUS	n/a	n/a	DI51
402.8320000000	n/a	n/a	STATUS	n/a	n/a	D255
403.1000000000	n/a	n/a	STATUS	n/a	n/a	DI31
403.1520000000	n/a	n/a	STATUS	n/a	n/a	D255
403.4080000000	n/a	n/a	STATUS	n/a	n/a	DIN5
403.4600000000	n/a	n/a	STATUS	n/a	n/a	D255
403.9400000000	n/a	n/a	STATUS	n/a	n/a	D227
403.9880000000	n/a	n/a	STATUS	n/a	n/a	D255
404.0240000000	n/a	n/a	STATUS	n/a	n/a	DI54
404.0760000000	n/a	n/a	STATUS	n/a	n/a	D255
404.3960000000	n/a	n/a	STATUS	n/a	n/a	DI34
404.4480000000	n/a	n/a	STATUS	n/a	n/a	D255
404.7040000000	n/a	n/a	STATUS	n/a	n/a	DIN5
404.7560000000	n/a	n/a	STATUS	n/a	n/a	D255
405.2520000000	n/a	n/a	STATUS	n/a	n/a	D127
405.3040000000	n/a	n/a	STATUS	n/a	n/a	D255
405.3400000000	n/a	n/a	STATUS	n/a	n/a	DI52
405.3920000000	n/a	n/a	STATUS	n/a	n/a	D255
405.6800000000	n/a	n/a	STATUS	n/a	n/a	DI42
405.7320000000	n/a	n/a	STATUS	n/a	n/a	D255
405.9880000000	n/a	n/a	STATUS	n/a	n/a	DIN5
406.0400000000	n/a	n/a	STATUS	n/a	n/a	D255
406.3640000000	n/a	n/a	STATUS	n/a	n/a	D244
406.4120000000	n/a	n/a	STATUS	n/a	n/a	D255
406.4480000000	n/a	n/a	STATUS	n/a	n/a	DI51
406.5000000000	n/a	n/a	STATUS	n/a	n/a	D255
406.7800000000	n/a	n/a	STATUS	n/a	n/a	DI31
406.8320000000	n/a	n/a	STATUS	n/a	n/a	D255
407.0880000000	n/a	n/a	STATUS	n/a	n/a	DIN5
407.1360000000	n/a	n/a	STATUS	n/a	n/a	D255
407.4800000000	n/a	n/a	STATUS	n/a	n/a	DI83
407.5320000000	n/a	n/a	STATUS	n/a	n/a	D255
407.5680000000	n/a	n/a	STATUS	n/a	n/a	DI53
407.6200000000	n/a	n/a	STATUS	n/a	n/a	D255
407.8280000000	n/a	n/a	STATUS	n/a	n/a	DI43
407.8800000000	n/a	n/a	STATUS	n/a	n/a	D255
408.1360000000	n/a	n/a	STATUS	n/a	n/a	DIN5
408.1880000000	n/a	n/a	STATUS	n/a	n/a	D255
408.6800000000	n/a	n/a	STATUS	n/a	n/a	D215
408.7320000000	n/a	n/a	STATUS	n/a	n/a	D255
408.7680000000	n/a	n/a	STATUS	n/a	n/a	DI54
408.8160000000	n/a	n/a	STATUS	n/a	n/a	D255
409.0240000000	n/a	n/a	STATUS	n/a	n/a	DI34
409.0720000000	n/a	n/a	STATUS	n/a	n/a	D255
409.3320000000	n/a	n/a	STATUS	n/a	n/a	DIN5
409.3800000000	n/a	n/a	STATUS	n/a	n/a	D255
409.7360000000	n/a	n/a	STATUS	n/a	n/a	D188
409.7840000000	n/a	n/a	STATUS	n/a	n/a	D255
409.8200000000	n/a	n/a	STATUS	n/a	n/a	DI53
409.8720000000	n/a	n/a	STATUS	n/a	n/a	D255
410.0920000000	n/a	n/a	STATUS	n/a	n/a	DI43
410.1440000000	n/a	n/a	STATUS	n/a	n/a	D255
410.4000000000	n/a	n/a	STATUS	n/a	n/a	DIN5
410.4520000000	n/a	n/a	STATUS	n/a	n/a	D255
410.8320000000	n/a	n/a	STATUS	n/a	n/a	D145
410.8840000000	n/a	n/a	STATUS	n/a	n/a	D255
410.9200000000	n/a	n/a	STATUS	n/a	n/a	DI53
410.9720000000	n/a	n/a	STATUS	n/a	n/a	D255
411.2640000000	n/a	n/a	STATUS	n/a	n/a	DI43
411.3120000000	n/a	n/a	STATUS	n/a	n/a	D255
411.5680000000	n/a	n/a	STATUS	n/a	n/a	DIN5
411.6200000000	n/a	n/a	STATUS	n/a	n/a	D255
412.0680000000	n/a	n/a	STATUS	n/a	n/a	D155
412.1200000000	n/a	n/a	STATUS	n/a	n/a	D255
412.1560000000	n/a	n/a	STATUS	n/a	n/a	DI53
412.2040000000	n/a	n/a	STATUS	n/a	n/a	D255
412.4320000000	n/a	n/a	STATUS	n/a	n/a	DI43
412.4800000000	n/a	n/a	STATUS	n/a	n/a	D255
412.7400000000	n/a	n/a	STATUS	n/a	n/a	DIN5
412.7880000000	n/a	n/a	STATUS	n/a	n/a	D255
413.1400000000	n/a	n/a	STATUS	n/a	n/a	D142
413.1920000000	n/a	n/a	STATUS	n/a	n/a	D255
413.2280000000	n/a	n/a	STATUS	n/a	n/a	DI54
413.2800000000	n/a	n/a	STATUS	n/a	n/a	D255
413.5040000000	n/a	n/a	STATUS	n/a	n/a	DI34
413.5560000000	n/a	n/a	STATUS	n/a	n/a	D255
413.8120000000	n/a	n/a	STATUS	n/a	n/a	DIN5
413.8640000000	n/a	n/a	STATUS	n/a	n/a	D255
414.3360000000	n/a	n/a	STATUS	n/a	n/a	D107
414.3880000000	n/a	n/a	STATUS	n/a	n/a	D255
414.4240000000	n/a	n/a	STATUS	n/a	n/a	DI54
414.4720000000	n/a	n/a	STATUS	n/a	n/a	D255
414.7040000000	n/a	n/a	STATUS	n/a	n/a	DI34
414.7520000000	n/a	n/a	STATUS	n/a	n/a	D255
415.0120000000	n/a	n/a	STATUS	n/a	n/a	DIN5
415.0600000000	n/a	n/a	STATUS	n/a	n/a	D255
415.5080000000	n/a	n/a	STATUS	n/a	n/a	DI80
415.5600000000	n/a	n/a	STATUS	n/a	n/a	D255
415.5960000000	n/a	n/a	STATUS	n/a	n/a	DI51
415.6480000000	n/a	n/a	STATUS	n/a	n/a	D255
415.8560000000	n/a	n/a	STATUS	n/a	n/a	DI21
415.9040000000	n/a	n/a	STATUS	n/a	n/a	D255
415.9080000000	n/a	n/a	STATUS	n/a	n/a	DIN4
415.9600000000	n/a	n/a	STATUS	n/a	n/a	D255
416.7120000000	n/a	n/a	STATUS	n/a	n/a	DIN5
416.7640000000	n/a	n/a	STATUS	n/a	n/a	D255
417.2400000000	n/a	n/a	STATUS	n/a	n/a	D220
417.2920000000	n/a	n/a	STATUS	n/a	n/a	D255
417.3280000000	n/a	n/a	STATUS	n/a	n/a	DI54
417.3800000000	n/a	n/a	STATUS	n/a	n/a	D255
417.5800000000	n/a	n/a	STATUS	n/a	n/a	DI34
417.6320000000	n/a	n/a	STATUS	n/a	n/a	D255
417.8880000000	n/a	n/a	STATUS	n/a	n/a	DIN5
417.9400000000	n/a	n/a	STATUS	n/a	n/a	D255
418.3080000000	n/a	n/a	STATUS	n/a	n/a	D133
418.3560000000	n/a	n/a	STATUS	n/a	n/a	D255
418.3920000000	n/a	n/a	STATUS	n/a	n/a	DI52
418.4440000000	n/a	n/a	STATUS	n/a	n/a	D255
418.8480000000	n/a	n/a	STATUS	n/a	n/a	DI42
418.9000000000	n/a	n/a	STATUS	n/a	n/a	D255
419.1560000000	n/a	n/a	STATUS	n/a	n/a	DIN5
419.2080000000	n/a	n/a	STATUS	n/a	n/a	D255
419.7080000000	n/a	n/a	STATUS	n/a	n/a	D178
419.7560000000	n/a	n/a	STATUS	n/a	n/a	D255
419.7920000000	n/a	n/a	STATUS	n/a	n/a	DI54
419.8440000000	n/a	n/a	STATUS	n/a	n/a	D255
420.0600000000	n/a	n/a	STATUS	n/a	n/a	DI34
420.1120000000	n/a	n/a	STATUS	n/a	n/a	D255
420.3680000000	n/a	n/a	STATUS	n/a	n/a	DIN5
420.4160000000	n/a	n/a	STATUS	n/a	n/a	D255
420.8320000000	n/a	n/a	STATUS	n/a	n/a	D157
420.8800000000	n/a	n/a	STATUS	n/a	n/a	D255
420.9200000000	n/a	n/a	STATUS	n/a	n/a	DI53
420.9680000000	n/a	n/a	STATUS	n/a	n/a	D255
421.2160000000	n/a	n/a	STATUS	n/a	n/a	DI43
421.2680000000	n/a	n/a	STATUS	n/a	n/a	D255
421.5240000000	n/a	n/a	STATUS	n/a	n/a	DIN5
421.5720000000	n/a	n/a	STATUS	n/a	n/a	D255
421.9200000000	n/a	n/a	STATUS	n/a	n/a	DI98
421.9720000000	n/a	n/a	STATUS	n/a	n/a	D255
422.0080000000	n/a	n/a	STATUS	n/a	n/a	DI51
422.0600000000	n/a	n/a	STATUS	n/a	n/a	D255
422.3320000000	n/a	n/a	STATUS	n/a	n/a	DI31
422.3840000000	n/a	n/a	STATUS	n/a	n/a	D255
422.6400000000	n/a	n/a	STATUS	n/a	n/a	DIN5
422.6920000000	n/a	n/a	STATUS	n/a	n/a	D255
423.0360000000	n/a	n/a	STATUS	n/a	n/a	DI68
423.0840000000	n/a	n/a	STATUS	n/a	n/a	D255
423.1200000000	n/a	n/a	STATUS	n/a	n/a	DI51
423.1720000000	n/a	n/a	STATUS	n/a	n/a	D255
423.3840000000	n/a	n/a	STATUS	n/a	n/a	DI21
423.4320000000	n/a	n/a	STATUS	n/a	n/a	D255
423.4360000000	n/a	n/a	STATUS	n/a	n/a	DIN4
423.4880000000	n/a	n/a	STATUS	n/a	n/a	D255
424.2400000000	n/a	n/a	STATUS	n/a	n/a	DIN5
424.2920000000	n/a	n/a	STATUS	n/a	n/a	D255
424.6160000000	n/a	n/a	STATUS	n/a	n/a	D119
424.6640000000	n/a	n/a	STATUS	n/a	n/a	D255
424.7000000000	n/a	n/a	STATUS	n/a	n/a	DI54
424.7520000000	n/a	n/a	STATUS	n/a	n/a	D255
424.9160000000	n/a	n/a	STATUS	n/a	n/a	DI34
424.9680000000	n/a	n/a	STATUS	n/a	n/a	D255
425.2240000000	n/a	n/a	STATUS	n/a	n/a	DIN5
425.2760000000	n/a	n/a	STATUS	n/a	n/a	D255
425.6320000000	n/a	n/a	STATUS	n/a	n/a	DI93
425.6840000000	n/a	n/a	STATUS	n/a	n/a	D255
425.7200000000	n/a	n/a	STATUS	n/a	n/a	DI52
425.7720000000	n/a	n/a	STATUS	n/a	n/a	D255
425.9960000000	n/a	n/a	STATUS	n/a	n/a	DI12
426.0440000000	n/a	n/a	STATUS	n/a	n/a	D255
426.0480000000	n/a	n/a	STATUS	n/a	n/a	DIN4
426.1000000000	n/a	n/a	STATUS	n/a	n/a	D255
426.8520000000	n/a	n/a	STATUS	n/a	n/a	DIN5
426.9040000000	n/a	n/a	STATUS	n/a	n/a	D255
427.2360000000	n/a	n/a	STATUS	n/a	n/a	D143
427.2840000000	n/a	n/a	STATUS	n/a	n/a	D255
427.3240000000	n/a	n/a	STATUS	n/a	n/a	DI51
427.3720000000	n/a	n/a	STATUS	n/a	n/a	D255
427.6600000000	n/a	n/a	STATUS	n/a	n/a	DI31
427.7080000000	n/a	n/a	STATUS	n/a	n/a	D255
427.9680000000	n/a	n/a	STATUS	n/a	n/a	DIN5
428.0160000000	n/a	n/a	STATUS	n/a	n/a	D255
428.4840000000	n/a	n/a	STATUS	n/a	n/a	D138
428.5360000000	n/a	n/a	STATUS	n/a	n/a	D255
428.5720000000	n/a	n/a	STATUS	n/a	n/a	DI51
428.6240000000	n/a	n/a	STATUS	n/a	n/a	D255
428.8240000000	n/a	n/a	STATUS	n/a	n/a	DI21
428.8760000000	n/a	n/a	STATUS	n/a	n/a	DIN4
428.8760000000	n/a	n/a	STATUS	n/a	n/a	D255
428.9280000000	n/a	n/a	STATUS	n/a	n/a	D255
429.6800000000	n/a	n/a	STATUS	n/a	n/a	DIN5
429.7320000000	n/a	n/a	STATUS	n/a	n/a	D255
430.2080000000	n/a	n/a	STATUS	n/a	n/a	D232
430.2600000000	n/a	n/a	STATUS	n/a	n/a	D255
430.2960000000	n/a	n/a	STATUS	n/a	n/a	DI54
430.3480000000	n/a	n/a	STATUS	n/a	n/a	D255
430.5680000000	n/a	n/a	STATUS	n/a	n/a	DI34
430.6200000000	n/a	n/a	STATUS	n/a	n/a	D255
430.8760000000	n/a	n/a	STATUS	n/a	n/a	DIN5
430.9280000000	n/a	n/a	STATUS	n/a	n/a	D255
431.4040000000	n/a	n/a	STATUS	n/a	n/a	D186
431.4560000000	n/a	n/a	STATUS	n/a	n/a	D255
431.4920000000	n/a	n/a	STATUS	n/a	n/a	DI54
431.5440000000	n/a	n/a	STATUS	n/a	n/a	D255
431.7400000000	n/a	n/a	STATUS	n/a	n/a	DI34
431.7880000000	n/a	n/a	STATUS	n/a	n/a	D255
432.0440000000	n/a	n/a	STATUS	n/a	n/a	DIN5
432.0960000000	n/a	n/a	STATUS	n/a	n/a	D255
432.4480000000	n/a	n/a	STATUS	n/a	n/a	D158
432.5000000000	n/a	n/a	STATUS	n/a	n/a	D255
432.5360000000	n/a	n/a	STATUS	n/a	n/a	DI53
432.5880000000	n/a	n/a	STATUS	n/a	n/a	D255
432.8360000000	n/a	n/a	STATUS	n/a	n/a	DI13
432.8880000000	n/a	n/a	STATUS	n/a	n/a	DIN4
432.8880000000	n/a	n/a	STATUS	n/a	n/a	D255
432.9400000000	n/a	n/a	STATUS	n/a	n/a	D255
433.6920000000	n/a	n/a	STATUS	n/a	n/a	DIN5
433.7440000000	n/a	n/a	STATUS	n/a	n/a	D255
434.1840000000	n/a	n/a	STATUS	n/a	n/a	D208
434.2320000000	n/a	n/a	STATUS	n/a	n/a	D255
434.2720000000	n/a	n/a	STATUS	n/a	n/a	DI54
434.3200000000	n/a	n/a	STATUS	n/a	n/a	D255
434.5360000000	n/a	n/a	STATUS	n/a	n/a	DI34
434.5840000000	n/a	n/a	STATUS	n/a	n/a	D255
434.8440000000	n/a	n/a	STATUS	n/a	n/a	DIN5
434.8920000000	n/a	n/a	STATUS	n/a	n/a	D255
435.2400000000	n/a	n/a	STATUS	n/a	n/a	D253
435.2920000000	n/a	n/a	STATUS	n/a	n/a	D255
435.3280000000	n/a	n/a	STATUS	n/a	n/a	DI53
435.3800000000	n/a	n/a	STATUS	n/a	n/a	D255
435.5640000000	n/a	n/a	STATUS	n/a	n/a	DI43
435.6160000000	n/a	n/a	STATUS	n/a	n/a	D255
435.8720000000	n/a	n/a	STATUS	n/a	n/a	DIN5
435.9200000000	n/a	n/a	STATUS	n/a	n/a	D255
436.3200000000	n/a	n/a	STATUS	n/a	n/a	D202
436.3680000000	n/a	n/a	STATUS	n/a	n/a	D255
436.4080000000	n/a	n/a	STATUS	n/a	n/a	DI51
436.4560000000	n/a	n/a	STATUS	n/a	n/a	D255
436.6480000000	n/a	n/a	STATUS	n/a	n/a	DI21
436.6960000000	n/a	n/a	STATUS	n/a	n/a	D255
436.7000000000	n/a	n/a	STATUS	n/a	n/a	DIN4
436.7520000000	n/a	n/a	STATUS	n/a	n/a	D255
437.5040000000	n/a	n/a	STATUS	n/a	n/a	DIN5
437.5560000000	n/a	n/a	STATUS	n/a	n/a	D255
437.9120000000	n/a	n/a	STATUS	n/a	n/a	D206
437.9640000000	n/a	n/a	STATUS	n/a	n/a	D255
438.0000000000	n/a	n/a	STATUS	n/a	n/a	DI52
438.0520000000	n/a	n/a	STATUS	n/a	n/a	D255
438.2720000000	n/a	n/a	STATUS	n/a	n/a	DI12
438.3240000000	n/a	n/a	STATUS	n/a	n/a	D255
438.3280000000	n/a	n/a	STATUS	n/a	n/a	DIN4
438.3760000000	n/a	n/a	STATUS	n/a	n/a	D255
439.1320000000	n/a	n/a	STATUS	n/a	n/a	DIN5
439.1800000000	n/a	n/a	STATUS	n/a	n/a	D255
439.5120000000	n/a	n/a	STATUS	n/a	n/a	DI94
439.5640000000	n/a	n/a	STATUS	n/a	n/a	D255
439.6000000000	n/a	n/a	STATUS	n/a	n/a	DI54
439.6520000000	n/a	n/a	STATUS	n/a	n/a	D255
439.8400000000	n/a	n/a	STATUS	n/a	n/a	DI34
439.8920000000	n/a	n/a	STATUS	n/a	n/a	D255
440.1480000000	n/a	n/a	STATUS	n/a	n/a	DIN5
440.2000000000	n/a	n/a	STATUS	n/a	n/a	D255
440.6920000000	n/a	n/a	STATUS	n/a	n/a	DI82
440.7440000000	n/a	n/a	STATUS	n/a	n/a	D255
440.7800000000	n/a	n/a	STATUS	n/a	n/a	DI52
440.8280000000	n/a	n/a	STATUS	n/a	n/a	D255
441.0360000000	n/a	n/a	STATUS	n/a	n/a	DI12
441.0840000000	n/a	n/a	STATUS	n/a	n/a	D255
441.0880000000	n/a	n/a	STATUS	n/a	n/a	DIN4
441.1360000000	n/a	n/a	STATUS	n/a	n/a	D255
441.8920000000	n/a	n/a	STATUS	n/a	n/a	DIN5
441.9400000000	n/a	n/a	STATUS	n/a	n/a	D255
442.4200000000	n/a	n/a	STATUS	n/a	n/a	D117
442.4720000000	n/a	n/a	STATUS	n/a	n/a	D255
442.5080000000	n/a	n/a	STATUS	n/a	n/a	DI54
442.5560000000	n/a	n/a	STATUS	n/a	n/a	D255
442.8440000000	n/a	n/a	STATUS	n/a	n/a	DI34
442.8920000000	n/a	n/a	STATUS	n/a	n/a	D255
443.1480000000	n/a	n/a	STATUS	n/a	n/a	DIN5
443.2000000000	n/a	n/a	STATUS	n/a	n/a	D255
443.6000000000	n/a	n/a	STATUS	n/a	n/a	D135
443.6480000000	n/a	n/a	STATUS	n/a	n/a	D255
443.6840000000	n/a	n/a	STATUS	n/a	n/a	DI51
443.7360000000	n/a	n/a	STATUS	n/a	n/a	D255
444.1440000000	n/a	n/a	STATUS	n/a	n/a	DI31
444.1960000000	n/a	n/a	STATUS	n/a	n/a	D255
444.4520000000	n/a	n/a	STATUS	n/a	n/a	DIN5
444.5000000000	n/a	n/a	STATUS	n/a	n/a	D255
444.9360000000	n/a	n/a	STATUS	n/a	n/a	D130
444.9840000000	n/a	n/a	STATUS	n/a	n/a	D255
445.0240000000	n/a	n/a	STATUS	n/a	n/a	DI53
445.0720000000	n/a	n/a	STATUS	n/a	n/a	D255
445.3480000000	n/a	n/a	STATUS	n/a	n/a	DI43
445.3960000000	n/a	n/a	STATUS	n/a	n/a	D255
445.6520000000	n/a	n/a	STATUS	n/a	n/a	DIN5
445.7040000000	n/a	n/a	STATUS	n/a	n/a	D255
446.1760000000	n/a	n/a	STATUS	n/a	n/a	D214
446.2280000000	n/a	n/a	STATUS	n/a	n/a	D255
446.2640000000	n/a	n/a	STATUS	n/a	n/a	DI54
446.3160000000	n/a	n/a	STATUS	n/a	n/a	D255
446.5280000000	n/a	n/a	STATUS	n/a	n/a	DI24
446.5760000000	n/a	n/a	STATUS	n/a	n/a	D255
446.5800000000	n/a	n/a	STATUS	n/a	n/a	DIN4
446.6280000000	n/a	n/a	STATUS	n/a	n/a	D255
447.3840000000	n/a	n/a	STATUS	n/a	n/a	DIN5
447.4320000000	n/a	n/a	STATUS	n/a	n/a	D255
447.8160000000	n/a	n/a	STATUS	n/a	n/a	D129
447.8680000000	n/a	n/a	STATUS	n/a	n/a	D255
447.9040000000	n/a	n/a	STATUS	n/a	n/a	DI53
447.9560000000	n/a	n/a	STATUS	n/a	n/a	D255
448.1800000000	n/a	n/a	STATUS	n/a	n/a	DI43
448.2280000000	n/a	n/a	STATUS	n/a	n/a	D255
448.4880000000	n/a	n/a	STATUS	n/a	n/a	DIN5
448.5360000000	n/a	n/a	STATUS	n/a	n/a	D255
448.9840000000	n/a	n/a	STATUS	n/a	n/a	D103
449.0360000000	n/a	n/a	STATUS	n/a	n/a	D255
449.0720000000	n/a	n/a	STATUS	n/a	n/a	DI53
449.1240000000	n/a	n/a	STATUS	n/a	n/a	D255
449.3760000000	n/a	n/a	STATUS	n/a	n/a	DI43
449.4280000000	n/a	n/a	STATUS	n/a	n/a	D255
463.5120000000	n/a	n/a	STATUS	n/a	n/a	DIN5
463.5600000000	n/a	n/a	STATUS	n/a	n/a	D255
463.9840000000	n/a	n/a	STATUS	n/a	n/a	D215
464.0360000000	n/a	n/a	STATUS	n/a	n/a	D255
464.0720000000	n/a	n/a	STATUS	n/a	n/a	DI52
464.1200000000	n/a	n/a	STATUS	n/a	n/a	D255
464.6560000000	n/a	n/a	STATUS	n/a	n/a	DI42
464.7040000000	n/a	n/a	STATUS	n/a	n/a	D255
464.9640000000	n/a	n/a	STATUS	n/a	n/a	DIN5
465.0120000000	n/a	n/a	STATUS	n/a	n/a	D255
465.3480000000	n/a	n/a	STATUS	n/a	n/a	D118
465.3960000000	n/a	n/a	STATUS	n/a	n/a	D255
465.4320000000	n/a	n/a	STATUS	n/a	n/a	DI51
465.4840000000	n/a	n/a	STATUS	n/a	n/a	D255
465.7640000000	n/a	n/a	STATUS	n/a	n/a	DI31
465.8160000000	n/a	n/a	STATUS	n/a	n/a	D255
466.0720000000	n/a	n/a	STATUS	n/a	n/a	DIN5
466.1200000000	n/a	n/a	STATUS	n/a	n/a	D255
466.4560000000	n/a	n/a	STATUS	n/a	n/a	D163
466.5040000000	n/a	n/a	STATUS	n/a	n/a	D255
466.5040000000	n/a	n/a	STATUS	n/a	n/a	D227
466.5400000000	n/a	n/a	STATUS	n/a	n/a	DI52
466.5920000000	n/a	n/a	STATUS	n/a	n/a	D255
466.8920000000	n/a	n/a	STATUS	n/a	n/a	DI42
466.9400000000	n/a	n/a	STATUS	n/a	n/a	D255
467.1960000000	n/a	n/a	STATUS	n/a	n/a	DIN5
467.2480000000	n/a	n/a	STATUS	n/a	n/a	D255
467.6680000000	n/a	n/a	STATUS	n/a	n/a	DI89
467.7160000000	n/a	n/a	STATUS	n/a	n/a	D255
467.7520000000	n/a	n/a	STATUS	n/a	n/a	DI53
467.8040000000	n/a	n/a	STATUS	n/a	n/a	D255
467.9920000000	n/a	n/a	STATUS	n/a	n/a	DI43
468.0440000000	n/a	n/a	STATUS	n/a	n/a	D255
468.3000000000	n/a	n/a	STATUS	n/a	n/a	DIN5
468.3480000000	n/a	n/a	STATUS	n/a	n/a	D255
468.8520000000	n/a	n/a	STATUS	n/a	n/a	D244
468.9040000000	n/a	n/a	STATUS	n/a	n/a	D255
468.9400000000	n/a	n/a	STATUS	n/a	n/a	DI52
468.9880000000	n/a	n/a	STATUS	n/a	n/a	D255
469.2000000000	n/a	n/a	STATUS	n/a	n/a	DI12
469.2480000000	n/a	n/a	STATUS	n/a	n/a	D255
469.2520000000	n/a	n/a	STATUS	n/a	n/a	DIN4
469.3040000000	n/a	n/a	STATUS	n/a	n/a	D255
470.0560000000	n/a	n/a	STATUS	n/a	n/a	DIN5
470.1080000000	n/a	n/a	STATUS	n/a	n/a	D255
470.4200000000	n/a	n/a	STATUS	n/a	n/a	D111
470.4720000000	n/a	n/a	STATUS	n/a	n/a	D255
470.5080000000	n/a	n/a	STATUS	n/a	n/a	DI53
470.5560000000	n/a	n/a	STATUS	n/a	n/a	D255
470.8600000000	n/a	n/a	STATUS	n/a	n/a	DI43
470.9120000000	n/a	n/a	STATUS	n/a	n/a	D255
471.1680000000	n/a	n/a	STATUS	n/a	n/a	DIN5
471.2160000000	n/a	n/a	STATUS	n/a	n/a	D255
471.5920000000	n/a	n/a	STATUS	n/a	n/a	D112
471.6400000000	n/a	n/a	STATUS	n/a	n/a	D255
471.6800000000	n/a	n/a	STATUS	n/a	n/a	DI51
471.7280000000	n/a	n/a	STATUS	n/a	n/a	D255
472.0120000000	n/a	n/a	STATUS	n/a	n/a	DI31
472.0600000000	n/a	n/a	STATUS	n/a	n/a	D255
472.3200000000	n/a	n/a	STATUS	n/a	n/a	DIN5
472.3680000000	n/a	n/a	STATUS	n/a	n/a	D255
472.7240000000	n/a	n/a	STATUS	n/a	n/a	DI75
472.7720000000	n/a	n/a	STATUS	n/a	n/a	D255
472.8080000000	n/a	n/a	STATUS	n/a	n/a	DI52
472.8600000000	n/a	n/a	STATUS	n/a	n/a	D255
473.1600000000	n/a	n/a	STATUS	n/a	n/a	DI42
473.2080000000	n/a	n/a	STATUS	n/a	n/a	D255
473.4680000000	n/a	n/a	STATUS	n/a	n/a	DIN5
473.5160000000	n/a	n/a	STATUS	n/a	n/a	D255
473.8200000000	n/a	n/a	STATUS	n/a	n/a	D123
473.8680000000	n/a	n/a	STATUS	n/a	n/a	D255
473.9040000000	n/a	n/a	STATUS	n/a	n/a	DI54
473.9560000000	n/a	n/a	STATUS	n/a	n/a	D255
474.2000000000	n/a	n/a	STATUS	n/a	n/a	DI34
474.2480000000	n/a	n/a	STATUS	n/a	n/a	D255
474.5040000000	n/a	n/a	STATUS	n/a	n/a	DIN5
474.5560000000	n/a	n/a	STATUS	n/a	n/a	D255
475.0320000000	n/a	n/a	STATUS	n/a	n/a	D117
475.0840000000	n/a	n/a	STATUS	n/a	n/a	D255
475.1200000000	n/a	n/a	STATUS	n/a	n/a	DI52
475.1720000000	n/a	n/a	STATUS	n/a	n/a	D255
475.4160000000	n/a	n/a	STATUS	n/a	n/a	DI42
475.4640000000	n/a	n/a	STATUS	n/a	n/a	D255
475.7240000000	n/a	n/a	STATUS	n/a	n/a	DIN5
475.7720000000	n/a	n/a	STATUS	n/a	n/a	D255
476.1720000000	n/a	n/a	STATUS	n/a	n/a	D149
476.2200000000	n/a	n/a	STATUS	n/a	n/a	D255
476.2600000000	n/a	n/a	STATUS	n/a	n/a	DI51
476.3080000000	n/a	n/a	STATUS	n/a	n/a	D255
476.5960000000	n/a	n/a	STATUS	n/a	n/a	DI31
476.6440000000	n/a	n/a	STATUS	n/a	n/a	D255
476.9000000000	n/a	n/a	STATUS	n/a	n/a	DIN5
476.9520000000	n/a	n/a	STATUS	n/a	n/a	D255
477.4200000000	n/a	n/a	STATUS	n/a	n/a	D246
477.4720000000	n/a	n/a	STATUS	n/a	n/a	D255
477.5080000000	n/a	n/a	STATUS	n/a	n/a	DI51
477.5600000000	n/a	n/a	STATUS	n/a	n/a	D255
477.7440000000	n/a	n/a	STATUS	n/a	n/a	DI21
477.7960000000	n/a	n/a	STATUS	n/a	n/a	D255
477.8000000000	n/a	n/a	STATUS	n/a	n/a	DIN4
477.8480000000	n/a	n/a	STATUS	n/a	n/a	D255
478.6040000000	n/a	n/a	STATUS	n/a	n/a	DIN5
478.6520000000	n/a	n/a	STATUS	n/a	n/a	D255
479.1000000000	n/a	n/a	STATUS	n/a	n/a	D222
479.1520000000	n/a	n/a	STATUS	n/a	n/a	D255
479.1880000000	n/a	n/a	STATUS	n/a	n/a	DI54
479.2400000000	n/a	n/a	STATUS	n/a	n/a	D255
479.4440000000	n/a	n/a	STATUS	n/a	n/a	DI34
479.4960000000	n/a	n/a	STATUS	n/a	n/a	D255
479.7520000000	n/a	n/a	STATUS	n/a	n/a	DIN5
479.8000000000	n/a	n/a	STATUS	n/a	n/a	D255
480.1560000000	n/a	n/a	STATUS	n/a	n/a	DI74
480.2040000000	n/a	n/a	STATUS	n/a	n/a	D255
480.2400000000	n/a	n/a	STATUS	n/a	n/a	DI51
480.2920000000	n/a	n/a	STATUS	n/a	n/a	D255
480.5120000000	n/a	n/a	STATUS	n/a	n/a	DI21
480.5600000000	n/a	n/a	STATUS	n/a	n/a	D255
480.5640000000	n/a	n/a	STATUS	n/a	n/a	DIN4
480.6120000000	n/a	n/a	STATUS	n/a	n/a	D255
481.3680000000	n/a	n/a	STATUS	n/a	n/a	DIN5
481.4160000000	n/a	n/a	STATUS	n/a	n/a	D255
481.8200000000	n/a	n/a	STATUS	n/a	n/a	D223
481.8720000000	n/a	n/a	STATUS	n/a	n/a	D255
481.9080000000	n/a	n/a	STATUS	n/a	n/a	DI51
481.9560000000	n/a	n/a	STATUS	n/a	n/a	D255
482.2640000000	n/a	n/a	STATUS	n/a	n/a	DI31
482.3160000000	n/a	n/a	STATUS	n/a	n/a	D255
482.5720000000	n/a	n/a	STATUS	n/a	n/a	DIN5
482.6200000000	n/a	n/a	STATUS	n/a	n/a	D255
483.1160000000	n/a	n/a	STATUS	n/a	n/a	D115
483.1640000000	n/a	n/a	STATUS	n/a	n/a	D255
483.2000000000	n/a	n/a	STATUS	n/a	n/a	DI52
483.2520000000	n/a	n/a	STATUS	n/a	n/a	D255
483.4440000000	n/a	n/a	STATUS	n/a	n/a	DI12
483.4960000000	n/a	n/a	STATUS	n/a	n/a	DIN4
483.4960000000	n/a	n/a	STATUS	n/a	n/a	D255
483.5480000000	n/a	n/a	STATUS	n/a	n/a	D255
484.3000000000	n/a	n/a	STATUS	n/a	n/a	DIN5
484.3520000000	n/a	n/a	STATUS	n/a	n/a	D255
484.7640000000	n/a	n/a	STATUS	n/a	n/a	DI78
484.8160000000	n/a	n/a	STATUS	n/a	n/a	D255
484.8520000000	n/a	n/a	STATUS	n/a	n/a	DI54
484.9000000000	n/a	n/a	STATUS	n/a	n/a	D255
485.1120000000	n/a	n/a	STATUS	n/a	n/a	DI34
485.1600000000	n/a	n/a	STATUS	n/a	n/a	D255
485.4200000000	n/a	n/a	STATUS	n/a	n/a	DIN5
485.4680000000	n/a	n/a	STATUS	n/a	n/a	D255
485.9680000000	n/a	n/a	STATUS	n/a	n/a	D217
486.0160000000	n/a	n/a	STATUS	n/a	n/a	D255
486.0520000000	n/a	n/a	STATUS	n/a	n/a	DI54
486.1040000000	n/a	n/a	STATUS	n/a	n/a	D255
486.3960000000	n/a	n/a	STATUS	n/a	n/a	DI34
486.4480000000	n/a	n/a	STATUS	n/a	n/a	D255
486.7040000000	n/a	n/a	STATUS	n/a	n/a	DIN5
486.7560000000	n/a	n/a	STATUS	n/a	n/a	D255
487.1560000000	n/a	n/a	STATUS	n/a	n/a	DI92
487.2080000000	n/a	n/a	STATUS	n/a	n/a	D255
487.2440000000	n/a	n/a	STATUS	n/a	n/a	DI53
487.2960000000	n/a	n/a	STATUS	n/a	n/a	D255
487.5200000000	n/a	n/a	STATUS	n/a	n/a	DI43
487.5680000000	n/a	n/a	STATUS	n/a	n/a	D255
487.8240000000	n/a	n/a	STATUS	n/a	n/a	DIN5
487.8760000000	n/a	n/a	STATUS	n/a	n/a	D255
488.2080000000	n/a	n/a	STATUS	n/a	n/a	D193
488.2600000000	n/a	n/a	STATUS	n/a	n/a	D255
488.2960000000	n/a	n/a	STATUS	n/a	n/a	DI54
488.3480000000	n/a	n/a	STATUS	n/a	n/a	D255
488.5800000000	n/a	n/a	STATUS	n/a	n/a	DI34
488.6320000000	n/a	n/a	STATUS	n/a	n/a	D255
488.8880000000	n/a	n/a	STATUS	n/a	n/a	DIN5
488.9360000000	n/a	n/a	STATUS	n/a	n/a	D255
489.2800000000	n/a	n/a	STATUS	n/a	n/a	D110
489.3320000000	n/a	n/a	STATUS	n/a	n/a	D255
489.3680000000	n/a	n/a	STATUS	n/a	n/a	DI52
489.4160000000	n/a	n/a	STATUS	n/a	n/a	D255
489.6840000000	n/a	n/a	STATUS	n/a	n/a	DI42
489.7360000000	n/a	n/a	STATUS	n/a	n/a	D255
489.9920000000	n/a	n/a	STATUS	n/a	n/a	DIN5
490.0440000000	n/a	n/a	STATUS	n/a	n/a	D255
490.3440000000	n/a	n/a	STATUS	n/a	n/a	D237
490.3960000000	n/a	n/a	STATUS	n/a	n/a	D255
490.4320000000	n/a	n/a	STATUS	n/a	n/a	DI52
490.4840000000	n/a	n/a	STATUS	n/a	n/a	D255
490.8720000000	n/a	n/a	STATUS	n/a	n/a	DI42
490.9200000000	n/a	n/a	STATUS	n/a	n/a	D255
491.1760000000	n/a	n/a	STATUS	n/a	n/a	DIN5
491.2280000000	n/a	n/a	STATUS	n/a	n/a	D255
491.6360000000	n/a	n/a	STATUS	n/a	n/a	D160
491.6880000000	n/a	n/a	STATUS	n/a	n/a	D255
491.7240000000	n/a	n/a	STATUS	n/a	n/a	DI53
491.7760000000	n/a	n/a	STATUS	n/a	n/a	D255
491.9840000000	n/a	n/a	STATUS	n/a	n/a	DI43
492.0360000000	n/a	n/a	STATUS	n/a	n/a	D255
492.2920000000	n/a	n/a	STATUS	n/a	n/a	DIN5
492.3400000000	n/a	n/a	STATUS	n/a	n/a	D255
492.7960000000	n/a	n/a	STATUS	n/a	n/a	DI67
492.8440000000	n/a	n/a	STATUS	n/a	n/a	D255
492.8800000000	n/a	n/a	STATUS	n/a	n/a	DI53
492.9320000000	n/a	n/a	STATUS	n/a	n/a	D255
492.9320000000	n/a	n/a	STATUS	n/a	n/a	D245
493.1800000000	n/a	n/a	STATUS	n/a	n/a	DI43
493.2320000000	n/a	n/a	STATUS	n/a	n/a	D255
493.4880000000	n/a	n/a	STATUS	n/a	n/a	DIN5
493.5360000000	n/a	n/a	STATUS	n/a	n/a	D255
493.8720000000	n/a	n/a	STATUS	n/a	n/a	D195
493.9200000000	n/a	n/a	STATUS	n/a	n/a	D255
493.9560000000	n/a	n/a	STATUS	n/a	n/a	DI54
494.0080000000	n/a	n/a	STATUS	n/a	n/a	D255
494.2480000000	n/a	n/a	STATUS	n/a	n/a	DI34
494.3000000000	n/a	n/a	STATUS	n/a	n/a	D255
494.5560000000	n/a	n/a	STATUS	n/a	n/a	DIN5
494.6080000000	n/a	n/a	STATUS	n/a	n/a	D255
494.9920000000	n/a	n/a	STATUS	n/a	n/a	DI83
495.0400000000	n/a	n/a	STATUS	n/a	n/a	D255
495.0760000000	n/a	n/a	STATUS	n/a	n/a	DI52
495.1280000000	n/a	n/a	STATUS	n/a	n/a	D255
495.4040000000	n/a	n/a	STATUS	n/a	n/a	DI42
495.4560000000	n/a	n/a	STATUS	n/a	n/a	D255
495.7120000000	n/a	n/a	STATUS	n/a	n/a	DIN5
495.7600000000	n/a	n/a	STATUS	n/a	n/a	D255
496.2360000000	n/a	n/a	STATUS	n/a	n/a	D130
496.2840000000	n/a	n/a	STATUS	n/a	n/a	D255
496.3240000000	n/a	n/a	STATUS	n/a	n/a	DI52
496.3720000000	n/a	n/a	STATUS	n/a	n/a	D255
496.5640000000	n/a	n/a	STATUS	n/a	n/a	DI42
496.6160000000	n/a	n/a	STATUS	n/a	n/a	D255
496.8720000000	n/a	n/a	STATUS	n/a	n/a	DIN5
496.9200000000	n/a	n/a	STATUS	n/a	n/a	D255
497.3600000000	n/a	n/a	STATUS	n/a	n/a	D189
497.4120000000	n/a	n/a	STATUS	n/a	n/a	D255
497.4480000000	n/a	n/a	STATUS	n/a	n/a	DI53
497.4960000000	n/a	n/a	STATUS	n/a	n/a	D255
497.7120000000	n/a	n/a	STATUS	n/a	n/a	DI43
497.7600000000	n/a	n/a	STATUS	n/a	n/a	D255
498.0160000000	n/a	n/a	STATUS	n/a	n/a	DIN5
498.0680000000	n/a	n/a	STATUS	n/a	n/a	D255
498.4800000000	n/a	n/a	STATUS	n/a	n/a	D188
498.5320000000	n/a	n/a	STATUS	n/a	n/a	D255
498.5680000000	n/a	n/a	STATUS	n/a	n/a	DI53
498.6160000000	n/a	n/a	STATUS	n/a	n/a	D255
498.8440000000	n/a	n/a	STATUS	n/a	n/a	DI43
498.8920000000	n/a	n/a	STATUS	n/a	n/a	D255
499.1480000000	n/a	n/a	STATUS	n/a	n/a	DIN5
499.2000000000	n/a	n/a	STATUS	n/a	n/a	D255
499.5640000000	n/a	n/a	STATUS	n/a	n/a	D230
499.6120000000	n/a	n/a	STATUS	n/a	n/a	D255
499.6480000000	n/a	n/a	STATUS	n/a	n/a	DI54
499.7000000000	n/a	n/a	STATUS	n/a	n/a	D255
499.9360000000	n/a	n/a	STATUS	n/a	n/a	DI34
499.9880000000	n/a	n/a	STATUS	n/a	n/a	D255
500.2440000000	n/a	n/a	STATUS	n/a	n/a	DIN5
500.2960000000	n/a	n/a	STATUS	n/a	n/a	D255
500.7120000000	n/a	n/a	STATUS	n/a	n/a	D209
500.7640000000	n/a	n/a	STATUS	n/a	n/a	D255
500.8000000000	n/a	n/a	STATUS	n/a	n/a	DI51
500.8520000000	n/a	n/a	STATUS	n/a	n/a	D255
501.1720000000	n/a	n/a	STATUS	n/a	n/a	DI31
501.2240000000	n/a	n/a	STATUS	n/a	n/a	D255
501.4800000000	n/a	n/a	STATUS	n/a	n/a	DIN5
501.5320000000	n/a	n/a	STATUS	n/a	n/a	D255
501.9480000000	n/a	n/a	STATUS	n/a	n/a	D200
502.0000000000	n/a	n/a	STATUS	n/a	n/a	D255
502.0360000000	n/a	n/a	STATUS	n/a	n/a	DI51
502.0880000000	n/a	n/a	STATUS	n/a	n/a	D255
502.4000000000	n/a	n/a	STATUS	n/a	n/a	DI31
502.4520000000	n/a	n/a	STATUS	n/a	n/a	D255
502.7080000000	n/a	n/a	STATUS	n/a	n/a	DIN5
502.7560000000	n/a	n/a	STATUS	n/a	n/a	D255
503.0680000000	n/a	n/a	STATUS	n/a	n/a	DI77
503.1160000000	n/a	n/a	STATUS	n/a	n/a	D255
503.1520000000	n/a	n/a	STATUS	n/a	n/a	DI54
503.2040000000	n/a	n/a	STATUS	n/a	n/a	D255
503.4480000000	n/a	n/a	STATUS	n/a	n/a	DI34
503.5000000000	n/a	n/a	STATUS	n/a	n/a	D255
503.7560000000	n/a	n/a	STATUS	n/a	n/a	DIN5
503.8080000000	n/a	n/a	STATUS	n/a	n/a	D255
504.1960000000	n/a	n/a	STATUS	n/a	n/a	D185
504.2440000000	n/a	n/a	STATUS	n/a	n/a	D255
504.2840000000	n/a	n/a	STATUS	n/a	n/a	DI53
504.3320000000	n/a	n/a	STATUS	n/a	n/a	D255
504.5640000000	n/a	n/a	STATUS	n/a	n/a	DI43
504.6160000000	n/a	n/a	STATUS	n/a	n/a	D255
504.8720000000	n/a	n/a	STATUS	n/a	n/a	DIN5
504.9200000000	n/a	n/a	STATUS	n/a	n/a	D255
505.3000000000	n/a	n/a	STATUS	n/a	n/a	D168
505.3520000000	n/a	n/a	STATUS	n/a	n/a	D255
505.3880000000	n/a	n/a	STATUS	n/a	n/a	DI51
505.4360000000	n/a	n/a	STATUS	n/a	n/a	D255
505.7760000000	n/a	n/a	STATUS	n/a	n/a	DI31
505.8240000000	n/a	n/a	STATUS	n/a	n/a	D255
506.0840000000	n/a	n/a	STATUS	n/a	n/a	DIN5
506.1320000000	n/a	n/a	STATUS	n/a	n/a	D255
506.5280000000	n/a	n/a	STATUS	n/a	n/a	DI85
506.5760000000	n/a	n/a	STATUS	n/a	n/a	D255
506.6120000000	n/a	n/a	STATUS	n/a	n/a	DI51
506.6640000000	n/a	n/a	STATUS	n/a	n/a	D255
506.8880000000	n/a	n/a	STATUS	n/a	n/a	DI21
506.9400000000	n/a	n/a	STATUS	n/a	n/a	D255
506.9440000000	n/a	n/a	STATUS	n/a	n/a	DIN4
506.9920000000	n/a	n/a	STATUS	n/a	n/a	D255
507.7480000000	n/a	n/a	STATUS	n/a	n/a	DIN5
507.7960000000	n/a	n/a	STATUS	n/a	n/a	D255
508.1480000000	n/a	n/a	STATUS	n/a	n/a	D177
508.2000000000	n/a	n/a	STATUS	n/a	n/a	D255
508.2360000000	n/a	n/a	STATUS	n/a	n/a	DI54
508.2880000000	n/a	n/a	STATUS	n/a	n/a	D255
508.5120000000	n/a	n/a	STATUS	n/a	n/a	DI34
508.5640000000	n/a	n/a	STATUS	n/a	n/a	D255
508.8200000000	n/a	n/a	STATUS	n/a	n/a	DIN5
508.8720000000	n/a	n/a	STATUS	n/a	n/a	D255
509.3440000000	n/a	n/a	STATUS	n/a	n/a	D119
509.3960000000	n/a	n/a	STATUS	n/a	n/a	D255
509.4320000000	n/a	n/a	STATUS	n/a	n/a	DI51
509.4800000000	n/a	n/a	STATUS	n/a	n/a	D255
509.6760000000	n/a	n/a	STATUS	n/a	n/a	DI21
509.7240000000	n/a	n/a	STATUS	n/a	n/a	D255
509.7280000000	n/a	n/a	STATUS	n/a	n/a	DIN4
509.7760000000	n/a	n/a	STATUS	n/a	n/a	D255
510.5320000000	n/a	n/a	STATUS	n/a	n/a	DIN5
510.5800000000	n/a	n/a	STATUS	n/a	n/a	D255
510.8840000000	n/a	n/a	STATUS	n/a	n/a	D172
510.9360000000	n/a	n/a	STATUS	n/a	n/a	D255
510.9720000000	n/a	n/a	STATUS	n/a	n/a	DI53
511.0240000000	n/a	n/a	STATUS	n/a	n/a	D255
511.2800000000	n/a	n/a	STATUS	n/a	n/a	DI43
511.3320000000	n/a	n/a	STATUS	n/a	n/a	D255
511.5880000000	n/a	n/a	STATUS	n/a	n/a	DIN5
511.6360000000	n/a	n/a	STATUS	n/a	n/a	D255
511.9920000000	n/a	n/a	STATUS	n/a	n/a	D253
512.0400000000	n/a	n/a	STATUS	n/a	n/a	D255
512.0760000000	n/a	n/a	STATUS	n/a	n/a	DI52
512.1280000000	n/a	n/a	STATUS	n/a	n/a	D255
512.4360000000	n/a	n/a	STATUS	n/a	n/a	DI42
512.4880000000	n/a	n/a	STATUS	n/a	n/a	D255
512.7440000000	n/a	n/a	STATUS	n/a	n/a	DIN5
512.7960000000	n/a	n/a	STATUS	n/a	n/a	D255
513.1880000000	n/a	n/a	STATUS	n/a	n/a	D182
513.2400000000	n/a	n/a	STATUS	n/a	n/a	D255
513.2760000000	n/a	n/a	STATUS	n/a	n/a	DI53
513.3240000000	n/a	n/a	STATUS	n/a	n/a	D255
513.5800000000	n/a	n/a	STATUS	n/a	n/a	DI43
513.6320000000	n/a	n/a	STATUS	n/a	n/a	D255
513.8880000000	n/a	n/a	STATUS	n/a	n/a	DIN5
513.9400000000	n/a	n/a	STATUS	n/a	n/a	D255
514.3880000000	n/a	n/a	STATUS	n/a	n/a	D249
514.4360000000	n/a	n/a	STATUS	n/a	n/a	D255
514.4720000000	n/a	n/a	STATUS	n/a	n/a	DI53
514.5240000000	n/a	n/a	STATUS	n/a	n/a	D255
514.5240000000	n/a	n/a	STATUS	n/a	n/a	D247
514.8040000000	n/a	n/a	STATUS	n/a	n/a	DI13
514.8560000000	n/a	n/a	STATUS	n/a	n/a	D255
514.8600000000	n/a	n/a	STATUS	n/a	n/a	DIN4
514.9080000000	n/a	n/a	STATUS	n/a	n/a	D255
515.6640000000	n/a	n/a	STATUS	n/a	n/a	DIN5
515.7120000000	n/a	n/a	STATUS	n/a	n/a	D255
516.1360000000	n/a	n/a	STATUS	n/a	n/a	D183
516.1880000000	n/a	n/a	STATUS	n/a	n/a	D255
516.2240000000	n/a	n/a	STATUS	n/a	n/a	DI54
516.2720000000	n/a	n/a	STATUS	n/a	n/a	D255
516.5280000000	n/a	n/a	STATUS	n/a	n/a	DI34
516.5800000000	n/a	n/a	STATUS	n/a	n/a	D255
516.8360000000	n/a	n/a	STATUS	n/a	n/a	DIN5
516.8880000000	n/a	n/a	STATUS	n/a	n/a	D255
517.2480000000	n/a	n/a	STATUS	n/a	n/a	D201
517.3000000000	n/a	n/a	STATUS	n/a	n/a	D255
517.3360000000	n/a	n/a	STATUS	n/a	n/a	DI54
517.3880000000	n/a	n/a	STATUS	n/a	n/a	D255
517.6160000000	n/a	n/a	STATUS	n/a	n/a	DI34
517.6680000000	n/a	n/a	STATUS	n/a	n/a	D255
517.9240000000	n/a	n/a	STATUS	n/a	n/a	DIN5
517.9760000000	n/a	n/a	STATUS	n/a	n/a	D255
518.3640000000	n/a	n/a	STATUS	n/a	n/a	D211
518.4120000000	n/a	n/a	STATUS	n/a	n/a	D255
518.4520000000	n/a	n/a	STATUS	n/a	n/a	DI53
518.5000000000	n/a	n/a	STATUS	n/a	n/a	D255
518.7200000000	n/a	n/a	STATUS	n/a	n/a	DI43
518.7720000000	n/a	n/a	STATUS	n/a	n/a	D255
519.0280000000	n/a	n/a	STATUS	n/a	n/a	DIN5
519.0800000000	n/a	n/a	STATUS	n/a	n/a	D255
519.5120000000	n/a	n/a	STATUS	n/a	n/a	D109
519.5600000000	n/a	n/a	STATUS	n/a	n/a	D255
519.6000000000	n/a	n/a	STATUS	n/a	n/a	DI54
519.6480000000	n/a	n/a	STATUS	n/a	n/a	D255
519.8600000000	n/a	n/a	STATUS	n/a	n/a	DI34
519.9120000000	n/a	n/a	STATUS	n/a	n/a	D255
520.1680000000	n/a	n/a	STATUS	n/a	n/a	DIN5
520.2160000000	n/a	n/a	STATUS	n/a	n/a	D255
520.7160000000	n/a	n/a	STATUS	n/a	n/a	D140
520.7680000000	n/a	n/a	STATUS	n/a	n/a	D255
520.8040000000	n/a	n/a	STATUS	n/a	n/a	DI54
520.8520000000	n/a	n/a	STATUS	n/a	n/a	D255
521.0760000000	n/a	n/a	STATUS	n/a	n/a	DI34
521.1240000000	n/a	n/a	STATUS	n/a	n/a	D255
521.3800000000	n/a	n/a	STATUS	n/a	n/a	DIN5
521.4320000000	n/a	n/a	STATUS	n/a	n/a	D255
521.8800000000	n/a	n/a	STATUS	n/a	n/a	D146
521.9320000000	n/a	n/a	STATUS	n/a	n/a	D255
521.9680000000	n/a	n/a	STATUS	n/a	n/a	DI51
522.0160000000	n/a	n/a	STATUS	n/a	n/a	D255
522.2000000000	n/a	n/a	STATUS	n/a	n/a	DI21
522.2520000000	n/a	n/a	STATUS	n/a	n/a	DIN4
522.2520000000	n/a	n/a	STATUS	n/a	n/a	D255
522.3040000000	n/a	n/a	STATUS	n/a	n/a	D255
523.0560000000	n/a	n/a	STATUS	n/a	n/a	DIN5
523.1080000000	n/a	n/a	STATUS	n/a	n/a	D255
523.4360000000	n/a	n/a	STATUS	n/a	n/a	D228
523.4880000000	n/a	n/a	STATUS	n/a	n/a	D255
523.5240000000	n/a	n/a	STATUS	n/a	n/a	DI52
523.5720000000	n/a	n/a	STATUS	n/a	n/a	D255
523.8840000000	n/a	n/a	STATUS	n/a	n/a	DI42
523.9320000000	n/a	n/a	STATUS	n/a	n/a	D255
524.1920000000	n/a	n/a	STATUS	n/a	n/a	DIN5
524.2400000000	n/a	n/a	STATUS	n/a	n/a	D255
524.6200000000	n/a	n/a	STATUS	n/a	n/a	D131
524.6680000000	n/a	n/a	STATUS	n/a	n/a	D255
524.7040000000	n/a	n/a	STATUS	n/a	n/a	DI54
524.7560000000	n/a	n/a	STATUS	n/a	n/a	D255
524.9800000000	n/a	n/a	STATUS	n/a	n/a	DI34
525.0280000000	n/a	n/a	STATUS	n/a	n/a	D255
525.2840000000	n/a	n/a	STATUS	n/a	n/a	DIN5
525.3360000000	n/a	n/a	STATUS	n/a	n/a	D255
525.6640000000	n/a	n/a	STATUS	n/a	n/a	D224
525.7160000000	n/a	n/a	STATUS	n/a	n/a	D255
525.7520000000	n/a	n/a	STATUS	n/a	n/a	DI53
525.8000000000	n/a	n/a	STATUS	n/a	n/a	D255
526.0360000000	n/a	n/a	STATUS	n/a	n/a	DI43
526.0880000000	n/a	n/a	STATUS	n/a	n/a	D255
526.3440000000	n/a	n/a	STATUS	n/a	n/a	DIN5
526.3960000000	n/a	n/a	STATUS	n/a	n/a	D255
526.7800000000	n/a	n/a	STATUS	n/a	n/a	D197
526.8280000000	n/a	n/a	STATUS	n/a	n/a	D255
526.8640000000	n/a	n/a	STATUS	n/a	n/a	DI51
526.9160000000	n/a	n/a	STATUS	n/a	n/a	D255
527.1840000000	n/a	n/a	STATUS	n/a	n/a	DI31
527.2360000000	n/a	n/a	STATUS	n/a	n/a	D255
527.4920000000	n/a	n/a	STATUS	n/a	n/a	DIN5
527.5440000000	n/a	n/a	STATUS	n/a	n/a	D255
527.9960000000	n/a	n/a	STATUS	n/a	n/a	D129
528.0480000000	n/a	n/a	STATUS	n/a	n/a	D255
528.0840000000	n/a	n/a	STATUS	n/a	n/a	DI53
528.1320000000	n/a	n/a	STATUS	n/a	n/a	D255
528.4360000000	n/a	n/a	STATUS	n/a	n/a	DI13
528.4880000000	n/a	n/a	STATUS	n/a	n/a	D255
528.4920000000	n/a	n/a	STATUS	n/a	n/a	DIN4
528.5400000000	n/a	n/a	STATUS	n/a	n/a	D255
529.2960000000	n/a	n/a	STATUS	n/a	n/a	DIN5
529.3440000000	n/a	n/a	STATUS	n/a	n/a	D255
529.7640000000	n/a	n/a	STATUS	n/a	n/a	D213
529.8120000000	n/a	n/a	STATUS	n/a	n/a	D255
529.8480000000	n/a	n/a	STATUS	n/a	n/a	DI52
529.9000000000	n/a	n/a	STATUS	n/a	n/a	D255
530.2400000000	n/a	n/a	STATUS	n/a	n/a	DI42
530.2920000000	n/a	n/a	STATUS	n/a	n/a	D255
530.5480000000	n/a	n/a	STATUS	n/a	n/a	DIN5
530.5960000000	n/a	n/a	STATUS	n/a	n/a	D255
531.0720000000	n/a	n/a	STATUS	n/a	n/a	D120
531.1200000000	n/a	n/a	STATUS	n/a	n/a	D255
531.1600000000	n/a	n/a	STATUS	n/a	n/a	DI51
531.2080000000	n/a	n/a	STATUS	n/a	n/a	D255
531.4960000000	n/a	n/a	STATUS	n/a	n/a	DI31
531.5480000000	n/a	n/a	STATUS	n/a	n/a	D255
531.8040000000	n/a	n/a	STATUS	n/a	n/a	DIN5
531.8560000000	n/a	n/a	STATUS	n/a	n/a	D255
532.2360000000	n/a	n/a	STATUS	n/a	n/a	D171
532.2880000000	n/a	n/a	STATUS	n/a	n/a	D255
532.3240000000	n/a	n/a	STATUS	n/a	n/a	DI54
532.3760000000	n/a	n/a	STATUS	n/a	n/a	D255
532.6480000000	n/a	n/a	STATUS	n/a	n/a	DI34
532.7000000000	n/a	n/a	STATUS	n/a	n/a	D255
532.9560000000	n/a	n/a	STATUS	n/a	n/a	DIN5
533.0080000000	n/a	n/a	STATUS	n/a	n/a	D255
533.5000000000	n/a	n/a	STATUS	n/a	n/a	D143
533.5480000000	n/a	n/a	STATUS	n/a	n/a	D255
533.5880000000	n/a	n/a	STATUS	n/a	n/a	DI53
533.6360000000	n/a	n/a	STATUS	n/a	n/a	D255
533.8120000000	n/a	n/a	STATUS	n/a	n/a	DI43
533.8640000000	n/a	n/a	STATUS	n/a	n/a	D255
534.1200000000	n/a	n/a	STATUS	n/a	n/a	DIN5
534.1720000000	n/a	n/a	STATUS	n/a	n/a	D255
534.5840000000	n/a	n/a	STATUS	n/a	n/a	D116
534.6360000000	n/a	n/a	STATUS	n/a	n/a	D255
534.6720000000	n/a	n/a	STATUS	n/a	n/a	DI51
534.7200000000	n/a	n/a	STATUS	n/a	n/a	D255
535.0000000000	n/a	n/a	STATUS	n/a	n/a	DI31
535.0520000000	n/a	n/a	STATUS	n/a	n/a	D255
535.3080000000	n/a	n/a	STATUS	n/a	n/a	DIN5
535.3560000000	n/a	n/a	STATUS	n/a	n/a	D255
535.6880000000	n/a	n/a	STATUS	n/a	n/a	D240
535.7360000000	n/a	n/a	STATUS	n/a	n/a	D255
535.7720000000	n/a	n/a	STATUS	n/a	n/a	DI51
535.8240000000	n/a	n/a	STATUS	n/a	n/a	D255
536.1320000000	n/a	n/a	STATUS	n/a	n/a	DI31
536.1840000000	n/a	n/a	STATUS	n/a	n/a	D255
536.4400000000	n/a	n/a	STATUS	n/a	n/a	DIN5
536.4880000000	n/a	n/a	STATUS	n/a	n/a	D255
536.9640000000	n/a	n/a	STATUS	n/a	n/a	DI86
537.0120000000	n/a	n/a	STATUS	n/a	n/a	D255
537.0520000000	n/a	n/a	STATUS	n/a	n/a	DI52
537.1000000000	n/a	n/a	STATUS	n/a	n/a	D255
537.3160000000	n/a	n/a	STATUS	n/a	n/a	DI12
537.3640000000	n/a	n/a	STATUS	n/a	n/a	D255
537.3680000000	n/a	n/a	STATUS	n/a	n/a	DIN4
537.4200000000	n/a	n/a	STATUS	n/a	n/a	D255
538.1720000000	n/a	n/a	STATUS	n/a	n/a	DIN5
538.2240000000	n/a	n/a	STATUS	n/a	n/a	D255
538.5960000000	n/a	n/a	STATUS	n/a	n/a	D122
538.6480000000	n/a	n/a	STATUS	n/a	n/a	D255
538.6840000000	n/a	n/a	STATUS	n/a	n/a	DI51
538.7320000000	n/a	n/a	STATUS	n/a	n/a	D255
539.0440000000	n/a	n/a	STATUS	n/a	n/a	DI31
539.0920000000	n/a	n/a	STATUS	n/a	n/a	D255
539.3480000000	n/a	n/a	STATUS	n/a	n/a	DIN5
539.4000000000	n/a	n/a	STATUS	n/a	n/a	D255
539.8840000000	n/a	n/a	STATUS	n/a	n/a	D231
539.9320000000	n/a	n/a	STATUS	n/a	n/a	D255
539.9680000000	n/a	n/a	STATUS	n/a	n/a	DI53
540.0200000000	n/a	n/a	STATUS	n/a	n/a	D255
540.2760000000	n/a	n/a	STATUS	n/a	n/a	DI43
540.3280000000	n/a	n/a	STATUS	n/a	n/a	D255
540.5840000000	n/a	n/a	STATUS	n/a	n/a	DIN5
540.6360000000	n/a	n/a	STATUS	n/a	n/a	D255
541.0160000000	n/a	n/a	STATUS	n/a	n/a	D250
541.0680000000	n/a	n/a	STATUS	n/a	n/a	D255
541.1040000000	n/a	n/a	STATUS	n/a	n/a	DI54
541.1560000000	n/a	n/a	STATUS	n/a	n/a	D255
541.4000000000	n/a	n/a	STATUS	n/a	n/a	DI34
541.4520000000	n/a	n/a	STATUS	n/a	n/a	D255
541.7080000000	n/a	n/a	STATUS	n/a	n/a	DIN5
541.7600000000	n/a	n/a	STATUS	n/a	n/a	D255
542.2080000000	n/a	n/a	STATUS	n/a	n/a	D238
542.2560000000	n/a	n/a	STATUS	n/a	n/a	D255
542.2960000000	n/a	n/a	STATUS	n/a	n/a	DI51
542.3440000000	n/a	n/a	STATUS	n/a	n/a	D255
542.6320000000	n/a	n/a	STATUS	n/a	n/a	DI31
542.6840000000	n/a	n/a	STATUS	n/a	n/a	D255
542.9400000000	n/a	n/a	STATUS	n/a	n/a	DIN5
542.9920000000	n/a	n/a	STATUS	n/a	n/a	D255
543.3680000000	n/a	n/a	STATUS	n/a	n/a	D221
543.4200000000	n/a	n/a	STATUS	n/a	n/a	D255
543.4560000000	n/a	n/a	STATUS	n/a	n/a	DI53
543.5080000000	n/a	n/a	STATUS	n/a	n/a	D255
543.7760000000	n/a	n/a	STATUS	n/a	n/a	DI43
543.8280000000	n/a	n/a	STATUS	n/a	n/a	D255
544.0840000000	n/a	n/a	STATUS	n/a	n/a	DIN5
544.1360000000	n/a	n/a	STATUS	n/a	n/a	D255
544.5000000000	n/a	n/a	STATUS	n/a	n/a	DI65
544.5480000000	n/a	n/a	STATUS	n/a	n/a	D255
544.5840000000	n/a	n/a	STATUS	n/a	n/a	DI53
544.6360000000	n/a	n/a	STATUS	n/a	n/a	D255
544.8800000000	n/a	n/a	STATUS	n/a	n/a	DI43
544.9320000000	n/a	n/a	STATUS	n/a	n/a	D255
545.1880000000	n/a	n/a	STATUS	n/a	n/a	DIN5
545.2360000000	n/a	n/a	STATUS	n/a	n/a	D255
545.7120000000	n/a	n/a	STATUS	n/a	n/a	D191
545.7600000000	n/a	n/a	STATUS	n/a	n/a	D255
545.8000000000	n/a	n/a	STATUS	n/a	n/a	DI52
545.8480000000	n/a	n/a	STATUS	n/a	n/a	D255
546.1480000000	n/a	n/a	STATUS	n/a	n/a	DI42
546.1960000000	n/a	n/a	STATUS	n/a	n/a	D255
546.4560000000	n/a	n/a	STATUS	n/a	n/a	DIN5
546.5040000000	n/a	n/a	STATUS	n/a	n/a	D255
546.9720000000	n/a	n/a	STATUS	n/a	n/a	D179
547.0240000000	n/a	n/a	STATUS	n/a	n/a	D255
547.0600000000	n/a	n/a	STATUS	n/a	n/a	DI53
547.1080000000	n/a	n/a	STATUS	n/a	n/a	D245
547.1120000000	n/a	n/a	STATUS	n/a	n/a	D255
547.3440000000	n/a	n/a	STATUS	n/a	n/a	DI43
547.3960000000	n/a	n/a	STATUS	n/a	n/a	D255
547.6520000000	n/a	n/a	STATUS	n/a	n/a	DIN5
547.7000000000	n/a	n/a	STATUS	n/a	n/a	D255
548.1440000000	n/a	n/a	STATUS	n/a	n/a	D113
548.1960000000	n/a	n/a	STATUS	n/a	n/a	D255
548.2320000000	n/a	n/a	STATUS	n/a	n/a	DI54
548.2800000000	n/a	n/a	STATUS	n/a	n/a	D255
548.4680000000	n/a	n/a	STATUS	n/a	n/a	DI34
548.5200000000	n/a	n/a	STATUS	n/a	n/a	D255
548.7760000000	n/a	n/a	STATUS	n/a	n/a	DIN5
548.8280000000	n/a	n/a	STATUS	n/a	n/a	DI69
548.8280000000	n/a	n/a	STATUS	n/a	n/a	D255
549.2160000000	n/a	n/a	STATUS	n/a	n/a	D148
549.2680000000	n/a	n/a	STATUS	n/a	n/a	D255
549.3040000000	n/a	n/a	STATUS	n/a	n/a	DI53
549.3520000000	n/a	n/a	STATUS	n/a	n/a	D255
549.6040000000	n/a	n/a	STATUS	n/a	n/a	DI43
549.6520000000	n/a	n/a	STATUS	n/a	n/a	D235
549.6560000000	n/a	n/a	STATUS	n/a	n/a	D255
549.9120000000	n/a	n/a	STATUS	n/a	n/a	DIN5
549.9600000000	n/a	n/a	STATUS	n/a	n/a	D255
550.3040000000	n/a	n/a	STATUS	n/a	n/a	DI97
550.3560000000	n/a	n/a	STATUS	n/a	n/a	D255
550.3920000000	n/a	n/a	STATUS	n/a	n/a	DI53
550.4400000000	n/a	n/a	STATUS	n/a	n/a	D255
550.6680000000	n/a	n/a	STATUS	n/a	n/a	DI43
550.7160000000	n/a	n/a	STATUS	n/a	n/a	D255
550.9760000000	n/a	n/a	STATUS	n/a	n/a	DIN5
551.0240000000	n/a	n/a	STATUS	n/a	n/a	D255
551.3720000000	n/a	n/a	STATUS	n/a	n/a	D245
551.4240000000	n/a	n/a	STATUS	n/a	n/a	D255
551.4600000000	n/a	n/a	STATUS	n/a	n/a	DI54
551.5120000000	n/a	n/a	STATUS	n/a	n/a	D255
551.7480000000	n/a	n/a	STATUS	n/a	n/a	DI34
551.7960000000	n/a	n/a	STATUS	n/a	n/a	D255
552.0520000000	n/a	n/a	STATUS	n/a	n/a	DIN5
552.1040000000	n/a	n/a	STATUS	n/a	n/a	D255
552.5480000000	n/a	n/a	STATUS	n/a	n/a	D190
552.5960000000	n/a	n/a	STATUS	n/a	n/a	D255
552.6320000000	n/a	n/a	STATUS	n/a	n/a	DI52
552.6840000000	n/a	n/a	STATUS	n/a	n/a	D255
552.9600000000	n/a	n/a	STATUS	n/a	n/a	DI42
553.0120000000	n/a	n/a	STATUS	n/a	n/a	D255
553.2680000000	n/a	n/a	STATUS	n/a	n/a	DIN5
553.3200000000	n/a	n/a	STATUS	n/a	n/a	D255
553.8240000000	n/a	n/a	STATUS	n/a	n/a	D204
553.8720000000	n/a	n/a	STATUS	n/a	n/a	D255
553.9080000000	n/a	n/a	STATUS	n/a	n/a	DI52
553.9600000000	n/a	n/a	STATUS	n/a	n/a	D255
554.1560000000	n/a	n/a	STATUS	n/a	n/a	DI12
554.2080000000	n/a	n/a	STATUS	n/a	n/a	D255
554.2120000000	n/a	n/a	STATUS	n/a	n/a	DIN4
554.2600000000	n/a	n/a	STATUS	n/a	n/a	D255
555.0160000000	n/a	n/a	STATUS	n/a	n/a	DIN5
555.0640000000	n/a	n/a	STATUS	n/a	n/a	D255
555.5440000000	n/a	n/a	STATUS	n/a	n/a	D205
555.5920000000	n/a	n/a	STATUS	n/a	n/a	D255
555.6280000000	n/a	n/a	STATUS	n/a	n/a	DI52
555.6800000000	n/a	n/a	STATUS	n/a	n/a	D255
555.9880000000	n/a	n/a	STATUS	n/a	n/a	DI42
556.0400000000	n/a	n/a	STATUS	n/a	n/a	D255
556.2960000000	n/a	n/a	STATUS	n/a	n/a	DIN5
556.3440000000	n/a	n/a	STATUS	n/a	n/a	D255
556.6800000000	n/a	n/a	STATUS	n/a	n/a	DI79
556.7280000000	n/a	n/a	STATUS	n/a	n/a	D255
556.7640000000	n/a	n/a	STATUS	n/a	n/a	DI52
556.8160000000	n/a	n/a	STATUS	n/a	n/a	D255
557.1000000000	n/a	n/a	STATUS	n/a	n/a	DI42
557.1520000000	n/a	n/a	STATUS	n/a	n/a	D255
557.4080000000	n/a	n/a	STATUS	n/a	n/a	DIN5
557.4560000000	n/a	n/a	STATUS	n/a	n/a	D255
557.9600000000	n/a	n/a	STATUS	n/a	n/a	D134
558.0120000000	n/a	n/a	STATUS	n/a	n/a	D255
558.0480000000	n/a	n/a	STATUS	n/a	n/a	DI54
558.0960000000	n/a	n/a	STATUS	n/a	n/a	D255
558.3960000000	n/a	n/a	STATUS	n/a	n/a	DI34
558.4440000000	n/a	n/a	STATUS	n/a	n/a	D255
558.7040000000	n/a	n/a	STATUS	n/a	n/a	DIN5
558.7520000000	n/a	n/a	STATUS	n/a	n/a	D255
559.1240000000	n/a	n/a	STATUS	n/a	n/a	D175
559.1760000000	n/a	n/a	STATUS	n/a	n/a	D255
559.2120000000	n/a	n/a	STATUS	n/a	n/a	DI54
559.2640000000	n/a	n/a	STATUS	n/a	n/a	D255
559.5000000000	n/a	n/a	STATUS	n/a	n/a	DI34
559.5520000000	n/a	n/a	STATUS	n/a	n/a	D255
559.8080000000	n/a	n/a	STATUS	n/a	n/a	DIN5
559.8560000000	n/a	n/a	STATUS	n/a	n/a	D255
560.3600000000	n/a	n/a	STATUS	n/a	n/a	D114
560.4120000000	n/a	n/a	STATUS	n/a	n/a	D255
560.4480000000	n/a	n/a	STATUS	n/a	n/a	DI53
560.4960000000	n/a	n/a	STATUS	n/a	n/a	D255
560.7280000000	n/a	n/a	STATUS	n/a	n/a	DI43
560.7760000000	n/a	n/a	STATUS	n/a	n/a	D255
561.0360000000	n/a	n/a	STATUS	n/a	n/a	DIN5
561.0840000000	n/a	n/a	STATUS	n/a	n/a	D255
561.4240000000	n/a	n/a	STATUS	n/a	n/a	D229
561.4720000000	n/a	n/a	STATUS	n/a	n/a	D255
561.5080000000	n/a	n/a	STATUS	n/a	n/a	DI52
561.5600000000	n/a	n/a	STATUS	n/a	n/a	D255
561.8520000000	n/a	n/a	STATUS	n/a	n/a	DI42
561.9040000000	n/a	n/a	STATUS	n/a	n/a	D255
562.1600000000	n/a	n/a	STATUS	n/a	n/a	DIN5
562.2120000000	n/a	n/a	STATUS	n/a	n/a	D255
562.7160000000	n/a	n/a	STATUS	n/a	n/a	D100
562.7640000000	n/a	n/a	STATUS	n/a	n/a	D255
562.8000000000	n/a	n/a	STATUS	n/a	n/a	DI53
562.8520000000	n/a	n/a	STATUS	n/a	n/a	D255
563.0680000000	n/a	n/a	STATUS	n/a	n/a	DI43
563.1200000000	n/a	n/a	STATUS	n/a	n/a	D255
563.3760000000	n/a	n/a	STATUS	n/a	n/a	DIN5
563.4240000000	n/a	n/a	STATUS	n/a	n/a	D255
563.7480000000	n/a	n/a	STATUS	n/a	n/a	D216
563.8000000000	n/a	n/a	STATUS	n/a	n/a	D255
563.8360000000	n/a	n/a	STATUS	n/a	n/a	DI51
563.8880000000	n/a	n/a	STATUS	n/a	n/a	D255
564.2080000000	n/a	n/a	STATUS	n/a	n/a	DI31
564.2560000000	n/a	n/a	STATUS	n/a	n/a	D255
564.5120000000	n/a	n/a	STATUS	n/a	n/a	DIN5
564.5640000000	n/a	n/a	STATUS	n/a	n/a	D255
565.0360000000	n/a	n/a	STATUS	n/a	n/a	DI94
565.0880000000	n/a	n/a	STATUS	n/a	n/a	D255
565.1240000000	n/a	n/a	STATUS	n/a	n/a	DI51
565.1760000000	n/a	n/a	STATUS	n/a	n/a	D255
565.4680000000	n/a	n/a	STATUS	n/a	n/a	DI31
565.5200000000	n/a	n/a	STATUS	n/a	n/a	D255
565.7760000000	n/a	n/a	STATUS	n/a	n/a	DIN5
565.8240000000	n/a	n/a	STATUS	n/a	n/a	D255
566.2560000000	n/a	n/a	STATUS	n/a	n/a	D158
566.3040000000	n/a	n/a	STATUS	n/a	n/a	D255
566.3400000000	n/a	n/a	STATUS	n/a	n/a	DI54
566.3920000000	n/a	n/a	STATUS	n/a	n/a	D255
566.6240000000	n/a	n/a	STATUS	n/a	n/a	DI34
566.6720000000	n/a	n/a	STATUS	n/a	n/a	D255
566.9280000000	n/a	n/a	STATUS	n/a	n/a	DIN5
566.9800000000	n/a	n/a	STATUS	n/a	n/a	D255
567.3960000000	n/a	n/a	STATUS	n/a	n/a	D164
567.4440000000	n/a	n/a	STATUS	n/a	n/a	D255
567.4800000000	n/a	n/a	STATUS	n/a	n/a	DI54
567.5320000000	n/a	n/a	STATUS	n/a	n/a	D255
567.7400000000	n/a	n/a	STATUS	n/a	n/a	DI34
567.7880000000	n/a	n/a	STATUS	n/a	n/a	D255
568.0440000000	n/a	n/a	STATUS	n/a	n/a	DIN5
568.0960000000	n/a	n/a	STATUS	n/a	n/a	D255
568.4440000000	n/a	n/a	STATUS	n/a	n/a	D176
568.4960000000	n/a	n/a	STATUS	n/a	n/a	D255
568.5320000000	n/a	n/a	STATUS	n/a	n/a	DI51
568.5800000000	n/a	n/a	STATUS	n/a	n/a	D255
568.8840000000	n/a	n/a	STATUS	n/a	n/a	DI31
568.9320000000	n/a	n/a	STATUS	n/a	n/a	D255
569.1880000000	n/a	n/a	STATUS	n/a	n/a	DIN5
569.2400000000	n/a	n/a	STATUS	n/a	n/a	D255
569.7160000000	n/a	n/a	STATUS	n/a	n/a	D203
569.7680000000	n/a	n/a	STATUS	n/a	n/a	D255
569.8040000000	n/a	n/a	STATUS	n/a	n/a	DI54
569.8560000000	n/a	n/a	STATUS	n/a	n/a	D255
570.1160000000	n/a	n/a	STATUS	n/a	n/a	DI34
570.1680000000	n/a	n/a	STATUS	n/a	n/a	D255
570.4240000000	n/a	n/a	STATUS	n/a	n/a	DIN5
570.4720000000	n/a	n/a	STATUS	n/a	n/a	D255
570.9480000000	n/a	n/a	STATUS	n/a	n/a	DI68
570.9960000000	n/a	n/a	STATUS	n/a	n/a	D255
571.0320000000	n/a	n/a	STATUS	n/a	n/a	DI51
571.0840000000	n/a	n/a	STATUS	n/a	n/a	D255
571.3880000000	n/a	n/a	STATUS	n/a	n/a	DI31
571.4360000000	n/a	n/a	STATUS	n/a	n/a	D255
571.6960000000	n/a	n/a	STATUS	n/a	n/a	DIN5
571.7440000000	n/a	n/a	STATUS	n/a	n/a	D255
572.2000000000	n/a	n/a	STATUS	n/a	n/a	D252
572.2480000000	n/a	n/a	STATUS	n/a	n/a	D255
572.2840000000	n/a	n/a	STATUS	n/a	n/a	DI52
572.3360000000	n/a	n/a	STATUS	n/a	n/a	D255
572.6680000000	n/a	n/a	STATUS	n/a	n/a	DI42
572.7200000000	n/a	n/a	STATUS	n/a	n/a	D255
572.9760000000	n/a	n/a	STATUS	n/a	n/a	DIN5
573.0240000000	n/a	n/a	STATUS	n/a	n/a	D255
573.5280000000	n/a	n/a	STATUS	n/a	n/a	D233
573.5800000000	n/a	n/a	STATUS	n/a	n/a	D255
573.6160000000	n/a	n/a	STATUS	n/a	n/a	DI51
573.6680000000	n/a	n/a	STATUS	n/a	n/a	D255
573.9800000000	n/a	n/a	STATUS	n/a	n/a	DI31
574.0320000000	n/a	n/a	STATUS	n/a	n/a	D255
574.2880000000	n/a	n/a	STATUS	n/a	n/a	DIN5
574.3400000000	n/a	n/a	STATUS	n/a	n/a	D255
574.7800000000	n/a	n/a	STATUS	n/a	n/a	D199
574.8320000000	n/a	n/a	STATUS	n/a	n/a	D255
574.8680000000	n/a	n/a	STATUS	n/a	n/a	DI54
574.9200000000	n/a	n/a	STATUS	n/a	n/a	D255
575.1960000000	n/a	n/a	STATUS	n/a	n/a	DI34
575.2440000000	n/a	n/a	STATUS	n/a	n/a	D255
575.5000000000	n/a	n/a	STATUS	n/a	n/a	DIN5
575.5520000000	n/a	n/a	STATUS	n/a	n/a	D255
575.9400000000	n/a	n/a	STATUS	n/a	n/a	D104
575.9880000000	n/a	n/a	STATUS	n/a	n/a	D255
576.0280000000	n/a	n/a	STATUS	n/a	n/a	DI52
576.0760000000	n/a	n/a	STATUS	n/a	n/a	D255
576.3880000000	n/a	n/a	STATUS	n/a	n/a	DI42
576.4400000000	n/a	n/a	STATUS	n/a	n/a	D255
576.6960000000	n/a	n/a	STATUS	n/a	n/a	DIN5
576.7480000000	n/a	n/a	STATUS	n/a	n/a	D255
577.1200000000	n/a	n/a	STATUS	n/a	n/a	D187
577.1720000000	n/a	n/a	STATUS	n/a	n/a	D255
577.2080000000	n/a	n/a	STATUS	n/a	n/a	DI52
577.2560000000	n/a	n/a	STATUS	n/a	n/a	D255
577.5640000000	n/a	n/a	STATUS	n/a	n/a	DI42
577.6120000000	n/a	n/a	STATUS	n/a	n/a	D255
577.8720000000	n/a	n/a	STATUS	n/a	n/a	DIN5
577.9240000000	n/a	n/a	STATUS	n/a	n/a	D255
578.2600000000	n/a	n/a	STATUS	n/a	n/a	D219
578.3120000000	n/a	n/a	STATUS	n/a	n/a	D255
578.3480000000	n/a	n/a	STATUS	n/a	n/a	DI53
578.3960000000	n/a	n/a	STATUS	n/a	n/a	D255
578.6760000000	n/a	n/a	STATUS	n/a	n/a	DI43
578.7240000000	n/a	n/a	STATUS	n/a	n/a	D255
578.9800000000	n/a	n/a	STATUS	n/a	n/a	DIN5
579.0320000000	n/a	n/a	STATUS	n/a	n/a	D255
579.4400000000	n/a	n/a	STATUS	n/a	n/a	D196
579.4920000000	n/a	n/a	STATUS	n/a	n/a	D255
579.5280000000	n/a	n/a	STATUS	n/a	n/a	DI51
579.5760000000	n/a	n/a	STATUS	n/a	n/a	D255
579.8880000000	n/a	n/a	STATUS	n/a	n/a	DI31
579.9400000000	n/a	n/a	STATUS	n/a	n/a	D255
580.1960000000	n/a	n/a	STATUS	n/a	n/a	DIN5
580.2440000000	n/a	n/a	STATUS	n/a	n/a	D255
580.2440000000	n/a	n/a	STATUS	n/a	n/a	D197
580.6640000000	n/a	n/a	STATUS	n/a	n/a	DI82
580.7120000000	n/a	n/a	STATUS	n/a	n/a	D255
580.7520000000	n/a	n/a	STATUS	n/a	n/a	DI53
580.8000000000	n/a	n/a	STATUS	n/a	n/a	D255
581.0680000000	n/a	n/a	STATUS	n/a	n/a	DI43
581.1200000000	n/a	n/a	STATUS	n/a	n/a	D255
581.3760000000	n/a	n/a	STATUS	n/a	n/a	DIN5
581.4280000000	n/a	n/a	STATUS	n/a	n/a	D255
581.8960000000	n/a	n/a	STATUS	n/a	n/a	D144
581.9440000000	n/a	n/a	STATUS	n/a	n/a	D255
581.9800000000	n/a	n/a	STATUS	n/a	n/a	DI51
582.0320000000	n/a	n/a	STATUS	n/a	n/a	D255
582.3200000000	n/a	n/a	STATUS	n/a	n/a	DI31
582.3680000000	n/a	n/a	STATUS	n/a	n/a	D255
582.6280000000	n/a	n/a	STATUS	n/a	n/a	DIN5
582.6760000000	n/a	n/a	STATUS	n/a	n/a	D255
583.0800000000	n/a	n/a	STATUS	n/a	n/a	D155
583.1320000000	n/a	n/a	STATUS	n/a	n/a	D255
583.1680000000	n/a	n/a	STATUS	n/a	n/a	DI52
583.2160000000	n/a	n/a	STATUS	n/a	n/a	D255
583.5320000000	n/a	n/a	STATUS	n/a	n/a	DI42
583.5840000000	n/a	n/a	STATUS	n/a	n/a	D255
583.8400000000	n/a	n/a	STATUS	n/a	n/a	DIN5
583.8920000000	n/a	n/a	STATUS	n/a	n/a	D255
584.3440000000	n/a	n/a	STATUS	n/a	n/a	D206
584.3960000000	n/a	n/a	STATUS	n/a	n/a	D255
584.4320000000	n/a	n/a	STATUS	n/a	n/a	DI54
584.4800000000	n/a	n/a	STATUS	n/a	n/a	D255
584.7160000000	n/a	n/a	STATUS	n/a	n/a	DI34
584.7640000000	n/a	n/a	STATUS	n/a	n/a	D255
585.0200000000	n/a	n/a	STATUS	n/a	n/a	DIN5
585.0720000000	n/a	n/a	STATUS	n/a	n/a	D255
585.4520000000	n/a	n/a	STATUS	n/a	n/a	D202
585.5000000000	n/a	n/a	STATUS	n/a	n/a	D255
585.5360000000	n/a	n/a	STATUS	n/a	n/a	DI52
585.5880000000	n/a	n/a	STATUS	n/a	n/a	D255
585.8600000000	n/a	n/a	STATUS	n/a	n/a	DI42
585.9120000000	n/a	n/a	STATUS	n/a	n/a	D255
590.5480000000	n/a	n/a	STATUS	n/a	n/a	DIN5
590.6000000000	n/a	n/a	STATUS	n/a	n/a	D255
590.9040000000	n/a	n/a	STATUS	n/a	n/a	D116
590.9520000000	n/a	n/a	STATUS	n/a	n/a	D255
590.9880000000	n/a	n/a	STATUS	n/a	n/a	DI53
591.0400000000	n/a	n/a	STATUS	n/a	n/a	D255
591.4000000000	n/a	n/a	STATUS	n/a	n/a	DI43
591.4480000000	n/a	n/a	STATUS	n/a	n/a	D255
591.7080000000	n/a	n/a	STATUS	n/a	n/a	DIN5
591.7560000000	n/a	n/a	STATUS	n/a	n/a	D255
592.1560000000	n/a	n/a	STATUS	n/a	n/a	D189
592.2040000000	n/a	n/a	STATUS	n/a	n/a	D255
592.2400000000	n/a	n/a	STATUS	n/a	n/a	DI54
592.2920000000	n/a	n/a	STATUS	n/a	n/a	D255
592.5200000000	n/a	n/a	STATUS	n/a	n/a	DI34
592.5680000000	n/a	n/a	STATUS	n/a	n/a	D255
592.8280000000	n/a	n/a	STATUS	n/a	n/a	DIN5
592.8760000000	n/a	n/a	STATUS	n/a	n/a	D255
593.2880000000	n/a	n/a	STATUS	n/a	n/a	DI76
593.3400000000	n/a	n/a	STATUS	n/a	n/a	D255
593.3760000000	n/a	n/a	STATUS	n/a	n/a	DI52
593.4280000000	n/a	n/a	STATUS	n/a	n/a	D255
593.7000000000	n/a	n/a	STATUS	n/a	n/a	DI42
593.7520000000	n/a	n/a	STATUS	n/a	n/a	D255
594.0080000000	n/a	n/a	STATUS	n/a	n/a	DIN5
594.0600000000	n/a	n/a	STATUS	n/a	n/a	D255
594.3640000000	n/a	n/a	STATUS	n/a	n/a	DI96
594.4120000000	n/a	n/a	STATUS	n/a	n/a	D255
594.4480000000	n/a	n/a	STATUS	n/a	n/a	DI54
594.5000000000	n/a	n/a	STATUS	n/a	n/a	D255
594.7320000000	n/a	n/a	STATUS	n/a	n/a	DI34
594.7840000000	n/a	n/a	STATUS	n/a	n/a	D255
595.0400000000	n/a	n/a	STATUS	n/a	n/a	DIN5
595.0920000000	n/a	n/a	STATUS	n/a	n/a	D255
595.5000000000	n/a	n/a	STATUS	n/a	n/a	D104
595.5480000000	n/a	n/a	STATUS	n/a	n/a	D255
595.5840000000	n/a	n/a	STATUS	n/a	n/a	DI54
595.6360000000	n/a	n/a	STATUS	n/a	n/a	D255
595.8400000000	n/a	n/a	STATUS	n/a	n/a	DI34
595.8920000000	n/a	n/a	STATUS	n/a	n/a	D255
596.1480000000	n/a	n/a	STATUS	n/a	n/a	DIN5
596.1960000000	n/a	n/a	STATUS	n/a	n/a	D255
596.6080000000	n/a	n/a	STATUS	n/a	n/a	DI80
596.6560000000	n/a	n/a	STATUS	n/a	n/a	D255
596.6920000000	n/a	n/a	STATUS	n/a	n/a	DI54
596.7440000000	n/a	n/a	STATUS	n/a	n/a	D255
596.9640000000	n/a	n/a	STATUS	n/a	n/a	DI34
597.0120000000	n/a	n/a	STATUS	n/a	n/a	D255
597.2680000000	n/a	n/a	STATUS	n/a	n/a	DIN5
597.3200000000	n/a	n/a	STATUS	n/a	n/a	D255
597.6920000000	n/a	n/a	STATUS	n/a	n/a	DI72
597.7440000000	n/a	n/a	STATUS	n/a	n/a	D255
597.7800000000	n/a	n/a	STATUS	n/a	n/a	DI51
597.8280000000	n/a	n/a	STATUS	n/a	n/a	D255
598.0320000000	n/a	n/a	STATUS	n/a	n/a	DI21
598.0800000000	n/a	n/a	STATUS	n/a	n/a	D255
598.0840000000	n/a	n/a	STATUS	n/a	n/a	DIN4
598.1360000000	n/a	n/a	STATUS	n/a	n/a	D255
598.8880000000	n/a	n/a	STATUS	n/a	n/a	DIN5
598.9400000000	n/a	n/a	STATUS	n/a	n/a	D255
599.3320000000	n/a	n/a	STATUS	n/a	n/a	D161
599.3840000000	n/a	n/a	STATUS	n/a	n/a	D255
599.4200000000	n/a	n/a	STATUS	n/a	n/a	DI54
599.4680000000	n/a	n/a	STATUS	n/a	n/a	D255
599.7760000000	n/a	n/a	STATUS	n/a	n/a	DI34
599.8280000000	n/a	n/a	STATUS	n/a	n/a	D255
600.0840000000	n/a	n/a	STATUS	n/a	n/a	DIN5
600.1320000000	n/a	n/a	STATUS	n/a	n/a	D255
600.4560000000	n/a	n/a	STATUS	n/a	n/a	DI71
600.5080000000	n/a	n/a	STATUS	n/a	n/a	D255
600.5440000000	n/a	n/a	STATUS	n/a	n/a	DI54
600.5960000000	n/a	n/a	STATUS	n/a	n/a	D255
600.8440000000	n/a	n/a	STATUS	n/a	n/a	DI34
600.8920000000	n/a	n/a	STATUS	n/a	n/a	D255
601.1520000000	n/a	n/a	STATUS	n/a	n/a	DIN5
601.2000000000	n/a	n/a	STATUS	n/a	n/a	D255
601.5280000000	n/a	n/a	STATUS	n/a	n/a	D133
601.5800000000	n/a	n/a	STATUS	n/a	n/a	D255
601.6160000000	n/a	n/a	STATUS	n/a	n/a	DI52
601.6680000000	n/a	n/a	STATUS	n/a	n/a	D255
601.9680000000	n/a	n/a	STATUS	n/a	n/a	DI42
602.0200000000	n/a	n/a	STATUS	n/a	n/a	D255
602.2760000000	n/a	n/a	STATUS	n/a	n/a	DIN5
602.3280000000	n/a	n/a	STATUS	n/a	n/a	D255
602.7440000000	n/a	n/a	STATUS	n/a	n/a	D123
602.7960000000	n/a	n/a	STATUS	n/a	n/a	D255
602.8320000000	n/a	n/a	STATUS	n/a	n/a	DI54
602.8800000000	n/a	n/a	STATUS	n/a	n/a	D255
603.0720000000	n/a	n/a	STATUS	n/a	n/a	DI34
603.1200000000	n/a	n/a	STATUS	n/a	n/a	D255
603.3800000000	n/a	n/a	STATUS	n/a	n/a	DIN5
603.4280000000	n/a	n/a	STATUS	n/a	n/a	D255
603.7880000000	n/a	n/a	STATUS	n/a	n/a	D227
603.8360000000	n/a	n/a	STATUS	n/a	n/a	D255
603.8720000000	n/a	n/a	STATUS	n/a	n/a	DI53
603.9240000000	n/a	n/a	STATUS	n/a	n/a	D255
604.1920000000	n/a	n/a	STATUS	n/a	n/a	DI43
604.2400000000	n/a	n/a	STATUS	n/a	n/a	D255
604.5000000000	n/a	n/a	STATUS	n/a	n/a	DIN5
604.5480000000	n/a	n/a	STATUS	n/a	n/a	D255
604.8760000000	n/a	n/a	STATUS	n/a	n/a	D229
604.9280000000	n/a	n/a	STATUS	n/a	n/a	D255
604.9640000000	n/a	n/a	STATUS	n/a	n/a	DI51
605.0120000000	n/a	n/a	STATUS	n/a	n/a	D255
605.3040000000	n/a	n/a	STATUS	n/a	n/a	DI31
605.3560000000	n/a	n/a	STATUS	n/a	n/a	D255
605.6120000000	n/a	n/a	STATUS	n/a	n/a	DIN5
605.6640000000	n/a	n/a	STATUS	n/a	n/a	D255
606.1080000000	n/a	n/a	STATUS	n/a	n/a	D174
606.1560000000	n/a	n/a	STATUS	n/a	n/a	D255
606.1920000000	n/a	n/a	STATUS	n/a	n/a	DI53
606.2440000000	n/a	n/a	STATUS	n/a	n/a	D255
606.5360000000	n/a	n/a	STATUS	n/a	n/a	DI43
606.5840000000	n/a	n/a	STATUS	n/a	n/a	D255
606.8440000000	n/a	n/a	STATUS	n/a	n/a	DIN5
606.8920000000	n/a	n/a	STATUS	n/a	n/a	D255
607.2760000000	n/a	n/a	STATUS	n/a	n/a	D106
607.3280000000	n/a	n/a	STATUS	n/a	n/a	D255
607.3640000000	n/a	n/a	STATUS	n/a	n/a	DI54
607.4120000000	n/a	n/a	STATUS	n/a	n/a	D255
607.6320000000	n/a	n/a	STATUS	n/a	n/a	DI34
607.6840000000	n/a	n/a	STATUS	n/a	n/a	D255
607.9400000000	n/a	n/a	STATUS	n/a	n/a	DIN5
607.9920000000	n/a	n/a	STATUS	n/a	n/a	D255
608.4640000000	n/a	n/a	STATUS	n/a	n/a	DI97
608.5160000000	n/a	n/a	STATUS	n/a	n/a	D255
608.5520000000	n/a	n/a	STATUS	n/a	n/a	DI54
608.6000000000	n/a	n/a	STATUS	n/a	n/a	D255
608.8400000000	n/a	n/a	STATUS	n/a	n/a	DI34
608.8920000000	n/a	n/a	STATUS	n/a	n/a	D255
609.1520000000	n/a	n/a	STATUS	n/a	n/a	DIN5
609.2000000000	n/a	n/a	STATUS	n/a	n/a	D255
609.6280000000	n/a	n/a	STATUS	n/a	n/a	D176
609.6800000000	n/a	n/a	STATUS	n/a	n/a	D255
609.7160000000	n/a	n/a	STATUS	n/a	n/a	DI51
609.7640000000	n/a	n/a	STATUS	n/a	n/a	D255
609.9640000000	n/a	n/a	STATUS	n/a	n/a	DI21
610.0160000000	n/a	n/a	STATUS	n/a	n/a	DIN4
610.0160000000	n/a	n/a	STATUS	n/a	n/a	D255
610.0680000000	n/a	n/a	STATUS	n/a	n/a	D255
610.8200000000	n/a	n/a	STATUS	n/a	n/a	DIN5
610.8720000000	n/a	n/a	STATUS	n/a	n/a	D255
611.2240000000	n/a	n/a	STATUS	n/a	n/a	D143
611.2760000000	n/a	n/a	STATUS	n/a	n/a	D255
611.3120000000	n/a	n/a	STATUS	n/a	n/a	DI54
611.3600000000	n/a	n/a	STATUS	n/a	n/a	D255
611.8280000000	n/a	n/a	STATUS	n/a	n/a	DI34
611.8760000000	n/a	n/a	STATUS	n/a	n/a	D255
612.1360000000	n/a	n/a	STATUS	n/a	n/a	DIN5
612.1840000000	n/a	n/a	STATUS	n/a	n/a	D255
612.5600000000	n/a	n/a	STATUS	n/a	n/a	D151
612.6080000000	n/a	n/a	STATUS	n/a	n/a	D255
612.6440000000	n/a	n/a	STATUS	n/a	n/a	DI52
612.6960000000	n/a	n/a	STATUS	n/a	n/a	D255
613.0000000000	n/a	n/a	STATUS	n/a	n/a	DI42
613.0520000000	n/a	n/a	STATUS	n/a	n/a	D255
613.3080000000	n/a	n/a	STATUS	n/a	n/a	DIN5
613.3600000000	n/a	n/a	STATUS	n/a	n/a	D255
613.8400000000	n/a	n/a	STATUS	n/a	n/a	D126
613.8920000000	n/a	n/a	STATUS	n/a	n/a	D255
613.9280000000	n/a	n/a	STATUS	n/a	n/a	DI51
613.9800000000	n/a	n/a	STATUS	n/a	n/a	D255
614.2400000000	n/a	n/a	STATUS	n/a	n/a	DI31
614.2920000000	n/a	n/a	STATUS	n/a	n/a	D255
614.5480000000	n/a	n/a	STATUS	n/a	n/a	DIN5
614.6000000000	n/a	n/a	STATUS	n/a	n/a	D255
614.9440000000	n/a	n/a	STATUS	n/a	n/a	D193
614.9920000000	n/a	n/a	STATUS	n/a	n/a	D255
615.0280000000	n/a	n/a	STATUS	n/a	n/a	DI51
615.0800000000	n/a	n/a	STATUS	n/a	n/a	D255
615.4080000000	n/a	n/a	STATUS	n/a	n/a	DI31
615.4600000000	n/a	n/a	STATUS	n/a	n/a	D255
615.7160000000	n/a	n/a	STATUS	n/a	n/a	DIN5
615.7680000000	n/a	n/a	STATUS	n/a	n/a	D255
616.1000000000	n/a	n/a	STATUS	n/a	n/a	D184
616.1520000000	n/a	n/a	STATUS	n/a	n/a	D255
616.1880000000	n/a	n/a	STATUS	n/a	n/a	DI54
616.2360000000	n/a	n/a	STATUS	n/a	n/a	D255
616.5120000000	n/a	n/a	STATUS	n/a	n/a	DI34
616.5600000000	n/a	n/a	STATUS	n/a	n/a	D255
616.8200000000	n/a	n/a	STATUS	n/a	n/a	DIN5
616.8680000000	n/a	n/a	STATUS	n/a	n/a	D255
617.3120000000	n/a	n/a	STATUS	n/a	n/a	D204
617.3640000000	n/a	n/a	STATUS	n/a	n/a	D255
617.4000000000	n/a	n/a	STATUS	n/a	n/a	DI53
617.4480000000	n/a	n/a	STATUS	n/a	n/a	D255
617.7120000000	n/a	n/a	STATUS	n/a	n/a	DI43
617.7600000000	n/a	n/a	STATUS	n/a	n/a	D255
618.0200000000	n/a	n/a	STATUS	n/a	n/a	DIN5
618.0680000000	n/a	n/a	STATUS	n/a	n/a	D255
618.4280000000	n/a	n/a	STATUS	n/a	n/a	D224
618.4760000000	n/a	n/a	STATUS	n/a	n/a	D255
618.5120000000	n/a	n/a	STATUS	n/a	n/a	DI51
618.5640000000	n/a	n/a	STATUS	n/a	n/a	D255
618.8400000000	n/a	n/a	STATUS	n/a	n/a	DI31
618.8920000000	n/a	n/a	STATUS	n/a	n/a	D255
619.1480000000	n/a	n/a	STATUS	n/a	n/a	DIN5
619.1960000000	n/a	n/a	STATUS	n/a	n/a	D255
619.6400000000	n/a	n/a	STATUS	n/a	n/a	D209
619.6920000000	n/a	n/a	STATUS	n/a	n/a	D255
619.7280000000	n/a	n/a	STATUS	n/a	n/a	DI52
619.7800000000	n/a	n/a	STATUS	n/a	n/a	D255
620.0480000000	n/a	n/a	STATUS	n/a	n/a	DI42
620.1000000000	n/a	n/a	STATUS	n/a	n/a	D255
620.3560000000	n/a	n/a	STATUS	n/a	n/a	DIN5
620.4040000000	n/a	n/a	STATUS	n/a	n/a	D255
620.7160000000	n/a	n/a	STATUS	n/a	n/a	D190
620.7640000000	n/a	n/a	STATUS	n/a	n/a	D255
620.8000000000	n/a	n/a	STATUS	n/a	n/a	DI54
620.8520000000	n/a	n/a	STATUS	n/a	n/a	D255
621.1440000000	n/a	n/a	STATUS	n/a	n/a	DI34
621.1920000000	n/a	n/a	STATUS	n/a	n/a	D255
621.4480000000	n/a	n/a	STATUS	n/a	n/a	DIN5
621.5000000000	n/a	n/a	STATUS	n/a	n/a	D255
621.9840000000	n/a	n/a	STATUS	n/a	n/a	D196
622.0320000000	n/a	n/a	STATUS	n/a	n/a	D255
622.0720000000	n/a	n/a	STATUS	n/a	n/a	DI53
622.1200000000	n/a	n/a	STATUS	n/a	n/a	D255
622.3760000000	n/a	n/a	STATUS	n/a	n/a	DI43
622.4280000000	n/a	n/a	STATUS	n/a	n/a	D255
622.6840000000	n/a	n/a	STATUS	n/a	n/a	DIN5
622.7320000000	n/a	n/a	STATUS	n/a	n/a	D255
623.2360000000	n/a	n/a	STATUS	n/a	n/a	D220
623.2880000000	n/a	n/a	STATUS	n/a	n/a	D255
623.3240000000	n/a	n/a	STATUS	n/a	n/a	DI51
623.3720000000	n/a	n/a	STATUS	n/a	n/a	D255
623.7000000000	n/a	n/a	STATUS	n/a	n/a	DI31
623.7480000000	n/a	n/a	STATUS	n/a	n/a	D255
624.0040000000	n/a	n/a	STATUS	n/a	n/a	DIN5
624.0560000000	n/a	n/a	STATUS	n/a	n/a	D255
624.5400000000	n/a	n/a	STATUS	n/a	n/a	D128
624.5880000000	n/a	n/a	STATUS	n/a	n/a	D255
624.6280000000	n/a	n/a	STATUS	n/a	n/a	DI51
624.6760000000	n/a	n/a	STATUS	n/a	n/a	D255
624.9680000000	n/a	n/a	STATUS	n/a	n/a	DI31
625.0200000000	n/a	n/a	STATUS	n/a	n/a	D255
625.2760000000	n/a	n/a	STATUS	n/a	n/a	DIN5
625.3280000000	n/a	n/a	STATUS	n/a	n/a	D255
625.7560000000	n/a	n/a	STATUS	n/a	n/a	D110
625.8040000000	n/a	n/a	STATUS	n/a	n/a	D255
625.8440000000	n/a	n/a	STATUS	n/a	n/a	DI53
625.8920000000	n/a	n/a	STATUS	n/a	n/a	D255
626.1240000000	n/a	n/a	STATUS	n/a	n/a	DI43
626.1720000000	n/a	n/a	STATUS	n/a	n/a	D255
626.4280000000	n/a	n/a	STATUS	n/a	n/a	DIN5
626.4800000000	n/a	n/a	STATUS	n/a	n/a	D255
626.8320000000	n/a	n/a	STATUS	n/a	n/a	D152
626.8840000000	n/a	n/a	STATUS	n/a	n/a	D255
626.9200000000	n/a	n/a	STATUS	n/a	n/a	DI51
626.9720000000	n/a	n/a	STATUS	n/a	n/a	D255
627.2800000000	n/a	n/a	STATUS	n/a	n/a	DI31
627.3320000000	n/a	n/a	STATUS	n/a	n/a	D255
627.5880000000	n/a	n/a	STATUS	n/a	n/a	DIN5
627.6400000000	n/a	n/a	STATUS	n/a	n/a	D255
628.0520000000	n/a	n/a	STATUS	n/a	n/a	DI94
628.1040000000	n/a	n/a	STATUS	n/a	n/a	D255
628.1400000000	n/a	n/a	STATUS	n/a	n/a	DI54
628.1880000000	n/a	n/a	STATUS	n/a	n/a	D255
628.4360000000	n/a	n/a	STATUS	n/a	n/a	DI34
628.4880000000	n/a	n/a	STATUS	n/a	n/a	D255
628.4880000000	n/a	n/a	STATUS	n/a	n/a	D227
628.7440000000	n/a	n/a	STATUS	n/a	n/a	DIN5
628.7960000000	n/a	n/a	STATUS	n/a	n/a	D255
629.2880000000	n/a	n/a	STATUS	n/a	n/a	D168
629.3360000000	n/a	n/a	STATUS	n/a	n/a	D255
629.3760000000	n/a	n/a	STATUS	n/a	n/a	DI52
629.4240000000	n/a	n/a	STATUS	n/a	n/a	D255
629.7840000000	n/a	n/a	STATUS	n/a	n/a	DI42
629.8360000000	n/a	n/a	STATUS	n/a	n/a	D255
630.0920000000	n/a	n/a	STATUS	n/a	n/a	DIN5
630.1440000000	n/a	n/a	STATUS	n/a	n/a	D255
630.5520000000	n/a	n/a	STATUS	n/a	n/a	D103
630.6000000000	n/a	n/a	STATUS	n/a	n/a	D255
630.6400000000	n/a	n/a	STATUS	n/a	n/a	DI51
630.6880000000	n/a	n/a	STATUS	n/a	n/a	D255
630.9800000000	n/a	n/a	STATUS	n/a	n/a	DI31
631.0320000000	n/a	n/a	STATUS	n/a	n/a	D255
631.2880000000	n/a	n/a	STATUS	n/a	n/a	DIN5
631.3360000000	n/a	n/a	STATUS	n/a	n/a	D255
631.6400000000	n/a	n/a	STATUS	n/a	n/a	D105
631.6920000000	n/a	n/a	STATUS	n/a	n/a	D255
631.7280000000	n/a	n/a	STATUS	n/a	n/a	DI52
631.7800000000	n/a	n/a	STATUS	n/a	n/a	D255
632.0840000000	n/a	n/a	STATUS	n/a	n/a	DI42
632.1360000000	n/a	n/a	STATUS	n/a	n/a	D255
632.3920000000	n/a	n/a	STATUS	n/a	n/a	DIN5
632.4440000000	n/a	n/a	STATUS	n/a	n/a	D255
632.7560000000	n/a	n/a	STATUS	n/a	n/a	D155
632.8040000000	n/a	n/a	STATUS	n/a	n/a	D255
632.8440000000	n/a	n/a	STATUS	n/a	n/a	DI53
632.8920000000	n/a	n/a	STATUS	n/a	n/a	D255
633.1680000000	n/a	n/a	STATUS	n/a	n/a	DI43
633.2160000000	n/a	n/a	STATUS	n/a	n/a	D255
633.4760000000	n/a	n/a	STATUS	n/a	n/a	DIN5
633.5240000000	n/a	n/a	STATUS	n/a	n/a	D255
633.9400000000	n/a	n/a	STATUS	n/a	n/a	D235
633.9880000000	n/a	n/a	STATUS	n/a	n/a	D255
634.0240000000	n/a	n/a	STATUS	n/a	n/a	DI54
634.0760000000	n/a	n/a	STATUS	n/a	n/a	D255
634.3400000000	n/a	n/a	STATUS	n/a	n/a	DI34
634.3920000000	n/a	n/a	STATUS	n/a	n/a	D255
634.6480000000	n/a	n/a	STATUS	n/a	n/a	DIN5
634.6960000000	n/a	n/a	STATUS	n/a	n/a	D255
635.1280000000	n/a	n/a	STATUS	n/a	n/a	DI66
635.1760000000	n/a	n/a	STATUS	n/a	n/a	D255
635.2120000000	n/a	n/a	STATUS	n/a	n/a	DI52
635.2640000000	n/a	n/a	STATUS	n/a	n/a	D255
635.4920000000	n/a	n/a	STATUS	n/a	n/a	DI12
635.5400000000	n/a	n/a	STATUS	n/a	n/a	D255
635.5440000000	n/a	n/a	STATUS	n/a	n/a	DIN4
635.5960000000	n/a	n/a	STATUS	n/a	n/a	D255
636.3480000000	n/a	n/a	STATUS	n/a	n/a	DIN5
636.4000000000	n/a	n/a	STATUS	n/a	n/a	D255
636.7320000000	n/a	n/a	STATUS	n/a	n/a	D254
636.7840000000	n/a	n/a	STATUS	n/a	n/a	D255
636.8200000000	n/a	n/a	STATUS	n/a	n/a	DI54
636.8680000000	n/a	n/a	STATUS	n/a	n/a	D255
637.0920000000	n/a	n/a	STATUS	n/a	n/a	DI24
637.1440000000	n/a	n/a	STATUS	n/a	n/a	DIN4
637.1440000000	n/a	n/a	STATUS	n/a	n/a	D255
637.1960000000	n/a	n/a	STATUS	n/a	n/a	D255
637.9480000000	n/a	n/a	STATUS	n/a	n/a	DIN5
638.0000000000	n/a	n/a	STATUS	n/a	n/a	D255
638.4920000000	n/a	n/a	STATUS	n/a	n/a	DI89
638.5440000000	n/a	n/a	STATUS	n/a	n/a	D255
638.5800000000	n/a	n/a	STATUS	n/a	n/a	DI51
638.6320000000	n/a	n/a	STATUS	n/a	n/a	D255
638.9320000000	n/a	n/a	STATUS	n/a	n/a	DI31
638.9840000000	n/a	n/a	STATUS	n/a	n/a	D255
639.2400000000	n/a	n/a	STATUS	n/a	n/a	DIN5
639.2920000000	n/a	n/a	STATUS	n/a	n/a	D255
639.7080000000	n/a	n/a	STATUS	n/a	n/a	D125
639.7600000000	n/a	n/a	STATUS	n/a	n/a	D255
639.7960000000	n/a	n/a	STATUS	n/a	n/a	DI52
639.8440000000	n/a	n/a	STATUS	n/a	n/a	D255
640.1760000000	n/a	n/a	STATUS	n/a	n/a	DI42
640.2280000000	n/a	n/a	STATUS	n/a	n/a	D255
640.4840000000	n/a	n/a	STATUS	n/a	n/a	DIN5
640.5360000000	n/a	n/a	STATUS	n/a	n/a	D255
641.0120000000	n/a	n/a	STATUS	n/a	n/a	D231
641.0640000000	n/a	n/a	STATUS	n/a	n/a	D255
641.1000000000	n/a	n/a	STATUS	n/a	n/a	DI54
641.1520000000	n/a	n/a	STATUS	n/a	n/a	D255
641.4200000000	n/a	n/a	STATUS	n/a	n/a	DI34
641.4720000000	n/a	n/a	STATUS	n/a	n/a	D255
641.7280000000	n/a	n/a	STATUS	n/a	n/a	DIN5
641.7760000000	n/a	n/a	STATUS	n/a	n/a	D255
642.1720000000	n/a	n/a	STATUS	n/a	n/a	D158
642.2200000000	n/a	n/a	STATUS	n/a	n/a	D255
642.2600000000	n/a	n/a	STATUS	n/a	n/a	DI52
642.3080000000	n/a	n/a	STATUS	n/a	n/a	D255
642.5920000000	n/a	n/a	STATUS	n/a	n/a	DI42
642.6440000000	n/a	n/a	STATUS	n/a	n/a	D255
642.9000000000	n/a	n/a	STATUS	n/a	n/a	DIN5
642.9520000000	n/a	n/a	STATUS	n/a	n/a	D255
643.4480000000	n/a	n/a	STATUS	n/a	n/a	D115
643.5000000000	n/a	n/a	STATUS	n/a	n/a	D255
643.5360000000	n/a	n/a	STATUS	n/a	n/a	DI53
643.5840000000	n/a	n/a	STATUS	n/a	n/a	D255
643.8040000000	n/a	n/a	STATUS	n/a	n/a	DI43
643.8520000000	n/a	n/a	STATUS	n/a	n/a	D255
644.1120000000	n/a	n/a	STATUS	n/a	n/a	DIN5
644.1600000000	n/a	n/a	STATUS	n/a	n/a	D255
644.5000000000	n/a	n/a	STATUS	n/a	n/a	DI69
644.5480000000	n/a	n/a	STATUS	n/a	n/a	D255
644.5880000000	n/a	n/a	STATUS	n/a	n/a	DI52
644.6360000000	n/a	n/a	STATUS	n/a	n/a	D255
644.9480000000	n/a	n/a	STATUS	n/a	n/a	DI42
645.0000000000	n/a	n/a	STATUS	n/a	n/a	D255
645.2560000000	n/a	n/a	STATUS	n/a	n/a	DIN5
645.3040000000	n/a	n/a	STATUS	n/a	n/a	D255
645.7400000000	n/a	n/a	STATUS	n/a	n/a	D201
645.7880000000	n/a	n/a	STATUS	n/a	n/a	D255
645.8280000000	n/a	n/a	STATUS	n/a	n/a	DI51
645.8760000000	n/a	n/a	STATUS	n/a	n/a	D255
646.0960000000	n/a	n/a	STATUS	n/a	n/a	DI31
646.1480000000	n/a	n/a	STATUS	n/a	n/a	D255
646.4040000000	n/a	n/a	STATUS	n/a	n/a	DIN5
646.4520000000	n/a	n/a	STATUS	n/a	n/a	D255
646.8200000000	n/a	n/a	STATUS	n/a	n/a	D246
646.8680000000	n/a	n/a	STATUS	n/a	n/a	D255
646.9040000000	n/a	n/a	STATUS	n/a	n/a	DI53
646.9560000000	n/a	n/a	STATUS	n/a	n/a	D255
647.1960000000	n/a	n/a	STATUS	n/a	n/a	DI43
647.2440000000	n/a	n/a	STATUS	n/a	n/a	D255
647.5040000000	n/a	n/a	STATUS	n/a	n/a	DIN5
647.5520000000	n/a	n/a	STATUS	n/a	n/a	D255
647.9760000000	n/a	n/a	STATUS	n/a	n/a	D135
648.0280000000	n/a	n/a	STATUS	n/a	n/a	D255
648.0640000000	n/a	n/a	STATUS	n/a	n/a	DI51
648.1120000000	n/a	n/a	STATUS	n/a	n/a	D255
648.3520000000	n/a	n/a	STATUS	n/a	n/a	DI21
648.4000000000	n/a	n/a	STATUS	n/a	n/a	D255
648.4040000000	n/a	n/a	STATUS	n/a	n/a	DIN4
648.4560000000	n/a	n/a	STATUS	n/a	n/a	D255
649.2080000000	n/a	n/a	STATUS	n/a	n/a	DIN5
649.2600000000	n/a	n/a	STATUS	n/a	n/a	D255
649.7200000000	n/a	n/a	STATUS	n/a	n/a	D239
649.7720000000	n/a	n/a	STATUS	n/a	n/a	D255
649.8080000000	n/a	n/a	STATUS	n/a	n/a	DI52
649.8600000000	n/a	n/a	STATUS	n/a	n/a	D255
650.1840000000	n/a	n/a	STATUS	n/a	n/a	DI42
650.2320000000	n/a	n/a	STATUS	n/a	n/a	D255
650.4920000000	n/a	n/a	STATUS	n/a	n/a	DIN5
650.5400000000	n/a	n/a	STATUS	n/a	n/a	D255
650.9680000000	n/a	n/a	STATUS	n/a	n/a	D149
651.0200000000	n/a	n/a	STATUS	n/a	n/a	D255
651.0560000000	n/a	n/a	STATUS	n/a	n/a	DI52
651.1080000000	n/a	n/a	STATUS	n/a	n/a	D255
651.4200000000	n/a	n/a	STATUS	n/a	n/a	DI42
651.4680000000	n/a	n/a	STATUS	n/a	n/a	D255
651.7240000000	n/a	n/a	STATUS	n/a	n/a	DIN5
651.7760000000	n/a	n/a	STATUS	n/a	n/a	D255
652.1240000000	n/a	n/a	STATUS	n/a	n/a	D249
652.1720000000	n/a	n/a	STATUS	n/a	n/a	D255
652.2120000000	n/a	n/a	STATUS	n/a	n/a	DI52
652.2600000000	n/a	n/a	STATUS	n/a	n/a	D255
652.5600000000	n/a	n/a	STATUS	n/a	n/a	DI42
652.6120000000	n/a	n/a	STATUS	n/a	n/a	D255
652.8680000000	n/a	n/a	STATUS	n/a	n/a	DIN5
652.9200000000	n/a	n/a	STATUS	n/a	n/a	D255
653.2640000000	n/a	n/a	STATUS	n/a	n/a	D163
653.3120000000	n/a	n/a	STATUS	n/a	n/a	D255
653.3480000000	n/a	n/a	STATUS	n/a	n/a	DI52
653.4000000000	n/a	n/a	STATUS	n/a	n/a	D255
653.6920000000	n/a	n/a	STATUS	n/a	n/a	DI42
653.7440000000	n/a	n/a	STATUS	n/a	n/a	D255
654.0000000000	n/a	n/a	STATUS	n/a	n/a	DIN5
654.0520000000	n/a	n/a	STATUS	n/a	n/a	D255
654.4040000000	n/a	n/a	STATUS	n/a	n/a	DI70
654.4560000000	n/a	n/a	STATUS	n/a	n/a	D255
654.4920000000	n/a	n/a	STATUS	n/a	n/a	DI52
654.5400000000	n/a	n/a	STATUS	n/a	n/a	DI53
654.5400000000	n/a	n/a	STATUS	n/a	n/a	D255
655.0320000000	n/a	n/a	STATUS	n/a	n/a	DI42
655.0840000000	n/a	n/a	STATUS	n/a	n/a	D255
655.3400000000	n/a	n/a	STATUS	n/a	n/a	DIN5
655.3920000000	n/a	n/a	STATUS	n/a	n/a	D255
655.7000000000	n/a	n/a	STATUS	n/a	n/a	D159
655.7480000000	n/a	n/a	STATUS	n/a	n/a	D255
655.7880000000	n/a	n/a	STATUS	n/a	n/a	DI54
655.8360000000	n/a	n/a	STATUS	n/a	n/a	D255
656.1120000000	n/a	n/a	STATUS	n/a	n/a	DI34
656.1640000000	n/a	n/a	STATUS	n/a	n/a	D255
656.4200000000	n/a	n/a	STATUS	n/a	n/a	DIN5
656.4680000000	n/a	n/a	STATUS	n/a	n/a	D255
656.9320000000	n/a	n/a	STATUS	n/a	n/a	D232
656.9840000000	n/a	n/a	STATUS	n/a	n/a	D255
657.0200000000	n/a	n/a	STATUS	n/a	n/a	DI54
657.0720000000	n/a	n/a	STATUS	n/a	n/a	D255
657.3320000000	n/a	n/a	STATUS	n/a	n/a	DI34
657.3800000000	n/a	n/a	STATUS	n/a	n/a	D255
657.6400000000	n/a	n/a	STATUS	n/a	n/a	DIN5
657.6880000000	n/a	n/a	STATUS	n/a	n/a	D255
658.0320000000	n/a	n/a	STATUS	n/a	n/a	D156
658.0840000000	n/a	n/a	STATUS	n/a	n/a	D255
658.1200000000	n/a	n/a	STATUS	n/a	n/a	DI51
658.1680000000	n/a	n/a	STATUS	n/a	n/a	D255
658.4680000000	n/a	n/a	STATUS	n/a	n/a	DI31
658.5200000000	n/a	n/a	STATUS	n/a	n/a	D255
658.7760000000	n/a	n/a	STATUS	n/a	n/a	DIN5
658.8280000000	n/a	n/a	STATUS	n/a	n/a	D255
659.1480000000	n/a	n/a	STATUS	n/a	n/a	D166
659.1960000000	n/a	n/a	STATUS	n/a	n/a	D255
659.2320000000	n/a	n/a	STATUS	n/a	n/a	DI53
659.2840000000	n/a	n/a	STATUS	n/a	n/a	D255
659.5440000000	n/a	n/a	STATUS	n/a	n/a	DI43
659.5960000000	n/a	n/a	STATUS	n/a	n/a	D255
659.8520000000	n/a	n/a	STATUS	n/a	n/a	DIN5
659.9000000000	n/a	n/a	STATUS	n/a	n/a	D255
660.2520000000	n/a	n/a	STATUS	n/a	n/a	D205
660.3000000000	n/a	n/a	STATUS	n/a	n/a	D255
660.3360000000	n/a	n/a	STATUS	n/a	n/a	DI51
660.3880000000	n/a	n/a	STATUS	n/a	n/a	D255
660.6880000000	n/a	n/a	STATUS	n/a	n/a	DI31
660.7400000000	n/a	n/a	STATUS	n/a	n/a	D255
660.9960000000	n/a	n/a	STATUS	n/a	n/a	DIN5
661.0440000000	n/a	n/a	STATUS	n/a	n/a	D255
661.3600000000	n/a	n/a	STATUS	n/a	n/a	D164
661.4080000000	n/a	n/a	STATUS	n/a	n/a	D255
661.4480000000	n/a	n/a	STATUS	n/a	n/a	DI53
661.4960000000	n/a	n/a	STATUS	n/a	n/a	D255
661.7920000000	n/a	n/a	STATUS	n/a	n/a	DI43
661.8400000000	n/a	n/a	STATUS	n/a	n/a	D255
662.1000000000	n/a	n/a	STATUS	n/a	n/a	DIN5
662.1480000000	n/a	n/a	STATUS	n/a	n/a	D255
662.5720000000	n/a	n/a	STATUS	n/a	n/a	D138
662.6240000000	n/a	n/a	STATUS	n/a	n/a	D255
662.6600000000	n/a	n/a	STATUS	n/a	n/a	DI53
662.7080000000	n/a	n/a	STATUS	n/a	n/a	D255
662.9440000000	n/a	n/a	STATUS	n/a	n/a	DI43
662.9960000000	n/a	n/a	STATUS	n/a	n/a	D255
663.2520000000	n/a	n/a	STATUS	n/a	n/a	DIN5
663.3000000000	n/a	n/a	STATUS	n/a	n/a	D255
663.6880000000	n/a	n/a	STATUS	n/a	n/a	D251
663.7400000000	n/a	n/a	STATUS	n/a	n/a	D255
663.7760000000	n/a	n/a	STATUS	n/a	n/a	DI51
663.8280000000	n/a	n/a	STATUS	n/a	n/a	D255
664.1560000000	n/a	n/a	STATUS	n/a	n/a	DI31
664.2040000000	n/a	n/a	STATUS	n/a	n/a	D255
664.4640000000	n/a	n/a	STATUS	n/a	n/a	DIN5
664.5120000000	n/a	n/a	STATUS	n/a	n/a	D255
664.9920000000	n/a	n/a	STATUS	n/a	n/a	D208
665.0400000000	n/a	n/a	STATUS	n/a	n/a	D255
665.0800000000	n/a	n/a	STATUS	n/a	n/a	DI52
665.1280000000	n/a	n/a	STATUS	n/a	n/a	D255
665.4560000000	n/a	n/a	STATUS	n/a	n/a	DI42
665.5080000000	n/a	n/a	STATUS	n/a	n/a	D255
665.7640000000	n/a	n/a	STATUS	n/a	n/a	DIN5
665.8160000000	n/a	n/a	STATUS	n/a	n/a	D255
666.2240000000	n/a	n/a	STATUS	n/a	n/a	D119
666.2720000000	n/a	n/a	STATUS	n/a	n/a	D255
666.3080000000	n/a	n/a	STATUS	n/a	n/a	DI53
666.3600000000	n/a	n/a	STATUS	n/a	n/a	D255
666.7080000000	n/a	n/a	STATUS	n/a	n/a	DI43
666.7560000000	n/a	n/a	STATUS	n/a	n/a	D255
667.0120000000	n/a	n/a	STATUS	n/a	n/a	DIN5
667.0640000000	n/a	n/a	STATUS	n/a	n/a	D255
667.4840000000	n/a	n/a	STATUS	n/a	n/a	D111
667.5320000000	n/a	n/a	STATUS	n/a	n/a	D255
667.5680000000	n/a	n/a	STATUS	n/a	n/a	DI54
667.6200000000	n/a	n/a	STATUS	n/a	n/a	D255
667.8800000000	n/a	n/a	STATUS	n/a	n/a	DI34
667.9320000000	n/a	n/a	STATUS	n/a	n/a	D255
668.1880000000	n/a	n/a	STATUS	n/a	n/a	DIN5
668.2400000000	n/a	n/a	STATUS	n/a	n/a	D255
668.5520000000	n/a	n/a	STATUS	n/a	n/a	D206
668.6040000000	n/a	n/a	STATUS	n/a	n/a	D255
668.6400000000	n/a	n/a	STATUS	n/a	n/a	DI52
668.6920000000	n/a	n/a	STATUS	n/a	n/a	D255
668.9720000000	n/a	n/a	STATUS	n/a	n/a	DI42
669.0240000000	n/a	n/a	STATUS	n/a	n/a	D255
669.2800000000	n/a	n/a	STATUS	n/a	n/a	DIN5
669.3320000000	n/a	n/a	STATUS	n/a	n/a	D255
669.7360000000	n/a	n/a	STATUS	n/a	n/a	D177
669.7840000000	n/a	n/a	STATUS	n/a	n/a	D255
669.8200000000	n/a	n/a	STATUS	n/a	n/a	DI54
669.8720000000	n/a	n/a	STATUS	n/a	n/a	D255
670.1520000000	n/a	n/a	STATUS	n/a	n/a	DI34
670.2000000000	n/a	n/a	STATUS	n/a	n/a	D255
670.4560000000	n/a	n/a	STATUS	n/a	n/a	DIN5
670.5080000000	n/a	n/a	STATUS	n/a	n/a	D255
670.8160000000	n/a	n/a	STATUS	n/a	n/a	D225
670.8680000000	n/a	n/a	STATUS	n/a	n/a	D255
670.9040000000	n/a	n/a	STATUS	n/a	n/a	DI51
670.9520000000	n/a	n/a	STATUS	n/a	n/a	D255
671.2760000000	n/a	n/a	STATUS	n/a	n/a	DI31
671.3240000000	n/a	n/a	STATUS	n/a	n/a	D255
671.5840000000	n/a	n/a	STATUS	n/a	n/a	DIN5
671.6320000000	n/a	n/a	STATUS	n/a	n/a	D255
671.9840000000	n/a	n/a	STATUS	n/a	n/a	D147
672.0320000000	n/a	n/a	STATUS	n/a	n/a	D255
672.0680000000	n/a	n/a	STATUS	n/a	n/a	DI53
672.1200000000	n/a	n/a	STATUS	n/a	n/a	D255
672.4360000000	n/a	n/a	STATUS	n/a	n/a	DI43
672.4880000000	n/a	n/a	STATUS	n/a	n/a	D255
672.7440000000	n/a	n/a	STATUS	n/a	n/a	DIN5
672.7960000000	n/a	n/a	STATUS	n/a	n/a	D255
673.2640000000	n/a	n/a	STATUS	n/a	n/a	D165
673.3120000000	n/a	n/a	STATUS	n/a	n/a	D255
673.3480000000	n/a	n/a	STATUS	n/a	n/a	DI53
673.4000000000	n/a	n/a	STATUS	n/a	n/a	D255
673.6680000000	n/a	n/a	STATUS	n/a	n/a	DI43
673.7160000000	n/a	n/a	STATUS	n/a	n/a	D255
673.9720000000	n/a	n/a	STATUS	n/a	n/a	DIN5
674.0240000000	n/a	n/a	STATUS	n/a	n/a	D255
674.3440000000	n/a	n/a	STATUS	n/a	n/a	D183
674.3920000000	n/a	n/a	STATUS	n/a	n/a	D255
674.4280000000	n/a	n/a	STATUS	n/a	n/a	DI54
674.4800000000	n/a	n/a	STATUS	n/a	n/a	D255
674.7360000000	n/a	n/a	STATUS	n/a	n/a	DI34
674.7840000000	n/a	n/a	STATUS	n/a	n/a	D255
675.0400000000	n/a	n/a	STATUS	n/a	n/a	DIN5
675.0920000000	n/a	n/a	STATUS	n/a	n/a	D255
675.4960000000	n/a	n/a	STATUS	n/a	n/a	D170
675.5440000000	n/a	n/a	STATUS	n/a	n/a	D255
675.5840000000	n/a	n/a	STATUS	n/a	n/a	DI51
675.6320000000	n/a	n/a	STATUS	n/a	n/a	D255
675.9040000000	n/a	n/a	STATUS	n/a	n/a	DI31
675.9560000000	n/a	n/a	STATUS	n/a	n/a	D255
676.2120000000	n/a	n/a	STATUS	n/a	n/a	DIN5
676.2640000000	n/a	n/a	STATUS	n/a	n/a	D255
676.7480000000	n/a	n/a	STATUS	n/a	n/a	D199
676.7960000000	n/a	n/a	STATUS	n/a	n/a	D255
676.8320000000	n/a	n/a	STATUS	n/a	n/a	DI53
676.8840000000	n/a	n/a	STATUS	n/a	n/a	D255
677.1160000000	n/a	n/a	STATUS	n/a	n/a	DI43
677.1640000000	n/a	n/a	STATUS	n/a	n/a	D255
677.4200000000	n/a	n/a	STATUS	n/a	n/a	DIN5
677.4720000000	n/a	n/a	STATUS	n/a	n/a	D255
677.9160000000	n/a	n/a	STATUS	n/a	n/a	DI88
677.9640000000	n/a	n/a	STATUS	n/a	n/a	D255
678.0040000000	n/a	n/a	STATUS	n/a	n/a	DI53
678.0520000000	n/a	n/a	STATUS	n/a	n/a	D255
678.2680000000	n/a	n/a	STATUS	n/a	n/a	DI43
678.3200000000	n/a	n/a	STATUS	n/a	n/a	D255
678.5760000000	n/a	n/a	STATUS	n/a	n/a	DIN5
678.6240000000	n/a	n/a	STATUS	n/a	n/a	D255
679.0640000000	n/a	n/a	STATUS	n/a	n/a	D120
679.1160000000	n/a	n/a	STATUS	n/a	n/a	D255
679.1520000000	n/a	n/a	STATUS	n/a	n/a	DI52
679.2040000000	n/a	n/a	STATUS	n/a	n/a	D255
679.4120000000	n/a	n/a	STATUS	n/a	n/a	DI12
679.4640000000	n/a	n/a	STATUS	n/a	n/a	D255
679.4680000000	n/a	n/a	STATUS	n/a	n/a	DIN4
679.5160000000	n/a	n/a	STATUS	n/a	n/a	D255
680.2720000000	n/a	n/a	STATUS	n/a	n/a	DIN5
680.3200000000	n/a	n/a	STATUS	n/a	n/a	D255
680.7400000000	n/a	n/a	STATUS	n/a	n/a	D195
680.7920000000	n/a	n/a	STATUS	n/a	n/a	D255
680.8280000000	n/a	n/a	STATUS	n/a	n/a	DI52
680.8760000000	n/a	n/a	STATUS	n/a	n/a	D255
680.8760000000	n/a	n/a	STATUS	n/a	n/a	D247
681.2600000000	n/a	n/a	STATUS	n/a	n/a	DI42
681.3080000000	n/a	n/a	STATUS	n/a	n/a	D255
681.5680000000	n/a	n/a	STATUS	n/a	n/a	DIN5
681.6160000000	n/a	n/a	STATUS	n/a	n/a	D255
682.1160000000	n/a	n/a	STATUS	n/a	n/a	DI91
682.1680000000	n/a	n/a	STATUS	n/a	n/a	D255
682.2040000000	n/a	n/a	STATUS	n/a	n/a	DI52
682.2520000000	n/a	n/a	STATUS	n/a	n/a	D255
682.4840000000	n/a	n/a	STATUS	n/a	n/a	DI12
682.5320000000	n/a	n/a	STATUS	n/a	n/a	D255
682.5360000000	n/a	n/a	STATUS	n/a	n/a	DIN4
682.5880000000	n/a	n/a	STATUS	n/a	n/a	D255
683.3400000000	n/a	n/a	STATUS	n/a	n/a	DIN5
683.3920000000	n/a	n/a	STATUS	n/a	n/a	D255
683.8600000000	n/a	n/a	STATUS	n/a	n/a	D122
683.9120000000	n/a	n/a	STATUS	n/a	n/a	D255
683.9480000000	n/a	n/a	STATUS	n/a	n/a	DI53
683.9960000000	n/a	n/a	STATUS	n/a	n/a	D255
684.2200000000	n/a	n/a	STATUS	n/a	n/a	DI43
684.2720000000	n/a	n/a	STATUS	n/a	n/a	D255
684.5280000000	n/a	n/a	STATUS	n/a	n/a	DIN5
684.5800000000	n/a	n/a	STATUS	n/a	n/a	D255
685.0040000000	n/a	n/a	STATUS	n/a	n/a	DI84
685.0520000000	n/a	n/a	STATUS	n/a	n/a	D255
685.0920000000	n/a	n/a	STATUS	n/a	n/a	DI54
685.1400000000	n/a	n/a	STATUS	n/a	n/a	D255
685.3880000000	n/a	n/a	STATUS	n/a	n/a	DI34
685.4400000000	n/a	n/a	STATUS	n/a	n/a	D255
685.6960000000	n/a	n/a	STATUS	n/a	n/a	DIN5
685.7480000000	n/a	n/a	STATUS	n/a	n/a	D255
686.1560000000	n/a	n/a	STATUS	n/a	n/a	DI81
686.2080000000	n/a	n/a	STATUS	n/a	n/a	D255
686.2440000000	n/a	n/a	STATUS	n/a	n/a	DI54
686.2920000000	n/a	n/a	STATUS	n/a	n/a	D255
686.5280000000	n/a	n/a	STATUS	n/a	n/a	DI34
686.5800000000	n/a	n/a	STATUS	n/a	n/a	D255
686.8360000000	n/a	n/a	STATUS	n/a	n/a	DIN5
686.8880000000	n/a	n/a	STATUS	n/a	n/a	D255
687.2680000000	n/a	n/a	STATUS	n/a	n/a	D153
687.3160000000	n/a	n/a	STATUS	n/a	n/a	D255
687.3520000000	n/a	n/a	STATUS	n/a	n/a	DI51
687.4040000000	n/a	n/a	STATUS	n/a	n/a	D255
687.6280000000	n/a	n/a	STATUS	n/a	n/a	DI21
687.6800000000	n/a	n/a	STATUS	n/a	n/a	D255
687.6840000000	n/a	n/a	STATUS	n/a	n/a	DIN4
687.7320000000	n/a	n/a	STATUS	n/a	n/a	D255
688.4880000000	n/a	n/a	STATUS	n/a	n/a	DIN5
688.5360000000	n/a	n/a	STATUS	n/a	n/a	D255
689.0120000000	n/a	n/a	STATUS	n/a	n/a	DI78
689.0600000000	n/a	n/a	STATUS	n/a	n/a	D255
689.1000000000	n/a	n/a	STATUS	n/a	n/a	DI53
689.1520000000	n/a	n/a	STATUS	n/a	n/a	D255
689.3960000000	n/a	n/a	STATUS	n/a	n/a	DI43
689.4480000000	n/a	n/a	STATUS	n/a	n/a	D255
689.7040000000	n/a	n/a	STATUS	n/a	n/a	DIN5
689.7560000000	n/a	n/a	STATUS	n/a	n/a	D255
690.0840000000	n/a	n/a	STATUS	n/a	n/a	DI68
690.1360000000	n/a	n/a	STATUS	n/a	n/a	D255
690.1720000000	n/a	n/a	STATUS	n/a	n/a	DI53
690.2200000000	n/a	n/a	STATUS	n/a	n/a	D255
690.4680000000	n/a	n/a	STATUS	n/a	n/a	DI43
690.5160000000	n/a	n/a	STATUS	n/a	n/a	D255
690.7720000000	n/a	n/a	STATUS	n/a	n/a	DIN5
690.8240000000	n/a	n/a	STATUS	n/a	n/a	D255
691.2040000000	n/a	n/a	STATUS	n/a	n/a	D142
691.2520000000	n/a	n/a	STATUS	n/a	n/a	D255
691.2880000000	n/a	n/a	STATUS	n/a	n/a	DI53
691.3400000000	n/a	n/a	STATUS	n/a	n/a	D255
691.5640000000	n/a	n/a	STATUS	n/a	n/a	DI43
691.6120000000	n/a	n/a	STATUS	n/a	n/a	D255
691.8720000000	n/a	n/a	STATUS	n/a	n/a	DIN5
691.9240000000	n/a	n/a	STATUS	n/a	n/a	D255
692.4000000000	n/a	n/a	STATUS	n/a	n/a	D192
692.4520000000	n/a	n/a	STATUS	n/a	n/a	D255
692.4880000000	n/a	n/a	STATUS	n/a	n/a	DI51
692.5360000000	n/a	n/a	STATUS	n/a	n/a	D255
692.8360000000	n/a	n/a	STATUS	n/a	n/a	DI31
692.8880000000	n/a	n/a	STATUS	n/a	n/a	D255
693.1440000000	n/a	n/a	STATUS	n/a	n/a	DIN5
693.1960000000	n/a	n/a	STATUS	n/a	n/a	D255
693.6280000000	n/a	n/a	STATUS	n/a	n/a	D213
693.6800000000	n/a	n/a	STATUS	n/a	n/a	D255
693.7160000000	n/a	n/a	STATUS	n/a	n/a	DI52
693.7680000000	n/a	n/a	STATUS	n/a	n/a	D255
694.0720000000	n/a	n/a	STATUS	n/a	n/a	DI42
694.1200000000	n/a	n/a	STATUS	n/a	n/a	D255
694.3800000000	n/a	n/a	STATUS	n/a	n/a	DIN5
694.4280000000	n/a	n/a	STATUS	n/a	n/a	D255
694.7640000000	n/a	n/a	STATUS	n/a	n/a	DI93
694.8120000000	n/a	n/a	STATUS	n/a	n/a	D255
694.8520000000	n/a	n/a	STATUS	n/a	n/a	DI53
694.9000000000	n/a	n/a	STATUS	n/a	n/a	D255
695.1080000000	n/a	n/a	STATUS	n/a	n/a	DI43
695.1560000000	n/a	n/a	STATUS	n/a	n/a	D255
695.4160000000	n/a	n/a	STATUS	n/a	n/a	DIN5
695.4640000000	n/a	n/a	STATUS	n/a	n/a	D255
695.8840000000	n/a	n/a	STATUS	n/a	n/a	D131
695.9320000000	n/a	n/a	STATUS	n/a	n/a	D255
695.9720000000	n/a	n/a	STATUS	n/a	n/a	DI52
696.0200000000	n/a	n/a	STATUS	n/a	n/a	D255
696.3320000000	n/a	n/a	STATUS	n/a	n/a	DI42
696.3840000000	n/a	n/a	STATUS	n/a	n/a	D255
696.6400000000	n/a	n/a	STATUS	n/a	n/a	DIN5
696.6920000000	n/a	n/a	STATUS	n/a	n/a	D255
697.1560000000	n/a	n/a	STATUS	n/a	n/a	D118
697.2040000000	n/a	n/a	STATUS	n/a	n/a	D255
697.2440000000	n/a	n/a	STATUS	n/a	n/a	DI52
697.2920000000	n/a	n/a	STATUS	n/a	n/a	D255
697.5320000000	n/a	n/a	STATUS	n/a	n/a	DI42
697.5800000000	n/a	n/a	STATUS	n/a	n/a	D255
697.8400000000	n/a	n/a	STATUS	n/a	n/a	DIN5
697.8880000000	n/a	n/a	STATUS	n/a	n/a	D255
698.2120000000	n/a	n/a	STATUS	n/a	n/a	DI77
698.2640000000	n/a	n/a	STATUS	n/a	n/a	D255
698.3000000000	n/a	n/a	STATUS	n/a	n/a	DI52
698.3480000000	n/a	n/a	STATUS	n/a	n/a	D255
698.5880000000	n/a	n/a	STATUS	n/a	n/a	DI42
698.6360000000	n/a	n/a	STATUS	n/a	n/a	D255
698.8960000000	n/a	n/a	STATUS	n/a	n/a	DIN5
698.9440000000	n/a	n/a	STATUS	n/a	n/a	D255
699.2960000000	n/a	n/a	STATUS	n/a	n/a	D141
699.3440000000	n/a	n/a	STATUS	n/a	n/a	D255
699.3800000000	n/a	n/a	STATUS	n/a	n/a	DI51
699.4320000000	n/a	n/a	STATUS	n/a	n/a	D255
699.7560000000	n/a	n/a	STATUS	n/a	n/a	DI31
699.8040000000	n/a	n/a	STATUS	n/a	n/a	D255
700.0640000000	n/a	n/a	STATUS	n/a	n/a	DIN5
700.1120000000	n/a	n/a	STATUS	n/a	n/a	D255
700.4240000000	n/a	n/a	STATUS	n/a	n/a	D179
700.4760000000	n/a	n/a	STATUS	n/a	n/a	D255
700.5120000000	n/a	n/a	STATUS	n/a	n/a	DI54
700.5640000000	n/a	n/a	STATUS	n/a	n/a	D255
700.8120000000	n/a	n/a	STATUS	n/a	n/a	DI34
700.8640000000	n/a	n/a	STATUS	n/a	n/a	D255
701.1200000000	n/a	n/a	STATUS	n/a	n/a	DIN5
701.1680000000	n/a	n/a	STATUS	n/a	n/a	D255
701.5600000000	n/a	n/a	STATUS	n/a	n/a	D198
701.6080000000	n/a	n/a	STATUS	n/a	n/a	D255
701.6440000000	n/a	n/a	STATUS	n/a	n/a	DI51
701.6960000000	n/a	n/a	STATUS	n/a	n/a	D255
701.9920000000	n/a	n/a	STATUS	n/a	n/a	DI31
702.0440000000	n/a	n/a	STATUS	n/a	n/a	D255
702.3000000000	n/a	n/a	STATUS	n/a	n/a	DIN5
702.3520000000	n/a	n/a	STATUS	n/a	n/a	D255
702.7040000000	n/a	n/a	STATUS	n/a	n/a	D100
702.7520000000	n/a	n/a	STATUS	n/a	n/a	D255
702.7920000000	n/a	n/a	STATUS	n/a	n/a	DI51
702.8400000000	n/a	n/a	STATUS	n/a	n/a	D255
703.1160000000	n/a	n/a	STATUS	n/a	n/a	DI31
703.1640000000	n/a	n/a	STATUS	n/a	n/a	D255
703.4200000000	n/a	n/a	STATUS	n/a	n/a	DIN5
703.4720000000	n/a	n/a	STATUS	n/a	n/a	D255
703.9400000000	n/a	n/a	STATUS	n/a	n/a	D132
703.9920000000	n/a	n/a	STATUS	n/a	n/a	D255
704.0280000000	n/a	n/a	STATUS	n/a	n/a	DI54
704.0760000000	n/a	n/a	STATUS	n/a	n/a	D255
704.3000000000	n/a	n/a	STATUS	n/a	n/a	DI34
704.3480000000	n/a	n/a	STATUS	n/a	n/a	D255
704.6080000000	n/a	n/a	STATUS	n/a	n/a	DIN5
704.6560000000	n/a	n/a	STATUS	n/a	n/a	D255
705.0640000000	n/a	n/a	STATUS	n/a	n/a	DI73
705.1160000000	n/a	n/a	STATUS	n/a	n/a	D255
705.1520000000	n/a	n/a	STATUS	n/a	n/a	DI53
705.2040000000	n/a	n/a	STATUS	n/a	n/a	D255
705.4400000000	n/a	n/a	STATUS	n/a	n/a	DI43
705.4880000000	n/a	n/a	STATUS	n/a	n/a	D255
705.7480000000	n/a	n/a	STATUS	n/a	n/a	DIN5
705.7960000000	n/a	n/a	STATUS	n/a	n/a	D255
706.1360000000	n/a	n/a	STATUS	n/a	n/a	D167
706.1840000000	n/a	n/a	STATUS	n/a	n/a	D255
706.2200000000	n/a	n/a	STATUS	n/a	n/a	DI51
706.2720000000	n/a	n/a	STATUS	n/a	n/a	D255
706.6000000000	n/a	n/a	STATUS	n/a	n/a	DI31
706.6520000000	n/a	n/a	STATUS	n/a	n/a	D255
706.9080000000	n/a	n/a	STATUS	n/a	n/a	DIN5
706.9600000000	n/a	n/a	STATUS	n/a	n/a	D255
707.3520000000	n/a	n/a	STATUS	n/a	n/a	D109
707.4040000000	n/a	n/a	STATUS	n/a	n/a	D255
707.4400000000	n/a	n/a	STATUS	n/a	n/a	DI52
707.4880000000	n/a	n/a	STATUS	n/a	n/a	D255
707.7920000000	n/a	n/a	STATUS	n/a	n/a	DI42
707.8400000000	n/a	n/a	STATUS	n/a	n/a	D255
708.0960000000	n/a	n/a	STATUS	n/a	n/a	DIN5
708.1480000000	n/a	n/a	STATUS	n/a	n/a	D255
708.4800000000	n/a	n/a	STATUS	n/a	n/a	D210
708.5320000000	n/a	n/a	STATUS	n/a	n/a	D255
708.5680000000	n/a	n/a	STATUS	n/a	n/a	DI53
708.6200000000	n/a	n/a	STATUS	n/a	n/a	D255
708.8840000000	n/a	n/a	STATUS	n/a	n/a	DI43
708.9320000000	n/a	n/a	STATUS	n/a	n/a	D255
709.1920000000	n/a	n/a	STATUS	n/a	n/a	DIN5
709.2400000000	n/a	n/a	STATUS	n/a	n/a	D255
709.6360000000	n/a	n/a	STATUS	n/a	n/a	D172
709.6840000000	n/a	n/a	STATUS	n/a	n/a	D255
709.7200000000	n/a	n/a	STATUS	n/a	n/a	DI53
709.7720000000	n/a	n/a	STATUS	n/a	n/a	D255
710.0000000000	n/a	n/a	STATUS	n/a	n/a	DI43
710.0520000000	n/a	n/a	STATUS	n/a	n/a	D255
710.3080000000	n/a	n/a	STATUS	n/a	n/a	DIN5
710.3560000000	n/a	n/a	STATUS	n/a	n/a	D255
710.7880000000	n/a	n/a	STATUS	n/a	n/a	D157
710.8360000000	n/a	n/a	STATUS	n/a	n/a	D255
710.8720000000	n/a	n/a	STATUS	n/a	n/a	DI51
710.9240000000	n/a	n/a	STATUS	n/a	n/a	D255
711.2480000000	n/a	n/a	STATUS	n/a	n/a	DI31
711.3000000000	n/a	n/a	STATUS	n/a	n/a	D255
715.5400000000	n/a	n/a	STATUS	n/a	n/a	DIN5
715.5920000000	n/a	n/a	STATUS	n/a	n/a	D255
715.9040000000	n/a	n/a	STATUS	n/a	n/a	D158
715.9520000000	n/a	n/a	STATUS	n/a	n/a	D255
715.9920000000	n/a	n/a	STATUS	n/a	n/a	DI54
716.0400000000	n/a	n/a	STATUS	n/a	n/a	D255
716.3600000000	n/a	n/a	STATUS	n/a	n/a	DI34
716.4080000000	n/a	n/a	STATUS	n/a	n/a	D255
716.6680000000	n/a	n/a	STATUS	n/a	n/a	DIN5
716.7160000000	n/a	n/a	STATUS	n/a	n/a	D255
717.1200000000	n/a	n/a	STATUS	n/a	n/a	D240
717.1720000000	n/a	n/a	STATUS	n/a	n/a	D255
717.2080000000	n/a	n/a	STATUS	n/a	n/a	DI53
717.2560000000	n/a	n/a	STATUS	n/a	n/a	D255
717.5280000000	n/a	n/a	STATUS	n/a	n/a	DI43
717.5760000000	n/a	n/a	STATUS	n/a	n/a	D255
717.8360000000	n/a	n/a	STATUS	n/a	n/a	DIN5
717.8840000000	n/a	n/a	STATUS	n/a	n/a	D255
718.3360000000	n/a	n/a	STATUS	n/a	n/a	D111
718.3880000000	n/a	n/a	STATUS	n/a	n/a	D255
718.4240000000	n/a	n/a	STATUS	n/a	n/a	DI51
718.4760000000	n/a	n/a	STATUS	n/a	n/a	D255
718.6480000000	n/a	n/a	STATUS	n/a	n/a	DI21
718.7000000000	n/a	n/a	STATUS	n/a	n/a	DIN4
718.7000000000	n/a	n/a	STATUS	n/a	n/a	D255
718.7520000000	n/a	n/a	STATUS	n/a	n/a	D255
719.5040000000	n/a	n/a	STATUS	n/a	n/a	DIN5
719.5560000000	n/a	n/a	STATUS	n/a	n/a	D255
719.9640000000	n/a	n/a	STATUS	n/a	n/a	DI67
720.0160000000	n/a	n/a	STATUS	n/a	n/a	D255
720.0520000000	n/a	n/a	STATUS	n/a	n/a	DI52
720.1000000000	n/a	n/a	STATUS	n/a	n/a	D255
720.4600000000	n/a	n/a	STATUS	n/a	n/a	DI42
720.5120000000	n/a	n/a	STATUS	n/a	n/a	D255
720.7680000000	n/a	n/a	STATUS	n/a	n/a	DIN5
720.8200000000	n/a	n/a	STATUS	n/a	n/a	D255
721.1800000000	n/a	n/a	STATUS	n/a	n/a	D183
721.2280000000	n/a	n/a	STATUS	n/a	n/a	D255
721.2640000000	n/a	n/a	STATUS	n/a	n/a	DI53
721.3160000000	n/a	n/a	STATUS	n/a	n/a	D255
721.5800000000	n/a	n/a	STATUS	n/a	n/a	DI43
721.6320000000	n/a	n/a	STATUS	n/a	n/a	D255
721.8880000000	n/a	n/a	STATUS	n/a	n/a	DIN5
721.9360000000	n/a	n/a	STATUS	n/a	n/a	D255
722.3360000000	n/a	n/a	STATUS	n/a	n/a	D244
722.3880000000	n/a	n/a	STATUS	n/a	n/a	D255
722.4240000000	n/a	n/a	STATUS	n/a	n/a	DI51
722.4720000000	n/a	n/a	STATUS	n/a	n/a	D255
722.7680000000	n/a	n/a	STATUS	n/a	n/a	DI31
722.8160000000	n/a	n/a	STATUS	n/a	n/a	D255
723.0720000000	n/a	n/a	STATUS	n/a	n/a	DIN5
723.1240000000	n/a	n/a	STATUS	n/a	n/a	D255
723.5680000000	n/a	n/a	STATUS	n/a	n/a	D160
723.6160000000	n/a	n/a	STATUS	n/a	n/a	D255
723.6560000000	n/a	n/a	STATUS	n/a	n/a	DI53
723.7040000000	n/a	n/a	STATUS	n/a	n/a	D255
723.9000000000	n/a	n/a	STATUS	n/a	n/a	DI43
723.9520000000	n/a	n/a	STATUS	n/a	n/a	D255
724.2080000000	n/a	n/a	STATUS	n/a	n/a	DIN5
724.2600000000	n/a	n/a	STATUS	n/a	n/a	D255
724.5960000000	n/a	n/a	STATUS	n/a	n/a	D162
724.6480000000	n/a	n/a	STATUS	n/a	n/a	D255
724.6840000000	n/a	n/a	STATUS	n/a	n/a	DI53
724.7320000000	n/a	n/a	STATUS	n/a	n/a	D255
724.9360000000	n/a	n/a	STATUS	n/a	n/a	DI43
724.9880000000	n/a	n/a	STATUS	n/a	n/a	D255
725.2440000000	n/a	n/a	STATUS	n/a	n/a	DIN5
725.2960000000	n/a	n/a	STATUS	n/a	n/a	D255
725.7440000000	n/a	n/a	STATUS	n/a	n/a	DI86
725.7920000000	n/a	n/a	STATUS	n/a	n/a	D255
725.8280000000	n/a	n/a	STATUS	n/a	n/a	DI51
725.8800000000	n/a	n/a	STATUS	n/a	n/a	D255
726.0840000000	n/a	n/a	STATUS	n/a	n/a	DI21
726.1360000000	n/a	n/a	STATUS	n/a	n/a	D255
726.1400000000	n/a	n/a	STATUS	n/a	n/a	DIN4
726.1880000000	n/a	n/a	STATUS	n/a	n/a	D255
726.9440000000	n/a	n/a	STATUS	n/a	n/a	DIN5
726.9920000000	n/a	n/a	STATUS	n/a	n/a	D255
727.3400000000	n/a	n/a	STATUS	n/a	n/a	D164
727.3920000000	n/a	n/a	STATUS	n/a	n/a	D255
727.4280000000	n/a	n/a	STATUS	n/a	n/a	DI51
727.4800000000	n/a	n/a	STATUS	n/a	n/a	D255
727.7520000000	n/a	n/a	STATUS	n/a	n/a	DI31
727.8040000000	n/a	n/a	STATUS	n/a	n/a	D255
728.0600000000	n/a	n/a	STATUS	n/a	n/a	DIN5
728.1120000000	n/a	n/a	STATUS	n/a	n/a	D255
728.6080000000	n/a	n/a	STATUS	n/a	n/a	DI77
728.6600000000	n/a	n/a	STATUS	n/a	n/a	D255
728.6960000000	n/a	n/a	STATUS	n/a	n/a	DI53
728.7440000000	n/a	n/a	STATUS	n/a	n/a	D255
728.9680000000	n/a	n/a	STATUS	n/a	n/a	DI43
729.0200000000	n/a	n/a	STATUS	n/a	n/a	D255
729.2760000000	n/a	n/a	STATUS	n/a	n/a	DIN5
729.3240000000	n/a	n/a	STATUS	n/a	n/a	D255
729.7880000000	n/a	n/a	STATUS	n/a	n/a	D116
729.8400000000	n/a	n/a	STATUS	n/a	n/a	D255
729.8760000000	n/a	n/a	STATUS	n/a	n/a	DI52
729.9240000000	n/a	n/a	STATUS	n/a	n/a	D255
730.1760000000	n/a	n/a	STATUS	n/a	n/a	DI42
730.2280000000	n/a	n/a	STATUS	n/a	n/a	D255
730.4840000000	n/a	n/a	STATUS	n/a	n/a	DIN5
730.5360000000	n/a	n/a	STATUS	n/a	n/a	D255
730.9840000000	n/a	n/a	STATUS	n/a	n/a	D186
731.0360000000	n/a	n/a	STATUS	n/a	n/a	D255
731.0720000000	n/a	n/a	STATUS	n/a	n/a	DI53
731.1200000000	n/a	n/a	STATUS	n/a	n/a	D255
731.3560000000	n/a	n/a	STATUS	n/a	n/a	DI43
731.4080000000	n/a	n/a	STATUS	n/a	n/a	D255
731.6640000000	n/a	n/a	STATUS	n/a	n/a	DIN5
731.7120000000	n/a	n/a	STATUS	n/a	n/a	D255
732.0360000000	n/a	n/a	STATUS	n/a	n/a	D170
732.0880000000	n/a	n/a	STATUS	n/a	n/a	D255
732.1240000000	n/a	n/a	STATUS	n/a	n/a	DI53
732.1760000000	n/a	n/a	STATUS	n/a	n/a	D255
732.4000000000	n/a	n/a	STATUS	n/a	n/a	DI43
732.4520000000	n/a	n/a	STATUS	n/a	n/a	D255
732.7080000000	n/a	n/a	STATUS	n/a	n/a	DIN5
732.7560000000	n/a	n/a	STATUS	n/a	n/a	D255
733.1680000000	n/a	n/a	STATUS	n/a	n/a	D165
733.2160000000	n/a	n/a	STATUS	n/a	n/a	D255
733.2560000000	n/a	n/a	STATUS	n/a	n/a	DI53
733.3040000000	n/a	n/a	STATUS	n/a	n/a	D255
733.5160000000	n/a	n/a	STATUS	n/a	n/a	DI43
733.5680000000	n/a	n/a	STATUS	n/a	n/a	D255
733.8240000000	n/a	n/a	STATUS	n/a	n/a	DIN5
733.8720000000	n/a	n/a	STATUS	n/a	n/a	D255
734.2120000000	n/a	n/a	STATUS	n/a	n/a	D254
734.2640000000	n/a	n/a	STATUS	n/a	n/a	D255
734.3000000000	n/a	n/a	STATUS	n/a	n/a	DI54
734.3480000000	n/a	n/a	STATUS	n/a	n/a	D255
734.5920000000	n/a	n/a	STATUS	n/a	n/a	DI34
734.6440000000	n/a	n/a	STATUS	n/a	n/a	D255
734.9000000000	n/a	n/a	STATUS	n/a	n/a	DIN5
734.9480000000	n/a	n/a	STATUS	n/a	n/a	D255
735.4040000000	n/a	n/a	STATUS	n/a	n/a	D222
735.4520000000	n/a	n/a	STATUS	n/a	n/a	D255
735.4880000000	n/a	n/a	STATUS	n/a	n/a	DI54
735.5400000000	n/a	n/a	STATUS	n/a	n/a	D255
735.7560000000	n/a	n/a	STATUS	n/a	n/a	DI34
735.8080000000	n/a	n/a	STATUS	n/a	n/a	D255
736.0640000000	n/a	n/a	STATUS	n/a	n/a	DIN5
736.1160000000	n/a	n/a	STATUS	n/a	n/a	D255
736.4680000000	n/a	n/a	STATUS	n/a	n/a	DI73
736.5200000000	n/a	n/a	STATUS	n/a	n/a	D255
736.5560000000	n/a	n/a	STATUS	n/a	n/a	DI51
736.6040000000	n/a	n/a	STATUS	n/a	n/a	D255
736.9720000000	n/a	n/a	STATUS	n/a	n/a	DI31
737.0240000000	n/a	n/a	STATUS	n/a	n/a	D255
737.2760000000	n/a	n/a	STATUS	n/a	n/a	DIN5
737.3280000000	n/a	n/a	STATUS	n/a	n/a	D255
737.8320000000	n/a	n/a	STATUS	n/a	n/a	D189
737.8800000000	n/a	n/a	STATUS	n/a	n/a	D255
737.9200000000	n/a	n/a	STATUS	n/a	n/a	DI52
737.9680000000	n/a	n/a	STATUS	n/a	n/a	D255
738.1800000000	n/a	n/a	STATUS	n/a	n/a	DI12
738.2320000000	n/a	n/a	STATUS	n/a	n/a	D255
738.2360000000	n/a	n/a	STATUS	n/a	n/a	DIN4
738.2840000000	n/a	n/a	STATUS	n/a	n/a	D255
739.0400000000	n/a	n/a	STATUS	n/a	n/a	DIN5
739.0880000000	n/a	n/a	STATUS	n/a	n/a	D255
739.4240000000	n/a	n/a	STATUS	n/a	n/a	D235
739.4720000000	n/a	n/a	STATUS	n/a	n/a	D255
739.5080000000	n/a	n/a	STATUS	n/a	n/a	DI52
739.5600000000	n/a	n/a	STATUS	n/a	n/a	D255
739.8640000000	n/a	n/a	STATUS	n/a	n/a	DI42
739.9160000000	n/a	n/a	STATUS	n/a	n/a	D255
740.1720000000	n/a	n/a	STATUS	n/a	n/a	DIN5
740.2240000000	n/a	n/a	STATUS	n/a	n/a	D255
740.6760000000	n/a	n/a	STATUS	n/a	n/a	D134
740.7280000000	n/a	n/a	STATUS	n/a	n/a	D255
740.7640000000	n/a	n/a	STATUS	n/a	n/a	DI52
740.8120000000	n/a	n/a	STATUS	n/a	n/a	D255
741.1040000000	n/a	n/a	STATUS	n/a	n/a	DI42
741.1560000000	n/a	n/a	STATUS	n/a	n/a	D255
741.4120000000	n/a	n/a	STATUS	n/a	n/a	DIN5
741.4600000000	n/a	n/a	STATUS	n/a	n/a	D255
741.9440000000	n/a	n/a	STATUS	n/a	n/a	D185
741.9960000000	n/a	n/a	STATUS	n/a	n/a	D255
742.0320000000	n/a	n/a	STATUS	n/a	n/a	DI54
742.0840000000	n/a	n/a	STATUS	n/a	n/a	D255
742.2960000000	n/a	n/a	STATUS	n/a	n/a	DI34
742.3440000000	n/a	n/a	STATUS	n/a	n/a	D255
742.6000000000	n/a	n/a	STATUS	n/a	n/a	DIN5
742.6520000000	n/a	n/a	STATUS	n/a	n/a	D255
743.0880000000	n/a	n/a	STATUS	n/a	n/a	D249
743.1400000000	n/a	n/a	STATUS	n/a	n/a	D255
743.1760000000	n/a	n/a	STATUS	n/a	n/a	DI53
743.2280000000	n/a	n/a	STATUS	n/a	n/a	D255
743.4280000000	n/a	n/a	STATUS	n/a	n/a	DI43
743.4800000000	n/a	n/a	STATUS	n/a	n/a	D255
743.7360000000	n/a	n/a	STATUS	n/a	n/a	DIN5
743.7880000000	n/a	n/a	STATUS	n/a	n/a	D255
744.1840000000	n/a	n/a	STATUS	n/a	n/a	D248
744.2360000000	n/a	n/a	STATUS	n/a	n/a	D255
744.2720000000	n/a	n/a	STATUS	n/a	n/a	DI51
744.3240000000	n/a	n/a	STATUS	n/a	n/a	D255
744.5920000000	n/a	n/a	STATUS	n/a	n/a	DI31
744.6440000000	n/a	n/a	STATUS	n/a	n/a	D255
744.9000000000	n/a	n/a	STATUS	n/a	n/a	DIN5
744.9520000000	n/a	n/a	STATUS	n/a	n/a	D255
745.2840000000	n/a	n/a	STATUS	n/a	n/a	D187
745.3360000000	n/a	n/a	STATUS	n/a	n/a	D255
745.3720000000	n/a	n/a	STATUS	n/a	n/a	DI51
745.4200000000	n/a	n/a	STATUS	n/a	n/a	D255
745.7160000000	n/a	n/a	STATUS	n/a	n/a	DI31
745.7640000000	n/a	n/a	STATUS	n/a	n/a	D255
746.0240000000	n/a	n/a	STATUS	n/a	n/a	DIN5
746.0720000000	n/a	n/a	STATUS	n/a	n/a	D255
746.3960000000	n/a	n/a	STATUS	n/a	n/a	D161
746.4440000000	n/a	n/a	STATUS	n/a	n/a	D255
746.4840000000	n/a	n/a	STATUS	n/a	n/a	DI54
746.5320000000	n/a	n/a	STATUS	n/a	n/a	D255
746.7600000000	n/a	n/a	STATUS	n/a	n/a	DI34
746.8120000000	n/a	n/a	STATUS	n/a	n/a	D255
747.0680000000	n/a	n/a	STATUS	n/a	n/a	DIN5
747.1160000000	n/a	n/a	STATUS	n/a	n/a	D255
747.4400000000	n/a	n/a	STATUS	n/a	n/a	D188
747.4920000000	n/a	n/a	STATUS	n/a	n/a	D255
747.5280000000	n/a	n/a	STATUS	n/a	n/a	DI52
747.5760000000	n/a	n/a	STATUS	n/a	n/a	D255
747.9360000000	n/a	n/a	STATUS	n/a	n/a	DI42
747.9840000000	n/a	n/a	STATUS	n/a	n/a	D255
748.2400000000	n/a	n/a	STATUS	n/a	n/a	DIN5
748.2920000000	n/a	n/a	STATUS	n/a	n/a	D255
748.6080000000	n/a	n/a	STATUS	n/a	n/a	DI84
748.6600000000	n/a	n/a	STATUS	n/a	n/a	D255
748.6960000000	n/a	n/a	STATUS	n/a	n/a	DI54
748.7480000000	n/a	n/a	STATUS	n/a	n/a	D255
748.9760000000	n/a	n/a	STATUS	n/a	n/a	DI34
749.0240000000	n/a	n/a	STATUS	n/a	n/a	D255
749.2840000000	n/a	n/a	STATUS	n/a	n/a	DIN5
749.3320000000	n/a	n/a	STATUS	n/a	n/a	D255
749.8040000000	n/a	n/a	STATUS	n/a	n/a	D110
749.8560000000	n/a	n/a	STATUS	n/a	n/a	D255
749.8920000000	n/a	n/a	STATUS	n/a	n/a	DI53
749.9440000000	n/a	n/a	STATUS	n/a	n/a	D255
750.1720000000	n/a	n/a	STATUS	n/a	n/a	DI43
750.2240000000	n/a	n/a	STATUS	n/a	n/a	D255
750.4800000000	n/a	n/a	STATUS	n/a	n/a	DIN5
750.5320000000	n/a	n/a	STATUS	n/a	n/a	D255
751.0280000000	n/a	n/a	STATUS	n/a	n/a	D230
751.0800000000	n/a	n/a	STATUS	n/a	n/a	D255
751.1160000000	n/a	n/a	STATUS	n/a	n/a	DI51
751.1640000000	n/a	n/a	STATUS	n/a	n/a	D255
751.4440000000	n/a	n/a	STATUS	n/a	n/a	DI31
751.4920000000	n/a	n/a	STATUS	n/a	n/a	D255
751.7480000000	n/a	n/a	STATUS	n/a	n/a	DIN5
751.8000000000	n/a	n/a	STATUS	n/a	n/a	D255
752.1360000000	n/a	n/a	STATUS	n/a	n/a	D246
752.1880000000	n/a	n/a	STATUS	n/a	n/a	D255
752.2240000000	n/a	n/a	STATUS	n/a	n/a	DI52
752.2760000000	n/a	n/a	STATUS	n/a	n/a	D255
752.4640000000	n/a	n/a	STATUS	n/a	n/a	DI12
752.5160000000	n/a	n/a	STATUS	n/a	n/a	DIN4
752.5160000000	n/a	n/a	STATUS	n/a	n/a	D255
752.5680000000	n/a	n/a	STATUS	n/a	n/a	D255
753.3200000000	n/a	n/a	STATUS	n/a	n/a	DIN5
753.3720000000	n/a	n/a	STATUS	n/a	n/a	D255
753.8120000000	n/a	n/a	STATUS	n/a	n/a	D148
753.8600000000	n/a	n/a	STATUS	n/a	n/a	D255
753.8960000000	n/a	n/a	STATUS	n/a	n/a	DI54
753.9480000000	n/a	n/a	STATUS	n/a	n/a	D255
754.1480000000	n/a	n/a	STATUS	n/a	n/a	DI34
754.2000000000	n/a	n/a	STATUS	n/a	n/a	D255
754.4560000000	n/a	n/a	STATUS	n/a	n/a	DIN5
754.5080000000	n/a	n/a	STATUS	n/a	n/a	D255
754.8680000000	n/a	n/a	STATUS	n/a	n/a	D234
754.9160000000	n/a	n/a	STATUS	n/a	n/a	D255
754.9520000000	n/a	n/a	STATUS	n/a	n/a	DI52
755.0040000000	n/a	n/a	STATUS	n/a	n/a	D255
755.2680000000	n/a	n/a	STATUS	n/a	n/a	DI12
755.3200000000	n/a	n/a	STATUS	n/a	n/a	D255
755.3240000000	n/a	n/a	STATUS	n/a	n/a	DIN4
755.3720000000	n/a	n/a	STATUS	n/a	n/a	D255
756.1280000000	n/a	n/a	STATUS	n/a	n/a	DIN5
756.1760000000	n/a	n/a	STATUS	n/a	n/a	D255
756.5120000000	n/a	n/a	STATUS	n/a	n/a	D103
756.5600000000	n/a	n/a	STATUS	n/a	n/a	D255
756.5960000000	n/a	n/a	STATUS	n/a	n/a	DI53
756.6480000000	n/a	n/a	STATUS	n/a	n/a	D255
756.9720000000	n/a	n/a	STATUS	n/a	n/a	DI43
757.0200000000	n/a	n/a	STATUS	n/a	n/a	D255
757.2760000000	n/a	n/a	STATUS	n/a	n/a	DIN5
757.3280000000	n/a	n/a	STATUS	n/a	n/a	D255
757.7320000000	n/a	n/a	STATUS	n/a	n/a	D101
757.7840000000	n/a	n/a	STATUS	n/a	n/a	D255
757.8200000000	n/a	n/a	STATUS	n/a	n/a	DI52
757.8680000000	n/a	n/a	STATUS	n/a	n/a	D255
758.2600000000	n/a	n/a	STATUS	n/a	n/a	DI42
758.3120000000	n/a	n/a	STATUS	n/a	n/a	D255
758.5680000000	n/a	n/a	STATUS	n/a	n/a	DIN5
758.6200000000	n/a	n/a	STATUS	n/a	n/a	D255
759.0040000000	n/a	n/a	STATUS	n/a	n/a	D178
759.0520000000	n/a	n/a	STATUS	n/a	n/a	D255
759.0880000000	n/a	n/a	STATUS	n/a	n/a	DI54
759.1400000000	n/a	n/a	STATUS	n/a	n/a	D255
759.3480000000	n/a	n/a	STATUS	n/a	n/a	DI34
759.3960000000	n/a	n/a	STATUS	n/a	n/a	D255
759.6520000000	n/a	n/a	STATUS	n/a	n/a	DIN5
759.7040000000	n/a	n/a	STATUS	n/a	n/a	D255
760.0760000000	n/a	n/a	STATUS	n/a	n/a	D233
760.1280000000	n/a	n/a	STATUS	n/a	n/a	D255
760.1640000000	n/a	n/a	STATUS	n/a	n/a	DI51
760.2160000000	n/a	n/a	STATUS	n/a	n/a	D255
760.5200000000	n/a	n/a	STATUS	n/a	n/a	DI21
760.5720000000	n/a	n/a	STATUS	n/a	n/a	D255
760.5760000000	n/a	n/a	STATUS	n/a	n/a	DIN4
760.6240000000	n/a	n/a	STATUS	n/a	n/a	D255
761.3800000000	n/a	n/a	STATUS	n/a	n/a	DIN5
761.4280000000	n/a	n/a	STATUS	n/a	n/a	D255
761.8160000000	n/a	n/a	STATUS	n/a	n/a	D174
761.8680000000	n/a	n/a	STATUS	n/a	n/a	D255
761.9040000000	n/a	n/a	STATUS	n/a	n/a	DI54
761.9560000000	n/a	n/a	STATUS	n/a	n/a	D255
762.1320000000	n/a	n/a	STATUS	n/a	n/a	DI34
762.1840000000	n/a	n/a	STATUS	n/a	n/a	D255
762.4400000000	n/a	n/a	STATUS	n/a	n/a	DIN5
762.4920000000	n/a	n/a	STATUS	n/a	n/a	D255
762.8040000000	n/a	n/a	STATUS	n/a	n/a	D138
762.8560000000	n/a	n/a	STATUS	n/a	n/a	D255
762.8920000000	n/a	n/a	STATUS	n/a	n/a	DI52
762.9400000000	n/a	n/a	STATUS	n/a	n/a	D255
763.2120000000	n/a	n/a	STATUS	n/a	n/a	DI42
763.2600000000	n/a	n/a	STATUS	n/a	n/a	D255
763.5200000000	n/a	n/a	STATUS	n/a	n/a	DIN5
763.5680000000	n/a	n/a	STATUS	n/a	n/a	D255
763.9520000000	n/a	n/a	STATUS	n/a	n/a	D100
764.0040000000	n/a	n/a	STATUS	n/a	n/a	D255
764.0400000000	n/a	n/a	STATUS	n/a	n/a	DI54
764.0880000000	n/a	n/a	STATUS	n/a	n/a	D255
764.2880000000	n/a	n/a	STATUS	n/a	n/a	DI34
764.3400000000	n/a	n/a	STATUS	n/a	n/a	D255
764.5960000000	n/a	n/a	STATUS	n/a	n/a	DIN5
764.6480000000	n/a	n/a	STATUS	n/a	n/a	D255
764.9560000000	n/a	n/a	STATUS	n/a	n/a	D135
765.0040000000	n/a	n/a	STATUS	n/a	n/a	D255
765.0400000000	n/a	n/a	STATUS	n/a	n/a	DI52
765.0920000000	n/a	n/a	STATUS	n/a	n/a	D255
765.4200000000	n/a	n/a	STATUS	n/a	n/a	DI42
765.4720000000	n/a	n/a	STATUS	n/a	n/a	D255
765.7280000000	n/a	n/a	STATUS	n/a	n/a	DIN5
765.7800000000	n/a	n/a	STATUS	n/a	n/a	D255
766.2000000000	n/a	n/a	STATUS	n/a	n/a	D237
766.2520000000	n/a	n/a	STATUS	n/a	n/a	D255
766.2880000000	n/a	n/a	STATUS	n/a	n/a	DI51
766.3400000000	n/a	n/a	STATUS	n/a	n/a	D255
766.6280000000	n/a	n/a	STATUS	n/a	n/a	DI31
766.6800000000	n/a	n/a	STATUS	n/a	n/a	D255
766.9360000000	n/a	n/a	STATUS	n/a	n/a	DIN5
766.9840000000	n/a	n/a	STATUS	n/a	n/a	D255
767.4800000000	n/a	n/a	STATUS	n/a	n/a	D200
767.5280000000	n/a	n/a	STATUS	n/a	n/a	D255
767.5680000000	n/a	n/a	STATUS	n/a	n/a	DI52
767.6160000000	n/a	n/a	STATUS	n/a	n/a	D255
767.9360000000	n/a	n/a	STATUS	n/a	n/a	DI42
767.9880000000	n/a	n/a	STATUS	n/a	n/a	D255
768.2440000000	n/a	n/a	STATUS	n/a	n/a	DIN5
768.2960000000	n/a	n/a	STATUS	n/a	n/a	D255
768.5960000000	n/a	n/a	STATUS	n/a	n/a	D241
768.6480000000	n/a	n/a	STATUS	n/a	n/a	D255
768.6840000000	n/a	n/a	STATUS	n/a	n/a	DI54
768.7360000000	n/a	n/a	STATUS	n/a	n/a	D255
768.9640000000	n/a	n/a	STATUS	n/a	n/a	DI34
769.0160000000	n/a	n/a	STATUS	n/a	n/a	D255
769.2720000000	n/a	n/a	STATUS	n/a	n/a	DIN5
769.3200000000	n/a	n/a	STATUS	n/a	n/a	D255
769.7520000000	n/a	n/a	STATUS	n/a	n/a	D166
769.8000000000	n/a	n/a	STATUS	n/a	n/a	D255
769.8360000000	n/a	n/a	STATUS	n/a	n/a	DI51
769.8880000000	n/a	n/a	STATUS	n/a	n/a	D255
770.2480000000	n/a	n/a	STATUS	n/a	n/a	DI31
770.2960000000	n/a	n/a	STATUS	n/a	n/a	D255
770.5560000000	n/a	n/a	STATUS	n/a	n/a	DIN5
770.6040000000	n/a	n/a	STATUS	n/a	n/a	D255
771.0080000000	n/a	n/a	STATUS	n/a	n/a	D117
771.0600000000	n/a	n/a	STATUS	n/a	n/a	D255
771.0960000000	n/a	n/a	STATUS	n/a	n/a	DI53
771.1440000000	n/a	n/a	STATUS	n/a	n/a	D255
771.3720000000	n/a	n/a	STATUS	n/a	n/a	DI43
771.4200000000	n/a	n/a	STATUS	n/a	n/a	D255
771.6800000000	n/a	n/a	STATUS	n/a	n/a	DIN5
771.7280000000	n/a	n/a	STATUS	n/a	n/a	D255
772.1560000000	n/a	n/a	STATUS	n/a	n/a	DI91
772.2080000000	n/a	n/a	STATUS	n/a	n/a	D255
772.2440000000	n/a	n/a	STATUS	n/a	n/a	DI53
772.2960000000	n/a	n/a	STATUS	n/a	n/a	D255
772.5720000000	n/a	n/a	STATUS	n/a	n/a	DI43
772.6240000000	n/a	n/a	STATUS	n/a	n/a	D255
772.8800000000	n/a	n/a	STATUS	n/a	n/a	DIN5
772.9280000000	n/a	n/a	STATUS	n/a	n/a	D255
773.3720000000	n/a	n/a	STATUS	n/a	n/a	D206
773.4240000000	n/a	n/a	STATUS	n/a	n/a	D255
773.4600000000	n/a	n/a	STATUS	n/a	n/a	DI51
773.5080000000	n/a	n/a	STATUS	n/a	n/a	D255
773.8120000000	n/a	n/a	STATUS	n/a	n/a	DI31
773.8600000000	n/a	n/a	STATUS	n/a	n/a	D255
774.1200000000	n/a	n/a	STATUS	n/a	n/a	DIN5
774.1680000000	n/a	n/a	STATUS	n/a	n/a	D255
774.6560000000	n/a	n/a	STATUS	n/a	n/a	D139
774.7080000000	n/a	n/a	STATUS	n/a	n/a	D255
774.7440000000	n/a	n/a	STATUS	n/a	n/a	DI54
774.7960000000	n/a	n/a	STATUS	n/a	n/a	D255
774.9960000000	n/a	n/a	STATUS	n/a	n/a	DI34
775.0480000000	n/a	n/a	STATUS	n/a	n/a	D255
775.3040000000	n/a	n/a	STATUS	n/a	n/a	DIN5
775.3560000000	n/a	n/a	STATUS	n/a	n/a	D255
775.6760000000	n/a	n/a	STATUS	n/a	n/a	D253
775.7280000000	n/a	n/a	STATUS	n/a	n/a	D255
775.7640000000	n/a	n/a	STATUS	n/a	n/a	DI52
775.8160000000	n/a	n/a	STATUS	n/a	n/a	D255
776.1360000000	n/a	n/a	STATUS	n/a	n/a	DI42
776.1880000000	n/a	n/a	STATUS	n/a	n/a	D255
776.4440000000	n/a	n/a	STATUS	n/a	n/a	DIN5
776.4960000000	n/a	n/a	STATUS	n/a	n/a	D255
776.9120000000	n/a	n/a	STATUS	n/a	n/a	DI93
776.9640000000	n/a	n/a	STATUS	n/a	n/a	D255
777.0000000000	n/a	n/a	STATUS	n/a	n/a	DI54
777.0480000000	n/a	n/a	STATUS	n/a	n/a	D255
777.2480000000	n/a	n/a	STATUS	n/a	n/a	DI34
777.2960000000	n/a	n/a	STATUS	n/a	n/a	D255
777.5520000000	n/a	n/a	STATUS	n/a	n/a	DIN5
777.6040000000	n/a	n/a	STATUS	n/a	n/a	D255
778.0760000000	n/a	n/a	STATUS	n/a	n/a	D173
778.1280000000	n/a	n/a	STATUS	n/a	n/a	D255
778.1640000000	n/a	n/a	STATUS	n/a	n/a	DI51
778.2160000000	n/a	n/a	STATUS	n/a	n/a	D255
778.4160000000	n/a	n/a	STATUS	n/a	n/a	DI21
778.4680000000	n/a	n/a	STATUS	n/a	n/a	D255
778.4720000000	n/a	n/a	STATUS	n/a	n/a	DIN4
778.5200000000	n/a	n/a	STATUS	n/a	n/a	D255
779.2760000000	n/a	n/a	STATUS	n/a	n/a	DIN5
779.3240000000	n/a	n/a	STATUS	n/a	n/a	D255
779.7880000000	n/a	n/a	STATUS	n/a	n/a	D119
779.8400000000	n/a	n/a	STATUS	n/a	n/a	D255
779.8760000000	n/a	n/a	STATUS	n/a	n/a	DI53
779.9240000000	n/a	n/a	STATUS	n/a	n/a	D255
780.1160000000	n/a	n/a	STATUS	n/a	n/a	DI43
780.1680000000	n/a	n/a	STATUS	n/a	n/a	D255
780.4240000000	n/a	n/a	STATUS	n/a	n/a	DIN5
780.4760000000	n/a	n/a	STATUS	n/a	n/a	D255
780.9320000000	n/a	n/a	STATUS	n/a	n/a	D194
780.9840000000	n/a	n/a	STATUS	n/a	n/a	D255
781.0200000000	n/a	n/a	STATUS	n/a	n/a	DI53
781.0720000000	n/a	n/a	STATUS	n/a	n/a	D255
781.2600000000	n/a	n/a	STATUS	n/a	n/a	DI43
781.3120000000	n/a	n/a	STATUS	n/a	n/a	D255
781.5680000000	n/a	n/a	STATUS	n/a	n/a	DIN5
781.6200000000	n/a	n/a	STATUS	n/a	n/a	D255
782.1160000000	n/a	n/a	STATUS	n/a	n/a	DI71
782.1680000000	n/a	n/a	STATUS	n/a	n/a	D255
782.2040000000	n/a	n/a	STATUS	n/a	n/a	DI53
782.2520000000	n/a	n/a	STATUS	n/a	n/a	D255
782.5200000000	n/a	n/a	STATUS	n/a	n/a	DI43
782.5680000000	n/a	n/a	STATUS	n/a	n/a	D255
782.8280000000	n/a	n/a	STATUS	n/a	n/a	DIN5
782.8760000000	n/a	n/a	STATUS	n/a	n/a	D255
783.3240000000	n/a	n/a	STATUS	n/a	n/a	D163
783.3760000000	n/a	n/a	STATUS	n/a	n/a	D255
783.4120000000	n/a	n/a	STATUS	n/a	n/a	DI54
783.4640000000	n/a	n/a	STATUS	n/a	n/a	D255
783.6440000000	n/a	n/a	STATUS	n/a	n/a	DI34
783.6960000000	n/a	n/a	STATUS	n/a	n/a	D255
783.9520000000	n/a	n/a	STATUS	n/a	n/a	DIN5
784.0040000000	n/a	n/a	STATUS	n/a	n/a	D255
784.3480000000	n/a	n/a	STATUS	n/a	n/a	D132
784.3960000000	n/a	n/a	STATUS	n/a	n/a	D255
784.4320000000	n/a	n/a	STATUS	n/a	n/a	DI52
784.4840000000	n/a	n/a	STATUS	n/a	n/a	D255
784.7560000000	n/a	n/a	STATUS	n/a	n/a	DI42
784.8040000000	n/a	n/a	STATUS	n/a	n/a	D255
785.0600000000	n/a	n/a	STATUS	n/a	n/a	DIN5
785.1120000000	n/a	n/a	STATUS	n/a	n/a	D255
785.5280000000	n/a	n/a	STATUS	n/a	n/a	D192
785.5800000000	n/a	n/a	STATUS	n/a	n/a	D255
785.6160000000	n/a	n/a	STATUS	n/a	n/a	DI51
785.6680000000	n/a	n/a	STATUS	n/a	n/a	D255
785.9640000000	n/a	n/a	STATUS	n/a	n/a	DI31
786.0120000000	n/a	n/a	STATUS	n/a	n/a	D255
786.2680000000	n/a	n/a	STATUS	n/a	n/a	DIN5
786.3200000000	n/a	n/a	STATUS	n/a	n/a	D255
786.7520000000	n/a	n/a	STATUS	n/a	n/a	D219
786.8040000000	n/a	n/a	STATUS	n/a	n/a	D255
786.8400000000	n/a	n/a	STATUS	n/a	n/a	DI52
786.8920000000	n/a	n/a	STATUS	n/a	n/a	D255
787.0960000000	n/a	n/a	STATUS	n/a	n/a	DI12
787.1480000000	n/a	n/a	STATUS	n/a	n/a	DIN4
787.1480000000	n/a	n/a	STATUS	n/a	n/a	D255
787.2000000000	n/a	n/a	STATUS	n/a	n/a	D255
787.9520000000	n/a	n/a	STATUS	n/a	n/a	DIN5
788.0040000000	n/a	n/a	STATUS	n/a	n/a	D255
788.3840000000	n/a	n/a	STATUS	n/a	n/a	D243
788.4320000000	n/a	n/a	STATUS	n/a	n/a	D255
788.4680000000	n/a	n/a	STATUS	n/a	n/a	DI51
788.5200000000	n/a	n/a	STATUS	n/a	n/a	D255
788.7280000000	n/a	n/a	STATUS	n/a	n/a	DI21
788.7800000000	n/a	n/a	STATUS	n/a	n/a	D255
788.7840000000	n/a	n/a	STATUS	n/a	n/a	DIN4
788.8320000000	n/a	n/a	STATUS	n/a	n/a	D255
789.5880000000	n/a	n/a	STATUS	n/a	n/a	DIN5
789.6360000000	n/a	n/a	STATUS	n/a	n/a	D255
790.0760000000	n/a	n/a	STATUS	n/a	n/a	D123
790.1240000000	n/a	n/a	STATUS	n/a	n/a	D255
790.1600000000	n/a	n/a	STATUS	n/a	n/a	DI53
790.2120000000	n/a	n/a	STATUS	n/a	n/a	D255
790.4560000000	n/a	n/a	STATUS	n/a	n/a	DI43
790.5040000000	n/a	n/a	STATUS	n/a	n/a	D255
790.7640000000	n/a	n/a	STATUS	n/a	n/a	DIN5
790.8120000000	n/a	n/a	STATUS	n/a	n/a	D255
791.2760000000	n/a	n/a	STATUS	n/a	n/a	D239
791.3240000000	n/a	n/a	STATUS	n/a	n/a	D255
791.3640000000	n/a	n/a	STATUS	n/a	n/a	DI51
791.4120000000	n/a	n/a	STATUS	n/a	n/a	D255
791.6440000000	n/a	n/a	STATUS	n/a	n/a	DI21
791.6920000000	n/a	n/a	STATUS	n/a	n/a	D255
791.6960000000	n/a	n/a	STATUS	n/a	n/a	DIN4
791.7480000000	n/a	n/a	STATUS	n/a	n/a	D255
792.5000000000	n/a	n/a	STATUS	n/a	n/a	DIN5
792.5520000000	n/a	n/a	STATUS	n/a	n/a	D255
792.9360000000	n/a	n/a	STATUS	n/a	n/a	D236
792.9840000000	n/a	n/a	STATUS	n/a	n/a	D255
793.0200000000	n/a	n/a	STATUS	n/a	n/a	DI54
793.0720000000	n/a	n/a	STATUS	n/a	n/a	D255
793.3080000000	n/a	n/a	STATUS	n/a	n/a	DI34
793.3600000000	n/a	n/a	STATUS	n/a	n/a	D255
793.6160000000	n/a	n/a	STATUS	n/a	n/a	DIN5
793.6680000000	n/a	n/a	STATUS	n/a	n/a	D255
793.9800000000	n/a	n/a	STATUS	n/a	n/a	D210
794.0320000000	n/a	n/a	STATUS	n/a	n/a	D255
794.0680000000	n/a	n/a	STATUS	n/a	n/a	DI54
794.1160000000	n/a	n/a	STATUS	n/a	n/a	D255
794.3040000000	n/a	n/a	STATUS	n/a	n/a	DI34
794.3520000000	n/a	n/a	STATUS	n/a	n/a	D255
794.6080000000	n/a	n/a	STATUS	n/a	n/a	DIN5
794.6600000000	n/a	n/a	STATUS	n/a	n/a	D255
795.0920000000	n/a	n/a	STATUS	n/a	n/a	D227
795.1440000000	n/a	n/a	STATUS	n/a	n/a	D255
795.1800000000	n/a	n/a	STATUS	n/a	n/a	DI54
795.2320000000	n/a	n/a	STATUS	n/a	n/a	D255
795.4440000000	n/a	n/a	STATUS	n/a	n/a	DI34
795.4960000000	n/a	n/a	STATUS	n/a	n/a	D255
795.7520000000	n/a	n/a	STATUS	n/a	n/a	DIN5
795.8040000000	n/a	n/a	STATUS	n/a	n/a	D255
796.2600000000	n/a	n/a	STATUS	n/a	n/a	D252
796.3120000000	n/a	n/a	STATUS	n/a	n/a	D255
796.3480000000	n/a	n/a	STATUS	n/a	n/a	DI51
796.3960000000	n/a	n/a	STATUS	n/a	n/a	D255
796.6000000000	n/a	n/a	STATUS	n/a	n/a	DI21
796.6520000000	n/a	n/a	STATUS	n/a	n/a	DIN4
796.6520000000	n/a	n/a	STATUS	n/a	n/a	D255
796.7040000000	n/a	n/a	STATUS	n/a	n/a	D255
797.4560000000	n/a	n/a	STATUS	n/a	n/a	DIN5
797.5080000000	n/a	n/a	STATUS	n/a	n/a	D255
797.9120000000	n/a	n/a	STATUS	n/a	n/a	D114
797.9600000000	n/a	n/a	STATUS	n/a	n/a	D255
798.0000000000	n/a	n/a	STATUS	n/a	n/a	DI51
798.0480000000	n/a	n/a	STATUS	n/a	n/a	D255
798.2560000000	n/a	n/a	STATUS	n/a	n/a	DI21
798.3080000000	n/a	n/a	STATUS	n/a	n/a	D255
798.3120000000	n/a	n/a	STATUS	n/a	n/a	DIN4
798.3600000000	n/a	n/a	STATUS	n/a	n/a	D255
799.1160000000	n/a	n/a	STATUS	n/a	n/a	DIN5
799.1640000000	n/a	n/a	STATUS	n/a	n/a	D255
799.4760000000	n/a	n/a	STATUS	n/a	n/a	D168
799.5280000000	n/a	n/a	STATUS	n/a	n/a	D255
799.5640000000	n/a	n/a	STATUS	n/a	n/a	DI52
799.6160000000	n/a	n/a	STATUS	n/a	n/a	D255
799.8120000000	n/a	n/a	STATUS	n/a	n/a	DI12
799.8600000000	n/a	n/a	STATUS	n/a	n/a	D255
799.8640000000	n/a	n/a	STATUS	n/a	n/a	DIN4
799.9160000000	n/a	n/a	STATUS	n/a	n/a	D255
800.6680000000	n/a	n/a	STATUS	n/a	n/a	DIN5
800.7200000000	n/a	n/a	STATUS	n/a	n/a	D255
801.0640000000	n/a	n/a	STATUS	n/a	n/a	D195
801.1120000000	n/a	n/a	STATUS	n/a	n/a	D255
801.1480000000	n/a	n/a	STATUS	n/a	n/a	DI54
801.2000000000	n/a	n/a	STATUS	n/a	n/a	D255
801.4480000000	n/a	n/a	STATUS	n/a	n/a	DI34
801.5000000000	n/a	n/a	STATUS	n/a	n/a	D255
801.7560000000	n/a	n/a	STATUS	n/a	n/a	DIN5
801.8080000000	n/a	n/a	STATUS	n/a	n/a	D255
802.1240000000	n/a	n/a	STATUS	n/a	n/a	D238
802.1760000000	n/a	n/a	STATUS	n/a	n/a	D255
802.2120000000	n/a	n/a	STATUS	n/a	n/a	DI53
802.2640000000	n/a	n/a	STATUS	n/a	n/a	D255
802.5320000000	n/a	n/a	STATUS	n/a	n/a	DI43
802.5840000000	n/a	n/a	STATUS	n/a	n/a	D255
802.8400000000	n/a	n/a	STATUS	n/a	n/a	DIN5
802.8880000000	n/a	n/a	STATUS	n/a	n/a	D255
803.2520000000	n/a	n/a	STATUS	n/a	n/a	D146
803.3040000000	n/a	n/a	STATUS	n/a	n/a	D255
803.3400000000	n/a	n/a	STATUS	n/a	n/a	DI52
803.3920000000	n/a	n/a	STATUS	n/a	n/a	D255
803.6000000000	n/a	n/a	STATUS	n/a	n/a	DI12
803.6480000000	n/a	n/a	STATUS	n/a	n/a	D255
803.6520000000	n/a	n/a	STATUS	n/a	n/a	DIN4
803.7040000000	n/a	n/a	STATUS	n/a	n/a	D255
804.4560000000	n/a	n/a	STATUS	n/a	n/a	DIN5
804.5080000000	n/a	n/a	STATUS	n/a	n/a	D255
804.8480000000	n/a	n/a	STATUS	n/a	n/a	D175
804.9000000000	n/a	n/a	STATUS	n/a	n/a	D255
804.9360000000	n/a	n/a	STATUS	n/a	n/a	DI51
804.9880000000	n/a	n/a	STATUS	n/a	n/a	D255
805.2880000000	n/a	n/a	STATUS	n/a	n/a	DI31
805.3360000000	n/a	n/a	STATUS	n/a	n/a	D255
805.5960000000	n/a	n/a	STATUS	n/a	n/a	DIN5
805.6440000000	n/a	n/a	STATUS	n/a	n/a	D255
805.9880000000	n/a	n/a	STATUS	n/a	n/a	D149
806.0400000000	n/a	n/a	STATUS	n/a	n/a	D255
806.0760000000	n/a	n/a	STATUS	n/a	n/a	DI53
806.1240000000	n/a	n/a	STATUS	n/a	n/a	D255
806.3840000000	n/a	n/a	STATUS	n/a	n/a	DI43
806.4320000000	n/a	n/a	STATUS	n/a	n/a	D255
806.6880000000	n/a	n/a	STATUS	n/a	n/a	DIN5
806.7400000000	n/a	n/a	STATUS	n/a	n/a	D255
807.0680000000	n/a	n/a	STATUS	n/a	n/a	D125
807.1200000000	n/a	n/a	STATUS	n/a	n/a	D255
807.1560000000	n/a	n/a	STATUS	n/a	n/a	DI52
807.2040000000	n/a	n/a	STATUS	n/a	n/a	D255
807.4960000000	n/a	n/a	STATUS	n/a	n/a	DI42
807.5480000000	n/a	n/a	STATUS	n/a	n/a	D255
807.8040000000	n/a	n/a	STATUS	n/a	n/a	DIN5
807.8560000000	n/a	n/a	STATUS	n/a	n/a	D255
808.2840000000	n/a	n/a	STATUS	n/a	n/a	D226
808.3320000000	n/a	n/a	STATUS	n/a	n/a	D255
808.3680000000	n/a	n/a	STATUS	n/a	n/a	DI53
808.4200000000	n/a	n/a	STATUS	n/a	n/a	D255
808.6560000000	n/a	n/a	STATUS	n/a	n/a	DI43
808.7040000000	n/a	n/a	STATUS	n/a	n/a	D255
808.9600000000	n/a	n/a	STATUS	n/a	n/a	DIN5
809.0120000000	n/a	n/a	STATUS	n/a	n/a	D255
809.3320000000	n/a	n/a	STATUS	n/a	n/a	DI92
809.3800000000	n/a	n/a	STATUS	n/a	n/a	D255
809.4160000000	n/a	n/a	STATUS	n/a	n/a	DI52
809.4680000000	n/a	n/a	STATUS	n/a	n/a	D255
809.7600000000	n/a	n/a	STATUS	n/a	n/a	DI42
809.8080000000	n/a	n/a	STATUS	n/a	n/a	D255
810.0680000000	n/a	n/a	STATUS	n/a	n/a	DIN5
810.1160000000	n/a	n/a	STATUS	n/a	n/a	D255
810.4520000000	n/a	n/a	STATUS	n/a	n/a	D126
810.5000000000	n/a	n/a	STATUS	n/a	n/a	D255
810.5360000000	n/a	n/a	STATUS	n/a	n/a	DI53
810.5880000000	n/a	n/a	STATUS	n/a	n/a	D255
810.8280000000	n/a	n/a	STATUS	n/a	n/a	DI43
810.8760000000	n/a	n/a	STATUS	n/a	n/a	D255
811.1360000000	n/a	n/a	STATUS	n/a	n/a	DIN5
811.1840000000	n/a	n/a	STATUS	n/a	n/a	D255
811.6400000000	n/a	n/a	STATUS	n/a	n/a	DI78
811.6880000000	n/a	n/a	STATUS	n/a	n/a	D255
811.7240000000	n/a	n/a	STATUS	n/a	n/a	DI54
811.7760000000	n/a	n/a	STATUS	n/a	n/a	D255
811.9800000000	n/a	n/a	STATUS	n/a	n/a	DI34
812.0320000000	n/a	n/a	STATUS	n/a	n/a	D255
812.2880000000	n/a	n/a	STATUS	n/a	n/a	DIN5
812.3400000000	n/a	n/a	STATUS	n/a	n/a	D255
812.6680000000	n/a	n/a	STATUS	n/a	n/a	D113
812.7160000000	n/a	n/a	STATUS	n/a	n/a	D255
812.7520000000	n/a	n/a	STATUS	n/a	n/a	DI51
812.8040000000	n/a	n/a	STATUS	n/a	n/a	D255
813.0800000000	n/a	n/a	STATUS	n/a	n/a	DI31
813.1320000000	n/a	n/a	STATUS	n/a	n/a	D255
813.3880000000	n/a	n/a	STATUS	n/a	n/a	DIN5
813.4400000000	n/a	n/a	STATUS	n/a	n/a	D255
813.7920000000	n/a	n/a	STATUS	n/a	n/a	D229
813.8440000000	n/a	n/a	STATUS	n/a	n/a	D255
813.8800000000	n/a	n/a	STATUS	n/a	n/a	DI53
813.9280000000	n/a	n/a	STATUS	n/a	n/a	D255
814.2040000000	n/a	n/a	STATUS	n/a	n/a	DI43
814.2560000000	n/a	n/a	STATUS	n/a	n/a	D255
814.5120000000	n/a	n/a	STATUS	n/a	n/a	DIN5
814.5600000000	n/a	n/a	STATUS	n/a	n/a	D255
815.0200000000	n/a	n/a	STATUS	n/a	n/a	D133
815.0720000000	n/a	n/a	STATUS	n/a	n/a	D255
815.1080000000	n/a	n/a	STATUS	n/a	n/a	DI52
815.1560000000	n/a	n/a	STATUS	n/a	n/a	D255
815.4520000000	n/a	n/a	STATUS	n/a	n/a	DI42
815.5000000000	n/a	n/a	STATUS	n/a	n/a	D255
815.7560000000	n/a	n/a	STATUS	n/a	n/a	DIN5
815.8080000000	n/a	n/a	STATUS	n/a	n/a	D255
816.2520000000	n/a	n/a	STATUS	n/a	n/a	D223
816.3000000000	n/a	n/a	STATUS	n/a	n/a	D255
816.3400000000	n/a	n/a	STATUS	n/a	n/a	DI54
816.3880000000	n/a	n/a	STATUS	n/a	n/a	D255
816.6480000000	n/a	n/a	STATUS	n/a	n/a	DI34
816.7000000000	n/a	n/a	STATUS	n/a	n/a	D255
816.9560000000	n/a	n/a	STATUS	n/a	n/a	DIN5
817.0080000000	n/a	n/a	STATUS	n/a	n/a	D255
817.3760000000	n/a	n/a	STATUS	n/a	n/a	D171
817.4240000000	n/a	n/a	STATUS	n/a	n/a	D255
817.4600000000	n/a	n/a	STATUS	n/a	n/a	DI54
817.5120000000	n/a	n/a	STATUS	n/a	n/a	D255
817.7080000000	n/a	n/a	STATUS	n/a	n/a	DI34
817.7600000000	n/a	n/a	STATUS	n/a	n/a	D255
818.0160000000	n/a	n/a	STATUS	n/a	n/a	DIN5
818.0680000000	n/a	n/a	STATUS	n/a	n/a	D255
818.5480000000	n/a	n/a	STATUS	n/a	n/a	D140
818.6000000000	n/a	n/a	STATUS	n/a	n/a	D255
818.6360000000	n/a	n/a	STATUS	n/a	n/a	DI51
818.6880000000	n/a	n/a	STATUS	n/a	n/a	D255
818.9040000000	n/a	n/a	STATUS	n/a	n/a	DI31
818.9560000000	n/a	n/a	STATUS	n/a	n/a	D255
819.2120000000	n/a	n/a	STATUS	n/a	n/a	DIN5
819.2640000000	n/a	n/a	STATUS	n/a	n/a	D255
819.6600000000	n/a	n/a	STATUS	n/a	n/a	D196
819.7120000000	n/a	n/a	STATUS	n/a	n/a	D255
819.7480000000	n/a	n/a	STATUS	n/a	n/a	DI54
819.8000000000	n/a	n/a	STATUS	n/a	n/a	D255
820.0080000000	n/a	n/a	STATUS	n/a	n/a	DI34
820.0560000000	n/a	n/a	STATUS	n/a	n/a	D255
820.3160000000	n/a	n/a	STATUS	n/a	n/a	DIN5
820.3640000000	n/a	n/a	STATUS	n/a	n/a	D255
820.8360000000	n/a	n/a	STATUS	n/a	n/a	DI96
820.8880000000	n/a	n/a	STATUS	n/a	n/a	D255
820.9240000000	n/a	n/a	STATUS	n/a	n/a	DI53
820.9760000000	n/a	n/a	STATUS	n/a	n/a	D255
821.2000000000	n/a	n/a	STATUS	n/a	n/a	DI13
821.2480000000	n/a	n/a	STATUS	n/a	n/a	D255
821.2520000000	n/a	n/a	STATUS	n/a	n/a	DIN4
821.3040000000	n/a	n/a	STATUS	n/a	n/a	D255
822.0560000000	n/a	n/a	STATUS	n/a	n/a	DIN5
822.1040000000	n/a	n/a	STATUS	n/a	n/a	D197
822.1080000000	n/a	n/a	STATUS	n/a	n/a	D255
822.6040000000	n/a	n/a	STATUS	n/a	n/a	D214
822.6560000000	n/a	n/a	STATUS	n/a	n/a	D255
822.6920000000	n/a	n/a	STATUS	n/a	n/a	DI51
822.7400000000	n/a	n/a	STATUS	n/a	n/a	D255
823.0560000000	n/a	n/a	STATUS	n/a	n/a	DI31
823.1040000000	n/a	n/a	STATUS	n/a	n/a	D255
823.3600000000	n/a	n/a	STATUS	n/a	n/a	DIN5
823.4120000000	n/a	n/a	STATUS	n/a	n/a	D255
823.9080000000	n/a	n/a	STATUS	n/a	n/a	D198
823.9600000000	n/a	n/a	STATUS	n/a	n/a	D255
823.9960000000	n/a	n/a	STATUS	n/a	n/a	DI52
824.0480000000	n/a	n/a	STATUS	n/a	n/a	D255
824.4320000000	n/a	n/a	STATUS	n/a	n/a	DI42
824.4800000000	n/a	n/a	STATUS	n/a	n/a	D255
824.7400000000	n/a	n/a	STATUS	n/a	n/a	DIN5
824.7880000000	n/a	n/a	STATUS	n/a	n/a	D255
825.2760000000	n/a	n/a	STATUS	n/a	n/a	DI68
825.3280000000	n/a	n/a	STATUS	n/a	n/a	D255
825.3640000000	n/a	n/a	STATUS	n/a	n/a	DI52
825.4120000000	n/a	n/a	STATUS	n/a	n/a	D255
825.7360000000	n/a	n/a	STATUS	n/a	n/a	DI42
825.7880000000	n/a	n/a	STATUS	n/a	n/a	D255
826.0440000000	n/a	n/a	STATUS	n/a	n/a	DIN5
826.0960000000	n/a	n/a	STATUS	n/a	n/a	D255
826.4160000000	n/a	n/a	STATUS	n/a	n/a	D205
826.4680000000	n/a	n/a	STATUS	n/a	n/a	D255
826.5040000000	n/a	n/a	STATUS	n/a	n/a	DI54
826.5560000000	n/a	n/a	STATUS	n/a	n/a	D255
826.7720000000	n/a	n/a	STATUS	n/a	n/a	DI34
826.8200000000	n/a	n/a	STATUS	n/a	n/a	D255
827.0760000000	n/a	n/a	STATUS	n/a	n/a	DIN5
827.1280000000	n/a	n/a	STATUS	n/a	n/a	D255
827.4520000000	n/a	n/a	STATUS	n/a	n/a	D121
827.5000000000	n/a	n/a	STATUS	n/a	n/a	D255
827.5360000000	n/a	n/a	STATUS	n/a	n/a	DI54
827.5880000000	n/a	n/a	STATUS	n/a	n/a	D255
827.8000000000	n/a	n/a	STATUS	n/a	n/a	DI34
827.8480000000	n/a	n/a	STATUS	n/a	n/a	D255
828.1080000000	n/a	n/a	STATUS	n/a	n/a	DIN5
828.1560000000	n/a	n/a	STATUS	n/a	n/a	D255
828.5840000000	n/a	n/a	STATUS	n/a	n/a	D207
828.6360000000	n/a	n/a	STATUS	n/a	n/a	D255
828.6720000000	n/a	n/a	STATUS	n/a	n/a	DI52
828.7200000000	n/a	n/a	STATUS	n/a	n/a	D255
829.0720000000	n/a	n/a	STATUS	n/a	n/a	DI42
829.1240000000	n/a	n/a	STATUS	n/a	n/a	D255
829.3800000000	n/a	n/a	STATUS	n/a	n/a	DIN5
829.4320000000	n/a	n/a	STATUS	n/a	n/a	D255
829.8360000000	n/a	n/a	STATUS	n/a	n/a	D177
829.8840000000	n/a	n/a	STATUS	n/a	n/a	D255
829.9200000000	n/a	n/a	STATUS	n/a	n/a	DI51
829.9720000000	n/a	n/a	STATUS	n/a	n/a	D255
830.2520000000	n/a	n/a	STATUS	n/a	n/a	DI31
830.3040000000	n/a	n/a	STATUS	n/a	n/a	D255
830.5600000000	n/a	n/a	STATUS	n/a	n/a	DIN5
830.6120000000	n/a	n/a	STATUS	n/a	n/a	D255
830.9800000000	n/a	n/a	STATUS	n/a	n/a	D122
831.0280000000	n/a	n/a	STATUS	n/a	n/a	D255
831.0680000000	n/a	n/a	STATUS	n/a	n/a	DI52
831.1160000000	n/a	n/a	STATUS	n/a	n/a	D255
831.4040000000	n/a	n/a	STATUS	n/a	n/a	DI42
831.4560000000	n/a	n/a	STATUS	n/a	n/a	D255
831.7120000000	n/a	n/a	STATUS	n/a	n/a	DIN5
831.7640000000	n/a	n/a	STATUS	n/a	n/a	D255
832.1120000000	n/a	n/a	STATUS	n/a	n/a	DI65
832.1600000000	n/a	n/a	STATUS	n/a	n/a	D255
832.2000000000	n/a	n/a	STATUS	n/a	n/a	DI54
832.2480000000	n/a	n/a	STATUS	n/a	n/a	D255
832.4520000000	n/a	n/a	STATUS	n/a	n/a	DI34
832.5000000000	n/a	n/a	STATUS	n/a	n/a	D255
832.7560000000	n/a	n/a	STATUS	n/a	n/a	DIN5
832.8080000000	n/a	n/a	STATUS	n/a	n/a	D255
833.2160000000	n/a	n/a	STATUS	n/a	n/a	D159
833.2680000000	n/a	n/a	STATUS	n/a	n/a	D255
833.3040000000	n/a	n/a	STATUS	n/a	n/a	DI53
833.3520000000	n/a	n/a	STATUS	n/a	n/a	D255
833.5560000000	n/a	n/a	STATUS	n/a	n/a	DI43
833.6080000000	n/a	n/a	STATUS	n/a	n/a	D255
833.8640000000	n/a	n/a	STATUS	n/a	n/a	DIN5
833.9160000000	n/a	n/a	STATUS	n/a	n/a	D255
834.4080000000	n/a	n/a	STATUS	n/a	n/a	D218
834.4600000000	n/a	n/a	STATUS	n/a	n/a	D255
834.4960000000	n/a	n/a	STATUS	n/a	n/a	DI51
834.5440000000	n/a	n/a	STATUS	n/a	n/a	D255
834.7800000000	n/a	n/a	STATUS	n/a	n/a	DI21
834.8280000000	n/a	n/a	STATUS	n/a	n/a	D255
834.8320000000	n/a	n/a	STATUS	n/a	n/a	DIN4
834.8840000000	n/a	n/a	STATUS	n/a	n/a	D255
835.6360000000	n/a	n/a	STATUS	n/a	n/a	DIN5
835.6880000000	n/a	n/a	STATUS	n/a	n/a	D255
836.0400000000	n/a	n/a	STATUS	n/a	n/a	DI75
836.0920000000	n/a	n/a	STATUS	n/a	n/a	D255
836.1280000000	n/a	n/a	STATUS	n/a	n/a	DI52
836.1760000000	n/a	n/a	STATUS	n/a	n/a	D255
836.3960000000	n/a	n/a	STATUS	n/a	n/a	DI12
836.4480000000	n/a	n/a	STATUS	n/a	n/a	D255
836.4520000000	n/a	n/a	STATUS	n/a	n/a	DIN4
836.5000000000	n/a	n/a	STATUS	n/a	n/a	D255
837.2520000000	n/a	n/a	STATUS	n/a	n/a	DIN5
837.3040000000	n/a	n/a	STATUS	n/a	n/a	D255
837.7160000000	n/a	n/a	STATUS	n/a	n/a	DI69
837.7680000000	n/a	n/a	STATUS	n/a	n/a	D255
837.8040000000	n/a	n/a	STATUS	n/a	n/a	DI53
837.8560000000	n/a	n/a	STATUS	n/a	n/a	D255
838.1800000000	n/a	n/a	STATUS	n/a	n/a	DI43
838.2320000000	n/a	n/a	STATUS	n/a	n/a	D255
838.4880000000	n/a	n/a	STATUS	n/a	n/a	DIN5
838.5360000000	n/a	n/a	STATUS	n/a	n/a	D255
839.0120000000	n/a	n/a	STATUS	n/a	n/a	D202
839.0600000000	n/a	n/a	STATUS	n/a	n/a	D255
839.0960000000	n/a	n/a	STATUS	n/a	n/a	DI51
839.1480000000	n/a	n/a	STATUS	n/a	n/a	D255
839.4440000000	n/a	n/a	STATUS	n/a	n/a	DI31
839.4960000000	n/a	n/a	STATUS	n/a	n/a	D255
