onset	duration	sample	trial_type	response_time	stim_file	value
99.9560000000	n/a	n/a	STATUS	n/a	n/a	DIN5
100.0040000000	n/a	n/a	STATUS	n/a	n/a	D255
100.3640000000	n/a	n/a	STATUS	n/a	n/a	D109
100.4160000000	n/a	n/a	STATUS	n/a	n/a	D255
100.4520000000	n/a	n/a	STATUS	n/a	n/a	DI51
100.5040000000	n/a	n/a	STATUS	n/a	n/a	D255
100.8760000000	n/a	n/a	STATUS	n/a	n/a	DI31
100.9280000000	n/a	n/a	STATUS	n/a	n/a	D255
101.1880000000	n/a	n/a	STATUS	n/a	n/a	DIN5
101.2400000000	n/a	n/a	STATUS	n/a	n/a	D255
101.5680000000	n/a	n/a	STATUS	n/a	n/a	DI99
101.6200000000	n/a	n/a	STATUS	n/a	n/a	D255
101.6560000000	n/a	n/a	STATUS	n/a	n/a	DI53
101.7080000000	n/a	n/a	STATUS	n/a	n/a	D255
101.9640000000	n/a	n/a	STATUS	n/a	n/a	DI43
102.0160000000	n/a	n/a	STATUS	n/a	n/a	D255
102.2760000000	n/a	n/a	STATUS	n/a	n/a	DIN5
102.3240000000	n/a	n/a	STATUS	n/a	n/a	D255
102.7840000000	n/a	n/a	STATUS	n/a	n/a	D240
102.8360000000	n/a	n/a	STATUS	n/a	n/a	D255
102.8720000000	n/a	n/a	STATUS	n/a	n/a	DI52
102.9240000000	n/a	n/a	STATUS	n/a	n/a	D255
103.3160000000	n/a	n/a	STATUS	n/a	n/a	DI42
103.3680000000	n/a	n/a	STATUS	n/a	n/a	D255
103.6280000000	n/a	n/a	STATUS	n/a	n/a	DIN5
103.6760000000	n/a	n/a	STATUS	n/a	n/a	D255
104.0520000000	n/a	n/a	STATUS	n/a	n/a	DI88
104.1000000000	n/a	n/a	STATUS	n/a	n/a	D255
104.1400000000	n/a	n/a	STATUS	n/a	n/a	DI51
104.1880000000	n/a	n/a	STATUS	n/a	n/a	D255
104.4160000000	n/a	n/a	STATUS	n/a	n/a	DI21
104.4640000000	n/a	n/a	STATUS	n/a	n/a	D255
104.4680000000	n/a	n/a	STATUS	n/a	n/a	DIN4
104.5200000000	n/a	n/a	STATUS	n/a	n/a	D255
105.2760000000	n/a	n/a	STATUS	n/a	n/a	DIN5
105.3240000000	n/a	n/a	STATUS	n/a	n/a	D255
105.8280000000	n/a	n/a	STATUS	n/a	n/a	D200
105.8800000000	n/a	n/a	STATUS	n/a	n/a	D255
105.9160000000	n/a	n/a	STATUS	n/a	n/a	DI54
105.9680000000	n/a	n/a	STATUS	n/a	n/a	D255
106.2200000000	n/a	n/a	STATUS	n/a	n/a	DI34
106.2720000000	n/a	n/a	STATUS	n/a	n/a	D255
106.5320000000	n/a	n/a	STATUS	n/a	n/a	DIN5
106.5800000000	n/a	n/a	STATUS	n/a	n/a	D255
106.9080000000	n/a	n/a	STATUS	n/a	n/a	DI87
106.9600000000	n/a	n/a	STATUS	n/a	n/a	D255
106.9960000000	n/a	n/a	STATUS	n/a	n/a	DI53
107.0480000000	n/a	n/a	STATUS	n/a	n/a	D255
107.3000000000	n/a	n/a	STATUS	n/a	n/a	DI43
107.3480000000	n/a	n/a	STATUS	n/a	n/a	D255
107.6080000000	n/a	n/a	STATUS	n/a	n/a	DIN5
107.6600000000	n/a	n/a	STATUS	n/a	n/a	D255
108.1040000000	n/a	n/a	STATUS	n/a	n/a	D220
108.1520000000	n/a	n/a	STATUS	n/a	n/a	D255
108.1920000000	n/a	n/a	STATUS	n/a	n/a	DI51
108.2400000000	n/a	n/a	STATUS	n/a	n/a	D255
108.6840000000	n/a	n/a	STATUS	n/a	n/a	DI31
108.7320000000	n/a	n/a	STATUS	n/a	n/a	D255
108.9920000000	n/a	n/a	STATUS	n/a	n/a	DIN5
109.0400000000	n/a	n/a	STATUS	n/a	n/a	D255
109.3760000000	n/a	n/a	STATUS	n/a	n/a	DI92
109.4280000000	n/a	n/a	STATUS	n/a	n/a	D255
109.4640000000	n/a	n/a	STATUS	n/a	n/a	DI52
109.5160000000	n/a	n/a	STATUS	n/a	n/a	D255
109.9840000000	n/a	n/a	STATUS	n/a	n/a	DI42
110.0320000000	n/a	n/a	STATUS	n/a	n/a	D255
110.2920000000	n/a	n/a	STATUS	n/a	n/a	DIN5
110.3400000000	n/a	n/a	STATUS	n/a	n/a	D255
110.7960000000	n/a	n/a	STATUS	n/a	n/a	D111
110.8440000000	n/a	n/a	STATUS	n/a	n/a	D255
110.8840000000	n/a	n/a	STATUS	n/a	n/a	DI53
110.9320000000	n/a	n/a	STATUS	n/a	n/a	D255
111.1840000000	n/a	n/a	STATUS	n/a	n/a	DI43
111.2360000000	n/a	n/a	STATUS	n/a	n/a	D255
111.4920000000	n/a	n/a	STATUS	n/a	n/a	DIN5
111.5440000000	n/a	n/a	STATUS	n/a	n/a	D255
112.0200000000	n/a	n/a	STATUS	n/a	n/a	D252
112.0680000000	n/a	n/a	STATUS	n/a	n/a	D255
112.1080000000	n/a	n/a	STATUS	n/a	n/a	DI53
112.1560000000	n/a	n/a	STATUS	n/a	n/a	D255
112.3880000000	n/a	n/a	STATUS	n/a	n/a	DI43
112.4400000000	n/a	n/a	STATUS	n/a	n/a	D255
112.7000000000	n/a	n/a	STATUS	n/a	n/a	DIN5
112.7480000000	n/a	n/a	STATUS	n/a	n/a	D255
113.0760000000	n/a	n/a	STATUS	n/a	n/a	D190
113.1280000000	n/a	n/a	STATUS	n/a	n/a	D255
113.1640000000	n/a	n/a	STATUS	n/a	n/a	DI52
113.2160000000	n/a	n/a	STATUS	n/a	n/a	D255
113.6640000000	n/a	n/a	STATUS	n/a	n/a	DI42
113.7160000000	n/a	n/a	STATUS	n/a	n/a	D255
113.9720000000	n/a	n/a	STATUS	n/a	n/a	DIN5
114.0240000000	n/a	n/a	STATUS	n/a	n/a	D255
114.4440000000	n/a	n/a	STATUS	n/a	n/a	D254
114.4920000000	n/a	n/a	STATUS	n/a	n/a	D255
114.5280000000	n/a	n/a	STATUS	n/a	n/a	DI52
114.5800000000	n/a	n/a	STATUS	n/a	n/a	D255
114.9480000000	n/a	n/a	STATUS	n/a	n/a	DI42
115.0000000000	n/a	n/a	STATUS	n/a	n/a	D255
115.2600000000	n/a	n/a	STATUS	n/a	n/a	DIN5
115.3080000000	n/a	n/a	STATUS	n/a	n/a	D255
115.7280000000	n/a	n/a	STATUS	n/a	n/a	D239
115.7800000000	n/a	n/a	STATUS	n/a	n/a	D255
115.8160000000	n/a	n/a	STATUS	n/a	n/a	DI54
115.8680000000	n/a	n/a	STATUS	n/a	n/a	D255
116.1640000000	n/a	n/a	STATUS	n/a	n/a	DI34
116.2160000000	n/a	n/a	STATUS	n/a	n/a	D255
116.4720000000	n/a	n/a	STATUS	n/a	n/a	DIN5
116.5240000000	n/a	n/a	STATUS	n/a	n/a	D255
116.9840000000	n/a	n/a	STATUS	n/a	n/a	D141
117.0320000000	n/a	n/a	STATUS	n/a	n/a	D255
117.0720000000	n/a	n/a	STATUS	n/a	n/a	DI54
117.1200000000	n/a	n/a	STATUS	n/a	n/a	D255
117.4080000000	n/a	n/a	STATUS	n/a	n/a	DI34
117.4600000000	n/a	n/a	STATUS	n/a	n/a	D255
117.7200000000	n/a	n/a	STATUS	n/a	n/a	DIN5
117.7680000000	n/a	n/a	STATUS	n/a	n/a	D255
118.1440000000	n/a	n/a	STATUS	n/a	n/a	DI68
118.1920000000	n/a	n/a	STATUS	n/a	n/a	D255
118.2320000000	n/a	n/a	STATUS	n/a	n/a	DI54
118.2800000000	n/a	n/a	STATUS	n/a	n/a	D255
118.5560000000	n/a	n/a	STATUS	n/a	n/a	DI34
118.6040000000	n/a	n/a	STATUS	n/a	n/a	D255
118.8640000000	n/a	n/a	STATUS	n/a	n/a	DIN5
118.9160000000	n/a	n/a	STATUS	n/a	n/a	D255
119.3280000000	n/a	n/a	STATUS	n/a	n/a	DI75
119.3800000000	n/a	n/a	STATUS	n/a	n/a	D255
119.4160000000	n/a	n/a	STATUS	n/a	n/a	DI54
119.4640000000	n/a	n/a	STATUS	n/a	n/a	D255
119.7280000000	n/a	n/a	STATUS	n/a	n/a	DI34
119.7760000000	n/a	n/a	STATUS	n/a	n/a	D255
120.0360000000	n/a	n/a	STATUS	n/a	n/a	DIN5
120.0880000000	n/a	n/a	STATUS	n/a	n/a	D255
120.4160000000	n/a	n/a	STATUS	n/a	n/a	D120
120.4680000000	n/a	n/a	STATUS	n/a	n/a	D255
120.5040000000	n/a	n/a	STATUS	n/a	n/a	DI52
120.5560000000	n/a	n/a	STATUS	n/a	n/a	D255
120.8280000000	n/a	n/a	STATUS	n/a	n/a	DI12
120.8800000000	n/a	n/a	STATUS	n/a	n/a	D255
120.8840000000	n/a	n/a	STATUS	n/a	n/a	DIN4
120.9360000000	n/a	n/a	STATUS	n/a	n/a	D255
121.6880000000	n/a	n/a	STATUS	n/a	n/a	DIN5
121.7400000000	n/a	n/a	STATUS	n/a	n/a	D255
122.2440000000	n/a	n/a	STATUS	n/a	n/a	DI76
122.2960000000	n/a	n/a	STATUS	n/a	n/a	D255
122.3320000000	n/a	n/a	STATUS	n/a	n/a	DI54
122.3840000000	n/a	n/a	STATUS	n/a	n/a	D255
122.7240000000	n/a	n/a	STATUS	n/a	n/a	DI34
122.7760000000	n/a	n/a	STATUS	n/a	n/a	D255
123.0360000000	n/a	n/a	STATUS	n/a	n/a	DIN5
123.0840000000	n/a	n/a	STATUS	n/a	n/a	D255
123.5600000000	n/a	n/a	STATUS	n/a	n/a	D174
123.6080000000	n/a	n/a	STATUS	n/a	n/a	D255
123.6480000000	n/a	n/a	STATUS	n/a	n/a	DI54
123.6960000000	n/a	n/a	STATUS	n/a	n/a	D255
123.9400000000	n/a	n/a	STATUS	n/a	n/a	DI34
123.9920000000	n/a	n/a	STATUS	n/a	n/a	D255
124.2480000000	n/a	n/a	STATUS	n/a	n/a	DIN5
124.3000000000	n/a	n/a	STATUS	n/a	n/a	D255
124.6360000000	n/a	n/a	STATUS	n/a	n/a	D171
124.6840000000	n/a	n/a	STATUS	n/a	n/a	D255
124.7200000000	n/a	n/a	STATUS	n/a	n/a	DI51
124.7720000000	n/a	n/a	STATUS	n/a	n/a	D255
125.0640000000	n/a	n/a	STATUS	n/a	n/a	DI21
125.1160000000	n/a	n/a	STATUS	n/a	n/a	D255
125.1200000000	n/a	n/a	STATUS	n/a	n/a	DIN4
125.1720000000	n/a	n/a	STATUS	n/a	n/a	D255
125.9280000000	n/a	n/a	STATUS	n/a	n/a	DIN5
125.9760000000	n/a	n/a	STATUS	n/a	n/a	D255
126.3200000000	n/a	n/a	STATUS	n/a	n/a	D212
126.3720000000	n/a	n/a	STATUS	n/a	n/a	D255
126.4080000000	n/a	n/a	STATUS	n/a	n/a	DI52
126.4600000000	n/a	n/a	STATUS	n/a	n/a	D255
126.8920000000	n/a	n/a	STATUS	n/a	n/a	DI42
126.9440000000	n/a	n/a	STATUS	n/a	n/a	D255
127.2000000000	n/a	n/a	STATUS	n/a	n/a	DIN5
127.2520000000	n/a	n/a	STATUS	n/a	n/a	D255
127.7040000000	n/a	n/a	STATUS	n/a	n/a	D187
127.7560000000	n/a	n/a	STATUS	n/a	n/a	D255
127.7920000000	n/a	n/a	STATUS	n/a	n/a	DI53
127.8440000000	n/a	n/a	STATUS	n/a	n/a	D255
128.1000000000	n/a	n/a	STATUS	n/a	n/a	DI43
128.1520000000	n/a	n/a	STATUS	n/a	n/a	D255
128.4080000000	n/a	n/a	STATUS	n/a	n/a	DIN5
128.4600000000	n/a	n/a	STATUS	n/a	n/a	D255
128.8600000000	n/a	n/a	STATUS	n/a	n/a	D129
128.9080000000	n/a	n/a	STATUS	n/a	n/a	D255
128.9480000000	n/a	n/a	STATUS	n/a	n/a	DI52
128.9960000000	n/a	n/a	STATUS	n/a	n/a	D255
129.3880000000	n/a	n/a	STATUS	n/a	n/a	DI42
129.4360000000	n/a	n/a	STATUS	n/a	n/a	D255
129.6960000000	n/a	n/a	STATUS	n/a	n/a	DIN5
129.7480000000	n/a	n/a	STATUS	n/a	n/a	D255
130.1640000000	n/a	n/a	STATUS	n/a	n/a	D158
130.2160000000	n/a	n/a	STATUS	n/a	n/a	D255
130.2520000000	n/a	n/a	STATUS	n/a	n/a	DI54
130.3040000000	n/a	n/a	STATUS	n/a	n/a	D255
130.6720000000	n/a	n/a	STATUS	n/a	n/a	DI34
130.7240000000	n/a	n/a	STATUS	n/a	n/a	D255
130.9840000000	n/a	n/a	STATUS	n/a	n/a	DIN5
131.0320000000	n/a	n/a	STATUS	n/a	n/a	D255
131.4160000000	n/a	n/a	STATUS	n/a	n/a	D183
131.4680000000	n/a	n/a	STATUS	n/a	n/a	D255
131.5040000000	n/a	n/a	STATUS	n/a	n/a	DI52
131.5560000000	n/a	n/a	STATUS	n/a	n/a	D255
131.9720000000	n/a	n/a	STATUS	n/a	n/a	DI42
132.0240000000	n/a	n/a	STATUS	n/a	n/a	D255
132.2840000000	n/a	n/a	STATUS	n/a	n/a	DIN5
132.3320000000	n/a	n/a	STATUS	n/a	n/a	D255
132.7960000000	n/a	n/a	STATUS	n/a	n/a	D168
132.8480000000	n/a	n/a	STATUS	n/a	n/a	D255
132.8840000000	n/a	n/a	STATUS	n/a	n/a	DI52
132.9360000000	n/a	n/a	STATUS	n/a	n/a	D255
133.2880000000	n/a	n/a	STATUS	n/a	n/a	DI42
133.3360000000	n/a	n/a	STATUS	n/a	n/a	D255
133.5960000000	n/a	n/a	STATUS	n/a	n/a	DIN5
133.6480000000	n/a	n/a	STATUS	n/a	n/a	D255
134.1520000000	n/a	n/a	STATUS	n/a	n/a	D110
134.2040000000	n/a	n/a	STATUS	n/a	n/a	D255
134.2400000000	n/a	n/a	STATUS	n/a	n/a	DI54
134.2880000000	n/a	n/a	STATUS	n/a	n/a	D255
134.5760000000	n/a	n/a	STATUS	n/a	n/a	DI34
134.6240000000	n/a	n/a	STATUS	n/a	n/a	D255
134.8840000000	n/a	n/a	STATUS	n/a	n/a	DIN5
134.9360000000	n/a	n/a	STATUS	n/a	n/a	D255
135.2560000000	n/a	n/a	STATUS	n/a	n/a	DI77
135.3040000000	n/a	n/a	STATUS	n/a	n/a	D255
135.3440000000	n/a	n/a	STATUS	n/a	n/a	DI51
135.3920000000	n/a	n/a	STATUS	n/a	n/a	D255
135.8560000000	n/a	n/a	STATUS	n/a	n/a	DI31
135.9040000000	n/a	n/a	STATUS	n/a	n/a	D255
136.1640000000	n/a	n/a	STATUS	n/a	n/a	DIN5
136.2160000000	n/a	n/a	STATUS	n/a	n/a	D255
136.5800000000	n/a	n/a	STATUS	n/a	n/a	DI93
136.6280000000	n/a	n/a	STATUS	n/a	n/a	D255
136.6680000000	n/a	n/a	STATUS	n/a	n/a	DI53
136.7160000000	n/a	n/a	STATUS	n/a	n/a	D255
136.9600000000	n/a	n/a	STATUS	n/a	n/a	DI43
137.0120000000	n/a	n/a	STATUS	n/a	n/a	D255
137.2680000000	n/a	n/a	STATUS	n/a	n/a	DIN5
137.3200000000	n/a	n/a	STATUS	n/a	n/a	D255
137.6800000000	n/a	n/a	STATUS	n/a	n/a	D155
137.7280000000	n/a	n/a	STATUS	n/a	n/a	D255
137.7680000000	n/a	n/a	STATUS	n/a	n/a	DI52
137.8160000000	n/a	n/a	STATUS	n/a	n/a	D255
138.1920000000	n/a	n/a	STATUS	n/a	n/a	DI42
138.2440000000	n/a	n/a	STATUS	n/a	n/a	D255
138.5040000000	n/a	n/a	STATUS	n/a	n/a	DIN5
138.5520000000	n/a	n/a	STATUS	n/a	n/a	D255
138.9920000000	n/a	n/a	STATUS	n/a	n/a	D202
139.0440000000	n/a	n/a	STATUS	n/a	n/a	D255
139.0800000000	n/a	n/a	STATUS	n/a	n/a	DI54
139.1320000000	n/a	n/a	STATUS	n/a	n/a	D255
139.4240000000	n/a	n/a	STATUS	n/a	n/a	DI34
139.4720000000	n/a	n/a	STATUS	n/a	n/a	D255
139.7320000000	n/a	n/a	STATUS	n/a	n/a	DIN5
139.7840000000	n/a	n/a	STATUS	n/a	n/a	D255
140.2400000000	n/a	n/a	STATUS	n/a	n/a	D134
140.2920000000	n/a	n/a	STATUS	n/a	n/a	D255
140.3280000000	n/a	n/a	STATUS	n/a	n/a	DI52
140.3800000000	n/a	n/a	STATUS	n/a	n/a	D255
140.7080000000	n/a	n/a	STATUS	n/a	n/a	DI42
140.7600000000	n/a	n/a	STATUS	n/a	n/a	D255
141.0160000000	n/a	n/a	STATUS	n/a	n/a	DIN5
141.0680000000	n/a	n/a	STATUS	n/a	n/a	D255
141.4680000000	n/a	n/a	STATUS	n/a	n/a	D154
141.5200000000	n/a	n/a	STATUS	n/a	n/a	D255
141.5560000000	n/a	n/a	STATUS	n/a	n/a	DI53
141.6040000000	n/a	n/a	STATUS	n/a	n/a	D255
141.8720000000	n/a	n/a	STATUS	n/a	n/a	DI43
141.9240000000	n/a	n/a	STATUS	n/a	n/a	D255
142.1840000000	n/a	n/a	STATUS	n/a	n/a	DIN5
142.2320000000	n/a	n/a	STATUS	n/a	n/a	D255
142.6520000000	n/a	n/a	STATUS	n/a	n/a	DI71
142.7040000000	n/a	n/a	STATUS	n/a	n/a	D255
142.7400000000	n/a	n/a	STATUS	n/a	n/a	DI52
142.7880000000	n/a	n/a	STATUS	n/a	n/a	D255
143.1520000000	n/a	n/a	STATUS	n/a	n/a	DI42
143.2040000000	n/a	n/a	STATUS	n/a	n/a	D255
143.4600000000	n/a	n/a	STATUS	n/a	n/a	DIN5
143.5120000000	n/a	n/a	STATUS	n/a	n/a	D255
143.8160000000	n/a	n/a	STATUS	n/a	n/a	D178
143.8680000000	n/a	n/a	STATUS	n/a	n/a	D255
143.9040000000	n/a	n/a	STATUS	n/a	n/a	DI51
143.9560000000	n/a	n/a	STATUS	n/a	n/a	D255
144.4200000000	n/a	n/a	STATUS	n/a	n/a	DI31
144.4680000000	n/a	n/a	STATUS	n/a	n/a	D255
144.7280000000	n/a	n/a	STATUS	n/a	n/a	DIN5
144.7760000000	n/a	n/a	STATUS	n/a	n/a	D255
145.1760000000	n/a	n/a	STATUS	n/a	n/a	DI95
145.2280000000	n/a	n/a	STATUS	n/a	n/a	D255
145.2640000000	n/a	n/a	STATUS	n/a	n/a	DI51
145.3160000000	n/a	n/a	STATUS	n/a	n/a	D255
145.6960000000	n/a	n/a	STATUS	n/a	n/a	DI31
145.7480000000	n/a	n/a	STATUS	n/a	n/a	D255
146.0080000000	n/a	n/a	STATUS	n/a	n/a	DIN5
146.0560000000	n/a	n/a	STATUS	n/a	n/a	D255
146.5120000000	n/a	n/a	STATUS	n/a	n/a	D136
146.5600000000	n/a	n/a	STATUS	n/a	n/a	D255
146.5960000000	n/a	n/a	STATUS	n/a	n/a	DI53
146.6480000000	n/a	n/a	STATUS	n/a	n/a	D255
146.8880000000	n/a	n/a	STATUS	n/a	n/a	DI43
146.9360000000	n/a	n/a	STATUS	n/a	n/a	D255
147.1960000000	n/a	n/a	STATUS	n/a	n/a	DIN5
147.2480000000	n/a	n/a	STATUS	n/a	n/a	D255
147.5880000000	n/a	n/a	STATUS	n/a	n/a	D160
147.6360000000	n/a	n/a	STATUS	n/a	n/a	D255
147.6760000000	n/a	n/a	STATUS	n/a	n/a	DI54
147.7240000000	n/a	n/a	STATUS	n/a	n/a	D255
148.0520000000	n/a	n/a	STATUS	n/a	n/a	DI34
148.1000000000	n/a	n/a	STATUS	n/a	n/a	D255
148.3600000000	n/a	n/a	STATUS	n/a	n/a	DIN5
148.4120000000	n/a	n/a	STATUS	n/a	n/a	D255
148.7280000000	n/a	n/a	STATUS	n/a	n/a	D231
148.7760000000	n/a	n/a	STATUS	n/a	n/a	D255
148.8160000000	n/a	n/a	STATUS	n/a	n/a	DI53
148.8640000000	n/a	n/a	STATUS	n/a	n/a	D255
149.1400000000	n/a	n/a	STATUS	n/a	n/a	DI43
149.1880000000	n/a	n/a	STATUS	n/a	n/a	D255
149.4480000000	n/a	n/a	STATUS	n/a	n/a	DIN5
149.4960000000	n/a	n/a	STATUS	n/a	n/a	D255
149.9360000000	n/a	n/a	STATUS	n/a	n/a	D150
149.9880000000	n/a	n/a	STATUS	n/a	n/a	D255
150.0240000000	n/a	n/a	STATUS	n/a	n/a	DI52
150.0760000000	n/a	n/a	STATUS	n/a	n/a	D255
150.4520000000	n/a	n/a	STATUS	n/a	n/a	DI42
150.5040000000	n/a	n/a	STATUS	n/a	n/a	D255
150.7600000000	n/a	n/a	STATUS	n/a	n/a	DIN5
150.8120000000	n/a	n/a	STATUS	n/a	n/a	D255
151.2080000000	n/a	n/a	STATUS	n/a	n/a	D243
151.2560000000	n/a	n/a	STATUS	n/a	n/a	D255
151.2920000000	n/a	n/a	STATUS	n/a	n/a	DI52
151.3440000000	n/a	n/a	STATUS	n/a	n/a	D255
151.7000000000	n/a	n/a	STATUS	n/a	n/a	DI42
151.7480000000	n/a	n/a	STATUS	n/a	n/a	D255
152.0080000000	n/a	n/a	STATUS	n/a	n/a	DIN5
152.0600000000	n/a	n/a	STATUS	n/a	n/a	D255
152.5320000000	n/a	n/a	STATUS	n/a	n/a	D152
152.5840000000	n/a	n/a	STATUS	n/a	n/a	D255
152.6200000000	n/a	n/a	STATUS	n/a	n/a	DI51
152.6720000000	n/a	n/a	STATUS	n/a	n/a	D255
153.0680000000	n/a	n/a	STATUS	n/a	n/a	DI31
153.1200000000	n/a	n/a	STATUS	n/a	n/a	D255
153.3800000000	n/a	n/a	STATUS	n/a	n/a	DIN5
153.4280000000	n/a	n/a	STATUS	n/a	n/a	D255
153.8480000000	n/a	n/a	STATUS	n/a	n/a	DI70
153.9000000000	n/a	n/a	STATUS	n/a	n/a	D255
153.9360000000	n/a	n/a	STATUS	n/a	n/a	DI54
153.9880000000	n/a	n/a	STATUS	n/a	n/a	D255
154.2880000000	n/a	n/a	STATUS	n/a	n/a	DI34
154.3400000000	n/a	n/a	STATUS	n/a	n/a	D255
154.6000000000	n/a	n/a	STATUS	n/a	n/a	DIN5
154.6480000000	n/a	n/a	STATUS	n/a	n/a	D255
154.9920000000	n/a	n/a	STATUS	n/a	n/a	DI78
155.0440000000	n/a	n/a	STATUS	n/a	n/a	D255
155.0800000000	n/a	n/a	STATUS	n/a	n/a	DI53
155.1320000000	n/a	n/a	STATUS	n/a	n/a	D255
155.3840000000	n/a	n/a	STATUS	n/a	n/a	DI43
155.4320000000	n/a	n/a	STATUS	n/a	n/a	D255
155.6920000000	n/a	n/a	STATUS	n/a	n/a	DIN5
155.7440000000	n/a	n/a	STATUS	n/a	n/a	D255
156.2320000000	n/a	n/a	STATUS	n/a	n/a	D137
156.2840000000	n/a	n/a	STATUS	n/a	n/a	D255
156.3200000000	n/a	n/a	STATUS	n/a	n/a	DI53
156.3680000000	n/a	n/a	STATUS	n/a	n/a	D255
156.6280000000	n/a	n/a	STATUS	n/a	n/a	DI43
156.6760000000	n/a	n/a	STATUS	n/a	n/a	D255
156.9360000000	n/a	n/a	STATUS	n/a	n/a	DIN5
156.9880000000	n/a	n/a	STATUS	n/a	n/a	D255
157.3240000000	n/a	n/a	STATUS	n/a	n/a	DI89
157.3760000000	n/a	n/a	STATUS	n/a	n/a	D255
157.4120000000	n/a	n/a	STATUS	n/a	n/a	DI51
157.4640000000	n/a	n/a	STATUS	n/a	n/a	D255
157.6880000000	n/a	n/a	STATUS	n/a	n/a	DI21
157.7400000000	n/a	n/a	STATUS	n/a	n/a	D255
157.7440000000	n/a	n/a	STATUS	n/a	n/a	DIN4
157.7960000000	n/a	n/a	STATUS	n/a	n/a	D255
158.5480000000	n/a	n/a	STATUS	n/a	n/a	DIN5
158.6000000000	n/a	n/a	STATUS	n/a	n/a	D255
158.9200000000	n/a	n/a	STATUS	n/a	n/a	D201
158.9680000000	n/a	n/a	STATUS	n/a	n/a	D255
159.0080000000	n/a	n/a	STATUS	n/a	n/a	DI51
159.0560000000	n/a	n/a	STATUS	n/a	n/a	D255
159.6120000000	n/a	n/a	STATUS	n/a	n/a	DI31
159.6640000000	n/a	n/a	STATUS	n/a	n/a	D255
159.9200000000	n/a	n/a	STATUS	n/a	n/a	DIN5
159.9720000000	n/a	n/a	STATUS	n/a	n/a	D255
160.2760000000	n/a	n/a	STATUS	n/a	n/a	D241
160.3240000000	n/a	n/a	STATUS	n/a	n/a	D255
160.3640000000	n/a	n/a	STATUS	n/a	n/a	DI51
160.4160000000	n/a	n/a	STATUS	n/a	n/a	D255
160.6760000000	n/a	n/a	STATUS	n/a	n/a	DI21
160.7280000000	n/a	n/a	STATUS	n/a	n/a	D255
160.7320000000	n/a	n/a	STATUS	n/a	n/a	DIN4
160.7800000000	n/a	n/a	STATUS	n/a	n/a	D255
161.5360000000	n/a	n/a	STATUS	n/a	n/a	DIN5
161.5880000000	n/a	n/a	STATUS	n/a	n/a	D255
161.9160000000	n/a	n/a	STATUS	n/a	n/a	D250
161.9680000000	n/a	n/a	STATUS	n/a	n/a	D255
162.0040000000	n/a	n/a	STATUS	n/a	n/a	DI53
162.0520000000	n/a	n/a	STATUS	n/a	n/a	D255
162.3440000000	n/a	n/a	STATUS	n/a	n/a	DI43
162.3960000000	n/a	n/a	STATUS	n/a	n/a	D255
162.6520000000	n/a	n/a	STATUS	n/a	n/a	DIN5
162.7040000000	n/a	n/a	STATUS	n/a	n/a	D255
163.1400000000	n/a	n/a	STATUS	n/a	n/a	D140
163.1880000000	n/a	n/a	STATUS	n/a	n/a	D255
163.2240000000	n/a	n/a	STATUS	n/a	n/a	DI54
163.2760000000	n/a	n/a	STATUS	n/a	n/a	D255
163.5840000000	n/a	n/a	STATUS	n/a	n/a	DI34
163.6360000000	n/a	n/a	STATUS	n/a	n/a	D255
163.8960000000	n/a	n/a	STATUS	n/a	n/a	DIN5
163.9440000000	n/a	n/a	STATUS	n/a	n/a	D255
164.3760000000	n/a	n/a	STATUS	n/a	n/a	D124
164.4240000000	n/a	n/a	STATUS	n/a	n/a	D255
164.4640000000	n/a	n/a	STATUS	n/a	n/a	DI52
164.5120000000	n/a	n/a	STATUS	n/a	n/a	D255
164.8880000000	n/a	n/a	STATUS	n/a	n/a	DI42
164.9360000000	n/a	n/a	STATUS	n/a	n/a	D255
165.1960000000	n/a	n/a	STATUS	n/a	n/a	DIN5
165.2480000000	n/a	n/a	STATUS	n/a	n/a	D255
165.7280000000	n/a	n/a	STATUS	n/a	n/a	D138
165.7760000000	n/a	n/a	STATUS	n/a	n/a	D255
165.8160000000	n/a	n/a	STATUS	n/a	n/a	DI54
165.8640000000	n/a	n/a	STATUS	n/a	n/a	D255
166.1800000000	n/a	n/a	STATUS	n/a	n/a	DI34
166.2280000000	n/a	n/a	STATUS	n/a	n/a	D255
166.4880000000	n/a	n/a	STATUS	n/a	n/a	DIN5
166.5400000000	n/a	n/a	STATUS	n/a	n/a	D255
166.8480000000	n/a	n/a	STATUS	n/a	n/a	D204
166.9000000000	n/a	n/a	STATUS	n/a	n/a	D255
166.9360000000	n/a	n/a	STATUS	n/a	n/a	DI52
166.9880000000	n/a	n/a	STATUS	n/a	n/a	D255
167.3360000000	n/a	n/a	STATUS	n/a	n/a	DI42
167.3880000000	n/a	n/a	STATUS	n/a	n/a	D255
167.6480000000	n/a	n/a	STATUS	n/a	n/a	DIN5
167.6960000000	n/a	n/a	STATUS	n/a	n/a	D255
168.1400000000	n/a	n/a	STATUS	n/a	n/a	D153
168.1920000000	n/a	n/a	STATUS	n/a	n/a	D255
168.2280000000	n/a	n/a	STATUS	n/a	n/a	DI52
168.2800000000	n/a	n/a	STATUS	n/a	n/a	D255
168.6560000000	n/a	n/a	STATUS	n/a	n/a	DI42
168.7040000000	n/a	n/a	STATUS	n/a	n/a	D255
168.9640000000	n/a	n/a	STATUS	n/a	n/a	DIN5
169.0160000000	n/a	n/a	STATUS	n/a	n/a	D255
169.4360000000	n/a	n/a	STATUS	n/a	n/a	DI84
169.4840000000	n/a	n/a	STATUS	n/a	n/a	D255
169.5240000000	n/a	n/a	STATUS	n/a	n/a	DI53
169.5720000000	n/a	n/a	STATUS	n/a	n/a	D255
169.8400000000	n/a	n/a	STATUS	n/a	n/a	DI43
169.8920000000	n/a	n/a	STATUS	n/a	n/a	D255
170.1520000000	n/a	n/a	STATUS	n/a	n/a	DIN5
170.2000000000	n/a	n/a	STATUS	n/a	n/a	D255
170.5840000000	n/a	n/a	STATUS	n/a	n/a	D167
170.6360000000	n/a	n/a	STATUS	n/a	n/a	D255
170.6720000000	n/a	n/a	STATUS	n/a	n/a	DI53
170.7240000000	n/a	n/a	STATUS	n/a	n/a	D255
171.0400000000	n/a	n/a	STATUS	n/a	n/a	DI43
171.0920000000	n/a	n/a	STATUS	n/a	n/a	D255
171.3520000000	n/a	n/a	STATUS	n/a	n/a	DIN5
171.4000000000	n/a	n/a	STATUS	n/a	n/a	D255
171.7080000000	n/a	n/a	STATUS	n/a	n/a	D172
171.7600000000	n/a	n/a	STATUS	n/a	n/a	D255
171.7960000000	n/a	n/a	STATUS	n/a	n/a	DI54
171.8480000000	n/a	n/a	STATUS	n/a	n/a	D255
172.1880000000	n/a	n/a	STATUS	n/a	n/a	DI34
172.2400000000	n/a	n/a	STATUS	n/a	n/a	D255
172.4960000000	n/a	n/a	STATUS	n/a	n/a	DIN5
172.5480000000	n/a	n/a	STATUS	n/a	n/a	D255
172.9120000000	n/a	n/a	STATUS	n/a	n/a	D191
172.9640000000	n/a	n/a	STATUS	n/a	n/a	D255
173.0000000000	n/a	n/a	STATUS	n/a	n/a	DI54
173.0480000000	n/a	n/a	STATUS	n/a	n/a	D255
173.3320000000	n/a	n/a	STATUS	n/a	n/a	DI34
173.3840000000	n/a	n/a	STATUS	n/a	n/a	D255
173.6400000000	n/a	n/a	STATUS	n/a	n/a	DIN5
173.6920000000	n/a	n/a	STATUS	n/a	n/a	D255
174.1920000000	n/a	n/a	STATUS	n/a	n/a	D232
174.2400000000	n/a	n/a	STATUS	n/a	n/a	D255
174.2800000000	n/a	n/a	STATUS	n/a	n/a	DI52
174.3280000000	n/a	n/a	STATUS	n/a	n/a	D255
174.7120000000	n/a	n/a	STATUS	n/a	n/a	DI42
174.7600000000	n/a	n/a	STATUS	n/a	n/a	D255
175.0200000000	n/a	n/a	STATUS	n/a	n/a	DIN5
175.0720000000	n/a	n/a	STATUS	n/a	n/a	D255
175.3840000000	n/a	n/a	STATUS	n/a	n/a	D179
175.4360000000	n/a	n/a	STATUS	n/a	n/a	D255
175.4720000000	n/a	n/a	STATUS	n/a	n/a	DI52
175.5240000000	n/a	n/a	STATUS	n/a	n/a	D255
175.8800000000	n/a	n/a	STATUS	n/a	n/a	DI42
175.9280000000	n/a	n/a	STATUS	n/a	n/a	D255
176.1880000000	n/a	n/a	STATUS	n/a	n/a	DIN5
176.2360000000	n/a	n/a	STATUS	n/a	n/a	D197
176.2400000000	n/a	n/a	STATUS	n/a	n/a	D255
176.6280000000	n/a	n/a	STATUS	n/a	n/a	DI85
176.6760000000	n/a	n/a	STATUS	n/a	n/a	D255
176.7160000000	n/a	n/a	STATUS	n/a	n/a	DI54
176.7640000000	n/a	n/a	STATUS	n/a	n/a	D255
177.0600000000	n/a	n/a	STATUS	n/a	n/a	DI34
177.1120000000	n/a	n/a	STATUS	n/a	n/a	D255
177.3680000000	n/a	n/a	STATUS	n/a	n/a	DIN5
177.4200000000	n/a	n/a	STATUS	n/a	n/a	D255
177.7880000000	n/a	n/a	STATUS	n/a	n/a	D165
177.8400000000	n/a	n/a	STATUS	n/a	n/a	D255
177.8760000000	n/a	n/a	STATUS	n/a	n/a	DI51
177.9280000000	n/a	n/a	STATUS	n/a	n/a	D255
178.3720000000	n/a	n/a	STATUS	n/a	n/a	DI31
178.4200000000	n/a	n/a	STATUS	n/a	n/a	D255
178.6800000000	n/a	n/a	STATUS	n/a	n/a	DIN5
178.7320000000	n/a	n/a	STATUS	n/a	n/a	D255
179.0320000000	n/a	n/a	STATUS	n/a	n/a	D100
179.0840000000	n/a	n/a	STATUS	n/a	n/a	D255
179.1200000000	n/a	n/a	STATUS	n/a	n/a	DI54
179.1720000000	n/a	n/a	STATUS	n/a	n/a	D255
179.4600000000	n/a	n/a	STATUS	n/a	n/a	DI34
179.5120000000	n/a	n/a	STATUS	n/a	n/a	D255
179.7680000000	n/a	n/a	STATUS	n/a	n/a	DIN5
179.8200000000	n/a	n/a	STATUS	n/a	n/a	D255
180.2280000000	n/a	n/a	STATUS	n/a	n/a	DI65
180.2800000000	n/a	n/a	STATUS	n/a	n/a	D255
180.3160000000	n/a	n/a	STATUS	n/a	n/a	DI54
180.3680000000	n/a	n/a	STATUS	n/a	n/a	D255
180.6520000000	n/a	n/a	STATUS	n/a	n/a	DI34
180.7040000000	n/a	n/a	STATUS	n/a	n/a	D255
180.9640000000	n/a	n/a	STATUS	n/a	n/a	DIN5
181.0120000000	n/a	n/a	STATUS	n/a	n/a	D255
181.4120000000	n/a	n/a	STATUS	n/a	n/a	D215
181.4640000000	n/a	n/a	STATUS	n/a	n/a	D255
181.5000000000	n/a	n/a	STATUS	n/a	n/a	DI51
181.5520000000	n/a	n/a	STATUS	n/a	n/a	D255
182.2000000000	n/a	n/a	STATUS	n/a	n/a	DI31
182.2520000000	n/a	n/a	STATUS	n/a	n/a	D255
182.5120000000	n/a	n/a	STATUS	n/a	n/a	DIN5
182.5600000000	n/a	n/a	STATUS	n/a	n/a	D255
182.9320000000	n/a	n/a	STATUS	n/a	n/a	D169
182.9800000000	n/a	n/a	STATUS	n/a	n/a	D255
183.0200000000	n/a	n/a	STATUS	n/a	n/a	DI53
183.0680000000	n/a	n/a	STATUS	n/a	n/a	D255
183.3560000000	n/a	n/a	STATUS	n/a	n/a	DI43
183.4040000000	n/a	n/a	STATUS	n/a	n/a	D255
183.6640000000	n/a	n/a	STATUS	n/a	n/a	DIN5
183.7160000000	n/a	n/a	STATUS	n/a	n/a	D255
184.1600000000	n/a	n/a	STATUS	n/a	n/a	DI74
184.2080000000	n/a	n/a	STATUS	n/a	n/a	D255
184.2480000000	n/a	n/a	STATUS	n/a	n/a	DI53
184.2960000000	n/a	n/a	STATUS	n/a	n/a	D255
184.5640000000	n/a	n/a	STATUS	n/a	n/a	DI43
184.6120000000	n/a	n/a	STATUS	n/a	n/a	D255
184.8720000000	n/a	n/a	STATUS	n/a	n/a	DIN5
184.9240000000	n/a	n/a	STATUS	n/a	n/a	D255
185.3320000000	n/a	n/a	STATUS	n/a	n/a	D170
185.3840000000	n/a	n/a	STATUS	n/a	n/a	D255
185.4200000000	n/a	n/a	STATUS	n/a	n/a	DI51
185.4720000000	n/a	n/a	STATUS	n/a	n/a	D255
185.9840000000	n/a	n/a	STATUS	n/a	n/a	DI31
186.0320000000	n/a	n/a	STATUS	n/a	n/a	D255
186.2920000000	n/a	n/a	STATUS	n/a	n/a	DIN5
186.3440000000	n/a	n/a	STATUS	n/a	n/a	D255
186.6920000000	n/a	n/a	STATUS	n/a	n/a	D161
186.7440000000	n/a	n/a	STATUS	n/a	n/a	D255
186.7800000000	n/a	n/a	STATUS	n/a	n/a	DI53
186.8320000000	n/a	n/a	STATUS	n/a	n/a	D255
187.1520000000	n/a	n/a	STATUS	n/a	n/a	DI43
187.2000000000	n/a	n/a	STATUS	n/a	n/a	D255
187.4600000000	n/a	n/a	STATUS	n/a	n/a	DIN5
187.5120000000	n/a	n/a	STATUS	n/a	n/a	D255
187.9760000000	n/a	n/a	STATUS	n/a	n/a	D207
188.0240000000	n/a	n/a	STATUS	n/a	n/a	D255
188.0640000000	n/a	n/a	STATUS	n/a	n/a	DI51
188.1120000000	n/a	n/a	STATUS	n/a	n/a	D255
188.5080000000	n/a	n/a	STATUS	n/a	n/a	DI31
188.5600000000	n/a	n/a	STATUS	n/a	n/a	D255
188.8200000000	n/a	n/a	STATUS	n/a	n/a	DIN5
188.8680000000	n/a	n/a	STATUS	n/a	n/a	D255
189.1880000000	n/a	n/a	STATUS	n/a	n/a	D196
189.2400000000	n/a	n/a	STATUS	n/a	n/a	D255
189.2400000000	n/a	n/a	STATUS	n/a	n/a	D197
189.2760000000	n/a	n/a	STATUS	n/a	n/a	DI51
189.3280000000	n/a	n/a	STATUS	n/a	n/a	D255
189.5280000000	n/a	n/a	STATUS	n/a	n/a	DI21
189.5800000000	n/a	n/a	STATUS	n/a	n/a	D255
189.5840000000	n/a	n/a	STATUS	n/a	n/a	DIN4
189.6320000000	n/a	n/a	STATUS	n/a	n/a	D255
190.3880000000	n/a	n/a	STATUS	n/a	n/a	DIN5
190.4400000000	n/a	n/a	STATUS	n/a	n/a	D255
190.9400000000	n/a	n/a	STATUS	n/a	n/a	D133
190.9880000000	n/a	n/a	STATUS	n/a	n/a	D255
191.0280000000	n/a	n/a	STATUS	n/a	n/a	DI53
191.0760000000	n/a	n/a	STATUS	n/a	n/a	D255
191.4000000000	n/a	n/a	STATUS	n/a	n/a	DI43
191.4480000000	n/a	n/a	STATUS	n/a	n/a	D255
191.7080000000	n/a	n/a	STATUS	n/a	n/a	DIN5
191.7600000000	n/a	n/a	STATUS	n/a	n/a	D255
192.0680000000	n/a	n/a	STATUS	n/a	n/a	D208
192.1200000000	n/a	n/a	STATUS	n/a	n/a	D255
192.1560000000	n/a	n/a	STATUS	n/a	n/a	DI52
192.2080000000	n/a	n/a	STATUS	n/a	n/a	D255
192.5920000000	n/a	n/a	STATUS	n/a	n/a	DI42
192.6440000000	n/a	n/a	STATUS	n/a	n/a	D255
192.9040000000	n/a	n/a	STATUS	n/a	n/a	DIN5
192.9520000000	n/a	n/a	STATUS	n/a	n/a	D255
193.4040000000	n/a	n/a	STATUS	n/a	n/a	DI94
193.4520000000	n/a	n/a	STATUS	n/a	n/a	D255
193.4880000000	n/a	n/a	STATUS	n/a	n/a	DI51
193.5400000000	n/a	n/a	STATUS	n/a	n/a	D255
193.9800000000	n/a	n/a	STATUS	n/a	n/a	DI31
194.0320000000	n/a	n/a	STATUS	n/a	n/a	D255
194.2920000000	n/a	n/a	STATUS	n/a	n/a	DIN5
194.3400000000	n/a	n/a	STATUS	n/a	n/a	D255
194.8040000000	n/a	n/a	STATUS	n/a	n/a	D159
194.8560000000	n/a	n/a	STATUS	n/a	n/a	D255
194.8920000000	n/a	n/a	STATUS	n/a	n/a	DI51
194.9440000000	n/a	n/a	STATUS	n/a	n/a	D255
195.3200000000	n/a	n/a	STATUS	n/a	n/a	DI31
195.3720000000	n/a	n/a	STATUS	n/a	n/a	D255
195.6320000000	n/a	n/a	STATUS	n/a	n/a	DIN5
195.6800000000	n/a	n/a	STATUS	n/a	n/a	D255
196.0920000000	n/a	n/a	STATUS	n/a	n/a	D163
196.1400000000	n/a	n/a	STATUS	n/a	n/a	D255
196.1800000000	n/a	n/a	STATUS	n/a	n/a	DI52
196.2280000000	n/a	n/a	STATUS	n/a	n/a	D255
196.6640000000	n/a	n/a	STATUS	n/a	n/a	DI42
196.7120000000	n/a	n/a	STATUS	n/a	n/a	D255
196.9720000000	n/a	n/a	STATUS	n/a	n/a	DIN5
197.0200000000	n/a	n/a	STATUS	n/a	n/a	D255
197.5120000000	n/a	n/a	STATUS	n/a	n/a	D248
197.5640000000	n/a	n/a	STATUS	n/a	n/a	D255
197.6000000000	n/a	n/a	STATUS	n/a	n/a	DI54
197.6520000000	n/a	n/a	STATUS	n/a	n/a	D255
197.9480000000	n/a	n/a	STATUS	n/a	n/a	DI34
198.0000000000	n/a	n/a	STATUS	n/a	n/a	D255
198.2560000000	n/a	n/a	STATUS	n/a	n/a	DIN5
198.3080000000	n/a	n/a	STATUS	n/a	n/a	D255
198.6760000000	n/a	n/a	STATUS	n/a	n/a	D247
198.7280000000	n/a	n/a	STATUS	n/a	n/a	D255
198.7640000000	n/a	n/a	STATUS	n/a	n/a	DI53
198.8160000000	n/a	n/a	STATUS	n/a	n/a	D255
199.0880000000	n/a	n/a	STATUS	n/a	n/a	DI43
199.1360000000	n/a	n/a	STATUS	n/a	n/a	D255
199.3960000000	n/a	n/a	STATUS	n/a	n/a	DIN5
199.4480000000	n/a	n/a	STATUS	n/a	n/a	D255
199.8560000000	n/a	n/a	STATUS	n/a	n/a	D217
199.9080000000	n/a	n/a	STATUS	n/a	n/a	D255
199.9440000000	n/a	n/a	STATUS	n/a	n/a	DI54
199.9920000000	n/a	n/a	STATUS	n/a	n/a	D255
200.2400000000	n/a	n/a	STATUS	n/a	n/a	DI34
200.2920000000	n/a	n/a	STATUS	n/a	n/a	D255
200.5520000000	n/a	n/a	STATUS	n/a	n/a	DIN5
200.6000000000	n/a	n/a	STATUS	n/a	n/a	D255
200.9120000000	n/a	n/a	STATUS	n/a	n/a	DI80
200.9600000000	n/a	n/a	STATUS	n/a	n/a	D255
201.0000000000	n/a	n/a	STATUS	n/a	n/a	DI53
201.0480000000	n/a	n/a	STATUS	n/a	n/a	D255
201.3120000000	n/a	n/a	STATUS	n/a	n/a	DI43
201.3640000000	n/a	n/a	STATUS	n/a	n/a	D255
201.6240000000	n/a	n/a	STATUS	n/a	n/a	DIN5
201.6720000000	n/a	n/a	STATUS	n/a	n/a	D255
202.1440000000	n/a	n/a	STATUS	n/a	n/a	D198
202.1920000000	n/a	n/a	STATUS	n/a	n/a	D255
202.2320000000	n/a	n/a	STATUS	n/a	n/a	DI53
202.2800000000	n/a	n/a	STATUS	n/a	n/a	D255
202.5600000000	n/a	n/a	STATUS	n/a	n/a	DI43
202.6120000000	n/a	n/a	STATUS	n/a	n/a	D255
202.8720000000	n/a	n/a	STATUS	n/a	n/a	DIN5
202.9200000000	n/a	n/a	STATUS	n/a	n/a	D255
203.2360000000	n/a	n/a	STATUS	n/a	n/a	DI66
203.2840000000	n/a	n/a	STATUS	n/a	n/a	D255
203.3240000000	n/a	n/a	STATUS	n/a	n/a	DI53
203.3720000000	n/a	n/a	STATUS	n/a	n/a	D255
203.6160000000	n/a	n/a	STATUS	n/a	n/a	DI43
203.6680000000	n/a	n/a	STATUS	n/a	n/a	D255
203.9280000000	n/a	n/a	STATUS	n/a	n/a	DIN5
203.9760000000	n/a	n/a	STATUS	n/a	n/a	D255
204.3360000000	n/a	n/a	STATUS	n/a	n/a	D123
204.3880000000	n/a	n/a	STATUS	n/a	n/a	D255
204.4240000000	n/a	n/a	STATUS	n/a	n/a	DI52
204.4720000000	n/a	n/a	STATUS	n/a	n/a	D255
204.9600000000	n/a	n/a	STATUS	n/a	n/a	DI42
205.0080000000	n/a	n/a	STATUS	n/a	n/a	D255
205.2680000000	n/a	n/a	STATUS	n/a	n/a	DIN5
205.3200000000	n/a	n/a	STATUS	n/a	n/a	D255
205.7080000000	n/a	n/a	STATUS	n/a	n/a	D251
205.7600000000	n/a	n/a	STATUS	n/a	n/a	D255
205.7960000000	n/a	n/a	STATUS	n/a	n/a	DI52
205.8480000000	n/a	n/a	STATUS	n/a	n/a	D255
206.2320000000	n/a	n/a	STATUS	n/a	n/a	DI42
206.2800000000	n/a	n/a	STATUS	n/a	n/a	D255
206.5400000000	n/a	n/a	STATUS	n/a	n/a	DIN5
206.5920000000	n/a	n/a	STATUS	n/a	n/a	D255
206.9320000000	n/a	n/a	STATUS	n/a	n/a	D210
206.9800000000	n/a	n/a	STATUS	n/a	n/a	D255
207.0160000000	n/a	n/a	STATUS	n/a	n/a	DI54
207.0680000000	n/a	n/a	STATUS	n/a	n/a	D255
207.3800000000	n/a	n/a	STATUS	n/a	n/a	DI34
207.4280000000	n/a	n/a	STATUS	n/a	n/a	D255
207.6880000000	n/a	n/a	STATUS	n/a	n/a	DIN5
207.7400000000	n/a	n/a	STATUS	n/a	n/a	D255
208.1440000000	n/a	n/a	STATUS	n/a	n/a	D121
208.1960000000	n/a	n/a	STATUS	n/a	n/a	D255
208.2320000000	n/a	n/a	STATUS	n/a	n/a	DI51
208.2840000000	n/a	n/a	STATUS	n/a	n/a	D255
208.7400000000	n/a	n/a	STATUS	n/a	n/a	DI31
208.7920000000	n/a	n/a	STATUS	n/a	n/a	D255
209.0520000000	n/a	n/a	STATUS	n/a	n/a	DIN5
209.1000000000	n/a	n/a	STATUS	n/a	n/a	D255
209.5920000000	n/a	n/a	STATUS	n/a	n/a	D125
209.6400000000	n/a	n/a	STATUS	n/a	n/a	D255
209.6800000000	n/a	n/a	STATUS	n/a	n/a	DI54
209.7280000000	n/a	n/a	STATUS	n/a	n/a	D255
210.0560000000	n/a	n/a	STATUS	n/a	n/a	DI34
210.1040000000	n/a	n/a	STATUS	n/a	n/a	D255
210.3640000000	n/a	n/a	STATUS	n/a	n/a	DIN5
210.4160000000	n/a	n/a	STATUS	n/a	n/a	D255
210.8200000000	n/a	n/a	STATUS	n/a	n/a	DI96
210.8680000000	n/a	n/a	STATUS	n/a	n/a	D255
210.9080000000	n/a	n/a	STATUS	n/a	n/a	DI53
210.9560000000	n/a	n/a	STATUS	n/a	n/a	D255
211.2480000000	n/a	n/a	STATUS	n/a	n/a	DI43
211.2960000000	n/a	n/a	STATUS	n/a	n/a	D255
211.5560000000	n/a	n/a	STATUS	n/a	n/a	DIN5
211.6080000000	n/a	n/a	STATUS	n/a	n/a	D255
212.0960000000	n/a	n/a	STATUS	n/a	n/a	D117
212.1440000000	n/a	n/a	STATUS	n/a	n/a	D255
212.1840000000	n/a	n/a	STATUS	n/a	n/a	DI54
212.2320000000	n/a	n/a	STATUS	n/a	n/a	D255
212.5360000000	n/a	n/a	STATUS	n/a	n/a	DI34
212.5840000000	n/a	n/a	STATUS	n/a	n/a	D255
212.8440000000	n/a	n/a	STATUS	n/a	n/a	DIN5
212.8960000000	n/a	n/a	STATUS	n/a	n/a	D255
213.3400000000	n/a	n/a	STATUS	n/a	n/a	D225
213.3880000000	n/a	n/a	STATUS	n/a	n/a	D255
213.4280000000	n/a	n/a	STATUS	n/a	n/a	DI52
213.4800000000	n/a	n/a	STATUS	n/a	n/a	D255
213.8400000000	n/a	n/a	STATUS	n/a	n/a	DI42
213.8920000000	n/a	n/a	STATUS	n/a	n/a	D255
214.1480000000	n/a	n/a	STATUS	n/a	n/a	DIN5
214.2000000000	n/a	n/a	STATUS	n/a	n/a	D255
214.5560000000	n/a	n/a	STATUS	n/a	n/a	DI91
214.6040000000	n/a	n/a	STATUS	n/a	n/a	D255
214.6440000000	n/a	n/a	STATUS	n/a	n/a	DI51
214.6920000000	n/a	n/a	STATUS	n/a	n/a	D255
215.0600000000	n/a	n/a	STATUS	n/a	n/a	DI31
215.1120000000	n/a	n/a	STATUS	n/a	n/a	D255
215.3680000000	n/a	n/a	STATUS	n/a	n/a	DIN5
215.4200000000	n/a	n/a	STATUS	n/a	n/a	D255
215.7880000000	n/a	n/a	STATUS	n/a	n/a	D242
215.8400000000	n/a	n/a	STATUS	n/a	n/a	D255
215.8760000000	n/a	n/a	STATUS	n/a	n/a	DI51
215.9280000000	n/a	n/a	STATUS	n/a	n/a	D255
216.2320000000	n/a	n/a	STATUS	n/a	n/a	DI21
216.2840000000	n/a	n/a	STATUS	n/a	n/a	D255
216.2880000000	n/a	n/a	STATUS	n/a	n/a	DIN4
216.3360000000	n/a	n/a	STATUS	n/a	n/a	D255
217.0920000000	n/a	n/a	STATUS	n/a	n/a	DIN5
217.1440000000	n/a	n/a	STATUS	n/a	n/a	D255
217.5560000000	n/a	n/a	STATUS	n/a	n/a	D102
217.6080000000	n/a	n/a	STATUS	n/a	n/a	D255
217.6440000000	n/a	n/a	STATUS	n/a	n/a	DI53
217.6960000000	n/a	n/a	STATUS	n/a	n/a	D255
217.9400000000	n/a	n/a	STATUS	n/a	n/a	DI43
217.9920000000	n/a	n/a	STATUS	n/a	n/a	D255
218.2480000000	n/a	n/a	STATUS	n/a	n/a	DIN5
218.3000000000	n/a	n/a	STATUS	n/a	n/a	D255
218.7560000000	n/a	n/a	STATUS	n/a	n/a	D106
218.8040000000	n/a	n/a	STATUS	n/a	n/a	D255
218.8440000000	n/a	n/a	STATUS	n/a	n/a	DI54
218.8920000000	n/a	n/a	STATUS	n/a	n/a	D255
219.1720000000	n/a	n/a	STATUS	n/a	n/a	DI34
219.2200000000	n/a	n/a	STATUS	n/a	n/a	D255
219.4800000000	n/a	n/a	STATUS	n/a	n/a	DIN5
219.5320000000	n/a	n/a	STATUS	n/a	n/a	D255
219.8720000000	n/a	n/a	STATUS	n/a	n/a	D105
219.9200000000	n/a	n/a	STATUS	n/a	n/a	D255
219.9600000000	n/a	n/a	STATUS	n/a	n/a	DI51
220.0080000000	n/a	n/a	STATUS	n/a	n/a	D255
220.4520000000	n/a	n/a	STATUS	n/a	n/a	DI31
220.5040000000	n/a	n/a	STATUS	n/a	n/a	D255
220.7640000000	n/a	n/a	STATUS	n/a	n/a	DIN5
220.8120000000	n/a	n/a	STATUS	n/a	n/a	D255
221.1520000000	n/a	n/a	STATUS	n/a	n/a	D193
221.2040000000	n/a	n/a	STATUS	n/a	n/a	D255
221.2400000000	n/a	n/a	STATUS	n/a	n/a	DI51
221.2880000000	n/a	n/a	STATUS	n/a	n/a	D255
221.7680000000	n/a	n/a	STATUS	n/a	n/a	DI31
221.8200000000	n/a	n/a	STATUS	n/a	n/a	D255
222.0800000000	n/a	n/a	STATUS	n/a	n/a	DIN5
222.1280000000	n/a	n/a	STATUS	n/a	n/a	D255
222.5360000000	n/a	n/a	STATUS	n/a	n/a	D218
222.5880000000	n/a	n/a	STATUS	n/a	n/a	D255
222.6240000000	n/a	n/a	STATUS	n/a	n/a	DI52
222.6760000000	n/a	n/a	STATUS	n/a	n/a	D255
223.0720000000	n/a	n/a	STATUS	n/a	n/a	DI42
223.1200000000	n/a	n/a	STATUS	n/a	n/a	D255
223.3800000000	n/a	n/a	STATUS	n/a	n/a	DIN5
223.4320000000	n/a	n/a	STATUS	n/a	n/a	D255
223.8800000000	n/a	n/a	STATUS	n/a	n/a	D173
223.9320000000	n/a	n/a	STATUS	n/a	n/a	D255
223.9680000000	n/a	n/a	STATUS	n/a	n/a	DI51
224.0200000000	n/a	n/a	STATUS	n/a	n/a	D255
224.5000000000	n/a	n/a	STATUS	n/a	n/a	DI21
224.5520000000	n/a	n/a	STATUS	n/a	n/a	D255
224.5560000000	n/a	n/a	STATUS	n/a	n/a	DIN4
224.6040000000	n/a	n/a	STATUS	n/a	n/a	D255
225.3600000000	n/a	n/a	STATUS	n/a	n/a	DIN5
225.4120000000	n/a	n/a	STATUS	n/a	n/a	D255
225.8960000000	n/a	n/a	STATUS	n/a	n/a	D234
225.9480000000	n/a	n/a	STATUS	n/a	n/a	D255
225.9840000000	n/a	n/a	STATUS	n/a	n/a	DI51
226.0320000000	n/a	n/a	STATUS	n/a	n/a	D255
226.6000000000	n/a	n/a	STATUS	n/a	n/a	DI31
226.6520000000	n/a	n/a	STATUS	n/a	n/a	D255
226.9080000000	n/a	n/a	STATUS	n/a	n/a	DIN5
226.9600000000	n/a	n/a	STATUS	n/a	n/a	D255
227.3360000000	n/a	n/a	STATUS	n/a	n/a	D128
227.3840000000	n/a	n/a	STATUS	n/a	n/a	D255
227.4240000000	n/a	n/a	STATUS	n/a	n/a	DI53
227.4720000000	n/a	n/a	STATUS	n/a	n/a	D255
227.7760000000	n/a	n/a	STATUS	n/a	n/a	DI43
227.8280000000	n/a	n/a	STATUS	n/a	n/a	D255
238.0160000000	n/a	n/a	STATUS	n/a	n/a	DIN5
238.0680000000	n/a	n/a	STATUS	n/a	n/a	D255
238.4520000000	n/a	n/a	STATUS	n/a	n/a	D131
238.5000000000	n/a	n/a	STATUS	n/a	n/a	D255
238.5400000000	n/a	n/a	STATUS	n/a	n/a	DI52
238.5880000000	n/a	n/a	STATUS	n/a	n/a	D255
239.0000000000	n/a	n/a	STATUS	n/a	n/a	DI42
239.0480000000	n/a	n/a	STATUS	n/a	n/a	D255
239.3080000000	n/a	n/a	STATUS	n/a	n/a	DIN5
239.3560000000	n/a	n/a	STATUS	n/a	n/a	D255
239.8240000000	n/a	n/a	STATUS	n/a	n/a	DI97
239.8720000000	n/a	n/a	STATUS	n/a	n/a	D255
239.9120000000	n/a	n/a	STATUS	n/a	n/a	DI51
239.9600000000	n/a	n/a	STATUS	n/a	n/a	D255
240.3280000000	n/a	n/a	STATUS	n/a	n/a	DI31
240.3800000000	n/a	n/a	STATUS	n/a	n/a	D255
240.6400000000	n/a	n/a	STATUS	n/a	n/a	DIN5
240.6880000000	n/a	n/a	STATUS	n/a	n/a	D255
241.0640000000	n/a	n/a	STATUS	n/a	n/a	D249
241.1120000000	n/a	n/a	STATUS	n/a	n/a	D255
241.1480000000	n/a	n/a	STATUS	n/a	n/a	DI53
241.2000000000	n/a	n/a	STATUS	n/a	n/a	D255
241.4800000000	n/a	n/a	STATUS	n/a	n/a	DI43
241.5320000000	n/a	n/a	STATUS	n/a	n/a	D255
241.7880000000	n/a	n/a	STATUS	n/a	n/a	DIN5
241.8400000000	n/a	n/a	STATUS	n/a	n/a	D255
242.1960000000	n/a	n/a	STATUS	n/a	n/a	DI91
242.2440000000	n/a	n/a	STATUS	n/a	n/a	D255
242.2840000000	n/a	n/a	STATUS	n/a	n/a	DI53
242.3320000000	n/a	n/a	STATUS	n/a	n/a	D255
242.5800000000	n/a	n/a	STATUS	n/a	n/a	DI43
242.6320000000	n/a	n/a	STATUS	n/a	n/a	D255
242.8880000000	n/a	n/a	STATUS	n/a	n/a	DIN5
242.9400000000	n/a	n/a	STATUS	n/a	n/a	D255
243.3000000000	n/a	n/a	STATUS	n/a	n/a	D237
243.3480000000	n/a	n/a	STATUS	n/a	n/a	D255
243.3880000000	n/a	n/a	STATUS	n/a	n/a	DI54
243.4360000000	n/a	n/a	STATUS	n/a	n/a	D255
243.7000000000	n/a	n/a	STATUS	n/a	n/a	DI34
243.7480000000	n/a	n/a	STATUS	n/a	n/a	D255
244.0080000000	n/a	n/a	STATUS	n/a	n/a	DIN5
244.0600000000	n/a	n/a	STATUS	n/a	n/a	D255
244.4240000000	n/a	n/a	STATUS	n/a	n/a	D143
244.4720000000	n/a	n/a	STATUS	n/a	n/a	D255
244.5120000000	n/a	n/a	STATUS	n/a	n/a	DI52
244.5600000000	n/a	n/a	STATUS	n/a	n/a	D255
244.9320000000	n/a	n/a	STATUS	n/a	n/a	DI42
244.9840000000	n/a	n/a	STATUS	n/a	n/a	D255
245.2440000000	n/a	n/a	STATUS	n/a	n/a	DIN5
245.2920000000	n/a	n/a	STATUS	n/a	n/a	D255
245.7800000000	n/a	n/a	STATUS	n/a	n/a	DI87
245.8320000000	n/a	n/a	STATUS	n/a	n/a	D255
245.8680000000	n/a	n/a	STATUS	n/a	n/a	DI54
245.9200000000	n/a	n/a	STATUS	n/a	n/a	D255
246.1800000000	n/a	n/a	STATUS	n/a	n/a	DI34
246.2320000000	n/a	n/a	STATUS	n/a	n/a	D255
246.4920000000	n/a	n/a	STATUS	n/a	n/a	DIN5
246.5400000000	n/a	n/a	STATUS	n/a	n/a	D255
246.9720000000	n/a	n/a	STATUS	n/a	n/a	D252
247.0200000000	n/a	n/a	STATUS	n/a	n/a	D255
247.0600000000	n/a	n/a	STATUS	n/a	n/a	DI54
247.1080000000	n/a	n/a	STATUS	n/a	n/a	D255
247.4240000000	n/a	n/a	STATUS	n/a	n/a	DI34
247.4720000000	n/a	n/a	STATUS	n/a	n/a	D255
247.7320000000	n/a	n/a	STATUS	n/a	n/a	DIN5
247.7840000000	n/a	n/a	STATUS	n/a	n/a	D255
248.1320000000	n/a	n/a	STATUS	n/a	n/a	DI94
248.1840000000	n/a	n/a	STATUS	n/a	n/a	D255
248.2200000000	n/a	n/a	STATUS	n/a	n/a	DI51
248.2720000000	n/a	n/a	STATUS	n/a	n/a	D255
248.7920000000	n/a	n/a	STATUS	n/a	n/a	DI31
248.8400000000	n/a	n/a	STATUS	n/a	n/a	D255
249.1000000000	n/a	n/a	STATUS	n/a	n/a	DIN5
249.1520000000	n/a	n/a	STATUS	n/a	n/a	D255
249.5920000000	n/a	n/a	STATUS	n/a	n/a	D231
249.6400000000	n/a	n/a	STATUS	n/a	n/a	D255
249.6800000000	n/a	n/a	STATUS	n/a	n/a	DI54
249.7280000000	n/a	n/a	STATUS	n/a	n/a	D255
250.0200000000	n/a	n/a	STATUS	n/a	n/a	DI34
250.0680000000	n/a	n/a	STATUS	n/a	n/a	D255
250.3280000000	n/a	n/a	STATUS	n/a	n/a	DIN5
250.3800000000	n/a	n/a	STATUS	n/a	n/a	D255
250.7000000000	n/a	n/a	STATUS	n/a	n/a	D130
250.7480000000	n/a	n/a	STATUS	n/a	n/a	D255
250.7840000000	n/a	n/a	STATUS	n/a	n/a	DI51
250.8360000000	n/a	n/a	STATUS	n/a	n/a	D255
251.2440000000	n/a	n/a	STATUS	n/a	n/a	DI31
251.2960000000	n/a	n/a	STATUS	n/a	n/a	D255
251.5560000000	n/a	n/a	STATUS	n/a	n/a	DIN5
251.6040000000	n/a	n/a	STATUS	n/a	n/a	D255
252.0680000000	n/a	n/a	STATUS	n/a	n/a	D166
252.1200000000	n/a	n/a	STATUS	n/a	n/a	D255
252.1560000000	n/a	n/a	STATUS	n/a	n/a	DI54
252.2080000000	n/a	n/a	STATUS	n/a	n/a	D255
252.4800000000	n/a	n/a	STATUS	n/a	n/a	DI34
252.5280000000	n/a	n/a	STATUS	n/a	n/a	D255
252.7880000000	n/a	n/a	STATUS	n/a	n/a	DIN5
252.8400000000	n/a	n/a	STATUS	n/a	n/a	D255
253.2800000000	n/a	n/a	STATUS	n/a	n/a	D110
253.3280000000	n/a	n/a	STATUS	n/a	n/a	D255
253.3640000000	n/a	n/a	STATUS	n/a	n/a	DI52
253.4160000000	n/a	n/a	STATUS	n/a	n/a	D255
253.8400000000	n/a	n/a	STATUS	n/a	n/a	DI42
253.8880000000	n/a	n/a	STATUS	n/a	n/a	D255
254.1480000000	n/a	n/a	STATUS	n/a	n/a	DIN5
254.2000000000	n/a	n/a	STATUS	n/a	n/a	D255
254.6000000000	n/a	n/a	STATUS	n/a	n/a	DI81
254.6480000000	n/a	n/a	STATUS	n/a	n/a	D255
254.6840000000	n/a	n/a	STATUS	n/a	n/a	DI52
254.7360000000	n/a	n/a	STATUS	n/a	n/a	D255
255.1160000000	n/a	n/a	STATUS	n/a	n/a	DI42
255.1640000000	n/a	n/a	STATUS	n/a	n/a	D255
255.4240000000	n/a	n/a	STATUS	n/a	n/a	DIN5
255.4760000000	n/a	n/a	STATUS	n/a	n/a	D255
255.9360000000	n/a	n/a	STATUS	n/a	n/a	D127
255.9840000000	n/a	n/a	STATUS	n/a	n/a	D255
256.0240000000	n/a	n/a	STATUS	n/a	n/a	DI51
256.0720000000	n/a	n/a	STATUS	n/a	n/a	D255
256.4520000000	n/a	n/a	STATUS	n/a	n/a	DI31
256.5040000000	n/a	n/a	STATUS	n/a	n/a	D255
256.7600000000	n/a	n/a	STATUS	n/a	n/a	DIN5
256.8120000000	n/a	n/a	STATUS	n/a	n/a	D255
257.2600000000	n/a	n/a	STATUS	n/a	n/a	D109
257.3120000000	n/a	n/a	STATUS	n/a	n/a	D255
257.3480000000	n/a	n/a	STATUS	n/a	n/a	DI54
257.4000000000	n/a	n/a	STATUS	n/a	n/a	D255
257.7000000000	n/a	n/a	STATUS	n/a	n/a	DI34
257.7480000000	n/a	n/a	STATUS	n/a	n/a	D255
258.0080000000	n/a	n/a	STATUS	n/a	n/a	DIN5
258.0600000000	n/a	n/a	STATUS	n/a	n/a	D255
258.4960000000	n/a	n/a	STATUS	n/a	n/a	D142
258.5480000000	n/a	n/a	STATUS	n/a	n/a	D255
258.5880000000	n/a	n/a	STATUS	n/a	n/a	DI54
258.6360000000	n/a	n/a	STATUS	n/a	n/a	D255
258.9320000000	n/a	n/a	STATUS	n/a	n/a	DI34
258.9840000000	n/a	n/a	STATUS	n/a	n/a	D255
259.2440000000	n/a	n/a	STATUS	n/a	n/a	DIN5
259.2920000000	n/a	n/a	STATUS	n/a	n/a	D255
259.7440000000	n/a	n/a	STATUS	n/a	n/a	D134
259.7920000000	n/a	n/a	STATUS	n/a	n/a	D255
259.8280000000	n/a	n/a	STATUS	n/a	n/a	DI54
259.8800000000	n/a	n/a	STATUS	n/a	n/a	D255
260.1360000000	n/a	n/a	STATUS	n/a	n/a	DI34
260.1880000000	n/a	n/a	STATUS	n/a	n/a	D255
260.4480000000	n/a	n/a	STATUS	n/a	n/a	DIN5
260.4960000000	n/a	n/a	STATUS	n/a	n/a	D255
260.8160000000	n/a	n/a	STATUS	n/a	n/a	D124
260.8680000000	n/a	n/a	STATUS	n/a	n/a	D255
260.9040000000	n/a	n/a	STATUS	n/a	n/a	DI54
260.9560000000	n/a	n/a	STATUS	n/a	n/a	D255
261.2960000000	n/a	n/a	STATUS	n/a	n/a	DI34
261.3480000000	n/a	n/a	STATUS	n/a	n/a	D255
261.6040000000	n/a	n/a	STATUS	n/a	n/a	DIN5
261.6560000000	n/a	n/a	STATUS	n/a	n/a	D255
261.9880000000	n/a	n/a	STATUS	n/a	n/a	D121
262.0400000000	n/a	n/a	STATUS	n/a	n/a	D255
262.0800000000	n/a	n/a	STATUS	n/a	n/a	DI52
262.1280000000	n/a	n/a	STATUS	n/a	n/a	D255
262.5240000000	n/a	n/a	STATUS	n/a	n/a	DI42
262.5760000000	n/a	n/a	STATUS	n/a	n/a	D255
262.8320000000	n/a	n/a	STATUS	n/a	n/a	DIN5
262.8840000000	n/a	n/a	STATUS	n/a	n/a	D255
263.2920000000	n/a	n/a	STATUS	n/a	n/a	D129
263.3440000000	n/a	n/a	STATUS	n/a	n/a	D255
263.3800000000	n/a	n/a	STATUS	n/a	n/a	DI53
263.4320000000	n/a	n/a	STATUS	n/a	n/a	D255
263.7600000000	n/a	n/a	STATUS	n/a	n/a	DI43
263.8120000000	n/a	n/a	STATUS	n/a	n/a	D255
264.0720000000	n/a	n/a	STATUS	n/a	n/a	DIN5
264.1200000000	n/a	n/a	STATUS	n/a	n/a	D255
264.5400000000	n/a	n/a	STATUS	n/a	n/a	D103
264.5920000000	n/a	n/a	STATUS	n/a	n/a	D255
264.6280000000	n/a	n/a	STATUS	n/a	n/a	DI51
264.6760000000	n/a	n/a	STATUS	n/a	n/a	D255
265.0760000000	n/a	n/a	STATUS	n/a	n/a	DI31
265.1240000000	n/a	n/a	STATUS	n/a	n/a	D255
265.3840000000	n/a	n/a	STATUS	n/a	n/a	DIN5
265.4360000000	n/a	n/a	STATUS	n/a	n/a	D255
265.8200000000	n/a	n/a	STATUS	n/a	n/a	D146
265.8680000000	n/a	n/a	STATUS	n/a	n/a	D255
265.9080000000	n/a	n/a	STATUS	n/a	n/a	DI52
265.9600000000	n/a	n/a	STATUS	n/a	n/a	D255
266.4000000000	n/a	n/a	STATUS	n/a	n/a	DI42
266.4520000000	n/a	n/a	STATUS	n/a	n/a	D255
266.7120000000	n/a	n/a	STATUS	n/a	n/a	DIN5
266.7600000000	n/a	n/a	STATUS	n/a	n/a	D255
267.1160000000	n/a	n/a	STATUS	n/a	n/a	D222
267.1640000000	n/a	n/a	STATUS	n/a	n/a	D255
267.2040000000	n/a	n/a	STATUS	n/a	n/a	DI54
267.2520000000	n/a	n/a	STATUS	n/a	n/a	D255
267.5560000000	n/a	n/a	STATUS	n/a	n/a	DI34
267.6080000000	n/a	n/a	STATUS	n/a	n/a	D255
267.8680000000	n/a	n/a	STATUS	n/a	n/a	DIN5
267.9160000000	n/a	n/a	STATUS	n/a	n/a	D255
268.3320000000	n/a	n/a	STATUS	n/a	n/a	D160
268.3800000000	n/a	n/a	STATUS	n/a	n/a	D255
268.4200000000	n/a	n/a	STATUS	n/a	n/a	DI51
268.4680000000	n/a	n/a	STATUS	n/a	n/a	D255
268.9160000000	n/a	n/a	STATUS	n/a	n/a	DI31
268.9680000000	n/a	n/a	STATUS	n/a	n/a	D255
269.2280000000	n/a	n/a	STATUS	n/a	n/a	DIN5
269.2760000000	n/a	n/a	STATUS	n/a	n/a	D255
269.7400000000	n/a	n/a	STATUS	n/a	n/a	D140
269.7920000000	n/a	n/a	STATUS	n/a	n/a	D255
269.8280000000	n/a	n/a	STATUS	n/a	n/a	DI54
269.8760000000	n/a	n/a	STATUS	n/a	n/a	D255
270.1880000000	n/a	n/a	STATUS	n/a	n/a	DI34
270.2360000000	n/a	n/a	STATUS	n/a	n/a	D255
270.4960000000	n/a	n/a	STATUS	n/a	n/a	DIN5
270.5480000000	n/a	n/a	STATUS	n/a	n/a	D255
270.9040000000	n/a	n/a	STATUS	n/a	n/a	D224
270.9560000000	n/a	n/a	STATUS	n/a	n/a	D255
270.9920000000	n/a	n/a	STATUS	n/a	n/a	DI54
271.0440000000	n/a	n/a	STATUS	n/a	n/a	D255
271.3720000000	n/a	n/a	STATUS	n/a	n/a	DI34
271.4240000000	n/a	n/a	STATUS	n/a	n/a	D255
271.6800000000	n/a	n/a	STATUS	n/a	n/a	DIN5
271.7320000000	n/a	n/a	STATUS	n/a	n/a	D255
272.1280000000	n/a	n/a	STATUS	n/a	n/a	D199
272.1760000000	n/a	n/a	STATUS	n/a	n/a	D255
272.2160000000	n/a	n/a	STATUS	n/a	n/a	DI53
272.2640000000	n/a	n/a	STATUS	n/a	n/a	D255
272.5560000000	n/a	n/a	STATUS	n/a	n/a	DI43
272.6080000000	n/a	n/a	STATUS	n/a	n/a	D255
272.8640000000	n/a	n/a	STATUS	n/a	n/a	DIN5
272.9160000000	n/a	n/a	STATUS	n/a	n/a	D255
273.3240000000	n/a	n/a	STATUS	n/a	n/a	D182
273.3760000000	n/a	n/a	STATUS	n/a	n/a	D255
273.4120000000	n/a	n/a	STATUS	n/a	n/a	DI53
273.4640000000	n/a	n/a	STATUS	n/a	n/a	D255
273.7640000000	n/a	n/a	STATUS	n/a	n/a	DI43
273.8120000000	n/a	n/a	STATUS	n/a	n/a	D255
274.0720000000	n/a	n/a	STATUS	n/a	n/a	DIN5
274.1240000000	n/a	n/a	STATUS	n/a	n/a	D255
274.4840000000	n/a	n/a	STATUS	n/a	n/a	D214
274.5320000000	n/a	n/a	STATUS	n/a	n/a	D255
274.5680000000	n/a	n/a	STATUS	n/a	n/a	DI54
274.6200000000	n/a	n/a	STATUS	n/a	n/a	D255
274.9600000000	n/a	n/a	STATUS	n/a	n/a	DI34
275.0080000000	n/a	n/a	STATUS	n/a	n/a	D255
275.2680000000	n/a	n/a	STATUS	n/a	n/a	DIN5
275.3200000000	n/a	n/a	STATUS	n/a	n/a	D255
275.7400000000	n/a	n/a	STATUS	n/a	n/a	DI74
275.7880000000	n/a	n/a	STATUS	n/a	n/a	D255
275.8280000000	n/a	n/a	STATUS	n/a	n/a	DI53
275.8760000000	n/a	n/a	STATUS	n/a	n/a	D255
276.1480000000	n/a	n/a	STATUS	n/a	n/a	DI43
276.2000000000	n/a	n/a	STATUS	n/a	n/a	D255
276.4600000000	n/a	n/a	STATUS	n/a	n/a	DIN5
276.5080000000	n/a	n/a	STATUS	n/a	n/a	D255
276.9840000000	n/a	n/a	STATUS	n/a	n/a	DI67
277.0320000000	n/a	n/a	STATUS	n/a	n/a	D255
277.0720000000	n/a	n/a	STATUS	n/a	n/a	DI51
277.1200000000	n/a	n/a	STATUS	n/a	n/a	D255
277.5320000000	n/a	n/a	STATUS	n/a	n/a	DI31
277.5800000000	n/a	n/a	STATUS	n/a	n/a	D255
277.8400000000	n/a	n/a	STATUS	n/a	n/a	DIN5
277.8920000000	n/a	n/a	STATUS	n/a	n/a	D255
278.2440000000	n/a	n/a	STATUS	n/a	n/a	D126
278.2960000000	n/a	n/a	STATUS	n/a	n/a	D255
278.3320000000	n/a	n/a	STATUS	n/a	n/a	DI54
278.3840000000	n/a	n/a	STATUS	n/a	n/a	D255
278.6840000000	n/a	n/a	STATUS	n/a	n/a	DI34
278.7320000000	n/a	n/a	STATUS	n/a	n/a	D255
278.9920000000	n/a	n/a	STATUS	n/a	n/a	DIN5
279.0440000000	n/a	n/a	STATUS	n/a	n/a	D255
279.5360000000	n/a	n/a	STATUS	n/a	n/a	D191
279.5880000000	n/a	n/a	STATUS	n/a	n/a	D255
279.6280000000	n/a	n/a	STATUS	n/a	n/a	DI53
279.6760000000	n/a	n/a	STATUS	n/a	n/a	D255
279.9200000000	n/a	n/a	STATUS	n/a	n/a	DI43
279.9720000000	n/a	n/a	STATUS	n/a	n/a	D255
280.2320000000	n/a	n/a	STATUS	n/a	n/a	DIN5
280.2800000000	n/a	n/a	STATUS	n/a	n/a	D255
280.7440000000	n/a	n/a	STATUS	n/a	n/a	D104
280.7920000000	n/a	n/a	STATUS	n/a	n/a	D255
280.8320000000	n/a	n/a	STATUS	n/a	n/a	DI53
280.8800000000	n/a	n/a	STATUS	n/a	n/a	D255
281.2160000000	n/a	n/a	STATUS	n/a	n/a	DI43
281.2640000000	n/a	n/a	STATUS	n/a	n/a	D255
281.5240000000	n/a	n/a	STATUS	n/a	n/a	DIN5
281.5760000000	n/a	n/a	STATUS	n/a	n/a	D255
281.9800000000	n/a	n/a	STATUS	n/a	n/a	D246
282.0320000000	n/a	n/a	STATUS	n/a	n/a	D255
282.0680000000	n/a	n/a	STATUS	n/a	n/a	DI54
282.1160000000	n/a	n/a	STATUS	n/a	n/a	D255
282.4920000000	n/a	n/a	STATUS	n/a	n/a	DI34
282.5400000000	n/a	n/a	STATUS	n/a	n/a	D255
282.8000000000	n/a	n/a	STATUS	n/a	n/a	DIN5
282.8520000000	n/a	n/a	STATUS	n/a	n/a	D255
283.1640000000	n/a	n/a	STATUS	n/a	n/a	D193
283.2160000000	n/a	n/a	STATUS	n/a	n/a	D255
283.2520000000	n/a	n/a	STATUS	n/a	n/a	DI51
283.3040000000	n/a	n/a	STATUS	n/a	n/a	D255
283.7920000000	n/a	n/a	STATUS	n/a	n/a	DI31
283.8440000000	n/a	n/a	STATUS	n/a	n/a	D255
284.1040000000	n/a	n/a	STATUS	n/a	n/a	DIN5
284.1520000000	n/a	n/a	STATUS	n/a	n/a	D255
284.5280000000	n/a	n/a	STATUS	n/a	n/a	DI85
284.5760000000	n/a	n/a	STATUS	n/a	n/a	D255
284.6160000000	n/a	n/a	STATUS	n/a	n/a	DI51
284.6680000000	n/a	n/a	STATUS	n/a	n/a	D255
285.1120000000	n/a	n/a	STATUS	n/a	n/a	DI31
285.1600000000	n/a	n/a	STATUS	n/a	n/a	D255
285.4200000000	n/a	n/a	STATUS	n/a	n/a	DIN5
285.4680000000	n/a	n/a	STATUS	n/a	n/a	D255
285.8840000000	n/a	n/a	STATUS	n/a	n/a	DI96
285.9320000000	n/a	n/a	STATUS	n/a	n/a	D255
285.9720000000	n/a	n/a	STATUS	n/a	n/a	DI54
286.0240000000	n/a	n/a	STATUS	n/a	n/a	D255
286.3040000000	n/a	n/a	STATUS	n/a	n/a	DI34
286.3520000000	n/a	n/a	STATUS	n/a	n/a	D255
286.6120000000	n/a	n/a	STATUS	n/a	n/a	DIN5
286.6640000000	n/a	n/a	STATUS	n/a	n/a	D255
287.0120000000	n/a	n/a	STATUS	n/a	n/a	D163
287.0640000000	n/a	n/a	STATUS	n/a	n/a	D255
287.1000000000	n/a	n/a	STATUS	n/a	n/a	DI52
287.1520000000	n/a	n/a	STATUS	n/a	n/a	D255
287.5160000000	n/a	n/a	STATUS	n/a	n/a	DI42
287.5680000000	n/a	n/a	STATUS	n/a	n/a	D255
287.8280000000	n/a	n/a	STATUS	n/a	n/a	DIN5
287.8760000000	n/a	n/a	STATUS	n/a	n/a	D255
288.2960000000	n/a	n/a	STATUS	n/a	n/a	D215
288.3480000000	n/a	n/a	STATUS	n/a	n/a	D255
288.3840000000	n/a	n/a	STATUS	n/a	n/a	DI52
288.4320000000	n/a	n/a	STATUS	n/a	n/a	D255
288.7960000000	n/a	n/a	STATUS	n/a	n/a	DI42
288.8480000000	n/a	n/a	STATUS	n/a	n/a	D255
289.1080000000	n/a	n/a	STATUS	n/a	n/a	DIN5
289.1560000000	n/a	n/a	STATUS	n/a	n/a	D255
289.5200000000	n/a	n/a	STATUS	n/a	n/a	D101
289.5720000000	n/a	n/a	STATUS	n/a	n/a	D255
289.6080000000	n/a	n/a	STATUS	n/a	n/a	DI52
289.6600000000	n/a	n/a	STATUS	n/a	n/a	D255
290.0360000000	n/a	n/a	STATUS	n/a	n/a	DI42
290.0880000000	n/a	n/a	STATUS	n/a	n/a	D255
290.3480000000	n/a	n/a	STATUS	n/a	n/a	DIN5
290.3960000000	n/a	n/a	STATUS	n/a	n/a	D255
290.8960000000	n/a	n/a	STATUS	n/a	n/a	D240
290.9480000000	n/a	n/a	STATUS	n/a	n/a	D255
290.9840000000	n/a	n/a	STATUS	n/a	n/a	DI52
291.0360000000	n/a	n/a	STATUS	n/a	n/a	D255
291.4280000000	n/a	n/a	STATUS	n/a	n/a	DI42
291.4800000000	n/a	n/a	STATUS	n/a	n/a	D255
291.7400000000	n/a	n/a	STATUS	n/a	n/a	DIN5
291.7880000000	n/a	n/a	STATUS	n/a	n/a	D255
292.2760000000	n/a	n/a	STATUS	n/a	n/a	D189
292.3280000000	n/a	n/a	STATUS	n/a	n/a	D255
292.3640000000	n/a	n/a	STATUS	n/a	n/a	DI52
292.4160000000	n/a	n/a	STATUS	n/a	n/a	D255
292.7640000000	n/a	n/a	STATUS	n/a	n/a	DI42
292.8120000000	n/a	n/a	STATUS	n/a	n/a	D255
293.0720000000	n/a	n/a	STATUS	n/a	n/a	DIN5
293.1240000000	n/a	n/a	STATUS	n/a	n/a	D255
293.4520000000	n/a	n/a	STATUS	n/a	n/a	D196
293.5040000000	n/a	n/a	STATUS	n/a	n/a	D255
293.5400000000	n/a	n/a	STATUS	n/a	n/a	DI52
293.5920000000	n/a	n/a	STATUS	n/a	n/a	D255
293.9720000000	n/a	n/a	STATUS	n/a	n/a	DI42
294.0240000000	n/a	n/a	STATUS	n/a	n/a	D255
294.2840000000	n/a	n/a	STATUS	n/a	n/a	DIN5
294.3320000000	n/a	n/a	STATUS	n/a	n/a	D255
294.8120000000	n/a	n/a	STATUS	n/a	n/a	D138
294.8640000000	n/a	n/a	STATUS	n/a	n/a	D255
294.9000000000	n/a	n/a	STATUS	n/a	n/a	DI52
294.9520000000	n/a	n/a	STATUS	n/a	n/a	D255
295.3320000000	n/a	n/a	STATUS	n/a	n/a	DI42
295.3840000000	n/a	n/a	STATUS	n/a	n/a	D255
295.6440000000	n/a	n/a	STATUS	n/a	n/a	DIN5
295.6920000000	n/a	n/a	STATUS	n/a	n/a	D255
296.1880000000	n/a	n/a	STATUS	n/a	n/a	D119
296.2360000000	n/a	n/a	STATUS	n/a	n/a	D255
296.2760000000	n/a	n/a	STATUS	n/a	n/a	DI52
296.3280000000	n/a	n/a	STATUS	n/a	n/a	D255
296.7080000000	n/a	n/a	STATUS	n/a	n/a	DI42
296.7600000000	n/a	n/a	STATUS	n/a	n/a	D255
297.0160000000	n/a	n/a	STATUS	n/a	n/a	DIN5
297.0680000000	n/a	n/a	STATUS	n/a	n/a	D255
297.5320000000	n/a	n/a	STATUS	n/a	n/a	DI72
297.5840000000	n/a	n/a	STATUS	n/a	n/a	D255
297.6200000000	n/a	n/a	STATUS	n/a	n/a	DI54
297.6720000000	n/a	n/a	STATUS	n/a	n/a	D255
298.1200000000	n/a	n/a	STATUS	n/a	n/a	DI34
298.1720000000	n/a	n/a	STATUS	n/a	n/a	D255
298.4320000000	n/a	n/a	STATUS	n/a	n/a	DIN5
298.4800000000	n/a	n/a	STATUS	n/a	n/a	D255
298.9000000000	n/a	n/a	STATUS	n/a	n/a	DI73
298.9520000000	n/a	n/a	STATUS	n/a	n/a	D255
298.9880000000	n/a	n/a	STATUS	n/a	n/a	DI52
299.0360000000	n/a	n/a	STATUS	n/a	n/a	D255
299.3960000000	n/a	n/a	STATUS	n/a	n/a	DI42
299.4480000000	n/a	n/a	STATUS	n/a	n/a	D255
299.7080000000	n/a	n/a	STATUS	n/a	n/a	DIN5
299.7560000000	n/a	n/a	STATUS	n/a	n/a	D255
300.1480000000	n/a	n/a	STATUS	n/a	n/a	D190
300.1960000000	n/a	n/a	STATUS	n/a	n/a	D255
300.2360000000	n/a	n/a	STATUS	n/a	n/a	DI54
300.2840000000	n/a	n/a	STATUS	n/a	n/a	D255
300.6440000000	n/a	n/a	STATUS	n/a	n/a	DI34
300.6960000000	n/a	n/a	STATUS	n/a	n/a	D255
300.9560000000	n/a	n/a	STATUS	n/a	n/a	DIN5
301.0040000000	n/a	n/a	STATUS	n/a	n/a	D255
301.3560000000	n/a	n/a	STATUS	n/a	n/a	D241
301.4040000000	n/a	n/a	STATUS	n/a	n/a	D255
301.4440000000	n/a	n/a	STATUS	n/a	n/a	DI53
301.4920000000	n/a	n/a	STATUS	n/a	n/a	D255
301.8840000000	n/a	n/a	STATUS	n/a	n/a	DI43
301.9360000000	n/a	n/a	STATUS	n/a	n/a	D255
302.1920000000	n/a	n/a	STATUS	n/a	n/a	DIN5
302.2440000000	n/a	n/a	STATUS	n/a	n/a	D255
302.5800000000	n/a	n/a	STATUS	n/a	n/a	D206
302.6280000000	n/a	n/a	STATUS	n/a	n/a	D255
302.6640000000	n/a	n/a	STATUS	n/a	n/a	DI54
302.7160000000	n/a	n/a	STATUS	n/a	n/a	D255
303.1080000000	n/a	n/a	STATUS	n/a	n/a	DI34
303.1600000000	n/a	n/a	STATUS	n/a	n/a	D255
303.4200000000	n/a	n/a	STATUS	n/a	n/a	DIN5
303.4680000000	n/a	n/a	STATUS	n/a	n/a	D255
303.9480000000	n/a	n/a	STATUS	n/a	n/a	D186
304.0000000000	n/a	n/a	STATUS	n/a	n/a	D255
304.0360000000	n/a	n/a	STATUS	n/a	n/a	DI51
304.0880000000	n/a	n/a	STATUS	n/a	n/a	D255
304.6000000000	n/a	n/a	STATUS	n/a	n/a	DI31
304.6520000000	n/a	n/a	STATUS	n/a	n/a	D255
304.9120000000	n/a	n/a	STATUS	n/a	n/a	DIN5
304.9600000000	n/a	n/a	STATUS	n/a	n/a	D255
305.3320000000	n/a	n/a	STATUS	n/a	n/a	D247
305.3800000000	n/a	n/a	STATUS	n/a	n/a	D255
305.4200000000	n/a	n/a	STATUS	n/a	n/a	DI52
305.4680000000	n/a	n/a	STATUS	n/a	n/a	D255
305.9360000000	n/a	n/a	STATUS	n/a	n/a	DI42
305.9840000000	n/a	n/a	STATUS	n/a	n/a	D255
306.2440000000	n/a	n/a	STATUS	n/a	n/a	DIN5
306.2920000000	n/a	n/a	STATUS	n/a	n/a	D255
306.7080000000	n/a	n/a	STATUS	n/a	n/a	D221
306.7600000000	n/a	n/a	STATUS	n/a	n/a	D255
306.7960000000	n/a	n/a	STATUS	n/a	n/a	DI54
306.8480000000	n/a	n/a	STATUS	n/a	n/a	D255
307.1680000000	n/a	n/a	STATUS	n/a	n/a	DI34
307.2160000000	n/a	n/a	STATUS	n/a	n/a	D255
307.4760000000	n/a	n/a	STATUS	n/a	n/a	DIN5
307.5280000000	n/a	n/a	STATUS	n/a	n/a	D255
307.8360000000	n/a	n/a	STATUS	n/a	n/a	D118
307.8840000000	n/a	n/a	STATUS	n/a	n/a	D255
307.9240000000	n/a	n/a	STATUS	n/a	n/a	DI52
307.9720000000	n/a	n/a	STATUS	n/a	n/a	D255
308.3360000000	n/a	n/a	STATUS	n/a	n/a	DI42
308.3880000000	n/a	n/a	STATUS	n/a	n/a	D255
308.6440000000	n/a	n/a	STATUS	n/a	n/a	DIN5
308.6960000000	n/a	n/a	STATUS	n/a	n/a	D255
309.0960000000	n/a	n/a	STATUS	n/a	n/a	D177
309.1440000000	n/a	n/a	STATUS	n/a	n/a	D255
309.1840000000	n/a	n/a	STATUS	n/a	n/a	DI51
309.2360000000	n/a	n/a	STATUS	n/a	n/a	D255
309.6680000000	n/a	n/a	STATUS	n/a	n/a	DI31
309.7160000000	n/a	n/a	STATUS	n/a	n/a	D255
309.9760000000	n/a	n/a	STATUS	n/a	n/a	DIN5
310.0240000000	n/a	n/a	STATUS	n/a	n/a	D255
310.3360000000	n/a	n/a	STATUS	n/a	n/a	D204
310.3840000000	n/a	n/a	STATUS	n/a	n/a	D255
310.4240000000	n/a	n/a	STATUS	n/a	n/a	DI54
310.4720000000	n/a	n/a	STATUS	n/a	n/a	D255
310.8400000000	n/a	n/a	STATUS	n/a	n/a	DI34
310.8880000000	n/a	n/a	STATUS	n/a	n/a	D255
311.1480000000	n/a	n/a	STATUS	n/a	n/a	DIN5
311.2000000000	n/a	n/a	STATUS	n/a	n/a	D255
311.6800000000	n/a	n/a	STATUS	n/a	n/a	D152
311.7280000000	n/a	n/a	STATUS	n/a	n/a	D255
311.7680000000	n/a	n/a	STATUS	n/a	n/a	DI51
311.8160000000	n/a	n/a	STATUS	n/a	n/a	D255
312.2800000000	n/a	n/a	STATUS	n/a	n/a	DI31
312.3320000000	n/a	n/a	STATUS	n/a	n/a	D255
312.5920000000	n/a	n/a	STATUS	n/a	n/a	DIN5
312.6400000000	n/a	n/a	STATUS	n/a	n/a	D255
313.0720000000	n/a	n/a	STATUS	n/a	n/a	DI90
313.1200000000	n/a	n/a	STATUS	n/a	n/a	D255
313.1560000000	n/a	n/a	STATUS	n/a	n/a	DI52
313.2080000000	n/a	n/a	STATUS	n/a	n/a	D255
313.6160000000	n/a	n/a	STATUS	n/a	n/a	DI42
313.6680000000	n/a	n/a	STATUS	n/a	n/a	D255
313.9280000000	n/a	n/a	STATUS	n/a	n/a	DIN5
313.9760000000	n/a	n/a	STATUS	n/a	n/a	D255
314.4760000000	n/a	n/a	STATUS	n/a	n/a	D123
314.5280000000	n/a	n/a	STATUS	n/a	n/a	D255
314.5640000000	n/a	n/a	STATUS	n/a	n/a	DI51
314.6160000000	n/a	n/a	STATUS	n/a	n/a	D255
314.8680000000	n/a	n/a	STATUS	n/a	n/a	DI21
314.9200000000	n/a	n/a	STATUS	n/a	n/a	D255
314.9240000000	n/a	n/a	STATUS	n/a	n/a	DIN4
314.9760000000	n/a	n/a	STATUS	n/a	n/a	D255
315.7280000000	n/a	n/a	STATUS	n/a	n/a	DIN5
315.7800000000	n/a	n/a	STATUS	n/a	n/a	D255
316.2440000000	n/a	n/a	STATUS	n/a	n/a	D150
316.2960000000	n/a	n/a	STATUS	n/a	n/a	D255
316.3320000000	n/a	n/a	STATUS	n/a	n/a	DI53
316.3800000000	n/a	n/a	STATUS	n/a	n/a	D255
316.7520000000	n/a	n/a	STATUS	n/a	n/a	DI43
316.8000000000	n/a	n/a	STATUS	n/a	n/a	D255
317.0600000000	n/a	n/a	STATUS	n/a	n/a	DIN5
317.1120000000	n/a	n/a	STATUS	n/a	n/a	D255
317.4960000000	n/a	n/a	STATUS	n/a	n/a	D223
317.5440000000	n/a	n/a	STATUS	n/a	n/a	D255
317.5840000000	n/a	n/a	STATUS	n/a	n/a	DI53
317.6320000000	n/a	n/a	STATUS	n/a	n/a	D255
318.0240000000	n/a	n/a	STATUS	n/a	n/a	DI43
318.0760000000	n/a	n/a	STATUS	n/a	n/a	D255
318.3360000000	n/a	n/a	STATUS	n/a	n/a	DIN5
318.3840000000	n/a	n/a	STATUS	n/a	n/a	D255
318.7680000000	n/a	n/a	STATUS	n/a	n/a	D144
318.8200000000	n/a	n/a	STATUS	n/a	n/a	D255
318.8560000000	n/a	n/a	STATUS	n/a	n/a	DI51
318.9080000000	n/a	n/a	STATUS	n/a	n/a	D255
319.3640000000	n/a	n/a	STATUS	n/a	n/a	DI31
319.4120000000	n/a	n/a	STATUS	n/a	n/a	D255
319.6720000000	n/a	n/a	STATUS	n/a	n/a	DIN5
319.7200000000	n/a	n/a	STATUS	n/a	n/a	D255
320.0800000000	n/a	n/a	STATUS	n/a	n/a	D198
320.1320000000	n/a	n/a	STATUS	n/a	n/a	D255
320.1680000000	n/a	n/a	STATUS	n/a	n/a	DI51
320.2200000000	n/a	n/a	STATUS	n/a	n/a	D255
320.6600000000	n/a	n/a	STATUS	n/a	n/a	DI31
320.7120000000	n/a	n/a	STATUS	n/a	n/a	D255
320.9720000000	n/a	n/a	STATUS	n/a	n/a	DIN5
321.0200000000	n/a	n/a	STATUS	n/a	n/a	D255
321.5000000000	n/a	n/a	STATUS	n/a	n/a	DI89
321.5520000000	n/a	n/a	STATUS	n/a	n/a	D255
321.5880000000	n/a	n/a	STATUS	n/a	n/a	DI51
321.6400000000	n/a	n/a	STATUS	n/a	n/a	D255
322.0280000000	n/a	n/a	STATUS	n/a	n/a	DI31
322.0800000000	n/a	n/a	STATUS	n/a	n/a	D255
322.3400000000	n/a	n/a	STATUS	n/a	n/a	DIN5
322.3880000000	n/a	n/a	STATUS	n/a	n/a	D255
322.8920000000	n/a	n/a	STATUS	n/a	n/a	D225
322.9440000000	n/a	n/a	STATUS	n/a	n/a	D255
322.9800000000	n/a	n/a	STATUS	n/a	n/a	DI54
323.0320000000	n/a	n/a	STATUS	n/a	n/a	D255
323.3360000000	n/a	n/a	STATUS	n/a	n/a	DI34
323.3840000000	n/a	n/a	STATUS	n/a	n/a	D255
323.6440000000	n/a	n/a	STATUS	n/a	n/a	DIN5
323.6960000000	n/a	n/a	STATUS	n/a	n/a	D255
324.0480000000	n/a	n/a	STATUS	n/a	n/a	D250
324.1000000000	n/a	n/a	STATUS	n/a	n/a	D255
324.1360000000	n/a	n/a	STATUS	n/a	n/a	DI54
324.1880000000	n/a	n/a	STATUS	n/a	n/a	D255
324.5040000000	n/a	n/a	STATUS	n/a	n/a	DI34
324.5560000000	n/a	n/a	STATUS	n/a	n/a	D255
324.8160000000	n/a	n/a	STATUS	n/a	n/a	DIN5
324.8640000000	n/a	n/a	STATUS	n/a	n/a	D255
325.2840000000	n/a	n/a	STATUS	n/a	n/a	D107
325.3320000000	n/a	n/a	STATUS	n/a	n/a	D255
325.3720000000	n/a	n/a	STATUS	n/a	n/a	DI53
325.4200000000	n/a	n/a	STATUS	n/a	n/a	D255
325.7160000000	n/a	n/a	STATUS	n/a	n/a	DI43
325.7640000000	n/a	n/a	STATUS	n/a	n/a	D255
326.0240000000	n/a	n/a	STATUS	n/a	n/a	DIN5
326.0760000000	n/a	n/a	STATUS	n/a	n/a	D255
326.5280000000	n/a	n/a	STATUS	n/a	n/a	D188
326.5800000000	n/a	n/a	STATUS	n/a	n/a	D255
326.6160000000	n/a	n/a	STATUS	n/a	n/a	DI51
326.6680000000	n/a	n/a	STATUS	n/a	n/a	D255
327.1760000000	n/a	n/a	STATUS	n/a	n/a	DI31
327.2280000000	n/a	n/a	STATUS	n/a	n/a	D255
327.4840000000	n/a	n/a	STATUS	n/a	n/a	DIN5
327.5360000000	n/a	n/a	STATUS	n/a	n/a	D255
327.9640000000	n/a	n/a	STATUS	n/a	n/a	D168
328.0160000000	n/a	n/a	STATUS	n/a	n/a	D255
328.0520000000	n/a	n/a	STATUS	n/a	n/a	DI53
328.1040000000	n/a	n/a	STATUS	n/a	n/a	D255
328.3880000000	n/a	n/a	STATUS	n/a	n/a	DI43
328.4400000000	n/a	n/a	STATUS	n/a	n/a	D255
328.7000000000	n/a	n/a	STATUS	n/a	n/a	DIN5
328.7480000000	n/a	n/a	STATUS	n/a	n/a	D255
329.2240000000	n/a	n/a	STATUS	n/a	n/a	D136
329.2720000000	n/a	n/a	STATUS	n/a	n/a	D255
329.3120000000	n/a	n/a	STATUS	n/a	n/a	DI51
329.3600000000	n/a	n/a	STATUS	n/a	n/a	D255
329.7480000000	n/a	n/a	STATUS	n/a	n/a	DI31
329.7960000000	n/a	n/a	STATUS	n/a	n/a	D255
330.0560000000	n/a	n/a	STATUS	n/a	n/a	DIN5
330.1080000000	n/a	n/a	STATUS	n/a	n/a	D255
330.4320000000	n/a	n/a	STATUS	n/a	n/a	D175
330.4800000000	n/a	n/a	STATUS	n/a	n/a	D255
330.5200000000	n/a	n/a	STATUS	n/a	n/a	DI51
330.5680000000	n/a	n/a	STATUS	n/a	n/a	D255
331.0080000000	n/a	n/a	STATUS	n/a	n/a	DI31
331.0560000000	n/a	n/a	STATUS	n/a	n/a	D255
331.3160000000	n/a	n/a	STATUS	n/a	n/a	DIN5
331.3680000000	n/a	n/a	STATUS	n/a	n/a	D255
331.7320000000	n/a	n/a	STATUS	n/a	n/a	D155
331.7800000000	n/a	n/a	STATUS	n/a	n/a	D255
331.8200000000	n/a	n/a	STATUS	n/a	n/a	DI51
331.8680000000	n/a	n/a	STATUS	n/a	n/a	D255
332.3240000000	n/a	n/a	STATUS	n/a	n/a	DI31
332.3720000000	n/a	n/a	STATUS	n/a	n/a	D255
332.6320000000	n/a	n/a	STATUS	n/a	n/a	DIN5
332.6840000000	n/a	n/a	STATUS	n/a	n/a	D255
333.0760000000	n/a	n/a	STATUS	n/a	n/a	D238
333.1280000000	n/a	n/a	STATUS	n/a	n/a	D255
333.1640000000	n/a	n/a	STATUS	n/a	n/a	DI53
333.2160000000	n/a	n/a	STATUS	n/a	n/a	D255
333.5600000000	n/a	n/a	STATUS	n/a	n/a	DI43
333.6120000000	n/a	n/a	STATUS	n/a	n/a	D255
333.8680000000	n/a	n/a	STATUS	n/a	n/a	DIN5
333.9200000000	n/a	n/a	STATUS	n/a	n/a	D255
334.2560000000	n/a	n/a	STATUS	n/a	n/a	D132
334.3040000000	n/a	n/a	STATUS	n/a	n/a	D255
334.3440000000	n/a	n/a	STATUS	n/a	n/a	DI53
334.3920000000	n/a	n/a	STATUS	n/a	n/a	D255
334.7400000000	n/a	n/a	STATUS	n/a	n/a	DI43
334.7880000000	n/a	n/a	STATUS	n/a	n/a	D255
335.0480000000	n/a	n/a	STATUS	n/a	n/a	DIN5
335.1000000000	n/a	n/a	STATUS	n/a	n/a	D255
335.4200000000	n/a	n/a	STATUS	n/a	n/a	D164
335.4680000000	n/a	n/a	STATUS	n/a	n/a	D255
335.5040000000	n/a	n/a	STATUS	n/a	n/a	DI53
335.5560000000	n/a	n/a	STATUS	n/a	n/a	D255
335.9280000000	n/a	n/a	STATUS	n/a	n/a	DI43
335.9760000000	n/a	n/a	STATUS	n/a	n/a	D255
336.2360000000	n/a	n/a	STATUS	n/a	n/a	DIN5
336.2880000000	n/a	n/a	STATUS	n/a	n/a	D255
336.5920000000	n/a	n/a	STATUS	n/a	n/a	D210
336.6400000000	n/a	n/a	STATUS	n/a	n/a	D255
336.6800000000	n/a	n/a	STATUS	n/a	n/a	DI53
336.7280000000	n/a	n/a	STATUS	n/a	n/a	D255
337.0800000000	n/a	n/a	STATUS	n/a	n/a	DI43
337.1320000000	n/a	n/a	STATUS	n/a	n/a	D255
337.3920000000	n/a	n/a	STATUS	n/a	n/a	DIN5
337.4400000000	n/a	n/a	STATUS	n/a	n/a	D255
337.9040000000	n/a	n/a	STATUS	n/a	n/a	D153
337.9560000000	n/a	n/a	STATUS	n/a	n/a	D255
337.9920000000	n/a	n/a	STATUS	n/a	n/a	DI53
338.0440000000	n/a	n/a	STATUS	n/a	n/a	D255
338.2880000000	n/a	n/a	STATUS	n/a	n/a	DI43
338.3360000000	n/a	n/a	STATUS	n/a	n/a	D255
338.5960000000	n/a	n/a	STATUS	n/a	n/a	DIN5
338.6440000000	n/a	n/a	STATUS	n/a	n/a	D255
339.0040000000	n/a	n/a	STATUS	n/a	n/a	D133
339.0560000000	n/a	n/a	STATUS	n/a	n/a	D255
339.0920000000	n/a	n/a	STATUS	n/a	n/a	DI51
339.1440000000	n/a	n/a	STATUS	n/a	n/a	D255
339.5880000000	n/a	n/a	STATUS	n/a	n/a	DI31
339.6360000000	n/a	n/a	STATUS	n/a	n/a	D255
339.8960000000	n/a	n/a	STATUS	n/a	n/a	DIN5
339.9480000000	n/a	n/a	STATUS	n/a	n/a	D255
340.3080000000	n/a	n/a	STATUS	n/a	n/a	D195
340.3560000000	n/a	n/a	STATUS	n/a	n/a	D255
340.3920000000	n/a	n/a	STATUS	n/a	n/a	DI52
340.4440000000	n/a	n/a	STATUS	n/a	n/a	D255
340.8360000000	n/a	n/a	STATUS	n/a	n/a	DI42
340.8880000000	n/a	n/a	STATUS	n/a	n/a	D255
341.1440000000	n/a	n/a	STATUS	n/a	n/a	DIN5
341.1960000000	n/a	n/a	STATUS	n/a	n/a	D255
341.6200000000	n/a	n/a	STATUS	n/a	n/a	D173
341.6720000000	n/a	n/a	STATUS	n/a	n/a	D255
341.7080000000	n/a	n/a	STATUS	n/a	n/a	DI53
341.7600000000	n/a	n/a	STATUS	n/a	n/a	D255
342.1160000000	n/a	n/a	STATUS	n/a	n/a	DI43
342.1680000000	n/a	n/a	STATUS	n/a	n/a	D255
342.4280000000	n/a	n/a	STATUS	n/a	n/a	DIN5
342.4760000000	n/a	n/a	STATUS	n/a	n/a	D255
342.9320000000	n/a	n/a	STATUS	n/a	n/a	D149
342.9800000000	n/a	n/a	STATUS	n/a	n/a	D255
343.0200000000	n/a	n/a	STATUS	n/a	n/a	DI54
343.0720000000	n/a	n/a	STATUS	n/a	n/a	D255
343.3840000000	n/a	n/a	STATUS	n/a	n/a	DI34
343.4320000000	n/a	n/a	STATUS	n/a	n/a	D255
343.6920000000	n/a	n/a	STATUS	n/a	n/a	DIN5
343.7400000000	n/a	n/a	STATUS	n/a	n/a	D255
344.1800000000	n/a	n/a	STATUS	n/a	n/a	DI80
344.2320000000	n/a	n/a	STATUS	n/a	n/a	D255
344.2680000000	n/a	n/a	STATUS	n/a	n/a	DI51
344.3200000000	n/a	n/a	STATUS	n/a	n/a	D255
344.7120000000	n/a	n/a	STATUS	n/a	n/a	DI31
344.7640000000	n/a	n/a	STATUS	n/a	n/a	D255
345.0240000000	n/a	n/a	STATUS	n/a	n/a	DIN5
345.0720000000	n/a	n/a	STATUS	n/a	n/a	D255
345.5680000000	n/a	n/a	STATUS	n/a	n/a	D112
345.6160000000	n/a	n/a	STATUS	n/a	n/a	D255
345.6560000000	n/a	n/a	STATUS	n/a	n/a	DI51
345.7040000000	n/a	n/a	STATUS	n/a	n/a	D255
346.1680000000	n/a	n/a	STATUS	n/a	n/a	DI31
346.2200000000	n/a	n/a	STATUS	n/a	n/a	D255
346.4760000000	n/a	n/a	STATUS	n/a	n/a	DIN5
346.5280000000	n/a	n/a	STATUS	n/a	n/a	D255
346.9200000000	n/a	n/a	STATUS	n/a	n/a	D194
346.9720000000	n/a	n/a	STATUS	n/a	n/a	D255
347.0080000000	n/a	n/a	STATUS	n/a	n/a	DI53
347.0600000000	n/a	n/a	STATUS	n/a	n/a	D255
347.3920000000	n/a	n/a	STATUS	n/a	n/a	DI43
347.4440000000	n/a	n/a	STATUS	n/a	n/a	D255
347.7040000000	n/a	n/a	STATUS	n/a	n/a	DIN5
347.7520000000	n/a	n/a	STATUS	n/a	n/a	D255
348.1640000000	n/a	n/a	STATUS	n/a	n/a	D242
348.2120000000	n/a	n/a	STATUS	n/a	n/a	D255
348.2520000000	n/a	n/a	STATUS	n/a	n/a	DI52
348.3000000000	n/a	n/a	STATUS	n/a	n/a	D255
348.7680000000	n/a	n/a	STATUS	n/a	n/a	DI42
348.8160000000	n/a	n/a	STATUS	n/a	n/a	D255
349.0760000000	n/a	n/a	STATUS	n/a	n/a	DIN5
349.1280000000	n/a	n/a	STATUS	n/a	n/a	D255
349.6320000000	n/a	n/a	STATUS	n/a	n/a	DI76
349.6800000000	n/a	n/a	STATUS	n/a	n/a	D255
349.7200000000	n/a	n/a	STATUS	n/a	n/a	DI51
349.7680000000	n/a	n/a	STATUS	n/a	n/a	D255
350.1520000000	n/a	n/a	STATUS	n/a	n/a	DI31
350.2000000000	n/a	n/a	STATUS	n/a	n/a	D255
350.4600000000	n/a	n/a	STATUS	n/a	n/a	DIN5
350.5120000000	n/a	n/a	STATUS	n/a	n/a	D255
350.8200000000	n/a	n/a	STATUS	n/a	n/a	D245
350.8720000000	n/a	n/a	STATUS	n/a	n/a	D255
350.9080000000	n/a	n/a	STATUS	n/a	n/a	DI52
350.9600000000	n/a	n/a	STATUS	n/a	n/a	D255
351.3480000000	n/a	n/a	STATUS	n/a	n/a	DI42
351.4000000000	n/a	n/a	STATUS	n/a	n/a	D255
351.6600000000	n/a	n/a	STATUS	n/a	n/a	DIN5
351.7080000000	n/a	n/a	STATUS	n/a	n/a	D255
352.1840000000	n/a	n/a	STATUS	n/a	n/a	D125
352.2360000000	n/a	n/a	STATUS	n/a	n/a	D255
352.2720000000	n/a	n/a	STATUS	n/a	n/a	DI52
352.3200000000	n/a	n/a	STATUS	n/a	n/a	D255
352.6760000000	n/a	n/a	STATUS	n/a	n/a	DI42
352.7280000000	n/a	n/a	STATUS	n/a	n/a	D255
352.9880000000	n/a	n/a	STATUS	n/a	n/a	DIN5
353.0360000000	n/a	n/a	STATUS	n/a	n/a	D255
353.3880000000	n/a	n/a	STATUS	n/a	n/a	D207
353.4360000000	n/a	n/a	STATUS	n/a	n/a	D255
353.4720000000	n/a	n/a	STATUS	n/a	n/a	DI53
353.5240000000	n/a	n/a	STATUS	n/a	n/a	D255
354.0160000000	n/a	n/a	STATUS	n/a	n/a	DI43
354.0640000000	n/a	n/a	STATUS	n/a	n/a	D255
354.3240000000	n/a	n/a	STATUS	n/a	n/a	DIN5
354.3760000000	n/a	n/a	STATUS	n/a	n/a	D255
354.7640000000	n/a	n/a	STATUS	n/a	n/a	DI66
354.8160000000	n/a	n/a	STATUS	n/a	n/a	D255
354.8520000000	n/a	n/a	STATUS	n/a	n/a	DI54
354.9000000000	n/a	n/a	STATUS	n/a	n/a	D255
355.2480000000	n/a	n/a	STATUS	n/a	n/a	DI34
355.3000000000	n/a	n/a	STATUS	n/a	n/a	D255
355.5560000000	n/a	n/a	STATUS	n/a	n/a	DIN5
355.6080000000	n/a	n/a	STATUS	n/a	n/a	D255
355.9880000000	n/a	n/a	STATUS	n/a	n/a	D147
356.0360000000	n/a	n/a	STATUS	n/a	n/a	D255
356.0760000000	n/a	n/a	STATUS	n/a	n/a	DI52
356.1240000000	n/a	n/a	STATUS	n/a	n/a	D255
356.4960000000	n/a	n/a	STATUS	n/a	n/a	DI42
356.5480000000	n/a	n/a	STATUS	n/a	n/a	D255
356.8080000000	n/a	n/a	STATUS	n/a	n/a	DIN5
356.8560000000	n/a	n/a	STATUS	n/a	n/a	D255
357.2120000000	n/a	n/a	STATUS	n/a	n/a	DI77
357.2640000000	n/a	n/a	STATUS	n/a	n/a	D255
357.3000000000	n/a	n/a	STATUS	n/a	n/a	DI53
357.3520000000	n/a	n/a	STATUS	n/a	n/a	D255
357.6480000000	n/a	n/a	STATUS	n/a	n/a	DI43
357.6960000000	n/a	n/a	STATUS	n/a	n/a	D255
357.9560000000	n/a	n/a	STATUS	n/a	n/a	DIN5
358.0080000000	n/a	n/a	STATUS	n/a	n/a	D255
358.4600000000	n/a	n/a	STATUS	n/a	n/a	D111
358.5120000000	n/a	n/a	STATUS	n/a	n/a	D255
358.5480000000	n/a	n/a	STATUS	n/a	n/a	DI51
358.6000000000	n/a	n/a	STATUS	n/a	n/a	D255
359.0480000000	n/a	n/a	STATUS	n/a	n/a	DI31
359.0960000000	n/a	n/a	STATUS	n/a	n/a	D255
359.3560000000	n/a	n/a	STATUS	n/a	n/a	DIN5
359.4080000000	n/a	n/a	STATUS	n/a	n/a	D255
359.7520000000	n/a	n/a	STATUS	n/a	n/a	D213
359.8000000000	n/a	n/a	STATUS	n/a	n/a	D255
359.8360000000	n/a	n/a	STATUS	n/a	n/a	DI53
359.8880000000	n/a	n/a	STATUS	n/a	n/a	D255
360.2200000000	n/a	n/a	STATUS	n/a	n/a	DI43
360.2720000000	n/a	n/a	STATUS	n/a	n/a	D255
360.5320000000	n/a	n/a	STATUS	n/a	n/a	DIN5
360.5800000000	n/a	n/a	STATUS	n/a	n/a	D255
360.9480000000	n/a	n/a	STATUS	n/a	n/a	DI71
361.0000000000	n/a	n/a	STATUS	n/a	n/a	D255
361.0360000000	n/a	n/a	STATUS	n/a	n/a	DI52
361.0880000000	n/a	n/a	STATUS	n/a	n/a	D255
361.5800000000	n/a	n/a	STATUS	n/a	n/a	DI42
361.6280000000	n/a	n/a	STATUS	n/a	n/a	D255
361.8880000000	n/a	n/a	STATUS	n/a	n/a	DIN5
361.9400000000	n/a	n/a	STATUS	n/a	n/a	D255
362.4240000000	n/a	n/a	STATUS	n/a	n/a	D167
362.4720000000	n/a	n/a	STATUS	n/a	n/a	D255
362.5120000000	n/a	n/a	STATUS	n/a	n/a	DI53
362.5600000000	n/a	n/a	STATUS	n/a	n/a	D255
362.9000000000	n/a	n/a	STATUS	n/a	n/a	DI43
362.9520000000	n/a	n/a	STATUS	n/a	n/a	D255
363.2120000000	n/a	n/a	STATUS	n/a	n/a	DIN5
363.2600000000	n/a	n/a	STATUS	n/a	n/a	D255
363.6400000000	n/a	n/a	STATUS	n/a	n/a	D165
363.6920000000	n/a	n/a	STATUS	n/a	n/a	D255
363.7280000000	n/a	n/a	STATUS	n/a	n/a	DI53
363.7800000000	n/a	n/a	STATUS	n/a	n/a	D255
364.0920000000	n/a	n/a	STATUS	n/a	n/a	DI43
364.1400000000	n/a	n/a	STATUS	n/a	n/a	D255
364.4000000000	n/a	n/a	STATUS	n/a	n/a	DIN5
364.4520000000	n/a	n/a	STATUS	n/a	n/a	D255
364.8800000000	n/a	n/a	STATUS	n/a	n/a	DI84
364.9280000000	n/a	n/a	STATUS	n/a	n/a	D255
364.9680000000	n/a	n/a	STATUS	n/a	n/a	DI52
365.0160000000	n/a	n/a	STATUS	n/a	n/a	D255
365.4440000000	n/a	n/a	STATUS	n/a	n/a	DI42
365.4920000000	n/a	n/a	STATUS	n/a	n/a	D235
365.4960000000	n/a	n/a	STATUS	n/a	n/a	D255
398.3480000000	n/a	n/a	STATUS	n/a	n/a	DIN5
398.3960000000	n/a	n/a	STATUS	n/a	n/a	D255
398.9000000000	n/a	n/a	STATUS	n/a	n/a	D168
398.9520000000	n/a	n/a	STATUS	n/a	n/a	D255
398.9880000000	n/a	n/a	STATUS	n/a	n/a	DI51
399.0400000000	n/a	n/a	STATUS	n/a	n/a	D255
399.4280000000	n/a	n/a	STATUS	n/a	n/a	DI31
399.4800000000	n/a	n/a	STATUS	n/a	n/a	D255
399.7400000000	n/a	n/a	STATUS	n/a	n/a	DIN5
399.7880000000	n/a	n/a	STATUS	n/a	n/a	D255
400.2040000000	n/a	n/a	STATUS	n/a	n/a	D115
400.2520000000	n/a	n/a	STATUS	n/a	n/a	D255
400.2920000000	n/a	n/a	STATUS	n/a	n/a	DI53
400.3400000000	n/a	n/a	STATUS	n/a	n/a	D255
400.5680000000	n/a	n/a	STATUS	n/a	n/a	DI43
400.6160000000	n/a	n/a	STATUS	n/a	n/a	D255
400.8760000000	n/a	n/a	STATUS	n/a	n/a	DIN5
400.9280000000	n/a	n/a	STATUS	n/a	n/a	D255
401.4080000000	n/a	n/a	STATUS	n/a	n/a	DI72
401.4560000000	n/a	n/a	STATUS	n/a	n/a	D255
401.4960000000	n/a	n/a	STATUS	n/a	n/a	DI52
401.5440000000	n/a	n/a	STATUS	n/a	n/a	D255
401.9120000000	n/a	n/a	STATUS	n/a	n/a	DI42
401.9600000000	n/a	n/a	STATUS	n/a	n/a	D255
402.2200000000	n/a	n/a	STATUS	n/a	n/a	DIN5
402.2720000000	n/a	n/a	STATUS	n/a	n/a	D255
402.7600000000	n/a	n/a	STATUS	n/a	n/a	D179
402.8120000000	n/a	n/a	STATUS	n/a	n/a	D255
402.8480000000	n/a	n/a	STATUS	n/a	n/a	DI54
402.8960000000	n/a	n/a	STATUS	n/a	n/a	D255
403.1560000000	n/a	n/a	STATUS	n/a	n/a	DI34
403.2080000000	n/a	n/a	STATUS	n/a	n/a	D255
403.4640000000	n/a	n/a	STATUS	n/a	n/a	DIN5
403.5160000000	n/a	n/a	STATUS	n/a	n/a	D255
403.9560000000	n/a	n/a	STATUS	n/a	n/a	D104
404.0040000000	n/a	n/a	STATUS	n/a	n/a	D255
404.0440000000	n/a	n/a	STATUS	n/a	n/a	DI53
404.0920000000	n/a	n/a	STATUS	n/a	n/a	D255
404.3000000000	n/a	n/a	STATUS	n/a	n/a	DI43
404.3480000000	n/a	n/a	STATUS	n/a	n/a	D255
404.6080000000	n/a	n/a	STATUS	n/a	n/a	DIN5
404.6560000000	n/a	n/a	STATUS	n/a	n/a	D255
405.0280000000	n/a	n/a	STATUS	n/a	n/a	D114
405.0760000000	n/a	n/a	STATUS	n/a	n/a	D255
405.1160000000	n/a	n/a	STATUS	n/a	n/a	DI53
405.1640000000	n/a	n/a	STATUS	n/a	n/a	D255
405.4040000000	n/a	n/a	STATUS	n/a	n/a	DI43
405.4520000000	n/a	n/a	STATUS	n/a	n/a	D255
405.7120000000	n/a	n/a	STATUS	n/a	n/a	DIN5
405.7640000000	n/a	n/a	STATUS	n/a	n/a	D255
406.2320000000	n/a	n/a	STATUS	n/a	n/a	D131
406.2840000000	n/a	n/a	STATUS	n/a	n/a	D255
406.3200000000	n/a	n/a	STATUS	n/a	n/a	DI51
406.3720000000	n/a	n/a	STATUS	n/a	n/a	D255
406.5880000000	n/a	n/a	STATUS	n/a	n/a	DI21
406.6400000000	n/a	n/a	STATUS	n/a	n/a	D255
406.6440000000	n/a	n/a	STATUS	n/a	n/a	DIN4
406.6920000000	n/a	n/a	STATUS	n/a	n/a	D255
407.4480000000	n/a	n/a	STATUS	n/a	n/a	DIN5
407.5000000000	n/a	n/a	STATUS	n/a	n/a	D255
407.9880000000	n/a	n/a	STATUS	n/a	n/a	DI88
408.0400000000	n/a	n/a	STATUS	n/a	n/a	D255
408.0760000000	n/a	n/a	STATUS	n/a	n/a	DI52
408.1240000000	n/a	n/a	STATUS	n/a	n/a	D255
408.5080000000	n/a	n/a	STATUS	n/a	n/a	DI42
408.5600000000	n/a	n/a	STATUS	n/a	n/a	D255
408.8200000000	n/a	n/a	STATUS	n/a	n/a	DIN5
408.8680000000	n/a	n/a	STATUS	n/a	n/a	D255
409.2960000000	n/a	n/a	STATUS	n/a	n/a	D189
409.3480000000	n/a	n/a	STATUS	n/a	n/a	D255
409.3840000000	n/a	n/a	STATUS	n/a	n/a	DI51
409.4360000000	n/a	n/a	STATUS	n/a	n/a	D255
409.8600000000	n/a	n/a	STATUS	n/a	n/a	DI31
409.9080000000	n/a	n/a	STATUS	n/a	n/a	D255
410.1680000000	n/a	n/a	STATUS	n/a	n/a	DIN5
410.2160000000	n/a	n/a	STATUS	n/a	n/a	D255
410.5520000000	n/a	n/a	STATUS	n/a	n/a	D146
410.6000000000	n/a	n/a	STATUS	n/a	n/a	D255
410.6400000000	n/a	n/a	STATUS	n/a	n/a	DI54
410.6920000000	n/a	n/a	STATUS	n/a	n/a	D255
410.9800000000	n/a	n/a	STATUS	n/a	n/a	DI34
411.0320000000	n/a	n/a	STATUS	n/a	n/a	D255
411.2920000000	n/a	n/a	STATUS	n/a	n/a	DIN5
411.3400000000	n/a	n/a	STATUS	n/a	n/a	D255
411.8360000000	n/a	n/a	STATUS	n/a	n/a	DI67
411.8840000000	n/a	n/a	STATUS	n/a	n/a	D255
411.9240000000	n/a	n/a	STATUS	n/a	n/a	DI52
411.9720000000	n/a	n/a	STATUS	n/a	n/a	D255
412.2360000000	n/a	n/a	STATUS	n/a	n/a	DI12
412.2840000000	n/a	n/a	STATUS	n/a	n/a	D255
412.2880000000	n/a	n/a	STATUS	n/a	n/a	DIN4
412.3400000000	n/a	n/a	STATUS	n/a	n/a	D255
413.0960000000	n/a	n/a	STATUS	n/a	n/a	DIN5
413.1440000000	n/a	n/a	STATUS	n/a	n/a	D255
413.5840000000	n/a	n/a	STATUS	n/a	n/a	D207
413.6360000000	n/a	n/a	STATUS	n/a	n/a	D255
413.6720000000	n/a	n/a	STATUS	n/a	n/a	DI52
413.7240000000	n/a	n/a	STATUS	n/a	n/a	D255
414.1400000000	n/a	n/a	STATUS	n/a	n/a	DI42
414.1920000000	n/a	n/a	STATUS	n/a	n/a	D255
414.4480000000	n/a	n/a	STATUS	n/a	n/a	DIN5
414.5000000000	n/a	n/a	STATUS	n/a	n/a	D255
414.9520000000	n/a	n/a	STATUS	n/a	n/a	D233
415.0040000000	n/a	n/a	STATUS	n/a	n/a	D255
415.0400000000	n/a	n/a	STATUS	n/a	n/a	DI54
415.0920000000	n/a	n/a	STATUS	n/a	n/a	D255
415.3800000000	n/a	n/a	STATUS	n/a	n/a	DI34
415.4280000000	n/a	n/a	STATUS	n/a	n/a	D255
415.6880000000	n/a	n/a	STATUS	n/a	n/a	DIN5
415.7400000000	n/a	n/a	STATUS	n/a	n/a	D255
416.1840000000	n/a	n/a	STATUS	n/a	n/a	D203
416.2320000000	n/a	n/a	STATUS	n/a	n/a	D255
416.2720000000	n/a	n/a	STATUS	n/a	n/a	DI53
416.3200000000	n/a	n/a	STATUS	n/a	n/a	D255
416.5760000000	n/a	n/a	STATUS	n/a	n/a	DI43
416.6240000000	n/a	n/a	STATUS	n/a	n/a	D255
416.8840000000	n/a	n/a	STATUS	n/a	n/a	DIN5
416.9360000000	n/a	n/a	STATUS	n/a	n/a	D255
417.2400000000	n/a	n/a	STATUS	n/a	n/a	D240
417.2880000000	n/a	n/a	STATUS	n/a	n/a	D255
417.3280000000	n/a	n/a	STATUS	n/a	n/a	DI54
417.3760000000	n/a	n/a	STATUS	n/a	n/a	D255
417.6680000000	n/a	n/a	STATUS	n/a	n/a	DI34
417.7200000000	n/a	n/a	STATUS	n/a	n/a	D255
417.9800000000	n/a	n/a	STATUS	n/a	n/a	DIN5
418.0280000000	n/a	n/a	STATUS	n/a	n/a	D255
418.3400000000	n/a	n/a	STATUS	n/a	n/a	D222
418.3880000000	n/a	n/a	STATUS	n/a	n/a	D255
418.4280000000	n/a	n/a	STATUS	n/a	n/a	DI52
418.4760000000	n/a	n/a	STATUS	n/a	n/a	D255
418.8160000000	n/a	n/a	STATUS	n/a	n/a	DI12
418.8640000000	n/a	n/a	STATUS	n/a	n/a	D255
418.8680000000	n/a	n/a	STATUS	n/a	n/a	DIN4
418.9200000000	n/a	n/a	STATUS	n/a	n/a	D255
418.9200000000	n/a	n/a	STATUS	n/a	n/a	D229
419.6720000000	n/a	n/a	STATUS	n/a	n/a	DIN5
419.7240000000	n/a	n/a	STATUS	n/a	n/a	D255
420.1600000000	n/a	n/a	STATUS	n/a	n/a	D247
420.2080000000	n/a	n/a	STATUS	n/a	n/a	D255
420.2480000000	n/a	n/a	STATUS	n/a	n/a	DI52
420.2960000000	n/a	n/a	STATUS	n/a	n/a	D255
420.6560000000	n/a	n/a	STATUS	n/a	n/a	DI42
420.7080000000	n/a	n/a	STATUS	n/a	n/a	D255
420.9640000000	n/a	n/a	STATUS	n/a	n/a	DIN5
421.0160000000	n/a	n/a	STATUS	n/a	n/a	D255
421.5040000000	n/a	n/a	STATUS	n/a	n/a	D144
421.5560000000	n/a	n/a	STATUS	n/a	n/a	D255
421.5920000000	n/a	n/a	STATUS	n/a	n/a	DI54
421.6440000000	n/a	n/a	STATUS	n/a	n/a	D255
421.8800000000	n/a	n/a	STATUS	n/a	n/a	DI34
421.9320000000	n/a	n/a	STATUS	n/a	n/a	D255
422.1920000000	n/a	n/a	STATUS	n/a	n/a	DIN5
422.2400000000	n/a	n/a	STATUS	n/a	n/a	D255
422.7160000000	n/a	n/a	STATUS	n/a	n/a	D220
422.7640000000	n/a	n/a	STATUS	n/a	n/a	D255
422.8040000000	n/a	n/a	STATUS	n/a	n/a	DI54
422.8520000000	n/a	n/a	STATUS	n/a	n/a	D255
423.1440000000	n/a	n/a	STATUS	n/a	n/a	DI34
423.1960000000	n/a	n/a	STATUS	n/a	n/a	D255
423.4560000000	n/a	n/a	STATUS	n/a	n/a	DIN5
423.5040000000	n/a	n/a	STATUS	n/a	n/a	D255
423.9440000000	n/a	n/a	STATUS	n/a	n/a	D169
423.9960000000	n/a	n/a	STATUS	n/a	n/a	D255
424.0320000000	n/a	n/a	STATUS	n/a	n/a	DI52
424.0800000000	n/a	n/a	STATUS	n/a	n/a	D255
424.4840000000	n/a	n/a	STATUS	n/a	n/a	DI42
424.5360000000	n/a	n/a	STATUS	n/a	n/a	D255
424.7960000000	n/a	n/a	STATUS	n/a	n/a	DIN5
424.8440000000	n/a	n/a	STATUS	n/a	n/a	D255
425.3160000000	n/a	n/a	STATUS	n/a	n/a	D232
425.3640000000	n/a	n/a	STATUS	n/a	n/a	D255
425.4040000000	n/a	n/a	STATUS	n/a	n/a	DI54
425.4520000000	n/a	n/a	STATUS	n/a	n/a	D255
425.7200000000	n/a	n/a	STATUS	n/a	n/a	DI34
425.7720000000	n/a	n/a	STATUS	n/a	n/a	D255
426.0280000000	n/a	n/a	STATUS	n/a	n/a	DIN5
426.0800000000	n/a	n/a	STATUS	n/a	n/a	D255
426.4200000000	n/a	n/a	STATUS	n/a	n/a	D103
426.4680000000	n/a	n/a	STATUS	n/a	n/a	D255
426.5080000000	n/a	n/a	STATUS	n/a	n/a	DI53
426.5560000000	n/a	n/a	STATUS	n/a	n/a	D255
426.8240000000	n/a	n/a	STATUS	n/a	n/a	DI43
426.8760000000	n/a	n/a	STATUS	n/a	n/a	D255
427.1360000000	n/a	n/a	STATUS	n/a	n/a	DIN5
427.1840000000	n/a	n/a	STATUS	n/a	n/a	D255
427.5520000000	n/a	n/a	STATUS	n/a	n/a	DI66
427.6040000000	n/a	n/a	STATUS	n/a	n/a	D255
427.6400000000	n/a	n/a	STATUS	n/a	n/a	DI51
427.6920000000	n/a	n/a	STATUS	n/a	n/a	D255
427.9360000000	n/a	n/a	STATUS	n/a	n/a	DI21
427.9880000000	n/a	n/a	STATUS	n/a	n/a	D255
427.9920000000	n/a	n/a	STATUS	n/a	n/a	DIN4
428.0400000000	n/a	n/a	STATUS	n/a	n/a	D255
428.7960000000	n/a	n/a	STATUS	n/a	n/a	DIN5
428.8480000000	n/a	n/a	STATUS	n/a	n/a	D255
429.2920000000	n/a	n/a	STATUS	n/a	n/a	D167
429.3400000000	n/a	n/a	STATUS	n/a	n/a	D255
429.3800000000	n/a	n/a	STATUS	n/a	n/a	DI53
429.4280000000	n/a	n/a	STATUS	n/a	n/a	D255
429.6720000000	n/a	n/a	STATUS	n/a	n/a	DI43
429.7200000000	n/a	n/a	STATUS	n/a	n/a	D255
429.9800000000	n/a	n/a	STATUS	n/a	n/a	DIN5
430.0280000000	n/a	n/a	STATUS	n/a	n/a	D255
430.4160000000	n/a	n/a	STATUS	n/a	n/a	D249
430.4640000000	n/a	n/a	STATUS	n/a	n/a	D255
430.5040000000	n/a	n/a	STATUS	n/a	n/a	DI52
430.5520000000	n/a	n/a	STATUS	n/a	n/a	D255
430.9840000000	n/a	n/a	STATUS	n/a	n/a	DI42
431.0320000000	n/a	n/a	STATUS	n/a	n/a	D255
431.2920000000	n/a	n/a	STATUS	n/a	n/a	DIN5
431.3440000000	n/a	n/a	STATUS	n/a	n/a	D255
431.7720000000	n/a	n/a	STATUS	n/a	n/a	D106
431.8240000000	n/a	n/a	STATUS	n/a	n/a	D255
431.8600000000	n/a	n/a	STATUS	n/a	n/a	DI53
431.9120000000	n/a	n/a	STATUS	n/a	n/a	D255
432.2000000000	n/a	n/a	STATUS	n/a	n/a	DI43
432.2520000000	n/a	n/a	STATUS	n/a	n/a	D255
432.5080000000	n/a	n/a	STATUS	n/a	n/a	DIN5
432.5600000000	n/a	n/a	STATUS	n/a	n/a	D255
432.9320000000	n/a	n/a	STATUS	n/a	n/a	D110
432.9840000000	n/a	n/a	STATUS	n/a	n/a	D255
433.0240000000	n/a	n/a	STATUS	n/a	n/a	DI53
433.0720000000	n/a	n/a	STATUS	n/a	n/a	D255
433.2920000000	n/a	n/a	STATUS	n/a	n/a	DI43
433.3440000000	n/a	n/a	STATUS	n/a	n/a	D255
433.6000000000	n/a	n/a	STATUS	n/a	n/a	DIN5
433.6520000000	n/a	n/a	STATUS	n/a	n/a	D255
433.9720000000	n/a	n/a	STATUS	n/a	n/a	D195
434.0200000000	n/a	n/a	STATUS	n/a	n/a	D255
434.0600000000	n/a	n/a	STATUS	n/a	n/a	DI54
434.1080000000	n/a	n/a	STATUS	n/a	n/a	D255
434.4160000000	n/a	n/a	STATUS	n/a	n/a	DI34
434.4640000000	n/a	n/a	STATUS	n/a	n/a	D255
434.7240000000	n/a	n/a	STATUS	n/a	n/a	DIN5
434.7760000000	n/a	n/a	STATUS	n/a	n/a	D255
435.1400000000	n/a	n/a	STATUS	n/a	n/a	D221
435.1880000000	n/a	n/a	STATUS	n/a	n/a	D255
435.2240000000	n/a	n/a	STATUS	n/a	n/a	DI54
435.2760000000	n/a	n/a	STATUS	n/a	n/a	D255
435.5080000000	n/a	n/a	STATUS	n/a	n/a	DI34
435.5600000000	n/a	n/a	STATUS	n/a	n/a	D255
435.8200000000	n/a	n/a	STATUS	n/a	n/a	DIN5
435.8680000000	n/a	n/a	STATUS	n/a	n/a	D255
436.2520000000	n/a	n/a	STATUS	n/a	n/a	DI90
436.3040000000	n/a	n/a	STATUS	n/a	n/a	D255
436.3400000000	n/a	n/a	STATUS	n/a	n/a	DI51
436.3920000000	n/a	n/a	STATUS	n/a	n/a	D255
436.5880000000	n/a	n/a	STATUS	n/a	n/a	DI21
436.6360000000	n/a	n/a	STATUS	n/a	n/a	D255
436.6400000000	n/a	n/a	STATUS	n/a	n/a	DIN4
436.6920000000	n/a	n/a	STATUS	n/a	n/a	D255
437.4480000000	n/a	n/a	STATUS	n/a	n/a	DIN5
437.4960000000	n/a	n/a	STATUS	n/a	n/a	D255
437.9680000000	n/a	n/a	STATUS	n/a	n/a	D253
438.0160000000	n/a	n/a	STATUS	n/a	n/a	D255
438.0560000000	n/a	n/a	STATUS	n/a	n/a	DI53
438.1040000000	n/a	n/a	STATUS	n/a	n/a	D255
438.3560000000	n/a	n/a	STATUS	n/a	n/a	DI43
438.4040000000	n/a	n/a	STATUS	n/a	n/a	D255
438.6640000000	n/a	n/a	STATUS	n/a	n/a	DIN5
438.7120000000	n/a	n/a	STATUS	n/a	n/a	D255
439.0720000000	n/a	n/a	STATUS	n/a	n/a	D108
439.1240000000	n/a	n/a	STATUS	n/a	n/a	D255
439.1600000000	n/a	n/a	STATUS	n/a	n/a	DI53
439.2120000000	n/a	n/a	STATUS	n/a	n/a	D255
439.4760000000	n/a	n/a	STATUS	n/a	n/a	DI43
439.5240000000	n/a	n/a	STATUS	n/a	n/a	D255
439.7840000000	n/a	n/a	STATUS	n/a	n/a	DIN5
439.8360000000	n/a	n/a	STATUS	n/a	n/a	D255
440.1840000000	n/a	n/a	STATUS	n/a	n/a	D172
440.2360000000	n/a	n/a	STATUS	n/a	n/a	D255
440.2720000000	n/a	n/a	STATUS	n/a	n/a	DI53
440.3200000000	n/a	n/a	STATUS	n/a	n/a	D255
440.5520000000	n/a	n/a	STATUS	n/a	n/a	DI43
440.6000000000	n/a	n/a	STATUS	n/a	n/a	D255
440.8600000000	n/a	n/a	STATUS	n/a	n/a	DIN5
440.9120000000	n/a	n/a	STATUS	n/a	n/a	D255
441.3960000000	n/a	n/a	STATUS	n/a	n/a	D211
441.4480000000	n/a	n/a	STATUS	n/a	n/a	D255
441.4840000000	n/a	n/a	STATUS	n/a	n/a	DI51
441.5360000000	n/a	n/a	STATUS	n/a	n/a	D255
441.6920000000	n/a	n/a	STATUS	n/a	n/a	DI21
441.7400000000	n/a	n/a	STATUS	n/a	n/a	D255
441.7440000000	n/a	n/a	STATUS	n/a	n/a	DIN4
441.7960000000	n/a	n/a	STATUS	n/a	n/a	D255
441.7960000000	n/a	n/a	STATUS	n/a	n/a	D231
442.5520000000	n/a	n/a	STATUS	n/a	n/a	DIN5
442.6000000000	n/a	n/a	STATUS	n/a	n/a	D255
442.9520000000	n/a	n/a	STATUS	n/a	n/a	D199
443.0000000000	n/a	n/a	STATUS	n/a	n/a	D255
443.0400000000	n/a	n/a	STATUS	n/a	n/a	DI53
443.0880000000	n/a	n/a	STATUS	n/a	n/a	D255
443.3480000000	n/a	n/a	STATUS	n/a	n/a	DI43
443.4000000000	n/a	n/a	STATUS	n/a	n/a	D255
443.6560000000	n/a	n/a	STATUS	n/a	n/a	DIN5
443.7080000000	n/a	n/a	STATUS	n/a	n/a	D255
444.2080000000	n/a	n/a	STATUS	n/a	n/a	D192
444.2560000000	n/a	n/a	STATUS	n/a	n/a	D195
444.2600000000	n/a	n/a	STATUS	n/a	n/a	D255
444.2960000000	n/a	n/a	STATUS	n/a	n/a	DI53
444.3440000000	n/a	n/a	STATUS	n/a	n/a	D255
444.5840000000	n/a	n/a	STATUS	n/a	n/a	DI43
444.6320000000	n/a	n/a	STATUS	n/a	n/a	D255
444.8920000000	n/a	n/a	STATUS	n/a	n/a	DIN5
444.9440000000	n/a	n/a	STATUS	n/a	n/a	D255
445.4440000000	n/a	n/a	STATUS	n/a	n/a	D206
445.4920000000	n/a	n/a	STATUS	n/a	n/a	D255
445.5320000000	n/a	n/a	STATUS	n/a	n/a	DI53
445.5800000000	n/a	n/a	STATUS	n/a	n/a	D255
445.8400000000	n/a	n/a	STATUS	n/a	n/a	DI43
445.8880000000	n/a	n/a	STATUS	n/a	n/a	D255
446.1480000000	n/a	n/a	STATUS	n/a	n/a	DIN5
446.2000000000	n/a	n/a	STATUS	n/a	n/a	D255
446.6040000000	n/a	n/a	STATUS	n/a	n/a	DI65
446.6520000000	n/a	n/a	STATUS	n/a	n/a	D255
446.6920000000	n/a	n/a	STATUS	n/a	n/a	DI54
446.7400000000	n/a	n/a	STATUS	n/a	n/a	D255
447.0880000000	n/a	n/a	STATUS	n/a	n/a	DI34
447.1400000000	n/a	n/a	STATUS	n/a	n/a	D255
447.4000000000	n/a	n/a	STATUS	n/a	n/a	DIN5
447.4480000000	n/a	n/a	STATUS	n/a	n/a	D255
447.7720000000	n/a	n/a	STATUS	n/a	n/a	D120
447.8240000000	n/a	n/a	STATUS	n/a	n/a	D255
447.8600000000	n/a	n/a	STATUS	n/a	n/a	DI51
447.9120000000	n/a	n/a	STATUS	n/a	n/a	D255
448.3440000000	n/a	n/a	STATUS	n/a	n/a	DI31
448.3920000000	n/a	n/a	STATUS	n/a	n/a	D255
448.6520000000	n/a	n/a	STATUS	n/a	n/a	DIN5
448.7040000000	n/a	n/a	STATUS	n/a	n/a	D255
449.1760000000	n/a	n/a	STATUS	n/a	n/a	D128
449.2280000000	n/a	n/a	STATUS	n/a	n/a	D255
449.2640000000	n/a	n/a	STATUS	n/a	n/a	DI53
449.3160000000	n/a	n/a	STATUS	n/a	n/a	D255
449.6240000000	n/a	n/a	STATUS	n/a	n/a	DI43
449.6760000000	n/a	n/a	STATUS	n/a	n/a	D255
449.9360000000	n/a	n/a	STATUS	n/a	n/a	DIN5
449.9840000000	n/a	n/a	STATUS	n/a	n/a	D255
450.4200000000	n/a	n/a	STATUS	n/a	n/a	DI93
450.4680000000	n/a	n/a	STATUS	n/a	n/a	D255
450.5080000000	n/a	n/a	STATUS	n/a	n/a	DI52
450.5560000000	n/a	n/a	STATUS	n/a	n/a	D255
450.9920000000	n/a	n/a	STATUS	n/a	n/a	DI42
451.0400000000	n/a	n/a	STATUS	n/a	n/a	D255
451.3000000000	n/a	n/a	STATUS	n/a	n/a	DIN5
451.3520000000	n/a	n/a	STATUS	n/a	n/a	D255
451.6640000000	n/a	n/a	STATUS	n/a	n/a	D142
451.7160000000	n/a	n/a	STATUS	n/a	n/a	D255
451.7520000000	n/a	n/a	STATUS	n/a	n/a	DI54
451.8040000000	n/a	n/a	STATUS	n/a	n/a	D255
452.0480000000	n/a	n/a	STATUS	n/a	n/a	DI34
452.0960000000	n/a	n/a	STATUS	n/a	n/a	D255
452.3560000000	n/a	n/a	STATUS	n/a	n/a	DIN5
452.4080000000	n/a	n/a	STATUS	n/a	n/a	D255
452.7120000000	n/a	n/a	STATUS	n/a	n/a	D133
452.7600000000	n/a	n/a	STATUS	n/a	n/a	D255
452.8000000000	n/a	n/a	STATUS	n/a	n/a	DI51
452.8520000000	n/a	n/a	STATUS	n/a	n/a	D255
453.2920000000	n/a	n/a	STATUS	n/a	n/a	DI31
453.3400000000	n/a	n/a	STATUS	n/a	n/a	D255
453.6000000000	n/a	n/a	STATUS	n/a	n/a	DIN5
453.6480000000	n/a	n/a	STATUS	n/a	n/a	D255
454.0400000000	n/a	n/a	STATUS	n/a	n/a	DI96
454.0880000000	n/a	n/a	STATUS	n/a	n/a	D255
454.1280000000	n/a	n/a	STATUS	n/a	n/a	DI53
454.1800000000	n/a	n/a	STATUS	n/a	n/a	D255
454.4480000000	n/a	n/a	STATUS	n/a	n/a	DI43
454.5000000000	n/a	n/a	STATUS	n/a	n/a	D255
454.7600000000	n/a	n/a	STATUS	n/a	n/a	DIN5
454.8080000000	n/a	n/a	STATUS	n/a	n/a	D255
455.1640000000	n/a	n/a	STATUS	n/a	n/a	D158
455.2120000000	n/a	n/a	STATUS	n/a	n/a	D255
455.2520000000	n/a	n/a	STATUS	n/a	n/a	DI54
455.3000000000	n/a	n/a	STATUS	n/a	n/a	D255
455.5480000000	n/a	n/a	STATUS	n/a	n/a	DI34
455.6000000000	n/a	n/a	STATUS	n/a	n/a	D255
455.8600000000	n/a	n/a	STATUS	n/a	n/a	DIN5
455.9080000000	n/a	n/a	STATUS	n/a	n/a	D255
456.3080000000	n/a	n/a	STATUS	n/a	n/a	D117
456.3600000000	n/a	n/a	STATUS	n/a	n/a	D255
456.3960000000	n/a	n/a	STATUS	n/a	n/a	DI53
456.4440000000	n/a	n/a	STATUS	n/a	n/a	D255
456.6360000000	n/a	n/a	STATUS	n/a	n/a	DI43
456.6880000000	n/a	n/a	STATUS	n/a	n/a	D255
456.9480000000	n/a	n/a	STATUS	n/a	n/a	DIN5
456.9960000000	n/a	n/a	STATUS	n/a	n/a	D255
457.4360000000	n/a	n/a	STATUS	n/a	n/a	D181
457.4880000000	n/a	n/a	STATUS	n/a	n/a	D255
457.5240000000	n/a	n/a	STATUS	n/a	n/a	DI51
457.5760000000	n/a	n/a	STATUS	n/a	n/a	D255
457.8960000000	n/a	n/a	STATUS	n/a	n/a	DI21
457.9440000000	n/a	n/a	STATUS	n/a	n/a	D255
457.9480000000	n/a	n/a	STATUS	n/a	n/a	DIN4
458.0000000000	n/a	n/a	STATUS	n/a	n/a	D255
458.7560000000	n/a	n/a	STATUS	n/a	n/a	DIN5
458.8040000000	n/a	n/a	STATUS	n/a	n/a	D255
459.2040000000	n/a	n/a	STATUS	n/a	n/a	D135
459.2560000000	n/a	n/a	STATUS	n/a	n/a	D255
459.2920000000	n/a	n/a	STATUS	n/a	n/a	DI52
459.3440000000	n/a	n/a	STATUS	n/a	n/a	D255
459.7880000000	n/a	n/a	STATUS	n/a	n/a	DI42
459.8400000000	n/a	n/a	STATUS	n/a	n/a	D255
460.0960000000	n/a	n/a	STATUS	n/a	n/a	DIN5
460.1480000000	n/a	n/a	STATUS	n/a	n/a	D255
460.4520000000	n/a	n/a	STATUS	n/a	n/a	D153
460.5040000000	n/a	n/a	STATUS	n/a	n/a	D255
460.5400000000	n/a	n/a	STATUS	n/a	n/a	DI52
460.5920000000	n/a	n/a	STATUS	n/a	n/a	D255
460.8000000000	n/a	n/a	STATUS	n/a	n/a	DI12
460.8480000000	n/a	n/a	STATUS	n/a	n/a	D255
460.8520000000	n/a	n/a	STATUS	n/a	n/a	DIN4
460.9040000000	n/a	n/a	STATUS	n/a	n/a	D255
461.6600000000	n/a	n/a	STATUS	n/a	n/a	DIN5
461.7080000000	n/a	n/a	STATUS	n/a	n/a	D255
462.1840000000	n/a	n/a	STATUS	n/a	n/a	D164
462.2320000000	n/a	n/a	STATUS	n/a	n/a	D255
462.2720000000	n/a	n/a	STATUS	n/a	n/a	DI53
462.3200000000	n/a	n/a	STATUS	n/a	n/a	D255
462.6720000000	n/a	n/a	STATUS	n/a	n/a	DI43
462.7200000000	n/a	n/a	STATUS	n/a	n/a	D255
462.9800000000	n/a	n/a	STATUS	n/a	n/a	DIN5
463.0320000000	n/a	n/a	STATUS	n/a	n/a	D255
463.4920000000	n/a	n/a	STATUS	n/a	n/a	DI87
463.5400000000	n/a	n/a	STATUS	n/a	n/a	D255
463.5760000000	n/a	n/a	STATUS	n/a	n/a	DI52
463.6280000000	n/a	n/a	STATUS	n/a	n/a	D255
464.0200000000	n/a	n/a	STATUS	n/a	n/a	DI42
464.0680000000	n/a	n/a	STATUS	n/a	n/a	D255
464.3280000000	n/a	n/a	STATUS	n/a	n/a	DIN5
464.3800000000	n/a	n/a	STATUS	n/a	n/a	D255
464.8200000000	n/a	n/a	STATUS	n/a	n/a	D136
464.8680000000	n/a	n/a	STATUS	n/a	n/a	D255
464.9080000000	n/a	n/a	STATUS	n/a	n/a	DI52
464.9560000000	n/a	n/a	STATUS	n/a	n/a	D255
465.2040000000	n/a	n/a	STATUS	n/a	n/a	DI42
465.2520000000	n/a	n/a	STATUS	n/a	n/a	D255
465.5120000000	n/a	n/a	STATUS	n/a	n/a	DIN5
465.5640000000	n/a	n/a	STATUS	n/a	n/a	D255
465.8680000000	n/a	n/a	STATUS	n/a	n/a	D174
465.9160000000	n/a	n/a	STATUS	n/a	n/a	D255
465.9560000000	n/a	n/a	STATUS	n/a	n/a	DI51
466.0040000000	n/a	n/a	STATUS	n/a	n/a	D255
466.4360000000	n/a	n/a	STATUS	n/a	n/a	DI31
466.4840000000	n/a	n/a	STATUS	n/a	n/a	D255
466.7440000000	n/a	n/a	STATUS	n/a	n/a	DIN5
466.7960000000	n/a	n/a	STATUS	n/a	n/a	D255
467.1240000000	n/a	n/a	STATUS	n/a	n/a	DI91
467.1760000000	n/a	n/a	STATUS	n/a	n/a	D255
467.2120000000	n/a	n/a	STATUS	n/a	n/a	DI51
467.2640000000	n/a	n/a	STATUS	n/a	n/a	D255
467.6680000000	n/a	n/a	STATUS	n/a	n/a	DI31
467.7200000000	n/a	n/a	STATUS	n/a	n/a	D255
467.9760000000	n/a	n/a	STATUS	n/a	n/a	DIN5
468.0280000000	n/a	n/a	STATUS	n/a	n/a	D255
468.5320000000	n/a	n/a	STATUS	n/a	n/a	D151
468.5840000000	n/a	n/a	STATUS	n/a	n/a	D255
468.6200000000	n/a	n/a	STATUS	n/a	n/a	DI51
468.6720000000	n/a	n/a	STATUS	n/a	n/a	D255
469.1000000000	n/a	n/a	STATUS	n/a	n/a	DI31
469.1520000000	n/a	n/a	STATUS	n/a	n/a	D255
469.4120000000	n/a	n/a	STATUS	n/a	n/a	DIN5
469.4600000000	n/a	n/a	STATUS	n/a	n/a	D255
469.8880000000	n/a	n/a	STATUS	n/a	n/a	DI89
469.9400000000	n/a	n/a	STATUS	n/a	n/a	D255
469.9800000000	n/a	n/a	STATUS	n/a	n/a	DI54
470.0280000000	n/a	n/a	STATUS	n/a	n/a	D255
470.3120000000	n/a	n/a	STATUS	n/a	n/a	DI34
470.3600000000	n/a	n/a	STATUS	n/a	n/a	D255
470.6200000000	n/a	n/a	STATUS	n/a	n/a	DIN5
470.6720000000	n/a	n/a	STATUS	n/a	n/a	D255
471.0160000000	n/a	n/a	STATUS	n/a	n/a	D165
471.0680000000	n/a	n/a	STATUS	n/a	n/a	D255
471.1040000000	n/a	n/a	STATUS	n/a	n/a	DI53
471.1560000000	n/a	n/a	STATUS	n/a	n/a	D255
471.3840000000	n/a	n/a	STATUS	n/a	n/a	DI43
471.4360000000	n/a	n/a	STATUS	n/a	n/a	D255
471.6960000000	n/a	n/a	STATUS	n/a	n/a	DIN5
471.7440000000	n/a	n/a	STATUS	n/a	n/a	D255
471.7440000000	n/a	n/a	STATUS	n/a	n/a	D239
472.1040000000	n/a	n/a	STATUS	n/a	n/a	D112
472.1560000000	n/a	n/a	STATUS	n/a	n/a	D255
472.1920000000	n/a	n/a	STATUS	n/a	n/a	DI52
472.2400000000	n/a	n/a	STATUS	n/a	n/a	D255
472.6680000000	n/a	n/a	STATUS	n/a	n/a	DI42
472.7160000000	n/a	n/a	STATUS	n/a	n/a	D255
472.9760000000	n/a	n/a	STATUS	n/a	n/a	DIN5
473.0240000000	n/a	n/a	STATUS	n/a	n/a	D255
473.5200000000	n/a	n/a	STATUS	n/a	n/a	D230
473.5720000000	n/a	n/a	STATUS	n/a	n/a	D255
473.6080000000	n/a	n/a	STATUS	n/a	n/a	DI52
473.6600000000	n/a	n/a	STATUS	n/a	n/a	D255
473.9040000000	n/a	n/a	STATUS	n/a	n/a	DI12
473.9560000000	n/a	n/a	STATUS	n/a	n/a	D255
473.9600000000	n/a	n/a	STATUS	n/a	n/a	DIN4
474.0120000000	n/a	n/a	STATUS	n/a	n/a	D255
474.7640000000	n/a	n/a	STATUS	n/a	n/a	DIN5
474.8160000000	n/a	n/a	STATUS	n/a	n/a	D255
475.2800000000	n/a	n/a	STATUS	n/a	n/a	D250
475.3320000000	n/a	n/a	STATUS	n/a	n/a	D255
475.3680000000	n/a	n/a	STATUS	n/a	n/a	DI51
475.4160000000	n/a	n/a	STATUS	n/a	n/a	D255
475.8160000000	n/a	n/a	STATUS	n/a	n/a	DI21
475.8640000000	n/a	n/a	STATUS	n/a	n/a	D255
475.8680000000	n/a	n/a	STATUS	n/a	n/a	DIN4
475.9200000000	n/a	n/a	STATUS	n/a	n/a	D255
476.6760000000	n/a	n/a	STATUS	n/a	n/a	DIN5
476.7240000000	n/a	n/a	STATUS	n/a	n/a	D255
477.1680000000	n/a	n/a	STATUS	n/a	n/a	D216
477.2200000000	n/a	n/a	STATUS	n/a	n/a	D255
477.2560000000	n/a	n/a	STATUS	n/a	n/a	DI53
477.3080000000	n/a	n/a	STATUS	n/a	n/a	D255
477.6400000000	n/a	n/a	STATUS	n/a	n/a	DI43
477.6880000000	n/a	n/a	STATUS	n/a	n/a	D255
477.9480000000	n/a	n/a	STATUS	n/a	n/a	DIN5
478.0000000000	n/a	n/a	STATUS	n/a	n/a	D255
478.4040000000	n/a	n/a	STATUS	n/a	n/a	D180
478.4520000000	n/a	n/a	STATUS	n/a	n/a	D255
478.4920000000	n/a	n/a	STATUS	n/a	n/a	DI54
478.5400000000	n/a	n/a	STATUS	n/a	n/a	D255
478.8400000000	n/a	n/a	STATUS	n/a	n/a	DI34
478.8920000000	n/a	n/a	STATUS	n/a	n/a	D255
479.1480000000	n/a	n/a	STATUS	n/a	n/a	DIN5
479.2000000000	n/a	n/a	STATUS	n/a	n/a	D255
479.5240000000	n/a	n/a	STATUS	n/a	n/a	D197
479.5720000000	n/a	n/a	STATUS	n/a	n/a	D255
479.6120000000	n/a	n/a	STATUS	n/a	n/a	DI54
479.6640000000	n/a	n/a	STATUS	n/a	n/a	D255
479.9400000000	n/a	n/a	STATUS	n/a	n/a	DI34
479.9880000000	n/a	n/a	STATUS	n/a	n/a	D255
480.2480000000	n/a	n/a	STATUS	n/a	n/a	DIN5
480.3000000000	n/a	n/a	STATUS	n/a	n/a	D255
480.7120000000	n/a	n/a	STATUS	n/a	n/a	D185
480.7640000000	n/a	n/a	STATUS	n/a	n/a	D255
480.8000000000	n/a	n/a	STATUS	n/a	n/a	DI54
480.8520000000	n/a	n/a	STATUS	n/a	n/a	D255
481.0960000000	n/a	n/a	STATUS	n/a	n/a	DI34
481.1480000000	n/a	n/a	STATUS	n/a	n/a	D255
481.4040000000	n/a	n/a	STATUS	n/a	n/a	DIN5
481.4560000000	n/a	n/a	STATUS	n/a	n/a	D255
481.9040000000	n/a	n/a	STATUS	n/a	n/a	D243
481.9560000000	n/a	n/a	STATUS	n/a	n/a	D255
481.9920000000	n/a	n/a	STATUS	n/a	n/a	DI52
482.0440000000	n/a	n/a	STATUS	n/a	n/a	D255
482.2920000000	n/a	n/a	STATUS	n/a	n/a	DI12
482.3440000000	n/a	n/a	STATUS	n/a	n/a	D255
482.3480000000	n/a	n/a	STATUS	n/a	n/a	DIN4
482.3960000000	n/a	n/a	STATUS	n/a	n/a	D255
483.1520000000	n/a	n/a	STATUS	n/a	n/a	DIN5
483.2040000000	n/a	n/a	STATUS	n/a	n/a	D255
483.6720000000	n/a	n/a	STATUS	n/a	n/a	DI74
483.7200000000	n/a	n/a	STATUS	n/a	n/a	D255
483.7600000000	n/a	n/a	STATUS	n/a	n/a	DI51
483.8120000000	n/a	n/a	STATUS	n/a	n/a	D255
484.2440000000	n/a	n/a	STATUS	n/a	n/a	DI31
484.2960000000	n/a	n/a	STATUS	n/a	n/a	D255
484.5560000000	n/a	n/a	STATUS	n/a	n/a	DIN5
484.6040000000	n/a	n/a	STATUS	n/a	n/a	D255
485.1040000000	n/a	n/a	STATUS	n/a	n/a	D118
485.1560000000	n/a	n/a	STATUS	n/a	n/a	D255
485.1920000000	n/a	n/a	STATUS	n/a	n/a	DI52
485.2440000000	n/a	n/a	STATUS	n/a	n/a	D255
485.6280000000	n/a	n/a	STATUS	n/a	n/a	DI42
485.6760000000	n/a	n/a	STATUS	n/a	n/a	D255
485.9360000000	n/a	n/a	STATUS	n/a	n/a	DIN5
485.9880000000	n/a	n/a	STATUS	n/a	n/a	D255
486.4480000000	n/a	n/a	STATUS	n/a	n/a	DI81
486.4960000000	n/a	n/a	STATUS	n/a	n/a	D255
486.5360000000	n/a	n/a	STATUS	n/a	n/a	DI54
486.5840000000	n/a	n/a	STATUS	n/a	n/a	D255
486.8320000000	n/a	n/a	STATUS	n/a	n/a	DI34
486.8840000000	n/a	n/a	STATUS	n/a	n/a	D255
487.1400000000	n/a	n/a	STATUS	n/a	n/a	DIN5
487.1920000000	n/a	n/a	STATUS	n/a	n/a	D255
488.0240000000	n/a	n/a	STATUS	n/a	n/a	D210
488.0760000000	n/a	n/a	STATUS	n/a	n/a	D255
488.1160000000	n/a	n/a	STATUS	n/a	n/a	DI51
488.1640000000	n/a	n/a	STATUS	n/a	n/a	D255
488.7440000000	n/a	n/a	STATUS	n/a	n/a	DI31
488.7920000000	n/a	n/a	STATUS	n/a	n/a	D255
489.0520000000	n/a	n/a	STATUS	n/a	n/a	DIN5
489.1040000000	n/a	n/a	STATUS	n/a	n/a	D255
489.5840000000	n/a	n/a	STATUS	n/a	n/a	D116
489.6360000000	n/a	n/a	STATUS	n/a	n/a	D255
489.6760000000	n/a	n/a	STATUS	n/a	n/a	DI53
489.7240000000	n/a	n/a	STATUS	n/a	n/a	D255
489.9440000000	n/a	n/a	STATUS	n/a	n/a	DI43
489.9960000000	n/a	n/a	STATUS	n/a	n/a	D255
490.2560000000	n/a	n/a	STATUS	n/a	n/a	DIN5
490.3040000000	n/a	n/a	STATUS	n/a	n/a	D255
490.7240000000	n/a	n/a	STATUS	n/a	n/a	D152
490.7760000000	n/a	n/a	STATUS	n/a	n/a	D255
490.8120000000	n/a	n/a	STATUS	n/a	n/a	DI54
490.8640000000	n/a	n/a	STATUS	n/a	n/a	D255
491.1240000000	n/a	n/a	STATUS	n/a	n/a	DI34
491.1760000000	n/a	n/a	STATUS	n/a	n/a	D255
491.4320000000	n/a	n/a	STATUS	n/a	n/a	DIN5
491.4840000000	n/a	n/a	STATUS	n/a	n/a	D255
491.8320000000	n/a	n/a	STATUS	n/a	n/a	D100
491.8840000000	n/a	n/a	STATUS	n/a	n/a	D255
491.9200000000	n/a	n/a	STATUS	n/a	n/a	DI52
491.9680000000	n/a	n/a	STATUS	n/a	n/a	D255
492.3560000000	n/a	n/a	STATUS	n/a	n/a	DI42
492.4080000000	n/a	n/a	STATUS	n/a	n/a	D255
492.6680000000	n/a	n/a	STATUS	n/a	n/a	DIN5
492.7160000000	n/a	n/a	STATUS	n/a	n/a	D255
493.1000000000	n/a	n/a	STATUS	n/a	n/a	D126
493.1520000000	n/a	n/a	STATUS	n/a	n/a	D255
493.1880000000	n/a	n/a	STATUS	n/a	n/a	DI51
493.2400000000	n/a	n/a	STATUS	n/a	n/a	D255
493.4720000000	n/a	n/a	STATUS	n/a	n/a	DI21
493.5240000000	n/a	n/a	STATUS	n/a	n/a	D255
493.5280000000	n/a	n/a	STATUS	n/a	n/a	DIN4
493.5800000000	n/a	n/a	STATUS	n/a	n/a	D255
494.3320000000	n/a	n/a	STATUS	n/a	n/a	DIN5
494.3840000000	n/a	n/a	STATUS	n/a	n/a	D255
494.7400000000	n/a	n/a	STATUS	n/a	n/a	D166
494.7880000000	n/a	n/a	STATUS	n/a	n/a	D255
494.8280000000	n/a	n/a	STATUS	n/a	n/a	DI53
494.8760000000	n/a	n/a	STATUS	n/a	n/a	D255
495.1160000000	n/a	n/a	STATUS	n/a	n/a	DI43
495.1680000000	n/a	n/a	STATUS	n/a	n/a	D255
495.4280000000	n/a	n/a	STATUS	n/a	n/a	DIN5
495.4760000000	n/a	n/a	STATUS	n/a	n/a	D255
495.9320000000	n/a	n/a	STATUS	n/a	n/a	D149
495.9800000000	n/a	n/a	STATUS	n/a	n/a	D255
496.0200000000	n/a	n/a	STATUS	n/a	n/a	DI53
496.0720000000	n/a	n/a	STATUS	n/a	n/a	D255
496.2920000000	n/a	n/a	STATUS	n/a	n/a	DI43
496.3440000000	n/a	n/a	STATUS	n/a	n/a	D255
496.6000000000	n/a	n/a	STATUS	n/a	n/a	DIN5
496.6520000000	n/a	n/a	STATUS	n/a	n/a	D255
497.0280000000	n/a	n/a	STATUS	n/a	n/a	D198
497.0760000000	n/a	n/a	STATUS	n/a	n/a	D255
497.1160000000	n/a	n/a	STATUS	n/a	n/a	DI51
497.1640000000	n/a	n/a	STATUS	n/a	n/a	D255
497.6720000000	n/a	n/a	STATUS	n/a	n/a	DI31
497.7240000000	n/a	n/a	STATUS	n/a	n/a	D255
497.9800000000	n/a	n/a	STATUS	n/a	n/a	DIN5
498.0320000000	n/a	n/a	STATUS	n/a	n/a	D255
498.3920000000	n/a	n/a	STATUS	n/a	n/a	D244
498.4400000000	n/a	n/a	STATUS	n/a	n/a	D255
498.4800000000	n/a	n/a	STATUS	n/a	n/a	DI51
498.5280000000	n/a	n/a	STATUS	n/a	n/a	D255
498.8040000000	n/a	n/a	STATUS	n/a	n/a	DI21
498.8520000000	n/a	n/a	STATUS	n/a	n/a	D255
498.8600000000	n/a	n/a	STATUS	n/a	n/a	DIN4
498.9080000000	n/a	n/a	STATUS	n/a	n/a	D255
499.6640000000	n/a	n/a	STATUS	n/a	n/a	DIN5
499.7120000000	n/a	n/a	STATUS	n/a	n/a	D255
500.1720000000	n/a	n/a	STATUS	n/a	n/a	D202
500.2240000000	n/a	n/a	STATUS	n/a	n/a	D255
500.2600000000	n/a	n/a	STATUS	n/a	n/a	DI54
500.3120000000	n/a	n/a	STATUS	n/a	n/a	D255
500.5920000000	n/a	n/a	STATUS	n/a	n/a	DI34
500.6440000000	n/a	n/a	STATUS	n/a	n/a	D255
500.9040000000	n/a	n/a	STATUS	n/a	n/a	DIN5
500.9560000000	n/a	n/a	STATUS	n/a	n/a	D255
501.4600000000	n/a	n/a	STATUS	n/a	n/a	D254
501.5080000000	n/a	n/a	STATUS	n/a	n/a	D255
501.5480000000	n/a	n/a	STATUS	n/a	n/a	DI52
501.5960000000	n/a	n/a	STATUS	n/a	n/a	D255
502.0200000000	n/a	n/a	STATUS	n/a	n/a	DI42
502.0720000000	n/a	n/a	STATUS	n/a	n/a	D255
502.3280000000	n/a	n/a	STATUS	n/a	n/a	DIN5
502.3800000000	n/a	n/a	STATUS	n/a	n/a	D255
502.8760000000	n/a	n/a	STATUS	n/a	n/a	D245
502.9240000000	n/a	n/a	STATUS	n/a	n/a	D255
502.9600000000	n/a	n/a	STATUS	n/a	n/a	DI52
503.0120000000	n/a	n/a	STATUS	n/a	n/a	D255
503.2480000000	n/a	n/a	STATUS	n/a	n/a	DI12
503.2960000000	n/a	n/a	STATUS	n/a	n/a	D255
503.3040000000	n/a	n/a	STATUS	n/a	n/a	DIN4
503.3520000000	n/a	n/a	STATUS	n/a	n/a	D255
504.1080000000	n/a	n/a	STATUS	n/a	n/a	DIN5
504.1560000000	n/a	n/a	STATUS	n/a	n/a	D255
504.4920000000	n/a	n/a	STATUS	n/a	n/a	D154
504.5400000000	n/a	n/a	STATUS	n/a	n/a	D255
504.5800000000	n/a	n/a	STATUS	n/a	n/a	DI51
504.6320000000	n/a	n/a	STATUS	n/a	n/a	D255
505.1360000000	n/a	n/a	STATUS	n/a	n/a	DI31
505.1840000000	n/a	n/a	STATUS	n/a	n/a	D255
505.4440000000	n/a	n/a	STATUS	n/a	n/a	DIN5
505.4960000000	n/a	n/a	STATUS	n/a	n/a	D255
505.8800000000	n/a	n/a	STATUS	n/a	n/a	D129
505.9280000000	n/a	n/a	STATUS	n/a	n/a	D255
505.9680000000	n/a	n/a	STATUS	n/a	n/a	DI51
506.0200000000	n/a	n/a	STATUS	n/a	n/a	D255
506.4680000000	n/a	n/a	STATUS	n/a	n/a	DI31
506.5200000000	n/a	n/a	STATUS	n/a	n/a	D255
506.7760000000	n/a	n/a	STATUS	n/a	n/a	DIN5
506.8280000000	n/a	n/a	STATUS	n/a	n/a	D255
507.2240000000	n/a	n/a	STATUS	n/a	n/a	D225
507.2720000000	n/a	n/a	STATUS	n/a	n/a	D255
507.3120000000	n/a	n/a	STATUS	n/a	n/a	DI52
507.3600000000	n/a	n/a	STATUS	n/a	n/a	D255
507.8000000000	n/a	n/a	STATUS	n/a	n/a	DI42
507.8520000000	n/a	n/a	STATUS	n/a	n/a	D255
508.1120000000	n/a	n/a	STATUS	n/a	n/a	DIN5
508.1600000000	n/a	n/a	STATUS	n/a	n/a	D255
508.5000000000	n/a	n/a	STATUS	n/a	n/a	D231
508.5520000000	n/a	n/a	STATUS	n/a	n/a	D255
508.5880000000	n/a	n/a	STATUS	n/a	n/a	DI54
508.6400000000	n/a	n/a	STATUS	n/a	n/a	D255
508.8680000000	n/a	n/a	STATUS	n/a	n/a	DI34
508.9200000000	n/a	n/a	STATUS	n/a	n/a	D255
509.1760000000	n/a	n/a	STATUS	n/a	n/a	DIN5
509.2280000000	n/a	n/a	STATUS	n/a	n/a	D255
509.6640000000	n/a	n/a	STATUS	n/a	n/a	DI82
509.7120000000	n/a	n/a	STATUS	n/a	n/a	D255
509.7520000000	n/a	n/a	STATUS	n/a	n/a	DI51
509.8000000000	n/a	n/a	STATUS	n/a	n/a	D255
510.0480000000	n/a	n/a	STATUS	n/a	n/a	DI21
510.0960000000	n/a	n/a	STATUS	n/a	n/a	D255
510.1000000000	n/a	n/a	STATUS	n/a	n/a	DIN4
510.1520000000	n/a	n/a	STATUS	n/a	n/a	D255
510.9080000000	n/a	n/a	STATUS	n/a	n/a	DIN5
510.9560000000	n/a	n/a	STATUS	n/a	n/a	D255
511.3360000000	n/a	n/a	STATUS	n/a	n/a	D217
511.3880000000	n/a	n/a	STATUS	n/a	n/a	D255
511.4240000000	n/a	n/a	STATUS	n/a	n/a	DI52
511.4760000000	n/a	n/a	STATUS	n/a	n/a	D255
511.7040000000	n/a	n/a	STATUS	n/a	n/a	DI12
511.7520000000	n/a	n/a	STATUS	n/a	n/a	D255
511.7560000000	n/a	n/a	STATUS	n/a	n/a	DIN4
511.8080000000	n/a	n/a	STATUS	n/a	n/a	D255
512.5640000000	n/a	n/a	STATUS	n/a	n/a	DIN5
512.6120000000	n/a	n/a	STATUS	n/a	n/a	D255
513.0240000000	n/a	n/a	STATUS	n/a	n/a	D132
513.0720000000	n/a	n/a	STATUS	n/a	n/a	D255
513.1080000000	n/a	n/a	STATUS	n/a	n/a	DI54
513.1600000000	n/a	n/a	STATUS	n/a	n/a	D255
513.4560000000	n/a	n/a	STATUS	n/a	n/a	DI34
513.5080000000	n/a	n/a	STATUS	n/a	n/a	D255
513.7680000000	n/a	n/a	STATUS	n/a	n/a	DIN5
513.8160000000	n/a	n/a	STATUS	n/a	n/a	D255
514.2320000000	n/a	n/a	STATUS	n/a	n/a	DI92
514.2840000000	n/a	n/a	STATUS	n/a	n/a	D255
514.3200000000	n/a	n/a	STATUS	n/a	n/a	DI51
514.3720000000	n/a	n/a	STATUS	n/a	n/a	D255
514.7800000000	n/a	n/a	STATUS	n/a	n/a	DI31
514.8320000000	n/a	n/a	STATUS	n/a	n/a	D255
515.0920000000	n/a	n/a	STATUS	n/a	n/a	DIN5
515.1400000000	n/a	n/a	STATUS	n/a	n/a	D255
515.4960000000	n/a	n/a	STATUS	n/a	n/a	DI69
515.5440000000	n/a	n/a	STATUS	n/a	n/a	D255
515.5840000000	n/a	n/a	STATUS	n/a	n/a	DI53
515.6320000000	n/a	n/a	STATUS	n/a	n/a	D255
515.8920000000	n/a	n/a	STATUS	n/a	n/a	DI43
515.9440000000	n/a	n/a	STATUS	n/a	n/a	D255
516.2040000000	n/a	n/a	STATUS	n/a	n/a	DIN5
516.2520000000	n/a	n/a	STATUS	n/a	n/a	D255
516.6680000000	n/a	n/a	STATUS	n/a	n/a	D101
516.7200000000	n/a	n/a	STATUS	n/a	n/a	D255
516.7560000000	n/a	n/a	STATUS	n/a	n/a	DI54
516.8040000000	n/a	n/a	STATUS	n/a	n/a	D255
517.0720000000	n/a	n/a	STATUS	n/a	n/a	DI34
517.1240000000	n/a	n/a	STATUS	n/a	n/a	D255
517.3840000000	n/a	n/a	STATUS	n/a	n/a	DIN5
517.4360000000	n/a	n/a	STATUS	n/a	n/a	D255
517.8840000000	n/a	n/a	STATUS	n/a	n/a	D191
517.9320000000	n/a	n/a	STATUS	n/a	n/a	D255
517.9720000000	n/a	n/a	STATUS	n/a	n/a	DI52
518.0200000000	n/a	n/a	STATUS	n/a	n/a	D255
518.2920000000	n/a	n/a	STATUS	n/a	n/a	DI12
518.3400000000	n/a	n/a	STATUS	n/a	n/a	D255
518.3440000000	n/a	n/a	STATUS	n/a	n/a	DIN4
518.3960000000	n/a	n/a	STATUS	n/a	n/a	D255
519.1520000000	n/a	n/a	STATUS	n/a	n/a	DIN5
519.2000000000	n/a	n/a	STATUS	n/a	n/a	D255
519.6880000000	n/a	n/a	STATUS	n/a	n/a	D219
519.7400000000	n/a	n/a	STATUS	n/a	n/a	D255
519.7800000000	n/a	n/a	STATUS	n/a	n/a	DI54
519.8280000000	n/a	n/a	STATUS	n/a	n/a	D255
520.1040000000	n/a	n/a	STATUS	n/a	n/a	DI34
520.1560000000	n/a	n/a	STATUS	n/a	n/a	D255
520.4160000000	n/a	n/a	STATUS	n/a	n/a	DIN5
520.4640000000	n/a	n/a	STATUS	n/a	n/a	D255
520.9200000000	n/a	n/a	STATUS	n/a	n/a	D236
520.9680000000	n/a	n/a	STATUS	n/a	n/a	D255
521.0080000000	n/a	n/a	STATUS	n/a	n/a	DI53
521.0560000000	n/a	n/a	STATUS	n/a	n/a	D255
521.3160000000	n/a	n/a	STATUS	n/a	n/a	DI43
521.3640000000	n/a	n/a	STATUS	n/a	n/a	D255
521.6240000000	n/a	n/a	STATUS	n/a	n/a	DIN5
521.6720000000	n/a	n/a	STATUS	n/a	n/a	D255
522.0200000000	n/a	n/a	STATUS	n/a	n/a	D125
522.0680000000	n/a	n/a	STATUS	n/a	n/a	D255
522.1040000000	n/a	n/a	STATUS	n/a	n/a	DI54
522.1560000000	n/a	n/a	STATUS	n/a	n/a	D255
522.4680000000	n/a	n/a	STATUS	n/a	n/a	DI34
522.5200000000	n/a	n/a	STATUS	n/a	n/a	D255
522.7760000000	n/a	n/a	STATUS	n/a	n/a	DIN5
522.8280000000	n/a	n/a	STATUS	n/a	n/a	D255
523.2240000000	n/a	n/a	STATUS	n/a	n/a	D177
523.2720000000	n/a	n/a	STATUS	n/a	n/a	D255
523.3120000000	n/a	n/a	STATUS	n/a	n/a	DI52
523.3600000000	n/a	n/a	STATUS	n/a	n/a	D255
523.7600000000	n/a	n/a	STATUS	n/a	n/a	DI42
523.8120000000	n/a	n/a	STATUS	n/a	n/a	D255
524.0720000000	n/a	n/a	STATUS	n/a	n/a	DIN5
524.1200000000	n/a	n/a	STATUS	n/a	n/a	D255
524.4440000000	n/a	n/a	STATUS	n/a	n/a	D182
524.4960000000	n/a	n/a	STATUS	n/a	n/a	D255
524.5320000000	n/a	n/a	STATUS	n/a	n/a	DI52
524.5840000000	n/a	n/a	STATUS	n/a	n/a	D255
525.0280000000	n/a	n/a	STATUS	n/a	n/a	DI42
525.0760000000	n/a	n/a	STATUS	n/a	n/a	D255
525.3360000000	n/a	n/a	STATUS	n/a	n/a	DIN5
525.3880000000	n/a	n/a	STATUS	n/a	n/a	D255
525.7280000000	n/a	n/a	STATUS	n/a	n/a	D213
525.7760000000	n/a	n/a	STATUS	n/a	n/a	D255
525.8160000000	n/a	n/a	STATUS	n/a	n/a	DI51
525.8640000000	n/a	n/a	STATUS	n/a	n/a	D255
526.3280000000	n/a	n/a	STATUS	n/a	n/a	DI31
526.3760000000	n/a	n/a	STATUS	n/a	n/a	D255
526.6360000000	n/a	n/a	STATUS	n/a	n/a	DIN5
526.6880000000	n/a	n/a	STATUS	n/a	n/a	D255
527.0520000000	n/a	n/a	STATUS	n/a	n/a	D160
527.1000000000	n/a	n/a	STATUS	n/a	n/a	D255
527.1400000000	n/a	n/a	STATUS	n/a	n/a	DI51
527.1880000000	n/a	n/a	STATUS	n/a	n/a	D255
527.5760000000	n/a	n/a	STATUS	n/a	n/a	DI31
527.6280000000	n/a	n/a	STATUS	n/a	n/a	D255
527.8840000000	n/a	n/a	STATUS	n/a	n/a	DIN5
527.9360000000	n/a	n/a	STATUS	n/a	n/a	D255
528.3040000000	n/a	n/a	STATUS	n/a	n/a	D119
528.3560000000	n/a	n/a	STATUS	n/a	n/a	D255
528.3920000000	n/a	n/a	STATUS	n/a	n/a	DI54
528.4440000000	n/a	n/a	STATUS	n/a	n/a	D255
528.7360000000	n/a	n/a	STATUS	n/a	n/a	DI34
528.7880000000	n/a	n/a	STATUS	n/a	n/a	D255
529.0440000000	n/a	n/a	STATUS	n/a	n/a	DIN5
529.0960000000	n/a	n/a	STATUS	n/a	n/a	D255
529.4360000000	n/a	n/a	STATUS	n/a	n/a	D127
529.4840000000	n/a	n/a	STATUS	n/a	n/a	D255
529.5240000000	n/a	n/a	STATUS	n/a	n/a	DI51
529.5720000000	n/a	n/a	STATUS	n/a	n/a	D255
529.8720000000	n/a	n/a	STATUS	n/a	n/a	DI21
529.9240000000	n/a	n/a	STATUS	n/a	n/a	D255
529.9280000000	n/a	n/a	STATUS	n/a	n/a	DIN4
529.9760000000	n/a	n/a	STATUS	n/a	n/a	D255
553.2360000000	n/a	n/a	STATUS	n/a	n/a	DIN5
553.2880000000	n/a	n/a	STATUS	n/a	n/a	D255
553.6480000000	n/a	n/a	STATUS	n/a	n/a	D115
553.6960000000	n/a	n/a	STATUS	n/a	n/a	D255
553.7360000000	n/a	n/a	STATUS	n/a	n/a	DI54
553.7840000000	n/a	n/a	STATUS	n/a	n/a	D255
554.2640000000	n/a	n/a	STATUS	n/a	n/a	DI34
554.3160000000	n/a	n/a	STATUS	n/a	n/a	D255
554.5760000000	n/a	n/a	STATUS	n/a	n/a	DIN5
554.6240000000	n/a	n/a	STATUS	n/a	n/a	D255
555.0920000000	n/a	n/a	STATUS	n/a	n/a	D244
555.1400000000	n/a	n/a	STATUS	n/a	n/a	D255
555.1760000000	n/a	n/a	STATUS	n/a	n/a	DI51
555.2280000000	n/a	n/a	STATUS	n/a	n/a	D255
555.7000000000	n/a	n/a	STATUS	n/a	n/a	DI31
555.7480000000	n/a	n/a	STATUS	n/a	n/a	D255
556.0080000000	n/a	n/a	STATUS	n/a	n/a	DIN5
556.0560000000	n/a	n/a	STATUS	n/a	n/a	D255
556.4440000000	n/a	n/a	STATUS	n/a	n/a	D191
556.4920000000	n/a	n/a	STATUS	n/a	n/a	D255
556.5320000000	n/a	n/a	STATUS	n/a	n/a	DI54
556.5800000000	n/a	n/a	STATUS	n/a	n/a	D255
556.8880000000	n/a	n/a	STATUS	n/a	n/a	DI34
556.9400000000	n/a	n/a	STATUS	n/a	n/a	D255
557.2000000000	n/a	n/a	STATUS	n/a	n/a	DIN5
557.2480000000	n/a	n/a	STATUS	n/a	n/a	D255
557.6520000000	n/a	n/a	STATUS	n/a	n/a	D111
557.7040000000	n/a	n/a	STATUS	n/a	n/a	D255
557.7400000000	n/a	n/a	STATUS	n/a	n/a	DI51
557.7880000000	n/a	n/a	STATUS	n/a	n/a	D255
558.1680000000	n/a	n/a	STATUS	n/a	n/a	DI31
558.2200000000	n/a	n/a	STATUS	n/a	n/a	D255
558.4800000000	n/a	n/a	STATUS	n/a	n/a	DIN5
558.5280000000	n/a	n/a	STATUS	n/a	n/a	D255
558.9880000000	n/a	n/a	STATUS	n/a	n/a	D209
559.0400000000	n/a	n/a	STATUS	n/a	n/a	D255
559.0760000000	n/a	n/a	STATUS	n/a	n/a	DI51
559.1280000000	n/a	n/a	STATUS	n/a	n/a	D255
559.4960000000	n/a	n/a	STATUS	n/a	n/a	DI31
559.5480000000	n/a	n/a	STATUS	n/a	n/a	D255
559.8040000000	n/a	n/a	STATUS	n/a	n/a	DIN5
559.8560000000	n/a	n/a	STATUS	n/a	n/a	D255
560.3440000000	n/a	n/a	STATUS	n/a	n/a	D137
560.3960000000	n/a	n/a	STATUS	n/a	n/a	D255
560.4320000000	n/a	n/a	STATUS	n/a	n/a	DI51
560.4840000000	n/a	n/a	STATUS	n/a	n/a	D255
560.8000000000	n/a	n/a	STATUS	n/a	n/a	DI31
560.8520000000	n/a	n/a	STATUS	n/a	n/a	D255
561.1120000000	n/a	n/a	STATUS	n/a	n/a	DIN5
561.1600000000	n/a	n/a	STATUS	n/a	n/a	D255
561.4720000000	n/a	n/a	STATUS	n/a	n/a	D172
561.5200000000	n/a	n/a	STATUS	n/a	n/a	D255
561.5600000000	n/a	n/a	STATUS	n/a	n/a	DI53
561.6080000000	n/a	n/a	STATUS	n/a	n/a	D255
561.9200000000	n/a	n/a	STATUS	n/a	n/a	DI43
561.9680000000	n/a	n/a	STATUS	n/a	n/a	D255
562.2280000000	n/a	n/a	STATUS	n/a	n/a	DIN5
562.2800000000	n/a	n/a	STATUS	n/a	n/a	D255
562.5840000000	n/a	n/a	STATUS	n/a	n/a	D188
562.6320000000	n/a	n/a	STATUS	n/a	n/a	D255
562.6720000000	n/a	n/a	STATUS	n/a	n/a	DI54
562.7200000000	n/a	n/a	STATUS	n/a	n/a	D255
563.0320000000	n/a	n/a	STATUS	n/a	n/a	DI34
563.0800000000	n/a	n/a	STATUS	n/a	n/a	D255
563.3400000000	n/a	n/a	STATUS	n/a	n/a	DIN5
563.3920000000	n/a	n/a	STATUS	n/a	n/a	D255
563.7600000000	n/a	n/a	STATUS	n/a	n/a	D128
563.8120000000	n/a	n/a	STATUS	n/a	n/a	D255
563.8480000000	n/a	n/a	STATUS	n/a	n/a	DI51
563.9000000000	n/a	n/a	STATUS	n/a	n/a	D255
564.2760000000	n/a	n/a	STATUS	n/a	n/a	DI31
564.3240000000	n/a	n/a	STATUS	n/a	n/a	D255
564.5840000000	n/a	n/a	STATUS	n/a	n/a	DIN5
564.6360000000	n/a	n/a	STATUS	n/a	n/a	D255
565.0000000000	n/a	n/a	STATUS	n/a	n/a	D204
565.0480000000	n/a	n/a	STATUS	n/a	n/a	D255
565.0880000000	n/a	n/a	STATUS	n/a	n/a	DI52
565.1360000000	n/a	n/a	STATUS	n/a	n/a	D255
565.5320000000	n/a	n/a	STATUS	n/a	n/a	DI42
565.5840000000	n/a	n/a	STATUS	n/a	n/a	D255
565.8440000000	n/a	n/a	STATUS	n/a	n/a	DIN5
565.8920000000	n/a	n/a	STATUS	n/a	n/a	D255
566.2280000000	n/a	n/a	STATUS	n/a	n/a	D199
566.2800000000	n/a	n/a	STATUS	n/a	n/a	D255
566.3160000000	n/a	n/a	STATUS	n/a	n/a	DI51
566.3640000000	n/a	n/a	STATUS	n/a	n/a	D255
566.7440000000	n/a	n/a	STATUS	n/a	n/a	DI31
566.7920000000	n/a	n/a	STATUS	n/a	n/a	D255
567.0520000000	n/a	n/a	STATUS	n/a	n/a	DIN5
567.1040000000	n/a	n/a	STATUS	n/a	n/a	D255
567.4160000000	n/a	n/a	STATUS	n/a	n/a	D169
567.4680000000	n/a	n/a	STATUS	n/a	n/a	D255
567.5040000000	n/a	n/a	STATUS	n/a	n/a	DI53
567.5520000000	n/a	n/a	STATUS	n/a	n/a	D255
567.9440000000	n/a	n/a	STATUS	n/a	n/a	DI43
567.9960000000	n/a	n/a	STATUS	n/a	n/a	D255
568.2560000000	n/a	n/a	STATUS	n/a	n/a	DIN5
568.3040000000	n/a	n/a	STATUS	n/a	n/a	D255
568.7840000000	n/a	n/a	STATUS	n/a	n/a	D118
568.8360000000	n/a	n/a	STATUS	n/a	n/a	D255
568.8720000000	n/a	n/a	STATUS	n/a	n/a	DI54
568.9240000000	n/a	n/a	STATUS	n/a	n/a	D255
569.2280000000	n/a	n/a	STATUS	n/a	n/a	DI34
569.2800000000	n/a	n/a	STATUS	n/a	n/a	D255
569.5360000000	n/a	n/a	STATUS	n/a	n/a	DIN5
569.5880000000	n/a	n/a	STATUS	n/a	n/a	D255
570.0240000000	n/a	n/a	STATUS	n/a	n/a	DI86
570.0720000000	n/a	n/a	STATUS	n/a	n/a	D255
570.1120000000	n/a	n/a	STATUS	n/a	n/a	DI54
570.1600000000	n/a	n/a	STATUS	n/a	n/a	D255
570.4320000000	n/a	n/a	STATUS	n/a	n/a	DI34
570.4800000000	n/a	n/a	STATUS	n/a	n/a	D255
570.7400000000	n/a	n/a	STATUS	n/a	n/a	DIN5
570.7920000000	n/a	n/a	STATUS	n/a	n/a	D255
571.2560000000	n/a	n/a	STATUS	n/a	n/a	D142
571.3040000000	n/a	n/a	STATUS	n/a	n/a	D255
571.3440000000	n/a	n/a	STATUS	n/a	n/a	DI54
571.3920000000	n/a	n/a	STATUS	n/a	n/a	D255
571.6560000000	n/a	n/a	STATUS	n/a	n/a	DI34
571.7080000000	n/a	n/a	STATUS	n/a	n/a	D255
571.9680000000	n/a	n/a	STATUS	n/a	n/a	DIN5
572.0160000000	n/a	n/a	STATUS	n/a	n/a	D255
572.4520000000	n/a	n/a	STATUS	n/a	n/a	D222
572.5000000000	n/a	n/a	STATUS	n/a	n/a	D255
572.5400000000	n/a	n/a	STATUS	n/a	n/a	DI53
572.5880000000	n/a	n/a	STATUS	n/a	n/a	D255
572.8360000000	n/a	n/a	STATUS	n/a	n/a	DI43
572.8840000000	n/a	n/a	STATUS	n/a	n/a	D255
573.1440000000	n/a	n/a	STATUS	n/a	n/a	DIN5
573.1960000000	n/a	n/a	STATUS	n/a	n/a	D255
573.5240000000	n/a	n/a	STATUS	n/a	n/a	D234
573.5720000000	n/a	n/a	STATUS	n/a	n/a	D255
573.6120000000	n/a	n/a	STATUS	n/a	n/a	DI53
573.6640000000	n/a	n/a	STATUS	n/a	n/a	D255
573.9520000000	n/a	n/a	STATUS	n/a	n/a	DI43
574.0000000000	n/a	n/a	STATUS	n/a	n/a	D255
574.2600000000	n/a	n/a	STATUS	n/a	n/a	DIN5
574.3120000000	n/a	n/a	STATUS	n/a	n/a	D255
574.6760000000	n/a	n/a	STATUS	n/a	n/a	D213
574.7280000000	n/a	n/a	STATUS	n/a	n/a	D255
574.7640000000	n/a	n/a	STATUS	n/a	n/a	DI52
574.8160000000	n/a	n/a	STATUS	n/a	n/a	D255
575.1000000000	n/a	n/a	STATUS	n/a	n/a	DI12
575.1480000000	n/a	n/a	STATUS	n/a	n/a	D255
575.1520000000	n/a	n/a	STATUS	n/a	n/a	DIN4
575.2040000000	n/a	n/a	STATUS	n/a	n/a	D255
575.9600000000	n/a	n/a	STATUS	n/a	n/a	DIN5
576.0080000000	n/a	n/a	STATUS	n/a	n/a	D255
576.3240000000	n/a	n/a	STATUS	n/a	n/a	DI72
576.3760000000	n/a	n/a	STATUS	n/a	n/a	D255
576.4120000000	n/a	n/a	STATUS	n/a	n/a	DI53
576.4600000000	n/a	n/a	STATUS	n/a	n/a	D255
576.8280000000	n/a	n/a	STATUS	n/a	n/a	DI43
576.8800000000	n/a	n/a	STATUS	n/a	n/a	D255
577.1400000000	n/a	n/a	STATUS	n/a	n/a	DIN5
577.1880000000	n/a	n/a	STATUS	n/a	n/a	D255
577.6440000000	n/a	n/a	STATUS	n/a	n/a	D124
577.6960000000	n/a	n/a	STATUS	n/a	n/a	D255
577.7320000000	n/a	n/a	STATUS	n/a	n/a	DI52
577.7800000000	n/a	n/a	STATUS	n/a	n/a	D255
578.2240000000	n/a	n/a	STATUS	n/a	n/a	DI42
578.2720000000	n/a	n/a	STATUS	n/a	n/a	D255
578.5320000000	n/a	n/a	STATUS	n/a	n/a	DIN5
578.5840000000	n/a	n/a	STATUS	n/a	n/a	D255
578.8920000000	n/a	n/a	STATUS	n/a	n/a	D123
578.9400000000	n/a	n/a	STATUS	n/a	n/a	D255
578.9800000000	n/a	n/a	STATUS	n/a	n/a	DI54
579.0280000000	n/a	n/a	STATUS	n/a	n/a	D255
579.3280000000	n/a	n/a	STATUS	n/a	n/a	DI34
579.3760000000	n/a	n/a	STATUS	n/a	n/a	D255
579.6360000000	n/a	n/a	STATUS	n/a	n/a	DIN5
579.6840000000	n/a	n/a	STATUS	n/a	n/a	D255
580.0920000000	n/a	n/a	STATUS	n/a	n/a	D249
580.1400000000	n/a	n/a	STATUS	n/a	n/a	D255
580.1800000000	n/a	n/a	STATUS	n/a	n/a	DI52
580.2280000000	n/a	n/a	STATUS	n/a	n/a	D255
580.5680000000	n/a	n/a	STATUS	n/a	n/a	DI42
580.6200000000	n/a	n/a	STATUS	n/a	n/a	D255
580.8760000000	n/a	n/a	STATUS	n/a	n/a	DIN5
580.9280000000	n/a	n/a	STATUS	n/a	n/a	D255
581.3520000000	n/a	n/a	STATUS	n/a	n/a	D116
581.4040000000	n/a	n/a	STATUS	n/a	n/a	D255
581.4400000000	n/a	n/a	STATUS	n/a	n/a	DI52
581.4920000000	n/a	n/a	STATUS	n/a	n/a	D255
581.8840000000	n/a	n/a	STATUS	n/a	n/a	DI42
581.9360000000	n/a	n/a	STATUS	n/a	n/a	D255
582.1960000000	n/a	n/a	STATUS	n/a	n/a	DIN5
582.2440000000	n/a	n/a	STATUS	n/a	n/a	D255
582.7000000000	n/a	n/a	STATUS	n/a	n/a	D241
582.7480000000	n/a	n/a	STATUS	n/a	n/a	D255
582.7880000000	n/a	n/a	STATUS	n/a	n/a	DI52
582.8360000000	n/a	n/a	STATUS	n/a	n/a	D255
583.2720000000	n/a	n/a	STATUS	n/a	n/a	DI42
583.3200000000	n/a	n/a	STATUS	n/a	n/a	D255
583.5800000000	n/a	n/a	STATUS	n/a	n/a	DIN5
583.6320000000	n/a	n/a	STATUS	n/a	n/a	D255
584.0600000000	n/a	n/a	STATUS	n/a	n/a	D155
584.1080000000	n/a	n/a	STATUS	n/a	n/a	D255
584.1480000000	n/a	n/a	STATUS	n/a	n/a	DI52
584.1960000000	n/a	n/a	STATUS	n/a	n/a	D255
584.5720000000	n/a	n/a	STATUS	n/a	n/a	DI42
584.6240000000	n/a	n/a	STATUS	n/a	n/a	D255
584.8840000000	n/a	n/a	STATUS	n/a	n/a	DIN5
584.9320000000	n/a	n/a	STATUS	n/a	n/a	D255
585.2480000000	n/a	n/a	STATUS	n/a	n/a	D221
585.2960000000	n/a	n/a	STATUS	n/a	n/a	D255
585.3360000000	n/a	n/a	STATUS	n/a	n/a	DI53
585.3880000000	n/a	n/a	STATUS	n/a	n/a	D255
585.6840000000	n/a	n/a	STATUS	n/a	n/a	DI43
585.7360000000	n/a	n/a	STATUS	n/a	n/a	D255
585.9960000000	n/a	n/a	STATUS	n/a	n/a	DIN5
586.0440000000	n/a	n/a	STATUS	n/a	n/a	D255
586.5480000000	n/a	n/a	STATUS	n/a	n/a	D179
586.6000000000	n/a	n/a	STATUS	n/a	n/a	D255
586.6360000000	n/a	n/a	STATUS	n/a	n/a	DI54
586.6880000000	n/a	n/a	STATUS	n/a	n/a	D255
586.9800000000	n/a	n/a	STATUS	n/a	n/a	DI34
587.0320000000	n/a	n/a	STATUS	n/a	n/a	D255
587.2920000000	n/a	n/a	STATUS	n/a	n/a	DIN5
587.3400000000	n/a	n/a	STATUS	n/a	n/a	D255
587.6640000000	n/a	n/a	STATUS	n/a	n/a	D112
587.7160000000	n/a	n/a	STATUS	n/a	n/a	D255
587.7520000000	n/a	n/a	STATUS	n/a	n/a	DI52
587.8040000000	n/a	n/a	STATUS	n/a	n/a	D255
588.1880000000	n/a	n/a	STATUS	n/a	n/a	DI42
588.2400000000	n/a	n/a	STATUS	n/a	n/a	D255
588.5000000000	n/a	n/a	STATUS	n/a	n/a	DIN5
588.5480000000	n/a	n/a	STATUS	n/a	n/a	D255
588.9880000000	n/a	n/a	STATUS	n/a	n/a	D201
589.0400000000	n/a	n/a	STATUS	n/a	n/a	D255
589.0760000000	n/a	n/a	STATUS	n/a	n/a	DI51
589.1280000000	n/a	n/a	STATUS	n/a	n/a	D255
589.4080000000	n/a	n/a	STATUS	n/a	n/a	DI21
589.4600000000	n/a	n/a	STATUS	n/a	n/a	D255
589.4640000000	n/a	n/a	STATUS	n/a	n/a	DIN4
589.5120000000	n/a	n/a	STATUS	n/a	n/a	D255
590.2680000000	n/a	n/a	STATUS	n/a	n/a	DIN5
590.3200000000	n/a	n/a	STATUS	n/a	n/a	D255
590.8120000000	n/a	n/a	STATUS	n/a	n/a	D107
590.8640000000	n/a	n/a	STATUS	n/a	n/a	D255
590.9000000000	n/a	n/a	STATUS	n/a	n/a	DI53
590.9520000000	n/a	n/a	STATUS	n/a	n/a	D255
591.2680000000	n/a	n/a	STATUS	n/a	n/a	DI43
591.3200000000	n/a	n/a	STATUS	n/a	n/a	D255
591.5760000000	n/a	n/a	STATUS	n/a	n/a	DIN5
591.6280000000	n/a	n/a	STATUS	n/a	n/a	D255
592.1000000000	n/a	n/a	STATUS	n/a	n/a	DI80
592.1520000000	n/a	n/a	STATUS	n/a	n/a	D255
592.1920000000	n/a	n/a	STATUS	n/a	n/a	DI54
592.2400000000	n/a	n/a	STATUS	n/a	n/a	D255
592.5040000000	n/a	n/a	STATUS	n/a	n/a	DI34
592.5560000000	n/a	n/a	STATUS	n/a	n/a	D255
592.8120000000	n/a	n/a	STATUS	n/a	n/a	DIN5
592.8640000000	n/a	n/a	STATUS	n/a	n/a	D255
593.2840000000	n/a	n/a	STATUS	n/a	n/a	D138
593.3360000000	n/a	n/a	STATUS	n/a	n/a	D255
593.3720000000	n/a	n/a	STATUS	n/a	n/a	DI51
593.4200000000	n/a	n/a	STATUS	n/a	n/a	D255
594.4480000000	n/a	n/a	STATUS	n/a	n/a	DIN3
594.5000000000	n/a	n/a	STATUS	n/a	n/a	D255
595.2560000000	n/a	n/a	STATUS	n/a	n/a	DIN5
595.3040000000	n/a	n/a	STATUS	n/a	n/a	D255
595.7960000000	n/a	n/a	STATUS	n/a	n/a	D253
595.8440000000	n/a	n/a	STATUS	n/a	n/a	D255
595.8800000000	n/a	n/a	STATUS	n/a	n/a	DI52
595.9320000000	n/a	n/a	STATUS	n/a	n/a	D255
596.3480000000	n/a	n/a	STATUS	n/a	n/a	DI42
596.4000000000	n/a	n/a	STATUS	n/a	n/a	D255
596.6560000000	n/a	n/a	STATUS	n/a	n/a	DIN5
596.7080000000	n/a	n/a	STATUS	n/a	n/a	D255
597.1360000000	n/a	n/a	STATUS	n/a	n/a	D133
597.1880000000	n/a	n/a	STATUS	n/a	n/a	D255
597.2240000000	n/a	n/a	STATUS	n/a	n/a	DI52
597.2760000000	n/a	n/a	STATUS	n/a	n/a	D255
597.7800000000	n/a	n/a	STATUS	n/a	n/a	DI42
597.8320000000	n/a	n/a	STATUS	n/a	n/a	D255
598.0880000000	n/a	n/a	STATUS	n/a	n/a	DIN5
598.1400000000	n/a	n/a	STATUS	n/a	n/a	D255
598.5360000000	n/a	n/a	STATUS	n/a	n/a	D149
598.5840000000	n/a	n/a	STATUS	n/a	n/a	D255
598.6240000000	n/a	n/a	STATUS	n/a	n/a	DI51
598.6720000000	n/a	n/a	STATUS	n/a	n/a	D255
598.8760000000	n/a	n/a	STATUS	n/a	n/a	DI21
598.9280000000	n/a	n/a	STATUS	n/a	n/a	D255
598.9320000000	n/a	n/a	STATUS	n/a	n/a	DIN4
598.9840000000	n/a	n/a	STATUS	n/a	n/a	D255
599.7360000000	n/a	n/a	STATUS	n/a	n/a	DIN5
599.7880000000	n/a	n/a	STATUS	n/a	n/a	D255
600.1960000000	n/a	n/a	STATUS	n/a	n/a	DI78
600.2480000000	n/a	n/a	STATUS	n/a	n/a	D255
600.2840000000	n/a	n/a	STATUS	n/a	n/a	DI53
600.3360000000	n/a	n/a	STATUS	n/a	n/a	D255
600.6640000000	n/a	n/a	STATUS	n/a	n/a	DI43
600.7120000000	n/a	n/a	STATUS	n/a	n/a	D255
600.9720000000	n/a	n/a	STATUS	n/a	n/a	DIN5
601.0240000000	n/a	n/a	STATUS	n/a	n/a	D255
601.3320000000	n/a	n/a	STATUS	n/a	n/a	D163
601.3840000000	n/a	n/a	STATUS	n/a	n/a	D255
601.4200000000	n/a	n/a	STATUS	n/a	n/a	DI52
601.4680000000	n/a	n/a	STATUS	n/a	n/a	D255
601.8480000000	n/a	n/a	STATUS	n/a	n/a	DI42
601.9000000000	n/a	n/a	STATUS	n/a	n/a	D255
602.1560000000	n/a	n/a	STATUS	n/a	n/a	DIN5
602.2080000000	n/a	n/a	STATUS	n/a	n/a	D255
602.7040000000	n/a	n/a	STATUS	n/a	n/a	DI79
602.7520000000	n/a	n/a	STATUS	n/a	n/a	D255
602.7920000000	n/a	n/a	STATUS	n/a	n/a	DI51
602.8400000000	n/a	n/a	STATUS	n/a	n/a	D255
603.3280000000	n/a	n/a	STATUS	n/a	n/a	DI31
603.3800000000	n/a	n/a	STATUS	n/a	n/a	D255
603.6360000000	n/a	n/a	STATUS	n/a	n/a	DIN5
603.6880000000	n/a	n/a	STATUS	n/a	n/a	D255
604.0760000000	n/a	n/a	STATUS	n/a	n/a	D144
604.1280000000	n/a	n/a	STATUS	n/a	n/a	D255
604.1640000000	n/a	n/a	STATUS	n/a	n/a	DI54
604.2160000000	n/a	n/a	STATUS	n/a	n/a	D255
604.5240000000	n/a	n/a	STATUS	n/a	n/a	DI34
604.5760000000	n/a	n/a	STATUS	n/a	n/a	D255
604.8360000000	n/a	n/a	STATUS	n/a	n/a	DIN5
604.8840000000	n/a	n/a	STATUS	n/a	n/a	D255
605.2280000000	n/a	n/a	STATUS	n/a	n/a	D211
605.2800000000	n/a	n/a	STATUS	n/a	n/a	D255
605.3160000000	n/a	n/a	STATUS	n/a	n/a	DI51
605.3680000000	n/a	n/a	STATUS	n/a	n/a	D255
605.6040000000	n/a	n/a	STATUS	n/a	n/a	DI21
605.6560000000	n/a	n/a	STATUS	n/a	n/a	D255
605.6600000000	n/a	n/a	STATUS	n/a	n/a	DIN4
605.7080000000	n/a	n/a	STATUS	n/a	n/a	D255
606.4640000000	n/a	n/a	STATUS	n/a	n/a	DIN5
606.5120000000	n/a	n/a	STATUS	n/a	n/a	D255
606.9400000000	n/a	n/a	STATUS	n/a	n/a	D102
606.9880000000	n/a	n/a	STATUS	n/a	n/a	D255
607.0280000000	n/a	n/a	STATUS	n/a	n/a	DI53
607.0760000000	n/a	n/a	STATUS	n/a	n/a	D255
607.3640000000	n/a	n/a	STATUS	n/a	n/a	DI43
607.4120000000	n/a	n/a	STATUS	n/a	n/a	D255
607.6720000000	n/a	n/a	STATUS	n/a	n/a	DIN5
607.7200000000	n/a	n/a	STATUS	n/a	n/a	D255
608.1520000000	n/a	n/a	STATUS	n/a	n/a	DI84
608.2000000000	n/a	n/a	STATUS	n/a	n/a	D255
608.2400000000	n/a	n/a	STATUS	n/a	n/a	DI52
608.2880000000	n/a	n/a	STATUS	n/a	n/a	D255
608.6560000000	n/a	n/a	STATUS	n/a	n/a	DI42
608.7040000000	n/a	n/a	STATUS	n/a	n/a	D255
608.9640000000	n/a	n/a	STATUS	n/a	n/a	DIN5
609.0160000000	n/a	n/a	STATUS	n/a	n/a	D255
609.4240000000	n/a	n/a	STATUS	n/a	n/a	D225
609.4760000000	n/a	n/a	STATUS	n/a	n/a	D255
609.5120000000	n/a	n/a	STATUS	n/a	n/a	DI51
609.5600000000	n/a	n/a	STATUS	n/a	n/a	D255
609.8080000000	n/a	n/a	STATUS	n/a	n/a	DI21
609.8600000000	n/a	n/a	STATUS	n/a	n/a	D255
609.8640000000	n/a	n/a	STATUS	n/a	n/a	DIN4
609.9120000000	n/a	n/a	STATUS	n/a	n/a	DIN5
609.9120000000	n/a	n/a	STATUS	n/a	n/a	D255
610.6680000000	n/a	n/a	STATUS	n/a	n/a	DIN5
610.7200000000	n/a	n/a	STATUS	n/a	n/a	D255
611.1880000000	n/a	n/a	STATUS	n/a	n/a	D148
611.2360000000	n/a	n/a	STATUS	n/a	n/a	D255
611.2760000000	n/a	n/a	STATUS	n/a	n/a	DI51
611.3280000000	n/a	n/a	STATUS	n/a	n/a	D255
611.8080000000	n/a	n/a	STATUS	n/a	n/a	DI31
611.8600000000	n/a	n/a	STATUS	n/a	n/a	D255
612.1160000000	n/a	n/a	STATUS	n/a	n/a	DIN5
612.1680000000	n/a	n/a	STATUS	n/a	n/a	D255
612.5120000000	n/a	n/a	STATUS	n/a	n/a	D120
612.5640000000	n/a	n/a	STATUS	n/a	n/a	D255
612.6000000000	n/a	n/a	STATUS	n/a	n/a	DI52
612.6480000000	n/a	n/a	STATUS	n/a	n/a	D255
613.0160000000	n/a	n/a	STATUS	n/a	n/a	DI42
613.0680000000	n/a	n/a	STATUS	n/a	n/a	D255
613.3280000000	n/a	n/a	STATUS	n/a	n/a	DIN5
613.3800000000	n/a	n/a	STATUS	n/a	n/a	D255
613.8840000000	n/a	n/a	STATUS	n/a	n/a	D247
613.9320000000	n/a	n/a	STATUS	n/a	n/a	D255
613.9720000000	n/a	n/a	STATUS	n/a	n/a	DI52
614.0200000000	n/a	n/a	STATUS	n/a	n/a	D255
614.3480000000	n/a	n/a	STATUS	n/a	n/a	DI42
614.4000000000	n/a	n/a	STATUS	n/a	n/a	D255
614.6600000000	n/a	n/a	STATUS	n/a	n/a	DIN5
614.7080000000	n/a	n/a	STATUS	n/a	n/a	D255
615.0160000000	n/a	n/a	STATUS	n/a	n/a	D243
615.0680000000	n/a	n/a	STATUS	n/a	n/a	D255
615.1080000000	n/a	n/a	STATUS	n/a	n/a	DI53
615.1560000000	n/a	n/a	STATUS	n/a	n/a	D255
615.4520000000	n/a	n/a	STATUS	n/a	n/a	DI43
615.5000000000	n/a	n/a	STATUS	n/a	n/a	D255
615.7600000000	n/a	n/a	STATUS	n/a	n/a	DIN5
615.8120000000	n/a	n/a	STATUS	n/a	n/a	D255
616.2440000000	n/a	n/a	STATUS	n/a	n/a	D132
616.2960000000	n/a	n/a	STATUS	n/a	n/a	D255
616.3320000000	n/a	n/a	STATUS	n/a	n/a	DI52
616.3840000000	n/a	n/a	STATUS	n/a	n/a	D255
616.7080000000	n/a	n/a	STATUS	n/a	n/a	DI42
616.7600000000	n/a	n/a	STATUS	n/a	n/a	D255
617.0160000000	n/a	n/a	STATUS	n/a	n/a	DIN5
617.0680000000	n/a	n/a	STATUS	n/a	n/a	D255
617.0680000000	n/a	n/a	STATUS	n/a	n/a	D197
617.4440000000	n/a	n/a	STATUS	n/a	n/a	DI76
617.4920000000	n/a	n/a	STATUS	n/a	n/a	D255
617.5280000000	n/a	n/a	STATUS	n/a	n/a	DI53
617.5800000000	n/a	n/a	STATUS	n/a	n/a	D255
617.8240000000	n/a	n/a	STATUS	n/a	n/a	DI43
617.8760000000	n/a	n/a	STATUS	n/a	n/a	D255
618.1320000000	n/a	n/a	STATUS	n/a	n/a	DIN5
618.1840000000	n/a	n/a	STATUS	n/a	n/a	D255
618.5720000000	n/a	n/a	STATUS	n/a	n/a	D105
618.6240000000	n/a	n/a	STATUS	n/a	n/a	D255
618.6600000000	n/a	n/a	STATUS	n/a	n/a	DI54
618.7120000000	n/a	n/a	STATUS	n/a	n/a	D255
618.9600000000	n/a	n/a	STATUS	n/a	n/a	DI34
619.0120000000	n/a	n/a	STATUS	n/a	n/a	D255
619.2720000000	n/a	n/a	STATUS	n/a	n/a	DIN5
619.3200000000	n/a	n/a	STATUS	n/a	n/a	D255
619.6240000000	n/a	n/a	STATUS	n/a	n/a	D185
619.6760000000	n/a	n/a	STATUS	n/a	n/a	D255
619.7120000000	n/a	n/a	STATUS	n/a	n/a	DI53
619.7640000000	n/a	n/a	STATUS	n/a	n/a	D255
620.0400000000	n/a	n/a	STATUS	n/a	n/a	DI43
620.0920000000	n/a	n/a	STATUS	n/a	n/a	D255
620.3520000000	n/a	n/a	STATUS	n/a	n/a	DIN5
620.4000000000	n/a	n/a	STATUS	n/a	n/a	D255
620.8160000000	n/a	n/a	STATUS	n/a	n/a	D162
620.8640000000	n/a	n/a	STATUS	n/a	n/a	D255
620.9040000000	n/a	n/a	STATUS	n/a	n/a	DI53
620.9520000000	n/a	n/a	STATUS	n/a	n/a	D255
621.1600000000	n/a	n/a	STATUS	n/a	n/a	DI43
621.2120000000	n/a	n/a	STATUS	n/a	n/a	D255
621.4720000000	n/a	n/a	STATUS	n/a	n/a	DIN5
621.5200000000	n/a	n/a	STATUS	n/a	n/a	D255
622.0200000000	n/a	n/a	STATUS	n/a	n/a	D216
622.0720000000	n/a	n/a	STATUS	n/a	n/a	D255
622.1080000000	n/a	n/a	STATUS	n/a	n/a	DI54
622.1560000000	n/a	n/a	STATUS	n/a	n/a	D255
622.4120000000	n/a	n/a	STATUS	n/a	n/a	DI34
622.4640000000	n/a	n/a	STATUS	n/a	n/a	D255
622.7240000000	n/a	n/a	STATUS	n/a	n/a	DIN5
622.7720000000	n/a	n/a	STATUS	n/a	n/a	D255
623.1880000000	n/a	n/a	STATUS	n/a	n/a	D164
623.2360000000	n/a	n/a	STATUS	n/a	n/a	D255
623.2760000000	n/a	n/a	STATUS	n/a	n/a	DI54
623.3240000000	n/a	n/a	STATUS	n/a	n/a	D255
623.6760000000	n/a	n/a	STATUS	n/a	n/a	DI34
623.7280000000	n/a	n/a	STATUS	n/a	n/a	D255
623.9880000000	n/a	n/a	STATUS	n/a	n/a	DIN5
624.0360000000	n/a	n/a	STATUS	n/a	n/a	D255
624.4320000000	n/a	n/a	STATUS	n/a	n/a	D129
624.4840000000	n/a	n/a	STATUS	n/a	n/a	D255
624.5200000000	n/a	n/a	STATUS	n/a	n/a	DI54
624.5720000000	n/a	n/a	STATUS	n/a	n/a	D255
624.8680000000	n/a	n/a	STATUS	n/a	n/a	DI34
624.9160000000	n/a	n/a	STATUS	n/a	n/a	D255
625.1760000000	n/a	n/a	STATUS	n/a	n/a	DIN5
625.2280000000	n/a	n/a	STATUS	n/a	n/a	D255
625.5760000000	n/a	n/a	STATUS	n/a	n/a	DI94
625.6280000000	n/a	n/a	STATUS	n/a	n/a	D255
625.6640000000	n/a	n/a	STATUS	n/a	n/a	DI53
625.7120000000	n/a	n/a	STATUS	n/a	n/a	D255
625.9560000000	n/a	n/a	STATUS	n/a	n/a	DI43
626.0080000000	n/a	n/a	STATUS	n/a	n/a	D255
626.2680000000	n/a	n/a	STATUS	n/a	n/a	DIN5
626.3160000000	n/a	n/a	STATUS	n/a	n/a	D255
626.6520000000	n/a	n/a	STATUS	n/a	n/a	D103
626.7000000000	n/a	n/a	STATUS	n/a	n/a	D255
626.7360000000	n/a	n/a	STATUS	n/a	n/a	DI53
626.7880000000	n/a	n/a	STATUS	n/a	n/a	D255
627.0360000000	n/a	n/a	STATUS	n/a	n/a	DI43
627.0880000000	n/a	n/a	STATUS	n/a	n/a	D255
627.3480000000	n/a	n/a	STATUS	n/a	n/a	DIN5
627.3960000000	n/a	n/a	STATUS	n/a	n/a	D255
627.8880000000	n/a	n/a	STATUS	n/a	n/a	DI87
627.9360000000	n/a	n/a	STATUS	n/a	n/a	D255
627.9760000000	n/a	n/a	STATUS	n/a	n/a	DI51
628.0240000000	n/a	n/a	STATUS	n/a	n/a	D255
628.1760000000	n/a	n/a	STATUS	n/a	n/a	DI21
628.2240000000	n/a	n/a	STATUS	n/a	n/a	D255
628.2280000000	n/a	n/a	STATUS	n/a	n/a	DIN4
628.2800000000	n/a	n/a	STATUS	n/a	n/a	D255
629.0360000000	n/a	n/a	STATUS	n/a	n/a	DIN5
629.0840000000	n/a	n/a	STATUS	n/a	n/a	D255
629.5600000000	n/a	n/a	STATUS	n/a	n/a	DI77
629.6120000000	n/a	n/a	STATUS	n/a	n/a	D255
629.6480000000	n/a	n/a	STATUS	n/a	n/a	DI54
629.7000000000	n/a	n/a	STATUS	n/a	n/a	D255
629.9960000000	n/a	n/a	STATUS	n/a	n/a	DI34
630.0480000000	n/a	n/a	STATUS	n/a	n/a	D255
630.3080000000	n/a	n/a	STATUS	n/a	n/a	DIN5
630.3560000000	n/a	n/a	STATUS	n/a	n/a	D255
630.7960000000	n/a	n/a	STATUS	n/a	n/a	D242
630.8480000000	n/a	n/a	STATUS	n/a	n/a	D255
630.8840000000	n/a	n/a	STATUS	n/a	n/a	DI54
630.9360000000	n/a	n/a	STATUS	n/a	n/a	D255
631.2240000000	n/a	n/a	STATUS	n/a	n/a	DI34
631.2760000000	n/a	n/a	STATUS	n/a	n/a	D255
631.5360000000	n/a	n/a	STATUS	n/a	n/a	DIN5
631.5840000000	n/a	n/a	STATUS	n/a	n/a	D255
631.9200000000	n/a	n/a	STATUS	n/a	n/a	D140
631.9680000000	n/a	n/a	STATUS	n/a	n/a	D255
632.0040000000	n/a	n/a	STATUS	n/a	n/a	DI52
632.0560000000	n/a	n/a	STATUS	n/a	n/a	D255
632.3840000000	n/a	n/a	STATUS	n/a	n/a	DI42
632.4320000000	n/a	n/a	STATUS	n/a	n/a	D255
632.6920000000	n/a	n/a	STATUS	n/a	n/a	DIN5
632.7440000000	n/a	n/a	STATUS	n/a	n/a	D255
633.1360000000	n/a	n/a	STATUS	n/a	n/a	D131
633.1880000000	n/a	n/a	STATUS	n/a	n/a	D255
633.2240000000	n/a	n/a	STATUS	n/a	n/a	DI52
633.2760000000	n/a	n/a	STATUS	n/a	n/a	D255
633.7160000000	n/a	n/a	STATUS	n/a	n/a	DI42
633.7680000000	n/a	n/a	STATUS	n/a	n/a	D255
634.0240000000	n/a	n/a	STATUS	n/a	n/a	DIN5
634.0760000000	n/a	n/a	STATUS	n/a	n/a	D255
634.5600000000	n/a	n/a	STATUS	n/a	n/a	D158
634.6120000000	n/a	n/a	STATUS	n/a	n/a	D255
634.6480000000	n/a	n/a	STATUS	n/a	n/a	DI52
634.7000000000	n/a	n/a	STATUS	n/a	n/a	D255
635.0760000000	n/a	n/a	STATUS	n/a	n/a	DI42
635.1280000000	n/a	n/a	STATUS	n/a	n/a	D255
635.3880000000	n/a	n/a	STATUS	n/a	n/a	DIN5
635.4360000000	n/a	n/a	STATUS	n/a	n/a	D255
635.7600000000	n/a	n/a	STATUS	n/a	n/a	D250
635.8120000000	n/a	n/a	STATUS	n/a	n/a	D255
635.8480000000	n/a	n/a	STATUS	n/a	n/a	DI54
635.9000000000	n/a	n/a	STATUS	n/a	n/a	D255
636.2280000000	n/a	n/a	STATUS	n/a	n/a	DI34
636.2800000000	n/a	n/a	STATUS	n/a	n/a	D255
636.5400000000	n/a	n/a	STATUS	n/a	n/a	DIN5
636.5880000000	n/a	n/a	STATUS	n/a	n/a	D255
636.9080000000	n/a	n/a	STATUS	n/a	n/a	DI69
636.9600000000	n/a	n/a	STATUS	n/a	n/a	D255
636.9960000000	n/a	n/a	STATUS	n/a	n/a	DI53
637.0440000000	n/a	n/a	STATUS	n/a	n/a	D255
637.3240000000	n/a	n/a	STATUS	n/a	n/a	DI43
637.3760000000	n/a	n/a	STATUS	n/a	n/a	D255
637.6320000000	n/a	n/a	STATUS	n/a	n/a	DIN5
637.6840000000	n/a	n/a	STATUS	n/a	n/a	D255
638.0320000000	n/a	n/a	STATUS	n/a	n/a	D194
638.0840000000	n/a	n/a	STATUS	n/a	n/a	D255
638.1200000000	n/a	n/a	STATUS	n/a	n/a	DI52
638.1720000000	n/a	n/a	STATUS	n/a	n/a	D255
638.3960000000	n/a	n/a	STATUS	n/a	n/a	DI12
638.4440000000	n/a	n/a	STATUS	n/a	n/a	D255
638.4520000000	n/a	n/a	STATUS	n/a	n/a	DIN4
638.5000000000	n/a	n/a	STATUS	n/a	n/a	D255
639.2560000000	n/a	n/a	STATUS	n/a	n/a	DIN5
639.3040000000	n/a	n/a	STATUS	n/a	n/a	D255
639.7760000000	n/a	n/a	STATUS	n/a	n/a	D108
639.8240000000	n/a	n/a	STATUS	n/a	n/a	D255
639.8640000000	n/a	n/a	STATUS	n/a	n/a	DI51
639.9120000000	n/a	n/a	STATUS	n/a	n/a	D255
640.3320000000	n/a	n/a	STATUS	n/a	n/a	DI31
640.3800000000	n/a	n/a	STATUS	n/a	n/a	D255
640.6400000000	n/a	n/a	STATUS	n/a	n/a	DIN5
640.6880000000	n/a	n/a	STATUS	n/a	n/a	D255
641.1960000000	n/a	n/a	STATUS	n/a	n/a	D254
641.2440000000	n/a	n/a	STATUS	n/a	n/a	D255
641.2840000000	n/a	n/a	STATUS	n/a	n/a	DI53
641.3320000000	n/a	n/a	STATUS	n/a	n/a	D255
641.5880000000	n/a	n/a	STATUS	n/a	n/a	DI43
641.6360000000	n/a	n/a	STATUS	n/a	n/a	D255
641.8960000000	n/a	n/a	STATUS	n/a	n/a	DIN5
641.9440000000	n/a	n/a	STATUS	n/a	n/a	D255
642.4120000000	n/a	n/a	STATUS	n/a	n/a	D100
642.4600000000	n/a	n/a	STATUS	n/a	n/a	D255
642.5000000000	n/a	n/a	STATUS	n/a	n/a	DI54
642.5480000000	n/a	n/a	STATUS	n/a	n/a	D255
642.8160000000	n/a	n/a	STATUS	n/a	n/a	DI34
642.8640000000	n/a	n/a	STATUS	n/a	n/a	D255
643.1240000000	n/a	n/a	STATUS	n/a	n/a	DIN5
643.1720000000	n/a	n/a	STATUS	n/a	n/a	D255
643.6160000000	n/a	n/a	STATUS	n/a	n/a	D246
643.6680000000	n/a	n/a	STATUS	n/a	n/a	D255
643.7040000000	n/a	n/a	STATUS	n/a	n/a	DI53
643.7560000000	n/a	n/a	STATUS	n/a	n/a	D255
643.9840000000	n/a	n/a	STATUS	n/a	n/a	DI43
644.0360000000	n/a	n/a	STATUS	n/a	n/a	D255
644.2960000000	n/a	n/a	STATUS	n/a	n/a	DIN5
644.3440000000	n/a	n/a	STATUS	n/a	n/a	D255
644.7600000000	n/a	n/a	STATUS	n/a	n/a	DI85
644.8080000000	n/a	n/a	STATUS	n/a	n/a	D255
644.8440000000	n/a	n/a	STATUS	n/a	n/a	DI51
644.8960000000	n/a	n/a	STATUS	n/a	n/a	D255
645.1440000000	n/a	n/a	STATUS	n/a	n/a	DI21
645.1960000000	n/a	n/a	STATUS	n/a	n/a	D255
645.2000000000	n/a	n/a	STATUS	n/a	n/a	DIN4
645.2480000000	n/a	n/a	STATUS	n/a	n/a	D255
646.0040000000	n/a	n/a	STATUS	n/a	n/a	DIN5
646.0560000000	n/a	n/a	STATUS	n/a	n/a	D255
646.5480000000	n/a	n/a	STATUS	n/a	n/a	D223
646.6000000000	n/a	n/a	STATUS	n/a	n/a	D255
646.6360000000	n/a	n/a	STATUS	n/a	n/a	DI54
646.6880000000	n/a	n/a	STATUS	n/a	n/a	D255
647.0080000000	n/a	n/a	STATUS	n/a	n/a	DI34
647.0560000000	n/a	n/a	STATUS	n/a	n/a	D255
647.3160000000	n/a	n/a	STATUS	n/a	n/a	DIN5
647.3680000000	n/a	n/a	STATUS	n/a	n/a	D255
647.7360000000	n/a	n/a	STATUS	n/a	n/a	D237
647.7880000000	n/a	n/a	STATUS	n/a	n/a	D255
647.8240000000	n/a	n/a	STATUS	n/a	n/a	DI53
647.8760000000	n/a	n/a	STATUS	n/a	n/a	D255
648.0960000000	n/a	n/a	STATUS	n/a	n/a	DI43
648.1480000000	n/a	n/a	STATUS	n/a	n/a	D255
648.4080000000	n/a	n/a	STATUS	n/a	n/a	DIN5
648.4560000000	n/a	n/a	STATUS	n/a	n/a	D255
648.9160000000	n/a	n/a	STATUS	n/a	n/a	D205
648.9680000000	n/a	n/a	STATUS	n/a	n/a	D255
649.0040000000	n/a	n/a	STATUS	n/a	n/a	DI54
649.0560000000	n/a	n/a	STATUS	n/a	n/a	D255
649.3120000000	n/a	n/a	STATUS	n/a	n/a	DI34
649.3640000000	n/a	n/a	STATUS	n/a	n/a	D255
649.6240000000	n/a	n/a	STATUS	n/a	n/a	DIN5
649.6720000000	n/a	n/a	STATUS	n/a	n/a	D255
650.1720000000	n/a	n/a	STATUS	n/a	n/a	D186
650.2240000000	n/a	n/a	STATUS	n/a	n/a	D255
650.2600000000	n/a	n/a	STATUS	n/a	n/a	DI51
650.3120000000	n/a	n/a	STATUS	n/a	n/a	D255
650.9080000000	n/a	n/a	STATUS	n/a	n/a	DI31
650.9600000000	n/a	n/a	STATUS	n/a	n/a	D255
651.2200000000	n/a	n/a	STATUS	n/a	n/a	DIN5
651.2680000000	n/a	n/a	STATUS	n/a	n/a	D255
651.5920000000	n/a	n/a	STATUS	n/a	n/a	D180
651.6440000000	n/a	n/a	STATUS	n/a	n/a	D255
651.6800000000	n/a	n/a	STATUS	n/a	n/a	DI52
651.7320000000	n/a	n/a	STATUS	n/a	n/a	D255
652.0920000000	n/a	n/a	STATUS	n/a	n/a	DI42
652.1440000000	n/a	n/a	STATUS	n/a	n/a	D255
652.4040000000	n/a	n/a	STATUS	n/a	n/a	DIN5
652.4520000000	n/a	n/a	STATUS	n/a	n/a	D255
652.8360000000	n/a	n/a	STATUS	n/a	n/a	DI92
652.8880000000	n/a	n/a	STATUS	n/a	n/a	DI93
652.8880000000	n/a	n/a	STATUS	n/a	n/a	D255
652.9240000000	n/a	n/a	STATUS	n/a	n/a	DI53
652.9760000000	n/a	n/a	STATUS	n/a	n/a	D255
653.2600000000	n/a	n/a	STATUS	n/a	n/a	DI43
653.3080000000	n/a	n/a	STATUS	n/a	n/a	D255
653.5680000000	n/a	n/a	STATUS	n/a	n/a	DIN5
653.6160000000	n/a	n/a	STATUS	n/a	n/a	D255
653.9280000000	n/a	n/a	STATUS	n/a	n/a	D110
653.9760000000	n/a	n/a	STATUS	n/a	n/a	D255
654.0120000000	n/a	n/a	STATUS	n/a	n/a	DI52
654.0640000000	n/a	n/a	STATUS	n/a	n/a	D255
654.3520000000	n/a	n/a	STATUS	n/a	n/a	DI12
654.4040000000	n/a	n/a	STATUS	n/a	n/a	D255
654.4080000000	n/a	n/a	STATUS	n/a	n/a	DIN4
654.4560000000	n/a	n/a	STATUS	n/a	n/a	D255
655.2120000000	n/a	n/a	STATUS	n/a	n/a	DIN5
655.2640000000	n/a	n/a	STATUS	n/a	n/a	D255
655.7520000000	n/a	n/a	STATUS	n/a	n/a	DI73
655.8000000000	n/a	n/a	STATUS	n/a	n/a	D255
655.8400000000	n/a	n/a	STATUS	n/a	n/a	DI51
655.8920000000	n/a	n/a	STATUS	n/a	n/a	D255
656.3400000000	n/a	n/a	STATUS	n/a	n/a	DI31
656.3920000000	n/a	n/a	STATUS	n/a	n/a	D255
656.6480000000	n/a	n/a	STATUS	n/a	n/a	DIN5
656.7000000000	n/a	n/a	STATUS	n/a	n/a	D255
657.1280000000	n/a	n/a	STATUS	n/a	n/a	D248
657.1800000000	n/a	n/a	STATUS	n/a	n/a	D255
657.2160000000	n/a	n/a	STATUS	n/a	n/a	DI54
657.2680000000	n/a	n/a	STATUS	n/a	n/a	D255
657.7240000000	n/a	n/a	STATUS	n/a	n/a	DI34
657.7720000000	n/a	n/a	STATUS	n/a	n/a	D255
658.0320000000	n/a	n/a	STATUS	n/a	n/a	DIN5
658.0840000000	n/a	n/a	STATUS	n/a	n/a	D255
658.4400000000	n/a	n/a	STATUS	n/a	n/a	D184
658.4920000000	n/a	n/a	STATUS	n/a	n/a	D255
658.5280000000	n/a	n/a	STATUS	n/a	n/a	DI52
658.5800000000	n/a	n/a	STATUS	n/a	n/a	D255
658.8200000000	n/a	n/a	STATUS	n/a	n/a	DI12
658.8720000000	n/a	n/a	STATUS	n/a	n/a	D255
658.8760000000	n/a	n/a	STATUS	n/a	n/a	DIN4
658.9280000000	n/a	n/a	STATUS	n/a	n/a	D255
659.6800000000	n/a	n/a	STATUS	n/a	n/a	DIN5
659.7320000000	n/a	n/a	STATUS	n/a	n/a	D255
660.0640000000	n/a	n/a	STATUS	n/a	n/a	DI99
660.1160000000	n/a	n/a	STATUS	n/a	n/a	D255
660.1560000000	n/a	n/a	STATUS	n/a	n/a	DI51
660.2040000000	n/a	n/a	STATUS	n/a	n/a	D255
660.6720000000	n/a	n/a	STATUS	n/a	n/a	DI31
660.7240000000	n/a	n/a	STATUS	n/a	n/a	D255
660.9800000000	n/a	n/a	STATUS	n/a	n/a	DIN5
661.0320000000	n/a	n/a	STATUS	n/a	n/a	D255
661.3600000000	n/a	n/a	STATUS	n/a	n/a	D175
661.4120000000	n/a	n/a	STATUS	n/a	n/a	D255
661.4480000000	n/a	n/a	STATUS	n/a	n/a	DI54
661.5000000000	n/a	n/a	STATUS	n/a	n/a	D255
661.8240000000	n/a	n/a	STATUS	n/a	n/a	DI34
661.8760000000	n/a	n/a	STATUS	n/a	n/a	D255
662.1360000000	n/a	n/a	STATUS	n/a	n/a	DIN5
662.1840000000	n/a	n/a	STATUS	n/a	n/a	D255
662.5280000000	n/a	n/a	STATUS	n/a	n/a	D160
662.5800000000	n/a	n/a	STATUS	n/a	n/a	D255
662.6160000000	n/a	n/a	STATUS	n/a	n/a	DI51
662.6640000000	n/a	n/a	STATUS	n/a	n/a	D255
662.9120000000	n/a	n/a	STATUS	n/a	n/a	DI21
662.9640000000	n/a	n/a	STATUS	n/a	n/a	D255
662.9680000000	n/a	n/a	STATUS	n/a	n/a	DIN4
663.0160000000	n/a	n/a	STATUS	n/a	n/a	D255
663.7720000000	n/a	n/a	STATUS	n/a	n/a	DIN5
663.8240000000	n/a	n/a	STATUS	n/a	n/a	D255
664.1440000000	n/a	n/a	STATUS	n/a	n/a	DI67
664.1920000000	n/a	n/a	STATUS	n/a	n/a	D255
664.2320000000	n/a	n/a	STATUS	n/a	n/a	DI54
664.2800000000	n/a	n/a	STATUS	n/a	n/a	D255
664.6280000000	n/a	n/a	STATUS	n/a	n/a	DI34
664.6800000000	n/a	n/a	STATUS	n/a	n/a	D255
664.6800000000	n/a	n/a	STATUS	n/a	n/a	D227
664.9400000000	n/a	n/a	STATUS	n/a	n/a	DIN5
664.9880000000	n/a	n/a	STATUS	n/a	n/a	D255
665.4640000000	n/a	n/a	STATUS	n/a	n/a	D252
665.5160000000	n/a	n/a	STATUS	n/a	n/a	D255
665.5520000000	n/a	n/a	STATUS	n/a	n/a	DI53
665.6040000000	n/a	n/a	STATUS	n/a	n/a	D255
665.9520000000	n/a	n/a	STATUS	n/a	n/a	DI43
666.0000000000	n/a	n/a	STATUS	n/a	n/a	D255
666.2600000000	n/a	n/a	STATUS	n/a	n/a	DIN5
666.3080000000	n/a	n/a	STATUS	n/a	n/a	D255
666.7960000000	n/a	n/a	STATUS	n/a	n/a	DI89
666.8440000000	n/a	n/a	STATUS	n/a	n/a	D255
666.8840000000	n/a	n/a	STATUS	n/a	n/a	DI53
666.9320000000	n/a	n/a	STATUS	n/a	n/a	D255
667.1960000000	n/a	n/a	STATUS	n/a	n/a	DI43
667.2440000000	n/a	n/a	STATUS	n/a	n/a	D255
667.5040000000	n/a	n/a	STATUS	n/a	n/a	DIN5
667.5560000000	n/a	n/a	STATUS	n/a	n/a	D255
668.0600000000	n/a	n/a	STATUS	n/a	n/a	D220
668.1080000000	n/a	n/a	STATUS	n/a	n/a	D255
668.1440000000	n/a	n/a	STATUS	n/a	n/a	DI51
668.1960000000	n/a	n/a	STATUS	n/a	n/a	D255
668.4200000000	n/a	n/a	STATUS	n/a	n/a	DI21
668.4680000000	n/a	n/a	STATUS	n/a	n/a	D255
668.4720000000	n/a	n/a	STATUS	n/a	n/a	DIN4
668.5240000000	n/a	n/a	STATUS	n/a	n/a	D255
669.2800000000	n/a	n/a	STATUS	n/a	n/a	DIN5
669.3280000000	n/a	n/a	STATUS	n/a	n/a	D255
669.6840000000	n/a	n/a	STATUS	n/a	n/a	DI96
669.7320000000	n/a	n/a	STATUS	n/a	n/a	D255
669.7720000000	n/a	n/a	STATUS	n/a	n/a	DI53
669.8240000000	n/a	n/a	STATUS	n/a	n/a	D255
670.1240000000	n/a	n/a	STATUS	n/a	n/a	DI43
670.1720000000	n/a	n/a	STATUS	n/a	n/a	D255
670.4320000000	n/a	n/a	STATUS	n/a	n/a	DIN5
670.4840000000	n/a	n/a	STATUS	n/a	n/a	D255
670.8200000000	n/a	n/a	STATUS	n/a	n/a	D152
670.8680000000	n/a	n/a	STATUS	n/a	n/a	D255
670.9080000000	n/a	n/a	STATUS	n/a	n/a	DI52
670.9560000000	n/a	n/a	STATUS	n/a	n/a	D255
671.4000000000	n/a	n/a	STATUS	n/a	n/a	DI42
671.4520000000	n/a	n/a	STATUS	n/a	n/a	D255
671.7080000000	n/a	n/a	STATUS	n/a	n/a	DIN5
671.7600000000	n/a	n/a	STATUS	n/a	n/a	D255
672.1600000000	n/a	n/a	STATUS	n/a	n/a	D117
672.2080000000	n/a	n/a	STATUS	n/a	n/a	D255
672.2480000000	n/a	n/a	STATUS	n/a	n/a	DI51
672.2960000000	n/a	n/a	STATUS	n/a	n/a	D255
672.5440000000	n/a	n/a	STATUS	n/a	n/a	DI21
672.5960000000	n/a	n/a	STATUS	n/a	n/a	D255
672.6000000000	n/a	n/a	STATUS	n/a	n/a	DIN4
672.6480000000	n/a	n/a	STATUS	n/a	n/a	DI69
672.6520000000	n/a	n/a	STATUS	n/a	n/a	D255
673.4040000000	n/a	n/a	STATUS	n/a	n/a	DIN5
673.4560000000	n/a	n/a	STATUS	n/a	n/a	D255
673.8640000000	n/a	n/a	STATUS	n/a	n/a	D181
673.9160000000	n/a	n/a	STATUS	n/a	n/a	D255
673.9520000000	n/a	n/a	STATUS	n/a	n/a	DI53
674.0040000000	n/a	n/a	STATUS	n/a	n/a	D255
674.2880000000	n/a	n/a	STATUS	n/a	n/a	DI43
674.3400000000	n/a	n/a	STATUS	n/a	n/a	D255
674.6000000000	n/a	n/a	STATUS	n/a	n/a	DIN5
674.6480000000	n/a	n/a	STATUS	n/a	n/a	D255
675.0120000000	n/a	n/a	STATUS	n/a	n/a	D178
675.0640000000	n/a	n/a	STATUS	n/a	n/a	D255
675.1000000000	n/a	n/a	STATUS	n/a	n/a	DI54
675.1520000000	n/a	n/a	STATUS	n/a	n/a	D255
675.4560000000	n/a	n/a	STATUS	n/a	n/a	DI34
675.5080000000	n/a	n/a	STATUS	n/a	n/a	D255
675.7680000000	n/a	n/a	STATUS	n/a	n/a	DIN5
675.8160000000	n/a	n/a	STATUS	n/a	n/a	D255
676.1720000000	n/a	n/a	STATUS	n/a	n/a	D200
676.2200000000	n/a	n/a	STATUS	n/a	n/a	D255
676.2600000000	n/a	n/a	STATUS	n/a	n/a	DI53
676.3080000000	n/a	n/a	STATUS	n/a	n/a	D255
676.5920000000	n/a	n/a	STATUS	n/a	n/a	DI43
676.6440000000	n/a	n/a	STATUS	n/a	n/a	D255
676.9040000000	n/a	n/a	STATUS	n/a	n/a	DIN5
676.9520000000	n/a	n/a	STATUS	n/a	n/a	D255
677.4240000000	n/a	n/a	STATUS	n/a	n/a	DI71
677.4720000000	n/a	n/a	STATUS	n/a	n/a	D255
677.5120000000	n/a	n/a	STATUS	n/a	n/a	DI51
677.5600000000	n/a	n/a	STATUS	n/a	n/a	D255
677.9800000000	n/a	n/a	STATUS	n/a	n/a	DI31
678.0320000000	n/a	n/a	STATUS	n/a	n/a	D255
678.2920000000	n/a	n/a	STATUS	n/a	n/a	DIN5
678.3400000000	n/a	n/a	STATUS	n/a	n/a	D255
678.8000000000	n/a	n/a	STATUS	n/a	n/a	DI90
678.8520000000	n/a	n/a	STATUS	n/a	n/a	D255
678.8880000000	n/a	n/a	STATUS	n/a	n/a	DI54
678.9400000000	n/a	n/a	STATUS	n/a	n/a	D255
679.2640000000	n/a	n/a	STATUS	n/a	n/a	DI34
679.3120000000	n/a	n/a	STATUS	n/a	n/a	D255
679.5720000000	n/a	n/a	STATUS	n/a	n/a	DIN5
679.6240000000	n/a	n/a	STATUS	n/a	n/a	D255
680.0440000000	n/a	n/a	STATUS	n/a	n/a	D183
680.0920000000	n/a	n/a	STATUS	n/a	n/a	D255
680.1320000000	n/a	n/a	STATUS	n/a	n/a	DI51
680.1800000000	n/a	n/a	STATUS	n/a	n/a	D255
680.4400000000	n/a	n/a	STATUS	n/a	n/a	DI21
680.4920000000	n/a	n/a	STATUS	n/a	n/a	D255
680.4960000000	n/a	n/a	STATUS	n/a	n/a	DIN4
680.5480000000	n/a	n/a	STATUS	n/a	n/a	D255
681.3000000000	n/a	n/a	STATUS	n/a	n/a	DIN5
681.3520000000	n/a	n/a	STATUS	n/a	n/a	D255
681.8320000000	n/a	n/a	STATUS	n/a	n/a	D197
681.8800000000	n/a	n/a	STATUS	n/a	n/a	D255
681.9200000000	n/a	n/a	STATUS	n/a	n/a	DI52
681.9680000000	n/a	n/a	STATUS	n/a	n/a	D255
682.3800000000	n/a	n/a	STATUS	n/a	n/a	DI42
682.4320000000	n/a	n/a	STATUS	n/a	n/a	D255
682.6880000000	n/a	n/a	STATUS	n/a	n/a	DIN5
682.7400000000	n/a	n/a	STATUS	n/a	n/a	D255
683.0920000000	n/a	n/a	STATUS	n/a	n/a	D170
683.1440000000	n/a	n/a	STATUS	n/a	n/a	D255
683.1800000000	n/a	n/a	STATUS	n/a	n/a	DI52
683.2320000000	n/a	n/a	STATUS	n/a	n/a	D255
683.5920000000	n/a	n/a	STATUS	n/a	n/a	DI42
683.6400000000	n/a	n/a	STATUS	n/a	n/a	D255
683.9000000000	n/a	n/a	STATUS	n/a	n/a	DIN5
683.9520000000	n/a	n/a	STATUS	n/a	n/a	D255
684.2720000000	n/a	n/a	STATUS	n/a	n/a	D182
684.3200000000	n/a	n/a	STATUS	n/a	n/a	D255
684.3560000000	n/a	n/a	STATUS	n/a	n/a	DI51
684.4080000000	n/a	n/a	STATUS	n/a	n/a	D255
684.6600000000	n/a	n/a	STATUS	n/a	n/a	DI21
684.7120000000	n/a	n/a	STATUS	n/a	n/a	D255
684.7160000000	n/a	n/a	STATUS	n/a	n/a	DIN4
684.7640000000	n/a	n/a	STATUS	n/a	n/a	D255
709.4120000000	n/a	n/a	STATUS	n/a	n/a	DIN5
709.4640000000	n/a	n/a	STATUS	n/a	n/a	D255
709.8360000000	n/a	n/a	STATUS	n/a	n/a	D245
709.8880000000	n/a	n/a	STATUS	n/a	n/a	D255
709.9240000000	n/a	n/a	STATUS	n/a	n/a	DI52
709.9760000000	n/a	n/a	STATUS	n/a	n/a	D255
710.4160000000	n/a	n/a	STATUS	n/a	n/a	DI42
710.4680000000	n/a	n/a	STATUS	n/a	n/a	D255
710.7280000000	n/a	n/a	STATUS	n/a	n/a	DIN5
710.7760000000	n/a	n/a	STATUS	n/a	n/a	D255
711.2520000000	n/a	n/a	STATUS	n/a	n/a	D167
711.3040000000	n/a	n/a	STATUS	n/a	n/a	D255
711.3400000000	n/a	n/a	STATUS	n/a	n/a	DI53
711.3920000000	n/a	n/a	STATUS	n/a	n/a	D255
711.6400000000	n/a	n/a	STATUS	n/a	n/a	DI43
711.6920000000	n/a	n/a	STATUS	n/a	n/a	D255
711.9520000000	n/a	n/a	STATUS	n/a	n/a	DIN5
712.0000000000	n/a	n/a	STATUS	n/a	n/a	D255
712.4480000000	n/a	n/a	STATUS	n/a	n/a	D134
712.4960000000	n/a	n/a	STATUS	n/a	n/a	D255
712.5360000000	n/a	n/a	STATUS	n/a	n/a	DI52
712.5840000000	n/a	n/a	STATUS	n/a	n/a	D255
712.9360000000	n/a	n/a	STATUS	n/a	n/a	DI42
712.9880000000	n/a	n/a	STATUS	n/a	n/a	D255
713.2440000000	n/a	n/a	STATUS	n/a	n/a	DIN5
713.2960000000	n/a	n/a	STATUS	n/a	n/a	D255
713.6440000000	n/a	n/a	STATUS	n/a	n/a	D185
713.6960000000	n/a	n/a	STATUS	n/a	n/a	D255
713.7320000000	n/a	n/a	STATUS	n/a	n/a	DI51
713.7840000000	n/a	n/a	STATUS	n/a	n/a	D255
714.0320000000	n/a	n/a	STATUS	n/a	n/a	DI21
714.0840000000	n/a	n/a	STATUS	n/a	n/a	D255
714.0880000000	n/a	n/a	STATUS	n/a	n/a	DIN4
714.1360000000	n/a	n/a	STATUS	n/a	n/a	D255
714.8920000000	n/a	n/a	STATUS	n/a	n/a	DIN5
714.9440000000	n/a	n/a	STATUS	n/a	n/a	D255
715.3120000000	n/a	n/a	STATUS	n/a	n/a	D206
715.3640000000	n/a	n/a	STATUS	n/a	n/a	D255
715.4000000000	n/a	n/a	STATUS	n/a	n/a	DI51
715.4520000000	n/a	n/a	STATUS	n/a	n/a	D255
715.8320000000	n/a	n/a	STATUS	n/a	n/a	DI31
715.8800000000	n/a	n/a	STATUS	n/a	n/a	D255
716.1400000000	n/a	n/a	STATUS	n/a	n/a	DIN5
716.1920000000	n/a	n/a	STATUS	n/a	n/a	D255
716.5520000000	n/a	n/a	STATUS	n/a	n/a	DI66
716.6000000000	n/a	n/a	STATUS	n/a	n/a	D255
716.6400000000	n/a	n/a	STATUS	n/a	n/a	DI52
716.6880000000	n/a	n/a	STATUS	n/a	n/a	D255
717.0200000000	n/a	n/a	STATUS	n/a	n/a	DI42
717.0680000000	n/a	n/a	STATUS	n/a	n/a	D255
717.3280000000	n/a	n/a	STATUS	n/a	n/a	DIN5
717.3800000000	n/a	n/a	STATUS	n/a	n/a	D255
717.7720000000	n/a	n/a	STATUS	n/a	n/a	D161
717.8240000000	n/a	n/a	STATUS	n/a	n/a	D255
717.8600000000	n/a	n/a	STATUS	n/a	n/a	DI53
717.9120000000	n/a	n/a	STATUS	n/a	n/a	D255
718.1600000000	n/a	n/a	STATUS	n/a	n/a	DI43
718.2080000000	n/a	n/a	STATUS	n/a	n/a	D255
718.4680000000	n/a	n/a	STATUS	n/a	n/a	DIN5
718.5200000000	n/a	n/a	STATUS	n/a	n/a	D255
719.0000000000	n/a	n/a	STATUS	n/a	n/a	D253
719.0480000000	n/a	n/a	STATUS	n/a	n/a	D255
719.0840000000	n/a	n/a	STATUS	n/a	n/a	DI54
719.1360000000	n/a	n/a	STATUS	n/a	n/a	D255
719.4280000000	n/a	n/a	STATUS	n/a	n/a	DI34
719.4800000000	n/a	n/a	STATUS	n/a	n/a	D255
719.7400000000	n/a	n/a	STATUS	n/a	n/a	DIN5
719.7880000000	n/a	n/a	STATUS	n/a	n/a	D255
720.1120000000	n/a	n/a	STATUS	n/a	n/a	D145
720.1640000000	n/a	n/a	STATUS	n/a	n/a	D255
720.2000000000	n/a	n/a	STATUS	n/a	n/a	DI52
720.2520000000	n/a	n/a	STATUS	n/a	n/a	D255
720.6120000000	n/a	n/a	STATUS	n/a	n/a	DI42
720.6640000000	n/a	n/a	STATUS	n/a	n/a	D255
720.9200000000	n/a	n/a	STATUS	n/a	n/a	DIN5
720.9720000000	n/a	n/a	STATUS	n/a	n/a	D255
721.3280000000	n/a	n/a	STATUS	n/a	n/a	D168
721.3760000000	n/a	n/a	STATUS	n/a	n/a	D255
721.4160000000	n/a	n/a	STATUS	n/a	n/a	DI54
721.4640000000	n/a	n/a	STATUS	n/a	n/a	D255
721.7560000000	n/a	n/a	STATUS	n/a	n/a	DI34
721.8080000000	n/a	n/a	STATUS	n/a	n/a	D255
722.0640000000	n/a	n/a	STATUS	n/a	n/a	DIN5
722.1160000000	n/a	n/a	STATUS	n/a	n/a	D255
722.5840000000	n/a	n/a	STATUS	n/a	n/a	DI95
722.6360000000	n/a	n/a	STATUS	n/a	n/a	D255
722.6720000000	n/a	n/a	STATUS	n/a	n/a	DI51
722.7240000000	n/a	n/a	STATUS	n/a	n/a	D255
723.2640000000	n/a	n/a	STATUS	n/a	n/a	DI31
723.3120000000	n/a	n/a	STATUS	n/a	n/a	D255
723.5720000000	n/a	n/a	STATUS	n/a	n/a	DIN5
723.6200000000	n/a	n/a	STATUS	n/a	n/a	D255
723.9720000000	n/a	n/a	STATUS	n/a	n/a	DI79
724.0200000000	n/a	n/a	STATUS	n/a	n/a	D255
724.0600000000	n/a	n/a	STATUS	n/a	n/a	DI51
724.1080000000	n/a	n/a	STATUS	n/a	n/a	D255
724.3720000000	n/a	n/a	STATUS	n/a	n/a	DI21
724.4240000000	n/a	n/a	STATUS	n/a	n/a	D255
724.4280000000	n/a	n/a	STATUS	n/a	n/a	DIN4
724.4760000000	n/a	n/a	STATUS	n/a	n/a	D255
725.2320000000	n/a	n/a	STATUS	n/a	n/a	DIN5
725.2800000000	n/a	n/a	STATUS	n/a	n/a	D255
725.6520000000	n/a	n/a	STATUS	n/a	n/a	D182
725.7000000000	n/a	n/a	STATUS	n/a	n/a	D255
725.7400000000	n/a	n/a	STATUS	n/a	n/a	DI53
725.7880000000	n/a	n/a	STATUS	n/a	n/a	D255
726.0480000000	n/a	n/a	STATUS	n/a	n/a	DI43
726.1000000000	n/a	n/a	STATUS	n/a	n/a	D255
726.3600000000	n/a	n/a	STATUS	n/a	n/a	DIN5
726.4080000000	n/a	n/a	STATUS	n/a	n/a	D255
726.8720000000	n/a	n/a	STATUS	n/a	n/a	D251
726.9240000000	n/a	n/a	STATUS	n/a	n/a	D255
726.9600000000	n/a	n/a	STATUS	n/a	n/a	DI52
727.0120000000	n/a	n/a	STATUS	n/a	n/a	D255
727.4080000000	n/a	n/a	STATUS	n/a	n/a	DI42
727.4600000000	n/a	n/a	STATUS	n/a	n/a	D255
727.7200000000	n/a	n/a	STATUS	n/a	n/a	DIN5
727.7680000000	n/a	n/a	STATUS	n/a	n/a	D255
728.1840000000	n/a	n/a	STATUS	n/a	n/a	D166
728.2320000000	n/a	n/a	STATUS	n/a	n/a	D255
728.2720000000	n/a	n/a	STATUS	n/a	n/a	DI53
728.3200000000	n/a	n/a	STATUS	n/a	n/a	D255
728.6000000000	n/a	n/a	STATUS	n/a	n/a	DI43
728.6520000000	n/a	n/a	STATUS	n/a	n/a	D255
728.9120000000	n/a	n/a	STATUS	n/a	n/a	DIN5
728.9600000000	n/a	n/a	STATUS	n/a	n/a	D255
729.2640000000	n/a	n/a	STATUS	n/a	n/a	D142
729.3160000000	n/a	n/a	STATUS	n/a	n/a	D255
729.3520000000	n/a	n/a	STATUS	n/a	n/a	DI52
729.4040000000	n/a	n/a	STATUS	n/a	n/a	D255
729.8000000000	n/a	n/a	STATUS	n/a	n/a	DI42
729.8480000000	n/a	n/a	STATUS	n/a	n/a	D255
730.1080000000	n/a	n/a	STATUS	n/a	n/a	DIN5
730.1600000000	n/a	n/a	STATUS	n/a	n/a	D255
730.6200000000	n/a	n/a	STATUS	n/a	n/a	D129
730.6680000000	n/a	n/a	STATUS	n/a	n/a	D255
730.7080000000	n/a	n/a	STATUS	n/a	n/a	DI54
730.7560000000	n/a	n/a	STATUS	n/a	n/a	D255
731.0360000000	n/a	n/a	STATUS	n/a	n/a	DI34
731.0880000000	n/a	n/a	STATUS	n/a	n/a	D255
731.3480000000	n/a	n/a	STATUS	n/a	n/a	DIN5
731.3960000000	n/a	n/a	STATUS	n/a	n/a	D255
731.7600000000	n/a	n/a	STATUS	n/a	n/a	D197
731.8120000000	n/a	n/a	STATUS	n/a	n/a	D255
731.8480000000	n/a	n/a	STATUS	n/a	n/a	DI52
731.9000000000	n/a	n/a	STATUS	n/a	n/a	D255
732.2440000000	n/a	n/a	STATUS	n/a	n/a	DI12
732.2920000000	n/a	n/a	STATUS	n/a	n/a	D255
732.2960000000	n/a	n/a	STATUS	n/a	n/a	DIN4
732.3480000000	n/a	n/a	STATUS	n/a	n/a	D255
733.1040000000	n/a	n/a	STATUS	n/a	n/a	DIN5
733.1520000000	n/a	n/a	STATUS	n/a	n/a	D255
733.6080000000	n/a	n/a	STATUS	n/a	n/a	D248
733.6560000000	n/a	n/a	STATUS	n/a	n/a	D255
733.6960000000	n/a	n/a	STATUS	n/a	n/a	DI53
733.7440000000	n/a	n/a	STATUS	n/a	n/a	D255
734.0360000000	n/a	n/a	STATUS	n/a	n/a	DI43
734.0840000000	n/a	n/a	STATUS	n/a	n/a	D255
734.3440000000	n/a	n/a	STATUS	n/a	n/a	DIN5
734.3960000000	n/a	n/a	STATUS	n/a	n/a	D255
734.8600000000	n/a	n/a	STATUS	n/a	n/a	D150
734.9080000000	n/a	n/a	STATUS	n/a	n/a	D255
734.9480000000	n/a	n/a	STATUS	n/a	n/a	DI53
734.9960000000	n/a	n/a	STATUS	n/a	n/a	D255
735.2760000000	n/a	n/a	STATUS	n/a	n/a	DI43
735.3240000000	n/a	n/a	STATUS	n/a	n/a	D255
735.5840000000	n/a	n/a	STATUS	n/a	n/a	DIN5
735.6360000000	n/a	n/a	STATUS	n/a	n/a	DI69
735.6360000000	n/a	n/a	STATUS	n/a	n/a	D255
736.1160000000	n/a	n/a	STATUS	n/a	n/a	DI78
736.1640000000	n/a	n/a	STATUS	n/a	n/a	D255
736.2040000000	n/a	n/a	STATUS	n/a	n/a	DI54
736.2520000000	n/a	n/a	STATUS	n/a	n/a	D255
736.5240000000	n/a	n/a	STATUS	n/a	n/a	DI34
736.5760000000	n/a	n/a	STATUS	n/a	n/a	D255
736.8360000000	n/a	n/a	STATUS	n/a	n/a	DIN5
736.8840000000	n/a	n/a	STATUS	n/a	n/a	D255
737.2280000000	n/a	n/a	STATUS	n/a	n/a	D203
737.2800000000	n/a	n/a	STATUS	n/a	n/a	D255
737.3160000000	n/a	n/a	STATUS	n/a	n/a	DI53
737.3680000000	n/a	n/a	STATUS	n/a	n/a	D255
737.6240000000	n/a	n/a	STATUS	n/a	n/a	DI43
737.6720000000	n/a	n/a	STATUS	n/a	n/a	D255
737.9320000000	n/a	n/a	STATUS	n/a	n/a	DIN5
737.9840000000	n/a	n/a	STATUS	n/a	n/a	D255
738.4120000000	n/a	n/a	STATUS	n/a	n/a	D115
738.4640000000	n/a	n/a	STATUS	n/a	n/a	D255
738.5000000000	n/a	n/a	STATUS	n/a	n/a	DI52
738.5520000000	n/a	n/a	STATUS	n/a	n/a	D255
738.9280000000	n/a	n/a	STATUS	n/a	n/a	DI42
738.9760000000	n/a	n/a	STATUS	n/a	n/a	D255
739.2360000000	n/a	n/a	STATUS	n/a	n/a	DIN5
739.2880000000	n/a	n/a	STATUS	n/a	n/a	D255
739.7560000000	n/a	n/a	STATUS	n/a	n/a	D169
739.8080000000	n/a	n/a	STATUS	n/a	n/a	D255
739.8440000000	n/a	n/a	STATUS	n/a	n/a	DI53
739.8960000000	n/a	n/a	STATUS	n/a	n/a	D255
740.1280000000	n/a	n/a	STATUS	n/a	n/a	DI43
740.1760000000	n/a	n/a	STATUS	n/a	n/a	D255
740.4360000000	n/a	n/a	STATUS	n/a	n/a	DIN5
740.4880000000	n/a	n/a	STATUS	n/a	n/a	D255
740.9480000000	n/a	n/a	STATUS	n/a	n/a	D225
740.9960000000	n/a	n/a	STATUS	n/a	n/a	D255
741.0360000000	n/a	n/a	STATUS	n/a	n/a	DI53
741.0840000000	n/a	n/a	STATUS	n/a	n/a	D255
741.3000000000	n/a	n/a	STATUS	n/a	n/a	DI43
741.3480000000	n/a	n/a	STATUS	n/a	n/a	D255
741.6080000000	n/a	n/a	STATUS	n/a	n/a	DIN5
741.6600000000	n/a	n/a	STATUS	n/a	n/a	D255
742.0560000000	n/a	n/a	STATUS	n/a	n/a	D181
742.1040000000	n/a	n/a	STATUS	n/a	n/a	D255
742.1400000000	n/a	n/a	STATUS	n/a	n/a	DI52
742.1920000000	n/a	n/a	STATUS	n/a	n/a	D255
742.5120000000	n/a	n/a	STATUS	n/a	n/a	DI12
742.5600000000	n/a	n/a	STATUS	n/a	n/a	D255
742.5640000000	n/a	n/a	STATUS	n/a	n/a	DIN4
742.6160000000	n/a	n/a	STATUS	n/a	n/a	D255
743.3720000000	n/a	n/a	STATUS	n/a	n/a	DIN5
743.4200000000	n/a	n/a	STATUS	n/a	n/a	D255
743.9240000000	n/a	n/a	STATUS	n/a	n/a	D154
743.9760000000	n/a	n/a	STATUS	n/a	n/a	D255
744.0120000000	n/a	n/a	STATUS	n/a	n/a	DI52
744.0640000000	n/a	n/a	STATUS	n/a	n/a	D255
744.3880000000	n/a	n/a	STATUS	n/a	n/a	DI42
744.4400000000	n/a	n/a	STATUS	n/a	n/a	D255
744.7000000000	n/a	n/a	STATUS	n/a	n/a	DIN5
744.7480000000	n/a	n/a	STATUS	n/a	n/a	D255
745.1760000000	n/a	n/a	STATUS	n/a	n/a	D204
745.2280000000	n/a	n/a	STATUS	n/a	n/a	D255
745.2640000000	n/a	n/a	STATUS	n/a	n/a	DI53
745.3160000000	n/a	n/a	STATUS	n/a	n/a	D255
745.5480000000	n/a	n/a	STATUS	n/a	n/a	DI43
745.6000000000	n/a	n/a	STATUS	n/a	n/a	D255
745.8600000000	n/a	n/a	STATUS	n/a	n/a	DIN5
745.9080000000	n/a	n/a	STATUS	n/a	n/a	D255
746.2440000000	n/a	n/a	STATUS	n/a	n/a	D229
746.2920000000	n/a	n/a	STATUS	n/a	n/a	D255
746.3320000000	n/a	n/a	STATUS	n/a	n/a	DI52
746.3800000000	n/a	n/a	STATUS	n/a	n/a	D255
746.7720000000	n/a	n/a	STATUS	n/a	n/a	DI42
746.8200000000	n/a	n/a	STATUS	n/a	n/a	D255
747.0800000000	n/a	n/a	STATUS	n/a	n/a	DIN5
747.1320000000	n/a	n/a	STATUS	n/a	n/a	D255
747.5320000000	n/a	n/a	STATUS	n/a	n/a	D238
747.5800000000	n/a	n/a	STATUS	n/a	n/a	D255
747.6160000000	n/a	n/a	STATUS	n/a	n/a	DI51
747.6680000000	n/a	n/a	STATUS	n/a	n/a	D255
747.8200000000	n/a	n/a	STATUS	n/a	n/a	DI21
747.8720000000	n/a	n/a	STATUS	n/a	n/a	D255
747.8760000000	n/a	n/a	STATUS	n/a	n/a	DIN4
747.9240000000	n/a	n/a	STATUS	n/a	n/a	D255
748.6800000000	n/a	n/a	STATUS	n/a	n/a	DIN5
748.7320000000	n/a	n/a	STATUS	n/a	n/a	D255
749.0680000000	n/a	n/a	STATUS	n/a	n/a	D119
749.1200000000	n/a	n/a	STATUS	n/a	n/a	D255
749.1560000000	n/a	n/a	STATUS	n/a	n/a	DI51
749.2080000000	n/a	n/a	STATUS	n/a	n/a	D255
749.7520000000	n/a	n/a	STATUS	n/a	n/a	DI31
749.8000000000	n/a	n/a	STATUS	n/a	n/a	D255
750.0600000000	n/a	n/a	STATUS	n/a	n/a	DIN5
750.1120000000	n/a	n/a	STATUS	n/a	n/a	D255
750.5240000000	n/a	n/a	STATUS	n/a	n/a	D188
750.5760000000	n/a	n/a	STATUS	n/a	n/a	D255
750.6120000000	n/a	n/a	STATUS	n/a	n/a	DI51
750.6640000000	n/a	n/a	STATUS	n/a	n/a	D255
750.9080000000	n/a	n/a	STATUS	n/a	n/a	DI21
750.9560000000	n/a	n/a	STATUS	n/a	n/a	D255
750.9600000000	n/a	n/a	STATUS	n/a	n/a	DIN4
751.0120000000	n/a	n/a	STATUS	n/a	n/a	D255
751.7680000000	n/a	n/a	STATUS	n/a	n/a	DIN5
751.8160000000	n/a	n/a	STATUS	n/a	n/a	D255
752.3000000000	n/a	n/a	STATUS	n/a	n/a	D242
752.3520000000	n/a	n/a	STATUS	n/a	n/a	D255
752.3880000000	n/a	n/a	STATUS	n/a	n/a	DI52
752.4400000000	n/a	n/a	STATUS	n/a	n/a	D255
752.8840000000	n/a	n/a	STATUS	n/a	n/a	DI42
752.9320000000	n/a	n/a	STATUS	n/a	n/a	D255
753.1920000000	n/a	n/a	STATUS	n/a	n/a	DIN5
753.2440000000	n/a	n/a	STATUS	n/a	n/a	D255
753.6880000000	n/a	n/a	STATUS	n/a	n/a	DI74
753.7360000000	n/a	n/a	STATUS	n/a	n/a	D255
753.7760000000	n/a	n/a	STATUS	n/a	n/a	DI51
753.8240000000	n/a	n/a	STATUS	n/a	n/a	D255
754.3000000000	n/a	n/a	STATUS	n/a	n/a	DI31
754.3520000000	n/a	n/a	STATUS	n/a	n/a	D255
754.6080000000	n/a	n/a	STATUS	n/a	n/a	DIN5
754.6600000000	n/a	n/a	STATUS	n/a	n/a	D255
755.0520000000	n/a	n/a	STATUS	n/a	n/a	D249
755.1040000000	n/a	n/a	STATUS	n/a	n/a	D255
755.1400000000	n/a	n/a	STATUS	n/a	n/a	DI54
755.1920000000	n/a	n/a	STATUS	n/a	n/a	D255
755.5000000000	n/a	n/a	STATUS	n/a	n/a	DI34
755.5520000000	n/a	n/a	STATUS	n/a	n/a	D255
755.8080000000	n/a	n/a	STATUS	n/a	n/a	DIN5
755.8600000000	n/a	n/a	STATUS	n/a	n/a	D255
756.2320000000	n/a	n/a	STATUS	n/a	n/a	D217
756.2840000000	n/a	n/a	STATUS	n/a	n/a	D255
756.3200000000	n/a	n/a	STATUS	n/a	n/a	DI54
756.3720000000	n/a	n/a	STATUS	n/a	n/a	D255
756.6480000000	n/a	n/a	STATUS	n/a	n/a	DI34
756.7000000000	n/a	n/a	STATUS	n/a	n/a	D255
756.9560000000	n/a	n/a	STATUS	n/a	n/a	DIN5
757.0080000000	n/a	n/a	STATUS	n/a	n/a	D255
757.4680000000	n/a	n/a	STATUS	n/a	n/a	D254
757.5160000000	n/a	n/a	STATUS	n/a	n/a	D255
757.5560000000	n/a	n/a	STATUS	n/a	n/a	DI54
757.6040000000	n/a	n/a	STATUS	n/a	n/a	D255
757.8680000000	n/a	n/a	STATUS	n/a	n/a	DI34
757.9200000000	n/a	n/a	STATUS	n/a	n/a	D255
758.1800000000	n/a	n/a	STATUS	n/a	n/a	DIN5
758.2280000000	n/a	n/a	STATUS	n/a	n/a	D255
758.7080000000	n/a	n/a	STATUS	n/a	n/a	D133
758.7600000000	n/a	n/a	STATUS	n/a	n/a	D255
758.7960000000	n/a	n/a	STATUS	n/a	n/a	DI51
758.8440000000	n/a	n/a	STATUS	n/a	n/a	D255
759.2800000000	n/a	n/a	STATUS	n/a	n/a	DI31
759.3320000000	n/a	n/a	STATUS	n/a	n/a	D255
759.5920000000	n/a	n/a	STATUS	n/a	n/a	DIN5
759.6400000000	n/a	n/a	STATUS	n/a	n/a	D255
760.0000000000	n/a	n/a	STATUS	n/a	n/a	D120
760.0520000000	n/a	n/a	STATUS	n/a	n/a	D255
760.0880000000	n/a	n/a	STATUS	n/a	n/a	DI54
760.1360000000	n/a	n/a	STATUS	n/a	n/a	D255
760.4120000000	n/a	n/a	STATUS	n/a	n/a	DI34
760.4600000000	n/a	n/a	STATUS	n/a	n/a	D255
760.7200000000	n/a	n/a	STATUS	n/a	n/a	DIN5
760.7720000000	n/a	n/a	STATUS	n/a	n/a	D255
761.2240000000	n/a	n/a	STATUS	n/a	n/a	D117
761.2760000000	n/a	n/a	STATUS	n/a	n/a	D255
761.3120000000	n/a	n/a	STATUS	n/a	n/a	DI52
761.3640000000	n/a	n/a	STATUS	n/a	n/a	D255
761.6920000000	n/a	n/a	STATUS	n/a	n/a	DI42
761.7400000000	n/a	n/a	STATUS	n/a	n/a	D255
762.0000000000	n/a	n/a	STATUS	n/a	n/a	DIN5
762.0520000000	n/a	n/a	STATUS	n/a	n/a	D255
762.4240000000	n/a	n/a	STATUS	n/a	n/a	D101
762.4760000000	n/a	n/a	STATUS	n/a	n/a	D255
762.5160000000	n/a	n/a	STATUS	n/a	n/a	DI51
762.5640000000	n/a	n/a	STATUS	n/a	n/a	D255
762.9080000000	n/a	n/a	STATUS	n/a	n/a	DI21
762.9600000000	n/a	n/a	STATUS	n/a	n/a	D255
762.9640000000	n/a	n/a	STATUS	n/a	n/a	DIN4
763.0120000000	n/a	n/a	STATUS	n/a	n/a	D255
763.7680000000	n/a	n/a	STATUS	n/a	n/a	DIN5
763.8200000000	n/a	n/a	STATUS	n/a	n/a	D255
764.2880000000	n/a	n/a	STATUS	n/a	n/a	D210
764.3400000000	n/a	n/a	STATUS	n/a	n/a	D255
764.3760000000	n/a	n/a	STATUS	n/a	n/a	DI53
764.4280000000	n/a	n/a	STATUS	n/a	n/a	D255
764.7440000000	n/a	n/a	STATUS	n/a	n/a	DI43
764.7960000000	n/a	n/a	STATUS	n/a	n/a	D255
765.0520000000	n/a	n/a	STATUS	n/a	n/a	DIN5
765.1040000000	n/a	n/a	STATUS	n/a	n/a	D255
765.4640000000	n/a	n/a	STATUS	n/a	n/a	DI89
765.5120000000	n/a	n/a	STATUS	n/a	n/a	D255
765.5520000000	n/a	n/a	STATUS	n/a	n/a	DI53
765.6000000000	n/a	n/a	STATUS	n/a	n/a	D255
765.8720000000	n/a	n/a	STATUS	n/a	n/a	DI43
765.9240000000	n/a	n/a	STATUS	n/a	n/a	D255
766.1840000000	n/a	n/a	STATUS	n/a	n/a	DIN5
766.2320000000	n/a	n/a	STATUS	n/a	n/a	D255
766.5760000000	n/a	n/a	STATUS	n/a	n/a	DI68
766.6280000000	n/a	n/a	STATUS	n/a	n/a	D255
766.6640000000	n/a	n/a	STATUS	n/a	n/a	DI53
766.7160000000	n/a	n/a	STATUS	n/a	n/a	D255
766.9400000000	n/a	n/a	STATUS	n/a	n/a	DI43
766.9880000000	n/a	n/a	STATUS	n/a	n/a	D255
767.2480000000	n/a	n/a	STATUS	n/a	n/a	DIN5
767.3000000000	n/a	n/a	STATUS	n/a	n/a	D255
767.7000000000	n/a	n/a	STATUS	n/a	n/a	D190
767.7480000000	n/a	n/a	STATUS	n/a	n/a	D255
767.7880000000	n/a	n/a	STATUS	n/a	n/a	DI54
767.8360000000	n/a	n/a	STATUS	n/a	n/a	D255
768.0880000000	n/a	n/a	STATUS	n/a	n/a	DI34
768.1400000000	n/a	n/a	STATUS	n/a	n/a	D255
768.4000000000	n/a	n/a	STATUS	n/a	n/a	DIN5
768.4480000000	n/a	n/a	STATUS	n/a	n/a	D255
768.8120000000	n/a	n/a	STATUS	n/a	n/a	DI87
768.8640000000	n/a	n/a	STATUS	n/a	n/a	D255
768.9000000000	n/a	n/a	STATUS	n/a	n/a	DI51
768.9520000000	n/a	n/a	STATUS	n/a	n/a	D255
769.1840000000	n/a	n/a	STATUS	n/a	n/a	DI21
769.2360000000	n/a	n/a	STATUS	n/a	n/a	D255
769.2400000000	n/a	n/a	STATUS	n/a	n/a	DIN4
769.2920000000	n/a	n/a	STATUS	n/a	n/a	D255
770.0440000000	n/a	n/a	STATUS	n/a	n/a	DIN5
770.0960000000	n/a	n/a	STATUS	n/a	n/a	D255
770.5360000000	n/a	n/a	STATUS	n/a	n/a	DI88
770.5840000000	n/a	n/a	STATUS	n/a	n/a	D255
770.6200000000	n/a	n/a	STATUS	n/a	n/a	DI52
770.6720000000	n/a	n/a	STATUS	n/a	n/a	D255
771.0160000000	n/a	n/a	STATUS	n/a	n/a	DI42
771.0640000000	n/a	n/a	STATUS	n/a	n/a	D255
771.3240000000	n/a	n/a	STATUS	n/a	n/a	DIN5
771.3760000000	n/a	n/a	STATUS	n/a	n/a	D255
771.7200000000	n/a	n/a	STATUS	n/a	n/a	D246
771.7720000000	n/a	n/a	STATUS	n/a	n/a	D255
771.8080000000	n/a	n/a	STATUS	n/a	n/a	DI52
771.8600000000	n/a	n/a	STATUS	n/a	n/a	D255
772.2160000000	n/a	n/a	STATUS	n/a	n/a	DI42
772.2680000000	n/a	n/a	STATUS	n/a	n/a	D255
772.5240000000	n/a	n/a	STATUS	n/a	n/a	DIN5
772.5760000000	n/a	n/a	STATUS	n/a	n/a	D255
772.9760000000	n/a	n/a	STATUS	n/a	n/a	D195
773.0280000000	n/a	n/a	STATUS	n/a	n/a	D255
773.0640000000	n/a	n/a	STATUS	n/a	n/a	DI52
773.1160000000	n/a	n/a	STATUS	n/a	n/a	D255
773.4280000000	n/a	n/a	STATUS	n/a	n/a	DI42
773.4800000000	n/a	n/a	STATUS	n/a	n/a	D255
773.7360000000	n/a	n/a	STATUS	n/a	n/a	DIN5
773.7880000000	n/a	n/a	STATUS	n/a	n/a	D255
774.1960000000	n/a	n/a	STATUS	n/a	n/a	D103
774.2480000000	n/a	n/a	STATUS	n/a	n/a	D255
774.2840000000	n/a	n/a	STATUS	n/a	n/a	DI52
774.3360000000	n/a	n/a	STATUS	n/a	n/a	D255
774.7760000000	n/a	n/a	STATUS	n/a	n/a	DI42
774.8240000000	n/a	n/a	STATUS	n/a	n/a	D255
775.0840000000	n/a	n/a	STATUS	n/a	n/a	DIN5
775.1360000000	n/a	n/a	STATUS	n/a	n/a	D255
775.6360000000	n/a	n/a	STATUS	n/a	n/a	D153
775.6840000000	n/a	n/a	STATUS	n/a	n/a	D255
775.7200000000	n/a	n/a	STATUS	n/a	n/a	DI54
775.7720000000	n/a	n/a	STATUS	n/a	n/a	D255
776.0480000000	n/a	n/a	STATUS	n/a	n/a	DI24
776.1000000000	n/a	n/a	STATUS	n/a	n/a	D255
776.1040000000	n/a	n/a	STATUS	n/a	n/a	DIN4
776.1520000000	n/a	n/a	STATUS	n/a	n/a	D255
776.9080000000	n/a	n/a	STATUS	n/a	n/a	DIN5
776.9600000000	n/a	n/a	STATUS	n/a	n/a	D255
777.3080000000	n/a	n/a	STATUS	n/a	n/a	D144
777.3600000000	n/a	n/a	STATUS	n/a	n/a	D255
777.3960000000	n/a	n/a	STATUS	n/a	n/a	DI52
777.4480000000	n/a	n/a	STATUS	n/a	n/a	D255
777.7880000000	n/a	n/a	STATUS	n/a	n/a	DI42
777.8400000000	n/a	n/a	STATUS	n/a	n/a	D255
778.0960000000	n/a	n/a	STATUS	n/a	n/a	DIN5
778.1480000000	n/a	n/a	STATUS	n/a	n/a	D255
778.6240000000	n/a	n/a	STATUS	n/a	n/a	D175
778.6720000000	n/a	n/a	STATUS	n/a	n/a	D255
778.7120000000	n/a	n/a	STATUS	n/a	n/a	DI51
778.7600000000	n/a	n/a	STATUS	n/a	n/a	D255
779.2080000000	n/a	n/a	STATUS	n/a	n/a	DI31
779.2560000000	n/a	n/a	STATUS	n/a	n/a	D255
779.5160000000	n/a	n/a	STATUS	n/a	n/a	DIN5
779.5640000000	n/a	n/a	STATUS	n/a	n/a	D255
780.0600000000	n/a	n/a	STATUS	n/a	n/a	D231
780.1120000000	n/a	n/a	STATUS	n/a	n/a	D255
780.1480000000	n/a	n/a	STATUS	n/a	n/a	DI53
780.2000000000	n/a	n/a	STATUS	n/a	n/a	D255
780.6720000000	n/a	n/a	STATUS	n/a	n/a	DI13
780.7240000000	n/a	n/a	STATUS	n/a	n/a	D255
780.7280000000	n/a	n/a	STATUS	n/a	n/a	DIN4
780.7760000000	n/a	n/a	STATUS	n/a	n/a	D255
781.5320000000	n/a	n/a	STATUS	n/a	n/a	DIN5
781.5840000000	n/a	n/a	STATUS	n/a	n/a	D255
781.9680000000	n/a	n/a	STATUS	n/a	n/a	D114
782.0160000000	n/a	n/a	STATUS	n/a	n/a	D255
782.0560000000	n/a	n/a	STATUS	n/a	n/a	DI51
782.1040000000	n/a	n/a	STATUS	n/a	n/a	D255
782.4480000000	n/a	n/a	STATUS	n/a	n/a	DI31
782.4960000000	n/a	n/a	STATUS	n/a	n/a	D255
782.7560000000	n/a	n/a	STATUS	n/a	n/a	DIN5
782.8080000000	n/a	n/a	STATUS	n/a	n/a	D255
783.2280000000	n/a	n/a	STATUS	n/a	n/a	DI69
783.2760000000	n/a	n/a	STATUS	n/a	n/a	D255
783.3160000000	n/a	n/a	STATUS	n/a	n/a	DI53
783.3640000000	n/a	n/a	STATUS	n/a	n/a	D255
783.7080000000	n/a	n/a	STATUS	n/a	n/a	DI43
783.7560000000	n/a	n/a	STATUS	n/a	n/a	D255
784.0160000000	n/a	n/a	STATUS	n/a	n/a	DIN5
784.0680000000	n/a	n/a	STATUS	n/a	n/a	D255
784.5640000000	n/a	n/a	STATUS	n/a	n/a	DI99
784.6160000000	n/a	n/a	STATUS	n/a	n/a	D255
784.6520000000	n/a	n/a	STATUS	n/a	n/a	DI51
784.7040000000	n/a	n/a	STATUS	n/a	n/a	D255
785.0840000000	n/a	n/a	STATUS	n/a	n/a	DI31
785.1360000000	n/a	n/a	STATUS	n/a	n/a	D255
785.3960000000	n/a	n/a	STATUS	n/a	n/a	DIN5
785.4440000000	n/a	n/a	STATUS	n/a	n/a	D255
785.8080000000	n/a	n/a	STATUS	n/a	n/a	D219
785.8600000000	n/a	n/a	STATUS	n/a	n/a	D255
785.8960000000	n/a	n/a	STATUS	n/a	n/a	DI51
785.9480000000	n/a	n/a	STATUS	n/a	n/a	D255
786.3360000000	n/a	n/a	STATUS	n/a	n/a	DI31
786.3880000000	n/a	n/a	STATUS	n/a	n/a	D255
786.6480000000	n/a	n/a	STATUS	n/a	n/a	DIN5
786.6960000000	n/a	n/a	STATUS	n/a	n/a	D255
787.0760000000	n/a	n/a	STATUS	n/a	n/a	D138
787.1280000000	n/a	n/a	STATUS	n/a	n/a	D255
787.1640000000	n/a	n/a	STATUS	n/a	n/a	DI53
787.2160000000	n/a	n/a	STATUS	n/a	n/a	D255
787.5920000000	n/a	n/a	STATUS	n/a	n/a	DI43
787.6400000000	n/a	n/a	STATUS	n/a	n/a	D255
787.9000000000	n/a	n/a	STATUS	n/a	n/a	DIN5
787.9520000000	n/a	n/a	STATUS	n/a	n/a	D255
788.2800000000	n/a	n/a	STATUS	n/a	n/a	D151
788.3320000000	n/a	n/a	STATUS	n/a	n/a	D255
788.3680000000	n/a	n/a	STATUS	n/a	n/a	DI53
788.4200000000	n/a	n/a	STATUS	n/a	n/a	D255
788.6920000000	n/a	n/a	STATUS	n/a	n/a	DI43
788.7440000000	n/a	n/a	STATUS	n/a	n/a	D255
789.0040000000	n/a	n/a	STATUS	n/a	n/a	DIN5
789.0520000000	n/a	n/a	STATUS	n/a	n/a	D255
789.4120000000	n/a	n/a	STATUS	n/a	n/a	D212
789.4640000000	n/a	n/a	STATUS	n/a	n/a	D255
789.5000000000	n/a	n/a	STATUS	n/a	n/a	DI54
789.5480000000	n/a	n/a	STATUS	n/a	n/a	D255
789.8200000000	n/a	n/a	STATUS	n/a	n/a	DI24
789.8680000000	n/a	n/a	STATUS	n/a	n/a	D255
789.8720000000	n/a	n/a	STATUS	n/a	n/a	DIN4
789.9240000000	n/a	n/a	STATUS	n/a	n/a	D255
790.6760000000	n/a	n/a	STATUS	n/a	n/a	DIN5
790.7280000000	n/a	n/a	STATUS	n/a	n/a	D255
791.0560000000	n/a	n/a	STATUS	n/a	n/a	D250
791.1080000000	n/a	n/a	STATUS	n/a	n/a	D255
791.1440000000	n/a	n/a	STATUS	n/a	n/a	DI52
791.1960000000	n/a	n/a	STATUS	n/a	n/a	D255
791.5800000000	n/a	n/a	STATUS	n/a	n/a	DI42
791.6280000000	n/a	n/a	STATUS	n/a	n/a	D255
791.8880000000	n/a	n/a	STATUS	n/a	n/a	DIN5
791.9360000000	n/a	n/a	STATUS	n/a	n/a	D255
792.2840000000	n/a	n/a	STATUS	n/a	n/a	D224
792.3320000000	n/a	n/a	STATUS	n/a	n/a	D255
792.3720000000	n/a	n/a	STATUS	n/a	n/a	DI53
792.4200000000	n/a	n/a	STATUS	n/a	n/a	D255
792.8200000000	n/a	n/a	STATUS	n/a	n/a	DI43
792.8720000000	n/a	n/a	STATUS	n/a	n/a	D255
793.1280000000	n/a	n/a	STATUS	n/a	n/a	DIN5
793.1800000000	n/a	n/a	STATUS	n/a	n/a	D255
793.6000000000	n/a	n/a	STATUS	n/a	n/a	D222
793.6480000000	n/a	n/a	STATUS	n/a	n/a	D255
793.6880000000	n/a	n/a	STATUS	n/a	n/a	DI54
793.7360000000	n/a	n/a	STATUS	n/a	n/a	D255
794.0040000000	n/a	n/a	STATUS	n/a	n/a	DI34
794.0520000000	n/a	n/a	STATUS	n/a	n/a	D255
794.3120000000	n/a	n/a	STATUS	n/a	n/a	DIN5
794.3640000000	n/a	n/a	STATUS	n/a	n/a	D255
794.8320000000	n/a	n/a	STATUS	n/a	n/a	D136
794.8840000000	n/a	n/a	STATUS	n/a	n/a	D255
794.9200000000	n/a	n/a	STATUS	n/a	n/a	DI52
794.9680000000	n/a	n/a	STATUS	n/a	n/a	D255
795.3360000000	n/a	n/a	STATUS	n/a	n/a	DI42
795.3880000000	n/a	n/a	STATUS	n/a	n/a	D255
795.6480000000	n/a	n/a	STATUS	n/a	n/a	DIN5
795.6960000000	n/a	n/a	STATUS	n/a	n/a	D255
796.1560000000	n/a	n/a	STATUS	n/a	n/a	D216
796.2080000000	n/a	n/a	STATUS	n/a	n/a	D255
796.2440000000	n/a	n/a	STATUS	n/a	n/a	DI53
796.2960000000	n/a	n/a	STATUS	n/a	n/a	D255
796.6080000000	n/a	n/a	STATUS	n/a	n/a	DI43
796.6600000000	n/a	n/a	STATUS	n/a	n/a	D255
796.9200000000	n/a	n/a	STATUS	n/a	n/a	DIN5
796.9680000000	n/a	n/a	STATUS	n/a	n/a	D255
797.3000000000	n/a	n/a	STATUS	n/a	n/a	D193
797.3480000000	n/a	n/a	STATUS	n/a	n/a	D255
797.3880000000	n/a	n/a	STATUS	n/a	n/a	DI54
797.4360000000	n/a	n/a	STATUS	n/a	n/a	D255
797.8160000000	n/a	n/a	STATUS	n/a	n/a	DI34
797.8680000000	n/a	n/a	STATUS	n/a	n/a	D255
798.1240000000	n/a	n/a	STATUS	n/a	n/a	DIN5
798.1760000000	n/a	n/a	STATUS	n/a	n/a	D255
798.5440000000	n/a	n/a	STATUS	n/a	n/a	DI92
798.5960000000	n/a	n/a	STATUS	n/a	n/a	D255
798.6320000000	n/a	n/a	STATUS	n/a	n/a	DI51
798.6840000000	n/a	n/a	STATUS	n/a	n/a	D255
798.9640000000	n/a	n/a	STATUS	n/a	n/a	DI21
799.0120000000	n/a	n/a	STATUS	n/a	n/a	D255
799.0160000000	n/a	n/a	STATUS	n/a	n/a	DIN4
799.0680000000	n/a	n/a	STATUS	n/a	n/a	D255
799.8200000000	n/a	n/a	STATUS	n/a	n/a	DIN5
799.8720000000	n/a	n/a	STATUS	n/a	n/a	D255
800.2320000000	n/a	n/a	STATUS	n/a	n/a	DI83
800.2840000000	n/a	n/a	STATUS	n/a	n/a	D255
800.3200000000	n/a	n/a	STATUS	n/a	n/a	DI51
800.3680000000	n/a	n/a	STATUS	n/a	n/a	D255
800.6240000000	n/a	n/a	STATUS	n/a	n/a	DI21
800.6760000000	n/a	n/a	STATUS	n/a	n/a	D255
800.6800000000	n/a	n/a	STATUS	n/a	n/a	DIN4
800.7280000000	n/a	n/a	STATUS	n/a	n/a	D255
801.4840000000	n/a	n/a	STATUS	n/a	n/a	DIN5
801.5360000000	n/a	n/a	STATUS	n/a	n/a	D255
801.8680000000	n/a	n/a	STATUS	n/a	n/a	D192
801.9200000000	n/a	n/a	STATUS	n/a	n/a	D255
801.9560000000	n/a	n/a	STATUS	n/a	n/a	DI53
802.0040000000	n/a	n/a	STATUS	n/a	n/a	D255
802.3040000000	n/a	n/a	STATUS	n/a	n/a	DI43
802.3560000000	n/a	n/a	STATUS	n/a	n/a	D255
802.6160000000	n/a	n/a	STATUS	n/a	n/a	DIN5
802.6640000000	n/a	n/a	STATUS	n/a	n/a	D255
802.9760000000	n/a	n/a	STATUS	n/a	n/a	D186
803.0240000000	n/a	n/a	STATUS	n/a	n/a	D255
803.0640000000	n/a	n/a	STATUS	n/a	n/a	DI53
803.1120000000	n/a	n/a	STATUS	n/a	n/a	D255
803.4680000000	n/a	n/a	STATUS	n/a	n/a	DI43
803.5160000000	n/a	n/a	STATUS	n/a	n/a	D255
803.7760000000	n/a	n/a	STATUS	n/a	n/a	DIN5
803.8240000000	n/a	n/a	STATUS	n/a	n/a	D255
804.2360000000	n/a	n/a	STATUS	n/a	n/a	D140
804.2840000000	n/a	n/a	STATUS	n/a	n/a	D255
804.3240000000	n/a	n/a	STATUS	n/a	n/a	DI51
804.3720000000	n/a	n/a	STATUS	n/a	n/a	D255
804.8480000000	n/a	n/a	STATUS	n/a	n/a	DI31
804.8960000000	n/a	n/a	STATUS	n/a	n/a	D255
805.1560000000	n/a	n/a	STATUS	n/a	n/a	DIN5
805.2040000000	n/a	n/a	STATUS	n/a	n/a	D255
805.5240000000	n/a	n/a	STATUS	n/a	n/a	D191
805.5760000000	n/a	n/a	STATUS	n/a	n/a	D255
805.6120000000	n/a	n/a	STATUS	n/a	n/a	DI53
805.6640000000	n/a	n/a	STATUS	n/a	n/a	D255
805.9600000000	n/a	n/a	STATUS	n/a	n/a	DI43
806.0120000000	n/a	n/a	STATUS	n/a	n/a	D255
806.0120000000	n/a	n/a	STATUS	n/a	n/a	D239
806.2720000000	n/a	n/a	STATUS	n/a	n/a	DIN5
806.3200000000	n/a	n/a	STATUS	n/a	n/a	D255
806.8120000000	n/a	n/a	STATUS	n/a	n/a	D194
806.8600000000	n/a	n/a	STATUS	n/a	n/a	D255
806.9000000000	n/a	n/a	STATUS	n/a	n/a	DI54
806.9480000000	n/a	n/a	STATUS	n/a	n/a	D255
807.2120000000	n/a	n/a	STATUS	n/a	n/a	DI34
807.2640000000	n/a	n/a	STATUS	n/a	n/a	D255
807.5240000000	n/a	n/a	STATUS	n/a	n/a	DIN5
807.5720000000	n/a	n/a	STATUS	n/a	n/a	D255
807.9440000000	n/a	n/a	STATUS	n/a	n/a	DI80
807.9920000000	n/a	n/a	STATUS	n/a	n/a	D255
808.0280000000	n/a	n/a	STATUS	n/a	n/a	DI52
808.0800000000	n/a	n/a	STATUS	n/a	n/a	D255
808.4320000000	n/a	n/a	STATUS	n/a	n/a	DI42
808.4800000000	n/a	n/a	STATUS	n/a	n/a	D255
808.7400000000	n/a	n/a	STATUS	n/a	n/a	DIN5
808.7920000000	n/a	n/a	STATUS	n/a	n/a	D255
809.1160000000	n/a	n/a	STATUS	n/a	n/a	DI98
809.1640000000	n/a	n/a	STATUS	n/a	n/a	D255
809.2040000000	n/a	n/a	STATUS	n/a	n/a	DI52
809.2520000000	n/a	n/a	STATUS	n/a	n/a	D255
809.6360000000	n/a	n/a	STATUS	n/a	n/a	DI42
809.6840000000	n/a	n/a	STATUS	n/a	n/a	D255
809.9440000000	n/a	n/a	STATUS	n/a	n/a	DIN5
809.9960000000	n/a	n/a	STATUS	n/a	n/a	D255
810.3000000000	n/a	n/a	STATUS	n/a	n/a	D105
810.3480000000	n/a	n/a	STATUS	n/a	n/a	D255
810.3880000000	n/a	n/a	STATUS	n/a	n/a	DI54
810.4360000000	n/a	n/a	STATUS	n/a	n/a	D255
810.7280000000	n/a	n/a	STATUS	n/a	n/a	DI34
810.7760000000	n/a	n/a	STATUS	n/a	n/a	D255
811.0360000000	n/a	n/a	STATUS	n/a	n/a	DIN5
811.0880000000	n/a	n/a	STATUS	n/a	n/a	D255
811.5880000000	n/a	n/a	STATUS	n/a	n/a	D106
811.6360000000	n/a	n/a	STATUS	n/a	n/a	D255
811.6760000000	n/a	n/a	STATUS	n/a	n/a	DI54
811.7240000000	n/a	n/a	STATUS	n/a	n/a	D255
812.0520000000	n/a	n/a	STATUS	n/a	n/a	DI34
812.1040000000	n/a	n/a	STATUS	n/a	n/a	D255
812.3640000000	n/a	n/a	STATUS	n/a	n/a	DIN5
812.4120000000	n/a	n/a	STATUS	n/a	n/a	D255
812.7560000000	n/a	n/a	STATUS	n/a	n/a	DI67
812.8080000000	n/a	n/a	STATUS	n/a	n/a	D255
812.8440000000	n/a	n/a	STATUS	n/a	n/a	DI54
812.8960000000	n/a	n/a	STATUS	n/a	n/a	D255
813.2120000000	n/a	n/a	STATUS	n/a	n/a	DI34
813.2640000000	n/a	n/a	STATUS	n/a	n/a	D255
813.5240000000	n/a	n/a	STATUS	n/a	n/a	DIN5
813.5720000000	n/a	n/a	STATUS	n/a	n/a	D255
813.9360000000	n/a	n/a	STATUS	n/a	n/a	DI93
813.9880000000	n/a	n/a	STATUS	n/a	n/a	D255
814.0240000000	n/a	n/a	STATUS	n/a	n/a	DI54
814.0760000000	n/a	n/a	STATUS	n/a	n/a	D255
814.3400000000	n/a	n/a	STATUS	n/a	n/a	DI34
814.3880000000	n/a	n/a	STATUS	n/a	n/a	D255
814.6480000000	n/a	n/a	STATUS	n/a	n/a	DIN5
814.7000000000	n/a	n/a	STATUS	n/a	n/a	D255
815.0040000000	n/a	n/a	STATUS	n/a	n/a	D174
815.0520000000	n/a	n/a	STATUS	n/a	n/a	D255
815.0920000000	n/a	n/a	STATUS	n/a	n/a	DI53
815.1400000000	n/a	n/a	STATUS	n/a	n/a	D255
815.4080000000	n/a	n/a	STATUS	n/a	n/a	DI43
815.4600000000	n/a	n/a	STATUS	n/a	n/a	D255
815.7200000000	n/a	n/a	STATUS	n/a	n/a	DIN5
815.7680000000	n/a	n/a	STATUS	n/a	n/a	D255
816.0760000000	n/a	n/a	STATUS	n/a	n/a	D228
816.1280000000	n/a	n/a	STATUS	n/a	n/a	D255
816.1640000000	n/a	n/a	STATUS	n/a	n/a	DI54
816.2160000000	n/a	n/a	STATUS	n/a	n/a	D255
816.5040000000	n/a	n/a	STATUS	n/a	n/a	DI34
816.5560000000	n/a	n/a	STATUS	n/a	n/a	D255
816.8160000000	n/a	n/a	STATUS	n/a	n/a	DIN5
816.8640000000	n/a	n/a	STATUS	n/a	n/a	D255
817.1800000000	n/a	n/a	STATUS	n/a	n/a	D109
817.2280000000	n/a	n/a	STATUS	n/a	n/a	D255
817.2640000000	n/a	n/a	STATUS	n/a	n/a	DI53
817.3160000000	n/a	n/a	STATUS	n/a	n/a	D255
817.5760000000	n/a	n/a	STATUS	n/a	n/a	DI43
817.6280000000	n/a	n/a	STATUS	n/a	n/a	D255
817.8880000000	n/a	n/a	STATUS	n/a	n/a	DIN5
817.9360000000	n/a	n/a	STATUS	n/a	n/a	D255
818.3880000000	n/a	n/a	STATUS	n/a	n/a	D201
818.4360000000	n/a	n/a	STATUS	n/a	n/a	D255
818.4760000000	n/a	n/a	STATUS	n/a	n/a	DI52
818.5240000000	n/a	n/a	STATUS	n/a	n/a	D255
818.8600000000	n/a	n/a	STATUS	n/a	n/a	DI12
818.9120000000	n/a	n/a	STATUS	n/a	n/a	D255
818.9160000000	n/a	n/a	STATUS	n/a	n/a	DIN4
818.9640000000	n/a	n/a	STATUS	n/a	n/a	D255
819.7200000000	n/a	n/a	STATUS	n/a	n/a	DIN5
819.7680000000	n/a	n/a	STATUS	n/a	n/a	D255
820.2640000000	n/a	n/a	STATUS	n/a	n/a	DI81
820.3160000000	n/a	n/a	STATUS	n/a	n/a	D255
820.3520000000	n/a	n/a	STATUS	n/a	n/a	DI52
820.4040000000	n/a	n/a	STATUS	n/a	n/a	D255
820.8400000000	n/a	n/a	STATUS	n/a	n/a	DI42
820.8880000000	n/a	n/a	STATUS	n/a	n/a	D255
821.1480000000	n/a	n/a	STATUS	n/a	n/a	DIN5
821.1960000000	n/a	n/a	STATUS	n/a	n/a	D255
821.5080000000	n/a	n/a	STATUS	n/a	n/a	DI77
821.5560000000	n/a	n/a	STATUS	n/a	n/a	D255
821.5960000000	n/a	n/a	STATUS	n/a	n/a	DI52
821.6440000000	n/a	n/a	STATUS	n/a	n/a	D255
822.0320000000	n/a	n/a	STATUS	n/a	n/a	DI42
822.0840000000	n/a	n/a	STATUS	n/a	n/a	D255
822.3440000000	n/a	n/a	STATUS	n/a	n/a	DIN5
822.3920000000	n/a	n/a	STATUS	n/a	n/a	D255
822.8560000000	n/a	n/a	STATUS	n/a	n/a	DI94
822.9080000000	n/a	n/a	STATUS	n/a	n/a	D255
822.9440000000	n/a	n/a	STATUS	n/a	n/a	DI51
822.9960000000	n/a	n/a	STATUS	n/a	n/a	D255
823.4560000000	n/a	n/a	STATUS	n/a	n/a	DI31
823.5040000000	n/a	n/a	STATUS	n/a	n/a	D255
823.7640000000	n/a	n/a	STATUS	n/a	n/a	DIN5
823.8120000000	n/a	n/a	STATUS	n/a	n/a	D255
824.1360000000	n/a	n/a	STATUS	n/a	n/a	D176
824.1880000000	n/a	n/a	STATUS	n/a	n/a	D255
824.2280000000	n/a	n/a	STATUS	n/a	n/a	DI54
824.2760000000	n/a	n/a	STATUS	n/a	n/a	D255
824.6560000000	n/a	n/a	STATUS	n/a	n/a	DI34
824.7040000000	n/a	n/a	STATUS	n/a	n/a	D255
824.9640000000	n/a	n/a	STATUS	n/a	n/a	DIN5
825.0160000000	n/a	n/a	STATUS	n/a	n/a	D255
825.4480000000	n/a	n/a	STATUS	n/a	n/a	D102
825.5000000000	n/a	n/a	STATUS	n/a	n/a	D255
825.5400000000	n/a	n/a	STATUS	n/a	n/a	DI51
825.5880000000	n/a	n/a	STATUS	n/a	n/a	D255
825.8240000000	n/a	n/a	STATUS	n/a	n/a	DI21
825.8720000000	n/a	n/a	STATUS	n/a	n/a	D255
825.8760000000	n/a	n/a	STATUS	n/a	n/a	DIN4
825.9280000000	n/a	n/a	STATUS	n/a	n/a	D255
826.6800000000	n/a	n/a	STATUS	n/a	n/a	DIN5
826.7320000000	n/a	n/a	STATUS	n/a	n/a	D255
827.0400000000	n/a	n/a	STATUS	n/a	n/a	D160
827.0920000000	n/a	n/a	STATUS	n/a	n/a	D255
827.1280000000	n/a	n/a	STATUS	n/a	n/a	DI51
827.1800000000	n/a	n/a	STATUS	n/a	n/a	D255
827.6360000000	n/a	n/a	STATUS	n/a	n/a	DI31
827.6880000000	n/a	n/a	STATUS	n/a	n/a	D255
827.9440000000	n/a	n/a	STATUS	n/a	n/a	DIN5
827.9960000000	n/a	n/a	STATUS	n/a	n/a	D255
828.3600000000	n/a	n/a	STATUS	n/a	n/a	D177
828.4080000000	n/a	n/a	STATUS	n/a	n/a	D255
828.4480000000	n/a	n/a	STATUS	n/a	n/a	DI51
828.4960000000	n/a	n/a	STATUS	n/a	n/a	D255
828.7600000000	n/a	n/a	STATUS	n/a	n/a	DI21
828.8120000000	n/a	n/a	STATUS	n/a	n/a	D255
828.8160000000	n/a	n/a	STATUS	n/a	n/a	DIN4
828.8680000000	n/a	n/a	STATUS	n/a	n/a	D255
829.6200000000	n/a	n/a	STATUS	n/a	n/a	DIN5
829.6720000000	n/a	n/a	STATUS	n/a	n/a	D255
830.0920000000	n/a	n/a	STATUS	n/a	n/a	DI65
830.1400000000	n/a	n/a	STATUS	n/a	n/a	D255
830.1800000000	n/a	n/a	STATUS	n/a	n/a	DI54
830.2280000000	n/a	n/a	STATUS	n/a	n/a	D255
830.5360000000	n/a	n/a	STATUS	n/a	n/a	DI34
830.5880000000	n/a	n/a	STATUS	n/a	n/a	D255
830.8440000000	n/a	n/a	STATUS	n/a	n/a	DIN5
830.8960000000	n/a	n/a	STATUS	n/a	n/a	D255
831.2120000000	n/a	n/a	STATUS	n/a	n/a	D152
831.2600000000	n/a	n/a	STATUS	n/a	n/a	D255
831.3000000000	n/a	n/a	STATUS	n/a	n/a	DI53
831.3480000000	n/a	n/a	STATUS	n/a	n/a	D255
831.6560000000	n/a	n/a	STATUS	n/a	n/a	DI43
831.7080000000	n/a	n/a	STATUS	n/a	n/a	D255
831.9680000000	n/a	n/a	STATUS	n/a	n/a	DIN5
832.0200000000	n/a	n/a	STATUS	n/a	n/a	D255
832.4640000000	n/a	n/a	STATUS	n/a	n/a	D178
832.5120000000	n/a	n/a	STATUS	n/a	n/a	D255
832.5480000000	n/a	n/a	STATUS	n/a	n/a	DI54
832.6000000000	n/a	n/a	STATUS	n/a	n/a	D255
832.8760000000	n/a	n/a	STATUS	n/a	n/a	DI34
832.9240000000	n/a	n/a	STATUS	n/a	n/a	D255
833.1840000000	n/a	n/a	STATUS	n/a	n/a	DIN5
833.2360000000	n/a	n/a	STATUS	n/a	n/a	D255
833.6560000000	n/a	n/a	STATUS	n/a	n/a	D162
833.7040000000	n/a	n/a	STATUS	n/a	n/a	D255
833.7440000000	n/a	n/a	STATUS	n/a	n/a	DI51
833.7920000000	n/a	n/a	STATUS	n/a	n/a	D255
834.0000000000	n/a	n/a	STATUS	n/a	n/a	DI21
834.0480000000	n/a	n/a	STATUS	n/a	n/a	D255
834.0520000000	n/a	n/a	STATUS	n/a	n/a	DIN4
834.1040000000	n/a	n/a	STATUS	n/a	n/a	D255
834.8600000000	n/a	n/a	STATUS	n/a	n/a	DIN5
834.9080000000	n/a	n/a	STATUS	n/a	n/a	D255
835.2280000000	n/a	n/a	STATUS	n/a	n/a	D205
835.2800000000	n/a	n/a	STATUS	n/a	n/a	D255
835.3160000000	n/a	n/a	STATUS	n/a	n/a	DI51
835.3680000000	n/a	n/a	STATUS	n/a	n/a	D255
835.8640000000	n/a	n/a	STATUS	n/a	n/a	DI31
835.9160000000	n/a	n/a	STATUS	n/a	n/a	D255
836.1760000000	n/a	n/a	STATUS	n/a	n/a	DIN5
836.2240000000	n/a	n/a	STATUS	n/a	n/a	D255
836.5680000000	n/a	n/a	STATUS	n/a	n/a	D157
836.6200000000	n/a	n/a	STATUS	n/a	n/a	D255
836.6560000000	n/a	n/a	STATUS	n/a	n/a	DI54
836.7080000000	n/a	n/a	STATUS	n/a	n/a	D255
837.0400000000	n/a	n/a	STATUS	n/a	n/a	DI34
837.0920000000	n/a	n/a	STATUS	n/a	n/a	D255
837.3520000000	n/a	n/a	STATUS	n/a	n/a	DIN5
837.4000000000	n/a	n/a	STATUS	n/a	n/a	D255
837.7440000000	n/a	n/a	STATUS	n/a	n/a	D213
837.7960000000	n/a	n/a	STATUS	n/a	n/a	D255
837.8320000000	n/a	n/a	STATUS	n/a	n/a	DI54
837.8840000000	n/a	n/a	STATUS	n/a	n/a	D255
838.2080000000	n/a	n/a	STATUS	n/a	n/a	DI34
838.2560000000	n/a	n/a	STATUS	n/a	n/a	D255
838.5160000000	n/a	n/a	STATUS	n/a	n/a	DIN5
838.5680000000	n/a	n/a	STATUS	n/a	n/a	D255
839.0560000000	n/a	n/a	STATUS	n/a	n/a	D113
839.1080000000	n/a	n/a	STATUS	n/a	n/a	D255
839.1440000000	n/a	n/a	STATUS	n/a	n/a	DI54
839.1920000000	n/a	n/a	STATUS	n/a	n/a	D255
839.4880000000	n/a	n/a	STATUS	n/a	n/a	DI34
839.5400000000	n/a	n/a	STATUS	n/a	n/a	D255
839.8000000000	n/a	n/a	STATUS	n/a	n/a	DIN5
839.8480000000	n/a	n/a	STATUS	n/a	n/a	D255
840.1680000000	n/a	n/a	STATUS	n/a	n/a	D211
840.2160000000	n/a	n/a	STATUS	n/a	n/a	D255
840.2560000000	n/a	n/a	STATUS	n/a	n/a	DI51
840.3040000000	n/a	n/a	STATUS	n/a	n/a	D255
840.5920000000	n/a	n/a	STATUS	n/a	n/a	DI21
840.6400000000	n/a	n/a	STATUS	n/a	n/a	D255
840.6480000000	n/a	n/a	STATUS	n/a	n/a	DIN4
840.6960000000	n/a	n/a	STATUS	n/a	n/a	D255
868.0320000000	n/a	n/a	STATUS	n/a	n/a	DIN5
868.0800000000	n/a	n/a	STATUS	n/a	n/a	D255
868.4000000000	n/a	n/a	STATUS	n/a	n/a	D207
868.4520000000	n/a	n/a	STATUS	n/a	n/a	D255
868.4880000000	n/a	n/a	STATUS	n/a	n/a	DI53
868.5400000000	n/a	n/a	STATUS	n/a	n/a	D255
868.9400000000	n/a	n/a	STATUS	n/a	n/a	DI43
868.9880000000	n/a	n/a	STATUS	n/a	n/a	D255
869.2480000000	n/a	n/a	STATUS	n/a	n/a	DIN5
869.3000000000	n/a	n/a	STATUS	n/a	n/a	D255
869.6200000000	n/a	n/a	STATUS	n/a	n/a	D140
869.6680000000	n/a	n/a	STATUS	n/a	n/a	D255
869.7080000000	n/a	n/a	STATUS	n/a	n/a	DI52
869.7560000000	n/a	n/a	STATUS	n/a	n/a	D255
870.1200000000	n/a	n/a	STATUS	n/a	n/a	DI42
870.1680000000	n/a	n/a	STATUS	n/a	n/a	D255
870.4280000000	n/a	n/a	STATUS	n/a	n/a	DIN5
870.4800000000	n/a	n/a	STATUS	n/a	n/a	D255
870.9800000000	n/a	n/a	STATUS	n/a	n/a	D113
871.0280000000	n/a	n/a	STATUS	n/a	n/a	D255
871.0640000000	n/a	n/a	STATUS	n/a	n/a	DI52
871.1160000000	n/a	n/a	STATUS	n/a	n/a	D255
871.4400000000	n/a	n/a	STATUS	n/a	n/a	DI42
871.4880000000	n/a	n/a	STATUS	n/a	n/a	D255
871.7480000000	n/a	n/a	STATUS	n/a	n/a	DIN5
871.8000000000	n/a	n/a	STATUS	n/a	n/a	D255
872.1120000000	n/a	n/a	STATUS	n/a	n/a	D169
872.1640000000	n/a	n/a	STATUS	n/a	n/a	D255
872.2000000000	n/a	n/a	STATUS	n/a	n/a	DI52
872.2520000000	n/a	n/a	STATUS	n/a	n/a	D255
872.5760000000	n/a	n/a	STATUS	n/a	n/a	DI42
872.6240000000	n/a	n/a	STATUS	n/a	n/a	D255
872.8840000000	n/a	n/a	STATUS	n/a	n/a	DIN5
872.9360000000	n/a	n/a	STATUS	n/a	n/a	D255
873.4240000000	n/a	n/a	STATUS	n/a	n/a	DI86
873.4720000000	n/a	n/a	STATUS	n/a	n/a	D255
873.5120000000	n/a	n/a	STATUS	n/a	n/a	DI52
873.5600000000	n/a	n/a	STATUS	n/a	n/a	D255
873.8800000000	n/a	n/a	STATUS	n/a	n/a	DI42
873.9320000000	n/a	n/a	STATUS	n/a	n/a	D255
874.1920000000	n/a	n/a	STATUS	n/a	n/a	DIN5
874.2400000000	n/a	n/a	STATUS	n/a	n/a	D255
874.6160000000	n/a	n/a	STATUS	n/a	n/a	D142
874.6680000000	n/a	n/a	STATUS	n/a	n/a	D255
874.7040000000	n/a	n/a	STATUS	n/a	n/a	DI51
874.7520000000	n/a	n/a	STATUS	n/a	n/a	D255
874.9800000000	n/a	n/a	STATUS	n/a	n/a	DI21
875.0320000000	n/a	n/a	STATUS	n/a	n/a	D255
875.0360000000	n/a	n/a	STATUS	n/a	n/a	DIN4
875.0840000000	n/a	n/a	STATUS	n/a	n/a	D255
875.8400000000	n/a	n/a	STATUS	n/a	n/a	DIN5
875.8920000000	n/a	n/a	STATUS	n/a	n/a	D255
876.2520000000	n/a	n/a	STATUS	n/a	n/a	D100
876.3000000000	n/a	n/a	STATUS	n/a	n/a	D255
876.3360000000	n/a	n/a	STATUS	n/a	n/a	DI54
876.3880000000	n/a	n/a	STATUS	n/a	n/a	D255
876.7160000000	n/a	n/a	STATUS	n/a	n/a	DI34
876.7640000000	n/a	n/a	STATUS	n/a	n/a	D255
877.0240000000	n/a	n/a	STATUS	n/a	n/a	DIN5
877.0760000000	n/a	n/a	STATUS	n/a	n/a	D255
877.5360000000	n/a	n/a	STATUS	n/a	n/a	D127
877.5840000000	n/a	n/a	STATUS	n/a	n/a	D255
877.6240000000	n/a	n/a	STATUS	n/a	n/a	DI54
877.6720000000	n/a	n/a	STATUS	n/a	n/a	D255
877.9680000000	n/a	n/a	STATUS	n/a	n/a	DI34
878.0160000000	n/a	n/a	STATUS	n/a	n/a	D255
878.2760000000	n/a	n/a	STATUS	n/a	n/a	DIN5
878.3240000000	n/a	n/a	STATUS	n/a	n/a	D255
878.7040000000	n/a	n/a	STATUS	n/a	n/a	D119
878.7560000000	n/a	n/a	STATUS	n/a	n/a	D255
878.7920000000	n/a	n/a	STATUS	n/a	n/a	DI54
878.8440000000	n/a	n/a	STATUS	n/a	n/a	D255
879.1040000000	n/a	n/a	STATUS	n/a	n/a	DI34
879.1560000000	n/a	n/a	STATUS	n/a	n/a	D255
879.4160000000	n/a	n/a	STATUS	n/a	n/a	DIN5
879.4640000000	n/a	n/a	STATUS	n/a	n/a	D255
879.9000000000	n/a	n/a	STATUS	n/a	n/a	D195
879.9480000000	n/a	n/a	STATUS	n/a	n/a	D255
879.9880000000	n/a	n/a	STATUS	n/a	n/a	DI54
880.0360000000	n/a	n/a	STATUS	n/a	n/a	D255
880.3240000000	n/a	n/a	STATUS	n/a	n/a	DI34
880.3760000000	n/a	n/a	STATUS	n/a	n/a	D255
880.6360000000	n/a	n/a	STATUS	n/a	n/a	DIN5
880.6840000000	n/a	n/a	STATUS	n/a	n/a	D255
881.0240000000	n/a	n/a	STATUS	n/a	n/a	D232
881.0760000000	n/a	n/a	STATUS	n/a	n/a	D255
881.1120000000	n/a	n/a	STATUS	n/a	n/a	DI52
881.1600000000	n/a	n/a	STATUS	n/a	n/a	D255
881.5240000000	n/a	n/a	STATUS	n/a	n/a	DI42
881.5760000000	n/a	n/a	STATUS	n/a	n/a	D255
881.8360000000	n/a	n/a	STATUS	n/a	n/a	DIN5
881.8840000000	n/a	n/a	STATUS	n/a	n/a	D255
882.2200000000	n/a	n/a	STATUS	n/a	n/a	D176
882.2680000000	n/a	n/a	STATUS	n/a	n/a	D255
882.3080000000	n/a	n/a	STATUS	n/a	n/a	DI52
882.3560000000	n/a	n/a	STATUS	n/a	n/a	D255
882.7160000000	n/a	n/a	STATUS	n/a	n/a	DI42
882.7680000000	n/a	n/a	STATUS	n/a	n/a	D255
883.0280000000	n/a	n/a	STATUS	n/a	n/a	DIN5
883.0760000000	n/a	n/a	STATUS	n/a	n/a	D255
883.4400000000	n/a	n/a	STATUS	n/a	n/a	D229
883.4920000000	n/a	n/a	STATUS	n/a	n/a	D255
883.5280000000	n/a	n/a	STATUS	n/a	n/a	DI54
883.5800000000	n/a	n/a	STATUS	n/a	n/a	D255
883.8640000000	n/a	n/a	STATUS	n/a	n/a	DI34
883.9160000000	n/a	n/a	STATUS	n/a	n/a	D255
884.1760000000	n/a	n/a	STATUS	n/a	n/a	DIN5
884.2240000000	n/a	n/a	STATUS	n/a	n/a	D255
884.5680000000	n/a	n/a	STATUS	n/a	n/a	D243
884.6200000000	n/a	n/a	STATUS	n/a	n/a	D255
884.6560000000	n/a	n/a	STATUS	n/a	n/a	DI51
884.7080000000	n/a	n/a	STATUS	n/a	n/a	D255
884.9560000000	n/a	n/a	STATUS	n/a	n/a	DI21
885.0040000000	n/a	n/a	STATUS	n/a	n/a	D255
885.0080000000	n/a	n/a	STATUS	n/a	n/a	DIN4
885.0600000000	n/a	n/a	STATUS	n/a	n/a	D255
885.8160000000	n/a	n/a	STATUS	n/a	n/a	DIN5
885.8640000000	n/a	n/a	STATUS	n/a	n/a	D255
886.3640000000	n/a	n/a	STATUS	n/a	n/a	D241
886.4160000000	n/a	n/a	STATUS	n/a	n/a	D255
886.4520000000	n/a	n/a	STATUS	n/a	n/a	DI54
886.5000000000	n/a	n/a	STATUS	n/a	n/a	D255
886.8680000000	n/a	n/a	STATUS	n/a	n/a	DI34
886.9160000000	n/a	n/a	STATUS	n/a	n/a	D255
887.1760000000	n/a	n/a	STATUS	n/a	n/a	DIN5
887.2280000000	n/a	n/a	STATUS	n/a	n/a	D255
887.5920000000	n/a	n/a	STATUS	n/a	n/a	D190
887.6400000000	n/a	n/a	STATUS	n/a	n/a	D255
887.6800000000	n/a	n/a	STATUS	n/a	n/a	DI53
887.7280000000	n/a	n/a	STATUS	n/a	n/a	D255
888.0280000000	n/a	n/a	STATUS	n/a	n/a	DI43
888.0800000000	n/a	n/a	STATUS	n/a	n/a	D255
888.3360000000	n/a	n/a	STATUS	n/a	n/a	DIN5
888.3880000000	n/a	n/a	STATUS	n/a	n/a	D255
888.8720000000	n/a	n/a	STATUS	n/a	n/a	D202
888.9240000000	n/a	n/a	STATUS	n/a	n/a	D255
888.9600000000	n/a	n/a	STATUS	n/a	n/a	DI51
889.0120000000	n/a	n/a	STATUS	n/a	n/a	D255
889.4960000000	n/a	n/a	STATUS	n/a	n/a	DI31
889.5440000000	n/a	n/a	STATUS	n/a	n/a	D255
889.8040000000	n/a	n/a	STATUS	n/a	n/a	DIN5
889.8520000000	n/a	n/a	STATUS	n/a	n/a	D255
890.2880000000	n/a	n/a	STATUS	n/a	n/a	D145
890.3400000000	n/a	n/a	STATUS	n/a	n/a	D255
890.3760000000	n/a	n/a	STATUS	n/a	n/a	DI53
890.4280000000	n/a	n/a	STATUS	n/a	n/a	D255
890.6840000000	n/a	n/a	STATUS	n/a	n/a	DI43
890.7360000000	n/a	n/a	STATUS	n/a	n/a	D255
890.9960000000	n/a	n/a	STATUS	n/a	n/a	DIN5
891.0440000000	n/a	n/a	STATUS	n/a	n/a	D255
891.4880000000	n/a	n/a	STATUS	n/a	n/a	D189
891.5400000000	n/a	n/a	STATUS	n/a	n/a	D255
891.5760000000	n/a	n/a	STATUS	n/a	n/a	DI52
891.6280000000	n/a	n/a	STATUS	n/a	n/a	D255
892.0080000000	n/a	n/a	STATUS	n/a	n/a	DI42
892.0560000000	n/a	n/a	STATUS	n/a	n/a	D255
892.3160000000	n/a	n/a	STATUS	n/a	n/a	DIN5
892.3680000000	n/a	n/a	STATUS	n/a	n/a	D255
892.8560000000	n/a	n/a	STATUS	n/a	n/a	D216
892.9080000000	n/a	n/a	STATUS	n/a	n/a	D255
892.9440000000	n/a	n/a	STATUS	n/a	n/a	DI52
892.9960000000	n/a	n/a	STATUS	n/a	n/a	D255
893.3600000000	n/a	n/a	STATUS	n/a	n/a	DI42
893.4080000000	n/a	n/a	STATUS	n/a	n/a	D255
893.6680000000	n/a	n/a	STATUS	n/a	n/a	DIN5
893.7200000000	n/a	n/a	STATUS	n/a	n/a	D255
894.1480000000	n/a	n/a	STATUS	n/a	n/a	D204
894.2000000000	n/a	n/a	STATUS	n/a	n/a	D255
894.2360000000	n/a	n/a	STATUS	n/a	n/a	DI53
894.2840000000	n/a	n/a	STATUS	n/a	n/a	D255
894.5640000000	n/a	n/a	STATUS	n/a	n/a	DI43
894.6120000000	n/a	n/a	STATUS	n/a	n/a	D255
894.8720000000	n/a	n/a	STATUS	n/a	n/a	DIN5
894.9240000000	n/a	n/a	STATUS	n/a	n/a	D255
895.3560000000	n/a	n/a	STATUS	n/a	n/a	DI79
895.4080000000	n/a	n/a	STATUS	n/a	n/a	D255
895.4440000000	n/a	n/a	STATUS	n/a	n/a	DI51
895.4960000000	n/a	n/a	STATUS	n/a	n/a	D255
895.8920000000	n/a	n/a	STATUS	n/a	n/a	DI31
895.9400000000	n/a	n/a	STATUS	n/a	n/a	D255
896.2000000000	n/a	n/a	STATUS	n/a	n/a	DIN5
896.2480000000	n/a	n/a	STATUS	n/a	n/a	D255
896.6080000000	n/a	n/a	STATUS	n/a	n/a	D246
896.6600000000	n/a	n/a	STATUS	n/a	n/a	D255
896.6960000000	n/a	n/a	STATUS	n/a	n/a	DI52
896.7480000000	n/a	n/a	STATUS	n/a	n/a	D255
897.1280000000	n/a	n/a	STATUS	n/a	n/a	DI42
897.1800000000	n/a	n/a	STATUS	n/a	n/a	D255
897.4360000000	n/a	n/a	STATUS	n/a	n/a	DIN5
897.4880000000	n/a	n/a	STATUS	n/a	n/a	D255
897.8720000000	n/a	n/a	STATUS	n/a	n/a	D122
897.9240000000	n/a	n/a	STATUS	n/a	n/a	D255
897.9600000000	n/a	n/a	STATUS	n/a	n/a	DI53
898.0120000000	n/a	n/a	STATUS	n/a	n/a	D255
898.3240000000	n/a	n/a	STATUS	n/a	n/a	DI43
898.3720000000	n/a	n/a	STATUS	n/a	n/a	D255
898.6320000000	n/a	n/a	STATUS	n/a	n/a	DIN5
898.6840000000	n/a	n/a	STATUS	n/a	n/a	D255
899.0080000000	n/a	n/a	STATUS	n/a	n/a	DI83
899.0560000000	n/a	n/a	STATUS	n/a	n/a	D255
899.0960000000	n/a	n/a	STATUS	n/a	n/a	DI51
899.1440000000	n/a	n/a	STATUS	n/a	n/a	D255
899.5920000000	n/a	n/a	STATUS	n/a	n/a	DI31
899.6400000000	n/a	n/a	STATUS	n/a	n/a	D255
899.9000000000	n/a	n/a	STATUS	n/a	n/a	DIN5
899.9480000000	n/a	n/a	STATUS	n/a	n/a	D255
900.3840000000	n/a	n/a	STATUS	n/a	n/a	D132
900.4360000000	n/a	n/a	STATUS	n/a	n/a	D255
900.4720000000	n/a	n/a	STATUS	n/a	n/a	DI53
900.5240000000	n/a	n/a	STATUS	n/a	n/a	D255
900.7560000000	n/a	n/a	STATUS	n/a	n/a	DI43
900.8040000000	n/a	n/a	STATUS	n/a	n/a	D255
901.0640000000	n/a	n/a	STATUS	n/a	n/a	DIN5
901.1160000000	n/a	n/a	STATUS	n/a	n/a	D255
901.4360000000	n/a	n/a	STATUS	n/a	n/a	D103
901.4840000000	n/a	n/a	STATUS	n/a	n/a	D255
901.5240000000	n/a	n/a	STATUS	n/a	n/a	DI54
901.5720000000	n/a	n/a	STATUS	n/a	n/a	D255
901.8560000000	n/a	n/a	STATUS	n/a	n/a	DI34
901.9040000000	n/a	n/a	STATUS	n/a	n/a	D255
902.1640000000	n/a	n/a	STATUS	n/a	n/a	DIN5
902.2160000000	n/a	n/a	STATUS	n/a	n/a	D255
902.6840000000	n/a	n/a	STATUS	n/a	n/a	D230
902.7360000000	n/a	n/a	STATUS	n/a	n/a	D255
902.7720000000	n/a	n/a	STATUS	n/a	n/a	DI51
902.8240000000	n/a	n/a	STATUS	n/a	n/a	D255
903.0720000000	n/a	n/a	STATUS	n/a	n/a	DI21
903.1240000000	n/a	n/a	STATUS	n/a	n/a	D255
903.1280000000	n/a	n/a	STATUS	n/a	n/a	DIN4
903.1760000000	n/a	n/a	STATUS	n/a	n/a	D255
903.9320000000	n/a	n/a	STATUS	n/a	n/a	DIN5
903.9800000000	n/a	n/a	STATUS	n/a	n/a	D255
904.4400000000	n/a	n/a	STATUS	n/a	n/a	DI84
904.4920000000	n/a	n/a	STATUS	n/a	n/a	D255
904.5280000000	n/a	n/a	STATUS	n/a	n/a	DI52
904.5800000000	n/a	n/a	STATUS	n/a	n/a	D255
904.9320000000	n/a	n/a	STATUS	n/a	n/a	DI42
904.9840000000	n/a	n/a	STATUS	n/a	n/a	D255
905.2400000000	n/a	n/a	STATUS	n/a	n/a	DIN5
905.2920000000	n/a	n/a	STATUS	n/a	n/a	D255
905.7200000000	n/a	n/a	STATUS	n/a	n/a	D191
905.7720000000	n/a	n/a	STATUS	n/a	n/a	D255
905.8080000000	n/a	n/a	STATUS	n/a	n/a	DI54
905.8600000000	n/a	n/a	STATUS	n/a	n/a	D255
906.1720000000	n/a	n/a	STATUS	n/a	n/a	DI34
906.2240000000	n/a	n/a	STATUS	n/a	n/a	D255
906.4840000000	n/a	n/a	STATUS	n/a	n/a	DIN5
906.5320000000	n/a	n/a	STATUS	n/a	n/a	D255
906.5320000000	n/a	n/a	STATUS	n/a	n/a	D239
906.9880000000	n/a	n/a	STATUS	n/a	n/a	D237
907.0360000000	n/a	n/a	STATUS	n/a	n/a	D255
907.0760000000	n/a	n/a	STATUS	n/a	n/a	DI51
907.1240000000	n/a	n/a	STATUS	n/a	n/a	D255
907.4160000000	n/a	n/a	STATUS	n/a	n/a	DI21
907.4680000000	n/a	n/a	STATUS	n/a	n/a	D255
907.4720000000	n/a	n/a	STATUS	n/a	n/a	DIN4
907.5200000000	n/a	n/a	STATUS	n/a	n/a	D255
908.2760000000	n/a	n/a	STATUS	n/a	n/a	DIN5
908.3280000000	n/a	n/a	STATUS	n/a	n/a	D255
908.7080000000	n/a	n/a	STATUS	n/a	n/a	D137
908.7560000000	n/a	n/a	STATUS	n/a	n/a	D255
908.7960000000	n/a	n/a	STATUS	n/a	n/a	DI51
908.8440000000	n/a	n/a	STATUS	n/a	n/a	D255
909.3040000000	n/a	n/a	STATUS	n/a	n/a	DI31
909.3520000000	n/a	n/a	STATUS	n/a	n/a	D255
909.6120000000	n/a	n/a	STATUS	n/a	n/a	DIN5
909.6640000000	n/a	n/a	STATUS	n/a	n/a	D255
910.0720000000	n/a	n/a	STATUS	n/a	n/a	D147
910.1240000000	n/a	n/a	STATUS	n/a	n/a	D255
910.1600000000	n/a	n/a	STATUS	n/a	n/a	DI54
910.2080000000	n/a	n/a	STATUS	n/a	n/a	D255
910.5320000000	n/a	n/a	STATUS	n/a	n/a	DI34
910.5800000000	n/a	n/a	STATUS	n/a	n/a	D255
910.8440000000	n/a	n/a	STATUS	n/a	n/a	DIN5
910.8920000000	n/a	n/a	STATUS	n/a	n/a	D255
911.2560000000	n/a	n/a	STATUS	n/a	n/a	D166
911.3080000000	n/a	n/a	STATUS	n/a	n/a	D255
911.3440000000	n/a	n/a	STATUS	n/a	n/a	DI53
911.3920000000	n/a	n/a	STATUS	n/a	n/a	D255
911.7200000000	n/a	n/a	STATUS	n/a	n/a	DI43
911.7720000000	n/a	n/a	STATUS	n/a	n/a	D255
912.0280000000	n/a	n/a	STATUS	n/a	n/a	DIN5
912.0800000000	n/a	n/a	STATUS	n/a	n/a	D255
912.3840000000	n/a	n/a	STATUS	n/a	n/a	DI98
912.4360000000	n/a	n/a	STATUS	n/a	n/a	D255
912.4720000000	n/a	n/a	STATUS	n/a	n/a	DI53
912.5240000000	n/a	n/a	STATUS	n/a	n/a	D255
912.8360000000	n/a	n/a	STATUS	n/a	n/a	DI43
912.8880000000	n/a	n/a	STATUS	n/a	n/a	D255
913.1480000000	n/a	n/a	STATUS	n/a	n/a	DIN5
913.1960000000	n/a	n/a	STATUS	n/a	n/a	D255
913.5640000000	n/a	n/a	STATUS	n/a	n/a	D233
913.6120000000	n/a	n/a	STATUS	n/a	n/a	D255
913.6480000000	n/a	n/a	STATUS	n/a	n/a	DI53
913.7000000000	n/a	n/a	STATUS	n/a	n/a	D255
914.0680000000	n/a	n/a	STATUS	n/a	n/a	DI43
914.1160000000	n/a	n/a	STATUS	n/a	n/a	D255
914.3760000000	n/a	n/a	STATUS	n/a	n/a	DIN5
914.4240000000	n/a	n/a	STATUS	n/a	n/a	D255
914.8000000000	n/a	n/a	STATUS	n/a	n/a	DI77
914.8480000000	n/a	n/a	STATUS	n/a	n/a	D255
914.8880000000	n/a	n/a	STATUS	n/a	n/a	DI52
914.9360000000	n/a	n/a	STATUS	n/a	n/a	D255
915.3840000000	n/a	n/a	STATUS	n/a	n/a	DI42
915.4360000000	n/a	n/a	STATUS	n/a	n/a	D255
915.6920000000	n/a	n/a	STATUS	n/a	n/a	DIN5
915.7440000000	n/a	n/a	STATUS	n/a	n/a	D255
916.2280000000	n/a	n/a	STATUS	n/a	n/a	D154
916.2760000000	n/a	n/a	STATUS	n/a	n/a	D255
916.3160000000	n/a	n/a	STATUS	n/a	n/a	DI54
916.3640000000	n/a	n/a	STATUS	n/a	n/a	D255
916.6440000000	n/a	n/a	STATUS	n/a	n/a	DI34
916.6920000000	n/a	n/a	STATUS	n/a	n/a	D255
916.9520000000	n/a	n/a	STATUS	n/a	n/a	DIN5
917.0040000000	n/a	n/a	STATUS	n/a	n/a	D255
917.3960000000	n/a	n/a	STATUS	n/a	n/a	D198
917.4480000000	n/a	n/a	STATUS	n/a	n/a	D255
917.4840000000	n/a	n/a	STATUS	n/a	n/a	DI52
917.5360000000	n/a	n/a	STATUS	n/a	n/a	D255
917.8960000000	n/a	n/a	STATUS	n/a	n/a	DI42
917.9480000000	n/a	n/a	STATUS	n/a	n/a	D255
918.2080000000	n/a	n/a	STATUS	n/a	n/a	DIN5
918.2560000000	n/a	n/a	STATUS	n/a	n/a	D255
918.6560000000	n/a	n/a	STATUS	n/a	n/a	D136
918.7080000000	n/a	n/a	STATUS	n/a	n/a	D255
918.7440000000	n/a	n/a	STATUS	n/a	n/a	DI54
918.7920000000	n/a	n/a	STATUS	n/a	n/a	D255
919.0760000000	n/a	n/a	STATUS	n/a	n/a	DI34
919.1240000000	n/a	n/a	STATUS	n/a	n/a	D255
919.3840000000	n/a	n/a	STATUS	n/a	n/a	DIN5
919.4360000000	n/a	n/a	STATUS	n/a	n/a	D255
919.8680000000	n/a	n/a	STATUS	n/a	n/a	D150
919.9200000000	n/a	n/a	STATUS	n/a	n/a	D255
919.9560000000	n/a	n/a	STATUS	n/a	n/a	DI53
920.0080000000	n/a	n/a	STATUS	n/a	n/a	D255
920.2840000000	n/a	n/a	STATUS	n/a	n/a	DI43
920.3360000000	n/a	n/a	STATUS	n/a	n/a	D255
920.5920000000	n/a	n/a	STATUS	n/a	n/a	DIN5
920.6440000000	n/a	n/a	STATUS	n/a	n/a	D255
921.1480000000	n/a	n/a	STATUS	n/a	n/a	D138
921.2000000000	n/a	n/a	STATUS	n/a	n/a	D255
921.2360000000	n/a	n/a	STATUS	n/a	n/a	DI52
921.2880000000	n/a	n/a	STATUS	n/a	n/a	D255
921.6040000000	n/a	n/a	STATUS	n/a	n/a	DI42
921.6560000000	n/a	n/a	STATUS	n/a	n/a	D255
921.6560000000	n/a	n/a	STATUS	n/a	n/a	D235
921.9160000000	n/a	n/a	STATUS	n/a	n/a	DIN5
921.9640000000	n/a	n/a	STATUS	n/a	n/a	D255
922.4480000000	n/a	n/a	STATUS	n/a	n/a	D249
922.5000000000	n/a	n/a	STATUS	n/a	n/a	D255
922.5360000000	n/a	n/a	STATUS	n/a	n/a	DI52
922.5880000000	n/a	n/a	STATUS	n/a	n/a	D255
922.9840000000	n/a	n/a	STATUS	n/a	n/a	DI42
923.0320000000	n/a	n/a	STATUS	n/a	n/a	D255
923.2920000000	n/a	n/a	STATUS	n/a	n/a	DIN5
923.3440000000	n/a	n/a	STATUS	n/a	n/a	D255
923.7760000000	n/a	n/a	STATUS	n/a	n/a	DI97
923.8280000000	n/a	n/a	STATUS	n/a	n/a	D255
923.8640000000	n/a	n/a	STATUS	n/a	n/a	DI52
923.9160000000	n/a	n/a	STATUS	n/a	n/a	D255
924.2760000000	n/a	n/a	STATUS	n/a	n/a	DI42
924.3240000000	n/a	n/a	STATUS	n/a	n/a	D255
924.5840000000	n/a	n/a	STATUS	n/a	n/a	DIN5
924.6360000000	n/a	n/a	STATUS	n/a	n/a	D255
925.0600000000	n/a	n/a	STATUS	n/a	n/a	D159
925.1120000000	n/a	n/a	STATUS	n/a	n/a	D255
925.1480000000	n/a	n/a	STATUS	n/a	n/a	DI54
925.2000000000	n/a	n/a	STATUS	n/a	n/a	D255
925.5040000000	n/a	n/a	STATUS	n/a	n/a	DI34
925.5560000000	n/a	n/a	STATUS	n/a	n/a	D255
925.8160000000	n/a	n/a	STATUS	n/a	n/a	DIN5
925.8640000000	n/a	n/a	STATUS	n/a	n/a	D255
926.2400000000	n/a	n/a	STATUS	n/a	n/a	D251
926.2880000000	n/a	n/a	STATUS	n/a	n/a	D255
926.3280000000	n/a	n/a	STATUS	n/a	n/a	DI53
926.3760000000	n/a	n/a	STATUS	n/a	n/a	D255
926.6280000000	n/a	n/a	STATUS	n/a	n/a	DI43
926.6760000000	n/a	n/a	STATUS	n/a	n/a	D255
926.9360000000	n/a	n/a	STATUS	n/a	n/a	DIN5
926.9880000000	n/a	n/a	STATUS	n/a	n/a	D255
927.4480000000	n/a	n/a	STATUS	n/a	n/a	DI82
927.4960000000	n/a	n/a	STATUS	n/a	n/a	D255
927.5320000000	n/a	n/a	STATUS	n/a	n/a	DI54
927.5840000000	n/a	n/a	STATUS	n/a	n/a	D255
927.8720000000	n/a	n/a	STATUS	n/a	n/a	DI34
927.9240000000	n/a	n/a	STATUS	n/a	n/a	D255
928.1840000000	n/a	n/a	STATUS	n/a	n/a	DIN5
928.2320000000	n/a	n/a	STATUS	n/a	n/a	D255
928.5480000000	n/a	n/a	STATUS	n/a	n/a	D139
928.5960000000	n/a	n/a	STATUS	n/a	n/a	D255
928.6360000000	n/a	n/a	STATUS	n/a	n/a	DI52
928.6840000000	n/a	n/a	STATUS	n/a	n/a	D255
929.0240000000	n/a	n/a	STATUS	n/a	n/a	DI42
929.0760000000	n/a	n/a	STATUS	n/a	n/a	D255
929.3360000000	n/a	n/a	STATUS	n/a	n/a	DIN5
929.3840000000	n/a	n/a	STATUS	n/a	n/a	D255
929.7760000000	n/a	n/a	STATUS	n/a	n/a	DI94
929.8240000000	n/a	n/a	STATUS	n/a	n/a	D255
929.8640000000	n/a	n/a	STATUS	n/a	n/a	DI51
929.9120000000	n/a	n/a	STATUS	n/a	n/a	D255
930.3760000000	n/a	n/a	STATUS	n/a	n/a	DI31
930.4280000000	n/a	n/a	STATUS	n/a	n/a	D255
930.6840000000	n/a	n/a	STATUS	n/a	n/a	DIN5
930.7360000000	n/a	n/a	STATUS	n/a	n/a	D255
931.1360000000	n/a	n/a	STATUS	n/a	n/a	DI99
931.1840000000	n/a	n/a	STATUS	n/a	n/a	D255
931.2240000000	n/a	n/a	STATUS	n/a	n/a	DI53
931.2720000000	n/a	n/a	STATUS	n/a	n/a	D255
931.5720000000	n/a	n/a	STATUS	n/a	n/a	DI43
931.6240000000	n/a	n/a	STATUS	n/a	n/a	D255
931.8840000000	n/a	n/a	STATUS	n/a	n/a	DIN5
931.9320000000	n/a	n/a	STATUS	n/a	n/a	D255
932.3480000000	n/a	n/a	STATUS	n/a	n/a	D134
932.4000000000	n/a	n/a	STATUS	n/a	n/a	D255
932.4360000000	n/a	n/a	STATUS	n/a	n/a	DI54
932.4840000000	n/a	n/a	STATUS	n/a	n/a	D255
932.7400000000	n/a	n/a	STATUS	n/a	n/a	DI34
932.7920000000	n/a	n/a	STATUS	n/a	n/a	D255
933.0520000000	n/a	n/a	STATUS	n/a	n/a	DIN5
933.1000000000	n/a	n/a	STATUS	n/a	n/a	D255
933.4320000000	n/a	n/a	STATUS	n/a	n/a	D215
933.4800000000	n/a	n/a	STATUS	n/a	n/a	D255
933.5200000000	n/a	n/a	STATUS	n/a	n/a	DI54
933.5680000000	n/a	n/a	STATUS	n/a	n/a	D255
933.9120000000	n/a	n/a	STATUS	n/a	n/a	DI34
933.9600000000	n/a	n/a	STATUS	n/a	n/a	D255
934.2200000000	n/a	n/a	STATUS	n/a	n/a	DIN5
934.2680000000	n/a	n/a	STATUS	n/a	n/a	D255
934.5960000000	n/a	n/a	STATUS	n/a	n/a	D118
934.6440000000	n/a	n/a	STATUS	n/a	n/a	D255
934.6840000000	n/a	n/a	STATUS	n/a	n/a	DI52
934.7320000000	n/a	n/a	STATUS	n/a	n/a	D255
935.0760000000	n/a	n/a	STATUS	n/a	n/a	DI42
935.1240000000	n/a	n/a	STATUS	n/a	n/a	D255
935.3840000000	n/a	n/a	STATUS	n/a	n/a	DIN5
935.4360000000	n/a	n/a	STATUS	n/a	n/a	D255
935.9120000000	n/a	n/a	STATUS	n/a	n/a	DI85
935.9640000000	n/a	n/a	STATUS	n/a	n/a	D255
936.0000000000	n/a	n/a	STATUS	n/a	n/a	DI53
936.0520000000	n/a	n/a	STATUS	n/a	n/a	D255
936.3960000000	n/a	n/a	STATUS	n/a	n/a	DI43
936.4480000000	n/a	n/a	STATUS	n/a	n/a	D255
936.7080000000	n/a	n/a	STATUS	n/a	n/a	DIN5
936.7560000000	n/a	n/a	STATUS	n/a	n/a	D255
937.1440000000	n/a	n/a	STATUS	n/a	n/a	D236
937.1920000000	n/a	n/a	STATUS	n/a	n/a	D255
937.2280000000	n/a	n/a	STATUS	n/a	n/a	DI53
937.2800000000	n/a	n/a	STATUS	n/a	n/a	D255
937.5400000000	n/a	n/a	STATUS	n/a	n/a	DI43
937.5920000000	n/a	n/a	STATUS	n/a	n/a	D255
937.8520000000	n/a	n/a	STATUS	n/a	n/a	DIN5
937.9000000000	n/a	n/a	STATUS	n/a	n/a	D255
938.2400000000	n/a	n/a	STATUS	n/a	n/a	D174
938.2920000000	n/a	n/a	STATUS	n/a	n/a	D255
938.3280000000	n/a	n/a	STATUS	n/a	n/a	DI52
938.3800000000	n/a	n/a	STATUS	n/a	n/a	D255
938.7920000000	n/a	n/a	STATUS	n/a	n/a	DI42
938.8400000000	n/a	n/a	STATUS	n/a	n/a	D255
939.1000000000	n/a	n/a	STATUS	n/a	n/a	DIN5
939.1480000000	n/a	n/a	STATUS	n/a	n/a	D255
939.5560000000	n/a	n/a	STATUS	n/a	n/a	D123
939.6040000000	n/a	n/a	STATUS	n/a	n/a	D255
939.6400000000	n/a	n/a	STATUS	n/a	n/a	DI52
939.6920000000	n/a	n/a	STATUS	n/a	n/a	D255
939.9440000000	n/a	n/a	STATUS	n/a	n/a	DI42
939.9920000000	n/a	n/a	STATUS	n/a	n/a	D255
940.2520000000	n/a	n/a	STATUS	n/a	n/a	DIN5
940.3040000000	n/a	n/a	STATUS	n/a	n/a	D255
940.7920000000	n/a	n/a	STATUS	n/a	n/a	D221
940.8440000000	n/a	n/a	STATUS	n/a	n/a	D255
940.8800000000	n/a	n/a	STATUS	n/a	n/a	DI54
940.9320000000	n/a	n/a	STATUS	n/a	n/a	D255
941.2160000000	n/a	n/a	STATUS	n/a	n/a	DI34
941.2680000000	n/a	n/a	STATUS	n/a	n/a	D255
941.5280000000	n/a	n/a	STATUS	n/a	n/a	DIN5
941.5760000000	n/a	n/a	STATUS	n/a	n/a	D255
941.9160000000	n/a	n/a	STATUS	n/a	n/a	D212
941.9680000000	n/a	n/a	STATUS	n/a	n/a	D255
942.0040000000	n/a	n/a	STATUS	n/a	n/a	DI53
942.0560000000	n/a	n/a	STATUS	n/a	n/a	D255
942.3280000000	n/a	n/a	STATUS	n/a	n/a	DI43
942.3760000000	n/a	n/a	STATUS	n/a	n/a	D255
942.6360000000	n/a	n/a	STATUS	n/a	n/a	DIN5
942.6840000000	n/a	n/a	STATUS	n/a	n/a	D255
943.1600000000	n/a	n/a	STATUS	n/a	n/a	D199
943.2120000000	n/a	n/a	STATUS	n/a	n/a	D255
943.2480000000	n/a	n/a	STATUS	n/a	n/a	DI54
943.3000000000	n/a	n/a	STATUS	n/a	n/a	D255
943.5680000000	n/a	n/a	STATUS	n/a	n/a	DI34
943.6200000000	n/a	n/a	STATUS	n/a	n/a	D255
943.8800000000	n/a	n/a	STATUS	n/a	n/a	DIN5
943.9280000000	n/a	n/a	STATUS	n/a	n/a	D255
944.3080000000	n/a	n/a	STATUS	n/a	n/a	D192
944.3560000000	n/a	n/a	STATUS	n/a	n/a	D255
944.3960000000	n/a	n/a	STATUS	n/a	n/a	DI53
944.4440000000	n/a	n/a	STATUS	n/a	n/a	D255
944.6760000000	n/a	n/a	STATUS	n/a	n/a	DI43
944.7240000000	n/a	n/a	STATUS	n/a	n/a	D255
944.9840000000	n/a	n/a	STATUS	n/a	n/a	DIN5
945.0360000000	n/a	n/a	STATUS	n/a	n/a	D255
945.4360000000	n/a	n/a	STATUS	n/a	n/a	D106
945.4840000000	n/a	n/a	STATUS	n/a	n/a	D255
945.5240000000	n/a	n/a	STATUS	n/a	n/a	DI53
945.5720000000	n/a	n/a	STATUS	n/a	n/a	D255
945.8440000000	n/a	n/a	STATUS	n/a	n/a	DI43
945.8920000000	n/a	n/a	STATUS	n/a	n/a	D255
946.1520000000	n/a	n/a	STATUS	n/a	n/a	DIN5
946.2040000000	n/a	n/a	STATUS	n/a	n/a	D255
946.5600000000	n/a	n/a	STATUS	n/a	n/a	D161
946.6120000000	n/a	n/a	STATUS	n/a	n/a	D255
946.6520000000	n/a	n/a	STATUS	n/a	n/a	DI53
946.7000000000	n/a	n/a	STATUS	n/a	n/a	D255
946.9240000000	n/a	n/a	STATUS	n/a	n/a	DI43
946.9760000000	n/a	n/a	STATUS	n/a	n/a	D255
947.2360000000	n/a	n/a	STATUS	n/a	n/a	DIN5
947.2840000000	n/a	n/a	STATUS	n/a	n/a	D255
947.7440000000	n/a	n/a	STATUS	n/a	n/a	D235
947.7960000000	n/a	n/a	STATUS	n/a	n/a	D255
947.8320000000	n/a	n/a	STATUS	n/a	n/a	DI51
947.8840000000	n/a	n/a	STATUS	n/a	n/a	D255
948.1120000000	n/a	n/a	STATUS	n/a	n/a	DI21
948.1640000000	n/a	n/a	STATUS	n/a	n/a	D255
948.1680000000	n/a	n/a	STATUS	n/a	n/a	DIN4
948.2160000000	n/a	n/a	STATUS	n/a	n/a	D255
948.9720000000	n/a	n/a	STATUS	n/a	n/a	DIN5
949.0240000000	n/a	n/a	STATUS	n/a	n/a	D255
949.4680000000	n/a	n/a	STATUS	n/a	n/a	D194
949.5200000000	n/a	n/a	STATUS	n/a	n/a	D255
949.5560000000	n/a	n/a	STATUS	n/a	n/a	DI51
949.6040000000	n/a	n/a	STATUS	n/a	n/a	D255
950.1200000000	n/a	n/a	STATUS	n/a	n/a	DI31
950.1680000000	n/a	n/a	STATUS	n/a	n/a	D255
950.4280000000	n/a	n/a	STATUS	n/a	n/a	DIN5
950.4800000000	n/a	n/a	STATUS	n/a	n/a	D255
950.9040000000	n/a	n/a	STATUS	n/a	n/a	D172
950.9520000000	n/a	n/a	STATUS	n/a	n/a	D255
950.9920000000	n/a	n/a	STATUS	n/a	n/a	DI52
951.0400000000	n/a	n/a	STATUS	n/a	n/a	D255
951.4080000000	n/a	n/a	STATUS	n/a	n/a	DI42
951.4560000000	n/a	n/a	STATUS	n/a	n/a	D255
951.7160000000	n/a	n/a	STATUS	n/a	n/a	DIN5
951.7680000000	n/a	n/a	STATUS	n/a	n/a	D255
952.1000000000	n/a	n/a	STATUS	n/a	n/a	D201
952.1520000000	n/a	n/a	STATUS	n/a	n/a	D255
952.1880000000	n/a	n/a	STATUS	n/a	n/a	DI52
952.2400000000	n/a	n/a	STATUS	n/a	n/a	D255
952.5680000000	n/a	n/a	STATUS	n/a	n/a	DI42
952.6200000000	n/a	n/a	STATUS	n/a	n/a	D255
952.8760000000	n/a	n/a	STATUS	n/a	n/a	DIN5
952.9280000000	n/a	n/a	STATUS	n/a	n/a	D255
953.3240000000	n/a	n/a	STATUS	n/a	n/a	D253
953.3720000000	n/a	n/a	STATUS	n/a	n/a	D255
953.4120000000	n/a	n/a	STATUS	n/a	n/a	DI52
953.4600000000	n/a	n/a	STATUS	n/a	n/a	D255
953.7880000000	n/a	n/a	STATUS	n/a	n/a	DI42
953.8360000000	n/a	n/a	STATUS	n/a	n/a	D255
954.0960000000	n/a	n/a	STATUS	n/a	n/a	DIN5
954.1480000000	n/a	n/a	STATUS	n/a	n/a	D255
954.5680000000	n/a	n/a	STATUS	n/a	n/a	D228
954.6160000000	n/a	n/a	STATUS	n/a	n/a	D255
954.6520000000	n/a	n/a	STATUS	n/a	n/a	DI53
954.7040000000	n/a	n/a	STATUS	n/a	n/a	D255
954.9640000000	n/a	n/a	STATUS	n/a	n/a	DI43
955.0160000000	n/a	n/a	STATUS	n/a	n/a	D255
955.2720000000	n/a	n/a	STATUS	n/a	n/a	DIN5
955.3240000000	n/a	n/a	STATUS	n/a	n/a	D255
955.6560000000	n/a	n/a	STATUS	n/a	n/a	D158
955.7080000000	n/a	n/a	STATUS	n/a	n/a	D255
955.7080000000	n/a	n/a	STATUS	n/a	n/a	D223
955.7440000000	n/a	n/a	STATUS	n/a	n/a	DI51
955.7960000000	n/a	n/a	STATUS	n/a	n/a	D255
956.0320000000	n/a	n/a	STATUS	n/a	n/a	DI21
956.0800000000	n/a	n/a	STATUS	n/a	n/a	D255
956.0840000000	n/a	n/a	STATUS	n/a	n/a	DIN4
956.1360000000	n/a	n/a	STATUS	n/a	n/a	D255
956.8880000000	n/a	n/a	STATUS	n/a	n/a	DIN5
956.9400000000	n/a	n/a	STATUS	n/a	n/a	D255
957.3600000000	n/a	n/a	STATUS	n/a	n/a	D108
957.4080000000	n/a	n/a	STATUS	n/a	n/a	D255
957.4480000000	n/a	n/a	STATUS	n/a	n/a	DI53
957.5000000000	n/a	n/a	STATUS	n/a	n/a	D255
957.7440000000	n/a	n/a	STATUS	n/a	n/a	DI43
957.7920000000	n/a	n/a	STATUS	n/a	n/a	D255
958.0520000000	n/a	n/a	STATUS	n/a	n/a	DIN5
958.1040000000	n/a	n/a	STATUS	n/a	n/a	D255
958.4880000000	n/a	n/a	STATUS	n/a	n/a	DI80
958.5400000000	n/a	n/a	STATUS	n/a	n/a	D255
958.5760000000	n/a	n/a	STATUS	n/a	n/a	DI53
958.6280000000	n/a	n/a	STATUS	n/a	n/a	D255
958.8520000000	n/a	n/a	STATUS	n/a	n/a	DI43
958.9040000000	n/a	n/a	STATUS	n/a	n/a	D255
959.1640000000	n/a	n/a	STATUS	n/a	n/a	DIN5
959.2120000000	n/a	n/a	STATUS	n/a	n/a	D255
959.6200000000	n/a	n/a	STATUS	n/a	n/a	D130
959.6720000000	n/a	n/a	STATUS	n/a	n/a	D255
959.7080000000	n/a	n/a	STATUS	n/a	n/a	DI51
959.7600000000	n/a	n/a	STATUS	n/a	n/a	D255
959.9400000000	n/a	n/a	STATUS	n/a	n/a	DI21
959.9920000000	n/a	n/a	STATUS	n/a	n/a	D255
959.9960000000	n/a	n/a	STATUS	n/a	n/a	DIN4
960.0440000000	n/a	n/a	STATUS	n/a	n/a	D255
960.8000000000	n/a	n/a	STATUS	n/a	n/a	DIN5
960.8520000000	n/a	n/a	STATUS	n/a	n/a	D255
961.1560000000	n/a	n/a	STATUS	n/a	n/a	D157
961.2040000000	n/a	n/a	STATUS	n/a	n/a	D255
961.2440000000	n/a	n/a	STATUS	n/a	n/a	DI51
961.2920000000	n/a	n/a	STATUS	n/a	n/a	D255
961.7800000000	n/a	n/a	STATUS	n/a	n/a	DI31
961.8320000000	n/a	n/a	STATUS	n/a	n/a	D255
962.0920000000	n/a	n/a	STATUS	n/a	n/a	DIN5
962.1400000000	n/a	n/a	STATUS	n/a	n/a	D255
962.6320000000	n/a	n/a	STATUS	n/a	n/a	D116
962.6800000000	n/a	n/a	STATUS	n/a	n/a	D255
962.7200000000	n/a	n/a	STATUS	n/a	n/a	DI54
962.7680000000	n/a	n/a	STATUS	n/a	n/a	D255
963.0920000000	n/a	n/a	STATUS	n/a	n/a	DI34
963.1400000000	n/a	n/a	STATUS	n/a	n/a	D255
963.4000000000	n/a	n/a	STATUS	n/a	n/a	DIN5
963.4520000000	n/a	n/a	STATUS	n/a	n/a	D255
963.7560000000	n/a	n/a	STATUS	n/a	n/a	D178
963.8040000000	n/a	n/a	STATUS	n/a	n/a	D255
963.8440000000	n/a	n/a	STATUS	n/a	n/a	DI54
963.8920000000	n/a	n/a	STATUS	n/a	n/a	D255
964.1920000000	n/a	n/a	STATUS	n/a	n/a	DI34
964.2400000000	n/a	n/a	STATUS	n/a	n/a	D255
964.5000000000	n/a	n/a	STATUS	n/a	n/a	DIN5
964.5520000000	n/a	n/a	STATUS	n/a	n/a	D255
964.8880000000	n/a	n/a	STATUS	n/a	n/a	DI71
964.9400000000	n/a	n/a	STATUS	n/a	n/a	D255
964.9760000000	n/a	n/a	STATUS	n/a	n/a	DI51
965.0280000000	n/a	n/a	STATUS	n/a	n/a	D255
965.2680000000	n/a	n/a	STATUS	n/a	n/a	DI21
965.3200000000	n/a	n/a	STATUS	n/a	n/a	D255
965.3200000000	n/a	n/a	STATUS	n/a	n/a	D213
965.3240000000	n/a	n/a	STATUS	n/a	n/a	DIN4
965.3760000000	n/a	n/a	STATUS	n/a	n/a	D255
966.1280000000	n/a	n/a	STATUS	n/a	n/a	DIN5
966.1800000000	n/a	n/a	STATUS	n/a	n/a	D255
966.5840000000	n/a	n/a	STATUS	n/a	n/a	D152
966.6360000000	n/a	n/a	STATUS	n/a	n/a	D255
966.6720000000	n/a	n/a	STATUS	n/a	n/a	DI52
966.7200000000	n/a	n/a	STATUS	n/a	n/a	D255
967.0920000000	n/a	n/a	STATUS	n/a	n/a	DI42
967.1400000000	n/a	n/a	STATUS	n/a	n/a	D255
967.4000000000	n/a	n/a	STATUS	n/a	n/a	DIN5
967.4520000000	n/a	n/a	STATUS	n/a	n/a	D255
967.8960000000	n/a	n/a	STATUS	n/a	n/a	DI69
967.9480000000	n/a	n/a	STATUS	n/a	n/a	D255
967.9840000000	n/a	n/a	STATUS	n/a	n/a	DI51
968.0360000000	n/a	n/a	STATUS	n/a	n/a	D255
968.4040000000	n/a	n/a	STATUS	n/a	n/a	DI31
968.4560000000	n/a	n/a	STATUS	n/a	n/a	D255
968.7120000000	n/a	n/a	STATUS	n/a	n/a	DIN5
968.7640000000	n/a	n/a	STATUS	n/a	n/a	D255
969.2480000000	n/a	n/a	STATUS	n/a	n/a	DI72
969.3000000000	n/a	n/a	STATUS	n/a	n/a	D255
969.3360000000	n/a	n/a	STATUS	n/a	n/a	DI51
969.3880000000	n/a	n/a	STATUS	n/a	n/a	D255
969.7680000000	n/a	n/a	STATUS	n/a	n/a	DI31
969.8200000000	n/a	n/a	STATUS	n/a	n/a	D255
970.0800000000	n/a	n/a	STATUS	n/a	n/a	DIN5
970.1280000000	n/a	n/a	STATUS	n/a	n/a	D255
970.5880000000	n/a	n/a	STATUS	n/a	n/a	D165
970.6400000000	n/a	n/a	STATUS	n/a	n/a	D255
970.6760000000	n/a	n/a	STATUS	n/a	n/a	DI51
970.7280000000	n/a	n/a	STATUS	n/a	n/a	D255
971.1920000000	n/a	n/a	STATUS	n/a	n/a	DI31
971.2440000000	n/a	n/a	STATUS	n/a	n/a	D255
971.5040000000	n/a	n/a	STATUS	n/a	n/a	DIN5
971.5520000000	n/a	n/a	STATUS	n/a	n/a	D255
971.9080000000	n/a	n/a	STATUS	n/a	n/a	D173
971.9560000000	n/a	n/a	STATUS	n/a	n/a	D255
971.9960000000	n/a	n/a	STATUS	n/a	n/a	DI54
972.0440000000	n/a	n/a	STATUS	n/a	n/a	D255
972.3240000000	n/a	n/a	STATUS	n/a	n/a	DI34
972.3760000000	n/a	n/a	STATUS	n/a	n/a	D255
972.6360000000	n/a	n/a	STATUS	n/a	n/a	DIN5
972.6840000000	n/a	n/a	STATUS	n/a	n/a	D255
973.1080000000	n/a	n/a	STATUS	n/a	n/a	D234
973.1600000000	n/a	n/a	STATUS	n/a	n/a	D255
973.1960000000	n/a	n/a	STATUS	n/a	n/a	DI51
973.2480000000	n/a	n/a	STATUS	n/a	n/a	D255
973.4960000000	n/a	n/a	STATUS	n/a	n/a	DI21
973.5440000000	n/a	n/a	STATUS	n/a	n/a	D255
973.5480000000	n/a	n/a	STATUS	n/a	n/a	DIN4
973.6000000000	n/a	n/a	STATUS	n/a	n/a	D255
974.3520000000	n/a	n/a	STATUS	n/a	n/a	DIN5
974.4040000000	n/a	n/a	STATUS	n/a	n/a	D255
974.8760000000	n/a	n/a	STATUS	n/a	n/a	D239
974.9240000000	n/a	n/a	STATUS	n/a	n/a	D255
974.9600000000	n/a	n/a	STATUS	n/a	n/a	DI53
975.0120000000	n/a	n/a	STATUS	n/a	n/a	D255
975.3360000000	n/a	n/a	STATUS	n/a	n/a	DI43
975.3840000000	n/a	n/a	STATUS	n/a	n/a	D255
975.6440000000	n/a	n/a	STATUS	n/a	n/a	DIN5
975.6960000000	n/a	n/a	STATUS	n/a	n/a	D255
976.1040000000	n/a	n/a	STATUS	n/a	n/a	D238
976.1560000000	n/a	n/a	STATUS	n/a	n/a	D255
976.1920000000	n/a	n/a	STATUS	n/a	n/a	DI54
976.2400000000	n/a	n/a	STATUS	n/a	n/a	D255
976.5800000000	n/a	n/a	STATUS	n/a	n/a	DI34
976.6280000000	n/a	n/a	STATUS	n/a	n/a	D255
976.8880000000	n/a	n/a	STATUS	n/a	n/a	DIN5
976.9360000000	n/a	n/a	STATUS	n/a	n/a	D255
977.3840000000	n/a	n/a	STATUS	n/a	n/a	D210
977.4320000000	n/a	n/a	STATUS	n/a	n/a	D255
977.4720000000	n/a	n/a	STATUS	n/a	n/a	DI51
977.5200000000	n/a	n/a	STATUS	n/a	n/a	D255
977.7400000000	n/a	n/a	STATUS	n/a	n/a	DI21
977.7880000000	n/a	n/a	STATUS	n/a	n/a	D255
977.7920000000	n/a	n/a	STATUS	n/a	n/a	DIN4
977.8440000000	n/a	n/a	STATUS	n/a	n/a	D255
978.6000000000	n/a	n/a	STATUS	n/a	n/a	DIN5
978.6480000000	n/a	n/a	STATUS	n/a	n/a	D255
979.0520000000	n/a	n/a	STATUS	n/a	n/a	D115
979.1040000000	n/a	n/a	STATUS	n/a	n/a	D255
979.1400000000	n/a	n/a	STATUS	n/a	n/a	DI51
979.1920000000	n/a	n/a	STATUS	n/a	n/a	D255
979.5720000000	n/a	n/a	STATUS	n/a	n/a	DI31
979.6240000000	n/a	n/a	STATUS	n/a	n/a	D255
979.8840000000	n/a	n/a	STATUS	n/a	n/a	DIN5
979.9320000000	n/a	n/a	STATUS	n/a	n/a	D255
980.3920000000	n/a	n/a	STATUS	n/a	n/a	D245
980.4440000000	n/a	n/a	STATUS	n/a	n/a	D255
980.4800000000	n/a	n/a	STATUS	n/a	n/a	DI53
980.5320000000	n/a	n/a	STATUS	n/a	n/a	D255
980.8840000000	n/a	n/a	STATUS	n/a	n/a	DI43
980.9320000000	n/a	n/a	STATUS	n/a	n/a	D255
981.1920000000	n/a	n/a	STATUS	n/a	n/a	DIN5
981.2440000000	n/a	n/a	STATUS	n/a	n/a	D255
981.6520000000	n/a	n/a	STATUS	n/a	n/a	DI68
981.7040000000	n/a	n/a	STATUS	n/a	n/a	D255
981.7400000000	n/a	n/a	STATUS	n/a	n/a	DI51
981.7880000000	n/a	n/a	STATUS	n/a	n/a	D255
982.1600000000	n/a	n/a	STATUS	n/a	n/a	DI31
982.2080000000	n/a	n/a	STATUS	n/a	n/a	D255
982.4680000000	n/a	n/a	STATUS	n/a	n/a	DIN5
982.5160000000	n/a	n/a	STATUS	n/a	n/a	D255
982.8960000000	n/a	n/a	STATUS	n/a	n/a	D135
982.9480000000	n/a	n/a	STATUS	n/a	n/a	D255
982.9840000000	n/a	n/a	STATUS	n/a	n/a	DI54
983.0360000000	n/a	n/a	STATUS	n/a	n/a	D255
983.3120000000	n/a	n/a	STATUS	n/a	n/a	DI34
983.3600000000	n/a	n/a	STATUS	n/a	n/a	D255
983.6200000000	n/a	n/a	STATUS	n/a	n/a	DIN5
983.6680000000	n/a	n/a	STATUS	n/a	n/a	D255
984.0400000000	n/a	n/a	STATUS	n/a	n/a	D111
984.0880000000	n/a	n/a	STATUS	n/a	n/a	D255
984.1280000000	n/a	n/a	STATUS	n/a	n/a	DI51
984.1760000000	n/a	n/a	STATUS	n/a	n/a	D255
984.4440000000	n/a	n/a	STATUS	n/a	n/a	DI21
984.4920000000	n/a	n/a	STATUS	n/a	n/a	D255
984.4960000000	n/a	n/a	STATUS	n/a	n/a	DIN4
984.5480000000	n/a	n/a	STATUS	n/a	n/a	D255
985.3040000000	n/a	n/a	STATUS	n/a	n/a	DIN5
985.3520000000	n/a	n/a	STATUS	n/a	n/a	D255
985.6680000000	n/a	n/a	STATUS	n/a	n/a	D133
985.7200000000	n/a	n/a	STATUS	n/a	n/a	D255
985.7560000000	n/a	n/a	STATUS	n/a	n/a	DI54
985.8040000000	n/a	n/a	STATUS	n/a	n/a	D255
986.1200000000	n/a	n/a	STATUS	n/a	n/a	DI34
986.1720000000	n/a	n/a	STATUS	n/a	n/a	D255
986.4320000000	n/a	n/a	STATUS	n/a	n/a	DIN5
986.4800000000	n/a	n/a	STATUS	n/a	n/a	D255
986.8400000000	n/a	n/a	STATUS	n/a	n/a	D240
986.8920000000	n/a	n/a	STATUS	n/a	n/a	D255
986.9280000000	n/a	n/a	STATUS	n/a	n/a	DI53
986.9760000000	n/a	n/a	STATUS	n/a	n/a	D255
987.3240000000	n/a	n/a	STATUS	n/a	n/a	DI43
987.3760000000	n/a	n/a	STATUS	n/a	n/a	D255
987.6360000000	n/a	n/a	STATUS	n/a	n/a	DIN5
987.6840000000	n/a	n/a	STATUS	n/a	n/a	D255
987.9960000000	n/a	n/a	STATUS	n/a	n/a	D105
988.0440000000	n/a	n/a	STATUS	n/a	n/a	D255
988.0840000000	n/a	n/a	STATUS	n/a	n/a	DI54
988.1320000000	n/a	n/a	STATUS	n/a	n/a	D255
988.4440000000	n/a	n/a	STATUS	n/a	n/a	DI34
988.4960000000	n/a	n/a	STATUS	n/a	n/a	D255
988.7560000000	n/a	n/a	STATUS	n/a	n/a	DIN5
988.8040000000	n/a	n/a	STATUS	n/a	n/a	D255
989.2360000000	n/a	n/a	STATUS	n/a	n/a	D109
989.2840000000	n/a	n/a	STATUS	n/a	n/a	D255
989.3240000000	n/a	n/a	STATUS	n/a	n/a	DI53
989.3720000000	n/a	n/a	STATUS	n/a	n/a	D255
989.6240000000	n/a	n/a	STATUS	n/a	n/a	DI43
989.6760000000	n/a	n/a	STATUS	n/a	n/a	D255
989.9360000000	n/a	n/a	STATUS	n/a	n/a	DIN5
989.9840000000	n/a	n/a	STATUS	n/a	n/a	D255
990.3040000000	n/a	n/a	STATUS	n/a	n/a	DI73
990.3560000000	n/a	n/a	STATUS	n/a	n/a	D255
990.3920000000	n/a	n/a	STATUS	n/a	n/a	DI52
990.4440000000	n/a	n/a	STATUS	n/a	n/a	D255
990.8040000000	n/a	n/a	STATUS	n/a	n/a	DI42
990.8560000000	n/a	n/a	STATUS	n/a	n/a	D255
991.1160000000	n/a	n/a	STATUS	n/a	n/a	DIN5
991.1640000000	n/a	n/a	STATUS	n/a	n/a	D255
991.5440000000	n/a	n/a	STATUS	n/a	n/a	D227
991.5960000000	n/a	n/a	STATUS	n/a	n/a	D255
991.6320000000	n/a	n/a	STATUS	n/a	n/a	DI51
991.6840000000	n/a	n/a	STATUS	n/a	n/a	D255
992.1680000000	n/a	n/a	STATUS	n/a	n/a	DI31
992.2200000000	n/a	n/a	STATUS	n/a	n/a	D255
992.4760000000	n/a	n/a	STATUS	n/a	n/a	DIN5
992.5280000000	n/a	n/a	STATUS	n/a	n/a	D255
992.9760000000	n/a	n/a	STATUS	n/a	n/a	D224
993.0280000000	n/a	n/a	STATUS	n/a	n/a	D255
993.0640000000	n/a	n/a	STATUS	n/a	n/a	DI51
993.1160000000	n/a	n/a	STATUS	n/a	n/a	D255
993.4720000000	n/a	n/a	STATUS	n/a	n/a	DI31
993.5200000000	n/a	n/a	STATUS	n/a	n/a	D255
993.7800000000	n/a	n/a	STATUS	n/a	n/a	DIN5
993.8320000000	n/a	n/a	STATUS	n/a	n/a	D255
994.2600000000	n/a	n/a	STATUS	n/a	n/a	D252
994.3080000000	n/a	n/a	STATUS	n/a	n/a	D255
994.3480000000	n/a	n/a	STATUS	n/a	n/a	DI54
994.3960000000	n/a	n/a	STATUS	n/a	n/a	D255
994.7680000000	n/a	n/a	STATUS	n/a	n/a	DI34
994.8200000000	n/a	n/a	STATUS	n/a	n/a	D255
995.0760000000	n/a	n/a	STATUS	n/a	n/a	DIN5
995.1280000000	n/a	n/a	STATUS	n/a	n/a	D255
995.5520000000	n/a	n/a	STATUS	n/a	n/a	D225
995.6040000000	n/a	n/a	STATUS	n/a	n/a	D255
995.6400000000	n/a	n/a	STATUS	n/a	n/a	DI52
995.6920000000	n/a	n/a	STATUS	n/a	n/a	D255
996.1000000000	n/a	n/a	STATUS	n/a	n/a	DI42
996.1520000000	n/a	n/a	STATUS	n/a	n/a	D255
