onset	duration	sample	trial_type	response_time	stim_file	value
89.0160000000	n/a	n/a	STATUS	n/a	n/a	DIN5
89.0680000000	n/a	n/a	STATUS	n/a	n/a	D255
89.4560000000	n/a	n/a	STATUS	n/a	n/a	D189
89.5080000000	n/a	n/a	STATUS	n/a	n/a	D255
89.5440000000	n/a	n/a	STATUS	n/a	n/a	DI54
89.5960000000	n/a	n/a	STATUS	n/a	n/a	D255
89.9200000000	n/a	n/a	STATUS	n/a	n/a	DI34
89.9680000000	n/a	n/a	STATUS	n/a	n/a	D255
90.2280000000	n/a	n/a	STATUS	n/a	n/a	DIN5
90.2800000000	n/a	n/a	STATUS	n/a	n/a	D255
90.7000000000	n/a	n/a	STATUS	n/a	n/a	D142
90.7480000000	n/a	n/a	STATUS	n/a	n/a	D255
90.7880000000	n/a	n/a	STATUS	n/a	n/a	DI51
90.8360000000	n/a	n/a	STATUS	n/a	n/a	D255
91.2200000000	n/a	n/a	STATUS	n/a	n/a	DI31
91.2720000000	n/a	n/a	STATUS	n/a	n/a	D255
91.5280000000	n/a	n/a	STATUS	n/a	n/a	DIN5
91.5800000000	n/a	n/a	STATUS	n/a	n/a	D255
91.9560000000	n/a	n/a	STATUS	n/a	n/a	D195
92.0040000000	n/a	n/a	STATUS	n/a	n/a	D255
92.0440000000	n/a	n/a	STATUS	n/a	n/a	DI52
92.0920000000	n/a	n/a	STATUS	n/a	n/a	D255
92.4480000000	n/a	n/a	STATUS	n/a	n/a	DI42
92.5000000000	n/a	n/a	STATUS	n/a	n/a	D255
92.7560000000	n/a	n/a	STATUS	n/a	n/a	DIN5
92.8080000000	n/a	n/a	STATUS	n/a	n/a	D255
93.2000000000	n/a	n/a	STATUS	n/a	n/a	D134
93.2520000000	n/a	n/a	STATUS	n/a	n/a	D255
93.2920000000	n/a	n/a	STATUS	n/a	n/a	DI52
93.3400000000	n/a	n/a	STATUS	n/a	n/a	D255
93.7160000000	n/a	n/a	STATUS	n/a	n/a	DI42
93.7640000000	n/a	n/a	STATUS	n/a	n/a	D255
94.0240000000	n/a	n/a	STATUS	n/a	n/a	DIN5
94.0760000000	n/a	n/a	STATUS	n/a	n/a	D255
94.5480000000	n/a	n/a	STATUS	n/a	n/a	DI71
94.6000000000	n/a	n/a	STATUS	n/a	n/a	D255
94.6360000000	n/a	n/a	STATUS	n/a	n/a	DI51
94.6880000000	n/a	n/a	STATUS	n/a	n/a	D255
95.1480000000	n/a	n/a	STATUS	n/a	n/a	DI31
95.2000000000	n/a	n/a	STATUS	n/a	n/a	D255
95.4560000000	n/a	n/a	STATUS	n/a	n/a	DIN5
95.5080000000	n/a	n/a	STATUS	n/a	n/a	D255
95.9840000000	n/a	n/a	STATUS	n/a	n/a	D242
96.0320000000	n/a	n/a	STATUS	n/a	n/a	D255
96.0720000000	n/a	n/a	STATUS	n/a	n/a	DI53
96.1200000000	n/a	n/a	STATUS	n/a	n/a	D255
97.1480000000	n/a	n/a	STATUS	n/a	n/a	DIN3
97.2000000000	n/a	n/a	STATUS	n/a	n/a	D255
97.9520000000	n/a	n/a	STATUS	n/a	n/a	DIN5
98.0040000000	n/a	n/a	STATUS	n/a	n/a	D255
98.4880000000	n/a	n/a	STATUS	n/a	n/a	D198
98.5360000000	n/a	n/a	STATUS	n/a	n/a	D255
98.5760000000	n/a	n/a	STATUS	n/a	n/a	DI52
98.6240000000	n/a	n/a	STATUS	n/a	n/a	D255
99.1960000000	n/a	n/a	STATUS	n/a	n/a	DI42
99.2480000000	n/a	n/a	STATUS	n/a	n/a	D255
99.5040000000	n/a	n/a	STATUS	n/a	n/a	DIN5
99.5560000000	n/a	n/a	STATUS	n/a	n/a	D255
99.9320000000	n/a	n/a	STATUS	n/a	n/a	D241
99.9800000000	n/a	n/a	STATUS	n/a	n/a	D255
100.0200000000	n/a	n/a	STATUS	n/a	n/a	DI54
100.0680000000	n/a	n/a	STATUS	n/a	n/a	D255
101.0960000000	n/a	n/a	STATUS	n/a	n/a	DIN3
101.1480000000	n/a	n/a	STATUS	n/a	n/a	D255
101.9000000000	n/a	n/a	STATUS	n/a	n/a	DIN5
101.9520000000	n/a	n/a	STATUS	n/a	n/a	D255
102.4480000000	n/a	n/a	STATUS	n/a	n/a	DI76
102.4960000000	n/a	n/a	STATUS	n/a	n/a	D255
102.5360000000	n/a	n/a	STATUS	n/a	n/a	DI52
102.5840000000	n/a	n/a	STATUS	n/a	n/a	D255
102.9960000000	n/a	n/a	STATUS	n/a	n/a	DI42
103.0480000000	n/a	n/a	STATUS	n/a	n/a	D255
103.3040000000	n/a	n/a	STATUS	n/a	n/a	DIN5
103.3560000000	n/a	n/a	STATUS	n/a	n/a	D255
103.7080000000	n/a	n/a	STATUS	n/a	n/a	D113
103.7600000000	n/a	n/a	STATUS	n/a	n/a	D255
103.7960000000	n/a	n/a	STATUS	n/a	n/a	DI53
103.8480000000	n/a	n/a	STATUS	n/a	n/a	D255
104.1280000000	n/a	n/a	STATUS	n/a	n/a	DI43
104.1760000000	n/a	n/a	STATUS	n/a	n/a	D255
104.4360000000	n/a	n/a	STATUS	n/a	n/a	DIN5
104.4840000000	n/a	n/a	STATUS	n/a	n/a	D255
104.8280000000	n/a	n/a	STATUS	n/a	n/a	D220
104.8800000000	n/a	n/a	STATUS	n/a	n/a	D255
104.9160000000	n/a	n/a	STATUS	n/a	n/a	DI51
104.9680000000	n/a	n/a	STATUS	n/a	n/a	D255
105.4440000000	n/a	n/a	STATUS	n/a	n/a	DI31
105.4960000000	n/a	n/a	STATUS	n/a	n/a	D255
105.7520000000	n/a	n/a	STATUS	n/a	n/a	DIN5
105.8040000000	n/a	n/a	STATUS	n/a	n/a	D255
106.2240000000	n/a	n/a	STATUS	n/a	n/a	D227
106.2720000000	n/a	n/a	STATUS	n/a	n/a	D255
106.3120000000	n/a	n/a	STATUS	n/a	n/a	DI51
106.3600000000	n/a	n/a	STATUS	n/a	n/a	D255
106.8960000000	n/a	n/a	STATUS	n/a	n/a	DI31
106.9440000000	n/a	n/a	STATUS	n/a	n/a	D255
107.2040000000	n/a	n/a	STATUS	n/a	n/a	DIN5
107.2520000000	n/a	n/a	STATUS	n/a	n/a	D255
107.6040000000	n/a	n/a	STATUS	n/a	n/a	D143
107.6520000000	n/a	n/a	STATUS	n/a	n/a	D255
107.6920000000	n/a	n/a	STATUS	n/a	n/a	DI53
107.7400000000	n/a	n/a	STATUS	n/a	n/a	D255
108.0800000000	n/a	n/a	STATUS	n/a	n/a	DI43
108.1320000000	n/a	n/a	STATUS	n/a	n/a	D255
108.3880000000	n/a	n/a	STATUS	n/a	n/a	DIN5
108.4400000000	n/a	n/a	STATUS	n/a	n/a	D255
108.8680000000	n/a	n/a	STATUS	n/a	n/a	D111
108.9200000000	n/a	n/a	STATUS	n/a	n/a	D255
108.9560000000	n/a	n/a	STATUS	n/a	n/a	DI53
109.0080000000	n/a	n/a	STATUS	n/a	n/a	D255
109.3480000000	n/a	n/a	STATUS	n/a	n/a	DI43
109.4000000000	n/a	n/a	STATUS	n/a	n/a	D255
109.6560000000	n/a	n/a	STATUS	n/a	n/a	DIN5
109.7080000000	n/a	n/a	STATUS	n/a	n/a	D255
110.1320000000	n/a	n/a	STATUS	n/a	n/a	D247
110.1840000000	n/a	n/a	STATUS	n/a	n/a	D255
110.2200000000	n/a	n/a	STATUS	n/a	n/a	DI52
110.2680000000	n/a	n/a	STATUS	n/a	n/a	D255
111.2920000000	n/a	n/a	STATUS	n/a	n/a	DIN3
111.3440000000	n/a	n/a	STATUS	n/a	n/a	D255
112.0960000000	n/a	n/a	STATUS	n/a	n/a	DIN5
112.1480000000	n/a	n/a	STATUS	n/a	n/a	D255
112.4960000000	n/a	n/a	STATUS	n/a	n/a	D159
112.5480000000	n/a	n/a	STATUS	n/a	n/a	D255
112.5840000000	n/a	n/a	STATUS	n/a	n/a	DI52
112.6360000000	n/a	n/a	STATUS	n/a	n/a	D255
113.0760000000	n/a	n/a	STATUS	n/a	n/a	DI42
113.1240000000	n/a	n/a	STATUS	n/a	n/a	D255
113.3840000000	n/a	n/a	STATUS	n/a	n/a	DIN5
113.4360000000	n/a	n/a	STATUS	n/a	n/a	D255
113.7440000000	n/a	n/a	STATUS	n/a	n/a	D231
113.7960000000	n/a	n/a	STATUS	n/a	n/a	D255
113.8320000000	n/a	n/a	STATUS	n/a	n/a	DI51
113.8800000000	n/a	n/a	STATUS	n/a	n/a	D255
114.4240000000	n/a	n/a	STATUS	n/a	n/a	DI31
114.4760000000	n/a	n/a	STATUS	n/a	n/a	D255
114.7320000000	n/a	n/a	STATUS	n/a	n/a	DIN5
114.7840000000	n/a	n/a	STATUS	n/a	n/a	D255
115.2440000000	n/a	n/a	STATUS	n/a	n/a	D253
115.2920000000	n/a	n/a	STATUS	n/a	n/a	D255
115.3320000000	n/a	n/a	STATUS	n/a	n/a	DI54
115.3800000000	n/a	n/a	STATUS	n/a	n/a	D255
116.4080000000	n/a	n/a	STATUS	n/a	n/a	DIN3
116.4560000000	n/a	n/a	STATUS	n/a	n/a	D255
117.2120000000	n/a	n/a	STATUS	n/a	n/a	DIN5
117.2600000000	n/a	n/a	STATUS	n/a	n/a	D255
117.7320000000	n/a	n/a	STATUS	n/a	n/a	D177
117.7800000000	n/a	n/a	STATUS	n/a	n/a	D255
117.8200000000	n/a	n/a	STATUS	n/a	n/a	DI52
117.8680000000	n/a	n/a	STATUS	n/a	n/a	D255
118.2480000000	n/a	n/a	STATUS	n/a	n/a	DI42
118.2960000000	n/a	n/a	STATUS	n/a	n/a	D255
118.5560000000	n/a	n/a	STATUS	n/a	n/a	DIN5
118.6080000000	n/a	n/a	STATUS	n/a	n/a	D255
119.0080000000	n/a	n/a	STATUS	n/a	n/a	D158
119.0560000000	n/a	n/a	STATUS	n/a	n/a	D255
119.0960000000	n/a	n/a	STATUS	n/a	n/a	DI52
119.1440000000	n/a	n/a	STATUS	n/a	n/a	D255
119.4920000000	n/a	n/a	STATUS	n/a	n/a	DI42
119.5400000000	n/a	n/a	STATUS	n/a	n/a	D255
119.8000000000	n/a	n/a	STATUS	n/a	n/a	DIN5
119.8520000000	n/a	n/a	STATUS	n/a	n/a	D255
120.3480000000	n/a	n/a	STATUS	n/a	n/a	D182
120.4000000000	n/a	n/a	STATUS	n/a	n/a	D255
120.4360000000	n/a	n/a	STATUS	n/a	n/a	DI54
120.4880000000	n/a	n/a	STATUS	n/a	n/a	D255
120.7720000000	n/a	n/a	STATUS	n/a	n/a	DI34
120.8200000000	n/a	n/a	STATUS	n/a	n/a	D255
121.0800000000	n/a	n/a	STATUS	n/a	n/a	DIN5
121.1280000000	n/a	n/a	STATUS	n/a	n/a	D255
121.5640000000	n/a	n/a	STATUS	n/a	n/a	D225
121.6160000000	n/a	n/a	STATUS	n/a	n/a	D255
121.6520000000	n/a	n/a	STATUS	n/a	n/a	DI51
121.7040000000	n/a	n/a	STATUS	n/a	n/a	D255
122.1560000000	n/a	n/a	STATUS	n/a	n/a	DI31
122.2040000000	n/a	n/a	STATUS	n/a	n/a	D255
122.4640000000	n/a	n/a	STATUS	n/a	n/a	DIN5
122.5120000000	n/a	n/a	STATUS	n/a	n/a	D255
122.9120000000	n/a	n/a	STATUS	n/a	n/a	DI90
122.9640000000	n/a	n/a	STATUS	n/a	n/a	D255
123.0000000000	n/a	n/a	STATUS	n/a	n/a	DI54
123.0520000000	n/a	n/a	STATUS	n/a	n/a	D255
123.3840000000	n/a	n/a	STATUS	n/a	n/a	DI34
123.4320000000	n/a	n/a	STATUS	n/a	n/a	D255
123.6920000000	n/a	n/a	STATUS	n/a	n/a	DIN5
123.7440000000	n/a	n/a	STATUS	n/a	n/a	D255
124.0920000000	n/a	n/a	STATUS	n/a	n/a	D200
124.1440000000	n/a	n/a	STATUS	n/a	n/a	D255
124.1800000000	n/a	n/a	STATUS	n/a	n/a	DI53
124.2320000000	n/a	n/a	STATUS	n/a	n/a	D255
124.5360000000	n/a	n/a	STATUS	n/a	n/a	DI43
124.5840000000	n/a	n/a	STATUS	n/a	n/a	D255
124.8440000000	n/a	n/a	STATUS	n/a	n/a	DIN5
124.8960000000	n/a	n/a	STATUS	n/a	n/a	D255
125.3600000000	n/a	n/a	STATUS	n/a	n/a	D115
125.4080000000	n/a	n/a	STATUS	n/a	n/a	D255
125.4480000000	n/a	n/a	STATUS	n/a	n/a	DI54
125.4960000000	n/a	n/a	STATUS	n/a	n/a	D255
125.8440000000	n/a	n/a	STATUS	n/a	n/a	DI34
125.8920000000	n/a	n/a	STATUS	n/a	n/a	D255
126.1520000000	n/a	n/a	STATUS	n/a	n/a	DIN5
126.2040000000	n/a	n/a	STATUS	n/a	n/a	D255
126.6880000000	n/a	n/a	STATUS	n/a	n/a	D235
126.7360000000	n/a	n/a	STATUS	n/a	n/a	D255
126.7760000000	n/a	n/a	STATUS	n/a	n/a	DI53
126.8240000000	n/a	n/a	STATUS	n/a	n/a	D255
127.7520000000	n/a	n/a	STATUS	n/a	n/a	DI43
127.8040000000	n/a	n/a	STATUS	n/a	n/a	D255
128.0600000000	n/a	n/a	STATUS	n/a	n/a	DIN5
128.1120000000	n/a	n/a	STATUS	n/a	n/a	D255
128.4360000000	n/a	n/a	STATUS	n/a	n/a	D104
128.4880000000	n/a	n/a	STATUS	n/a	n/a	D255
128.5240000000	n/a	n/a	STATUS	n/a	n/a	DI54
128.5720000000	n/a	n/a	STATUS	n/a	n/a	D255
129.0360000000	n/a	n/a	STATUS	n/a	n/a	DI34
129.0840000000	n/a	n/a	STATUS	n/a	n/a	D255
129.3440000000	n/a	n/a	STATUS	n/a	n/a	DIN5
129.3960000000	n/a	n/a	STATUS	n/a	n/a	D255
129.7280000000	n/a	n/a	STATUS	n/a	n/a	DI80
129.7800000000	n/a	n/a	STATUS	n/a	n/a	D255
129.8160000000	n/a	n/a	STATUS	n/a	n/a	DI53
129.8680000000	n/a	n/a	STATUS	n/a	n/a	D255
130.1840000000	n/a	n/a	STATUS	n/a	n/a	DI43
130.2360000000	n/a	n/a	STATUS	n/a	n/a	D255
130.4920000000	n/a	n/a	STATUS	n/a	n/a	DIN5
130.5440000000	n/a	n/a	STATUS	n/a	n/a	D255
130.8880000000	n/a	n/a	STATUS	n/a	n/a	DI66
130.9400000000	n/a	n/a	STATUS	n/a	n/a	D255
130.9760000000	n/a	n/a	STATUS	n/a	n/a	DI51
131.0280000000	n/a	n/a	STATUS	n/a	n/a	D255
131.3920000000	n/a	n/a	STATUS	n/a	n/a	DI31
131.4400000000	n/a	n/a	STATUS	n/a	n/a	D255
131.7000000000	n/a	n/a	STATUS	n/a	n/a	DIN5
131.7520000000	n/a	n/a	STATUS	n/a	n/a	D255
132.2240000000	n/a	n/a	STATUS	n/a	n/a	D193
132.2760000000	n/a	n/a	STATUS	n/a	n/a	D255
132.2760000000	n/a	n/a	STATUS	n/a	n/a	D235
132.3120000000	n/a	n/a	STATUS	n/a	n/a	DI51
132.3640000000	n/a	n/a	STATUS	n/a	n/a	D255
132.7840000000	n/a	n/a	STATUS	n/a	n/a	DI31
132.8360000000	n/a	n/a	STATUS	n/a	n/a	D255
133.0920000000	n/a	n/a	STATUS	n/a	n/a	DIN5
133.1440000000	n/a	n/a	STATUS	n/a	n/a	D255
133.6440000000	n/a	n/a	STATUS	n/a	n/a	D230
133.6920000000	n/a	n/a	STATUS	n/a	n/a	D255
133.7320000000	n/a	n/a	STATUS	n/a	n/a	DI54
133.7800000000	n/a	n/a	STATUS	n/a	n/a	D255
134.2480000000	n/a	n/a	STATUS	n/a	n/a	DI34
134.3000000000	n/a	n/a	STATUS	n/a	n/a	D255
134.5600000000	n/a	n/a	STATUS	n/a	n/a	DIN5
134.6080000000	n/a	n/a	STATUS	n/a	n/a	D255
134.9600000000	n/a	n/a	STATUS	n/a	n/a	D185
135.0080000000	n/a	n/a	STATUS	n/a	n/a	D255
135.0440000000	n/a	n/a	STATUS	n/a	n/a	DI51
135.0960000000	n/a	n/a	STATUS	n/a	n/a	D255
135.5480000000	n/a	n/a	STATUS	n/a	n/a	DI31
135.6000000000	n/a	n/a	STATUS	n/a	n/a	D255
135.8600000000	n/a	n/a	STATUS	n/a	n/a	DIN5
135.9080000000	n/a	n/a	STATUS	n/a	n/a	D255
136.4080000000	n/a	n/a	STATUS	n/a	n/a	D160
136.4560000000	n/a	n/a	STATUS	n/a	n/a	D255
136.4960000000	n/a	n/a	STATUS	n/a	n/a	DI52
136.5440000000	n/a	n/a	STATUS	n/a	n/a	D255
136.8920000000	n/a	n/a	STATUS	n/a	n/a	DI42
136.9440000000	n/a	n/a	STATUS	n/a	n/a	D255
137.2000000000	n/a	n/a	STATUS	n/a	n/a	DIN5
137.2520000000	n/a	n/a	STATUS	n/a	n/a	D255
137.6920000000	n/a	n/a	STATUS	n/a	n/a	DI88
137.7400000000	n/a	n/a	STATUS	n/a	n/a	D255
137.7800000000	n/a	n/a	STATUS	n/a	n/a	DI53
137.8280000000	n/a	n/a	STATUS	n/a	n/a	D255
138.8480000000	n/a	n/a	STATUS	n/a	n/a	DIN3
138.9000000000	n/a	n/a	STATUS	n/a	n/a	D255
139.6520000000	n/a	n/a	STATUS	n/a	n/a	DIN5
139.7040000000	n/a	n/a	STATUS	n/a	n/a	D255
256.5960000000	n/a	n/a	STATUS	n/a	n/a	DIN5
256.6480000000	n/a	n/a	STATUS	n/a	n/a	D255
257.0640000000	n/a	n/a	STATUS	n/a	n/a	D194
257.1120000000	n/a	n/a	STATUS	n/a	n/a	D255
257.1120000000	n/a	n/a	STATUS	n/a	n/a	D243
257.1640000000	n/a	n/a	STATUS	n/a	n/a	DI52
257.2120000000	n/a	n/a	STATUS	n/a	n/a	D255
257.6320000000	n/a	n/a	STATUS	n/a	n/a	DI42
257.6800000000	n/a	n/a	STATUS	n/a	n/a	D255
257.9640000000	n/a	n/a	STATUS	n/a	n/a	DIN5
258.0120000000	n/a	n/a	STATUS	n/a	n/a	D255
258.5120000000	n/a	n/a	STATUS	n/a	n/a	D175
258.5640000000	n/a	n/a	STATUS	n/a	n/a	D255
258.6120000000	n/a	n/a	STATUS	n/a	n/a	DI52
258.6640000000	n/a	n/a	STATUS	n/a	n/a	D255
259.0320000000	n/a	n/a	STATUS	n/a	n/a	DI42
259.0800000000	n/a	n/a	STATUS	n/a	n/a	D255
259.3640000000	n/a	n/a	STATUS	n/a	n/a	DIN5
259.4120000000	n/a	n/a	STATUS	n/a	n/a	D255
259.9120000000	n/a	n/a	STATUS	n/a	n/a	D220
259.9640000000	n/a	n/a	STATUS	n/a	n/a	D255
260.0120000000	n/a	n/a	STATUS	n/a	n/a	DI54
260.0640000000	n/a	n/a	STATUS	n/a	n/a	D255
260.3880000000	n/a	n/a	STATUS	n/a	n/a	DI34
260.4360000000	n/a	n/a	STATUS	n/a	n/a	D239
260.4400000000	n/a	n/a	STATUS	n/a	n/a	D255
260.7120000000	n/a	n/a	STATUS	n/a	n/a	DIN5
260.7600000000	n/a	n/a	STATUS	n/a	n/a	D255
261.0800000000	n/a	n/a	STATUS	n/a	n/a	D225
261.1280000000	n/a	n/a	STATUS	n/a	n/a	D255
261.1800000000	n/a	n/a	STATUS	n/a	n/a	DI52
261.2280000000	n/a	n/a	STATUS	n/a	n/a	D255
261.6000000000	n/a	n/a	STATUS	n/a	n/a	DI42
261.6520000000	n/a	n/a	STATUS	n/a	n/a	D255
261.9280000000	n/a	n/a	STATUS	n/a	n/a	DIN5
261.9800000000	n/a	n/a	STATUS	n/a	n/a	D255
262.4760000000	n/a	n/a	STATUS	n/a	n/a	D135
262.5280000000	n/a	n/a	STATUS	n/a	n/a	D255
262.5760000000	n/a	n/a	STATUS	n/a	n/a	DI51
262.6280000000	n/a	n/a	STATUS	n/a	n/a	D255
263.0120000000	n/a	n/a	STATUS	n/a	n/a	DI31
263.0640000000	n/a	n/a	STATUS	n/a	n/a	D255
263.3440000000	n/a	n/a	STATUS	n/a	n/a	DIN5
263.3960000000	n/a	n/a	STATUS	n/a	n/a	D255
263.8280000000	n/a	n/a	STATUS	n/a	n/a	D130
263.8760000000	n/a	n/a	STATUS	n/a	n/a	D255
263.9280000000	n/a	n/a	STATUS	n/a	n/a	DI52
263.9760000000	n/a	n/a	STATUS	n/a	n/a	D255
264.4600000000	n/a	n/a	STATUS	n/a	n/a	DI42
264.5120000000	n/a	n/a	STATUS	n/a	n/a	D255
264.7920000000	n/a	n/a	STATUS	n/a	n/a	DIN5
264.8440000000	n/a	n/a	STATUS	n/a	n/a	D255
265.3080000000	n/a	n/a	STATUS	n/a	n/a	D197
265.3600000000	n/a	n/a	STATUS	n/a	n/a	D255
265.4080000000	n/a	n/a	STATUS	n/a	n/a	DI51
265.4600000000	n/a	n/a	STATUS	n/a	n/a	D255
265.8160000000	n/a	n/a	STATUS	n/a	n/a	DI31
265.8640000000	n/a	n/a	STATUS	n/a	n/a	D255
266.1440000000	n/a	n/a	STATUS	n/a	n/a	DIN5
266.1920000000	n/a	n/a	STATUS	n/a	n/a	D255
266.5600000000	n/a	n/a	STATUS	n/a	n/a	DI86
266.6080000000	n/a	n/a	STATUS	n/a	n/a	D255
266.6600000000	n/a	n/a	STATUS	n/a	n/a	DI52
266.7080000000	n/a	n/a	STATUS	n/a	n/a	D255
267.0960000000	n/a	n/a	STATUS	n/a	n/a	DI42
267.1440000000	n/a	n/a	STATUS	n/a	n/a	D255
267.4240000000	n/a	n/a	STATUS	n/a	n/a	DIN5
267.4760000000	n/a	n/a	STATUS	n/a	n/a	D255
267.8920000000	n/a	n/a	STATUS	n/a	n/a	D224
267.9440000000	n/a	n/a	STATUS	n/a	n/a	D255
267.9920000000	n/a	n/a	STATUS	n/a	n/a	DI51
268.0440000000	n/a	n/a	STATUS	n/a	n/a	D255
268.4040000000	n/a	n/a	STATUS	n/a	n/a	DI31
268.4560000000	n/a	n/a	STATUS	n/a	n/a	D255
268.7240000000	n/a	n/a	STATUS	n/a	n/a	DIN5
268.7760000000	n/a	n/a	STATUS	n/a	n/a	D255
269.2760000000	n/a	n/a	STATUS	n/a	n/a	D203
269.3240000000	n/a	n/a	STATUS	n/a	n/a	D255
269.3760000000	n/a	n/a	STATUS	n/a	n/a	DI54
269.4240000000	n/a	n/a	STATUS	n/a	n/a	D255
269.7680000000	n/a	n/a	STATUS	n/a	n/a	DI34
269.8160000000	n/a	n/a	STATUS	n/a	n/a	D255
270.0920000000	n/a	n/a	STATUS	n/a	n/a	DIN5
270.1400000000	n/a	n/a	STATUS	n/a	n/a	D255
270.5920000000	n/a	n/a	STATUS	n/a	n/a	D119
270.6400000000	n/a	n/a	STATUS	n/a	n/a	D255
270.6920000000	n/a	n/a	STATUS	n/a	n/a	DI53
270.7400000000	n/a	n/a	STATUS	n/a	n/a	D255
271.0600000000	n/a	n/a	STATUS	n/a	n/a	DI43
271.1080000000	n/a	n/a	STATUS	n/a	n/a	D255
271.3920000000	n/a	n/a	STATUS	n/a	n/a	DIN5
271.4400000000	n/a	n/a	STATUS	n/a	n/a	D255
271.8560000000	n/a	n/a	STATUS	n/a	n/a	D226
271.9080000000	n/a	n/a	STATUS	n/a	n/a	D255
271.9560000000	n/a	n/a	STATUS	n/a	n/a	DI52
272.0080000000	n/a	n/a	STATUS	n/a	n/a	D255
272.4400000000	n/a	n/a	STATUS	n/a	n/a	DI42
272.4920000000	n/a	n/a	STATUS	n/a	n/a	D255
272.7720000000	n/a	n/a	STATUS	n/a	n/a	DIN5
272.8240000000	n/a	n/a	STATUS	n/a	n/a	D255
273.2240000000	n/a	n/a	STATUS	n/a	n/a	D147
273.2720000000	n/a	n/a	STATUS	n/a	n/a	D255
273.3240000000	n/a	n/a	STATUS	n/a	n/a	DI54
273.3720000000	n/a	n/a	STATUS	n/a	n/a	D255
273.7720000000	n/a	n/a	STATUS	n/a	n/a	DI34
273.8240000000	n/a	n/a	STATUS	n/a	n/a	D255
274.1080000000	n/a	n/a	STATUS	n/a	n/a	DIN5
274.1560000000	n/a	n/a	STATUS	n/a	n/a	D255
274.6720000000	n/a	n/a	STATUS	n/a	n/a	D210
274.7240000000	n/a	n/a	STATUS	n/a	n/a	D255
274.7720000000	n/a	n/a	STATUS	n/a	n/a	DI53
274.8240000000	n/a	n/a	STATUS	n/a	n/a	D255
275.1720000000	n/a	n/a	STATUS	n/a	n/a	DI43
275.2240000000	n/a	n/a	STATUS	n/a	n/a	D255
275.5040000000	n/a	n/a	STATUS	n/a	n/a	DIN5
275.5560000000	n/a	n/a	STATUS	n/a	n/a	D255
275.9560000000	n/a	n/a	STATUS	n/a	n/a	D158
276.0040000000	n/a	n/a	STATUS	n/a	n/a	D255
276.0560000000	n/a	n/a	STATUS	n/a	n/a	DI53
276.1040000000	n/a	n/a	STATUS	n/a	n/a	D255
276.4120000000	n/a	n/a	STATUS	n/a	n/a	DI43
276.4640000000	n/a	n/a	STATUS	n/a	n/a	D255
276.7400000000	n/a	n/a	STATUS	n/a	n/a	DIN5
276.7880000000	n/a	n/a	STATUS	n/a	n/a	D255
277.2560000000	n/a	n/a	STATUS	n/a	n/a	D254
277.3040000000	n/a	n/a	STATUS	n/a	n/a	D255
277.3560000000	n/a	n/a	STATUS	n/a	n/a	DI54
277.4040000000	n/a	n/a	STATUS	n/a	n/a	D255
277.7240000000	n/a	n/a	STATUS	n/a	n/a	DI34
277.7760000000	n/a	n/a	STATUS	n/a	n/a	D255
278.0560000000	n/a	n/a	STATUS	n/a	n/a	DIN5
278.1040000000	n/a	n/a	STATUS	n/a	n/a	D255
278.5880000000	n/a	n/a	STATUS	n/a	n/a	D168
278.6360000000	n/a	n/a	STATUS	n/a	n/a	D255
278.6880000000	n/a	n/a	STATUS	n/a	n/a	DI54
278.7360000000	n/a	n/a	STATUS	n/a	n/a	D255
279.0480000000	n/a	n/a	STATUS	n/a	n/a	DI34
279.0960000000	n/a	n/a	STATUS	n/a	n/a	D255
279.3720000000	n/a	n/a	STATUS	n/a	n/a	DIN5
279.4200000000	n/a	n/a	STATUS	n/a	n/a	D255
279.4200000000	n/a	n/a	STATUS	n/a	n/a	D229
279.8360000000	n/a	n/a	STATUS	n/a	n/a	D182
279.8880000000	n/a	n/a	STATUS	n/a	n/a	D255
279.9360000000	n/a	n/a	STATUS	n/a	n/a	DI52
279.9880000000	n/a	n/a	STATUS	n/a	n/a	D255
280.3640000000	n/a	n/a	STATUS	n/a	n/a	DI42
280.4160000000	n/a	n/a	STATUS	n/a	n/a	D255
280.6880000000	n/a	n/a	STATUS	n/a	n/a	DIN5
280.7360000000	n/a	n/a	STATUS	n/a	n/a	D255
281.0880000000	n/a	n/a	STATUS	n/a	n/a	D133
281.1360000000	n/a	n/a	STATUS	n/a	n/a	D255
281.1880000000	n/a	n/a	STATUS	n/a	n/a	DI53
281.2360000000	n/a	n/a	STATUS	n/a	n/a	D255
281.6880000000	n/a	n/a	STATUS	n/a	n/a	DI43
281.7360000000	n/a	n/a	STATUS	n/a	n/a	D255
282.0200000000	n/a	n/a	STATUS	n/a	n/a	DIN5
282.0680000000	n/a	n/a	STATUS	n/a	n/a	D255
282.4200000000	n/a	n/a	STATUS	n/a	n/a	D131
282.4680000000	n/a	n/a	STATUS	n/a	n/a	D255
282.5200000000	n/a	n/a	STATUS	n/a	n/a	DI51
282.5680000000	n/a	n/a	STATUS	n/a	n/a	D255
282.9480000000	n/a	n/a	STATUS	n/a	n/a	DI31
283.0000000000	n/a	n/a	STATUS	n/a	n/a	D255
283.2680000000	n/a	n/a	STATUS	n/a	n/a	DIN5
283.3200000000	n/a	n/a	STATUS	n/a	n/a	D255
283.8040000000	n/a	n/a	STATUS	n/a	n/a	D188
283.8520000000	n/a	n/a	STATUS	n/a	n/a	D255
283.9040000000	n/a	n/a	STATUS	n/a	n/a	DI53
283.9520000000	n/a	n/a	STATUS	n/a	n/a	D255
284.2560000000	n/a	n/a	STATUS	n/a	n/a	DI43
284.3080000000	n/a	n/a	STATUS	n/a	n/a	D255
284.5840000000	n/a	n/a	STATUS	n/a	n/a	DIN5
284.6360000000	n/a	n/a	STATUS	n/a	n/a	D255
284.9680000000	n/a	n/a	STATUS	n/a	n/a	D103
285.0200000000	n/a	n/a	STATUS	n/a	n/a	D255
285.0680000000	n/a	n/a	STATUS	n/a	n/a	DI51
285.1200000000	n/a	n/a	STATUS	n/a	n/a	D255
285.5040000000	n/a	n/a	STATUS	n/a	n/a	DI31
285.5520000000	n/a	n/a	STATUS	n/a	n/a	D255
285.8360000000	n/a	n/a	STATUS	n/a	n/a	DIN5
285.8840000000	n/a	n/a	STATUS	n/a	n/a	D255
286.3520000000	n/a	n/a	STATUS	n/a	n/a	DI82
286.4000000000	n/a	n/a	STATUS	n/a	n/a	D255
286.4520000000	n/a	n/a	STATUS	n/a	n/a	DI53
286.5000000000	n/a	n/a	STATUS	n/a	n/a	D255
286.8200000000	n/a	n/a	STATUS	n/a	n/a	DI43
286.8680000000	n/a	n/a	STATUS	n/a	n/a	D255
287.1520000000	n/a	n/a	STATUS	n/a	n/a	DIN5
287.2000000000	n/a	n/a	STATUS	n/a	n/a	D255
287.6000000000	n/a	n/a	STATUS	n/a	n/a	D228
287.6520000000	n/a	n/a	STATUS	n/a	n/a	D255
287.7000000000	n/a	n/a	STATUS	n/a	n/a	DI51
287.7520000000	n/a	n/a	STATUS	n/a	n/a	D255
288.1320000000	n/a	n/a	STATUS	n/a	n/a	DI31
288.1800000000	n/a	n/a	STATUS	n/a	n/a	D255
288.4680000000	n/a	n/a	STATUS	n/a	n/a	DIN5
288.5160000000	n/a	n/a	STATUS	n/a	n/a	D255
289.0320000000	n/a	n/a	STATUS	n/a	n/a	D185
289.0840000000	n/a	n/a	STATUS	n/a	n/a	D255
289.1320000000	n/a	n/a	STATUS	n/a	n/a	DI53
289.1840000000	n/a	n/a	STATUS	n/a	n/a	D255
289.4440000000	n/a	n/a	STATUS	n/a	n/a	DI43
289.4920000000	n/a	n/a	STATUS	n/a	n/a	D255
289.7680000000	n/a	n/a	STATUS	n/a	n/a	DIN5
289.8160000000	n/a	n/a	STATUS	n/a	n/a	D255
290.1680000000	n/a	n/a	STATUS	n/a	n/a	D143
290.2160000000	n/a	n/a	STATUS	n/a	n/a	D255
290.2680000000	n/a	n/a	STATUS	n/a	n/a	DI53
290.3160000000	n/a	n/a	STATUS	n/a	n/a	D255
290.6320000000	n/a	n/a	STATUS	n/a	n/a	DI43
290.6800000000	n/a	n/a	STATUS	n/a	n/a	D255
290.9680000000	n/a	n/a	STATUS	n/a	n/a	DIN5
291.0160000000	n/a	n/a	STATUS	n/a	n/a	D255
291.4640000000	n/a	n/a	STATUS	n/a	n/a	D229
291.5160000000	n/a	n/a	STATUS	n/a	n/a	D255
291.5640000000	n/a	n/a	STATUS	n/a	n/a	DI53
291.6160000000	n/a	n/a	STATUS	n/a	n/a	D255
291.9160000000	n/a	n/a	STATUS	n/a	n/a	DI43
291.9640000000	n/a	n/a	STATUS	n/a	n/a	D255
292.2480000000	n/a	n/a	STATUS	n/a	n/a	DIN5
292.3000000000	n/a	n/a	STATUS	n/a	n/a	D255
292.8160000000	n/a	n/a	STATUS	n/a	n/a	D208
292.8640000000	n/a	n/a	STATUS	n/a	n/a	D255
292.9160000000	n/a	n/a	STATUS	n/a	n/a	DI53
292.9640000000	n/a	n/a	STATUS	n/a	n/a	D255
293.2360000000	n/a	n/a	STATUS	n/a	n/a	DI43
293.2840000000	n/a	n/a	STATUS	n/a	n/a	D255
293.5640000000	n/a	n/a	STATUS	n/a	n/a	DIN5
293.6160000000	n/a	n/a	STATUS	n/a	n/a	D255
294.0640000000	n/a	n/a	STATUS	n/a	n/a	D109
294.1160000000	n/a	n/a	STATUS	n/a	n/a	D255
294.1640000000	n/a	n/a	STATUS	n/a	n/a	DI51
294.2160000000	n/a	n/a	STATUS	n/a	n/a	D255
294.5600000000	n/a	n/a	STATUS	n/a	n/a	DI31
294.6120000000	n/a	n/a	STATUS	n/a	n/a	D255
294.8960000000	n/a	n/a	STATUS	n/a	n/a	DIN5
294.9480000000	n/a	n/a	STATUS	n/a	n/a	D255
294.9480000000	n/a	n/a	STATUS	n/a	n/a	D239
295.2640000000	n/a	n/a	STATUS	n/a	n/a	D122
295.3160000000	n/a	n/a	STATUS	n/a	n/a	D255
295.3640000000	n/a	n/a	STATUS	n/a	n/a	DI53
295.4160000000	n/a	n/a	STATUS	n/a	n/a	D255
295.7680000000	n/a	n/a	STATUS	n/a	n/a	DI43
295.8200000000	n/a	n/a	STATUS	n/a	n/a	D255
296.0960000000	n/a	n/a	STATUS	n/a	n/a	DIN5
296.1480000000	n/a	n/a	STATUS	n/a	n/a	D255
296.5800000000	n/a	n/a	STATUS	n/a	n/a	D121
296.6320000000	n/a	n/a	STATUS	n/a	n/a	D255
296.6800000000	n/a	n/a	STATUS	n/a	n/a	DI52
296.7320000000	n/a	n/a	STATUS	n/a	n/a	D255
297.1800000000	n/a	n/a	STATUS	n/a	n/a	DI12
297.2320000000	n/a	n/a	STATUS	n/a	n/a	D255
297.2480000000	n/a	n/a	STATUS	n/a	n/a	DIN4
297.2960000000	n/a	n/a	STATUS	n/a	n/a	D255
298.0640000000	n/a	n/a	STATUS	n/a	n/a	DIN5
298.1120000000	n/a	n/a	STATUS	n/a	n/a	D255
298.4280000000	n/a	n/a	STATUS	n/a	n/a	D104
298.4800000000	n/a	n/a	STATUS	n/a	n/a	D255
298.5280000000	n/a	n/a	STATUS	n/a	n/a	DI52
298.5800000000	n/a	n/a	STATUS	n/a	n/a	D255
299.0280000000	n/a	n/a	STATUS	n/a	n/a	DI42
299.0800000000	n/a	n/a	STATUS	n/a	n/a	D255
299.3640000000	n/a	n/a	STATUS	n/a	n/a	DIN5
299.4120000000	n/a	n/a	STATUS	n/a	n/a	D255
299.8800000000	n/a	n/a	STATUS	n/a	n/a	D167
299.9280000000	n/a	n/a	STATUS	n/a	n/a	D255
299.9800000000	n/a	n/a	STATUS	n/a	n/a	DI54
300.0280000000	n/a	n/a	STATUS	n/a	n/a	D255
300.3600000000	n/a	n/a	STATUS	n/a	n/a	DI34
300.4080000000	n/a	n/a	STATUS	n/a	n/a	D255
300.6960000000	n/a	n/a	STATUS	n/a	n/a	DIN5
300.7440000000	n/a	n/a	STATUS	n/a	n/a	D255
301.1280000000	n/a	n/a	STATUS	n/a	n/a	D191
301.1800000000	n/a	n/a	STATUS	n/a	n/a	D255
301.2280000000	n/a	n/a	STATUS	n/a	n/a	DI53
301.2800000000	n/a	n/a	STATUS	n/a	n/a	D255
301.6320000000	n/a	n/a	STATUS	n/a	n/a	DI43
301.6840000000	n/a	n/a	STATUS	n/a	n/a	D255
301.9600000000	n/a	n/a	STATUS	n/a	n/a	DIN5
302.0120000000	n/a	n/a	STATUS	n/a	n/a	D255
302.4960000000	n/a	n/a	STATUS	n/a	n/a	D153
302.5440000000	n/a	n/a	STATUS	n/a	n/a	D255
302.5960000000	n/a	n/a	STATUS	n/a	n/a	DI53
302.6440000000	n/a	n/a	STATUS	n/a	n/a	D255
302.9480000000	n/a	n/a	STATUS	n/a	n/a	DI43
303.0000000000	n/a	n/a	STATUS	n/a	n/a	D255
303.2760000000	n/a	n/a	STATUS	n/a	n/a	DIN5
303.3280000000	n/a	n/a	STATUS	n/a	n/a	D255
303.7760000000	n/a	n/a	STATUS	n/a	n/a	D204
303.8280000000	n/a	n/a	STATUS	n/a	n/a	D255
303.8760000000	n/a	n/a	STATUS	n/a	n/a	DI53
303.9280000000	n/a	n/a	STATUS	n/a	n/a	D255
304.2240000000	n/a	n/a	STATUS	n/a	n/a	DI43
304.2760000000	n/a	n/a	STATUS	n/a	n/a	D255
304.5600000000	n/a	n/a	STATUS	n/a	n/a	DIN5
304.6120000000	n/a	n/a	STATUS	n/a	n/a	D255
305.0120000000	n/a	n/a	STATUS	n/a	n/a	D139
305.0600000000	n/a	n/a	STATUS	n/a	n/a	D255
305.1120000000	n/a	n/a	STATUS	n/a	n/a	DI53
305.1600000000	n/a	n/a	STATUS	n/a	n/a	D255
305.4520000000	n/a	n/a	STATUS	n/a	n/a	DI43
305.5040000000	n/a	n/a	STATUS	n/a	n/a	D255
305.7760000000	n/a	n/a	STATUS	n/a	n/a	DIN5
305.8280000000	n/a	n/a	STATUS	n/a	n/a	D255
306.1600000000	n/a	n/a	STATUS	n/a	n/a	D221
306.2120000000	n/a	n/a	STATUS	n/a	n/a	D255
306.2600000000	n/a	n/a	STATUS	n/a	n/a	DI52
306.3120000000	n/a	n/a	STATUS	n/a	n/a	D255
306.7440000000	n/a	n/a	STATUS	n/a	n/a	DI42
306.7920000000	n/a	n/a	STATUS	n/a	n/a	D255
307.0760000000	n/a	n/a	STATUS	n/a	n/a	DIN5
307.1280000000	n/a	n/a	STATUS	n/a	n/a	D255
307.5600000000	n/a	n/a	STATUS	n/a	n/a	D177
307.6080000000	n/a	n/a	STATUS	n/a	n/a	D255
307.6600000000	n/a	n/a	STATUS	n/a	n/a	DI53
307.7080000000	n/a	n/a	STATUS	n/a	n/a	D255
308.0240000000	n/a	n/a	STATUS	n/a	n/a	DI43
308.0760000000	n/a	n/a	STATUS	n/a	n/a	D255
308.3600000000	n/a	n/a	STATUS	n/a	n/a	DIN5
308.4080000000	n/a	n/a	STATUS	n/a	n/a	D255
308.9240000000	n/a	n/a	STATUS	n/a	n/a	D218
308.9760000000	n/a	n/a	STATUS	n/a	n/a	D255
309.0240000000	n/a	n/a	STATUS	n/a	n/a	DI54
309.0760000000	n/a	n/a	STATUS	n/a	n/a	D255
309.5080000000	n/a	n/a	STATUS	n/a	n/a	DI34
309.5600000000	n/a	n/a	STATUS	n/a	n/a	D255
309.8400000000	n/a	n/a	STATUS	n/a	n/a	DIN5
309.8920000000	n/a	n/a	STATUS	n/a	n/a	D255
310.2400000000	n/a	n/a	STATUS	n/a	n/a	D235
310.2920000000	n/a	n/a	STATUS	n/a	n/a	D255
310.3400000000	n/a	n/a	STATUS	n/a	n/a	DI51
310.3920000000	n/a	n/a	STATUS	n/a	n/a	D255
310.8600000000	n/a	n/a	STATUS	n/a	n/a	DI31
310.9080000000	n/a	n/a	STATUS	n/a	n/a	D255
311.1920000000	n/a	n/a	STATUS	n/a	n/a	DIN5
311.2400000000	n/a	n/a	STATUS	n/a	n/a	D255
311.7080000000	n/a	n/a	STATUS	n/a	n/a	D179
311.7560000000	n/a	n/a	STATUS	n/a	n/a	D255
311.8080000000	n/a	n/a	STATUS	n/a	n/a	DI53
311.8560000000	n/a	n/a	STATUS	n/a	n/a	D255
312.1560000000	n/a	n/a	STATUS	n/a	n/a	DI43
312.2080000000	n/a	n/a	STATUS	n/a	n/a	D255
312.4920000000	n/a	n/a	STATUS	n/a	n/a	DIN5
312.5400000000	n/a	n/a	STATUS	n/a	n/a	D255
312.8720000000	n/a	n/a	STATUS	n/a	n/a	D238
312.9240000000	n/a	n/a	STATUS	n/a	n/a	D255
312.9720000000	n/a	n/a	STATUS	n/a	n/a	DI52
313.0240000000	n/a	n/a	STATUS	n/a	n/a	D255
313.4720000000	n/a	n/a	STATUS	n/a	n/a	DI42
313.5240000000	n/a	n/a	STATUS	n/a	n/a	D255
313.8080000000	n/a	n/a	STATUS	n/a	n/a	DIN5
313.8560000000	n/a	n/a	STATUS	n/a	n/a	D255
314.2880000000	n/a	n/a	STATUS	n/a	n/a	D239
314.3400000000	n/a	n/a	STATUS	n/a	n/a	D255
314.3880000000	n/a	n/a	STATUS	n/a	n/a	DI51
314.4400000000	n/a	n/a	STATUS	n/a	n/a	D255
314.8200000000	n/a	n/a	STATUS	n/a	n/a	DI31
314.8680000000	n/a	n/a	STATUS	n/a	n/a	D255
315.1400000000	n/a	n/a	STATUS	n/a	n/a	DIN5
315.1880000000	n/a	n/a	STATUS	n/a	n/a	D255
315.6080000000	n/a	n/a	STATUS	n/a	n/a	D165
315.6560000000	n/a	n/a	STATUS	n/a	n/a	D255
315.7080000000	n/a	n/a	STATUS	n/a	n/a	DI52
315.7560000000	n/a	n/a	STATUS	n/a	n/a	D255
316.1120000000	n/a	n/a	STATUS	n/a	n/a	DI42
316.1640000000	n/a	n/a	STATUS	n/a	n/a	D255
316.4400000000	n/a	n/a	STATUS	n/a	n/a	DIN5
316.4880000000	n/a	n/a	STATUS	n/a	n/a	D255
316.8400000000	n/a	n/a	STATUS	n/a	n/a	D193
316.8880000000	n/a	n/a	STATUS	n/a	n/a	D255
316.9400000000	n/a	n/a	STATUS	n/a	n/a	DI54
316.9880000000	n/a	n/a	STATUS	n/a	n/a	D255
317.3280000000	n/a	n/a	STATUS	n/a	n/a	DI34
317.3800000000	n/a	n/a	STATUS	n/a	n/a	D255
317.6560000000	n/a	n/a	STATUS	n/a	n/a	DIN5
317.7040000000	n/a	n/a	STATUS	n/a	n/a	D255
318.0200000000	n/a	n/a	STATUS	n/a	n/a	D174
318.0720000000	n/a	n/a	STATUS	n/a	n/a	D255
318.1200000000	n/a	n/a	STATUS	n/a	n/a	DI54
318.1720000000	n/a	n/a	STATUS	n/a	n/a	D255
318.5520000000	n/a	n/a	STATUS	n/a	n/a	DI34
318.6040000000	n/a	n/a	STATUS	n/a	n/a	D255
318.8880000000	n/a	n/a	STATUS	n/a	n/a	DIN5
318.9400000000	n/a	n/a	STATUS	n/a	n/a	D255
319.3720000000	n/a	n/a	STATUS	n/a	n/a	D206
319.4200000000	n/a	n/a	STATUS	n/a	n/a	D255
319.4720000000	n/a	n/a	STATUS	n/a	n/a	DI52
319.5200000000	n/a	n/a	STATUS	n/a	n/a	D255
319.9080000000	n/a	n/a	STATUS	n/a	n/a	DI42
319.9560000000	n/a	n/a	STATUS	n/a	n/a	D255
320.2360000000	n/a	n/a	STATUS	n/a	n/a	DIN5
320.2880000000	n/a	n/a	STATUS	n/a	n/a	D255
320.7720000000	n/a	n/a	STATUS	n/a	n/a	D230
320.8200000000	n/a	n/a	STATUS	n/a	n/a	D255
320.8720000000	n/a	n/a	STATUS	n/a	n/a	DI54
320.9200000000	n/a	n/a	STATUS	n/a	n/a	D255
321.3040000000	n/a	n/a	STATUS	n/a	n/a	DI34
321.3560000000	n/a	n/a	STATUS	n/a	n/a	D255
321.6360000000	n/a	n/a	STATUS	n/a	n/a	DIN5
321.6880000000	n/a	n/a	STATUS	n/a	n/a	D255
322.0200000000	n/a	n/a	STATUS	n/a	n/a	DI81
322.0720000000	n/a	n/a	STATUS	n/a	n/a	D255
322.1200000000	n/a	n/a	STATUS	n/a	n/a	DI53
322.1720000000	n/a	n/a	STATUS	n/a	n/a	D255
322.5040000000	n/a	n/a	STATUS	n/a	n/a	DI43
322.5560000000	n/a	n/a	STATUS	n/a	n/a	D255
322.8360000000	n/a	n/a	STATUS	n/a	n/a	DIN5
322.8880000000	n/a	n/a	STATUS	n/a	n/a	D255
323.2520000000	n/a	n/a	STATUS	n/a	n/a	D213
323.3040000000	n/a	n/a	STATUS	n/a	n/a	D255
323.3520000000	n/a	n/a	STATUS	n/a	n/a	DI54
323.4040000000	n/a	n/a	STATUS	n/a	n/a	D255
323.7600000000	n/a	n/a	STATUS	n/a	n/a	DI34
323.8120000000	n/a	n/a	STATUS	n/a	n/a	D255
324.0880000000	n/a	n/a	STATUS	n/a	n/a	DIN5
324.1360000000	n/a	n/a	STATUS	n/a	n/a	D255
324.4520000000	n/a	n/a	STATUS	n/a	n/a	D187
324.5040000000	n/a	n/a	STATUS	n/a	n/a	D255
324.5520000000	n/a	n/a	STATUS	n/a	n/a	DI54
324.6040000000	n/a	n/a	STATUS	n/a	n/a	D255
324.9320000000	n/a	n/a	STATUS	n/a	n/a	DI34
324.9800000000	n/a	n/a	STATUS	n/a	n/a	D255
325.2520000000	n/a	n/a	STATUS	n/a	n/a	DIN5
325.3040000000	n/a	n/a	STATUS	n/a	n/a	D255
325.6680000000	n/a	n/a	STATUS	n/a	n/a	D209
325.7200000000	n/a	n/a	STATUS	n/a	n/a	D255
325.7680000000	n/a	n/a	STATUS	n/a	n/a	DI52
325.8200000000	n/a	n/a	STATUS	n/a	n/a	D255
326.2840000000	n/a	n/a	STATUS	n/a	n/a	DI42
326.3360000000	n/a	n/a	STATUS	n/a	n/a	D255
326.6200000000	n/a	n/a	STATUS	n/a	n/a	DIN5
326.6680000000	n/a	n/a	STATUS	n/a	n/a	D255
327.0840000000	n/a	n/a	STATUS	n/a	n/a	D111
327.1360000000	n/a	n/a	STATUS	n/a	n/a	D255
327.1840000000	n/a	n/a	STATUS	n/a	n/a	DI51
327.2360000000	n/a	n/a	STATUS	n/a	n/a	D255
327.5960000000	n/a	n/a	STATUS	n/a	n/a	DI31
327.6480000000	n/a	n/a	STATUS	n/a	n/a	D255
327.9160000000	n/a	n/a	STATUS	n/a	n/a	DIN5
327.9680000000	n/a	n/a	STATUS	n/a	n/a	D255
327.9680000000	n/a	n/a	STATUS	n/a	n/a	D197
328.4160000000	n/a	n/a	STATUS	n/a	n/a	DI91
328.4680000000	n/a	n/a	STATUS	n/a	n/a	D255
328.5160000000	n/a	n/a	STATUS	n/a	n/a	DI54
328.5680000000	n/a	n/a	STATUS	n/a	n/a	D255
328.8360000000	n/a	n/a	STATUS	n/a	n/a	DI34
328.8840000000	n/a	n/a	STATUS	n/a	n/a	D255
329.1680000000	n/a	n/a	STATUS	n/a	n/a	DIN5
329.2160000000	n/a	n/a	STATUS	n/a	n/a	D255
329.5520000000	n/a	n/a	STATUS	n/a	n/a	D192
329.6000000000	n/a	n/a	STATUS	n/a	n/a	D255
329.6520000000	n/a	n/a	STATUS	n/a	n/a	DI53
329.7000000000	n/a	n/a	STATUS	n/a	n/a	D255
329.9600000000	n/a	n/a	STATUS	n/a	n/a	DI43
330.0120000000	n/a	n/a	STATUS	n/a	n/a	D255
330.2840000000	n/a	n/a	STATUS	n/a	n/a	DIN5
330.3320000000	n/a	n/a	STATUS	n/a	n/a	D255
330.8160000000	n/a	n/a	STATUS	n/a	n/a	D195
330.8680000000	n/a	n/a	STATUS	n/a	n/a	D255
330.9160000000	n/a	n/a	STATUS	n/a	n/a	DI53
330.9680000000	n/a	n/a	STATUS	n/a	n/a	D255
331.2200000000	n/a	n/a	STATUS	n/a	n/a	DI43
331.2720000000	n/a	n/a	STATUS	n/a	n/a	D255
331.5480000000	n/a	n/a	STATUS	n/a	n/a	DIN5
331.6000000000	n/a	n/a	STATUS	n/a	n/a	D255
332.0000000000	n/a	n/a	STATUS	n/a	n/a	D171
332.0480000000	n/a	n/a	STATUS	n/a	n/a	D255
332.1000000000	n/a	n/a	STATUS	n/a	n/a	DI52
332.1480000000	n/a	n/a	STATUS	n/a	n/a	D255
332.5000000000	n/a	n/a	STATUS	n/a	n/a	DI42
332.5480000000	n/a	n/a	STATUS	n/a	n/a	D255
332.8320000000	n/a	n/a	STATUS	n/a	n/a	DIN5
332.8840000000	n/a	n/a	STATUS	n/a	n/a	D255
333.2000000000	n/a	n/a	STATUS	n/a	n/a	D232
333.2480000000	n/a	n/a	STATUS	n/a	n/a	D255
333.3000000000	n/a	n/a	STATUS	n/a	n/a	DI51
333.3480000000	n/a	n/a	STATUS	n/a	n/a	D255
333.7240000000	n/a	n/a	STATUS	n/a	n/a	DI31
333.7760000000	n/a	n/a	STATUS	n/a	n/a	D255
334.0480000000	n/a	n/a	STATUS	n/a	n/a	DIN5
334.1000000000	n/a	n/a	STATUS	n/a	n/a	D255
334.4480000000	n/a	n/a	STATUS	n/a	n/a	D157
334.5000000000	n/a	n/a	STATUS	n/a	n/a	D255
334.5480000000	n/a	n/a	STATUS	n/a	n/a	DI51
334.6000000000	n/a	n/a	STATUS	n/a	n/a	D255
334.9520000000	n/a	n/a	STATUS	n/a	n/a	DI31
335.0000000000	n/a	n/a	STATUS	n/a	n/a	D255
335.2800000000	n/a	n/a	STATUS	n/a	n/a	DIN5
335.3320000000	n/a	n/a	STATUS	n/a	n/a	D255
335.7160000000	n/a	n/a	STATUS	n/a	n/a	D251
335.7640000000	n/a	n/a	STATUS	n/a	n/a	D255
335.8160000000	n/a	n/a	STATUS	n/a	n/a	DI52
335.8640000000	n/a	n/a	STATUS	n/a	n/a	D255
336.2520000000	n/a	n/a	STATUS	n/a	n/a	DI42
336.3040000000	n/a	n/a	STATUS	n/a	n/a	D255
336.5800000000	n/a	n/a	STATUS	n/a	n/a	DIN5
336.6320000000	n/a	n/a	STATUS	n/a	n/a	D255
337.1320000000	n/a	n/a	STATUS	n/a	n/a	DI71
337.1800000000	n/a	n/a	STATUS	n/a	n/a	D255
337.2320000000	n/a	n/a	STATUS	n/a	n/a	DI53
337.2800000000	n/a	n/a	STATUS	n/a	n/a	D255
337.5560000000	n/a	n/a	STATUS	n/a	n/a	DI43
337.6040000000	n/a	n/a	STATUS	n/a	n/a	D255
337.8800000000	n/a	n/a	STATUS	n/a	n/a	DIN5
337.9320000000	n/a	n/a	STATUS	n/a	n/a	D255
338.2800000000	n/a	n/a	STATUS	n/a	n/a	D252
338.3320000000	n/a	n/a	STATUS	n/a	n/a	D255
338.3800000000	n/a	n/a	STATUS	n/a	n/a	DI51
338.4320000000	n/a	n/a	STATUS	n/a	n/a	D255
338.6840000000	n/a	n/a	STATUS	n/a	n/a	DI21
338.7320000000	n/a	n/a	STATUS	n/a	n/a	D255
338.7480000000	n/a	n/a	STATUS	n/a	n/a	DIN4
338.7960000000	n/a	n/a	STATUS	n/a	n/a	D255
339.5640000000	n/a	n/a	STATUS	n/a	n/a	DIN5
339.6120000000	n/a	n/a	STATUS	n/a	n/a	D255
340.0640000000	n/a	n/a	STATUS	n/a	n/a	D120
340.1120000000	n/a	n/a	STATUS	n/a	n/a	D255
340.1640000000	n/a	n/a	STATUS	n/a	n/a	DI51
340.2120000000	n/a	n/a	STATUS	n/a	n/a	D255
340.5640000000	n/a	n/a	STATUS	n/a	n/a	DI31
340.6160000000	n/a	n/a	STATUS	n/a	n/a	D255
340.8960000000	n/a	n/a	STATUS	n/a	n/a	DIN5
340.9480000000	n/a	n/a	STATUS	n/a	n/a	D255
341.3440000000	n/a	n/a	STATUS	n/a	n/a	D201
341.3960000000	n/a	n/a	STATUS	n/a	n/a	D255
341.4440000000	n/a	n/a	STATUS	n/a	n/a	DI54
341.4960000000	n/a	n/a	STATUS	n/a	n/a	D255
341.7520000000	n/a	n/a	STATUS	n/a	n/a	DI34
341.8040000000	n/a	n/a	STATUS	n/a	n/a	D255
342.0800000000	n/a	n/a	STATUS	n/a	n/a	DIN5
342.1280000000	n/a	n/a	STATUS	n/a	n/a	D255
342.5600000000	n/a	n/a	STATUS	n/a	n/a	D144
342.6120000000	n/a	n/a	STATUS	n/a	n/a	D255
342.6600000000	n/a	n/a	STATUS	n/a	n/a	DI51
342.7120000000	n/a	n/a	STATUS	n/a	n/a	D255
342.9400000000	n/a	n/a	STATUS	n/a	n/a	DI21
342.9920000000	n/a	n/a	STATUS	n/a	n/a	D255
342.9960000000	n/a	n/a	STATUS	n/a	n/a	DIN4
343.0440000000	n/a	n/a	STATUS	n/a	n/a	D255
343.8120000000	n/a	n/a	STATUS	n/a	n/a	DIN5
343.8600000000	n/a	n/a	STATUS	n/a	n/a	D255
344.2600000000	n/a	n/a	STATUS	n/a	n/a	D214
344.3120000000	n/a	n/a	STATUS	n/a	n/a	D255
344.3600000000	n/a	n/a	STATUS	n/a	n/a	DI51
344.4120000000	n/a	n/a	STATUS	n/a	n/a	D255
344.7680000000	n/a	n/a	STATUS	n/a	n/a	DI31
344.8200000000	n/a	n/a	STATUS	n/a	n/a	D255
345.0960000000	n/a	n/a	STATUS	n/a	n/a	DIN5
345.1440000000	n/a	n/a	STATUS	n/a	n/a	D255
345.4600000000	n/a	n/a	STATUS	n/a	n/a	D145
345.5120000000	n/a	n/a	STATUS	n/a	n/a	D255
345.5600000000	n/a	n/a	STATUS	n/a	n/a	DI54
345.6120000000	n/a	n/a	STATUS	n/a	n/a	D255
345.9320000000	n/a	n/a	STATUS	n/a	n/a	DI34
345.9800000000	n/a	n/a	STATUS	n/a	n/a	D255
346.2600000000	n/a	n/a	STATUS	n/a	n/a	DIN5
346.3120000000	n/a	n/a	STATUS	n/a	n/a	D255
346.6920000000	n/a	n/a	STATUS	n/a	n/a	D183
346.7440000000	n/a	n/a	STATUS	n/a	n/a	D255
346.7920000000	n/a	n/a	STATUS	n/a	n/a	DI51
346.8440000000	n/a	n/a	STATUS	n/a	n/a	D255
347.2000000000	n/a	n/a	STATUS	n/a	n/a	DI31
347.2480000000	n/a	n/a	STATUS	n/a	n/a	D255
347.5280000000	n/a	n/a	STATUS	n/a	n/a	DIN5
347.5760000000	n/a	n/a	STATUS	n/a	n/a	D255
348.0280000000	n/a	n/a	STATUS	n/a	n/a	DI65
348.0760000000	n/a	n/a	STATUS	n/a	n/a	D255
348.1280000000	n/a	n/a	STATUS	n/a	n/a	DI54
348.1760000000	n/a	n/a	STATUS	n/a	n/a	D255
348.4160000000	n/a	n/a	STATUS	n/a	n/a	DI34
348.4640000000	n/a	n/a	STATUS	n/a	n/a	D255
348.7440000000	n/a	n/a	STATUS	n/a	n/a	DIN5
348.7920000000	n/a	n/a	STATUS	n/a	n/a	D255
349.2080000000	n/a	n/a	STATUS	n/a	n/a	D196
349.2600000000	n/a	n/a	STATUS	n/a	n/a	D255
349.3080000000	n/a	n/a	STATUS	n/a	n/a	DI54
349.3600000000	n/a	n/a	STATUS	n/a	n/a	D255
349.5720000000	n/a	n/a	STATUS	n/a	n/a	DI34
349.6240000000	n/a	n/a	STATUS	n/a	n/a	D255
349.9080000000	n/a	n/a	STATUS	n/a	n/a	DIN5
349.9600000000	n/a	n/a	STATUS	n/a	n/a	D255
350.3080000000	n/a	n/a	STATUS	n/a	n/a	D163
350.3600000000	n/a	n/a	STATUS	n/a	n/a	D255
350.4080000000	n/a	n/a	STATUS	n/a	n/a	DI52
350.4600000000	n/a	n/a	STATUS	n/a	n/a	D255
350.8440000000	n/a	n/a	STATUS	n/a	n/a	DI42
350.8920000000	n/a	n/a	STATUS	n/a	n/a	D255
351.1760000000	n/a	n/a	STATUS	n/a	n/a	DIN5
351.2240000000	n/a	n/a	STATUS	n/a	n/a	D255
351.6920000000	n/a	n/a	STATUS	n/a	n/a	DI80
351.7400000000	n/a	n/a	STATUS	n/a	n/a	D255
351.7920000000	n/a	n/a	STATUS	n/a	n/a	DI54
351.8400000000	n/a	n/a	STATUS	n/a	n/a	D255
352.0680000000	n/a	n/a	STATUS	n/a	n/a	DI34
352.1200000000	n/a	n/a	STATUS	n/a	n/a	D255
352.3920000000	n/a	n/a	STATUS	n/a	n/a	DIN5
352.4400000000	n/a	n/a	STATUS	n/a	n/a	D255
352.8080000000	n/a	n/a	STATUS	n/a	n/a	D136
352.8560000000	n/a	n/a	STATUS	n/a	n/a	D255
352.9080000000	n/a	n/a	STATUS	n/a	n/a	DI54
352.9560000000	n/a	n/a	STATUS	n/a	n/a	D255
353.2400000000	n/a	n/a	STATUS	n/a	n/a	DI34
353.2880000000	n/a	n/a	STATUS	n/a	n/a	D255
353.5760000000	n/a	n/a	STATUS	n/a	n/a	DIN5
353.6240000000	n/a	n/a	STATUS	n/a	n/a	D255
354.0720000000	n/a	n/a	STATUS	n/a	n/a	D181
354.1240000000	n/a	n/a	STATUS	n/a	n/a	D255
354.1720000000	n/a	n/a	STATUS	n/a	n/a	DI54
354.2240000000	n/a	n/a	STATUS	n/a	n/a	D255
354.4600000000	n/a	n/a	STATUS	n/a	n/a	DI34
354.5080000000	n/a	n/a	STATUS	n/a	n/a	D255
354.7920000000	n/a	n/a	STATUS	n/a	n/a	DIN5
354.8400000000	n/a	n/a	STATUS	n/a	n/a	D255
355.3080000000	n/a	n/a	STATUS	n/a	n/a	D231
355.3560000000	n/a	n/a	STATUS	n/a	n/a	D255
355.4080000000	n/a	n/a	STATUS	n/a	n/a	DI51
355.4560000000	n/a	n/a	STATUS	n/a	n/a	D255
355.7000000000	n/a	n/a	STATUS	n/a	n/a	DI21
355.7520000000	n/a	n/a	STATUS	n/a	n/a	D255
355.7560000000	n/a	n/a	STATUS	n/a	n/a	DIN4
355.8080000000	n/a	n/a	STATUS	n/a	n/a	D255
356.5720000000	n/a	n/a	STATUS	n/a	n/a	DIN5
356.6240000000	n/a	n/a	STATUS	n/a	n/a	D255
357.0400000000	n/a	n/a	STATUS	n/a	n/a	D207
357.0880000000	n/a	n/a	STATUS	n/a	n/a	D255
357.1400000000	n/a	n/a	STATUS	n/a	n/a	DI52
357.1880000000	n/a	n/a	STATUS	n/a	n/a	D255
357.6880000000	n/a	n/a	STATUS	n/a	n/a	DI42
357.7400000000	n/a	n/a	STATUS	n/a	n/a	D255
358.0240000000	n/a	n/a	STATUS	n/a	n/a	DIN5
358.0720000000	n/a	n/a	STATUS	n/a	n/a	D255
358.4880000000	n/a	n/a	STATUS	n/a	n/a	D113
358.5400000000	n/a	n/a	STATUS	n/a	n/a	D255
358.5880000000	n/a	n/a	STATUS	n/a	n/a	DI52
358.6400000000	n/a	n/a	STATUS	n/a	n/a	D255
359.0200000000	n/a	n/a	STATUS	n/a	n/a	DI42
359.0720000000	n/a	n/a	STATUS	n/a	n/a	D255
359.3560000000	n/a	n/a	STATUS	n/a	n/a	DIN5
359.4040000000	n/a	n/a	STATUS	n/a	n/a	D255
359.8560000000	n/a	n/a	STATUS	n/a	n/a	DI73
359.9040000000	n/a	n/a	STATUS	n/a	n/a	D255
359.9560000000	n/a	n/a	STATUS	n/a	n/a	DI52
360.0040000000	n/a	n/a	STATUS	n/a	n/a	D255
360.3680000000	n/a	n/a	STATUS	n/a	n/a	DI42
360.4160000000	n/a	n/a	STATUS	n/a	n/a	D255
360.6880000000	n/a	n/a	STATUS	n/a	n/a	DIN5
360.7400000000	n/a	n/a	STATUS	n/a	n/a	D255
361.1200000000	n/a	n/a	STATUS	n/a	n/a	D101
361.1720000000	n/a	n/a	STATUS	n/a	n/a	D255
361.2200000000	n/a	n/a	STATUS	n/a	n/a	DI51
361.2720000000	n/a	n/a	STATUS	n/a	n/a	D255
361.6000000000	n/a	n/a	STATUS	n/a	n/a	DI31
361.6520000000	n/a	n/a	STATUS	n/a	n/a	D255
361.9360000000	n/a	n/a	STATUS	n/a	n/a	DIN5
361.9880000000	n/a	n/a	STATUS	n/a	n/a	D255
362.4360000000	n/a	n/a	STATUS	n/a	n/a	D246
362.4880000000	n/a	n/a	STATUS	n/a	n/a	D255
362.5360000000	n/a	n/a	STATUS	n/a	n/a	DI53
362.5880000000	n/a	n/a	STATUS	n/a	n/a	D255
362.9400000000	n/a	n/a	STATUS	n/a	n/a	DI43
362.9920000000	n/a	n/a	STATUS	n/a	n/a	D255
363.2720000000	n/a	n/a	STATUS	n/a	n/a	DIN5
363.3200000000	n/a	n/a	STATUS	n/a	n/a	D255
363.7040000000	n/a	n/a	STATUS	n/a	n/a	D148
363.7520000000	n/a	n/a	STATUS	n/a	n/a	D255
363.8040000000	n/a	n/a	STATUS	n/a	n/a	DI54
363.8520000000	n/a	n/a	STATUS	n/a	n/a	D255
364.1200000000	n/a	n/a	STATUS	n/a	n/a	DI34
364.1720000000	n/a	n/a	STATUS	n/a	n/a	D255
364.4520000000	n/a	n/a	STATUS	n/a	n/a	DIN5
364.5040000000	n/a	n/a	STATUS	n/a	n/a	D255
365.0200000000	n/a	n/a	STATUS	n/a	n/a	D155
365.0680000000	n/a	n/a	STATUS	n/a	n/a	D255
365.1200000000	n/a	n/a	STATUS	n/a	n/a	DI54
365.1680000000	n/a	n/a	STATUS	n/a	n/a	D255
365.4080000000	n/a	n/a	STATUS	n/a	n/a	DI34
365.4600000000	n/a	n/a	STATUS	n/a	n/a	D255
365.7360000000	n/a	n/a	STATUS	n/a	n/a	DIN5
365.7880000000	n/a	n/a	STATUS	n/a	n/a	D255
366.2360000000	n/a	n/a	STATUS	n/a	n/a	D178
366.2840000000	n/a	n/a	STATUS	n/a	n/a	D255
366.3360000000	n/a	n/a	STATUS	n/a	n/a	DI51
366.3840000000	n/a	n/a	STATUS	n/a	n/a	D255
366.7320000000	n/a	n/a	STATUS	n/a	n/a	DI31
366.7800000000	n/a	n/a	STATUS	n/a	n/a	D255
367.0520000000	n/a	n/a	STATUS	n/a	n/a	DIN5
367.1040000000	n/a	n/a	STATUS	n/a	n/a	D255
367.6000000000	n/a	n/a	STATUS	n/a	n/a	D166
367.6520000000	n/a	n/a	STATUS	n/a	n/a	D255
367.7000000000	n/a	n/a	STATUS	n/a	n/a	DI53
367.7520000000	n/a	n/a	STATUS	n/a	n/a	D255
368.0600000000	n/a	n/a	STATUS	n/a	n/a	DI43
368.1080000000	n/a	n/a	STATUS	n/a	n/a	D255
368.3840000000	n/a	n/a	STATUS	n/a	n/a	DIN5
368.4360000000	n/a	n/a	STATUS	n/a	n/a	D255
368.8360000000	n/a	n/a	STATUS	n/a	n/a	D173
368.8840000000	n/a	n/a	STATUS	n/a	n/a	D255
368.9360000000	n/a	n/a	STATUS	n/a	n/a	DI52
368.9840000000	n/a	n/a	STATUS	n/a	n/a	D255
369.3720000000	n/a	n/a	STATUS	n/a	n/a	DI42
369.4240000000	n/a	n/a	STATUS	n/a	n/a	D255
369.7000000000	n/a	n/a	STATUS	n/a	n/a	DIN5
369.7520000000	n/a	n/a	STATUS	n/a	n/a	D255
370.1840000000	n/a	n/a	STATUS	n/a	n/a	D227
370.2360000000	n/a	n/a	STATUS	n/a	n/a	D255
370.2840000000	n/a	n/a	STATUS	n/a	n/a	DI52
370.3360000000	n/a	n/a	STATUS	n/a	n/a	D255
370.6000000000	n/a	n/a	STATUS	n/a	n/a	DI12
370.6520000000	n/a	n/a	STATUS	n/a	n/a	D255
370.6680000000	n/a	n/a	STATUS	n/a	n/a	DIN4
370.7160000000	n/a	n/a	STATUS	n/a	n/a	D255
371.4840000000	n/a	n/a	STATUS	n/a	n/a	DIN5
371.5320000000	n/a	n/a	STATUS	n/a	n/a	D255
371.9160000000	n/a	n/a	STATUS	n/a	n/a	D211
371.9680000000	n/a	n/a	STATUS	n/a	n/a	D255
372.0160000000	n/a	n/a	STATUS	n/a	n/a	DI54
372.0680000000	n/a	n/a	STATUS	n/a	n/a	D255
372.3800000000	n/a	n/a	STATUS	n/a	n/a	DI34
372.4320000000	n/a	n/a	STATUS	n/a	n/a	D255
372.7160000000	n/a	n/a	STATUS	n/a	n/a	DIN5
372.7680000000	n/a	n/a	STATUS	n/a	n/a	D255
373.1480000000	n/a	n/a	STATUS	n/a	n/a	D149
373.2000000000	n/a	n/a	STATUS	n/a	n/a	D255
373.2480000000	n/a	n/a	STATUS	n/a	n/a	DI52
373.3000000000	n/a	n/a	STATUS	n/a	n/a	D255
373.6960000000	n/a	n/a	STATUS	n/a	n/a	DI42
373.7440000000	n/a	n/a	STATUS	n/a	n/a	D255
374.0160000000	n/a	n/a	STATUS	n/a	n/a	DIN5
374.0640000000	n/a	n/a	STATUS	n/a	n/a	DI69
374.0680000000	n/a	n/a	STATUS	n/a	n/a	D255
374.5640000000	n/a	n/a	STATUS	n/a	n/a	D180
374.6160000000	n/a	n/a	STATUS	n/a	n/a	D255
374.6640000000	n/a	n/a	STATUS	n/a	n/a	DI51
374.7160000000	n/a	n/a	STATUS	n/a	n/a	D255
375.0760000000	n/a	n/a	STATUS	n/a	n/a	DI31
375.1240000000	n/a	n/a	STATUS	n/a	n/a	D255
375.4000000000	n/a	n/a	STATUS	n/a	n/a	DIN5
375.4480000000	n/a	n/a	STATUS	n/a	n/a	D255
375.7640000000	n/a	n/a	STATUS	n/a	n/a	DI90
375.8160000000	n/a	n/a	STATUS	n/a	n/a	D255
375.8640000000	n/a	n/a	STATUS	n/a	n/a	DI53
375.9160000000	n/a	n/a	STATUS	n/a	n/a	D255
376.2520000000	n/a	n/a	STATUS	n/a	n/a	DI43
376.3040000000	n/a	n/a	STATUS	n/a	n/a	D255
376.5800000000	n/a	n/a	STATUS	n/a	n/a	DIN5
376.6320000000	n/a	n/a	STATUS	n/a	n/a	D255
377.0800000000	n/a	n/a	STATUS	n/a	n/a	D124
377.1320000000	n/a	n/a	STATUS	n/a	n/a	D255
377.1800000000	n/a	n/a	STATUS	n/a	n/a	DI53
377.2320000000	n/a	n/a	STATUS	n/a	n/a	D255
377.4920000000	n/a	n/a	STATUS	n/a	n/a	DI43
377.5400000000	n/a	n/a	STATUS	n/a	n/a	D255
377.8160000000	n/a	n/a	STATUS	n/a	n/a	DIN5
377.8640000000	n/a	n/a	STATUS	n/a	n/a	D255
378.2640000000	n/a	n/a	STATUS	n/a	n/a	D253
378.3160000000	n/a	n/a	STATUS	n/a	n/a	D255
378.3640000000	n/a	n/a	STATUS	n/a	n/a	DI52
378.4160000000	n/a	n/a	STATUS	n/a	n/a	D255
378.8800000000	n/a	n/a	STATUS	n/a	n/a	DI42
378.9320000000	n/a	n/a	STATUS	n/a	n/a	D255
379.2120000000	n/a	n/a	STATUS	n/a	n/a	DIN5
379.2640000000	n/a	n/a	STATUS	n/a	n/a	D255
379.6960000000	n/a	n/a	STATUS	n/a	n/a	D128
379.7480000000	n/a	n/a	STATUS	n/a	n/a	D255
379.7960000000	n/a	n/a	STATUS	n/a	n/a	DI51
379.8440000000	n/a	n/a	STATUS	n/a	n/a	D255
380.1960000000	n/a	n/a	STATUS	n/a	n/a	DI31
380.2480000000	n/a	n/a	STATUS	n/a	n/a	D255
380.5280000000	n/a	n/a	STATUS	n/a	n/a	DIN5
380.5800000000	n/a	n/a	STATUS	n/a	n/a	D255
381.0280000000	n/a	n/a	STATUS	n/a	n/a	D115
381.0800000000	n/a	n/a	STATUS	n/a	n/a	D255
381.1280000000	n/a	n/a	STATUS	n/a	n/a	DI51
381.1800000000	n/a	n/a	STATUS	n/a	n/a	D255
381.5200000000	n/a	n/a	STATUS	n/a	n/a	DI31
381.5680000000	n/a	n/a	STATUS	n/a	n/a	D255
381.8440000000	n/a	n/a	STATUS	n/a	n/a	DIN5
381.8960000000	n/a	n/a	STATUS	n/a	n/a	D255
382.2640000000	n/a	n/a	STATUS	n/a	n/a	DI94
382.3120000000	n/a	n/a	STATUS	n/a	n/a	D255
382.3600000000	n/a	n/a	STATUS	n/a	n/a	DI51
382.4120000000	n/a	n/a	STATUS	n/a	n/a	D255
382.7640000000	n/a	n/a	STATUS	n/a	n/a	DI31
382.8120000000	n/a	n/a	STATUS	n/a	n/a	D255
383.0960000000	n/a	n/a	STATUS	n/a	n/a	DIN5
383.1440000000	n/a	n/a	STATUS	n/a	n/a	D255
383.4960000000	n/a	n/a	STATUS	n/a	n/a	D125
383.5440000000	n/a	n/a	STATUS	n/a	n/a	D255
383.5960000000	n/a	n/a	STATUS	n/a	n/a	DI54
383.6440000000	n/a	n/a	STATUS	n/a	n/a	D255
384.0000000000	n/a	n/a	STATUS	n/a	n/a	DI34
384.0480000000	n/a	n/a	STATUS	n/a	n/a	D255
384.3280000000	n/a	n/a	STATUS	n/a	n/a	DIN5
384.3760000000	n/a	n/a	STATUS	n/a	n/a	D255
384.8800000000	n/a	n/a	STATUS	n/a	n/a	DI97
384.9280000000	n/a	n/a	STATUS	n/a	n/a	D255
384.9760000000	n/a	n/a	STATUS	n/a	n/a	DI54
385.0280000000	n/a	n/a	STATUS	n/a	n/a	D255
385.3240000000	n/a	n/a	STATUS	n/a	n/a	DI34
385.3720000000	n/a	n/a	STATUS	n/a	n/a	D255
385.6440000000	n/a	n/a	STATUS	n/a	n/a	DIN5
385.6960000000	n/a	n/a	STATUS	n/a	n/a	D255
386.1440000000	n/a	n/a	STATUS	n/a	n/a	D172
386.1920000000	n/a	n/a	STATUS	n/a	n/a	D255
386.2440000000	n/a	n/a	STATUS	n/a	n/a	DI52
386.2960000000	n/a	n/a	STATUS	n/a	n/a	D255
386.7440000000	n/a	n/a	STATUS	n/a	n/a	DI42
386.7920000000	n/a	n/a	STATUS	n/a	n/a	D255
387.0760000000	n/a	n/a	STATUS	n/a	n/a	DIN5
387.1280000000	n/a	n/a	STATUS	n/a	n/a	D255
387.4440000000	n/a	n/a	STATUS	n/a	n/a	D247
387.4920000000	n/a	n/a	STATUS	n/a	n/a	D255
387.5440000000	n/a	n/a	STATUS	n/a	n/a	DI51
387.5920000000	n/a	n/a	STATUS	n/a	n/a	D255
388.0440000000	n/a	n/a	STATUS	n/a	n/a	DI31
388.0920000000	n/a	n/a	STATUS	n/a	n/a	D255
402.1520000000	n/a	n/a	STATUS	n/a	n/a	DIN5
402.2040000000	n/a	n/a	STATUS	n/a	n/a	D255
402.5880000000	n/a	n/a	STATUS	n/a	n/a	DI76
402.6360000000	n/a	n/a	STATUS	n/a	n/a	D255
402.6880000000	n/a	n/a	STATUS	n/a	n/a	DI53
402.7360000000	n/a	n/a	STATUS	n/a	n/a	D255
403.3200000000	n/a	n/a	STATUS	n/a	n/a	DI13
403.3680000000	n/a	n/a	STATUS	n/a	n/a	D255
403.3880000000	n/a	n/a	STATUS	n/a	n/a	DIN4
403.4360000000	n/a	n/a	STATUS	n/a	n/a	D255
404.2040000000	n/a	n/a	STATUS	n/a	n/a	DIN5
404.2520000000	n/a	n/a	STATUS	n/a	n/a	D255
404.7360000000	n/a	n/a	STATUS	n/a	n/a	D135
404.7840000000	n/a	n/a	STATUS	n/a	n/a	D255
404.8360000000	n/a	n/a	STATUS	n/a	n/a	DI52
404.8840000000	n/a	n/a	STATUS	n/a	n/a	D255
405.2520000000	n/a	n/a	STATUS	n/a	n/a	DI42
405.3040000000	n/a	n/a	STATUS	n/a	n/a	D255
405.5840000000	n/a	n/a	STATUS	n/a	n/a	DIN5
405.6360000000	n/a	n/a	STATUS	n/a	n/a	D255
406.0200000000	n/a	n/a	STATUS	n/a	n/a	D167
406.0680000000	n/a	n/a	STATUS	n/a	n/a	D255
406.1200000000	n/a	n/a	STATUS	n/a	n/a	DI52
406.1680000000	n/a	n/a	STATUS	n/a	n/a	D255
406.5000000000	n/a	n/a	STATUS	n/a	n/a	DI42
406.5480000000	n/a	n/a	STATUS	n/a	n/a	D255
406.5480000000	n/a	n/a	STATUS	n/a	n/a	D235
406.8360000000	n/a	n/a	STATUS	n/a	n/a	DIN5
406.8840000000	n/a	n/a	STATUS	n/a	n/a	D255
406.8840000000	n/a	n/a	STATUS	n/a	n/a	D239
407.2200000000	n/a	n/a	STATUS	n/a	n/a	D114
407.2680000000	n/a	n/a	STATUS	n/a	n/a	D255
407.3160000000	n/a	n/a	STATUS	n/a	n/a	DI52
407.3680000000	n/a	n/a	STATUS	n/a	n/a	D255
407.7040000000	n/a	n/a	STATUS	n/a	n/a	DI42
407.7520000000	n/a	n/a	STATUS	n/a	n/a	D255
408.0360000000	n/a	n/a	STATUS	n/a	n/a	DIN5
408.0840000000	n/a	n/a	STATUS	n/a	n/a	D255
408.5000000000	n/a	n/a	STATUS	n/a	n/a	D202
408.5520000000	n/a	n/a	STATUS	n/a	n/a	D255
408.6000000000	n/a	n/a	STATUS	n/a	n/a	DI51
408.6520000000	n/a	n/a	STATUS	n/a	n/a	D255
409.1000000000	n/a	n/a	STATUS	n/a	n/a	DI31
409.1520000000	n/a	n/a	STATUS	n/a	n/a	D255
409.4320000000	n/a	n/a	STATUS	n/a	n/a	DIN5
409.4840000000	n/a	n/a	STATUS	n/a	n/a	D255
409.9000000000	n/a	n/a	STATUS	n/a	n/a	D165
409.9520000000	n/a	n/a	STATUS	n/a	n/a	D255
410.0000000000	n/a	n/a	STATUS	n/a	n/a	DI53
410.0520000000	n/a	n/a	STATUS	n/a	n/a	D255
410.4320000000	n/a	n/a	STATUS	n/a	n/a	DI43
410.4840000000	n/a	n/a	STATUS	n/a	n/a	D255
410.7680000000	n/a	n/a	STATUS	n/a	n/a	DIN5
410.8160000000	n/a	n/a	STATUS	n/a	n/a	D255
411.2320000000	n/a	n/a	STATUS	n/a	n/a	D223
411.2840000000	n/a	n/a	STATUS	n/a	n/a	D255
411.3320000000	n/a	n/a	STATUS	n/a	n/a	DI53
411.3840000000	n/a	n/a	STATUS	n/a	n/a	D255
411.6720000000	n/a	n/a	STATUS	n/a	n/a	DI43
411.7240000000	n/a	n/a	STATUS	n/a	n/a	D255
412.0000000000	n/a	n/a	STATUS	n/a	n/a	DIN5
412.0480000000	n/a	n/a	STATUS	n/a	n/a	D255
412.4640000000	n/a	n/a	STATUS	n/a	n/a	D171
412.5160000000	n/a	n/a	STATUS	n/a	n/a	D255
412.5640000000	n/a	n/a	STATUS	n/a	n/a	DI53
412.6160000000	n/a	n/a	STATUS	n/a	n/a	D255
412.9200000000	n/a	n/a	STATUS	n/a	n/a	DI43
412.9680000000	n/a	n/a	STATUS	n/a	n/a	D255
413.2480000000	n/a	n/a	STATUS	n/a	n/a	DIN5
413.3000000000	n/a	n/a	STATUS	n/a	n/a	D255
413.7640000000	n/a	n/a	STATUS	n/a	n/a	DI87
413.8160000000	n/a	n/a	STATUS	n/a	n/a	D255
413.8640000000	n/a	n/a	STATUS	n/a	n/a	DI53
413.9160000000	n/a	n/a	STATUS	n/a	n/a	D255
414.1600000000	n/a	n/a	STATUS	n/a	n/a	DI43
414.2120000000	n/a	n/a	STATUS	n/a	n/a	D255
414.4800000000	n/a	n/a	STATUS	n/a	n/a	DIN5
414.5320000000	n/a	n/a	STATUS	n/a	n/a	D255
414.9800000000	n/a	n/a	STATUS	n/a	n/a	D198
415.0320000000	n/a	n/a	STATUS	n/a	n/a	D255
415.0800000000	n/a	n/a	STATUS	n/a	n/a	DI53
415.1320000000	n/a	n/a	STATUS	n/a	n/a	D255
415.4400000000	n/a	n/a	STATUS	n/a	n/a	DI43
415.4880000000	n/a	n/a	STATUS	n/a	n/a	D255
415.7640000000	n/a	n/a	STATUS	n/a	n/a	DIN5
415.8160000000	n/a	n/a	STATUS	n/a	n/a	D255
416.2160000000	n/a	n/a	STATUS	n/a	n/a	D235
416.2640000000	n/a	n/a	STATUS	n/a	n/a	D255
416.3160000000	n/a	n/a	STATUS	n/a	n/a	DI54
416.3640000000	n/a	n/a	STATUS	n/a	n/a	D255
416.7040000000	n/a	n/a	STATUS	n/a	n/a	DI34
416.7560000000	n/a	n/a	STATUS	n/a	n/a	D255
417.0320000000	n/a	n/a	STATUS	n/a	n/a	DIN5
417.0800000000	n/a	n/a	STATUS	n/a	n/a	D255
417.5800000000	n/a	n/a	STATUS	n/a	n/a	D219
417.6320000000	n/a	n/a	STATUS	n/a	n/a	D255
417.6800000000	n/a	n/a	STATUS	n/a	n/a	DI52
417.7320000000	n/a	n/a	STATUS	n/a	n/a	D255
417.9840000000	n/a	n/a	STATUS	n/a	n/a	DI12
418.0320000000	n/a	n/a	STATUS	n/a	n/a	D255
418.0480000000	n/a	n/a	STATUS	n/a	n/a	DIN4
418.0960000000	n/a	n/a	STATUS	n/a	n/a	D255
418.8640000000	n/a	n/a	STATUS	n/a	n/a	DIN5
418.9120000000	n/a	n/a	STATUS	n/a	n/a	D255
419.2640000000	n/a	n/a	STATUS	n/a	n/a	DI93
419.3120000000	n/a	n/a	STATUS	n/a	n/a	D255
419.3640000000	n/a	n/a	STATUS	n/a	n/a	DI51
419.4120000000	n/a	n/a	STATUS	n/a	n/a	D255
419.8120000000	n/a	n/a	STATUS	n/a	n/a	DI31
419.8640000000	n/a	n/a	STATUS	n/a	n/a	D255
420.1480000000	n/a	n/a	STATUS	n/a	n/a	DIN5
420.1960000000	n/a	n/a	STATUS	n/a	n/a	D255
420.6800000000	n/a	n/a	STATUS	n/a	n/a	D118
420.7280000000	n/a	n/a	STATUS	n/a	n/a	D255
420.7800000000	n/a	n/a	STATUS	n/a	n/a	DI54
420.8280000000	n/a	n/a	STATUS	n/a	n/a	D255
421.1760000000	n/a	n/a	STATUS	n/a	n/a	DI34
421.2240000000	n/a	n/a	STATUS	n/a	n/a	D255
421.4960000000	n/a	n/a	STATUS	n/a	n/a	DIN5
421.5440000000	n/a	n/a	STATUS	n/a	n/a	D255
422.0120000000	n/a	n/a	STATUS	n/a	n/a	D216
422.0640000000	n/a	n/a	STATUS	n/a	n/a	D255
422.1120000000	n/a	n/a	STATUS	n/a	n/a	DI53
422.1640000000	n/a	n/a	STATUS	n/a	n/a	D255
422.5160000000	n/a	n/a	STATUS	n/a	n/a	DI43
422.5640000000	n/a	n/a	STATUS	n/a	n/a	D255
422.8440000000	n/a	n/a	STATUS	n/a	n/a	DIN5
422.8960000000	n/a	n/a	STATUS	n/a	n/a	D255
423.3120000000	n/a	n/a	STATUS	n/a	n/a	D218
423.3600000000	n/a	n/a	STATUS	n/a	n/a	D255
423.4120000000	n/a	n/a	STATUS	n/a	n/a	DI51
423.4600000000	n/a	n/a	STATUS	n/a	n/a	D255
423.8560000000	n/a	n/a	STATUS	n/a	n/a	DI31
423.9040000000	n/a	n/a	STATUS	n/a	n/a	D255
424.1760000000	n/a	n/a	STATUS	n/a	n/a	DIN5
424.2280000000	n/a	n/a	STATUS	n/a	n/a	D255
424.6440000000	n/a	n/a	STATUS	n/a	n/a	D238
424.6960000000	n/a	n/a	STATUS	n/a	n/a	D255
424.7440000000	n/a	n/a	STATUS	n/a	n/a	DI52
424.7960000000	n/a	n/a	STATUS	n/a	n/a	D255
425.1880000000	n/a	n/a	STATUS	n/a	n/a	DI42
425.2360000000	n/a	n/a	STATUS	n/a	n/a	D235
425.2400000000	n/a	n/a	STATUS	n/a	n/a	D255
425.5120000000	n/a	n/a	STATUS	n/a	n/a	DIN5
425.5600000000	n/a	n/a	STATUS	n/a	n/a	D255
425.9280000000	n/a	n/a	STATUS	n/a	n/a	D140
425.9760000000	n/a	n/a	STATUS	n/a	n/a	D255
426.0280000000	n/a	n/a	STATUS	n/a	n/a	DI53
426.0760000000	n/a	n/a	STATUS	n/a	n/a	D255
426.4000000000	n/a	n/a	STATUS	n/a	n/a	DI43
426.4520000000	n/a	n/a	STATUS	n/a	n/a	D255
426.7280000000	n/a	n/a	STATUS	n/a	n/a	DIN5
426.7760000000	n/a	n/a	STATUS	n/a	n/a	D255
427.2760000000	n/a	n/a	STATUS	n/a	n/a	D143
427.3280000000	n/a	n/a	STATUS	n/a	n/a	D255
427.3760000000	n/a	n/a	STATUS	n/a	n/a	DI51
427.4280000000	n/a	n/a	STATUS	n/a	n/a	D255
427.8160000000	n/a	n/a	STATUS	n/a	n/a	DI31
427.8680000000	n/a	n/a	STATUS	n/a	n/a	D255
428.1440000000	n/a	n/a	STATUS	n/a	n/a	DIN5
428.1920000000	n/a	n/a	STATUS	n/a	n/a	D255
428.6440000000	n/a	n/a	STATUS	n/a	n/a	D148
428.6920000000	n/a	n/a	STATUS	n/a	n/a	D255
428.7440000000	n/a	n/a	STATUS	n/a	n/a	DI52
428.7920000000	n/a	n/a	STATUS	n/a	n/a	D255
429.1480000000	n/a	n/a	STATUS	n/a	n/a	DI42
429.1960000000	n/a	n/a	STATUS	n/a	n/a	D255
429.4760000000	n/a	n/a	STATUS	n/a	n/a	DIN5
429.5240000000	n/a	n/a	STATUS	n/a	n/a	D255
430.0080000000	n/a	n/a	STATUS	n/a	n/a	D183
430.0600000000	n/a	n/a	STATUS	n/a	n/a	D255
430.1080000000	n/a	n/a	STATUS	n/a	n/a	DI52
430.1600000000	n/a	n/a	STATUS	n/a	n/a	D255
430.5480000000	n/a	n/a	STATUS	n/a	n/a	DI42
430.5960000000	n/a	n/a	STATUS	n/a	n/a	D255
430.8760000000	n/a	n/a	STATUS	n/a	n/a	DIN5
430.9240000000	n/a	n/a	STATUS	n/a	n/a	D255
431.3240000000	n/a	n/a	STATUS	n/a	n/a	D154
431.3760000000	n/a	n/a	STATUS	n/a	n/a	D255
431.4240000000	n/a	n/a	STATUS	n/a	n/a	DI54
431.4760000000	n/a	n/a	STATUS	n/a	n/a	D255
431.8280000000	n/a	n/a	STATUS	n/a	n/a	DI34
431.8800000000	n/a	n/a	STATUS	n/a	n/a	D255
432.1560000000	n/a	n/a	STATUS	n/a	n/a	DIN5
432.2080000000	n/a	n/a	STATUS	n/a	n/a	D255
432.7080000000	n/a	n/a	STATUS	n/a	n/a	D210
432.7560000000	n/a	n/a	STATUS	n/a	n/a	D255
432.8080000000	n/a	n/a	STATUS	n/a	n/a	DI54
432.8560000000	n/a	n/a	STATUS	n/a	n/a	D255
433.1920000000	n/a	n/a	STATUS	n/a	n/a	DI34
433.2400000000	n/a	n/a	STATUS	n/a	n/a	D255
433.5240000000	n/a	n/a	STATUS	n/a	n/a	DIN5
433.5760000000	n/a	n/a	STATUS	n/a	n/a	D255
434.0720000000	n/a	n/a	STATUS	n/a	n/a	DI94
434.1240000000	n/a	n/a	STATUS	n/a	n/a	D255
434.1720000000	n/a	n/a	STATUS	n/a	n/a	DI53
434.2240000000	n/a	n/a	STATUS	n/a	n/a	D255
434.5200000000	n/a	n/a	STATUS	n/a	n/a	DI43
434.5720000000	n/a	n/a	STATUS	n/a	n/a	D255
434.8560000000	n/a	n/a	STATUS	n/a	n/a	DIN5
434.9080000000	n/a	n/a	STATUS	n/a	n/a	D255
435.3400000000	n/a	n/a	STATUS	n/a	n/a	D230
435.3920000000	n/a	n/a	STATUS	n/a	n/a	D255
435.4400000000	n/a	n/a	STATUS	n/a	n/a	DI52
435.4920000000	n/a	n/a	STATUS	n/a	n/a	D255
435.9720000000	n/a	n/a	STATUS	n/a	n/a	DI42
436.0240000000	n/a	n/a	STATUS	n/a	n/a	D255
436.3080000000	n/a	n/a	STATUS	n/a	n/a	DIN5
436.3560000000	n/a	n/a	STATUS	n/a	n/a	D255
436.7560000000	n/a	n/a	STATUS	n/a	n/a	D221
436.8080000000	n/a	n/a	STATUS	n/a	n/a	D255
436.8560000000	n/a	n/a	STATUS	n/a	n/a	DI52
436.9080000000	n/a	n/a	STATUS	n/a	n/a	D255
437.3000000000	n/a	n/a	STATUS	n/a	n/a	DI42
437.3480000000	n/a	n/a	STATUS	n/a	n/a	D255
437.6240000000	n/a	n/a	STATUS	n/a	n/a	DIN5
437.6720000000	n/a	n/a	STATUS	n/a	n/a	D255
438.1720000000	n/a	n/a	STATUS	n/a	n/a	D130
438.2240000000	n/a	n/a	STATUS	n/a	n/a	D255
438.2720000000	n/a	n/a	STATUS	n/a	n/a	DI51
438.3240000000	n/a	n/a	STATUS	n/a	n/a	D255
438.7560000000	n/a	n/a	STATUS	n/a	n/a	DI31
438.8040000000	n/a	n/a	STATUS	n/a	n/a	D255
439.0880000000	n/a	n/a	STATUS	n/a	n/a	DIN5
439.1400000000	n/a	n/a	STATUS	n/a	n/a	D255
439.5720000000	n/a	n/a	STATUS	n/a	n/a	D123
439.6200000000	n/a	n/a	STATUS	n/a	n/a	D255
439.6720000000	n/a	n/a	STATUS	n/a	n/a	DI52
439.7200000000	n/a	n/a	STATUS	n/a	n/a	D255
440.0920000000	n/a	n/a	STATUS	n/a	n/a	DI42
440.1440000000	n/a	n/a	STATUS	n/a	n/a	D255
440.4200000000	n/a	n/a	STATUS	n/a	n/a	DIN5
440.4720000000	n/a	n/a	STATUS	n/a	n/a	D255
440.8880000000	n/a	n/a	STATUS	n/a	n/a	D244
440.9360000000	n/a	n/a	STATUS	n/a	n/a	D255
440.9880000000	n/a	n/a	STATUS	n/a	n/a	DI53
441.0360000000	n/a	n/a	STATUS	n/a	n/a	D255
441.3640000000	n/a	n/a	STATUS	n/a	n/a	DI43
441.4160000000	n/a	n/a	STATUS	n/a	n/a	D255
441.6880000000	n/a	n/a	STATUS	n/a	n/a	DIN5
441.7360000000	n/a	n/a	STATUS	n/a	n/a	D255
442.1880000000	n/a	n/a	STATUS	n/a	n/a	D150
442.2360000000	n/a	n/a	STATUS	n/a	n/a	D255
442.2880000000	n/a	n/a	STATUS	n/a	n/a	DI52
442.3360000000	n/a	n/a	STATUS	n/a	n/a	D255
442.7160000000	n/a	n/a	STATUS	n/a	n/a	DI42
442.7640000000	n/a	n/a	STATUS	n/a	n/a	D255
443.0360000000	n/a	n/a	STATUS	n/a	n/a	DIN5
443.0880000000	n/a	n/a	STATUS	n/a	n/a	D255
443.5360000000	n/a	n/a	STATUS	n/a	n/a	D232
443.5880000000	n/a	n/a	STATUS	n/a	n/a	D255
443.6360000000	n/a	n/a	STATUS	n/a	n/a	DI51
443.6880000000	n/a	n/a	STATUS	n/a	n/a	D255
444.1680000000	n/a	n/a	STATUS	n/a	n/a	DI31
444.2200000000	n/a	n/a	STATUS	n/a	n/a	D255
444.5040000000	n/a	n/a	STATUS	n/a	n/a	DIN5
444.5520000000	n/a	n/a	STATUS	n/a	n/a	D255
444.9680000000	n/a	n/a	STATUS	n/a	n/a	D133
445.0200000000	n/a	n/a	STATUS	n/a	n/a	D255
445.0680000000	n/a	n/a	STATUS	n/a	n/a	DI53
445.1200000000	n/a	n/a	STATUS	n/a	n/a	D255
445.4320000000	n/a	n/a	STATUS	n/a	n/a	DI43
445.4840000000	n/a	n/a	STATUS	n/a	n/a	D255
445.7680000000	n/a	n/a	STATUS	n/a	n/a	DIN5
445.8200000000	n/a	n/a	STATUS	n/a	n/a	D255
446.1360000000	n/a	n/a	STATUS	n/a	n/a	D187
446.1840000000	n/a	n/a	STATUS	n/a	n/a	D255
446.2360000000	n/a	n/a	STATUS	n/a	n/a	DI51
446.2840000000	n/a	n/a	STATUS	n/a	n/a	D255
446.6520000000	n/a	n/a	STATUS	n/a	n/a	DI31
446.7040000000	n/a	n/a	STATUS	n/a	n/a	D255
446.9840000000	n/a	n/a	STATUS	n/a	n/a	DIN5
447.0360000000	n/a	n/a	STATUS	n/a	n/a	D255
447.5000000000	n/a	n/a	STATUS	n/a	n/a	D180
447.5520000000	n/a	n/a	STATUS	n/a	n/a	D255
447.6000000000	n/a	n/a	STATUS	n/a	n/a	DI54
447.6520000000	n/a	n/a	STATUS	n/a	n/a	D255
448.0040000000	n/a	n/a	STATUS	n/a	n/a	DI34
448.0560000000	n/a	n/a	STATUS	n/a	n/a	D255
448.3360000000	n/a	n/a	STATUS	n/a	n/a	DIN5
448.3840000000	n/a	n/a	STATUS	n/a	n/a	D255
448.7360000000	n/a	n/a	STATUS	n/a	n/a	D241
448.7840000000	n/a	n/a	STATUS	n/a	n/a	D255
448.8360000000	n/a	n/a	STATUS	n/a	n/a	DI54
448.8840000000	n/a	n/a	STATUS	n/a	n/a	D255
449.2000000000	n/a	n/a	STATUS	n/a	n/a	DI34
449.2520000000	n/a	n/a	STATUS	n/a	n/a	D255
449.5360000000	n/a	n/a	STATUS	n/a	n/a	DIN5
449.5840000000	n/a	n/a	STATUS	n/a	n/a	D255
449.9000000000	n/a	n/a	STATUS	n/a	n/a	D119
449.9520000000	n/a	n/a	STATUS	n/a	n/a	D255
450.0000000000	n/a	n/a	STATUS	n/a	n/a	DI51
450.0520000000	n/a	n/a	STATUS	n/a	n/a	D255
450.4840000000	n/a	n/a	STATUS	n/a	n/a	DI31
450.5360000000	n/a	n/a	STATUS	n/a	n/a	D255
450.8160000000	n/a	n/a	STATUS	n/a	n/a	DIN5
450.8680000000	n/a	n/a	STATUS	n/a	n/a	D255
451.3000000000	n/a	n/a	STATUS	n/a	n/a	D254
451.3520000000	n/a	n/a	STATUS	n/a	n/a	D255
451.4000000000	n/a	n/a	STATUS	n/a	n/a	DI54
451.4520000000	n/a	n/a	STATUS	n/a	n/a	D255
451.8360000000	n/a	n/a	STATUS	n/a	n/a	DI34
451.8840000000	n/a	n/a	STATUS	n/a	n/a	D255
452.1680000000	n/a	n/a	STATUS	n/a	n/a	DIN5
452.2160000000	n/a	n/a	STATUS	n/a	n/a	D255
452.5680000000	n/a	n/a	STATUS	n/a	n/a	D246
452.6160000000	n/a	n/a	STATUS	n/a	n/a	D255
452.6680000000	n/a	n/a	STATUS	n/a	n/a	DI52
452.7160000000	n/a	n/a	STATUS	n/a	n/a	D255
453.1480000000	n/a	n/a	STATUS	n/a	n/a	DI42
453.2000000000	n/a	n/a	STATUS	n/a	n/a	D255
453.4840000000	n/a	n/a	STATUS	n/a	n/a	DIN5
453.5320000000	n/a	n/a	STATUS	n/a	n/a	D255
454.0000000000	n/a	n/a	STATUS	n/a	n/a	DI70
454.0480000000	n/a	n/a	STATUS	n/a	n/a	D255
454.1000000000	n/a	n/a	STATUS	n/a	n/a	DI51
454.1480000000	n/a	n/a	STATUS	n/a	n/a	D255
454.4880000000	n/a	n/a	STATUS	n/a	n/a	DI31
454.5400000000	n/a	n/a	STATUS	n/a	n/a	D255
454.8160000000	n/a	n/a	STATUS	n/a	n/a	DIN5
454.8640000000	n/a	n/a	STATUS	n/a	n/a	D255
455.3320000000	n/a	n/a	STATUS	n/a	n/a	D179
455.3840000000	n/a	n/a	STATUS	n/a	n/a	D255
455.4320000000	n/a	n/a	STATUS	n/a	n/a	DI52
455.4800000000	n/a	n/a	STATUS	n/a	n/a	D255
455.8680000000	n/a	n/a	STATUS	n/a	n/a	DI42
455.9200000000	n/a	n/a	STATUS	n/a	n/a	D255
456.2000000000	n/a	n/a	STATUS	n/a	n/a	DIN5
456.2480000000	n/a	n/a	STATUS	n/a	n/a	D255
456.6800000000	n/a	n/a	STATUS	n/a	n/a	D139
456.7320000000	n/a	n/a	STATUS	n/a	n/a	D255
456.7800000000	n/a	n/a	STATUS	n/a	n/a	DI54
456.8320000000	n/a	n/a	STATUS	n/a	n/a	D255
457.1600000000	n/a	n/a	STATUS	n/a	n/a	DI34
457.2080000000	n/a	n/a	STATUS	n/a	n/a	D255
457.4800000000	n/a	n/a	STATUS	n/a	n/a	DIN5
457.5320000000	n/a	n/a	STATUS	n/a	n/a	D255
458.0320000000	n/a	n/a	STATUS	n/a	n/a	D117
458.0800000000	n/a	n/a	STATUS	n/a	n/a	D255
458.1320000000	n/a	n/a	STATUS	n/a	n/a	DI53
458.1800000000	n/a	n/a	STATUS	n/a	n/a	D255
458.4280000000	n/a	n/a	STATUS	n/a	n/a	DI43
458.4800000000	n/a	n/a	STATUS	n/a	n/a	D255
458.7640000000	n/a	n/a	STATUS	n/a	n/a	DIN5
458.8120000000	n/a	n/a	STATUS	n/a	n/a	D255
459.2480000000	n/a	n/a	STATUS	n/a	n/a	D182
459.2960000000	n/a	n/a	STATUS	n/a	n/a	D255
459.3480000000	n/a	n/a	STATUS	n/a	n/a	DI51
459.3960000000	n/a	n/a	STATUS	n/a	n/a	D255
459.7440000000	n/a	n/a	STATUS	n/a	n/a	DI31
459.7920000000	n/a	n/a	STATUS	n/a	n/a	D255
460.0640000000	n/a	n/a	STATUS	n/a	n/a	DIN5
460.1120000000	n/a	n/a	STATUS	n/a	n/a	D255
460.4480000000	n/a	n/a	STATUS	n/a	n/a	DI67
460.4960000000	n/a	n/a	STATUS	n/a	n/a	D255
460.5480000000	n/a	n/a	STATUS	n/a	n/a	DI52
460.5960000000	n/a	n/a	STATUS	n/a	n/a	D255
460.9480000000	n/a	n/a	STATUS	n/a	n/a	DI42
461.0000000000	n/a	n/a	STATUS	n/a	n/a	D255
461.2800000000	n/a	n/a	STATUS	n/a	n/a	DIN5
461.3280000000	n/a	n/a	STATUS	n/a	n/a	D255
461.6800000000	n/a	n/a	STATUS	n/a	n/a	D178
461.7280000000	n/a	n/a	STATUS	n/a	n/a	D255
461.7800000000	n/a	n/a	STATUS	n/a	n/a	DI54
461.8280000000	n/a	n/a	STATUS	n/a	n/a	D255
462.1360000000	n/a	n/a	STATUS	n/a	n/a	DI34
462.1880000000	n/a	n/a	STATUS	n/a	n/a	D255
462.4640000000	n/a	n/a	STATUS	n/a	n/a	DIN5
462.5120000000	n/a	n/a	STATUS	n/a	n/a	D255
462.8640000000	n/a	n/a	STATUS	n/a	n/a	D103
462.9120000000	n/a	n/a	STATUS	n/a	n/a	D255
462.9640000000	n/a	n/a	STATUS	n/a	n/a	DI53
463.0120000000	n/a	n/a	STATUS	n/a	n/a	D255
463.2920000000	n/a	n/a	STATUS	n/a	n/a	DI43
463.3440000000	n/a	n/a	STATUS	n/a	n/a	D255
463.6280000000	n/a	n/a	STATUS	n/a	n/a	DIN5
463.6800000000	n/a	n/a	STATUS	n/a	n/a	D255
464.0600000000	n/a	n/a	STATUS	n/a	n/a	D172
464.1120000000	n/a	n/a	STATUS	n/a	n/a	D255
464.1600000000	n/a	n/a	STATUS	n/a	n/a	DI54
464.2120000000	n/a	n/a	STATUS	n/a	n/a	D255
464.4880000000	n/a	n/a	STATUS	n/a	n/a	DI34
464.5400000000	n/a	n/a	STATUS	n/a	n/a	D255
464.8120000000	n/a	n/a	STATUS	n/a	n/a	DIN5
464.8600000000	n/a	n/a	STATUS	n/a	n/a	D255
465.2960000000	n/a	n/a	STATUS	n/a	n/a	DI83
465.3440000000	n/a	n/a	STATUS	n/a	n/a	D255
465.3960000000	n/a	n/a	STATUS	n/a	n/a	DI54
465.4440000000	n/a	n/a	STATUS	n/a	n/a	D255
465.7600000000	n/a	n/a	STATUS	n/a	n/a	DI34
465.8080000000	n/a	n/a	STATUS	n/a	n/a	D255
466.0960000000	n/a	n/a	STATUS	n/a	n/a	DIN5
466.1440000000	n/a	n/a	STATUS	n/a	n/a	D255
466.5600000000	n/a	n/a	STATUS	n/a	n/a	D253
466.6120000000	n/a	n/a	STATUS	n/a	n/a	D255
466.6600000000	n/a	n/a	STATUS	n/a	n/a	DI51
466.7120000000	n/a	n/a	STATUS	n/a	n/a	D255
467.3280000000	n/a	n/a	STATUS	n/a	n/a	DI31
467.3760000000	n/a	n/a	STATUS	n/a	n/a	D255
467.6600000000	n/a	n/a	STATUS	n/a	n/a	DIN5
467.7120000000	n/a	n/a	STATUS	n/a	n/a	D255
468.0280000000	n/a	n/a	STATUS	n/a	n/a	D199
468.0760000000	n/a	n/a	STATUS	n/a	n/a	D255
468.1280000000	n/a	n/a	STATUS	n/a	n/a	DI51
468.1760000000	n/a	n/a	STATUS	n/a	n/a	D255
468.5600000000	n/a	n/a	STATUS	n/a	n/a	DI31
468.6120000000	n/a	n/a	STATUS	n/a	n/a	D255
468.8920000000	n/a	n/a	STATUS	n/a	n/a	DIN5
468.9440000000	n/a	n/a	STATUS	n/a	n/a	D255
469.3600000000	n/a	n/a	STATUS	n/a	n/a	DI78
469.4080000000	n/a	n/a	STATUS	n/a	n/a	D255
469.4600000000	n/a	n/a	STATUS	n/a	n/a	DI54
469.5080000000	n/a	n/a	STATUS	n/a	n/a	D255
469.7640000000	n/a	n/a	STATUS	n/a	n/a	DI34
469.8120000000	n/a	n/a	STATUS	n/a	n/a	D255
470.0920000000	n/a	n/a	STATUS	n/a	n/a	DIN5
470.1440000000	n/a	n/a	STATUS	n/a	n/a	D255
470.4760000000	n/a	n/a	STATUS	n/a	n/a	D134
470.5240000000	n/a	n/a	STATUS	n/a	n/a	D255
470.5760000000	n/a	n/a	STATUS	n/a	n/a	DI53
470.6240000000	n/a	n/a	STATUS	n/a	n/a	D255
470.9360000000	n/a	n/a	STATUS	n/a	n/a	DI43
470.9880000000	n/a	n/a	STATUS	n/a	n/a	D255
471.2600000000	n/a	n/a	STATUS	n/a	n/a	DIN5
471.3080000000	n/a	n/a	STATUS	n/a	n/a	D255
471.7600000000	n/a	n/a	STATUS	n/a	n/a	DI80
471.8080000000	n/a	n/a	STATUS	n/a	n/a	D255
471.8600000000	n/a	n/a	STATUS	n/a	n/a	DI54
471.9080000000	n/a	n/a	STATUS	n/a	n/a	D255
472.2440000000	n/a	n/a	STATUS	n/a	n/a	DI34
472.2960000000	n/a	n/a	STATUS	n/a	n/a	D255
472.5760000000	n/a	n/a	STATUS	n/a	n/a	DIN5
472.6240000000	n/a	n/a	STATUS	n/a	n/a	D255
473.1080000000	n/a	n/a	STATUS	n/a	n/a	D157
473.1600000000	n/a	n/a	STATUS	n/a	n/a	D255
473.2080000000	n/a	n/a	STATUS	n/a	n/a	DI52
473.2600000000	n/a	n/a	STATUS	n/a	n/a	D255
473.7240000000	n/a	n/a	STATUS	n/a	n/a	DI42
473.7760000000	n/a	n/a	STATUS	n/a	n/a	D255
474.0560000000	n/a	n/a	STATUS	n/a	n/a	DIN5
474.1080000000	n/a	n/a	STATUS	n/a	n/a	D255
474.4560000000	n/a	n/a	STATUS	n/a	n/a	D227
474.5080000000	n/a	n/a	STATUS	n/a	n/a	D255
474.5560000000	n/a	n/a	STATUS	n/a	n/a	DI51
474.6080000000	n/a	n/a	STATUS	n/a	n/a	D255
474.9560000000	n/a	n/a	STATUS	n/a	n/a	DI31
475.0080000000	n/a	n/a	STATUS	n/a	n/a	D255
475.2920000000	n/a	n/a	STATUS	n/a	n/a	DIN5
475.3400000000	n/a	n/a	STATUS	n/a	n/a	D255
475.7400000000	n/a	n/a	STATUS	n/a	n/a	DI90
475.7920000000	n/a	n/a	STATUS	n/a	n/a	D255
475.8400000000	n/a	n/a	STATUS	n/a	n/a	DI52
475.8920000000	n/a	n/a	STATUS	n/a	n/a	D255
476.2320000000	n/a	n/a	STATUS	n/a	n/a	DI42
476.2840000000	n/a	n/a	STATUS	n/a	n/a	D255
476.5560000000	n/a	n/a	STATUS	n/a	n/a	DIN5
476.6080000000	n/a	n/a	STATUS	n/a	n/a	D255
476.9720000000	n/a	n/a	STATUS	n/a	n/a	D107
477.0240000000	n/a	n/a	STATUS	n/a	n/a	D255
477.0720000000	n/a	n/a	STATUS	n/a	n/a	DI53
477.1240000000	n/a	n/a	STATUS	n/a	n/a	D255
477.4360000000	n/a	n/a	STATUS	n/a	n/a	DI43
477.4880000000	n/a	n/a	STATUS	n/a	n/a	D255
477.7720000000	n/a	n/a	STATUS	n/a	n/a	DIN5
477.8240000000	n/a	n/a	STATUS	n/a	n/a	D255
478.1560000000	n/a	n/a	STATUS	n/a	n/a	D166
478.2080000000	n/a	n/a	STATUS	n/a	n/a	D255
478.2560000000	n/a	n/a	STATUS	n/a	n/a	DI51
478.3080000000	n/a	n/a	STATUS	n/a	n/a	D255
478.6600000000	n/a	n/a	STATUS	n/a	n/a	DI31
478.7120000000	n/a	n/a	STATUS	n/a	n/a	D255
478.9880000000	n/a	n/a	STATUS	n/a	n/a	DIN5
479.0400000000	n/a	n/a	STATUS	n/a	n/a	D255
479.5240000000	n/a	n/a	STATUS	n/a	n/a	D144
479.5720000000	n/a	n/a	STATUS	n/a	n/a	D255
479.6240000000	n/a	n/a	STATUS	n/a	n/a	DI51
479.6720000000	n/a	n/a	STATUS	n/a	n/a	D255
479.9760000000	n/a	n/a	STATUS	n/a	n/a	DI31
480.0280000000	n/a	n/a	STATUS	n/a	n/a	D255
480.3040000000	n/a	n/a	STATUS	n/a	n/a	DIN5
480.3560000000	n/a	n/a	STATUS	n/a	n/a	D255
480.8560000000	n/a	n/a	STATUS	n/a	n/a	D106
480.9040000000	n/a	n/a	STATUS	n/a	n/a	D255
480.9560000000	n/a	n/a	STATUS	n/a	n/a	DI54
481.0040000000	n/a	n/a	STATUS	n/a	n/a	D255
481.2800000000	n/a	n/a	STATUS	n/a	n/a	DI34
481.3280000000	n/a	n/a	STATUS	n/a	n/a	D255
481.6040000000	n/a	n/a	STATUS	n/a	n/a	DIN5
481.6560000000	n/a	n/a	STATUS	n/a	n/a	D255
482.0360000000	n/a	n/a	STATUS	n/a	n/a	D217
482.0880000000	n/a	n/a	STATUS	n/a	n/a	D255
482.1360000000	n/a	n/a	STATUS	n/a	n/a	DI53
482.1880000000	n/a	n/a	STATUS	n/a	n/a	D255
482.5000000000	n/a	n/a	STATUS	n/a	n/a	DI43
482.5480000000	n/a	n/a	STATUS	n/a	n/a	D255
482.8200000000	n/a	n/a	STATUS	n/a	n/a	DIN5
482.8720000000	n/a	n/a	STATUS	n/a	n/a	D255
483.2200000000	n/a	n/a	STATUS	n/a	n/a	D243
483.2720000000	n/a	n/a	STATUS	n/a	n/a	D255
483.3200000000	n/a	n/a	STATUS	n/a	n/a	DI53
483.3720000000	n/a	n/a	STATUS	n/a	n/a	D255
483.6440000000	n/a	n/a	STATUS	n/a	n/a	DI43
483.6920000000	n/a	n/a	STATUS	n/a	n/a	D255
483.9720000000	n/a	n/a	STATUS	n/a	n/a	DIN5
484.0200000000	n/a	n/a	STATUS	n/a	n/a	D255
484.4520000000	n/a	n/a	STATUS	n/a	n/a	D211
484.5040000000	n/a	n/a	STATUS	n/a	n/a	D255
484.5520000000	n/a	n/a	STATUS	n/a	n/a	DI54
484.6040000000	n/a	n/a	STATUS	n/a	n/a	D255
484.8360000000	n/a	n/a	STATUS	n/a	n/a	DI34
484.8840000000	n/a	n/a	STATUS	n/a	n/a	D255
485.1680000000	n/a	n/a	STATUS	n/a	n/a	DIN5
485.2200000000	n/a	n/a	STATUS	n/a	n/a	D255
485.7040000000	n/a	n/a	STATUS	n/a	n/a	D196
485.7520000000	n/a	n/a	STATUS	n/a	n/a	D255
485.8040000000	n/a	n/a	STATUS	n/a	n/a	DI54
485.8520000000	n/a	n/a	STATUS	n/a	n/a	D255
486.1000000000	n/a	n/a	STATUS	n/a	n/a	DI34
486.1520000000	n/a	n/a	STATUS	n/a	n/a	D255
486.4360000000	n/a	n/a	STATUS	n/a	n/a	DIN5
486.4880000000	n/a	n/a	STATUS	n/a	n/a	D255
486.8680000000	n/a	n/a	STATUS	n/a	n/a	D225
486.9200000000	n/a	n/a	STATUS	n/a	n/a	D255
486.9680000000	n/a	n/a	STATUS	n/a	n/a	DI52
487.0200000000	n/a	n/a	STATUS	n/a	n/a	D255
487.3680000000	n/a	n/a	STATUS	n/a	n/a	DI42
487.4160000000	n/a	n/a	STATUS	n/a	n/a	D255
487.7040000000	n/a	n/a	STATUS	n/a	n/a	DIN5
487.7520000000	n/a	n/a	STATUS	n/a	n/a	D255
488.2200000000	n/a	n/a	STATUS	n/a	n/a	D168
488.2680000000	n/a	n/a	STATUS	n/a	n/a	D255
488.3200000000	n/a	n/a	STATUS	n/a	n/a	DI51
488.3680000000	n/a	n/a	STATUS	n/a	n/a	D255
488.7240000000	n/a	n/a	STATUS	n/a	n/a	DI31
488.7720000000	n/a	n/a	STATUS	n/a	n/a	D255
489.0520000000	n/a	n/a	STATUS	n/a	n/a	DIN5
489.1000000000	n/a	n/a	STATUS	n/a	n/a	D255
489.6000000000	n/a	n/a	STATUS	n/a	n/a	D131
489.6520000000	n/a	n/a	STATUS	n/a	n/a	D255
489.7000000000	n/a	n/a	STATUS	n/a	n/a	DI52
489.7520000000	n/a	n/a	STATUS	n/a	n/a	D255
490.0920000000	n/a	n/a	STATUS	n/a	n/a	DI42
490.1400000000	n/a	n/a	STATUS	n/a	n/a	D255
490.4160000000	n/a	n/a	STATUS	n/a	n/a	DIN5
490.4680000000	n/a	n/a	STATUS	n/a	n/a	D255
490.9360000000	n/a	n/a	STATUS	n/a	n/a	DI86
490.9840000000	n/a	n/a	STATUS	n/a	n/a	D255
491.0360000000	n/a	n/a	STATUS	n/a	n/a	DI54
491.0840000000	n/a	n/a	STATUS	n/a	n/a	D255
491.3320000000	n/a	n/a	STATUS	n/a	n/a	DI34
491.3800000000	n/a	n/a	STATUS	n/a	n/a	D255
491.6680000000	n/a	n/a	STATUS	n/a	n/a	DIN5
491.7160000000	n/a	n/a	STATUS	n/a	n/a	D255
492.1840000000	n/a	n/a	STATUS	n/a	n/a	D120
492.2320000000	n/a	n/a	STATUS	n/a	n/a	D255
492.2840000000	n/a	n/a	STATUS	n/a	n/a	DI51
492.3320000000	n/a	n/a	STATUS	n/a	n/a	D255
492.5640000000	n/a	n/a	STATUS	n/a	n/a	DI21
492.6120000000	n/a	n/a	STATUS	n/a	n/a	D255
492.6320000000	n/a	n/a	STATUS	n/a	n/a	DIN4
492.6840000000	n/a	n/a	STATUS	n/a	n/a	D255
493.4480000000	n/a	n/a	STATUS	n/a	n/a	DIN5
493.5000000000	n/a	n/a	STATUS	n/a	n/a	D255
493.8480000000	n/a	n/a	STATUS	n/a	n/a	DI91
493.9000000000	n/a	n/a	STATUS	n/a	n/a	D255
493.9480000000	n/a	n/a	STATUS	n/a	n/a	DI53
494.0000000000	n/a	n/a	STATUS	n/a	n/a	D255
494.2960000000	n/a	n/a	STATUS	n/a	n/a	DI43
494.3480000000	n/a	n/a	STATUS	n/a	n/a	D255
494.6320000000	n/a	n/a	STATUS	n/a	n/a	DIN5
494.6840000000	n/a	n/a	STATUS	n/a	n/a	D255
495.1320000000	n/a	n/a	STATUS	n/a	n/a	D239
495.1840000000	n/a	n/a	STATUS	n/a	n/a	D255
495.2320000000	n/a	n/a	STATUS	n/a	n/a	DI53
495.2840000000	n/a	n/a	STATUS	n/a	n/a	D255
495.5680000000	n/a	n/a	STATUS	n/a	n/a	DI43
495.6160000000	n/a	n/a	STATUS	n/a	n/a	D255
495.9000000000	n/a	n/a	STATUS	n/a	n/a	DIN5
495.9480000000	n/a	n/a	STATUS	n/a	n/a	D255
496.3480000000	n/a	n/a	STATUS	n/a	n/a	D240
496.4000000000	n/a	n/a	STATUS	n/a	n/a	D255
496.4480000000	n/a	n/a	STATUS	n/a	n/a	DI54
496.5000000000	n/a	n/a	STATUS	n/a	n/a	D255
497.0000000000	n/a	n/a	STATUS	n/a	n/a	DI34
497.0480000000	n/a	n/a	STATUS	n/a	n/a	D255
497.3320000000	n/a	n/a	STATUS	n/a	n/a	DIN5
497.3800000000	n/a	n/a	STATUS	n/a	n/a	D255
497.7000000000	n/a	n/a	STATUS	n/a	n/a	DI72
497.7480000000	n/a	n/a	STATUS	n/a	n/a	D255
497.7960000000	n/a	n/a	STATUS	n/a	n/a	DI51
497.8480000000	n/a	n/a	STATUS	n/a	n/a	D255
498.2160000000	n/a	n/a	STATUS	n/a	n/a	DI31
498.2680000000	n/a	n/a	STATUS	n/a	n/a	D255
498.5480000000	n/a	n/a	STATUS	n/a	n/a	DIN5
498.5960000000	n/a	n/a	STATUS	n/a	n/a	D255
499.0160000000	n/a	n/a	STATUS	n/a	n/a	D203
499.0640000000	n/a	n/a	STATUS	n/a	n/a	D255
499.1160000000	n/a	n/a	STATUS	n/a	n/a	DI53
499.1640000000	n/a	n/a	STATUS	n/a	n/a	D255
499.4520000000	n/a	n/a	STATUS	n/a	n/a	DI43
499.5040000000	n/a	n/a	STATUS	n/a	n/a	D255
499.7800000000	n/a	n/a	STATUS	n/a	n/a	DIN5
499.8320000000	n/a	n/a	STATUS	n/a	n/a	D255
500.2480000000	n/a	n/a	STATUS	n/a	n/a	D125
500.2960000000	n/a	n/a	STATUS	n/a	n/a	D255
500.3480000000	n/a	n/a	STATUS	n/a	n/a	DI52
500.3960000000	n/a	n/a	STATUS	n/a	n/a	D255
500.7800000000	n/a	n/a	STATUS	n/a	n/a	DI42
500.8280000000	n/a	n/a	STATUS	n/a	n/a	D255
500.8280000000	n/a	n/a	STATUS	n/a	n/a	D235
501.1120000000	n/a	n/a	STATUS	n/a	n/a	DIN5
501.1640000000	n/a	n/a	STATUS	n/a	n/a	D255
501.6280000000	n/a	n/a	STATUS	n/a	n/a	D149
501.6800000000	n/a	n/a	STATUS	n/a	n/a	D255
501.7280000000	n/a	n/a	STATUS	n/a	n/a	DI53
501.7800000000	n/a	n/a	STATUS	n/a	n/a	D255
502.0280000000	n/a	n/a	STATUS	n/a	n/a	DI43
502.0800000000	n/a	n/a	STATUS	n/a	n/a	D255
502.3640000000	n/a	n/a	STATUS	n/a	n/a	DIN5
502.4120000000	n/a	n/a	STATUS	n/a	n/a	D255
502.8440000000	n/a	n/a	STATUS	n/a	n/a	D175
502.8960000000	n/a	n/a	STATUS	n/a	n/a	D255
502.9440000000	n/a	n/a	STATUS	n/a	n/a	DI53
502.9960000000	n/a	n/a	STATUS	n/a	n/a	D255
503.2400000000	n/a	n/a	STATUS	n/a	n/a	DI43
503.2880000000	n/a	n/a	STATUS	n/a	n/a	D255
503.5640000000	n/a	n/a	STATUS	n/a	n/a	DIN5
503.6120000000	n/a	n/a	STATUS	n/a	n/a	D255
503.9640000000	n/a	n/a	STATUS	n/a	n/a	D191
504.0120000000	n/a	n/a	STATUS	n/a	n/a	D255
504.0640000000	n/a	n/a	STATUS	n/a	n/a	DI53
504.1120000000	n/a	n/a	STATUS	n/a	n/a	D255
504.4000000000	n/a	n/a	STATUS	n/a	n/a	DI43
504.4480000000	n/a	n/a	STATUS	n/a	n/a	D255
504.7280000000	n/a	n/a	STATUS	n/a	n/a	DIN5
504.7800000000	n/a	n/a	STATUS	n/a	n/a	D255
505.1600000000	n/a	n/a	STATUS	n/a	n/a	D209
505.2120000000	n/a	n/a	STATUS	n/a	n/a	D255
505.2600000000	n/a	n/a	STATUS	n/a	n/a	DI51
505.3120000000	n/a	n/a	STATUS	n/a	n/a	D255
505.6640000000	n/a	n/a	STATUS	n/a	n/a	DI31
505.7160000000	n/a	n/a	STATUS	n/a	n/a	D255
505.9960000000	n/a	n/a	STATUS	n/a	n/a	DIN5
506.0440000000	n/a	n/a	STATUS	n/a	n/a	D255
506.4440000000	n/a	n/a	STATUS	n/a	n/a	D176
506.4960000000	n/a	n/a	STATUS	n/a	n/a	D255
506.5440000000	n/a	n/a	STATUS	n/a	n/a	DI51
506.5960000000	n/a	n/a	STATUS	n/a	n/a	D255
506.9560000000	n/a	n/a	STATUS	n/a	n/a	DI31
507.0080000000	n/a	n/a	STATUS	n/a	n/a	D255
507.2760000000	n/a	n/a	STATUS	n/a	n/a	DIN5
507.3280000000	n/a	n/a	STATUS	n/a	n/a	D255
507.6920000000	n/a	n/a	STATUS	n/a	n/a	D173
507.7440000000	n/a	n/a	STATUS	n/a	n/a	D255
507.7920000000	n/a	n/a	STATUS	n/a	n/a	DI51
507.8440000000	n/a	n/a	STATUS	n/a	n/a	D255
508.1920000000	n/a	n/a	STATUS	n/a	n/a	DI31
508.2440000000	n/a	n/a	STATUS	n/a	n/a	D255
508.5280000000	n/a	n/a	STATUS	n/a	n/a	DIN5
508.5760000000	n/a	n/a	STATUS	n/a	n/a	D255
508.9120000000	n/a	n/a	STATUS	n/a	n/a	D169
508.9600000000	n/a	n/a	STATUS	n/a	n/a	D255
509.0120000000	n/a	n/a	STATUS	n/a	n/a	DI52
509.0600000000	n/a	n/a	STATUS	n/a	n/a	D255
509.4920000000	n/a	n/a	STATUS	n/a	n/a	DI42
509.5440000000	n/a	n/a	STATUS	n/a	n/a	D255
509.8280000000	n/a	n/a	STATUS	n/a	n/a	DIN5
509.8760000000	n/a	n/a	STATUS	n/a	n/a	D255
510.1920000000	n/a	n/a	STATUS	n/a	n/a	D181
510.2440000000	n/a	n/a	STATUS	n/a	n/a	D255
510.2920000000	n/a	n/a	STATUS	n/a	n/a	DI54
510.3440000000	n/a	n/a	STATUS	n/a	n/a	D255
510.7160000000	n/a	n/a	STATUS	n/a	n/a	DI34
510.7640000000	n/a	n/a	STATUS	n/a	n/a	D255
511.0440000000	n/a	n/a	STATUS	n/a	n/a	DIN5
511.0920000000	n/a	n/a	STATUS	n/a	n/a	D255
511.5240000000	n/a	n/a	STATUS	n/a	n/a	D190
511.5760000000	n/a	n/a	STATUS	n/a	n/a	D255
511.6240000000	n/a	n/a	STATUS	n/a	n/a	DI52
511.6760000000	n/a	n/a	STATUS	n/a	n/a	D255
512.0240000000	n/a	n/a	STATUS	n/a	n/a	DI42
512.0760000000	n/a	n/a	STATUS	n/a	n/a	D255
512.3600000000	n/a	n/a	STATUS	n/a	n/a	DIN5
512.4080000000	n/a	n/a	STATUS	n/a	n/a	D255
512.7600000000	n/a	n/a	STATUS	n/a	n/a	DI84
512.8080000000	n/a	n/a	STATUS	n/a	n/a	D255
512.8600000000	n/a	n/a	STATUS	n/a	n/a	DI54
512.9080000000	n/a	n/a	STATUS	n/a	n/a	D255
513.2440000000	n/a	n/a	STATUS	n/a	n/a	DI34
513.2920000000	n/a	n/a	STATUS	n/a	n/a	D255
513.5760000000	n/a	n/a	STATUS	n/a	n/a	DIN5
513.6240000000	n/a	n/a	STATUS	n/a	n/a	D255
514.0920000000	n/a	n/a	STATUS	n/a	n/a	DI77
514.1400000000	n/a	n/a	STATUS	n/a	n/a	D255
514.1920000000	n/a	n/a	STATUS	n/a	n/a	DI51
514.2400000000	n/a	n/a	STATUS	n/a	n/a	D255
514.6240000000	n/a	n/a	STATUS	n/a	n/a	DI31
514.6720000000	n/a	n/a	STATUS	n/a	n/a	D255
514.9560000000	n/a	n/a	STATUS	n/a	n/a	DIN5
515.0080000000	n/a	n/a	STATUS	n/a	n/a	D255
515.3240000000	n/a	n/a	STATUS	n/a	n/a	DI75
515.3760000000	n/a	n/a	STATUS	n/a	n/a	D255
515.4240000000	n/a	n/a	STATUS	n/a	n/a	DI53
515.4760000000	n/a	n/a	STATUS	n/a	n/a	D255
515.8280000000	n/a	n/a	STATUS	n/a	n/a	DI43
515.8760000000	n/a	n/a	STATUS	n/a	n/a	D255
516.1560000000	n/a	n/a	STATUS	n/a	n/a	DIN5
516.2080000000	n/a	n/a	STATUS	n/a	n/a	D255
516.6240000000	n/a	n/a	STATUS	n/a	n/a	D250
516.6720000000	n/a	n/a	STATUS	n/a	n/a	D255
516.7240000000	n/a	n/a	STATUS	n/a	n/a	DI54
516.7720000000	n/a	n/a	STATUS	n/a	n/a	D255
517.1440000000	n/a	n/a	STATUS	n/a	n/a	DI34
517.1920000000	n/a	n/a	STATUS	n/a	n/a	D255
517.4720000000	n/a	n/a	STATUS	n/a	n/a	DIN5
517.5240000000	n/a	n/a	STATUS	n/a	n/a	D255
517.8880000000	n/a	n/a	STATUS	n/a	n/a	D159
517.9400000000	n/a	n/a	STATUS	n/a	n/a	D255
517.9880000000	n/a	n/a	STATUS	n/a	n/a	DI54
518.0400000000	n/a	n/a	STATUS	n/a	n/a	D255
518.3200000000	n/a	n/a	STATUS	n/a	n/a	DI34
518.3680000000	n/a	n/a	STATUS	n/a	n/a	D255
518.6400000000	n/a	n/a	STATUS	n/a	n/a	DIN5
518.6880000000	n/a	n/a	STATUS	n/a	n/a	D255
519.0400000000	n/a	n/a	STATUS	n/a	n/a	D158
519.0880000000	n/a	n/a	STATUS	n/a	n/a	D255
519.1400000000	n/a	n/a	STATUS	n/a	n/a	DI54
519.1880000000	n/a	n/a	STATUS	n/a	n/a	D255
519.4840000000	n/a	n/a	STATUS	n/a	n/a	DI34
519.5360000000	n/a	n/a	STATUS	n/a	n/a	D255
519.8040000000	n/a	n/a	STATUS	n/a	n/a	DIN5
519.8560000000	n/a	n/a	STATUS	n/a	n/a	D255
520.2880000000	n/a	n/a	STATUS	n/a	n/a	D160
520.3400000000	n/a	n/a	STATUS	n/a	n/a	D255
520.3880000000	n/a	n/a	STATUS	n/a	n/a	DI54
520.4400000000	n/a	n/a	STATUS	n/a	n/a	D255
520.6800000000	n/a	n/a	STATUS	n/a	n/a	DI34
520.7320000000	n/a	n/a	STATUS	n/a	n/a	D255
521.0040000000	n/a	n/a	STATUS	n/a	n/a	DIN5
521.0560000000	n/a	n/a	STATUS	n/a	n/a	D255
521.4560000000	n/a	n/a	STATUS	n/a	n/a	D193
521.5040000000	n/a	n/a	STATUS	n/a	n/a	D255
521.5560000000	n/a	n/a	STATUS	n/a	n/a	DI51
521.6040000000	n/a	n/a	STATUS	n/a	n/a	D255
521.9840000000	n/a	n/a	STATUS	n/a	n/a	DI31
522.0360000000	n/a	n/a	STATUS	n/a	n/a	D255
522.3040000000	n/a	n/a	STATUS	n/a	n/a	DIN5
522.3560000000	n/a	n/a	STATUS	n/a	n/a	D255
522.7200000000	n/a	n/a	STATUS	n/a	n/a	D115
522.7720000000	n/a	n/a	STATUS	n/a	n/a	D255
522.8200000000	n/a	n/a	STATUS	n/a	n/a	DI52
522.8720000000	n/a	n/a	STATUS	n/a	n/a	D255
523.2360000000	n/a	n/a	STATUS	n/a	n/a	DI42
523.2880000000	n/a	n/a	STATUS	n/a	n/a	D255
523.5680000000	n/a	n/a	STATUS	n/a	n/a	DIN5
523.6200000000	n/a	n/a	STATUS	n/a	n/a	D255
524.0200000000	n/a	n/a	STATUS	n/a	n/a	D194
524.0720000000	n/a	n/a	STATUS	n/a	n/a	D255
524.1200000000	n/a	n/a	STATUS	n/a	n/a	DI51
524.1680000000	n/a	n/a	STATUS	n/a	n/a	D255
524.5280000000	n/a	n/a	STATUS	n/a	n/a	DI31
524.5800000000	n/a	n/a	STATUS	n/a	n/a	D255
524.8520000000	n/a	n/a	STATUS	n/a	n/a	DIN5
524.9040000000	n/a	n/a	STATUS	n/a	n/a	D255
525.3880000000	n/a	n/a	STATUS	n/a	n/a	D195
525.4360000000	n/a	n/a	STATUS	n/a	n/a	D255
525.4880000000	n/a	n/a	STATUS	n/a	n/a	DI52
525.5360000000	n/a	n/a	STATUS	n/a	n/a	D255
525.9160000000	n/a	n/a	STATUS	n/a	n/a	DI42
525.9640000000	n/a	n/a	STATUS	n/a	n/a	D255
526.2360000000	n/a	n/a	STATUS	n/a	n/a	DIN5
526.2880000000	n/a	n/a	STATUS	n/a	n/a	D255
526.6680000000	n/a	n/a	STATUS	n/a	n/a	D205
526.7200000000	n/a	n/a	STATUS	n/a	n/a	D255
526.7680000000	n/a	n/a	STATUS	n/a	n/a	DI52
526.8200000000	n/a	n/a	STATUS	n/a	n/a	D255
527.0960000000	n/a	n/a	STATUS	n/a	n/a	DI12
527.1440000000	n/a	n/a	STATUS	n/a	n/a	D255
527.1520000000	n/a	n/a	STATUS	n/a	n/a	DIN4
527.2040000000	n/a	n/a	STATUS	n/a	n/a	D255
527.9680000000	n/a	n/a	STATUS	n/a	n/a	DIN5
528.0200000000	n/a	n/a	STATUS	n/a	n/a	D255
528.4680000000	n/a	n/a	STATUS	n/a	n/a	DI73
528.5200000000	n/a	n/a	STATUS	n/a	n/a	D255
528.5680000000	n/a	n/a	STATUS	n/a	n/a	DI51
528.6200000000	n/a	n/a	STATUS	n/a	n/a	D255
528.9960000000	n/a	n/a	STATUS	n/a	n/a	DI31
529.0440000000	n/a	n/a	STATUS	n/a	n/a	D255
529.3160000000	n/a	n/a	STATUS	n/a	n/a	DIN5
529.3680000000	n/a	n/a	STATUS	n/a	n/a	D255
529.8840000000	n/a	n/a	STATUS	n/a	n/a	DI68
529.9360000000	n/a	n/a	STATUS	n/a	n/a	D255
529.9840000000	n/a	n/a	STATUS	n/a	n/a	DI54
530.0360000000	n/a	n/a	STATUS	n/a	n/a	D255
530.3320000000	n/a	n/a	STATUS	n/a	n/a	DI34
530.3840000000	n/a	n/a	STATUS	n/a	n/a	D255
530.6680000000	n/a	n/a	STATUS	n/a	n/a	DIN5
530.7160000000	n/a	n/a	STATUS	n/a	n/a	D255
531.1680000000	n/a	n/a	STATUS	n/a	n/a	D141
531.2160000000	n/a	n/a	STATUS	n/a	n/a	D255
531.2680000000	n/a	n/a	STATUS	n/a	n/a	DI52
531.3160000000	n/a	n/a	STATUS	n/a	n/a	D255
531.6720000000	n/a	n/a	STATUS	n/a	n/a	DI42
531.7240000000	n/a	n/a	STATUS	n/a	n/a	D255
532.0000000000	n/a	n/a	STATUS	n/a	n/a	DIN5
532.0480000000	n/a	n/a	STATUS	n/a	n/a	D255
532.4160000000	n/a	n/a	STATUS	n/a	n/a	D177
532.4680000000	n/a	n/a	STATUS	n/a	n/a	D255
532.5160000000	n/a	n/a	STATUS	n/a	n/a	DI53
532.5680000000	n/a	n/a	STATUS	n/a	n/a	D255
532.8840000000	n/a	n/a	STATUS	n/a	n/a	DI43
532.9360000000	n/a	n/a	STATUS	n/a	n/a	D255
546.0960000000	n/a	n/a	STATUS	n/a	n/a	DIN5
546.1440000000	n/a	n/a	STATUS	n/a	n/a	D255
546.4600000000	n/a	n/a	STATUS	n/a	n/a	D134
546.5120000000	n/a	n/a	STATUS	n/a	n/a	D255
546.5600000000	n/a	n/a	STATUS	n/a	n/a	DI52
546.6120000000	n/a	n/a	STATUS	n/a	n/a	D255
546.9920000000	n/a	n/a	STATUS	n/a	n/a	DI42
547.0440000000	n/a	n/a	STATUS	n/a	n/a	D255
547.3280000000	n/a	n/a	STATUS	n/a	n/a	DIN5
547.3760000000	n/a	n/a	STATUS	n/a	n/a	D255
547.6920000000	n/a	n/a	STATUS	n/a	n/a	D196
547.7440000000	n/a	n/a	STATUS	n/a	n/a	D255
547.7920000000	n/a	n/a	STATUS	n/a	n/a	DI53
547.8440000000	n/a	n/a	STATUS	n/a	n/a	D255
548.0960000000	n/a	n/a	STATUS	n/a	n/a	DI43
548.1440000000	n/a	n/a	STATUS	n/a	n/a	D255
548.4280000000	n/a	n/a	STATUS	n/a	n/a	DIN5
548.4760000000	n/a	n/a	STATUS	n/a	n/a	D255
548.9280000000	n/a	n/a	STATUS	n/a	n/a	D100
548.9760000000	n/a	n/a	STATUS	n/a	n/a	D255
549.0280000000	n/a	n/a	STATUS	n/a	n/a	DI54
549.0760000000	n/a	n/a	STATUS	n/a	n/a	D255
549.3080000000	n/a	n/a	STATUS	n/a	n/a	DI34
549.3560000000	n/a	n/a	STATUS	n/a	n/a	D255
549.6440000000	n/a	n/a	STATUS	n/a	n/a	DIN5
549.6920000000	n/a	n/a	STATUS	n/a	n/a	D255
550.2080000000	n/a	n/a	STATUS	n/a	n/a	DI95
550.2600000000	n/a	n/a	STATUS	n/a	n/a	D255
550.3080000000	n/a	n/a	STATUS	n/a	n/a	DI51
550.3600000000	n/a	n/a	STATUS	n/a	n/a	D255
550.6640000000	n/a	n/a	STATUS	n/a	n/a	DI31
550.7120000000	n/a	n/a	STATUS	n/a	n/a	D255
550.9920000000	n/a	n/a	STATUS	n/a	n/a	DIN5
551.0440000000	n/a	n/a	STATUS	n/a	n/a	D255
551.4240000000	n/a	n/a	STATUS	n/a	n/a	D199
551.4760000000	n/a	n/a	STATUS	n/a	n/a	D255
551.5240000000	n/a	n/a	STATUS	n/a	n/a	DI52
551.5760000000	n/a	n/a	STATUS	n/a	n/a	D255
551.8920000000	n/a	n/a	STATUS	n/a	n/a	DI42
551.9440000000	n/a	n/a	STATUS	n/a	n/a	D255
552.2240000000	n/a	n/a	STATUS	n/a	n/a	DIN5
552.2760000000	n/a	n/a	STATUS	n/a	n/a	D255
552.7240000000	n/a	n/a	STATUS	n/a	n/a	D108
552.7760000000	n/a	n/a	STATUS	n/a	n/a	D255
552.8240000000	n/a	n/a	STATUS	n/a	n/a	DI51
552.8760000000	n/a	n/a	STATUS	n/a	n/a	D255
553.2080000000	n/a	n/a	STATUS	n/a	n/a	DI31
553.2560000000	n/a	n/a	STATUS	n/a	n/a	D255
553.5400000000	n/a	n/a	STATUS	n/a	n/a	DIN5
553.5920000000	n/a	n/a	STATUS	n/a	n/a	D255
554.0920000000	n/a	n/a	STATUS	n/a	n/a	DI97
554.1400000000	n/a	n/a	STATUS	n/a	n/a	D255
554.1400000000	n/a	n/a	STATUS	n/a	n/a	D239
554.1920000000	n/a	n/a	STATUS	n/a	n/a	DI53
554.2400000000	n/a	n/a	STATUS	n/a	n/a	D255
554.4200000000	n/a	n/a	STATUS	n/a	n/a	DI43
554.4680000000	n/a	n/a	STATUS	n/a	n/a	D255
554.7400000000	n/a	n/a	STATUS	n/a	n/a	DIN5
554.7920000000	n/a	n/a	STATUS	n/a	n/a	D255
555.1080000000	n/a	n/a	STATUS	n/a	n/a	D156
555.1560000000	n/a	n/a	STATUS	n/a	n/a	D255
555.2080000000	n/a	n/a	STATUS	n/a	n/a	DI53
555.2560000000	n/a	n/a	STATUS	n/a	n/a	D255
555.5240000000	n/a	n/a	STATUS	n/a	n/a	DI43
555.5760000000	n/a	n/a	STATUS	n/a	n/a	D255
555.8560000000	n/a	n/a	STATUS	n/a	n/a	DIN5
555.9080000000	n/a	n/a	STATUS	n/a	n/a	D255
556.2880000000	n/a	n/a	STATUS	n/a	n/a	D135
556.3400000000	n/a	n/a	STATUS	n/a	n/a	D255
556.3880000000	n/a	n/a	STATUS	n/a	n/a	DI54
556.4400000000	n/a	n/a	STATUS	n/a	n/a	D255
556.6000000000	n/a	n/a	STATUS	n/a	n/a	DI34
556.6520000000	n/a	n/a	STATUS	n/a	n/a	D255
556.9240000000	n/a	n/a	STATUS	n/a	n/a	DIN5
556.9720000000	n/a	n/a	STATUS	n/a	n/a	D255
557.4400000000	n/a	n/a	STATUS	n/a	n/a	D186
557.4880000000	n/a	n/a	STATUS	n/a	n/a	D255
557.5400000000	n/a	n/a	STATUS	n/a	n/a	DI53
557.5880000000	n/a	n/a	STATUS	n/a	n/a	D255
557.7800000000	n/a	n/a	STATUS	n/a	n/a	DI43
557.8280000000	n/a	n/a	STATUS	n/a	n/a	D255
558.1040000000	n/a	n/a	STATUS	n/a	n/a	DIN5
558.1560000000	n/a	n/a	STATUS	n/a	n/a	D255
558.6720000000	n/a	n/a	STATUS	n/a	n/a	D184
558.7240000000	n/a	n/a	STATUS	n/a	n/a	D255
558.7720000000	n/a	n/a	STATUS	n/a	n/a	DI53
558.8240000000	n/a	n/a	STATUS	n/a	n/a	D255
559.0200000000	n/a	n/a	STATUS	n/a	n/a	DI43
559.0680000000	n/a	n/a	STATUS	n/a	n/a	D239
559.0720000000	n/a	n/a	STATUS	n/a	n/a	D255
559.3560000000	n/a	n/a	STATUS	n/a	n/a	DIN5
559.4040000000	n/a	n/a	STATUS	n/a	n/a	D255
559.8880000000	n/a	n/a	STATUS	n/a	n/a	D190
559.9400000000	n/a	n/a	STATUS	n/a	n/a	D255
559.9880000000	n/a	n/a	STATUS	n/a	n/a	DI54
560.0400000000	n/a	n/a	STATUS	n/a	n/a	D255
560.2280000000	n/a	n/a	STATUS	n/a	n/a	DI34
560.2760000000	n/a	n/a	STATUS	n/a	n/a	D255
560.5560000000	n/a	n/a	STATUS	n/a	n/a	DIN5
560.6040000000	n/a	n/a	STATUS	n/a	n/a	D255
561.0200000000	n/a	n/a	STATUS	n/a	n/a	D153
561.0720000000	n/a	n/a	STATUS	n/a	n/a	D255
561.1200000000	n/a	n/a	STATUS	n/a	n/a	DI51
561.1720000000	n/a	n/a	STATUS	n/a	n/a	D255
561.3480000000	n/a	n/a	STATUS	n/a	n/a	DI21
561.4000000000	n/a	n/a	STATUS	n/a	n/a	D255
561.4040000000	n/a	n/a	STATUS	n/a	n/a	DIN4
561.4560000000	n/a	n/a	STATUS	n/a	n/a	D255
562.2200000000	n/a	n/a	STATUS	n/a	n/a	DIN5
562.2720000000	n/a	n/a	STATUS	n/a	n/a	D255
562.6520000000	n/a	n/a	STATUS	n/a	n/a	D166
562.7040000000	n/a	n/a	STATUS	n/a	n/a	D255
562.7520000000	n/a	n/a	STATUS	n/a	n/a	DI54
562.8040000000	n/a	n/a	STATUS	n/a	n/a	D255
563.0720000000	n/a	n/a	STATUS	n/a	n/a	DI34
563.1240000000	n/a	n/a	STATUS	n/a	n/a	D255
563.4040000000	n/a	n/a	STATUS	n/a	n/a	DIN5
563.4520000000	n/a	n/a	STATUS	n/a	n/a	D255
563.8360000000	n/a	n/a	STATUS	n/a	n/a	DI83
563.8880000000	n/a	n/a	STATUS	n/a	n/a	D255
563.9360000000	n/a	n/a	STATUS	n/a	n/a	DI54
563.9880000000	n/a	n/a	STATUS	n/a	n/a	D255
564.2120000000	n/a	n/a	STATUS	n/a	n/a	DI34
564.2640000000	n/a	n/a	STATUS	n/a	n/a	D255
564.5360000000	n/a	n/a	STATUS	n/a	n/a	DIN5
564.5880000000	n/a	n/a	STATUS	n/a	n/a	D255
565.0360000000	n/a	n/a	STATUS	n/a	n/a	D216
565.0880000000	n/a	n/a	STATUS	n/a	n/a	D255
565.1360000000	n/a	n/a	STATUS	n/a	n/a	DI51
565.1880000000	n/a	n/a	STATUS	n/a	n/a	D255
565.4400000000	n/a	n/a	STATUS	n/a	n/a	DI21
565.4920000000	n/a	n/a	STATUS	n/a	n/a	D255
565.5040000000	n/a	n/a	STATUS	n/a	n/a	DIN4
565.5520000000	n/a	n/a	STATUS	n/a	n/a	D255
566.3200000000	n/a	n/a	STATUS	n/a	n/a	DIN5
566.3680000000	n/a	n/a	STATUS	n/a	n/a	D255
566.7840000000	n/a	n/a	STATUS	n/a	n/a	D168
566.8360000000	n/a	n/a	STATUS	n/a	n/a	D255
566.8840000000	n/a	n/a	STATUS	n/a	n/a	DI51
566.9360000000	n/a	n/a	STATUS	n/a	n/a	D255
567.3200000000	n/a	n/a	STATUS	n/a	n/a	DI31
567.3680000000	n/a	n/a	STATUS	n/a	n/a	D255
567.6520000000	n/a	n/a	STATUS	n/a	n/a	DIN5
567.7040000000	n/a	n/a	STATUS	n/a	n/a	D255
568.1000000000	n/a	n/a	STATUS	n/a	n/a	D236
568.1520000000	n/a	n/a	STATUS	n/a	n/a	D255
568.2000000000	n/a	n/a	STATUS	n/a	n/a	DI54
568.2520000000	n/a	n/a	STATUS	n/a	n/a	D255
568.5400000000	n/a	n/a	STATUS	n/a	n/a	DI34
568.5880000000	n/a	n/a	STATUS	n/a	n/a	D255
568.8680000000	n/a	n/a	STATUS	n/a	n/a	DIN5
568.9200000000	n/a	n/a	STATUS	n/a	n/a	D255
569.2840000000	n/a	n/a	STATUS	n/a	n/a	DI79
569.3360000000	n/a	n/a	STATUS	n/a	n/a	D255
569.3840000000	n/a	n/a	STATUS	n/a	n/a	DI54
569.4360000000	n/a	n/a	STATUS	n/a	n/a	D255
569.7560000000	n/a	n/a	STATUS	n/a	n/a	DI34
569.8080000000	n/a	n/a	STATUS	n/a	n/a	D255
570.0840000000	n/a	n/a	STATUS	n/a	n/a	DIN5
570.1360000000	n/a	n/a	STATUS	n/a	n/a	D255
570.6000000000	n/a	n/a	STATUS	n/a	n/a	DI94
570.6520000000	n/a	n/a	STATUS	n/a	n/a	D255
570.7000000000	n/a	n/a	STATUS	n/a	n/a	DI53
570.7520000000	n/a	n/a	STATUS	n/a	n/a	D255
571.1680000000	n/a	n/a	STATUS	n/a	n/a	DI43
571.2160000000	n/a	n/a	STATUS	n/a	n/a	D255
571.5000000000	n/a	n/a	STATUS	n/a	n/a	DIN5
571.5520000000	n/a	n/a	STATUS	n/a	n/a	D255
571.9320000000	n/a	n/a	STATUS	n/a	n/a	D198
571.9840000000	n/a	n/a	STATUS	n/a	n/a	D255
572.0320000000	n/a	n/a	STATUS	n/a	n/a	DI52
572.0840000000	n/a	n/a	STATUS	n/a	n/a	D255
572.5000000000	n/a	n/a	STATUS	n/a	n/a	DI42
572.5520000000	n/a	n/a	STATUS	n/a	n/a	D255
572.8320000000	n/a	n/a	STATUS	n/a	n/a	DIN5
572.8840000000	n/a	n/a	STATUS	n/a	n/a	D255
573.3160000000	n/a	n/a	STATUS	n/a	n/a	D209
573.3680000000	n/a	n/a	STATUS	n/a	n/a	D255
573.4160000000	n/a	n/a	STATUS	n/a	n/a	DI54
573.4680000000	n/a	n/a	STATUS	n/a	n/a	D255
573.7280000000	n/a	n/a	STATUS	n/a	n/a	DI34
573.7760000000	n/a	n/a	STATUS	n/a	n/a	D255
574.0480000000	n/a	n/a	STATUS	n/a	n/a	DIN5
574.1000000000	n/a	n/a	STATUS	n/a	n/a	D255
574.5840000000	n/a	n/a	STATUS	n/a	n/a	D183
574.6320000000	n/a	n/a	STATUS	n/a	n/a	D255
574.6840000000	n/a	n/a	STATUS	n/a	n/a	DI52
574.7320000000	n/a	n/a	STATUS	n/a	n/a	D255
575.2000000000	n/a	n/a	STATUS	n/a	n/a	DI42
575.2480000000	n/a	n/a	STATUS	n/a	n/a	D255
575.5320000000	n/a	n/a	STATUS	n/a	n/a	DIN5
575.5840000000	n/a	n/a	STATUS	n/a	n/a	D255
575.9480000000	n/a	n/a	STATUS	n/a	n/a	DI65
576.0000000000	n/a	n/a	STATUS	n/a	n/a	D255
576.0480000000	n/a	n/a	STATUS	n/a	n/a	DI53
576.1000000000	n/a	n/a	STATUS	n/a	n/a	D255
576.3480000000	n/a	n/a	STATUS	n/a	n/a	DI43
576.4000000000	n/a	n/a	STATUS	n/a	n/a	D255
576.6800000000	n/a	n/a	STATUS	n/a	n/a	DIN5
576.7320000000	n/a	n/a	STATUS	n/a	n/a	D255
577.0800000000	n/a	n/a	STATUS	n/a	n/a	D178
577.1320000000	n/a	n/a	STATUS	n/a	n/a	D255
577.1800000000	n/a	n/a	STATUS	n/a	n/a	DI52
577.2320000000	n/a	n/a	STATUS	n/a	n/a	D255
577.5760000000	n/a	n/a	STATUS	n/a	n/a	DI42
577.6240000000	n/a	n/a	STATUS	n/a	n/a	D255
577.8960000000	n/a	n/a	STATUS	n/a	n/a	DIN5
577.9480000000	n/a	n/a	STATUS	n/a	n/a	D255
578.3160000000	n/a	n/a	STATUS	n/a	n/a	D253
578.3640000000	n/a	n/a	STATUS	n/a	n/a	D255
578.4160000000	n/a	n/a	STATUS	n/a	n/a	DI51
578.4640000000	n/a	n/a	STATUS	n/a	n/a	D255
578.7800000000	n/a	n/a	STATUS	n/a	n/a	DI21
578.8320000000	n/a	n/a	STATUS	n/a	n/a	D255
578.8480000000	n/a	n/a	STATUS	n/a	n/a	DIN4
578.8960000000	n/a	n/a	STATUS	n/a	n/a	D255
579.6640000000	n/a	n/a	STATUS	n/a	n/a	DIN5
579.7120000000	n/a	n/a	STATUS	n/a	n/a	D255
580.0320000000	n/a	n/a	STATUS	n/a	n/a	D224
580.0800000000	n/a	n/a	STATUS	n/a	n/a	D255
580.1320000000	n/a	n/a	STATUS	n/a	n/a	DI51
580.1800000000	n/a	n/a	STATUS	n/a	n/a	D255
580.6480000000	n/a	n/a	STATUS	n/a	n/a	DI31
580.6960000000	n/a	n/a	STATUS	n/a	n/a	D255
580.9800000000	n/a	n/a	STATUS	n/a	n/a	DIN5
581.0320000000	n/a	n/a	STATUS	n/a	n/a	D255
581.4960000000	n/a	n/a	STATUS	n/a	n/a	D112
581.5480000000	n/a	n/a	STATUS	n/a	n/a	D255
581.5960000000	n/a	n/a	STATUS	n/a	n/a	DI52
581.6480000000	n/a	n/a	STATUS	n/a	n/a	D255
581.8680000000	n/a	n/a	STATUS	n/a	n/a	DI12
581.9160000000	n/a	n/a	STATUS	n/a	n/a	D255
581.9280000000	n/a	n/a	STATUS	n/a	n/a	DIN4
581.9800000000	n/a	n/a	STATUS	n/a	n/a	D255
582.7440000000	n/a	n/a	STATUS	n/a	n/a	DIN5
582.7960000000	n/a	n/a	STATUS	n/a	n/a	D255
583.1440000000	n/a	n/a	STATUS	n/a	n/a	D252
583.1960000000	n/a	n/a	STATUS	n/a	n/a	D255
583.2440000000	n/a	n/a	STATUS	n/a	n/a	DI52
583.2960000000	n/a	n/a	STATUS	n/a	n/a	D255
583.6800000000	n/a	n/a	STATUS	n/a	n/a	DI42
583.7280000000	n/a	n/a	STATUS	n/a	n/a	D255
584.0120000000	n/a	n/a	STATUS	n/a	n/a	DIN5
584.0640000000	n/a	n/a	STATUS	n/a	n/a	D255
584.5800000000	n/a	n/a	STATUS	n/a	n/a	D175
584.6280000000	n/a	n/a	STATUS	n/a	n/a	D255
584.6800000000	n/a	n/a	STATUS	n/a	n/a	DI51
584.7280000000	n/a	n/a	STATUS	n/a	n/a	D255
585.1120000000	n/a	n/a	STATUS	n/a	n/a	DI31
585.1600000000	n/a	n/a	STATUS	n/a	n/a	D255
585.4440000000	n/a	n/a	STATUS	n/a	n/a	DIN5
585.4960000000	n/a	n/a	STATUS	n/a	n/a	D255
585.9760000000	n/a	n/a	STATUS	n/a	n/a	D191
586.0280000000	n/a	n/a	STATUS	n/a	n/a	D255
586.0760000000	n/a	n/a	STATUS	n/a	n/a	DI53
586.1280000000	n/a	n/a	STATUS	n/a	n/a	D255
586.3560000000	n/a	n/a	STATUS	n/a	n/a	DI43
586.4040000000	n/a	n/a	STATUS	n/a	n/a	D255
586.6760000000	n/a	n/a	STATUS	n/a	n/a	DIN5
586.7280000000	n/a	n/a	STATUS	n/a	n/a	D255
587.0760000000	n/a	n/a	STATUS	n/a	n/a	D172
587.1280000000	n/a	n/a	STATUS	n/a	n/a	D255
587.1760000000	n/a	n/a	STATUS	n/a	n/a	DI54
587.2280000000	n/a	n/a	STATUS	n/a	n/a	D255
587.5120000000	n/a	n/a	STATUS	n/a	n/a	DI34
587.5640000000	n/a	n/a	STATUS	n/a	n/a	D255
587.8440000000	n/a	n/a	STATUS	n/a	n/a	DIN5
587.8920000000	n/a	n/a	STATUS	n/a	n/a	D255
588.3440000000	n/a	n/a	STATUS	n/a	n/a	D203
588.3920000000	n/a	n/a	STATUS	n/a	n/a	D255
588.4440000000	n/a	n/a	STATUS	n/a	n/a	DI52
588.4920000000	n/a	n/a	STATUS	n/a	n/a	D255
588.8240000000	n/a	n/a	STATUS	n/a	n/a	DI42
588.8760000000	n/a	n/a	STATUS	n/a	n/a	D255
589.1600000000	n/a	n/a	STATUS	n/a	n/a	DIN5
589.2120000000	n/a	n/a	STATUS	n/a	n/a	D255
589.5600000000	n/a	n/a	STATUS	n/a	n/a	D106
589.6080000000	n/a	n/a	STATUS	n/a	n/a	D255
589.6600000000	n/a	n/a	STATUS	n/a	n/a	DI53
589.7080000000	n/a	n/a	STATUS	n/a	n/a	D255
590.0120000000	n/a	n/a	STATUS	n/a	n/a	DI43
590.0640000000	n/a	n/a	STATUS	n/a	n/a	D255
590.3440000000	n/a	n/a	STATUS	n/a	n/a	DIN5
590.3920000000	n/a	n/a	STATUS	n/a	n/a	D255
590.8080000000	n/a	n/a	STATUS	n/a	n/a	D249
590.8600000000	n/a	n/a	STATUS	n/a	n/a	D255
590.9080000000	n/a	n/a	STATUS	n/a	n/a	DI52
590.9600000000	n/a	n/a	STATUS	n/a	n/a	D255
591.3000000000	n/a	n/a	STATUS	n/a	n/a	DI42
591.3520000000	n/a	n/a	STATUS	n/a	n/a	D255
591.6240000000	n/a	n/a	STATUS	n/a	n/a	DIN5
591.6760000000	n/a	n/a	STATUS	n/a	n/a	D255
592.1080000000	n/a	n/a	STATUS	n/a	n/a	DI82
592.1600000000	n/a	n/a	STATUS	n/a	n/a	D255
592.2080000000	n/a	n/a	STATUS	n/a	n/a	DI54
592.2600000000	n/a	n/a	STATUS	n/a	n/a	D255
592.5160000000	n/a	n/a	STATUS	n/a	n/a	DI34
592.5680000000	n/a	n/a	STATUS	n/a	n/a	D255
592.8400000000	n/a	n/a	STATUS	n/a	n/a	DIN5
592.8920000000	n/a	n/a	STATUS	n/a	n/a	D255
593.2080000000	n/a	n/a	STATUS	n/a	n/a	D116
593.2600000000	n/a	n/a	STATUS	n/a	n/a	D255
593.3080000000	n/a	n/a	STATUS	n/a	n/a	DI52
593.3600000000	n/a	n/a	STATUS	n/a	n/a	D255
593.7400000000	n/a	n/a	STATUS	n/a	n/a	DI42
593.7920000000	n/a	n/a	STATUS	n/a	n/a	D255
594.0760000000	n/a	n/a	STATUS	n/a	n/a	DIN5
594.1240000000	n/a	n/a	STATUS	n/a	n/a	D255
594.4760000000	n/a	n/a	STATUS	n/a	n/a	D158
594.5240000000	n/a	n/a	STATUS	n/a	n/a	D255
594.5760000000	n/a	n/a	STATUS	n/a	n/a	DI52
594.6240000000	n/a	n/a	STATUS	n/a	n/a	D255
594.8520000000	n/a	n/a	STATUS	n/a	n/a	DI12
594.9040000000	n/a	n/a	STATUS	n/a	n/a	D255
594.9080000000	n/a	n/a	STATUS	n/a	n/a	DIN4
594.9560000000	n/a	n/a	STATUS	n/a	n/a	D255
595.7240000000	n/a	n/a	STATUS	n/a	n/a	DIN5
595.7760000000	n/a	n/a	STATUS	n/a	n/a	D255
596.2240000000	n/a	n/a	STATUS	n/a	n/a	D200
596.2720000000	n/a	n/a	STATUS	n/a	n/a	D255
596.3240000000	n/a	n/a	STATUS	n/a	n/a	DI52
596.3720000000	n/a	n/a	STATUS	n/a	n/a	D255
596.7720000000	n/a	n/a	STATUS	n/a	n/a	DI42
596.8240000000	n/a	n/a	STATUS	n/a	n/a	D255
597.1080000000	n/a	n/a	STATUS	n/a	n/a	DIN5
597.1560000000	n/a	n/a	STATUS	n/a	n/a	D255
597.5400000000	n/a	n/a	STATUS	n/a	n/a	D234
597.5920000000	n/a	n/a	STATUS	n/a	n/a	D255
597.6400000000	n/a	n/a	STATUS	n/a	n/a	DI53
597.6920000000	n/a	n/a	STATUS	n/a	n/a	D255
597.9880000000	n/a	n/a	STATUS	n/a	n/a	DI43
598.0400000000	n/a	n/a	STATUS	n/a	n/a	D255
598.3240000000	n/a	n/a	STATUS	n/a	n/a	DIN5
598.3720000000	n/a	n/a	STATUS	n/a	n/a	D255
598.8720000000	n/a	n/a	STATUS	n/a	n/a	D232
598.9240000000	n/a	n/a	STATUS	n/a	n/a	D255
598.9720000000	n/a	n/a	STATUS	n/a	n/a	DI53
599.0240000000	n/a	n/a	STATUS	n/a	n/a	D255
599.2320000000	n/a	n/a	STATUS	n/a	n/a	DI43
599.2840000000	n/a	n/a	STATUS	n/a	n/a	D255
599.5560000000	n/a	n/a	STATUS	n/a	n/a	DIN5
599.6040000000	n/a	n/a	STATUS	n/a	n/a	D255
600.0240000000	n/a	n/a	STATUS	n/a	n/a	D119
600.0720000000	n/a	n/a	STATUS	n/a	n/a	D255
600.1240000000	n/a	n/a	STATUS	n/a	n/a	DI52
600.1720000000	n/a	n/a	STATUS	n/a	n/a	D255
600.4280000000	n/a	n/a	STATUS	n/a	n/a	DI12
600.4760000000	n/a	n/a	STATUS	n/a	n/a	D255
600.4880000000	n/a	n/a	STATUS	n/a	n/a	DIN4
600.5400000000	n/a	n/a	STATUS	n/a	n/a	D255
601.3040000000	n/a	n/a	STATUS	n/a	n/a	DIN5
601.3560000000	n/a	n/a	STATUS	n/a	n/a	D255
601.8040000000	n/a	n/a	STATUS	n/a	n/a	D159
601.8560000000	n/a	n/a	STATUS	n/a	n/a	D255
601.9040000000	n/a	n/a	STATUS	n/a	n/a	DI54
601.9560000000	n/a	n/a	STATUS	n/a	n/a	D255
602.2160000000	n/a	n/a	STATUS	n/a	n/a	DI34
602.2640000000	n/a	n/a	STATUS	n/a	n/a	D255
602.5360000000	n/a	n/a	STATUS	n/a	n/a	DIN5
602.5880000000	n/a	n/a	STATUS	n/a	n/a	D255
602.9360000000	n/a	n/a	STATUS	n/a	n/a	D142
602.9880000000	n/a	n/a	STATUS	n/a	n/a	D255
603.0360000000	n/a	n/a	STATUS	n/a	n/a	DI53
603.0880000000	n/a	n/a	STATUS	n/a	n/a	D255
603.3920000000	n/a	n/a	STATUS	n/a	n/a	DI43
603.4440000000	n/a	n/a	STATUS	n/a	n/a	D255
603.7200000000	n/a	n/a	STATUS	n/a	n/a	DIN5
603.7720000000	n/a	n/a	STATUS	n/a	n/a	D255
604.1200000000	n/a	n/a	STATUS	n/a	n/a	DI73
604.1720000000	n/a	n/a	STATUS	n/a	n/a	D255
604.2200000000	n/a	n/a	STATUS	n/a	n/a	DI52
604.2720000000	n/a	n/a	STATUS	n/a	n/a	D255
604.6520000000	n/a	n/a	STATUS	n/a	n/a	DI42
604.7040000000	n/a	n/a	STATUS	n/a	n/a	D255
604.9880000000	n/a	n/a	STATUS	n/a	n/a	DIN5
605.0360000000	n/a	n/a	STATUS	n/a	n/a	D255
605.4360000000	n/a	n/a	STATUS	n/a	n/a	D123
605.4880000000	n/a	n/a	STATUS	n/a	n/a	D255
605.5360000000	n/a	n/a	STATUS	n/a	n/a	DI51
605.5880000000	n/a	n/a	STATUS	n/a	n/a	D255
605.8240000000	n/a	n/a	STATUS	n/a	n/a	DI21
605.8760000000	n/a	n/a	STATUS	n/a	n/a	D255
605.8880000000	n/a	n/a	STATUS	n/a	n/a	DIN4
605.9360000000	n/a	n/a	STATUS	n/a	n/a	D255
606.7040000000	n/a	n/a	STATUS	n/a	n/a	DIN5
606.7520000000	n/a	n/a	STATUS	n/a	n/a	D255
606.7520000000	n/a	n/a	STATUS	n/a	n/a	D239
607.2040000000	n/a	n/a	STATUS	n/a	n/a	D143
607.2520000000	n/a	n/a	STATUS	n/a	n/a	D255
607.3040000000	n/a	n/a	STATUS	n/a	n/a	DI51
607.3520000000	n/a	n/a	STATUS	n/a	n/a	D255
607.8360000000	n/a	n/a	STATUS	n/a	n/a	DI31
607.8840000000	n/a	n/a	STATUS	n/a	n/a	D255
608.1680000000	n/a	n/a	STATUS	n/a	n/a	DIN5
608.2200000000	n/a	n/a	STATUS	n/a	n/a	D255
608.6200000000	n/a	n/a	STATUS	n/a	n/a	D132
608.6680000000	n/a	n/a	STATUS	n/a	n/a	D255
608.7200000000	n/a	n/a	STATUS	n/a	n/a	DI53
608.7680000000	n/a	n/a	STATUS	n/a	n/a	D255
609.0720000000	n/a	n/a	STATUS	n/a	n/a	DI43
609.1240000000	n/a	n/a	STATUS	n/a	n/a	D255
609.4000000000	n/a	n/a	STATUS	n/a	n/a	DIN5
609.4520000000	n/a	n/a	STATUS	n/a	n/a	D255
609.8680000000	n/a	n/a	STATUS	n/a	n/a	D219
609.9200000000	n/a	n/a	STATUS	n/a	n/a	D255
609.9680000000	n/a	n/a	STATUS	n/a	n/a	DI51
610.0200000000	n/a	n/a	STATUS	n/a	n/a	D255
610.4000000000	n/a	n/a	STATUS	n/a	n/a	DI31
610.4520000000	n/a	n/a	STATUS	n/a	n/a	D255
610.7360000000	n/a	n/a	STATUS	n/a	n/a	DIN5
610.7840000000	n/a	n/a	STATUS	n/a	n/a	D255
611.1360000000	n/a	n/a	STATUS	n/a	n/a	DI96
611.1840000000	n/a	n/a	STATUS	n/a	n/a	D255
611.2360000000	n/a	n/a	STATUS	n/a	n/a	DI51
611.2840000000	n/a	n/a	STATUS	n/a	n/a	D255
611.6320000000	n/a	n/a	STATUS	n/a	n/a	DI31
611.6800000000	n/a	n/a	STATUS	n/a	n/a	D255
611.9520000000	n/a	n/a	STATUS	n/a	n/a	DIN5
612.0000000000	n/a	n/a	STATUS	n/a	n/a	D255
612.4840000000	n/a	n/a	STATUS	n/a	n/a	D162
612.5320000000	n/a	n/a	STATUS	n/a	n/a	D255
612.5840000000	n/a	n/a	STATUS	n/a	n/a	DI51
612.6320000000	n/a	n/a	STATUS	n/a	n/a	D255
613.0320000000	n/a	n/a	STATUS	n/a	n/a	DI31
613.0840000000	n/a	n/a	STATUS	n/a	n/a	D255
613.3680000000	n/a	n/a	STATUS	n/a	n/a	DIN5
613.4160000000	n/a	n/a	STATUS	n/a	n/a	D255
613.7840000000	n/a	n/a	STATUS	n/a	n/a	D157
613.8320000000	n/a	n/a	STATUS	n/a	n/a	D255
613.8840000000	n/a	n/a	STATUS	n/a	n/a	DI52
613.9320000000	n/a	n/a	STATUS	n/a	n/a	D255
614.2680000000	n/a	n/a	STATUS	n/a	n/a	DI42
614.3200000000	n/a	n/a	STATUS	n/a	n/a	D255
614.6000000000	n/a	n/a	STATUS	n/a	n/a	DIN5
614.6520000000	n/a	n/a	STATUS	n/a	n/a	D255
614.9680000000	n/a	n/a	STATUS	n/a	n/a	DI72
615.0160000000	n/a	n/a	STATUS	n/a	n/a	D255
615.0680000000	n/a	n/a	STATUS	n/a	n/a	DI53
615.1160000000	n/a	n/a	STATUS	n/a	n/a	D255
615.4200000000	n/a	n/a	STATUS	n/a	n/a	DI43
615.4720000000	n/a	n/a	STATUS	n/a	n/a	D255
615.7480000000	n/a	n/a	STATUS	n/a	n/a	DIN5
615.8000000000	n/a	n/a	STATUS	n/a	n/a	D255
616.1160000000	n/a	n/a	STATUS	n/a	n/a	D161
616.1640000000	n/a	n/a	STATUS	n/a	n/a	D255
616.2160000000	n/a	n/a	STATUS	n/a	n/a	DI51
616.2640000000	n/a	n/a	STATUS	n/a	n/a	D255
616.6480000000	n/a	n/a	STATUS	n/a	n/a	DI31
616.7000000000	n/a	n/a	STATUS	n/a	n/a	D255
616.9800000000	n/a	n/a	STATUS	n/a	n/a	DIN5
617.0320000000	n/a	n/a	STATUS	n/a	n/a	D255
617.5000000000	n/a	n/a	STATUS	n/a	n/a	D121
617.5480000000	n/a	n/a	STATUS	n/a	n/a	D255
617.6000000000	n/a	n/a	STATUS	n/a	n/a	DI51
617.6480000000	n/a	n/a	STATUS	n/a	n/a	D255
617.9600000000	n/a	n/a	STATUS	n/a	n/a	DI31
618.0120000000	n/a	n/a	STATUS	n/a	n/a	D255
618.2800000000	n/a	n/a	STATUS	n/a	n/a	DIN5
618.3320000000	n/a	n/a	STATUS	n/a	n/a	D255
618.7320000000	n/a	n/a	STATUS	n/a	n/a	D109
618.7800000000	n/a	n/a	STATUS	n/a	n/a	D255
618.8320000000	n/a	n/a	STATUS	n/a	n/a	DI51
618.8800000000	n/a	n/a	STATUS	n/a	n/a	D255
619.2080000000	n/a	n/a	STATUS	n/a	n/a	DI31
619.2600000000	n/a	n/a	STATUS	n/a	n/a	D255
619.5320000000	n/a	n/a	STATUS	n/a	n/a	DIN5
619.5800000000	n/a	n/a	STATUS	n/a	n/a	D255
619.9960000000	n/a	n/a	STATUS	n/a	n/a	D102
620.0480000000	n/a	n/a	STATUS	n/a	n/a	D255
620.0960000000	n/a	n/a	STATUS	n/a	n/a	DI51
620.1480000000	n/a	n/a	STATUS	n/a	n/a	D255
620.4800000000	n/a	n/a	STATUS	n/a	n/a	DI31
620.5320000000	n/a	n/a	STATUS	n/a	n/a	D255
620.8120000000	n/a	n/a	STATUS	n/a	n/a	DIN5
620.8640000000	n/a	n/a	STATUS	n/a	n/a	D255
621.3800000000	n/a	n/a	STATUS	n/a	n/a	D150
621.4320000000	n/a	n/a	STATUS	n/a	n/a	D255
621.4800000000	n/a	n/a	STATUS	n/a	n/a	DI52
621.5320000000	n/a	n/a	STATUS	n/a	n/a	D255
621.9280000000	n/a	n/a	STATUS	n/a	n/a	DI42
621.9800000000	n/a	n/a	STATUS	n/a	n/a	D255
622.2640000000	n/a	n/a	STATUS	n/a	n/a	DIN5
622.3120000000	n/a	n/a	STATUS	n/a	n/a	D255
622.7960000000	n/a	n/a	STATUS	n/a	n/a	D227
622.8480000000	n/a	n/a	STATUS	n/a	n/a	D255
622.8960000000	n/a	n/a	STATUS	n/a	n/a	DI53
622.9480000000	n/a	n/a	STATUS	n/a	n/a	D255
623.2240000000	n/a	n/a	STATUS	n/a	n/a	DI43
623.2760000000	n/a	n/a	STATUS	n/a	n/a	D255
623.5440000000	n/a	n/a	STATUS	n/a	n/a	DIN5
623.5960000000	n/a	n/a	STATUS	n/a	n/a	D255
624.0120000000	n/a	n/a	STATUS	n/a	n/a	D239
624.0640000000	n/a	n/a	STATUS	n/a	n/a	D255
624.1120000000	n/a	n/a	STATUS	n/a	n/a	DI54
624.1640000000	n/a	n/a	STATUS	n/a	n/a	D255
624.4400000000	n/a	n/a	STATUS	n/a	n/a	DI34
624.4920000000	n/a	n/a	STATUS	n/a	n/a	D255
624.7640000000	n/a	n/a	STATUS	n/a	n/a	DIN5
624.8120000000	n/a	n/a	STATUS	n/a	n/a	D255
625.3280000000	n/a	n/a	STATUS	n/a	n/a	D241
625.3800000000	n/a	n/a	STATUS	n/a	n/a	D255
625.4280000000	n/a	n/a	STATUS	n/a	n/a	DI52
625.4800000000	n/a	n/a	STATUS	n/a	n/a	D255
625.8600000000	n/a	n/a	STATUS	n/a	n/a	DI42
625.9120000000	n/a	n/a	STATUS	n/a	n/a	D255
626.1960000000	n/a	n/a	STATUS	n/a	n/a	DIN5
626.2440000000	n/a	n/a	STATUS	n/a	n/a	D255
626.5800000000	n/a	n/a	STATUS	n/a	n/a	D110
626.6280000000	n/a	n/a	STATUS	n/a	n/a	D255
626.6800000000	n/a	n/a	STATUS	n/a	n/a	DI54
626.7280000000	n/a	n/a	STATUS	n/a	n/a	D255
627.1120000000	n/a	n/a	STATUS	n/a	n/a	DI34
627.1600000000	n/a	n/a	STATUS	n/a	n/a	D255
627.4440000000	n/a	n/a	STATUS	n/a	n/a	DIN5
627.4960000000	n/a	n/a	STATUS	n/a	n/a	D255
627.9760000000	n/a	n/a	STATUS	n/a	n/a	D160
628.0280000000	n/a	n/a	STATUS	n/a	n/a	D255
628.0760000000	n/a	n/a	STATUS	n/a	n/a	DI54
628.1280000000	n/a	n/a	STATUS	n/a	n/a	D255
628.3760000000	n/a	n/a	STATUS	n/a	n/a	DI34
628.4240000000	n/a	n/a	STATUS	n/a	n/a	D255
628.7120000000	n/a	n/a	STATUS	n/a	n/a	DIN5
628.7600000000	n/a	n/a	STATUS	n/a	n/a	D255
629.1120000000	n/a	n/a	STATUS	n/a	n/a	D237
629.1600000000	n/a	n/a	STATUS	n/a	n/a	D255
629.2120000000	n/a	n/a	STATUS	n/a	n/a	DI51
629.2600000000	n/a	n/a	STATUS	n/a	n/a	D255
629.6440000000	n/a	n/a	STATUS	n/a	n/a	DI31
629.6920000000	n/a	n/a	STATUS	n/a	n/a	D255
629.9760000000	n/a	n/a	STATUS	n/a	n/a	DIN5
630.0280000000	n/a	n/a	STATUS	n/a	n/a	D255
630.3600000000	n/a	n/a	STATUS	n/a	n/a	D103
630.4120000000	n/a	n/a	STATUS	n/a	n/a	D255
630.4600000000	n/a	n/a	STATUS	n/a	n/a	DI54
630.5120000000	n/a	n/a	STATUS	n/a	n/a	D255
630.7760000000	n/a	n/a	STATUS	n/a	n/a	DI34
630.8240000000	n/a	n/a	STATUS	n/a	n/a	D255
631.1080000000	n/a	n/a	STATUS	n/a	n/a	DIN5
631.1600000000	n/a	n/a	STATUS	n/a	n/a	D255
631.4760000000	n/a	n/a	STATUS	n/a	n/a	D177
631.5280000000	n/a	n/a	STATUS	n/a	n/a	D255
631.5760000000	n/a	n/a	STATUS	n/a	n/a	DI53
631.6280000000	n/a	n/a	STATUS	n/a	n/a	D255
631.8960000000	n/a	n/a	STATUS	n/a	n/a	DI43
631.9440000000	n/a	n/a	STATUS	n/a	n/a	D255
632.2240000000	n/a	n/a	STATUS	n/a	n/a	DIN5
632.2760000000	n/a	n/a	STATUS	n/a	n/a	D255
632.6440000000	n/a	n/a	STATUS	n/a	n/a	D138
632.6920000000	n/a	n/a	STATUS	n/a	n/a	D255
632.7440000000	n/a	n/a	STATUS	n/a	n/a	DI54
632.7920000000	n/a	n/a	STATUS	n/a	n/a	D255
633.0800000000	n/a	n/a	STATUS	n/a	n/a	DI34
633.1280000000	n/a	n/a	STATUS	n/a	n/a	D255
633.4080000000	n/a	n/a	STATUS	n/a	n/a	DIN5
633.4600000000	n/a	n/a	STATUS	n/a	n/a	D255
633.9080000000	n/a	n/a	STATUS	n/a	n/a	D131
633.9600000000	n/a	n/a	STATUS	n/a	n/a	D255
634.0080000000	n/a	n/a	STATUS	n/a	n/a	DI53
634.0600000000	n/a	n/a	STATUS	n/a	n/a	D255
634.3120000000	n/a	n/a	STATUS	n/a	n/a	DI43
634.3600000000	n/a	n/a	STATUS	n/a	n/a	D255
634.6400000000	n/a	n/a	STATUS	n/a	n/a	DIN5
634.6920000000	n/a	n/a	STATUS	n/a	n/a	D255
635.0400000000	n/a	n/a	STATUS	n/a	n/a	D174
635.0920000000	n/a	n/a	STATUS	n/a	n/a	D255
635.1400000000	n/a	n/a	STATUS	n/a	n/a	DI54
635.1920000000	n/a	n/a	STATUS	n/a	n/a	D255
635.4280000000	n/a	n/a	STATUS	n/a	n/a	DI34
635.4800000000	n/a	n/a	STATUS	n/a	n/a	D255
635.7560000000	n/a	n/a	STATUS	n/a	n/a	DIN5
635.8080000000	n/a	n/a	STATUS	n/a	n/a	D255
636.1560000000	n/a	n/a	STATUS	n/a	n/a	DI89
636.2080000000	n/a	n/a	STATUS	n/a	n/a	D255
636.2560000000	n/a	n/a	STATUS	n/a	n/a	DI54
636.3080000000	n/a	n/a	STATUS	n/a	n/a	D255
636.5240000000	n/a	n/a	STATUS	n/a	n/a	DI34
636.5760000000	n/a	n/a	STATUS	n/a	n/a	D255
636.8560000000	n/a	n/a	STATUS	n/a	n/a	DIN5
636.9080000000	n/a	n/a	STATUS	n/a	n/a	D255
637.3080000000	n/a	n/a	STATUS	n/a	n/a	DI84
637.3560000000	n/a	n/a	STATUS	n/a	n/a	D255
637.4080000000	n/a	n/a	STATUS	n/a	n/a	DI54
637.4560000000	n/a	n/a	STATUS	n/a	n/a	D255
637.7200000000	n/a	n/a	STATUS	n/a	n/a	DI34
637.7720000000	n/a	n/a	STATUS	n/a	n/a	D255
638.0560000000	n/a	n/a	STATUS	n/a	n/a	DIN5
638.1080000000	n/a	n/a	STATUS	n/a	n/a	D255
638.6080000000	n/a	n/a	STATUS	n/a	n/a	D181
638.6560000000	n/a	n/a	STATUS	n/a	n/a	D255
638.7080000000	n/a	n/a	STATUS	n/a	n/a	DI51
638.7560000000	n/a	n/a	STATUS	n/a	n/a	D255
639.0560000000	n/a	n/a	STATUS	n/a	n/a	DI31
639.1080000000	n/a	n/a	STATUS	n/a	n/a	D255
639.3880000000	n/a	n/a	STATUS	n/a	n/a	DIN5
639.4400000000	n/a	n/a	STATUS	n/a	n/a	D255
639.8880000000	n/a	n/a	STATUS	n/a	n/a	DI81
639.9400000000	n/a	n/a	STATUS	n/a	n/a	D255
639.9880000000	n/a	n/a	STATUS	n/a	n/a	DI51
640.0400000000	n/a	n/a	STATUS	n/a	n/a	D255
640.3640000000	n/a	n/a	STATUS	n/a	n/a	DI31
640.4160000000	n/a	n/a	STATUS	n/a	n/a	D255
640.6880000000	n/a	n/a	STATUS	n/a	n/a	DIN5
640.7400000000	n/a	n/a	STATUS	n/a	n/a	D255
641.2240000000	n/a	n/a	STATUS	n/a	n/a	D194
641.2720000000	n/a	n/a	STATUS	n/a	n/a	D255
641.3240000000	n/a	n/a	STATUS	n/a	n/a	DI52
641.3720000000	n/a	n/a	STATUS	n/a	n/a	D255
641.5960000000	n/a	n/a	STATUS	n/a	n/a	DI12
641.6480000000	n/a	n/a	STATUS	n/a	n/a	D255
641.6560000000	n/a	n/a	STATUS	n/a	n/a	DIN4
641.7040000000	n/a	n/a	STATUS	n/a	n/a	D255
642.4720000000	n/a	n/a	STATUS	n/a	n/a	DIN5
642.5200000000	n/a	n/a	STATUS	n/a	n/a	D255
642.9560000000	n/a	n/a	STATUS	n/a	n/a	DI74
643.0040000000	n/a	n/a	STATUS	n/a	n/a	D255
643.0560000000	n/a	n/a	STATUS	n/a	n/a	DI51
643.1040000000	n/a	n/a	STATUS	n/a	n/a	D255
643.4120000000	n/a	n/a	STATUS	n/a	n/a	DI31
643.4600000000	n/a	n/a	STATUS	n/a	n/a	D255
643.7360000000	n/a	n/a	STATUS	n/a	n/a	DIN5
643.7880000000	n/a	n/a	STATUS	n/a	n/a	D255
644.2880000000	n/a	n/a	STATUS	n/a	n/a	D220
644.3360000000	n/a	n/a	STATUS	n/a	n/a	D255
644.3880000000	n/a	n/a	STATUS	n/a	n/a	DI52
644.4360000000	n/a	n/a	STATUS	n/a	n/a	D255
644.7840000000	n/a	n/a	STATUS	n/a	n/a	DI42
644.8360000000	n/a	n/a	STATUS	n/a	n/a	D255
645.1200000000	n/a	n/a	STATUS	n/a	n/a	DIN5
645.1720000000	n/a	n/a	STATUS	n/a	n/a	D255
645.5360000000	n/a	n/a	STATUS	n/a	n/a	D164
645.5880000000	n/a	n/a	STATUS	n/a	n/a	D255
645.6360000000	n/a	n/a	STATUS	n/a	n/a	DI54
645.6880000000	n/a	n/a	STATUS	n/a	n/a	D255
645.9440000000	n/a	n/a	STATUS	n/a	n/a	DI34
645.9920000000	n/a	n/a	STATUS	n/a	n/a	D255
646.2720000000	n/a	n/a	STATUS	n/a	n/a	DIN5
646.3200000000	n/a	n/a	STATUS	n/a	n/a	D255
646.6680000000	n/a	n/a	STATUS	n/a	n/a	D136
646.7200000000	n/a	n/a	STATUS	n/a	n/a	D255
646.7680000000	n/a	n/a	STATUS	n/a	n/a	DI54
646.8200000000	n/a	n/a	STATUS	n/a	n/a	D255
647.1000000000	n/a	n/a	STATUS	n/a	n/a	DI34
647.1520000000	n/a	n/a	STATUS	n/a	n/a	D255
647.4360000000	n/a	n/a	STATUS	n/a	n/a	DIN5
647.4880000000	n/a	n/a	STATUS	n/a	n/a	D255
647.9520000000	n/a	n/a	STATUS	n/a	n/a	D170
648.0040000000	n/a	n/a	STATUS	n/a	n/a	D255
648.0520000000	n/a	n/a	STATUS	n/a	n/a	DI53
648.1040000000	n/a	n/a	STATUS	n/a	n/a	D255
648.3480000000	n/a	n/a	STATUS	n/a	n/a	DI43
648.4000000000	n/a	n/a	STATUS	n/a	n/a	D255
648.6680000000	n/a	n/a	STATUS	n/a	n/a	DIN5
648.7200000000	n/a	n/a	STATUS	n/a	n/a	D255
649.1040000000	n/a	n/a	STATUS	n/a	n/a	D111
649.1520000000	n/a	n/a	STATUS	n/a	n/a	D255
649.2040000000	n/a	n/a	STATUS	n/a	n/a	DI51
649.2520000000	n/a	n/a	STATUS	n/a	n/a	D255
649.5680000000	n/a	n/a	STATUS	n/a	n/a	DI31
649.6200000000	n/a	n/a	STATUS	n/a	n/a	D255
649.9000000000	n/a	n/a	STATUS	n/a	n/a	DIN5
649.9520000000	n/a	n/a	STATUS	n/a	n/a	D255
650.3360000000	n/a	n/a	STATUS	n/a	n/a	D176
650.3840000000	n/a	n/a	STATUS	n/a	n/a	D255
650.4360000000	n/a	n/a	STATUS	n/a	n/a	DI54
650.4840000000	n/a	n/a	STATUS	n/a	n/a	D255
650.7120000000	n/a	n/a	STATUS	n/a	n/a	DI34
650.7640000000	n/a	n/a	STATUS	n/a	n/a	D255
651.0360000000	n/a	n/a	STATUS	n/a	n/a	DIN5
651.0840000000	n/a	n/a	STATUS	n/a	n/a	D255
651.4680000000	n/a	n/a	STATUS	n/a	n/a	DI93
651.5200000000	n/a	n/a	STATUS	n/a	n/a	D255
651.5680000000	n/a	n/a	STATUS	n/a	n/a	DI52
651.6200000000	n/a	n/a	STATUS	n/a	n/a	D255
651.8360000000	n/a	n/a	STATUS	n/a	n/a	DI12
651.8880000000	n/a	n/a	STATUS	n/a	n/a	D255
651.9000000000	n/a	n/a	STATUS	n/a	n/a	DIN4
651.9520000000	n/a	n/a	STATUS	n/a	n/a	D255
652.7160000000	n/a	n/a	STATUS	n/a	n/a	DIN5
652.7680000000	n/a	n/a	STATUS	n/a	n/a	D255
653.1000000000	n/a	n/a	STATUS	n/a	n/a	D246
653.1520000000	n/a	n/a	STATUS	n/a	n/a	D255
653.2000000000	n/a	n/a	STATUS	n/a	n/a	DI53
653.2520000000	n/a	n/a	STATUS	n/a	n/a	D255
653.5920000000	n/a	n/a	STATUS	n/a	n/a	DI43
653.6440000000	n/a	n/a	STATUS	n/a	n/a	D255
653.9160000000	n/a	n/a	STATUS	n/a	n/a	DIN5
653.9680000000	n/a	n/a	STATUS	n/a	n/a	D255
654.3320000000	n/a	n/a	STATUS	n/a	n/a	D225
654.3840000000	n/a	n/a	STATUS	n/a	n/a	D255
654.4320000000	n/a	n/a	STATUS	n/a	n/a	DI53
654.4840000000	n/a	n/a	STATUS	n/a	n/a	D255
654.7600000000	n/a	n/a	STATUS	n/a	n/a	DI43
654.8120000000	n/a	n/a	STATUS	n/a	n/a	D255
655.0840000000	n/a	n/a	STATUS	n/a	n/a	DIN5
655.1320000000	n/a	n/a	STATUS	n/a	n/a	D255
655.6160000000	n/a	n/a	STATUS	n/a	n/a	D222
655.6680000000	n/a	n/a	STATUS	n/a	n/a	D255
655.7160000000	n/a	n/a	STATUS	n/a	n/a	DI52
655.7680000000	n/a	n/a	STATUS	n/a	n/a	D255
655.9880000000	n/a	n/a	STATUS	n/a	n/a	DI12
656.0360000000	n/a	n/a	STATUS	n/a	n/a	D255
656.0480000000	n/a	n/a	STATUS	n/a	n/a	DIN4
656.1000000000	n/a	n/a	STATUS	n/a	n/a	D255
656.8640000000	n/a	n/a	STATUS	n/a	n/a	DIN5
656.9160000000	n/a	n/a	STATUS	n/a	n/a	D255
656.9160000000	n/a	n/a	STATUS	n/a	n/a	D239
657.3000000000	n/a	n/a	STATUS	n/a	n/a	D228
657.3480000000	n/a	n/a	STATUS	n/a	n/a	D255
657.4000000000	n/a	n/a	STATUS	n/a	n/a	DI52
657.4480000000	n/a	n/a	STATUS	n/a	n/a	D255
657.8320000000	n/a	n/a	STATUS	n/a	n/a	DI42
657.8840000000	n/a	n/a	STATUS	n/a	n/a	D255
658.1640000000	n/a	n/a	STATUS	n/a	n/a	DIN5
658.2160000000	n/a	n/a	STATUS	n/a	n/a	D255
658.5800000000	n/a	n/a	STATUS	n/a	n/a	D247
658.6320000000	n/a	n/a	STATUS	n/a	n/a	D255
658.6800000000	n/a	n/a	STATUS	n/a	n/a	DI51
658.7320000000	n/a	n/a	STATUS	n/a	n/a	D255
659.0520000000	n/a	n/a	STATUS	n/a	n/a	DI21
659.1000000000	n/a	n/a	STATUS	n/a	n/a	D255
659.1160000000	n/a	n/a	STATUS	n/a	n/a	DIN4
659.1640000000	n/a	n/a	STATUS	n/a	n/a	D255
659.9320000000	n/a	n/a	STATUS	n/a	n/a	DIN5
659.9800000000	n/a	n/a	STATUS	n/a	n/a	D255
660.4160000000	n/a	n/a	STATUS	n/a	n/a	D107
660.4640000000	n/a	n/a	STATUS	n/a	n/a	D255
660.5160000000	n/a	n/a	STATUS	n/a	n/a	DI53
660.5640000000	n/a	n/a	STATUS	n/a	n/a	D255
660.8720000000	n/a	n/a	STATUS	n/a	n/a	DI43
660.9200000000	n/a	n/a	STATUS	n/a	n/a	D255
661.1960000000	n/a	n/a	STATUS	n/a	n/a	DIN5
661.2480000000	n/a	n/a	STATUS	n/a	n/a	D255
661.6120000000	n/a	n/a	STATUS	n/a	n/a	D126
661.6640000000	n/a	n/a	STATUS	n/a	n/a	D255
661.7120000000	n/a	n/a	STATUS	n/a	n/a	DI53
661.7640000000	n/a	n/a	STATUS	n/a	n/a	D255
662.1480000000	n/a	n/a	STATUS	n/a	n/a	DI43
662.1960000000	n/a	n/a	STATUS	n/a	n/a	D255
662.4800000000	n/a	n/a	STATUS	n/a	n/a	DIN5
662.5320000000	n/a	n/a	STATUS	n/a	n/a	D255
662.9280000000	n/a	n/a	STATUS	n/a	n/a	DI77
662.9800000000	n/a	n/a	STATUS	n/a	n/a	D255
663.0280000000	n/a	n/a	STATUS	n/a	n/a	DI54
663.0800000000	n/a	n/a	STATUS	n/a	n/a	D255
663.3480000000	n/a	n/a	STATUS	n/a	n/a	DI34
663.4000000000	n/a	n/a	STATUS	n/a	n/a	D255
663.6800000000	n/a	n/a	STATUS	n/a	n/a	DIN5
663.7280000000	n/a	n/a	STATUS	n/a	n/a	D255
664.1280000000	n/a	n/a	STATUS	n/a	n/a	D180
664.1800000000	n/a	n/a	STATUS	n/a	n/a	D255
664.2280000000	n/a	n/a	STATUS	n/a	n/a	DI54
664.2800000000	n/a	n/a	STATUS	n/a	n/a	D255
664.5640000000	n/a	n/a	STATUS	n/a	n/a	DI34
664.6120000000	n/a	n/a	STATUS	n/a	n/a	D255
664.8960000000	n/a	n/a	STATUS	n/a	n/a	DIN5
664.9480000000	n/a	n/a	STATUS	n/a	n/a	D255
665.4280000000	n/a	n/a	STATUS	n/a	n/a	DI78
665.4800000000	n/a	n/a	STATUS	n/a	n/a	D255
665.5280000000	n/a	n/a	STATUS	n/a	n/a	DI53
665.5800000000	n/a	n/a	STATUS	n/a	n/a	D255
665.8560000000	n/a	n/a	STATUS	n/a	n/a	DI43
665.9080000000	n/a	n/a	STATUS	n/a	n/a	D255
666.1800000000	n/a	n/a	STATUS	n/a	n/a	DIN5
666.2280000000	n/a	n/a	STATUS	n/a	n/a	D255
666.5960000000	n/a	n/a	STATUS	n/a	n/a	D152
666.6440000000	n/a	n/a	STATUS	n/a	n/a	D255
666.6960000000	n/a	n/a	STATUS	n/a	n/a	DI54
666.7440000000	n/a	n/a	STATUS	n/a	n/a	D255
666.9880000000	n/a	n/a	STATUS	n/a	n/a	DI34
667.0400000000	n/a	n/a	STATUS	n/a	n/a	D255
667.3120000000	n/a	n/a	STATUS	n/a	n/a	DIN5
667.3600000000	n/a	n/a	STATUS	n/a	n/a	D255
667.8120000000	n/a	n/a	STATUS	n/a	n/a	DI71
667.8600000000	n/a	n/a	STATUS	n/a	n/a	D255
667.9120000000	n/a	n/a	STATUS	n/a	n/a	DI51
667.9600000000	n/a	n/a	STATUS	n/a	n/a	D255
668.2200000000	n/a	n/a	STATUS	n/a	n/a	DI21
668.2720000000	n/a	n/a	STATUS	n/a	n/a	D255
668.2760000000	n/a	n/a	STATUS	n/a	n/a	DIN4
668.3280000000	n/a	n/a	STATUS	n/a	n/a	D255
669.0960000000	n/a	n/a	STATUS	n/a	n/a	DIN5
669.1440000000	n/a	n/a	STATUS	n/a	n/a	D255
669.4600000000	n/a	n/a	STATUS	n/a	n/a	D221
669.5120000000	n/a	n/a	STATUS	n/a	n/a	D255
669.5600000000	n/a	n/a	STATUS	n/a	n/a	DI52
669.6120000000	n/a	n/a	STATUS	n/a	n/a	D255
670.0120000000	n/a	n/a	STATUS	n/a	n/a	DI42
670.0600000000	n/a	n/a	STATUS	n/a	n/a	D255
670.3440000000	n/a	n/a	STATUS	n/a	n/a	DIN5
670.3920000000	n/a	n/a	STATUS	n/a	n/a	D255
670.7120000000	n/a	n/a	STATUS	n/a	n/a	D149
670.7600000000	n/a	n/a	STATUS	n/a	n/a	D255
670.8120000000	n/a	n/a	STATUS	n/a	n/a	DI51
670.8600000000	n/a	n/a	STATUS	n/a	n/a	D255
671.2040000000	n/a	n/a	STATUS	n/a	n/a	DI31
671.2560000000	n/a	n/a	STATUS	n/a	n/a	D255
671.5280000000	n/a	n/a	STATUS	n/a	n/a	DIN5
671.5760000000	n/a	n/a	STATUS	n/a	n/a	D255
671.9760000000	n/a	n/a	STATUS	n/a	n/a	D147
672.0280000000	n/a	n/a	STATUS	n/a	n/a	D255
672.0760000000	n/a	n/a	STATUS	n/a	n/a	DI53
672.1280000000	n/a	n/a	STATUS	n/a	n/a	D255
672.4080000000	n/a	n/a	STATUS	n/a	n/a	DI43
672.4560000000	n/a	n/a	STATUS	n/a	n/a	D255
672.7400000000	n/a	n/a	STATUS	n/a	n/a	DIN5
672.7920000000	n/a	n/a	STATUS	n/a	n/a	D255
673.1600000000	n/a	n/a	STATUS	n/a	n/a	D187
673.2080000000	n/a	n/a	STATUS	n/a	n/a	D255
673.2600000000	n/a	n/a	STATUS	n/a	n/a	DI52
673.3080000000	n/a	n/a	STATUS	n/a	n/a	D255
673.7080000000	n/a	n/a	STATUS	n/a	n/a	DI12
673.7600000000	n/a	n/a	STATUS	n/a	n/a	D255
673.7760000000	n/a	n/a	STATUS	n/a	n/a	DIN4
673.8240000000	n/a	n/a	STATUS	n/a	n/a	D255
674.5920000000	n/a	n/a	STATUS	n/a	n/a	DIN5
674.6440000000	n/a	n/a	STATUS	n/a	n/a	D255
675.1080000000	n/a	n/a	STATUS	n/a	n/a	D137
675.1600000000	n/a	n/a	STATUS	n/a	n/a	D255
675.2080000000	n/a	n/a	STATUS	n/a	n/a	DI52
675.2600000000	n/a	n/a	STATUS	n/a	n/a	D255
675.6760000000	n/a	n/a	STATUS	n/a	n/a	DI42
675.7240000000	n/a	n/a	STATUS	n/a	n/a	D255
675.7240000000	n/a	n/a	STATUS	n/a	n/a	D235
676.0080000000	n/a	n/a	STATUS	n/a	n/a	DIN5
676.0600000000	n/a	n/a	STATUS	n/a	n/a	D255
676.4400000000	n/a	n/a	STATUS	n/a	n/a	D105
676.4920000000	n/a	n/a	STATUS	n/a	n/a	D255
676.5400000000	n/a	n/a	STATUS	n/a	n/a	DI53
676.5920000000	n/a	n/a	STATUS	n/a	n/a	D255
676.8920000000	n/a	n/a	STATUS	n/a	n/a	DI13
676.9440000000	n/a	n/a	STATUS	n/a	n/a	D255
676.9560000000	n/a	n/a	STATUS	n/a	n/a	DIN4
677.0080000000	n/a	n/a	STATUS	n/a	n/a	D255
689.6000000000	n/a	n/a	STATUS	n/a	n/a	DIN5
689.6520000000	n/a	n/a	STATUS	n/a	n/a	D255
690.0840000000	n/a	n/a	STATUS	n/a	n/a	D202
690.1360000000	n/a	n/a	STATUS	n/a	n/a	D255
690.1840000000	n/a	n/a	STATUS	n/a	n/a	DI53
690.2360000000	n/a	n/a	STATUS	n/a	n/a	D255
690.6680000000	n/a	n/a	STATUS	n/a	n/a	DI43
690.7160000000	n/a	n/a	STATUS	n/a	n/a	D255
691.0000000000	n/a	n/a	STATUS	n/a	n/a	DIN5
691.0520000000	n/a	n/a	STATUS	n/a	n/a	D255
691.3840000000	n/a	n/a	STATUS	n/a	n/a	D113
691.4360000000	n/a	n/a	STATUS	n/a	n/a	D255
691.4840000000	n/a	n/a	STATUS	n/a	n/a	DI51
691.5360000000	n/a	n/a	STATUS	n/a	n/a	D255
691.8400000000	n/a	n/a	STATUS	n/a	n/a	DI31
691.8880000000	n/a	n/a	STATUS	n/a	n/a	D255
692.1680000000	n/a	n/a	STATUS	n/a	n/a	DIN5
692.2160000000	n/a	n/a	STATUS	n/a	n/a	D255
692.7160000000	n/a	n/a	STATUS	n/a	n/a	D158
692.7680000000	n/a	n/a	STATUS	n/a	n/a	D255
692.8160000000	n/a	n/a	STATUS	n/a	n/a	DI51
692.8680000000	n/a	n/a	STATUS	n/a	n/a	D255
693.1640000000	n/a	n/a	STATUS	n/a	n/a	DI31
693.2120000000	n/a	n/a	STATUS	n/a	n/a	D255
693.4840000000	n/a	n/a	STATUS	n/a	n/a	DIN5
693.5320000000	n/a	n/a	STATUS	n/a	n/a	D255
693.9840000000	n/a	n/a	STATUS	n/a	n/a	D119
694.0320000000	n/a	n/a	STATUS	n/a	n/a	D255
694.0840000000	n/a	n/a	STATUS	n/a	n/a	DI51
694.1320000000	n/a	n/a	STATUS	n/a	n/a	D255
694.4280000000	n/a	n/a	STATUS	n/a	n/a	DI31
694.4800000000	n/a	n/a	STATUS	n/a	n/a	D255
694.7680000000	n/a	n/a	STATUS	n/a	n/a	DIN5
694.8160000000	n/a	n/a	STATUS	n/a	n/a	D255
695.2840000000	n/a	n/a	STATUS	n/a	n/a	D236
695.3320000000	n/a	n/a	STATUS	n/a	n/a	D255
695.3840000000	n/a	n/a	STATUS	n/a	n/a	DI52
695.4320000000	n/a	n/a	STATUS	n/a	n/a	D255
695.8040000000	n/a	n/a	STATUS	n/a	n/a	DI42
695.8520000000	n/a	n/a	STATUS	n/a	n/a	D255
696.1320000000	n/a	n/a	STATUS	n/a	n/a	DIN5
696.1840000000	n/a	n/a	STATUS	n/a	n/a	D255
696.6800000000	n/a	n/a	STATUS	n/a	n/a	DI85
696.7320000000	n/a	n/a	STATUS	n/a	n/a	D255
696.7800000000	n/a	n/a	STATUS	n/a	n/a	DI52
696.8320000000	n/a	n/a	STATUS	n/a	n/a	D255
697.1440000000	n/a	n/a	STATUS	n/a	n/a	DI42
697.1920000000	n/a	n/a	STATUS	n/a	n/a	D255
697.4640000000	n/a	n/a	STATUS	n/a	n/a	DIN5
697.5160000000	n/a	n/a	STATUS	n/a	n/a	D255
697.9640000000	n/a	n/a	STATUS	n/a	n/a	D186
698.0160000000	n/a	n/a	STATUS	n/a	n/a	D255
698.0640000000	n/a	n/a	STATUS	n/a	n/a	DI51
698.1160000000	n/a	n/a	STATUS	n/a	n/a	D255
698.4320000000	n/a	n/a	STATUS	n/a	n/a	DI31
698.4800000000	n/a	n/a	STATUS	n/a	n/a	D255
698.7640000000	n/a	n/a	STATUS	n/a	n/a	DIN5
698.8160000000	n/a	n/a	STATUS	n/a	n/a	D255
699.1480000000	n/a	n/a	STATUS	n/a	n/a	D211
699.1960000000	n/a	n/a	STATUS	n/a	n/a	D255
699.2480000000	n/a	n/a	STATUS	n/a	n/a	DI51
699.2960000000	n/a	n/a	STATUS	n/a	n/a	D255
699.6400000000	n/a	n/a	STATUS	n/a	n/a	DI31
699.6880000000	n/a	n/a	STATUS	n/a	n/a	D255
699.9640000000	n/a	n/a	STATUS	n/a	n/a	DIN5
700.0160000000	n/a	n/a	STATUS	n/a	n/a	D255
700.4640000000	n/a	n/a	STATUS	n/a	n/a	D100
700.5120000000	n/a	n/a	STATUS	n/a	n/a	D255
700.5640000000	n/a	n/a	STATUS	n/a	n/a	DI52
700.6120000000	n/a	n/a	STATUS	n/a	n/a	D255
700.9320000000	n/a	n/a	STATUS	n/a	n/a	DI42
700.9800000000	n/a	n/a	STATUS	n/a	n/a	D255
701.2640000000	n/a	n/a	STATUS	n/a	n/a	DIN5
701.3120000000	n/a	n/a	STATUS	n/a	n/a	D255
701.6280000000	n/a	n/a	STATUS	n/a	n/a	DI72
701.6800000000	n/a	n/a	STATUS	n/a	n/a	D255
701.7280000000	n/a	n/a	STATUS	n/a	n/a	DI51
701.7800000000	n/a	n/a	STATUS	n/a	n/a	D255
702.1440000000	n/a	n/a	STATUS	n/a	n/a	DI31
702.1920000000	n/a	n/a	STATUS	n/a	n/a	D255
702.4640000000	n/a	n/a	STATUS	n/a	n/a	DIN5
702.5120000000	n/a	n/a	STATUS	n/a	n/a	D255
703.0120000000	n/a	n/a	STATUS	n/a	n/a	D191
703.0640000000	n/a	n/a	STATUS	n/a	n/a	D255
703.1120000000	n/a	n/a	STATUS	n/a	n/a	DI54
703.1640000000	n/a	n/a	STATUS	n/a	n/a	D255
703.4920000000	n/a	n/a	STATUS	n/a	n/a	DI34
703.5440000000	n/a	n/a	STATUS	n/a	n/a	D255
703.8120000000	n/a	n/a	STATUS	n/a	n/a	DIN5
703.8640000000	n/a	n/a	STATUS	n/a	n/a	D255
704.1800000000	n/a	n/a	STATUS	n/a	n/a	D206
704.2280000000	n/a	n/a	STATUS	n/a	n/a	D255
704.2800000000	n/a	n/a	STATUS	n/a	n/a	DI51
704.3280000000	n/a	n/a	STATUS	n/a	n/a	D255
704.6600000000	n/a	n/a	STATUS	n/a	n/a	DI31
704.7120000000	n/a	n/a	STATUS	n/a	n/a	D255
704.9960000000	n/a	n/a	STATUS	n/a	n/a	DIN5
705.0440000000	n/a	n/a	STATUS	n/a	n/a	D255
705.5120000000	n/a	n/a	STATUS	n/a	n/a	D128
705.5600000000	n/a	n/a	STATUS	n/a	n/a	D255
705.6120000000	n/a	n/a	STATUS	n/a	n/a	DI54
705.6600000000	n/a	n/a	STATUS	n/a	n/a	D255
705.9200000000	n/a	n/a	STATUS	n/a	n/a	DI34
705.9680000000	n/a	n/a	STATUS	n/a	n/a	D255
706.2440000000	n/a	n/a	STATUS	n/a	n/a	DIN5
706.2960000000	n/a	n/a	STATUS	n/a	n/a	D255
706.7960000000	n/a	n/a	STATUS	n/a	n/a	D199
706.8440000000	n/a	n/a	STATUS	n/a	n/a	D255
706.8960000000	n/a	n/a	STATUS	n/a	n/a	DI54
706.9440000000	n/a	n/a	STATUS	n/a	n/a	D255
707.2000000000	n/a	n/a	STATUS	n/a	n/a	DI34
707.2480000000	n/a	n/a	STATUS	n/a	n/a	D255
707.5280000000	n/a	n/a	STATUS	n/a	n/a	DIN5
707.5760000000	n/a	n/a	STATUS	n/a	n/a	D255
707.9960000000	n/a	n/a	STATUS	n/a	n/a	DI69
708.0440000000	n/a	n/a	STATUS	n/a	n/a	D255
708.0920000000	n/a	n/a	STATUS	n/a	n/a	DI54
708.1440000000	n/a	n/a	STATUS	n/a	n/a	D255
708.4360000000	n/a	n/a	STATUS	n/a	n/a	DI34
708.4840000000	n/a	n/a	STATUS	n/a	n/a	D255
708.7600000000	n/a	n/a	STATUS	n/a	n/a	DIN5
708.8120000000	n/a	n/a	STATUS	n/a	n/a	D255
709.3120000000	n/a	n/a	STATUS	n/a	n/a	DI86
709.3600000000	n/a	n/a	STATUS	n/a	n/a	D255
709.4120000000	n/a	n/a	STATUS	n/a	n/a	DI51
709.4600000000	n/a	n/a	STATUS	n/a	n/a	D255
709.7640000000	n/a	n/a	STATUS	n/a	n/a	DI31
709.8160000000	n/a	n/a	STATUS	n/a	n/a	D255
710.0920000000	n/a	n/a	STATUS	n/a	n/a	DIN5
710.1440000000	n/a	n/a	STATUS	n/a	n/a	D255
710.5440000000	n/a	n/a	STATUS	n/a	n/a	DI82
710.5920000000	n/a	n/a	STATUS	n/a	n/a	D255
710.6440000000	n/a	n/a	STATUS	n/a	n/a	DI52
710.6920000000	n/a	n/a	STATUS	n/a	n/a	D255
710.9480000000	n/a	n/a	STATUS	n/a	n/a	DI12
711.0000000000	n/a	n/a	STATUS	n/a	n/a	D255
711.0080000000	n/a	n/a	STATUS	n/a	n/a	DIN4
711.0600000000	n/a	n/a	STATUS	n/a	n/a	D255
711.8240000000	n/a	n/a	STATUS	n/a	n/a	DIN5
711.8760000000	n/a	n/a	STATUS	n/a	n/a	D255
712.3760000000	n/a	n/a	STATUS	n/a	n/a	D247
712.4240000000	n/a	n/a	STATUS	n/a	n/a	D255
712.4760000000	n/a	n/a	STATUS	n/a	n/a	DI54
712.5240000000	n/a	n/a	STATUS	n/a	n/a	D255
712.8720000000	n/a	n/a	STATUS	n/a	n/a	DI34
712.9200000000	n/a	n/a	STATUS	n/a	n/a	D255
713.1920000000	n/a	n/a	STATUS	n/a	n/a	DIN5
713.2440000000	n/a	n/a	STATUS	n/a	n/a	D255
713.6760000000	n/a	n/a	STATUS	n/a	n/a	D149
713.7240000000	n/a	n/a	STATUS	n/a	n/a	D255
713.7760000000	n/a	n/a	STATUS	n/a	n/a	DI53
713.8240000000	n/a	n/a	STATUS	n/a	n/a	D255
714.1160000000	n/a	n/a	STATUS	n/a	n/a	DI43
714.1680000000	n/a	n/a	STATUS	n/a	n/a	D255
714.4400000000	n/a	n/a	STATUS	n/a	n/a	DIN5
714.4920000000	n/a	n/a	STATUS	n/a	n/a	D255
714.9920000000	n/a	n/a	STATUS	n/a	n/a	DI95
715.0400000000	n/a	n/a	STATUS	n/a	n/a	D255
715.0920000000	n/a	n/a	STATUS	n/a	n/a	DI53
715.1400000000	n/a	n/a	STATUS	n/a	n/a	D255
715.4320000000	n/a	n/a	STATUS	n/a	n/a	DI43
715.4800000000	n/a	n/a	STATUS	n/a	n/a	D255
715.7560000000	n/a	n/a	STATUS	n/a	n/a	DIN5
715.8080000000	n/a	n/a	STATUS	n/a	n/a	D255
716.3240000000	n/a	n/a	STATUS	n/a	n/a	D163
716.3760000000	n/a	n/a	STATUS	n/a	n/a	D255
716.4240000000	n/a	n/a	STATUS	n/a	n/a	DI53
716.4760000000	n/a	n/a	STATUS	n/a	n/a	D255
716.7400000000	n/a	n/a	STATUS	n/a	n/a	DI43
716.7920000000	n/a	n/a	STATUS	n/a	n/a	D255
717.0720000000	n/a	n/a	STATUS	n/a	n/a	DIN5
717.1240000000	n/a	n/a	STATUS	n/a	n/a	D255
717.6240000000	n/a	n/a	STATUS	n/a	n/a	D156
717.6720000000	n/a	n/a	STATUS	n/a	n/a	D255
717.7240000000	n/a	n/a	STATUS	n/a	n/a	DI52
717.7720000000	n/a	n/a	STATUS	n/a	n/a	D255
718.1720000000	n/a	n/a	STATUS	n/a	n/a	DI42
718.2240000000	n/a	n/a	STATUS	n/a	n/a	D255
718.5080000000	n/a	n/a	STATUS	n/a	n/a	DIN5
718.5560000000	n/a	n/a	STATUS	n/a	n/a	D255
718.9560000000	n/a	n/a	STATUS	n/a	n/a	D203
719.0080000000	n/a	n/a	STATUS	n/a	n/a	D255
719.0560000000	n/a	n/a	STATUS	n/a	n/a	DI51
719.1080000000	n/a	n/a	STATUS	n/a	n/a	D255
719.4520000000	n/a	n/a	STATUS	n/a	n/a	DI31
719.5000000000	n/a	n/a	STATUS	n/a	n/a	D255
719.7720000000	n/a	n/a	STATUS	n/a	n/a	DIN5
719.8240000000	n/a	n/a	STATUS	n/a	n/a	D255
720.2040000000	n/a	n/a	STATUS	n/a	n/a	D177
720.2560000000	n/a	n/a	STATUS	n/a	n/a	D255
720.3040000000	n/a	n/a	STATUS	n/a	n/a	DI53
720.3560000000	n/a	n/a	STATUS	n/a	n/a	D255
720.6640000000	n/a	n/a	STATUS	n/a	n/a	DI43
720.7120000000	n/a	n/a	STATUS	n/a	n/a	D255
720.9880000000	n/a	n/a	STATUS	n/a	n/a	DIN5
721.0400000000	n/a	n/a	STATUS	n/a	n/a	D255
721.5560000000	n/a	n/a	STATUS	n/a	n/a	D139
721.6040000000	n/a	n/a	STATUS	n/a	n/a	D255
721.6560000000	n/a	n/a	STATUS	n/a	n/a	DI54
721.7040000000	n/a	n/a	STATUS	n/a	n/a	D255
721.9600000000	n/a	n/a	STATUS	n/a	n/a	DI34
722.0080000000	n/a	n/a	STATUS	n/a	n/a	D255
722.2880000000	n/a	n/a	STATUS	n/a	n/a	DIN5
722.3400000000	n/a	n/a	STATUS	n/a	n/a	D255
722.8040000000	n/a	n/a	STATUS	n/a	n/a	D251
722.8560000000	n/a	n/a	STATUS	n/a	n/a	D255
722.9040000000	n/a	n/a	STATUS	n/a	n/a	DI53
722.9560000000	n/a	n/a	STATUS	n/a	n/a	D255
723.2720000000	n/a	n/a	STATUS	n/a	n/a	DI43
723.3240000000	n/a	n/a	STATUS	n/a	n/a	D255
723.6040000000	n/a	n/a	STATUS	n/a	n/a	DIN5
723.6560000000	n/a	n/a	STATUS	n/a	n/a	D255
724.0360000000	n/a	n/a	STATUS	n/a	n/a	D249
724.0880000000	n/a	n/a	STATUS	n/a	n/a	D255
724.1360000000	n/a	n/a	STATUS	n/a	n/a	DI54
724.1880000000	n/a	n/a	STATUS	n/a	n/a	D255
724.5080000000	n/a	n/a	STATUS	n/a	n/a	DI34
724.5560000000	n/a	n/a	STATUS	n/a	n/a	D255
724.8360000000	n/a	n/a	STATUS	n/a	n/a	DIN5
724.8880000000	n/a	n/a	STATUS	n/a	n/a	D255
725.2040000000	n/a	n/a	STATUS	n/a	n/a	D240
725.2520000000	n/a	n/a	STATUS	n/a	n/a	D255
725.3040000000	n/a	n/a	STATUS	n/a	n/a	DI53
725.3520000000	n/a	n/a	STATUS	n/a	n/a	D255
725.6600000000	n/a	n/a	STATUS	n/a	n/a	DI43
725.7080000000	n/a	n/a	STATUS	n/a	n/a	D255
725.9880000000	n/a	n/a	STATUS	n/a	n/a	DIN5
726.0360000000	n/a	n/a	STATUS	n/a	n/a	D255
726.4200000000	n/a	n/a	STATUS	n/a	n/a	D217
726.4720000000	n/a	n/a	STATUS	n/a	n/a	D255
726.5200000000	n/a	n/a	STATUS	n/a	n/a	DI52
726.5720000000	n/a	n/a	STATUS	n/a	n/a	D255
726.8360000000	n/a	n/a	STATUS	n/a	n/a	DI12
726.8840000000	n/a	n/a	STATUS	n/a	n/a	D255
726.9040000000	n/a	n/a	STATUS	n/a	n/a	DIN4
726.9520000000	n/a	n/a	STATUS	n/a	n/a	D255
727.7200000000	n/a	n/a	STATUS	n/a	n/a	DIN5
727.7680000000	n/a	n/a	STATUS	n/a	n/a	D255
728.2680000000	n/a	n/a	STATUS	n/a	n/a	D179
728.3200000000	n/a	n/a	STATUS	n/a	n/a	D255
728.3680000000	n/a	n/a	STATUS	n/a	n/a	DI54
728.4200000000	n/a	n/a	STATUS	n/a	n/a	D255
728.7240000000	n/a	n/a	STATUS	n/a	n/a	DI34
728.7720000000	n/a	n/a	STATUS	n/a	n/a	D255
729.0520000000	n/a	n/a	STATUS	n/a	n/a	DIN5
729.1040000000	n/a	n/a	STATUS	n/a	n/a	D255
729.5840000000	n/a	n/a	STATUS	n/a	n/a	D181
729.6360000000	n/a	n/a	STATUS	n/a	n/a	D255
729.6840000000	n/a	n/a	STATUS	n/a	n/a	DI53
729.7360000000	n/a	n/a	STATUS	n/a	n/a	D255
730.0640000000	n/a	n/a	STATUS	n/a	n/a	DI43
730.1120000000	n/a	n/a	STATUS	n/a	n/a	D255
730.3840000000	n/a	n/a	STATUS	n/a	n/a	DIN5
730.4360000000	n/a	n/a	STATUS	n/a	n/a	D255
730.8680000000	n/a	n/a	STATUS	n/a	n/a	DI76
730.9200000000	n/a	n/a	STATUS	n/a	n/a	D255
730.9680000000	n/a	n/a	STATUS	n/a	n/a	DI53
731.0200000000	n/a	n/a	STATUS	n/a	n/a	D255
731.3360000000	n/a	n/a	STATUS	n/a	n/a	DI43
731.3840000000	n/a	n/a	STATUS	n/a	n/a	D255
731.6680000000	n/a	n/a	STATUS	n/a	n/a	DIN5
731.7160000000	n/a	n/a	STATUS	n/a	n/a	D255
732.1000000000	n/a	n/a	STATUS	n/a	n/a	D204
732.1520000000	n/a	n/a	STATUS	n/a	n/a	D255
732.2000000000	n/a	n/a	STATUS	n/a	n/a	DI52
732.2520000000	n/a	n/a	STATUS	n/a	n/a	D255
732.6840000000	n/a	n/a	STATUS	n/a	n/a	DI42
732.7360000000	n/a	n/a	STATUS	n/a	n/a	D255
733.0160000000	n/a	n/a	STATUS	n/a	n/a	DIN5
733.0680000000	n/a	n/a	STATUS	n/a	n/a	D255
733.4320000000	n/a	n/a	STATUS	n/a	n/a	D244
733.4840000000	n/a	n/a	STATUS	n/a	n/a	D255
733.5320000000	n/a	n/a	STATUS	n/a	n/a	DI51
733.5840000000	n/a	n/a	STATUS	n/a	n/a	D255
734.0160000000	n/a	n/a	STATUS	n/a	n/a	DI31
734.0680000000	n/a	n/a	STATUS	n/a	n/a	D255
734.3480000000	n/a	n/a	STATUS	n/a	n/a	DIN5
734.4000000000	n/a	n/a	STATUS	n/a	n/a	D255
734.8160000000	n/a	n/a	STATUS	n/a	n/a	D207
734.8680000000	n/a	n/a	STATUS	n/a	n/a	D255
734.9160000000	n/a	n/a	STATUS	n/a	n/a	DI52
734.9680000000	n/a	n/a	STATUS	n/a	n/a	D255
735.3040000000	n/a	n/a	STATUS	n/a	n/a	DI42
735.3520000000	n/a	n/a	STATUS	n/a	n/a	D255
735.6320000000	n/a	n/a	STATUS	n/a	n/a	DIN5
735.6840000000	n/a	n/a	STATUS	n/a	n/a	D255
736.1480000000	n/a	n/a	STATUS	n/a	n/a	DI84
736.2000000000	n/a	n/a	STATUS	n/a	n/a	D255
736.2480000000	n/a	n/a	STATUS	n/a	n/a	DI52
736.3000000000	n/a	n/a	STATUS	n/a	n/a	D255
736.6480000000	n/a	n/a	STATUS	n/a	n/a	DI42
736.7000000000	n/a	n/a	STATUS	n/a	n/a	D255
736.9840000000	n/a	n/a	STATUS	n/a	n/a	DIN5
737.0320000000	n/a	n/a	STATUS	n/a	n/a	D255
737.4480000000	n/a	n/a	STATUS	n/a	n/a	DI91
737.5000000000	n/a	n/a	STATUS	n/a	n/a	D255
737.5480000000	n/a	n/a	STATUS	n/a	n/a	DI54
737.6000000000	n/a	n/a	STATUS	n/a	n/a	D255
737.8920000000	n/a	n/a	STATUS	n/a	n/a	DI24
737.9400000000	n/a	n/a	STATUS	n/a	n/a	D255
737.9480000000	n/a	n/a	STATUS	n/a	n/a	DIN4
738.0000000000	n/a	n/a	STATUS	n/a	n/a	D255
738.7640000000	n/a	n/a	STATUS	n/a	n/a	DIN5
738.8160000000	n/a	n/a	STATUS	n/a	n/a	D255
739.1480000000	n/a	n/a	STATUS	n/a	n/a	D237
739.2000000000	n/a	n/a	STATUS	n/a	n/a	D255
739.2480000000	n/a	n/a	STATUS	n/a	n/a	DI53
739.3000000000	n/a	n/a	STATUS	n/a	n/a	D255
739.5960000000	n/a	n/a	STATUS	n/a	n/a	DI43
739.6480000000	n/a	n/a	STATUS	n/a	n/a	D255
739.9320000000	n/a	n/a	STATUS	n/a	n/a	DIN5
739.9800000000	n/a	n/a	STATUS	n/a	n/a	D255
740.3800000000	n/a	n/a	STATUS	n/a	n/a	D137
740.4320000000	n/a	n/a	STATUS	n/a	n/a	D255
740.4800000000	n/a	n/a	STATUS	n/a	n/a	DI53
740.5320000000	n/a	n/a	STATUS	n/a	n/a	D255
740.8120000000	n/a	n/a	STATUS	n/a	n/a	DI43
740.8600000000	n/a	n/a	STATUS	n/a	n/a	D255
741.1480000000	n/a	n/a	STATUS	n/a	n/a	DIN5
741.1960000000	n/a	n/a	STATUS	n/a	n/a	D255
741.6800000000	n/a	n/a	STATUS	n/a	n/a	DI77
741.7320000000	n/a	n/a	STATUS	n/a	n/a	D255
741.7800000000	n/a	n/a	STATUS	n/a	n/a	DI52
741.8320000000	n/a	n/a	STATUS	n/a	n/a	D255
742.2960000000	n/a	n/a	STATUS	n/a	n/a	DI42
742.3480000000	n/a	n/a	STATUS	n/a	n/a	D255
742.6280000000	n/a	n/a	STATUS	n/a	n/a	DIN5
742.6800000000	n/a	n/a	STATUS	n/a	n/a	D255
743.1480000000	n/a	n/a	STATUS	n/a	n/a	D223
743.1960000000	n/a	n/a	STATUS	n/a	n/a	D255
743.2480000000	n/a	n/a	STATUS	n/a	n/a	DI51
743.2960000000	n/a	n/a	STATUS	n/a	n/a	D255
743.6480000000	n/a	n/a	STATUS	n/a	n/a	DI31
743.7000000000	n/a	n/a	STATUS	n/a	n/a	D255
743.9800000000	n/a	n/a	STATUS	n/a	n/a	DIN5
744.0280000000	n/a	n/a	STATUS	n/a	n/a	D255
744.3800000000	n/a	n/a	STATUS	n/a	n/a	D222
744.4280000000	n/a	n/a	STATUS	n/a	n/a	D255
744.4800000000	n/a	n/a	STATUS	n/a	n/a	DI52
744.5280000000	n/a	n/a	STATUS	n/a	n/a	D255
744.8680000000	n/a	n/a	STATUS	n/a	n/a	DI42
744.9160000000	n/a	n/a	STATUS	n/a	n/a	D255
745.1960000000	n/a	n/a	STATUS	n/a	n/a	DIN5
745.2440000000	n/a	n/a	STATUS	n/a	n/a	D255
745.5800000000	n/a	n/a	STATUS	n/a	n/a	DI73
745.6280000000	n/a	n/a	STATUS	n/a	n/a	D255
745.6800000000	n/a	n/a	STATUS	n/a	n/a	DI51
745.7280000000	n/a	n/a	STATUS	n/a	n/a	D255
746.0560000000	n/a	n/a	STATUS	n/a	n/a	DI31
746.1080000000	n/a	n/a	STATUS	n/a	n/a	D255
746.3800000000	n/a	n/a	STATUS	n/a	n/a	DIN5
746.4280000000	n/a	n/a	STATUS	n/a	n/a	D255
746.8960000000	n/a	n/a	STATUS	n/a	n/a	D159
746.9440000000	n/a	n/a	STATUS	n/a	n/a	D255
746.9960000000	n/a	n/a	STATUS	n/a	n/a	DI54
747.0440000000	n/a	n/a	STATUS	n/a	n/a	D255
747.3400000000	n/a	n/a	STATUS	n/a	n/a	DI34
747.3920000000	n/a	n/a	STATUS	n/a	n/a	D255
747.6760000000	n/a	n/a	STATUS	n/a	n/a	DIN5
747.7280000000	n/a	n/a	STATUS	n/a	n/a	D255
748.0960000000	n/a	n/a	STATUS	n/a	n/a	D254
748.1440000000	n/a	n/a	STATUS	n/a	n/a	D255
748.1960000000	n/a	n/a	STATUS	n/a	n/a	DI51
748.2440000000	n/a	n/a	STATUS	n/a	n/a	D255
748.6960000000	n/a	n/a	STATUS	n/a	n/a	DI31
748.7440000000	n/a	n/a	STATUS	n/a	n/a	D255
749.0280000000	n/a	n/a	STATUS	n/a	n/a	DIN5
749.0760000000	n/a	n/a	STATUS	n/a	n/a	D255
749.4600000000	n/a	n/a	STATUS	n/a	n/a	D171
749.5120000000	n/a	n/a	STATUS	n/a	n/a	D255
749.5600000000	n/a	n/a	STATUS	n/a	n/a	DI52
749.6120000000	n/a	n/a	STATUS	n/a	n/a	D255
750.0440000000	n/a	n/a	STATUS	n/a	n/a	DI42
750.0920000000	n/a	n/a	STATUS	n/a	n/a	D255
750.3760000000	n/a	n/a	STATUS	n/a	n/a	DIN5
750.4280000000	n/a	n/a	STATUS	n/a	n/a	D255
750.9080000000	n/a	n/a	STATUS	n/a	n/a	D209
750.9600000000	n/a	n/a	STATUS	n/a	n/a	D255
751.0080000000	n/a	n/a	STATUS	n/a	n/a	DI52
751.0600000000	n/a	n/a	STATUS	n/a	n/a	D255
751.4080000000	n/a	n/a	STATUS	n/a	n/a	DI42
751.4560000000	n/a	n/a	STATUS	n/a	n/a	D255
751.7440000000	n/a	n/a	STATUS	n/a	n/a	DIN5
751.7920000000	n/a	n/a	STATUS	n/a	n/a	D255
752.1280000000	n/a	n/a	STATUS	n/a	n/a	D104
752.1760000000	n/a	n/a	STATUS	n/a	n/a	D255
752.2280000000	n/a	n/a	STATUS	n/a	n/a	DI54
752.2760000000	n/a	n/a	STATUS	n/a	n/a	D255
752.7440000000	n/a	n/a	STATUS	n/a	n/a	DI24
752.7920000000	n/a	n/a	STATUS	n/a	n/a	D255
752.8080000000	n/a	n/a	STATUS	n/a	n/a	DIN4
752.8600000000	n/a	n/a	STATUS	n/a	n/a	D255
753.6240000000	n/a	n/a	STATUS	n/a	n/a	DIN5
753.6760000000	n/a	n/a	STATUS	n/a	n/a	D255
754.0600000000	n/a	n/a	STATUS	n/a	n/a	D229
754.1080000000	n/a	n/a	STATUS	n/a	n/a	D255
754.1600000000	n/a	n/a	STATUS	n/a	n/a	DI51
754.2080000000	n/a	n/a	STATUS	n/a	n/a	D255
754.6760000000	n/a	n/a	STATUS	n/a	n/a	DI31
754.7240000000	n/a	n/a	STATUS	n/a	n/a	D255
755.0080000000	n/a	n/a	STATUS	n/a	n/a	DIN5
755.0600000000	n/a	n/a	STATUS	n/a	n/a	D255
755.5080000000	n/a	n/a	STATUS	n/a	n/a	D201
755.5600000000	n/a	n/a	STATUS	n/a	n/a	D255
755.6080000000	n/a	n/a	STATUS	n/a	n/a	DI53
755.6600000000	n/a	n/a	STATUS	n/a	n/a	D255
755.9160000000	n/a	n/a	STATUS	n/a	n/a	DI43
755.9680000000	n/a	n/a	STATUS	n/a	n/a	D255
756.2400000000	n/a	n/a	STATUS	n/a	n/a	DIN5
756.2920000000	n/a	n/a	STATUS	n/a	n/a	D255
756.6240000000	n/a	n/a	STATUS	n/a	n/a	D106
756.6760000000	n/a	n/a	STATUS	n/a	n/a	D255
756.7240000000	n/a	n/a	STATUS	n/a	n/a	DI51
756.7760000000	n/a	n/a	STATUS	n/a	n/a	D255
757.1080000000	n/a	n/a	STATUS	n/a	n/a	DI31
757.1600000000	n/a	n/a	STATUS	n/a	n/a	D255
757.4400000000	n/a	n/a	STATUS	n/a	n/a	DIN5
757.4920000000	n/a	n/a	STATUS	n/a	n/a	D255
757.8920000000	n/a	n/a	STATUS	n/a	n/a	DI89
757.9400000000	n/a	n/a	STATUS	n/a	n/a	D255
757.9920000000	n/a	n/a	STATUS	n/a	n/a	DI51
758.0400000000	n/a	n/a	STATUS	n/a	n/a	D255
758.3720000000	n/a	n/a	STATUS	n/a	n/a	DI31
758.4240000000	n/a	n/a	STATUS	n/a	n/a	D255
758.7080000000	n/a	n/a	STATUS	n/a	n/a	DIN5
758.7560000000	n/a	n/a	STATUS	n/a	n/a	D255
759.1560000000	n/a	n/a	STATUS	n/a	n/a	DI65
759.2080000000	n/a	n/a	STATUS	n/a	n/a	D255
759.2560000000	n/a	n/a	STATUS	n/a	n/a	DI53
759.3080000000	n/a	n/a	STATUS	n/a	n/a	D255
759.6240000000	n/a	n/a	STATUS	n/a	n/a	DI43
759.6720000000	n/a	n/a	STATUS	n/a	n/a	D255
759.9560000000	n/a	n/a	STATUS	n/a	n/a	DIN5
760.0080000000	n/a	n/a	STATUS	n/a	n/a	D255
760.4880000000	n/a	n/a	STATUS	n/a	n/a	D189
760.5400000000	n/a	n/a	STATUS	n/a	n/a	D255
760.5880000000	n/a	n/a	STATUS	n/a	n/a	DI52
760.6400000000	n/a	n/a	STATUS	n/a	n/a	D255
760.8880000000	n/a	n/a	STATUS	n/a	n/a	DI12
760.9400000000	n/a	n/a	STATUS	n/a	n/a	D255
760.9560000000	n/a	n/a	STATUS	n/a	n/a	DIN4
761.0080000000	n/a	n/a	STATUS	n/a	n/a	D255
761.7720000000	n/a	n/a	STATUS	n/a	n/a	DIN5
761.8240000000	n/a	n/a	STATUS	n/a	n/a	D255
762.3200000000	n/a	n/a	STATUS	n/a	n/a	D234
762.3720000000	n/a	n/a	STATUS	n/a	n/a	D255
762.4200000000	n/a	n/a	STATUS	n/a	n/a	DI53
762.4720000000	n/a	n/a	STATUS	n/a	n/a	D255
762.7800000000	n/a	n/a	STATUS	n/a	n/a	DI43
762.8320000000	n/a	n/a	STATUS	n/a	n/a	D255
763.1040000000	n/a	n/a	STATUS	n/a	n/a	DIN5
763.1560000000	n/a	n/a	STATUS	n/a	n/a	D255
763.6560000000	n/a	n/a	STATUS	n/a	n/a	D219
763.7040000000	n/a	n/a	STATUS	n/a	n/a	D255
763.7560000000	n/a	n/a	STATUS	n/a	n/a	DI53
763.8040000000	n/a	n/a	STATUS	n/a	n/a	D255
764.0720000000	n/a	n/a	STATUS	n/a	n/a	DI43
764.1200000000	n/a	n/a	STATUS	n/a	n/a	D255
764.4040000000	n/a	n/a	STATUS	n/a	n/a	DIN5
764.4560000000	n/a	n/a	STATUS	n/a	n/a	D255
764.9360000000	n/a	n/a	STATUS	n/a	n/a	D245
764.9880000000	n/a	n/a	STATUS	n/a	n/a	D255
765.0360000000	n/a	n/a	STATUS	n/a	n/a	DI54
765.0880000000	n/a	n/a	STATUS	n/a	n/a	D255
765.4160000000	n/a	n/a	STATUS	n/a	n/a	DI34
765.4680000000	n/a	n/a	STATUS	n/a	n/a	D255
765.7360000000	n/a	n/a	STATUS	n/a	n/a	DIN5
765.7880000000	n/a	n/a	STATUS	n/a	n/a	D255
766.2880000000	n/a	n/a	STATUS	n/a	n/a	D142
766.3360000000	n/a	n/a	STATUS	n/a	n/a	D255
766.3880000000	n/a	n/a	STATUS	n/a	n/a	DI52
766.4360000000	n/a	n/a	STATUS	n/a	n/a	D255
766.7800000000	n/a	n/a	STATUS	n/a	n/a	DI42
766.8320000000	n/a	n/a	STATUS	n/a	n/a	D255
767.1040000000	n/a	n/a	STATUS	n/a	n/a	DIN5
767.1520000000	n/a	n/a	STATUS	n/a	n/a	D255
767.4680000000	n/a	n/a	STATUS	n/a	n/a	DI96
767.5200000000	n/a	n/a	STATUS	n/a	n/a	D255
767.5680000000	n/a	n/a	STATUS	n/a	n/a	DI51
767.6200000000	n/a	n/a	STATUS	n/a	n/a	D255
767.9560000000	n/a	n/a	STATUS	n/a	n/a	DI31
768.0040000000	n/a	n/a	STATUS	n/a	n/a	D255
768.2880000000	n/a	n/a	STATUS	n/a	n/a	DIN5
768.3360000000	n/a	n/a	STATUS	n/a	n/a	D255
768.7200000000	n/a	n/a	STATUS	n/a	n/a	D221
768.7680000000	n/a	n/a	STATUS	n/a	n/a	D255
768.8200000000	n/a	n/a	STATUS	n/a	n/a	DI52
768.8680000000	n/a	n/a	STATUS	n/a	n/a	D255
769.2240000000	n/a	n/a	STATUS	n/a	n/a	DI42
769.2760000000	n/a	n/a	STATUS	n/a	n/a	D255
769.5520000000	n/a	n/a	STATUS	n/a	n/a	DIN5
769.6040000000	n/a	n/a	STATUS	n/a	n/a	D255
770.1040000000	n/a	n/a	STATUS	n/a	n/a	DI92
770.1520000000	n/a	n/a	STATUS	n/a	n/a	D255
770.2040000000	n/a	n/a	STATUS	n/a	n/a	DI54
770.2520000000	n/a	n/a	STATUS	n/a	n/a	D255
770.5200000000	n/a	n/a	STATUS	n/a	n/a	DI34
770.5720000000	n/a	n/a	STATUS	n/a	n/a	D255
770.8520000000	n/a	n/a	STATUS	n/a	n/a	DIN5
770.9040000000	n/a	n/a	STATUS	n/a	n/a	D255
771.3680000000	n/a	n/a	STATUS	n/a	n/a	D134
771.4200000000	n/a	n/a	STATUS	n/a	n/a	D255
771.4680000000	n/a	n/a	STATUS	n/a	n/a	DI51
771.5200000000	n/a	n/a	STATUS	n/a	n/a	D255
771.8200000000	n/a	n/a	STATUS	n/a	n/a	DI31
771.8720000000	n/a	n/a	STATUS	n/a	n/a	D255
772.1520000000	n/a	n/a	STATUS	n/a	n/a	DIN5
772.2000000000	n/a	n/a	STATUS	n/a	n/a	D255
772.6520000000	n/a	n/a	STATUS	n/a	n/a	D193
772.7000000000	n/a	n/a	STATUS	n/a	n/a	D255
772.7520000000	n/a	n/a	STATUS	n/a	n/a	DI54
772.8000000000	n/a	n/a	STATUS	n/a	n/a	D255
773.0800000000	n/a	n/a	STATUS	n/a	n/a	DI34
773.1280000000	n/a	n/a	STATUS	n/a	n/a	D255
773.4000000000	n/a	n/a	STATUS	n/a	n/a	DIN5
773.4520000000	n/a	n/a	STATUS	n/a	n/a	D255
773.9320000000	n/a	n/a	STATUS	n/a	n/a	D114
773.9840000000	n/a	n/a	STATUS	n/a	n/a	D255
774.0320000000	n/a	n/a	STATUS	n/a	n/a	DI53
774.0840000000	n/a	n/a	STATUS	n/a	n/a	D255
774.3280000000	n/a	n/a	STATUS	n/a	n/a	DI43
774.3800000000	n/a	n/a	STATUS	n/a	n/a	D255
774.6520000000	n/a	n/a	STATUS	n/a	n/a	DIN5
774.7000000000	n/a	n/a	STATUS	n/a	n/a	D255
775.0320000000	n/a	n/a	STATUS	n/a	n/a	D147
775.0840000000	n/a	n/a	STATUS	n/a	n/a	D255
775.1320000000	n/a	n/a	STATUS	n/a	n/a	DI54
775.1840000000	n/a	n/a	STATUS	n/a	n/a	D255
775.4360000000	n/a	n/a	STATUS	n/a	n/a	DI34
775.4880000000	n/a	n/a	STATUS	n/a	n/a	D255
775.7680000000	n/a	n/a	STATUS	n/a	n/a	DIN5
775.8160000000	n/a	n/a	STATUS	n/a	n/a	D255
776.2840000000	n/a	n/a	STATUS	n/a	n/a	D166
776.3320000000	n/a	n/a	STATUS	n/a	n/a	D255
776.3840000000	n/a	n/a	STATUS	n/a	n/a	DI54
776.4320000000	n/a	n/a	STATUS	n/a	n/a	D255
776.6640000000	n/a	n/a	STATUS	n/a	n/a	DI34
776.7120000000	n/a	n/a	STATUS	n/a	n/a	D255
776.9840000000	n/a	n/a	STATUS	n/a	n/a	DIN5
777.0320000000	n/a	n/a	STATUS	n/a	n/a	D255
777.5160000000	n/a	n/a	STATUS	n/a	n/a	D152
777.5640000000	n/a	n/a	STATUS	n/a	n/a	D255
777.6160000000	n/a	n/a	STATUS	n/a	n/a	DI53
777.6640000000	n/a	n/a	STATUS	n/a	n/a	D255
777.9400000000	n/a	n/a	STATUS	n/a	n/a	DI43
777.9920000000	n/a	n/a	STATUS	n/a	n/a	D255
778.2640000000	n/a	n/a	STATUS	n/a	n/a	DIN5
778.3160000000	n/a	n/a	STATUS	n/a	n/a	D255
778.7000000000	n/a	n/a	STATUS	n/a	n/a	DI68
778.7480000000	n/a	n/a	STATUS	n/a	n/a	D255
778.8000000000	n/a	n/a	STATUS	n/a	n/a	DI51
778.8480000000	n/a	n/a	STATUS	n/a	n/a	D255
779.1800000000	n/a	n/a	STATUS	n/a	n/a	DI31
779.2280000000	n/a	n/a	STATUS	n/a	n/a	D255
779.5160000000	n/a	n/a	STATUS	n/a	n/a	DIN5
779.5640000000	n/a	n/a	STATUS	n/a	n/a	D255
779.9480000000	n/a	n/a	STATUS	n/a	n/a	D160
780.0000000000	n/a	n/a	STATUS	n/a	n/a	D255
780.0480000000	n/a	n/a	STATUS	n/a	n/a	DI53
780.1000000000	n/a	n/a	STATUS	n/a	n/a	D255
780.4040000000	n/a	n/a	STATUS	n/a	n/a	DI43
780.4560000000	n/a	n/a	STATUS	n/a	n/a	D255
780.7320000000	n/a	n/a	STATUS	n/a	n/a	DIN5
780.7800000000	n/a	n/a	STATUS	n/a	n/a	D255
781.2320000000	n/a	n/a	STATUS	n/a	n/a	D120
781.2800000000	n/a	n/a	STATUS	n/a	n/a	D255
781.3320000000	n/a	n/a	STATUS	n/a	n/a	DI51
781.3800000000	n/a	n/a	STATUS	n/a	n/a	D255
781.7080000000	n/a	n/a	STATUS	n/a	n/a	DI31
781.7560000000	n/a	n/a	STATUS	n/a	n/a	D255
782.0320000000	n/a	n/a	STATUS	n/a	n/a	DIN5
782.0800000000	n/a	n/a	STATUS	n/a	n/a	D255
782.5640000000	n/a	n/a	STATUS	n/a	n/a	D215
782.6120000000	n/a	n/a	STATUS	n/a	n/a	D255
782.6640000000	n/a	n/a	STATUS	n/a	n/a	DI52
782.7120000000	n/a	n/a	STATUS	n/a	n/a	D255
783.0640000000	n/a	n/a	STATUS	n/a	n/a	DI42
783.1120000000	n/a	n/a	STATUS	n/a	n/a	D255
783.3960000000	n/a	n/a	STATUS	n/a	n/a	DIN5
783.4480000000	n/a	n/a	STATUS	n/a	n/a	D255
783.8120000000	n/a	n/a	STATUS	n/a	n/a	D105
783.8640000000	n/a	n/a	STATUS	n/a	n/a	D255
783.9120000000	n/a	n/a	STATUS	n/a	n/a	DI53
783.9640000000	n/a	n/a	STATUS	n/a	n/a	D255
784.2840000000	n/a	n/a	STATUS	n/a	n/a	DI13
784.3320000000	n/a	n/a	STATUS	n/a	n/a	D255
784.3480000000	n/a	n/a	STATUS	n/a	n/a	DIN4
784.3960000000	n/a	n/a	STATUS	n/a	n/a	D255
785.1640000000	n/a	n/a	STATUS	n/a	n/a	DIN5
785.2120000000	n/a	n/a	STATUS	n/a	n/a	D255
785.7120000000	n/a	n/a	STATUS	n/a	n/a	D146
785.7640000000	n/a	n/a	STATUS	n/a	n/a	D255
785.8120000000	n/a	n/a	STATUS	n/a	n/a	DI51
785.8640000000	n/a	n/a	STATUS	n/a	n/a	D255
786.2240000000	n/a	n/a	STATUS	n/a	n/a	DI31
786.2760000000	n/a	n/a	STATUS	n/a	n/a	D255
786.5440000000	n/a	n/a	STATUS	n/a	n/a	DIN5
786.5960000000	n/a	n/a	STATUS	n/a	n/a	D255
787.0960000000	n/a	n/a	STATUS	n/a	n/a	D144
787.1440000000	n/a	n/a	STATUS	n/a	n/a	D255
787.1960000000	n/a	n/a	STATUS	n/a	n/a	DI54
787.2440000000	n/a	n/a	STATUS	n/a	n/a	D255
787.5080000000	n/a	n/a	STATUS	n/a	n/a	DI34
787.5600000000	n/a	n/a	STATUS	n/a	n/a	D255
787.8280000000	n/a	n/a	STATUS	n/a	n/a	DIN5
787.8800000000	n/a	n/a	STATUS	n/a	n/a	D255
788.3800000000	n/a	n/a	STATUS	n/a	n/a	D107
788.4280000000	n/a	n/a	STATUS	n/a	n/a	D255
788.4760000000	n/a	n/a	STATUS	n/a	n/a	DI53
788.5280000000	n/a	n/a	STATUS	n/a	n/a	D255
788.8040000000	n/a	n/a	STATUS	n/a	n/a	DI43
788.8560000000	n/a	n/a	STATUS	n/a	n/a	D255
789.1280000000	n/a	n/a	STATUS	n/a	n/a	DIN5
789.1760000000	n/a	n/a	STATUS	n/a	n/a	D255
789.6600000000	n/a	n/a	STATUS	n/a	n/a	D167
789.7120000000	n/a	n/a	STATUS	n/a	n/a	D255
789.7600000000	n/a	n/a	STATUS	n/a	n/a	DI54
789.8120000000	n/a	n/a	STATUS	n/a	n/a	D255
790.0840000000	n/a	n/a	STATUS	n/a	n/a	DI34
790.1360000000	n/a	n/a	STATUS	n/a	n/a	D255
790.4120000000	n/a	n/a	STATUS	n/a	n/a	DIN5
790.4600000000	n/a	n/a	STATUS	n/a	n/a	D255
790.9600000000	n/a	n/a	STATUS	n/a	n/a	D253
791.0120000000	n/a	n/a	STATUS	n/a	n/a	D255
791.0600000000	n/a	n/a	STATUS	n/a	n/a	DI54
791.1120000000	n/a	n/a	STATUS	n/a	n/a	D255
791.3840000000	n/a	n/a	STATUS	n/a	n/a	DI34
791.4360000000	n/a	n/a	STATUS	n/a	n/a	D255
791.7120000000	n/a	n/a	STATUS	n/a	n/a	DIN5
791.7600000000	n/a	n/a	STATUS	n/a	n/a	D255
792.2080000000	n/a	n/a	STATUS	n/a	n/a	D168
792.2600000000	n/a	n/a	STATUS	n/a	n/a	D255
792.3080000000	n/a	n/a	STATUS	n/a	n/a	DI53
792.3600000000	n/a	n/a	STATUS	n/a	n/a	D255
792.6440000000	n/a	n/a	STATUS	n/a	n/a	DI43
792.6920000000	n/a	n/a	STATUS	n/a	n/a	D255
792.9760000000	n/a	n/a	STATUS	n/a	n/a	DIN5
793.0280000000	n/a	n/a	STATUS	n/a	n/a	D255
793.5240000000	n/a	n/a	STATUS	n/a	n/a	D243
793.5760000000	n/a	n/a	STATUS	n/a	n/a	D255
793.6240000000	n/a	n/a	STATUS	n/a	n/a	DI53
793.6760000000	n/a	n/a	STATUS	n/a	n/a	D255
793.9280000000	n/a	n/a	STATUS	n/a	n/a	DI43
793.9800000000	n/a	n/a	STATUS	n/a	n/a	D255
794.2600000000	n/a	n/a	STATUS	n/a	n/a	DIN5
794.3080000000	n/a	n/a	STATUS	n/a	n/a	D255
794.7920000000	n/a	n/a	STATUS	n/a	n/a	D103
794.8440000000	n/a	n/a	STATUS	n/a	n/a	D255
794.8920000000	n/a	n/a	STATUS	n/a	n/a	DI52
794.9440000000	n/a	n/a	STATUS	n/a	n/a	D255
795.3920000000	n/a	n/a	STATUS	n/a	n/a	DI42
795.4440000000	n/a	n/a	STATUS	n/a	n/a	D255
795.7240000000	n/a	n/a	STATUS	n/a	n/a	DIN5
795.7760000000	n/a	n/a	STATUS	n/a	n/a	D255
796.1760000000	n/a	n/a	STATUS	n/a	n/a	DI93
796.2240000000	n/a	n/a	STATUS	n/a	n/a	D255
796.2760000000	n/a	n/a	STATUS	n/a	n/a	DI51
796.3240000000	n/a	n/a	STATUS	n/a	n/a	D255
796.6440000000	n/a	n/a	STATUS	n/a	n/a	DI31
796.6920000000	n/a	n/a	STATUS	n/a	n/a	D255
796.9760000000	n/a	n/a	STATUS	n/a	n/a	DIN5
797.0240000000	n/a	n/a	STATUS	n/a	n/a	D255
797.5240000000	n/a	n/a	STATUS	n/a	n/a	D208
797.5760000000	n/a	n/a	STATUS	n/a	n/a	D255
797.6240000000	n/a	n/a	STATUS	n/a	n/a	DI52
797.6760000000	n/a	n/a	STATUS	n/a	n/a	D255
798.0280000000	n/a	n/a	STATUS	n/a	n/a	DI42
798.0800000000	n/a	n/a	STATUS	n/a	n/a	D255
798.3560000000	n/a	n/a	STATUS	n/a	n/a	DIN5
798.4080000000	n/a	n/a	STATUS	n/a	n/a	D255
798.8560000000	n/a	n/a	STATUS	n/a	n/a	D132
798.9080000000	n/a	n/a	STATUS	n/a	n/a	D255
798.9560000000	n/a	n/a	STATUS	n/a	n/a	DI51
799.0080000000	n/a	n/a	STATUS	n/a	n/a	D255
799.3480000000	n/a	n/a	STATUS	n/a	n/a	DI31
799.3960000000	n/a	n/a	STATUS	n/a	n/a	D255
799.6720000000	n/a	n/a	STATUS	n/a	n/a	DIN5
799.7240000000	n/a	n/a	STATUS	n/a	n/a	D255
800.2080000000	n/a	n/a	STATUS	n/a	n/a	D185
800.2560000000	n/a	n/a	STATUS	n/a	n/a	D255
800.3080000000	n/a	n/a	STATUS	n/a	n/a	DI53
800.3560000000	n/a	n/a	STATUS	n/a	n/a	D255
800.6720000000	n/a	n/a	STATUS	n/a	n/a	DI43
800.7240000000	n/a	n/a	STATUS	n/a	n/a	D255
801.0080000000	n/a	n/a	STATUS	n/a	n/a	DIN5
801.0560000000	n/a	n/a	STATUS	n/a	n/a	D255
801.4560000000	n/a	n/a	STATUS	n/a	n/a	DI75
801.5080000000	n/a	n/a	STATUS	n/a	n/a	D255
801.5560000000	n/a	n/a	STATUS	n/a	n/a	DI54
801.6080000000	n/a	n/a	STATUS	n/a	n/a	D255
801.8680000000	n/a	n/a	STATUS	n/a	n/a	DI34
801.9200000000	n/a	n/a	STATUS	n/a	n/a	D255
802.1880000000	n/a	n/a	STATUS	n/a	n/a	DIN5
802.2400000000	n/a	n/a	STATUS	n/a	n/a	D255
802.6560000000	n/a	n/a	STATUS	n/a	n/a	D151
802.7040000000	n/a	n/a	STATUS	n/a	n/a	D255
802.7560000000	n/a	n/a	STATUS	n/a	n/a	DI51
802.8040000000	n/a	n/a	STATUS	n/a	n/a	D255
803.1520000000	n/a	n/a	STATUS	n/a	n/a	DI31
803.2040000000	n/a	n/a	STATUS	n/a	n/a	D255
803.4880000000	n/a	n/a	STATUS	n/a	n/a	DIN5
803.5400000000	n/a	n/a	STATUS	n/a	n/a	D255
803.8560000000	n/a	n/a	STATUS	n/a	n/a	DI74
803.9040000000	n/a	n/a	STATUS	n/a	n/a	D255
803.9560000000	n/a	n/a	STATUS	n/a	n/a	DI51
804.0040000000	n/a	n/a	STATUS	n/a	n/a	D255
804.3880000000	n/a	n/a	STATUS	n/a	n/a	DI31
804.4360000000	n/a	n/a	STATUS	n/a	n/a	D255
804.7200000000	n/a	n/a	STATUS	n/a	n/a	DIN5
804.7720000000	n/a	n/a	STATUS	n/a	n/a	D255
805.2360000000	n/a	n/a	STATUS	n/a	n/a	D124
805.2880000000	n/a	n/a	STATUS	n/a	n/a	D255
805.3360000000	n/a	n/a	STATUS	n/a	n/a	DI53
805.3880000000	n/a	n/a	STATUS	n/a	n/a	D255
805.6320000000	n/a	n/a	STATUS	n/a	n/a	DI43
805.6800000000	n/a	n/a	STATUS	n/a	n/a	D255
805.9560000000	n/a	n/a	STATUS	n/a	n/a	DIN5
806.0040000000	n/a	n/a	STATUS	n/a	n/a	D255
806.4560000000	n/a	n/a	STATUS	n/a	n/a	D141
806.5040000000	n/a	n/a	STATUS	n/a	n/a	D255
806.5520000000	n/a	n/a	STATUS	n/a	n/a	DI52
806.6040000000	n/a	n/a	STATUS	n/a	n/a	D255
806.8400000000	n/a	n/a	STATUS	n/a	n/a	DI12
806.8920000000	n/a	n/a	STATUS	n/a	n/a	D255
806.9040000000	n/a	n/a	STATUS	n/a	n/a	DIN4
806.9560000000	n/a	n/a	STATUS	n/a	n/a	D255
807.7200000000	n/a	n/a	STATUS	n/a	n/a	DIN5
807.7720000000	n/a	n/a	STATUS	n/a	n/a	D255
808.2200000000	n/a	n/a	STATUS	n/a	n/a	D116
808.2720000000	n/a	n/a	STATUS	n/a	n/a	D255
808.3200000000	n/a	n/a	STATUS	n/a	n/a	DI52
808.3720000000	n/a	n/a	STATUS	n/a	n/a	D255
808.7320000000	n/a	n/a	STATUS	n/a	n/a	DI42
808.7840000000	n/a	n/a	STATUS	n/a	n/a	D255
809.0520000000	n/a	n/a	STATUS	n/a	n/a	DIN5
809.1040000000	n/a	n/a	STATUS	n/a	n/a	D255
809.5880000000	n/a	n/a	STATUS	n/a	n/a	DI90
809.6360000000	n/a	n/a	STATUS	n/a	n/a	D255
809.6880000000	n/a	n/a	STATUS	n/a	n/a	DI54
809.7360000000	n/a	n/a	STATUS	n/a	n/a	D255
810.0240000000	n/a	n/a	STATUS	n/a	n/a	DI34
810.0720000000	n/a	n/a	STATUS	n/a	n/a	D255
810.3520000000	n/a	n/a	STATUS	n/a	n/a	DIN5
810.4040000000	n/a	n/a	STATUS	n/a	n/a	D255
810.9040000000	n/a	n/a	STATUS	n/a	n/a	D180
810.9520000000	n/a	n/a	STATUS	n/a	n/a	D255
811.0040000000	n/a	n/a	STATUS	n/a	n/a	DI54
811.0520000000	n/a	n/a	STATUS	n/a	n/a	D255
811.3360000000	n/a	n/a	STATUS	n/a	n/a	DI34
811.3840000000	n/a	n/a	STATUS	n/a	n/a	D255
811.6680000000	n/a	n/a	STATUS	n/a	n/a	DIN5
811.7200000000	n/a	n/a	STATUS	n/a	n/a	D255
812.0520000000	n/a	n/a	STATUS	n/a	n/a	D220
812.1000000000	n/a	n/a	STATUS	n/a	n/a	D255
812.1520000000	n/a	n/a	STATUS	n/a	n/a	DI52
812.2000000000	n/a	n/a	STATUS	n/a	n/a	D255
812.5520000000	n/a	n/a	STATUS	n/a	n/a	DI42
812.6040000000	n/a	n/a	STATUS	n/a	n/a	D255
812.8840000000	n/a	n/a	STATUS	n/a	n/a	DIN5
812.9360000000	n/a	n/a	STATUS	n/a	n/a	D255
813.3840000000	n/a	n/a	STATUS	n/a	n/a	D218
813.4360000000	n/a	n/a	STATUS	n/a	n/a	D255
813.4840000000	n/a	n/a	STATUS	n/a	n/a	DI54
813.5360000000	n/a	n/a	STATUS	n/a	n/a	D255
813.8880000000	n/a	n/a	STATUS	n/a	n/a	DI24
813.9360000000	n/a	n/a	STATUS	n/a	n/a	D255
813.9520000000	n/a	n/a	STATUS	n/a	n/a	DIN4
814.0000000000	n/a	n/a	STATUS	n/a	n/a	D255
814.7680000000	n/a	n/a	STATUS	n/a	n/a	DIN5
814.8160000000	n/a	n/a	STATUS	n/a	n/a	D255
815.2160000000	n/a	n/a	STATUS	n/a	n/a	D190
815.2680000000	n/a	n/a	STATUS	n/a	n/a	D255
815.3160000000	n/a	n/a	STATUS	n/a	n/a	DI52
815.3680000000	n/a	n/a	STATUS	n/a	n/a	D255
815.7040000000	n/a	n/a	STATUS	n/a	n/a	DI42
815.7560000000	n/a	n/a	STATUS	n/a	n/a	D255
816.0320000000	n/a	n/a	STATUS	n/a	n/a	DIN5
816.0840000000	n/a	n/a	STATUS	n/a	n/a	D255
816.5680000000	n/a	n/a	STATUS	n/a	n/a	D250
816.6160000000	n/a	n/a	STATUS	n/a	n/a	D255
816.6680000000	n/a	n/a	STATUS	n/a	n/a	DI52
816.7160000000	n/a	n/a	STATUS	n/a	n/a	D255
817.1080000000	n/a	n/a	STATUS	n/a	n/a	DI42
817.1600000000	n/a	n/a	STATUS	n/a	n/a	D255
817.4320000000	n/a	n/a	STATUS	n/a	n/a	DIN5
817.4840000000	n/a	n/a	STATUS	n/a	n/a	D255
817.8840000000	n/a	n/a	STATUS	n/a	n/a	D242
817.9320000000	n/a	n/a	STATUS	n/a	n/a	D255
817.9840000000	n/a	n/a	STATUS	n/a	n/a	DI54
818.0320000000	n/a	n/a	STATUS	n/a	n/a	D255
818.3800000000	n/a	n/a	STATUS	n/a	n/a	DI34
818.4320000000	n/a	n/a	STATUS	n/a	n/a	D255
818.7160000000	n/a	n/a	STATUS	n/a	n/a	DIN5
818.7640000000	n/a	n/a	STATUS	n/a	n/a	D255
819.2000000000	n/a	n/a	STATUS	n/a	n/a	DI88
819.2480000000	n/a	n/a	STATUS	n/a	n/a	D255
819.3000000000	n/a	n/a	STATUS	n/a	n/a	DI54
819.3480000000	n/a	n/a	STATUS	n/a	n/a	D255
819.6760000000	n/a	n/a	STATUS	n/a	n/a	DI34
819.7280000000	n/a	n/a	STATUS	n/a	n/a	D255
820.0000000000	n/a	n/a	STATUS	n/a	n/a	DIN5
820.0480000000	n/a	n/a	STATUS	n/a	n/a	D255
820.5160000000	n/a	n/a	STATUS	n/a	n/a	D214
820.5640000000	n/a	n/a	STATUS	n/a	n/a	D255
820.6160000000	n/a	n/a	STATUS	n/a	n/a	DI52
820.6640000000	n/a	n/a	STATUS	n/a	n/a	D255
821.0320000000	n/a	n/a	STATUS	n/a	n/a	DI42
821.0840000000	n/a	n/a	STATUS	n/a	n/a	D255
821.3640000000	n/a	n/a	STATUS	n/a	n/a	DIN5
821.4160000000	n/a	n/a	STATUS	n/a	n/a	D255
821.7640000000	n/a	n/a	STATUS	n/a	n/a	D187
821.8160000000	n/a	n/a	STATUS	n/a	n/a	D255
821.8640000000	n/a	n/a	STATUS	n/a	n/a	DI53
821.9120000000	n/a	n/a	STATUS	n/a	n/a	D255
822.3800000000	n/a	n/a	STATUS	n/a	n/a	DI43
822.4320000000	n/a	n/a	STATUS	n/a	n/a	D255
830.3440000000	n/a	n/a	STATUS	n/a	n/a	DIN5
830.3920000000	n/a	n/a	STATUS	n/a	n/a	D255
830.8600000000	n/a	n/a	STATUS	n/a	n/a	D149
830.9120000000	n/a	n/a	STATUS	n/a	n/a	D255
830.9600000000	n/a	n/a	STATUS	n/a	n/a	DI52
831.0080000000	n/a	n/a	STATUS	n/a	n/a	D255
831.3400000000	n/a	n/a	STATUS	n/a	n/a	DI42
831.3880000000	n/a	n/a	STATUS	n/a	n/a	D255
831.6600000000	n/a	n/a	STATUS	n/a	n/a	DIN5
831.7120000000	n/a	n/a	STATUS	n/a	n/a	D255
832.2080000000	n/a	n/a	STATUS	n/a	n/a	DI83
832.2600000000	n/a	n/a	STATUS	n/a	n/a	D255
832.3120000000	n/a	n/a	STATUS	n/a	n/a	DI51
832.3600000000	n/a	n/a	STATUS	n/a	n/a	D255
832.5840000000	n/a	n/a	STATUS	n/a	n/a	DI21
832.6360000000	n/a	n/a	STATUS	n/a	n/a	D255
832.6440000000	n/a	n/a	STATUS	n/a	n/a	DIN4
832.6920000000	n/a	n/a	STATUS	n/a	n/a	D255
833.4600000000	n/a	n/a	STATUS	n/a	n/a	DIN5
833.5080000000	n/a	n/a	STATUS	n/a	n/a	D255
833.8920000000	n/a	n/a	STATUS	n/a	n/a	D249
833.9440000000	n/a	n/a	STATUS	n/a	n/a	D255
833.9920000000	n/a	n/a	STATUS	n/a	n/a	DI51
834.0440000000	n/a	n/a	STATUS	n/a	n/a	D255
834.3080000000	n/a	n/a	STATUS	n/a	n/a	DI21
834.3600000000	n/a	n/a	STATUS	n/a	n/a	D255
834.3760000000	n/a	n/a	STATUS	n/a	n/a	DIN4
834.4240000000	n/a	n/a	STATUS	n/a	n/a	D255
835.1920000000	n/a	n/a	STATUS	n/a	n/a	DIN5
835.2400000000	n/a	n/a	STATUS	n/a	n/a	D255
835.5560000000	n/a	n/a	STATUS	n/a	n/a	D202
835.6080000000	n/a	n/a	STATUS	n/a	n/a	D255
835.6560000000	n/a	n/a	STATUS	n/a	n/a	DI52
835.7080000000	n/a	n/a	STATUS	n/a	n/a	D255
836.0800000000	n/a	n/a	STATUS	n/a	n/a	DI42
836.1320000000	n/a	n/a	STATUS	n/a	n/a	D255
836.4080000000	n/a	n/a	STATUS	n/a	n/a	DIN5
836.4560000000	n/a	n/a	STATUS	n/a	n/a	D255
836.9400000000	n/a	n/a	STATUS	n/a	n/a	D100
836.9920000000	n/a	n/a	STATUS	n/a	n/a	D255
837.0400000000	n/a	n/a	STATUS	n/a	n/a	DI52
837.0920000000	n/a	n/a	STATUS	n/a	n/a	D255
837.4200000000	n/a	n/a	STATUS	n/a	n/a	DI42
837.4680000000	n/a	n/a	STATUS	n/a	n/a	D255
837.7400000000	n/a	n/a	STATUS	n/a	n/a	DIN5
837.7920000000	n/a	n/a	STATUS	n/a	n/a	D255
838.2560000000	n/a	n/a	STATUS	n/a	n/a	D161
838.3080000000	n/a	n/a	STATUS	n/a	n/a	D255
838.3560000000	n/a	n/a	STATUS	n/a	n/a	DI53
838.4080000000	n/a	n/a	STATUS	n/a	n/a	D255
838.6520000000	n/a	n/a	STATUS	n/a	n/a	DI43
838.7040000000	n/a	n/a	STATUS	n/a	n/a	D255
838.9880000000	n/a	n/a	STATUS	n/a	n/a	DIN5
839.0400000000	n/a	n/a	STATUS	n/a	n/a	D255
839.5400000000	n/a	n/a	STATUS	n/a	n/a	D247
839.5880000000	n/a	n/a	STATUS	n/a	n/a	D255
839.6400000000	n/a	n/a	STATUS	n/a	n/a	DI52
839.6880000000	n/a	n/a	STATUS	n/a	n/a	D255
839.9840000000	n/a	n/a	STATUS	n/a	n/a	DI12
840.0360000000	n/a	n/a	STATUS	n/a	n/a	D255
840.0400000000	n/a	n/a	STATUS	n/a	n/a	DIN4
840.0880000000	n/a	n/a	STATUS	n/a	n/a	D255
840.8560000000	n/a	n/a	STATUS	n/a	n/a	DIN5
840.9040000000	n/a	n/a	STATUS	n/a	n/a	D255
841.3040000000	n/a	n/a	STATUS	n/a	n/a	D155
841.3560000000	n/a	n/a	STATUS	n/a	n/a	D255
841.4040000000	n/a	n/a	STATUS	n/a	n/a	DI52
841.4560000000	n/a	n/a	STATUS	n/a	n/a	D255
841.8040000000	n/a	n/a	STATUS	n/a	n/a	DI42
841.8520000000	n/a	n/a	STATUS	n/a	n/a	D255
842.1400000000	n/a	n/a	STATUS	n/a	n/a	DIN5
842.1880000000	n/a	n/a	STATUS	n/a	n/a	D255
842.6200000000	n/a	n/a	STATUS	n/a	n/a	D220
842.6720000000	n/a	n/a	STATUS	n/a	n/a	D255
842.7200000000	n/a	n/a	STATUS	n/a	n/a	DI54
842.7720000000	n/a	n/a	STATUS	n/a	n/a	D255
843.0880000000	n/a	n/a	STATUS	n/a	n/a	DI34
843.1360000000	n/a	n/a	STATUS	n/a	n/a	D255
843.4200000000	n/a	n/a	STATUS	n/a	n/a	DIN5
843.4720000000	n/a	n/a	STATUS	n/a	n/a	D255
843.8880000000	n/a	n/a	STATUS	n/a	n/a	D243
843.9400000000	n/a	n/a	STATUS	n/a	n/a	D255
843.9880000000	n/a	n/a	STATUS	n/a	n/a	DI54
844.0360000000	n/a	n/a	STATUS	n/a	n/a	D247
844.0400000000	n/a	n/a	STATUS	n/a	n/a	D255
844.3560000000	n/a	n/a	STATUS	n/a	n/a	DI34
844.4040000000	n/a	n/a	STATUS	n/a	n/a	D255
844.6880000000	n/a	n/a	STATUS	n/a	n/a	DIN5
844.7360000000	n/a	n/a	STATUS	n/a	n/a	D255
845.1200000000	n/a	n/a	STATUS	n/a	n/a	D148
845.1720000000	n/a	n/a	STATUS	n/a	n/a	D255
845.2200000000	n/a	n/a	STATUS	n/a	n/a	DI51
845.2720000000	n/a	n/a	STATUS	n/a	n/a	D255
845.6280000000	n/a	n/a	STATUS	n/a	n/a	DI31
845.6800000000	n/a	n/a	STATUS	n/a	n/a	D255
845.9520000000	n/a	n/a	STATUS	n/a	n/a	DIN5
846.0040000000	n/a	n/a	STATUS	n/a	n/a	D255
846.4360000000	n/a	n/a	STATUS	n/a	n/a	DI88
846.4880000000	n/a	n/a	STATUS	n/a	n/a	D255
846.5360000000	n/a	n/a	STATUS	n/a	n/a	DI52
846.5880000000	n/a	n/a	STATUS	n/a	n/a	D255
846.9360000000	n/a	n/a	STATUS	n/a	n/a	DI42
846.9880000000	n/a	n/a	STATUS	n/a	n/a	D255
847.2680000000	n/a	n/a	STATUS	n/a	n/a	DIN5
847.3200000000	n/a	n/a	STATUS	n/a	n/a	D255
847.7360000000	n/a	n/a	STATUS	n/a	n/a	D208
847.7880000000	n/a	n/a	STATUS	n/a	n/a	D255
847.8360000000	n/a	n/a	STATUS	n/a	n/a	DI54
847.8880000000	n/a	n/a	STATUS	n/a	n/a	D255
848.2360000000	n/a	n/a	STATUS	n/a	n/a	DI34
848.2840000000	n/a	n/a	STATUS	n/a	n/a	D255
848.5680000000	n/a	n/a	STATUS	n/a	n/a	DIN5
848.6200000000	n/a	n/a	STATUS	n/a	n/a	D255
848.9680000000	n/a	n/a	STATUS	n/a	n/a	D203
849.0200000000	n/a	n/a	STATUS	n/a	n/a	D255
849.0680000000	n/a	n/a	STATUS	n/a	n/a	DI52
849.1200000000	n/a	n/a	STATUS	n/a	n/a	D255
849.4480000000	n/a	n/a	STATUS	n/a	n/a	DI42
849.4960000000	n/a	n/a	STATUS	n/a	n/a	D255
849.7680000000	n/a	n/a	STATUS	n/a	n/a	DIN5
849.8200000000	n/a	n/a	STATUS	n/a	n/a	D255
850.2000000000	n/a	n/a	STATUS	n/a	n/a	D116
850.2520000000	n/a	n/a	STATUS	n/a	n/a	D255
850.3000000000	n/a	n/a	STATUS	n/a	n/a	DI53
850.3520000000	n/a	n/a	STATUS	n/a	n/a	D255
850.5880000000	n/a	n/a	STATUS	n/a	n/a	DI43
850.6360000000	n/a	n/a	STATUS	n/a	n/a	D255
850.9200000000	n/a	n/a	STATUS	n/a	n/a	DIN5
850.9680000000	n/a	n/a	STATUS	n/a	n/a	D255
851.3840000000	n/a	n/a	STATUS	n/a	n/a	D153
851.4360000000	n/a	n/a	STATUS	n/a	n/a	D255
851.4360000000	n/a	n/a	STATUS	n/a	n/a	D217
851.4840000000	n/a	n/a	STATUS	n/a	n/a	DI53
851.5360000000	n/a	n/a	STATUS	n/a	n/a	D255
851.7720000000	n/a	n/a	STATUS	n/a	n/a	DI43
851.8240000000	n/a	n/a	STATUS	n/a	n/a	D255
852.1000000000	n/a	n/a	STATUS	n/a	n/a	DIN5
852.1520000000	n/a	n/a	STATUS	n/a	n/a	D255
852.5160000000	n/a	n/a	STATUS	n/a	n/a	D226
852.5680000000	n/a	n/a	STATUS	n/a	n/a	D255
852.6160000000	n/a	n/a	STATUS	n/a	n/a	DI54
852.6680000000	n/a	n/a	STATUS	n/a	n/a	D255
852.9720000000	n/a	n/a	STATUS	n/a	n/a	DI34
853.0200000000	n/a	n/a	STATUS	n/a	n/a	D255
853.3000000000	n/a	n/a	STATUS	n/a	n/a	DIN5
853.3520000000	n/a	n/a	STATUS	n/a	n/a	D255
853.8160000000	n/a	n/a	STATUS	n/a	n/a	D230
853.8680000000	n/a	n/a	STATUS	n/a	n/a	D255
853.9160000000	n/a	n/a	STATUS	n/a	n/a	DI51
853.9680000000	n/a	n/a	STATUS	n/a	n/a	D255
854.3400000000	n/a	n/a	STATUS	n/a	n/a	DI31
854.3920000000	n/a	n/a	STATUS	n/a	n/a	D255
854.6680000000	n/a	n/a	STATUS	n/a	n/a	DIN5
854.7160000000	n/a	n/a	STATUS	n/a	n/a	D255
855.1680000000	n/a	n/a	STATUS	n/a	n/a	D184
855.2160000000	n/a	n/a	STATUS	n/a	n/a	D255
855.2680000000	n/a	n/a	STATUS	n/a	n/a	DI54
855.3160000000	n/a	n/a	STATUS	n/a	n/a	D255
855.6040000000	n/a	n/a	STATUS	n/a	n/a	DI34
855.6520000000	n/a	n/a	STATUS	n/a	n/a	D255
855.9320000000	n/a	n/a	STATUS	n/a	n/a	DIN5
855.9840000000	n/a	n/a	STATUS	n/a	n/a	D255
856.3680000000	n/a	n/a	STATUS	n/a	n/a	D103
856.4160000000	n/a	n/a	STATUS	n/a	n/a	D255
856.4680000000	n/a	n/a	STATUS	n/a	n/a	DI53
856.5160000000	n/a	n/a	STATUS	n/a	n/a	D255
856.8240000000	n/a	n/a	STATUS	n/a	n/a	DI43
856.8760000000	n/a	n/a	STATUS	n/a	n/a	D255
857.1480000000	n/a	n/a	STATUS	n/a	n/a	DIN5
857.2000000000	n/a	n/a	STATUS	n/a	n/a	D255
857.5320000000	n/a	n/a	STATUS	n/a	n/a	D223
857.5840000000	n/a	n/a	STATUS	n/a	n/a	D255
857.6320000000	n/a	n/a	STATUS	n/a	n/a	DI51
857.6840000000	n/a	n/a	STATUS	n/a	n/a	D255
858.0600000000	n/a	n/a	STATUS	n/a	n/a	DI31
858.1120000000	n/a	n/a	STATUS	n/a	n/a	D255
858.3800000000	n/a	n/a	STATUS	n/a	n/a	DIN5
858.4320000000	n/a	n/a	STATUS	n/a	n/a	D255
858.8800000000	n/a	n/a	STATUS	n/a	n/a	D185
858.9320000000	n/a	n/a	STATUS	n/a	n/a	D255
858.9800000000	n/a	n/a	STATUS	n/a	n/a	DI52
859.0320000000	n/a	n/a	STATUS	n/a	n/a	D255
859.3560000000	n/a	n/a	STATUS	n/a	n/a	DI42
859.4080000000	n/a	n/a	STATUS	n/a	n/a	D255
859.6800000000	n/a	n/a	STATUS	n/a	n/a	DIN5
859.7320000000	n/a	n/a	STATUS	n/a	n/a	D255
860.0800000000	n/a	n/a	STATUS	n/a	n/a	D126
860.1320000000	n/a	n/a	STATUS	n/a	n/a	D255
860.1800000000	n/a	n/a	STATUS	n/a	n/a	DI54
860.2320000000	n/a	n/a	STATUS	n/a	n/a	D255
860.5320000000	n/a	n/a	STATUS	n/a	n/a	DI34
860.5840000000	n/a	n/a	STATUS	n/a	n/a	D255
860.8640000000	n/a	n/a	STATUS	n/a	n/a	DIN5
860.9160000000	n/a	n/a	STATUS	n/a	n/a	D255
861.3960000000	n/a	n/a	STATUS	n/a	n/a	D141
861.4480000000	n/a	n/a	STATUS	n/a	n/a	D255
861.4960000000	n/a	n/a	STATUS	n/a	n/a	DI51
861.5480000000	n/a	n/a	STATUS	n/a	n/a	D255
861.9440000000	n/a	n/a	STATUS	n/a	n/a	DI31
861.9920000000	n/a	n/a	STATUS	n/a	n/a	D255
862.2800000000	n/a	n/a	STATUS	n/a	n/a	DIN5
862.3320000000	n/a	n/a	STATUS	n/a	n/a	D255
862.8320000000	n/a	n/a	STATUS	n/a	n/a	D240
862.8800000000	n/a	n/a	STATUS	n/a	n/a	D255
862.9320000000	n/a	n/a	STATUS	n/a	n/a	DI51
862.9800000000	n/a	n/a	STATUS	n/a	n/a	D255
863.3120000000	n/a	n/a	STATUS	n/a	n/a	DI31
863.3600000000	n/a	n/a	STATUS	n/a	n/a	D255
863.6480000000	n/a	n/a	STATUS	n/a	n/a	DIN5
863.6960000000	n/a	n/a	STATUS	n/a	n/a	D255
864.0960000000	n/a	n/a	STATUS	n/a	n/a	D146
864.1480000000	n/a	n/a	STATUS	n/a	n/a	D255
864.1960000000	n/a	n/a	STATUS	n/a	n/a	DI52
864.2480000000	n/a	n/a	STATUS	n/a	n/a	D255
864.5800000000	n/a	n/a	STATUS	n/a	n/a	DI42
864.6280000000	n/a	n/a	STATUS	n/a	n/a	D255
864.9120000000	n/a	n/a	STATUS	n/a	n/a	DIN5
864.9640000000	n/a	n/a	STATUS	n/a	n/a	D255
865.2960000000	n/a	n/a	STATUS	n/a	n/a	D198
865.3480000000	n/a	n/a	STATUS	n/a	n/a	D255
865.3960000000	n/a	n/a	STATUS	n/a	n/a	DI53
865.4440000000	n/a	n/a	STATUS	n/a	n/a	D255
865.6960000000	n/a	n/a	STATUS	n/a	n/a	DI43
865.7440000000	n/a	n/a	STATUS	n/a	n/a	D255
866.0280000000	n/a	n/a	STATUS	n/a	n/a	DIN5
866.0800000000	n/a	n/a	STATUS	n/a	n/a	D255
866.4800000000	n/a	n/a	STATUS	n/a	n/a	D167
866.5280000000	n/a	n/a	STATUS	n/a	n/a	D255
866.5800000000	n/a	n/a	STATUS	n/a	n/a	DI53
866.6280000000	n/a	n/a	STATUS	n/a	n/a	D255
866.8640000000	n/a	n/a	STATUS	n/a	n/a	DI43
866.9120000000	n/a	n/a	STATUS	n/a	n/a	D255
867.1960000000	n/a	n/a	STATUS	n/a	n/a	DIN5
867.2440000000	n/a	n/a	STATUS	n/a	n/a	D255
867.7120000000	n/a	n/a	STATUS	n/a	n/a	D165
867.7600000000	n/a	n/a	STATUS	n/a	n/a	D255
867.8120000000	n/a	n/a	STATUS	n/a	n/a	DI54
867.8600000000	n/a	n/a	STATUS	n/a	n/a	D255
868.1120000000	n/a	n/a	STATUS	n/a	n/a	DI34
868.1640000000	n/a	n/a	STATUS	n/a	n/a	D255
868.4440000000	n/a	n/a	STATUS	n/a	n/a	DIN5
868.4960000000	n/a	n/a	STATUS	n/a	n/a	D255
868.9600000000	n/a	n/a	STATUS	n/a	n/a	D201
869.0120000000	n/a	n/a	STATUS	n/a	n/a	D255
869.0600000000	n/a	n/a	STATUS	n/a	n/a	DI51
869.1120000000	n/a	n/a	STATUS	n/a	n/a	D255
869.4600000000	n/a	n/a	STATUS	n/a	n/a	DI31
869.5080000000	n/a	n/a	STATUS	n/a	n/a	D255
869.7960000000	n/a	n/a	STATUS	n/a	n/a	DIN5
869.8440000000	n/a	n/a	STATUS	n/a	n/a	D255
870.1920000000	n/a	n/a	STATUS	n/a	n/a	D130
870.2440000000	n/a	n/a	STATUS	n/a	n/a	D255
870.2920000000	n/a	n/a	STATUS	n/a	n/a	DI51
870.3440000000	n/a	n/a	STATUS	n/a	n/a	D255
870.6720000000	n/a	n/a	STATUS	n/a	n/a	DI31
870.7240000000	n/a	n/a	STATUS	n/a	n/a	D255
870.9920000000	n/a	n/a	STATUS	n/a	n/a	DIN5
871.0440000000	n/a	n/a	STATUS	n/a	n/a	D255
871.4600000000	n/a	n/a	STATUS	n/a	n/a	D235
871.5120000000	n/a	n/a	STATUS	n/a	n/a	D255
871.5600000000	n/a	n/a	STATUS	n/a	n/a	DI54
871.6120000000	n/a	n/a	STATUS	n/a	n/a	D255
871.8880000000	n/a	n/a	STATUS	n/a	n/a	DI34
871.9360000000	n/a	n/a	STATUS	n/a	n/a	D255
872.2080000000	n/a	n/a	STATUS	n/a	n/a	DIN5
872.2600000000	n/a	n/a	STATUS	n/a	n/a	D255
872.7440000000	n/a	n/a	STATUS	n/a	n/a	D189
872.7920000000	n/a	n/a	STATUS	n/a	n/a	D255
872.8440000000	n/a	n/a	STATUS	n/a	n/a	DI51
872.8920000000	n/a	n/a	STATUS	n/a	n/a	D255
873.2480000000	n/a	n/a	STATUS	n/a	n/a	DI31
873.2960000000	n/a	n/a	STATUS	n/a	n/a	D255
873.5760000000	n/a	n/a	STATUS	n/a	n/a	DIN5
873.6280000000	n/a	n/a	STATUS	n/a	n/a	D255
874.1240000000	n/a	n/a	STATUS	n/a	n/a	DI72
874.1760000000	n/a	n/a	STATUS	n/a	n/a	D255
874.2240000000	n/a	n/a	STATUS	n/a	n/a	DI53
874.2760000000	n/a	n/a	STATUS	n/a	n/a	D255
874.5280000000	n/a	n/a	STATUS	n/a	n/a	DI43
874.5760000000	n/a	n/a	STATUS	n/a	n/a	D255
874.8600000000	n/a	n/a	STATUS	n/a	n/a	DIN5
874.9080000000	n/a	n/a	STATUS	n/a	n/a	D255
875.2600000000	n/a	n/a	STATUS	n/a	n/a	D214
875.3080000000	n/a	n/a	STATUS	n/a	n/a	D255
875.3600000000	n/a	n/a	STATUS	n/a	n/a	DI52
875.4080000000	n/a	n/a	STATUS	n/a	n/a	D255
875.7760000000	n/a	n/a	STATUS	n/a	n/a	DI42
875.8240000000	n/a	n/a	STATUS	n/a	n/a	D255
876.1080000000	n/a	n/a	STATUS	n/a	n/a	DIN5
876.1600000000	n/a	n/a	STATUS	n/a	n/a	D255
876.6080000000	n/a	n/a	STATUS	n/a	n/a	D121
876.6600000000	n/a	n/a	STATUS	n/a	n/a	D255
876.7080000000	n/a	n/a	STATUS	n/a	n/a	DI53
876.7600000000	n/a	n/a	STATUS	n/a	n/a	D255
877.0480000000	n/a	n/a	STATUS	n/a	n/a	DI43
877.1000000000	n/a	n/a	STATUS	n/a	n/a	D255
877.3760000000	n/a	n/a	STATUS	n/a	n/a	DIN5
877.4240000000	n/a	n/a	STATUS	n/a	n/a	D255
877.9080000000	n/a	n/a	STATUS	n/a	n/a	D112
877.9560000000	n/a	n/a	STATUS	n/a	n/a	D255
878.0080000000	n/a	n/a	STATUS	n/a	n/a	DI54
878.0560000000	n/a	n/a	STATUS	n/a	n/a	D255
878.2960000000	n/a	n/a	STATUS	n/a	n/a	DI34
878.3440000000	n/a	n/a	STATUS	n/a	n/a	D255
878.6240000000	n/a	n/a	STATUS	n/a	n/a	DIN5
878.6720000000	n/a	n/a	STATUS	n/a	n/a	D255
879.0720000000	n/a	n/a	STATUS	n/a	n/a	D183
879.1240000000	n/a	n/a	STATUS	n/a	n/a	D255
879.1720000000	n/a	n/a	STATUS	n/a	n/a	DI52
879.2240000000	n/a	n/a	STATUS	n/a	n/a	D255
879.4320000000	n/a	n/a	STATUS	n/a	n/a	DI12
879.4840000000	n/a	n/a	STATUS	n/a	n/a	D255
879.4920000000	n/a	n/a	STATUS	n/a	n/a	DIN4
879.5400000000	n/a	n/a	STATUS	n/a	n/a	D255
880.3080000000	n/a	n/a	STATUS	n/a	n/a	DIN5
880.3560000000	n/a	n/a	STATUS	n/a	n/a	D255
880.8560000000	n/a	n/a	STATUS	n/a	n/a	DI66
880.9080000000	n/a	n/a	STATUS	n/a	n/a	D255
880.9560000000	n/a	n/a	STATUS	n/a	n/a	DI53
881.0080000000	n/a	n/a	STATUS	n/a	n/a	D255
881.3880000000	n/a	n/a	STATUS	n/a	n/a	DI43
881.4360000000	n/a	n/a	STATUS	n/a	n/a	D255
881.7240000000	n/a	n/a	STATUS	n/a	n/a	DIN5
881.7720000000	n/a	n/a	STATUS	n/a	n/a	D255
882.1560000000	n/a	n/a	STATUS	n/a	n/a	D181
882.2040000000	n/a	n/a	STATUS	n/a	n/a	D255
882.2560000000	n/a	n/a	STATUS	n/a	n/a	DI52
882.3040000000	n/a	n/a	STATUS	n/a	n/a	D255
882.8040000000	n/a	n/a	STATUS	n/a	n/a	DI42
882.8560000000	n/a	n/a	STATUS	n/a	n/a	D255
883.1400000000	n/a	n/a	STATUS	n/a	n/a	DIN5
883.1880000000	n/a	n/a	STATUS	n/a	n/a	D255
883.6720000000	n/a	n/a	STATUS	n/a	n/a	D166
883.7200000000	n/a	n/a	STATUS	n/a	n/a	D255
883.7720000000	n/a	n/a	STATUS	n/a	n/a	DI51
883.8200000000	n/a	n/a	STATUS	n/a	n/a	D255
884.1640000000	n/a	n/a	STATUS	n/a	n/a	DI31
884.2160000000	n/a	n/a	STATUS	n/a	n/a	D255
884.4880000000	n/a	n/a	STATUS	n/a	n/a	DIN5
884.5400000000	n/a	n/a	STATUS	n/a	n/a	D255
884.9360000000	n/a	n/a	STATUS	n/a	n/a	D253
884.9880000000	n/a	n/a	STATUS	n/a	n/a	D255
885.0360000000	n/a	n/a	STATUS	n/a	n/a	DI52
885.0880000000	n/a	n/a	STATUS	n/a	n/a	D255
885.0880000000	n/a	n/a	STATUS	n/a	n/a	D247
885.4880000000	n/a	n/a	STATUS	n/a	n/a	DI42
885.5360000000	n/a	n/a	STATUS	n/a	n/a	D255
885.8200000000	n/a	n/a	STATUS	n/a	n/a	DIN5
885.8720000000	n/a	n/a	STATUS	n/a	n/a	D255
885.8720000000	n/a	n/a	STATUS	n/a	n/a	D231
886.3360000000	n/a	n/a	STATUS	n/a	n/a	D163
886.3880000000	n/a	n/a	STATUS	n/a	n/a	D255
886.4360000000	n/a	n/a	STATUS	n/a	n/a	DI53
886.4880000000	n/a	n/a	STATUS	n/a	n/a	D255
886.7520000000	n/a	n/a	STATUS	n/a	n/a	DI43
886.8040000000	n/a	n/a	STATUS	n/a	n/a	D255
887.0880000000	n/a	n/a	STATUS	n/a	n/a	DIN5
887.1360000000	n/a	n/a	STATUS	n/a	n/a	D255
887.4880000000	n/a	n/a	STATUS	n/a	n/a	D217
887.5360000000	n/a	n/a	STATUS	n/a	n/a	D255
887.5880000000	n/a	n/a	STATUS	n/a	n/a	DI52
887.6360000000	n/a	n/a	STATUS	n/a	n/a	D255
887.9760000000	n/a	n/a	STATUS	n/a	n/a	DI42
888.0280000000	n/a	n/a	STATUS	n/a	n/a	D255
888.3040000000	n/a	n/a	STATUS	n/a	n/a	DIN5
888.3520000000	n/a	n/a	STATUS	n/a	n/a	D255
888.8200000000	n/a	n/a	STATUS	n/a	n/a	D177
888.8680000000	n/a	n/a	STATUS	n/a	n/a	D255
888.9200000000	n/a	n/a	STATUS	n/a	n/a	DI53
888.9680000000	n/a	n/a	STATUS	n/a	n/a	D255
889.2280000000	n/a	n/a	STATUS	n/a	n/a	DI43
889.2760000000	n/a	n/a	STATUS	n/a	n/a	D255
889.5520000000	n/a	n/a	STATUS	n/a	n/a	DIN5
889.6040000000	n/a	n/a	STATUS	n/a	n/a	D255
890.0360000000	n/a	n/a	STATUS	n/a	n/a	D206
890.0840000000	n/a	n/a	STATUS	n/a	n/a	D255
890.1360000000	n/a	n/a	STATUS	n/a	n/a	DI52
890.1840000000	n/a	n/a	STATUS	n/a	n/a	D255
890.5120000000	n/a	n/a	STATUS	n/a	n/a	DI42
890.5600000000	n/a	n/a	STATUS	n/a	n/a	D255
890.8360000000	n/a	n/a	STATUS	n/a	n/a	DIN5
890.8840000000	n/a	n/a	STATUS	n/a	n/a	D255
891.3840000000	n/a	n/a	STATUS	n/a	n/a	D150
891.4360000000	n/a	n/a	STATUS	n/a	n/a	D255
891.4840000000	n/a	n/a	STATUS	n/a	n/a	DI52
891.5360000000	n/a	n/a	STATUS	n/a	n/a	D255
891.8400000000	n/a	n/a	STATUS	n/a	n/a	DI42
891.8880000000	n/a	n/a	STATUS	n/a	n/a	D255
892.1680000000	n/a	n/a	STATUS	n/a	n/a	DIN5
892.2200000000	n/a	n/a	STATUS	n/a	n/a	D255
892.6520000000	n/a	n/a	STATUS	n/a	n/a	D172
892.7000000000	n/a	n/a	STATUS	n/a	n/a	D255
892.7520000000	n/a	n/a	STATUS	n/a	n/a	DI51
892.8000000000	n/a	n/a	STATUS	n/a	n/a	D255
893.1800000000	n/a	n/a	STATUS	n/a	n/a	DI31
893.2320000000	n/a	n/a	STATUS	n/a	n/a	D255
893.5000000000	n/a	n/a	STATUS	n/a	n/a	DIN5
893.5520000000	n/a	n/a	STATUS	n/a	n/a	D255
894.0520000000	n/a	n/a	STATUS	n/a	n/a	D221
894.1000000000	n/a	n/a	STATUS	n/a	n/a	D255
894.1520000000	n/a	n/a	STATUS	n/a	n/a	DI53
894.2000000000	n/a	n/a	STATUS	n/a	n/a	D255
894.4400000000	n/a	n/a	STATUS	n/a	n/a	DI43
894.4920000000	n/a	n/a	STATUS	n/a	n/a	D255
894.7680000000	n/a	n/a	STATUS	n/a	n/a	DIN5
894.8160000000	n/a	n/a	STATUS	n/a	n/a	D255
895.2520000000	n/a	n/a	STATUS	n/a	n/a	D157
895.3000000000	n/a	n/a	STATUS	n/a	n/a	D255
895.3520000000	n/a	n/a	STATUS	n/a	n/a	DI54
895.4000000000	n/a	n/a	STATUS	n/a	n/a	D255
895.7280000000	n/a	n/a	STATUS	n/a	n/a	DI34
895.7760000000	n/a	n/a	STATUS	n/a	n/a	D255
896.0480000000	n/a	n/a	STATUS	n/a	n/a	DIN5
896.1000000000	n/a	n/a	STATUS	n/a	n/a	D255
896.4320000000	n/a	n/a	STATUS	n/a	n/a	D186
896.4840000000	n/a	n/a	STATUS	n/a	n/a	D255
896.5320000000	n/a	n/a	STATUS	n/a	n/a	DI54
896.5840000000	n/a	n/a	STATUS	n/a	n/a	D255
896.8200000000	n/a	n/a	STATUS	n/a	n/a	DI34
896.8720000000	n/a	n/a	STATUS	n/a	n/a	D255
897.1480000000	n/a	n/a	STATUS	n/a	n/a	DIN5
897.2000000000	n/a	n/a	STATUS	n/a	n/a	D255
897.5480000000	n/a	n/a	STATUS	n/a	n/a	D196
897.6000000000	n/a	n/a	STATUS	n/a	n/a	D255
897.6480000000	n/a	n/a	STATUS	n/a	n/a	DI54
897.7000000000	n/a	n/a	STATUS	n/a	n/a	D255
897.9240000000	n/a	n/a	STATUS	n/a	n/a	DI34
897.9720000000	n/a	n/a	STATUS	n/a	n/a	D255
898.2480000000	n/a	n/a	STATUS	n/a	n/a	DIN5
898.3000000000	n/a	n/a	STATUS	n/a	n/a	D255
898.7640000000	n/a	n/a	STATUS	n/a	n/a	DI78
898.8160000000	n/a	n/a	STATUS	n/a	n/a	D255
898.8640000000	n/a	n/a	STATUS	n/a	n/a	DI53
898.9160000000	n/a	n/a	STATUS	n/a	n/a	D255
899.1480000000	n/a	n/a	STATUS	n/a	n/a	DI43
899.2000000000	n/a	n/a	STATUS	n/a	n/a	D255
899.4800000000	n/a	n/a	STATUS	n/a	n/a	DIN5
899.5320000000	n/a	n/a	STATUS	n/a	n/a	D255
899.8800000000	n/a	n/a	STATUS	n/a	n/a	DI94
899.9320000000	n/a	n/a	STATUS	n/a	n/a	D255
899.9800000000	n/a	n/a	STATUS	n/a	n/a	DI53
900.0320000000	n/a	n/a	STATUS	n/a	n/a	D255
900.2600000000	n/a	n/a	STATUS	n/a	n/a	DI43
900.3120000000	n/a	n/a	STATUS	n/a	n/a	D255
900.5800000000	n/a	n/a	STATUS	n/a	n/a	DIN5
900.6320000000	n/a	n/a	STATUS	n/a	n/a	D255
901.1160000000	n/a	n/a	STATUS	n/a	n/a	D228
901.1640000000	n/a	n/a	STATUS	n/a	n/a	D255
901.2160000000	n/a	n/a	STATUS	n/a	n/a	DI54
901.2640000000	n/a	n/a	STATUS	n/a	n/a	D255
901.4720000000	n/a	n/a	STATUS	n/a	n/a	DI34
901.5240000000	n/a	n/a	STATUS	n/a	n/a	D255
901.8000000000	n/a	n/a	STATUS	n/a	n/a	DIN5
901.8480000000	n/a	n/a	STATUS	n/a	n/a	D255
902.3320000000	n/a	n/a	STATUS	n/a	n/a	DI85
902.3800000000	n/a	n/a	STATUS	n/a	n/a	D255
902.4320000000	n/a	n/a	STATUS	n/a	n/a	DI51
902.4800000000	n/a	n/a	STATUS	n/a	n/a	D255
902.8200000000	n/a	n/a	STATUS	n/a	n/a	DI31
902.8720000000	n/a	n/a	STATUS	n/a	n/a	D255
903.1480000000	n/a	n/a	STATUS	n/a	n/a	DIN5
903.1960000000	n/a	n/a	STATUS	n/a	n/a	D255
903.6960000000	n/a	n/a	STATUS	n/a	n/a	D229
903.7480000000	n/a	n/a	STATUS	n/a	n/a	D255
903.7960000000	n/a	n/a	STATUS	n/a	n/a	DI53
903.8480000000	n/a	n/a	STATUS	n/a	n/a	D255
904.1160000000	n/a	n/a	STATUS	n/a	n/a	DI43
904.1640000000	n/a	n/a	STATUS	n/a	n/a	D255
904.4480000000	n/a	n/a	STATUS	n/a	n/a	DIN5
904.4960000000	n/a	n/a	STATUS	n/a	n/a	D255
904.8640000000	n/a	n/a	STATUS	n/a	n/a	D152
904.9120000000	n/a	n/a	STATUS	n/a	n/a	D255
904.9640000000	n/a	n/a	STATUS	n/a	n/a	DI51
905.0120000000	n/a	n/a	STATUS	n/a	n/a	D255
905.3600000000	n/a	n/a	STATUS	n/a	n/a	DI31
905.4120000000	n/a	n/a	STATUS	n/a	n/a	D255
905.6960000000	n/a	n/a	STATUS	n/a	n/a	DIN5
905.7480000000	n/a	n/a	STATUS	n/a	n/a	D255
906.1640000000	n/a	n/a	STATUS	n/a	n/a	D179
906.2120000000	n/a	n/a	STATUS	n/a	n/a	D255
906.2640000000	n/a	n/a	STATUS	n/a	n/a	DI52
906.3120000000	n/a	n/a	STATUS	n/a	n/a	D255
906.6120000000	n/a	n/a	STATUS	n/a	n/a	DI42
906.6640000000	n/a	n/a	STATUS	n/a	n/a	D255
906.9440000000	n/a	n/a	STATUS	n/a	n/a	DIN5
906.9960000000	n/a	n/a	STATUS	n/a	n/a	D255
907.4120000000	n/a	n/a	STATUS	n/a	n/a	D252
907.4640000000	n/a	n/a	STATUS	n/a	n/a	D255
907.5120000000	n/a	n/a	STATUS	n/a	n/a	DI52
907.5640000000	n/a	n/a	STATUS	n/a	n/a	D255
907.8200000000	n/a	n/a	STATUS	n/a	n/a	DI12
907.8680000000	n/a	n/a	STATUS	n/a	n/a	D255
907.8800000000	n/a	n/a	STATUS	n/a	n/a	DIN4
907.9280000000	n/a	n/a	STATUS	n/a	n/a	D255
908.6960000000	n/a	n/a	STATUS	n/a	n/a	DIN5
908.7440000000	n/a	n/a	STATUS	n/a	n/a	D255
909.2600000000	n/a	n/a	STATUS	n/a	n/a	DI92
909.3120000000	n/a	n/a	STATUS	n/a	n/a	D255
909.3600000000	n/a	n/a	STATUS	n/a	n/a	DI54
909.4120000000	n/a	n/a	STATUS	n/a	n/a	D255
909.7000000000	n/a	n/a	STATUS	n/a	n/a	DI34
909.7480000000	n/a	n/a	STATUS	n/a	n/a	D255
910.0280000000	n/a	n/a	STATUS	n/a	n/a	DIN5
910.0760000000	n/a	n/a	STATUS	n/a	n/a	D255
910.4760000000	n/a	n/a	STATUS	n/a	n/a	D135
910.5280000000	n/a	n/a	STATUS	n/a	n/a	D255
910.5760000000	n/a	n/a	STATUS	n/a	n/a	DI51
910.6280000000	n/a	n/a	STATUS	n/a	n/a	D255
910.8600000000	n/a	n/a	STATUS	n/a	n/a	DI21
910.9080000000	n/a	n/a	STATUS	n/a	n/a	D255
910.9280000000	n/a	n/a	STATUS	n/a	n/a	DIN4
910.9760000000	n/a	n/a	STATUS	n/a	n/a	D255
911.7440000000	n/a	n/a	STATUS	n/a	n/a	DIN5
911.7920000000	n/a	n/a	STATUS	n/a	n/a	D255
912.1440000000	n/a	n/a	STATUS	n/a	n/a	D162
912.1920000000	n/a	n/a	STATUS	n/a	n/a	D255
912.2440000000	n/a	n/a	STATUS	n/a	n/a	DI53
912.2920000000	n/a	n/a	STATUS	n/a	n/a	D255
912.6120000000	n/a	n/a	STATUS	n/a	n/a	DI43
912.6600000000	n/a	n/a	STATUS	n/a	n/a	D255
912.9440000000	n/a	n/a	STATUS	n/a	n/a	DIN5
912.9920000000	n/a	n/a	STATUS	n/a	n/a	D255
913.3760000000	n/a	n/a	STATUS	n/a	n/a	D104
913.4280000000	n/a	n/a	STATUS	n/a	n/a	D255
913.4760000000	n/a	n/a	STATUS	n/a	n/a	DI54
913.5280000000	n/a	n/a	STATUS	n/a	n/a	D255
913.8000000000	n/a	n/a	STATUS	n/a	n/a	DI34
913.8480000000	n/a	n/a	STATUS	n/a	n/a	D255
914.1240000000	n/a	n/a	STATUS	n/a	n/a	DIN5
914.1760000000	n/a	n/a	STATUS	n/a	n/a	D255
914.5240000000	n/a	n/a	STATUS	n/a	n/a	DI73
914.5760000000	n/a	n/a	STATUS	n/a	n/a	D255
914.6240000000	n/a	n/a	STATUS	n/a	n/a	DI51
914.6760000000	n/a	n/a	STATUS	n/a	n/a	D255
915.0120000000	n/a	n/a	STATUS	n/a	n/a	DI31
915.0600000000	n/a	n/a	STATUS	n/a	n/a	D255
915.3440000000	n/a	n/a	STATUS	n/a	n/a	DIN5
915.3920000000	n/a	n/a	STATUS	n/a	n/a	D255
915.8240000000	n/a	n/a	STATUS	n/a	n/a	D200
915.8760000000	n/a	n/a	STATUS	n/a	n/a	D255
915.9240000000	n/a	n/a	STATUS	n/a	n/a	DI54
915.9760000000	n/a	n/a	STATUS	n/a	n/a	D255
916.2000000000	n/a	n/a	STATUS	n/a	n/a	DI34
916.2520000000	n/a	n/a	STATUS	n/a	n/a	D255
916.5240000000	n/a	n/a	STATUS	n/a	n/a	DIN5
916.5760000000	n/a	n/a	STATUS	n/a	n/a	D255
916.9600000000	n/a	n/a	STATUS	n/a	n/a	D236
917.0080000000	n/a	n/a	STATUS	n/a	n/a	D255
917.0600000000	n/a	n/a	STATUS	n/a	n/a	DI52
917.1080000000	n/a	n/a	STATUS	n/a	n/a	D255
917.4520000000	n/a	n/a	STATUS	n/a	n/a	DI42
917.5040000000	n/a	n/a	STATUS	n/a	n/a	D255
917.7760000000	n/a	n/a	STATUS	n/a	n/a	DIN5
917.8240000000	n/a	n/a	STATUS	n/a	n/a	D255
918.3240000000	n/a	n/a	STATUS	n/a	n/a	D190
918.3760000000	n/a	n/a	STATUS	n/a	n/a	D255
918.4240000000	n/a	n/a	STATUS	n/a	n/a	DI51
918.4760000000	n/a	n/a	STATUS	n/a	n/a	D255
918.6760000000	n/a	n/a	STATUS	n/a	n/a	DI21
918.7280000000	n/a	n/a	STATUS	n/a	n/a	D255
918.7400000000	n/a	n/a	STATUS	n/a	n/a	DIN4
918.7920000000	n/a	n/a	STATUS	n/a	n/a	D255
918.7920000000	n/a	n/a	STATUS	n/a	n/a	D231
919.5560000000	n/a	n/a	STATUS	n/a	n/a	DIN5
919.6080000000	n/a	n/a	STATUS	n/a	n/a	D255
920.0560000000	n/a	n/a	STATUS	n/a	n/a	DI98
920.1080000000	n/a	n/a	STATUS	n/a	n/a	D255
920.1560000000	n/a	n/a	STATUS	n/a	n/a	DI54
920.2080000000	n/a	n/a	STATUS	n/a	n/a	D255
920.4680000000	n/a	n/a	STATUS	n/a	n/a	DI34
920.5200000000	n/a	n/a	STATUS	n/a	n/a	D255
920.7880000000	n/a	n/a	STATUS	n/a	n/a	DIN5
920.8400000000	n/a	n/a	STATUS	n/a	n/a	D255
921.2720000000	n/a	n/a	STATUS	n/a	n/a	D170
921.3240000000	n/a	n/a	STATUS	n/a	n/a	D255
921.3720000000	n/a	n/a	STATUS	n/a	n/a	DI51
921.4240000000	n/a	n/a	STATUS	n/a	n/a	D255
921.7800000000	n/a	n/a	STATUS	n/a	n/a	DI31
921.8280000000	n/a	n/a	STATUS	n/a	n/a	D255
922.1080000000	n/a	n/a	STATUS	n/a	n/a	DIN5
922.1560000000	n/a	n/a	STATUS	n/a	n/a	D255
922.6720000000	n/a	n/a	STATUS	n/a	n/a	D251
922.7240000000	n/a	n/a	STATUS	n/a	n/a	D255
922.7720000000	n/a	n/a	STATUS	n/a	n/a	DI52
922.8240000000	n/a	n/a	STATUS	n/a	n/a	D255
923.1760000000	n/a	n/a	STATUS	n/a	n/a	DI42
923.2280000000	n/a	n/a	STATUS	n/a	n/a	D255
923.5040000000	n/a	n/a	STATUS	n/a	n/a	DIN5
923.5560000000	n/a	n/a	STATUS	n/a	n/a	D255
924.0400000000	n/a	n/a	STATUS	n/a	n/a	D218
924.0880000000	n/a	n/a	STATUS	n/a	n/a	D255
924.1400000000	n/a	n/a	STATUS	n/a	n/a	DI51
924.1880000000	n/a	n/a	STATUS	n/a	n/a	D255
924.5360000000	n/a	n/a	STATUS	n/a	n/a	DI31
924.5840000000	n/a	n/a	STATUS	n/a	n/a	D255
924.8560000000	n/a	n/a	STATUS	n/a	n/a	DIN5
924.9040000000	n/a	n/a	STATUS	n/a	n/a	D255
925.2560000000	n/a	n/a	STATUS	n/a	n/a	D106
925.3040000000	n/a	n/a	STATUS	n/a	n/a	D255
925.3560000000	n/a	n/a	STATUS	n/a	n/a	DI53
925.4040000000	n/a	n/a	STATUS	n/a	n/a	D255
925.7280000000	n/a	n/a	STATUS	n/a	n/a	DI43
925.7800000000	n/a	n/a	STATUS	n/a	n/a	D255
926.0560000000	n/a	n/a	STATUS	n/a	n/a	DIN5
926.1040000000	n/a	n/a	STATUS	n/a	n/a	D255
926.5880000000	n/a	n/a	STATUS	n/a	n/a	D195
926.6360000000	n/a	n/a	STATUS	n/a	n/a	D255
926.6880000000	n/a	n/a	STATUS	n/a	n/a	DI51
926.7360000000	n/a	n/a	STATUS	n/a	n/a	D255
927.0600000000	n/a	n/a	STATUS	n/a	n/a	DI31
927.1080000000	n/a	n/a	STATUS	n/a	n/a	D255
927.3880000000	n/a	n/a	STATUS	n/a	n/a	DIN5
927.4360000000	n/a	n/a	STATUS	n/a	n/a	D255
927.8360000000	n/a	n/a	STATUS	n/a	n/a	D131
927.8880000000	n/a	n/a	STATUS	n/a	n/a	D255
927.9360000000	n/a	n/a	STATUS	n/a	n/a	DI54
927.9880000000	n/a	n/a	STATUS	n/a	n/a	D255
928.2880000000	n/a	n/a	STATUS	n/a	n/a	DI34
928.3400000000	n/a	n/a	STATUS	n/a	n/a	D255
928.6200000000	n/a	n/a	STATUS	n/a	n/a	DIN5
928.6720000000	n/a	n/a	STATUS	n/a	n/a	D255
929.0520000000	n/a	n/a	STATUS	n/a	n/a	DI96
929.1040000000	n/a	n/a	STATUS	n/a	n/a	D255
929.1520000000	n/a	n/a	STATUS	n/a	n/a	DI52
929.2040000000	n/a	n/a	STATUS	n/a	n/a	D255
929.5120000000	n/a	n/a	STATUS	n/a	n/a	DI42
929.5600000000	n/a	n/a	STATUS	n/a	n/a	D255
929.8360000000	n/a	n/a	STATUS	n/a	n/a	DIN5
929.8880000000	n/a	n/a	STATUS	n/a	n/a	D255
930.3040000000	n/a	n/a	STATUS	n/a	n/a	D238
930.3520000000	n/a	n/a	STATUS	n/a	n/a	D255
930.4040000000	n/a	n/a	STATUS	n/a	n/a	DI54
930.4520000000	n/a	n/a	STATUS	n/a	n/a	D255
930.7360000000	n/a	n/a	STATUS	n/a	n/a	DI34
930.7840000000	n/a	n/a	STATUS	n/a	n/a	D255
931.0680000000	n/a	n/a	STATUS	n/a	n/a	DIN5
931.1200000000	n/a	n/a	STATUS	n/a	n/a	D255
931.5200000000	n/a	n/a	STATUS	n/a	n/a	DI82
931.5680000000	n/a	n/a	STATUS	n/a	n/a	D255
931.6200000000	n/a	n/a	STATUS	n/a	n/a	DI54
931.6680000000	n/a	n/a	STATUS	n/a	n/a	D255
931.9360000000	n/a	n/a	STATUS	n/a	n/a	DI34
931.9840000000	n/a	n/a	STATUS	n/a	n/a	D255
932.2680000000	n/a	n/a	STATUS	n/a	n/a	DIN5
932.3200000000	n/a	n/a	STATUS	n/a	n/a	D255
932.7200000000	n/a	n/a	STATUS	n/a	n/a	D109
932.7680000000	n/a	n/a	STATUS	n/a	n/a	D255
932.8200000000	n/a	n/a	STATUS	n/a	n/a	DI52
932.8680000000	n/a	n/a	STATUS	n/a	n/a	D255
933.2000000000	n/a	n/a	STATUS	n/a	n/a	DI42
933.2480000000	n/a	n/a	STATUS	n/a	n/a	D255
933.5360000000	n/a	n/a	STATUS	n/a	n/a	DIN5
933.5840000000	n/a	n/a	STATUS	n/a	n/a	D255
933.9160000000	n/a	n/a	STATUS	n/a	n/a	D124
933.9680000000	n/a	n/a	STATUS	n/a	n/a	D255
934.0160000000	n/a	n/a	STATUS	n/a	n/a	DI53
934.0680000000	n/a	n/a	STATUS	n/a	n/a	D255
934.4200000000	n/a	n/a	STATUS	n/a	n/a	DI43
934.4720000000	n/a	n/a	STATUS	n/a	n/a	D255
934.7520000000	n/a	n/a	STATUS	n/a	n/a	DIN5
934.8000000000	n/a	n/a	STATUS	n/a	n/a	D255
935.1520000000	n/a	n/a	STATUS	n/a	n/a	D140
935.2000000000	n/a	n/a	STATUS	n/a	n/a	D255
935.2520000000	n/a	n/a	STATUS	n/a	n/a	DI52
935.3000000000	n/a	n/a	STATUS	n/a	n/a	D255
935.6680000000	n/a	n/a	STATUS	n/a	n/a	DI42
935.7160000000	n/a	n/a	STATUS	n/a	n/a	D255
936.0000000000	n/a	n/a	STATUS	n/a	n/a	DIN5
936.0520000000	n/a	n/a	STATUS	n/a	n/a	D255
936.5160000000	n/a	n/a	STATUS	n/a	n/a	D216
936.5680000000	n/a	n/a	STATUS	n/a	n/a	D255
936.6160000000	n/a	n/a	STATUS	n/a	n/a	DI53
936.6680000000	n/a	n/a	STATUS	n/a	n/a	D255
936.8880000000	n/a	n/a	STATUS	n/a	n/a	DI43
936.9400000000	n/a	n/a	STATUS	n/a	n/a	D255
937.2160000000	n/a	n/a	STATUS	n/a	n/a	DIN5
937.2680000000	n/a	n/a	STATUS	n/a	n/a	D255
937.6160000000	n/a	n/a	STATUS	n/a	n/a	D158
937.6680000000	n/a	n/a	STATUS	n/a	n/a	D255
937.7160000000	n/a	n/a	STATUS	n/a	n/a	DI54
937.7680000000	n/a	n/a	STATUS	n/a	n/a	D255
938.0360000000	n/a	n/a	STATUS	n/a	n/a	DI34
938.0880000000	n/a	n/a	STATUS	n/a	n/a	D255
938.3680000000	n/a	n/a	STATUS	n/a	n/a	DIN5
938.4160000000	n/a	n/a	STATUS	n/a	n/a	D255
938.8640000000	n/a	n/a	STATUS	n/a	n/a	D111
938.9160000000	n/a	n/a	STATUS	n/a	n/a	D255
938.9640000000	n/a	n/a	STATUS	n/a	n/a	DI54
939.0160000000	n/a	n/a	STATUS	n/a	n/a	D255
939.2720000000	n/a	n/a	STATUS	n/a	n/a	DI34
939.3200000000	n/a	n/a	STATUS	n/a	n/a	D255
939.6000000000	n/a	n/a	STATUS	n/a	n/a	DIN5
939.6480000000	n/a	n/a	STATUS	n/a	n/a	D255
940.1000000000	n/a	n/a	STATUS	n/a	n/a	DI97
940.1480000000	n/a	n/a	STATUS	n/a	n/a	D255
940.2000000000	n/a	n/a	STATUS	n/a	n/a	DI51
940.2480000000	n/a	n/a	STATUS	n/a	n/a	D255
940.5680000000	n/a	n/a	STATUS	n/a	n/a	DI31
940.6200000000	n/a	n/a	STATUS	n/a	n/a	D255
940.9000000000	n/a	n/a	STATUS	n/a	n/a	DIN5
940.9480000000	n/a	n/a	STATUS	n/a	n/a	D255
941.4160000000	n/a	n/a	STATUS	n/a	n/a	D239
941.4640000000	n/a	n/a	STATUS	n/a	n/a	D255
941.5160000000	n/a	n/a	STATUS	n/a	n/a	DI54
941.5640000000	n/a	n/a	STATUS	n/a	n/a	D255
941.8560000000	n/a	n/a	STATUS	n/a	n/a	DI34
941.9040000000	n/a	n/a	STATUS	n/a	n/a	D255
942.1800000000	n/a	n/a	STATUS	n/a	n/a	DIN5
942.2320000000	n/a	n/a	STATUS	n/a	n/a	D255
942.5800000000	n/a	n/a	STATUS	n/a	n/a	D151
942.6320000000	n/a	n/a	STATUS	n/a	n/a	D255
942.6800000000	n/a	n/a	STATUS	n/a	n/a	DI51
942.7320000000	n/a	n/a	STATUS	n/a	n/a	D255
943.0040000000	n/a	n/a	STATUS	n/a	n/a	DI21
943.0560000000	n/a	n/a	STATUS	n/a	n/a	D255
943.0640000000	n/a	n/a	STATUS	n/a	n/a	DIN4
943.1160000000	n/a	n/a	STATUS	n/a	n/a	D255
943.8800000000	n/a	n/a	STATUS	n/a	n/a	DIN5
943.9320000000	n/a	n/a	STATUS	n/a	n/a	D255
944.4320000000	n/a	n/a	STATUS	n/a	n/a	D248
944.4800000000	n/a	n/a	STATUS	n/a	n/a	D255
944.5320000000	n/a	n/a	STATUS	n/a	n/a	DI54
944.5800000000	n/a	n/a	STATUS	n/a	n/a	D255
944.9320000000	n/a	n/a	STATUS	n/a	n/a	DI34
944.9840000000	n/a	n/a	STATUS	n/a	n/a	D255
945.2640000000	n/a	n/a	STATUS	n/a	n/a	DIN5
945.3120000000	n/a	n/a	STATUS	n/a	n/a	D255
945.7120000000	n/a	n/a	STATUS	n/a	n/a	D128
945.7640000000	n/a	n/a	STATUS	n/a	n/a	D255
945.8120000000	n/a	n/a	STATUS	n/a	n/a	DI54
945.8640000000	n/a	n/a	STATUS	n/a	n/a	D255
946.1120000000	n/a	n/a	STATUS	n/a	n/a	DI34
946.1640000000	n/a	n/a	STATUS	n/a	n/a	D255
946.4480000000	n/a	n/a	STATUS	n/a	n/a	DIN5
946.4960000000	n/a	n/a	STATUS	n/a	n/a	D255
946.8800000000	n/a	n/a	STATUS	n/a	n/a	D222
946.9280000000	n/a	n/a	STATUS	n/a	n/a	D255
946.9800000000	n/a	n/a	STATUS	n/a	n/a	DI51
947.0280000000	n/a	n/a	STATUS	n/a	n/a	D255
947.3960000000	n/a	n/a	STATUS	n/a	n/a	DI31
947.4440000000	n/a	n/a	STATUS	n/a	n/a	D255
947.7280000000	n/a	n/a	STATUS	n/a	n/a	DIN5
947.7800000000	n/a	n/a	STATUS	n/a	n/a	D255
948.1960000000	n/a	n/a	STATUS	n/a	n/a	DI84
948.2440000000	n/a	n/a	STATUS	n/a	n/a	D255
948.2960000000	n/a	n/a	STATUS	n/a	n/a	DI53
948.3440000000	n/a	n/a	STATUS	n/a	n/a	D255
948.6280000000	n/a	n/a	STATUS	n/a	n/a	DI13
948.6800000000	n/a	n/a	STATUS	n/a	n/a	D255
948.6960000000	n/a	n/a	STATUS	n/a	n/a	DIN4
948.7440000000	n/a	n/a	STATUS	n/a	n/a	D255
949.5120000000	n/a	n/a	STATUS	n/a	n/a	DIN5
949.5600000000	n/a	n/a	STATUS	n/a	n/a	D255
950.0120000000	n/a	n/a	STATUS	n/a	n/a	DI81
950.0600000000	n/a	n/a	STATUS	n/a	n/a	D255
950.1120000000	n/a	n/a	STATUS	n/a	n/a	DI52
950.1600000000	n/a	n/a	STATUS	n/a	n/a	D255
950.5960000000	n/a	n/a	STATUS	n/a	n/a	DI42
950.6440000000	n/a	n/a	STATUS	n/a	n/a	D255
950.9280000000	n/a	n/a	STATUS	n/a	n/a	DIN5
950.9760000000	n/a	n/a	STATUS	n/a	n/a	D255
951.3120000000	n/a	n/a	STATUS	n/a	n/a	D204
951.3600000000	n/a	n/a	STATUS	n/a	n/a	D255
951.4120000000	n/a	n/a	STATUS	n/a	n/a	DI53
951.4600000000	n/a	n/a	STATUS	n/a	n/a	D255
951.7360000000	n/a	n/a	STATUS	n/a	n/a	DI43
951.7840000000	n/a	n/a	STATUS	n/a	n/a	D255
952.0600000000	n/a	n/a	STATUS	n/a	n/a	DIN5
952.1120000000	n/a	n/a	STATUS	n/a	n/a	D255
952.4440000000	n/a	n/a	STATUS	n/a	n/a	DI99
952.4920000000	n/a	n/a	STATUS	n/a	n/a	D255
952.5440000000	n/a	n/a	STATUS	n/a	n/a	DI53
952.5920000000	n/a	n/a	STATUS	n/a	n/a	D255
952.8520000000	n/a	n/a	STATUS	n/a	n/a	DI43
952.9000000000	n/a	n/a	STATUS	n/a	n/a	D255
953.1760000000	n/a	n/a	STATUS	n/a	n/a	DIN5
953.2280000000	n/a	n/a	STATUS	n/a	n/a	D255
953.6760000000	n/a	n/a	STATUS	n/a	n/a	D227
953.7280000000	n/a	n/a	STATUS	n/a	n/a	D255
953.7760000000	n/a	n/a	STATUS	n/a	n/a	DI51
953.8280000000	n/a	n/a	STATUS	n/a	n/a	D255
954.0560000000	n/a	n/a	STATUS	n/a	n/a	DI21
954.1080000000	n/a	n/a	STATUS	n/a	n/a	D255
954.1280000000	n/a	n/a	STATUS	n/a	n/a	DIN4
954.1760000000	n/a	n/a	STATUS	n/a	n/a	D255
954.9440000000	n/a	n/a	STATUS	n/a	n/a	DIN5
954.9920000000	n/a	n/a	STATUS	n/a	n/a	D255
955.4240000000	n/a	n/a	STATUS	n/a	n/a	D246
955.4760000000	n/a	n/a	STATUS	n/a	n/a	D255
955.5240000000	n/a	n/a	STATUS	n/a	n/a	DI51
955.5760000000	n/a	n/a	STATUS	n/a	n/a	D255
955.9760000000	n/a	n/a	STATUS	n/a	n/a	DI31
956.0240000000	n/a	n/a	STATUS	n/a	n/a	D255
956.3080000000	n/a	n/a	STATUS	n/a	n/a	DIN5
956.3600000000	n/a	n/a	STATUS	n/a	n/a	D255
956.7440000000	n/a	n/a	STATUS	n/a	n/a	D182
956.7920000000	n/a	n/a	STATUS	n/a	n/a	D255
956.8440000000	n/a	n/a	STATUS	n/a	n/a	DI53
956.8920000000	n/a	n/a	STATUS	n/a	n/a	D255
957.2200000000	n/a	n/a	STATUS	n/a	n/a	DI43
957.2680000000	n/a	n/a	STATUS	n/a	n/a	D255
957.5400000000	n/a	n/a	STATUS	n/a	n/a	DIN5
957.5920000000	n/a	n/a	STATUS	n/a	n/a	D255
958.1080000000	n/a	n/a	STATUS	n/a	n/a	D115
958.1600000000	n/a	n/a	STATUS	n/a	n/a	D255
958.2080000000	n/a	n/a	STATUS	n/a	n/a	DI52
958.2600000000	n/a	n/a	STATUS	n/a	n/a	D255
958.6320000000	n/a	n/a	STATUS	n/a	n/a	DI42
958.6800000000	n/a	n/a	STATUS	n/a	n/a	D255
958.9560000000	n/a	n/a	STATUS	n/a	n/a	DIN5
959.0080000000	n/a	n/a	STATUS	n/a	n/a	D255
959.3240000000	n/a	n/a	STATUS	n/a	n/a	D144
959.3760000000	n/a	n/a	STATUS	n/a	n/a	D255
959.4240000000	n/a	n/a	STATUS	n/a	n/a	DI53
959.4760000000	n/a	n/a	STATUS	n/a	n/a	D255
959.7400000000	n/a	n/a	STATUS	n/a	n/a	DI43
959.7920000000	n/a	n/a	STATUS	n/a	n/a	D255
960.0760000000	n/a	n/a	STATUS	n/a	n/a	DIN5
960.1240000000	n/a	n/a	STATUS	n/a	n/a	D255
960.5080000000	n/a	n/a	STATUS	n/a	n/a	DI91
960.5560000000	n/a	n/a	STATUS	n/a	n/a	D255
960.6080000000	n/a	n/a	STATUS	n/a	n/a	DI53
960.6560000000	n/a	n/a	STATUS	n/a	n/a	D255
960.9320000000	n/a	n/a	STATUS	n/a	n/a	DI43
960.9800000000	n/a	n/a	STATUS	n/a	n/a	D255
969.2040000000	n/a	n/a	STATUS	n/a	n/a	DIN5
969.2520000000	n/a	n/a	STATUS	n/a	n/a	D255
969.6520000000	n/a	n/a	STATUS	n/a	n/a	D116
969.7040000000	n/a	n/a	STATUS	n/a	n/a	D255
969.7520000000	n/a	n/a	STATUS	n/a	n/a	DI54
969.8040000000	n/a	n/a	STATUS	n/a	n/a	D255
970.1320000000	n/a	n/a	STATUS	n/a	n/a	DI34
970.1800000000	n/a	n/a	STATUS	n/a	n/a	D255
970.4520000000	n/a	n/a	STATUS	n/a	n/a	DIN5
970.5040000000	n/a	n/a	STATUS	n/a	n/a	D255
970.9880000000	n/a	n/a	STATUS	n/a	n/a	D170
971.0360000000	n/a	n/a	STATUS	n/a	n/a	D255
971.0840000000	n/a	n/a	STATUS	n/a	n/a	DI52
971.1360000000	n/a	n/a	STATUS	n/a	n/a	D255
971.4440000000	n/a	n/a	STATUS	n/a	n/a	DI42
971.4920000000	n/a	n/a	STATUS	n/a	n/a	D255
971.7680000000	n/a	n/a	STATUS	n/a	n/a	DIN5
971.8200000000	n/a	n/a	STATUS	n/a	n/a	D255
972.1680000000	n/a	n/a	STATUS	n/a	n/a	D121
972.2200000000	n/a	n/a	STATUS	n/a	n/a	D255
972.2680000000	n/a	n/a	STATUS	n/a	n/a	DI53
972.3200000000	n/a	n/a	STATUS	n/a	n/a	D255
972.5840000000	n/a	n/a	STATUS	n/a	n/a	DI43
972.6360000000	n/a	n/a	STATUS	n/a	n/a	D255
972.9200000000	n/a	n/a	STATUS	n/a	n/a	DIN5
972.9680000000	n/a	n/a	STATUS	n/a	n/a	D255
973.4680000000	n/a	n/a	STATUS	n/a	n/a	D119
973.5200000000	n/a	n/a	STATUS	n/a	n/a	D255
973.5680000000	n/a	n/a	STATUS	n/a	n/a	DI53
973.6160000000	n/a	n/a	STATUS	n/a	n/a	D255
973.8520000000	n/a	n/a	STATUS	n/a	n/a	DI43
973.9040000000	n/a	n/a	STATUS	n/a	n/a	D255
973.9040000000	n/a	n/a	STATUS	n/a	n/a	D235
974.1840000000	n/a	n/a	STATUS	n/a	n/a	DIN5
974.2360000000	n/a	n/a	STATUS	n/a	n/a	D255
974.6000000000	n/a	n/a	STATUS	n/a	n/a	D114
974.6520000000	n/a	n/a	STATUS	n/a	n/a	D255
974.7000000000	n/a	n/a	STATUS	n/a	n/a	DI53
974.7520000000	n/a	n/a	STATUS	n/a	n/a	D255
975.0160000000	n/a	n/a	STATUS	n/a	n/a	DI43
975.0640000000	n/a	n/a	STATUS	n/a	n/a	D255
975.3520000000	n/a	n/a	STATUS	n/a	n/a	DIN5
975.4000000000	n/a	n/a	STATUS	n/a	n/a	D255
975.8160000000	n/a	n/a	STATUS	n/a	n/a	DI67
975.8680000000	n/a	n/a	STATUS	n/a	n/a	D255
975.9160000000	n/a	n/a	STATUS	n/a	n/a	DI54
975.9680000000	n/a	n/a	STATUS	n/a	n/a	D255
976.2360000000	n/a	n/a	STATUS	n/a	n/a	DI34
976.2880000000	n/a	n/a	STATUS	n/a	n/a	D255
976.5680000000	n/a	n/a	STATUS	n/a	n/a	DIN5
976.6160000000	n/a	n/a	STATUS	n/a	n/a	D255
977.0840000000	n/a	n/a	STATUS	n/a	n/a	D220
977.1320000000	n/a	n/a	STATUS	n/a	n/a	D255
977.1840000000	n/a	n/a	STATUS	n/a	n/a	DI51
977.2320000000	n/a	n/a	STATUS	n/a	n/a	D255
977.5720000000	n/a	n/a	STATUS	n/a	n/a	DI31
977.6200000000	n/a	n/a	STATUS	n/a	n/a	D255
977.9000000000	n/a	n/a	STATUS	n/a	n/a	DIN5
977.9480000000	n/a	n/a	STATUS	n/a	n/a	D255
978.4480000000	n/a	n/a	STATUS	n/a	n/a	D183
978.5000000000	n/a	n/a	STATUS	n/a	n/a	D255
978.5480000000	n/a	n/a	STATUS	n/a	n/a	DI52
978.6000000000	n/a	n/a	STATUS	n/a	n/a	D255
978.9400000000	n/a	n/a	STATUS	n/a	n/a	DI42
978.9920000000	n/a	n/a	STATUS	n/a	n/a	D255
979.2640000000	n/a	n/a	STATUS	n/a	n/a	DIN5
979.3160000000	n/a	n/a	STATUS	n/a	n/a	D255
979.6840000000	n/a	n/a	STATUS	n/a	n/a	D185
979.7320000000	n/a	n/a	STATUS	n/a	n/a	D255
979.7800000000	n/a	n/a	STATUS	n/a	n/a	DI51
979.8320000000	n/a	n/a	STATUS	n/a	n/a	D255
980.1760000000	n/a	n/a	STATUS	n/a	n/a	DI31
980.2280000000	n/a	n/a	STATUS	n/a	n/a	D255
980.5000000000	n/a	n/a	STATUS	n/a	n/a	DIN5
980.5480000000	n/a	n/a	STATUS	n/a	n/a	D255
980.9160000000	n/a	n/a	STATUS	n/a	n/a	D195
980.9640000000	n/a	n/a	STATUS	n/a	n/a	D255
981.0160000000	n/a	n/a	STATUS	n/a	n/a	DI53
981.0640000000	n/a	n/a	STATUS	n/a	n/a	D255
981.3920000000	n/a	n/a	STATUS	n/a	n/a	DI43
981.4400000000	n/a	n/a	STATUS	n/a	n/a	D255
981.7160000000	n/a	n/a	STATUS	n/a	n/a	DIN5
981.7640000000	n/a	n/a	STATUS	n/a	n/a	D255
982.1640000000	n/a	n/a	STATUS	n/a	n/a	D162
982.2160000000	n/a	n/a	STATUS	n/a	n/a	D255
982.2640000000	n/a	n/a	STATUS	n/a	n/a	DI51
982.3160000000	n/a	n/a	STATUS	n/a	n/a	D255
982.6520000000	n/a	n/a	STATUS	n/a	n/a	DI31
982.7040000000	n/a	n/a	STATUS	n/a	n/a	D255
982.9800000000	n/a	n/a	STATUS	n/a	n/a	DIN5
983.0320000000	n/a	n/a	STATUS	n/a	n/a	D255
983.4640000000	n/a	n/a	STATUS	n/a	n/a	D100
983.5120000000	n/a	n/a	STATUS	n/a	n/a	D255
983.5640000000	n/a	n/a	STATUS	n/a	n/a	DI52
983.6120000000	n/a	n/a	STATUS	n/a	n/a	D255
983.9360000000	n/a	n/a	STATUS	n/a	n/a	DI42
983.9840000000	n/a	n/a	STATUS	n/a	n/a	D255
984.2640000000	n/a	n/a	STATUS	n/a	n/a	DIN5
984.3120000000	n/a	n/a	STATUS	n/a	n/a	D255
984.6640000000	n/a	n/a	STATUS	n/a	n/a	D130
984.7120000000	n/a	n/a	STATUS	n/a	n/a	D255
984.7640000000	n/a	n/a	STATUS	n/a	n/a	DI51
984.8120000000	n/a	n/a	STATUS	n/a	n/a	D255
985.1560000000	n/a	n/a	STATUS	n/a	n/a	DI31
985.2080000000	n/a	n/a	STATUS	n/a	n/a	D255
985.4800000000	n/a	n/a	STATUS	n/a	n/a	DIN5
985.5280000000	n/a	n/a	STATUS	n/a	n/a	D255
985.8800000000	n/a	n/a	STATUS	n/a	n/a	D133
985.9280000000	n/a	n/a	STATUS	n/a	n/a	D255
985.9800000000	n/a	n/a	STATUS	n/a	n/a	DI51
986.0280000000	n/a	n/a	STATUS	n/a	n/a	D255
986.4200000000	n/a	n/a	STATUS	n/a	n/a	DI31
986.4720000000	n/a	n/a	STATUS	n/a	n/a	D255
986.7440000000	n/a	n/a	STATUS	n/a	n/a	DIN5
986.7960000000	n/a	n/a	STATUS	n/a	n/a	D255
987.1960000000	n/a	n/a	STATUS	n/a	n/a	DI82
987.2440000000	n/a	n/a	STATUS	n/a	n/a	D255
987.2960000000	n/a	n/a	STATUS	n/a	n/a	DI54
987.3440000000	n/a	n/a	STATUS	n/a	n/a	D255
987.6400000000	n/a	n/a	STATUS	n/a	n/a	DI34
987.6880000000	n/a	n/a	STATUS	n/a	n/a	D255
987.9600000000	n/a	n/a	STATUS	n/a	n/a	DIN5
988.0120000000	n/a	n/a	STATUS	n/a	n/a	D255
988.5120000000	n/a	n/a	STATUS	n/a	n/a	D135
988.5600000000	n/a	n/a	STATUS	n/a	n/a	D255
988.6120000000	n/a	n/a	STATUS	n/a	n/a	DI51
988.6600000000	n/a	n/a	STATUS	n/a	n/a	D255
988.9920000000	n/a	n/a	STATUS	n/a	n/a	DI31
989.0400000000	n/a	n/a	STATUS	n/a	n/a	D255
989.3120000000	n/a	n/a	STATUS	n/a	n/a	DIN5
989.3600000000	n/a	n/a	STATUS	n/a	n/a	D255
989.8600000000	n/a	n/a	STATUS	n/a	n/a	D184
989.9120000000	n/a	n/a	STATUS	n/a	n/a	D255
989.9600000000	n/a	n/a	STATUS	n/a	n/a	DI52
990.0120000000	n/a	n/a	STATUS	n/a	n/a	D255
990.3280000000	n/a	n/a	STATUS	n/a	n/a	DI42
990.3800000000	n/a	n/a	STATUS	n/a	n/a	D255
990.6600000000	n/a	n/a	STATUS	n/a	n/a	DIN5
990.7120000000	n/a	n/a	STATUS	n/a	n/a	D255
991.1280000000	n/a	n/a	STATUS	n/a	n/a	D226
991.1760000000	n/a	n/a	STATUS	n/a	n/a	D255
991.2280000000	n/a	n/a	STATUS	n/a	n/a	DI53
991.2760000000	n/a	n/a	STATUS	n/a	n/a	D255
991.6160000000	n/a	n/a	STATUS	n/a	n/a	DI43
991.6640000000	n/a	n/a	STATUS	n/a	n/a	D255
991.9440000000	n/a	n/a	STATUS	n/a	n/a	DIN5
991.9920000000	n/a	n/a	STATUS	n/a	n/a	D255
992.4280000000	n/a	n/a	STATUS	n/a	n/a	D138
992.4760000000	n/a	n/a	STATUS	n/a	n/a	D255
992.5280000000	n/a	n/a	STATUS	n/a	n/a	DI52
992.5760000000	n/a	n/a	STATUS	n/a	n/a	D255
992.9440000000	n/a	n/a	STATUS	n/a	n/a	DI42
992.9960000000	n/a	n/a	STATUS	n/a	n/a	D255
993.2760000000	n/a	n/a	STATUS	n/a	n/a	DIN5
993.3280000000	n/a	n/a	STATUS	n/a	n/a	D255
993.8240000000	n/a	n/a	STATUS	n/a	n/a	D158
993.8760000000	n/a	n/a	STATUS	n/a	n/a	D255
993.9240000000	n/a	n/a	STATUS	n/a	n/a	DI53
993.9760000000	n/a	n/a	STATUS	n/a	n/a	D255
994.2600000000	n/a	n/a	STATUS	n/a	n/a	DI43
994.3080000000	n/a	n/a	STATUS	n/a	n/a	D255
994.5920000000	n/a	n/a	STATUS	n/a	n/a	DIN5
994.6440000000	n/a	n/a	STATUS	n/a	n/a	D255
995.0080000000	n/a	n/a	STATUS	n/a	n/a	D229
995.0600000000	n/a	n/a	STATUS	n/a	n/a	D255
995.1080000000	n/a	n/a	STATUS	n/a	n/a	DI52
995.1600000000	n/a	n/a	STATUS	n/a	n/a	D255
995.5040000000	n/a	n/a	STATUS	n/a	n/a	DI42
995.5560000000	n/a	n/a	STATUS	n/a	n/a	D255
995.8400000000	n/a	n/a	STATUS	n/a	n/a	DIN5
995.8920000000	n/a	n/a	STATUS	n/a	n/a	D255
996.3080000000	n/a	n/a	STATUS	n/a	n/a	D168
996.3600000000	n/a	n/a	STATUS	n/a	n/a	D255
996.4080000000	n/a	n/a	STATUS	n/a	n/a	DI54
996.4600000000	n/a	n/a	STATUS	n/a	n/a	D255
996.8400000000	n/a	n/a	STATUS	n/a	n/a	DI34
996.8880000000	n/a	n/a	STATUS	n/a	n/a	D255
997.1760000000	n/a	n/a	STATUS	n/a	n/a	DIN5
997.2240000000	n/a	n/a	STATUS	n/a	n/a	D255
997.6560000000	n/a	n/a	STATUS	n/a	n/a	D131
997.7080000000	n/a	n/a	STATUS	n/a	n/a	D255
997.7560000000	n/a	n/a	STATUS	n/a	n/a	DI51
997.8080000000	n/a	n/a	STATUS	n/a	n/a	D255
998.1160000000	n/a	n/a	STATUS	n/a	n/a	DI31
998.1680000000	n/a	n/a	STATUS	n/a	n/a	D255
998.4400000000	n/a	n/a	STATUS	n/a	n/a	DIN5
998.4920000000	n/a	n/a	STATUS	n/a	n/a	D255
998.8720000000	n/a	n/a	STATUS	n/a	n/a	D250
998.9240000000	n/a	n/a	STATUS	n/a	n/a	D255
998.9720000000	n/a	n/a	STATUS	n/a	n/a	DI54
999.0240000000	n/a	n/a	STATUS	n/a	n/a	D255
999.3680000000	n/a	n/a	STATUS	n/a	n/a	DI34
999.4160000000	n/a	n/a	STATUS	n/a	n/a	D255
999.6920000000	n/a	n/a	STATUS	n/a	n/a	DIN5
999.7400000000	n/a	n/a	STATUS	n/a	n/a	D255
1000.1720000000	n/a	n/a	STATUS	n/a	n/a	D163
1000.2240000000	n/a	n/a	STATUS	n/a	n/a	D255
1000.2720000000	n/a	n/a	STATUS	n/a	n/a	DI54
1000.3240000000	n/a	n/a	STATUS	n/a	n/a	D255
1000.5800000000	n/a	n/a	STATUS	n/a	n/a	DI34
1000.6280000000	n/a	n/a	STATUS	n/a	n/a	D255
1000.9080000000	n/a	n/a	STATUS	n/a	n/a	DIN5
1000.9560000000	n/a	n/a	STATUS	n/a	n/a	D255
1001.4400000000	n/a	n/a	STATUS	n/a	n/a	D160
1001.4880000000	n/a	n/a	STATUS	n/a	n/a	D255
1001.5400000000	n/a	n/a	STATUS	n/a	n/a	DI54
1001.5880000000	n/a	n/a	STATUS	n/a	n/a	D255
1001.8120000000	n/a	n/a	STATUS	n/a	n/a	DI34
1001.8640000000	n/a	n/a	STATUS	n/a	n/a	D255
1002.1400000000	n/a	n/a	STATUS	n/a	n/a	DIN5
1002.1880000000	n/a	n/a	STATUS	n/a	n/a	D255
1002.6880000000	n/a	n/a	STATUS	n/a	n/a	D120
1002.7400000000	n/a	n/a	STATUS	n/a	n/a	D255
1002.7880000000	n/a	n/a	STATUS	n/a	n/a	DI54
1002.8400000000	n/a	n/a	STATUS	n/a	n/a	D255
1003.0920000000	n/a	n/a	STATUS	n/a	n/a	DI34
1003.1440000000	n/a	n/a	STATUS	n/a	n/a	D255
1003.4240000000	n/a	n/a	STATUS	n/a	n/a	DIN5
1003.4720000000	n/a	n/a	STATUS	n/a	n/a	D255
1003.8400000000	n/a	n/a	STATUS	n/a	n/a	D117
1003.8880000000	n/a	n/a	STATUS	n/a	n/a	D255
1003.9400000000	n/a	n/a	STATUS	n/a	n/a	DI51
1003.9880000000	n/a	n/a	STATUS	n/a	n/a	D255
1004.2960000000	n/a	n/a	STATUS	n/a	n/a	DI31
1004.3480000000	n/a	n/a	STATUS	n/a	n/a	D255
1004.6200000000	n/a	n/a	STATUS	n/a	n/a	DIN5
1004.6720000000	n/a	n/a	STATUS	n/a	n/a	D255
1005.1560000000	n/a	n/a	STATUS	n/a	n/a	D137
1005.2040000000	n/a	n/a	STATUS	n/a	n/a	D255
1005.2560000000	n/a	n/a	STATUS	n/a	n/a	DI53
1005.3040000000	n/a	n/a	STATUS	n/a	n/a	D255
1005.6240000000	n/a	n/a	STATUS	n/a	n/a	DI43
1005.6720000000	n/a	n/a	STATUS	n/a	n/a	D255
1005.9560000000	n/a	n/a	STATUS	n/a	n/a	DIN5
1006.0040000000	n/a	n/a	STATUS	n/a	n/a	D255
1006.4880000000	n/a	n/a	STATUS	n/a	n/a	D112
1006.5360000000	n/a	n/a	STATUS	n/a	n/a	D255
1006.5880000000	n/a	n/a	STATUS	n/a	n/a	DI54
1006.6360000000	n/a	n/a	STATUS	n/a	n/a	D255
1006.8920000000	n/a	n/a	STATUS	n/a	n/a	DI34
1006.9440000000	n/a	n/a	STATUS	n/a	n/a	D255
1007.2200000000	n/a	n/a	STATUS	n/a	n/a	DIN5
1007.2720000000	n/a	n/a	STATUS	n/a	n/a	D255
1007.7720000000	n/a	n/a	STATUS	n/a	n/a	D201
1007.8200000000	n/a	n/a	STATUS	n/a	n/a	D255
1007.8720000000	n/a	n/a	STATUS	n/a	n/a	DI54
1007.9200000000	n/a	n/a	STATUS	n/a	n/a	D255
1008.1880000000	n/a	n/a	STATUS	n/a	n/a	DI34
1008.2360000000	n/a	n/a	STATUS	n/a	n/a	D255
1008.5200000000	n/a	n/a	STATUS	n/a	n/a	DIN5
1008.5720000000	n/a	n/a	STATUS	n/a	n/a	D255
1009.0680000000	n/a	n/a	STATUS	n/a	n/a	DI91
1009.1200000000	n/a	n/a	STATUS	n/a	n/a	D255
1009.1680000000	n/a	n/a	STATUS	n/a	n/a	DI52
1009.2200000000	n/a	n/a	STATUS	n/a	n/a	D255
1009.6120000000	n/a	n/a	STATUS	n/a	n/a	DI42
1009.6640000000	n/a	n/a	STATUS	n/a	n/a	D255
1009.9360000000	n/a	n/a	STATUS	n/a	n/a	DIN5
1009.9880000000	n/a	n/a	STATUS	n/a	n/a	D255
1010.4520000000	n/a	n/a	STATUS	n/a	n/a	DI68
1010.5040000000	n/a	n/a	STATUS	n/a	n/a	D255
1010.5520000000	n/a	n/a	STATUS	n/a	n/a	DI52
1010.6040000000	n/a	n/a	STATUS	n/a	n/a	D255
1010.9520000000	n/a	n/a	STATUS	n/a	n/a	DI42
1011.0000000000	n/a	n/a	STATUS	n/a	n/a	D255
1011.2840000000	n/a	n/a	STATUS	n/a	n/a	DIN5
1011.3360000000	n/a	n/a	STATUS	n/a	n/a	D255
1011.7520000000	n/a	n/a	STATUS	n/a	n/a	DI75
1011.8040000000	n/a	n/a	STATUS	n/a	n/a	D255
1011.8520000000	n/a	n/a	STATUS	n/a	n/a	DI51
1011.9040000000	n/a	n/a	STATUS	n/a	n/a	D255
1012.2640000000	n/a	n/a	STATUS	n/a	n/a	DI31
1012.3160000000	n/a	n/a	STATUS	n/a	n/a	D255
1012.5840000000	n/a	n/a	STATUS	n/a	n/a	DIN5
1012.6360000000	n/a	n/a	STATUS	n/a	n/a	D255
1012.9680000000	n/a	n/a	STATUS	n/a	n/a	DI89
1013.0200000000	n/a	n/a	STATUS	n/a	n/a	D255
1013.0680000000	n/a	n/a	STATUS	n/a	n/a	DI51
1013.1200000000	n/a	n/a	STATUS	n/a	n/a	D255
1013.4400000000	n/a	n/a	STATUS	n/a	n/a	DI31
1013.4920000000	n/a	n/a	STATUS	n/a	n/a	D255
1013.7680000000	n/a	n/a	STATUS	n/a	n/a	DIN5
1013.8200000000	n/a	n/a	STATUS	n/a	n/a	D255
1014.2680000000	n/a	n/a	STATUS	n/a	n/a	DI70
1014.3160000000	n/a	n/a	STATUS	n/a	n/a	D255
1014.3680000000	n/a	n/a	STATUS	n/a	n/a	DI51
1014.4160000000	n/a	n/a	STATUS	n/a	n/a	D255
1014.6800000000	n/a	n/a	STATUS	n/a	n/a	DI21
1014.7280000000	n/a	n/a	STATUS	n/a	n/a	D255
1014.7360000000	n/a	n/a	STATUS	n/a	n/a	DIN4
1014.7840000000	n/a	n/a	STATUS	n/a	n/a	D255
1015.5520000000	n/a	n/a	STATUS	n/a	n/a	DIN5
1015.6000000000	n/a	n/a	STATUS	n/a	n/a	D255
1016.0840000000	n/a	n/a	STATUS	n/a	n/a	D150
1016.1320000000	n/a	n/a	STATUS	n/a	n/a	D255
1016.1840000000	n/a	n/a	STATUS	n/a	n/a	DI52
1016.2320000000	n/a	n/a	STATUS	n/a	n/a	D255
1016.5720000000	n/a	n/a	STATUS	n/a	n/a	DI42
1016.6200000000	n/a	n/a	STATUS	n/a	n/a	D255
1016.9000000000	n/a	n/a	STATUS	n/a	n/a	DIN5
1016.9520000000	n/a	n/a	STATUS	n/a	n/a	D255
1017.4000000000	n/a	n/a	STATUS	n/a	n/a	D232
1017.4480000000	n/a	n/a	STATUS	n/a	n/a	D255
1017.5000000000	n/a	n/a	STATUS	n/a	n/a	DI53
1017.5480000000	n/a	n/a	STATUS	n/a	n/a	D255
1017.8080000000	n/a	n/a	STATUS	n/a	n/a	DI43
1017.8600000000	n/a	n/a	STATUS	n/a	n/a	D255
1018.1320000000	n/a	n/a	STATUS	n/a	n/a	DIN5
1018.1840000000	n/a	n/a	STATUS	n/a	n/a	D255
1018.6320000000	n/a	n/a	STATUS	n/a	n/a	D241
1018.6840000000	n/a	n/a	STATUS	n/a	n/a	D255
1018.7320000000	n/a	n/a	STATUS	n/a	n/a	DI51
1018.7840000000	n/a	n/a	STATUS	n/a	n/a	D255
1018.9920000000	n/a	n/a	STATUS	n/a	n/a	DI21
1019.0440000000	n/a	n/a	STATUS	n/a	n/a	D255
1019.0480000000	n/a	n/a	STATUS	n/a	n/a	DIN4
1019.1000000000	n/a	n/a	STATUS	n/a	n/a	D255
1019.8640000000	n/a	n/a	STATUS	n/a	n/a	DIN5
1019.9160000000	n/a	n/a	STATUS	n/a	n/a	D255
1020.3480000000	n/a	n/a	STATUS	n/a	n/a	D187
1020.4000000000	n/a	n/a	STATUS	n/a	n/a	D255
1020.4480000000	n/a	n/a	STATUS	n/a	n/a	DI54
1020.5000000000	n/a	n/a	STATUS	n/a	n/a	D255
1020.8280000000	n/a	n/a	STATUS	n/a	n/a	DI34
1020.8760000000	n/a	n/a	STATUS	n/a	n/a	D255
1021.1480000000	n/a	n/a	STATUS	n/a	n/a	DIN5
1021.2000000000	n/a	n/a	STATUS	n/a	n/a	D255
1021.6480000000	n/a	n/a	STATUS	n/a	n/a	D230
1021.7000000000	n/a	n/a	STATUS	n/a	n/a	D255
1021.7480000000	n/a	n/a	STATUS	n/a	n/a	DI52
1021.8000000000	n/a	n/a	STATUS	n/a	n/a	D255
1022.1680000000	n/a	n/a	STATUS	n/a	n/a	DI42
1022.2200000000	n/a	n/a	STATUS	n/a	n/a	D255
1022.4960000000	n/a	n/a	STATUS	n/a	n/a	DIN5
1022.5480000000	n/a	n/a	STATUS	n/a	n/a	D255
1022.9960000000	n/a	n/a	STATUS	n/a	n/a	DI94
1023.0480000000	n/a	n/a	STATUS	n/a	n/a	D255
1023.0960000000	n/a	n/a	STATUS	n/a	n/a	DI54
1023.1480000000	n/a	n/a	STATUS	n/a	n/a	D255
1023.4080000000	n/a	n/a	STATUS	n/a	n/a	DI34
1023.4600000000	n/a	n/a	STATUS	n/a	n/a	D255
1023.7320000000	n/a	n/a	STATUS	n/a	n/a	DIN5
1023.7800000000	n/a	n/a	STATUS	n/a	n/a	D255
1024.1120000000	n/a	n/a	STATUS	n/a	n/a	D124
1024.1640000000	n/a	n/a	STATUS	n/a	n/a	D255
1024.2120000000	n/a	n/a	STATUS	n/a	n/a	DI54
1024.2640000000	n/a	n/a	STATUS	n/a	n/a	D255
1024.5360000000	n/a	n/a	STATUS	n/a	n/a	DI34
1024.5840000000	n/a	n/a	STATUS	n/a	n/a	D255
1024.8640000000	n/a	n/a	STATUS	n/a	n/a	DIN5
1024.9120000000	n/a	n/a	STATUS	n/a	n/a	D255
1025.3280000000	n/a	n/a	STATUS	n/a	n/a	D192
1025.3800000000	n/a	n/a	STATUS	n/a	n/a	D255
1025.4280000000	n/a	n/a	STATUS	n/a	n/a	DI54
1025.4800000000	n/a	n/a	STATUS	n/a	n/a	D255
1025.4800000000	n/a	n/a	STATUS	n/a	n/a	D118
1025.7400000000	n/a	n/a	STATUS	n/a	n/a	DI34
1025.7880000000	n/a	n/a	STATUS	n/a	n/a	D255
1026.0640000000	n/a	n/a	STATUS	n/a	n/a	DIN5
1026.1120000000	n/a	n/a	STATUS	n/a	n/a	D255
1026.4640000000	n/a	n/a	STATUS	n/a	n/a	D103
1026.5120000000	n/a	n/a	STATUS	n/a	n/a	D255
1026.5640000000	n/a	n/a	STATUS	n/a	n/a	DI52
1026.6120000000	n/a	n/a	STATUS	n/a	n/a	D255
1026.9600000000	n/a	n/a	STATUS	n/a	n/a	DI42
1027.0080000000	n/a	n/a	STATUS	n/a	n/a	D255
1027.2960000000	n/a	n/a	STATUS	n/a	n/a	DIN5
1027.3440000000	n/a	n/a	STATUS	n/a	n/a	D255
1027.8120000000	n/a	n/a	STATUS	n/a	n/a	D123
1027.8640000000	n/a	n/a	STATUS	n/a	n/a	D255
1027.9120000000	n/a	n/a	STATUS	n/a	n/a	DI54
1027.9640000000	n/a	n/a	STATUS	n/a	n/a	D255
1028.2480000000	n/a	n/a	STATUS	n/a	n/a	DI34
1028.3000000000	n/a	n/a	STATUS	n/a	n/a	D255
1028.5800000000	n/a	n/a	STATUS	n/a	n/a	DIN5
1028.6280000000	n/a	n/a	STATUS	n/a	n/a	D255
1029.0120000000	n/a	n/a	STATUS	n/a	n/a	D139
1029.0600000000	n/a	n/a	STATUS	n/a	n/a	D255
1029.1120000000	n/a	n/a	STATUS	n/a	n/a	DI53
1029.1600000000	n/a	n/a	STATUS	n/a	n/a	D255
1029.4920000000	n/a	n/a	STATUS	n/a	n/a	DI43
1029.5400000000	n/a	n/a	STATUS	n/a	n/a	D255
1029.8280000000	n/a	n/a	STATUS	n/a	n/a	DIN5
1029.8800000000	n/a	n/a	STATUS	n/a	n/a	D255
1030.2960000000	n/a	n/a	STATUS	n/a	n/a	D129
1030.3440000000	n/a	n/a	STATUS	n/a	n/a	D255
1030.3960000000	n/a	n/a	STATUS	n/a	n/a	DI52
1030.4440000000	n/a	n/a	STATUS	n/a	n/a	D255
1030.6840000000	n/a	n/a	STATUS	n/a	n/a	DI12
1030.7320000000	n/a	n/a	STATUS	n/a	n/a	D255
1030.7440000000	n/a	n/a	STATUS	n/a	n/a	DIN4
1030.7960000000	n/a	n/a	STATUS	n/a	n/a	D255
1031.5600000000	n/a	n/a	STATUS	n/a	n/a	DIN5
1031.6120000000	n/a	n/a	STATUS	n/a	n/a	D255
1031.9440000000	n/a	n/a	STATUS	n/a	n/a	D172
1031.9960000000	n/a	n/a	STATUS	n/a	n/a	D255
1032.0440000000	n/a	n/a	STATUS	n/a	n/a	DI53
1032.0920000000	n/a	n/a	STATUS	n/a	n/a	D255
1032.4400000000	n/a	n/a	STATUS	n/a	n/a	DI43
1032.4920000000	n/a	n/a	STATUS	n/a	n/a	D255
1032.7760000000	n/a	n/a	STATUS	n/a	n/a	DIN5
1032.8280000000	n/a	n/a	STATUS	n/a	n/a	D255
1033.2920000000	n/a	n/a	STATUS	n/a	n/a	DI76
1033.3440000000	n/a	n/a	STATUS	n/a	n/a	D255
1033.3920000000	n/a	n/a	STATUS	n/a	n/a	DI53
1033.4440000000	n/a	n/a	STATUS	n/a	n/a	D255
1033.6960000000	n/a	n/a	STATUS	n/a	n/a	DI43
1033.7480000000	n/a	n/a	STATUS	n/a	n/a	D255
1034.0280000000	n/a	n/a	STATUS	n/a	n/a	DIN5
1034.0760000000	n/a	n/a	STATUS	n/a	n/a	D255
1034.5760000000	n/a	n/a	STATUS	n/a	n/a	D101
1034.6280000000	n/a	n/a	STATUS	n/a	n/a	D255
1034.6760000000	n/a	n/a	STATUS	n/a	n/a	DI54
1034.7280000000	n/a	n/a	STATUS	n/a	n/a	D255
1035.0680000000	n/a	n/a	STATUS	n/a	n/a	DI34
1035.1200000000	n/a	n/a	STATUS	n/a	n/a	D255
1035.3920000000	n/a	n/a	STATUS	n/a	n/a	DIN5
1035.4440000000	n/a	n/a	STATUS	n/a	n/a	D255
1035.8080000000	n/a	n/a	STATUS	n/a	n/a	D204
1035.8600000000	n/a	n/a	STATUS	n/a	n/a	D255
1035.9080000000	n/a	n/a	STATUS	n/a	n/a	DI53
1035.9600000000	n/a	n/a	STATUS	n/a	n/a	D255
1036.3000000000	n/a	n/a	STATUS	n/a	n/a	DI43
1036.3520000000	n/a	n/a	STATUS	n/a	n/a	D255
1036.6240000000	n/a	n/a	STATUS	n/a	n/a	DIN5
1036.6760000000	n/a	n/a	STATUS	n/a	n/a	D255
1037.0600000000	n/a	n/a	STATUS	n/a	n/a	D208
1037.1080000000	n/a	n/a	STATUS	n/a	n/a	D255
1037.1600000000	n/a	n/a	STATUS	n/a	n/a	DI52
1037.2080000000	n/a	n/a	STATUS	n/a	n/a	D255
1037.5920000000	n/a	n/a	STATUS	n/a	n/a	DI42
1037.6400000000	n/a	n/a	STATUS	n/a	n/a	D255
1037.9240000000	n/a	n/a	STATUS	n/a	n/a	DIN5
1037.9760000000	n/a	n/a	STATUS	n/a	n/a	D255
1038.4240000000	n/a	n/a	STATUS	n/a	n/a	D180
1038.4760000000	n/a	n/a	STATUS	n/a	n/a	D255
1038.5240000000	n/a	n/a	STATUS	n/a	n/a	DI53
1038.5760000000	n/a	n/a	STATUS	n/a	n/a	D255
1038.8520000000	n/a	n/a	STATUS	n/a	n/a	DI43
1038.9000000000	n/a	n/a	STATUS	n/a	n/a	D255
1039.1760000000	n/a	n/a	STATUS	n/a	n/a	DIN5
1039.2240000000	n/a	n/a	STATUS	n/a	n/a	D255
1039.7080000000	n/a	n/a	STATUS	n/a	n/a	D175
1039.7560000000	n/a	n/a	STATUS	n/a	n/a	D255
1039.8080000000	n/a	n/a	STATUS	n/a	n/a	DI51
1039.8560000000	n/a	n/a	STATUS	n/a	n/a	D255
1040.2440000000	n/a	n/a	STATUS	n/a	n/a	DI31
1040.2920000000	n/a	n/a	STATUS	n/a	n/a	D255
1040.5720000000	n/a	n/a	STATUS	n/a	n/a	DIN5
1040.6240000000	n/a	n/a	STATUS	n/a	n/a	D255
1041.0400000000	n/a	n/a	STATUS	n/a	n/a	D136
1041.0920000000	n/a	n/a	STATUS	n/a	n/a	D255
1041.1400000000	n/a	n/a	STATUS	n/a	n/a	DI54
1041.1920000000	n/a	n/a	STATUS	n/a	n/a	D255
1041.4800000000	n/a	n/a	STATUS	n/a	n/a	DI34
1041.5320000000	n/a	n/a	STATUS	n/a	n/a	D255
1041.8080000000	n/a	n/a	STATUS	n/a	n/a	DIN5
1041.8560000000	n/a	n/a	STATUS	n/a	n/a	D255
1042.3560000000	n/a	n/a	STATUS	n/a	n/a	D197
1042.4080000000	n/a	n/a	STATUS	n/a	n/a	D255
1042.4560000000	n/a	n/a	STATUS	n/a	n/a	DI51
1042.5080000000	n/a	n/a	STATUS	n/a	n/a	D255
1042.8760000000	n/a	n/a	STATUS	n/a	n/a	DI31
1042.9240000000	n/a	n/a	STATUS	n/a	n/a	D255
1043.2040000000	n/a	n/a	STATUS	n/a	n/a	DIN5
1043.2560000000	n/a	n/a	STATUS	n/a	n/a	D255
1043.7400000000	n/a	n/a	STATUS	n/a	n/a	D213
1043.7880000000	n/a	n/a	STATUS	n/a	n/a	D255
1043.8400000000	n/a	n/a	STATUS	n/a	n/a	DI53
1043.8880000000	n/a	n/a	STATUS	n/a	n/a	D255
1044.2680000000	n/a	n/a	STATUS	n/a	n/a	DI43
1044.3160000000	n/a	n/a	STATUS	n/a	n/a	D255
1044.5880000000	n/a	n/a	STATUS	n/a	n/a	DIN5
1044.6400000000	n/a	n/a	STATUS	n/a	n/a	D255
1045.0880000000	n/a	n/a	STATUS	n/a	n/a	DI84
1045.1400000000	n/a	n/a	STATUS	n/a	n/a	D255
1045.1880000000	n/a	n/a	STATUS	n/a	n/a	DI54
1045.2400000000	n/a	n/a	STATUS	n/a	n/a	D255
1045.5480000000	n/a	n/a	STATUS	n/a	n/a	DI34
1045.6000000000	n/a	n/a	STATUS	n/a	n/a	D255
1045.8720000000	n/a	n/a	STATUS	n/a	n/a	DIN5
1045.9200000000	n/a	n/a	STATUS	n/a	n/a	D255
1046.2880000000	n/a	n/a	STATUS	n/a	n/a	D109
1046.3400000000	n/a	n/a	STATUS	n/a	n/a	D255
1046.3880000000	n/a	n/a	STATUS	n/a	n/a	DI54
1046.4400000000	n/a	n/a	STATUS	n/a	n/a	D255
1046.7360000000	n/a	n/a	STATUS	n/a	n/a	DI34
1046.7840000000	n/a	n/a	STATUS	n/a	n/a	D255
1047.0720000000	n/a	n/a	STATUS	n/a	n/a	DIN5
1047.1200000000	n/a	n/a	STATUS	n/a	n/a	D255
1047.4720000000	n/a	n/a	STATUS	n/a	n/a	D225
1047.5200000000	n/a	n/a	STATUS	n/a	n/a	D255
1047.5720000000	n/a	n/a	STATUS	n/a	n/a	DI51
1047.6200000000	n/a	n/a	STATUS	n/a	n/a	D255
1048.0880000000	n/a	n/a	STATUS	n/a	n/a	DI31
1048.1360000000	n/a	n/a	STATUS	n/a	n/a	D255
1048.4200000000	n/a	n/a	STATUS	n/a	n/a	DIN5
1048.4720000000	n/a	n/a	STATUS	n/a	n/a	D255
1048.7880000000	n/a	n/a	STATUS	n/a	n/a	D177
1048.8360000000	n/a	n/a	STATUS	n/a	n/a	D255
1048.8880000000	n/a	n/a	STATUS	n/a	n/a	DI54
1048.9360000000	n/a	n/a	STATUS	n/a	n/a	D255
1049.2360000000	n/a	n/a	STATUS	n/a	n/a	DI34
1049.2880000000	n/a	n/a	STATUS	n/a	n/a	D255
1049.5720000000	n/a	n/a	STATUS	n/a	n/a	DIN5
1049.6200000000	n/a	n/a	STATUS	n/a	n/a	D255
1050.0880000000	n/a	n/a	STATUS	n/a	n/a	D171
1050.1360000000	n/a	n/a	STATUS	n/a	n/a	D255
1050.1880000000	n/a	n/a	STATUS	n/a	n/a	DI52
1050.2360000000	n/a	n/a	STATUS	n/a	n/a	D255
1050.6120000000	n/a	n/a	STATUS	n/a	n/a	DI42
1050.6600000000	n/a	n/a	STATUS	n/a	n/a	D255
1050.9360000000	n/a	n/a	STATUS	n/a	n/a	DIN5
1050.9880000000	n/a	n/a	STATUS	n/a	n/a	D255
1051.3040000000	n/a	n/a	STATUS	n/a	n/a	D251
1051.3520000000	n/a	n/a	STATUS	n/a	n/a	D255
1051.4040000000	n/a	n/a	STATUS	n/a	n/a	DI52
1051.4520000000	n/a	n/a	STATUS	n/a	n/a	D255
1052.0040000000	n/a	n/a	STATUS	n/a	n/a	DI42
1052.0520000000	n/a	n/a	STATUS	n/a	n/a	D255
1052.3360000000	n/a	n/a	STATUS	n/a	n/a	DIN5
1052.3840000000	n/a	n/a	STATUS	n/a	n/a	D255
1052.8680000000	n/a	n/a	STATUS	n/a	n/a	DI74
1052.9200000000	n/a	n/a	STATUS	n/a	n/a	D255
1052.9680000000	n/a	n/a	STATUS	n/a	n/a	DI51
1053.0200000000	n/a	n/a	STATUS	n/a	n/a	D255
1053.2760000000	n/a	n/a	STATUS	n/a	n/a	DI21
1053.3240000000	n/a	n/a	STATUS	n/a	n/a	D255
1053.3360000000	n/a	n/a	STATUS	n/a	n/a	DIN4
1053.3840000000	n/a	n/a	STATUS	n/a	n/a	D255
1054.1520000000	n/a	n/a	STATUS	n/a	n/a	DIN5
1054.2000000000	n/a	n/a	STATUS	n/a	n/a	D255
1054.6680000000	n/a	n/a	STATUS	n/a	n/a	D249
1054.7200000000	n/a	n/a	STATUS	n/a	n/a	D255
1054.7680000000	n/a	n/a	STATUS	n/a	n/a	DI51
1054.8200000000	n/a	n/a	STATUS	n/a	n/a	D255
1055.2520000000	n/a	n/a	STATUS	n/a	n/a	DI31
1055.3000000000	n/a	n/a	STATUS	n/a	n/a	D255
1055.5840000000	n/a	n/a	STATUS	n/a	n/a	DIN5
1055.6360000000	n/a	n/a	STATUS	n/a	n/a	D255
1056.0360000000	n/a	n/a	STATUS	n/a	n/a	D106
1056.0840000000	n/a	n/a	STATUS	n/a	n/a	D255
1056.1360000000	n/a	n/a	STATUS	n/a	n/a	DI52
1056.1840000000	n/a	n/a	STATUS	n/a	n/a	D255
1056.5200000000	n/a	n/a	STATUS	n/a	n/a	DI42
1056.5680000000	n/a	n/a	STATUS	n/a	n/a	D255
1056.8520000000	n/a	n/a	STATUS	n/a	n/a	DIN5
1056.9000000000	n/a	n/a	STATUS	n/a	n/a	D255
1057.2520000000	n/a	n/a	STATUS	n/a	n/a	DI79
1057.3000000000	n/a	n/a	STATUS	n/a	n/a	D255
1057.3520000000	n/a	n/a	STATUS	n/a	n/a	DI53
1057.4000000000	n/a	n/a	STATUS	n/a	n/a	D255
1057.7160000000	n/a	n/a	STATUS	n/a	n/a	DI43
1057.7680000000	n/a	n/a	STATUS	n/a	n/a	D255
1058.0480000000	n/a	n/a	STATUS	n/a	n/a	DIN5
1058.1000000000	n/a	n/a	STATUS	n/a	n/a	D255
1058.5840000000	n/a	n/a	STATUS	n/a	n/a	D233
1058.6320000000	n/a	n/a	STATUS	n/a	n/a	D255
1058.6840000000	n/a	n/a	STATUS	n/a	n/a	DI51
1058.7320000000	n/a	n/a	STATUS	n/a	n/a	D255
1059.0960000000	n/a	n/a	STATUS	n/a	n/a	DI31
1059.1440000000	n/a	n/a	STATUS	n/a	n/a	D255
1059.4160000000	n/a	n/a	STATUS	n/a	n/a	DIN5
1059.4680000000	n/a	n/a	STATUS	n/a	n/a	D255
1059.8000000000	n/a	n/a	STATUS	n/a	n/a	DI87
1059.8480000000	n/a	n/a	STATUS	n/a	n/a	D255
1059.9000000000	n/a	n/a	STATUS	n/a	n/a	DI54
1059.9480000000	n/a	n/a	STATUS	n/a	n/a	D255
1060.2160000000	n/a	n/a	STATUS	n/a	n/a	DI34
1060.2680000000	n/a	n/a	STATUS	n/a	n/a	D255
1060.5480000000	n/a	n/a	STATUS	n/a	n/a	DIN5
1060.6000000000	n/a	n/a	STATUS	n/a	n/a	D255
1060.9640000000	n/a	n/a	STATUS	n/a	n/a	D242
1061.0160000000	n/a	n/a	STATUS	n/a	n/a	D255
1061.0640000000	n/a	n/a	STATUS	n/a	n/a	DI52
1061.1160000000	n/a	n/a	STATUS	n/a	n/a	D255
1061.4680000000	n/a	n/a	STATUS	n/a	n/a	DI42
1061.5200000000	n/a	n/a	STATUS	n/a	n/a	D255
1061.8000000000	n/a	n/a	STATUS	n/a	n/a	DIN5
1061.8480000000	n/a	n/a	STATUS	n/a	n/a	D255
1062.3000000000	n/a	n/a	STATUS	n/a	n/a	D104
1062.3480000000	n/a	n/a	STATUS	n/a	n/a	D255
1062.4000000000	n/a	n/a	STATUS	n/a	n/a	DI53
1062.4480000000	n/a	n/a	STATUS	n/a	n/a	D255
1062.6600000000	n/a	n/a	STATUS	n/a	n/a	DI43
1062.7120000000	n/a	n/a	STATUS	n/a	n/a	D255
1062.9960000000	n/a	n/a	STATUS	n/a	n/a	DIN5
1063.0480000000	n/a	n/a	STATUS	n/a	n/a	D255
1063.5160000000	n/a	n/a	STATUS	n/a	n/a	D188
1063.5640000000	n/a	n/a	STATUS	n/a	n/a	D255
1063.6160000000	n/a	n/a	STATUS	n/a	n/a	DI53
1063.6640000000	n/a	n/a	STATUS	n/a	n/a	D255
1063.8800000000	n/a	n/a	STATUS	n/a	n/a	DI43
1063.9280000000	n/a	n/a	STATUS	n/a	n/a	D255
1064.2160000000	n/a	n/a	STATUS	n/a	n/a	DIN5
1064.2640000000	n/a	n/a	STATUS	n/a	n/a	D255
1064.7120000000	n/a	n/a	STATUS	n/a	n/a	DI85
1064.7640000000	n/a	n/a	STATUS	n/a	n/a	D255
1064.8120000000	n/a	n/a	STATUS	n/a	n/a	DI52
1064.8640000000	n/a	n/a	STATUS	n/a	n/a	D255
1065.0720000000	n/a	n/a	STATUS	n/a	n/a	DI12
1065.1240000000	n/a	n/a	STATUS	n/a	n/a	D255
1065.1320000000	n/a	n/a	STATUS	n/a	n/a	DIN4
1065.1800000000	n/a	n/a	STATUS	n/a	n/a	D255
1065.9480000000	n/a	n/a	STATUS	n/a	n/a	DIN5
1065.9960000000	n/a	n/a	STATUS	n/a	n/a	D255
1066.3800000000	n/a	n/a	STATUS	n/a	n/a	D200
1066.4320000000	n/a	n/a	STATUS	n/a	n/a	D255
1066.4800000000	n/a	n/a	STATUS	n/a	n/a	DI51
1066.5320000000	n/a	n/a	STATUS	n/a	n/a	D255
1066.7960000000	n/a	n/a	STATUS	n/a	n/a	DI21
1066.8440000000	n/a	n/a	STATUS	n/a	n/a	D255
1066.8640000000	n/a	n/a	STATUS	n/a	n/a	DIN4
1066.9120000000	n/a	n/a	STATUS	n/a	n/a	D255
1067.6800000000	n/a	n/a	STATUS	n/a	n/a	DIN5
1067.7280000000	n/a	n/a	STATUS	n/a	n/a	D255
1068.1800000000	n/a	n/a	STATUS	n/a	n/a	DI95
1068.2280000000	n/a	n/a	STATUS	n/a	n/a	D255
1068.2800000000	n/a	n/a	STATUS	n/a	n/a	DI53
1068.3280000000	n/a	n/a	STATUS	n/a	n/a	D255
1068.6160000000	n/a	n/a	STATUS	n/a	n/a	DI43
1068.6680000000	n/a	n/a	STATUS	n/a	n/a	D255
1068.9440000000	n/a	n/a	STATUS	n/a	n/a	DIN5
1068.9960000000	n/a	n/a	STATUS	n/a	n/a	D255
1069.3960000000	n/a	n/a	STATUS	n/a	n/a	D198
1069.4440000000	n/a	n/a	STATUS	n/a	n/a	D255
1069.4960000000	n/a	n/a	STATUS	n/a	n/a	DI52
1069.5440000000	n/a	n/a	STATUS	n/a	n/a	D255
1069.9000000000	n/a	n/a	STATUS	n/a	n/a	DI42
1069.9520000000	n/a	n/a	STATUS	n/a	n/a	D255
1070.2280000000	n/a	n/a	STATUS	n/a	n/a	DIN5
1070.2800000000	n/a	n/a	STATUS	n/a	n/a	D255
1070.7440000000	n/a	n/a	STATUS	n/a	n/a	D246
1070.7960000000	n/a	n/a	STATUS	n/a	n/a	D255
1070.8440000000	n/a	n/a	STATUS	n/a	n/a	DI52
1070.8960000000	n/a	n/a	STATUS	n/a	n/a	D255
1071.2080000000	n/a	n/a	STATUS	n/a	n/a	DI12
1071.2600000000	n/a	n/a	STATUS	n/a	n/a	D255
1071.2760000000	n/a	n/a	STATUS	n/a	n/a	DIN4
1071.3280000000	n/a	n/a	STATUS	n/a	n/a	D255
1072.0960000000	n/a	n/a	STATUS	n/a	n/a	DIN5
1072.1440000000	n/a	n/a	STATUS	n/a	n/a	D255
1072.5960000000	n/a	n/a	STATUS	n/a	n/a	D219
1072.6440000000	n/a	n/a	STATUS	n/a	n/a	D255
1072.6920000000	n/a	n/a	STATUS	n/a	n/a	DI51
1072.7440000000	n/a	n/a	STATUS	n/a	n/a	D255
1073.1120000000	n/a	n/a	STATUS	n/a	n/a	DI31
1073.1640000000	n/a	n/a	STATUS	n/a	n/a	D255
1073.4440000000	n/a	n/a	STATUS	n/a	n/a	DIN5
1073.4920000000	n/a	n/a	STATUS	n/a	n/a	D255
1073.8600000000	n/a	n/a	STATUS	n/a	n/a	D111
1073.9120000000	n/a	n/a	STATUS	n/a	n/a	D255
1073.9600000000	n/a	n/a	STATUS	n/a	n/a	DI52
1074.0120000000	n/a	n/a	STATUS	n/a	n/a	D255
1074.3240000000	n/a	n/a	STATUS	n/a	n/a	DI42
1074.3720000000	n/a	n/a	STATUS	n/a	n/a	D255
1074.6600000000	n/a	n/a	STATUS	n/a	n/a	DIN5
1074.7120000000	n/a	n/a	STATUS	n/a	n/a	D255
1075.1440000000	n/a	n/a	STATUS	n/a	n/a	D182
1075.1920000000	n/a	n/a	STATUS	n/a	n/a	D255
1075.2440000000	n/a	n/a	STATUS	n/a	n/a	DI52
1075.2920000000	n/a	n/a	STATUS	n/a	n/a	D255
1075.5840000000	n/a	n/a	STATUS	n/a	n/a	DI12
1075.6320000000	n/a	n/a	STATUS	n/a	n/a	D255
1075.6440000000	n/a	n/a	STATUS	n/a	n/a	DIN4
1075.6920000000	n/a	n/a	STATUS	n/a	n/a	D255
1076.4600000000	n/a	n/a	STATUS	n/a	n/a	DIN5
1076.5080000000	n/a	n/a	STATUS	n/a	n/a	D255
1076.9760000000	n/a	n/a	STATUS	n/a	n/a	D202
1077.0240000000	n/a	n/a	STATUS	n/a	n/a	D255
1077.0760000000	n/a	n/a	STATUS	n/a	n/a	DI51
1077.1240000000	n/a	n/a	STATUS	n/a	n/a	D255
1077.5120000000	n/a	n/a	STATUS	n/a	n/a	DI31
1077.5600000000	n/a	n/a	STATUS	n/a	n/a	D255
1077.8400000000	n/a	n/a	STATUS	n/a	n/a	DIN5
1077.8920000000	n/a	n/a	STATUS	n/a	n/a	D255
1078.2240000000	n/a	n/a	STATUS	n/a	n/a	D243
1078.2760000000	n/a	n/a	STATUS	n/a	n/a	D255
1078.3240000000	n/a	n/a	STATUS	n/a	n/a	DI51
1078.3760000000	n/a	n/a	STATUS	n/a	n/a	D255
1078.6320000000	n/a	n/a	STATUS	n/a	n/a	DI21
1078.6800000000	n/a	n/a	STATUS	n/a	n/a	D255
1078.6920000000	n/a	n/a	STATUS	n/a	n/a	DIN4
1078.7400000000	n/a	n/a	STATUS	n/a	n/a	D255
1079.5080000000	n/a	n/a	STATUS	n/a	n/a	DIN5
1079.5600000000	n/a	n/a	STATUS	n/a	n/a	D255
1079.8760000000	n/a	n/a	STATUS	n/a	n/a	D146
1079.9240000000	n/a	n/a	STATUS	n/a	n/a	D255
1079.9760000000	n/a	n/a	STATUS	n/a	n/a	DI53
1080.0240000000	n/a	n/a	STATUS	n/a	n/a	D255
1080.2880000000	n/a	n/a	STATUS	n/a	n/a	DI43
1080.3400000000	n/a	n/a	STATUS	n/a	n/a	D255
1080.6240000000	n/a	n/a	STATUS	n/a	n/a	DIN5
1080.6760000000	n/a	n/a	STATUS	n/a	n/a	D255
1081.0240000000	n/a	n/a	STATUS	n/a	n/a	D221
1081.0760000000	n/a	n/a	STATUS	n/a	n/a	D255
1081.1240000000	n/a	n/a	STATUS	n/a	n/a	DI52
1081.1760000000	n/a	n/a	STATUS	n/a	n/a	D255
1081.5320000000	n/a	n/a	STATUS	n/a	n/a	DI42
1081.5840000000	n/a	n/a	STATUS	n/a	n/a	D255
1081.8560000000	n/a	n/a	STATUS	n/a	n/a	DIN5
1081.9080000000	n/a	n/a	STATUS	n/a	n/a	D255
1082.2920000000	n/a	n/a	STATUS	n/a	n/a	DI78
1082.3400000000	n/a	n/a	STATUS	n/a	n/a	D255
1082.3920000000	n/a	n/a	STATUS	n/a	n/a	DI51
1082.4400000000	n/a	n/a	STATUS	n/a	n/a	D255
1082.7680000000	n/a	n/a	STATUS	n/a	n/a	DI31
1082.8200000000	n/a	n/a	STATUS	n/a	n/a	D255
1083.0880000000	n/a	n/a	STATUS	n/a	n/a	DIN5
1083.1400000000	n/a	n/a	STATUS	n/a	n/a	D255
1083.5880000000	n/a	n/a	STATUS	n/a	n/a	D113
1083.6400000000	n/a	n/a	STATUS	n/a	n/a	D255
1083.6880000000	n/a	n/a	STATUS	n/a	n/a	DI54
1083.7400000000	n/a	n/a	STATUS	n/a	n/a	D255
1084.0600000000	n/a	n/a	STATUS	n/a	n/a	DI34
1084.1120000000	n/a	n/a	STATUS	n/a	n/a	D255
1084.3880000000	n/a	n/a	STATUS	n/a	n/a	DIN5
1084.4400000000	n/a	n/a	STATUS	n/a	n/a	D255
1084.7560000000	n/a	n/a	STATUS	n/a	n/a	D147
1084.8040000000	n/a	n/a	STATUS	n/a	n/a	D255
1084.8560000000	n/a	n/a	STATUS	n/a	n/a	DI53
1084.9040000000	n/a	n/a	STATUS	n/a	n/a	D255
1085.1760000000	n/a	n/a	STATUS	n/a	n/a	DI43
1085.2240000000	n/a	n/a	STATUS	n/a	n/a	D255
1085.5040000000	n/a	n/a	STATUS	n/a	n/a	DIN5
1085.5560000000	n/a	n/a	STATUS	n/a	n/a	D255
1085.9560000000	n/a	n/a	STATUS	n/a	n/a	D189
1086.0040000000	n/a	n/a	STATUS	n/a	n/a	D255
1086.0560000000	n/a	n/a	STATUS	n/a	n/a	DI53
1086.1040000000	n/a	n/a	STATUS	n/a	n/a	D255
1086.3520000000	n/a	n/a	STATUS	n/a	n/a	DI43
1086.4040000000	n/a	n/a	STATUS	n/a	n/a	D255
1086.6880000000	n/a	n/a	STATUS	n/a	n/a	DIN5
1086.7400000000	n/a	n/a	STATUS	n/a	n/a	D255
1087.2200000000	n/a	n/a	STATUS	n/a	n/a	D253
1087.2720000000	n/a	n/a	STATUS	n/a	n/a	D255
1087.3200000000	n/a	n/a	STATUS	n/a	n/a	DI53
1087.3720000000	n/a	n/a	STATUS	n/a	n/a	D255
1087.6280000000	n/a	n/a	STATUS	n/a	n/a	DI43
1087.6800000000	n/a	n/a	STATUS	n/a	n/a	D255
1087.9560000000	n/a	n/a	STATUS	n/a	n/a	DIN5
1088.0040000000	n/a	n/a	STATUS	n/a	n/a	D255
1088.3560000000	n/a	n/a	STATUS	n/a	n/a	DI69
1088.4040000000	n/a	n/a	STATUS	n/a	n/a	D255
1088.4560000000	n/a	n/a	STATUS	n/a	n/a	DI54
1088.5040000000	n/a	n/a	STATUS	n/a	n/a	D255
1088.7720000000	n/a	n/a	STATUS	n/a	n/a	DI34
1088.8200000000	n/a	n/a	STATUS	n/a	n/a	D255
1089.1040000000	n/a	n/a	STATUS	n/a	n/a	DIN5
1089.1560000000	n/a	n/a	STATUS	n/a	n/a	D255
1089.5200000000	n/a	n/a	STATUS	n/a	n/a	D105
1089.5720000000	n/a	n/a	STATUS	n/a	n/a	D255
1089.6200000000	n/a	n/a	STATUS	n/a	n/a	DI53
1089.6720000000	n/a	n/a	STATUS	n/a	n/a	D255
1089.9480000000	n/a	n/a	STATUS	n/a	n/a	DI43
1089.9960000000	n/a	n/a	STATUS	n/a	n/a	D255
1090.2720000000	n/a	n/a	STATUS	n/a	n/a	DIN5
1090.3200000000	n/a	n/a	STATUS	n/a	n/a	D255
1090.6360000000	n/a	n/a	STATUS	n/a	n/a	D156
1090.6880000000	n/a	n/a	STATUS	n/a	n/a	D255
1090.7360000000	n/a	n/a	STATUS	n/a	n/a	DI54
1090.7880000000	n/a	n/a	STATUS	n/a	n/a	D255
1091.0640000000	n/a	n/a	STATUS	n/a	n/a	DI24
1091.1120000000	n/a	n/a	STATUS	n/a	n/a	D255
1091.1200000000	n/a	n/a	STATUS	n/a	n/a	DIN4
1091.1720000000	n/a	n/a	STATUS	n/a	n/a	D255
1091.9360000000	n/a	n/a	STATUS	n/a	n/a	DIN5
1091.9880000000	n/a	n/a	STATUS	n/a	n/a	D255
1092.3360000000	n/a	n/a	STATUS	n/a	n/a	D181
1092.3880000000	n/a	n/a	STATUS	n/a	n/a	D255
1092.4360000000	n/a	n/a	STATUS	n/a	n/a	DI52
1092.4880000000	n/a	n/a	STATUS	n/a	n/a	D255
1092.8160000000	n/a	n/a	STATUS	n/a	n/a	DI42
1092.8680000000	n/a	n/a	STATUS	n/a	n/a	D255
1093.1520000000	n/a	n/a	STATUS	n/a	n/a	DIN5
1093.2040000000	n/a	n/a	STATUS	n/a	n/a	D255
1093.5520000000	n/a	n/a	STATUS	n/a	n/a	D161
1093.6040000000	n/a	n/a	STATUS	n/a	n/a	D255
1093.6520000000	n/a	n/a	STATUS	n/a	n/a	DI54
1093.7040000000	n/a	n/a	STATUS	n/a	n/a	D255
1094.0160000000	n/a	n/a	STATUS	n/a	n/a	DI34
1094.0680000000	n/a	n/a	STATUS	n/a	n/a	D255
1094.3520000000	n/a	n/a	STATUS	n/a	n/a	DIN5
1094.4040000000	n/a	n/a	STATUS	n/a	n/a	D255
1094.8680000000	n/a	n/a	STATUS	n/a	n/a	D154
1094.9200000000	n/a	n/a	STATUS	n/a	n/a	D255
1094.9680000000	n/a	n/a	STATUS	n/a	n/a	DI53
1095.0200000000	n/a	n/a	STATUS	n/a	n/a	D255
1095.2680000000	n/a	n/a	STATUS	n/a	n/a	DI43
1095.3200000000	n/a	n/a	STATUS	n/a	n/a	D255
1095.6000000000	n/a	n/a	STATUS	n/a	n/a	DIN5
1095.6520000000	n/a	n/a	STATUS	n/a	n/a	D255
1096.1000000000	n/a	n/a	STATUS	n/a	n/a	D140
1096.1520000000	n/a	n/a	STATUS	n/a	n/a	D255
1096.2000000000	n/a	n/a	STATUS	n/a	n/a	DI51
1096.2520000000	n/a	n/a	STATUS	n/a	n/a	D255
1096.5800000000	n/a	n/a	STATUS	n/a	n/a	DI31
1096.6320000000	n/a	n/a	STATUS	n/a	n/a	D255
1096.9160000000	n/a	n/a	STATUS	n/a	n/a	DIN5
1096.9680000000	n/a	n/a	STATUS	n/a	n/a	D255
1097.4520000000	n/a	n/a	STATUS	n/a	n/a	DI88
1097.5000000000	n/a	n/a	STATUS	n/a	n/a	D255
1097.5520000000	n/a	n/a	STATUS	n/a	n/a	DI51
1097.6000000000	n/a	n/a	STATUS	n/a	n/a	D255
1098.0320000000	n/a	n/a	STATUS	n/a	n/a	DI31
1098.0840000000	n/a	n/a	STATUS	n/a	n/a	D255
1098.3680000000	n/a	n/a	STATUS	n/a	n/a	DIN5
1098.4160000000	n/a	n/a	STATUS	n/a	n/a	D255
1098.9000000000	n/a	n/a	STATUS	n/a	n/a	DI92
1098.9520000000	n/a	n/a	STATUS	n/a	n/a	D255
1099.0000000000	n/a	n/a	STATUS	n/a	n/a	DI53
1099.0520000000	n/a	n/a	STATUS	n/a	n/a	D255
1099.3400000000	n/a	n/a	STATUS	n/a	n/a	DI43
1099.3920000000	n/a	n/a	STATUS	n/a	n/a	D255
1099.6680000000	n/a	n/a	STATUS	n/a	n/a	DIN5
1099.7160000000	n/a	n/a	STATUS	n/a	n/a	D255
1100.0840000000	n/a	n/a	STATUS	n/a	n/a	D231
1100.1320000000	n/a	n/a	STATUS	n/a	n/a	D255
1100.1840000000	n/a	n/a	STATUS	n/a	n/a	DI52
1100.2320000000	n/a	n/a	STATUS	n/a	n/a	D255
1100.6040000000	n/a	n/a	STATUS	n/a	n/a	DI42
1100.6520000000	n/a	n/a	STATUS	n/a	n/a	D255
