onset	duration	sample	trial_type	response_time	stim_file	value
35.0800000000	n/a	n/a	STATUS	n/a	n/a	D255
277.6160000000	n/a	n/a	STATUS	n/a	n/a	DIN5
277.6640000000	n/a	n/a	STATUS	n/a	n/a	D255
278.0320000000	n/a	n/a	STATUS	n/a	n/a	D193
278.0800000000	n/a	n/a	STATUS	n/a	n/a	D255
278.1200000000	n/a	n/a	STATUS	n/a	n/a	DI54
278.1720000000	n/a	n/a	STATUS	n/a	n/a	D255
278.5080000000	n/a	n/a	STATUS	n/a	n/a	DI24
278.5560000000	n/a	n/a	STATUS	n/a	n/a	D255
278.5600000000	n/a	n/a	STATUS	n/a	n/a	DIN4
278.6120000000	n/a	n/a	STATUS	n/a	n/a	D255
279.3720000000	n/a	n/a	STATUS	n/a	n/a	DIN5
279.4200000000	n/a	n/a	STATUS	n/a	n/a	D255
279.9240000000	n/a	n/a	STATUS	n/a	n/a	D236
279.9720000000	n/a	n/a	STATUS	n/a	n/a	D255
280.0120000000	n/a	n/a	STATUS	n/a	n/a	DI52
280.0640000000	n/a	n/a	STATUS	n/a	n/a	D255
280.5120000000	n/a	n/a	STATUS	n/a	n/a	DI42
280.5640000000	n/a	n/a	STATUS	n/a	n/a	D255
280.8200000000	n/a	n/a	STATUS	n/a	n/a	DIN5
280.8720000000	n/a	n/a	STATUS	n/a	n/a	D255
281.3760000000	n/a	n/a	STATUS	n/a	n/a	D170
281.4280000000	n/a	n/a	STATUS	n/a	n/a	D255
281.4640000000	n/a	n/a	STATUS	n/a	n/a	DI52
281.5120000000	n/a	n/a	STATUS	n/a	n/a	D255
281.8920000000	n/a	n/a	STATUS	n/a	n/a	DI42
281.9400000000	n/a	n/a	STATUS	n/a	n/a	D255
282.2000000000	n/a	n/a	STATUS	n/a	n/a	DIN5
282.2520000000	n/a	n/a	STATUS	n/a	n/a	D255
282.5640000000	n/a	n/a	STATUS	n/a	n/a	D132
282.6160000000	n/a	n/a	STATUS	n/a	n/a	D255
282.6520000000	n/a	n/a	STATUS	n/a	n/a	DI53
282.7040000000	n/a	n/a	STATUS	n/a	n/a	D255
283.0280000000	n/a	n/a	STATUS	n/a	n/a	DI43
283.0800000000	n/a	n/a	STATUS	n/a	n/a	D255
283.3360000000	n/a	n/a	STATUS	n/a	n/a	DIN5
283.3880000000	n/a	n/a	STATUS	n/a	n/a	D255
283.7120000000	n/a	n/a	STATUS	n/a	n/a	D164
283.7640000000	n/a	n/a	STATUS	n/a	n/a	D255
283.8000000000	n/a	n/a	STATUS	n/a	n/a	DI52
283.8520000000	n/a	n/a	STATUS	n/a	n/a	D255
284.2360000000	n/a	n/a	STATUS	n/a	n/a	DI42
284.2880000000	n/a	n/a	STATUS	n/a	n/a	D255
284.5480000000	n/a	n/a	STATUS	n/a	n/a	DIN5
284.5960000000	n/a	n/a	STATUS	n/a	n/a	D255
284.9440000000	n/a	n/a	STATUS	n/a	n/a	D241
284.9960000000	n/a	n/a	STATUS	n/a	n/a	D255
285.0320000000	n/a	n/a	STATUS	n/a	n/a	DI52
285.0840000000	n/a	n/a	STATUS	n/a	n/a	D255
285.3200000000	n/a	n/a	STATUS	n/a	n/a	DI12
285.3720000000	n/a	n/a	STATUS	n/a	n/a	D255
285.3760000000	n/a	n/a	STATUS	n/a	n/a	DIN4
285.4280000000	n/a	n/a	STATUS	n/a	n/a	D255
286.1800000000	n/a	n/a	STATUS	n/a	n/a	DIN5
286.2320000000	n/a	n/a	STATUS	n/a	n/a	D255
286.6200000000	n/a	n/a	STATUS	n/a	n/a	D215
286.6720000000	n/a	n/a	STATUS	n/a	n/a	D255
286.7080000000	n/a	n/a	STATUS	n/a	n/a	DI51
286.7560000000	n/a	n/a	STATUS	n/a	n/a	D255
287.2440000000	n/a	n/a	STATUS	n/a	n/a	DI31
287.2920000000	n/a	n/a	STATUS	n/a	n/a	D255
287.5520000000	n/a	n/a	STATUS	n/a	n/a	DIN5
287.6040000000	n/a	n/a	STATUS	n/a	n/a	D255
288.0520000000	n/a	n/a	STATUS	n/a	n/a	D206
288.1040000000	n/a	n/a	STATUS	n/a	n/a	D255
288.1400000000	n/a	n/a	STATUS	n/a	n/a	DI54
288.1920000000	n/a	n/a	STATUS	n/a	n/a	D255
288.6280000000	n/a	n/a	STATUS	n/a	n/a	DI34
288.6760000000	n/a	n/a	STATUS	n/a	n/a	D255
288.9360000000	n/a	n/a	STATUS	n/a	n/a	DIN5
288.9840000000	n/a	n/a	STATUS	n/a	n/a	D255
289.4560000000	n/a	n/a	STATUS	n/a	n/a	D160
289.5040000000	n/a	n/a	STATUS	n/a	n/a	D255
289.5040000000	n/a	n/a	STATUS	n/a	n/a	D235
289.5440000000	n/a	n/a	STATUS	n/a	n/a	DI54
289.5920000000	n/a	n/a	STATUS	n/a	n/a	D255
289.9120000000	n/a	n/a	STATUS	n/a	n/a	DI34
289.9640000000	n/a	n/a	STATUS	n/a	n/a	D255
290.2240000000	n/a	n/a	STATUS	n/a	n/a	DIN5
290.2720000000	n/a	n/a	STATUS	n/a	n/a	D255
290.7600000000	n/a	n/a	STATUS	n/a	n/a	D150
290.8120000000	n/a	n/a	STATUS	n/a	n/a	D255
290.8480000000	n/a	n/a	STATUS	n/a	n/a	DI51
290.9000000000	n/a	n/a	STATUS	n/a	n/a	D255
291.2720000000	n/a	n/a	STATUS	n/a	n/a	DI31
291.3200000000	n/a	n/a	STATUS	n/a	n/a	D255
291.5800000000	n/a	n/a	STATUS	n/a	n/a	DIN5
291.6320000000	n/a	n/a	STATUS	n/a	n/a	D255
291.9640000000	n/a	n/a	STATUS	n/a	n/a	DI97
292.0160000000	n/a	n/a	STATUS	n/a	n/a	D255
292.0520000000	n/a	n/a	STATUS	n/a	n/a	DI53
292.1040000000	n/a	n/a	STATUS	n/a	n/a	D255
292.6240000000	n/a	n/a	STATUS	n/a	n/a	DI43
292.6760000000	n/a	n/a	STATUS	n/a	n/a	D255
292.9320000000	n/a	n/a	STATUS	n/a	n/a	DIN5
292.9840000000	n/a	n/a	STATUS	n/a	n/a	D255
293.4400000000	n/a	n/a	STATUS	n/a	n/a	DI71
293.4880000000	n/a	n/a	STATUS	n/a	n/a	D255
293.5240000000	n/a	n/a	STATUS	n/a	n/a	DI52
293.5760000000	n/a	n/a	STATUS	n/a	n/a	D255
294.0400000000	n/a	n/a	STATUS	n/a	n/a	DI42
294.0920000000	n/a	n/a	STATUS	n/a	n/a	D255
294.3520000000	n/a	n/a	STATUS	n/a	n/a	DIN5
294.4000000000	n/a	n/a	STATUS	n/a	n/a	D255
294.7440000000	n/a	n/a	STATUS	n/a	n/a	D126
294.7960000000	n/a	n/a	STATUS	n/a	n/a	D255
294.8320000000	n/a	n/a	STATUS	n/a	n/a	DI54
294.8840000000	n/a	n/a	STATUS	n/a	n/a	D255
295.1640000000	n/a	n/a	STATUS	n/a	n/a	DI34
295.2160000000	n/a	n/a	STATUS	n/a	n/a	D255
295.4720000000	n/a	n/a	STATUS	n/a	n/a	DIN5
295.5240000000	n/a	n/a	STATUS	n/a	n/a	D255
295.9920000000	n/a	n/a	STATUS	n/a	n/a	D244
296.0440000000	n/a	n/a	STATUS	n/a	n/a	D255
296.0800000000	n/a	n/a	STATUS	n/a	n/a	DI53
296.1320000000	n/a	n/a	STATUS	n/a	n/a	D255
296.4360000000	n/a	n/a	STATUS	n/a	n/a	DI43
296.4840000000	n/a	n/a	STATUS	n/a	n/a	D255
296.7440000000	n/a	n/a	STATUS	n/a	n/a	DIN5
296.7960000000	n/a	n/a	STATUS	n/a	n/a	D255
297.2280000000	n/a	n/a	STATUS	n/a	n/a	DI75
297.2800000000	n/a	n/a	STATUS	n/a	n/a	D255
297.3160000000	n/a	n/a	STATUS	n/a	n/a	DI52
297.3680000000	n/a	n/a	STATUS	n/a	n/a	D255
297.7320000000	n/a	n/a	STATUS	n/a	n/a	DI42
297.7800000000	n/a	n/a	STATUS	n/a	n/a	D255
298.0400000000	n/a	n/a	STATUS	n/a	n/a	DIN5
298.0880000000	n/a	n/a	STATUS	n/a	n/a	D255
298.4280000000	n/a	n/a	STATUS	n/a	n/a	D100
298.4800000000	n/a	n/a	STATUS	n/a	n/a	D255
298.5160000000	n/a	n/a	STATUS	n/a	n/a	DI52
298.5680000000	n/a	n/a	STATUS	n/a	n/a	D255
298.9080000000	n/a	n/a	STATUS	n/a	n/a	DI42
298.9560000000	n/a	n/a	STATUS	n/a	n/a	D255
299.2160000000	n/a	n/a	STATUS	n/a	n/a	DIN5
299.2680000000	n/a	n/a	STATUS	n/a	n/a	D255
299.5800000000	n/a	n/a	STATUS	n/a	n/a	D111
299.6320000000	n/a	n/a	STATUS	n/a	n/a	D255
299.6680000000	n/a	n/a	STATUS	n/a	n/a	DI54
299.7200000000	n/a	n/a	STATUS	n/a	n/a	D255
300.2040000000	n/a	n/a	STATUS	n/a	n/a	DI34
300.2560000000	n/a	n/a	STATUS	n/a	n/a	D255
300.5160000000	n/a	n/a	STATUS	n/a	n/a	DIN5
300.5640000000	n/a	n/a	STATUS	n/a	n/a	D255
301.0440000000	n/a	n/a	STATUS	n/a	n/a	D134
301.0920000000	n/a	n/a	STATUS	n/a	n/a	D255
301.1320000000	n/a	n/a	STATUS	n/a	n/a	DI51
301.1800000000	n/a	n/a	STATUS	n/a	n/a	D255
301.4400000000	n/a	n/a	STATUS	n/a	n/a	DI21
301.4920000000	n/a	n/a	STATUS	n/a	n/a	D255
301.4960000000	n/a	n/a	STATUS	n/a	n/a	DIN4
301.5440000000	n/a	n/a	STATUS	n/a	n/a	D255
302.3000000000	n/a	n/a	STATUS	n/a	n/a	DIN5
302.3480000000	n/a	n/a	STATUS	n/a	n/a	D255
302.8080000000	n/a	n/a	STATUS	n/a	n/a	D177
302.8600000000	n/a	n/a	STATUS	n/a	n/a	D255
302.8960000000	n/a	n/a	STATUS	n/a	n/a	DI54
302.9480000000	n/a	n/a	STATUS	n/a	n/a	D255
303.2520000000	n/a	n/a	STATUS	n/a	n/a	DI34
303.3040000000	n/a	n/a	STATUS	n/a	n/a	D255
303.5600000000	n/a	n/a	STATUS	n/a	n/a	DIN5
303.6120000000	n/a	n/a	STATUS	n/a	n/a	D255
304.0320000000	n/a	n/a	STATUS	n/a	n/a	DI86
304.0800000000	n/a	n/a	STATUS	n/a	n/a	D255
304.1200000000	n/a	n/a	STATUS	n/a	n/a	DI54
304.1680000000	n/a	n/a	STATUS	n/a	n/a	D255
304.5280000000	n/a	n/a	STATUS	n/a	n/a	DI34
304.5800000000	n/a	n/a	STATUS	n/a	n/a	D255
304.8360000000	n/a	n/a	STATUS	n/a	n/a	DIN5
304.8880000000	n/a	n/a	STATUS	n/a	n/a	D255
305.3520000000	n/a	n/a	STATUS	n/a	n/a	DI87
305.4040000000	n/a	n/a	STATUS	n/a	n/a	D255
305.4400000000	n/a	n/a	STATUS	n/a	n/a	DI52
305.4920000000	n/a	n/a	STATUS	n/a	n/a	D255
305.8880000000	n/a	n/a	STATUS	n/a	n/a	DI42
305.9360000000	n/a	n/a	STATUS	n/a	n/a	D255
306.1960000000	n/a	n/a	STATUS	n/a	n/a	DIN5
306.2480000000	n/a	n/a	STATUS	n/a	n/a	D255
306.5920000000	n/a	n/a	STATUS	n/a	n/a	D151
306.6400000000	n/a	n/a	STATUS	n/a	n/a	D255
306.6760000000	n/a	n/a	STATUS	n/a	n/a	DI54
306.7280000000	n/a	n/a	STATUS	n/a	n/a	D255
307.0800000000	n/a	n/a	STATUS	n/a	n/a	DI34
307.1320000000	n/a	n/a	STATUS	n/a	n/a	D255
307.3920000000	n/a	n/a	STATUS	n/a	n/a	DIN5
307.4400000000	n/a	n/a	STATUS	n/a	n/a	D255
307.9000000000	n/a	n/a	STATUS	n/a	n/a	D180
307.9520000000	n/a	n/a	STATUS	n/a	n/a	D255
307.9880000000	n/a	n/a	STATUS	n/a	n/a	DI53
308.0400000000	n/a	n/a	STATUS	n/a	n/a	D255
308.3200000000	n/a	n/a	STATUS	n/a	n/a	DI43
308.3680000000	n/a	n/a	STATUS	n/a	n/a	D255
308.6280000000	n/a	n/a	STATUS	n/a	n/a	DIN5
308.6800000000	n/a	n/a	STATUS	n/a	n/a	D255
309.1040000000	n/a	n/a	STATUS	n/a	n/a	D136
309.1520000000	n/a	n/a	STATUS	n/a	n/a	D255
309.1920000000	n/a	n/a	STATUS	n/a	n/a	DI54
309.2400000000	n/a	n/a	STATUS	n/a	n/a	D255
309.5240000000	n/a	n/a	STATUS	n/a	n/a	DI34
309.5760000000	n/a	n/a	STATUS	n/a	n/a	D255
309.8320000000	n/a	n/a	STATUS	n/a	n/a	DIN5
309.8840000000	n/a	n/a	STATUS	n/a	n/a	D255
310.2080000000	n/a	n/a	STATUS	n/a	n/a	D253
310.2600000000	n/a	n/a	STATUS	n/a	n/a	D255
310.2960000000	n/a	n/a	STATUS	n/a	n/a	DI53
310.3480000000	n/a	n/a	STATUS	n/a	n/a	D255
310.6320000000	n/a	n/a	STATUS	n/a	n/a	DI43
310.6840000000	n/a	n/a	STATUS	n/a	n/a	D255
310.9440000000	n/a	n/a	STATUS	n/a	n/a	DIN5
310.9920000000	n/a	n/a	STATUS	n/a	n/a	D255
311.4160000000	n/a	n/a	STATUS	n/a	n/a	D176
311.4680000000	n/a	n/a	STATUS	n/a	n/a	D255
311.5040000000	n/a	n/a	STATUS	n/a	n/a	DI52
311.5560000000	n/a	n/a	STATUS	n/a	n/a	D255
311.9320000000	n/a	n/a	STATUS	n/a	n/a	DI42
311.9840000000	n/a	n/a	STATUS	n/a	n/a	D255
312.2440000000	n/a	n/a	STATUS	n/a	n/a	DIN5
312.2920000000	n/a	n/a	STATUS	n/a	n/a	D255
312.6080000000	n/a	n/a	STATUS	n/a	n/a	D139
312.6560000000	n/a	n/a	STATUS	n/a	n/a	D255
312.6560000000	n/a	n/a	STATUS	n/a	n/a	D235
312.6960000000	n/a	n/a	STATUS	n/a	n/a	DI51
312.7440000000	n/a	n/a	STATUS	n/a	n/a	D255
313.1840000000	n/a	n/a	STATUS	n/a	n/a	DI31
313.2320000000	n/a	n/a	STATUS	n/a	n/a	D255
313.4920000000	n/a	n/a	STATUS	n/a	n/a	DIN5
313.5440000000	n/a	n/a	STATUS	n/a	n/a	D255
313.9600000000	n/a	n/a	STATUS	n/a	n/a	D201
314.0120000000	n/a	n/a	STATUS	n/a	n/a	D255
314.0520000000	n/a	n/a	STATUS	n/a	n/a	DI51
314.1000000000	n/a	n/a	STATUS	n/a	n/a	D255
314.4120000000	n/a	n/a	STATUS	n/a	n/a	DI21
314.4640000000	n/a	n/a	STATUS	n/a	n/a	D255
314.4680000000	n/a	n/a	STATUS	n/a	n/a	DIN4
314.5200000000	n/a	n/a	STATUS	n/a	n/a	D255
315.2720000000	n/a	n/a	STATUS	n/a	n/a	DIN5
315.3240000000	n/a	n/a	STATUS	n/a	n/a	D255
315.7040000000	n/a	n/a	STATUS	n/a	n/a	D112
315.7520000000	n/a	n/a	STATUS	n/a	n/a	D255
315.7920000000	n/a	n/a	STATUS	n/a	n/a	DI54
315.8400000000	n/a	n/a	STATUS	n/a	n/a	D255
316.1440000000	n/a	n/a	STATUS	n/a	n/a	DI34
316.1920000000	n/a	n/a	STATUS	n/a	n/a	D255
316.4520000000	n/a	n/a	STATUS	n/a	n/a	DIN5
316.5040000000	n/a	n/a	STATUS	n/a	n/a	D255
316.8280000000	n/a	n/a	STATUS	n/a	n/a	D242
316.8800000000	n/a	n/a	STATUS	n/a	n/a	D255
316.9160000000	n/a	n/a	STATUS	n/a	n/a	DI52
316.9640000000	n/a	n/a	STATUS	n/a	n/a	D255
317.3800000000	n/a	n/a	STATUS	n/a	n/a	DI42
317.4320000000	n/a	n/a	STATUS	n/a	n/a	D255
317.6920000000	n/a	n/a	STATUS	n/a	n/a	DIN5
317.7400000000	n/a	n/a	STATUS	n/a	n/a	D255
318.1200000000	n/a	n/a	STATUS	n/a	n/a	D254
318.1680000000	n/a	n/a	STATUS	n/a	n/a	D255
318.2080000000	n/a	n/a	STATUS	n/a	n/a	DI54
318.2560000000	n/a	n/a	STATUS	n/a	n/a	D255
318.5800000000	n/a	n/a	STATUS	n/a	n/a	DI34
318.6320000000	n/a	n/a	STATUS	n/a	n/a	D255
318.8920000000	n/a	n/a	STATUS	n/a	n/a	DIN5
318.9400000000	n/a	n/a	STATUS	n/a	n/a	D255
319.4000000000	n/a	n/a	STATUS	n/a	n/a	D196
319.4480000000	n/a	n/a	STATUS	n/a	n/a	D255
319.4880000000	n/a	n/a	STATUS	n/a	n/a	DI53
319.5360000000	n/a	n/a	STATUS	n/a	n/a	D255
319.7920000000	n/a	n/a	STATUS	n/a	n/a	DI43
319.8440000000	n/a	n/a	STATUS	n/a	n/a	D255
320.1040000000	n/a	n/a	STATUS	n/a	n/a	DIN5
320.1520000000	n/a	n/a	STATUS	n/a	n/a	D255
320.5080000000	n/a	n/a	STATUS	n/a	n/a	D212
320.5560000000	n/a	n/a	STATUS	n/a	n/a	D255
320.5960000000	n/a	n/a	STATUS	n/a	n/a	DI51
320.6480000000	n/a	n/a	STATUS	n/a	n/a	D255
321.0320000000	n/a	n/a	STATUS	n/a	n/a	DI31
321.0800000000	n/a	n/a	STATUS	n/a	n/a	D255
321.3400000000	n/a	n/a	STATUS	n/a	n/a	DIN5
321.3920000000	n/a	n/a	STATUS	n/a	n/a	D255
321.7760000000	n/a	n/a	STATUS	n/a	n/a	D145
321.8240000000	n/a	n/a	STATUS	n/a	n/a	D255
321.8640000000	n/a	n/a	STATUS	n/a	n/a	DI54
321.9120000000	n/a	n/a	STATUS	n/a	n/a	D255
322.3480000000	n/a	n/a	STATUS	n/a	n/a	DI34
322.3960000000	n/a	n/a	STATUS	n/a	n/a	D255
322.6560000000	n/a	n/a	STATUS	n/a	n/a	DIN5
322.7040000000	n/a	n/a	STATUS	n/a	n/a	D255
323.1360000000	n/a	n/a	STATUS	n/a	n/a	D210
323.1840000000	n/a	n/a	STATUS	n/a	n/a	D255
323.2240000000	n/a	n/a	STATUS	n/a	n/a	DI53
323.2720000000	n/a	n/a	STATUS	n/a	n/a	D255
323.5480000000	n/a	n/a	STATUS	n/a	n/a	DI43
323.5960000000	n/a	n/a	STATUS	n/a	n/a	D255
323.8560000000	n/a	n/a	STATUS	n/a	n/a	DIN5
323.9080000000	n/a	n/a	STATUS	n/a	n/a	D255
324.3840000000	n/a	n/a	STATUS	n/a	n/a	D194
324.4360000000	n/a	n/a	STATUS	n/a	n/a	D255
324.4720000000	n/a	n/a	STATUS	n/a	n/a	DI52
324.5240000000	n/a	n/a	STATUS	n/a	n/a	D255
324.8640000000	n/a	n/a	STATUS	n/a	n/a	DI42
324.9160000000	n/a	n/a	STATUS	n/a	n/a	D255
325.1760000000	n/a	n/a	STATUS	n/a	n/a	DIN5
325.2240000000	n/a	n/a	STATUS	n/a	n/a	D255
325.5840000000	n/a	n/a	STATUS	n/a	n/a	DI67
325.6360000000	n/a	n/a	STATUS	n/a	n/a	D255
325.6720000000	n/a	n/a	STATUS	n/a	n/a	DI54
325.7200000000	n/a	n/a	STATUS	n/a	n/a	D255
326.0040000000	n/a	n/a	STATUS	n/a	n/a	DI34
326.0560000000	n/a	n/a	STATUS	n/a	n/a	D255
326.3160000000	n/a	n/a	STATUS	n/a	n/a	DIN5
326.3640000000	n/a	n/a	STATUS	n/a	n/a	D255
326.7720000000	n/a	n/a	STATUS	n/a	n/a	D144
326.8240000000	n/a	n/a	STATUS	n/a	n/a	D255
326.8600000000	n/a	n/a	STATUS	n/a	n/a	DI51
326.9120000000	n/a	n/a	STATUS	n/a	n/a	D255
327.2920000000	n/a	n/a	STATUS	n/a	n/a	DI31
327.3440000000	n/a	n/a	STATUS	n/a	n/a	D255
327.6000000000	n/a	n/a	STATUS	n/a	n/a	DIN5
327.6520000000	n/a	n/a	STATUS	n/a	n/a	D255
328.1000000000	n/a	n/a	STATUS	n/a	n/a	D175
328.1520000000	n/a	n/a	STATUS	n/a	n/a	D255
328.1880000000	n/a	n/a	STATUS	n/a	n/a	DI51
328.2400000000	n/a	n/a	STATUS	n/a	n/a	D255
328.6360000000	n/a	n/a	STATUS	n/a	n/a	DI31
328.6840000000	n/a	n/a	STATUS	n/a	n/a	D255
328.9440000000	n/a	n/a	STATUS	n/a	n/a	DIN5
328.9960000000	n/a	n/a	STATUS	n/a	n/a	D255
329.3440000000	n/a	n/a	STATUS	n/a	n/a	D231
329.3960000000	n/a	n/a	STATUS	n/a	n/a	D255
329.4320000000	n/a	n/a	STATUS	n/a	n/a	DI52
329.4840000000	n/a	n/a	STATUS	n/a	n/a	D255
329.8720000000	n/a	n/a	STATUS	n/a	n/a	DI42
329.9200000000	n/a	n/a	STATUS	n/a	n/a	D255
330.1800000000	n/a	n/a	STATUS	n/a	n/a	DIN5
330.2280000000	n/a	n/a	STATUS	n/a	n/a	D255
330.6640000000	n/a	n/a	STATUS	n/a	n/a	D249
330.7160000000	n/a	n/a	STATUS	n/a	n/a	D255
330.7520000000	n/a	n/a	STATUS	n/a	n/a	DI51
330.8000000000	n/a	n/a	STATUS	n/a	n/a	D255
331.1000000000	n/a	n/a	STATUS	n/a	n/a	DI21
331.1520000000	n/a	n/a	STATUS	n/a	n/a	D255
331.1560000000	n/a	n/a	STATUS	n/a	n/a	DIN4
331.2080000000	n/a	n/a	STATUS	n/a	n/a	D255
331.9600000000	n/a	n/a	STATUS	n/a	n/a	DIN5
332.0120000000	n/a	n/a	STATUS	n/a	n/a	D255
332.4120000000	n/a	n/a	STATUS	n/a	n/a	D123
332.4600000000	n/a	n/a	STATUS	n/a	n/a	D255
332.5000000000	n/a	n/a	STATUS	n/a	n/a	DI52
332.5480000000	n/a	n/a	STATUS	n/a	n/a	D255
332.8840000000	n/a	n/a	STATUS	n/a	n/a	DI42
332.9320000000	n/a	n/a	STATUS	n/a	n/a	D255
333.1920000000	n/a	n/a	STATUS	n/a	n/a	DIN5
333.2440000000	n/a	n/a	STATUS	n/a	n/a	D255
333.7320000000	n/a	n/a	STATUS	n/a	n/a	D229
333.7840000000	n/a	n/a	STATUS	n/a	n/a	D255
333.8200000000	n/a	n/a	STATUS	n/a	n/a	DI53
333.8720000000	n/a	n/a	STATUS	n/a	n/a	D255
334.2560000000	n/a	n/a	STATUS	n/a	n/a	DI43
334.3080000000	n/a	n/a	STATUS	n/a	n/a	D255
334.5640000000	n/a	n/a	STATUS	n/a	n/a	DIN5
334.6160000000	n/a	n/a	STATUS	n/a	n/a	D255
335.1000000000	n/a	n/a	STATUS	n/a	n/a	D105
335.1520000000	n/a	n/a	STATUS	n/a	n/a	D255
335.1880000000	n/a	n/a	STATUS	n/a	n/a	DI51
335.2400000000	n/a	n/a	STATUS	n/a	n/a	D255
335.6200000000	n/a	n/a	STATUS	n/a	n/a	DI31
335.6720000000	n/a	n/a	STATUS	n/a	n/a	D255
335.9320000000	n/a	n/a	STATUS	n/a	n/a	DIN5
335.9800000000	n/a	n/a	STATUS	n/a	n/a	D255
336.3000000000	n/a	n/a	STATUS	n/a	n/a	D129
336.3520000000	n/a	n/a	STATUS	n/a	n/a	D255
336.3880000000	n/a	n/a	STATUS	n/a	n/a	DI53
336.4360000000	n/a	n/a	STATUS	n/a	n/a	D255
336.7400000000	n/a	n/a	STATUS	n/a	n/a	DI43
336.7920000000	n/a	n/a	STATUS	n/a	n/a	D255
337.0520000000	n/a	n/a	STATUS	n/a	n/a	DIN5
337.1000000000	n/a	n/a	STATUS	n/a	n/a	D255
337.5200000000	n/a	n/a	STATUS	n/a	n/a	D116
337.5720000000	n/a	n/a	STATUS	n/a	n/a	D255
337.6080000000	n/a	n/a	STATUS	n/a	n/a	DI51
337.6600000000	n/a	n/a	STATUS	n/a	n/a	D255
338.0240000000	n/a	n/a	STATUS	n/a	n/a	DI31
338.0720000000	n/a	n/a	STATUS	n/a	n/a	D255
338.3320000000	n/a	n/a	STATUS	n/a	n/a	DIN5
338.3800000000	n/a	n/a	STATUS	n/a	n/a	D255
338.7360000000	n/a	n/a	STATUS	n/a	n/a	D203
338.7880000000	n/a	n/a	STATUS	n/a	n/a	D255
338.8240000000	n/a	n/a	STATUS	n/a	n/a	DI52
338.8760000000	n/a	n/a	STATUS	n/a	n/a	D255
339.2360000000	n/a	n/a	STATUS	n/a	n/a	DI42
339.2880000000	n/a	n/a	STATUS	n/a	n/a	D255
339.5440000000	n/a	n/a	STATUS	n/a	n/a	DIN5
339.5960000000	n/a	n/a	STATUS	n/a	n/a	D255
339.9360000000	n/a	n/a	STATUS	n/a	n/a	D202
339.9840000000	n/a	n/a	STATUS	n/a	n/a	D255
340.0240000000	n/a	n/a	STATUS	n/a	n/a	DI51
340.0720000000	n/a	n/a	STATUS	n/a	n/a	D255
340.4240000000	n/a	n/a	STATUS	n/a	n/a	DI31
340.4760000000	n/a	n/a	STATUS	n/a	n/a	D255
340.7360000000	n/a	n/a	STATUS	n/a	n/a	DIN5
340.7840000000	n/a	n/a	STATUS	n/a	n/a	D255
341.0960000000	n/a	n/a	STATUS	n/a	n/a	D110
341.1440000000	n/a	n/a	STATUS	n/a	n/a	D255
341.1800000000	n/a	n/a	STATUS	n/a	n/a	DI53
341.2320000000	n/a	n/a	STATUS	n/a	n/a	D255
341.5200000000	n/a	n/a	STATUS	n/a	n/a	DI43
341.5720000000	n/a	n/a	STATUS	n/a	n/a	D255
341.8320000000	n/a	n/a	STATUS	n/a	n/a	DIN5
341.8800000000	n/a	n/a	STATUS	n/a	n/a	D255
342.2720000000	n/a	n/a	STATUS	n/a	n/a	DI76
342.3200000000	n/a	n/a	STATUS	n/a	n/a	D255
342.3600000000	n/a	n/a	STATUS	n/a	n/a	DI51
342.4080000000	n/a	n/a	STATUS	n/a	n/a	D255
342.8200000000	n/a	n/a	STATUS	n/a	n/a	DI31
342.8720000000	n/a	n/a	STATUS	n/a	n/a	D255
343.1280000000	n/a	n/a	STATUS	n/a	n/a	DIN5
343.1800000000	n/a	n/a	STATUS	n/a	n/a	D255
343.5440000000	n/a	n/a	STATUS	n/a	n/a	D171
343.5960000000	n/a	n/a	STATUS	n/a	n/a	D255
343.6320000000	n/a	n/a	STATUS	n/a	n/a	DI51
343.6800000000	n/a	n/a	STATUS	n/a	n/a	D255
344.1520000000	n/a	n/a	STATUS	n/a	n/a	DI31
344.2040000000	n/a	n/a	STATUS	n/a	n/a	D255
344.4640000000	n/a	n/a	STATUS	n/a	n/a	DIN5
344.5120000000	n/a	n/a	STATUS	n/a	n/a	D255
345.0120000000	n/a	n/a	STATUS	n/a	n/a	D245
345.0640000000	n/a	n/a	STATUS	n/a	n/a	D255
345.1000000000	n/a	n/a	STATUS	n/a	n/a	DI53
345.1520000000	n/a	n/a	STATUS	n/a	n/a	D255
345.4320000000	n/a	n/a	STATUS	n/a	n/a	DI43
345.4800000000	n/a	n/a	STATUS	n/a	n/a	D255
345.7400000000	n/a	n/a	STATUS	n/a	n/a	DIN5
345.7880000000	n/a	n/a	STATUS	n/a	n/a	D255
346.1760000000	n/a	n/a	STATUS	n/a	n/a	DI85
346.2240000000	n/a	n/a	STATUS	n/a	n/a	D255
346.2600000000	n/a	n/a	STATUS	n/a	n/a	DI52
346.3120000000	n/a	n/a	STATUS	n/a	n/a	D255
346.6920000000	n/a	n/a	STATUS	n/a	n/a	DI42
346.7400000000	n/a	n/a	STATUS	n/a	n/a	D255
347.0000000000	n/a	n/a	STATUS	n/a	n/a	DIN5
347.0520000000	n/a	n/a	STATUS	n/a	n/a	D255
347.5080000000	n/a	n/a	STATUS	n/a	n/a	D140
347.5600000000	n/a	n/a	STATUS	n/a	n/a	D255
347.5960000000	n/a	n/a	STATUS	n/a	n/a	DI53
347.6480000000	n/a	n/a	STATUS	n/a	n/a	D255
348.0080000000	n/a	n/a	STATUS	n/a	n/a	DI43
348.0600000000	n/a	n/a	STATUS	n/a	n/a	D255
348.3200000000	n/a	n/a	STATUS	n/a	n/a	DIN5
348.3680000000	n/a	n/a	STATUS	n/a	n/a	D255
348.8000000000	n/a	n/a	STATUS	n/a	n/a	D204
348.8480000000	n/a	n/a	STATUS	n/a	n/a	D255
348.8880000000	n/a	n/a	STATUS	n/a	n/a	DI53
348.9360000000	n/a	n/a	STATUS	n/a	n/a	D255
349.2600000000	n/a	n/a	STATUS	n/a	n/a	DI43
349.3080000000	n/a	n/a	STATUS	n/a	n/a	D255
349.5680000000	n/a	n/a	STATUS	n/a	n/a	DIN5
349.6200000000	n/a	n/a	STATUS	n/a	n/a	D255
350.0200000000	n/a	n/a	STATUS	n/a	n/a	D118
350.0680000000	n/a	n/a	STATUS	n/a	n/a	D255
350.1080000000	n/a	n/a	STATUS	n/a	n/a	DI54
350.1560000000	n/a	n/a	STATUS	n/a	n/a	D255
350.4800000000	n/a	n/a	STATUS	n/a	n/a	DI34
350.5280000000	n/a	n/a	STATUS	n/a	n/a	D255
350.7880000000	n/a	n/a	STATUS	n/a	n/a	DIN5
350.8400000000	n/a	n/a	STATUS	n/a	n/a	DI69
350.8400000000	n/a	n/a	STATUS	n/a	n/a	D255
351.1440000000	n/a	n/a	STATUS	n/a	n/a	D168
351.1920000000	n/a	n/a	STATUS	n/a	n/a	D255
351.2280000000	n/a	n/a	STATUS	n/a	n/a	DI53
351.2800000000	n/a	n/a	STATUS	n/a	n/a	D255
351.5920000000	n/a	n/a	STATUS	n/a	n/a	DI43
351.6400000000	n/a	n/a	STATUS	n/a	n/a	D255
351.9000000000	n/a	n/a	STATUS	n/a	n/a	DIN5
351.9520000000	n/a	n/a	STATUS	n/a	n/a	D255
352.3960000000	n/a	n/a	STATUS	n/a	n/a	D148
352.4440000000	n/a	n/a	STATUS	n/a	n/a	D255
352.4840000000	n/a	n/a	STATUS	n/a	n/a	DI51
352.5320000000	n/a	n/a	STATUS	n/a	n/a	D255
353.0160000000	n/a	n/a	STATUS	n/a	n/a	DI31
353.0680000000	n/a	n/a	STATUS	n/a	n/a	D255
353.3240000000	n/a	n/a	STATUS	n/a	n/a	DIN5
353.3760000000	n/a	n/a	STATUS	n/a	n/a	D255
353.7360000000	n/a	n/a	STATUS	n/a	n/a	DI69
353.7840000000	n/a	n/a	STATUS	n/a	n/a	D255
353.8240000000	n/a	n/a	STATUS	n/a	n/a	DI52
353.8720000000	n/a	n/a	STATUS	n/a	n/a	D255
354.3160000000	n/a	n/a	STATUS	n/a	n/a	DI42
354.3680000000	n/a	n/a	STATUS	n/a	n/a	D255
354.6240000000	n/a	n/a	STATUS	n/a	n/a	DIN5
354.6760000000	n/a	n/a	STATUS	n/a	n/a	D255
355.0600000000	n/a	n/a	STATUS	n/a	n/a	D187
355.1080000000	n/a	n/a	STATUS	n/a	n/a	D255
355.1480000000	n/a	n/a	STATUS	n/a	n/a	DI51
355.2000000000	n/a	n/a	STATUS	n/a	n/a	D255
355.5640000000	n/a	n/a	STATUS	n/a	n/a	DI31
355.6160000000	n/a	n/a	STATUS	n/a	n/a	D255
355.8720000000	n/a	n/a	STATUS	n/a	n/a	DIN5
355.9240000000	n/a	n/a	STATUS	n/a	n/a	D255
356.3120000000	n/a	n/a	STATUS	n/a	n/a	DI80
356.3640000000	n/a	n/a	STATUS	n/a	n/a	D255
356.4000000000	n/a	n/a	STATUS	n/a	n/a	DI51
356.4520000000	n/a	n/a	STATUS	n/a	n/a	D255
356.8360000000	n/a	n/a	STATUS	n/a	n/a	DI31
356.8880000000	n/a	n/a	STATUS	n/a	n/a	D255
357.1480000000	n/a	n/a	STATUS	n/a	n/a	DIN5
357.1960000000	n/a	n/a	STATUS	n/a	n/a	D255
357.5080000000	n/a	n/a	STATUS	n/a	n/a	DI81
357.5560000000	n/a	n/a	STATUS	n/a	n/a	D255
357.5960000000	n/a	n/a	STATUS	n/a	n/a	DI52
357.6440000000	n/a	n/a	STATUS	n/a	n/a	D255
358.0080000000	n/a	n/a	STATUS	n/a	n/a	DI42
358.0600000000	n/a	n/a	STATUS	n/a	n/a	D255
358.3200000000	n/a	n/a	STATUS	n/a	n/a	DIN5
358.3680000000	n/a	n/a	STATUS	n/a	n/a	D255
358.7000000000	n/a	n/a	STATUS	n/a	n/a	D192
358.7480000000	n/a	n/a	STATUS	n/a	n/a	D255
358.7840000000	n/a	n/a	STATUS	n/a	n/a	DI54
358.8360000000	n/a	n/a	STATUS	n/a	n/a	D255
359.1720000000	n/a	n/a	STATUS	n/a	n/a	DI34
359.2240000000	n/a	n/a	STATUS	n/a	n/a	D255
359.4840000000	n/a	n/a	STATUS	n/a	n/a	DIN5
359.5320000000	n/a	n/a	STATUS	n/a	n/a	D255
359.8960000000	n/a	n/a	STATUS	n/a	n/a	DI90
359.9480000000	n/a	n/a	STATUS	n/a	n/a	D255
359.9840000000	n/a	n/a	STATUS	n/a	n/a	DI53
360.0360000000	n/a	n/a	STATUS	n/a	n/a	D255
360.3240000000	n/a	n/a	STATUS	n/a	n/a	DI43
360.3720000000	n/a	n/a	STATUS	n/a	n/a	D255
360.6320000000	n/a	n/a	STATUS	n/a	n/a	DIN5
360.6840000000	n/a	n/a	STATUS	n/a	n/a	D255
361.1200000000	n/a	n/a	STATUS	n/a	n/a	D224
361.1720000000	n/a	n/a	STATUS	n/a	n/a	D255
361.2080000000	n/a	n/a	STATUS	n/a	n/a	DI53
361.2600000000	n/a	n/a	STATUS	n/a	n/a	D255
361.5360000000	n/a	n/a	STATUS	n/a	n/a	DI43
361.5880000000	n/a	n/a	STATUS	n/a	n/a	D255
361.8440000000	n/a	n/a	STATUS	n/a	n/a	DIN5
361.8960000000	n/a	n/a	STATUS	n/a	n/a	D255
362.3040000000	n/a	n/a	STATUS	n/a	n/a	DI99
362.3560000000	n/a	n/a	STATUS	n/a	n/a	D255
362.3920000000	n/a	n/a	STATUS	n/a	n/a	DI51
362.4440000000	n/a	n/a	STATUS	n/a	n/a	D255
362.4440000000	n/a	n/a	STATUS	n/a	n/a	D243
362.7920000000	n/a	n/a	STATUS	n/a	n/a	DI31
362.8440000000	n/a	n/a	STATUS	n/a	n/a	D255
363.1040000000	n/a	n/a	STATUS	n/a	n/a	DIN5
363.1520000000	n/a	n/a	STATUS	n/a	n/a	D255
363.4680000000	n/a	n/a	STATUS	n/a	n/a	D209
363.5160000000	n/a	n/a	STATUS	n/a	n/a	D255
363.6040000000	n/a	n/a	STATUS	n/a	n/a	DI53
363.6560000000	n/a	n/a	STATUS	n/a	n/a	D255
364.1640000000	n/a	n/a	STATUS	n/a	n/a	DI43
364.2120000000	n/a	n/a	STATUS	n/a	n/a	D255
364.4720000000	n/a	n/a	STATUS	n/a	n/a	DIN5
364.5200000000	n/a	n/a	STATUS	n/a	n/a	D255
365.0000000000	n/a	n/a	STATUS	n/a	n/a	D219
365.0520000000	n/a	n/a	STATUS	n/a	n/a	D255
365.0880000000	n/a	n/a	STATUS	n/a	n/a	DI51
365.1400000000	n/a	n/a	STATUS	n/a	n/a	D255
365.4840000000	n/a	n/a	STATUS	n/a	n/a	DI31
365.5320000000	n/a	n/a	STATUS	n/a	n/a	D255
365.7920000000	n/a	n/a	STATUS	n/a	n/a	DIN5
365.8400000000	n/a	n/a	STATUS	n/a	n/a	D255
366.2560000000	n/a	n/a	STATUS	n/a	n/a	D211
366.3080000000	n/a	n/a	STATUS	n/a	n/a	D255
366.3440000000	n/a	n/a	STATUS	n/a	n/a	DI52
366.3960000000	n/a	n/a	STATUS	n/a	n/a	D255
366.7560000000	n/a	n/a	STATUS	n/a	n/a	DI42
366.8040000000	n/a	n/a	STATUS	n/a	n/a	D255
367.0640000000	n/a	n/a	STATUS	n/a	n/a	DIN5
367.1120000000	n/a	n/a	STATUS	n/a	n/a	D255
367.4280000000	n/a	n/a	STATUS	n/a	n/a	D143
367.4800000000	n/a	n/a	STATUS	n/a	n/a	D255
367.5160000000	n/a	n/a	STATUS	n/a	n/a	DI54
367.5640000000	n/a	n/a	STATUS	n/a	n/a	D255
367.8240000000	n/a	n/a	STATUS	n/a	n/a	DI34
367.8720000000	n/a	n/a	STATUS	n/a	n/a	D255
368.1320000000	n/a	n/a	STATUS	n/a	n/a	DIN5
368.1840000000	n/a	n/a	STATUS	n/a	n/a	D255
368.5640000000	n/a	n/a	STATUS	n/a	n/a	D178
368.6120000000	n/a	n/a	STATUS	n/a	n/a	D255
368.6480000000	n/a	n/a	STATUS	n/a	n/a	DI52
368.7000000000	n/a	n/a	STATUS	n/a	n/a	D255
368.9800000000	n/a	n/a	STATUS	n/a	n/a	DI42
369.0320000000	n/a	n/a	STATUS	n/a	n/a	D255
369.2920000000	n/a	n/a	STATUS	n/a	n/a	DIN5
369.3400000000	n/a	n/a	STATUS	n/a	n/a	D255
369.6480000000	n/a	n/a	STATUS	n/a	n/a	D195
369.7000000000	n/a	n/a	STATUS	n/a	n/a	D255
369.7360000000	n/a	n/a	STATUS	n/a	n/a	DI53
369.7880000000	n/a	n/a	STATUS	n/a	n/a	D255
370.0760000000	n/a	n/a	STATUS	n/a	n/a	DI43
370.1280000000	n/a	n/a	STATUS	n/a	n/a	D255
370.3880000000	n/a	n/a	STATUS	n/a	n/a	DIN5
370.4360000000	n/a	n/a	STATUS	n/a	n/a	D255
370.8280000000	n/a	n/a	STATUS	n/a	n/a	D228
370.8760000000	n/a	n/a	STATUS	n/a	n/a	D255
370.9160000000	n/a	n/a	STATUS	n/a	n/a	DI53
370.9640000000	n/a	n/a	STATUS	n/a	n/a	D255
371.2560000000	n/a	n/a	STATUS	n/a	n/a	DI43
371.3040000000	n/a	n/a	STATUS	n/a	n/a	D255
371.5640000000	n/a	n/a	STATUS	n/a	n/a	DIN5
371.6160000000	n/a	n/a	STATUS	n/a	n/a	D255
371.9760000000	n/a	n/a	STATUS	n/a	n/a	D153
372.0240000000	n/a	n/a	STATUS	n/a	n/a	D255
372.0640000000	n/a	n/a	STATUS	n/a	n/a	DI52
372.1120000000	n/a	n/a	STATUS	n/a	n/a	D255
372.5440000000	n/a	n/a	STATUS	n/a	n/a	DI42
372.5920000000	n/a	n/a	STATUS	n/a	n/a	D255
372.8520000000	n/a	n/a	STATUS	n/a	n/a	DIN5
372.9000000000	n/a	n/a	STATUS	n/a	n/a	D255
373.3160000000	n/a	n/a	STATUS	n/a	n/a	D137
373.3640000000	n/a	n/a	STATUS	n/a	n/a	D255
373.4040000000	n/a	n/a	STATUS	n/a	n/a	DI54
373.4520000000	n/a	n/a	STATUS	n/a	n/a	D255
373.7080000000	n/a	n/a	STATUS	n/a	n/a	DI34
373.7600000000	n/a	n/a	STATUS	n/a	n/a	D255
373.7600000000	n/a	n/a	STATUS	n/a	n/a	D239
374.0200000000	n/a	n/a	STATUS	n/a	n/a	DIN5
374.0680000000	n/a	n/a	STATUS	n/a	n/a	D255
374.5760000000	n/a	n/a	STATUS	n/a	n/a	D247
374.6240000000	n/a	n/a	STATUS	n/a	n/a	D255
374.6600000000	n/a	n/a	STATUS	n/a	n/a	DI53
374.7120000000	n/a	n/a	STATUS	n/a	n/a	D255
374.9400000000	n/a	n/a	STATUS	n/a	n/a	DI43
374.9880000000	n/a	n/a	STATUS	n/a	n/a	D255
375.2480000000	n/a	n/a	STATUS	n/a	n/a	DIN5
375.2960000000	n/a	n/a	STATUS	n/a	n/a	D255
375.7600000000	n/a	n/a	STATUS	n/a	n/a	D141
375.8120000000	n/a	n/a	STATUS	n/a	n/a	D255
375.8480000000	n/a	n/a	STATUS	n/a	n/a	DI52
375.9000000000	n/a	n/a	STATUS	n/a	n/a	D255
376.2640000000	n/a	n/a	STATUS	n/a	n/a	DI42
376.3120000000	n/a	n/a	STATUS	n/a	n/a	D255
376.5720000000	n/a	n/a	STATUS	n/a	n/a	DIN5
376.6240000000	n/a	n/a	STATUS	n/a	n/a	D255
376.9320000000	n/a	n/a	STATUS	n/a	n/a	D165
376.9840000000	n/a	n/a	STATUS	n/a	n/a	D255
377.0200000000	n/a	n/a	STATUS	n/a	n/a	DI52
377.0720000000	n/a	n/a	STATUS	n/a	n/a	D255
377.4080000000	n/a	n/a	STATUS	n/a	n/a	DI42
377.4560000000	n/a	n/a	STATUS	n/a	n/a	D255
377.7160000000	n/a	n/a	STATUS	n/a	n/a	DIN5
377.7680000000	n/a	n/a	STATUS	n/a	n/a	D255
378.1640000000	n/a	n/a	STATUS	n/a	n/a	DI65
378.2160000000	n/a	n/a	STATUS	n/a	n/a	D255
378.2520000000	n/a	n/a	STATUS	n/a	n/a	DI53
378.3040000000	n/a	n/a	STATUS	n/a	n/a	D255
378.5680000000	n/a	n/a	STATUS	n/a	n/a	DI43
378.6160000000	n/a	n/a	STATUS	n/a	n/a	D255
378.8760000000	n/a	n/a	STATUS	n/a	n/a	DIN5
378.9280000000	n/a	n/a	STATUS	n/a	n/a	D255
379.2880000000	n/a	n/a	STATUS	n/a	n/a	D138
379.3360000000	n/a	n/a	STATUS	n/a	n/a	D255
379.3720000000	n/a	n/a	STATUS	n/a	n/a	DI53
379.4240000000	n/a	n/a	STATUS	n/a	n/a	D255
379.6920000000	n/a	n/a	STATUS	n/a	n/a	DI43
379.7440000000	n/a	n/a	STATUS	n/a	n/a	D255
380.0000000000	n/a	n/a	STATUS	n/a	n/a	DIN5
380.0520000000	n/a	n/a	STATUS	n/a	n/a	D255
380.5160000000	n/a	n/a	STATUS	n/a	n/a	D225
380.5640000000	n/a	n/a	STATUS	n/a	n/a	D255
380.6040000000	n/a	n/a	STATUS	n/a	n/a	DI54
380.6560000000	n/a	n/a	STATUS	n/a	n/a	D255
380.8760000000	n/a	n/a	STATUS	n/a	n/a	DI34
380.9280000000	n/a	n/a	STATUS	n/a	n/a	D255
381.1880000000	n/a	n/a	STATUS	n/a	n/a	DIN5
381.2360000000	n/a	n/a	STATUS	n/a	n/a	D255
381.6680000000	n/a	n/a	STATUS	n/a	n/a	D102
381.7160000000	n/a	n/a	STATUS	n/a	n/a	D255
381.7560000000	n/a	n/a	STATUS	n/a	n/a	DI54
381.8040000000	n/a	n/a	STATUS	n/a	n/a	D255
382.0920000000	n/a	n/a	STATUS	n/a	n/a	DI34
382.1440000000	n/a	n/a	STATUS	n/a	n/a	D255
382.4000000000	n/a	n/a	STATUS	n/a	n/a	DIN5
382.4520000000	n/a	n/a	STATUS	n/a	n/a	D255
382.9120000000	n/a	n/a	STATUS	n/a	n/a	D208
382.9600000000	n/a	n/a	STATUS	n/a	n/a	D255
383.0000000000	n/a	n/a	STATUS	n/a	n/a	DI51
383.0480000000	n/a	n/a	STATUS	n/a	n/a	D255
383.2920000000	n/a	n/a	STATUS	n/a	n/a	DI21
383.3400000000	n/a	n/a	STATUS	n/a	n/a	D255
383.3440000000	n/a	n/a	STATUS	n/a	n/a	DIN4
383.3960000000	n/a	n/a	STATUS	n/a	n/a	D255
384.1520000000	n/a	n/a	STATUS	n/a	n/a	DIN5
384.2000000000	n/a	n/a	STATUS	n/a	n/a	D255
384.6800000000	n/a	n/a	STATUS	n/a	n/a	D239
384.7320000000	n/a	n/a	STATUS	n/a	n/a	D255
384.7680000000	n/a	n/a	STATUS	n/a	n/a	DI51
384.8160000000	n/a	n/a	STATUS	n/a	n/a	D255
385.2520000000	n/a	n/a	STATUS	n/a	n/a	DI31
385.3040000000	n/a	n/a	STATUS	n/a	n/a	D255
385.5640000000	n/a	n/a	STATUS	n/a	n/a	DIN5
385.6120000000	n/a	n/a	STATUS	n/a	n/a	D255
386.0840000000	n/a	n/a	STATUS	n/a	n/a	D173
386.1320000000	n/a	n/a	STATUS	n/a	n/a	D255
386.1720000000	n/a	n/a	STATUS	n/a	n/a	DI54
386.2200000000	n/a	n/a	STATUS	n/a	n/a	D255
386.5280000000	n/a	n/a	STATUS	n/a	n/a	DI34
386.5800000000	n/a	n/a	STATUS	n/a	n/a	D255
386.8400000000	n/a	n/a	STATUS	n/a	n/a	DIN5
386.8880000000	n/a	n/a	STATUS	n/a	n/a	D255
387.2120000000	n/a	n/a	STATUS	n/a	n/a	D135
387.2640000000	n/a	n/a	STATUS	n/a	n/a	D255
387.3040000000	n/a	n/a	STATUS	n/a	n/a	DI51
387.3520000000	n/a	n/a	STATUS	n/a	n/a	D255
387.7040000000	n/a	n/a	STATUS	n/a	n/a	DI31
387.7520000000	n/a	n/a	STATUS	n/a	n/a	D255
388.0120000000	n/a	n/a	STATUS	n/a	n/a	DIN5
388.0640000000	n/a	n/a	STATUS	n/a	n/a	D255
388.4520000000	n/a	n/a	STATUS	n/a	n/a	D243
388.5040000000	n/a	n/a	STATUS	n/a	n/a	D255
388.5400000000	n/a	n/a	STATUS	n/a	n/a	DI54
388.5920000000	n/a	n/a	STATUS	n/a	n/a	D255
388.8520000000	n/a	n/a	STATUS	n/a	n/a	DI34
388.9000000000	n/a	n/a	STATUS	n/a	n/a	D255
389.1600000000	n/a	n/a	STATUS	n/a	n/a	DIN5
389.2080000000	n/a	n/a	STATUS	n/a	n/a	D255
389.5840000000	n/a	n/a	STATUS	n/a	n/a	D188
389.6360000000	n/a	n/a	STATUS	n/a	n/a	D255
389.6720000000	n/a	n/a	STATUS	n/a	n/a	DI54
389.7240000000	n/a	n/a	STATUS	n/a	n/a	D255
389.9920000000	n/a	n/a	STATUS	n/a	n/a	DI34
390.0400000000	n/a	n/a	STATUS	n/a	n/a	D255
390.3000000000	n/a	n/a	STATUS	n/a	n/a	DIN5
390.3480000000	n/a	n/a	STATUS	n/a	n/a	D255
390.7400000000	n/a	n/a	STATUS	n/a	n/a	D217
390.7880000000	n/a	n/a	STATUS	n/a	n/a	D255
390.8240000000	n/a	n/a	STATUS	n/a	n/a	DI54
390.8760000000	n/a	n/a	STATUS	n/a	n/a	D255
391.1240000000	n/a	n/a	STATUS	n/a	n/a	DI34
391.1760000000	n/a	n/a	STATUS	n/a	n/a	D255
391.4360000000	n/a	n/a	STATUS	n/a	n/a	DIN5
391.4840000000	n/a	n/a	STATUS	n/a	n/a	D255
391.8200000000	n/a	n/a	STATUS	n/a	n/a	DI66
391.8680000000	n/a	n/a	STATUS	n/a	n/a	D255
391.9080000000	n/a	n/a	STATUS	n/a	n/a	DI51
391.9560000000	n/a	n/a	STATUS	n/a	n/a	D255
392.2360000000	n/a	n/a	STATUS	n/a	n/a	DI21
392.2840000000	n/a	n/a	STATUS	n/a	n/a	D255
392.2880000000	n/a	n/a	STATUS	n/a	n/a	DIN4
392.3400000000	n/a	n/a	STATUS	n/a	n/a	D255
393.0920000000	n/a	n/a	STATUS	n/a	n/a	DIN5
393.1440000000	n/a	n/a	STATUS	n/a	n/a	D255
393.5000000000	n/a	n/a	STATUS	n/a	n/a	D128
393.5480000000	n/a	n/a	STATUS	n/a	n/a	D255
393.5880000000	n/a	n/a	STATUS	n/a	n/a	DI54
393.6360000000	n/a	n/a	STATUS	n/a	n/a	D255
393.8840000000	n/a	n/a	STATUS	n/a	n/a	DI34
393.9320000000	n/a	n/a	STATUS	n/a	n/a	D255
394.1920000000	n/a	n/a	STATUS	n/a	n/a	DIN5
394.2440000000	n/a	n/a	STATUS	n/a	n/a	D255
394.5560000000	n/a	n/a	STATUS	n/a	n/a	D159
394.6080000000	n/a	n/a	STATUS	n/a	n/a	D255
394.6440000000	n/a	n/a	STATUS	n/a	n/a	DI52
394.6960000000	n/a	n/a	STATUS	n/a	n/a	D255
395.0560000000	n/a	n/a	STATUS	n/a	n/a	DI42
395.1080000000	n/a	n/a	STATUS	n/a	n/a	D255
395.3680000000	n/a	n/a	STATUS	n/a	n/a	DIN5
395.4160000000	n/a	n/a	STATUS	n/a	n/a	D255
395.7400000000	n/a	n/a	STATUS	n/a	n/a	DI89
395.7920000000	n/a	n/a	STATUS	n/a	n/a	D255
395.8280000000	n/a	n/a	STATUS	n/a	n/a	DI51
395.8800000000	n/a	n/a	STATUS	n/a	n/a	D255
396.3000000000	n/a	n/a	STATUS	n/a	n/a	DI31
396.3480000000	n/a	n/a	STATUS	n/a	n/a	D255
396.6080000000	n/a	n/a	STATUS	n/a	n/a	DIN5
396.6600000000	n/a	n/a	STATUS	n/a	n/a	D255
397.0840000000	n/a	n/a	STATUS	n/a	n/a	D248
397.1320000000	n/a	n/a	STATUS	n/a	n/a	D255
397.1720000000	n/a	n/a	STATUS	n/a	n/a	DI52
397.2200000000	n/a	n/a	STATUS	n/a	n/a	D255
397.6160000000	n/a	n/a	STATUS	n/a	n/a	DI42
397.6640000000	n/a	n/a	STATUS	n/a	n/a	D255
397.9240000000	n/a	n/a	STATUS	n/a	n/a	DIN5
397.9760000000	n/a	n/a	STATUS	n/a	n/a	D255
398.4720000000	n/a	n/a	STATUS	n/a	n/a	D125
398.5240000000	n/a	n/a	STATUS	n/a	n/a	D255
398.5600000000	n/a	n/a	STATUS	n/a	n/a	DI53
398.6120000000	n/a	n/a	STATUS	n/a	n/a	D255
398.8800000000	n/a	n/a	STATUS	n/a	n/a	DI43
398.9320000000	n/a	n/a	STATUS	n/a	n/a	D255
399.1880000000	n/a	n/a	STATUS	n/a	n/a	DIN5
399.2400000000	n/a	n/a	STATUS	n/a	n/a	D255
399.6080000000	n/a	n/a	STATUS	n/a	n/a	D186
399.6600000000	n/a	n/a	STATUS	n/a	n/a	D255
399.6960000000	n/a	n/a	STATUS	n/a	n/a	DI53
399.7480000000	n/a	n/a	STATUS	n/a	n/a	D255
400.0400000000	n/a	n/a	STATUS	n/a	n/a	DI43
400.0880000000	n/a	n/a	STATUS	n/a	n/a	D255
400.3480000000	n/a	n/a	STATUS	n/a	n/a	DIN5
400.3960000000	n/a	n/a	STATUS	n/a	n/a	D255
400.7880000000	n/a	n/a	STATUS	n/a	n/a	D179
400.8360000000	n/a	n/a	STATUS	n/a	n/a	D255
400.8760000000	n/a	n/a	STATUS	n/a	n/a	DI53
400.9240000000	n/a	n/a	STATUS	n/a	n/a	D255
401.2040000000	n/a	n/a	STATUS	n/a	n/a	DI43
401.2560000000	n/a	n/a	STATUS	n/a	n/a	D255
401.5160000000	n/a	n/a	STATUS	n/a	n/a	DIN5
401.5640000000	n/a	n/a	STATUS	n/a	n/a	D255
401.9160000000	n/a	n/a	STATUS	n/a	n/a	D119
401.9640000000	n/a	n/a	STATUS	n/a	n/a	D255
402.0040000000	n/a	n/a	STATUS	n/a	n/a	DI54
402.0520000000	n/a	n/a	STATUS	n/a	n/a	D255
402.2680000000	n/a	n/a	STATUS	n/a	n/a	DI34
402.3160000000	n/a	n/a	STATUS	n/a	n/a	D255
402.5760000000	n/a	n/a	STATUS	n/a	n/a	DIN5
402.6280000000	n/a	n/a	STATUS	n/a	n/a	D255
403.0360000000	n/a	n/a	STATUS	n/a	n/a	DI98
403.0880000000	n/a	n/a	STATUS	n/a	n/a	D255
403.1240000000	n/a	n/a	STATUS	n/a	n/a	DI51
403.1720000000	n/a	n/a	STATUS	n/a	n/a	D255
403.5520000000	n/a	n/a	STATUS	n/a	n/a	DI31
403.6040000000	n/a	n/a	STATUS	n/a	n/a	D255
403.8640000000	n/a	n/a	STATUS	n/a	n/a	DIN5
403.9120000000	n/a	n/a	STATUS	n/a	n/a	D255
404.3320000000	n/a	n/a	STATUS	n/a	n/a	D246
404.3840000000	n/a	n/a	STATUS	n/a	n/a	D255
404.4200000000	n/a	n/a	STATUS	n/a	n/a	DI52
404.4720000000	n/a	n/a	STATUS	n/a	n/a	D255
404.9120000000	n/a	n/a	STATUS	n/a	n/a	DI42
404.9640000000	n/a	n/a	STATUS	n/a	n/a	D255
420.7800000000	n/a	n/a	STATUS	n/a	n/a	DIN5
420.8280000000	n/a	n/a	STATUS	n/a	n/a	D255
421.1640000000	n/a	n/a	STATUS	n/a	n/a	D236
421.2120000000	n/a	n/a	STATUS	n/a	n/a	D255
421.2520000000	n/a	n/a	STATUS	n/a	n/a	DI51
421.3000000000	n/a	n/a	STATUS	n/a	n/a	D255
421.6640000000	n/a	n/a	STATUS	n/a	n/a	DI31
421.7120000000	n/a	n/a	STATUS	n/a	n/a	D255
421.9720000000	n/a	n/a	STATUS	n/a	n/a	DIN5
422.0200000000	n/a	n/a	STATUS	n/a	n/a	D255
422.5080000000	n/a	n/a	STATUS	n/a	n/a	D173
422.5560000000	n/a	n/a	STATUS	n/a	n/a	D255
422.5960000000	n/a	n/a	STATUS	n/a	n/a	DI52
422.6440000000	n/a	n/a	STATUS	n/a	n/a	D255
423.0160000000	n/a	n/a	STATUS	n/a	n/a	DI42
423.0680000000	n/a	n/a	STATUS	n/a	n/a	D255
423.3240000000	n/a	n/a	STATUS	n/a	n/a	DIN5
423.3760000000	n/a	n/a	STATUS	n/a	n/a	D255
423.7600000000	n/a	n/a	STATUS	n/a	n/a	D241
423.8120000000	n/a	n/a	STATUS	n/a	n/a	D255
423.8480000000	n/a	n/a	STATUS	n/a	n/a	DI52
423.8960000000	n/a	n/a	STATUS	n/a	n/a	D255
424.2640000000	n/a	n/a	STATUS	n/a	n/a	DI42
424.3160000000	n/a	n/a	STATUS	n/a	n/a	D255
424.5760000000	n/a	n/a	STATUS	n/a	n/a	DIN5
424.6240000000	n/a	n/a	STATUS	n/a	n/a	D255
424.9920000000	n/a	n/a	STATUS	n/a	n/a	D115
425.0440000000	n/a	n/a	STATUS	n/a	n/a	D255
425.0800000000	n/a	n/a	STATUS	n/a	n/a	DI53
425.1320000000	n/a	n/a	STATUS	n/a	n/a	D255
425.4120000000	n/a	n/a	STATUS	n/a	n/a	DI43
425.4640000000	n/a	n/a	STATUS	n/a	n/a	D255
425.7200000000	n/a	n/a	STATUS	n/a	n/a	DIN5
425.7720000000	n/a	n/a	STATUS	n/a	n/a	D255
426.1760000000	n/a	n/a	STATUS	n/a	n/a	D107
426.2240000000	n/a	n/a	STATUS	n/a	n/a	D255
426.2640000000	n/a	n/a	STATUS	n/a	n/a	DI51
426.3120000000	n/a	n/a	STATUS	n/a	n/a	D255
426.5400000000	n/a	n/a	STATUS	n/a	n/a	DI21
426.5880000000	n/a	n/a	STATUS	n/a	n/a	D255
426.5920000000	n/a	n/a	STATUS	n/a	n/a	DIN4
426.6440000000	n/a	n/a	STATUS	n/a	n/a	D255
427.3960000000	n/a	n/a	STATUS	n/a	n/a	DIN5
427.4480000000	n/a	n/a	STATUS	n/a	n/a	D255
427.7520000000	n/a	n/a	STATUS	n/a	n/a	D146
427.8040000000	n/a	n/a	STATUS	n/a	n/a	D255
427.8400000000	n/a	n/a	STATUS	n/a	n/a	DI51
427.8920000000	n/a	n/a	STATUS	n/a	n/a	D255
428.2680000000	n/a	n/a	STATUS	n/a	n/a	DI31
428.3160000000	n/a	n/a	STATUS	n/a	n/a	D255
428.5760000000	n/a	n/a	STATUS	n/a	n/a	DIN5
428.6240000000	n/a	n/a	STATUS	n/a	n/a	D255
428.9640000000	n/a	n/a	STATUS	n/a	n/a	D230
429.0160000000	n/a	n/a	STATUS	n/a	n/a	D255
429.0520000000	n/a	n/a	STATUS	n/a	n/a	DI51
429.1040000000	n/a	n/a	STATUS	n/a	n/a	D255
429.4840000000	n/a	n/a	STATUS	n/a	n/a	DI31
429.5320000000	n/a	n/a	STATUS	n/a	n/a	D255
429.7920000000	n/a	n/a	STATUS	n/a	n/a	DIN5
429.8440000000	n/a	n/a	STATUS	n/a	n/a	D255
430.2240000000	n/a	n/a	STATUS	n/a	n/a	D131
430.2720000000	n/a	n/a	STATUS	n/a	n/a	D255
430.3120000000	n/a	n/a	STATUS	n/a	n/a	DI52
430.3600000000	n/a	n/a	STATUS	n/a	n/a	D255
430.7160000000	n/a	n/a	STATUS	n/a	n/a	DI42
430.7680000000	n/a	n/a	STATUS	n/a	n/a	D255
431.0240000000	n/a	n/a	STATUS	n/a	n/a	DIN5
431.0760000000	n/a	n/a	STATUS	n/a	n/a	D255
431.5200000000	n/a	n/a	STATUS	n/a	n/a	D125
431.5680000000	n/a	n/a	STATUS	n/a	n/a	D255
431.6080000000	n/a	n/a	STATUS	n/a	n/a	DI51
431.6560000000	n/a	n/a	STATUS	n/a	n/a	D255
431.9840000000	n/a	n/a	STATUS	n/a	n/a	DI31
432.0360000000	n/a	n/a	STATUS	n/a	n/a	D255
432.2920000000	n/a	n/a	STATUS	n/a	n/a	DIN5
432.3440000000	n/a	n/a	STATUS	n/a	n/a	D255
432.7720000000	n/a	n/a	STATUS	n/a	n/a	D217
432.8240000000	n/a	n/a	STATUS	n/a	n/a	D255
432.8600000000	n/a	n/a	STATUS	n/a	n/a	DI51
432.9120000000	n/a	n/a	STATUS	n/a	n/a	D255
433.1400000000	n/a	n/a	STATUS	n/a	n/a	DI21
433.1880000000	n/a	n/a	STATUS	n/a	n/a	D255
433.1920000000	n/a	n/a	STATUS	n/a	n/a	DIN4
433.2440000000	n/a	n/a	STATUS	n/a	n/a	D255
434.0000000000	n/a	n/a	STATUS	n/a	n/a	DIN5
434.0480000000	n/a	n/a	STATUS	n/a	n/a	D255
434.4280000000	n/a	n/a	STATUS	n/a	n/a	D152
434.4800000000	n/a	n/a	STATUS	n/a	n/a	D255
434.5160000000	n/a	n/a	STATUS	n/a	n/a	DI52
434.5680000000	n/a	n/a	STATUS	n/a	n/a	D255
434.9400000000	n/a	n/a	STATUS	n/a	n/a	DI42
434.9920000000	n/a	n/a	STATUS	n/a	n/a	D255
435.2480000000	n/a	n/a	STATUS	n/a	n/a	DIN5
435.3000000000	n/a	n/a	STATUS	n/a	n/a	D255
435.7480000000	n/a	n/a	STATUS	n/a	n/a	DI98
435.8000000000	n/a	n/a	STATUS	n/a	n/a	D255
435.8360000000	n/a	n/a	STATUS	n/a	n/a	DI53
435.8880000000	n/a	n/a	STATUS	n/a	n/a	D255
436.3840000000	n/a	n/a	STATUS	n/a	n/a	DI13
436.4320000000	n/a	n/a	STATUS	n/a	n/a	D255
436.4360000000	n/a	n/a	STATUS	n/a	n/a	DIN4
436.4880000000	n/a	n/a	STATUS	n/a	n/a	D255
437.2400000000	n/a	n/a	STATUS	n/a	n/a	DIN5
437.2920000000	n/a	n/a	STATUS	n/a	n/a	D255
437.6520000000	n/a	n/a	STATUS	n/a	n/a	D112
437.7000000000	n/a	n/a	STATUS	n/a	n/a	D255
437.7400000000	n/a	n/a	STATUS	n/a	n/a	DI52
437.7880000000	n/a	n/a	STATUS	n/a	n/a	D255
438.1200000000	n/a	n/a	STATUS	n/a	n/a	DI42
438.1720000000	n/a	n/a	STATUS	n/a	n/a	D255
438.4280000000	n/a	n/a	STATUS	n/a	n/a	DIN5
438.4800000000	n/a	n/a	STATUS	n/a	n/a	D255
438.8640000000	n/a	n/a	STATUS	n/a	n/a	D172
438.9160000000	n/a	n/a	STATUS	n/a	n/a	D255
438.9520000000	n/a	n/a	STATUS	n/a	n/a	DI53
439.0040000000	n/a	n/a	STATUS	n/a	n/a	D255
439.3800000000	n/a	n/a	STATUS	n/a	n/a	DI43
439.4280000000	n/a	n/a	STATUS	n/a	n/a	D255
439.6880000000	n/a	n/a	STATUS	n/a	n/a	DIN5
439.7400000000	n/a	n/a	STATUS	n/a	n/a	D255
440.0640000000	n/a	n/a	STATUS	n/a	n/a	D121
440.1120000000	n/a	n/a	STATUS	n/a	n/a	D255
440.1520000000	n/a	n/a	STATUS	n/a	n/a	DI53
440.2000000000	n/a	n/a	STATUS	n/a	n/a	D255
440.4920000000	n/a	n/a	STATUS	n/a	n/a	DI43
440.5400000000	n/a	n/a	STATUS	n/a	n/a	D255
440.8000000000	n/a	n/a	STATUS	n/a	n/a	DIN5
440.8480000000	n/a	n/a	STATUS	n/a	n/a	D255
441.2440000000	n/a	n/a	STATUS	n/a	n/a	D130
441.2960000000	n/a	n/a	STATUS	n/a	n/a	D255
441.3320000000	n/a	n/a	STATUS	n/a	n/a	DI52
441.3800000000	n/a	n/a	STATUS	n/a	n/a	D255
441.7200000000	n/a	n/a	STATUS	n/a	n/a	DI42
441.7680000000	n/a	n/a	STATUS	n/a	n/a	D255
442.0280000000	n/a	n/a	STATUS	n/a	n/a	DIN5
442.0800000000	n/a	n/a	STATUS	n/a	n/a	D255
442.5240000000	n/a	n/a	STATUS	n/a	n/a	D145
442.5720000000	n/a	n/a	STATUS	n/a	n/a	D255
442.6120000000	n/a	n/a	STATUS	n/a	n/a	DI54
442.6600000000	n/a	n/a	STATUS	n/a	n/a	D255
443.0160000000	n/a	n/a	STATUS	n/a	n/a	DI34
443.0680000000	n/a	n/a	STATUS	n/a	n/a	D255
443.3280000000	n/a	n/a	STATUS	n/a	n/a	DIN5
443.3760000000	n/a	n/a	STATUS	n/a	n/a	D255
443.8760000000	n/a	n/a	STATUS	n/a	n/a	D222
443.9280000000	n/a	n/a	STATUS	n/a	n/a	D255
443.9640000000	n/a	n/a	STATUS	n/a	n/a	DI51
444.0160000000	n/a	n/a	STATUS	n/a	n/a	D255
444.4800000000	n/a	n/a	STATUS	n/a	n/a	DI31
444.5280000000	n/a	n/a	STATUS	n/a	n/a	D255
444.7880000000	n/a	n/a	STATUS	n/a	n/a	DIN5
444.8360000000	n/a	n/a	STATUS	n/a	n/a	D255
445.2040000000	n/a	n/a	STATUS	n/a	n/a	DI99
445.2520000000	n/a	n/a	STATUS	n/a	n/a	D255
445.2880000000	n/a	n/a	STATUS	n/a	n/a	DI51
445.3400000000	n/a	n/a	STATUS	n/a	n/a	D255
445.7280000000	n/a	n/a	STATUS	n/a	n/a	DI31
445.7800000000	n/a	n/a	STATUS	n/a	n/a	D255
446.0400000000	n/a	n/a	STATUS	n/a	n/a	DIN5
446.0880000000	n/a	n/a	STATUS	n/a	n/a	D255
446.5680000000	n/a	n/a	STATUS	n/a	n/a	D227
446.6200000000	n/a	n/a	STATUS	n/a	n/a	D255
446.6560000000	n/a	n/a	STATUS	n/a	n/a	DI54
446.7080000000	n/a	n/a	STATUS	n/a	n/a	D255
446.9680000000	n/a	n/a	STATUS	n/a	n/a	DI34
447.0200000000	n/a	n/a	STATUS	n/a	n/a	D255
447.2760000000	n/a	n/a	STATUS	n/a	n/a	DIN5
447.3280000000	n/a	n/a	STATUS	n/a	n/a	D255
447.7960000000	n/a	n/a	STATUS	n/a	n/a	D252
447.8480000000	n/a	n/a	STATUS	n/a	n/a	D255
447.8840000000	n/a	n/a	STATUS	n/a	n/a	DI53
447.9360000000	n/a	n/a	STATUS	n/a	n/a	D255
448.2160000000	n/a	n/a	STATUS	n/a	n/a	DI43
448.2640000000	n/a	n/a	STATUS	n/a	n/a	D255
448.5240000000	n/a	n/a	STATUS	n/a	n/a	DIN5
448.5760000000	n/a	n/a	STATUS	n/a	n/a	D255
448.8880000000	n/a	n/a	STATUS	n/a	n/a	D195
448.9400000000	n/a	n/a	STATUS	n/a	n/a	D255
448.9760000000	n/a	n/a	STATUS	n/a	n/a	DI51
449.0280000000	n/a	n/a	STATUS	n/a	n/a	D255
449.4240000000	n/a	n/a	STATUS	n/a	n/a	DI31
449.4760000000	n/a	n/a	STATUS	n/a	n/a	D255
449.7360000000	n/a	n/a	STATUS	n/a	n/a	DIN5
449.7840000000	n/a	n/a	STATUS	n/a	n/a	D255
450.1600000000	n/a	n/a	STATUS	n/a	n/a	D180
450.2080000000	n/a	n/a	STATUS	n/a	n/a	D255
450.2480000000	n/a	n/a	STATUS	n/a	n/a	DI53
450.2960000000	n/a	n/a	STATUS	n/a	n/a	D255
450.5840000000	n/a	n/a	STATUS	n/a	n/a	DI43
450.6360000000	n/a	n/a	STATUS	n/a	n/a	D255
450.8960000000	n/a	n/a	STATUS	n/a	n/a	DIN5
450.9440000000	n/a	n/a	STATUS	n/a	n/a	D255
451.3280000000	n/a	n/a	STATUS	n/a	n/a	D143
451.3800000000	n/a	n/a	STATUS	n/a	n/a	D255
451.4160000000	n/a	n/a	STATUS	n/a	n/a	DI51
451.4680000000	n/a	n/a	STATUS	n/a	n/a	D255
451.8280000000	n/a	n/a	STATUS	n/a	n/a	DI31
451.8760000000	n/a	n/a	STATUS	n/a	n/a	D255
452.1360000000	n/a	n/a	STATUS	n/a	n/a	DIN5
452.1840000000	n/a	n/a	STATUS	n/a	n/a	D255
452.5040000000	n/a	n/a	STATUS	n/a	n/a	D128
452.5560000000	n/a	n/a	STATUS	n/a	n/a	D255
452.5920000000	n/a	n/a	STATUS	n/a	n/a	DI52
452.6440000000	n/a	n/a	STATUS	n/a	n/a	D255
453.0760000000	n/a	n/a	STATUS	n/a	n/a	DI42
453.1240000000	n/a	n/a	STATUS	n/a	n/a	D255
453.3840000000	n/a	n/a	STATUS	n/a	n/a	DIN5
453.4360000000	n/a	n/a	STATUS	n/a	n/a	D255
453.7440000000	n/a	n/a	STATUS	n/a	n/a	D104
453.7920000000	n/a	n/a	STATUS	n/a	n/a	D255
453.8320000000	n/a	n/a	STATUS	n/a	n/a	DI52
453.8800000000	n/a	n/a	STATUS	n/a	n/a	D255
454.3400000000	n/a	n/a	STATUS	n/a	n/a	DI42
454.3920000000	n/a	n/a	STATUS	n/a	n/a	D255
454.6520000000	n/a	n/a	STATUS	n/a	n/a	DIN5
454.7000000000	n/a	n/a	STATUS	n/a	n/a	D255
455.0360000000	n/a	n/a	STATUS	n/a	n/a	D174
455.0840000000	n/a	n/a	STATUS	n/a	n/a	D255
455.1200000000	n/a	n/a	STATUS	n/a	n/a	DI54
455.1720000000	n/a	n/a	STATUS	n/a	n/a	D255
455.4360000000	n/a	n/a	STATUS	n/a	n/a	DI34
455.4880000000	n/a	n/a	STATUS	n/a	n/a	D255
455.7440000000	n/a	n/a	STATUS	n/a	n/a	DIN5
455.7960000000	n/a	n/a	STATUS	n/a	n/a	D255
456.1640000000	n/a	n/a	STATUS	n/a	n/a	D111
456.2160000000	n/a	n/a	STATUS	n/a	n/a	D255
456.2520000000	n/a	n/a	STATUS	n/a	n/a	DI54
456.3040000000	n/a	n/a	STATUS	n/a	n/a	D255
456.5720000000	n/a	n/a	STATUS	n/a	n/a	DI34
456.6200000000	n/a	n/a	STATUS	n/a	n/a	D255
456.8800000000	n/a	n/a	STATUS	n/a	n/a	DIN5
456.9280000000	n/a	n/a	STATUS	n/a	n/a	D255
457.4280000000	n/a	n/a	STATUS	n/a	n/a	D211
457.4800000000	n/a	n/a	STATUS	n/a	n/a	D255
457.5160000000	n/a	n/a	STATUS	n/a	n/a	DI51
457.5680000000	n/a	n/a	STATUS	n/a	n/a	D255
457.9480000000	n/a	n/a	STATUS	n/a	n/a	DI31
458.0000000000	n/a	n/a	STATUS	n/a	n/a	D255
458.2560000000	n/a	n/a	STATUS	n/a	n/a	DIN5
458.3080000000	n/a	n/a	STATUS	n/a	n/a	D255
458.7960000000	n/a	n/a	STATUS	n/a	n/a	D225
458.8480000000	n/a	n/a	STATUS	n/a	n/a	D255
458.8840000000	n/a	n/a	STATUS	n/a	n/a	DI51
458.9360000000	n/a	n/a	STATUS	n/a	n/a	D255
459.2800000000	n/a	n/a	STATUS	n/a	n/a	DI31
459.3280000000	n/a	n/a	STATUS	n/a	n/a	D255
459.5880000000	n/a	n/a	STATUS	n/a	n/a	DIN5
459.6400000000	n/a	n/a	STATUS	n/a	n/a	D255
459.9640000000	n/a	n/a	STATUS	n/a	n/a	D196
460.0160000000	n/a	n/a	STATUS	n/a	n/a	D255
460.0520000000	n/a	n/a	STATUS	n/a	n/a	DI53
460.1000000000	n/a	n/a	STATUS	n/a	n/a	D255
460.7240000000	n/a	n/a	STATUS	n/a	n/a	DI43
460.7720000000	n/a	n/a	STATUS	n/a	n/a	D255
461.0320000000	n/a	n/a	STATUS	n/a	n/a	DIN5
461.0800000000	n/a	n/a	STATUS	n/a	n/a	D255
461.4120000000	n/a	n/a	STATUS	n/a	n/a	DI83
461.4600000000	n/a	n/a	STATUS	n/a	n/a	D255
461.5000000000	n/a	n/a	STATUS	n/a	n/a	DI51
461.5480000000	n/a	n/a	STATUS	n/a	n/a	D255
461.8800000000	n/a	n/a	STATUS	n/a	n/a	DI31
461.9320000000	n/a	n/a	STATUS	n/a	n/a	D255
462.1920000000	n/a	n/a	STATUS	n/a	n/a	DIN5
462.2400000000	n/a	n/a	STATUS	n/a	n/a	D255
462.7000000000	n/a	n/a	STATUS	n/a	n/a	D135
462.7520000000	n/a	n/a	STATUS	n/a	n/a	D255
462.7880000000	n/a	n/a	STATUS	n/a	n/a	DI54
462.8400000000	n/a	n/a	STATUS	n/a	n/a	D255
463.0840000000	n/a	n/a	STATUS	n/a	n/a	DI34
463.1360000000	n/a	n/a	STATUS	n/a	n/a	D255
463.3960000000	n/a	n/a	STATUS	n/a	n/a	DIN5
463.4440000000	n/a	n/a	STATUS	n/a	n/a	D255
463.9120000000	n/a	n/a	STATUS	n/a	n/a	D201
463.9640000000	n/a	n/a	STATUS	n/a	n/a	D255
464.0040000000	n/a	n/a	STATUS	n/a	n/a	DI52
464.0520000000	n/a	n/a	STATUS	n/a	n/a	D255
464.3840000000	n/a	n/a	STATUS	n/a	n/a	DI42
464.4320000000	n/a	n/a	STATUS	n/a	n/a	D255
464.6920000000	n/a	n/a	STATUS	n/a	n/a	DIN5
464.7440000000	n/a	n/a	STATUS	n/a	n/a	D255
465.2440000000	n/a	n/a	STATUS	n/a	n/a	D127
465.2920000000	n/a	n/a	STATUS	n/a	n/a	D255
465.3320000000	n/a	n/a	STATUS	n/a	n/a	DI52
465.3800000000	n/a	n/a	STATUS	n/a	n/a	D255
465.6600000000	n/a	n/a	STATUS	n/a	n/a	DI12
465.7120000000	n/a	n/a	STATUS	n/a	n/a	D255
465.7160000000	n/a	n/a	STATUS	n/a	n/a	DIN4
465.7640000000	n/a	n/a	STATUS	n/a	n/a	D255
466.5200000000	n/a	n/a	STATUS	n/a	n/a	DIN5
466.5720000000	n/a	n/a	STATUS	n/a	n/a	D255
466.9480000000	n/a	n/a	STATUS	n/a	n/a	D122
467.0000000000	n/a	n/a	STATUS	n/a	n/a	D255
467.0360000000	n/a	n/a	STATUS	n/a	n/a	DI52
467.0880000000	n/a	n/a	STATUS	n/a	n/a	D255
467.5200000000	n/a	n/a	STATUS	n/a	n/a	DI42
467.5680000000	n/a	n/a	STATUS	n/a	n/a	D255
467.8280000000	n/a	n/a	STATUS	n/a	n/a	DIN5
467.8800000000	n/a	n/a	STATUS	n/a	n/a	D255
468.3760000000	n/a	n/a	STATUS	n/a	n/a	D202
468.4280000000	n/a	n/a	STATUS	n/a	n/a	D255
468.4640000000	n/a	n/a	STATUS	n/a	n/a	DI54
468.5160000000	n/a	n/a	STATUS	n/a	n/a	D255
469.2360000000	n/a	n/a	STATUS	n/a	n/a	DI34
469.2840000000	n/a	n/a	STATUS	n/a	n/a	D255
469.5440000000	n/a	n/a	STATUS	n/a	n/a	DIN5
469.5960000000	n/a	n/a	STATUS	n/a	n/a	D255
469.9480000000	n/a	n/a	STATUS	n/a	n/a	D247
470.0000000000	n/a	n/a	STATUS	n/a	n/a	D255
470.0360000000	n/a	n/a	STATUS	n/a	n/a	DI53
470.0880000000	n/a	n/a	STATUS	n/a	n/a	D255
470.3080000000	n/a	n/a	STATUS	n/a	n/a	DI43
470.3600000000	n/a	n/a	STATUS	n/a	n/a	D255
470.6200000000	n/a	n/a	STATUS	n/a	n/a	DIN5
470.6680000000	n/a	n/a	STATUS	n/a	n/a	D255
471.0320000000	n/a	n/a	STATUS	n/a	n/a	D118
471.0840000000	n/a	n/a	STATUS	n/a	n/a	D255
471.1200000000	n/a	n/a	STATUS	n/a	n/a	DI53
471.1720000000	n/a	n/a	STATUS	n/a	n/a	D255
472.2000000000	n/a	n/a	STATUS	n/a	n/a	DIN3
472.2520000000	n/a	n/a	STATUS	n/a	n/a	D255
473.0040000000	n/a	n/a	STATUS	n/a	n/a	DIN5
473.0560000000	n/a	n/a	STATUS	n/a	n/a	D255
473.5040000000	n/a	n/a	STATUS	n/a	n/a	D150
473.5560000000	n/a	n/a	STATUS	n/a	n/a	D255
473.5920000000	n/a	n/a	STATUS	n/a	n/a	DI54
473.6440000000	n/a	n/a	STATUS	n/a	n/a	D255
473.9920000000	n/a	n/a	STATUS	n/a	n/a	DI34
474.0440000000	n/a	n/a	STATUS	n/a	n/a	D255
474.3000000000	n/a	n/a	STATUS	n/a	n/a	DIN5
474.3520000000	n/a	n/a	STATUS	n/a	n/a	D255
474.6600000000	n/a	n/a	STATUS	n/a	n/a	D175
474.7120000000	n/a	n/a	STATUS	n/a	n/a	D255
474.7480000000	n/a	n/a	STATUS	n/a	n/a	DI53
474.8000000000	n/a	n/a	STATUS	n/a	n/a	D255
475.0840000000	n/a	n/a	STATUS	n/a	n/a	DI43
475.1360000000	n/a	n/a	STATUS	n/a	n/a	D255
475.3920000000	n/a	n/a	STATUS	n/a	n/a	DIN5
475.4440000000	n/a	n/a	STATUS	n/a	n/a	D255
475.8240000000	n/a	n/a	STATUS	n/a	n/a	DI74
475.8720000000	n/a	n/a	STATUS	n/a	n/a	D255
475.9120000000	n/a	n/a	STATUS	n/a	n/a	DI53
475.9600000000	n/a	n/a	STATUS	n/a	n/a	D255
476.2280000000	n/a	n/a	STATUS	n/a	n/a	DI43
476.2800000000	n/a	n/a	STATUS	n/a	n/a	D255
476.5360000000	n/a	n/a	STATUS	n/a	n/a	DIN5
476.5880000000	n/a	n/a	STATUS	n/a	n/a	D255
476.9560000000	n/a	n/a	STATUS	n/a	n/a	D188
477.0080000000	n/a	n/a	STATUS	n/a	n/a	D255
477.0440000000	n/a	n/a	STATUS	n/a	n/a	DI52
477.0960000000	n/a	n/a	STATUS	n/a	n/a	D255
477.3960000000	n/a	n/a	STATUS	n/a	n/a	DI42
477.4480000000	n/a	n/a	STATUS	n/a	n/a	D255
477.7040000000	n/a	n/a	STATUS	n/a	n/a	DIN5
477.7560000000	n/a	n/a	STATUS	n/a	n/a	D255
478.1840000000	n/a	n/a	STATUS	n/a	n/a	D164
478.2360000000	n/a	n/a	STATUS	n/a	n/a	D255
478.2720000000	n/a	n/a	STATUS	n/a	n/a	DI52
478.3240000000	n/a	n/a	STATUS	n/a	n/a	D255
478.7120000000	n/a	n/a	STATUS	n/a	n/a	DI42
478.7640000000	n/a	n/a	STATUS	n/a	n/a	D255
479.0200000000	n/a	n/a	STATUS	n/a	n/a	DIN5
479.0720000000	n/a	n/a	STATUS	n/a	n/a	D255
479.4920000000	n/a	n/a	STATUS	n/a	n/a	DI88
479.5400000000	n/a	n/a	STATUS	n/a	n/a	D255
479.5800000000	n/a	n/a	STATUS	n/a	n/a	DI52
479.6280000000	n/a	n/a	STATUS	n/a	n/a	D255
479.8920000000	n/a	n/a	STATUS	n/a	n/a	DI12
479.9400000000	n/a	n/a	STATUS	n/a	n/a	D255
479.9440000000	n/a	n/a	STATUS	n/a	n/a	DIN4
479.9960000000	n/a	n/a	STATUS	n/a	n/a	D255
480.7520000000	n/a	n/a	STATUS	n/a	n/a	DIN5
480.8000000000	n/a	n/a	STATUS	n/a	n/a	D255
481.2240000000	n/a	n/a	STATUS	n/a	n/a	DI94
481.2760000000	n/a	n/a	STATUS	n/a	n/a	D255
481.3120000000	n/a	n/a	STATUS	n/a	n/a	DI53
481.3640000000	n/a	n/a	STATUS	n/a	n/a	D255
481.6360000000	n/a	n/a	STATUS	n/a	n/a	DI43
481.6840000000	n/a	n/a	STATUS	n/a	n/a	D255
481.9440000000	n/a	n/a	STATUS	n/a	n/a	DIN5
481.9920000000	n/a	n/a	STATUS	n/a	n/a	D255
482.3640000000	n/a	n/a	STATUS	n/a	n/a	D140
482.4120000000	n/a	n/a	STATUS	n/a	n/a	D255
482.4520000000	n/a	n/a	STATUS	n/a	n/a	DI53
482.5000000000	n/a	n/a	STATUS	n/a	n/a	D255
482.8040000000	n/a	n/a	STATUS	n/a	n/a	DI43
482.8560000000	n/a	n/a	STATUS	n/a	n/a	D255
483.1160000000	n/a	n/a	STATUS	n/a	n/a	DIN5
483.1640000000	n/a	n/a	STATUS	n/a	n/a	D255
483.4760000000	n/a	n/a	STATUS	n/a	n/a	DI85
483.5240000000	n/a	n/a	STATUS	n/a	n/a	D255
483.5600000000	n/a	n/a	STATUS	n/a	n/a	DI51
483.6120000000	n/a	n/a	STATUS	n/a	n/a	D255
484.0480000000	n/a	n/a	STATUS	n/a	n/a	DI31
484.0960000000	n/a	n/a	STATUS	n/a	n/a	D255
484.3560000000	n/a	n/a	STATUS	n/a	n/a	DIN5
484.4040000000	n/a	n/a	STATUS	n/a	n/a	D255
484.7400000000	n/a	n/a	STATUS	n/a	n/a	D220
484.7880000000	n/a	n/a	STATUS	n/a	n/a	D255
484.8280000000	n/a	n/a	STATUS	n/a	n/a	DI53
484.8760000000	n/a	n/a	STATUS	n/a	n/a	D255
485.2200000000	n/a	n/a	STATUS	n/a	n/a	DI43
485.2680000000	n/a	n/a	STATUS	n/a	n/a	D255
485.5280000000	n/a	n/a	STATUS	n/a	n/a	DIN5
485.5800000000	n/a	n/a	STATUS	n/a	n/a	D255
486.0160000000	n/a	n/a	STATUS	n/a	n/a	D226
486.0680000000	n/a	n/a	STATUS	n/a	n/a	D255
486.1040000000	n/a	n/a	STATUS	n/a	n/a	DI52
486.1560000000	n/a	n/a	STATUS	n/a	n/a	D255
487.1800000000	n/a	n/a	STATUS	n/a	n/a	DIN3
487.2280000000	n/a	n/a	STATUS	n/a	n/a	D255
487.9840000000	n/a	n/a	STATUS	n/a	n/a	DIN5
488.0320000000	n/a	n/a	STATUS	n/a	n/a	D255
488.4360000000	n/a	n/a	STATUS	n/a	n/a	D215
488.4880000000	n/a	n/a	STATUS	n/a	n/a	D255
488.5240000000	n/a	n/a	STATUS	n/a	n/a	DI52
488.5760000000	n/a	n/a	STATUS	n/a	n/a	D255
488.9240000000	n/a	n/a	STATUS	n/a	n/a	DI42
488.9720000000	n/a	n/a	STATUS	n/a	n/a	D255
489.2320000000	n/a	n/a	STATUS	n/a	n/a	DIN5
489.2800000000	n/a	n/a	STATUS	n/a	n/a	D255
489.6320000000	n/a	n/a	STATUS	n/a	n/a	D206
489.6800000000	n/a	n/a	STATUS	n/a	n/a	D255
489.7200000000	n/a	n/a	STATUS	n/a	n/a	DI54
489.7680000000	n/a	n/a	STATUS	n/a	n/a	D255
490.1640000000	n/a	n/a	STATUS	n/a	n/a	DI34
490.2120000000	n/a	n/a	STATUS	n/a	n/a	D255
490.4720000000	n/a	n/a	STATUS	n/a	n/a	DIN5
490.5240000000	n/a	n/a	STATUS	n/a	n/a	D255
490.9480000000	n/a	n/a	STATUS	n/a	n/a	D189
490.9960000000	n/a	n/a	STATUS	n/a	n/a	D255
491.0360000000	n/a	n/a	STATUS	n/a	n/a	DI53
491.0840000000	n/a	n/a	STATUS	n/a	n/a	D255
491.3480000000	n/a	n/a	STATUS	n/a	n/a	DI43
491.3960000000	n/a	n/a	STATUS	n/a	n/a	D255
491.6560000000	n/a	n/a	STATUS	n/a	n/a	DIN5
491.7040000000	n/a	n/a	STATUS	n/a	n/a	D255
492.1320000000	n/a	n/a	STATUS	n/a	n/a	DI72
492.1800000000	n/a	n/a	STATUS	n/a	n/a	D255
492.2160000000	n/a	n/a	STATUS	n/a	n/a	DI51
492.2680000000	n/a	n/a	STATUS	n/a	n/a	D255
492.6120000000	n/a	n/a	STATUS	n/a	n/a	DI31
492.6600000000	n/a	n/a	STATUS	n/a	n/a	D255
492.9200000000	n/a	n/a	STATUS	n/a	n/a	DIN5
492.9720000000	n/a	n/a	STATUS	n/a	n/a	D255
493.3000000000	n/a	n/a	STATUS	n/a	n/a	D133
493.3520000000	n/a	n/a	STATUS	n/a	n/a	D255
493.3880000000	n/a	n/a	STATUS	n/a	n/a	DI54
493.4360000000	n/a	n/a	STATUS	n/a	n/a	D255
493.8280000000	n/a	n/a	STATUS	n/a	n/a	DI34
493.8800000000	n/a	n/a	STATUS	n/a	n/a	D255
494.1360000000	n/a	n/a	STATUS	n/a	n/a	DIN5
494.1880000000	n/a	n/a	STATUS	n/a	n/a	D255
494.6680000000	n/a	n/a	STATUS	n/a	n/a	D250
494.7160000000	n/a	n/a	STATUS	n/a	n/a	D255
494.7560000000	n/a	n/a	STATUS	n/a	n/a	DI52
494.8040000000	n/a	n/a	STATUS	n/a	n/a	D255
495.1480000000	n/a	n/a	STATUS	n/a	n/a	DI42
495.1960000000	n/a	n/a	STATUS	n/a	n/a	D255
495.4560000000	n/a	n/a	STATUS	n/a	n/a	DIN5
495.5080000000	n/a	n/a	STATUS	n/a	n/a	D255
495.9800000000	n/a	n/a	STATUS	n/a	n/a	D156
496.0320000000	n/a	n/a	STATUS	n/a	n/a	D255
496.0680000000	n/a	n/a	STATUS	n/a	n/a	DI52
496.1200000000	n/a	n/a	STATUS	n/a	n/a	D255
496.4600000000	n/a	n/a	STATUS	n/a	n/a	DI42
496.5080000000	n/a	n/a	STATUS	n/a	n/a	D255
496.7680000000	n/a	n/a	STATUS	n/a	n/a	DIN5
496.8160000000	n/a	n/a	STATUS	n/a	n/a	D255
497.1280000000	n/a	n/a	STATUS	n/a	n/a	D154
497.1760000000	n/a	n/a	STATUS	n/a	n/a	D255
497.2160000000	n/a	n/a	STATUS	n/a	n/a	DI54
497.2640000000	n/a	n/a	STATUS	n/a	n/a	D255
497.6080000000	n/a	n/a	STATUS	n/a	n/a	DI34
497.6600000000	n/a	n/a	STATUS	n/a	n/a	D255
497.9160000000	n/a	n/a	STATUS	n/a	n/a	DIN5
497.9680000000	n/a	n/a	STATUS	n/a	n/a	D255
498.3160000000	n/a	n/a	STATUS	n/a	n/a	DI66
498.3680000000	n/a	n/a	STATUS	n/a	n/a	D255
498.4040000000	n/a	n/a	STATUS	n/a	n/a	DI53
498.4520000000	n/a	n/a	STATUS	n/a	n/a	D255
498.7360000000	n/a	n/a	STATUS	n/a	n/a	DI43
498.7840000000	n/a	n/a	STATUS	n/a	n/a	D255
499.0440000000	n/a	n/a	STATUS	n/a	n/a	DIN5
499.0960000000	n/a	n/a	STATUS	n/a	n/a	D255
499.5080000000	n/a	n/a	STATUS	n/a	n/a	D218
499.5600000000	n/a	n/a	STATUS	n/a	n/a	D255
499.5960000000	n/a	n/a	STATUS	n/a	n/a	DI53
499.6480000000	n/a	n/a	STATUS	n/a	n/a	D255
499.9160000000	n/a	n/a	STATUS	n/a	n/a	DI43
499.9680000000	n/a	n/a	STATUS	n/a	n/a	D255
500.2280000000	n/a	n/a	STATUS	n/a	n/a	DIN5
500.2760000000	n/a	n/a	STATUS	n/a	n/a	D255
500.7080000000	n/a	n/a	STATUS	n/a	n/a	DI97
500.7560000000	n/a	n/a	STATUS	n/a	n/a	D255
500.7960000000	n/a	n/a	STATUS	n/a	n/a	DI52
500.8440000000	n/a	n/a	STATUS	n/a	n/a	D255
501.1600000000	n/a	n/a	STATUS	n/a	n/a	DI42
501.2080000000	n/a	n/a	STATUS	n/a	n/a	D255
501.4680000000	n/a	n/a	STATUS	n/a	n/a	DIN5
501.5160000000	n/a	n/a	STATUS	n/a	n/a	D255
501.9440000000	n/a	n/a	STATUS	n/a	n/a	D219
501.9920000000	n/a	n/a	STATUS	n/a	n/a	D255
502.0280000000	n/a	n/a	STATUS	n/a	n/a	DI51
502.0800000000	n/a	n/a	STATUS	n/a	n/a	D255
502.4880000000	n/a	n/a	STATUS	n/a	n/a	DI31
502.5400000000	n/a	n/a	STATUS	n/a	n/a	D255
502.8000000000	n/a	n/a	STATUS	n/a	n/a	DIN5
502.8480000000	n/a	n/a	STATUS	n/a	n/a	D255
503.2680000000	n/a	n/a	STATUS	n/a	n/a	D106
503.3200000000	n/a	n/a	STATUS	n/a	n/a	D255
503.3560000000	n/a	n/a	STATUS	n/a	n/a	DI52
503.4080000000	n/a	n/a	STATUS	n/a	n/a	D255
503.7680000000	n/a	n/a	STATUS	n/a	n/a	DI42
503.8200000000	n/a	n/a	STATUS	n/a	n/a	D255
504.0760000000	n/a	n/a	STATUS	n/a	n/a	DIN5
504.1280000000	n/a	n/a	STATUS	n/a	n/a	D255
504.6040000000	n/a	n/a	STATUS	n/a	n/a	D171
504.6520000000	n/a	n/a	STATUS	n/a	n/a	D255
504.6880000000	n/a	n/a	STATUS	n/a	n/a	DI54
504.7400000000	n/a	n/a	STATUS	n/a	n/a	D255
505.0400000000	n/a	n/a	STATUS	n/a	n/a	DI34
505.0920000000	n/a	n/a	STATUS	n/a	n/a	D255
505.3520000000	n/a	n/a	STATUS	n/a	n/a	DIN5
505.4000000000	n/a	n/a	STATUS	n/a	n/a	D255
505.8720000000	n/a	n/a	STATUS	n/a	n/a	D129
505.9200000000	n/a	n/a	STATUS	n/a	n/a	D255
505.9560000000	n/a	n/a	STATUS	n/a	n/a	DI54
506.0080000000	n/a	n/a	STATUS	n/a	n/a	D255
506.3040000000	n/a	n/a	STATUS	n/a	n/a	DI34
506.3560000000	n/a	n/a	STATUS	n/a	n/a	D255
506.6160000000	n/a	n/a	STATUS	n/a	n/a	DIN5
506.6640000000	n/a	n/a	STATUS	n/a	n/a	D255
507.1240000000	n/a	n/a	STATUS	n/a	n/a	D102
507.1720000000	n/a	n/a	STATUS	n/a	n/a	D255
507.2120000000	n/a	n/a	STATUS	n/a	n/a	DI54
507.2600000000	n/a	n/a	STATUS	n/a	n/a	D255
507.5360000000	n/a	n/a	STATUS	n/a	n/a	DI34
507.5880000000	n/a	n/a	STATUS	n/a	n/a	D255
507.8440000000	n/a	n/a	STATUS	n/a	n/a	DIN5
507.8960000000	n/a	n/a	STATUS	n/a	n/a	D255
508.3440000000	n/a	n/a	STATUS	n/a	n/a	D142
508.3960000000	n/a	n/a	STATUS	n/a	n/a	D255
508.4320000000	n/a	n/a	STATUS	n/a	n/a	DI54
508.4840000000	n/a	n/a	STATUS	n/a	n/a	D255
508.7680000000	n/a	n/a	STATUS	n/a	n/a	DI34
508.8160000000	n/a	n/a	STATUS	n/a	n/a	D255
509.0760000000	n/a	n/a	STATUS	n/a	n/a	DIN5
509.1280000000	n/a	n/a	STATUS	n/a	n/a	D255
509.6240000000	n/a	n/a	STATUS	n/a	n/a	D169
509.6760000000	n/a	n/a	STATUS	n/a	n/a	D255
509.7120000000	n/a	n/a	STATUS	n/a	n/a	DI53
509.7640000000	n/a	n/a	STATUS	n/a	n/a	D255
510.0680000000	n/a	n/a	STATUS	n/a	n/a	DI43
510.1160000000	n/a	n/a	STATUS	n/a	n/a	D255
510.3760000000	n/a	n/a	STATUS	n/a	n/a	DIN5
510.4280000000	n/a	n/a	STATUS	n/a	n/a	D255
510.8600000000	n/a	n/a	STATUS	n/a	n/a	D148
510.9120000000	n/a	n/a	STATUS	n/a	n/a	D255
510.9480000000	n/a	n/a	STATUS	n/a	n/a	DI54
510.9960000000	n/a	n/a	STATUS	n/a	n/a	D255
511.4520000000	n/a	n/a	STATUS	n/a	n/a	DI34
511.5000000000	n/a	n/a	STATUS	n/a	n/a	D255
511.7600000000	n/a	n/a	STATUS	n/a	n/a	DIN5
511.8120000000	n/a	n/a	STATUS	n/a	n/a	D255
512.2840000000	n/a	n/a	STATUS	n/a	n/a	D209
512.3360000000	n/a	n/a	STATUS	n/a	n/a	D255
512.3720000000	n/a	n/a	STATUS	n/a	n/a	DI53
512.4240000000	n/a	n/a	STATUS	n/a	n/a	D255
512.7240000000	n/a	n/a	STATUS	n/a	n/a	DI43
512.7720000000	n/a	n/a	STATUS	n/a	n/a	D255
513.0320000000	n/a	n/a	STATUS	n/a	n/a	DIN5
513.0840000000	n/a	n/a	STATUS	n/a	n/a	D255
513.4120000000	n/a	n/a	STATUS	n/a	n/a	D184
513.4640000000	n/a	n/a	STATUS	n/a	n/a	D255
513.5000000000	n/a	n/a	STATUS	n/a	n/a	DI52
513.5520000000	n/a	n/a	STATUS	n/a	n/a	D255
513.9440000000	n/a	n/a	STATUS	n/a	n/a	DI42
513.9960000000	n/a	n/a	STATUS	n/a	n/a	D255
514.2560000000	n/a	n/a	STATUS	n/a	n/a	DIN5
514.3040000000	n/a	n/a	STATUS	n/a	n/a	D255
514.6080000000	n/a	n/a	STATUS	n/a	n/a	D200
514.6600000000	n/a	n/a	STATUS	n/a	n/a	D255
514.6960000000	n/a	n/a	STATUS	n/a	n/a	DI54
514.7480000000	n/a	n/a	STATUS	n/a	n/a	D255
515.0560000000	n/a	n/a	STATUS	n/a	n/a	DI34
515.1040000000	n/a	n/a	STATUS	n/a	n/a	D255
515.3640000000	n/a	n/a	STATUS	n/a	n/a	DIN5
515.4120000000	n/a	n/a	STATUS	n/a	n/a	D255
515.8480000000	n/a	n/a	STATUS	n/a	n/a	D126
515.9000000000	n/a	n/a	STATUS	n/a	n/a	D255
515.9360000000	n/a	n/a	STATUS	n/a	n/a	DI54
515.9840000000	n/a	n/a	STATUS	n/a	n/a	D255
516.2600000000	n/a	n/a	STATUS	n/a	n/a	DI34
516.3120000000	n/a	n/a	STATUS	n/a	n/a	D255
516.5680000000	n/a	n/a	STATUS	n/a	n/a	DIN5
516.6200000000	n/a	n/a	STATUS	n/a	n/a	D255
517.0800000000	n/a	n/a	STATUS	n/a	n/a	DI75
517.1280000000	n/a	n/a	STATUS	n/a	n/a	D255
517.1680000000	n/a	n/a	STATUS	n/a	n/a	DI51
517.2160000000	n/a	n/a	STATUS	n/a	n/a	D255
517.4760000000	n/a	n/a	STATUS	n/a	n/a	DI21
517.5280000000	n/a	n/a	STATUS	n/a	n/a	D255
517.5320000000	n/a	n/a	STATUS	n/a	n/a	DIN4
517.5840000000	n/a	n/a	STATUS	n/a	n/a	D255
518.3360000000	n/a	n/a	STATUS	n/a	n/a	DIN5
518.3880000000	n/a	n/a	STATUS	n/a	n/a	D255
518.8720000000	n/a	n/a	STATUS	n/a	n/a	DI68
518.9240000000	n/a	n/a	STATUS	n/a	n/a	D255
518.9600000000	n/a	n/a	STATUS	n/a	n/a	DI51
519.0120000000	n/a	n/a	STATUS	n/a	n/a	D255
519.4200000000	n/a	n/a	STATUS	n/a	n/a	DI31
519.4680000000	n/a	n/a	STATUS	n/a	n/a	D255
519.7280000000	n/a	n/a	STATUS	n/a	n/a	DIN5
519.7800000000	n/a	n/a	STATUS	n/a	n/a	D255
520.2600000000	n/a	n/a	STATUS	n/a	n/a	DI65
520.3080000000	n/a	n/a	STATUS	n/a	n/a	D255
520.3480000000	n/a	n/a	STATUS	n/a	n/a	DI52
520.3960000000	n/a	n/a	STATUS	n/a	n/a	D255
520.7680000000	n/a	n/a	STATUS	n/a	n/a	DI42
520.8160000000	n/a	n/a	STATUS	n/a	n/a	D255
521.0760000000	n/a	n/a	STATUS	n/a	n/a	DIN5
521.1240000000	n/a	n/a	STATUS	n/a	n/a	D255
521.5240000000	n/a	n/a	STATUS	n/a	n/a	D120
521.5760000000	n/a	n/a	STATUS	n/a	n/a	D255
521.6120000000	n/a	n/a	STATUS	n/a	n/a	DI51
521.6640000000	n/a	n/a	STATUS	n/a	n/a	D255
522.6800000000	n/a	n/a	STATUS	n/a	n/a	DIN3
522.7320000000	n/a	n/a	STATUS	n/a	n/a	D255
523.4840000000	n/a	n/a	STATUS	n/a	n/a	DIN5
523.5360000000	n/a	n/a	STATUS	n/a	n/a	D255
523.8520000000	n/a	n/a	STATUS	n/a	n/a	D214
523.9000000000	n/a	n/a	STATUS	n/a	n/a	D255
523.9360000000	n/a	n/a	STATUS	n/a	n/a	DI53
523.9880000000	n/a	n/a	STATUS	n/a	n/a	D255
524.3240000000	n/a	n/a	STATUS	n/a	n/a	DI43
524.3720000000	n/a	n/a	STATUS	n/a	n/a	D255
524.6320000000	n/a	n/a	STATUS	n/a	n/a	DIN5
524.6840000000	n/a	n/a	STATUS	n/a	n/a	D255
525.0920000000	n/a	n/a	STATUS	n/a	n/a	D134
525.1440000000	n/a	n/a	STATUS	n/a	n/a	D255
525.1800000000	n/a	n/a	STATUS	n/a	n/a	DI51
525.2320000000	n/a	n/a	STATUS	n/a	n/a	D255
525.6000000000	n/a	n/a	STATUS	n/a	n/a	DI31
525.6480000000	n/a	n/a	STATUS	n/a	n/a	D255
525.9080000000	n/a	n/a	STATUS	n/a	n/a	DIN5
525.9560000000	n/a	n/a	STATUS	n/a	n/a	D255
526.3120000000	n/a	n/a	STATUS	n/a	n/a	D193
526.3600000000	n/a	n/a	STATUS	n/a	n/a	D255
526.4000000000	n/a	n/a	STATUS	n/a	n/a	DI51
526.4480000000	n/a	n/a	STATUS	n/a	n/a	D255
526.8240000000	n/a	n/a	STATUS	n/a	n/a	DI31
526.8720000000	n/a	n/a	STATUS	n/a	n/a	D255
527.1320000000	n/a	n/a	STATUS	n/a	n/a	DIN5
527.1840000000	n/a	n/a	STATUS	n/a	n/a	D255
527.5520000000	n/a	n/a	STATUS	n/a	n/a	DI73
527.6040000000	n/a	n/a	STATUS	n/a	n/a	D255
527.6400000000	n/a	n/a	STATUS	n/a	n/a	DI53
527.6920000000	n/a	n/a	STATUS	n/a	n/a	D255
528.1960000000	n/a	n/a	STATUS	n/a	n/a	DI13
528.2440000000	n/a	n/a	STATUS	n/a	n/a	D255
528.2480000000	n/a	n/a	STATUS	n/a	n/a	DIN4
528.3000000000	n/a	n/a	STATUS	n/a	n/a	D255
529.0520000000	n/a	n/a	STATUS	n/a	n/a	DIN5
529.1040000000	n/a	n/a	STATUS	n/a	n/a	D255
529.4600000000	n/a	n/a	STATUS	n/a	n/a	D178
529.5080000000	n/a	n/a	STATUS	n/a	n/a	D255
529.5440000000	n/a	n/a	STATUS	n/a	n/a	DI54
529.5960000000	n/a	n/a	STATUS	n/a	n/a	D255
529.8720000000	n/a	n/a	STATUS	n/a	n/a	DI34
529.9200000000	n/a	n/a	STATUS	n/a	n/a	D255
530.1800000000	n/a	n/a	STATUS	n/a	n/a	DIN5
530.2320000000	n/a	n/a	STATUS	n/a	n/a	D255
530.6240000000	n/a	n/a	STATUS	n/a	n/a	D157
530.6760000000	n/a	n/a	STATUS	n/a	n/a	D255
530.7120000000	n/a	n/a	STATUS	n/a	n/a	DI51
530.7640000000	n/a	n/a	STATUS	n/a	n/a	D255
531.1360000000	n/a	n/a	STATUS	n/a	n/a	DI31
531.1840000000	n/a	n/a	STATUS	n/a	n/a	D255
531.4440000000	n/a	n/a	STATUS	n/a	n/a	DIN5
531.4960000000	n/a	n/a	STATUS	n/a	n/a	D255
531.8360000000	n/a	n/a	STATUS	n/a	n/a	DI91
531.8840000000	n/a	n/a	STATUS	n/a	n/a	D255
531.9240000000	n/a	n/a	STATUS	n/a	n/a	DI52
531.9720000000	n/a	n/a	STATUS	n/a	n/a	D255
532.3160000000	n/a	n/a	STATUS	n/a	n/a	DI42
532.3680000000	n/a	n/a	STATUS	n/a	n/a	D255
532.6240000000	n/a	n/a	STATUS	n/a	n/a	DIN5
532.6760000000	n/a	n/a	STATUS	n/a	n/a	D255
533.1360000000	n/a	n/a	STATUS	n/a	n/a	DI71
533.1840000000	n/a	n/a	STATUS	n/a	n/a	D255
533.2240000000	n/a	n/a	STATUS	n/a	n/a	DI54
533.2720000000	n/a	n/a	STATUS	n/a	n/a	D255
533.5120000000	n/a	n/a	STATUS	n/a	n/a	DI34
533.5600000000	n/a	n/a	STATUS	n/a	n/a	D255
533.8200000000	n/a	n/a	STATUS	n/a	n/a	DIN5
533.8720000000	n/a	n/a	STATUS	n/a	n/a	D255
534.3160000000	n/a	n/a	STATUS	n/a	n/a	D234
534.3640000000	n/a	n/a	STATUS	n/a	n/a	D255
534.4040000000	n/a	n/a	STATUS	n/a	n/a	DI53
534.4520000000	n/a	n/a	STATUS	n/a	n/a	D255
534.7720000000	n/a	n/a	STATUS	n/a	n/a	DI43
534.8200000000	n/a	n/a	STATUS	n/a	n/a	D255
535.0800000000	n/a	n/a	STATUS	n/a	n/a	DIN5
535.1320000000	n/a	n/a	STATUS	n/a	n/a	D255
535.5040000000	n/a	n/a	STATUS	n/a	n/a	D101
535.5560000000	n/a	n/a	STATUS	n/a	n/a	D255
535.5920000000	n/a	n/a	STATUS	n/a	n/a	DI54
535.6440000000	n/a	n/a	STATUS	n/a	n/a	D255
535.9200000000	n/a	n/a	STATUS	n/a	n/a	DI34
535.9720000000	n/a	n/a	STATUS	n/a	n/a	D255
536.2280000000	n/a	n/a	STATUS	n/a	n/a	DIN5
536.2800000000	n/a	n/a	STATUS	n/a	n/a	D255
536.6280000000	n/a	n/a	STATUS	n/a	n/a	DI86
536.6800000000	n/a	n/a	STATUS	n/a	n/a	D255
536.7160000000	n/a	n/a	STATUS	n/a	n/a	DI54
536.7680000000	n/a	n/a	STATUS	n/a	n/a	D255
537.1240000000	n/a	n/a	STATUS	n/a	n/a	DI34
537.1720000000	n/a	n/a	STATUS	n/a	n/a	D255
537.4320000000	n/a	n/a	STATUS	n/a	n/a	DIN5
537.4800000000	n/a	n/a	STATUS	n/a	n/a	D255
537.9800000000	n/a	n/a	STATUS	n/a	n/a	D113
538.0320000000	n/a	n/a	STATUS	n/a	n/a	D255
538.0680000000	n/a	n/a	STATUS	n/a	n/a	DI51
538.1200000000	n/a	n/a	STATUS	n/a	n/a	D255
538.4200000000	n/a	n/a	STATUS	n/a	n/a	DI31
538.4720000000	n/a	n/a	STATUS	n/a	n/a	D255
538.7280000000	n/a	n/a	STATUS	n/a	n/a	DIN5
538.7800000000	n/a	n/a	STATUS	n/a	n/a	D255
539.1880000000	n/a	n/a	STATUS	n/a	n/a	D253
539.2400000000	n/a	n/a	STATUS	n/a	n/a	D255
539.2760000000	n/a	n/a	STATUS	n/a	n/a	DI53
539.3280000000	n/a	n/a	STATUS	n/a	n/a	D255
539.6520000000	n/a	n/a	STATUS	n/a	n/a	DI43
539.7040000000	n/a	n/a	STATUS	n/a	n/a	D255
539.9600000000	n/a	n/a	STATUS	n/a	n/a	DIN5
540.0120000000	n/a	n/a	STATUS	n/a	n/a	D255
540.4400000000	n/a	n/a	STATUS	n/a	n/a	D191
540.4920000000	n/a	n/a	STATUS	n/a	n/a	D255
540.5280000000	n/a	n/a	STATUS	n/a	n/a	DI54
540.5800000000	n/a	n/a	STATUS	n/a	n/a	D255
540.9160000000	n/a	n/a	STATUS	n/a	n/a	DI34
540.9640000000	n/a	n/a	STATUS	n/a	n/a	D255
541.2240000000	n/a	n/a	STATUS	n/a	n/a	DIN5
541.2760000000	n/a	n/a	STATUS	n/a	n/a	D255
541.5800000000	n/a	n/a	STATUS	n/a	n/a	D119
541.6280000000	n/a	n/a	STATUS	n/a	n/a	D255
541.6680000000	n/a	n/a	STATUS	n/a	n/a	DI52
541.7160000000	n/a	n/a	STATUS	n/a	n/a	D255
542.0640000000	n/a	n/a	STATUS	n/a	n/a	DI42
542.1160000000	n/a	n/a	STATUS	n/a	n/a	D255
542.3760000000	n/a	n/a	STATUS	n/a	n/a	DIN5
542.4240000000	n/a	n/a	STATUS	n/a	n/a	D255
542.9240000000	n/a	n/a	STATUS	n/a	n/a	D105
542.9760000000	n/a	n/a	STATUS	n/a	n/a	D255
543.0120000000	n/a	n/a	STATUS	n/a	n/a	DI51
543.0640000000	n/a	n/a	STATUS	n/a	n/a	D255
543.4200000000	n/a	n/a	STATUS	n/a	n/a	DI31
543.4720000000	n/a	n/a	STATUS	n/a	n/a	D255
543.7280000000	n/a	n/a	STATUS	n/a	n/a	DIN5
543.7800000000	n/a	n/a	STATUS	n/a	n/a	D255
544.2600000000	n/a	n/a	STATUS	n/a	n/a	DI78
544.3080000000	n/a	n/a	STATUS	n/a	n/a	D255
544.3480000000	n/a	n/a	STATUS	n/a	n/a	DI52
544.3960000000	n/a	n/a	STATUS	n/a	n/a	D255
544.7840000000	n/a	n/a	STATUS	n/a	n/a	DI42
544.8360000000	n/a	n/a	STATUS	n/a	n/a	D255
545.0960000000	n/a	n/a	STATUS	n/a	n/a	DIN5
545.1440000000	n/a	n/a	STATUS	n/a	n/a	D255
545.5480000000	n/a	n/a	STATUS	n/a	n/a	D240
545.6000000000	n/a	n/a	STATUS	n/a	n/a	D255
545.6360000000	n/a	n/a	STATUS	n/a	n/a	DI54
545.6880000000	n/a	n/a	STATUS	n/a	n/a	D255
545.9600000000	n/a	n/a	STATUS	n/a	n/a	DI34
546.0080000000	n/a	n/a	STATUS	n/a	n/a	D255
546.2680000000	n/a	n/a	STATUS	n/a	n/a	DIN5
546.3160000000	n/a	n/a	STATUS	n/a	n/a	D255
546.6800000000	n/a	n/a	STATUS	n/a	n/a	D192
546.7320000000	n/a	n/a	STATUS	n/a	n/a	D255
546.7680000000	n/a	n/a	STATUS	n/a	n/a	DI54
546.8200000000	n/a	n/a	STATUS	n/a	n/a	D255
547.1960000000	n/a	n/a	STATUS	n/a	n/a	DI34
547.2480000000	n/a	n/a	STATUS	n/a	n/a	D255
547.5040000000	n/a	n/a	STATUS	n/a	n/a	DIN5
547.5560000000	n/a	n/a	STATUS	n/a	n/a	D255
548.0080000000	n/a	n/a	STATUS	n/a	n/a	D205
548.0600000000	n/a	n/a	STATUS	n/a	n/a	D255
548.0960000000	n/a	n/a	STATUS	n/a	n/a	DI53
548.1480000000	n/a	n/a	STATUS	n/a	n/a	D255
548.4160000000	n/a	n/a	STATUS	n/a	n/a	DI43
548.4640000000	n/a	n/a	STATUS	n/a	n/a	D255
548.7240000000	n/a	n/a	STATUS	n/a	n/a	DIN5
548.7760000000	n/a	n/a	STATUS	n/a	n/a	D255
549.2400000000	n/a	n/a	STATUS	n/a	n/a	DI82
549.2880000000	n/a	n/a	STATUS	n/a	n/a	D255
549.3280000000	n/a	n/a	STATUS	n/a	n/a	DI54
549.3760000000	n/a	n/a	STATUS	n/a	n/a	D255
549.6600000000	n/a	n/a	STATUS	n/a	n/a	DI34
549.7080000000	n/a	n/a	STATUS	n/a	n/a	D255
549.7080000000	n/a	n/a	STATUS	n/a	n/a	D227
549.9680000000	n/a	n/a	STATUS	n/a	n/a	DIN5
550.0200000000	n/a	n/a	STATUS	n/a	n/a	D255
550.4360000000	n/a	n/a	STATUS	n/a	n/a	D190
550.4880000000	n/a	n/a	STATUS	n/a	n/a	D255
550.5240000000	n/a	n/a	STATUS	n/a	n/a	DI53
550.5760000000	n/a	n/a	STATUS	n/a	n/a	D255
550.8640000000	n/a	n/a	STATUS	n/a	n/a	DI43
550.9160000000	n/a	n/a	STATUS	n/a	n/a	D255
551.1760000000	n/a	n/a	STATUS	n/a	n/a	DIN5
551.2240000000	n/a	n/a	STATUS	n/a	n/a	D255
551.6480000000	n/a	n/a	STATUS	n/a	n/a	DI96
551.7000000000	n/a	n/a	STATUS	n/a	n/a	D255
551.7360000000	n/a	n/a	STATUS	n/a	n/a	DI51
551.7880000000	n/a	n/a	STATUS	n/a	n/a	D255
552.1360000000	n/a	n/a	STATUS	n/a	n/a	DI31
552.1840000000	n/a	n/a	STATUS	n/a	n/a	D255
563.3320000000	n/a	n/a	STATUS	n/a	n/a	DIN5
563.3840000000	n/a	n/a	STATUS	n/a	n/a	D255
563.7880000000	n/a	n/a	STATUS	n/a	n/a	D116
563.8360000000	n/a	n/a	STATUS	n/a	n/a	D255
563.8760000000	n/a	n/a	STATUS	n/a	n/a	DI52
563.9280000000	n/a	n/a	STATUS	n/a	n/a	D255
564.2840000000	n/a	n/a	STATUS	n/a	n/a	DI42
564.3320000000	n/a	n/a	STATUS	n/a	n/a	D255
564.5920000000	n/a	n/a	STATUS	n/a	n/a	DIN5
564.6400000000	n/a	n/a	STATUS	n/a	n/a	D255
565.0560000000	n/a	n/a	STATUS	n/a	n/a	D206
565.1080000000	n/a	n/a	STATUS	n/a	n/a	D255
565.1440000000	n/a	n/a	STATUS	n/a	n/a	DI52
565.1960000000	n/a	n/a	STATUS	n/a	n/a	D255
565.5280000000	n/a	n/a	STATUS	n/a	n/a	DI42
565.5800000000	n/a	n/a	STATUS	n/a	n/a	D255
565.8400000000	n/a	n/a	STATUS	n/a	n/a	DIN5
565.8880000000	n/a	n/a	STATUS	n/a	n/a	D255
566.2640000000	n/a	n/a	STATUS	n/a	n/a	D211
566.3120000000	n/a	n/a	STATUS	n/a	n/a	D255
566.3520000000	n/a	n/a	STATUS	n/a	n/a	DI54
566.4000000000	n/a	n/a	STATUS	n/a	n/a	D255
566.6840000000	n/a	n/a	STATUS	n/a	n/a	DI34
566.7320000000	n/a	n/a	STATUS	n/a	n/a	D255
566.9920000000	n/a	n/a	STATUS	n/a	n/a	DIN5
567.0440000000	n/a	n/a	STATUS	n/a	n/a	D255
567.3680000000	n/a	n/a	STATUS	n/a	n/a	D145
567.4160000000	n/a	n/a	STATUS	n/a	n/a	D255
567.4560000000	n/a	n/a	STATUS	n/a	n/a	DI54
567.5040000000	n/a	n/a	STATUS	n/a	n/a	D255
567.7960000000	n/a	n/a	STATUS	n/a	n/a	DI34
567.8480000000	n/a	n/a	STATUS	n/a	n/a	D255
568.1080000000	n/a	n/a	STATUS	n/a	n/a	DIN5
568.1560000000	n/a	n/a	STATUS	n/a	n/a	D255
568.5560000000	n/a	n/a	STATUS	n/a	n/a	D132
568.6080000000	n/a	n/a	STATUS	n/a	n/a	D255
568.6440000000	n/a	n/a	STATUS	n/a	n/a	DI54
568.6960000000	n/a	n/a	STATUS	n/a	n/a	D255
568.9880000000	n/a	n/a	STATUS	n/a	n/a	DI34
569.0360000000	n/a	n/a	STATUS	n/a	n/a	D255
569.2960000000	n/a	n/a	STATUS	n/a	n/a	DIN5
569.3480000000	n/a	n/a	STATUS	n/a	n/a	D255
569.6720000000	n/a	n/a	STATUS	n/a	n/a	D188
569.7200000000	n/a	n/a	STATUS	n/a	n/a	D255
569.7600000000	n/a	n/a	STATUS	n/a	n/a	DI51
569.8080000000	n/a	n/a	STATUS	n/a	n/a	D255
570.2920000000	n/a	n/a	STATUS	n/a	n/a	DI31
570.3440000000	n/a	n/a	STATUS	n/a	n/a	D255
570.6000000000	n/a	n/a	STATUS	n/a	n/a	DIN5
570.6520000000	n/a	n/a	STATUS	n/a	n/a	D255
571.0000000000	n/a	n/a	STATUS	n/a	n/a	D165
571.0520000000	n/a	n/a	STATUS	n/a	n/a	D255
571.0880000000	n/a	n/a	STATUS	n/a	n/a	DI54
571.1400000000	n/a	n/a	STATUS	n/a	n/a	D255
571.3760000000	n/a	n/a	STATUS	n/a	n/a	DI34
571.4280000000	n/a	n/a	STATUS	n/a	n/a	D255
571.6840000000	n/a	n/a	STATUS	n/a	n/a	DIN5
571.7360000000	n/a	n/a	STATUS	n/a	n/a	D255
572.0560000000	n/a	n/a	STATUS	n/a	n/a	D194
572.1040000000	n/a	n/a	STATUS	n/a	n/a	D255
572.1440000000	n/a	n/a	STATUS	n/a	n/a	DI53
572.1920000000	n/a	n/a	STATUS	n/a	n/a	D255
572.4680000000	n/a	n/a	STATUS	n/a	n/a	DI43
572.5160000000	n/a	n/a	STATUS	n/a	n/a	D255
572.7760000000	n/a	n/a	STATUS	n/a	n/a	DIN5
572.8280000000	n/a	n/a	STATUS	n/a	n/a	D255
573.1680000000	n/a	n/a	STATUS	n/a	n/a	DI85
573.2160000000	n/a	n/a	STATUS	n/a	n/a	D255
573.2520000000	n/a	n/a	STATUS	n/a	n/a	DI52
573.3040000000	n/a	n/a	STATUS	n/a	n/a	D255
573.6880000000	n/a	n/a	STATUS	n/a	n/a	DI42
573.7400000000	n/a	n/a	STATUS	n/a	n/a	D255
574.0000000000	n/a	n/a	STATUS	n/a	n/a	DIN5
574.0480000000	n/a	n/a	STATUS	n/a	n/a	D255
574.4280000000	n/a	n/a	STATUS	n/a	n/a	D167
574.4800000000	n/a	n/a	STATUS	n/a	n/a	D255
574.5160000000	n/a	n/a	STATUS	n/a	n/a	DI51
574.5680000000	n/a	n/a	STATUS	n/a	n/a	D255
574.9600000000	n/a	n/a	STATUS	n/a	n/a	DI31
575.0120000000	n/a	n/a	STATUS	n/a	n/a	D255
575.2680000000	n/a	n/a	STATUS	n/a	n/a	DIN5
575.3200000000	n/a	n/a	STATUS	n/a	n/a	D255
575.6280000000	n/a	n/a	STATUS	n/a	n/a	D202
575.6800000000	n/a	n/a	STATUS	n/a	n/a	D255
575.7160000000	n/a	n/a	STATUS	n/a	n/a	DI51
575.7680000000	n/a	n/a	STATUS	n/a	n/a	D255
576.1600000000	n/a	n/a	STATUS	n/a	n/a	DI31
576.2080000000	n/a	n/a	STATUS	n/a	n/a	D255
576.4680000000	n/a	n/a	STATUS	n/a	n/a	DIN5
576.5200000000	n/a	n/a	STATUS	n/a	n/a	D255
576.9680000000	n/a	n/a	STATUS	n/a	n/a	DI66
577.0200000000	n/a	n/a	STATUS	n/a	n/a	D255
577.0560000000	n/a	n/a	STATUS	n/a	n/a	DI53
577.1080000000	n/a	n/a	STATUS	n/a	n/a	D255
577.3920000000	n/a	n/a	STATUS	n/a	n/a	DI43
577.4400000000	n/a	n/a	STATUS	n/a	n/a	D255
577.7000000000	n/a	n/a	STATUS	n/a	n/a	DIN5
577.7480000000	n/a	n/a	STATUS	n/a	n/a	D255
578.0560000000	n/a	n/a	STATUS	n/a	n/a	D108
578.1040000000	n/a	n/a	STATUS	n/a	n/a	D255
578.1400000000	n/a	n/a	STATUS	n/a	n/a	DI51
578.1920000000	n/a	n/a	STATUS	n/a	n/a	D255
578.5360000000	n/a	n/a	STATUS	n/a	n/a	DI31
578.5880000000	n/a	n/a	STATUS	n/a	n/a	D255
578.8480000000	n/a	n/a	STATUS	n/a	n/a	DIN5
578.8960000000	n/a	n/a	STATUS	n/a	n/a	D255
579.2600000000	n/a	n/a	STATUS	n/a	n/a	DI82
579.3120000000	n/a	n/a	STATUS	n/a	n/a	D255
579.3480000000	n/a	n/a	STATUS	n/a	n/a	DI53
579.4000000000	n/a	n/a	STATUS	n/a	n/a	D255
579.6720000000	n/a	n/a	STATUS	n/a	n/a	DI43
579.7240000000	n/a	n/a	STATUS	n/a	n/a	D255
579.9800000000	n/a	n/a	STATUS	n/a	n/a	DIN5
580.0320000000	n/a	n/a	STATUS	n/a	n/a	D255
580.4160000000	n/a	n/a	STATUS	n/a	n/a	DI91
580.4640000000	n/a	n/a	STATUS	n/a	n/a	D255
580.5040000000	n/a	n/a	STATUS	n/a	n/a	DI52
580.5520000000	n/a	n/a	STATUS	n/a	n/a	D255
581.0240000000	n/a	n/a	STATUS	n/a	n/a	DI42
581.0720000000	n/a	n/a	STATUS	n/a	n/a	D255
581.3320000000	n/a	n/a	STATUS	n/a	n/a	DIN5
581.3800000000	n/a	n/a	STATUS	n/a	n/a	D255
581.8320000000	n/a	n/a	STATUS	n/a	n/a	D162
581.8800000000	n/a	n/a	STATUS	n/a	n/a	D255
581.9160000000	n/a	n/a	STATUS	n/a	n/a	DI53
581.9680000000	n/a	n/a	STATUS	n/a	n/a	D255
582.2320000000	n/a	n/a	STATUS	n/a	n/a	DI43
582.2840000000	n/a	n/a	STATUS	n/a	n/a	D255
582.5440000000	n/a	n/a	STATUS	n/a	n/a	DIN5
582.5920000000	n/a	n/a	STATUS	n/a	n/a	D255
582.8960000000	n/a	n/a	STATUS	n/a	n/a	D247
582.9480000000	n/a	n/a	STATUS	n/a	n/a	D255
582.9840000000	n/a	n/a	STATUS	n/a	n/a	DI53
583.0360000000	n/a	n/a	STATUS	n/a	n/a	D255
583.3760000000	n/a	n/a	STATUS	n/a	n/a	DI43
583.4280000000	n/a	n/a	STATUS	n/a	n/a	D255
583.6840000000	n/a	n/a	STATUS	n/a	n/a	DIN5
583.7360000000	n/a	n/a	STATUS	n/a	n/a	D255
584.1280000000	n/a	n/a	STATUS	n/a	n/a	D227
584.1800000000	n/a	n/a	STATUS	n/a	n/a	D255
584.2160000000	n/a	n/a	STATUS	n/a	n/a	DI53
584.2680000000	n/a	n/a	STATUS	n/a	n/a	D255
584.5200000000	n/a	n/a	STATUS	n/a	n/a	DI43
584.5680000000	n/a	n/a	STATUS	n/a	n/a	D255
584.8280000000	n/a	n/a	STATUS	n/a	n/a	DIN5
584.8800000000	n/a	n/a	STATUS	n/a	n/a	D255
585.2240000000	n/a	n/a	STATUS	n/a	n/a	DI99
585.2720000000	n/a	n/a	STATUS	n/a	n/a	D255
585.3120000000	n/a	n/a	STATUS	n/a	n/a	DI54
585.3600000000	n/a	n/a	STATUS	n/a	n/a	D255
585.6720000000	n/a	n/a	STATUS	n/a	n/a	DI34
585.7200000000	n/a	n/a	STATUS	n/a	n/a	D255
585.9800000000	n/a	n/a	STATUS	n/a	n/a	DIN5
586.0320000000	n/a	n/a	STATUS	n/a	n/a	D255
586.3760000000	n/a	n/a	STATUS	n/a	n/a	D187
586.4240000000	n/a	n/a	STATUS	n/a	n/a	D255
586.4600000000	n/a	n/a	STATUS	n/a	n/a	DI54
586.5120000000	n/a	n/a	STATUS	n/a	n/a	D255
586.9080000000	n/a	n/a	STATUS	n/a	n/a	DI34
586.9600000000	n/a	n/a	STATUS	n/a	n/a	D255
587.2200000000	n/a	n/a	STATUS	n/a	n/a	DIN5
587.2680000000	n/a	n/a	STATUS	n/a	n/a	D255
587.6720000000	n/a	n/a	STATUS	n/a	n/a	D115
587.7240000000	n/a	n/a	STATUS	n/a	n/a	D255
587.7600000000	n/a	n/a	STATUS	n/a	n/a	DI52
587.8120000000	n/a	n/a	STATUS	n/a	n/a	D255
588.1680000000	n/a	n/a	STATUS	n/a	n/a	DI42
588.2200000000	n/a	n/a	STATUS	n/a	n/a	D255
588.4800000000	n/a	n/a	STATUS	n/a	n/a	DIN5
588.5280000000	n/a	n/a	STATUS	n/a	n/a	D255
588.8640000000	n/a	n/a	STATUS	n/a	n/a	DI76
588.9120000000	n/a	n/a	STATUS	n/a	n/a	D255
588.9520000000	n/a	n/a	STATUS	n/a	n/a	DI51
589.0000000000	n/a	n/a	STATUS	n/a	n/a	D255
589.3680000000	n/a	n/a	STATUS	n/a	n/a	DI31
589.4200000000	n/a	n/a	STATUS	n/a	n/a	D255
589.6800000000	n/a	n/a	STATUS	n/a	n/a	DIN5
589.7280000000	n/a	n/a	STATUS	n/a	n/a	D255
590.0840000000	n/a	n/a	STATUS	n/a	n/a	D117
590.1320000000	n/a	n/a	STATUS	n/a	n/a	D255
590.1720000000	n/a	n/a	STATUS	n/a	n/a	DI51
590.2200000000	n/a	n/a	STATUS	n/a	n/a	D255
590.5040000000	n/a	n/a	STATUS	n/a	n/a	DI21
590.5560000000	n/a	n/a	STATUS	n/a	n/a	D255
590.5600000000	n/a	n/a	STATUS	n/a	n/a	DIN4
590.6120000000	n/a	n/a	STATUS	n/a	n/a	D255
591.3640000000	n/a	n/a	STATUS	n/a	n/a	DIN5
591.4160000000	n/a	n/a	STATUS	n/a	n/a	D255
591.7400000000	n/a	n/a	STATUS	n/a	n/a	D197
591.7920000000	n/a	n/a	STATUS	n/a	n/a	D255
591.8280000000	n/a	n/a	STATUS	n/a	n/a	DI52
591.8760000000	n/a	n/a	STATUS	n/a	n/a	D255
592.2640000000	n/a	n/a	STATUS	n/a	n/a	DI42
592.3160000000	n/a	n/a	STATUS	n/a	n/a	D255
592.5760000000	n/a	n/a	STATUS	n/a	n/a	DIN5
592.6240000000	n/a	n/a	STATUS	n/a	n/a	D255
592.9600000000	n/a	n/a	STATUS	n/a	n/a	D161
593.0080000000	n/a	n/a	STATUS	n/a	n/a	D255
593.0480000000	n/a	n/a	STATUS	n/a	n/a	DI54
593.0960000000	n/a	n/a	STATUS	n/a	n/a	D255
593.5320000000	n/a	n/a	STATUS	n/a	n/a	DI34
593.5840000000	n/a	n/a	STATUS	n/a	n/a	D255
593.8440000000	n/a	n/a	STATUS	n/a	n/a	DIN5
593.8920000000	n/a	n/a	STATUS	n/a	n/a	D255
594.3120000000	n/a	n/a	STATUS	n/a	n/a	D134
594.3640000000	n/a	n/a	STATUS	n/a	n/a	D255
594.4000000000	n/a	n/a	STATUS	n/a	n/a	DI54
594.4520000000	n/a	n/a	STATUS	n/a	n/a	D255
594.7840000000	n/a	n/a	STATUS	n/a	n/a	DI34
594.8320000000	n/a	n/a	STATUS	n/a	n/a	D255
595.0920000000	n/a	n/a	STATUS	n/a	n/a	DIN5
595.1440000000	n/a	n/a	STATUS	n/a	n/a	D255
595.6320000000	n/a	n/a	STATUS	n/a	n/a	D190
595.6840000000	n/a	n/a	STATUS	n/a	n/a	D255
595.7200000000	n/a	n/a	STATUS	n/a	n/a	DI53
595.7720000000	n/a	n/a	STATUS	n/a	n/a	D255
596.8000000000	n/a	n/a	STATUS	n/a	n/a	DIN3
596.8480000000	n/a	n/a	STATUS	n/a	n/a	D255
597.6040000000	n/a	n/a	STATUS	n/a	n/a	DIN5
597.6560000000	n/a	n/a	STATUS	n/a	n/a	D255
597.9800000000	n/a	n/a	STATUS	n/a	n/a	D239
598.0280000000	n/a	n/a	STATUS	n/a	n/a	D255
598.0680000000	n/a	n/a	STATUS	n/a	n/a	DI54
598.1160000000	n/a	n/a	STATUS	n/a	n/a	D255
598.5040000000	n/a	n/a	STATUS	n/a	n/a	DI34
598.5520000000	n/a	n/a	STATUS	n/a	n/a	D255
598.8120000000	n/a	n/a	STATUS	n/a	n/a	DIN5
598.8600000000	n/a	n/a	STATUS	n/a	n/a	D255
599.3320000000	n/a	n/a	STATUS	n/a	n/a	D175
599.3800000000	n/a	n/a	STATUS	n/a	n/a	D255
599.4200000000	n/a	n/a	STATUS	n/a	n/a	DI52
599.4680000000	n/a	n/a	STATUS	n/a	n/a	D255
599.8080000000	n/a	n/a	STATUS	n/a	n/a	DI42
599.8560000000	n/a	n/a	STATUS	n/a	n/a	D255
600.1160000000	n/a	n/a	STATUS	n/a	n/a	DIN5
600.1640000000	n/a	n/a	STATUS	n/a	n/a	D255
600.5040000000	n/a	n/a	STATUS	n/a	n/a	D233
600.5560000000	n/a	n/a	STATUS	n/a	n/a	D255
600.5920000000	n/a	n/a	STATUS	n/a	n/a	DI51
600.6440000000	n/a	n/a	STATUS	n/a	n/a	D255
601.2960000000	n/a	n/a	STATUS	n/a	n/a	DI21
601.3480000000	n/a	n/a	STATUS	n/a	n/a	D255
601.3520000000	n/a	n/a	STATUS	n/a	n/a	DIN4
601.4000000000	n/a	n/a	STATUS	n/a	n/a	D255
602.1560000000	n/a	n/a	STATUS	n/a	n/a	DIN5
602.2080000000	n/a	n/a	STATUS	n/a	n/a	D255
602.6480000000	n/a	n/a	STATUS	n/a	n/a	D212
602.6960000000	n/a	n/a	STATUS	n/a	n/a	D255
602.7360000000	n/a	n/a	STATUS	n/a	n/a	DI52
602.7840000000	n/a	n/a	STATUS	n/a	n/a	D255
603.1600000000	n/a	n/a	STATUS	n/a	n/a	DI42
603.2120000000	n/a	n/a	STATUS	n/a	n/a	D255
603.4680000000	n/a	n/a	STATUS	n/a	n/a	DIN5
603.5200000000	n/a	n/a	STATUS	n/a	n/a	D255
603.9280000000	n/a	n/a	STATUS	n/a	n/a	D236
603.9800000000	n/a	n/a	STATUS	n/a	n/a	D255
604.0160000000	n/a	n/a	STATUS	n/a	n/a	DI54
604.0680000000	n/a	n/a	STATUS	n/a	n/a	D255
604.3600000000	n/a	n/a	STATUS	n/a	n/a	DI34
604.4120000000	n/a	n/a	STATUS	n/a	n/a	D255
604.6720000000	n/a	n/a	STATUS	n/a	n/a	DIN5
604.7200000000	n/a	n/a	STATUS	n/a	n/a	D255
605.1000000000	n/a	n/a	STATUS	n/a	n/a	D127
605.1480000000	n/a	n/a	STATUS	n/a	n/a	D255
605.1880000000	n/a	n/a	STATUS	n/a	n/a	DI52
605.2360000000	n/a	n/a	STATUS	n/a	n/a	D255
605.6160000000	n/a	n/a	STATUS	n/a	n/a	DI42
605.6640000000	n/a	n/a	STATUS	n/a	n/a	D255
605.9240000000	n/a	n/a	STATUS	n/a	n/a	DIN5
605.9720000000	n/a	n/a	STATUS	n/a	n/a	D255
606.2960000000	n/a	n/a	STATUS	n/a	n/a	D100
606.3480000000	n/a	n/a	STATUS	n/a	n/a	D255
606.3840000000	n/a	n/a	STATUS	n/a	n/a	DI53
606.4360000000	n/a	n/a	STATUS	n/a	n/a	D255
606.7280000000	n/a	n/a	STATUS	n/a	n/a	DI43
606.7760000000	n/a	n/a	STATUS	n/a	n/a	D255
607.0360000000	n/a	n/a	STATUS	n/a	n/a	DIN5
607.0880000000	n/a	n/a	STATUS	n/a	n/a	D255
607.4400000000	n/a	n/a	STATUS	n/a	n/a	D215
607.4920000000	n/a	n/a	STATUS	n/a	n/a	D255
607.5280000000	n/a	n/a	STATUS	n/a	n/a	DI53
607.5800000000	n/a	n/a	STATUS	n/a	n/a	D255
607.9120000000	n/a	n/a	STATUS	n/a	n/a	DI43
607.9600000000	n/a	n/a	STATUS	n/a	n/a	D255
608.2200000000	n/a	n/a	STATUS	n/a	n/a	DIN5
608.2680000000	n/a	n/a	STATUS	n/a	n/a	D255
608.6960000000	n/a	n/a	STATUS	n/a	n/a	D226
608.7440000000	n/a	n/a	STATUS	n/a	n/a	D255
608.7840000000	n/a	n/a	STATUS	n/a	n/a	DI52
608.8320000000	n/a	n/a	STATUS	n/a	n/a	D255
609.1880000000	n/a	n/a	STATUS	n/a	n/a	DI42
609.2400000000	n/a	n/a	STATUS	n/a	n/a	D255
609.4960000000	n/a	n/a	STATUS	n/a	n/a	DIN5
609.5480000000	n/a	n/a	STATUS	n/a	n/a	D255
610.0360000000	n/a	n/a	STATUS	n/a	n/a	D102
610.0880000000	n/a	n/a	STATUS	n/a	n/a	D255
610.1240000000	n/a	n/a	STATUS	n/a	n/a	DI51
610.1760000000	n/a	n/a	STATUS	n/a	n/a	D255
610.4400000000	n/a	n/a	STATUS	n/a	n/a	DI21
610.4920000000	n/a	n/a	STATUS	n/a	n/a	D255
610.4960000000	n/a	n/a	STATUS	n/a	n/a	DIN4
610.5440000000	n/a	n/a	STATUS	n/a	n/a	D255
611.3000000000	n/a	n/a	STATUS	n/a	n/a	DIN5
611.3520000000	n/a	n/a	STATUS	n/a	n/a	D255
611.8160000000	n/a	n/a	STATUS	n/a	n/a	D237
611.8640000000	n/a	n/a	STATUS	n/a	n/a	D255
611.9000000000	n/a	n/a	STATUS	n/a	n/a	DI51
611.9520000000	n/a	n/a	STATUS	n/a	n/a	D255
612.4760000000	n/a	n/a	STATUS	n/a	n/a	DI31
612.5280000000	n/a	n/a	STATUS	n/a	n/a	D255
612.7840000000	n/a	n/a	STATUS	n/a	n/a	DIN5
612.8360000000	n/a	n/a	STATUS	n/a	n/a	D255
613.1760000000	n/a	n/a	STATUS	n/a	n/a	DI75
613.2240000000	n/a	n/a	STATUS	n/a	n/a	D255
613.2640000000	n/a	n/a	STATUS	n/a	n/a	DI54
613.3120000000	n/a	n/a	STATUS	n/a	n/a	D255
613.6480000000	n/a	n/a	STATUS	n/a	n/a	DI34
613.6960000000	n/a	n/a	STATUS	n/a	n/a	D255
613.9560000000	n/a	n/a	STATUS	n/a	n/a	DIN5
614.0080000000	n/a	n/a	STATUS	n/a	n/a	D255
614.4600000000	n/a	n/a	STATUS	n/a	n/a	D159
614.5120000000	n/a	n/a	STATUS	n/a	n/a	D255
614.5480000000	n/a	n/a	STATUS	n/a	n/a	DI51
614.6000000000	n/a	n/a	STATUS	n/a	n/a	D255
614.9760000000	n/a	n/a	STATUS	n/a	n/a	DI31
615.0280000000	n/a	n/a	STATUS	n/a	n/a	D255
615.2840000000	n/a	n/a	STATUS	n/a	n/a	DIN5
615.3360000000	n/a	n/a	STATUS	n/a	n/a	D255
615.6480000000	n/a	n/a	STATUS	n/a	n/a	D114
615.7000000000	n/a	n/a	STATUS	n/a	n/a	D255
615.7360000000	n/a	n/a	STATUS	n/a	n/a	DI51
615.7880000000	n/a	n/a	STATUS	n/a	n/a	D255
616.0920000000	n/a	n/a	STATUS	n/a	n/a	DI31
616.1440000000	n/a	n/a	STATUS	n/a	n/a	D255
616.4000000000	n/a	n/a	STATUS	n/a	n/a	DIN5
616.4520000000	n/a	n/a	STATUS	n/a	n/a	D255
616.8200000000	n/a	n/a	STATUS	n/a	n/a	D183
616.8720000000	n/a	n/a	STATUS	n/a	n/a	D255
616.9080000000	n/a	n/a	STATUS	n/a	n/a	DI53
616.9600000000	n/a	n/a	STATUS	n/a	n/a	D255
617.2520000000	n/a	n/a	STATUS	n/a	n/a	DI13
617.3040000000	n/a	n/a	STATUS	n/a	n/a	D255
617.3080000000	n/a	n/a	STATUS	n/a	n/a	DIN4
617.3600000000	n/a	n/a	STATUS	n/a	n/a	D255
618.1120000000	n/a	n/a	STATUS	n/a	n/a	DIN5
618.1640000000	n/a	n/a	STATUS	n/a	n/a	D255
618.5760000000	n/a	n/a	STATUS	n/a	n/a	D241
618.6280000000	n/a	n/a	STATUS	n/a	n/a	D255
618.6640000000	n/a	n/a	STATUS	n/a	n/a	DI54
618.7160000000	n/a	n/a	STATUS	n/a	n/a	D255
619.0160000000	n/a	n/a	STATUS	n/a	n/a	DI34
619.0680000000	n/a	n/a	STATUS	n/a	n/a	D255
619.3240000000	n/a	n/a	STATUS	n/a	n/a	DIN5
619.3760000000	n/a	n/a	STATUS	n/a	n/a	D255
619.8440000000	n/a	n/a	STATUS	n/a	n/a	D213
619.8960000000	n/a	n/a	STATUS	n/a	n/a	D255
619.9320000000	n/a	n/a	STATUS	n/a	n/a	DI54
619.9840000000	n/a	n/a	STATUS	n/a	n/a	D255
620.2760000000	n/a	n/a	STATUS	n/a	n/a	DI34
620.3280000000	n/a	n/a	STATUS	n/a	n/a	D255
620.5840000000	n/a	n/a	STATUS	n/a	n/a	DIN5
620.6360000000	n/a	n/a	STATUS	n/a	n/a	D255
621.0400000000	n/a	n/a	STATUS	n/a	n/a	D160
621.0920000000	n/a	n/a	STATUS	n/a	n/a	D255
621.1280000000	n/a	n/a	STATUS	n/a	n/a	DI51
621.1760000000	n/a	n/a	STATUS	n/a	n/a	D255
622.2040000000	n/a	n/a	STATUS	n/a	n/a	DIN3
622.2560000000	n/a	n/a	STATUS	n/a	n/a	D255
623.0120000000	n/a	n/a	STATUS	n/a	n/a	DIN5
623.0600000000	n/a	n/a	STATUS	n/a	n/a	D255
623.5240000000	n/a	n/a	STATUS	n/a	n/a	D231
623.5760000000	n/a	n/a	STATUS	n/a	n/a	D255
623.6120000000	n/a	n/a	STATUS	n/a	n/a	DI52
623.6640000000	n/a	n/a	STATUS	n/a	n/a	D255
624.0600000000	n/a	n/a	STATUS	n/a	n/a	DI42
624.1080000000	n/a	n/a	STATUS	n/a	n/a	D255
624.3680000000	n/a	n/a	STATUS	n/a	n/a	DIN5
624.4200000000	n/a	n/a	STATUS	n/a	n/a	D255
624.8120000000	n/a	n/a	STATUS	n/a	n/a	D186
624.8640000000	n/a	n/a	STATUS	n/a	n/a	D255
624.9000000000	n/a	n/a	STATUS	n/a	n/a	DI54
624.9480000000	n/a	n/a	STATUS	n/a	n/a	D255
625.4040000000	n/a	n/a	STATUS	n/a	n/a	DI34
625.4560000000	n/a	n/a	STATUS	n/a	n/a	D255
625.7120000000	n/a	n/a	STATUS	n/a	n/a	DIN5
625.7640000000	n/a	n/a	STATUS	n/a	n/a	D255
626.2040000000	n/a	n/a	STATUS	n/a	n/a	D234
626.2520000000	n/a	n/a	STATUS	n/a	n/a	D255
626.2920000000	n/a	n/a	STATUS	n/a	n/a	DI53
626.3400000000	n/a	n/a	STATUS	n/a	n/a	D255
626.6040000000	n/a	n/a	STATUS	n/a	n/a	DI43
626.6520000000	n/a	n/a	STATUS	n/a	n/a	D255
626.9120000000	n/a	n/a	STATUS	n/a	n/a	DIN5
626.9640000000	n/a	n/a	STATUS	n/a	n/a	D255
627.3440000000	n/a	n/a	STATUS	n/a	n/a	DI80
627.3920000000	n/a	n/a	STATUS	n/a	n/a	D255
627.4320000000	n/a	n/a	STATUS	n/a	n/a	DI54
627.4800000000	n/a	n/a	STATUS	n/a	n/a	D255
627.8240000000	n/a	n/a	STATUS	n/a	n/a	DI34
627.8720000000	n/a	n/a	STATUS	n/a	n/a	D255
628.1320000000	n/a	n/a	STATUS	n/a	n/a	DIN5
628.1840000000	n/a	n/a	STATUS	n/a	n/a	D255
628.6080000000	n/a	n/a	STATUS	n/a	n/a	D222
628.6560000000	n/a	n/a	STATUS	n/a	n/a	D255
628.6920000000	n/a	n/a	STATUS	n/a	n/a	DI54
628.7440000000	n/a	n/a	STATUS	n/a	n/a	D255
629.0640000000	n/a	n/a	STATUS	n/a	n/a	DI34
629.1120000000	n/a	n/a	STATUS	n/a	n/a	D255
629.3720000000	n/a	n/a	STATUS	n/a	n/a	DIN5
629.4240000000	n/a	n/a	STATUS	n/a	n/a	D255
629.8960000000	n/a	n/a	STATUS	n/a	n/a	D230
629.9480000000	n/a	n/a	STATUS	n/a	n/a	D255
629.9840000000	n/a	n/a	STATUS	n/a	n/a	DI53
630.0360000000	n/a	n/a	STATUS	n/a	n/a	D255
630.3200000000	n/a	n/a	STATUS	n/a	n/a	DI43
630.3720000000	n/a	n/a	STATUS	n/a	n/a	D255
630.6280000000	n/a	n/a	STATUS	n/a	n/a	DIN5
630.6800000000	n/a	n/a	STATUS	n/a	n/a	D255
631.1800000000	n/a	n/a	STATUS	n/a	n/a	D150
631.2280000000	n/a	n/a	STATUS	n/a	n/a	D255
631.2680000000	n/a	n/a	STATUS	n/a	n/a	DI51
631.3200000000	n/a	n/a	STATUS	n/a	n/a	D255
631.7080000000	n/a	n/a	STATUS	n/a	n/a	DI31
631.7600000000	n/a	n/a	STATUS	n/a	n/a	D255
632.0200000000	n/a	n/a	STATUS	n/a	n/a	DIN5
632.0680000000	n/a	n/a	STATUS	n/a	n/a	D255
632.5440000000	n/a	n/a	STATUS	n/a	n/a	D217
632.5920000000	n/a	n/a	STATUS	n/a	n/a	D255
632.6320000000	n/a	n/a	STATUS	n/a	n/a	DI52
632.6800000000	n/a	n/a	STATUS	n/a	n/a	D255
633.0640000000	n/a	n/a	STATUS	n/a	n/a	DI42
633.1160000000	n/a	n/a	STATUS	n/a	n/a	D255
633.3760000000	n/a	n/a	STATUS	n/a	n/a	DIN5
633.4240000000	n/a	n/a	STATUS	n/a	n/a	D255
633.8720000000	n/a	n/a	STATUS	n/a	n/a	D193
633.9240000000	n/a	n/a	STATUS	n/a	n/a	D255
633.9600000000	n/a	n/a	STATUS	n/a	n/a	DI52
634.0120000000	n/a	n/a	STATUS	n/a	n/a	D255
634.4200000000	n/a	n/a	STATUS	n/a	n/a	DI42
634.4720000000	n/a	n/a	STATUS	n/a	n/a	D255
634.7280000000	n/a	n/a	STATUS	n/a	n/a	DIN5
634.7800000000	n/a	n/a	STATUS	n/a	n/a	D255
635.0880000000	n/a	n/a	STATUS	n/a	n/a	D105
635.1400000000	n/a	n/a	STATUS	n/a	n/a	D255
635.1760000000	n/a	n/a	STATUS	n/a	n/a	DI51
635.2280000000	n/a	n/a	STATUS	n/a	n/a	D255
635.6240000000	n/a	n/a	STATUS	n/a	n/a	DI31
635.6760000000	n/a	n/a	STATUS	n/a	n/a	D255
635.9320000000	n/a	n/a	STATUS	n/a	n/a	DIN5
635.9840000000	n/a	n/a	STATUS	n/a	n/a	D255
636.4080000000	n/a	n/a	STATUS	n/a	n/a	D146
636.4600000000	n/a	n/a	STATUS	n/a	n/a	D255
636.4960000000	n/a	n/a	STATUS	n/a	n/a	DI54
636.5440000000	n/a	n/a	STATUS	n/a	n/a	D255
636.9200000000	n/a	n/a	STATUS	n/a	n/a	DI34
636.9720000000	n/a	n/a	STATUS	n/a	n/a	D255
637.2280000000	n/a	n/a	STATUS	n/a	n/a	DIN5
637.2800000000	n/a	n/a	STATUS	n/a	n/a	D255
637.6880000000	n/a	n/a	STATUS	n/a	n/a	DI90
637.7400000000	n/a	n/a	STATUS	n/a	n/a	D255
637.7760000000	n/a	n/a	STATUS	n/a	n/a	DI53
637.8280000000	n/a	n/a	STATUS	n/a	n/a	D255
638.1400000000	n/a	n/a	STATUS	n/a	n/a	DI43
638.1920000000	n/a	n/a	STATUS	n/a	n/a	D255
638.4480000000	n/a	n/a	STATUS	n/a	n/a	DIN5
638.5000000000	n/a	n/a	STATUS	n/a	n/a	D255
638.9880000000	n/a	n/a	STATUS	n/a	n/a	DI95
639.0400000000	n/a	n/a	STATUS	n/a	n/a	D255
639.0760000000	n/a	n/a	STATUS	n/a	n/a	DI51
639.1280000000	n/a	n/a	STATUS	n/a	n/a	D255
639.4920000000	n/a	n/a	STATUS	n/a	n/a	DI31
639.5440000000	n/a	n/a	STATUS	n/a	n/a	D255
639.8000000000	n/a	n/a	STATUS	n/a	n/a	DIN5
639.8520000000	n/a	n/a	STATUS	n/a	n/a	D255
640.2360000000	n/a	n/a	STATUS	n/a	n/a	D166
640.2880000000	n/a	n/a	STATUS	n/a	n/a	D255
640.3240000000	n/a	n/a	STATUS	n/a	n/a	DI51
640.3760000000	n/a	n/a	STATUS	n/a	n/a	D255
640.8320000000	n/a	n/a	STATUS	n/a	n/a	DI31
640.8800000000	n/a	n/a	STATUS	n/a	n/a	D255
641.1400000000	n/a	n/a	STATUS	n/a	n/a	DIN5
641.1920000000	n/a	n/a	STATUS	n/a	n/a	D255
641.6200000000	n/a	n/a	STATUS	n/a	n/a	D199
641.6680000000	n/a	n/a	STATUS	n/a	n/a	D255
641.7080000000	n/a	n/a	STATUS	n/a	n/a	DI54
641.7560000000	n/a	n/a	STATUS	n/a	n/a	D255
642.0600000000	n/a	n/a	STATUS	n/a	n/a	DI34
642.1120000000	n/a	n/a	STATUS	n/a	n/a	D255
642.3680000000	n/a	n/a	STATUS	n/a	n/a	DIN5
642.4200000000	n/a	n/a	STATUS	n/a	n/a	D255
642.7240000000	n/a	n/a	STATUS	n/a	n/a	D196
642.7760000000	n/a	n/a	STATUS	n/a	n/a	D255
642.8120000000	n/a	n/a	STATUS	n/a	n/a	DI52
642.8640000000	n/a	n/a	STATUS	n/a	n/a	D255
643.2480000000	n/a	n/a	STATUS	n/a	n/a	DI42
643.3000000000	n/a	n/a	STATUS	n/a	n/a	D255
643.5560000000	n/a	n/a	STATUS	n/a	n/a	DIN5
643.6080000000	n/a	n/a	STATUS	n/a	n/a	D255
643.9520000000	n/a	n/a	STATUS	n/a	n/a	DI78
644.0000000000	n/a	n/a	STATUS	n/a	n/a	D255
644.0400000000	n/a	n/a	STATUS	n/a	n/a	DI52
644.0880000000	n/a	n/a	STATUS	n/a	n/a	D255
644.4440000000	n/a	n/a	STATUS	n/a	n/a	DI42
644.4960000000	n/a	n/a	STATUS	n/a	n/a	D255
644.7560000000	n/a	n/a	STATUS	n/a	n/a	DIN5
644.8040000000	n/a	n/a	STATUS	n/a	n/a	D255
645.2360000000	n/a	n/a	STATUS	n/a	n/a	D174
645.2840000000	n/a	n/a	STATUS	n/a	n/a	D255
645.3200000000	n/a	n/a	STATUS	n/a	n/a	DI53
645.3720000000	n/a	n/a	STATUS	n/a	n/a	D255
645.6720000000	n/a	n/a	STATUS	n/a	n/a	DI43
645.7240000000	n/a	n/a	STATUS	n/a	n/a	D255
645.9800000000	n/a	n/a	STATUS	n/a	n/a	DIN5
646.0320000000	n/a	n/a	STATUS	n/a	n/a	D255
646.3480000000	n/a	n/a	STATUS	n/a	n/a	DI94
646.3960000000	n/a	n/a	STATUS	n/a	n/a	D255
646.4320000000	n/a	n/a	STATUS	n/a	n/a	DI51
646.4840000000	n/a	n/a	STATUS	n/a	n/a	D255
646.9280000000	n/a	n/a	STATUS	n/a	n/a	DI31
646.9800000000	n/a	n/a	STATUS	n/a	n/a	D255
647.2360000000	n/a	n/a	STATUS	n/a	n/a	DIN5
647.2880000000	n/a	n/a	STATUS	n/a	n/a	D255
647.6920000000	n/a	n/a	STATUS	n/a	n/a	DI98
647.7440000000	n/a	n/a	STATUS	n/a	n/a	D255
647.7800000000	n/a	n/a	STATUS	n/a	n/a	DI54
647.8320000000	n/a	n/a	STATUS	n/a	n/a	D255
648.1040000000	n/a	n/a	STATUS	n/a	n/a	DI34
648.1520000000	n/a	n/a	STATUS	n/a	n/a	D255
648.4120000000	n/a	n/a	STATUS	n/a	n/a	DIN5
648.4640000000	n/a	n/a	STATUS	n/a	n/a	D255
648.8480000000	n/a	n/a	STATUS	n/a	n/a	D210
648.8960000000	n/a	n/a	STATUS	n/a	n/a	D255
648.9360000000	n/a	n/a	STATUS	n/a	n/a	DI52
648.9840000000	n/a	n/a	STATUS	n/a	n/a	D255
649.4120000000	n/a	n/a	STATUS	n/a	n/a	DI42
649.4600000000	n/a	n/a	STATUS	n/a	n/a	D255
649.7200000000	n/a	n/a	STATUS	n/a	n/a	DIN5
649.7680000000	n/a	n/a	STATUS	n/a	n/a	D255
650.0800000000	n/a	n/a	STATUS	n/a	n/a	D121
650.1280000000	n/a	n/a	STATUS	n/a	n/a	D255
650.1680000000	n/a	n/a	STATUS	n/a	n/a	DI52
650.2160000000	n/a	n/a	STATUS	n/a	n/a	D255
650.6280000000	n/a	n/a	STATUS	n/a	n/a	DI42
650.6760000000	n/a	n/a	STATUS	n/a	n/a	D255
650.9360000000	n/a	n/a	STATUS	n/a	n/a	DIN5
650.9840000000	n/a	n/a	STATUS	n/a	n/a	D255
651.4000000000	n/a	n/a	STATUS	n/a	n/a	D133
651.4520000000	n/a	n/a	STATUS	n/a	n/a	D255
651.4880000000	n/a	n/a	STATUS	n/a	n/a	DI53
651.5400000000	n/a	n/a	STATUS	n/a	n/a	D255
651.8520000000	n/a	n/a	STATUS	n/a	n/a	DI43
651.9040000000	n/a	n/a	STATUS	n/a	n/a	D255
652.1600000000	n/a	n/a	STATUS	n/a	n/a	DIN5
652.2120000000	n/a	n/a	STATUS	n/a	n/a	D255
652.6360000000	n/a	n/a	STATUS	n/a	n/a	D152
652.6880000000	n/a	n/a	STATUS	n/a	n/a	D255
652.7240000000	n/a	n/a	STATUS	n/a	n/a	DI53
652.7760000000	n/a	n/a	STATUS	n/a	n/a	D255
653.0760000000	n/a	n/a	STATUS	n/a	n/a	DI43
653.1280000000	n/a	n/a	STATUS	n/a	n/a	D255
653.3880000000	n/a	n/a	STATUS	n/a	n/a	DIN5
653.4360000000	n/a	n/a	STATUS	n/a	n/a	D255
653.7640000000	n/a	n/a	STATUS	n/a	n/a	D156
653.8160000000	n/a	n/a	STATUS	n/a	n/a	D255
653.8160000000	n/a	n/a	STATUS	n/a	n/a	D221
653.8520000000	n/a	n/a	STATUS	n/a	n/a	DI54
653.9040000000	n/a	n/a	STATUS	n/a	n/a	D255
654.2280000000	n/a	n/a	STATUS	n/a	n/a	DI34
654.2800000000	n/a	n/a	STATUS	n/a	n/a	D255
654.5400000000	n/a	n/a	STATUS	n/a	n/a	DIN5
654.5880000000	n/a	n/a	STATUS	n/a	n/a	D255
655.0080000000	n/a	n/a	STATUS	n/a	n/a	DI97
655.0600000000	n/a	n/a	STATUS	n/a	n/a	D255
655.0960000000	n/a	n/a	STATUS	n/a	n/a	DI54
655.1480000000	n/a	n/a	STATUS	n/a	n/a	D255
655.4320000000	n/a	n/a	STATUS	n/a	n/a	DI34
655.4840000000	n/a	n/a	STATUS	n/a	n/a	D255
655.7440000000	n/a	n/a	STATUS	n/a	n/a	DIN5
655.7920000000	n/a	n/a	STATUS	n/a	n/a	D255
656.2120000000	n/a	n/a	STATUS	n/a	n/a	D126
656.2640000000	n/a	n/a	STATUS	n/a	n/a	D255
656.3000000000	n/a	n/a	STATUS	n/a	n/a	DI53
656.3520000000	n/a	n/a	STATUS	n/a	n/a	D255
656.6560000000	n/a	n/a	STATUS	n/a	n/a	DI43
656.7080000000	n/a	n/a	STATUS	n/a	n/a	D255
656.9680000000	n/a	n/a	STATUS	n/a	n/a	DIN5
657.0160000000	n/a	n/a	STATUS	n/a	n/a	D255
657.5120000000	n/a	n/a	STATUS	n/a	n/a	DI71
657.5600000000	n/a	n/a	STATUS	n/a	n/a	D255
657.6000000000	n/a	n/a	STATUS	n/a	n/a	DI53
657.6480000000	n/a	n/a	STATUS	n/a	n/a	D255
658.0080000000	n/a	n/a	STATUS	n/a	n/a	DI43
658.0600000000	n/a	n/a	STATUS	n/a	n/a	D255
658.3200000000	n/a	n/a	STATUS	n/a	n/a	DIN5
658.3680000000	n/a	n/a	STATUS	n/a	n/a	D255
658.6760000000	n/a	n/a	STATUS	n/a	n/a	D221
658.7280000000	n/a	n/a	STATUS	n/a	n/a	D255
658.7640000000	n/a	n/a	STATUS	n/a	n/a	DI54
658.8160000000	n/a	n/a	STATUS	n/a	n/a	D255
659.1600000000	n/a	n/a	STATUS	n/a	n/a	DI34
659.2120000000	n/a	n/a	STATUS	n/a	n/a	D255
659.4680000000	n/a	n/a	STATUS	n/a	n/a	DIN5
659.5200000000	n/a	n/a	STATUS	n/a	n/a	D255
659.8600000000	n/a	n/a	STATUS	n/a	n/a	DI81
659.9080000000	n/a	n/a	STATUS	n/a	n/a	D255
659.9480000000	n/a	n/a	STATUS	n/a	n/a	DI52
659.9960000000	n/a	n/a	STATUS	n/a	n/a	D255
660.3880000000	n/a	n/a	STATUS	n/a	n/a	DI42
660.4360000000	n/a	n/a	STATUS	n/a	n/a	D255
660.6960000000	n/a	n/a	STATUS	n/a	n/a	DIN5
660.7480000000	n/a	n/a	STATUS	n/a	n/a	D255
661.1760000000	n/a	n/a	STATUS	n/a	n/a	D225
661.2240000000	n/a	n/a	STATUS	n/a	n/a	D255
661.2640000000	n/a	n/a	STATUS	n/a	n/a	DI51
661.3120000000	n/a	n/a	STATUS	n/a	n/a	D255
661.7240000000	n/a	n/a	STATUS	n/a	n/a	DI31
661.7720000000	n/a	n/a	STATUS	n/a	n/a	D255
662.0320000000	n/a	n/a	STATUS	n/a	n/a	DIN5
662.0840000000	n/a	n/a	STATUS	n/a	n/a	D255
662.5880000000	n/a	n/a	STATUS	n/a	n/a	D205
662.6360000000	n/a	n/a	STATUS	n/a	n/a	D255
662.6760000000	n/a	n/a	STATUS	n/a	n/a	DI52
662.7240000000	n/a	n/a	STATUS	n/a	n/a	D255
662.9840000000	n/a	n/a	STATUS	n/a	n/a	DI12
663.0360000000	n/a	n/a	STATUS	n/a	n/a	D255
663.0400000000	n/a	n/a	STATUS	n/a	n/a	DIN4
663.0920000000	n/a	n/a	STATUS	n/a	n/a	D255
663.8440000000	n/a	n/a	STATUS	n/a	n/a	DIN5
663.8960000000	n/a	n/a	STATUS	n/a	n/a	D255
664.3600000000	n/a	n/a	STATUS	n/a	n/a	D155
664.4120000000	n/a	n/a	STATUS	n/a	n/a	D255
664.4480000000	n/a	n/a	STATUS	n/a	n/a	DI51
664.5000000000	n/a	n/a	STATUS	n/a	n/a	D255
664.8680000000	n/a	n/a	STATUS	n/a	n/a	DI31
664.9200000000	n/a	n/a	STATUS	n/a	n/a	D255
665.1760000000	n/a	n/a	STATUS	n/a	n/a	DIN5
665.2280000000	n/a	n/a	STATUS	n/a	n/a	D255
665.6560000000	n/a	n/a	STATUS	n/a	n/a	D148
665.7080000000	n/a	n/a	STATUS	n/a	n/a	D255
665.7440000000	n/a	n/a	STATUS	n/a	n/a	DI54
665.7960000000	n/a	n/a	STATUS	n/a	n/a	D255
666.1920000000	n/a	n/a	STATUS	n/a	n/a	DI34
666.2440000000	n/a	n/a	STATUS	n/a	n/a	D255
666.5040000000	n/a	n/a	STATUS	n/a	n/a	DIN5
666.5520000000	n/a	n/a	STATUS	n/a	n/a	D255
666.9120000000	n/a	n/a	STATUS	n/a	n/a	D178
666.9640000000	n/a	n/a	STATUS	n/a	n/a	D255
667.0000000000	n/a	n/a	STATUS	n/a	n/a	DI51
667.0480000000	n/a	n/a	STATUS	n/a	n/a	D255
667.4200000000	n/a	n/a	STATUS	n/a	n/a	DI31
667.4720000000	n/a	n/a	STATUS	n/a	n/a	D255
667.7320000000	n/a	n/a	STATUS	n/a	n/a	DIN5
667.7800000000	n/a	n/a	STATUS	n/a	n/a	D255
668.1400000000	n/a	n/a	STATUS	n/a	n/a	D228
668.1880000000	n/a	n/a	STATUS	n/a	n/a	D255
668.2280000000	n/a	n/a	STATUS	n/a	n/a	DI53
668.2760000000	n/a	n/a	STATUS	n/a	n/a	D255
668.5600000000	n/a	n/a	STATUS	n/a	n/a	DI43
668.6080000000	n/a	n/a	STATUS	n/a	n/a	D255
668.8680000000	n/a	n/a	STATUS	n/a	n/a	DIN5
668.9200000000	n/a	n/a	STATUS	n/a	n/a	D255
669.3240000000	n/a	n/a	STATUS	n/a	n/a	DI72
669.3720000000	n/a	n/a	STATUS	n/a	n/a	D255
669.4120000000	n/a	n/a	STATUS	n/a	n/a	DI52
669.4640000000	n/a	n/a	STATUS	n/a	n/a	D255
669.8320000000	n/a	n/a	STATUS	n/a	n/a	DI42
669.8800000000	n/a	n/a	STATUS	n/a	n/a	D255
670.1400000000	n/a	n/a	STATUS	n/a	n/a	DIN5
670.1920000000	n/a	n/a	STATUS	n/a	n/a	D255
670.6280000000	n/a	n/a	STATUS	n/a	n/a	DI96
670.6800000000	n/a	n/a	STATUS	n/a	n/a	D255
670.6800000000	n/a	n/a	STATUS	n/a	n/a	D227
670.7200000000	n/a	n/a	STATUS	n/a	n/a	DI54
670.7680000000	n/a	n/a	STATUS	n/a	n/a	D255
671.2200000000	n/a	n/a	STATUS	n/a	n/a	DI34
671.2680000000	n/a	n/a	STATUS	n/a	n/a	D255
671.5280000000	n/a	n/a	STATUS	n/a	n/a	DIN5
671.5800000000	n/a	n/a	STATUS	n/a	n/a	D255
672.0040000000	n/a	n/a	STATUS	n/a	n/a	D168
672.0520000000	n/a	n/a	STATUS	n/a	n/a	D255
672.0880000000	n/a	n/a	STATUS	n/a	n/a	DI51
672.1400000000	n/a	n/a	STATUS	n/a	n/a	D255
672.5160000000	n/a	n/a	STATUS	n/a	n/a	DI31
672.5640000000	n/a	n/a	STATUS	n/a	n/a	D255
672.8240000000	n/a	n/a	STATUS	n/a	n/a	DIN5
672.8760000000	n/a	n/a	STATUS	n/a	n/a	D255
673.2000000000	n/a	n/a	STATUS	n/a	n/a	D250
673.2480000000	n/a	n/a	STATUS	n/a	n/a	D255
673.2880000000	n/a	n/a	STATUS	n/a	n/a	DI53
673.3360000000	n/a	n/a	STATUS	n/a	n/a	D255
673.8840000000	n/a	n/a	STATUS	n/a	n/a	DI43
673.9360000000	n/a	n/a	STATUS	n/a	n/a	D255
674.1920000000	n/a	n/a	STATUS	n/a	n/a	DIN5
674.2440000000	n/a	n/a	STATUS	n/a	n/a	D255
674.7120000000	n/a	n/a	STATUS	n/a	n/a	DI65
674.7640000000	n/a	n/a	STATUS	n/a	n/a	D255
674.8000000000	n/a	n/a	STATUS	n/a	n/a	DI52
674.8520000000	n/a	n/a	STATUS	n/a	n/a	D255
675.2120000000	n/a	n/a	STATUS	n/a	n/a	DI42
675.2600000000	n/a	n/a	STATUS	n/a	n/a	D255
675.5200000000	n/a	n/a	STATUS	n/a	n/a	DIN5
675.5680000000	n/a	n/a	STATUS	n/a	n/a	D255
676.0480000000	n/a	n/a	STATUS	n/a	n/a	D163
676.1000000000	n/a	n/a	STATUS	n/a	n/a	D255
676.1360000000	n/a	n/a	STATUS	n/a	n/a	DI54
676.1880000000	n/a	n/a	STATUS	n/a	n/a	D255
676.4800000000	n/a	n/a	STATUS	n/a	n/a	DI34
676.5320000000	n/a	n/a	STATUS	n/a	n/a	D255
676.7880000000	n/a	n/a	STATUS	n/a	n/a	DIN5
676.8400000000	n/a	n/a	STATUS	n/a	n/a	D255
677.3000000000	n/a	n/a	STATUS	n/a	n/a	DI79
677.3520000000	n/a	n/a	STATUS	n/a	n/a	D255
677.3880000000	n/a	n/a	STATUS	n/a	n/a	DI53
677.4400000000	n/a	n/a	STATUS	n/a	n/a	D255
677.7360000000	n/a	n/a	STATUS	n/a	n/a	DI43
677.7880000000	n/a	n/a	STATUS	n/a	n/a	D255
678.0480000000	n/a	n/a	STATUS	n/a	n/a	DIN5
678.0960000000	n/a	n/a	STATUS	n/a	n/a	D255
678.5960000000	n/a	n/a	STATUS	n/a	n/a	D198
678.6480000000	n/a	n/a	STATUS	n/a	n/a	D255
678.6840000000	n/a	n/a	STATUS	n/a	n/a	DI53
678.7320000000	n/a	n/a	STATUS	n/a	n/a	D255
679.0600000000	n/a	n/a	STATUS	n/a	n/a	DI43
679.1120000000	n/a	n/a	STATUS	n/a	n/a	D255
679.3680000000	n/a	n/a	STATUS	n/a	n/a	DIN5
679.4200000000	n/a	n/a	STATUS	n/a	n/a	D255
679.8760000000	n/a	n/a	STATUS	n/a	n/a	D176
679.9240000000	n/a	n/a	STATUS	n/a	n/a	D255
679.9600000000	n/a	n/a	STATUS	n/a	n/a	DI53
680.0120000000	n/a	n/a	STATUS	n/a	n/a	D255
680.3040000000	n/a	n/a	STATUS	n/a	n/a	DI43
680.3520000000	n/a	n/a	STATUS	n/a	n/a	D255
680.6120000000	n/a	n/a	STATUS	n/a	n/a	DIN5
680.6600000000	n/a	n/a	STATUS	n/a	n/a	D255
681.1520000000	n/a	n/a	STATUS	n/a	n/a	D191
681.2000000000	n/a	n/a	STATUS	n/a	n/a	D255
681.2400000000	n/a	n/a	STATUS	n/a	n/a	DI51
681.2880000000	n/a	n/a	STATUS	n/a	n/a	D255
681.6800000000	n/a	n/a	STATUS	n/a	n/a	DI31
681.7280000000	n/a	n/a	STATUS	n/a	n/a	D255
681.9880000000	n/a	n/a	STATUS	n/a	n/a	DIN5
682.0400000000	n/a	n/a	STATUS	n/a	n/a	D255
682.5200000000	n/a	n/a	STATUS	n/a	n/a	D218
682.5680000000	n/a	n/a	STATUS	n/a	n/a	D255
682.6080000000	n/a	n/a	STATUS	n/a	n/a	DI52
682.6560000000	n/a	n/a	STATUS	n/a	n/a	D255
683.0200000000	n/a	n/a	STATUS	n/a	n/a	DI42
683.0680000000	n/a	n/a	STATUS	n/a	n/a	D255
683.3280000000	n/a	n/a	STATUS	n/a	n/a	DIN5
683.3800000000	n/a	n/a	STATUS	n/a	n/a	D255
683.8720000000	n/a	n/a	STATUS	n/a	n/a	D113
683.9240000000	n/a	n/a	STATUS	n/a	n/a	D255
683.9600000000	n/a	n/a	STATUS	n/a	n/a	DI52
684.0120000000	n/a	n/a	STATUS	n/a	n/a	D255
684.4480000000	n/a	n/a	STATUS	n/a	n/a	DI42
684.4960000000	n/a	n/a	STATUS	n/a	n/a	D255
684.7560000000	n/a	n/a	STATUS	n/a	n/a	DIN5
684.8080000000	n/a	n/a	STATUS	n/a	n/a	D255
685.2400000000	n/a	n/a	STATUS	n/a	n/a	D124
685.2920000000	n/a	n/a	STATUS	n/a	n/a	D255
685.3280000000	n/a	n/a	STATUS	n/a	n/a	DI53
685.3800000000	n/a	n/a	STATUS	n/a	n/a	D255
685.6640000000	n/a	n/a	STATUS	n/a	n/a	DI43
685.7120000000	n/a	n/a	STATUS	n/a	n/a	D255
685.9720000000	n/a	n/a	STATUS	n/a	n/a	DIN5
686.0240000000	n/a	n/a	STATUS	n/a	n/a	D255
686.4280000000	n/a	n/a	STATUS	n/a	n/a	D120
686.4760000000	n/a	n/a	STATUS	n/a	n/a	D255
686.5160000000	n/a	n/a	STATUS	n/a	n/a	DI51
686.5640000000	n/a	n/a	STATUS	n/a	n/a	D255
686.9960000000	n/a	n/a	STATUS	n/a	n/a	DI31
687.0480000000	n/a	n/a	STATUS	n/a	n/a	D255
687.3040000000	n/a	n/a	STATUS	n/a	n/a	DIN5
687.3560000000	n/a	n/a	STATUS	n/a	n/a	D255
687.8080000000	n/a	n/a	STATUS	n/a	n/a	D203
687.8600000000	n/a	n/a	STATUS	n/a	n/a	D255
687.8960000000	n/a	n/a	STATUS	n/a	n/a	DI52
687.9480000000	n/a	n/a	STATUS	n/a	n/a	D255
688.3120000000	n/a	n/a	STATUS	n/a	n/a	DI42
688.3600000000	n/a	n/a	STATUS	n/a	n/a	D255
688.6200000000	n/a	n/a	STATUS	n/a	n/a	DIN5
688.6680000000	n/a	n/a	STATUS	n/a	n/a	D255
689.0520000000	n/a	n/a	STATUS	n/a	n/a	D244
689.1040000000	n/a	n/a	STATUS	n/a	n/a	D255
689.1400000000	n/a	n/a	STATUS	n/a	n/a	DI51
689.1920000000	n/a	n/a	STATUS	n/a	n/a	D255
689.6280000000	n/a	n/a	STATUS	n/a	n/a	DI31
689.6800000000	n/a	n/a	STATUS	n/a	n/a	D255
689.9360000000	n/a	n/a	STATUS	n/a	n/a	DIN5
689.9880000000	n/a	n/a	STATUS	n/a	n/a	D255
690.3120000000	n/a	n/a	STATUS	n/a	n/a	D248
690.3600000000	n/a	n/a	STATUS	n/a	n/a	D255
690.4000000000	n/a	n/a	STATUS	n/a	n/a	DI53
690.4480000000	n/a	n/a	STATUS	n/a	n/a	D255
690.7520000000	n/a	n/a	STATUS	n/a	n/a	DI43
690.8040000000	n/a	n/a	STATUS	n/a	n/a	D255
691.0600000000	n/a	n/a	STATUS	n/a	n/a	DIN5
691.1120000000	n/a	n/a	STATUS	n/a	n/a	D255
691.5720000000	n/a	n/a	STATUS	n/a	n/a	D204
691.6200000000	n/a	n/a	STATUS	n/a	n/a	D255
691.6600000000	n/a	n/a	STATUS	n/a	n/a	DI51
691.7120000000	n/a	n/a	STATUS	n/a	n/a	D255
692.1760000000	n/a	n/a	STATUS	n/a	n/a	DI31
692.2280000000	n/a	n/a	STATUS	n/a	n/a	D255
692.4840000000	n/a	n/a	STATUS	n/a	n/a	DIN5
692.5360000000	n/a	n/a	STATUS	n/a	n/a	D255
692.9000000000	n/a	n/a	STATUS	n/a	n/a	D143
692.9520000000	n/a	n/a	STATUS	n/a	n/a	D255
692.9880000000	n/a	n/a	STATUS	n/a	n/a	DI52
693.0360000000	n/a	n/a	STATUS	n/a	n/a	D255
693.4120000000	n/a	n/a	STATUS	n/a	n/a	DI42
693.4600000000	n/a	n/a	STATUS	n/a	n/a	D255
704.6880000000	n/a	n/a	STATUS	n/a	n/a	DIN5
704.7400000000	n/a	n/a	STATUS	n/a	n/a	D255
705.2200000000	n/a	n/a	STATUS	n/a	n/a	D160
705.2680000000	n/a	n/a	STATUS	n/a	n/a	D255
705.3080000000	n/a	n/a	STATUS	n/a	n/a	DI54
705.3600000000	n/a	n/a	STATUS	n/a	n/a	D255
705.8720000000	n/a	n/a	STATUS	n/a	n/a	DI34
705.9200000000	n/a	n/a	STATUS	n/a	n/a	D255
706.1800000000	n/a	n/a	STATUS	n/a	n/a	DIN5
706.2280000000	n/a	n/a	STATUS	n/a	n/a	D255
706.7000000000	n/a	n/a	STATUS	n/a	n/a	D172
706.7480000000	n/a	n/a	STATUS	n/a	n/a	D255
706.7880000000	n/a	n/a	STATUS	n/a	n/a	DI52
706.8360000000	n/a	n/a	STATUS	n/a	n/a	D255
707.1800000000	n/a	n/a	STATUS	n/a	n/a	DI42
707.2320000000	n/a	n/a	STATUS	n/a	n/a	D255
707.4880000000	n/a	n/a	STATUS	n/a	n/a	DIN5
707.5400000000	n/a	n/a	STATUS	n/a	n/a	D255
707.8600000000	n/a	n/a	STATUS	n/a	n/a	DI68
707.9080000000	n/a	n/a	STATUS	n/a	n/a	D255
707.9480000000	n/a	n/a	STATUS	n/a	n/a	DI54
707.9960000000	n/a	n/a	STATUS	n/a	n/a	D255
708.2720000000	n/a	n/a	STATUS	n/a	n/a	DI34
708.3200000000	n/a	n/a	STATUS	n/a	n/a	D255
708.5800000000	n/a	n/a	STATUS	n/a	n/a	DIN5
708.6280000000	n/a	n/a	STATUS	n/a	n/a	D255
708.9480000000	n/a	n/a	STATUS	n/a	n/a	D236
709.0000000000	n/a	n/a	STATUS	n/a	n/a	D255
709.0360000000	n/a	n/a	STATUS	n/a	n/a	DI51
709.0880000000	n/a	n/a	STATUS	n/a	n/a	D255
709.4800000000	n/a	n/a	STATUS	n/a	n/a	DI31
709.5280000000	n/a	n/a	STATUS	n/a	n/a	D255
709.7880000000	n/a	n/a	STATUS	n/a	n/a	DIN5
709.8400000000	n/a	n/a	STATUS	n/a	n/a	D255
710.1440000000	n/a	n/a	STATUS	n/a	n/a	D234
710.1920000000	n/a	n/a	STATUS	n/a	n/a	D255
710.2320000000	n/a	n/a	STATUS	n/a	n/a	DI52
710.2800000000	n/a	n/a	STATUS	n/a	n/a	D255
710.6480000000	n/a	n/a	STATUS	n/a	n/a	DI42
710.7000000000	n/a	n/a	STATUS	n/a	n/a	D255
710.9560000000	n/a	n/a	STATUS	n/a	n/a	DIN5
711.0080000000	n/a	n/a	STATUS	n/a	n/a	D255
711.3480000000	n/a	n/a	STATUS	n/a	n/a	D212
711.3960000000	n/a	n/a	STATUS	n/a	n/a	D255
711.4360000000	n/a	n/a	STATUS	n/a	n/a	DI51
711.4840000000	n/a	n/a	STATUS	n/a	n/a	D255
711.8640000000	n/a	n/a	STATUS	n/a	n/a	DI31
711.9160000000	n/a	n/a	STATUS	n/a	n/a	D255
712.1720000000	n/a	n/a	STATUS	n/a	n/a	DIN5
712.2240000000	n/a	n/a	STATUS	n/a	n/a	D255
712.6840000000	n/a	n/a	STATUS	n/a	n/a	D237
712.7320000000	n/a	n/a	STATUS	n/a	n/a	D255
712.7720000000	n/a	n/a	STATUS	n/a	n/a	DI54
712.8200000000	n/a	n/a	STATUS	n/a	n/a	D255
713.1120000000	n/a	n/a	STATUS	n/a	n/a	DI34
713.1600000000	n/a	n/a	STATUS	n/a	n/a	D255
713.4200000000	n/a	n/a	STATUS	n/a	n/a	DIN5
713.4720000000	n/a	n/a	STATUS	n/a	n/a	D255
713.9160000000	n/a	n/a	STATUS	n/a	n/a	D184
713.9680000000	n/a	n/a	STATUS	n/a	n/a	D255
714.0040000000	n/a	n/a	STATUS	n/a	n/a	DI54
714.0520000000	n/a	n/a	STATUS	n/a	n/a	D255
714.3080000000	n/a	n/a	STATUS	n/a	n/a	DI34
714.3600000000	n/a	n/a	STATUS	n/a	n/a	D255
714.6200000000	n/a	n/a	STATUS	n/a	n/a	DIN5
714.6680000000	n/a	n/a	STATUS	n/a	n/a	D255
714.9840000000	n/a	n/a	STATUS	n/a	n/a	DI72
715.0320000000	n/a	n/a	STATUS	n/a	n/a	D255
715.0720000000	n/a	n/a	STATUS	n/a	n/a	DI52
715.1200000000	n/a	n/a	STATUS	n/a	n/a	D255
715.3800000000	n/a	n/a	STATUS	n/a	n/a	DI12
715.4280000000	n/a	n/a	STATUS	n/a	n/a	D255
715.4320000000	n/a	n/a	STATUS	n/a	n/a	DIN4
715.4840000000	n/a	n/a	STATUS	n/a	n/a	D255
716.2400000000	n/a	n/a	STATUS	n/a	n/a	DIN5
716.2880000000	n/a	n/a	STATUS	n/a	n/a	D255
716.7640000000	n/a	n/a	STATUS	n/a	n/a	DI66
716.8120000000	n/a	n/a	STATUS	n/a	n/a	D255
716.8520000000	n/a	n/a	STATUS	n/a	n/a	DI53
716.9000000000	n/a	n/a	STATUS	n/a	n/a	D255
717.2160000000	n/a	n/a	STATUS	n/a	n/a	DI43
717.2680000000	n/a	n/a	STATUS	n/a	n/a	D255
717.5240000000	n/a	n/a	STATUS	n/a	n/a	DIN5
717.5760000000	n/a	n/a	STATUS	n/a	n/a	D255
717.9000000000	n/a	n/a	STATUS	n/a	n/a	D133
717.9520000000	n/a	n/a	STATUS	n/a	n/a	D255
717.9880000000	n/a	n/a	STATUS	n/a	n/a	DI53
718.0400000000	n/a	n/a	STATUS	n/a	n/a	D255
718.3480000000	n/a	n/a	STATUS	n/a	n/a	DI43
718.4000000000	n/a	n/a	STATUS	n/a	n/a	D255
718.6560000000	n/a	n/a	STATUS	n/a	n/a	DIN5
718.7080000000	n/a	n/a	STATUS	n/a	n/a	D255
719.0480000000	n/a	n/a	STATUS	n/a	n/a	D123
719.0960000000	n/a	n/a	STATUS	n/a	n/a	D255
719.1360000000	n/a	n/a	STATUS	n/a	n/a	DI51
719.1840000000	n/a	n/a	STATUS	n/a	n/a	D255
719.7160000000	n/a	n/a	STATUS	n/a	n/a	DI31
719.7640000000	n/a	n/a	STATUS	n/a	n/a	D255
720.0240000000	n/a	n/a	STATUS	n/a	n/a	DIN5
720.0720000000	n/a	n/a	STATUS	n/a	n/a	D255
720.5600000000	n/a	n/a	STATUS	n/a	n/a	D188
720.6080000000	n/a	n/a	STATUS	n/a	n/a	D255
720.6480000000	n/a	n/a	STATUS	n/a	n/a	DI52
720.6960000000	n/a	n/a	STATUS	n/a	n/a	D255
721.0800000000	n/a	n/a	STATUS	n/a	n/a	DI42
721.1320000000	n/a	n/a	STATUS	n/a	n/a	D255
721.3880000000	n/a	n/a	STATUS	n/a	n/a	DIN5
721.4400000000	n/a	n/a	STATUS	n/a	n/a	D255
721.7480000000	n/a	n/a	STATUS	n/a	n/a	D111
721.8000000000	n/a	n/a	STATUS	n/a	n/a	D255
721.8360000000	n/a	n/a	STATUS	n/a	n/a	DI53
721.8880000000	n/a	n/a	STATUS	n/a	n/a	D255
722.2360000000	n/a	n/a	STATUS	n/a	n/a	DI43
722.2840000000	n/a	n/a	STATUS	n/a	n/a	D255
722.5440000000	n/a	n/a	STATUS	n/a	n/a	DIN5
722.5960000000	n/a	n/a	STATUS	n/a	n/a	D255
723.0240000000	n/a	n/a	STATUS	n/a	n/a	D159
723.0760000000	n/a	n/a	STATUS	n/a	n/a	D255
723.1120000000	n/a	n/a	STATUS	n/a	n/a	DI51
723.1640000000	n/a	n/a	STATUS	n/a	n/a	D255
723.5800000000	n/a	n/a	STATUS	n/a	n/a	DI31
723.6320000000	n/a	n/a	STATUS	n/a	n/a	D255
723.8880000000	n/a	n/a	STATUS	n/a	n/a	DIN5
723.9400000000	n/a	n/a	STATUS	n/a	n/a	D255
724.3480000000	n/a	n/a	STATUS	n/a	n/a	D153
724.4000000000	n/a	n/a	STATUS	n/a	n/a	D255
724.4360000000	n/a	n/a	STATUS	n/a	n/a	DI51
724.4880000000	n/a	n/a	STATUS	n/a	n/a	D255
724.8080000000	n/a	n/a	STATUS	n/a	n/a	DI31
724.8600000000	n/a	n/a	STATUS	n/a	n/a	D255
725.1200000000	n/a	n/a	STATUS	n/a	n/a	DIN5
725.1680000000	n/a	n/a	STATUS	n/a	n/a	D255
725.5720000000	n/a	n/a	STATUS	n/a	n/a	D244
725.6240000000	n/a	n/a	STATUS	n/a	n/a	D255
725.6600000000	n/a	n/a	STATUS	n/a	n/a	DI53
725.7120000000	n/a	n/a	STATUS	n/a	n/a	D255
726.0720000000	n/a	n/a	STATUS	n/a	n/a	DI43
726.1240000000	n/a	n/a	STATUS	n/a	n/a	D255
726.3840000000	n/a	n/a	STATUS	n/a	n/a	DIN5
726.4320000000	n/a	n/a	STATUS	n/a	n/a	D255
726.8960000000	n/a	n/a	STATUS	n/a	n/a	D163
726.9480000000	n/a	n/a	STATUS	n/a	n/a	D255
726.9840000000	n/a	n/a	STATUS	n/a	n/a	DI51
727.0360000000	n/a	n/a	STATUS	n/a	n/a	D255
727.3280000000	n/a	n/a	STATUS	n/a	n/a	DI31
727.3800000000	n/a	n/a	STATUS	n/a	n/a	D255
727.6360000000	n/a	n/a	STATUS	n/a	n/a	DIN5
727.6880000000	n/a	n/a	STATUS	n/a	n/a	D255
728.0080000000	n/a	n/a	STATUS	n/a	n/a	D187
728.0560000000	n/a	n/a	STATUS	n/a	n/a	D255
728.0960000000	n/a	n/a	STATUS	n/a	n/a	DI52
728.1440000000	n/a	n/a	STATUS	n/a	n/a	D255
728.4640000000	n/a	n/a	STATUS	n/a	n/a	DI42
728.5120000000	n/a	n/a	STATUS	n/a	n/a	D255
728.7720000000	n/a	n/a	STATUS	n/a	n/a	DIN5
728.8240000000	n/a	n/a	STATUS	n/a	n/a	D255
729.3000000000	n/a	n/a	STATUS	n/a	n/a	D174
729.3520000000	n/a	n/a	STATUS	n/a	n/a	D255
729.3880000000	n/a	n/a	STATUS	n/a	n/a	DI52
729.4400000000	n/a	n/a	STATUS	n/a	n/a	D255
729.7680000000	n/a	n/a	STATUS	n/a	n/a	DI42
729.8200000000	n/a	n/a	STATUS	n/a	n/a	D255
730.0800000000	n/a	n/a	STATUS	n/a	n/a	DIN5
730.1280000000	n/a	n/a	STATUS	n/a	n/a	D255
730.5960000000	n/a	n/a	STATUS	n/a	n/a	DI97
730.6440000000	n/a	n/a	STATUS	n/a	n/a	D255
730.6800000000	n/a	n/a	STATUS	n/a	n/a	DI53
730.7320000000	n/a	n/a	STATUS	n/a	n/a	D255
731.2760000000	n/a	n/a	STATUS	n/a	n/a	DI13
731.3280000000	n/a	n/a	STATUS	n/a	n/a	D255
731.3320000000	n/a	n/a	STATUS	n/a	n/a	DIN4
731.3800000000	n/a	n/a	STATUS	n/a	n/a	D255
732.1360000000	n/a	n/a	STATUS	n/a	n/a	DIN5
732.1880000000	n/a	n/a	STATUS	n/a	n/a	D255
732.6760000000	n/a	n/a	STATUS	n/a	n/a	D173
732.7240000000	n/a	n/a	STATUS	n/a	n/a	D255
732.7640000000	n/a	n/a	STATUS	n/a	n/a	DI54
732.8120000000	n/a	n/a	STATUS	n/a	n/a	D255
733.1160000000	n/a	n/a	STATUS	n/a	n/a	DI34
733.1640000000	n/a	n/a	STATUS	n/a	n/a	D255
733.4240000000	n/a	n/a	STATUS	n/a	n/a	DIN5
733.4760000000	n/a	n/a	STATUS	n/a	n/a	D255
733.9600000000	n/a	n/a	STATUS	n/a	n/a	D169
734.0120000000	n/a	n/a	STATUS	n/a	n/a	D255
734.0480000000	n/a	n/a	STATUS	n/a	n/a	DI52
734.0960000000	n/a	n/a	STATUS	n/a	n/a	D255
734.4520000000	n/a	n/a	STATUS	n/a	n/a	DI42
734.5040000000	n/a	n/a	STATUS	n/a	n/a	D255
734.7640000000	n/a	n/a	STATUS	n/a	n/a	DIN5
734.8120000000	n/a	n/a	STATUS	n/a	n/a	D255
735.2280000000	n/a	n/a	STATUS	n/a	n/a	D190
735.2760000000	n/a	n/a	STATUS	n/a	n/a	D255
735.3160000000	n/a	n/a	STATUS	n/a	n/a	DI53
735.3640000000	n/a	n/a	STATUS	n/a	n/a	D255
735.6840000000	n/a	n/a	STATUS	n/a	n/a	DI43
735.7320000000	n/a	n/a	STATUS	n/a	n/a	D255
735.9920000000	n/a	n/a	STATUS	n/a	n/a	DIN5
736.0440000000	n/a	n/a	STATUS	n/a	n/a	D255
736.3680000000	n/a	n/a	STATUS	n/a	n/a	D211
736.4160000000	n/a	n/a	STATUS	n/a	n/a	D255
736.4560000000	n/a	n/a	STATUS	n/a	n/a	DI53
736.5040000000	n/a	n/a	STATUS	n/a	n/a	D255
736.8600000000	n/a	n/a	STATUS	n/a	n/a	DI43
736.9080000000	n/a	n/a	STATUS	n/a	n/a	D255
737.1680000000	n/a	n/a	STATUS	n/a	n/a	DIN5
737.2200000000	n/a	n/a	STATUS	n/a	n/a	D255
737.6440000000	n/a	n/a	STATUS	n/a	n/a	D109
737.6920000000	n/a	n/a	STATUS	n/a	n/a	D255
737.7320000000	n/a	n/a	STATUS	n/a	n/a	DI53
737.7800000000	n/a	n/a	STATUS	n/a	n/a	D255
738.0680000000	n/a	n/a	STATUS	n/a	n/a	DI43
738.1200000000	n/a	n/a	STATUS	n/a	n/a	D255
738.3800000000	n/a	n/a	STATUS	n/a	n/a	DIN5
738.4280000000	n/a	n/a	STATUS	n/a	n/a	D255
738.7720000000	n/a	n/a	STATUS	n/a	n/a	D198
738.8240000000	n/a	n/a	STATUS	n/a	n/a	D255
738.8600000000	n/a	n/a	STATUS	n/a	n/a	DI54
738.9080000000	n/a	n/a	STATUS	n/a	n/a	D255
739.3240000000	n/a	n/a	STATUS	n/a	n/a	DI34
739.3720000000	n/a	n/a	STATUS	n/a	n/a	D255
739.6320000000	n/a	n/a	STATUS	n/a	n/a	DIN5
739.6840000000	n/a	n/a	STATUS	n/a	n/a	D255
740.1280000000	n/a	n/a	STATUS	n/a	n/a	D118
740.1760000000	n/a	n/a	STATUS	n/a	n/a	D255
740.2160000000	n/a	n/a	STATUS	n/a	n/a	DI54
740.2640000000	n/a	n/a	STATUS	n/a	n/a	D255
740.5640000000	n/a	n/a	STATUS	n/a	n/a	DI34
740.6120000000	n/a	n/a	STATUS	n/a	n/a	D255
740.8720000000	n/a	n/a	STATUS	n/a	n/a	DIN5
740.9200000000	n/a	n/a	STATUS	n/a	n/a	D255
741.3920000000	n/a	n/a	STATUS	n/a	n/a	D155
741.4400000000	n/a	n/a	STATUS	n/a	n/a	D255
741.4800000000	n/a	n/a	STATUS	n/a	n/a	DI52
741.5280000000	n/a	n/a	STATUS	n/a	n/a	D255
741.9240000000	n/a	n/a	STATUS	n/a	n/a	DI42
741.9720000000	n/a	n/a	STATUS	n/a	n/a	D255
742.2320000000	n/a	n/a	STATUS	n/a	n/a	DIN5
742.2840000000	n/a	n/a	STATUS	n/a	n/a	D255
742.6800000000	n/a	n/a	STATUS	n/a	n/a	D207
742.7320000000	n/a	n/a	STATUS	n/a	n/a	D255
742.7720000000	n/a	n/a	STATUS	n/a	n/a	DI53
742.8200000000	n/a	n/a	STATUS	n/a	n/a	D255
743.2120000000	n/a	n/a	STATUS	n/a	n/a	DI43
743.2640000000	n/a	n/a	STATUS	n/a	n/a	D255
743.5240000000	n/a	n/a	STATUS	n/a	n/a	DIN5
743.5720000000	n/a	n/a	STATUS	n/a	n/a	D255
743.9760000000	n/a	n/a	STATUS	n/a	n/a	D154
744.0280000000	n/a	n/a	STATUS	n/a	n/a	D255
744.0640000000	n/a	n/a	STATUS	n/a	n/a	DI52
744.1160000000	n/a	n/a	STATUS	n/a	n/a	D255
744.4680000000	n/a	n/a	STATUS	n/a	n/a	DI42
744.5200000000	n/a	n/a	STATUS	n/a	n/a	D255
744.7760000000	n/a	n/a	STATUS	n/a	n/a	DIN5
744.8280000000	n/a	n/a	STATUS	n/a	n/a	D255
745.1920000000	n/a	n/a	STATUS	n/a	n/a	D143
745.2440000000	n/a	n/a	STATUS	n/a	n/a	D255
745.2800000000	n/a	n/a	STATUS	n/a	n/a	DI51
745.3320000000	n/a	n/a	STATUS	n/a	n/a	D255
745.7200000000	n/a	n/a	STATUS	n/a	n/a	DI31
745.7720000000	n/a	n/a	STATUS	n/a	n/a	D255
746.0320000000	n/a	n/a	STATUS	n/a	n/a	DIN5
746.0800000000	n/a	n/a	STATUS	n/a	n/a	D255
746.5320000000	n/a	n/a	STATUS	n/a	n/a	D140
746.5800000000	n/a	n/a	STATUS	n/a	n/a	D255
746.6160000000	n/a	n/a	STATUS	n/a	n/a	DI54
746.6680000000	n/a	n/a	STATUS	n/a	n/a	D255
747.0320000000	n/a	n/a	STATUS	n/a	n/a	DI34
747.0800000000	n/a	n/a	STATUS	n/a	n/a	D255
747.3400000000	n/a	n/a	STATUS	n/a	n/a	DIN5
747.3920000000	n/a	n/a	STATUS	n/a	n/a	D255
747.7760000000	n/a	n/a	STATUS	n/a	n/a	D124
747.8240000000	n/a	n/a	STATUS	n/a	n/a	D255
747.8640000000	n/a	n/a	STATUS	n/a	n/a	DI54
747.9120000000	n/a	n/a	STATUS	n/a	n/a	D255
748.3680000000	n/a	n/a	STATUS	n/a	n/a	DI34
748.4200000000	n/a	n/a	STATUS	n/a	n/a	D255
748.6800000000	n/a	n/a	STATUS	n/a	n/a	DIN5
748.7280000000	n/a	n/a	STATUS	n/a	n/a	D255
749.0440000000	n/a	n/a	STATUS	n/a	n/a	D219
749.0920000000	n/a	n/a	STATUS	n/a	n/a	D255
749.1320000000	n/a	n/a	STATUS	n/a	n/a	DI52
749.1800000000	n/a	n/a	STATUS	n/a	n/a	D255
749.6040000000	n/a	n/a	STATUS	n/a	n/a	DI42
749.6520000000	n/a	n/a	STATUS	n/a	n/a	D255
749.9120000000	n/a	n/a	STATUS	n/a	n/a	DIN5
749.9600000000	n/a	n/a	STATUS	n/a	n/a	D255
750.4680000000	n/a	n/a	STATUS	n/a	n/a	DI96
750.5160000000	n/a	n/a	STATUS	n/a	n/a	D255
750.5520000000	n/a	n/a	STATUS	n/a	n/a	DI51
750.6040000000	n/a	n/a	STATUS	n/a	n/a	D255
751.1200000000	n/a	n/a	STATUS	n/a	n/a	DI21
751.1680000000	n/a	n/a	STATUS	n/a	n/a	D255
751.1720000000	n/a	n/a	STATUS	n/a	n/a	DIN4
751.2240000000	n/a	n/a	STATUS	n/a	n/a	D255
751.9800000000	n/a	n/a	STATUS	n/a	n/a	DIN5
752.0280000000	n/a	n/a	STATUS	n/a	n/a	D255
752.5080000000	n/a	n/a	STATUS	n/a	n/a	D213
752.5600000000	n/a	n/a	STATUS	n/a	n/a	D255
752.5960000000	n/a	n/a	STATUS	n/a	n/a	DI52
752.6440000000	n/a	n/a	STATUS	n/a	n/a	D255
753.0440000000	n/a	n/a	STATUS	n/a	n/a	DI42
753.0920000000	n/a	n/a	STATUS	n/a	n/a	D255
753.3520000000	n/a	n/a	STATUS	n/a	n/a	DIN5
753.4000000000	n/a	n/a	STATUS	n/a	n/a	D255
753.8360000000	n/a	n/a	STATUS	n/a	n/a	D208
753.8880000000	n/a	n/a	STATUS	n/a	n/a	D255
753.9240000000	n/a	n/a	STATUS	n/a	n/a	DI54
753.9760000000	n/a	n/a	STATUS	n/a	n/a	D255
754.4360000000	n/a	n/a	STATUS	n/a	n/a	DI34
754.4840000000	n/a	n/a	STATUS	n/a	n/a	D255
754.7440000000	n/a	n/a	STATUS	n/a	n/a	DIN5
754.7920000000	n/a	n/a	STATUS	n/a	n/a	D255
755.2480000000	n/a	n/a	STATUS	n/a	n/a	D148
755.2960000000	n/a	n/a	STATUS	n/a	n/a	D255
755.3360000000	n/a	n/a	STATUS	n/a	n/a	DI51
755.3840000000	n/a	n/a	STATUS	n/a	n/a	D255
755.9320000000	n/a	n/a	STATUS	n/a	n/a	DI31
755.9840000000	n/a	n/a	STATUS	n/a	n/a	D255
756.2440000000	n/a	n/a	STATUS	n/a	n/a	DIN5
756.2920000000	n/a	n/a	STATUS	n/a	n/a	D255
756.7120000000	n/a	n/a	STATUS	n/a	n/a	DI71
756.7640000000	n/a	n/a	STATUS	n/a	n/a	D255
756.8000000000	n/a	n/a	STATUS	n/a	n/a	DI54
756.8520000000	n/a	n/a	STATUS	n/a	n/a	D255
757.2120000000	n/a	n/a	STATUS	n/a	n/a	DI34
757.2640000000	n/a	n/a	STATUS	n/a	n/a	D255
757.5240000000	n/a	n/a	STATUS	n/a	n/a	DIN5
757.5720000000	n/a	n/a	STATUS	n/a	n/a	D255
757.9880000000	n/a	n/a	STATUS	n/a	n/a	D201
758.0360000000	n/a	n/a	STATUS	n/a	n/a	D255
758.0760000000	n/a	n/a	STATUS	n/a	n/a	DI53
758.1240000000	n/a	n/a	STATUS	n/a	n/a	D255
758.4600000000	n/a	n/a	STATUS	n/a	n/a	DI43
758.5120000000	n/a	n/a	STATUS	n/a	n/a	D255
758.7720000000	n/a	n/a	STATUS	n/a	n/a	DIN5
758.8200000000	n/a	n/a	STATUS	n/a	n/a	D255
759.1320000000	n/a	n/a	STATUS	n/a	n/a	DI95
759.1800000000	n/a	n/a	STATUS	n/a	n/a	D255
759.2160000000	n/a	n/a	STATUS	n/a	n/a	DI53
759.2680000000	n/a	n/a	STATUS	n/a	n/a	D255
759.6560000000	n/a	n/a	STATUS	n/a	n/a	DI43
759.7040000000	n/a	n/a	STATUS	n/a	n/a	D255
759.9640000000	n/a	n/a	STATUS	n/a	n/a	DIN5
760.0160000000	n/a	n/a	STATUS	n/a	n/a	D255
760.3480000000	n/a	n/a	STATUS	n/a	n/a	D232
760.4000000000	n/a	n/a	STATUS	n/a	n/a	D255
760.4360000000	n/a	n/a	STATUS	n/a	n/a	DI54
760.4880000000	n/a	n/a	STATUS	n/a	n/a	D255
761.0000000000	n/a	n/a	STATUS	n/a	n/a	DI34
761.0480000000	n/a	n/a	STATUS	n/a	n/a	D255
761.3080000000	n/a	n/a	STATUS	n/a	n/a	DIN5
761.3560000000	n/a	n/a	STATUS	n/a	n/a	D255
761.7080000000	n/a	n/a	STATUS	n/a	n/a	D105
761.7560000000	n/a	n/a	STATUS	n/a	n/a	D255
761.7960000000	n/a	n/a	STATUS	n/a	n/a	DI51
761.8440000000	n/a	n/a	STATUS	n/a	n/a	D255
762.2800000000	n/a	n/a	STATUS	n/a	n/a	DI31
762.3320000000	n/a	n/a	STATUS	n/a	n/a	D255
762.5880000000	n/a	n/a	STATUS	n/a	n/a	DIN5
762.6400000000	n/a	n/a	STATUS	n/a	n/a	D255
763.1000000000	n/a	n/a	STATUS	n/a	n/a	D149
763.1480000000	n/a	n/a	STATUS	n/a	n/a	D255
763.1880000000	n/a	n/a	STATUS	n/a	n/a	DI53
763.2360000000	n/a	n/a	STATUS	n/a	n/a	D255
763.5760000000	n/a	n/a	STATUS	n/a	n/a	DI43
763.6240000000	n/a	n/a	STATUS	n/a	n/a	D255
763.8840000000	n/a	n/a	STATUS	n/a	n/a	DIN5
763.9360000000	n/a	n/a	STATUS	n/a	n/a	D255
764.2840000000	n/a	n/a	STATUS	n/a	n/a	D103
764.3360000000	n/a	n/a	STATUS	n/a	n/a	D255
764.3720000000	n/a	n/a	STATUS	n/a	n/a	DI53
764.4240000000	n/a	n/a	STATUS	n/a	n/a	D255
764.7720000000	n/a	n/a	STATUS	n/a	n/a	DI43
764.8240000000	n/a	n/a	STATUS	n/a	n/a	D255
765.0840000000	n/a	n/a	STATUS	n/a	n/a	DIN5
765.1320000000	n/a	n/a	STATUS	n/a	n/a	D255
765.6320000000	n/a	n/a	STATUS	n/a	n/a	D185
765.6840000000	n/a	n/a	STATUS	n/a	n/a	D255
765.7200000000	n/a	n/a	STATUS	n/a	n/a	DI54
765.7680000000	n/a	n/a	STATUS	n/a	n/a	D255
766.2120000000	n/a	n/a	STATUS	n/a	n/a	DI34
766.2640000000	n/a	n/a	STATUS	n/a	n/a	D255
766.5200000000	n/a	n/a	STATUS	n/a	n/a	DIN5
766.5720000000	n/a	n/a	STATUS	n/a	n/a	D255
767.0720000000	n/a	n/a	STATUS	n/a	n/a	DI85
767.1200000000	n/a	n/a	STATUS	n/a	n/a	D255
767.1600000000	n/a	n/a	STATUS	n/a	n/a	DI51
767.2080000000	n/a	n/a	STATUS	n/a	n/a	D255
767.4960000000	n/a	n/a	STATUS	n/a	n/a	DI21
767.5480000000	n/a	n/a	STATUS	n/a	n/a	D255
767.5520000000	n/a	n/a	STATUS	n/a	n/a	DIN4
767.6040000000	n/a	n/a	STATUS	n/a	n/a	D255
768.3560000000	n/a	n/a	STATUS	n/a	n/a	DIN5
768.4080000000	n/a	n/a	STATUS	n/a	n/a	D255
768.7120000000	n/a	n/a	STATUS	n/a	n/a	D240
768.7640000000	n/a	n/a	STATUS	n/a	n/a	D255
768.8000000000	n/a	n/a	STATUS	n/a	n/a	DI52
768.8520000000	n/a	n/a	STATUS	n/a	n/a	D255
769.4600000000	n/a	n/a	STATUS	n/a	n/a	DI42
769.5120000000	n/a	n/a	STATUS	n/a	n/a	D255
769.7720000000	n/a	n/a	STATUS	n/a	n/a	DIN5
769.8200000000	n/a	n/a	STATUS	n/a	n/a	D255
770.1280000000	n/a	n/a	STATUS	n/a	n/a	DI92
770.1800000000	n/a	n/a	STATUS	n/a	n/a	D255
770.2160000000	n/a	n/a	STATUS	n/a	n/a	DI51
770.2680000000	n/a	n/a	STATUS	n/a	n/a	D255
770.6960000000	n/a	n/a	STATUS	n/a	n/a	DI31
770.7440000000	n/a	n/a	STATUS	n/a	n/a	D255
771.0040000000	n/a	n/a	STATUS	n/a	n/a	DIN5
771.0520000000	n/a	n/a	STATUS	n/a	n/a	D255
771.5520000000	n/a	n/a	STATUS	n/a	n/a	D238
771.6040000000	n/a	n/a	STATUS	n/a	n/a	D255
771.6400000000	n/a	n/a	STATUS	n/a	n/a	DI51
771.6920000000	n/a	n/a	STATUS	n/a	n/a	D255
772.1440000000	n/a	n/a	STATUS	n/a	n/a	DI21
772.1920000000	n/a	n/a	STATUS	n/a	n/a	D255
772.1960000000	n/a	n/a	STATUS	n/a	n/a	DIN4
772.2480000000	n/a	n/a	STATUS	n/a	n/a	D255
773.0040000000	n/a	n/a	STATUS	n/a	n/a	DIN5
773.0520000000	n/a	n/a	STATUS	n/a	n/a	D255
773.4480000000	n/a	n/a	STATUS	n/a	n/a	D193
773.4960000000	n/a	n/a	STATUS	n/a	n/a	D255
773.5360000000	n/a	n/a	STATUS	n/a	n/a	DI54
773.5840000000	n/a	n/a	STATUS	n/a	n/a	D255
773.8840000000	n/a	n/a	STATUS	n/a	n/a	DI34
773.9320000000	n/a	n/a	STATUS	n/a	n/a	D255
774.1920000000	n/a	n/a	STATUS	n/a	n/a	DIN5
774.2440000000	n/a	n/a	STATUS	n/a	n/a	D255
774.6000000000	n/a	n/a	STATUS	n/a	n/a	D112
774.6520000000	n/a	n/a	STATUS	n/a	n/a	D255
774.6880000000	n/a	n/a	STATUS	n/a	n/a	DI53
774.7400000000	n/a	n/a	STATUS	n/a	n/a	D255
775.1040000000	n/a	n/a	STATUS	n/a	n/a	DI43
775.1560000000	n/a	n/a	STATUS	n/a	n/a	D255
775.4160000000	n/a	n/a	STATUS	n/a	n/a	DIN5
775.4640000000	n/a	n/a	STATUS	n/a	n/a	D255
775.9400000000	n/a	n/a	STATUS	n/a	n/a	D101
775.9920000000	n/a	n/a	STATUS	n/a	n/a	D255
776.0280000000	n/a	n/a	STATUS	n/a	n/a	DI51
776.0760000000	n/a	n/a	STATUS	n/a	n/a	D255
776.5760000000	n/a	n/a	STATUS	n/a	n/a	DI31
776.6240000000	n/a	n/a	STATUS	n/a	n/a	D255
776.8840000000	n/a	n/a	STATUS	n/a	n/a	DIN5
776.9360000000	n/a	n/a	STATUS	n/a	n/a	D255
777.3680000000	n/a	n/a	STATUS	n/a	n/a	D122
777.4200000000	n/a	n/a	STATUS	n/a	n/a	D255
777.4560000000	n/a	n/a	STATUS	n/a	n/a	DI52
777.5040000000	n/a	n/a	STATUS	n/a	n/a	D255
777.8240000000	n/a	n/a	STATUS	n/a	n/a	DI42
777.8720000000	n/a	n/a	STATUS	n/a	n/a	D255
778.1320000000	n/a	n/a	STATUS	n/a	n/a	DIN5
778.1800000000	n/a	n/a	STATUS	n/a	n/a	D255
778.5120000000	n/a	n/a	STATUS	n/a	n/a	D137
778.5600000000	n/a	n/a	STATUS	n/a	n/a	D255
778.6000000000	n/a	n/a	STATUS	n/a	n/a	DI52
778.6480000000	n/a	n/a	STATUS	n/a	n/a	D255
779.0320000000	n/a	n/a	STATUS	n/a	n/a	DI42
779.0800000000	n/a	n/a	STATUS	n/a	n/a	D255
779.3400000000	n/a	n/a	STATUS	n/a	n/a	DIN5
779.3920000000	n/a	n/a	STATUS	n/a	n/a	D255
779.7200000000	n/a	n/a	STATUS	n/a	n/a	D150
779.7720000000	n/a	n/a	STATUS	n/a	n/a	D255
779.8080000000	n/a	n/a	STATUS	n/a	n/a	DI52
779.8600000000	n/a	n/a	STATUS	n/a	n/a	D255
780.2080000000	n/a	n/a	STATUS	n/a	n/a	DI42
780.2600000000	n/a	n/a	STATUS	n/a	n/a	D255
780.5200000000	n/a	n/a	STATUS	n/a	n/a	DIN5
780.5680000000	n/a	n/a	STATUS	n/a	n/a	D255
780.8760000000	n/a	n/a	STATUS	n/a	n/a	D191
780.9280000000	n/a	n/a	STATUS	n/a	n/a	D255
780.9640000000	n/a	n/a	STATUS	n/a	n/a	DI52
781.0160000000	n/a	n/a	STATUS	n/a	n/a	D255
781.3280000000	n/a	n/a	STATUS	n/a	n/a	DI42
781.3800000000	n/a	n/a	STATUS	n/a	n/a	D255
781.6400000000	n/a	n/a	STATUS	n/a	n/a	DIN5
781.6880000000	n/a	n/a	STATUS	n/a	n/a	D255
782.0240000000	n/a	n/a	STATUS	n/a	n/a	DI67
782.0760000000	n/a	n/a	STATUS	n/a	n/a	D255
782.1120000000	n/a	n/a	STATUS	n/a	n/a	DI53
782.1600000000	n/a	n/a	STATUS	n/a	n/a	D255
782.4800000000	n/a	n/a	STATUS	n/a	n/a	DI43
782.5320000000	n/a	n/a	STATUS	n/a	n/a	D255
782.7920000000	n/a	n/a	STATUS	n/a	n/a	DIN5
782.8400000000	n/a	n/a	STATUS	n/a	n/a	D255
783.3240000000	n/a	n/a	STATUS	n/a	n/a	D243
783.3760000000	n/a	n/a	STATUS	n/a	n/a	D255
783.4120000000	n/a	n/a	STATUS	n/a	n/a	DI54
783.4640000000	n/a	n/a	STATUS	n/a	n/a	D255
783.7720000000	n/a	n/a	STATUS	n/a	n/a	DI24
783.8200000000	n/a	n/a	STATUS	n/a	n/a	D255
783.8280000000	n/a	n/a	STATUS	n/a	n/a	DIN4
783.8760000000	n/a	n/a	STATUS	n/a	n/a	D255
784.6320000000	n/a	n/a	STATUS	n/a	n/a	DIN5
784.6800000000	n/a	n/a	STATUS	n/a	n/a	D255
785.0000000000	n/a	n/a	STATUS	n/a	n/a	D171
785.0520000000	n/a	n/a	STATUS	n/a	n/a	D255
785.0880000000	n/a	n/a	STATUS	n/a	n/a	DI51
785.1400000000	n/a	n/a	STATUS	n/a	n/a	D255
786.1720000000	n/a	n/a	STATUS	n/a	n/a	DIN3
786.2200000000	n/a	n/a	STATUS	n/a	n/a	D255
786.9760000000	n/a	n/a	STATUS	n/a	n/a	DIN5
787.0280000000	n/a	n/a	STATUS	n/a	n/a	D255
787.3920000000	n/a	n/a	STATUS	n/a	n/a	D176
787.4400000000	n/a	n/a	STATUS	n/a	n/a	D255
787.4800000000	n/a	n/a	STATUS	n/a	n/a	DI53
787.5280000000	n/a	n/a	STATUS	n/a	n/a	D255
787.8960000000	n/a	n/a	STATUS	n/a	n/a	DI43
787.9480000000	n/a	n/a	STATUS	n/a	n/a	D255
788.2080000000	n/a	n/a	STATUS	n/a	n/a	DIN5
788.2560000000	n/a	n/a	STATUS	n/a	n/a	D255
788.6720000000	n/a	n/a	STATUS	n/a	n/a	D239
788.7200000000	n/a	n/a	STATUS	n/a	n/a	D255
788.7600000000	n/a	n/a	STATUS	n/a	n/a	DI53
788.8080000000	n/a	n/a	STATUS	n/a	n/a	D181
788.8120000000	n/a	n/a	STATUS	n/a	n/a	D255
789.1800000000	n/a	n/a	STATUS	n/a	n/a	DI43
789.2320000000	n/a	n/a	STATUS	n/a	n/a	D255
789.4920000000	n/a	n/a	STATUS	n/a	n/a	DIN5
789.5400000000	n/a	n/a	STATUS	n/a	n/a	D255
790.0040000000	n/a	n/a	STATUS	n/a	n/a	D166
790.0560000000	n/a	n/a	STATUS	n/a	n/a	D255
790.0920000000	n/a	n/a	STATUS	n/a	n/a	DI52
790.1440000000	n/a	n/a	STATUS	n/a	n/a	D255
790.5040000000	n/a	n/a	STATUS	n/a	n/a	DI12
790.5560000000	n/a	n/a	STATUS	n/a	n/a	D255
790.5600000000	n/a	n/a	STATUS	n/a	n/a	DIN4
790.6120000000	n/a	n/a	STATUS	n/a	n/a	D255
791.3640000000	n/a	n/a	STATUS	n/a	n/a	DIN5
791.4160000000	n/a	n/a	STATUS	n/a	n/a	D255
791.9160000000	n/a	n/a	STATUS	n/a	n/a	DI84
791.9640000000	n/a	n/a	STATUS	n/a	n/a	D255
792.0040000000	n/a	n/a	STATUS	n/a	n/a	DI51
792.0520000000	n/a	n/a	STATUS	n/a	n/a	D255
792.4000000000	n/a	n/a	STATUS	n/a	n/a	DI31
792.4480000000	n/a	n/a	STATUS	n/a	n/a	D255
792.7080000000	n/a	n/a	STATUS	n/a	n/a	DIN5
792.7600000000	n/a	n/a	STATUS	n/a	n/a	D255
793.1360000000	n/a	n/a	STATUS	n/a	n/a	D200
793.1880000000	n/a	n/a	STATUS	n/a	n/a	D255
793.2240000000	n/a	n/a	STATUS	n/a	n/a	DI52
793.2760000000	n/a	n/a	STATUS	n/a	n/a	D255
793.5720000000	n/a	n/a	STATUS	n/a	n/a	DI42
793.6200000000	n/a	n/a	STATUS	n/a	n/a	D255
793.8800000000	n/a	n/a	STATUS	n/a	n/a	DIN5
793.9280000000	n/a	n/a	STATUS	n/a	n/a	D255
794.3600000000	n/a	n/a	STATUS	n/a	n/a	DI77
794.4080000000	n/a	n/a	STATUS	n/a	n/a	D255
794.4480000000	n/a	n/a	STATUS	n/a	n/a	DI54
794.4960000000	n/a	n/a	STATUS	n/a	n/a	D255
794.8960000000	n/a	n/a	STATUS	n/a	n/a	DI34
794.9480000000	n/a	n/a	STATUS	n/a	n/a	D255
795.2040000000	n/a	n/a	STATUS	n/a	n/a	DIN5
795.2560000000	n/a	n/a	STATUS	n/a	n/a	D255
795.2560000000	n/a	n/a	STATUS	n/a	n/a	D231
795.7200000000	n/a	n/a	STATUS	n/a	n/a	DI99
795.7720000000	n/a	n/a	STATUS	n/a	n/a	D255
795.8080000000	n/a	n/a	STATUS	n/a	n/a	DI52
795.8600000000	n/a	n/a	STATUS	n/a	n/a	D255
796.2040000000	n/a	n/a	STATUS	n/a	n/a	DI42
796.2520000000	n/a	n/a	STATUS	n/a	n/a	D255
796.5120000000	n/a	n/a	STATUS	n/a	n/a	DIN5
796.5640000000	n/a	n/a	STATUS	n/a	n/a	D255
797.0520000000	n/a	n/a	STATUS	n/a	n/a	D107
797.1000000000	n/a	n/a	STATUS	n/a	n/a	D255
797.1400000000	n/a	n/a	STATUS	n/a	n/a	DI51
797.1880000000	n/a	n/a	STATUS	n/a	n/a	D255
797.5680000000	n/a	n/a	STATUS	n/a	n/a	DI31
797.6160000000	n/a	n/a	STATUS	n/a	n/a	D255
797.8760000000	n/a	n/a	STATUS	n/a	n/a	DIN5
797.9280000000	n/a	n/a	STATUS	n/a	n/a	D255
798.3840000000	n/a	n/a	STATUS	n/a	n/a	D228
798.4360000000	n/a	n/a	STATUS	n/a	n/a	D255
798.4720000000	n/a	n/a	STATUS	n/a	n/a	DI54
798.5240000000	n/a	n/a	STATUS	n/a	n/a	D255
798.8200000000	n/a	n/a	STATUS	n/a	n/a	DI34
798.8720000000	n/a	n/a	STATUS	n/a	n/a	D255
799.1320000000	n/a	n/a	STATUS	n/a	n/a	DIN5
799.1800000000	n/a	n/a	STATUS	n/a	n/a	D255
799.6160000000	n/a	n/a	STATUS	n/a	n/a	D127
799.6680000000	n/a	n/a	STATUS	n/a	n/a	D255
799.7040000000	n/a	n/a	STATUS	n/a	n/a	DI54
799.7560000000	n/a	n/a	STATUS	n/a	n/a	D255
800.0600000000	n/a	n/a	STATUS	n/a	n/a	DI34
800.1120000000	n/a	n/a	STATUS	n/a	n/a	D255
800.3720000000	n/a	n/a	STATUS	n/a	n/a	DIN5
800.4200000000	n/a	n/a	STATUS	n/a	n/a	D255
800.8200000000	n/a	n/a	STATUS	n/a	n/a	DI94
800.8720000000	n/a	n/a	STATUS	n/a	n/a	D255
800.9080000000	n/a	n/a	STATUS	n/a	n/a	DI53
800.9560000000	n/a	n/a	STATUS	n/a	n/a	D255
801.3080000000	n/a	n/a	STATUS	n/a	n/a	DI43
801.3560000000	n/a	n/a	STATUS	n/a	n/a	D255
801.6160000000	n/a	n/a	STATUS	n/a	n/a	DIN5
801.6680000000	n/a	n/a	STATUS	n/a	n/a	D255
802.1360000000	n/a	n/a	STATUS	n/a	n/a	D224
802.1880000000	n/a	n/a	STATUS	n/a	n/a	D255
802.2240000000	n/a	n/a	STATUS	n/a	n/a	DI51
802.2720000000	n/a	n/a	STATUS	n/a	n/a	D255
802.6560000000	n/a	n/a	STATUS	n/a	n/a	DI31
802.7040000000	n/a	n/a	STATUS	n/a	n/a	D255
802.9640000000	n/a	n/a	STATUS	n/a	n/a	DIN5
803.0160000000	n/a	n/a	STATUS	n/a	n/a	D255
803.4880000000	n/a	n/a	STATUS	n/a	n/a	DI78
803.5400000000	n/a	n/a	STATUS	n/a	n/a	D255
803.5760000000	n/a	n/a	STATUS	n/a	n/a	DI54
803.6280000000	n/a	n/a	STATUS	n/a	n/a	D255
804.0240000000	n/a	n/a	STATUS	n/a	n/a	DI34
804.0760000000	n/a	n/a	STATUS	n/a	n/a	D255
804.3360000000	n/a	n/a	STATUS	n/a	n/a	DIN5
804.3840000000	n/a	n/a	STATUS	n/a	n/a	D255
804.7240000000	n/a	n/a	STATUS	n/a	n/a	D170
804.7760000000	n/a	n/a	STATUS	n/a	n/a	D255
804.8120000000	n/a	n/a	STATUS	n/a	n/a	DI52
804.8640000000	n/a	n/a	STATUS	n/a	n/a	D255
805.2480000000	n/a	n/a	STATUS	n/a	n/a	DI42
805.2960000000	n/a	n/a	STATUS	n/a	n/a	D255
805.5560000000	n/a	n/a	STATUS	n/a	n/a	DIN5
805.6080000000	n/a	n/a	STATUS	n/a	n/a	D255
805.9920000000	n/a	n/a	STATUS	n/a	n/a	D158
806.0400000000	n/a	n/a	STATUS	n/a	n/a	D255
806.0800000000	n/a	n/a	STATUS	n/a	n/a	DI51
806.1320000000	n/a	n/a	STATUS	n/a	n/a	D255
806.5960000000	n/a	n/a	STATUS	n/a	n/a	DI31
806.6480000000	n/a	n/a	STATUS	n/a	n/a	D255
806.9040000000	n/a	n/a	STATUS	n/a	n/a	DIN5
806.9560000000	n/a	n/a	STATUS	n/a	n/a	D255
807.3600000000	n/a	n/a	STATUS	n/a	n/a	D254
807.4080000000	n/a	n/a	STATUS	n/a	n/a	D255
807.4480000000	n/a	n/a	STATUS	n/a	n/a	DI54
807.5000000000	n/a	n/a	STATUS	n/a	n/a	D255
807.8200000000	n/a	n/a	STATUS	n/a	n/a	DI34
807.8680000000	n/a	n/a	STATUS	n/a	n/a	D255
808.1280000000	n/a	n/a	STATUS	n/a	n/a	DIN5
808.1800000000	n/a	n/a	STATUS	n/a	n/a	D255
808.4960000000	n/a	n/a	STATUS	n/a	n/a	D242
808.5440000000	n/a	n/a	STATUS	n/a	n/a	D255
808.5840000000	n/a	n/a	STATUS	n/a	n/a	DI53
808.6320000000	n/a	n/a	STATUS	n/a	n/a	D255
809.0800000000	n/a	n/a	STATUS	n/a	n/a	DI43
809.1280000000	n/a	n/a	STATUS	n/a	n/a	D255
809.3880000000	n/a	n/a	STATUS	n/a	n/a	DIN5
809.4400000000	n/a	n/a	STATUS	n/a	n/a	D255
809.8680000000	n/a	n/a	STATUS	n/a	n/a	D125
809.9200000000	n/a	n/a	STATUS	n/a	n/a	D255
809.9560000000	n/a	n/a	STATUS	n/a	n/a	DI54
810.0080000000	n/a	n/a	STATUS	n/a	n/a	D255
810.3200000000	n/a	n/a	STATUS	n/a	n/a	DI34
810.3680000000	n/a	n/a	STATUS	n/a	n/a	D255
810.6280000000	n/a	n/a	STATUS	n/a	n/a	DIN5
810.6800000000	n/a	n/a	STATUS	n/a	n/a	D255
811.0080000000	n/a	n/a	STATUS	n/a	n/a	D128
811.0600000000	n/a	n/a	STATUS	n/a	n/a	D255
811.0960000000	n/a	n/a	STATUS	n/a	n/a	DI52
811.1480000000	n/a	n/a	STATUS	n/a	n/a	D255
811.5600000000	n/a	n/a	STATUS	n/a	n/a	DI42
811.6120000000	n/a	n/a	STATUS	n/a	n/a	D255
811.8680000000	n/a	n/a	STATUS	n/a	n/a	DIN5
811.9200000000	n/a	n/a	STATUS	n/a	n/a	D255
812.3680000000	n/a	n/a	STATUS	n/a	n/a	D205
812.4200000000	n/a	n/a	STATUS	n/a	n/a	D255
812.4560000000	n/a	n/a	STATUS	n/a	n/a	DI52
812.5080000000	n/a	n/a	STATUS	n/a	n/a	D255
812.8880000000	n/a	n/a	STATUS	n/a	n/a	DI42
812.9400000000	n/a	n/a	STATUS	n/a	n/a	D255
813.2000000000	n/a	n/a	STATUS	n/a	n/a	DIN5
813.2480000000	n/a	n/a	STATUS	n/a	n/a	D255
813.7440000000	n/a	n/a	STATUS	n/a	n/a	D202
813.7920000000	n/a	n/a	STATUS	n/a	n/a	D255
813.8320000000	n/a	n/a	STATUS	n/a	n/a	DI53
813.8800000000	n/a	n/a	STATUS	n/a	n/a	D255
814.1920000000	n/a	n/a	STATUS	n/a	n/a	DI43
814.2400000000	n/a	n/a	STATUS	n/a	n/a	D255
814.5000000000	n/a	n/a	STATUS	n/a	n/a	DIN5
814.5520000000	n/a	n/a	STATUS	n/a	n/a	D255
814.9400000000	n/a	n/a	STATUS	n/a	n/a	DI93
814.9920000000	n/a	n/a	STATUS	n/a	n/a	D255
815.0280000000	n/a	n/a	STATUS	n/a	n/a	DI51
815.0800000000	n/a	n/a	STATUS	n/a	n/a	D255
815.5440000000	n/a	n/a	STATUS	n/a	n/a	DI31
815.5920000000	n/a	n/a	STATUS	n/a	n/a	D255
815.8520000000	n/a	n/a	STATUS	n/a	n/a	DIN5
815.9040000000	n/a	n/a	STATUS	n/a	n/a	D255
816.2960000000	n/a	n/a	STATUS	n/a	n/a	D189
816.3480000000	n/a	n/a	STATUS	n/a	n/a	D255
816.3840000000	n/a	n/a	STATUS	n/a	n/a	DI51
816.4360000000	n/a	n/a	STATUS	n/a	n/a	D255
816.8920000000	n/a	n/a	STATUS	n/a	n/a	DI31
816.9440000000	n/a	n/a	STATUS	n/a	n/a	D255
817.2000000000	n/a	n/a	STATUS	n/a	n/a	DIN5
817.2520000000	n/a	n/a	STATUS	n/a	n/a	D255
817.6800000000	n/a	n/a	STATUS	n/a	n/a	D110
817.7320000000	n/a	n/a	STATUS	n/a	n/a	D255
817.7680000000	n/a	n/a	STATUS	n/a	n/a	DI53
817.8200000000	n/a	n/a	STATUS	n/a	n/a	D255
818.0840000000	n/a	n/a	STATUS	n/a	n/a	DI43
818.1360000000	n/a	n/a	STATUS	n/a	n/a	D255
818.3960000000	n/a	n/a	STATUS	n/a	n/a	DIN5
818.4440000000	n/a	n/a	STATUS	n/a	n/a	D255
818.9040000000	n/a	n/a	STATUS	n/a	n/a	D151
818.9560000000	n/a	n/a	STATUS	n/a	n/a	D255
818.9920000000	n/a	n/a	STATUS	n/a	n/a	DI54
819.0440000000	n/a	n/a	STATUS	n/a	n/a	D255
819.4000000000	n/a	n/a	STATUS	n/a	n/a	DI34
819.4480000000	n/a	n/a	STATUS	n/a	n/a	D255
819.7080000000	n/a	n/a	STATUS	n/a	n/a	DIN5
819.7600000000	n/a	n/a	STATUS	n/a	n/a	D255
820.1880000000	n/a	n/a	STATUS	n/a	n/a	D249
820.2400000000	n/a	n/a	STATUS	n/a	n/a	D255
820.2760000000	n/a	n/a	STATUS	n/a	n/a	DI51
820.3280000000	n/a	n/a	STATUS	n/a	n/a	D255
820.6280000000	n/a	n/a	STATUS	n/a	n/a	DI21
820.6800000000	n/a	n/a	STATUS	n/a	n/a	D255
820.6840000000	n/a	n/a	STATUS	n/a	n/a	DIN4
820.7360000000	n/a	n/a	STATUS	n/a	n/a	D255
821.4920000000	n/a	n/a	STATUS	n/a	n/a	DIN5
821.5400000000	n/a	n/a	STATUS	n/a	n/a	D255
821.8600000000	n/a	n/a	STATUS	n/a	n/a	D130
821.9120000000	n/a	n/a	STATUS	n/a	n/a	D255
821.9480000000	n/a	n/a	STATUS	n/a	n/a	DI53
821.9960000000	n/a	n/a	STATUS	n/a	n/a	D255
822.2800000000	n/a	n/a	STATUS	n/a	n/a	DI43
822.3280000000	n/a	n/a	STATUS	n/a	n/a	D255
822.5880000000	n/a	n/a	STATUS	n/a	n/a	DIN5
822.6400000000	n/a	n/a	STATUS	n/a	n/a	D255
823.0040000000	n/a	n/a	STATUS	n/a	n/a	DI89
823.0520000000	n/a	n/a	STATUS	n/a	n/a	D255
823.0920000000	n/a	n/a	STATUS	n/a	n/a	DI52
823.1440000000	n/a	n/a	STATUS	n/a	n/a	D255
823.5560000000	n/a	n/a	STATUS	n/a	n/a	DI42
823.6080000000	n/a	n/a	STATUS	n/a	n/a	D255
823.8680000000	n/a	n/a	STATUS	n/a	n/a	DIN5
823.9160000000	n/a	n/a	STATUS	n/a	n/a	D255
824.4120000000	n/a	n/a	STATUS	n/a	n/a	D196
824.4600000000	n/a	n/a	STATUS	n/a	n/a	D255
824.5000000000	n/a	n/a	STATUS	n/a	n/a	DI54
824.5480000000	n/a	n/a	STATUS	n/a	n/a	D255
825.0040000000	n/a	n/a	STATUS	n/a	n/a	DI34
825.0560000000	n/a	n/a	STATUS	n/a	n/a	D255
825.3160000000	n/a	n/a	STATUS	n/a	n/a	DIN5
825.3640000000	n/a	n/a	STATUS	n/a	n/a	D255
825.6760000000	n/a	n/a	STATUS	n/a	n/a	D199
825.7240000000	n/a	n/a	STATUS	n/a	n/a	D255
825.7640000000	n/a	n/a	STATUS	n/a	n/a	DI51
825.8120000000	n/a	n/a	STATUS	n/a	n/a	D255
826.1960000000	n/a	n/a	STATUS	n/a	n/a	DI31
826.2480000000	n/a	n/a	STATUS	n/a	n/a	D255
826.5080000000	n/a	n/a	STATUS	n/a	n/a	DIN5
826.5560000000	n/a	n/a	STATUS	n/a	n/a	D255
826.9120000000	n/a	n/a	STATUS	n/a	n/a	D106
826.9600000000	n/a	n/a	STATUS	n/a	n/a	D255
827.0000000000	n/a	n/a	STATUS	n/a	n/a	DI54
827.0480000000	n/a	n/a	STATUS	n/a	n/a	D255
827.3680000000	n/a	n/a	STATUS	n/a	n/a	DI34
827.4160000000	n/a	n/a	STATUS	n/a	n/a	D255
827.6760000000	n/a	n/a	STATUS	n/a	n/a	DIN5
827.7280000000	n/a	n/a	STATUS	n/a	n/a	D255
828.0520000000	n/a	n/a	STATUS	n/a	n/a	D179
828.1000000000	n/a	n/a	STATUS	n/a	n/a	D255
828.1400000000	n/a	n/a	STATUS	n/a	n/a	DI53
828.1880000000	n/a	n/a	STATUS	n/a	n/a	D255
828.5000000000	n/a	n/a	STATUS	n/a	n/a	DI43
828.5520000000	n/a	n/a	STATUS	n/a	n/a	D255
828.8120000000	n/a	n/a	STATUS	n/a	n/a	DIN5
828.8600000000	n/a	n/a	STATUS	n/a	n/a	D255
829.3600000000	n/a	n/a	STATUS	n/a	n/a	D241
829.4080000000	n/a	n/a	STATUS	n/a	n/a	D255
829.4480000000	n/a	n/a	STATUS	n/a	n/a	DI52
829.5000000000	n/a	n/a	STATUS	n/a	n/a	D255
829.8640000000	n/a	n/a	STATUS	n/a	n/a	DI12
829.9160000000	n/a	n/a	STATUS	n/a	n/a	D255
829.9200000000	n/a	n/a	STATUS	n/a	n/a	DIN4
829.9720000000	n/a	n/a	STATUS	n/a	n/a	D255
830.7240000000	n/a	n/a	STATUS	n/a	n/a	DIN5
830.7760000000	n/a	n/a	STATUS	n/a	n/a	D255
831.1240000000	n/a	n/a	STATUS	n/a	n/a	D215
831.1720000000	n/a	n/a	STATUS	n/a	n/a	D255
831.2120000000	n/a	n/a	STATUS	n/a	n/a	DI53
831.2640000000	n/a	n/a	STATUS	n/a	n/a	D255
831.5440000000	n/a	n/a	STATUS	n/a	n/a	DI43
831.5960000000	n/a	n/a	STATUS	n/a	n/a	D255
831.5960000000	n/a	n/a	STATUS	n/a	n/a	D235
831.8560000000	n/a	n/a	STATUS	n/a	n/a	DIN5
831.9040000000	n/a	n/a	STATUS	n/a	n/a	D255
832.2640000000	n/a	n/a	STATUS	n/a	n/a	D203
832.3160000000	n/a	n/a	STATUS	n/a	n/a	D255
832.3520000000	n/a	n/a	STATUS	n/a	n/a	DI54
832.4040000000	n/a	n/a	STATUS	n/a	n/a	D255
832.8360000000	n/a	n/a	STATUS	n/a	n/a	DI34
832.8840000000	n/a	n/a	STATUS	n/a	n/a	D255
833.1440000000	n/a	n/a	STATUS	n/a	n/a	DIN5
833.1960000000	n/a	n/a	STATUS	n/a	n/a	D255
833.6680000000	n/a	n/a	STATUS	n/a	n/a	D119
833.7200000000	n/a	n/a	STATUS	n/a	n/a	D255
833.7560000000	n/a	n/a	STATUS	n/a	n/a	DI52
833.8080000000	n/a	n/a	STATUS	n/a	n/a	D255
834.2520000000	n/a	n/a	STATUS	n/a	n/a	DI42
834.3000000000	n/a	n/a	STATUS	n/a	n/a	D255
834.5600000000	n/a	n/a	STATUS	n/a	n/a	DIN5
834.6120000000	n/a	n/a	STATUS	n/a	n/a	D255
835.0760000000	n/a	n/a	STATUS	n/a	n/a	DI74
835.1240000000	n/a	n/a	STATUS	n/a	n/a	D255
835.1600000000	n/a	n/a	STATUS	n/a	n/a	DI53
835.2120000000	n/a	n/a	STATUS	n/a	n/a	D255
835.6080000000	n/a	n/a	STATUS	n/a	n/a	DI43
835.6560000000	n/a	n/a	STATUS	n/a	n/a	D255
835.9160000000	n/a	n/a	STATUS	n/a	n/a	DIN5
835.9680000000	n/a	n/a	STATUS	n/a	n/a	D255
836.3280000000	n/a	n/a	STATUS	n/a	n/a	D135
836.3760000000	n/a	n/a	STATUS	n/a	n/a	D255
836.4160000000	n/a	n/a	STATUS	n/a	n/a	DI51
836.4640000000	n/a	n/a	STATUS	n/a	n/a	D255
836.8280000000	n/a	n/a	STATUS	n/a	n/a	DI31
836.8760000000	n/a	n/a	STATUS	n/a	n/a	D255
837.1360000000	n/a	n/a	STATUS	n/a	n/a	DIN5
837.1880000000	n/a	n/a	STATUS	n/a	n/a	D255
837.6920000000	n/a	n/a	STATUS	n/a	n/a	D226
837.7400000000	n/a	n/a	STATUS	n/a	n/a	D255
837.7800000000	n/a	n/a	STATUS	n/a	n/a	DI51
837.8280000000	n/a	n/a	STATUS	n/a	n/a	D255
838.2040000000	n/a	n/a	STATUS	n/a	n/a	DI31
838.2520000000	n/a	n/a	STATUS	n/a	n/a	D255
846.1760000000	n/a	n/a	STATUS	n/a	n/a	DIN5
846.2280000000	n/a	n/a	STATUS	n/a	n/a	D255
846.6000000000	n/a	n/a	STATUS	n/a	n/a	DI72
846.6480000000	n/a	n/a	STATUS	n/a	n/a	D255
846.6840000000	n/a	n/a	STATUS	n/a	n/a	DI54
846.7360000000	n/a	n/a	STATUS	n/a	n/a	D255
847.0800000000	n/a	n/a	STATUS	n/a	n/a	DI34
847.1280000000	n/a	n/a	STATUS	n/a	n/a	D255
847.3880000000	n/a	n/a	STATUS	n/a	n/a	DIN5
847.4400000000	n/a	n/a	STATUS	n/a	n/a	D255
847.8120000000	n/a	n/a	STATUS	n/a	n/a	DI83
847.8640000000	n/a	n/a	STATUS	n/a	n/a	D255
847.9000000000	n/a	n/a	STATUS	n/a	n/a	DI51
847.9480000000	n/a	n/a	STATUS	n/a	n/a	D255
848.3200000000	n/a	n/a	STATUS	n/a	n/a	DI31
848.3680000000	n/a	n/a	STATUS	n/a	n/a	D255
848.6280000000	n/a	n/a	STATUS	n/a	n/a	DIN5
848.6800000000	n/a	n/a	STATUS	n/a	n/a	D255
849.0200000000	n/a	n/a	STATUS	n/a	n/a	D243
849.0680000000	n/a	n/a	STATUS	n/a	n/a	D255
849.1080000000	n/a	n/a	STATUS	n/a	n/a	DI51
849.1560000000	n/a	n/a	STATUS	n/a	n/a	D255
849.6120000000	n/a	n/a	STATUS	n/a	n/a	DI31
849.6600000000	n/a	n/a	STATUS	n/a	n/a	D255
849.9200000000	n/a	n/a	STATUS	n/a	n/a	DIN5
849.9680000000	n/a	n/a	STATUS	n/a	n/a	D255
850.4040000000	n/a	n/a	STATUS	n/a	n/a	D188
850.4560000000	n/a	n/a	STATUS	n/a	n/a	D255
850.4920000000	n/a	n/a	STATUS	n/a	n/a	DI53
850.5440000000	n/a	n/a	STATUS	n/a	n/a	D255
851.0280000000	n/a	n/a	STATUS	n/a	n/a	DI43
851.0760000000	n/a	n/a	STATUS	n/a	n/a	D255
851.3360000000	n/a	n/a	STATUS	n/a	n/a	DIN5
851.3880000000	n/a	n/a	STATUS	n/a	n/a	D255
851.7120000000	n/a	n/a	STATUS	n/a	n/a	D198
851.7600000000	n/a	n/a	STATUS	n/a	n/a	D255
851.8000000000	n/a	n/a	STATUS	n/a	n/a	DI52
851.8480000000	n/a	n/a	STATUS	n/a	n/a	D255
852.2400000000	n/a	n/a	STATUS	n/a	n/a	DI42
852.2920000000	n/a	n/a	STATUS	n/a	n/a	D255
852.5480000000	n/a	n/a	STATUS	n/a	n/a	DIN5
852.6000000000	n/a	n/a	STATUS	n/a	n/a	D255
852.9760000000	n/a	n/a	STATUS	n/a	n/a	D148
853.0240000000	n/a	n/a	STATUS	n/a	n/a	D255
853.0640000000	n/a	n/a	STATUS	n/a	n/a	DI51
853.1120000000	n/a	n/a	STATUS	n/a	n/a	D255
853.4560000000	n/a	n/a	STATUS	n/a	n/a	DI31
853.5040000000	n/a	n/a	STATUS	n/a	n/a	D255
853.7640000000	n/a	n/a	STATUS	n/a	n/a	DIN5
853.8160000000	n/a	n/a	STATUS	n/a	n/a	D255
854.2800000000	n/a	n/a	STATUS	n/a	n/a	D127
854.3280000000	n/a	n/a	STATUS	n/a	n/a	D255
854.3680000000	n/a	n/a	STATUS	n/a	n/a	DI52
854.4160000000	n/a	n/a	STATUS	n/a	n/a	D255
854.7640000000	n/a	n/a	STATUS	n/a	n/a	DI42
854.8120000000	n/a	n/a	STATUS	n/a	n/a	D255
855.0720000000	n/a	n/a	STATUS	n/a	n/a	DIN5
855.1200000000	n/a	n/a	STATUS	n/a	n/a	D255
855.5560000000	n/a	n/a	STATUS	n/a	n/a	D106
855.6080000000	n/a	n/a	STATUS	n/a	n/a	D255
855.6440000000	n/a	n/a	STATUS	n/a	n/a	DI51
855.6920000000	n/a	n/a	STATUS	n/a	n/a	D255
856.0560000000	n/a	n/a	STATUS	n/a	n/a	DI31
856.1040000000	n/a	n/a	STATUS	n/a	n/a	D255
856.3640000000	n/a	n/a	STATUS	n/a	n/a	DIN5
856.4160000000	n/a	n/a	STATUS	n/a	n/a	D255
856.8920000000	n/a	n/a	STATUS	n/a	n/a	D114
856.9440000000	n/a	n/a	STATUS	n/a	n/a	D255
856.9800000000	n/a	n/a	STATUS	n/a	n/a	DI52
857.0320000000	n/a	n/a	STATUS	n/a	n/a	D255
857.3880000000	n/a	n/a	STATUS	n/a	n/a	DI42
857.4400000000	n/a	n/a	STATUS	n/a	n/a	D255
857.6960000000	n/a	n/a	STATUS	n/a	n/a	DIN5
857.7480000000	n/a	n/a	STATUS	n/a	n/a	D255
858.1120000000	n/a	n/a	STATUS	n/a	n/a	D140
858.1640000000	n/a	n/a	STATUS	n/a	n/a	D255
858.2000000000	n/a	n/a	STATUS	n/a	n/a	DI54
858.2520000000	n/a	n/a	STATUS	n/a	n/a	D255
858.6160000000	n/a	n/a	STATUS	n/a	n/a	DI34
858.6680000000	n/a	n/a	STATUS	n/a	n/a	D255
858.9240000000	n/a	n/a	STATUS	n/a	n/a	DIN5
858.9760000000	n/a	n/a	STATUS	n/a	n/a	D255
859.4160000000	n/a	n/a	STATUS	n/a	n/a	DI75
859.4640000000	n/a	n/a	STATUS	n/a	n/a	D255
859.5040000000	n/a	n/a	STATUS	n/a	n/a	DI53
859.5520000000	n/a	n/a	STATUS	n/a	n/a	D255
859.8480000000	n/a	n/a	STATUS	n/a	n/a	DI43
859.9000000000	n/a	n/a	STATUS	n/a	n/a	D255
860.1600000000	n/a	n/a	STATUS	n/a	n/a	DIN5
860.2080000000	n/a	n/a	STATUS	n/a	n/a	D255
860.6760000000	n/a	n/a	STATUS	n/a	n/a	DI76
860.7280000000	n/a	n/a	STATUS	n/a	n/a	D255
860.7640000000	n/a	n/a	STATUS	n/a	n/a	DI53
860.8160000000	n/a	n/a	STATUS	n/a	n/a	D255
861.1600000000	n/a	n/a	STATUS	n/a	n/a	DI43
861.2080000000	n/a	n/a	STATUS	n/a	n/a	D255
861.4680000000	n/a	n/a	STATUS	n/a	n/a	DIN5
861.5160000000	n/a	n/a	STATUS	n/a	n/a	D255
861.8480000000	n/a	n/a	STATUS	n/a	n/a	DI68
861.8960000000	n/a	n/a	STATUS	n/a	n/a	D255
861.9360000000	n/a	n/a	STATUS	n/a	n/a	DI51
861.9840000000	n/a	n/a	STATUS	n/a	n/a	D255
862.3520000000	n/a	n/a	STATUS	n/a	n/a	DI31
862.4000000000	n/a	n/a	STATUS	n/a	n/a	D255
862.6600000000	n/a	n/a	STATUS	n/a	n/a	DIN5
862.7120000000	n/a	n/a	STATUS	n/a	n/a	D255
863.0200000000	n/a	n/a	STATUS	n/a	n/a	D230
863.0720000000	n/a	n/a	STATUS	n/a	n/a	D255
863.1080000000	n/a	n/a	STATUS	n/a	n/a	DI52
863.1600000000	n/a	n/a	STATUS	n/a	n/a	D255
863.5880000000	n/a	n/a	STATUS	n/a	n/a	DI42
863.6400000000	n/a	n/a	STATUS	n/a	n/a	D255
863.8960000000	n/a	n/a	STATUS	n/a	n/a	DIN5
863.9480000000	n/a	n/a	STATUS	n/a	n/a	D255
864.3320000000	n/a	n/a	STATUS	n/a	n/a	D233
864.3840000000	n/a	n/a	STATUS	n/a	n/a	D255
864.4200000000	n/a	n/a	STATUS	n/a	n/a	DI51
864.4720000000	n/a	n/a	STATUS	n/a	n/a	D255
864.7520000000	n/a	n/a	STATUS	n/a	n/a	DI21
864.8000000000	n/a	n/a	STATUS	n/a	n/a	D255
864.8040000000	n/a	n/a	STATUS	n/a	n/a	DIN4
864.8560000000	n/a	n/a	STATUS	n/a	n/a	D255
865.6080000000	n/a	n/a	STATUS	n/a	n/a	DIN5
865.6600000000	n/a	n/a	STATUS	n/a	n/a	D255
865.9880000000	n/a	n/a	STATUS	n/a	n/a	D159
866.0400000000	n/a	n/a	STATUS	n/a	n/a	D255
866.0760000000	n/a	n/a	STATUS	n/a	n/a	DI54
866.1280000000	n/a	n/a	STATUS	n/a	n/a	D255
866.4400000000	n/a	n/a	STATUS	n/a	n/a	DI34
866.4880000000	n/a	n/a	STATUS	n/a	n/a	D255
866.7480000000	n/a	n/a	STATUS	n/a	n/a	DIN5
866.7960000000	n/a	n/a	STATUS	n/a	n/a	D255
867.2800000000	n/a	n/a	STATUS	n/a	n/a	D162
867.3320000000	n/a	n/a	STATUS	n/a	n/a	D255
867.3680000000	n/a	n/a	STATUS	n/a	n/a	DI51
867.4200000000	n/a	n/a	STATUS	n/a	n/a	D255
867.8000000000	n/a	n/a	STATUS	n/a	n/a	DI31
867.8520000000	n/a	n/a	STATUS	n/a	n/a	D255
868.1120000000	n/a	n/a	STATUS	n/a	n/a	DIN5
868.1600000000	n/a	n/a	STATUS	n/a	n/a	D255
868.6360000000	n/a	n/a	STATUS	n/a	n/a	D120
868.6880000000	n/a	n/a	STATUS	n/a	n/a	D255
868.7240000000	n/a	n/a	STATUS	n/a	n/a	DI52
868.7760000000	n/a	n/a	STATUS	n/a	n/a	D255
869.1040000000	n/a	n/a	STATUS	n/a	n/a	DI42
869.1560000000	n/a	n/a	STATUS	n/a	n/a	D255
869.4160000000	n/a	n/a	STATUS	n/a	n/a	DIN5
869.4640000000	n/a	n/a	STATUS	n/a	n/a	D255
869.8080000000	n/a	n/a	STATUS	n/a	n/a	D241
869.8600000000	n/a	n/a	STATUS	n/a	n/a	D255
869.8960000000	n/a	n/a	STATUS	n/a	n/a	DI52
869.9480000000	n/a	n/a	STATUS	n/a	n/a	D255
870.4840000000	n/a	n/a	STATUS	n/a	n/a	DI42
870.5360000000	n/a	n/a	STATUS	n/a	n/a	D255
870.7960000000	n/a	n/a	STATUS	n/a	n/a	DIN5
870.8440000000	n/a	n/a	STATUS	n/a	n/a	D255
871.3240000000	n/a	n/a	STATUS	n/a	n/a	D214
871.3760000000	n/a	n/a	STATUS	n/a	n/a	D255
871.4120000000	n/a	n/a	STATUS	n/a	n/a	DI54
871.4640000000	n/a	n/a	STATUS	n/a	n/a	D255
871.7480000000	n/a	n/a	STATUS	n/a	n/a	DI34
871.8000000000	n/a	n/a	STATUS	n/a	n/a	D255
872.0560000000	n/a	n/a	STATUS	n/a	n/a	DIN5
872.1080000000	n/a	n/a	STATUS	n/a	n/a	D255
872.6040000000	n/a	n/a	STATUS	n/a	n/a	D217
872.6520000000	n/a	n/a	STATUS	n/a	n/a	D255
872.6920000000	n/a	n/a	STATUS	n/a	n/a	DI51
872.7400000000	n/a	n/a	STATUS	n/a	n/a	D255
873.1520000000	n/a	n/a	STATUS	n/a	n/a	DI31
873.2000000000	n/a	n/a	STATUS	n/a	n/a	D255
873.4600000000	n/a	n/a	STATUS	n/a	n/a	DIN5
873.5120000000	n/a	n/a	STATUS	n/a	n/a	D255
873.8840000000	n/a	n/a	STATUS	n/a	n/a	D109
873.9360000000	n/a	n/a	STATUS	n/a	n/a	D255
873.9720000000	n/a	n/a	STATUS	n/a	n/a	DI51
874.0240000000	n/a	n/a	STATUS	n/a	n/a	D255
874.3680000000	n/a	n/a	STATUS	n/a	n/a	DI31
874.4200000000	n/a	n/a	STATUS	n/a	n/a	D255
874.6760000000	n/a	n/a	STATUS	n/a	n/a	DIN5
874.7280000000	n/a	n/a	STATUS	n/a	n/a	D255
875.0960000000	n/a	n/a	STATUS	n/a	n/a	DI67
875.1480000000	n/a	n/a	STATUS	n/a	n/a	D255
875.1840000000	n/a	n/a	STATUS	n/a	n/a	DI53
875.2360000000	n/a	n/a	STATUS	n/a	n/a	D255
875.4920000000	n/a	n/a	STATUS	n/a	n/a	DI43
875.5440000000	n/a	n/a	STATUS	n/a	n/a	D255
875.8040000000	n/a	n/a	STATUS	n/a	n/a	DIN5
875.8520000000	n/a	n/a	STATUS	n/a	n/a	D255
876.1920000000	n/a	n/a	STATUS	n/a	n/a	D112
876.2440000000	n/a	n/a	STATUS	n/a	n/a	D255
876.2800000000	n/a	n/a	STATUS	n/a	n/a	DI52
876.3280000000	n/a	n/a	STATUS	n/a	n/a	D255
876.7200000000	n/a	n/a	STATUS	n/a	n/a	DI42
876.7720000000	n/a	n/a	STATUS	n/a	n/a	D255
877.0320000000	n/a	n/a	STATUS	n/a	n/a	DIN5
877.0800000000	n/a	n/a	STATUS	n/a	n/a	D255
877.4360000000	n/a	n/a	STATUS	n/a	n/a	D200
877.4880000000	n/a	n/a	STATUS	n/a	n/a	D255
877.5240000000	n/a	n/a	STATUS	n/a	n/a	DI53
877.5720000000	n/a	n/a	STATUS	n/a	n/a	D255
877.9120000000	n/a	n/a	STATUS	n/a	n/a	DI43
877.9600000000	n/a	n/a	STATUS	n/a	n/a	D255
878.2200000000	n/a	n/a	STATUS	n/a	n/a	DIN5
878.2720000000	n/a	n/a	STATUS	n/a	n/a	D255
878.6160000000	n/a	n/a	STATUS	n/a	n/a	D174
878.6680000000	n/a	n/a	STATUS	n/a	n/a	D255
878.7040000000	n/a	n/a	STATUS	n/a	n/a	DI52
878.7560000000	n/a	n/a	STATUS	n/a	n/a	D255
879.2000000000	n/a	n/a	STATUS	n/a	n/a	DI12
879.2480000000	n/a	n/a	STATUS	n/a	n/a	D255
879.2520000000	n/a	n/a	STATUS	n/a	n/a	DIN4
879.3040000000	n/a	n/a	STATUS	n/a	n/a	D255
880.0560000000	n/a	n/a	STATUS	n/a	n/a	DIN5
880.1080000000	n/a	n/a	STATUS	n/a	n/a	D255
880.4720000000	n/a	n/a	STATUS	n/a	n/a	D229
880.5240000000	n/a	n/a	STATUS	n/a	n/a	D255
880.5600000000	n/a	n/a	STATUS	n/a	n/a	DI52
880.6120000000	n/a	n/a	STATUS	n/a	n/a	D255
880.9600000000	n/a	n/a	STATUS	n/a	n/a	DI42
881.0120000000	n/a	n/a	STATUS	n/a	n/a	D255
881.2720000000	n/a	n/a	STATUS	n/a	n/a	DIN5
881.3200000000	n/a	n/a	STATUS	n/a	n/a	D255
881.8240000000	n/a	n/a	STATUS	n/a	n/a	D135
881.8760000000	n/a	n/a	STATUS	n/a	n/a	D255
881.9120000000	n/a	n/a	STATUS	n/a	n/a	DI53
881.9640000000	n/a	n/a	STATUS	n/a	n/a	D255
882.2680000000	n/a	n/a	STATUS	n/a	n/a	DI43
882.3160000000	n/a	n/a	STATUS	n/a	n/a	D255
882.5760000000	n/a	n/a	STATUS	n/a	n/a	DIN5
882.6240000000	n/a	n/a	STATUS	n/a	n/a	D255
882.9360000000	n/a	n/a	STATUS	n/a	n/a	D161
882.9840000000	n/a	n/a	STATUS	n/a	n/a	D255
883.0200000000	n/a	n/a	STATUS	n/a	n/a	DI53
883.0720000000	n/a	n/a	STATUS	n/a	n/a	D255
883.3800000000	n/a	n/a	STATUS	n/a	n/a	DI43
883.4280000000	n/a	n/a	STATUS	n/a	n/a	D255
883.6880000000	n/a	n/a	STATUS	n/a	n/a	DIN5
883.7360000000	n/a	n/a	STATUS	n/a	n/a	D255
884.2160000000	n/a	n/a	STATUS	n/a	n/a	D160
884.2680000000	n/a	n/a	STATUS	n/a	n/a	D255
884.3040000000	n/a	n/a	STATUS	n/a	n/a	DI51
884.3560000000	n/a	n/a	STATUS	n/a	n/a	D255
884.7000000000	n/a	n/a	STATUS	n/a	n/a	DI21
884.7520000000	n/a	n/a	STATUS	n/a	n/a	D255
884.7560000000	n/a	n/a	STATUS	n/a	n/a	DIN4
884.8040000000	n/a	n/a	STATUS	n/a	n/a	D255
885.5600000000	n/a	n/a	STATUS	n/a	n/a	DIN5
885.6120000000	n/a	n/a	STATUS	n/a	n/a	D255
886.0560000000	n/a	n/a	STATUS	n/a	n/a	D209
886.1040000000	n/a	n/a	STATUS	n/a	n/a	D255
886.1440000000	n/a	n/a	STATUS	n/a	n/a	DI51
886.1920000000	n/a	n/a	STATUS	n/a	n/a	D255
886.6800000000	n/a	n/a	STATUS	n/a	n/a	DI31
886.7280000000	n/a	n/a	STATUS	n/a	n/a	D255
886.9880000000	n/a	n/a	STATUS	n/a	n/a	DIN5
887.0400000000	n/a	n/a	STATUS	n/a	n/a	D255
887.3640000000	n/a	n/a	STATUS	n/a	n/a	D176
887.4120000000	n/a	n/a	STATUS	n/a	n/a	D255
887.4520000000	n/a	n/a	STATUS	n/a	n/a	DI52
887.5000000000	n/a	n/a	STATUS	n/a	n/a	D255
887.8680000000	n/a	n/a	STATUS	n/a	n/a	DI42
887.9160000000	n/a	n/a	STATUS	n/a	n/a	D255
888.1760000000	n/a	n/a	STATUS	n/a	n/a	DIN5
888.2280000000	n/a	n/a	STATUS	n/a	n/a	D255
888.5320000000	n/a	n/a	STATUS	n/a	n/a	D184
888.5800000000	n/a	n/a	STATUS	n/a	n/a	D255
888.6200000000	n/a	n/a	STATUS	n/a	n/a	DI52
888.6680000000	n/a	n/a	STATUS	n/a	n/a	D255
889.1120000000	n/a	n/a	STATUS	n/a	n/a	DI42
889.1600000000	n/a	n/a	STATUS	n/a	n/a	D255
889.4200000000	n/a	n/a	STATUS	n/a	n/a	DIN5
889.4720000000	n/a	n/a	STATUS	n/a	n/a	D255
889.9440000000	n/a	n/a	STATUS	n/a	n/a	D186
889.9960000000	n/a	n/a	STATUS	n/a	n/a	D255
890.0320000000	n/a	n/a	STATUS	n/a	n/a	DI52
890.0840000000	n/a	n/a	STATUS	n/a	n/a	D255
890.4560000000	n/a	n/a	STATUS	n/a	n/a	DI42
890.5040000000	n/a	n/a	STATUS	n/a	n/a	D255
890.7640000000	n/a	n/a	STATUS	n/a	n/a	DIN5
890.8160000000	n/a	n/a	STATUS	n/a	n/a	D255
891.1560000000	n/a	n/a	STATUS	n/a	n/a	DI84
891.2040000000	n/a	n/a	STATUS	n/a	n/a	D255
891.2400000000	n/a	n/a	STATUS	n/a	n/a	DI53
891.2920000000	n/a	n/a	STATUS	n/a	n/a	D255
891.5720000000	n/a	n/a	STATUS	n/a	n/a	DI43
891.6240000000	n/a	n/a	STATUS	n/a	n/a	D255
891.8800000000	n/a	n/a	STATUS	n/a	n/a	DIN5
891.9320000000	n/a	n/a	STATUS	n/a	n/a	D255
892.3440000000	n/a	n/a	STATUS	n/a	n/a	DI85
892.3960000000	n/a	n/a	STATUS	n/a	n/a	D255
892.4320000000	n/a	n/a	STATUS	n/a	n/a	DI51
892.4840000000	n/a	n/a	STATUS	n/a	n/a	D255
892.7520000000	n/a	n/a	STATUS	n/a	n/a	DI21
892.8040000000	n/a	n/a	STATUS	n/a	n/a	D255
892.8080000000	n/a	n/a	STATUS	n/a	n/a	DIN4
892.8560000000	n/a	n/a	STATUS	n/a	n/a	D255
893.6120000000	n/a	n/a	STATUS	n/a	n/a	DIN5
893.6600000000	n/a	n/a	STATUS	n/a	n/a	D255
894.1360000000	n/a	n/a	STATUS	n/a	n/a	D103
894.1880000000	n/a	n/a	STATUS	n/a	n/a	D255
894.2240000000	n/a	n/a	STATUS	n/a	n/a	DI53
894.2760000000	n/a	n/a	STATUS	n/a	n/a	D255
894.5360000000	n/a	n/a	STATUS	n/a	n/a	DI43
894.5840000000	n/a	n/a	STATUS	n/a	n/a	D255
894.8440000000	n/a	n/a	STATUS	n/a	n/a	DIN5
894.8960000000	n/a	n/a	STATUS	n/a	n/a	D255
895.3520000000	n/a	n/a	STATUS	n/a	n/a	D165
895.4040000000	n/a	n/a	STATUS	n/a	n/a	D255
895.4400000000	n/a	n/a	STATUS	n/a	n/a	DI52
895.4920000000	n/a	n/a	STATUS	n/a	n/a	D255
895.8520000000	n/a	n/a	STATUS	n/a	n/a	DI12
895.9040000000	n/a	n/a	STATUS	n/a	n/a	D255
895.9080000000	n/a	n/a	STATUS	n/a	n/a	DIN4
895.9560000000	n/a	n/a	STATUS	n/a	n/a	D255
896.7120000000	n/a	n/a	STATUS	n/a	n/a	DIN5
896.7640000000	n/a	n/a	STATUS	n/a	n/a	D255
897.0880000000	n/a	n/a	STATUS	n/a	n/a	D175
897.1360000000	n/a	n/a	STATUS	n/a	n/a	D255
897.1760000000	n/a	n/a	STATUS	n/a	n/a	DI54
897.2240000000	n/a	n/a	STATUS	n/a	n/a	D255
897.5360000000	n/a	n/a	STATUS	n/a	n/a	DI34
897.5840000000	n/a	n/a	STATUS	n/a	n/a	D255
897.8440000000	n/a	n/a	STATUS	n/a	n/a	DIN5
897.8920000000	n/a	n/a	STATUS	n/a	n/a	D255
898.2680000000	n/a	n/a	STATUS	n/a	n/a	D131
898.3200000000	n/a	n/a	STATUS	n/a	n/a	D255
898.3560000000	n/a	n/a	STATUS	n/a	n/a	DI53
898.4080000000	n/a	n/a	STATUS	n/a	n/a	D255
898.8400000000	n/a	n/a	STATUS	n/a	n/a	DI43
898.8920000000	n/a	n/a	STATUS	n/a	n/a	D255
899.1520000000	n/a	n/a	STATUS	n/a	n/a	DIN5
899.2000000000	n/a	n/a	STATUS	n/a	n/a	D255
899.6160000000	n/a	n/a	STATUS	n/a	n/a	DI73
899.6640000000	n/a	n/a	STATUS	n/a	n/a	D255
899.7040000000	n/a	n/a	STATUS	n/a	n/a	DI53
899.7520000000	n/a	n/a	STATUS	n/a	n/a	D255
900.2080000000	n/a	n/a	STATUS	n/a	n/a	DI43
900.2560000000	n/a	n/a	STATUS	n/a	n/a	D255
900.5160000000	n/a	n/a	STATUS	n/a	n/a	DIN5
900.5640000000	n/a	n/a	STATUS	n/a	n/a	D255
900.8800000000	n/a	n/a	STATUS	n/a	n/a	D171
900.9320000000	n/a	n/a	STATUS	n/a	n/a	D255
900.9680000000	n/a	n/a	STATUS	n/a	n/a	DI51
901.0200000000	n/a	n/a	STATUS	n/a	n/a	D255
901.3480000000	n/a	n/a	STATUS	n/a	n/a	DI21
901.3960000000	n/a	n/a	STATUS	n/a	n/a	D255
901.4000000000	n/a	n/a	STATUS	n/a	n/a	DIN4
901.4520000000	n/a	n/a	STATUS	n/a	n/a	D255
902.2080000000	n/a	n/a	STATUS	n/a	n/a	DIN5
902.2560000000	n/a	n/a	STATUS	n/a	n/a	D255
902.6680000000	n/a	n/a	STATUS	n/a	n/a	D139
902.7160000000	n/a	n/a	STATUS	n/a	n/a	D255
902.7560000000	n/a	n/a	STATUS	n/a	n/a	DI54
902.8040000000	n/a	n/a	STATUS	n/a	n/a	D255
903.0720000000	n/a	n/a	STATUS	n/a	n/a	DI34
903.1200000000	n/a	n/a	STATUS	n/a	n/a	D255
903.3800000000	n/a	n/a	STATUS	n/a	n/a	DIN5
903.4320000000	n/a	n/a	STATUS	n/a	n/a	D255
903.8840000000	n/a	n/a	STATUS	n/a	n/a	D123
903.9360000000	n/a	n/a	STATUS	n/a	n/a	D255
903.9720000000	n/a	n/a	STATUS	n/a	n/a	DI52
904.0240000000	n/a	n/a	STATUS	n/a	n/a	D255
904.3440000000	n/a	n/a	STATUS	n/a	n/a	DI42
904.3960000000	n/a	n/a	STATUS	n/a	n/a	D255
904.6520000000	n/a	n/a	STATUS	n/a	n/a	DIN5
904.7040000000	n/a	n/a	STATUS	n/a	n/a	D255
905.0240000000	n/a	n/a	STATUS	n/a	n/a	D179
905.0720000000	n/a	n/a	STATUS	n/a	n/a	D255
905.1120000000	n/a	n/a	STATUS	n/a	n/a	DI52
905.1600000000	n/a	n/a	STATUS	n/a	n/a	D255
905.5720000000	n/a	n/a	STATUS	n/a	n/a	DI42
905.6200000000	n/a	n/a	STATUS	n/a	n/a	D255
905.8800000000	n/a	n/a	STATUS	n/a	n/a	DIN5
905.9320000000	n/a	n/a	STATUS	n/a	n/a	D255
906.3840000000	n/a	n/a	STATUS	n/a	n/a	D203
906.4360000000	n/a	n/a	STATUS	n/a	n/a	D255
906.4720000000	n/a	n/a	STATUS	n/a	n/a	DI54
906.5240000000	n/a	n/a	STATUS	n/a	n/a	D255
907.0200000000	n/a	n/a	STATUS	n/a	n/a	DI34
907.0720000000	n/a	n/a	STATUS	n/a	n/a	D255
907.3320000000	n/a	n/a	STATUS	n/a	n/a	DIN5
907.3800000000	n/a	n/a	STATUS	n/a	n/a	D255
907.8360000000	n/a	n/a	STATUS	n/a	n/a	D100
907.8840000000	n/a	n/a	STATUS	n/a	n/a	D255
907.9200000000	n/a	n/a	STATUS	n/a	n/a	DI54
907.9720000000	n/a	n/a	STATUS	n/a	n/a	D255
908.2920000000	n/a	n/a	STATUS	n/a	n/a	DI34
908.3440000000	n/a	n/a	STATUS	n/a	n/a	D255
908.6040000000	n/a	n/a	STATUS	n/a	n/a	DIN5
908.6520000000	n/a	n/a	STATUS	n/a	n/a	D255
909.0880000000	n/a	n/a	STATUS	n/a	n/a	D185
909.1360000000	n/a	n/a	STATUS	n/a	n/a	D255
909.1760000000	n/a	n/a	STATUS	n/a	n/a	DI52
909.2240000000	n/a	n/a	STATUS	n/a	n/a	D255
909.5720000000	n/a	n/a	STATUS	n/a	n/a	DI42
909.6240000000	n/a	n/a	STATUS	n/a	n/a	D255
909.8840000000	n/a	n/a	STATUS	n/a	n/a	DIN5
909.9320000000	n/a	n/a	STATUS	n/a	n/a	D255
910.2720000000	n/a	n/a	STATUS	n/a	n/a	D142
910.3240000000	n/a	n/a	STATUS	n/a	n/a	D255
910.3600000000	n/a	n/a	STATUS	n/a	n/a	DI51
910.4120000000	n/a	n/a	STATUS	n/a	n/a	D255
910.7920000000	n/a	n/a	STATUS	n/a	n/a	DI31
910.8400000000	n/a	n/a	STATUS	n/a	n/a	D255
911.1000000000	n/a	n/a	STATUS	n/a	n/a	DIN5
911.1480000000	n/a	n/a	STATUS	n/a	n/a	D255
911.5800000000	n/a	n/a	STATUS	n/a	n/a	D153
911.6280000000	n/a	n/a	STATUS	n/a	n/a	D255
911.6680000000	n/a	n/a	STATUS	n/a	n/a	DI54
911.7160000000	n/a	n/a	STATUS	n/a	n/a	D255
912.0840000000	n/a	n/a	STATUS	n/a	n/a	DI34
912.1320000000	n/a	n/a	STATUS	n/a	n/a	D255
912.3920000000	n/a	n/a	STATUS	n/a	n/a	DIN5
912.4440000000	n/a	n/a	STATUS	n/a	n/a	D255
912.8200000000	n/a	n/a	STATUS	n/a	n/a	D228
912.8720000000	n/a	n/a	STATUS	n/a	n/a	D255
912.9080000000	n/a	n/a	STATUS	n/a	n/a	DI51
912.9600000000	n/a	n/a	STATUS	n/a	n/a	D255
913.5360000000	n/a	n/a	STATUS	n/a	n/a	DI31
913.5840000000	n/a	n/a	STATUS	n/a	n/a	D255
913.8440000000	n/a	n/a	STATUS	n/a	n/a	DIN5
913.8960000000	n/a	n/a	STATUS	n/a	n/a	D255
914.3200000000	n/a	n/a	STATUS	n/a	n/a	D136
914.3680000000	n/a	n/a	STATUS	n/a	n/a	D255
914.4080000000	n/a	n/a	STATUS	n/a	n/a	DI52
914.4560000000	n/a	n/a	STATUS	n/a	n/a	D255
914.8040000000	n/a	n/a	STATUS	n/a	n/a	DI42
914.8520000000	n/a	n/a	STATUS	n/a	n/a	D255
915.1120000000	n/a	n/a	STATUS	n/a	n/a	DIN5
915.1640000000	n/a	n/a	STATUS	n/a	n/a	D255
915.5800000000	n/a	n/a	STATUS	n/a	n/a	D244
915.6320000000	n/a	n/a	STATUS	n/a	n/a	D255
915.6680000000	n/a	n/a	STATUS	n/a	n/a	DI51
915.7200000000	n/a	n/a	STATUS	n/a	n/a	D255
916.0720000000	n/a	n/a	STATUS	n/a	n/a	DI31
916.1240000000	n/a	n/a	STATUS	n/a	n/a	D255
916.3840000000	n/a	n/a	STATUS	n/a	n/a	DIN5
916.4320000000	n/a	n/a	STATUS	n/a	n/a	D255
916.8600000000	n/a	n/a	STATUS	n/a	n/a	D225
916.9120000000	n/a	n/a	STATUS	n/a	n/a	D255
916.9480000000	n/a	n/a	STATUS	n/a	n/a	DI52
917.0000000000	n/a	n/a	STATUS	n/a	n/a	D255
917.3760000000	n/a	n/a	STATUS	n/a	n/a	DI42
917.4240000000	n/a	n/a	STATUS	n/a	n/a	D255
917.6840000000	n/a	n/a	STATUS	n/a	n/a	DIN5
917.7320000000	n/a	n/a	STATUS	n/a	n/a	D239
917.7360000000	n/a	n/a	STATUS	n/a	n/a	D255
918.2280000000	n/a	n/a	STATUS	n/a	n/a	D177
918.2800000000	n/a	n/a	STATUS	n/a	n/a	D255
918.3160000000	n/a	n/a	STATUS	n/a	n/a	DI53
918.3640000000	n/a	n/a	STATUS	n/a	n/a	D255
918.7640000000	n/a	n/a	STATUS	n/a	n/a	DI43
918.8160000000	n/a	n/a	STATUS	n/a	n/a	D255
919.0720000000	n/a	n/a	STATUS	n/a	n/a	DIN5
919.1240000000	n/a	n/a	STATUS	n/a	n/a	D255
919.4520000000	n/a	n/a	STATUS	n/a	n/a	D215
919.5040000000	n/a	n/a	STATUS	n/a	n/a	D255
919.5400000000	n/a	n/a	STATUS	n/a	n/a	DI54
919.5920000000	n/a	n/a	STATUS	n/a	n/a	D255
919.9080000000	n/a	n/a	STATUS	n/a	n/a	DI34
919.9600000000	n/a	n/a	STATUS	n/a	n/a	D255
920.2200000000	n/a	n/a	STATUS	n/a	n/a	DIN5
920.2680000000	n/a	n/a	STATUS	n/a	n/a	D255
920.7680000000	n/a	n/a	STATUS	n/a	n/a	D234
920.8200000000	n/a	n/a	STATUS	n/a	n/a	D255
920.8560000000	n/a	n/a	STATUS	n/a	n/a	DI54
920.9080000000	n/a	n/a	STATUS	n/a	n/a	D255
921.2240000000	n/a	n/a	STATUS	n/a	n/a	DI34
921.2760000000	n/a	n/a	STATUS	n/a	n/a	D255
921.5320000000	n/a	n/a	STATUS	n/a	n/a	DIN5
921.5840000000	n/a	n/a	STATUS	n/a	n/a	D255
921.9120000000	n/a	n/a	STATUS	n/a	n/a	D199
921.9640000000	n/a	n/a	STATUS	n/a	n/a	D255
922.0000000000	n/a	n/a	STATUS	n/a	n/a	DI53
922.0520000000	n/a	n/a	STATUS	n/a	n/a	D255
922.4800000000	n/a	n/a	STATUS	n/a	n/a	DI43
922.5320000000	n/a	n/a	STATUS	n/a	n/a	D255
922.7880000000	n/a	n/a	STATUS	n/a	n/a	DIN5
922.8400000000	n/a	n/a	STATUS	n/a	n/a	D255
923.2160000000	n/a	n/a	STATUS	n/a	n/a	D232
923.2640000000	n/a	n/a	STATUS	n/a	n/a	D255
923.3040000000	n/a	n/a	STATUS	n/a	n/a	DI54
923.3520000000	n/a	n/a	STATUS	n/a	n/a	D255
923.6560000000	n/a	n/a	STATUS	n/a	n/a	DI34
923.7040000000	n/a	n/a	STATUS	n/a	n/a	D255
923.9640000000	n/a	n/a	STATUS	n/a	n/a	DIN5
924.0160000000	n/a	n/a	STATUS	n/a	n/a	D255
924.3880000000	n/a	n/a	STATUS	n/a	n/a	D219
924.4400000000	n/a	n/a	STATUS	n/a	n/a	D255
924.4760000000	n/a	n/a	STATUS	n/a	n/a	DI54
924.5240000000	n/a	n/a	STATUS	n/a	n/a	D255
924.8320000000	n/a	n/a	STATUS	n/a	n/a	DI34
924.8840000000	n/a	n/a	STATUS	n/a	n/a	D255
925.1400000000	n/a	n/a	STATUS	n/a	n/a	DIN5
925.1920000000	n/a	n/a	STATUS	n/a	n/a	D255
925.6760000000	n/a	n/a	STATUS	n/a	n/a	D167
925.7280000000	n/a	n/a	STATUS	n/a	n/a	D255
925.7640000000	n/a	n/a	STATUS	n/a	n/a	DI53
925.8160000000	n/a	n/a	STATUS	n/a	n/a	D255
926.0800000000	n/a	n/a	STATUS	n/a	n/a	DI43
926.1280000000	n/a	n/a	STATUS	n/a	n/a	D255
926.3880000000	n/a	n/a	STATUS	n/a	n/a	DIN5
926.4360000000	n/a	n/a	STATUS	n/a	n/a	D255
926.8480000000	n/a	n/a	STATUS	n/a	n/a	D134
926.8960000000	n/a	n/a	STATUS	n/a	n/a	D255
926.9360000000	n/a	n/a	STATUS	n/a	n/a	DI52
926.9840000000	n/a	n/a	STATUS	n/a	n/a	D255
927.3680000000	n/a	n/a	STATUS	n/a	n/a	DI42
927.4160000000	n/a	n/a	STATUS	n/a	n/a	D255
927.6760000000	n/a	n/a	STATUS	n/a	n/a	DIN5
927.7240000000	n/a	n/a	STATUS	n/a	n/a	D255
928.1360000000	n/a	n/a	STATUS	n/a	n/a	D254
928.1840000000	n/a	n/a	STATUS	n/a	n/a	D255
928.2240000000	n/a	n/a	STATUS	n/a	n/a	DI54
928.2720000000	n/a	n/a	STATUS	n/a	n/a	D255
928.5600000000	n/a	n/a	STATUS	n/a	n/a	DI34
928.6120000000	n/a	n/a	STATUS	n/a	n/a	D255
928.8680000000	n/a	n/a	STATUS	n/a	n/a	DIN5
928.9200000000	n/a	n/a	STATUS	n/a	n/a	D255
929.3240000000	n/a	n/a	STATUS	n/a	n/a	D169
929.3760000000	n/a	n/a	STATUS	n/a	n/a	D255
929.4120000000	n/a	n/a	STATUS	n/a	n/a	DI52
929.4600000000	n/a	n/a	STATUS	n/a	n/a	D255
929.8280000000	n/a	n/a	STATUS	n/a	n/a	DI42
929.8760000000	n/a	n/a	STATUS	n/a	n/a	D255
930.1360000000	n/a	n/a	STATUS	n/a	n/a	DIN5
930.1840000000	n/a	n/a	STATUS	n/a	n/a	D255
930.6800000000	n/a	n/a	STATUS	n/a	n/a	DI91
930.7320000000	n/a	n/a	STATUS	n/a	n/a	D255
930.7680000000	n/a	n/a	STATUS	n/a	n/a	DI54
930.8200000000	n/a	n/a	STATUS	n/a	n/a	D255
931.1520000000	n/a	n/a	STATUS	n/a	n/a	DI34
931.2000000000	n/a	n/a	STATUS	n/a	n/a	D255
931.4600000000	n/a	n/a	STATUS	n/a	n/a	DIN5
931.5120000000	n/a	n/a	STATUS	n/a	n/a	D255
931.9880000000	n/a	n/a	STATUS	n/a	n/a	D124
932.0400000000	n/a	n/a	STATUS	n/a	n/a	D255
932.0760000000	n/a	n/a	STATUS	n/a	n/a	DI51
932.1280000000	n/a	n/a	STATUS	n/a	n/a	D255
932.5760000000	n/a	n/a	STATUS	n/a	n/a	DI31
932.6280000000	n/a	n/a	STATUS	n/a	n/a	D255
932.8840000000	n/a	n/a	STATUS	n/a	n/a	DIN5
932.9360000000	n/a	n/a	STATUS	n/a	n/a	D255
933.3400000000	n/a	n/a	STATUS	n/a	n/a	DI95
933.3920000000	n/a	n/a	STATUS	n/a	n/a	D255
933.4280000000	n/a	n/a	STATUS	n/a	n/a	DI54
933.4800000000	n/a	n/a	STATUS	n/a	n/a	D255
933.7840000000	n/a	n/a	STATUS	n/a	n/a	DI34
933.8320000000	n/a	n/a	STATUS	n/a	n/a	D255
934.0920000000	n/a	n/a	STATUS	n/a	n/a	DIN5
934.1440000000	n/a	n/a	STATUS	n/a	n/a	D255
934.4480000000	n/a	n/a	STATUS	n/a	n/a	DI96
934.4960000000	n/a	n/a	STATUS	n/a	n/a	D255
934.5320000000	n/a	n/a	STATUS	n/a	n/a	DI52
934.5840000000	n/a	n/a	STATUS	n/a	n/a	D255
934.9360000000	n/a	n/a	STATUS	n/a	n/a	DI42
934.9880000000	n/a	n/a	STATUS	n/a	n/a	D255
935.2480000000	n/a	n/a	STATUS	n/a	n/a	DIN5
935.2960000000	n/a	n/a	STATUS	n/a	n/a	D255
935.7960000000	n/a	n/a	STATUS	n/a	n/a	D251
935.8440000000	n/a	n/a	STATUS	n/a	n/a	D255
935.8840000000	n/a	n/a	STATUS	n/a	n/a	DI53
935.9320000000	n/a	n/a	STATUS	n/a	n/a	D255
936.3760000000	n/a	n/a	STATUS	n/a	n/a	DI43
936.4240000000	n/a	n/a	STATUS	n/a	n/a	D255
936.6840000000	n/a	n/a	STATUS	n/a	n/a	DIN5
936.7320000000	n/a	n/a	STATUS	n/a	n/a	D255
937.2400000000	n/a	n/a	STATUS	n/a	n/a	D253
937.2880000000	n/a	n/a	STATUS	n/a	n/a	D255
937.3280000000	n/a	n/a	STATUS	n/a	n/a	DI53
937.3760000000	n/a	n/a	STATUS	n/a	n/a	D255
937.7000000000	n/a	n/a	STATUS	n/a	n/a	DI43
937.7480000000	n/a	n/a	STATUS	n/a	n/a	D255
938.0080000000	n/a	n/a	STATUS	n/a	n/a	DIN5
938.0600000000	n/a	n/a	STATUS	n/a	n/a	D255
938.4360000000	n/a	n/a	STATUS	n/a	n/a	D155
938.4880000000	n/a	n/a	STATUS	n/a	n/a	D255
938.5240000000	n/a	n/a	STATUS	n/a	n/a	DI53
938.5760000000	n/a	n/a	STATUS	n/a	n/a	D255
938.9000000000	n/a	n/a	STATUS	n/a	n/a	DI43
938.9480000000	n/a	n/a	STATUS	n/a	n/a	D255
939.2080000000	n/a	n/a	STATUS	n/a	n/a	DIN5
939.2600000000	n/a	n/a	STATUS	n/a	n/a	D255
939.7200000000	n/a	n/a	STATUS	n/a	n/a	D194
939.7680000000	n/a	n/a	STATUS	n/a	n/a	D255
939.8040000000	n/a	n/a	STATUS	n/a	n/a	DI54
939.8560000000	n/a	n/a	STATUS	n/a	n/a	D255
940.0520000000	n/a	n/a	STATUS	n/a	n/a	DI34
940.1040000000	n/a	n/a	STATUS	n/a	n/a	D255
940.3640000000	n/a	n/a	STATUS	n/a	n/a	DIN5
940.4120000000	n/a	n/a	STATUS	n/a	n/a	D255
940.8280000000	n/a	n/a	STATUS	n/a	n/a	DI86
940.8760000000	n/a	n/a	STATUS	n/a	n/a	D255
940.9160000000	n/a	n/a	STATUS	n/a	n/a	DI54
940.9640000000	n/a	n/a	STATUS	n/a	n/a	D255
941.4080000000	n/a	n/a	STATUS	n/a	n/a	DI34
941.4560000000	n/a	n/a	STATUS	n/a	n/a	D255
941.7160000000	n/a	n/a	STATUS	n/a	n/a	DIN5
941.7640000000	n/a	n/a	STATUS	n/a	n/a	D255
942.0720000000	n/a	n/a	STATUS	n/a	n/a	D119
942.1200000000	n/a	n/a	STATUS	n/a	n/a	D255
942.1600000000	n/a	n/a	STATUS	n/a	n/a	DI51
942.2080000000	n/a	n/a	STATUS	n/a	n/a	D255
942.4920000000	n/a	n/a	STATUS	n/a	n/a	DI21
942.5440000000	n/a	n/a	STATUS	n/a	n/a	D255
942.5480000000	n/a	n/a	STATUS	n/a	n/a	DIN4
942.5960000000	n/a	n/a	STATUS	n/a	n/a	D255
943.3520000000	n/a	n/a	STATUS	n/a	n/a	DIN5
943.4000000000	n/a	n/a	STATUS	n/a	n/a	D255
943.8560000000	n/a	n/a	STATUS	n/a	n/a	D164
943.9080000000	n/a	n/a	STATUS	n/a	n/a	D255
943.9440000000	n/a	n/a	STATUS	n/a	n/a	DI54
943.9960000000	n/a	n/a	STATUS	n/a	n/a	D255
944.2840000000	n/a	n/a	STATUS	n/a	n/a	DI34
944.3360000000	n/a	n/a	STATUS	n/a	n/a	D255
944.5960000000	n/a	n/a	STATUS	n/a	n/a	DIN5
944.6440000000	n/a	n/a	STATUS	n/a	n/a	D255
944.9800000000	n/a	n/a	STATUS	n/a	n/a	DI70
945.0280000000	n/a	n/a	STATUS	n/a	n/a	D255
945.0640000000	n/a	n/a	STATUS	n/a	n/a	DI53
945.1160000000	n/a	n/a	STATUS	n/a	n/a	D255
945.4680000000	n/a	n/a	STATUS	n/a	n/a	DI43
945.5200000000	n/a	n/a	STATUS	n/a	n/a	D255
945.7800000000	n/a	n/a	STATUS	n/a	n/a	DIN5
945.8280000000	n/a	n/a	STATUS	n/a	n/a	D255
946.2040000000	n/a	n/a	STATUS	n/a	n/a	DI99
946.2520000000	n/a	n/a	STATUS	n/a	n/a	D255
946.2920000000	n/a	n/a	STATUS	n/a	n/a	DI54
946.3400000000	n/a	n/a	STATUS	n/a	n/a	D255
946.6840000000	n/a	n/a	STATUS	n/a	n/a	DI34
946.7320000000	n/a	n/a	STATUS	n/a	n/a	D255
946.9920000000	n/a	n/a	STATUS	n/a	n/a	DIN5
947.0440000000	n/a	n/a	STATUS	n/a	n/a	D255
947.4440000000	n/a	n/a	STATUS	n/a	n/a	D235
947.4920000000	n/a	n/a	STATUS	n/a	n/a	D255
947.5320000000	n/a	n/a	STATUS	n/a	n/a	DI53
947.5800000000	n/a	n/a	STATUS	n/a	n/a	D255
947.8720000000	n/a	n/a	STATUS	n/a	n/a	DI43
947.9240000000	n/a	n/a	STATUS	n/a	n/a	D255
948.1800000000	n/a	n/a	STATUS	n/a	n/a	DIN5
948.2320000000	n/a	n/a	STATUS	n/a	n/a	D255
948.6160000000	n/a	n/a	STATUS	n/a	n/a	D147
948.6640000000	n/a	n/a	STATUS	n/a	n/a	D255
948.7040000000	n/a	n/a	STATUS	n/a	n/a	DI52
948.7520000000	n/a	n/a	STATUS	n/a	n/a	D255
949.2200000000	n/a	n/a	STATUS	n/a	n/a	DI42
949.2720000000	n/a	n/a	STATUS	n/a	n/a	D255
949.5280000000	n/a	n/a	STATUS	n/a	n/a	DIN5
949.5800000000	n/a	n/a	STATUS	n/a	n/a	D255
950.0840000000	n/a	n/a	STATUS	n/a	n/a	D250
950.1360000000	n/a	n/a	STATUS	n/a	n/a	D255
950.1720000000	n/a	n/a	STATUS	n/a	n/a	DI51
950.2240000000	n/a	n/a	STATUS	n/a	n/a	D255
950.7200000000	n/a	n/a	STATUS	n/a	n/a	DI31
950.7720000000	n/a	n/a	STATUS	n/a	n/a	D255
951.0280000000	n/a	n/a	STATUS	n/a	n/a	DIN5
951.0800000000	n/a	n/a	STATUS	n/a	n/a	D255
951.4280000000	n/a	n/a	STATUS	n/a	n/a	D166
951.4800000000	n/a	n/a	STATUS	n/a	n/a	D255
951.5160000000	n/a	n/a	STATUS	n/a	n/a	DI54
951.5680000000	n/a	n/a	STATUS	n/a	n/a	D255
951.8880000000	n/a	n/a	STATUS	n/a	n/a	DI34
951.9400000000	n/a	n/a	STATUS	n/a	n/a	D255
952.1960000000	n/a	n/a	STATUS	n/a	n/a	DIN5
952.2480000000	n/a	n/a	STATUS	n/a	n/a	D255
952.5560000000	n/a	n/a	STATUS	n/a	n/a	D130
952.6080000000	n/a	n/a	STATUS	n/a	n/a	D255
952.6440000000	n/a	n/a	STATUS	n/a	n/a	DI54
952.6960000000	n/a	n/a	STATUS	n/a	n/a	D255
953.0240000000	n/a	n/a	STATUS	n/a	n/a	DI34
953.0760000000	n/a	n/a	STATUS	n/a	n/a	D255
953.3320000000	n/a	n/a	STATUS	n/a	n/a	DIN5
953.3840000000	n/a	n/a	STATUS	n/a	n/a	D255
953.8880000000	n/a	n/a	STATUS	n/a	n/a	D113
953.9360000000	n/a	n/a	STATUS	n/a	n/a	D255
953.9760000000	n/a	n/a	STATUS	n/a	n/a	DI54
954.0240000000	n/a	n/a	STATUS	n/a	n/a	D255
954.2800000000	n/a	n/a	STATUS	n/a	n/a	DI24
954.3320000000	n/a	n/a	STATUS	n/a	n/a	D255
954.3360000000	n/a	n/a	STATUS	n/a	n/a	DIN4
954.3880000000	n/a	n/a	STATUS	n/a	n/a	D255
955.1400000000	n/a	n/a	STATUS	n/a	n/a	DIN5
955.1920000000	n/a	n/a	STATUS	n/a	n/a	D255
955.5720000000	n/a	n/a	STATUS	n/a	n/a	D137
955.6200000000	n/a	n/a	STATUS	n/a	n/a	D255
955.6560000000	n/a	n/a	STATUS	n/a	n/a	DI53
955.7080000000	n/a	n/a	STATUS	n/a	n/a	D255
955.9680000000	n/a	n/a	STATUS	n/a	n/a	DI43
956.0200000000	n/a	n/a	STATUS	n/a	n/a	D255
956.2800000000	n/a	n/a	STATUS	n/a	n/a	DIN5
956.3280000000	n/a	n/a	STATUS	n/a	n/a	D255
956.7520000000	n/a	n/a	STATUS	n/a	n/a	D202
956.8040000000	n/a	n/a	STATUS	n/a	n/a	D255
956.8400000000	n/a	n/a	STATUS	n/a	n/a	DI54
956.8920000000	n/a	n/a	STATUS	n/a	n/a	D255
957.3000000000	n/a	n/a	STATUS	n/a	n/a	DI34
957.3520000000	n/a	n/a	STATUS	n/a	n/a	D255
957.6080000000	n/a	n/a	STATUS	n/a	n/a	DIN5
957.6600000000	n/a	n/a	STATUS	n/a	n/a	D255
958.0840000000	n/a	n/a	STATUS	n/a	n/a	D118
958.1360000000	n/a	n/a	STATUS	n/a	n/a	D255
958.1720000000	n/a	n/a	STATUS	n/a	n/a	DI52
958.2200000000	n/a	n/a	STATUS	n/a	n/a	D255
958.6040000000	n/a	n/a	STATUS	n/a	n/a	DI42
958.6560000000	n/a	n/a	STATUS	n/a	n/a	D255
958.9120000000	n/a	n/a	STATUS	n/a	n/a	DIN5
958.9640000000	n/a	n/a	STATUS	n/a	n/a	D255
959.3720000000	n/a	n/a	STATUS	n/a	n/a	D146
959.4240000000	n/a	n/a	STATUS	n/a	n/a	D255
959.4600000000	n/a	n/a	STATUS	n/a	n/a	DI52
959.5120000000	n/a	n/a	STATUS	n/a	n/a	D255
959.8760000000	n/a	n/a	STATUS	n/a	n/a	DI42
959.9240000000	n/a	n/a	STATUS	n/a	n/a	D255
960.1840000000	n/a	n/a	STATUS	n/a	n/a	DIN5
960.2320000000	n/a	n/a	STATUS	n/a	n/a	D255
960.6120000000	n/a	n/a	STATUS	n/a	n/a	D182
960.6640000000	n/a	n/a	STATUS	n/a	n/a	D255
960.7000000000	n/a	n/a	STATUS	n/a	n/a	DI51
960.7520000000	n/a	n/a	STATUS	n/a	n/a	D255
961.1160000000	n/a	n/a	STATUS	n/a	n/a	DI31
961.1640000000	n/a	n/a	STATUS	n/a	n/a	D255
961.4240000000	n/a	n/a	STATUS	n/a	n/a	DIN5
961.4720000000	n/a	n/a	STATUS	n/a	n/a	D255
961.9080000000	n/a	n/a	STATUS	n/a	n/a	D104
961.9560000000	n/a	n/a	STATUS	n/a	n/a	D255
961.9960000000	n/a	n/a	STATUS	n/a	n/a	DI53
962.0440000000	n/a	n/a	STATUS	n/a	n/a	D255
962.3280000000	n/a	n/a	STATUS	n/a	n/a	DI43
962.3760000000	n/a	n/a	STATUS	n/a	n/a	D255
962.6360000000	n/a	n/a	STATUS	n/a	n/a	DIN5
962.6880000000	n/a	n/a	STATUS	n/a	n/a	D255
963.1680000000	n/a	n/a	STATUS	n/a	n/a	D138
963.2160000000	n/a	n/a	STATUS	n/a	n/a	D255
963.2520000000	n/a	n/a	STATUS	n/a	n/a	DI53
963.3040000000	n/a	n/a	STATUS	n/a	n/a	D255
963.6400000000	n/a	n/a	STATUS	n/a	n/a	DI43
963.6880000000	n/a	n/a	STATUS	n/a	n/a	D255
963.9480000000	n/a	n/a	STATUS	n/a	n/a	DIN5
963.9960000000	n/a	n/a	STATUS	n/a	n/a	D255
964.3320000000	n/a	n/a	STATUS	n/a	n/a	D183
964.3840000000	n/a	n/a	STATUS	n/a	n/a	D255
964.4200000000	n/a	n/a	STATUS	n/a	n/a	DI53
964.4720000000	n/a	n/a	STATUS	n/a	n/a	D255
964.7920000000	n/a	n/a	STATUS	n/a	n/a	DI43
964.8440000000	n/a	n/a	STATUS	n/a	n/a	D255
965.1000000000	n/a	n/a	STATUS	n/a	n/a	DIN5
965.1520000000	n/a	n/a	STATUS	n/a	n/a	D255
965.6000000000	n/a	n/a	STATUS	n/a	n/a	D205
965.6520000000	n/a	n/a	STATUS	n/a	n/a	D255
965.6880000000	n/a	n/a	STATUS	n/a	n/a	DI51
965.7400000000	n/a	n/a	STATUS	n/a	n/a	D255
966.1280000000	n/a	n/a	STATUS	n/a	n/a	DI31
966.1800000000	n/a	n/a	STATUS	n/a	n/a	D255
966.4360000000	n/a	n/a	STATUS	n/a	n/a	DIN5
966.4880000000	n/a	n/a	STATUS	n/a	n/a	D255
966.9360000000	n/a	n/a	STATUS	n/a	n/a	D213
966.9880000000	n/a	n/a	STATUS	n/a	n/a	D255
967.0240000000	n/a	n/a	STATUS	n/a	n/a	DI54
967.0760000000	n/a	n/a	STATUS	n/a	n/a	D255
967.4000000000	n/a	n/a	STATUS	n/a	n/a	DI34
967.4520000000	n/a	n/a	STATUS	n/a	n/a	D255
967.7080000000	n/a	n/a	STATUS	n/a	n/a	DIN5
967.7600000000	n/a	n/a	STATUS	n/a	n/a	D255
968.2200000000	n/a	n/a	STATUS	n/a	n/a	D141
968.2680000000	n/a	n/a	STATUS	n/a	n/a	D255
968.3040000000	n/a	n/a	STATUS	n/a	n/a	DI51
968.3560000000	n/a	n/a	STATUS	n/a	n/a	D255
968.6520000000	n/a	n/a	STATUS	n/a	n/a	DI21
968.7000000000	n/a	n/a	STATUS	n/a	n/a	D255
968.7040000000	n/a	n/a	STATUS	n/a	n/a	DIN4
968.7560000000	n/a	n/a	STATUS	n/a	n/a	D255
969.5120000000	n/a	n/a	STATUS	n/a	n/a	DIN5
969.5600000000	n/a	n/a	STATUS	n/a	n/a	D255
969.9320000000	n/a	n/a	STATUS	n/a	n/a	DI78
969.9800000000	n/a	n/a	STATUS	n/a	n/a	D255
970.0200000000	n/a	n/a	STATUS	n/a	n/a	DI51
970.0680000000	n/a	n/a	STATUS	n/a	n/a	D255
970.5440000000	n/a	n/a	STATUS	n/a	n/a	DI31
970.5960000000	n/a	n/a	STATUS	n/a	n/a	D255
970.8560000000	n/a	n/a	STATUS	n/a	n/a	DIN5
970.9040000000	n/a	n/a	STATUS	n/a	n/a	D255
971.3640000000	n/a	n/a	STATUS	n/a	n/a	D126
971.4160000000	n/a	n/a	STATUS	n/a	n/a	D255
971.4520000000	n/a	n/a	STATUS	n/a	n/a	DI53
971.5000000000	n/a	n/a	STATUS	n/a	n/a	D255
971.8400000000	n/a	n/a	STATUS	n/a	n/a	DI43
971.8880000000	n/a	n/a	STATUS	n/a	n/a	D255
972.1480000000	n/a	n/a	STATUS	n/a	n/a	DIN5
972.2000000000	n/a	n/a	STATUS	n/a	n/a	D255
972.6680000000	n/a	n/a	STATUS	n/a	n/a	D157
972.7160000000	n/a	n/a	STATUS	n/a	n/a	D255
972.7560000000	n/a	n/a	STATUS	n/a	n/a	DI51
972.8040000000	n/a	n/a	STATUS	n/a	n/a	D255
973.1760000000	n/a	n/a	STATUS	n/a	n/a	DI31
973.2240000000	n/a	n/a	STATUS	n/a	n/a	D255
973.4840000000	n/a	n/a	STATUS	n/a	n/a	DIN5
973.5360000000	n/a	n/a	STATUS	n/a	n/a	D255
973.8880000000	n/a	n/a	STATUS	n/a	n/a	D226
973.9400000000	n/a	n/a	STATUS	n/a	n/a	D255
973.9760000000	n/a	n/a	STATUS	n/a	n/a	DI51
974.0280000000	n/a	n/a	STATUS	n/a	n/a	D255
974.4760000000	n/a	n/a	STATUS	n/a	n/a	DI31
974.5280000000	n/a	n/a	STATUS	n/a	n/a	D255
974.7840000000	n/a	n/a	STATUS	n/a	n/a	DIN5
974.8360000000	n/a	n/a	STATUS	n/a	n/a	D255
975.1560000000	n/a	n/a	STATUS	n/a	n/a	D236
975.2040000000	n/a	n/a	STATUS	n/a	n/a	D255
975.2440000000	n/a	n/a	STATUS	n/a	n/a	DI53
975.2920000000	n/a	n/a	STATUS	n/a	n/a	D255
975.6120000000	n/a	n/a	STATUS	n/a	n/a	DI43
975.6640000000	n/a	n/a	STATUS	n/a	n/a	D255
975.9240000000	n/a	n/a	STATUS	n/a	n/a	DIN5
975.9720000000	n/a	n/a	STATUS	n/a	n/a	D255
976.4520000000	n/a	n/a	STATUS	n/a	n/a	D122
976.5040000000	n/a	n/a	STATUS	n/a	n/a	D255
976.5400000000	n/a	n/a	STATUS	n/a	n/a	DI52
976.5880000000	n/a	n/a	STATUS	n/a	n/a	D255
976.9440000000	n/a	n/a	STATUS	n/a	n/a	DI42
976.9920000000	n/a	n/a	STATUS	n/a	n/a	D255
985.5480000000	n/a	n/a	STATUS	n/a	n/a	DIN5
985.5960000000	n/a	n/a	STATUS	n/a	n/a	D255
985.9800000000	n/a	n/a	STATUS	n/a	n/a	DI99
986.0280000000	n/a	n/a	STATUS	n/a	n/a	D255
986.0640000000	n/a	n/a	STATUS	n/a	n/a	DI53
986.1160000000	n/a	n/a	STATUS	n/a	n/a	D255
986.4720000000	n/a	n/a	STATUS	n/a	n/a	DI43
986.5240000000	n/a	n/a	STATUS	n/a	n/a	D255
986.7840000000	n/a	n/a	STATUS	n/a	n/a	DIN5
986.8320000000	n/a	n/a	STATUS	n/a	n/a	D255
987.2520000000	n/a	n/a	STATUS	n/a	n/a	D194
987.3040000000	n/a	n/a	STATUS	n/a	n/a	D255
987.3400000000	n/a	n/a	STATUS	n/a	n/a	DI54
987.3920000000	n/a	n/a	STATUS	n/a	n/a	D255
987.7440000000	n/a	n/a	STATUS	n/a	n/a	DI34
987.7960000000	n/a	n/a	STATUS	n/a	n/a	D255
988.0520000000	n/a	n/a	STATUS	n/a	n/a	DIN5
988.1040000000	n/a	n/a	STATUS	n/a	n/a	D255
988.5840000000	n/a	n/a	STATUS	n/a	n/a	D247
988.6320000000	n/a	n/a	STATUS	n/a	n/a	D255
988.6720000000	n/a	n/a	STATUS	n/a	n/a	DI54
988.7200000000	n/a	n/a	STATUS	n/a	n/a	D255
989.0200000000	n/a	n/a	STATUS	n/a	n/a	DI34
989.0720000000	n/a	n/a	STATUS	n/a	n/a	D255
989.3280000000	n/a	n/a	STATUS	n/a	n/a	DIN5
989.3800000000	n/a	n/a	STATUS	n/a	n/a	D255
989.7880000000	n/a	n/a	STATUS	n/a	n/a	D133
989.8400000000	n/a	n/a	STATUS	n/a	n/a	D255
989.8760000000	n/a	n/a	STATUS	n/a	n/a	DI52
989.9280000000	n/a	n/a	STATUS	n/a	n/a	D255
990.3680000000	n/a	n/a	STATUS	n/a	n/a	DI42
990.4200000000	n/a	n/a	STATUS	n/a	n/a	D255
990.6800000000	n/a	n/a	STATUS	n/a	n/a	DIN5
990.7280000000	n/a	n/a	STATUS	n/a	n/a	D255
991.2320000000	n/a	n/a	STATUS	n/a	n/a	D106
991.2840000000	n/a	n/a	STATUS	n/a	n/a	D255
991.3200000000	n/a	n/a	STATUS	n/a	n/a	DI53
991.3720000000	n/a	n/a	STATUS	n/a	n/a	D255
991.6840000000	n/a	n/a	STATUS	n/a	n/a	DI43
991.7360000000	n/a	n/a	STATUS	n/a	n/a	D255
991.9920000000	n/a	n/a	STATUS	n/a	n/a	DIN5
992.0440000000	n/a	n/a	STATUS	n/a	n/a	D255
992.4360000000	n/a	n/a	STATUS	n/a	n/a	D119
992.4840000000	n/a	n/a	STATUS	n/a	n/a	D255
992.5200000000	n/a	n/a	STATUS	n/a	n/a	DI52
992.5720000000	n/a	n/a	STATUS	n/a	n/a	D255
992.9280000000	n/a	n/a	STATUS	n/a	n/a	DI42
992.9760000000	n/a	n/a	STATUS	n/a	n/a	D255
993.2360000000	n/a	n/a	STATUS	n/a	n/a	DIN5
993.2880000000	n/a	n/a	STATUS	n/a	n/a	D255
993.6000000000	n/a	n/a	STATUS	n/a	n/a	DI96
993.6520000000	n/a	n/a	STATUS	n/a	n/a	D255
993.6880000000	n/a	n/a	STATUS	n/a	n/a	DI52
993.7400000000	n/a	n/a	STATUS	n/a	n/a	D255
994.1000000000	n/a	n/a	STATUS	n/a	n/a	DI42
994.1520000000	n/a	n/a	STATUS	n/a	n/a	D255
994.4120000000	n/a	n/a	STATUS	n/a	n/a	DIN5
994.4600000000	n/a	n/a	STATUS	n/a	n/a	D255
994.8840000000	n/a	n/a	STATUS	n/a	n/a	D191
994.9360000000	n/a	n/a	STATUS	n/a	n/a	D255
994.9720000000	n/a	n/a	STATUS	n/a	n/a	DI53
995.0240000000	n/a	n/a	STATUS	n/a	n/a	D255
995.3400000000	n/a	n/a	STATUS	n/a	n/a	DI43
995.3920000000	n/a	n/a	STATUS	n/a	n/a	D255
995.6520000000	n/a	n/a	STATUS	n/a	n/a	DIN5
995.7000000000	n/a	n/a	STATUS	n/a	n/a	D255
996.1240000000	n/a	n/a	STATUS	n/a	n/a	D227
996.1760000000	n/a	n/a	STATUS	n/a	n/a	D255
996.2120000000	n/a	n/a	STATUS	n/a	n/a	DI54
996.2640000000	n/a	n/a	STATUS	n/a	n/a	D255
996.5440000000	n/a	n/a	STATUS	n/a	n/a	DI24
996.5960000000	n/a	n/a	STATUS	n/a	n/a	D255
996.6000000000	n/a	n/a	STATUS	n/a	n/a	DIN4
996.6480000000	n/a	n/a	STATUS	n/a	n/a	D255
997.4040000000	n/a	n/a	STATUS	n/a	n/a	DIN5
997.4560000000	n/a	n/a	STATUS	n/a	n/a	D255
997.9400000000	n/a	n/a	STATUS	n/a	n/a	D120
997.9880000000	n/a	n/a	STATUS	n/a	n/a	D255
998.0280000000	n/a	n/a	STATUS	n/a	n/a	DI51
998.0760000000	n/a	n/a	STATUS	n/a	n/a	D255
998.6320000000	n/a	n/a	STATUS	n/a	n/a	DI31
998.6840000000	n/a	n/a	STATUS	n/a	n/a	D255
998.9400000000	n/a	n/a	STATUS	n/a	n/a	DIN5
998.9920000000	n/a	n/a	STATUS	n/a	n/a	D255
999.3520000000	n/a	n/a	STATUS	n/a	n/a	D149
999.4000000000	n/a	n/a	STATUS	n/a	n/a	D255
999.4400000000	n/a	n/a	STATUS	n/a	n/a	DI54
999.4880000000	n/a	n/a	STATUS	n/a	n/a	D255
999.7880000000	n/a	n/a	STATUS	n/a	n/a	DI34
999.8360000000	n/a	n/a	STATUS	n/a	n/a	D255
1000.0960000000	n/a	n/a	STATUS	n/a	n/a	DIN5
1000.1440000000	n/a	n/a	STATUS	n/a	n/a	D255
1000.6440000000	n/a	n/a	STATUS	n/a	n/a	D179
1000.6960000000	n/a	n/a	STATUS	n/a	n/a	D255
1000.7320000000	n/a	n/a	STATUS	n/a	n/a	DI51
1000.7840000000	n/a	n/a	STATUS	n/a	n/a	D255
1001.1800000000	n/a	n/a	STATUS	n/a	n/a	DI21
1001.2320000000	n/a	n/a	STATUS	n/a	n/a	D255
1001.2360000000	n/a	n/a	STATUS	n/a	n/a	DIN4
1001.2840000000	n/a	n/a	STATUS	n/a	n/a	D255
1002.0400000000	n/a	n/a	STATUS	n/a	n/a	DIN5
1002.0920000000	n/a	n/a	STATUS	n/a	n/a	D255
1002.5200000000	n/a	n/a	STATUS	n/a	n/a	DI68
1002.5720000000	n/a	n/a	STATUS	n/a	n/a	D255
1002.6080000000	n/a	n/a	STATUS	n/a	n/a	DI51
1002.6560000000	n/a	n/a	STATUS	n/a	n/a	D255
1003.0400000000	n/a	n/a	STATUS	n/a	n/a	DI31
1003.0880000000	n/a	n/a	STATUS	n/a	n/a	D255
1003.3480000000	n/a	n/a	STATUS	n/a	n/a	DIN5
1003.4000000000	n/a	n/a	STATUS	n/a	n/a	D255
1003.7840000000	n/a	n/a	STATUS	n/a	n/a	D210
1003.8320000000	n/a	n/a	STATUS	n/a	n/a	D255
1003.8720000000	n/a	n/a	STATUS	n/a	n/a	DI53
1003.9200000000	n/a	n/a	STATUS	n/a	n/a	D255
1004.2880000000	n/a	n/a	STATUS	n/a	n/a	DI43
1004.3400000000	n/a	n/a	STATUS	n/a	n/a	D255
1004.5960000000	n/a	n/a	STATUS	n/a	n/a	DIN5
1004.6480000000	n/a	n/a	STATUS	n/a	n/a	D255
1005.1280000000	n/a	n/a	STATUS	n/a	n/a	D135
1005.1760000000	n/a	n/a	STATUS	n/a	n/a	D255
1005.2160000000	n/a	n/a	STATUS	n/a	n/a	DI53
1005.2640000000	n/a	n/a	STATUS	n/a	n/a	D255
1005.6040000000	n/a	n/a	STATUS	n/a	n/a	DI43
1005.6520000000	n/a	n/a	STATUS	n/a	n/a	D255
1005.9120000000	n/a	n/a	STATUS	n/a	n/a	DIN5
1005.9600000000	n/a	n/a	STATUS	n/a	n/a	D255
1006.4000000000	n/a	n/a	STATUS	n/a	n/a	D234
1006.4520000000	n/a	n/a	STATUS	n/a	n/a	D255
1006.4880000000	n/a	n/a	STATUS	n/a	n/a	DI52
1006.5400000000	n/a	n/a	STATUS	n/a	n/a	D255
1006.9280000000	n/a	n/a	STATUS	n/a	n/a	DI42
1006.9760000000	n/a	n/a	STATUS	n/a	n/a	D255
1007.2360000000	n/a	n/a	STATUS	n/a	n/a	DIN5
1007.2880000000	n/a	n/a	STATUS	n/a	n/a	D255
1007.6600000000	n/a	n/a	STATUS	n/a	n/a	D198
1007.7120000000	n/a	n/a	STATUS	n/a	n/a	D255
1007.7480000000	n/a	n/a	STATUS	n/a	n/a	DI53
1007.8000000000	n/a	n/a	STATUS	n/a	n/a	D255
1008.1240000000	n/a	n/a	STATUS	n/a	n/a	DI43
1008.1760000000	n/a	n/a	STATUS	n/a	n/a	D255
1008.4360000000	n/a	n/a	STATUS	n/a	n/a	DIN5
1008.4840000000	n/a	n/a	STATUS	n/a	n/a	D255
1008.9640000000	n/a	n/a	STATUS	n/a	n/a	D143
1009.0160000000	n/a	n/a	STATUS	n/a	n/a	D255
1009.0520000000	n/a	n/a	STATUS	n/a	n/a	DI54
1009.1040000000	n/a	n/a	STATUS	n/a	n/a	D255
1009.4560000000	n/a	n/a	STATUS	n/a	n/a	DI34
1009.5040000000	n/a	n/a	STATUS	n/a	n/a	D255
1009.7640000000	n/a	n/a	STATUS	n/a	n/a	DIN5
1009.8160000000	n/a	n/a	STATUS	n/a	n/a	D255
1010.1240000000	n/a	n/a	STATUS	n/a	n/a	D114
1010.1760000000	n/a	n/a	STATUS	n/a	n/a	D255
1010.2120000000	n/a	n/a	STATUS	n/a	n/a	DI54
1010.2640000000	n/a	n/a	STATUS	n/a	n/a	D255
1010.5640000000	n/a	n/a	STATUS	n/a	n/a	DI34
1010.6120000000	n/a	n/a	STATUS	n/a	n/a	D255
1010.8720000000	n/a	n/a	STATUS	n/a	n/a	DIN5
1010.9240000000	n/a	n/a	STATUS	n/a	n/a	D255
1011.3720000000	n/a	n/a	STATUS	n/a	n/a	D108
1011.4240000000	n/a	n/a	STATUS	n/a	n/a	D255
1011.4600000000	n/a	n/a	STATUS	n/a	n/a	DI54
1011.5120000000	n/a	n/a	STATUS	n/a	n/a	D255
1011.8240000000	n/a	n/a	STATUS	n/a	n/a	DI34
1011.8720000000	n/a	n/a	STATUS	n/a	n/a	D255
1012.1320000000	n/a	n/a	STATUS	n/a	n/a	DIN5
1012.1840000000	n/a	n/a	STATUS	n/a	n/a	D255
1012.5520000000	n/a	n/a	STATUS	n/a	n/a	D232
1012.6040000000	n/a	n/a	STATUS	n/a	n/a	D255
1012.6400000000	n/a	n/a	STATUS	n/a	n/a	DI53
1012.6880000000	n/a	n/a	STATUS	n/a	n/a	D255
1013.0680000000	n/a	n/a	STATUS	n/a	n/a	DI43
1013.1200000000	n/a	n/a	STATUS	n/a	n/a	D255
1013.3760000000	n/a	n/a	STATUS	n/a	n/a	DIN5
1013.4280000000	n/a	n/a	STATUS	n/a	n/a	D255
1013.7320000000	n/a	n/a	STATUS	n/a	n/a	D140
1013.7800000000	n/a	n/a	STATUS	n/a	n/a	D255
1013.8200000000	n/a	n/a	STATUS	n/a	n/a	DI51
1013.8680000000	n/a	n/a	STATUS	n/a	n/a	D255
1014.8920000000	n/a	n/a	STATUS	n/a	n/a	DIN3
1014.9440000000	n/a	n/a	STATUS	n/a	n/a	D255
1014.9440000000	n/a	n/a	STATUS	n/a	n/a	D227
1015.6960000000	n/a	n/a	STATUS	n/a	n/a	DIN5
1015.7480000000	n/a	n/a	STATUS	n/a	n/a	D255
1016.1360000000	n/a	n/a	STATUS	n/a	n/a	D170
1016.1880000000	n/a	n/a	STATUS	n/a	n/a	D255
1016.2240000000	n/a	n/a	STATUS	n/a	n/a	DI52
1016.2760000000	n/a	n/a	STATUS	n/a	n/a	D255
1016.6480000000	n/a	n/a	STATUS	n/a	n/a	DI42
1016.6960000000	n/a	n/a	STATUS	n/a	n/a	D255
1016.9560000000	n/a	n/a	STATUS	n/a	n/a	DIN5
1017.0040000000	n/a	n/a	STATUS	n/a	n/a	D255
1017.3800000000	n/a	n/a	STATUS	n/a	n/a	D246
1017.4320000000	n/a	n/a	STATUS	n/a	n/a	D255
1017.4680000000	n/a	n/a	STATUS	n/a	n/a	DI53
1017.5200000000	n/a	n/a	STATUS	n/a	n/a	D255
1017.8200000000	n/a	n/a	STATUS	n/a	n/a	DI43
1017.8680000000	n/a	n/a	STATUS	n/a	n/a	D255
1018.1280000000	n/a	n/a	STATUS	n/a	n/a	DIN5
1018.1800000000	n/a	n/a	STATUS	n/a	n/a	D255
1018.5040000000	n/a	n/a	STATUS	n/a	n/a	D103
1018.5520000000	n/a	n/a	STATUS	n/a	n/a	D255
1018.5920000000	n/a	n/a	STATUS	n/a	n/a	DI54
1018.6440000000	n/a	n/a	STATUS	n/a	n/a	D255
1018.9160000000	n/a	n/a	STATUS	n/a	n/a	DI34
1018.9680000000	n/a	n/a	STATUS	n/a	n/a	D255
1019.2240000000	n/a	n/a	STATUS	n/a	n/a	DIN5
1019.2760000000	n/a	n/a	STATUS	n/a	n/a	D255
1019.7320000000	n/a	n/a	STATUS	n/a	n/a	D141
1019.7800000000	n/a	n/a	STATUS	n/a	n/a	D255
1019.8200000000	n/a	n/a	STATUS	n/a	n/a	DI51
1019.8680000000	n/a	n/a	STATUS	n/a	n/a	D255
1020.3240000000	n/a	n/a	STATUS	n/a	n/a	DI31
1020.3760000000	n/a	n/a	STATUS	n/a	n/a	D255
1020.6320000000	n/a	n/a	STATUS	n/a	n/a	DIN5
1020.6840000000	n/a	n/a	STATUS	n/a	n/a	D255
1021.1560000000	n/a	n/a	STATUS	n/a	n/a	D245
1021.2080000000	n/a	n/a	STATUS	n/a	n/a	D255
1021.2440000000	n/a	n/a	STATUS	n/a	n/a	DI51
1021.2960000000	n/a	n/a	STATUS	n/a	n/a	D255
1021.6520000000	n/a	n/a	STATUS	n/a	n/a	DI31
1021.7000000000	n/a	n/a	STATUS	n/a	n/a	D255
1021.9600000000	n/a	n/a	STATUS	n/a	n/a	DIN5
1022.0120000000	n/a	n/a	STATUS	n/a	n/a	D255
1022.5080000000	n/a	n/a	STATUS	n/a	n/a	D129
1022.5600000000	n/a	n/a	STATUS	n/a	n/a	D255
1022.5960000000	n/a	n/a	STATUS	n/a	n/a	DI54
1022.6480000000	n/a	n/a	STATUS	n/a	n/a	D255
1022.9960000000	n/a	n/a	STATUS	n/a	n/a	DI34
1023.0440000000	n/a	n/a	STATUS	n/a	n/a	D255
1023.3040000000	n/a	n/a	STATUS	n/a	n/a	DIN5
1023.3560000000	n/a	n/a	STATUS	n/a	n/a	D255
1023.7880000000	n/a	n/a	STATUS	n/a	n/a	D165
1023.8400000000	n/a	n/a	STATUS	n/a	n/a	D255
1023.8760000000	n/a	n/a	STATUS	n/a	n/a	DI53
1023.9280000000	n/a	n/a	STATUS	n/a	n/a	D255
1024.2440000000	n/a	n/a	STATUS	n/a	n/a	DI43
1024.2960000000	n/a	n/a	STATUS	n/a	n/a	D255
1024.5560000000	n/a	n/a	STATUS	n/a	n/a	DIN5
1024.6040000000	n/a	n/a	STATUS	n/a	n/a	D255
1024.9600000000	n/a	n/a	STATUS	n/a	n/a	D105
1025.0080000000	n/a	n/a	STATUS	n/a	n/a	D255
1025.0440000000	n/a	n/a	STATUS	n/a	n/a	DI52
1025.0960000000	n/a	n/a	STATUS	n/a	n/a	D255
1025.5720000000	n/a	n/a	STATUS	n/a	n/a	DI42
1025.6240000000	n/a	n/a	STATUS	n/a	n/a	D255
1025.8800000000	n/a	n/a	STATUS	n/a	n/a	DIN5
1025.9320000000	n/a	n/a	STATUS	n/a	n/a	D255
1026.4120000000	n/a	n/a	STATUS	n/a	n/a	D203
1026.4600000000	n/a	n/a	STATUS	n/a	n/a	D255
1026.5000000000	n/a	n/a	STATUS	n/a	n/a	DI52
1026.5480000000	n/a	n/a	STATUS	n/a	n/a	D255
1026.8600000000	n/a	n/a	STATUS	n/a	n/a	DI12
1026.9120000000	n/a	n/a	STATUS	n/a	n/a	D255
1026.9160000000	n/a	n/a	STATUS	n/a	n/a	DIN4
1026.9640000000	n/a	n/a	STATUS	n/a	n/a	D255
1027.7200000000	n/a	n/a	STATUS	n/a	n/a	DIN5
1027.7720000000	n/a	n/a	STATUS	n/a	n/a	D255
1028.1240000000	n/a	n/a	STATUS	n/a	n/a	DI95
1028.1760000000	n/a	n/a	STATUS	n/a	n/a	D255
1028.2120000000	n/a	n/a	STATUS	n/a	n/a	DI52
1028.2600000000	n/a	n/a	STATUS	n/a	n/a	D255
1028.5680000000	n/a	n/a	STATUS	n/a	n/a	DI12
1028.6200000000	n/a	n/a	STATUS	n/a	n/a	D255
1028.6240000000	n/a	n/a	STATUS	n/a	n/a	DIN4
1028.6720000000	n/a	n/a	STATUS	n/a	n/a	D255
1029.4280000000	n/a	n/a	STATUS	n/a	n/a	DIN5
1029.4800000000	n/a	n/a	STATUS	n/a	n/a	D255
1029.9840000000	n/a	n/a	STATUS	n/a	n/a	D253
1030.0320000000	n/a	n/a	STATUS	n/a	n/a	D255
1030.0720000000	n/a	n/a	STATUS	n/a	n/a	DI51
1030.1200000000	n/a	n/a	STATUS	n/a	n/a	D255
1030.5520000000	n/a	n/a	STATUS	n/a	n/a	DI31
1030.6040000000	n/a	n/a	STATUS	n/a	n/a	D255
1030.8640000000	n/a	n/a	STATUS	n/a	n/a	DIN5
1030.9120000000	n/a	n/a	STATUS	n/a	n/a	D255
1031.3800000000	n/a	n/a	STATUS	n/a	n/a	DI69
1031.4320000000	n/a	n/a	STATUS	n/a	n/a	D255
1031.4680000000	n/a	n/a	STATUS	n/a	n/a	DI54
1031.5200000000	n/a	n/a	STATUS	n/a	n/a	D255
1031.8000000000	n/a	n/a	STATUS	n/a	n/a	DI34
1031.8520000000	n/a	n/a	STATUS	n/a	n/a	D255
1032.1080000000	n/a	n/a	STATUS	n/a	n/a	DIN5
1032.1600000000	n/a	n/a	STATUS	n/a	n/a	D255
1032.6280000000	n/a	n/a	STATUS	n/a	n/a	D185
1032.6800000000	n/a	n/a	STATUS	n/a	n/a	D255
1032.7160000000	n/a	n/a	STATUS	n/a	n/a	DI52
1032.7680000000	n/a	n/a	STATUS	n/a	n/a	D255
1033.1840000000	n/a	n/a	STATUS	n/a	n/a	DI42
1033.2360000000	n/a	n/a	STATUS	n/a	n/a	D255
1033.4960000000	n/a	n/a	STATUS	n/a	n/a	DIN5
1033.5440000000	n/a	n/a	STATUS	n/a	n/a	D255
1033.9040000000	n/a	n/a	STATUS	n/a	n/a	DI81
1033.9560000000	n/a	n/a	STATUS	n/a	n/a	D255
1033.9920000000	n/a	n/a	STATUS	n/a	n/a	DI54
1034.0440000000	n/a	n/a	STATUS	n/a	n/a	D255
1034.6520000000	n/a	n/a	STATUS	n/a	n/a	DI34
1034.7000000000	n/a	n/a	STATUS	n/a	n/a	D255
1034.9600000000	n/a	n/a	STATUS	n/a	n/a	DIN5
1035.0120000000	n/a	n/a	STATUS	n/a	n/a	D255
1035.4720000000	n/a	n/a	STATUS	n/a	n/a	DI97
1035.5200000000	n/a	n/a	STATUS	n/a	n/a	D255
1035.5560000000	n/a	n/a	STATUS	n/a	n/a	DI52
1035.6080000000	n/a	n/a	STATUS	n/a	n/a	D255
1035.9520000000	n/a	n/a	STATUS	n/a	n/a	DI42
1036.0000000000	n/a	n/a	STATUS	n/a	n/a	D255
1036.2600000000	n/a	n/a	STATUS	n/a	n/a	DIN5
1036.3120000000	n/a	n/a	STATUS	n/a	n/a	D255
1036.7960000000	n/a	n/a	STATUS	n/a	n/a	D226
1036.8440000000	n/a	n/a	STATUS	n/a	n/a	D255
1036.8840000000	n/a	n/a	STATUS	n/a	n/a	DI53
1036.9320000000	n/a	n/a	STATUS	n/a	n/a	D255
1037.2200000000	n/a	n/a	STATUS	n/a	n/a	DI43
1037.2720000000	n/a	n/a	STATUS	n/a	n/a	D255
1037.5280000000	n/a	n/a	STATUS	n/a	n/a	DIN5
1037.5800000000	n/a	n/a	STATUS	n/a	n/a	D255
1038.0400000000	n/a	n/a	STATUS	n/a	n/a	D243
1038.0880000000	n/a	n/a	STATUS	n/a	n/a	D255
1038.1280000000	n/a	n/a	STATUS	n/a	n/a	DI52
1038.1760000000	n/a	n/a	STATUS	n/a	n/a	D255
1038.7160000000	n/a	n/a	STATUS	n/a	n/a	DI42
1038.7680000000	n/a	n/a	STATUS	n/a	n/a	D255
1039.0240000000	n/a	n/a	STATUS	n/a	n/a	DIN5
1039.0760000000	n/a	n/a	STATUS	n/a	n/a	D255
1039.4840000000	n/a	n/a	STATUS	n/a	n/a	DI86
1039.5360000000	n/a	n/a	STATUS	n/a	n/a	D255
1039.5720000000	n/a	n/a	STATUS	n/a	n/a	DI53
1039.6240000000	n/a	n/a	STATUS	n/a	n/a	D255
1039.8800000000	n/a	n/a	STATUS	n/a	n/a	DI43
1039.9280000000	n/a	n/a	STATUS	n/a	n/a	D255
1040.1880000000	n/a	n/a	STATUS	n/a	n/a	DIN5
1040.2400000000	n/a	n/a	STATUS	n/a	n/a	D255
1040.6840000000	n/a	n/a	STATUS	n/a	n/a	D193
1040.7360000000	n/a	n/a	STATUS	n/a	n/a	D255
1040.7720000000	n/a	n/a	STATUS	n/a	n/a	DI51
1040.8240000000	n/a	n/a	STATUS	n/a	n/a	D255
1041.1240000000	n/a	n/a	STATUS	n/a	n/a	DI21
1041.1760000000	n/a	n/a	STATUS	n/a	n/a	D255
1041.1800000000	n/a	n/a	STATUS	n/a	n/a	DIN4
1041.2280000000	n/a	n/a	STATUS	n/a	n/a	D255
1041.9840000000	n/a	n/a	STATUS	n/a	n/a	DIN5
1042.0320000000	n/a	n/a	STATUS	n/a	n/a	D255
1042.4920000000	n/a	n/a	STATUS	n/a	n/a	DI66
1042.5440000000	n/a	n/a	STATUS	n/a	n/a	D255
1042.5800000000	n/a	n/a	STATUS	n/a	n/a	DI54
1042.6320000000	n/a	n/a	STATUS	n/a	n/a	D255
1042.9240000000	n/a	n/a	STATUS	n/a	n/a	DI34
1042.9760000000	n/a	n/a	STATUS	n/a	n/a	D255
1043.2320000000	n/a	n/a	STATUS	n/a	n/a	DIN5
1043.2840000000	n/a	n/a	STATUS	n/a	n/a	D255
1043.6480000000	n/a	n/a	STATUS	n/a	n/a	D241
1043.7000000000	n/a	n/a	STATUS	n/a	n/a	D255
1043.7360000000	n/a	n/a	STATUS	n/a	n/a	DI51
1043.7840000000	n/a	n/a	STATUS	n/a	n/a	D255
1044.2320000000	n/a	n/a	STATUS	n/a	n/a	DI31
1044.2800000000	n/a	n/a	STATUS	n/a	n/a	D255
1044.5400000000	n/a	n/a	STATUS	n/a	n/a	DIN5
1044.5880000000	n/a	n/a	STATUS	n/a	n/a	D255
1044.9160000000	n/a	n/a	STATUS	n/a	n/a	D107
1044.9640000000	n/a	n/a	STATUS	n/a	n/a	D255
1045.0040000000	n/a	n/a	STATUS	n/a	n/a	DI52
1045.0520000000	n/a	n/a	STATUS	n/a	n/a	D255
1045.4200000000	n/a	n/a	STATUS	n/a	n/a	DI42
1045.4720000000	n/a	n/a	STATUS	n/a	n/a	D255
1045.7320000000	n/a	n/a	STATUS	n/a	n/a	DIN5
1045.7800000000	n/a	n/a	STATUS	n/a	n/a	D255
1046.1720000000	n/a	n/a	STATUS	n/a	n/a	DI77
1046.2200000000	n/a	n/a	STATUS	n/a	n/a	D255
1046.2600000000	n/a	n/a	STATUS	n/a	n/a	DI51
1046.3080000000	n/a	n/a	STATUS	n/a	n/a	D255
1046.6600000000	n/a	n/a	STATUS	n/a	n/a	DI31
1046.7120000000	n/a	n/a	STATUS	n/a	n/a	D255
1046.9680000000	n/a	n/a	STATUS	n/a	n/a	DIN5
1047.0200000000	n/a	n/a	STATUS	n/a	n/a	D255
1047.4440000000	n/a	n/a	STATUS	n/a	n/a	D154
1047.4960000000	n/a	n/a	STATUS	n/a	n/a	D255
1047.5320000000	n/a	n/a	STATUS	n/a	n/a	DI53
1047.5840000000	n/a	n/a	STATUS	n/a	n/a	D255
1047.9120000000	n/a	n/a	STATUS	n/a	n/a	DI43
1047.9640000000	n/a	n/a	STATUS	n/a	n/a	D255
1048.2200000000	n/a	n/a	STATUS	n/a	n/a	DIN5
1048.2720000000	n/a	n/a	STATUS	n/a	n/a	D255
1048.7760000000	n/a	n/a	STATUS	n/a	n/a	D128
1048.8280000000	n/a	n/a	STATUS	n/a	n/a	D255
1048.8640000000	n/a	n/a	STATUS	n/a	n/a	DI53
1048.9120000000	n/a	n/a	STATUS	n/a	n/a	D255
1049.1960000000	n/a	n/a	STATUS	n/a	n/a	DI43
1049.2440000000	n/a	n/a	STATUS	n/a	n/a	D255
1049.5040000000	n/a	n/a	STATUS	n/a	n/a	DIN5
1049.5560000000	n/a	n/a	STATUS	n/a	n/a	D255
1050.0200000000	n/a	n/a	STATUS	n/a	n/a	D144
1050.0680000000	n/a	n/a	STATUS	n/a	n/a	D255
1050.1080000000	n/a	n/a	STATUS	n/a	n/a	DI51
1050.1560000000	n/a	n/a	STATUS	n/a	n/a	D255
1050.5280000000	n/a	n/a	STATUS	n/a	n/a	DI31
1050.5800000000	n/a	n/a	STATUS	n/a	n/a	D255
1050.8360000000	n/a	n/a	STATUS	n/a	n/a	DIN5
1050.8880000000	n/a	n/a	STATUS	n/a	n/a	D255
1051.2720000000	n/a	n/a	STATUS	n/a	n/a	D197
1051.3240000000	n/a	n/a	STATUS	n/a	n/a	D255
1051.3600000000	n/a	n/a	STATUS	n/a	n/a	DI52
1051.4120000000	n/a	n/a	STATUS	n/a	n/a	D255
1051.7760000000	n/a	n/a	STATUS	n/a	n/a	DI42
1051.8240000000	n/a	n/a	STATUS	n/a	n/a	D255
1052.0840000000	n/a	n/a	STATUS	n/a	n/a	DIN5
1052.1320000000	n/a	n/a	STATUS	n/a	n/a	D255
1052.4520000000	n/a	n/a	STATUS	n/a	n/a	D164
1052.5040000000	n/a	n/a	STATUS	n/a	n/a	D255
1052.5400000000	n/a	n/a	STATUS	n/a	n/a	DI51
1052.5920000000	n/a	n/a	STATUS	n/a	n/a	D255
1052.9400000000	n/a	n/a	STATUS	n/a	n/a	DI31
1052.9880000000	n/a	n/a	STATUS	n/a	n/a	D255
1053.2480000000	n/a	n/a	STATUS	n/a	n/a	DIN5
1053.3000000000	n/a	n/a	STATUS	n/a	n/a	D255
1053.6280000000	n/a	n/a	STATUS	n/a	n/a	D225
1053.6760000000	n/a	n/a	STATUS	n/a	n/a	D255
1053.7160000000	n/a	n/a	STATUS	n/a	n/a	DI52
1053.7640000000	n/a	n/a	STATUS	n/a	n/a	D255
1054.1480000000	n/a	n/a	STATUS	n/a	n/a	DI42
1054.2000000000	n/a	n/a	STATUS	n/a	n/a	D255
1054.4600000000	n/a	n/a	STATUS	n/a	n/a	DIN5
1054.5080000000	n/a	n/a	STATUS	n/a	n/a	D255
1054.8320000000	n/a	n/a	STATUS	n/a	n/a	D161
1054.8840000000	n/a	n/a	STATUS	n/a	n/a	D255
1054.9200000000	n/a	n/a	STATUS	n/a	n/a	DI53
1054.9720000000	n/a	n/a	STATUS	n/a	n/a	D255
1055.2880000000	n/a	n/a	STATUS	n/a	n/a	DI43
1055.3400000000	n/a	n/a	STATUS	n/a	n/a	D255
1055.5960000000	n/a	n/a	STATUS	n/a	n/a	DIN5
1055.6480000000	n/a	n/a	STATUS	n/a	n/a	D255
1056.1320000000	n/a	n/a	STATUS	n/a	n/a	D251
1056.1840000000	n/a	n/a	STATUS	n/a	n/a	D255
1056.2200000000	n/a	n/a	STATUS	n/a	n/a	DI51
1056.2720000000	n/a	n/a	STATUS	n/a	n/a	D255
1056.7080000000	n/a	n/a	STATUS	n/a	n/a	DI31
1056.7600000000	n/a	n/a	STATUS	n/a	n/a	D255
1057.0200000000	n/a	n/a	STATUS	n/a	n/a	DIN5
1057.0680000000	n/a	n/a	STATUS	n/a	n/a	D255
1057.3920000000	n/a	n/a	STATUS	n/a	n/a	DI74
1057.4440000000	n/a	n/a	STATUS	n/a	n/a	D255
1057.4800000000	n/a	n/a	STATUS	n/a	n/a	DI54
1057.5320000000	n/a	n/a	STATUS	n/a	n/a	D255
1058.1080000000	n/a	n/a	STATUS	n/a	n/a	DI34
1058.1600000000	n/a	n/a	STATUS	n/a	n/a	D255
1058.4160000000	n/a	n/a	STATUS	n/a	n/a	DIN5
1058.4680000000	n/a	n/a	STATUS	n/a	n/a	D255
1058.8680000000	n/a	n/a	STATUS	n/a	n/a	D176
1058.9160000000	n/a	n/a	STATUS	n/a	n/a	D255
1058.9520000000	n/a	n/a	STATUS	n/a	n/a	DI51
1059.0040000000	n/a	n/a	STATUS	n/a	n/a	D255
1059.3400000000	n/a	n/a	STATUS	n/a	n/a	DI21
1059.3920000000	n/a	n/a	STATUS	n/a	n/a	D255
1059.3960000000	n/a	n/a	STATUS	n/a	n/a	DIN4
1059.4440000000	n/a	n/a	STATUS	n/a	n/a	D255
1060.2000000000	n/a	n/a	STATUS	n/a	n/a	DIN5
1060.2480000000	n/a	n/a	STATUS	n/a	n/a	D255
1060.5640000000	n/a	n/a	STATUS	n/a	n/a	D233
1060.6160000000	n/a	n/a	STATUS	n/a	n/a	D255
1060.6520000000	n/a	n/a	STATUS	n/a	n/a	DI53
1060.7000000000	n/a	n/a	STATUS	n/a	n/a	D255
1060.9840000000	n/a	n/a	STATUS	n/a	n/a	DI43
1061.0360000000	n/a	n/a	STATUS	n/a	n/a	D255
1061.2920000000	n/a	n/a	STATUS	n/a	n/a	DIN5
1061.3440000000	n/a	n/a	STATUS	n/a	n/a	D255
1061.7080000000	n/a	n/a	STATUS	n/a	n/a	D250
1061.7600000000	n/a	n/a	STATUS	n/a	n/a	D255
1061.7960000000	n/a	n/a	STATUS	n/a	n/a	DI54
1061.8480000000	n/a	n/a	STATUS	n/a	n/a	D255
1062.2360000000	n/a	n/a	STATUS	n/a	n/a	DI34
1062.2840000000	n/a	n/a	STATUS	n/a	n/a	D255
1062.5440000000	n/a	n/a	STATUS	n/a	n/a	DIN5
1062.5920000000	n/a	n/a	STATUS	n/a	n/a	D255
1063.0680000000	n/a	n/a	STATUS	n/a	n/a	D167
1063.1200000000	n/a	n/a	STATUS	n/a	n/a	D255
1063.1560000000	n/a	n/a	STATUS	n/a	n/a	DI54
1063.2080000000	n/a	n/a	STATUS	n/a	n/a	D255
1063.5120000000	n/a	n/a	STATUS	n/a	n/a	DI34
1063.5600000000	n/a	n/a	STATUS	n/a	n/a	D255
1063.8200000000	n/a	n/a	STATUS	n/a	n/a	DIN5
1063.8720000000	n/a	n/a	STATUS	n/a	n/a	D255
1064.3680000000	n/a	n/a	STATUS	n/a	n/a	D222
1064.4200000000	n/a	n/a	STATUS	n/a	n/a	D255
1064.4560000000	n/a	n/a	STATUS	n/a	n/a	DI52
1064.5080000000	n/a	n/a	STATUS	n/a	n/a	D255
1064.8400000000	n/a	n/a	STATUS	n/a	n/a	DI42
1064.8920000000	n/a	n/a	STATUS	n/a	n/a	D255
1065.1520000000	n/a	n/a	STATUS	n/a	n/a	DIN5
1065.2000000000	n/a	n/a	STATUS	n/a	n/a	D255
1065.5720000000	n/a	n/a	STATUS	n/a	n/a	D208
1065.6200000000	n/a	n/a	STATUS	n/a	n/a	D255
1065.6600000000	n/a	n/a	STATUS	n/a	n/a	DI51
1065.7080000000	n/a	n/a	STATUS	n/a	n/a	D255
1066.1240000000	n/a	n/a	STATUS	n/a	n/a	DI31
1066.1720000000	n/a	n/a	STATUS	n/a	n/a	D255
1066.4320000000	n/a	n/a	STATUS	n/a	n/a	DIN5
1066.4800000000	n/a	n/a	STATUS	n/a	n/a	D255
1066.9000000000	n/a	n/a	STATUS	n/a	n/a	DI89
1066.9520000000	n/a	n/a	STATUS	n/a	n/a	D255
1066.9880000000	n/a	n/a	STATUS	n/a	n/a	DI54
1067.0400000000	n/a	n/a	STATUS	n/a	n/a	D255
1067.3400000000	n/a	n/a	STATUS	n/a	n/a	DI34
1067.3880000000	n/a	n/a	STATUS	n/a	n/a	D255
1067.6480000000	n/a	n/a	STATUS	n/a	n/a	DIN5
1067.6960000000	n/a	n/a	STATUS	n/a	n/a	D255
1068.1400000000	n/a	n/a	STATUS	n/a	n/a	D168
1068.1920000000	n/a	n/a	STATUS	n/a	n/a	D255
1068.2280000000	n/a	n/a	STATUS	n/a	n/a	DI53
1068.2800000000	n/a	n/a	STATUS	n/a	n/a	D255
1068.5520000000	n/a	n/a	STATUS	n/a	n/a	DI43
1068.6000000000	n/a	n/a	STATUS	n/a	n/a	D255
1068.8600000000	n/a	n/a	STATUS	n/a	n/a	DIN5
1068.9080000000	n/a	n/a	STATUS	n/a	n/a	D255
1069.3680000000	n/a	n/a	STATUS	n/a	n/a	D213
1069.4200000000	n/a	n/a	STATUS	n/a	n/a	D255
1069.4560000000	n/a	n/a	STATUS	n/a	n/a	DI52
1069.5080000000	n/a	n/a	STATUS	n/a	n/a	D255
1069.8960000000	n/a	n/a	STATUS	n/a	n/a	DI42
1069.9440000000	n/a	n/a	STATUS	n/a	n/a	D255
1070.2040000000	n/a	n/a	STATUS	n/a	n/a	DIN5
1070.2520000000	n/a	n/a	STATUS	n/a	n/a	D255
1070.6280000000	n/a	n/a	STATUS	n/a	n/a	D207
1070.6800000000	n/a	n/a	STATUS	n/a	n/a	D255
1070.7160000000	n/a	n/a	STATUS	n/a	n/a	DI52
1070.7680000000	n/a	n/a	STATUS	n/a	n/a	D255
1071.2040000000	n/a	n/a	STATUS	n/a	n/a	DI42
1071.2520000000	n/a	n/a	STATUS	n/a	n/a	D255
1071.5120000000	n/a	n/a	STATUS	n/a	n/a	DIN5
1071.5640000000	n/a	n/a	STATUS	n/a	n/a	D255
1071.9280000000	n/a	n/a	STATUS	n/a	n/a	D254
1071.9760000000	n/a	n/a	STATUS	n/a	n/a	D255
1072.0160000000	n/a	n/a	STATUS	n/a	n/a	DI53
1072.0640000000	n/a	n/a	STATUS	n/a	n/a	D255
1072.3520000000	n/a	n/a	STATUS	n/a	n/a	DI43
1072.4000000000	n/a	n/a	STATUS	n/a	n/a	D255
1072.6600000000	n/a	n/a	STATUS	n/a	n/a	DIN5
1072.7120000000	n/a	n/a	STATUS	n/a	n/a	D255
1073.0480000000	n/a	n/a	STATUS	n/a	n/a	DI76
1073.1000000000	n/a	n/a	STATUS	n/a	n/a	D255
1073.1360000000	n/a	n/a	STATUS	n/a	n/a	DI52
1073.1880000000	n/a	n/a	STATUS	n/a	n/a	D255
1073.6040000000	n/a	n/a	STATUS	n/a	n/a	DI42
1073.6520000000	n/a	n/a	STATUS	n/a	n/a	D255
1073.9120000000	n/a	n/a	STATUS	n/a	n/a	DIN5
1073.9600000000	n/a	n/a	STATUS	n/a	n/a	D255
1074.3400000000	n/a	n/a	STATUS	n/a	n/a	DI91
1074.3920000000	n/a	n/a	STATUS	n/a	n/a	D255
1074.4280000000	n/a	n/a	STATUS	n/a	n/a	DI51
1074.4800000000	n/a	n/a	STATUS	n/a	n/a	D255
1074.9360000000	n/a	n/a	STATUS	n/a	n/a	DI31
1074.9840000000	n/a	n/a	STATUS	n/a	n/a	D255
1075.2440000000	n/a	n/a	STATUS	n/a	n/a	DIN5
1075.2960000000	n/a	n/a	STATUS	n/a	n/a	D255
1075.7880000000	n/a	n/a	STATUS	n/a	n/a	D229
1075.8400000000	n/a	n/a	STATUS	n/a	n/a	D255
1075.8760000000	n/a	n/a	STATUS	n/a	n/a	DI51
1075.9280000000	n/a	n/a	STATUS	n/a	n/a	D255
1076.3040000000	n/a	n/a	STATUS	n/a	n/a	DI31
1076.3560000000	n/a	n/a	STATUS	n/a	n/a	D255
1076.6160000000	n/a	n/a	STATUS	n/a	n/a	DIN5
1076.6640000000	n/a	n/a	STATUS	n/a	n/a	D255
1077.0960000000	n/a	n/a	STATUS	n/a	n/a	D220
1077.1440000000	n/a	n/a	STATUS	n/a	n/a	D255
1077.1840000000	n/a	n/a	STATUS	n/a	n/a	DI52
1077.2320000000	n/a	n/a	STATUS	n/a	n/a	D255
1077.6680000000	n/a	n/a	STATUS	n/a	n/a	DI42
1077.7160000000	n/a	n/a	STATUS	n/a	n/a	D255
1077.9760000000	n/a	n/a	STATUS	n/a	n/a	DIN5
1078.0280000000	n/a	n/a	STATUS	n/a	n/a	D255
1078.4400000000	n/a	n/a	STATUS	n/a	n/a	D134
1078.4920000000	n/a	n/a	STATUS	n/a	n/a	D255
1078.5280000000	n/a	n/a	STATUS	n/a	n/a	DI51
1078.5800000000	n/a	n/a	STATUS	n/a	n/a	D255
1078.9440000000	n/a	n/a	STATUS	n/a	n/a	DI31
1078.9960000000	n/a	n/a	STATUS	n/a	n/a	D255
1079.2560000000	n/a	n/a	STATUS	n/a	n/a	DIN5
1079.3040000000	n/a	n/a	STATUS	n/a	n/a	D255
1079.6440000000	n/a	n/a	STATUS	n/a	n/a	D196
1079.6960000000	n/a	n/a	STATUS	n/a	n/a	D255
1079.7320000000	n/a	n/a	STATUS	n/a	n/a	DI54
1079.7840000000	n/a	n/a	STATUS	n/a	n/a	D255
1080.1120000000	n/a	n/a	STATUS	n/a	n/a	DI34
1080.1600000000	n/a	n/a	STATUS	n/a	n/a	D255
1080.4200000000	n/a	n/a	STATUS	n/a	n/a	DIN5
1080.4720000000	n/a	n/a	STATUS	n/a	n/a	D255
1080.8960000000	n/a	n/a	STATUS	n/a	n/a	D214
1080.9440000000	n/a	n/a	STATUS	n/a	n/a	D255
1080.9840000000	n/a	n/a	STATUS	n/a	n/a	DI51
1081.0320000000	n/a	n/a	STATUS	n/a	n/a	D255
1081.2920000000	n/a	n/a	STATUS	n/a	n/a	DI21
1081.3440000000	n/a	n/a	STATUS	n/a	n/a	D255
1081.3480000000	n/a	n/a	STATUS	n/a	n/a	DIN4
1081.4000000000	n/a	n/a	STATUS	n/a	n/a	D255
1082.1520000000	n/a	n/a	STATUS	n/a	n/a	DIN5
1082.2040000000	n/a	n/a	STATUS	n/a	n/a	D255
1082.6760000000	n/a	n/a	STATUS	n/a	n/a	D112
1082.7280000000	n/a	n/a	STATUS	n/a	n/a	D255
1082.7640000000	n/a	n/a	STATUS	n/a	n/a	DI54
1082.8160000000	n/a	n/a	STATUS	n/a	n/a	D255
1083.0920000000	n/a	n/a	STATUS	n/a	n/a	DI34
1083.1440000000	n/a	n/a	STATUS	n/a	n/a	D255
1083.4000000000	n/a	n/a	STATUS	n/a	n/a	DIN5
1083.4520000000	n/a	n/a	STATUS	n/a	n/a	D255
1083.9200000000	n/a	n/a	STATUS	n/a	n/a	D199
1083.9720000000	n/a	n/a	STATUS	n/a	n/a	D255
1084.0080000000	n/a	n/a	STATUS	n/a	n/a	DI53
1084.0600000000	n/a	n/a	STATUS	n/a	n/a	D255
1084.4440000000	n/a	n/a	STATUS	n/a	n/a	DI43
1084.4960000000	n/a	n/a	STATUS	n/a	n/a	D255
1084.7560000000	n/a	n/a	STATUS	n/a	n/a	DIN5
1084.8040000000	n/a	n/a	STATUS	n/a	n/a	D255
1085.2760000000	n/a	n/a	STATUS	n/a	n/a	D223
1085.3240000000	n/a	n/a	STATUS	n/a	n/a	D255
1085.3640000000	n/a	n/a	STATUS	n/a	n/a	DI54
1085.4120000000	n/a	n/a	STATUS	n/a	n/a	D255
1086.0120000000	n/a	n/a	STATUS	n/a	n/a	DI34
1086.0640000000	n/a	n/a	STATUS	n/a	n/a	D255
1086.3240000000	n/a	n/a	STATUS	n/a	n/a	DIN5
1086.3720000000	n/a	n/a	STATUS	n/a	n/a	D255
1086.8240000000	n/a	n/a	STATUS	n/a	n/a	D218
1086.8720000000	n/a	n/a	STATUS	n/a	n/a	D255
1086.9120000000	n/a	n/a	STATUS	n/a	n/a	DI53
1086.9600000000	n/a	n/a	STATUS	n/a	n/a	D255
1087.2320000000	n/a	n/a	STATUS	n/a	n/a	DI43
1087.2800000000	n/a	n/a	STATUS	n/a	n/a	D255
1087.5400000000	n/a	n/a	STATUS	n/a	n/a	DIN5
1087.5880000000	n/a	n/a	STATUS	n/a	n/a	D255
1088.0080000000	n/a	n/a	STATUS	n/a	n/a	DI85
1088.0600000000	n/a	n/a	STATUS	n/a	n/a	D255
1088.0960000000	n/a	n/a	STATUS	n/a	n/a	DI52
1088.1480000000	n/a	n/a	STATUS	n/a	n/a	D255
1088.5000000000	n/a	n/a	STATUS	n/a	n/a	DI42
1088.5480000000	n/a	n/a	STATUS	n/a	n/a	D255
1088.8080000000	n/a	n/a	STATUS	n/a	n/a	DIN5
1088.8560000000	n/a	n/a	STATUS	n/a	n/a	D255
1089.3480000000	n/a	n/a	STATUS	n/a	n/a	D184
1089.3960000000	n/a	n/a	STATUS	n/a	n/a	D255
1089.4360000000	n/a	n/a	STATUS	n/a	n/a	DI53
1089.4840000000	n/a	n/a	STATUS	n/a	n/a	D255
1089.8200000000	n/a	n/a	STATUS	n/a	n/a	DI43
1089.8720000000	n/a	n/a	STATUS	n/a	n/a	D255
1090.1280000000	n/a	n/a	STATUS	n/a	n/a	DIN5
1090.1800000000	n/a	n/a	STATUS	n/a	n/a	D255
1090.5640000000	n/a	n/a	STATUS	n/a	n/a	D221
1090.6160000000	n/a	n/a	STATUS	n/a	n/a	D255
1090.6520000000	n/a	n/a	STATUS	n/a	n/a	DI54
1090.7000000000	n/a	n/a	STATUS	n/a	n/a	D255
1091.1440000000	n/a	n/a	STATUS	n/a	n/a	DI34
1091.1960000000	n/a	n/a	STATUS	n/a	n/a	D255
1091.4560000000	n/a	n/a	STATUS	n/a	n/a	DIN5
1091.5040000000	n/a	n/a	STATUS	n/a	n/a	D255
1091.8400000000	n/a	n/a	STATUS	n/a	n/a	D139
1091.8880000000	n/a	n/a	STATUS	n/a	n/a	D255
1091.9280000000	n/a	n/a	STATUS	n/a	n/a	DI51
1091.9760000000	n/a	n/a	STATUS	n/a	n/a	D255
1092.3200000000	n/a	n/a	STATUS	n/a	n/a	DI31
1092.3680000000	n/a	n/a	STATUS	n/a	n/a	D255
1092.6280000000	n/a	n/a	STATUS	n/a	n/a	DIN5
1092.6800000000	n/a	n/a	STATUS	n/a	n/a	D255
1093.0080000000	n/a	n/a	STATUS	n/a	n/a	DI73
1093.0560000000	n/a	n/a	STATUS	n/a	n/a	D255
1093.0960000000	n/a	n/a	STATUS	n/a	n/a	DI51
1093.1480000000	n/a	n/a	STATUS	n/a	n/a	D255
1093.4720000000	n/a	n/a	STATUS	n/a	n/a	DI31
1093.5200000000	n/a	n/a	STATUS	n/a	n/a	D255
1093.7800000000	n/a	n/a	STATUS	n/a	n/a	DIN5
1093.8320000000	n/a	n/a	STATUS	n/a	n/a	D255
1094.2680000000	n/a	n/a	STATUS	n/a	n/a	D230
1094.3160000000	n/a	n/a	STATUS	n/a	n/a	D255
1094.3520000000	n/a	n/a	STATUS	n/a	n/a	DI53
1094.4040000000	n/a	n/a	STATUS	n/a	n/a	D255
1094.7160000000	n/a	n/a	STATUS	n/a	n/a	DI43
1094.7640000000	n/a	n/a	STATUS	n/a	n/a	D255
1095.0240000000	n/a	n/a	STATUS	n/a	n/a	DIN5
1095.0720000000	n/a	n/a	STATUS	n/a	n/a	D255
1095.3800000000	n/a	n/a	STATUS	n/a	n/a	DI87
1095.4280000000	n/a	n/a	STATUS	n/a	n/a	D255
1095.4640000000	n/a	n/a	STATUS	n/a	n/a	DI53
1095.5160000000	n/a	n/a	STATUS	n/a	n/a	D255
1095.8440000000	n/a	n/a	STATUS	n/a	n/a	DI43
1095.8960000000	n/a	n/a	STATUS	n/a	n/a	D255
1096.1560000000	n/a	n/a	STATUS	n/a	n/a	DIN5
1096.2040000000	n/a	n/a	STATUS	n/a	n/a	D255
1096.5480000000	n/a	n/a	STATUS	n/a	n/a	D215
1096.6000000000	n/a	n/a	STATUS	n/a	n/a	D255
1096.6360000000	n/a	n/a	STATUS	n/a	n/a	DI52
1096.6880000000	n/a	n/a	STATUS	n/a	n/a	D255
1097.0440000000	n/a	n/a	STATUS	n/a	n/a	DI42
1097.0960000000	n/a	n/a	STATUS	n/a	n/a	D255
1097.3520000000	n/a	n/a	STATUS	n/a	n/a	DIN5
1097.4040000000	n/a	n/a	STATUS	n/a	n/a	D255
1097.8680000000	n/a	n/a	STATUS	n/a	n/a	D219
1097.9160000000	n/a	n/a	STATUS	n/a	n/a	D255
1097.9560000000	n/a	n/a	STATUS	n/a	n/a	DI51
1098.0040000000	n/a	n/a	STATUS	n/a	n/a	D255
1098.3520000000	n/a	n/a	STATUS	n/a	n/a	DI31
1098.4000000000	n/a	n/a	STATUS	n/a	n/a	D255
1098.6600000000	n/a	n/a	STATUS	n/a	n/a	DIN5
1098.7080000000	n/a	n/a	STATUS	n/a	n/a	D255
1099.1480000000	n/a	n/a	STATUS	n/a	n/a	D132
1099.2000000000	n/a	n/a	STATUS	n/a	n/a	D255
1099.2360000000	n/a	n/a	STATUS	n/a	n/a	DI51
1099.2880000000	n/a	n/a	STATUS	n/a	n/a	D255
1099.6600000000	n/a	n/a	STATUS	n/a	n/a	DI31
1099.7120000000	n/a	n/a	STATUS	n/a	n/a	D255
1099.9680000000	n/a	n/a	STATUS	n/a	n/a	DIN5
1100.0200000000	n/a	n/a	STATUS	n/a	n/a	D255
1100.4360000000	n/a	n/a	STATUS	n/a	n/a	D116
1100.4840000000	n/a	n/a	STATUS	n/a	n/a	D255
1100.5200000000	n/a	n/a	STATUS	n/a	n/a	DI54
1100.5720000000	n/a	n/a	STATUS	n/a	n/a	D255
1100.8520000000	n/a	n/a	STATUS	n/a	n/a	DI34
1100.9040000000	n/a	n/a	STATUS	n/a	n/a	D255
1101.1640000000	n/a	n/a	STATUS	n/a	n/a	DIN5
1101.2120000000	n/a	n/a	STATUS	n/a	n/a	D255
1101.7120000000	n/a	n/a	STATUS	n/a	n/a	D200
1101.7640000000	n/a	n/a	STATUS	n/a	n/a	D255
1101.8000000000	n/a	n/a	STATUS	n/a	n/a	DI53
1101.8520000000	n/a	n/a	STATUS	n/a	n/a	D255
1102.1600000000	n/a	n/a	STATUS	n/a	n/a	DI43
1102.2120000000	n/a	n/a	STATUS	n/a	n/a	D255
1102.4680000000	n/a	n/a	STATUS	n/a	n/a	DIN5
1102.5200000000	n/a	n/a	STATUS	n/a	n/a	D255
1103.0240000000	n/a	n/a	STATUS	n/a	n/a	D151
1103.0760000000	n/a	n/a	STATUS	n/a	n/a	D255
1103.1120000000	n/a	n/a	STATUS	n/a	n/a	DI54
1103.1640000000	n/a	n/a	STATUS	n/a	n/a	D255
1103.4480000000	n/a	n/a	STATUS	n/a	n/a	DI34
1103.5000000000	n/a	n/a	STATUS	n/a	n/a	D255
1103.7600000000	n/a	n/a	STATUS	n/a	n/a	DIN5
1103.8080000000	n/a	n/a	STATUS	n/a	n/a	D255
1104.2160000000	n/a	n/a	STATUS	n/a	n/a	D177
1104.2680000000	n/a	n/a	STATUS	n/a	n/a	D255
1104.3040000000	n/a	n/a	STATUS	n/a	n/a	DI52
1104.3560000000	n/a	n/a	STATUS	n/a	n/a	D255
1104.7080000000	n/a	n/a	STATUS	n/a	n/a	DI42
1104.7600000000	n/a	n/a	STATUS	n/a	n/a	D255
1105.0160000000	n/a	n/a	STATUS	n/a	n/a	DIN5
1105.0680000000	n/a	n/a	STATUS	n/a	n/a	D255
1105.3960000000	n/a	n/a	STATUS	n/a	n/a	D145
1105.4480000000	n/a	n/a	STATUS	n/a	n/a	D255
1105.4840000000	n/a	n/a	STATUS	n/a	n/a	DI54
1105.5360000000	n/a	n/a	STATUS	n/a	n/a	D255
1105.8280000000	n/a	n/a	STATUS	n/a	n/a	DI34
1105.8760000000	n/a	n/a	STATUS	n/a	n/a	D255
1106.1360000000	n/a	n/a	STATUS	n/a	n/a	DIN5
1106.1840000000	n/a	n/a	STATUS	n/a	n/a	D255
1106.5800000000	n/a	n/a	STATUS	n/a	n/a	D148
1106.6320000000	n/a	n/a	STATUS	n/a	n/a	D255
1106.6680000000	n/a	n/a	STATUS	n/a	n/a	DI54
1106.7200000000	n/a	n/a	STATUS	n/a	n/a	D255
1107.0520000000	n/a	n/a	STATUS	n/a	n/a	DI34
1107.1000000000	n/a	n/a	STATUS	n/a	n/a	D255
1107.3600000000	n/a	n/a	STATUS	n/a	n/a	DIN5
1107.4080000000	n/a	n/a	STATUS	n/a	n/a	D255
1107.7840000000	n/a	n/a	STATUS	n/a	n/a	D212
1107.8360000000	n/a	n/a	STATUS	n/a	n/a	D255
1107.8720000000	n/a	n/a	STATUS	n/a	n/a	DI52
1107.9240000000	n/a	n/a	STATUS	n/a	n/a	D255
1108.2880000000	n/a	n/a	STATUS	n/a	n/a	DI42
1108.3400000000	n/a	n/a	STATUS	n/a	n/a	D255
1108.6000000000	n/a	n/a	STATUS	n/a	n/a	DIN5
1108.6480000000	n/a	n/a	STATUS	n/a	n/a	D255
1109.0400000000	n/a	n/a	STATUS	n/a	n/a	D146
1109.0880000000	n/a	n/a	STATUS	n/a	n/a	D255
1109.1280000000	n/a	n/a	STATUS	n/a	n/a	DI51
1109.1760000000	n/a	n/a	STATUS	n/a	n/a	D255
1109.5600000000	n/a	n/a	STATUS	n/a	n/a	DI31
1109.6080000000	n/a	n/a	STATUS	n/a	n/a	D255
1109.8680000000	n/a	n/a	STATUS	n/a	n/a	DIN5
1109.9200000000	n/a	n/a	STATUS	n/a	n/a	D255
1110.3200000000	n/a	n/a	STATUS	n/a	n/a	D249
1110.3680000000	n/a	n/a	STATUS	n/a	n/a	D255
1110.4080000000	n/a	n/a	STATUS	n/a	n/a	DI52
1110.4560000000	n/a	n/a	STATUS	n/a	n/a	D255
1110.8280000000	n/a	n/a	STATUS	n/a	n/a	DI42
1110.8800000000	n/a	n/a	STATUS	n/a	n/a	D255
1111.1400000000	n/a	n/a	STATUS	n/a	n/a	DIN5
1111.1880000000	n/a	n/a	STATUS	n/a	n/a	D255
1111.6880000000	n/a	n/a	STATUS	n/a	n/a	D242
1111.7400000000	n/a	n/a	STATUS	n/a	n/a	D255
1111.7760000000	n/a	n/a	STATUS	n/a	n/a	DI51
1111.8280000000	n/a	n/a	STATUS	n/a	n/a	D255
1112.2520000000	n/a	n/a	STATUS	n/a	n/a	DI31
1112.3040000000	n/a	n/a	STATUS	n/a	n/a	D255
1112.5640000000	n/a	n/a	STATUS	n/a	n/a	DIN5
1112.6120000000	n/a	n/a	STATUS	n/a	n/a	D255
1112.9360000000	n/a	n/a	STATUS	n/a	n/a	D174
1112.9880000000	n/a	n/a	STATUS	n/a	n/a	D255
1113.0240000000	n/a	n/a	STATUS	n/a	n/a	DI54
1113.0760000000	n/a	n/a	STATUS	n/a	n/a	D255
1113.3560000000	n/a	n/a	STATUS	n/a	n/a	DI34
1113.4040000000	n/a	n/a	STATUS	n/a	n/a	D255
1113.6640000000	n/a	n/a	STATUS	n/a	n/a	DIN5
1113.7160000000	n/a	n/a	STATUS	n/a	n/a	D255
1114.0520000000	n/a	n/a	STATUS	n/a	n/a	D187
1114.1040000000	n/a	n/a	STATUS	n/a	n/a	D255
1114.1400000000	n/a	n/a	STATUS	n/a	n/a	DI53
1114.1920000000	n/a	n/a	STATUS	n/a	n/a	D255
1114.5240000000	n/a	n/a	STATUS	n/a	n/a	DI43
1114.5720000000	n/a	n/a	STATUS	n/a	n/a	D255
1114.8320000000	n/a	n/a	STATUS	n/a	n/a	DIN5
1114.8840000000	n/a	n/a	STATUS	n/a	n/a	D255
1115.3560000000	n/a	n/a	STATUS	n/a	n/a	D155
1115.4040000000	n/a	n/a	STATUS	n/a	n/a	D255
1115.4440000000	n/a	n/a	STATUS	n/a	n/a	DI52
1115.4960000000	n/a	n/a	STATUS	n/a	n/a	D255
1115.8400000000	n/a	n/a	STATUS	n/a	n/a	DI42
1115.8880000000	n/a	n/a	STATUS	n/a	n/a	D255
1116.1480000000	n/a	n/a	STATUS	n/a	n/a	DIN5
1116.2000000000	n/a	n/a	STATUS	n/a	n/a	D255
1116.6720000000	n/a	n/a	STATUS	n/a	n/a	D209
1116.7240000000	n/a	n/a	STATUS	n/a	n/a	D255
1116.7600000000	n/a	n/a	STATUS	n/a	n/a	DI53
1116.8080000000	n/a	n/a	STATUS	n/a	n/a	D255
1117.1040000000	n/a	n/a	STATUS	n/a	n/a	DI43
1117.1520000000	n/a	n/a	STATUS	n/a	n/a	D255
