onset	duration	sample	trial_type	response_time	stim_file	value
79.1880000000	n/a	n/a	STATUS	n/a	n/a	DIN5
79.2360000000	n/a	n/a	STATUS	n/a	n/a	D255
79.6600000000	n/a	n/a	STATUS	n/a	n/a	D188
79.7080000000	n/a	n/a	STATUS	n/a	n/a	D255
79.7440000000	n/a	n/a	STATUS	n/a	n/a	DI52
79.7960000000	n/a	n/a	STATUS	n/a	n/a	D255
80.1080000000	n/a	n/a	STATUS	n/a	n/a	DI42
80.1600000000	n/a	n/a	STATUS	n/a	n/a	D255
80.4200000000	n/a	n/a	STATUS	n/a	n/a	DIN5
80.4720000000	n/a	n/a	STATUS	n/a	n/a	D255
80.8760000000	n/a	n/a	STATUS	n/a	n/a	D193
80.9280000000	n/a	n/a	STATUS	n/a	n/a	D255
80.9640000000	n/a	n/a	STATUS	n/a	n/a	DI53
81.0160000000	n/a	n/a	STATUS	n/a	n/a	D255
81.2440000000	n/a	n/a	STATUS	n/a	n/a	DI43
81.2920000000	n/a	n/a	STATUS	n/a	n/a	D255
81.5520000000	n/a	n/a	STATUS	n/a	n/a	DIN5
81.6040000000	n/a	n/a	STATUS	n/a	n/a	D255
82.0600000000	n/a	n/a	STATUS	n/a	n/a	D143
82.1080000000	n/a	n/a	STATUS	n/a	n/a	D255
82.1480000000	n/a	n/a	STATUS	n/a	n/a	DI53
82.1960000000	n/a	n/a	STATUS	n/a	n/a	D255
82.4720000000	n/a	n/a	STATUS	n/a	n/a	DI43
82.5200000000	n/a	n/a	STATUS	n/a	n/a	D255
82.7800000000	n/a	n/a	STATUS	n/a	n/a	DIN5
82.8320000000	n/a	n/a	STATUS	n/a	n/a	D255
83.2600000000	n/a	n/a	STATUS	n/a	n/a	D104
83.3120000000	n/a	n/a	STATUS	n/a	n/a	D255
83.3480000000	n/a	n/a	STATUS	n/a	n/a	DI54
83.3960000000	n/a	n/a	STATUS	n/a	n/a	D255
83.5920000000	n/a	n/a	STATUS	n/a	n/a	DI34
83.6440000000	n/a	n/a	STATUS	n/a	n/a	D255
83.9040000000	n/a	n/a	STATUS	n/a	n/a	DIN5
83.9520000000	n/a	n/a	STATUS	n/a	n/a	D255
84.4240000000	n/a	n/a	STATUS	n/a	n/a	D133
84.4720000000	n/a	n/a	STATUS	n/a	n/a	D255
84.5120000000	n/a	n/a	STATUS	n/a	n/a	DI51
84.5600000000	n/a	n/a	STATUS	n/a	n/a	D255
84.9040000000	n/a	n/a	STATUS	n/a	n/a	DI31
84.9520000000	n/a	n/a	STATUS	n/a	n/a	D255
85.2120000000	n/a	n/a	STATUS	n/a	n/a	DIN5
85.2640000000	n/a	n/a	STATUS	n/a	n/a	D255
85.7360000000	n/a	n/a	STATUS	n/a	n/a	D194
85.7880000000	n/a	n/a	STATUS	n/a	n/a	D255
85.8240000000	n/a	n/a	STATUS	n/a	n/a	DI51
85.8760000000	n/a	n/a	STATUS	n/a	n/a	D255
86.1920000000	n/a	n/a	STATUS	n/a	n/a	DI31
86.2440000000	n/a	n/a	STATUS	n/a	n/a	D255
86.5040000000	n/a	n/a	STATUS	n/a	n/a	DIN5
86.5520000000	n/a	n/a	STATUS	n/a	n/a	D255
86.9320000000	n/a	n/a	STATUS	n/a	n/a	D145
86.9840000000	n/a	n/a	STATUS	n/a	n/a	D255
87.0200000000	n/a	n/a	STATUS	n/a	n/a	DI51
87.0720000000	n/a	n/a	STATUS	n/a	n/a	D255
87.2520000000	n/a	n/a	STATUS	n/a	n/a	DI21
87.3000000000	n/a	n/a	STATUS	n/a	n/a	D255
87.3040000000	n/a	n/a	STATUS	n/a	n/a	DIN4
87.3560000000	n/a	n/a	STATUS	n/a	n/a	D255
88.1120000000	n/a	n/a	STATUS	n/a	n/a	DIN5
88.1600000000	n/a	n/a	STATUS	n/a	n/a	D255
88.4920000000	n/a	n/a	STATUS	n/a	n/a	D161
88.5400000000	n/a	n/a	STATUS	n/a	n/a	D255
88.5400000000	n/a	n/a	STATUS	n/a	n/a	D239
88.5800000000	n/a	n/a	STATUS	n/a	n/a	DI53
88.6280000000	n/a	n/a	STATUS	n/a	n/a	D255
88.8680000000	n/a	n/a	STATUS	n/a	n/a	DI43
88.9160000000	n/a	n/a	STATUS	n/a	n/a	D255
89.1760000000	n/a	n/a	STATUS	n/a	n/a	DIN5
89.2280000000	n/a	n/a	STATUS	n/a	n/a	D255
89.5440000000	n/a	n/a	STATUS	n/a	n/a	D152
89.5960000000	n/a	n/a	STATUS	n/a	n/a	D255
89.6320000000	n/a	n/a	STATUS	n/a	n/a	DI52
89.6840000000	n/a	n/a	STATUS	n/a	n/a	D255
89.9040000000	n/a	n/a	STATUS	n/a	n/a	DI12
89.9520000000	n/a	n/a	STATUS	n/a	n/a	D255
89.9560000000	n/a	n/a	STATUS	n/a	n/a	DIN4
90.0080000000	n/a	n/a	STATUS	n/a	n/a	D255
90.7640000000	n/a	n/a	STATUS	n/a	n/a	DIN5
90.8120000000	n/a	n/a	STATUS	n/a	n/a	D255
91.1200000000	n/a	n/a	STATUS	n/a	n/a	D149
91.1720000000	n/a	n/a	STATUS	n/a	n/a	D255
91.2080000000	n/a	n/a	STATUS	n/a	n/a	DI51
91.2600000000	n/a	n/a	STATUS	n/a	n/a	D255
91.5880000000	n/a	n/a	STATUS	n/a	n/a	DI31
91.6360000000	n/a	n/a	STATUS	n/a	n/a	D255
91.8960000000	n/a	n/a	STATUS	n/a	n/a	DIN5
91.9480000000	n/a	n/a	STATUS	n/a	n/a	D255
92.4000000000	n/a	n/a	STATUS	n/a	n/a	DI84
92.4520000000	n/a	n/a	STATUS	n/a	n/a	D255
92.4880000000	n/a	n/a	STATUS	n/a	n/a	DI52
92.5400000000	n/a	n/a	STATUS	n/a	n/a	D255
92.8440000000	n/a	n/a	STATUS	n/a	n/a	DI42
92.8960000000	n/a	n/a	STATUS	n/a	n/a	D255
93.1560000000	n/a	n/a	STATUS	n/a	n/a	DIN5
93.2040000000	n/a	n/a	STATUS	n/a	n/a	D255
93.6840000000	n/a	n/a	STATUS	n/a	n/a	D180
93.7360000000	n/a	n/a	STATUS	n/a	n/a	D255
93.7720000000	n/a	n/a	STATUS	n/a	n/a	DI54
93.8240000000	n/a	n/a	STATUS	n/a	n/a	D255
94.0440000000	n/a	n/a	STATUS	n/a	n/a	DI34
94.0960000000	n/a	n/a	STATUS	n/a	n/a	D255
94.3560000000	n/a	n/a	STATUS	n/a	n/a	DIN5
94.4040000000	n/a	n/a	STATUS	n/a	n/a	D255
94.7120000000	n/a	n/a	STATUS	n/a	n/a	D150
94.7600000000	n/a	n/a	STATUS	n/a	n/a	D255
94.7960000000	n/a	n/a	STATUS	n/a	n/a	DI53
94.8480000000	n/a	n/a	STATUS	n/a	n/a	D255
95.0520000000	n/a	n/a	STATUS	n/a	n/a	DI43
95.1040000000	n/a	n/a	STATUS	n/a	n/a	D255
95.3640000000	n/a	n/a	STATUS	n/a	n/a	DIN5
95.4120000000	n/a	n/a	STATUS	n/a	n/a	D255
95.8280000000	n/a	n/a	STATUS	n/a	n/a	D201
95.8800000000	n/a	n/a	STATUS	n/a	n/a	D255
95.9160000000	n/a	n/a	STATUS	n/a	n/a	DI52
95.9680000000	n/a	n/a	STATUS	n/a	n/a	D255
96.2080000000	n/a	n/a	STATUS	n/a	n/a	DI12
96.2560000000	n/a	n/a	STATUS	n/a	n/a	D255
96.2600000000	n/a	n/a	STATUS	n/a	n/a	DIN4
96.3120000000	n/a	n/a	STATUS	n/a	n/a	D255
97.0640000000	n/a	n/a	STATUS	n/a	n/a	DIN5
97.1160000000	n/a	n/a	STATUS	n/a	n/a	D255
97.4600000000	n/a	n/a	STATUS	n/a	n/a	D137
97.5120000000	n/a	n/a	STATUS	n/a	n/a	D255
97.5480000000	n/a	n/a	STATUS	n/a	n/a	DI52
97.6000000000	n/a	n/a	STATUS	n/a	n/a	D255
97.9040000000	n/a	n/a	STATUS	n/a	n/a	DI42
97.9560000000	n/a	n/a	STATUS	n/a	n/a	D255
98.2120000000	n/a	n/a	STATUS	n/a	n/a	DIN5
98.2640000000	n/a	n/a	STATUS	n/a	n/a	D255
98.7680000000	n/a	n/a	STATUS	n/a	n/a	D139
98.8200000000	n/a	n/a	STATUS	n/a	n/a	D255
98.8560000000	n/a	n/a	STATUS	n/a	n/a	DI54
98.9080000000	n/a	n/a	STATUS	n/a	n/a	D255
99.1240000000	n/a	n/a	STATUS	n/a	n/a	DI34
99.1760000000	n/a	n/a	STATUS	n/a	n/a	D255
99.4360000000	n/a	n/a	STATUS	n/a	n/a	DIN5
99.4840000000	n/a	n/a	STATUS	n/a	n/a	D255
99.8200000000	n/a	n/a	STATUS	n/a	n/a	D218
99.8720000000	n/a	n/a	STATUS	n/a	n/a	D255
99.9080000000	n/a	n/a	STATUS	n/a	n/a	DI53
99.9560000000	n/a	n/a	STATUS	n/a	n/a	D255
100.1240000000	n/a	n/a	STATUS	n/a	n/a	DI43
100.1720000000	n/a	n/a	STATUS	n/a	n/a	D255
100.4320000000	n/a	n/a	STATUS	n/a	n/a	DIN5
100.4840000000	n/a	n/a	STATUS	n/a	n/a	D255
100.9080000000	n/a	n/a	STATUS	n/a	n/a	D228
100.9560000000	n/a	n/a	STATUS	n/a	n/a	D255
100.9960000000	n/a	n/a	STATUS	n/a	n/a	DI53
101.0480000000	n/a	n/a	STATUS	n/a	n/a	D255
101.2440000000	n/a	n/a	STATUS	n/a	n/a	DI43
101.2920000000	n/a	n/a	STATUS	n/a	n/a	D255
101.5520000000	n/a	n/a	STATUS	n/a	n/a	DIN5
101.6040000000	n/a	n/a	STATUS	n/a	n/a	D255
102.0360000000	n/a	n/a	STATUS	n/a	n/a	D219
102.0880000000	n/a	n/a	STATUS	n/a	n/a	D255
102.1240000000	n/a	n/a	STATUS	n/a	n/a	DI51
102.1760000000	n/a	n/a	STATUS	n/a	n/a	D255
102.3920000000	n/a	n/a	STATUS	n/a	n/a	DI21
102.4440000000	n/a	n/a	STATUS	n/a	n/a	D255
102.4480000000	n/a	n/a	STATUS	n/a	n/a	DIN4
102.4960000000	n/a	n/a	STATUS	n/a	n/a	D255
103.2520000000	n/a	n/a	STATUS	n/a	n/a	DIN5
103.3040000000	n/a	n/a	STATUS	n/a	n/a	D255
103.7440000000	n/a	n/a	STATUS	n/a	n/a	D153
103.7920000000	n/a	n/a	STATUS	n/a	n/a	D255
103.8320000000	n/a	n/a	STATUS	n/a	n/a	DI54
103.8800000000	n/a	n/a	STATUS	n/a	n/a	D255
104.1520000000	n/a	n/a	STATUS	n/a	n/a	DI34
104.2040000000	n/a	n/a	STATUS	n/a	n/a	D255
104.4640000000	n/a	n/a	STATUS	n/a	n/a	DIN5
104.5120000000	n/a	n/a	STATUS	n/a	n/a	D255
104.9960000000	n/a	n/a	STATUS	n/a	n/a	D172
105.0480000000	n/a	n/a	STATUS	n/a	n/a	D255
105.0840000000	n/a	n/a	STATUS	n/a	n/a	DI51
105.1360000000	n/a	n/a	STATUS	n/a	n/a	D255
105.3640000000	n/a	n/a	STATUS	n/a	n/a	DI21
105.4160000000	n/a	n/a	STATUS	n/a	n/a	D255
105.4200000000	n/a	n/a	STATUS	n/a	n/a	DIN4
105.4720000000	n/a	n/a	STATUS	n/a	n/a	D255
106.2280000000	n/a	n/a	STATUS	n/a	n/a	DIN5
106.2760000000	n/a	n/a	STATUS	n/a	n/a	D255
106.6320000000	n/a	n/a	STATUS	n/a	n/a	DI82
106.6800000000	n/a	n/a	STATUS	n/a	n/a	D255
106.7200000000	n/a	n/a	STATUS	n/a	n/a	DI54
106.7680000000	n/a	n/a	STATUS	n/a	n/a	D255
107.0440000000	n/a	n/a	STATUS	n/a	n/a	DI34
107.0920000000	n/a	n/a	STATUS	n/a	n/a	D255
107.3520000000	n/a	n/a	STATUS	n/a	n/a	DIN5
107.4040000000	n/a	n/a	STATUS	n/a	n/a	D255
107.8920000000	n/a	n/a	STATUS	n/a	n/a	DI86
107.9440000000	n/a	n/a	STATUS	n/a	n/a	D255
107.9840000000	n/a	n/a	STATUS	n/a	n/a	DI54
108.0320000000	n/a	n/a	STATUS	n/a	n/a	D255
108.2440000000	n/a	n/a	STATUS	n/a	n/a	DI34
108.2960000000	n/a	n/a	STATUS	n/a	n/a	D255
108.5520000000	n/a	n/a	STATUS	n/a	n/a	DIN5
108.6040000000	n/a	n/a	STATUS	n/a	n/a	D255
109.0040000000	n/a	n/a	STATUS	n/a	n/a	D200
109.0520000000	n/a	n/a	STATUS	n/a	n/a	D255
109.0920000000	n/a	n/a	STATUS	n/a	n/a	DI51
109.1440000000	n/a	n/a	STATUS	n/a	n/a	D255
109.3360000000	n/a	n/a	STATUS	n/a	n/a	DI21
109.3880000000	n/a	n/a	STATUS	n/a	n/a	D255
109.3920000000	n/a	n/a	STATUS	n/a	n/a	DIN4
109.4440000000	n/a	n/a	STATUS	n/a	n/a	D255
110.1960000000	n/a	n/a	STATUS	n/a	n/a	DIN5
110.2480000000	n/a	n/a	STATUS	n/a	n/a	D255
110.5760000000	n/a	n/a	STATUS	n/a	n/a	D102
110.6280000000	n/a	n/a	STATUS	n/a	n/a	D255
110.6640000000	n/a	n/a	STATUS	n/a	n/a	DI54
110.7160000000	n/a	n/a	STATUS	n/a	n/a	D255
111.0080000000	n/a	n/a	STATUS	n/a	n/a	DI34
111.0600000000	n/a	n/a	STATUS	n/a	n/a	D255
111.3200000000	n/a	n/a	STATUS	n/a	n/a	DIN5
111.3680000000	n/a	n/a	STATUS	n/a	n/a	D255
111.7240000000	n/a	n/a	STATUS	n/a	n/a	D220
111.7720000000	n/a	n/a	STATUS	n/a	n/a	D255
111.8120000000	n/a	n/a	STATUS	n/a	n/a	DI51
111.8600000000	n/a	n/a	STATUS	n/a	n/a	D255
112.2000000000	n/a	n/a	STATUS	n/a	n/a	DI31
112.2480000000	n/a	n/a	STATUS	n/a	n/a	D255
112.5080000000	n/a	n/a	STATUS	n/a	n/a	DIN5
112.5560000000	n/a	n/a	STATUS	n/a	n/a	D255
113.0520000000	n/a	n/a	STATUS	n/a	n/a	D123
113.1040000000	n/a	n/a	STATUS	n/a	n/a	D255
113.1400000000	n/a	n/a	STATUS	n/a	n/a	DI51
113.1920000000	n/a	n/a	STATUS	n/a	n/a	D255
113.5440000000	n/a	n/a	STATUS	n/a	n/a	DI31
113.5960000000	n/a	n/a	STATUS	n/a	n/a	D255
113.8560000000	n/a	n/a	STATUS	n/a	n/a	DIN5
113.9040000000	n/a	n/a	STATUS	n/a	n/a	D255
114.2920000000	n/a	n/a	STATUS	n/a	n/a	D191
114.3440000000	n/a	n/a	STATUS	n/a	n/a	D255
114.3800000000	n/a	n/a	STATUS	n/a	n/a	DI54
114.4320000000	n/a	n/a	STATUS	n/a	n/a	D255
114.6720000000	n/a	n/a	STATUS	n/a	n/a	DI34
114.7240000000	n/a	n/a	STATUS	n/a	n/a	D255
114.9840000000	n/a	n/a	STATUS	n/a	n/a	DIN5
115.0320000000	n/a	n/a	STATUS	n/a	n/a	D255
115.4520000000	n/a	n/a	STATUS	n/a	n/a	D234
115.5040000000	n/a	n/a	STATUS	n/a	n/a	D255
115.5400000000	n/a	n/a	STATUS	n/a	n/a	DI54
115.5920000000	n/a	n/a	STATUS	n/a	n/a	D255
115.8120000000	n/a	n/a	STATUS	n/a	n/a	DI34
115.8640000000	n/a	n/a	STATUS	n/a	n/a	D255
116.1240000000	n/a	n/a	STATUS	n/a	n/a	DIN5
116.1760000000	n/a	n/a	STATUS	n/a	n/a	D255
116.6000000000	n/a	n/a	STATUS	n/a	n/a	D168
116.6480000000	n/a	n/a	STATUS	n/a	n/a	D255
116.6880000000	n/a	n/a	STATUS	n/a	n/a	DI54
116.7360000000	n/a	n/a	STATUS	n/a	n/a	D255
116.9760000000	n/a	n/a	STATUS	n/a	n/a	DI34
117.0280000000	n/a	n/a	STATUS	n/a	n/a	D255
117.2880000000	n/a	n/a	STATUS	n/a	n/a	DIN5
117.3360000000	n/a	n/a	STATUS	n/a	n/a	D255
117.8160000000	n/a	n/a	STATUS	n/a	n/a	DI95
117.8640000000	n/a	n/a	STATUS	n/a	n/a	D255
117.9040000000	n/a	n/a	STATUS	n/a	n/a	DI51
117.9560000000	n/a	n/a	STATUS	n/a	n/a	D255
118.3080000000	n/a	n/a	STATUS	n/a	n/a	DI31
118.3600000000	n/a	n/a	STATUS	n/a	n/a	D255
118.6200000000	n/a	n/a	STATUS	n/a	n/a	DIN5
118.6680000000	n/a	n/a	STATUS	n/a	n/a	D255
119.0880000000	n/a	n/a	STATUS	n/a	n/a	D179
119.1400000000	n/a	n/a	STATUS	n/a	n/a	D255
119.1760000000	n/a	n/a	STATUS	n/a	n/a	DI54
119.2280000000	n/a	n/a	STATUS	n/a	n/a	D255
119.4680000000	n/a	n/a	STATUS	n/a	n/a	DI34
119.5200000000	n/a	n/a	STATUS	n/a	n/a	D255
119.7800000000	n/a	n/a	STATUS	n/a	n/a	DIN5
119.8280000000	n/a	n/a	STATUS	n/a	n/a	D255
120.2000000000	n/a	n/a	STATUS	n/a	n/a	DI72
120.2480000000	n/a	n/a	STATUS	n/a	n/a	D255
120.2880000000	n/a	n/a	STATUS	n/a	n/a	DI52
120.3360000000	n/a	n/a	STATUS	n/a	n/a	D255
120.5360000000	n/a	n/a	STATUS	n/a	n/a	DI12
120.5840000000	n/a	n/a	STATUS	n/a	n/a	D255
120.5880000000	n/a	n/a	STATUS	n/a	n/a	DIN4
120.6400000000	n/a	n/a	STATUS	n/a	n/a	D255
121.3960000000	n/a	n/a	STATUS	n/a	n/a	DIN5
121.4440000000	n/a	n/a	STATUS	n/a	n/a	D255
121.8120000000	n/a	n/a	STATUS	n/a	n/a	D229
121.8640000000	n/a	n/a	STATUS	n/a	n/a	D255
121.9040000000	n/a	n/a	STATUS	n/a	n/a	DI51
121.9520000000	n/a	n/a	STATUS	n/a	n/a	D255
122.3440000000	n/a	n/a	STATUS	n/a	n/a	DI31
122.3960000000	n/a	n/a	STATUS	n/a	n/a	D255
122.6520000000	n/a	n/a	STATUS	n/a	n/a	DIN5
122.7040000000	n/a	n/a	STATUS	n/a	n/a	D255
123.0400000000	n/a	n/a	STATUS	n/a	n/a	DI81
123.0920000000	n/a	n/a	STATUS	n/a	n/a	D255
123.1280000000	n/a	n/a	STATUS	n/a	n/a	DI54
123.1760000000	n/a	n/a	STATUS	n/a	n/a	D255
123.4280000000	n/a	n/a	STATUS	n/a	n/a	DI34
123.4800000000	n/a	n/a	STATUS	n/a	n/a	D255
123.7400000000	n/a	n/a	STATUS	n/a	n/a	DIN5
123.7880000000	n/a	n/a	STATUS	n/a	n/a	D255
124.1240000000	n/a	n/a	STATUS	n/a	n/a	DI98
124.1720000000	n/a	n/a	STATUS	n/a	n/a	D255
124.2120000000	n/a	n/a	STATUS	n/a	n/a	DI53
124.2600000000	n/a	n/a	STATUS	n/a	n/a	D255
124.5080000000	n/a	n/a	STATUS	n/a	n/a	DI43
124.5600000000	n/a	n/a	STATUS	n/a	n/a	D255
124.8200000000	n/a	n/a	STATUS	n/a	n/a	DIN5
124.8680000000	n/a	n/a	STATUS	n/a	n/a	D255
125.3240000000	n/a	n/a	STATUS	n/a	n/a	DI99
125.3720000000	n/a	n/a	STATUS	n/a	n/a	D255
125.4080000000	n/a	n/a	STATUS	n/a	n/a	DI53
125.4600000000	n/a	n/a	STATUS	n/a	n/a	D255
125.6880000000	n/a	n/a	STATUS	n/a	n/a	DI43
125.7360000000	n/a	n/a	STATUS	n/a	n/a	D255
125.9960000000	n/a	n/a	STATUS	n/a	n/a	DIN5
126.0480000000	n/a	n/a	STATUS	n/a	n/a	D255
126.5120000000	n/a	n/a	STATUS	n/a	n/a	D125
126.5600000000	n/a	n/a	STATUS	n/a	n/a	D255
126.6000000000	n/a	n/a	STATUS	n/a	n/a	DI51
126.6520000000	n/a	n/a	STATUS	n/a	n/a	D255
126.8800000000	n/a	n/a	STATUS	n/a	n/a	DI21
126.9280000000	n/a	n/a	STATUS	n/a	n/a	D255
126.9360000000	n/a	n/a	STATUS	n/a	n/a	DIN4
126.9840000000	n/a	n/a	STATUS	n/a	n/a	D255
127.7400000000	n/a	n/a	STATUS	n/a	n/a	DIN5
127.7880000000	n/a	n/a	STATUS	n/a	n/a	D255
128.2840000000	n/a	n/a	STATUS	n/a	n/a	D128
128.3360000000	n/a	n/a	STATUS	n/a	n/a	D255
128.3720000000	n/a	n/a	STATUS	n/a	n/a	DI54
128.4240000000	n/a	n/a	STATUS	n/a	n/a	D255
128.6680000000	n/a	n/a	STATUS	n/a	n/a	DI34
128.7200000000	n/a	n/a	STATUS	n/a	n/a	D255
128.9800000000	n/a	n/a	STATUS	n/a	n/a	DIN5
129.0280000000	n/a	n/a	STATUS	n/a	n/a	D255
129.4000000000	n/a	n/a	STATUS	n/a	n/a	D231
129.4480000000	n/a	n/a	STATUS	n/a	n/a	D255
129.4880000000	n/a	n/a	STATUS	n/a	n/a	DI51
129.5360000000	n/a	n/a	STATUS	n/a	n/a	D255
129.8560000000	n/a	n/a	STATUS	n/a	n/a	DI31
129.9040000000	n/a	n/a	STATUS	n/a	n/a	D255
130.1640000000	n/a	n/a	STATUS	n/a	n/a	DIN5
130.2160000000	n/a	n/a	STATUS	n/a	n/a	D255
130.6920000000	n/a	n/a	STATUS	n/a	n/a	DI74
130.7400000000	n/a	n/a	STATUS	n/a	n/a	D255
130.7760000000	n/a	n/a	STATUS	n/a	n/a	DI53
130.8280000000	n/a	n/a	STATUS	n/a	n/a	D255
131.1360000000	n/a	n/a	STATUS	n/a	n/a	DI43
131.1840000000	n/a	n/a	STATUS	n/a	n/a	D255
131.4440000000	n/a	n/a	STATUS	n/a	n/a	DIN5
131.4960000000	n/a	n/a	STATUS	n/a	n/a	D255
131.8400000000	n/a	n/a	STATUS	n/a	n/a	DI79
131.8880000000	n/a	n/a	STATUS	n/a	n/a	D255
131.9280000000	n/a	n/a	STATUS	n/a	n/a	DI51
131.9760000000	n/a	n/a	STATUS	n/a	n/a	D255
132.2640000000	n/a	n/a	STATUS	n/a	n/a	DI31
132.3160000000	n/a	n/a	STATUS	n/a	n/a	D255
132.5760000000	n/a	n/a	STATUS	n/a	n/a	DIN5
132.6240000000	n/a	n/a	STATUS	n/a	n/a	D255
133.1200000000	n/a	n/a	STATUS	n/a	n/a	D167
133.1720000000	n/a	n/a	STATUS	n/a	n/a	D255
133.2080000000	n/a	n/a	STATUS	n/a	n/a	DI52
133.2600000000	n/a	n/a	STATUS	n/a	n/a	D255
133.4840000000	n/a	n/a	STATUS	n/a	n/a	DI12
133.5360000000	n/a	n/a	STATUS	n/a	n/a	D255
133.5400000000	n/a	n/a	STATUS	n/a	n/a	DIN4
133.5880000000	n/a	n/a	STATUS	n/a	n/a	D255
134.3440000000	n/a	n/a	STATUS	n/a	n/a	DIN5
134.3960000000	n/a	n/a	STATUS	n/a	n/a	D255
134.7400000000	n/a	n/a	STATUS	n/a	n/a	D117
134.7880000000	n/a	n/a	STATUS	n/a	n/a	D255
134.8280000000	n/a	n/a	STATUS	n/a	n/a	DI52
134.8760000000	n/a	n/a	STATUS	n/a	n/a	D255
135.1920000000	n/a	n/a	STATUS	n/a	n/a	DI42
135.2440000000	n/a	n/a	STATUS	n/a	n/a	D255
135.5040000000	n/a	n/a	STATUS	n/a	n/a	DIN5
135.5520000000	n/a	n/a	STATUS	n/a	n/a	D255
136.0200000000	n/a	n/a	STATUS	n/a	n/a	D126
136.0680000000	n/a	n/a	STATUS	n/a	n/a	D255
136.1040000000	n/a	n/a	STATUS	n/a	n/a	DI52
136.1560000000	n/a	n/a	STATUS	n/a	n/a	D255
136.3320000000	n/a	n/a	STATUS	n/a	n/a	DI12
136.3800000000	n/a	n/a	STATUS	n/a	n/a	D255
136.3840000000	n/a	n/a	STATUS	n/a	n/a	DIN4
136.4360000000	n/a	n/a	STATUS	n/a	n/a	D255
137.1920000000	n/a	n/a	STATUS	n/a	n/a	DIN5
137.2400000000	n/a	n/a	STATUS	n/a	n/a	D255
137.6400000000	n/a	n/a	STATUS	n/a	n/a	D203
137.6920000000	n/a	n/a	STATUS	n/a	n/a	D255
137.7280000000	n/a	n/a	STATUS	n/a	n/a	DI54
137.7800000000	n/a	n/a	STATUS	n/a	n/a	D255
138.0000000000	n/a	n/a	STATUS	n/a	n/a	DI34
138.0520000000	n/a	n/a	STATUS	n/a	n/a	D255
138.3120000000	n/a	n/a	STATUS	n/a	n/a	DIN5
138.3600000000	n/a	n/a	STATUS	n/a	n/a	D255
138.7640000000	n/a	n/a	STATUS	n/a	n/a	D158
138.8160000000	n/a	n/a	STATUS	n/a	n/a	D255
138.8520000000	n/a	n/a	STATUS	n/a	n/a	DI54
138.9040000000	n/a	n/a	STATUS	n/a	n/a	D255
139.1440000000	n/a	n/a	STATUS	n/a	n/a	DI34
139.1920000000	n/a	n/a	STATUS	n/a	n/a	D255
139.4520000000	n/a	n/a	STATUS	n/a	n/a	DIN5
139.5040000000	n/a	n/a	STATUS	n/a	n/a	D255
139.9880000000	n/a	n/a	STATUS	n/a	n/a	D239
140.0360000000	n/a	n/a	STATUS	n/a	n/a	D255
140.0760000000	n/a	n/a	STATUS	n/a	n/a	DI53
140.1240000000	n/a	n/a	STATUS	n/a	n/a	D255
140.3040000000	n/a	n/a	STATUS	n/a	n/a	DI43
140.3520000000	n/a	n/a	STATUS	n/a	n/a	D255
140.6120000000	n/a	n/a	STATUS	n/a	n/a	DIN5
140.6640000000	n/a	n/a	STATUS	n/a	n/a	D255
141.0840000000	n/a	n/a	STATUS	n/a	n/a	D212
141.1320000000	n/a	n/a	STATUS	n/a	n/a	D255
141.1680000000	n/a	n/a	STATUS	n/a	n/a	DI53
141.2200000000	n/a	n/a	STATUS	n/a	n/a	D255
141.4280000000	n/a	n/a	STATUS	n/a	n/a	DI43
141.4760000000	n/a	n/a	STATUS	n/a	n/a	D255
141.7360000000	n/a	n/a	STATUS	n/a	n/a	DIN5
141.7880000000	n/a	n/a	STATUS	n/a	n/a	D255
142.1760000000	n/a	n/a	STATUS	n/a	n/a	DI85
142.2240000000	n/a	n/a	STATUS	n/a	n/a	D255
142.2640000000	n/a	n/a	STATUS	n/a	n/a	DI51
142.3160000000	n/a	n/a	STATUS	n/a	n/a	D255
142.6240000000	n/a	n/a	STATUS	n/a	n/a	DI31
142.6760000000	n/a	n/a	STATUS	n/a	n/a	D255
142.9360000000	n/a	n/a	STATUS	n/a	n/a	DIN5
142.9840000000	n/a	n/a	STATUS	n/a	n/a	D255
143.3880000000	n/a	n/a	STATUS	n/a	n/a	D171
143.4400000000	n/a	n/a	STATUS	n/a	n/a	D255
143.4760000000	n/a	n/a	STATUS	n/a	n/a	DI52
143.5280000000	n/a	n/a	STATUS	n/a	n/a	D255
143.7440000000	n/a	n/a	STATUS	n/a	n/a	DI12
143.7960000000	n/a	n/a	STATUS	n/a	n/a	D255
143.8000000000	n/a	n/a	STATUS	n/a	n/a	DIN4
143.8480000000	n/a	n/a	STATUS	n/a	n/a	D255
144.6040000000	n/a	n/a	STATUS	n/a	n/a	DIN5
144.6560000000	n/a	n/a	STATUS	n/a	n/a	D255
145.1280000000	n/a	n/a	STATUS	n/a	n/a	D159
145.1800000000	n/a	n/a	STATUS	n/a	n/a	D255
145.2160000000	n/a	n/a	STATUS	n/a	n/a	DI54
145.2680000000	n/a	n/a	STATUS	n/a	n/a	D255
145.5480000000	n/a	n/a	STATUS	n/a	n/a	DI34
145.6000000000	n/a	n/a	STATUS	n/a	n/a	D255
145.8600000000	n/a	n/a	STATUS	n/a	n/a	DIN5
145.9080000000	n/a	n/a	STATUS	n/a	n/a	D255
146.3600000000	n/a	n/a	STATUS	n/a	n/a	D185
146.4080000000	n/a	n/a	STATUS	n/a	n/a	D255
146.4480000000	n/a	n/a	STATUS	n/a	n/a	DI54
146.4960000000	n/a	n/a	STATUS	n/a	n/a	D255
146.6960000000	n/a	n/a	STATUS	n/a	n/a	DI34
146.7480000000	n/a	n/a	STATUS	n/a	n/a	D255
147.0080000000	n/a	n/a	STATUS	n/a	n/a	DIN5
147.0560000000	n/a	n/a	STATUS	n/a	n/a	D255
147.4680000000	n/a	n/a	STATUS	n/a	n/a	D136
147.5160000000	n/a	n/a	STATUS	n/a	n/a	D255
147.5560000000	n/a	n/a	STATUS	n/a	n/a	DI53
147.6040000000	n/a	n/a	STATUS	n/a	n/a	D255
147.7880000000	n/a	n/a	STATUS	n/a	n/a	DI43
147.8360000000	n/a	n/a	STATUS	n/a	n/a	D255
148.0960000000	n/a	n/a	STATUS	n/a	n/a	DIN5
148.1480000000	n/a	n/a	STATUS	n/a	n/a	D255
148.4680000000	n/a	n/a	STATUS	n/a	n/a	D178
148.5160000000	n/a	n/a	STATUS	n/a	n/a	D255
148.5560000000	n/a	n/a	STATUS	n/a	n/a	DI52
148.6040000000	n/a	n/a	STATUS	n/a	n/a	D255
148.9040000000	n/a	n/a	STATUS	n/a	n/a	DI42
148.9560000000	n/a	n/a	STATUS	n/a	n/a	D255
149.2120000000	n/a	n/a	STATUS	n/a	n/a	DIN5
149.2640000000	n/a	n/a	STATUS	n/a	n/a	D255
149.7640000000	n/a	n/a	STATUS	n/a	n/a	D134
149.8120000000	n/a	n/a	STATUS	n/a	n/a	D255
149.8520000000	n/a	n/a	STATUS	n/a	n/a	DI53
149.9000000000	n/a	n/a	STATUS	n/a	n/a	D255
150.1240000000	n/a	n/a	STATUS	n/a	n/a	DI43
150.1760000000	n/a	n/a	STATUS	n/a	n/a	D255
150.4360000000	n/a	n/a	STATUS	n/a	n/a	DIN5
150.4840000000	n/a	n/a	STATUS	n/a	n/a	D255
150.8040000000	n/a	n/a	STATUS	n/a	n/a	D206
150.8520000000	n/a	n/a	STATUS	n/a	n/a	D255
150.8920000000	n/a	n/a	STATUS	n/a	n/a	DI51
150.9400000000	n/a	n/a	STATUS	n/a	n/a	D255
151.2560000000	n/a	n/a	STATUS	n/a	n/a	DI31
151.3040000000	n/a	n/a	STATUS	n/a	n/a	D255
151.5640000000	n/a	n/a	STATUS	n/a	n/a	DIN5
151.6160000000	n/a	n/a	STATUS	n/a	n/a	D255
152.0080000000	n/a	n/a	STATUS	n/a	n/a	D177
152.0600000000	n/a	n/a	STATUS	n/a	n/a	D255
152.0960000000	n/a	n/a	STATUS	n/a	n/a	DI54
152.1480000000	n/a	n/a	STATUS	n/a	n/a	D255
152.3800000000	n/a	n/a	STATUS	n/a	n/a	DI34
152.4320000000	n/a	n/a	STATUS	n/a	n/a	D255
152.4320000000	n/a	n/a	STATUS	n/a	n/a	D227
152.6920000000	n/a	n/a	STATUS	n/a	n/a	DIN5
152.7400000000	n/a	n/a	STATUS	n/a	n/a	D255
153.1160000000	n/a	n/a	STATUS	n/a	n/a	D131
153.1640000000	n/a	n/a	STATUS	n/a	n/a	D255
153.2040000000	n/a	n/a	STATUS	n/a	n/a	DI52
153.2520000000	n/a	n/a	STATUS	n/a	n/a	D255
153.4880000000	n/a	n/a	STATUS	n/a	n/a	DI12
153.5360000000	n/a	n/a	STATUS	n/a	n/a	D255
153.5400000000	n/a	n/a	STATUS	n/a	n/a	DIN4
153.5920000000	n/a	n/a	STATUS	n/a	n/a	D255
154.3480000000	n/a	n/a	STATUS	n/a	n/a	DIN5
154.3960000000	n/a	n/a	STATUS	n/a	n/a	D255
154.7080000000	n/a	n/a	STATUS	n/a	n/a	D243
154.7560000000	n/a	n/a	STATUS	n/a	n/a	D255
154.7960000000	n/a	n/a	STATUS	n/a	n/a	DI53
154.8440000000	n/a	n/a	STATUS	n/a	n/a	D255
155.1200000000	n/a	n/a	STATUS	n/a	n/a	DI43
155.1680000000	n/a	n/a	STATUS	n/a	n/a	D255
155.4280000000	n/a	n/a	STATUS	n/a	n/a	DIN5
155.4800000000	n/a	n/a	STATUS	n/a	n/a	D255
155.9800000000	n/a	n/a	STATUS	n/a	n/a	D216
156.0280000000	n/a	n/a	STATUS	n/a	n/a	D255
156.0640000000	n/a	n/a	STATUS	n/a	n/a	DI51
156.1160000000	n/a	n/a	STATUS	n/a	n/a	D255
156.4360000000	n/a	n/a	STATUS	n/a	n/a	DI31
156.4840000000	n/a	n/a	STATUS	n/a	n/a	D255
156.7440000000	n/a	n/a	STATUS	n/a	n/a	DIN5
156.7960000000	n/a	n/a	STATUS	n/a	n/a	D255
157.1240000000	n/a	n/a	STATUS	n/a	n/a	D202
157.1760000000	n/a	n/a	STATUS	n/a	n/a	D255
157.2120000000	n/a	n/a	STATUS	n/a	n/a	DI52
157.2640000000	n/a	n/a	STATUS	n/a	n/a	D255
157.5760000000	n/a	n/a	STATUS	n/a	n/a	DI42
157.6240000000	n/a	n/a	STATUS	n/a	n/a	D255
157.8840000000	n/a	n/a	STATUS	n/a	n/a	DIN5
157.9360000000	n/a	n/a	STATUS	n/a	n/a	D255
158.3560000000	n/a	n/a	STATUS	n/a	n/a	DI89
158.4040000000	n/a	n/a	STATUS	n/a	n/a	D255
158.4440000000	n/a	n/a	STATUS	n/a	n/a	DI54
158.4920000000	n/a	n/a	STATUS	n/a	n/a	D255
158.7440000000	n/a	n/a	STATUS	n/a	n/a	DI34
158.7960000000	n/a	n/a	STATUS	n/a	n/a	D255
159.0560000000	n/a	n/a	STATUS	n/a	n/a	DIN5
159.1040000000	n/a	n/a	STATUS	n/a	n/a	D255
159.6000000000	n/a	n/a	STATUS	n/a	n/a	DI80
159.6480000000	n/a	n/a	STATUS	n/a	n/a	D255
159.6880000000	n/a	n/a	STATUS	n/a	n/a	DI53
159.7360000000	n/a	n/a	STATUS	n/a	n/a	D255
159.9360000000	n/a	n/a	STATUS	n/a	n/a	DI43
159.9840000000	n/a	n/a	STATUS	n/a	n/a	D255
160.2440000000	n/a	n/a	STATUS	n/a	n/a	DIN5
160.2960000000	n/a	n/a	STATUS	n/a	n/a	D255
160.7160000000	n/a	n/a	STATUS	n/a	n/a	D205
160.7640000000	n/a	n/a	STATUS	n/a	n/a	D255
160.8000000000	n/a	n/a	STATUS	n/a	n/a	DI54
160.8520000000	n/a	n/a	STATUS	n/a	n/a	D255
161.0720000000	n/a	n/a	STATUS	n/a	n/a	DI34
161.1240000000	n/a	n/a	STATUS	n/a	n/a	D255
161.3840000000	n/a	n/a	STATUS	n/a	n/a	DIN5
161.4320000000	n/a	n/a	STATUS	n/a	n/a	D255
161.8840000000	n/a	n/a	STATUS	n/a	n/a	D236
161.9320000000	n/a	n/a	STATUS	n/a	n/a	D255
161.9720000000	n/a	n/a	STATUS	n/a	n/a	DI51
162.0200000000	n/a	n/a	STATUS	n/a	n/a	D255
162.2200000000	n/a	n/a	STATUS	n/a	n/a	DI21
162.2680000000	n/a	n/a	STATUS	n/a	n/a	D255
162.2760000000	n/a	n/a	STATUS	n/a	n/a	DIN4
162.3240000000	n/a	n/a	STATUS	n/a	n/a	D255
163.0800000000	n/a	n/a	STATUS	n/a	n/a	DIN5
163.1280000000	n/a	n/a	STATUS	n/a	n/a	D255
163.5120000000	n/a	n/a	STATUS	n/a	n/a	DI78
163.5640000000	n/a	n/a	STATUS	n/a	n/a	D255
163.6040000000	n/a	n/a	STATUS	n/a	n/a	DI52
163.6520000000	n/a	n/a	STATUS	n/a	n/a	D255
163.9520000000	n/a	n/a	STATUS	n/a	n/a	DI42
164.0040000000	n/a	n/a	STATUS	n/a	n/a	D255
164.2640000000	n/a	n/a	STATUS	n/a	n/a	DIN5
164.3120000000	n/a	n/a	STATUS	n/a	n/a	D255
164.7520000000	n/a	n/a	STATUS	n/a	n/a	D151
164.8040000000	n/a	n/a	STATUS	n/a	n/a	D255
164.8400000000	n/a	n/a	STATUS	n/a	n/a	DI51
164.8920000000	n/a	n/a	STATUS	n/a	n/a	D255
165.2120000000	n/a	n/a	STATUS	n/a	n/a	DI31
165.2640000000	n/a	n/a	STATUS	n/a	n/a	D255
165.5240000000	n/a	n/a	STATUS	n/a	n/a	DIN5
165.5760000000	n/a	n/a	STATUS	n/a	n/a	D255
166.0440000000	n/a	n/a	STATUS	n/a	n/a	DI96
166.0920000000	n/a	n/a	STATUS	n/a	n/a	D255
166.1320000000	n/a	n/a	STATUS	n/a	n/a	DI53
166.1800000000	n/a	n/a	STATUS	n/a	n/a	D255
166.4000000000	n/a	n/a	STATUS	n/a	n/a	DI43
166.4520000000	n/a	n/a	STATUS	n/a	n/a	D255
166.7120000000	n/a	n/a	STATUS	n/a	n/a	DIN5
166.7600000000	n/a	n/a	STATUS	n/a	n/a	D255
167.1160000000	n/a	n/a	STATUS	n/a	n/a	DI87
167.1680000000	n/a	n/a	STATUS	n/a	n/a	D255
167.2040000000	n/a	n/a	STATUS	n/a	n/a	DI53
167.2560000000	n/a	n/a	STATUS	n/a	n/a	D255
167.5160000000	n/a	n/a	STATUS	n/a	n/a	DI43
167.5640000000	n/a	n/a	STATUS	n/a	n/a	D255
167.8240000000	n/a	n/a	STATUS	n/a	n/a	DIN5
167.8760000000	n/a	n/a	STATUS	n/a	n/a	D255
168.2560000000	n/a	n/a	STATUS	n/a	n/a	D217
168.3040000000	n/a	n/a	STATUS	n/a	n/a	D255
168.3440000000	n/a	n/a	STATUS	n/a	n/a	DI54
168.3920000000	n/a	n/a	STATUS	n/a	n/a	D255
168.6240000000	n/a	n/a	STATUS	n/a	n/a	DI34
168.6720000000	n/a	n/a	STATUS	n/a	n/a	D255
168.9320000000	n/a	n/a	STATUS	n/a	n/a	DIN5
168.9800000000	n/a	n/a	STATUS	n/a	n/a	D255
169.4560000000	n/a	n/a	STATUS	n/a	n/a	D248
169.5080000000	n/a	n/a	STATUS	n/a	n/a	D255
169.5440000000	n/a	n/a	STATUS	n/a	n/a	DI51
169.5960000000	n/a	n/a	STATUS	n/a	n/a	D255
169.7720000000	n/a	n/a	STATUS	n/a	n/a	DI21
169.8240000000	n/a	n/a	STATUS	n/a	n/a	D255
169.8280000000	n/a	n/a	STATUS	n/a	n/a	DIN4
169.8760000000	n/a	n/a	STATUS	n/a	n/a	D255
170.6320000000	n/a	n/a	STATUS	n/a	n/a	DIN5
170.6840000000	n/a	n/a	STATUS	n/a	n/a	D255
171.0360000000	n/a	n/a	STATUS	n/a	n/a	D213
171.0880000000	n/a	n/a	STATUS	n/a	n/a	D255
171.1240000000	n/a	n/a	STATUS	n/a	n/a	DI51
171.1760000000	n/a	n/a	STATUS	n/a	n/a	D255
171.5680000000	n/a	n/a	STATUS	n/a	n/a	DI31
171.6160000000	n/a	n/a	STATUS	n/a	n/a	D255
171.8760000000	n/a	n/a	STATUS	n/a	n/a	DIN5
171.9280000000	n/a	n/a	STATUS	n/a	n/a	D255
172.3360000000	n/a	n/a	STATUS	n/a	n/a	D189
172.3880000000	n/a	n/a	STATUS	n/a	n/a	D255
172.4240000000	n/a	n/a	STATUS	n/a	n/a	DI51
172.4760000000	n/a	n/a	STATUS	n/a	n/a	D255
172.7920000000	n/a	n/a	STATUS	n/a	n/a	DI31
172.8440000000	n/a	n/a	STATUS	n/a	n/a	D255
173.1040000000	n/a	n/a	STATUS	n/a	n/a	DIN5
173.1520000000	n/a	n/a	STATUS	n/a	n/a	D255
173.4880000000	n/a	n/a	STATUS	n/a	n/a	DI83
173.5400000000	n/a	n/a	STATUS	n/a	n/a	D255
173.5760000000	n/a	n/a	STATUS	n/a	n/a	DI51
173.6280000000	n/a	n/a	STATUS	n/a	n/a	D255
173.9800000000	n/a	n/a	STATUS	n/a	n/a	DI31
174.0280000000	n/a	n/a	STATUS	n/a	n/a	D255
174.2880000000	n/a	n/a	STATUS	n/a	n/a	DIN5
174.3400000000	n/a	n/a	STATUS	n/a	n/a	D255
174.6520000000	n/a	n/a	STATUS	n/a	n/a	DI73
174.7040000000	n/a	n/a	STATUS	n/a	n/a	D255
174.7400000000	n/a	n/a	STATUS	n/a	n/a	DI53
174.7920000000	n/a	n/a	STATUS	n/a	n/a	D255
175.0120000000	n/a	n/a	STATUS	n/a	n/a	DI43
175.0640000000	n/a	n/a	STATUS	n/a	n/a	D255
175.3200000000	n/a	n/a	STATUS	n/a	n/a	DIN5
175.3720000000	n/a	n/a	STATUS	n/a	n/a	D255
175.8200000000	n/a	n/a	STATUS	n/a	n/a	D112
175.8720000000	n/a	n/a	STATUS	n/a	n/a	D255
175.9080000000	n/a	n/a	STATUS	n/a	n/a	DI52
175.9600000000	n/a	n/a	STATUS	n/a	n/a	D255
176.1640000000	n/a	n/a	STATUS	n/a	n/a	DI12
176.2160000000	n/a	n/a	STATUS	n/a	n/a	D255
176.2200000000	n/a	n/a	STATUS	n/a	n/a	DIN4
176.2680000000	n/a	n/a	STATUS	n/a	n/a	D255
177.0240000000	n/a	n/a	STATUS	n/a	n/a	DIN5
177.0760000000	n/a	n/a	STATUS	n/a	n/a	D255
177.4400000000	n/a	n/a	STATUS	n/a	n/a	DI90
177.4880000000	n/a	n/a	STATUS	n/a	n/a	D255
177.5280000000	n/a	n/a	STATUS	n/a	n/a	DI52
177.5760000000	n/a	n/a	STATUS	n/a	n/a	D255
177.8920000000	n/a	n/a	STATUS	n/a	n/a	DI42
177.9440000000	n/a	n/a	STATUS	n/a	n/a	D255
178.2000000000	n/a	n/a	STATUS	n/a	n/a	DIN5
178.2520000000	n/a	n/a	STATUS	n/a	n/a	D255
178.6320000000	n/a	n/a	STATUS	n/a	n/a	D198
178.6840000000	n/a	n/a	STATUS	n/a	n/a	D255
178.7200000000	n/a	n/a	STATUS	n/a	n/a	DI52
178.7720000000	n/a	n/a	STATUS	n/a	n/a	D255
178.9800000000	n/a	n/a	STATUS	n/a	n/a	DI12
179.0320000000	n/a	n/a	STATUS	n/a	n/a	D255
179.0360000000	n/a	n/a	STATUS	n/a	n/a	DIN4
179.0840000000	n/a	n/a	STATUS	n/a	n/a	D255
179.8400000000	n/a	n/a	STATUS	n/a	n/a	DIN5
179.8920000000	n/a	n/a	STATUS	n/a	n/a	D255
180.2760000000	n/a	n/a	STATUS	n/a	n/a	D224
180.3240000000	n/a	n/a	STATUS	n/a	n/a	D255
180.3640000000	n/a	n/a	STATUS	n/a	n/a	DI53
180.4160000000	n/a	n/a	STATUS	n/a	n/a	D255
180.6920000000	n/a	n/a	STATUS	n/a	n/a	DI43
180.7440000000	n/a	n/a	STATUS	n/a	n/a	D255
181.0040000000	n/a	n/a	STATUS	n/a	n/a	DIN5
181.0520000000	n/a	n/a	STATUS	n/a	n/a	D255
181.4720000000	n/a	n/a	STATUS	n/a	n/a	D184
181.5240000000	n/a	n/a	STATUS	n/a	n/a	D255
181.5600000000	n/a	n/a	STATUS	n/a	n/a	DI54
181.6080000000	n/a	n/a	STATUS	n/a	n/a	D255
181.8440000000	n/a	n/a	STATUS	n/a	n/a	DI34
181.8920000000	n/a	n/a	STATUS	n/a	n/a	D255
181.8920000000	n/a	n/a	STATUS	n/a	n/a	D227
182.1520000000	n/a	n/a	STATUS	n/a	n/a	DIN5
182.2040000000	n/a	n/a	STATUS	n/a	n/a	D255
182.6680000000	n/a	n/a	STATUS	n/a	n/a	D195
182.7160000000	n/a	n/a	STATUS	n/a	n/a	D255
182.7560000000	n/a	n/a	STATUS	n/a	n/a	DI51
182.8040000000	n/a	n/a	STATUS	n/a	n/a	D255
183.1320000000	n/a	n/a	STATUS	n/a	n/a	DI31
183.1840000000	n/a	n/a	STATUS	n/a	n/a	D255
183.4440000000	n/a	n/a	STATUS	n/a	n/a	DIN5
183.4920000000	n/a	n/a	STATUS	n/a	n/a	D255
183.9520000000	n/a	n/a	STATUS	n/a	n/a	D141
184.0040000000	n/a	n/a	STATUS	n/a	n/a	D255
184.0400000000	n/a	n/a	STATUS	n/a	n/a	DI54
184.0920000000	n/a	n/a	STATUS	n/a	n/a	D255
184.6600000000	n/a	n/a	STATUS	n/a	n/a	DI34
184.7120000000	n/a	n/a	STATUS	n/a	n/a	D255
184.9720000000	n/a	n/a	STATUS	n/a	n/a	DIN5
185.0200000000	n/a	n/a	STATUS	n/a	n/a	D255
185.5040000000	n/a	n/a	STATUS	n/a	n/a	D164
185.5560000000	n/a	n/a	STATUS	n/a	n/a	D255
185.5920000000	n/a	n/a	STATUS	n/a	n/a	DI53
185.6440000000	n/a	n/a	STATUS	n/a	n/a	D255
185.8840000000	n/a	n/a	STATUS	n/a	n/a	DI43
185.9360000000	n/a	n/a	STATUS	n/a	n/a	D255
186.1960000000	n/a	n/a	STATUS	n/a	n/a	DIN5
186.2440000000	n/a	n/a	STATUS	n/a	n/a	D255
186.6240000000	n/a	n/a	STATUS	n/a	n/a	D107
186.6760000000	n/a	n/a	STATUS	n/a	n/a	D255
186.7120000000	n/a	n/a	STATUS	n/a	n/a	DI53
186.7640000000	n/a	n/a	STATUS	n/a	n/a	D255
186.9840000000	n/a	n/a	STATUS	n/a	n/a	DI43
187.0320000000	n/a	n/a	STATUS	n/a	n/a	D255
187.2920000000	n/a	n/a	STATUS	n/a	n/a	DIN5
187.3440000000	n/a	n/a	STATUS	n/a	n/a	D255
187.6960000000	n/a	n/a	STATUS	n/a	n/a	D208
187.7480000000	n/a	n/a	STATUS	n/a	n/a	D255
187.7840000000	n/a	n/a	STATUS	n/a	n/a	DI54
187.8360000000	n/a	n/a	STATUS	n/a	n/a	D255
188.0520000000	n/a	n/a	STATUS	n/a	n/a	DI34
188.1000000000	n/a	n/a	STATUS	n/a	n/a	D255
188.3600000000	n/a	n/a	STATUS	n/a	n/a	DIN5
188.4120000000	n/a	n/a	STATUS	n/a	n/a	D255
188.8120000000	n/a	n/a	STATUS	n/a	n/a	D252
188.8600000000	n/a	n/a	STATUS	n/a	n/a	D255
188.9000000000	n/a	n/a	STATUS	n/a	n/a	DI53
188.9480000000	n/a	n/a	STATUS	n/a	n/a	D255
189.1080000000	n/a	n/a	STATUS	n/a	n/a	DI43
189.1600000000	n/a	n/a	STATUS	n/a	n/a	D255
189.4160000000	n/a	n/a	STATUS	n/a	n/a	DIN5
189.4680000000	n/a	n/a	STATUS	n/a	n/a	D255
189.9320000000	n/a	n/a	STATUS	n/a	n/a	D244
189.9840000000	n/a	n/a	STATUS	n/a	n/a	D255
190.0200000000	n/a	n/a	STATUS	n/a	n/a	DI52
190.0720000000	n/a	n/a	STATUS	n/a	n/a	D255
190.2680000000	n/a	n/a	STATUS	n/a	n/a	DI12
190.3160000000	n/a	n/a	STATUS	n/a	n/a	D255
190.3200000000	n/a	n/a	STATUS	n/a	n/a	DIN4
190.3720000000	n/a	n/a	STATUS	n/a	n/a	D255
191.1280000000	n/a	n/a	STATUS	n/a	n/a	DIN5
191.1760000000	n/a	n/a	STATUS	n/a	n/a	D255
191.5400000000	n/a	n/a	STATUS	n/a	n/a	D144
191.5920000000	n/a	n/a	STATUS	n/a	n/a	D255
191.6280000000	n/a	n/a	STATUS	n/a	n/a	DI52
191.6800000000	n/a	n/a	STATUS	n/a	n/a	D255
192.0200000000	n/a	n/a	STATUS	n/a	n/a	DI42
192.0680000000	n/a	n/a	STATUS	n/a	n/a	D255
192.3280000000	n/a	n/a	STATUS	n/a	n/a	DIN5
192.3800000000	n/a	n/a	STATUS	n/a	n/a	D255
192.7880000000	n/a	n/a	STATUS	n/a	n/a	D111
192.8400000000	n/a	n/a	STATUS	n/a	n/a	D255
192.8760000000	n/a	n/a	STATUS	n/a	n/a	DI52
192.9280000000	n/a	n/a	STATUS	n/a	n/a	D255
193.1200000000	n/a	n/a	STATUS	n/a	n/a	DI12
193.1720000000	n/a	n/a	STATUS	n/a	n/a	D255
193.1760000000	n/a	n/a	STATUS	n/a	n/a	DIN4
193.2240000000	n/a	n/a	STATUS	n/a	n/a	D255
193.9800000000	n/a	n/a	STATUS	n/a	n/a	DIN5
194.0320000000	n/a	n/a	STATUS	n/a	n/a	D255
194.4680000000	n/a	n/a	STATUS	n/a	n/a	DI94
194.5200000000	n/a	n/a	STATUS	n/a	n/a	D255
194.5600000000	n/a	n/a	STATUS	n/a	n/a	DI53
194.6080000000	n/a	n/a	STATUS	n/a	n/a	D255
194.9040000000	n/a	n/a	STATUS	n/a	n/a	DI43
194.9520000000	n/a	n/a	STATUS	n/a	n/a	D255
195.2120000000	n/a	n/a	STATUS	n/a	n/a	DIN5
195.2640000000	n/a	n/a	STATUS	n/a	n/a	D255
195.5920000000	n/a	n/a	STATUS	n/a	n/a	D121
195.6440000000	n/a	n/a	STATUS	n/a	n/a	D255
195.6800000000	n/a	n/a	STATUS	n/a	n/a	DI51
195.7320000000	n/a	n/a	STATUS	n/a	n/a	D255
196.0400000000	n/a	n/a	STATUS	n/a	n/a	DI31
196.0880000000	n/a	n/a	STATUS	n/a	n/a	D255
196.3480000000	n/a	n/a	STATUS	n/a	n/a	DIN5
196.4000000000	n/a	n/a	STATUS	n/a	n/a	D255
196.7680000000	n/a	n/a	STATUS	n/a	n/a	D138
196.8200000000	n/a	n/a	STATUS	n/a	n/a	D255
196.8560000000	n/a	n/a	STATUS	n/a	n/a	DI53
196.9080000000	n/a	n/a	STATUS	n/a	n/a	D255
197.1040000000	n/a	n/a	STATUS	n/a	n/a	DI43
197.1520000000	n/a	n/a	STATUS	n/a	n/a	D255
197.4120000000	n/a	n/a	STATUS	n/a	n/a	DIN5
197.4640000000	n/a	n/a	STATUS	n/a	n/a	D255
197.9560000000	n/a	n/a	STATUS	n/a	n/a	D130
198.0080000000	n/a	n/a	STATUS	n/a	n/a	D255
198.0440000000	n/a	n/a	STATUS	n/a	n/a	DI52
198.0960000000	n/a	n/a	STATUS	n/a	n/a	D255
198.3880000000	n/a	n/a	STATUS	n/a	n/a	DI42
198.4400000000	n/a	n/a	STATUS	n/a	n/a	D255
198.7000000000	n/a	n/a	STATUS	n/a	n/a	DIN5
198.7480000000	n/a	n/a	STATUS	n/a	n/a	D255
199.1840000000	n/a	n/a	STATUS	n/a	n/a	D120
199.2320000000	n/a	n/a	STATUS	n/a	n/a	D255
199.2720000000	n/a	n/a	STATUS	n/a	n/a	DI52
199.3200000000	n/a	n/a	STATUS	n/a	n/a	D255
199.6280000000	n/a	n/a	STATUS	n/a	n/a	DI42
199.6760000000	n/a	n/a	STATUS	n/a	n/a	D255
199.9360000000	n/a	n/a	STATUS	n/a	n/a	DIN5
199.9840000000	n/a	n/a	STATUS	n/a	n/a	D255
200.4760000000	n/a	n/a	STATUS	n/a	n/a	D253
200.5240000000	n/a	n/a	STATUS	n/a	n/a	D255
200.5640000000	n/a	n/a	STATUS	n/a	n/a	DI52
200.6120000000	n/a	n/a	STATUS	n/a	n/a	D255
200.9560000000	n/a	n/a	STATUS	n/a	n/a	DI42
201.0080000000	n/a	n/a	STATUS	n/a	n/a	D255
201.2680000000	n/a	n/a	STATUS	n/a	n/a	DIN5
201.3160000000	n/a	n/a	STATUS	n/a	n/a	D255
201.6800000000	n/a	n/a	STATUS	n/a	n/a	DI93
201.7320000000	n/a	n/a	STATUS	n/a	n/a	D255
201.7720000000	n/a	n/a	STATUS	n/a	n/a	DI52
201.8200000000	n/a	n/a	STATUS	n/a	n/a	D255
202.1320000000	n/a	n/a	STATUS	n/a	n/a	DI42
202.1840000000	n/a	n/a	STATUS	n/a	n/a	D255
202.4440000000	n/a	n/a	STATUS	n/a	n/a	DIN5
202.4920000000	n/a	n/a	STATUS	n/a	n/a	D255
202.9600000000	n/a	n/a	STATUS	n/a	n/a	D154
203.0080000000	n/a	n/a	STATUS	n/a	n/a	D255
203.0440000000	n/a	n/a	STATUS	n/a	n/a	DI52
203.0960000000	n/a	n/a	STATUS	n/a	n/a	D255
203.3920000000	n/a	n/a	STATUS	n/a	n/a	DI42
203.4400000000	n/a	n/a	STATUS	n/a	n/a	D255
203.7000000000	n/a	n/a	STATUS	n/a	n/a	DIN5
203.7520000000	n/a	n/a	STATUS	n/a	n/a	D255
204.1840000000	n/a	n/a	STATUS	n/a	n/a	D146
204.2360000000	n/a	n/a	STATUS	n/a	n/a	D255
204.2720000000	n/a	n/a	STATUS	n/a	n/a	DI53
204.3240000000	n/a	n/a	STATUS	n/a	n/a	D255
204.6040000000	n/a	n/a	STATUS	n/a	n/a	DI43
204.6520000000	n/a	n/a	STATUS	n/a	n/a	D255
204.9120000000	n/a	n/a	STATUS	n/a	n/a	DIN5
204.9640000000	n/a	n/a	STATUS	n/a	n/a	D255
205.3680000000	n/a	n/a	STATUS	n/a	n/a	D197
205.4160000000	n/a	n/a	STATUS	n/a	n/a	D255
205.4560000000	n/a	n/a	STATUS	n/a	n/a	DI54
205.5040000000	n/a	n/a	STATUS	n/a	n/a	D255
205.7320000000	n/a	n/a	STATUS	n/a	n/a	DI34
205.7840000000	n/a	n/a	STATUS	n/a	n/a	D255
254.0640000000	n/a	n/a	STATUS	n/a	n/a	DIN5
254.1160000000	n/a	n/a	STATUS	n/a	n/a	D255
254.5160000000	n/a	n/a	STATUS	n/a	n/a	DI93
254.5680000000	n/a	n/a	STATUS	n/a	n/a	D255
254.6040000000	n/a	n/a	STATUS	n/a	n/a	DI51
254.6560000000	n/a	n/a	STATUS	n/a	n/a	D255
255.0160000000	n/a	n/a	STATUS	n/a	n/a	DI31
255.0680000000	n/a	n/a	STATUS	n/a	n/a	D255
255.3280000000	n/a	n/a	STATUS	n/a	n/a	DIN5
255.3760000000	n/a	n/a	STATUS	n/a	n/a	D255
255.6920000000	n/a	n/a	STATUS	n/a	n/a	D194
255.7400000000	n/a	n/a	STATUS	n/a	n/a	D255
255.7800000000	n/a	n/a	STATUS	n/a	n/a	DI53
255.8280000000	n/a	n/a	STATUS	n/a	n/a	D255
256.1040000000	n/a	n/a	STATUS	n/a	n/a	DI43
256.1560000000	n/a	n/a	STATUS	n/a	n/a	D255
256.4160000000	n/a	n/a	STATUS	n/a	n/a	DIN5
256.4640000000	n/a	n/a	STATUS	n/a	n/a	D255
256.9680000000	n/a	n/a	STATUS	n/a	n/a	D236
257.0200000000	n/a	n/a	STATUS	n/a	n/a	D255
257.0560000000	n/a	n/a	STATUS	n/a	n/a	DI51
257.1080000000	n/a	n/a	STATUS	n/a	n/a	D255
257.2920000000	n/a	n/a	STATUS	n/a	n/a	DI21
257.3440000000	n/a	n/a	STATUS	n/a	n/a	D255
257.3480000000	n/a	n/a	STATUS	n/a	n/a	DIN4
257.3960000000	n/a	n/a	STATUS	n/a	n/a	D255
258.1520000000	n/a	n/a	STATUS	n/a	n/a	DIN5
258.2040000000	n/a	n/a	STATUS	n/a	n/a	D255
258.5480000000	n/a	n/a	STATUS	n/a	n/a	D147
258.5960000000	n/a	n/a	STATUS	n/a	n/a	D255
258.6360000000	n/a	n/a	STATUS	n/a	n/a	DI53
258.6840000000	n/a	n/a	STATUS	n/a	n/a	D255
259.0680000000	n/a	n/a	STATUS	n/a	n/a	DI43
259.1160000000	n/a	n/a	STATUS	n/a	n/a	D255
259.3760000000	n/a	n/a	STATUS	n/a	n/a	DIN5
259.4280000000	n/a	n/a	STATUS	n/a	n/a	D255
259.8200000000	n/a	n/a	STATUS	n/a	n/a	D117
259.8720000000	n/a	n/a	STATUS	n/a	n/a	D255
259.9080000000	n/a	n/a	STATUS	n/a	n/a	DI54
259.9600000000	n/a	n/a	STATUS	n/a	n/a	D255
260.2160000000	n/a	n/a	STATUS	n/a	n/a	DI34
260.2640000000	n/a	n/a	STATUS	n/a	n/a	D255
260.5240000000	n/a	n/a	STATUS	n/a	n/a	DIN5
260.5760000000	n/a	n/a	STATUS	n/a	n/a	D255
260.9360000000	n/a	n/a	STATUS	n/a	n/a	D165
260.9840000000	n/a	n/a	STATUS	n/a	n/a	D255
261.0200000000	n/a	n/a	STATUS	n/a	n/a	DI53
261.0720000000	n/a	n/a	STATUS	n/a	n/a	D255
261.2840000000	n/a	n/a	STATUS	n/a	n/a	DI43
261.3360000000	n/a	n/a	STATUS	n/a	n/a	D255
261.5960000000	n/a	n/a	STATUS	n/a	n/a	DIN5
261.6440000000	n/a	n/a	STATUS	n/a	n/a	D255
262.1240000000	n/a	n/a	STATUS	n/a	n/a	D121
262.1760000000	n/a	n/a	STATUS	n/a	n/a	D255
262.2120000000	n/a	n/a	STATUS	n/a	n/a	DI52
262.2640000000	n/a	n/a	STATUS	n/a	n/a	D255
262.4080000000	n/a	n/a	STATUS	n/a	n/a	DI12
262.4600000000	n/a	n/a	STATUS	n/a	n/a	D255
262.4640000000	n/a	n/a	STATUS	n/a	n/a	DIN4
262.5160000000	n/a	n/a	STATUS	n/a	n/a	D255
263.2680000000	n/a	n/a	STATUS	n/a	n/a	DIN5
263.3200000000	n/a	n/a	STATUS	n/a	n/a	D255
263.6440000000	n/a	n/a	STATUS	n/a	n/a	D115
263.6960000000	n/a	n/a	STATUS	n/a	n/a	D255
263.7320000000	n/a	n/a	STATUS	n/a	n/a	DI52
263.7840000000	n/a	n/a	STATUS	n/a	n/a	D255
264.0680000000	n/a	n/a	STATUS	n/a	n/a	DI42
264.1200000000	n/a	n/a	STATUS	n/a	n/a	D255
264.3800000000	n/a	n/a	STATUS	n/a	n/a	DIN5
264.4280000000	n/a	n/a	STATUS	n/a	n/a	D255
264.7360000000	n/a	n/a	STATUS	n/a	n/a	D182
264.7840000000	n/a	n/a	STATUS	n/a	n/a	D255
264.8240000000	n/a	n/a	STATUS	n/a	n/a	DI52
264.8720000000	n/a	n/a	STATUS	n/a	n/a	D255
265.1680000000	n/a	n/a	STATUS	n/a	n/a	DI42
265.2200000000	n/a	n/a	STATUS	n/a	n/a	D255
265.4760000000	n/a	n/a	STATUS	n/a	n/a	DIN5
265.5280000000	n/a	n/a	STATUS	n/a	n/a	D255
265.8880000000	n/a	n/a	STATUS	n/a	n/a	D181
265.9400000000	n/a	n/a	STATUS	n/a	n/a	D255
265.9760000000	n/a	n/a	STATUS	n/a	n/a	DI52
266.0240000000	n/a	n/a	STATUS	n/a	n/a	D255
266.3160000000	n/a	n/a	STATUS	n/a	n/a	DI42
266.3640000000	n/a	n/a	STATUS	n/a	n/a	D255
266.6240000000	n/a	n/a	STATUS	n/a	n/a	DIN5
266.6760000000	n/a	n/a	STATUS	n/a	n/a	D255
267.1240000000	n/a	n/a	STATUS	n/a	n/a	D138
267.1760000000	n/a	n/a	STATUS	n/a	n/a	D255
267.2120000000	n/a	n/a	STATUS	n/a	n/a	DI51
267.2640000000	n/a	n/a	STATUS	n/a	n/a	D255
267.4320000000	n/a	n/a	STATUS	n/a	n/a	DI21
267.4800000000	n/a	n/a	STATUS	n/a	n/a	D255
267.4880000000	n/a	n/a	STATUS	n/a	n/a	DIN4
267.5360000000	n/a	n/a	STATUS	n/a	n/a	D255
268.2920000000	n/a	n/a	STATUS	n/a	n/a	DIN5
268.3400000000	n/a	n/a	STATUS	n/a	n/a	D255
268.6760000000	n/a	n/a	STATUS	n/a	n/a	D111
268.7280000000	n/a	n/a	STATUS	n/a	n/a	D255
268.7640000000	n/a	n/a	STATUS	n/a	n/a	DI51
268.8160000000	n/a	n/a	STATUS	n/a	n/a	D255
268.9960000000	n/a	n/a	STATUS	n/a	n/a	DI21
269.0480000000	n/a	n/a	STATUS	n/a	n/a	D255
269.0520000000	n/a	n/a	STATUS	n/a	n/a	DIN4
269.1040000000	n/a	n/a	STATUS	n/a	n/a	D255
269.8560000000	n/a	n/a	STATUS	n/a	n/a	DIN5
269.9080000000	n/a	n/a	STATUS	n/a	n/a	D255
270.3120000000	n/a	n/a	STATUS	n/a	n/a	DI98
270.3640000000	n/a	n/a	STATUS	n/a	n/a	D255
270.4000000000	n/a	n/a	STATUS	n/a	n/a	DI54
270.4520000000	n/a	n/a	STATUS	n/a	n/a	D255
270.7360000000	n/a	n/a	STATUS	n/a	n/a	DI34
270.7840000000	n/a	n/a	STATUS	n/a	n/a	D255
271.0440000000	n/a	n/a	STATUS	n/a	n/a	DIN5
271.0960000000	n/a	n/a	STATUS	n/a	n/a	D255
271.6000000000	n/a	n/a	STATUS	n/a	n/a	D218
271.6480000000	n/a	n/a	STATUS	n/a	n/a	D255
271.6840000000	n/a	n/a	STATUS	n/a	n/a	DI51
271.7360000000	n/a	n/a	STATUS	n/a	n/a	D255
272.0600000000	n/a	n/a	STATUS	n/a	n/a	DI31
272.1120000000	n/a	n/a	STATUS	n/a	n/a	D255
272.3720000000	n/a	n/a	STATUS	n/a	n/a	DIN5
272.4200000000	n/a	n/a	STATUS	n/a	n/a	D255
272.9200000000	n/a	n/a	STATUS	n/a	n/a	D232
272.9720000000	n/a	n/a	STATUS	n/a	n/a	D255
273.0080000000	n/a	n/a	STATUS	n/a	n/a	DI54
273.0600000000	n/a	n/a	STATUS	n/a	n/a	D255
273.3280000000	n/a	n/a	STATUS	n/a	n/a	DI34
273.3800000000	n/a	n/a	STATUS	n/a	n/a	D255
273.6400000000	n/a	n/a	STATUS	n/a	n/a	DIN5
273.6880000000	n/a	n/a	STATUS	n/a	n/a	D255
274.1600000000	n/a	n/a	STATUS	n/a	n/a	D171
274.2080000000	n/a	n/a	STATUS	n/a	n/a	D255
274.2480000000	n/a	n/a	STATUS	n/a	n/a	DI53
274.2960000000	n/a	n/a	STATUS	n/a	n/a	D255
274.6080000000	n/a	n/a	STATUS	n/a	n/a	DI43
274.6600000000	n/a	n/a	STATUS	n/a	n/a	D255
274.9160000000	n/a	n/a	STATUS	n/a	n/a	DIN5
274.9680000000	n/a	n/a	STATUS	n/a	n/a	D255
275.2720000000	n/a	n/a	STATUS	n/a	n/a	D188
275.3240000000	n/a	n/a	STATUS	n/a	n/a	D255
275.3600000000	n/a	n/a	STATUS	n/a	n/a	DI52
275.4120000000	n/a	n/a	STATUS	n/a	n/a	D255
275.7280000000	n/a	n/a	STATUS	n/a	n/a	DI42
275.7760000000	n/a	n/a	STATUS	n/a	n/a	D255
276.0360000000	n/a	n/a	STATUS	n/a	n/a	DIN5
276.0880000000	n/a	n/a	STATUS	n/a	n/a	D255
276.5400000000	n/a	n/a	STATUS	n/a	n/a	DI85
276.5920000000	n/a	n/a	STATUS	n/a	n/a	D255
276.6280000000	n/a	n/a	STATUS	n/a	n/a	DI53
276.6760000000	n/a	n/a	STATUS	n/a	n/a	D255
276.8880000000	n/a	n/a	STATUS	n/a	n/a	DI43
276.9400000000	n/a	n/a	STATUS	n/a	n/a	D255
277.1960000000	n/a	n/a	STATUS	n/a	n/a	DIN5
277.2480000000	n/a	n/a	STATUS	n/a	n/a	D255
277.6640000000	n/a	n/a	STATUS	n/a	n/a	D253
277.7120000000	n/a	n/a	STATUS	n/a	n/a	D255
277.7520000000	n/a	n/a	STATUS	n/a	n/a	DI54
277.8000000000	n/a	n/a	STATUS	n/a	n/a	D255
278.0240000000	n/a	n/a	STATUS	n/a	n/a	DI34
278.0760000000	n/a	n/a	STATUS	n/a	n/a	D255
278.3320000000	n/a	n/a	STATUS	n/a	n/a	DIN5
278.3840000000	n/a	n/a	STATUS	n/a	n/a	D255
278.7000000000	n/a	n/a	STATUS	n/a	n/a	DI87
278.7480000000	n/a	n/a	STATUS	n/a	n/a	D255
278.7880000000	n/a	n/a	STATUS	n/a	n/a	DI52
278.8360000000	n/a	n/a	STATUS	n/a	n/a	D255
279.1360000000	n/a	n/a	STATUS	n/a	n/a	DI42
279.1880000000	n/a	n/a	STATUS	n/a	n/a	D255
279.4440000000	n/a	n/a	STATUS	n/a	n/a	DIN5
279.4960000000	n/a	n/a	STATUS	n/a	n/a	D255
279.9920000000	n/a	n/a	STATUS	n/a	n/a	D114
280.0400000000	n/a	n/a	STATUS	n/a	n/a	D255
280.0760000000	n/a	n/a	STATUS	n/a	n/a	DI52
280.1280000000	n/a	n/a	STATUS	n/a	n/a	D255
280.4080000000	n/a	n/a	STATUS	n/a	n/a	DI42
280.4600000000	n/a	n/a	STATUS	n/a	n/a	D255
280.7200000000	n/a	n/a	STATUS	n/a	n/a	DIN5
280.7680000000	n/a	n/a	STATUS	n/a	n/a	D255
281.2200000000	n/a	n/a	STATUS	n/a	n/a	DI67
281.2680000000	n/a	n/a	STATUS	n/a	n/a	D255
281.3040000000	n/a	n/a	STATUS	n/a	n/a	DI51
281.3560000000	n/a	n/a	STATUS	n/a	n/a	D255
281.5560000000	n/a	n/a	STATUS	n/a	n/a	DI21
281.6040000000	n/a	n/a	STATUS	n/a	n/a	D255
281.6080000000	n/a	n/a	STATUS	n/a	n/a	DIN4
281.6600000000	n/a	n/a	STATUS	n/a	n/a	D255
282.4160000000	n/a	n/a	STATUS	n/a	n/a	DIN5
282.4640000000	n/a	n/a	STATUS	n/a	n/a	D255
282.9480000000	n/a	n/a	STATUS	n/a	n/a	D146
283.0000000000	n/a	n/a	STATUS	n/a	n/a	D255
283.0360000000	n/a	n/a	STATUS	n/a	n/a	DI54
283.0880000000	n/a	n/a	STATUS	n/a	n/a	D255
283.3520000000	n/a	n/a	STATUS	n/a	n/a	DI34
283.4040000000	n/a	n/a	STATUS	n/a	n/a	D255
283.6600000000	n/a	n/a	STATUS	n/a	n/a	DIN5
283.7120000000	n/a	n/a	STATUS	n/a	n/a	D255
284.0360000000	n/a	n/a	STATUS	n/a	n/a	D252
284.0880000000	n/a	n/a	STATUS	n/a	n/a	D255
284.1240000000	n/a	n/a	STATUS	n/a	n/a	DI54
284.1760000000	n/a	n/a	STATUS	n/a	n/a	D255
284.4680000000	n/a	n/a	STATUS	n/a	n/a	DI34
284.5200000000	n/a	n/a	STATUS	n/a	n/a	D255
284.7800000000	n/a	n/a	STATUS	n/a	n/a	DIN5
284.8280000000	n/a	n/a	STATUS	n/a	n/a	D255
285.2440000000	n/a	n/a	STATUS	n/a	n/a	D107
285.2920000000	n/a	n/a	STATUS	n/a	n/a	D255
285.3320000000	n/a	n/a	STATUS	n/a	n/a	DI54
285.3800000000	n/a	n/a	STATUS	n/a	n/a	D255
285.6320000000	n/a	n/a	STATUS	n/a	n/a	DI34
285.6800000000	n/a	n/a	STATUS	n/a	n/a	D255
285.9400000000	n/a	n/a	STATUS	n/a	n/a	DIN5
285.9920000000	n/a	n/a	STATUS	n/a	n/a	D255
286.4280000000	n/a	n/a	STATUS	n/a	n/a	D151
286.4800000000	n/a	n/a	STATUS	n/a	n/a	D255
286.5160000000	n/a	n/a	STATUS	n/a	n/a	DI54
286.5680000000	n/a	n/a	STATUS	n/a	n/a	D255
286.8040000000	n/a	n/a	STATUS	n/a	n/a	DI34
286.8560000000	n/a	n/a	STATUS	n/a	n/a	D255
287.1160000000	n/a	n/a	STATUS	n/a	n/a	DIN5
287.1640000000	n/a	n/a	STATUS	n/a	n/a	D255
287.5560000000	n/a	n/a	STATUS	n/a	n/a	D157
287.6040000000	n/a	n/a	STATUS	n/a	n/a	D255
287.6440000000	n/a	n/a	STATUS	n/a	n/a	DI53
287.6920000000	n/a	n/a	STATUS	n/a	n/a	D255
287.8960000000	n/a	n/a	STATUS	n/a	n/a	DI43
287.9480000000	n/a	n/a	STATUS	n/a	n/a	D255
288.2080000000	n/a	n/a	STATUS	n/a	n/a	DIN5
288.2560000000	n/a	n/a	STATUS	n/a	n/a	D255
288.6320000000	n/a	n/a	STATUS	n/a	n/a	D160
288.6800000000	n/a	n/a	STATUS	n/a	n/a	D255
288.7200000000	n/a	n/a	STATUS	n/a	n/a	DI54
288.7720000000	n/a	n/a	STATUS	n/a	n/a	D255
288.9760000000	n/a	n/a	STATUS	n/a	n/a	DI24
289.0280000000	n/a	n/a	STATUS	n/a	n/a	D255
289.0320000000	n/a	n/a	STATUS	n/a	n/a	DIN4
289.0800000000	n/a	n/a	STATUS	n/a	n/a	D255
289.8360000000	n/a	n/a	STATUS	n/a	n/a	DIN5
289.8880000000	n/a	n/a	STATUS	n/a	n/a	D255
290.3720000000	n/a	n/a	STATUS	n/a	n/a	DI73
290.4200000000	n/a	n/a	STATUS	n/a	n/a	D255
290.4600000000	n/a	n/a	STATUS	n/a	n/a	DI52
290.5080000000	n/a	n/a	STATUS	n/a	n/a	D255
290.5080000000	n/a	n/a	STATUS	n/a	n/a	D247
290.8120000000	n/a	n/a	STATUS	n/a	n/a	DI42
290.8600000000	n/a	n/a	STATUS	n/a	n/a	D255
291.1200000000	n/a	n/a	STATUS	n/a	n/a	DIN5
291.1720000000	n/a	n/a	STATUS	n/a	n/a	D255
291.6240000000	n/a	n/a	STATUS	n/a	n/a	D176
291.6760000000	n/a	n/a	STATUS	n/a	n/a	D255
291.7120000000	n/a	n/a	STATUS	n/a	n/a	DI52
291.7640000000	n/a	n/a	STATUS	n/a	n/a	D255
292.0400000000	n/a	n/a	STATUS	n/a	n/a	DI42
292.0920000000	n/a	n/a	STATUS	n/a	n/a	D255
292.3480000000	n/a	n/a	STATUS	n/a	n/a	DIN5
292.4000000000	n/a	n/a	STATUS	n/a	n/a	D255
292.8280000000	n/a	n/a	STATUS	n/a	n/a	D190
292.8800000000	n/a	n/a	STATUS	n/a	n/a	D255
292.9160000000	n/a	n/a	STATUS	n/a	n/a	DI54
292.9680000000	n/a	n/a	STATUS	n/a	n/a	D255
293.2320000000	n/a	n/a	STATUS	n/a	n/a	DI34
293.2800000000	n/a	n/a	STATUS	n/a	n/a	D255
293.5400000000	n/a	n/a	STATUS	n/a	n/a	DIN5
293.5920000000	n/a	n/a	STATUS	n/a	n/a	D255
293.9160000000	n/a	n/a	STATUS	n/a	n/a	D244
293.9640000000	n/a	n/a	STATUS	n/a	n/a	D255
294.0040000000	n/a	n/a	STATUS	n/a	n/a	DI51
294.0560000000	n/a	n/a	STATUS	n/a	n/a	D255
294.2400000000	n/a	n/a	STATUS	n/a	n/a	DI21
294.2880000000	n/a	n/a	STATUS	n/a	n/a	D255
294.2920000000	n/a	n/a	STATUS	n/a	n/a	DIN4
294.3440000000	n/a	n/a	STATUS	n/a	n/a	D255
295.1000000000	n/a	n/a	STATUS	n/a	n/a	DIN5
295.1480000000	n/a	n/a	STATUS	n/a	n/a	D255
295.6120000000	n/a	n/a	STATUS	n/a	n/a	D202
295.6640000000	n/a	n/a	STATUS	n/a	n/a	D255
295.7000000000	n/a	n/a	STATUS	n/a	n/a	DI51
295.7520000000	n/a	n/a	STATUS	n/a	n/a	D255
296.0760000000	n/a	n/a	STATUS	n/a	n/a	DI31
296.1240000000	n/a	n/a	STATUS	n/a	n/a	D255
296.3840000000	n/a	n/a	STATUS	n/a	n/a	DIN5
296.4360000000	n/a	n/a	STATUS	n/a	n/a	D255
296.8440000000	n/a	n/a	STATUS	n/a	n/a	D125
296.8960000000	n/a	n/a	STATUS	n/a	n/a	D255
296.9320000000	n/a	n/a	STATUS	n/a	n/a	DI54
296.9800000000	n/a	n/a	STATUS	n/a	n/a	D255
297.2320000000	n/a	n/a	STATUS	n/a	n/a	DI34
297.2800000000	n/a	n/a	STATUS	n/a	n/a	D255
297.5400000000	n/a	n/a	STATUS	n/a	n/a	DIN5
297.5880000000	n/a	n/a	STATUS	n/a	n/a	D255
297.9040000000	n/a	n/a	STATUS	n/a	n/a	D241
297.9560000000	n/a	n/a	STATUS	n/a	n/a	D255
297.9920000000	n/a	n/a	STATUS	n/a	n/a	DI54
298.0440000000	n/a	n/a	STATUS	n/a	n/a	D255
298.2840000000	n/a	n/a	STATUS	n/a	n/a	DI34
298.3360000000	n/a	n/a	STATUS	n/a	n/a	D255
298.5960000000	n/a	n/a	STATUS	n/a	n/a	DIN5
298.6440000000	n/a	n/a	STATUS	n/a	n/a	D255
299.0440000000	n/a	n/a	STATUS	n/a	n/a	D249
299.0960000000	n/a	n/a	STATUS	n/a	n/a	D255
299.1320000000	n/a	n/a	STATUS	n/a	n/a	DI53
299.1840000000	n/a	n/a	STATUS	n/a	n/a	D255
299.4280000000	n/a	n/a	STATUS	n/a	n/a	DI43
299.4800000000	n/a	n/a	STATUS	n/a	n/a	D255
299.7400000000	n/a	n/a	STATUS	n/a	n/a	DIN5
299.7880000000	n/a	n/a	STATUS	n/a	n/a	D255
300.2840000000	n/a	n/a	STATUS	n/a	n/a	D222
300.3320000000	n/a	n/a	STATUS	n/a	n/a	D255
300.3720000000	n/a	n/a	STATUS	n/a	n/a	DI51
300.4200000000	n/a	n/a	STATUS	n/a	n/a	D255
300.6120000000	n/a	n/a	STATUS	n/a	n/a	DI21
300.6640000000	n/a	n/a	STATUS	n/a	n/a	D255
300.6680000000	n/a	n/a	STATUS	n/a	n/a	DIN4
300.7160000000	n/a	n/a	STATUS	n/a	n/a	D255
301.4720000000	n/a	n/a	STATUS	n/a	n/a	DIN5
301.5200000000	n/a	n/a	STATUS	n/a	n/a	D255
301.8920000000	n/a	n/a	STATUS	n/a	n/a	D142
301.9400000000	n/a	n/a	STATUS	n/a	n/a	D255
301.9800000000	n/a	n/a	STATUS	n/a	n/a	DI51
302.0280000000	n/a	n/a	STATUS	n/a	n/a	D255
302.3480000000	n/a	n/a	STATUS	n/a	n/a	DI31
302.3960000000	n/a	n/a	STATUS	n/a	n/a	D255
302.6560000000	n/a	n/a	STATUS	n/a	n/a	DIN5
302.7080000000	n/a	n/a	STATUS	n/a	n/a	D255
303.1280000000	n/a	n/a	STATUS	n/a	n/a	D233
303.1760000000	n/a	n/a	STATUS	n/a	n/a	D255
303.2160000000	n/a	n/a	STATUS	n/a	n/a	DI51
303.2640000000	n/a	n/a	STATUS	n/a	n/a	D255
303.5720000000	n/a	n/a	STATUS	n/a	n/a	DI31
303.6200000000	n/a	n/a	STATUS	n/a	n/a	D255
303.8800000000	n/a	n/a	STATUS	n/a	n/a	DIN5
303.9320000000	n/a	n/a	STATUS	n/a	n/a	D255
304.3960000000	n/a	n/a	STATUS	n/a	n/a	D186
304.4480000000	n/a	n/a	STATUS	n/a	n/a	D255
304.4840000000	n/a	n/a	STATUS	n/a	n/a	DI54
304.5360000000	n/a	n/a	STATUS	n/a	n/a	D255
304.7680000000	n/a	n/a	STATUS	n/a	n/a	DI34
304.8160000000	n/a	n/a	STATUS	n/a	n/a	D255
305.0760000000	n/a	n/a	STATUS	n/a	n/a	DIN5
305.1280000000	n/a	n/a	STATUS	n/a	n/a	D255
305.5320000000	n/a	n/a	STATUS	n/a	n/a	D226
305.5840000000	n/a	n/a	STATUS	n/a	n/a	D255
305.6200000000	n/a	n/a	STATUS	n/a	n/a	DI51
305.6720000000	n/a	n/a	STATUS	n/a	n/a	D255
305.8640000000	n/a	n/a	STATUS	n/a	n/a	DI21
305.9120000000	n/a	n/a	STATUS	n/a	n/a	D255
305.9160000000	n/a	n/a	STATUS	n/a	n/a	DIN4
305.9680000000	n/a	n/a	STATUS	n/a	n/a	D255
306.7240000000	n/a	n/a	STATUS	n/a	n/a	DIN5
306.7720000000	n/a	n/a	STATUS	n/a	n/a	D255
307.1320000000	n/a	n/a	STATUS	n/a	n/a	D183
307.1840000000	n/a	n/a	STATUS	n/a	n/a	D255
307.2200000000	n/a	n/a	STATUS	n/a	n/a	DI51
307.2680000000	n/a	n/a	STATUS	n/a	n/a	D255
307.6080000000	n/a	n/a	STATUS	n/a	n/a	DI31
307.6560000000	n/a	n/a	STATUS	n/a	n/a	D255
307.9160000000	n/a	n/a	STATUS	n/a	n/a	DIN5
307.9680000000	n/a	n/a	STATUS	n/a	n/a	D255
308.3480000000	n/a	n/a	STATUS	n/a	n/a	D110
308.3960000000	n/a	n/a	STATUS	n/a	n/a	D255
308.4360000000	n/a	n/a	STATUS	n/a	n/a	DI51
308.4840000000	n/a	n/a	STATUS	n/a	n/a	D255
308.8200000000	n/a	n/a	STATUS	n/a	n/a	DI31
308.8680000000	n/a	n/a	STATUS	n/a	n/a	D255
309.1280000000	n/a	n/a	STATUS	n/a	n/a	DIN5
309.1800000000	n/a	n/a	STATUS	n/a	n/a	D255
309.6320000000	n/a	n/a	STATUS	n/a	n/a	D109
309.6840000000	n/a	n/a	STATUS	n/a	n/a	D255
309.7200000000	n/a	n/a	STATUS	n/a	n/a	DI53
309.7720000000	n/a	n/a	STATUS	n/a	n/a	D255
310.0160000000	n/a	n/a	STATUS	n/a	n/a	DI43
310.0680000000	n/a	n/a	STATUS	n/a	n/a	D255
310.3280000000	n/a	n/a	STATUS	n/a	n/a	DIN5
310.3800000000	n/a	n/a	STATUS	n/a	n/a	D255
310.6880000000	n/a	n/a	STATUS	n/a	n/a	D237
310.7360000000	n/a	n/a	STATUS	n/a	n/a	D255
310.7760000000	n/a	n/a	STATUS	n/a	n/a	DI53
310.8240000000	n/a	n/a	STATUS	n/a	n/a	D255
311.1480000000	n/a	n/a	STATUS	n/a	n/a	DI43
311.1960000000	n/a	n/a	STATUS	n/a	n/a	D255
311.4560000000	n/a	n/a	STATUS	n/a	n/a	DIN5
311.5080000000	n/a	n/a	STATUS	n/a	n/a	D255
311.8840000000	n/a	n/a	STATUS	n/a	n/a	D164
311.9320000000	n/a	n/a	STATUS	n/a	n/a	D255
311.9680000000	n/a	n/a	STATUS	n/a	n/a	DI52
312.0200000000	n/a	n/a	STATUS	n/a	n/a	D255
312.2400000000	n/a	n/a	STATUS	n/a	n/a	DI12
312.2880000000	n/a	n/a	STATUS	n/a	n/a	D255
312.2920000000	n/a	n/a	STATUS	n/a	n/a	DIN4
312.3440000000	n/a	n/a	STATUS	n/a	n/a	D255
313.1000000000	n/a	n/a	STATUS	n/a	n/a	DIN5
313.1480000000	n/a	n/a	STATUS	n/a	n/a	D255
313.4880000000	n/a	n/a	STATUS	n/a	n/a	D106
313.5400000000	n/a	n/a	STATUS	n/a	n/a	D255
313.5760000000	n/a	n/a	STATUS	n/a	n/a	DI53
313.6280000000	n/a	n/a	STATUS	n/a	n/a	D255
313.9280000000	n/a	n/a	STATUS	n/a	n/a	DI43
313.9760000000	n/a	n/a	STATUS	n/a	n/a	D255
314.2360000000	n/a	n/a	STATUS	n/a	n/a	DIN5
314.2880000000	n/a	n/a	STATUS	n/a	n/a	D255
314.6080000000	n/a	n/a	STATUS	n/a	n/a	D221
314.6560000000	n/a	n/a	STATUS	n/a	n/a	D255
314.6960000000	n/a	n/a	STATUS	n/a	n/a	DI54
314.7440000000	n/a	n/a	STATUS	n/a	n/a	D255
314.9840000000	n/a	n/a	STATUS	n/a	n/a	DI34
315.0320000000	n/a	n/a	STATUS	n/a	n/a	D255
315.2920000000	n/a	n/a	STATUS	n/a	n/a	DIN5
315.3440000000	n/a	n/a	STATUS	n/a	n/a	D255
315.7720000000	n/a	n/a	STATUS	n/a	n/a	D248
315.8240000000	n/a	n/a	STATUS	n/a	n/a	D255
315.8600000000	n/a	n/a	STATUS	n/a	n/a	DI54
315.9120000000	n/a	n/a	STATUS	n/a	n/a	D255
316.1600000000	n/a	n/a	STATUS	n/a	n/a	DI34
316.2080000000	n/a	n/a	STATUS	n/a	n/a	D255
316.4680000000	n/a	n/a	STATUS	n/a	n/a	DIN5
316.5200000000	n/a	n/a	STATUS	n/a	n/a	D255
316.9720000000	n/a	n/a	STATUS	n/a	n/a	D118
317.0240000000	n/a	n/a	STATUS	n/a	n/a	D255
317.0600000000	n/a	n/a	STATUS	n/a	n/a	DI53
317.1120000000	n/a	n/a	STATUS	n/a	n/a	D255
317.2960000000	n/a	n/a	STATUS	n/a	n/a	DI43
317.3440000000	n/a	n/a	STATUS	n/a	n/a	D255
317.6040000000	n/a	n/a	STATUS	n/a	n/a	DIN5
317.6560000000	n/a	n/a	STATUS	n/a	n/a	D255
318.1480000000	n/a	n/a	STATUS	n/a	n/a	D133
318.2000000000	n/a	n/a	STATUS	n/a	n/a	D255
318.2400000000	n/a	n/a	STATUS	n/a	n/a	DI52
318.2880000000	n/a	n/a	STATUS	n/a	n/a	D255
318.4840000000	n/a	n/a	STATUS	n/a	n/a	DI12
318.5360000000	n/a	n/a	STATUS	n/a	n/a	D255
318.5400000000	n/a	n/a	STATUS	n/a	n/a	DIN4
318.5920000000	n/a	n/a	STATUS	n/a	n/a	D255
319.3440000000	n/a	n/a	STATUS	n/a	n/a	DIN5
319.3960000000	n/a	n/a	STATUS	n/a	n/a	D255
319.8600000000	n/a	n/a	STATUS	n/a	n/a	D243
319.9080000000	n/a	n/a	STATUS	n/a	n/a	D255
319.9480000000	n/a	n/a	STATUS	n/a	n/a	DI53
319.9960000000	n/a	n/a	STATUS	n/a	n/a	D255
320.3160000000	n/a	n/a	STATUS	n/a	n/a	DI43
320.3640000000	n/a	n/a	STATUS	n/a	n/a	D255
320.6240000000	n/a	n/a	STATUS	n/a	n/a	DIN5
320.6760000000	n/a	n/a	STATUS	n/a	n/a	D255
321.0000000000	n/a	n/a	STATUS	n/a	n/a	D104
321.0480000000	n/a	n/a	STATUS	n/a	n/a	D255
321.0880000000	n/a	n/a	STATUS	n/a	n/a	DI51
321.1360000000	n/a	n/a	STATUS	n/a	n/a	D255
321.4400000000	n/a	n/a	STATUS	n/a	n/a	DI31
321.4920000000	n/a	n/a	STATUS	n/a	n/a	D255
321.7520000000	n/a	n/a	STATUS	n/a	n/a	DIN5
321.8000000000	n/a	n/a	STATUS	n/a	n/a	D255
322.1240000000	n/a	n/a	STATUS	n/a	n/a	D219
322.1760000000	n/a	n/a	STATUS	n/a	n/a	D255
322.2120000000	n/a	n/a	STATUS	n/a	n/a	DI53
322.2600000000	n/a	n/a	STATUS	n/a	n/a	D255
322.5200000000	n/a	n/a	STATUS	n/a	n/a	DI43
322.5680000000	n/a	n/a	STATUS	n/a	n/a	D255
322.8280000000	n/a	n/a	STATUS	n/a	n/a	DIN5
322.8800000000	n/a	n/a	STATUS	n/a	n/a	D255
323.2440000000	n/a	n/a	STATUS	n/a	n/a	D150
323.2920000000	n/a	n/a	STATUS	n/a	n/a	D255
323.3320000000	n/a	n/a	STATUS	n/a	n/a	DI52
323.3800000000	n/a	n/a	STATUS	n/a	n/a	D255
323.5840000000	n/a	n/a	STATUS	n/a	n/a	DI12
323.6320000000	n/a	n/a	STATUS	n/a	n/a	D255
323.6360000000	n/a	n/a	STATUS	n/a	n/a	DIN4
323.6880000000	n/a	n/a	STATUS	n/a	n/a	D255
324.4440000000	n/a	n/a	STATUS	n/a	n/a	DIN5
324.4920000000	n/a	n/a	STATUS	n/a	n/a	D255
324.9480000000	n/a	n/a	STATUS	n/a	n/a	D102
324.9960000000	n/a	n/a	STATUS	n/a	n/a	D255
325.0360000000	n/a	n/a	STATUS	n/a	n/a	DI51
325.0880000000	n/a	n/a	STATUS	n/a	n/a	D255
325.4040000000	n/a	n/a	STATUS	n/a	n/a	DI31
325.4560000000	n/a	n/a	STATUS	n/a	n/a	D255
325.7120000000	n/a	n/a	STATUS	n/a	n/a	DIN5
325.7640000000	n/a	n/a	STATUS	n/a	n/a	D255
326.1520000000	n/a	n/a	STATUS	n/a	n/a	DI97
326.2040000000	n/a	n/a	STATUS	n/a	n/a	D255
326.2400000000	n/a	n/a	STATUS	n/a	n/a	DI52
326.2920000000	n/a	n/a	STATUS	n/a	n/a	D255
326.5840000000	n/a	n/a	STATUS	n/a	n/a	DI42
326.6360000000	n/a	n/a	STATUS	n/a	n/a	D255
326.8960000000	n/a	n/a	STATUS	n/a	n/a	DIN5
326.9440000000	n/a	n/a	STATUS	n/a	n/a	D255
327.2640000000	n/a	n/a	STATUS	n/a	n/a	DI90
327.3160000000	n/a	n/a	STATUS	n/a	n/a	D255
327.3520000000	n/a	n/a	STATUS	n/a	n/a	DI53
327.4040000000	n/a	n/a	STATUS	n/a	n/a	D255
327.6720000000	n/a	n/a	STATUS	n/a	n/a	DI43
327.7240000000	n/a	n/a	STATUS	n/a	n/a	D255
327.9800000000	n/a	n/a	STATUS	n/a	n/a	DIN5
328.0320000000	n/a	n/a	STATUS	n/a	n/a	D255
328.4800000000	n/a	n/a	STATUS	n/a	n/a	DI96
328.5320000000	n/a	n/a	STATUS	n/a	n/a	D255
328.5680000000	n/a	n/a	STATUS	n/a	n/a	DI52
328.6200000000	n/a	n/a	STATUS	n/a	n/a	D255
328.9080000000	n/a	n/a	STATUS	n/a	n/a	DI42
328.9560000000	n/a	n/a	STATUS	n/a	n/a	D255
329.2160000000	n/a	n/a	STATUS	n/a	n/a	DIN5
329.2680000000	n/a	n/a	STATUS	n/a	n/a	D255
329.7080000000	n/a	n/a	STATUS	n/a	n/a	D112
329.7560000000	n/a	n/a	STATUS	n/a	n/a	D255
329.7960000000	n/a	n/a	STATUS	n/a	n/a	DI51
329.8440000000	n/a	n/a	STATUS	n/a	n/a	D255
330.0400000000	n/a	n/a	STATUS	n/a	n/a	DI21
330.0920000000	n/a	n/a	STATUS	n/a	n/a	D255
330.0960000000	n/a	n/a	STATUS	n/a	n/a	DIN4
330.1440000000	n/a	n/a	STATUS	n/a	n/a	D255
330.9000000000	n/a	n/a	STATUS	n/a	n/a	DIN5
330.9480000000	n/a	n/a	STATUS	n/a	n/a	D255
331.3680000000	n/a	n/a	STATUS	n/a	n/a	D203
331.4200000000	n/a	n/a	STATUS	n/a	n/a	D255
331.4600000000	n/a	n/a	STATUS	n/a	n/a	DI51
331.5080000000	n/a	n/a	STATUS	n/a	n/a	D255
332.0000000000	n/a	n/a	STATUS	n/a	n/a	DI31
332.0520000000	n/a	n/a	STATUS	n/a	n/a	D255
332.3080000000	n/a	n/a	STATUS	n/a	n/a	DIN5
332.3600000000	n/a	n/a	STATUS	n/a	n/a	D255
332.8640000000	n/a	n/a	STATUS	n/a	n/a	D123
332.9160000000	n/a	n/a	STATUS	n/a	n/a	D255
332.9520000000	n/a	n/a	STATUS	n/a	n/a	DI52
333.0040000000	n/a	n/a	STATUS	n/a	n/a	D255
333.2880000000	n/a	n/a	STATUS	n/a	n/a	DI42
333.3400000000	n/a	n/a	STATUS	n/a	n/a	D255
333.6000000000	n/a	n/a	STATUS	n/a	n/a	DIN5
333.6480000000	n/a	n/a	STATUS	n/a	n/a	D255
334.1040000000	n/a	n/a	STATUS	n/a	n/a	D122
334.1520000000	n/a	n/a	STATUS	n/a	n/a	D255
334.1920000000	n/a	n/a	STATUS	n/a	n/a	DI53
334.2400000000	n/a	n/a	STATUS	n/a	n/a	D255
334.4640000000	n/a	n/a	STATUS	n/a	n/a	DI43
334.5120000000	n/a	n/a	STATUS	n/a	n/a	D255
334.7720000000	n/a	n/a	STATUS	n/a	n/a	DIN5
334.8240000000	n/a	n/a	STATUS	n/a	n/a	D255
335.1360000000	n/a	n/a	STATUS	n/a	n/a	D251
335.1880000000	n/a	n/a	STATUS	n/a	n/a	D255
335.2280000000	n/a	n/a	STATUS	n/a	n/a	DI51
335.2760000000	n/a	n/a	STATUS	n/a	n/a	D255
335.6000000000	n/a	n/a	STATUS	n/a	n/a	DI31
335.6480000000	n/a	n/a	STATUS	n/a	n/a	D255
335.9080000000	n/a	n/a	STATUS	n/a	n/a	DIN5
335.9600000000	n/a	n/a	STATUS	n/a	n/a	D255
336.3640000000	n/a	n/a	STATUS	n/a	n/a	D154
336.4160000000	n/a	n/a	STATUS	n/a	n/a	D255
336.4520000000	n/a	n/a	STATUS	n/a	n/a	DI53
336.5040000000	n/a	n/a	STATUS	n/a	n/a	D255
336.7720000000	n/a	n/a	STATUS	n/a	n/a	DI43
336.8240000000	n/a	n/a	STATUS	n/a	n/a	D255
337.0800000000	n/a	n/a	STATUS	n/a	n/a	DIN5
337.1320000000	n/a	n/a	STATUS	n/a	n/a	D255
337.6120000000	n/a	n/a	STATUS	n/a	n/a	D198
337.6600000000	n/a	n/a	STATUS	n/a	n/a	D255
337.7000000000	n/a	n/a	STATUS	n/a	n/a	DI53
337.7480000000	n/a	n/a	STATUS	n/a	n/a	D255
337.9320000000	n/a	n/a	STATUS	n/a	n/a	DI43
337.9840000000	n/a	n/a	STATUS	n/a	n/a	D255
338.2440000000	n/a	n/a	STATUS	n/a	n/a	DIN5
338.2920000000	n/a	n/a	STATUS	n/a	n/a	D255
338.6480000000	n/a	n/a	STATUS	n/a	n/a	D199
338.6960000000	n/a	n/a	STATUS	n/a	n/a	D255
338.7360000000	n/a	n/a	STATUS	n/a	n/a	DI51
338.7840000000	n/a	n/a	STATUS	n/a	n/a	D255
339.0360000000	n/a	n/a	STATUS	n/a	n/a	DI21
339.0840000000	n/a	n/a	STATUS	n/a	n/a	D255
339.0920000000	n/a	n/a	STATUS	n/a	n/a	DIN4
339.1400000000	n/a	n/a	STATUS	n/a	n/a	D255
339.8960000000	n/a	n/a	STATUS	n/a	n/a	DIN5
339.9440000000	n/a	n/a	STATUS	n/a	n/a	D255
340.3240000000	n/a	n/a	STATUS	n/a	n/a	D229
340.3760000000	n/a	n/a	STATUS	n/a	n/a	D255
340.4120000000	n/a	n/a	STATUS	n/a	n/a	DI53
340.4640000000	n/a	n/a	STATUS	n/a	n/a	D255
340.7320000000	n/a	n/a	STATUS	n/a	n/a	DI43
340.7800000000	n/a	n/a	STATUS	n/a	n/a	D255
341.0400000000	n/a	n/a	STATUS	n/a	n/a	DIN5
341.0880000000	n/a	n/a	STATUS	n/a	n/a	D255
341.5560000000	n/a	n/a	STATUS	n/a	n/a	D128
341.6040000000	n/a	n/a	STATUS	n/a	n/a	D255
341.6440000000	n/a	n/a	STATUS	n/a	n/a	DI54
341.6920000000	n/a	n/a	STATUS	n/a	n/a	D255
341.8760000000	n/a	n/a	STATUS	n/a	n/a	DI34
341.9280000000	n/a	n/a	STATUS	n/a	n/a	D255
342.1840000000	n/a	n/a	STATUS	n/a	n/a	DIN5
342.2360000000	n/a	n/a	STATUS	n/a	n/a	D255
342.6200000000	n/a	n/a	STATUS	n/a	n/a	D166
342.6680000000	n/a	n/a	STATUS	n/a	n/a	D255
342.7080000000	n/a	n/a	STATUS	n/a	n/a	DI52
342.7560000000	n/a	n/a	STATUS	n/a	n/a	D255
343.0560000000	n/a	n/a	STATUS	n/a	n/a	DI42
343.1040000000	n/a	n/a	STATUS	n/a	n/a	D255
343.3640000000	n/a	n/a	STATUS	n/a	n/a	DIN5
343.4120000000	n/a	n/a	STATUS	n/a	n/a	D255
343.8640000000	n/a	n/a	STATUS	n/a	n/a	D140
343.9120000000	n/a	n/a	STATUS	n/a	n/a	D255
343.9520000000	n/a	n/a	STATUS	n/a	n/a	DI53
344.0000000000	n/a	n/a	STATUS	n/a	n/a	D255
344.2240000000	n/a	n/a	STATUS	n/a	n/a	DI43
344.2720000000	n/a	n/a	STATUS	n/a	n/a	D255
344.5320000000	n/a	n/a	STATUS	n/a	n/a	DIN5
344.5840000000	n/a	n/a	STATUS	n/a	n/a	D255
344.9280000000	n/a	n/a	STATUS	n/a	n/a	D152
344.9760000000	n/a	n/a	STATUS	n/a	n/a	D255
345.0160000000	n/a	n/a	STATUS	n/a	n/a	DI54
345.0640000000	n/a	n/a	STATUS	n/a	n/a	D255
345.3600000000	n/a	n/a	STATUS	n/a	n/a	DI34
345.4080000000	n/a	n/a	STATUS	n/a	n/a	D255
345.6680000000	n/a	n/a	STATUS	n/a	n/a	DIN5
345.7200000000	n/a	n/a	STATUS	n/a	n/a	D255
346.2240000000	n/a	n/a	STATUS	n/a	n/a	D197
346.2720000000	n/a	n/a	STATUS	n/a	n/a	D255
346.3120000000	n/a	n/a	STATUS	n/a	n/a	DI53
346.3600000000	n/a	n/a	STATUS	n/a	n/a	D255
346.5240000000	n/a	n/a	STATUS	n/a	n/a	DI43
346.5760000000	n/a	n/a	STATUS	n/a	n/a	D255
346.8360000000	n/a	n/a	STATUS	n/a	n/a	DIN5
346.8840000000	n/a	n/a	STATUS	n/a	n/a	D255
347.2280000000	n/a	n/a	STATUS	n/a	n/a	D215
347.2800000000	n/a	n/a	STATUS	n/a	n/a	D255
347.3160000000	n/a	n/a	STATUS	n/a	n/a	DI53
347.3680000000	n/a	n/a	STATUS	n/a	n/a	D255
347.5840000000	n/a	n/a	STATUS	n/a	n/a	DI43
347.6360000000	n/a	n/a	STATUS	n/a	n/a	D255
347.8960000000	n/a	n/a	STATUS	n/a	n/a	DIN5
347.9440000000	n/a	n/a	STATUS	n/a	n/a	D255
348.2760000000	n/a	n/a	STATUS	n/a	n/a	DI86
348.3240000000	n/a	n/a	STATUS	n/a	n/a	D255
348.3600000000	n/a	n/a	STATUS	n/a	n/a	DI54
348.4120000000	n/a	n/a	STATUS	n/a	n/a	D255
348.5880000000	n/a	n/a	STATUS	n/a	n/a	DI34
348.6400000000	n/a	n/a	STATUS	n/a	n/a	D255
348.9000000000	n/a	n/a	STATUS	n/a	n/a	DIN5
348.9480000000	n/a	n/a	STATUS	n/a	n/a	D255
349.4040000000	n/a	n/a	STATUS	n/a	n/a	D206
349.4560000000	n/a	n/a	STATUS	n/a	n/a	D255
349.4920000000	n/a	n/a	STATUS	n/a	n/a	DI54
349.5440000000	n/a	n/a	STATUS	n/a	n/a	D255
349.7360000000	n/a	n/a	STATUS	n/a	n/a	DI24
349.7840000000	n/a	n/a	STATUS	n/a	n/a	D255
349.7920000000	n/a	n/a	STATUS	n/a	n/a	DIN4
349.8400000000	n/a	n/a	STATUS	n/a	n/a	D255
350.5960000000	n/a	n/a	STATUS	n/a	n/a	DIN5
350.6440000000	n/a	n/a	STATUS	n/a	n/a	D255
351.1320000000	n/a	n/a	STATUS	n/a	n/a	DI69
351.1800000000	n/a	n/a	STATUS	n/a	n/a	D255
351.2200000000	n/a	n/a	STATUS	n/a	n/a	DI52
351.2680000000	n/a	n/a	STATUS	n/a	n/a	D255
351.5600000000	n/a	n/a	STATUS	n/a	n/a	DI42
351.6120000000	n/a	n/a	STATUS	n/a	n/a	D255
351.8680000000	n/a	n/a	STATUS	n/a	n/a	DIN5
351.9200000000	n/a	n/a	STATUS	n/a	n/a	D255
352.2680000000	n/a	n/a	STATUS	n/a	n/a	D162
352.3200000000	n/a	n/a	STATUS	n/a	n/a	D255
352.3560000000	n/a	n/a	STATUS	n/a	n/a	DI52
352.4080000000	n/a	n/a	STATUS	n/a	n/a	D255
352.6080000000	n/a	n/a	STATUS	n/a	n/a	DI12
352.6560000000	n/a	n/a	STATUS	n/a	n/a	D255
352.6600000000	n/a	n/a	STATUS	n/a	n/a	DIN4
352.7120000000	n/a	n/a	STATUS	n/a	n/a	D255
353.4680000000	n/a	n/a	STATUS	n/a	n/a	DIN5
353.5160000000	n/a	n/a	STATUS	n/a	n/a	D255
354.0040000000	n/a	n/a	STATUS	n/a	n/a	D193
354.0520000000	n/a	n/a	STATUS	n/a	n/a	D255
354.0880000000	n/a	n/a	STATUS	n/a	n/a	DI53
354.1400000000	n/a	n/a	STATUS	n/a	n/a	D255
354.3840000000	n/a	n/a	STATUS	n/a	n/a	DI43
354.4360000000	n/a	n/a	STATUS	n/a	n/a	D255
354.6920000000	n/a	n/a	STATUS	n/a	n/a	DIN5
354.7440000000	n/a	n/a	STATUS	n/a	n/a	D255
355.1800000000	n/a	n/a	STATUS	n/a	n/a	D148
355.2280000000	n/a	n/a	STATUS	n/a	n/a	D255
355.2680000000	n/a	n/a	STATUS	n/a	n/a	DI52
355.3160000000	n/a	n/a	STATUS	n/a	n/a	D255
355.5160000000	n/a	n/a	STATUS	n/a	n/a	DI12
355.5680000000	n/a	n/a	STATUS	n/a	n/a	D255
355.5720000000	n/a	n/a	STATUS	n/a	n/a	DIN4
355.6240000000	n/a	n/a	STATUS	n/a	n/a	D255
356.3760000000	n/a	n/a	STATUS	n/a	n/a	DIN5
356.4280000000	n/a	n/a	STATUS	n/a	n/a	D255
356.7440000000	n/a	n/a	STATUS	n/a	n/a	D228
356.7920000000	n/a	n/a	STATUS	n/a	n/a	D255
356.8320000000	n/a	n/a	STATUS	n/a	n/a	DI52
356.8800000000	n/a	n/a	STATUS	n/a	n/a	D255
357.1760000000	n/a	n/a	STATUS	n/a	n/a	DI42
357.2280000000	n/a	n/a	STATUS	n/a	n/a	D255
357.4840000000	n/a	n/a	STATUS	n/a	n/a	DIN5
357.5360000000	n/a	n/a	STATUS	n/a	n/a	D255
357.8440000000	n/a	n/a	STATUS	n/a	n/a	D168
357.8960000000	n/a	n/a	STATUS	n/a	n/a	D255
357.9320000000	n/a	n/a	STATUS	n/a	n/a	DI54
357.9840000000	n/a	n/a	STATUS	n/a	n/a	D255
358.2840000000	n/a	n/a	STATUS	n/a	n/a	DI34
358.3360000000	n/a	n/a	STATUS	n/a	n/a	D255
358.5960000000	n/a	n/a	STATUS	n/a	n/a	DIN5
358.6440000000	n/a	n/a	STATUS	n/a	n/a	D255
359.0520000000	n/a	n/a	STATUS	n/a	n/a	D200
359.1000000000	n/a	n/a	STATUS	n/a	n/a	D255
359.1360000000	n/a	n/a	STATUS	n/a	n/a	DI51
359.1880000000	n/a	n/a	STATUS	n/a	n/a	D255
359.3600000000	n/a	n/a	STATUS	n/a	n/a	DI21
359.4120000000	n/a	n/a	STATUS	n/a	n/a	D255
359.4160000000	n/a	n/a	STATUS	n/a	n/a	DIN4
359.4680000000	n/a	n/a	STATUS	n/a	n/a	D255
360.2240000000	n/a	n/a	STATUS	n/a	n/a	DIN5
360.2720000000	n/a	n/a	STATUS	n/a	n/a	D255
360.6280000000	n/a	n/a	STATUS	n/a	n/a	DI70
360.6760000000	n/a	n/a	STATUS	n/a	n/a	D255
360.7160000000	n/a	n/a	STATUS	n/a	n/a	DI54
360.7640000000	n/a	n/a	STATUS	n/a	n/a	D255
361.0400000000	n/a	n/a	STATUS	n/a	n/a	DI34
361.0920000000	n/a	n/a	STATUS	n/a	n/a	D255
361.3480000000	n/a	n/a	STATUS	n/a	n/a	DIN5
361.4000000000	n/a	n/a	STATUS	n/a	n/a	D255
361.7080000000	n/a	n/a	STATUS	n/a	n/a	D135
361.7600000000	n/a	n/a	STATUS	n/a	n/a	D255
361.7960000000	n/a	n/a	STATUS	n/a	n/a	DI54
361.8480000000	n/a	n/a	STATUS	n/a	n/a	D255
362.0800000000	n/a	n/a	STATUS	n/a	n/a	DI34
362.1280000000	n/a	n/a	STATUS	n/a	n/a	D255
362.3880000000	n/a	n/a	STATUS	n/a	n/a	DIN5
362.4400000000	n/a	n/a	STATUS	n/a	n/a	D255
362.8840000000	n/a	n/a	STATUS	n/a	n/a	D158
362.9320000000	n/a	n/a	STATUS	n/a	n/a	D255
362.9720000000	n/a	n/a	STATUS	n/a	n/a	DI54
363.0200000000	n/a	n/a	STATUS	n/a	n/a	D255
363.2520000000	n/a	n/a	STATUS	n/a	n/a	DI34
363.3040000000	n/a	n/a	STATUS	n/a	n/a	D255
363.5640000000	n/a	n/a	STATUS	n/a	n/a	DIN5
363.6120000000	n/a	n/a	STATUS	n/a	n/a	D255
364.0800000000	n/a	n/a	STATUS	n/a	n/a	D227
364.1280000000	n/a	n/a	STATUS	n/a	n/a	D255
364.1640000000	n/a	n/a	STATUS	n/a	n/a	DI54
364.2160000000	n/a	n/a	STATUS	n/a	n/a	D255
364.4080000000	n/a	n/a	STATUS	n/a	n/a	DI34
364.4600000000	n/a	n/a	STATUS	n/a	n/a	D255
364.7200000000	n/a	n/a	STATUS	n/a	n/a	DIN5
364.7680000000	n/a	n/a	STATUS	n/a	n/a	D255
365.2040000000	n/a	n/a	STATUS	n/a	n/a	D239
365.2520000000	n/a	n/a	STATUS	n/a	n/a	D255
365.2920000000	n/a	n/a	STATUS	n/a	n/a	DI53
365.3400000000	n/a	n/a	STATUS	n/a	n/a	D255
365.5400000000	n/a	n/a	STATUS	n/a	n/a	DI43
365.5920000000	n/a	n/a	STATUS	n/a	n/a	D255
365.8520000000	n/a	n/a	STATUS	n/a	n/a	DIN5
365.9000000000	n/a	n/a	STATUS	n/a	n/a	D255
366.3480000000	n/a	n/a	STATUS	n/a	n/a	D105
366.3960000000	n/a	n/a	STATUS	n/a	n/a	D255
366.4360000000	n/a	n/a	STATUS	n/a	n/a	DI54
366.4840000000	n/a	n/a	STATUS	n/a	n/a	D255
366.6880000000	n/a	n/a	STATUS	n/a	n/a	DI34
366.7400000000	n/a	n/a	STATUS	n/a	n/a	D255
366.9960000000	n/a	n/a	STATUS	n/a	n/a	DIN5
367.0480000000	n/a	n/a	STATUS	n/a	n/a	D255
367.4720000000	n/a	n/a	STATUS	n/a	n/a	D177
367.5240000000	n/a	n/a	STATUS	n/a	n/a	D255
367.5600000000	n/a	n/a	STATUS	n/a	n/a	DI53
367.6120000000	n/a	n/a	STATUS	n/a	n/a	D255
367.7680000000	n/a	n/a	STATUS	n/a	n/a	DI43
367.8160000000	n/a	n/a	STATUS	n/a	n/a	D255
368.0760000000	n/a	n/a	STATUS	n/a	n/a	DIN5
368.1280000000	n/a	n/a	STATUS	n/a	n/a	D255
368.5760000000	n/a	n/a	STATUS	n/a	n/a	D208
368.6280000000	n/a	n/a	STATUS	n/a	n/a	D255
368.6640000000	n/a	n/a	STATUS	n/a	n/a	DI51
368.7120000000	n/a	n/a	STATUS	n/a	n/a	D255
368.9000000000	n/a	n/a	STATUS	n/a	n/a	DI21
368.9520000000	n/a	n/a	STATUS	n/a	n/a	D255
368.9560000000	n/a	n/a	STATUS	n/a	n/a	DIN4
369.0040000000	n/a	n/a	STATUS	n/a	n/a	D255
369.7600000000	n/a	n/a	STATUS	n/a	n/a	DIN5
369.8120000000	n/a	n/a	STATUS	n/a	n/a	D255
370.2800000000	n/a	n/a	STATUS	n/a	n/a	DI79
370.3320000000	n/a	n/a	STATUS	n/a	n/a	D255
370.3680000000	n/a	n/a	STATUS	n/a	n/a	DI52
370.4200000000	n/a	n/a	STATUS	n/a	n/a	D255
370.7160000000	n/a	n/a	STATUS	n/a	n/a	DI42
370.7640000000	n/a	n/a	STATUS	n/a	n/a	D255
371.0240000000	n/a	n/a	STATUS	n/a	n/a	DIN5
371.0760000000	n/a	n/a	STATUS	n/a	n/a	D255
371.4280000000	n/a	n/a	STATUS	n/a	n/a	D195
371.4800000000	n/a	n/a	STATUS	n/a	n/a	D255
371.5160000000	n/a	n/a	STATUS	n/a	n/a	DI51
371.5680000000	n/a	n/a	STATUS	n/a	n/a	D255
371.8920000000	n/a	n/a	STATUS	n/a	n/a	DI31
371.9400000000	n/a	n/a	STATUS	n/a	n/a	D255
372.2000000000	n/a	n/a	STATUS	n/a	n/a	DIN5
372.2520000000	n/a	n/a	STATUS	n/a	n/a	D255
372.6720000000	n/a	n/a	STATUS	n/a	n/a	D180
372.7200000000	n/a	n/a	STATUS	n/a	n/a	D255
372.7600000000	n/a	n/a	STATUS	n/a	n/a	DI52
372.8080000000	n/a	n/a	STATUS	n/a	n/a	D255
373.0920000000	n/a	n/a	STATUS	n/a	n/a	DI42
373.1440000000	n/a	n/a	STATUS	n/a	n/a	D255
373.4000000000	n/a	n/a	STATUS	n/a	n/a	DIN5
373.4520000000	n/a	n/a	STATUS	n/a	n/a	D255
373.8400000000	n/a	n/a	STATUS	n/a	n/a	DI92
373.8920000000	n/a	n/a	STATUS	n/a	n/a	D255
373.9280000000	n/a	n/a	STATUS	n/a	n/a	DI51
373.9800000000	n/a	n/a	STATUS	n/a	n/a	D255
374.1920000000	n/a	n/a	STATUS	n/a	n/a	DI21
374.2400000000	n/a	n/a	STATUS	n/a	n/a	D255
374.2440000000	n/a	n/a	STATUS	n/a	n/a	DIN4
374.2960000000	n/a	n/a	STATUS	n/a	n/a	D255
375.0520000000	n/a	n/a	STATUS	n/a	n/a	DIN5
375.1000000000	n/a	n/a	STATUS	n/a	n/a	D255
375.5400000000	n/a	n/a	STATUS	n/a	n/a	D201
375.5920000000	n/a	n/a	STATUS	n/a	n/a	D255
375.6280000000	n/a	n/a	STATUS	n/a	n/a	DI52
375.6800000000	n/a	n/a	STATUS	n/a	n/a	D255
375.9840000000	n/a	n/a	STATUS	n/a	n/a	DI12
376.0360000000	n/a	n/a	STATUS	n/a	n/a	D255
376.0400000000	n/a	n/a	STATUS	n/a	n/a	DIN4
376.0920000000	n/a	n/a	STATUS	n/a	n/a	D255
376.8440000000	n/a	n/a	STATUS	n/a	n/a	DIN5
376.8960000000	n/a	n/a	STATUS	n/a	n/a	D255
377.2480000000	n/a	n/a	STATUS	n/a	n/a	DI74
377.3000000000	n/a	n/a	STATUS	n/a	n/a	D255
377.3400000000	n/a	n/a	STATUS	n/a	n/a	DI53
377.3880000000	n/a	n/a	STATUS	n/a	n/a	D255
377.7200000000	n/a	n/a	STATUS	n/a	n/a	DI43
377.7680000000	n/a	n/a	STATUS	n/a	n/a	D255
378.0280000000	n/a	n/a	STATUS	n/a	n/a	DIN5
378.0800000000	n/a	n/a	STATUS	n/a	n/a	D255
378.5720000000	n/a	n/a	STATUS	n/a	n/a	D131
378.6240000000	n/a	n/a	STATUS	n/a	n/a	D255
378.6600000000	n/a	n/a	STATUS	n/a	n/a	DI52
378.7120000000	n/a	n/a	STATUS	n/a	n/a	D255
378.9200000000	n/a	n/a	STATUS	n/a	n/a	DI12
378.9680000000	n/a	n/a	STATUS	n/a	n/a	D255
378.9760000000	n/a	n/a	STATUS	n/a	n/a	DIN4
379.0240000000	n/a	n/a	STATUS	n/a	n/a	D255
379.7800000000	n/a	n/a	STATUS	n/a	n/a	DIN5
379.8280000000	n/a	n/a	STATUS	n/a	n/a	D239
379.8320000000	n/a	n/a	STATUS	n/a	n/a	D255
380.2640000000	n/a	n/a	STATUS	n/a	n/a	D216
380.3160000000	n/a	n/a	STATUS	n/a	n/a	D255
380.3520000000	n/a	n/a	STATUS	n/a	n/a	DI52
380.4040000000	n/a	n/a	STATUS	n/a	n/a	D255
380.7120000000	n/a	n/a	STATUS	n/a	n/a	DI42
380.7640000000	n/a	n/a	STATUS	n/a	n/a	D255
381.0240000000	n/a	n/a	STATUS	n/a	n/a	DIN5
381.0720000000	n/a	n/a	STATUS	n/a	n/a	D255
381.3880000000	n/a	n/a	STATUS	n/a	n/a	DI66
381.4360000000	n/a	n/a	STATUS	n/a	n/a	D255
381.4760000000	n/a	n/a	STATUS	n/a	n/a	DI51
381.5240000000	n/a	n/a	STATUS	n/a	n/a	D255
381.8520000000	n/a	n/a	STATUS	n/a	n/a	DI31
381.9000000000	n/a	n/a	STATUS	n/a	n/a	D255
432.2360000000	n/a	n/a	STATUS	n/a	n/a	DIN5
432.2880000000	n/a	n/a	STATUS	n/a	n/a	D255
432.6720000000	n/a	n/a	STATUS	n/a	n/a	D196
432.7200000000	n/a	n/a	STATUS	n/a	n/a	D255
432.7600000000	n/a	n/a	STATUS	n/a	n/a	DI53
432.8120000000	n/a	n/a	STATUS	n/a	n/a	D255
433.0640000000	n/a	n/a	STATUS	n/a	n/a	DI43
433.1160000000	n/a	n/a	STATUS	n/a	n/a	D255
433.3760000000	n/a	n/a	STATUS	n/a	n/a	DIN5
433.4240000000	n/a	n/a	STATUS	n/a	n/a	D255
433.8080000000	n/a	n/a	STATUS	n/a	n/a	D140
433.8600000000	n/a	n/a	STATUS	n/a	n/a	D255
433.8960000000	n/a	n/a	STATUS	n/a	n/a	DI54
433.9480000000	n/a	n/a	STATUS	n/a	n/a	D255
434.2120000000	n/a	n/a	STATUS	n/a	n/a	DI34
434.2600000000	n/a	n/a	STATUS	n/a	n/a	D255
434.5200000000	n/a	n/a	STATUS	n/a	n/a	DIN5
434.5680000000	n/a	n/a	STATUS	n/a	n/a	D255
434.9080000000	n/a	n/a	STATUS	n/a	n/a	D188
434.9600000000	n/a	n/a	STATUS	n/a	n/a	D255
434.9960000000	n/a	n/a	STATUS	n/a	n/a	DI52
435.0480000000	n/a	n/a	STATUS	n/a	n/a	D255
435.3320000000	n/a	n/a	STATUS	n/a	n/a	DI42
435.3840000000	n/a	n/a	STATUS	n/a	n/a	D255
435.6440000000	n/a	n/a	STATUS	n/a	n/a	DIN5
435.6920000000	n/a	n/a	STATUS	n/a	n/a	D255
436.1240000000	n/a	n/a	STATUS	n/a	n/a	DI71
436.1720000000	n/a	n/a	STATUS	n/a	n/a	D255
436.2120000000	n/a	n/a	STATUS	n/a	n/a	DI51
436.2600000000	n/a	n/a	STATUS	n/a	n/a	D255
436.4720000000	n/a	n/a	STATUS	n/a	n/a	DI21
436.5240000000	n/a	n/a	STATUS	n/a	n/a	D255
436.5280000000	n/a	n/a	STATUS	n/a	n/a	DIN4
436.5760000000	n/a	n/a	STATUS	n/a	n/a	D255
437.3320000000	n/a	n/a	STATUS	n/a	n/a	DIN5
437.3840000000	n/a	n/a	STATUS	n/a	n/a	D255
437.7240000000	n/a	n/a	STATUS	n/a	n/a	D206
437.7760000000	n/a	n/a	STATUS	n/a	n/a	D255
437.8160000000	n/a	n/a	STATUS	n/a	n/a	DI54
437.8640000000	n/a	n/a	STATUS	n/a	n/a	D255
438.1120000000	n/a	n/a	STATUS	n/a	n/a	DI34
438.1640000000	n/a	n/a	STATUS	n/a	n/a	D255
438.4200000000	n/a	n/a	STATUS	n/a	n/a	DIN5
438.4720000000	n/a	n/a	STATUS	n/a	n/a	D255
438.9760000000	n/a	n/a	STATUS	n/a	n/a	D245
439.0280000000	n/a	n/a	STATUS	n/a	n/a	D255
439.0640000000	n/a	n/a	STATUS	n/a	n/a	DI54
439.1160000000	n/a	n/a	STATUS	n/a	n/a	D255
439.3520000000	n/a	n/a	STATUS	n/a	n/a	DI34
439.4040000000	n/a	n/a	STATUS	n/a	n/a	D255
439.6640000000	n/a	n/a	STATUS	n/a	n/a	DIN5
439.7120000000	n/a	n/a	STATUS	n/a	n/a	D255
440.1080000000	n/a	n/a	STATUS	n/a	n/a	D118
440.1600000000	n/a	n/a	STATUS	n/a	n/a	D255
440.1960000000	n/a	n/a	STATUS	n/a	n/a	DI54
440.2440000000	n/a	n/a	STATUS	n/a	n/a	D255
440.4680000000	n/a	n/a	STATUS	n/a	n/a	DI34
440.5160000000	n/a	n/a	STATUS	n/a	n/a	D255
440.7760000000	n/a	n/a	STATUS	n/a	n/a	DIN5
440.8280000000	n/a	n/a	STATUS	n/a	n/a	D255
441.1400000000	n/a	n/a	STATUS	n/a	n/a	D107
441.1920000000	n/a	n/a	STATUS	n/a	n/a	D255
441.2280000000	n/a	n/a	STATUS	n/a	n/a	DI52
441.2760000000	n/a	n/a	STATUS	n/a	n/a	D255
441.5640000000	n/a	n/a	STATUS	n/a	n/a	DI42
441.6120000000	n/a	n/a	STATUS	n/a	n/a	D255
441.8720000000	n/a	n/a	STATUS	n/a	n/a	DIN5
441.9240000000	n/a	n/a	STATUS	n/a	n/a	D255
442.3720000000	n/a	n/a	STATUS	n/a	n/a	D223
442.4240000000	n/a	n/a	STATUS	n/a	n/a	D255
442.4600000000	n/a	n/a	STATUS	n/a	n/a	DI54
442.5120000000	n/a	n/a	STATUS	n/a	n/a	D255
442.7560000000	n/a	n/a	STATUS	n/a	n/a	DI34
442.8080000000	n/a	n/a	STATUS	n/a	n/a	D255
443.0640000000	n/a	n/a	STATUS	n/a	n/a	DIN5
443.1160000000	n/a	n/a	STATUS	n/a	n/a	D255
443.5400000000	n/a	n/a	STATUS	n/a	n/a	DI81
443.5880000000	n/a	n/a	STATUS	n/a	n/a	D255
443.6280000000	n/a	n/a	STATUS	n/a	n/a	DI52
443.6760000000	n/a	n/a	STATUS	n/a	n/a	D255
443.9600000000	n/a	n/a	STATUS	n/a	n/a	DI42
444.0080000000	n/a	n/a	STATUS	n/a	n/a	D255
444.2720000000	n/a	n/a	STATUS	n/a	n/a	DIN5
444.3200000000	n/a	n/a	STATUS	n/a	n/a	D255
444.8040000000	n/a	n/a	STATUS	n/a	n/a	D234
444.8560000000	n/a	n/a	STATUS	n/a	n/a	D255
444.8920000000	n/a	n/a	STATUS	n/a	n/a	DI52
444.9440000000	n/a	n/a	STATUS	n/a	n/a	D255
445.2600000000	n/a	n/a	STATUS	n/a	n/a	DI42
445.3080000000	n/a	n/a	STATUS	n/a	n/a	D255
445.5680000000	n/a	n/a	STATUS	n/a	n/a	DIN5
445.6200000000	n/a	n/a	STATUS	n/a	n/a	D255
446.1040000000	n/a	n/a	STATUS	n/a	n/a	D227
446.1560000000	n/a	n/a	STATUS	n/a	n/a	D255
446.1920000000	n/a	n/a	STATUS	n/a	n/a	DI53
446.2440000000	n/a	n/a	STATUS	n/a	n/a	D255
446.4960000000	n/a	n/a	STATUS	n/a	n/a	DI43
446.5440000000	n/a	n/a	STATUS	n/a	n/a	D255
446.8040000000	n/a	n/a	STATUS	n/a	n/a	DIN5
446.8560000000	n/a	n/a	STATUS	n/a	n/a	D255
447.2720000000	n/a	n/a	STATUS	n/a	n/a	D113
447.3200000000	n/a	n/a	STATUS	n/a	n/a	D255
447.3560000000	n/a	n/a	STATUS	n/a	n/a	DI51
447.4080000000	n/a	n/a	STATUS	n/a	n/a	D255
447.7240000000	n/a	n/a	STATUS	n/a	n/a	DI31
447.7760000000	n/a	n/a	STATUS	n/a	n/a	D255
448.0360000000	n/a	n/a	STATUS	n/a	n/a	DIN5
448.0840000000	n/a	n/a	STATUS	n/a	n/a	D255
448.5400000000	n/a	n/a	STATUS	n/a	n/a	D122
448.5880000000	n/a	n/a	STATUS	n/a	n/a	D255
448.6280000000	n/a	n/a	STATUS	n/a	n/a	DI53
448.6760000000	n/a	n/a	STATUS	n/a	n/a	D255
448.8680000000	n/a	n/a	STATUS	n/a	n/a	DI43
448.9200000000	n/a	n/a	STATUS	n/a	n/a	D255
449.1800000000	n/a	n/a	STATUS	n/a	n/a	DIN5
449.2280000000	n/a	n/a	STATUS	n/a	n/a	D255
449.5800000000	n/a	n/a	STATUS	n/a	n/a	D142
449.6280000000	n/a	n/a	STATUS	n/a	n/a	D255
449.6640000000	n/a	n/a	STATUS	n/a	n/a	DI52
449.7160000000	n/a	n/a	STATUS	n/a	n/a	D255
449.9800000000	n/a	n/a	STATUS	n/a	n/a	DI42
450.0320000000	n/a	n/a	STATUS	n/a	n/a	D255
450.2920000000	n/a	n/a	STATUS	n/a	n/a	DIN5
450.3400000000	n/a	n/a	STATUS	n/a	n/a	D255
450.7000000000	n/a	n/a	STATUS	n/a	n/a	DI91
450.7520000000	n/a	n/a	STATUS	n/a	n/a	D255
450.7880000000	n/a	n/a	STATUS	n/a	n/a	DI52
450.8400000000	n/a	n/a	STATUS	n/a	n/a	D255
451.1560000000	n/a	n/a	STATUS	n/a	n/a	DI42
451.2080000000	n/a	n/a	STATUS	n/a	n/a	D255
451.4640000000	n/a	n/a	STATUS	n/a	n/a	DIN5
451.5160000000	n/a	n/a	STATUS	n/a	n/a	D255
451.9960000000	n/a	n/a	STATUS	n/a	n/a	D141
452.0440000000	n/a	n/a	STATUS	n/a	n/a	D255
452.0840000000	n/a	n/a	STATUS	n/a	n/a	DI52
452.1360000000	n/a	n/a	STATUS	n/a	n/a	D255
452.3240000000	n/a	n/a	STATUS	n/a	n/a	DI12
452.3760000000	n/a	n/a	STATUS	n/a	n/a	D255
452.3800000000	n/a	n/a	STATUS	n/a	n/a	DIN4
452.4280000000	n/a	n/a	STATUS	n/a	n/a	D255
453.1840000000	n/a	n/a	STATUS	n/a	n/a	DIN5
453.2360000000	n/a	n/a	STATUS	n/a	n/a	DI69
453.2360000000	n/a	n/a	STATUS	n/a	n/a	D255
453.5600000000	n/a	n/a	STATUS	n/a	n/a	D159
453.6080000000	n/a	n/a	STATUS	n/a	n/a	D255
453.6480000000	n/a	n/a	STATUS	n/a	n/a	DI52
453.6960000000	n/a	n/a	STATUS	n/a	n/a	D255
453.9960000000	n/a	n/a	STATUS	n/a	n/a	DI42
454.0480000000	n/a	n/a	STATUS	n/a	n/a	D255
454.3080000000	n/a	n/a	STATUS	n/a	n/a	DIN5
454.3560000000	n/a	n/a	STATUS	n/a	n/a	D255
454.8440000000	n/a	n/a	STATUS	n/a	n/a	D232
454.8960000000	n/a	n/a	STATUS	n/a	n/a	D255
454.9320000000	n/a	n/a	STATUS	n/a	n/a	DI53
454.9840000000	n/a	n/a	STATUS	n/a	n/a	D255
455.2040000000	n/a	n/a	STATUS	n/a	n/a	DI43
455.2520000000	n/a	n/a	STATUS	n/a	n/a	D255
455.5120000000	n/a	n/a	STATUS	n/a	n/a	DIN5
455.5640000000	n/a	n/a	STATUS	n/a	n/a	D255
455.8800000000	n/a	n/a	STATUS	n/a	n/a	D193
455.9320000000	n/a	n/a	STATUS	n/a	n/a	D255
455.9680000000	n/a	n/a	STATUS	n/a	n/a	DI54
456.0200000000	n/a	n/a	STATUS	n/a	n/a	D255
456.3320000000	n/a	n/a	STATUS	n/a	n/a	DI34
456.3840000000	n/a	n/a	STATUS	n/a	n/a	D255
456.6440000000	n/a	n/a	STATUS	n/a	n/a	DIN5
456.6920000000	n/a	n/a	STATUS	n/a	n/a	D255
457.0240000000	n/a	n/a	STATUS	n/a	n/a	D155
457.0720000000	n/a	n/a	STATUS	n/a	n/a	D255
457.1120000000	n/a	n/a	STATUS	n/a	n/a	DI51
457.1600000000	n/a	n/a	STATUS	n/a	n/a	D255
457.4680000000	n/a	n/a	STATUS	n/a	n/a	DI31
457.5160000000	n/a	n/a	STATUS	n/a	n/a	D255
457.7760000000	n/a	n/a	STATUS	n/a	n/a	DIN5
457.8280000000	n/a	n/a	STATUS	n/a	n/a	D255
458.2160000000	n/a	n/a	STATUS	n/a	n/a	D123
458.2680000000	n/a	n/a	STATUS	n/a	n/a	D255
458.3040000000	n/a	n/a	STATUS	n/a	n/a	DI53
458.3560000000	n/a	n/a	STATUS	n/a	n/a	D255
458.5920000000	n/a	n/a	STATUS	n/a	n/a	DI43
458.6440000000	n/a	n/a	STATUS	n/a	n/a	D255
458.9040000000	n/a	n/a	STATUS	n/a	n/a	DIN5
458.9520000000	n/a	n/a	STATUS	n/a	n/a	D255
459.3280000000	n/a	n/a	STATUS	n/a	n/a	DI89
459.3800000000	n/a	n/a	STATUS	n/a	n/a	D255
459.4160000000	n/a	n/a	STATUS	n/a	n/a	DI54
459.4640000000	n/a	n/a	STATUS	n/a	n/a	D255
459.8000000000	n/a	n/a	STATUS	n/a	n/a	DI34
459.8480000000	n/a	n/a	STATUS	n/a	n/a	D255
460.1080000000	n/a	n/a	STATUS	n/a	n/a	DIN5
460.1600000000	n/a	n/a	STATUS	n/a	n/a	D255
460.5720000000	n/a	n/a	STATUS	n/a	n/a	D199
460.6240000000	n/a	n/a	STATUS	n/a	n/a	D255
460.6600000000	n/a	n/a	STATUS	n/a	n/a	DI53
460.7120000000	n/a	n/a	STATUS	n/a	n/a	D255
460.9440000000	n/a	n/a	STATUS	n/a	n/a	DI43
460.9960000000	n/a	n/a	STATUS	n/a	n/a	D255
461.2520000000	n/a	n/a	STATUS	n/a	n/a	DIN5
461.3040000000	n/a	n/a	STATUS	n/a	n/a	D255
461.6240000000	n/a	n/a	STATUS	n/a	n/a	DI96
461.6720000000	n/a	n/a	STATUS	n/a	n/a	D255
461.7120000000	n/a	n/a	STATUS	n/a	n/a	DI51
461.7640000000	n/a	n/a	STATUS	n/a	n/a	D255
462.0960000000	n/a	n/a	STATUS	n/a	n/a	DI21
462.1480000000	n/a	n/a	STATUS	n/a	n/a	D255
462.1520000000	n/a	n/a	STATUS	n/a	n/a	DIN4
462.2000000000	n/a	n/a	STATUS	n/a	n/a	D255
462.9560000000	n/a	n/a	STATUS	n/a	n/a	DIN5
463.0080000000	n/a	n/a	STATUS	n/a	n/a	D255
463.3600000000	n/a	n/a	STATUS	n/a	n/a	DI95
463.4120000000	n/a	n/a	STATUS	n/a	n/a	D255
463.4480000000	n/a	n/a	STATUS	n/a	n/a	DI51
463.5000000000	n/a	n/a	STATUS	n/a	n/a	D255
463.8280000000	n/a	n/a	STATUS	n/a	n/a	DI31
463.8800000000	n/a	n/a	STATUS	n/a	n/a	D255
464.1360000000	n/a	n/a	STATUS	n/a	n/a	DIN5
464.1880000000	n/a	n/a	STATUS	n/a	n/a	D255
464.5080000000	n/a	n/a	STATUS	n/a	n/a	D156
464.5560000000	n/a	n/a	STATUS	n/a	n/a	D255
464.5960000000	n/a	n/a	STATUS	n/a	n/a	DI53
464.6440000000	n/a	n/a	STATUS	n/a	n/a	D255
464.9200000000	n/a	n/a	STATUS	n/a	n/a	DI43
464.9680000000	n/a	n/a	STATUS	n/a	n/a	D255
465.2280000000	n/a	n/a	STATUS	n/a	n/a	DIN5
465.2800000000	n/a	n/a	STATUS	n/a	n/a	D255
465.7640000000	n/a	n/a	STATUS	n/a	n/a	DI75
465.8120000000	n/a	n/a	STATUS	n/a	n/a	D255
465.8520000000	n/a	n/a	STATUS	n/a	n/a	DI54
465.9000000000	n/a	n/a	STATUS	n/a	n/a	D255
466.1680000000	n/a	n/a	STATUS	n/a	n/a	DI34
466.2160000000	n/a	n/a	STATUS	n/a	n/a	D255
466.4760000000	n/a	n/a	STATUS	n/a	n/a	DIN5
466.5280000000	n/a	n/a	STATUS	n/a	n/a	D255
466.8320000000	n/a	n/a	STATUS	n/a	n/a	D119
466.8800000000	n/a	n/a	STATUS	n/a	n/a	D255
466.9200000000	n/a	n/a	STATUS	n/a	n/a	DI52
466.9680000000	n/a	n/a	STATUS	n/a	n/a	D255
467.1720000000	n/a	n/a	STATUS	n/a	n/a	DI12
467.2200000000	n/a	n/a	STATUS	n/a	n/a	D255
467.2240000000	n/a	n/a	STATUS	n/a	n/a	DIN4
467.2760000000	n/a	n/a	STATUS	n/a	n/a	D255
468.0280000000	n/a	n/a	STATUS	n/a	n/a	DIN5
468.0800000000	n/a	n/a	STATUS	n/a	n/a	D255
468.5400000000	n/a	n/a	STATUS	n/a	n/a	D157
468.5880000000	n/a	n/a	STATUS	n/a	n/a	D255
468.6280000000	n/a	n/a	STATUS	n/a	n/a	DI54
468.6760000000	n/a	n/a	STATUS	n/a	n/a	D255
468.9240000000	n/a	n/a	STATUS	n/a	n/a	DI34
468.9760000000	n/a	n/a	STATUS	n/a	n/a	D255
469.2360000000	n/a	n/a	STATUS	n/a	n/a	DIN5
469.2840000000	n/a	n/a	STATUS	n/a	n/a	D255
469.6760000000	n/a	n/a	STATUS	n/a	n/a	D194
469.7240000000	n/a	n/a	STATUS	n/a	n/a	D255
469.7640000000	n/a	n/a	STATUS	n/a	n/a	DI53
469.8120000000	n/a	n/a	STATUS	n/a	n/a	D255
470.0280000000	n/a	n/a	STATUS	n/a	n/a	DI43
470.0760000000	n/a	n/a	STATUS	n/a	n/a	D255
470.3360000000	n/a	n/a	STATUS	n/a	n/a	DIN5
470.3880000000	n/a	n/a	STATUS	n/a	n/a	D255
470.7400000000	n/a	n/a	STATUS	n/a	n/a	D182
470.7920000000	n/a	n/a	STATUS	n/a	n/a	D255
470.8280000000	n/a	n/a	STATUS	n/a	n/a	DI53
470.8800000000	n/a	n/a	STATUS	n/a	n/a	D255
471.1400000000	n/a	n/a	STATUS	n/a	n/a	DI43
471.1920000000	n/a	n/a	STATUS	n/a	n/a	D255
471.4480000000	n/a	n/a	STATUS	n/a	n/a	DIN5
471.5000000000	n/a	n/a	STATUS	n/a	n/a	D255
471.9000000000	n/a	n/a	STATUS	n/a	n/a	D231
471.9480000000	n/a	n/a	STATUS	n/a	n/a	D255
471.9880000000	n/a	n/a	STATUS	n/a	n/a	DI54
472.0400000000	n/a	n/a	STATUS	n/a	n/a	D255
472.2680000000	n/a	n/a	STATUS	n/a	n/a	DI34
472.3200000000	n/a	n/a	STATUS	n/a	n/a	D255
472.5800000000	n/a	n/a	STATUS	n/a	n/a	DIN5
472.6280000000	n/a	n/a	STATUS	n/a	n/a	D255
473.0000000000	n/a	n/a	STATUS	n/a	n/a	DI97
473.0480000000	n/a	n/a	STATUS	n/a	n/a	D255
473.0880000000	n/a	n/a	STATUS	n/a	n/a	DI54
473.1360000000	n/a	n/a	STATUS	n/a	n/a	D255
473.3360000000	n/a	n/a	STATUS	n/a	n/a	DI34
473.3840000000	n/a	n/a	STATUS	n/a	n/a	D255
473.6440000000	n/a	n/a	STATUS	n/a	n/a	DIN5
473.6960000000	n/a	n/a	STATUS	n/a	n/a	D255
474.1080000000	n/a	n/a	STATUS	n/a	n/a	D197
474.1600000000	n/a	n/a	STATUS	n/a	n/a	D255
474.1960000000	n/a	n/a	STATUS	n/a	n/a	DI51
474.2480000000	n/a	n/a	STATUS	n/a	n/a	D255
474.5080000000	n/a	n/a	STATUS	n/a	n/a	DI21
474.5600000000	n/a	n/a	STATUS	n/a	n/a	D255
474.5640000000	n/a	n/a	STATUS	n/a	n/a	DIN4
474.6160000000	n/a	n/a	STATUS	n/a	n/a	D255
475.3680000000	n/a	n/a	STATUS	n/a	n/a	DIN5
475.4200000000	n/a	n/a	STATUS	n/a	n/a	D255
475.8600000000	n/a	n/a	STATUS	n/a	n/a	D247
475.9080000000	n/a	n/a	STATUS	n/a	n/a	D255
475.9480000000	n/a	n/a	STATUS	n/a	n/a	DI51
475.9960000000	n/a	n/a	STATUS	n/a	n/a	D255
476.3560000000	n/a	n/a	STATUS	n/a	n/a	DI31
476.4040000000	n/a	n/a	STATUS	n/a	n/a	D255
476.6640000000	n/a	n/a	STATUS	n/a	n/a	DIN5
476.7160000000	n/a	n/a	STATUS	n/a	n/a	D255
477.1600000000	n/a	n/a	STATUS	n/a	n/a	D183
477.2080000000	n/a	n/a	STATUS	n/a	n/a	D255
477.2480000000	n/a	n/a	STATUS	n/a	n/a	DI52
477.2960000000	n/a	n/a	STATUS	n/a	n/a	D255
477.5160000000	n/a	n/a	STATUS	n/a	n/a	DI12
477.5640000000	n/a	n/a	STATUS	n/a	n/a	D255
477.5680000000	n/a	n/a	STATUS	n/a	n/a	DIN4
477.6200000000	n/a	n/a	STATUS	n/a	n/a	D255
478.3760000000	n/a	n/a	STATUS	n/a	n/a	DIN5
478.4240000000	n/a	n/a	STATUS	n/a	n/a	D255
478.7560000000	n/a	n/a	STATUS	n/a	n/a	D203
478.8040000000	n/a	n/a	STATUS	n/a	n/a	D255
478.8440000000	n/a	n/a	STATUS	n/a	n/a	DI51
478.8920000000	n/a	n/a	STATUS	n/a	n/a	D255
479.2120000000	n/a	n/a	STATUS	n/a	n/a	DI31
479.2640000000	n/a	n/a	STATUS	n/a	n/a	D255
479.5240000000	n/a	n/a	STATUS	n/a	n/a	DIN5
479.5720000000	n/a	n/a	STATUS	n/a	n/a	D255
479.9520000000	n/a	n/a	STATUS	n/a	n/a	D166
480.0000000000	n/a	n/a	STATUS	n/a	n/a	D255
480.0400000000	n/a	n/a	STATUS	n/a	n/a	DI53
480.0880000000	n/a	n/a	STATUS	n/a	n/a	D255
480.3400000000	n/a	n/a	STATUS	n/a	n/a	DI43
480.3920000000	n/a	n/a	STATUS	n/a	n/a	D255
480.6520000000	n/a	n/a	STATUS	n/a	n/a	DIN5
480.7000000000	n/a	n/a	STATUS	n/a	n/a	D255
481.1400000000	n/a	n/a	STATUS	n/a	n/a	D240
481.1920000000	n/a	n/a	STATUS	n/a	n/a	D255
481.2280000000	n/a	n/a	STATUS	n/a	n/a	DI52
481.2800000000	n/a	n/a	STATUS	n/a	n/a	D255
481.6360000000	n/a	n/a	STATUS	n/a	n/a	DI42
481.6840000000	n/a	n/a	STATUS	n/a	n/a	D255
481.9440000000	n/a	n/a	STATUS	n/a	n/a	DIN5
481.9960000000	n/a	n/a	STATUS	n/a	n/a	D255
482.4640000000	n/a	n/a	STATUS	n/a	n/a	DI84
482.5160000000	n/a	n/a	STATUS	n/a	n/a	D255
482.5520000000	n/a	n/a	STATUS	n/a	n/a	DI52
482.6040000000	n/a	n/a	STATUS	n/a	n/a	D255
482.8960000000	n/a	n/a	STATUS	n/a	n/a	DI42
482.9440000000	n/a	n/a	STATUS	n/a	n/a	D255
483.2040000000	n/a	n/a	STATUS	n/a	n/a	DIN5
483.2560000000	n/a	n/a	STATUS	n/a	n/a	D255
483.7400000000	n/a	n/a	STATUS	n/a	n/a	DI68
483.7880000000	n/a	n/a	STATUS	n/a	n/a	D255
483.8280000000	n/a	n/a	STATUS	n/a	n/a	DI52
483.8760000000	n/a	n/a	STATUS	n/a	n/a	D255
484.1720000000	n/a	n/a	STATUS	n/a	n/a	DI42
484.2200000000	n/a	n/a	STATUS	n/a	n/a	D255
484.4800000000	n/a	n/a	STATUS	n/a	n/a	DIN5
484.5320000000	n/a	n/a	STATUS	n/a	n/a	D255
484.8400000000	n/a	n/a	STATUS	n/a	n/a	D251
484.8920000000	n/a	n/a	STATUS	n/a	n/a	D255
484.9280000000	n/a	n/a	STATUS	n/a	n/a	DI51
484.9760000000	n/a	n/a	STATUS	n/a	n/a	D255
485.3160000000	n/a	n/a	STATUS	n/a	n/a	DI31
485.3640000000	n/a	n/a	STATUS	n/a	n/a	D255
485.6240000000	n/a	n/a	STATUS	n/a	n/a	DIN5
485.6760000000	n/a	n/a	STATUS	n/a	n/a	D255
486.0440000000	n/a	n/a	STATUS	n/a	n/a	D153
486.0960000000	n/a	n/a	STATUS	n/a	n/a	D255
486.1320000000	n/a	n/a	STATUS	n/a	n/a	DI53
486.1840000000	n/a	n/a	STATUS	n/a	n/a	D255
486.4520000000	n/a	n/a	STATUS	n/a	n/a	DI43
486.5000000000	n/a	n/a	STATUS	n/a	n/a	D255
486.7600000000	n/a	n/a	STATUS	n/a	n/a	DIN5
486.8080000000	n/a	n/a	STATUS	n/a	n/a	D255
487.1480000000	n/a	n/a	STATUS	n/a	n/a	D146
487.2000000000	n/a	n/a	STATUS	n/a	n/a	D255
487.2400000000	n/a	n/a	STATUS	n/a	n/a	DI51
487.2880000000	n/a	n/a	STATUS	n/a	n/a	D255
487.6240000000	n/a	n/a	STATUS	n/a	n/a	DI31
487.6720000000	n/a	n/a	STATUS	n/a	n/a	D255
487.9320000000	n/a	n/a	STATUS	n/a	n/a	DIN5
487.9840000000	n/a	n/a	STATUS	n/a	n/a	D255
488.3960000000	n/a	n/a	STATUS	n/a	n/a	D154
488.4480000000	n/a	n/a	STATUS	n/a	n/a	D255
488.4840000000	n/a	n/a	STATUS	n/a	n/a	DI54
488.5360000000	n/a	n/a	STATUS	n/a	n/a	D255
488.8200000000	n/a	n/a	STATUS	n/a	n/a	DI34
488.8720000000	n/a	n/a	STATUS	n/a	n/a	D255
489.1280000000	n/a	n/a	STATUS	n/a	n/a	DIN5
489.1800000000	n/a	n/a	STATUS	n/a	n/a	D255
489.6280000000	n/a	n/a	STATUS	n/a	n/a	D250
489.6800000000	n/a	n/a	STATUS	n/a	n/a	D255
489.7160000000	n/a	n/a	STATUS	n/a	n/a	DI54
489.7680000000	n/a	n/a	STATUS	n/a	n/a	D255
490.0240000000	n/a	n/a	STATUS	n/a	n/a	DI34
490.0760000000	n/a	n/a	STATUS	n/a	n/a	D255
490.3360000000	n/a	n/a	STATUS	n/a	n/a	DIN5
490.3840000000	n/a	n/a	STATUS	n/a	n/a	D255
490.7520000000	n/a	n/a	STATUS	n/a	n/a	DI87
490.8040000000	n/a	n/a	STATUS	n/a	n/a	D255
490.8400000000	n/a	n/a	STATUS	n/a	n/a	DI52
490.8920000000	n/a	n/a	STATUS	n/a	n/a	D255
491.1680000000	n/a	n/a	STATUS	n/a	n/a	DI42
491.2160000000	n/a	n/a	STATUS	n/a	n/a	D255
491.4760000000	n/a	n/a	STATUS	n/a	n/a	DIN5
491.5280000000	n/a	n/a	STATUS	n/a	n/a	D255
491.8920000000	n/a	n/a	STATUS	n/a	n/a	D213
491.9400000000	n/a	n/a	STATUS	n/a	n/a	D255
491.9800000000	n/a	n/a	STATUS	n/a	n/a	DI53
492.0280000000	n/a	n/a	STATUS	n/a	n/a	D255
492.2840000000	n/a	n/a	STATUS	n/a	n/a	DI43
492.3360000000	n/a	n/a	STATUS	n/a	n/a	D255
492.5920000000	n/a	n/a	STATUS	n/a	n/a	DIN5
492.6440000000	n/a	n/a	STATUS	n/a	n/a	D255
492.9520000000	n/a	n/a	STATUS	n/a	n/a	D104
493.0040000000	n/a	n/a	STATUS	n/a	n/a	D255
493.0400000000	n/a	n/a	STATUS	n/a	n/a	DI51
493.0920000000	n/a	n/a	STATUS	n/a	n/a	D255
493.3320000000	n/a	n/a	STATUS	n/a	n/a	DI21
493.3800000000	n/a	n/a	STATUS	n/a	n/a	D255
493.3880000000	n/a	n/a	STATUS	n/a	n/a	DIN4
493.4360000000	n/a	n/a	STATUS	n/a	n/a	D255
494.1920000000	n/a	n/a	STATUS	n/a	n/a	DIN5
494.2400000000	n/a	n/a	STATUS	n/a	n/a	D255
494.7480000000	n/a	n/a	STATUS	n/a	n/a	D208
494.7960000000	n/a	n/a	STATUS	n/a	n/a	D255
494.8320000000	n/a	n/a	STATUS	n/a	n/a	DI52
494.8840000000	n/a	n/a	STATUS	n/a	n/a	D255
495.2120000000	n/a	n/a	STATUS	n/a	n/a	DI42
495.2600000000	n/a	n/a	STATUS	n/a	n/a	D255
495.5200000000	n/a	n/a	STATUS	n/a	n/a	DIN5
495.5720000000	n/a	n/a	STATUS	n/a	n/a	D255
495.9600000000	n/a	n/a	STATUS	n/a	n/a	D150
496.0120000000	n/a	n/a	STATUS	n/a	n/a	D255
496.0480000000	n/a	n/a	STATUS	n/a	n/a	DI52
496.1000000000	n/a	n/a	STATUS	n/a	n/a	D255
496.3960000000	n/a	n/a	STATUS	n/a	n/a	DI42
496.4480000000	n/a	n/a	STATUS	n/a	n/a	D255
496.7080000000	n/a	n/a	STATUS	n/a	n/a	DIN5
496.7560000000	n/a	n/a	STATUS	n/a	n/a	D255
497.1880000000	n/a	n/a	STATUS	n/a	n/a	D129
497.2360000000	n/a	n/a	STATUS	n/a	n/a	D255
497.2760000000	n/a	n/a	STATUS	n/a	n/a	DI54
497.3240000000	n/a	n/a	STATUS	n/a	n/a	D255
497.5440000000	n/a	n/a	STATUS	n/a	n/a	DI34
497.5920000000	n/a	n/a	STATUS	n/a	n/a	D255
497.8520000000	n/a	n/a	STATUS	n/a	n/a	DIN5
497.9040000000	n/a	n/a	STATUS	n/a	n/a	D255
498.2240000000	n/a	n/a	STATUS	n/a	n/a	D170
498.2720000000	n/a	n/a	STATUS	n/a	n/a	D255
498.3120000000	n/a	n/a	STATUS	n/a	n/a	DI52
498.3600000000	n/a	n/a	STATUS	n/a	n/a	D255
498.6560000000	n/a	n/a	STATUS	n/a	n/a	DI42
498.7040000000	n/a	n/a	STATUS	n/a	n/a	D255
498.9640000000	n/a	n/a	STATUS	n/a	n/a	DIN5
499.0160000000	n/a	n/a	STATUS	n/a	n/a	D255
499.4240000000	n/a	n/a	STATUS	n/a	n/a	D176
499.4760000000	n/a	n/a	STATUS	n/a	n/a	D255
499.5120000000	n/a	n/a	STATUS	n/a	n/a	DI51
499.5600000000	n/a	n/a	STATUS	n/a	n/a	D255
499.8720000000	n/a	n/a	STATUS	n/a	n/a	DI31
499.9240000000	n/a	n/a	STATUS	n/a	n/a	D255
500.1840000000	n/a	n/a	STATUS	n/a	n/a	DIN5
500.2320000000	n/a	n/a	STATUS	n/a	n/a	D255
500.5480000000	n/a	n/a	STATUS	n/a	n/a	D211
500.6000000000	n/a	n/a	STATUS	n/a	n/a	D255
500.6360000000	n/a	n/a	STATUS	n/a	n/a	DI51
500.6880000000	n/a	n/a	STATUS	n/a	n/a	D255
501.0280000000	n/a	n/a	STATUS	n/a	n/a	DI31
501.0800000000	n/a	n/a	STATUS	n/a	n/a	D255
501.3400000000	n/a	n/a	STATUS	n/a	n/a	DIN5
501.3880000000	n/a	n/a	STATUS	n/a	n/a	D255
501.8920000000	n/a	n/a	STATUS	n/a	n/a	D253
501.9440000000	n/a	n/a	STATUS	n/a	n/a	D255
501.9840000000	n/a	n/a	STATUS	n/a	n/a	DI54
502.0320000000	n/a	n/a	STATUS	n/a	n/a	D255
502.3840000000	n/a	n/a	STATUS	n/a	n/a	DI34
502.4320000000	n/a	n/a	STATUS	n/a	n/a	D255
502.6920000000	n/a	n/a	STATUS	n/a	n/a	DIN5
502.7440000000	n/a	n/a	STATUS	n/a	n/a	D255
503.2080000000	n/a	n/a	STATUS	n/a	n/a	D112
503.2560000000	n/a	n/a	STATUS	n/a	n/a	D255
503.2960000000	n/a	n/a	STATUS	n/a	n/a	DI54
503.3440000000	n/a	n/a	STATUS	n/a	n/a	D255
503.5920000000	n/a	n/a	STATUS	n/a	n/a	DI34
503.6440000000	n/a	n/a	STATUS	n/a	n/a	D255
503.9040000000	n/a	n/a	STATUS	n/a	n/a	DIN5
503.9520000000	n/a	n/a	STATUS	n/a	n/a	D255
504.3120000000	n/a	n/a	STATUS	n/a	n/a	D217
504.3640000000	n/a	n/a	STATUS	n/a	n/a	D255
504.4000000000	n/a	n/a	STATUS	n/a	n/a	DI54
504.4520000000	n/a	n/a	STATUS	n/a	n/a	D255
504.7160000000	n/a	n/a	STATUS	n/a	n/a	DI34
504.7640000000	n/a	n/a	STATUS	n/a	n/a	D255
505.0240000000	n/a	n/a	STATUS	n/a	n/a	DIN5
505.0760000000	n/a	n/a	STATUS	n/a	n/a	D255
505.4440000000	n/a	n/a	STATUS	n/a	n/a	DI70
505.4960000000	n/a	n/a	STATUS	n/a	n/a	D255
505.5320000000	n/a	n/a	STATUS	n/a	n/a	DI53
505.5840000000	n/a	n/a	STATUS	n/a	n/a	D255
505.8000000000	n/a	n/a	STATUS	n/a	n/a	DI43
505.8480000000	n/a	n/a	STATUS	n/a	n/a	D255
506.1080000000	n/a	n/a	STATUS	n/a	n/a	DIN5
506.1560000000	n/a	n/a	STATUS	n/a	n/a	D255
506.6480000000	n/a	n/a	STATUS	n/a	n/a	DI82
506.6960000000	n/a	n/a	STATUS	n/a	n/a	D255
506.7360000000	n/a	n/a	STATUS	n/a	n/a	DI53
506.7840000000	n/a	n/a	STATUS	n/a	n/a	D255
506.9320000000	n/a	n/a	STATUS	n/a	n/a	DI43
506.9840000000	n/a	n/a	STATUS	n/a	n/a	D255
507.2440000000	n/a	n/a	STATUS	n/a	n/a	DIN5
507.2920000000	n/a	n/a	STATUS	n/a	n/a	D255
507.7800000000	n/a	n/a	STATUS	n/a	n/a	DI73
507.8280000000	n/a	n/a	STATUS	n/a	n/a	D255
507.8680000000	n/a	n/a	STATUS	n/a	n/a	DI51
507.9160000000	n/a	n/a	STATUS	n/a	n/a	D255
508.1280000000	n/a	n/a	STATUS	n/a	n/a	DI21
508.1760000000	n/a	n/a	STATUS	n/a	n/a	D255
508.1800000000	n/a	n/a	STATUS	n/a	n/a	DIN4
508.2320000000	n/a	n/a	STATUS	n/a	n/a	D255
508.2320000000	n/a	n/a	STATUS	n/a	n/a	D231
508.9880000000	n/a	n/a	STATUS	n/a	n/a	DIN5
509.0360000000	n/a	n/a	STATUS	n/a	n/a	D255
509.5080000000	n/a	n/a	STATUS	n/a	n/a	D226
509.5560000000	n/a	n/a	STATUS	n/a	n/a	D255
509.5960000000	n/a	n/a	STATUS	n/a	n/a	DI53
509.6440000000	n/a	n/a	STATUS	n/a	n/a	D255
509.8920000000	n/a	n/a	STATUS	n/a	n/a	DI43
509.9400000000	n/a	n/a	STATUS	n/a	n/a	D255
510.2000000000	n/a	n/a	STATUS	n/a	n/a	DIN5
510.2520000000	n/a	n/a	STATUS	n/a	n/a	D255
510.6600000000	n/a	n/a	STATUS	n/a	n/a	D207
510.7120000000	n/a	n/a	STATUS	n/a	n/a	D255
510.7480000000	n/a	n/a	STATUS	n/a	n/a	DI52
510.8000000000	n/a	n/a	STATUS	n/a	n/a	D255
511.0040000000	n/a	n/a	STATUS	n/a	n/a	DI12
511.0520000000	n/a	n/a	STATUS	n/a	n/a	D255
511.0600000000	n/a	n/a	STATUS	n/a	n/a	DIN4
511.1080000000	n/a	n/a	STATUS	n/a	n/a	D255
511.8640000000	n/a	n/a	STATUS	n/a	n/a	DIN5
511.9120000000	n/a	n/a	STATUS	n/a	n/a	D255
512.3280000000	n/a	n/a	STATUS	n/a	n/a	D114
512.3800000000	n/a	n/a	STATUS	n/a	n/a	D255
512.4160000000	n/a	n/a	STATUS	n/a	n/a	DI53
512.4680000000	n/a	n/a	STATUS	n/a	n/a	D255
512.7360000000	n/a	n/a	STATUS	n/a	n/a	DI43
512.7840000000	n/a	n/a	STATUS	n/a	n/a	D255
513.0440000000	n/a	n/a	STATUS	n/a	n/a	DIN5
513.0960000000	n/a	n/a	STATUS	n/a	n/a	D255
513.4480000000	n/a	n/a	STATUS	n/a	n/a	D252
513.5000000000	n/a	n/a	STATUS	n/a	n/a	D255
513.5360000000	n/a	n/a	STATUS	n/a	n/a	DI53
513.5880000000	n/a	n/a	STATUS	n/a	n/a	D255
513.8360000000	n/a	n/a	STATUS	n/a	n/a	DI43
513.8840000000	n/a	n/a	STATUS	n/a	n/a	D255
514.1440000000	n/a	n/a	STATUS	n/a	n/a	DIN5
514.1920000000	n/a	n/a	STATUS	n/a	n/a	D255
514.6720000000	n/a	n/a	STATUS	n/a	n/a	D135
514.7240000000	n/a	n/a	STATUS	n/a	n/a	D255
514.7600000000	n/a	n/a	STATUS	n/a	n/a	DI51
514.8120000000	n/a	n/a	STATUS	n/a	n/a	D255
515.0240000000	n/a	n/a	STATUS	n/a	n/a	DI21
515.0760000000	n/a	n/a	STATUS	n/a	n/a	D255
515.0800000000	n/a	n/a	STATUS	n/a	n/a	DIN4
515.1280000000	n/a	n/a	STATUS	n/a	n/a	D255
515.8840000000	n/a	n/a	STATUS	n/a	n/a	DIN5
515.9360000000	n/a	n/a	STATUS	n/a	n/a	D255
516.2640000000	n/a	n/a	STATUS	n/a	n/a	D228
516.3160000000	n/a	n/a	STATUS	n/a	n/a	D255
516.3520000000	n/a	n/a	STATUS	n/a	n/a	DI51
516.4040000000	n/a	n/a	STATUS	n/a	n/a	D255
516.7200000000	n/a	n/a	STATUS	n/a	n/a	DI31
516.7720000000	n/a	n/a	STATUS	n/a	n/a	D255
517.0320000000	n/a	n/a	STATUS	n/a	n/a	DIN5
517.0800000000	n/a	n/a	STATUS	n/a	n/a	D255
517.3920000000	n/a	n/a	STATUS	n/a	n/a	D177
517.4400000000	n/a	n/a	STATUS	n/a	n/a	D255
517.4800000000	n/a	n/a	STATUS	n/a	n/a	DI52
517.5280000000	n/a	n/a	STATUS	n/a	n/a	D255
517.8320000000	n/a	n/a	STATUS	n/a	n/a	DI42
517.8800000000	n/a	n/a	STATUS	n/a	n/a	D255
518.1400000000	n/a	n/a	STATUS	n/a	n/a	DIN5
518.1920000000	n/a	n/a	STATUS	n/a	n/a	D255
518.5360000000	n/a	n/a	STATUS	n/a	n/a	DI85
518.5840000000	n/a	n/a	STATUS	n/a	n/a	D255
518.6240000000	n/a	n/a	STATUS	n/a	n/a	DI51
518.6720000000	n/a	n/a	STATUS	n/a	n/a	D255
519.0040000000	n/a	n/a	STATUS	n/a	n/a	DI31
519.0560000000	n/a	n/a	STATUS	n/a	n/a	D255
519.3120000000	n/a	n/a	STATUS	n/a	n/a	DIN5
519.3640000000	n/a	n/a	STATUS	n/a	n/a	D255
519.7400000000	n/a	n/a	STATUS	n/a	n/a	D161
519.7880000000	n/a	n/a	STATUS	n/a	n/a	D255
519.8240000000	n/a	n/a	STATUS	n/a	n/a	DI51
519.8760000000	n/a	n/a	STATUS	n/a	n/a	D255
520.1960000000	n/a	n/a	STATUS	n/a	n/a	DI31
520.2480000000	n/a	n/a	STATUS	n/a	n/a	D255
520.5080000000	n/a	n/a	STATUS	n/a	n/a	DIN5
520.5560000000	n/a	n/a	STATUS	n/a	n/a	D255
520.8920000000	n/a	n/a	STATUS	n/a	n/a	D236
520.9400000000	n/a	n/a	STATUS	n/a	n/a	D255
520.9800000000	n/a	n/a	STATUS	n/a	n/a	DI53
521.0280000000	n/a	n/a	STATUS	n/a	n/a	D255
521.3080000000	n/a	n/a	STATUS	n/a	n/a	DI43
521.3560000000	n/a	n/a	STATUS	n/a	n/a	D255
521.6160000000	n/a	n/a	STATUS	n/a	n/a	DIN5
521.6680000000	n/a	n/a	STATUS	n/a	n/a	D255
522.0760000000	n/a	n/a	STATUS	n/a	n/a	DI67
522.1280000000	n/a	n/a	STATUS	n/a	n/a	D255
522.1640000000	n/a	n/a	STATUS	n/a	n/a	DI54
522.2160000000	n/a	n/a	STATUS	n/a	n/a	D255
522.5280000000	n/a	n/a	STATUS	n/a	n/a	DI34
522.5760000000	n/a	n/a	STATUS	n/a	n/a	D255
522.8360000000	n/a	n/a	STATUS	n/a	n/a	DIN5
522.8840000000	n/a	n/a	STATUS	n/a	n/a	D255
523.3000000000	n/a	n/a	STATUS	n/a	n/a	D237
523.3520000000	n/a	n/a	STATUS	n/a	n/a	D255
523.3880000000	n/a	n/a	STATUS	n/a	n/a	DI53
523.4400000000	n/a	n/a	STATUS	n/a	n/a	D255
523.6640000000	n/a	n/a	STATUS	n/a	n/a	DI43
523.7160000000	n/a	n/a	STATUS	n/a	n/a	D255
523.9760000000	n/a	n/a	STATUS	n/a	n/a	DIN5
524.0240000000	n/a	n/a	STATUS	n/a	n/a	D255
524.3400000000	n/a	n/a	STATUS	n/a	n/a	D254
524.3920000000	n/a	n/a	STATUS	n/a	n/a	D255
524.4280000000	n/a	n/a	STATUS	n/a	n/a	DI51
524.4760000000	n/a	n/a	STATUS	n/a	n/a	D255
524.6880000000	n/a	n/a	STATUS	n/a	n/a	DI21
524.7360000000	n/a	n/a	STATUS	n/a	n/a	D255
524.7400000000	n/a	n/a	STATUS	n/a	n/a	DIN4
524.7920000000	n/a	n/a	STATUS	n/a	n/a	D255
525.5480000000	n/a	n/a	STATUS	n/a	n/a	DIN5
525.5960000000	n/a	n/a	STATUS	n/a	n/a	D255
526.0520000000	n/a	n/a	STATUS	n/a	n/a	D103
526.1040000000	n/a	n/a	STATUS	n/a	n/a	D255
526.1400000000	n/a	n/a	STATUS	n/a	n/a	DI53
526.1920000000	n/a	n/a	STATUS	n/a	n/a	D255
526.4200000000	n/a	n/a	STATUS	n/a	n/a	DI43
526.4680000000	n/a	n/a	STATUS	n/a	n/a	D255
526.7280000000	n/a	n/a	STATUS	n/a	n/a	DIN5
526.7800000000	n/a	n/a	STATUS	n/a	n/a	D255
527.2040000000	n/a	n/a	STATUS	n/a	n/a	D179
527.2520000000	n/a	n/a	STATUS	n/a	n/a	D255
527.2920000000	n/a	n/a	STATUS	n/a	n/a	DI54
527.3400000000	n/a	n/a	STATUS	n/a	n/a	D255
527.5400000000	n/a	n/a	STATUS	n/a	n/a	DI34
527.5920000000	n/a	n/a	STATUS	n/a	n/a	D255
527.8520000000	n/a	n/a	STATUS	n/a	n/a	DIN5
527.9000000000	n/a	n/a	STATUS	n/a	n/a	D255
528.3720000000	n/a	n/a	STATUS	n/a	n/a	D222
528.4200000000	n/a	n/a	STATUS	n/a	n/a	D255
528.4560000000	n/a	n/a	STATUS	n/a	n/a	DI51
528.5080000000	n/a	n/a	STATUS	n/a	n/a	D255
528.6840000000	n/a	n/a	STATUS	n/a	n/a	DI21
528.7360000000	n/a	n/a	STATUS	n/a	n/a	D255
528.7400000000	n/a	n/a	STATUS	n/a	n/a	DIN4
528.7920000000	n/a	n/a	STATUS	n/a	n/a	D255
529.5440000000	n/a	n/a	STATUS	n/a	n/a	DIN5
529.5960000000	n/a	n/a	STATUS	n/a	n/a	D255
529.9840000000	n/a	n/a	STATUS	n/a	n/a	D191
530.0360000000	n/a	n/a	STATUS	n/a	n/a	D255
530.0720000000	n/a	n/a	STATUS	n/a	n/a	DI51
530.1240000000	n/a	n/a	STATUS	n/a	n/a	D255
530.3800000000	n/a	n/a	STATUS	n/a	n/a	DI31
530.4320000000	n/a	n/a	STATUS	n/a	n/a	D255
530.6920000000	n/a	n/a	STATUS	n/a	n/a	DIN5
530.7400000000	n/a	n/a	STATUS	n/a	n/a	D255
531.2040000000	n/a	n/a	STATUS	n/a	n/a	D189
531.2560000000	n/a	n/a	STATUS	n/a	n/a	D255
531.2920000000	n/a	n/a	STATUS	n/a	n/a	DI54
531.3440000000	n/a	n/a	STATUS	n/a	n/a	D255
531.5720000000	n/a	n/a	STATUS	n/a	n/a	DI34
531.6240000000	n/a	n/a	STATUS	n/a	n/a	D255
531.8840000000	n/a	n/a	STATUS	n/a	n/a	DIN5
531.9320000000	n/a	n/a	STATUS	n/a	n/a	D255
532.3440000000	n/a	n/a	STATUS	n/a	n/a	D238
532.3920000000	n/a	n/a	STATUS	n/a	n/a	D255
532.4320000000	n/a	n/a	STATUS	n/a	n/a	DI52
532.4800000000	n/a	n/a	STATUS	n/a	n/a	D255
532.7840000000	n/a	n/a	STATUS	n/a	n/a	DI42
532.8320000000	n/a	n/a	STATUS	n/a	n/a	D255
533.0920000000	n/a	n/a	STATUS	n/a	n/a	DIN5
533.1440000000	n/a	n/a	STATUS	n/a	n/a	D255
533.6320000000	n/a	n/a	STATUS	n/a	n/a	D173
533.6840000000	n/a	n/a	STATUS	n/a	n/a	D255
533.7200000000	n/a	n/a	STATUS	n/a	n/a	DI52
533.7720000000	n/a	n/a	STATUS	n/a	n/a	D255
533.9920000000	n/a	n/a	STATUS	n/a	n/a	DI12
534.0400000000	n/a	n/a	STATUS	n/a	n/a	D255
534.0440000000	n/a	n/a	STATUS	n/a	n/a	DIN4
534.0960000000	n/a	n/a	STATUS	n/a	n/a	D255
534.8520000000	n/a	n/a	STATUS	n/a	n/a	DIN5
534.9000000000	n/a	n/a	STATUS	n/a	n/a	D255
535.3560000000	n/a	n/a	STATUS	n/a	n/a	DI72
535.4040000000	n/a	n/a	STATUS	n/a	n/a	D255
535.4440000000	n/a	n/a	STATUS	n/a	n/a	DI52
535.4920000000	n/a	n/a	STATUS	n/a	n/a	D255
535.6920000000	n/a	n/a	STATUS	n/a	n/a	DI12
535.7440000000	n/a	n/a	STATUS	n/a	n/a	D255
535.7480000000	n/a	n/a	STATUS	n/a	n/a	DIN4
535.7960000000	n/a	n/a	STATUS	n/a	n/a	D255
536.5520000000	n/a	n/a	STATUS	n/a	n/a	DIN5
536.6040000000	n/a	n/a	STATUS	n/a	n/a	D255
536.9760000000	n/a	n/a	STATUS	n/a	n/a	D137
537.0280000000	n/a	n/a	STATUS	n/a	n/a	D255
537.0640000000	n/a	n/a	STATUS	n/a	n/a	DI52
537.1160000000	n/a	n/a	STATUS	n/a	n/a	D255
537.4000000000	n/a	n/a	STATUS	n/a	n/a	DI42
537.4520000000	n/a	n/a	STATUS	n/a	n/a	D255
537.7120000000	n/a	n/a	STATUS	n/a	n/a	DIN5
537.7600000000	n/a	n/a	STATUS	n/a	n/a	D255
538.2320000000	n/a	n/a	STATUS	n/a	n/a	D210
538.2800000000	n/a	n/a	STATUS	n/a	n/a	D255
538.3200000000	n/a	n/a	STATUS	n/a	n/a	DI52
538.3680000000	n/a	n/a	STATUS	n/a	n/a	D255
538.6960000000	n/a	n/a	STATUS	n/a	n/a	DI42
538.7440000000	n/a	n/a	STATUS	n/a	n/a	D255
539.0040000000	n/a	n/a	STATUS	n/a	n/a	DIN5
539.0560000000	n/a	n/a	STATUS	n/a	n/a	D255
539.5400000000	n/a	n/a	STATUS	n/a	n/a	D239
539.5880000000	n/a	n/a	STATUS	n/a	n/a	D255
539.6280000000	n/a	n/a	STATUS	n/a	n/a	DI53
539.6760000000	n/a	n/a	STATUS	n/a	n/a	D255
539.9240000000	n/a	n/a	STATUS	n/a	n/a	DI43
539.9760000000	n/a	n/a	STATUS	n/a	n/a	D255
540.2360000000	n/a	n/a	STATUS	n/a	n/a	DIN5
540.2880000000	n/a	n/a	STATUS	n/a	n/a	D255
540.7040000000	n/a	n/a	STATUS	n/a	n/a	D148
540.7560000000	n/a	n/a	STATUS	n/a	n/a	D255
540.7920000000	n/a	n/a	STATUS	n/a	n/a	DI53
540.8440000000	n/a	n/a	STATUS	n/a	n/a	D255
541.0440000000	n/a	n/a	STATUS	n/a	n/a	DI43
541.0960000000	n/a	n/a	STATUS	n/a	n/a	D255
541.3560000000	n/a	n/a	STATUS	n/a	n/a	DIN5
541.4040000000	n/a	n/a	STATUS	n/a	n/a	D255
541.7240000000	n/a	n/a	STATUS	n/a	n/a	D219
541.7720000000	n/a	n/a	STATUS	n/a	n/a	D255
541.8120000000	n/a	n/a	STATUS	n/a	n/a	DI53
541.8640000000	n/a	n/a	STATUS	n/a	n/a	D255
542.1640000000	n/a	n/a	STATUS	n/a	n/a	DI43
542.2120000000	n/a	n/a	STATUS	n/a	n/a	D255
542.4720000000	n/a	n/a	STATUS	n/a	n/a	DIN5
542.5200000000	n/a	n/a	STATUS	n/a	n/a	D255
542.8480000000	n/a	n/a	STATUS	n/a	n/a	D187
542.8960000000	n/a	n/a	STATUS	n/a	n/a	D255
542.9360000000	n/a	n/a	STATUS	n/a	n/a	DI52
542.9840000000	n/a	n/a	STATUS	n/a	n/a	D255
543.2240000000	n/a	n/a	STATUS	n/a	n/a	DI12
543.2720000000	n/a	n/a	STATUS	n/a	n/a	D255
543.2800000000	n/a	n/a	STATUS	n/a	n/a	DIN4
543.3280000000	n/a	n/a	STATUS	n/a	n/a	D255
544.0840000000	n/a	n/a	STATUS	n/a	n/a	DIN5
544.1360000000	n/a	n/a	STATUS	n/a	n/a	D255
544.5440000000	n/a	n/a	STATUS	n/a	n/a	D243
544.5920000000	n/a	n/a	STATUS	n/a	n/a	D255
544.6320000000	n/a	n/a	STATUS	n/a	n/a	DI54
544.6800000000	n/a	n/a	STATUS	n/a	n/a	D255
545.0040000000	n/a	n/a	STATUS	n/a	n/a	DI34
545.0520000000	n/a	n/a	STATUS	n/a	n/a	D255
545.3120000000	n/a	n/a	STATUS	n/a	n/a	DIN5
545.3640000000	n/a	n/a	STATUS	n/a	n/a	D255
545.8400000000	n/a	n/a	STATUS	n/a	n/a	DI98
545.8880000000	n/a	n/a	STATUS	n/a	n/a	D255
545.9240000000	n/a	n/a	STATUS	n/a	n/a	DI51
545.9760000000	n/a	n/a	STATUS	n/a	n/a	D255
546.3080000000	n/a	n/a	STATUS	n/a	n/a	DI31
546.3560000000	n/a	n/a	STATUS	n/a	n/a	D255
546.6160000000	n/a	n/a	STATUS	n/a	n/a	DIN5
546.6680000000	n/a	n/a	STATUS	n/a	n/a	D255
546.9920000000	n/a	n/a	STATUS	n/a	n/a	D221
547.0400000000	n/a	n/a	STATUS	n/a	n/a	D255
547.0800000000	n/a	n/a	STATUS	n/a	n/a	DI51
547.1280000000	n/a	n/a	STATUS	n/a	n/a	D255
547.4640000000	n/a	n/a	STATUS	n/a	n/a	DI31
547.5160000000	n/a	n/a	STATUS	n/a	n/a	D255
547.7760000000	n/a	n/a	STATUS	n/a	n/a	DIN5
547.8240000000	n/a	n/a	STATUS	n/a	n/a	D255
548.1680000000	n/a	n/a	STATUS	n/a	n/a	D128
548.2200000000	n/a	n/a	STATUS	n/a	n/a	D255
548.2560000000	n/a	n/a	STATUS	n/a	n/a	DI53
548.3080000000	n/a	n/a	STATUS	n/a	n/a	D255
548.5800000000	n/a	n/a	STATUS	n/a	n/a	DI13
548.6320000000	n/a	n/a	STATUS	n/a	n/a	D255
548.6360000000	n/a	n/a	STATUS	n/a	n/a	DIN4
548.6880000000	n/a	n/a	STATUS	n/a	n/a	D255
549.4400000000	n/a	n/a	STATUS	n/a	n/a	DIN5
549.4920000000	n/a	n/a	STATUS	n/a	n/a	D255
549.9760000000	n/a	n/a	STATUS	n/a	n/a	D192
550.0280000000	n/a	n/a	STATUS	n/a	n/a	D255
550.0280000000	n/a	n/a	STATUS	n/a	n/a	D227
550.0640000000	n/a	n/a	STATUS	n/a	n/a	DI54
550.1160000000	n/a	n/a	STATUS	n/a	n/a	D255
550.4480000000	n/a	n/a	STATUS	n/a	n/a	DI34
550.5000000000	n/a	n/a	STATUS	n/a	n/a	D255
550.7600000000	n/a	n/a	STATUS	n/a	n/a	DIN5
550.8080000000	n/a	n/a	STATUS	n/a	n/a	D255
551.2040000000	n/a	n/a	STATUS	n/a	n/a	DI86
551.2520000000	n/a	n/a	STATUS	n/a	n/a	D255
551.2920000000	n/a	n/a	STATUS	n/a	n/a	DI51
551.3400000000	n/a	n/a	STATUS	n/a	n/a	D255
551.6480000000	n/a	n/a	STATUS	n/a	n/a	DI31
551.6960000000	n/a	n/a	STATUS	n/a	n/a	D255
551.9560000000	n/a	n/a	STATUS	n/a	n/a	DIN5
552.0080000000	n/a	n/a	STATUS	n/a	n/a	D255
552.3360000000	n/a	n/a	STATUS	n/a	n/a	D172
552.3840000000	n/a	n/a	STATUS	n/a	n/a	D255
552.4240000000	n/a	n/a	STATUS	n/a	n/a	DI54
552.4720000000	n/a	n/a	STATUS	n/a	n/a	D255
552.7520000000	n/a	n/a	STATUS	n/a	n/a	DI34
552.8000000000	n/a	n/a	STATUS	n/a	n/a	D255
553.0600000000	n/a	n/a	STATUS	n/a	n/a	DIN5
553.1120000000	n/a	n/a	STATUS	n/a	n/a	D255
553.4800000000	n/a	n/a	STATUS	n/a	n/a	D139
553.5320000000	n/a	n/a	STATUS	n/a	n/a	D255
553.5680000000	n/a	n/a	STATUS	n/a	n/a	DI53
553.6200000000	n/a	n/a	STATUS	n/a	n/a	D255
553.8360000000	n/a	n/a	STATUS	n/a	n/a	DI43
553.8880000000	n/a	n/a	STATUS	n/a	n/a	D255
554.1480000000	n/a	n/a	STATUS	n/a	n/a	DIN5
554.1960000000	n/a	n/a	STATUS	n/a	n/a	D255
554.6960000000	n/a	n/a	STATUS	n/a	n/a	D215
554.7480000000	n/a	n/a	STATUS	n/a	n/a	D255
554.7840000000	n/a	n/a	STATUS	n/a	n/a	DI54
554.8360000000	n/a	n/a	STATUS	n/a	n/a	D255
555.0400000000	n/a	n/a	STATUS	n/a	n/a	DI24
555.0880000000	n/a	n/a	STATUS	n/a	n/a	D255
555.0920000000	n/a	n/a	STATUS	n/a	n/a	DIN4
555.1440000000	n/a	n/a	STATUS	n/a	n/a	D255
555.9000000000	n/a	n/a	STATUS	n/a	n/a	DIN5
555.9480000000	n/a	n/a	STATUS	n/a	n/a	D255
556.4080000000	n/a	n/a	STATUS	n/a	n/a	D127
556.4600000000	n/a	n/a	STATUS	n/a	n/a	D255
556.4960000000	n/a	n/a	STATUS	n/a	n/a	DI54
556.5440000000	n/a	n/a	STATUS	n/a	n/a	D255
556.7680000000	n/a	n/a	STATUS	n/a	n/a	DI34
556.8160000000	n/a	n/a	STATUS	n/a	n/a	D255
557.0760000000	n/a	n/a	STATUS	n/a	n/a	DIN5
557.1280000000	n/a	n/a	STATUS	n/a	n/a	D255
557.6120000000	n/a	n/a	STATUS	n/a	n/a	D241
557.6640000000	n/a	n/a	STATUS	n/a	n/a	D255
557.7000000000	n/a	n/a	STATUS	n/a	n/a	DI51
557.7520000000	n/a	n/a	STATUS	n/a	n/a	D255
557.9920000000	n/a	n/a	STATUS	n/a	n/a	DI21
558.0440000000	n/a	n/a	STATUS	n/a	n/a	D255
558.0480000000	n/a	n/a	STATUS	n/a	n/a	DIN4
558.0960000000	n/a	n/a	STATUS	n/a	n/a	D255
588.4080000000	n/a	n/a	STATUS	n/a	n/a	DIN5
588.4560000000	n/a	n/a	STATUS	n/a	n/a	D255
588.7920000000	n/a	n/a	STATUS	n/a	n/a	DI76
588.8440000000	n/a	n/a	STATUS	n/a	n/a	D255
588.8800000000	n/a	n/a	STATUS	n/a	n/a	DI54
588.9320000000	n/a	n/a	STATUS	n/a	n/a	D255
589.1680000000	n/a	n/a	STATUS	n/a	n/a	DI34
589.2160000000	n/a	n/a	STATUS	n/a	n/a	D255
589.4760000000	n/a	n/a	STATUS	n/a	n/a	DIN5
589.5280000000	n/a	n/a	STATUS	n/a	n/a	D255
589.9800000000	n/a	n/a	STATUS	n/a	n/a	D168
590.0320000000	n/a	n/a	STATUS	n/a	n/a	D255
590.0680000000	n/a	n/a	STATUS	n/a	n/a	DI53
590.1200000000	n/a	n/a	STATUS	n/a	n/a	D255
590.3400000000	n/a	n/a	STATUS	n/a	n/a	DI43
590.3880000000	n/a	n/a	STATUS	n/a	n/a	D255
590.6480000000	n/a	n/a	STATUS	n/a	n/a	DIN5
590.7000000000	n/a	n/a	STATUS	n/a	n/a	D255
591.0680000000	n/a	n/a	STATUS	n/a	n/a	D197
591.1200000000	n/a	n/a	STATUS	n/a	n/a	D255
591.1560000000	n/a	n/a	STATUS	n/a	n/a	DI52
591.2080000000	n/a	n/a	STATUS	n/a	n/a	D255
591.4040000000	n/a	n/a	STATUS	n/a	n/a	DI12
591.4520000000	n/a	n/a	STATUS	n/a	n/a	D255
591.4560000000	n/a	n/a	STATUS	n/a	n/a	DIN4
591.5080000000	n/a	n/a	STATUS	n/a	n/a	D255
592.2640000000	n/a	n/a	STATUS	n/a	n/a	DIN5
592.3120000000	n/a	n/a	STATUS	n/a	n/a	D255
592.7480000000	n/a	n/a	STATUS	n/a	n/a	D175
592.7960000000	n/a	n/a	STATUS	n/a	n/a	D255
592.8360000000	n/a	n/a	STATUS	n/a	n/a	DI51
592.8840000000	n/a	n/a	STATUS	n/a	n/a	D255
593.2080000000	n/a	n/a	STATUS	n/a	n/a	DI31
593.2560000000	n/a	n/a	STATUS	n/a	n/a	D255
593.5160000000	n/a	n/a	STATUS	n/a	n/a	DIN5
593.5680000000	n/a	n/a	STATUS	n/a	n/a	D255
593.9760000000	n/a	n/a	STATUS	n/a	n/a	D249
594.0280000000	n/a	n/a	STATUS	n/a	n/a	D255
594.0640000000	n/a	n/a	STATUS	n/a	n/a	DI51
594.1160000000	n/a	n/a	STATUS	n/a	n/a	D255
594.4320000000	n/a	n/a	STATUS	n/a	n/a	DI31
594.4840000000	n/a	n/a	STATUS	n/a	n/a	D255
594.7440000000	n/a	n/a	STATUS	n/a	n/a	DIN5
594.7920000000	n/a	n/a	STATUS	n/a	n/a	D255
595.2240000000	n/a	n/a	STATUS	n/a	n/a	D223
595.2720000000	n/a	n/a	STATUS	n/a	n/a	D255
595.3080000000	n/a	n/a	STATUS	n/a	n/a	DI51
595.3600000000	n/a	n/a	STATUS	n/a	n/a	D255
595.6360000000	n/a	n/a	STATUS	n/a	n/a	DI31
595.6880000000	n/a	n/a	STATUS	n/a	n/a	D255
595.9480000000	n/a	n/a	STATUS	n/a	n/a	DIN5
595.9960000000	n/a	n/a	STATUS	n/a	n/a	D255
596.4960000000	n/a	n/a	STATUS	n/a	n/a	D104
596.5480000000	n/a	n/a	STATUS	n/a	n/a	D255
596.5840000000	n/a	n/a	STATUS	n/a	n/a	DI52
596.6320000000	n/a	n/a	STATUS	n/a	n/a	D255
596.9120000000	n/a	n/a	STATUS	n/a	n/a	DI42
596.9600000000	n/a	n/a	STATUS	n/a	n/a	D255
597.2200000000	n/a	n/a	STATUS	n/a	n/a	DIN5
597.2720000000	n/a	n/a	STATUS	n/a	n/a	D255
597.7120000000	n/a	n/a	STATUS	n/a	n/a	D207
597.7600000000	n/a	n/a	STATUS	n/a	n/a	D255
597.8000000000	n/a	n/a	STATUS	n/a	n/a	DI53
597.8480000000	n/a	n/a	STATUS	n/a	n/a	D255
598.0760000000	n/a	n/a	STATUS	n/a	n/a	DI43
598.1240000000	n/a	n/a	STATUS	n/a	n/a	D255
598.3840000000	n/a	n/a	STATUS	n/a	n/a	DIN5
598.4360000000	n/a	n/a	STATUS	n/a	n/a	D255
598.7800000000	n/a	n/a	STATUS	n/a	n/a	D204
598.8280000000	n/a	n/a	STATUS	n/a	n/a	D255
598.8680000000	n/a	n/a	STATUS	n/a	n/a	DI53
598.9160000000	n/a	n/a	STATUS	n/a	n/a	D255
599.1600000000	n/a	n/a	STATUS	n/a	n/a	DI43
599.2120000000	n/a	n/a	STATUS	n/a	n/a	D255
599.4720000000	n/a	n/a	STATUS	n/a	n/a	DIN5
599.5200000000	n/a	n/a	STATUS	n/a	n/a	D255
599.9960000000	n/a	n/a	STATUS	n/a	n/a	D139
600.0480000000	n/a	n/a	STATUS	n/a	n/a	D255
600.0840000000	n/a	n/a	STATUS	n/a	n/a	DI53
600.1360000000	n/a	n/a	STATUS	n/a	n/a	D255
600.3520000000	n/a	n/a	STATUS	n/a	n/a	DI43
600.4040000000	n/a	n/a	STATUS	n/a	n/a	D255
600.6640000000	n/a	n/a	STATUS	n/a	n/a	DIN5
600.7120000000	n/a	n/a	STATUS	n/a	n/a	D255
601.0640000000	n/a	n/a	STATUS	n/a	n/a	D154
601.1120000000	n/a	n/a	STATUS	n/a	n/a	D255
601.1480000000	n/a	n/a	STATUS	n/a	n/a	DI51
601.2000000000	n/a	n/a	STATUS	n/a	n/a	D255
601.5280000000	n/a	n/a	STATUS	n/a	n/a	DI31
601.5760000000	n/a	n/a	STATUS	n/a	n/a	D255
601.8360000000	n/a	n/a	STATUS	n/a	n/a	DIN5
601.8880000000	n/a	n/a	STATUS	n/a	n/a	D255
602.3440000000	n/a	n/a	STATUS	n/a	n/a	D195
602.3960000000	n/a	n/a	STATUS	n/a	n/a	D255
602.4320000000	n/a	n/a	STATUS	n/a	n/a	DI51
602.4840000000	n/a	n/a	STATUS	n/a	n/a	D255
602.6840000000	n/a	n/a	STATUS	n/a	n/a	DI21
602.7360000000	n/a	n/a	STATUS	n/a	n/a	D255
602.7400000000	n/a	n/a	STATUS	n/a	n/a	DIN4
602.7920000000	n/a	n/a	STATUS	n/a	n/a	D255
603.5440000000	n/a	n/a	STATUS	n/a	n/a	DIN5
603.5960000000	n/a	n/a	STATUS	n/a	n/a	D255
603.9160000000	n/a	n/a	STATUS	n/a	n/a	D214
603.9640000000	n/a	n/a	STATUS	n/a	n/a	D255
604.0040000000	n/a	n/a	STATUS	n/a	n/a	DI52
604.0520000000	n/a	n/a	STATUS	n/a	n/a	D255
604.3600000000	n/a	n/a	STATUS	n/a	n/a	DI42
604.4120000000	n/a	n/a	STATUS	n/a	n/a	D255
604.6720000000	n/a	n/a	STATUS	n/a	n/a	DIN5
604.7200000000	n/a	n/a	STATUS	n/a	n/a	D255
605.1160000000	n/a	n/a	STATUS	n/a	n/a	DI91
605.1640000000	n/a	n/a	STATUS	n/a	n/a	D255
605.2040000000	n/a	n/a	STATUS	n/a	n/a	DI52
605.2520000000	n/a	n/a	STATUS	n/a	n/a	D255
605.5040000000	n/a	n/a	STATUS	n/a	n/a	DI42
605.5560000000	n/a	n/a	STATUS	n/a	n/a	D255
605.8160000000	n/a	n/a	STATUS	n/a	n/a	DIN5
605.8640000000	n/a	n/a	STATUS	n/a	n/a	D255
606.2680000000	n/a	n/a	STATUS	n/a	n/a	D121
606.3200000000	n/a	n/a	STATUS	n/a	n/a	D255
606.3560000000	n/a	n/a	STATUS	n/a	n/a	DI53
606.4080000000	n/a	n/a	STATUS	n/a	n/a	D255
606.6040000000	n/a	n/a	STATUS	n/a	n/a	DI43
606.6520000000	n/a	n/a	STATUS	n/a	n/a	D255
606.9120000000	n/a	n/a	STATUS	n/a	n/a	DIN5
606.9640000000	n/a	n/a	STATUS	n/a	n/a	D255
607.2680000000	n/a	n/a	STATUS	n/a	n/a	D191
607.3160000000	n/a	n/a	STATUS	n/a	n/a	D255
607.3560000000	n/a	n/a	STATUS	n/a	n/a	DI51
607.4040000000	n/a	n/a	STATUS	n/a	n/a	D255
607.7400000000	n/a	n/a	STATUS	n/a	n/a	DI31
607.7920000000	n/a	n/a	STATUS	n/a	n/a	D255
608.0520000000	n/a	n/a	STATUS	n/a	n/a	DIN5
608.1000000000	n/a	n/a	STATUS	n/a	n/a	D255
608.5000000000	n/a	n/a	STATUS	n/a	n/a	DI77
608.5480000000	n/a	n/a	STATUS	n/a	n/a	D255
608.5880000000	n/a	n/a	STATUS	n/a	n/a	DI54
608.6400000000	n/a	n/a	STATUS	n/a	n/a	D255
608.8840000000	n/a	n/a	STATUS	n/a	n/a	DI34
608.9360000000	n/a	n/a	STATUS	n/a	n/a	D255
609.1960000000	n/a	n/a	STATUS	n/a	n/a	DIN5
609.2440000000	n/a	n/a	STATUS	n/a	n/a	D255
609.6400000000	n/a	n/a	STATUS	n/a	n/a	D169
609.6880000000	n/a	n/a	STATUS	n/a	n/a	D255
609.7280000000	n/a	n/a	STATUS	n/a	n/a	DI51
609.7760000000	n/a	n/a	STATUS	n/a	n/a	D255
609.9760000000	n/a	n/a	STATUS	n/a	n/a	DI21
610.0280000000	n/a	n/a	STATUS	n/a	n/a	D255
610.0320000000	n/a	n/a	STATUS	n/a	n/a	DIN4
610.0800000000	n/a	n/a	STATUS	n/a	n/a	D255
610.8360000000	n/a	n/a	STATUS	n/a	n/a	DIN5
610.8840000000	n/a	n/a	STATUS	n/a	n/a	D255
611.2240000000	n/a	n/a	STATUS	n/a	n/a	D241
611.2760000000	n/a	n/a	STATUS	n/a	n/a	D255
611.3120000000	n/a	n/a	STATUS	n/a	n/a	DI51
611.3640000000	n/a	n/a	STATUS	n/a	n/a	D255
611.6840000000	n/a	n/a	STATUS	n/a	n/a	DI31
611.7360000000	n/a	n/a	STATUS	n/a	n/a	D255
611.9960000000	n/a	n/a	STATUS	n/a	n/a	DIN5
612.0440000000	n/a	n/a	STATUS	n/a	n/a	D255
612.5400000000	n/a	n/a	STATUS	n/a	n/a	DI70
612.5880000000	n/a	n/a	STATUS	n/a	n/a	D255
612.6280000000	n/a	n/a	STATUS	n/a	n/a	DI52
612.6760000000	n/a	n/a	STATUS	n/a	n/a	D255
612.9840000000	n/a	n/a	STATUS	n/a	n/a	DI42
613.0320000000	n/a	n/a	STATUS	n/a	n/a	D255
613.2920000000	n/a	n/a	STATUS	n/a	n/a	DIN5
613.3400000000	n/a	n/a	STATUS	n/a	n/a	D255
613.7280000000	n/a	n/a	STATUS	n/a	n/a	D120
613.7760000000	n/a	n/a	STATUS	n/a	n/a	D255
613.8160000000	n/a	n/a	STATUS	n/a	n/a	DI53
613.8640000000	n/a	n/a	STATUS	n/a	n/a	D255
614.0960000000	n/a	n/a	STATUS	n/a	n/a	DI43
614.1480000000	n/a	n/a	STATUS	n/a	n/a	D255
614.4040000000	n/a	n/a	STATUS	n/a	n/a	DIN5
614.4560000000	n/a	n/a	STATUS	n/a	n/a	D255
614.7920000000	n/a	n/a	STATUS	n/a	n/a	D178
614.8400000000	n/a	n/a	STATUS	n/a	n/a	D255
614.8800000000	n/a	n/a	STATUS	n/a	n/a	DI51
614.9280000000	n/a	n/a	STATUS	n/a	n/a	D255
615.3160000000	n/a	n/a	STATUS	n/a	n/a	DI31
615.3640000000	n/a	n/a	STATUS	n/a	n/a	D255
615.6240000000	n/a	n/a	STATUS	n/a	n/a	DIN5
615.6760000000	n/a	n/a	STATUS	n/a	n/a	D255
616.1600000000	n/a	n/a	STATUS	n/a	n/a	D205
616.2080000000	n/a	n/a	STATUS	n/a	n/a	D255
616.2480000000	n/a	n/a	STATUS	n/a	n/a	DI54
616.2960000000	n/a	n/a	STATUS	n/a	n/a	D255
616.5400000000	n/a	n/a	STATUS	n/a	n/a	DI34
616.5920000000	n/a	n/a	STATUS	n/a	n/a	D255
616.8480000000	n/a	n/a	STATUS	n/a	n/a	DIN5
616.9000000000	n/a	n/a	STATUS	n/a	n/a	D255
617.3160000000	n/a	n/a	STATUS	n/a	n/a	D110
617.3640000000	n/a	n/a	STATUS	n/a	n/a	D255
617.4040000000	n/a	n/a	STATUS	n/a	n/a	DI51
617.4520000000	n/a	n/a	STATUS	n/a	n/a	D255
617.7480000000	n/a	n/a	STATUS	n/a	n/a	DI31
617.8000000000	n/a	n/a	STATUS	n/a	n/a	D255
618.0600000000	n/a	n/a	STATUS	n/a	n/a	DIN5
618.1080000000	n/a	n/a	STATUS	n/a	n/a	D255
618.5080000000	n/a	n/a	STATUS	n/a	n/a	D199
618.5600000000	n/a	n/a	STATUS	n/a	n/a	D255
618.5960000000	n/a	n/a	STATUS	n/a	n/a	DI51
618.6480000000	n/a	n/a	STATUS	n/a	n/a	D255
618.9040000000	n/a	n/a	STATUS	n/a	n/a	DI31
618.9520000000	n/a	n/a	STATUS	n/a	n/a	D255
619.2120000000	n/a	n/a	STATUS	n/a	n/a	DIN5
619.2640000000	n/a	n/a	STATUS	n/a	n/a	D255
619.6680000000	n/a	n/a	STATUS	n/a	n/a	D254
619.7160000000	n/a	n/a	STATUS	n/a	n/a	D255
619.7560000000	n/a	n/a	STATUS	n/a	n/a	DI51
619.8040000000	n/a	n/a	STATUS	n/a	n/a	D255
620.0360000000	n/a	n/a	STATUS	n/a	n/a	DI21
620.0880000000	n/a	n/a	STATUS	n/a	n/a	D255
620.0920000000	n/a	n/a	STATUS	n/a	n/a	DIN4
620.1440000000	n/a	n/a	STATUS	n/a	n/a	D255
620.8960000000	n/a	n/a	STATUS	n/a	n/a	DIN5
620.9480000000	n/a	n/a	STATUS	n/a	n/a	D255
621.3880000000	n/a	n/a	STATUS	n/a	n/a	D136
621.4360000000	n/a	n/a	STATUS	n/a	n/a	D255
621.4720000000	n/a	n/a	STATUS	n/a	n/a	DI51
621.5240000000	n/a	n/a	STATUS	n/a	n/a	D255
621.8280000000	n/a	n/a	STATUS	n/a	n/a	DI31
621.8760000000	n/a	n/a	STATUS	n/a	n/a	D255
622.1360000000	n/a	n/a	STATUS	n/a	n/a	DIN5
622.1880000000	n/a	n/a	STATUS	n/a	n/a	D255
622.6600000000	n/a	n/a	STATUS	n/a	n/a	D224
622.7120000000	n/a	n/a	STATUS	n/a	n/a	D255
622.7480000000	n/a	n/a	STATUS	n/a	n/a	DI53
622.8000000000	n/a	n/a	STATUS	n/a	n/a	D255
623.0520000000	n/a	n/a	STATUS	n/a	n/a	DI13
623.1000000000	n/a	n/a	STATUS	n/a	n/a	D255
623.1040000000	n/a	n/a	STATUS	n/a	n/a	DIN4
623.1560000000	n/a	n/a	STATUS	n/a	n/a	D255
623.9120000000	n/a	n/a	STATUS	n/a	n/a	DIN5
623.9600000000	n/a	n/a	STATUS	n/a	n/a	D255
624.3080000000	n/a	n/a	STATUS	n/a	n/a	D152
624.3600000000	n/a	n/a	STATUS	n/a	n/a	D255
624.4000000000	n/a	n/a	STATUS	n/a	n/a	DI51
624.4480000000	n/a	n/a	STATUS	n/a	n/a	D255
624.7720000000	n/a	n/a	STATUS	n/a	n/a	DI31
624.8200000000	n/a	n/a	STATUS	n/a	n/a	D255
625.0800000000	n/a	n/a	STATUS	n/a	n/a	DIN5
625.1320000000	n/a	n/a	STATUS	n/a	n/a	D255
625.4800000000	n/a	n/a	STATUS	n/a	n/a	D252
625.5320000000	n/a	n/a	STATUS	n/a	n/a	D255
625.5680000000	n/a	n/a	STATUS	n/a	n/a	DI51
625.6160000000	n/a	n/a	STATUS	n/a	n/a	D255
625.8920000000	n/a	n/a	STATUS	n/a	n/a	DI21
625.9440000000	n/a	n/a	STATUS	n/a	n/a	D255
625.9480000000	n/a	n/a	STATUS	n/a	n/a	DIN4
625.9960000000	n/a	n/a	STATUS	n/a	n/a	D255
626.7520000000	n/a	n/a	STATUS	n/a	n/a	DIN5
626.8040000000	n/a	n/a	STATUS	n/a	n/a	D255
627.1920000000	n/a	n/a	STATUS	n/a	n/a	D149
627.2440000000	n/a	n/a	STATUS	n/a	n/a	D255
627.2800000000	n/a	n/a	STATUS	n/a	n/a	DI54
627.3280000000	n/a	n/a	STATUS	n/a	n/a	D255
627.6000000000	n/a	n/a	STATUS	n/a	n/a	DI34
627.6520000000	n/a	n/a	STATUS	n/a	n/a	D255
627.9120000000	n/a	n/a	STATUS	n/a	n/a	DIN5
627.9600000000	n/a	n/a	STATUS	n/a	n/a	D255
628.3240000000	n/a	n/a	STATUS	n/a	n/a	D161
628.3760000000	n/a	n/a	STATUS	n/a	n/a	D255
628.4120000000	n/a	n/a	STATUS	n/a	n/a	DI53
628.4640000000	n/a	n/a	STATUS	n/a	n/a	D255
628.7280000000	n/a	n/a	STATUS	n/a	n/a	DI43
628.7800000000	n/a	n/a	STATUS	n/a	n/a	D255
628.7800000000	n/a	n/a	STATUS	n/a	n/a	D171
629.0400000000	n/a	n/a	STATUS	n/a	n/a	DIN5
629.0880000000	n/a	n/a	STATUS	n/a	n/a	D255
629.5440000000	n/a	n/a	STATUS	n/a	n/a	D141
629.5920000000	n/a	n/a	STATUS	n/a	n/a	D255
629.6320000000	n/a	n/a	STATUS	n/a	n/a	DI53
629.6800000000	n/a	n/a	STATUS	n/a	n/a	D255
629.9280000000	n/a	n/a	STATUS	n/a	n/a	DI43
629.9800000000	n/a	n/a	STATUS	n/a	n/a	D255
630.2360000000	n/a	n/a	STATUS	n/a	n/a	DIN5
630.2880000000	n/a	n/a	STATUS	n/a	n/a	D255
630.7560000000	n/a	n/a	STATUS	n/a	n/a	D246
630.8080000000	n/a	n/a	STATUS	n/a	n/a	D255
630.8440000000	n/a	n/a	STATUS	n/a	n/a	DI54
630.8960000000	n/a	n/a	STATUS	n/a	n/a	D255
631.1320000000	n/a	n/a	STATUS	n/a	n/a	DI34
631.1800000000	n/a	n/a	STATUS	n/a	n/a	D255
631.4400000000	n/a	n/a	STATUS	n/a	n/a	DIN5
631.4880000000	n/a	n/a	STATUS	n/a	n/a	D255
631.9640000000	n/a	n/a	STATUS	n/a	n/a	D221
632.0160000000	n/a	n/a	STATUS	n/a	n/a	D255
632.0520000000	n/a	n/a	STATUS	n/a	n/a	DI54
632.1000000000	n/a	n/a	STATUS	n/a	n/a	D255
632.3480000000	n/a	n/a	STATUS	n/a	n/a	DI34
632.4000000000	n/a	n/a	STATUS	n/a	n/a	D255
632.6600000000	n/a	n/a	STATUS	n/a	n/a	DIN5
632.7080000000	n/a	n/a	STATUS	n/a	n/a	D255
633.0880000000	n/a	n/a	STATUS	n/a	n/a	D240
633.1400000000	n/a	n/a	STATUS	n/a	n/a	D255
633.1760000000	n/a	n/a	STATUS	n/a	n/a	DI54
633.2280000000	n/a	n/a	STATUS	n/a	n/a	D255
633.4600000000	n/a	n/a	STATUS	n/a	n/a	DI34
633.5080000000	n/a	n/a	STATUS	n/a	n/a	D255
633.7680000000	n/a	n/a	STATUS	n/a	n/a	DIN5
633.8160000000	n/a	n/a	STATUS	n/a	n/a	D255
634.2080000000	n/a	n/a	STATUS	n/a	n/a	D181
634.2600000000	n/a	n/a	STATUS	n/a	n/a	D255
634.2960000000	n/a	n/a	STATUS	n/a	n/a	DI52
634.3480000000	n/a	n/a	STATUS	n/a	n/a	D255
634.6040000000	n/a	n/a	STATUS	n/a	n/a	DI12
634.6520000000	n/a	n/a	STATUS	n/a	n/a	D255
634.6600000000	n/a	n/a	STATUS	n/a	n/a	DIN4
634.7080000000	n/a	n/a	STATUS	n/a	n/a	D255
635.4640000000	n/a	n/a	STATUS	n/a	n/a	DIN5
635.5120000000	n/a	n/a	STATUS	n/a	n/a	D255
635.9800000000	n/a	n/a	STATUS	n/a	n/a	D211
636.0280000000	n/a	n/a	STATUS	n/a	n/a	D255
636.0680000000	n/a	n/a	STATUS	n/a	n/a	DI53
636.1160000000	n/a	n/a	STATUS	n/a	n/a	D255
636.3560000000	n/a	n/a	STATUS	n/a	n/a	DI43
636.4080000000	n/a	n/a	STATUS	n/a	n/a	D255
636.6680000000	n/a	n/a	STATUS	n/a	n/a	DIN5
636.7160000000	n/a	n/a	STATUS	n/a	n/a	D255
637.1440000000	n/a	n/a	STATUS	n/a	n/a	D180
637.1920000000	n/a	n/a	STATUS	n/a	n/a	D255
637.2280000000	n/a	n/a	STATUS	n/a	n/a	DI52
637.2800000000	n/a	n/a	STATUS	n/a	n/a	D255
637.5360000000	n/a	n/a	STATUS	n/a	n/a	DI12
637.5880000000	n/a	n/a	STATUS	n/a	n/a	D255
637.5920000000	n/a	n/a	STATUS	n/a	n/a	DIN4
637.6400000000	n/a	n/a	STATUS	n/a	n/a	D255
638.3960000000	n/a	n/a	STATUS	n/a	n/a	DIN5
638.4480000000	n/a	n/a	STATUS	n/a	n/a	D255
638.8720000000	n/a	n/a	STATUS	n/a	n/a	DI95
638.9200000000	n/a	n/a	STATUS	n/a	n/a	D255
638.9600000000	n/a	n/a	STATUS	n/a	n/a	DI53
639.0080000000	n/a	n/a	STATUS	n/a	n/a	D255
639.2680000000	n/a	n/a	STATUS	n/a	n/a	DI43
639.3200000000	n/a	n/a	STATUS	n/a	n/a	D255
639.5760000000	n/a	n/a	STATUS	n/a	n/a	DIN5
639.6280000000	n/a	n/a	STATUS	n/a	n/a	D255
639.9960000000	n/a	n/a	STATUS	n/a	n/a	DI90
640.0480000000	n/a	n/a	STATUS	n/a	n/a	D255
640.0840000000	n/a	n/a	STATUS	n/a	n/a	DI51
640.1360000000	n/a	n/a	STATUS	n/a	n/a	D255
640.4640000000	n/a	n/a	STATUS	n/a	n/a	DI31
640.5160000000	n/a	n/a	STATUS	n/a	n/a	D255
640.7720000000	n/a	n/a	STATUS	n/a	n/a	DIN5
640.8240000000	n/a	n/a	STATUS	n/a	n/a	D255
641.1880000000	n/a	n/a	STATUS	n/a	n/a	DI96
641.2400000000	n/a	n/a	STATUS	n/a	n/a	D255
641.2760000000	n/a	n/a	STATUS	n/a	n/a	DI53
641.3280000000	n/a	n/a	STATUS	n/a	n/a	D255
641.6920000000	n/a	n/a	STATUS	n/a	n/a	DI43
641.7400000000	n/a	n/a	STATUS	n/a	n/a	D255
642.0000000000	n/a	n/a	STATUS	n/a	n/a	DIN5
642.0520000000	n/a	n/a	STATUS	n/a	n/a	D255
642.4360000000	n/a	n/a	STATUS	n/a	n/a	D210
642.4840000000	n/a	n/a	STATUS	n/a	n/a	D255
642.5240000000	n/a	n/a	STATUS	n/a	n/a	DI53
642.5720000000	n/a	n/a	STATUS	n/a	n/a	D255
642.8560000000	n/a	n/a	STATUS	n/a	n/a	DI43
642.9040000000	n/a	n/a	STATUS	n/a	n/a	D255
643.1640000000	n/a	n/a	STATUS	n/a	n/a	DIN5
643.2160000000	n/a	n/a	STATUS	n/a	n/a	D255
643.5680000000	n/a	n/a	STATUS	n/a	n/a	D219
643.6200000000	n/a	n/a	STATUS	n/a	n/a	D255
643.6560000000	n/a	n/a	STATUS	n/a	n/a	DI53
643.7080000000	n/a	n/a	STATUS	n/a	n/a	D255
643.9600000000	n/a	n/a	STATUS	n/a	n/a	DI43
644.0080000000	n/a	n/a	STATUS	n/a	n/a	D255
644.2680000000	n/a	n/a	STATUS	n/a	n/a	DIN5
644.3200000000	n/a	n/a	STATUS	n/a	n/a	D255
644.3200000000	n/a	n/a	STATUS	n/a	n/a	D231
644.7920000000	n/a	n/a	STATUS	n/a	n/a	D100
644.8440000000	n/a	n/a	STATUS	n/a	n/a	D255
644.8800000000	n/a	n/a	STATUS	n/a	n/a	DI54
644.9320000000	n/a	n/a	STATUS	n/a	n/a	D255
645.1600000000	n/a	n/a	STATUS	n/a	n/a	DI34
645.2080000000	n/a	n/a	STATUS	n/a	n/a	D255
645.4680000000	n/a	n/a	STATUS	n/a	n/a	DIN5
645.5200000000	n/a	n/a	STATUS	n/a	n/a	D255
645.9360000000	n/a	n/a	STATUS	n/a	n/a	D220
645.9840000000	n/a	n/a	STATUS	n/a	n/a	D255
646.0240000000	n/a	n/a	STATUS	n/a	n/a	DI52
646.0720000000	n/a	n/a	STATUS	n/a	n/a	D255
646.4080000000	n/a	n/a	STATUS	n/a	n/a	DI42
646.4600000000	n/a	n/a	STATUS	n/a	n/a	D255
646.7200000000	n/a	n/a	STATUS	n/a	n/a	DIN5
646.7680000000	n/a	n/a	STATUS	n/a	n/a	D255
647.1360000000	n/a	n/a	STATUS	n/a	n/a	D200
647.1840000000	n/a	n/a	STATUS	n/a	n/a	D255
647.2200000000	n/a	n/a	STATUS	n/a	n/a	DI51
647.2720000000	n/a	n/a	STATUS	n/a	n/a	D255
647.6520000000	n/a	n/a	STATUS	n/a	n/a	DI31
647.7000000000	n/a	n/a	STATUS	n/a	n/a	D255
647.9600000000	n/a	n/a	STATUS	n/a	n/a	DIN5
648.0120000000	n/a	n/a	STATUS	n/a	n/a	D255
648.4920000000	n/a	n/a	STATUS	n/a	n/a	D190
648.5400000000	n/a	n/a	STATUS	n/a	n/a	D255
648.5800000000	n/a	n/a	STATUS	n/a	n/a	DI54
648.6280000000	n/a	n/a	STATUS	n/a	n/a	D255
648.8880000000	n/a	n/a	STATUS	n/a	n/a	DI34
648.9360000000	n/a	n/a	STATUS	n/a	n/a	D255
649.1960000000	n/a	n/a	STATUS	n/a	n/a	DIN5
649.2480000000	n/a	n/a	STATUS	n/a	n/a	D255
649.5720000000	n/a	n/a	STATUS	n/a	n/a	D113
649.6200000000	n/a	n/a	STATUS	n/a	n/a	D255
649.6600000000	n/a	n/a	STATUS	n/a	n/a	DI52
649.7080000000	n/a	n/a	STATUS	n/a	n/a	D255
650.0120000000	n/a	n/a	STATUS	n/a	n/a	DI42
650.0600000000	n/a	n/a	STATUS	n/a	n/a	D255
650.3200000000	n/a	n/a	STATUS	n/a	n/a	DIN5
650.3720000000	n/a	n/a	STATUS	n/a	n/a	D255
650.7640000000	n/a	n/a	STATUS	n/a	n/a	D122
650.8160000000	n/a	n/a	STATUS	n/a	n/a	D255
650.8520000000	n/a	n/a	STATUS	n/a	n/a	DI53
650.9040000000	n/a	n/a	STATUS	n/a	n/a	D255
651.1840000000	n/a	n/a	STATUS	n/a	n/a	DI43
651.2320000000	n/a	n/a	STATUS	n/a	n/a	D255
651.4920000000	n/a	n/a	STATUS	n/a	n/a	DIN5
651.5400000000	n/a	n/a	STATUS	n/a	n/a	D255
651.9480000000	n/a	n/a	STATUS	n/a	n/a	D188
651.9960000000	n/a	n/a	STATUS	n/a	n/a	D255
652.0320000000	n/a	n/a	STATUS	n/a	n/a	DI52
652.0840000000	n/a	n/a	STATUS	n/a	n/a	D255
652.3320000000	n/a	n/a	STATUS	n/a	n/a	DI12
652.3840000000	n/a	n/a	STATUS	n/a	n/a	D255
652.3880000000	n/a	n/a	STATUS	n/a	n/a	DIN4
652.4400000000	n/a	n/a	STATUS	n/a	n/a	D255
653.1920000000	n/a	n/a	STATUS	n/a	n/a	DIN5
653.2440000000	n/a	n/a	STATUS	n/a	n/a	D255
653.7280000000	n/a	n/a	STATUS	n/a	n/a	D170
653.7760000000	n/a	n/a	STATUS	n/a	n/a	D255
653.8160000000	n/a	n/a	STATUS	n/a	n/a	DI51
653.8680000000	n/a	n/a	STATUS	n/a	n/a	D255
654.1680000000	n/a	n/a	STATUS	n/a	n/a	DI31
654.2160000000	n/a	n/a	STATUS	n/a	n/a	D255
654.4760000000	n/a	n/a	STATUS	n/a	n/a	DIN5
654.5280000000	n/a	n/a	STATUS	n/a	n/a	D255
654.9000000000	n/a	n/a	STATUS	n/a	n/a	D182
654.9520000000	n/a	n/a	STATUS	n/a	n/a	D255
654.9920000000	n/a	n/a	STATUS	n/a	n/a	DI54
655.0400000000	n/a	n/a	STATUS	n/a	n/a	D255
655.3040000000	n/a	n/a	STATUS	n/a	n/a	DI34
655.3560000000	n/a	n/a	STATUS	n/a	n/a	D255
655.6120000000	n/a	n/a	STATUS	n/a	n/a	DIN5
655.6640000000	n/a	n/a	STATUS	n/a	n/a	D255
656.0480000000	n/a	n/a	STATUS	n/a	n/a	D206
656.0960000000	n/a	n/a	STATUS	n/a	n/a	D255
656.1360000000	n/a	n/a	STATUS	n/a	n/a	DI52
656.1840000000	n/a	n/a	STATUS	n/a	n/a	D255
656.4880000000	n/a	n/a	STATUS	n/a	n/a	DI42
656.5360000000	n/a	n/a	STATUS	n/a	n/a	D255
656.7960000000	n/a	n/a	STATUS	n/a	n/a	DIN5
656.8480000000	n/a	n/a	STATUS	n/a	n/a	D255
657.2760000000	n/a	n/a	STATUS	n/a	n/a	D213
657.3280000000	n/a	n/a	STATUS	n/a	n/a	D255
657.3640000000	n/a	n/a	STATUS	n/a	n/a	DI51
657.4120000000	n/a	n/a	STATUS	n/a	n/a	D255
657.6240000000	n/a	n/a	STATUS	n/a	n/a	DI21
657.6720000000	n/a	n/a	STATUS	n/a	n/a	D255
657.6800000000	n/a	n/a	STATUS	n/a	n/a	DIN4
657.7280000000	n/a	n/a	STATUS	n/a	n/a	D255
658.4840000000	n/a	n/a	STATUS	n/a	n/a	DIN5
658.5320000000	n/a	n/a	STATUS	n/a	n/a	D255
658.9160000000	n/a	n/a	STATUS	n/a	n/a	D159
658.9640000000	n/a	n/a	STATUS	n/a	n/a	D255
659.0000000000	n/a	n/a	STATUS	n/a	n/a	DI53
659.0520000000	n/a	n/a	STATUS	n/a	n/a	D255
659.3280000000	n/a	n/a	STATUS	n/a	n/a	DI43
659.3760000000	n/a	n/a	STATUS	n/a	n/a	D255
659.3760000000	n/a	n/a	STATUS	n/a	n/a	D239
659.6360000000	n/a	n/a	STATUS	n/a	n/a	DIN5
659.6880000000	n/a	n/a	STATUS	n/a	n/a	D255
660.1360000000	n/a	n/a	STATUS	n/a	n/a	D209
660.1880000000	n/a	n/a	STATUS	n/a	n/a	D255
660.2240000000	n/a	n/a	STATUS	n/a	n/a	DI52
660.2760000000	n/a	n/a	STATUS	n/a	n/a	D255
660.5320000000	n/a	n/a	STATUS	n/a	n/a	DI12
660.5840000000	n/a	n/a	STATUS	n/a	n/a	DIN4
660.5840000000	n/a	n/a	STATUS	n/a	n/a	D255
660.6360000000	n/a	n/a	STATUS	n/a	n/a	D255
661.3920000000	n/a	n/a	STATUS	n/a	n/a	DIN5
661.4400000000	n/a	n/a	STATUS	n/a	n/a	D255
661.9400000000	n/a	n/a	STATUS	n/a	n/a	D165
661.9920000000	n/a	n/a	STATUS	n/a	n/a	D255
662.0280000000	n/a	n/a	STATUS	n/a	n/a	DI54
662.0800000000	n/a	n/a	STATUS	n/a	n/a	D255
662.3440000000	n/a	n/a	STATUS	n/a	n/a	DI34
662.3960000000	n/a	n/a	STATUS	n/a	n/a	D255
662.6520000000	n/a	n/a	STATUS	n/a	n/a	DIN5
662.7040000000	n/a	n/a	STATUS	n/a	n/a	D255
663.1280000000	n/a	n/a	STATUS	n/a	n/a	D156
663.1800000000	n/a	n/a	STATUS	n/a	n/a	D255
663.2160000000	n/a	n/a	STATUS	n/a	n/a	DI52
663.2640000000	n/a	n/a	STATUS	n/a	n/a	D255
663.5680000000	n/a	n/a	STATUS	n/a	n/a	DI42
663.6160000000	n/a	n/a	STATUS	n/a	n/a	D255
663.8760000000	n/a	n/a	STATUS	n/a	n/a	DIN5
663.9280000000	n/a	n/a	STATUS	n/a	n/a	D255
664.4040000000	n/a	n/a	STATUS	n/a	n/a	D107
664.4560000000	n/a	n/a	STATUS	n/a	n/a	D255
664.4960000000	n/a	n/a	STATUS	n/a	n/a	DI52
664.5440000000	n/a	n/a	STATUS	n/a	n/a	D255
664.8400000000	n/a	n/a	STATUS	n/a	n/a	DI42
664.8920000000	n/a	n/a	STATUS	n/a	n/a	D255
665.1480000000	n/a	n/a	STATUS	n/a	n/a	DIN5
665.2000000000	n/a	n/a	STATUS	n/a	n/a	D255
665.5800000000	n/a	n/a	STATUS	n/a	n/a	DI92
665.6320000000	n/a	n/a	STATUS	n/a	n/a	D255
665.6680000000	n/a	n/a	STATUS	n/a	n/a	DI52
665.7200000000	n/a	n/a	STATUS	n/a	n/a	D255
666.0480000000	n/a	n/a	STATUS	n/a	n/a	DI42
666.0960000000	n/a	n/a	STATUS	n/a	n/a	D255
666.3560000000	n/a	n/a	STATUS	n/a	n/a	DIN5
666.4080000000	n/a	n/a	STATUS	n/a	n/a	D255
666.7520000000	n/a	n/a	STATUS	n/a	n/a	D226
666.8000000000	n/a	n/a	STATUS	n/a	n/a	D255
666.8400000000	n/a	n/a	STATUS	n/a	n/a	DI53
666.8880000000	n/a	n/a	STATUS	n/a	n/a	D255
667.2120000000	n/a	n/a	STATUS	n/a	n/a	DI43
667.2640000000	n/a	n/a	STATUS	n/a	n/a	D255
667.5240000000	n/a	n/a	STATUS	n/a	n/a	DIN5
667.5720000000	n/a	n/a	STATUS	n/a	n/a	D255
667.9440000000	n/a	n/a	STATUS	n/a	n/a	D248
667.9920000000	n/a	n/a	STATUS	n/a	n/a	D255
668.0280000000	n/a	n/a	STATUS	n/a	n/a	DI52
668.0800000000	n/a	n/a	STATUS	n/a	n/a	D255
668.3240000000	n/a	n/a	STATUS	n/a	n/a	DI42
668.3720000000	n/a	n/a	STATUS	n/a	n/a	D255
668.6320000000	n/a	n/a	STATUS	n/a	n/a	DIN5
668.6840000000	n/a	n/a	STATUS	n/a	n/a	D255
669.0520000000	n/a	n/a	STATUS	n/a	n/a	DI66
669.1000000000	n/a	n/a	STATUS	n/a	n/a	D255
669.1400000000	n/a	n/a	STATUS	n/a	n/a	DI54
669.1880000000	n/a	n/a	STATUS	n/a	n/a	D255
669.4920000000	n/a	n/a	STATUS	n/a	n/a	DI34
669.5440000000	n/a	n/a	STATUS	n/a	n/a	D255
669.8040000000	n/a	n/a	STATUS	n/a	n/a	DIN5
669.8520000000	n/a	n/a	STATUS	n/a	n/a	D255
670.3320000000	n/a	n/a	STATUS	n/a	n/a	D157
670.3840000000	n/a	n/a	STATUS	n/a	n/a	D255
670.4200000000	n/a	n/a	STATUS	n/a	n/a	DI54
670.4720000000	n/a	n/a	STATUS	n/a	n/a	D255
670.7080000000	n/a	n/a	STATUS	n/a	n/a	DI34
670.7560000000	n/a	n/a	STATUS	n/a	n/a	D255
671.0160000000	n/a	n/a	STATUS	n/a	n/a	DIN5
671.0680000000	n/a	n/a	STATUS	n/a	n/a	D255
671.4320000000	n/a	n/a	STATUS	n/a	n/a	D102
671.4800000000	n/a	n/a	STATUS	n/a	n/a	D255
671.5200000000	n/a	n/a	STATUS	n/a	n/a	DI53
671.5680000000	n/a	n/a	STATUS	n/a	n/a	D255
671.8400000000	n/a	n/a	STATUS	n/a	n/a	DI43
671.8920000000	n/a	n/a	STATUS	n/a	n/a	D255
672.1480000000	n/a	n/a	STATUS	n/a	n/a	DIN5
672.2000000000	n/a	n/a	STATUS	n/a	n/a	D255
672.6960000000	n/a	n/a	STATUS	n/a	n/a	D131
672.7440000000	n/a	n/a	STATUS	n/a	n/a	D255
672.7800000000	n/a	n/a	STATUS	n/a	n/a	DI54
672.8320000000	n/a	n/a	STATUS	n/a	n/a	D255
673.0600000000	n/a	n/a	STATUS	n/a	n/a	DI34
673.1120000000	n/a	n/a	STATUS	n/a	n/a	D255
673.3720000000	n/a	n/a	STATUS	n/a	n/a	DIN5
673.4200000000	n/a	n/a	STATUS	n/a	n/a	D255
673.8800000000	n/a	n/a	STATUS	n/a	n/a	DI80
673.9320000000	n/a	n/a	STATUS	n/a	n/a	D255
673.9680000000	n/a	n/a	STATUS	n/a	n/a	DI53
674.0200000000	n/a	n/a	STATUS	n/a	n/a	D255
674.1960000000	n/a	n/a	STATUS	n/a	n/a	DI43
674.2480000000	n/a	n/a	STATUS	n/a	n/a	D255
674.5040000000	n/a	n/a	STATUS	n/a	n/a	DIN5
674.5560000000	n/a	n/a	STATUS	n/a	n/a	D255
675.0320000000	n/a	n/a	STATUS	n/a	n/a	DI67
675.0800000000	n/a	n/a	STATUS	n/a	n/a	D255
675.1200000000	n/a	n/a	STATUS	n/a	n/a	DI52
675.1680000000	n/a	n/a	STATUS	n/a	n/a	D255
675.3400000000	n/a	n/a	STATUS	n/a	n/a	DI12
675.3880000000	n/a	n/a	STATUS	n/a	n/a	D255
675.3920000000	n/a	n/a	STATUS	n/a	n/a	DIN4
675.4440000000	n/a	n/a	STATUS	n/a	n/a	D255
676.1960000000	n/a	n/a	STATUS	n/a	n/a	DIN5
676.2480000000	n/a	n/a	STATUS	n/a	n/a	D255
676.5760000000	n/a	n/a	STATUS	n/a	n/a	D142
676.6280000000	n/a	n/a	STATUS	n/a	n/a	D255
676.6640000000	n/a	n/a	STATUS	n/a	n/a	DI54
676.7160000000	n/a	n/a	STATUS	n/a	n/a	D255
676.7160000000	n/a	n/a	STATUS	n/a	n/a	D247
677.0240000000	n/a	n/a	STATUS	n/a	n/a	DI34
677.0720000000	n/a	n/a	STATUS	n/a	n/a	D255
677.3320000000	n/a	n/a	STATUS	n/a	n/a	DIN5
677.3840000000	n/a	n/a	STATUS	n/a	n/a	D255
677.8560000000	n/a	n/a	STATUS	n/a	n/a	DI89
677.9080000000	n/a	n/a	STATUS	n/a	n/a	D255
677.9440000000	n/a	n/a	STATUS	n/a	n/a	DI53
677.9960000000	n/a	n/a	STATUS	n/a	n/a	D255
678.2200000000	n/a	n/a	STATUS	n/a	n/a	DI43
678.2720000000	n/a	n/a	STATUS	n/a	n/a	D255
678.5320000000	n/a	n/a	STATUS	n/a	n/a	DIN5
678.5800000000	n/a	n/a	STATUS	n/a	n/a	D255
678.9320000000	n/a	n/a	STATUS	n/a	n/a	D148
678.9800000000	n/a	n/a	STATUS	n/a	n/a	D255
679.0200000000	n/a	n/a	STATUS	n/a	n/a	DI53
679.0680000000	n/a	n/a	STATUS	n/a	n/a	D255
679.3240000000	n/a	n/a	STATUS	n/a	n/a	DI43
679.3720000000	n/a	n/a	STATUS	n/a	n/a	D255
679.6320000000	n/a	n/a	STATUS	n/a	n/a	DIN5
679.6840000000	n/a	n/a	STATUS	n/a	n/a	D255
680.0360000000	n/a	n/a	STATUS	n/a	n/a	D112
680.0880000000	n/a	n/a	STATUS	n/a	n/a	D255
680.1240000000	n/a	n/a	STATUS	n/a	n/a	DI52
680.1760000000	n/a	n/a	STATUS	n/a	n/a	D255
680.4840000000	n/a	n/a	STATUS	n/a	n/a	DI42
680.5360000000	n/a	n/a	STATUS	n/a	n/a	D255
680.7960000000	n/a	n/a	STATUS	n/a	n/a	DIN5
680.8440000000	n/a	n/a	STATUS	n/a	n/a	D255
681.3000000000	n/a	n/a	STATUS	n/a	n/a	D236
681.3480000000	n/a	n/a	STATUS	n/a	n/a	D255
681.3880000000	n/a	n/a	STATUS	n/a	n/a	DI51
681.4360000000	n/a	n/a	STATUS	n/a	n/a	D255
681.8080000000	n/a	n/a	STATUS	n/a	n/a	DI31
681.8560000000	n/a	n/a	STATUS	n/a	n/a	D255
682.1160000000	n/a	n/a	STATUS	n/a	n/a	DIN5
682.1680000000	n/a	n/a	STATUS	n/a	n/a	D255
682.5600000000	n/a	n/a	STATUS	n/a	n/a	D230
682.6120000000	n/a	n/a	STATUS	n/a	n/a	D255
682.6480000000	n/a	n/a	STATUS	n/a	n/a	DI52
682.7000000000	n/a	n/a	STATUS	n/a	n/a	D255
683.0240000000	n/a	n/a	STATUS	n/a	n/a	DI42
683.0720000000	n/a	n/a	STATUS	n/a	n/a	D255
683.0720000000	n/a	n/a	STATUS	n/a	n/a	D235
683.3320000000	n/a	n/a	STATUS	n/a	n/a	DIN5
683.3840000000	n/a	n/a	STATUS	n/a	n/a	D255
683.8320000000	n/a	n/a	STATUS	n/a	n/a	D239
683.8800000000	n/a	n/a	STATUS	n/a	n/a	D255
683.9200000000	n/a	n/a	STATUS	n/a	n/a	DI52
683.9720000000	n/a	n/a	STATUS	n/a	n/a	D255
684.2880000000	n/a	n/a	STATUS	n/a	n/a	DI42
684.3400000000	n/a	n/a	STATUS	n/a	n/a	D255
684.5960000000	n/a	n/a	STATUS	n/a	n/a	DIN5
684.6480000000	n/a	n/a	STATUS	n/a	n/a	D255
685.0720000000	n/a	n/a	STATUS	n/a	n/a	DI68
685.1240000000	n/a	n/a	STATUS	n/a	n/a	D255
685.1600000000	n/a	n/a	STATUS	n/a	n/a	DI54
685.2120000000	n/a	n/a	STATUS	n/a	n/a	D255
685.5240000000	n/a	n/a	STATUS	n/a	n/a	DI34
685.5720000000	n/a	n/a	STATUS	n/a	n/a	D255
685.8320000000	n/a	n/a	STATUS	n/a	n/a	DIN5
685.8840000000	n/a	n/a	STATUS	n/a	n/a	D255
686.2800000000	n/a	n/a	STATUS	n/a	n/a	D232
686.3320000000	n/a	n/a	STATUS	n/a	n/a	D255
686.3680000000	n/a	n/a	STATUS	n/a	n/a	DI54
686.4200000000	n/a	n/a	STATUS	n/a	n/a	D255
686.6920000000	n/a	n/a	STATUS	n/a	n/a	DI34
686.7440000000	n/a	n/a	STATUS	n/a	n/a	D255
687.0040000000	n/a	n/a	STATUS	n/a	n/a	DIN5
687.0520000000	n/a	n/a	STATUS	n/a	n/a	D255
687.3640000000	n/a	n/a	STATUS	n/a	n/a	D126
687.4120000000	n/a	n/a	STATUS	n/a	n/a	D255
687.4480000000	n/a	n/a	STATUS	n/a	n/a	DI54
687.5000000000	n/a	n/a	STATUS	n/a	n/a	D255
687.7840000000	n/a	n/a	STATUS	n/a	n/a	DI34
687.8320000000	n/a	n/a	STATUS	n/a	n/a	D255
688.0920000000	n/a	n/a	STATUS	n/a	n/a	DIN5
688.1440000000	n/a	n/a	STATUS	n/a	n/a	D255
688.4680000000	n/a	n/a	STATUS	n/a	n/a	DI75
688.5200000000	n/a	n/a	STATUS	n/a	n/a	D255
688.5560000000	n/a	n/a	STATUS	n/a	n/a	DI51
688.6080000000	n/a	n/a	STATUS	n/a	n/a	D255
688.8520000000	n/a	n/a	STATUS	n/a	n/a	DI21
688.9040000000	n/a	n/a	STATUS	n/a	n/a	D255
688.9080000000	n/a	n/a	STATUS	n/a	n/a	DIN4
688.9560000000	n/a	n/a	STATUS	n/a	n/a	D255
689.7120000000	n/a	n/a	STATUS	n/a	n/a	DIN5
689.7640000000	n/a	n/a	STATUS	n/a	n/a	D255
690.1760000000	n/a	n/a	STATUS	n/a	n/a	D185
690.2280000000	n/a	n/a	STATUS	n/a	n/a	D255
690.2640000000	n/a	n/a	STATUS	n/a	n/a	DI52
690.3160000000	n/a	n/a	STATUS	n/a	n/a	D255
690.6680000000	n/a	n/a	STATUS	n/a	n/a	DI42
690.7200000000	n/a	n/a	STATUS	n/a	n/a	D255
690.9760000000	n/a	n/a	STATUS	n/a	n/a	DIN5
691.0280000000	n/a	n/a	STATUS	n/a	n/a	D255
691.4720000000	n/a	n/a	STATUS	n/a	n/a	D245
691.5240000000	n/a	n/a	STATUS	n/a	n/a	D255
691.5600000000	n/a	n/a	STATUS	n/a	n/a	DI54
691.6120000000	n/a	n/a	STATUS	n/a	n/a	D255
691.9760000000	n/a	n/a	STATUS	n/a	n/a	DI34
692.0280000000	n/a	n/a	STATUS	n/a	n/a	D255
692.2880000000	n/a	n/a	STATUS	n/a	n/a	DIN5
692.3360000000	n/a	n/a	STATUS	n/a	n/a	D255
692.6960000000	n/a	n/a	STATUS	n/a	n/a	D251
692.7480000000	n/a	n/a	STATUS	n/a	n/a	D255
692.7840000000	n/a	n/a	STATUS	n/a	n/a	DI53
692.8320000000	n/a	n/a	STATUS	n/a	n/a	D255
693.0680000000	n/a	n/a	STATUS	n/a	n/a	DI43
693.1160000000	n/a	n/a	STATUS	n/a	n/a	D255
693.3760000000	n/a	n/a	STATUS	n/a	n/a	DIN5
693.4240000000	n/a	n/a	STATUS	n/a	n/a	D255
693.8400000000	n/a	n/a	STATUS	n/a	n/a	DI82
693.8920000000	n/a	n/a	STATUS	n/a	n/a	D255
693.9280000000	n/a	n/a	STATUS	n/a	n/a	DI53
693.9800000000	n/a	n/a	STATUS	n/a	n/a	D255
694.2200000000	n/a	n/a	STATUS	n/a	n/a	DI43
694.2680000000	n/a	n/a	STATUS	n/a	n/a	D255
694.5280000000	n/a	n/a	STATUS	n/a	n/a	DIN5
694.5800000000	n/a	n/a	STATUS	n/a	n/a	D255
695.0520000000	n/a	n/a	STATUS	n/a	n/a	D192
695.1040000000	n/a	n/a	STATUS	n/a	n/a	D255
695.1400000000	n/a	n/a	STATUS	n/a	n/a	DI53
695.1920000000	n/a	n/a	STATUS	n/a	n/a	D255
695.3880000000	n/a	n/a	STATUS	n/a	n/a	DI43
695.4400000000	n/a	n/a	STATUS	n/a	n/a	D255
695.7000000000	n/a	n/a	STATUS	n/a	n/a	DIN5
695.7480000000	n/a	n/a	STATUS	n/a	n/a	D255
696.1280000000	n/a	n/a	STATUS	n/a	n/a	D186
696.1800000000	n/a	n/a	STATUS	n/a	n/a	D255
696.2160000000	n/a	n/a	STATUS	n/a	n/a	DI53
696.2680000000	n/a	n/a	STATUS	n/a	n/a	D255
696.5200000000	n/a	n/a	STATUS	n/a	n/a	DI43
696.5720000000	n/a	n/a	STATUS	n/a	n/a	D255
696.8280000000	n/a	n/a	STATUS	n/a	n/a	DIN5
696.8800000000	n/a	n/a	STATUS	n/a	n/a	D255
697.3280000000	n/a	n/a	STATUS	n/a	n/a	D128
697.3800000000	n/a	n/a	STATUS	n/a	n/a	D255
697.4160000000	n/a	n/a	STATUS	n/a	n/a	DI52
697.4680000000	n/a	n/a	STATUS	n/a	n/a	D255
697.7280000000	n/a	n/a	STATUS	n/a	n/a	DI12
697.7760000000	n/a	n/a	STATUS	n/a	n/a	D255
697.7800000000	n/a	n/a	STATUS	n/a	n/a	DIN4
697.8320000000	n/a	n/a	STATUS	n/a	n/a	D255
698.5880000000	n/a	n/a	STATUS	n/a	n/a	DIN5
698.6360000000	n/a	n/a	STATUS	n/a	n/a	D255
699.1320000000	n/a	n/a	STATUS	n/a	n/a	D133
699.1840000000	n/a	n/a	STATUS	n/a	n/a	D255
699.2200000000	n/a	n/a	STATUS	n/a	n/a	DI54
699.2720000000	n/a	n/a	STATUS	n/a	n/a	D255
699.5440000000	n/a	n/a	STATUS	n/a	n/a	DI34
699.5960000000	n/a	n/a	STATUS	n/a	n/a	D255
699.8520000000	n/a	n/a	STATUS	n/a	n/a	DIN5
699.9040000000	n/a	n/a	STATUS	n/a	n/a	D255
700.2680000000	n/a	n/a	STATUS	n/a	n/a	D184
700.3200000000	n/a	n/a	STATUS	n/a	n/a	D255
700.3560000000	n/a	n/a	STATUS	n/a	n/a	DI51
700.4080000000	n/a	n/a	STATUS	n/a	n/a	D255
700.7280000000	n/a	n/a	STATUS	n/a	n/a	DI31
700.7760000000	n/a	n/a	STATUS	n/a	n/a	D255
701.0360000000	n/a	n/a	STATUS	n/a	n/a	DIN5
701.0880000000	n/a	n/a	STATUS	n/a	n/a	D255
701.3960000000	n/a	n/a	STATUS	n/a	n/a	D108
701.4480000000	n/a	n/a	STATUS	n/a	n/a	D255
701.4840000000	n/a	n/a	STATUS	n/a	n/a	DI54
701.5360000000	n/a	n/a	STATUS	n/a	n/a	D255
701.8000000000	n/a	n/a	STATUS	n/a	n/a	DI34
701.8480000000	n/a	n/a	STATUS	n/a	n/a	D255
702.1080000000	n/a	n/a	STATUS	n/a	n/a	DIN5
702.1600000000	n/a	n/a	STATUS	n/a	n/a	D255
702.5600000000	n/a	n/a	STATUS	n/a	n/a	D203
702.6080000000	n/a	n/a	STATUS	n/a	n/a	D255
702.6440000000	n/a	n/a	STATUS	n/a	n/a	DI54
702.6960000000	n/a	n/a	STATUS	n/a	n/a	D255
702.9720000000	n/a	n/a	STATUS	n/a	n/a	DI34
703.0240000000	n/a	n/a	STATUS	n/a	n/a	D255
703.2800000000	n/a	n/a	STATUS	n/a	n/a	DIN5
703.3320000000	n/a	n/a	STATUS	n/a	n/a	D255
703.6880000000	n/a	n/a	STATUS	n/a	n/a	D147
703.7360000000	n/a	n/a	STATUS	n/a	n/a	D255
703.7760000000	n/a	n/a	STATUS	n/a	n/a	DI52
703.8240000000	n/a	n/a	STATUS	n/a	n/a	D255
704.1320000000	n/a	n/a	STATUS	n/a	n/a	DI42
704.1800000000	n/a	n/a	STATUS	n/a	n/a	D255
704.4400000000	n/a	n/a	STATUS	n/a	n/a	DIN5
704.4920000000	n/a	n/a	STATUS	n/a	n/a	D255
704.8640000000	n/a	n/a	STATUS	n/a	n/a	D187
704.9160000000	n/a	n/a	STATUS	n/a	n/a	D255
704.9520000000	n/a	n/a	STATUS	n/a	n/a	DI52
705.0040000000	n/a	n/a	STATUS	n/a	n/a	D255
705.3120000000	n/a	n/a	STATUS	n/a	n/a	DI42
705.3600000000	n/a	n/a	STATUS	n/a	n/a	D255
705.6200000000	n/a	n/a	STATUS	n/a	n/a	DIN5
705.6720000000	n/a	n/a	STATUS	n/a	n/a	D255
706.0160000000	n/a	n/a	STATUS	n/a	n/a	D135
706.0640000000	n/a	n/a	STATUS	n/a	n/a	D255
706.1040000000	n/a	n/a	STATUS	n/a	n/a	DI54
706.1520000000	n/a	n/a	STATUS	n/a	n/a	D255
706.4600000000	n/a	n/a	STATUS	n/a	n/a	DI34
706.5120000000	n/a	n/a	STATUS	n/a	n/a	D255
706.7720000000	n/a	n/a	STATUS	n/a	n/a	DIN5
706.8200000000	n/a	n/a	STATUS	n/a	n/a	D255
707.2800000000	n/a	n/a	STATUS	n/a	n/a	D233
707.3320000000	n/a	n/a	STATUS	n/a	n/a	D255
707.3680000000	n/a	n/a	STATUS	n/a	n/a	DI51
707.4160000000	n/a	n/a	STATUS	n/a	n/a	D255
707.6360000000	n/a	n/a	STATUS	n/a	n/a	DI21
707.6840000000	n/a	n/a	STATUS	n/a	n/a	D255
707.6880000000	n/a	n/a	STATUS	n/a	n/a	DIN4
707.7400000000	n/a	n/a	STATUS	n/a	n/a	D255
708.4960000000	n/a	n/a	STATUS	n/a	n/a	DIN5
708.5440000000	n/a	n/a	STATUS	n/a	n/a	D255
709.0440000000	n/a	n/a	STATUS	n/a	n/a	D215
709.0960000000	n/a	n/a	STATUS	n/a	n/a	D255
709.1320000000	n/a	n/a	STATUS	n/a	n/a	DI52
709.1840000000	n/a	n/a	STATUS	n/a	n/a	D255
709.5000000000	n/a	n/a	STATUS	n/a	n/a	DI42
709.5520000000	n/a	n/a	STATUS	n/a	n/a	D255
709.8080000000	n/a	n/a	STATUS	n/a	n/a	DIN5
709.8600000000	n/a	n/a	STATUS	n/a	n/a	D255
710.2680000000	n/a	n/a	STATUS	n/a	n/a	D177
710.3200000000	n/a	n/a	STATUS	n/a	n/a	D255
710.3560000000	n/a	n/a	STATUS	n/a	n/a	DI51
710.4080000000	n/a	n/a	STATUS	n/a	n/a	D255
710.7400000000	n/a	n/a	STATUS	n/a	n/a	DI31
710.7880000000	n/a	n/a	STATUS	n/a	n/a	D255
711.0480000000	n/a	n/a	STATUS	n/a	n/a	DIN5
711.1000000000	n/a	n/a	STATUS	n/a	n/a	D255
711.4160000000	n/a	n/a	STATUS	n/a	n/a	D119
711.4680000000	n/a	n/a	STATUS	n/a	n/a	D255
711.5040000000	n/a	n/a	STATUS	n/a	n/a	DI51
711.5560000000	n/a	n/a	STATUS	n/a	n/a	D255
711.8080000000	n/a	n/a	STATUS	n/a	n/a	DI21
711.8560000000	n/a	n/a	STATUS	n/a	n/a	D255
711.8600000000	n/a	n/a	STATUS	n/a	n/a	DIN4
711.9120000000	n/a	n/a	STATUS	n/a	n/a	D255
712.6680000000	n/a	n/a	STATUS	n/a	n/a	DIN5
712.7160000000	n/a	n/a	STATUS	n/a	n/a	D255
713.0520000000	n/a	n/a	STATUS	n/a	n/a	D138
713.1040000000	n/a	n/a	STATUS	n/a	n/a	D255
713.1400000000	n/a	n/a	STATUS	n/a	n/a	DI54
713.1880000000	n/a	n/a	STATUS	n/a	n/a	D255
713.4200000000	n/a	n/a	STATUS	n/a	n/a	DI34
713.4720000000	n/a	n/a	STATUS	n/a	n/a	D255
713.7320000000	n/a	n/a	STATUS	n/a	n/a	DIN5
713.7800000000	n/a	n/a	STATUS	n/a	n/a	D255
714.2760000000	n/a	n/a	STATUS	n/a	n/a	D151
714.3240000000	n/a	n/a	STATUS	n/a	n/a	D255
714.3640000000	n/a	n/a	STATUS	n/a	n/a	DI54
714.4120000000	n/a	n/a	STATUS	n/a	n/a	D255
714.6440000000	n/a	n/a	STATUS	n/a	n/a	DI34
714.6920000000	n/a	n/a	STATUS	n/a	n/a	D255
759.1560000000	n/a	n/a	STATUS	n/a	n/a	DIN5
759.2040000000	n/a	n/a	STATUS	n/a	n/a	D255
759.6680000000	n/a	n/a	STATUS	n/a	n/a	D210
759.7200000000	n/a	n/a	STATUS	n/a	n/a	D255
759.7600000000	n/a	n/a	STATUS	n/a	n/a	DI51
759.8080000000	n/a	n/a	STATUS	n/a	n/a	D255
760.1480000000	n/a	n/a	STATUS	n/a	n/a	DI31
760.1960000000	n/a	n/a	STATUS	n/a	n/a	D255
760.4560000000	n/a	n/a	STATUS	n/a	n/a	DIN5
760.5080000000	n/a	n/a	STATUS	n/a	n/a	D255
760.8520000000	n/a	n/a	STATUS	n/a	n/a	D116
760.9000000000	n/a	n/a	STATUS	n/a	n/a	D255
760.9400000000	n/a	n/a	STATUS	n/a	n/a	DI51
760.9880000000	n/a	n/a	STATUS	n/a	n/a	D255
761.2920000000	n/a	n/a	STATUS	n/a	n/a	DI31
761.3400000000	n/a	n/a	STATUS	n/a	n/a	D255
761.6000000000	n/a	n/a	STATUS	n/a	n/a	DIN5
761.6520000000	n/a	n/a	STATUS	n/a	n/a	D255
762.1360000000	n/a	n/a	STATUS	n/a	n/a	D190
762.1840000000	n/a	n/a	STATUS	n/a	n/a	D255
762.2240000000	n/a	n/a	STATUS	n/a	n/a	DI53
762.2720000000	n/a	n/a	STATUS	n/a	n/a	D255
762.5160000000	n/a	n/a	STATUS	n/a	n/a	DI43
762.5680000000	n/a	n/a	STATUS	n/a	n/a	D255
762.8280000000	n/a	n/a	STATUS	n/a	n/a	DIN5
762.8760000000	n/a	n/a	STATUS	n/a	n/a	D255
763.2720000000	n/a	n/a	STATUS	n/a	n/a	D192
763.3200000000	n/a	n/a	STATUS	n/a	n/a	D255
763.3600000000	n/a	n/a	STATUS	n/a	n/a	DI54
763.4120000000	n/a	n/a	STATUS	n/a	n/a	D255
763.6200000000	n/a	n/a	STATUS	n/a	n/a	DI34
763.6680000000	n/a	n/a	STATUS	n/a	n/a	D255
763.9280000000	n/a	n/a	STATUS	n/a	n/a	DIN5
763.9800000000	n/a	n/a	STATUS	n/a	n/a	D255
764.4280000000	n/a	n/a	STATUS	n/a	n/a	DI86
764.4800000000	n/a	n/a	STATUS	n/a	n/a	D255
764.5160000000	n/a	n/a	STATUS	n/a	n/a	DI54
764.5680000000	n/a	n/a	STATUS	n/a	n/a	D255
764.7600000000	n/a	n/a	STATUS	n/a	n/a	DI34
764.8120000000	n/a	n/a	STATUS	n/a	n/a	D255
765.0720000000	n/a	n/a	STATUS	n/a	n/a	DIN5
765.1200000000	n/a	n/a	STATUS	n/a	n/a	D255
765.5160000000	n/a	n/a	STATUS	n/a	n/a	D149
765.5680000000	n/a	n/a	STATUS	n/a	n/a	D255
765.6040000000	n/a	n/a	STATUS	n/a	n/a	DI51
765.6560000000	n/a	n/a	STATUS	n/a	n/a	D255
765.8840000000	n/a	n/a	STATUS	n/a	n/a	DI21
765.9360000000	n/a	n/a	STATUS	n/a	n/a	D255
765.9400000000	n/a	n/a	STATUS	n/a	n/a	DIN4
765.9880000000	n/a	n/a	STATUS	n/a	n/a	D255
766.7440000000	n/a	n/a	STATUS	n/a	n/a	DIN5
766.7960000000	n/a	n/a	STATUS	n/a	n/a	D255
767.1440000000	n/a	n/a	STATUS	n/a	n/a	D102
767.1920000000	n/a	n/a	STATUS	n/a	n/a	D255
767.2320000000	n/a	n/a	STATUS	n/a	n/a	DI54
767.2800000000	n/a	n/a	STATUS	n/a	n/a	D255
767.5120000000	n/a	n/a	STATUS	n/a	n/a	DI34
767.5640000000	n/a	n/a	STATUS	n/a	n/a	D255
767.8200000000	n/a	n/a	STATUS	n/a	n/a	DIN5
767.8720000000	n/a	n/a	STATUS	n/a	n/a	D255
768.3240000000	n/a	n/a	STATUS	n/a	n/a	D110
768.3760000000	n/a	n/a	STATUS	n/a	n/a	D255
768.4160000000	n/a	n/a	STATUS	n/a	n/a	DI52
768.4640000000	n/a	n/a	STATUS	n/a	n/a	D255
768.6840000000	n/a	n/a	STATUS	n/a	n/a	DI12
768.7360000000	n/a	n/a	STATUS	n/a	n/a	D255
768.7400000000	n/a	n/a	STATUS	n/a	n/a	DIN4
768.7920000000	n/a	n/a	STATUS	n/a	n/a	D255
769.5440000000	n/a	n/a	STATUS	n/a	n/a	DIN5
769.5960000000	n/a	n/a	STATUS	n/a	n/a	D255
770.0800000000	n/a	n/a	STATUS	n/a	n/a	D111
770.1320000000	n/a	n/a	STATUS	n/a	n/a	D255
770.1680000000	n/a	n/a	STATUS	n/a	n/a	DI54
770.2200000000	n/a	n/a	STATUS	n/a	n/a	D255
770.4800000000	n/a	n/a	STATUS	n/a	n/a	DI34
770.5280000000	n/a	n/a	STATUS	n/a	n/a	D255
770.7880000000	n/a	n/a	STATUS	n/a	n/a	DIN5
770.8400000000	n/a	n/a	STATUS	n/a	n/a	D255
771.1640000000	n/a	n/a	STATUS	n/a	n/a	D202
771.2120000000	n/a	n/a	STATUS	n/a	n/a	D255
771.2520000000	n/a	n/a	STATUS	n/a	n/a	DI52
771.3000000000	n/a	n/a	STATUS	n/a	n/a	D255
771.6080000000	n/a	n/a	STATUS	n/a	n/a	DI42
771.6600000000	n/a	n/a	STATUS	n/a	n/a	D255
771.9200000000	n/a	n/a	STATUS	n/a	n/a	DIN5
771.9680000000	n/a	n/a	STATUS	n/a	n/a	D255
772.3880000000	n/a	n/a	STATUS	n/a	n/a	D103
772.4400000000	n/a	n/a	STATUS	n/a	n/a	D255
772.4760000000	n/a	n/a	STATUS	n/a	n/a	DI52
772.5280000000	n/a	n/a	STATUS	n/a	n/a	D255
772.8480000000	n/a	n/a	STATUS	n/a	n/a	DI42
772.9000000000	n/a	n/a	STATUS	n/a	n/a	D255
773.1560000000	n/a	n/a	STATUS	n/a	n/a	DIN5
773.2080000000	n/a	n/a	STATUS	n/a	n/a	D255
773.6520000000	n/a	n/a	STATUS	n/a	n/a	D153
773.7040000000	n/a	n/a	STATUS	n/a	n/a	D255
773.7400000000	n/a	n/a	STATUS	n/a	n/a	DI53
773.7920000000	n/a	n/a	STATUS	n/a	n/a	D255
774.0400000000	n/a	n/a	STATUS	n/a	n/a	DI43
774.0880000000	n/a	n/a	STATUS	n/a	n/a	D255
774.3480000000	n/a	n/a	STATUS	n/a	n/a	DIN5
774.4000000000	n/a	n/a	STATUS	n/a	n/a	D255
774.7840000000	n/a	n/a	STATUS	n/a	n/a	D141
774.8320000000	n/a	n/a	STATUS	n/a	n/a	D255
774.8720000000	n/a	n/a	STATUS	n/a	n/a	DI52
774.9200000000	n/a	n/a	STATUS	n/a	n/a	D255
775.2320000000	n/a	n/a	STATUS	n/a	n/a	DI42
775.2840000000	n/a	n/a	STATUS	n/a	n/a	D255
775.5440000000	n/a	n/a	STATUS	n/a	n/a	DIN5
775.5920000000	n/a	n/a	STATUS	n/a	n/a	D255
776.0840000000	n/a	n/a	STATUS	n/a	n/a	D154
776.1320000000	n/a	n/a	STATUS	n/a	n/a	D255
776.1720000000	n/a	n/a	STATUS	n/a	n/a	DI53
776.2200000000	n/a	n/a	STATUS	n/a	n/a	D255
776.4640000000	n/a	n/a	STATUS	n/a	n/a	DI43
776.5160000000	n/a	n/a	STATUS	n/a	n/a	D255
776.7760000000	n/a	n/a	STATUS	n/a	n/a	DIN5
776.8240000000	n/a	n/a	STATUS	n/a	n/a	D255
777.2440000000	n/a	n/a	STATUS	n/a	n/a	D247
777.2960000000	n/a	n/a	STATUS	n/a	n/a	D255
777.3320000000	n/a	n/a	STATUS	n/a	n/a	DI52
777.3840000000	n/a	n/a	STATUS	n/a	n/a	D255
777.7800000000	n/a	n/a	STATUS	n/a	n/a	DI42
777.8320000000	n/a	n/a	STATUS	n/a	n/a	D255
778.0920000000	n/a	n/a	STATUS	n/a	n/a	DIN5
778.1400000000	n/a	n/a	STATUS	n/a	n/a	D255
778.4960000000	n/a	n/a	STATUS	n/a	n/a	DI84
778.5440000000	n/a	n/a	STATUS	n/a	n/a	D255
778.5840000000	n/a	n/a	STATUS	n/a	n/a	DI52
778.6360000000	n/a	n/a	STATUS	n/a	n/a	D255
778.9520000000	n/a	n/a	STATUS	n/a	n/a	DI42
779.0040000000	n/a	n/a	STATUS	n/a	n/a	D255
779.2600000000	n/a	n/a	STATUS	n/a	n/a	DIN5
779.3120000000	n/a	n/a	STATUS	n/a	n/a	D255
779.6680000000	n/a	n/a	STATUS	n/a	n/a	D152
779.7160000000	n/a	n/a	STATUS	n/a	n/a	D255
779.7560000000	n/a	n/a	STATUS	n/a	n/a	DI54
779.8040000000	n/a	n/a	STATUS	n/a	n/a	D255
780.1160000000	n/a	n/a	STATUS	n/a	n/a	DI34
780.1680000000	n/a	n/a	STATUS	n/a	n/a	D255
780.4240000000	n/a	n/a	STATUS	n/a	n/a	DIN5
780.4760000000	n/a	n/a	STATUS	n/a	n/a	D255
780.8480000000	n/a	n/a	STATUS	n/a	n/a	DI81
780.8960000000	n/a	n/a	STATUS	n/a	n/a	D255
780.9360000000	n/a	n/a	STATUS	n/a	n/a	DI51
780.9840000000	n/a	n/a	STATUS	n/a	n/a	D255
781.3200000000	n/a	n/a	STATUS	n/a	n/a	DI31
781.3720000000	n/a	n/a	STATUS	n/a	n/a	D255
781.6320000000	n/a	n/a	STATUS	n/a	n/a	DIN5
781.6800000000	n/a	n/a	STATUS	n/a	n/a	D255
782.1160000000	n/a	n/a	STATUS	n/a	n/a	D178
782.1640000000	n/a	n/a	STATUS	n/a	n/a	D255
782.2040000000	n/a	n/a	STATUS	n/a	n/a	DI51
782.2520000000	n/a	n/a	STATUS	n/a	n/a	D255
782.5880000000	n/a	n/a	STATUS	n/a	n/a	DI31
782.6400000000	n/a	n/a	STATUS	n/a	n/a	D255
782.9000000000	n/a	n/a	STATUS	n/a	n/a	DIN5
782.9480000000	n/a	n/a	STATUS	n/a	n/a	D255
783.4080000000	n/a	n/a	STATUS	n/a	n/a	D175
783.4600000000	n/a	n/a	STATUS	n/a	n/a	D255
783.4960000000	n/a	n/a	STATUS	n/a	n/a	DI52
783.5480000000	n/a	n/a	STATUS	n/a	n/a	D255
783.8720000000	n/a	n/a	STATUS	n/a	n/a	DI42
783.9200000000	n/a	n/a	STATUS	n/a	n/a	D255
784.1800000000	n/a	n/a	STATUS	n/a	n/a	DIN5
784.2320000000	n/a	n/a	STATUS	n/a	n/a	D255
784.7000000000	n/a	n/a	STATUS	n/a	n/a	DI91
784.7520000000	n/a	n/a	STATUS	n/a	n/a	D255
784.7880000000	n/a	n/a	STATUS	n/a	n/a	DI52
784.8400000000	n/a	n/a	STATUS	n/a	n/a	D255
785.1680000000	n/a	n/a	STATUS	n/a	n/a	DI42
785.2160000000	n/a	n/a	STATUS	n/a	n/a	D255
785.4760000000	n/a	n/a	STATUS	n/a	n/a	DIN5
785.5280000000	n/a	n/a	STATUS	n/a	n/a	D255
785.9360000000	n/a	n/a	STATUS	n/a	n/a	DI74
785.9880000000	n/a	n/a	STATUS	n/a	n/a	D255
786.0240000000	n/a	n/a	STATUS	n/a	n/a	DI52
786.0760000000	n/a	n/a	STATUS	n/a	n/a	D255
786.3920000000	n/a	n/a	STATUS	n/a	n/a	DI42
786.4440000000	n/a	n/a	STATUS	n/a	n/a	D255
786.7040000000	n/a	n/a	STATUS	n/a	n/a	DIN5
786.7520000000	n/a	n/a	STATUS	n/a	n/a	D255
787.1160000000	n/a	n/a	STATUS	n/a	n/a	DI76
787.1680000000	n/a	n/a	STATUS	n/a	n/a	D255
787.2040000000	n/a	n/a	STATUS	n/a	n/a	DI53
787.2520000000	n/a	n/a	STATUS	n/a	n/a	D255
787.6000000000	n/a	n/a	STATUS	n/a	n/a	DI43
787.6520000000	n/a	n/a	STATUS	n/a	n/a	D255
787.9120000000	n/a	n/a	STATUS	n/a	n/a	DIN5
787.9600000000	n/a	n/a	STATUS	n/a	n/a	D255
788.4200000000	n/a	n/a	STATUS	n/a	n/a	D163
788.4720000000	n/a	n/a	STATUS	n/a	n/a	D255
788.5080000000	n/a	n/a	STATUS	n/a	n/a	DI52
788.5600000000	n/a	n/a	STATUS	n/a	n/a	D255
788.8760000000	n/a	n/a	STATUS	n/a	n/a	DI42
788.9240000000	n/a	n/a	STATUS	n/a	n/a	D255
789.1840000000	n/a	n/a	STATUS	n/a	n/a	DIN5
789.2360000000	n/a	n/a	STATUS	n/a	n/a	D255
789.6800000000	n/a	n/a	STATUS	n/a	n/a	D186
789.7280000000	n/a	n/a	STATUS	n/a	n/a	D255
789.7680000000	n/a	n/a	STATUS	n/a	n/a	DI51
789.8200000000	n/a	n/a	STATUS	n/a	n/a	D255
790.1920000000	n/a	n/a	STATUS	n/a	n/a	DI31
790.2400000000	n/a	n/a	STATUS	n/a	n/a	D255
790.5000000000	n/a	n/a	STATUS	n/a	n/a	DIN5
790.5520000000	n/a	n/a	STATUS	n/a	n/a	D255
790.9400000000	n/a	n/a	STATUS	n/a	n/a	DI75
790.9920000000	n/a	n/a	STATUS	n/a	n/a	D255
791.0280000000	n/a	n/a	STATUS	n/a	n/a	DI54
791.0800000000	n/a	n/a	STATUS	n/a	n/a	D255
791.4040000000	n/a	n/a	STATUS	n/a	n/a	DI34
791.4560000000	n/a	n/a	STATUS	n/a	n/a	D255
791.7160000000	n/a	n/a	STATUS	n/a	n/a	DIN5
791.7680000000	n/a	n/a	STATUS	n/a	n/a	D255
792.1200000000	n/a	n/a	STATUS	n/a	n/a	DI65
792.1720000000	n/a	n/a	STATUS	n/a	n/a	D255
792.2080000000	n/a	n/a	STATUS	n/a	n/a	DI52
792.2560000000	n/a	n/a	STATUS	n/a	n/a	D255
792.5440000000	n/a	n/a	STATUS	n/a	n/a	DI42
792.5920000000	n/a	n/a	STATUS	n/a	n/a	D255
792.8520000000	n/a	n/a	STATUS	n/a	n/a	DIN5
792.9040000000	n/a	n/a	STATUS	n/a	n/a	D255
793.2240000000	n/a	n/a	STATUS	n/a	n/a	D106
793.2720000000	n/a	n/a	STATUS	n/a	n/a	D255
793.3120000000	n/a	n/a	STATUS	n/a	n/a	DI54
793.3600000000	n/a	n/a	STATUS	n/a	n/a	D255
793.6560000000	n/a	n/a	STATUS	n/a	n/a	DI34
793.7040000000	n/a	n/a	STATUS	n/a	n/a	D255
793.9640000000	n/a	n/a	STATUS	n/a	n/a	DIN5
794.0120000000	n/a	n/a	STATUS	n/a	n/a	D255
794.4720000000	n/a	n/a	STATUS	n/a	n/a	D214
794.5240000000	n/a	n/a	STATUS	n/a	n/a	D255
794.5600000000	n/a	n/a	STATUS	n/a	n/a	DI53
794.6120000000	n/a	n/a	STATUS	n/a	n/a	D255
794.8480000000	n/a	n/a	STATUS	n/a	n/a	DI43
794.8960000000	n/a	n/a	STATUS	n/a	n/a	D255
795.1560000000	n/a	n/a	STATUS	n/a	n/a	DIN5
795.2080000000	n/a	n/a	STATUS	n/a	n/a	D255
795.7000000000	n/a	n/a	STATUS	n/a	n/a	D180
795.7520000000	n/a	n/a	STATUS	n/a	n/a	D255
795.7880000000	n/a	n/a	STATUS	n/a	n/a	DI54
795.8400000000	n/a	n/a	STATUS	n/a	n/a	D255
796.0600000000	n/a	n/a	STATUS	n/a	n/a	DI34
796.1120000000	n/a	n/a	STATUS	n/a	n/a	D255
796.3680000000	n/a	n/a	STATUS	n/a	n/a	DIN5
796.4200000000	n/a	n/a	STATUS	n/a	n/a	D255
796.8880000000	n/a	n/a	STATUS	n/a	n/a	DI95
796.9400000000	n/a	n/a	STATUS	n/a	n/a	D255
796.9760000000	n/a	n/a	STATUS	n/a	n/a	DI53
797.0280000000	n/a	n/a	STATUS	n/a	n/a	D255
797.2960000000	n/a	n/a	STATUS	n/a	n/a	DI43
797.3440000000	n/a	n/a	STATUS	n/a	n/a	D255
797.6040000000	n/a	n/a	STATUS	n/a	n/a	DIN5
797.6560000000	n/a	n/a	STATUS	n/a	n/a	D255
798.1400000000	n/a	n/a	STATUS	n/a	n/a	D233
798.1880000000	n/a	n/a	STATUS	n/a	n/a	D255
798.2280000000	n/a	n/a	STATUS	n/a	n/a	DI51
798.2760000000	n/a	n/a	STATUS	n/a	n/a	D255
798.5760000000	n/a	n/a	STATUS	n/a	n/a	DI21
798.6280000000	n/a	n/a	STATUS	n/a	n/a	D255
798.6320000000	n/a	n/a	STATUS	n/a	n/a	DIN4
798.6840000000	n/a	n/a	STATUS	n/a	n/a	D255
799.4360000000	n/a	n/a	STATUS	n/a	n/a	DIN5
799.4880000000	n/a	n/a	STATUS	n/a	n/a	D255
799.9400000000	n/a	n/a	STATUS	n/a	n/a	D132
799.9920000000	n/a	n/a	STATUS	n/a	n/a	D255
800.0320000000	n/a	n/a	STATUS	n/a	n/a	DI53
800.0800000000	n/a	n/a	STATUS	n/a	n/a	D255
800.3960000000	n/a	n/a	STATUS	n/a	n/a	DI43
800.4440000000	n/a	n/a	STATUS	n/a	n/a	D255
800.7040000000	n/a	n/a	STATUS	n/a	n/a	DIN5
800.7560000000	n/a	n/a	STATUS	n/a	n/a	D255
801.0960000000	n/a	n/a	STATUS	n/a	n/a	D198
801.1440000000	n/a	n/a	STATUS	n/a	n/a	D255
801.1840000000	n/a	n/a	STATUS	n/a	n/a	DI51
801.2320000000	n/a	n/a	STATUS	n/a	n/a	D255
801.5000000000	n/a	n/a	STATUS	n/a	n/a	DI21
801.5520000000	n/a	n/a	STATUS	n/a	n/a	D255
801.5560000000	n/a	n/a	STATUS	n/a	n/a	DIN4
801.6040000000	n/a	n/a	STATUS	n/a	n/a	D231
801.6080000000	n/a	n/a	STATUS	n/a	n/a	D255
802.3600000000	n/a	n/a	STATUS	n/a	n/a	DIN5
802.4120000000	n/a	n/a	STATUS	n/a	n/a	D255
802.9080000000	n/a	n/a	STATUS	n/a	n/a	D177
802.9560000000	n/a	n/a	STATUS	n/a	n/a	D255
802.9920000000	n/a	n/a	STATUS	n/a	n/a	DI53
803.0440000000	n/a	n/a	STATUS	n/a	n/a	D255
803.4120000000	n/a	n/a	STATUS	n/a	n/a	DI43
803.4600000000	n/a	n/a	STATUS	n/a	n/a	D255
803.7200000000	n/a	n/a	STATUS	n/a	n/a	DIN5
803.7720000000	n/a	n/a	STATUS	n/a	n/a	D255
804.1160000000	n/a	n/a	STATUS	n/a	n/a	D107
804.1680000000	n/a	n/a	STATUS	n/a	n/a	D255
804.2040000000	n/a	n/a	STATUS	n/a	n/a	DI53
804.2560000000	n/a	n/a	STATUS	n/a	n/a	D255
804.5400000000	n/a	n/a	STATUS	n/a	n/a	DI43
804.5920000000	n/a	n/a	STATUS	n/a	n/a	D255
804.8520000000	n/a	n/a	STATUS	n/a	n/a	DIN5
804.9000000000	n/a	n/a	STATUS	n/a	n/a	D255
805.2640000000	n/a	n/a	STATUS	n/a	n/a	D155
805.3160000000	n/a	n/a	STATUS	n/a	n/a	D255
805.3520000000	n/a	n/a	STATUS	n/a	n/a	DI53
805.4040000000	n/a	n/a	STATUS	n/a	n/a	D255
805.6520000000	n/a	n/a	STATUS	n/a	n/a	DI43
805.7040000000	n/a	n/a	STATUS	n/a	n/a	D255
805.9600000000	n/a	n/a	STATUS	n/a	n/a	DIN5
806.0120000000	n/a	n/a	STATUS	n/a	n/a	D255
806.4320000000	n/a	n/a	STATUS	n/a	n/a	D197
806.4800000000	n/a	n/a	STATUS	n/a	n/a	D255
806.5200000000	n/a	n/a	STATUS	n/a	n/a	DI53
806.5680000000	n/a	n/a	STATUS	n/a	n/a	D255
806.8080000000	n/a	n/a	STATUS	n/a	n/a	DI43
806.8600000000	n/a	n/a	STATUS	n/a	n/a	D255
807.1200000000	n/a	n/a	STATUS	n/a	n/a	DIN5
807.1680000000	n/a	n/a	STATUS	n/a	n/a	D255
807.5680000000	n/a	n/a	STATUS	n/a	n/a	D157
807.6200000000	n/a	n/a	STATUS	n/a	n/a	D255
807.6560000000	n/a	n/a	STATUS	n/a	n/a	DI52
807.7080000000	n/a	n/a	STATUS	n/a	n/a	D255
808.0280000000	n/a	n/a	STATUS	n/a	n/a	DI42
808.0760000000	n/a	n/a	STATUS	n/a	n/a	D255
808.3360000000	n/a	n/a	STATUS	n/a	n/a	DIN5
808.3880000000	n/a	n/a	STATUS	n/a	n/a	D255
808.7800000000	n/a	n/a	STATUS	n/a	n/a	D100
808.8320000000	n/a	n/a	STATUS	n/a	n/a	D255
808.8680000000	n/a	n/a	STATUS	n/a	n/a	DI51
808.9200000000	n/a	n/a	STATUS	n/a	n/a	D255
809.2480000000	n/a	n/a	STATUS	n/a	n/a	DI31
809.3000000000	n/a	n/a	STATUS	n/a	n/a	D255
809.5600000000	n/a	n/a	STATUS	n/a	n/a	DIN5
809.6080000000	n/a	n/a	STATUS	n/a	n/a	D255
810.0000000000	n/a	n/a	STATUS	n/a	n/a	D215
810.0480000000	n/a	n/a	STATUS	n/a	n/a	D255
810.0880000000	n/a	n/a	STATUS	n/a	n/a	DI52
810.1360000000	n/a	n/a	STATUS	n/a	n/a	D255
810.4360000000	n/a	n/a	STATUS	n/a	n/a	DI42
810.4880000000	n/a	n/a	STATUS	n/a	n/a	D255
810.7480000000	n/a	n/a	STATUS	n/a	n/a	DIN5
810.7960000000	n/a	n/a	STATUS	n/a	n/a	D255
811.1760000000	n/a	n/a	STATUS	n/a	n/a	D145
811.2280000000	n/a	n/a	STATUS	n/a	n/a	D255
811.2640000000	n/a	n/a	STATUS	n/a	n/a	DI51
811.3160000000	n/a	n/a	STATUS	n/a	n/a	D255
811.6240000000	n/a	n/a	STATUS	n/a	n/a	DI31
811.6760000000	n/a	n/a	STATUS	n/a	n/a	D255
811.9320000000	n/a	n/a	STATUS	n/a	n/a	DIN5
811.9840000000	n/a	n/a	STATUS	n/a	n/a	D255
812.4080000000	n/a	n/a	STATUS	n/a	n/a	D200
812.4600000000	n/a	n/a	STATUS	n/a	n/a	D255
812.4960000000	n/a	n/a	STATUS	n/a	n/a	DI54
812.5440000000	n/a	n/a	STATUS	n/a	n/a	D255
812.7840000000	n/a	n/a	STATUS	n/a	n/a	DI34
812.8360000000	n/a	n/a	STATUS	n/a	n/a	D255
813.0920000000	n/a	n/a	STATUS	n/a	n/a	DIN5
813.1440000000	n/a	n/a	STATUS	n/a	n/a	D255
813.5880000000	n/a	n/a	STATUS	n/a	n/a	DI79
813.6400000000	n/a	n/a	STATUS	n/a	n/a	D255
813.6760000000	n/a	n/a	STATUS	n/a	n/a	DI52
813.7280000000	n/a	n/a	STATUS	n/a	n/a	D255
814.0320000000	n/a	n/a	STATUS	n/a	n/a	DI42
814.0800000000	n/a	n/a	STATUS	n/a	n/a	D255
814.3400000000	n/a	n/a	STATUS	n/a	n/a	DIN5
814.3880000000	n/a	n/a	STATUS	n/a	n/a	D255
814.7080000000	n/a	n/a	STATUS	n/a	n/a	D194
814.7600000000	n/a	n/a	STATUS	n/a	n/a	D255
814.7960000000	n/a	n/a	STATUS	n/a	n/a	DI53
814.8480000000	n/a	n/a	STATUS	n/a	n/a	D255
815.1880000000	n/a	n/a	STATUS	n/a	n/a	DI43
815.2400000000	n/a	n/a	STATUS	n/a	n/a	D255
815.5000000000	n/a	n/a	STATUS	n/a	n/a	DIN5
815.5480000000	n/a	n/a	STATUS	n/a	n/a	D255
816.0440000000	n/a	n/a	STATUS	n/a	n/a	D119
816.0920000000	n/a	n/a	STATUS	n/a	n/a	D255
816.1320000000	n/a	n/a	STATUS	n/a	n/a	DI52
816.1800000000	n/a	n/a	STATUS	n/a	n/a	D255
816.4080000000	n/a	n/a	STATUS	n/a	n/a	DI12
816.4600000000	n/a	n/a	STATUS	n/a	n/a	D255
816.4640000000	n/a	n/a	STATUS	n/a	n/a	DIN4
816.5120000000	n/a	n/a	STATUS	n/a	n/a	D255
817.2680000000	n/a	n/a	STATUS	n/a	n/a	DIN5
817.3200000000	n/a	n/a	STATUS	n/a	n/a	D255
817.7120000000	n/a	n/a	STATUS	n/a	n/a	D139
817.7640000000	n/a	n/a	STATUS	n/a	n/a	D255
817.8000000000	n/a	n/a	STATUS	n/a	n/a	DI51
817.8520000000	n/a	n/a	STATUS	n/a	n/a	D255
818.1880000000	n/a	n/a	STATUS	n/a	n/a	DI31
818.2400000000	n/a	n/a	STATUS	n/a	n/a	D255
818.5000000000	n/a	n/a	STATUS	n/a	n/a	DIN5
818.5480000000	n/a	n/a	STATUS	n/a	n/a	D255
818.9640000000	n/a	n/a	STATUS	n/a	n/a	D231
819.0160000000	n/a	n/a	STATUS	n/a	n/a	D255
819.0520000000	n/a	n/a	STATUS	n/a	n/a	DI51
819.1040000000	n/a	n/a	STATUS	n/a	n/a	D255
819.3200000000	n/a	n/a	STATUS	n/a	n/a	DI21
819.3680000000	n/a	n/a	STATUS	n/a	n/a	D255
819.3760000000	n/a	n/a	STATUS	n/a	n/a	DIN4
819.4240000000	n/a	n/a	STATUS	n/a	n/a	D255
820.1800000000	n/a	n/a	STATUS	n/a	n/a	DIN5
820.2280000000	n/a	n/a	STATUS	n/a	n/a	D255
820.6720000000	n/a	n/a	STATUS	n/a	n/a	D195
820.7240000000	n/a	n/a	STATUS	n/a	n/a	D255
820.7640000000	n/a	n/a	STATUS	n/a	n/a	DI54
820.8120000000	n/a	n/a	STATUS	n/a	n/a	D255
821.0560000000	n/a	n/a	STATUS	n/a	n/a	DI34
821.1040000000	n/a	n/a	STATUS	n/a	n/a	D255
821.3640000000	n/a	n/a	STATUS	n/a	n/a	DIN5
821.4160000000	n/a	n/a	STATUS	n/a	n/a	D255
821.7600000000	n/a	n/a	STATUS	n/a	n/a	D241
821.8080000000	n/a	n/a	STATUS	n/a	n/a	D255
821.8480000000	n/a	n/a	STATUS	n/a	n/a	DI51
821.8960000000	n/a	n/a	STATUS	n/a	n/a	D255
822.2520000000	n/a	n/a	STATUS	n/a	n/a	DI31
822.3000000000	n/a	n/a	STATUS	n/a	n/a	D255
822.5600000000	n/a	n/a	STATUS	n/a	n/a	DIN5
822.6120000000	n/a	n/a	STATUS	n/a	n/a	D255
823.0760000000	n/a	n/a	STATUS	n/a	n/a	D124
823.1240000000	n/a	n/a	STATUS	n/a	n/a	D255
823.1640000000	n/a	n/a	STATUS	n/a	n/a	DI53
823.2120000000	n/a	n/a	STATUS	n/a	n/a	D255
823.4840000000	n/a	n/a	STATUS	n/a	n/a	DI43
823.5320000000	n/a	n/a	STATUS	n/a	n/a	D255
823.7920000000	n/a	n/a	STATUS	n/a	n/a	DIN5
823.8440000000	n/a	n/a	STATUS	n/a	n/a	D255
824.2360000000	n/a	n/a	STATUS	n/a	n/a	D142
824.2880000000	n/a	n/a	STATUS	n/a	n/a	D255
824.3240000000	n/a	n/a	STATUS	n/a	n/a	DI52
824.3760000000	n/a	n/a	STATUS	n/a	n/a	D255
824.6440000000	n/a	n/a	STATUS	n/a	n/a	DI12
824.6960000000	n/a	n/a	STATUS	n/a	n/a	D255
824.7000000000	n/a	n/a	STATUS	n/a	n/a	DIN4
824.7480000000	n/a	n/a	STATUS	n/a	n/a	D255
825.5040000000	n/a	n/a	STATUS	n/a	n/a	DIN5
825.5520000000	n/a	n/a	STATUS	n/a	n/a	D255
825.9280000000	n/a	n/a	STATUS	n/a	n/a	D165
825.9800000000	n/a	n/a	STATUS	n/a	n/a	D255
826.0160000000	n/a	n/a	STATUS	n/a	n/a	DI53
826.0680000000	n/a	n/a	STATUS	n/a	n/a	D255
826.3240000000	n/a	n/a	STATUS	n/a	n/a	DI43
826.3760000000	n/a	n/a	STATUS	n/a	n/a	D255
826.6320000000	n/a	n/a	STATUS	n/a	n/a	DIN5
826.6840000000	n/a	n/a	STATUS	n/a	n/a	D255
827.0480000000	n/a	n/a	STATUS	n/a	n/a	DI68
827.1000000000	n/a	n/a	STATUS	n/a	n/a	D255
827.1360000000	n/a	n/a	STATUS	n/a	n/a	DI54
827.1880000000	n/a	n/a	STATUS	n/a	n/a	D255
827.4720000000	n/a	n/a	STATUS	n/a	n/a	DI34
827.5240000000	n/a	n/a	STATUS	n/a	n/a	D255
827.7800000000	n/a	n/a	STATUS	n/a	n/a	DIN5
827.8320000000	n/a	n/a	STATUS	n/a	n/a	D255
828.1360000000	n/a	n/a	STATUS	n/a	n/a	D112
828.1880000000	n/a	n/a	STATUS	n/a	n/a	D255
828.2240000000	n/a	n/a	STATUS	n/a	n/a	DI51
828.2720000000	n/a	n/a	STATUS	n/a	n/a	D255
828.6320000000	n/a	n/a	STATUS	n/a	n/a	DI31
828.6840000000	n/a	n/a	STATUS	n/a	n/a	D255
828.9440000000	n/a	n/a	STATUS	n/a	n/a	DIN5
828.9920000000	n/a	n/a	STATUS	n/a	n/a	D255
829.4960000000	n/a	n/a	STATUS	n/a	n/a	D226
829.5480000000	n/a	n/a	STATUS	n/a	n/a	D255
829.5840000000	n/a	n/a	STATUS	n/a	n/a	DI53
829.6360000000	n/a	n/a	STATUS	n/a	n/a	D255
829.9960000000	n/a	n/a	STATUS	n/a	n/a	DI43
830.0440000000	n/a	n/a	STATUS	n/a	n/a	D255
830.3040000000	n/a	n/a	STATUS	n/a	n/a	DIN5
830.3560000000	n/a	n/a	STATUS	n/a	n/a	D255
830.7120000000	n/a	n/a	STATUS	n/a	n/a	DI89
830.7600000000	n/a	n/a	STATUS	n/a	n/a	D255
830.8000000000	n/a	n/a	STATUS	n/a	n/a	DI53
830.8480000000	n/a	n/a	STATUS	n/a	n/a	D255
831.1680000000	n/a	n/a	STATUS	n/a	n/a	DI43
831.2160000000	n/a	n/a	STATUS	n/a	n/a	D255
831.4760000000	n/a	n/a	STATUS	n/a	n/a	DIN5
831.5280000000	n/a	n/a	STATUS	n/a	n/a	D255
831.9920000000	n/a	n/a	STATUS	n/a	n/a	D122
832.0400000000	n/a	n/a	STATUS	n/a	n/a	D255
832.0800000000	n/a	n/a	STATUS	n/a	n/a	DI51
832.1280000000	n/a	n/a	STATUS	n/a	n/a	D255
832.5080000000	n/a	n/a	STATUS	n/a	n/a	DI31
832.5560000000	n/a	n/a	STATUS	n/a	n/a	D255
832.8160000000	n/a	n/a	STATUS	n/a	n/a	DIN5
832.8680000000	n/a	n/a	STATUS	n/a	n/a	D255
833.2840000000	n/a	n/a	STATUS	n/a	n/a	D183
833.3360000000	n/a	n/a	STATUS	n/a	n/a	D255
833.3720000000	n/a	n/a	STATUS	n/a	n/a	DI51
833.4240000000	n/a	n/a	STATUS	n/a	n/a	D255
833.7480000000	n/a	n/a	STATUS	n/a	n/a	DI31
833.8000000000	n/a	n/a	STATUS	n/a	n/a	D255
834.0600000000	n/a	n/a	STATUS	n/a	n/a	DIN5
834.1080000000	n/a	n/a	STATUS	n/a	n/a	D255
834.5080000000	n/a	n/a	STATUS	n/a	n/a	D184
834.5600000000	n/a	n/a	STATUS	n/a	n/a	D255
834.5960000000	n/a	n/a	STATUS	n/a	n/a	DI52
834.6480000000	n/a	n/a	STATUS	n/a	n/a	D255
834.9560000000	n/a	n/a	STATUS	n/a	n/a	DI42
835.0080000000	n/a	n/a	STATUS	n/a	n/a	D255
835.2680000000	n/a	n/a	STATUS	n/a	n/a	DIN5
835.3160000000	n/a	n/a	STATUS	n/a	n/a	D255
835.6600000000	n/a	n/a	STATUS	n/a	n/a	D206
835.7120000000	n/a	n/a	STATUS	n/a	n/a	D255
835.7480000000	n/a	n/a	STATUS	n/a	n/a	DI54
835.8000000000	n/a	n/a	STATUS	n/a	n/a	D255
836.1720000000	n/a	n/a	STATUS	n/a	n/a	DI34
836.2240000000	n/a	n/a	STATUS	n/a	n/a	D255
836.4800000000	n/a	n/a	STATUS	n/a	n/a	DIN5
836.5320000000	n/a	n/a	STATUS	n/a	n/a	D255
836.9320000000	n/a	n/a	STATUS	n/a	n/a	D239
836.9800000000	n/a	n/a	STATUS	n/a	n/a	D255
837.0200000000	n/a	n/a	STATUS	n/a	n/a	DI53
837.0680000000	n/a	n/a	STATUS	n/a	n/a	D255
837.4200000000	n/a	n/a	STATUS	n/a	n/a	DI13
837.4680000000	n/a	n/a	STATUS	n/a	n/a	D255
837.4760000000	n/a	n/a	STATUS	n/a	n/a	DIN4
837.5240000000	n/a	n/a	STATUS	n/a	n/a	D255
838.2800000000	n/a	n/a	STATUS	n/a	n/a	DIN5
838.3280000000	n/a	n/a	STATUS	n/a	n/a	D255
838.8280000000	n/a	n/a	STATUS	n/a	n/a	D158
838.8800000000	n/a	n/a	STATUS	n/a	n/a	D255
838.9160000000	n/a	n/a	STATUS	n/a	n/a	DI52
838.9680000000	n/a	n/a	STATUS	n/a	n/a	D255
839.3040000000	n/a	n/a	STATUS	n/a	n/a	DI42
839.3560000000	n/a	n/a	STATUS	n/a	n/a	D255
839.6160000000	n/a	n/a	STATUS	n/a	n/a	DIN5
839.6640000000	n/a	n/a	STATUS	n/a	n/a	D255
840.1040000000	n/a	n/a	STATUS	n/a	n/a	D143
840.1520000000	n/a	n/a	STATUS	n/a	n/a	D255
840.1920000000	n/a	n/a	STATUS	n/a	n/a	DI53
840.2440000000	n/a	n/a	STATUS	n/a	n/a	D255
840.5040000000	n/a	n/a	STATUS	n/a	n/a	DI43
840.5560000000	n/a	n/a	STATUS	n/a	n/a	D255
840.8120000000	n/a	n/a	STATUS	n/a	n/a	DIN5
840.8640000000	n/a	n/a	STATUS	n/a	n/a	D255
841.3480000000	n/a	n/a	STATUS	n/a	n/a	D136
841.4000000000	n/a	n/a	STATUS	n/a	n/a	D255
841.4360000000	n/a	n/a	STATUS	n/a	n/a	DI54
841.4880000000	n/a	n/a	STATUS	n/a	n/a	D255
841.7120000000	n/a	n/a	STATUS	n/a	n/a	DI34
841.7640000000	n/a	n/a	STATUS	n/a	n/a	D255
842.0240000000	n/a	n/a	STATUS	n/a	n/a	DIN5
842.0720000000	n/a	n/a	STATUS	n/a	n/a	D255
842.5160000000	n/a	n/a	STATUS	n/a	n/a	D242
842.5680000000	n/a	n/a	STATUS	n/a	n/a	D255
842.6040000000	n/a	n/a	STATUS	n/a	n/a	DI54
842.6560000000	n/a	n/a	STATUS	n/a	n/a	D255
842.9240000000	n/a	n/a	STATUS	n/a	n/a	DI34
842.9720000000	n/a	n/a	STATUS	n/a	n/a	D255
843.2320000000	n/a	n/a	STATUS	n/a	n/a	DIN5
843.2840000000	n/a	n/a	STATUS	n/a	n/a	D255
843.7560000000	n/a	n/a	STATUS	n/a	n/a	D204
843.8080000000	n/a	n/a	STATUS	n/a	n/a	D255
843.8440000000	n/a	n/a	STATUS	n/a	n/a	DI52
843.8960000000	n/a	n/a	STATUS	n/a	n/a	D255
844.2160000000	n/a	n/a	STATUS	n/a	n/a	DI42
844.2680000000	n/a	n/a	STATUS	n/a	n/a	D255
844.5280000000	n/a	n/a	STATUS	n/a	n/a	DIN5
844.5800000000	n/a	n/a	STATUS	n/a	n/a	D255
844.8880000000	n/a	n/a	STATUS	n/a	n/a	D187
844.9360000000	n/a	n/a	STATUS	n/a	n/a	D255
844.9760000000	n/a	n/a	STATUS	n/a	n/a	DI53
845.0240000000	n/a	n/a	STATUS	n/a	n/a	D255
845.5040000000	n/a	n/a	STATUS	n/a	n/a	DI43
845.5560000000	n/a	n/a	STATUS	n/a	n/a	D255
845.8160000000	n/a	n/a	STATUS	n/a	n/a	DIN5
845.8640000000	n/a	n/a	STATUS	n/a	n/a	D255
846.3600000000	n/a	n/a	STATUS	n/a	n/a	D193
846.4080000000	n/a	n/a	STATUS	n/a	n/a	D255
846.4480000000	n/a	n/a	STATUS	n/a	n/a	DI51
846.4960000000	n/a	n/a	STATUS	n/a	n/a	D255
846.8120000000	n/a	n/a	STATUS	n/a	n/a	DI31
846.8640000000	n/a	n/a	STATUS	n/a	n/a	D255
847.1240000000	n/a	n/a	STATUS	n/a	n/a	DIN5
847.1720000000	n/a	n/a	STATUS	n/a	n/a	D255
847.4960000000	n/a	n/a	STATUS	n/a	n/a	D166
847.5480000000	n/a	n/a	STATUS	n/a	n/a	D255
847.5840000000	n/a	n/a	STATUS	n/a	n/a	DI54
847.6360000000	n/a	n/a	STATUS	n/a	n/a	D255
847.8880000000	n/a	n/a	STATUS	n/a	n/a	DI34
847.9360000000	n/a	n/a	STATUS	n/a	n/a	D255
848.1960000000	n/a	n/a	STATUS	n/a	n/a	DIN5
848.2440000000	n/a	n/a	STATUS	n/a	n/a	D255
848.5520000000	n/a	n/a	STATUS	n/a	n/a	D137
848.6000000000	n/a	n/a	STATUS	n/a	n/a	D255
848.6400000000	n/a	n/a	STATUS	n/a	n/a	DI51
848.6880000000	n/a	n/a	STATUS	n/a	n/a	D255
849.0200000000	n/a	n/a	STATUS	n/a	n/a	DI31
849.0720000000	n/a	n/a	STATUS	n/a	n/a	D255
849.3280000000	n/a	n/a	STATUS	n/a	n/a	DIN5
849.3800000000	n/a	n/a	STATUS	n/a	n/a	D255
849.8480000000	n/a	n/a	STATUS	n/a	n/a	D147
849.9000000000	n/a	n/a	STATUS	n/a	n/a	D255
849.9360000000	n/a	n/a	STATUS	n/a	n/a	DI52
849.9880000000	n/a	n/a	STATUS	n/a	n/a	D255
850.3240000000	n/a	n/a	STATUS	n/a	n/a	DI42
850.3720000000	n/a	n/a	STATUS	n/a	n/a	D255
850.6320000000	n/a	n/a	STATUS	n/a	n/a	DIN5
850.6840000000	n/a	n/a	STATUS	n/a	n/a	D255
851.1040000000	n/a	n/a	STATUS	n/a	n/a	D199
851.1520000000	n/a	n/a	STATUS	n/a	n/a	D255
851.1880000000	n/a	n/a	STATUS	n/a	n/a	DI53
851.2400000000	n/a	n/a	STATUS	n/a	n/a	D255
851.5160000000	n/a	n/a	STATUS	n/a	n/a	DI43
851.5680000000	n/a	n/a	STATUS	n/a	n/a	D255
851.8280000000	n/a	n/a	STATUS	n/a	n/a	DIN5
851.8760000000	n/a	n/a	STATUS	n/a	n/a	D255
852.3120000000	n/a	n/a	STATUS	n/a	n/a	D248
852.3600000000	n/a	n/a	STATUS	n/a	n/a	D255
852.4000000000	n/a	n/a	STATUS	n/a	n/a	DI52
852.4480000000	n/a	n/a	STATUS	n/a	n/a	D255
852.7600000000	n/a	n/a	STATUS	n/a	n/a	DI42
852.8080000000	n/a	n/a	STATUS	n/a	n/a	D255
853.0680000000	n/a	n/a	STATUS	n/a	n/a	DIN5
853.1200000000	n/a	n/a	STATUS	n/a	n/a	D255
853.4600000000	n/a	n/a	STATUS	n/a	n/a	D170
853.5080000000	n/a	n/a	STATUS	n/a	n/a	D255
853.5480000000	n/a	n/a	STATUS	n/a	n/a	DI54
853.5960000000	n/a	n/a	STATUS	n/a	n/a	D255
853.9040000000	n/a	n/a	STATUS	n/a	n/a	DI34
853.9560000000	n/a	n/a	STATUS	n/a	n/a	D255
854.2160000000	n/a	n/a	STATUS	n/a	n/a	DIN5
854.2640000000	n/a	n/a	STATUS	n/a	n/a	D255
854.7040000000	n/a	n/a	STATUS	n/a	n/a	D246
854.7560000000	n/a	n/a	STATUS	n/a	n/a	D255
854.7920000000	n/a	n/a	STATUS	n/a	n/a	DI51
854.8440000000	n/a	n/a	STATUS	n/a	n/a	D255
855.0920000000	n/a	n/a	STATUS	n/a	n/a	DI21
855.1440000000	n/a	n/a	STATUS	n/a	n/a	D255
855.1480000000	n/a	n/a	STATUS	n/a	n/a	DIN4
855.1960000000	n/a	n/a	STATUS	n/a	n/a	D255
855.9520000000	n/a	n/a	STATUS	n/a	n/a	DIN5
856.0040000000	n/a	n/a	STATUS	n/a	n/a	D255
856.4840000000	n/a	n/a	STATUS	n/a	n/a	D207
856.5320000000	n/a	n/a	STATUS	n/a	n/a	D255
856.5720000000	n/a	n/a	STATUS	n/a	n/a	DI53
856.6200000000	n/a	n/a	STATUS	n/a	n/a	D255
857.0520000000	n/a	n/a	STATUS	n/a	n/a	DI43
857.1000000000	n/a	n/a	STATUS	n/a	n/a	D255
857.3600000000	n/a	n/a	STATUS	n/a	n/a	DIN5
857.4120000000	n/a	n/a	STATUS	n/a	n/a	D255
857.7360000000	n/a	n/a	STATUS	n/a	n/a	D167
857.7840000000	n/a	n/a	STATUS	n/a	n/a	D255
857.8200000000	n/a	n/a	STATUS	n/a	n/a	DI54
857.8720000000	n/a	n/a	STATUS	n/a	n/a	D255
858.1360000000	n/a	n/a	STATUS	n/a	n/a	DI34
858.1880000000	n/a	n/a	STATUS	n/a	n/a	D255
858.4480000000	n/a	n/a	STATUS	n/a	n/a	DIN5
858.4960000000	n/a	n/a	STATUS	n/a	n/a	D255
858.8000000000	n/a	n/a	STATUS	n/a	n/a	D228
858.8520000000	n/a	n/a	STATUS	n/a	n/a	D255
858.8880000000	n/a	n/a	STATUS	n/a	n/a	DI54
858.9400000000	n/a	n/a	STATUS	n/a	n/a	D255
859.2320000000	n/a	n/a	STATUS	n/a	n/a	DI34
859.2840000000	n/a	n/a	STATUS	n/a	n/a	D255
859.5440000000	n/a	n/a	STATUS	n/a	n/a	DIN5
859.5920000000	n/a	n/a	STATUS	n/a	n/a	D255
859.9200000000	n/a	n/a	STATUS	n/a	n/a	DI73
859.9720000000	n/a	n/a	STATUS	n/a	n/a	D255
860.0120000000	n/a	n/a	STATUS	n/a	n/a	DI53
860.0600000000	n/a	n/a	STATUS	n/a	n/a	D255
860.3320000000	n/a	n/a	STATUS	n/a	n/a	DI43
860.3840000000	n/a	n/a	STATUS	n/a	n/a	D255
860.6400000000	n/a	n/a	STATUS	n/a	n/a	DIN5
860.6920000000	n/a	n/a	STATUS	n/a	n/a	D255
861.0440000000	n/a	n/a	STATUS	n/a	n/a	D131
861.0960000000	n/a	n/a	STATUS	n/a	n/a	D255
861.1320000000	n/a	n/a	STATUS	n/a	n/a	DI51
861.1840000000	n/a	n/a	STATUS	n/a	n/a	D255
861.5000000000	n/a	n/a	STATUS	n/a	n/a	DI31
861.5480000000	n/a	n/a	STATUS	n/a	n/a	D255
861.8080000000	n/a	n/a	STATUS	n/a	n/a	DIN5
861.8600000000	n/a	n/a	STATUS	n/a	n/a	D255
862.2080000000	n/a	n/a	STATUS	n/a	n/a	D151
862.2600000000	n/a	n/a	STATUS	n/a	n/a	D255
862.2960000000	n/a	n/a	STATUS	n/a	n/a	DI51
862.3440000000	n/a	n/a	STATUS	n/a	n/a	D255
862.6800000000	n/a	n/a	STATUS	n/a	n/a	DI31
862.7320000000	n/a	n/a	STATUS	n/a	n/a	D255
862.9920000000	n/a	n/a	STATUS	n/a	n/a	DIN5
863.0400000000	n/a	n/a	STATUS	n/a	n/a	D255
863.3880000000	n/a	n/a	STATUS	n/a	n/a	D130
863.4360000000	n/a	n/a	STATUS	n/a	n/a	D255
863.4760000000	n/a	n/a	STATUS	n/a	n/a	DI51
863.5240000000	n/a	n/a	STATUS	n/a	n/a	D255
863.8680000000	n/a	n/a	STATUS	n/a	n/a	DI31
863.9200000000	n/a	n/a	STATUS	n/a	n/a	D255
864.1760000000	n/a	n/a	STATUS	n/a	n/a	DIN5
864.2280000000	n/a	n/a	STATUS	n/a	n/a	D255
864.7280000000	n/a	n/a	STATUS	n/a	n/a	DI72
864.7760000000	n/a	n/a	STATUS	n/a	n/a	D255
864.8160000000	n/a	n/a	STATUS	n/a	n/a	DI52
864.8680000000	n/a	n/a	STATUS	n/a	n/a	D255
865.1800000000	n/a	n/a	STATUS	n/a	n/a	DI42
865.2320000000	n/a	n/a	STATUS	n/a	n/a	D255
865.4880000000	n/a	n/a	STATUS	n/a	n/a	DIN5
865.5400000000	n/a	n/a	STATUS	n/a	n/a	D255
866.0160000000	n/a	n/a	STATUS	n/a	n/a	D161
866.0640000000	n/a	n/a	STATUS	n/a	n/a	D255
866.1000000000	n/a	n/a	STATUS	n/a	n/a	DI51
866.1520000000	n/a	n/a	STATUS	n/a	n/a	D255
866.4800000000	n/a	n/a	STATUS	n/a	n/a	DI31
866.5280000000	n/a	n/a	STATUS	n/a	n/a	D255
866.7880000000	n/a	n/a	STATUS	n/a	n/a	DIN5
866.8400000000	n/a	n/a	STATUS	n/a	n/a	D255
867.3320000000	n/a	n/a	STATUS	n/a	n/a	D125
867.3840000000	n/a	n/a	STATUS	n/a	n/a	D255
867.4200000000	n/a	n/a	STATUS	n/a	n/a	DI54
867.4720000000	n/a	n/a	STATUS	n/a	n/a	D255
867.7520000000	n/a	n/a	STATUS	n/a	n/a	DI34
867.8040000000	n/a	n/a	STATUS	n/a	n/a	D255
868.0640000000	n/a	n/a	STATUS	n/a	n/a	DIN5
868.1120000000	n/a	n/a	STATUS	n/a	n/a	D255
868.5280000000	n/a	n/a	STATUS	n/a	n/a	DI93
868.5800000000	n/a	n/a	STATUS	n/a	n/a	D255
868.6160000000	n/a	n/a	STATUS	n/a	n/a	DI51
868.6680000000	n/a	n/a	STATUS	n/a	n/a	D255
869.0000000000	n/a	n/a	STATUS	n/a	n/a	DI31
869.0520000000	n/a	n/a	STATUS	n/a	n/a	D255
869.3080000000	n/a	n/a	STATUS	n/a	n/a	DIN5
869.3600000000	n/a	n/a	STATUS	n/a	n/a	D255
869.8560000000	n/a	n/a	STATUS	n/a	n/a	D213
869.9040000000	n/a	n/a	STATUS	n/a	n/a	D255
869.9400000000	n/a	n/a	STATUS	n/a	n/a	DI54
869.9920000000	n/a	n/a	STATUS	n/a	n/a	D255
870.2320000000	n/a	n/a	STATUS	n/a	n/a	DI34
870.2800000000	n/a	n/a	STATUS	n/a	n/a	D255
870.5400000000	n/a	n/a	STATUS	n/a	n/a	DIN5
870.5920000000	n/a	n/a	STATUS	n/a	n/a	D255
870.9800000000	n/a	n/a	STATUS	n/a	n/a	D164
871.0320000000	n/a	n/a	STATUS	n/a	n/a	D255
871.0680000000	n/a	n/a	STATUS	n/a	n/a	DI52
871.1160000000	n/a	n/a	STATUS	n/a	n/a	D255
871.4240000000	n/a	n/a	STATUS	n/a	n/a	DI42
871.4720000000	n/a	n/a	STATUS	n/a	n/a	D255
871.7360000000	n/a	n/a	STATUS	n/a	n/a	DIN5
871.7840000000	n/a	n/a	STATUS	n/a	n/a	D255
872.1880000000	n/a	n/a	STATUS	n/a	n/a	D173
872.2400000000	n/a	n/a	STATUS	n/a	n/a	D255
872.2760000000	n/a	n/a	STATUS	n/a	n/a	DI54
872.3280000000	n/a	n/a	STATUS	n/a	n/a	D255
872.5800000000	n/a	n/a	STATUS	n/a	n/a	DI34
872.6320000000	n/a	n/a	STATUS	n/a	n/a	D255
872.8920000000	n/a	n/a	STATUS	n/a	n/a	DIN5
872.9400000000	n/a	n/a	STATUS	n/a	n/a	D255
873.3600000000	n/a	n/a	STATUS	n/a	n/a	D185
873.4120000000	n/a	n/a	STATUS	n/a	n/a	D255
873.4480000000	n/a	n/a	STATUS	n/a	n/a	DI52
873.5000000000	n/a	n/a	STATUS	n/a	n/a	D255
873.8000000000	n/a	n/a	STATUS	n/a	n/a	DI12
873.8480000000	n/a	n/a	STATUS	n/a	n/a	D255
873.8520000000	n/a	n/a	STATUS	n/a	n/a	DIN4
873.9040000000	n/a	n/a	STATUS	n/a	n/a	D255
874.6600000000	n/a	n/a	STATUS	n/a	n/a	DIN5
874.7120000000	n/a	n/a	STATUS	n/a	n/a	D255
875.1920000000	n/a	n/a	STATUS	n/a	n/a	DI77
875.2400000000	n/a	n/a	STATUS	n/a	n/a	D255
875.2760000000	n/a	n/a	STATUS	n/a	n/a	DI54
875.3280000000	n/a	n/a	STATUS	n/a	n/a	D255
875.5920000000	n/a	n/a	STATUS	n/a	n/a	DI34
875.6440000000	n/a	n/a	STATUS	n/a	n/a	D255
875.9040000000	n/a	n/a	STATUS	n/a	n/a	DIN5
875.9520000000	n/a	n/a	STATUS	n/a	n/a	D255
876.4440000000	n/a	n/a	STATUS	n/a	n/a	D219
876.4920000000	n/a	n/a	STATUS	n/a	n/a	D255
876.5320000000	n/a	n/a	STATUS	n/a	n/a	DI51
876.5840000000	n/a	n/a	STATUS	n/a	n/a	D255
876.7880000000	n/a	n/a	STATUS	n/a	n/a	DI21
876.8360000000	n/a	n/a	STATUS	n/a	n/a	D255
876.8400000000	n/a	n/a	STATUS	n/a	n/a	DIN4
876.8920000000	n/a	n/a	STATUS	n/a	n/a	D255
877.6480000000	n/a	n/a	STATUS	n/a	n/a	DIN5
877.6960000000	n/a	n/a	STATUS	n/a	n/a	D255
878.1800000000	n/a	n/a	STATUS	n/a	n/a	D244
878.2320000000	n/a	n/a	STATUS	n/a	n/a	D255
878.2680000000	n/a	n/a	STATUS	n/a	n/a	DI54
878.3200000000	n/a	n/a	STATUS	n/a	n/a	D255
878.6000000000	n/a	n/a	STATUS	n/a	n/a	DI34
878.6480000000	n/a	n/a	STATUS	n/a	n/a	D255
878.9080000000	n/a	n/a	STATUS	n/a	n/a	DIN5
878.9560000000	n/a	n/a	STATUS	n/a	n/a	D255
879.3720000000	n/a	n/a	STATUS	n/a	n/a	D140
879.4240000000	n/a	n/a	STATUS	n/a	n/a	D255
879.4600000000	n/a	n/a	STATUS	n/a	n/a	DI53
879.5120000000	n/a	n/a	STATUS	n/a	n/a	D255
879.8040000000	n/a	n/a	STATUS	n/a	n/a	DI43
879.8560000000	n/a	n/a	STATUS	n/a	n/a	D255
880.1160000000	n/a	n/a	STATUS	n/a	n/a	DIN5
880.1640000000	n/a	n/a	STATUS	n/a	n/a	D255
880.5040000000	n/a	n/a	STATUS	n/a	n/a	D169
880.5560000000	n/a	n/a	STATUS	n/a	n/a	D255
880.5920000000	n/a	n/a	STATUS	n/a	n/a	DI52
880.6440000000	n/a	n/a	STATUS	n/a	n/a	D255
880.9680000000	n/a	n/a	STATUS	n/a	n/a	DI42
881.0200000000	n/a	n/a	STATUS	n/a	n/a	D255
881.2800000000	n/a	n/a	STATUS	n/a	n/a	DIN5
881.3280000000	n/a	n/a	STATUS	n/a	n/a	D255
881.7840000000	n/a	n/a	STATUS	n/a	n/a	D134
881.8360000000	n/a	n/a	STATUS	n/a	n/a	D255
881.8720000000	n/a	n/a	STATUS	n/a	n/a	DI54
881.9240000000	n/a	n/a	STATUS	n/a	n/a	D255
882.1880000000	n/a	n/a	STATUS	n/a	n/a	DI34
882.2360000000	n/a	n/a	STATUS	n/a	n/a	D255
882.4960000000	n/a	n/a	STATUS	n/a	n/a	DIN5
882.5480000000	n/a	n/a	STATUS	n/a	n/a	D255
882.9680000000	n/a	n/a	STATUS	n/a	n/a	D240
883.0160000000	n/a	n/a	STATUS	n/a	n/a	D255
883.0520000000	n/a	n/a	STATUS	n/a	n/a	DI54
883.1040000000	n/a	n/a	STATUS	n/a	n/a	D255
883.3440000000	n/a	n/a	STATUS	n/a	n/a	DI34
883.3960000000	n/a	n/a	STATUS	n/a	n/a	D255
883.6560000000	n/a	n/a	STATUS	n/a	n/a	DIN5
883.7080000000	n/a	n/a	STATUS	n/a	n/a	D255
884.1240000000	n/a	n/a	STATUS	n/a	n/a	D115
884.1760000000	n/a	n/a	STATUS	n/a	n/a	D255
884.2120000000	n/a	n/a	STATUS	n/a	n/a	DI53
884.2640000000	n/a	n/a	STATUS	n/a	n/a	D255
884.4960000000	n/a	n/a	STATUS	n/a	n/a	DI43
884.5480000000	n/a	n/a	STATUS	n/a	n/a	D255
884.8080000000	n/a	n/a	STATUS	n/a	n/a	DIN5
884.8560000000	n/a	n/a	STATUS	n/a	n/a	D255
885.2240000000	n/a	n/a	STATUS	n/a	n/a	D109
885.2720000000	n/a	n/a	STATUS	n/a	n/a	D255
885.3120000000	n/a	n/a	STATUS	n/a	n/a	DI53
885.3600000000	n/a	n/a	STATUS	n/a	n/a	D255
885.6120000000	n/a	n/a	STATUS	n/a	n/a	DI43
885.6600000000	n/a	n/a	STATUS	n/a	n/a	D255
942.0000000000	n/a	n/a	STATUS	n/a	n/a	DIN5
942.0520000000	n/a	n/a	STATUS	n/a	n/a	D255
942.4720000000	n/a	n/a	STATUS	n/a	n/a	DI73
942.5200000000	n/a	n/a	STATUS	n/a	n/a	D255
942.5560000000	n/a	n/a	STATUS	n/a	n/a	DI53
942.6080000000	n/a	n/a	STATUS	n/a	n/a	D255
942.9440000000	n/a	n/a	STATUS	n/a	n/a	DI43
942.9920000000	n/a	n/a	STATUS	n/a	n/a	D255
943.2520000000	n/a	n/a	STATUS	n/a	n/a	DIN5
943.3040000000	n/a	n/a	STATUS	n/a	n/a	D255
943.7920000000	n/a	n/a	STATUS	n/a	n/a	D192
943.8440000000	n/a	n/a	STATUS	n/a	n/a	D255
943.8800000000	n/a	n/a	STATUS	n/a	n/a	DI52
943.9280000000	n/a	n/a	STATUS	n/a	n/a	D255
944.1720000000	n/a	n/a	STATUS	n/a	n/a	DI12
944.2240000000	n/a	n/a	STATUS	n/a	n/a	D255
944.2280000000	n/a	n/a	STATUS	n/a	n/a	DIN4
944.2760000000	n/a	n/a	STATUS	n/a	n/a	D255
945.0320000000	n/a	n/a	STATUS	n/a	n/a	DIN5
945.0840000000	n/a	n/a	STATUS	n/a	n/a	D255
945.5240000000	n/a	n/a	STATUS	n/a	n/a	DI80
945.5720000000	n/a	n/a	STATUS	n/a	n/a	D255
945.6120000000	n/a	n/a	STATUS	n/a	n/a	DI51
945.6600000000	n/a	n/a	STATUS	n/a	n/a	D255
945.9640000000	n/a	n/a	STATUS	n/a	n/a	DI31
946.0120000000	n/a	n/a	STATUS	n/a	n/a	D255
946.2720000000	n/a	n/a	STATUS	n/a	n/a	DIN5
946.3240000000	n/a	n/a	STATUS	n/a	n/a	D255
946.6280000000	n/a	n/a	STATUS	n/a	n/a	DI88
946.6760000000	n/a	n/a	STATUS	n/a	n/a	D255
946.7160000000	n/a	n/a	STATUS	n/a	n/a	DI52
946.7640000000	n/a	n/a	STATUS	n/a	n/a	D255
947.0560000000	n/a	n/a	STATUS	n/a	n/a	DI42
947.1080000000	n/a	n/a	STATUS	n/a	n/a	D255
947.3680000000	n/a	n/a	STATUS	n/a	n/a	DIN5
947.4160000000	n/a	n/a	STATUS	n/a	n/a	D229
947.4200000000	n/a	n/a	STATUS	n/a	n/a	D255
947.7720000000	n/a	n/a	STATUS	n/a	n/a	D118
947.8240000000	n/a	n/a	STATUS	n/a	n/a	D255
947.8600000000	n/a	n/a	STATUS	n/a	n/a	DI51
947.9120000000	n/a	n/a	STATUS	n/a	n/a	D255
948.2120000000	n/a	n/a	STATUS	n/a	n/a	DI31
948.2640000000	n/a	n/a	STATUS	n/a	n/a	D255
948.5240000000	n/a	n/a	STATUS	n/a	n/a	DIN5
948.5720000000	n/a	n/a	STATUS	n/a	n/a	D255
948.8880000000	n/a	n/a	STATUS	n/a	n/a	DI76
948.9400000000	n/a	n/a	STATUS	n/a	n/a	D255
948.9760000000	n/a	n/a	STATUS	n/a	n/a	DI54
949.0240000000	n/a	n/a	STATUS	n/a	n/a	D255
949.2840000000	n/a	n/a	STATUS	n/a	n/a	DI34
949.3360000000	n/a	n/a	STATUS	n/a	n/a	D255
949.5960000000	n/a	n/a	STATUS	n/a	n/a	DIN5
949.6440000000	n/a	n/a	STATUS	n/a	n/a	D255
949.9480000000	n/a	n/a	STATUS	n/a	n/a	D116
950.0000000000	n/a	n/a	STATUS	n/a	n/a	D255
950.0360000000	n/a	n/a	STATUS	n/a	n/a	DI53
950.0880000000	n/a	n/a	STATUS	n/a	n/a	D255
950.3720000000	n/a	n/a	STATUS	n/a	n/a	DI43
950.4240000000	n/a	n/a	STATUS	n/a	n/a	D255
950.6840000000	n/a	n/a	STATUS	n/a	n/a	DIN5
950.7320000000	n/a	n/a	STATUS	n/a	n/a	D255
951.0960000000	n/a	n/a	STATUS	n/a	n/a	D130
951.1480000000	n/a	n/a	STATUS	n/a	n/a	D255
951.1840000000	n/a	n/a	STATUS	n/a	n/a	DI54
951.2360000000	n/a	n/a	STATUS	n/a	n/a	D255
951.4920000000	n/a	n/a	STATUS	n/a	n/a	DI34
951.5440000000	n/a	n/a	STATUS	n/a	n/a	D255
951.8000000000	n/a	n/a	STATUS	n/a	n/a	DIN5
951.8520000000	n/a	n/a	STATUS	n/a	n/a	D255
952.2800000000	n/a	n/a	STATUS	n/a	n/a	DI89
952.3320000000	n/a	n/a	STATUS	n/a	n/a	D255
952.3680000000	n/a	n/a	STATUS	n/a	n/a	DI52
952.4200000000	n/a	n/a	STATUS	n/a	n/a	D255
952.6360000000	n/a	n/a	STATUS	n/a	n/a	DI12
952.6840000000	n/a	n/a	STATUS	n/a	n/a	D255
952.6880000000	n/a	n/a	STATUS	n/a	n/a	DIN4
952.7400000000	n/a	n/a	STATUS	n/a	n/a	D255
953.4960000000	n/a	n/a	STATUS	n/a	n/a	DIN5
953.5440000000	n/a	n/a	STATUS	n/a	n/a	D255
953.8920000000	n/a	n/a	STATUS	n/a	n/a	D126
953.9400000000	n/a	n/a	STATUS	n/a	n/a	D255
953.9800000000	n/a	n/a	STATUS	n/a	n/a	DI53
954.0280000000	n/a	n/a	STATUS	n/a	n/a	D255
954.2560000000	n/a	n/a	STATUS	n/a	n/a	DI43
954.3080000000	n/a	n/a	STATUS	n/a	n/a	D255
954.5680000000	n/a	n/a	STATUS	n/a	n/a	DIN5
954.6160000000	n/a	n/a	STATUS	n/a	n/a	D255
954.9800000000	n/a	n/a	STATUS	n/a	n/a	D114
955.0320000000	n/a	n/a	STATUS	n/a	n/a	D255
955.0680000000	n/a	n/a	STATUS	n/a	n/a	DI54
955.1200000000	n/a	n/a	STATUS	n/a	n/a	D255
955.3400000000	n/a	n/a	STATUS	n/a	n/a	DI34
955.3880000000	n/a	n/a	STATUS	n/a	n/a	D255
955.6480000000	n/a	n/a	STATUS	n/a	n/a	DIN5
955.6960000000	n/a	n/a	STATUS	n/a	n/a	D255
956.0760000000	n/a	n/a	STATUS	n/a	n/a	D138
956.1280000000	n/a	n/a	STATUS	n/a	n/a	D255
956.1640000000	n/a	n/a	STATUS	n/a	n/a	DI54
956.2160000000	n/a	n/a	STATUS	n/a	n/a	D255
956.4600000000	n/a	n/a	STATUS	n/a	n/a	DI34
956.5080000000	n/a	n/a	STATUS	n/a	n/a	D255
956.7680000000	n/a	n/a	STATUS	n/a	n/a	DIN5
956.8200000000	n/a	n/a	STATUS	n/a	n/a	D255
957.2640000000	n/a	n/a	STATUS	n/a	n/a	D210
957.3120000000	n/a	n/a	STATUS	n/a	n/a	D255
957.3520000000	n/a	n/a	STATUS	n/a	n/a	DI52
957.4000000000	n/a	n/a	STATUS	n/a	n/a	D255
957.7040000000	n/a	n/a	STATUS	n/a	n/a	DI42
957.7520000000	n/a	n/a	STATUS	n/a	n/a	D255
958.0120000000	n/a	n/a	STATUS	n/a	n/a	DIN5
958.0640000000	n/a	n/a	STATUS	n/a	n/a	D255
958.5280000000	n/a	n/a	STATUS	n/a	n/a	D155
958.5760000000	n/a	n/a	STATUS	n/a	n/a	D255
958.6120000000	n/a	n/a	STATUS	n/a	n/a	DI52
958.6640000000	n/a	n/a	STATUS	n/a	n/a	D255
958.9400000000	n/a	n/a	STATUS	n/a	n/a	DI42
958.9920000000	n/a	n/a	STATUS	n/a	n/a	D255
959.2480000000	n/a	n/a	STATUS	n/a	n/a	DIN5
959.3000000000	n/a	n/a	STATUS	n/a	n/a	D255
959.7200000000	n/a	n/a	STATUS	n/a	n/a	D161
959.7680000000	n/a	n/a	STATUS	n/a	n/a	D255
959.8080000000	n/a	n/a	STATUS	n/a	n/a	DI52
959.8560000000	n/a	n/a	STATUS	n/a	n/a	D255
960.1720000000	n/a	n/a	STATUS	n/a	n/a	DI42
960.2240000000	n/a	n/a	STATUS	n/a	n/a	D255
960.4840000000	n/a	n/a	STATUS	n/a	n/a	DIN5
960.5320000000	n/a	n/a	STATUS	n/a	n/a	D255
960.9160000000	n/a	n/a	STATUS	n/a	n/a	D108
960.9680000000	n/a	n/a	STATUS	n/a	n/a	D255
961.0040000000	n/a	n/a	STATUS	n/a	n/a	DI53
961.0560000000	n/a	n/a	STATUS	n/a	n/a	D255
961.3160000000	n/a	n/a	STATUS	n/a	n/a	DI43
961.3640000000	n/a	n/a	STATUS	n/a	n/a	D255
961.6240000000	n/a	n/a	STATUS	n/a	n/a	DIN5
961.6760000000	n/a	n/a	STATUS	n/a	n/a	D255
962.0720000000	n/a	n/a	STATUS	n/a	n/a	D101
962.1200000000	n/a	n/a	STATUS	n/a	n/a	D255
962.1600000000	n/a	n/a	STATUS	n/a	n/a	DI52
962.2080000000	n/a	n/a	STATUS	n/a	n/a	D255
962.5280000000	n/a	n/a	STATUS	n/a	n/a	DI42
962.5800000000	n/a	n/a	STATUS	n/a	n/a	D255
962.8360000000	n/a	n/a	STATUS	n/a	n/a	DIN5
962.8880000000	n/a	n/a	STATUS	n/a	n/a	D255
963.2840000000	n/a	n/a	STATUS	n/a	n/a	D180
963.3320000000	n/a	n/a	STATUS	n/a	n/a	D255
963.3680000000	n/a	n/a	STATUS	n/a	n/a	DI51
963.4200000000	n/a	n/a	STATUS	n/a	n/a	D255
963.7440000000	n/a	n/a	STATUS	n/a	n/a	DI31
963.7920000000	n/a	n/a	STATUS	n/a	n/a	D255
964.0520000000	n/a	n/a	STATUS	n/a	n/a	DIN5
964.1040000000	n/a	n/a	STATUS	n/a	n/a	D255
964.4160000000	n/a	n/a	STATUS	n/a	n/a	D244
964.4680000000	n/a	n/a	STATUS	n/a	n/a	D255
964.5040000000	n/a	n/a	STATUS	n/a	n/a	DI54
964.5560000000	n/a	n/a	STATUS	n/a	n/a	D255
964.8480000000	n/a	n/a	STATUS	n/a	n/a	DI34
964.8960000000	n/a	n/a	STATUS	n/a	n/a	D255
965.1560000000	n/a	n/a	STATUS	n/a	n/a	DIN5
965.2080000000	n/a	n/a	STATUS	n/a	n/a	D255
965.6280000000	n/a	n/a	STATUS	n/a	n/a	D169
965.6760000000	n/a	n/a	STATUS	n/a	n/a	D255
965.7160000000	n/a	n/a	STATUS	n/a	n/a	DI51
965.7640000000	n/a	n/a	STATUS	n/a	n/a	D255
966.1040000000	n/a	n/a	STATUS	n/a	n/a	DI31
966.1560000000	n/a	n/a	STATUS	n/a	n/a	D255
966.4160000000	n/a	n/a	STATUS	n/a	n/a	DIN5
966.4640000000	n/a	n/a	STATUS	n/a	n/a	D255
966.8360000000	n/a	n/a	STATUS	n/a	n/a	D175
966.8840000000	n/a	n/a	STATUS	n/a	n/a	D255
966.9240000000	n/a	n/a	STATUS	n/a	n/a	DI51
966.9720000000	n/a	n/a	STATUS	n/a	n/a	D255
967.2960000000	n/a	n/a	STATUS	n/a	n/a	DI31
967.3480000000	n/a	n/a	STATUS	n/a	n/a	D255
967.6160000000	n/a	n/a	STATUS	n/a	n/a	DIN5
967.6640000000	n/a	n/a	STATUS	n/a	n/a	D255
967.9800000000	n/a	n/a	STATUS	n/a	n/a	D189
968.0320000000	n/a	n/a	STATUS	n/a	n/a	D255
968.0680000000	n/a	n/a	STATUS	n/a	n/a	DI51
968.1160000000	n/a	n/a	STATUS	n/a	n/a	D255
968.4320000000	n/a	n/a	STATUS	n/a	n/a	DI31
968.4800000000	n/a	n/a	STATUS	n/a	n/a	D255
968.7400000000	n/a	n/a	STATUS	n/a	n/a	DIN5
968.7920000000	n/a	n/a	STATUS	n/a	n/a	D255
969.2880000000	n/a	n/a	STATUS	n/a	n/a	D181
969.3360000000	n/a	n/a	STATUS	n/a	n/a	D255
969.3760000000	n/a	n/a	STATUS	n/a	n/a	DI51
969.4240000000	n/a	n/a	STATUS	n/a	n/a	D255
969.7520000000	n/a	n/a	STATUS	n/a	n/a	DI31
969.8040000000	n/a	n/a	STATUS	n/a	n/a	D255
970.0600000000	n/a	n/a	STATUS	n/a	n/a	DIN5
970.1120000000	n/a	n/a	STATUS	n/a	n/a	D255
970.4760000000	n/a	n/a	STATUS	n/a	n/a	D253
970.5280000000	n/a	n/a	STATUS	n/a	n/a	D255
970.5640000000	n/a	n/a	STATUS	n/a	n/a	DI52
970.6160000000	n/a	n/a	STATUS	n/a	n/a	D255
970.9240000000	n/a	n/a	STATUS	n/a	n/a	DI42
970.9760000000	n/a	n/a	STATUS	n/a	n/a	D255
971.2320000000	n/a	n/a	STATUS	n/a	n/a	DIN5
971.2840000000	n/a	n/a	STATUS	n/a	n/a	D255
971.5920000000	n/a	n/a	STATUS	n/a	n/a	DI98
971.6440000000	n/a	n/a	STATUS	n/a	n/a	D255
971.6800000000	n/a	n/a	STATUS	n/a	n/a	DI52
971.7320000000	n/a	n/a	STATUS	n/a	n/a	D255
972.0200000000	n/a	n/a	STATUS	n/a	n/a	DI42
972.0720000000	n/a	n/a	STATUS	n/a	n/a	D255
972.3280000000	n/a	n/a	STATUS	n/a	n/a	DIN5
972.3800000000	n/a	n/a	STATUS	n/a	n/a	D255
972.8200000000	n/a	n/a	STATUS	n/a	n/a	DI66
972.8720000000	n/a	n/a	STATUS	n/a	n/a	D255
972.9080000000	n/a	n/a	STATUS	n/a	n/a	DI52
972.9560000000	n/a	n/a	STATUS	n/a	n/a	D255
973.2600000000	n/a	n/a	STATUS	n/a	n/a	DI42
973.3120000000	n/a	n/a	STATUS	n/a	n/a	D255
973.5720000000	n/a	n/a	STATUS	n/a	n/a	DIN5
973.6200000000	n/a	n/a	STATUS	n/a	n/a	D255
974.0840000000	n/a	n/a	STATUS	n/a	n/a	D216
974.1360000000	n/a	n/a	STATUS	n/a	n/a	D255
974.1720000000	n/a	n/a	STATUS	n/a	n/a	DI52
974.2240000000	n/a	n/a	STATUS	n/a	n/a	D255
974.5280000000	n/a	n/a	STATUS	n/a	n/a	DI42
974.5760000000	n/a	n/a	STATUS	n/a	n/a	D255
974.8360000000	n/a	n/a	STATUS	n/a	n/a	DIN5
974.8880000000	n/a	n/a	STATUS	n/a	n/a	D255
975.3920000000	n/a	n/a	STATUS	n/a	n/a	D251
975.4440000000	n/a	n/a	STATUS	n/a	n/a	D255
975.4800000000	n/a	n/a	STATUS	n/a	n/a	DI53
975.5320000000	n/a	n/a	STATUS	n/a	n/a	D255
975.8040000000	n/a	n/a	STATUS	n/a	n/a	DI43
975.8560000000	n/a	n/a	STATUS	n/a	n/a	D255
976.1160000000	n/a	n/a	STATUS	n/a	n/a	DIN5
976.1640000000	n/a	n/a	STATUS	n/a	n/a	D255
976.6400000000	n/a	n/a	STATUS	n/a	n/a	D158
976.6880000000	n/a	n/a	STATUS	n/a	n/a	D255
976.7280000000	n/a	n/a	STATUS	n/a	n/a	DI54
976.7760000000	n/a	n/a	STATUS	n/a	n/a	D255
977.0360000000	n/a	n/a	STATUS	n/a	n/a	DI34
977.0840000000	n/a	n/a	STATUS	n/a	n/a	D255
977.3440000000	n/a	n/a	STATUS	n/a	n/a	DIN5
977.3920000000	n/a	n/a	STATUS	n/a	n/a	D255
977.8440000000	n/a	n/a	STATUS	n/a	n/a	D252
977.8920000000	n/a	n/a	STATUS	n/a	n/a	D255
977.9280000000	n/a	n/a	STATUS	n/a	n/a	DI53
977.9800000000	n/a	n/a	STATUS	n/a	n/a	D255
978.2440000000	n/a	n/a	STATUS	n/a	n/a	DI13
978.2960000000	n/a	n/a	STATUS	n/a	n/a	D255
978.3000000000	n/a	n/a	STATUS	n/a	n/a	DIN4
978.3480000000	n/a	n/a	STATUS	n/a	n/a	D255
979.1040000000	n/a	n/a	STATUS	n/a	n/a	DIN5
979.1560000000	n/a	n/a	STATUS	n/a	n/a	D255
979.5240000000	n/a	n/a	STATUS	n/a	n/a	D254
979.5720000000	n/a	n/a	STATUS	n/a	n/a	D255
979.6120000000	n/a	n/a	STATUS	n/a	n/a	DI54
979.6640000000	n/a	n/a	STATUS	n/a	n/a	D255
979.9560000000	n/a	n/a	STATUS	n/a	n/a	DI34
980.0080000000	n/a	n/a	STATUS	n/a	n/a	D255
980.2680000000	n/a	n/a	STATUS	n/a	n/a	DIN5
980.3160000000	n/a	n/a	STATUS	n/a	n/a	D255
980.6640000000	n/a	n/a	STATUS	n/a	n/a	D231
980.7120000000	n/a	n/a	STATUS	n/a	n/a	D255
980.7480000000	n/a	n/a	STATUS	n/a	n/a	DI52
980.8000000000	n/a	n/a	STATUS	n/a	n/a	D255
981.1000000000	n/a	n/a	STATUS	n/a	n/a	DI42
981.1480000000	n/a	n/a	STATUS	n/a	n/a	D255
981.4080000000	n/a	n/a	STATUS	n/a	n/a	DIN5
981.4560000000	n/a	n/a	STATUS	n/a	n/a	D255
981.8080000000	n/a	n/a	STATUS	n/a	n/a	D188
981.8600000000	n/a	n/a	STATUS	n/a	n/a	D255
981.8960000000	n/a	n/a	STATUS	n/a	n/a	DI53
981.9440000000	n/a	n/a	STATUS	n/a	n/a	D255
982.2320000000	n/a	n/a	STATUS	n/a	n/a	DI43
982.2840000000	n/a	n/a	STATUS	n/a	n/a	D255
982.5440000000	n/a	n/a	STATUS	n/a	n/a	DIN5
982.5920000000	n/a	n/a	STATUS	n/a	n/a	D255
983.0720000000	n/a	n/a	STATUS	n/a	n/a	D238
983.1240000000	n/a	n/a	STATUS	n/a	n/a	D255
983.1600000000	n/a	n/a	STATUS	n/a	n/a	DI51
983.2080000000	n/a	n/a	STATUS	n/a	n/a	D255
983.4240000000	n/a	n/a	STATUS	n/a	n/a	DI21
983.4720000000	n/a	n/a	STATUS	n/a	n/a	D255
983.4800000000	n/a	n/a	STATUS	n/a	n/a	DIN4
983.5280000000	n/a	n/a	STATUS	n/a	n/a	D255
984.2840000000	n/a	n/a	STATUS	n/a	n/a	DIN5
984.3320000000	n/a	n/a	STATUS	n/a	n/a	D255
984.6520000000	n/a	n/a	STATUS	n/a	n/a	D211
984.7040000000	n/a	n/a	STATUS	n/a	n/a	D255
984.7400000000	n/a	n/a	STATUS	n/a	n/a	DI52
984.7920000000	n/a	n/a	STATUS	n/a	n/a	D255
985.0920000000	n/a	n/a	STATUS	n/a	n/a	DI42
985.1400000000	n/a	n/a	STATUS	n/a	n/a	D255
985.4000000000	n/a	n/a	STATUS	n/a	n/a	DIN5
985.4520000000	n/a	n/a	STATUS	n/a	n/a	D255
985.9520000000	n/a	n/a	STATUS	n/a	n/a	D233
986.0000000000	n/a	n/a	STATUS	n/a	n/a	D255
986.0400000000	n/a	n/a	STATUS	n/a	n/a	DI54
986.0880000000	n/a	n/a	STATUS	n/a	n/a	D255
986.3600000000	n/a	n/a	STATUS	n/a	n/a	DI34
986.4120000000	n/a	n/a	STATUS	n/a	n/a	D255
986.6680000000	n/a	n/a	STATUS	n/a	n/a	DIN5
986.7200000000	n/a	n/a	STATUS	n/a	n/a	D255
987.1080000000	n/a	n/a	STATUS	n/a	n/a	DI70
987.1600000000	n/a	n/a	STATUS	n/a	n/a	D255
987.1960000000	n/a	n/a	STATUS	n/a	n/a	DI52
987.2480000000	n/a	n/a	STATUS	n/a	n/a	D255
987.5560000000	n/a	n/a	STATUS	n/a	n/a	DI42
987.6080000000	n/a	n/a	STATUS	n/a	n/a	D255
987.8680000000	n/a	n/a	STATUS	n/a	n/a	DIN5
987.9160000000	n/a	n/a	STATUS	n/a	n/a	D255
988.3280000000	n/a	n/a	STATUS	n/a	n/a	DI72
988.3760000000	n/a	n/a	STATUS	n/a	n/a	D255
988.4120000000	n/a	n/a	STATUS	n/a	n/a	DI54
988.4640000000	n/a	n/a	STATUS	n/a	n/a	D255
988.7200000000	n/a	n/a	STATUS	n/a	n/a	DI34
988.7680000000	n/a	n/a	STATUS	n/a	n/a	D255
989.0280000000	n/a	n/a	STATUS	n/a	n/a	DIN5
989.0800000000	n/a	n/a	STATUS	n/a	n/a	D255
989.5440000000	n/a	n/a	STATUS	n/a	n/a	D133
989.5960000000	n/a	n/a	STATUS	n/a	n/a	D255
989.6320000000	n/a	n/a	STATUS	n/a	n/a	DI53
989.6840000000	n/a	n/a	STATUS	n/a	n/a	D255
989.9160000000	n/a	n/a	STATUS	n/a	n/a	DI43
989.9640000000	n/a	n/a	STATUS	n/a	n/a	D255
990.2240000000	n/a	n/a	STATUS	n/a	n/a	DIN5
990.2760000000	n/a	n/a	STATUS	n/a	n/a	D255
990.7000000000	n/a	n/a	STATUS	n/a	n/a	D222
990.7480000000	n/a	n/a	STATUS	n/a	n/a	D255
990.7880000000	n/a	n/a	STATUS	n/a	n/a	DI54
990.8360000000	n/a	n/a	STATUS	n/a	n/a	D255
991.1160000000	n/a	n/a	STATUS	n/a	n/a	DI34
991.1680000000	n/a	n/a	STATUS	n/a	n/a	D255
991.4240000000	n/a	n/a	STATUS	n/a	n/a	DIN5
991.4760000000	n/a	n/a	STATUS	n/a	n/a	D255
991.9760000000	n/a	n/a	STATUS	n/a	n/a	D167
992.0240000000	n/a	n/a	STATUS	n/a	n/a	D255
992.0640000000	n/a	n/a	STATUS	n/a	n/a	DI52
992.1120000000	n/a	n/a	STATUS	n/a	n/a	D255
992.4120000000	n/a	n/a	STATUS	n/a	n/a	DI42
992.4640000000	n/a	n/a	STATUS	n/a	n/a	D255
992.7240000000	n/a	n/a	STATUS	n/a	n/a	DIN5
992.7720000000	n/a	n/a	STATUS	n/a	n/a	D255
993.1040000000	n/a	n/a	STATUS	n/a	n/a	D106
993.1520000000	n/a	n/a	STATUS	n/a	n/a	D255
993.1880000000	n/a	n/a	STATUS	n/a	n/a	DI53
993.2400000000	n/a	n/a	STATUS	n/a	n/a	D255
993.4680000000	n/a	n/a	STATUS	n/a	n/a	DI43
993.5200000000	n/a	n/a	STATUS	n/a	n/a	D255
993.7800000000	n/a	n/a	STATUS	n/a	n/a	DIN5
993.8280000000	n/a	n/a	STATUS	n/a	n/a	D255
994.2120000000	n/a	n/a	STATUS	n/a	n/a	D228
994.2640000000	n/a	n/a	STATUS	n/a	n/a	D255
994.3000000000	n/a	n/a	STATUS	n/a	n/a	DI51
994.3520000000	n/a	n/a	STATUS	n/a	n/a	D255
994.6960000000	n/a	n/a	STATUS	n/a	n/a	DI31
994.7480000000	n/a	n/a	STATUS	n/a	n/a	D255
995.0040000000	n/a	n/a	STATUS	n/a	n/a	DIN5
995.0560000000	n/a	n/a	STATUS	n/a	n/a	D255
995.5320000000	n/a	n/a	STATUS	n/a	n/a	D149
995.5800000000	n/a	n/a	STATUS	n/a	n/a	D255
995.6200000000	n/a	n/a	STATUS	n/a	n/a	DI53
995.6680000000	n/a	n/a	STATUS	n/a	n/a	D255
995.9160000000	n/a	n/a	STATUS	n/a	n/a	DI43
995.9640000000	n/a	n/a	STATUS	n/a	n/a	D255
996.2240000000	n/a	n/a	STATUS	n/a	n/a	DIN5
996.2760000000	n/a	n/a	STATUS	n/a	n/a	D255
996.6480000000	n/a	n/a	STATUS	n/a	n/a	D197
996.7000000000	n/a	n/a	STATUS	n/a	n/a	D255
996.7360000000	n/a	n/a	STATUS	n/a	n/a	DI52
996.7880000000	n/a	n/a	STATUS	n/a	n/a	D255
997.0880000000	n/a	n/a	STATUS	n/a	n/a	DI42
997.1360000000	n/a	n/a	STATUS	n/a	n/a	D255
997.3960000000	n/a	n/a	STATUS	n/a	n/a	DIN5
997.4480000000	n/a	n/a	STATUS	n/a	n/a	D255
997.7920000000	n/a	n/a	STATUS	n/a	n/a	D107
997.8400000000	n/a	n/a	STATUS	n/a	n/a	D255
997.8800000000	n/a	n/a	STATUS	n/a	n/a	DI54
997.9280000000	n/a	n/a	STATUS	n/a	n/a	D255
998.2080000000	n/a	n/a	STATUS	n/a	n/a	DI34
998.2600000000	n/a	n/a	STATUS	n/a	n/a	D255
998.5200000000	n/a	n/a	STATUS	n/a	n/a	DIN5
998.5680000000	n/a	n/a	STATUS	n/a	n/a	D255
998.8760000000	n/a	n/a	STATUS	n/a	n/a	D168
998.9280000000	n/a	n/a	STATUS	n/a	n/a	D255
998.9680000000	n/a	n/a	STATUS	n/a	n/a	DI51
999.0160000000	n/a	n/a	STATUS	n/a	n/a	D255
999.3440000000	n/a	n/a	STATUS	n/a	n/a	DI31
999.3920000000	n/a	n/a	STATUS	n/a	n/a	D255
999.6520000000	n/a	n/a	STATUS	n/a	n/a	DIN5
999.7000000000	n/a	n/a	STATUS	n/a	n/a	D255
1000.1960000000	n/a	n/a	STATUS	n/a	n/a	D172
1000.2480000000	n/a	n/a	STATUS	n/a	n/a	D255
1000.2840000000	n/a	n/a	STATUS	n/a	n/a	DI54
1000.3360000000	n/a	n/a	STATUS	n/a	n/a	D255
1000.6080000000	n/a	n/a	STATUS	n/a	n/a	DI34
1000.6600000000	n/a	n/a	STATUS	n/a	n/a	D255
1000.9160000000	n/a	n/a	STATUS	n/a	n/a	DIN5
1000.9680000000	n/a	n/a	STATUS	n/a	n/a	D255
1001.4360000000	n/a	n/a	STATUS	n/a	n/a	DI91
1001.4880000000	n/a	n/a	STATUS	n/a	n/a	D255
1001.5240000000	n/a	n/a	STATUS	n/a	n/a	DI51
1001.5760000000	n/a	n/a	STATUS	n/a	n/a	D255
1001.9720000000	n/a	n/a	STATUS	n/a	n/a	DI31
1002.0200000000	n/a	n/a	STATUS	n/a	n/a	D255
1002.2800000000	n/a	n/a	STATUS	n/a	n/a	DIN5
1002.3320000000	n/a	n/a	STATUS	n/a	n/a	D255
1002.6960000000	n/a	n/a	STATUS	n/a	n/a	D104
1002.7480000000	n/a	n/a	STATUS	n/a	n/a	D255
1002.7840000000	n/a	n/a	STATUS	n/a	n/a	DI53
1002.8320000000	n/a	n/a	STATUS	n/a	n/a	D255
1003.1360000000	n/a	n/a	STATUS	n/a	n/a	DI43
1003.1880000000	n/a	n/a	STATUS	n/a	n/a	D255
1003.4480000000	n/a	n/a	STATUS	n/a	n/a	DIN5
1003.4960000000	n/a	n/a	STATUS	n/a	n/a	D255
1003.9920000000	n/a	n/a	STATUS	n/a	n/a	D240
1004.0400000000	n/a	n/a	STATUS	n/a	n/a	D255
1004.0800000000	n/a	n/a	STATUS	n/a	n/a	DI51
1004.1320000000	n/a	n/a	STATUS	n/a	n/a	D255
1004.3880000000	n/a	n/a	STATUS	n/a	n/a	DI21
1004.4360000000	n/a	n/a	STATUS	n/a	n/a	D255
1004.4400000000	n/a	n/a	STATUS	n/a	n/a	DIN4
1004.4920000000	n/a	n/a	STATUS	n/a	n/a	D255
1005.2440000000	n/a	n/a	STATUS	n/a	n/a	DIN5
1005.2960000000	n/a	n/a	STATUS	n/a	n/a	D255
1005.7000000000	n/a	n/a	STATUS	n/a	n/a	D248
1005.7520000000	n/a	n/a	STATUS	n/a	n/a	D255
1005.7880000000	n/a	n/a	STATUS	n/a	n/a	DI51
1005.8400000000	n/a	n/a	STATUS	n/a	n/a	D255
1006.1640000000	n/a	n/a	STATUS	n/a	n/a	DI31
1006.2160000000	n/a	n/a	STATUS	n/a	n/a	D255
1006.4720000000	n/a	n/a	STATUS	n/a	n/a	DIN5
1006.5240000000	n/a	n/a	STATUS	n/a	n/a	D255
1006.9720000000	n/a	n/a	STATUS	n/a	n/a	D225
1007.0240000000	n/a	n/a	STATUS	n/a	n/a	D255
1007.0600000000	n/a	n/a	STATUS	n/a	n/a	DI52
1007.1120000000	n/a	n/a	STATUS	n/a	n/a	D255
1007.4080000000	n/a	n/a	STATUS	n/a	n/a	DI42
1007.4600000000	n/a	n/a	STATUS	n/a	n/a	D255
1007.7200000000	n/a	n/a	STATUS	n/a	n/a	DIN5
1007.7680000000	n/a	n/a	STATUS	n/a	n/a	D255
1008.2040000000	n/a	n/a	STATUS	n/a	n/a	D196
1008.2520000000	n/a	n/a	STATUS	n/a	n/a	D255
1008.2920000000	n/a	n/a	STATUS	n/a	n/a	DI52
1008.3400000000	n/a	n/a	STATUS	n/a	n/a	D255
1008.6400000000	n/a	n/a	STATUS	n/a	n/a	DI42
1008.6880000000	n/a	n/a	STATUS	n/a	n/a	D255
1008.9480000000	n/a	n/a	STATUS	n/a	n/a	DIN5
1009.0000000000	n/a	n/a	STATUS	n/a	n/a	D255
1009.3720000000	n/a	n/a	STATUS	n/a	n/a	DI83
1009.4240000000	n/a	n/a	STATUS	n/a	n/a	D255
1009.4600000000	n/a	n/a	STATUS	n/a	n/a	DI53
1009.5120000000	n/a	n/a	STATUS	n/a	n/a	D255
1009.7800000000	n/a	n/a	STATUS	n/a	n/a	DI43
1009.8320000000	n/a	n/a	STATUS	n/a	n/a	D255
1010.0920000000	n/a	n/a	STATUS	n/a	n/a	DIN5
1010.1400000000	n/a	n/a	STATUS	n/a	n/a	D255
1010.5200000000	n/a	n/a	STATUS	n/a	n/a	D135
1010.5720000000	n/a	n/a	STATUS	n/a	n/a	D255
1010.6080000000	n/a	n/a	STATUS	n/a	n/a	DI51
1010.6600000000	n/a	n/a	STATUS	n/a	n/a	D255
1010.9720000000	n/a	n/a	STATUS	n/a	n/a	DI31
1011.0200000000	n/a	n/a	STATUS	n/a	n/a	D255
1011.2800000000	n/a	n/a	STATUS	n/a	n/a	DIN5
1011.3320000000	n/a	n/a	STATUS	n/a	n/a	D255
1011.6840000000	n/a	n/a	STATUS	n/a	n/a	D125
1011.7360000000	n/a	n/a	STATUS	n/a	n/a	D255
1011.7720000000	n/a	n/a	STATUS	n/a	n/a	DI54
1011.8240000000	n/a	n/a	STATUS	n/a	n/a	D255
1012.0720000000	n/a	n/a	STATUS	n/a	n/a	DI34
1012.1240000000	n/a	n/a	STATUS	n/a	n/a	D255
1012.3840000000	n/a	n/a	STATUS	n/a	n/a	DIN5
1012.4320000000	n/a	n/a	STATUS	n/a	n/a	D255
1012.9120000000	n/a	n/a	STATUS	n/a	n/a	D140
1012.9640000000	n/a	n/a	STATUS	n/a	n/a	D255
1013.0000000000	n/a	n/a	STATUS	n/a	n/a	DI53
1013.0480000000	n/a	n/a	STATUS	n/a	n/a	D255
1013.2520000000	n/a	n/a	STATUS	n/a	n/a	DI43
1013.3040000000	n/a	n/a	STATUS	n/a	n/a	D255
1013.5640000000	n/a	n/a	STATUS	n/a	n/a	DIN5
1013.6120000000	n/a	n/a	STATUS	n/a	n/a	D255
1013.9600000000	n/a	n/a	STATUS	n/a	n/a	D183
1014.0120000000	n/a	n/a	STATUS	n/a	n/a	D255
1014.0480000000	n/a	n/a	STATUS	n/a	n/a	DI54
1014.1000000000	n/a	n/a	STATUS	n/a	n/a	D255
1014.3320000000	n/a	n/a	STATUS	n/a	n/a	DI34
1014.3840000000	n/a	n/a	STATUS	n/a	n/a	D255
1014.6440000000	n/a	n/a	STATUS	n/a	n/a	DIN5
1014.6920000000	n/a	n/a	STATUS	n/a	n/a	D255
1015.1920000000	n/a	n/a	STATUS	n/a	n/a	DI84
1015.2440000000	n/a	n/a	STATUS	n/a	n/a	D255
1015.2800000000	n/a	n/a	STATUS	n/a	n/a	DI53
1015.3320000000	n/a	n/a	STATUS	n/a	n/a	D255
1015.5480000000	n/a	n/a	STATUS	n/a	n/a	DI43
1015.5960000000	n/a	n/a	STATUS	n/a	n/a	D255
1015.8560000000	n/a	n/a	STATUS	n/a	n/a	DIN5
1015.9040000000	n/a	n/a	STATUS	n/a	n/a	D255
1016.3320000000	n/a	n/a	STATUS	n/a	n/a	DI92
1016.3800000000	n/a	n/a	STATUS	n/a	n/a	D255
1016.4200000000	n/a	n/a	STATUS	n/a	n/a	DI54
1016.4680000000	n/a	n/a	STATUS	n/a	n/a	D255
1016.7160000000	n/a	n/a	STATUS	n/a	n/a	DI34
1016.7640000000	n/a	n/a	STATUS	n/a	n/a	D255
1017.0240000000	n/a	n/a	STATUS	n/a	n/a	DIN5
1017.0760000000	n/a	n/a	STATUS	n/a	n/a	D255
1017.4040000000	n/a	n/a	STATUS	n/a	n/a	D214
1017.4520000000	n/a	n/a	STATUS	n/a	n/a	D255
1017.4920000000	n/a	n/a	STATUS	n/a	n/a	DI54
1017.5400000000	n/a	n/a	STATUS	n/a	n/a	D255
1017.8000000000	n/a	n/a	STATUS	n/a	n/a	DI34
1017.8480000000	n/a	n/a	STATUS	n/a	n/a	D255
1018.1080000000	n/a	n/a	STATUS	n/a	n/a	DIN5
1018.1600000000	n/a	n/a	STATUS	n/a	n/a	D255
1018.6200000000	n/a	n/a	STATUS	n/a	n/a	D165
1018.6680000000	n/a	n/a	STATUS	n/a	n/a	D255
1018.7080000000	n/a	n/a	STATUS	n/a	n/a	DI54
1018.7560000000	n/a	n/a	STATUS	n/a	n/a	D255
1018.9560000000	n/a	n/a	STATUS	n/a	n/a	DI34
1019.0080000000	n/a	n/a	STATUS	n/a	n/a	D255
1019.2640000000	n/a	n/a	STATUS	n/a	n/a	DIN5
1019.3160000000	n/a	n/a	STATUS	n/a	n/a	D255
1019.6840000000	n/a	n/a	STATUS	n/a	n/a	D195
1019.7360000000	n/a	n/a	STATUS	n/a	n/a	D255
1019.7720000000	n/a	n/a	STATUS	n/a	n/a	DI52
1019.8240000000	n/a	n/a	STATUS	n/a	n/a	D255
1020.0440000000	n/a	n/a	STATUS	n/a	n/a	DI12
1020.0920000000	n/a	n/a	STATUS	n/a	n/a	D255
1020.1000000000	n/a	n/a	STATUS	n/a	n/a	DIN4
1020.1480000000	n/a	n/a	STATUS	n/a	n/a	D255
1020.9040000000	n/a	n/a	STATUS	n/a	n/a	DIN5
1020.9520000000	n/a	n/a	STATUS	n/a	n/a	D255
1021.4040000000	n/a	n/a	STATUS	n/a	n/a	D203
1021.4520000000	n/a	n/a	STATUS	n/a	n/a	D255
1021.4920000000	n/a	n/a	STATUS	n/a	n/a	DI54
1021.5400000000	n/a	n/a	STATUS	n/a	n/a	D255
1021.7920000000	n/a	n/a	STATUS	n/a	n/a	DI34
1021.8440000000	n/a	n/a	STATUS	n/a	n/a	D255
1022.1040000000	n/a	n/a	STATUS	n/a	n/a	DIN5
1022.1560000000	n/a	n/a	STATUS	n/a	n/a	D255
1022.4720000000	n/a	n/a	STATUS	n/a	n/a	D239
1022.5240000000	n/a	n/a	STATUS	n/a	n/a	D255
1022.5600000000	n/a	n/a	STATUS	n/a	n/a	DI54
1022.6120000000	n/a	n/a	STATUS	n/a	n/a	D255
1022.8920000000	n/a	n/a	STATUS	n/a	n/a	DI34
1022.9400000000	n/a	n/a	STATUS	n/a	n/a	D255
1023.2000000000	n/a	n/a	STATUS	n/a	n/a	DIN5
1023.2520000000	n/a	n/a	STATUS	n/a	n/a	D255
1023.7200000000	n/a	n/a	STATUS	n/a	n/a	D182
1023.7680000000	n/a	n/a	STATUS	n/a	n/a	D255
1023.8080000000	n/a	n/a	STATUS	n/a	n/a	DI53
1023.8560000000	n/a	n/a	STATUS	n/a	n/a	D255
1024.0560000000	n/a	n/a	STATUS	n/a	n/a	DI43
1024.1080000000	n/a	n/a	STATUS	n/a	n/a	D255
1024.3680000000	n/a	n/a	STATUS	n/a	n/a	DIN5
1024.4160000000	n/a	n/a	STATUS	n/a	n/a	D255
1024.7560000000	n/a	n/a	STATUS	n/a	n/a	D218
1024.8080000000	n/a	n/a	STATUS	n/a	n/a	D255
1024.8440000000	n/a	n/a	STATUS	n/a	n/a	DI51
1024.8960000000	n/a	n/a	STATUS	n/a	n/a	D255
1025.2080000000	n/a	n/a	STATUS	n/a	n/a	DI31
1025.2600000000	n/a	n/a	STATUS	n/a	n/a	D255
1025.5200000000	n/a	n/a	STATUS	n/a	n/a	DIN5
1025.5680000000	n/a	n/a	STATUS	n/a	n/a	D255
1025.9800000000	n/a	n/a	STATUS	n/a	n/a	D178
1026.0280000000	n/a	n/a	STATUS	n/a	n/a	D255
1026.0680000000	n/a	n/a	STATUS	n/a	n/a	DI52
1026.1160000000	n/a	n/a	STATUS	n/a	n/a	D255
1026.4160000000	n/a	n/a	STATUS	n/a	n/a	DI42
1026.4680000000	n/a	n/a	STATUS	n/a	n/a	D255
1026.7280000000	n/a	n/a	STATUS	n/a	n/a	DIN5
1026.7760000000	n/a	n/a	STATUS	n/a	n/a	D255
1027.2560000000	n/a	n/a	STATUS	n/a	n/a	DI85
1027.3080000000	n/a	n/a	STATUS	n/a	n/a	D255
1027.3440000000	n/a	n/a	STATUS	n/a	n/a	DI51
1027.3920000000	n/a	n/a	STATUS	n/a	n/a	D255
1027.7320000000	n/a	n/a	STATUS	n/a	n/a	DI31
1027.7800000000	n/a	n/a	STATUS	n/a	n/a	D255
1028.0400000000	n/a	n/a	STATUS	n/a	n/a	DIN5
1028.0920000000	n/a	n/a	STATUS	n/a	n/a	D255
1028.5000000000	n/a	n/a	STATUS	n/a	n/a	D223
1028.5480000000	n/a	n/a	STATUS	n/a	n/a	D255
1028.5880000000	n/a	n/a	STATUS	n/a	n/a	DI53
1028.6360000000	n/a	n/a	STATUS	n/a	n/a	D255
1028.8720000000	n/a	n/a	STATUS	n/a	n/a	DI43
1028.9240000000	n/a	n/a	STATUS	n/a	n/a	D255
1029.1840000000	n/a	n/a	STATUS	n/a	n/a	DIN5
1029.2320000000	n/a	n/a	STATUS	n/a	n/a	D255
1029.7160000000	n/a	n/a	STATUS	n/a	n/a	DI87
1029.7680000000	n/a	n/a	STATUS	n/a	n/a	D255
1029.8040000000	n/a	n/a	STATUS	n/a	n/a	DI53
1029.8560000000	n/a	n/a	STATUS	n/a	n/a	D255
1030.0640000000	n/a	n/a	STATUS	n/a	n/a	DI43
1030.1120000000	n/a	n/a	STATUS	n/a	n/a	D255
1030.3720000000	n/a	n/a	STATUS	n/a	n/a	DIN5
1030.4240000000	n/a	n/a	STATUS	n/a	n/a	D255
1030.9240000000	n/a	n/a	STATUS	n/a	n/a	D150
1030.9720000000	n/a	n/a	STATUS	n/a	n/a	D255
1031.0120000000	n/a	n/a	STATUS	n/a	n/a	DI52
1031.0600000000	n/a	n/a	STATUS	n/a	n/a	D255
1031.4320000000	n/a	n/a	STATUS	n/a	n/a	DI42
1031.4840000000	n/a	n/a	STATUS	n/a	n/a	D255
1031.4840000000	n/a	n/a	STATUS	n/a	n/a	D235
1031.7440000000	n/a	n/a	STATUS	n/a	n/a	DIN5
1031.7920000000	n/a	n/a	STATUS	n/a	n/a	D255
1032.1560000000	n/a	n/a	STATUS	n/a	n/a	D198
1032.2080000000	n/a	n/a	STATUS	n/a	n/a	D255
1032.2440000000	n/a	n/a	STATUS	n/a	n/a	DI53
1032.2960000000	n/a	n/a	STATUS	n/a	n/a	D255
1032.6080000000	n/a	n/a	STATUS	n/a	n/a	DI43
1032.6560000000	n/a	n/a	STATUS	n/a	n/a	D239
1032.6600000000	n/a	n/a	STATUS	n/a	n/a	D255
1032.9160000000	n/a	n/a	STATUS	n/a	n/a	DIN5
1032.9680000000	n/a	n/a	STATUS	n/a	n/a	D255
1033.3200000000	n/a	n/a	STATUS	n/a	n/a	D177
1033.3720000000	n/a	n/a	STATUS	n/a	n/a	D255
1033.4120000000	n/a	n/a	STATUS	n/a	n/a	DI52
1033.4600000000	n/a	n/a	STATUS	n/a	n/a	D255
1033.7800000000	n/a	n/a	STATUS	n/a	n/a	DI42
1033.8320000000	n/a	n/a	STATUS	n/a	n/a	D255
1034.0880000000	n/a	n/a	STATUS	n/a	n/a	DIN5
1034.1400000000	n/a	n/a	STATUS	n/a	n/a	D255
1034.5680000000	n/a	n/a	STATUS	n/a	n/a	D235
1034.6200000000	n/a	n/a	STATUS	n/a	n/a	D255
1034.6560000000	n/a	n/a	STATUS	n/a	n/a	DI52
1034.7080000000	n/a	n/a	STATUS	n/a	n/a	D255
1035.0000000000	n/a	n/a	STATUS	n/a	n/a	DI42
1035.0480000000	n/a	n/a	STATUS	n/a	n/a	D255
1035.3080000000	n/a	n/a	STATUS	n/a	n/a	DIN5
1035.3600000000	n/a	n/a	STATUS	n/a	n/a	D255
1035.8000000000	n/a	n/a	STATUS	n/a	n/a	DI71
1035.8480000000	n/a	n/a	STATUS	n/a	n/a	D255
1035.8880000000	n/a	n/a	STATUS	n/a	n/a	DI52
1035.9360000000	n/a	n/a	STATUS	n/a	n/a	D255
1036.1360000000	n/a	n/a	STATUS	n/a	n/a	DI12
1036.1880000000	n/a	n/a	STATUS	n/a	n/a	D255
1036.1920000000	n/a	n/a	STATUS	n/a	n/a	DIN4
1036.2440000000	n/a	n/a	STATUS	n/a	n/a	D255
1036.9960000000	n/a	n/a	STATUS	n/a	n/a	DIN5
1037.0480000000	n/a	n/a	STATUS	n/a	n/a	D255
1037.4560000000	n/a	n/a	STATUS	n/a	n/a	D159
1037.5080000000	n/a	n/a	STATUS	n/a	n/a	D255
1037.5440000000	n/a	n/a	STATUS	n/a	n/a	DI51
1037.5960000000	n/a	n/a	STATUS	n/a	n/a	D255
1037.8160000000	n/a	n/a	STATUS	n/a	n/a	DI21
1037.8680000000	n/a	n/a	STATUS	n/a	n/a	D255
1037.8720000000	n/a	n/a	STATUS	n/a	n/a	DIN4
1037.9200000000	n/a	n/a	STATUS	n/a	n/a	D255
1038.6760000000	n/a	n/a	STATUS	n/a	n/a	DIN5
1038.7280000000	n/a	n/a	STATUS	n/a	n/a	D255
1038.7280000000	n/a	n/a	STATUS	n/a	n/a	D197
1039.0360000000	n/a	n/a	STATUS	n/a	n/a	D245
1039.0880000000	n/a	n/a	STATUS	n/a	n/a	D255
1039.1240000000	n/a	n/a	STATUS	n/a	n/a	DI52
1039.1760000000	n/a	n/a	STATUS	n/a	n/a	D255
1039.4960000000	n/a	n/a	STATUS	n/a	n/a	DI42
1039.5440000000	n/a	n/a	STATUS	n/a	n/a	D255
1039.8040000000	n/a	n/a	STATUS	n/a	n/a	DIN5
1039.8520000000	n/a	n/a	STATUS	n/a	n/a	D255
1040.1680000000	n/a	n/a	STATUS	n/a	n/a	D152
1040.2200000000	n/a	n/a	STATUS	n/a	n/a	D255
1040.2560000000	n/a	n/a	STATUS	n/a	n/a	DI54
1040.3080000000	n/a	n/a	STATUS	n/a	n/a	D255
1040.6240000000	n/a	n/a	STATUS	n/a	n/a	DI34
1040.6720000000	n/a	n/a	STATUS	n/a	n/a	D255
1040.9320000000	n/a	n/a	STATUS	n/a	n/a	DIN5
1040.9840000000	n/a	n/a	STATUS	n/a	n/a	D255
1041.3520000000	n/a	n/a	STATUS	n/a	n/a	D220
1041.4040000000	n/a	n/a	STATUS	n/a	n/a	D255
1041.4400000000	n/a	n/a	STATUS	n/a	n/a	DI53
1041.4920000000	n/a	n/a	STATUS	n/a	n/a	D255
1041.7360000000	n/a	n/a	STATUS	n/a	n/a	DI43
1041.7880000000	n/a	n/a	STATUS	n/a	n/a	D255
1042.0440000000	n/a	n/a	STATUS	n/a	n/a	DIN5
1042.0960000000	n/a	n/a	STATUS	n/a	n/a	D255
1042.4320000000	n/a	n/a	STATUS	n/a	n/a	D247
1042.4800000000	n/a	n/a	STATUS	n/a	n/a	D255
1042.5160000000	n/a	n/a	STATUS	n/a	n/a	DI51
1042.5680000000	n/a	n/a	STATUS	n/a	n/a	D255
1042.8000000000	n/a	n/a	STATUS	n/a	n/a	DI21
1042.8520000000	n/a	n/a	STATUS	n/a	n/a	D255
1042.8560000000	n/a	n/a	STATUS	n/a	n/a	DIN4
1042.9040000000	n/a	n/a	STATUS	n/a	n/a	D255
1043.6600000000	n/a	n/a	STATUS	n/a	n/a	DIN5
1043.7120000000	n/a	n/a	STATUS	n/a	n/a	D255
1044.1160000000	n/a	n/a	STATUS	n/a	n/a	D227
1044.1640000000	n/a	n/a	STATUS	n/a	n/a	D255
1044.2040000000	n/a	n/a	STATUS	n/a	n/a	DI54
1044.2520000000	n/a	n/a	STATUS	n/a	n/a	D255
1044.5040000000	n/a	n/a	STATUS	n/a	n/a	DI34
1044.5520000000	n/a	n/a	STATUS	n/a	n/a	D255
1044.8120000000	n/a	n/a	STATUS	n/a	n/a	DIN5
1044.8640000000	n/a	n/a	STATUS	n/a	n/a	D255
1045.2560000000	n/a	n/a	STATUS	n/a	n/a	D122
1045.3080000000	n/a	n/a	STATUS	n/a	n/a	D255
1045.3440000000	n/a	n/a	STATUS	n/a	n/a	DI51
1045.3960000000	n/a	n/a	STATUS	n/a	n/a	D255
1045.7240000000	n/a	n/a	STATUS	n/a	n/a	DI31
1045.7720000000	n/a	n/a	STATUS	n/a	n/a	D255
1046.0320000000	n/a	n/a	STATUS	n/a	n/a	DIN5
1046.0840000000	n/a	n/a	STATUS	n/a	n/a	D255
1046.5440000000	n/a	n/a	STATUS	n/a	n/a	DI82
1046.5920000000	n/a	n/a	STATUS	n/a	n/a	D255
1046.6320000000	n/a	n/a	STATUS	n/a	n/a	DI51
1046.6800000000	n/a	n/a	STATUS	n/a	n/a	D255
1047.0040000000	n/a	n/a	STATUS	n/a	n/a	DI31
1047.0560000000	n/a	n/a	STATUS	n/a	n/a	D255
1047.3120000000	n/a	n/a	STATUS	n/a	n/a	DIN5
1047.3640000000	n/a	n/a	STATUS	n/a	n/a	D255
1047.8080000000	n/a	n/a	STATUS	n/a	n/a	DI77
1047.8600000000	n/a	n/a	STATUS	n/a	n/a	D255
1047.8960000000	n/a	n/a	STATUS	n/a	n/a	DI53
1047.9440000000	n/a	n/a	STATUS	n/a	n/a	D255
1048.2720000000	n/a	n/a	STATUS	n/a	n/a	DI43
1048.3200000000	n/a	n/a	STATUS	n/a	n/a	D255
1048.3200000000	n/a	n/a	STATUS	n/a	n/a	D235
1048.5800000000	n/a	n/a	STATUS	n/a	n/a	DIN5
1048.6320000000	n/a	n/a	STATUS	n/a	n/a	D255
1048.9760000000	n/a	n/a	STATUS	n/a	n/a	D201
1049.0240000000	n/a	n/a	STATUS	n/a	n/a	D255
1049.0640000000	n/a	n/a	STATUS	n/a	n/a	DI53
1049.1120000000	n/a	n/a	STATUS	n/a	n/a	D255
1049.4040000000	n/a	n/a	STATUS	n/a	n/a	DI43
1049.4560000000	n/a	n/a	STATUS	n/a	n/a	D255
1049.7160000000	n/a	n/a	STATUS	n/a	n/a	DIN5
1049.7640000000	n/a	n/a	STATUS	n/a	n/a	D255
1050.2040000000	n/a	n/a	STATUS	n/a	n/a	DI79
1050.2560000000	n/a	n/a	STATUS	n/a	n/a	D255
1050.2920000000	n/a	n/a	STATUS	n/a	n/a	DI53
1050.3440000000	n/a	n/a	STATUS	n/a	n/a	D255
1050.6000000000	n/a	n/a	STATUS	n/a	n/a	DI43
1050.6520000000	n/a	n/a	STATUS	n/a	n/a	D255
1050.9080000000	n/a	n/a	STATUS	n/a	n/a	DIN5
1050.9600000000	n/a	n/a	STATUS	n/a	n/a	D255
1051.2920000000	n/a	n/a	STATUS	n/a	n/a	D141
1051.3440000000	n/a	n/a	STATUS	n/a	n/a	D255
1051.3800000000	n/a	n/a	STATUS	n/a	n/a	DI54
1051.4320000000	n/a	n/a	STATUS	n/a	n/a	D255
1051.7000000000	n/a	n/a	STATUS	n/a	n/a	DI34
1051.7520000000	n/a	n/a	STATUS	n/a	n/a	D255
1052.0120000000	n/a	n/a	STATUS	n/a	n/a	DIN5
1052.0600000000	n/a	n/a	STATUS	n/a	n/a	D255
1052.3720000000	n/a	n/a	STATUS	n/a	n/a	D143
1052.4200000000	n/a	n/a	STATUS	n/a	n/a	D255
1052.4560000000	n/a	n/a	STATUS	n/a	n/a	DI54
1052.5080000000	n/a	n/a	STATUS	n/a	n/a	D255
1052.7800000000	n/a	n/a	STATUS	n/a	n/a	DI34
1052.8280000000	n/a	n/a	STATUS	n/a	n/a	D255
1053.0880000000	n/a	n/a	STATUS	n/a	n/a	DIN5
1053.1400000000	n/a	n/a	STATUS	n/a	n/a	D255
1053.5280000000	n/a	n/a	STATUS	n/a	n/a	D156
1053.5760000000	n/a	n/a	STATUS	n/a	n/a	D255
1053.6160000000	n/a	n/a	STATUS	n/a	n/a	DI53
1053.6680000000	n/a	n/a	STATUS	n/a	n/a	D255
1053.9120000000	n/a	n/a	STATUS	n/a	n/a	DI43
1053.9600000000	n/a	n/a	STATUS	n/a	n/a	D255
1054.2200000000	n/a	n/a	STATUS	n/a	n/a	DIN5
1054.2680000000	n/a	n/a	STATUS	n/a	n/a	D255
1054.5760000000	n/a	n/a	STATUS	n/a	n/a	D206
1054.6240000000	n/a	n/a	STATUS	n/a	n/a	D255
1054.6640000000	n/a	n/a	STATUS	n/a	n/a	DI54
1054.7120000000	n/a	n/a	STATUS	n/a	n/a	D255
1054.9400000000	n/a	n/a	STATUS	n/a	n/a	DI34
1054.9920000000	n/a	n/a	STATUS	n/a	n/a	D255
1055.2520000000	n/a	n/a	STATUS	n/a	n/a	DIN5
1055.3000000000	n/a	n/a	STATUS	n/a	n/a	D255
1055.7520000000	n/a	n/a	STATUS	n/a	n/a	D204
1055.8000000000	n/a	n/a	STATUS	n/a	n/a	D255
1055.8400000000	n/a	n/a	STATUS	n/a	n/a	DI51
1055.8880000000	n/a	n/a	STATUS	n/a	n/a	D255
1056.1200000000	n/a	n/a	STATUS	n/a	n/a	DI21
1056.1680000000	n/a	n/a	STATUS	n/a	n/a	D255
1056.1720000000	n/a	n/a	STATUS	n/a	n/a	DIN4
1056.2240000000	n/a	n/a	STATUS	n/a	n/a	D255
1056.9800000000	n/a	n/a	STATUS	n/a	n/a	DIN5
1057.0280000000	n/a	n/a	STATUS	n/a	n/a	D255
1057.4720000000	n/a	n/a	STATUS	n/a	n/a	D129
1057.5240000000	n/a	n/a	STATUS	n/a	n/a	D255
1057.5600000000	n/a	n/a	STATUS	n/a	n/a	DI51
1057.6120000000	n/a	n/a	STATUS	n/a	n/a	D255
1057.9240000000	n/a	n/a	STATUS	n/a	n/a	DI31
1057.9760000000	n/a	n/a	STATUS	n/a	n/a	D255
1058.2320000000	n/a	n/a	STATUS	n/a	n/a	DIN5
1058.2840000000	n/a	n/a	STATUS	n/a	n/a	D255
1058.6920000000	n/a	n/a	STATUS	n/a	n/a	D123
1058.7440000000	n/a	n/a	STATUS	n/a	n/a	D255
1058.7800000000	n/a	n/a	STATUS	n/a	n/a	DI51
1058.8320000000	n/a	n/a	STATUS	n/a	n/a	D255
1059.1400000000	n/a	n/a	STATUS	n/a	n/a	DI31
1059.1920000000	n/a	n/a	STATUS	n/a	n/a	D255
1059.4520000000	n/a	n/a	STATUS	n/a	n/a	DIN5
1059.5000000000	n/a	n/a	STATUS	n/a	n/a	D255
1060.0000000000	n/a	n/a	STATUS	n/a	n/a	D232
1060.0520000000	n/a	n/a	STATUS	n/a	n/a	D255
1060.0880000000	n/a	n/a	STATUS	n/a	n/a	DI53
1060.1400000000	n/a	n/a	STATUS	n/a	n/a	D255
1060.3520000000	n/a	n/a	STATUS	n/a	n/a	DI43
1060.4000000000	n/a	n/a	STATUS	n/a	n/a	D255
1060.6600000000	n/a	n/a	STATUS	n/a	n/a	DIN5
1060.7120000000	n/a	n/a	STATUS	n/a	n/a	D255
1061.1400000000	n/a	n/a	STATUS	n/a	n/a	DI94
1061.1880000000	n/a	n/a	STATUS	n/a	n/a	D255
1061.2280000000	n/a	n/a	STATUS	n/a	n/a	DI51
1061.2760000000	n/a	n/a	STATUS	n/a	n/a	D255
1061.5760000000	n/a	n/a	STATUS	n/a	n/a	DI31
1061.6280000000	n/a	n/a	STATUS	n/a	n/a	D255
1061.8880000000	n/a	n/a	STATUS	n/a	n/a	DIN5
1061.9360000000	n/a	n/a	STATUS	n/a	n/a	D255
1062.4320000000	n/a	n/a	STATUS	n/a	n/a	D207
1062.4800000000	n/a	n/a	STATUS	n/a	n/a	D255
1062.5200000000	n/a	n/a	STATUS	n/a	n/a	DI51
1062.5680000000	n/a	n/a	STATUS	n/a	n/a	D255
1062.7680000000	n/a	n/a	STATUS	n/a	n/a	DI21
1062.8200000000	n/a	n/a	STATUS	n/a	n/a	D255
1062.8240000000	n/a	n/a	STATUS	n/a	n/a	DIN4
1062.8720000000	n/a	n/a	STATUS	n/a	n/a	D255
1063.6280000000	n/a	n/a	STATUS	n/a	n/a	DIN5
1063.6800000000	n/a	n/a	STATUS	n/a	n/a	D255
1064.0640000000	n/a	n/a	STATUS	n/a	n/a	D219
1064.1120000000	n/a	n/a	STATUS	n/a	n/a	D255
1064.1520000000	n/a	n/a	STATUS	n/a	n/a	DI54
1064.2000000000	n/a	n/a	STATUS	n/a	n/a	D255
1064.4360000000	n/a	n/a	STATUS	n/a	n/a	DI34
1064.4840000000	n/a	n/a	STATUS	n/a	n/a	D255
1064.7440000000	n/a	n/a	STATUS	n/a	n/a	DIN5
1064.7920000000	n/a	n/a	STATUS	n/a	n/a	D255
1065.1080000000	n/a	n/a	STATUS	n/a	n/a	D145
1065.1600000000	n/a	n/a	STATUS	n/a	n/a	D255
1065.1960000000	n/a	n/a	STATUS	n/a	n/a	DI53
1065.2480000000	n/a	n/a	STATUS	n/a	n/a	D255
1065.4520000000	n/a	n/a	STATUS	n/a	n/a	DI43
1065.5040000000	n/a	n/a	STATUS	n/a	n/a	D255
