onset	duration	sample	trial_type	response_time	stim_file	value
350.0000000000	n/a	n/a	STATUS	n/a	n/a	DIN5
350.0520000000	n/a	n/a	STATUS	n/a	n/a	D255
350.4080000000	n/a	n/a	STATUS	n/a	n/a	DI67
350.4560000000	n/a	n/a	STATUS	n/a	n/a	D255
350.4960000000	n/a	n/a	STATUS	n/a	n/a	DI52
350.5440000000	n/a	n/a	STATUS	n/a	n/a	D255
350.8800000000	n/a	n/a	STATUS	n/a	n/a	DI42
350.9280000000	n/a	n/a	STATUS	n/a	n/a	D255
351.1920000000	n/a	n/a	STATUS	n/a	n/a	DIN5
351.2440000000	n/a	n/a	STATUS	n/a	n/a	D255
351.6160000000	n/a	n/a	STATUS	n/a	n/a	D113
351.6680000000	n/a	n/a	STATUS	n/a	n/a	D255
351.7080000000	n/a	n/a	STATUS	n/a	n/a	DI52
351.7560000000	n/a	n/a	STATUS	n/a	n/a	D255
352.0760000000	n/a	n/a	STATUS	n/a	n/a	DI42
352.1280000000	n/a	n/a	STATUS	n/a	n/a	D255
352.3840000000	n/a	n/a	STATUS	n/a	n/a	DIN5
352.4360000000	n/a	n/a	STATUS	n/a	n/a	D255
352.7960000000	n/a	n/a	STATUS	n/a	n/a	D223
352.8440000000	n/a	n/a	STATUS	n/a	n/a	D255
352.8840000000	n/a	n/a	STATUS	n/a	n/a	DI51
352.9320000000	n/a	n/a	STATUS	n/a	n/a	D255
353.2720000000	n/a	n/a	STATUS	n/a	n/a	DI31
353.3200000000	n/a	n/a	STATUS	n/a	n/a	D255
353.5800000000	n/a	n/a	STATUS	n/a	n/a	DIN5
353.6320000000	n/a	n/a	STATUS	n/a	n/a	D255
354.0160000000	n/a	n/a	STATUS	n/a	n/a	DI80
354.0640000000	n/a	n/a	STATUS	n/a	n/a	D255
354.1040000000	n/a	n/a	STATUS	n/a	n/a	DI51
354.1520000000	n/a	n/a	STATUS	n/a	n/a	D255
354.4760000000	n/a	n/a	STATUS	n/a	n/a	DI31
354.5240000000	n/a	n/a	STATUS	n/a	n/a	D255
354.7840000000	n/a	n/a	STATUS	n/a	n/a	DIN5
354.8360000000	n/a	n/a	STATUS	n/a	n/a	D255
355.2800000000	n/a	n/a	STATUS	n/a	n/a	DI85
355.3320000000	n/a	n/a	STATUS	n/a	n/a	D255
355.3680000000	n/a	n/a	STATUS	n/a	n/a	DI54
355.4200000000	n/a	n/a	STATUS	n/a	n/a	D255
355.6840000000	n/a	n/a	STATUS	n/a	n/a	DI34
355.7360000000	n/a	n/a	STATUS	n/a	n/a	D255
355.9920000000	n/a	n/a	STATUS	n/a	n/a	DIN5
356.0440000000	n/a	n/a	STATUS	n/a	n/a	D255
356.4320000000	n/a	n/a	STATUS	n/a	n/a	D191
356.4840000000	n/a	n/a	STATUS	n/a	n/a	D255
356.5200000000	n/a	n/a	STATUS	n/a	n/a	DI51
356.5720000000	n/a	n/a	STATUS	n/a	n/a	D255
357.0160000000	n/a	n/a	STATUS	n/a	n/a	DI31
357.0640000000	n/a	n/a	STATUS	n/a	n/a	D255
357.3240000000	n/a	n/a	STATUS	n/a	n/a	DIN5
357.3720000000	n/a	n/a	STATUS	n/a	n/a	D255
357.8120000000	n/a	n/a	STATUS	n/a	n/a	D163
357.8640000000	n/a	n/a	STATUS	n/a	n/a	D255
357.9000000000	n/a	n/a	STATUS	n/a	n/a	DI53
357.9520000000	n/a	n/a	STATUS	n/a	n/a	D255
358.1880000000	n/a	n/a	STATUS	n/a	n/a	DI43
358.2360000000	n/a	n/a	STATUS	n/a	n/a	D255
358.4960000000	n/a	n/a	STATUS	n/a	n/a	DIN5
358.5480000000	n/a	n/a	STATUS	n/a	n/a	D255
358.9680000000	n/a	n/a	STATUS	n/a	n/a	D225
359.0160000000	n/a	n/a	STATUS	n/a	n/a	D255
359.0520000000	n/a	n/a	STATUS	n/a	n/a	DI54
359.1040000000	n/a	n/a	STATUS	n/a	n/a	D255
359.4000000000	n/a	n/a	STATUS	n/a	n/a	DI34
359.4480000000	n/a	n/a	STATUS	n/a	n/a	D255
359.7080000000	n/a	n/a	STATUS	n/a	n/a	DIN5
359.7600000000	n/a	n/a	STATUS	n/a	n/a	D255
360.0960000000	n/a	n/a	STATUS	n/a	n/a	D125
360.1480000000	n/a	n/a	STATUS	n/a	n/a	D255
360.1840000000	n/a	n/a	STATUS	n/a	n/a	DI51
360.2360000000	n/a	n/a	STATUS	n/a	n/a	D255
360.4760000000	n/a	n/a	STATUS	n/a	n/a	DI21
360.5240000000	n/a	n/a	STATUS	n/a	n/a	D255
360.5320000000	n/a	n/a	STATUS	n/a	n/a	DIN4
360.5800000000	n/a	n/a	STATUS	n/a	n/a	D255
361.3360000000	n/a	n/a	STATUS	n/a	n/a	DIN5
361.3880000000	n/a	n/a	STATUS	n/a	n/a	D255
361.8000000000	n/a	n/a	STATUS	n/a	n/a	D169
361.8520000000	n/a	n/a	STATUS	n/a	n/a	D255
361.8880000000	n/a	n/a	STATUS	n/a	n/a	DI53
361.9400000000	n/a	n/a	STATUS	n/a	n/a	D255
362.2840000000	n/a	n/a	STATUS	n/a	n/a	DI43
362.3360000000	n/a	n/a	STATUS	n/a	n/a	D255
362.5920000000	n/a	n/a	STATUS	n/a	n/a	DIN5
362.6440000000	n/a	n/a	STATUS	n/a	n/a	D255
363.0280000000	n/a	n/a	STATUS	n/a	n/a	D242
363.0800000000	n/a	n/a	STATUS	n/a	n/a	D255
363.1160000000	n/a	n/a	STATUS	n/a	n/a	DI53
363.1640000000	n/a	n/a	STATUS	n/a	n/a	D255
363.4400000000	n/a	n/a	STATUS	n/a	n/a	DI43
363.4880000000	n/a	n/a	STATUS	n/a	n/a	D255
363.7480000000	n/a	n/a	STATUS	n/a	n/a	DIN5
363.7960000000	n/a	n/a	STATUS	n/a	n/a	D255
364.2920000000	n/a	n/a	STATUS	n/a	n/a	D115
364.3440000000	n/a	n/a	STATUS	n/a	n/a	D255
364.3800000000	n/a	n/a	STATUS	n/a	n/a	DI52
364.4280000000	n/a	n/a	STATUS	n/a	n/a	D255
364.7520000000	n/a	n/a	STATUS	n/a	n/a	DI42
364.8040000000	n/a	n/a	STATUS	n/a	n/a	D255
365.0640000000	n/a	n/a	STATUS	n/a	n/a	DIN5
365.1120000000	n/a	n/a	STATUS	n/a	n/a	D255
365.5960000000	n/a	n/a	STATUS	n/a	n/a	D206
365.6480000000	n/a	n/a	STATUS	n/a	n/a	D255
365.6840000000	n/a	n/a	STATUS	n/a	n/a	DI52
365.7360000000	n/a	n/a	STATUS	n/a	n/a	D255
366.0640000000	n/a	n/a	STATUS	n/a	n/a	DI42
366.1160000000	n/a	n/a	STATUS	n/a	n/a	D255
366.3760000000	n/a	n/a	STATUS	n/a	n/a	DIN5
366.4240000000	n/a	n/a	STATUS	n/a	n/a	D255
366.9160000000	n/a	n/a	STATUS	n/a	n/a	DI88
366.9640000000	n/a	n/a	STATUS	n/a	n/a	D255
367.0040000000	n/a	n/a	STATUS	n/a	n/a	DI53
367.0520000000	n/a	n/a	STATUS	n/a	n/a	D255
367.3200000000	n/a	n/a	STATUS	n/a	n/a	DI43
367.3680000000	n/a	n/a	STATUS	n/a	n/a	D255
367.6280000000	n/a	n/a	STATUS	n/a	n/a	DIN5
367.6760000000	n/a	n/a	STATUS	n/a	n/a	D255
368.0680000000	n/a	n/a	STATUS	n/a	n/a	D247
368.1160000000	n/a	n/a	STATUS	n/a	n/a	D255
368.1560000000	n/a	n/a	STATUS	n/a	n/a	DI51
368.2040000000	n/a	n/a	STATUS	n/a	n/a	D255
368.5000000000	n/a	n/a	STATUS	n/a	n/a	DI31
368.5520000000	n/a	n/a	STATUS	n/a	n/a	D255
368.8080000000	n/a	n/a	STATUS	n/a	n/a	DIN5
368.8600000000	n/a	n/a	STATUS	n/a	n/a	D255
369.3360000000	n/a	n/a	STATUS	n/a	n/a	DI81
369.3840000000	n/a	n/a	STATUS	n/a	n/a	D255
369.4200000000	n/a	n/a	STATUS	n/a	n/a	DI52
369.4720000000	n/a	n/a	STATUS	n/a	n/a	D255
369.7600000000	n/a	n/a	STATUS	n/a	n/a	DI42
369.8080000000	n/a	n/a	STATUS	n/a	n/a	D255
370.0680000000	n/a	n/a	STATUS	n/a	n/a	DIN5
370.1160000000	n/a	n/a	STATUS	n/a	n/a	D255
370.5720000000	n/a	n/a	STATUS	n/a	n/a	DI89
370.6200000000	n/a	n/a	STATUS	n/a	n/a	D255
370.6600000000	n/a	n/a	STATUS	n/a	n/a	DI52
370.7080000000	n/a	n/a	STATUS	n/a	n/a	D255
370.9520000000	n/a	n/a	STATUS	n/a	n/a	DI42
371.0040000000	n/a	n/a	STATUS	n/a	n/a	D255
371.2640000000	n/a	n/a	STATUS	n/a	n/a	DIN5
371.3120000000	n/a	n/a	STATUS	n/a	n/a	D255
371.6880000000	n/a	n/a	STATUS	n/a	n/a	DI69
371.7360000000	n/a	n/a	STATUS	n/a	n/a	D255
371.7760000000	n/a	n/a	STATUS	n/a	n/a	DI52
371.8240000000	n/a	n/a	STATUS	n/a	n/a	D255
372.1280000000	n/a	n/a	STATUS	n/a	n/a	DI42
372.1800000000	n/a	n/a	STATUS	n/a	n/a	D255
372.4400000000	n/a	n/a	STATUS	n/a	n/a	DIN5
372.4880000000	n/a	n/a	STATUS	n/a	n/a	D255
372.9240000000	n/a	n/a	STATUS	n/a	n/a	D157
372.9720000000	n/a	n/a	STATUS	n/a	n/a	D255
373.0120000000	n/a	n/a	STATUS	n/a	n/a	DI54
373.0600000000	n/a	n/a	STATUS	n/a	n/a	D255
373.3000000000	n/a	n/a	STATUS	n/a	n/a	DI34
373.3480000000	n/a	n/a	STATUS	n/a	n/a	D255
373.6080000000	n/a	n/a	STATUS	n/a	n/a	DIN5
373.6600000000	n/a	n/a	STATUS	n/a	n/a	D255
373.9760000000	n/a	n/a	STATUS	n/a	n/a	DI90
374.0280000000	n/a	n/a	STATUS	n/a	n/a	D255
374.0640000000	n/a	n/a	STATUS	n/a	n/a	DI51
374.1160000000	n/a	n/a	STATUS	n/a	n/a	D255
374.4400000000	n/a	n/a	STATUS	n/a	n/a	DI31
374.4880000000	n/a	n/a	STATUS	n/a	n/a	D255
374.7480000000	n/a	n/a	STATUS	n/a	n/a	DIN5
374.7960000000	n/a	n/a	STATUS	n/a	n/a	D255
375.2760000000	n/a	n/a	STATUS	n/a	n/a	D114
375.3280000000	n/a	n/a	STATUS	n/a	n/a	D255
375.3640000000	n/a	n/a	STATUS	n/a	n/a	DI54
375.4160000000	n/a	n/a	STATUS	n/a	n/a	D255
375.6880000000	n/a	n/a	STATUS	n/a	n/a	DI34
375.7360000000	n/a	n/a	STATUS	n/a	n/a	D255
375.9960000000	n/a	n/a	STATUS	n/a	n/a	DIN5
376.0480000000	n/a	n/a	STATUS	n/a	n/a	D255
376.4040000000	n/a	n/a	STATUS	n/a	n/a	DI78
376.4560000000	n/a	n/a	STATUS	n/a	n/a	D255
376.4920000000	n/a	n/a	STATUS	n/a	n/a	DI52
376.5440000000	n/a	n/a	STATUS	n/a	n/a	D255
376.8520000000	n/a	n/a	STATUS	n/a	n/a	DI42
376.9000000000	n/a	n/a	STATUS	n/a	n/a	D255
377.1600000000	n/a	n/a	STATUS	n/a	n/a	DIN5
377.2080000000	n/a	n/a	STATUS	n/a	n/a	D255
377.5680000000	n/a	n/a	STATUS	n/a	n/a	D211
377.6200000000	n/a	n/a	STATUS	n/a	n/a	D255
377.6560000000	n/a	n/a	STATUS	n/a	n/a	DI52
377.7080000000	n/a	n/a	STATUS	n/a	n/a	D255
378.0040000000	n/a	n/a	STATUS	n/a	n/a	DI42
378.0520000000	n/a	n/a	STATUS	n/a	n/a	D255
378.3120000000	n/a	n/a	STATUS	n/a	n/a	DIN5
378.3640000000	n/a	n/a	STATUS	n/a	n/a	D255
378.7960000000	n/a	n/a	STATUS	n/a	n/a	DI66
378.8480000000	n/a	n/a	STATUS	n/a	n/a	D255
378.8840000000	n/a	n/a	STATUS	n/a	n/a	DI53
378.9320000000	n/a	n/a	STATUS	n/a	n/a	D255
379.1560000000	n/a	n/a	STATUS	n/a	n/a	DI43
379.2080000000	n/a	n/a	STATUS	n/a	n/a	D255
379.4640000000	n/a	n/a	STATUS	n/a	n/a	DIN5
379.5160000000	n/a	n/a	STATUS	n/a	n/a	D255
379.9080000000	n/a	n/a	STATUS	n/a	n/a	D194
379.9600000000	n/a	n/a	STATUS	n/a	n/a	D255
379.9960000000	n/a	n/a	STATUS	n/a	n/a	DI53
380.0480000000	n/a	n/a	STATUS	n/a	n/a	D255
380.2800000000	n/a	n/a	STATUS	n/a	n/a	DI43
380.3320000000	n/a	n/a	STATUS	n/a	n/a	D255
380.5920000000	n/a	n/a	STATUS	n/a	n/a	DIN5
380.6400000000	n/a	n/a	STATUS	n/a	n/a	D255
381.0000000000	n/a	n/a	STATUS	n/a	n/a	D134
381.0520000000	n/a	n/a	STATUS	n/a	n/a	D255
381.0880000000	n/a	n/a	STATUS	n/a	n/a	DI52
381.1400000000	n/a	n/a	STATUS	n/a	n/a	D255
381.3920000000	n/a	n/a	STATUS	n/a	n/a	DI42
381.4440000000	n/a	n/a	STATUS	n/a	n/a	D255
381.7040000000	n/a	n/a	STATUS	n/a	n/a	DIN5
381.7520000000	n/a	n/a	STATUS	n/a	n/a	D255
382.1680000000	n/a	n/a	STATUS	n/a	n/a	DI73
382.2160000000	n/a	n/a	STATUS	n/a	n/a	D255
382.2560000000	n/a	n/a	STATUS	n/a	n/a	DI54
382.3040000000	n/a	n/a	STATUS	n/a	n/a	D255
382.5720000000	n/a	n/a	STATUS	n/a	n/a	DI34
382.6240000000	n/a	n/a	STATUS	n/a	n/a	D255
382.8800000000	n/a	n/a	STATUS	n/a	n/a	DIN5
382.9320000000	n/a	n/a	STATUS	n/a	n/a	D255
383.2400000000	n/a	n/a	STATUS	n/a	n/a	D186
383.2920000000	n/a	n/a	STATUS	n/a	n/a	D255
383.3280000000	n/a	n/a	STATUS	n/a	n/a	DI53
383.3760000000	n/a	n/a	STATUS	n/a	n/a	D255
383.5880000000	n/a	n/a	STATUS	n/a	n/a	DI43
383.6360000000	n/a	n/a	STATUS	n/a	n/a	D255
383.8960000000	n/a	n/a	STATUS	n/a	n/a	DIN5
383.9480000000	n/a	n/a	STATUS	n/a	n/a	D255
384.2920000000	n/a	n/a	STATUS	n/a	n/a	D146
384.3400000000	n/a	n/a	STATUS	n/a	n/a	D255
384.3800000000	n/a	n/a	STATUS	n/a	n/a	DI51
384.4280000000	n/a	n/a	STATUS	n/a	n/a	D255
384.6520000000	n/a	n/a	STATUS	n/a	n/a	DI21
384.7000000000	n/a	n/a	STATUS	n/a	n/a	D255
384.7040000000	n/a	n/a	STATUS	n/a	n/a	DIN4
384.7560000000	n/a	n/a	STATUS	n/a	n/a	D255
385.5120000000	n/a	n/a	STATUS	n/a	n/a	DIN5
385.5600000000	n/a	n/a	STATUS	n/a	n/a	D255
385.9880000000	n/a	n/a	STATUS	n/a	n/a	D209
386.0400000000	n/a	n/a	STATUS	n/a	n/a	D255
386.0760000000	n/a	n/a	STATUS	n/a	n/a	DI51
386.1280000000	n/a	n/a	STATUS	n/a	n/a	D255
386.4400000000	n/a	n/a	STATUS	n/a	n/a	DI31
386.4880000000	n/a	n/a	STATUS	n/a	n/a	D255
386.7480000000	n/a	n/a	STATUS	n/a	n/a	DIN5
386.7960000000	n/a	n/a	STATUS	n/a	n/a	D255
387.1640000000	n/a	n/a	STATUS	n/a	n/a	DI94
387.2120000000	n/a	n/a	STATUS	n/a	n/a	D255
387.2520000000	n/a	n/a	STATUS	n/a	n/a	DI53
387.3000000000	n/a	n/a	STATUS	n/a	n/a	D255
387.5080000000	n/a	n/a	STATUS	n/a	n/a	DI43
387.5560000000	n/a	n/a	STATUS	n/a	n/a	D255
387.8160000000	n/a	n/a	STATUS	n/a	n/a	DIN5
387.8680000000	n/a	n/a	STATUS	n/a	n/a	D255
388.1880000000	n/a	n/a	STATUS	n/a	n/a	D228
388.2360000000	n/a	n/a	STATUS	n/a	n/a	D255
388.2720000000	n/a	n/a	STATUS	n/a	n/a	DI53
388.3240000000	n/a	n/a	STATUS	n/a	n/a	D255
388.6120000000	n/a	n/a	STATUS	n/a	n/a	DI43
388.6600000000	n/a	n/a	STATUS	n/a	n/a	D255
388.9200000000	n/a	n/a	STATUS	n/a	n/a	DIN5
388.9720000000	n/a	n/a	STATUS	n/a	n/a	D255
389.3160000000	n/a	n/a	STATUS	n/a	n/a	D221
389.3680000000	n/a	n/a	STATUS	n/a	n/a	D255
389.4040000000	n/a	n/a	STATUS	n/a	n/a	DI53
389.4560000000	n/a	n/a	STATUS	n/a	n/a	D255
389.7240000000	n/a	n/a	STATUS	n/a	n/a	DI43
389.7760000000	n/a	n/a	STATUS	n/a	n/a	D255
390.0360000000	n/a	n/a	STATUS	n/a	n/a	DIN5
390.0840000000	n/a	n/a	STATUS	n/a	n/a	D255
390.5880000000	n/a	n/a	STATUS	n/a	n/a	D222
390.6400000000	n/a	n/a	STATUS	n/a	n/a	D255
390.6760000000	n/a	n/a	STATUS	n/a	n/a	DI54
390.7280000000	n/a	n/a	STATUS	n/a	n/a	D255
391.0040000000	n/a	n/a	STATUS	n/a	n/a	DI34
391.0520000000	n/a	n/a	STATUS	n/a	n/a	D255
391.3120000000	n/a	n/a	STATUS	n/a	n/a	DIN5
391.3600000000	n/a	n/a	STATUS	n/a	n/a	D255
391.7360000000	n/a	n/a	STATUS	n/a	n/a	D139
391.7880000000	n/a	n/a	STATUS	n/a	n/a	D255
391.8240000000	n/a	n/a	STATUS	n/a	n/a	DI54
391.8720000000	n/a	n/a	STATUS	n/a	n/a	D255
392.1320000000	n/a	n/a	STATUS	n/a	n/a	DI34
392.1840000000	n/a	n/a	STATUS	n/a	n/a	D255
392.4440000000	n/a	n/a	STATUS	n/a	n/a	DIN5
392.4920000000	n/a	n/a	STATUS	n/a	n/a	D255
392.9560000000	n/a	n/a	STATUS	n/a	n/a	D218
393.0080000000	n/a	n/a	STATUS	n/a	n/a	D255
393.0440000000	n/a	n/a	STATUS	n/a	n/a	DI51
393.0960000000	n/a	n/a	STATUS	n/a	n/a	D255
393.3000000000	n/a	n/a	STATUS	n/a	n/a	DI21
393.3520000000	n/a	n/a	STATUS	n/a	n/a	D255
393.3560000000	n/a	n/a	STATUS	n/a	n/a	DIN4
393.4040000000	n/a	n/a	STATUS	n/a	n/a	D255
394.1600000000	n/a	n/a	STATUS	n/a	n/a	DIN5
394.2120000000	n/a	n/a	STATUS	n/a	n/a	D255
394.5880000000	n/a	n/a	STATUS	n/a	n/a	DI77
394.6400000000	n/a	n/a	STATUS	n/a	n/a	D255
394.6760000000	n/a	n/a	STATUS	n/a	n/a	DI52
394.7280000000	n/a	n/a	STATUS	n/a	n/a	D255
395.0840000000	n/a	n/a	STATUS	n/a	n/a	DI42
395.1360000000	n/a	n/a	STATUS	n/a	n/a	D255
395.3960000000	n/a	n/a	STATUS	n/a	n/a	DIN5
395.4440000000	n/a	n/a	STATUS	n/a	n/a	D255
395.9240000000	n/a	n/a	STATUS	n/a	n/a	D138
395.9760000000	n/a	n/a	STATUS	n/a	n/a	D255
396.0120000000	n/a	n/a	STATUS	n/a	n/a	DI51
396.0640000000	n/a	n/a	STATUS	n/a	n/a	D255
396.2720000000	n/a	n/a	STATUS	n/a	n/a	DI21
396.3200000000	n/a	n/a	STATUS	n/a	n/a	D255
396.3240000000	n/a	n/a	STATUS	n/a	n/a	DIN4
396.3760000000	n/a	n/a	STATUS	n/a	n/a	D255
397.1320000000	n/a	n/a	STATUS	n/a	n/a	DIN5
397.1800000000	n/a	n/a	STATUS	n/a	n/a	D255
397.6240000000	n/a	n/a	STATUS	n/a	n/a	DI76
397.6760000000	n/a	n/a	STATUS	n/a	n/a	D255
397.7120000000	n/a	n/a	STATUS	n/a	n/a	DI51
397.7640000000	n/a	n/a	STATUS	n/a	n/a	D255
398.0760000000	n/a	n/a	STATUS	n/a	n/a	DI31
398.1240000000	n/a	n/a	STATUS	n/a	n/a	D255
398.3840000000	n/a	n/a	STATUS	n/a	n/a	DIN5
398.4360000000	n/a	n/a	STATUS	n/a	n/a	D255
398.8360000000	n/a	n/a	STATUS	n/a	n/a	D224
398.8840000000	n/a	n/a	STATUS	n/a	n/a	D255
398.9200000000	n/a	n/a	STATUS	n/a	n/a	DI53
398.9720000000	n/a	n/a	STATUS	n/a	n/a	D255
399.2240000000	n/a	n/a	STATUS	n/a	n/a	DI43
399.2720000000	n/a	n/a	STATUS	n/a	n/a	D255
399.5320000000	n/a	n/a	STATUS	n/a	n/a	DIN5
399.5840000000	n/a	n/a	STATUS	n/a	n/a	D255
400.0360000000	n/a	n/a	STATUS	n/a	n/a	D148
400.0880000000	n/a	n/a	STATUS	n/a	n/a	D255
400.1240000000	n/a	n/a	STATUS	n/a	n/a	DI52
400.1720000000	n/a	n/a	STATUS	n/a	n/a	D255
400.5600000000	n/a	n/a	STATUS	n/a	n/a	DI42
400.6080000000	n/a	n/a	STATUS	n/a	n/a	D255
400.8680000000	n/a	n/a	STATUS	n/a	n/a	DIN5
400.9200000000	n/a	n/a	STATUS	n/a	n/a	D255
401.2480000000	n/a	n/a	STATUS	n/a	n/a	D216
401.3000000000	n/a	n/a	STATUS	n/a	n/a	D255
401.3360000000	n/a	n/a	STATUS	n/a	n/a	DI51
401.3880000000	n/a	n/a	STATUS	n/a	n/a	D255
401.6840000000	n/a	n/a	STATUS	n/a	n/a	DI31
401.7320000000	n/a	n/a	STATUS	n/a	n/a	D255
401.9920000000	n/a	n/a	STATUS	n/a	n/a	DIN5
402.0400000000	n/a	n/a	STATUS	n/a	n/a	D255
402.4120000000	n/a	n/a	STATUS	n/a	n/a	D219
402.4600000000	n/a	n/a	STATUS	n/a	n/a	D255
402.5000000000	n/a	n/a	STATUS	n/a	n/a	DI53
402.5480000000	n/a	n/a	STATUS	n/a	n/a	D255
402.8000000000	n/a	n/a	STATUS	n/a	n/a	DI43
402.8520000000	n/a	n/a	STATUS	n/a	n/a	D255
403.1120000000	n/a	n/a	STATUS	n/a	n/a	DIN5
403.1600000000	n/a	n/a	STATUS	n/a	n/a	D255
403.6640000000	n/a	n/a	STATUS	n/a	n/a	D180
403.7160000000	n/a	n/a	STATUS	n/a	n/a	D255
403.7520000000	n/a	n/a	STATUS	n/a	n/a	DI53
403.8040000000	n/a	n/a	STATUS	n/a	n/a	D255
404.0520000000	n/a	n/a	STATUS	n/a	n/a	DI43
404.1040000000	n/a	n/a	STATUS	n/a	n/a	D255
404.3640000000	n/a	n/a	STATUS	n/a	n/a	DIN5
404.4120000000	n/a	n/a	STATUS	n/a	n/a	D255
404.8280000000	n/a	n/a	STATUS	n/a	n/a	D195
404.8760000000	n/a	n/a	STATUS	n/a	n/a	D255
404.9160000000	n/a	n/a	STATUS	n/a	n/a	DI51
404.9640000000	n/a	n/a	STATUS	n/a	n/a	D255
405.2480000000	n/a	n/a	STATUS	n/a	n/a	DI31
405.3000000000	n/a	n/a	STATUS	n/a	n/a	D255
405.5560000000	n/a	n/a	STATUS	n/a	n/a	DIN5
405.6080000000	n/a	n/a	STATUS	n/a	n/a	D255
405.9520000000	n/a	n/a	STATUS	n/a	n/a	D192
406.0000000000	n/a	n/a	STATUS	n/a	n/a	D255
406.0400000000	n/a	n/a	STATUS	n/a	n/a	DI52
406.0880000000	n/a	n/a	STATUS	n/a	n/a	D255
406.4200000000	n/a	n/a	STATUS	n/a	n/a	DI42
406.4720000000	n/a	n/a	STATUS	n/a	n/a	D255
406.7320000000	n/a	n/a	STATUS	n/a	n/a	DIN5
406.7800000000	n/a	n/a	STATUS	n/a	n/a	D255
407.1400000000	n/a	n/a	STATUS	n/a	n/a	D149
407.1920000000	n/a	n/a	STATUS	n/a	n/a	D255
407.2280000000	n/a	n/a	STATUS	n/a	n/a	DI53
407.2800000000	n/a	n/a	STATUS	n/a	n/a	D255
407.5560000000	n/a	n/a	STATUS	n/a	n/a	DI43
407.6040000000	n/a	n/a	STATUS	n/a	n/a	D255
407.8640000000	n/a	n/a	STATUS	n/a	n/a	DIN5
407.9120000000	n/a	n/a	STATUS	n/a	n/a	D255
408.3280000000	n/a	n/a	STATUS	n/a	n/a	D215
408.3800000000	n/a	n/a	STATUS	n/a	n/a	D255
408.4160000000	n/a	n/a	STATUS	n/a	n/a	DI51
408.4640000000	n/a	n/a	STATUS	n/a	n/a	D255
408.7720000000	n/a	n/a	STATUS	n/a	n/a	DI31
408.8200000000	n/a	n/a	STATUS	n/a	n/a	D255
409.0800000000	n/a	n/a	STATUS	n/a	n/a	DIN5
409.1280000000	n/a	n/a	STATUS	n/a	n/a	D255
409.4480000000	n/a	n/a	STATUS	n/a	n/a	D111
409.5000000000	n/a	n/a	STATUS	n/a	n/a	D255
409.5360000000	n/a	n/a	STATUS	n/a	n/a	DI54
409.5880000000	n/a	n/a	STATUS	n/a	n/a	D255
409.8560000000	n/a	n/a	STATUS	n/a	n/a	DI34
409.9040000000	n/a	n/a	STATUS	n/a	n/a	D255
410.1640000000	n/a	n/a	STATUS	n/a	n/a	DIN5
410.2160000000	n/a	n/a	STATUS	n/a	n/a	D255
410.6560000000	n/a	n/a	STATUS	n/a	n/a	D248
410.7040000000	n/a	n/a	STATUS	n/a	n/a	D255
410.7440000000	n/a	n/a	STATUS	n/a	n/a	DI53
410.7920000000	n/a	n/a	STATUS	n/a	n/a	D255
411.0440000000	n/a	n/a	STATUS	n/a	n/a	DI43
411.0920000000	n/a	n/a	STATUS	n/a	n/a	D255
411.3520000000	n/a	n/a	STATUS	n/a	n/a	DIN5
411.4040000000	n/a	n/a	STATUS	n/a	n/a	D255
411.8800000000	n/a	n/a	STATUS	n/a	n/a	D196
411.9280000000	n/a	n/a	STATUS	n/a	n/a	D255
411.9640000000	n/a	n/a	STATUS	n/a	n/a	DI54
412.0160000000	n/a	n/a	STATUS	n/a	n/a	D255
412.2640000000	n/a	n/a	STATUS	n/a	n/a	DI34
412.3160000000	n/a	n/a	STATUS	n/a	n/a	D255
412.5760000000	n/a	n/a	STATUS	n/a	n/a	DIN5
412.6240000000	n/a	n/a	STATUS	n/a	n/a	D255
412.9560000000	n/a	n/a	STATUS	n/a	n/a	DI93
413.0040000000	n/a	n/a	STATUS	n/a	n/a	D255
413.0400000000	n/a	n/a	STATUS	n/a	n/a	DI51
413.0920000000	n/a	n/a	STATUS	n/a	n/a	D255
413.4440000000	n/a	n/a	STATUS	n/a	n/a	DI31
413.4920000000	n/a	n/a	STATUS	n/a	n/a	D255
413.7520000000	n/a	n/a	STATUS	n/a	n/a	DIN5
413.8000000000	n/a	n/a	STATUS	n/a	n/a	D255
414.1600000000	n/a	n/a	STATUS	n/a	n/a	D137
414.2120000000	n/a	n/a	STATUS	n/a	n/a	D255
414.2480000000	n/a	n/a	STATUS	n/a	n/a	DI53
414.3000000000	n/a	n/a	STATUS	n/a	n/a	D255
414.5880000000	n/a	n/a	STATUS	n/a	n/a	DI43
414.6400000000	n/a	n/a	STATUS	n/a	n/a	D255
414.8960000000	n/a	n/a	STATUS	n/a	n/a	DIN5
414.9480000000	n/a	n/a	STATUS	n/a	n/a	D255
415.3760000000	n/a	n/a	STATUS	n/a	n/a	D243
415.4280000000	n/a	n/a	STATUS	n/a	n/a	D255
415.4640000000	n/a	n/a	STATUS	n/a	n/a	DI54
415.5160000000	n/a	n/a	STATUS	n/a	n/a	D255
415.7840000000	n/a	n/a	STATUS	n/a	n/a	DI34
415.8320000000	n/a	n/a	STATUS	n/a	n/a	D255
416.0920000000	n/a	n/a	STATUS	n/a	n/a	DIN5
416.1440000000	n/a	n/a	STATUS	n/a	n/a	D255
416.4680000000	n/a	n/a	STATUS	n/a	n/a	DI87
416.5160000000	n/a	n/a	STATUS	n/a	n/a	D255
416.5560000000	n/a	n/a	STATUS	n/a	n/a	DI54
416.6040000000	n/a	n/a	STATUS	n/a	n/a	D255
416.8760000000	n/a	n/a	STATUS	n/a	n/a	DI34
416.9240000000	n/a	n/a	STATUS	n/a	n/a	D255
417.1840000000	n/a	n/a	STATUS	n/a	n/a	DIN5
417.2360000000	n/a	n/a	STATUS	n/a	n/a	D255
417.7400000000	n/a	n/a	STATUS	n/a	n/a	D199
417.7880000000	n/a	n/a	STATUS	n/a	n/a	D255
417.8240000000	n/a	n/a	STATUS	n/a	n/a	DI52
417.8760000000	n/a	n/a	STATUS	n/a	n/a	D255
418.2040000000	n/a	n/a	STATUS	n/a	n/a	DI42
418.2560000000	n/a	n/a	STATUS	n/a	n/a	D255
418.5160000000	n/a	n/a	STATUS	n/a	n/a	DIN5
418.5640000000	n/a	n/a	STATUS	n/a	n/a	D255
419.0400000000	n/a	n/a	STATUS	n/a	n/a	D235
419.0880000000	n/a	n/a	STATUS	n/a	n/a	D255
419.1280000000	n/a	n/a	STATUS	n/a	n/a	DI51
419.1760000000	n/a	n/a	STATUS	n/a	n/a	D255
419.4920000000	n/a	n/a	STATUS	n/a	n/a	DI31
419.5400000000	n/a	n/a	STATUS	n/a	n/a	D255
419.8000000000	n/a	n/a	STATUS	n/a	n/a	DIN5
419.8520000000	n/a	n/a	STATUS	n/a	n/a	D255
420.3400000000	n/a	n/a	STATUS	n/a	n/a	D118
420.3920000000	n/a	n/a	STATUS	n/a	n/a	D255
420.4280000000	n/a	n/a	STATUS	n/a	n/a	DI53
420.4800000000	n/a	n/a	STATUS	n/a	n/a	D255
420.7040000000	n/a	n/a	STATUS	n/a	n/a	DI43
420.7520000000	n/a	n/a	STATUS	n/a	n/a	D255
421.0120000000	n/a	n/a	STATUS	n/a	n/a	DIN5
421.0600000000	n/a	n/a	STATUS	n/a	n/a	D255
421.3960000000	n/a	n/a	STATUS	n/a	n/a	D145
421.4480000000	n/a	n/a	STATUS	n/a	n/a	D255
421.4840000000	n/a	n/a	STATUS	n/a	n/a	DI54
421.5360000000	n/a	n/a	STATUS	n/a	n/a	D255
421.7440000000	n/a	n/a	STATUS	n/a	n/a	DI34
421.7920000000	n/a	n/a	STATUS	n/a	n/a	D255
422.0520000000	n/a	n/a	STATUS	n/a	n/a	DIN5
422.1040000000	n/a	n/a	STATUS	n/a	n/a	D255
422.5400000000	n/a	n/a	STATUS	n/a	n/a	D200
422.5920000000	n/a	n/a	STATUS	n/a	n/a	D255
422.6280000000	n/a	n/a	STATUS	n/a	n/a	DI52
422.6800000000	n/a	n/a	STATUS	n/a	n/a	D255
423.2200000000	n/a	n/a	STATUS	n/a	n/a	DI42
423.2720000000	n/a	n/a	STATUS	n/a	n/a	D255
423.5280000000	n/a	n/a	STATUS	n/a	n/a	DIN5
423.5800000000	n/a	n/a	STATUS	n/a	n/a	D255
424.0120000000	n/a	n/a	STATUS	n/a	n/a	D136
424.0640000000	n/a	n/a	STATUS	n/a	n/a	D255
424.1000000000	n/a	n/a	STATUS	n/a	n/a	DI53
424.1520000000	n/a	n/a	STATUS	n/a	n/a	D255
424.4680000000	n/a	n/a	STATUS	n/a	n/a	DI43
424.5200000000	n/a	n/a	STATUS	n/a	n/a	D255
424.7760000000	n/a	n/a	STATUS	n/a	n/a	DIN5
424.8280000000	n/a	n/a	STATUS	n/a	n/a	D255
425.3040000000	n/a	n/a	STATUS	n/a	n/a	D127
425.3520000000	n/a	n/a	STATUS	n/a	n/a	D255
425.3880000000	n/a	n/a	STATUS	n/a	n/a	DI54
425.4400000000	n/a	n/a	STATUS	n/a	n/a	D255
425.6880000000	n/a	n/a	STATUS	n/a	n/a	DI34
425.7400000000	n/a	n/a	STATUS	n/a	n/a	D255
425.9960000000	n/a	n/a	STATUS	n/a	n/a	DIN5
426.0480000000	n/a	n/a	STATUS	n/a	n/a	D255
426.4080000000	n/a	n/a	STATUS	n/a	n/a	D120
426.4560000000	n/a	n/a	STATUS	n/a	n/a	D255
426.4560000000	n/a	n/a	STATUS	n/a	n/a	D251
426.4960000000	n/a	n/a	STATUS	n/a	n/a	DI54
426.5440000000	n/a	n/a	STATUS	n/a	n/a	D255
426.8080000000	n/a	n/a	STATUS	n/a	n/a	DI34
426.8600000000	n/a	n/a	STATUS	n/a	n/a	D255
427.1200000000	n/a	n/a	STATUS	n/a	n/a	DIN5
427.1680000000	n/a	n/a	STATUS	n/a	n/a	D255
427.5600000000	n/a	n/a	STATUS	n/a	n/a	D204
427.6080000000	n/a	n/a	STATUS	n/a	n/a	D255
427.6480000000	n/a	n/a	STATUS	n/a	n/a	DI52
427.6960000000	n/a	n/a	STATUS	n/a	n/a	D255
427.9520000000	n/a	n/a	STATUS	n/a	n/a	DI42
428.0040000000	n/a	n/a	STATUS	n/a	n/a	D255
428.2640000000	n/a	n/a	STATUS	n/a	n/a	DIN5
428.3120000000	n/a	n/a	STATUS	n/a	n/a	D255
428.7320000000	n/a	n/a	STATUS	n/a	n/a	D173
428.7840000000	n/a	n/a	STATUS	n/a	n/a	D255
428.8200000000	n/a	n/a	STATUS	n/a	n/a	DI54
428.8720000000	n/a	n/a	STATUS	n/a	n/a	D255
429.1440000000	n/a	n/a	STATUS	n/a	n/a	DI34
429.1960000000	n/a	n/a	STATUS	n/a	n/a	D255
429.4560000000	n/a	n/a	STATUS	n/a	n/a	DIN5
429.5040000000	n/a	n/a	STATUS	n/a	n/a	D255
429.8560000000	n/a	n/a	STATUS	n/a	n/a	D155
429.9040000000	n/a	n/a	STATUS	n/a	n/a	D255
429.9400000000	n/a	n/a	STATUS	n/a	n/a	DI51
429.9920000000	n/a	n/a	STATUS	n/a	n/a	D255
430.2120000000	n/a	n/a	STATUS	n/a	n/a	DI21
430.2600000000	n/a	n/a	STATUS	n/a	n/a	D255
430.2680000000	n/a	n/a	STATUS	n/a	n/a	DIN4
430.3160000000	n/a	n/a	STATUS	n/a	n/a	D255
431.0720000000	n/a	n/a	STATUS	n/a	n/a	DIN5
431.1200000000	n/a	n/a	STATUS	n/a	n/a	D255
431.6000000000	n/a	n/a	STATUS	n/a	n/a	D174
431.6520000000	n/a	n/a	STATUS	n/a	n/a	D255
431.6880000000	n/a	n/a	STATUS	n/a	n/a	DI54
431.7400000000	n/a	n/a	STATUS	n/a	n/a	D255
432.1680000000	n/a	n/a	STATUS	n/a	n/a	DI34
432.2160000000	n/a	n/a	STATUS	n/a	n/a	D255
432.4760000000	n/a	n/a	STATUS	n/a	n/a	DIN5
432.5240000000	n/a	n/a	STATUS	n/a	n/a	D255
433.0000000000	n/a	n/a	STATUS	n/a	n/a	D103
433.0480000000	n/a	n/a	STATUS	n/a	n/a	D255
433.0880000000	n/a	n/a	STATUS	n/a	n/a	DI53
433.1360000000	n/a	n/a	STATUS	n/a	n/a	D255
433.3800000000	n/a	n/a	STATUS	n/a	n/a	DI43
433.4280000000	n/a	n/a	STATUS	n/a	n/a	D255
433.6880000000	n/a	n/a	STATUS	n/a	n/a	DIN5
433.7360000000	n/a	n/a	STATUS	n/a	n/a	D255
434.2320000000	n/a	n/a	STATUS	n/a	n/a	DI95
434.2840000000	n/a	n/a	STATUS	n/a	n/a	D255
434.3200000000	n/a	n/a	STATUS	n/a	n/a	DI51
434.3720000000	n/a	n/a	STATUS	n/a	n/a	D255
434.6640000000	n/a	n/a	STATUS	n/a	n/a	DI31
434.7120000000	n/a	n/a	STATUS	n/a	n/a	D255
434.9720000000	n/a	n/a	STATUS	n/a	n/a	DIN5
435.0200000000	n/a	n/a	STATUS	n/a	n/a	D255
435.3240000000	n/a	n/a	STATUS	n/a	n/a	D121
435.3760000000	n/a	n/a	STATUS	n/a	n/a	D255
435.4120000000	n/a	n/a	STATUS	n/a	n/a	DI51
435.4640000000	n/a	n/a	STATUS	n/a	n/a	D255
435.8200000000	n/a	n/a	STATUS	n/a	n/a	DI31
435.8720000000	n/a	n/a	STATUS	n/a	n/a	D255
436.1320000000	n/a	n/a	STATUS	n/a	n/a	DIN5
436.1800000000	n/a	n/a	STATUS	n/a	n/a	D255
436.5320000000	n/a	n/a	STATUS	n/a	n/a	D167
436.5800000000	n/a	n/a	STATUS	n/a	n/a	D255
436.6160000000	n/a	n/a	STATUS	n/a	n/a	DI53
436.6680000000	n/a	n/a	STATUS	n/a	n/a	D255
436.9640000000	n/a	n/a	STATUS	n/a	n/a	DI43
437.0160000000	n/a	n/a	STATUS	n/a	n/a	D255
437.2720000000	n/a	n/a	STATUS	n/a	n/a	DIN5
437.3240000000	n/a	n/a	STATUS	n/a	n/a	D255
437.8240000000	n/a	n/a	STATUS	n/a	n/a	D122
437.8720000000	n/a	n/a	STATUS	n/a	n/a	D255
437.9120000000	n/a	n/a	STATUS	n/a	n/a	DI54
437.9600000000	n/a	n/a	STATUS	n/a	n/a	D255
438.1720000000	n/a	n/a	STATUS	n/a	n/a	DI34
438.2240000000	n/a	n/a	STATUS	n/a	n/a	D255
438.4840000000	n/a	n/a	STATUS	n/a	n/a	DIN5
438.5320000000	n/a	n/a	STATUS	n/a	n/a	D255
438.9200000000	n/a	n/a	STATUS	n/a	n/a	D164
438.9720000000	n/a	n/a	STATUS	n/a	n/a	D255
439.0080000000	n/a	n/a	STATUS	n/a	n/a	DI54
439.0600000000	n/a	n/a	STATUS	n/a	n/a	D255
439.3000000000	n/a	n/a	STATUS	n/a	n/a	DI34
439.3480000000	n/a	n/a	STATUS	n/a	n/a	D255
439.6080000000	n/a	n/a	STATUS	n/a	n/a	DIN5
439.6560000000	n/a	n/a	STATUS	n/a	n/a	D255
440.0920000000	n/a	n/a	STATUS	n/a	n/a	D126
440.1440000000	n/a	n/a	STATUS	n/a	n/a	D255
440.1800000000	n/a	n/a	STATUS	n/a	n/a	DI53
440.2320000000	n/a	n/a	STATUS	n/a	n/a	D255
440.5000000000	n/a	n/a	STATUS	n/a	n/a	DI43
440.5520000000	n/a	n/a	STATUS	n/a	n/a	D255
440.8080000000	n/a	n/a	STATUS	n/a	n/a	DIN5
440.8600000000	n/a	n/a	STATUS	n/a	n/a	D255
441.3520000000	n/a	n/a	STATUS	n/a	n/a	D152
441.4040000000	n/a	n/a	STATUS	n/a	n/a	D255
441.4400000000	n/a	n/a	STATUS	n/a	n/a	DI53
441.4920000000	n/a	n/a	STATUS	n/a	n/a	D255
441.7320000000	n/a	n/a	STATUS	n/a	n/a	DI43
441.7840000000	n/a	n/a	STATUS	n/a	n/a	D255
442.0440000000	n/a	n/a	STATUS	n/a	n/a	DIN5
442.0920000000	n/a	n/a	STATUS	n/a	n/a	D255
442.5520000000	n/a	n/a	STATUS	n/a	n/a	D234
442.6000000000	n/a	n/a	STATUS	n/a	n/a	D255
442.6400000000	n/a	n/a	STATUS	n/a	n/a	DI54
442.6880000000	n/a	n/a	STATUS	n/a	n/a	D255
442.9280000000	n/a	n/a	STATUS	n/a	n/a	DI34
442.9760000000	n/a	n/a	STATUS	n/a	n/a	D255
443.2360000000	n/a	n/a	STATUS	n/a	n/a	DIN5
443.2840000000	n/a	n/a	STATUS	n/a	n/a	D255
443.7760000000	n/a	n/a	STATUS	n/a	n/a	D112
443.8240000000	n/a	n/a	STATUS	n/a	n/a	D255
443.8640000000	n/a	n/a	STATUS	n/a	n/a	DI51
443.9120000000	n/a	n/a	STATUS	n/a	n/a	D255
444.1120000000	n/a	n/a	STATUS	n/a	n/a	DI21
444.1640000000	n/a	n/a	STATUS	n/a	n/a	D255
444.1680000000	n/a	n/a	STATUS	n/a	n/a	DIN4
444.2160000000	n/a	n/a	STATUS	n/a	n/a	D255
444.9720000000	n/a	n/a	STATUS	n/a	n/a	DIN5
445.0200000000	n/a	n/a	STATUS	n/a	n/a	D255
445.3600000000	n/a	n/a	STATUS	n/a	n/a	D144
445.4120000000	n/a	n/a	STATUS	n/a	n/a	D255
445.4480000000	n/a	n/a	STATUS	n/a	n/a	DI52
445.5000000000	n/a	n/a	STATUS	n/a	n/a	D255
445.8040000000	n/a	n/a	STATUS	n/a	n/a	DI42
445.8560000000	n/a	n/a	STATUS	n/a	n/a	D255
446.1160000000	n/a	n/a	STATUS	n/a	n/a	DIN5
446.1640000000	n/a	n/a	STATUS	n/a	n/a	D255
446.6240000000	n/a	n/a	STATUS	n/a	n/a	D185
446.6760000000	n/a	n/a	STATUS	n/a	n/a	D255
446.7120000000	n/a	n/a	STATUS	n/a	n/a	DI52
446.7600000000	n/a	n/a	STATUS	n/a	n/a	D255
447.1440000000	n/a	n/a	STATUS	n/a	n/a	DI42
447.1960000000	n/a	n/a	STATUS	n/a	n/a	D255
447.4560000000	n/a	n/a	STATUS	n/a	n/a	DIN5
447.5040000000	n/a	n/a	STATUS	n/a	n/a	D255
447.9720000000	n/a	n/a	STATUS	n/a	n/a	D183
448.0240000000	n/a	n/a	STATUS	n/a	n/a	D255
448.0600000000	n/a	n/a	STATUS	n/a	n/a	DI54
448.1120000000	n/a	n/a	STATUS	n/a	n/a	D255
448.3520000000	n/a	n/a	STATUS	n/a	n/a	DI34
448.4040000000	n/a	n/a	STATUS	n/a	n/a	D255
448.6600000000	n/a	n/a	STATUS	n/a	n/a	DIN5
448.7120000000	n/a	n/a	STATUS	n/a	n/a	D255
449.1160000000	n/a	n/a	STATUS	n/a	n/a	DI74
449.1680000000	n/a	n/a	STATUS	n/a	n/a	D255
449.2040000000	n/a	n/a	STATUS	n/a	n/a	DI52
449.2560000000	n/a	n/a	STATUS	n/a	n/a	D255
449.5400000000	n/a	n/a	STATUS	n/a	n/a	DI42
449.5880000000	n/a	n/a	STATUS	n/a	n/a	D255
449.8480000000	n/a	n/a	STATUS	n/a	n/a	DIN5
449.9000000000	n/a	n/a	STATUS	n/a	n/a	D255
450.3080000000	n/a	n/a	STATUS	n/a	n/a	D249
450.3600000000	n/a	n/a	STATUS	n/a	n/a	D255
450.3960000000	n/a	n/a	STATUS	n/a	n/a	DI54
450.4480000000	n/a	n/a	STATUS	n/a	n/a	D255
450.7240000000	n/a	n/a	STATUS	n/a	n/a	DI34
450.7720000000	n/a	n/a	STATUS	n/a	n/a	D255
451.0320000000	n/a	n/a	STATUS	n/a	n/a	DIN5
451.0800000000	n/a	n/a	STATUS	n/a	n/a	D255
451.5760000000	n/a	n/a	STATUS	n/a	n/a	D151
451.6280000000	n/a	n/a	STATUS	n/a	n/a	D255
451.6640000000	n/a	n/a	STATUS	n/a	n/a	DI52
451.7120000000	n/a	n/a	STATUS	n/a	n/a	D255
451.9520000000	n/a	n/a	STATUS	n/a	n/a	DI12
452.0000000000	n/a	n/a	STATUS	n/a	n/a	D255
452.0080000000	n/a	n/a	STATUS	n/a	n/a	DIN4
452.0560000000	n/a	n/a	STATUS	n/a	n/a	D255
452.8120000000	n/a	n/a	STATUS	n/a	n/a	DIN5
452.8600000000	n/a	n/a	STATUS	n/a	n/a	D255
453.2560000000	n/a	n/a	STATUS	n/a	n/a	D202
453.3080000000	n/a	n/a	STATUS	n/a	n/a	D255
453.3440000000	n/a	n/a	STATUS	n/a	n/a	DI54
453.3960000000	n/a	n/a	STATUS	n/a	n/a	D255
453.6720000000	n/a	n/a	STATUS	n/a	n/a	DI34
453.7200000000	n/a	n/a	STATUS	n/a	n/a	D255
453.9800000000	n/a	n/a	STATUS	n/a	n/a	DIN5
454.0320000000	n/a	n/a	STATUS	n/a	n/a	D255
454.4480000000	n/a	n/a	STATUS	n/a	n/a	D161
454.5000000000	n/a	n/a	STATUS	n/a	n/a	D255
454.5360000000	n/a	n/a	STATUS	n/a	n/a	DI52
454.5880000000	n/a	n/a	STATUS	n/a	n/a	D255
454.9320000000	n/a	n/a	STATUS	n/a	n/a	DI42
454.9840000000	n/a	n/a	STATUS	n/a	n/a	D255
455.2400000000	n/a	n/a	STATUS	n/a	n/a	DIN5
455.2920000000	n/a	n/a	STATUS	n/a	n/a	D255
455.6360000000	n/a	n/a	STATUS	n/a	n/a	D109
455.6880000000	n/a	n/a	STATUS	n/a	n/a	D255
455.7240000000	n/a	n/a	STATUS	n/a	n/a	DI51
455.7760000000	n/a	n/a	STATUS	n/a	n/a	D255
456.0680000000	n/a	n/a	STATUS	n/a	n/a	DI31
456.1160000000	n/a	n/a	STATUS	n/a	n/a	D255
456.3760000000	n/a	n/a	STATUS	n/a	n/a	DIN5
456.4280000000	n/a	n/a	STATUS	n/a	n/a	D255
456.8280000000	n/a	n/a	STATUS	n/a	n/a	D182
456.8760000000	n/a	n/a	STATUS	n/a	n/a	D255
456.9120000000	n/a	n/a	STATUS	n/a	n/a	DI53
456.9640000000	n/a	n/a	STATUS	n/a	n/a	D255
457.1880000000	n/a	n/a	STATUS	n/a	n/a	DI43
457.2360000000	n/a	n/a	STATUS	n/a	n/a	D255
457.4960000000	n/a	n/a	STATUS	n/a	n/a	DIN5
457.5440000000	n/a	n/a	STATUS	n/a	n/a	D255
458.0400000000	n/a	n/a	STATUS	n/a	n/a	DI72
458.0920000000	n/a	n/a	STATUS	n/a	n/a	D255
458.1280000000	n/a	n/a	STATUS	n/a	n/a	DI51
458.1800000000	n/a	n/a	STATUS	n/a	n/a	D255
458.5120000000	n/a	n/a	STATUS	n/a	n/a	DI31
458.5640000000	n/a	n/a	STATUS	n/a	n/a	D255
458.8200000000	n/a	n/a	STATUS	n/a	n/a	DIN5
458.8720000000	n/a	n/a	STATUS	n/a	n/a	D255
459.2880000000	n/a	n/a	STATUS	n/a	n/a	D208
459.3360000000	n/a	n/a	STATUS	n/a	n/a	D255
459.3760000000	n/a	n/a	STATUS	n/a	n/a	DI54
459.4240000000	n/a	n/a	STATUS	n/a	n/a	D255
459.8160000000	n/a	n/a	STATUS	n/a	n/a	DI34
459.8680000000	n/a	n/a	STATUS	n/a	n/a	D255
460.1240000000	n/a	n/a	STATUS	n/a	n/a	DIN5
460.1760000000	n/a	n/a	STATUS	n/a	n/a	D255
460.5840000000	n/a	n/a	STATUS	n/a	n/a	D147
460.6360000000	n/a	n/a	STATUS	n/a	n/a	D255
460.6720000000	n/a	n/a	STATUS	n/a	n/a	DI52
460.7240000000	n/a	n/a	STATUS	n/a	n/a	D255
460.9800000000	n/a	n/a	STATUS	n/a	n/a	DI12
461.0320000000	n/a	n/a	STATUS	n/a	n/a	D255
461.0360000000	n/a	n/a	STATUS	n/a	n/a	DIN4
461.0880000000	n/a	n/a	STATUS	n/a	n/a	D255
461.8400000000	n/a	n/a	STATUS	n/a	n/a	DIN5
461.8920000000	n/a	n/a	STATUS	n/a	n/a	D255
462.2920000000	n/a	n/a	STATUS	n/a	n/a	D245
462.3400000000	n/a	n/a	STATUS	n/a	n/a	D255
462.3760000000	n/a	n/a	STATUS	n/a	n/a	DI51
462.4280000000	n/a	n/a	STATUS	n/a	n/a	D255
462.7680000000	n/a	n/a	STATUS	n/a	n/a	DI31
462.8200000000	n/a	n/a	STATUS	n/a	n/a	D255
463.0800000000	n/a	n/a	STATUS	n/a	n/a	DIN5
463.1280000000	n/a	n/a	STATUS	n/a	n/a	D255
463.4680000000	n/a	n/a	STATUS	n/a	n/a	D132
463.5160000000	n/a	n/a	STATUS	n/a	n/a	D255
463.5560000000	n/a	n/a	STATUS	n/a	n/a	DI53
463.6040000000	n/a	n/a	STATUS	n/a	n/a	D255
463.8960000000	n/a	n/a	STATUS	n/a	n/a	DI43
463.9440000000	n/a	n/a	STATUS	n/a	n/a	D255
464.2040000000	n/a	n/a	STATUS	n/a	n/a	DIN5
464.2560000000	n/a	n/a	STATUS	n/a	n/a	D255
464.6880000000	n/a	n/a	STATUS	n/a	n/a	D188
464.7400000000	n/a	n/a	STATUS	n/a	n/a	D255
464.7760000000	n/a	n/a	STATUS	n/a	n/a	DI51
464.8280000000	n/a	n/a	STATUS	n/a	n/a	D255
465.1240000000	n/a	n/a	STATUS	n/a	n/a	DI31
465.1720000000	n/a	n/a	STATUS	n/a	n/a	D255
465.4320000000	n/a	n/a	STATUS	n/a	n/a	DIN5
465.4800000000	n/a	n/a	STATUS	n/a	n/a	D255
465.9440000000	n/a	n/a	STATUS	n/a	n/a	D207
465.9960000000	n/a	n/a	STATUS	n/a	n/a	D255
466.0320000000	n/a	n/a	STATUS	n/a	n/a	DI54
466.0840000000	n/a	n/a	STATUS	n/a	n/a	D255
466.3480000000	n/a	n/a	STATUS	n/a	n/a	DI34
466.3960000000	n/a	n/a	STATUS	n/a	n/a	D255
466.6560000000	n/a	n/a	STATUS	n/a	n/a	DIN5
466.7080000000	n/a	n/a	STATUS	n/a	n/a	D255
467.1880000000	n/a	n/a	STATUS	n/a	n/a	D128
467.2360000000	n/a	n/a	STATUS	n/a	n/a	D255
467.2720000000	n/a	n/a	STATUS	n/a	n/a	DI51
467.3240000000	n/a	n/a	STATUS	n/a	n/a	D255
468.3520000000	n/a	n/a	STATUS	n/a	n/a	DIN3
468.4000000000	n/a	n/a	STATUS	n/a	n/a	D255
469.1560000000	n/a	n/a	STATUS	n/a	n/a	DIN5
469.2080000000	n/a	n/a	STATUS	n/a	n/a	D255
469.6800000000	n/a	n/a	STATUS	n/a	n/a	D142
469.7320000000	n/a	n/a	STATUS	n/a	n/a	D255
469.7680000000	n/a	n/a	STATUS	n/a	n/a	DI52
469.8200000000	n/a	n/a	STATUS	n/a	n/a	D255
470.1280000000	n/a	n/a	STATUS	n/a	n/a	DI42
470.1760000000	n/a	n/a	STATUS	n/a	n/a	D255
470.4360000000	n/a	n/a	STATUS	n/a	n/a	DIN5
470.4880000000	n/a	n/a	STATUS	n/a	n/a	D255
470.8320000000	n/a	n/a	STATUS	n/a	n/a	D187
470.8800000000	n/a	n/a	STATUS	n/a	n/a	D255
470.9160000000	n/a	n/a	STATUS	n/a	n/a	DI52
470.9680000000	n/a	n/a	STATUS	n/a	n/a	D255
471.2640000000	n/a	n/a	STATUS	n/a	n/a	DI42
471.3120000000	n/a	n/a	STATUS	n/a	n/a	D255
471.5720000000	n/a	n/a	STATUS	n/a	n/a	DIN5
471.6240000000	n/a	n/a	STATUS	n/a	n/a	D255
472.0720000000	n/a	n/a	STATUS	n/a	n/a	D108
472.1240000000	n/a	n/a	STATUS	n/a	n/a	D255
472.1600000000	n/a	n/a	STATUS	n/a	n/a	DI52
472.2120000000	n/a	n/a	STATUS	n/a	n/a	D255
473.2320000000	n/a	n/a	STATUS	n/a	n/a	DIN3
473.2840000000	n/a	n/a	STATUS	n/a	n/a	D255
474.0360000000	n/a	n/a	STATUS	n/a	n/a	DIN5
474.0880000000	n/a	n/a	STATUS	n/a	n/a	D255
474.5080000000	n/a	n/a	STATUS	n/a	n/a	D105
474.5560000000	n/a	n/a	STATUS	n/a	n/a	D255
474.5960000000	n/a	n/a	STATUS	n/a	n/a	DI53
474.6440000000	n/a	n/a	STATUS	n/a	n/a	D255
474.9280000000	n/a	n/a	STATUS	n/a	n/a	DI43
474.9760000000	n/a	n/a	STATUS	n/a	n/a	D255
475.2360000000	n/a	n/a	STATUS	n/a	n/a	DIN5
475.2880000000	n/a	n/a	STATUS	n/a	n/a	D255
475.6200000000	n/a	n/a	STATUS	n/a	n/a	DI91
475.6720000000	n/a	n/a	STATUS	n/a	n/a	D255
475.7080000000	n/a	n/a	STATUS	n/a	n/a	DI54
475.7600000000	n/a	n/a	STATUS	n/a	n/a	D255
476.0120000000	n/a	n/a	STATUS	n/a	n/a	DI34
476.0600000000	n/a	n/a	STATUS	n/a	n/a	D255
496.6560000000	n/a	n/a	STATUS	n/a	n/a	DIN5
496.7040000000	n/a	n/a	STATUS	n/a	n/a	D255
497.2000000000	n/a	n/a	STATUS	n/a	n/a	D156
497.2480000000	n/a	n/a	STATUS	n/a	n/a	D255
497.2880000000	n/a	n/a	STATUS	n/a	n/a	DI51
497.3360000000	n/a	n/a	STATUS	n/a	n/a	D255
497.8560000000	n/a	n/a	STATUS	n/a	n/a	DI31
497.9080000000	n/a	n/a	STATUS	n/a	n/a	D255
498.1640000000	n/a	n/a	STATUS	n/a	n/a	DIN5
498.2160000000	n/a	n/a	STATUS	n/a	n/a	D255
498.5320000000	n/a	n/a	STATUS	n/a	n/a	D112
498.5800000000	n/a	n/a	STATUS	n/a	n/a	D255
498.6160000000	n/a	n/a	STATUS	n/a	n/a	DI51
498.6680000000	n/a	n/a	STATUS	n/a	n/a	D255
498.9600000000	n/a	n/a	STATUS	n/a	n/a	DI31
499.0080000000	n/a	n/a	STATUS	n/a	n/a	D255
499.2680000000	n/a	n/a	STATUS	n/a	n/a	DIN5
499.3160000000	n/a	n/a	STATUS	n/a	n/a	D255
499.8080000000	n/a	n/a	STATUS	n/a	n/a	D113
499.8560000000	n/a	n/a	STATUS	n/a	n/a	D255
499.8920000000	n/a	n/a	STATUS	n/a	n/a	DI53
499.9440000000	n/a	n/a	STATUS	n/a	n/a	D255
500.1480000000	n/a	n/a	STATUS	n/a	n/a	DI43
500.2000000000	n/a	n/a	STATUS	n/a	n/a	D255
500.4600000000	n/a	n/a	STATUS	n/a	n/a	DIN5
500.5080000000	n/a	n/a	STATUS	n/a	n/a	D255
500.8880000000	n/a	n/a	STATUS	n/a	n/a	D175
500.9400000000	n/a	n/a	STATUS	n/a	n/a	D255
500.9760000000	n/a	n/a	STATUS	n/a	n/a	DI54
501.0280000000	n/a	n/a	STATUS	n/a	n/a	D255
501.2280000000	n/a	n/a	STATUS	n/a	n/a	DI34
501.2760000000	n/a	n/a	STATUS	n/a	n/a	D255
501.5360000000	n/a	n/a	STATUS	n/a	n/a	DIN5
501.5880000000	n/a	n/a	STATUS	n/a	n/a	D255
502.0800000000	n/a	n/a	STATUS	n/a	n/a	D140
502.1320000000	n/a	n/a	STATUS	n/a	n/a	D255
502.1680000000	n/a	n/a	STATUS	n/a	n/a	DI53
502.2200000000	n/a	n/a	STATUS	n/a	n/a	D255
502.4120000000	n/a	n/a	STATUS	n/a	n/a	DI43
502.4600000000	n/a	n/a	STATUS	n/a	n/a	D255
502.7200000000	n/a	n/a	STATUS	n/a	n/a	DIN5
502.7680000000	n/a	n/a	STATUS	n/a	n/a	D255
503.2600000000	n/a	n/a	STATUS	n/a	n/a	D136
503.3080000000	n/a	n/a	STATUS	n/a	n/a	D255
503.3480000000	n/a	n/a	STATUS	n/a	n/a	DI51
503.3960000000	n/a	n/a	STATUS	n/a	n/a	D255
503.5840000000	n/a	n/a	STATUS	n/a	n/a	DI21
503.6360000000	n/a	n/a	STATUS	n/a	n/a	D255
503.6400000000	n/a	n/a	STATUS	n/a	n/a	DIN4
503.6880000000	n/a	n/a	STATUS	n/a	n/a	D255
504.4440000000	n/a	n/a	STATUS	n/a	n/a	DIN5
504.4960000000	n/a	n/a	STATUS	n/a	n/a	D255
504.8840000000	n/a	n/a	STATUS	n/a	n/a	D220
504.9320000000	n/a	n/a	STATUS	n/a	n/a	D255
504.9720000000	n/a	n/a	STATUS	n/a	n/a	DI54
505.0200000000	n/a	n/a	STATUS	n/a	n/a	D255
505.3120000000	n/a	n/a	STATUS	n/a	n/a	DI34
505.3600000000	n/a	n/a	STATUS	n/a	n/a	D255
505.6200000000	n/a	n/a	STATUS	n/a	n/a	DIN5
505.6720000000	n/a	n/a	STATUS	n/a	n/a	D255
506.0280000000	n/a	n/a	STATUS	n/a	n/a	D225
506.0800000000	n/a	n/a	STATUS	n/a	n/a	D255
506.1200000000	n/a	n/a	STATUS	n/a	n/a	DI51
506.1680000000	n/a	n/a	STATUS	n/a	n/a	D255
506.4120000000	n/a	n/a	STATUS	n/a	n/a	DI21
506.4600000000	n/a	n/a	STATUS	n/a	n/a	D255
506.4680000000	n/a	n/a	STATUS	n/a	n/a	DIN4
506.5160000000	n/a	n/a	STATUS	n/a	n/a	D255
507.2720000000	n/a	n/a	STATUS	n/a	n/a	DIN5
507.3200000000	n/a	n/a	STATUS	n/a	n/a	D255
507.7800000000	n/a	n/a	STATUS	n/a	n/a	D176
507.8320000000	n/a	n/a	STATUS	n/a	n/a	D255
507.8680000000	n/a	n/a	STATUS	n/a	n/a	DI52
507.9200000000	n/a	n/a	STATUS	n/a	n/a	D255
508.2360000000	n/a	n/a	STATUS	n/a	n/a	DI42
508.2880000000	n/a	n/a	STATUS	n/a	n/a	D255
508.5440000000	n/a	n/a	STATUS	n/a	n/a	DIN5
508.5960000000	n/a	n/a	STATUS	n/a	n/a	D255
509.0240000000	n/a	n/a	STATUS	n/a	n/a	D103
509.0760000000	n/a	n/a	STATUS	n/a	n/a	D255
509.1120000000	n/a	n/a	STATUS	n/a	n/a	DI54
509.1640000000	n/a	n/a	STATUS	n/a	n/a	D255
509.4600000000	n/a	n/a	STATUS	n/a	n/a	DI34
509.5080000000	n/a	n/a	STATUS	n/a	n/a	D255
509.7680000000	n/a	n/a	STATUS	n/a	n/a	DIN5
509.8200000000	n/a	n/a	STATUS	n/a	n/a	D255
510.2440000000	n/a	n/a	STATUS	n/a	n/a	D119
510.2920000000	n/a	n/a	STATUS	n/a	n/a	D255
510.3280000000	n/a	n/a	STATUS	n/a	n/a	DI54
510.3800000000	n/a	n/a	STATUS	n/a	n/a	D255
510.6320000000	n/a	n/a	STATUS	n/a	n/a	DI34
510.6800000000	n/a	n/a	STATUS	n/a	n/a	D255
510.9400000000	n/a	n/a	STATUS	n/a	n/a	DIN5
510.9920000000	n/a	n/a	STATUS	n/a	n/a	D255
511.4800000000	n/a	n/a	STATUS	n/a	n/a	DI94
511.5320000000	n/a	n/a	STATUS	n/a	n/a	D255
511.5680000000	n/a	n/a	STATUS	n/a	n/a	DI52
511.6200000000	n/a	n/a	STATUS	n/a	n/a	D255
511.9640000000	n/a	n/a	STATUS	n/a	n/a	DI42
512.0120000000	n/a	n/a	STATUS	n/a	n/a	D255
512.2720000000	n/a	n/a	STATUS	n/a	n/a	DIN5
512.3240000000	n/a	n/a	STATUS	n/a	n/a	D255
512.6360000000	n/a	n/a	STATUS	n/a	n/a	DI77
512.6880000000	n/a	n/a	STATUS	n/a	n/a	D255
512.7240000000	n/a	n/a	STATUS	n/a	n/a	DI51
512.7760000000	n/a	n/a	STATUS	n/a	n/a	D255
513.0600000000	n/a	n/a	STATUS	n/a	n/a	DI31
513.1080000000	n/a	n/a	STATUS	n/a	n/a	D255
513.3680000000	n/a	n/a	STATUS	n/a	n/a	DIN5
513.4200000000	n/a	n/a	STATUS	n/a	n/a	D255
513.8320000000	n/a	n/a	STATUS	n/a	n/a	DI78
513.8840000000	n/a	n/a	STATUS	n/a	n/a	D255
513.9200000000	n/a	n/a	STATUS	n/a	n/a	DI51
513.9720000000	n/a	n/a	STATUS	n/a	n/a	D255
514.2360000000	n/a	n/a	STATUS	n/a	n/a	DI31
514.2880000000	n/a	n/a	STATUS	n/a	n/a	D255
514.5480000000	n/a	n/a	STATUS	n/a	n/a	DIN5
514.5960000000	n/a	n/a	STATUS	n/a	n/a	D255
515.0680000000	n/a	n/a	STATUS	n/a	n/a	D232
515.1160000000	n/a	n/a	STATUS	n/a	n/a	D255
515.1520000000	n/a	n/a	STATUS	n/a	n/a	DI52
515.2040000000	n/a	n/a	STATUS	n/a	n/a	D255
515.5120000000	n/a	n/a	STATUS	n/a	n/a	DI42
515.5640000000	n/a	n/a	STATUS	n/a	n/a	D255
515.8240000000	n/a	n/a	STATUS	n/a	n/a	DIN5
515.8720000000	n/a	n/a	STATUS	n/a	n/a	D255
516.2480000000	n/a	n/a	STATUS	n/a	n/a	D251
516.2960000000	n/a	n/a	STATUS	n/a	n/a	D255
516.3360000000	n/a	n/a	STATUS	n/a	n/a	DI51
516.3840000000	n/a	n/a	STATUS	n/a	n/a	D255
516.6040000000	n/a	n/a	STATUS	n/a	n/a	DI31
516.6560000000	n/a	n/a	STATUS	n/a	n/a	D255
516.9160000000	n/a	n/a	STATUS	n/a	n/a	DIN5
516.9640000000	n/a	n/a	STATUS	n/a	n/a	D255
517.4400000000	n/a	n/a	STATUS	n/a	n/a	DI99
517.4880000000	n/a	n/a	STATUS	n/a	n/a	D255
517.5280000000	n/a	n/a	STATUS	n/a	n/a	DI53
517.5760000000	n/a	n/a	STATUS	n/a	n/a	D255
517.9080000000	n/a	n/a	STATUS	n/a	n/a	DI43
517.9600000000	n/a	n/a	STATUS	n/a	n/a	D255
518.2160000000	n/a	n/a	STATUS	n/a	n/a	DIN5
518.2680000000	n/a	n/a	STATUS	n/a	n/a	D255
518.7560000000	n/a	n/a	STATUS	n/a	n/a	DI82
518.8080000000	n/a	n/a	STATUS	n/a	n/a	D255
518.8440000000	n/a	n/a	STATUS	n/a	n/a	DI52
518.8960000000	n/a	n/a	STATUS	n/a	n/a	D255
519.0960000000	n/a	n/a	STATUS	n/a	n/a	DI12
519.1440000000	n/a	n/a	STATUS	n/a	n/a	D255
519.1480000000	n/a	n/a	STATUS	n/a	n/a	DIN4
519.2000000000	n/a	n/a	STATUS	n/a	n/a	D255
519.9560000000	n/a	n/a	STATUS	n/a	n/a	DIN5
520.0040000000	n/a	n/a	STATUS	n/a	n/a	D255
520.3280000000	n/a	n/a	STATUS	n/a	n/a	D195
520.3800000000	n/a	n/a	STATUS	n/a	n/a	D255
520.4160000000	n/a	n/a	STATUS	n/a	n/a	DI52
520.4680000000	n/a	n/a	STATUS	n/a	n/a	D255
520.7840000000	n/a	n/a	STATUS	n/a	n/a	DI42
520.8320000000	n/a	n/a	STATUS	n/a	n/a	D255
521.0920000000	n/a	n/a	STATUS	n/a	n/a	DIN5
521.1440000000	n/a	n/a	STATUS	n/a	n/a	D255
521.6240000000	n/a	n/a	STATUS	n/a	n/a	D121
521.6720000000	n/a	n/a	STATUS	n/a	n/a	D255
521.7120000000	n/a	n/a	STATUS	n/a	n/a	DI53
521.7600000000	n/a	n/a	STATUS	n/a	n/a	D255
522.0920000000	n/a	n/a	STATUS	n/a	n/a	DI43
522.1440000000	n/a	n/a	STATUS	n/a	n/a	D255
522.4000000000	n/a	n/a	STATUS	n/a	n/a	DIN5
522.4520000000	n/a	n/a	STATUS	n/a	n/a	D255
522.9200000000	n/a	n/a	STATUS	n/a	n/a	DI98
522.9720000000	n/a	n/a	STATUS	n/a	n/a	D255
523.0080000000	n/a	n/a	STATUS	n/a	n/a	DI52
523.0600000000	n/a	n/a	STATUS	n/a	n/a	D255
523.3280000000	n/a	n/a	STATUS	n/a	n/a	DI12
523.3800000000	n/a	n/a	STATUS	n/a	n/a	D255
523.3840000000	n/a	n/a	STATUS	n/a	n/a	DIN4
523.4320000000	n/a	n/a	STATUS	n/a	n/a	D255
524.1880000000	n/a	n/a	STATUS	n/a	n/a	DIN5
524.2400000000	n/a	n/a	STATUS	n/a	n/a	D255
524.7280000000	n/a	n/a	STATUS	n/a	n/a	D248
524.7800000000	n/a	n/a	STATUS	n/a	n/a	D255
524.8160000000	n/a	n/a	STATUS	n/a	n/a	DI53
524.8680000000	n/a	n/a	STATUS	n/a	n/a	D255
525.1760000000	n/a	n/a	STATUS	n/a	n/a	DI43
525.2280000000	n/a	n/a	STATUS	n/a	n/a	D255
525.4840000000	n/a	n/a	STATUS	n/a	n/a	DIN5
525.5360000000	n/a	n/a	STATUS	n/a	n/a	D255
525.9960000000	n/a	n/a	STATUS	n/a	n/a	D172
526.0440000000	n/a	n/a	STATUS	n/a	n/a	D255
526.0840000000	n/a	n/a	STATUS	n/a	n/a	DI52
526.1320000000	n/a	n/a	STATUS	n/a	n/a	D255
526.4040000000	n/a	n/a	STATUS	n/a	n/a	DI42
526.4560000000	n/a	n/a	STATUS	n/a	n/a	D255
526.7160000000	n/a	n/a	STATUS	n/a	n/a	DIN5
526.7640000000	n/a	n/a	STATUS	n/a	n/a	D255
527.1240000000	n/a	n/a	STATUS	n/a	n/a	DI81
527.1760000000	n/a	n/a	STATUS	n/a	n/a	D255
527.2120000000	n/a	n/a	STATUS	n/a	n/a	DI53
527.2640000000	n/a	n/a	STATUS	n/a	n/a	D255
527.5080000000	n/a	n/a	STATUS	n/a	n/a	DI43
527.5600000000	n/a	n/a	STATUS	n/a	n/a	D255
527.8200000000	n/a	n/a	STATUS	n/a	n/a	DIN5
527.8680000000	n/a	n/a	STATUS	n/a	n/a	D255
528.2920000000	n/a	n/a	STATUS	n/a	n/a	DI84
528.3440000000	n/a	n/a	STATUS	n/a	n/a	D255
528.3800000000	n/a	n/a	STATUS	n/a	n/a	DI54
528.4320000000	n/a	n/a	STATUS	n/a	n/a	D255
528.6840000000	n/a	n/a	STATUS	n/a	n/a	DI34
528.7320000000	n/a	n/a	STATUS	n/a	n/a	D255
528.9920000000	n/a	n/a	STATUS	n/a	n/a	DIN5
529.0400000000	n/a	n/a	STATUS	n/a	n/a	D255
529.5280000000	n/a	n/a	STATUS	n/a	n/a	DI88
529.5760000000	n/a	n/a	STATUS	n/a	n/a	D255
529.6120000000	n/a	n/a	STATUS	n/a	n/a	DI53
529.6640000000	n/a	n/a	STATUS	n/a	n/a	D255
529.9160000000	n/a	n/a	STATUS	n/a	n/a	DI43
529.9680000000	n/a	n/a	STATUS	n/a	n/a	D255
530.2280000000	n/a	n/a	STATUS	n/a	n/a	DIN5
530.2760000000	n/a	n/a	STATUS	n/a	n/a	D255
530.7680000000	n/a	n/a	STATUS	n/a	n/a	DI79
530.8160000000	n/a	n/a	STATUS	n/a	n/a	D255
530.8520000000	n/a	n/a	STATUS	n/a	n/a	DI53
530.9040000000	n/a	n/a	STATUS	n/a	n/a	D255
531.1280000000	n/a	n/a	STATUS	n/a	n/a	DI43
531.1760000000	n/a	n/a	STATUS	n/a	n/a	D255
531.4360000000	n/a	n/a	STATUS	n/a	n/a	DIN5
531.4880000000	n/a	n/a	STATUS	n/a	n/a	D255
531.9920000000	n/a	n/a	STATUS	n/a	n/a	D181
532.0400000000	n/a	n/a	STATUS	n/a	n/a	D255
532.0800000000	n/a	n/a	STATUS	n/a	n/a	DI53
532.1280000000	n/a	n/a	STATUS	n/a	n/a	D255
532.4120000000	n/a	n/a	STATUS	n/a	n/a	DI43
532.4640000000	n/a	n/a	STATUS	n/a	n/a	D255
532.7240000000	n/a	n/a	STATUS	n/a	n/a	DIN5
532.7720000000	n/a	n/a	STATUS	n/a	n/a	D255
533.2640000000	n/a	n/a	STATUS	n/a	n/a	D171
533.3120000000	n/a	n/a	STATUS	n/a	n/a	D255
533.3520000000	n/a	n/a	STATUS	n/a	n/a	DI51
533.4000000000	n/a	n/a	STATUS	n/a	n/a	D255
533.7160000000	n/a	n/a	STATUS	n/a	n/a	DI31
533.7640000000	n/a	n/a	STATUS	n/a	n/a	D255
534.0240000000	n/a	n/a	STATUS	n/a	n/a	DIN5
534.0760000000	n/a	n/a	STATUS	n/a	n/a	D255
534.3960000000	n/a	n/a	STATUS	n/a	n/a	D120
534.4440000000	n/a	n/a	STATUS	n/a	n/a	D255
534.4840000000	n/a	n/a	STATUS	n/a	n/a	DI52
534.5320000000	n/a	n/a	STATUS	n/a	n/a	D255
534.8600000000	n/a	n/a	STATUS	n/a	n/a	DI42
534.9120000000	n/a	n/a	STATUS	n/a	n/a	D255
535.1720000000	n/a	n/a	STATUS	n/a	n/a	DIN5
535.2200000000	n/a	n/a	STATUS	n/a	n/a	D255
535.5440000000	n/a	n/a	STATUS	n/a	n/a	D254
535.5960000000	n/a	n/a	STATUS	n/a	n/a	D255
535.6320000000	n/a	n/a	STATUS	n/a	n/a	DI54
535.6840000000	n/a	n/a	STATUS	n/a	n/a	D255
536.0120000000	n/a	n/a	STATUS	n/a	n/a	DI34
536.0600000000	n/a	n/a	STATUS	n/a	n/a	D255
536.3200000000	n/a	n/a	STATUS	n/a	n/a	DIN5
536.3680000000	n/a	n/a	STATUS	n/a	n/a	D255
536.8440000000	n/a	n/a	STATUS	n/a	n/a	D188
536.8960000000	n/a	n/a	STATUS	n/a	n/a	D255
536.9320000000	n/a	n/a	STATUS	n/a	n/a	DI51
536.9840000000	n/a	n/a	STATUS	n/a	n/a	D255
537.2360000000	n/a	n/a	STATUS	n/a	n/a	DI31
537.2840000000	n/a	n/a	STATUS	n/a	n/a	D255
537.5440000000	n/a	n/a	STATUS	n/a	n/a	DIN5
537.5920000000	n/a	n/a	STATUS	n/a	n/a	D255
537.9400000000	n/a	n/a	STATUS	n/a	n/a	DI90
537.9880000000	n/a	n/a	STATUS	n/a	n/a	D255
538.0280000000	n/a	n/a	STATUS	n/a	n/a	DI53
538.0760000000	n/a	n/a	STATUS	n/a	n/a	D255
538.3160000000	n/a	n/a	STATUS	n/a	n/a	DI43
538.3640000000	n/a	n/a	STATUS	n/a	n/a	D255
538.6240000000	n/a	n/a	STATUS	n/a	n/a	DIN5
538.6760000000	n/a	n/a	STATUS	n/a	n/a	D255
539.0480000000	n/a	n/a	STATUS	n/a	n/a	DI70
539.1000000000	n/a	n/a	STATUS	n/a	n/a	D255
539.1360000000	n/a	n/a	STATUS	n/a	n/a	DI54
539.1880000000	n/a	n/a	STATUS	n/a	n/a	D255
539.4520000000	n/a	n/a	STATUS	n/a	n/a	DI34
539.5000000000	n/a	n/a	STATUS	n/a	n/a	D255
539.7600000000	n/a	n/a	STATUS	n/a	n/a	DIN5
539.8120000000	n/a	n/a	STATUS	n/a	n/a	D255
540.2600000000	n/a	n/a	STATUS	n/a	n/a	DI74
540.3120000000	n/a	n/a	STATUS	n/a	n/a	D255
540.3480000000	n/a	n/a	STATUS	n/a	n/a	DI51
540.4000000000	n/a	n/a	STATUS	n/a	n/a	D255
540.6080000000	n/a	n/a	STATUS	n/a	n/a	DI21
540.6600000000	n/a	n/a	STATUS	n/a	n/a	D255
540.6640000000	n/a	n/a	STATUS	n/a	n/a	DIN4
540.7120000000	n/a	n/a	STATUS	n/a	n/a	D255
541.4680000000	n/a	n/a	STATUS	n/a	n/a	DIN5
541.5160000000	n/a	n/a	STATUS	n/a	n/a	D255
541.8640000000	n/a	n/a	STATUS	n/a	n/a	D224
541.9120000000	n/a	n/a	STATUS	n/a	n/a	D255
541.9520000000	n/a	n/a	STATUS	n/a	n/a	DI52
542.0000000000	n/a	n/a	STATUS	n/a	n/a	D255
542.3040000000	n/a	n/a	STATUS	n/a	n/a	DI42
542.3560000000	n/a	n/a	STATUS	n/a	n/a	D255
542.6120000000	n/a	n/a	STATUS	n/a	n/a	DIN5
542.6640000000	n/a	n/a	STATUS	n/a	n/a	D255
542.9960000000	n/a	n/a	STATUS	n/a	n/a	D100
543.0480000000	n/a	n/a	STATUS	n/a	n/a	D255
543.0840000000	n/a	n/a	STATUS	n/a	n/a	DI53
543.1360000000	n/a	n/a	STATUS	n/a	n/a	D255
543.3840000000	n/a	n/a	STATUS	n/a	n/a	DI43
543.4360000000	n/a	n/a	STATUS	n/a	n/a	D255
543.6960000000	n/a	n/a	STATUS	n/a	n/a	DIN5
543.7440000000	n/a	n/a	STATUS	n/a	n/a	D255
544.0640000000	n/a	n/a	STATUS	n/a	n/a	D179
544.1120000000	n/a	n/a	STATUS	n/a	n/a	D255
544.1520000000	n/a	n/a	STATUS	n/a	n/a	DI53
544.2040000000	n/a	n/a	STATUS	n/a	n/a	D255
544.4600000000	n/a	n/a	STATUS	n/a	n/a	DI43
544.5120000000	n/a	n/a	STATUS	n/a	n/a	D255
544.7720000000	n/a	n/a	STATUS	n/a	n/a	DIN5
544.8200000000	n/a	n/a	STATUS	n/a	n/a	D255
545.2000000000	n/a	n/a	STATUS	n/a	n/a	DI96
545.2480000000	n/a	n/a	STATUS	n/a	n/a	D255
545.2880000000	n/a	n/a	STATUS	n/a	n/a	DI53
545.3360000000	n/a	n/a	STATUS	n/a	n/a	D255
545.6040000000	n/a	n/a	STATUS	n/a	n/a	DI43
545.6560000000	n/a	n/a	STATUS	n/a	n/a	D255
545.9120000000	n/a	n/a	STATUS	n/a	n/a	DIN5
545.9640000000	n/a	n/a	STATUS	n/a	n/a	D255
546.3920000000	n/a	n/a	STATUS	n/a	n/a	D166
546.4440000000	n/a	n/a	STATUS	n/a	n/a	D255
546.4800000000	n/a	n/a	STATUS	n/a	n/a	DI52
546.5320000000	n/a	n/a	STATUS	n/a	n/a	D255
546.8080000000	n/a	n/a	STATUS	n/a	n/a	DI12
546.8600000000	n/a	n/a	STATUS	n/a	n/a	D255
546.8640000000	n/a	n/a	STATUS	n/a	n/a	DIN4
546.9120000000	n/a	n/a	STATUS	n/a	n/a	D255
547.6680000000	n/a	n/a	STATUS	n/a	n/a	DIN5
547.7200000000	n/a	n/a	STATUS	n/a	n/a	D255
548.0480000000	n/a	n/a	STATUS	n/a	n/a	D196
548.1000000000	n/a	n/a	STATUS	n/a	n/a	D255
548.1360000000	n/a	n/a	STATUS	n/a	n/a	DI54
548.1880000000	n/a	n/a	STATUS	n/a	n/a	D255
548.5000000000	n/a	n/a	STATUS	n/a	n/a	DI34
548.5520000000	n/a	n/a	STATUS	n/a	n/a	D255
548.8080000000	n/a	n/a	STATUS	n/a	n/a	DIN5
548.8600000000	n/a	n/a	STATUS	n/a	n/a	D255
549.3200000000	n/a	n/a	STATUS	n/a	n/a	DI65
549.3680000000	n/a	n/a	STATUS	n/a	n/a	D255
549.4080000000	n/a	n/a	STATUS	n/a	n/a	DI53
549.4560000000	n/a	n/a	STATUS	n/a	n/a	D255
549.7360000000	n/a	n/a	STATUS	n/a	n/a	DI43
549.7880000000	n/a	n/a	STATUS	n/a	n/a	D255
550.0480000000	n/a	n/a	STATUS	n/a	n/a	DIN5
550.0960000000	n/a	n/a	STATUS	n/a	n/a	D255
550.4160000000	n/a	n/a	STATUS	n/a	n/a	D222
550.4680000000	n/a	n/a	STATUS	n/a	n/a	D255
550.5040000000	n/a	n/a	STATUS	n/a	n/a	DI54
550.5520000000	n/a	n/a	STATUS	n/a	n/a	D255
550.8080000000	n/a	n/a	STATUS	n/a	n/a	DI34
550.8600000000	n/a	n/a	STATUS	n/a	n/a	D255
551.1200000000	n/a	n/a	STATUS	n/a	n/a	DIN5
551.1680000000	n/a	n/a	STATUS	n/a	n/a	D255
551.5800000000	n/a	n/a	STATUS	n/a	n/a	D104
551.6280000000	n/a	n/a	STATUS	n/a	n/a	D255
551.6680000000	n/a	n/a	STATUS	n/a	n/a	DI51
551.7160000000	n/a	n/a	STATUS	n/a	n/a	D255
551.9680000000	n/a	n/a	STATUS	n/a	n/a	DI21
552.0200000000	n/a	n/a	STATUS	n/a	n/a	D255
552.0240000000	n/a	n/a	STATUS	n/a	n/a	DIN4
552.0720000000	n/a	n/a	STATUS	n/a	n/a	D255
552.8280000000	n/a	n/a	STATUS	n/a	n/a	DIN5
552.8760000000	n/a	n/a	STATUS	n/a	n/a	D255
553.2720000000	n/a	n/a	STATUS	n/a	n/a	D245
553.3240000000	n/a	n/a	STATUS	n/a	n/a	D255
553.3600000000	n/a	n/a	STATUS	n/a	n/a	DI51
553.4120000000	n/a	n/a	STATUS	n/a	n/a	D255
553.6800000000	n/a	n/a	STATUS	n/a	n/a	DI31
553.7280000000	n/a	n/a	STATUS	n/a	n/a	D255
553.9880000000	n/a	n/a	STATUS	n/a	n/a	DIN5
554.0400000000	n/a	n/a	STATUS	n/a	n/a	D255
554.4040000000	n/a	n/a	STATUS	n/a	n/a	D126
554.4520000000	n/a	n/a	STATUS	n/a	n/a	D255
554.4920000000	n/a	n/a	STATUS	n/a	n/a	DI52
554.5400000000	n/a	n/a	STATUS	n/a	n/a	D255
554.8800000000	n/a	n/a	STATUS	n/a	n/a	DI42
554.9280000000	n/a	n/a	STATUS	n/a	n/a	D255
555.1880000000	n/a	n/a	STATUS	n/a	n/a	DIN5
555.2360000000	n/a	n/a	STATUS	n/a	n/a	D255
555.5960000000	n/a	n/a	STATUS	n/a	n/a	D133
555.6480000000	n/a	n/a	STATUS	n/a	n/a	D255
555.6840000000	n/a	n/a	STATUS	n/a	n/a	DI54
555.7360000000	n/a	n/a	STATUS	n/a	n/a	D255
556.0440000000	n/a	n/a	STATUS	n/a	n/a	DI34
556.0960000000	n/a	n/a	STATUS	n/a	n/a	D255
556.3560000000	n/a	n/a	STATUS	n/a	n/a	DIN5
556.4040000000	n/a	n/a	STATUS	n/a	n/a	D255
556.8080000000	n/a	n/a	STATUS	n/a	n/a	D139
556.8600000000	n/a	n/a	STATUS	n/a	n/a	D255
556.8960000000	n/a	n/a	STATUS	n/a	n/a	DI53
556.9480000000	n/a	n/a	STATUS	n/a	n/a	D255
557.2240000000	n/a	n/a	STATUS	n/a	n/a	DI43
557.2760000000	n/a	n/a	STATUS	n/a	n/a	D255
557.5360000000	n/a	n/a	STATUS	n/a	n/a	DIN5
557.5840000000	n/a	n/a	STATUS	n/a	n/a	D255
558.0200000000	n/a	n/a	STATUS	n/a	n/a	D229
558.0680000000	n/a	n/a	STATUS	n/a	n/a	D255
558.1080000000	n/a	n/a	STATUS	n/a	n/a	DI51
558.1560000000	n/a	n/a	STATUS	n/a	n/a	D255
558.4760000000	n/a	n/a	STATUS	n/a	n/a	DI31
558.5240000000	n/a	n/a	STATUS	n/a	n/a	D255
558.7840000000	n/a	n/a	STATUS	n/a	n/a	DIN5
558.8320000000	n/a	n/a	STATUS	n/a	n/a	D255
559.2880000000	n/a	n/a	STATUS	n/a	n/a	D201
559.3400000000	n/a	n/a	STATUS	n/a	n/a	D255
559.3760000000	n/a	n/a	STATUS	n/a	n/a	DI53
559.4240000000	n/a	n/a	STATUS	n/a	n/a	D255
559.6560000000	n/a	n/a	STATUS	n/a	n/a	DI43
559.7040000000	n/a	n/a	STATUS	n/a	n/a	D255
559.9640000000	n/a	n/a	STATUS	n/a	n/a	DIN5
560.0120000000	n/a	n/a	STATUS	n/a	n/a	D255
560.4320000000	n/a	n/a	STATUS	n/a	n/a	D186
560.4840000000	n/a	n/a	STATUS	n/a	n/a	D255
560.5200000000	n/a	n/a	STATUS	n/a	n/a	DI51
560.5720000000	n/a	n/a	STATUS	n/a	n/a	D255
560.9160000000	n/a	n/a	STATUS	n/a	n/a	DI31
560.9640000000	n/a	n/a	STATUS	n/a	n/a	D255
561.2240000000	n/a	n/a	STATUS	n/a	n/a	DIN5
561.2760000000	n/a	n/a	STATUS	n/a	n/a	D255
561.6240000000	n/a	n/a	STATUS	n/a	n/a	D115
561.6720000000	n/a	n/a	STATUS	n/a	n/a	D255
561.7120000000	n/a	n/a	STATUS	n/a	n/a	DI54
561.7600000000	n/a	n/a	STATUS	n/a	n/a	D255
562.0120000000	n/a	n/a	STATUS	n/a	n/a	DI34
562.0640000000	n/a	n/a	STATUS	n/a	n/a	D255
562.3200000000	n/a	n/a	STATUS	n/a	n/a	DIN5
562.3720000000	n/a	n/a	STATUS	n/a	n/a	D255
562.8480000000	n/a	n/a	STATUS	n/a	n/a	D246
562.8960000000	n/a	n/a	STATUS	n/a	n/a	D255
562.9360000000	n/a	n/a	STATUS	n/a	n/a	DI53
562.9840000000	n/a	n/a	STATUS	n/a	n/a	D255
563.2200000000	n/a	n/a	STATUS	n/a	n/a	DI43
563.2720000000	n/a	n/a	STATUS	n/a	n/a	D255
563.5280000000	n/a	n/a	STATUS	n/a	n/a	DIN5
563.5800000000	n/a	n/a	STATUS	n/a	n/a	D255
563.9400000000	n/a	n/a	STATUS	n/a	n/a	D102
563.9880000000	n/a	n/a	STATUS	n/a	n/a	D255
564.0280000000	n/a	n/a	STATUS	n/a	n/a	DI52
564.0760000000	n/a	n/a	STATUS	n/a	n/a	D255
564.2760000000	n/a	n/a	STATUS	n/a	n/a	DI12
564.3240000000	n/a	n/a	STATUS	n/a	n/a	D255
564.3320000000	n/a	n/a	STATUS	n/a	n/a	DIN4
564.3800000000	n/a	n/a	STATUS	n/a	n/a	D255
565.1360000000	n/a	n/a	STATUS	n/a	n/a	DIN5
565.1840000000	n/a	n/a	STATUS	n/a	n/a	D255
565.6640000000	n/a	n/a	STATUS	n/a	n/a	D231
565.7160000000	n/a	n/a	STATUS	n/a	n/a	D255
565.7520000000	n/a	n/a	STATUS	n/a	n/a	DI54
565.8000000000	n/a	n/a	STATUS	n/a	n/a	D255
566.0840000000	n/a	n/a	STATUS	n/a	n/a	DI34
566.1360000000	n/a	n/a	STATUS	n/a	n/a	D255
566.3920000000	n/a	n/a	STATUS	n/a	n/a	DIN5
566.4440000000	n/a	n/a	STATUS	n/a	n/a	D255
566.9440000000	n/a	n/a	STATUS	n/a	n/a	D247
566.9920000000	n/a	n/a	STATUS	n/a	n/a	D255
567.0320000000	n/a	n/a	STATUS	n/a	n/a	DI54
567.0800000000	n/a	n/a	STATUS	n/a	n/a	D255
567.3800000000	n/a	n/a	STATUS	n/a	n/a	DI34
567.4320000000	n/a	n/a	STATUS	n/a	n/a	D255
567.6880000000	n/a	n/a	STATUS	n/a	n/a	DIN5
567.7400000000	n/a	n/a	STATUS	n/a	n/a	D255
568.1200000000	n/a	n/a	STATUS	n/a	n/a	D158
568.1680000000	n/a	n/a	STATUS	n/a	n/a	D255
568.2080000000	n/a	n/a	STATUS	n/a	n/a	DI52
568.2560000000	n/a	n/a	STATUS	n/a	n/a	D255
568.5560000000	n/a	n/a	STATUS	n/a	n/a	DI42
568.6040000000	n/a	n/a	STATUS	n/a	n/a	D255
568.8640000000	n/a	n/a	STATUS	n/a	n/a	DIN5
568.9120000000	n/a	n/a	STATUS	n/a	n/a	D255
569.3600000000	n/a	n/a	STATUS	n/a	n/a	D153
569.4080000000	n/a	n/a	STATUS	n/a	n/a	D255
569.4480000000	n/a	n/a	STATUS	n/a	n/a	DI54
569.4960000000	n/a	n/a	STATUS	n/a	n/a	D255
569.7360000000	n/a	n/a	STATUS	n/a	n/a	DI34
569.7880000000	n/a	n/a	STATUS	n/a	n/a	D255
570.0480000000	n/a	n/a	STATUS	n/a	n/a	DIN5
570.0960000000	n/a	n/a	STATUS	n/a	n/a	D255
570.4200000000	n/a	n/a	STATUS	n/a	n/a	D142
570.4720000000	n/a	n/a	STATUS	n/a	n/a	D255
570.5080000000	n/a	n/a	STATUS	n/a	n/a	DI52
570.5600000000	n/a	n/a	STATUS	n/a	n/a	D255
571.5920000000	n/a	n/a	STATUS	n/a	n/a	DIN3
571.6440000000	n/a	n/a	STATUS	n/a	n/a	D255
572.3960000000	n/a	n/a	STATUS	n/a	n/a	DIN5
572.4480000000	n/a	n/a	STATUS	n/a	n/a	D255
572.9360000000	n/a	n/a	STATUS	n/a	n/a	D223
572.9880000000	n/a	n/a	STATUS	n/a	n/a	D255
573.0240000000	n/a	n/a	STATUS	n/a	n/a	DI51
573.0760000000	n/a	n/a	STATUS	n/a	n/a	D255
573.3560000000	n/a	n/a	STATUS	n/a	n/a	DI31
573.4080000000	n/a	n/a	STATUS	n/a	n/a	D255
573.6680000000	n/a	n/a	STATUS	n/a	n/a	DIN5
573.7160000000	n/a	n/a	STATUS	n/a	n/a	D255
574.0600000000	n/a	n/a	STATUS	n/a	n/a	D154
574.1120000000	n/a	n/a	STATUS	n/a	n/a	D255
574.1480000000	n/a	n/a	STATUS	n/a	n/a	DI54
574.1960000000	n/a	n/a	STATUS	n/a	n/a	D255
574.4520000000	n/a	n/a	STATUS	n/a	n/a	DI34
574.5040000000	n/a	n/a	STATUS	n/a	n/a	D255
574.7640000000	n/a	n/a	STATUS	n/a	n/a	DIN5
574.8120000000	n/a	n/a	STATUS	n/a	n/a	D255
575.2080000000	n/a	n/a	STATUS	n/a	n/a	D162
575.2600000000	n/a	n/a	STATUS	n/a	n/a	D255
575.2960000000	n/a	n/a	STATUS	n/a	n/a	DI52
575.3480000000	n/a	n/a	STATUS	n/a	n/a	D255
575.6440000000	n/a	n/a	STATUS	n/a	n/a	DI42
575.6960000000	n/a	n/a	STATUS	n/a	n/a	D255
575.9520000000	n/a	n/a	STATUS	n/a	n/a	DIN5
576.0040000000	n/a	n/a	STATUS	n/a	n/a	D255
576.4920000000	n/a	n/a	STATUS	n/a	n/a	DI68
576.5440000000	n/a	n/a	STATUS	n/a	n/a	D255
576.5800000000	n/a	n/a	STATUS	n/a	n/a	DI53
576.6320000000	n/a	n/a	STATUS	n/a	n/a	D255
576.8920000000	n/a	n/a	STATUS	n/a	n/a	DI13
576.9400000000	n/a	n/a	STATUS	n/a	n/a	D255
576.9440000000	n/a	n/a	STATUS	n/a	n/a	DIN4
576.9960000000	n/a	n/a	STATUS	n/a	n/a	D255
577.7480000000	n/a	n/a	STATUS	n/a	n/a	DIN5
577.8000000000	n/a	n/a	STATUS	n/a	n/a	D255
578.3040000000	n/a	n/a	STATUS	n/a	n/a	D169
578.3560000000	n/a	n/a	STATUS	n/a	n/a	D255
578.3920000000	n/a	n/a	STATUS	n/a	n/a	DI52
578.4440000000	n/a	n/a	STATUS	n/a	n/a	D255
578.8080000000	n/a	n/a	STATUS	n/a	n/a	DI42
578.8560000000	n/a	n/a	STATUS	n/a	n/a	D255
579.1160000000	n/a	n/a	STATUS	n/a	n/a	DIN5
579.1680000000	n/a	n/a	STATUS	n/a	n/a	D255
579.5680000000	n/a	n/a	STATUS	n/a	n/a	D145
579.6160000000	n/a	n/a	STATUS	n/a	n/a	D255
579.6520000000	n/a	n/a	STATUS	n/a	n/a	DI53
579.7040000000	n/a	n/a	STATUS	n/a	n/a	D255
579.9560000000	n/a	n/a	STATUS	n/a	n/a	DI43
580.0080000000	n/a	n/a	STATUS	n/a	n/a	D255
580.2680000000	n/a	n/a	STATUS	n/a	n/a	DIN5
580.3160000000	n/a	n/a	STATUS	n/a	n/a	D255
580.7960000000	n/a	n/a	STATUS	n/a	n/a	D189
580.8480000000	n/a	n/a	STATUS	n/a	n/a	D255
580.8840000000	n/a	n/a	STATUS	n/a	n/a	DI51
580.9320000000	n/a	n/a	STATUS	n/a	n/a	D255
581.2280000000	n/a	n/a	STATUS	n/a	n/a	DI31
581.2800000000	n/a	n/a	STATUS	n/a	n/a	D255
581.5360000000	n/a	n/a	STATUS	n/a	n/a	DIN5
581.5880000000	n/a	n/a	STATUS	n/a	n/a	D255
582.0680000000	n/a	n/a	STATUS	n/a	n/a	D134
582.1160000000	n/a	n/a	STATUS	n/a	n/a	D255
582.1560000000	n/a	n/a	STATUS	n/a	n/a	DI54
582.2040000000	n/a	n/a	STATUS	n/a	n/a	D255
582.4600000000	n/a	n/a	STATUS	n/a	n/a	DI34
582.5080000000	n/a	n/a	STATUS	n/a	n/a	D255
582.7680000000	n/a	n/a	STATUS	n/a	n/a	DIN5
582.8160000000	n/a	n/a	STATUS	n/a	n/a	D255
583.1760000000	n/a	n/a	STATUS	n/a	n/a	D146
583.2280000000	n/a	n/a	STATUS	n/a	n/a	D255
583.2640000000	n/a	n/a	STATUS	n/a	n/a	DI51
583.3160000000	n/a	n/a	STATUS	n/a	n/a	D255
583.5680000000	n/a	n/a	STATUS	n/a	n/a	DI21
583.6200000000	n/a	n/a	STATUS	n/a	n/a	D255
583.6240000000	n/a	n/a	STATUS	n/a	n/a	DIN4
583.6720000000	n/a	n/a	STATUS	n/a	n/a	D255
584.4280000000	n/a	n/a	STATUS	n/a	n/a	DIN5
584.4800000000	n/a	n/a	STATUS	n/a	n/a	D255
584.8360000000	n/a	n/a	STATUS	n/a	n/a	DI89
584.8880000000	n/a	n/a	STATUS	n/a	n/a	D255
584.9240000000	n/a	n/a	STATUS	n/a	n/a	DI54
584.9760000000	n/a	n/a	STATUS	n/a	n/a	D255
585.2560000000	n/a	n/a	STATUS	n/a	n/a	DI34
585.3080000000	n/a	n/a	STATUS	n/a	n/a	D255
585.5640000000	n/a	n/a	STATUS	n/a	n/a	DIN5
585.6160000000	n/a	n/a	STATUS	n/a	n/a	D255
586.0720000000	n/a	n/a	STATUS	n/a	n/a	D202
586.1200000000	n/a	n/a	STATUS	n/a	n/a	D255
586.1600000000	n/a	n/a	STATUS	n/a	n/a	DI52
586.2080000000	n/a	n/a	STATUS	n/a	n/a	D255
586.4360000000	n/a	n/a	STATUS	n/a	n/a	DI12
586.4880000000	n/a	n/a	STATUS	n/a	n/a	D255
586.4920000000	n/a	n/a	STATUS	n/a	n/a	DIN4
586.5440000000	n/a	n/a	STATUS	n/a	n/a	D255
587.2960000000	n/a	n/a	STATUS	n/a	n/a	DIN5
587.3480000000	n/a	n/a	STATUS	n/a	n/a	D255
587.6880000000	n/a	n/a	STATUS	n/a	n/a	DI97
587.7360000000	n/a	n/a	STATUS	n/a	n/a	D255
587.7760000000	n/a	n/a	STATUS	n/a	n/a	DI52
587.8240000000	n/a	n/a	STATUS	n/a	n/a	D255
588.2680000000	n/a	n/a	STATUS	n/a	n/a	DI42
588.3200000000	n/a	n/a	STATUS	n/a	n/a	D255
588.5760000000	n/a	n/a	STATUS	n/a	n/a	DIN5
588.6280000000	n/a	n/a	STATUS	n/a	n/a	D255
589.0560000000	n/a	n/a	STATUS	n/a	n/a	D106
589.1080000000	n/a	n/a	STATUS	n/a	n/a	D255
589.1440000000	n/a	n/a	STATUS	n/a	n/a	DI51
589.1960000000	n/a	n/a	STATUS	n/a	n/a	D255
589.4240000000	n/a	n/a	STATUS	n/a	n/a	DI31
589.4760000000	n/a	n/a	STATUS	n/a	n/a	D255
589.7360000000	n/a	n/a	STATUS	n/a	n/a	DIN5
589.7840000000	n/a	n/a	STATUS	n/a	n/a	D255
590.2040000000	n/a	n/a	STATUS	n/a	n/a	D235
590.2560000000	n/a	n/a	STATUS	n/a	n/a	D255
590.2920000000	n/a	n/a	STATUS	n/a	n/a	DI52
590.3400000000	n/a	n/a	STATUS	n/a	n/a	D255
590.6880000000	n/a	n/a	STATUS	n/a	n/a	DI42
590.7400000000	n/a	n/a	STATUS	n/a	n/a	D255
591.0000000000	n/a	n/a	STATUS	n/a	n/a	DIN5
591.0480000000	n/a	n/a	STATUS	n/a	n/a	D255
591.5320000000	n/a	n/a	STATUS	n/a	n/a	D207
591.5840000000	n/a	n/a	STATUS	n/a	n/a	D255
591.6200000000	n/a	n/a	STATUS	n/a	n/a	DI52
591.6720000000	n/a	n/a	STATUS	n/a	n/a	D255
591.9240000000	n/a	n/a	STATUS	n/a	n/a	DI12
591.9760000000	n/a	n/a	STATUS	n/a	n/a	D255
591.9800000000	n/a	n/a	STATUS	n/a	n/a	DIN4
592.0320000000	n/a	n/a	STATUS	n/a	n/a	D255
592.7840000000	n/a	n/a	STATUS	n/a	n/a	DIN5
592.8360000000	n/a	n/a	STATUS	n/a	n/a	D255
593.1720000000	n/a	n/a	STATUS	n/a	n/a	D210
593.2240000000	n/a	n/a	STATUS	n/a	n/a	D255
593.2600000000	n/a	n/a	STATUS	n/a	n/a	DI54
593.3120000000	n/a	n/a	STATUS	n/a	n/a	D255
593.5760000000	n/a	n/a	STATUS	n/a	n/a	DI34
593.6280000000	n/a	n/a	STATUS	n/a	n/a	D255
593.8880000000	n/a	n/a	STATUS	n/a	n/a	DIN5
593.9360000000	n/a	n/a	STATUS	n/a	n/a	D255
594.3520000000	n/a	n/a	STATUS	n/a	n/a	DI86
594.4040000000	n/a	n/a	STATUS	n/a	n/a	D255
594.4400000000	n/a	n/a	STATUS	n/a	n/a	DI51
594.4880000000	n/a	n/a	STATUS	n/a	n/a	D255
594.7360000000	n/a	n/a	STATUS	n/a	n/a	DI21
594.7880000000	n/a	n/a	STATUS	n/a	n/a	D255
594.7920000000	n/a	n/a	STATUS	n/a	n/a	DIN4
594.8400000000	n/a	n/a	STATUS	n/a	n/a	D255
595.5960000000	n/a	n/a	STATUS	n/a	n/a	DIN5
595.6480000000	n/a	n/a	STATUS	n/a	n/a	D255
596.0760000000	n/a	n/a	STATUS	n/a	n/a	D241
596.1280000000	n/a	n/a	STATUS	n/a	n/a	D255
596.1640000000	n/a	n/a	STATUS	n/a	n/a	DI54
596.2120000000	n/a	n/a	STATUS	n/a	n/a	D255
596.2120000000	n/a	n/a	STATUS	n/a	n/a	D247
596.5320000000	n/a	n/a	STATUS	n/a	n/a	DI34
596.5800000000	n/a	n/a	STATUS	n/a	n/a	D255
596.8400000000	n/a	n/a	STATUS	n/a	n/a	DIN5
596.8920000000	n/a	n/a	STATUS	n/a	n/a	D255
597.3600000000	n/a	n/a	STATUS	n/a	n/a	D150
597.4120000000	n/a	n/a	STATUS	n/a	n/a	D255
597.4480000000	n/a	n/a	STATUS	n/a	n/a	DI54
597.5000000000	n/a	n/a	STATUS	n/a	n/a	D255
597.7720000000	n/a	n/a	STATUS	n/a	n/a	DI34
597.8240000000	n/a	n/a	STATUS	n/a	n/a	D255
598.0800000000	n/a	n/a	STATUS	n/a	n/a	DIN5
598.1320000000	n/a	n/a	STATUS	n/a	n/a	D255
598.5360000000	n/a	n/a	STATUS	n/a	n/a	D197
598.5880000000	n/a	n/a	STATUS	n/a	n/a	D255
598.6240000000	n/a	n/a	STATUS	n/a	n/a	DI52
598.6760000000	n/a	n/a	STATUS	n/a	n/a	D255
598.9440000000	n/a	n/a	STATUS	n/a	n/a	DI42
598.9920000000	n/a	n/a	STATUS	n/a	n/a	D255
599.2520000000	n/a	n/a	STATUS	n/a	n/a	DIN5
599.3040000000	n/a	n/a	STATUS	n/a	n/a	D255
599.6320000000	n/a	n/a	STATUS	n/a	n/a	D116
599.6800000000	n/a	n/a	STATUS	n/a	n/a	D255
599.7200000000	n/a	n/a	STATUS	n/a	n/a	DI54
599.7680000000	n/a	n/a	STATUS	n/a	n/a	D255
600.0360000000	n/a	n/a	STATUS	n/a	n/a	DI34
600.0840000000	n/a	n/a	STATUS	n/a	n/a	D255
600.3440000000	n/a	n/a	STATUS	n/a	n/a	DIN5
600.3960000000	n/a	n/a	STATUS	n/a	n/a	D255
600.8840000000	n/a	n/a	STATUS	n/a	n/a	D236
600.9360000000	n/a	n/a	STATUS	n/a	n/a	D255
600.9720000000	n/a	n/a	STATUS	n/a	n/a	DI52
601.0200000000	n/a	n/a	STATUS	n/a	n/a	D255
601.3160000000	n/a	n/a	STATUS	n/a	n/a	DI42
601.3640000000	n/a	n/a	STATUS	n/a	n/a	D255
601.6240000000	n/a	n/a	STATUS	n/a	n/a	DIN5
601.6760000000	n/a	n/a	STATUS	n/a	n/a	D255
602.0400000000	n/a	n/a	STATUS	n/a	n/a	D129
602.0880000000	n/a	n/a	STATUS	n/a	n/a	D255
602.1280000000	n/a	n/a	STATUS	n/a	n/a	DI51
602.1760000000	n/a	n/a	STATUS	n/a	n/a	D255
602.5680000000	n/a	n/a	STATUS	n/a	n/a	DI31
602.6160000000	n/a	n/a	STATUS	n/a	n/a	D255
602.8760000000	n/a	n/a	STATUS	n/a	n/a	DIN5
602.9280000000	n/a	n/a	STATUS	n/a	n/a	D255
603.3840000000	n/a	n/a	STATUS	n/a	n/a	D144
603.4360000000	n/a	n/a	STATUS	n/a	n/a	D255
603.4720000000	n/a	n/a	STATUS	n/a	n/a	DI51
603.5240000000	n/a	n/a	STATUS	n/a	n/a	D255
603.7560000000	n/a	n/a	STATUS	n/a	n/a	DI21
603.8040000000	n/a	n/a	STATUS	n/a	n/a	D255
603.8080000000	n/a	n/a	STATUS	n/a	n/a	DIN4
603.8600000000	n/a	n/a	STATUS	n/a	n/a	D255
604.6160000000	n/a	n/a	STATUS	n/a	n/a	DIN5
604.6640000000	n/a	n/a	STATUS	n/a	n/a	D255
605.1080000000	n/a	n/a	STATUS	n/a	n/a	D118
605.1600000000	n/a	n/a	STATUS	n/a	n/a	D255
605.1960000000	n/a	n/a	STATUS	n/a	n/a	DI54
605.2480000000	n/a	n/a	STATUS	n/a	n/a	D255
605.5120000000	n/a	n/a	STATUS	n/a	n/a	DI34
605.5640000000	n/a	n/a	STATUS	n/a	n/a	D255
605.8200000000	n/a	n/a	STATUS	n/a	n/a	DIN5
605.8720000000	n/a	n/a	STATUS	n/a	n/a	D255
606.3080000000	n/a	n/a	STATUS	n/a	n/a	D228
606.3560000000	n/a	n/a	STATUS	n/a	n/a	D255
606.3920000000	n/a	n/a	STATUS	n/a	n/a	DI51
606.4440000000	n/a	n/a	STATUS	n/a	n/a	D255
606.8040000000	n/a	n/a	STATUS	n/a	n/a	DI31
606.8560000000	n/a	n/a	STATUS	n/a	n/a	D255
607.1160000000	n/a	n/a	STATUS	n/a	n/a	DIN5
607.1640000000	n/a	n/a	STATUS	n/a	n/a	D255
607.6080000000	n/a	n/a	STATUS	n/a	n/a	D105
607.6600000000	n/a	n/a	STATUS	n/a	n/a	D255
607.6960000000	n/a	n/a	STATUS	n/a	n/a	DI51
607.7480000000	n/a	n/a	STATUS	n/a	n/a	D255
608.7760000000	n/a	n/a	STATUS	n/a	n/a	DIN3
608.8280000000	n/a	n/a	STATUS	n/a	n/a	D255
609.5840000000	n/a	n/a	STATUS	n/a	n/a	DIN5
609.6320000000	n/a	n/a	STATUS	n/a	n/a	D255
610.0960000000	n/a	n/a	STATUS	n/a	n/a	D117
610.1480000000	n/a	n/a	STATUS	n/a	n/a	D255
610.1840000000	n/a	n/a	STATUS	n/a	n/a	DI54
610.2320000000	n/a	n/a	STATUS	n/a	n/a	D255
610.4880000000	n/a	n/a	STATUS	n/a	n/a	DI34
610.5360000000	n/a	n/a	STATUS	n/a	n/a	D255
610.7960000000	n/a	n/a	STATUS	n/a	n/a	DIN5
610.8480000000	n/a	n/a	STATUS	n/a	n/a	D255
611.1600000000	n/a	n/a	STATUS	n/a	n/a	D234
611.2120000000	n/a	n/a	STATUS	n/a	n/a	D255
611.2480000000	n/a	n/a	STATUS	n/a	n/a	DI52
611.3000000000	n/a	n/a	STATUS	n/a	n/a	D255
611.6440000000	n/a	n/a	STATUS	n/a	n/a	DI42
611.6920000000	n/a	n/a	STATUS	n/a	n/a	D255
611.9520000000	n/a	n/a	STATUS	n/a	n/a	DIN5
612.0040000000	n/a	n/a	STATUS	n/a	n/a	D255
612.4120000000	n/a	n/a	STATUS	n/a	n/a	DI72
612.4640000000	n/a	n/a	STATUS	n/a	n/a	D255
612.5000000000	n/a	n/a	STATUS	n/a	n/a	DI53
612.5520000000	n/a	n/a	STATUS	n/a	n/a	D255
612.8080000000	n/a	n/a	STATUS	n/a	n/a	DI43
612.8600000000	n/a	n/a	STATUS	n/a	n/a	D255
613.1160000000	n/a	n/a	STATUS	n/a	n/a	DIN5
613.1680000000	n/a	n/a	STATUS	n/a	n/a	D255
613.6720000000	n/a	n/a	STATUS	n/a	n/a	DI87
613.7200000000	n/a	n/a	STATUS	n/a	n/a	D255
613.7600000000	n/a	n/a	STATUS	n/a	n/a	DI53
613.8080000000	n/a	n/a	STATUS	n/a	n/a	D255
614.1000000000	n/a	n/a	STATUS	n/a	n/a	DI43
614.1480000000	n/a	n/a	STATUS	n/a	n/a	D255
614.4080000000	n/a	n/a	STATUS	n/a	n/a	DIN5
614.4600000000	n/a	n/a	STATUS	n/a	n/a	D255
614.7880000000	n/a	n/a	STATUS	n/a	n/a	D167
614.8360000000	n/a	n/a	STATUS	n/a	n/a	D255
614.8760000000	n/a	n/a	STATUS	n/a	n/a	DI53
614.9240000000	n/a	n/a	STATUS	n/a	n/a	D255
615.1760000000	n/a	n/a	STATUS	n/a	n/a	DI43
615.2280000000	n/a	n/a	STATUS	n/a	n/a	D255
615.4840000000	n/a	n/a	STATUS	n/a	n/a	DIN5
615.5360000000	n/a	n/a	STATUS	n/a	n/a	D255
615.9720000000	n/a	n/a	STATUS	n/a	n/a	D191
616.0200000000	n/a	n/a	STATUS	n/a	n/a	D255
616.0600000000	n/a	n/a	STATUS	n/a	n/a	DI52
616.1080000000	n/a	n/a	STATUS	n/a	n/a	D255
616.4480000000	n/a	n/a	STATUS	n/a	n/a	DI42
616.4960000000	n/a	n/a	STATUS	n/a	n/a	D255
616.7560000000	n/a	n/a	STATUS	n/a	n/a	DIN5
616.8080000000	n/a	n/a	STATUS	n/a	n/a	D255
617.1440000000	n/a	n/a	STATUS	n/a	n/a	D219
617.1960000000	n/a	n/a	STATUS	n/a	n/a	D255
617.2320000000	n/a	n/a	STATUS	n/a	n/a	DI53
617.2840000000	n/a	n/a	STATUS	n/a	n/a	D255
617.5600000000	n/a	n/a	STATUS	n/a	n/a	DI43
617.6120000000	n/a	n/a	STATUS	n/a	n/a	D255
617.8720000000	n/a	n/a	STATUS	n/a	n/a	DIN5
617.9200000000	n/a	n/a	STATUS	n/a	n/a	D255
618.2280000000	n/a	n/a	STATUS	n/a	n/a	D182
618.2800000000	n/a	n/a	STATUS	n/a	n/a	D255
618.3160000000	n/a	n/a	STATUS	n/a	n/a	DI52
618.3680000000	n/a	n/a	STATUS	n/a	n/a	D255
618.6880000000	n/a	n/a	STATUS	n/a	n/a	DI42
618.7360000000	n/a	n/a	STATUS	n/a	n/a	D255
618.9960000000	n/a	n/a	STATUS	n/a	n/a	DIN5
619.0480000000	n/a	n/a	STATUS	n/a	n/a	D255
619.4120000000	n/a	n/a	STATUS	n/a	n/a	D187
619.4600000000	n/a	n/a	STATUS	n/a	n/a	D255
619.4960000000	n/a	n/a	STATUS	n/a	n/a	DI54
619.5480000000	n/a	n/a	STATUS	n/a	n/a	D255
619.8320000000	n/a	n/a	STATUS	n/a	n/a	DI24
619.8800000000	n/a	n/a	STATUS	n/a	n/a	D255
619.8840000000	n/a	n/a	STATUS	n/a	n/a	DIN4
619.9360000000	n/a	n/a	STATUS	n/a	n/a	D255
620.6880000000	n/a	n/a	STATUS	n/a	n/a	DIN5
620.7400000000	n/a	n/a	STATUS	n/a	n/a	D255
621.1280000000	n/a	n/a	STATUS	n/a	n/a	D200
621.1800000000	n/a	n/a	STATUS	n/a	n/a	D255
621.2160000000	n/a	n/a	STATUS	n/a	n/a	DI51
621.2680000000	n/a	n/a	STATUS	n/a	n/a	D255
621.6280000000	n/a	n/a	STATUS	n/a	n/a	DI31
621.6800000000	n/a	n/a	STATUS	n/a	n/a	D255
621.9360000000	n/a	n/a	STATUS	n/a	n/a	DIN5
621.9880000000	n/a	n/a	STATUS	n/a	n/a	D255
622.4280000000	n/a	n/a	STATUS	n/a	n/a	D238
622.4760000000	n/a	n/a	STATUS	n/a	n/a	D255
622.5160000000	n/a	n/a	STATUS	n/a	n/a	DI51
622.5640000000	n/a	n/a	STATUS	n/a	n/a	D255
622.9760000000	n/a	n/a	STATUS	n/a	n/a	DI31
623.0240000000	n/a	n/a	STATUS	n/a	n/a	D255
623.2840000000	n/a	n/a	STATUS	n/a	n/a	DIN5
623.3320000000	n/a	n/a	STATUS	n/a	n/a	D255
623.6560000000	n/a	n/a	STATUS	n/a	n/a	DI93
623.7080000000	n/a	n/a	STATUS	n/a	n/a	D255
623.7440000000	n/a	n/a	STATUS	n/a	n/a	DI53
623.7960000000	n/a	n/a	STATUS	n/a	n/a	D255
624.0760000000	n/a	n/a	STATUS	n/a	n/a	DI43
624.1280000000	n/a	n/a	STATUS	n/a	n/a	D255
624.3840000000	n/a	n/a	STATUS	n/a	n/a	DIN5
624.4360000000	n/a	n/a	STATUS	n/a	n/a	D255
624.8600000000	n/a	n/a	STATUS	n/a	n/a	D198
624.9080000000	n/a	n/a	STATUS	n/a	n/a	D255
624.9480000000	n/a	n/a	STATUS	n/a	n/a	DI53
624.9960000000	n/a	n/a	STATUS	n/a	n/a	D255
625.2560000000	n/a	n/a	STATUS	n/a	n/a	DI43
625.3080000000	n/a	n/a	STATUS	n/a	n/a	D255
625.5640000000	n/a	n/a	STATUS	n/a	n/a	DIN5
625.6160000000	n/a	n/a	STATUS	n/a	n/a	D255
626.0240000000	n/a	n/a	STATUS	n/a	n/a	D253
626.0760000000	n/a	n/a	STATUS	n/a	n/a	D255
626.1120000000	n/a	n/a	STATUS	n/a	n/a	DI54
626.1640000000	n/a	n/a	STATUS	n/a	n/a	D255
626.4080000000	n/a	n/a	STATUS	n/a	n/a	DI34
626.4600000000	n/a	n/a	STATUS	n/a	n/a	D255
645.7040000000	n/a	n/a	STATUS	n/a	n/a	DIN5
645.7560000000	n/a	n/a	STATUS	n/a	n/a	D255
646.2200000000	n/a	n/a	STATUS	n/a	n/a	D150
646.2680000000	n/a	n/a	STATUS	n/a	n/a	D255
646.3040000000	n/a	n/a	STATUS	n/a	n/a	DI52
646.3560000000	n/a	n/a	STATUS	n/a	n/a	D255
646.6760000000	n/a	n/a	STATUS	n/a	n/a	DI42
646.7280000000	n/a	n/a	STATUS	n/a	n/a	D255
646.9840000000	n/a	n/a	STATUS	n/a	n/a	DIN5
647.0360000000	n/a	n/a	STATUS	n/a	n/a	D255
647.4800000000	n/a	n/a	STATUS	n/a	n/a	D133
647.5320000000	n/a	n/a	STATUS	n/a	n/a	D255
647.5680000000	n/a	n/a	STATUS	n/a	n/a	DI51
647.6200000000	n/a	n/a	STATUS	n/a	n/a	D255
647.8880000000	n/a	n/a	STATUS	n/a	n/a	DI31
647.9400000000	n/a	n/a	STATUS	n/a	n/a	D255
648.2000000000	n/a	n/a	STATUS	n/a	n/a	DIN5
648.2480000000	n/a	n/a	STATUS	n/a	n/a	D255
648.7320000000	n/a	n/a	STATUS	n/a	n/a	D112
648.7840000000	n/a	n/a	STATUS	n/a	n/a	D255
648.8200000000	n/a	n/a	STATUS	n/a	n/a	DI52
648.8720000000	n/a	n/a	STATUS	n/a	n/a	D255
649.1720000000	n/a	n/a	STATUS	n/a	n/a	DI42
649.2240000000	n/a	n/a	STATUS	n/a	n/a	D255
649.4800000000	n/a	n/a	STATUS	n/a	n/a	DIN5
649.5320000000	n/a	n/a	STATUS	n/a	n/a	D255
649.9000000000	n/a	n/a	STATUS	n/a	n/a	D216
649.9520000000	n/a	n/a	STATUS	n/a	n/a	D255
649.9880000000	n/a	n/a	STATUS	n/a	n/a	DI54
650.0400000000	n/a	n/a	STATUS	n/a	n/a	D255
650.3040000000	n/a	n/a	STATUS	n/a	n/a	DI34
650.3520000000	n/a	n/a	STATUS	n/a	n/a	D255
650.6120000000	n/a	n/a	STATUS	n/a	n/a	DIN5
650.6640000000	n/a	n/a	STATUS	n/a	n/a	D255
651.1120000000	n/a	n/a	STATUS	n/a	n/a	D245
651.1640000000	n/a	n/a	STATUS	n/a	n/a	D255
651.2000000000	n/a	n/a	STATUS	n/a	n/a	DI53
651.2480000000	n/a	n/a	STATUS	n/a	n/a	D255
651.4920000000	n/a	n/a	STATUS	n/a	n/a	DI43
651.5440000000	n/a	n/a	STATUS	n/a	n/a	D255
651.8040000000	n/a	n/a	STATUS	n/a	n/a	DIN5
651.8520000000	n/a	n/a	STATUS	n/a	n/a	D255
652.2680000000	n/a	n/a	STATUS	n/a	n/a	D226
652.3160000000	n/a	n/a	STATUS	n/a	n/a	D255
652.3560000000	n/a	n/a	STATUS	n/a	n/a	DI53
652.4040000000	n/a	n/a	STATUS	n/a	n/a	D255
652.6600000000	n/a	n/a	STATUS	n/a	n/a	DI43
652.7120000000	n/a	n/a	STATUS	n/a	n/a	D255
652.9720000000	n/a	n/a	STATUS	n/a	n/a	DIN5
653.0200000000	n/a	n/a	STATUS	n/a	n/a	D255
653.4000000000	n/a	n/a	STATUS	n/a	n/a	D196
653.4520000000	n/a	n/a	STATUS	n/a	n/a	D255
653.4880000000	n/a	n/a	STATUS	n/a	n/a	DI54
653.5400000000	n/a	n/a	STATUS	n/a	n/a	D255
653.7800000000	n/a	n/a	STATUS	n/a	n/a	DI34
653.8320000000	n/a	n/a	STATUS	n/a	n/a	D255
654.0880000000	n/a	n/a	STATUS	n/a	n/a	DIN5
654.1400000000	n/a	n/a	STATUS	n/a	n/a	D255
654.6320000000	n/a	n/a	STATUS	n/a	n/a	D139
654.6840000000	n/a	n/a	STATUS	n/a	n/a	D255
654.7200000000	n/a	n/a	STATUS	n/a	n/a	DI54
654.7720000000	n/a	n/a	STATUS	n/a	n/a	D255
654.9880000000	n/a	n/a	STATUS	n/a	n/a	DI34
655.0360000000	n/a	n/a	STATUS	n/a	n/a	D255
655.2960000000	n/a	n/a	STATUS	n/a	n/a	DIN5
655.3480000000	n/a	n/a	STATUS	n/a	n/a	D255
655.8000000000	n/a	n/a	STATUS	n/a	n/a	D175
655.8520000000	n/a	n/a	STATUS	n/a	n/a	D255
655.8880000000	n/a	n/a	STATUS	n/a	n/a	DI53
655.9360000000	n/a	n/a	STATUS	n/a	n/a	D255
656.1680000000	n/a	n/a	STATUS	n/a	n/a	DI43
656.2200000000	n/a	n/a	STATUS	n/a	n/a	D255
656.4800000000	n/a	n/a	STATUS	n/a	n/a	DIN5
656.5280000000	n/a	n/a	STATUS	n/a	n/a	D255
656.8400000000	n/a	n/a	STATUS	n/a	n/a	D253
656.8880000000	n/a	n/a	STATUS	n/a	n/a	D255
656.9240000000	n/a	n/a	STATUS	n/a	n/a	DI51
656.9760000000	n/a	n/a	STATUS	n/a	n/a	D255
657.2600000000	n/a	n/a	STATUS	n/a	n/a	DI31
657.3120000000	n/a	n/a	STATUS	n/a	n/a	D255
657.5680000000	n/a	n/a	STATUS	n/a	n/a	DIN5
657.6200000000	n/a	n/a	STATUS	n/a	n/a	D255
657.9840000000	n/a	n/a	STATUS	n/a	n/a	D165
658.0360000000	n/a	n/a	STATUS	n/a	n/a	D255
658.0720000000	n/a	n/a	STATUS	n/a	n/a	DI53
658.1240000000	n/a	n/a	STATUS	n/a	n/a	D255
658.3800000000	n/a	n/a	STATUS	n/a	n/a	DI43
658.4320000000	n/a	n/a	STATUS	n/a	n/a	D255
658.6880000000	n/a	n/a	STATUS	n/a	n/a	DIN5
658.7400000000	n/a	n/a	STATUS	n/a	n/a	D255
659.0840000000	n/a	n/a	STATUS	n/a	n/a	D206
659.1360000000	n/a	n/a	STATUS	n/a	n/a	D255
659.1720000000	n/a	n/a	STATUS	n/a	n/a	DI53
659.2240000000	n/a	n/a	STATUS	n/a	n/a	D255
659.4640000000	n/a	n/a	STATUS	n/a	n/a	DI43
659.5120000000	n/a	n/a	STATUS	n/a	n/a	D255
659.7720000000	n/a	n/a	STATUS	n/a	n/a	DIN5
659.8240000000	n/a	n/a	STATUS	n/a	n/a	D255
660.1680000000	n/a	n/a	STATUS	n/a	n/a	D248
660.2160000000	n/a	n/a	STATUS	n/a	n/a	D255
660.2560000000	n/a	n/a	STATUS	n/a	n/a	DI54
660.3040000000	n/a	n/a	STATUS	n/a	n/a	D255
660.5800000000	n/a	n/a	STATUS	n/a	n/a	DI24
660.6320000000	n/a	n/a	STATUS	n/a	n/a	D255
660.6360000000	n/a	n/a	STATUS	n/a	n/a	DIN4
660.6840000000	n/a	n/a	STATUS	n/a	n/a	D255
661.4400000000	n/a	n/a	STATUS	n/a	n/a	DIN5
661.4920000000	n/a	n/a	STATUS	n/a	n/a	D255
661.8040000000	n/a	n/a	STATUS	n/a	n/a	D229
661.8560000000	n/a	n/a	STATUS	n/a	n/a	D255
661.8920000000	n/a	n/a	STATUS	n/a	n/a	DI51
661.9440000000	n/a	n/a	STATUS	n/a	n/a	D255
662.4040000000	n/a	n/a	STATUS	n/a	n/a	DI31
662.4560000000	n/a	n/a	STATUS	n/a	n/a	D255
662.7160000000	n/a	n/a	STATUS	n/a	n/a	DIN5
662.7640000000	n/a	n/a	STATUS	n/a	n/a	D255
663.1240000000	n/a	n/a	STATUS	n/a	n/a	DI72
663.1760000000	n/a	n/a	STATUS	n/a	n/a	D255
663.2120000000	n/a	n/a	STATUS	n/a	n/a	DI54
663.2600000000	n/a	n/a	STATUS	n/a	n/a	D255
663.5440000000	n/a	n/a	STATUS	n/a	n/a	DI34
663.5920000000	n/a	n/a	STATUS	n/a	n/a	D255
663.8520000000	n/a	n/a	STATUS	n/a	n/a	DIN5
663.9000000000	n/a	n/a	STATUS	n/a	n/a	D255
664.3160000000	n/a	n/a	STATUS	n/a	n/a	D140
664.3640000000	n/a	n/a	STATUS	n/a	n/a	D255
664.4000000000	n/a	n/a	STATUS	n/a	n/a	DI51
664.4520000000	n/a	n/a	STATUS	n/a	n/a	D255
664.9200000000	n/a	n/a	STATUS	n/a	n/a	DI31
664.9720000000	n/a	n/a	STATUS	n/a	n/a	D255
665.2280000000	n/a	n/a	STATUS	n/a	n/a	DIN5
665.2800000000	n/a	n/a	STATUS	n/a	n/a	D255
665.7800000000	n/a	n/a	STATUS	n/a	n/a	D149
665.8280000000	n/a	n/a	STATUS	n/a	n/a	D255
665.8680000000	n/a	n/a	STATUS	n/a	n/a	DI53
665.9200000000	n/a	n/a	STATUS	n/a	n/a	D255
666.1840000000	n/a	n/a	STATUS	n/a	n/a	DI43
666.2360000000	n/a	n/a	STATUS	n/a	n/a	D255
666.4960000000	n/a	n/a	STATUS	n/a	n/a	DIN5
666.5440000000	n/a	n/a	STATUS	n/a	n/a	D255
666.9280000000	n/a	n/a	STATUS	n/a	n/a	D228
666.9800000000	n/a	n/a	STATUS	n/a	n/a	D255
667.0160000000	n/a	n/a	STATUS	n/a	n/a	DI52
667.0680000000	n/a	n/a	STATUS	n/a	n/a	D255
667.3120000000	n/a	n/a	STATUS	n/a	n/a	DI12
667.3600000000	n/a	n/a	STATUS	n/a	n/a	D255
667.3640000000	n/a	n/a	STATUS	n/a	n/a	DIN4
667.4160000000	n/a	n/a	STATUS	n/a	n/a	D255
668.1680000000	n/a	n/a	STATUS	n/a	n/a	DIN5
668.2200000000	n/a	n/a	STATUS	n/a	n/a	D255
668.6760000000	n/a	n/a	STATUS	n/a	n/a	DI69
668.7240000000	n/a	n/a	STATUS	n/a	n/a	D255
668.7640000000	n/a	n/a	STATUS	n/a	n/a	DI51
668.8120000000	n/a	n/a	STATUS	n/a	n/a	D255
669.1000000000	n/a	n/a	STATUS	n/a	n/a	DI31
669.1480000000	n/a	n/a	STATUS	n/a	n/a	D255
669.4080000000	n/a	n/a	STATUS	n/a	n/a	DIN5
669.4560000000	n/a	n/a	STATUS	n/a	n/a	D255
669.8160000000	n/a	n/a	STATUS	n/a	n/a	D171
669.8680000000	n/a	n/a	STATUS	n/a	n/a	D255
669.9040000000	n/a	n/a	STATUS	n/a	n/a	DI51
669.9520000000	n/a	n/a	STATUS	n/a	n/a	D255
670.2520000000	n/a	n/a	STATUS	n/a	n/a	DI31
670.3000000000	n/a	n/a	STATUS	n/a	n/a	D255
670.5600000000	n/a	n/a	STATUS	n/a	n/a	DIN5
670.6120000000	n/a	n/a	STATUS	n/a	n/a	D255
671.1080000000	n/a	n/a	STATUS	n/a	n/a	D241
671.1600000000	n/a	n/a	STATUS	n/a	n/a	D255
671.2000000000	n/a	n/a	STATUS	n/a	n/a	DI52
671.2480000000	n/a	n/a	STATUS	n/a	n/a	D255
671.5640000000	n/a	n/a	STATUS	n/a	n/a	DI12
671.6120000000	n/a	n/a	STATUS	n/a	n/a	D255
671.6200000000	n/a	n/a	STATUS	n/a	n/a	DIN4
671.6680000000	n/a	n/a	STATUS	n/a	n/a	D255
672.4240000000	n/a	n/a	STATUS	n/a	n/a	DIN5
672.4720000000	n/a	n/a	STATUS	n/a	n/a	D255
672.7760000000	n/a	n/a	STATUS	n/a	n/a	DI76
672.8280000000	n/a	n/a	STATUS	n/a	n/a	D255
672.8640000000	n/a	n/a	STATUS	n/a	n/a	DI52
672.9160000000	n/a	n/a	STATUS	n/a	n/a	D255
673.1760000000	n/a	n/a	STATUS	n/a	n/a	DI12
673.2280000000	n/a	n/a	STATUS	n/a	n/a	D255
673.2320000000	n/a	n/a	STATUS	n/a	n/a	DIN4
673.2840000000	n/a	n/a	STATUS	n/a	n/a	D255
674.0360000000	n/a	n/a	STATUS	n/a	n/a	DIN5
674.0880000000	n/a	n/a	STATUS	n/a	n/a	D255
674.5440000000	n/a	n/a	STATUS	n/a	n/a	D213
674.5920000000	n/a	n/a	STATUS	n/a	n/a	D255
674.6280000000	n/a	n/a	STATUS	n/a	n/a	DI54
674.6800000000	n/a	n/a	STATUS	n/a	n/a	D255
675.0160000000	n/a	n/a	STATUS	n/a	n/a	DI34
675.0680000000	n/a	n/a	STATUS	n/a	n/a	D255
675.3240000000	n/a	n/a	STATUS	n/a	n/a	DIN5
675.3760000000	n/a	n/a	STATUS	n/a	n/a	D255
675.7600000000	n/a	n/a	STATUS	n/a	n/a	D124
675.8080000000	n/a	n/a	STATUS	n/a	n/a	D255
675.8480000000	n/a	n/a	STATUS	n/a	n/a	DI51
675.9000000000	n/a	n/a	STATUS	n/a	n/a	D255
676.2280000000	n/a	n/a	STATUS	n/a	n/a	DI31
676.2800000000	n/a	n/a	STATUS	n/a	n/a	D255
676.5360000000	n/a	n/a	STATUS	n/a	n/a	DIN5
676.5880000000	n/a	n/a	STATUS	n/a	n/a	D255
676.9840000000	n/a	n/a	STATUS	n/a	n/a	DI93
677.0320000000	n/a	n/a	STATUS	n/a	n/a	D255
677.0720000000	n/a	n/a	STATUS	n/a	n/a	DI53
677.1200000000	n/a	n/a	STATUS	n/a	n/a	D255
677.4040000000	n/a	n/a	STATUS	n/a	n/a	DI43
677.4520000000	n/a	n/a	STATUS	n/a	n/a	D255
677.7120000000	n/a	n/a	STATUS	n/a	n/a	DIN5
677.7640000000	n/a	n/a	STATUS	n/a	n/a	D255
678.1920000000	n/a	n/a	STATUS	n/a	n/a	DI81
678.2440000000	n/a	n/a	STATUS	n/a	n/a	D255
678.2800000000	n/a	n/a	STATUS	n/a	n/a	DI54
678.3320000000	n/a	n/a	STATUS	n/a	n/a	D255
678.5760000000	n/a	n/a	STATUS	n/a	n/a	DI34
678.6280000000	n/a	n/a	STATUS	n/a	n/a	D255
678.8840000000	n/a	n/a	STATUS	n/a	n/a	DIN5
678.9360000000	n/a	n/a	STATUS	n/a	n/a	D255
679.2600000000	n/a	n/a	STATUS	n/a	n/a	D169
679.3120000000	n/a	n/a	STATUS	n/a	n/a	D255
679.3480000000	n/a	n/a	STATUS	n/a	n/a	DI52
679.3960000000	n/a	n/a	STATUS	n/a	n/a	D255
679.8320000000	n/a	n/a	STATUS	n/a	n/a	DI42
679.8800000000	n/a	n/a	STATUS	n/a	n/a	D255
680.1400000000	n/a	n/a	STATUS	n/a	n/a	DIN5
680.1920000000	n/a	n/a	STATUS	n/a	n/a	D255
680.6080000000	n/a	n/a	STATUS	n/a	n/a	DI80
680.6600000000	n/a	n/a	STATUS	n/a	n/a	D255
680.6960000000	n/a	n/a	STATUS	n/a	n/a	DI52
680.7480000000	n/a	n/a	STATUS	n/a	n/a	D255
680.9880000000	n/a	n/a	STATUS	n/a	n/a	DI12
681.0400000000	n/a	n/a	STATUS	n/a	n/a	D255
681.0440000000	n/a	n/a	STATUS	n/a	n/a	DIN4
681.0920000000	n/a	n/a	STATUS	n/a	n/a	D255
681.8480000000	n/a	n/a	STATUS	n/a	n/a	DIN5
681.8960000000	n/a	n/a	STATUS	n/a	n/a	D255
682.4000000000	n/a	n/a	STATUS	n/a	n/a	D114
682.4520000000	n/a	n/a	STATUS	n/a	n/a	D255
682.4880000000	n/a	n/a	STATUS	n/a	n/a	DI51
682.5400000000	n/a	n/a	STATUS	n/a	n/a	D255
682.9120000000	n/a	n/a	STATUS	n/a	n/a	DI31
682.9640000000	n/a	n/a	STATUS	n/a	n/a	D255
683.2200000000	n/a	n/a	STATUS	n/a	n/a	DIN5
683.2720000000	n/a	n/a	STATUS	n/a	n/a	D255
683.7560000000	n/a	n/a	STATUS	n/a	n/a	D222
683.8080000000	n/a	n/a	STATUS	n/a	n/a	D255
683.8440000000	n/a	n/a	STATUS	n/a	n/a	DI52
683.8960000000	n/a	n/a	STATUS	n/a	n/a	D255
684.2440000000	n/a	n/a	STATUS	n/a	n/a	DI42
684.2960000000	n/a	n/a	STATUS	n/a	n/a	D255
684.5520000000	n/a	n/a	STATUS	n/a	n/a	DIN5
684.6040000000	n/a	n/a	STATUS	n/a	n/a	D255
684.9520000000	n/a	n/a	STATUS	n/a	n/a	D121
685.0040000000	n/a	n/a	STATUS	n/a	n/a	D255
685.0400000000	n/a	n/a	STATUS	n/a	n/a	DI51
685.0920000000	n/a	n/a	STATUS	n/a	n/a	D255
685.3840000000	n/a	n/a	STATUS	n/a	n/a	DI31
685.4360000000	n/a	n/a	STATUS	n/a	n/a	D255
685.6960000000	n/a	n/a	STATUS	n/a	n/a	DIN5
685.7440000000	n/a	n/a	STATUS	n/a	n/a	D255
686.0960000000	n/a	n/a	STATUS	n/a	n/a	D198
686.1440000000	n/a	n/a	STATUS	n/a	n/a	D255
686.1800000000	n/a	n/a	STATUS	n/a	n/a	DI53
686.2320000000	n/a	n/a	STATUS	n/a	n/a	D255
686.4760000000	n/a	n/a	STATUS	n/a	n/a	DI43
686.5280000000	n/a	n/a	STATUS	n/a	n/a	D255
686.7880000000	n/a	n/a	STATUS	n/a	n/a	DIN5
686.8360000000	n/a	n/a	STATUS	n/a	n/a	D255
687.3240000000	n/a	n/a	STATUS	n/a	n/a	DI95
687.3760000000	n/a	n/a	STATUS	n/a	n/a	D255
687.4120000000	n/a	n/a	STATUS	n/a	n/a	DI52
687.4640000000	n/a	n/a	STATUS	n/a	n/a	D255
687.8000000000	n/a	n/a	STATUS	n/a	n/a	DI42
687.8520000000	n/a	n/a	STATUS	n/a	n/a	D255
688.1080000000	n/a	n/a	STATUS	n/a	n/a	DIN5
688.1600000000	n/a	n/a	STATUS	n/a	n/a	D255
688.5200000000	n/a	n/a	STATUS	n/a	n/a	D102
688.5680000000	n/a	n/a	STATUS	n/a	n/a	D255
688.6080000000	n/a	n/a	STATUS	n/a	n/a	DI51
688.6560000000	n/a	n/a	STATUS	n/a	n/a	D255
688.9120000000	n/a	n/a	STATUS	n/a	n/a	DI31
688.9640000000	n/a	n/a	STATUS	n/a	n/a	D255
689.2200000000	n/a	n/a	STATUS	n/a	n/a	DIN5
689.2720000000	n/a	n/a	STATUS	n/a	n/a	D255
689.6520000000	n/a	n/a	STATUS	n/a	n/a	D118
689.7000000000	n/a	n/a	STATUS	n/a	n/a	D255
689.7400000000	n/a	n/a	STATUS	n/a	n/a	DI51
689.7880000000	n/a	n/a	STATUS	n/a	n/a	D255
690.1480000000	n/a	n/a	STATUS	n/a	n/a	DI31
690.1960000000	n/a	n/a	STATUS	n/a	n/a	D255
690.4560000000	n/a	n/a	STATUS	n/a	n/a	DIN5
690.5080000000	n/a	n/a	STATUS	n/a	n/a	D255
690.8960000000	n/a	n/a	STATUS	n/a	n/a	D101
690.9480000000	n/a	n/a	STATUS	n/a	n/a	D255
690.9840000000	n/a	n/a	STATUS	n/a	n/a	DI53
691.0320000000	n/a	n/a	STATUS	n/a	n/a	D255
691.2640000000	n/a	n/a	STATUS	n/a	n/a	DI43
691.3160000000	n/a	n/a	STATUS	n/a	n/a	D255
691.5760000000	n/a	n/a	STATUS	n/a	n/a	DIN5
691.6240000000	n/a	n/a	STATUS	n/a	n/a	D255
691.9640000000	n/a	n/a	STATUS	n/a	n/a	D130
692.0160000000	n/a	n/a	STATUS	n/a	n/a	D255
692.0520000000	n/a	n/a	STATUS	n/a	n/a	DI51
692.1040000000	n/a	n/a	STATUS	n/a	n/a	D255
692.4120000000	n/a	n/a	STATUS	n/a	n/a	DI31
692.4640000000	n/a	n/a	STATUS	n/a	n/a	D255
692.7240000000	n/a	n/a	STATUS	n/a	n/a	DIN5
692.7720000000	n/a	n/a	STATUS	n/a	n/a	D255
693.1200000000	n/a	n/a	STATUS	n/a	n/a	DI74
693.1720000000	n/a	n/a	STATUS	n/a	n/a	D255
693.2080000000	n/a	n/a	STATUS	n/a	n/a	DI51
693.2600000000	n/a	n/a	STATUS	n/a	n/a	D255
693.5960000000	n/a	n/a	STATUS	n/a	n/a	DI31
693.6440000000	n/a	n/a	STATUS	n/a	n/a	D255
693.9040000000	n/a	n/a	STATUS	n/a	n/a	DIN5
693.9520000000	n/a	n/a	STATUS	n/a	n/a	D255
694.3240000000	n/a	n/a	STATUS	n/a	n/a	D135
694.3720000000	n/a	n/a	STATUS	n/a	n/a	D255
694.4120000000	n/a	n/a	STATUS	n/a	n/a	DI52
694.4600000000	n/a	n/a	STATUS	n/a	n/a	D255
694.8000000000	n/a	n/a	STATUS	n/a	n/a	DI42
694.8480000000	n/a	n/a	STATUS	n/a	n/a	D255
695.1080000000	n/a	n/a	STATUS	n/a	n/a	DIN5
695.1600000000	n/a	n/a	STATUS	n/a	n/a	D255
695.4840000000	n/a	n/a	STATUS	n/a	n/a	D137
695.5320000000	n/a	n/a	STATUS	n/a	n/a	D255
695.5680000000	n/a	n/a	STATUS	n/a	n/a	DI52
695.6200000000	n/a	n/a	STATUS	n/a	n/a	D255
695.8320000000	n/a	n/a	STATUS	n/a	n/a	DI12
695.8800000000	n/a	n/a	STATUS	n/a	n/a	D255
695.8880000000	n/a	n/a	STATUS	n/a	n/a	DIN4
695.9360000000	n/a	n/a	STATUS	n/a	n/a	D255
696.6920000000	n/a	n/a	STATUS	n/a	n/a	DIN5
696.7400000000	n/a	n/a	STATUS	n/a	n/a	D255
697.0760000000	n/a	n/a	STATUS	n/a	n/a	D167
697.1240000000	n/a	n/a	STATUS	n/a	n/a	D255
697.1640000000	n/a	n/a	STATUS	n/a	n/a	DI52
697.2120000000	n/a	n/a	STATUS	n/a	n/a	D255
697.4800000000	n/a	n/a	STATUS	n/a	n/a	DI12
697.5320000000	n/a	n/a	STATUS	n/a	n/a	D255
697.5360000000	n/a	n/a	STATUS	n/a	n/a	DIN4
697.5840000000	n/a	n/a	STATUS	n/a	n/a	D255
698.3400000000	n/a	n/a	STATUS	n/a	n/a	DIN5
698.3880000000	n/a	n/a	STATUS	n/a	n/a	D255
698.8640000000	n/a	n/a	STATUS	n/a	n/a	D158
698.9160000000	n/a	n/a	STATUS	n/a	n/a	D255
698.9520000000	n/a	n/a	STATUS	n/a	n/a	DI54
699.0040000000	n/a	n/a	STATUS	n/a	n/a	D255
699.3040000000	n/a	n/a	STATUS	n/a	n/a	DI34
699.3520000000	n/a	n/a	STATUS	n/a	n/a	D255
699.6120000000	n/a	n/a	STATUS	n/a	n/a	DIN5
699.6600000000	n/a	n/a	STATUS	n/a	n/a	D255
700.1560000000	n/a	n/a	STATUS	n/a	n/a	D179
700.2080000000	n/a	n/a	STATUS	n/a	n/a	D255
700.2440000000	n/a	n/a	STATUS	n/a	n/a	DI54
700.2960000000	n/a	n/a	STATUS	n/a	n/a	D255
700.5800000000	n/a	n/a	STATUS	n/a	n/a	DI34
700.6280000000	n/a	n/a	STATUS	n/a	n/a	D255
700.8880000000	n/a	n/a	STATUS	n/a	n/a	DIN5
700.9400000000	n/a	n/a	STATUS	n/a	n/a	D255
701.2560000000	n/a	n/a	STATUS	n/a	n/a	D223
701.3080000000	n/a	n/a	STATUS	n/a	n/a	D255
701.3440000000	n/a	n/a	STATUS	n/a	n/a	DI51
701.3960000000	n/a	n/a	STATUS	n/a	n/a	D255
701.6520000000	n/a	n/a	STATUS	n/a	n/a	DI21
701.7040000000	n/a	n/a	STATUS	n/a	n/a	D255
701.7080000000	n/a	n/a	STATUS	n/a	n/a	DIN4
701.7600000000	n/a	n/a	STATUS	n/a	n/a	D255
702.5120000000	n/a	n/a	STATUS	n/a	n/a	DIN5
702.5640000000	n/a	n/a	STATUS	n/a	n/a	D255
703.0320000000	n/a	n/a	STATUS	n/a	n/a	DI86
703.0840000000	n/a	n/a	STATUS	n/a	n/a	D255
703.1200000000	n/a	n/a	STATUS	n/a	n/a	DI52
703.1720000000	n/a	n/a	STATUS	n/a	n/a	D255
703.4680000000	n/a	n/a	STATUS	n/a	n/a	DI42
703.5200000000	n/a	n/a	STATUS	n/a	n/a	D255
703.7760000000	n/a	n/a	STATUS	n/a	n/a	DIN5
703.8280000000	n/a	n/a	STATUS	n/a	n/a	D255
704.1920000000	n/a	n/a	STATUS	n/a	n/a	D244
704.2440000000	n/a	n/a	STATUS	n/a	n/a	D255
704.2800000000	n/a	n/a	STATUS	n/a	n/a	DI51
704.3320000000	n/a	n/a	STATUS	n/a	n/a	D255
704.6560000000	n/a	n/a	STATUS	n/a	n/a	DI31
704.7040000000	n/a	n/a	STATUS	n/a	n/a	D255
704.9640000000	n/a	n/a	STATUS	n/a	n/a	DIN5
705.0160000000	n/a	n/a	STATUS	n/a	n/a	D255
705.4800000000	n/a	n/a	STATUS	n/a	n/a	DI87
705.5280000000	n/a	n/a	STATUS	n/a	n/a	D255
705.5680000000	n/a	n/a	STATUS	n/a	n/a	DI54
705.6160000000	n/a	n/a	STATUS	n/a	n/a	D255
705.8840000000	n/a	n/a	STATUS	n/a	n/a	DI34
705.9320000000	n/a	n/a	STATUS	n/a	n/a	D255
706.1920000000	n/a	n/a	STATUS	n/a	n/a	DIN5
706.2440000000	n/a	n/a	STATUS	n/a	n/a	D255
706.5520000000	n/a	n/a	STATUS	n/a	n/a	D162
706.6000000000	n/a	n/a	STATUS	n/a	n/a	D227
706.6040000000	n/a	n/a	STATUS	n/a	n/a	D255
706.6400000000	n/a	n/a	STATUS	n/a	n/a	DI52
706.6880000000	n/a	n/a	STATUS	n/a	n/a	D255
707.0280000000	n/a	n/a	STATUS	n/a	n/a	DI42
707.0800000000	n/a	n/a	STATUS	n/a	n/a	D255
707.3400000000	n/a	n/a	STATUS	n/a	n/a	DIN5
707.3880000000	n/a	n/a	STATUS	n/a	n/a	D255
707.8520000000	n/a	n/a	STATUS	n/a	n/a	D172
707.9040000000	n/a	n/a	STATUS	n/a	n/a	D255
707.9400000000	n/a	n/a	STATUS	n/a	n/a	DI53
707.9920000000	n/a	n/a	STATUS	n/a	n/a	D255
708.2640000000	n/a	n/a	STATUS	n/a	n/a	DI43
708.3160000000	n/a	n/a	STATUS	n/a	n/a	D255
708.5760000000	n/a	n/a	STATUS	n/a	n/a	DIN5
708.6240000000	n/a	n/a	STATUS	n/a	n/a	D255
709.0280000000	n/a	n/a	STATUS	n/a	n/a	D238
709.0800000000	n/a	n/a	STATUS	n/a	n/a	D255
709.1160000000	n/a	n/a	STATUS	n/a	n/a	DI52
709.1680000000	n/a	n/a	STATUS	n/a	n/a	D255
709.6200000000	n/a	n/a	STATUS	n/a	n/a	DI42
709.6680000000	n/a	n/a	STATUS	n/a	n/a	D255
709.9280000000	n/a	n/a	STATUS	n/a	n/a	DIN5
709.9800000000	n/a	n/a	STATUS	n/a	n/a	D255
710.4680000000	n/a	n/a	STATUS	n/a	n/a	DI71
710.5200000000	n/a	n/a	STATUS	n/a	n/a	D255
710.5560000000	n/a	n/a	STATUS	n/a	n/a	DI51
710.6080000000	n/a	n/a	STATUS	n/a	n/a	D255
710.9240000000	n/a	n/a	STATUS	n/a	n/a	DI31
710.9720000000	n/a	n/a	STATUS	n/a	n/a	D255
711.2320000000	n/a	n/a	STATUS	n/a	n/a	DIN5
711.2840000000	n/a	n/a	STATUS	n/a	n/a	D255
711.6280000000	n/a	n/a	STATUS	n/a	n/a	DI99
711.6760000000	n/a	n/a	STATUS	n/a	n/a	D255
711.7120000000	n/a	n/a	STATUS	n/a	n/a	DI51
711.7640000000	n/a	n/a	STATUS	n/a	n/a	D255
712.1000000000	n/a	n/a	STATUS	n/a	n/a	DI31
712.1480000000	n/a	n/a	STATUS	n/a	n/a	D255
712.4080000000	n/a	n/a	STATUS	n/a	n/a	DIN5
712.4560000000	n/a	n/a	STATUS	n/a	n/a	D255
712.7920000000	n/a	n/a	STATUS	n/a	n/a	D250
712.8440000000	n/a	n/a	STATUS	n/a	n/a	D255
712.8800000000	n/a	n/a	STATUS	n/a	n/a	DI53
712.9320000000	n/a	n/a	STATUS	n/a	n/a	D255
713.2120000000	n/a	n/a	STATUS	n/a	n/a	DI43
713.2600000000	n/a	n/a	STATUS	n/a	n/a	D255
713.5200000000	n/a	n/a	STATUS	n/a	n/a	DIN5
713.5720000000	n/a	n/a	STATUS	n/a	n/a	D255
713.9240000000	n/a	n/a	STATUS	n/a	n/a	D224
713.9760000000	n/a	n/a	STATUS	n/a	n/a	D255
714.0120000000	n/a	n/a	STATUS	n/a	n/a	DI54
714.0640000000	n/a	n/a	STATUS	n/a	n/a	D255
714.3320000000	n/a	n/a	STATUS	n/a	n/a	DI34
714.3840000000	n/a	n/a	STATUS	n/a	n/a	D255
714.6400000000	n/a	n/a	STATUS	n/a	n/a	DIN5
714.6920000000	n/a	n/a	STATUS	n/a	n/a	D255
715.1160000000	n/a	n/a	STATUS	n/a	n/a	DI94
715.1680000000	n/a	n/a	STATUS	n/a	n/a	D255
715.2040000000	n/a	n/a	STATUS	n/a	n/a	DI52
715.2560000000	n/a	n/a	STATUS	n/a	n/a	D255
715.5000000000	n/a	n/a	STATUS	n/a	n/a	DI12
715.5520000000	n/a	n/a	STATUS	n/a	n/a	D255
715.5560000000	n/a	n/a	STATUS	n/a	n/a	DIN4
715.6080000000	n/a	n/a	STATUS	n/a	n/a	D255
716.3600000000	n/a	n/a	STATUS	n/a	n/a	DIN5
716.4120000000	n/a	n/a	STATUS	n/a	n/a	D255
716.8000000000	n/a	n/a	STATUS	n/a	n/a	D246
716.8520000000	n/a	n/a	STATUS	n/a	n/a	D255
716.8880000000	n/a	n/a	STATUS	n/a	n/a	DI54
716.9360000000	n/a	n/a	STATUS	n/a	n/a	D255
717.2000000000	n/a	n/a	STATUS	n/a	n/a	DI34
717.2480000000	n/a	n/a	STATUS	n/a	n/a	D255
717.5080000000	n/a	n/a	STATUS	n/a	n/a	DIN5
717.5560000000	n/a	n/a	STATUS	n/a	n/a	D255
717.9400000000	n/a	n/a	STATUS	n/a	n/a	D219
717.9920000000	n/a	n/a	STATUS	n/a	n/a	D255
718.0280000000	n/a	n/a	STATUS	n/a	n/a	DI54
718.0800000000	n/a	n/a	STATUS	n/a	n/a	D255
718.3160000000	n/a	n/a	STATUS	n/a	n/a	DI34
718.3640000000	n/a	n/a	STATUS	n/a	n/a	D255
718.6240000000	n/a	n/a	STATUS	n/a	n/a	DIN5
718.6760000000	n/a	n/a	STATUS	n/a	n/a	D255
718.9800000000	n/a	n/a	STATUS	n/a	n/a	D126
719.0280000000	n/a	n/a	STATUS	n/a	n/a	D255
719.0680000000	n/a	n/a	STATUS	n/a	n/a	DI53
719.1160000000	n/a	n/a	STATUS	n/a	n/a	D255
719.3720000000	n/a	n/a	STATUS	n/a	n/a	DI43
719.4240000000	n/a	n/a	STATUS	n/a	n/a	D255
719.6800000000	n/a	n/a	STATUS	n/a	n/a	DIN5
719.7320000000	n/a	n/a	STATUS	n/a	n/a	D255
720.2120000000	n/a	n/a	STATUS	n/a	n/a	D234
720.2600000000	n/a	n/a	STATUS	n/a	n/a	D255
720.3000000000	n/a	n/a	STATUS	n/a	n/a	DI52
720.3480000000	n/a	n/a	STATUS	n/a	n/a	D255
720.6360000000	n/a	n/a	STATUS	n/a	n/a	DI12
720.6840000000	n/a	n/a	STATUS	n/a	n/a	D255
720.6880000000	n/a	n/a	STATUS	n/a	n/a	DIN4
720.7400000000	n/a	n/a	STATUS	n/a	n/a	D255
721.4960000000	n/a	n/a	STATUS	n/a	n/a	DIN5
721.5440000000	n/a	n/a	STATUS	n/a	n/a	D255
722.0440000000	n/a	n/a	STATUS	n/a	n/a	D204
722.0960000000	n/a	n/a	STATUS	n/a	n/a	D255
722.1320000000	n/a	n/a	STATUS	n/a	n/a	DI53
722.1800000000	n/a	n/a	STATUS	n/a	n/a	D255
722.5160000000	n/a	n/a	STATUS	n/a	n/a	DI43
722.5680000000	n/a	n/a	STATUS	n/a	n/a	D255
722.8280000000	n/a	n/a	STATUS	n/a	n/a	DIN5
722.8760000000	n/a	n/a	STATUS	n/a	n/a	D255
723.2360000000	n/a	n/a	STATUS	n/a	n/a	D132
723.2880000000	n/a	n/a	STATUS	n/a	n/a	D255
723.3240000000	n/a	n/a	STATUS	n/a	n/a	DI53
723.3720000000	n/a	n/a	STATUS	n/a	n/a	D245
723.3760000000	n/a	n/a	STATUS	n/a	n/a	D255
723.6040000000	n/a	n/a	STATUS	n/a	n/a	DI43
723.6560000000	n/a	n/a	STATUS	n/a	n/a	D255
723.9160000000	n/a	n/a	STATUS	n/a	n/a	DIN5
723.9640000000	n/a	n/a	STATUS	n/a	n/a	D255
724.2680000000	n/a	n/a	STATUS	n/a	n/a	DI91
724.3200000000	n/a	n/a	STATUS	n/a	n/a	D255
724.3560000000	n/a	n/a	STATUS	n/a	n/a	DI53
724.4080000000	n/a	n/a	STATUS	n/a	n/a	D255
724.6760000000	n/a	n/a	STATUS	n/a	n/a	DI43
724.7240000000	n/a	n/a	STATUS	n/a	n/a	D255
724.9840000000	n/a	n/a	STATUS	n/a	n/a	DIN5
725.0360000000	n/a	n/a	STATUS	n/a	n/a	D255
725.3440000000	n/a	n/a	STATUS	n/a	n/a	D174
725.3920000000	n/a	n/a	STATUS	n/a	n/a	D255
725.4320000000	n/a	n/a	STATUS	n/a	n/a	DI52
725.4800000000	n/a	n/a	STATUS	n/a	n/a	D255
725.7960000000	n/a	n/a	STATUS	n/a	n/a	DI42
725.8480000000	n/a	n/a	STATUS	n/a	n/a	D255
726.1040000000	n/a	n/a	STATUS	n/a	n/a	DIN5
726.1560000000	n/a	n/a	STATUS	n/a	n/a	D255
726.4840000000	n/a	n/a	STATUS	n/a	n/a	D107
726.5360000000	n/a	n/a	STATUS	n/a	n/a	D255
726.5720000000	n/a	n/a	STATUS	n/a	n/a	DI51
726.6200000000	n/a	n/a	STATUS	n/a	n/a	D255
726.9240000000	n/a	n/a	STATUS	n/a	n/a	DI31
726.9760000000	n/a	n/a	STATUS	n/a	n/a	D255
727.2360000000	n/a	n/a	STATUS	n/a	n/a	DIN5
727.2840000000	n/a	n/a	STATUS	n/a	n/a	D255
727.6640000000	n/a	n/a	STATUS	n/a	n/a	D161
727.7160000000	n/a	n/a	STATUS	n/a	n/a	D255
727.7520000000	n/a	n/a	STATUS	n/a	n/a	DI54
727.8040000000	n/a	n/a	STATUS	n/a	n/a	D255
728.1080000000	n/a	n/a	STATUS	n/a	n/a	DI34
728.1560000000	n/a	n/a	STATUS	n/a	n/a	D255
728.4160000000	n/a	n/a	STATUS	n/a	n/a	DIN5
728.4680000000	n/a	n/a	STATUS	n/a	n/a	D255
728.9600000000	n/a	n/a	STATUS	n/a	n/a	D186
729.0120000000	n/a	n/a	STATUS	n/a	n/a	D255
729.0480000000	n/a	n/a	STATUS	n/a	n/a	DI54
729.1000000000	n/a	n/a	STATUS	n/a	n/a	D255
729.3560000000	n/a	n/a	STATUS	n/a	n/a	DI34
729.4040000000	n/a	n/a	STATUS	n/a	n/a	D255
729.6640000000	n/a	n/a	STATUS	n/a	n/a	DIN5
729.7160000000	n/a	n/a	STATUS	n/a	n/a	D255
730.0520000000	n/a	n/a	STATUS	n/a	n/a	D127
730.1040000000	n/a	n/a	STATUS	n/a	n/a	D255
730.1400000000	n/a	n/a	STATUS	n/a	n/a	DI54
730.1920000000	n/a	n/a	STATUS	n/a	n/a	D255
730.4600000000	n/a	n/a	STATUS	n/a	n/a	DI34
730.5120000000	n/a	n/a	STATUS	n/a	n/a	D255
730.7680000000	n/a	n/a	STATUS	n/a	n/a	DIN5
730.8200000000	n/a	n/a	STATUS	n/a	n/a	D255
731.1840000000	n/a	n/a	STATUS	n/a	n/a	D242
731.2360000000	n/a	n/a	STATUS	n/a	n/a	D255
731.2720000000	n/a	n/a	STATUS	n/a	n/a	DI53
731.3200000000	n/a	n/a	STATUS	n/a	n/a	D255
731.5480000000	n/a	n/a	STATUS	n/a	n/a	DI43
731.5960000000	n/a	n/a	STATUS	n/a	n/a	D255
731.8560000000	n/a	n/a	STATUS	n/a	n/a	DIN5
731.9080000000	n/a	n/a	STATUS	n/a	n/a	D255
732.3320000000	n/a	n/a	STATUS	n/a	n/a	DI66
732.3800000000	n/a	n/a	STATUS	n/a	n/a	D255
732.4200000000	n/a	n/a	STATUS	n/a	n/a	DI53
732.4680000000	n/a	n/a	STATUS	n/a	n/a	D255
732.6920000000	n/a	n/a	STATUS	n/a	n/a	DI43
732.7440000000	n/a	n/a	STATUS	n/a	n/a	D255
733.0040000000	n/a	n/a	STATUS	n/a	n/a	DIN5
733.0520000000	n/a	n/a	STATUS	n/a	n/a	D255
733.3760000000	n/a	n/a	STATUS	n/a	n/a	DI78
733.4280000000	n/a	n/a	STATUS	n/a	n/a	D255
733.4640000000	n/a	n/a	STATUS	n/a	n/a	DI52
733.5160000000	n/a	n/a	STATUS	n/a	n/a	D255
733.9440000000	n/a	n/a	STATUS	n/a	n/a	DI42
733.9920000000	n/a	n/a	STATUS	n/a	n/a	D255
734.2520000000	n/a	n/a	STATUS	n/a	n/a	DIN5
734.3000000000	n/a	n/a	STATUS	n/a	n/a	D255
734.7520000000	n/a	n/a	STATUS	n/a	n/a	D164
734.8000000000	n/a	n/a	STATUS	n/a	n/a	D255
734.8400000000	n/a	n/a	STATUS	n/a	n/a	DI54
734.8880000000	n/a	n/a	STATUS	n/a	n/a	D255
735.1560000000	n/a	n/a	STATUS	n/a	n/a	DI34
735.2040000000	n/a	n/a	STATUS	n/a	n/a	D255
735.4640000000	n/a	n/a	STATUS	n/a	n/a	DIN5
735.5160000000	n/a	n/a	STATUS	n/a	n/a	D255
735.9040000000	n/a	n/a	STATUS	n/a	n/a	DI96
735.9560000000	n/a	n/a	STATUS	n/a	n/a	D255
735.9920000000	n/a	n/a	STATUS	n/a	n/a	DI52
736.0440000000	n/a	n/a	STATUS	n/a	n/a	D255
736.3000000000	n/a	n/a	STATUS	n/a	n/a	DI12
736.3520000000	n/a	n/a	STATUS	n/a	n/a	D255
736.3560000000	n/a	n/a	STATUS	n/a	n/a	DIN4
736.4080000000	n/a	n/a	STATUS	n/a	n/a	D255
737.1600000000	n/a	n/a	STATUS	n/a	n/a	DIN5
737.2120000000	n/a	n/a	STATUS	n/a	n/a	D255
737.6400000000	n/a	n/a	STATUS	n/a	n/a	DI65
737.6920000000	n/a	n/a	STATUS	n/a	n/a	D255
737.7280000000	n/a	n/a	STATUS	n/a	n/a	DI54
737.7800000000	n/a	n/a	STATUS	n/a	n/a	D255
738.0760000000	n/a	n/a	STATUS	n/a	n/a	DI34
738.1280000000	n/a	n/a	STATUS	n/a	n/a	D255
738.3880000000	n/a	n/a	STATUS	n/a	n/a	DIN5
738.4360000000	n/a	n/a	STATUS	n/a	n/a	D255
738.9200000000	n/a	n/a	STATUS	n/a	n/a	D148
738.9720000000	n/a	n/a	STATUS	n/a	n/a	D255
739.0080000000	n/a	n/a	STATUS	n/a	n/a	DI52
739.0600000000	n/a	n/a	STATUS	n/a	n/a	D255
739.5080000000	n/a	n/a	STATUS	n/a	n/a	DI42
739.5560000000	n/a	n/a	STATUS	n/a	n/a	D255
739.8160000000	n/a	n/a	STATUS	n/a	n/a	DIN5
739.8640000000	n/a	n/a	STATUS	n/a	n/a	D255
740.3600000000	n/a	n/a	STATUS	n/a	n/a	D209
740.4120000000	n/a	n/a	STATUS	n/a	n/a	D255
740.4480000000	n/a	n/a	STATUS	n/a	n/a	DI53
740.5000000000	n/a	n/a	STATUS	n/a	n/a	D255
740.7480000000	n/a	n/a	STATUS	n/a	n/a	DI43
740.8000000000	n/a	n/a	STATUS	n/a	n/a	D255
741.0560000000	n/a	n/a	STATUS	n/a	n/a	DIN5
741.1080000000	n/a	n/a	STATUS	n/a	n/a	D255
741.4400000000	n/a	n/a	STATUS	n/a	n/a	D131
741.4880000000	n/a	n/a	STATUS	n/a	n/a	D255
741.5240000000	n/a	n/a	STATUS	n/a	n/a	DI51
741.5760000000	n/a	n/a	STATUS	n/a	n/a	D255
741.8840000000	n/a	n/a	STATUS	n/a	n/a	DI31
741.9320000000	n/a	n/a	STATUS	n/a	n/a	D255
742.1920000000	n/a	n/a	STATUS	n/a	n/a	DIN5
742.2400000000	n/a	n/a	STATUS	n/a	n/a	D255
742.6320000000	n/a	n/a	STATUS	n/a	n/a	DI97
742.6800000000	n/a	n/a	STATUS	n/a	n/a	D255
742.6800000000	n/a	n/a	STATUS	n/a	n/a	D227
742.7160000000	n/a	n/a	STATUS	n/a	n/a	DI52
742.7680000000	n/a	n/a	STATUS	n/a	n/a	D255
743.0760000000	n/a	n/a	STATUS	n/a	n/a	DI42
743.1280000000	n/a	n/a	STATUS	n/a	n/a	D255
743.3880000000	n/a	n/a	STATUS	n/a	n/a	DIN5
743.4360000000	n/a	n/a	STATUS	n/a	n/a	D255
743.7600000000	n/a	n/a	STATUS	n/a	n/a	D192
743.8120000000	n/a	n/a	STATUS	n/a	n/a	D255
743.8480000000	n/a	n/a	STATUS	n/a	n/a	DI51
743.9000000000	n/a	n/a	STATUS	n/a	n/a	D255
744.2280000000	n/a	n/a	STATUS	n/a	n/a	DI31
744.2760000000	n/a	n/a	STATUS	n/a	n/a	D255
744.5360000000	n/a	n/a	STATUS	n/a	n/a	DIN5
744.5840000000	n/a	n/a	STATUS	n/a	n/a	D255
744.9880000000	n/a	n/a	STATUS	n/a	n/a	D142
745.0400000000	n/a	n/a	STATUS	n/a	n/a	D255
745.0760000000	n/a	n/a	STATUS	n/a	n/a	DI53
745.1280000000	n/a	n/a	STATUS	n/a	n/a	D255
745.3800000000	n/a	n/a	STATUS	n/a	n/a	DI43
745.4280000000	n/a	n/a	STATUS	n/a	n/a	D255
745.6880000000	n/a	n/a	STATUS	n/a	n/a	DIN5
745.7400000000	n/a	n/a	STATUS	n/a	n/a	D255
746.1560000000	n/a	n/a	STATUS	n/a	n/a	D215
746.2080000000	n/a	n/a	STATUS	n/a	n/a	D255
746.2440000000	n/a	n/a	STATUS	n/a	n/a	DI51
746.2960000000	n/a	n/a	STATUS	n/a	n/a	D255
746.6040000000	n/a	n/a	STATUS	n/a	n/a	DI31
746.6560000000	n/a	n/a	STATUS	n/a	n/a	D255
746.9120000000	n/a	n/a	STATUS	n/a	n/a	DIN5
746.9640000000	n/a	n/a	STATUS	n/a	n/a	D255
747.4440000000	n/a	n/a	STATUS	n/a	n/a	D232
747.4920000000	n/a	n/a	STATUS	n/a	n/a	D255
747.5320000000	n/a	n/a	STATUS	n/a	n/a	DI51
747.5800000000	n/a	n/a	STATUS	n/a	n/a	D255
747.8320000000	n/a	n/a	STATUS	n/a	n/a	DI21
747.8840000000	n/a	n/a	STATUS	n/a	n/a	D255
747.8880000000	n/a	n/a	STATUS	n/a	n/a	DIN4
747.9360000000	n/a	n/a	STATUS	n/a	n/a	D255
748.6920000000	n/a	n/a	STATUS	n/a	n/a	DIN5
748.7400000000	n/a	n/a	STATUS	n/a	n/a	D255
749.2040000000	n/a	n/a	STATUS	n/a	n/a	D105
749.2560000000	n/a	n/a	STATUS	n/a	n/a	D255
749.2920000000	n/a	n/a	STATUS	n/a	n/a	DI53
749.3440000000	n/a	n/a	STATUS	n/a	n/a	D255
749.6240000000	n/a	n/a	STATUS	n/a	n/a	DI43
749.6760000000	n/a	n/a	STATUS	n/a	n/a	D255
749.9360000000	n/a	n/a	STATUS	n/a	n/a	DIN5
749.9840000000	n/a	n/a	STATUS	n/a	n/a	D255
750.4640000000	n/a	n/a	STATUS	n/a	n/a	D166
750.5160000000	n/a	n/a	STATUS	n/a	n/a	D255
750.5520000000	n/a	n/a	STATUS	n/a	n/a	DI52
750.6040000000	n/a	n/a	STATUS	n/a	n/a	D255
750.8640000000	n/a	n/a	STATUS	n/a	n/a	DI12
750.9120000000	n/a	n/a	STATUS	n/a	n/a	D255
750.9200000000	n/a	n/a	STATUS	n/a	n/a	DIN4
750.9680000000	n/a	n/a	STATUS	n/a	n/a	D255
751.7240000000	n/a	n/a	STATUS	n/a	n/a	DIN5
751.7720000000	n/a	n/a	STATUS	n/a	n/a	D255
752.0960000000	n/a	n/a	STATUS	n/a	n/a	DI92
752.1480000000	n/a	n/a	STATUS	n/a	n/a	D255
752.1840000000	n/a	n/a	STATUS	n/a	n/a	DI52
752.2360000000	n/a	n/a	STATUS	n/a	n/a	D255
752.5680000000	n/a	n/a	STATUS	n/a	n/a	DI42
752.6200000000	n/a	n/a	STATUS	n/a	n/a	D255
752.8760000000	n/a	n/a	STATUS	n/a	n/a	DIN5
752.9280000000	n/a	n/a	STATUS	n/a	n/a	D255
753.2480000000	n/a	n/a	STATUS	n/a	n/a	D231
753.2960000000	n/a	n/a	STATUS	n/a	n/a	D255
753.3360000000	n/a	n/a	STATUS	n/a	n/a	DI54
753.3840000000	n/a	n/a	STATUS	n/a	n/a	D255
753.6760000000	n/a	n/a	STATUS	n/a	n/a	DI34
753.7280000000	n/a	n/a	STATUS	n/a	n/a	D255
753.9840000000	n/a	n/a	STATUS	n/a	n/a	DIN5
754.0360000000	n/a	n/a	STATUS	n/a	n/a	D255
754.3560000000	n/a	n/a	STATUS	n/a	n/a	D160
754.4040000000	n/a	n/a	STATUS	n/a	n/a	D255
754.4440000000	n/a	n/a	STATUS	n/a	n/a	DI53
754.4920000000	n/a	n/a	STATUS	n/a	n/a	D255
754.7560000000	n/a	n/a	STATUS	n/a	n/a	DI43
754.8040000000	n/a	n/a	STATUS	n/a	n/a	D255
755.0640000000	n/a	n/a	STATUS	n/a	n/a	DIN5
755.1120000000	n/a	n/a	STATUS	n/a	n/a	D255
755.5000000000	n/a	n/a	STATUS	n/a	n/a	D159
755.5480000000	n/a	n/a	STATUS	n/a	n/a	D255
755.5880000000	n/a	n/a	STATUS	n/a	n/a	DI54
755.6360000000	n/a	n/a	STATUS	n/a	n/a	D255
755.8840000000	n/a	n/a	STATUS	n/a	n/a	DI34
755.9320000000	n/a	n/a	STATUS	n/a	n/a	D255
756.1920000000	n/a	n/a	STATUS	n/a	n/a	DIN5
756.2440000000	n/a	n/a	STATUS	n/a	n/a	D255
756.6080000000	n/a	n/a	STATUS	n/a	n/a	D117
756.6560000000	n/a	n/a	STATUS	n/a	n/a	D255
756.6960000000	n/a	n/a	STATUS	n/a	n/a	DI53
756.7440000000	n/a	n/a	STATUS	n/a	n/a	D255
756.9880000000	n/a	n/a	STATUS	n/a	n/a	DI43
757.0360000000	n/a	n/a	STATUS	n/a	n/a	D235
757.0400000000	n/a	n/a	STATUS	n/a	n/a	D255
757.2960000000	n/a	n/a	STATUS	n/a	n/a	DIN5
757.3480000000	n/a	n/a	STATUS	n/a	n/a	D255
757.6960000000	n/a	n/a	STATUS	n/a	n/a	D207
757.7480000000	n/a	n/a	STATUS	n/a	n/a	D255
757.7840000000	n/a	n/a	STATUS	n/a	n/a	DI51
757.8320000000	n/a	n/a	STATUS	n/a	n/a	D255
758.1880000000	n/a	n/a	STATUS	n/a	n/a	DI31
758.2400000000	n/a	n/a	STATUS	n/a	n/a	D255
758.4960000000	n/a	n/a	STATUS	n/a	n/a	DIN5
758.5480000000	n/a	n/a	STATUS	n/a	n/a	D255
758.9480000000	n/a	n/a	STATUS	n/a	n/a	D144
758.9960000000	n/a	n/a	STATUS	n/a	n/a	D255
759.0360000000	n/a	n/a	STATUS	n/a	n/a	DI52
759.0840000000	n/a	n/a	STATUS	n/a	n/a	D255
759.4440000000	n/a	n/a	STATUS	n/a	n/a	DI42
759.4920000000	n/a	n/a	STATUS	n/a	n/a	D255
759.7520000000	n/a	n/a	STATUS	n/a	n/a	DIN5
759.8040000000	n/a	n/a	STATUS	n/a	n/a	D255
760.1200000000	n/a	n/a	STATUS	n/a	n/a	D180
760.1720000000	n/a	n/a	STATUS	n/a	n/a	D255
760.2080000000	n/a	n/a	STATUS	n/a	n/a	DI53
760.2600000000	n/a	n/a	STATUS	n/a	n/a	D255
760.5040000000	n/a	n/a	STATUS	n/a	n/a	DI43
760.5560000000	n/a	n/a	STATUS	n/a	n/a	D255
760.8160000000	n/a	n/a	STATUS	n/a	n/a	DIN5
760.8640000000	n/a	n/a	STATUS	n/a	n/a	D255
761.3600000000	n/a	n/a	STATUS	n/a	n/a	DI77
761.4080000000	n/a	n/a	STATUS	n/a	n/a	D255
761.4480000000	n/a	n/a	STATUS	n/a	n/a	DI54
761.4960000000	n/a	n/a	STATUS	n/a	n/a	D255
761.7760000000	n/a	n/a	STATUS	n/a	n/a	DI34
761.8280000000	n/a	n/a	STATUS	n/a	n/a	D255
762.0880000000	n/a	n/a	STATUS	n/a	n/a	DIN5
762.1360000000	n/a	n/a	STATUS	n/a	n/a	D255
762.6240000000	n/a	n/a	STATUS	n/a	n/a	D205
762.6760000000	n/a	n/a	STATUS	n/a	n/a	D255
762.7120000000	n/a	n/a	STATUS	n/a	n/a	DI54
762.7640000000	n/a	n/a	STATUS	n/a	n/a	D255
763.0000000000	n/a	n/a	STATUS	n/a	n/a	DI34
763.0520000000	n/a	n/a	STATUS	n/a	n/a	D255
763.3120000000	n/a	n/a	STATUS	n/a	n/a	DIN5
763.3600000000	n/a	n/a	STATUS	n/a	n/a	D255
763.7080000000	n/a	n/a	STATUS	n/a	n/a	D156
763.7600000000	n/a	n/a	STATUS	n/a	n/a	D255
763.8000000000	n/a	n/a	STATUS	n/a	n/a	DI51
763.8480000000	n/a	n/a	STATUS	n/a	n/a	D255
764.2480000000	n/a	n/a	STATUS	n/a	n/a	DI31
764.2960000000	n/a	n/a	STATUS	n/a	n/a	D255
764.5560000000	n/a	n/a	STATUS	n/a	n/a	DIN5
764.6080000000	n/a	n/a	STATUS	n/a	n/a	D255
764.9520000000	n/a	n/a	STATUS	n/a	n/a	D128
765.0000000000	n/a	n/a	STATUS	n/a	n/a	D255
765.0400000000	n/a	n/a	STATUS	n/a	n/a	DI53
765.0880000000	n/a	n/a	STATUS	n/a	n/a	D255
765.3680000000	n/a	n/a	STATUS	n/a	n/a	DI43
765.4200000000	n/a	n/a	STATUS	n/a	n/a	D255
765.6760000000	n/a	n/a	STATUS	n/a	n/a	DIN5
765.7280000000	n/a	n/a	STATUS	n/a	n/a	D255
766.1360000000	n/a	n/a	STATUS	n/a	n/a	D155
766.1880000000	n/a	n/a	STATUS	n/a	n/a	D255
766.2240000000	n/a	n/a	STATUS	n/a	n/a	DI51
766.2760000000	n/a	n/a	STATUS	n/a	n/a	D255
766.5560000000	n/a	n/a	STATUS	n/a	n/a	DI31
766.6040000000	n/a	n/a	STATUS	n/a	n/a	D255
766.8640000000	n/a	n/a	STATUS	n/a	n/a	DIN5
766.9160000000	n/a	n/a	STATUS	n/a	n/a	D255
767.4080000000	n/a	n/a	STATUS	n/a	n/a	D221
767.4600000000	n/a	n/a	STATUS	n/a	n/a	D255
767.4960000000	n/a	n/a	STATUS	n/a	n/a	DI53
767.5480000000	n/a	n/a	STATUS	n/a	n/a	D255
767.8200000000	n/a	n/a	STATUS	n/a	n/a	DI43
767.8680000000	n/a	n/a	STATUS	n/a	n/a	D255
768.1280000000	n/a	n/a	STATUS	n/a	n/a	DIN5
768.1800000000	n/a	n/a	STATUS	n/a	n/a	D255
768.5280000000	n/a	n/a	STATUS	n/a	n/a	D203
768.5800000000	n/a	n/a	STATUS	n/a	n/a	D255
768.6160000000	n/a	n/a	STATUS	n/a	n/a	DI54
768.6680000000	n/a	n/a	STATUS	n/a	n/a	D255
769.0200000000	n/a	n/a	STATUS	n/a	n/a	DI24
769.0680000000	n/a	n/a	STATUS	n/a	n/a	D255
769.0760000000	n/a	n/a	STATUS	n/a	n/a	DIN4
769.1240000000	n/a	n/a	STATUS	n/a	n/a	D255
769.8800000000	n/a	n/a	STATUS	n/a	n/a	DIN5
769.9280000000	n/a	n/a	STATUS	n/a	n/a	D255
770.4200000000	n/a	n/a	STATUS	n/a	n/a	D119
770.4680000000	n/a	n/a	STATUS	n/a	n/a	D255
770.5080000000	n/a	n/a	STATUS	n/a	n/a	DI54
770.5560000000	n/a	n/a	STATUS	n/a	n/a	D255
770.8200000000	n/a	n/a	STATUS	n/a	n/a	DI34
770.8680000000	n/a	n/a	STATUS	n/a	n/a	D255
771.1280000000	n/a	n/a	STATUS	n/a	n/a	DIN5
771.1760000000	n/a	n/a	STATUS	n/a	n/a	D255
771.4960000000	n/a	n/a	STATUS	n/a	n/a	D104
771.5480000000	n/a	n/a	STATUS	n/a	n/a	D255
771.5840000000	n/a	n/a	STATUS	n/a	n/a	DI54
771.6360000000	n/a	n/a	STATUS	n/a	n/a	D255
771.9120000000	n/a	n/a	STATUS	n/a	n/a	DI34
771.9640000000	n/a	n/a	STATUS	n/a	n/a	D255
784.9160000000	n/a	n/a	STATUS	n/a	n/a	DIN5
784.9680000000	n/a	n/a	STATUS	n/a	n/a	D255
785.2880000000	n/a	n/a	STATUS	n/a	n/a	D234
785.3360000000	n/a	n/a	STATUS	n/a	n/a	D255
785.3720000000	n/a	n/a	STATUS	n/a	n/a	DI52
785.4240000000	n/a	n/a	STATUS	n/a	n/a	D255
785.9560000000	n/a	n/a	STATUS	n/a	n/a	DI42
786.0040000000	n/a	n/a	STATUS	n/a	n/a	D255
786.2640000000	n/a	n/a	STATUS	n/a	n/a	DIN5
786.3120000000	n/a	n/a	STATUS	n/a	n/a	D255
786.6880000000	n/a	n/a	STATUS	n/a	n/a	DI97
786.7400000000	n/a	n/a	STATUS	n/a	n/a	D255
786.7760000000	n/a	n/a	STATUS	n/a	n/a	DI53
786.8280000000	n/a	n/a	STATUS	n/a	n/a	D255
787.0880000000	n/a	n/a	STATUS	n/a	n/a	DI43
787.1400000000	n/a	n/a	STATUS	n/a	n/a	D255
787.4000000000	n/a	n/a	STATUS	n/a	n/a	DIN5
787.4480000000	n/a	n/a	STATUS	n/a	n/a	D255
787.8520000000	n/a	n/a	STATUS	n/a	n/a	D248
787.9040000000	n/a	n/a	STATUS	n/a	n/a	D255
787.9400000000	n/a	n/a	STATUS	n/a	n/a	DI52
787.9920000000	n/a	n/a	STATUS	n/a	n/a	D255
788.2320000000	n/a	n/a	STATUS	n/a	n/a	DI12
788.2840000000	n/a	n/a	STATUS	n/a	n/a	D255
788.2880000000	n/a	n/a	STATUS	n/a	n/a	DIN4
788.3360000000	n/a	n/a	STATUS	n/a	n/a	D255
789.0920000000	n/a	n/a	STATUS	n/a	n/a	DIN5
789.1400000000	n/a	n/a	STATUS	n/a	n/a	D255
789.4520000000	n/a	n/a	STATUS	n/a	n/a	D150
789.5000000000	n/a	n/a	STATUS	n/a	n/a	D255
789.5400000000	n/a	n/a	STATUS	n/a	n/a	DI52
789.5880000000	n/a	n/a	STATUS	n/a	n/a	D255
789.9200000000	n/a	n/a	STATUS	n/a	n/a	DI42
789.9680000000	n/a	n/a	STATUS	n/a	n/a	D255
790.2280000000	n/a	n/a	STATUS	n/a	n/a	DIN5
790.2760000000	n/a	n/a	STATUS	n/a	n/a	D255
790.7560000000	n/a	n/a	STATUS	n/a	n/a	D240
790.8080000000	n/a	n/a	STATUS	n/a	n/a	D255
790.8440000000	n/a	n/a	STATUS	n/a	n/a	DI54
790.8920000000	n/a	n/a	STATUS	n/a	n/a	D255
791.1440000000	n/a	n/a	STATUS	n/a	n/a	DI34
791.1960000000	n/a	n/a	STATUS	n/a	n/a	D255
791.4560000000	n/a	n/a	STATUS	n/a	n/a	DIN5
791.5040000000	n/a	n/a	STATUS	n/a	n/a	D255
791.8480000000	n/a	n/a	STATUS	n/a	n/a	D241
791.9000000000	n/a	n/a	STATUS	n/a	n/a	D255
791.9360000000	n/a	n/a	STATUS	n/a	n/a	DI54
791.9880000000	n/a	n/a	STATUS	n/a	n/a	D255
792.2560000000	n/a	n/a	STATUS	n/a	n/a	DI34
792.3080000000	n/a	n/a	STATUS	n/a	n/a	D255
792.5640000000	n/a	n/a	STATUS	n/a	n/a	DIN5
792.6160000000	n/a	n/a	STATUS	n/a	n/a	D255
793.0880000000	n/a	n/a	STATUS	n/a	n/a	D115
793.1400000000	n/a	n/a	STATUS	n/a	n/a	D255
793.1760000000	n/a	n/a	STATUS	n/a	n/a	DI54
793.2280000000	n/a	n/a	STATUS	n/a	n/a	D255
793.4920000000	n/a	n/a	STATUS	n/a	n/a	DI34
793.5400000000	n/a	n/a	STATUS	n/a	n/a	D255
793.8000000000	n/a	n/a	STATUS	n/a	n/a	DIN5
793.8520000000	n/a	n/a	STATUS	n/a	n/a	D255
794.2200000000	n/a	n/a	STATUS	n/a	n/a	D247
794.2720000000	n/a	n/a	STATUS	n/a	n/a	D255
794.3080000000	n/a	n/a	STATUS	n/a	n/a	DI53
794.3560000000	n/a	n/a	STATUS	n/a	n/a	D255
794.6000000000	n/a	n/a	STATUS	n/a	n/a	DI43
794.6480000000	n/a	n/a	STATUS	n/a	n/a	D255
794.9080000000	n/a	n/a	STATUS	n/a	n/a	DIN5
794.9600000000	n/a	n/a	STATUS	n/a	n/a	D255
795.4520000000	n/a	n/a	STATUS	n/a	n/a	D120
795.5000000000	n/a	n/a	STATUS	n/a	n/a	D255
795.5400000000	n/a	n/a	STATUS	n/a	n/a	DI51
795.5920000000	n/a	n/a	STATUS	n/a	n/a	D255
795.9320000000	n/a	n/a	STATUS	n/a	n/a	DI31
795.9840000000	n/a	n/a	STATUS	n/a	n/a	D255
796.2440000000	n/a	n/a	STATUS	n/a	n/a	DIN5
796.2920000000	n/a	n/a	STATUS	n/a	n/a	D255
796.6520000000	n/a	n/a	STATUS	n/a	n/a	DI86
796.7040000000	n/a	n/a	STATUS	n/a	n/a	D255
796.7400000000	n/a	n/a	STATUS	n/a	n/a	DI53
796.7920000000	n/a	n/a	STATUS	n/a	n/a	D255
797.0480000000	n/a	n/a	STATUS	n/a	n/a	DI43
797.1000000000	n/a	n/a	STATUS	n/a	n/a	D255
797.3560000000	n/a	n/a	STATUS	n/a	n/a	DIN5
797.4080000000	n/a	n/a	STATUS	n/a	n/a	D255
797.8600000000	n/a	n/a	STATUS	n/a	n/a	D116
797.9120000000	n/a	n/a	STATUS	n/a	n/a	D255
797.9480000000	n/a	n/a	STATUS	n/a	n/a	DI53
798.0000000000	n/a	n/a	STATUS	n/a	n/a	D255
798.2440000000	n/a	n/a	STATUS	n/a	n/a	DI43
798.2960000000	n/a	n/a	STATUS	n/a	n/a	D255
798.5560000000	n/a	n/a	STATUS	n/a	n/a	DIN5
798.6040000000	n/a	n/a	STATUS	n/a	n/a	D255
799.0520000000	n/a	n/a	STATUS	n/a	n/a	D149
799.1040000000	n/a	n/a	STATUS	n/a	n/a	D255
799.1400000000	n/a	n/a	STATUS	n/a	n/a	DI52
799.1920000000	n/a	n/a	STATUS	n/a	n/a	D255
799.4960000000	n/a	n/a	STATUS	n/a	n/a	DI42
799.5480000000	n/a	n/a	STATUS	n/a	n/a	D255
799.8040000000	n/a	n/a	STATUS	n/a	n/a	DIN5
799.8560000000	n/a	n/a	STATUS	n/a	n/a	D255
800.3080000000	n/a	n/a	STATUS	n/a	n/a	D207
800.3560000000	n/a	n/a	STATUS	n/a	n/a	D255
800.3920000000	n/a	n/a	STATUS	n/a	n/a	DI54
800.4440000000	n/a	n/a	STATUS	n/a	n/a	D255
800.6960000000	n/a	n/a	STATUS	n/a	n/a	DI34
800.7480000000	n/a	n/a	STATUS	n/a	n/a	D255
801.0080000000	n/a	n/a	STATUS	n/a	n/a	DIN5
801.0560000000	n/a	n/a	STATUS	n/a	n/a	D255
801.4920000000	n/a	n/a	STATUS	n/a	n/a	D253
801.5400000000	n/a	n/a	STATUS	n/a	n/a	D255
801.5800000000	n/a	n/a	STATUS	n/a	n/a	DI51
801.6280000000	n/a	n/a	STATUS	n/a	n/a	D255
801.9280000000	n/a	n/a	STATUS	n/a	n/a	DI21
801.9760000000	n/a	n/a	STATUS	n/a	n/a	D255
801.9800000000	n/a	n/a	STATUS	n/a	n/a	DIN4
802.0320000000	n/a	n/a	STATUS	n/a	n/a	D255
802.7840000000	n/a	n/a	STATUS	n/a	n/a	DIN5
802.8360000000	n/a	n/a	STATUS	n/a	n/a	D255
803.2080000000	n/a	n/a	STATUS	n/a	n/a	D239
803.2600000000	n/a	n/a	STATUS	n/a	n/a	D255
803.2960000000	n/a	n/a	STATUS	n/a	n/a	DI53
803.3480000000	n/a	n/a	STATUS	n/a	n/a	D255
803.6240000000	n/a	n/a	STATUS	n/a	n/a	DI43
803.6760000000	n/a	n/a	STATUS	n/a	n/a	D255
803.9360000000	n/a	n/a	STATUS	n/a	n/a	DIN5
803.9840000000	n/a	n/a	STATUS	n/a	n/a	D255
804.3600000000	n/a	n/a	STATUS	n/a	n/a	D132
804.4080000000	n/a	n/a	STATUS	n/a	n/a	D255
804.4480000000	n/a	n/a	STATUS	n/a	n/a	DI53
804.4960000000	n/a	n/a	STATUS	n/a	n/a	D255
804.7640000000	n/a	n/a	STATUS	n/a	n/a	DI13
804.8120000000	n/a	n/a	STATUS	n/a	n/a	D255
804.8160000000	n/a	n/a	STATUS	n/a	n/a	DIN4
804.8680000000	n/a	n/a	STATUS	n/a	n/a	D255
805.6200000000	n/a	n/a	STATUS	n/a	n/a	DIN5
805.6720000000	n/a	n/a	STATUS	n/a	n/a	D255
806.1520000000	n/a	n/a	STATUS	n/a	n/a	D107
806.2000000000	n/a	n/a	STATUS	n/a	n/a	D255
806.2400000000	n/a	n/a	STATUS	n/a	n/a	DI52
806.2880000000	n/a	n/a	STATUS	n/a	n/a	D255
806.6200000000	n/a	n/a	STATUS	n/a	n/a	DI42
806.6720000000	n/a	n/a	STATUS	n/a	n/a	D255
806.9280000000	n/a	n/a	STATUS	n/a	n/a	DIN5
806.9800000000	n/a	n/a	STATUS	n/a	n/a	D255
807.3680000000	n/a	n/a	STATUS	n/a	n/a	DI69
807.4200000000	n/a	n/a	STATUS	n/a	n/a	D255
807.4560000000	n/a	n/a	STATUS	n/a	n/a	DI51
807.5080000000	n/a	n/a	STATUS	n/a	n/a	D255
807.7680000000	n/a	n/a	STATUS	n/a	n/a	DI31
807.8160000000	n/a	n/a	STATUS	n/a	n/a	D255
808.0760000000	n/a	n/a	STATUS	n/a	n/a	DIN5
808.1280000000	n/a	n/a	STATUS	n/a	n/a	D255
808.4640000000	n/a	n/a	STATUS	n/a	n/a	D236
808.5160000000	n/a	n/a	STATUS	n/a	n/a	D255
808.5520000000	n/a	n/a	STATUS	n/a	n/a	DI53
808.6040000000	n/a	n/a	STATUS	n/a	n/a	D255
808.9160000000	n/a	n/a	STATUS	n/a	n/a	DI43
808.9640000000	n/a	n/a	STATUS	n/a	n/a	D255
809.2240000000	n/a	n/a	STATUS	n/a	n/a	DIN5
809.2760000000	n/a	n/a	STATUS	n/a	n/a	D255
809.6840000000	n/a	n/a	STATUS	n/a	n/a	D130
809.7360000000	n/a	n/a	STATUS	n/a	n/a	D255
809.7720000000	n/a	n/a	STATUS	n/a	n/a	DI52
809.8200000000	n/a	n/a	STATUS	n/a	n/a	D255
810.0720000000	n/a	n/a	STATUS	n/a	n/a	DI12
810.1240000000	n/a	n/a	STATUS	n/a	n/a	D255
810.1280000000	n/a	n/a	STATUS	n/a	n/a	DIN4
810.1800000000	n/a	n/a	STATUS	n/a	n/a	D255
810.9360000000	n/a	n/a	STATUS	n/a	n/a	DIN5
810.9840000000	n/a	n/a	STATUS	n/a	n/a	D255
811.3680000000	n/a	n/a	STATUS	n/a	n/a	D217
811.4200000000	n/a	n/a	STATUS	n/a	n/a	D255
811.4560000000	n/a	n/a	STATUS	n/a	n/a	DI51
811.5080000000	n/a	n/a	STATUS	n/a	n/a	D255
811.9040000000	n/a	n/a	STATUS	n/a	n/a	DI31
811.9560000000	n/a	n/a	STATUS	n/a	n/a	D255
812.2120000000	n/a	n/a	STATUS	n/a	n/a	DIN5
812.2640000000	n/a	n/a	STATUS	n/a	n/a	D255
812.7520000000	n/a	n/a	STATUS	n/a	n/a	D106
812.8040000000	n/a	n/a	STATUS	n/a	n/a	D255
812.8400000000	n/a	n/a	STATUS	n/a	n/a	DI51
812.8920000000	n/a	n/a	STATUS	n/a	n/a	D255
813.4760000000	n/a	n/a	STATUS	n/a	n/a	DI31
813.5280000000	n/a	n/a	STATUS	n/a	n/a	D255
813.7840000000	n/a	n/a	STATUS	n/a	n/a	DIN5
813.8360000000	n/a	n/a	STATUS	n/a	n/a	D255
814.1680000000	n/a	n/a	STATUS	n/a	n/a	D155
814.2200000000	n/a	n/a	STATUS	n/a	n/a	D255
814.2560000000	n/a	n/a	STATUS	n/a	n/a	DI54
814.3080000000	n/a	n/a	STATUS	n/a	n/a	D255
814.5760000000	n/a	n/a	STATUS	n/a	n/a	DI34
814.6240000000	n/a	n/a	STATUS	n/a	n/a	D255
814.8840000000	n/a	n/a	STATUS	n/a	n/a	DIN5
814.9320000000	n/a	n/a	STATUS	n/a	n/a	D255
815.3120000000	n/a	n/a	STATUS	n/a	n/a	D212
815.3640000000	n/a	n/a	STATUS	n/a	n/a	D255
815.4000000000	n/a	n/a	STATUS	n/a	n/a	DI53
815.4480000000	n/a	n/a	STATUS	n/a	n/a	D255
815.7480000000	n/a	n/a	STATUS	n/a	n/a	DI43
815.7960000000	n/a	n/a	STATUS	n/a	n/a	D255
816.0560000000	n/a	n/a	STATUS	n/a	n/a	DIN5
816.1080000000	n/a	n/a	STATUS	n/a	n/a	D255
816.5000000000	n/a	n/a	STATUS	n/a	n/a	D208
816.5520000000	n/a	n/a	STATUS	n/a	n/a	D255
816.5880000000	n/a	n/a	STATUS	n/a	n/a	DI51
816.6400000000	n/a	n/a	STATUS	n/a	n/a	D255
817.0200000000	n/a	n/a	STATUS	n/a	n/a	DI31
817.0680000000	n/a	n/a	STATUS	n/a	n/a	D255
817.3280000000	n/a	n/a	STATUS	n/a	n/a	DIN5
817.3800000000	n/a	n/a	STATUS	n/a	n/a	D255
817.8840000000	n/a	n/a	STATUS	n/a	n/a	D166
817.9320000000	n/a	n/a	STATUS	n/a	n/a	D255
817.9720000000	n/a	n/a	STATUS	n/a	n/a	DI53
818.0200000000	n/a	n/a	STATUS	n/a	n/a	D255
818.2520000000	n/a	n/a	STATUS	n/a	n/a	DI43
818.3000000000	n/a	n/a	STATUS	n/a	n/a	D255
818.3000000000	n/a	n/a	STATUS	n/a	n/a	D235
818.5600000000	n/a	n/a	STATUS	n/a	n/a	DIN5
818.6080000000	n/a	n/a	STATUS	n/a	n/a	D255
819.0040000000	n/a	n/a	STATUS	n/a	n/a	D122
819.0560000000	n/a	n/a	STATUS	n/a	n/a	D255
819.0920000000	n/a	n/a	STATUS	n/a	n/a	DI51
819.1440000000	n/a	n/a	STATUS	n/a	n/a	D255
819.4440000000	n/a	n/a	STATUS	n/a	n/a	DI31
819.4920000000	n/a	n/a	STATUS	n/a	n/a	D255
819.7520000000	n/a	n/a	STATUS	n/a	n/a	DIN5
819.8000000000	n/a	n/a	STATUS	n/a	n/a	D255
820.1520000000	n/a	n/a	STATUS	n/a	n/a	D226
820.2000000000	n/a	n/a	STATUS	n/a	n/a	D255
820.2400000000	n/a	n/a	STATUS	n/a	n/a	DI53
820.2880000000	n/a	n/a	STATUS	n/a	n/a	D255
820.5720000000	n/a	n/a	STATUS	n/a	n/a	DI43
820.6200000000	n/a	n/a	STATUS	n/a	n/a	D255
820.8800000000	n/a	n/a	STATUS	n/a	n/a	DIN5
820.9320000000	n/a	n/a	STATUS	n/a	n/a	D255
821.3520000000	n/a	n/a	STATUS	n/a	n/a	D129
821.4000000000	n/a	n/a	STATUS	n/a	n/a	D255
821.4400000000	n/a	n/a	STATUS	n/a	n/a	DI52
821.4880000000	n/a	n/a	STATUS	n/a	n/a	D255
821.8640000000	n/a	n/a	STATUS	n/a	n/a	DI42
821.9160000000	n/a	n/a	STATUS	n/a	n/a	D255
822.1760000000	n/a	n/a	STATUS	n/a	n/a	DIN5
822.2240000000	n/a	n/a	STATUS	n/a	n/a	D255
822.5320000000	n/a	n/a	STATUS	n/a	n/a	D244
822.5840000000	n/a	n/a	STATUS	n/a	n/a	D255
822.6200000000	n/a	n/a	STATUS	n/a	n/a	DI54
822.6720000000	n/a	n/a	STATUS	n/a	n/a	D255
823.0400000000	n/a	n/a	STATUS	n/a	n/a	DI34
823.0880000000	n/a	n/a	STATUS	n/a	n/a	D255
823.3480000000	n/a	n/a	STATUS	n/a	n/a	DIN5
823.3960000000	n/a	n/a	STATUS	n/a	n/a	D255
823.8480000000	n/a	n/a	STATUS	n/a	n/a	DI68
823.8960000000	n/a	n/a	STATUS	n/a	n/a	D255
823.9320000000	n/a	n/a	STATUS	n/a	n/a	DI53
823.9840000000	n/a	n/a	STATUS	n/a	n/a	D255
824.2360000000	n/a	n/a	STATUS	n/a	n/a	DI43
824.2840000000	n/a	n/a	STATUS	n/a	n/a	D255
824.5440000000	n/a	n/a	STATUS	n/a	n/a	DIN5
824.5960000000	n/a	n/a	STATUS	n/a	n/a	D255
825.0000000000	n/a	n/a	STATUS	n/a	n/a	D224
825.0480000000	n/a	n/a	STATUS	n/a	n/a	D255
825.0840000000	n/a	n/a	STATUS	n/a	n/a	DI53
825.1360000000	n/a	n/a	STATUS	n/a	n/a	D255
825.4320000000	n/a	n/a	STATUS	n/a	n/a	DI43
825.4800000000	n/a	n/a	STATUS	n/a	n/a	D255
825.7400000000	n/a	n/a	STATUS	n/a	n/a	DIN5
825.7920000000	n/a	n/a	STATUS	n/a	n/a	D255
826.2160000000	n/a	n/a	STATUS	n/a	n/a	D182
826.2640000000	n/a	n/a	STATUS	n/a	n/a	D255
826.3040000000	n/a	n/a	STATUS	n/a	n/a	DI52
826.3520000000	n/a	n/a	STATUS	n/a	n/a	D255
826.7880000000	n/a	n/a	STATUS	n/a	n/a	DI42
826.8360000000	n/a	n/a	STATUS	n/a	n/a	D255
827.0960000000	n/a	n/a	STATUS	n/a	n/a	DIN5
827.1480000000	n/a	n/a	STATUS	n/a	n/a	D255
827.4640000000	n/a	n/a	STATUS	n/a	n/a	D237
827.5160000000	n/a	n/a	STATUS	n/a	n/a	D255
827.5560000000	n/a	n/a	STATUS	n/a	n/a	DI54
827.6040000000	n/a	n/a	STATUS	n/a	n/a	D255
827.9680000000	n/a	n/a	STATUS	n/a	n/a	DI34
828.0200000000	n/a	n/a	STATUS	n/a	n/a	D255
828.2760000000	n/a	n/a	STATUS	n/a	n/a	DIN5
828.3280000000	n/a	n/a	STATUS	n/a	n/a	D255
828.6960000000	n/a	n/a	STATUS	n/a	n/a	DI67
828.7480000000	n/a	n/a	STATUS	n/a	n/a	D255
828.7840000000	n/a	n/a	STATUS	n/a	n/a	DI52
828.8360000000	n/a	n/a	STATUS	n/a	n/a	D255
829.1240000000	n/a	n/a	STATUS	n/a	n/a	DI42
829.1760000000	n/a	n/a	STATUS	n/a	n/a	D255
829.4320000000	n/a	n/a	STATUS	n/a	n/a	DIN5
829.4840000000	n/a	n/a	STATUS	n/a	n/a	D255
829.8600000000	n/a	n/a	STATUS	n/a	n/a	D102
829.9080000000	n/a	n/a	STATUS	n/a	n/a	D255
829.9440000000	n/a	n/a	STATUS	n/a	n/a	DI52
829.9960000000	n/a	n/a	STATUS	n/a	n/a	D255
830.3080000000	n/a	n/a	STATUS	n/a	n/a	DI42
830.3560000000	n/a	n/a	STATUS	n/a	n/a	D255
830.6160000000	n/a	n/a	STATUS	n/a	n/a	DIN5
830.6640000000	n/a	n/a	STATUS	n/a	n/a	D255
831.0240000000	n/a	n/a	STATUS	n/a	n/a	D192
831.0760000000	n/a	n/a	STATUS	n/a	n/a	D255
831.1120000000	n/a	n/a	STATUS	n/a	n/a	DI51
831.1640000000	n/a	n/a	STATUS	n/a	n/a	D255
831.4920000000	n/a	n/a	STATUS	n/a	n/a	DI31
831.5440000000	n/a	n/a	STATUS	n/a	n/a	D255
831.8040000000	n/a	n/a	STATUS	n/a	n/a	DIN5
831.8520000000	n/a	n/a	STATUS	n/a	n/a	D255
832.1760000000	n/a	n/a	STATUS	n/a	n/a	D176
832.2280000000	n/a	n/a	STATUS	n/a	n/a	D255
832.2640000000	n/a	n/a	STATUS	n/a	n/a	DI51
832.3160000000	n/a	n/a	STATUS	n/a	n/a	D255
832.6480000000	n/a	n/a	STATUS	n/a	n/a	DI31
832.7000000000	n/a	n/a	STATUS	n/a	n/a	D255
832.9560000000	n/a	n/a	STATUS	n/a	n/a	DIN5
833.0080000000	n/a	n/a	STATUS	n/a	n/a	D255
833.4960000000	n/a	n/a	STATUS	n/a	n/a	D251
833.5480000000	n/a	n/a	STATUS	n/a	n/a	D255
833.5840000000	n/a	n/a	STATUS	n/a	n/a	DI53
833.6360000000	n/a	n/a	STATUS	n/a	n/a	D255
833.9080000000	n/a	n/a	STATUS	n/a	n/a	DI43
833.9560000000	n/a	n/a	STATUS	n/a	n/a	D255
834.2160000000	n/a	n/a	STATUS	n/a	n/a	DIN5
834.2680000000	n/a	n/a	STATUS	n/a	n/a	D255
834.6440000000	n/a	n/a	STATUS	n/a	n/a	D201
834.6960000000	n/a	n/a	STATUS	n/a	n/a	D255
834.7320000000	n/a	n/a	STATUS	n/a	n/a	DI51
834.7840000000	n/a	n/a	STATUS	n/a	n/a	D255
835.0440000000	n/a	n/a	STATUS	n/a	n/a	DI21
835.0920000000	n/a	n/a	STATUS	n/a	n/a	D255
835.0960000000	n/a	n/a	STATUS	n/a	n/a	DIN4
835.1480000000	n/a	n/a	STATUS	n/a	n/a	D255
835.9040000000	n/a	n/a	STATUS	n/a	n/a	DIN5
835.9520000000	n/a	n/a	STATUS	n/a	n/a	D255
836.3040000000	n/a	n/a	STATUS	n/a	n/a	D148
836.3520000000	n/a	n/a	STATUS	n/a	n/a	D255
836.3880000000	n/a	n/a	STATUS	n/a	n/a	DI52
836.4400000000	n/a	n/a	STATUS	n/a	n/a	D255
836.7760000000	n/a	n/a	STATUS	n/a	n/a	DI42
836.8280000000	n/a	n/a	STATUS	n/a	n/a	D255
837.0840000000	n/a	n/a	STATUS	n/a	n/a	DIN5
837.1360000000	n/a	n/a	STATUS	n/a	n/a	D255
837.5760000000	n/a	n/a	STATUS	n/a	n/a	DI77
837.6240000000	n/a	n/a	STATUS	n/a	n/a	D255
837.6640000000	n/a	n/a	STATUS	n/a	n/a	DI51
837.7120000000	n/a	n/a	STATUS	n/a	n/a	D255
838.0320000000	n/a	n/a	STATUS	n/a	n/a	DI31
838.0840000000	n/a	n/a	STATUS	n/a	n/a	D255
838.3440000000	n/a	n/a	STATUS	n/a	n/a	DIN5
838.3920000000	n/a	n/a	STATUS	n/a	n/a	D255
838.8760000000	n/a	n/a	STATUS	n/a	n/a	D113
838.9280000000	n/a	n/a	STATUS	n/a	n/a	D255
838.9640000000	n/a	n/a	STATUS	n/a	n/a	DI52
839.0160000000	n/a	n/a	STATUS	n/a	n/a	D255
839.3600000000	n/a	n/a	STATUS	n/a	n/a	DI42
839.4080000000	n/a	n/a	STATUS	n/a	n/a	D255
839.6680000000	n/a	n/a	STATUS	n/a	n/a	DIN5
839.7200000000	n/a	n/a	STATUS	n/a	n/a	D255
840.1680000000	n/a	n/a	STATUS	n/a	n/a	DI90
840.2200000000	n/a	n/a	STATUS	n/a	n/a	D255
840.2560000000	n/a	n/a	STATUS	n/a	n/a	DI52
840.3080000000	n/a	n/a	STATUS	n/a	n/a	D255
840.6800000000	n/a	n/a	STATUS	n/a	n/a	DI42
840.7320000000	n/a	n/a	STATUS	n/a	n/a	D255
840.9880000000	n/a	n/a	STATUS	n/a	n/a	DIN5
841.0400000000	n/a	n/a	STATUS	n/a	n/a	D255
841.4840000000	n/a	n/a	STATUS	n/a	n/a	D165
841.5360000000	n/a	n/a	STATUS	n/a	n/a	D255
841.5720000000	n/a	n/a	STATUS	n/a	n/a	DI53
841.6200000000	n/a	n/a	STATUS	n/a	n/a	D255
841.8880000000	n/a	n/a	STATUS	n/a	n/a	DI43
841.9400000000	n/a	n/a	STATUS	n/a	n/a	D255
842.2000000000	n/a	n/a	STATUS	n/a	n/a	DIN5
842.2480000000	n/a	n/a	STATUS	n/a	n/a	D255
842.5680000000	n/a	n/a	STATUS	n/a	n/a	D210
842.6200000000	n/a	n/a	STATUS	n/a	n/a	D255
842.6560000000	n/a	n/a	STATUS	n/a	n/a	DI53
842.7080000000	n/a	n/a	STATUS	n/a	n/a	D255
842.9560000000	n/a	n/a	STATUS	n/a	n/a	DI43
843.0040000000	n/a	n/a	STATUS	n/a	n/a	D255
843.2640000000	n/a	n/a	STATUS	n/a	n/a	DIN5
843.3160000000	n/a	n/a	STATUS	n/a	n/a	D255
843.8160000000	n/a	n/a	STATUS	n/a	n/a	DI81
843.8640000000	n/a	n/a	STATUS	n/a	n/a	D255
843.9040000000	n/a	n/a	STATUS	n/a	n/a	DI53
843.9520000000	n/a	n/a	STATUS	n/a	n/a	D255
844.9800000000	n/a	n/a	STATUS	n/a	n/a	DIN3
845.0320000000	n/a	n/a	STATUS	n/a	n/a	D255
845.7840000000	n/a	n/a	STATUS	n/a	n/a	DIN5
845.8360000000	n/a	n/a	STATUS	n/a	n/a	D255
846.2840000000	n/a	n/a	STATUS	n/a	n/a	D184
846.3360000000	n/a	n/a	STATUS	n/a	n/a	D255
846.3720000000	n/a	n/a	STATUS	n/a	n/a	DI54
846.4240000000	n/a	n/a	STATUS	n/a	n/a	D255
846.7120000000	n/a	n/a	STATUS	n/a	n/a	DI34
846.7600000000	n/a	n/a	STATUS	n/a	n/a	D255
847.0200000000	n/a	n/a	STATUS	n/a	n/a	DIN5
847.0680000000	n/a	n/a	STATUS	n/a	n/a	D255
847.5280000000	n/a	n/a	STATUS	n/a	n/a	D222
847.5800000000	n/a	n/a	STATUS	n/a	n/a	D255
847.6160000000	n/a	n/a	STATUS	n/a	n/a	DI54
847.6680000000	n/a	n/a	STATUS	n/a	n/a	D255
847.9000000000	n/a	n/a	STATUS	n/a	n/a	DI34
847.9520000000	n/a	n/a	STATUS	n/a	n/a	D255
848.2080000000	n/a	n/a	STATUS	n/a	n/a	DIN5
848.2600000000	n/a	n/a	STATUS	n/a	n/a	D255
848.5880000000	n/a	n/a	STATUS	n/a	n/a	D173
848.6400000000	n/a	n/a	STATUS	n/a	n/a	D255
848.6760000000	n/a	n/a	STATUS	n/a	n/a	DI54
848.7280000000	n/a	n/a	STATUS	n/a	n/a	D255
848.9680000000	n/a	n/a	STATUS	n/a	n/a	DI34
849.0160000000	n/a	n/a	STATUS	n/a	n/a	D255
849.2760000000	n/a	n/a	STATUS	n/a	n/a	DIN5
849.3240000000	n/a	n/a	STATUS	n/a	n/a	D255
849.6720000000	n/a	n/a	STATUS	n/a	n/a	D105
849.7200000000	n/a	n/a	STATUS	n/a	n/a	D255
849.7560000000	n/a	n/a	STATUS	n/a	n/a	DI52
849.8080000000	n/a	n/a	STATUS	n/a	n/a	D255
850.1320000000	n/a	n/a	STATUS	n/a	n/a	DI42
850.1840000000	n/a	n/a	STATUS	n/a	n/a	D255
850.4400000000	n/a	n/a	STATUS	n/a	n/a	DIN5
850.4920000000	n/a	n/a	STATUS	n/a	n/a	D255
850.8440000000	n/a	n/a	STATUS	n/a	n/a	D153
850.8960000000	n/a	n/a	STATUS	n/a	n/a	D255
850.9320000000	n/a	n/a	STATUS	n/a	n/a	DI52
850.9840000000	n/a	n/a	STATUS	n/a	n/a	D255
851.3440000000	n/a	n/a	STATUS	n/a	n/a	DI42
851.3960000000	n/a	n/a	STATUS	n/a	n/a	D255
851.6520000000	n/a	n/a	STATUS	n/a	n/a	DIN5
851.7040000000	n/a	n/a	STATUS	n/a	n/a	D255
852.1360000000	n/a	n/a	STATUS	n/a	n/a	D145
852.1880000000	n/a	n/a	STATUS	n/a	n/a	D255
852.2240000000	n/a	n/a	STATUS	n/a	n/a	DI51
852.2760000000	n/a	n/a	STATUS	n/a	n/a	D255
852.6040000000	n/a	n/a	STATUS	n/a	n/a	DI31
852.6560000000	n/a	n/a	STATUS	n/a	n/a	D255
852.9160000000	n/a	n/a	STATUS	n/a	n/a	DIN5
852.9640000000	n/a	n/a	STATUS	n/a	n/a	D255
853.3440000000	n/a	n/a	STATUS	n/a	n/a	D143
853.3960000000	n/a	n/a	STATUS	n/a	n/a	D255
853.4320000000	n/a	n/a	STATUS	n/a	n/a	DI54
853.4800000000	n/a	n/a	STATUS	n/a	n/a	D255
853.7520000000	n/a	n/a	STATUS	n/a	n/a	DI34
853.8040000000	n/a	n/a	STATUS	n/a	n/a	D255
854.0600000000	n/a	n/a	STATUS	n/a	n/a	DIN5
854.1120000000	n/a	n/a	STATUS	n/a	n/a	D255
854.6080000000	n/a	n/a	STATUS	n/a	n/a	D189
854.6560000000	n/a	n/a	STATUS	n/a	n/a	D255
854.6920000000	n/a	n/a	STATUS	n/a	n/a	DI52
854.7440000000	n/a	n/a	STATUS	n/a	n/a	D255
855.1080000000	n/a	n/a	STATUS	n/a	n/a	DI42
855.1560000000	n/a	n/a	STATUS	n/a	n/a	D255
855.4160000000	n/a	n/a	STATUS	n/a	n/a	DIN5
855.4680000000	n/a	n/a	STATUS	n/a	n/a	D255
855.9640000000	n/a	n/a	STATUS	n/a	n/a	D163
856.0160000000	n/a	n/a	STATUS	n/a	n/a	D255
856.0520000000	n/a	n/a	STATUS	n/a	n/a	DI51
856.1040000000	n/a	n/a	STATUS	n/a	n/a	D255
856.3240000000	n/a	n/a	STATUS	n/a	n/a	DI21
856.3720000000	n/a	n/a	STATUS	n/a	n/a	D255
856.3760000000	n/a	n/a	STATUS	n/a	n/a	DIN4
856.4280000000	n/a	n/a	STATUS	n/a	n/a	D255
857.1840000000	n/a	n/a	STATUS	n/a	n/a	DIN5
857.2320000000	n/a	n/a	STATUS	n/a	n/a	D255
857.5960000000	n/a	n/a	STATUS	n/a	n/a	DI87
857.6480000000	n/a	n/a	STATUS	n/a	n/a	D255
857.6840000000	n/a	n/a	STATUS	n/a	n/a	DI51
857.7360000000	n/a	n/a	STATUS	n/a	n/a	D255
858.0640000000	n/a	n/a	STATUS	n/a	n/a	DI31
858.1160000000	n/a	n/a	STATUS	n/a	n/a	D255
858.3760000000	n/a	n/a	STATUS	n/a	n/a	DIN5
858.4240000000	n/a	n/a	STATUS	n/a	n/a	D255
858.8760000000	n/a	n/a	STATUS	n/a	n/a	D185
858.9240000000	n/a	n/a	STATUS	n/a	n/a	D255
858.9640000000	n/a	n/a	STATUS	n/a	n/a	DI53
859.0120000000	n/a	n/a	STATUS	n/a	n/a	D255
859.2480000000	n/a	n/a	STATUS	n/a	n/a	DI43
859.2960000000	n/a	n/a	STATUS	n/a	n/a	D255
859.5560000000	n/a	n/a	STATUS	n/a	n/a	DIN5
859.6080000000	n/a	n/a	STATUS	n/a	n/a	D255
860.0960000000	n/a	n/a	STATUS	n/a	n/a	D144
860.1480000000	n/a	n/a	STATUS	n/a	n/a	D255
860.1840000000	n/a	n/a	STATUS	n/a	n/a	DI51
860.2320000000	n/a	n/a	STATUS	n/a	n/a	D255
860.4800000000	n/a	n/a	STATUS	n/a	n/a	DI21
860.5280000000	n/a	n/a	STATUS	n/a	n/a	D255
860.5320000000	n/a	n/a	STATUS	n/a	n/a	DIN4
860.5840000000	n/a	n/a	STATUS	n/a	n/a	D255
861.3360000000	n/a	n/a	STATUS	n/a	n/a	DIN5
861.3880000000	n/a	n/a	STATUS	n/a	n/a	D255
861.8280000000	n/a	n/a	STATUS	n/a	n/a	D172
861.8760000000	n/a	n/a	STATUS	n/a	n/a	D255
861.9160000000	n/a	n/a	STATUS	n/a	n/a	DI54
861.9640000000	n/a	n/a	STATUS	n/a	n/a	D255
862.2280000000	n/a	n/a	STATUS	n/a	n/a	DI34
862.2800000000	n/a	n/a	STATUS	n/a	n/a	D255
862.5400000000	n/a	n/a	STATUS	n/a	n/a	DIN5
862.5880000000	n/a	n/a	STATUS	n/a	n/a	D255
862.9400000000	n/a	n/a	STATUS	n/a	n/a	D100
862.9880000000	n/a	n/a	STATUS	n/a	n/a	D255
863.0280000000	n/a	n/a	STATUS	n/a	n/a	DI51
863.0760000000	n/a	n/a	STATUS	n/a	n/a	D255
863.5080000000	n/a	n/a	STATUS	n/a	n/a	DI31
863.5560000000	n/a	n/a	STATUS	n/a	n/a	D255
863.8160000000	n/a	n/a	STATUS	n/a	n/a	DIN5
863.8640000000	n/a	n/a	STATUS	n/a	n/a	D255
864.3440000000	n/a	n/a	STATUS	n/a	n/a	D230
864.3960000000	n/a	n/a	STATUS	n/a	n/a	D255
864.4320000000	n/a	n/a	STATUS	n/a	n/a	DI52
864.4840000000	n/a	n/a	STATUS	n/a	n/a	D255
864.7080000000	n/a	n/a	STATUS	n/a	n/a	DI12
864.7600000000	n/a	n/a	STATUS	n/a	n/a	D255
864.7640000000	n/a	n/a	STATUS	n/a	n/a	DIN4
864.8160000000	n/a	n/a	STATUS	n/a	n/a	D255
865.5680000000	n/a	n/a	STATUS	n/a	n/a	DIN5
865.6200000000	n/a	n/a	STATUS	n/a	n/a	D255
865.9840000000	n/a	n/a	STATUS	n/a	n/a	D179
866.0320000000	n/a	n/a	STATUS	n/a	n/a	D255
866.0720000000	n/a	n/a	STATUS	n/a	n/a	DI51
866.1200000000	n/a	n/a	STATUS	n/a	n/a	D255
867.1560000000	n/a	n/a	STATUS	n/a	n/a	DIN3
867.2040000000	n/a	n/a	STATUS	n/a	n/a	D255
867.9600000000	n/a	n/a	STATUS	n/a	n/a	DIN5
868.0080000000	n/a	n/a	STATUS	n/a	n/a	D255
868.3440000000	n/a	n/a	STATUS	n/a	n/a	D211
868.3920000000	n/a	n/a	STATUS	n/a	n/a	D255
868.4320000000	n/a	n/a	STATUS	n/a	n/a	DI53
868.4800000000	n/a	n/a	STATUS	n/a	n/a	D255
868.7560000000	n/a	n/a	STATUS	n/a	n/a	DI43
868.8040000000	n/a	n/a	STATUS	n/a	n/a	D255
869.0640000000	n/a	n/a	STATUS	n/a	n/a	DIN5
869.1120000000	n/a	n/a	STATUS	n/a	n/a	D239
869.1160000000	n/a	n/a	STATUS	n/a	n/a	D255
869.6040000000	n/a	n/a	STATUS	n/a	n/a	D190
869.6560000000	n/a	n/a	STATUS	n/a	n/a	D255
869.6920000000	n/a	n/a	STATUS	n/a	n/a	DI54
869.7400000000	n/a	n/a	STATUS	n/a	n/a	D255
869.9920000000	n/a	n/a	STATUS	n/a	n/a	DI34
870.0400000000	n/a	n/a	STATUS	n/a	n/a	D255
870.3000000000	n/a	n/a	STATUS	n/a	n/a	DIN5
870.3520000000	n/a	n/a	STATUS	n/a	n/a	D255
870.7000000000	n/a	n/a	STATUS	n/a	n/a	D168
870.7520000000	n/a	n/a	STATUS	n/a	n/a	D255
870.7880000000	n/a	n/a	STATUS	n/a	n/a	DI51
870.8360000000	n/a	n/a	STATUS	n/a	n/a	D255
871.2240000000	n/a	n/a	STATUS	n/a	n/a	DI31
871.2720000000	n/a	n/a	STATUS	n/a	n/a	D255
871.5320000000	n/a	n/a	STATUS	n/a	n/a	DIN5
871.5840000000	n/a	n/a	STATUS	n/a	n/a	D255
871.9560000000	n/a	n/a	STATUS	n/a	n/a	D174
872.0080000000	n/a	n/a	STATUS	n/a	n/a	D255
872.0440000000	n/a	n/a	STATUS	n/a	n/a	DI51
872.0960000000	n/a	n/a	STATUS	n/a	n/a	D255
872.5200000000	n/a	n/a	STATUS	n/a	n/a	DI31
872.5680000000	n/a	n/a	STATUS	n/a	n/a	D255
872.8280000000	n/a	n/a	STATUS	n/a	n/a	DIN5
872.8800000000	n/a	n/a	STATUS	n/a	n/a	D255
873.1880000000	n/a	n/a	STATUS	n/a	n/a	D140
873.2360000000	n/a	n/a	STATUS	n/a	n/a	D255
873.2760000000	n/a	n/a	STATUS	n/a	n/a	DI54
873.3240000000	n/a	n/a	STATUS	n/a	n/a	D255
873.5920000000	n/a	n/a	STATUS	n/a	n/a	DI34
873.6440000000	n/a	n/a	STATUS	n/a	n/a	D255
873.9000000000	n/a	n/a	STATUS	n/a	n/a	DIN5
873.9520000000	n/a	n/a	STATUS	n/a	n/a	D255
874.4240000000	n/a	n/a	STATUS	n/a	n/a	D162
874.4760000000	n/a	n/a	STATUS	n/a	n/a	D255
874.5120000000	n/a	n/a	STATUS	n/a	n/a	DI51
874.5640000000	n/a	n/a	STATUS	n/a	n/a	D255
874.9440000000	n/a	n/a	STATUS	n/a	n/a	DI31
874.9960000000	n/a	n/a	STATUS	n/a	n/a	D255
875.2520000000	n/a	n/a	STATUS	n/a	n/a	DIN5
875.3040000000	n/a	n/a	STATUS	n/a	n/a	D255
875.7920000000	n/a	n/a	STATUS	n/a	n/a	DI66
875.8440000000	n/a	n/a	STATUS	n/a	n/a	D255
875.8800000000	n/a	n/a	STATUS	n/a	n/a	DI53
875.9320000000	n/a	n/a	STATUS	n/a	n/a	D255
876.2400000000	n/a	n/a	STATUS	n/a	n/a	DI43
876.2880000000	n/a	n/a	STATUS	n/a	n/a	D255
876.5480000000	n/a	n/a	STATUS	n/a	n/a	DIN5
876.5960000000	n/a	n/a	STATUS	n/a	n/a	D255
877.0640000000	n/a	n/a	STATUS	n/a	n/a	D126
877.1120000000	n/a	n/a	STATUS	n/a	n/a	D255
877.1480000000	n/a	n/a	STATUS	n/a	n/a	DI53
877.2000000000	n/a	n/a	STATUS	n/a	n/a	D255
877.4520000000	n/a	n/a	STATUS	n/a	n/a	DI43
877.5000000000	n/a	n/a	STATUS	n/a	n/a	D255
877.7600000000	n/a	n/a	STATUS	n/a	n/a	DIN5
877.8120000000	n/a	n/a	STATUS	n/a	n/a	D255
878.2280000000	n/a	n/a	STATUS	n/a	n/a	D193
878.2800000000	n/a	n/a	STATUS	n/a	n/a	D255
878.3160000000	n/a	n/a	STATUS	n/a	n/a	DI54
878.3680000000	n/a	n/a	STATUS	n/a	n/a	D255
878.6440000000	n/a	n/a	STATUS	n/a	n/a	DI34
878.6960000000	n/a	n/a	STATUS	n/a	n/a	D255
878.9520000000	n/a	n/a	STATUS	n/a	n/a	DIN5
879.0040000000	n/a	n/a	STATUS	n/a	n/a	D255
879.4280000000	n/a	n/a	STATUS	n/a	n/a	D151
879.4800000000	n/a	n/a	STATUS	n/a	n/a	D255
879.5160000000	n/a	n/a	STATUS	n/a	n/a	DI54
879.5680000000	n/a	n/a	STATUS	n/a	n/a	D255
879.7960000000	n/a	n/a	STATUS	n/a	n/a	DI34
879.8480000000	n/a	n/a	STATUS	n/a	n/a	D255
880.1040000000	n/a	n/a	STATUS	n/a	n/a	DIN5
880.1560000000	n/a	n/a	STATUS	n/a	n/a	D255
880.5520000000	n/a	n/a	STATUS	n/a	n/a	DI84
880.6000000000	n/a	n/a	STATUS	n/a	n/a	D255
880.6400000000	n/a	n/a	STATUS	n/a	n/a	DI51
880.6880000000	n/a	n/a	STATUS	n/a	n/a	D255
880.9160000000	n/a	n/a	STATUS	n/a	n/a	DI21
880.9680000000	n/a	n/a	STATUS	n/a	n/a	D255
880.9720000000	n/a	n/a	STATUS	n/a	n/a	DIN4
881.0200000000	n/a	n/a	STATUS	n/a	n/a	D255
881.7760000000	n/a	n/a	STATUS	n/a	n/a	DIN5
881.8240000000	n/a	n/a	STATUS	n/a	n/a	D255
882.2960000000	n/a	n/a	STATUS	n/a	n/a	D218
882.3440000000	n/a	n/a	STATUS	n/a	n/a	D255
882.3840000000	n/a	n/a	STATUS	n/a	n/a	DI52
882.4320000000	n/a	n/a	STATUS	n/a	n/a	D255
882.9000000000	n/a	n/a	STATUS	n/a	n/a	DI42
882.9480000000	n/a	n/a	STATUS	n/a	n/a	D255
883.2080000000	n/a	n/a	STATUS	n/a	n/a	DIN5
883.2560000000	n/a	n/a	STATUS	n/a	n/a	D255
883.6560000000	n/a	n/a	STATUS	n/a	n/a	D187
883.7080000000	n/a	n/a	STATUS	n/a	n/a	D255
883.7440000000	n/a	n/a	STATUS	n/a	n/a	DI51
883.7960000000	n/a	n/a	STATUS	n/a	n/a	D255
884.1440000000	n/a	n/a	STATUS	n/a	n/a	DI31
884.1920000000	n/a	n/a	STATUS	n/a	n/a	D255
884.4520000000	n/a	n/a	STATUS	n/a	n/a	DIN5
884.5040000000	n/a	n/a	STATUS	n/a	n/a	D255
884.9120000000	n/a	n/a	STATUS	n/a	n/a	D123
884.9640000000	n/a	n/a	STATUS	n/a	n/a	D255
885.0000000000	n/a	n/a	STATUS	n/a	n/a	DI54
885.0520000000	n/a	n/a	STATUS	n/a	n/a	D255
885.3120000000	n/a	n/a	STATUS	n/a	n/a	DI34
885.3640000000	n/a	n/a	STATUS	n/a	n/a	D255
885.6200000000	n/a	n/a	STATUS	n/a	n/a	DIN5
885.6720000000	n/a	n/a	STATUS	n/a	n/a	D255
886.1280000000	n/a	n/a	STATUS	n/a	n/a	D209
886.1760000000	n/a	n/a	STATUS	n/a	n/a	D255
886.2120000000	n/a	n/a	STATUS	n/a	n/a	DI53
886.2640000000	n/a	n/a	STATUS	n/a	n/a	D255
886.5560000000	n/a	n/a	STATUS	n/a	n/a	DI43
886.6080000000	n/a	n/a	STATUS	n/a	n/a	D255
886.8640000000	n/a	n/a	STATUS	n/a	n/a	DIN5
886.9160000000	n/a	n/a	STATUS	n/a	n/a	D255
887.3400000000	n/a	n/a	STATUS	n/a	n/a	DI83
887.3880000000	n/a	n/a	STATUS	n/a	n/a	D255
887.4280000000	n/a	n/a	STATUS	n/a	n/a	DI54
887.4760000000	n/a	n/a	STATUS	n/a	n/a	D255
887.7200000000	n/a	n/a	STATUS	n/a	n/a	DI34
887.7720000000	n/a	n/a	STATUS	n/a	n/a	D255
888.0280000000	n/a	n/a	STATUS	n/a	n/a	DIN5
888.0800000000	n/a	n/a	STATUS	n/a	n/a	D255
888.5440000000	n/a	n/a	STATUS	n/a	n/a	D195
888.5960000000	n/a	n/a	STATUS	n/a	n/a	D255
888.6320000000	n/a	n/a	STATUS	n/a	n/a	DI54
888.6840000000	n/a	n/a	STATUS	n/a	n/a	D255
888.9400000000	n/a	n/a	STATUS	n/a	n/a	DI34
888.9920000000	n/a	n/a	STATUS	n/a	n/a	D255
889.2480000000	n/a	n/a	STATUS	n/a	n/a	DIN5
889.3000000000	n/a	n/a	STATUS	n/a	n/a	D255
889.6760000000	n/a	n/a	STATUS	n/a	n/a	D137
889.7240000000	n/a	n/a	STATUS	n/a	n/a	D255
889.7640000000	n/a	n/a	STATUS	n/a	n/a	DI54
889.8120000000	n/a	n/a	STATUS	n/a	n/a	D255
890.1040000000	n/a	n/a	STATUS	n/a	n/a	DI34
890.1520000000	n/a	n/a	STATUS	n/a	n/a	D255
890.4120000000	n/a	n/a	STATUS	n/a	n/a	DIN5
890.4640000000	n/a	n/a	STATUS	n/a	n/a	D255
890.8440000000	n/a	n/a	STATUS	n/a	n/a	D170
890.8920000000	n/a	n/a	STATUS	n/a	n/a	D255
890.9320000000	n/a	n/a	STATUS	n/a	n/a	DI53
890.9800000000	n/a	n/a	STATUS	n/a	n/a	D255
891.3200000000	n/a	n/a	STATUS	n/a	n/a	DI43
891.3720000000	n/a	n/a	STATUS	n/a	n/a	D255
891.6280000000	n/a	n/a	STATUS	n/a	n/a	DIN5
891.6800000000	n/a	n/a	STATUS	n/a	n/a	D255
892.1520000000	n/a	n/a	STATUS	n/a	n/a	D232
892.2040000000	n/a	n/a	STATUS	n/a	n/a	D255
892.2400000000	n/a	n/a	STATUS	n/a	n/a	DI53
892.2920000000	n/a	n/a	STATUS	n/a	n/a	D255
892.5440000000	n/a	n/a	STATUS	n/a	n/a	DI43
892.5960000000	n/a	n/a	STATUS	n/a	n/a	D255
892.8520000000	n/a	n/a	STATUS	n/a	n/a	DIN5
892.9040000000	n/a	n/a	STATUS	n/a	n/a	D255
893.2400000000	n/a	n/a	STATUS	n/a	n/a	D141
893.2880000000	n/a	n/a	STATUS	n/a	n/a	D255
893.3280000000	n/a	n/a	STATUS	n/a	n/a	DI53
893.3760000000	n/a	n/a	STATUS	n/a	n/a	D255
893.6400000000	n/a	n/a	STATUS	n/a	n/a	DI43
893.6880000000	n/a	n/a	STATUS	n/a	n/a	D255
893.9480000000	n/a	n/a	STATUS	n/a	n/a	DIN5
894.0000000000	n/a	n/a	STATUS	n/a	n/a	D255
894.3320000000	n/a	n/a	STATUS	n/a	n/a	D206
894.3840000000	n/a	n/a	STATUS	n/a	n/a	D255
894.4200000000	n/a	n/a	STATUS	n/a	n/a	DI53
894.4720000000	n/a	n/a	STATUS	n/a	n/a	D255
894.7080000000	n/a	n/a	STATUS	n/a	n/a	DI43
894.7560000000	n/a	n/a	STATUS	n/a	n/a	D255
895.0160000000	n/a	n/a	STATUS	n/a	n/a	DIN5
895.0680000000	n/a	n/a	STATUS	n/a	n/a	D255
895.4160000000	n/a	n/a	STATUS	n/a	n/a	DI73
895.4680000000	n/a	n/a	STATUS	n/a	n/a	D255
895.5040000000	n/a	n/a	STATUS	n/a	n/a	DI51
895.5520000000	n/a	n/a	STATUS	n/a	n/a	D255
895.8800000000	n/a	n/a	STATUS	n/a	n/a	DI31
895.9280000000	n/a	n/a	STATUS	n/a	n/a	D255
896.1880000000	n/a	n/a	STATUS	n/a	n/a	DIN5
896.2400000000	n/a	n/a	STATUS	n/a	n/a	D255
896.7160000000	n/a	n/a	STATUS	n/a	n/a	D127
896.7680000000	n/a	n/a	STATUS	n/a	n/a	D255
896.8040000000	n/a	n/a	STATUS	n/a	n/a	DI54
896.8560000000	n/a	n/a	STATUS	n/a	n/a	D255
897.0800000000	n/a	n/a	STATUS	n/a	n/a	DI34
897.1320000000	n/a	n/a	STATUS	n/a	n/a	D255
897.3880000000	n/a	n/a	STATUS	n/a	n/a	DIN5
897.4400000000	n/a	n/a	STATUS	n/a	n/a	D255
897.8880000000	n/a	n/a	STATUS	n/a	n/a	D164
897.9400000000	n/a	n/a	STATUS	n/a	n/a	D255
897.9760000000	n/a	n/a	STATUS	n/a	n/a	DI51
898.0280000000	n/a	n/a	STATUS	n/a	n/a	D255
898.3880000000	n/a	n/a	STATUS	n/a	n/a	DI31
898.4360000000	n/a	n/a	STATUS	n/a	n/a	D255
898.6960000000	n/a	n/a	STATUS	n/a	n/a	DIN5
898.7480000000	n/a	n/a	STATUS	n/a	n/a	D255
899.1000000000	n/a	n/a	STATUS	n/a	n/a	D238
899.1520000000	n/a	n/a	STATUS	n/a	n/a	D255
899.1880000000	n/a	n/a	STATUS	n/a	n/a	DI52
899.2400000000	n/a	n/a	STATUS	n/a	n/a	D255
899.6160000000	n/a	n/a	STATUS	n/a	n/a	DI42
899.6640000000	n/a	n/a	STATUS	n/a	n/a	D255
899.9240000000	n/a	n/a	STATUS	n/a	n/a	DIN5
899.9720000000	n/a	n/a	STATUS	n/a	n/a	D255
900.4720000000	n/a	n/a	STATUS	n/a	n/a	DI75
900.5240000000	n/a	n/a	STATUS	n/a	n/a	D255
900.5600000000	n/a	n/a	STATUS	n/a	n/a	DI52
900.6120000000	n/a	n/a	STATUS	n/a	n/a	D255
900.8400000000	n/a	n/a	STATUS	n/a	n/a	DI12
900.8880000000	n/a	n/a	STATUS	n/a	n/a	D255
900.8960000000	n/a	n/a	STATUS	n/a	n/a	DIN4
900.9440000000	n/a	n/a	STATUS	n/a	n/a	D255
901.7000000000	n/a	n/a	STATUS	n/a	n/a	DIN5
901.7480000000	n/a	n/a	STATUS	n/a	n/a	D255
902.1720000000	n/a	n/a	STATUS	n/a	n/a	D136
902.2240000000	n/a	n/a	STATUS	n/a	n/a	D255
902.2600000000	n/a	n/a	STATUS	n/a	n/a	DI52
902.3120000000	n/a	n/a	STATUS	n/a	n/a	D255
902.6720000000	n/a	n/a	STATUS	n/a	n/a	DI42
902.7240000000	n/a	n/a	STATUS	n/a	n/a	D255
902.9800000000	n/a	n/a	STATUS	n/a	n/a	DIN5
903.0320000000	n/a	n/a	STATUS	n/a	n/a	D255
903.3760000000	n/a	n/a	STATUS	n/a	n/a	D119
903.4280000000	n/a	n/a	STATUS	n/a	n/a	D255
903.4640000000	n/a	n/a	STATUS	n/a	n/a	DI52
903.5160000000	n/a	n/a	STATUS	n/a	n/a	D255
903.8640000000	n/a	n/a	STATUS	n/a	n/a	DI42
903.9120000000	n/a	n/a	STATUS	n/a	n/a	D255
904.1720000000	n/a	n/a	STATUS	n/a	n/a	DIN5
904.2200000000	n/a	n/a	STATUS	n/a	n/a	D255
904.6360000000	n/a	n/a	STATUS	n/a	n/a	D104
904.6880000000	n/a	n/a	STATUS	n/a	n/a	D255
904.7240000000	n/a	n/a	STATUS	n/a	n/a	DI52
904.7760000000	n/a	n/a	STATUS	n/a	n/a	D255
905.0960000000	n/a	n/a	STATUS	n/a	n/a	DI42
905.1440000000	n/a	n/a	STATUS	n/a	n/a	D255
905.4040000000	n/a	n/a	STATUS	n/a	n/a	DIN5
905.4560000000	n/a	n/a	STATUS	n/a	n/a	D255
905.8200000000	n/a	n/a	STATUS	n/a	n/a	D186
905.8680000000	n/a	n/a	STATUS	n/a	n/a	D255
905.9040000000	n/a	n/a	STATUS	n/a	n/a	DI52
905.9560000000	n/a	n/a	STATUS	n/a	n/a	D255
906.2720000000	n/a	n/a	STATUS	n/a	n/a	DI42
906.3240000000	n/a	n/a	STATUS	n/a	n/a	D255
906.5800000000	n/a	n/a	STATUS	n/a	n/a	DIN5
906.6320000000	n/a	n/a	STATUS	n/a	n/a	D255
907.0960000000	n/a	n/a	STATUS	n/a	n/a	DI72
907.1480000000	n/a	n/a	STATUS	n/a	n/a	D255
907.1840000000	n/a	n/a	STATUS	n/a	n/a	DI52
907.2360000000	n/a	n/a	STATUS	n/a	n/a	D255
907.5440000000	n/a	n/a	STATUS	n/a	n/a	DI42
907.5960000000	n/a	n/a	STATUS	n/a	n/a	D255
907.8520000000	n/a	n/a	STATUS	n/a	n/a	DIN5
907.9040000000	n/a	n/a	STATUS	n/a	n/a	D255
908.2880000000	n/a	n/a	STATUS	n/a	n/a	D111
908.3400000000	n/a	n/a	STATUS	n/a	n/a	D255
908.3760000000	n/a	n/a	STATUS	n/a	n/a	DI54
908.4280000000	n/a	n/a	STATUS	n/a	n/a	D255
908.7360000000	n/a	n/a	STATUS	n/a	n/a	DI34
908.7840000000	n/a	n/a	STATUS	n/a	n/a	D255
909.0440000000	n/a	n/a	STATUS	n/a	n/a	DIN5
909.0920000000	n/a	n/a	STATUS	n/a	n/a	D255
909.4640000000	n/a	n/a	STATUS	n/a	n/a	DI99
909.5120000000	n/a	n/a	STATUS	n/a	n/a	D255
909.5520000000	n/a	n/a	STATUS	n/a	n/a	DI51
909.6000000000	n/a	n/a	STATUS	n/a	n/a	D255
909.9560000000	n/a	n/a	STATUS	n/a	n/a	DI31
910.0080000000	n/a	n/a	STATUS	n/a	n/a	D255
910.2680000000	n/a	n/a	STATUS	n/a	n/a	DIN5
910.3160000000	n/a	n/a	STATUS	n/a	n/a	D255
910.6880000000	n/a	n/a	STATUS	n/a	n/a	D121
910.7360000000	n/a	n/a	STATUS	n/a	n/a	D255
910.7720000000	n/a	n/a	STATUS	n/a	n/a	DI54
910.8240000000	n/a	n/a	STATUS	n/a	n/a	D255
911.1120000000	n/a	n/a	STATUS	n/a	n/a	DI34
911.1600000000	n/a	n/a	STATUS	n/a	n/a	D255
911.4200000000	n/a	n/a	STATUS	n/a	n/a	DIN5
911.4720000000	n/a	n/a	STATUS	n/a	n/a	D255
911.8600000000	n/a	n/a	STATUS	n/a	n/a	D103
911.9080000000	n/a	n/a	STATUS	n/a	n/a	D255
911.9480000000	n/a	n/a	STATUS	n/a	n/a	DI54
911.9960000000	n/a	n/a	STATUS	n/a	n/a	D255
912.2800000000	n/a	n/a	STATUS	n/a	n/a	DI34
912.3280000000	n/a	n/a	STATUS	n/a	n/a	D255
912.5880000000	n/a	n/a	STATUS	n/a	n/a	DIN5
912.6400000000	n/a	n/a	STATUS	n/a	n/a	D255
913.1040000000	n/a	n/a	STATUS	n/a	n/a	DI96
913.1520000000	n/a	n/a	STATUS	n/a	n/a	D255
913.1920000000	n/a	n/a	STATUS	n/a	n/a	DI54
913.2400000000	n/a	n/a	STATUS	n/a	n/a	D255
913.5280000000	n/a	n/a	STATUS	n/a	n/a	DI34
913.5800000000	n/a	n/a	STATUS	n/a	n/a	D255
922.0680000000	n/a	n/a	STATUS	n/a	n/a	DIN5
922.1200000000	n/a	n/a	STATUS	n/a	n/a	D255
922.4680000000	n/a	n/a	STATUS	n/a	n/a	D207
922.5200000000	n/a	n/a	STATUS	n/a	n/a	D255
922.5560000000	n/a	n/a	STATUS	n/a	n/a	DI51
922.6040000000	n/a	n/a	STATUS	n/a	n/a	D255
923.6320000000	n/a	n/a	STATUS	n/a	n/a	DIN3
923.6840000000	n/a	n/a	STATUS	n/a	n/a	D255
924.4360000000	n/a	n/a	STATUS	n/a	n/a	DIN5
924.4880000000	n/a	n/a	STATUS	n/a	n/a	D255
924.8560000000	n/a	n/a	STATUS	n/a	n/a	D102
924.9080000000	n/a	n/a	STATUS	n/a	n/a	D255
924.9440000000	n/a	n/a	STATUS	n/a	n/a	DI51
924.9920000000	n/a	n/a	STATUS	n/a	n/a	D255
925.2880000000	n/a	n/a	STATUS	n/a	n/a	DI31
925.3360000000	n/a	n/a	STATUS	n/a	n/a	D255
925.5960000000	n/a	n/a	STATUS	n/a	n/a	DIN5
925.6480000000	n/a	n/a	STATUS	n/a	n/a	D255
926.0640000000	n/a	n/a	STATUS	n/a	n/a	D245
926.1160000000	n/a	n/a	STATUS	n/a	n/a	D255
926.1520000000	n/a	n/a	STATUS	n/a	n/a	DI54
926.2040000000	n/a	n/a	STATUS	n/a	n/a	D255
926.4920000000	n/a	n/a	STATUS	n/a	n/a	DI34
926.5400000000	n/a	n/a	STATUS	n/a	n/a	D255
926.8000000000	n/a	n/a	STATUS	n/a	n/a	DIN5
926.8520000000	n/a	n/a	STATUS	n/a	n/a	D255
927.2000000000	n/a	n/a	STATUS	n/a	n/a	D173
927.2480000000	n/a	n/a	STATUS	n/a	n/a	D255
927.2880000000	n/a	n/a	STATUS	n/a	n/a	DI53
927.3360000000	n/a	n/a	STATUS	n/a	n/a	D255
927.7120000000	n/a	n/a	STATUS	n/a	n/a	DI43
927.7600000000	n/a	n/a	STATUS	n/a	n/a	D255
928.0200000000	n/a	n/a	STATUS	n/a	n/a	DIN5
928.0680000000	n/a	n/a	STATUS	n/a	n/a	D255
928.4200000000	n/a	n/a	STATUS	n/a	n/a	D138
928.4680000000	n/a	n/a	STATUS	n/a	n/a	D255
928.5040000000	n/a	n/a	STATUS	n/a	n/a	DI52
928.5560000000	n/a	n/a	STATUS	n/a	n/a	D255
928.8520000000	n/a	n/a	STATUS	n/a	n/a	DI42
928.9040000000	n/a	n/a	STATUS	n/a	n/a	D255
929.1640000000	n/a	n/a	STATUS	n/a	n/a	DIN5
929.2120000000	n/a	n/a	STATUS	n/a	n/a	D255
929.5480000000	n/a	n/a	STATUS	n/a	n/a	D250
929.5960000000	n/a	n/a	STATUS	n/a	n/a	D255
929.6360000000	n/a	n/a	STATUS	n/a	n/a	DI52
929.6840000000	n/a	n/a	STATUS	n/a	n/a	D255
930.0760000000	n/a	n/a	STATUS	n/a	n/a	DI42
930.1280000000	n/a	n/a	STATUS	n/a	n/a	D255
930.3880000000	n/a	n/a	STATUS	n/a	n/a	DIN5
930.4360000000	n/a	n/a	STATUS	n/a	n/a	D255
930.9320000000	n/a	n/a	STATUS	n/a	n/a	D238
930.9800000000	n/a	n/a	STATUS	n/a	n/a	D255
931.0160000000	n/a	n/a	STATUS	n/a	n/a	DI51
931.0680000000	n/a	n/a	STATUS	n/a	n/a	D255
931.3960000000	n/a	n/a	STATUS	n/a	n/a	DI31
931.4480000000	n/a	n/a	STATUS	n/a	n/a	D255
931.7080000000	n/a	n/a	STATUS	n/a	n/a	DIN5
931.7560000000	n/a	n/a	STATUS	n/a	n/a	D255
932.0800000000	n/a	n/a	STATUS	n/a	n/a	D204
932.1320000000	n/a	n/a	STATUS	n/a	n/a	D255
932.1680000000	n/a	n/a	STATUS	n/a	n/a	DI51
932.2200000000	n/a	n/a	STATUS	n/a	n/a	D255
932.5680000000	n/a	n/a	STATUS	n/a	n/a	DI31
932.6160000000	n/a	n/a	STATUS	n/a	n/a	D255
932.8760000000	n/a	n/a	STATUS	n/a	n/a	DIN5
932.9280000000	n/a	n/a	STATUS	n/a	n/a	D255
933.3000000000	n/a	n/a	STATUS	n/a	n/a	DI89
933.3520000000	n/a	n/a	STATUS	n/a	n/a	D255
933.3880000000	n/a	n/a	STATUS	n/a	n/a	DI54
933.4400000000	n/a	n/a	STATUS	n/a	n/a	D255
933.9120000000	n/a	n/a	STATUS	n/a	n/a	DI34
933.9600000000	n/a	n/a	STATUS	n/a	n/a	D255
934.2200000000	n/a	n/a	STATUS	n/a	n/a	DIN5
934.2680000000	n/a	n/a	STATUS	n/a	n/a	D255
934.6680000000	n/a	n/a	STATUS	n/a	n/a	D137
934.7200000000	n/a	n/a	STATUS	n/a	n/a	D255
934.7560000000	n/a	n/a	STATUS	n/a	n/a	DI51
934.8080000000	n/a	n/a	STATUS	n/a	n/a	D255
935.0760000000	n/a	n/a	STATUS	n/a	n/a	DI21
935.1240000000	n/a	n/a	STATUS	n/a	n/a	D255
935.1280000000	n/a	n/a	STATUS	n/a	n/a	DIN4
935.1800000000	n/a	n/a	STATUS	n/a	n/a	D255
935.9360000000	n/a	n/a	STATUS	n/a	n/a	DIN5
935.9840000000	n/a	n/a	STATUS	n/a	n/a	D255
936.3240000000	n/a	n/a	STATUS	n/a	n/a	D215
936.3760000000	n/a	n/a	STATUS	n/a	n/a	D255
936.4120000000	n/a	n/a	STATUS	n/a	n/a	DI53
936.4600000000	n/a	n/a	STATUS	n/a	n/a	D255
936.7000000000	n/a	n/a	STATUS	n/a	n/a	DI43
936.7480000000	n/a	n/a	STATUS	n/a	n/a	D255
937.0080000000	n/a	n/a	STATUS	n/a	n/a	DIN5
937.0560000000	n/a	n/a	STATUS	n/a	n/a	D255
937.5320000000	n/a	n/a	STATUS	n/a	n/a	D229
937.5840000000	n/a	n/a	STATUS	n/a	n/a	D255
937.6200000000	n/a	n/a	STATUS	n/a	n/a	DI51
937.6720000000	n/a	n/a	STATUS	n/a	n/a	D255
937.9520000000	n/a	n/a	STATUS	n/a	n/a	DI31
938.0040000000	n/a	n/a	STATUS	n/a	n/a	D255
938.2640000000	n/a	n/a	STATUS	n/a	n/a	DIN5
938.3120000000	n/a	n/a	STATUS	n/a	n/a	D255
938.7520000000	n/a	n/a	STATUS	n/a	n/a	D125
938.8040000000	n/a	n/a	STATUS	n/a	n/a	D255
938.8400000000	n/a	n/a	STATUS	n/a	n/a	DI54
938.8920000000	n/a	n/a	STATUS	n/a	n/a	D255
939.1160000000	n/a	n/a	STATUS	n/a	n/a	DI34
939.1680000000	n/a	n/a	STATUS	n/a	n/a	D255
939.4240000000	n/a	n/a	STATUS	n/a	n/a	DIN5
939.4760000000	n/a	n/a	STATUS	n/a	n/a	D255
939.9000000000	n/a	n/a	STATUS	n/a	n/a	D110
939.9520000000	n/a	n/a	STATUS	n/a	n/a	D255
939.9880000000	n/a	n/a	STATUS	n/a	n/a	DI52
940.0400000000	n/a	n/a	STATUS	n/a	n/a	D255
940.3360000000	n/a	n/a	STATUS	n/a	n/a	DI42
940.3880000000	n/a	n/a	STATUS	n/a	n/a	D255
940.6480000000	n/a	n/a	STATUS	n/a	n/a	DIN5
940.6960000000	n/a	n/a	STATUS	n/a	n/a	D255
941.1240000000	n/a	n/a	STATUS	n/a	n/a	D214
941.1720000000	n/a	n/a	STATUS	n/a	n/a	D255
941.2080000000	n/a	n/a	STATUS	n/a	n/a	DI51
941.2600000000	n/a	n/a	STATUS	n/a	n/a	D255
941.4520000000	n/a	n/a	STATUS	n/a	n/a	DI21
941.5040000000	n/a	n/a	STATUS	n/a	n/a	D255
941.5080000000	n/a	n/a	STATUS	n/a	n/a	DIN4
941.5560000000	n/a	n/a	STATUS	n/a	n/a	D255
942.3120000000	n/a	n/a	STATUS	n/a	n/a	DIN5
942.3640000000	n/a	n/a	STATUS	n/a	n/a	D255
942.7080000000	n/a	n/a	STATUS	n/a	n/a	DI94
942.7560000000	n/a	n/a	STATUS	n/a	n/a	D255
942.7960000000	n/a	n/a	STATUS	n/a	n/a	DI51
942.8440000000	n/a	n/a	STATUS	n/a	n/a	D255
943.1720000000	n/a	n/a	STATUS	n/a	n/a	DI31
943.2200000000	n/a	n/a	STATUS	n/a	n/a	D255
943.4800000000	n/a	n/a	STATUS	n/a	n/a	DIN5
943.5280000000	n/a	n/a	STATUS	n/a	n/a	D255
944.0000000000	n/a	n/a	STATUS	n/a	n/a	D129
944.0480000000	n/a	n/a	STATUS	n/a	n/a	D255
944.0880000000	n/a	n/a	STATUS	n/a	n/a	DI53
944.1360000000	n/a	n/a	STATUS	n/a	n/a	D255
944.3480000000	n/a	n/a	STATUS	n/a	n/a	DI43
944.3960000000	n/a	n/a	STATUS	n/a	n/a	D255
944.6560000000	n/a	n/a	STATUS	n/a	n/a	DIN5
944.7080000000	n/a	n/a	STATUS	n/a	n/a	D255
945.2040000000	n/a	n/a	STATUS	n/a	n/a	D109
945.2560000000	n/a	n/a	STATUS	n/a	n/a	D255
945.2920000000	n/a	n/a	STATUS	n/a	n/a	DI54
945.3440000000	n/a	n/a	STATUS	n/a	n/a	D255
945.5680000000	n/a	n/a	STATUS	n/a	n/a	DI34
945.6160000000	n/a	n/a	STATUS	n/a	n/a	D255
945.8760000000	n/a	n/a	STATUS	n/a	n/a	DIN5
945.9280000000	n/a	n/a	STATUS	n/a	n/a	D255
946.2520000000	n/a	n/a	STATUS	n/a	n/a	D113
946.3000000000	n/a	n/a	STATUS	n/a	n/a	D255
946.3400000000	n/a	n/a	STATUS	n/a	n/a	DI53
946.3880000000	n/a	n/a	STATUS	n/a	n/a	D255
946.6200000000	n/a	n/a	STATUS	n/a	n/a	DI43
946.6720000000	n/a	n/a	STATUS	n/a	n/a	D255
946.9280000000	n/a	n/a	STATUS	n/a	n/a	DIN5
946.9800000000	n/a	n/a	STATUS	n/a	n/a	D255
947.4640000000	n/a	n/a	STATUS	n/a	n/a	DI96
947.5120000000	n/a	n/a	STATUS	n/a	n/a	D255
947.5520000000	n/a	n/a	STATUS	n/a	n/a	DI53
947.6000000000	n/a	n/a	STATUS	n/a	n/a	D255
947.8520000000	n/a	n/a	STATUS	n/a	n/a	DI43
947.9040000000	n/a	n/a	STATUS	n/a	n/a	D255
948.1640000000	n/a	n/a	STATUS	n/a	n/a	DIN5
948.2120000000	n/a	n/a	STATUS	n/a	n/a	D255
948.6680000000	n/a	n/a	STATUS	n/a	n/a	D239
948.7160000000	n/a	n/a	STATUS	n/a	n/a	D255
948.7560000000	n/a	n/a	STATUS	n/a	n/a	DI54
948.8080000000	n/a	n/a	STATUS	n/a	n/a	D255
949.0160000000	n/a	n/a	STATUS	n/a	n/a	DI34
949.0640000000	n/a	n/a	STATUS	n/a	n/a	D255
949.3240000000	n/a	n/a	STATUS	n/a	n/a	DIN5
949.3760000000	n/a	n/a	STATUS	n/a	n/a	D255
949.8680000000	n/a	n/a	STATUS	n/a	n/a	D152
949.9200000000	n/a	n/a	STATUS	n/a	n/a	D255
949.9560000000	n/a	n/a	STATUS	n/a	n/a	DI54
950.0080000000	n/a	n/a	STATUS	n/a	n/a	D255
950.2280000000	n/a	n/a	STATUS	n/a	n/a	DI34
950.2800000000	n/a	n/a	STATUS	n/a	n/a	D255
950.5360000000	n/a	n/a	STATUS	n/a	n/a	DIN5
950.5880000000	n/a	n/a	STATUS	n/a	n/a	D255
951.0520000000	n/a	n/a	STATUS	n/a	n/a	D151
951.1040000000	n/a	n/a	STATUS	n/a	n/a	D255
951.1400000000	n/a	n/a	STATUS	n/a	n/a	DI51
951.1880000000	n/a	n/a	STATUS	n/a	n/a	D255
951.4000000000	n/a	n/a	STATUS	n/a	n/a	DI21
951.4520000000	n/a	n/a	STATUS	n/a	n/a	D255
951.4560000000	n/a	n/a	STATUS	n/a	n/a	DIN4
951.5080000000	n/a	n/a	STATUS	n/a	n/a	D255
952.2600000000	n/a	n/a	STATUS	n/a	n/a	DIN5
952.3120000000	n/a	n/a	STATUS	n/a	n/a	D255
952.8120000000	n/a	n/a	STATUS	n/a	n/a	DI75
952.8600000000	n/a	n/a	STATUS	n/a	n/a	D255
952.9000000000	n/a	n/a	STATUS	n/a	n/a	DI54
952.9480000000	n/a	n/a	STATUS	n/a	n/a	D255
953.2000000000	n/a	n/a	STATUS	n/a	n/a	DI34
953.2520000000	n/a	n/a	STATUS	n/a	n/a	D255
953.5080000000	n/a	n/a	STATUS	n/a	n/a	DIN5
953.5600000000	n/a	n/a	STATUS	n/a	n/a	D255
954.0640000000	n/a	n/a	STATUS	n/a	n/a	DI86
954.1160000000	n/a	n/a	STATUS	n/a	n/a	D255
954.1520000000	n/a	n/a	STATUS	n/a	n/a	DI53
954.2040000000	n/a	n/a	STATUS	n/a	n/a	D255
954.4240000000	n/a	n/a	STATUS	n/a	n/a	DI43
954.4720000000	n/a	n/a	STATUS	n/a	n/a	D239
954.4760000000	n/a	n/a	STATUS	n/a	n/a	D255
954.7320000000	n/a	n/a	STATUS	n/a	n/a	DIN5
954.7840000000	n/a	n/a	STATUS	n/a	n/a	D255
955.2240000000	n/a	n/a	STATUS	n/a	n/a	D105
955.2720000000	n/a	n/a	STATUS	n/a	n/a	D255
955.3120000000	n/a	n/a	STATUS	n/a	n/a	DI54
955.3600000000	n/a	n/a	STATUS	n/a	n/a	D255
955.5880000000	n/a	n/a	STATUS	n/a	n/a	DI34
955.6360000000	n/a	n/a	STATUS	n/a	n/a	D255
955.8960000000	n/a	n/a	STATUS	n/a	n/a	DIN5
955.9440000000	n/a	n/a	STATUS	n/a	n/a	D255
956.2600000000	n/a	n/a	STATUS	n/a	n/a	D224
956.3080000000	n/a	n/a	STATUS	n/a	n/a	D255
956.3480000000	n/a	n/a	STATUS	n/a	n/a	DI51
956.3960000000	n/a	n/a	STATUS	n/a	n/a	D255
956.7320000000	n/a	n/a	STATUS	n/a	n/a	DI31
956.7800000000	n/a	n/a	STATUS	n/a	n/a	D255
957.0400000000	n/a	n/a	STATUS	n/a	n/a	DIN5
957.0920000000	n/a	n/a	STATUS	n/a	n/a	D255
957.5200000000	n/a	n/a	STATUS	n/a	n/a	D104
957.5680000000	n/a	n/a	STATUS	n/a	n/a	D255
957.6080000000	n/a	n/a	STATUS	n/a	n/a	DI52
957.6600000000	n/a	n/a	STATUS	n/a	n/a	D255
957.8720000000	n/a	n/a	STATUS	n/a	n/a	DI12
957.9200000000	n/a	n/a	STATUS	n/a	n/a	D255
957.9240000000	n/a	n/a	STATUS	n/a	n/a	DIN4
957.9760000000	n/a	n/a	STATUS	n/a	n/a	D255
958.7280000000	n/a	n/a	STATUS	n/a	n/a	DIN5
958.7800000000	n/a	n/a	STATUS	n/a	n/a	D255
959.1120000000	n/a	n/a	STATUS	n/a	n/a	D199
959.1640000000	n/a	n/a	STATUS	n/a	n/a	D255
959.2000000000	n/a	n/a	STATUS	n/a	n/a	DI52
959.2520000000	n/a	n/a	STATUS	n/a	n/a	D255
959.5840000000	n/a	n/a	STATUS	n/a	n/a	DI42
959.6360000000	n/a	n/a	STATUS	n/a	n/a	D255
959.8920000000	n/a	n/a	STATUS	n/a	n/a	DIN5
959.9440000000	n/a	n/a	STATUS	n/a	n/a	D255
960.4440000000	n/a	n/a	STATUS	n/a	n/a	D168
960.4920000000	n/a	n/a	STATUS	n/a	n/a	D255
960.5320000000	n/a	n/a	STATUS	n/a	n/a	DI51
960.5800000000	n/a	n/a	STATUS	n/a	n/a	D255
960.8840000000	n/a	n/a	STATUS	n/a	n/a	DI31
960.9360000000	n/a	n/a	STATUS	n/a	n/a	D255
961.1960000000	n/a	n/a	STATUS	n/a	n/a	DIN5
961.2440000000	n/a	n/a	STATUS	n/a	n/a	D255
961.6680000000	n/a	n/a	STATUS	n/a	n/a	D144
961.7200000000	n/a	n/a	STATUS	n/a	n/a	D255
961.7560000000	n/a	n/a	STATUS	n/a	n/a	DI51
961.8040000000	n/a	n/a	STATUS	n/a	n/a	D255
962.0400000000	n/a	n/a	STATUS	n/a	n/a	DI21
962.0920000000	n/a	n/a	STATUS	n/a	n/a	D255
962.0960000000	n/a	n/a	STATUS	n/a	n/a	DIN4
962.1480000000	n/a	n/a	STATUS	n/a	n/a	D255
962.9000000000	n/a	n/a	STATUS	n/a	n/a	DIN5
962.9520000000	n/a	n/a	STATUS	n/a	n/a	D255
963.3040000000	n/a	n/a	STATUS	n/a	n/a	D159
963.3560000000	n/a	n/a	STATUS	n/a	n/a	D255
963.3920000000	n/a	n/a	STATUS	n/a	n/a	DI52
963.4440000000	n/a	n/a	STATUS	n/a	n/a	D255
963.7640000000	n/a	n/a	STATUS	n/a	n/a	DI42
963.8160000000	n/a	n/a	STATUS	n/a	n/a	D255
964.0720000000	n/a	n/a	STATUS	n/a	n/a	DIN5
964.1240000000	n/a	n/a	STATUS	n/a	n/a	D255
964.5040000000	n/a	n/a	STATUS	n/a	n/a	DI67
964.5520000000	n/a	n/a	STATUS	n/a	n/a	D255
964.5920000000	n/a	n/a	STATUS	n/a	n/a	DI53
964.6400000000	n/a	n/a	STATUS	n/a	n/a	D255
964.9600000000	n/a	n/a	STATUS	n/a	n/a	DI43
965.0120000000	n/a	n/a	STATUS	n/a	n/a	D255
965.2720000000	n/a	n/a	STATUS	n/a	n/a	DIN5
965.3200000000	n/a	n/a	STATUS	n/a	n/a	D255
965.7200000000	n/a	n/a	STATUS	n/a	n/a	DI74
965.7720000000	n/a	n/a	STATUS	n/a	n/a	D255
965.8080000000	n/a	n/a	STATUS	n/a	n/a	DI51
965.8560000000	n/a	n/a	STATUS	n/a	n/a	D255
966.2200000000	n/a	n/a	STATUS	n/a	n/a	DI31
966.2720000000	n/a	n/a	STATUS	n/a	n/a	D255
966.5320000000	n/a	n/a	STATUS	n/a	n/a	DIN5
966.5800000000	n/a	n/a	STATUS	n/a	n/a	D255
967.0840000000	n/a	n/a	STATUS	n/a	n/a	D160
967.1360000000	n/a	n/a	STATUS	n/a	n/a	D255
967.1720000000	n/a	n/a	STATUS	n/a	n/a	DI52
967.2240000000	n/a	n/a	STATUS	n/a	n/a	D255
967.5200000000	n/a	n/a	STATUS	n/a	n/a	DI42
967.5680000000	n/a	n/a	STATUS	n/a	n/a	D255
967.8280000000	n/a	n/a	STATUS	n/a	n/a	DIN5
967.8800000000	n/a	n/a	STATUS	n/a	n/a	D255
968.2640000000	n/a	n/a	STATUS	n/a	n/a	D249
968.3120000000	n/a	n/a	STATUS	n/a	n/a	D255
968.3520000000	n/a	n/a	STATUS	n/a	n/a	DI52
968.4000000000	n/a	n/a	STATUS	n/a	n/a	D255
968.8000000000	n/a	n/a	STATUS	n/a	n/a	DI42
968.8480000000	n/a	n/a	STATUS	n/a	n/a	D255
969.1080000000	n/a	n/a	STATUS	n/a	n/a	DIN5
969.1560000000	n/a	n/a	STATUS	n/a	n/a	D255
969.4680000000	n/a	n/a	STATUS	n/a	n/a	D247
969.5160000000	n/a	n/a	STATUS	n/a	n/a	D255
969.5560000000	n/a	n/a	STATUS	n/a	n/a	DI54
969.6040000000	n/a	n/a	STATUS	n/a	n/a	D255
969.8760000000	n/a	n/a	STATUS	n/a	n/a	DI34
969.9280000000	n/a	n/a	STATUS	n/a	n/a	D255
970.1840000000	n/a	n/a	STATUS	n/a	n/a	DIN5
970.2360000000	n/a	n/a	STATUS	n/a	n/a	D255
970.6280000000	n/a	n/a	STATUS	n/a	n/a	D193
970.6800000000	n/a	n/a	STATUS	n/a	n/a	D255
970.7160000000	n/a	n/a	STATUS	n/a	n/a	DI53
970.7680000000	n/a	n/a	STATUS	n/a	n/a	D255
970.9880000000	n/a	n/a	STATUS	n/a	n/a	DI43
971.0360000000	n/a	n/a	STATUS	n/a	n/a	D255
971.2960000000	n/a	n/a	STATUS	n/a	n/a	DIN5
971.3480000000	n/a	n/a	STATUS	n/a	n/a	D255
971.6560000000	n/a	n/a	STATUS	n/a	n/a	D145
971.7080000000	n/a	n/a	STATUS	n/a	n/a	D255
971.7440000000	n/a	n/a	STATUS	n/a	n/a	DI52
971.7920000000	n/a	n/a	STATUS	n/a	n/a	D255
972.0920000000	n/a	n/a	STATUS	n/a	n/a	DI42
972.1440000000	n/a	n/a	STATUS	n/a	n/a	D255
972.4000000000	n/a	n/a	STATUS	n/a	n/a	DIN5
972.4520000000	n/a	n/a	STATUS	n/a	n/a	D255
972.8920000000	n/a	n/a	STATUS	n/a	n/a	DI84
972.9400000000	n/a	n/a	STATUS	n/a	n/a	D255
972.9800000000	n/a	n/a	STATUS	n/a	n/a	DI54
973.0280000000	n/a	n/a	STATUS	n/a	n/a	D255
973.2640000000	n/a	n/a	STATUS	n/a	n/a	DI34
973.3160000000	n/a	n/a	STATUS	n/a	n/a	D255
973.5720000000	n/a	n/a	STATUS	n/a	n/a	DIN5
973.6240000000	n/a	n/a	STATUS	n/a	n/a	D255
973.9640000000	n/a	n/a	STATUS	n/a	n/a	D223
974.0120000000	n/a	n/a	STATUS	n/a	n/a	D255
974.0520000000	n/a	n/a	STATUS	n/a	n/a	DI51
974.1000000000	n/a	n/a	STATUS	n/a	n/a	D255
974.5120000000	n/a	n/a	STATUS	n/a	n/a	DI31
974.5600000000	n/a	n/a	STATUS	n/a	n/a	D255
974.8200000000	n/a	n/a	STATUS	n/a	n/a	DIN5
974.8680000000	n/a	n/a	STATUS	n/a	n/a	D255
975.2600000000	n/a	n/a	STATUS	n/a	n/a	D230
975.3080000000	n/a	n/a	STATUS	n/a	n/a	D255
975.3480000000	n/a	n/a	STATUS	n/a	n/a	DI54
975.3960000000	n/a	n/a	STATUS	n/a	n/a	D255
975.6400000000	n/a	n/a	STATUS	n/a	n/a	DI34
975.6920000000	n/a	n/a	STATUS	n/a	n/a	D255
975.9520000000	n/a	n/a	STATUS	n/a	n/a	DIN5
976.0000000000	n/a	n/a	STATUS	n/a	n/a	D255
976.4920000000	n/a	n/a	STATUS	n/a	n/a	D254
976.5400000000	n/a	n/a	STATUS	n/a	n/a	D255
976.5800000000	n/a	n/a	STATUS	n/a	n/a	DI53
976.6280000000	n/a	n/a	STATUS	n/a	n/a	D255
976.9000000000	n/a	n/a	STATUS	n/a	n/a	DI43
976.9520000000	n/a	n/a	STATUS	n/a	n/a	D255
977.2120000000	n/a	n/a	STATUS	n/a	n/a	DIN5
977.2600000000	n/a	n/a	STATUS	n/a	n/a	D255
977.7320000000	n/a	n/a	STATUS	n/a	n/a	D121
977.7800000000	n/a	n/a	STATUS	n/a	n/a	D255
977.8160000000	n/a	n/a	STATUS	n/a	n/a	DI53
977.8680000000	n/a	n/a	STATUS	n/a	n/a	D255
978.1600000000	n/a	n/a	STATUS	n/a	n/a	DI43
978.2080000000	n/a	n/a	STATUS	n/a	n/a	D255
978.4680000000	n/a	n/a	STATUS	n/a	n/a	DIN5
978.5200000000	n/a	n/a	STATUS	n/a	n/a	D255
978.8800000000	n/a	n/a	STATUS	n/a	n/a	DI85
978.9280000000	n/a	n/a	STATUS	n/a	n/a	D255
978.9640000000	n/a	n/a	STATUS	n/a	n/a	DI53
979.0160000000	n/a	n/a	STATUS	n/a	n/a	D255
979.2600000000	n/a	n/a	STATUS	n/a	n/a	DI43
979.3120000000	n/a	n/a	STATUS	n/a	n/a	D255
979.5720000000	n/a	n/a	STATUS	n/a	n/a	DIN5
979.6200000000	n/a	n/a	STATUS	n/a	n/a	D255
980.0800000000	n/a	n/a	STATUS	n/a	n/a	D127
980.1320000000	n/a	n/a	STATUS	n/a	n/a	D255
980.1680000000	n/a	n/a	STATUS	n/a	n/a	DI51
980.2200000000	n/a	n/a	STATUS	n/a	n/a	D255
980.5720000000	n/a	n/a	STATUS	n/a	n/a	DI31
980.6200000000	n/a	n/a	STATUS	n/a	n/a	D255
980.8800000000	n/a	n/a	STATUS	n/a	n/a	DIN5
980.9280000000	n/a	n/a	STATUS	n/a	n/a	D255
981.3440000000	n/a	n/a	STATUS	n/a	n/a	D172
981.3960000000	n/a	n/a	STATUS	n/a	n/a	D255
981.4320000000	n/a	n/a	STATUS	n/a	n/a	DI52
981.4840000000	n/a	n/a	STATUS	n/a	n/a	D255
981.8040000000	n/a	n/a	STATUS	n/a	n/a	DI42
981.8560000000	n/a	n/a	STATUS	n/a	n/a	D255
982.1160000000	n/a	n/a	STATUS	n/a	n/a	DIN5
982.1640000000	n/a	n/a	STATUS	n/a	n/a	D255
982.6240000000	n/a	n/a	STATUS	n/a	n/a	D253
982.6760000000	n/a	n/a	STATUS	n/a	n/a	D255
982.7120000000	n/a	n/a	STATUS	n/a	n/a	DI54
982.7640000000	n/a	n/a	STATUS	n/a	n/a	D255
983.0200000000	n/a	n/a	STATUS	n/a	n/a	DI34
983.0720000000	n/a	n/a	STATUS	n/a	n/a	D255
983.3320000000	n/a	n/a	STATUS	n/a	n/a	DIN5
983.3800000000	n/a	n/a	STATUS	n/a	n/a	D255
983.7360000000	n/a	n/a	STATUS	n/a	n/a	DI97
983.7840000000	n/a	n/a	STATUS	n/a	n/a	D255
983.8240000000	n/a	n/a	STATUS	n/a	n/a	DI54
983.8720000000	n/a	n/a	STATUS	n/a	n/a	D255
984.1320000000	n/a	n/a	STATUS	n/a	n/a	DI34
984.1840000000	n/a	n/a	STATUS	n/a	n/a	D255
984.4440000000	n/a	n/a	STATUS	n/a	n/a	DIN5
984.4920000000	n/a	n/a	STATUS	n/a	n/a	D255
984.8880000000	n/a	n/a	STATUS	n/a	n/a	D112
984.9360000000	n/a	n/a	STATUS	n/a	n/a	D255
984.9760000000	n/a	n/a	STATUS	n/a	n/a	DI54
985.0240000000	n/a	n/a	STATUS	n/a	n/a	D255
985.3040000000	n/a	n/a	STATUS	n/a	n/a	DI34
985.3520000000	n/a	n/a	STATUS	n/a	n/a	D255
985.6120000000	n/a	n/a	STATUS	n/a	n/a	DIN5
985.6600000000	n/a	n/a	STATUS	n/a	n/a	D255
986.0320000000	n/a	n/a	STATUS	n/a	n/a	D248
986.0800000000	n/a	n/a	STATUS	n/a	n/a	D255
986.1200000000	n/a	n/a	STATUS	n/a	n/a	DI53
986.1680000000	n/a	n/a	STATUS	n/a	n/a	D255
986.4040000000	n/a	n/a	STATUS	n/a	n/a	DI43
986.4560000000	n/a	n/a	STATUS	n/a	n/a	D255
986.7160000000	n/a	n/a	STATUS	n/a	n/a	DIN5
986.7640000000	n/a	n/a	STATUS	n/a	n/a	D255
987.1160000000	n/a	n/a	STATUS	n/a	n/a	D134
987.1640000000	n/a	n/a	STATUS	n/a	n/a	D255
987.2040000000	n/a	n/a	STATUS	n/a	n/a	DI54
987.2520000000	n/a	n/a	STATUS	n/a	n/a	D255
987.5320000000	n/a	n/a	STATUS	n/a	n/a	DI34
987.5800000000	n/a	n/a	STATUS	n/a	n/a	D255
987.8400000000	n/a	n/a	STATUS	n/a	n/a	DIN5
987.8920000000	n/a	n/a	STATUS	n/a	n/a	D255
988.2400000000	n/a	n/a	STATUS	n/a	n/a	D116
988.2920000000	n/a	n/a	STATUS	n/a	n/a	D255
988.3280000000	n/a	n/a	STATUS	n/a	n/a	DI52
988.3760000000	n/a	n/a	STATUS	n/a	n/a	D255
988.7040000000	n/a	n/a	STATUS	n/a	n/a	DI42
988.7560000000	n/a	n/a	STATUS	n/a	n/a	D255
989.0160000000	n/a	n/a	STATUS	n/a	n/a	DIN5
989.0640000000	n/a	n/a	STATUS	n/a	n/a	D255
989.4680000000	n/a	n/a	STATUS	n/a	n/a	DI78
989.5200000000	n/a	n/a	STATUS	n/a	n/a	D255
989.5560000000	n/a	n/a	STATUS	n/a	n/a	DI52
989.6080000000	n/a	n/a	STATUS	n/a	n/a	D255
989.8640000000	n/a	n/a	STATUS	n/a	n/a	DI12
989.9120000000	n/a	n/a	STATUS	n/a	n/a	D255
989.9160000000	n/a	n/a	STATUS	n/a	n/a	DIN4
989.9680000000	n/a	n/a	STATUS	n/a	n/a	D255
990.7200000000	n/a	n/a	STATUS	n/a	n/a	DIN5
990.7720000000	n/a	n/a	STATUS	n/a	n/a	D255
991.0960000000	n/a	n/a	STATUS	n/a	n/a	D155
991.1480000000	n/a	n/a	STATUS	n/a	n/a	D255
991.1840000000	n/a	n/a	STATUS	n/a	n/a	DI53
991.2360000000	n/a	n/a	STATUS	n/a	n/a	D255
991.5200000000	n/a	n/a	STATUS	n/a	n/a	DI43
991.5680000000	n/a	n/a	STATUS	n/a	n/a	D255
991.8280000000	n/a	n/a	STATUS	n/a	n/a	DIN5
991.8760000000	n/a	n/a	STATUS	n/a	n/a	D255
992.2440000000	n/a	n/a	STATUS	n/a	n/a	D234
992.2920000000	n/a	n/a	STATUS	n/a	n/a	D255
992.3320000000	n/a	n/a	STATUS	n/a	n/a	DI54
992.3800000000	n/a	n/a	STATUS	n/a	n/a	D255
992.6440000000	n/a	n/a	STATUS	n/a	n/a	DI34
992.6920000000	n/a	n/a	STATUS	n/a	n/a	D255
992.9520000000	n/a	n/a	STATUS	n/a	n/a	DIN5
993.0040000000	n/a	n/a	STATUS	n/a	n/a	D255
993.4280000000	n/a	n/a	STATUS	n/a	n/a	D165
993.4800000000	n/a	n/a	STATUS	n/a	n/a	D255
993.5160000000	n/a	n/a	STATUS	n/a	n/a	DI53
993.5640000000	n/a	n/a	STATUS	n/a	n/a	D255
993.8360000000	n/a	n/a	STATUS	n/a	n/a	DI43
993.8840000000	n/a	n/a	STATUS	n/a	n/a	D255
994.1440000000	n/a	n/a	STATUS	n/a	n/a	DIN5
994.1960000000	n/a	n/a	STATUS	n/a	n/a	D255
994.1960000000	n/a	n/a	STATUS	n/a	n/a	D231
994.5600000000	n/a	n/a	STATUS	n/a	n/a	D158
994.6080000000	n/a	n/a	STATUS	n/a	n/a	D255
994.6480000000	n/a	n/a	STATUS	n/a	n/a	DI52
994.6960000000	n/a	n/a	STATUS	n/a	n/a	D255
994.9840000000	n/a	n/a	STATUS	n/a	n/a	DI42
995.0360000000	n/a	n/a	STATUS	n/a	n/a	D255
995.2920000000	n/a	n/a	STATUS	n/a	n/a	DIN5
995.3440000000	n/a	n/a	STATUS	n/a	n/a	D255
995.7760000000	n/a	n/a	STATUS	n/a	n/a	D106
995.8280000000	n/a	n/a	STATUS	n/a	n/a	D255
995.8640000000	n/a	n/a	STATUS	n/a	n/a	DI54
995.9160000000	n/a	n/a	STATUS	n/a	n/a	D255
996.2480000000	n/a	n/a	STATUS	n/a	n/a	DI34
996.3000000000	n/a	n/a	STATUS	n/a	n/a	D255
996.5560000000	n/a	n/a	STATUS	n/a	n/a	DIN5
996.6080000000	n/a	n/a	STATUS	n/a	n/a	D255
996.9680000000	n/a	n/a	STATUS	n/a	n/a	D194
997.0160000000	n/a	n/a	STATUS	n/a	n/a	D255
997.0560000000	n/a	n/a	STATUS	n/a	n/a	DI54
997.1040000000	n/a	n/a	STATUS	n/a	n/a	D255
997.3760000000	n/a	n/a	STATUS	n/a	n/a	DI34
997.4280000000	n/a	n/a	STATUS	n/a	n/a	D255
997.6880000000	n/a	n/a	STATUS	n/a	n/a	DIN5
997.7360000000	n/a	n/a	STATUS	n/a	n/a	D255
998.1120000000	n/a	n/a	STATUS	n/a	n/a	DI91
998.1600000000	n/a	n/a	STATUS	n/a	n/a	D255
998.1960000000	n/a	n/a	STATUS	n/a	n/a	DI51
998.2480000000	n/a	n/a	STATUS	n/a	n/a	D255
998.5800000000	n/a	n/a	STATUS	n/a	n/a	DI31
998.6280000000	n/a	n/a	STATUS	n/a	n/a	D255
998.8880000000	n/a	n/a	STATUS	n/a	n/a	DIN5
998.9400000000	n/a	n/a	STATUS	n/a	n/a	D255
999.3520000000	n/a	n/a	STATUS	n/a	n/a	D209
999.4040000000	n/a	n/a	STATUS	n/a	n/a	D255
999.4400000000	n/a	n/a	STATUS	n/a	n/a	DI52
999.4920000000	n/a	n/a	STATUS	n/a	n/a	D255
999.7960000000	n/a	n/a	STATUS	n/a	n/a	DI42
999.8480000000	n/a	n/a	STATUS	n/a	n/a	D255
1000.1040000000	n/a	n/a	STATUS	n/a	n/a	DIN5
1000.1560000000	n/a	n/a	STATUS	n/a	n/a	D255
1000.6560000000	n/a	n/a	STATUS	n/a	n/a	D139
1000.7040000000	n/a	n/a	STATUS	n/a	n/a	D255
1000.7440000000	n/a	n/a	STATUS	n/a	n/a	DI52
1000.7920000000	n/a	n/a	STATUS	n/a	n/a	D255
1001.0280000000	n/a	n/a	STATUS	n/a	n/a	DI12
1001.0760000000	n/a	n/a	STATUS	n/a	n/a	D255
1001.0800000000	n/a	n/a	STATUS	n/a	n/a	DIN4
1001.1320000000	n/a	n/a	STATUS	n/a	n/a	D255
1001.8840000000	n/a	n/a	STATUS	n/a	n/a	DIN5
1001.9360000000	n/a	n/a	STATUS	n/a	n/a	D255
1002.4400000000	n/a	n/a	STATUS	n/a	n/a	D219
1002.4920000000	n/a	n/a	STATUS	n/a	n/a	D255
1002.5280000000	n/a	n/a	STATUS	n/a	n/a	DI53
1002.5760000000	n/a	n/a	STATUS	n/a	n/a	D255
1002.8120000000	n/a	n/a	STATUS	n/a	n/a	DI43
1002.8640000000	n/a	n/a	STATUS	n/a	n/a	D255
1003.1240000000	n/a	n/a	STATUS	n/a	n/a	DIN5
1003.1720000000	n/a	n/a	STATUS	n/a	n/a	D255
1003.5120000000	n/a	n/a	STATUS	n/a	n/a	D174
1003.5640000000	n/a	n/a	STATUS	n/a	n/a	D255
1003.6000000000	n/a	n/a	STATUS	n/a	n/a	DI53
1003.6480000000	n/a	n/a	STATUS	n/a	n/a	D255
1003.9040000000	n/a	n/a	STATUS	n/a	n/a	DI43
1003.9560000000	n/a	n/a	STATUS	n/a	n/a	D255
1004.2160000000	n/a	n/a	STATUS	n/a	n/a	DIN5
1004.2640000000	n/a	n/a	STATUS	n/a	n/a	D255
1004.5880000000	n/a	n/a	STATUS	n/a	n/a	D175
1004.6400000000	n/a	n/a	STATUS	n/a	n/a	D255
1004.6760000000	n/a	n/a	STATUS	n/a	n/a	DI53
1004.7280000000	n/a	n/a	STATUS	n/a	n/a	D255
1004.9480000000	n/a	n/a	STATUS	n/a	n/a	DI43
1005.0000000000	n/a	n/a	STATUS	n/a	n/a	D255
1005.2560000000	n/a	n/a	STATUS	n/a	n/a	DIN5
1005.3080000000	n/a	n/a	STATUS	n/a	n/a	D255
1005.6880000000	n/a	n/a	STATUS	n/a	n/a	DI66
1005.7360000000	n/a	n/a	STATUS	n/a	n/a	D255
1005.7760000000	n/a	n/a	STATUS	n/a	n/a	DI52
1005.8240000000	n/a	n/a	STATUS	n/a	n/a	D255
1006.1760000000	n/a	n/a	STATUS	n/a	n/a	DI42
1006.2240000000	n/a	n/a	STATUS	n/a	n/a	D255
1006.4840000000	n/a	n/a	STATUS	n/a	n/a	DIN5
1006.5320000000	n/a	n/a	STATUS	n/a	n/a	D255
1006.9120000000	n/a	n/a	STATUS	n/a	n/a	D235
1006.9640000000	n/a	n/a	STATUS	n/a	n/a	D255
1007.0000000000	n/a	n/a	STATUS	n/a	n/a	DI51
1007.0520000000	n/a	n/a	STATUS	n/a	n/a	D255
1007.4320000000	n/a	n/a	STATUS	n/a	n/a	DI31
1007.4840000000	n/a	n/a	STATUS	n/a	n/a	D255
1007.7440000000	n/a	n/a	STATUS	n/a	n/a	DIN5
1007.7920000000	n/a	n/a	STATUS	n/a	n/a	D255
1008.1720000000	n/a	n/a	STATUS	n/a	n/a	D240
1008.2240000000	n/a	n/a	STATUS	n/a	n/a	D255
1008.2600000000	n/a	n/a	STATUS	n/a	n/a	DI53
1008.3080000000	n/a	n/a	STATUS	n/a	n/a	D255
1008.5600000000	n/a	n/a	STATUS	n/a	n/a	DI43
1008.6080000000	n/a	n/a	STATUS	n/a	n/a	D255
1008.8680000000	n/a	n/a	STATUS	n/a	n/a	DIN5
1008.9200000000	n/a	n/a	STATUS	n/a	n/a	D255
1009.2680000000	n/a	n/a	STATUS	n/a	n/a	D157
1009.3200000000	n/a	n/a	STATUS	n/a	n/a	D255
1009.3560000000	n/a	n/a	STATUS	n/a	n/a	DI53
1009.4080000000	n/a	n/a	STATUS	n/a	n/a	D255
1009.6800000000	n/a	n/a	STATUS	n/a	n/a	DI43
1009.7320000000	n/a	n/a	STATUS	n/a	n/a	D255
1009.9920000000	n/a	n/a	STATUS	n/a	n/a	DIN5
1010.0400000000	n/a	n/a	STATUS	n/a	n/a	D255
1010.4840000000	n/a	n/a	STATUS	n/a	n/a	D185
1010.5360000000	n/a	n/a	STATUS	n/a	n/a	D255
1010.5720000000	n/a	n/a	STATUS	n/a	n/a	DI52
1010.6240000000	n/a	n/a	STATUS	n/a	n/a	D255
1010.9720000000	n/a	n/a	STATUS	n/a	n/a	DI42
1011.0200000000	n/a	n/a	STATUS	n/a	n/a	D255
1011.2800000000	n/a	n/a	STATUS	n/a	n/a	DIN5
1011.3320000000	n/a	n/a	STATUS	n/a	n/a	D255
1011.8320000000	n/a	n/a	STATUS	n/a	n/a	DI95
1011.8800000000	n/a	n/a	STATUS	n/a	n/a	D255
1011.9160000000	n/a	n/a	STATUS	n/a	n/a	DI52
1011.9680000000	n/a	n/a	STATUS	n/a	n/a	D255
1012.2400000000	n/a	n/a	STATUS	n/a	n/a	DI42
1012.2920000000	n/a	n/a	STATUS	n/a	n/a	D255
1012.5520000000	n/a	n/a	STATUS	n/a	n/a	DIN5
1012.6000000000	n/a	n/a	STATUS	n/a	n/a	D255
1012.9160000000	n/a	n/a	STATUS	n/a	n/a	D156
1012.9640000000	n/a	n/a	STATUS	n/a	n/a	D255
1013.0000000000	n/a	n/a	STATUS	n/a	n/a	DI52
1013.0520000000	n/a	n/a	STATUS	n/a	n/a	D255
1013.3280000000	n/a	n/a	STATUS	n/a	n/a	DI42
1013.3800000000	n/a	n/a	STATUS	n/a	n/a	D255
1013.6360000000	n/a	n/a	STATUS	n/a	n/a	DIN5
1013.6880000000	n/a	n/a	STATUS	n/a	n/a	D255
1014.0360000000	n/a	n/a	STATUS	n/a	n/a	DI90
1014.0880000000	n/a	n/a	STATUS	n/a	n/a	D255
1014.1240000000	n/a	n/a	STATUS	n/a	n/a	DI53
1014.1760000000	n/a	n/a	STATUS	n/a	n/a	D255
1014.4600000000	n/a	n/a	STATUS	n/a	n/a	DI43
1014.5120000000	n/a	n/a	STATUS	n/a	n/a	D255
1014.7680000000	n/a	n/a	STATUS	n/a	n/a	DIN5
1014.8200000000	n/a	n/a	STATUS	n/a	n/a	D255
1015.2000000000	n/a	n/a	STATUS	n/a	n/a	DI98
1015.2480000000	n/a	n/a	STATUS	n/a	n/a	D255
1015.2880000000	n/a	n/a	STATUS	n/a	n/a	DI52
1015.3360000000	n/a	n/a	STATUS	n/a	n/a	D255
1015.6880000000	n/a	n/a	STATUS	n/a	n/a	DI42
1015.7400000000	n/a	n/a	STATUS	n/a	n/a	D255
1015.9960000000	n/a	n/a	STATUS	n/a	n/a	DIN5
1016.0480000000	n/a	n/a	STATUS	n/a	n/a	D255
1016.4160000000	n/a	n/a	STATUS	n/a	n/a	DI72
1016.4680000000	n/a	n/a	STATUS	n/a	n/a	D255
1016.5040000000	n/a	n/a	STATUS	n/a	n/a	DI54
1016.5560000000	n/a	n/a	STATUS	n/a	n/a	D255
1016.9120000000	n/a	n/a	STATUS	n/a	n/a	DI34
1016.9640000000	n/a	n/a	STATUS	n/a	n/a	D255
1017.2200000000	n/a	n/a	STATUS	n/a	n/a	DIN5
1017.2720000000	n/a	n/a	STATUS	n/a	n/a	D255
1017.7400000000	n/a	n/a	STATUS	n/a	n/a	DI76
1017.7920000000	n/a	n/a	STATUS	n/a	n/a	D255
1017.8280000000	n/a	n/a	STATUS	n/a	n/a	DI53
1017.8800000000	n/a	n/a	STATUS	n/a	n/a	D255
1018.1200000000	n/a	n/a	STATUS	n/a	n/a	DI43
1018.1680000000	n/a	n/a	STATUS	n/a	n/a	D255
1018.4280000000	n/a	n/a	STATUS	n/a	n/a	DIN5
1018.4760000000	n/a	n/a	STATUS	n/a	n/a	D255
1018.9440000000	n/a	n/a	STATUS	n/a	n/a	D200
1018.9920000000	n/a	n/a	STATUS	n/a	n/a	D255
1019.0320000000	n/a	n/a	STATUS	n/a	n/a	DI51
1019.0800000000	n/a	n/a	STATUS	n/a	n/a	D255
1019.3880000000	n/a	n/a	STATUS	n/a	n/a	DI31
1019.4360000000	n/a	n/a	STATUS	n/a	n/a	D255
1019.6960000000	n/a	n/a	STATUS	n/a	n/a	DIN5
1019.7480000000	n/a	n/a	STATUS	n/a	n/a	D255
1020.1400000000	n/a	n/a	STATUS	n/a	n/a	D192
1020.1920000000	n/a	n/a	STATUS	n/a	n/a	D255
1020.2280000000	n/a	n/a	STATUS	n/a	n/a	DI54
1020.2800000000	n/a	n/a	STATUS	n/a	n/a	D255
1020.5560000000	n/a	n/a	STATUS	n/a	n/a	DI34
1020.6080000000	n/a	n/a	STATUS	n/a	n/a	D255
1020.8680000000	n/a	n/a	STATUS	n/a	n/a	DIN5
1020.9160000000	n/a	n/a	STATUS	n/a	n/a	D255
1021.3600000000	n/a	n/a	STATUS	n/a	n/a	D184
1021.4120000000	n/a	n/a	STATUS	n/a	n/a	D255
1021.4480000000	n/a	n/a	STATUS	n/a	n/a	DI53
1021.5000000000	n/a	n/a	STATUS	n/a	n/a	D255
1021.7160000000	n/a	n/a	STATUS	n/a	n/a	DI43
1021.7640000000	n/a	n/a	STATUS	n/a	n/a	D255
1022.0240000000	n/a	n/a	STATUS	n/a	n/a	DIN5
1022.0760000000	n/a	n/a	STATUS	n/a	n/a	D255
1022.4880000000	n/a	n/a	STATUS	n/a	n/a	D163
1022.5400000000	n/a	n/a	STATUS	n/a	n/a	D255
1022.5760000000	n/a	n/a	STATUS	n/a	n/a	DI51
1022.6240000000	n/a	n/a	STATUS	n/a	n/a	D255
1022.9160000000	n/a	n/a	STATUS	n/a	n/a	DI31
1022.9640000000	n/a	n/a	STATUS	n/a	n/a	D255
1023.2240000000	n/a	n/a	STATUS	n/a	n/a	DIN5
1023.2760000000	n/a	n/a	STATUS	n/a	n/a	D255
1023.6120000000	n/a	n/a	STATUS	n/a	n/a	D216
1023.6640000000	n/a	n/a	STATUS	n/a	n/a	D255
1023.7000000000	n/a	n/a	STATUS	n/a	n/a	DI53
1023.7520000000	n/a	n/a	STATUS	n/a	n/a	D255
1023.9800000000	n/a	n/a	STATUS	n/a	n/a	DI43
1024.0320000000	n/a	n/a	STATUS	n/a	n/a	D255
1024.2880000000	n/a	n/a	STATUS	n/a	n/a	DIN5
1024.3400000000	n/a	n/a	STATUS	n/a	n/a	D255
1024.7440000000	n/a	n/a	STATUS	n/a	n/a	D131
1024.7960000000	n/a	n/a	STATUS	n/a	n/a	D255
1024.8320000000	n/a	n/a	STATUS	n/a	n/a	DI53
1024.8840000000	n/a	n/a	STATUS	n/a	n/a	D255
1025.3080000000	n/a	n/a	STATUS	n/a	n/a	DI43
1025.3560000000	n/a	n/a	STATUS	n/a	n/a	D255
1025.6160000000	n/a	n/a	STATUS	n/a	n/a	DIN5
1025.6640000000	n/a	n/a	STATUS	n/a	n/a	D255
1026.1480000000	n/a	n/a	STATUS	n/a	n/a	D101
1026.2000000000	n/a	n/a	STATUS	n/a	n/a	D255
1026.2400000000	n/a	n/a	STATUS	n/a	n/a	DI52
1026.2880000000	n/a	n/a	STATUS	n/a	n/a	D255
1026.5360000000	n/a	n/a	STATUS	n/a	n/a	DI12
1026.5840000000	n/a	n/a	STATUS	n/a	n/a	D255
1026.5880000000	n/a	n/a	STATUS	n/a	n/a	DIN4
1026.6400000000	n/a	n/a	STATUS	n/a	n/a	D255
1027.3920000000	n/a	n/a	STATUS	n/a	n/a	DIN5
1027.4440000000	n/a	n/a	STATUS	n/a	n/a	D255
1027.7600000000	n/a	n/a	STATUS	n/a	n/a	D177
1027.8080000000	n/a	n/a	STATUS	n/a	n/a	D255
1027.8480000000	n/a	n/a	STATUS	n/a	n/a	DI51
1027.8960000000	n/a	n/a	STATUS	n/a	n/a	D255
1028.2920000000	n/a	n/a	STATUS	n/a	n/a	DI31
1028.3440000000	n/a	n/a	STATUS	n/a	n/a	D255
1028.6040000000	n/a	n/a	STATUS	n/a	n/a	DIN5
1028.6520000000	n/a	n/a	STATUS	n/a	n/a	D255
1029.1360000000	n/a	n/a	STATUS	n/a	n/a	D188
1029.1880000000	n/a	n/a	STATUS	n/a	n/a	D255
1029.2240000000	n/a	n/a	STATUS	n/a	n/a	DI54
1029.2760000000	n/a	n/a	STATUS	n/a	n/a	D255
1029.5400000000	n/a	n/a	STATUS	n/a	n/a	DI34
1029.5920000000	n/a	n/a	STATUS	n/a	n/a	D255
1029.8480000000	n/a	n/a	STATUS	n/a	n/a	DIN5
1029.9000000000	n/a	n/a	STATUS	n/a	n/a	D255
1030.4040000000	n/a	n/a	STATUS	n/a	n/a	D186
1030.4560000000	n/a	n/a	STATUS	n/a	n/a	D255
1030.4920000000	n/a	n/a	STATUS	n/a	n/a	DI54
1030.5440000000	n/a	n/a	STATUS	n/a	n/a	D255
1030.8360000000	n/a	n/a	STATUS	n/a	n/a	DI34
1030.8840000000	n/a	n/a	STATUS	n/a	n/a	D255
1031.1440000000	n/a	n/a	STATUS	n/a	n/a	DIN5
1031.1960000000	n/a	n/a	STATUS	n/a	n/a	D255
1031.6040000000	n/a	n/a	STATUS	n/a	n/a	D241
1031.6560000000	n/a	n/a	STATUS	n/a	n/a	D255
1031.6920000000	n/a	n/a	STATUS	n/a	n/a	DI52
1031.7440000000	n/a	n/a	STATUS	n/a	n/a	D255
1032.1360000000	n/a	n/a	STATUS	n/a	n/a	DI42
1032.1880000000	n/a	n/a	STATUS	n/a	n/a	D255
1032.4440000000	n/a	n/a	STATUS	n/a	n/a	DIN5
1032.4960000000	n/a	n/a	STATUS	n/a	n/a	D255
1032.8960000000	n/a	n/a	STATUS	n/a	n/a	D225
1032.9440000000	n/a	n/a	STATUS	n/a	n/a	D255
1032.9840000000	n/a	n/a	STATUS	n/a	n/a	DI54
1033.0320000000	n/a	n/a	STATUS	n/a	n/a	D255
1033.3280000000	n/a	n/a	STATUS	n/a	n/a	DI34
1033.3800000000	n/a	n/a	STATUS	n/a	n/a	D255
1033.6400000000	n/a	n/a	STATUS	n/a	n/a	DIN5
1033.6880000000	n/a	n/a	STATUS	n/a	n/a	D255
1034.1200000000	n/a	n/a	STATUS	n/a	n/a	D136
1034.1680000000	n/a	n/a	STATUS	n/a	n/a	D255
1034.2040000000	n/a	n/a	STATUS	n/a	n/a	DI53
1034.2560000000	n/a	n/a	STATUS	n/a	n/a	D255
1034.5280000000	n/a	n/a	STATUS	n/a	n/a	DI43
1034.5760000000	n/a	n/a	STATUS	n/a	n/a	D255
1034.8360000000	n/a	n/a	STATUS	n/a	n/a	DIN5
1034.8880000000	n/a	n/a	STATUS	n/a	n/a	D255
1035.2960000000	n/a	n/a	STATUS	n/a	n/a	D218
1035.3440000000	n/a	n/a	STATUS	n/a	n/a	D255
1035.3840000000	n/a	n/a	STATUS	n/a	n/a	DI51
1035.4320000000	n/a	n/a	STATUS	n/a	n/a	D255
1035.7880000000	n/a	n/a	STATUS	n/a	n/a	DI31
1035.8400000000	n/a	n/a	STATUS	n/a	n/a	D255
1036.0960000000	n/a	n/a	STATUS	n/a	n/a	DIN5
1036.1480000000	n/a	n/a	STATUS	n/a	n/a	D255
1036.4600000000	n/a	n/a	STATUS	n/a	n/a	DI77
1036.5120000000	n/a	n/a	STATUS	n/a	n/a	D255
1036.5520000000	n/a	n/a	STATUS	n/a	n/a	DI52
1036.6000000000	n/a	n/a	STATUS	n/a	n/a	D255
1036.9560000000	n/a	n/a	STATUS	n/a	n/a	DI42
1037.0080000000	n/a	n/a	STATUS	n/a	n/a	D255
1037.2640000000	n/a	n/a	STATUS	n/a	n/a	DIN5
1037.3160000000	n/a	n/a	STATUS	n/a	n/a	D255
1037.7040000000	n/a	n/a	STATUS	n/a	n/a	D130
1037.7560000000	n/a	n/a	STATUS	n/a	n/a	D255
1037.7920000000	n/a	n/a	STATUS	n/a	n/a	DI54
1037.8440000000	n/a	n/a	STATUS	n/a	n/a	D255
1038.1640000000	n/a	n/a	STATUS	n/a	n/a	DI34
1038.2120000000	n/a	n/a	STATUS	n/a	n/a	D255
1038.4720000000	n/a	n/a	STATUS	n/a	n/a	DIN5
1038.5200000000	n/a	n/a	STATUS	n/a	n/a	D255
1038.9600000000	n/a	n/a	STATUS	n/a	n/a	D202
1039.0120000000	n/a	n/a	STATUS	n/a	n/a	D255
1039.0480000000	n/a	n/a	STATUS	n/a	n/a	DI54
1039.1000000000	n/a	n/a	STATUS	n/a	n/a	D255
1039.3640000000	n/a	n/a	STATUS	n/a	n/a	DI34
1039.4120000000	n/a	n/a	STATUS	n/a	n/a	D255
1039.6720000000	n/a	n/a	STATUS	n/a	n/a	DIN5
1039.7240000000	n/a	n/a	STATUS	n/a	n/a	D255
1040.1760000000	n/a	n/a	STATUS	n/a	n/a	D119
1040.2280000000	n/a	n/a	STATUS	n/a	n/a	D255
1040.2640000000	n/a	n/a	STATUS	n/a	n/a	DI51
1040.3160000000	n/a	n/a	STATUS	n/a	n/a	D255
1040.5680000000	n/a	n/a	STATUS	n/a	n/a	DI21
1040.6160000000	n/a	n/a	STATUS	n/a	n/a	D255
1040.6240000000	n/a	n/a	STATUS	n/a	n/a	DIN4
1040.6720000000	n/a	n/a	STATUS	n/a	n/a	D255
1041.4280000000	n/a	n/a	STATUS	n/a	n/a	DIN5
1041.4760000000	n/a	n/a	STATUS	n/a	n/a	D255
1041.8920000000	n/a	n/a	STATUS	n/a	n/a	D142
1041.9400000000	n/a	n/a	STATUS	n/a	n/a	D255
1041.9800000000	n/a	n/a	STATUS	n/a	n/a	DI52
1042.0280000000	n/a	n/a	STATUS	n/a	n/a	D255
1042.3480000000	n/a	n/a	STATUS	n/a	n/a	DI42
1042.3960000000	n/a	n/a	STATUS	n/a	n/a	D255
1042.6560000000	n/a	n/a	STATUS	n/a	n/a	DIN5
1042.7080000000	n/a	n/a	STATUS	n/a	n/a	D255
1043.1960000000	n/a	n/a	STATUS	n/a	n/a	D150
1043.2480000000	n/a	n/a	STATUS	n/a	n/a	D255
1043.2840000000	n/a	n/a	STATUS	n/a	n/a	DI51
1043.3360000000	n/a	n/a	STATUS	n/a	n/a	D255
1043.6560000000	n/a	n/a	STATUS	n/a	n/a	DI31
1043.7040000000	n/a	n/a	STATUS	n/a	n/a	D255
1043.9640000000	n/a	n/a	STATUS	n/a	n/a	DIN5
1044.0160000000	n/a	n/a	STATUS	n/a	n/a	D255
1044.3200000000	n/a	n/a	STATUS	n/a	n/a	D243
1044.3680000000	n/a	n/a	STATUS	n/a	n/a	D255
1044.4040000000	n/a	n/a	STATUS	n/a	n/a	DI51
1044.4560000000	n/a	n/a	STATUS	n/a	n/a	D255
1044.8080000000	n/a	n/a	STATUS	n/a	n/a	DI31
1044.8600000000	n/a	n/a	STATUS	n/a	n/a	D255
1045.1160000000	n/a	n/a	STATUS	n/a	n/a	DIN5
1045.1680000000	n/a	n/a	STATUS	n/a	n/a	D255
1045.5480000000	n/a	n/a	STATUS	n/a	n/a	D133
1045.5960000000	n/a	n/a	STATUS	n/a	n/a	D255
1045.6360000000	n/a	n/a	STATUS	n/a	n/a	DI52
1045.6840000000	n/a	n/a	STATUS	n/a	n/a	D255
1046.0840000000	n/a	n/a	STATUS	n/a	n/a	DI42
1046.1320000000	n/a	n/a	STATUS	n/a	n/a	D255
1046.3920000000	n/a	n/a	STATUS	n/a	n/a	DIN5
1046.4440000000	n/a	n/a	STATUS	n/a	n/a	D255
1046.8560000000	n/a	n/a	STATUS	n/a	n/a	D244
1046.9080000000	n/a	n/a	STATUS	n/a	n/a	D255
1046.9440000000	n/a	n/a	STATUS	n/a	n/a	DI51
1046.9960000000	n/a	n/a	STATUS	n/a	n/a	D255
1047.4800000000	n/a	n/a	STATUS	n/a	n/a	DI31
1047.5320000000	n/a	n/a	STATUS	n/a	n/a	D255
1061.3440000000	n/a	n/a	STATUS	n/a	n/a	DIN5
1061.3920000000	n/a	n/a	STATUS	n/a	n/a	D255
1061.7640000000	n/a	n/a	STATUS	n/a	n/a	D189
1061.8160000000	n/a	n/a	STATUS	n/a	n/a	D255
1061.8520000000	n/a	n/a	STATUS	n/a	n/a	DI54
1061.9040000000	n/a	n/a	STATUS	n/a	n/a	D255
1062.2200000000	n/a	n/a	STATUS	n/a	n/a	DI34
1062.2720000000	n/a	n/a	STATUS	n/a	n/a	D255
1062.5320000000	n/a	n/a	STATUS	n/a	n/a	DIN5
1062.5800000000	n/a	n/a	STATUS	n/a	n/a	D255
1063.0640000000	n/a	n/a	STATUS	n/a	n/a	D129
1063.1160000000	n/a	n/a	STATUS	n/a	n/a	D255
1063.1520000000	n/a	n/a	STATUS	n/a	n/a	DI52
1063.2040000000	n/a	n/a	STATUS	n/a	n/a	D255
1063.4880000000	n/a	n/a	STATUS	n/a	n/a	DI42
1063.5360000000	n/a	n/a	STATUS	n/a	n/a	D255
1063.7960000000	n/a	n/a	STATUS	n/a	n/a	DIN5
1063.8480000000	n/a	n/a	STATUS	n/a	n/a	D255
1064.2680000000	n/a	n/a	STATUS	n/a	n/a	D240
1064.3160000000	n/a	n/a	STATUS	n/a	n/a	D255
1064.3520000000	n/a	n/a	STATUS	n/a	n/a	DI51
1064.4040000000	n/a	n/a	STATUS	n/a	n/a	D255
1064.7160000000	n/a	n/a	STATUS	n/a	n/a	DI31
1064.7640000000	n/a	n/a	STATUS	n/a	n/a	D255
1065.0240000000	n/a	n/a	STATUS	n/a	n/a	DIN5
1065.0760000000	n/a	n/a	STATUS	n/a	n/a	D255
1065.5160000000	n/a	n/a	STATUS	n/a	n/a	DI68
1065.5640000000	n/a	n/a	STATUS	n/a	n/a	D255
1065.6000000000	n/a	n/a	STATUS	n/a	n/a	DI51
1065.6520000000	n/a	n/a	STATUS	n/a	n/a	D255
1065.9720000000	n/a	n/a	STATUS	n/a	n/a	DI31
1066.0240000000	n/a	n/a	STATUS	n/a	n/a	D255
1066.2840000000	n/a	n/a	STATUS	n/a	n/a	DIN5
1066.3320000000	n/a	n/a	STATUS	n/a	n/a	D255
1066.8120000000	n/a	n/a	STATUS	n/a	n/a	D159
1066.8600000000	n/a	n/a	STATUS	n/a	n/a	D255
1066.9000000000	n/a	n/a	STATUS	n/a	n/a	DI51
1066.9480000000	n/a	n/a	STATUS	n/a	n/a	D255
1067.1800000000	n/a	n/a	STATUS	n/a	n/a	DI21
1067.2320000000	n/a	n/a	STATUS	n/a	n/a	D255
1067.2360000000	n/a	n/a	STATUS	n/a	n/a	DIN4
1067.2840000000	n/a	n/a	STATUS	n/a	n/a	D255
1068.0400000000	n/a	n/a	STATUS	n/a	n/a	DIN5
1068.0880000000	n/a	n/a	STATUS	n/a	n/a	DI69
1068.0880000000	n/a	n/a	STATUS	n/a	n/a	D255
1068.5120000000	n/a	n/a	STATUS	n/a	n/a	D125
1068.5640000000	n/a	n/a	STATUS	n/a	n/a	D255
1068.6000000000	n/a	n/a	STATUS	n/a	n/a	DI52
1068.6520000000	n/a	n/a	STATUS	n/a	n/a	D255
1068.9640000000	n/a	n/a	STATUS	n/a	n/a	DI42
1069.0160000000	n/a	n/a	STATUS	n/a	n/a	D255
1069.2760000000	n/a	n/a	STATUS	n/a	n/a	DIN5
1069.3240000000	n/a	n/a	STATUS	n/a	n/a	D255
1069.7280000000	n/a	n/a	STATUS	n/a	n/a	D146
1069.7800000000	n/a	n/a	STATUS	n/a	n/a	D255
1069.8160000000	n/a	n/a	STATUS	n/a	n/a	DI54
1069.8680000000	n/a	n/a	STATUS	n/a	n/a	D255
1070.1280000000	n/a	n/a	STATUS	n/a	n/a	DI34
1070.1800000000	n/a	n/a	STATUS	n/a	n/a	D255
1070.4400000000	n/a	n/a	STATUS	n/a	n/a	DIN5
1070.4880000000	n/a	n/a	STATUS	n/a	n/a	D255
1070.8720000000	n/a	n/a	STATUS	n/a	n/a	D178
1070.9240000000	n/a	n/a	STATUS	n/a	n/a	D255
1070.9600000000	n/a	n/a	STATUS	n/a	n/a	DI54
1071.0120000000	n/a	n/a	STATUS	n/a	n/a	D255
1071.2640000000	n/a	n/a	STATUS	n/a	n/a	DI34
1071.3160000000	n/a	n/a	STATUS	n/a	n/a	D255
1071.5720000000	n/a	n/a	STATUS	n/a	n/a	DIN5
1071.6240000000	n/a	n/a	STATUS	n/a	n/a	D255
1072.0520000000	n/a	n/a	STATUS	n/a	n/a	DI78
1072.1040000000	n/a	n/a	STATUS	n/a	n/a	D255
1072.1400000000	n/a	n/a	STATUS	n/a	n/a	DI53
1072.1920000000	n/a	n/a	STATUS	n/a	n/a	D255
1072.4320000000	n/a	n/a	STATUS	n/a	n/a	DI43
1072.4800000000	n/a	n/a	STATUS	n/a	n/a	D255
1072.7400000000	n/a	n/a	STATUS	n/a	n/a	DIN5
1072.7920000000	n/a	n/a	STATUS	n/a	n/a	D255
1073.1080000000	n/a	n/a	STATUS	n/a	n/a	D167
1073.1600000000	n/a	n/a	STATUS	n/a	n/a	D255
1073.1960000000	n/a	n/a	STATUS	n/a	n/a	DI51
1073.2480000000	n/a	n/a	STATUS	n/a	n/a	D255
1073.5480000000	n/a	n/a	STATUS	n/a	n/a	DI31
1073.5960000000	n/a	n/a	STATUS	n/a	n/a	D255
1073.8560000000	n/a	n/a	STATUS	n/a	n/a	DIN5
1073.9040000000	n/a	n/a	STATUS	n/a	n/a	D255
1074.2600000000	n/a	n/a	STATUS	n/a	n/a	D134
1074.3120000000	n/a	n/a	STATUS	n/a	n/a	D255
1074.3480000000	n/a	n/a	STATUS	n/a	n/a	DI54
1074.4000000000	n/a	n/a	STATUS	n/a	n/a	D255
1074.6240000000	n/a	n/a	STATUS	n/a	n/a	DI34
1074.6760000000	n/a	n/a	STATUS	n/a	n/a	D255
1074.9360000000	n/a	n/a	STATUS	n/a	n/a	DIN5
1074.9840000000	n/a	n/a	STATUS	n/a	n/a	D255
1075.3000000000	n/a	n/a	STATUS	n/a	n/a	D199
1075.3480000000	n/a	n/a	STATUS	n/a	n/a	D255
1075.3880000000	n/a	n/a	STATUS	n/a	n/a	DI54
1075.4360000000	n/a	n/a	STATUS	n/a	n/a	D255
1075.6800000000	n/a	n/a	STATUS	n/a	n/a	DI34
1075.7320000000	n/a	n/a	STATUS	n/a	n/a	D255
1075.9880000000	n/a	n/a	STATUS	n/a	n/a	DIN5
1076.0400000000	n/a	n/a	STATUS	n/a	n/a	D255
1076.5120000000	n/a	n/a	STATUS	n/a	n/a	D119
1076.5640000000	n/a	n/a	STATUS	n/a	n/a	D255
1076.6040000000	n/a	n/a	STATUS	n/a	n/a	DI52
1076.6520000000	n/a	n/a	STATUS	n/a	n/a	D255
1076.9640000000	n/a	n/a	STATUS	n/a	n/a	DI42
1077.0160000000	n/a	n/a	STATUS	n/a	n/a	D255
1077.2760000000	n/a	n/a	STATUS	n/a	n/a	DIN5
1077.3240000000	n/a	n/a	STATUS	n/a	n/a	D255
1077.8080000000	n/a	n/a	STATUS	n/a	n/a	D211
1077.8600000000	n/a	n/a	STATUS	n/a	n/a	D255
1077.8960000000	n/a	n/a	STATUS	n/a	n/a	DI51
1077.9480000000	n/a	n/a	STATUS	n/a	n/a	D255
1078.2520000000	n/a	n/a	STATUS	n/a	n/a	DI31
1078.3040000000	n/a	n/a	STATUS	n/a	n/a	D255
1078.5600000000	n/a	n/a	STATUS	n/a	n/a	DIN5
1078.6120000000	n/a	n/a	STATUS	n/a	n/a	D255
1079.0000000000	n/a	n/a	STATUS	n/a	n/a	D121
1079.0520000000	n/a	n/a	STATUS	n/a	n/a	D255
1079.0880000000	n/a	n/a	STATUS	n/a	n/a	DI52
1079.1400000000	n/a	n/a	STATUS	n/a	n/a	D255
1079.4200000000	n/a	n/a	STATUS	n/a	n/a	DI42
1079.4720000000	n/a	n/a	STATUS	n/a	n/a	D255
1079.7280000000	n/a	n/a	STATUS	n/a	n/a	DIN5
1079.7800000000	n/a	n/a	STATUS	n/a	n/a	D255
1080.1800000000	n/a	n/a	STATUS	n/a	n/a	DI76
1080.2280000000	n/a	n/a	STATUS	n/a	n/a	D255
1080.2680000000	n/a	n/a	STATUS	n/a	n/a	DI53
1080.3160000000	n/a	n/a	STATUS	n/a	n/a	D255
1080.5360000000	n/a	n/a	STATUS	n/a	n/a	DI43
1080.5840000000	n/a	n/a	STATUS	n/a	n/a	D255
1080.8440000000	n/a	n/a	STATUS	n/a	n/a	DIN5
1080.8920000000	n/a	n/a	STATUS	n/a	n/a	D255
1081.3880000000	n/a	n/a	STATUS	n/a	n/a	D174
1081.4360000000	n/a	n/a	STATUS	n/a	n/a	D255
1081.4760000000	n/a	n/a	STATUS	n/a	n/a	DI51
1081.5240000000	n/a	n/a	STATUS	n/a	n/a	D255
1081.7920000000	n/a	n/a	STATUS	n/a	n/a	DI31
1081.8400000000	n/a	n/a	STATUS	n/a	n/a	D255
1082.1000000000	n/a	n/a	STATUS	n/a	n/a	DIN5
1082.1480000000	n/a	n/a	STATUS	n/a	n/a	D255
1082.6200000000	n/a	n/a	STATUS	n/a	n/a	D141
1082.6680000000	n/a	n/a	STATUS	n/a	n/a	D255
1082.7080000000	n/a	n/a	STATUS	n/a	n/a	DI54
1082.7560000000	n/a	n/a	STATUS	n/a	n/a	D255
1082.9960000000	n/a	n/a	STATUS	n/a	n/a	DI34
1083.0440000000	n/a	n/a	STATUS	n/a	n/a	D255
1083.3040000000	n/a	n/a	STATUS	n/a	n/a	DIN5
1083.3560000000	n/a	n/a	STATUS	n/a	n/a	D255
1083.6680000000	n/a	n/a	STATUS	n/a	n/a	D160
1083.7200000000	n/a	n/a	STATUS	n/a	n/a	D255
1083.7560000000	n/a	n/a	STATUS	n/a	n/a	DI52
1083.8080000000	n/a	n/a	STATUS	n/a	n/a	D255
1084.1160000000	n/a	n/a	STATUS	n/a	n/a	DI42
1084.1680000000	n/a	n/a	STATUS	n/a	n/a	D255
1084.4280000000	n/a	n/a	STATUS	n/a	n/a	DIN5
1084.4760000000	n/a	n/a	STATUS	n/a	n/a	D255
1084.8120000000	n/a	n/a	STATUS	n/a	n/a	D136
1084.8600000000	n/a	n/a	STATUS	n/a	n/a	D255
1084.9000000000	n/a	n/a	STATUS	n/a	n/a	DI51
1084.9480000000	n/a	n/a	STATUS	n/a	n/a	D255
1085.3440000000	n/a	n/a	STATUS	n/a	n/a	DI31
1085.3960000000	n/a	n/a	STATUS	n/a	n/a	D255
1085.6520000000	n/a	n/a	STATUS	n/a	n/a	DIN5
1085.7040000000	n/a	n/a	STATUS	n/a	n/a	D255
1086.1320000000	n/a	n/a	STATUS	n/a	n/a	D110
1086.1840000000	n/a	n/a	STATUS	n/a	n/a	D255
1086.2200000000	n/a	n/a	STATUS	n/a	n/a	DI53
1086.2720000000	n/a	n/a	STATUS	n/a	n/a	D255
1086.4600000000	n/a	n/a	STATUS	n/a	n/a	DI43
1086.5120000000	n/a	n/a	STATUS	n/a	n/a	D255
1086.5120000000	n/a	n/a	STATUS	n/a	n/a	D235
1086.7680000000	n/a	n/a	STATUS	n/a	n/a	DIN5
1086.8200000000	n/a	n/a	STATUS	n/a	n/a	D255
1087.2560000000	n/a	n/a	STATUS	n/a	n/a	D191
1087.3040000000	n/a	n/a	STATUS	n/a	n/a	D255
1087.3440000000	n/a	n/a	STATUS	n/a	n/a	DI53
1087.3920000000	n/a	n/a	STATUS	n/a	n/a	D255
1087.6440000000	n/a	n/a	STATUS	n/a	n/a	DI43
1087.6960000000	n/a	n/a	STATUS	n/a	n/a	D255
1087.9520000000	n/a	n/a	STATUS	n/a	n/a	DIN5
1088.0040000000	n/a	n/a	STATUS	n/a	n/a	D255
1088.4320000000	n/a	n/a	STATUS	n/a	n/a	DI89
1088.4840000000	n/a	n/a	STATUS	n/a	n/a	D255
1088.5200000000	n/a	n/a	STATUS	n/a	n/a	DI53
1088.5720000000	n/a	n/a	STATUS	n/a	n/a	D255
1088.8280000000	n/a	n/a	STATUS	n/a	n/a	DI43
1088.8760000000	n/a	n/a	STATUS	n/a	n/a	D255
1089.1360000000	n/a	n/a	STATUS	n/a	n/a	DIN5
1089.1880000000	n/a	n/a	STATUS	n/a	n/a	D255
1089.5360000000	n/a	n/a	STATUS	n/a	n/a	DI73
1089.5840000000	n/a	n/a	STATUS	n/a	n/a	D255
1089.6240000000	n/a	n/a	STATUS	n/a	n/a	DI53
1089.6720000000	n/a	n/a	STATUS	n/a	n/a	D255
1089.9040000000	n/a	n/a	STATUS	n/a	n/a	DI43
1089.9560000000	n/a	n/a	STATUS	n/a	n/a	D255
1090.2160000000	n/a	n/a	STATUS	n/a	n/a	DIN5
1090.2640000000	n/a	n/a	STATUS	n/a	n/a	D255
1090.7680000000	n/a	n/a	STATUS	n/a	n/a	D238
1090.8200000000	n/a	n/a	STATUS	n/a	n/a	D255
1090.8560000000	n/a	n/a	STATUS	n/a	n/a	DI52
1090.9080000000	n/a	n/a	STATUS	n/a	n/a	D255
1091.1400000000	n/a	n/a	STATUS	n/a	n/a	DI12
1091.1920000000	n/a	n/a	STATUS	n/a	n/a	D255
1091.1960000000	n/a	n/a	STATUS	n/a	n/a	DIN4
1091.2480000000	n/a	n/a	STATUS	n/a	n/a	D255
1092.0000000000	n/a	n/a	STATUS	n/a	n/a	DIN5
1092.0520000000	n/a	n/a	STATUS	n/a	n/a	D255
1092.4320000000	n/a	n/a	STATUS	n/a	n/a	DI88
1092.4800000000	n/a	n/a	STATUS	n/a	n/a	D255
1092.5200000000	n/a	n/a	STATUS	n/a	n/a	DI52
1092.5680000000	n/a	n/a	STATUS	n/a	n/a	D255
1092.8680000000	n/a	n/a	STATUS	n/a	n/a	DI42
1092.9200000000	n/a	n/a	STATUS	n/a	n/a	D255
1093.1760000000	n/a	n/a	STATUS	n/a	n/a	DIN5
1093.2280000000	n/a	n/a	STATUS	n/a	n/a	D255
1093.5680000000	n/a	n/a	STATUS	n/a	n/a	D103
1093.6160000000	n/a	n/a	STATUS	n/a	n/a	D255
1093.6560000000	n/a	n/a	STATUS	n/a	n/a	DI54
1093.7040000000	n/a	n/a	STATUS	n/a	n/a	D255
1093.9520000000	n/a	n/a	STATUS	n/a	n/a	DI34
1094.0000000000	n/a	n/a	STATUS	n/a	n/a	D255
1094.2600000000	n/a	n/a	STATUS	n/a	n/a	DIN5
1094.3120000000	n/a	n/a	STATUS	n/a	n/a	D255
1094.7840000000	n/a	n/a	STATUS	n/a	n/a	D252
1094.8360000000	n/a	n/a	STATUS	n/a	n/a	D255
1094.8720000000	n/a	n/a	STATUS	n/a	n/a	DI54
1094.9200000000	n/a	n/a	STATUS	n/a	n/a	D255
1095.1960000000	n/a	n/a	STATUS	n/a	n/a	DI34
1095.2480000000	n/a	n/a	STATUS	n/a	n/a	D255
1095.5040000000	n/a	n/a	STATUS	n/a	n/a	DIN5
1095.5560000000	n/a	n/a	STATUS	n/a	n/a	D255
1095.9160000000	n/a	n/a	STATUS	n/a	n/a	DI84
1095.9640000000	n/a	n/a	STATUS	n/a	n/a	D255
1096.0040000000	n/a	n/a	STATUS	n/a	n/a	DI51
1096.0520000000	n/a	n/a	STATUS	n/a	n/a	D255
1096.2640000000	n/a	n/a	STATUS	n/a	n/a	DI21
1096.3160000000	n/a	n/a	STATUS	n/a	n/a	D255
1096.3200000000	n/a	n/a	STATUS	n/a	n/a	DIN4
1096.3680000000	n/a	n/a	STATUS	n/a	n/a	D255
1097.1240000000	n/a	n/a	STATUS	n/a	n/a	DIN5
1097.1720000000	n/a	n/a	STATUS	n/a	n/a	D255
1097.5840000000	n/a	n/a	STATUS	n/a	n/a	D209
1097.6320000000	n/a	n/a	STATUS	n/a	n/a	D255
1097.6720000000	n/a	n/a	STATUS	n/a	n/a	DI54
1097.7200000000	n/a	n/a	STATUS	n/a	n/a	D255
1097.9880000000	n/a	n/a	STATUS	n/a	n/a	DI34
1098.0400000000	n/a	n/a	STATUS	n/a	n/a	D255
1098.3000000000	n/a	n/a	STATUS	n/a	n/a	DIN5
1098.3480000000	n/a	n/a	STATUS	n/a	n/a	D255
1098.8200000000	n/a	n/a	STATUS	n/a	n/a	D139
1098.8680000000	n/a	n/a	STATUS	n/a	n/a	D255
1098.9040000000	n/a	n/a	STATUS	n/a	n/a	DI53
1098.9560000000	n/a	n/a	STATUS	n/a	n/a	D255
1099.1880000000	n/a	n/a	STATUS	n/a	n/a	DI43
1099.2400000000	n/a	n/a	STATUS	n/a	n/a	D255
1099.5000000000	n/a	n/a	STATUS	n/a	n/a	DIN5
1099.5480000000	n/a	n/a	STATUS	n/a	n/a	D255
1099.9680000000	n/a	n/a	STATUS	n/a	n/a	DI71
1100.0200000000	n/a	n/a	STATUS	n/a	n/a	D255
1100.0560000000	n/a	n/a	STATUS	n/a	n/a	DI54
1100.1040000000	n/a	n/a	STATUS	n/a	n/a	D255
1100.3320000000	n/a	n/a	STATUS	n/a	n/a	DI34
1100.3840000000	n/a	n/a	STATUS	n/a	n/a	D255
1100.6440000000	n/a	n/a	STATUS	n/a	n/a	DIN5
1100.6920000000	n/a	n/a	STATUS	n/a	n/a	D255
1101.1920000000	n/a	n/a	STATUS	n/a	n/a	D215
1101.2440000000	n/a	n/a	STATUS	n/a	n/a	D255
1101.2800000000	n/a	n/a	STATUS	n/a	n/a	DI51
1101.3320000000	n/a	n/a	STATUS	n/a	n/a	D255
1101.6600000000	n/a	n/a	STATUS	n/a	n/a	DI31
1101.7080000000	n/a	n/a	STATUS	n/a	n/a	D255
1101.9680000000	n/a	n/a	STATUS	n/a	n/a	DIN5
1102.0160000000	n/a	n/a	STATUS	n/a	n/a	D255
1102.3280000000	n/a	n/a	STATUS	n/a	n/a	D106
1102.3760000000	n/a	n/a	STATUS	n/a	n/a	D255
1102.4160000000	n/a	n/a	STATUS	n/a	n/a	DI54
1102.4640000000	n/a	n/a	STATUS	n/a	n/a	D255
1102.7000000000	n/a	n/a	STATUS	n/a	n/a	DI34
1102.7520000000	n/a	n/a	STATUS	n/a	n/a	D255
1103.0120000000	n/a	n/a	STATUS	n/a	n/a	DIN5
1103.0600000000	n/a	n/a	STATUS	n/a	n/a	D255
1103.4440000000	n/a	n/a	STATUS	n/a	n/a	D226
1103.4960000000	n/a	n/a	STATUS	n/a	n/a	D255
1103.5320000000	n/a	n/a	STATUS	n/a	n/a	DI51
1103.5840000000	n/a	n/a	STATUS	n/a	n/a	D255
1104.1080000000	n/a	n/a	STATUS	n/a	n/a	DI31
1104.1560000000	n/a	n/a	STATUS	n/a	n/a	D255
1104.4160000000	n/a	n/a	STATUS	n/a	n/a	DIN5
1104.4680000000	n/a	n/a	STATUS	n/a	n/a	D255
1104.9080000000	n/a	n/a	STATUS	n/a	n/a	D177
1104.9560000000	n/a	n/a	STATUS	n/a	n/a	D255
1104.9960000000	n/a	n/a	STATUS	n/a	n/a	DI53
1105.0440000000	n/a	n/a	STATUS	n/a	n/a	D255
1105.3320000000	n/a	n/a	STATUS	n/a	n/a	DI43
1105.3840000000	n/a	n/a	STATUS	n/a	n/a	D255
1105.6440000000	n/a	n/a	STATUS	n/a	n/a	DIN5
1105.6920000000	n/a	n/a	STATUS	n/a	n/a	D255
1106.0480000000	n/a	n/a	STATUS	n/a	n/a	D158
1106.0960000000	n/a	n/a	STATUS	n/a	n/a	D255
1106.1360000000	n/a	n/a	STATUS	n/a	n/a	DI51
1106.1840000000	n/a	n/a	STATUS	n/a	n/a	D255
1106.4520000000	n/a	n/a	STATUS	n/a	n/a	DI31
1106.5000000000	n/a	n/a	STATUS	n/a	n/a	D255
1106.7600000000	n/a	n/a	STATUS	n/a	n/a	DIN5
1106.8120000000	n/a	n/a	STATUS	n/a	n/a	D255
1107.2800000000	n/a	n/a	STATUS	n/a	n/a	D104
1107.3320000000	n/a	n/a	STATUS	n/a	n/a	D255
1107.3680000000	n/a	n/a	STATUS	n/a	n/a	DI52
1107.4200000000	n/a	n/a	STATUS	n/a	n/a	D255
1107.7840000000	n/a	n/a	STATUS	n/a	n/a	DI42
1107.8360000000	n/a	n/a	STATUS	n/a	n/a	D255
1108.0920000000	n/a	n/a	STATUS	n/a	n/a	DIN5
1108.1440000000	n/a	n/a	STATUS	n/a	n/a	D255
1108.6320000000	n/a	n/a	STATUS	n/a	n/a	D216
1108.6840000000	n/a	n/a	STATUS	n/a	n/a	D255
1108.7200000000	n/a	n/a	STATUS	n/a	n/a	DI54
1108.7720000000	n/a	n/a	STATUS	n/a	n/a	D255
1109.0200000000	n/a	n/a	STATUS	n/a	n/a	DI34
1109.0680000000	n/a	n/a	STATUS	n/a	n/a	D255
1109.3280000000	n/a	n/a	STATUS	n/a	n/a	DIN5
1109.3760000000	n/a	n/a	STATUS	n/a	n/a	D255
1109.7480000000	n/a	n/a	STATUS	n/a	n/a	D198
1109.7960000000	n/a	n/a	STATUS	n/a	n/a	D255
1109.8360000000	n/a	n/a	STATUS	n/a	n/a	DI52
1109.8840000000	n/a	n/a	STATUS	n/a	n/a	D255
1110.1720000000	n/a	n/a	STATUS	n/a	n/a	DI42
1110.2200000000	n/a	n/a	STATUS	n/a	n/a	D255
1110.4800000000	n/a	n/a	STATUS	n/a	n/a	DIN5
1110.5320000000	n/a	n/a	STATUS	n/a	n/a	D255
1110.9360000000	n/a	n/a	STATUS	n/a	n/a	D232
1110.9840000000	n/a	n/a	STATUS	n/a	n/a	D255
1111.0240000000	n/a	n/a	STATUS	n/a	n/a	DI52
1111.0720000000	n/a	n/a	STATUS	n/a	n/a	D255
1111.3320000000	n/a	n/a	STATUS	n/a	n/a	DI12
1111.3840000000	n/a	n/a	STATUS	n/a	n/a	D255
1111.3880000000	n/a	n/a	STATUS	n/a	n/a	DIN4
1111.4360000000	n/a	n/a	STATUS	n/a	n/a	D255
1112.1920000000	n/a	n/a	STATUS	n/a	n/a	DIN5
1112.2440000000	n/a	n/a	STATUS	n/a	n/a	D255
1112.6920000000	n/a	n/a	STATUS	n/a	n/a	DI93
1112.7440000000	n/a	n/a	STATUS	n/a	n/a	D255
1112.7800000000	n/a	n/a	STATUS	n/a	n/a	DI52
1112.8280000000	n/a	n/a	STATUS	n/a	n/a	D255
1113.1520000000	n/a	n/a	STATUS	n/a	n/a	DI42
1113.2000000000	n/a	n/a	STATUS	n/a	n/a	D255
1113.4600000000	n/a	n/a	STATUS	n/a	n/a	DIN5
1113.5120000000	n/a	n/a	STATUS	n/a	n/a	D255
1114.0000000000	n/a	n/a	STATUS	n/a	n/a	D108
1114.0520000000	n/a	n/a	STATUS	n/a	n/a	D255
1114.0880000000	n/a	n/a	STATUS	n/a	n/a	DI53
1114.1360000000	n/a	n/a	STATUS	n/a	n/a	D255
1114.3960000000	n/a	n/a	STATUS	n/a	n/a	DI43
1114.4480000000	n/a	n/a	STATUS	n/a	n/a	D255
1114.7080000000	n/a	n/a	STATUS	n/a	n/a	DIN5
1114.7560000000	n/a	n/a	STATUS	n/a	n/a	D255
1115.0720000000	n/a	n/a	STATUS	n/a	n/a	D179
1115.1200000000	n/a	n/a	STATUS	n/a	n/a	D255
1115.1600000000	n/a	n/a	STATUS	n/a	n/a	DI54
1115.2080000000	n/a	n/a	STATUS	n/a	n/a	D255
1115.5040000000	n/a	n/a	STATUS	n/a	n/a	DI34
1115.5520000000	n/a	n/a	STATUS	n/a	n/a	D255
1115.8120000000	n/a	n/a	STATUS	n/a	n/a	DIN5
1115.8600000000	n/a	n/a	STATUS	n/a	n/a	D255
1116.3200000000	n/a	n/a	STATUS	n/a	n/a	D200
1116.3720000000	n/a	n/a	STATUS	n/a	n/a	D255
1116.4080000000	n/a	n/a	STATUS	n/a	n/a	DI53
1116.4600000000	n/a	n/a	STATUS	n/a	n/a	D255
1116.7280000000	n/a	n/a	STATUS	n/a	n/a	DI43
1116.7760000000	n/a	n/a	STATUS	n/a	n/a	D255
1117.0360000000	n/a	n/a	STATUS	n/a	n/a	DIN5
1117.0840000000	n/a	n/a	STATUS	n/a	n/a	D255
1117.5400000000	n/a	n/a	STATUS	n/a	n/a	DI67
1117.5920000000	n/a	n/a	STATUS	n/a	n/a	D255
1117.6280000000	n/a	n/a	STATUS	n/a	n/a	DI51
1117.6800000000	n/a	n/a	STATUS	n/a	n/a	D255
1117.9920000000	n/a	n/a	STATUS	n/a	n/a	DI31
1118.0400000000	n/a	n/a	STATUS	n/a	n/a	D255
1118.3000000000	n/a	n/a	STATUS	n/a	n/a	DIN5
1118.3520000000	n/a	n/a	STATUS	n/a	n/a	D255
1118.7960000000	n/a	n/a	STATUS	n/a	n/a	D207
1118.8440000000	n/a	n/a	STATUS	n/a	n/a	D255
1118.8800000000	n/a	n/a	STATUS	n/a	n/a	DI54
1118.9320000000	n/a	n/a	STATUS	n/a	n/a	D255
1119.2120000000	n/a	n/a	STATUS	n/a	n/a	DI34
1119.2600000000	n/a	n/a	STATUS	n/a	n/a	D255
1119.5200000000	n/a	n/a	STATUS	n/a	n/a	DIN5
1119.5720000000	n/a	n/a	STATUS	n/a	n/a	D255
1120.0640000000	n/a	n/a	STATUS	n/a	n/a	D156
1120.1160000000	n/a	n/a	STATUS	n/a	n/a	D255
1120.1520000000	n/a	n/a	STATUS	n/a	n/a	DI52
1120.2040000000	n/a	n/a	STATUS	n/a	n/a	D255
1120.5600000000	n/a	n/a	STATUS	n/a	n/a	DI42
1120.6120000000	n/a	n/a	STATUS	n/a	n/a	D255
1120.8720000000	n/a	n/a	STATUS	n/a	n/a	DIN5
1120.9200000000	n/a	n/a	STATUS	n/a	n/a	D255
1121.3120000000	n/a	n/a	STATUS	n/a	n/a	D236
1121.3600000000	n/a	n/a	STATUS	n/a	n/a	D255
1121.4000000000	n/a	n/a	STATUS	n/a	n/a	DI51
1121.4480000000	n/a	n/a	STATUS	n/a	n/a	D255
1121.7440000000	n/a	n/a	STATUS	n/a	n/a	DI31
1121.7920000000	n/a	n/a	STATUS	n/a	n/a	D255
1122.0520000000	n/a	n/a	STATUS	n/a	n/a	DIN5
1122.1040000000	n/a	n/a	STATUS	n/a	n/a	D255
1122.4960000000	n/a	n/a	STATUS	n/a	n/a	DI95
1122.5480000000	n/a	n/a	STATUS	n/a	n/a	D255
1122.5840000000	n/a	n/a	STATUS	n/a	n/a	DI53
1122.6360000000	n/a	n/a	STATUS	n/a	n/a	D255
1122.8760000000	n/a	n/a	STATUS	n/a	n/a	DI43
1122.9280000000	n/a	n/a	STATUS	n/a	n/a	D255
1123.1880000000	n/a	n/a	STATUS	n/a	n/a	DIN5
1123.2360000000	n/a	n/a	STATUS	n/a	n/a	D255
1123.6000000000	n/a	n/a	STATUS	n/a	n/a	D223
1123.6520000000	n/a	n/a	STATUS	n/a	n/a	D255
1123.6880000000	n/a	n/a	STATUS	n/a	n/a	DI52
1123.7360000000	n/a	n/a	STATUS	n/a	n/a	D255
1124.0040000000	n/a	n/a	STATUS	n/a	n/a	DI42
1124.0520000000	n/a	n/a	STATUS	n/a	n/a	D255
1124.3120000000	n/a	n/a	STATUS	n/a	n/a	DIN5
1124.3640000000	n/a	n/a	STATUS	n/a	n/a	D255
1124.8160000000	n/a	n/a	STATUS	n/a	n/a	D234
1124.8680000000	n/a	n/a	STATUS	n/a	n/a	D255
1124.9040000000	n/a	n/a	STATUS	n/a	n/a	DI54
1124.9560000000	n/a	n/a	STATUS	n/a	n/a	D255
1125.2160000000	n/a	n/a	STATUS	n/a	n/a	DI34
1125.2640000000	n/a	n/a	STATUS	n/a	n/a	D255
1125.5240000000	n/a	n/a	STATUS	n/a	n/a	DIN5
1125.5720000000	n/a	n/a	STATUS	n/a	n/a	D255
1126.0440000000	n/a	n/a	STATUS	n/a	n/a	D248
1126.0920000000	n/a	n/a	STATUS	n/a	n/a	D255
1126.1320000000	n/a	n/a	STATUS	n/a	n/a	DI51
1126.1800000000	n/a	n/a	STATUS	n/a	n/a	D255
1126.5080000000	n/a	n/a	STATUS	n/a	n/a	DI31
1126.5560000000	n/a	n/a	STATUS	n/a	n/a	D255
1126.8160000000	n/a	n/a	STATUS	n/a	n/a	DIN5
1126.8680000000	n/a	n/a	STATUS	n/a	n/a	D255
1127.2400000000	n/a	n/a	STATUS	n/a	n/a	D111
1127.2920000000	n/a	n/a	STATUS	n/a	n/a	D255
1127.3280000000	n/a	n/a	STATUS	n/a	n/a	DI53
1127.3800000000	n/a	n/a	STATUS	n/a	n/a	D255
1127.6360000000	n/a	n/a	STATUS	n/a	n/a	DI43
1127.6840000000	n/a	n/a	STATUS	n/a	n/a	D255
1127.9440000000	n/a	n/a	STATUS	n/a	n/a	DIN5
1127.9920000000	n/a	n/a	STATUS	n/a	n/a	D255
1128.3320000000	n/a	n/a	STATUS	n/a	n/a	D181
1128.3840000000	n/a	n/a	STATUS	n/a	n/a	D255
1128.4200000000	n/a	n/a	STATUS	n/a	n/a	DI51
1128.4680000000	n/a	n/a	STATUS	n/a	n/a	D255
1128.7920000000	n/a	n/a	STATUS	n/a	n/a	DI31
1128.8440000000	n/a	n/a	STATUS	n/a	n/a	D255
1129.1040000000	n/a	n/a	STATUS	n/a	n/a	DIN5
1129.1520000000	n/a	n/a	STATUS	n/a	n/a	D255
1129.6120000000	n/a	n/a	STATUS	n/a	n/a	DI85
1129.6640000000	n/a	n/a	STATUS	n/a	n/a	D255
1129.7000000000	n/a	n/a	STATUS	n/a	n/a	DI54
1129.7520000000	n/a	n/a	STATUS	n/a	n/a	D255
1130.0200000000	n/a	n/a	STATUS	n/a	n/a	DI34
1130.0720000000	n/a	n/a	STATUS	n/a	n/a	D255
1130.3280000000	n/a	n/a	STATUS	n/a	n/a	DIN5
1130.3800000000	n/a	n/a	STATUS	n/a	n/a	D255
1130.7240000000	n/a	n/a	STATUS	n/a	n/a	D163
1130.7760000000	n/a	n/a	STATUS	n/a	n/a	D255
1130.8120000000	n/a	n/a	STATUS	n/a	n/a	DI54
1130.8640000000	n/a	n/a	STATUS	n/a	n/a	D255
1131.1040000000	n/a	n/a	STATUS	n/a	n/a	DI34
1131.1520000000	n/a	n/a	STATUS	n/a	n/a	D255
1131.4120000000	n/a	n/a	STATUS	n/a	n/a	DIN5
1131.4600000000	n/a	n/a	STATUS	n/a	n/a	D255
1131.9480000000	n/a	n/a	STATUS	n/a	n/a	D132
1131.9960000000	n/a	n/a	STATUS	n/a	n/a	D255
1132.0360000000	n/a	n/a	STATUS	n/a	n/a	DI52
1132.0840000000	n/a	n/a	STATUS	n/a	n/a	D255
1132.6280000000	n/a	n/a	STATUS	n/a	n/a	DI42
1132.6800000000	n/a	n/a	STATUS	n/a	n/a	D255
1132.9360000000	n/a	n/a	STATUS	n/a	n/a	DIN5
1132.9880000000	n/a	n/a	STATUS	n/a	n/a	D255
1133.3840000000	n/a	n/a	STATUS	n/a	n/a	DI98
1133.4320000000	n/a	n/a	STATUS	n/a	n/a	D255
1133.4720000000	n/a	n/a	STATUS	n/a	n/a	DI51
1133.5200000000	n/a	n/a	STATUS	n/a	n/a	D255
1133.8240000000	n/a	n/a	STATUS	n/a	n/a	DI31
1133.8760000000	n/a	n/a	STATUS	n/a	n/a	D255
1134.1360000000	n/a	n/a	STATUS	n/a	n/a	DIN5
1134.1840000000	n/a	n/a	STATUS	n/a	n/a	D255
1134.5000000000	n/a	n/a	STATUS	n/a	n/a	D138
1134.5480000000	n/a	n/a	STATUS	n/a	n/a	D255
1134.5880000000	n/a	n/a	STATUS	n/a	n/a	DI53
1134.6360000000	n/a	n/a	STATUS	n/a	n/a	D255
1134.9240000000	n/a	n/a	STATUS	n/a	n/a	DI43
1134.9760000000	n/a	n/a	STATUS	n/a	n/a	D255
1135.2320000000	n/a	n/a	STATUS	n/a	n/a	DIN5
1135.2840000000	n/a	n/a	STATUS	n/a	n/a	D255
1135.6240000000	n/a	n/a	STATUS	n/a	n/a	D153
1135.6720000000	n/a	n/a	STATUS	n/a	n/a	D255
1135.7120000000	n/a	n/a	STATUS	n/a	n/a	DI53
1135.7600000000	n/a	n/a	STATUS	n/a	n/a	D255
1136.0040000000	n/a	n/a	STATUS	n/a	n/a	DI43
1136.0560000000	n/a	n/a	STATUS	n/a	n/a	D255
1136.3160000000	n/a	n/a	STATUS	n/a	n/a	DIN5
1136.3640000000	n/a	n/a	STATUS	n/a	n/a	D255
1136.8520000000	n/a	n/a	STATUS	n/a	n/a	D145
1136.9040000000	n/a	n/a	STATUS	n/a	n/a	D255
1136.9440000000	n/a	n/a	STATUS	n/a	n/a	DI52
1136.9920000000	n/a	n/a	STATUS	n/a	n/a	D255
1137.3600000000	n/a	n/a	STATUS	n/a	n/a	DI42
1137.4120000000	n/a	n/a	STATUS	n/a	n/a	D255
1137.6680000000	n/a	n/a	STATUS	n/a	n/a	DIN5
1137.7200000000	n/a	n/a	STATUS	n/a	n/a	D255
1138.0880000000	n/a	n/a	STATUS	n/a	n/a	D182
1138.1400000000	n/a	n/a	STATUS	n/a	n/a	D255
1138.1760000000	n/a	n/a	STATUS	n/a	n/a	DI52
1138.2280000000	n/a	n/a	STATUS	n/a	n/a	D255
1138.5840000000	n/a	n/a	STATUS	n/a	n/a	DI42
1138.6320000000	n/a	n/a	STATUS	n/a	n/a	D255
1138.8920000000	n/a	n/a	STATUS	n/a	n/a	DIN5
1138.9400000000	n/a	n/a	STATUS	n/a	n/a	D255
1139.4080000000	n/a	n/a	STATUS	n/a	n/a	D101
1139.4560000000	n/a	n/a	STATUS	n/a	n/a	D255
1139.4920000000	n/a	n/a	STATUS	n/a	n/a	DI53
1139.5440000000	n/a	n/a	STATUS	n/a	n/a	D255
1139.8080000000	n/a	n/a	STATUS	n/a	n/a	DI43
1139.8600000000	n/a	n/a	STATUS	n/a	n/a	D255
1140.1200000000	n/a	n/a	STATUS	n/a	n/a	DIN5
1140.1680000000	n/a	n/a	STATUS	n/a	n/a	D255
1140.1680000000	n/a	n/a	STATUS	n/a	n/a	D197
1140.5000000000	n/a	n/a	STATUS	n/a	n/a	D154
1140.5480000000	n/a	n/a	STATUS	n/a	n/a	D255
1140.5840000000	n/a	n/a	STATUS	n/a	n/a	DI51
1140.6360000000	n/a	n/a	STATUS	n/a	n/a	D255
1140.9480000000	n/a	n/a	STATUS	n/a	n/a	DI31
1140.9960000000	n/a	n/a	STATUS	n/a	n/a	D255
1141.2560000000	n/a	n/a	STATUS	n/a	n/a	DIN5
1141.3040000000	n/a	n/a	STATUS	n/a	n/a	D255
1141.6080000000	n/a	n/a	STATUS	n/a	n/a	D225
1141.6600000000	n/a	n/a	STATUS	n/a	n/a	D255
1141.6960000000	n/a	n/a	STATUS	n/a	n/a	DI54
1141.7480000000	n/a	n/a	STATUS	n/a	n/a	D255
1142.0240000000	n/a	n/a	STATUS	n/a	n/a	DI34
1142.0720000000	n/a	n/a	STATUS	n/a	n/a	D255
1142.3320000000	n/a	n/a	STATUS	n/a	n/a	DIN5
1142.3840000000	n/a	n/a	STATUS	n/a	n/a	D255
1142.7960000000	n/a	n/a	STATUS	n/a	n/a	D170
1142.8480000000	n/a	n/a	STATUS	n/a	n/a	D255
1142.8840000000	n/a	n/a	STATUS	n/a	n/a	DI51
1142.9360000000	n/a	n/a	STATUS	n/a	n/a	D255
1143.2080000000	n/a	n/a	STATUS	n/a	n/a	DI31
1143.2600000000	n/a	n/a	STATUS	n/a	n/a	D255
1143.5160000000	n/a	n/a	STATUS	n/a	n/a	DIN5
1143.5680000000	n/a	n/a	STATUS	n/a	n/a	D255
1143.9240000000	n/a	n/a	STATUS	n/a	n/a	DI72
1143.9720000000	n/a	n/a	STATUS	n/a	n/a	D255
1144.0120000000	n/a	n/a	STATUS	n/a	n/a	DI53
1144.0600000000	n/a	n/a	STATUS	n/a	n/a	D255
1144.0600000000	n/a	n/a	STATUS	n/a	n/a	D245
1144.3800000000	n/a	n/a	STATUS	n/a	n/a	DI13
1144.4320000000	n/a	n/a	STATUS	n/a	n/a	D255
1144.4360000000	n/a	n/a	STATUS	n/a	n/a	DIN4
1144.4840000000	n/a	n/a	STATUS	n/a	n/a	D255
1145.2400000000	n/a	n/a	STATUS	n/a	n/a	DIN5
1145.2920000000	n/a	n/a	STATUS	n/a	n/a	D255
1145.7000000000	n/a	n/a	STATUS	n/a	n/a	D147
1145.7480000000	n/a	n/a	STATUS	n/a	n/a	D255
1145.7880000000	n/a	n/a	STATUS	n/a	n/a	DI51
1145.8360000000	n/a	n/a	STATUS	n/a	n/a	D255
1146.3080000000	n/a	n/a	STATUS	n/a	n/a	DI31
1146.3560000000	n/a	n/a	STATUS	n/a	n/a	D255
1146.6160000000	n/a	n/a	STATUS	n/a	n/a	DIN5
1146.6640000000	n/a	n/a	STATUS	n/a	n/a	D255
1147.1600000000	n/a	n/a	STATUS	n/a	n/a	D217
1147.2120000000	n/a	n/a	STATUS	n/a	n/a	D255
1147.2480000000	n/a	n/a	STATUS	n/a	n/a	DI52
1147.3000000000	n/a	n/a	STATUS	n/a	n/a	D255
1147.6920000000	n/a	n/a	STATUS	n/a	n/a	DI42
1147.7400000000	n/a	n/a	STATUS	n/a	n/a	D255
1148.0000000000	n/a	n/a	STATUS	n/a	n/a	DIN5
1148.0520000000	n/a	n/a	STATUS	n/a	n/a	D255
1148.4400000000	n/a	n/a	STATUS	n/a	n/a	D150
1148.4880000000	n/a	n/a	STATUS	n/a	n/a	D255
1148.5280000000	n/a	n/a	STATUS	n/a	n/a	DI54
1148.5760000000	n/a	n/a	STATUS	n/a	n/a	D255
1148.8720000000	n/a	n/a	STATUS	n/a	n/a	DI34
1148.9240000000	n/a	n/a	STATUS	n/a	n/a	D255
1149.1840000000	n/a	n/a	STATUS	n/a	n/a	DIN5
1149.2320000000	n/a	n/a	STATUS	n/a	n/a	D255
1149.6680000000	n/a	n/a	STATUS	n/a	n/a	D195
1149.7160000000	n/a	n/a	STATUS	n/a	n/a	D255
1149.7560000000	n/a	n/a	STATUS	n/a	n/a	DI52
1149.8040000000	n/a	n/a	STATUS	n/a	n/a	D255
1150.0640000000	n/a	n/a	STATUS	n/a	n/a	DI12
1150.1160000000	n/a	n/a	STATUS	n/a	n/a	D255
1150.1200000000	n/a	n/a	STATUS	n/a	n/a	DIN4
1150.1720000000	n/a	n/a	STATUS	n/a	n/a	D255
1150.9240000000	n/a	n/a	STATUS	n/a	n/a	DIN5
1150.9760000000	n/a	n/a	STATUS	n/a	n/a	D255
1151.3960000000	n/a	n/a	STATUS	n/a	n/a	D117
1151.4440000000	n/a	n/a	STATUS	n/a	n/a	D255
1151.4840000000	n/a	n/a	STATUS	n/a	n/a	DI51
1151.5320000000	n/a	n/a	STATUS	n/a	n/a	D255
1151.8640000000	n/a	n/a	STATUS	n/a	n/a	DI31
1151.9120000000	n/a	n/a	STATUS	n/a	n/a	D255
1152.1720000000	n/a	n/a	STATUS	n/a	n/a	DIN5
1152.2200000000	n/a	n/a	STATUS	n/a	n/a	D255
1152.5880000000	n/a	n/a	STATUS	n/a	n/a	D245
1152.6360000000	n/a	n/a	STATUS	n/a	n/a	D255
1152.6760000000	n/a	n/a	STATUS	n/a	n/a	DI54
1152.7240000000	n/a	n/a	STATUS	n/a	n/a	D255
1153.0520000000	n/a	n/a	STATUS	n/a	n/a	DI34
1153.1000000000	n/a	n/a	STATUS	n/a	n/a	D255
1153.3600000000	n/a	n/a	STATUS	n/a	n/a	DIN5
1153.4120000000	n/a	n/a	STATUS	n/a	n/a	D255
1153.8960000000	n/a	n/a	STATUS	n/a	n/a	D224
1153.9440000000	n/a	n/a	STATUS	n/a	n/a	D255
1153.9840000000	n/a	n/a	STATUS	n/a	n/a	DI51
1154.0320000000	n/a	n/a	STATUS	n/a	n/a	D255
1154.2800000000	n/a	n/a	STATUS	n/a	n/a	DI21
1154.3280000000	n/a	n/a	STATUS	n/a	n/a	D255
1154.3320000000	n/a	n/a	STATUS	n/a	n/a	DIN4
1154.3840000000	n/a	n/a	STATUS	n/a	n/a	D255
1155.1400000000	n/a	n/a	STATUS	n/a	n/a	DIN5
1155.1880000000	n/a	n/a	STATUS	n/a	n/a	D255
1155.6680000000	n/a	n/a	STATUS	n/a	n/a	D227
1155.7200000000	n/a	n/a	STATUS	n/a	n/a	D255
1155.7560000000	n/a	n/a	STATUS	n/a	n/a	DI53
1155.8040000000	n/a	n/a	STATUS	n/a	n/a	D255
1156.0480000000	n/a	n/a	STATUS	n/a	n/a	DI43
1156.1000000000	n/a	n/a	STATUS	n/a	n/a	D255
1156.3560000000	n/a	n/a	STATUS	n/a	n/a	DIN5
1156.4080000000	n/a	n/a	STATUS	n/a	n/a	D255
1156.7160000000	n/a	n/a	STATUS	n/a	n/a	D155
1156.7680000000	n/a	n/a	STATUS	n/a	n/a	D255
1156.8040000000	n/a	n/a	STATUS	n/a	n/a	DI53
1156.8560000000	n/a	n/a	STATUS	n/a	n/a	D255
1157.1200000000	n/a	n/a	STATUS	n/a	n/a	DI43
1157.1720000000	n/a	n/a	STATUS	n/a	n/a	D255
1157.4280000000	n/a	n/a	STATUS	n/a	n/a	DIN5
1157.4800000000	n/a	n/a	STATUS	n/a	n/a	D255
1157.8680000000	n/a	n/a	STATUS	n/a	n/a	D219
1157.9200000000	n/a	n/a	STATUS	n/a	n/a	D255
1157.9560000000	n/a	n/a	STATUS	n/a	n/a	DI53
1158.0080000000	n/a	n/a	STATUS	n/a	n/a	D255
1158.3080000000	n/a	n/a	STATUS	n/a	n/a	DI43
1158.3560000000	n/a	n/a	STATUS	n/a	n/a	D255
1158.6160000000	n/a	n/a	STATUS	n/a	n/a	DIN5
1158.6680000000	n/a	n/a	STATUS	n/a	n/a	D255
1159.1480000000	n/a	n/a	STATUS	n/a	n/a	D123
1159.1960000000	n/a	n/a	STATUS	n/a	n/a	D255
1159.2360000000	n/a	n/a	STATUS	n/a	n/a	DI51
1159.2840000000	n/a	n/a	STATUS	n/a	n/a	D255
1159.5840000000	n/a	n/a	STATUS	n/a	n/a	DI31
1159.6360000000	n/a	n/a	STATUS	n/a	n/a	D255
1159.8920000000	n/a	n/a	STATUS	n/a	n/a	DIN5
1159.9440000000	n/a	n/a	STATUS	n/a	n/a	D255
1160.4480000000	n/a	n/a	STATUS	n/a	n/a	D168
1160.4960000000	n/a	n/a	STATUS	n/a	n/a	D255
1160.5360000000	n/a	n/a	STATUS	n/a	n/a	DI52
1160.5840000000	n/a	n/a	STATUS	n/a	n/a	D255
1160.8400000000	n/a	n/a	STATUS	n/a	n/a	DI12
1160.8880000000	n/a	n/a	STATUS	n/a	n/a	D255
1160.8920000000	n/a	n/a	STATUS	n/a	n/a	DIN4
1160.9440000000	n/a	n/a	STATUS	n/a	n/a	D255
1161.7000000000	n/a	n/a	STATUS	n/a	n/a	DIN5
1161.7480000000	n/a	n/a	STATUS	n/a	n/a	D255
1162.1880000000	n/a	n/a	STATUS	n/a	n/a	D196
1162.2400000000	n/a	n/a	STATUS	n/a	n/a	D255
1162.2760000000	n/a	n/a	STATUS	n/a	n/a	DI51
1162.3280000000	n/a	n/a	STATUS	n/a	n/a	D255
1162.6560000000	n/a	n/a	STATUS	n/a	n/a	DI31
1162.7080000000	n/a	n/a	STATUS	n/a	n/a	D255
1162.9680000000	n/a	n/a	STATUS	n/a	n/a	DIN5
1163.0160000000	n/a	n/a	STATUS	n/a	n/a	D255
1163.5160000000	n/a	n/a	STATUS	n/a	n/a	D249
1163.5680000000	n/a	n/a	STATUS	n/a	n/a	D255
1163.6040000000	n/a	n/a	STATUS	n/a	n/a	DI52
1163.6560000000	n/a	n/a	STATUS	n/a	n/a	D255
1164.0040000000	n/a	n/a	STATUS	n/a	n/a	DI42
1164.0520000000	n/a	n/a	STATUS	n/a	n/a	D255
1164.3120000000	n/a	n/a	STATUS	n/a	n/a	DIN5
1164.3640000000	n/a	n/a	STATUS	n/a	n/a	D255
1164.7560000000	n/a	n/a	STATUS	n/a	n/a	D210
1164.8080000000	n/a	n/a	STATUS	n/a	n/a	D255
1164.8440000000	n/a	n/a	STATUS	n/a	n/a	DI53
1164.8960000000	n/a	n/a	STATUS	n/a	n/a	D255
1165.1520000000	n/a	n/a	STATUS	n/a	n/a	DI43
1165.2040000000	n/a	n/a	STATUS	n/a	n/a	D255
1165.4640000000	n/a	n/a	STATUS	n/a	n/a	DIN5
1165.5120000000	n/a	n/a	STATUS	n/a	n/a	D255
1165.9240000000	n/a	n/a	STATUS	n/a	n/a	DI81
1165.9720000000	n/a	n/a	STATUS	n/a	n/a	D255
1166.0080000000	n/a	n/a	STATUS	n/a	n/a	DI52
1166.0600000000	n/a	n/a	STATUS	n/a	n/a	D255
1166.5320000000	n/a	n/a	STATUS	n/a	n/a	DI42
1166.5840000000	n/a	n/a	STATUS	n/a	n/a	D255
1166.8400000000	n/a	n/a	STATUS	n/a	n/a	DIN5
1166.8920000000	n/a	n/a	STATUS	n/a	n/a	D255
1167.3360000000	n/a	n/a	STATUS	n/a	n/a	D135
1167.3840000000	n/a	n/a	STATUS	n/a	n/a	D255
1167.4240000000	n/a	n/a	STATUS	n/a	n/a	DI53
1167.4720000000	n/a	n/a	STATUS	n/a	n/a	D255
1167.7240000000	n/a	n/a	STATUS	n/a	n/a	DI43
1167.7760000000	n/a	n/a	STATUS	n/a	n/a	D255
1168.0320000000	n/a	n/a	STATUS	n/a	n/a	DIN5
1168.0840000000	n/a	n/a	STATUS	n/a	n/a	D255
1168.3880000000	n/a	n/a	STATUS	n/a	n/a	DI79
1168.4400000000	n/a	n/a	STATUS	n/a	n/a	D255
1168.4760000000	n/a	n/a	STATUS	n/a	n/a	DI53
1168.5240000000	n/a	n/a	STATUS	n/a	n/a	D255
1168.7640000000	n/a	n/a	STATUS	n/a	n/a	DI43
1168.8160000000	n/a	n/a	STATUS	n/a	n/a	D255
1169.0760000000	n/a	n/a	STATUS	n/a	n/a	DIN5
1169.1240000000	n/a	n/a	STATUS	n/a	n/a	D255
1169.5040000000	n/a	n/a	STATUS	n/a	n/a	D228
1169.5560000000	n/a	n/a	STATUS	n/a	n/a	D255
1169.5920000000	n/a	n/a	STATUS	n/a	n/a	DI52
1169.6440000000	n/a	n/a	STATUS	n/a	n/a	D255
1169.9800000000	n/a	n/a	STATUS	n/a	n/a	DI42
1170.0320000000	n/a	n/a	STATUS	n/a	n/a	D255
1170.2920000000	n/a	n/a	STATUS	n/a	n/a	DIN5
1170.3400000000	n/a	n/a	STATUS	n/a	n/a	D255
1170.6480000000	n/a	n/a	STATUS	n/a	n/a	D185
1170.7000000000	n/a	n/a	STATUS	n/a	n/a	D255
1170.7360000000	n/a	n/a	STATUS	n/a	n/a	DI54
1170.7880000000	n/a	n/a	STATUS	n/a	n/a	D255
1171.1600000000	n/a	n/a	STATUS	n/a	n/a	DI34
1171.2080000000	n/a	n/a	STATUS	n/a	n/a	D255
1171.4680000000	n/a	n/a	STATUS	n/a	n/a	DIN5
1171.5200000000	n/a	n/a	STATUS	n/a	n/a	D255
1171.9440000000	n/a	n/a	STATUS	n/a	n/a	D194
1171.9920000000	n/a	n/a	STATUS	n/a	n/a	D255
1172.0320000000	n/a	n/a	STATUS	n/a	n/a	DI54
1172.0800000000	n/a	n/a	STATUS	n/a	n/a	D255
1172.4160000000	n/a	n/a	STATUS	n/a	n/a	DI24
1172.4680000000	n/a	n/a	STATUS	n/a	n/a	D255
1172.4720000000	n/a	n/a	STATUS	n/a	n/a	DIN4
1172.5200000000	n/a	n/a	STATUS	n/a	n/a	D255
1173.2760000000	n/a	n/a	STATUS	n/a	n/a	DIN5
1173.3280000000	n/a	n/a	STATUS	n/a	n/a	D255
1173.6360000000	n/a	n/a	STATUS	n/a	n/a	DI87
1173.6840000000	n/a	n/a	STATUS	n/a	n/a	D255
1173.7240000000	n/a	n/a	STATUS	n/a	n/a	DI53
1173.7720000000	n/a	n/a	STATUS	n/a	n/a	D255
1174.0320000000	n/a	n/a	STATUS	n/a	n/a	DI43
1174.0840000000	n/a	n/a	STATUS	n/a	n/a	D255
1174.3440000000	n/a	n/a	STATUS	n/a	n/a	DIN5
1174.3920000000	n/a	n/a	STATUS	n/a	n/a	D255
1174.8160000000	n/a	n/a	STATUS	n/a	n/a	D149
1174.8680000000	n/a	n/a	STATUS	n/a	n/a	D255
1174.9040000000	n/a	n/a	STATUS	n/a	n/a	DI52
1174.9560000000	n/a	n/a	STATUS	n/a	n/a	D255
1175.2600000000	n/a	n/a	STATUS	n/a	n/a	DI42
1175.3080000000	n/a	n/a	STATUS	n/a	n/a	D255
1175.5680000000	n/a	n/a	STATUS	n/a	n/a	DIN5
1175.6200000000	n/a	n/a	STATUS	n/a	n/a	D255
1176.1040000000	n/a	n/a	STATUS	n/a	n/a	D133
1176.1520000000	n/a	n/a	STATUS	n/a	n/a	D255
1176.1920000000	n/a	n/a	STATUS	n/a	n/a	DI54
1176.2400000000	n/a	n/a	STATUS	n/a	n/a	D255
1176.5120000000	n/a	n/a	STATUS	n/a	n/a	DI34
1176.5600000000	n/a	n/a	STATUS	n/a	n/a	D255
1176.8200000000	n/a	n/a	STATUS	n/a	n/a	DIN5
1176.8680000000	n/a	n/a	STATUS	n/a	n/a	D255
1177.2000000000	n/a	n/a	STATUS	n/a	n/a	D165
1177.2480000000	n/a	n/a	STATUS	n/a	n/a	D255
1177.2880000000	n/a	n/a	STATUS	n/a	n/a	DI51
1177.3360000000	n/a	n/a	STATUS	n/a	n/a	D255
1177.7960000000	n/a	n/a	STATUS	n/a	n/a	DI31
1177.8440000000	n/a	n/a	STATUS	n/a	n/a	D255
1178.1040000000	n/a	n/a	STATUS	n/a	n/a	DIN5
1178.1520000000	n/a	n/a	STATUS	n/a	n/a	D255
1178.5160000000	n/a	n/a	STATUS	n/a	n/a	D126
1178.5680000000	n/a	n/a	STATUS	n/a	n/a	D255
1178.6040000000	n/a	n/a	STATUS	n/a	n/a	DI54
1178.6560000000	n/a	n/a	STATUS	n/a	n/a	D255
1179.0040000000	n/a	n/a	STATUS	n/a	n/a	DI34
1179.0520000000	n/a	n/a	STATUS	n/a	n/a	D255
1179.3120000000	n/a	n/a	STATUS	n/a	n/a	DIN5
1179.3640000000	n/a	n/a	STATUS	n/a	n/a	D255
1179.8680000000	n/a	n/a	STATUS	n/a	n/a	D107
1179.9160000000	n/a	n/a	STATUS	n/a	n/a	D255
1179.9560000000	n/a	n/a	STATUS	n/a	n/a	DI53
1180.0040000000	n/a	n/a	STATUS	n/a	n/a	D255
1180.2480000000	n/a	n/a	STATUS	n/a	n/a	DI43
1180.2960000000	n/a	n/a	STATUS	n/a	n/a	D255
1180.5560000000	n/a	n/a	STATUS	n/a	n/a	DIN5
1180.6040000000	n/a	n/a	STATUS	n/a	n/a	D255
1180.9640000000	n/a	n/a	STATUS	n/a	n/a	D180
1181.0120000000	n/a	n/a	STATUS	n/a	n/a	D255
1181.0520000000	n/a	n/a	STATUS	n/a	n/a	DI53
1181.1040000000	n/a	n/a	STATUS	n/a	n/a	D255
1181.3400000000	n/a	n/a	STATUS	n/a	n/a	DI43
1181.3920000000	n/a	n/a	STATUS	n/a	n/a	D255
1181.6480000000	n/a	n/a	STATUS	n/a	n/a	DIN5
1181.7000000000	n/a	n/a	STATUS	n/a	n/a	D255
1182.1160000000	n/a	n/a	STATUS	n/a	n/a	D213
1182.1640000000	n/a	n/a	STATUS	n/a	n/a	D255
1182.2000000000	n/a	n/a	STATUS	n/a	n/a	DI52
1182.2520000000	n/a	n/a	STATUS	n/a	n/a	D255
1182.5800000000	n/a	n/a	STATUS	n/a	n/a	DI42
1182.6280000000	n/a	n/a	STATUS	n/a	n/a	D255
1182.8880000000	n/a	n/a	STATUS	n/a	n/a	DIN5
1182.9360000000	n/a	n/a	STATUS	n/a	n/a	D255
1183.3960000000	n/a	n/a	STATUS	n/a	n/a	D206
1183.4480000000	n/a	n/a	STATUS	n/a	n/a	D255
1183.4840000000	n/a	n/a	STATUS	n/a	n/a	DI51
1183.5360000000	n/a	n/a	STATUS	n/a	n/a	D255
1183.7480000000	n/a	n/a	STATUS	n/a	n/a	DI21
1183.7960000000	n/a	n/a	STATUS	n/a	n/a	D255
1183.8000000000	n/a	n/a	STATUS	n/a	n/a	DIN4
1183.8520000000	n/a	n/a	STATUS	n/a	n/a	D255
1184.6040000000	n/a	n/a	STATUS	n/a	n/a	DIN5
1184.6560000000	n/a	n/a	STATUS	n/a	n/a	D255
1185.1000000000	n/a	n/a	STATUS	n/a	n/a	D241
1185.1480000000	n/a	n/a	STATUS	n/a	n/a	D255
1185.1880000000	n/a	n/a	STATUS	n/a	n/a	DI52
1185.2360000000	n/a	n/a	STATUS	n/a	n/a	D255
1185.5680000000	n/a	n/a	STATUS	n/a	n/a	DI42
1185.6160000000	n/a	n/a	STATUS	n/a	n/a	D255
1185.8760000000	n/a	n/a	STATUS	n/a	n/a	DIN5
1185.9240000000	n/a	n/a	STATUS	n/a	n/a	D255
1186.4320000000	n/a	n/a	STATUS	n/a	n/a	D144
1186.4800000000	n/a	n/a	STATUS	n/a	n/a	D255
1186.5200000000	n/a	n/a	STATUS	n/a	n/a	DI54
1186.5680000000	n/a	n/a	STATUS	n/a	n/a	D255
1186.8440000000	n/a	n/a	STATUS	n/a	n/a	DI34
1186.8920000000	n/a	n/a	STATUS	n/a	n/a	D255
