onset	duration	sample	trial_type	response_time	stim_file	value
83.3880000000	n/a	n/a	STATUS	n/a	n/a	DIN5
83.4400000000	n/a	n/a	STATUS	n/a	n/a	D255
83.8480000000	n/a	n/a	STATUS	n/a	n/a	D104
83.9000000000	n/a	n/a	STATUS	n/a	n/a	D255
83.9360000000	n/a	n/a	STATUS	n/a	n/a	DI54
83.9880000000	n/a	n/a	STATUS	n/a	n/a	D255
84.3040000000	n/a	n/a	STATUS	n/a	n/a	DI34
84.3560000000	n/a	n/a	STATUS	n/a	n/a	D255
84.6160000000	n/a	n/a	STATUS	n/a	n/a	DIN5
84.6680000000	n/a	n/a	STATUS	n/a	n/a	D255
85.1240000000	n/a	n/a	STATUS	n/a	n/a	D129
85.1760000000	n/a	n/a	STATUS	n/a	n/a	D255
85.2120000000	n/a	n/a	STATUS	n/a	n/a	DI51
85.2640000000	n/a	n/a	STATUS	n/a	n/a	D255
85.7040000000	n/a	n/a	STATUS	n/a	n/a	DI31
85.7520000000	n/a	n/a	STATUS	n/a	n/a	D255
86.0120000000	n/a	n/a	STATUS	n/a	n/a	DIN5
86.0640000000	n/a	n/a	STATUS	n/a	n/a	D255
86.4720000000	n/a	n/a	STATUS	n/a	n/a	D196
86.5200000000	n/a	n/a	STATUS	n/a	n/a	D255
86.5600000000	n/a	n/a	STATUS	n/a	n/a	DI54
86.6080000000	n/a	n/a	STATUS	n/a	n/a	D255
86.8720000000	n/a	n/a	STATUS	n/a	n/a	DI34
86.9240000000	n/a	n/a	STATUS	n/a	n/a	D255
87.1840000000	n/a	n/a	STATUS	n/a	n/a	DIN5
87.2360000000	n/a	n/a	STATUS	n/a	n/a	D255
87.6120000000	n/a	n/a	STATUS	n/a	n/a	D153
87.6640000000	n/a	n/a	STATUS	n/a	n/a	D255
87.7000000000	n/a	n/a	STATUS	n/a	n/a	DI51
87.7520000000	n/a	n/a	STATUS	n/a	n/a	D255
88.1400000000	n/a	n/a	STATUS	n/a	n/a	DI31
88.1880000000	n/a	n/a	STATUS	n/a	n/a	D255
88.4480000000	n/a	n/a	STATUS	n/a	n/a	DIN5
88.5000000000	n/a	n/a	STATUS	n/a	n/a	D255
88.8600000000	n/a	n/a	STATUS	n/a	n/a	DI69
88.9080000000	n/a	n/a	STATUS	n/a	n/a	D255
88.9480000000	n/a	n/a	STATUS	n/a	n/a	DI53
88.9960000000	n/a	n/a	STATUS	n/a	n/a	D255
89.2240000000	n/a	n/a	STATUS	n/a	n/a	DI43
89.2760000000	n/a	n/a	STATUS	n/a	n/a	D255
89.5360000000	n/a	n/a	STATUS	n/a	n/a	DIN5
89.5880000000	n/a	n/a	STATUS	n/a	n/a	D255
89.9120000000	n/a	n/a	STATUS	n/a	n/a	DI72
89.9600000000	n/a	n/a	STATUS	n/a	n/a	D255
90.0000000000	n/a	n/a	STATUS	n/a	n/a	DI53
90.0480000000	n/a	n/a	STATUS	n/a	n/a	D255
90.3640000000	n/a	n/a	STATUS	n/a	n/a	DI43
90.4120000000	n/a	n/a	STATUS	n/a	n/a	D255
90.6720000000	n/a	n/a	STATUS	n/a	n/a	DIN5
90.7240000000	n/a	n/a	STATUS	n/a	n/a	D255
91.2280000000	n/a	n/a	STATUS	n/a	n/a	D147
91.2760000000	n/a	n/a	STATUS	n/a	n/a	D255
91.3160000000	n/a	n/a	STATUS	n/a	n/a	DI54
91.3640000000	n/a	n/a	STATUS	n/a	n/a	D255
91.6120000000	n/a	n/a	STATUS	n/a	n/a	DI34
91.6600000000	n/a	n/a	STATUS	n/a	n/a	D255
91.9200000000	n/a	n/a	STATUS	n/a	n/a	DIN5
91.9720000000	n/a	n/a	STATUS	n/a	n/a	D255
92.3960000000	n/a	n/a	STATUS	n/a	n/a	D120
92.4440000000	n/a	n/a	STATUS	n/a	n/a	D255
92.4840000000	n/a	n/a	STATUS	n/a	n/a	DI52
92.5320000000	n/a	n/a	STATUS	n/a	n/a	D255
92.7640000000	n/a	n/a	STATUS	n/a	n/a	DI12
92.8120000000	n/a	n/a	STATUS	n/a	n/a	D255
92.8200000000	n/a	n/a	STATUS	n/a	n/a	DIN4
92.8680000000	n/a	n/a	STATUS	n/a	n/a	D255
93.6240000000	n/a	n/a	STATUS	n/a	n/a	DIN5
93.6720000000	n/a	n/a	STATUS	n/a	n/a	D255
94.0880000000	n/a	n/a	STATUS	n/a	n/a	D178
94.1400000000	n/a	n/a	STATUS	n/a	n/a	D255
94.1760000000	n/a	n/a	STATUS	n/a	n/a	DI52
94.2280000000	n/a	n/a	STATUS	n/a	n/a	D255
94.6080000000	n/a	n/a	STATUS	n/a	n/a	DI42
94.6600000000	n/a	n/a	STATUS	n/a	n/a	D255
94.9160000000	n/a	n/a	STATUS	n/a	n/a	DIN5
94.9680000000	n/a	n/a	STATUS	n/a	n/a	D255
95.2760000000	n/a	n/a	STATUS	n/a	n/a	D117
95.3280000000	n/a	n/a	STATUS	n/a	n/a	D255
95.3640000000	n/a	n/a	STATUS	n/a	n/a	DI51
95.4160000000	n/a	n/a	STATUS	n/a	n/a	D255
95.7920000000	n/a	n/a	STATUS	n/a	n/a	DI31
95.8440000000	n/a	n/a	STATUS	n/a	n/a	D255
96.1040000000	n/a	n/a	STATUS	n/a	n/a	DIN5
96.1520000000	n/a	n/a	STATUS	n/a	n/a	D197
96.1560000000	n/a	n/a	STATUS	n/a	n/a	D255
96.5120000000	n/a	n/a	STATUS	n/a	n/a	D110
96.5640000000	n/a	n/a	STATUS	n/a	n/a	D255
96.6000000000	n/a	n/a	STATUS	n/a	n/a	DI51
96.6520000000	n/a	n/a	STATUS	n/a	n/a	D255
97.0240000000	n/a	n/a	STATUS	n/a	n/a	DI31
97.0760000000	n/a	n/a	STATUS	n/a	n/a	D255
97.3360000000	n/a	n/a	STATUS	n/a	n/a	DIN5
97.3840000000	n/a	n/a	STATUS	n/a	n/a	D255
97.7840000000	n/a	n/a	STATUS	n/a	n/a	D165
97.8360000000	n/a	n/a	STATUS	n/a	n/a	D255
97.8720000000	n/a	n/a	STATUS	n/a	n/a	DI51
97.9240000000	n/a	n/a	STATUS	n/a	n/a	D255
98.3080000000	n/a	n/a	STATUS	n/a	n/a	DI31
98.3560000000	n/a	n/a	STATUS	n/a	n/a	D255
98.6160000000	n/a	n/a	STATUS	n/a	n/a	DIN5
98.6640000000	n/a	n/a	STATUS	n/a	n/a	D255
99.0000000000	n/a	n/a	STATUS	n/a	n/a	D100
99.0520000000	n/a	n/a	STATUS	n/a	n/a	D255
99.0880000000	n/a	n/a	STATUS	n/a	n/a	DI51
99.1400000000	n/a	n/a	STATUS	n/a	n/a	D255
99.5120000000	n/a	n/a	STATUS	n/a	n/a	DI31
99.5640000000	n/a	n/a	STATUS	n/a	n/a	D255
99.8200000000	n/a	n/a	STATUS	n/a	n/a	DIN5
99.8720000000	n/a	n/a	STATUS	n/a	n/a	D255
100.2000000000	n/a	n/a	STATUS	n/a	n/a	D128
100.2520000000	n/a	n/a	STATUS	n/a	n/a	D255
100.2880000000	n/a	n/a	STATUS	n/a	n/a	DI53
100.3400000000	n/a	n/a	STATUS	n/a	n/a	D255
100.6040000000	n/a	n/a	STATUS	n/a	n/a	DI43
100.6560000000	n/a	n/a	STATUS	n/a	n/a	D255
100.9160000000	n/a	n/a	STATUS	n/a	n/a	DIN5
100.9640000000	n/a	n/a	STATUS	n/a	n/a	D255
101.3200000000	n/a	n/a	STATUS	n/a	n/a	DI80
101.3680000000	n/a	n/a	STATUS	n/a	n/a	D255
101.4080000000	n/a	n/a	STATUS	n/a	n/a	DI52
101.4560000000	n/a	n/a	STATUS	n/a	n/a	D255
101.7280000000	n/a	n/a	STATUS	n/a	n/a	DI12
101.7760000000	n/a	n/a	STATUS	n/a	n/a	D255
101.7800000000	n/a	n/a	STATUS	n/a	n/a	DIN4
101.8320000000	n/a	n/a	STATUS	n/a	n/a	D255
102.5880000000	n/a	n/a	STATUS	n/a	n/a	DIN5
102.6360000000	n/a	n/a	STATUS	n/a	n/a	D255
103.0520000000	n/a	n/a	STATUS	n/a	n/a	DI71
103.1000000000	n/a	n/a	STATUS	n/a	n/a	D255
103.1400000000	n/a	n/a	STATUS	n/a	n/a	DI52
103.1880000000	n/a	n/a	STATUS	n/a	n/a	D255
103.5720000000	n/a	n/a	STATUS	n/a	n/a	DI42
103.6200000000	n/a	n/a	STATUS	n/a	n/a	D255
103.8800000000	n/a	n/a	STATUS	n/a	n/a	DIN5
103.9320000000	n/a	n/a	STATUS	n/a	n/a	D255
104.3360000000	n/a	n/a	STATUS	n/a	n/a	D204
104.3840000000	n/a	n/a	STATUS	n/a	n/a	D255
104.3840000000	n/a	n/a	STATUS	n/a	n/a	D237
104.4240000000	n/a	n/a	STATUS	n/a	n/a	DI53
104.4720000000	n/a	n/a	STATUS	n/a	n/a	D255
104.7400000000	n/a	n/a	STATUS	n/a	n/a	DI43
104.7880000000	n/a	n/a	STATUS	n/a	n/a	D255
105.0480000000	n/a	n/a	STATUS	n/a	n/a	DIN5
105.1000000000	n/a	n/a	STATUS	n/a	n/a	D255
105.1000000000	n/a	n/a	STATUS	n/a	n/a	D231
105.4040000000	n/a	n/a	STATUS	n/a	n/a	D202
105.4520000000	n/a	n/a	STATUS	n/a	n/a	D255
105.4920000000	n/a	n/a	STATUS	n/a	n/a	DI54
105.5400000000	n/a	n/a	STATUS	n/a	n/a	D255
105.8680000000	n/a	n/a	STATUS	n/a	n/a	DI34
105.9200000000	n/a	n/a	STATUS	n/a	n/a	D255
106.1800000000	n/a	n/a	STATUS	n/a	n/a	DIN5
106.2280000000	n/a	n/a	STATUS	n/a	n/a	D255
106.6320000000	n/a	n/a	STATUS	n/a	n/a	D218
106.6840000000	n/a	n/a	STATUS	n/a	n/a	D255
106.7200000000	n/a	n/a	STATUS	n/a	n/a	DI54
106.7720000000	n/a	n/a	STATUS	n/a	n/a	D255
107.0760000000	n/a	n/a	STATUS	n/a	n/a	DI34
107.1240000000	n/a	n/a	STATUS	n/a	n/a	D255
107.3840000000	n/a	n/a	STATUS	n/a	n/a	DIN5
107.4320000000	n/a	n/a	STATUS	n/a	n/a	D255
107.9040000000	n/a	n/a	STATUS	n/a	n/a	D161
107.9520000000	n/a	n/a	STATUS	n/a	n/a	D255
107.9920000000	n/a	n/a	STATUS	n/a	n/a	DI51
108.0400000000	n/a	n/a	STATUS	n/a	n/a	D255
108.4240000000	n/a	n/a	STATUS	n/a	n/a	DI31
108.4760000000	n/a	n/a	STATUS	n/a	n/a	D255
108.7320000000	n/a	n/a	STATUS	n/a	n/a	DIN5
108.7840000000	n/a	n/a	STATUS	n/a	n/a	D255
109.1280000000	n/a	n/a	STATUS	n/a	n/a	D142
109.1800000000	n/a	n/a	STATUS	n/a	n/a	D255
109.2160000000	n/a	n/a	STATUS	n/a	n/a	DI54
109.2680000000	n/a	n/a	STATUS	n/a	n/a	D255
109.5400000000	n/a	n/a	STATUS	n/a	n/a	DI34
109.5920000000	n/a	n/a	STATUS	n/a	n/a	D255
109.8520000000	n/a	n/a	STATUS	n/a	n/a	DIN5
109.9000000000	n/a	n/a	STATUS	n/a	n/a	D255
110.3520000000	n/a	n/a	STATUS	n/a	n/a	D241
110.4000000000	n/a	n/a	STATUS	n/a	n/a	D255
110.4400000000	n/a	n/a	STATUS	n/a	n/a	DI52
110.4880000000	n/a	n/a	STATUS	n/a	n/a	D255
110.7560000000	n/a	n/a	STATUS	n/a	n/a	DI12
110.8080000000	n/a	n/a	STATUS	n/a	n/a	D255
110.8120000000	n/a	n/a	STATUS	n/a	n/a	DIN4
110.8600000000	n/a	n/a	STATUS	n/a	n/a	D255
111.6160000000	n/a	n/a	STATUS	n/a	n/a	DIN5
111.6680000000	n/a	n/a	STATUS	n/a	n/a	D255
111.9920000000	n/a	n/a	STATUS	n/a	n/a	D206
112.0400000000	n/a	n/a	STATUS	n/a	n/a	D255
112.0800000000	n/a	n/a	STATUS	n/a	n/a	DI52
112.1280000000	n/a	n/a	STATUS	n/a	n/a	D255
112.5080000000	n/a	n/a	STATUS	n/a	n/a	DI42
112.5600000000	n/a	n/a	STATUS	n/a	n/a	D255
112.8160000000	n/a	n/a	STATUS	n/a	n/a	DIN5
112.8680000000	n/a	n/a	STATUS	n/a	n/a	D255
113.2880000000	n/a	n/a	STATUS	n/a	n/a	DI78
113.3360000000	n/a	n/a	STATUS	n/a	n/a	D255
113.3760000000	n/a	n/a	STATUS	n/a	n/a	DI52
113.4280000000	n/a	n/a	STATUS	n/a	n/a	D255
113.8760000000	n/a	n/a	STATUS	n/a	n/a	DI42
113.9240000000	n/a	n/a	STATUS	n/a	n/a	D255
114.1840000000	n/a	n/a	STATUS	n/a	n/a	DIN5
114.2360000000	n/a	n/a	STATUS	n/a	n/a	D255
114.6320000000	n/a	n/a	STATUS	n/a	n/a	D200
114.6840000000	n/a	n/a	STATUS	n/a	n/a	D255
114.7200000000	n/a	n/a	STATUS	n/a	n/a	DI52
114.7720000000	n/a	n/a	STATUS	n/a	n/a	D255
115.1560000000	n/a	n/a	STATUS	n/a	n/a	DI42
115.2080000000	n/a	n/a	STATUS	n/a	n/a	D255
115.4640000000	n/a	n/a	STATUS	n/a	n/a	DIN5
115.5160000000	n/a	n/a	STATUS	n/a	n/a	D255
116.0160000000	n/a	n/a	STATUS	n/a	n/a	D168
116.0680000000	n/a	n/a	STATUS	n/a	n/a	D255
116.1040000000	n/a	n/a	STATUS	n/a	n/a	DI54
116.1520000000	n/a	n/a	STATUS	n/a	n/a	D255
116.4320000000	n/a	n/a	STATUS	n/a	n/a	DI34
116.4800000000	n/a	n/a	STATUS	n/a	n/a	D255
116.7400000000	n/a	n/a	STATUS	n/a	n/a	DIN5
116.7920000000	n/a	n/a	STATUS	n/a	n/a	D255
117.2600000000	n/a	n/a	STATUS	n/a	n/a	D146
117.3120000000	n/a	n/a	STATUS	n/a	n/a	D255
117.3480000000	n/a	n/a	STATUS	n/a	n/a	DI53
117.3960000000	n/a	n/a	STATUS	n/a	n/a	D255
117.6480000000	n/a	n/a	STATUS	n/a	n/a	DI43
117.6960000000	n/a	n/a	STATUS	n/a	n/a	D255
117.9560000000	n/a	n/a	STATUS	n/a	n/a	DIN5
118.0080000000	n/a	n/a	STATUS	n/a	n/a	D255
118.4600000000	n/a	n/a	STATUS	n/a	n/a	D145
118.5120000000	n/a	n/a	STATUS	n/a	n/a	D255
118.5480000000	n/a	n/a	STATUS	n/a	n/a	DI52
118.6000000000	n/a	n/a	STATUS	n/a	n/a	D255
118.9720000000	n/a	n/a	STATUS	n/a	n/a	DI42
119.0240000000	n/a	n/a	STATUS	n/a	n/a	D255
119.2800000000	n/a	n/a	STATUS	n/a	n/a	DIN5
119.3320000000	n/a	n/a	STATUS	n/a	n/a	D255
119.6960000000	n/a	n/a	STATUS	n/a	n/a	DI96
119.7480000000	n/a	n/a	STATUS	n/a	n/a	D255
119.7840000000	n/a	n/a	STATUS	n/a	n/a	DI53
119.8360000000	n/a	n/a	STATUS	n/a	n/a	D255
120.1880000000	n/a	n/a	STATUS	n/a	n/a	DI43
120.2400000000	n/a	n/a	STATUS	n/a	n/a	D255
120.5000000000	n/a	n/a	STATUS	n/a	n/a	DIN5
120.5480000000	n/a	n/a	STATUS	n/a	n/a	D255
120.8640000000	n/a	n/a	STATUS	n/a	n/a	D220
120.9120000000	n/a	n/a	STATUS	n/a	n/a	D253
120.9160000000	n/a	n/a	STATUS	n/a	n/a	D255
120.9520000000	n/a	n/a	STATUS	n/a	n/a	DI53
121.0000000000	n/a	n/a	STATUS	n/a	n/a	D255
121.3200000000	n/a	n/a	STATUS	n/a	n/a	DI43
121.3720000000	n/a	n/a	STATUS	n/a	n/a	D255
121.6280000000	n/a	n/a	STATUS	n/a	n/a	DIN5
121.6800000000	n/a	n/a	STATUS	n/a	n/a	D255
122.1480000000	n/a	n/a	STATUS	n/a	n/a	D151
122.2000000000	n/a	n/a	STATUS	n/a	n/a	D255
122.2360000000	n/a	n/a	STATUS	n/a	n/a	DI51
122.2880000000	n/a	n/a	STATUS	n/a	n/a	D255
122.6840000000	n/a	n/a	STATUS	n/a	n/a	DI31
122.7360000000	n/a	n/a	STATUS	n/a	n/a	D255
122.9960000000	n/a	n/a	STATUS	n/a	n/a	DIN5
123.0440000000	n/a	n/a	STATUS	n/a	n/a	D255
123.3720000000	n/a	n/a	STATUS	n/a	n/a	D119
123.4240000000	n/a	n/a	STATUS	n/a	n/a	D255
123.4600000000	n/a	n/a	STATUS	n/a	n/a	DI54
123.5120000000	n/a	n/a	STATUS	n/a	n/a	D255
123.8120000000	n/a	n/a	STATUS	n/a	n/a	DI34
123.8600000000	n/a	n/a	STATUS	n/a	n/a	D255
124.1200000000	n/a	n/a	STATUS	n/a	n/a	DIN5
124.1720000000	n/a	n/a	STATUS	n/a	n/a	D255
124.1720000000	n/a	n/a	STATUS	n/a	n/a	D229
124.5600000000	n/a	n/a	STATUS	n/a	n/a	D174
124.6120000000	n/a	n/a	STATUS	n/a	n/a	D255
124.6480000000	n/a	n/a	STATUS	n/a	n/a	DI52
124.7000000000	n/a	n/a	STATUS	n/a	n/a	D255
125.0400000000	n/a	n/a	STATUS	n/a	n/a	DI42
125.0920000000	n/a	n/a	STATUS	n/a	n/a	D255
125.3520000000	n/a	n/a	STATUS	n/a	n/a	DIN5
125.4000000000	n/a	n/a	STATUS	n/a	n/a	D255
125.7920000000	n/a	n/a	STATUS	n/a	n/a	D107
125.8400000000	n/a	n/a	STATUS	n/a	n/a	D255
125.8760000000	n/a	n/a	STATUS	n/a	n/a	DI53
125.9280000000	n/a	n/a	STATUS	n/a	n/a	D255
126.2240000000	n/a	n/a	STATUS	n/a	n/a	DI43
126.2720000000	n/a	n/a	STATUS	n/a	n/a	D255
126.5320000000	n/a	n/a	STATUS	n/a	n/a	DIN5
126.5840000000	n/a	n/a	STATUS	n/a	n/a	D255
127.0640000000	n/a	n/a	STATUS	n/a	n/a	D181
127.1120000000	n/a	n/a	STATUS	n/a	n/a	D255
127.1480000000	n/a	n/a	STATUS	n/a	n/a	DI51
127.2000000000	n/a	n/a	STATUS	n/a	n/a	D255
127.5320000000	n/a	n/a	STATUS	n/a	n/a	DI31
127.5800000000	n/a	n/a	STATUS	n/a	n/a	D255
127.8400000000	n/a	n/a	STATUS	n/a	n/a	DIN5
127.8920000000	n/a	n/a	STATUS	n/a	n/a	D255
128.2360000000	n/a	n/a	STATUS	n/a	n/a	D176
128.2880000000	n/a	n/a	STATUS	n/a	n/a	D255
128.3240000000	n/a	n/a	STATUS	n/a	n/a	DI52
128.3760000000	n/a	n/a	STATUS	n/a	n/a	D255
128.7320000000	n/a	n/a	STATUS	n/a	n/a	DI42
128.7840000000	n/a	n/a	STATUS	n/a	n/a	D255
129.0440000000	n/a	n/a	STATUS	n/a	n/a	DIN5
129.0920000000	n/a	n/a	STATUS	n/a	n/a	D255
129.4440000000	n/a	n/a	STATUS	n/a	n/a	DI70
129.4920000000	n/a	n/a	STATUS	n/a	n/a	D255
129.5320000000	n/a	n/a	STATUS	n/a	n/a	DI52
129.5800000000	n/a	n/a	STATUS	n/a	n/a	D255
129.8280000000	n/a	n/a	STATUS	n/a	n/a	DI12
129.8800000000	n/a	n/a	STATUS	n/a	n/a	D255
129.8840000000	n/a	n/a	STATUS	n/a	n/a	DIN4
129.9320000000	n/a	n/a	STATUS	n/a	n/a	D255
130.6880000000	n/a	n/a	STATUS	n/a	n/a	DIN5
130.7400000000	n/a	n/a	STATUS	n/a	n/a	D255
131.0520000000	n/a	n/a	STATUS	n/a	n/a	D144
131.1040000000	n/a	n/a	STATUS	n/a	n/a	D255
131.1400000000	n/a	n/a	STATUS	n/a	n/a	DI54
131.1920000000	n/a	n/a	STATUS	n/a	n/a	D255
131.4880000000	n/a	n/a	STATUS	n/a	n/a	DI34
131.5360000000	n/a	n/a	STATUS	n/a	n/a	D255
131.7960000000	n/a	n/a	STATUS	n/a	n/a	DIN5
131.8480000000	n/a	n/a	STATUS	n/a	n/a	D255
132.3320000000	n/a	n/a	STATUS	n/a	n/a	D230
132.3800000000	n/a	n/a	STATUS	n/a	n/a	D255
132.4160000000	n/a	n/a	STATUS	n/a	n/a	DI53
132.4680000000	n/a	n/a	STATUS	n/a	n/a	D255
132.7640000000	n/a	n/a	STATUS	n/a	n/a	DI43
132.8120000000	n/a	n/a	STATUS	n/a	n/a	D255
133.0720000000	n/a	n/a	STATUS	n/a	n/a	DIN5
133.1240000000	n/a	n/a	STATUS	n/a	n/a	D255
133.4680000000	n/a	n/a	STATUS	n/a	n/a	D123
133.5200000000	n/a	n/a	STATUS	n/a	n/a	D255
133.5560000000	n/a	n/a	STATUS	n/a	n/a	DI53
133.6080000000	n/a	n/a	STATUS	n/a	n/a	D255
133.9440000000	n/a	n/a	STATUS	n/a	n/a	DI43
133.9920000000	n/a	n/a	STATUS	n/a	n/a	D255
134.2520000000	n/a	n/a	STATUS	n/a	n/a	DIN5
134.3000000000	n/a	n/a	STATUS	n/a	n/a	D255
134.6960000000	n/a	n/a	STATUS	n/a	n/a	D195
134.7480000000	n/a	n/a	STATUS	n/a	n/a	D255
134.7840000000	n/a	n/a	STATUS	n/a	n/a	DI51
134.8360000000	n/a	n/a	STATUS	n/a	n/a	D255
135.2040000000	n/a	n/a	STATUS	n/a	n/a	DI31
135.2520000000	n/a	n/a	STATUS	n/a	n/a	D255
135.5120000000	n/a	n/a	STATUS	n/a	n/a	DIN5
135.5640000000	n/a	n/a	STATUS	n/a	n/a	D255
136.0360000000	n/a	n/a	STATUS	n/a	n/a	D132
136.0880000000	n/a	n/a	STATUS	n/a	n/a	D255
136.1240000000	n/a	n/a	STATUS	n/a	n/a	DI53
136.1760000000	n/a	n/a	STATUS	n/a	n/a	D255
136.4400000000	n/a	n/a	STATUS	n/a	n/a	DI43
136.4920000000	n/a	n/a	STATUS	n/a	n/a	D255
136.7520000000	n/a	n/a	STATUS	n/a	n/a	DIN5
136.8000000000	n/a	n/a	STATUS	n/a	n/a	D255
136.8000000000	n/a	n/a	STATUS	n/a	n/a	D239
137.2320000000	n/a	n/a	STATUS	n/a	n/a	D159
137.2800000000	n/a	n/a	STATUS	n/a	n/a	D255
137.3160000000	n/a	n/a	STATUS	n/a	n/a	DI51
137.3680000000	n/a	n/a	STATUS	n/a	n/a	D255
137.7400000000	n/a	n/a	STATUS	n/a	n/a	DI31
137.7880000000	n/a	n/a	STATUS	n/a	n/a	D255
138.0480000000	n/a	n/a	STATUS	n/a	n/a	DIN5
138.1000000000	n/a	n/a	STATUS	n/a	n/a	D255
138.5520000000	n/a	n/a	STATUS	n/a	n/a	D247
138.6040000000	n/a	n/a	STATUS	n/a	n/a	D255
138.6400000000	n/a	n/a	STATUS	n/a	n/a	DI51
138.6920000000	n/a	n/a	STATUS	n/a	n/a	D255
139.0720000000	n/a	n/a	STATUS	n/a	n/a	DI31
139.1200000000	n/a	n/a	STATUS	n/a	n/a	D255
139.3800000000	n/a	n/a	STATUS	n/a	n/a	DIN5
139.4320000000	n/a	n/a	STATUS	n/a	n/a	D255
139.7920000000	n/a	n/a	STATUS	n/a	n/a	D190
139.8400000000	n/a	n/a	STATUS	n/a	n/a	D255
139.8800000000	n/a	n/a	STATUS	n/a	n/a	DI53
139.9280000000	n/a	n/a	STATUS	n/a	n/a	D255
140.2600000000	n/a	n/a	STATUS	n/a	n/a	DI43
140.3120000000	n/a	n/a	STATUS	n/a	n/a	D255
140.5680000000	n/a	n/a	STATUS	n/a	n/a	DIN5
140.6200000000	n/a	n/a	STATUS	n/a	n/a	D255
140.9800000000	n/a	n/a	STATUS	n/a	n/a	D166
141.0280000000	n/a	n/a	STATUS	n/a	n/a	D255
141.0680000000	n/a	n/a	STATUS	n/a	n/a	DI51
141.1160000000	n/a	n/a	STATUS	n/a	n/a	D255
141.6120000000	n/a	n/a	STATUS	n/a	n/a	DI31
141.6640000000	n/a	n/a	STATUS	n/a	n/a	D255
141.9240000000	n/a	n/a	STATUS	n/a	n/a	DIN5
141.9720000000	n/a	n/a	STATUS	n/a	n/a	D255
142.4480000000	n/a	n/a	STATUS	n/a	n/a	D253
142.5000000000	n/a	n/a	STATUS	n/a	n/a	D255
142.5360000000	n/a	n/a	STATUS	n/a	n/a	DI53
142.5880000000	n/a	n/a	STATUS	n/a	n/a	D255
142.8400000000	n/a	n/a	STATUS	n/a	n/a	DI43
142.8920000000	n/a	n/a	STATUS	n/a	n/a	D255
143.1480000000	n/a	n/a	STATUS	n/a	n/a	DIN5
143.2000000000	n/a	n/a	STATUS	n/a	n/a	D255
143.6640000000	n/a	n/a	STATUS	n/a	n/a	D112
143.7160000000	n/a	n/a	STATUS	n/a	n/a	D255
143.7520000000	n/a	n/a	STATUS	n/a	n/a	DI54
143.8000000000	n/a	n/a	STATUS	n/a	n/a	D255
144.0600000000	n/a	n/a	STATUS	n/a	n/a	DI34
144.1080000000	n/a	n/a	STATUS	n/a	n/a	D255
144.3680000000	n/a	n/a	STATUS	n/a	n/a	DIN5
144.4200000000	n/a	n/a	STATUS	n/a	n/a	D255
144.7800000000	n/a	n/a	STATUS	n/a	n/a	DI90
144.8280000000	n/a	n/a	STATUS	n/a	n/a	D255
144.8680000000	n/a	n/a	STATUS	n/a	n/a	DI51
144.9160000000	n/a	n/a	STATUS	n/a	n/a	D255
145.1320000000	n/a	n/a	STATUS	n/a	n/a	DI21
145.1800000000	n/a	n/a	STATUS	n/a	n/a	D255
145.1840000000	n/a	n/a	STATUS	n/a	n/a	DIN4
145.2360000000	n/a	n/a	STATUS	n/a	n/a	D255
145.9880000000	n/a	n/a	STATUS	n/a	n/a	DIN5
146.0400000000	n/a	n/a	STATUS	n/a	n/a	D255
146.5400000000	n/a	n/a	STATUS	n/a	n/a	D172
146.5880000000	n/a	n/a	STATUS	n/a	n/a	D255
146.6280000000	n/a	n/a	STATUS	n/a	n/a	DI51
146.6800000000	n/a	n/a	STATUS	n/a	n/a	D255
147.0280000000	n/a	n/a	STATUS	n/a	n/a	DI31
147.0800000000	n/a	n/a	STATUS	n/a	n/a	D255
147.3400000000	n/a	n/a	STATUS	n/a	n/a	DIN5
147.3880000000	n/a	n/a	STATUS	n/a	n/a	D255
147.7360000000	n/a	n/a	STATUS	n/a	n/a	D103
147.7880000000	n/a	n/a	STATUS	n/a	n/a	D255
147.8280000000	n/a	n/a	STATUS	n/a	n/a	DI51
147.8760000000	n/a	n/a	STATUS	n/a	n/a	D255
148.2040000000	n/a	n/a	STATUS	n/a	n/a	DI31
148.2520000000	n/a	n/a	STATUS	n/a	n/a	D255
148.5120000000	n/a	n/a	STATUS	n/a	n/a	DIN5
148.5640000000	n/a	n/a	STATUS	n/a	n/a	D255
148.9680000000	n/a	n/a	STATUS	n/a	n/a	D152
149.0200000000	n/a	n/a	STATUS	n/a	n/a	D255
149.0560000000	n/a	n/a	STATUS	n/a	n/a	DI54
149.1040000000	n/a	n/a	STATUS	n/a	n/a	D255
149.3640000000	n/a	n/a	STATUS	n/a	n/a	DI34
149.4120000000	n/a	n/a	STATUS	n/a	n/a	D255
149.6720000000	n/a	n/a	STATUS	n/a	n/a	DIN5
149.7240000000	n/a	n/a	STATUS	n/a	n/a	D255
150.1560000000	n/a	n/a	STATUS	n/a	n/a	D158
150.2080000000	n/a	n/a	STATUS	n/a	n/a	D255
150.2440000000	n/a	n/a	STATUS	n/a	n/a	DI52
150.2960000000	n/a	n/a	STATUS	n/a	n/a	D255
150.6440000000	n/a	n/a	STATUS	n/a	n/a	DI42
150.6960000000	n/a	n/a	STATUS	n/a	n/a	D255
150.9560000000	n/a	n/a	STATUS	n/a	n/a	DIN5
151.0040000000	n/a	n/a	STATUS	n/a	n/a	D255
151.3440000000	n/a	n/a	STATUS	n/a	n/a	D243
151.3960000000	n/a	n/a	STATUS	n/a	n/a	D255
151.4320000000	n/a	n/a	STATUS	n/a	n/a	DI53
151.4840000000	n/a	n/a	STATUS	n/a	n/a	D255
151.8080000000	n/a	n/a	STATUS	n/a	n/a	DI43
151.8600000000	n/a	n/a	STATUS	n/a	n/a	D255
152.1200000000	n/a	n/a	STATUS	n/a	n/a	DIN5
152.1680000000	n/a	n/a	STATUS	n/a	n/a	D255
152.6360000000	n/a	n/a	STATUS	n/a	n/a	D182
152.6880000000	n/a	n/a	STATUS	n/a	n/a	D255
152.7280000000	n/a	n/a	STATUS	n/a	n/a	DI54
152.7760000000	n/a	n/a	STATUS	n/a	n/a	D255
153.0320000000	n/a	n/a	STATUS	n/a	n/a	DI34
153.0840000000	n/a	n/a	STATUS	n/a	n/a	D255
153.3440000000	n/a	n/a	STATUS	n/a	n/a	DIN5
153.3960000000	n/a	n/a	STATUS	n/a	n/a	D255
153.8320000000	n/a	n/a	STATUS	n/a	n/a	D105
153.8840000000	n/a	n/a	STATUS	n/a	n/a	D255
153.9200000000	n/a	n/a	STATUS	n/a	n/a	DI52
153.9680000000	n/a	n/a	STATUS	n/a	n/a	D255
154.2920000000	n/a	n/a	STATUS	n/a	n/a	DI42
154.3400000000	n/a	n/a	STATUS	n/a	n/a	D255
154.6000000000	n/a	n/a	STATUS	n/a	n/a	DIN5
154.6520000000	n/a	n/a	STATUS	n/a	n/a	D255
155.0800000000	n/a	n/a	STATUS	n/a	n/a	D214
155.1280000000	n/a	n/a	STATUS	n/a	n/a	D255
155.1680000000	n/a	n/a	STATUS	n/a	n/a	DI51
155.2160000000	n/a	n/a	STATUS	n/a	n/a	D255
155.6920000000	n/a	n/a	STATUS	n/a	n/a	DI31
155.7400000000	n/a	n/a	STATUS	n/a	n/a	D255
156.0000000000	n/a	n/a	STATUS	n/a	n/a	DIN5
156.0520000000	n/a	n/a	STATUS	n/a	n/a	D255
156.5360000000	n/a	n/a	STATUS	n/a	n/a	D187
156.5840000000	n/a	n/a	STATUS	n/a	n/a	D255
156.6200000000	n/a	n/a	STATUS	n/a	n/a	DI53
156.6720000000	n/a	n/a	STATUS	n/a	n/a	D255
156.8920000000	n/a	n/a	STATUS	n/a	n/a	DI43
156.9400000000	n/a	n/a	STATUS	n/a	n/a	D255
157.2000000000	n/a	n/a	STATUS	n/a	n/a	DIN5
157.2520000000	n/a	n/a	STATUS	n/a	n/a	D255
157.6400000000	n/a	n/a	STATUS	n/a	n/a	DI95
157.6920000000	n/a	n/a	STATUS	n/a	n/a	D255
157.7280000000	n/a	n/a	STATUS	n/a	n/a	DI54
157.7800000000	n/a	n/a	STATUS	n/a	n/a	D255
158.1320000000	n/a	n/a	STATUS	n/a	n/a	DI34
158.1800000000	n/a	n/a	STATUS	n/a	n/a	D255
158.4400000000	n/a	n/a	STATUS	n/a	n/a	DIN5
158.4880000000	n/a	n/a	STATUS	n/a	n/a	D255
158.9480000000	n/a	n/a	STATUS	n/a	n/a	D250
159.0000000000	n/a	n/a	STATUS	n/a	n/a	D255
159.0360000000	n/a	n/a	STATUS	n/a	n/a	DI53
159.0880000000	n/a	n/a	STATUS	n/a	n/a	D255
159.3440000000	n/a	n/a	STATUS	n/a	n/a	DI43
159.3960000000	n/a	n/a	STATUS	n/a	n/a	D255
159.6560000000	n/a	n/a	STATUS	n/a	n/a	DIN5
159.7040000000	n/a	n/a	STATUS	n/a	n/a	D255
160.0080000000	n/a	n/a	STATUS	n/a	n/a	DI91
160.0600000000	n/a	n/a	STATUS	n/a	n/a	D255
160.0960000000	n/a	n/a	STATUS	n/a	n/a	DI54
160.1480000000	n/a	n/a	STATUS	n/a	n/a	D255
160.4120000000	n/a	n/a	STATUS	n/a	n/a	DI34
160.4640000000	n/a	n/a	STATUS	n/a	n/a	D255
160.7200000000	n/a	n/a	STATUS	n/a	n/a	DIN5
160.7720000000	n/a	n/a	STATUS	n/a	n/a	D255
161.2520000000	n/a	n/a	STATUS	n/a	n/a	D118
161.3000000000	n/a	n/a	STATUS	n/a	n/a	D255
161.3400000000	n/a	n/a	STATUS	n/a	n/a	DI51
161.3920000000	n/a	n/a	STATUS	n/a	n/a	D255
161.6160000000	n/a	n/a	STATUS	n/a	n/a	DI21
161.6680000000	n/a	n/a	STATUS	n/a	n/a	D255
161.6720000000	n/a	n/a	STATUS	n/a	n/a	DIN4
161.7200000000	n/a	n/a	STATUS	n/a	n/a	D255
162.4760000000	n/a	n/a	STATUS	n/a	n/a	DIN5
162.5240000000	n/a	n/a	STATUS	n/a	n/a	D255
162.8440000000	n/a	n/a	STATUS	n/a	n/a	DI65
162.8960000000	n/a	n/a	STATUS	n/a	n/a	D255
162.9320000000	n/a	n/a	STATUS	n/a	n/a	DI52
162.9840000000	n/a	n/a	STATUS	n/a	n/a	D255
163.4720000000	n/a	n/a	STATUS	n/a	n/a	DI42
163.5200000000	n/a	n/a	STATUS	n/a	n/a	D255
163.7800000000	n/a	n/a	STATUS	n/a	n/a	DIN5
163.8320000000	n/a	n/a	STATUS	n/a	n/a	D255
164.2040000000	n/a	n/a	STATUS	n/a	n/a	D186
164.2560000000	n/a	n/a	STATUS	n/a	n/a	D255
164.2920000000	n/a	n/a	STATUS	n/a	n/a	DI52
164.3440000000	n/a	n/a	STATUS	n/a	n/a	D255
164.7400000000	n/a	n/a	STATUS	n/a	n/a	DI42
164.7920000000	n/a	n/a	STATUS	n/a	n/a	D255
165.0480000000	n/a	n/a	STATUS	n/a	n/a	DIN5
165.1000000000	n/a	n/a	STATUS	n/a	n/a	D255
165.4360000000	n/a	n/a	STATUS	n/a	n/a	D232
165.4840000000	n/a	n/a	STATUS	n/a	n/a	D255
165.5240000000	n/a	n/a	STATUS	n/a	n/a	DI54
165.5720000000	n/a	n/a	STATUS	n/a	n/a	D255
165.8400000000	n/a	n/a	STATUS	n/a	n/a	DI34
165.8920000000	n/a	n/a	STATUS	n/a	n/a	D255
166.1520000000	n/a	n/a	STATUS	n/a	n/a	DIN5
166.2000000000	n/a	n/a	STATUS	n/a	n/a	D255
166.5520000000	n/a	n/a	STATUS	n/a	n/a	D240
166.6000000000	n/a	n/a	STATUS	n/a	n/a	D255
166.6400000000	n/a	n/a	STATUS	n/a	n/a	DI54
166.6880000000	n/a	n/a	STATUS	n/a	n/a	D255
166.9920000000	n/a	n/a	STATUS	n/a	n/a	DI34
167.0400000000	n/a	n/a	STATUS	n/a	n/a	D255
167.3000000000	n/a	n/a	STATUS	n/a	n/a	DIN5
167.3480000000	n/a	n/a	STATUS	n/a	n/a	D255
167.7480000000	n/a	n/a	STATUS	n/a	n/a	D116
167.8000000000	n/a	n/a	STATUS	n/a	n/a	D255
167.8360000000	n/a	n/a	STATUS	n/a	n/a	DI51
167.8880000000	n/a	n/a	STATUS	n/a	n/a	D255
168.2280000000	n/a	n/a	STATUS	n/a	n/a	DI31
168.2800000000	n/a	n/a	STATUS	n/a	n/a	D255
168.5400000000	n/a	n/a	STATUS	n/a	n/a	DIN5
168.5880000000	n/a	n/a	STATUS	n/a	n/a	D255
169.0880000000	n/a	n/a	STATUS	n/a	n/a	D244
169.1400000000	n/a	n/a	STATUS	n/a	n/a	D255
169.1760000000	n/a	n/a	STATUS	n/a	n/a	DI51
169.2280000000	n/a	n/a	STATUS	n/a	n/a	D255
169.6080000000	n/a	n/a	STATUS	n/a	n/a	DI31
169.6560000000	n/a	n/a	STATUS	n/a	n/a	D255
169.9160000000	n/a	n/a	STATUS	n/a	n/a	DIN5
169.9680000000	n/a	n/a	STATUS	n/a	n/a	D255
170.3120000000	n/a	n/a	STATUS	n/a	n/a	D183
170.3600000000	n/a	n/a	STATUS	n/a	n/a	D255
170.4000000000	n/a	n/a	STATUS	n/a	n/a	DI54
170.4520000000	n/a	n/a	STATUS	n/a	n/a	D255
170.8000000000	n/a	n/a	STATUS	n/a	n/a	DI34
170.8520000000	n/a	n/a	STATUS	n/a	n/a	D255
171.1120000000	n/a	n/a	STATUS	n/a	n/a	DIN5
171.1600000000	n/a	n/a	STATUS	n/a	n/a	D255
171.5120000000	n/a	n/a	STATUS	n/a	n/a	D148
171.5600000000	n/a	n/a	STATUS	n/a	n/a	D255
171.6000000000	n/a	n/a	STATUS	n/a	n/a	DI52
171.6480000000	n/a	n/a	STATUS	n/a	n/a	D255
172.0160000000	n/a	n/a	STATUS	n/a	n/a	DI42
172.0640000000	n/a	n/a	STATUS	n/a	n/a	D255
172.3240000000	n/a	n/a	STATUS	n/a	n/a	DIN5
172.3720000000	n/a	n/a	STATUS	n/a	n/a	D255
172.7400000000	n/a	n/a	STATUS	n/a	n/a	D185
172.7880000000	n/a	n/a	STATUS	n/a	n/a	D255
172.8280000000	n/a	n/a	STATUS	n/a	n/a	DI52
172.8760000000	n/a	n/a	STATUS	n/a	n/a	D255
173.2360000000	n/a	n/a	STATUS	n/a	n/a	DI42
173.2880000000	n/a	n/a	STATUS	n/a	n/a	D255
173.5480000000	n/a	n/a	STATUS	n/a	n/a	DIN5
173.5960000000	n/a	n/a	STATUS	n/a	n/a	D255
173.9960000000	n/a	n/a	STATUS	n/a	n/a	D226
174.0480000000	n/a	n/a	STATUS	n/a	n/a	D255
174.0840000000	n/a	n/a	STATUS	n/a	n/a	DI51
174.1360000000	n/a	n/a	STATUS	n/a	n/a	D255
174.5000000000	n/a	n/a	STATUS	n/a	n/a	DI31
174.5520000000	n/a	n/a	STATUS	n/a	n/a	D255
174.8080000000	n/a	n/a	STATUS	n/a	n/a	DIN5
174.8600000000	n/a	n/a	STATUS	n/a	n/a	D255
175.1680000000	n/a	n/a	STATUS	n/a	n/a	D126
175.2200000000	n/a	n/a	STATUS	n/a	n/a	D255
175.2560000000	n/a	n/a	STATUS	n/a	n/a	DI53
175.3080000000	n/a	n/a	STATUS	n/a	n/a	D255
175.5920000000	n/a	n/a	STATUS	n/a	n/a	DI43
175.6400000000	n/a	n/a	STATUS	n/a	n/a	D255
175.9000000000	n/a	n/a	STATUS	n/a	n/a	DIN5
175.9480000000	n/a	n/a	STATUS	n/a	n/a	DI69
175.9520000000	n/a	n/a	STATUS	n/a	n/a	D255
176.3840000000	n/a	n/a	STATUS	n/a	n/a	D231
176.4360000000	n/a	n/a	STATUS	n/a	n/a	D255
176.4720000000	n/a	n/a	STATUS	n/a	n/a	DI52
176.5240000000	n/a	n/a	STATUS	n/a	n/a	D255
176.7800000000	n/a	n/a	STATUS	n/a	n/a	DI12
176.8320000000	n/a	n/a	STATUS	n/a	n/a	D255
176.8360000000	n/a	n/a	STATUS	n/a	n/a	DIN4
176.8880000000	n/a	n/a	STATUS	n/a	n/a	D255
177.6400000000	n/a	n/a	STATUS	n/a	n/a	DIN5
177.6920000000	n/a	n/a	STATUS	n/a	n/a	D255
178.0920000000	n/a	n/a	STATUS	n/a	n/a	D221
178.1400000000	n/a	n/a	STATUS	n/a	n/a	D255
178.1800000000	n/a	n/a	STATUS	n/a	n/a	DI53
178.2280000000	n/a	n/a	STATUS	n/a	n/a	D255
178.5320000000	n/a	n/a	STATUS	n/a	n/a	DI43
178.5800000000	n/a	n/a	STATUS	n/a	n/a	D255
178.8400000000	n/a	n/a	STATUS	n/a	n/a	DIN5
178.8920000000	n/a	n/a	STATUS	n/a	n/a	D255
179.3040000000	n/a	n/a	STATUS	n/a	n/a	D130
179.3560000000	n/a	n/a	STATUS	n/a	n/a	D255
179.3920000000	n/a	n/a	STATUS	n/a	n/a	DI52
179.4400000000	n/a	n/a	STATUS	n/a	n/a	D255
179.8160000000	n/a	n/a	STATUS	n/a	n/a	DI42
179.8680000000	n/a	n/a	STATUS	n/a	n/a	D255
180.1280000000	n/a	n/a	STATUS	n/a	n/a	DIN5
180.1760000000	n/a	n/a	STATUS	n/a	n/a	D255
180.5360000000	n/a	n/a	STATUS	n/a	n/a	D122
180.5840000000	n/a	n/a	STATUS	n/a	n/a	D255
180.6240000000	n/a	n/a	STATUS	n/a	n/a	DI54
180.6760000000	n/a	n/a	STATUS	n/a	n/a	D255
181.0360000000	n/a	n/a	STATUS	n/a	n/a	DI34
181.0840000000	n/a	n/a	STATUS	n/a	n/a	D255
181.3440000000	n/a	n/a	STATUS	n/a	n/a	DIN5
181.3960000000	n/a	n/a	STATUS	n/a	n/a	D255
181.7440000000	n/a	n/a	STATUS	n/a	n/a	D245
181.7960000000	n/a	n/a	STATUS	n/a	n/a	D255
181.8320000000	n/a	n/a	STATUS	n/a	n/a	DI53
181.8840000000	n/a	n/a	STATUS	n/a	n/a	D255
182.2040000000	n/a	n/a	STATUS	n/a	n/a	DI43
182.2560000000	n/a	n/a	STATUS	n/a	n/a	D255
182.5160000000	n/a	n/a	STATUS	n/a	n/a	DIN5
182.5640000000	n/a	n/a	STATUS	n/a	n/a	D255
182.9840000000	n/a	n/a	STATUS	n/a	n/a	DI84
183.0360000000	n/a	n/a	STATUS	n/a	n/a	D255
183.0720000000	n/a	n/a	STATUS	n/a	n/a	DI51
183.1240000000	n/a	n/a	STATUS	n/a	n/a	D255
183.5440000000	n/a	n/a	STATUS	n/a	n/a	DI31
183.5960000000	n/a	n/a	STATUS	n/a	n/a	D255
183.8560000000	n/a	n/a	STATUS	n/a	n/a	DIN5
183.9040000000	n/a	n/a	STATUS	n/a	n/a	D255
184.2480000000	n/a	n/a	STATUS	n/a	n/a	D170
184.3000000000	n/a	n/a	STATUS	n/a	n/a	D255
184.3360000000	n/a	n/a	STATUS	n/a	n/a	DI51
184.3880000000	n/a	n/a	STATUS	n/a	n/a	D255
184.7600000000	n/a	n/a	STATUS	n/a	n/a	DI31
184.8120000000	n/a	n/a	STATUS	n/a	n/a	D255
185.0720000000	n/a	n/a	STATUS	n/a	n/a	DIN5
185.1200000000	n/a	n/a	STATUS	n/a	n/a	D255
185.4920000000	n/a	n/a	STATUS	n/a	n/a	D252
185.5400000000	n/a	n/a	STATUS	n/a	n/a	D255
185.5800000000	n/a	n/a	STATUS	n/a	n/a	DI53
185.6280000000	n/a	n/a	STATUS	n/a	n/a	D255
185.9360000000	n/a	n/a	STATUS	n/a	n/a	DI43
185.9840000000	n/a	n/a	STATUS	n/a	n/a	D255
186.2440000000	n/a	n/a	STATUS	n/a	n/a	DIN5
186.2960000000	n/a	n/a	STATUS	n/a	n/a	D255
186.7400000000	n/a	n/a	STATUS	n/a	n/a	D134
186.7880000000	n/a	n/a	STATUS	n/a	n/a	D255
186.8280000000	n/a	n/a	STATUS	n/a	n/a	DI54
186.8800000000	n/a	n/a	STATUS	n/a	n/a	D255
187.1280000000	n/a	n/a	STATUS	n/a	n/a	DI34
187.1800000000	n/a	n/a	STATUS	n/a	n/a	D255
187.4360000000	n/a	n/a	STATUS	n/a	n/a	DIN5
187.4880000000	n/a	n/a	STATUS	n/a	n/a	D255
187.9160000000	n/a	n/a	STATUS	n/a	n/a	DI99
187.9680000000	n/a	n/a	STATUS	n/a	n/a	D255
188.0040000000	n/a	n/a	STATUS	n/a	n/a	DI53
188.0560000000	n/a	n/a	STATUS	n/a	n/a	D255
188.2920000000	n/a	n/a	STATUS	n/a	n/a	DI43
188.3440000000	n/a	n/a	STATUS	n/a	n/a	D255
188.6000000000	n/a	n/a	STATUS	n/a	n/a	DIN5
188.6520000000	n/a	n/a	STATUS	n/a	n/a	D255
189.0920000000	n/a	n/a	STATUS	n/a	n/a	D213
189.1400000000	n/a	n/a	STATUS	n/a	n/a	D255
189.1800000000	n/a	n/a	STATUS	n/a	n/a	DI54
189.2280000000	n/a	n/a	STATUS	n/a	n/a	D255
189.4640000000	n/a	n/a	STATUS	n/a	n/a	DI34
189.5160000000	n/a	n/a	STATUS	n/a	n/a	D255
189.7760000000	n/a	n/a	STATUS	n/a	n/a	DIN5
189.8240000000	n/a	n/a	STATUS	n/a	n/a	D255
190.2480000000	n/a	n/a	STATUS	n/a	n/a	D194
190.3000000000	n/a	n/a	STATUS	n/a	n/a	D255
190.3360000000	n/a	n/a	STATUS	n/a	n/a	DI54
190.3880000000	n/a	n/a	STATUS	n/a	n/a	D255
190.6200000000	n/a	n/a	STATUS	n/a	n/a	DI34
190.6720000000	n/a	n/a	STATUS	n/a	n/a	D255
190.9320000000	n/a	n/a	STATUS	n/a	n/a	DIN5
190.9800000000	n/a	n/a	STATUS	n/a	n/a	D255
191.4760000000	n/a	n/a	STATUS	n/a	n/a	DI98
191.5280000000	n/a	n/a	STATUS	n/a	n/a	D255
191.5640000000	n/a	n/a	STATUS	n/a	n/a	DI52
191.6160000000	n/a	n/a	STATUS	n/a	n/a	D255
191.9880000000	n/a	n/a	STATUS	n/a	n/a	DI42
192.0400000000	n/a	n/a	STATUS	n/a	n/a	D255
192.3000000000	n/a	n/a	STATUS	n/a	n/a	DIN5
192.3480000000	n/a	n/a	STATUS	n/a	n/a	D255
192.7600000000	n/a	n/a	STATUS	n/a	n/a	D140
192.8080000000	n/a	n/a	STATUS	n/a	n/a	D255
192.8480000000	n/a	n/a	STATUS	n/a	n/a	DI52
192.8960000000	n/a	n/a	STATUS	n/a	n/a	D255
193.2320000000	n/a	n/a	STATUS	n/a	n/a	DI42
193.2800000000	n/a	n/a	STATUS	n/a	n/a	D255
193.5400000000	n/a	n/a	STATUS	n/a	n/a	DIN5
193.5920000000	n/a	n/a	STATUS	n/a	n/a	D255
193.9040000000	n/a	n/a	STATUS	n/a	n/a	D163
193.9560000000	n/a	n/a	STATUS	n/a	n/a	D255
193.9920000000	n/a	n/a	STATUS	n/a	n/a	DI52
194.0440000000	n/a	n/a	STATUS	n/a	n/a	D255
194.4920000000	n/a	n/a	STATUS	n/a	n/a	DI42
194.5400000000	n/a	n/a	STATUS	n/a	n/a	D255
194.8000000000	n/a	n/a	STATUS	n/a	n/a	DIN5
194.8520000000	n/a	n/a	STATUS	n/a	n/a	D255
195.2960000000	n/a	n/a	STATUS	n/a	n/a	D171
195.3440000000	n/a	n/a	STATUS	n/a	n/a	D255
195.3840000000	n/a	n/a	STATUS	n/a	n/a	DI51
195.4320000000	n/a	n/a	STATUS	n/a	n/a	D255
195.7560000000	n/a	n/a	STATUS	n/a	n/a	DI21
195.8040000000	n/a	n/a	STATUS	n/a	n/a	D255
195.8080000000	n/a	n/a	STATUS	n/a	n/a	DIN4
195.8600000000	n/a	n/a	STATUS	n/a	n/a	D255
196.6160000000	n/a	n/a	STATUS	n/a	n/a	DIN5
196.6640000000	n/a	n/a	STATUS	n/a	n/a	D255
197.1480000000	n/a	n/a	STATUS	n/a	n/a	D215
197.2000000000	n/a	n/a	STATUS	n/a	n/a	D255
197.2360000000	n/a	n/a	STATUS	n/a	n/a	DI52
197.2880000000	n/a	n/a	STATUS	n/a	n/a	D255
197.6600000000	n/a	n/a	STATUS	n/a	n/a	DI42
197.7120000000	n/a	n/a	STATUS	n/a	n/a	D255
197.9680000000	n/a	n/a	STATUS	n/a	n/a	DIN5
198.0200000000	n/a	n/a	STATUS	n/a	n/a	D255
198.5240000000	n/a	n/a	STATUS	n/a	n/a	D249
198.5760000000	n/a	n/a	STATUS	n/a	n/a	D255
198.6120000000	n/a	n/a	STATUS	n/a	n/a	DI54
198.6640000000	n/a	n/a	STATUS	n/a	n/a	D255
199.0360000000	n/a	n/a	STATUS	n/a	n/a	DI34
199.0880000000	n/a	n/a	STATUS	n/a	n/a	D255
199.3480000000	n/a	n/a	STATUS	n/a	n/a	DIN5
199.3960000000	n/a	n/a	STATUS	n/a	n/a	D255
199.7760000000	n/a	n/a	STATUS	n/a	n/a	D192
199.8280000000	n/a	n/a	STATUS	n/a	n/a	D255
199.8640000000	n/a	n/a	STATUS	n/a	n/a	DI52
199.9160000000	n/a	n/a	STATUS	n/a	n/a	D255
200.2600000000	n/a	n/a	STATUS	n/a	n/a	DI42
200.3080000000	n/a	n/a	STATUS	n/a	n/a	D255
200.5680000000	n/a	n/a	STATUS	n/a	n/a	DIN5
200.6200000000	n/a	n/a	STATUS	n/a	n/a	D255
200.9600000000	n/a	n/a	STATUS	n/a	n/a	D125
201.0080000000	n/a	n/a	STATUS	n/a	n/a	D255
201.0440000000	n/a	n/a	STATUS	n/a	n/a	DI54
201.0960000000	n/a	n/a	STATUS	n/a	n/a	D255
201.4400000000	n/a	n/a	STATUS	n/a	n/a	DI34
201.4880000000	n/a	n/a	STATUS	n/a	n/a	D255
201.7480000000	n/a	n/a	STATUS	n/a	n/a	DIN5
201.7960000000	n/a	n/a	STATUS	n/a	n/a	D255
202.2960000000	n/a	n/a	STATUS	n/a	n/a	D177
202.3480000000	n/a	n/a	STATUS	n/a	n/a	D255
202.3840000000	n/a	n/a	STATUS	n/a	n/a	DI53
202.4360000000	n/a	n/a	STATUS	n/a	n/a	D255
202.6880000000	n/a	n/a	STATUS	n/a	n/a	DI43
202.7400000000	n/a	n/a	STATUS	n/a	n/a	D255
202.9960000000	n/a	n/a	STATUS	n/a	n/a	DIN5
203.0480000000	n/a	n/a	STATUS	n/a	n/a	D255
203.3680000000	n/a	n/a	STATUS	n/a	n/a	D188
203.4160000000	n/a	n/a	STATUS	n/a	n/a	D255
203.4560000000	n/a	n/a	STATUS	n/a	n/a	DI54
203.5040000000	n/a	n/a	STATUS	n/a	n/a	D255
203.8840000000	n/a	n/a	STATUS	n/a	n/a	DI34
203.9320000000	n/a	n/a	STATUS	n/a	n/a	D227
203.9360000000	n/a	n/a	STATUS	n/a	n/a	D255
204.1920000000	n/a	n/a	STATUS	n/a	n/a	DIN5
204.2440000000	n/a	n/a	STATUS	n/a	n/a	D255
204.5920000000	n/a	n/a	STATUS	n/a	n/a	D248
204.6440000000	n/a	n/a	STATUS	n/a	n/a	D255
204.6800000000	n/a	n/a	STATUS	n/a	n/a	DI53
204.7320000000	n/a	n/a	STATUS	n/a	n/a	D255
205.0440000000	n/a	n/a	STATUS	n/a	n/a	DI43
205.0920000000	n/a	n/a	STATUS	n/a	n/a	D255
205.3520000000	n/a	n/a	STATUS	n/a	n/a	DIN5
205.4040000000	n/a	n/a	STATUS	n/a	n/a	D255
205.8120000000	n/a	n/a	STATUS	n/a	n/a	D113
205.8640000000	n/a	n/a	STATUS	n/a	n/a	D255
205.9000000000	n/a	n/a	STATUS	n/a	n/a	DI53
205.9520000000	n/a	n/a	STATUS	n/a	n/a	D255
206.2080000000	n/a	n/a	STATUS	n/a	n/a	DI43
206.2600000000	n/a	n/a	STATUS	n/a	n/a	D255
206.5200000000	n/a	n/a	STATUS	n/a	n/a	DIN5
206.5680000000	n/a	n/a	STATUS	n/a	n/a	D255
206.9720000000	n/a	n/a	STATUS	n/a	n/a	D238
207.0240000000	n/a	n/a	STATUS	n/a	n/a	D255
207.0600000000	n/a	n/a	STATUS	n/a	n/a	DI54
207.1120000000	n/a	n/a	STATUS	n/a	n/a	D255
207.4640000000	n/a	n/a	STATUS	n/a	n/a	DI34
207.5120000000	n/a	n/a	STATUS	n/a	n/a	D255
207.7720000000	n/a	n/a	STATUS	n/a	n/a	DIN5
207.8240000000	n/a	n/a	STATUS	n/a	n/a	D255
208.3280000000	n/a	n/a	STATUS	n/a	n/a	D169
208.3760000000	n/a	n/a	STATUS	n/a	n/a	D233
208.3800000000	n/a	n/a	STATUS	n/a	n/a	D255
208.4160000000	n/a	n/a	STATUS	n/a	n/a	DI51
208.4680000000	n/a	n/a	STATUS	n/a	n/a	D255
208.6880000000	n/a	n/a	STATUS	n/a	n/a	DI21
208.7360000000	n/a	n/a	STATUS	n/a	n/a	D255
208.7400000000	n/a	n/a	STATUS	n/a	n/a	DIN4
208.7920000000	n/a	n/a	STATUS	n/a	n/a	D255
209.5480000000	n/a	n/a	STATUS	n/a	n/a	DIN5
209.5960000000	n/a	n/a	STATUS	n/a	n/a	D255
210.0400000000	n/a	n/a	STATUS	n/a	n/a	D160
210.0920000000	n/a	n/a	STATUS	n/a	n/a	D255
210.1280000000	n/a	n/a	STATUS	n/a	n/a	DI53
210.1800000000	n/a	n/a	STATUS	n/a	n/a	D255
210.5000000000	n/a	n/a	STATUS	n/a	n/a	DI43
210.5480000000	n/a	n/a	STATUS	n/a	n/a	D255
222.8720000000	n/a	n/a	STATUS	n/a	n/a	DIN5
222.9240000000	n/a	n/a	STATUS	n/a	n/a	D255
223.4120000000	n/a	n/a	STATUS	n/a	n/a	DI83
223.4640000000	n/a	n/a	STATUS	n/a	n/a	D255
223.5000000000	n/a	n/a	STATUS	n/a	n/a	DI53
223.5520000000	n/a	n/a	STATUS	n/a	n/a	D255
223.9160000000	n/a	n/a	STATUS	n/a	n/a	DI43
223.9680000000	n/a	n/a	STATUS	n/a	n/a	D255
224.2280000000	n/a	n/a	STATUS	n/a	n/a	DIN5
224.2760000000	n/a	n/a	STATUS	n/a	n/a	D255
224.7400000000	n/a	n/a	STATUS	n/a	n/a	D238
224.7920000000	n/a	n/a	STATUS	n/a	n/a	D255
224.8280000000	n/a	n/a	STATUS	n/a	n/a	DI53
224.8800000000	n/a	n/a	STATUS	n/a	n/a	D255
225.1760000000	n/a	n/a	STATUS	n/a	n/a	DI43
225.2240000000	n/a	n/a	STATUS	n/a	n/a	D255
225.4840000000	n/a	n/a	STATUS	n/a	n/a	DIN5
225.5360000000	n/a	n/a	STATUS	n/a	n/a	D255
225.8520000000	n/a	n/a	STATUS	n/a	n/a	D217
225.9040000000	n/a	n/a	STATUS	n/a	n/a	D255
225.9400000000	n/a	n/a	STATUS	n/a	n/a	DI54
225.9920000000	n/a	n/a	STATUS	n/a	n/a	D255
226.2920000000	n/a	n/a	STATUS	n/a	n/a	DI34
226.3440000000	n/a	n/a	STATUS	n/a	n/a	D255
226.6040000000	n/a	n/a	STATUS	n/a	n/a	DIN5
226.6520000000	n/a	n/a	STATUS	n/a	n/a	D255
226.9560000000	n/a	n/a	STATUS	n/a	n/a	DI95
227.0080000000	n/a	n/a	STATUS	n/a	n/a	D255
227.0440000000	n/a	n/a	STATUS	n/a	n/a	DI54
227.0960000000	n/a	n/a	STATUS	n/a	n/a	D255
227.4360000000	n/a	n/a	STATUS	n/a	n/a	DI34
227.4840000000	n/a	n/a	STATUS	n/a	n/a	D255
227.7440000000	n/a	n/a	STATUS	n/a	n/a	DIN5
227.7960000000	n/a	n/a	STATUS	n/a	n/a	D255
228.2960000000	n/a	n/a	STATUS	n/a	n/a	D196
228.3440000000	n/a	n/a	STATUS	n/a	n/a	D255
228.3800000000	n/a	n/a	STATUS	n/a	n/a	DI51
228.4320000000	n/a	n/a	STATUS	n/a	n/a	D255
228.9440000000	n/a	n/a	STATUS	n/a	n/a	DI31
228.9960000000	n/a	n/a	STATUS	n/a	n/a	D255
229.2520000000	n/a	n/a	STATUS	n/a	n/a	DIN5
229.3040000000	n/a	n/a	STATUS	n/a	n/a	D255
229.6640000000	n/a	n/a	STATUS	n/a	n/a	D202
229.7120000000	n/a	n/a	STATUS	n/a	n/a	D255
229.7520000000	n/a	n/a	STATUS	n/a	n/a	DI53
229.8000000000	n/a	n/a	STATUS	n/a	n/a	D255
230.0360000000	n/a	n/a	STATUS	n/a	n/a	DI43
230.0880000000	n/a	n/a	STATUS	n/a	n/a	D255
230.3480000000	n/a	n/a	STATUS	n/a	n/a	DIN5
230.3960000000	n/a	n/a	STATUS	n/a	n/a	D255
230.8200000000	n/a	n/a	STATUS	n/a	n/a	D239
230.8720000000	n/a	n/a	STATUS	n/a	n/a	D255
230.9080000000	n/a	n/a	STATUS	n/a	n/a	DI54
230.9600000000	n/a	n/a	STATUS	n/a	n/a	D255
231.1960000000	n/a	n/a	STATUS	n/a	n/a	DI34
231.2480000000	n/a	n/a	STATUS	n/a	n/a	D255
231.5080000000	n/a	n/a	STATUS	n/a	n/a	DIN5
231.5560000000	n/a	n/a	STATUS	n/a	n/a	D255
231.9040000000	n/a	n/a	STATUS	n/a	n/a	D184
231.9560000000	n/a	n/a	STATUS	n/a	n/a	D255
231.9920000000	n/a	n/a	STATUS	n/a	n/a	DI54
232.0440000000	n/a	n/a	STATUS	n/a	n/a	D255
232.3040000000	n/a	n/a	STATUS	n/a	n/a	DI34
232.3520000000	n/a	n/a	STATUS	n/a	n/a	D255
232.6120000000	n/a	n/a	STATUS	n/a	n/a	DIN5
232.6640000000	n/a	n/a	STATUS	n/a	n/a	D255
233.1440000000	n/a	n/a	STATUS	n/a	n/a	DI81
233.1920000000	n/a	n/a	STATUS	n/a	n/a	D255
233.2280000000	n/a	n/a	STATUS	n/a	n/a	DI51
233.2800000000	n/a	n/a	STATUS	n/a	n/a	D255
233.4720000000	n/a	n/a	STATUS	n/a	n/a	DI21
233.5200000000	n/a	n/a	STATUS	n/a	n/a	D255
233.5240000000	n/a	n/a	STATUS	n/a	n/a	DIN4
233.5760000000	n/a	n/a	STATUS	n/a	n/a	D255
234.3320000000	n/a	n/a	STATUS	n/a	n/a	DIN5
234.3800000000	n/a	n/a	STATUS	n/a	n/a	D255
234.7560000000	n/a	n/a	STATUS	n/a	n/a	D149
234.8040000000	n/a	n/a	STATUS	n/a	n/a	D255
234.8440000000	n/a	n/a	STATUS	n/a	n/a	DI53
234.8920000000	n/a	n/a	STATUS	n/a	n/a	D255
235.2280000000	n/a	n/a	STATUS	n/a	n/a	DI43
235.2760000000	n/a	n/a	STATUS	n/a	n/a	D255
235.5360000000	n/a	n/a	STATUS	n/a	n/a	DIN5
235.5880000000	n/a	n/a	STATUS	n/a	n/a	D255
235.9800000000	n/a	n/a	STATUS	n/a	n/a	D136
236.0320000000	n/a	n/a	STATUS	n/a	n/a	D255
236.0680000000	n/a	n/a	STATUS	n/a	n/a	DI52
236.1200000000	n/a	n/a	STATUS	n/a	n/a	D255
236.4800000000	n/a	n/a	STATUS	n/a	n/a	DI42
236.5320000000	n/a	n/a	STATUS	n/a	n/a	D255
236.7920000000	n/a	n/a	STATUS	n/a	n/a	DIN5
236.8400000000	n/a	n/a	STATUS	n/a	n/a	D255
237.3360000000	n/a	n/a	STATUS	n/a	n/a	D251
237.3840000000	n/a	n/a	STATUS	n/a	n/a	D255
237.4240000000	n/a	n/a	STATUS	n/a	n/a	DI52
237.4720000000	n/a	n/a	STATUS	n/a	n/a	D255
237.8440000000	n/a	n/a	STATUS	n/a	n/a	DI42
237.8920000000	n/a	n/a	STATUS	n/a	n/a	D255
238.1520000000	n/a	n/a	STATUS	n/a	n/a	DIN5
238.2040000000	n/a	n/a	STATUS	n/a	n/a	D255
238.5960000000	n/a	n/a	STATUS	n/a	n/a	D247
238.6480000000	n/a	n/a	STATUS	n/a	n/a	D255
238.6840000000	n/a	n/a	STATUS	n/a	n/a	DI52
238.7360000000	n/a	n/a	STATUS	n/a	n/a	D255
239.1280000000	n/a	n/a	STATUS	n/a	n/a	DI42
239.1800000000	n/a	n/a	STATUS	n/a	n/a	D255
239.4360000000	n/a	n/a	STATUS	n/a	n/a	DIN5
239.4880000000	n/a	n/a	STATUS	n/a	n/a	D255
239.8760000000	n/a	n/a	STATUS	n/a	n/a	D197
239.9280000000	n/a	n/a	STATUS	n/a	n/a	D255
239.9640000000	n/a	n/a	STATUS	n/a	n/a	DI51
240.0160000000	n/a	n/a	STATUS	n/a	n/a	D255
240.4080000000	n/a	n/a	STATUS	n/a	n/a	DI31
240.4600000000	n/a	n/a	STATUS	n/a	n/a	D255
240.7200000000	n/a	n/a	STATUS	n/a	n/a	DIN5
240.7680000000	n/a	n/a	STATUS	n/a	n/a	D255
241.2040000000	n/a	n/a	STATUS	n/a	n/a	D203
241.2520000000	n/a	n/a	STATUS	n/a	n/a	D255
241.2920000000	n/a	n/a	STATUS	n/a	n/a	DI54
241.3400000000	n/a	n/a	STATUS	n/a	n/a	D255
241.6520000000	n/a	n/a	STATUS	n/a	n/a	DI34
241.7040000000	n/a	n/a	STATUS	n/a	n/a	D255
241.9600000000	n/a	n/a	STATUS	n/a	n/a	DIN5
242.0120000000	n/a	n/a	STATUS	n/a	n/a	D255
242.4480000000	n/a	n/a	STATUS	n/a	n/a	D207
242.4960000000	n/a	n/a	STATUS	n/a	n/a	D255
242.5360000000	n/a	n/a	STATUS	n/a	n/a	DI52
242.5840000000	n/a	n/a	STATUS	n/a	n/a	D255
242.9360000000	n/a	n/a	STATUS	n/a	n/a	DI42
242.9840000000	n/a	n/a	STATUS	n/a	n/a	D255
243.2440000000	n/a	n/a	STATUS	n/a	n/a	DIN5
243.2960000000	n/a	n/a	STATUS	n/a	n/a	D255
243.7600000000	n/a	n/a	STATUS	n/a	n/a	D153
243.8120000000	n/a	n/a	STATUS	n/a	n/a	D255
243.8480000000	n/a	n/a	STATUS	n/a	n/a	DI51
243.8960000000	n/a	n/a	STATUS	n/a	n/a	D255
244.2600000000	n/a	n/a	STATUS	n/a	n/a	DI31
244.3080000000	n/a	n/a	STATUS	n/a	n/a	D255
244.5680000000	n/a	n/a	STATUS	n/a	n/a	DIN5
244.6200000000	n/a	n/a	STATUS	n/a	n/a	D255
244.9840000000	n/a	n/a	STATUS	n/a	n/a	D206
245.0360000000	n/a	n/a	STATUS	n/a	n/a	D255
245.0720000000	n/a	n/a	STATUS	n/a	n/a	DI54
245.1240000000	n/a	n/a	STATUS	n/a	n/a	D255
245.5120000000	n/a	n/a	STATUS	n/a	n/a	DI34
245.5600000000	n/a	n/a	STATUS	n/a	n/a	D255
245.8200000000	n/a	n/a	STATUS	n/a	n/a	DIN5
245.8720000000	n/a	n/a	STATUS	n/a	n/a	D255
246.1840000000	n/a	n/a	STATUS	n/a	n/a	D211
246.2360000000	n/a	n/a	STATUS	n/a	n/a	D255
246.2720000000	n/a	n/a	STATUS	n/a	n/a	DI51
246.3240000000	n/a	n/a	STATUS	n/a	n/a	D255
246.5840000000	n/a	n/a	STATUS	n/a	n/a	DI21
246.6320000000	n/a	n/a	STATUS	n/a	n/a	D255
246.6360000000	n/a	n/a	STATUS	n/a	n/a	DIN4
246.6880000000	n/a	n/a	STATUS	n/a	n/a	D255
247.4440000000	n/a	n/a	STATUS	n/a	n/a	DIN5
247.4920000000	n/a	n/a	STATUS	n/a	n/a	D255
247.8960000000	n/a	n/a	STATUS	n/a	n/a	D252
247.9480000000	n/a	n/a	STATUS	n/a	n/a	D255
247.9840000000	n/a	n/a	STATUS	n/a	n/a	DI54
248.0360000000	n/a	n/a	STATUS	n/a	n/a	D255
249.0520000000	n/a	n/a	STATUS	n/a	n/a	DIN3
249.1040000000	n/a	n/a	STATUS	n/a	n/a	D255
249.8600000000	n/a	n/a	STATUS	n/a	n/a	DIN5
249.9080000000	n/a	n/a	STATUS	n/a	n/a	D255
250.3760000000	n/a	n/a	STATUS	n/a	n/a	D108
250.4280000000	n/a	n/a	STATUS	n/a	n/a	D255
250.4640000000	n/a	n/a	STATUS	n/a	n/a	DI51
250.5160000000	n/a	n/a	STATUS	n/a	n/a	D255
250.9080000000	n/a	n/a	STATUS	n/a	n/a	DI31
250.9600000000	n/a	n/a	STATUS	n/a	n/a	D255
251.2160000000	n/a	n/a	STATUS	n/a	n/a	DIN5
251.2680000000	n/a	n/a	STATUS	n/a	n/a	D255
251.7520000000	n/a	n/a	STATUS	n/a	n/a	D134
251.8040000000	n/a	n/a	STATUS	n/a	n/a	D255
251.8400000000	n/a	n/a	STATUS	n/a	n/a	DI52
251.8920000000	n/a	n/a	STATUS	n/a	n/a	D255
252.1360000000	n/a	n/a	STATUS	n/a	n/a	DI12
252.1880000000	n/a	n/a	STATUS	n/a	n/a	D255
252.1920000000	n/a	n/a	STATUS	n/a	n/a	DIN4
252.2440000000	n/a	n/a	STATUS	n/a	n/a	D255
252.9960000000	n/a	n/a	STATUS	n/a	n/a	DIN5
253.0480000000	n/a	n/a	STATUS	n/a	n/a	D255
253.5280000000	n/a	n/a	STATUS	n/a	n/a	D229
253.5760000000	n/a	n/a	STATUS	n/a	n/a	D255
253.6160000000	n/a	n/a	STATUS	n/a	n/a	DI52
253.6640000000	n/a	n/a	STATUS	n/a	n/a	D255
254.0320000000	n/a	n/a	STATUS	n/a	n/a	DI42
254.0840000000	n/a	n/a	STATUS	n/a	n/a	D255
254.3440000000	n/a	n/a	STATUS	n/a	n/a	DIN5
254.3920000000	n/a	n/a	STATUS	n/a	n/a	D255
254.8000000000	n/a	n/a	STATUS	n/a	n/a	DI99
254.8480000000	n/a	n/a	STATUS	n/a	n/a	D255
254.8840000000	n/a	n/a	STATUS	n/a	n/a	DI53
254.9360000000	n/a	n/a	STATUS	n/a	n/a	D255
255.3840000000	n/a	n/a	STATUS	n/a	n/a	DI43
255.4320000000	n/a	n/a	STATUS	n/a	n/a	D255
255.6920000000	n/a	n/a	STATUS	n/a	n/a	DIN5
255.7440000000	n/a	n/a	STATUS	n/a	n/a	D255
256.1720000000	n/a	n/a	STATUS	n/a	n/a	D222
256.2240000000	n/a	n/a	STATUS	n/a	n/a	D255
256.2600000000	n/a	n/a	STATUS	n/a	n/a	DI51
256.3120000000	n/a	n/a	STATUS	n/a	n/a	D255
256.6840000000	n/a	n/a	STATUS	n/a	n/a	DI31
256.7320000000	n/a	n/a	STATUS	n/a	n/a	D255
256.9920000000	n/a	n/a	STATUS	n/a	n/a	DIN5
257.0400000000	n/a	n/a	STATUS	n/a	n/a	D255
257.3960000000	n/a	n/a	STATUS	n/a	n/a	D169
257.4480000000	n/a	n/a	STATUS	n/a	n/a	D255
257.4840000000	n/a	n/a	STATUS	n/a	n/a	DI51
257.5360000000	n/a	n/a	STATUS	n/a	n/a	D255
258.0160000000	n/a	n/a	STATUS	n/a	n/a	DI31
258.0640000000	n/a	n/a	STATUS	n/a	n/a	D255
258.3240000000	n/a	n/a	STATUS	n/a	n/a	DIN5
258.3760000000	n/a	n/a	STATUS	n/a	n/a	D255
258.7480000000	n/a	n/a	STATUS	n/a	n/a	D142
258.8000000000	n/a	n/a	STATUS	n/a	n/a	D255
258.8360000000	n/a	n/a	STATUS	n/a	n/a	DI51
258.8880000000	n/a	n/a	STATUS	n/a	n/a	D255
259.3000000000	n/a	n/a	STATUS	n/a	n/a	DI31
259.3480000000	n/a	n/a	STATUS	n/a	n/a	D255
259.6080000000	n/a	n/a	STATUS	n/a	n/a	DIN5
259.6600000000	n/a	n/a	STATUS	n/a	n/a	D255
260.1000000000	n/a	n/a	STATUS	n/a	n/a	D117
260.1480000000	n/a	n/a	STATUS	n/a	n/a	D255
260.1840000000	n/a	n/a	STATUS	n/a	n/a	DI53
260.2360000000	n/a	n/a	STATUS	n/a	n/a	D255
260.4680000000	n/a	n/a	STATUS	n/a	n/a	DI43
260.5200000000	n/a	n/a	STATUS	n/a	n/a	D255
260.7800000000	n/a	n/a	STATUS	n/a	n/a	DIN5
260.8280000000	n/a	n/a	STATUS	n/a	n/a	D255
261.2080000000	n/a	n/a	STATUS	n/a	n/a	D200
261.2600000000	n/a	n/a	STATUS	n/a	n/a	D255
261.2960000000	n/a	n/a	STATUS	n/a	n/a	DI54
261.3480000000	n/a	n/a	STATUS	n/a	n/a	D255
261.8160000000	n/a	n/a	STATUS	n/a	n/a	DI34
261.8640000000	n/a	n/a	STATUS	n/a	n/a	D255
262.1240000000	n/a	n/a	STATUS	n/a	n/a	DIN5
262.1720000000	n/a	n/a	STATUS	n/a	n/a	D255
262.6480000000	n/a	n/a	STATUS	n/a	n/a	DI69
262.7000000000	n/a	n/a	STATUS	n/a	n/a	D255
262.7360000000	n/a	n/a	STATUS	n/a	n/a	DI53
262.7840000000	n/a	n/a	STATUS	n/a	n/a	D255
263.0360000000	n/a	n/a	STATUS	n/a	n/a	DI43
263.0880000000	n/a	n/a	STATUS	n/a	n/a	D255
263.3480000000	n/a	n/a	STATUS	n/a	n/a	DIN5
263.3960000000	n/a	n/a	STATUS	n/a	n/a	D255
263.7480000000	n/a	n/a	STATUS	n/a	n/a	D111
263.8000000000	n/a	n/a	STATUS	n/a	n/a	D255
263.8360000000	n/a	n/a	STATUS	n/a	n/a	DI52
263.8840000000	n/a	n/a	STATUS	n/a	n/a	D255
264.1200000000	n/a	n/a	STATUS	n/a	n/a	DI12
264.1720000000	n/a	n/a	STATUS	n/a	n/a	D255
264.1760000000	n/a	n/a	STATUS	n/a	n/a	DIN4
264.2240000000	n/a	n/a	STATUS	n/a	n/a	D255
264.9800000000	n/a	n/a	STATUS	n/a	n/a	DIN5
265.0280000000	n/a	n/a	STATUS	n/a	n/a	D255
265.4680000000	n/a	n/a	STATUS	n/a	n/a	DI66
265.5200000000	n/a	n/a	STATUS	n/a	n/a	D255
265.5560000000	n/a	n/a	STATUS	n/a	n/a	DI52
265.6080000000	n/a	n/a	STATUS	n/a	n/a	D255
266.0440000000	n/a	n/a	STATUS	n/a	n/a	DI42
266.0960000000	n/a	n/a	STATUS	n/a	n/a	D255
266.3560000000	n/a	n/a	STATUS	n/a	n/a	DIN5
266.4040000000	n/a	n/a	STATUS	n/a	n/a	D255
266.8480000000	n/a	n/a	STATUS	n/a	n/a	D145
266.9000000000	n/a	n/a	STATUS	n/a	n/a	D255
266.9360000000	n/a	n/a	STATUS	n/a	n/a	DI54
266.9880000000	n/a	n/a	STATUS	n/a	n/a	D255
267.2720000000	n/a	n/a	STATUS	n/a	n/a	DI34
267.3200000000	n/a	n/a	STATUS	n/a	n/a	D255
267.5800000000	n/a	n/a	STATUS	n/a	n/a	DIN5
267.6280000000	n/a	n/a	STATUS	n/a	n/a	D255
268.0640000000	n/a	n/a	STATUS	n/a	n/a	D225
268.1160000000	n/a	n/a	STATUS	n/a	n/a	D255
268.1520000000	n/a	n/a	STATUS	n/a	n/a	DI54
268.2040000000	n/a	n/a	STATUS	n/a	n/a	D255
268.5520000000	n/a	n/a	STATUS	n/a	n/a	DI34
268.6000000000	n/a	n/a	STATUS	n/a	n/a	D255
268.8600000000	n/a	n/a	STATUS	n/a	n/a	DIN5
268.9120000000	n/a	n/a	STATUS	n/a	n/a	D255
269.2160000000	n/a	n/a	STATUS	n/a	n/a	D178
269.2640000000	n/a	n/a	STATUS	n/a	n/a	D255
269.3040000000	n/a	n/a	STATUS	n/a	n/a	DI54
269.3520000000	n/a	n/a	STATUS	n/a	n/a	D255
269.6680000000	n/a	n/a	STATUS	n/a	n/a	DI34
269.7200000000	n/a	n/a	STATUS	n/a	n/a	D255
269.9800000000	n/a	n/a	STATUS	n/a	n/a	DIN5
270.0280000000	n/a	n/a	STATUS	n/a	n/a	D255
270.3960000000	n/a	n/a	STATUS	n/a	n/a	D236
270.4440000000	n/a	n/a	STATUS	n/a	n/a	D255
270.4840000000	n/a	n/a	STATUS	n/a	n/a	DI51
270.5320000000	n/a	n/a	STATUS	n/a	n/a	D255
270.7800000000	n/a	n/a	STATUS	n/a	n/a	DI21
270.8320000000	n/a	n/a	STATUS	n/a	n/a	D255
270.8360000000	n/a	n/a	STATUS	n/a	n/a	DIN4
270.8840000000	n/a	n/a	STATUS	n/a	n/a	D255
271.6400000000	n/a	n/a	STATUS	n/a	n/a	DIN5
271.6880000000	n/a	n/a	STATUS	n/a	n/a	D255
272.0080000000	n/a	n/a	STATUS	n/a	n/a	D162
272.0600000000	n/a	n/a	STATUS	n/a	n/a	D255
272.0960000000	n/a	n/a	STATUS	n/a	n/a	DI53
272.1480000000	n/a	n/a	STATUS	n/a	n/a	D255
272.5320000000	n/a	n/a	STATUS	n/a	n/a	DI43
272.5840000000	n/a	n/a	STATUS	n/a	n/a	D255
272.8440000000	n/a	n/a	STATUS	n/a	n/a	DIN5
272.8920000000	n/a	n/a	STATUS	n/a	n/a	D255
273.2080000000	n/a	n/a	STATUS	n/a	n/a	DI77
273.2560000000	n/a	n/a	STATUS	n/a	n/a	D255
273.2960000000	n/a	n/a	STATUS	n/a	n/a	DI53
273.3440000000	n/a	n/a	STATUS	n/a	n/a	D255
273.6720000000	n/a	n/a	STATUS	n/a	n/a	DI43
273.7200000000	n/a	n/a	STATUS	n/a	n/a	D255
273.9800000000	n/a	n/a	STATUS	n/a	n/a	DIN5
274.0320000000	n/a	n/a	STATUS	n/a	n/a	D255
274.5360000000	n/a	n/a	STATUS	n/a	n/a	DI75
274.5840000000	n/a	n/a	STATUS	n/a	n/a	D255
274.6240000000	n/a	n/a	STATUS	n/a	n/a	DI52
274.6720000000	n/a	n/a	STATUS	n/a	n/a	D255
275.0640000000	n/a	n/a	STATUS	n/a	n/a	DI42
275.1120000000	n/a	n/a	STATUS	n/a	n/a	D255
275.3720000000	n/a	n/a	STATUS	n/a	n/a	DIN5
275.4240000000	n/a	n/a	STATUS	n/a	n/a	D255
275.8120000000	n/a	n/a	STATUS	n/a	n/a	D242
275.8640000000	n/a	n/a	STATUS	n/a	n/a	D255
275.9000000000	n/a	n/a	STATUS	n/a	n/a	DI53
275.9480000000	n/a	n/a	STATUS	n/a	n/a	D255
276.2880000000	n/a	n/a	STATUS	n/a	n/a	DI43
276.3400000000	n/a	n/a	STATUS	n/a	n/a	D255
276.5960000000	n/a	n/a	STATUS	n/a	n/a	DIN5
276.6480000000	n/a	n/a	STATUS	n/a	n/a	D255
277.0760000000	n/a	n/a	STATUS	n/a	n/a	D223
277.1280000000	n/a	n/a	STATUS	n/a	n/a	D255
277.1640000000	n/a	n/a	STATUS	n/a	n/a	DI52
277.2160000000	n/a	n/a	STATUS	n/a	n/a	D255
277.4760000000	n/a	n/a	STATUS	n/a	n/a	DI12
277.5240000000	n/a	n/a	STATUS	n/a	n/a	D255
277.5280000000	n/a	n/a	STATUS	n/a	n/a	DIN4
277.5800000000	n/a	n/a	STATUS	n/a	n/a	D255
278.3320000000	n/a	n/a	STATUS	n/a	n/a	DIN5
278.3840000000	n/a	n/a	STATUS	n/a	n/a	D255
278.8400000000	n/a	n/a	STATUS	n/a	n/a	DI87
278.8880000000	n/a	n/a	STATUS	n/a	n/a	D255
278.9280000000	n/a	n/a	STATUS	n/a	n/a	DI54
278.9760000000	n/a	n/a	STATUS	n/a	n/a	D255
279.3480000000	n/a	n/a	STATUS	n/a	n/a	DI34
279.4000000000	n/a	n/a	STATUS	n/a	n/a	D255
279.6560000000	n/a	n/a	STATUS	n/a	n/a	DIN5
279.7080000000	n/a	n/a	STATUS	n/a	n/a	D255
280.1440000000	n/a	n/a	STATUS	n/a	n/a	D219
280.1920000000	n/a	n/a	STATUS	n/a	n/a	D255
280.2320000000	n/a	n/a	STATUS	n/a	n/a	DI52
280.2800000000	n/a	n/a	STATUS	n/a	n/a	D255
280.6600000000	n/a	n/a	STATUS	n/a	n/a	DI42
280.7080000000	n/a	n/a	STATUS	n/a	n/a	D255
280.9680000000	n/a	n/a	STATUS	n/a	n/a	DIN5
281.0200000000	n/a	n/a	STATUS	n/a	n/a	D255
281.4080000000	n/a	n/a	STATUS	n/a	n/a	D244
281.4600000000	n/a	n/a	STATUS	n/a	n/a	D255
281.4960000000	n/a	n/a	STATUS	n/a	n/a	DI54
281.5440000000	n/a	n/a	STATUS	n/a	n/a	D255
281.8680000000	n/a	n/a	STATUS	n/a	n/a	DI34
281.9200000000	n/a	n/a	STATUS	n/a	n/a	D255
282.1800000000	n/a	n/a	STATUS	n/a	n/a	DIN5
282.2280000000	n/a	n/a	STATUS	n/a	n/a	D255
282.6160000000	n/a	n/a	STATUS	n/a	n/a	D140
282.6680000000	n/a	n/a	STATUS	n/a	n/a	D255
282.7040000000	n/a	n/a	STATUS	n/a	n/a	DI53
282.7560000000	n/a	n/a	STATUS	n/a	n/a	D255
283.1000000000	n/a	n/a	STATUS	n/a	n/a	DI43
283.1520000000	n/a	n/a	STATUS	n/a	n/a	D255
283.4120000000	n/a	n/a	STATUS	n/a	n/a	DIN5
283.4600000000	n/a	n/a	STATUS	n/a	n/a	D255
283.7840000000	n/a	n/a	STATUS	n/a	n/a	D209
283.8360000000	n/a	n/a	STATUS	n/a	n/a	D255
283.8720000000	n/a	n/a	STATUS	n/a	n/a	DI52
283.9240000000	n/a	n/a	STATUS	n/a	n/a	D255
284.3200000000	n/a	n/a	STATUS	n/a	n/a	DI42
284.3720000000	n/a	n/a	STATUS	n/a	n/a	D255
284.6320000000	n/a	n/a	STATUS	n/a	n/a	DIN5
284.6800000000	n/a	n/a	STATUS	n/a	n/a	D255
285.0520000000	n/a	n/a	STATUS	n/a	n/a	D171
285.1000000000	n/a	n/a	STATUS	n/a	n/a	D255
285.1400000000	n/a	n/a	STATUS	n/a	n/a	DI51
285.1880000000	n/a	n/a	STATUS	n/a	n/a	D255
285.6040000000	n/a	n/a	STATUS	n/a	n/a	DI31
285.6520000000	n/a	n/a	STATUS	n/a	n/a	D255
285.9120000000	n/a	n/a	STATUS	n/a	n/a	DIN5
285.9640000000	n/a	n/a	STATUS	n/a	n/a	D255
286.4680000000	n/a	n/a	STATUS	n/a	n/a	D154
286.5160000000	n/a	n/a	STATUS	n/a	n/a	D255
286.5560000000	n/a	n/a	STATUS	n/a	n/a	DI54
286.6040000000	n/a	n/a	STATUS	n/a	n/a	D255
286.9480000000	n/a	n/a	STATUS	n/a	n/a	DI34
287.0000000000	n/a	n/a	STATUS	n/a	n/a	D255
287.2600000000	n/a	n/a	STATUS	n/a	n/a	DIN5
287.3080000000	n/a	n/a	STATUS	n/a	n/a	D255
287.6640000000	n/a	n/a	STATUS	n/a	n/a	D128
287.7120000000	n/a	n/a	STATUS	n/a	n/a	D255
287.7520000000	n/a	n/a	STATUS	n/a	n/a	DI51
287.8000000000	n/a	n/a	STATUS	n/a	n/a	D255
288.1960000000	n/a	n/a	STATUS	n/a	n/a	DI31
288.2480000000	n/a	n/a	STATUS	n/a	n/a	D255
288.5080000000	n/a	n/a	STATUS	n/a	n/a	DIN5
288.5560000000	n/a	n/a	STATUS	n/a	n/a	D255
289.0200000000	n/a	n/a	STATUS	n/a	n/a	D243
289.0720000000	n/a	n/a	STATUS	n/a	n/a	D255
289.1080000000	n/a	n/a	STATUS	n/a	n/a	DI53
289.1600000000	n/a	n/a	STATUS	n/a	n/a	D255
289.4920000000	n/a	n/a	STATUS	n/a	n/a	DI43
289.5440000000	n/a	n/a	STATUS	n/a	n/a	D255
289.8040000000	n/a	n/a	STATUS	n/a	n/a	DIN5
289.8520000000	n/a	n/a	STATUS	n/a	n/a	D255
290.3040000000	n/a	n/a	STATUS	n/a	n/a	D148
290.3520000000	n/a	n/a	STATUS	n/a	n/a	D255
290.3920000000	n/a	n/a	STATUS	n/a	n/a	DI51
290.4400000000	n/a	n/a	STATUS	n/a	n/a	D255
290.8120000000	n/a	n/a	STATUS	n/a	n/a	DI31
290.8600000000	n/a	n/a	STATUS	n/a	n/a	D255
291.1200000000	n/a	n/a	STATUS	n/a	n/a	DIN5
291.1720000000	n/a	n/a	STATUS	n/a	n/a	D255
291.5680000000	n/a	n/a	STATUS	n/a	n/a	D112
291.6200000000	n/a	n/a	STATUS	n/a	n/a	D255
291.6560000000	n/a	n/a	STATUS	n/a	n/a	DI54
291.7080000000	n/a	n/a	STATUS	n/a	n/a	D255
292.0880000000	n/a	n/a	STATUS	n/a	n/a	DI34
292.1400000000	n/a	n/a	STATUS	n/a	n/a	D255
292.3960000000	n/a	n/a	STATUS	n/a	n/a	DIN5
292.4480000000	n/a	n/a	STATUS	n/a	n/a	D255
292.8080000000	n/a	n/a	STATUS	n/a	n/a	D114
292.8560000000	n/a	n/a	STATUS	n/a	n/a	D255
292.8960000000	n/a	n/a	STATUS	n/a	n/a	DI54
292.9440000000	n/a	n/a	STATUS	n/a	n/a	D255
293.2800000000	n/a	n/a	STATUS	n/a	n/a	DI34
293.3280000000	n/a	n/a	STATUS	n/a	n/a	D255
293.5880000000	n/a	n/a	STATUS	n/a	n/a	DIN5
293.6400000000	n/a	n/a	STATUS	n/a	n/a	D255
294.0400000000	n/a	n/a	STATUS	n/a	n/a	DI84
294.0880000000	n/a	n/a	STATUS	n/a	n/a	D255
294.1240000000	n/a	n/a	STATUS	n/a	n/a	DI52
294.1760000000	n/a	n/a	STATUS	n/a	n/a	D255
294.6000000000	n/a	n/a	STATUS	n/a	n/a	DI42
294.6520000000	n/a	n/a	STATUS	n/a	n/a	D255
294.9080000000	n/a	n/a	STATUS	n/a	n/a	DIN5
294.9600000000	n/a	n/a	STATUS	n/a	n/a	D255
295.4480000000	n/a	n/a	STATUS	n/a	n/a	D125
295.5000000000	n/a	n/a	STATUS	n/a	n/a	D255
295.5360000000	n/a	n/a	STATUS	n/a	n/a	DI52
295.5880000000	n/a	n/a	STATUS	n/a	n/a	D255
295.9600000000	n/a	n/a	STATUS	n/a	n/a	DI42
296.0120000000	n/a	n/a	STATUS	n/a	n/a	D255
296.2720000000	n/a	n/a	STATUS	n/a	n/a	DIN5
296.3200000000	n/a	n/a	STATUS	n/a	n/a	D255
296.6520000000	n/a	n/a	STATUS	n/a	n/a	DI92
296.7000000000	n/a	n/a	STATUS	n/a	n/a	D255
296.7400000000	n/a	n/a	STATUS	n/a	n/a	DI53
296.7880000000	n/a	n/a	STATUS	n/a	n/a	D255
297.0920000000	n/a	n/a	STATUS	n/a	n/a	DI43
297.1440000000	n/a	n/a	STATUS	n/a	n/a	D255
297.4000000000	n/a	n/a	STATUS	n/a	n/a	DIN5
297.4520000000	n/a	n/a	STATUS	n/a	n/a	D255
297.8200000000	n/a	n/a	STATUS	n/a	n/a	DI98
297.8720000000	n/a	n/a	STATUS	n/a	n/a	D255
297.9080000000	n/a	n/a	STATUS	n/a	n/a	DI51
297.9600000000	n/a	n/a	STATUS	n/a	n/a	D255
298.3360000000	n/a	n/a	STATUS	n/a	n/a	DI31
298.3880000000	n/a	n/a	STATUS	n/a	n/a	D255
298.6480000000	n/a	n/a	STATUS	n/a	n/a	DIN5
298.6960000000	n/a	n/a	STATUS	n/a	n/a	D255
299.0800000000	n/a	n/a	STATUS	n/a	n/a	D116
299.1320000000	n/a	n/a	STATUS	n/a	n/a	D255
299.1680000000	n/a	n/a	STATUS	n/a	n/a	DI53
299.2200000000	n/a	n/a	STATUS	n/a	n/a	D255
299.5080000000	n/a	n/a	STATUS	n/a	n/a	DI43
299.5560000000	n/a	n/a	STATUS	n/a	n/a	D255
299.8160000000	n/a	n/a	STATUS	n/a	n/a	DIN5
299.8680000000	n/a	n/a	STATUS	n/a	n/a	D255
300.1880000000	n/a	n/a	STATUS	n/a	n/a	D120
300.2360000000	n/a	n/a	STATUS	n/a	n/a	D255
300.2720000000	n/a	n/a	STATUS	n/a	n/a	DI52
300.3240000000	n/a	n/a	STATUS	n/a	n/a	D255
300.6880000000	n/a	n/a	STATUS	n/a	n/a	DI42
300.7360000000	n/a	n/a	STATUS	n/a	n/a	D255
300.9960000000	n/a	n/a	STATUS	n/a	n/a	DIN5
301.0480000000	n/a	n/a	STATUS	n/a	n/a	D255
301.4920000000	n/a	n/a	STATUS	n/a	n/a	DI97
301.5400000000	n/a	n/a	STATUS	n/a	n/a	D255
301.5800000000	n/a	n/a	STATUS	n/a	n/a	DI51
301.6320000000	n/a	n/a	STATUS	n/a	n/a	D255
302.0040000000	n/a	n/a	STATUS	n/a	n/a	DI31
302.0560000000	n/a	n/a	STATUS	n/a	n/a	D255
302.3160000000	n/a	n/a	STATUS	n/a	n/a	DIN5
302.3640000000	n/a	n/a	STATUS	n/a	n/a	D255
302.6720000000	n/a	n/a	STATUS	n/a	n/a	D194
302.7240000000	n/a	n/a	STATUS	n/a	n/a	D255
302.7640000000	n/a	n/a	STATUS	n/a	n/a	DI52
302.8120000000	n/a	n/a	STATUS	n/a	n/a	D255
303.1760000000	n/a	n/a	STATUS	n/a	n/a	DI42
303.2280000000	n/a	n/a	STATUS	n/a	n/a	D255
303.4840000000	n/a	n/a	STATUS	n/a	n/a	DIN5
303.5360000000	n/a	n/a	STATUS	n/a	n/a	D255
303.9240000000	n/a	n/a	STATUS	n/a	n/a	D220
303.9760000000	n/a	n/a	STATUS	n/a	n/a	D255
304.0120000000	n/a	n/a	STATUS	n/a	n/a	DI51
304.0640000000	n/a	n/a	STATUS	n/a	n/a	D255
304.5440000000	n/a	n/a	STATUS	n/a	n/a	DI31
304.5960000000	n/a	n/a	STATUS	n/a	n/a	D255
304.8560000000	n/a	n/a	STATUS	n/a	n/a	DIN5
304.9040000000	n/a	n/a	STATUS	n/a	n/a	D255
305.3240000000	n/a	n/a	STATUS	n/a	n/a	D133
305.3760000000	n/a	n/a	STATUS	n/a	n/a	D255
305.4120000000	n/a	n/a	STATUS	n/a	n/a	DI54
305.4640000000	n/a	n/a	STATUS	n/a	n/a	D255
305.7640000000	n/a	n/a	STATUS	n/a	n/a	DI34
305.8160000000	n/a	n/a	STATUS	n/a	n/a	D255
306.0720000000	n/a	n/a	STATUS	n/a	n/a	DIN5
306.1240000000	n/a	n/a	STATUS	n/a	n/a	D255
306.5600000000	n/a	n/a	STATUS	n/a	n/a	D150
306.6080000000	n/a	n/a	STATUS	n/a	n/a	D255
306.6480000000	n/a	n/a	STATUS	n/a	n/a	DI51
306.6960000000	n/a	n/a	STATUS	n/a	n/a	D255
307.1280000000	n/a	n/a	STATUS	n/a	n/a	DI31
307.1800000000	n/a	n/a	STATUS	n/a	n/a	D255
307.4360000000	n/a	n/a	STATUS	n/a	n/a	DIN5
307.4880000000	n/a	n/a	STATUS	n/a	n/a	D255
307.8640000000	n/a	n/a	STATUS	n/a	n/a	D156
307.9120000000	n/a	n/a	STATUS	n/a	n/a	D255
307.9520000000	n/a	n/a	STATUS	n/a	n/a	DI53
308.0000000000	n/a	n/a	STATUS	n/a	n/a	D255
308.3560000000	n/a	n/a	STATUS	n/a	n/a	DI43
308.4080000000	n/a	n/a	STATUS	n/a	n/a	D255
308.6680000000	n/a	n/a	STATUS	n/a	n/a	DIN5
308.7160000000	n/a	n/a	STATUS	n/a	n/a	D255
309.1840000000	n/a	n/a	STATUS	n/a	n/a	D221
309.2360000000	n/a	n/a	STATUS	n/a	n/a	D255
309.2720000000	n/a	n/a	STATUS	n/a	n/a	DI52
309.3240000000	n/a	n/a	STATUS	n/a	n/a	D255
309.7160000000	n/a	n/a	STATUS	n/a	n/a	DI12
309.7640000000	n/a	n/a	STATUS	n/a	n/a	D255
309.7640000000	n/a	n/a	STATUS	n/a	n/a	D239
309.7680000000	n/a	n/a	STATUS	n/a	n/a	DIN4
309.8200000000	n/a	n/a	STATUS	n/a	n/a	D255
310.5760000000	n/a	n/a	STATUS	n/a	n/a	DIN5
310.6240000000	n/a	n/a	STATUS	n/a	n/a	D255
310.9280000000	n/a	n/a	STATUS	n/a	n/a	D205
310.9800000000	n/a	n/a	STATUS	n/a	n/a	D255
311.0160000000	n/a	n/a	STATUS	n/a	n/a	DI51
311.0680000000	n/a	n/a	STATUS	n/a	n/a	D255
311.4200000000	n/a	n/a	STATUS	n/a	n/a	DI31
311.4680000000	n/a	n/a	STATUS	n/a	n/a	D255
311.7280000000	n/a	n/a	STATUS	n/a	n/a	DIN5
311.7760000000	n/a	n/a	STATUS	n/a	n/a	D255
312.2120000000	n/a	n/a	STATUS	n/a	n/a	DI82
312.2640000000	n/a	n/a	STATUS	n/a	n/a	D255
312.3000000000	n/a	n/a	STATUS	n/a	n/a	DI54
312.3520000000	n/a	n/a	STATUS	n/a	n/a	D255
312.6680000000	n/a	n/a	STATUS	n/a	n/a	DI34
312.7200000000	n/a	n/a	STATUS	n/a	n/a	D255
312.9760000000	n/a	n/a	STATUS	n/a	n/a	DIN5
313.0280000000	n/a	n/a	STATUS	n/a	n/a	D255
313.3320000000	n/a	n/a	STATUS	n/a	n/a	DI89
313.3840000000	n/a	n/a	STATUS	n/a	n/a	D255
313.4200000000	n/a	n/a	STATUS	n/a	n/a	DI52
313.4720000000	n/a	n/a	STATUS	n/a	n/a	D255
313.7000000000	n/a	n/a	STATUS	n/a	n/a	DI12
313.7480000000	n/a	n/a	STATUS	n/a	n/a	D255
313.7560000000	n/a	n/a	STATUS	n/a	n/a	DIN4
313.8040000000	n/a	n/a	STATUS	n/a	n/a	D255
314.5600000000	n/a	n/a	STATUS	n/a	n/a	DIN5
314.6120000000	n/a	n/a	STATUS	n/a	n/a	D255
315.0440000000	n/a	n/a	STATUS	n/a	n/a	D198
315.0960000000	n/a	n/a	STATUS	n/a	n/a	D255
315.1320000000	n/a	n/a	STATUS	n/a	n/a	DI51
315.1800000000	n/a	n/a	STATUS	n/a	n/a	D255
315.5520000000	n/a	n/a	STATUS	n/a	n/a	DI31
315.6000000000	n/a	n/a	STATUS	n/a	n/a	D255
315.8600000000	n/a	n/a	STATUS	n/a	n/a	DIN5
315.9120000000	n/a	n/a	STATUS	n/a	n/a	D255
316.3520000000	n/a	n/a	STATUS	n/a	n/a	D113
316.4000000000	n/a	n/a	STATUS	n/a	n/a	D255
316.4400000000	n/a	n/a	STATUS	n/a	n/a	DI53
316.4880000000	n/a	n/a	STATUS	n/a	n/a	D255
316.8720000000	n/a	n/a	STATUS	n/a	n/a	DI43
316.9200000000	n/a	n/a	STATUS	n/a	n/a	D255
317.1800000000	n/a	n/a	STATUS	n/a	n/a	DIN5
317.2320000000	n/a	n/a	STATUS	n/a	n/a	D255
317.6400000000	n/a	n/a	STATUS	n/a	n/a	D161
317.6920000000	n/a	n/a	STATUS	n/a	n/a	D255
317.7280000000	n/a	n/a	STATUS	n/a	n/a	DI52
317.7800000000	n/a	n/a	STATUS	n/a	n/a	D255
318.1920000000	n/a	n/a	STATUS	n/a	n/a	DI42
318.2400000000	n/a	n/a	STATUS	n/a	n/a	D255
318.5000000000	n/a	n/a	STATUS	n/a	n/a	DIN5
318.5520000000	n/a	n/a	STATUS	n/a	n/a	D255
319.0160000000	n/a	n/a	STATUS	n/a	n/a	D214
319.0640000000	n/a	n/a	STATUS	n/a	n/a	D255
319.1040000000	n/a	n/a	STATUS	n/a	n/a	DI51
319.1520000000	n/a	n/a	STATUS	n/a	n/a	D255
319.5360000000	n/a	n/a	STATUS	n/a	n/a	DI31
319.5880000000	n/a	n/a	STATUS	n/a	n/a	D255
319.8480000000	n/a	n/a	STATUS	n/a	n/a	DIN5
319.8960000000	n/a	n/a	STATUS	n/a	n/a	D255
320.2800000000	n/a	n/a	STATUS	n/a	n/a	D216
320.3320000000	n/a	n/a	STATUS	n/a	n/a	D255
320.3680000000	n/a	n/a	STATUS	n/a	n/a	DI52
320.4200000000	n/a	n/a	STATUS	n/a	n/a	D255
320.8000000000	n/a	n/a	STATUS	n/a	n/a	DI42
320.8480000000	n/a	n/a	STATUS	n/a	n/a	D255
321.1080000000	n/a	n/a	STATUS	n/a	n/a	DIN5
321.1600000000	n/a	n/a	STATUS	n/a	n/a	D255
321.6520000000	n/a	n/a	STATUS	n/a	n/a	D172
321.7040000000	n/a	n/a	STATUS	n/a	n/a	D255
321.7400000000	n/a	n/a	STATUS	n/a	n/a	DI52
321.7920000000	n/a	n/a	STATUS	n/a	n/a	D255
322.1680000000	n/a	n/a	STATUS	n/a	n/a	DI42
322.2200000000	n/a	n/a	STATUS	n/a	n/a	D255
322.4800000000	n/a	n/a	STATUS	n/a	n/a	DIN5
322.5280000000	n/a	n/a	STATUS	n/a	n/a	D255
322.8320000000	n/a	n/a	STATUS	n/a	n/a	D147
322.8840000000	n/a	n/a	STATUS	n/a	n/a	D255
322.9200000000	n/a	n/a	STATUS	n/a	n/a	DI54
322.9720000000	n/a	n/a	STATUS	n/a	n/a	D255
323.3520000000	n/a	n/a	STATUS	n/a	n/a	DI34
323.4040000000	n/a	n/a	STATUS	n/a	n/a	D255
323.6640000000	n/a	n/a	STATUS	n/a	n/a	DIN5
323.7120000000	n/a	n/a	STATUS	n/a	n/a	D255
324.2160000000	n/a	n/a	STATUS	n/a	n/a	D109
324.2680000000	n/a	n/a	STATUS	n/a	n/a	D255
324.3040000000	n/a	n/a	STATUS	n/a	n/a	DI52
324.3560000000	n/a	n/a	STATUS	n/a	n/a	D255
324.7160000000	n/a	n/a	STATUS	n/a	n/a	DI42
324.7640000000	n/a	n/a	STATUS	n/a	n/a	D255
325.0240000000	n/a	n/a	STATUS	n/a	n/a	DIN5
325.0760000000	n/a	n/a	STATUS	n/a	n/a	D255
325.5240000000	n/a	n/a	STATUS	n/a	n/a	DI85
325.5760000000	n/a	n/a	STATUS	n/a	n/a	D255
325.6120000000	n/a	n/a	STATUS	n/a	n/a	DI51
325.6640000000	n/a	n/a	STATUS	n/a	n/a	D255
326.0320000000	n/a	n/a	STATUS	n/a	n/a	DI31
326.0840000000	n/a	n/a	STATUS	n/a	n/a	D255
326.3440000000	n/a	n/a	STATUS	n/a	n/a	DIN5
326.3920000000	n/a	n/a	STATUS	n/a	n/a	D255
326.8720000000	n/a	n/a	STATUS	n/a	n/a	D165
326.9240000000	n/a	n/a	STATUS	n/a	n/a	D255
326.9600000000	n/a	n/a	STATUS	n/a	n/a	DI53
327.0120000000	n/a	n/a	STATUS	n/a	n/a	D255
327.3000000000	n/a	n/a	STATUS	n/a	n/a	DI43
327.3520000000	n/a	n/a	STATUS	n/a	n/a	D255
327.6120000000	n/a	n/a	STATUS	n/a	n/a	DIN5
327.6600000000	n/a	n/a	STATUS	n/a	n/a	D255
328.0520000000	n/a	n/a	STATUS	n/a	n/a	DI70
328.1000000000	n/a	n/a	STATUS	n/a	n/a	D255
328.1360000000	n/a	n/a	STATUS	n/a	n/a	DI54
328.1880000000	n/a	n/a	STATUS	n/a	n/a	D255
328.4360000000	n/a	n/a	STATUS	n/a	n/a	DI34
328.4840000000	n/a	n/a	STATUS	n/a	n/a	D255
328.7440000000	n/a	n/a	STATUS	n/a	n/a	DIN5
328.7960000000	n/a	n/a	STATUS	n/a	n/a	D255
329.2360000000	n/a	n/a	STATUS	n/a	n/a	D182
329.2840000000	n/a	n/a	STATUS	n/a	n/a	D255
329.3240000000	n/a	n/a	STATUS	n/a	n/a	DI51
329.3720000000	n/a	n/a	STATUS	n/a	n/a	D255
329.7320000000	n/a	n/a	STATUS	n/a	n/a	DI21
329.7840000000	n/a	n/a	STATUS	n/a	n/a	D255
329.7880000000	n/a	n/a	STATUS	n/a	n/a	DIN4
329.8400000000	n/a	n/a	STATUS	n/a	n/a	D255
330.5920000000	n/a	n/a	STATUS	n/a	n/a	DIN5
330.6440000000	n/a	n/a	STATUS	n/a	n/a	D255
331.0200000000	n/a	n/a	STATUS	n/a	n/a	D104
331.0680000000	n/a	n/a	STATUS	n/a	n/a	D255
331.1080000000	n/a	n/a	STATUS	n/a	n/a	DI54
331.1560000000	n/a	n/a	STATUS	n/a	n/a	D255
331.3960000000	n/a	n/a	STATUS	n/a	n/a	DI34
331.4480000000	n/a	n/a	STATUS	n/a	n/a	D255
331.7080000000	n/a	n/a	STATUS	n/a	n/a	DIN5
331.7560000000	n/a	n/a	STATUS	n/a	n/a	D255
332.1480000000	n/a	n/a	STATUS	n/a	n/a	DI78
332.1960000000	n/a	n/a	STATUS	n/a	n/a	D255
332.2360000000	n/a	n/a	STATUS	n/a	n/a	DI51
332.2840000000	n/a	n/a	STATUS	n/a	n/a	D255
332.6680000000	n/a	n/a	STATUS	n/a	n/a	DI31
332.7160000000	n/a	n/a	STATUS	n/a	n/a	D255
332.9760000000	n/a	n/a	STATUS	n/a	n/a	DIN5
333.0280000000	n/a	n/a	STATUS	n/a	n/a	D255
333.4920000000	n/a	n/a	STATUS	n/a	n/a	DI94
333.5400000000	n/a	n/a	STATUS	n/a	n/a	D255
333.5800000000	n/a	n/a	STATUS	n/a	n/a	DI51
333.6280000000	n/a	n/a	STATUS	n/a	n/a	D255
333.9560000000	n/a	n/a	STATUS	n/a	n/a	DI31
334.0080000000	n/a	n/a	STATUS	n/a	n/a	D255
334.2680000000	n/a	n/a	STATUS	n/a	n/a	DIN5
334.3160000000	n/a	n/a	STATUS	n/a	n/a	D255
334.6680000000	n/a	n/a	STATUS	n/a	n/a	D233
334.7160000000	n/a	n/a	STATUS	n/a	n/a	D255
334.7560000000	n/a	n/a	STATUS	n/a	n/a	DI51
334.8040000000	n/a	n/a	STATUS	n/a	n/a	D255
335.3160000000	n/a	n/a	STATUS	n/a	n/a	DI31
335.3680000000	n/a	n/a	STATUS	n/a	n/a	D255
335.6280000000	n/a	n/a	STATUS	n/a	n/a	DIN5
335.6760000000	n/a	n/a	STATUS	n/a	n/a	D255
336.1720000000	n/a	n/a	STATUS	n/a	n/a	D185
336.2200000000	n/a	n/a	STATUS	n/a	n/a	D255
336.2600000000	n/a	n/a	STATUS	n/a	n/a	DI54
336.3080000000	n/a	n/a	STATUS	n/a	n/a	D255
336.6120000000	n/a	n/a	STATUS	n/a	n/a	DI34
336.6640000000	n/a	n/a	STATUS	n/a	n/a	D255
336.9200000000	n/a	n/a	STATUS	n/a	n/a	DIN5
336.9720000000	n/a	n/a	STATUS	n/a	n/a	D255
337.2880000000	n/a	n/a	STATUS	n/a	n/a	D123
337.3360000000	n/a	n/a	STATUS	n/a	n/a	D255
337.3760000000	n/a	n/a	STATUS	n/a	n/a	DI53
337.4240000000	n/a	n/a	STATUS	n/a	n/a	D255
337.7200000000	n/a	n/a	STATUS	n/a	n/a	DI43
337.7720000000	n/a	n/a	STATUS	n/a	n/a	D255
338.0320000000	n/a	n/a	STATUS	n/a	n/a	DIN5
338.0800000000	n/a	n/a	STATUS	n/a	n/a	D255
338.3960000000	n/a	n/a	STATUS	n/a	n/a	D186
338.4440000000	n/a	n/a	STATUS	n/a	n/a	D255
338.4840000000	n/a	n/a	STATUS	n/a	n/a	DI54
338.5320000000	n/a	n/a	STATUS	n/a	n/a	D255
338.8640000000	n/a	n/a	STATUS	n/a	n/a	DI34
338.9160000000	n/a	n/a	STATUS	n/a	n/a	D255
339.1760000000	n/a	n/a	STATUS	n/a	n/a	DIN5
339.2240000000	n/a	n/a	STATUS	n/a	n/a	D255
339.6080000000	n/a	n/a	STATUS	n/a	n/a	D218
339.6600000000	n/a	n/a	STATUS	n/a	n/a	D255
339.6960000000	n/a	n/a	STATUS	n/a	n/a	DI53
339.7480000000	n/a	n/a	STATUS	n/a	n/a	D255
340.0120000000	n/a	n/a	STATUS	n/a	n/a	DI43
340.0640000000	n/a	n/a	STATUS	n/a	n/a	D255
340.3240000000	n/a	n/a	STATUS	n/a	n/a	DIN5
340.3720000000	n/a	n/a	STATUS	n/a	n/a	D255
340.7200000000	n/a	n/a	STATUS	n/a	n/a	D121
340.7720000000	n/a	n/a	STATUS	n/a	n/a	D255
340.8120000000	n/a	n/a	STATUS	n/a	n/a	DI54
340.8600000000	n/a	n/a	STATUS	n/a	n/a	D255
341.1400000000	n/a	n/a	STATUS	n/a	n/a	DI34
341.1880000000	n/a	n/a	STATUS	n/a	n/a	D255
341.4480000000	n/a	n/a	STATUS	n/a	n/a	DIN5
341.5000000000	n/a	n/a	STATUS	n/a	n/a	D255
341.8840000000	n/a	n/a	STATUS	n/a	n/a	D167
341.9360000000	n/a	n/a	STATUS	n/a	n/a	D255
341.9720000000	n/a	n/a	STATUS	n/a	n/a	DI53
342.0240000000	n/a	n/a	STATUS	n/a	n/a	D255
342.2680000000	n/a	n/a	STATUS	n/a	n/a	DI43
342.3200000000	n/a	n/a	STATUS	n/a	n/a	D255
342.5800000000	n/a	n/a	STATUS	n/a	n/a	DIN5
342.6280000000	n/a	n/a	STATUS	n/a	n/a	D255
343.1000000000	n/a	n/a	STATUS	n/a	n/a	D228
343.1480000000	n/a	n/a	STATUS	n/a	n/a	D255
343.1840000000	n/a	n/a	STATUS	n/a	n/a	DI53
343.2360000000	n/a	n/a	STATUS	n/a	n/a	D255
343.5520000000	n/a	n/a	STATUS	n/a	n/a	DI43
343.6000000000	n/a	n/a	STATUS	n/a	n/a	D255
343.8600000000	n/a	n/a	STATUS	n/a	n/a	DIN5
343.9120000000	n/a	n/a	STATUS	n/a	n/a	D255
344.4080000000	n/a	n/a	STATUS	n/a	n/a	D235
344.4600000000	n/a	n/a	STATUS	n/a	n/a	D255
344.5000000000	n/a	n/a	STATUS	n/a	n/a	DI53
344.5480000000	n/a	n/a	STATUS	n/a	n/a	D255
344.7800000000	n/a	n/a	STATUS	n/a	n/a	DI43
344.8280000000	n/a	n/a	STATUS	n/a	n/a	D255
345.0880000000	n/a	n/a	STATUS	n/a	n/a	DIN5
345.1400000000	n/a	n/a	STATUS	n/a	n/a	D255
345.4520000000	n/a	n/a	STATUS	n/a	n/a	D248
345.5040000000	n/a	n/a	STATUS	n/a	n/a	D255
345.5400000000	n/a	n/a	STATUS	n/a	n/a	DI52
345.5920000000	n/a	n/a	STATUS	n/a	n/a	D255
345.8320000000	n/a	n/a	STATUS	n/a	n/a	DI12
345.8800000000	n/a	n/a	STATUS	n/a	n/a	D255
345.8840000000	n/a	n/a	STATUS	n/a	n/a	DIN4
345.9360000000	n/a	n/a	STATUS	n/a	n/a	D255
346.6880000000	n/a	n/a	STATUS	n/a	n/a	DIN5
346.7400000000	n/a	n/a	STATUS	n/a	n/a	D255
347.0880000000	n/a	n/a	STATUS	n/a	n/a	D146
347.1400000000	n/a	n/a	STATUS	n/a	n/a	D255
347.1760000000	n/a	n/a	STATUS	n/a	n/a	DI54
347.2280000000	n/a	n/a	STATUS	n/a	n/a	D255
347.4920000000	n/a	n/a	STATUS	n/a	n/a	DI34
347.5440000000	n/a	n/a	STATUS	n/a	n/a	D255
347.8040000000	n/a	n/a	STATUS	n/a	n/a	DIN5
347.8520000000	n/a	n/a	STATUS	n/a	n/a	D255
348.1640000000	n/a	n/a	STATUS	n/a	n/a	D189
348.2120000000	n/a	n/a	STATUS	n/a	n/a	D255
348.2480000000	n/a	n/a	STATUS	n/a	n/a	DI52
348.3000000000	n/a	n/a	STATUS	n/a	n/a	D255
348.6840000000	n/a	n/a	STATUS	n/a	n/a	DI42
348.7320000000	n/a	n/a	STATUS	n/a	n/a	D255
348.9920000000	n/a	n/a	STATUS	n/a	n/a	DIN5
349.0400000000	n/a	n/a	STATUS	n/a	n/a	D255
349.3520000000	n/a	n/a	STATUS	n/a	n/a	D253
349.4000000000	n/a	n/a	STATUS	n/a	n/a	D255
349.4400000000	n/a	n/a	STATUS	n/a	n/a	DI52
349.4880000000	n/a	n/a	STATUS	n/a	n/a	D255
349.9280000000	n/a	n/a	STATUS	n/a	n/a	DI42
349.9760000000	n/a	n/a	STATUS	n/a	n/a	D255
350.2360000000	n/a	n/a	STATUS	n/a	n/a	DIN5
350.2880000000	n/a	n/a	STATUS	n/a	n/a	D255
350.7640000000	n/a	n/a	STATUS	n/a	n/a	D230
350.8120000000	n/a	n/a	STATUS	n/a	n/a	D255
350.8520000000	n/a	n/a	STATUS	n/a	n/a	DI53
350.9000000000	n/a	n/a	STATUS	n/a	n/a	D255
351.2000000000	n/a	n/a	STATUS	n/a	n/a	DI43
351.2480000000	n/a	n/a	STATUS	n/a	n/a	D255
351.5080000000	n/a	n/a	STATUS	n/a	n/a	DIN5
351.5600000000	n/a	n/a	STATUS	n/a	n/a	D255
351.8880000000	n/a	n/a	STATUS	n/a	n/a	D110
351.9400000000	n/a	n/a	STATUS	n/a	n/a	D255
351.9760000000	n/a	n/a	STATUS	n/a	n/a	DI53
352.0280000000	n/a	n/a	STATUS	n/a	n/a	D255
352.3480000000	n/a	n/a	STATUS	n/a	n/a	DI43
352.3960000000	n/a	n/a	STATUS	n/a	n/a	D255
352.6560000000	n/a	n/a	STATUS	n/a	n/a	DIN5
352.7080000000	n/a	n/a	STATUS	n/a	n/a	D255
353.0520000000	n/a	n/a	STATUS	n/a	n/a	D201
353.1000000000	n/a	n/a	STATUS	n/a	n/a	D255
353.1360000000	n/a	n/a	STATUS	n/a	n/a	DI53
353.1880000000	n/a	n/a	STATUS	n/a	n/a	D255
353.4880000000	n/a	n/a	STATUS	n/a	n/a	DI43
353.5360000000	n/a	n/a	STATUS	n/a	n/a	D255
367.4320000000	n/a	n/a	STATUS	n/a	n/a	DIN5
367.4840000000	n/a	n/a	STATUS	n/a	n/a	D255
367.8120000000	n/a	n/a	STATUS	n/a	n/a	DI73
367.8640000000	n/a	n/a	STATUS	n/a	n/a	D255
367.9000000000	n/a	n/a	STATUS	n/a	n/a	DI53
367.9520000000	n/a	n/a	STATUS	n/a	n/a	D255
368.2400000000	n/a	n/a	STATUS	n/a	n/a	DI43
368.2880000000	n/a	n/a	STATUS	n/a	n/a	D255
368.5480000000	n/a	n/a	STATUS	n/a	n/a	DIN5
368.6000000000	n/a	n/a	STATUS	n/a	n/a	D255
369.0240000000	n/a	n/a	STATUS	n/a	n/a	D246
369.0720000000	n/a	n/a	STATUS	n/a	n/a	D255
369.1120000000	n/a	n/a	STATUS	n/a	n/a	DI53
369.1640000000	n/a	n/a	STATUS	n/a	n/a	D255
369.4880000000	n/a	n/a	STATUS	n/a	n/a	DI43
369.5400000000	n/a	n/a	STATUS	n/a	n/a	D255
369.7960000000	n/a	n/a	STATUS	n/a	n/a	DIN5
369.8480000000	n/a	n/a	STATUS	n/a	n/a	D255
370.1960000000	n/a	n/a	STATUS	n/a	n/a	D147
370.2480000000	n/a	n/a	STATUS	n/a	n/a	D255
370.2840000000	n/a	n/a	STATUS	n/a	n/a	DI54
370.3360000000	n/a	n/a	STATUS	n/a	n/a	D255
370.6800000000	n/a	n/a	STATUS	n/a	n/a	DI34
370.7280000000	n/a	n/a	STATUS	n/a	n/a	D255
370.9880000000	n/a	n/a	STATUS	n/a	n/a	DIN5
371.0400000000	n/a	n/a	STATUS	n/a	n/a	D255
371.4320000000	n/a	n/a	STATUS	n/a	n/a	DI97
371.4840000000	n/a	n/a	STATUS	n/a	n/a	D255
371.5200000000	n/a	n/a	STATUS	n/a	n/a	DI51
371.5720000000	n/a	n/a	STATUS	n/a	n/a	D255
371.9840000000	n/a	n/a	STATUS	n/a	n/a	DI31
372.0360000000	n/a	n/a	STATUS	n/a	n/a	D255
372.2960000000	n/a	n/a	STATUS	n/a	n/a	DIN5
372.3440000000	n/a	n/a	STATUS	n/a	n/a	D255
372.8200000000	n/a	n/a	STATUS	n/a	n/a	D135
372.8720000000	n/a	n/a	STATUS	n/a	n/a	D255
372.9080000000	n/a	n/a	STATUS	n/a	n/a	DI51
372.9560000000	n/a	n/a	STATUS	n/a	n/a	D255
373.4360000000	n/a	n/a	STATUS	n/a	n/a	DI31
373.4840000000	n/a	n/a	STATUS	n/a	n/a	D255
373.7440000000	n/a	n/a	STATUS	n/a	n/a	DIN5
373.7960000000	n/a	n/a	STATUS	n/a	n/a	D255
374.1440000000	n/a	n/a	STATUS	n/a	n/a	D127
374.1920000000	n/a	n/a	STATUS	n/a	n/a	D255
374.2320000000	n/a	n/a	STATUS	n/a	n/a	DI53
374.2840000000	n/a	n/a	STATUS	n/a	n/a	D255
374.6200000000	n/a	n/a	STATUS	n/a	n/a	DI43
374.6680000000	n/a	n/a	STATUS	n/a	n/a	D255
374.9280000000	n/a	n/a	STATUS	n/a	n/a	DIN5
374.9800000000	n/a	n/a	STATUS	n/a	n/a	D255
375.3240000000	n/a	n/a	STATUS	n/a	n/a	D161
375.3720000000	n/a	n/a	STATUS	n/a	n/a	D255
375.4120000000	n/a	n/a	STATUS	n/a	n/a	DI51
375.4600000000	n/a	n/a	STATUS	n/a	n/a	D255
375.9160000000	n/a	n/a	STATUS	n/a	n/a	DI31
375.9680000000	n/a	n/a	STATUS	n/a	n/a	D255
376.2280000000	n/a	n/a	STATUS	n/a	n/a	DIN5
376.2760000000	n/a	n/a	STATUS	n/a	n/a	D255
376.6240000000	n/a	n/a	STATUS	n/a	n/a	DI81
376.6760000000	n/a	n/a	STATUS	n/a	n/a	D255
376.7120000000	n/a	n/a	STATUS	n/a	n/a	DI54
376.7640000000	n/a	n/a	STATUS	n/a	n/a	D255
377.0920000000	n/a	n/a	STATUS	n/a	n/a	DI34
377.1400000000	n/a	n/a	STATUS	n/a	n/a	D255
377.4000000000	n/a	n/a	STATUS	n/a	n/a	DIN5
377.4520000000	n/a	n/a	STATUS	n/a	n/a	D255
377.7680000000	n/a	n/a	STATUS	n/a	n/a	D204
377.8200000000	n/a	n/a	STATUS	n/a	n/a	D255
377.8560000000	n/a	n/a	STATUS	n/a	n/a	DI51
377.9080000000	n/a	n/a	STATUS	n/a	n/a	D255
378.3480000000	n/a	n/a	STATUS	n/a	n/a	DI31
378.4000000000	n/a	n/a	STATUS	n/a	n/a	D255
378.6560000000	n/a	n/a	STATUS	n/a	n/a	DIN5
378.7080000000	n/a	n/a	STATUS	n/a	n/a	D255
379.0480000000	n/a	n/a	STATUS	n/a	n/a	D112
379.0960000000	n/a	n/a	STATUS	n/a	n/a	D255
379.1360000000	n/a	n/a	STATUS	n/a	n/a	DI52
379.1840000000	n/a	n/a	STATUS	n/a	n/a	D255
379.5760000000	n/a	n/a	STATUS	n/a	n/a	DI42
379.6280000000	n/a	n/a	STATUS	n/a	n/a	D255
379.8880000000	n/a	n/a	STATUS	n/a	n/a	DIN5
379.9360000000	n/a	n/a	STATUS	n/a	n/a	D255
380.3760000000	n/a	n/a	STATUS	n/a	n/a	D134
380.4280000000	n/a	n/a	STATUS	n/a	n/a	D255
380.4640000000	n/a	n/a	STATUS	n/a	n/a	DI51
380.5160000000	n/a	n/a	STATUS	n/a	n/a	D255
381.0800000000	n/a	n/a	STATUS	n/a	n/a	DI31
381.1320000000	n/a	n/a	STATUS	n/a	n/a	D255
381.3920000000	n/a	n/a	STATUS	n/a	n/a	DIN5
381.4400000000	n/a	n/a	STATUS	n/a	n/a	D255
381.8000000000	n/a	n/a	STATUS	n/a	n/a	D181
381.8480000000	n/a	n/a	STATUS	n/a	n/a	D255
381.8880000000	n/a	n/a	STATUS	n/a	n/a	DI54
381.9360000000	n/a	n/a	STATUS	n/a	n/a	D255
382.2240000000	n/a	n/a	STATUS	n/a	n/a	DI34
382.2760000000	n/a	n/a	STATUS	n/a	n/a	D255
382.5360000000	n/a	n/a	STATUS	n/a	n/a	DIN5
382.5840000000	n/a	n/a	STATUS	n/a	n/a	D255
383.0920000000	n/a	n/a	STATUS	n/a	n/a	D139
383.1400000000	n/a	n/a	STATUS	n/a	n/a	D255
383.1800000000	n/a	n/a	STATUS	n/a	n/a	DI53
383.2280000000	n/a	n/a	STATUS	n/a	n/a	D255
383.5080000000	n/a	n/a	STATUS	n/a	n/a	DI43
383.5560000000	n/a	n/a	STATUS	n/a	n/a	D255
383.8160000000	n/a	n/a	STATUS	n/a	n/a	DIN5
383.8680000000	n/a	n/a	STATUS	n/a	n/a	D255
384.2200000000	n/a	n/a	STATUS	n/a	n/a	DI76
384.2720000000	n/a	n/a	STATUS	n/a	n/a	D255
384.3080000000	n/a	n/a	STATUS	n/a	n/a	DI54
384.3600000000	n/a	n/a	STATUS	n/a	n/a	D255
384.5920000000	n/a	n/a	STATUS	n/a	n/a	DI34
384.6400000000	n/a	n/a	STATUS	n/a	n/a	D255
384.9000000000	n/a	n/a	STATUS	n/a	n/a	DIN5
384.9480000000	n/a	n/a	STATUS	n/a	n/a	D255
385.3560000000	n/a	n/a	STATUS	n/a	n/a	D120
385.4040000000	n/a	n/a	STATUS	n/a	n/a	D255
385.4440000000	n/a	n/a	STATUS	n/a	n/a	DI52
385.4920000000	n/a	n/a	STATUS	n/a	n/a	D255
385.8480000000	n/a	n/a	STATUS	n/a	n/a	DI42
385.9000000000	n/a	n/a	STATUS	n/a	n/a	D255
386.1600000000	n/a	n/a	STATUS	n/a	n/a	DIN5
386.2080000000	n/a	n/a	STATUS	n/a	n/a	D255
386.5760000000	n/a	n/a	STATUS	n/a	n/a	D165
386.6280000000	n/a	n/a	STATUS	n/a	n/a	D255
386.6640000000	n/a	n/a	STATUS	n/a	n/a	DI51
386.7160000000	n/a	n/a	STATUS	n/a	n/a	D255
387.1960000000	n/a	n/a	STATUS	n/a	n/a	DI31
387.2440000000	n/a	n/a	STATUS	n/a	n/a	D255
387.5040000000	n/a	n/a	STATUS	n/a	n/a	DIN5
387.5560000000	n/a	n/a	STATUS	n/a	n/a	D255
387.9240000000	n/a	n/a	STATUS	n/a	n/a	D217
387.9720000000	n/a	n/a	STATUS	n/a	n/a	D255
388.0120000000	n/a	n/a	STATUS	n/a	n/a	DI51
388.0640000000	n/a	n/a	STATUS	n/a	n/a	D255
388.3240000000	n/a	n/a	STATUS	n/a	n/a	DI21
388.3760000000	n/a	n/a	STATUS	n/a	n/a	D255
388.3800000000	n/a	n/a	STATUS	n/a	n/a	DIN4
388.4280000000	n/a	n/a	STATUS	n/a	n/a	D255
389.1840000000	n/a	n/a	STATUS	n/a	n/a	DIN5
389.2360000000	n/a	n/a	STATUS	n/a	n/a	D255
389.6480000000	n/a	n/a	STATUS	n/a	n/a	D190
389.7000000000	n/a	n/a	STATUS	n/a	n/a	D255
389.7360000000	n/a	n/a	STATUS	n/a	n/a	DI54
389.7880000000	n/a	n/a	STATUS	n/a	n/a	D255
390.0520000000	n/a	n/a	STATUS	n/a	n/a	DI34
390.1040000000	n/a	n/a	STATUS	n/a	n/a	D255
390.3640000000	n/a	n/a	STATUS	n/a	n/a	DIN5
390.4120000000	n/a	n/a	STATUS	n/a	n/a	D255
390.8640000000	n/a	n/a	STATUS	n/a	n/a	D141
390.9120000000	n/a	n/a	STATUS	n/a	n/a	D255
390.9520000000	n/a	n/a	STATUS	n/a	n/a	DI51
391.0000000000	n/a	n/a	STATUS	n/a	n/a	D255
391.3880000000	n/a	n/a	STATUS	n/a	n/a	DI31
391.4360000000	n/a	n/a	STATUS	n/a	n/a	D255
391.6960000000	n/a	n/a	STATUS	n/a	n/a	DIN5
391.7480000000	n/a	n/a	STATUS	n/a	n/a	D255
392.1480000000	n/a	n/a	STATUS	n/a	n/a	D115
392.1960000000	n/a	n/a	STATUS	n/a	n/a	D255
392.2360000000	n/a	n/a	STATUS	n/a	n/a	DI51
392.2840000000	n/a	n/a	STATUS	n/a	n/a	D255
392.6560000000	n/a	n/a	STATUS	n/a	n/a	DI31
392.7080000000	n/a	n/a	STATUS	n/a	n/a	D255
392.9680000000	n/a	n/a	STATUS	n/a	n/a	DIN5
393.0160000000	n/a	n/a	STATUS	n/a	n/a	D255
393.4960000000	n/a	n/a	STATUS	n/a	n/a	DI95
393.5480000000	n/a	n/a	STATUS	n/a	n/a	D255
393.5840000000	n/a	n/a	STATUS	n/a	n/a	DI51
393.6360000000	n/a	n/a	STATUS	n/a	n/a	D255
393.9920000000	n/a	n/a	STATUS	n/a	n/a	DI31
394.0440000000	n/a	n/a	STATUS	n/a	n/a	D255
394.3040000000	n/a	n/a	STATUS	n/a	n/a	DIN5
394.3520000000	n/a	n/a	STATUS	n/a	n/a	D255
394.7120000000	n/a	n/a	STATUS	n/a	n/a	D114
394.7640000000	n/a	n/a	STATUS	n/a	n/a	D255
394.8000000000	n/a	n/a	STATUS	n/a	n/a	DI51
394.8520000000	n/a	n/a	STATUS	n/a	n/a	D255
395.1240000000	n/a	n/a	STATUS	n/a	n/a	DI31
395.1760000000	n/a	n/a	STATUS	n/a	n/a	D255
395.4360000000	n/a	n/a	STATUS	n/a	n/a	DIN5
395.4840000000	n/a	n/a	STATUS	n/a	n/a	D255
395.8920000000	n/a	n/a	STATUS	n/a	n/a	D155
395.9440000000	n/a	n/a	STATUS	n/a	n/a	D255
395.9800000000	n/a	n/a	STATUS	n/a	n/a	DI54
396.0320000000	n/a	n/a	STATUS	n/a	n/a	D255
396.2920000000	n/a	n/a	STATUS	n/a	n/a	DI34
396.3400000000	n/a	n/a	STATUS	n/a	n/a	D255
396.6000000000	n/a	n/a	STATUS	n/a	n/a	DIN5
396.6520000000	n/a	n/a	STATUS	n/a	n/a	D255
397.0440000000	n/a	n/a	STATUS	n/a	n/a	D171
397.0960000000	n/a	n/a	STATUS	n/a	n/a	D255
397.1320000000	n/a	n/a	STATUS	n/a	n/a	DI51
397.1840000000	n/a	n/a	STATUS	n/a	n/a	D255
397.5920000000	n/a	n/a	STATUS	n/a	n/a	DI31
397.6440000000	n/a	n/a	STATUS	n/a	n/a	D255
397.9000000000	n/a	n/a	STATUS	n/a	n/a	DIN5
397.9520000000	n/a	n/a	STATUS	n/a	n/a	D255
398.4480000000	n/a	n/a	STATUS	n/a	n/a	D105
398.4960000000	n/a	n/a	STATUS	n/a	n/a	D255
398.5360000000	n/a	n/a	STATUS	n/a	n/a	DI53
398.5840000000	n/a	n/a	STATUS	n/a	n/a	D255
399.6080000000	n/a	n/a	STATUS	n/a	n/a	DIN3
399.6560000000	n/a	n/a	STATUS	n/a	n/a	D255
400.4120000000	n/a	n/a	STATUS	n/a	n/a	DIN5
400.4640000000	n/a	n/a	STATUS	n/a	n/a	D255
400.8880000000	n/a	n/a	STATUS	n/a	n/a	D131
400.9360000000	n/a	n/a	STATUS	n/a	n/a	D255
400.9720000000	n/a	n/a	STATUS	n/a	n/a	DI53
401.0240000000	n/a	n/a	STATUS	n/a	n/a	D255
402.0560000000	n/a	n/a	STATUS	n/a	n/a	DIN3
402.1040000000	n/a	n/a	STATUS	n/a	n/a	D255
402.8600000000	n/a	n/a	STATUS	n/a	n/a	DIN5
402.9120000000	n/a	n/a	STATUS	n/a	n/a	D255
403.3720000000	n/a	n/a	STATUS	n/a	n/a	DI71
403.4200000000	n/a	n/a	STATUS	n/a	n/a	D255
403.4600000000	n/a	n/a	STATUS	n/a	n/a	DI53
403.5080000000	n/a	n/a	STATUS	n/a	n/a	D255
404.5360000000	n/a	n/a	STATUS	n/a	n/a	DIN3
404.5880000000	n/a	n/a	STATUS	n/a	n/a	D255
405.3440000000	n/a	n/a	STATUS	n/a	n/a	DIN5
405.3920000000	n/a	n/a	STATUS	n/a	n/a	D255
405.7040000000	n/a	n/a	STATUS	n/a	n/a	DI82
405.7520000000	n/a	n/a	STATUS	n/a	n/a	D255
405.7920000000	n/a	n/a	STATUS	n/a	n/a	DI51
405.8400000000	n/a	n/a	STATUS	n/a	n/a	D255
406.8720000000	n/a	n/a	STATUS	n/a	n/a	DIN3
406.9200000000	n/a	n/a	STATUS	n/a	n/a	D255
407.6760000000	n/a	n/a	STATUS	n/a	n/a	DIN5
407.7240000000	n/a	n/a	STATUS	n/a	n/a	D255
408.0800000000	n/a	n/a	STATUS	n/a	n/a	D132
408.1320000000	n/a	n/a	STATUS	n/a	n/a	D255
408.1680000000	n/a	n/a	STATUS	n/a	n/a	DI51
408.2200000000	n/a	n/a	STATUS	n/a	n/a	D255
408.5920000000	n/a	n/a	STATUS	n/a	n/a	DI31
408.6400000000	n/a	n/a	STATUS	n/a	n/a	D255
408.9000000000	n/a	n/a	STATUS	n/a	n/a	DIN5
408.9520000000	n/a	n/a	STATUS	n/a	n/a	D255
409.3800000000	n/a	n/a	STATUS	n/a	n/a	D113
409.4320000000	n/a	n/a	STATUS	n/a	n/a	D255
409.4680000000	n/a	n/a	STATUS	n/a	n/a	DI53
409.5200000000	n/a	n/a	STATUS	n/a	n/a	D255
409.8560000000	n/a	n/a	STATUS	n/a	n/a	DI43
409.9040000000	n/a	n/a	STATUS	n/a	n/a	D255
410.1640000000	n/a	n/a	STATUS	n/a	n/a	DIN5
410.2120000000	n/a	n/a	STATUS	n/a	n/a	D255
410.5840000000	n/a	n/a	STATUS	n/a	n/a	D195
410.6360000000	n/a	n/a	STATUS	n/a	n/a	D255
410.6720000000	n/a	n/a	STATUS	n/a	n/a	DI54
410.7240000000	n/a	n/a	STATUS	n/a	n/a	D255
411.0120000000	n/a	n/a	STATUS	n/a	n/a	DI34
411.0640000000	n/a	n/a	STATUS	n/a	n/a	D255
411.3240000000	n/a	n/a	STATUS	n/a	n/a	DIN5
411.3760000000	n/a	n/a	STATUS	n/a	n/a	D255
411.7200000000	n/a	n/a	STATUS	n/a	n/a	D169
411.7680000000	n/a	n/a	STATUS	n/a	n/a	D255
411.8040000000	n/a	n/a	STATUS	n/a	n/a	DI52
411.8560000000	n/a	n/a	STATUS	n/a	n/a	D255
412.1040000000	n/a	n/a	STATUS	n/a	n/a	DI12
412.1520000000	n/a	n/a	STATUS	n/a	n/a	D255
412.1560000000	n/a	n/a	STATUS	n/a	n/a	DIN4
412.2080000000	n/a	n/a	STATUS	n/a	n/a	D255
412.9600000000	n/a	n/a	STATUS	n/a	n/a	DIN5
413.0120000000	n/a	n/a	STATUS	n/a	n/a	D255
413.3200000000	n/a	n/a	STATUS	n/a	n/a	D173
413.3720000000	n/a	n/a	STATUS	n/a	n/a	D255
413.4080000000	n/a	n/a	STATUS	n/a	n/a	DI52
413.4600000000	n/a	n/a	STATUS	n/a	n/a	D255
413.9160000000	n/a	n/a	STATUS	n/a	n/a	DI42
413.9680000000	n/a	n/a	STATUS	n/a	n/a	D255
414.2280000000	n/a	n/a	STATUS	n/a	n/a	DIN5
414.2760000000	n/a	n/a	STATUS	n/a	n/a	D255
414.7720000000	n/a	n/a	STATUS	n/a	n/a	D249
414.8200000000	n/a	n/a	STATUS	n/a	n/a	D255
414.8600000000	n/a	n/a	STATUS	n/a	n/a	DI52
414.9080000000	n/a	n/a	STATUS	n/a	n/a	D255
415.3040000000	n/a	n/a	STATUS	n/a	n/a	DI12
415.3520000000	n/a	n/a	STATUS	n/a	n/a	D255
415.3560000000	n/a	n/a	STATUS	n/a	n/a	DIN4
415.4080000000	n/a	n/a	STATUS	n/a	n/a	D255
416.1600000000	n/a	n/a	STATUS	n/a	n/a	DIN5
416.2120000000	n/a	n/a	STATUS	n/a	n/a	D255
416.6600000000	n/a	n/a	STATUS	n/a	n/a	DI84
416.7120000000	n/a	n/a	STATUS	n/a	n/a	D255
416.7480000000	n/a	n/a	STATUS	n/a	n/a	DI52
416.8000000000	n/a	n/a	STATUS	n/a	n/a	D255
417.0600000000	n/a	n/a	STATUS	n/a	n/a	DI12
417.1080000000	n/a	n/a	STATUS	n/a	n/a	D255
417.1120000000	n/a	n/a	STATUS	n/a	n/a	DIN4
417.1640000000	n/a	n/a	STATUS	n/a	n/a	D255
417.9200000000	n/a	n/a	STATUS	n/a	n/a	DIN5
417.9680000000	n/a	n/a	STATUS	n/a	n/a	D255
418.4200000000	n/a	n/a	STATUS	n/a	n/a	D157
418.4680000000	n/a	n/a	STATUS	n/a	n/a	D255
418.5080000000	n/a	n/a	STATUS	n/a	n/a	DI52
418.5560000000	n/a	n/a	STATUS	n/a	n/a	D255
418.9640000000	n/a	n/a	STATUS	n/a	n/a	DI42
419.0160000000	n/a	n/a	STATUS	n/a	n/a	D255
419.2760000000	n/a	n/a	STATUS	n/a	n/a	DIN5
419.3240000000	n/a	n/a	STATUS	n/a	n/a	D255
419.7040000000	n/a	n/a	STATUS	n/a	n/a	DI85
419.7560000000	n/a	n/a	STATUS	n/a	n/a	D255
419.7920000000	n/a	n/a	STATUS	n/a	n/a	DI52
419.8400000000	n/a	n/a	STATUS	n/a	n/a	D255
420.2160000000	n/a	n/a	STATUS	n/a	n/a	DI42
420.2680000000	n/a	n/a	STATUS	n/a	n/a	D255
420.5240000000	n/a	n/a	STATUS	n/a	n/a	DIN5
420.5760000000	n/a	n/a	STATUS	n/a	n/a	D255
421.0040000000	n/a	n/a	STATUS	n/a	n/a	DI96
421.0560000000	n/a	n/a	STATUS	n/a	n/a	D255
421.0920000000	n/a	n/a	STATUS	n/a	n/a	DI54
421.1440000000	n/a	n/a	STATUS	n/a	n/a	D255
421.5360000000	n/a	n/a	STATUS	n/a	n/a	DI34
421.5880000000	n/a	n/a	STATUS	n/a	n/a	D255
421.8480000000	n/a	n/a	STATUS	n/a	n/a	DIN5
421.8960000000	n/a	n/a	STATUS	n/a	n/a	D255
422.3400000000	n/a	n/a	STATUS	n/a	n/a	DI92
422.3920000000	n/a	n/a	STATUS	n/a	n/a	D255
422.4280000000	n/a	n/a	STATUS	n/a	n/a	DI53
422.4800000000	n/a	n/a	STATUS	n/a	n/a	D255
422.8080000000	n/a	n/a	STATUS	n/a	n/a	DI43
422.8600000000	n/a	n/a	STATUS	n/a	n/a	D255
423.1200000000	n/a	n/a	STATUS	n/a	n/a	DIN5
423.1680000000	n/a	n/a	STATUS	n/a	n/a	D255
423.5120000000	n/a	n/a	STATUS	n/a	n/a	D207
423.5640000000	n/a	n/a	STATUS	n/a	n/a	D255
423.6000000000	n/a	n/a	STATUS	n/a	n/a	DI52
423.6520000000	n/a	n/a	STATUS	n/a	n/a	D255
424.1120000000	n/a	n/a	STATUS	n/a	n/a	DI42
424.1640000000	n/a	n/a	STATUS	n/a	n/a	D255
424.4240000000	n/a	n/a	STATUS	n/a	n/a	DIN5
424.4720000000	n/a	n/a	STATUS	n/a	n/a	D255
424.8920000000	n/a	n/a	STATUS	n/a	n/a	D191
424.9440000000	n/a	n/a	STATUS	n/a	n/a	D255
424.9800000000	n/a	n/a	STATUS	n/a	n/a	DI52
425.0320000000	n/a	n/a	STATUS	n/a	n/a	D255
425.3920000000	n/a	n/a	STATUS	n/a	n/a	DI42
425.4400000000	n/a	n/a	STATUS	n/a	n/a	D255
425.7000000000	n/a	n/a	STATUS	n/a	n/a	DIN5
425.7520000000	n/a	n/a	STATUS	n/a	n/a	D255
426.2280000000	n/a	n/a	STATUS	n/a	n/a	D199
426.2800000000	n/a	n/a	STATUS	n/a	n/a	D255
426.3160000000	n/a	n/a	STATUS	n/a	n/a	DI52
426.3680000000	n/a	n/a	STATUS	n/a	n/a	D255
426.7040000000	n/a	n/a	STATUS	n/a	n/a	DI42
426.7520000000	n/a	n/a	STATUS	n/a	n/a	D255
427.0120000000	n/a	n/a	STATUS	n/a	n/a	DIN5
427.0640000000	n/a	n/a	STATUS	n/a	n/a	D255
427.5120000000	n/a	n/a	STATUS	n/a	n/a	D151
427.5640000000	n/a	n/a	STATUS	n/a	n/a	D255
427.6000000000	n/a	n/a	STATUS	n/a	n/a	DI53
427.6520000000	n/a	n/a	STATUS	n/a	n/a	D255
427.9280000000	n/a	n/a	STATUS	n/a	n/a	DI43
427.9760000000	n/a	n/a	STATUS	n/a	n/a	D255
428.2360000000	n/a	n/a	STATUS	n/a	n/a	DIN5
428.2880000000	n/a	n/a	STATUS	n/a	n/a	D255
428.6480000000	n/a	n/a	STATUS	n/a	n/a	D226
428.6960000000	n/a	n/a	STATUS	n/a	n/a	D255
428.7320000000	n/a	n/a	STATUS	n/a	n/a	DI52
428.7840000000	n/a	n/a	STATUS	n/a	n/a	D255
429.2280000000	n/a	n/a	STATUS	n/a	n/a	DI42
429.2800000000	n/a	n/a	STATUS	n/a	n/a	D255
429.5360000000	n/a	n/a	STATUS	n/a	n/a	DIN5
429.5880000000	n/a	n/a	STATUS	n/a	n/a	D255
429.9720000000	n/a	n/a	STATUS	n/a	n/a	D244
430.0240000000	n/a	n/a	STATUS	n/a	n/a	D255
430.0600000000	n/a	n/a	STATUS	n/a	n/a	DI52
430.1120000000	n/a	n/a	STATUS	n/a	n/a	D255
430.4640000000	n/a	n/a	STATUS	n/a	n/a	DI42
430.5160000000	n/a	n/a	STATUS	n/a	n/a	D255
430.7760000000	n/a	n/a	STATUS	n/a	n/a	DIN5
430.8240000000	n/a	n/a	STATUS	n/a	n/a	D255
431.2680000000	n/a	n/a	STATUS	n/a	n/a	D149
431.3200000000	n/a	n/a	STATUS	n/a	n/a	D255
431.3560000000	n/a	n/a	STATUS	n/a	n/a	DI54
431.4080000000	n/a	n/a	STATUS	n/a	n/a	D255
431.7440000000	n/a	n/a	STATUS	n/a	n/a	DI34
431.7920000000	n/a	n/a	STATUS	n/a	n/a	D255
432.0520000000	n/a	n/a	STATUS	n/a	n/a	DIN5
432.1040000000	n/a	n/a	STATUS	n/a	n/a	D255
432.4320000000	n/a	n/a	STATUS	n/a	n/a	DI74
432.4840000000	n/a	n/a	STATUS	n/a	n/a	D255
432.5200000000	n/a	n/a	STATUS	n/a	n/a	DI52
432.5720000000	n/a	n/a	STATUS	n/a	n/a	D255
432.9520000000	n/a	n/a	STATUS	n/a	n/a	DI42
433.0000000000	n/a	n/a	STATUS	n/a	n/a	D255
433.2600000000	n/a	n/a	STATUS	n/a	n/a	DIN5
433.3120000000	n/a	n/a	STATUS	n/a	n/a	D255
433.7400000000	n/a	n/a	STATUS	n/a	n/a	DI66
433.7920000000	n/a	n/a	STATUS	n/a	n/a	D255
433.8280000000	n/a	n/a	STATUS	n/a	n/a	DI52
433.8800000000	n/a	n/a	STATUS	n/a	n/a	D255
434.2360000000	n/a	n/a	STATUS	n/a	n/a	DI42
434.2840000000	n/a	n/a	STATUS	n/a	n/a	D255
434.5440000000	n/a	n/a	STATUS	n/a	n/a	DIN5
434.5960000000	n/a	n/a	STATUS	n/a	n/a	D255
435.0200000000	n/a	n/a	STATUS	n/a	n/a	D231
435.0680000000	n/a	n/a	STATUS	n/a	n/a	D255
435.1080000000	n/a	n/a	STATUS	n/a	n/a	DI53
435.1600000000	n/a	n/a	STATUS	n/a	n/a	D255
435.4280000000	n/a	n/a	STATUS	n/a	n/a	DI43
435.4800000000	n/a	n/a	STATUS	n/a	n/a	D255
435.7400000000	n/a	n/a	STATUS	n/a	n/a	DIN5
435.7880000000	n/a	n/a	STATUS	n/a	n/a	D255
436.1480000000	n/a	n/a	STATUS	n/a	n/a	DI87
436.1960000000	n/a	n/a	STATUS	n/a	n/a	D255
436.2360000000	n/a	n/a	STATUS	n/a	n/a	DI51
436.2880000000	n/a	n/a	STATUS	n/a	n/a	D255
436.6720000000	n/a	n/a	STATUS	n/a	n/a	DI31
436.7240000000	n/a	n/a	STATUS	n/a	n/a	D255
436.9800000000	n/a	n/a	STATUS	n/a	n/a	DIN5
437.0320000000	n/a	n/a	STATUS	n/a	n/a	D255
437.3360000000	n/a	n/a	STATUS	n/a	n/a	D153
437.3880000000	n/a	n/a	STATUS	n/a	n/a	D255
437.4240000000	n/a	n/a	STATUS	n/a	n/a	DI52
437.4760000000	n/a	n/a	STATUS	n/a	n/a	D255
437.7320000000	n/a	n/a	STATUS	n/a	n/a	DI12
437.7800000000	n/a	n/a	STATUS	n/a	n/a	D255
437.7840000000	n/a	n/a	STATUS	n/a	n/a	DIN4
437.8360000000	n/a	n/a	STATUS	n/a	n/a	D255
438.5920000000	n/a	n/a	STATUS	n/a	n/a	DIN5
438.6400000000	n/a	n/a	STATUS	n/a	n/a	D255
439.0720000000	n/a	n/a	STATUS	n/a	n/a	D197
439.1200000000	n/a	n/a	STATUS	n/a	n/a	D255
439.1600000000	n/a	n/a	STATUS	n/a	n/a	DI54
439.2080000000	n/a	n/a	STATUS	n/a	n/a	D255
439.8920000000	n/a	n/a	STATUS	n/a	n/a	DI34
439.9400000000	n/a	n/a	STATUS	n/a	n/a	D255
440.2000000000	n/a	n/a	STATUS	n/a	n/a	DIN5
440.2480000000	n/a	n/a	STATUS	n/a	n/a	D255
440.6280000000	n/a	n/a	STATUS	n/a	n/a	D253
440.6800000000	n/a	n/a	STATUS	n/a	n/a	D255
440.7160000000	n/a	n/a	STATUS	n/a	n/a	DI54
440.7680000000	n/a	n/a	STATUS	n/a	n/a	D255
440.9960000000	n/a	n/a	STATUS	n/a	n/a	DI34
441.0440000000	n/a	n/a	STATUS	n/a	n/a	D255
441.3040000000	n/a	n/a	STATUS	n/a	n/a	DIN5
441.3560000000	n/a	n/a	STATUS	n/a	n/a	D255
441.6640000000	n/a	n/a	STATUS	n/a	n/a	D177
441.7160000000	n/a	n/a	STATUS	n/a	n/a	D255
441.7520000000	n/a	n/a	STATUS	n/a	n/a	DI53
441.8040000000	n/a	n/a	STATUS	n/a	n/a	D255
442.0960000000	n/a	n/a	STATUS	n/a	n/a	DI43
442.1480000000	n/a	n/a	STATUS	n/a	n/a	D255
442.4080000000	n/a	n/a	STATUS	n/a	n/a	DIN5
442.4560000000	n/a	n/a	STATUS	n/a	n/a	D255
442.8000000000	n/a	n/a	STATUS	n/a	n/a	D109
442.8520000000	n/a	n/a	STATUS	n/a	n/a	D255
442.8880000000	n/a	n/a	STATUS	n/a	n/a	DI54
442.9400000000	n/a	n/a	STATUS	n/a	n/a	D255
443.2960000000	n/a	n/a	STATUS	n/a	n/a	DI34
443.3440000000	n/a	n/a	STATUS	n/a	n/a	D255
443.6040000000	n/a	n/a	STATUS	n/a	n/a	DIN5
443.6560000000	n/a	n/a	STATUS	n/a	n/a	D255
444.0000000000	n/a	n/a	STATUS	n/a	n/a	D143
444.0480000000	n/a	n/a	STATUS	n/a	n/a	D255
444.0880000000	n/a	n/a	STATUS	n/a	n/a	DI53
444.1360000000	n/a	n/a	STATUS	n/a	n/a	D255
444.4120000000	n/a	n/a	STATUS	n/a	n/a	DI43
444.4600000000	n/a	n/a	STATUS	n/a	n/a	D255
444.7200000000	n/a	n/a	STATUS	n/a	n/a	DIN5
444.7720000000	n/a	n/a	STATUS	n/a	n/a	D255
445.2760000000	n/a	n/a	STATUS	n/a	n/a	D198
445.3240000000	n/a	n/a	STATUS	n/a	n/a	D255
445.3640000000	n/a	n/a	STATUS	n/a	n/a	DI54
445.4120000000	n/a	n/a	STATUS	n/a	n/a	D255
445.7280000000	n/a	n/a	STATUS	n/a	n/a	DI34
445.7760000000	n/a	n/a	STATUS	n/a	n/a	D255
446.0360000000	n/a	n/a	STATUS	n/a	n/a	DIN5
446.0880000000	n/a	n/a	STATUS	n/a	n/a	D255
446.3920000000	n/a	n/a	STATUS	n/a	n/a	D236
446.4400000000	n/a	n/a	STATUS	n/a	n/a	D255
446.4760000000	n/a	n/a	STATUS	n/a	n/a	DI51
446.5280000000	n/a	n/a	STATUS	n/a	n/a	D255
446.9720000000	n/a	n/a	STATUS	n/a	n/a	DI31
447.0200000000	n/a	n/a	STATUS	n/a	n/a	D255
447.2800000000	n/a	n/a	STATUS	n/a	n/a	DIN5
447.3320000000	n/a	n/a	STATUS	n/a	n/a	D255
447.7600000000	n/a	n/a	STATUS	n/a	n/a	DI67
447.8080000000	n/a	n/a	STATUS	n/a	n/a	D255
447.8480000000	n/a	n/a	STATUS	n/a	n/a	DI52
447.8960000000	n/a	n/a	STATUS	n/a	n/a	D255
448.2360000000	n/a	n/a	STATUS	n/a	n/a	DI42
448.2880000000	n/a	n/a	STATUS	n/a	n/a	D255
448.5480000000	n/a	n/a	STATUS	n/a	n/a	DIN5
448.5960000000	n/a	n/a	STATUS	n/a	n/a	D255
449.0880000000	n/a	n/a	STATUS	n/a	n/a	D234
449.1360000000	n/a	n/a	STATUS	n/a	n/a	D255
449.1760000000	n/a	n/a	STATUS	n/a	n/a	DI53
449.2240000000	n/a	n/a	STATUS	n/a	n/a	D255
449.5120000000	n/a	n/a	STATUS	n/a	n/a	DI43
449.5600000000	n/a	n/a	STATUS	n/a	n/a	D255
449.8200000000	n/a	n/a	STATUS	n/a	n/a	DIN5
449.8720000000	n/a	n/a	STATUS	n/a	n/a	D255
450.3040000000	n/a	n/a	STATUS	n/a	n/a	DI86
450.3560000000	n/a	n/a	STATUS	n/a	n/a	D255
450.3920000000	n/a	n/a	STATUS	n/a	n/a	DI51
450.4440000000	n/a	n/a	STATUS	n/a	n/a	D255
450.8080000000	n/a	n/a	STATUS	n/a	n/a	DI31
450.8560000000	n/a	n/a	STATUS	n/a	n/a	D255
451.1160000000	n/a	n/a	STATUS	n/a	n/a	DIN5
451.1680000000	n/a	n/a	STATUS	n/a	n/a	D255
451.5640000000	n/a	n/a	STATUS	n/a	n/a	D248
451.6160000000	n/a	n/a	STATUS	n/a	n/a	D255
451.6520000000	n/a	n/a	STATUS	n/a	n/a	DI51
451.7040000000	n/a	n/a	STATUS	n/a	n/a	D255
451.9520000000	n/a	n/a	STATUS	n/a	n/a	DI21
452.0000000000	n/a	n/a	STATUS	n/a	n/a	D255
452.0080000000	n/a	n/a	STATUS	n/a	n/a	DIN4
452.0560000000	n/a	n/a	STATUS	n/a	n/a	D255
452.8120000000	n/a	n/a	STATUS	n/a	n/a	DIN5
452.8600000000	n/a	n/a	STATUS	n/a	n/a	D255
453.2840000000	n/a	n/a	STATUS	n/a	n/a	D167
453.3360000000	n/a	n/a	STATUS	n/a	n/a	D255
453.3720000000	n/a	n/a	STATUS	n/a	n/a	DI53
453.4240000000	n/a	n/a	STATUS	n/a	n/a	D255
453.7200000000	n/a	n/a	STATUS	n/a	n/a	DI43
453.7720000000	n/a	n/a	STATUS	n/a	n/a	D255
454.0280000000	n/a	n/a	STATUS	n/a	n/a	DIN5
454.0800000000	n/a	n/a	STATUS	n/a	n/a	D255
454.4040000000	n/a	n/a	STATUS	n/a	n/a	D100
454.4520000000	n/a	n/a	STATUS	n/a	n/a	D255
454.4920000000	n/a	n/a	STATUS	n/a	n/a	DI51
454.5440000000	n/a	n/a	STATUS	n/a	n/a	D255
454.8840000000	n/a	n/a	STATUS	n/a	n/a	DI31
454.9360000000	n/a	n/a	STATUS	n/a	n/a	D255
455.1920000000	n/a	n/a	STATUS	n/a	n/a	DIN5
455.2440000000	n/a	n/a	STATUS	n/a	n/a	D255
455.6800000000	n/a	n/a	STATUS	n/a	n/a	D150
455.7280000000	n/a	n/a	STATUS	n/a	n/a	D255
455.7680000000	n/a	n/a	STATUS	n/a	n/a	DI51
455.8160000000	n/a	n/a	STATUS	n/a	n/a	D255
456.1720000000	n/a	n/a	STATUS	n/a	n/a	DI31
456.2240000000	n/a	n/a	STATUS	n/a	n/a	D255
456.4840000000	n/a	n/a	STATUS	n/a	n/a	DIN5
456.5360000000	n/a	n/a	STATUS	n/a	n/a	D255
457.0120000000	n/a	n/a	STATUS	n/a	n/a	D111
457.0640000000	n/a	n/a	STATUS	n/a	n/a	D255
457.1000000000	n/a	n/a	STATUS	n/a	n/a	DI52
457.1520000000	n/a	n/a	STATUS	n/a	n/a	D255
457.5400000000	n/a	n/a	STATUS	n/a	n/a	DI42
457.5880000000	n/a	n/a	STATUS	n/a	n/a	D255
457.8480000000	n/a	n/a	STATUS	n/a	n/a	DIN5
457.9000000000	n/a	n/a	STATUS	n/a	n/a	D255
458.2040000000	n/a	n/a	STATUS	n/a	n/a	D170
458.2520000000	n/a	n/a	STATUS	n/a	n/a	D255
458.2920000000	n/a	n/a	STATUS	n/a	n/a	DI51
458.3440000000	n/a	n/a	STATUS	n/a	n/a	D255
458.7680000000	n/a	n/a	STATUS	n/a	n/a	DI31
458.8160000000	n/a	n/a	STATUS	n/a	n/a	D255
459.0760000000	n/a	n/a	STATUS	n/a	n/a	DIN5
459.1240000000	n/a	n/a	STATUS	n/a	n/a	D255
459.4960000000	n/a	n/a	STATUS	n/a	n/a	D145
459.5440000000	n/a	n/a	STATUS	n/a	n/a	D255
459.5840000000	n/a	n/a	STATUS	n/a	n/a	DI54
459.6320000000	n/a	n/a	STATUS	n/a	n/a	D255
460.2480000000	n/a	n/a	STATUS	n/a	n/a	DI34
460.3000000000	n/a	n/a	STATUS	n/a	n/a	D255
460.5600000000	n/a	n/a	STATUS	n/a	n/a	DIN5
460.6080000000	n/a	n/a	STATUS	n/a	n/a	D255
460.9400000000	n/a	n/a	STATUS	n/a	n/a	D102
460.9880000000	n/a	n/a	STATUS	n/a	n/a	D255
461.0240000000	n/a	n/a	STATUS	n/a	n/a	DI52
461.0760000000	n/a	n/a	STATUS	n/a	n/a	D255
461.4520000000	n/a	n/a	STATUS	n/a	n/a	DI42
461.5000000000	n/a	n/a	STATUS	n/a	n/a	D255
461.7600000000	n/a	n/a	STATUS	n/a	n/a	DIN5
461.8120000000	n/a	n/a	STATUS	n/a	n/a	D255
462.2400000000	n/a	n/a	STATUS	n/a	n/a	D251
462.2880000000	n/a	n/a	STATUS	n/a	n/a	D255
462.3280000000	n/a	n/a	STATUS	n/a	n/a	DI54
462.3800000000	n/a	n/a	STATUS	n/a	n/a	D255
462.7320000000	n/a	n/a	STATUS	n/a	n/a	DI34
462.7840000000	n/a	n/a	STATUS	n/a	n/a	D255
463.0440000000	n/a	n/a	STATUS	n/a	n/a	DIN5
463.0920000000	n/a	n/a	STATUS	n/a	n/a	D255
463.4920000000	n/a	n/a	STATUS	n/a	n/a	D175
463.5400000000	n/a	n/a	STATUS	n/a	n/a	D255
463.5800000000	n/a	n/a	STATUS	n/a	n/a	DI53
463.6320000000	n/a	n/a	STATUS	n/a	n/a	D255
463.9120000000	n/a	n/a	STATUS	n/a	n/a	DI43
463.9640000000	n/a	n/a	STATUS	n/a	n/a	D255
464.2200000000	n/a	n/a	STATUS	n/a	n/a	DIN5
464.2720000000	n/a	n/a	STATUS	n/a	n/a	D255
464.6120000000	n/a	n/a	STATUS	n/a	n/a	D136
464.6600000000	n/a	n/a	STATUS	n/a	n/a	D255
464.7000000000	n/a	n/a	STATUS	n/a	n/a	DI54
464.7480000000	n/a	n/a	STATUS	n/a	n/a	D255
465.0520000000	n/a	n/a	STATUS	n/a	n/a	DI34
465.1040000000	n/a	n/a	STATUS	n/a	n/a	D255
465.3640000000	n/a	n/a	STATUS	n/a	n/a	DIN5
465.4120000000	n/a	n/a	STATUS	n/a	n/a	D255
465.7920000000	n/a	n/a	STATUS	n/a	n/a	D242
465.8440000000	n/a	n/a	STATUS	n/a	n/a	D255
465.8800000000	n/a	n/a	STATUS	n/a	n/a	DI52
465.9320000000	n/a	n/a	STATUS	n/a	n/a	D255
466.4120000000	n/a	n/a	STATUS	n/a	n/a	DI42
466.4640000000	n/a	n/a	STATUS	n/a	n/a	D255
466.7240000000	n/a	n/a	STATUS	n/a	n/a	DIN5
466.7720000000	n/a	n/a	STATUS	n/a	n/a	D255
467.1720000000	n/a	n/a	STATUS	n/a	n/a	D228
467.2240000000	n/a	n/a	STATUS	n/a	n/a	D255
467.2600000000	n/a	n/a	STATUS	n/a	n/a	DI52
467.3120000000	n/a	n/a	STATUS	n/a	n/a	D255
467.6640000000	n/a	n/a	STATUS	n/a	n/a	DI42
467.7160000000	n/a	n/a	STATUS	n/a	n/a	D255
467.9720000000	n/a	n/a	STATUS	n/a	n/a	DIN5
468.0240000000	n/a	n/a	STATUS	n/a	n/a	D255
468.3440000000	n/a	n/a	STATUS	n/a	n/a	DI72
468.3920000000	n/a	n/a	STATUS	n/a	n/a	D255
468.4280000000	n/a	n/a	STATUS	n/a	n/a	DI53
468.4800000000	n/a	n/a	STATUS	n/a	n/a	D255
468.7720000000	n/a	n/a	STATUS	n/a	n/a	DI43
468.8240000000	n/a	n/a	STATUS	n/a	n/a	D255
469.0840000000	n/a	n/a	STATUS	n/a	n/a	DIN5
469.1320000000	n/a	n/a	STATUS	n/a	n/a	D255
469.5960000000	n/a	n/a	STATUS	n/a	n/a	D252
469.6480000000	n/a	n/a	STATUS	n/a	n/a	D255
469.6840000000	n/a	n/a	STATUS	n/a	n/a	DI53
469.7360000000	n/a	n/a	STATUS	n/a	n/a	D255
470.0760000000	n/a	n/a	STATUS	n/a	n/a	DI43
470.1280000000	n/a	n/a	STATUS	n/a	n/a	D255
470.3840000000	n/a	n/a	STATUS	n/a	n/a	DIN5
470.4360000000	n/a	n/a	STATUS	n/a	n/a	D255
470.9360000000	n/a	n/a	STATUS	n/a	n/a	DI68
470.9840000000	n/a	n/a	STATUS	n/a	n/a	D255
471.0240000000	n/a	n/a	STATUS	n/a	n/a	DI52
471.0720000000	n/a	n/a	STATUS	n/a	n/a	D255
471.4240000000	n/a	n/a	STATUS	n/a	n/a	DI42
471.4760000000	n/a	n/a	STATUS	n/a	n/a	D255
471.7360000000	n/a	n/a	STATUS	n/a	n/a	DIN5
471.7840000000	n/a	n/a	STATUS	n/a	n/a	D255
472.1160000000	n/a	n/a	STATUS	n/a	n/a	D133
472.1640000000	n/a	n/a	STATUS	n/a	n/a	D255
472.2040000000	n/a	n/a	STATUS	n/a	n/a	DI54
472.2520000000	n/a	n/a	STATUS	n/a	n/a	D255
472.5720000000	n/a	n/a	STATUS	n/a	n/a	DI34
472.6240000000	n/a	n/a	STATUS	n/a	n/a	D255
472.8840000000	n/a	n/a	STATUS	n/a	n/a	DIN5
472.9320000000	n/a	n/a	STATUS	n/a	n/a	D255
473.4000000000	n/a	n/a	STATUS	n/a	n/a	D216
473.4480000000	n/a	n/a	STATUS	n/a	n/a	D255
473.4840000000	n/a	n/a	STATUS	n/a	n/a	DI53
473.5360000000	n/a	n/a	STATUS	n/a	n/a	D255
473.8120000000	n/a	n/a	STATUS	n/a	n/a	DI43
473.8640000000	n/a	n/a	STATUS	n/a	n/a	D255
474.1240000000	n/a	n/a	STATUS	n/a	n/a	DIN5
474.1720000000	n/a	n/a	STATUS	n/a	n/a	D255
474.5560000000	n/a	n/a	STATUS	n/a	n/a	D103
474.6080000000	n/a	n/a	STATUS	n/a	n/a	D255
474.6440000000	n/a	n/a	STATUS	n/a	n/a	DI51
474.6960000000	n/a	n/a	STATUS	n/a	n/a	D255
475.1240000000	n/a	n/a	STATUS	n/a	n/a	DI31
475.1760000000	n/a	n/a	STATUS	n/a	n/a	D255
475.4360000000	n/a	n/a	STATUS	n/a	n/a	DIN5
475.4840000000	n/a	n/a	STATUS	n/a	n/a	D255
475.9200000000	n/a	n/a	STATUS	n/a	n/a	D192
475.9720000000	n/a	n/a	STATUS	n/a	n/a	D255
476.0080000000	n/a	n/a	STATUS	n/a	n/a	DI54
476.0600000000	n/a	n/a	STATUS	n/a	n/a	D255
476.3400000000	n/a	n/a	STATUS	n/a	n/a	DI34
476.3880000000	n/a	n/a	STATUS	n/a	n/a	D255
476.6480000000	n/a	n/a	STATUS	n/a	n/a	DIN5
476.7000000000	n/a	n/a	STATUS	n/a	n/a	D255
477.0520000000	n/a	n/a	STATUS	n/a	n/a	D158
477.1040000000	n/a	n/a	STATUS	n/a	n/a	D255
477.1400000000	n/a	n/a	STATUS	n/a	n/a	DI52
477.1920000000	n/a	n/a	STATUS	n/a	n/a	D255
477.6080000000	n/a	n/a	STATUS	n/a	n/a	DI42
477.6600000000	n/a	n/a	STATUS	n/a	n/a	D255
477.9160000000	n/a	n/a	STATUS	n/a	n/a	DIN5
477.9680000000	n/a	n/a	STATUS	n/a	n/a	D255
478.4600000000	n/a	n/a	STATUS	n/a	n/a	D237
478.5120000000	n/a	n/a	STATUS	n/a	n/a	D255
478.5520000000	n/a	n/a	STATUS	n/a	n/a	DI53
478.6000000000	n/a	n/a	STATUS	n/a	n/a	D255
478.8880000000	n/a	n/a	STATUS	n/a	n/a	DI43
478.9360000000	n/a	n/a	STATUS	n/a	n/a	D255
479.1960000000	n/a	n/a	STATUS	n/a	n/a	DIN5
479.2480000000	n/a	n/a	STATUS	n/a	n/a	D255
479.6360000000	n/a	n/a	STATUS	n/a	n/a	DI89
479.6840000000	n/a	n/a	STATUS	n/a	n/a	D255
479.7240000000	n/a	n/a	STATUS	n/a	n/a	DI54
479.7760000000	n/a	n/a	STATUS	n/a	n/a	D255
480.1440000000	n/a	n/a	STATUS	n/a	n/a	DI34
480.1960000000	n/a	n/a	STATUS	n/a	n/a	D255
480.4560000000	n/a	n/a	STATUS	n/a	n/a	DIN5
480.5040000000	n/a	n/a	STATUS	n/a	n/a	D255
480.9040000000	n/a	n/a	STATUS	n/a	n/a	D219
480.9560000000	n/a	n/a	STATUS	n/a	n/a	D255
480.9920000000	n/a	n/a	STATUS	n/a	n/a	DI54
481.0440000000	n/a	n/a	STATUS	n/a	n/a	D255
481.3240000000	n/a	n/a	STATUS	n/a	n/a	DI34
481.3720000000	n/a	n/a	STATUS	n/a	n/a	D255
481.6320000000	n/a	n/a	STATUS	n/a	n/a	DIN5
481.6840000000	n/a	n/a	STATUS	n/a	n/a	D255
482.0720000000	n/a	n/a	STATUS	n/a	n/a	D178
482.1200000000	n/a	n/a	STATUS	n/a	n/a	D255
482.1600000000	n/a	n/a	STATUS	n/a	n/a	DI54
482.2080000000	n/a	n/a	STATUS	n/a	n/a	D255
482.5120000000	n/a	n/a	STATUS	n/a	n/a	DI34
482.5640000000	n/a	n/a	STATUS	n/a	n/a	D255
482.8240000000	n/a	n/a	STATUS	n/a	n/a	DIN5
482.8720000000	n/a	n/a	STATUS	n/a	n/a	D255
483.3120000000	n/a	n/a	STATUS	n/a	n/a	D239
483.3640000000	n/a	n/a	STATUS	n/a	n/a	D255
483.4000000000	n/a	n/a	STATUS	n/a	n/a	DI51
483.4520000000	n/a	n/a	STATUS	n/a	n/a	D255
483.9200000000	n/a	n/a	STATUS	n/a	n/a	DI31
483.9720000000	n/a	n/a	STATUS	n/a	n/a	D255
484.2320000000	n/a	n/a	STATUS	n/a	n/a	DIN5
484.2800000000	n/a	n/a	STATUS	n/a	n/a	D255
484.6480000000	n/a	n/a	STATUS	n/a	n/a	D140
484.6960000000	n/a	n/a	STATUS	n/a	n/a	D255
484.6960000000	n/a	n/a	STATUS	n/a	n/a	D237
484.7320000000	n/a	n/a	STATUS	n/a	n/a	DI53
484.7840000000	n/a	n/a	STATUS	n/a	n/a	D255
485.0520000000	n/a	n/a	STATUS	n/a	n/a	DI43
485.1040000000	n/a	n/a	STATUS	n/a	n/a	D255
485.3600000000	n/a	n/a	STATUS	n/a	n/a	DIN5
485.4120000000	n/a	n/a	STATUS	n/a	n/a	D255
485.8720000000	n/a	n/a	STATUS	n/a	n/a	D174
485.9200000000	n/a	n/a	STATUS	n/a	n/a	D255
485.9600000000	n/a	n/a	STATUS	n/a	n/a	DI53
486.0080000000	n/a	n/a	STATUS	n/a	n/a	D255
486.2800000000	n/a	n/a	STATUS	n/a	n/a	DI43
486.3280000000	n/a	n/a	STATUS	n/a	n/a	D255
486.5880000000	n/a	n/a	STATUS	n/a	n/a	DIN5
486.6400000000	n/a	n/a	STATUS	n/a	n/a	D255
487.0000000000	n/a	n/a	STATUS	n/a	n/a	D222
487.0480000000	n/a	n/a	STATUS	n/a	n/a	D255
487.0880000000	n/a	n/a	STATUS	n/a	n/a	DI53
487.1360000000	n/a	n/a	STATUS	n/a	n/a	D255
487.4080000000	n/a	n/a	STATUS	n/a	n/a	DI43
487.4560000000	n/a	n/a	STATUS	n/a	n/a	D255
487.7160000000	n/a	n/a	STATUS	n/a	n/a	DIN5
487.7680000000	n/a	n/a	STATUS	n/a	n/a	D255
488.2520000000	n/a	n/a	STATUS	n/a	n/a	D179
488.3000000000	n/a	n/a	STATUS	n/a	n/a	D255
488.3400000000	n/a	n/a	STATUS	n/a	n/a	DI52
488.3880000000	n/a	n/a	STATUS	n/a	n/a	D255
488.8040000000	n/a	n/a	STATUS	n/a	n/a	DI42
488.8520000000	n/a	n/a	STATUS	n/a	n/a	D255
489.1120000000	n/a	n/a	STATUS	n/a	n/a	DIN5
489.1640000000	n/a	n/a	STATUS	n/a	n/a	D255
489.5160000000	n/a	n/a	STATUS	n/a	n/a	D230
489.5680000000	n/a	n/a	STATUS	n/a	n/a	D255
489.6040000000	n/a	n/a	STATUS	n/a	n/a	DI54
489.6560000000	n/a	n/a	STATUS	n/a	n/a	D255
489.9400000000	n/a	n/a	STATUS	n/a	n/a	DI34
489.9880000000	n/a	n/a	STATUS	n/a	n/a	D255
490.2480000000	n/a	n/a	STATUS	n/a	n/a	DIN5
490.3000000000	n/a	n/a	STATUS	n/a	n/a	D255
490.6840000000	n/a	n/a	STATUS	n/a	n/a	D160
490.7360000000	n/a	n/a	STATUS	n/a	n/a	D255
490.7720000000	n/a	n/a	STATUS	n/a	n/a	DI54
490.8240000000	n/a	n/a	STATUS	n/a	n/a	D255
491.1200000000	n/a	n/a	STATUS	n/a	n/a	DI34
491.1680000000	n/a	n/a	STATUS	n/a	n/a	D255
491.4280000000	n/a	n/a	STATUS	n/a	n/a	DIN5
491.4800000000	n/a	n/a	STATUS	n/a	n/a	D255
491.9120000000	n/a	n/a	STATUS	n/a	n/a	D215
491.9640000000	n/a	n/a	STATUS	n/a	n/a	D255
492.0000000000	n/a	n/a	STATUS	n/a	n/a	DI53
492.0520000000	n/a	n/a	STATUS	n/a	n/a	D255
492.3760000000	n/a	n/a	STATUS	n/a	n/a	DI43
492.4280000000	n/a	n/a	STATUS	n/a	n/a	D255
492.6880000000	n/a	n/a	STATUS	n/a	n/a	DIN5
492.7360000000	n/a	n/a	STATUS	n/a	n/a	D255
493.1800000000	n/a	n/a	STATUS	n/a	n/a	DI99
493.2320000000	n/a	n/a	STATUS	n/a	n/a	D255
493.2680000000	n/a	n/a	STATUS	n/a	n/a	DI51
493.3200000000	n/a	n/a	STATUS	n/a	n/a	D255
493.7160000000	n/a	n/a	STATUS	n/a	n/a	DI31
493.7680000000	n/a	n/a	STATUS	n/a	n/a	D255
494.0240000000	n/a	n/a	STATUS	n/a	n/a	DIN5
494.0760000000	n/a	n/a	STATUS	n/a	n/a	D255
494.4040000000	n/a	n/a	STATUS	n/a	n/a	DI80
494.4560000000	n/a	n/a	STATUS	n/a	n/a	D255
494.4920000000	n/a	n/a	STATUS	n/a	n/a	DI54
494.5440000000	n/a	n/a	STATUS	n/a	n/a	D255
494.9520000000	n/a	n/a	STATUS	n/a	n/a	DI34
495.0040000000	n/a	n/a	STATUS	n/a	n/a	D255
495.2640000000	n/a	n/a	STATUS	n/a	n/a	DIN5
495.3120000000	n/a	n/a	STATUS	n/a	n/a	D255
495.7680000000	n/a	n/a	STATUS	n/a	n/a	D108
495.8160000000	n/a	n/a	STATUS	n/a	n/a	D255
495.8560000000	n/a	n/a	STATUS	n/a	n/a	DI51
495.9040000000	n/a	n/a	STATUS	n/a	n/a	D255
496.3480000000	n/a	n/a	STATUS	n/a	n/a	DI31
496.4000000000	n/a	n/a	STATUS	n/a	n/a	D255
496.6600000000	n/a	n/a	STATUS	n/a	n/a	DIN5
496.7080000000	n/a	n/a	STATUS	n/a	n/a	D255
497.1600000000	n/a	n/a	STATUS	n/a	n/a	D124
497.2080000000	n/a	n/a	STATUS	n/a	n/a	D255
497.2480000000	n/a	n/a	STATUS	n/a	n/a	DI52
497.2960000000	n/a	n/a	STATUS	n/a	n/a	D255
497.6760000000	n/a	n/a	STATUS	n/a	n/a	DI42
497.7280000000	n/a	n/a	STATUS	n/a	n/a	D255
497.9880000000	n/a	n/a	STATUS	n/a	n/a	DIN5
498.0360000000	n/a	n/a	STATUS	n/a	n/a	D255
498.4920000000	n/a	n/a	STATUS	n/a	n/a	D203
498.5440000000	n/a	n/a	STATUS	n/a	n/a	D255
498.5800000000	n/a	n/a	STATUS	n/a	n/a	DI53
498.6320000000	n/a	n/a	STATUS	n/a	n/a	D255
498.9560000000	n/a	n/a	STATUS	n/a	n/a	DI43
499.0080000000	n/a	n/a	STATUS	n/a	n/a	D255
499.2680000000	n/a	n/a	STATUS	n/a	n/a	DIN5
499.3160000000	n/a	n/a	STATUS	n/a	n/a	D255
499.3160000000	n/a	n/a	STATUS	n/a	n/a	D197
499.6880000000	n/a	n/a	STATUS	n/a	n/a	D146
499.7360000000	n/a	n/a	STATUS	n/a	n/a	D255
499.7720000000	n/a	n/a	STATUS	n/a	n/a	DI54
499.8240000000	n/a	n/a	STATUS	n/a	n/a	D255
500.0960000000	n/a	n/a	STATUS	n/a	n/a	DI34
500.1480000000	n/a	n/a	STATUS	n/a	n/a	D255
511.9360000000	n/a	n/a	STATUS	n/a	n/a	DIN5
511.9880000000	n/a	n/a	STATUS	n/a	n/a	D255
512.4320000000	n/a	n/a	STATUS	n/a	n/a	D171
512.4800000000	n/a	n/a	STATUS	n/a	n/a	D255
512.5200000000	n/a	n/a	STATUS	n/a	n/a	DI51
512.5680000000	n/a	n/a	STATUS	n/a	n/a	D255
513.0760000000	n/a	n/a	STATUS	n/a	n/a	DI31
513.1280000000	n/a	n/a	STATUS	n/a	n/a	D255
513.3840000000	n/a	n/a	STATUS	n/a	n/a	DIN5
513.4360000000	n/a	n/a	STATUS	n/a	n/a	D255
513.7520000000	n/a	n/a	STATUS	n/a	n/a	D169
513.8000000000	n/a	n/a	STATUS	n/a	n/a	D255
513.8400000000	n/a	n/a	STATUS	n/a	n/a	DI54
513.8880000000	n/a	n/a	STATUS	n/a	n/a	D255
514.2320000000	n/a	n/a	STATUS	n/a	n/a	DI34
514.2800000000	n/a	n/a	STATUS	n/a	n/a	D255
514.5400000000	n/a	n/a	STATUS	n/a	n/a	DIN5
514.5880000000	n/a	n/a	STATUS	n/a	n/a	D255
515.0880000000	n/a	n/a	STATUS	n/a	n/a	D124
515.1400000000	n/a	n/a	STATUS	n/a	n/a	D255
515.1760000000	n/a	n/a	STATUS	n/a	n/a	DI51
515.2280000000	n/a	n/a	STATUS	n/a	n/a	D255
515.6080000000	n/a	n/a	STATUS	n/a	n/a	DI31
515.6600000000	n/a	n/a	STATUS	n/a	n/a	D255
515.9200000000	n/a	n/a	STATUS	n/a	n/a	DIN5
515.9680000000	n/a	n/a	STATUS	n/a	n/a	D255
516.4120000000	n/a	n/a	STATUS	n/a	n/a	D101
516.4640000000	n/a	n/a	STATUS	n/a	n/a	D255
516.5000000000	n/a	n/a	STATUS	n/a	n/a	DI52
516.5520000000	n/a	n/a	STATUS	n/a	n/a	D255
516.9400000000	n/a	n/a	STATUS	n/a	n/a	DI42
516.9880000000	n/a	n/a	STATUS	n/a	n/a	D255
517.2480000000	n/a	n/a	STATUS	n/a	n/a	DIN5
517.3000000000	n/a	n/a	STATUS	n/a	n/a	D255
517.7360000000	n/a	n/a	STATUS	n/a	n/a	D195
517.7880000000	n/a	n/a	STATUS	n/a	n/a	D255
517.8240000000	n/a	n/a	STATUS	n/a	n/a	DI54
517.8760000000	n/a	n/a	STATUS	n/a	n/a	D255
518.2520000000	n/a	n/a	STATUS	n/a	n/a	DI34
518.3040000000	n/a	n/a	STATUS	n/a	n/a	D255
518.5600000000	n/a	n/a	STATUS	n/a	n/a	DIN5
518.6120000000	n/a	n/a	STATUS	n/a	n/a	D255
519.0480000000	n/a	n/a	STATUS	n/a	n/a	DI72
519.0960000000	n/a	n/a	STATUS	n/a	n/a	D255
519.1360000000	n/a	n/a	STATUS	n/a	n/a	DI51
519.1840000000	n/a	n/a	STATUS	n/a	n/a	D255
519.6240000000	n/a	n/a	STATUS	n/a	n/a	DI31
519.6760000000	n/a	n/a	STATUS	n/a	n/a	D255
519.9320000000	n/a	n/a	STATUS	n/a	n/a	DIN5
519.9840000000	n/a	n/a	STATUS	n/a	n/a	D255
520.3080000000	n/a	n/a	STATUS	n/a	n/a	D250
520.3560000000	n/a	n/a	STATUS	n/a	n/a	D255
520.3960000000	n/a	n/a	STATUS	n/a	n/a	DI53
520.4440000000	n/a	n/a	STATUS	n/a	n/a	D255
520.7680000000	n/a	n/a	STATUS	n/a	n/a	DI43
520.8200000000	n/a	n/a	STATUS	n/a	n/a	D255
521.0800000000	n/a	n/a	STATUS	n/a	n/a	DIN5
521.1320000000	n/a	n/a	STATUS	n/a	n/a	D255
521.5920000000	n/a	n/a	STATUS	n/a	n/a	D233
521.6400000000	n/a	n/a	STATUS	n/a	n/a	D255
521.6760000000	n/a	n/a	STATUS	n/a	n/a	DI52
521.7280000000	n/a	n/a	STATUS	n/a	n/a	D255
522.2080000000	n/a	n/a	STATUS	n/a	n/a	DI42
522.2560000000	n/a	n/a	STATUS	n/a	n/a	D255
522.5160000000	n/a	n/a	STATUS	n/a	n/a	DIN5
522.5640000000	n/a	n/a	STATUS	n/a	n/a	D255
522.9000000000	n/a	n/a	STATUS	n/a	n/a	D248
522.9520000000	n/a	n/a	STATUS	n/a	n/a	D255
522.9880000000	n/a	n/a	STATUS	n/a	n/a	DI52
523.0400000000	n/a	n/a	STATUS	n/a	n/a	D255
523.5040000000	n/a	n/a	STATUS	n/a	n/a	DI42
523.5560000000	n/a	n/a	STATUS	n/a	n/a	D255
523.8160000000	n/a	n/a	STATUS	n/a	n/a	DIN5
523.8640000000	n/a	n/a	STATUS	n/a	n/a	D255
524.3440000000	n/a	n/a	STATUS	n/a	n/a	D158
524.3960000000	n/a	n/a	STATUS	n/a	n/a	D255
524.4320000000	n/a	n/a	STATUS	n/a	n/a	DI53
524.4840000000	n/a	n/a	STATUS	n/a	n/a	D255
524.7880000000	n/a	n/a	STATUS	n/a	n/a	DI43
524.8400000000	n/a	n/a	STATUS	n/a	n/a	D255
524.8400000000	n/a	n/a	STATUS	n/a	n/a	D235
525.1000000000	n/a	n/a	STATUS	n/a	n/a	DIN5
525.1480000000	n/a	n/a	STATUS	n/a	n/a	D255
525.4800000000	n/a	n/a	STATUS	n/a	n/a	D152
525.5280000000	n/a	n/a	STATUS	n/a	n/a	D255
525.5680000000	n/a	n/a	STATUS	n/a	n/a	DI52
525.6160000000	n/a	n/a	STATUS	n/a	n/a	D255
526.0560000000	n/a	n/a	STATUS	n/a	n/a	DI42
526.1040000000	n/a	n/a	STATUS	n/a	n/a	D255
526.3640000000	n/a	n/a	STATUS	n/a	n/a	DIN5
526.4120000000	n/a	n/a	STATUS	n/a	n/a	D255
526.7400000000	n/a	n/a	STATUS	n/a	n/a	D213
526.7880000000	n/a	n/a	STATUS	n/a	n/a	D255
526.8280000000	n/a	n/a	STATUS	n/a	n/a	DI52
526.8760000000	n/a	n/a	STATUS	n/a	n/a	D255
527.3360000000	n/a	n/a	STATUS	n/a	n/a	DI42
527.3880000000	n/a	n/a	STATUS	n/a	n/a	D255
527.6480000000	n/a	n/a	STATUS	n/a	n/a	DIN5
527.6960000000	n/a	n/a	STATUS	n/a	n/a	D255
528.0520000000	n/a	n/a	STATUS	n/a	n/a	D166
528.1040000000	n/a	n/a	STATUS	n/a	n/a	D255
528.1400000000	n/a	n/a	STATUS	n/a	n/a	DI52
528.1880000000	n/a	n/a	STATUS	n/a	n/a	D255
528.6520000000	n/a	n/a	STATUS	n/a	n/a	DI42
528.7040000000	n/a	n/a	STATUS	n/a	n/a	D255
528.9640000000	n/a	n/a	STATUS	n/a	n/a	DIN5
529.0120000000	n/a	n/a	STATUS	n/a	n/a	D255
529.4680000000	n/a	n/a	STATUS	n/a	n/a	D184
529.5160000000	n/a	n/a	STATUS	n/a	n/a	D255
529.5560000000	n/a	n/a	STATUS	n/a	n/a	DI53
529.6040000000	n/a	n/a	STATUS	n/a	n/a	D255
529.9760000000	n/a	n/a	STATUS	n/a	n/a	DI43
530.0280000000	n/a	n/a	STATUS	n/a	n/a	D255
530.2880000000	n/a	n/a	STATUS	n/a	n/a	DIN5
530.3360000000	n/a	n/a	STATUS	n/a	n/a	D255
530.6560000000	n/a	n/a	STATUS	n/a	n/a	D137
530.7080000000	n/a	n/a	STATUS	n/a	n/a	D255
530.7440000000	n/a	n/a	STATUS	n/a	n/a	DI53
530.7960000000	n/a	n/a	STATUS	n/a	n/a	D255
531.1120000000	n/a	n/a	STATUS	n/a	n/a	DI43
531.1640000000	n/a	n/a	STATUS	n/a	n/a	D255
531.4240000000	n/a	n/a	STATUS	n/a	n/a	DIN5
531.4720000000	n/a	n/a	STATUS	n/a	n/a	D255
531.8880000000	n/a	n/a	STATUS	n/a	n/a	D239
531.9360000000	n/a	n/a	STATUS	n/a	n/a	D255
531.9760000000	n/a	n/a	STATUS	n/a	n/a	DI54
532.0240000000	n/a	n/a	STATUS	n/a	n/a	D255
532.3520000000	n/a	n/a	STATUS	n/a	n/a	DI34
532.4040000000	n/a	n/a	STATUS	n/a	n/a	D255
532.6600000000	n/a	n/a	STATUS	n/a	n/a	DIN5
532.7120000000	n/a	n/a	STATUS	n/a	n/a	D255
533.2160000000	n/a	n/a	STATUS	n/a	n/a	D214
533.2680000000	n/a	n/a	STATUS	n/a	n/a	D255
533.3040000000	n/a	n/a	STATUS	n/a	n/a	DI51
533.3560000000	n/a	n/a	STATUS	n/a	n/a	D255
533.7840000000	n/a	n/a	STATUS	n/a	n/a	DI31
533.8360000000	n/a	n/a	STATUS	n/a	n/a	D255
534.0960000000	n/a	n/a	STATUS	n/a	n/a	DIN5
534.1440000000	n/a	n/a	STATUS	n/a	n/a	D255
534.6040000000	n/a	n/a	STATUS	n/a	n/a	D102
534.6520000000	n/a	n/a	STATUS	n/a	n/a	D255
534.6920000000	n/a	n/a	STATUS	n/a	n/a	DI51
534.7400000000	n/a	n/a	STATUS	n/a	n/a	D255
535.2000000000	n/a	n/a	STATUS	n/a	n/a	DI31
535.2520000000	n/a	n/a	STATUS	n/a	n/a	D255
535.5120000000	n/a	n/a	STATUS	n/a	n/a	DIN5
535.5600000000	n/a	n/a	STATUS	n/a	n/a	D255
535.9400000000	n/a	n/a	STATUS	n/a	n/a	D133
535.9920000000	n/a	n/a	STATUS	n/a	n/a	D255
536.0280000000	n/a	n/a	STATUS	n/a	n/a	DI51
536.0760000000	n/a	n/a	STATUS	n/a	n/a	D255
536.4760000000	n/a	n/a	STATUS	n/a	n/a	DI31
536.5280000000	n/a	n/a	STATUS	n/a	n/a	D255
536.7880000000	n/a	n/a	STATUS	n/a	n/a	DIN5
536.8360000000	n/a	n/a	STATUS	n/a	n/a	D255
537.3120000000	n/a	n/a	STATUS	n/a	n/a	DI84
537.3600000000	n/a	n/a	STATUS	n/a	n/a	D255
537.3960000000	n/a	n/a	STATUS	n/a	n/a	DI54
537.4480000000	n/a	n/a	STATUS	n/a	n/a	D255
537.7360000000	n/a	n/a	STATUS	n/a	n/a	DI34
537.7880000000	n/a	n/a	STATUS	n/a	n/a	D255
538.0480000000	n/a	n/a	STATUS	n/a	n/a	DIN5
538.1000000000	n/a	n/a	STATUS	n/a	n/a	D255
538.4920000000	n/a	n/a	STATUS	n/a	n/a	DI74
538.5440000000	n/a	n/a	STATUS	n/a	n/a	D255
538.5800000000	n/a	n/a	STATUS	n/a	n/a	DI52
538.6320000000	n/a	n/a	STATUS	n/a	n/a	D255
539.0480000000	n/a	n/a	STATUS	n/a	n/a	DI42
539.1000000000	n/a	n/a	STATUS	n/a	n/a	D255
539.3600000000	n/a	n/a	STATUS	n/a	n/a	DIN5
539.4080000000	n/a	n/a	STATUS	n/a	n/a	D255
539.8320000000	n/a	n/a	STATUS	n/a	n/a	D107
539.8840000000	n/a	n/a	STATUS	n/a	n/a	D255
539.9200000000	n/a	n/a	STATUS	n/a	n/a	DI53
539.9720000000	n/a	n/a	STATUS	n/a	n/a	D255
540.2920000000	n/a	n/a	STATUS	n/a	n/a	DI43
540.3440000000	n/a	n/a	STATUS	n/a	n/a	D255
540.6040000000	n/a	n/a	STATUS	n/a	n/a	DIN5
540.6520000000	n/a	n/a	STATUS	n/a	n/a	D255
541.0960000000	n/a	n/a	STATUS	n/a	n/a	D177
541.1480000000	n/a	n/a	STATUS	n/a	n/a	D255
541.1840000000	n/a	n/a	STATUS	n/a	n/a	DI52
541.2360000000	n/a	n/a	STATUS	n/a	n/a	D255
541.7000000000	n/a	n/a	STATUS	n/a	n/a	DI42
541.7480000000	n/a	n/a	STATUS	n/a	n/a	D255
542.0080000000	n/a	n/a	STATUS	n/a	n/a	DIN5
542.0560000000	n/a	n/a	STATUS	n/a	n/a	D255
542.5320000000	n/a	n/a	STATUS	n/a	n/a	D180
542.5840000000	n/a	n/a	STATUS	n/a	n/a	D255
542.6200000000	n/a	n/a	STATUS	n/a	n/a	DI53
542.6720000000	n/a	n/a	STATUS	n/a	n/a	D255
543.0040000000	n/a	n/a	STATUS	n/a	n/a	DI43
543.0520000000	n/a	n/a	STATUS	n/a	n/a	D255
543.3120000000	n/a	n/a	STATUS	n/a	n/a	DIN5
543.3640000000	n/a	n/a	STATUS	n/a	n/a	D255
543.8080000000	n/a	n/a	STATUS	n/a	n/a	D118
543.8600000000	n/a	n/a	STATUS	n/a	n/a	D255
543.8960000000	n/a	n/a	STATUS	n/a	n/a	DI54
543.9440000000	n/a	n/a	STATUS	n/a	n/a	D255
544.2720000000	n/a	n/a	STATUS	n/a	n/a	DI34
544.3240000000	n/a	n/a	STATUS	n/a	n/a	D255
544.5840000000	n/a	n/a	STATUS	n/a	n/a	DIN5
544.6320000000	n/a	n/a	STATUS	n/a	n/a	D255
545.0480000000	n/a	n/a	STATUS	n/a	n/a	DI94
545.0960000000	n/a	n/a	STATUS	n/a	n/a	D255
545.1360000000	n/a	n/a	STATUS	n/a	n/a	DI53
545.1840000000	n/a	n/a	STATUS	n/a	n/a	D255
545.5200000000	n/a	n/a	STATUS	n/a	n/a	DI43
545.5720000000	n/a	n/a	STATUS	n/a	n/a	D255
545.8320000000	n/a	n/a	STATUS	n/a	n/a	DIN5
545.8800000000	n/a	n/a	STATUS	n/a	n/a	D255
546.3240000000	n/a	n/a	STATUS	n/a	n/a	D173
546.3760000000	n/a	n/a	STATUS	n/a	n/a	D255
546.4120000000	n/a	n/a	STATUS	n/a	n/a	DI51
546.4640000000	n/a	n/a	STATUS	n/a	n/a	D255
546.9640000000	n/a	n/a	STATUS	n/a	n/a	DI31
547.0120000000	n/a	n/a	STATUS	n/a	n/a	D255
547.2720000000	n/a	n/a	STATUS	n/a	n/a	DIN5
547.3240000000	n/a	n/a	STATUS	n/a	n/a	D255
547.6920000000	n/a	n/a	STATUS	n/a	n/a	DI76
547.7400000000	n/a	n/a	STATUS	n/a	n/a	D255
547.7800000000	n/a	n/a	STATUS	n/a	n/a	DI51
547.8320000000	n/a	n/a	STATUS	n/a	n/a	D255
548.2640000000	n/a	n/a	STATUS	n/a	n/a	DI31
548.3120000000	n/a	n/a	STATUS	n/a	n/a	D255
548.5720000000	n/a	n/a	STATUS	n/a	n/a	DIN5
548.6200000000	n/a	n/a	STATUS	n/a	n/a	D255
549.0800000000	n/a	n/a	STATUS	n/a	n/a	DI65
549.1320000000	n/a	n/a	STATUS	n/a	n/a	D255
549.1680000000	n/a	n/a	STATUS	n/a	n/a	DI53
549.2200000000	n/a	n/a	STATUS	n/a	n/a	D255
549.5720000000	n/a	n/a	STATUS	n/a	n/a	DI43
549.6240000000	n/a	n/a	STATUS	n/a	n/a	D255
549.8800000000	n/a	n/a	STATUS	n/a	n/a	DIN5
549.9320000000	n/a	n/a	STATUS	n/a	n/a	D255
550.3480000000	n/a	n/a	STATUS	n/a	n/a	DI86
550.3960000000	n/a	n/a	STATUS	n/a	n/a	D255
550.4360000000	n/a	n/a	STATUS	n/a	n/a	DI51
550.4840000000	n/a	n/a	STATUS	n/a	n/a	D255
550.8840000000	n/a	n/a	STATUS	n/a	n/a	DI31
550.9320000000	n/a	n/a	STATUS	n/a	n/a	D255
551.1920000000	n/a	n/a	STATUS	n/a	n/a	DIN5
551.2440000000	n/a	n/a	STATUS	n/a	n/a	D255
551.6120000000	n/a	n/a	STATUS	n/a	n/a	D142
551.6640000000	n/a	n/a	STATUS	n/a	n/a	D255
551.7000000000	n/a	n/a	STATUS	n/a	n/a	DI52
551.7480000000	n/a	n/a	STATUS	n/a	n/a	D255
552.2120000000	n/a	n/a	STATUS	n/a	n/a	DI42
552.2600000000	n/a	n/a	STATUS	n/a	n/a	D255
552.5200000000	n/a	n/a	STATUS	n/a	n/a	DIN5
552.5680000000	n/a	n/a	STATUS	n/a	n/a	D255
552.9800000000	n/a	n/a	STATUS	n/a	n/a	DI87
553.0280000000	n/a	n/a	STATUS	n/a	n/a	D255
553.0680000000	n/a	n/a	STATUS	n/a	n/a	DI51
553.1200000000	n/a	n/a	STATUS	n/a	n/a	D255
553.7120000000	n/a	n/a	STATUS	n/a	n/a	DI21
553.7600000000	n/a	n/a	STATUS	n/a	n/a	D255
553.7640000000	n/a	n/a	STATUS	n/a	n/a	DIN4
553.8160000000	n/a	n/a	STATUS	n/a	n/a	D255
554.5680000000	n/a	n/a	STATUS	n/a	n/a	DIN5
554.6200000000	n/a	n/a	STATUS	n/a	n/a	D255
554.9360000000	n/a	n/a	STATUS	n/a	n/a	D112
554.9840000000	n/a	n/a	STATUS	n/a	n/a	D255
555.0200000000	n/a	n/a	STATUS	n/a	n/a	DI53
555.0720000000	n/a	n/a	STATUS	n/a	n/a	D255
555.5440000000	n/a	n/a	STATUS	n/a	n/a	DI43
555.5920000000	n/a	n/a	STATUS	n/a	n/a	D255
555.8520000000	n/a	n/a	STATUS	n/a	n/a	DIN5
555.9000000000	n/a	n/a	STATUS	n/a	n/a	D197
555.9040000000	n/a	n/a	STATUS	n/a	n/a	D255
556.2960000000	n/a	n/a	STATUS	n/a	n/a	D120
556.3480000000	n/a	n/a	STATUS	n/a	n/a	D255
556.3840000000	n/a	n/a	STATUS	n/a	n/a	DI54
556.4360000000	n/a	n/a	STATUS	n/a	n/a	D255
556.7360000000	n/a	n/a	STATUS	n/a	n/a	DI34
556.7880000000	n/a	n/a	STATUS	n/a	n/a	D255
557.0480000000	n/a	n/a	STATUS	n/a	n/a	DIN5
557.0960000000	n/a	n/a	STATUS	n/a	n/a	D255
557.4840000000	n/a	n/a	STATUS	n/a	n/a	D115
557.5360000000	n/a	n/a	STATUS	n/a	n/a	D255
557.5760000000	n/a	n/a	STATUS	n/a	n/a	DI54
557.6240000000	n/a	n/a	STATUS	n/a	n/a	D255
558.0040000000	n/a	n/a	STATUS	n/a	n/a	DI34
558.0520000000	n/a	n/a	STATUS	n/a	n/a	D255
558.3120000000	n/a	n/a	STATUS	n/a	n/a	DIN5
558.3640000000	n/a	n/a	STATUS	n/a	n/a	D255
558.7360000000	n/a	n/a	STATUS	n/a	n/a	D218
558.7880000000	n/a	n/a	STATUS	n/a	n/a	D255
558.8240000000	n/a	n/a	STATUS	n/a	n/a	DI54
558.8760000000	n/a	n/a	STATUS	n/a	n/a	D255
559.1800000000	n/a	n/a	STATUS	n/a	n/a	DI34
559.2280000000	n/a	n/a	STATUS	n/a	n/a	D255
559.4880000000	n/a	n/a	STATUS	n/a	n/a	DIN5
559.5400000000	n/a	n/a	STATUS	n/a	n/a	D255
559.9160000000	n/a	n/a	STATUS	n/a	n/a	D194
559.9680000000	n/a	n/a	STATUS	n/a	n/a	D255
559.9680000000	n/a	n/a	STATUS	n/a	n/a	D227
560.0080000000	n/a	n/a	STATUS	n/a	n/a	DI54
560.0560000000	n/a	n/a	STATUS	n/a	n/a	D255
560.3480000000	n/a	n/a	STATUS	n/a	n/a	DI34
560.3960000000	n/a	n/a	STATUS	n/a	n/a	D255
560.6560000000	n/a	n/a	STATUS	n/a	n/a	DIN5
560.7080000000	n/a	n/a	STATUS	n/a	n/a	D255
561.1000000000	n/a	n/a	STATUS	n/a	n/a	D185
561.1520000000	n/a	n/a	STATUS	n/a	n/a	D255
561.1880000000	n/a	n/a	STATUS	n/a	n/a	DI52
561.2400000000	n/a	n/a	STATUS	n/a	n/a	D255
561.6040000000	n/a	n/a	STATUS	n/a	n/a	DI42
561.6560000000	n/a	n/a	STATUS	n/a	n/a	D255
561.9160000000	n/a	n/a	STATUS	n/a	n/a	DIN5
561.9640000000	n/a	n/a	STATUS	n/a	n/a	D255
562.3680000000	n/a	n/a	STATUS	n/a	n/a	D196
562.4200000000	n/a	n/a	STATUS	n/a	n/a	D255
562.4560000000	n/a	n/a	STATUS	n/a	n/a	DI53
562.5080000000	n/a	n/a	STATUS	n/a	n/a	D255
562.8160000000	n/a	n/a	STATUS	n/a	n/a	DI43
562.8680000000	n/a	n/a	STATUS	n/a	n/a	D255
563.1280000000	n/a	n/a	STATUS	n/a	n/a	DIN5
563.1760000000	n/a	n/a	STATUS	n/a	n/a	D255
563.4880000000	n/a	n/a	STATUS	n/a	n/a	D138
563.5400000000	n/a	n/a	STATUS	n/a	n/a	D255
563.5760000000	n/a	n/a	STATUS	n/a	n/a	DI51
563.6240000000	n/a	n/a	STATUS	n/a	n/a	D255
564.0720000000	n/a	n/a	STATUS	n/a	n/a	DI31
564.1240000000	n/a	n/a	STATUS	n/a	n/a	D255
564.3800000000	n/a	n/a	STATUS	n/a	n/a	DIN5
564.4320000000	n/a	n/a	STATUS	n/a	n/a	D255
564.8120000000	n/a	n/a	STATUS	n/a	n/a	DI73
564.8600000000	n/a	n/a	STATUS	n/a	n/a	D255
564.9000000000	n/a	n/a	STATUS	n/a	n/a	DI53
564.9480000000	n/a	n/a	STATUS	n/a	n/a	D255
565.3120000000	n/a	n/a	STATUS	n/a	n/a	DI43
565.3640000000	n/a	n/a	STATUS	n/a	n/a	D255
565.6200000000	n/a	n/a	STATUS	n/a	n/a	DIN5
565.6720000000	n/a	n/a	STATUS	n/a	n/a	D255
566.1680000000	n/a	n/a	STATUS	n/a	n/a	DI85
566.2160000000	n/a	n/a	STATUS	n/a	n/a	D255
566.2560000000	n/a	n/a	STATUS	n/a	n/a	DI54
566.3040000000	n/a	n/a	STATUS	n/a	n/a	D255
566.5680000000	n/a	n/a	STATUS	n/a	n/a	DI34
566.6160000000	n/a	n/a	STATUS	n/a	n/a	D255
566.8760000000	n/a	n/a	STATUS	n/a	n/a	DIN5
566.9280000000	n/a	n/a	STATUS	n/a	n/a	D255
567.3120000000	n/a	n/a	STATUS	n/a	n/a	D122
567.3600000000	n/a	n/a	STATUS	n/a	n/a	D255
567.4000000000	n/a	n/a	STATUS	n/a	n/a	DI54
567.4480000000	n/a	n/a	STATUS	n/a	n/a	D255
567.8000000000	n/a	n/a	STATUS	n/a	n/a	DI34
567.8520000000	n/a	n/a	STATUS	n/a	n/a	D255
568.1120000000	n/a	n/a	STATUS	n/a	n/a	DIN5
568.1600000000	n/a	n/a	STATUS	n/a	n/a	D255
568.5680000000	n/a	n/a	STATUS	n/a	n/a	D245
568.6160000000	n/a	n/a	STATUS	n/a	n/a	D255
568.6560000000	n/a	n/a	STATUS	n/a	n/a	DI52
568.7040000000	n/a	n/a	STATUS	n/a	n/a	D255
569.1520000000	n/a	n/a	STATUS	n/a	n/a	DI42
569.2040000000	n/a	n/a	STATUS	n/a	n/a	D255
569.4640000000	n/a	n/a	STATUS	n/a	n/a	DIN5
569.5120000000	n/a	n/a	STATUS	n/a	n/a	D255
569.8720000000	n/a	n/a	STATUS	n/a	n/a	D198
569.9240000000	n/a	n/a	STATUS	n/a	n/a	D255
569.9600000000	n/a	n/a	STATUS	n/a	n/a	DI54
570.0120000000	n/a	n/a	STATUS	n/a	n/a	D255
570.3320000000	n/a	n/a	STATUS	n/a	n/a	DI34
570.3800000000	n/a	n/a	STATUS	n/a	n/a	D255
570.6400000000	n/a	n/a	STATUS	n/a	n/a	DIN5
570.6920000000	n/a	n/a	STATUS	n/a	n/a	D255
571.0960000000	n/a	n/a	STATUS	n/a	n/a	D200
571.1440000000	n/a	n/a	STATUS	n/a	n/a	D255
571.1840000000	n/a	n/a	STATUS	n/a	n/a	DI51
571.2320000000	n/a	n/a	STATUS	n/a	n/a	D255
571.6680000000	n/a	n/a	STATUS	n/a	n/a	DI31
571.7200000000	n/a	n/a	STATUS	n/a	n/a	D255
571.9800000000	n/a	n/a	STATUS	n/a	n/a	DIN5
572.0280000000	n/a	n/a	STATUS	n/a	n/a	D255
572.4640000000	n/a	n/a	STATUS	n/a	n/a	D211
572.5120000000	n/a	n/a	STATUS	n/a	n/a	D255
572.5520000000	n/a	n/a	STATUS	n/a	n/a	DI53
572.6040000000	n/a	n/a	STATUS	n/a	n/a	D255
572.9120000000	n/a	n/a	STATUS	n/a	n/a	DI43
572.9600000000	n/a	n/a	STATUS	n/a	n/a	D255
573.2200000000	n/a	n/a	STATUS	n/a	n/a	DIN5
573.2720000000	n/a	n/a	STATUS	n/a	n/a	D255
573.6360000000	n/a	n/a	STATUS	n/a	n/a	D236
573.6840000000	n/a	n/a	STATUS	n/a	n/a	D255
573.7240000000	n/a	n/a	STATUS	n/a	n/a	DI54
573.7720000000	n/a	n/a	STATUS	n/a	n/a	D255
574.0920000000	n/a	n/a	STATUS	n/a	n/a	DI34
574.1400000000	n/a	n/a	STATUS	n/a	n/a	D255
574.4000000000	n/a	n/a	STATUS	n/a	n/a	DIN5
574.4520000000	n/a	n/a	STATUS	n/a	n/a	D255
574.8080000000	n/a	n/a	STATUS	n/a	n/a	D119
574.8600000000	n/a	n/a	STATUS	n/a	n/a	D255
574.8960000000	n/a	n/a	STATUS	n/a	n/a	DI53
574.9480000000	n/a	n/a	STATUS	n/a	n/a	D255
575.2280000000	n/a	n/a	STATUS	n/a	n/a	DI43
575.2760000000	n/a	n/a	STATUS	n/a	n/a	D255
575.5360000000	n/a	n/a	STATUS	n/a	n/a	DIN5
575.5880000000	n/a	n/a	STATUS	n/a	n/a	D255
575.9960000000	n/a	n/a	STATUS	n/a	n/a	DI68
576.0480000000	n/a	n/a	STATUS	n/a	n/a	D255
576.0840000000	n/a	n/a	STATUS	n/a	n/a	DI54
576.1360000000	n/a	n/a	STATUS	n/a	n/a	D255
576.4040000000	n/a	n/a	STATUS	n/a	n/a	DI34
576.4560000000	n/a	n/a	STATUS	n/a	n/a	D255
576.7160000000	n/a	n/a	STATUS	n/a	n/a	DIN5
576.7640000000	n/a	n/a	STATUS	n/a	n/a	D255
577.2600000000	n/a	n/a	STATUS	n/a	n/a	DI79
577.3080000000	n/a	n/a	STATUS	n/a	n/a	D255
577.3480000000	n/a	n/a	STATUS	n/a	n/a	DI54
577.3960000000	n/a	n/a	STATUS	n/a	n/a	D255
577.7800000000	n/a	n/a	STATUS	n/a	n/a	DI34
577.8320000000	n/a	n/a	STATUS	n/a	n/a	D255
578.0880000000	n/a	n/a	STATUS	n/a	n/a	DIN5
578.1400000000	n/a	n/a	STATUS	n/a	n/a	D255
578.4440000000	n/a	n/a	STATUS	n/a	n/a	D223
578.4960000000	n/a	n/a	STATUS	n/a	n/a	D255
578.5320000000	n/a	n/a	STATUS	n/a	n/a	DI53
578.5840000000	n/a	n/a	STATUS	n/a	n/a	D255
578.9360000000	n/a	n/a	STATUS	n/a	n/a	DI43
578.9880000000	n/a	n/a	STATUS	n/a	n/a	D255
579.2480000000	n/a	n/a	STATUS	n/a	n/a	DIN5
579.2960000000	n/a	n/a	STATUS	n/a	n/a	D255
579.6280000000	n/a	n/a	STATUS	n/a	n/a	D164
579.6760000000	n/a	n/a	STATUS	n/a	n/a	D255
579.7120000000	n/a	n/a	STATUS	n/a	n/a	DI52
579.7640000000	n/a	n/a	STATUS	n/a	n/a	D255
580.3320000000	n/a	n/a	STATUS	n/a	n/a	DI42
580.3840000000	n/a	n/a	STATUS	n/a	n/a	D255
580.6440000000	n/a	n/a	STATUS	n/a	n/a	DIN5
580.6920000000	n/a	n/a	STATUS	n/a	n/a	D255
581.0320000000	n/a	n/a	STATUS	n/a	n/a	DI78
581.0840000000	n/a	n/a	STATUS	n/a	n/a	D255
581.1200000000	n/a	n/a	STATUS	n/a	n/a	DI53
581.1680000000	n/a	n/a	STATUS	n/a	n/a	D255
581.4680000000	n/a	n/a	STATUS	n/a	n/a	DI43
581.5160000000	n/a	n/a	STATUS	n/a	n/a	D255
581.7760000000	n/a	n/a	STATUS	n/a	n/a	DIN5
581.8240000000	n/a	n/a	STATUS	n/a	n/a	D255
582.2400000000	n/a	n/a	STATUS	n/a	n/a	D217
582.2920000000	n/a	n/a	STATUS	n/a	n/a	D255
582.3280000000	n/a	n/a	STATUS	n/a	n/a	DI52
582.3800000000	n/a	n/a	STATUS	n/a	n/a	D255
582.6640000000	n/a	n/a	STATUS	n/a	n/a	DI12
582.7160000000	n/a	n/a	STATUS	n/a	n/a	D255
582.7200000000	n/a	n/a	STATUS	n/a	n/a	DIN4
582.7720000000	n/a	n/a	STATUS	n/a	n/a	D255
583.5240000000	n/a	n/a	STATUS	n/a	n/a	DIN5
583.5760000000	n/a	n/a	STATUS	n/a	n/a	D255
583.9440000000	n/a	n/a	STATUS	n/a	n/a	D182
583.9960000000	n/a	n/a	STATUS	n/a	n/a	D255
584.0320000000	n/a	n/a	STATUS	n/a	n/a	DI52
584.0840000000	n/a	n/a	STATUS	n/a	n/a	D255
584.3400000000	n/a	n/a	STATUS	n/a	n/a	DI12
584.3920000000	n/a	n/a	STATUS	n/a	n/a	D255
584.3960000000	n/a	n/a	STATUS	n/a	n/a	DIN4
584.4480000000	n/a	n/a	STATUS	n/a	n/a	D255
585.2000000000	n/a	n/a	STATUS	n/a	n/a	DIN5
585.2520000000	n/a	n/a	STATUS	n/a	n/a	D255
585.5720000000	n/a	n/a	STATUS	n/a	n/a	D165
585.6200000000	n/a	n/a	STATUS	n/a	n/a	D255
585.6600000000	n/a	n/a	STATUS	n/a	n/a	DI54
585.7080000000	n/a	n/a	STATUS	n/a	n/a	D255
586.0160000000	n/a	n/a	STATUS	n/a	n/a	DI34
586.0680000000	n/a	n/a	STATUS	n/a	n/a	D255
586.3280000000	n/a	n/a	STATUS	n/a	n/a	DIN5
586.3760000000	n/a	n/a	STATUS	n/a	n/a	D255
586.7080000000	n/a	n/a	STATUS	n/a	n/a	D117
586.7560000000	n/a	n/a	STATUS	n/a	n/a	D255
586.7920000000	n/a	n/a	STATUS	n/a	n/a	DI54
586.8440000000	n/a	n/a	STATUS	n/a	n/a	D255
587.1040000000	n/a	n/a	STATUS	n/a	n/a	DI34
587.1560000000	n/a	n/a	STATUS	n/a	n/a	D255
587.4120000000	n/a	n/a	STATUS	n/a	n/a	DIN5
587.4640000000	n/a	n/a	STATUS	n/a	n/a	D255
587.8040000000	n/a	n/a	STATUS	n/a	n/a	D114
587.8520000000	n/a	n/a	STATUS	n/a	n/a	D255
587.8920000000	n/a	n/a	STATUS	n/a	n/a	DI52
587.9400000000	n/a	n/a	STATUS	n/a	n/a	D255
588.3800000000	n/a	n/a	STATUS	n/a	n/a	DI42
588.4280000000	n/a	n/a	STATUS	n/a	n/a	D255
588.6880000000	n/a	n/a	STATUS	n/a	n/a	DIN5
588.7400000000	n/a	n/a	STATUS	n/a	n/a	D255
589.0600000000	n/a	n/a	STATUS	n/a	n/a	D128
589.1080000000	n/a	n/a	STATUS	n/a	n/a	D255
589.1480000000	n/a	n/a	STATUS	n/a	n/a	DI53
589.1960000000	n/a	n/a	STATUS	n/a	n/a	D255
589.5120000000	n/a	n/a	STATUS	n/a	n/a	DI43
589.5640000000	n/a	n/a	STATUS	n/a	n/a	D255
589.8200000000	n/a	n/a	STATUS	n/a	n/a	DIN5
589.8720000000	n/a	n/a	STATUS	n/a	n/a	D255
590.2480000000	n/a	n/a	STATUS	n/a	n/a	D192
590.2960000000	n/a	n/a	STATUS	n/a	n/a	D255
590.3360000000	n/a	n/a	STATUS	n/a	n/a	DI54
590.3840000000	n/a	n/a	STATUS	n/a	n/a	D255
590.7680000000	n/a	n/a	STATUS	n/a	n/a	DI34
590.8160000000	n/a	n/a	STATUS	n/a	n/a	D255
591.0800000000	n/a	n/a	STATUS	n/a	n/a	DIN5
591.1280000000	n/a	n/a	STATUS	n/a	n/a	D255
591.1280000000	n/a	n/a	STATUS	n/a	n/a	D239
591.4960000000	n/a	n/a	STATUS	n/a	n/a	D241
591.5480000000	n/a	n/a	STATUS	n/a	n/a	D255
591.5840000000	n/a	n/a	STATUS	n/a	n/a	DI54
591.6360000000	n/a	n/a	STATUS	n/a	n/a	D255
592.0280000000	n/a	n/a	STATUS	n/a	n/a	DI34
592.0760000000	n/a	n/a	STATUS	n/a	n/a	D255
592.3360000000	n/a	n/a	STATUS	n/a	n/a	DIN5
592.3840000000	n/a	n/a	STATUS	n/a	n/a	D255
592.8040000000	n/a	n/a	STATUS	n/a	n/a	D181
592.8560000000	n/a	n/a	STATUS	n/a	n/a	D255
592.8920000000	n/a	n/a	STATUS	n/a	n/a	DI51
592.9440000000	n/a	n/a	STATUS	n/a	n/a	D255
593.3920000000	n/a	n/a	STATUS	n/a	n/a	DI31
593.4440000000	n/a	n/a	STATUS	n/a	n/a	D255
593.7040000000	n/a	n/a	STATUS	n/a	n/a	DIN5
593.7520000000	n/a	n/a	STATUS	n/a	n/a	D255
594.2080000000	n/a	n/a	STATUS	n/a	n/a	D254
594.2560000000	n/a	n/a	STATUS	n/a	n/a	D255
594.2960000000	n/a	n/a	STATUS	n/a	n/a	DI52
594.3440000000	n/a	n/a	STATUS	n/a	n/a	D255
594.8080000000	n/a	n/a	STATUS	n/a	n/a	DI42
594.8600000000	n/a	n/a	STATUS	n/a	n/a	D255
595.1200000000	n/a	n/a	STATUS	n/a	n/a	DIN5
595.1680000000	n/a	n/a	STATUS	n/a	n/a	D255
595.6040000000	n/a	n/a	STATUS	n/a	n/a	D234
595.6520000000	n/a	n/a	STATUS	n/a	n/a	D255
595.6920000000	n/a	n/a	STATUS	n/a	n/a	DI52
595.7400000000	n/a	n/a	STATUS	n/a	n/a	D255
596.2080000000	n/a	n/a	STATUS	n/a	n/a	DI42
596.2600000000	n/a	n/a	STATUS	n/a	n/a	D255
596.5160000000	n/a	n/a	STATUS	n/a	n/a	DIN5
596.5680000000	n/a	n/a	STATUS	n/a	n/a	D255
597.0080000000	n/a	n/a	STATUS	n/a	n/a	D227
597.0600000000	n/a	n/a	STATUS	n/a	n/a	D255
597.0960000000	n/a	n/a	STATUS	n/a	n/a	DI51
597.1480000000	n/a	n/a	STATUS	n/a	n/a	D255
597.6080000000	n/a	n/a	STATUS	n/a	n/a	DI31
597.6600000000	n/a	n/a	STATUS	n/a	n/a	D255
597.9160000000	n/a	n/a	STATUS	n/a	n/a	DIN5
597.9680000000	n/a	n/a	STATUS	n/a	n/a	D255
598.3680000000	n/a	n/a	STATUS	n/a	n/a	D103
598.4160000000	n/a	n/a	STATUS	n/a	n/a	D255
598.4520000000	n/a	n/a	STATUS	n/a	n/a	DI54
598.5040000000	n/a	n/a	STATUS	n/a	n/a	D255
598.8520000000	n/a	n/a	STATUS	n/a	n/a	DI34
598.9040000000	n/a	n/a	STATUS	n/a	n/a	D255
599.1640000000	n/a	n/a	STATUS	n/a	n/a	DIN5
599.2120000000	n/a	n/a	STATUS	n/a	n/a	D255
599.6240000000	n/a	n/a	STATUS	n/a	n/a	D230
599.6720000000	n/a	n/a	STATUS	n/a	n/a	D255
599.7120000000	n/a	n/a	STATUS	n/a	n/a	DI51
599.7600000000	n/a	n/a	STATUS	n/a	n/a	D255
600.2720000000	n/a	n/a	STATUS	n/a	n/a	DI31
600.3240000000	n/a	n/a	STATUS	n/a	n/a	D255
600.5840000000	n/a	n/a	STATUS	n/a	n/a	DIN5
600.6320000000	n/a	n/a	STATUS	n/a	n/a	D255
600.9440000000	n/a	n/a	STATUS	n/a	n/a	DI95
600.9920000000	n/a	n/a	STATUS	n/a	n/a	D255
601.0320000000	n/a	n/a	STATUS	n/a	n/a	DI51
601.0800000000	n/a	n/a	STATUS	n/a	n/a	D255
601.4720000000	n/a	n/a	STATUS	n/a	n/a	DI31
601.5200000000	n/a	n/a	STATUS	n/a	n/a	D255
601.7800000000	n/a	n/a	STATUS	n/a	n/a	DIN5
601.8320000000	n/a	n/a	STATUS	n/a	n/a	D255
602.3240000000	n/a	n/a	STATUS	n/a	n/a	D141
602.3760000000	n/a	n/a	STATUS	n/a	n/a	D255
602.4120000000	n/a	n/a	STATUS	n/a	n/a	DI54
602.4640000000	n/a	n/a	STATUS	n/a	n/a	D255
602.7640000000	n/a	n/a	STATUS	n/a	n/a	DI34
602.8160000000	n/a	n/a	STATUS	n/a	n/a	D255
603.0760000000	n/a	n/a	STATUS	n/a	n/a	DIN5
603.1240000000	n/a	n/a	STATUS	n/a	n/a	D255
603.5320000000	n/a	n/a	STATUS	n/a	n/a	DI91
603.5840000000	n/a	n/a	STATUS	n/a	n/a	D255
603.6200000000	n/a	n/a	STATUS	n/a	n/a	DI51
603.6720000000	n/a	n/a	STATUS	n/a	n/a	D255
604.1400000000	n/a	n/a	STATUS	n/a	n/a	DI31
604.1880000000	n/a	n/a	STATUS	n/a	n/a	D255
604.4480000000	n/a	n/a	STATUS	n/a	n/a	DIN5
604.5000000000	n/a	n/a	STATUS	n/a	n/a	D255
604.8960000000	n/a	n/a	STATUS	n/a	n/a	D131
604.9480000000	n/a	n/a	STATUS	n/a	n/a	D255
604.9840000000	n/a	n/a	STATUS	n/a	n/a	DI51
605.0360000000	n/a	n/a	STATUS	n/a	n/a	D255
605.4320000000	n/a	n/a	STATUS	n/a	n/a	DI31
605.4840000000	n/a	n/a	STATUS	n/a	n/a	D255
605.7400000000	n/a	n/a	STATUS	n/a	n/a	DIN5
605.7920000000	n/a	n/a	STATUS	n/a	n/a	D255
606.2200000000	n/a	n/a	STATUS	n/a	n/a	DI77
606.2720000000	n/a	n/a	STATUS	n/a	n/a	D255
606.3080000000	n/a	n/a	STATUS	n/a	n/a	DI52
606.3600000000	n/a	n/a	STATUS	n/a	n/a	D255
606.7560000000	n/a	n/a	STATUS	n/a	n/a	DI42
606.8080000000	n/a	n/a	STATUS	n/a	n/a	D255
607.0640000000	n/a	n/a	STATUS	n/a	n/a	DIN5
607.1160000000	n/a	n/a	STATUS	n/a	n/a	D255
607.5200000000	n/a	n/a	STATUS	n/a	n/a	D237
607.5720000000	n/a	n/a	STATUS	n/a	n/a	D255
607.6080000000	n/a	n/a	STATUS	n/a	n/a	DI52
607.6560000000	n/a	n/a	STATUS	n/a	n/a	D255
608.1040000000	n/a	n/a	STATUS	n/a	n/a	DI42
608.1560000000	n/a	n/a	STATUS	n/a	n/a	D255
608.4120000000	n/a	n/a	STATUS	n/a	n/a	DIN5
608.4640000000	n/a	n/a	STATUS	n/a	n/a	D255
608.9320000000	n/a	n/a	STATUS	n/a	n/a	D126
608.9840000000	n/a	n/a	STATUS	n/a	n/a	D255
609.0200000000	n/a	n/a	STATUS	n/a	n/a	DI51
609.0720000000	n/a	n/a	STATUS	n/a	n/a	D255
609.4480000000	n/a	n/a	STATUS	n/a	n/a	DI31
609.4960000000	n/a	n/a	STATUS	n/a	n/a	D255
609.7560000000	n/a	n/a	STATUS	n/a	n/a	DIN5
609.8080000000	n/a	n/a	STATUS	n/a	n/a	D255
610.2560000000	n/a	n/a	STATUS	n/a	n/a	D100
610.3040000000	n/a	n/a	STATUS	n/a	n/a	D255
610.3440000000	n/a	n/a	STATUS	n/a	n/a	DI51
610.3920000000	n/a	n/a	STATUS	n/a	n/a	D255
610.7840000000	n/a	n/a	STATUS	n/a	n/a	DI31
610.8320000000	n/a	n/a	STATUS	n/a	n/a	D255
611.0920000000	n/a	n/a	STATUS	n/a	n/a	DIN5
611.1440000000	n/a	n/a	STATUS	n/a	n/a	D255
611.5640000000	n/a	n/a	STATUS	n/a	n/a	DI97
611.6120000000	n/a	n/a	STATUS	n/a	n/a	D255
611.6520000000	n/a	n/a	STATUS	n/a	n/a	DI53
611.7000000000	n/a	n/a	STATUS	n/a	n/a	D255
612.0400000000	n/a	n/a	STATUS	n/a	n/a	DI43
612.0920000000	n/a	n/a	STATUS	n/a	n/a	D255
612.3520000000	n/a	n/a	STATUS	n/a	n/a	DIN5
612.4000000000	n/a	n/a	STATUS	n/a	n/a	D255
612.7120000000	n/a	n/a	STATUS	n/a	n/a	D215
612.7600000000	n/a	n/a	STATUS	n/a	n/a	D255
612.7960000000	n/a	n/a	STATUS	n/a	n/a	DI52
612.8480000000	n/a	n/a	STATUS	n/a	n/a	D255
613.2840000000	n/a	n/a	STATUS	n/a	n/a	DI42
613.3360000000	n/a	n/a	STATUS	n/a	n/a	D255
613.5960000000	n/a	n/a	STATUS	n/a	n/a	DIN5
613.6440000000	n/a	n/a	STATUS	n/a	n/a	D255
614.0800000000	n/a	n/a	STATUS	n/a	n/a	D203
614.1280000000	n/a	n/a	STATUS	n/a	n/a	D255
614.1680000000	n/a	n/a	STATUS	n/a	n/a	DI52
614.2160000000	n/a	n/a	STATUS	n/a	n/a	D255
614.4600000000	n/a	n/a	STATUS	n/a	n/a	DI12
614.5120000000	n/a	n/a	STATUS	n/a	n/a	D255
614.5160000000	n/a	n/a	STATUS	n/a	n/a	DIN4
614.5680000000	n/a	n/a	STATUS	n/a	n/a	D255
615.3240000000	n/a	n/a	STATUS	n/a	n/a	DIN5
615.3720000000	n/a	n/a	STATUS	n/a	n/a	D255
615.8320000000	n/a	n/a	STATUS	n/a	n/a	DI80
615.8800000000	n/a	n/a	STATUS	n/a	n/a	D255
615.9200000000	n/a	n/a	STATUS	n/a	n/a	DI51
615.9680000000	n/a	n/a	STATUS	n/a	n/a	D255
616.3440000000	n/a	n/a	STATUS	n/a	n/a	DI31
616.3960000000	n/a	n/a	STATUS	n/a	n/a	D255
616.6560000000	n/a	n/a	STATUS	n/a	n/a	DIN5
616.7040000000	n/a	n/a	STATUS	n/a	n/a	D255
617.0840000000	n/a	n/a	STATUS	n/a	n/a	D121
617.1360000000	n/a	n/a	STATUS	n/a	n/a	D255
617.1720000000	n/a	n/a	STATUS	n/a	n/a	DI54
617.2240000000	n/a	n/a	STATUS	n/a	n/a	D255
617.5120000000	n/a	n/a	STATUS	n/a	n/a	DI34
617.5640000000	n/a	n/a	STATUS	n/a	n/a	D255
617.8240000000	n/a	n/a	STATUS	n/a	n/a	DIN5
617.8720000000	n/a	n/a	STATUS	n/a	n/a	D255
618.1840000000	n/a	n/a	STATUS	n/a	n/a	DI67
618.2320000000	n/a	n/a	STATUS	n/a	n/a	D255
618.2720000000	n/a	n/a	STATUS	n/a	n/a	DI53
618.3200000000	n/a	n/a	STATUS	n/a	n/a	D255
618.6760000000	n/a	n/a	STATUS	n/a	n/a	DI43
618.7240000000	n/a	n/a	STATUS	n/a	n/a	D255
618.9840000000	n/a	n/a	STATUS	n/a	n/a	DIN5
619.0360000000	n/a	n/a	STATUS	n/a	n/a	D255
619.4960000000	n/a	n/a	STATUS	n/a	n/a	D186
619.5440000000	n/a	n/a	STATUS	n/a	n/a	D255
619.5800000000	n/a	n/a	STATUS	n/a	n/a	DI53
619.6320000000	n/a	n/a	STATUS	n/a	n/a	D255
619.9720000000	n/a	n/a	STATUS	n/a	n/a	DI43
620.0200000000	n/a	n/a	STATUS	n/a	n/a	D255
620.2800000000	n/a	n/a	STATUS	n/a	n/a	DIN5
620.3320000000	n/a	n/a	STATUS	n/a	n/a	D255
620.6440000000	n/a	n/a	STATUS	n/a	n/a	D127
620.6960000000	n/a	n/a	STATUS	n/a	n/a	D255
620.7320000000	n/a	n/a	STATUS	n/a	n/a	DI53
620.7840000000	n/a	n/a	STATUS	n/a	n/a	D255
621.0840000000	n/a	n/a	STATUS	n/a	n/a	DI43
621.1320000000	n/a	n/a	STATUS	n/a	n/a	D255
621.3920000000	n/a	n/a	STATUS	n/a	n/a	DIN5
621.4440000000	n/a	n/a	STATUS	n/a	n/a	D255
621.8840000000	n/a	n/a	STATUS	n/a	n/a	DI89
621.9320000000	n/a	n/a	STATUS	n/a	n/a	D255
621.9720000000	n/a	n/a	STATUS	n/a	n/a	DI53
622.0200000000	n/a	n/a	STATUS	n/a	n/a	D255
622.3200000000	n/a	n/a	STATUS	n/a	n/a	DI43
622.3680000000	n/a	n/a	STATUS	n/a	n/a	D255
622.6280000000	n/a	n/a	STATUS	n/a	n/a	DIN5
622.6760000000	n/a	n/a	STATUS	n/a	n/a	D255
623.1360000000	n/a	n/a	STATUS	n/a	n/a	D139
623.1880000000	n/a	n/a	STATUS	n/a	n/a	D255
623.2240000000	n/a	n/a	STATUS	n/a	n/a	DI54
623.2760000000	n/a	n/a	STATUS	n/a	n/a	D255
623.5480000000	n/a	n/a	STATUS	n/a	n/a	DI34
623.6000000000	n/a	n/a	STATUS	n/a	n/a	D255
623.8560000000	n/a	n/a	STATUS	n/a	n/a	DIN5
623.9080000000	n/a	n/a	STATUS	n/a	n/a	D255
624.3080000000	n/a	n/a	STATUS	n/a	n/a	DI71
624.3560000000	n/a	n/a	STATUS	n/a	n/a	D255
624.3960000000	n/a	n/a	STATUS	n/a	n/a	DI51
624.4440000000	n/a	n/a	STATUS	n/a	n/a	D255
624.8440000000	n/a	n/a	STATUS	n/a	n/a	DI31
624.8920000000	n/a	n/a	STATUS	n/a	n/a	D255
625.1520000000	n/a	n/a	STATUS	n/a	n/a	DIN5
625.2040000000	n/a	n/a	STATUS	n/a	n/a	D255
625.6000000000	n/a	n/a	STATUS	n/a	n/a	DI82
625.6520000000	n/a	n/a	STATUS	n/a	n/a	D255
625.6880000000	n/a	n/a	STATUS	n/a	n/a	DI52
625.7400000000	n/a	n/a	STATUS	n/a	n/a	D255
626.1360000000	n/a	n/a	STATUS	n/a	n/a	DI42
626.1840000000	n/a	n/a	STATUS	n/a	n/a	D255
626.4440000000	n/a	n/a	STATUS	n/a	n/a	DIN5
626.4960000000	n/a	n/a	STATUS	n/a	n/a	D255
626.8080000000	n/a	n/a	STATUS	n/a	n/a	DI75
626.8600000000	n/a	n/a	STATUS	n/a	n/a	D255
626.9000000000	n/a	n/a	STATUS	n/a	n/a	DI52
626.9480000000	n/a	n/a	STATUS	n/a	n/a	D255
627.3960000000	n/a	n/a	STATUS	n/a	n/a	DI42
627.4480000000	n/a	n/a	STATUS	n/a	n/a	D255
627.7040000000	n/a	n/a	STATUS	n/a	n/a	DIN5
627.7560000000	n/a	n/a	STATUS	n/a	n/a	D255
628.2360000000	n/a	n/a	STATUS	n/a	n/a	D146
628.2840000000	n/a	n/a	STATUS	n/a	n/a	D255
628.3240000000	n/a	n/a	STATUS	n/a	n/a	DI53
628.3720000000	n/a	n/a	STATUS	n/a	n/a	D255
628.6760000000	n/a	n/a	STATUS	n/a	n/a	DI43
628.7240000000	n/a	n/a	STATUS	n/a	n/a	D255
628.9840000000	n/a	n/a	STATUS	n/a	n/a	DIN5
629.0360000000	n/a	n/a	STATUS	n/a	n/a	D255
629.3600000000	n/a	n/a	STATUS	n/a	n/a	D193
629.4080000000	n/a	n/a	STATUS	n/a	n/a	D255
629.4480000000	n/a	n/a	STATUS	n/a	n/a	DI51
629.4960000000	n/a	n/a	STATUS	n/a	n/a	D255
629.9440000000	n/a	n/a	STATUS	n/a	n/a	DI31
629.9960000000	n/a	n/a	STATUS	n/a	n/a	D255
630.2560000000	n/a	n/a	STATUS	n/a	n/a	DIN5
630.3040000000	n/a	n/a	STATUS	n/a	n/a	D255
630.8000000000	n/a	n/a	STATUS	n/a	n/a	D221
630.8480000000	n/a	n/a	STATUS	n/a	n/a	D255
630.8880000000	n/a	n/a	STATUS	n/a	n/a	DI51
630.9360000000	n/a	n/a	STATUS	n/a	n/a	D255
631.3760000000	n/a	n/a	STATUS	n/a	n/a	DI31
631.4280000000	n/a	n/a	STATUS	n/a	n/a	D255
631.6880000000	n/a	n/a	STATUS	n/a	n/a	DIN5
631.7360000000	n/a	n/a	STATUS	n/a	n/a	D255
632.1760000000	n/a	n/a	STATUS	n/a	n/a	D159
632.2280000000	n/a	n/a	STATUS	n/a	n/a	D255
632.2640000000	n/a	n/a	STATUS	n/a	n/a	DI53
632.3160000000	n/a	n/a	STATUS	n/a	n/a	D255
632.6400000000	n/a	n/a	STATUS	n/a	n/a	DI43
632.6920000000	n/a	n/a	STATUS	n/a	n/a	D255
632.9520000000	n/a	n/a	STATUS	n/a	n/a	DIN5
633.0000000000	n/a	n/a	STATUS	n/a	n/a	D255
633.4760000000	n/a	n/a	STATUS	n/a	n/a	D168
633.5240000000	n/a	n/a	STATUS	n/a	n/a	D255
633.5640000000	n/a	n/a	STATUS	n/a	n/a	DI52
633.6120000000	n/a	n/a	STATUS	n/a	n/a	D255
634.0760000000	n/a	n/a	STATUS	n/a	n/a	DI42
634.1280000000	n/a	n/a	STATUS	n/a	n/a	D255
634.3880000000	n/a	n/a	STATUS	n/a	n/a	DIN5
634.4360000000	n/a	n/a	STATUS	n/a	n/a	D255
634.9120000000	n/a	n/a	STATUS	n/a	n/a	D222
634.9600000000	n/a	n/a	STATUS	n/a	n/a	D255
635.0000000000	n/a	n/a	STATUS	n/a	n/a	DI54
635.0480000000	n/a	n/a	STATUS	n/a	n/a	D255
635.4760000000	n/a	n/a	STATUS	n/a	n/a	DI34
635.5280000000	n/a	n/a	STATUS	n/a	n/a	D255
635.7840000000	n/a	n/a	STATUS	n/a	n/a	DIN5
635.8360000000	n/a	n/a	STATUS	n/a	n/a	D255
636.2400000000	n/a	n/a	STATUS	n/a	n/a	D231
636.2920000000	n/a	n/a	STATUS	n/a	n/a	D255
636.3280000000	n/a	n/a	STATUS	n/a	n/a	DI53
636.3800000000	n/a	n/a	STATUS	n/a	n/a	D255
636.7360000000	n/a	n/a	STATUS	n/a	n/a	DI43
636.7840000000	n/a	n/a	STATUS	n/a	n/a	D255
637.0440000000	n/a	n/a	STATUS	n/a	n/a	DIN5
637.0920000000	n/a	n/a	STATUS	n/a	n/a	D255
637.3960000000	n/a	n/a	STATUS	n/a	n/a	D145
637.4480000000	n/a	n/a	STATUS	n/a	n/a	D255
637.4880000000	n/a	n/a	STATUS	n/a	n/a	DI51
637.5360000000	n/a	n/a	STATUS	n/a	n/a	D255
638.0080000000	n/a	n/a	STATUS	n/a	n/a	DI31
638.0600000000	n/a	n/a	STATUS	n/a	n/a	D255
638.3160000000	n/a	n/a	STATUS	n/a	n/a	DIN5
638.3680000000	n/a	n/a	STATUS	n/a	n/a	D255
638.7880000000	n/a	n/a	STATUS	n/a	n/a	DI96
638.8360000000	n/a	n/a	STATUS	n/a	n/a	D255
638.8760000000	n/a	n/a	STATUS	n/a	n/a	DI54
638.9240000000	n/a	n/a	STATUS	n/a	n/a	D255
639.2440000000	n/a	n/a	STATUS	n/a	n/a	DI34
639.2960000000	n/a	n/a	STATUS	n/a	n/a	D255
639.5560000000	n/a	n/a	STATUS	n/a	n/a	DIN5
639.6040000000	n/a	n/a	STATUS	n/a	n/a	D255
640.0600000000	n/a	n/a	STATUS	n/a	n/a	D160
640.1080000000	n/a	n/a	STATUS	n/a	n/a	D255
640.1480000000	n/a	n/a	STATUS	n/a	n/a	DI53
640.1960000000	n/a	n/a	STATUS	n/a	n/a	D255
640.4800000000	n/a	n/a	STATUS	n/a	n/a	DI43
640.5320000000	n/a	n/a	STATUS	n/a	n/a	D255
640.7880000000	n/a	n/a	STATUS	n/a	n/a	DIN5
640.8400000000	n/a	n/a	STATUS	n/a	n/a	D255
641.1760000000	n/a	n/a	STATUS	n/a	n/a	D247
641.2240000000	n/a	n/a	STATUS	n/a	n/a	D255
641.2640000000	n/a	n/a	STATUS	n/a	n/a	DI52
641.3120000000	n/a	n/a	STATUS	n/a	n/a	D255
641.7560000000	n/a	n/a	STATUS	n/a	n/a	DI42
641.8080000000	n/a	n/a	STATUS	n/a	n/a	D255
657.4080000000	n/a	n/a	STATUS	n/a	n/a	DIN5
657.4560000000	n/a	n/a	STATUS	n/a	n/a	D255
657.8280000000	n/a	n/a	STATUS	n/a	n/a	DI70
657.8760000000	n/a	n/a	STATUS	n/a	n/a	D255
657.9120000000	n/a	n/a	STATUS	n/a	n/a	DI52
657.9640000000	n/a	n/a	STATUS	n/a	n/a	D255
658.5320000000	n/a	n/a	STATUS	n/a	n/a	DI42
658.5840000000	n/a	n/a	STATUS	n/a	n/a	D255
658.8440000000	n/a	n/a	STATUS	n/a	n/a	DIN5
658.8920000000	n/a	n/a	STATUS	n/a	n/a	D255
659.3960000000	n/a	n/a	STATUS	n/a	n/a	DI67
659.4480000000	n/a	n/a	STATUS	n/a	n/a	D255
659.4840000000	n/a	n/a	STATUS	n/a	n/a	DI53
659.5360000000	n/a	n/a	STATUS	n/a	n/a	D255
659.8720000000	n/a	n/a	STATUS	n/a	n/a	DI43
659.9240000000	n/a	n/a	STATUS	n/a	n/a	D255
660.1840000000	n/a	n/a	STATUS	n/a	n/a	DIN5
660.2320000000	n/a	n/a	STATUS	n/a	n/a	D255
660.5920000000	n/a	n/a	STATUS	n/a	n/a	D230
660.6440000000	n/a	n/a	STATUS	n/a	n/a	D255
660.6800000000	n/a	n/a	STATUS	n/a	n/a	DI51
660.7280000000	n/a	n/a	STATUS	n/a	n/a	D255
661.1320000000	n/a	n/a	STATUS	n/a	n/a	DI31
661.1840000000	n/a	n/a	STATUS	n/a	n/a	D255
661.4440000000	n/a	n/a	STATUS	n/a	n/a	DIN5
661.4920000000	n/a	n/a	STATUS	n/a	n/a	D255
661.8280000000	n/a	n/a	STATUS	n/a	n/a	D249
661.8760000000	n/a	n/a	STATUS	n/a	n/a	D255
661.9160000000	n/a	n/a	STATUS	n/a	n/a	DI52
661.9640000000	n/a	n/a	STATUS	n/a	n/a	D255
662.4160000000	n/a	n/a	STATUS	n/a	n/a	DI42
662.4640000000	n/a	n/a	STATUS	n/a	n/a	D255
662.7240000000	n/a	n/a	STATUS	n/a	n/a	DIN5
662.7760000000	n/a	n/a	STATUS	n/a	n/a	D255
663.1200000000	n/a	n/a	STATUS	n/a	n/a	D130
663.1680000000	n/a	n/a	STATUS	n/a	n/a	D255
663.2080000000	n/a	n/a	STATUS	n/a	n/a	DI53
663.2560000000	n/a	n/a	STATUS	n/a	n/a	D255
663.5720000000	n/a	n/a	STATUS	n/a	n/a	DI43
663.6240000000	n/a	n/a	STATUS	n/a	n/a	D255
663.8800000000	n/a	n/a	STATUS	n/a	n/a	DIN5
663.9320000000	n/a	n/a	STATUS	n/a	n/a	D255
664.2880000000	n/a	n/a	STATUS	n/a	n/a	D190
664.3360000000	n/a	n/a	STATUS	n/a	n/a	D255
664.3760000000	n/a	n/a	STATUS	n/a	n/a	DI51
664.4240000000	n/a	n/a	STATUS	n/a	n/a	D255
664.4240000000	n/a	n/a	STATUS	n/a	n/a	D243
664.8160000000	n/a	n/a	STATUS	n/a	n/a	DI31
664.8640000000	n/a	n/a	STATUS	n/a	n/a	D255
665.1240000000	n/a	n/a	STATUS	n/a	n/a	DIN5
665.1720000000	n/a	n/a	STATUS	n/a	n/a	D255
665.5040000000	n/a	n/a	STATUS	n/a	n/a	D241
665.5520000000	n/a	n/a	STATUS	n/a	n/a	D255
665.5920000000	n/a	n/a	STATUS	n/a	n/a	DI53
665.6400000000	n/a	n/a	STATUS	n/a	n/a	D255
666.0120000000	n/a	n/a	STATUS	n/a	n/a	DI43
666.0640000000	n/a	n/a	STATUS	n/a	n/a	D255
666.3240000000	n/a	n/a	STATUS	n/a	n/a	DIN5
666.3720000000	n/a	n/a	STATUS	n/a	n/a	D255
666.7800000000	n/a	n/a	STATUS	n/a	n/a	D171
666.8280000000	n/a	n/a	STATUS	n/a	n/a	D255
666.8640000000	n/a	n/a	STATUS	n/a	n/a	DI51
666.9160000000	n/a	n/a	STATUS	n/a	n/a	D255
667.3120000000	n/a	n/a	STATUS	n/a	n/a	DI31
667.3640000000	n/a	n/a	STATUS	n/a	n/a	D255
667.6240000000	n/a	n/a	STATUS	n/a	n/a	DIN5
667.6720000000	n/a	n/a	STATUS	n/a	n/a	D255
668.0360000000	n/a	n/a	STATUS	n/a	n/a	D182
668.0880000000	n/a	n/a	STATUS	n/a	n/a	D255
668.1240000000	n/a	n/a	STATUS	n/a	n/a	DI53
668.1760000000	n/a	n/a	STATUS	n/a	n/a	D255
668.4920000000	n/a	n/a	STATUS	n/a	n/a	DI43
668.5400000000	n/a	n/a	STATUS	n/a	n/a	D255
668.8000000000	n/a	n/a	STATUS	n/a	n/a	DIN5
668.8520000000	n/a	n/a	STATUS	n/a	n/a	D255
669.3200000000	n/a	n/a	STATUS	n/a	n/a	D219
669.3720000000	n/a	n/a	STATUS	n/a	n/a	D255
669.4080000000	n/a	n/a	STATUS	n/a	n/a	DI51
669.4600000000	n/a	n/a	STATUS	n/a	n/a	D255
669.7640000000	n/a	n/a	STATUS	n/a	n/a	DI21
669.8120000000	n/a	n/a	STATUS	n/a	n/a	D255
669.8160000000	n/a	n/a	STATUS	n/a	n/a	DIN4
669.8680000000	n/a	n/a	STATUS	n/a	n/a	D255
670.6200000000	n/a	n/a	STATUS	n/a	n/a	DIN5
670.6720000000	n/a	n/a	STATUS	n/a	n/a	D255
671.1560000000	n/a	n/a	STATUS	n/a	n/a	D128
671.2080000000	n/a	n/a	STATUS	n/a	n/a	D255
671.2440000000	n/a	n/a	STATUS	n/a	n/a	DI52
671.2960000000	n/a	n/a	STATUS	n/a	n/a	D255
671.8120000000	n/a	n/a	STATUS	n/a	n/a	DI42
671.8600000000	n/a	n/a	STATUS	n/a	n/a	D255
672.1200000000	n/a	n/a	STATUS	n/a	n/a	DIN5
672.1720000000	n/a	n/a	STATUS	n/a	n/a	D255
672.5200000000	n/a	n/a	STATUS	n/a	n/a	D200
672.5720000000	n/a	n/a	STATUS	n/a	n/a	D255
672.6080000000	n/a	n/a	STATUS	n/a	n/a	DI53
672.6600000000	n/a	n/a	STATUS	n/a	n/a	D255
672.9240000000	n/a	n/a	STATUS	n/a	n/a	DI43
672.9760000000	n/a	n/a	STATUS	n/a	n/a	D255
673.2320000000	n/a	n/a	STATUS	n/a	n/a	DIN5
673.2840000000	n/a	n/a	STATUS	n/a	n/a	D255
673.6640000000	n/a	n/a	STATUS	n/a	n/a	D127
673.7120000000	n/a	n/a	STATUS	n/a	n/a	D255
673.7520000000	n/a	n/a	STATUS	n/a	n/a	DI53
673.8000000000	n/a	n/a	STATUS	n/a	n/a	D255
674.0600000000	n/a	n/a	STATUS	n/a	n/a	DI43
674.1080000000	n/a	n/a	STATUS	n/a	n/a	D255
674.3680000000	n/a	n/a	STATUS	n/a	n/a	DIN5
674.4200000000	n/a	n/a	STATUS	n/a	n/a	D255
674.7840000000	n/a	n/a	STATUS	n/a	n/a	D189
674.8320000000	n/a	n/a	STATUS	n/a	n/a	D255
674.8720000000	n/a	n/a	STATUS	n/a	n/a	DI53
674.9200000000	n/a	n/a	STATUS	n/a	n/a	D255
675.2120000000	n/a	n/a	STATUS	n/a	n/a	DI43
675.2600000000	n/a	n/a	STATUS	n/a	n/a	D255
675.5200000000	n/a	n/a	STATUS	n/a	n/a	DIN5
675.5720000000	n/a	n/a	STATUS	n/a	n/a	D255
675.9800000000	n/a	n/a	STATUS	n/a	n/a	D119
676.0320000000	n/a	n/a	STATUS	n/a	n/a	D255
676.0680000000	n/a	n/a	STATUS	n/a	n/a	DI54
676.1200000000	n/a	n/a	STATUS	n/a	n/a	D255
676.3280000000	n/a	n/a	STATUS	n/a	n/a	DI34
676.3800000000	n/a	n/a	STATUS	n/a	n/a	D255
676.6360000000	n/a	n/a	STATUS	n/a	n/a	DIN5
676.6880000000	n/a	n/a	STATUS	n/a	n/a	D255
677.1200000000	n/a	n/a	STATUS	n/a	n/a	D136
677.1720000000	n/a	n/a	STATUS	n/a	n/a	D255
677.1720000000	n/a	n/a	STATUS	n/a	n/a	D251
677.2120000000	n/a	n/a	STATUS	n/a	n/a	DI52
677.2600000000	n/a	n/a	STATUS	n/a	n/a	D255
677.4560000000	n/a	n/a	STATUS	n/a	n/a	DI12
677.5080000000	n/a	n/a	STATUS	n/a	n/a	D255
677.5120000000	n/a	n/a	STATUS	n/a	n/a	DIN4
677.5600000000	n/a	n/a	STATUS	n/a	n/a	D255
678.3160000000	n/a	n/a	STATUS	n/a	n/a	DIN5
678.3680000000	n/a	n/a	STATUS	n/a	n/a	D255
678.8360000000	n/a	n/a	STATUS	n/a	n/a	D156
678.8880000000	n/a	n/a	STATUS	n/a	n/a	D255
678.9240000000	n/a	n/a	STATUS	n/a	n/a	DI51
678.9760000000	n/a	n/a	STATUS	n/a	n/a	D255
679.8920000000	n/a	n/a	STATUS	n/a	n/a	DIN3
679.9400000000	n/a	n/a	STATUS	n/a	n/a	D255
680.6960000000	n/a	n/a	STATUS	n/a	n/a	DIN5
680.7480000000	n/a	n/a	STATUS	n/a	n/a	D255
681.1600000000	n/a	n/a	STATUS	n/a	n/a	D110
681.2120000000	n/a	n/a	STATUS	n/a	n/a	D255
681.2480000000	n/a	n/a	STATUS	n/a	n/a	DI51
681.3000000000	n/a	n/a	STATUS	n/a	n/a	D255
681.7560000000	n/a	n/a	STATUS	n/a	n/a	DI31
681.8080000000	n/a	n/a	STATUS	n/a	n/a	D255
682.0680000000	n/a	n/a	STATUS	n/a	n/a	DIN5
682.1160000000	n/a	n/a	STATUS	n/a	n/a	D255
682.5800000000	n/a	n/a	STATUS	n/a	n/a	D123
682.6320000000	n/a	n/a	STATUS	n/a	n/a	D255
682.6680000000	n/a	n/a	STATUS	n/a	n/a	DI52
682.7200000000	n/a	n/a	STATUS	n/a	n/a	D255
682.9800000000	n/a	n/a	STATUS	n/a	n/a	DI12
683.0320000000	n/a	n/a	STATUS	n/a	n/a	D255
683.0360000000	n/a	n/a	STATUS	n/a	n/a	DIN4
683.0880000000	n/a	n/a	STATUS	n/a	n/a	D255
683.8400000000	n/a	n/a	STATUS	n/a	n/a	DIN5
683.8920000000	n/a	n/a	STATUS	n/a	n/a	D255
684.3080000000	n/a	n/a	STATUS	n/a	n/a	D226
684.3560000000	n/a	n/a	STATUS	n/a	n/a	D255
684.3920000000	n/a	n/a	STATUS	n/a	n/a	DI51
684.4440000000	n/a	n/a	STATUS	n/a	n/a	D255
684.9080000000	n/a	n/a	STATUS	n/a	n/a	DI31
684.9560000000	n/a	n/a	STATUS	n/a	n/a	D255
685.2160000000	n/a	n/a	STATUS	n/a	n/a	DIN5
685.2640000000	n/a	n/a	STATUS	n/a	n/a	D255
685.6400000000	n/a	n/a	STATUS	n/a	n/a	D142
685.6920000000	n/a	n/a	STATUS	n/a	n/a	D255
685.7280000000	n/a	n/a	STATUS	n/a	n/a	DI54
685.7800000000	n/a	n/a	STATUS	n/a	n/a	D255
686.0320000000	n/a	n/a	STATUS	n/a	n/a	DI34
686.0840000000	n/a	n/a	STATUS	n/a	n/a	D255
686.3440000000	n/a	n/a	STATUS	n/a	n/a	DIN5
686.3920000000	n/a	n/a	STATUS	n/a	n/a	D255
686.8200000000	n/a	n/a	STATUS	n/a	n/a	D151
686.8680000000	n/a	n/a	STATUS	n/a	n/a	D255
686.9080000000	n/a	n/a	STATUS	n/a	n/a	DI52
686.9560000000	n/a	n/a	STATUS	n/a	n/a	D255
687.3720000000	n/a	n/a	STATUS	n/a	n/a	DI42
687.4240000000	n/a	n/a	STATUS	n/a	n/a	D255
687.6800000000	n/a	n/a	STATUS	n/a	n/a	DIN5
687.7320000000	n/a	n/a	STATUS	n/a	n/a	D255
688.1080000000	n/a	n/a	STATUS	n/a	n/a	DI85
688.1560000000	n/a	n/a	STATUS	n/a	n/a	D255
688.1920000000	n/a	n/a	STATUS	n/a	n/a	DI54
688.2440000000	n/a	n/a	STATUS	n/a	n/a	D255
688.4920000000	n/a	n/a	STATUS	n/a	n/a	DI34
688.5400000000	n/a	n/a	STATUS	n/a	n/a	D255
688.8000000000	n/a	n/a	STATUS	n/a	n/a	DIN5
688.8520000000	n/a	n/a	STATUS	n/a	n/a	D255
689.2480000000	n/a	n/a	STATUS	n/a	n/a	D150
689.3000000000	n/a	n/a	STATUS	n/a	n/a	D255
689.3360000000	n/a	n/a	STATUS	n/a	n/a	DI51
689.3880000000	n/a	n/a	STATUS	n/a	n/a	D255
689.8200000000	n/a	n/a	STATUS	n/a	n/a	DI31
689.8720000000	n/a	n/a	STATUS	n/a	n/a	D255
690.1320000000	n/a	n/a	STATUS	n/a	n/a	DIN5
690.1800000000	n/a	n/a	STATUS	n/a	n/a	D255
690.6840000000	n/a	n/a	STATUS	n/a	n/a	D240
690.7360000000	n/a	n/a	STATUS	n/a	n/a	D255
690.7720000000	n/a	n/a	STATUS	n/a	n/a	DI53
690.8240000000	n/a	n/a	STATUS	n/a	n/a	D255
691.1480000000	n/a	n/a	STATUS	n/a	n/a	DI43
691.1960000000	n/a	n/a	STATUS	n/a	n/a	D255
691.4560000000	n/a	n/a	STATUS	n/a	n/a	DIN5
691.5040000000	n/a	n/a	STATUS	n/a	n/a	D255
691.8520000000	n/a	n/a	STATUS	n/a	n/a	D105
691.9000000000	n/a	n/a	STATUS	n/a	n/a	D255
691.9400000000	n/a	n/a	STATUS	n/a	n/a	DI52
691.9880000000	n/a	n/a	STATUS	n/a	n/a	D255
692.4520000000	n/a	n/a	STATUS	n/a	n/a	DI42
692.5040000000	n/a	n/a	STATUS	n/a	n/a	D255
692.7640000000	n/a	n/a	STATUS	n/a	n/a	DIN5
692.8120000000	n/a	n/a	STATUS	n/a	n/a	D255
693.2280000000	n/a	n/a	STATUS	n/a	n/a	D216
693.2760000000	n/a	n/a	STATUS	n/a	n/a	D255
693.3160000000	n/a	n/a	STATUS	n/a	n/a	DI51
693.3640000000	n/a	n/a	STATUS	n/a	n/a	D255
693.7680000000	n/a	n/a	STATUS	n/a	n/a	DI31
693.8200000000	n/a	n/a	STATUS	n/a	n/a	D255
694.0800000000	n/a	n/a	STATUS	n/a	n/a	DIN5
694.1280000000	n/a	n/a	STATUS	n/a	n/a	D255
694.5920000000	n/a	n/a	STATUS	n/a	n/a	D155
694.6440000000	n/a	n/a	STATUS	n/a	n/a	D255
694.6800000000	n/a	n/a	STATUS	n/a	n/a	DI53
694.7320000000	n/a	n/a	STATUS	n/a	n/a	D255
694.9640000000	n/a	n/a	STATUS	n/a	n/a	DI43
695.0120000000	n/a	n/a	STATUS	n/a	n/a	D255
695.2720000000	n/a	n/a	STATUS	n/a	n/a	DIN5
695.3240000000	n/a	n/a	STATUS	n/a	n/a	D255
695.7240000000	n/a	n/a	STATUS	n/a	n/a	D231
695.7720000000	n/a	n/a	STATUS	n/a	n/a	D255
695.8120000000	n/a	n/a	STATUS	n/a	n/a	DI54
695.8600000000	n/a	n/a	STATUS	n/a	n/a	D255
696.1720000000	n/a	n/a	STATUS	n/a	n/a	DI34
696.2240000000	n/a	n/a	STATUS	n/a	n/a	D255
696.4840000000	n/a	n/a	STATUS	n/a	n/a	DIN5
696.5320000000	n/a	n/a	STATUS	n/a	n/a	D255
696.9760000000	n/a	n/a	STATUS	n/a	n/a	D154
697.0280000000	n/a	n/a	STATUS	n/a	n/a	D255
697.0640000000	n/a	n/a	STATUS	n/a	n/a	DI53
697.1120000000	n/a	n/a	STATUS	n/a	n/a	D255
697.4200000000	n/a	n/a	STATUS	n/a	n/a	DI43
697.4680000000	n/a	n/a	STATUS	n/a	n/a	D255
697.7280000000	n/a	n/a	STATUS	n/a	n/a	DIN5
697.7800000000	n/a	n/a	STATUS	n/a	n/a	D255
698.1120000000	n/a	n/a	STATUS	n/a	n/a	D196
698.1640000000	n/a	n/a	STATUS	n/a	n/a	D255
698.2000000000	n/a	n/a	STATUS	n/a	n/a	DI51
698.2520000000	n/a	n/a	STATUS	n/a	n/a	D255
698.6480000000	n/a	n/a	STATUS	n/a	n/a	DI31
698.7000000000	n/a	n/a	STATUS	n/a	n/a	D255
698.9600000000	n/a	n/a	STATUS	n/a	n/a	DIN5
699.0080000000	n/a	n/a	STATUS	n/a	n/a	D255
699.3600000000	n/a	n/a	STATUS	n/a	n/a	D120
699.4080000000	n/a	n/a	STATUS	n/a	n/a	D255
699.4480000000	n/a	n/a	STATUS	n/a	n/a	DI53
699.4960000000	n/a	n/a	STATUS	n/a	n/a	D255
699.7680000000	n/a	n/a	STATUS	n/a	n/a	DI43
699.8200000000	n/a	n/a	STATUS	n/a	n/a	D255
700.0760000000	n/a	n/a	STATUS	n/a	n/a	DIN5
700.1280000000	n/a	n/a	STATUS	n/a	n/a	D255
700.5200000000	n/a	n/a	STATUS	n/a	n/a	D203
700.5720000000	n/a	n/a	STATUS	n/a	n/a	D255
700.6080000000	n/a	n/a	STATUS	n/a	n/a	DI54
700.6600000000	n/a	n/a	STATUS	n/a	n/a	D255
700.8920000000	n/a	n/a	STATUS	n/a	n/a	DI34
700.9440000000	n/a	n/a	STATUS	n/a	n/a	D255
701.2040000000	n/a	n/a	STATUS	n/a	n/a	DIN5
701.2520000000	n/a	n/a	STATUS	n/a	n/a	D255
701.7280000000	n/a	n/a	STATUS	n/a	n/a	D221
701.7760000000	n/a	n/a	STATUS	n/a	n/a	D255
701.8160000000	n/a	n/a	STATUS	n/a	n/a	DI54
701.8680000000	n/a	n/a	STATUS	n/a	n/a	D255
702.1480000000	n/a	n/a	STATUS	n/a	n/a	DI34
702.1960000000	n/a	n/a	STATUS	n/a	n/a	D255
702.4560000000	n/a	n/a	STATUS	n/a	n/a	DIN5
702.5080000000	n/a	n/a	STATUS	n/a	n/a	D255
702.8760000000	n/a	n/a	STATUS	n/a	n/a	D233
702.9280000000	n/a	n/a	STATUS	n/a	n/a	D255
702.9640000000	n/a	n/a	STATUS	n/a	n/a	DI54
703.0120000000	n/a	n/a	STATUS	n/a	n/a	D255
703.2760000000	n/a	n/a	STATUS	n/a	n/a	DI34
703.3240000000	n/a	n/a	STATUS	n/a	n/a	D255
703.5840000000	n/a	n/a	STATUS	n/a	n/a	DIN5
703.6360000000	n/a	n/a	STATUS	n/a	n/a	D255
704.0600000000	n/a	n/a	STATUS	n/a	n/a	D140
704.1080000000	n/a	n/a	STATUS	n/a	n/a	D255
704.1480000000	n/a	n/a	STATUS	n/a	n/a	DI54
704.1960000000	n/a	n/a	STATUS	n/a	n/a	D255
704.5000000000	n/a	n/a	STATUS	n/a	n/a	DI34
704.5520000000	n/a	n/a	STATUS	n/a	n/a	D255
704.8080000000	n/a	n/a	STATUS	n/a	n/a	DIN5
704.8600000000	n/a	n/a	STATUS	n/a	n/a	D255
705.1720000000	n/a	n/a	STATUS	n/a	n/a	D149
705.2200000000	n/a	n/a	STATUS	n/a	n/a	D255
705.2560000000	n/a	n/a	STATUS	n/a	n/a	DI52
705.3080000000	n/a	n/a	STATUS	n/a	n/a	D255
705.7320000000	n/a	n/a	STATUS	n/a	n/a	DI42
705.7800000000	n/a	n/a	STATUS	n/a	n/a	D255
706.0400000000	n/a	n/a	STATUS	n/a	n/a	DIN5
706.0880000000	n/a	n/a	STATUS	n/a	n/a	D255
706.4320000000	n/a	n/a	STATUS	n/a	n/a	D152
706.4840000000	n/a	n/a	STATUS	n/a	n/a	D255
706.5200000000	n/a	n/a	STATUS	n/a	n/a	DI52
706.5720000000	n/a	n/a	STATUS	n/a	n/a	D255
706.9320000000	n/a	n/a	STATUS	n/a	n/a	DI42
706.9800000000	n/a	n/a	STATUS	n/a	n/a	D255
707.2400000000	n/a	n/a	STATUS	n/a	n/a	DIN5
707.2920000000	n/a	n/a	STATUS	n/a	n/a	D255
707.7120000000	n/a	n/a	STATUS	n/a	n/a	D188
707.7600000000	n/a	n/a	STATUS	n/a	n/a	D255
707.8000000000	n/a	n/a	STATUS	n/a	n/a	DI52
707.8480000000	n/a	n/a	STATUS	n/a	n/a	D255
708.2440000000	n/a	n/a	STATUS	n/a	n/a	DI42
708.2960000000	n/a	n/a	STATUS	n/a	n/a	D255
708.5560000000	n/a	n/a	STATUS	n/a	n/a	DIN5
708.6040000000	n/a	n/a	STATUS	n/a	n/a	D255
708.9200000000	n/a	n/a	STATUS	n/a	n/a	DI68
708.9680000000	n/a	n/a	STATUS	n/a	n/a	D255
709.0080000000	n/a	n/a	STATUS	n/a	n/a	DI53
709.0560000000	n/a	n/a	STATUS	n/a	n/a	D255
709.3160000000	n/a	n/a	STATUS	n/a	n/a	DI43
709.3680000000	n/a	n/a	STATUS	n/a	n/a	D255
709.6280000000	n/a	n/a	STATUS	n/a	n/a	DIN5
709.6760000000	n/a	n/a	STATUS	n/a	n/a	D255
710.1200000000	n/a	n/a	STATUS	n/a	n/a	D173
710.1720000000	n/a	n/a	STATUS	n/a	n/a	D255
710.2080000000	n/a	n/a	STATUS	n/a	n/a	DI51
710.2600000000	n/a	n/a	STATUS	n/a	n/a	D255
710.5000000000	n/a	n/a	STATUS	n/a	n/a	DI21
710.5520000000	n/a	n/a	STATUS	n/a	n/a	D255
710.5560000000	n/a	n/a	STATUS	n/a	n/a	DIN4
710.6040000000	n/a	n/a	STATUS	n/a	n/a	D255
711.3600000000	n/a	n/a	STATUS	n/a	n/a	DIN5
711.4120000000	n/a	n/a	STATUS	n/a	n/a	D255
711.7560000000	n/a	n/a	STATUS	n/a	n/a	DI95
711.8040000000	n/a	n/a	STATUS	n/a	n/a	D255
711.8440000000	n/a	n/a	STATUS	n/a	n/a	DI54
711.8960000000	n/a	n/a	STATUS	n/a	n/a	D255
712.1760000000	n/a	n/a	STATUS	n/a	n/a	DI34
712.2280000000	n/a	n/a	STATUS	n/a	n/a	D255
712.4840000000	n/a	n/a	STATUS	n/a	n/a	DIN5
712.5360000000	n/a	n/a	STATUS	n/a	n/a	D255
712.9720000000	n/a	n/a	STATUS	n/a	n/a	D107
713.0200000000	n/a	n/a	STATUS	n/a	n/a	D255
713.0600000000	n/a	n/a	STATUS	n/a	n/a	DI51
713.1080000000	n/a	n/a	STATUS	n/a	n/a	D255
713.5120000000	n/a	n/a	STATUS	n/a	n/a	DI31
713.5600000000	n/a	n/a	STATUS	n/a	n/a	D255
713.8200000000	n/a	n/a	STATUS	n/a	n/a	DIN5
713.8680000000	n/a	n/a	STATUS	n/a	n/a	D255
714.3240000000	n/a	n/a	STATUS	n/a	n/a	D162
714.3760000000	n/a	n/a	STATUS	n/a	n/a	D255
714.4120000000	n/a	n/a	STATUS	n/a	n/a	DI54
714.4640000000	n/a	n/a	STATUS	n/a	n/a	D255
714.7400000000	n/a	n/a	STATUS	n/a	n/a	DI34
714.7920000000	n/a	n/a	STATUS	n/a	n/a	D255
715.0520000000	n/a	n/a	STATUS	n/a	n/a	DIN5
715.1000000000	n/a	n/a	STATUS	n/a	n/a	D255
715.4400000000	n/a	n/a	STATUS	n/a	n/a	D228
715.4920000000	n/a	n/a	STATUS	n/a	n/a	D255
715.5280000000	n/a	n/a	STATUS	n/a	n/a	DI52
715.5800000000	n/a	n/a	STATUS	n/a	n/a	D255
716.0280000000	n/a	n/a	STATUS	n/a	n/a	DI42
716.0760000000	n/a	n/a	STATUS	n/a	n/a	D255
716.3360000000	n/a	n/a	STATUS	n/a	n/a	DIN5
716.3840000000	n/a	n/a	STATUS	n/a	n/a	D255
716.7760000000	n/a	n/a	STATUS	n/a	n/a	D157
716.8240000000	n/a	n/a	STATUS	n/a	n/a	D255
716.8640000000	n/a	n/a	STATUS	n/a	n/a	DI54
716.9120000000	n/a	n/a	STATUS	n/a	n/a	D255
717.1640000000	n/a	n/a	STATUS	n/a	n/a	DI34
717.2120000000	n/a	n/a	STATUS	n/a	n/a	D255
717.4720000000	n/a	n/a	STATUS	n/a	n/a	DIN5
717.5240000000	n/a	n/a	STATUS	n/a	n/a	D255
717.9280000000	n/a	n/a	STATUS	n/a	n/a	D144
717.9760000000	n/a	n/a	STATUS	n/a	n/a	D255
718.0160000000	n/a	n/a	STATUS	n/a	n/a	DI52
718.0640000000	n/a	n/a	STATUS	n/a	n/a	D255
718.4080000000	n/a	n/a	STATUS	n/a	n/a	DI42
718.4600000000	n/a	n/a	STATUS	n/a	n/a	D255
718.7160000000	n/a	n/a	STATUS	n/a	n/a	DIN5
718.7680000000	n/a	n/a	STATUS	n/a	n/a	D255
719.1160000000	n/a	n/a	STATUS	n/a	n/a	D186
719.1680000000	n/a	n/a	STATUS	n/a	n/a	D255
719.2040000000	n/a	n/a	STATUS	n/a	n/a	DI54
719.2560000000	n/a	n/a	STATUS	n/a	n/a	D255
719.5080000000	n/a	n/a	STATUS	n/a	n/a	DI34
719.5560000000	n/a	n/a	STATUS	n/a	n/a	D255
719.8160000000	n/a	n/a	STATUS	n/a	n/a	DIN5
719.8680000000	n/a	n/a	STATUS	n/a	n/a	D255
720.3000000000	n/a	n/a	STATUS	n/a	n/a	D111
720.3520000000	n/a	n/a	STATUS	n/a	n/a	D255
720.3880000000	n/a	n/a	STATUS	n/a	n/a	DI51
720.4400000000	n/a	n/a	STATUS	n/a	n/a	D255
720.6680000000	n/a	n/a	STATUS	n/a	n/a	DI21
720.7200000000	n/a	n/a	STATUS	n/a	n/a	D255
720.7240000000	n/a	n/a	STATUS	n/a	n/a	DIN4
720.7720000000	n/a	n/a	STATUS	n/a	n/a	D255
721.5280000000	n/a	n/a	STATUS	n/a	n/a	DIN5
721.5800000000	n/a	n/a	STATUS	n/a	n/a	D255
721.9600000000	n/a	n/a	STATUS	n/a	n/a	D153
722.0080000000	n/a	n/a	STATUS	n/a	n/a	D255
722.0440000000	n/a	n/a	STATUS	n/a	n/a	DI52
722.0960000000	n/a	n/a	STATUS	n/a	n/a	D255
722.6240000000	n/a	n/a	STATUS	n/a	n/a	DI42
722.6720000000	n/a	n/a	STATUS	n/a	n/a	D255
722.9320000000	n/a	n/a	STATUS	n/a	n/a	DIN5
722.9840000000	n/a	n/a	STATUS	n/a	n/a	D255
723.4440000000	n/a	n/a	STATUS	n/a	n/a	DI65
723.4920000000	n/a	n/a	STATUS	n/a	n/a	D255
723.5320000000	n/a	n/a	STATUS	n/a	n/a	DI53
723.5800000000	n/a	n/a	STATUS	n/a	n/a	D255
723.8800000000	n/a	n/a	STATUS	n/a	n/a	DI43
723.9280000000	n/a	n/a	STATUS	n/a	n/a	D255
724.1880000000	n/a	n/a	STATUS	n/a	n/a	DIN5
724.2400000000	n/a	n/a	STATUS	n/a	n/a	D255
724.7080000000	n/a	n/a	STATUS	n/a	n/a	D172
724.7600000000	n/a	n/a	STATUS	n/a	n/a	D255
724.7960000000	n/a	n/a	STATUS	n/a	n/a	DI53
724.8480000000	n/a	n/a	STATUS	n/a	n/a	D255
725.1360000000	n/a	n/a	STATUS	n/a	n/a	DI43
725.1840000000	n/a	n/a	STATUS	n/a	n/a	D255
725.4440000000	n/a	n/a	STATUS	n/a	n/a	DIN5
725.4960000000	n/a	n/a	STATUS	n/a	n/a	D255
725.9760000000	n/a	n/a	STATUS	n/a	n/a	D183
726.0240000000	n/a	n/a	STATUS	n/a	n/a	D255
726.0640000000	n/a	n/a	STATUS	n/a	n/a	DI54
726.1120000000	n/a	n/a	STATUS	n/a	n/a	D255
726.4120000000	n/a	n/a	STATUS	n/a	n/a	DI34
726.4600000000	n/a	n/a	STATUS	n/a	n/a	D255
726.7200000000	n/a	n/a	STATUS	n/a	n/a	DIN5
726.7720000000	n/a	n/a	STATUS	n/a	n/a	D255
727.0760000000	n/a	n/a	STATUS	n/a	n/a	D132
727.1240000000	n/a	n/a	STATUS	n/a	n/a	D255
727.1640000000	n/a	n/a	STATUS	n/a	n/a	DI54
727.2120000000	n/a	n/a	STATUS	n/a	n/a	D255
727.4560000000	n/a	n/a	STATUS	n/a	n/a	DI34
727.5080000000	n/a	n/a	STATUS	n/a	n/a	D255
727.7680000000	n/a	n/a	STATUS	n/a	n/a	DIN5
727.8160000000	n/a	n/a	STATUS	n/a	n/a	D255
728.2160000000	n/a	n/a	STATUS	n/a	n/a	D192
728.2680000000	n/a	n/a	STATUS	n/a	n/a	D255
728.3040000000	n/a	n/a	STATUS	n/a	n/a	DI51
728.3560000000	n/a	n/a	STATUS	n/a	n/a	D255
728.6280000000	n/a	n/a	STATUS	n/a	n/a	DI21
728.6800000000	n/a	n/a	STATUS	n/a	n/a	D255
728.6840000000	n/a	n/a	STATUS	n/a	n/a	DIN4
728.7320000000	n/a	n/a	STATUS	n/a	n/a	D255
729.4880000000	n/a	n/a	STATUS	n/a	n/a	DIN5
729.5400000000	n/a	n/a	STATUS	n/a	n/a	D255
730.0440000000	n/a	n/a	STATUS	n/a	n/a	D227
730.0920000000	n/a	n/a	STATUS	n/a	n/a	D255
730.1320000000	n/a	n/a	STATUS	n/a	n/a	DI53
730.1800000000	n/a	n/a	STATUS	n/a	n/a	D255
730.5240000000	n/a	n/a	STATUS	n/a	n/a	DI43
730.5760000000	n/a	n/a	STATUS	n/a	n/a	D255
730.8320000000	n/a	n/a	STATUS	n/a	n/a	DIN5
730.8840000000	n/a	n/a	STATUS	n/a	n/a	D255
731.3480000000	n/a	n/a	STATUS	n/a	n/a	D159
731.4000000000	n/a	n/a	STATUS	n/a	n/a	D255
731.4360000000	n/a	n/a	STATUS	n/a	n/a	DI51
731.4880000000	n/a	n/a	STATUS	n/a	n/a	D255
731.9360000000	n/a	n/a	STATUS	n/a	n/a	DI31
731.9880000000	n/a	n/a	STATUS	n/a	n/a	D255
732.2440000000	n/a	n/a	STATUS	n/a	n/a	DIN5
732.2960000000	n/a	n/a	STATUS	n/a	n/a	D255
732.7520000000	n/a	n/a	STATUS	n/a	n/a	D220
732.8000000000	n/a	n/a	STATUS	n/a	n/a	D255
732.8400000000	n/a	n/a	STATUS	n/a	n/a	DI52
732.8880000000	n/a	n/a	STATUS	n/a	n/a	D255
733.3200000000	n/a	n/a	STATUS	n/a	n/a	DI42
733.3680000000	n/a	n/a	STATUS	n/a	n/a	D255
733.6280000000	n/a	n/a	STATUS	n/a	n/a	DIN5
733.6800000000	n/a	n/a	STATUS	n/a	n/a	D255
734.0400000000	n/a	n/a	STATUS	n/a	n/a	D222
734.0880000000	n/a	n/a	STATUS	n/a	n/a	D255
734.1280000000	n/a	n/a	STATUS	n/a	n/a	DI52
734.1760000000	n/a	n/a	STATUS	n/a	n/a	D255
734.6520000000	n/a	n/a	STATUS	n/a	n/a	DI42
734.7040000000	n/a	n/a	STATUS	n/a	n/a	D255
734.9600000000	n/a	n/a	STATUS	n/a	n/a	DIN5
735.0120000000	n/a	n/a	STATUS	n/a	n/a	D255
735.4080000000	n/a	n/a	STATUS	n/a	n/a	D100
735.4560000000	n/a	n/a	STATUS	n/a	n/a	D255
735.4920000000	n/a	n/a	STATUS	n/a	n/a	DI54
735.5440000000	n/a	n/a	STATUS	n/a	n/a	D255
735.8720000000	n/a	n/a	STATUS	n/a	n/a	DI34
735.9200000000	n/a	n/a	STATUS	n/a	n/a	D255
736.1800000000	n/a	n/a	STATUS	n/a	n/a	DIN5
736.2320000000	n/a	n/a	STATUS	n/a	n/a	D255
736.5680000000	n/a	n/a	STATUS	n/a	n/a	D218
736.6160000000	n/a	n/a	STATUS	n/a	n/a	D255
736.6560000000	n/a	n/a	STATUS	n/a	n/a	DI53
736.7040000000	n/a	n/a	STATUS	n/a	n/a	D255
737.0520000000	n/a	n/a	STATUS	n/a	n/a	DI43
737.1040000000	n/a	n/a	STATUS	n/a	n/a	D255
737.3640000000	n/a	n/a	STATUS	n/a	n/a	DIN5
737.4120000000	n/a	n/a	STATUS	n/a	n/a	D255
737.8840000000	n/a	n/a	STATUS	n/a	n/a	DI73
737.9320000000	n/a	n/a	STATUS	n/a	n/a	D255
737.9720000000	n/a	n/a	STATUS	n/a	n/a	DI51
738.0200000000	n/a	n/a	STATUS	n/a	n/a	D255
738.4520000000	n/a	n/a	STATUS	n/a	n/a	DI31
738.5000000000	n/a	n/a	STATUS	n/a	n/a	D255
738.7600000000	n/a	n/a	STATUS	n/a	n/a	DIN5
738.8080000000	n/a	n/a	STATUS	n/a	n/a	D255
739.1200000000	n/a	n/a	STATUS	n/a	n/a	D247
739.1680000000	n/a	n/a	STATUS	n/a	n/a	D255
739.2080000000	n/a	n/a	STATUS	n/a	n/a	DI51
739.2560000000	n/a	n/a	STATUS	n/a	n/a	D255
739.7160000000	n/a	n/a	STATUS	n/a	n/a	DI31
739.7680000000	n/a	n/a	STATUS	n/a	n/a	D255
740.0240000000	n/a	n/a	STATUS	n/a	n/a	DIN5
740.0760000000	n/a	n/a	STATUS	n/a	n/a	D255
740.5560000000	n/a	n/a	STATUS	n/a	n/a	D158
740.6040000000	n/a	n/a	STATUS	n/a	n/a	D255
740.6440000000	n/a	n/a	STATUS	n/a	n/a	DI51
740.6920000000	n/a	n/a	STATUS	n/a	n/a	D255
741.1000000000	n/a	n/a	STATUS	n/a	n/a	DI31
741.1480000000	n/a	n/a	STATUS	n/a	n/a	D255
741.4080000000	n/a	n/a	STATUS	n/a	n/a	DIN5
741.4600000000	n/a	n/a	STATUS	n/a	n/a	D255
741.9120000000	n/a	n/a	STATUS	n/a	n/a	D168
741.9640000000	n/a	n/a	STATUS	n/a	n/a	D255
742.0000000000	n/a	n/a	STATUS	n/a	n/a	DI52
742.0520000000	n/a	n/a	STATUS	n/a	n/a	D255
742.4320000000	n/a	n/a	STATUS	n/a	n/a	DI42
742.4840000000	n/a	n/a	STATUS	n/a	n/a	D255
742.7400000000	n/a	n/a	STATUS	n/a	n/a	DIN5
742.7920000000	n/a	n/a	STATUS	n/a	n/a	D255
743.1480000000	n/a	n/a	STATUS	n/a	n/a	D229
743.1960000000	n/a	n/a	STATUS	n/a	n/a	D255
743.2320000000	n/a	n/a	STATUS	n/a	n/a	DI53
743.2840000000	n/a	n/a	STATUS	n/a	n/a	D255
743.7160000000	n/a	n/a	STATUS	n/a	n/a	DI43
743.7640000000	n/a	n/a	STATUS	n/a	n/a	D255
744.0240000000	n/a	n/a	STATUS	n/a	n/a	DIN5
744.0760000000	n/a	n/a	STATUS	n/a	n/a	D255
744.4680000000	n/a	n/a	STATUS	n/a	n/a	D167
744.5200000000	n/a	n/a	STATUS	n/a	n/a	D255
744.5560000000	n/a	n/a	STATUS	n/a	n/a	DI51
744.6080000000	n/a	n/a	STATUS	n/a	n/a	D255
745.0160000000	n/a	n/a	STATUS	n/a	n/a	DI31
745.0640000000	n/a	n/a	STATUS	n/a	n/a	D255
745.3240000000	n/a	n/a	STATUS	n/a	n/a	DIN5
745.3760000000	n/a	n/a	STATUS	n/a	n/a	D255
745.7840000000	n/a	n/a	STATUS	n/a	n/a	D163
745.8320000000	n/a	n/a	STATUS	n/a	n/a	D255
745.8720000000	n/a	n/a	STATUS	n/a	n/a	DI51
745.9200000000	n/a	n/a	STATUS	n/a	n/a	D255
746.3800000000	n/a	n/a	STATUS	n/a	n/a	DI31
746.4320000000	n/a	n/a	STATUS	n/a	n/a	D255
746.6880000000	n/a	n/a	STATUS	n/a	n/a	DIN5
746.7400000000	n/a	n/a	STATUS	n/a	n/a	D255
747.0480000000	n/a	n/a	STATUS	n/a	n/a	D250
747.1000000000	n/a	n/a	STATUS	n/a	n/a	D255
747.1360000000	n/a	n/a	STATUS	n/a	n/a	DI52
747.1880000000	n/a	n/a	STATUS	n/a	n/a	D255
747.5800000000	n/a	n/a	STATUS	n/a	n/a	DI42
747.6320000000	n/a	n/a	STATUS	n/a	n/a	D255
747.8880000000	n/a	n/a	STATUS	n/a	n/a	DIN5
747.9400000000	n/a	n/a	STATUS	n/a	n/a	D255
748.4040000000	n/a	n/a	STATUS	n/a	n/a	D146
748.4560000000	n/a	n/a	STATUS	n/a	n/a	D255
748.4920000000	n/a	n/a	STATUS	n/a	n/a	DI53
748.5440000000	n/a	n/a	STATUS	n/a	n/a	D255
748.8240000000	n/a	n/a	STATUS	n/a	n/a	DI43
748.8720000000	n/a	n/a	STATUS	n/a	n/a	D255
749.1320000000	n/a	n/a	STATUS	n/a	n/a	DIN5
749.1840000000	n/a	n/a	STATUS	n/a	n/a	D255
749.6520000000	n/a	n/a	STATUS	n/a	n/a	D169
749.7040000000	n/a	n/a	STATUS	n/a	n/a	D255
749.7400000000	n/a	n/a	STATUS	n/a	n/a	DI53
749.7880000000	n/a	n/a	STATUS	n/a	n/a	D255
750.0760000000	n/a	n/a	STATUS	n/a	n/a	DI43
750.1240000000	n/a	n/a	STATUS	n/a	n/a	D255
750.3840000000	n/a	n/a	STATUS	n/a	n/a	DIN5
750.4360000000	n/a	n/a	STATUS	n/a	n/a	D255
750.8200000000	n/a	n/a	STATUS	n/a	n/a	D215
750.8680000000	n/a	n/a	STATUS	n/a	n/a	D255
750.9080000000	n/a	n/a	STATUS	n/a	n/a	DI54
750.9560000000	n/a	n/a	STATUS	n/a	n/a	D255
751.3440000000	n/a	n/a	STATUS	n/a	n/a	DI24
751.3960000000	n/a	n/a	STATUS	n/a	n/a	D255
751.4000000000	n/a	n/a	STATUS	n/a	n/a	DIN4
751.4480000000	n/a	n/a	STATUS	n/a	n/a	D255
752.2040000000	n/a	n/a	STATUS	n/a	n/a	DIN5
752.2560000000	n/a	n/a	STATUS	n/a	n/a	D255
752.5800000000	n/a	n/a	STATUS	n/a	n/a	D137
752.6280000000	n/a	n/a	STATUS	n/a	n/a	D255
752.6680000000	n/a	n/a	STATUS	n/a	n/a	DI54
752.7160000000	n/a	n/a	STATUS	n/a	n/a	D255
752.9400000000	n/a	n/a	STATUS	n/a	n/a	DI34
752.9920000000	n/a	n/a	STATUS	n/a	n/a	D255
753.2520000000	n/a	n/a	STATUS	n/a	n/a	DIN5
753.3000000000	n/a	n/a	STATUS	n/a	n/a	D255
753.7760000000	n/a	n/a	STATUS	n/a	n/a	D251
753.8280000000	n/a	n/a	STATUS	n/a	n/a	D255
753.8640000000	n/a	n/a	STATUS	n/a	n/a	DI52
753.9160000000	n/a	n/a	STATUS	n/a	n/a	D255
754.1840000000	n/a	n/a	STATUS	n/a	n/a	DI12
754.2320000000	n/a	n/a	STATUS	n/a	n/a	D255
754.2360000000	n/a	n/a	STATUS	n/a	n/a	DIN4
754.2880000000	n/a	n/a	STATUS	n/a	n/a	DIN5
754.2880000000	n/a	n/a	STATUS	n/a	n/a	D255
755.0440000000	n/a	n/a	STATUS	n/a	n/a	DIN5
755.0920000000	n/a	n/a	STATUS	n/a	n/a	D255
755.5240000000	n/a	n/a	STATUS	n/a	n/a	DI92
755.5720000000	n/a	n/a	STATUS	n/a	n/a	D255
755.6120000000	n/a	n/a	STATUS	n/a	n/a	DI53
755.6600000000	n/a	n/a	STATUS	n/a	n/a	D255
756.2280000000	n/a	n/a	STATUS	n/a	n/a	DI43
756.2760000000	n/a	n/a	STATUS	n/a	n/a	D255
756.5360000000	n/a	n/a	STATUS	n/a	n/a	DIN5
756.5840000000	n/a	n/a	STATUS	n/a	n/a	D255
756.9720000000	n/a	n/a	STATUS	n/a	n/a	D106
757.0200000000	n/a	n/a	STATUS	n/a	n/a	D255
757.0600000000	n/a	n/a	STATUS	n/a	n/a	DI53
757.1080000000	n/a	n/a	STATUS	n/a	n/a	D255
757.3720000000	n/a	n/a	STATUS	n/a	n/a	DI43
757.4200000000	n/a	n/a	STATUS	n/a	n/a	D255
757.6800000000	n/a	n/a	STATUS	n/a	n/a	DIN5
757.7320000000	n/a	n/a	STATUS	n/a	n/a	D255
758.1400000000	n/a	n/a	STATUS	n/a	n/a	D102
758.1920000000	n/a	n/a	STATUS	n/a	n/a	D255
758.2280000000	n/a	n/a	STATUS	n/a	n/a	DI51
758.2800000000	n/a	n/a	STATUS	n/a	n/a	D255
758.5160000000	n/a	n/a	STATUS	n/a	n/a	DI21
758.5640000000	n/a	n/a	STATUS	n/a	n/a	D255
758.5720000000	n/a	n/a	STATUS	n/a	n/a	DIN4
758.6200000000	n/a	n/a	STATUS	n/a	n/a	D255
759.3760000000	n/a	n/a	STATUS	n/a	n/a	DIN5
759.4240000000	n/a	n/a	STATUS	n/a	n/a	D255
759.7920000000	n/a	n/a	STATUS	n/a	n/a	D238
759.8400000000	n/a	n/a	STATUS	n/a	n/a	D255
759.8760000000	n/a	n/a	STATUS	n/a	n/a	DI52
759.9280000000	n/a	n/a	STATUS	n/a	n/a	D255
760.8560000000	n/a	n/a	STATUS	n/a	n/a	DIN3
760.9080000000	n/a	n/a	STATUS	n/a	n/a	D255
761.6640000000	n/a	n/a	STATUS	n/a	n/a	DIN5
761.7120000000	n/a	n/a	STATUS	n/a	n/a	D255
762.0160000000	n/a	n/a	STATUS	n/a	n/a	DI89
762.0680000000	n/a	n/a	STATUS	n/a	n/a	D255
762.1040000000	n/a	n/a	STATUS	n/a	n/a	DI52
762.1560000000	n/a	n/a	STATUS	n/a	n/a	D255
762.6400000000	n/a	n/a	STATUS	n/a	n/a	DI42
762.6920000000	n/a	n/a	STATUS	n/a	n/a	D255
762.9480000000	n/a	n/a	STATUS	n/a	n/a	DIN5
763.0000000000	n/a	n/a	STATUS	n/a	n/a	D255
763.4600000000	n/a	n/a	STATUS	n/a	n/a	D147
763.5080000000	n/a	n/a	STATUS	n/a	n/a	D255
763.5480000000	n/a	n/a	STATUS	n/a	n/a	DI51
763.5960000000	n/a	n/a	STATUS	n/a	n/a	D255
763.8360000000	n/a	n/a	STATUS	n/a	n/a	DI21
763.8840000000	n/a	n/a	STATUS	n/a	n/a	D255
763.8920000000	n/a	n/a	STATUS	n/a	n/a	DIN4
763.9400000000	n/a	n/a	STATUS	n/a	n/a	D255
764.6960000000	n/a	n/a	STATUS	n/a	n/a	DIN5
764.7440000000	n/a	n/a	STATUS	n/a	n/a	D255
765.1040000000	n/a	n/a	STATUS	n/a	n/a	D115
765.1560000000	n/a	n/a	STATUS	n/a	n/a	D255
765.1920000000	n/a	n/a	STATUS	n/a	n/a	DI51
765.2440000000	n/a	n/a	STATUS	n/a	n/a	D255
765.6400000000	n/a	n/a	STATUS	n/a	n/a	DI31
765.6880000000	n/a	n/a	STATUS	n/a	n/a	D255
765.9480000000	n/a	n/a	STATUS	n/a	n/a	DIN5
766.0000000000	n/a	n/a	STATUS	n/a	n/a	D255
766.3080000000	n/a	n/a	STATUS	n/a	n/a	D139
766.3600000000	n/a	n/a	STATUS	n/a	n/a	D255
766.3960000000	n/a	n/a	STATUS	n/a	n/a	DI53
766.4440000000	n/a	n/a	STATUS	n/a	n/a	D255
766.7600000000	n/a	n/a	STATUS	n/a	n/a	DI43
766.8120000000	n/a	n/a	STATUS	n/a	n/a	D255
767.0680000000	n/a	n/a	STATUS	n/a	n/a	DIN5
767.1200000000	n/a	n/a	STATUS	n/a	n/a	D255
767.4240000000	n/a	n/a	STATUS	n/a	n/a	D244
767.4760000000	n/a	n/a	STATUS	n/a	n/a	D255
767.5120000000	n/a	n/a	STATUS	n/a	n/a	DI54
767.5640000000	n/a	n/a	STATUS	n/a	n/a	D255
767.8640000000	n/a	n/a	STATUS	n/a	n/a	DI34
767.9160000000	n/a	n/a	STATUS	n/a	n/a	D255
768.1760000000	n/a	n/a	STATUS	n/a	n/a	DIN5
768.2240000000	n/a	n/a	STATUS	n/a	n/a	D255
768.6560000000	n/a	n/a	STATUS	n/a	n/a	D138
768.7040000000	n/a	n/a	STATUS	n/a	n/a	D255
768.7440000000	n/a	n/a	STATUS	n/a	n/a	DI51
768.7920000000	n/a	n/a	STATUS	n/a	n/a	D255
769.2040000000	n/a	n/a	STATUS	n/a	n/a	DI31
769.2560000000	n/a	n/a	STATUS	n/a	n/a	D255
769.5160000000	n/a	n/a	STATUS	n/a	n/a	DIN5
769.5640000000	n/a	n/a	STATUS	n/a	n/a	D255
770.0120000000	n/a	n/a	STATUS	n/a	n/a	D129
770.0640000000	n/a	n/a	STATUS	n/a	n/a	D255
770.1000000000	n/a	n/a	STATUS	n/a	n/a	DI52
770.1520000000	n/a	n/a	STATUS	n/a	n/a	D255
770.5560000000	n/a	n/a	STATUS	n/a	n/a	DI42
770.6040000000	n/a	n/a	STATUS	n/a	n/a	D255
770.8640000000	n/a	n/a	STATUS	n/a	n/a	DIN5
770.9120000000	n/a	n/a	STATUS	n/a	n/a	D255
771.2320000000	n/a	n/a	STATUS	n/a	n/a	D197
771.2840000000	n/a	n/a	STATUS	n/a	n/a	D255
771.3200000000	n/a	n/a	STATUS	n/a	n/a	DI54
771.3720000000	n/a	n/a	STATUS	n/a	n/a	D255
771.6560000000	n/a	n/a	STATUS	n/a	n/a	DI34
771.7080000000	n/a	n/a	STATUS	n/a	n/a	D255
771.9680000000	n/a	n/a	STATUS	n/a	n/a	DIN5
772.0160000000	n/a	n/a	STATUS	n/a	n/a	D255
772.5080000000	n/a	n/a	STATUS	n/a	n/a	D210
772.5560000000	n/a	n/a	STATUS	n/a	n/a	D255
772.5960000000	n/a	n/a	STATUS	n/a	n/a	DI54
772.6440000000	n/a	n/a	STATUS	n/a	n/a	D255
772.8840000000	n/a	n/a	STATUS	n/a	n/a	DI34
772.9360000000	n/a	n/a	STATUS	n/a	n/a	D255
773.1960000000	n/a	n/a	STATUS	n/a	n/a	DIN5
773.2440000000	n/a	n/a	STATUS	n/a	n/a	D255
773.6360000000	n/a	n/a	STATUS	n/a	n/a	D178
773.6840000000	n/a	n/a	STATUS	n/a	n/a	D255
773.7240000000	n/a	n/a	STATUS	n/a	n/a	DI54
773.7720000000	n/a	n/a	STATUS	n/a	n/a	D255
773.7720000000	n/a	n/a	STATUS	n/a	n/a	D118
774.0320000000	n/a	n/a	STATUS	n/a	n/a	DI34
774.0800000000	n/a	n/a	STATUS	n/a	n/a	D255
774.3400000000	n/a	n/a	STATUS	n/a	n/a	DIN5
774.3920000000	n/a	n/a	STATUS	n/a	n/a	D255
774.8120000000	n/a	n/a	STATUS	n/a	n/a	D143
774.8600000000	n/a	n/a	STATUS	n/a	n/a	D255
774.8960000000	n/a	n/a	STATUS	n/a	n/a	DI51
774.9480000000	n/a	n/a	STATUS	n/a	n/a	D255
775.4520000000	n/a	n/a	STATUS	n/a	n/a	DI31
775.5040000000	n/a	n/a	STATUS	n/a	n/a	D255
775.7600000000	n/a	n/a	STATUS	n/a	n/a	DIN5
775.8120000000	n/a	n/a	STATUS	n/a	n/a	D255
776.3000000000	n/a	n/a	STATUS	n/a	n/a	D213
776.3520000000	n/a	n/a	STATUS	n/a	n/a	D255
776.3880000000	n/a	n/a	STATUS	n/a	n/a	DI53
776.4400000000	n/a	n/a	STATUS	n/a	n/a	D255
776.7120000000	n/a	n/a	STATUS	n/a	n/a	DI43
776.7640000000	n/a	n/a	STATUS	n/a	n/a	D255
777.0240000000	n/a	n/a	STATUS	n/a	n/a	DIN5
777.0720000000	n/a	n/a	STATUS	n/a	n/a	D255
777.5320000000	n/a	n/a	STATUS	n/a	n/a	DI84
777.5840000000	n/a	n/a	STATUS	n/a	n/a	D255
777.6200000000	n/a	n/a	STATUS	n/a	n/a	DI52
777.6720000000	n/a	n/a	STATUS	n/a	n/a	D255
778.0680000000	n/a	n/a	STATUS	n/a	n/a	DI42
778.1160000000	n/a	n/a	STATUS	n/a	n/a	D255
778.3760000000	n/a	n/a	STATUS	n/a	n/a	DIN5
778.4280000000	n/a	n/a	STATUS	n/a	n/a	D255
778.8960000000	n/a	n/a	STATUS	n/a	n/a	DI71
778.9480000000	n/a	n/a	STATUS	n/a	n/a	D255
778.9840000000	n/a	n/a	STATUS	n/a	n/a	DI53
779.0360000000	n/a	n/a	STATUS	n/a	n/a	D255
779.2840000000	n/a	n/a	STATUS	n/a	n/a	DI43
779.3320000000	n/a	n/a	STATUS	n/a	n/a	D255
779.5920000000	n/a	n/a	STATUS	n/a	n/a	DIN5
779.6440000000	n/a	n/a	STATUS	n/a	n/a	D255
779.9640000000	n/a	n/a	STATUS	n/a	n/a	D239
780.0120000000	n/a	n/a	STATUS	n/a	n/a	D255
780.0520000000	n/a	n/a	STATUS	n/a	n/a	DI52
780.1000000000	n/a	n/a	STATUS	n/a	n/a	D255
780.5160000000	n/a	n/a	STATUS	n/a	n/a	DI42
780.5680000000	n/a	n/a	STATUS	n/a	n/a	D255
780.8280000000	n/a	n/a	STATUS	n/a	n/a	DIN5
780.8760000000	n/a	n/a	STATUS	n/a	n/a	D255
781.2960000000	n/a	n/a	STATUS	n/a	n/a	DI98
781.3440000000	n/a	n/a	STATUS	n/a	n/a	D255
781.3840000000	n/a	n/a	STATUS	n/a	n/a	DI54
781.4360000000	n/a	n/a	STATUS	n/a	n/a	D255
781.6960000000	n/a	n/a	STATUS	n/a	n/a	DI34
781.7480000000	n/a	n/a	STATUS	n/a	n/a	D255
782.0040000000	n/a	n/a	STATUS	n/a	n/a	DIN5
782.0560000000	n/a	n/a	STATUS	n/a	n/a	D255
782.5320000000	n/a	n/a	STATUS	n/a	n/a	D232
782.5800000000	n/a	n/a	STATUS	n/a	n/a	D255
782.6200000000	n/a	n/a	STATUS	n/a	n/a	DI52
782.6680000000	n/a	n/a	STATUS	n/a	n/a	D255
782.9040000000	n/a	n/a	STATUS	n/a	n/a	DI12
782.9560000000	n/a	n/a	STATUS	n/a	n/a	D255
782.9600000000	n/a	n/a	STATUS	n/a	n/a	DIN4
783.0080000000	n/a	n/a	STATUS	n/a	n/a	D255
783.7640000000	n/a	n/a	STATUS	n/a	n/a	DIN5
783.8160000000	n/a	n/a	STATUS	n/a	n/a	D255
784.1680000000	n/a	n/a	STATUS	n/a	n/a	D101
784.2200000000	n/a	n/a	STATUS	n/a	n/a	D255
784.2560000000	n/a	n/a	STATUS	n/a	n/a	DI54
784.3080000000	n/a	n/a	STATUS	n/a	n/a	D255
784.5480000000	n/a	n/a	STATUS	n/a	n/a	DI34
784.5960000000	n/a	n/a	STATUS	n/a	n/a	D255
784.8560000000	n/a	n/a	STATUS	n/a	n/a	DIN5
784.9080000000	n/a	n/a	STATUS	n/a	n/a	D255
785.2680000000	n/a	n/a	STATUS	n/a	n/a	DI96
785.3160000000	n/a	n/a	STATUS	n/a	n/a	D255
785.3520000000	n/a	n/a	STATUS	n/a	n/a	DI52
785.4040000000	n/a	n/a	STATUS	n/a	n/a	D255
785.8160000000	n/a	n/a	STATUS	n/a	n/a	DI42
785.8640000000	n/a	n/a	STATUS	n/a	n/a	D255
786.1240000000	n/a	n/a	STATUS	n/a	n/a	DIN5
786.1720000000	n/a	n/a	STATUS	n/a	n/a	D255
786.5280000000	n/a	n/a	STATUS	n/a	n/a	D145
786.5800000000	n/a	n/a	STATUS	n/a	n/a	D255
786.6160000000	n/a	n/a	STATUS	n/a	n/a	DI53
786.6680000000	n/a	n/a	STATUS	n/a	n/a	D255
787.0960000000	n/a	n/a	STATUS	n/a	n/a	DI43
787.1480000000	n/a	n/a	STATUS	n/a	n/a	D255
787.4080000000	n/a	n/a	STATUS	n/a	n/a	DIN5
787.4560000000	n/a	n/a	STATUS	n/a	n/a	D255
787.8280000000	n/a	n/a	STATUS	n/a	n/a	D118
787.8760000000	n/a	n/a	STATUS	n/a	n/a	D255
787.9160000000	n/a	n/a	STATUS	n/a	n/a	DI54
787.9640000000	n/a	n/a	STATUS	n/a	n/a	D255
788.2800000000	n/a	n/a	STATUS	n/a	n/a	DI34
788.3320000000	n/a	n/a	STATUS	n/a	n/a	D255
788.5880000000	n/a	n/a	STATUS	n/a	n/a	DIN5
788.6400000000	n/a	n/a	STATUS	n/a	n/a	D255
789.0160000000	n/a	n/a	STATUS	n/a	n/a	DI77
789.0640000000	n/a	n/a	STATUS	n/a	n/a	D255
789.1040000000	n/a	n/a	STATUS	n/a	n/a	DI54
789.1520000000	n/a	n/a	STATUS	n/a	n/a	D255
789.4000000000	n/a	n/a	STATUS	n/a	n/a	DI34
789.4520000000	n/a	n/a	STATUS	n/a	n/a	D255
807.3400000000	n/a	n/a	STATUS	n/a	n/a	DIN5
807.3920000000	n/a	n/a	STATUS	n/a	n/a	D255
807.8920000000	n/a	n/a	STATUS	n/a	n/a	D175
807.9400000000	n/a	n/a	STATUS	n/a	n/a	D255
807.9760000000	n/a	n/a	STATUS	n/a	n/a	DI51
808.0280000000	n/a	n/a	STATUS	n/a	n/a	D255
808.5560000000	n/a	n/a	STATUS	n/a	n/a	DI31
808.6040000000	n/a	n/a	STATUS	n/a	n/a	D255
808.8640000000	n/a	n/a	STATUS	n/a	n/a	DIN5
808.9160000000	n/a	n/a	STATUS	n/a	n/a	D255
809.3600000000	n/a	n/a	STATUS	n/a	n/a	D163
809.4080000000	n/a	n/a	STATUS	n/a	n/a	D255
809.4480000000	n/a	n/a	STATUS	n/a	n/a	DI53
809.4960000000	n/a	n/a	STATUS	n/a	n/a	D255
809.7960000000	n/a	n/a	STATUS	n/a	n/a	DI43
809.8480000000	n/a	n/a	STATUS	n/a	n/a	D255
810.1040000000	n/a	n/a	STATUS	n/a	n/a	DIN5
810.1560000000	n/a	n/a	STATUS	n/a	n/a	D255
810.5200000000	n/a	n/a	STATUS	n/a	n/a	D177
810.5680000000	n/a	n/a	STATUS	n/a	n/a	D255
810.6080000000	n/a	n/a	STATUS	n/a	n/a	DI51
810.6600000000	n/a	n/a	STATUS	n/a	n/a	D255
811.0040000000	n/a	n/a	STATUS	n/a	n/a	DI31
811.0560000000	n/a	n/a	STATUS	n/a	n/a	D255
811.3160000000	n/a	n/a	STATUS	n/a	n/a	DIN5
811.3640000000	n/a	n/a	STATUS	n/a	n/a	D255
811.8560000000	n/a	n/a	STATUS	n/a	n/a	D112
811.9040000000	n/a	n/a	STATUS	n/a	n/a	D255
811.9440000000	n/a	n/a	STATUS	n/a	n/a	DI53
811.9920000000	n/a	n/a	STATUS	n/a	n/a	D255
812.2680000000	n/a	n/a	STATUS	n/a	n/a	DI43
812.3200000000	n/a	n/a	STATUS	n/a	n/a	D255
812.5760000000	n/a	n/a	STATUS	n/a	n/a	DIN5
812.6280000000	n/a	n/a	STATUS	n/a	n/a	D255
813.0160000000	n/a	n/a	STATUS	n/a	n/a	D149
813.0680000000	n/a	n/a	STATUS	n/a	n/a	D255
813.1040000000	n/a	n/a	STATUS	n/a	n/a	DI52
813.1520000000	n/a	n/a	STATUS	n/a	n/a	D255
813.4040000000	n/a	n/a	STATUS	n/a	n/a	DI12
813.4560000000	n/a	n/a	STATUS	n/a	n/a	D255
813.4600000000	n/a	n/a	STATUS	n/a	n/a	DIN4
813.5120000000	n/a	n/a	STATUS	n/a	n/a	D255
814.2640000000	n/a	n/a	STATUS	n/a	n/a	DIN5
814.3160000000	n/a	n/a	STATUS	n/a	n/a	D255
814.7800000000	n/a	n/a	STATUS	n/a	n/a	D152
814.8280000000	n/a	n/a	STATUS	n/a	n/a	D255
814.8680000000	n/a	n/a	STATUS	n/a	n/a	DI53
814.9200000000	n/a	n/a	STATUS	n/a	n/a	D255
815.2200000000	n/a	n/a	STATUS	n/a	n/a	DI43
815.2720000000	n/a	n/a	STATUS	n/a	n/a	D255
815.5320000000	n/a	n/a	STATUS	n/a	n/a	DIN5
815.5800000000	n/a	n/a	STATUS	n/a	n/a	D255
815.9800000000	n/a	n/a	STATUS	n/a	n/a	D115
816.0320000000	n/a	n/a	STATUS	n/a	n/a	D255
816.0680000000	n/a	n/a	STATUS	n/a	n/a	DI54
816.1200000000	n/a	n/a	STATUS	n/a	n/a	D255
816.3960000000	n/a	n/a	STATUS	n/a	n/a	DI34
816.4440000000	n/a	n/a	STATUS	n/a	n/a	D255
816.7040000000	n/a	n/a	STATUS	n/a	n/a	DIN5
816.7560000000	n/a	n/a	STATUS	n/a	n/a	D255
816.7560000000	n/a	n/a	STATUS	n/a	n/a	D231
817.2000000000	n/a	n/a	STATUS	n/a	n/a	D236
817.2520000000	n/a	n/a	STATUS	n/a	n/a	D255
817.2880000000	n/a	n/a	STATUS	n/a	n/a	DI54
817.3400000000	n/a	n/a	STATUS	n/a	n/a	D255
817.6000000000	n/a	n/a	STATUS	n/a	n/a	DI34
817.6520000000	n/a	n/a	STATUS	n/a	n/a	D255
817.9080000000	n/a	n/a	STATUS	n/a	n/a	DIN5
817.9600000000	n/a	n/a	STATUS	n/a	n/a	D255
818.4160000000	n/a	n/a	STATUS	n/a	n/a	D138
818.4640000000	n/a	n/a	STATUS	n/a	n/a	D255
818.5000000000	n/a	n/a	STATUS	n/a	n/a	DI52
818.5520000000	n/a	n/a	STATUS	n/a	n/a	D255
818.9240000000	n/a	n/a	STATUS	n/a	n/a	DI42
818.9720000000	n/a	n/a	STATUS	n/a	n/a	D255
819.2320000000	n/a	n/a	STATUS	n/a	n/a	DIN5
819.2840000000	n/a	n/a	STATUS	n/a	n/a	D255
819.7440000000	n/a	n/a	STATUS	n/a	n/a	DI83
819.7920000000	n/a	n/a	STATUS	n/a	n/a	D255
819.8320000000	n/a	n/a	STATUS	n/a	n/a	DI53
819.8800000000	n/a	n/a	STATUS	n/a	n/a	D255
820.1880000000	n/a	n/a	STATUS	n/a	n/a	DI43
820.2400000000	n/a	n/a	STATUS	n/a	n/a	D255
820.5000000000	n/a	n/a	STATUS	n/a	n/a	DIN5
820.5480000000	n/a	n/a	STATUS	n/a	n/a	D255
820.9960000000	n/a	n/a	STATUS	n/a	n/a	DI87
821.0440000000	n/a	n/a	STATUS	n/a	n/a	D255
821.0840000000	n/a	n/a	STATUS	n/a	n/a	DI51
821.1320000000	n/a	n/a	STATUS	n/a	n/a	D255
821.5200000000	n/a	n/a	STATUS	n/a	n/a	DI31
821.5720000000	n/a	n/a	STATUS	n/a	n/a	D255
821.8280000000	n/a	n/a	STATUS	n/a	n/a	DIN5
821.8800000000	n/a	n/a	STATUS	n/a	n/a	D255
822.2560000000	n/a	n/a	STATUS	n/a	n/a	D154
822.3040000000	n/a	n/a	STATUS	n/a	n/a	D255
822.3440000000	n/a	n/a	STATUS	n/a	n/a	DI51
822.3920000000	n/a	n/a	STATUS	n/a	n/a	D255
822.7400000000	n/a	n/a	STATUS	n/a	n/a	DI31
822.7920000000	n/a	n/a	STATUS	n/a	n/a	D255
823.0520000000	n/a	n/a	STATUS	n/a	n/a	DIN5
823.1000000000	n/a	n/a	STATUS	n/a	n/a	D255
823.5440000000	n/a	n/a	STATUS	n/a	n/a	DI67
823.5960000000	n/a	n/a	STATUS	n/a	n/a	D255
823.6320000000	n/a	n/a	STATUS	n/a	n/a	DI54
823.6840000000	n/a	n/a	STATUS	n/a	n/a	D255
823.9600000000	n/a	n/a	STATUS	n/a	n/a	DI34
824.0080000000	n/a	n/a	STATUS	n/a	n/a	D255
824.2680000000	n/a	n/a	STATUS	n/a	n/a	DIN5
824.3200000000	n/a	n/a	STATUS	n/a	n/a	D255
824.7320000000	n/a	n/a	STATUS	n/a	n/a	D104
824.7840000000	n/a	n/a	STATUS	n/a	n/a	D255
824.8200000000	n/a	n/a	STATUS	n/a	n/a	DI51
824.8720000000	n/a	n/a	STATUS	n/a	n/a	D255
825.2400000000	n/a	n/a	STATUS	n/a	n/a	DI21
825.2920000000	n/a	n/a	STATUS	n/a	n/a	D255
825.2960000000	n/a	n/a	STATUS	n/a	n/a	DIN4
825.3440000000	n/a	n/a	STATUS	n/a	n/a	D255
826.1000000000	n/a	n/a	STATUS	n/a	n/a	DIN5
826.1480000000	n/a	n/a	STATUS	n/a	n/a	D255
826.6160000000	n/a	n/a	STATUS	n/a	n/a	D101
826.6640000000	n/a	n/a	STATUS	n/a	n/a	D255
826.7040000000	n/a	n/a	STATUS	n/a	n/a	DI52
826.7520000000	n/a	n/a	STATUS	n/a	n/a	D255
827.1960000000	n/a	n/a	STATUS	n/a	n/a	DI42
827.2480000000	n/a	n/a	STATUS	n/a	n/a	D255
827.5040000000	n/a	n/a	STATUS	n/a	n/a	DIN5
827.5560000000	n/a	n/a	STATUS	n/a	n/a	D255
827.9960000000	n/a	n/a	STATUS	n/a	n/a	D222
828.0480000000	n/a	n/a	STATUS	n/a	n/a	D255
828.0840000000	n/a	n/a	STATUS	n/a	n/a	DI53
828.1360000000	n/a	n/a	STATUS	n/a	n/a	D255
828.4560000000	n/a	n/a	STATUS	n/a	n/a	DI43
828.5080000000	n/a	n/a	STATUS	n/a	n/a	D255
828.7680000000	n/a	n/a	STATUS	n/a	n/a	DIN5
828.8160000000	n/a	n/a	STATUS	n/a	n/a	D255
829.3000000000	n/a	n/a	STATUS	n/a	n/a	DI69
829.3520000000	n/a	n/a	STATUS	n/a	n/a	D255
829.3880000000	n/a	n/a	STATUS	n/a	n/a	DI54
829.4400000000	n/a	n/a	STATUS	n/a	n/a	D255
829.7320000000	n/a	n/a	STATUS	n/a	n/a	DI34
829.7800000000	n/a	n/a	STATUS	n/a	n/a	D255
830.0400000000	n/a	n/a	STATUS	n/a	n/a	DIN5
830.0920000000	n/a	n/a	STATUS	n/a	n/a	D255
830.4280000000	n/a	n/a	STATUS	n/a	n/a	D224
830.4800000000	n/a	n/a	STATUS	n/a	n/a	D255
830.5160000000	n/a	n/a	STATUS	n/a	n/a	DI51
830.5680000000	n/a	n/a	STATUS	n/a	n/a	D255
830.9600000000	n/a	n/a	STATUS	n/a	n/a	DI31
831.0080000000	n/a	n/a	STATUS	n/a	n/a	D255
831.2680000000	n/a	n/a	STATUS	n/a	n/a	DIN5
831.3200000000	n/a	n/a	STATUS	n/a	n/a	D255
831.7120000000	n/a	n/a	STATUS	n/a	n/a	D212
831.7640000000	n/a	n/a	STATUS	n/a	n/a	D255
831.8000000000	n/a	n/a	STATUS	n/a	n/a	DI54
831.8520000000	n/a	n/a	STATUS	n/a	n/a	D255
832.2160000000	n/a	n/a	STATUS	n/a	n/a	DI34
832.2680000000	n/a	n/a	STATUS	n/a	n/a	D255
832.5280000000	n/a	n/a	STATUS	n/a	n/a	DIN5
832.5760000000	n/a	n/a	STATUS	n/a	n/a	D255
832.9320000000	n/a	n/a	STATUS	n/a	n/a	D129
832.9800000000	n/a	n/a	STATUS	n/a	n/a	D255
833.0200000000	n/a	n/a	STATUS	n/a	n/a	DI52
833.0680000000	n/a	n/a	STATUS	n/a	n/a	D255
833.4440000000	n/a	n/a	STATUS	n/a	n/a	DI42
833.4920000000	n/a	n/a	STATUS	n/a	n/a	D255
833.7520000000	n/a	n/a	STATUS	n/a	n/a	DIN5
833.8040000000	n/a	n/a	STATUS	n/a	n/a	D255
834.1720000000	n/a	n/a	STATUS	n/a	n/a	DI97
834.2240000000	n/a	n/a	STATUS	n/a	n/a	D255
834.2600000000	n/a	n/a	STATUS	n/a	n/a	DI52
834.3120000000	n/a	n/a	STATUS	n/a	n/a	D255
834.8120000000	n/a	n/a	STATUS	n/a	n/a	DI42
834.8600000000	n/a	n/a	STATUS	n/a	n/a	D255
835.1200000000	n/a	n/a	STATUS	n/a	n/a	DIN5
835.1720000000	n/a	n/a	STATUS	n/a	n/a	D255
835.6040000000	n/a	n/a	STATUS	n/a	n/a	D178
835.6560000000	n/a	n/a	STATUS	n/a	n/a	D255
835.6920000000	n/a	n/a	STATUS	n/a	n/a	DI54
835.7440000000	n/a	n/a	STATUS	n/a	n/a	D255
836.0560000000	n/a	n/a	STATUS	n/a	n/a	DI34
836.1040000000	n/a	n/a	STATUS	n/a	n/a	D255
836.3640000000	n/a	n/a	STATUS	n/a	n/a	DIN5
836.4160000000	n/a	n/a	STATUS	n/a	n/a	D255
836.7680000000	n/a	n/a	STATUS	n/a	n/a	D250
836.8200000000	n/a	n/a	STATUS	n/a	n/a	D255
836.8560000000	n/a	n/a	STATUS	n/a	n/a	DI53
836.8560000000	n/a	n/a	STATUS	n/a	n/a	DI52
836.9080000000	n/a	n/a	STATUS	n/a	n/a	D255
837.2800000000	n/a	n/a	STATUS	n/a	n/a	DI42
837.3320000000	n/a	n/a	STATUS	n/a	n/a	D255
837.5920000000	n/a	n/a	STATUS	n/a	n/a	DIN5
837.6400000000	n/a	n/a	STATUS	n/a	n/a	D255
838.0240000000	n/a	n/a	STATUS	n/a	n/a	D123
838.0760000000	n/a	n/a	STATUS	n/a	n/a	D255
838.1120000000	n/a	n/a	STATUS	n/a	n/a	DI51
838.1640000000	n/a	n/a	STATUS	n/a	n/a	D255
838.5600000000	n/a	n/a	STATUS	n/a	n/a	DI31
838.6080000000	n/a	n/a	STATUS	n/a	n/a	D255
838.8680000000	n/a	n/a	STATUS	n/a	n/a	DIN5
838.9160000000	n/a	n/a	STATUS	n/a	n/a	D255
839.3560000000	n/a	n/a	STATUS	n/a	n/a	D171
839.4080000000	n/a	n/a	STATUS	n/a	n/a	D255
839.4440000000	n/a	n/a	STATUS	n/a	n/a	DI54
839.4960000000	n/a	n/a	STATUS	n/a	n/a	D255
839.7640000000	n/a	n/a	STATUS	n/a	n/a	DI34
839.8160000000	n/a	n/a	STATUS	n/a	n/a	D255
840.0720000000	n/a	n/a	STATUS	n/a	n/a	DIN5
840.1240000000	n/a	n/a	STATUS	n/a	n/a	D255
840.4840000000	n/a	n/a	STATUS	n/a	n/a	D160
840.5320000000	n/a	n/a	STATUS	n/a	n/a	D255
840.5720000000	n/a	n/a	STATUS	n/a	n/a	DI51
840.6200000000	n/a	n/a	STATUS	n/a	n/a	D255
840.9920000000	n/a	n/a	STATUS	n/a	n/a	DI31
841.0400000000	n/a	n/a	STATUS	n/a	n/a	D255
841.3000000000	n/a	n/a	STATUS	n/a	n/a	DIN5
841.3520000000	n/a	n/a	STATUS	n/a	n/a	D255
841.8160000000	n/a	n/a	STATUS	n/a	n/a	D116
841.8640000000	n/a	n/a	STATUS	n/a	n/a	D255
841.9040000000	n/a	n/a	STATUS	n/a	n/a	DI53
841.9520000000	n/a	n/a	STATUS	n/a	n/a	D255
842.2320000000	n/a	n/a	STATUS	n/a	n/a	DI43
842.2840000000	n/a	n/a	STATUS	n/a	n/a	D255
842.5440000000	n/a	n/a	STATUS	n/a	n/a	DIN5
842.5920000000	n/a	n/a	STATUS	n/a	n/a	D255
843.0360000000	n/a	n/a	STATUS	n/a	n/a	D241
843.0880000000	n/a	n/a	STATUS	n/a	n/a	D255
843.1240000000	n/a	n/a	STATUS	n/a	n/a	DI53
843.1760000000	n/a	n/a	STATUS	n/a	n/a	D255
843.4720000000	n/a	n/a	STATUS	n/a	n/a	DI43
843.5200000000	n/a	n/a	STATUS	n/a	n/a	D255
843.7800000000	n/a	n/a	STATUS	n/a	n/a	DIN5
843.8320000000	n/a	n/a	STATUS	n/a	n/a	D255
844.3040000000	n/a	n/a	STATUS	n/a	n/a	D210
844.3560000000	n/a	n/a	STATUS	n/a	n/a	D255
844.3920000000	n/a	n/a	STATUS	n/a	n/a	DI53
844.4440000000	n/a	n/a	STATUS	n/a	n/a	D255
844.7360000000	n/a	n/a	STATUS	n/a	n/a	DI43
844.7880000000	n/a	n/a	STATUS	n/a	n/a	D255
845.0480000000	n/a	n/a	STATUS	n/a	n/a	DIN5
845.0960000000	n/a	n/a	STATUS	n/a	n/a	D255
845.4480000000	n/a	n/a	STATUS	n/a	n/a	D128
845.4960000000	n/a	n/a	STATUS	n/a	n/a	D255
845.5320000000	n/a	n/a	STATUS	n/a	n/a	DI54
845.5840000000	n/a	n/a	STATUS	n/a	n/a	D255
845.9520000000	n/a	n/a	STATUS	n/a	n/a	DI34
846.0040000000	n/a	n/a	STATUS	n/a	n/a	D255
846.2640000000	n/a	n/a	STATUS	n/a	n/a	DIN5
846.3120000000	n/a	n/a	STATUS	n/a	n/a	D255
846.6480000000	n/a	n/a	STATUS	n/a	n/a	D223
846.7000000000	n/a	n/a	STATUS	n/a	n/a	D255
846.7360000000	n/a	n/a	STATUS	n/a	n/a	DI53
846.7880000000	n/a	n/a	STATUS	n/a	n/a	D255
847.1200000000	n/a	n/a	STATUS	n/a	n/a	DI43
847.1680000000	n/a	n/a	STATUS	n/a	n/a	D255
847.4280000000	n/a	n/a	STATUS	n/a	n/a	DIN5
847.4800000000	n/a	n/a	STATUS	n/a	n/a	D255
847.9200000000	n/a	n/a	STATUS	n/a	n/a	D242
847.9680000000	n/a	n/a	STATUS	n/a	n/a	D255
848.0080000000	n/a	n/a	STATUS	n/a	n/a	DI51
848.0560000000	n/a	n/a	STATUS	n/a	n/a	D255
848.7400000000	n/a	n/a	STATUS	n/a	n/a	DI31
848.7880000000	n/a	n/a	STATUS	n/a	n/a	D255
849.0480000000	n/a	n/a	STATUS	n/a	n/a	DIN5
849.0960000000	n/a	n/a	STATUS	n/a	n/a	D255
849.4360000000	n/a	n/a	STATUS	n/a	n/a	D226
849.4880000000	n/a	n/a	STATUS	n/a	n/a	D255
849.5240000000	n/a	n/a	STATUS	n/a	n/a	DI52
849.5760000000	n/a	n/a	STATUS	n/a	n/a	D255
850.0200000000	n/a	n/a	STATUS	n/a	n/a	DI42
850.0720000000	n/a	n/a	STATUS	n/a	n/a	D255
850.3320000000	n/a	n/a	STATUS	n/a	n/a	DIN5
850.3800000000	n/a	n/a	STATUS	n/a	n/a	D255
850.6840000000	n/a	n/a	STATUS	n/a	n/a	DI76
850.7360000000	n/a	n/a	STATUS	n/a	n/a	D255
850.7720000000	n/a	n/a	STATUS	n/a	n/a	DI51
850.8240000000	n/a	n/a	STATUS	n/a	n/a	D255
851.2000000000	n/a	n/a	STATUS	n/a	n/a	DI31
851.2480000000	n/a	n/a	STATUS	n/a	n/a	D255
851.5080000000	n/a	n/a	STATUS	n/a	n/a	DIN5
851.5600000000	n/a	n/a	STATUS	n/a	n/a	D255
852.0240000000	n/a	n/a	STATUS	n/a	n/a	D180
852.0760000000	n/a	n/a	STATUS	n/a	n/a	D255
852.1120000000	n/a	n/a	STATUS	n/a	n/a	DI53
852.1640000000	n/a	n/a	STATUS	n/a	n/a	D255
852.4680000000	n/a	n/a	STATUS	n/a	n/a	DI43
852.5200000000	n/a	n/a	STATUS	n/a	n/a	D255
852.7800000000	n/a	n/a	STATUS	n/a	n/a	DIN5
852.8280000000	n/a	n/a	STATUS	n/a	n/a	D255
853.3240000000	n/a	n/a	STATUS	n/a	n/a	D197
853.3720000000	n/a	n/a	STATUS	n/a	n/a	D255
853.4120000000	n/a	n/a	STATUS	n/a	n/a	DI54
853.4600000000	n/a	n/a	STATUS	n/a	n/a	D255
853.7280000000	n/a	n/a	STATUS	n/a	n/a	DI34
853.7760000000	n/a	n/a	STATUS	n/a	n/a	D255
854.0360000000	n/a	n/a	STATUS	n/a	n/a	DIN5
854.0880000000	n/a	n/a	STATUS	n/a	n/a	D255
854.5560000000	n/a	n/a	STATUS	n/a	n/a	D159
854.6040000000	n/a	n/a	STATUS	n/a	n/a	D255
854.6440000000	n/a	n/a	STATUS	n/a	n/a	DI51
854.6960000000	n/a	n/a	STATUS	n/a	n/a	D255
854.9520000000	n/a	n/a	STATUS	n/a	n/a	DI21
855.0040000000	n/a	n/a	STATUS	n/a	n/a	D255
855.0080000000	n/a	n/a	STATUS	n/a	n/a	DIN4
855.0560000000	n/a	n/a	STATUS	n/a	n/a	D255
855.8120000000	n/a	n/a	STATUS	n/a	n/a	DIN5
855.8640000000	n/a	n/a	STATUS	n/a	n/a	D255
856.1840000000	n/a	n/a	STATUS	n/a	n/a	D225
856.2320000000	n/a	n/a	STATUS	n/a	n/a	D255
856.2720000000	n/a	n/a	STATUS	n/a	n/a	DI51
856.3200000000	n/a	n/a	STATUS	n/a	n/a	D255
856.7360000000	n/a	n/a	STATUS	n/a	n/a	DI31
856.7840000000	n/a	n/a	STATUS	n/a	n/a	D255
857.0440000000	n/a	n/a	STATUS	n/a	n/a	DIN5
857.0960000000	n/a	n/a	STATUS	n/a	n/a	D255
857.4640000000	n/a	n/a	STATUS	n/a	n/a	D205
857.5160000000	n/a	n/a	STATUS	n/a	n/a	D255
857.5520000000	n/a	n/a	STATUS	n/a	n/a	DI52
857.6040000000	n/a	n/a	STATUS	n/a	n/a	D255
858.0160000000	n/a	n/a	STATUS	n/a	n/a	DI42
858.0680000000	n/a	n/a	STATUS	n/a	n/a	D255
858.3280000000	n/a	n/a	STATUS	n/a	n/a	DIN5
858.3760000000	n/a	n/a	STATUS	n/a	n/a	D255
858.7960000000	n/a	n/a	STATUS	n/a	n/a	D133
858.8480000000	n/a	n/a	STATUS	n/a	n/a	D255
858.8840000000	n/a	n/a	STATUS	n/a	n/a	DI51
858.9320000000	n/a	n/a	STATUS	n/a	n/a	D255
859.3040000000	n/a	n/a	STATUS	n/a	n/a	DI31
859.3560000000	n/a	n/a	STATUS	n/a	n/a	D255
859.6160000000	n/a	n/a	STATUS	n/a	n/a	DIN5
859.6640000000	n/a	n/a	STATUS	n/a	n/a	D255
859.9920000000	n/a	n/a	STATUS	n/a	n/a	D144
860.0440000000	n/a	n/a	STATUS	n/a	n/a	D255
860.0840000000	n/a	n/a	STATUS	n/a	n/a	DI52
860.1320000000	n/a	n/a	STATUS	n/a	n/a	D255
860.6000000000	n/a	n/a	STATUS	n/a	n/a	DI42
860.6520000000	n/a	n/a	STATUS	n/a	n/a	D255
860.9080000000	n/a	n/a	STATUS	n/a	n/a	DIN5
860.9600000000	n/a	n/a	STATUS	n/a	n/a	D255
861.2640000000	n/a	n/a	STATUS	n/a	n/a	D142
861.3120000000	n/a	n/a	STATUS	n/a	n/a	D255
861.3520000000	n/a	n/a	STATUS	n/a	n/a	DI52
861.4000000000	n/a	n/a	STATUS	n/a	n/a	D255
861.6640000000	n/a	n/a	STATUS	n/a	n/a	DI12
861.7120000000	n/a	n/a	STATUS	n/a	n/a	D255
861.7200000000	n/a	n/a	STATUS	n/a	n/a	DIN4
861.7680000000	n/a	n/a	STATUS	n/a	n/a	D255
862.5240000000	n/a	n/a	STATUS	n/a	n/a	DIN5
862.5720000000	n/a	n/a	STATUS	n/a	n/a	D255
862.9240000000	n/a	n/a	STATUS	n/a	n/a	D126
862.9720000000	n/a	n/a	STATUS	n/a	n/a	D255
863.0080000000	n/a	n/a	STATUS	n/a	n/a	DI51
863.0600000000	n/a	n/a	STATUS	n/a	n/a	D255
863.4440000000	n/a	n/a	STATUS	n/a	n/a	DI31
863.4920000000	n/a	n/a	STATUS	n/a	n/a	D255
863.7520000000	n/a	n/a	STATUS	n/a	n/a	DIN5
863.8040000000	n/a	n/a	STATUS	n/a	n/a	D255
864.3080000000	n/a	n/a	STATUS	n/a	n/a	D189
864.3560000000	n/a	n/a	STATUS	n/a	n/a	D255
864.3960000000	n/a	n/a	STATUS	n/a	n/a	DI51
864.4440000000	n/a	n/a	STATUS	n/a	n/a	D255
864.8000000000	n/a	n/a	STATUS	n/a	n/a	DI31
864.8520000000	n/a	n/a	STATUS	n/a	n/a	D255
865.1120000000	n/a	n/a	STATUS	n/a	n/a	DIN5
865.1600000000	n/a	n/a	STATUS	n/a	n/a	D255
865.5960000000	n/a	n/a	STATUS	n/a	n/a	D195
865.6440000000	n/a	n/a	STATUS	n/a	n/a	D255
865.6840000000	n/a	n/a	STATUS	n/a	n/a	DI53
865.7320000000	n/a	n/a	STATUS	n/a	n/a	D255
866.1080000000	n/a	n/a	STATUS	n/a	n/a	DI43
866.1560000000	n/a	n/a	STATUS	n/a	n/a	D255
866.4160000000	n/a	n/a	STATUS	n/a	n/a	DIN5
866.4640000000	n/a	n/a	STATUS	n/a	n/a	D255
866.8120000000	n/a	n/a	STATUS	n/a	n/a	D155
866.8600000000	n/a	n/a	STATUS	n/a	n/a	D255
866.9000000000	n/a	n/a	STATUS	n/a	n/a	DI52
866.9480000000	n/a	n/a	STATUS	n/a	n/a	D255
867.3800000000	n/a	n/a	STATUS	n/a	n/a	DI42
867.4320000000	n/a	n/a	STATUS	n/a	n/a	D255
867.6880000000	n/a	n/a	STATUS	n/a	n/a	DIN5
867.7400000000	n/a	n/a	STATUS	n/a	n/a	D255
868.1880000000	n/a	n/a	STATUS	n/a	n/a	DI65
868.2400000000	n/a	n/a	STATUS	n/a	n/a	D255
868.2760000000	n/a	n/a	STATUS	n/a	n/a	DI52
868.3280000000	n/a	n/a	STATUS	n/a	n/a	D255
868.6840000000	n/a	n/a	STATUS	n/a	n/a	DI42
868.7320000000	n/a	n/a	STATUS	n/a	n/a	D255
868.9920000000	n/a	n/a	STATUS	n/a	n/a	DIN5
869.0440000000	n/a	n/a	STATUS	n/a	n/a	D255
869.5080000000	n/a	n/a	STATUS	n/a	n/a	D188
869.5560000000	n/a	n/a	STATUS	n/a	n/a	D255
869.5920000000	n/a	n/a	STATUS	n/a	n/a	DI53
869.6440000000	n/a	n/a	STATUS	n/a	n/a	D255
870.0200000000	n/a	n/a	STATUS	n/a	n/a	DI43
870.0720000000	n/a	n/a	STATUS	n/a	n/a	D255
870.3280000000	n/a	n/a	STATUS	n/a	n/a	DIN5
870.3800000000	n/a	n/a	STATUS	n/a	n/a	D255
870.8680000000	n/a	n/a	STATUS	n/a	n/a	DI84
870.9200000000	n/a	n/a	STATUS	n/a	n/a	D255
870.9560000000	n/a	n/a	STATUS	n/a	n/a	DI53
871.0080000000	n/a	n/a	STATUS	n/a	n/a	D255
871.3000000000	n/a	n/a	STATUS	n/a	n/a	DI43
871.3480000000	n/a	n/a	STATUS	n/a	n/a	D255
871.6080000000	n/a	n/a	STATUS	n/a	n/a	DIN5
871.6600000000	n/a	n/a	STATUS	n/a	n/a	D255
872.1400000000	n/a	n/a	STATUS	n/a	n/a	D206
872.1880000000	n/a	n/a	STATUS	n/a	n/a	D255
872.2280000000	n/a	n/a	STATUS	n/a	n/a	DI51
872.2760000000	n/a	n/a	STATUS	n/a	n/a	D255
872.6680000000	n/a	n/a	STATUS	n/a	n/a	DI31
872.7200000000	n/a	n/a	STATUS	n/a	n/a	D255
872.9800000000	n/a	n/a	STATUS	n/a	n/a	DIN5
873.0280000000	n/a	n/a	STATUS	n/a	n/a	D255
873.5040000000	n/a	n/a	STATUS	n/a	n/a	D186
873.5520000000	n/a	n/a	STATUS	n/a	n/a	D255
873.5920000000	n/a	n/a	STATUS	n/a	n/a	DI53
873.6400000000	n/a	n/a	STATUS	n/a	n/a	D255
873.9720000000	n/a	n/a	STATUS	n/a	n/a	DI43
874.0240000000	n/a	n/a	STATUS	n/a	n/a	D255
874.2840000000	n/a	n/a	STATUS	n/a	n/a	DIN5
874.3320000000	n/a	n/a	STATUS	n/a	n/a	D255
874.6880000000	n/a	n/a	STATUS	n/a	n/a	D207
874.7400000000	n/a	n/a	STATUS	n/a	n/a	D255
874.7760000000	n/a	n/a	STATUS	n/a	n/a	DI53
874.8240000000	n/a	n/a	STATUS	n/a	n/a	D255
875.2040000000	n/a	n/a	STATUS	n/a	n/a	DI43
875.2560000000	n/a	n/a	STATUS	n/a	n/a	D255
875.5160000000	n/a	n/a	STATUS	n/a	n/a	DIN5
875.5640000000	n/a	n/a	STATUS	n/a	n/a	D255
875.9080000000	n/a	n/a	STATUS	n/a	n/a	DI80
875.9600000000	n/a	n/a	STATUS	n/a	n/a	D255
875.9960000000	n/a	n/a	STATUS	n/a	n/a	DI54
876.0480000000	n/a	n/a	STATUS	n/a	n/a	D255
876.3600000000	n/a	n/a	STATUS	n/a	n/a	DI34
876.4080000000	n/a	n/a	STATUS	n/a	n/a	D255
876.6680000000	n/a	n/a	STATUS	n/a	n/a	DIN5
876.7200000000	n/a	n/a	STATUS	n/a	n/a	D255
877.1840000000	n/a	n/a	STATUS	n/a	n/a	D106
877.2320000000	n/a	n/a	STATUS	n/a	n/a	D255
877.2720000000	n/a	n/a	STATUS	n/a	n/a	DI52
877.3200000000	n/a	n/a	STATUS	n/a	n/a	D255
877.7440000000	n/a	n/a	STATUS	n/a	n/a	DI42
877.7920000000	n/a	n/a	STATUS	n/a	n/a	D255
878.0520000000	n/a	n/a	STATUS	n/a	n/a	DIN5
878.1040000000	n/a	n/a	STATUS	n/a	n/a	D255
878.4280000000	n/a	n/a	STATUS	n/a	n/a	D216
878.4760000000	n/a	n/a	STATUS	n/a	n/a	D255
878.5160000000	n/a	n/a	STATUS	n/a	n/a	DI53
878.5640000000	n/a	n/a	STATUS	n/a	n/a	D255
878.9600000000	n/a	n/a	STATUS	n/a	n/a	DI13
879.0120000000	n/a	n/a	STATUS	n/a	n/a	D255
879.0160000000	n/a	n/a	STATUS	n/a	n/a	DIN4
879.0640000000	n/a	n/a	STATUS	n/a	n/a	D255
879.8200000000	n/a	n/a	STATUS	n/a	n/a	DIN5
879.8720000000	n/a	n/a	STATUS	n/a	n/a	D255
880.3360000000	n/a	n/a	STATUS	n/a	n/a	DI88
880.3840000000	n/a	n/a	STATUS	n/a	n/a	D255
880.4240000000	n/a	n/a	STATUS	n/a	n/a	DI54
880.4760000000	n/a	n/a	STATUS	n/a	n/a	D255
880.8320000000	n/a	n/a	STATUS	n/a	n/a	DI34
880.8840000000	n/a	n/a	STATUS	n/a	n/a	D255
881.1440000000	n/a	n/a	STATUS	n/a	n/a	DIN5
881.1920000000	n/a	n/a	STATUS	n/a	n/a	D255
881.6680000000	n/a	n/a	STATUS	n/a	n/a	D107
881.7200000000	n/a	n/a	STATUS	n/a	n/a	D255
881.7560000000	n/a	n/a	STATUS	n/a	n/a	DI54
881.8040000000	n/a	n/a	STATUS	n/a	n/a	D255
882.1200000000	n/a	n/a	STATUS	n/a	n/a	DI34
882.1720000000	n/a	n/a	STATUS	n/a	n/a	D255
882.4320000000	n/a	n/a	STATUS	n/a	n/a	DIN5
882.4800000000	n/a	n/a	STATUS	n/a	n/a	D255
882.9120000000	n/a	n/a	STATUS	n/a	n/a	DI74
882.9600000000	n/a	n/a	STATUS	n/a	n/a	D255
883.0000000000	n/a	n/a	STATUS	n/a	n/a	DI54
883.0480000000	n/a	n/a	STATUS	n/a	n/a	D255
883.3040000000	n/a	n/a	STATUS	n/a	n/a	DI34
883.3560000000	n/a	n/a	STATUS	n/a	n/a	D255
883.6160000000	n/a	n/a	STATUS	n/a	n/a	DIN5
883.6640000000	n/a	n/a	STATUS	n/a	n/a	D255
884.1280000000	n/a	n/a	STATUS	n/a	n/a	DI95
884.1800000000	n/a	n/a	STATUS	n/a	n/a	D255
884.2160000000	n/a	n/a	STATUS	n/a	n/a	DI54
884.2680000000	n/a	n/a	STATUS	n/a	n/a	D255
884.6320000000	n/a	n/a	STATUS	n/a	n/a	DI34
884.6840000000	n/a	n/a	STATUS	n/a	n/a	D255
884.9440000000	n/a	n/a	STATUS	n/a	n/a	DIN5
884.9920000000	n/a	n/a	STATUS	n/a	n/a	D255
885.3680000000	n/a	n/a	STATUS	n/a	n/a	D214
885.4200000000	n/a	n/a	STATUS	n/a	n/a	D255
885.4560000000	n/a	n/a	STATUS	n/a	n/a	DI53
885.5080000000	n/a	n/a	STATUS	n/a	n/a	D255
885.7560000000	n/a	n/a	STATUS	n/a	n/a	DI43
885.8080000000	n/a	n/a	STATUS	n/a	n/a	D255
886.0680000000	n/a	n/a	STATUS	n/a	n/a	DIN5
886.1160000000	n/a	n/a	STATUS	n/a	n/a	D255
886.5640000000	n/a	n/a	STATUS	n/a	n/a	D218
886.6120000000	n/a	n/a	STATUS	n/a	n/a	D255
886.6480000000	n/a	n/a	STATUS	n/a	n/a	DI54
886.7000000000	n/a	n/a	STATUS	n/a	n/a	D255
886.7000000000	n/a	n/a	STATUS	n/a	n/a	D247
887.1560000000	n/a	n/a	STATUS	n/a	n/a	DI34
887.2080000000	n/a	n/a	STATUS	n/a	n/a	D255
887.4640000000	n/a	n/a	STATUS	n/a	n/a	DIN5
887.5160000000	n/a	n/a	STATUS	n/a	n/a	D255
887.8560000000	n/a	n/a	STATUS	n/a	n/a	D158
887.9040000000	n/a	n/a	STATUS	n/a	n/a	D255
887.9440000000	n/a	n/a	STATUS	n/a	n/a	DI51
887.9920000000	n/a	n/a	STATUS	n/a	n/a	D255
888.2440000000	n/a	n/a	STATUS	n/a	n/a	DI21
888.2960000000	n/a	n/a	STATUS	n/a	n/a	D255
888.3000000000	n/a	n/a	STATUS	n/a	n/a	DIN4
888.3520000000	n/a	n/a	STATUS	n/a	n/a	D255
889.1040000000	n/a	n/a	STATUS	n/a	n/a	DIN5
889.1560000000	n/a	n/a	STATUS	n/a	n/a	D255
889.5360000000	n/a	n/a	STATUS	n/a	n/a	D190
889.5840000000	n/a	n/a	STATUS	n/a	n/a	D255
889.6240000000	n/a	n/a	STATUS	n/a	n/a	DI52
889.6720000000	n/a	n/a	STATUS	n/a	n/a	D255
889.8880000000	n/a	n/a	STATUS	n/a	n/a	DI12
889.9400000000	n/a	n/a	STATUS	n/a	n/a	D255
889.9440000000	n/a	n/a	STATUS	n/a	n/a	DIN4
889.9960000000	n/a	n/a	STATUS	n/a	n/a	D255
890.7480000000	n/a	n/a	STATUS	n/a	n/a	DIN5
890.8000000000	n/a	n/a	STATUS	n/a	n/a	D255
891.2440000000	n/a	n/a	STATUS	n/a	n/a	D251
891.2960000000	n/a	n/a	STATUS	n/a	n/a	D255
891.3320000000	n/a	n/a	STATUS	n/a	n/a	DI53
891.3800000000	n/a	n/a	STATUS	n/a	n/a	D255
891.9720000000	n/a	n/a	STATUS	n/a	n/a	DI43
892.0200000000	n/a	n/a	STATUS	n/a	n/a	D255
892.2800000000	n/a	n/a	STATUS	n/a	n/a	DIN5
892.3320000000	n/a	n/a	STATUS	n/a	n/a	D255
892.7200000000	n/a	n/a	STATUS	n/a	n/a	D150
892.7720000000	n/a	n/a	STATUS	n/a	n/a	D255
892.8080000000	n/a	n/a	STATUS	n/a	n/a	DI52
892.8600000000	n/a	n/a	STATUS	n/a	n/a	D255
893.3360000000	n/a	n/a	STATUS	n/a	n/a	DI42
893.3880000000	n/a	n/a	STATUS	n/a	n/a	D255
893.6480000000	n/a	n/a	STATUS	n/a	n/a	DIN5
893.6960000000	n/a	n/a	STATUS	n/a	n/a	D255
894.0400000000	n/a	n/a	STATUS	n/a	n/a	D237
894.0920000000	n/a	n/a	STATUS	n/a	n/a	D255
894.1280000000	n/a	n/a	STATUS	n/a	n/a	DI51
894.1800000000	n/a	n/a	STATUS	n/a	n/a	D255
894.5880000000	n/a	n/a	STATUS	n/a	n/a	DI31
894.6360000000	n/a	n/a	STATUS	n/a	n/a	D255
894.8960000000	n/a	n/a	STATUS	n/a	n/a	DIN5
894.9480000000	n/a	n/a	STATUS	n/a	n/a	D255
895.2600000000	n/a	n/a	STATUS	n/a	n/a	D249
895.3120000000	n/a	n/a	STATUS	n/a	n/a	D255
895.3480000000	n/a	n/a	STATUS	n/a	n/a	DI52
895.4000000000	n/a	n/a	STATUS	n/a	n/a	D255
895.8360000000	n/a	n/a	STATUS	n/a	n/a	DI42
895.8880000000	n/a	n/a	STATUS	n/a	n/a	D255
896.1440000000	n/a	n/a	STATUS	n/a	n/a	DIN5
896.1960000000	n/a	n/a	STATUS	n/a	n/a	D255
896.5480000000	n/a	n/a	STATUS	n/a	n/a	D166
896.6000000000	n/a	n/a	STATUS	n/a	n/a	D255
896.6360000000	n/a	n/a	STATUS	n/a	n/a	DI53
896.6880000000	n/a	n/a	STATUS	n/a	n/a	D255
897.1200000000	n/a	n/a	STATUS	n/a	n/a	DI43
897.1680000000	n/a	n/a	STATUS	n/a	n/a	D255
897.4280000000	n/a	n/a	STATUS	n/a	n/a	DIN5
897.4800000000	n/a	n/a	STATUS	n/a	n/a	D255
897.9240000000	n/a	n/a	STATUS	n/a	n/a	D130
897.9720000000	n/a	n/a	STATUS	n/a	n/a	D255
898.0080000000	n/a	n/a	STATUS	n/a	n/a	DI54
898.0600000000	n/a	n/a	STATUS	n/a	n/a	D255
898.4680000000	n/a	n/a	STATUS	n/a	n/a	DI34
898.5200000000	n/a	n/a	STATUS	n/a	n/a	D255
898.7800000000	n/a	n/a	STATUS	n/a	n/a	DIN5
898.8280000000	n/a	n/a	STATUS	n/a	n/a	D255
899.1880000000	n/a	n/a	STATUS	n/a	n/a	D193
899.2400000000	n/a	n/a	STATUS	n/a	n/a	D255
899.2760000000	n/a	n/a	STATUS	n/a	n/a	DI52
899.3280000000	n/a	n/a	STATUS	n/a	n/a	D255
899.7680000000	n/a	n/a	STATUS	n/a	n/a	DI42
899.8160000000	n/a	n/a	STATUS	n/a	n/a	D255
900.0760000000	n/a	n/a	STATUS	n/a	n/a	DIN5
900.1280000000	n/a	n/a	STATUS	n/a	n/a	D255
900.5160000000	n/a	n/a	STATUS	n/a	n/a	D162
900.5680000000	n/a	n/a	STATUS	n/a	n/a	D255
900.6040000000	n/a	n/a	STATUS	n/a	n/a	DI52
900.6560000000	n/a	n/a	STATUS	n/a	n/a	D255
901.1000000000	n/a	n/a	STATUS	n/a	n/a	DI42
901.1520000000	n/a	n/a	STATUS	n/a	n/a	D255
901.4080000000	n/a	n/a	STATUS	n/a	n/a	DIN5
901.4600000000	n/a	n/a	STATUS	n/a	n/a	D255
901.8760000000	n/a	n/a	STATUS	n/a	n/a	D127
901.9240000000	n/a	n/a	STATUS	n/a	n/a	D255
901.9640000000	n/a	n/a	STATUS	n/a	n/a	DI52
902.0120000000	n/a	n/a	STATUS	n/a	n/a	D255
902.4480000000	n/a	n/a	STATUS	n/a	n/a	DI42
902.5000000000	n/a	n/a	STATUS	n/a	n/a	D255
902.7600000000	n/a	n/a	STATUS	n/a	n/a	DIN5
902.8080000000	n/a	n/a	STATUS	n/a	n/a	D255
903.2800000000	n/a	n/a	STATUS	n/a	n/a	D211
903.3280000000	n/a	n/a	STATUS	n/a	n/a	D255
903.3680000000	n/a	n/a	STATUS	n/a	n/a	DI52
903.4160000000	n/a	n/a	STATUS	n/a	n/a	D255
903.9480000000	n/a	n/a	STATUS	n/a	n/a	DI42
904.0000000000	n/a	n/a	STATUS	n/a	n/a	D255
904.2600000000	n/a	n/a	STATUS	n/a	n/a	DIN5
904.3080000000	n/a	n/a	STATUS	n/a	n/a	D255
904.7720000000	n/a	n/a	STATUS	n/a	n/a	D232
904.8240000000	n/a	n/a	STATUS	n/a	n/a	D255
904.8600000000	n/a	n/a	STATUS	n/a	n/a	DI53
904.9120000000	n/a	n/a	STATUS	n/a	n/a	D255
905.2040000000	n/a	n/a	STATUS	n/a	n/a	DI43
905.2560000000	n/a	n/a	STATUS	n/a	n/a	D255
905.5160000000	n/a	n/a	STATUS	n/a	n/a	DIN5
905.5640000000	n/a	n/a	STATUS	n/a	n/a	D255
905.9840000000	n/a	n/a	STATUS	n/a	n/a	D118
906.0360000000	n/a	n/a	STATUS	n/a	n/a	D255
906.0720000000	n/a	n/a	STATUS	n/a	n/a	DI52
906.1240000000	n/a	n/a	STATUS	n/a	n/a	D255
906.6000000000	n/a	n/a	STATUS	n/a	n/a	DI42
906.6480000000	n/a	n/a	STATUS	n/a	n/a	D255
906.9080000000	n/a	n/a	STATUS	n/a	n/a	DIN5
906.9560000000	n/a	n/a	STATUS	n/a	n/a	D255
907.4280000000	n/a	n/a	STATUS	n/a	n/a	D165
907.4760000000	n/a	n/a	STATUS	n/a	n/a	D255
907.5160000000	n/a	n/a	STATUS	n/a	n/a	DI51
907.5640000000	n/a	n/a	STATUS	n/a	n/a	D255
907.9360000000	n/a	n/a	STATUS	n/a	n/a	DI21
907.9880000000	n/a	n/a	STATUS	n/a	n/a	D255
907.9920000000	n/a	n/a	STATUS	n/a	n/a	DIN4
908.0400000000	n/a	n/a	STATUS	n/a	n/a	D255
908.7960000000	n/a	n/a	STATUS	n/a	n/a	DIN5
908.8480000000	n/a	n/a	STATUS	n/a	n/a	D255
909.1640000000	n/a	n/a	STATUS	n/a	n/a	D108
909.2120000000	n/a	n/a	STATUS	n/a	n/a	D255
909.2480000000	n/a	n/a	STATUS	n/a	n/a	DI54
909.3000000000	n/a	n/a	STATUS	n/a	n/a	D255
909.5480000000	n/a	n/a	STATUS	n/a	n/a	DI34
909.5960000000	n/a	n/a	STATUS	n/a	n/a	D255
909.8560000000	n/a	n/a	STATUS	n/a	n/a	DIN5
909.9080000000	n/a	n/a	STATUS	n/a	n/a	D255
910.4120000000	n/a	n/a	STATUS	n/a	n/a	D100
910.4640000000	n/a	n/a	STATUS	n/a	n/a	D255
910.5000000000	n/a	n/a	STATUS	n/a	n/a	DI54
910.5520000000	n/a	n/a	STATUS	n/a	n/a	D255
910.8200000000	n/a	n/a	STATUS	n/a	n/a	DI34
910.8680000000	n/a	n/a	STATUS	n/a	n/a	D255
911.1280000000	n/a	n/a	STATUS	n/a	n/a	DIN5
911.1800000000	n/a	n/a	STATUS	n/a	n/a	D255
911.6120000000	n/a	n/a	STATUS	n/a	n/a	DI90
911.6640000000	n/a	n/a	STATUS	n/a	n/a	D255
911.7000000000	n/a	n/a	STATUS	n/a	n/a	DI54
911.7520000000	n/a	n/a	STATUS	n/a	n/a	D255
912.0200000000	n/a	n/a	STATUS	n/a	n/a	DI34
912.0720000000	n/a	n/a	STATUS	n/a	n/a	D255
912.3320000000	n/a	n/a	STATUS	n/a	n/a	DIN5
912.3800000000	n/a	n/a	STATUS	n/a	n/a	D255
912.7280000000	n/a	n/a	STATUS	n/a	n/a	D194
912.7800000000	n/a	n/a	STATUS	n/a	n/a	D255
912.8200000000	n/a	n/a	STATUS	n/a	n/a	DI53
912.8680000000	n/a	n/a	STATUS	n/a	n/a	D255
913.1560000000	n/a	n/a	STATUS	n/a	n/a	DI43
913.2080000000	n/a	n/a	STATUS	n/a	n/a	D255
913.4680000000	n/a	n/a	STATUS	n/a	n/a	DIN5
913.5160000000	n/a	n/a	STATUS	n/a	n/a	D255
913.8520000000	n/a	n/a	STATUS	n/a	n/a	D243
913.9000000000	n/a	n/a	STATUS	n/a	n/a	D255
913.9360000000	n/a	n/a	STATUS	n/a	n/a	DI54
913.9880000000	n/a	n/a	STATUS	n/a	n/a	D255
914.2640000000	n/a	n/a	STATUS	n/a	n/a	DI34
914.3160000000	n/a	n/a	STATUS	n/a	n/a	D255
914.5760000000	n/a	n/a	STATUS	n/a	n/a	DIN5
914.6240000000	n/a	n/a	STATUS	n/a	n/a	D255
915.0760000000	n/a	n/a	STATUS	n/a	n/a	D120
915.1240000000	n/a	n/a	STATUS	n/a	n/a	D255
915.1640000000	n/a	n/a	STATUS	n/a	n/a	DI54
915.2120000000	n/a	n/a	STATUS	n/a	n/a	D255
915.4680000000	n/a	n/a	STATUS	n/a	n/a	DI34
915.5200000000	n/a	n/a	STATUS	n/a	n/a	D255
915.7760000000	n/a	n/a	STATUS	n/a	n/a	DIN5
915.8280000000	n/a	n/a	STATUS	n/a	n/a	D255
916.1520000000	n/a	n/a	STATUS	n/a	n/a	D239
916.2040000000	n/a	n/a	STATUS	n/a	n/a	D255
916.2400000000	n/a	n/a	STATUS	n/a	n/a	DI52
916.2920000000	n/a	n/a	STATUS	n/a	n/a	D255
916.6440000000	n/a	n/a	STATUS	n/a	n/a	DI42
916.6960000000	n/a	n/a	STATUS	n/a	n/a	D255
916.9520000000	n/a	n/a	STATUS	n/a	n/a	DIN5
917.0040000000	n/a	n/a	STATUS	n/a	n/a	D255
917.3440000000	n/a	n/a	STATUS	n/a	n/a	D248
917.3920000000	n/a	n/a	STATUS	n/a	n/a	D255
917.4320000000	n/a	n/a	STATUS	n/a	n/a	DI51
917.4800000000	n/a	n/a	STATUS	n/a	n/a	D255
917.8480000000	n/a	n/a	STATUS	n/a	n/a	DI31
917.8960000000	n/a	n/a	STATUS	n/a	n/a	D255
918.1600000000	n/a	n/a	STATUS	n/a	n/a	DIN5
918.2080000000	n/a	n/a	STATUS	n/a	n/a	D255
918.5960000000	n/a	n/a	STATUS	n/a	n/a	DI86
918.6480000000	n/a	n/a	STATUS	n/a	n/a	D255
918.6840000000	n/a	n/a	STATUS	n/a	n/a	DI51
918.7360000000	n/a	n/a	STATUS	n/a	n/a	D255
919.0840000000	n/a	n/a	STATUS	n/a	n/a	DI31
919.1320000000	n/a	n/a	STATUS	n/a	n/a	D255
919.3920000000	n/a	n/a	STATUS	n/a	n/a	DIN5
919.4440000000	n/a	n/a	STATUS	n/a	n/a	D255
919.9480000000	n/a	n/a	STATUS	n/a	n/a	D252
919.9960000000	n/a	n/a	STATUS	n/a	n/a	D255
920.0320000000	n/a	n/a	STATUS	n/a	n/a	DI51
920.0840000000	n/a	n/a	STATUS	n/a	n/a	D255
920.3240000000	n/a	n/a	STATUS	n/a	n/a	DI21
920.3760000000	n/a	n/a	STATUS	n/a	n/a	D255
920.3800000000	n/a	n/a	STATUS	n/a	n/a	DIN4
920.4280000000	n/a	n/a	STATUS	n/a	n/a	D255
921.1840000000	n/a	n/a	STATUS	n/a	n/a	DIN5
921.2360000000	n/a	n/a	STATUS	n/a	n/a	D255
921.5840000000	n/a	n/a	STATUS	n/a	n/a	D132
921.6360000000	n/a	n/a	STATUS	n/a	n/a	D255
921.6720000000	n/a	n/a	STATUS	n/a	n/a	DI53
921.7240000000	n/a	n/a	STATUS	n/a	n/a	D255
922.0280000000	n/a	n/a	STATUS	n/a	n/a	DI43
922.0800000000	n/a	n/a	STATUS	n/a	n/a	D255
922.3360000000	n/a	n/a	STATUS	n/a	n/a	DIN5
922.3880000000	n/a	n/a	STATUS	n/a	n/a	D255
922.7520000000	n/a	n/a	STATUS	n/a	n/a	D176
922.8040000000	n/a	n/a	STATUS	n/a	n/a	D255
922.8400000000	n/a	n/a	STATUS	n/a	n/a	DI51
922.8920000000	n/a	n/a	STATUS	n/a	n/a	D255
923.2680000000	n/a	n/a	STATUS	n/a	n/a	DI31
923.3200000000	n/a	n/a	STATUS	n/a	n/a	D255
923.5800000000	n/a	n/a	STATUS	n/a	n/a	DIN5
923.6280000000	n/a	n/a	STATUS	n/a	n/a	D255
923.9840000000	n/a	n/a	STATUS	n/a	n/a	D253
924.0320000000	n/a	n/a	STATUS	n/a	n/a	D255
924.0680000000	n/a	n/a	STATUS	n/a	n/a	DI54
924.1200000000	n/a	n/a	STATUS	n/a	n/a	D255
924.4600000000	n/a	n/a	STATUS	n/a	n/a	DI34
924.5120000000	n/a	n/a	STATUS	n/a	n/a	D255
924.7720000000	n/a	n/a	STATUS	n/a	n/a	DIN5
924.8200000000	n/a	n/a	STATUS	n/a	n/a	D255
925.1360000000	n/a	n/a	STATUS	n/a	n/a	D153
925.1880000000	n/a	n/a	STATUS	n/a	n/a	D255
925.2240000000	n/a	n/a	STATUS	n/a	n/a	DI52
925.2760000000	n/a	n/a	STATUS	n/a	n/a	D255
925.6400000000	n/a	n/a	STATUS	n/a	n/a	DI42
925.6920000000	n/a	n/a	STATUS	n/a	n/a	D255
925.9520000000	n/a	n/a	STATUS	n/a	n/a	DIN5
926.0000000000	n/a	n/a	STATUS	n/a	n/a	D255
926.4560000000	n/a	n/a	STATUS	n/a	n/a	D151
926.5040000000	n/a	n/a	STATUS	n/a	n/a	D255
926.5440000000	n/a	n/a	STATUS	n/a	n/a	DI51
926.5960000000	n/a	n/a	STATUS	n/a	n/a	D255
926.9600000000	n/a	n/a	STATUS	n/a	n/a	DI31
927.0120000000	n/a	n/a	STATUS	n/a	n/a	D255
927.2720000000	n/a	n/a	STATUS	n/a	n/a	DIN5
927.3200000000	n/a	n/a	STATUS	n/a	n/a	D255
927.8200000000	n/a	n/a	STATUS	n/a	n/a	D136
927.8720000000	n/a	n/a	STATUS	n/a	n/a	D255
927.9080000000	n/a	n/a	STATUS	n/a	n/a	DI53
927.9600000000	n/a	n/a	STATUS	n/a	n/a	D255
928.2720000000	n/a	n/a	STATUS	n/a	n/a	DI43
928.3240000000	n/a	n/a	STATUS	n/a	n/a	D255
928.5800000000	n/a	n/a	STATUS	n/a	n/a	DIN5
928.6320000000	n/a	n/a	STATUS	n/a	n/a	D255
929.1120000000	n/a	n/a	STATUS	n/a	n/a	D201
929.1600000000	n/a	n/a	STATUS	n/a	n/a	D255
929.2000000000	n/a	n/a	STATUS	n/a	n/a	DI53
929.2480000000	n/a	n/a	STATUS	n/a	n/a	D255
929.5560000000	n/a	n/a	STATUS	n/a	n/a	DI43
929.6080000000	n/a	n/a	STATUS	n/a	n/a	D255
929.8680000000	n/a	n/a	STATUS	n/a	n/a	DIN5
929.9160000000	n/a	n/a	STATUS	n/a	n/a	D255
930.3040000000	n/a	n/a	STATUS	n/a	n/a	DI98
930.3560000000	n/a	n/a	STATUS	n/a	n/a	D255
930.3920000000	n/a	n/a	STATUS	n/a	n/a	DI54
930.4440000000	n/a	n/a	STATUS	n/a	n/a	D255
930.7640000000	n/a	n/a	STATUS	n/a	n/a	DI34
930.8160000000	n/a	n/a	STATUS	n/a	n/a	D255
930.8160000000	n/a	n/a	STATUS	n/a	n/a	D227
931.0760000000	n/a	n/a	STATUS	n/a	n/a	DIN5
931.1240000000	n/a	n/a	STATUS	n/a	n/a	D255
931.6200000000	n/a	n/a	STATUS	n/a	n/a	D235
931.6680000000	n/a	n/a	STATUS	n/a	n/a	D255
931.7080000000	n/a	n/a	STATUS	n/a	n/a	DI52
931.7600000000	n/a	n/a	STATUS	n/a	n/a	D255
932.2040000000	n/a	n/a	STATUS	n/a	n/a	DI42
932.2520000000	n/a	n/a	STATUS	n/a	n/a	D255
932.5120000000	n/a	n/a	STATUS	n/a	n/a	DIN5
932.5640000000	n/a	n/a	STATUS	n/a	n/a	D255
933.0560000000	n/a	n/a	STATUS	n/a	n/a	DI77
933.1080000000	n/a	n/a	STATUS	n/a	n/a	D255
933.1440000000	n/a	n/a	STATUS	n/a	n/a	DI54
933.1960000000	n/a	n/a	STATUS	n/a	n/a	D255
933.5400000000	n/a	n/a	STATUS	n/a	n/a	DI34
933.5920000000	n/a	n/a	STATUS	n/a	n/a	D255
933.8520000000	n/a	n/a	STATUS	n/a	n/a	DIN5
933.9000000000	n/a	n/a	STATUS	n/a	n/a	D255
934.3160000000	n/a	n/a	STATUS	n/a	n/a	D167
934.3680000000	n/a	n/a	STATUS	n/a	n/a	D255
934.4040000000	n/a	n/a	STATUS	n/a	n/a	DI52
934.4520000000	n/a	n/a	STATUS	n/a	n/a	D255
934.8040000000	n/a	n/a	STATUS	n/a	n/a	DI42
934.8520000000	n/a	n/a	STATUS	n/a	n/a	D255
935.1120000000	n/a	n/a	STATUS	n/a	n/a	DIN5
935.1640000000	n/a	n/a	STATUS	n/a	n/a	D255
935.5960000000	n/a	n/a	STATUS	n/a	n/a	DI73
935.6480000000	n/a	n/a	STATUS	n/a	n/a	D255
935.6880000000	n/a	n/a	STATUS	n/a	n/a	DI54
935.7360000000	n/a	n/a	STATUS	n/a	n/a	D255
936.0320000000	n/a	n/a	STATUS	n/a	n/a	DI34
936.0840000000	n/a	n/a	STATUS	n/a	n/a	D255
936.3400000000	n/a	n/a	STATUS	n/a	n/a	DIN5
936.3920000000	n/a	n/a	STATUS	n/a	n/a	D255
936.8280000000	n/a	n/a	STATUS	n/a	n/a	DI82
936.8760000000	n/a	n/a	STATUS	n/a	n/a	D255
936.9160000000	n/a	n/a	STATUS	n/a	n/a	DI51
936.9640000000	n/a	n/a	STATUS	n/a	n/a	D255
937.3360000000	n/a	n/a	STATUS	n/a	n/a	DI21
937.3840000000	n/a	n/a	STATUS	n/a	n/a	D255
937.3880000000	n/a	n/a	STATUS	n/a	n/a	DIN4
937.4400000000	n/a	n/a	STATUS	n/a	n/a	D255
938.1920000000	n/a	n/a	STATUS	n/a	n/a	DIN5
938.2440000000	n/a	n/a	STATUS	n/a	n/a	D255
938.7440000000	n/a	n/a	STATUS	n/a	n/a	DI78
938.7960000000	n/a	n/a	STATUS	n/a	n/a	D255
938.8320000000	n/a	n/a	STATUS	n/a	n/a	DI53
938.8800000000	n/a	n/a	STATUS	n/a	n/a	D255
939.2760000000	n/a	n/a	STATUS	n/a	n/a	DI43
939.3280000000	n/a	n/a	STATUS	n/a	n/a	D255
