onset	duration	sample	trial_type	response_time	stim_file	value
171.9080000000	n/a	n/a	STATUS	n/a	n/a	DIN5
171.9560000000	n/a	n/a	STATUS	n/a	n/a	D255
172.3280000000	n/a	n/a	STATUS	n/a	n/a	D146
172.3760000000	n/a	n/a	STATUS	n/a	n/a	D255
172.4160000000	n/a	n/a	STATUS	n/a	n/a	DI52
172.4640000000	n/a	n/a	STATUS	n/a	n/a	D255
172.9040000000	n/a	n/a	STATUS	n/a	n/a	DI42
172.9560000000	n/a	n/a	STATUS	n/a	n/a	D255
173.2160000000	n/a	n/a	STATUS	n/a	n/a	DIN5
173.2680000000	n/a	n/a	STATUS	n/a	n/a	D255
173.6240000000	n/a	n/a	STATUS	n/a	n/a	D113
173.6760000000	n/a	n/a	STATUS	n/a	n/a	D255
173.7120000000	n/a	n/a	STATUS	n/a	n/a	DI54
173.7640000000	n/a	n/a	STATUS	n/a	n/a	D255
174.0280000000	n/a	n/a	STATUS	n/a	n/a	DI34
174.0760000000	n/a	n/a	STATUS	n/a	n/a	D255
174.3360000000	n/a	n/a	STATUS	n/a	n/a	DIN5
174.3880000000	n/a	n/a	STATUS	n/a	n/a	D255
174.8680000000	n/a	n/a	STATUS	n/a	n/a	D194
174.9160000000	n/a	n/a	STATUS	n/a	n/a	D255
174.9560000000	n/a	n/a	STATUS	n/a	n/a	DI53
175.0080000000	n/a	n/a	STATUS	n/a	n/a	D255
175.2320000000	n/a	n/a	STATUS	n/a	n/a	DI43
175.2800000000	n/a	n/a	STATUS	n/a	n/a	D255
175.5400000000	n/a	n/a	STATUS	n/a	n/a	DIN5
175.5920000000	n/a	n/a	STATUS	n/a	n/a	D255
175.9520000000	n/a	n/a	STATUS	n/a	n/a	D100
176.0000000000	n/a	n/a	STATUS	n/a	n/a	D255
176.0400000000	n/a	n/a	STATUS	n/a	n/a	DI51
176.0880000000	n/a	n/a	STATUS	n/a	n/a	D255
176.4600000000	n/a	n/a	STATUS	n/a	n/a	DI31
176.5120000000	n/a	n/a	STATUS	n/a	n/a	D255
176.7720000000	n/a	n/a	STATUS	n/a	n/a	DIN5
176.8200000000	n/a	n/a	STATUS	n/a	n/a	D255
177.2360000000	n/a	n/a	STATUS	n/a	n/a	D188
177.2880000000	n/a	n/a	STATUS	n/a	n/a	D255
177.3240000000	n/a	n/a	STATUS	n/a	n/a	DI51
177.3720000000	n/a	n/a	STATUS	n/a	n/a	D255
177.7520000000	n/a	n/a	STATUS	n/a	n/a	DI31
177.8000000000	n/a	n/a	STATUS	n/a	n/a	D255
178.0600000000	n/a	n/a	STATUS	n/a	n/a	DIN5
178.1120000000	n/a	n/a	STATUS	n/a	n/a	D255
178.4240000000	n/a	n/a	STATUS	n/a	n/a	D175
178.4760000000	n/a	n/a	STATUS	n/a	n/a	D255
178.5120000000	n/a	n/a	STATUS	n/a	n/a	DI54
178.5640000000	n/a	n/a	STATUS	n/a	n/a	D255
178.8640000000	n/a	n/a	STATUS	n/a	n/a	DI34
178.9120000000	n/a	n/a	STATUS	n/a	n/a	D255
179.1720000000	n/a	n/a	STATUS	n/a	n/a	DIN5
179.2240000000	n/a	n/a	STATUS	n/a	n/a	D255
179.5760000000	n/a	n/a	STATUS	n/a	n/a	D121
179.6280000000	n/a	n/a	STATUS	n/a	n/a	D255
179.6640000000	n/a	n/a	STATUS	n/a	n/a	DI54
179.7160000000	n/a	n/a	STATUS	n/a	n/a	D255
179.9920000000	n/a	n/a	STATUS	n/a	n/a	DI34
180.0400000000	n/a	n/a	STATUS	n/a	n/a	D255
180.3000000000	n/a	n/a	STATUS	n/a	n/a	DIN5
180.3520000000	n/a	n/a	STATUS	n/a	n/a	D255
180.7920000000	n/a	n/a	STATUS	n/a	n/a	D189
180.8400000000	n/a	n/a	STATUS	n/a	n/a	D255
180.8760000000	n/a	n/a	STATUS	n/a	n/a	DI52
180.9280000000	n/a	n/a	STATUS	n/a	n/a	D255
181.1560000000	n/a	n/a	STATUS	n/a	n/a	DI12
181.2040000000	n/a	n/a	STATUS	n/a	n/a	D255
181.2080000000	n/a	n/a	STATUS	n/a	n/a	DIN4
181.2600000000	n/a	n/a	STATUS	n/a	n/a	D255
182.0160000000	n/a	n/a	STATUS	n/a	n/a	DIN5
182.0680000000	n/a	n/a	STATUS	n/a	n/a	D255
182.5240000000	n/a	n/a	STATUS	n/a	n/a	DI87
182.5760000000	n/a	n/a	STATUS	n/a	n/a	D255
182.6120000000	n/a	n/a	STATUS	n/a	n/a	DI53
182.6640000000	n/a	n/a	STATUS	n/a	n/a	D255
183.0000000000	n/a	n/a	STATUS	n/a	n/a	DI43
183.0480000000	n/a	n/a	STATUS	n/a	n/a	D255
183.3080000000	n/a	n/a	STATUS	n/a	n/a	DIN5
183.3600000000	n/a	n/a	STATUS	n/a	n/a	D255
183.8120000000	n/a	n/a	STATUS	n/a	n/a	D144
183.8640000000	n/a	n/a	STATUS	n/a	n/a	D255
183.9000000000	n/a	n/a	STATUS	n/a	n/a	DI53
183.9520000000	n/a	n/a	STATUS	n/a	n/a	D255
184.2480000000	n/a	n/a	STATUS	n/a	n/a	DI43
184.3000000000	n/a	n/a	STATUS	n/a	n/a	D255
184.5560000000	n/a	n/a	STATUS	n/a	n/a	DIN5
184.6080000000	n/a	n/a	STATUS	n/a	n/a	D255
185.0200000000	n/a	n/a	STATUS	n/a	n/a	D162
185.0720000000	n/a	n/a	STATUS	n/a	n/a	D255
185.1120000000	n/a	n/a	STATUS	n/a	n/a	DI53
185.1600000000	n/a	n/a	STATUS	n/a	n/a	D255
185.4640000000	n/a	n/a	STATUS	n/a	n/a	DI43
185.5120000000	n/a	n/a	STATUS	n/a	n/a	D255
185.7720000000	n/a	n/a	STATUS	n/a	n/a	DIN5
185.8240000000	n/a	n/a	STATUS	n/a	n/a	D255
186.2200000000	n/a	n/a	STATUS	n/a	n/a	D236
186.2720000000	n/a	n/a	STATUS	n/a	n/a	D255
186.3080000000	n/a	n/a	STATUS	n/a	n/a	DI54
186.3600000000	n/a	n/a	STATUS	n/a	n/a	D255
186.6840000000	n/a	n/a	STATUS	n/a	n/a	DI34
186.7360000000	n/a	n/a	STATUS	n/a	n/a	D255
186.9920000000	n/a	n/a	STATUS	n/a	n/a	DIN5
187.0440000000	n/a	n/a	STATUS	n/a	n/a	D255
187.3800000000	n/a	n/a	STATUS	n/a	n/a	D125
187.4280000000	n/a	n/a	STATUS	n/a	n/a	D255
187.4640000000	n/a	n/a	STATUS	n/a	n/a	DI54
187.5160000000	n/a	n/a	STATUS	n/a	n/a	D255
187.8760000000	n/a	n/a	STATUS	n/a	n/a	DI34
187.9280000000	n/a	n/a	STATUS	n/a	n/a	D255
188.1880000000	n/a	n/a	STATUS	n/a	n/a	DIN5
188.2360000000	n/a	n/a	STATUS	n/a	n/a	D255
188.6600000000	n/a	n/a	STATUS	n/a	n/a	D229
188.7120000000	n/a	n/a	STATUS	n/a	n/a	D255
188.7520000000	n/a	n/a	STATUS	n/a	n/a	DI52
188.8000000000	n/a	n/a	STATUS	n/a	n/a	D255
189.3160000000	n/a	n/a	STATUS	n/a	n/a	DI42
189.3640000000	n/a	n/a	STATUS	n/a	n/a	D255
189.6240000000	n/a	n/a	STATUS	n/a	n/a	DIN5
189.6760000000	n/a	n/a	STATUS	n/a	n/a	D255
190.0040000000	n/a	n/a	STATUS	n/a	n/a	D241
190.0520000000	n/a	n/a	STATUS	n/a	n/a	D255
190.0920000000	n/a	n/a	STATUS	n/a	n/a	DI52
190.1400000000	n/a	n/a	STATUS	n/a	n/a	D255
190.5960000000	n/a	n/a	STATUS	n/a	n/a	DI42
190.6480000000	n/a	n/a	STATUS	n/a	n/a	D255
190.9080000000	n/a	n/a	STATUS	n/a	n/a	DIN5
190.9560000000	n/a	n/a	STATUS	n/a	n/a	D255
191.4360000000	n/a	n/a	STATUS	n/a	n/a	D196
191.4880000000	n/a	n/a	STATUS	n/a	n/a	D255
191.5240000000	n/a	n/a	STATUS	n/a	n/a	DI54
191.5720000000	n/a	n/a	STATUS	n/a	n/a	D255
191.8200000000	n/a	n/a	STATUS	n/a	n/a	DI34
191.8680000000	n/a	n/a	STATUS	n/a	n/a	D255
192.1280000000	n/a	n/a	STATUS	n/a	n/a	DIN5
192.1800000000	n/a	n/a	STATUS	n/a	n/a	D255
192.5640000000	n/a	n/a	STATUS	n/a	n/a	D145
192.6120000000	n/a	n/a	STATUS	n/a	n/a	D255
192.6520000000	n/a	n/a	STATUS	n/a	n/a	DI52
192.7000000000	n/a	n/a	STATUS	n/a	n/a	D255
193.0240000000	n/a	n/a	STATUS	n/a	n/a	DI42
193.0760000000	n/a	n/a	STATUS	n/a	n/a	D255
193.3360000000	n/a	n/a	STATUS	n/a	n/a	DIN5
193.3840000000	n/a	n/a	STATUS	n/a	n/a	D255
193.7000000000	n/a	n/a	STATUS	n/a	n/a	D168
193.7480000000	n/a	n/a	STATUS	n/a	n/a	D255
193.7880000000	n/a	n/a	STATUS	n/a	n/a	DI53
193.8360000000	n/a	n/a	STATUS	n/a	n/a	D255
194.1360000000	n/a	n/a	STATUS	n/a	n/a	DI43
194.1880000000	n/a	n/a	STATUS	n/a	n/a	D255
194.4440000000	n/a	n/a	STATUS	n/a	n/a	DIN5
194.4960000000	n/a	n/a	STATUS	n/a	n/a	D255
194.8600000000	n/a	n/a	STATUS	n/a	n/a	DI85
194.9120000000	n/a	n/a	STATUS	n/a	n/a	D255
194.9480000000	n/a	n/a	STATUS	n/a	n/a	DI53
195.0000000000	n/a	n/a	STATUS	n/a	n/a	D255
195.2600000000	n/a	n/a	STATUS	n/a	n/a	DI43
195.3120000000	n/a	n/a	STATUS	n/a	n/a	D255
195.5720000000	n/a	n/a	STATUS	n/a	n/a	DIN5
195.6200000000	n/a	n/a	STATUS	n/a	n/a	D255
196.0240000000	n/a	n/a	STATUS	n/a	n/a	D181
196.0760000000	n/a	n/a	STATUS	n/a	n/a	D255
196.1120000000	n/a	n/a	STATUS	n/a	n/a	DI54
196.1640000000	n/a	n/a	STATUS	n/a	n/a	D255
196.3560000000	n/a	n/a	STATUS	n/a	n/a	DI34
196.4040000000	n/a	n/a	STATUS	n/a	n/a	D255
196.6640000000	n/a	n/a	STATUS	n/a	n/a	DIN5
196.7160000000	n/a	n/a	STATUS	n/a	n/a	D255
197.0640000000	n/a	n/a	STATUS	n/a	n/a	D212
197.1160000000	n/a	n/a	STATUS	n/a	n/a	D255
197.1520000000	n/a	n/a	STATUS	n/a	n/a	DI53
197.2040000000	n/a	n/a	STATUS	n/a	n/a	D255
197.4760000000	n/a	n/a	STATUS	n/a	n/a	DI43
197.5280000000	n/a	n/a	STATUS	n/a	n/a	D255
197.7840000000	n/a	n/a	STATUS	n/a	n/a	DIN5
197.8360000000	n/a	n/a	STATUS	n/a	n/a	D255
198.2960000000	n/a	n/a	STATUS	n/a	n/a	D169
198.3480000000	n/a	n/a	STATUS	n/a	n/a	D255
198.3840000000	n/a	n/a	STATUS	n/a	n/a	DI52
198.4360000000	n/a	n/a	STATUS	n/a	n/a	D255
198.6240000000	n/a	n/a	STATUS	n/a	n/a	DI12
198.6760000000	n/a	n/a	STATUS	n/a	n/a	D255
198.6800000000	n/a	n/a	STATUS	n/a	n/a	DIN4
198.7280000000	n/a	n/a	STATUS	n/a	n/a	D255
199.4840000000	n/a	n/a	STATUS	n/a	n/a	DIN5
199.5360000000	n/a	n/a	STATUS	n/a	n/a	D255
199.8800000000	n/a	n/a	STATUS	n/a	n/a	D251
199.9320000000	n/a	n/a	STATUS	n/a	n/a	D255
199.9680000000	n/a	n/a	STATUS	n/a	n/a	DI51
200.0160000000	n/a	n/a	STATUS	n/a	n/a	D255
200.4920000000	n/a	n/a	STATUS	n/a	n/a	DI31
200.5440000000	n/a	n/a	STATUS	n/a	n/a	D255
200.8040000000	n/a	n/a	STATUS	n/a	n/a	DIN5
200.8520000000	n/a	n/a	STATUS	n/a	n/a	D255
201.2640000000	n/a	n/a	STATUS	n/a	n/a	DI96
201.3120000000	n/a	n/a	STATUS	n/a	n/a	D255
201.3520000000	n/a	n/a	STATUS	n/a	n/a	DI52
201.4040000000	n/a	n/a	STATUS	n/a	n/a	D255
201.7400000000	n/a	n/a	STATUS	n/a	n/a	DI42
201.7920000000	n/a	n/a	STATUS	n/a	n/a	D255
202.0520000000	n/a	n/a	STATUS	n/a	n/a	DIN5
202.1000000000	n/a	n/a	STATUS	n/a	n/a	D255
202.5520000000	n/a	n/a	STATUS	n/a	n/a	D246
202.6000000000	n/a	n/a	STATUS	n/a	n/a	D255
202.6400000000	n/a	n/a	STATUS	n/a	n/a	DI51
202.6880000000	n/a	n/a	STATUS	n/a	n/a	D255
203.1280000000	n/a	n/a	STATUS	n/a	n/a	DI31
203.1760000000	n/a	n/a	STATUS	n/a	n/a	D255
203.4360000000	n/a	n/a	STATUS	n/a	n/a	DIN5
203.4840000000	n/a	n/a	STATUS	n/a	n/a	D255
203.9160000000	n/a	n/a	STATUS	n/a	n/a	D104
203.9640000000	n/a	n/a	STATUS	n/a	n/a	D255
204.0040000000	n/a	n/a	STATUS	n/a	n/a	DI52
204.0520000000	n/a	n/a	STATUS	n/a	n/a	D255
204.3800000000	n/a	n/a	STATUS	n/a	n/a	DI42
204.4280000000	n/a	n/a	STATUS	n/a	n/a	D255
204.6880000000	n/a	n/a	STATUS	n/a	n/a	DIN5
204.7400000000	n/a	n/a	STATUS	n/a	n/a	D255
205.2320000000	n/a	n/a	STATUS	n/a	n/a	D252
205.2840000000	n/a	n/a	STATUS	n/a	n/a	D255
205.3200000000	n/a	n/a	STATUS	n/a	n/a	DI51
205.3720000000	n/a	n/a	STATUS	n/a	n/a	D255
205.7560000000	n/a	n/a	STATUS	n/a	n/a	DI31
205.8040000000	n/a	n/a	STATUS	n/a	n/a	D255
206.0640000000	n/a	n/a	STATUS	n/a	n/a	DIN5
206.1160000000	n/a	n/a	STATUS	n/a	n/a	D255
206.5640000000	n/a	n/a	STATUS	n/a	n/a	D195
206.6160000000	n/a	n/a	STATUS	n/a	n/a	D255
206.6520000000	n/a	n/a	STATUS	n/a	n/a	DI54
206.7040000000	n/a	n/a	STATUS	n/a	n/a	D255
206.9600000000	n/a	n/a	STATUS	n/a	n/a	DI34
207.0120000000	n/a	n/a	STATUS	n/a	n/a	D255
207.2720000000	n/a	n/a	STATUS	n/a	n/a	DIN5
207.3200000000	n/a	n/a	STATUS	n/a	n/a	D255
207.7000000000	n/a	n/a	STATUS	n/a	n/a	DI78
207.7520000000	n/a	n/a	STATUS	n/a	n/a	D255
207.7880000000	n/a	n/a	STATUS	n/a	n/a	DI53
207.8400000000	n/a	n/a	STATUS	n/a	n/a	D255
208.0760000000	n/a	n/a	STATUS	n/a	n/a	DI43
208.1240000000	n/a	n/a	STATUS	n/a	n/a	D255
208.3840000000	n/a	n/a	STATUS	n/a	n/a	DIN5
208.4360000000	n/a	n/a	STATUS	n/a	n/a	D255
208.8160000000	n/a	n/a	STATUS	n/a	n/a	D170
208.8640000000	n/a	n/a	STATUS	n/a	n/a	D255
208.9040000000	n/a	n/a	STATUS	n/a	n/a	DI51
208.9520000000	n/a	n/a	STATUS	n/a	n/a	D255
209.3240000000	n/a	n/a	STATUS	n/a	n/a	DI31
209.3760000000	n/a	n/a	STATUS	n/a	n/a	D255
209.6360000000	n/a	n/a	STATUS	n/a	n/a	DIN5
209.6840000000	n/a	n/a	STATUS	n/a	n/a	D255
210.1760000000	n/a	n/a	STATUS	n/a	n/a	D203
210.2240000000	n/a	n/a	STATUS	n/a	n/a	D255
210.2640000000	n/a	n/a	STATUS	n/a	n/a	DI52
210.3120000000	n/a	n/a	STATUS	n/a	n/a	D255
210.5880000000	n/a	n/a	STATUS	n/a	n/a	DI12
210.6400000000	n/a	n/a	STATUS	n/a	n/a	D255
210.6440000000	n/a	n/a	STATUS	n/a	n/a	DIN4
210.6960000000	n/a	n/a	STATUS	n/a	n/a	D255
211.4480000000	n/a	n/a	STATUS	n/a	n/a	DIN5
211.5000000000	n/a	n/a	STATUS	n/a	n/a	D255
211.9560000000	n/a	n/a	STATUS	n/a	n/a	D179
212.0040000000	n/a	n/a	STATUS	n/a	n/a	D255
212.0440000000	n/a	n/a	STATUS	n/a	n/a	DI52
212.0960000000	n/a	n/a	STATUS	n/a	n/a	D255
212.4240000000	n/a	n/a	STATUS	n/a	n/a	DI42
212.4720000000	n/a	n/a	STATUS	n/a	n/a	D255
212.7320000000	n/a	n/a	STATUS	n/a	n/a	DIN5
212.7840000000	n/a	n/a	STATUS	n/a	n/a	D255
213.2320000000	n/a	n/a	STATUS	n/a	n/a	D218
213.2840000000	n/a	n/a	STATUS	n/a	n/a	D255
213.3200000000	n/a	n/a	STATUS	n/a	n/a	DI53
213.3720000000	n/a	n/a	STATUS	n/a	n/a	D255
213.6120000000	n/a	n/a	STATUS	n/a	n/a	DI43
213.6640000000	n/a	n/a	STATUS	n/a	n/a	D255
213.9240000000	n/a	n/a	STATUS	n/a	n/a	DIN5
213.9720000000	n/a	n/a	STATUS	n/a	n/a	D255
214.4280000000	n/a	n/a	STATUS	n/a	n/a	D183
214.4800000000	n/a	n/a	STATUS	n/a	n/a	D255
214.5160000000	n/a	n/a	STATUS	n/a	n/a	DI54
214.5680000000	n/a	n/a	STATUS	n/a	n/a	D255
214.8280000000	n/a	n/a	STATUS	n/a	n/a	DI34
214.8800000000	n/a	n/a	STATUS	n/a	n/a	D255
215.1400000000	n/a	n/a	STATUS	n/a	n/a	DIN5
215.1880000000	n/a	n/a	STATUS	n/a	n/a	D255
215.6400000000	n/a	n/a	STATUS	n/a	n/a	D221
215.6880000000	n/a	n/a	STATUS	n/a	n/a	D255
215.7280000000	n/a	n/a	STATUS	n/a	n/a	DI53
215.7760000000	n/a	n/a	STATUS	n/a	n/a	D255
215.9240000000	n/a	n/a	STATUS	n/a	n/a	DI43
215.9760000000	n/a	n/a	STATUS	n/a	n/a	D255
216.2360000000	n/a	n/a	STATUS	n/a	n/a	DIN5
216.2880000000	n/a	n/a	STATUS	n/a	n/a	D255
216.7440000000	n/a	n/a	STATUS	n/a	n/a	DI90
216.7960000000	n/a	n/a	STATUS	n/a	n/a	D255
216.8360000000	n/a	n/a	STATUS	n/a	n/a	DI53
216.8840000000	n/a	n/a	STATUS	n/a	n/a	D255
217.1320000000	n/a	n/a	STATUS	n/a	n/a	DI43
217.1840000000	n/a	n/a	STATUS	n/a	n/a	D255
217.4400000000	n/a	n/a	STATUS	n/a	n/a	DIN5
217.4920000000	n/a	n/a	STATUS	n/a	n/a	D255
217.8280000000	n/a	n/a	STATUS	n/a	n/a	D237
217.8760000000	n/a	n/a	STATUS	n/a	n/a	D255
217.9160000000	n/a	n/a	STATUS	n/a	n/a	DI51
217.9640000000	n/a	n/a	STATUS	n/a	n/a	D255
218.4040000000	n/a	n/a	STATUS	n/a	n/a	DI31
218.4520000000	n/a	n/a	STATUS	n/a	n/a	D255
218.7120000000	n/a	n/a	STATUS	n/a	n/a	DIN5
218.7640000000	n/a	n/a	STATUS	n/a	n/a	D255
219.1760000000	n/a	n/a	STATUS	n/a	n/a	D242
219.2280000000	n/a	n/a	STATUS	n/a	n/a	D255
219.2680000000	n/a	n/a	STATUS	n/a	n/a	DI53
219.3160000000	n/a	n/a	STATUS	n/a	n/a	D255
219.5040000000	n/a	n/a	STATUS	n/a	n/a	DI43
219.5520000000	n/a	n/a	STATUS	n/a	n/a	D255
219.8120000000	n/a	n/a	STATUS	n/a	n/a	DIN5
219.8640000000	n/a	n/a	STATUS	n/a	n/a	D255
220.2920000000	n/a	n/a	STATUS	n/a	n/a	D105
220.3440000000	n/a	n/a	STATUS	n/a	n/a	D255
220.3800000000	n/a	n/a	STATUS	n/a	n/a	DI53
220.4320000000	n/a	n/a	STATUS	n/a	n/a	D255
220.6720000000	n/a	n/a	STATUS	n/a	n/a	DI43
220.7200000000	n/a	n/a	STATUS	n/a	n/a	D255
220.9800000000	n/a	n/a	STATUS	n/a	n/a	DIN5
221.0320000000	n/a	n/a	STATUS	n/a	n/a	D255
221.4960000000	n/a	n/a	STATUS	n/a	n/a	D118
221.5480000000	n/a	n/a	STATUS	n/a	n/a	D255
221.5840000000	n/a	n/a	STATUS	n/a	n/a	DI53
221.6360000000	n/a	n/a	STATUS	n/a	n/a	D255
221.8640000000	n/a	n/a	STATUS	n/a	n/a	DI43
221.9120000000	n/a	n/a	STATUS	n/a	n/a	D255
222.1720000000	n/a	n/a	STATUS	n/a	n/a	DIN5
222.2240000000	n/a	n/a	STATUS	n/a	n/a	D255
222.6880000000	n/a	n/a	STATUS	n/a	n/a	D197
222.7400000000	n/a	n/a	STATUS	n/a	n/a	D255
222.7760000000	n/a	n/a	STATUS	n/a	n/a	DI54
222.8280000000	n/a	n/a	STATUS	n/a	n/a	D255
223.0760000000	n/a	n/a	STATUS	n/a	n/a	DI34
223.1280000000	n/a	n/a	STATUS	n/a	n/a	D255
223.3840000000	n/a	n/a	STATUS	n/a	n/a	DIN5
223.4360000000	n/a	n/a	STATUS	n/a	n/a	D255
223.7560000000	n/a	n/a	STATUS	n/a	n/a	D136
223.8080000000	n/a	n/a	STATUS	n/a	n/a	D255
223.8440000000	n/a	n/a	STATUS	n/a	n/a	DI52
223.8960000000	n/a	n/a	STATUS	n/a	n/a	D255
224.2160000000	n/a	n/a	STATUS	n/a	n/a	DI42
224.2680000000	n/a	n/a	STATUS	n/a	n/a	D255
224.5280000000	n/a	n/a	STATUS	n/a	n/a	DIN5
224.5760000000	n/a	n/a	STATUS	n/a	n/a	D255
224.9160000000	n/a	n/a	STATUS	n/a	n/a	D119
224.9680000000	n/a	n/a	STATUS	n/a	n/a	D255
225.0040000000	n/a	n/a	STATUS	n/a	n/a	DI54
225.0560000000	n/a	n/a	STATUS	n/a	n/a	D255
225.3040000000	n/a	n/a	STATUS	n/a	n/a	DI34
225.3520000000	n/a	n/a	STATUS	n/a	n/a	D255
225.6120000000	n/a	n/a	STATUS	n/a	n/a	DIN5
225.6640000000	n/a	n/a	STATUS	n/a	n/a	D255
225.9720000000	n/a	n/a	STATUS	n/a	n/a	DI99
226.0240000000	n/a	n/a	STATUS	n/a	n/a	D255
226.0600000000	n/a	n/a	STATUS	n/a	n/a	DI51
226.1080000000	n/a	n/a	STATUS	n/a	n/a	D255
226.2800000000	n/a	n/a	STATUS	n/a	n/a	DI21
226.3280000000	n/a	n/a	STATUS	n/a	n/a	D255
226.3320000000	n/a	n/a	STATUS	n/a	n/a	DIN4
226.3840000000	n/a	n/a	STATUS	n/a	n/a	D255
227.1400000000	n/a	n/a	STATUS	n/a	n/a	DIN5
227.1880000000	n/a	n/a	STATUS	n/a	n/a	D255
227.5280000000	n/a	n/a	STATUS	n/a	n/a	D235
227.5800000000	n/a	n/a	STATUS	n/a	n/a	D255
227.6160000000	n/a	n/a	STATUS	n/a	n/a	DI54
227.6680000000	n/a	n/a	STATUS	n/a	n/a	D255
227.9320000000	n/a	n/a	STATUS	n/a	n/a	DI34
227.9840000000	n/a	n/a	STATUS	n/a	n/a	D255
228.2440000000	n/a	n/a	STATUS	n/a	n/a	DIN5
228.2920000000	n/a	n/a	STATUS	n/a	n/a	D255
228.7640000000	n/a	n/a	STATUS	n/a	n/a	DI94
228.8120000000	n/a	n/a	STATUS	n/a	n/a	D255
228.8520000000	n/a	n/a	STATUS	n/a	n/a	DI51
228.9000000000	n/a	n/a	STATUS	n/a	n/a	D255
229.4000000000	n/a	n/a	STATUS	n/a	n/a	DI31
229.4480000000	n/a	n/a	STATUS	n/a	n/a	D255
229.7080000000	n/a	n/a	STATUS	n/a	n/a	DIN5
229.7600000000	n/a	n/a	STATUS	n/a	n/a	D255
230.1240000000	n/a	n/a	STATUS	n/a	n/a	D157
230.1720000000	n/a	n/a	STATUS	n/a	n/a	D255
230.2120000000	n/a	n/a	STATUS	n/a	n/a	DI54
230.2600000000	n/a	n/a	STATUS	n/a	n/a	D255
230.5480000000	n/a	n/a	STATUS	n/a	n/a	DI34
230.5960000000	n/a	n/a	STATUS	n/a	n/a	D255
230.8560000000	n/a	n/a	STATUS	n/a	n/a	DIN5
230.9080000000	n/a	n/a	STATUS	n/a	n/a	D255
231.3400000000	n/a	n/a	STATUS	n/a	n/a	D115
231.3920000000	n/a	n/a	STATUS	n/a	n/a	D255
231.4280000000	n/a	n/a	STATUS	n/a	n/a	DI51
231.4800000000	n/a	n/a	STATUS	n/a	n/a	D255
231.6960000000	n/a	n/a	STATUS	n/a	n/a	DI21
231.7440000000	n/a	n/a	STATUS	n/a	n/a	D255
231.7520000000	n/a	n/a	STATUS	n/a	n/a	DIN4
231.8000000000	n/a	n/a	STATUS	n/a	n/a	D255
232.5560000000	n/a	n/a	STATUS	n/a	n/a	DIN5
232.6040000000	n/a	n/a	STATUS	n/a	n/a	D255
233.0520000000	n/a	n/a	STATUS	n/a	n/a	D102
233.1000000000	n/a	n/a	STATUS	n/a	n/a	D255
233.1360000000	n/a	n/a	STATUS	n/a	n/a	DI52
233.1880000000	n/a	n/a	STATUS	n/a	n/a	D255
233.5640000000	n/a	n/a	STATUS	n/a	n/a	DI42
233.6120000000	n/a	n/a	STATUS	n/a	n/a	D255
233.8720000000	n/a	n/a	STATUS	n/a	n/a	DIN5
233.9240000000	n/a	n/a	STATUS	n/a	n/a	D255
234.3960000000	n/a	n/a	STATUS	n/a	n/a	D222
234.4480000000	n/a	n/a	STATUS	n/a	n/a	D255
234.4840000000	n/a	n/a	STATUS	n/a	n/a	DI53
234.5360000000	n/a	n/a	STATUS	n/a	n/a	D255
234.8560000000	n/a	n/a	STATUS	n/a	n/a	DI43
234.9040000000	n/a	n/a	STATUS	n/a	n/a	D255
235.1640000000	n/a	n/a	STATUS	n/a	n/a	DIN5
235.2120000000	n/a	n/a	STATUS	n/a	n/a	D255
235.6120000000	n/a	n/a	STATUS	n/a	n/a	D214
235.6640000000	n/a	n/a	STATUS	n/a	n/a	D255
235.7000000000	n/a	n/a	STATUS	n/a	n/a	DI52
235.7520000000	n/a	n/a	STATUS	n/a	n/a	D255
236.3120000000	n/a	n/a	STATUS	n/a	n/a	DI42
236.3640000000	n/a	n/a	STATUS	n/a	n/a	D255
236.6200000000	n/a	n/a	STATUS	n/a	n/a	DIN5
236.6720000000	n/a	n/a	STATUS	n/a	n/a	D255
237.1160000000	n/a	n/a	STATUS	n/a	n/a	D109
237.1680000000	n/a	n/a	STATUS	n/a	n/a	D255
237.2040000000	n/a	n/a	STATUS	n/a	n/a	DI54
237.2560000000	n/a	n/a	STATUS	n/a	n/a	D255
237.5160000000	n/a	n/a	STATUS	n/a	n/a	DI34
237.5640000000	n/a	n/a	STATUS	n/a	n/a	D255
237.8240000000	n/a	n/a	STATUS	n/a	n/a	DIN5
237.8760000000	n/a	n/a	STATUS	n/a	n/a	D255
238.2000000000	n/a	n/a	STATUS	n/a	n/a	D107
238.2480000000	n/a	n/a	STATUS	n/a	n/a	D255
238.2880000000	n/a	n/a	STATUS	n/a	n/a	DI53
238.3360000000	n/a	n/a	STATUS	n/a	n/a	D255
238.6360000000	n/a	n/a	STATUS	n/a	n/a	DI43
238.6880000000	n/a	n/a	STATUS	n/a	n/a	D255
238.9480000000	n/a	n/a	STATUS	n/a	n/a	DIN5
238.9960000000	n/a	n/a	STATUS	n/a	n/a	D255
239.4680000000	n/a	n/a	STATUS	n/a	n/a	D147
239.5160000000	n/a	n/a	STATUS	n/a	n/a	D255
239.5520000000	n/a	n/a	STATUS	n/a	n/a	DI51
239.6040000000	n/a	n/a	STATUS	n/a	n/a	D255
239.9560000000	n/a	n/a	STATUS	n/a	n/a	DI31
240.0080000000	n/a	n/a	STATUS	n/a	n/a	D255
240.2680000000	n/a	n/a	STATUS	n/a	n/a	DIN5
240.3160000000	n/a	n/a	STATUS	n/a	n/a	D255
240.7160000000	n/a	n/a	STATUS	n/a	n/a	D127
240.7640000000	n/a	n/a	STATUS	n/a	n/a	D255
240.8040000000	n/a	n/a	STATUS	n/a	n/a	DI51
240.8560000000	n/a	n/a	STATUS	n/a	n/a	D255
241.0160000000	n/a	n/a	STATUS	n/a	n/a	DI21
241.0640000000	n/a	n/a	STATUS	n/a	n/a	D255
241.0680000000	n/a	n/a	STATUS	n/a	n/a	DIN4
241.1200000000	n/a	n/a	STATUS	n/a	n/a	D255
241.8760000000	n/a	n/a	STATUS	n/a	n/a	DIN5
241.9240000000	n/a	n/a	STATUS	n/a	n/a	D255
242.3880000000	n/a	n/a	STATUS	n/a	n/a	D132
242.4400000000	n/a	n/a	STATUS	n/a	n/a	D255
242.4760000000	n/a	n/a	STATUS	n/a	n/a	DI52
242.5280000000	n/a	n/a	STATUS	n/a	n/a	D255
242.7280000000	n/a	n/a	STATUS	n/a	n/a	DI12
242.7800000000	n/a	n/a	STATUS	n/a	n/a	D255
242.7840000000	n/a	n/a	STATUS	n/a	n/a	DIN4
242.8360000000	n/a	n/a	STATUS	n/a	n/a	D255
243.5880000000	n/a	n/a	STATUS	n/a	n/a	DIN5
243.6400000000	n/a	n/a	STATUS	n/a	n/a	D255
243.9800000000	n/a	n/a	STATUS	n/a	n/a	D135
244.0280000000	n/a	n/a	STATUS	n/a	n/a	D255
244.0680000000	n/a	n/a	STATUS	n/a	n/a	DI53
244.1160000000	n/a	n/a	STATUS	n/a	n/a	D255
244.4400000000	n/a	n/a	STATUS	n/a	n/a	DI43
244.4920000000	n/a	n/a	STATUS	n/a	n/a	D255
244.7480000000	n/a	n/a	STATUS	n/a	n/a	DIN5
244.8000000000	n/a	n/a	STATUS	n/a	n/a	D255
245.2600000000	n/a	n/a	STATUS	n/a	n/a	D249
245.3080000000	n/a	n/a	STATUS	n/a	n/a	D255
245.3480000000	n/a	n/a	STATUS	n/a	n/a	DI51
245.3960000000	n/a	n/a	STATUS	n/a	n/a	D255
245.8240000000	n/a	n/a	STATUS	n/a	n/a	DI31
245.8760000000	n/a	n/a	STATUS	n/a	n/a	D255
246.1360000000	n/a	n/a	STATUS	n/a	n/a	DIN5
246.1840000000	n/a	n/a	STATUS	n/a	n/a	D255
246.6240000000	n/a	n/a	STATUS	n/a	n/a	D172
246.6760000000	n/a	n/a	STATUS	n/a	n/a	D255
246.7120000000	n/a	n/a	STATUS	n/a	n/a	DI53
246.7640000000	n/a	n/a	STATUS	n/a	n/a	D255
247.0280000000	n/a	n/a	STATUS	n/a	n/a	DI43
247.0760000000	n/a	n/a	STATUS	n/a	n/a	D255
247.3360000000	n/a	n/a	STATUS	n/a	n/a	DIN5
247.3880000000	n/a	n/a	STATUS	n/a	n/a	D255
247.7440000000	n/a	n/a	STATUS	n/a	n/a	D217
247.7960000000	n/a	n/a	STATUS	n/a	n/a	D255
247.8320000000	n/a	n/a	STATUS	n/a	n/a	DI54
247.8840000000	n/a	n/a	STATUS	n/a	n/a	D255
248.1560000000	n/a	n/a	STATUS	n/a	n/a	DI34
248.2040000000	n/a	n/a	STATUS	n/a	n/a	D255
248.4640000000	n/a	n/a	STATUS	n/a	n/a	DIN5
248.5160000000	n/a	n/a	STATUS	n/a	n/a	D255
248.8600000000	n/a	n/a	STATUS	n/a	n/a	DI82
248.9080000000	n/a	n/a	STATUS	n/a	n/a	D255
248.9480000000	n/a	n/a	STATUS	n/a	n/a	DI52
248.9960000000	n/a	n/a	STATUS	n/a	n/a	D255
249.3240000000	n/a	n/a	STATUS	n/a	n/a	DI42
249.3720000000	n/a	n/a	STATUS	n/a	n/a	D255
249.6320000000	n/a	n/a	STATUS	n/a	n/a	DIN5
249.6800000000	n/a	n/a	STATUS	n/a	n/a	D255
250.1720000000	n/a	n/a	STATUS	n/a	n/a	D108
250.2240000000	n/a	n/a	STATUS	n/a	n/a	D255
250.2600000000	n/a	n/a	STATUS	n/a	n/a	DI52
250.3120000000	n/a	n/a	STATUS	n/a	n/a	D255
250.5520000000	n/a	n/a	STATUS	n/a	n/a	DI12
250.6000000000	n/a	n/a	STATUS	n/a	n/a	D255
250.6080000000	n/a	n/a	STATUS	n/a	n/a	DIN4
250.6560000000	n/a	n/a	STATUS	n/a	n/a	D255
251.4120000000	n/a	n/a	STATUS	n/a	n/a	DIN5
251.4600000000	n/a	n/a	STATUS	n/a	n/a	D255
251.8080000000	n/a	n/a	STATUS	n/a	n/a	D233
251.8560000000	n/a	n/a	STATUS	n/a	n/a	D255
251.8920000000	n/a	n/a	STATUS	n/a	n/a	DI54
251.9440000000	n/a	n/a	STATUS	n/a	n/a	D255
252.3720000000	n/a	n/a	STATUS	n/a	n/a	DI34
252.4240000000	n/a	n/a	STATUS	n/a	n/a	D255
252.6840000000	n/a	n/a	STATUS	n/a	n/a	DIN5
252.7320000000	n/a	n/a	STATUS	n/a	n/a	D255
253.0480000000	n/a	n/a	STATUS	n/a	n/a	DI88
253.0960000000	n/a	n/a	STATUS	n/a	n/a	D255
253.1320000000	n/a	n/a	STATUS	n/a	n/a	DI54
253.1840000000	n/a	n/a	STATUS	n/a	n/a	D255
253.5600000000	n/a	n/a	STATUS	n/a	n/a	DI34
253.6120000000	n/a	n/a	STATUS	n/a	n/a	D255
253.8720000000	n/a	n/a	STATUS	n/a	n/a	DIN5
253.9200000000	n/a	n/a	STATUS	n/a	n/a	D255
254.3720000000	n/a	n/a	STATUS	n/a	n/a	D227
254.4200000000	n/a	n/a	STATUS	n/a	n/a	D255
254.4600000000	n/a	n/a	STATUS	n/a	n/a	DI53
254.5080000000	n/a	n/a	STATUS	n/a	n/a	D255
254.7920000000	n/a	n/a	STATUS	n/a	n/a	DI43
254.8440000000	n/a	n/a	STATUS	n/a	n/a	D255
255.1000000000	n/a	n/a	STATUS	n/a	n/a	DIN5
255.1520000000	n/a	n/a	STATUS	n/a	n/a	D255
255.5320000000	n/a	n/a	STATUS	n/a	n/a	D223
255.5800000000	n/a	n/a	STATUS	n/a	n/a	D255
255.6200000000	n/a	n/a	STATUS	n/a	n/a	DI51
255.6720000000	n/a	n/a	STATUS	n/a	n/a	D255
255.9920000000	n/a	n/a	STATUS	n/a	n/a	DI31
256.0400000000	n/a	n/a	STATUS	n/a	n/a	D255
256.3000000000	n/a	n/a	STATUS	n/a	n/a	DIN5
256.3520000000	n/a	n/a	STATUS	n/a	n/a	D255
256.8520000000	n/a	n/a	STATUS	n/a	n/a	DI67
256.9000000000	n/a	n/a	STATUS	n/a	n/a	D255
256.9400000000	n/a	n/a	STATUS	n/a	n/a	DI52
256.9880000000	n/a	n/a	STATUS	n/a	n/a	D255
257.3200000000	n/a	n/a	STATUS	n/a	n/a	DI42
257.3680000000	n/a	n/a	STATUS	n/a	n/a	D255
257.3680000000	n/a	n/a	STATUS	n/a	n/a	D235
257.6280000000	n/a	n/a	STATUS	n/a	n/a	DIN5
257.6800000000	n/a	n/a	STATUS	n/a	n/a	D255
258.1840000000	n/a	n/a	STATUS	n/a	n/a	D191
258.2320000000	n/a	n/a	STATUS	n/a	n/a	D255
258.2720000000	n/a	n/a	STATUS	n/a	n/a	DI51
258.3200000000	n/a	n/a	STATUS	n/a	n/a	D255
258.6600000000	n/a	n/a	STATUS	n/a	n/a	DI31
258.7120000000	n/a	n/a	STATUS	n/a	n/a	D255
258.9680000000	n/a	n/a	STATUS	n/a	n/a	DIN5
259.0200000000	n/a	n/a	STATUS	n/a	n/a	D255
259.5240000000	n/a	n/a	STATUS	n/a	n/a	D185
259.5760000000	n/a	n/a	STATUS	n/a	n/a	D255
259.6120000000	n/a	n/a	STATUS	n/a	n/a	DI51
259.6640000000	n/a	n/a	STATUS	n/a	n/a	D255
259.8560000000	n/a	n/a	STATUS	n/a	n/a	DI21
259.9040000000	n/a	n/a	STATUS	n/a	n/a	D255
259.9120000000	n/a	n/a	STATUS	n/a	n/a	DIN4
259.9600000000	n/a	n/a	STATUS	n/a	n/a	D255
260.7160000000	n/a	n/a	STATUS	n/a	n/a	DIN5
260.7640000000	n/a	n/a	STATUS	n/a	n/a	D255
261.1160000000	n/a	n/a	STATUS	n/a	n/a	D151
261.1640000000	n/a	n/a	STATUS	n/a	n/a	D255
261.2040000000	n/a	n/a	STATUS	n/a	n/a	DI53
261.2560000000	n/a	n/a	STATUS	n/a	n/a	D255
261.5640000000	n/a	n/a	STATUS	n/a	n/a	DI43
261.6160000000	n/a	n/a	STATUS	n/a	n/a	D255
261.8720000000	n/a	n/a	STATUS	n/a	n/a	DIN5
261.9240000000	n/a	n/a	STATUS	n/a	n/a	D255
262.4080000000	n/a	n/a	STATUS	n/a	n/a	D202
262.4600000000	n/a	n/a	STATUS	n/a	n/a	D255
262.4960000000	n/a	n/a	STATUS	n/a	n/a	DI51
262.5480000000	n/a	n/a	STATUS	n/a	n/a	D255
262.8880000000	n/a	n/a	STATUS	n/a	n/a	DI31
262.9360000000	n/a	n/a	STATUS	n/a	n/a	D255
263.1960000000	n/a	n/a	STATUS	n/a	n/a	DIN5
263.2480000000	n/a	n/a	STATUS	n/a	n/a	D255
263.6360000000	n/a	n/a	STATUS	n/a	n/a	D228
263.6840000000	n/a	n/a	STATUS	n/a	n/a	D255
263.7240000000	n/a	n/a	STATUS	n/a	n/a	DI53
263.7720000000	n/a	n/a	STATUS	n/a	n/a	D255
264.0000000000	n/a	n/a	STATUS	n/a	n/a	DI43
264.0480000000	n/a	n/a	STATUS	n/a	n/a	D255
264.3080000000	n/a	n/a	STATUS	n/a	n/a	DIN5
264.3560000000	n/a	n/a	STATUS	n/a	n/a	D255
264.8640000000	n/a	n/a	STATUS	n/a	n/a	DI75
264.9120000000	n/a	n/a	STATUS	n/a	n/a	D255
264.9520000000	n/a	n/a	STATUS	n/a	n/a	DI51
265.0000000000	n/a	n/a	STATUS	n/a	n/a	D255
265.3400000000	n/a	n/a	STATUS	n/a	n/a	DI31
265.3920000000	n/a	n/a	STATUS	n/a	n/a	D255
265.6520000000	n/a	n/a	STATUS	n/a	n/a	DIN5
265.7000000000	n/a	n/a	STATUS	n/a	n/a	D255
266.1560000000	n/a	n/a	STATUS	n/a	n/a	D190
266.2080000000	n/a	n/a	STATUS	n/a	n/a	D255
266.2440000000	n/a	n/a	STATUS	n/a	n/a	DI52
266.2960000000	n/a	n/a	STATUS	n/a	n/a	D255
266.6280000000	n/a	n/a	STATUS	n/a	n/a	DI42
266.6760000000	n/a	n/a	STATUS	n/a	n/a	D255
266.9360000000	n/a	n/a	STATUS	n/a	n/a	DIN5
266.9880000000	n/a	n/a	STATUS	n/a	n/a	D255
267.3960000000	n/a	n/a	STATUS	n/a	n/a	D140
267.4480000000	n/a	n/a	STATUS	n/a	n/a	D255
267.4840000000	n/a	n/a	STATUS	n/a	n/a	DI54
267.5360000000	n/a	n/a	STATUS	n/a	n/a	D255
267.7760000000	n/a	n/a	STATUS	n/a	n/a	DI34
267.8280000000	n/a	n/a	STATUS	n/a	n/a	D255
268.0880000000	n/a	n/a	STATUS	n/a	n/a	DIN5
268.1360000000	n/a	n/a	STATUS	n/a	n/a	D255
268.5840000000	n/a	n/a	STATUS	n/a	n/a	D116
268.6320000000	n/a	n/a	STATUS	n/a	n/a	D255
268.6680000000	n/a	n/a	STATUS	n/a	n/a	DI52
268.7200000000	n/a	n/a	STATUS	n/a	n/a	D255
269.0600000000	n/a	n/a	STATUS	n/a	n/a	DI42
269.1120000000	n/a	n/a	STATUS	n/a	n/a	D255
269.3720000000	n/a	n/a	STATUS	n/a	n/a	DIN5
269.4200000000	n/a	n/a	STATUS	n/a	n/a	D255
269.8120000000	n/a	n/a	STATUS	n/a	n/a	D161
269.8600000000	n/a	n/a	STATUS	n/a	n/a	D255
269.9000000000	n/a	n/a	STATUS	n/a	n/a	DI51
269.9480000000	n/a	n/a	STATUS	n/a	n/a	D255
270.3400000000	n/a	n/a	STATUS	n/a	n/a	DI31
270.3920000000	n/a	n/a	STATUS	n/a	n/a	D255
270.6520000000	n/a	n/a	STATUS	n/a	n/a	DIN5
270.7000000000	n/a	n/a	STATUS	n/a	n/a	D255
271.1720000000	n/a	n/a	STATUS	n/a	n/a	D232
271.2200000000	n/a	n/a	STATUS	n/a	n/a	D255
271.2600000000	n/a	n/a	STATUS	n/a	n/a	DI52
271.3080000000	n/a	n/a	STATUS	n/a	n/a	D255
271.6680000000	n/a	n/a	STATUS	n/a	n/a	DI42
271.7200000000	n/a	n/a	STATUS	n/a	n/a	D255
271.9800000000	n/a	n/a	STATUS	n/a	n/a	DIN5
272.0280000000	n/a	n/a	STATUS	n/a	n/a	D255
272.3680000000	n/a	n/a	STATUS	n/a	n/a	D106
272.4200000000	n/a	n/a	STATUS	n/a	n/a	D255
272.4560000000	n/a	n/a	STATUS	n/a	n/a	DI51
272.5080000000	n/a	n/a	STATUS	n/a	n/a	D255
272.8920000000	n/a	n/a	STATUS	n/a	n/a	DI31
272.9440000000	n/a	n/a	STATUS	n/a	n/a	D255
273.2040000000	n/a	n/a	STATUS	n/a	n/a	DIN5
273.2520000000	n/a	n/a	STATUS	n/a	n/a	D255
273.6680000000	n/a	n/a	STATUS	n/a	n/a	DI68
273.7200000000	n/a	n/a	STATUS	n/a	n/a	D255
273.7560000000	n/a	n/a	STATUS	n/a	n/a	DI53
273.8040000000	n/a	n/a	STATUS	n/a	n/a	D255
274.0840000000	n/a	n/a	STATUS	n/a	n/a	DI43
274.1360000000	n/a	n/a	STATUS	n/a	n/a	D255
274.3960000000	n/a	n/a	STATUS	n/a	n/a	DIN5
274.4440000000	n/a	n/a	STATUS	n/a	n/a	D255
274.8680000000	n/a	n/a	STATUS	n/a	n/a	D117
274.9200000000	n/a	n/a	STATUS	n/a	n/a	D255
274.9600000000	n/a	n/a	STATUS	n/a	n/a	DI51
275.0080000000	n/a	n/a	STATUS	n/a	n/a	D255
275.1720000000	n/a	n/a	STATUS	n/a	n/a	DI21
275.2240000000	n/a	n/a	STATUS	n/a	n/a	D255
275.2280000000	n/a	n/a	STATUS	n/a	n/a	DIN4
275.2800000000	n/a	n/a	STATUS	n/a	n/a	D255
276.0320000000	n/a	n/a	STATUS	n/a	n/a	DIN5
276.0840000000	n/a	n/a	STATUS	n/a	n/a	D255
276.4800000000	n/a	n/a	STATUS	n/a	n/a	D180
276.5280000000	n/a	n/a	STATUS	n/a	n/a	D255
276.5680000000	n/a	n/a	STATUS	n/a	n/a	DI51
276.6160000000	n/a	n/a	STATUS	n/a	n/a	D255
276.9800000000	n/a	n/a	STATUS	n/a	n/a	DI31
277.0320000000	n/a	n/a	STATUS	n/a	n/a	D255
277.2920000000	n/a	n/a	STATUS	n/a	n/a	DIN5
277.3400000000	n/a	n/a	STATUS	n/a	n/a	D255
277.8400000000	n/a	n/a	STATUS	n/a	n/a	D250
277.8880000000	n/a	n/a	STATUS	n/a	n/a	D255
277.9280000000	n/a	n/a	STATUS	n/a	n/a	DI51
277.9760000000	n/a	n/a	STATUS	n/a	n/a	D255
278.3520000000	n/a	n/a	STATUS	n/a	n/a	DI31
278.4040000000	n/a	n/a	STATUS	n/a	n/a	D255
278.6640000000	n/a	n/a	STATUS	n/a	n/a	DIN5
278.7120000000	n/a	n/a	STATUS	n/a	n/a	D255
279.0680000000	n/a	n/a	STATUS	n/a	n/a	DI74
279.1160000000	n/a	n/a	STATUS	n/a	n/a	D255
279.1560000000	n/a	n/a	STATUS	n/a	n/a	DI53
279.2040000000	n/a	n/a	STATUS	n/a	n/a	D255
279.5200000000	n/a	n/a	STATUS	n/a	n/a	DI43
279.5720000000	n/a	n/a	STATUS	n/a	n/a	D255
279.8280000000	n/a	n/a	STATUS	n/a	n/a	DIN5
279.8800000000	n/a	n/a	STATUS	n/a	n/a	D255
280.2400000000	n/a	n/a	STATUS	n/a	n/a	D225
280.2880000000	n/a	n/a	STATUS	n/a	n/a	D255
280.3280000000	n/a	n/a	STATUS	n/a	n/a	DI52
280.3760000000	n/a	n/a	STATUS	n/a	n/a	D255
280.8120000000	n/a	n/a	STATUS	n/a	n/a	DI42
280.8600000000	n/a	n/a	STATUS	n/a	n/a	D255
281.1200000000	n/a	n/a	STATUS	n/a	n/a	DIN5
281.1680000000	n/a	n/a	STATUS	n/a	n/a	D255
281.5360000000	n/a	n/a	STATUS	n/a	n/a	DI83
281.5840000000	n/a	n/a	STATUS	n/a	n/a	D255
281.6240000000	n/a	n/a	STATUS	n/a	n/a	DI51
281.6720000000	n/a	n/a	STATUS	n/a	n/a	D255
282.0200000000	n/a	n/a	STATUS	n/a	n/a	DI31
282.0680000000	n/a	n/a	STATUS	n/a	n/a	D255
282.3280000000	n/a	n/a	STATUS	n/a	n/a	DIN5
282.3800000000	n/a	n/a	STATUS	n/a	n/a	D255
282.7240000000	n/a	n/a	STATUS	n/a	n/a	D200
282.7720000000	n/a	n/a	STATUS	n/a	n/a	D255
282.8120000000	n/a	n/a	STATUS	n/a	n/a	DI52
282.8600000000	n/a	n/a	STATUS	n/a	n/a	D255
283.2080000000	n/a	n/a	STATUS	n/a	n/a	DI42
283.2560000000	n/a	n/a	STATUS	n/a	n/a	D255
283.5160000000	n/a	n/a	STATUS	n/a	n/a	DIN5
283.5680000000	n/a	n/a	STATUS	n/a	n/a	D255
284.0720000000	n/a	n/a	STATUS	n/a	n/a	D240
284.1200000000	n/a	n/a	STATUS	n/a	n/a	D255
284.1600000000	n/a	n/a	STATUS	n/a	n/a	DI54
284.2080000000	n/a	n/a	STATUS	n/a	n/a	D255
284.4720000000	n/a	n/a	STATUS	n/a	n/a	DI34
284.5240000000	n/a	n/a	STATUS	n/a	n/a	D255
284.7840000000	n/a	n/a	STATUS	n/a	n/a	DIN5
284.8320000000	n/a	n/a	STATUS	n/a	n/a	D255
285.2320000000	n/a	n/a	STATUS	n/a	n/a	D174
285.2840000000	n/a	n/a	STATUS	n/a	n/a	D255
285.3200000000	n/a	n/a	STATUS	n/a	n/a	DI51
285.3680000000	n/a	n/a	STATUS	n/a	n/a	D255
285.8400000000	n/a	n/a	STATUS	n/a	n/a	DI31
285.8920000000	n/a	n/a	STATUS	n/a	n/a	D255
286.1520000000	n/a	n/a	STATUS	n/a	n/a	DIN5
286.2000000000	n/a	n/a	STATUS	n/a	n/a	D255
286.5360000000	n/a	n/a	STATUS	n/a	n/a	DI66
286.5840000000	n/a	n/a	STATUS	n/a	n/a	D255
286.6240000000	n/a	n/a	STATUS	n/a	n/a	DI54
286.6760000000	n/a	n/a	STATUS	n/a	n/a	D255
286.9560000000	n/a	n/a	STATUS	n/a	n/a	DI34
287.0080000000	n/a	n/a	STATUS	n/a	n/a	D255
287.2640000000	n/a	n/a	STATUS	n/a	n/a	DIN5
287.3160000000	n/a	n/a	STATUS	n/a	n/a	D255
287.6640000000	n/a	n/a	STATUS	n/a	n/a	D176
287.7160000000	n/a	n/a	STATUS	n/a	n/a	D255
287.7520000000	n/a	n/a	STATUS	n/a	n/a	DI54
287.8040000000	n/a	n/a	STATUS	n/a	n/a	D255
288.0360000000	n/a	n/a	STATUS	n/a	n/a	DI34
288.0880000000	n/a	n/a	STATUS	n/a	n/a	D255
288.3480000000	n/a	n/a	STATUS	n/a	n/a	DIN5
288.3960000000	n/a	n/a	STATUS	n/a	n/a	D255
288.7960000000	n/a	n/a	STATUS	n/a	n/a	D159
288.8480000000	n/a	n/a	STATUS	n/a	n/a	D255
288.8840000000	n/a	n/a	STATUS	n/a	n/a	DI54
288.9360000000	n/a	n/a	STATUS	n/a	n/a	D255
289.1480000000	n/a	n/a	STATUS	n/a	n/a	DI34
289.1960000000	n/a	n/a	STATUS	n/a	n/a	D255
289.4560000000	n/a	n/a	STATUS	n/a	n/a	DIN5
289.5080000000	n/a	n/a	STATUS	n/a	n/a	D255
289.9560000000	n/a	n/a	STATUS	n/a	n/a	DI93
290.0080000000	n/a	n/a	STATUS	n/a	n/a	D255
290.0440000000	n/a	n/a	STATUS	n/a	n/a	DI53
290.0960000000	n/a	n/a	STATUS	n/a	n/a	D255
290.4560000000	n/a	n/a	STATUS	n/a	n/a	DI43
290.5040000000	n/a	n/a	STATUS	n/a	n/a	D255
290.7640000000	n/a	n/a	STATUS	n/a	n/a	DIN5
290.8160000000	n/a	n/a	STATUS	n/a	n/a	D255
291.2840000000	n/a	n/a	STATUS	n/a	n/a	DI97
291.3360000000	n/a	n/a	STATUS	n/a	n/a	D255
291.3720000000	n/a	n/a	STATUS	n/a	n/a	DI54
291.4240000000	n/a	n/a	STATUS	n/a	n/a	D255
291.6720000000	n/a	n/a	STATUS	n/a	n/a	DI34
291.7240000000	n/a	n/a	STATUS	n/a	n/a	D255
291.9800000000	n/a	n/a	STATUS	n/a	n/a	DIN5
292.0320000000	n/a	n/a	STATUS	n/a	n/a	D255
292.3880000000	n/a	n/a	STATUS	n/a	n/a	D201
292.4360000000	n/a	n/a	STATUS	n/a	n/a	D255
292.4720000000	n/a	n/a	STATUS	n/a	n/a	DI52
292.5240000000	n/a	n/a	STATUS	n/a	n/a	D255
292.8600000000	n/a	n/a	STATUS	n/a	n/a	DI42
292.9080000000	n/a	n/a	STATUS	n/a	n/a	D255
293.1680000000	n/a	n/a	STATUS	n/a	n/a	DIN5
293.2200000000	n/a	n/a	STATUS	n/a	n/a	D255
293.5440000000	n/a	n/a	STATUS	n/a	n/a	D177
293.5920000000	n/a	n/a	STATUS	n/a	n/a	D255
293.6320000000	n/a	n/a	STATUS	n/a	n/a	DI52
293.6800000000	n/a	n/a	STATUS	n/a	n/a	D255
293.9240000000	n/a	n/a	STATUS	n/a	n/a	DI12
293.9760000000	n/a	n/a	STATUS	n/a	n/a	D255
293.9800000000	n/a	n/a	STATUS	n/a	n/a	DIN4
294.0320000000	n/a	n/a	STATUS	n/a	n/a	D255
294.7840000000	n/a	n/a	STATUS	n/a	n/a	DIN5
294.8360000000	n/a	n/a	STATUS	n/a	n/a	D255
295.3080000000	n/a	n/a	STATUS	n/a	n/a	DI76
295.3600000000	n/a	n/a	STATUS	n/a	n/a	D255
295.4000000000	n/a	n/a	STATUS	n/a	n/a	DI54
295.4480000000	n/a	n/a	STATUS	n/a	n/a	D255
295.7360000000	n/a	n/a	STATUS	n/a	n/a	DI34
295.7880000000	n/a	n/a	STATUS	n/a	n/a	D255
296.0480000000	n/a	n/a	STATUS	n/a	n/a	DIN5
296.0960000000	n/a	n/a	STATUS	n/a	n/a	D255
296.5720000000	n/a	n/a	STATUS	n/a	n/a	D141
296.6240000000	n/a	n/a	STATUS	n/a	n/a	D255
296.6600000000	n/a	n/a	STATUS	n/a	n/a	DI53
296.7120000000	n/a	n/a	STATUS	n/a	n/a	D255
296.9640000000	n/a	n/a	STATUS	n/a	n/a	DI43
297.0120000000	n/a	n/a	STATUS	n/a	n/a	D255
297.2720000000	n/a	n/a	STATUS	n/a	n/a	DIN5
297.3240000000	n/a	n/a	STATUS	n/a	n/a	D255
297.6320000000	n/a	n/a	STATUS	n/a	n/a	D153
297.6840000000	n/a	n/a	STATUS	n/a	n/a	D255
297.7200000000	n/a	n/a	STATUS	n/a	n/a	DI54
297.7720000000	n/a	n/a	STATUS	n/a	n/a	D255
298.0080000000	n/a	n/a	STATUS	n/a	n/a	DI34
298.0600000000	n/a	n/a	STATUS	n/a	n/a	D255
298.3200000000	n/a	n/a	STATUS	n/a	n/a	DIN5
298.3680000000	n/a	n/a	STATUS	n/a	n/a	D255
298.8200000000	n/a	n/a	STATUS	n/a	n/a	D165
298.8680000000	n/a	n/a	STATUS	n/a	n/a	D255
298.9080000000	n/a	n/a	STATUS	n/a	n/a	DI52
298.9560000000	n/a	n/a	STATUS	n/a	n/a	D255
299.3360000000	n/a	n/a	STATUS	n/a	n/a	DI42
299.3880000000	n/a	n/a	STATUS	n/a	n/a	D255
318.9600000000	n/a	n/a	STATUS	n/a	n/a	DIN5
319.0120000000	n/a	n/a	STATUS	n/a	n/a	D255
319.4760000000	n/a	n/a	STATUS	n/a	n/a	DI76
319.5280000000	n/a	n/a	STATUS	n/a	n/a	D255
319.5280000000	n/a	n/a	STATUS	n/a	n/a	D239
319.5640000000	n/a	n/a	STATUS	n/a	n/a	DI54
319.6160000000	n/a	n/a	STATUS	n/a	n/a	D255
319.8480000000	n/a	n/a	STATUS	n/a	n/a	DI34
319.9000000000	n/a	n/a	STATUS	n/a	n/a	D255
320.1600000000	n/a	n/a	STATUS	n/a	n/a	DIN5
320.2080000000	n/a	n/a	STATUS	n/a	n/a	D255
320.6240000000	n/a	n/a	STATUS	n/a	n/a	D207
320.6720000000	n/a	n/a	STATUS	n/a	n/a	D255
320.7120000000	n/a	n/a	STATUS	n/a	n/a	DI53
320.7600000000	n/a	n/a	STATUS	n/a	n/a	D255
320.9800000000	n/a	n/a	STATUS	n/a	n/a	DI43
321.0280000000	n/a	n/a	STATUS	n/a	n/a	D255
321.2880000000	n/a	n/a	STATUS	n/a	n/a	DIN5
321.3400000000	n/a	n/a	STATUS	n/a	n/a	D255
321.8240000000	n/a	n/a	STATUS	n/a	n/a	D134
321.8720000000	n/a	n/a	STATUS	n/a	n/a	D255
321.9120000000	n/a	n/a	STATUS	n/a	n/a	DI52
321.9600000000	n/a	n/a	STATUS	n/a	n/a	D255
322.1440000000	n/a	n/a	STATUS	n/a	n/a	DI12
322.1960000000	n/a	n/a	STATUS	n/a	n/a	D255
322.2000000000	n/a	n/a	STATUS	n/a	n/a	DIN4
322.2480000000	n/a	n/a	STATUS	n/a	n/a	D255
323.0040000000	n/a	n/a	STATUS	n/a	n/a	DIN5
323.0560000000	n/a	n/a	STATUS	n/a	n/a	D255
323.4800000000	n/a	n/a	STATUS	n/a	n/a	D136
323.5280000000	n/a	n/a	STATUS	n/a	n/a	D255
323.5680000000	n/a	n/a	STATUS	n/a	n/a	DI54
323.6160000000	n/a	n/a	STATUS	n/a	n/a	D255
323.9120000000	n/a	n/a	STATUS	n/a	n/a	DI34
323.9640000000	n/a	n/a	STATUS	n/a	n/a	D255
324.2200000000	n/a	n/a	STATUS	n/a	n/a	DIN5
324.2720000000	n/a	n/a	STATUS	n/a	n/a	D255
324.5760000000	n/a	n/a	STATUS	n/a	n/a	D148
324.6280000000	n/a	n/a	STATUS	n/a	n/a	D255
324.6640000000	n/a	n/a	STATUS	n/a	n/a	DI51
324.7160000000	n/a	n/a	STATUS	n/a	n/a	D255
324.9200000000	n/a	n/a	STATUS	n/a	n/a	DI21
324.9680000000	n/a	n/a	STATUS	n/a	n/a	D255
324.9720000000	n/a	n/a	STATUS	n/a	n/a	DIN4
325.0240000000	n/a	n/a	STATUS	n/a	n/a	D255
325.7760000000	n/a	n/a	STATUS	n/a	n/a	DIN5
325.8280000000	n/a	n/a	STATUS	n/a	n/a	D255
326.1640000000	n/a	n/a	STATUS	n/a	n/a	D122
326.2120000000	n/a	n/a	STATUS	n/a	n/a	D255
326.2520000000	n/a	n/a	STATUS	n/a	n/a	DI51
326.3000000000	n/a	n/a	STATUS	n/a	n/a	D255
326.6520000000	n/a	n/a	STATUS	n/a	n/a	DI31
326.7040000000	n/a	n/a	STATUS	n/a	n/a	D255
326.9640000000	n/a	n/a	STATUS	n/a	n/a	DIN5
327.0120000000	n/a	n/a	STATUS	n/a	n/a	D255
327.4280000000	n/a	n/a	STATUS	n/a	n/a	D180
327.4800000000	n/a	n/a	STATUS	n/a	n/a	D255
327.5160000000	n/a	n/a	STATUS	n/a	n/a	DI54
327.5640000000	n/a	n/a	STATUS	n/a	n/a	D255
327.8120000000	n/a	n/a	STATUS	n/a	n/a	DI34
327.8640000000	n/a	n/a	STATUS	n/a	n/a	D255
328.1200000000	n/a	n/a	STATUS	n/a	n/a	DIN5
328.1720000000	n/a	n/a	STATUS	n/a	n/a	D255
328.5520000000	n/a	n/a	STATUS	n/a	n/a	D132
328.6000000000	n/a	n/a	STATUS	n/a	n/a	D255
328.6400000000	n/a	n/a	STATUS	n/a	n/a	DI52
328.6880000000	n/a	n/a	STATUS	n/a	n/a	D255
329.0040000000	n/a	n/a	STATUS	n/a	n/a	DI42
329.0520000000	n/a	n/a	STATUS	n/a	n/a	D255
329.3120000000	n/a	n/a	STATUS	n/a	n/a	DIN5
329.3640000000	n/a	n/a	STATUS	n/a	n/a	D255
329.6760000000	n/a	n/a	STATUS	n/a	n/a	D188
329.7280000000	n/a	n/a	STATUS	n/a	n/a	D255
329.7640000000	n/a	n/a	STATUS	n/a	n/a	DI53
329.8160000000	n/a	n/a	STATUS	n/a	n/a	D255
330.0520000000	n/a	n/a	STATUS	n/a	n/a	DI43
330.1000000000	n/a	n/a	STATUS	n/a	n/a	D255
330.3600000000	n/a	n/a	STATUS	n/a	n/a	DIN5
330.4120000000	n/a	n/a	STATUS	n/a	n/a	D255
330.8440000000	n/a	n/a	STATUS	n/a	n/a	D210
330.8960000000	n/a	n/a	STATUS	n/a	n/a	D255
330.9320000000	n/a	n/a	STATUS	n/a	n/a	DI52
330.9840000000	n/a	n/a	STATUS	n/a	n/a	D255
331.2440000000	n/a	n/a	STATUS	n/a	n/a	DI12
331.2920000000	n/a	n/a	STATUS	n/a	n/a	D255
331.2960000000	n/a	n/a	STATUS	n/a	n/a	DIN4
331.3480000000	n/a	n/a	STATUS	n/a	n/a	D255
332.1040000000	n/a	n/a	STATUS	n/a	n/a	DIN5
332.1520000000	n/a	n/a	STATUS	n/a	n/a	D255
332.5240000000	n/a	n/a	STATUS	n/a	n/a	D251
332.5720000000	n/a	n/a	STATUS	n/a	n/a	D255
332.6120000000	n/a	n/a	STATUS	n/a	n/a	DI52
332.6600000000	n/a	n/a	STATUS	n/a	n/a	D255
333.0160000000	n/a	n/a	STATUS	n/a	n/a	DI42
333.0680000000	n/a	n/a	STATUS	n/a	n/a	D255
333.3280000000	n/a	n/a	STATUS	n/a	n/a	DIN5
333.3760000000	n/a	n/a	STATUS	n/a	n/a	D255
333.7400000000	n/a	n/a	STATUS	n/a	n/a	DI74
333.7920000000	n/a	n/a	STATUS	n/a	n/a	D255
333.8280000000	n/a	n/a	STATUS	n/a	n/a	DI52
333.8800000000	n/a	n/a	STATUS	n/a	n/a	D255
334.3560000000	n/a	n/a	STATUS	n/a	n/a	DI42
334.4040000000	n/a	n/a	STATUS	n/a	n/a	D255
334.6640000000	n/a	n/a	STATUS	n/a	n/a	DIN5
334.7160000000	n/a	n/a	STATUS	n/a	n/a	D255
335.0800000000	n/a	n/a	STATUS	n/a	n/a	D104
335.1280000000	n/a	n/a	STATUS	n/a	n/a	D255
335.1680000000	n/a	n/a	STATUS	n/a	n/a	DI52
335.2160000000	n/a	n/a	STATUS	n/a	n/a	D255
335.5320000000	n/a	n/a	STATUS	n/a	n/a	DI42
335.5840000000	n/a	n/a	STATUS	n/a	n/a	D255
335.8440000000	n/a	n/a	STATUS	n/a	n/a	DIN5
335.8920000000	n/a	n/a	STATUS	n/a	n/a	D255
336.3880000000	n/a	n/a	STATUS	n/a	n/a	D107
336.4360000000	n/a	n/a	STATUS	n/a	n/a	D255
336.4760000000	n/a	n/a	STATUS	n/a	n/a	DI51
336.5240000000	n/a	n/a	STATUS	n/a	n/a	D255
336.8800000000	n/a	n/a	STATUS	n/a	n/a	DI31
336.9320000000	n/a	n/a	STATUS	n/a	n/a	D255
337.1920000000	n/a	n/a	STATUS	n/a	n/a	DIN5
337.2400000000	n/a	n/a	STATUS	n/a	n/a	D255
337.6320000000	n/a	n/a	STATUS	n/a	n/a	DI91
337.6800000000	n/a	n/a	STATUS	n/a	n/a	D255
337.7200000000	n/a	n/a	STATUS	n/a	n/a	DI52
337.7680000000	n/a	n/a	STATUS	n/a	n/a	D255
338.0720000000	n/a	n/a	STATUS	n/a	n/a	DI42
338.1240000000	n/a	n/a	STATUS	n/a	n/a	D255
338.3840000000	n/a	n/a	STATUS	n/a	n/a	DIN5
338.4320000000	n/a	n/a	STATUS	n/a	n/a	D255
338.7840000000	n/a	n/a	STATUS	n/a	n/a	D203
338.8320000000	n/a	n/a	STATUS	n/a	n/a	D255
338.8720000000	n/a	n/a	STATUS	n/a	n/a	DI51
338.9200000000	n/a	n/a	STATUS	n/a	n/a	D255
339.2960000000	n/a	n/a	STATUS	n/a	n/a	DI31
339.3480000000	n/a	n/a	STATUS	n/a	n/a	D255
339.6080000000	n/a	n/a	STATUS	n/a	n/a	DIN5
339.6560000000	n/a	n/a	STATUS	n/a	n/a	D255
340.0400000000	n/a	n/a	STATUS	n/a	n/a	D164
340.0880000000	n/a	n/a	STATUS	n/a	n/a	D255
340.1240000000	n/a	n/a	STATUS	n/a	n/a	DI54
340.1760000000	n/a	n/a	STATUS	n/a	n/a	D255
340.5000000000	n/a	n/a	STATUS	n/a	n/a	DI34
340.5480000000	n/a	n/a	STATUS	n/a	n/a	D255
340.8080000000	n/a	n/a	STATUS	n/a	n/a	DIN5
340.8600000000	n/a	n/a	STATUS	n/a	n/a	D255
341.2280000000	n/a	n/a	STATUS	n/a	n/a	D190
341.2800000000	n/a	n/a	STATUS	n/a	n/a	D255
341.3160000000	n/a	n/a	STATUS	n/a	n/a	DI52
341.3680000000	n/a	n/a	STATUS	n/a	n/a	D255
341.6760000000	n/a	n/a	STATUS	n/a	n/a	DI42
341.7240000000	n/a	n/a	STATUS	n/a	n/a	D255
341.9840000000	n/a	n/a	STATUS	n/a	n/a	DIN5
342.0360000000	n/a	n/a	STATUS	n/a	n/a	D255
342.4200000000	n/a	n/a	STATUS	n/a	n/a	DI92
342.4680000000	n/a	n/a	STATUS	n/a	n/a	D255
342.5080000000	n/a	n/a	STATUS	n/a	n/a	DI53
342.5560000000	n/a	n/a	STATUS	n/a	n/a	D255
342.8520000000	n/a	n/a	STATUS	n/a	n/a	DI43
342.9040000000	n/a	n/a	STATUS	n/a	n/a	D255
343.1600000000	n/a	n/a	STATUS	n/a	n/a	DIN5
343.2120000000	n/a	n/a	STATUS	n/a	n/a	D255
343.5320000000	n/a	n/a	STATUS	n/a	n/a	D244
343.5800000000	n/a	n/a	STATUS	n/a	n/a	D255
343.6200000000	n/a	n/a	STATUS	n/a	n/a	DI54
343.6680000000	n/a	n/a	STATUS	n/a	n/a	D255
343.9640000000	n/a	n/a	STATUS	n/a	n/a	DI34
344.0120000000	n/a	n/a	STATUS	n/a	n/a	D255
344.2720000000	n/a	n/a	STATUS	n/a	n/a	DIN5
344.3240000000	n/a	n/a	STATUS	n/a	n/a	D255
344.7120000000	n/a	n/a	STATUS	n/a	n/a	D247
344.7640000000	n/a	n/a	STATUS	n/a	n/a	D255
344.8000000000	n/a	n/a	STATUS	n/a	n/a	DI54
344.8480000000	n/a	n/a	STATUS	n/a	n/a	D255
345.1200000000	n/a	n/a	STATUS	n/a	n/a	DI34
345.1680000000	n/a	n/a	STATUS	n/a	n/a	D255
345.4280000000	n/a	n/a	STATUS	n/a	n/a	DIN5
345.4800000000	n/a	n/a	STATUS	n/a	n/a	D255
345.9440000000	n/a	n/a	STATUS	n/a	n/a	DI89
345.9920000000	n/a	n/a	STATUS	n/a	n/a	D255
346.0320000000	n/a	n/a	STATUS	n/a	n/a	DI54
346.0800000000	n/a	n/a	STATUS	n/a	n/a	D255
346.3360000000	n/a	n/a	STATUS	n/a	n/a	DI34
346.3880000000	n/a	n/a	STATUS	n/a	n/a	D255
346.6480000000	n/a	n/a	STATUS	n/a	n/a	DIN5
346.6960000000	n/a	n/a	STATUS	n/a	n/a	D255
347.1160000000	n/a	n/a	STATUS	n/a	n/a	DI68
347.1680000000	n/a	n/a	STATUS	n/a	n/a	D255
347.2040000000	n/a	n/a	STATUS	n/a	n/a	DI53
347.2560000000	n/a	n/a	STATUS	n/a	n/a	D255
347.4960000000	n/a	n/a	STATUS	n/a	n/a	DI43
347.5440000000	n/a	n/a	STATUS	n/a	n/a	D255
347.8040000000	n/a	n/a	STATUS	n/a	n/a	DIN5
347.8560000000	n/a	n/a	STATUS	n/a	n/a	D255
348.3200000000	n/a	n/a	STATUS	n/a	n/a	D187
348.3680000000	n/a	n/a	STATUS	n/a	n/a	D255
348.4080000000	n/a	n/a	STATUS	n/a	n/a	DI53
348.4560000000	n/a	n/a	STATUS	n/a	n/a	D255
348.6920000000	n/a	n/a	STATUS	n/a	n/a	DI43
348.7400000000	n/a	n/a	STATUS	n/a	n/a	D255
349.0000000000	n/a	n/a	STATUS	n/a	n/a	DIN5
349.0520000000	n/a	n/a	STATUS	n/a	n/a	D255
349.3840000000	n/a	n/a	STATUS	n/a	n/a	D116
349.4360000000	n/a	n/a	STATUS	n/a	n/a	D255
349.4720000000	n/a	n/a	STATUS	n/a	n/a	DI52
349.5200000000	n/a	n/a	STATUS	n/a	n/a	D255
349.8760000000	n/a	n/a	STATUS	n/a	n/a	DI42
349.9280000000	n/a	n/a	STATUS	n/a	n/a	D255
350.1880000000	n/a	n/a	STATUS	n/a	n/a	DIN5
350.2360000000	n/a	n/a	STATUS	n/a	n/a	D255
350.6000000000	n/a	n/a	STATUS	n/a	n/a	D200
350.6520000000	n/a	n/a	STATUS	n/a	n/a	D255
350.6880000000	n/a	n/a	STATUS	n/a	n/a	DI51
350.7400000000	n/a	n/a	STATUS	n/a	n/a	D255
351.1080000000	n/a	n/a	STATUS	n/a	n/a	DI31
351.1600000000	n/a	n/a	STATUS	n/a	n/a	D255
351.4200000000	n/a	n/a	STATUS	n/a	n/a	DIN5
351.4680000000	n/a	n/a	STATUS	n/a	n/a	D255
351.9480000000	n/a	n/a	STATUS	n/a	n/a	D129
352.0000000000	n/a	n/a	STATUS	n/a	n/a	D255
352.0360000000	n/a	n/a	STATUS	n/a	n/a	DI53
352.0880000000	n/a	n/a	STATUS	n/a	n/a	D255
352.3480000000	n/a	n/a	STATUS	n/a	n/a	DI43
352.4000000000	n/a	n/a	STATUS	n/a	n/a	D255
352.6560000000	n/a	n/a	STATUS	n/a	n/a	DIN5
352.7080000000	n/a	n/a	STATUS	n/a	n/a	D255
353.1640000000	n/a	n/a	STATUS	n/a	n/a	D146
353.2120000000	n/a	n/a	STATUS	n/a	n/a	D255
353.2520000000	n/a	n/a	STATUS	n/a	n/a	DI53
353.3000000000	n/a	n/a	STATUS	n/a	n/a	D255
353.5160000000	n/a	n/a	STATUS	n/a	n/a	DI43
353.5680000000	n/a	n/a	STATUS	n/a	n/a	D255
353.5680000000	n/a	n/a	STATUS	n/a	n/a	D235
353.8280000000	n/a	n/a	STATUS	n/a	n/a	DIN5
353.8760000000	n/a	n/a	STATUS	n/a	n/a	D255
354.2640000000	n/a	n/a	STATUS	n/a	n/a	DI99
354.3120000000	n/a	n/a	STATUS	n/a	n/a	D255
354.3480000000	n/a	n/a	STATUS	n/a	n/a	DI54
354.4000000000	n/a	n/a	STATUS	n/a	n/a	D255
354.6600000000	n/a	n/a	STATUS	n/a	n/a	DI34
354.7120000000	n/a	n/a	STATUS	n/a	n/a	D255
354.9720000000	n/a	n/a	STATUS	n/a	n/a	DIN5
355.0200000000	n/a	n/a	STATUS	n/a	n/a	D255
355.3720000000	n/a	n/a	STATUS	n/a	n/a	DI85
355.4200000000	n/a	n/a	STATUS	n/a	n/a	D255
355.4600000000	n/a	n/a	STATUS	n/a	n/a	DI51
355.5080000000	n/a	n/a	STATUS	n/a	n/a	D255
355.7280000000	n/a	n/a	STATUS	n/a	n/a	DI21
355.7800000000	n/a	n/a	STATUS	n/a	n/a	D255
355.7840000000	n/a	n/a	STATUS	n/a	n/a	DIN4
355.8320000000	n/a	n/a	STATUS	n/a	n/a	D255
356.5880000000	n/a	n/a	STATUS	n/a	n/a	DIN5
356.6400000000	n/a	n/a	STATUS	n/a	n/a	D255
357.0240000000	n/a	n/a	STATUS	n/a	n/a	DI71
357.0720000000	n/a	n/a	STATUS	n/a	n/a	D255
357.1120000000	n/a	n/a	STATUS	n/a	n/a	DI52
357.1640000000	n/a	n/a	STATUS	n/a	n/a	D255
357.5480000000	n/a	n/a	STATUS	n/a	n/a	DI42
357.5960000000	n/a	n/a	STATUS	n/a	n/a	D255
357.8560000000	n/a	n/a	STATUS	n/a	n/a	DIN5
357.9080000000	n/a	n/a	STATUS	n/a	n/a	D255
358.2320000000	n/a	n/a	STATUS	n/a	n/a	D168
358.2800000000	n/a	n/a	STATUS	n/a	n/a	D255
358.3200000000	n/a	n/a	STATUS	n/a	n/a	DI52
358.3680000000	n/a	n/a	STATUS	n/a	n/a	D255
358.7120000000	n/a	n/a	STATUS	n/a	n/a	DI42
358.7600000000	n/a	n/a	STATUS	n/a	n/a	D255
359.0200000000	n/a	n/a	STATUS	n/a	n/a	DIN5
359.0720000000	n/a	n/a	STATUS	n/a	n/a	D255
359.4200000000	n/a	n/a	STATUS	n/a	n/a	D140
359.4720000000	n/a	n/a	STATUS	n/a	n/a	D255
359.5080000000	n/a	n/a	STATUS	n/a	n/a	DI51
359.5560000000	n/a	n/a	STATUS	n/a	n/a	D255
359.9200000000	n/a	n/a	STATUS	n/a	n/a	DI31
359.9720000000	n/a	n/a	STATUS	n/a	n/a	D255
360.2280000000	n/a	n/a	STATUS	n/a	n/a	DIN5
360.2800000000	n/a	n/a	STATUS	n/a	n/a	D255
360.7480000000	n/a	n/a	STATUS	n/a	n/a	D243
360.8000000000	n/a	n/a	STATUS	n/a	n/a	D255
360.8360000000	n/a	n/a	STATUS	n/a	n/a	DI53
360.8880000000	n/a	n/a	STATUS	n/a	n/a	D255
361.1440000000	n/a	n/a	STATUS	n/a	n/a	DI43
361.1920000000	n/a	n/a	STATUS	n/a	n/a	D255
361.4520000000	n/a	n/a	STATUS	n/a	n/a	DIN5
361.5040000000	n/a	n/a	STATUS	n/a	n/a	D255
361.9720000000	n/a	n/a	STATUS	n/a	n/a	D192
362.0240000000	n/a	n/a	STATUS	n/a	n/a	D255
362.0600000000	n/a	n/a	STATUS	n/a	n/a	DI53
362.1080000000	n/a	n/a	STATUS	n/a	n/a	D255
362.3360000000	n/a	n/a	STATUS	n/a	n/a	DI43
362.3880000000	n/a	n/a	STATUS	n/a	n/a	D255
362.6480000000	n/a	n/a	STATUS	n/a	n/a	DIN5
362.6960000000	n/a	n/a	STATUS	n/a	n/a	D255
363.1280000000	n/a	n/a	STATUS	n/a	n/a	DI70
363.1760000000	n/a	n/a	STATUS	n/a	n/a	D255
363.2160000000	n/a	n/a	STATUS	n/a	n/a	DI54
363.2680000000	n/a	n/a	STATUS	n/a	n/a	D255
363.5360000000	n/a	n/a	STATUS	n/a	n/a	DI34
363.5880000000	n/a	n/a	STATUS	n/a	n/a	D255
363.8480000000	n/a	n/a	STATUS	n/a	n/a	DIN5
363.8960000000	n/a	n/a	STATUS	n/a	n/a	D255
364.3760000000	n/a	n/a	STATUS	n/a	n/a	D166
364.4280000000	n/a	n/a	STATUS	n/a	n/a	D255
364.4640000000	n/a	n/a	STATUS	n/a	n/a	DI51
364.5160000000	n/a	n/a	STATUS	n/a	n/a	D255
364.6880000000	n/a	n/a	STATUS	n/a	n/a	DI21
364.7360000000	n/a	n/a	STATUS	n/a	n/a	D255
364.7400000000	n/a	n/a	STATUS	n/a	n/a	DIN4
364.7920000000	n/a	n/a	STATUS	n/a	n/a	D255
365.5480000000	n/a	n/a	STATUS	n/a	n/a	DIN5
365.5960000000	n/a	n/a	STATUS	n/a	n/a	D255
365.9680000000	n/a	n/a	STATUS	n/a	n/a	D193
366.0200000000	n/a	n/a	STATUS	n/a	n/a	D255
366.0560000000	n/a	n/a	STATUS	n/a	n/a	DI54
366.1080000000	n/a	n/a	STATUS	n/a	n/a	D255
366.3880000000	n/a	n/a	STATUS	n/a	n/a	DI34
366.4360000000	n/a	n/a	STATUS	n/a	n/a	D255
366.6960000000	n/a	n/a	STATUS	n/a	n/a	DIN5
366.7480000000	n/a	n/a	STATUS	n/a	n/a	D255
367.1560000000	n/a	n/a	STATUS	n/a	n/a	D153
367.2040000000	n/a	n/a	STATUS	n/a	n/a	D255
367.2440000000	n/a	n/a	STATUS	n/a	n/a	DI54
367.2920000000	n/a	n/a	STATUS	n/a	n/a	D255
367.5640000000	n/a	n/a	STATUS	n/a	n/a	DI34
367.6160000000	n/a	n/a	STATUS	n/a	n/a	D255
367.8760000000	n/a	n/a	STATUS	n/a	n/a	DIN5
367.9240000000	n/a	n/a	STATUS	n/a	n/a	D255
368.2520000000	n/a	n/a	STATUS	n/a	n/a	D175
368.3040000000	n/a	n/a	STATUS	n/a	n/a	D255
368.3440000000	n/a	n/a	STATUS	n/a	n/a	DI53
368.3920000000	n/a	n/a	STATUS	n/a	n/a	D255
368.6440000000	n/a	n/a	STATUS	n/a	n/a	DI43
368.6920000000	n/a	n/a	STATUS	n/a	n/a	D255
368.9520000000	n/a	n/a	STATUS	n/a	n/a	DIN5
369.0040000000	n/a	n/a	STATUS	n/a	n/a	D255
369.3960000000	n/a	n/a	STATUS	n/a	n/a	D252
369.4480000000	n/a	n/a	STATUS	n/a	n/a	D255
369.4840000000	n/a	n/a	STATUS	n/a	n/a	DI54
369.5320000000	n/a	n/a	STATUS	n/a	n/a	D255
369.8280000000	n/a	n/a	STATUS	n/a	n/a	DI34
369.8760000000	n/a	n/a	STATUS	n/a	n/a	D255
370.1360000000	n/a	n/a	STATUS	n/a	n/a	DIN5
370.1880000000	n/a	n/a	STATUS	n/a	n/a	D255
370.4920000000	n/a	n/a	STATUS	n/a	n/a	DI98
370.5400000000	n/a	n/a	STATUS	n/a	n/a	D255
370.5800000000	n/a	n/a	STATUS	n/a	n/a	DI52
370.6280000000	n/a	n/a	STATUS	n/a	n/a	D255
370.9760000000	n/a	n/a	STATUS	n/a	n/a	DI42
371.0240000000	n/a	n/a	STATUS	n/a	n/a	D255
371.2840000000	n/a	n/a	STATUS	n/a	n/a	DIN5
371.3320000000	n/a	n/a	STATUS	n/a	n/a	D255
371.6680000000	n/a	n/a	STATUS	n/a	n/a	D202
371.7200000000	n/a	n/a	STATUS	n/a	n/a	D255
371.7560000000	n/a	n/a	STATUS	n/a	n/a	DI52
371.8080000000	n/a	n/a	STATUS	n/a	n/a	D255
372.0920000000	n/a	n/a	STATUS	n/a	n/a	DI12
372.1440000000	n/a	n/a	STATUS	n/a	n/a	D255
372.1480000000	n/a	n/a	STATUS	n/a	n/a	DIN4
372.1960000000	n/a	n/a	STATUS	n/a	n/a	D255
372.9520000000	n/a	n/a	STATUS	n/a	n/a	DIN5
373.0040000000	n/a	n/a	STATUS	n/a	n/a	D255
373.4360000000	n/a	n/a	STATUS	n/a	n/a	D209
373.4880000000	n/a	n/a	STATUS	n/a	n/a	D255
373.5240000000	n/a	n/a	STATUS	n/a	n/a	DI51
373.5760000000	n/a	n/a	STATUS	n/a	n/a	D255
373.8760000000	n/a	n/a	STATUS	n/a	n/a	DI21
373.9240000000	n/a	n/a	STATUS	n/a	n/a	D255
373.9280000000	n/a	n/a	STATUS	n/a	n/a	DIN4
373.9800000000	n/a	n/a	STATUS	n/a	n/a	D255
374.7360000000	n/a	n/a	STATUS	n/a	n/a	DIN5
374.7840000000	n/a	n/a	STATUS	n/a	n/a	D255
375.1000000000	n/a	n/a	STATUS	n/a	n/a	D137
375.1480000000	n/a	n/a	STATUS	n/a	n/a	D255
375.1840000000	n/a	n/a	STATUS	n/a	n/a	DI52
375.2360000000	n/a	n/a	STATUS	n/a	n/a	D255
375.6120000000	n/a	n/a	STATUS	n/a	n/a	DI42
375.6600000000	n/a	n/a	STATUS	n/a	n/a	D255
375.9200000000	n/a	n/a	STATUS	n/a	n/a	DIN5
375.9720000000	n/a	n/a	STATUS	n/a	n/a	D255
376.3760000000	n/a	n/a	STATUS	n/a	n/a	D112
376.4240000000	n/a	n/a	STATUS	n/a	n/a	D255
376.4640000000	n/a	n/a	STATUS	n/a	n/a	DI53
376.5120000000	n/a	n/a	STATUS	n/a	n/a	D255
376.7720000000	n/a	n/a	STATUS	n/a	n/a	DI43
376.8240000000	n/a	n/a	STATUS	n/a	n/a	D255
377.0800000000	n/a	n/a	STATUS	n/a	n/a	DIN5
377.1320000000	n/a	n/a	STATUS	n/a	n/a	D255
377.4760000000	n/a	n/a	STATUS	n/a	n/a	D217
377.5280000000	n/a	n/a	STATUS	n/a	n/a	D255
377.5640000000	n/a	n/a	STATUS	n/a	n/a	DI53
377.6160000000	n/a	n/a	STATUS	n/a	n/a	D255
377.8760000000	n/a	n/a	STATUS	n/a	n/a	DI43
377.9240000000	n/a	n/a	STATUS	n/a	n/a	D255
378.1840000000	n/a	n/a	STATUS	n/a	n/a	DIN5
378.2360000000	n/a	n/a	STATUS	n/a	n/a	D255
378.7240000000	n/a	n/a	STATUS	n/a	n/a	D131
378.7720000000	n/a	n/a	STATUS	n/a	n/a	D255
378.8120000000	n/a	n/a	STATUS	n/a	n/a	DI53
378.8600000000	n/a	n/a	STATUS	n/a	n/a	D255
379.0000000000	n/a	n/a	STATUS	n/a	n/a	DI43
379.0520000000	n/a	n/a	STATUS	n/a	n/a	D255
379.3080000000	n/a	n/a	STATUS	n/a	n/a	DIN5
379.3600000000	n/a	n/a	STATUS	n/a	n/a	D255
379.7640000000	n/a	n/a	STATUS	n/a	n/a	D176
379.8160000000	n/a	n/a	STATUS	n/a	n/a	D255
379.8520000000	n/a	n/a	STATUS	n/a	n/a	DI54
379.9000000000	n/a	n/a	STATUS	n/a	n/a	D255
380.1080000000	n/a	n/a	STATUS	n/a	n/a	DI34
380.1600000000	n/a	n/a	STATUS	n/a	n/a	D255
380.4200000000	n/a	n/a	STATUS	n/a	n/a	DIN5
380.4680000000	n/a	n/a	STATUS	n/a	n/a	D255
380.8840000000	n/a	n/a	STATUS	n/a	n/a	D177
380.9320000000	n/a	n/a	STATUS	n/a	n/a	D255
380.9720000000	n/a	n/a	STATUS	n/a	n/a	DI53
381.0200000000	n/a	n/a	STATUS	n/a	n/a	D255
381.1880000000	n/a	n/a	STATUS	n/a	n/a	DI43
381.2360000000	n/a	n/a	STATUS	n/a	n/a	D255
381.4960000000	n/a	n/a	STATUS	n/a	n/a	DIN5
381.5480000000	n/a	n/a	STATUS	n/a	n/a	D255
381.8720000000	n/a	n/a	STATUS	n/a	n/a	D216
381.9200000000	n/a	n/a	STATUS	n/a	n/a	D255
381.9600000000	n/a	n/a	STATUS	n/a	n/a	DI51
382.0080000000	n/a	n/a	STATUS	n/a	n/a	D255
382.3680000000	n/a	n/a	STATUS	n/a	n/a	DI31
382.4200000000	n/a	n/a	STATUS	n/a	n/a	D255
382.6800000000	n/a	n/a	STATUS	n/a	n/a	DIN5
382.7280000000	n/a	n/a	STATUS	n/a	n/a	D255
383.1360000000	n/a	n/a	STATUS	n/a	n/a	D139
383.1840000000	n/a	n/a	STATUS	n/a	n/a	D255
383.2200000000	n/a	n/a	STATUS	n/a	n/a	DI51
383.2720000000	n/a	n/a	STATUS	n/a	n/a	D255
383.5120000000	n/a	n/a	STATUS	n/a	n/a	DI21
383.5640000000	n/a	n/a	STATUS	n/a	n/a	D255
383.5680000000	n/a	n/a	STATUS	n/a	n/a	DIN4
383.6200000000	n/a	n/a	STATUS	n/a	n/a	D255
384.3720000000	n/a	n/a	STATUS	n/a	n/a	DIN5
384.4240000000	n/a	n/a	STATUS	n/a	n/a	D255
384.7680000000	n/a	n/a	STATUS	n/a	n/a	D144
384.8200000000	n/a	n/a	STATUS	n/a	n/a	D255
384.8560000000	n/a	n/a	STATUS	n/a	n/a	DI51
384.9040000000	n/a	n/a	STATUS	n/a	n/a	D255
385.3320000000	n/a	n/a	STATUS	n/a	n/a	DI31
385.3840000000	n/a	n/a	STATUS	n/a	n/a	D255
385.6440000000	n/a	n/a	STATUS	n/a	n/a	DIN5
385.6920000000	n/a	n/a	STATUS	n/a	n/a	D255
386.1440000000	n/a	n/a	STATUS	n/a	n/a	D141
386.1920000000	n/a	n/a	STATUS	n/a	n/a	D255
386.2280000000	n/a	n/a	STATUS	n/a	n/a	DI54
386.2800000000	n/a	n/a	STATUS	n/a	n/a	D255
386.5280000000	n/a	n/a	STATUS	n/a	n/a	DI34
386.5760000000	n/a	n/a	STATUS	n/a	n/a	D227
386.5800000000	n/a	n/a	STATUS	n/a	n/a	D255
386.8360000000	n/a	n/a	STATUS	n/a	n/a	DIN5
386.8880000000	n/a	n/a	STATUS	n/a	n/a	D255
387.3440000000	n/a	n/a	STATUS	n/a	n/a	D234
387.3920000000	n/a	n/a	STATUS	n/a	n/a	D255
387.4320000000	n/a	n/a	STATUS	n/a	n/a	DI53
387.4800000000	n/a	n/a	STATUS	n/a	n/a	D255
387.7920000000	n/a	n/a	STATUS	n/a	n/a	DI43
387.8440000000	n/a	n/a	STATUS	n/a	n/a	D255
388.1040000000	n/a	n/a	STATUS	n/a	n/a	DIN5
388.1520000000	n/a	n/a	STATUS	n/a	n/a	D255
388.5640000000	n/a	n/a	STATUS	n/a	n/a	DI82
388.6120000000	n/a	n/a	STATUS	n/a	n/a	D255
388.6520000000	n/a	n/a	STATUS	n/a	n/a	DI54
388.7000000000	n/a	n/a	STATUS	n/a	n/a	D255
389.0720000000	n/a	n/a	STATUS	n/a	n/a	DI24
389.1240000000	n/a	n/a	STATUS	n/a	n/a	D255
389.1280000000	n/a	n/a	STATUS	n/a	n/a	DIN4
389.1800000000	n/a	n/a	STATUS	n/a	n/a	D255
389.9320000000	n/a	n/a	STATUS	n/a	n/a	DIN5
389.9840000000	n/a	n/a	STATUS	n/a	n/a	D255
390.3200000000	n/a	n/a	STATUS	n/a	n/a	D118
390.3680000000	n/a	n/a	STATUS	n/a	n/a	D255
390.4080000000	n/a	n/a	STATUS	n/a	n/a	DI52
390.4560000000	n/a	n/a	STATUS	n/a	n/a	D255
390.8400000000	n/a	n/a	STATUS	n/a	n/a	DI42
390.8920000000	n/a	n/a	STATUS	n/a	n/a	D255
391.1520000000	n/a	n/a	STATUS	n/a	n/a	DIN5
391.2000000000	n/a	n/a	STATUS	n/a	n/a	D255
391.5920000000	n/a	n/a	STATUS	n/a	n/a	D151
391.6440000000	n/a	n/a	STATUS	n/a	n/a	D255
391.6800000000	n/a	n/a	STATUS	n/a	n/a	DI51
391.7280000000	n/a	n/a	STATUS	n/a	n/a	D255
392.1800000000	n/a	n/a	STATUS	n/a	n/a	DI31
392.2320000000	n/a	n/a	STATUS	n/a	n/a	D255
392.4920000000	n/a	n/a	STATUS	n/a	n/a	DIN5
392.5400000000	n/a	n/a	STATUS	n/a	n/a	D255
392.9760000000	n/a	n/a	STATUS	n/a	n/a	D147
393.0240000000	n/a	n/a	STATUS	n/a	n/a	D255
393.0640000000	n/a	n/a	STATUS	n/a	n/a	DI52
393.1120000000	n/a	n/a	STATUS	n/a	n/a	D255
393.5000000000	n/a	n/a	STATUS	n/a	n/a	DI42
393.5480000000	n/a	n/a	STATUS	n/a	n/a	D255
393.8080000000	n/a	n/a	STATUS	n/a	n/a	DIN5
393.8560000000	n/a	n/a	STATUS	n/a	n/a	D255
394.3240000000	n/a	n/a	STATUS	n/a	n/a	D170
394.3720000000	n/a	n/a	STATUS	n/a	n/a	D255
394.4120000000	n/a	n/a	STATUS	n/a	n/a	DI54
394.4600000000	n/a	n/a	STATUS	n/a	n/a	D255
394.8520000000	n/a	n/a	STATUS	n/a	n/a	DI34
394.9040000000	n/a	n/a	STATUS	n/a	n/a	D255
395.1640000000	n/a	n/a	STATUS	n/a	n/a	DIN5
395.2120000000	n/a	n/a	STATUS	n/a	n/a	D255
395.5840000000	n/a	n/a	STATUS	n/a	n/a	D230
395.6320000000	n/a	n/a	STATUS	n/a	n/a	D255
395.6720000000	n/a	n/a	STATUS	n/a	n/a	DI51
395.7200000000	n/a	n/a	STATUS	n/a	n/a	D255
396.0480000000	n/a	n/a	STATUS	n/a	n/a	DI21
396.1000000000	n/a	n/a	STATUS	n/a	n/a	D255
396.1040000000	n/a	n/a	STATUS	n/a	n/a	DIN4
396.1560000000	n/a	n/a	STATUS	n/a	n/a	D255
396.9080000000	n/a	n/a	STATUS	n/a	n/a	DIN5
396.9600000000	n/a	n/a	STATUS	n/a	n/a	D255
397.2960000000	n/a	n/a	STATUS	n/a	n/a	D173
397.3440000000	n/a	n/a	STATUS	n/a	n/a	D255
397.3800000000	n/a	n/a	STATUS	n/a	n/a	DI54
397.4320000000	n/a	n/a	STATUS	n/a	n/a	D255
397.7840000000	n/a	n/a	STATUS	n/a	n/a	DI34
397.8360000000	n/a	n/a	STATUS	n/a	n/a	D255
398.0960000000	n/a	n/a	STATUS	n/a	n/a	DIN5
398.1440000000	n/a	n/a	STATUS	n/a	n/a	D255
398.4960000000	n/a	n/a	STATUS	n/a	n/a	D184
398.5440000000	n/a	n/a	STATUS	n/a	n/a	D255
398.5840000000	n/a	n/a	STATUS	n/a	n/a	DI54
398.6320000000	n/a	n/a	STATUS	n/a	n/a	D255
398.9120000000	n/a	n/a	STATUS	n/a	n/a	DI34
398.9600000000	n/a	n/a	STATUS	n/a	n/a	D255
399.2200000000	n/a	n/a	STATUS	n/a	n/a	DIN5
399.2720000000	n/a	n/a	STATUS	n/a	n/a	D255
399.6160000000	n/a	n/a	STATUS	n/a	n/a	D119
399.6640000000	n/a	n/a	STATUS	n/a	n/a	D255
399.7040000000	n/a	n/a	STATUS	n/a	n/a	DI52
399.7520000000	n/a	n/a	STATUS	n/a	n/a	D255
400.2440000000	n/a	n/a	STATUS	n/a	n/a	DI12
400.2960000000	n/a	n/a	STATUS	n/a	n/a	D255
400.3000000000	n/a	n/a	STATUS	n/a	n/a	DIN4
400.3480000000	n/a	n/a	STATUS	n/a	n/a	D255
401.1040000000	n/a	n/a	STATUS	n/a	n/a	DIN5
401.1560000000	n/a	n/a	STATUS	n/a	n/a	D255
401.5480000000	n/a	n/a	STATUS	n/a	n/a	D110
401.6000000000	n/a	n/a	STATUS	n/a	n/a	D255
401.6360000000	n/a	n/a	STATUS	n/a	n/a	DI52
401.6880000000	n/a	n/a	STATUS	n/a	n/a	D255
402.1760000000	n/a	n/a	STATUS	n/a	n/a	DI42
402.2280000000	n/a	n/a	STATUS	n/a	n/a	D255
402.4880000000	n/a	n/a	STATUS	n/a	n/a	DIN5
402.5360000000	n/a	n/a	STATUS	n/a	n/a	D255
402.9080000000	n/a	n/a	STATUS	n/a	n/a	D236
402.9560000000	n/a	n/a	STATUS	n/a	n/a	D255
402.9960000000	n/a	n/a	STATUS	n/a	n/a	DI53
403.0440000000	n/a	n/a	STATUS	n/a	n/a	D255
403.3840000000	n/a	n/a	STATUS	n/a	n/a	DI43
403.4360000000	n/a	n/a	STATUS	n/a	n/a	D255
403.6960000000	n/a	n/a	STATUS	n/a	n/a	DIN5
403.7440000000	n/a	n/a	STATUS	n/a	n/a	D255
404.1040000000	n/a	n/a	STATUS	n/a	n/a	DI81
404.1560000000	n/a	n/a	STATUS	n/a	n/a	D255
404.1920000000	n/a	n/a	STATUS	n/a	n/a	DI53
404.2440000000	n/a	n/a	STATUS	n/a	n/a	D255
404.5240000000	n/a	n/a	STATUS	n/a	n/a	DI43
404.5760000000	n/a	n/a	STATUS	n/a	n/a	D255
404.8320000000	n/a	n/a	STATUS	n/a	n/a	DIN5
404.8840000000	n/a	n/a	STATUS	n/a	n/a	D255
405.3440000000	n/a	n/a	STATUS	n/a	n/a	D199
405.3920000000	n/a	n/a	STATUS	n/a	n/a	D255
405.4280000000	n/a	n/a	STATUS	n/a	n/a	DI51
405.4800000000	n/a	n/a	STATUS	n/a	n/a	D255
405.6880000000	n/a	n/a	STATUS	n/a	n/a	DI21
405.7360000000	n/a	n/a	STATUS	n/a	n/a	D255
405.7440000000	n/a	n/a	STATUS	n/a	n/a	DIN4
405.7920000000	n/a	n/a	STATUS	n/a	n/a	D255
406.5480000000	n/a	n/a	STATUS	n/a	n/a	DIN5
406.5960000000	n/a	n/a	STATUS	n/a	n/a	D255
406.9480000000	n/a	n/a	STATUS	n/a	n/a	DI65
406.9960000000	n/a	n/a	STATUS	n/a	n/a	D255
407.0360000000	n/a	n/a	STATUS	n/a	n/a	DI54
407.0840000000	n/a	n/a	STATUS	n/a	n/a	D255
407.4440000000	n/a	n/a	STATUS	n/a	n/a	DI34
407.4960000000	n/a	n/a	STATUS	n/a	n/a	D255
407.7560000000	n/a	n/a	STATUS	n/a	n/a	DIN5
407.8040000000	n/a	n/a	STATUS	n/a	n/a	D255
408.2480000000	n/a	n/a	STATUS	n/a	n/a	D254
408.3000000000	n/a	n/a	STATUS	n/a	n/a	D255
408.3360000000	n/a	n/a	STATUS	n/a	n/a	DI52
408.3880000000	n/a	n/a	STATUS	n/a	n/a	D255
408.7480000000	n/a	n/a	STATUS	n/a	n/a	DI42
408.7960000000	n/a	n/a	STATUS	n/a	n/a	D255
409.0560000000	n/a	n/a	STATUS	n/a	n/a	DIN5
409.1080000000	n/a	n/a	STATUS	n/a	n/a	D255
409.4600000000	n/a	n/a	STATUS	n/a	n/a	D120
409.5120000000	n/a	n/a	STATUS	n/a	n/a	D255
409.5480000000	n/a	n/a	STATUS	n/a	n/a	DI53
409.6000000000	n/a	n/a	STATUS	n/a	n/a	D255
409.8640000000	n/a	n/a	STATUS	n/a	n/a	DI43
409.9160000000	n/a	n/a	STATUS	n/a	n/a	D255
410.1760000000	n/a	n/a	STATUS	n/a	n/a	DIN5
410.2240000000	n/a	n/a	STATUS	n/a	n/a	D255
410.6800000000	n/a	n/a	STATUS	n/a	n/a	D127
410.7320000000	n/a	n/a	STATUS	n/a	n/a	D255
410.7680000000	n/a	n/a	STATUS	n/a	n/a	DI52
410.8160000000	n/a	n/a	STATUS	n/a	n/a	D255
411.3560000000	n/a	n/a	STATUS	n/a	n/a	DI42
411.4080000000	n/a	n/a	STATUS	n/a	n/a	D255
411.6680000000	n/a	n/a	STATUS	n/a	n/a	DIN5
411.7160000000	n/a	n/a	STATUS	n/a	n/a	D255
412.1160000000	n/a	n/a	STATUS	n/a	n/a	D214
412.1640000000	n/a	n/a	STATUS	n/a	n/a	D255
412.2040000000	n/a	n/a	STATUS	n/a	n/a	DI54
412.2520000000	n/a	n/a	STATUS	n/a	n/a	D255
412.5440000000	n/a	n/a	STATUS	n/a	n/a	DI34
412.5960000000	n/a	n/a	STATUS	n/a	n/a	D255
412.8560000000	n/a	n/a	STATUS	n/a	n/a	DIN5
412.9040000000	n/a	n/a	STATUS	n/a	n/a	D255
413.3000000000	n/a	n/a	STATUS	n/a	n/a	D163
413.3520000000	n/a	n/a	STATUS	n/a	n/a	D255
413.3880000000	n/a	n/a	STATUS	n/a	n/a	DI52
413.4360000000	n/a	n/a	STATUS	n/a	n/a	D255
413.7440000000	n/a	n/a	STATUS	n/a	n/a	DI42
413.7960000000	n/a	n/a	STATUS	n/a	n/a	D255
414.0560000000	n/a	n/a	STATUS	n/a	n/a	DIN5
414.1080000000	n/a	n/a	STATUS	n/a	n/a	D255
414.5120000000	n/a	n/a	STATUS	n/a	n/a	D179
414.5600000000	n/a	n/a	STATUS	n/a	n/a	D255
414.6000000000	n/a	n/a	STATUS	n/a	n/a	DI54
414.6480000000	n/a	n/a	STATUS	n/a	n/a	D255
414.8800000000	n/a	n/a	STATUS	n/a	n/a	DI34
414.9320000000	n/a	n/a	STATUS	n/a	n/a	D255
415.1920000000	n/a	n/a	STATUS	n/a	n/a	DIN5
415.2400000000	n/a	n/a	STATUS	n/a	n/a	D255
415.6160000000	n/a	n/a	STATUS	n/a	n/a	D204
415.6640000000	n/a	n/a	STATUS	n/a	n/a	D255
415.7040000000	n/a	n/a	STATUS	n/a	n/a	DI54
415.7560000000	n/a	n/a	STATUS	n/a	n/a	D255
416.0200000000	n/a	n/a	STATUS	n/a	n/a	DI24
416.0680000000	n/a	n/a	STATUS	n/a	n/a	D255
416.0720000000	n/a	n/a	STATUS	n/a	n/a	DIN4
416.1240000000	n/a	n/a	STATUS	n/a	n/a	D255
416.8800000000	n/a	n/a	STATUS	n/a	n/a	DIN5
416.9280000000	n/a	n/a	STATUS	n/a	n/a	D255
417.3560000000	n/a	n/a	STATUS	n/a	n/a	D248
417.4080000000	n/a	n/a	STATUS	n/a	n/a	D255
417.4440000000	n/a	n/a	STATUS	n/a	n/a	DI51
417.4960000000	n/a	n/a	STATUS	n/a	n/a	D255
417.7560000000	n/a	n/a	STATUS	n/a	n/a	DI21
417.8040000000	n/a	n/a	STATUS	n/a	n/a	D255
417.8080000000	n/a	n/a	STATUS	n/a	n/a	DIN4
417.8600000000	n/a	n/a	STATUS	n/a	n/a	D255
418.6160000000	n/a	n/a	STATUS	n/a	n/a	DIN5
418.6640000000	n/a	n/a	STATUS	n/a	n/a	D255
419.0160000000	n/a	n/a	STATUS	n/a	n/a	D201
419.0640000000	n/a	n/a	STATUS	n/a	n/a	D255
419.1040000000	n/a	n/a	STATUS	n/a	n/a	DI54
419.1520000000	n/a	n/a	STATUS	n/a	n/a	D255
419.4400000000	n/a	n/a	STATUS	n/a	n/a	DI34
419.4920000000	n/a	n/a	STATUS	n/a	n/a	D255
419.7520000000	n/a	n/a	STATUS	n/a	n/a	DIN5
419.8000000000	n/a	n/a	STATUS	n/a	n/a	D255
420.3000000000	n/a	n/a	STATUS	n/a	n/a	D178
420.3520000000	n/a	n/a	STATUS	n/a	n/a	D255
420.3880000000	n/a	n/a	STATUS	n/a	n/a	DI51
420.4400000000	n/a	n/a	STATUS	n/a	n/a	D255
420.8000000000	n/a	n/a	STATUS	n/a	n/a	DI31
420.8520000000	n/a	n/a	STATUS	n/a	n/a	D255
421.1120000000	n/a	n/a	STATUS	n/a	n/a	DIN5
421.1600000000	n/a	n/a	STATUS	n/a	n/a	D255
421.5800000000	n/a	n/a	STATUS	n/a	n/a	DI79
421.6280000000	n/a	n/a	STATUS	n/a	n/a	D255
421.6680000000	n/a	n/a	STATUS	n/a	n/a	DI53
421.7200000000	n/a	n/a	STATUS	n/a	n/a	D255
422.0000000000	n/a	n/a	STATUS	n/a	n/a	DI43
422.0520000000	n/a	n/a	STATUS	n/a	n/a	D255
422.3080000000	n/a	n/a	STATUS	n/a	n/a	DIN5
422.3600000000	n/a	n/a	STATUS	n/a	n/a	D255
422.7400000000	n/a	n/a	STATUS	n/a	n/a	D114
422.7880000000	n/a	n/a	STATUS	n/a	n/a	D255
422.8280000000	n/a	n/a	STATUS	n/a	n/a	DI51
422.8760000000	n/a	n/a	STATUS	n/a	n/a	D255
423.2480000000	n/a	n/a	STATUS	n/a	n/a	DI31
423.2960000000	n/a	n/a	STATUS	n/a	n/a	D255
423.5560000000	n/a	n/a	STATUS	n/a	n/a	DIN5
423.6080000000	n/a	n/a	STATUS	n/a	n/a	D255
424.0600000000	n/a	n/a	STATUS	n/a	n/a	DI72
424.1120000000	n/a	n/a	STATUS	n/a	n/a	D255
424.1480000000	n/a	n/a	STATUS	n/a	n/a	DI52
424.1960000000	n/a	n/a	STATUS	n/a	n/a	D255
424.5480000000	n/a	n/a	STATUS	n/a	n/a	DI42
424.5960000000	n/a	n/a	STATUS	n/a	n/a	D255
424.8600000000	n/a	n/a	STATUS	n/a	n/a	DIN5
424.9080000000	n/a	n/a	STATUS	n/a	n/a	D255
425.2480000000	n/a	n/a	STATUS	n/a	n/a	D211
425.2960000000	n/a	n/a	STATUS	n/a	n/a	D255
425.3360000000	n/a	n/a	STATUS	n/a	n/a	DI52
425.3840000000	n/a	n/a	STATUS	n/a	n/a	D255
425.7560000000	n/a	n/a	STATUS	n/a	n/a	DI42
425.8040000000	n/a	n/a	STATUS	n/a	n/a	D255
426.0640000000	n/a	n/a	STATUS	n/a	n/a	DIN5
426.1120000000	n/a	n/a	STATUS	n/a	n/a	D255
426.6200000000	n/a	n/a	STATUS	n/a	n/a	D249
426.6680000000	n/a	n/a	STATUS	n/a	n/a	D255
426.7080000000	n/a	n/a	STATUS	n/a	n/a	DI51
426.7560000000	n/a	n/a	STATUS	n/a	n/a	D255
427.1440000000	n/a	n/a	STATUS	n/a	n/a	DI31
427.1920000000	n/a	n/a	STATUS	n/a	n/a	D255
427.4520000000	n/a	n/a	STATUS	n/a	n/a	DIN5
427.5000000000	n/a	n/a	STATUS	n/a	n/a	D255
427.8840000000	n/a	n/a	STATUS	n/a	n/a	D145
427.9320000000	n/a	n/a	STATUS	n/a	n/a	D255
427.9680000000	n/a	n/a	STATUS	n/a	n/a	DI53
428.0200000000	n/a	n/a	STATUS	n/a	n/a	D255
428.2920000000	n/a	n/a	STATUS	n/a	n/a	DI43
428.3440000000	n/a	n/a	STATUS	n/a	n/a	D255
428.6040000000	n/a	n/a	STATUS	n/a	n/a	DIN5
428.6520000000	n/a	n/a	STATUS	n/a	n/a	D255
429.0200000000	n/a	n/a	STATUS	n/a	n/a	D142
429.0680000000	n/a	n/a	STATUS	n/a	n/a	D255
429.1040000000	n/a	n/a	STATUS	n/a	n/a	DI51
429.1560000000	n/a	n/a	STATUS	n/a	n/a	D255
429.4560000000	n/a	n/a	STATUS	n/a	n/a	DI21
429.5080000000	n/a	n/a	STATUS	n/a	n/a	D255
429.5120000000	n/a	n/a	STATUS	n/a	n/a	DIN4
429.5600000000	n/a	n/a	STATUS	n/a	n/a	D255
430.3160000000	n/a	n/a	STATUS	n/a	n/a	DIN5
430.3680000000	n/a	n/a	STATUS	n/a	n/a	D255
430.7960000000	n/a	n/a	STATUS	n/a	n/a	DI67
430.8440000000	n/a	n/a	STATUS	n/a	n/a	D255
430.8840000000	n/a	n/a	STATUS	n/a	n/a	DI53
430.9360000000	n/a	n/a	STATUS	n/a	n/a	D255
431.1800000000	n/a	n/a	STATUS	n/a	n/a	DI43
431.2320000000	n/a	n/a	STATUS	n/a	n/a	D255
431.4920000000	n/a	n/a	STATUS	n/a	n/a	DIN5
431.5400000000	n/a	n/a	STATUS	n/a	n/a	D255
431.8960000000	n/a	n/a	STATUS	n/a	n/a	D245
431.9440000000	n/a	n/a	STATUS	n/a	n/a	D255
431.9840000000	n/a	n/a	STATUS	n/a	n/a	DI51
432.0320000000	n/a	n/a	STATUS	n/a	n/a	D255
432.4120000000	n/a	n/a	STATUS	n/a	n/a	DI31
432.4640000000	n/a	n/a	STATUS	n/a	n/a	D255
432.7240000000	n/a	n/a	STATUS	n/a	n/a	DIN5
432.7720000000	n/a	n/a	STATUS	n/a	n/a	D255
433.2040000000	n/a	n/a	STATUS	n/a	n/a	D231
433.2520000000	n/a	n/a	STATUS	n/a	n/a	D255
433.2920000000	n/a	n/a	STATUS	n/a	n/a	DI51
433.3400000000	n/a	n/a	STATUS	n/a	n/a	D255
433.5360000000	n/a	n/a	STATUS	n/a	n/a	DI21
433.5840000000	n/a	n/a	STATUS	n/a	n/a	D255
433.5880000000	n/a	n/a	STATUS	n/a	n/a	DIN4
433.6400000000	n/a	n/a	STATUS	n/a	n/a	D255
434.3920000000	n/a	n/a	STATUS	n/a	n/a	DIN5
434.4440000000	n/a	n/a	STATUS	n/a	n/a	D255
434.9080000000	n/a	n/a	STATUS	n/a	n/a	D232
434.9600000000	n/a	n/a	STATUS	n/a	n/a	D255
434.9960000000	n/a	n/a	STATUS	n/a	n/a	DI53
435.0480000000	n/a	n/a	STATUS	n/a	n/a	D255
435.3920000000	n/a	n/a	STATUS	n/a	n/a	DI43
435.4440000000	n/a	n/a	STATUS	n/a	n/a	D255
435.7040000000	n/a	n/a	STATUS	n/a	n/a	DIN5
435.7520000000	n/a	n/a	STATUS	n/a	n/a	D255
436.2040000000	n/a	n/a	STATUS	n/a	n/a	DI97
436.2520000000	n/a	n/a	STATUS	n/a	n/a	D255
436.2920000000	n/a	n/a	STATUS	n/a	n/a	DI51
436.3400000000	n/a	n/a	STATUS	n/a	n/a	D255
436.6800000000	n/a	n/a	STATUS	n/a	n/a	DI31
436.7320000000	n/a	n/a	STATUS	n/a	n/a	D255
436.9920000000	n/a	n/a	STATUS	n/a	n/a	DIN5
437.0400000000	n/a	n/a	STATUS	n/a	n/a	D255
437.4320000000	n/a	n/a	STATUS	n/a	n/a	D149
437.4800000000	n/a	n/a	STATUS	n/a	n/a	D255
437.5200000000	n/a	n/a	STATUS	n/a	n/a	DI54
437.5680000000	n/a	n/a	STATUS	n/a	n/a	D255
437.8640000000	n/a	n/a	STATUS	n/a	n/a	DI34
437.9160000000	n/a	n/a	STATUS	n/a	n/a	D255
438.1760000000	n/a	n/a	STATUS	n/a	n/a	DIN5
438.2240000000	n/a	n/a	STATUS	n/a	n/a	D255
438.7080000000	n/a	n/a	STATUS	n/a	n/a	D126
438.7600000000	n/a	n/a	STATUS	n/a	n/a	D255
438.7960000000	n/a	n/a	STATUS	n/a	n/a	DI53
438.8480000000	n/a	n/a	STATUS	n/a	n/a	D255
439.1080000000	n/a	n/a	STATUS	n/a	n/a	DI43
439.1560000000	n/a	n/a	STATUS	n/a	n/a	D255
439.4160000000	n/a	n/a	STATUS	n/a	n/a	DIN5
439.4680000000	n/a	n/a	STATUS	n/a	n/a	D255
439.9160000000	n/a	n/a	STATUS	n/a	n/a	D213
439.9680000000	n/a	n/a	STATUS	n/a	n/a	D255
440.0040000000	n/a	n/a	STATUS	n/a	n/a	DI51
440.0560000000	n/a	n/a	STATUS	n/a	n/a	D255
440.3960000000	n/a	n/a	STATUS	n/a	n/a	DI31
440.4440000000	n/a	n/a	STATUS	n/a	n/a	D255
440.7040000000	n/a	n/a	STATUS	n/a	n/a	DIN5
440.7520000000	n/a	n/a	STATUS	n/a	n/a	D255
441.0840000000	n/a	n/a	STATUS	n/a	n/a	D240
441.1320000000	n/a	n/a	STATUS	n/a	n/a	D255
441.1720000000	n/a	n/a	STATUS	n/a	n/a	DI52
441.2200000000	n/a	n/a	STATUS	n/a	n/a	D255
441.5680000000	n/a	n/a	STATUS	n/a	n/a	DI42
441.6160000000	n/a	n/a	STATUS	n/a	n/a	D255
441.8760000000	n/a	n/a	STATUS	n/a	n/a	DIN5
441.9240000000	n/a	n/a	STATUS	n/a	n/a	D255
442.4000000000	n/a	n/a	STATUS	n/a	n/a	D154
442.4520000000	n/a	n/a	STATUS	n/a	n/a	D255
442.4880000000	n/a	n/a	STATUS	n/a	n/a	DI53
442.5400000000	n/a	n/a	STATUS	n/a	n/a	D255
442.8640000000	n/a	n/a	STATUS	n/a	n/a	DI43
442.9160000000	n/a	n/a	STATUS	n/a	n/a	D255
443.1760000000	n/a	n/a	STATUS	n/a	n/a	DIN5
443.2240000000	n/a	n/a	STATUS	n/a	n/a	D255
443.5600000000	n/a	n/a	STATUS	n/a	n/a	DI93
443.6120000000	n/a	n/a	STATUS	n/a	n/a	D255
443.6480000000	n/a	n/a	STATUS	n/a	n/a	DI51
443.7000000000	n/a	n/a	STATUS	n/a	n/a	D255
444.0600000000	n/a	n/a	STATUS	n/a	n/a	DI31
444.1080000000	n/a	n/a	STATUS	n/a	n/a	D255
444.3680000000	n/a	n/a	STATUS	n/a	n/a	DIN5
444.4200000000	n/a	n/a	STATUS	n/a	n/a	D255
444.8200000000	n/a	n/a	STATUS	n/a	n/a	D100
444.8680000000	n/a	n/a	STATUS	n/a	n/a	D255
444.9040000000	n/a	n/a	STATUS	n/a	n/a	DI52
444.9560000000	n/a	n/a	STATUS	n/a	n/a	D255
445.2640000000	n/a	n/a	STATUS	n/a	n/a	DI42
445.3160000000	n/a	n/a	STATUS	n/a	n/a	D255
445.5760000000	n/a	n/a	STATUS	n/a	n/a	DIN5
445.6240000000	n/a	n/a	STATUS	n/a	n/a	D255
446.0000000000	n/a	n/a	STATUS	n/a	n/a	DI96
446.0480000000	n/a	n/a	STATUS	n/a	n/a	D255
446.0880000000	n/a	n/a	STATUS	n/a	n/a	DI54
446.1360000000	n/a	n/a	STATUS	n/a	n/a	D255
446.3760000000	n/a	n/a	STATUS	n/a	n/a	DI34
446.4280000000	n/a	n/a	STATUS	n/a	n/a	D255
446.6840000000	n/a	n/a	STATUS	n/a	n/a	DIN5
446.7360000000	n/a	n/a	STATUS	n/a	n/a	D255
447.2400000000	n/a	n/a	STATUS	n/a	n/a	D208
447.2920000000	n/a	n/a	STATUS	n/a	n/a	D255
447.3280000000	n/a	n/a	STATUS	n/a	n/a	DI53
447.3800000000	n/a	n/a	STATUS	n/a	n/a	D255
447.6240000000	n/a	n/a	STATUS	n/a	n/a	DI43
447.6720000000	n/a	n/a	STATUS	n/a	n/a	D255
467.6120000000	n/a	n/a	STATUS	n/a	n/a	DIN5
467.6600000000	n/a	n/a	STATUS	n/a	n/a	D255
468.1160000000	n/a	n/a	STATUS	n/a	n/a	D137
468.1680000000	n/a	n/a	STATUS	n/a	n/a	D255
468.2040000000	n/a	n/a	STATUS	n/a	n/a	DI52
468.2560000000	n/a	n/a	STATUS	n/a	n/a	D255
468.5960000000	n/a	n/a	STATUS	n/a	n/a	DI42
468.6480000000	n/a	n/a	STATUS	n/a	n/a	D255
468.9080000000	n/a	n/a	STATUS	n/a	n/a	DIN5
468.9560000000	n/a	n/a	STATUS	n/a	n/a	D255
469.2920000000	n/a	n/a	STATUS	n/a	n/a	D112
469.3400000000	n/a	n/a	STATUS	n/a	n/a	D255
469.3800000000	n/a	n/a	STATUS	n/a	n/a	DI52
469.4280000000	n/a	n/a	STATUS	n/a	n/a	D255
469.7880000000	n/a	n/a	STATUS	n/a	n/a	DI42
469.8400000000	n/a	n/a	STATUS	n/a	n/a	D255
470.1000000000	n/a	n/a	STATUS	n/a	n/a	DIN5
470.1480000000	n/a	n/a	STATUS	n/a	n/a	D255
470.4760000000	n/a	n/a	STATUS	n/a	n/a	D140
470.5280000000	n/a	n/a	STATUS	n/a	n/a	D255
470.5680000000	n/a	n/a	STATUS	n/a	n/a	DI52
470.6160000000	n/a	n/a	STATUS	n/a	n/a	D255
470.9480000000	n/a	n/a	STATUS	n/a	n/a	DI42
471.0000000000	n/a	n/a	STATUS	n/a	n/a	D255
471.2560000000	n/a	n/a	STATUS	n/a	n/a	DIN5
471.3080000000	n/a	n/a	STATUS	n/a	n/a	D255
471.7320000000	n/a	n/a	STATUS	n/a	n/a	DI76
471.7840000000	n/a	n/a	STATUS	n/a	n/a	D255
471.8200000000	n/a	n/a	STATUS	n/a	n/a	DI52
471.8720000000	n/a	n/a	STATUS	n/a	n/a	D255
472.1880000000	n/a	n/a	STATUS	n/a	n/a	DI42
472.2360000000	n/a	n/a	STATUS	n/a	n/a	D255
472.4960000000	n/a	n/a	STATUS	n/a	n/a	DIN5
472.5480000000	n/a	n/a	STATUS	n/a	n/a	D255
472.9000000000	n/a	n/a	STATUS	n/a	n/a	D126
472.9520000000	n/a	n/a	STATUS	n/a	n/a	D255
472.9880000000	n/a	n/a	STATUS	n/a	n/a	DI53
473.0400000000	n/a	n/a	STATUS	n/a	n/a	D255
473.2800000000	n/a	n/a	STATUS	n/a	n/a	DI43
473.3320000000	n/a	n/a	STATUS	n/a	n/a	D255
473.5880000000	n/a	n/a	STATUS	n/a	n/a	DIN5
473.6400000000	n/a	n/a	STATUS	n/a	n/a	D255
473.9640000000	n/a	n/a	STATUS	n/a	n/a	D100
474.0160000000	n/a	n/a	STATUS	n/a	n/a	D255
474.0520000000	n/a	n/a	STATUS	n/a	n/a	DI51
474.1000000000	n/a	n/a	STATUS	n/a	n/a	D255
474.4760000000	n/a	n/a	STATUS	n/a	n/a	DI31
474.5240000000	n/a	n/a	STATUS	n/a	n/a	D255
474.7840000000	n/a	n/a	STATUS	n/a	n/a	DIN5
474.8360000000	n/a	n/a	STATUS	n/a	n/a	D255
475.2240000000	n/a	n/a	STATUS	n/a	n/a	DI81
475.2760000000	n/a	n/a	STATUS	n/a	n/a	D255
475.3120000000	n/a	n/a	STATUS	n/a	n/a	DI52
475.3640000000	n/a	n/a	STATUS	n/a	n/a	D255
475.6880000000	n/a	n/a	STATUS	n/a	n/a	DI42
475.7400000000	n/a	n/a	STATUS	n/a	n/a	D255
476.0000000000	n/a	n/a	STATUS	n/a	n/a	DIN5
476.0480000000	n/a	n/a	STATUS	n/a	n/a	D255
476.4200000000	n/a	n/a	STATUS	n/a	n/a	D242
476.4680000000	n/a	n/a	STATUS	n/a	n/a	D255
476.5080000000	n/a	n/a	STATUS	n/a	n/a	DI52
476.5560000000	n/a	n/a	STATUS	n/a	n/a	D255
476.9120000000	n/a	n/a	STATUS	n/a	n/a	DI42
476.9600000000	n/a	n/a	STATUS	n/a	n/a	D255
477.2200000000	n/a	n/a	STATUS	n/a	n/a	DIN5
477.2720000000	n/a	n/a	STATUS	n/a	n/a	D255
477.6000000000	n/a	n/a	STATUS	n/a	n/a	D195
477.6520000000	n/a	n/a	STATUS	n/a	n/a	D255
477.6880000000	n/a	n/a	STATUS	n/a	n/a	DI52
477.7360000000	n/a	n/a	STATUS	n/a	n/a	D255
478.0560000000	n/a	n/a	STATUS	n/a	n/a	DI42
478.1080000000	n/a	n/a	STATUS	n/a	n/a	D255
478.3680000000	n/a	n/a	STATUS	n/a	n/a	DIN5
478.4160000000	n/a	n/a	STATUS	n/a	n/a	D255
478.7800000000	n/a	n/a	STATUS	n/a	n/a	D164
478.8320000000	n/a	n/a	STATUS	n/a	n/a	D255
478.8680000000	n/a	n/a	STATUS	n/a	n/a	DI53
478.9200000000	n/a	n/a	STATUS	n/a	n/a	D255
479.1760000000	n/a	n/a	STATUS	n/a	n/a	DI43
479.2280000000	n/a	n/a	STATUS	n/a	n/a	D255
479.4880000000	n/a	n/a	STATUS	n/a	n/a	DIN5
479.5360000000	n/a	n/a	STATUS	n/a	n/a	D255
479.9320000000	n/a	n/a	STATUS	n/a	n/a	DI85
479.9840000000	n/a	n/a	STATUS	n/a	n/a	D255
480.0200000000	n/a	n/a	STATUS	n/a	n/a	DI54
480.0720000000	n/a	n/a	STATUS	n/a	n/a	D255
480.3200000000	n/a	n/a	STATUS	n/a	n/a	DI34
480.3680000000	n/a	n/a	STATUS	n/a	n/a	D255
480.6280000000	n/a	n/a	STATUS	n/a	n/a	DIN5
480.6800000000	n/a	n/a	STATUS	n/a	n/a	D255
481.0040000000	n/a	n/a	STATUS	n/a	n/a	D123
481.0520000000	n/a	n/a	STATUS	n/a	n/a	D255
481.0920000000	n/a	n/a	STATUS	n/a	n/a	DI53
481.1400000000	n/a	n/a	STATUS	n/a	n/a	D255
481.3600000000	n/a	n/a	STATUS	n/a	n/a	DI43
481.4120000000	n/a	n/a	STATUS	n/a	n/a	D255
481.6720000000	n/a	n/a	STATUS	n/a	n/a	DIN5
481.7200000000	n/a	n/a	STATUS	n/a	n/a	D255
482.1360000000	n/a	n/a	STATUS	n/a	n/a	D154
482.1840000000	n/a	n/a	STATUS	n/a	n/a	D255
482.2240000000	n/a	n/a	STATUS	n/a	n/a	DI51
482.2720000000	n/a	n/a	STATUS	n/a	n/a	D255
482.4880000000	n/a	n/a	STATUS	n/a	n/a	DI21
482.5360000000	n/a	n/a	STATUS	n/a	n/a	D255
482.5400000000	n/a	n/a	STATUS	n/a	n/a	DIN4
482.5920000000	n/a	n/a	STATUS	n/a	n/a	D255
483.3480000000	n/a	n/a	STATUS	n/a	n/a	DIN5
483.3960000000	n/a	n/a	STATUS	n/a	n/a	D255
483.8320000000	n/a	n/a	STATUS	n/a	n/a	D218
483.8800000000	n/a	n/a	STATUS	n/a	n/a	D255
483.9160000000	n/a	n/a	STATUS	n/a	n/a	DI53
483.9680000000	n/a	n/a	STATUS	n/a	n/a	D255
484.2560000000	n/a	n/a	STATUS	n/a	n/a	DI43
484.3040000000	n/a	n/a	STATUS	n/a	n/a	D255
484.5640000000	n/a	n/a	STATUS	n/a	n/a	DIN5
484.6160000000	n/a	n/a	STATUS	n/a	n/a	D255
484.9880000000	n/a	n/a	STATUS	n/a	n/a	D196
485.0400000000	n/a	n/a	STATUS	n/a	n/a	D255
485.0760000000	n/a	n/a	STATUS	n/a	n/a	DI53
485.1280000000	n/a	n/a	STATUS	n/a	n/a	D255
485.4080000000	n/a	n/a	STATUS	n/a	n/a	DI43
485.4600000000	n/a	n/a	STATUS	n/a	n/a	D255
485.7200000000	n/a	n/a	STATUS	n/a	n/a	DIN5
485.7680000000	n/a	n/a	STATUS	n/a	n/a	D255
486.1520000000	n/a	n/a	STATUS	n/a	n/a	D106
486.2040000000	n/a	n/a	STATUS	n/a	n/a	D255
486.2400000000	n/a	n/a	STATUS	n/a	n/a	DI51
486.2920000000	n/a	n/a	STATUS	n/a	n/a	D255
486.6800000000	n/a	n/a	STATUS	n/a	n/a	DI31
486.7320000000	n/a	n/a	STATUS	n/a	n/a	D255
486.9880000000	n/a	n/a	STATUS	n/a	n/a	DIN5
487.0400000000	n/a	n/a	STATUS	n/a	n/a	D255
487.5160000000	n/a	n/a	STATUS	n/a	n/a	D233
487.5640000000	n/a	n/a	STATUS	n/a	n/a	D255
487.6040000000	n/a	n/a	STATUS	n/a	n/a	DI54
487.6520000000	n/a	n/a	STATUS	n/a	n/a	D255
488.1240000000	n/a	n/a	STATUS	n/a	n/a	DI34
488.1760000000	n/a	n/a	STATUS	n/a	n/a	D255
488.4320000000	n/a	n/a	STATUS	n/a	n/a	DIN5
488.4840000000	n/a	n/a	STATUS	n/a	n/a	D255
488.8480000000	n/a	n/a	STATUS	n/a	n/a	D133
488.9000000000	n/a	n/a	STATUS	n/a	n/a	D255
488.9000000000	n/a	n/a	STATUS	n/a	n/a	D229
488.9360000000	n/a	n/a	STATUS	n/a	n/a	DI53
488.9880000000	n/a	n/a	STATUS	n/a	n/a	D255
489.2280000000	n/a	n/a	STATUS	n/a	n/a	DI43
489.2800000000	n/a	n/a	STATUS	n/a	n/a	D255
489.5360000000	n/a	n/a	STATUS	n/a	n/a	DIN5
489.5880000000	n/a	n/a	STATUS	n/a	n/a	D255
490.0520000000	n/a	n/a	STATUS	n/a	n/a	D104
490.1040000000	n/a	n/a	STATUS	n/a	n/a	D255
490.1400000000	n/a	n/a	STATUS	n/a	n/a	DI54
490.1920000000	n/a	n/a	STATUS	n/a	n/a	D255
490.3880000000	n/a	n/a	STATUS	n/a	n/a	DI34
490.4400000000	n/a	n/a	STATUS	n/a	n/a	D255
490.7000000000	n/a	n/a	STATUS	n/a	n/a	DIN5
490.7480000000	n/a	n/a	STATUS	n/a	n/a	D255
491.1000000000	n/a	n/a	STATUS	n/a	n/a	DI69
491.1480000000	n/a	n/a	STATUS	n/a	n/a	D255
491.1840000000	n/a	n/a	STATUS	n/a	n/a	DI54
491.2360000000	n/a	n/a	STATUS	n/a	n/a	D255
491.4880000000	n/a	n/a	STATUS	n/a	n/a	DI34
491.5360000000	n/a	n/a	STATUS	n/a	n/a	DI35
491.5360000000	n/a	n/a	STATUS	n/a	n/a	D255
491.7960000000	n/a	n/a	STATUS	n/a	n/a	DIN5
491.8480000000	n/a	n/a	STATUS	n/a	n/a	D255
492.2920000000	n/a	n/a	STATUS	n/a	n/a	D120
492.3400000000	n/a	n/a	STATUS	n/a	n/a	D255
492.3800000000	n/a	n/a	STATUS	n/a	n/a	DI54
492.4280000000	n/a	n/a	STATUS	n/a	n/a	D255
492.6840000000	n/a	n/a	STATUS	n/a	n/a	DI34
492.7360000000	n/a	n/a	STATUS	n/a	n/a	D255
492.9960000000	n/a	n/a	STATUS	n/a	n/a	DIN5
493.0440000000	n/a	n/a	STATUS	n/a	n/a	D255
493.4040000000	n/a	n/a	STATUS	n/a	n/a	D225
493.4560000000	n/a	n/a	STATUS	n/a	n/a	D255
493.4920000000	n/a	n/a	STATUS	n/a	n/a	DI53
493.5440000000	n/a	n/a	STATUS	n/a	n/a	D255
493.8040000000	n/a	n/a	STATUS	n/a	n/a	DI43
493.8520000000	n/a	n/a	STATUS	n/a	n/a	D255
494.1120000000	n/a	n/a	STATUS	n/a	n/a	DIN5
494.1640000000	n/a	n/a	STATUS	n/a	n/a	D255
494.5080000000	n/a	n/a	STATUS	n/a	n/a	DI84
494.5560000000	n/a	n/a	STATUS	n/a	n/a	D255
494.5960000000	n/a	n/a	STATUS	n/a	n/a	DI54
494.6440000000	n/a	n/a	STATUS	n/a	n/a	D255
494.8920000000	n/a	n/a	STATUS	n/a	n/a	DI34
494.9440000000	n/a	n/a	STATUS	n/a	n/a	D255
495.2040000000	n/a	n/a	STATUS	n/a	n/a	DIN5
495.2560000000	n/a	n/a	STATUS	n/a	n/a	D255
495.7200000000	n/a	n/a	STATUS	n/a	n/a	D162
495.7680000000	n/a	n/a	STATUS	n/a	n/a	D255
495.8040000000	n/a	n/a	STATUS	n/a	n/a	DI51
495.8560000000	n/a	n/a	STATUS	n/a	n/a	D255
496.0080000000	n/a	n/a	STATUS	n/a	n/a	DI21
496.0560000000	n/a	n/a	STATUS	n/a	n/a	D255
496.0640000000	n/a	n/a	STATUS	n/a	n/a	DIN4
496.1120000000	n/a	n/a	STATUS	n/a	n/a	D255
496.8680000000	n/a	n/a	STATUS	n/a	n/a	DIN5
496.9160000000	n/a	n/a	STATUS	n/a	n/a	D255
497.3600000000	n/a	n/a	STATUS	n/a	n/a	DI73
497.4120000000	n/a	n/a	STATUS	n/a	n/a	D255
497.4480000000	n/a	n/a	STATUS	n/a	n/a	DI51
497.5000000000	n/a	n/a	STATUS	n/a	n/a	D255
497.5000000000	n/a	n/a	STATUS	n/a	n/a	D243
497.9360000000	n/a	n/a	STATUS	n/a	n/a	DI31
497.9880000000	n/a	n/a	STATUS	n/a	n/a	D255
498.2480000000	n/a	n/a	STATUS	n/a	n/a	DIN5
498.2960000000	n/a	n/a	STATUS	n/a	n/a	D255
498.7560000000	n/a	n/a	STATUS	n/a	n/a	D158
498.8080000000	n/a	n/a	STATUS	n/a	n/a	D255
498.8440000000	n/a	n/a	STATUS	n/a	n/a	DI52
498.8960000000	n/a	n/a	STATUS	n/a	n/a	D255
499.2520000000	n/a	n/a	STATUS	n/a	n/a	DI42
499.3000000000	n/a	n/a	STATUS	n/a	n/a	D255
499.5600000000	n/a	n/a	STATUS	n/a	n/a	DIN5
499.6080000000	n/a	n/a	STATUS	n/a	n/a	D255
500.0720000000	n/a	n/a	STATUS	n/a	n/a	D214
500.1200000000	n/a	n/a	STATUS	n/a	n/a	D255
500.1600000000	n/a	n/a	STATUS	n/a	n/a	DI52
500.2080000000	n/a	n/a	STATUS	n/a	n/a	D255
500.6520000000	n/a	n/a	STATUS	n/a	n/a	DI42
500.7040000000	n/a	n/a	STATUS	n/a	n/a	D255
500.9640000000	n/a	n/a	STATUS	n/a	n/a	DIN5
501.0120000000	n/a	n/a	STATUS	n/a	n/a	D255
501.5160000000	n/a	n/a	STATUS	n/a	n/a	D145
501.5680000000	n/a	n/a	STATUS	n/a	n/a	D255
501.6040000000	n/a	n/a	STATUS	n/a	n/a	DI52
501.6560000000	n/a	n/a	STATUS	n/a	n/a	D255
502.0080000000	n/a	n/a	STATUS	n/a	n/a	DI42
502.0600000000	n/a	n/a	STATUS	n/a	n/a	D255
502.3200000000	n/a	n/a	STATUS	n/a	n/a	DIN5
502.3680000000	n/a	n/a	STATUS	n/a	n/a	D255
502.8440000000	n/a	n/a	STATUS	n/a	n/a	D178
502.8960000000	n/a	n/a	STATUS	n/a	n/a	D255
502.9320000000	n/a	n/a	STATUS	n/a	n/a	DI53
502.9800000000	n/a	n/a	STATUS	n/a	n/a	D255
503.2160000000	n/a	n/a	STATUS	n/a	n/a	DI43
503.2680000000	n/a	n/a	STATUS	n/a	n/a	D255
503.5280000000	n/a	n/a	STATUS	n/a	n/a	DIN5
503.5760000000	n/a	n/a	STATUS	n/a	n/a	D255
504.0320000000	n/a	n/a	STATUS	n/a	n/a	D124
504.0800000000	n/a	n/a	STATUS	n/a	n/a	D255
504.1200000000	n/a	n/a	STATUS	n/a	n/a	DI53
504.1680000000	n/a	n/a	STATUS	n/a	n/a	D255
504.4080000000	n/a	n/a	STATUS	n/a	n/a	DI43
504.4600000000	n/a	n/a	STATUS	n/a	n/a	D255
504.7200000000	n/a	n/a	STATUS	n/a	n/a	DIN5
504.7680000000	n/a	n/a	STATUS	n/a	n/a	D255
505.0840000000	n/a	n/a	STATUS	n/a	n/a	D184
505.1360000000	n/a	n/a	STATUS	n/a	n/a	D255
505.1720000000	n/a	n/a	STATUS	n/a	n/a	DI52
505.2240000000	n/a	n/a	STATUS	n/a	n/a	D255
505.5200000000	n/a	n/a	STATUS	n/a	n/a	DI12
505.5680000000	n/a	n/a	STATUS	n/a	n/a	D255
505.5720000000	n/a	n/a	STATUS	n/a	n/a	DIN4
505.6240000000	n/a	n/a	STATUS	n/a	n/a	D255
506.3760000000	n/a	n/a	STATUS	n/a	n/a	DIN5
506.4280000000	n/a	n/a	STATUS	n/a	n/a	D255
506.8280000000	n/a	n/a	STATUS	n/a	n/a	D121
506.8760000000	n/a	n/a	STATUS	n/a	n/a	D255
506.9160000000	n/a	n/a	STATUS	n/a	n/a	DI54
506.9680000000	n/a	n/a	STATUS	n/a	n/a	D255
507.4320000000	n/a	n/a	STATUS	n/a	n/a	DI34
507.4840000000	n/a	n/a	STATUS	n/a	n/a	D255
507.7440000000	n/a	n/a	STATUS	n/a	n/a	DIN5
507.7920000000	n/a	n/a	STATUS	n/a	n/a	D255
508.2560000000	n/a	n/a	STATUS	n/a	n/a	D102
508.3080000000	n/a	n/a	STATUS	n/a	n/a	D255
508.3440000000	n/a	n/a	STATUS	n/a	n/a	DI53
508.3960000000	n/a	n/a	STATUS	n/a	n/a	D255
508.5960000000	n/a	n/a	STATUS	n/a	n/a	DI43
508.6480000000	n/a	n/a	STATUS	n/a	n/a	D255
508.9080000000	n/a	n/a	STATUS	n/a	n/a	DIN5
508.9560000000	n/a	n/a	STATUS	n/a	n/a	D255
509.3920000000	n/a	n/a	STATUS	n/a	n/a	D240
509.4400000000	n/a	n/a	STATUS	n/a	n/a	D255
509.4800000000	n/a	n/a	STATUS	n/a	n/a	DI53
509.5280000000	n/a	n/a	STATUS	n/a	n/a	D255
509.8240000000	n/a	n/a	STATUS	n/a	n/a	DI43
509.8720000000	n/a	n/a	STATUS	n/a	n/a	D255
510.1320000000	n/a	n/a	STATUS	n/a	n/a	DIN5
510.1840000000	n/a	n/a	STATUS	n/a	n/a	D255
510.6080000000	n/a	n/a	STATUS	n/a	n/a	DI88
510.6560000000	n/a	n/a	STATUS	n/a	n/a	D255
510.6960000000	n/a	n/a	STATUS	n/a	n/a	DI54
510.7440000000	n/a	n/a	STATUS	n/a	n/a	D255
510.9920000000	n/a	n/a	STATUS	n/a	n/a	DI34
511.0400000000	n/a	n/a	STATUS	n/a	n/a	D255
511.3000000000	n/a	n/a	STATUS	n/a	n/a	DIN5
511.3520000000	n/a	n/a	STATUS	n/a	n/a	D255
511.7960000000	n/a	n/a	STATUS	n/a	n/a	D101
511.8440000000	n/a	n/a	STATUS	n/a	n/a	D255
511.8840000000	n/a	n/a	STATUS	n/a	n/a	DI53
511.9320000000	n/a	n/a	STATUS	n/a	n/a	D255
512.1560000000	n/a	n/a	STATUS	n/a	n/a	DI43
512.2080000000	n/a	n/a	STATUS	n/a	n/a	D255
512.4640000000	n/a	n/a	STATUS	n/a	n/a	DIN5
512.5160000000	n/a	n/a	STATUS	n/a	n/a	D255
512.8320000000	n/a	n/a	STATUS	n/a	n/a	D239
512.8800000000	n/a	n/a	STATUS	n/a	n/a	D255
512.9200000000	n/a	n/a	STATUS	n/a	n/a	DI52
512.9680000000	n/a	n/a	STATUS	n/a	n/a	D255
513.2520000000	n/a	n/a	STATUS	n/a	n/a	DI12
513.3000000000	n/a	n/a	STATUS	n/a	n/a	D255
513.3040000000	n/a	n/a	STATUS	n/a	n/a	DIN4
513.3560000000	n/a	n/a	STATUS	n/a	n/a	D255
514.1120000000	n/a	n/a	STATUS	n/a	n/a	DIN5
514.1600000000	n/a	n/a	STATUS	n/a	n/a	D255
514.6360000000	n/a	n/a	STATUS	n/a	n/a	D113
514.6840000000	n/a	n/a	STATUS	n/a	n/a	D255
514.7240000000	n/a	n/a	STATUS	n/a	n/a	DI52
514.7720000000	n/a	n/a	STATUS	n/a	n/a	D255
515.0800000000	n/a	n/a	STATUS	n/a	n/a	DI42
515.1320000000	n/a	n/a	STATUS	n/a	n/a	D255
515.3920000000	n/a	n/a	STATUS	n/a	n/a	DIN5
515.4400000000	n/a	n/a	STATUS	n/a	n/a	D255
515.8760000000	n/a	n/a	STATUS	n/a	n/a	D243
515.9240000000	n/a	n/a	STATUS	n/a	n/a	D255
515.9640000000	n/a	n/a	STATUS	n/a	n/a	DI54
516.0120000000	n/a	n/a	STATUS	n/a	n/a	D255
516.3080000000	n/a	n/a	STATUS	n/a	n/a	DI34
516.3600000000	n/a	n/a	STATUS	n/a	n/a	D255
516.6160000000	n/a	n/a	STATUS	n/a	n/a	DIN5
516.6680000000	n/a	n/a	STATUS	n/a	n/a	D255
516.6680000000	n/a	n/a	STATUS	n/a	n/a	D239
517.0920000000	n/a	n/a	STATUS	n/a	n/a	D249
517.1440000000	n/a	n/a	STATUS	n/a	n/a	D255
517.1800000000	n/a	n/a	STATUS	n/a	n/a	DI52
517.2280000000	n/a	n/a	STATUS	n/a	n/a	D255
517.5680000000	n/a	n/a	STATUS	n/a	n/a	DI42
517.6200000000	n/a	n/a	STATUS	n/a	n/a	D255
517.8800000000	n/a	n/a	STATUS	n/a	n/a	DIN5
517.9280000000	n/a	n/a	STATUS	n/a	n/a	D255
518.2440000000	n/a	n/a	STATUS	n/a	n/a	DI77
518.2920000000	n/a	n/a	STATUS	n/a	n/a	D255
518.3320000000	n/a	n/a	STATUS	n/a	n/a	DI51
518.3800000000	n/a	n/a	STATUS	n/a	n/a	D255
518.7760000000	n/a	n/a	STATUS	n/a	n/a	DI31
518.8280000000	n/a	n/a	STATUS	n/a	n/a	D255
519.0880000000	n/a	n/a	STATUS	n/a	n/a	DIN5
519.1360000000	n/a	n/a	STATUS	n/a	n/a	D255
519.6360000000	n/a	n/a	STATUS	n/a	n/a	D236
519.6880000000	n/a	n/a	STATUS	n/a	n/a	D255
519.7240000000	n/a	n/a	STATUS	n/a	n/a	DI52
519.7760000000	n/a	n/a	STATUS	n/a	n/a	D255
520.1040000000	n/a	n/a	STATUS	n/a	n/a	DI42
520.1560000000	n/a	n/a	STATUS	n/a	n/a	D255
520.4160000000	n/a	n/a	STATUS	n/a	n/a	DIN5
520.4640000000	n/a	n/a	STATUS	n/a	n/a	D255
520.8440000000	n/a	n/a	STATUS	n/a	n/a	D167
520.8960000000	n/a	n/a	STATUS	n/a	n/a	D255
520.9320000000	n/a	n/a	STATUS	n/a	n/a	DI54
520.9840000000	n/a	n/a	STATUS	n/a	n/a	D255
521.2560000000	n/a	n/a	STATUS	n/a	n/a	DI34
521.3040000000	n/a	n/a	STATUS	n/a	n/a	D255
521.5640000000	n/a	n/a	STATUS	n/a	n/a	DIN5
521.6160000000	n/a	n/a	STATUS	n/a	n/a	D255
522.0960000000	n/a	n/a	STATUS	n/a	n/a	D244
522.1440000000	n/a	n/a	STATUS	n/a	n/a	D255
522.1800000000	n/a	n/a	STATUS	n/a	n/a	DI52
522.2320000000	n/a	n/a	STATUS	n/a	n/a	D255
522.5720000000	n/a	n/a	STATUS	n/a	n/a	DI42
522.6240000000	n/a	n/a	STATUS	n/a	n/a	D255
522.8800000000	n/a	n/a	STATUS	n/a	n/a	DIN5
522.9320000000	n/a	n/a	STATUS	n/a	n/a	D255
523.2560000000	n/a	n/a	STATUS	n/a	n/a	D128
523.3080000000	n/a	n/a	STATUS	n/a	n/a	D255
523.3440000000	n/a	n/a	STATUS	n/a	n/a	DI53
523.3960000000	n/a	n/a	STATUS	n/a	n/a	D255
523.7120000000	n/a	n/a	STATUS	n/a	n/a	DI43
523.7600000000	n/a	n/a	STATUS	n/a	n/a	D255
524.0200000000	n/a	n/a	STATUS	n/a	n/a	DIN5
524.0720000000	n/a	n/a	STATUS	n/a	n/a	D255
524.4480000000	n/a	n/a	STATUS	n/a	n/a	DI83
524.5000000000	n/a	n/a	STATUS	n/a	n/a	D255
524.5360000000	n/a	n/a	STATUS	n/a	n/a	DI53
524.5880000000	n/a	n/a	STATUS	n/a	n/a	D255
524.8320000000	n/a	n/a	STATUS	n/a	n/a	DI43
524.8840000000	n/a	n/a	STATUS	n/a	n/a	D255
525.1440000000	n/a	n/a	STATUS	n/a	n/a	DIN5
525.1920000000	n/a	n/a	STATUS	n/a	n/a	D255
525.5840000000	n/a	n/a	STATUS	n/a	n/a	D183
525.6320000000	n/a	n/a	STATUS	n/a	n/a	D255
525.6720000000	n/a	n/a	STATUS	n/a	n/a	DI54
525.7200000000	n/a	n/a	STATUS	n/a	n/a	D255
525.9800000000	n/a	n/a	STATUS	n/a	n/a	DI34
526.0320000000	n/a	n/a	STATUS	n/a	n/a	D255
526.2920000000	n/a	n/a	STATUS	n/a	n/a	DIN5
526.3400000000	n/a	n/a	STATUS	n/a	n/a	D255
526.7280000000	n/a	n/a	STATUS	n/a	n/a	D190
526.7760000000	n/a	n/a	STATUS	n/a	n/a	D255
526.8120000000	n/a	n/a	STATUS	n/a	n/a	DI51
526.8640000000	n/a	n/a	STATUS	n/a	n/a	D255
527.2200000000	n/a	n/a	STATUS	n/a	n/a	DI31
527.2680000000	n/a	n/a	STATUS	n/a	n/a	D255
527.5280000000	n/a	n/a	STATUS	n/a	n/a	DIN5
527.5800000000	n/a	n/a	STATUS	n/a	n/a	D255
527.9440000000	n/a	n/a	STATUS	n/a	n/a	D228
527.9920000000	n/a	n/a	STATUS	n/a	n/a	D255
528.0320000000	n/a	n/a	STATUS	n/a	n/a	DI52
528.0840000000	n/a	n/a	STATUS	n/a	n/a	D255
528.4480000000	n/a	n/a	STATUS	n/a	n/a	DI42
528.5000000000	n/a	n/a	STATUS	n/a	n/a	D255
528.7560000000	n/a	n/a	STATUS	n/a	n/a	DIN5
528.8080000000	n/a	n/a	STATUS	n/a	n/a	D255
529.1840000000	n/a	n/a	STATUS	n/a	n/a	D222
529.2320000000	n/a	n/a	STATUS	n/a	n/a	D255
529.2720000000	n/a	n/a	STATUS	n/a	n/a	DI53
529.3200000000	n/a	n/a	STATUS	n/a	n/a	D255
529.5920000000	n/a	n/a	STATUS	n/a	n/a	DI43
529.6400000000	n/a	n/a	STATUS	n/a	n/a	D255
529.9000000000	n/a	n/a	STATUS	n/a	n/a	DIN5
529.9480000000	n/a	n/a	STATUS	n/a	n/a	D255
530.4360000000	n/a	n/a	STATUS	n/a	n/a	D177
530.4840000000	n/a	n/a	STATUS	n/a	n/a	D255
530.5240000000	n/a	n/a	STATUS	n/a	n/a	DI51
530.5720000000	n/a	n/a	STATUS	n/a	n/a	D255
530.9360000000	n/a	n/a	STATUS	n/a	n/a	DI31
530.9880000000	n/a	n/a	STATUS	n/a	n/a	D255
531.2480000000	n/a	n/a	STATUS	n/a	n/a	DIN5
531.2960000000	n/a	n/a	STATUS	n/a	n/a	D255
531.7600000000	n/a	n/a	STATUS	n/a	n/a	DI65
531.8120000000	n/a	n/a	STATUS	n/a	n/a	D255
531.8480000000	n/a	n/a	STATUS	n/a	n/a	DI53
531.8960000000	n/a	n/a	STATUS	n/a	n/a	D255
532.1560000000	n/a	n/a	STATUS	n/a	n/a	DI43
532.2040000000	n/a	n/a	STATUS	n/a	n/a	D255
532.4640000000	n/a	n/a	STATUS	n/a	n/a	DIN5
532.5160000000	n/a	n/a	STATUS	n/a	n/a	D255
532.9240000000	n/a	n/a	STATUS	n/a	n/a	D130
532.9760000000	n/a	n/a	STATUS	n/a	n/a	D255
533.0120000000	n/a	n/a	STATUS	n/a	n/a	DI51
533.0640000000	n/a	n/a	STATUS	n/a	n/a	D255
533.4160000000	n/a	n/a	STATUS	n/a	n/a	DI31
533.4680000000	n/a	n/a	STATUS	n/a	n/a	D255
533.7280000000	n/a	n/a	STATUS	n/a	n/a	DIN5
533.7760000000	n/a	n/a	STATUS	n/a	n/a	D255
534.1760000000	n/a	n/a	STATUS	n/a	n/a	D111
534.2280000000	n/a	n/a	STATUS	n/a	n/a	D255
534.2640000000	n/a	n/a	STATUS	n/a	n/a	DI51
534.3160000000	n/a	n/a	STATUS	n/a	n/a	D255
534.7400000000	n/a	n/a	STATUS	n/a	n/a	DI31
534.7880000000	n/a	n/a	STATUS	n/a	n/a	D255
535.0480000000	n/a	n/a	STATUS	n/a	n/a	DIN5
535.1000000000	n/a	n/a	STATUS	n/a	n/a	D255
535.5440000000	n/a	n/a	STATUS	n/a	n/a	D213
535.5920000000	n/a	n/a	STATUS	n/a	n/a	D255
535.6320000000	n/a	n/a	STATUS	n/a	n/a	DI53
535.6800000000	n/a	n/a	STATUS	n/a	n/a	D255
535.9800000000	n/a	n/a	STATUS	n/a	n/a	DI43
536.0280000000	n/a	n/a	STATUS	n/a	n/a	D255
536.2880000000	n/a	n/a	STATUS	n/a	n/a	DIN5
536.3400000000	n/a	n/a	STATUS	n/a	n/a	D255
536.6880000000	n/a	n/a	STATUS	n/a	n/a	D131
536.7400000000	n/a	n/a	STATUS	n/a	n/a	D255
536.7760000000	n/a	n/a	STATUS	n/a	n/a	DI51
536.8280000000	n/a	n/a	STATUS	n/a	n/a	D255
537.1520000000	n/a	n/a	STATUS	n/a	n/a	DI31
537.2040000000	n/a	n/a	STATUS	n/a	n/a	D255
537.4640000000	n/a	n/a	STATUS	n/a	n/a	DIN5
537.5120000000	n/a	n/a	STATUS	n/a	n/a	D255
537.9040000000	n/a	n/a	STATUS	n/a	n/a	D173
537.9520000000	n/a	n/a	STATUS	n/a	n/a	D255
537.9920000000	n/a	n/a	STATUS	n/a	n/a	DI51
538.0400000000	n/a	n/a	STATUS	n/a	n/a	D255
538.4360000000	n/a	n/a	STATUS	n/a	n/a	DI31
538.4880000000	n/a	n/a	STATUS	n/a	n/a	D255
538.7480000000	n/a	n/a	STATUS	n/a	n/a	DIN5
538.7960000000	n/a	n/a	STATUS	n/a	n/a	D255
539.2040000000	n/a	n/a	STATUS	n/a	n/a	D194
539.2560000000	n/a	n/a	STATUS	n/a	n/a	D255
539.2920000000	n/a	n/a	STATUS	n/a	n/a	DI54
539.3440000000	n/a	n/a	STATUS	n/a	n/a	D255
539.6440000000	n/a	n/a	STATUS	n/a	n/a	DI34
539.6920000000	n/a	n/a	STATUS	n/a	n/a	D255
539.9520000000	n/a	n/a	STATUS	n/a	n/a	DIN5
540.0040000000	n/a	n/a	STATUS	n/a	n/a	D255
540.4320000000	n/a	n/a	STATUS	n/a	n/a	D170
540.4840000000	n/a	n/a	STATUS	n/a	n/a	D255
540.4840000000	n/a	n/a	STATUS	n/a	n/a	D235
540.5200000000	n/a	n/a	STATUS	n/a	n/a	DI52
540.5720000000	n/a	n/a	STATUS	n/a	n/a	D255
540.9640000000	n/a	n/a	STATUS	n/a	n/a	DI42
541.0120000000	n/a	n/a	STATUS	n/a	n/a	D255
541.2720000000	n/a	n/a	STATUS	n/a	n/a	DIN5
541.3240000000	n/a	n/a	STATUS	n/a	n/a	D255
541.8040000000	n/a	n/a	STATUS	n/a	n/a	DI97
541.8520000000	n/a	n/a	STATUS	n/a	n/a	D255
541.8920000000	n/a	n/a	STATUS	n/a	n/a	DI53
541.9400000000	n/a	n/a	STATUS	n/a	n/a	D255
542.2120000000	n/a	n/a	STATUS	n/a	n/a	DI43
542.2640000000	n/a	n/a	STATUS	n/a	n/a	D255
542.5240000000	n/a	n/a	STATUS	n/a	n/a	DIN5
542.5720000000	n/a	n/a	STATUS	n/a	n/a	D255
542.9280000000	n/a	n/a	STATUS	n/a	n/a	D165
542.9760000000	n/a	n/a	STATUS	n/a	n/a	D255
543.0120000000	n/a	n/a	STATUS	n/a	n/a	DI53
543.0640000000	n/a	n/a	STATUS	n/a	n/a	D255
543.3160000000	n/a	n/a	STATUS	n/a	n/a	DI43
543.3640000000	n/a	n/a	STATUS	n/a	n/a	D255
543.6240000000	n/a	n/a	STATUS	n/a	n/a	DIN5
543.6760000000	n/a	n/a	STATUS	n/a	n/a	D255
544.0480000000	n/a	n/a	STATUS	n/a	n/a	D105
544.1000000000	n/a	n/a	STATUS	n/a	n/a	D255
544.1360000000	n/a	n/a	STATUS	n/a	n/a	DI51
544.1880000000	n/a	n/a	STATUS	n/a	n/a	D255
544.5520000000	n/a	n/a	STATUS	n/a	n/a	DI31
544.6000000000	n/a	n/a	STATUS	n/a	n/a	D255
544.8600000000	n/a	n/a	STATUS	n/a	n/a	DIN5
544.9120000000	n/a	n/a	STATUS	n/a	n/a	D255
545.2360000000	n/a	n/a	STATUS	n/a	n/a	D224
545.2840000000	n/a	n/a	STATUS	n/a	n/a	D255
545.3240000000	n/a	n/a	STATUS	n/a	n/a	DI52
545.3720000000	n/a	n/a	STATUS	n/a	n/a	D255
545.7360000000	n/a	n/a	STATUS	n/a	n/a	DI42
545.7840000000	n/a	n/a	STATUS	n/a	n/a	D255
546.0440000000	n/a	n/a	STATUS	n/a	n/a	DIN5
546.0960000000	n/a	n/a	STATUS	n/a	n/a	D255
546.4360000000	n/a	n/a	STATUS	n/a	n/a	D247
546.4840000000	n/a	n/a	STATUS	n/a	n/a	D255
546.5240000000	n/a	n/a	STATUS	n/a	n/a	DI51
546.5720000000	n/a	n/a	STATUS	n/a	n/a	D255
546.9560000000	n/a	n/a	STATUS	n/a	n/a	DI31
547.0080000000	n/a	n/a	STATUS	n/a	n/a	D255
547.2680000000	n/a	n/a	STATUS	n/a	n/a	DIN5
547.3160000000	n/a	n/a	STATUS	n/a	n/a	D255
547.7960000000	n/a	n/a	STATUS	n/a	n/a	D152
547.8440000000	n/a	n/a	STATUS	n/a	n/a	D255
547.8840000000	n/a	n/a	STATUS	n/a	n/a	DI54
547.9320000000	n/a	n/a	STATUS	n/a	n/a	D255
548.2360000000	n/a	n/a	STATUS	n/a	n/a	DI34
548.2880000000	n/a	n/a	STATUS	n/a	n/a	D255
548.5480000000	n/a	n/a	STATUS	n/a	n/a	DIN5
548.5960000000	n/a	n/a	STATUS	n/a	n/a	D255
548.9360000000	n/a	n/a	STATUS	n/a	n/a	D176
548.9880000000	n/a	n/a	STATUS	n/a	n/a	D255
549.0240000000	n/a	n/a	STATUS	n/a	n/a	DI51
549.0760000000	n/a	n/a	STATUS	n/a	n/a	D255
549.3520000000	n/a	n/a	STATUS	n/a	n/a	DI21
549.4040000000	n/a	n/a	STATUS	n/a	n/a	D255
549.4080000000	n/a	n/a	STATUS	n/a	n/a	DIN4
549.4600000000	n/a	n/a	STATUS	n/a	n/a	D255
550.2120000000	n/a	n/a	STATUS	n/a	n/a	DIN5
550.2640000000	n/a	n/a	STATUS	n/a	n/a	D255
550.5720000000	n/a	n/a	STATUS	n/a	n/a	D248
550.6240000000	n/a	n/a	STATUS	n/a	n/a	D255
550.6600000000	n/a	n/a	STATUS	n/a	n/a	DI52
550.7120000000	n/a	n/a	STATUS	n/a	n/a	D255
551.0560000000	n/a	n/a	STATUS	n/a	n/a	DI12
551.1080000000	n/a	n/a	STATUS	n/a	n/a	D255
551.1120000000	n/a	n/a	STATUS	n/a	n/a	DIN4
551.1600000000	n/a	n/a	STATUS	n/a	n/a	D255
551.9160000000	n/a	n/a	STATUS	n/a	n/a	DIN5
551.9680000000	n/a	n/a	STATUS	n/a	n/a	D255
552.3600000000	n/a	n/a	STATUS	n/a	n/a	D153
552.4120000000	n/a	n/a	STATUS	n/a	n/a	D255
552.4480000000	n/a	n/a	STATUS	n/a	n/a	DI52
552.5000000000	n/a	n/a	STATUS	n/a	n/a	D255
552.8240000000	n/a	n/a	STATUS	n/a	n/a	DI42
552.8760000000	n/a	n/a	STATUS	n/a	n/a	D255
553.1360000000	n/a	n/a	STATUS	n/a	n/a	DIN5
553.1840000000	n/a	n/a	STATUS	n/a	n/a	D255
553.6240000000	n/a	n/a	STATUS	n/a	n/a	D181
553.6760000000	n/a	n/a	STATUS	n/a	n/a	D255
553.7120000000	n/a	n/a	STATUS	n/a	n/a	DI51
553.7640000000	n/a	n/a	STATUS	n/a	n/a	D255
554.1240000000	n/a	n/a	STATUS	n/a	n/a	DI31
554.1760000000	n/a	n/a	STATUS	n/a	n/a	D255
554.4360000000	n/a	n/a	STATUS	n/a	n/a	DIN5
554.4840000000	n/a	n/a	STATUS	n/a	n/a	D255
554.9040000000	n/a	n/a	STATUS	n/a	n/a	D107
554.9560000000	n/a	n/a	STATUS	n/a	n/a	D255
554.9920000000	n/a	n/a	STATUS	n/a	n/a	DI54
555.0440000000	n/a	n/a	STATUS	n/a	n/a	D255
555.3400000000	n/a	n/a	STATUS	n/a	n/a	DI34
555.3920000000	n/a	n/a	STATUS	n/a	n/a	D255
555.6680000000	n/a	n/a	STATUS	n/a	n/a	DIN5
555.7160000000	n/a	n/a	STATUS	n/a	n/a	D255
556.1600000000	n/a	n/a	STATUS	n/a	n/a	D141
556.2120000000	n/a	n/a	STATUS	n/a	n/a	D255
556.2480000000	n/a	n/a	STATUS	n/a	n/a	DI52
556.3000000000	n/a	n/a	STATUS	n/a	n/a	D255
556.7480000000	n/a	n/a	STATUS	n/a	n/a	DI42
556.7960000000	n/a	n/a	STATUS	n/a	n/a	D255
557.0560000000	n/a	n/a	STATUS	n/a	n/a	DIN5
557.1080000000	n/a	n/a	STATUS	n/a	n/a	D255
557.4320000000	n/a	n/a	STATUS	n/a	n/a	D250
557.4800000000	n/a	n/a	STATUS	n/a	n/a	D255
557.5200000000	n/a	n/a	STATUS	n/a	n/a	DI54
557.5680000000	n/a	n/a	STATUS	n/a	n/a	D255
557.8640000000	n/a	n/a	STATUS	n/a	n/a	DI34
557.9120000000	n/a	n/a	STATUS	n/a	n/a	D255
558.1720000000	n/a	n/a	STATUS	n/a	n/a	DIN5
558.2240000000	n/a	n/a	STATUS	n/a	n/a	D255
558.5640000000	n/a	n/a	STATUS	n/a	n/a	D238
558.6120000000	n/a	n/a	STATUS	n/a	n/a	D255
558.6480000000	n/a	n/a	STATUS	n/a	n/a	DI51
558.7000000000	n/a	n/a	STATUS	n/a	n/a	D255
559.1640000000	n/a	n/a	STATUS	n/a	n/a	DI31
559.2120000000	n/a	n/a	STATUS	n/a	n/a	D255
559.4720000000	n/a	n/a	STATUS	n/a	n/a	DIN5
559.5240000000	n/a	n/a	STATUS	n/a	n/a	D255
559.9480000000	n/a	n/a	STATUS	n/a	n/a	D201
559.9960000000	n/a	n/a	STATUS	n/a	n/a	D255
560.0360000000	n/a	n/a	STATUS	n/a	n/a	DI53
560.0840000000	n/a	n/a	STATUS	n/a	n/a	D255
560.3520000000	n/a	n/a	STATUS	n/a	n/a	DI43
560.4000000000	n/a	n/a	STATUS	n/a	n/a	D255
560.6600000000	n/a	n/a	STATUS	n/a	n/a	DIN5
560.7120000000	n/a	n/a	STATUS	n/a	n/a	D255
561.1840000000	n/a	n/a	STATUS	n/a	n/a	DI78
561.2360000000	n/a	n/a	STATUS	n/a	n/a	D255
561.2720000000	n/a	n/a	STATUS	n/a	n/a	DI54
561.3240000000	n/a	n/a	STATUS	n/a	n/a	D255
561.6040000000	n/a	n/a	STATUS	n/a	n/a	DI34
561.6560000000	n/a	n/a	STATUS	n/a	n/a	D255
561.9160000000	n/a	n/a	STATUS	n/a	n/a	DIN5
561.9640000000	n/a	n/a	STATUS	n/a	n/a	D255
562.3720000000	n/a	n/a	STATUS	n/a	n/a	D155
562.4200000000	n/a	n/a	STATUS	n/a	n/a	D255
562.4560000000	n/a	n/a	STATUS	n/a	n/a	DI52
562.5080000000	n/a	n/a	STATUS	n/a	n/a	D255
562.8320000000	n/a	n/a	STATUS	n/a	n/a	DI42
562.8840000000	n/a	n/a	STATUS	n/a	n/a	D255
563.1440000000	n/a	n/a	STATUS	n/a	n/a	DIN5
563.1920000000	n/a	n/a	STATUS	n/a	n/a	D255
563.5600000000	n/a	n/a	STATUS	n/a	n/a	D207
563.6080000000	n/a	n/a	STATUS	n/a	n/a	D255
563.6480000000	n/a	n/a	STATUS	n/a	n/a	DI51
563.6960000000	n/a	n/a	STATUS	n/a	n/a	D255
564.1120000000	n/a	n/a	STATUS	n/a	n/a	DI31
564.1600000000	n/a	n/a	STATUS	n/a	n/a	D255
564.4200000000	n/a	n/a	STATUS	n/a	n/a	DIN5
564.4720000000	n/a	n/a	STATUS	n/a	n/a	D255
564.9240000000	n/a	n/a	STATUS	n/a	n/a	D156
564.9760000000	n/a	n/a	STATUS	n/a	n/a	D255
565.0120000000	n/a	n/a	STATUS	n/a	n/a	DI54
565.0640000000	n/a	n/a	STATUS	n/a	n/a	D255
565.3360000000	n/a	n/a	STATUS	n/a	n/a	DI34
565.3880000000	n/a	n/a	STATUS	n/a	n/a	D255
565.6480000000	n/a	n/a	STATUS	n/a	n/a	DIN5
565.7000000000	n/a	n/a	STATUS	n/a	n/a	D255
566.0760000000	n/a	n/a	STATUS	n/a	n/a	D216
566.1280000000	n/a	n/a	STATUS	n/a	n/a	D255
566.1640000000	n/a	n/a	STATUS	n/a	n/a	DI53
566.2160000000	n/a	n/a	STATUS	n/a	n/a	D255
566.4760000000	n/a	n/a	STATUS	n/a	n/a	DI43
566.5280000000	n/a	n/a	STATUS	n/a	n/a	D255
566.7840000000	n/a	n/a	STATUS	n/a	n/a	DIN5
566.8360000000	n/a	n/a	STATUS	n/a	n/a	D255
567.2560000000	n/a	n/a	STATUS	n/a	n/a	D151
567.3040000000	n/a	n/a	STATUS	n/a	n/a	D255
567.3440000000	n/a	n/a	STATUS	n/a	n/a	DI54
567.3960000000	n/a	n/a	STATUS	n/a	n/a	D255
567.6600000000	n/a	n/a	STATUS	n/a	n/a	DI34
567.7120000000	n/a	n/a	STATUS	n/a	n/a	D255
567.9680000000	n/a	n/a	STATUS	n/a	n/a	DIN5
568.0200000000	n/a	n/a	STATUS	n/a	n/a	D255
568.3960000000	n/a	n/a	STATUS	n/a	n/a	D202
568.4440000000	n/a	n/a	STATUS	n/a	n/a	D255
568.4840000000	n/a	n/a	STATUS	n/a	n/a	DI51
568.5320000000	n/a	n/a	STATUS	n/a	n/a	D255
569.5600000000	n/a	n/a	STATUS	n/a	n/a	DIN3
569.6080000000	n/a	n/a	STATUS	n/a	n/a	D255
570.3640000000	n/a	n/a	STATUS	n/a	n/a	DIN5
570.4120000000	n/a	n/a	STATUS	n/a	n/a	D255
570.7160000000	n/a	n/a	STATUS	n/a	n/a	D237
570.7680000000	n/a	n/a	STATUS	n/a	n/a	D255
570.8080000000	n/a	n/a	STATUS	n/a	n/a	DI51
570.8560000000	n/a	n/a	STATUS	n/a	n/a	D255
571.1960000000	n/a	n/a	STATUS	n/a	n/a	DI31
571.2480000000	n/a	n/a	STATUS	n/a	n/a	D255
571.5080000000	n/a	n/a	STATUS	n/a	n/a	DIN5
571.5560000000	n/a	n/a	STATUS	n/a	n/a	D255
572.0040000000	n/a	n/a	STATUS	n/a	n/a	D135
572.0520000000	n/a	n/a	STATUS	n/a	n/a	D255
572.0920000000	n/a	n/a	STATUS	n/a	n/a	DI54
572.1400000000	n/a	n/a	STATUS	n/a	n/a	D255
572.4160000000	n/a	n/a	STATUS	n/a	n/a	DI34
572.4680000000	n/a	n/a	STATUS	n/a	n/a	D255
572.7240000000	n/a	n/a	STATUS	n/a	n/a	DIN5
572.7760000000	n/a	n/a	STATUS	n/a	n/a	D255
573.1400000000	n/a	n/a	STATUS	n/a	n/a	D186
573.1920000000	n/a	n/a	STATUS	n/a	n/a	D255
573.2280000000	n/a	n/a	STATUS	n/a	n/a	DI51
573.2760000000	n/a	n/a	STATUS	n/a	n/a	D255
573.5560000000	n/a	n/a	STATUS	n/a	n/a	DI21
573.6080000000	n/a	n/a	STATUS	n/a	n/a	D255
573.6120000000	n/a	n/a	STATUS	n/a	n/a	DIN4
573.6600000000	n/a	n/a	STATUS	n/a	n/a	D255
574.4160000000	n/a	n/a	STATUS	n/a	n/a	DIN5
574.4680000000	n/a	n/a	STATUS	n/a	n/a	D255
574.8120000000	n/a	n/a	STATUS	n/a	n/a	D197
574.8600000000	n/a	n/a	STATUS	n/a	n/a	D255
574.9000000000	n/a	n/a	STATUS	n/a	n/a	DI53
574.9480000000	n/a	n/a	STATUS	n/a	n/a	D255
575.3080000000	n/a	n/a	STATUS	n/a	n/a	DI43
575.3600000000	n/a	n/a	STATUS	n/a	n/a	D255
575.6200000000	n/a	n/a	STATUS	n/a	n/a	DIN5
575.6680000000	n/a	n/a	STATUS	n/a	n/a	D255
576.1280000000	n/a	n/a	STATUS	n/a	n/a	D211
576.1760000000	n/a	n/a	STATUS	n/a	n/a	D255
576.2160000000	n/a	n/a	STATUS	n/a	n/a	DI51
576.2640000000	n/a	n/a	STATUS	n/a	n/a	D255
576.5840000000	n/a	n/a	STATUS	n/a	n/a	DI31
576.6360000000	n/a	n/a	STATUS	n/a	n/a	D255
576.8960000000	n/a	n/a	STATUS	n/a	n/a	DIN5
576.9440000000	n/a	n/a	STATUS	n/a	n/a	D255
577.2480000000	n/a	n/a	STATUS	n/a	n/a	D189
577.3000000000	n/a	n/a	STATUS	n/a	n/a	D255
577.3360000000	n/a	n/a	STATUS	n/a	n/a	DI51
577.3880000000	n/a	n/a	STATUS	n/a	n/a	D255
577.7800000000	n/a	n/a	STATUS	n/a	n/a	DI31
577.8280000000	n/a	n/a	STATUS	n/a	n/a	D255
578.0880000000	n/a	n/a	STATUS	n/a	n/a	DIN5
578.1400000000	n/a	n/a	STATUS	n/a	n/a	D255
578.4760000000	n/a	n/a	STATUS	n/a	n/a	D246
578.5280000000	n/a	n/a	STATUS	n/a	n/a	D255
578.5640000000	n/a	n/a	STATUS	n/a	n/a	DI54
578.6160000000	n/a	n/a	STATUS	n/a	n/a	D255
578.9120000000	n/a	n/a	STATUS	n/a	n/a	DI34
578.9640000000	n/a	n/a	STATUS	n/a	n/a	D255
579.2200000000	n/a	n/a	STATUS	n/a	n/a	DIN5
579.2720000000	n/a	n/a	STATUS	n/a	n/a	D255
579.7200000000	n/a	n/a	STATUS	n/a	n/a	D212
579.7720000000	n/a	n/a	STATUS	n/a	n/a	D255
579.8080000000	n/a	n/a	STATUS	n/a	n/a	DI54
579.8600000000	n/a	n/a	STATUS	n/a	n/a	D255
580.0720000000	n/a	n/a	STATUS	n/a	n/a	DI34
580.1200000000	n/a	n/a	STATUS	n/a	n/a	D255
580.3800000000	n/a	n/a	STATUS	n/a	n/a	DIN5
580.4320000000	n/a	n/a	STATUS	n/a	n/a	D255
580.9240000000	n/a	n/a	STATUS	n/a	n/a	D208
580.9760000000	n/a	n/a	STATUS	n/a	n/a	D255
581.0120000000	n/a	n/a	STATUS	n/a	n/a	DI54
581.0640000000	n/a	n/a	STATUS	n/a	n/a	D255
581.2760000000	n/a	n/a	STATUS	n/a	n/a	DI34
581.3240000000	n/a	n/a	STATUS	n/a	n/a	D255
581.5840000000	n/a	n/a	STATUS	n/a	n/a	DIN5
581.6360000000	n/a	n/a	STATUS	n/a	n/a	D255
582.0600000000	n/a	n/a	STATUS	n/a	n/a	D232
582.1080000000	n/a	n/a	STATUS	n/a	n/a	D255
582.1480000000	n/a	n/a	STATUS	n/a	n/a	DI53
582.1960000000	n/a	n/a	STATUS	n/a	n/a	D255
582.4520000000	n/a	n/a	STATUS	n/a	n/a	DI43
582.5000000000	n/a	n/a	STATUS	n/a	n/a	D255
582.7600000000	n/a	n/a	STATUS	n/a	n/a	DIN5
582.8120000000	n/a	n/a	STATUS	n/a	n/a	D255
583.2560000000	n/a	n/a	STATUS	n/a	n/a	DI71
583.3040000000	n/a	n/a	STATUS	n/a	n/a	D255
583.3400000000	n/a	n/a	STATUS	n/a	n/a	DI54
583.3920000000	n/a	n/a	STATUS	n/a	n/a	D255
583.6040000000	n/a	n/a	STATUS	n/a	n/a	DI34
583.6560000000	n/a	n/a	STATUS	n/a	n/a	D255
583.9160000000	n/a	n/a	STATUS	n/a	n/a	DIN5
583.9640000000	n/a	n/a	STATUS	n/a	n/a	D255
584.3680000000	n/a	n/a	STATUS	n/a	n/a	D217
584.4200000000	n/a	n/a	STATUS	n/a	n/a	D255
584.4560000000	n/a	n/a	STATUS	n/a	n/a	DI51
584.5080000000	n/a	n/a	STATUS	n/a	n/a	D255
584.7040000000	n/a	n/a	STATUS	n/a	n/a	DI21
584.7520000000	n/a	n/a	STATUS	n/a	n/a	D255
584.7560000000	n/a	n/a	STATUS	n/a	n/a	DIN4
584.8080000000	n/a	n/a	STATUS	n/a	n/a	D255
585.5600000000	n/a	n/a	STATUS	n/a	n/a	DIN5
585.6120000000	n/a	n/a	STATUS	n/a	n/a	D255
585.9320000000	n/a	n/a	STATUS	n/a	n/a	DI87
585.9840000000	n/a	n/a	STATUS	n/a	n/a	D255
586.0200000000	n/a	n/a	STATUS	n/a	n/a	DI53
586.0720000000	n/a	n/a	STATUS	n/a	n/a	D255
586.4240000000	n/a	n/a	STATUS	n/a	n/a	DI43
586.4760000000	n/a	n/a	STATUS	n/a	n/a	D255
586.7360000000	n/a	n/a	STATUS	n/a	n/a	DIN5
586.7840000000	n/a	n/a	STATUS	n/a	n/a	D255
587.2000000000	n/a	n/a	STATUS	n/a	n/a	D254
587.2480000000	n/a	n/a	STATUS	n/a	n/a	D255
587.2880000000	n/a	n/a	STATUS	n/a	n/a	DI51
587.3360000000	n/a	n/a	STATUS	n/a	n/a	D255
587.8680000000	n/a	n/a	STATUS	n/a	n/a	DI31
587.9160000000	n/a	n/a	STATUS	n/a	n/a	D255
588.1760000000	n/a	n/a	STATUS	n/a	n/a	DIN5
588.2280000000	n/a	n/a	STATUS	n/a	n/a	D255
588.7120000000	n/a	n/a	STATUS	n/a	n/a	D142
588.7600000000	n/a	n/a	STATUS	n/a	n/a	D255
588.8000000000	n/a	n/a	STATUS	n/a	n/a	DI52
588.8480000000	n/a	n/a	STATUS	n/a	n/a	D255
589.8680000000	n/a	n/a	STATUS	n/a	n/a	DIN3
589.9160000000	n/a	n/a	STATUS	n/a	n/a	D255
590.6720000000	n/a	n/a	STATUS	n/a	n/a	DIN5
590.7200000000	n/a	n/a	STATUS	n/a	n/a	D255
591.1560000000	n/a	n/a	STATUS	n/a	n/a	D139
591.2080000000	n/a	n/a	STATUS	n/a	n/a	D255
591.2440000000	n/a	n/a	STATUS	n/a	n/a	DI54
591.2960000000	n/a	n/a	STATUS	n/a	n/a	D255
591.6080000000	n/a	n/a	STATUS	n/a	n/a	DI34
591.6600000000	n/a	n/a	STATUS	n/a	n/a	D255
591.9200000000	n/a	n/a	STATUS	n/a	n/a	DIN5
591.9680000000	n/a	n/a	STATUS	n/a	n/a	D255
592.2800000000	n/a	n/a	STATUS	n/a	n/a	DI89
592.3280000000	n/a	n/a	STATUS	n/a	n/a	D255
592.3640000000	n/a	n/a	STATUS	n/a	n/a	DI53
592.4160000000	n/a	n/a	STATUS	n/a	n/a	D255
592.7560000000	n/a	n/a	STATUS	n/a	n/a	DI43
592.8080000000	n/a	n/a	STATUS	n/a	n/a	D255
593.0680000000	n/a	n/a	STATUS	n/a	n/a	DIN5
593.1160000000	n/a	n/a	STATUS	n/a	n/a	D255
593.5520000000	n/a	n/a	STATUS	n/a	n/a	D161
593.6000000000	n/a	n/a	STATUS	n/a	n/a	D255
593.6400000000	n/a	n/a	STATUS	n/a	n/a	DI54
593.6880000000	n/a	n/a	STATUS	n/a	n/a	D255
593.9040000000	n/a	n/a	STATUS	n/a	n/a	DI34
593.9560000000	n/a	n/a	STATUS	n/a	n/a	D255
594.2160000000	n/a	n/a	STATUS	n/a	n/a	DIN5
594.2640000000	n/a	n/a	STATUS	n/a	n/a	D255
594.6640000000	n/a	n/a	STATUS	n/a	n/a	D198
594.7160000000	n/a	n/a	STATUS	n/a	n/a	D255
594.7520000000	n/a	n/a	STATUS	n/a	n/a	DI52
594.8040000000	n/a	n/a	STATUS	n/a	n/a	D255
595.1560000000	n/a	n/a	STATUS	n/a	n/a	DI42
595.2080000000	n/a	n/a	STATUS	n/a	n/a	D255
617.0480000000	n/a	n/a	STATUS	n/a	n/a	DIN5
617.1000000000	n/a	n/a	STATUS	n/a	n/a	D255
617.5480000000	n/a	n/a	STATUS	n/a	n/a	D139
617.6000000000	n/a	n/a	STATUS	n/a	n/a	D255
617.6360000000	n/a	n/a	STATUS	n/a	n/a	DI53
617.6880000000	n/a	n/a	STATUS	n/a	n/a	D255
617.9280000000	n/a	n/a	STATUS	n/a	n/a	DI43
617.9800000000	n/a	n/a	STATUS	n/a	n/a	D255
618.2400000000	n/a	n/a	STATUS	n/a	n/a	DIN5
618.2880000000	n/a	n/a	STATUS	n/a	n/a	D255
618.7680000000	n/a	n/a	STATUS	n/a	n/a	D217
618.8200000000	n/a	n/a	STATUS	n/a	n/a	D255
618.8560000000	n/a	n/a	STATUS	n/a	n/a	DI52
618.9040000000	n/a	n/a	STATUS	n/a	n/a	D255
619.1120000000	n/a	n/a	STATUS	n/a	n/a	DI12
619.1600000000	n/a	n/a	STATUS	n/a	n/a	D255
619.1640000000	n/a	n/a	STATUS	n/a	n/a	DIN4
619.2160000000	n/a	n/a	STATUS	n/a	n/a	D255
619.9720000000	n/a	n/a	STATUS	n/a	n/a	DIN5
620.0200000000	n/a	n/a	STATUS	n/a	n/a	D255
620.4240000000	n/a	n/a	STATUS	n/a	n/a	DI96
620.4760000000	n/a	n/a	STATUS	n/a	n/a	D255
620.5120000000	n/a	n/a	STATUS	n/a	n/a	DI51
620.5640000000	n/a	n/a	STATUS	n/a	n/a	D255
620.9200000000	n/a	n/a	STATUS	n/a	n/a	DI31
620.9720000000	n/a	n/a	STATUS	n/a	n/a	D255
621.2280000000	n/a	n/a	STATUS	n/a	n/a	DIN5
621.2800000000	n/a	n/a	STATUS	n/a	n/a	D255
621.7040000000	n/a	n/a	STATUS	n/a	n/a	DI80
621.7560000000	n/a	n/a	STATUS	n/a	n/a	D255
621.7920000000	n/a	n/a	STATUS	n/a	n/a	DI52
621.8440000000	n/a	n/a	STATUS	n/a	n/a	D255
622.1760000000	n/a	n/a	STATUS	n/a	n/a	DI42
622.2280000000	n/a	n/a	STATUS	n/a	n/a	D255
622.4880000000	n/a	n/a	STATUS	n/a	n/a	DIN5
622.5360000000	n/a	n/a	STATUS	n/a	n/a	D239
622.5400000000	n/a	n/a	STATUS	n/a	n/a	D255
622.8680000000	n/a	n/a	STATUS	n/a	n/a	D113
622.9200000000	n/a	n/a	STATUS	n/a	n/a	D255
622.9560000000	n/a	n/a	STATUS	n/a	n/a	DI53
623.0040000000	n/a	n/a	STATUS	n/a	n/a	D255
623.2760000000	n/a	n/a	STATUS	n/a	n/a	DI43
623.3280000000	n/a	n/a	STATUS	n/a	n/a	D255
623.5880000000	n/a	n/a	STATUS	n/a	n/a	DIN5
623.6360000000	n/a	n/a	STATUS	n/a	n/a	D255
624.0160000000	n/a	n/a	STATUS	n/a	n/a	D188
624.0640000000	n/a	n/a	STATUS	n/a	n/a	D255
624.1040000000	n/a	n/a	STATUS	n/a	n/a	DI51
624.1520000000	n/a	n/a	STATUS	n/a	n/a	D255
624.4960000000	n/a	n/a	STATUS	n/a	n/a	DI31
624.5480000000	n/a	n/a	STATUS	n/a	n/a	D255
624.8080000000	n/a	n/a	STATUS	n/a	n/a	DIN5
624.8560000000	n/a	n/a	STATUS	n/a	n/a	D255
625.2200000000	n/a	n/a	STATUS	n/a	n/a	D192
625.2720000000	n/a	n/a	STATUS	n/a	n/a	D255
625.3120000000	n/a	n/a	STATUS	n/a	n/a	DI53
625.3600000000	n/a	n/a	STATUS	n/a	n/a	D255
625.6160000000	n/a	n/a	STATUS	n/a	n/a	DI43
625.6640000000	n/a	n/a	STATUS	n/a	n/a	D255
625.9240000000	n/a	n/a	STATUS	n/a	n/a	DIN5
625.9760000000	n/a	n/a	STATUS	n/a	n/a	D255
626.3640000000	n/a	n/a	STATUS	n/a	n/a	D237
626.4160000000	n/a	n/a	STATUS	n/a	n/a	D255
626.4520000000	n/a	n/a	STATUS	n/a	n/a	DI54
626.5040000000	n/a	n/a	STATUS	n/a	n/a	D255
626.7680000000	n/a	n/a	STATUS	n/a	n/a	DI34
626.8200000000	n/a	n/a	STATUS	n/a	n/a	D255
627.0760000000	n/a	n/a	STATUS	n/a	n/a	DIN5
627.1280000000	n/a	n/a	STATUS	n/a	n/a	D255
627.6280000000	n/a	n/a	STATUS	n/a	n/a	D209
627.6760000000	n/a	n/a	STATUS	n/a	n/a	D255
627.7160000000	n/a	n/a	STATUS	n/a	n/a	DI54
627.7640000000	n/a	n/a	STATUS	n/a	n/a	D255
628.0280000000	n/a	n/a	STATUS	n/a	n/a	DI34
628.0760000000	n/a	n/a	STATUS	n/a	n/a	D255
628.3360000000	n/a	n/a	STATUS	n/a	n/a	DIN5
628.3880000000	n/a	n/a	STATUS	n/a	n/a	D255
628.8200000000	n/a	n/a	STATUS	n/a	n/a	D211
628.8720000000	n/a	n/a	STATUS	n/a	n/a	D255
628.9080000000	n/a	n/a	STATUS	n/a	n/a	DI54
628.9600000000	n/a	n/a	STATUS	n/a	n/a	D255
629.1920000000	n/a	n/a	STATUS	n/a	n/a	DI34
629.2440000000	n/a	n/a	STATUS	n/a	n/a	D255
629.5040000000	n/a	n/a	STATUS	n/a	n/a	DIN5
629.5520000000	n/a	n/a	STATUS	n/a	n/a	D255
630.0040000000	n/a	n/a	STATUS	n/a	n/a	D183
630.0520000000	n/a	n/a	STATUS	n/a	n/a	D255
630.0920000000	n/a	n/a	STATUS	n/a	n/a	DI53
630.1400000000	n/a	n/a	STATUS	n/a	n/a	D255
630.3640000000	n/a	n/a	STATUS	n/a	n/a	DI43
630.4160000000	n/a	n/a	STATUS	n/a	n/a	D255
630.6760000000	n/a	n/a	STATUS	n/a	n/a	DIN5
630.7240000000	n/a	n/a	STATUS	n/a	n/a	D255
631.0680000000	n/a	n/a	STATUS	n/a	n/a	D254
631.1200000000	n/a	n/a	STATUS	n/a	n/a	D255
631.1560000000	n/a	n/a	STATUS	n/a	n/a	DI52
631.2080000000	n/a	n/a	STATUS	n/a	n/a	D255
631.4800000000	n/a	n/a	STATUS	n/a	n/a	DI12
631.5280000000	n/a	n/a	STATUS	n/a	n/a	D255
631.5360000000	n/a	n/a	STATUS	n/a	n/a	DIN4
631.5840000000	n/a	n/a	STATUS	n/a	n/a	D255
632.3400000000	n/a	n/a	STATUS	n/a	n/a	DIN5
632.3880000000	n/a	n/a	STATUS	n/a	n/a	D255
632.6920000000	n/a	n/a	STATUS	n/a	n/a	D175
632.7440000000	n/a	n/a	STATUS	n/a	n/a	D255
632.7800000000	n/a	n/a	STATUS	n/a	n/a	DI51
632.8320000000	n/a	n/a	STATUS	n/a	n/a	D255
633.2080000000	n/a	n/a	STATUS	n/a	n/a	DI31
633.2600000000	n/a	n/a	STATUS	n/a	n/a	D255
633.5200000000	n/a	n/a	STATUS	n/a	n/a	DIN5
633.5680000000	n/a	n/a	STATUS	n/a	n/a	D255
633.9760000000	n/a	n/a	STATUS	n/a	n/a	D162
634.0240000000	n/a	n/a	STATUS	n/a	n/a	D255
634.0600000000	n/a	n/a	STATUS	n/a	n/a	DI51
634.1120000000	n/a	n/a	STATUS	n/a	n/a	D255
634.5640000000	n/a	n/a	STATUS	n/a	n/a	DI31
634.6160000000	n/a	n/a	STATUS	n/a	n/a	D255
634.8760000000	n/a	n/a	STATUS	n/a	n/a	DIN5
634.9240000000	n/a	n/a	STATUS	n/a	n/a	D255
635.4080000000	n/a	n/a	STATUS	n/a	n/a	D221
635.4600000000	n/a	n/a	STATUS	n/a	n/a	D255
635.4960000000	n/a	n/a	STATUS	n/a	n/a	DI52
635.5480000000	n/a	n/a	STATUS	n/a	n/a	D255
636.0160000000	n/a	n/a	STATUS	n/a	n/a	DI42
636.0640000000	n/a	n/a	STATUS	n/a	n/a	D255
636.3240000000	n/a	n/a	STATUS	n/a	n/a	DIN5
636.3720000000	n/a	n/a	STATUS	n/a	n/a	D255
636.8640000000	n/a	n/a	STATUS	n/a	n/a	D125
636.9120000000	n/a	n/a	STATUS	n/a	n/a	D255
636.9520000000	n/a	n/a	STATUS	n/a	n/a	DI52
637.0000000000	n/a	n/a	STATUS	n/a	n/a	D255
637.4480000000	n/a	n/a	STATUS	n/a	n/a	DI42
637.4960000000	n/a	n/a	STATUS	n/a	n/a	D255
637.7560000000	n/a	n/a	STATUS	n/a	n/a	DIN5
637.8080000000	n/a	n/a	STATUS	n/a	n/a	D255
638.1680000000	n/a	n/a	STATUS	n/a	n/a	D202
638.2160000000	n/a	n/a	STATUS	n/a	n/a	D255
638.2520000000	n/a	n/a	STATUS	n/a	n/a	DI51
638.3040000000	n/a	n/a	STATUS	n/a	n/a	D255
638.6920000000	n/a	n/a	STATUS	n/a	n/a	DI31
638.7440000000	n/a	n/a	STATUS	n/a	n/a	D255
639.0040000000	n/a	n/a	STATUS	n/a	n/a	DIN5
639.0520000000	n/a	n/a	STATUS	n/a	n/a	D255
639.5560000000	n/a	n/a	STATUS	n/a	n/a	D251
639.6080000000	n/a	n/a	STATUS	n/a	n/a	D255
639.6440000000	n/a	n/a	STATUS	n/a	n/a	DI51
639.6960000000	n/a	n/a	STATUS	n/a	n/a	D255
639.9560000000	n/a	n/a	STATUS	n/a	n/a	DI21
640.0040000000	n/a	n/a	STATUS	n/a	n/a	D255
640.0080000000	n/a	n/a	STATUS	n/a	n/a	DIN4
640.0600000000	n/a	n/a	STATUS	n/a	n/a	D255
640.8160000000	n/a	n/a	STATUS	n/a	n/a	DIN5
640.8640000000	n/a	n/a	STATUS	n/a	n/a	D255
641.2320000000	n/a	n/a	STATUS	n/a	n/a	D105
641.2840000000	n/a	n/a	STATUS	n/a	n/a	D255
641.3240000000	n/a	n/a	STATUS	n/a	n/a	DI53
641.3720000000	n/a	n/a	STATUS	n/a	n/a	D255
641.8120000000	n/a	n/a	STATUS	n/a	n/a	DI43
641.8640000000	n/a	n/a	STATUS	n/a	n/a	D255
642.1200000000	n/a	n/a	STATUS	n/a	n/a	DIN5
642.1720000000	n/a	n/a	STATUS	n/a	n/a	D255
642.5160000000	n/a	n/a	STATUS	n/a	n/a	D160
642.5680000000	n/a	n/a	STATUS	n/a	n/a	D255
642.6040000000	n/a	n/a	STATUS	n/a	n/a	DI52
642.6520000000	n/a	n/a	STATUS	n/a	n/a	D255
642.8520000000	n/a	n/a	STATUS	n/a	n/a	DI12
642.9000000000	n/a	n/a	STATUS	n/a	n/a	D255
642.9080000000	n/a	n/a	STATUS	n/a	n/a	DIN4
642.9560000000	n/a	n/a	STATUS	n/a	n/a	D255
643.7120000000	n/a	n/a	STATUS	n/a	n/a	DIN5
643.7600000000	n/a	n/a	STATUS	n/a	n/a	D255
644.1160000000	n/a	n/a	STATUS	n/a	n/a	D123
644.1680000000	n/a	n/a	STATUS	n/a	n/a	D255
644.2040000000	n/a	n/a	STATUS	n/a	n/a	DI51
644.2520000000	n/a	n/a	STATUS	n/a	n/a	D255
644.6960000000	n/a	n/a	STATUS	n/a	n/a	DI31
644.7440000000	n/a	n/a	STATUS	n/a	n/a	D255
645.0040000000	n/a	n/a	STATUS	n/a	n/a	DIN5
645.0520000000	n/a	n/a	STATUS	n/a	n/a	D255
645.5320000000	n/a	n/a	STATUS	n/a	n/a	D106
645.5840000000	n/a	n/a	STATUS	n/a	n/a	D255
645.6200000000	n/a	n/a	STATUS	n/a	n/a	DI52
645.6720000000	n/a	n/a	STATUS	n/a	n/a	D255
646.0240000000	n/a	n/a	STATUS	n/a	n/a	DI42
646.0720000000	n/a	n/a	STATUS	n/a	n/a	D255
646.3320000000	n/a	n/a	STATUS	n/a	n/a	DIN5
646.3840000000	n/a	n/a	STATUS	n/a	n/a	D255
646.7320000000	n/a	n/a	STATUS	n/a	n/a	D144
646.7840000000	n/a	n/a	STATUS	n/a	n/a	D255
646.8200000000	n/a	n/a	STATUS	n/a	n/a	DI51
646.8720000000	n/a	n/a	STATUS	n/a	n/a	D255
647.2920000000	n/a	n/a	STATUS	n/a	n/a	DI31
647.3440000000	n/a	n/a	STATUS	n/a	n/a	D255
647.6040000000	n/a	n/a	STATUS	n/a	n/a	DIN5
647.6520000000	n/a	n/a	STATUS	n/a	n/a	D255
648.0280000000	n/a	n/a	STATUS	n/a	n/a	D178
648.0760000000	n/a	n/a	STATUS	n/a	n/a	D255
648.1160000000	n/a	n/a	STATUS	n/a	n/a	DI54
648.1640000000	n/a	n/a	STATUS	n/a	n/a	D255
648.4280000000	n/a	n/a	STATUS	n/a	n/a	DI34
648.4800000000	n/a	n/a	STATUS	n/a	n/a	D255
648.7360000000	n/a	n/a	STATUS	n/a	n/a	DIN5
648.7880000000	n/a	n/a	STATUS	n/a	n/a	D255
649.1280000000	n/a	n/a	STATUS	n/a	n/a	D157
649.1760000000	n/a	n/a	STATUS	n/a	n/a	D255
649.2160000000	n/a	n/a	STATUS	n/a	n/a	DI54
649.2640000000	n/a	n/a	STATUS	n/a	n/a	D255
649.4880000000	n/a	n/a	STATUS	n/a	n/a	DI34
649.5400000000	n/a	n/a	STATUS	n/a	n/a	D255
649.8000000000	n/a	n/a	STATUS	n/a	n/a	DIN5
649.8480000000	n/a	n/a	STATUS	n/a	n/a	D255
650.3280000000	n/a	n/a	STATUS	n/a	n/a	D109
650.3800000000	n/a	n/a	STATUS	n/a	n/a	D255
650.4160000000	n/a	n/a	STATUS	n/a	n/a	DI53
650.4640000000	n/a	n/a	STATUS	n/a	n/a	D255
650.7320000000	n/a	n/a	STATUS	n/a	n/a	DI43
650.7800000000	n/a	n/a	STATUS	n/a	n/a	D255
651.0400000000	n/a	n/a	STATUS	n/a	n/a	DIN5
651.0920000000	n/a	n/a	STATUS	n/a	n/a	D255
651.4720000000	n/a	n/a	STATUS	n/a	n/a	D248
651.5200000000	n/a	n/a	STATUS	n/a	n/a	D255
651.5600000000	n/a	n/a	STATUS	n/a	n/a	DI51
651.6080000000	n/a	n/a	STATUS	n/a	n/a	D255
651.9880000000	n/a	n/a	STATUS	n/a	n/a	DI31
652.0360000000	n/a	n/a	STATUS	n/a	n/a	D255
652.2960000000	n/a	n/a	STATUS	n/a	n/a	DIN5
652.3480000000	n/a	n/a	STATUS	n/a	n/a	D255
652.7320000000	n/a	n/a	STATUS	n/a	n/a	D180
652.7840000000	n/a	n/a	STATUS	n/a	n/a	D255
652.8200000000	n/a	n/a	STATUS	n/a	n/a	DI54
652.8720000000	n/a	n/a	STATUS	n/a	n/a	D255
653.1360000000	n/a	n/a	STATUS	n/a	n/a	DI34
653.1880000000	n/a	n/a	STATUS	n/a	n/a	D255
653.4480000000	n/a	n/a	STATUS	n/a	n/a	DIN5
653.4960000000	n/a	n/a	STATUS	n/a	n/a	D255
653.9280000000	n/a	n/a	STATUS	n/a	n/a	D214
653.9760000000	n/a	n/a	STATUS	n/a	n/a	D255
654.0160000000	n/a	n/a	STATUS	n/a	n/a	DI53
654.0640000000	n/a	n/a	STATUS	n/a	n/a	D255
654.3680000000	n/a	n/a	STATUS	n/a	n/a	DI43
654.4160000000	n/a	n/a	STATUS	n/a	n/a	D255
654.6760000000	n/a	n/a	STATUS	n/a	n/a	DIN5
654.7280000000	n/a	n/a	STATUS	n/a	n/a	D255
655.0720000000	n/a	n/a	STATUS	n/a	n/a	D229
655.1240000000	n/a	n/a	STATUS	n/a	n/a	D255
655.1600000000	n/a	n/a	STATUS	n/a	n/a	DI52
655.2080000000	n/a	n/a	STATUS	n/a	n/a	D255
655.4400000000	n/a	n/a	STATUS	n/a	n/a	DI12
655.4880000000	n/a	n/a	STATUS	n/a	n/a	D255
655.4960000000	n/a	n/a	STATUS	n/a	n/a	DIN4
655.5440000000	n/a	n/a	STATUS	n/a	n/a	D255
656.3000000000	n/a	n/a	STATUS	n/a	n/a	DIN5
656.3480000000	n/a	n/a	STATUS	n/a	n/a	D255
656.6680000000	n/a	n/a	STATUS	n/a	n/a	D184
656.7200000000	n/a	n/a	STATUS	n/a	n/a	D255
656.7560000000	n/a	n/a	STATUS	n/a	n/a	DI54
656.8080000000	n/a	n/a	STATUS	n/a	n/a	D255
656.8080000000	n/a	n/a	STATUS	n/a	n/a	D247
657.1960000000	n/a	n/a	STATUS	n/a	n/a	DI34
657.2440000000	n/a	n/a	STATUS	n/a	n/a	D255
657.5040000000	n/a	n/a	STATUS	n/a	n/a	DIN5
657.5560000000	n/a	n/a	STATUS	n/a	n/a	D255
658.0360000000	n/a	n/a	STATUS	n/a	n/a	D134
658.0840000000	n/a	n/a	STATUS	n/a	n/a	D255
658.1240000000	n/a	n/a	STATUS	n/a	n/a	DI52
658.1760000000	n/a	n/a	STATUS	n/a	n/a	D255
658.5400000000	n/a	n/a	STATUS	n/a	n/a	DI42
658.5920000000	n/a	n/a	STATUS	n/a	n/a	D255
658.8480000000	n/a	n/a	STATUS	n/a	n/a	DIN5
658.9000000000	n/a	n/a	STATUS	n/a	n/a	D255
659.3560000000	n/a	n/a	STATUS	n/a	n/a	D216
659.4040000000	n/a	n/a	STATUS	n/a	n/a	D255
659.4440000000	n/a	n/a	STATUS	n/a	n/a	DI53
659.4920000000	n/a	n/a	STATUS	n/a	n/a	D255
659.7680000000	n/a	n/a	STATUS	n/a	n/a	DI43
659.8200000000	n/a	n/a	STATUS	n/a	n/a	D255
660.0800000000	n/a	n/a	STATUS	n/a	n/a	DIN5
660.1280000000	n/a	n/a	STATUS	n/a	n/a	D255
660.6200000000	n/a	n/a	STATUS	n/a	n/a	D102
660.6680000000	n/a	n/a	STATUS	n/a	n/a	D255
660.7080000000	n/a	n/a	STATUS	n/a	n/a	DI51
660.7560000000	n/a	n/a	STATUS	n/a	n/a	D255
661.1120000000	n/a	n/a	STATUS	n/a	n/a	DI31
661.1600000000	n/a	n/a	STATUS	n/a	n/a	D255
661.4200000000	n/a	n/a	STATUS	n/a	n/a	DIN5
661.4720000000	n/a	n/a	STATUS	n/a	n/a	D255
661.8000000000	n/a	n/a	STATUS	n/a	n/a	D201
661.8520000000	n/a	n/a	STATUS	n/a	n/a	D255
661.8880000000	n/a	n/a	STATUS	n/a	n/a	DI52
661.9400000000	n/a	n/a	STATUS	n/a	n/a	D255
662.3160000000	n/a	n/a	STATUS	n/a	n/a	DI42
662.3640000000	n/a	n/a	STATUS	n/a	n/a	D255
662.6240000000	n/a	n/a	STATUS	n/a	n/a	DIN5
662.6760000000	n/a	n/a	STATUS	n/a	n/a	D255
662.9800000000	n/a	n/a	STATUS	n/a	n/a	D115
663.0280000000	n/a	n/a	STATUS	n/a	n/a	D255
663.0680000000	n/a	n/a	STATUS	n/a	n/a	DI51
663.1200000000	n/a	n/a	STATUS	n/a	n/a	D255
663.6040000000	n/a	n/a	STATUS	n/a	n/a	DI31
663.6520000000	n/a	n/a	STATUS	n/a	n/a	D255
663.9120000000	n/a	n/a	STATUS	n/a	n/a	DIN5
663.9640000000	n/a	n/a	STATUS	n/a	n/a	D255
664.3720000000	n/a	n/a	STATUS	n/a	n/a	D194
664.4200000000	n/a	n/a	STATUS	n/a	n/a	D255
664.4600000000	n/a	n/a	STATUS	n/a	n/a	DI52
664.5080000000	n/a	n/a	STATUS	n/a	n/a	D255
664.8840000000	n/a	n/a	STATUS	n/a	n/a	DI42
664.9360000000	n/a	n/a	STATUS	n/a	n/a	D255
665.1960000000	n/a	n/a	STATUS	n/a	n/a	DIN5
665.2440000000	n/a	n/a	STATUS	n/a	n/a	D255
665.6480000000	n/a	n/a	STATUS	n/a	n/a	D240
665.7000000000	n/a	n/a	STATUS	n/a	n/a	D255
665.7360000000	n/a	n/a	STATUS	n/a	n/a	DI51
665.7880000000	n/a	n/a	STATUS	n/a	n/a	D255
666.1600000000	n/a	n/a	STATUS	n/a	n/a	DI31
666.2080000000	n/a	n/a	STATUS	n/a	n/a	D255
666.4680000000	n/a	n/a	STATUS	n/a	n/a	DIN5
666.5160000000	n/a	n/a	STATUS	n/a	n/a	D255
666.9680000000	n/a	n/a	STATUS	n/a	n/a	D112
667.0200000000	n/a	n/a	STATUS	n/a	n/a	D255
667.0560000000	n/a	n/a	STATUS	n/a	n/a	DI53
667.1040000000	n/a	n/a	STATUS	n/a	n/a	D255
667.4360000000	n/a	n/a	STATUS	n/a	n/a	DI43
667.4880000000	n/a	n/a	STATUS	n/a	n/a	D255
667.7480000000	n/a	n/a	STATUS	n/a	n/a	DIN5
667.7960000000	n/a	n/a	STATUS	n/a	n/a	D255
668.1880000000	n/a	n/a	STATUS	n/a	n/a	D170
668.2360000000	n/a	n/a	STATUS	n/a	n/a	D255
668.2720000000	n/a	n/a	STATUS	n/a	n/a	DI53
668.3240000000	n/a	n/a	STATUS	n/a	n/a	D255
668.6440000000	n/a	n/a	STATUS	n/a	n/a	DI43
668.6960000000	n/a	n/a	STATUS	n/a	n/a	D255
668.9560000000	n/a	n/a	STATUS	n/a	n/a	DIN5
669.0040000000	n/a	n/a	STATUS	n/a	n/a	D255
669.4600000000	n/a	n/a	STATUS	n/a	n/a	D226
669.5080000000	n/a	n/a	STATUS	n/a	n/a	D255
669.5480000000	n/a	n/a	STATUS	n/a	n/a	DI54
669.5960000000	n/a	n/a	STATUS	n/a	n/a	D255
669.9040000000	n/a	n/a	STATUS	n/a	n/a	DI34
669.9560000000	n/a	n/a	STATUS	n/a	n/a	D255
670.2160000000	n/a	n/a	STATUS	n/a	n/a	DIN5
670.2640000000	n/a	n/a	STATUS	n/a	n/a	D255
670.7520000000	n/a	n/a	STATUS	n/a	n/a	D119
670.8000000000	n/a	n/a	STATUS	n/a	n/a	D255
670.8400000000	n/a	n/a	STATUS	n/a	n/a	DI53
670.8880000000	n/a	n/a	STATUS	n/a	n/a	D255
671.1200000000	n/a	n/a	STATUS	n/a	n/a	DI43
671.1680000000	n/a	n/a	STATUS	n/a	n/a	D255
671.4280000000	n/a	n/a	STATUS	n/a	n/a	DIN5
671.4760000000	n/a	n/a	STATUS	n/a	n/a	D255
671.8720000000	n/a	n/a	STATUS	n/a	n/a	DI71
671.9240000000	n/a	n/a	STATUS	n/a	n/a	D255
671.9600000000	n/a	n/a	STATUS	n/a	n/a	DI53
672.0120000000	n/a	n/a	STATUS	n/a	n/a	D255
672.3200000000	n/a	n/a	STATUS	n/a	n/a	DI43
672.3720000000	n/a	n/a	STATUS	n/a	n/a	D255
672.6320000000	n/a	n/a	STATUS	n/a	n/a	DIN5
672.6800000000	n/a	n/a	STATUS	n/a	n/a	D255
673.0160000000	n/a	n/a	STATUS	n/a	n/a	D231
673.0640000000	n/a	n/a	STATUS	n/a	n/a	D255
673.1040000000	n/a	n/a	STATUS	n/a	n/a	DI52
673.1520000000	n/a	n/a	STATUS	n/a	n/a	D255
673.3960000000	n/a	n/a	STATUS	n/a	n/a	DI12
673.4480000000	n/a	n/a	STATUS	n/a	n/a	D255
673.4520000000	n/a	n/a	STATUS	n/a	n/a	DIN4
673.5000000000	n/a	n/a	STATUS	n/a	n/a	D255
674.2560000000	n/a	n/a	STATUS	n/a	n/a	DIN5
674.3080000000	n/a	n/a	STATUS	n/a	n/a	D255
674.7000000000	n/a	n/a	STATUS	n/a	n/a	D196
674.7520000000	n/a	n/a	STATUS	n/a	n/a	D255
674.7880000000	n/a	n/a	STATUS	n/a	n/a	DI53
674.8400000000	n/a	n/a	STATUS	n/a	n/a	D255
675.0840000000	n/a	n/a	STATUS	n/a	n/a	DI43
675.1320000000	n/a	n/a	STATUS	n/a	n/a	D255
675.3920000000	n/a	n/a	STATUS	n/a	n/a	DIN5
675.4400000000	n/a	n/a	STATUS	n/a	n/a	D255
675.9040000000	n/a	n/a	STATUS	n/a	n/a	D185
675.9520000000	n/a	n/a	STATUS	n/a	n/a	D255
675.9920000000	n/a	n/a	STATUS	n/a	n/a	DI54
676.0400000000	n/a	n/a	STATUS	n/a	n/a	D255
676.3080000000	n/a	n/a	STATUS	n/a	n/a	DI34
676.3600000000	n/a	n/a	STATUS	n/a	n/a	D255
676.6160000000	n/a	n/a	STATUS	n/a	n/a	DIN5
676.6680000000	n/a	n/a	STATUS	n/a	n/a	D255
676.9720000000	n/a	n/a	STATUS	n/a	n/a	D110
677.0240000000	n/a	n/a	STATUS	n/a	n/a	D255
677.0600000000	n/a	n/a	STATUS	n/a	n/a	DI54
677.1080000000	n/a	n/a	STATUS	n/a	n/a	D255
677.3680000000	n/a	n/a	STATUS	n/a	n/a	DI34
677.4160000000	n/a	n/a	STATUS	n/a	n/a	D255
677.6760000000	n/a	n/a	STATUS	n/a	n/a	DIN5
677.7280000000	n/a	n/a	STATUS	n/a	n/a	D255
678.1320000000	n/a	n/a	STATUS	n/a	n/a	D153
678.1800000000	n/a	n/a	STATUS	n/a	n/a	D255
678.2160000000	n/a	n/a	STATUS	n/a	n/a	DI52
678.2680000000	n/a	n/a	STATUS	n/a	n/a	D255
678.5280000000	n/a	n/a	STATUS	n/a	n/a	DI12
678.5760000000	n/a	n/a	STATUS	n/a	n/a	D255
678.5800000000	n/a	n/a	STATUS	n/a	n/a	DIN4
678.6320000000	n/a	n/a	STATUS	n/a	n/a	D255
679.3880000000	n/a	n/a	STATUS	n/a	n/a	DIN5
679.4360000000	n/a	n/a	STATUS	n/a	n/a	D255
679.7680000000	n/a	n/a	STATUS	n/a	n/a	D187
679.8160000000	n/a	n/a	STATUS	n/a	n/a	D255
679.8560000000	n/a	n/a	STATUS	n/a	n/a	DI53
679.9040000000	n/a	n/a	STATUS	n/a	n/a	D255
680.1680000000	n/a	n/a	STATUS	n/a	n/a	DI43
680.2200000000	n/a	n/a	STATUS	n/a	n/a	D255
680.4800000000	n/a	n/a	STATUS	n/a	n/a	DIN5
680.5280000000	n/a	n/a	STATUS	n/a	n/a	D255
680.8800000000	n/a	n/a	STATUS	n/a	n/a	D247
680.9320000000	n/a	n/a	STATUS	n/a	n/a	D255
680.9680000000	n/a	n/a	STATUS	n/a	n/a	DI54
681.0160000000	n/a	n/a	STATUS	n/a	n/a	D255
681.3040000000	n/a	n/a	STATUS	n/a	n/a	DI34
681.3520000000	n/a	n/a	STATUS	n/a	n/a	D255
681.6120000000	n/a	n/a	STATUS	n/a	n/a	DIN5
681.6640000000	n/a	n/a	STATUS	n/a	n/a	D255
682.1640000000	n/a	n/a	STATUS	n/a	n/a	D224
682.2160000000	n/a	n/a	STATUS	n/a	n/a	D255
682.2520000000	n/a	n/a	STATUS	n/a	n/a	DI52
682.3000000000	n/a	n/a	STATUS	n/a	n/a	D255
682.6720000000	n/a	n/a	STATUS	n/a	n/a	DI42
682.7240000000	n/a	n/a	STATUS	n/a	n/a	D255
682.9840000000	n/a	n/a	STATUS	n/a	n/a	DIN5
683.0320000000	n/a	n/a	STATUS	n/a	n/a	D255
683.4000000000	n/a	n/a	STATUS	n/a	n/a	DI94
683.4480000000	n/a	n/a	STATUS	n/a	n/a	D255
683.4840000000	n/a	n/a	STATUS	n/a	n/a	DI52
683.5360000000	n/a	n/a	STATUS	n/a	n/a	D255
683.7880000000	n/a	n/a	STATUS	n/a	n/a	DI12
683.8360000000	n/a	n/a	STATUS	n/a	n/a	D255
683.8440000000	n/a	n/a	STATUS	n/a	n/a	DIN4
683.8920000000	n/a	n/a	STATUS	n/a	n/a	D255
684.6480000000	n/a	n/a	STATUS	n/a	n/a	DIN5
684.6960000000	n/a	n/a	STATUS	n/a	n/a	D255
685.1360000000	n/a	n/a	STATUS	n/a	n/a	D174
685.1880000000	n/a	n/a	STATUS	n/a	n/a	D255
685.2240000000	n/a	n/a	STATUS	n/a	n/a	DI51
685.2760000000	n/a	n/a	STATUS	n/a	n/a	D255
685.2760000000	n/a	n/a	STATUS	n/a	n/a	D243
685.6080000000	n/a	n/a	STATUS	n/a	n/a	DI31
685.6600000000	n/a	n/a	STATUS	n/a	n/a	D255
685.9200000000	n/a	n/a	STATUS	n/a	n/a	DIN5
685.9680000000	n/a	n/a	STATUS	n/a	n/a	D255
686.4480000000	n/a	n/a	STATUS	n/a	n/a	D163
686.5000000000	n/a	n/a	STATUS	n/a	n/a	D255
686.5360000000	n/a	n/a	STATUS	n/a	n/a	DI54
686.5880000000	n/a	n/a	STATUS	n/a	n/a	D255
686.8440000000	n/a	n/a	STATUS	n/a	n/a	DI34
686.8920000000	n/a	n/a	STATUS	n/a	n/a	D255
687.1520000000	n/a	n/a	STATUS	n/a	n/a	DIN5
687.2040000000	n/a	n/a	STATUS	n/a	n/a	D255
687.5080000000	n/a	n/a	STATUS	n/a	n/a	D137
687.5600000000	n/a	n/a	STATUS	n/a	n/a	D255
687.5960000000	n/a	n/a	STATUS	n/a	n/a	DI54
687.6440000000	n/a	n/a	STATUS	n/a	n/a	D118
687.6480000000	n/a	n/a	STATUS	n/a	n/a	D255
687.8880000000	n/a	n/a	STATUS	n/a	n/a	DI34
687.9400000000	n/a	n/a	STATUS	n/a	n/a	D255
688.2000000000	n/a	n/a	STATUS	n/a	n/a	DIN5
688.2480000000	n/a	n/a	STATUS	n/a	n/a	D255
688.6240000000	n/a	n/a	STATUS	n/a	n/a	D177
688.6760000000	n/a	n/a	STATUS	n/a	n/a	D255
688.7120000000	n/a	n/a	STATUS	n/a	n/a	DI54
688.7600000000	n/a	n/a	STATUS	n/a	n/a	D255
689.0080000000	n/a	n/a	STATUS	n/a	n/a	DI34
689.0560000000	n/a	n/a	STATUS	n/a	n/a	D255
689.3160000000	n/a	n/a	STATUS	n/a	n/a	DIN5
689.3640000000	n/a	n/a	STATUS	n/a	n/a	D255
689.7440000000	n/a	n/a	STATUS	n/a	n/a	D239
689.7960000000	n/a	n/a	STATUS	n/a	n/a	D255
689.8320000000	n/a	n/a	STATUS	n/a	n/a	DI54
689.8840000000	n/a	n/a	STATUS	n/a	n/a	D255
690.1320000000	n/a	n/a	STATUS	n/a	n/a	DI34
690.1800000000	n/a	n/a	STATUS	n/a	n/a	D255
690.4400000000	n/a	n/a	STATUS	n/a	n/a	DIN5
690.4920000000	n/a	n/a	STATUS	n/a	n/a	D255
690.9440000000	n/a	n/a	STATUS	n/a	n/a	D219
690.9960000000	n/a	n/a	STATUS	n/a	n/a	D255
691.0320000000	n/a	n/a	STATUS	n/a	n/a	DI51
691.0840000000	n/a	n/a	STATUS	n/a	n/a	D255
691.3600000000	n/a	n/a	STATUS	n/a	n/a	DI21
691.4080000000	n/a	n/a	STATUS	n/a	n/a	D255
691.4120000000	n/a	n/a	STATUS	n/a	n/a	DIN4
691.4640000000	n/a	n/a	STATUS	n/a	n/a	D255
692.2200000000	n/a	n/a	STATUS	n/a	n/a	DIN5
692.2680000000	n/a	n/a	STATUS	n/a	n/a	D255
692.7320000000	n/a	n/a	STATUS	n/a	n/a	DI68
692.7840000000	n/a	n/a	STATUS	n/a	n/a	D255
692.8240000000	n/a	n/a	STATUS	n/a	n/a	DI54
692.8720000000	n/a	n/a	STATUS	n/a	n/a	D255
693.0640000000	n/a	n/a	STATUS	n/a	n/a	DI34
693.1160000000	n/a	n/a	STATUS	n/a	n/a	D255
693.3720000000	n/a	n/a	STATUS	n/a	n/a	DIN5
693.4240000000	n/a	n/a	STATUS	n/a	n/a	D255
693.9240000000	n/a	n/a	STATUS	n/a	n/a	DI90
693.9720000000	n/a	n/a	STATUS	n/a	n/a	D255
694.0120000000	n/a	n/a	STATUS	n/a	n/a	DI53
694.0600000000	n/a	n/a	STATUS	n/a	n/a	D255
694.4120000000	n/a	n/a	STATUS	n/a	n/a	DI43
694.4640000000	n/a	n/a	STATUS	n/a	n/a	D255
694.7240000000	n/a	n/a	STATUS	n/a	n/a	DIN5
694.7720000000	n/a	n/a	STATUS	n/a	n/a	D255
695.0760000000	n/a	n/a	STATUS	n/a	n/a	DI81
695.1280000000	n/a	n/a	STATUS	n/a	n/a	D255
695.1640000000	n/a	n/a	STATUS	n/a	n/a	DI54
695.2160000000	n/a	n/a	STATUS	n/a	n/a	D255
695.5480000000	n/a	n/a	STATUS	n/a	n/a	DI34
695.5960000000	n/a	n/a	STATUS	n/a	n/a	D255
695.8560000000	n/a	n/a	STATUS	n/a	n/a	DIN5
695.9080000000	n/a	n/a	STATUS	n/a	n/a	D255
696.3560000000	n/a	n/a	STATUS	n/a	n/a	DI99
696.4080000000	n/a	n/a	STATUS	n/a	n/a	D255
696.4440000000	n/a	n/a	STATUS	n/a	n/a	DI53
696.4960000000	n/a	n/a	STATUS	n/a	n/a	D255
696.7560000000	n/a	n/a	STATUS	n/a	n/a	DI43
696.8080000000	n/a	n/a	STATUS	n/a	n/a	D255
697.0640000000	n/a	n/a	STATUS	n/a	n/a	DIN5
697.1160000000	n/a	n/a	STATUS	n/a	n/a	D255
697.5440000000	n/a	n/a	STATUS	n/a	n/a	D101
697.5960000000	n/a	n/a	STATUS	n/a	n/a	D255
697.6320000000	n/a	n/a	STATUS	n/a	n/a	DI53
697.6840000000	n/a	n/a	STATUS	n/a	n/a	D255
697.9880000000	n/a	n/a	STATUS	n/a	n/a	DI43
698.0360000000	n/a	n/a	STATUS	n/a	n/a	D255
698.2960000000	n/a	n/a	STATUS	n/a	n/a	DIN5
698.3480000000	n/a	n/a	STATUS	n/a	n/a	D255
698.7160000000	n/a	n/a	STATUS	n/a	n/a	D103
698.7680000000	n/a	n/a	STATUS	n/a	n/a	D255
698.8040000000	n/a	n/a	STATUS	n/a	n/a	DI51
698.8520000000	n/a	n/a	STATUS	n/a	n/a	D255
699.2400000000	n/a	n/a	STATUS	n/a	n/a	DI31
699.2880000000	n/a	n/a	STATUS	n/a	n/a	D255
699.5480000000	n/a	n/a	STATUS	n/a	n/a	DIN5
699.6000000000	n/a	n/a	STATUS	n/a	n/a	D255
699.9280000000	n/a	n/a	STATUS	n/a	n/a	D136
699.9800000000	n/a	n/a	STATUS	n/a	n/a	D255
700.0160000000	n/a	n/a	STATUS	n/a	n/a	DI51
700.0680000000	n/a	n/a	STATUS	n/a	n/a	D255
700.4640000000	n/a	n/a	STATUS	n/a	n/a	DI31
700.5160000000	n/a	n/a	STATUS	n/a	n/a	D255
700.7760000000	n/a	n/a	STATUS	n/a	n/a	DIN5
700.8240000000	n/a	n/a	STATUS	n/a	n/a	D255
701.2360000000	n/a	n/a	STATUS	n/a	n/a	D213
701.2840000000	n/a	n/a	STATUS	n/a	n/a	D255
701.3240000000	n/a	n/a	STATUS	n/a	n/a	DI52
701.3720000000	n/a	n/a	STATUS	n/a	n/a	D255
701.9360000000	n/a	n/a	STATUS	n/a	n/a	DI42
701.9880000000	n/a	n/a	STATUS	n/a	n/a	D255
702.2480000000	n/a	n/a	STATUS	n/a	n/a	DIN5
702.2960000000	n/a	n/a	STATUS	n/a	n/a	D255
702.7000000000	n/a	n/a	STATUS	n/a	n/a	D245
702.7520000000	n/a	n/a	STATUS	n/a	n/a	D255
702.7880000000	n/a	n/a	STATUS	n/a	n/a	DI54
702.8400000000	n/a	n/a	STATUS	n/a	n/a	D255
703.1000000000	n/a	n/a	STATUS	n/a	n/a	DI34
703.1480000000	n/a	n/a	STATUS	n/a	n/a	D255
703.4080000000	n/a	n/a	STATUS	n/a	n/a	DIN5
703.4600000000	n/a	n/a	STATUS	n/a	n/a	D255
703.9120000000	n/a	n/a	STATUS	n/a	n/a	D108
703.9640000000	n/a	n/a	STATUS	n/a	n/a	D255
704.0000000000	n/a	n/a	STATUS	n/a	n/a	DI52
704.0520000000	n/a	n/a	STATUS	n/a	n/a	D255
704.3840000000	n/a	n/a	STATUS	n/a	n/a	DI42
704.4320000000	n/a	n/a	STATUS	n/a	n/a	D255
704.6920000000	n/a	n/a	STATUS	n/a	n/a	DIN5
704.7440000000	n/a	n/a	STATUS	n/a	n/a	D255
705.2120000000	n/a	n/a	STATUS	n/a	n/a	DI76
705.2640000000	n/a	n/a	STATUS	n/a	n/a	D255
705.3000000000	n/a	n/a	STATUS	n/a	n/a	DI51
705.3520000000	n/a	n/a	STATUS	n/a	n/a	D255
705.7080000000	n/a	n/a	STATUS	n/a	n/a	DI31
705.7600000000	n/a	n/a	STATUS	n/a	n/a	D255
706.0200000000	n/a	n/a	STATUS	n/a	n/a	DIN5
706.0680000000	n/a	n/a	STATUS	n/a	n/a	D255
706.4880000000	n/a	n/a	STATUS	n/a	n/a	D156
706.5400000000	n/a	n/a	STATUS	n/a	n/a	D255
706.5760000000	n/a	n/a	STATUS	n/a	n/a	DI54
706.6280000000	n/a	n/a	STATUS	n/a	n/a	D255
706.9040000000	n/a	n/a	STATUS	n/a	n/a	DI34
706.9560000000	n/a	n/a	STATUS	n/a	n/a	D255
707.2160000000	n/a	n/a	STATUS	n/a	n/a	DIN5
707.2640000000	n/a	n/a	STATUS	n/a	n/a	D255
707.6040000000	n/a	n/a	STATUS	n/a	n/a	DI98
707.6560000000	n/a	n/a	STATUS	n/a	n/a	D255
707.6920000000	n/a	n/a	STATUS	n/a	n/a	DI52
707.7440000000	n/a	n/a	STATUS	n/a	n/a	D255
708.1000000000	n/a	n/a	STATUS	n/a	n/a	DI42
708.1480000000	n/a	n/a	STATUS	n/a	n/a	D255
708.4080000000	n/a	n/a	STATUS	n/a	n/a	DIN5
708.4560000000	n/a	n/a	STATUS	n/a	n/a	D255
708.7840000000	n/a	n/a	STATUS	n/a	n/a	DI65
708.8320000000	n/a	n/a	STATUS	n/a	n/a	D255
708.8720000000	n/a	n/a	STATUS	n/a	n/a	DI51
708.9200000000	n/a	n/a	STATUS	n/a	n/a	D255
709.3000000000	n/a	n/a	STATUS	n/a	n/a	DI31
709.3520000000	n/a	n/a	STATUS	n/a	n/a	D255
709.6120000000	n/a	n/a	STATUS	n/a	n/a	DIN5
709.6600000000	n/a	n/a	STATUS	n/a	n/a	D255
710.0360000000	n/a	n/a	STATUS	n/a	n/a	D167
710.0880000000	n/a	n/a	STATUS	n/a	n/a	D255
710.1240000000	n/a	n/a	STATUS	n/a	n/a	DI52
710.1720000000	n/a	n/a	STATUS	n/a	n/a	D255
710.5320000000	n/a	n/a	STATUS	n/a	n/a	DI42
710.5800000000	n/a	n/a	STATUS	n/a	n/a	D255
710.8400000000	n/a	n/a	STATUS	n/a	n/a	DIN5
710.8920000000	n/a	n/a	STATUS	n/a	n/a	D255
711.3600000000	n/a	n/a	STATUS	n/a	n/a	D151
711.4080000000	n/a	n/a	STATUS	n/a	n/a	D255
711.4480000000	n/a	n/a	STATUS	n/a	n/a	DI53
711.5000000000	n/a	n/a	STATUS	n/a	n/a	D255
711.8280000000	n/a	n/a	STATUS	n/a	n/a	DI43
711.8800000000	n/a	n/a	STATUS	n/a	n/a	D255
712.1400000000	n/a	n/a	STATUS	n/a	n/a	DIN5
712.1880000000	n/a	n/a	STATUS	n/a	n/a	D255
712.6040000000	n/a	n/a	STATUS	n/a	n/a	D124
712.6520000000	n/a	n/a	STATUS	n/a	n/a	D255
712.6920000000	n/a	n/a	STATUS	n/a	n/a	DI51
712.7400000000	n/a	n/a	STATUS	n/a	n/a	D255
712.9640000000	n/a	n/a	STATUS	n/a	n/a	DI21
713.0160000000	n/a	n/a	STATUS	n/a	n/a	D255
713.0200000000	n/a	n/a	STATUS	n/a	n/a	DIN4
713.0680000000	n/a	n/a	STATUS	n/a	n/a	D255
713.8240000000	n/a	n/a	STATUS	n/a	n/a	DIN5
713.8720000000	n/a	n/a	STATUS	n/a	n/a	D255
714.2720000000	n/a	n/a	STATUS	n/a	n/a	D234
714.3240000000	n/a	n/a	STATUS	n/a	n/a	D255
714.3600000000	n/a	n/a	STATUS	n/a	n/a	DI54
714.4120000000	n/a	n/a	STATUS	n/a	n/a	D255
714.6320000000	n/a	n/a	STATUS	n/a	n/a	DI34
714.6800000000	n/a	n/a	STATUS	n/a	n/a	D255
714.9400000000	n/a	n/a	STATUS	n/a	n/a	DIN5
714.9920000000	n/a	n/a	STATUS	n/a	n/a	D255
715.3800000000	n/a	n/a	STATUS	n/a	n/a	D132
715.4320000000	n/a	n/a	STATUS	n/a	n/a	D255
715.4680000000	n/a	n/a	STATUS	n/a	n/a	DI54
715.5160000000	n/a	n/a	STATUS	n/a	n/a	D255
715.7960000000	n/a	n/a	STATUS	n/a	n/a	DI34
715.8440000000	n/a	n/a	STATUS	n/a	n/a	D255
716.1040000000	n/a	n/a	STATUS	n/a	n/a	DIN5
716.1560000000	n/a	n/a	STATUS	n/a	n/a	D255
716.5240000000	n/a	n/a	STATUS	n/a	n/a	D107
716.5760000000	n/a	n/a	STATUS	n/a	n/a	D255
716.6120000000	n/a	n/a	STATUS	n/a	n/a	DI53
716.6640000000	n/a	n/a	STATUS	n/a	n/a	D255
716.9560000000	n/a	n/a	STATUS	n/a	n/a	DI43
717.0080000000	n/a	n/a	STATUS	n/a	n/a	D255
717.2680000000	n/a	n/a	STATUS	n/a	n/a	DIN5
717.3160000000	n/a	n/a	STATUS	n/a	n/a	D255
717.8000000000	n/a	n/a	STATUS	n/a	n/a	D121
717.8520000000	n/a	n/a	STATUS	n/a	n/a	D255
717.8880000000	n/a	n/a	STATUS	n/a	n/a	DI53
717.9400000000	n/a	n/a	STATUS	n/a	n/a	D255
718.1200000000	n/a	n/a	STATUS	n/a	n/a	DI13
718.1720000000	n/a	n/a	STATUS	n/a	n/a	D255
718.1760000000	n/a	n/a	STATUS	n/a	n/a	DIN4
718.2280000000	n/a	n/a	STATUS	n/a	n/a	D255
718.9800000000	n/a	n/a	STATUS	n/a	n/a	DIN5
719.0320000000	n/a	n/a	STATUS	n/a	n/a	D255
719.4520000000	n/a	n/a	STATUS	n/a	n/a	D131
719.5000000000	n/a	n/a	STATUS	n/a	n/a	D255
719.5400000000	n/a	n/a	STATUS	n/a	n/a	DI52
719.5880000000	n/a	n/a	STATUS	n/a	n/a	D255
719.8440000000	n/a	n/a	STATUS	n/a	n/a	DI42
719.8920000000	n/a	n/a	STATUS	n/a	n/a	D255
720.1520000000	n/a	n/a	STATUS	n/a	n/a	DIN5
720.2040000000	n/a	n/a	STATUS	n/a	n/a	D255
720.5320000000	n/a	n/a	STATUS	n/a	n/a	D143
720.5840000000	n/a	n/a	STATUS	n/a	n/a	D255
720.6200000000	n/a	n/a	STATUS	n/a	n/a	DI51
720.6680000000	n/a	n/a	STATUS	n/a	n/a	D255
721.0200000000	n/a	n/a	STATUS	n/a	n/a	DI31
721.0720000000	n/a	n/a	STATUS	n/a	n/a	D255
721.3320000000	n/a	n/a	STATUS	n/a	n/a	DIN5
721.3800000000	n/a	n/a	STATUS	n/a	n/a	D255
721.6960000000	n/a	n/a	STATUS	n/a	n/a	D138
721.7440000000	n/a	n/a	STATUS	n/a	n/a	D255
721.7840000000	n/a	n/a	STATUS	n/a	n/a	DI52
721.8320000000	n/a	n/a	STATUS	n/a	n/a	D255
722.2600000000	n/a	n/a	STATUS	n/a	n/a	DI42
722.3120000000	n/a	n/a	STATUS	n/a	n/a	D255
722.5720000000	n/a	n/a	STATUS	n/a	n/a	DIN5
722.6200000000	n/a	n/a	STATUS	n/a	n/a	D255
722.9720000000	n/a	n/a	STATUS	n/a	n/a	D253
723.0200000000	n/a	n/a	STATUS	n/a	n/a	D255
723.0600000000	n/a	n/a	STATUS	n/a	n/a	DI54
723.1080000000	n/a	n/a	STATUS	n/a	n/a	D255
723.3880000000	n/a	n/a	STATUS	n/a	n/a	DI34
723.4360000000	n/a	n/a	STATUS	n/a	n/a	D255
723.6960000000	n/a	n/a	STATUS	n/a	n/a	DIN5
723.7480000000	n/a	n/a	STATUS	n/a	n/a	D255
724.1400000000	n/a	n/a	STATUS	n/a	n/a	DI67
724.1920000000	n/a	n/a	STATUS	n/a	n/a	D255
724.2280000000	n/a	n/a	STATUS	n/a	n/a	DI53
724.2800000000	n/a	n/a	STATUS	n/a	n/a	D255
724.5400000000	n/a	n/a	STATUS	n/a	n/a	DI43
724.5880000000	n/a	n/a	STATUS	n/a	n/a	D255
724.8480000000	n/a	n/a	STATUS	n/a	n/a	DIN5
724.9000000000	n/a	n/a	STATUS	n/a	n/a	D255
725.3840000000	n/a	n/a	STATUS	n/a	n/a	D172
725.4360000000	n/a	n/a	STATUS	n/a	n/a	D255
725.4720000000	n/a	n/a	STATUS	n/a	n/a	DI52
725.5240000000	n/a	n/a	STATUS	n/a	n/a	D255
725.7880000000	n/a	n/a	STATUS	n/a	n/a	DI12
725.8360000000	n/a	n/a	STATUS	n/a	n/a	D255
725.8440000000	n/a	n/a	STATUS	n/a	n/a	DIN4
725.8920000000	n/a	n/a	STATUS	n/a	n/a	D255
726.6480000000	n/a	n/a	STATUS	n/a	n/a	DIN5
726.7000000000	n/a	n/a	STATUS	n/a	n/a	D255
727.1440000000	n/a	n/a	STATUS	n/a	n/a	DI72
727.1920000000	n/a	n/a	STATUS	n/a	n/a	D255
727.2280000000	n/a	n/a	STATUS	n/a	n/a	DI53
727.2800000000	n/a	n/a	STATUS	n/a	n/a	D255
727.5120000000	n/a	n/a	STATUS	n/a	n/a	DI43
727.5640000000	n/a	n/a	STATUS	n/a	n/a	D255
727.8240000000	n/a	n/a	STATUS	n/a	n/a	DIN5
727.8720000000	n/a	n/a	STATUS	n/a	n/a	D255
728.2920000000	n/a	n/a	STATUS	n/a	n/a	D210
728.3440000000	n/a	n/a	STATUS	n/a	n/a	D255
728.3800000000	n/a	n/a	STATUS	n/a	n/a	DI51
728.4320000000	n/a	n/a	STATUS	n/a	n/a	D255
728.7640000000	n/a	n/a	STATUS	n/a	n/a	DI31
728.8120000000	n/a	n/a	STATUS	n/a	n/a	D255
729.0720000000	n/a	n/a	STATUS	n/a	n/a	DIN5
729.1240000000	n/a	n/a	STATUS	n/a	n/a	D255
729.5960000000	n/a	n/a	STATUS	n/a	n/a	D218
729.6480000000	n/a	n/a	STATUS	n/a	n/a	D255
729.6840000000	n/a	n/a	STATUS	n/a	n/a	DI54
729.7360000000	n/a	n/a	STATUS	n/a	n/a	D255
729.9920000000	n/a	n/a	STATUS	n/a	n/a	DI34
730.0400000000	n/a	n/a	STATUS	n/a	n/a	D255
730.3000000000	n/a	n/a	STATUS	n/a	n/a	DIN5
730.3520000000	n/a	n/a	STATUS	n/a	n/a	D255
730.7160000000	n/a	n/a	STATUS	n/a	n/a	D223
730.7640000000	n/a	n/a	STATUS	n/a	n/a	D255
730.8040000000	n/a	n/a	STATUS	n/a	n/a	DI51
730.8520000000	n/a	n/a	STATUS	n/a	n/a	D255
731.0880000000	n/a	n/a	STATUS	n/a	n/a	DI21
731.1400000000	n/a	n/a	STATUS	n/a	n/a	D255
731.1440000000	n/a	n/a	STATUS	n/a	n/a	DIN4
731.1960000000	n/a	n/a	STATUS	n/a	n/a	D255
731.9480000000	n/a	n/a	STATUS	n/a	n/a	DIN5
732.0000000000	n/a	n/a	STATUS	n/a	n/a	D255
732.3880000000	n/a	n/a	STATUS	n/a	n/a	DI89
732.4400000000	n/a	n/a	STATUS	n/a	n/a	D255
732.4760000000	n/a	n/a	STATUS	n/a	n/a	DI51
732.5280000000	n/a	n/a	STATUS	n/a	n/a	D255
732.8680000000	n/a	n/a	STATUS	n/a	n/a	DI31
732.9160000000	n/a	n/a	STATUS	n/a	n/a	D255
733.1760000000	n/a	n/a	STATUS	n/a	n/a	DIN5
733.2280000000	n/a	n/a	STATUS	n/a	n/a	D255
733.6320000000	n/a	n/a	STATUS	n/a	n/a	D126
733.6800000000	n/a	n/a	STATUS	n/a	n/a	D255
733.7200000000	n/a	n/a	STATUS	n/a	n/a	DI53
733.7680000000	n/a	n/a	STATUS	n/a	n/a	D255
734.0920000000	n/a	n/a	STATUS	n/a	n/a	DI43
734.1400000000	n/a	n/a	STATUS	n/a	n/a	D255
734.4000000000	n/a	n/a	STATUS	n/a	n/a	DIN5
734.4520000000	n/a	n/a	STATUS	n/a	n/a	D255
734.7720000000	n/a	n/a	STATUS	n/a	n/a	DI66
734.8200000000	n/a	n/a	STATUS	n/a	n/a	D255
734.8600000000	n/a	n/a	STATUS	n/a	n/a	DI52
734.9080000000	n/a	n/a	STATUS	n/a	n/a	D255
735.5560000000	n/a	n/a	STATUS	n/a	n/a	DI42
735.6080000000	n/a	n/a	STATUS	n/a	n/a	D255
735.8640000000	n/a	n/a	STATUS	n/a	n/a	DIN5
735.9160000000	n/a	n/a	STATUS	n/a	n/a	D255
736.3000000000	n/a	n/a	STATUS	n/a	n/a	D207
736.3520000000	n/a	n/a	STATUS	n/a	n/a	D255
736.3880000000	n/a	n/a	STATUS	n/a	n/a	DI52
736.4400000000	n/a	n/a	STATUS	n/a	n/a	D255
736.8240000000	n/a	n/a	STATUS	n/a	n/a	DI42
736.8760000000	n/a	n/a	STATUS	n/a	n/a	D255
737.1360000000	n/a	n/a	STATUS	n/a	n/a	DIN5
737.1840000000	n/a	n/a	STATUS	n/a	n/a	D255
737.6200000000	n/a	n/a	STATUS	n/a	n/a	DI69
737.6680000000	n/a	n/a	STATUS	n/a	n/a	D255
737.7080000000	n/a	n/a	STATUS	n/a	n/a	DI51
737.7560000000	n/a	n/a	STATUS	n/a	n/a	D255
738.1520000000	n/a	n/a	STATUS	n/a	n/a	DI31
738.2040000000	n/a	n/a	STATUS	n/a	n/a	D255
738.4640000000	n/a	n/a	STATUS	n/a	n/a	DIN5
738.5120000000	n/a	n/a	STATUS	n/a	n/a	D255
738.9560000000	n/a	n/a	STATUS	n/a	n/a	D161
739.0080000000	n/a	n/a	STATUS	n/a	n/a	D255
739.0440000000	n/a	n/a	STATUS	n/a	n/a	DI54
739.0960000000	n/a	n/a	STATUS	n/a	n/a	D255
739.4320000000	n/a	n/a	STATUS	n/a	n/a	DI34
739.4840000000	n/a	n/a	STATUS	n/a	n/a	D255
739.7440000000	n/a	n/a	STATUS	n/a	n/a	DIN5
739.7920000000	n/a	n/a	STATUS	n/a	n/a	D255
740.2040000000	n/a	n/a	STATUS	n/a	n/a	D116
740.2520000000	n/a	n/a	STATUS	n/a	n/a	D255
740.2920000000	n/a	n/a	STATUS	n/a	n/a	DI52
740.3400000000	n/a	n/a	STATUS	n/a	n/a	D255
740.7280000000	n/a	n/a	STATUS	n/a	n/a	DI42
740.7760000000	n/a	n/a	STATUS	n/a	n/a	D255
741.0360000000	n/a	n/a	STATUS	n/a	n/a	DIN5
741.0880000000	n/a	n/a	STATUS	n/a	n/a	D255
741.4920000000	n/a	n/a	STATUS	n/a	n/a	D215
741.5440000000	n/a	n/a	STATUS	n/a	n/a	D255
741.5800000000	n/a	n/a	STATUS	n/a	n/a	DI53
741.6280000000	n/a	n/a	STATUS	n/a	n/a	D255
742.0720000000	n/a	n/a	STATUS	n/a	n/a	DI43
742.1200000000	n/a	n/a	STATUS	n/a	n/a	D255
742.3800000000	n/a	n/a	STATUS	n/a	n/a	DIN5
742.4320000000	n/a	n/a	STATUS	n/a	n/a	D255
742.9240000000	n/a	n/a	STATUS	n/a	n/a	D236
742.9760000000	n/a	n/a	STATUS	n/a	n/a	D255
743.0120000000	n/a	n/a	STATUS	n/a	n/a	DI54
743.0600000000	n/a	n/a	STATUS	n/a	n/a	D255
743.3400000000	n/a	n/a	STATUS	n/a	n/a	DI34
743.3880000000	n/a	n/a	STATUS	n/a	n/a	D255
743.6480000000	n/a	n/a	STATUS	n/a	n/a	DIN5
743.6960000000	n/a	n/a	STATUS	n/a	n/a	D255
744.1240000000	n/a	n/a	STATUS	n/a	n/a	D179
744.1720000000	n/a	n/a	STATUS	n/a	n/a	D255
744.2120000000	n/a	n/a	STATUS	n/a	n/a	DI53
744.2600000000	n/a	n/a	STATUS	n/a	n/a	D255
744.5160000000	n/a	n/a	STATUS	n/a	n/a	DI43
744.5680000000	n/a	n/a	STATUS	n/a	n/a	D255
744.8280000000	n/a	n/a	STATUS	n/a	n/a	DIN5
744.8760000000	n/a	n/a	STATUS	n/a	n/a	D255
745.2520000000	n/a	n/a	STATUS	n/a	n/a	D166
745.3000000000	n/a	n/a	STATUS	n/a	n/a	D255
745.3400000000	n/a	n/a	STATUS	n/a	n/a	DI51
745.3880000000	n/a	n/a	STATUS	n/a	n/a	D255
745.7680000000	n/a	n/a	STATUS	n/a	n/a	DI31
745.8200000000	n/a	n/a	STATUS	n/a	n/a	D255
765.7000000000	n/a	n/a	STATUS	n/a	n/a	DIN5
765.7520000000	n/a	n/a	STATUS	n/a	n/a	D255
766.1800000000	n/a	n/a	STATUS	n/a	n/a	DI96
766.2320000000	n/a	n/a	STATUS	n/a	n/a	D255
766.2680000000	n/a	n/a	STATUS	n/a	n/a	DI51
766.3200000000	n/a	n/a	STATUS	n/a	n/a	D255
766.6440000000	n/a	n/a	STATUS	n/a	n/a	DI31
766.6920000000	n/a	n/a	STATUS	n/a	n/a	D255
766.9520000000	n/a	n/a	STATUS	n/a	n/a	DIN5
767.0040000000	n/a	n/a	STATUS	n/a	n/a	D255
767.3720000000	n/a	n/a	STATUS	n/a	n/a	D215
767.4200000000	n/a	n/a	STATUS	n/a	n/a	D255
767.4600000000	n/a	n/a	STATUS	n/a	n/a	DI51
767.5080000000	n/a	n/a	STATUS	n/a	n/a	D255
767.8600000000	n/a	n/a	STATUS	n/a	n/a	DI31
767.9080000000	n/a	n/a	STATUS	n/a	n/a	D255
768.1680000000	n/a	n/a	STATUS	n/a	n/a	DIN5
768.2200000000	n/a	n/a	STATUS	n/a	n/a	D255
768.5720000000	n/a	n/a	STATUS	n/a	n/a	DI78
768.6240000000	n/a	n/a	STATUS	n/a	n/a	D255
768.6600000000	n/a	n/a	STATUS	n/a	n/a	DI53
768.7120000000	n/a	n/a	STATUS	n/a	n/a	D255
768.9680000000	n/a	n/a	STATUS	n/a	n/a	DI43
769.0200000000	n/a	n/a	STATUS	n/a	n/a	D255
769.2800000000	n/a	n/a	STATUS	n/a	n/a	DIN5
769.3280000000	n/a	n/a	STATUS	n/a	n/a	D255
769.7960000000	n/a	n/a	STATUS	n/a	n/a	DI86
769.8440000000	n/a	n/a	STATUS	n/a	n/a	D255
769.8840000000	n/a	n/a	STATUS	n/a	n/a	DI52
769.9320000000	n/a	n/a	STATUS	n/a	n/a	D255
770.3920000000	n/a	n/a	STATUS	n/a	n/a	DI42
770.4440000000	n/a	n/a	STATUS	n/a	n/a	D255
770.7000000000	n/a	n/a	STATUS	n/a	n/a	DIN5
770.7520000000	n/a	n/a	STATUS	n/a	n/a	D255
771.2080000000	n/a	n/a	STATUS	n/a	n/a	D222
771.2560000000	n/a	n/a	STATUS	n/a	n/a	D255
771.2920000000	n/a	n/a	STATUS	n/a	n/a	DI54
771.3440000000	n/a	n/a	STATUS	n/a	n/a	D255
771.5920000000	n/a	n/a	STATUS	n/a	n/a	DI34
771.6400000000	n/a	n/a	STATUS	n/a	n/a	D255
771.9000000000	n/a	n/a	STATUS	n/a	n/a	DIN5
771.9520000000	n/a	n/a	STATUS	n/a	n/a	D255
772.3120000000	n/a	n/a	STATUS	n/a	n/a	D172
772.3600000000	n/a	n/a	STATUS	n/a	n/a	D255
772.4000000000	n/a	n/a	STATUS	n/a	n/a	DI53
772.4480000000	n/a	n/a	STATUS	n/a	n/a	D255
772.7080000000	n/a	n/a	STATUS	n/a	n/a	DI43
772.7560000000	n/a	n/a	STATUS	n/a	n/a	D255
773.0160000000	n/a	n/a	STATUS	n/a	n/a	DIN5
773.0680000000	n/a	n/a	STATUS	n/a	n/a	D255
773.4720000000	n/a	n/a	STATUS	n/a	n/a	D213
773.5200000000	n/a	n/a	STATUS	n/a	n/a	D255
773.5600000000	n/a	n/a	STATUS	n/a	n/a	DI54
773.6080000000	n/a	n/a	STATUS	n/a	n/a	D255
773.8520000000	n/a	n/a	STATUS	n/a	n/a	DI34
773.9000000000	n/a	n/a	STATUS	n/a	n/a	D255
774.1600000000	n/a	n/a	STATUS	n/a	n/a	DIN5
774.2080000000	n/a	n/a	STATUS	n/a	n/a	D255
774.6880000000	n/a	n/a	STATUS	n/a	n/a	DI80
774.7400000000	n/a	n/a	STATUS	n/a	n/a	D255
774.7760000000	n/a	n/a	STATUS	n/a	n/a	DI53
774.8280000000	n/a	n/a	STATUS	n/a	n/a	D255
775.0360000000	n/a	n/a	STATUS	n/a	n/a	DI43
775.0880000000	n/a	n/a	STATUS	n/a	n/a	D255
775.3480000000	n/a	n/a	STATUS	n/a	n/a	DIN5
775.3960000000	n/a	n/a	STATUS	n/a	n/a	D255
775.8320000000	n/a	n/a	STATUS	n/a	n/a	D145
775.8840000000	n/a	n/a	STATUS	n/a	n/a	D255
775.9200000000	n/a	n/a	STATUS	n/a	n/a	DI51
775.9680000000	n/a	n/a	STATUS	n/a	n/a	D255
776.3120000000	n/a	n/a	STATUS	n/a	n/a	DI31
776.3600000000	n/a	n/a	STATUS	n/a	n/a	D255
776.6200000000	n/a	n/a	STATUS	n/a	n/a	DIN5
776.6720000000	n/a	n/a	STATUS	n/a	n/a	D255
776.9800000000	n/a	n/a	STATUS	n/a	n/a	D228
777.0320000000	n/a	n/a	STATUS	n/a	n/a	D255
777.0680000000	n/a	n/a	STATUS	n/a	n/a	DI52
777.1160000000	n/a	n/a	STATUS	n/a	n/a	D255
777.4840000000	n/a	n/a	STATUS	n/a	n/a	DI42
777.5360000000	n/a	n/a	STATUS	n/a	n/a	D255
777.7960000000	n/a	n/a	STATUS	n/a	n/a	DIN5
777.8440000000	n/a	n/a	STATUS	n/a	n/a	D255
778.1880000000	n/a	n/a	STATUS	n/a	n/a	D150
778.2400000000	n/a	n/a	STATUS	n/a	n/a	D255
778.2760000000	n/a	n/a	STATUS	n/a	n/a	DI53
778.3280000000	n/a	n/a	STATUS	n/a	n/a	D255
778.6080000000	n/a	n/a	STATUS	n/a	n/a	DI43
778.6560000000	n/a	n/a	STATUS	n/a	n/a	D255
778.9160000000	n/a	n/a	STATUS	n/a	n/a	DIN5
778.9640000000	n/a	n/a	STATUS	n/a	n/a	D255
779.4280000000	n/a	n/a	STATUS	n/a	n/a	D127
779.4760000000	n/a	n/a	STATUS	n/a	n/a	D255
779.5160000000	n/a	n/a	STATUS	n/a	n/a	DI52
779.5640000000	n/a	n/a	STATUS	n/a	n/a	D255
779.8080000000	n/a	n/a	STATUS	n/a	n/a	DI12
779.8600000000	n/a	n/a	STATUS	n/a	n/a	D255
779.8640000000	n/a	n/a	STATUS	n/a	n/a	DIN4
779.9120000000	n/a	n/a	STATUS	n/a	n/a	D255
780.6680000000	n/a	n/a	STATUS	n/a	n/a	DIN5
780.7160000000	n/a	n/a	STATUS	n/a	n/a	D255
781.1040000000	n/a	n/a	STATUS	n/a	n/a	D224
781.1520000000	n/a	n/a	STATUS	n/a	n/a	D255
781.1920000000	n/a	n/a	STATUS	n/a	n/a	DI53
781.2400000000	n/a	n/a	STATUS	n/a	n/a	D255
781.5160000000	n/a	n/a	STATUS	n/a	n/a	DI43
781.5680000000	n/a	n/a	STATUS	n/a	n/a	D255
781.8280000000	n/a	n/a	STATUS	n/a	n/a	DIN5
781.8760000000	n/a	n/a	STATUS	n/a	n/a	D255
782.1800000000	n/a	n/a	STATUS	n/a	n/a	D137
782.2280000000	n/a	n/a	STATUS	n/a	n/a	D255
782.2680000000	n/a	n/a	STATUS	n/a	n/a	DI53
782.3200000000	n/a	n/a	STATUS	n/a	n/a	D255
782.6000000000	n/a	n/a	STATUS	n/a	n/a	DI43
782.6480000000	n/a	n/a	STATUS	n/a	n/a	D255
782.9080000000	n/a	n/a	STATUS	n/a	n/a	DIN5
782.9600000000	n/a	n/a	STATUS	n/a	n/a	D255
783.4600000000	n/a	n/a	STATUS	n/a	n/a	D100
783.5080000000	n/a	n/a	STATUS	n/a	n/a	D255
783.5480000000	n/a	n/a	STATUS	n/a	n/a	DI53
783.5960000000	n/a	n/a	STATUS	n/a	n/a	D255
783.8360000000	n/a	n/a	STATUS	n/a	n/a	DI43
783.8880000000	n/a	n/a	STATUS	n/a	n/a	D255
784.1440000000	n/a	n/a	STATUS	n/a	n/a	DIN5
784.1960000000	n/a	n/a	STATUS	n/a	n/a	D255
784.6480000000	n/a	n/a	STATUS	n/a	n/a	D138
784.6960000000	n/a	n/a	STATUS	n/a	n/a	D255
784.7320000000	n/a	n/a	STATUS	n/a	n/a	DI51
784.7840000000	n/a	n/a	STATUS	n/a	n/a	D255
785.1720000000	n/a	n/a	STATUS	n/a	n/a	DI31
785.2240000000	n/a	n/a	STATUS	n/a	n/a	D255
785.4800000000	n/a	n/a	STATUS	n/a	n/a	DIN5
785.5320000000	n/a	n/a	STATUS	n/a	n/a	D255
785.9680000000	n/a	n/a	STATUS	n/a	n/a	D169
786.0160000000	n/a	n/a	STATUS	n/a	n/a	D255
786.0520000000	n/a	n/a	STATUS	n/a	n/a	DI53
786.1040000000	n/a	n/a	STATUS	n/a	n/a	D255
786.4360000000	n/a	n/a	STATUS	n/a	n/a	DI43
786.4840000000	n/a	n/a	STATUS	n/a	n/a	D255
786.7440000000	n/a	n/a	STATUS	n/a	n/a	DIN5
786.7920000000	n/a	n/a	STATUS	n/a	n/a	D255
787.2800000000	n/a	n/a	STATUS	n/a	n/a	D181
787.3280000000	n/a	n/a	STATUS	n/a	n/a	D255
787.3680000000	n/a	n/a	STATUS	n/a	n/a	DI54
787.4160000000	n/a	n/a	STATUS	n/a	n/a	D255
787.6520000000	n/a	n/a	STATUS	n/a	n/a	DI34
787.7040000000	n/a	n/a	STATUS	n/a	n/a	D255
787.9640000000	n/a	n/a	STATUS	n/a	n/a	DIN5
788.0120000000	n/a	n/a	STATUS	n/a	n/a	D255
788.5160000000	n/a	n/a	STATUS	n/a	n/a	D191
788.5680000000	n/a	n/a	STATUS	n/a	n/a	D255
788.6080000000	n/a	n/a	STATUS	n/a	n/a	DI52
788.6560000000	n/a	n/a	STATUS	n/a	n/a	D255
788.9960000000	n/a	n/a	STATUS	n/a	n/a	DI42
789.0480000000	n/a	n/a	STATUS	n/a	n/a	D255
789.3080000000	n/a	n/a	STATUS	n/a	n/a	DIN5
789.3560000000	n/a	n/a	STATUS	n/a	n/a	D255
789.7320000000	n/a	n/a	STATUS	n/a	n/a	D182
789.7800000000	n/a	n/a	STATUS	n/a	n/a	D255
789.8200000000	n/a	n/a	STATUS	n/a	n/a	DI53
789.8680000000	n/a	n/a	STATUS	n/a	n/a	D255
790.1200000000	n/a	n/a	STATUS	n/a	n/a	DI43
790.1720000000	n/a	n/a	STATUS	n/a	n/a	D255
790.4280000000	n/a	n/a	STATUS	n/a	n/a	DIN5
790.4800000000	n/a	n/a	STATUS	n/a	n/a	D255
790.9360000000	n/a	n/a	STATUS	n/a	n/a	D144
790.9840000000	n/a	n/a	STATUS	n/a	n/a	D255
791.0200000000	n/a	n/a	STATUS	n/a	n/a	DI52
791.0720000000	n/a	n/a	STATUS	n/a	n/a	D255
791.3280000000	n/a	n/a	STATUS	n/a	n/a	DI12
791.3800000000	n/a	n/a	STATUS	n/a	n/a	D255
791.3840000000	n/a	n/a	STATUS	n/a	n/a	DIN4
791.4320000000	n/a	n/a	STATUS	n/a	n/a	D255
792.1880000000	n/a	n/a	STATUS	n/a	n/a	DIN5
792.2400000000	n/a	n/a	STATUS	n/a	n/a	D255
792.6960000000	n/a	n/a	STATUS	n/a	n/a	D122
792.7480000000	n/a	n/a	STATUS	n/a	n/a	D255
792.7840000000	n/a	n/a	STATUS	n/a	n/a	DI51
792.8360000000	n/a	n/a	STATUS	n/a	n/a	D255
793.2840000000	n/a	n/a	STATUS	n/a	n/a	DI31
793.3320000000	n/a	n/a	STATUS	n/a	n/a	D255
793.5920000000	n/a	n/a	STATUS	n/a	n/a	DIN5
793.6400000000	n/a	n/a	STATUS	n/a	n/a	D255
794.1080000000	n/a	n/a	STATUS	n/a	n/a	D254
794.1560000000	n/a	n/a	STATUS	n/a	n/a	D255
794.1960000000	n/a	n/a	STATUS	n/a	n/a	DI51
794.2440000000	n/a	n/a	STATUS	n/a	n/a	D255
794.4880000000	n/a	n/a	STATUS	n/a	n/a	DI21
794.5400000000	n/a	n/a	STATUS	n/a	n/a	D255
794.5440000000	n/a	n/a	STATUS	n/a	n/a	DIN4
794.5920000000	n/a	n/a	STATUS	n/a	n/a	D255
795.3480000000	n/a	n/a	STATUS	n/a	n/a	DIN5
795.4000000000	n/a	n/a	STATUS	n/a	n/a	D255
795.7080000000	n/a	n/a	STATUS	n/a	n/a	D134
795.7600000000	n/a	n/a	STATUS	n/a	n/a	D255
795.7960000000	n/a	n/a	STATUS	n/a	n/a	DI51
795.8480000000	n/a	n/a	STATUS	n/a	n/a	D255
796.1800000000	n/a	n/a	STATUS	n/a	n/a	DI31
796.2280000000	n/a	n/a	STATUS	n/a	n/a	D255
796.4880000000	n/a	n/a	STATUS	n/a	n/a	DIN5
796.5400000000	n/a	n/a	STATUS	n/a	n/a	D255
796.9920000000	n/a	n/a	STATUS	n/a	n/a	D211
797.0440000000	n/a	n/a	STATUS	n/a	n/a	D255
797.0800000000	n/a	n/a	STATUS	n/a	n/a	DI52
797.1320000000	n/a	n/a	STATUS	n/a	n/a	D255
797.1320000000	n/a	n/a	STATUS	n/a	n/a	D247
797.4560000000	n/a	n/a	STATUS	n/a	n/a	DI42
797.5080000000	n/a	n/a	STATUS	n/a	n/a	D255
797.7680000000	n/a	n/a	STATUS	n/a	n/a	DIN5
797.8160000000	n/a	n/a	STATUS	n/a	n/a	D255
798.2680000000	n/a	n/a	STATUS	n/a	n/a	D162
798.3160000000	n/a	n/a	STATUS	n/a	n/a	D255
798.3560000000	n/a	n/a	STATUS	n/a	n/a	DI52
798.4040000000	n/a	n/a	STATUS	n/a	n/a	D255
798.7200000000	n/a	n/a	STATUS	n/a	n/a	DI42
798.7720000000	n/a	n/a	STATUS	n/a	n/a	D255
799.0280000000	n/a	n/a	STATUS	n/a	n/a	DIN5
799.0800000000	n/a	n/a	STATUS	n/a	n/a	D255
799.5000000000	n/a	n/a	STATUS	n/a	n/a	D239
799.5480000000	n/a	n/a	STATUS	n/a	n/a	D255
799.5880000000	n/a	n/a	STATUS	n/a	n/a	DI52
799.6360000000	n/a	n/a	STATUS	n/a	n/a	D255
799.9280000000	n/a	n/a	STATUS	n/a	n/a	DI42
799.9800000000	n/a	n/a	STATUS	n/a	n/a	D255
800.2400000000	n/a	n/a	STATUS	n/a	n/a	DIN5
800.2880000000	n/a	n/a	STATUS	n/a	n/a	D255
800.7800000000	n/a	n/a	STATUS	n/a	n/a	DI94
800.8280000000	n/a	n/a	STATUS	n/a	n/a	D255
800.8680000000	n/a	n/a	STATUS	n/a	n/a	DI54
800.9160000000	n/a	n/a	STATUS	n/a	n/a	D255
801.2160000000	n/a	n/a	STATUS	n/a	n/a	DI34
801.2680000000	n/a	n/a	STATUS	n/a	n/a	D255
801.2680000000	n/a	n/a	STATUS	n/a	n/a	D227
801.5280000000	n/a	n/a	STATUS	n/a	n/a	DIN5
801.5760000000	n/a	n/a	STATUS	n/a	n/a	D255
801.9720000000	n/a	n/a	STATUS	n/a	n/a	D198
802.0200000000	n/a	n/a	STATUS	n/a	n/a	D255
802.0560000000	n/a	n/a	STATUS	n/a	n/a	DI54
802.1080000000	n/a	n/a	STATUS	n/a	n/a	D255
802.3920000000	n/a	n/a	STATUS	n/a	n/a	DI34
802.4400000000	n/a	n/a	STATUS	n/a	n/a	D255
802.7000000000	n/a	n/a	STATUS	n/a	n/a	DIN5
802.7520000000	n/a	n/a	STATUS	n/a	n/a	D255
803.0840000000	n/a	n/a	STATUS	n/a	n/a	D136
803.1360000000	n/a	n/a	STATUS	n/a	n/a	D255
803.1720000000	n/a	n/a	STATUS	n/a	n/a	DI54
803.2240000000	n/a	n/a	STATUS	n/a	n/a	D255
803.5000000000	n/a	n/a	STATUS	n/a	n/a	DI34
803.5520000000	n/a	n/a	STATUS	n/a	n/a	D255
803.8120000000	n/a	n/a	STATUS	n/a	n/a	DIN5
803.8600000000	n/a	n/a	STATUS	n/a	n/a	D255
804.2280000000	n/a	n/a	STATUS	n/a	n/a	DI98
804.2800000000	n/a	n/a	STATUS	n/a	n/a	D255
804.3200000000	n/a	n/a	STATUS	n/a	n/a	DI53
804.3680000000	n/a	n/a	STATUS	n/a	n/a	D255
804.6200000000	n/a	n/a	STATUS	n/a	n/a	DI43
804.6680000000	n/a	n/a	STATUS	n/a	n/a	D255
804.9280000000	n/a	n/a	STATUS	n/a	n/a	DIN5
804.9800000000	n/a	n/a	STATUS	n/a	n/a	D255
805.3120000000	n/a	n/a	STATUS	n/a	n/a	D180
805.3640000000	n/a	n/a	STATUS	n/a	n/a	D255
805.4000000000	n/a	n/a	STATUS	n/a	n/a	DI53
805.4520000000	n/a	n/a	STATUS	n/a	n/a	D255
805.7480000000	n/a	n/a	STATUS	n/a	n/a	DI43
805.8000000000	n/a	n/a	STATUS	n/a	n/a	D255
806.0600000000	n/a	n/a	STATUS	n/a	n/a	DIN5
806.1080000000	n/a	n/a	STATUS	n/a	n/a	D255
806.5480000000	n/a	n/a	STATUS	n/a	n/a	D167
806.6000000000	n/a	n/a	STATUS	n/a	n/a	D255
806.6360000000	n/a	n/a	STATUS	n/a	n/a	DI53
806.6840000000	n/a	n/a	STATUS	n/a	n/a	D255
807.0120000000	n/a	n/a	STATUS	n/a	n/a	DI43
807.0640000000	n/a	n/a	STATUS	n/a	n/a	D255
807.3240000000	n/a	n/a	STATUS	n/a	n/a	DIN5
807.3720000000	n/a	n/a	STATUS	n/a	n/a	D255
807.7280000000	n/a	n/a	STATUS	n/a	n/a	D177
807.7760000000	n/a	n/a	STATUS	n/a	n/a	D255
807.8160000000	n/a	n/a	STATUS	n/a	n/a	DI51
807.8640000000	n/a	n/a	STATUS	n/a	n/a	D255
808.2280000000	n/a	n/a	STATUS	n/a	n/a	DI31
808.2800000000	n/a	n/a	STATUS	n/a	n/a	D255
808.5360000000	n/a	n/a	STATUS	n/a	n/a	DIN5
808.5880000000	n/a	n/a	STATUS	n/a	n/a	D255
809.0920000000	n/a	n/a	STATUS	n/a	n/a	D153
809.1440000000	n/a	n/a	STATUS	n/a	n/a	D255
809.1800000000	n/a	n/a	STATUS	n/a	n/a	DI52
809.2320000000	n/a	n/a	STATUS	n/a	n/a	D255
809.5640000000	n/a	n/a	STATUS	n/a	n/a	DI42
809.6120000000	n/a	n/a	STATUS	n/a	n/a	D255
809.8720000000	n/a	n/a	STATUS	n/a	n/a	DIN5
809.9240000000	n/a	n/a	STATUS	n/a	n/a	D255
810.4200000000	n/a	n/a	STATUS	n/a	n/a	DI89
810.4720000000	n/a	n/a	STATUS	n/a	n/a	D255
810.5080000000	n/a	n/a	STATUS	n/a	n/a	DI54
810.5600000000	n/a	n/a	STATUS	n/a	n/a	D255
810.7720000000	n/a	n/a	STATUS	n/a	n/a	DI34
810.8240000000	n/a	n/a	STATUS	n/a	n/a	D255
811.0840000000	n/a	n/a	STATUS	n/a	n/a	DIN5
811.1320000000	n/a	n/a	STATUS	n/a	n/a	D255
811.5880000000	n/a	n/a	STATUS	n/a	n/a	DI69
811.6360000000	n/a	n/a	STATUS	n/a	n/a	D255
811.6760000000	n/a	n/a	STATUS	n/a	n/a	DI53
811.7240000000	n/a	n/a	STATUS	n/a	n/a	D255
811.9760000000	n/a	n/a	STATUS	n/a	n/a	DI43
812.0240000000	n/a	n/a	STATUS	n/a	n/a	D255
812.2840000000	n/a	n/a	STATUS	n/a	n/a	DIN5
812.3360000000	n/a	n/a	STATUS	n/a	n/a	D255
812.7120000000	n/a	n/a	STATUS	n/a	n/a	D238
812.7640000000	n/a	n/a	STATUS	n/a	n/a	D255
812.8000000000	n/a	n/a	STATUS	n/a	n/a	DI51
812.8520000000	n/a	n/a	STATUS	n/a	n/a	D255
813.2320000000	n/a	n/a	STATUS	n/a	n/a	DI31
813.2800000000	n/a	n/a	STATUS	n/a	n/a	D255
813.5400000000	n/a	n/a	STATUS	n/a	n/a	DIN5
813.5920000000	n/a	n/a	STATUS	n/a	n/a	D255
813.9200000000	n/a	n/a	STATUS	n/a	n/a	DI66
813.9720000000	n/a	n/a	STATUS	n/a	n/a	D255
814.0080000000	n/a	n/a	STATUS	n/a	n/a	DI53
814.0600000000	n/a	n/a	STATUS	n/a	n/a	D255
814.3400000000	n/a	n/a	STATUS	n/a	n/a	DI43
814.3920000000	n/a	n/a	STATUS	n/a	n/a	D255
814.6480000000	n/a	n/a	STATUS	n/a	n/a	DIN5
814.7000000000	n/a	n/a	STATUS	n/a	n/a	D255
815.1160000000	n/a	n/a	STATUS	n/a	n/a	D185
815.1640000000	n/a	n/a	STATUS	n/a	n/a	D255
815.2040000000	n/a	n/a	STATUS	n/a	n/a	DI54
815.2520000000	n/a	n/a	STATUS	n/a	n/a	D255
815.4640000000	n/a	n/a	STATUS	n/a	n/a	DI34
815.5160000000	n/a	n/a	STATUS	n/a	n/a	D255
815.7760000000	n/a	n/a	STATUS	n/a	n/a	DIN5
815.8240000000	n/a	n/a	STATUS	n/a	n/a	D255
816.1920000000	n/a	n/a	STATUS	n/a	n/a	D111
816.2400000000	n/a	n/a	STATUS	n/a	n/a	D255
816.2760000000	n/a	n/a	STATUS	n/a	n/a	DI54
816.3280000000	n/a	n/a	STATUS	n/a	n/a	D255
816.6720000000	n/a	n/a	STATUS	n/a	n/a	DI34
816.7200000000	n/a	n/a	STATUS	n/a	n/a	D255
816.9800000000	n/a	n/a	STATUS	n/a	n/a	DIN5
817.0320000000	n/a	n/a	STATUS	n/a	n/a	D255
817.5120000000	n/a	n/a	STATUS	n/a	n/a	D190
817.5600000000	n/a	n/a	STATUS	n/a	n/a	D255
817.6000000000	n/a	n/a	STATUS	n/a	n/a	DI52
817.6480000000	n/a	n/a	STATUS	n/a	n/a	D255
818.6720000000	n/a	n/a	STATUS	n/a	n/a	DIN3
818.7240000000	n/a	n/a	STATUS	n/a	n/a	D255
819.4760000000	n/a	n/a	STATUS	n/a	n/a	DIN5
819.5280000000	n/a	n/a	STATUS	n/a	n/a	D255
819.9840000000	n/a	n/a	STATUS	n/a	n/a	D178
820.0320000000	n/a	n/a	STATUS	n/a	n/a	D255
820.0680000000	n/a	n/a	STATUS	n/a	n/a	DI54
820.1200000000	n/a	n/a	STATUS	n/a	n/a	D255
820.3760000000	n/a	n/a	STATUS	n/a	n/a	DI34
820.4280000000	n/a	n/a	STATUS	n/a	n/a	D255
820.6880000000	n/a	n/a	STATUS	n/a	n/a	DIN5
820.7360000000	n/a	n/a	STATUS	n/a	n/a	D255
821.0720000000	n/a	n/a	STATUS	n/a	n/a	D201
821.1200000000	n/a	n/a	STATUS	n/a	n/a	D255
821.1600000000	n/a	n/a	STATUS	n/a	n/a	DI51
821.2080000000	n/a	n/a	STATUS	n/a	n/a	D255
821.6560000000	n/a	n/a	STATUS	n/a	n/a	DI31
821.7040000000	n/a	n/a	STATUS	n/a	n/a	D255
821.9640000000	n/a	n/a	STATUS	n/a	n/a	DIN5
822.0120000000	n/a	n/a	STATUS	n/a	n/a	D255
822.4520000000	n/a	n/a	STATUS	n/a	n/a	D130
822.5040000000	n/a	n/a	STATUS	n/a	n/a	D255
822.5400000000	n/a	n/a	STATUS	n/a	n/a	DI54
822.5920000000	n/a	n/a	STATUS	n/a	n/a	D255
822.8960000000	n/a	n/a	STATUS	n/a	n/a	DI34
822.9480000000	n/a	n/a	STATUS	n/a	n/a	D255
823.2080000000	n/a	n/a	STATUS	n/a	n/a	DIN5
823.2560000000	n/a	n/a	STATUS	n/a	n/a	D255
823.6920000000	n/a	n/a	STATUS	n/a	n/a	D194
823.7440000000	n/a	n/a	STATUS	n/a	n/a	D255
823.7800000000	n/a	n/a	STATUS	n/a	n/a	DI53
823.8320000000	n/a	n/a	STATUS	n/a	n/a	D255
824.1360000000	n/a	n/a	STATUS	n/a	n/a	DI43
824.1880000000	n/a	n/a	STATUS	n/a	n/a	D255
824.4480000000	n/a	n/a	STATUS	n/a	n/a	DIN5
824.4960000000	n/a	n/a	STATUS	n/a	n/a	D255
824.8280000000	n/a	n/a	STATUS	n/a	n/a	D195
824.8760000000	n/a	n/a	STATUS	n/a	n/a	D255
824.9120000000	n/a	n/a	STATUS	n/a	n/a	DI52
824.9640000000	n/a	n/a	STATUS	n/a	n/a	D255
825.3880000000	n/a	n/a	STATUS	n/a	n/a	DI42
825.4360000000	n/a	n/a	STATUS	n/a	n/a	D255
825.6960000000	n/a	n/a	STATUS	n/a	n/a	DIN5
825.7440000000	n/a	n/a	STATUS	n/a	n/a	D255
826.2440000000	n/a	n/a	STATUS	n/a	n/a	D188
826.2960000000	n/a	n/a	STATUS	n/a	n/a	D255
826.3320000000	n/a	n/a	STATUS	n/a	n/a	DI54
826.3840000000	n/a	n/a	STATUS	n/a	n/a	D255
826.6560000000	n/a	n/a	STATUS	n/a	n/a	DI34
826.7040000000	n/a	n/a	STATUS	n/a	n/a	D255
826.9640000000	n/a	n/a	STATUS	n/a	n/a	DIN5
827.0160000000	n/a	n/a	STATUS	n/a	n/a	D255
827.3360000000	n/a	n/a	STATUS	n/a	n/a	D106
827.3840000000	n/a	n/a	STATUS	n/a	n/a	D255
827.4240000000	n/a	n/a	STATUS	n/a	n/a	DI54
827.4720000000	n/a	n/a	STATUS	n/a	n/a	D255
827.7840000000	n/a	n/a	STATUS	n/a	n/a	DI34
827.8360000000	n/a	n/a	STATUS	n/a	n/a	D255
828.0960000000	n/a	n/a	STATUS	n/a	n/a	DIN5
828.1440000000	n/a	n/a	STATUS	n/a	n/a	D255
828.6240000000	n/a	n/a	STATUS	n/a	n/a	D157
828.6760000000	n/a	n/a	STATUS	n/a	n/a	D255
828.7120000000	n/a	n/a	STATUS	n/a	n/a	DI51
828.7640000000	n/a	n/a	STATUS	n/a	n/a	D255
829.0240000000	n/a	n/a	STATUS	n/a	n/a	DI21
829.0760000000	n/a	n/a	STATUS	n/a	n/a	D255
829.0800000000	n/a	n/a	STATUS	n/a	n/a	DIN4
829.1280000000	n/a	n/a	STATUS	n/a	n/a	D255
829.8840000000	n/a	n/a	STATUS	n/a	n/a	DIN5
829.9360000000	n/a	n/a	STATUS	n/a	n/a	D255
830.2880000000	n/a	n/a	STATUS	n/a	n/a	D235
830.3400000000	n/a	n/a	STATUS	n/a	n/a	D255
830.3760000000	n/a	n/a	STATUS	n/a	n/a	DI52
830.4280000000	n/a	n/a	STATUS	n/a	n/a	D255
830.9520000000	n/a	n/a	STATUS	n/a	n/a	DI42
831.0000000000	n/a	n/a	STATUS	n/a	n/a	D255
831.2600000000	n/a	n/a	STATUS	n/a	n/a	DIN5
831.3080000000	n/a	n/a	STATUS	n/a	n/a	D255
831.7480000000	n/a	n/a	STATUS	n/a	n/a	D230
831.8000000000	n/a	n/a	STATUS	n/a	n/a	D255
831.8360000000	n/a	n/a	STATUS	n/a	n/a	DI52
831.8880000000	n/a	n/a	STATUS	n/a	n/a	D255
832.3160000000	n/a	n/a	STATUS	n/a	n/a	DI42
832.3680000000	n/a	n/a	STATUS	n/a	n/a	D255
832.6280000000	n/a	n/a	STATUS	n/a	n/a	DIN5
832.6760000000	n/a	n/a	STATUS	n/a	n/a	D255
833.0720000000	n/a	n/a	STATUS	n/a	n/a	D243
833.1200000000	n/a	n/a	STATUS	n/a	n/a	D255
833.1600000000	n/a	n/a	STATUS	n/a	n/a	DI54
833.2080000000	n/a	n/a	STATUS	n/a	n/a	D255
833.5920000000	n/a	n/a	STATUS	n/a	n/a	DI34
833.6440000000	n/a	n/a	STATUS	n/a	n/a	D255
833.9040000000	n/a	n/a	STATUS	n/a	n/a	DIN5
833.9520000000	n/a	n/a	STATUS	n/a	n/a	D255
834.4280000000	n/a	n/a	STATUS	n/a	n/a	DI90
834.4760000000	n/a	n/a	STATUS	n/a	n/a	D255
834.5160000000	n/a	n/a	STATUS	n/a	n/a	DI54
834.5680000000	n/a	n/a	STATUS	n/a	n/a	D255
834.8920000000	n/a	n/a	STATUS	n/a	n/a	DI34
834.9400000000	n/a	n/a	STATUS	n/a	n/a	D255
835.2000000000	n/a	n/a	STATUS	n/a	n/a	DIN5
835.2520000000	n/a	n/a	STATUS	n/a	n/a	D255
835.5600000000	n/a	n/a	STATUS	n/a	n/a	D156
835.6120000000	n/a	n/a	STATUS	n/a	n/a	D255
835.6480000000	n/a	n/a	STATUS	n/a	n/a	DI51
835.7000000000	n/a	n/a	STATUS	n/a	n/a	D255
835.9480000000	n/a	n/a	STATUS	n/a	n/a	DI21
836.0000000000	n/a	n/a	STATUS	n/a	n/a	D255
836.0040000000	n/a	n/a	STATUS	n/a	n/a	DIN4
836.0560000000	n/a	n/a	STATUS	n/a	n/a	D255
836.8080000000	n/a	n/a	STATUS	n/a	n/a	DIN5
836.8600000000	n/a	n/a	STATUS	n/a	n/a	D255
837.1840000000	n/a	n/a	STATUS	n/a	n/a	D226
837.2360000000	n/a	n/a	STATUS	n/a	n/a	D255
837.2720000000	n/a	n/a	STATUS	n/a	n/a	DI53
837.3200000000	n/a	n/a	STATUS	n/a	n/a	D255
837.6600000000	n/a	n/a	STATUS	n/a	n/a	DI43
837.7080000000	n/a	n/a	STATUS	n/a	n/a	D255
837.9680000000	n/a	n/a	STATUS	n/a	n/a	DIN5
838.0200000000	n/a	n/a	STATUS	n/a	n/a	D255
838.5240000000	n/a	n/a	STATUS	n/a	n/a	D189
838.5720000000	n/a	n/a	STATUS	n/a	n/a	D255
838.6120000000	n/a	n/a	STATUS	n/a	n/a	DI51
838.6600000000	n/a	n/a	STATUS	n/a	n/a	D255
839.0560000000	n/a	n/a	STATUS	n/a	n/a	DI31
839.1080000000	n/a	n/a	STATUS	n/a	n/a	D255
839.3640000000	n/a	n/a	STATUS	n/a	n/a	DIN5
839.4160000000	n/a	n/a	STATUS	n/a	n/a	D255
839.8800000000	n/a	n/a	STATUS	n/a	n/a	D164
839.9320000000	n/a	n/a	STATUS	n/a	n/a	D255
839.9680000000	n/a	n/a	STATUS	n/a	n/a	DI53
840.0200000000	n/a	n/a	STATUS	n/a	n/a	D255
840.3920000000	n/a	n/a	STATUS	n/a	n/a	DI43
840.4400000000	n/a	n/a	STATUS	n/a	n/a	D255
840.7000000000	n/a	n/a	STATUS	n/a	n/a	DIN5
840.7520000000	n/a	n/a	STATUS	n/a	n/a	D255
841.1800000000	n/a	n/a	STATUS	n/a	n/a	D109
841.2320000000	n/a	n/a	STATUS	n/a	n/a	D255
841.2680000000	n/a	n/a	STATUS	n/a	n/a	DI52
841.3200000000	n/a	n/a	STATUS	n/a	n/a	D255
841.8120000000	n/a	n/a	STATUS	n/a	n/a	DI42
841.8640000000	n/a	n/a	STATUS	n/a	n/a	D255
842.1200000000	n/a	n/a	STATUS	n/a	n/a	DIN5
842.1720000000	n/a	n/a	STATUS	n/a	n/a	D255
842.6280000000	n/a	n/a	STATUS	n/a	n/a	D139
842.6760000000	n/a	n/a	STATUS	n/a	n/a	D255
842.7160000000	n/a	n/a	STATUS	n/a	n/a	DI51
842.7640000000	n/a	n/a	STATUS	n/a	n/a	D255
843.1600000000	n/a	n/a	STATUS	n/a	n/a	DI31
843.2120000000	n/a	n/a	STATUS	n/a	n/a	D255
843.4680000000	n/a	n/a	STATUS	n/a	n/a	DIN5
843.5200000000	n/a	n/a	STATUS	n/a	n/a	D255
843.8400000000	n/a	n/a	STATUS	n/a	n/a	D118
843.8880000000	n/a	n/a	STATUS	n/a	n/a	D255
843.9280000000	n/a	n/a	STATUS	n/a	n/a	DI52
843.9760000000	n/a	n/a	STATUS	n/a	n/a	D255
844.3160000000	n/a	n/a	STATUS	n/a	n/a	DI42
844.3680000000	n/a	n/a	STATUS	n/a	n/a	D255
844.6280000000	n/a	n/a	STATUS	n/a	n/a	DIN5
844.6760000000	n/a	n/a	STATUS	n/a	n/a	D255
845.1760000000	n/a	n/a	STATUS	n/a	n/a	D166
845.2280000000	n/a	n/a	STATUS	n/a	n/a	D255
845.2640000000	n/a	n/a	STATUS	n/a	n/a	DI53
845.3160000000	n/a	n/a	STATUS	n/a	n/a	D255
845.6040000000	n/a	n/a	STATUS	n/a	n/a	DI43
845.6520000000	n/a	n/a	STATUS	n/a	n/a	D255
845.9120000000	n/a	n/a	STATUS	n/a	n/a	DIN5
845.9600000000	n/a	n/a	STATUS	n/a	n/a	D255
846.3120000000	n/a	n/a	STATUS	n/a	n/a	D113
846.3600000000	n/a	n/a	STATUS	n/a	n/a	D255
846.4000000000	n/a	n/a	STATUS	n/a	n/a	DI52
846.4480000000	n/a	n/a	STATUS	n/a	n/a	D255
846.9280000000	n/a	n/a	STATUS	n/a	n/a	DI42
846.9760000000	n/a	n/a	STATUS	n/a	n/a	D255
847.2360000000	n/a	n/a	STATUS	n/a	n/a	DIN5
847.2880000000	n/a	n/a	STATUS	n/a	n/a	D255
847.7600000000	n/a	n/a	STATUS	n/a	n/a	D223
847.8120000000	n/a	n/a	STATUS	n/a	n/a	D255
847.8480000000	n/a	n/a	STATUS	n/a	n/a	DI51
847.9000000000	n/a	n/a	STATUS	n/a	n/a	D255
848.3600000000	n/a	n/a	STATUS	n/a	n/a	DI31
848.4120000000	n/a	n/a	STATUS	n/a	n/a	D255
848.6680000000	n/a	n/a	STATUS	n/a	n/a	DIN5
848.7200000000	n/a	n/a	STATUS	n/a	n/a	D255
849.0560000000	n/a	n/a	STATUS	n/a	n/a	D151
849.1040000000	n/a	n/a	STATUS	n/a	n/a	D255
849.1440000000	n/a	n/a	STATUS	n/a	n/a	DI51
849.1920000000	n/a	n/a	STATUS	n/a	n/a	D255
849.5640000000	n/a	n/a	STATUS	n/a	n/a	DI31
849.6120000000	n/a	n/a	STATUS	n/a	n/a	D255
849.8720000000	n/a	n/a	STATUS	n/a	n/a	DIN5
849.9240000000	n/a	n/a	STATUS	n/a	n/a	D255
850.4160000000	n/a	n/a	STATUS	n/a	n/a	D187
850.4680000000	n/a	n/a	STATUS	n/a	n/a	D255
850.5040000000	n/a	n/a	STATUS	n/a	n/a	DI52
850.5520000000	n/a	n/a	STATUS	n/a	n/a	D255
850.9320000000	n/a	n/a	STATUS	n/a	n/a	DI42
850.9800000000	n/a	n/a	STATUS	n/a	n/a	D255
851.2400000000	n/a	n/a	STATUS	n/a	n/a	DIN5
851.2920000000	n/a	n/a	STATUS	n/a	n/a	D255
851.7760000000	n/a	n/a	STATUS	n/a	n/a	D218
851.8280000000	n/a	n/a	STATUS	n/a	n/a	D255
851.8640000000	n/a	n/a	STATUS	n/a	n/a	DI53
851.9160000000	n/a	n/a	STATUS	n/a	n/a	D255
852.1800000000	n/a	n/a	STATUS	n/a	n/a	DI43
852.2320000000	n/a	n/a	STATUS	n/a	n/a	D255
852.4880000000	n/a	n/a	STATUS	n/a	n/a	DIN5
852.5400000000	n/a	n/a	STATUS	n/a	n/a	D255
852.9840000000	n/a	n/a	STATUS	n/a	n/a	D132
853.0360000000	n/a	n/a	STATUS	n/a	n/a	D255
853.0720000000	n/a	n/a	STATUS	n/a	n/a	DI53
853.1240000000	n/a	n/a	STATUS	n/a	n/a	D255
853.3640000000	n/a	n/a	STATUS	n/a	n/a	DI43
853.4160000000	n/a	n/a	STATUS	n/a	n/a	D255
853.6720000000	n/a	n/a	STATUS	n/a	n/a	DIN5
853.7240000000	n/a	n/a	STATUS	n/a	n/a	D255
854.0480000000	n/a	n/a	STATUS	n/a	n/a	D183
854.1000000000	n/a	n/a	STATUS	n/a	n/a	D255
854.1360000000	n/a	n/a	STATUS	n/a	n/a	DI53
854.1880000000	n/a	n/a	STATUS	n/a	n/a	D255
854.4760000000	n/a	n/a	STATUS	n/a	n/a	DI43
854.5280000000	n/a	n/a	STATUS	n/a	n/a	D255
854.7880000000	n/a	n/a	STATUS	n/a	n/a	DIN5
854.8360000000	n/a	n/a	STATUS	n/a	n/a	D255
855.2120000000	n/a	n/a	STATUS	n/a	n/a	D159
855.2640000000	n/a	n/a	STATUS	n/a	n/a	D255
855.3000000000	n/a	n/a	STATUS	n/a	n/a	DI53
855.3480000000	n/a	n/a	STATUS	n/a	n/a	D255
855.6280000000	n/a	n/a	STATUS	n/a	n/a	DI43
855.6760000000	n/a	n/a	STATUS	n/a	n/a	D255
855.9360000000	n/a	n/a	STATUS	n/a	n/a	DIN5
855.9880000000	n/a	n/a	STATUS	n/a	n/a	D255
856.3320000000	n/a	n/a	STATUS	n/a	n/a	DI77
856.3800000000	n/a	n/a	STATUS	n/a	n/a	D255
856.4200000000	n/a	n/a	STATUS	n/a	n/a	DI54
856.4680000000	n/a	n/a	STATUS	n/a	n/a	D255
856.7440000000	n/a	n/a	STATUS	n/a	n/a	DI34
856.7960000000	n/a	n/a	STATUS	n/a	n/a	D255
857.0560000000	n/a	n/a	STATUS	n/a	n/a	DIN5
857.1040000000	n/a	n/a	STATUS	n/a	n/a	D255
857.6040000000	n/a	n/a	STATUS	n/a	n/a	DI72
857.6560000000	n/a	n/a	STATUS	n/a	n/a	D255
857.6920000000	n/a	n/a	STATUS	n/a	n/a	DI51
857.7440000000	n/a	n/a	STATUS	n/a	n/a	D255
858.1280000000	n/a	n/a	STATUS	n/a	n/a	DI31
858.1800000000	n/a	n/a	STATUS	n/a	n/a	D255
858.4360000000	n/a	n/a	STATUS	n/a	n/a	DIN5
858.4880000000	n/a	n/a	STATUS	n/a	n/a	D255
858.7960000000	n/a	n/a	STATUS	n/a	n/a	DI68
858.8480000000	n/a	n/a	STATUS	n/a	n/a	D255
858.8840000000	n/a	n/a	STATUS	n/a	n/a	DI51
858.9360000000	n/a	n/a	STATUS	n/a	n/a	D255
859.1560000000	n/a	n/a	STATUS	n/a	n/a	DI21
859.2080000000	n/a	n/a	STATUS	n/a	n/a	D255
859.2120000000	n/a	n/a	STATUS	n/a	n/a	DIN4
859.2600000000	n/a	n/a	STATUS	n/a	n/a	D255
860.0160000000	n/a	n/a	STATUS	n/a	n/a	DIN5
860.0680000000	n/a	n/a	STATUS	n/a	n/a	D255
860.5600000000	n/a	n/a	STATUS	n/a	n/a	D242
860.6120000000	n/a	n/a	STATUS	n/a	n/a	D255
860.6480000000	n/a	n/a	STATUS	n/a	n/a	DI51
860.6960000000	n/a	n/a	STATUS	n/a	n/a	D255
861.0560000000	n/a	n/a	STATUS	n/a	n/a	DI31
861.1080000000	n/a	n/a	STATUS	n/a	n/a	D255
861.3640000000	n/a	n/a	STATUS	n/a	n/a	DIN5
861.4160000000	n/a	n/a	STATUS	n/a	n/a	D255
861.7640000000	n/a	n/a	STATUS	n/a	n/a	D206
861.8160000000	n/a	n/a	STATUS	n/a	n/a	D255
861.8520000000	n/a	n/a	STATUS	n/a	n/a	DI51
861.9040000000	n/a	n/a	STATUS	n/a	n/a	D255
862.2600000000	n/a	n/a	STATUS	n/a	n/a	DI31
862.3080000000	n/a	n/a	STATUS	n/a	n/a	D255
862.5680000000	n/a	n/a	STATUS	n/a	n/a	DIN5
862.6200000000	n/a	n/a	STATUS	n/a	n/a	D255
862.9560000000	n/a	n/a	STATUS	n/a	n/a	D249
863.0080000000	n/a	n/a	STATUS	n/a	n/a	D255
863.0480000000	n/a	n/a	STATUS	n/a	n/a	DI52
863.0960000000	n/a	n/a	STATUS	n/a	n/a	D255
863.5200000000	n/a	n/a	STATUS	n/a	n/a	DI42
863.5720000000	n/a	n/a	STATUS	n/a	n/a	D255
863.8280000000	n/a	n/a	STATUS	n/a	n/a	DIN5
863.8800000000	n/a	n/a	STATUS	n/a	n/a	D255
864.3640000000	n/a	n/a	STATUS	n/a	n/a	D221
864.4160000000	n/a	n/a	STATUS	n/a	n/a	D255
864.4520000000	n/a	n/a	STATUS	n/a	n/a	DI53
864.5040000000	n/a	n/a	STATUS	n/a	n/a	D255
864.7720000000	n/a	n/a	STATUS	n/a	n/a	DI43
864.8240000000	n/a	n/a	STATUS	n/a	n/a	D255
865.0800000000	n/a	n/a	STATUS	n/a	n/a	DIN5
865.1320000000	n/a	n/a	STATUS	n/a	n/a	D255
865.6200000000	n/a	n/a	STATUS	n/a	n/a	DI97
865.6720000000	n/a	n/a	STATUS	n/a	n/a	D255
865.7080000000	n/a	n/a	STATUS	n/a	n/a	DI52
865.7600000000	n/a	n/a	STATUS	n/a	n/a	D255
866.0400000000	n/a	n/a	STATUS	n/a	n/a	DI42
866.0920000000	n/a	n/a	STATUS	n/a	n/a	D255
866.3520000000	n/a	n/a	STATUS	n/a	n/a	DIN5
866.4000000000	n/a	n/a	STATUS	n/a	n/a	D255
866.7360000000	n/a	n/a	STATUS	n/a	n/a	D149
866.7880000000	n/a	n/a	STATUS	n/a	n/a	D255
866.8240000000	n/a	n/a	STATUS	n/a	n/a	DI52
866.8720000000	n/a	n/a	STATUS	n/a	n/a	D255
867.2240000000	n/a	n/a	STATUS	n/a	n/a	DI42
867.2720000000	n/a	n/a	STATUS	n/a	n/a	D255
867.5320000000	n/a	n/a	STATUS	n/a	n/a	DIN5
867.5840000000	n/a	n/a	STATUS	n/a	n/a	D255
868.0880000000	n/a	n/a	STATUS	n/a	n/a	D186
868.1360000000	n/a	n/a	STATUS	n/a	n/a	D255
868.1760000000	n/a	n/a	STATUS	n/a	n/a	DI54
868.2240000000	n/a	n/a	STATUS	n/a	n/a	D255
868.5640000000	n/a	n/a	STATUS	n/a	n/a	DI34
868.6160000000	n/a	n/a	STATUS	n/a	n/a	D255
868.8760000000	n/a	n/a	STATUS	n/a	n/a	DIN5
868.9240000000	n/a	n/a	STATUS	n/a	n/a	D255
869.2640000000	n/a	n/a	STATUS	n/a	n/a	DI74
869.3160000000	n/a	n/a	STATUS	n/a	n/a	D255
869.3520000000	n/a	n/a	STATUS	n/a	n/a	DI54
869.4040000000	n/a	n/a	STATUS	n/a	n/a	D255
869.7280000000	n/a	n/a	STATUS	n/a	n/a	DI34
869.7800000000	n/a	n/a	STATUS	n/a	n/a	D255
870.0400000000	n/a	n/a	STATUS	n/a	n/a	DIN5
870.0880000000	n/a	n/a	STATUS	n/a	n/a	D255
870.4360000000	n/a	n/a	STATUS	n/a	n/a	D227
870.4880000000	n/a	n/a	STATUS	n/a	n/a	D255
870.5240000000	n/a	n/a	STATUS	n/a	n/a	DI53
870.5760000000	n/a	n/a	STATUS	n/a	n/a	D255
870.8840000000	n/a	n/a	STATUS	n/a	n/a	DI43
870.9360000000	n/a	n/a	STATUS	n/a	n/a	D255
871.1920000000	n/a	n/a	STATUS	n/a	n/a	DIN5
871.2440000000	n/a	n/a	STATUS	n/a	n/a	D255
871.7080000000	n/a	n/a	STATUS	n/a	n/a	D240
871.7600000000	n/a	n/a	STATUS	n/a	n/a	D255
871.7960000000	n/a	n/a	STATUS	n/a	n/a	DI51
871.8440000000	n/a	n/a	STATUS	n/a	n/a	D255
872.8680000000	n/a	n/a	STATUS	n/a	n/a	DIN3
872.9160000000	n/a	n/a	STATUS	n/a	n/a	D255
873.6720000000	n/a	n/a	STATUS	n/a	n/a	DIN5
873.7240000000	n/a	n/a	STATUS	n/a	n/a	D255
874.1560000000	n/a	n/a	STATUS	n/a	n/a	D160
874.2080000000	n/a	n/a	STATUS	n/a	n/a	D255
874.2440000000	n/a	n/a	STATUS	n/a	n/a	DI54
874.2960000000	n/a	n/a	STATUS	n/a	n/a	D255
874.5720000000	n/a	n/a	STATUS	n/a	n/a	DI34
874.6240000000	n/a	n/a	STATUS	n/a	n/a	D255
874.8840000000	n/a	n/a	STATUS	n/a	n/a	DIN5
874.9320000000	n/a	n/a	STATUS	n/a	n/a	D255
875.3280000000	n/a	n/a	STATUS	n/a	n/a	DI79
875.3800000000	n/a	n/a	STATUS	n/a	n/a	D255
875.4160000000	n/a	n/a	STATUS	n/a	n/a	DI53
875.4640000000	n/a	n/a	STATUS	n/a	n/a	D255
875.7440000000	n/a	n/a	STATUS	n/a	n/a	DI43
875.7920000000	n/a	n/a	STATUS	n/a	n/a	D255
876.0520000000	n/a	n/a	STATUS	n/a	n/a	DIN5
876.1040000000	n/a	n/a	STATUS	n/a	n/a	D255
876.4680000000	n/a	n/a	STATUS	n/a	n/a	D112
876.5200000000	n/a	n/a	STATUS	n/a	n/a	D255
876.5560000000	n/a	n/a	STATUS	n/a	n/a	DI51
876.6080000000	n/a	n/a	STATUS	n/a	n/a	D255
877.0480000000	n/a	n/a	STATUS	n/a	n/a	DI31
877.1000000000	n/a	n/a	STATUS	n/a	n/a	D255
877.3560000000	n/a	n/a	STATUS	n/a	n/a	DIN5
877.4080000000	n/a	n/a	STATUS	n/a	n/a	D255
877.7760000000	n/a	n/a	STATUS	n/a	n/a	D199
877.8280000000	n/a	n/a	STATUS	n/a	n/a	D255
877.8640000000	n/a	n/a	STATUS	n/a	n/a	DI52
877.9160000000	n/a	n/a	STATUS	n/a	n/a	D255
878.3040000000	n/a	n/a	STATUS	n/a	n/a	DI42
878.3560000000	n/a	n/a	STATUS	n/a	n/a	D255
878.6160000000	n/a	n/a	STATUS	n/a	n/a	DIN5
878.6640000000	n/a	n/a	STATUS	n/a	n/a	D255
879.0160000000	n/a	n/a	STATUS	n/a	n/a	D115
879.0640000000	n/a	n/a	STATUS	n/a	n/a	D255
879.1040000000	n/a	n/a	STATUS	n/a	n/a	DI54
879.1520000000	n/a	n/a	STATUS	n/a	n/a	D255
879.4840000000	n/a	n/a	STATUS	n/a	n/a	DI34
879.5320000000	n/a	n/a	STATUS	n/a	n/a	D255
879.7920000000	n/a	n/a	STATUS	n/a	n/a	DIN5
879.8440000000	n/a	n/a	STATUS	n/a	n/a	D255
880.2880000000	n/a	n/a	STATUS	n/a	n/a	DI91
880.3360000000	n/a	n/a	STATUS	n/a	n/a	D255
880.3760000000	n/a	n/a	STATUS	n/a	n/a	DI51
880.4240000000	n/a	n/a	STATUS	n/a	n/a	D255
880.7800000000	n/a	n/a	STATUS	n/a	n/a	DI31
880.8320000000	n/a	n/a	STATUS	n/a	n/a	D255
881.0920000000	n/a	n/a	STATUS	n/a	n/a	DIN5
881.1400000000	n/a	n/a	STATUS	n/a	n/a	D255
881.5200000000	n/a	n/a	STATUS	n/a	n/a	D245
881.5720000000	n/a	n/a	STATUS	n/a	n/a	D255
881.6080000000	n/a	n/a	STATUS	n/a	n/a	DI52
881.6600000000	n/a	n/a	STATUS	n/a	n/a	D255
882.0280000000	n/a	n/a	STATUS	n/a	n/a	DI42
882.0800000000	n/a	n/a	STATUS	n/a	n/a	D255
882.3400000000	n/a	n/a	STATUS	n/a	n/a	DIN5
882.3880000000	n/a	n/a	STATUS	n/a	n/a	D255
882.7840000000	n/a	n/a	STATUS	n/a	n/a	DI83
882.8320000000	n/a	n/a	STATUS	n/a	n/a	D255
882.8720000000	n/a	n/a	STATUS	n/a	n/a	DI54
882.9200000000	n/a	n/a	STATUS	n/a	n/a	D255
883.1600000000	n/a	n/a	STATUS	n/a	n/a	DI34
883.2120000000	n/a	n/a	STATUS	n/a	n/a	D255
883.4720000000	n/a	n/a	STATUS	n/a	n/a	DIN5
883.5200000000	n/a	n/a	STATUS	n/a	n/a	D255
883.9360000000	n/a	n/a	STATUS	n/a	n/a	D154
883.9840000000	n/a	n/a	STATUS	n/a	n/a	D255
884.0240000000	n/a	n/a	STATUS	n/a	n/a	DI52
884.0720000000	n/a	n/a	STATUS	n/a	n/a	D255
884.4280000000	n/a	n/a	STATUS	n/a	n/a	DI42
884.4800000000	n/a	n/a	STATUS	n/a	n/a	D255
884.7400000000	n/a	n/a	STATUS	n/a	n/a	DIN5
884.7880000000	n/a	n/a	STATUS	n/a	n/a	D255
885.2000000000	n/a	n/a	STATUS	n/a	n/a	DI99
885.2520000000	n/a	n/a	STATUS	n/a	n/a	D255
885.2880000000	n/a	n/a	STATUS	n/a	n/a	DI54
885.3400000000	n/a	n/a	STATUS	n/a	n/a	D255
885.6240000000	n/a	n/a	STATUS	n/a	n/a	DI34
885.6760000000	n/a	n/a	STATUS	n/a	n/a	D255
885.9320000000	n/a	n/a	STATUS	n/a	n/a	DIN5
885.9840000000	n/a	n/a	STATUS	n/a	n/a	D255
886.3000000000	n/a	n/a	STATUS	n/a	n/a	D133
886.3480000000	n/a	n/a	STATUS	n/a	n/a	D255
886.3880000000	n/a	n/a	STATUS	n/a	n/a	DI52
886.4360000000	n/a	n/a	STATUS	n/a	n/a	D255
886.7200000000	n/a	n/a	STATUS	n/a	n/a	DI42
886.7680000000	n/a	n/a	STATUS	n/a	n/a	D255
887.0280000000	n/a	n/a	STATUS	n/a	n/a	DIN5
887.0800000000	n/a	n/a	STATUS	n/a	n/a	D255
887.4640000000	n/a	n/a	STATUS	n/a	n/a	D141
887.5120000000	n/a	n/a	STATUS	n/a	n/a	D255
887.5520000000	n/a	n/a	STATUS	n/a	n/a	DI51
887.6000000000	n/a	n/a	STATUS	n/a	n/a	D255
888.0600000000	n/a	n/a	STATUS	n/a	n/a	DI31
888.1120000000	n/a	n/a	STATUS	n/a	n/a	D255
888.3680000000	n/a	n/a	STATUS	n/a	n/a	DIN5
888.4200000000	n/a	n/a	STATUS	n/a	n/a	D255
888.8640000000	n/a	n/a	STATUS	n/a	n/a	D104
888.9160000000	n/a	n/a	STATUS	n/a	n/a	D255
888.9520000000	n/a	n/a	STATUS	n/a	n/a	DI51
889.0000000000	n/a	n/a	STATUS	n/a	n/a	D255
889.4440000000	n/a	n/a	STATUS	n/a	n/a	DI31
889.4920000000	n/a	n/a	STATUS	n/a	n/a	D255
889.7520000000	n/a	n/a	STATUS	n/a	n/a	DIN5
889.8040000000	n/a	n/a	STATUS	n/a	n/a	D255
890.2920000000	n/a	n/a	STATUS	n/a	n/a	D214
890.3400000000	n/a	n/a	STATUS	n/a	n/a	D255
890.3800000000	n/a	n/a	STATUS	n/a	n/a	DI54
890.4280000000	n/a	n/a	STATUS	n/a	n/a	D255
890.7800000000	n/a	n/a	STATUS	n/a	n/a	DI34
890.8280000000	n/a	n/a	STATUS	n/a	n/a	D255
891.0880000000	n/a	n/a	STATUS	n/a	n/a	DIN5
891.1360000000	n/a	n/a	STATUS	n/a	n/a	D255
891.6440000000	n/a	n/a	STATUS	n/a	n/a	D123
891.6920000000	n/a	n/a	STATUS	n/a	n/a	D255
891.7320000000	n/a	n/a	STATUS	n/a	n/a	DI52
891.7800000000	n/a	n/a	STATUS	n/a	n/a	D255
892.1080000000	n/a	n/a	STATUS	n/a	n/a	DI42
892.1600000000	n/a	n/a	STATUS	n/a	n/a	D255
892.4160000000	n/a	n/a	STATUS	n/a	n/a	DIN5
892.4680000000	n/a	n/a	STATUS	n/a	n/a	D255
892.8880000000	n/a	n/a	STATUS	n/a	n/a	D232
892.9360000000	n/a	n/a	STATUS	n/a	n/a	D255
892.9760000000	n/a	n/a	STATUS	n/a	n/a	DI54
893.0240000000	n/a	n/a	STATUS	n/a	n/a	D255
893.2960000000	n/a	n/a	STATUS	n/a	n/a	DI34
893.3480000000	n/a	n/a	STATUS	n/a	n/a	D255
893.6080000000	n/a	n/a	STATUS	n/a	n/a	DIN5
893.6560000000	n/a	n/a	STATUS	n/a	n/a	D255
894.0920000000	n/a	n/a	STATUS	n/a	n/a	D165
894.1440000000	n/a	n/a	STATUS	n/a	n/a	D255
894.1800000000	n/a	n/a	STATUS	n/a	n/a	DI54
894.2280000000	n/a	n/a	STATUS	n/a	n/a	D255
894.5600000000	n/a	n/a	STATUS	n/a	n/a	DI34
894.6080000000	n/a	n/a	STATUS	n/a	n/a	D255
917.6440000000	n/a	n/a	STATUS	n/a	n/a	DIN5
917.6960000000	n/a	n/a	STATUS	n/a	n/a	D255
918.1240000000	n/a	n/a	STATUS	n/a	n/a	D136
918.1760000000	n/a	n/a	STATUS	n/a	n/a	D255
918.2120000000	n/a	n/a	STATUS	n/a	n/a	DI52
918.2640000000	n/a	n/a	STATUS	n/a	n/a	D255
918.5240000000	n/a	n/a	STATUS	n/a	n/a	DI12
918.5760000000	n/a	n/a	STATUS	n/a	n/a	D255
918.5800000000	n/a	n/a	STATUS	n/a	n/a	DIN4
918.6320000000	n/a	n/a	STATUS	n/a	n/a	D255
919.3840000000	n/a	n/a	STATUS	n/a	n/a	DIN5
919.4360000000	n/a	n/a	STATUS	n/a	n/a	D255
919.8480000000	n/a	n/a	STATUS	n/a	n/a	D228
919.9000000000	n/a	n/a	STATUS	n/a	n/a	D255
919.9400000000	n/a	n/a	STATUS	n/a	n/a	DI52
919.9880000000	n/a	n/a	STATUS	n/a	n/a	D255
920.4800000000	n/a	n/a	STATUS	n/a	n/a	DI42
920.5320000000	n/a	n/a	STATUS	n/a	n/a	D255
920.7880000000	n/a	n/a	STATUS	n/a	n/a	DIN5
920.8400000000	n/a	n/a	STATUS	n/a	n/a	D255
921.2720000000	n/a	n/a	STATUS	n/a	n/a	DI96
921.3240000000	n/a	n/a	STATUS	n/a	n/a	D255
921.3640000000	n/a	n/a	STATUS	n/a	n/a	DI53
921.4120000000	n/a	n/a	STATUS	n/a	n/a	D255
921.6640000000	n/a	n/a	STATUS	n/a	n/a	DI43
921.7160000000	n/a	n/a	STATUS	n/a	n/a	D255
921.9720000000	n/a	n/a	STATUS	n/a	n/a	DIN5
922.0240000000	n/a	n/a	STATUS	n/a	n/a	D255
922.4240000000	n/a	n/a	STATUS	n/a	n/a	D219
922.4720000000	n/a	n/a	STATUS	n/a	n/a	D255
922.5120000000	n/a	n/a	STATUS	n/a	n/a	DI53
922.5600000000	n/a	n/a	STATUS	n/a	n/a	D255
922.8360000000	n/a	n/a	STATUS	n/a	n/a	DI43
922.8840000000	n/a	n/a	STATUS	n/a	n/a	D255
923.1440000000	n/a	n/a	STATUS	n/a	n/a	DIN5
923.1960000000	n/a	n/a	STATUS	n/a	n/a	D255
923.5240000000	n/a	n/a	STATUS	n/a	n/a	D151
923.5760000000	n/a	n/a	STATUS	n/a	n/a	D255
923.6120000000	n/a	n/a	STATUS	n/a	n/a	DI53
923.6600000000	n/a	n/a	STATUS	n/a	n/a	D255
923.9080000000	n/a	n/a	STATUS	n/a	n/a	DI43
923.9600000000	n/a	n/a	STATUS	n/a	n/a	D255
924.2200000000	n/a	n/a	STATUS	n/a	n/a	DIN5
924.2680000000	n/a	n/a	STATUS	n/a	n/a	D255
924.6440000000	n/a	n/a	STATUS	n/a	n/a	D222
924.6920000000	n/a	n/a	STATUS	n/a	n/a	D255
924.7320000000	n/a	n/a	STATUS	n/a	n/a	DI51
924.7800000000	n/a	n/a	STATUS	n/a	n/a	D255
925.1640000000	n/a	n/a	STATUS	n/a	n/a	DI31
925.2120000000	n/a	n/a	STATUS	n/a	n/a	D255
925.4720000000	n/a	n/a	STATUS	n/a	n/a	DIN5
925.5200000000	n/a	n/a	STATUS	n/a	n/a	D255
926.0000000000	n/a	n/a	STATUS	n/a	n/a	D117
926.0520000000	n/a	n/a	STATUS	n/a	n/a	D255
926.0880000000	n/a	n/a	STATUS	n/a	n/a	DI54
926.1400000000	n/a	n/a	STATUS	n/a	n/a	D255
926.3920000000	n/a	n/a	STATUS	n/a	n/a	DI34
926.4400000000	n/a	n/a	STATUS	n/a	n/a	D255
926.7000000000	n/a	n/a	STATUS	n/a	n/a	DIN5
926.7520000000	n/a	n/a	STATUS	n/a	n/a	D255
927.1000000000	n/a	n/a	STATUS	n/a	n/a	D169
927.1480000000	n/a	n/a	STATUS	n/a	n/a	D255
927.1880000000	n/a	n/a	STATUS	n/a	n/a	DI51
927.2360000000	n/a	n/a	STATUS	n/a	n/a	D255
927.5520000000	n/a	n/a	STATUS	n/a	n/a	DI31
927.6000000000	n/a	n/a	STATUS	n/a	n/a	D255
927.8600000000	n/a	n/a	STATUS	n/a	n/a	DIN5
927.9120000000	n/a	n/a	STATUS	n/a	n/a	D255
928.2880000000	n/a	n/a	STATUS	n/a	n/a	D177
928.3400000000	n/a	n/a	STATUS	n/a	n/a	D255
928.3760000000	n/a	n/a	STATUS	n/a	n/a	DI53
928.4280000000	n/a	n/a	STATUS	n/a	n/a	D255
928.7320000000	n/a	n/a	STATUS	n/a	n/a	DI43
928.7840000000	n/a	n/a	STATUS	n/a	n/a	D255
929.0440000000	n/a	n/a	STATUS	n/a	n/a	DIN5
929.0920000000	n/a	n/a	STATUS	n/a	n/a	D255
929.4200000000	n/a	n/a	STATUS	n/a	n/a	D147
929.4720000000	n/a	n/a	STATUS	n/a	n/a	D255
929.5080000000	n/a	n/a	STATUS	n/a	n/a	DI53
929.5600000000	n/a	n/a	STATUS	n/a	n/a	D255
929.8320000000	n/a	n/a	STATUS	n/a	n/a	DI43
929.8840000000	n/a	n/a	STATUS	n/a	n/a	D255
930.1400000000	n/a	n/a	STATUS	n/a	n/a	DIN5
930.1920000000	n/a	n/a	STATUS	n/a	n/a	D255
930.5800000000	n/a	n/a	STATUS	n/a	n/a	D218
930.6320000000	n/a	n/a	STATUS	n/a	n/a	D255
930.6680000000	n/a	n/a	STATUS	n/a	n/a	DI53
930.7200000000	n/a	n/a	STATUS	n/a	n/a	D255
930.9880000000	n/a	n/a	STATUS	n/a	n/a	DI43
931.0400000000	n/a	n/a	STATUS	n/a	n/a	D255
931.2960000000	n/a	n/a	STATUS	n/a	n/a	DIN5
931.3480000000	n/a	n/a	STATUS	n/a	n/a	D255
931.7320000000	n/a	n/a	STATUS	n/a	n/a	D181
931.7840000000	n/a	n/a	STATUS	n/a	n/a	D255
931.8200000000	n/a	n/a	STATUS	n/a	n/a	DI51
931.8720000000	n/a	n/a	STATUS	n/a	n/a	D255
932.2200000000	n/a	n/a	STATUS	n/a	n/a	DI31
932.2720000000	n/a	n/a	STATUS	n/a	n/a	D255
932.5320000000	n/a	n/a	STATUS	n/a	n/a	DIN5
932.5800000000	n/a	n/a	STATUS	n/a	n/a	D255
933.0680000000	n/a	n/a	STATUS	n/a	n/a	D105
933.1160000000	n/a	n/a	STATUS	n/a	n/a	D255
933.1520000000	n/a	n/a	STATUS	n/a	n/a	DI52
933.2040000000	n/a	n/a	STATUS	n/a	n/a	D255
933.5360000000	n/a	n/a	STATUS	n/a	n/a	DI42
933.5840000000	n/a	n/a	STATUS	n/a	n/a	D255
933.8440000000	n/a	n/a	STATUS	n/a	n/a	DIN5
933.8960000000	n/a	n/a	STATUS	n/a	n/a	D255
934.3880000000	n/a	n/a	STATUS	n/a	n/a	D223
934.4400000000	n/a	n/a	STATUS	n/a	n/a	D255
934.4760000000	n/a	n/a	STATUS	n/a	n/a	DI53
934.5280000000	n/a	n/a	STATUS	n/a	n/a	D255
934.8040000000	n/a	n/a	STATUS	n/a	n/a	DI43
934.8520000000	n/a	n/a	STATUS	n/a	n/a	D255
935.1120000000	n/a	n/a	STATUS	n/a	n/a	DIN5
935.1640000000	n/a	n/a	STATUS	n/a	n/a	D255
935.6080000000	n/a	n/a	STATUS	n/a	n/a	D244
935.6560000000	n/a	n/a	STATUS	n/a	n/a	D255
935.6960000000	n/a	n/a	STATUS	n/a	n/a	DI52
935.7480000000	n/a	n/a	STATUS	n/a	n/a	D255
936.0000000000	n/a	n/a	STATUS	n/a	n/a	DI12
936.0520000000	n/a	n/a	STATUS	n/a	n/a	D255
936.0560000000	n/a	n/a	STATUS	n/a	n/a	DIN4
936.1080000000	n/a	n/a	STATUS	n/a	n/a	D255
936.8600000000	n/a	n/a	STATUS	n/a	n/a	DIN5
936.9120000000	n/a	n/a	STATUS	n/a	n/a	D255
937.3520000000	n/a	n/a	STATUS	n/a	n/a	D226
937.4000000000	n/a	n/a	STATUS	n/a	n/a	D255
937.4400000000	n/a	n/a	STATUS	n/a	n/a	DI53
937.4880000000	n/a	n/a	STATUS	n/a	n/a	D255
937.8000000000	n/a	n/a	STATUS	n/a	n/a	DI43
937.8520000000	n/a	n/a	STATUS	n/a	n/a	D255
938.1120000000	n/a	n/a	STATUS	n/a	n/a	DIN5
938.1600000000	n/a	n/a	STATUS	n/a	n/a	D255
938.4680000000	n/a	n/a	STATUS	n/a	n/a	DI91
938.5160000000	n/a	n/a	STATUS	n/a	n/a	D255
938.5520000000	n/a	n/a	STATUS	n/a	n/a	DI52
938.6040000000	n/a	n/a	STATUS	n/a	n/a	D255
938.9120000000	n/a	n/a	STATUS	n/a	n/a	DI12
938.9640000000	n/a	n/a	STATUS	n/a	n/a	D255
938.9680000000	n/a	n/a	STATUS	n/a	n/a	DIN4
939.0160000000	n/a	n/a	STATUS	n/a	n/a	D255
939.7720000000	n/a	n/a	STATUS	n/a	n/a	DIN5
939.8240000000	n/a	n/a	STATUS	n/a	n/a	D255
940.2760000000	n/a	n/a	STATUS	n/a	n/a	D253
940.3280000000	n/a	n/a	STATUS	n/a	n/a	D255
940.3640000000	n/a	n/a	STATUS	n/a	n/a	DI52
940.4160000000	n/a	n/a	STATUS	n/a	n/a	D255
940.7800000000	n/a	n/a	STATUS	n/a	n/a	DI42
940.8280000000	n/a	n/a	STATUS	n/a	n/a	D255
941.0880000000	n/a	n/a	STATUS	n/a	n/a	DIN5
941.1400000000	n/a	n/a	STATUS	n/a	n/a	D255
941.6200000000	n/a	n/a	STATUS	n/a	n/a	D209
941.6680000000	n/a	n/a	STATUS	n/a	n/a	D255
941.7080000000	n/a	n/a	STATUS	n/a	n/a	DI52
941.7560000000	n/a	n/a	STATUS	n/a	n/a	D255
942.1160000000	n/a	n/a	STATUS	n/a	n/a	DI42
942.1640000000	n/a	n/a	STATUS	n/a	n/a	D255
942.4240000000	n/a	n/a	STATUS	n/a	n/a	DIN5
942.4760000000	n/a	n/a	STATUS	n/a	n/a	D255
942.9520000000	n/a	n/a	STATUS	n/a	n/a	D221
943.0000000000	n/a	n/a	STATUS	n/a	n/a	D255
943.0400000000	n/a	n/a	STATUS	n/a	n/a	DI54
943.0880000000	n/a	n/a	STATUS	n/a	n/a	D255
943.4320000000	n/a	n/a	STATUS	n/a	n/a	DI34
943.4840000000	n/a	n/a	STATUS	n/a	n/a	D255
943.7440000000	n/a	n/a	STATUS	n/a	n/a	DIN5
943.7960000000	n/a	n/a	STATUS	n/a	n/a	D255
944.2920000000	n/a	n/a	STATUS	n/a	n/a	D185
944.3440000000	n/a	n/a	STATUS	n/a	n/a	D255
944.3800000000	n/a	n/a	STATUS	n/a	n/a	DI53
944.4320000000	n/a	n/a	STATUS	n/a	n/a	D255
944.6840000000	n/a	n/a	STATUS	n/a	n/a	DI43
944.7320000000	n/a	n/a	STATUS	n/a	n/a	D255
944.9920000000	n/a	n/a	STATUS	n/a	n/a	DIN5
945.0440000000	n/a	n/a	STATUS	n/a	n/a	D255
945.5120000000	n/a	n/a	STATUS	n/a	n/a	D144
945.5640000000	n/a	n/a	STATUS	n/a	n/a	D255
945.6000000000	n/a	n/a	STATUS	n/a	n/a	DI54
945.6520000000	n/a	n/a	STATUS	n/a	n/a	D255
945.9520000000	n/a	n/a	STATUS	n/a	n/a	DI34
946.0040000000	n/a	n/a	STATUS	n/a	n/a	D255
946.2640000000	n/a	n/a	STATUS	n/a	n/a	DIN5
946.3120000000	n/a	n/a	STATUS	n/a	n/a	D255
946.7200000000	n/a	n/a	STATUS	n/a	n/a	D213
946.7720000000	n/a	n/a	STATUS	n/a	n/a	D255
946.8120000000	n/a	n/a	STATUS	n/a	n/a	DI51
946.8600000000	n/a	n/a	STATUS	n/a	n/a	D255
947.3200000000	n/a	n/a	STATUS	n/a	n/a	DI31
947.3680000000	n/a	n/a	STATUS	n/a	n/a	D255
947.6280000000	n/a	n/a	STATUS	n/a	n/a	DIN5
947.6800000000	n/a	n/a	STATUS	n/a	n/a	D255
948.0280000000	n/a	n/a	STATUS	n/a	n/a	D203
948.0800000000	n/a	n/a	STATUS	n/a	n/a	D255
948.1160000000	n/a	n/a	STATUS	n/a	n/a	DI53
948.1640000000	n/a	n/a	STATUS	n/a	n/a	D255
948.4480000000	n/a	n/a	STATUS	n/a	n/a	DI43
948.5000000000	n/a	n/a	STATUS	n/a	n/a	D255
948.7560000000	n/a	n/a	STATUS	n/a	n/a	DIN5
948.8080000000	n/a	n/a	STATUS	n/a	n/a	D255
949.2480000000	n/a	n/a	STATUS	n/a	n/a	D208
949.2960000000	n/a	n/a	STATUS	n/a	n/a	D255
949.3360000000	n/a	n/a	STATUS	n/a	n/a	DI53
949.3840000000	n/a	n/a	STATUS	n/a	n/a	D255
949.6600000000	n/a	n/a	STATUS	n/a	n/a	DI43
949.7120000000	n/a	n/a	STATUS	n/a	n/a	D255
949.9720000000	n/a	n/a	STATUS	n/a	n/a	DIN5
950.0200000000	n/a	n/a	STATUS	n/a	n/a	D255
950.4720000000	n/a	n/a	STATUS	n/a	n/a	DI68
950.5200000000	n/a	n/a	STATUS	n/a	n/a	D255
950.5600000000	n/a	n/a	STATUS	n/a	n/a	DI51
950.6080000000	n/a	n/a	STATUS	n/a	n/a	D255
950.9600000000	n/a	n/a	STATUS	n/a	n/a	DI31
951.0120000000	n/a	n/a	STATUS	n/a	n/a	D255
951.2680000000	n/a	n/a	STATUS	n/a	n/a	DIN5
951.3200000000	n/a	n/a	STATUS	n/a	n/a	D255
951.7440000000	n/a	n/a	STATUS	n/a	n/a	D148
951.7960000000	n/a	n/a	STATUS	n/a	n/a	D255
951.8320000000	n/a	n/a	STATUS	n/a	n/a	DI51
951.8840000000	n/a	n/a	STATUS	n/a	n/a	D255
952.2440000000	n/a	n/a	STATUS	n/a	n/a	DI31
952.2920000000	n/a	n/a	STATUS	n/a	n/a	D255
952.5520000000	n/a	n/a	STATUS	n/a	n/a	DIN5
952.6040000000	n/a	n/a	STATUS	n/a	n/a	D255
953.1080000000	n/a	n/a	STATUS	n/a	n/a	D156
953.1560000000	n/a	n/a	STATUS	n/a	n/a	D255
953.1920000000	n/a	n/a	STATUS	n/a	n/a	DI51
953.2440000000	n/a	n/a	STATUS	n/a	n/a	D255
953.5600000000	n/a	n/a	STATUS	n/a	n/a	DI31
953.6120000000	n/a	n/a	STATUS	n/a	n/a	D255
953.8720000000	n/a	n/a	STATUS	n/a	n/a	DIN5
953.9200000000	n/a	n/a	STATUS	n/a	n/a	D255
954.4160000000	n/a	n/a	STATUS	n/a	n/a	DI98
954.4680000000	n/a	n/a	STATUS	n/a	n/a	D255
954.5040000000	n/a	n/a	STATUS	n/a	n/a	DI52
954.5560000000	n/a	n/a	STATUS	n/a	n/a	D255
954.9120000000	n/a	n/a	STATUS	n/a	n/a	DI42
954.9600000000	n/a	n/a	STATUS	n/a	n/a	D255
955.2200000000	n/a	n/a	STATUS	n/a	n/a	DIN5
955.2720000000	n/a	n/a	STATUS	n/a	n/a	D255
955.7360000000	n/a	n/a	STATUS	n/a	n/a	D108
955.7840000000	n/a	n/a	STATUS	n/a	n/a	D255
955.8240000000	n/a	n/a	STATUS	n/a	n/a	DI52
955.8720000000	n/a	n/a	STATUS	n/a	n/a	D255
956.2240000000	n/a	n/a	STATUS	n/a	n/a	DI42
956.2720000000	n/a	n/a	STATUS	n/a	n/a	D255
956.5320000000	n/a	n/a	STATUS	n/a	n/a	DIN5
956.5840000000	n/a	n/a	STATUS	n/a	n/a	D255
956.9120000000	n/a	n/a	STATUS	n/a	n/a	D131
956.9640000000	n/a	n/a	STATUS	n/a	n/a	D255
957.0000000000	n/a	n/a	STATUS	n/a	n/a	DI51
957.0520000000	n/a	n/a	STATUS	n/a	n/a	D255
957.5480000000	n/a	n/a	STATUS	n/a	n/a	DI31
957.6000000000	n/a	n/a	STATUS	n/a	n/a	D255
957.8560000000	n/a	n/a	STATUS	n/a	n/a	DIN5
957.9080000000	n/a	n/a	STATUS	n/a	n/a	D255
958.2560000000	n/a	n/a	STATUS	n/a	n/a	D230
958.3080000000	n/a	n/a	STATUS	n/a	n/a	D255
958.3440000000	n/a	n/a	STATUS	n/a	n/a	DI53
958.3960000000	n/a	n/a	STATUS	n/a	n/a	D255
958.6880000000	n/a	n/a	STATUS	n/a	n/a	DI43
958.7400000000	n/a	n/a	STATUS	n/a	n/a	D255
959.0000000000	n/a	n/a	STATUS	n/a	n/a	DIN5
959.0480000000	n/a	n/a	STATUS	n/a	n/a	D255
959.4600000000	n/a	n/a	STATUS	n/a	n/a	D157
959.5080000000	n/a	n/a	STATUS	n/a	n/a	D255
959.5480000000	n/a	n/a	STATUS	n/a	n/a	DI51
959.5960000000	n/a	n/a	STATUS	n/a	n/a	D255
959.9080000000	n/a	n/a	STATUS	n/a	n/a	DI31
959.9560000000	n/a	n/a	STATUS	n/a	n/a	D255
960.2160000000	n/a	n/a	STATUS	n/a	n/a	DIN5
960.2680000000	n/a	n/a	STATUS	n/a	n/a	D255
960.6360000000	n/a	n/a	STATUS	n/a	n/a	D101
960.6840000000	n/a	n/a	STATUS	n/a	n/a	D255
960.7240000000	n/a	n/a	STATUS	n/a	n/a	DI51
960.7720000000	n/a	n/a	STATUS	n/a	n/a	D243
960.7760000000	n/a	n/a	STATUS	n/a	n/a	D255
961.0760000000	n/a	n/a	STATUS	n/a	n/a	DI21
961.1280000000	n/a	n/a	STATUS	n/a	n/a	D255
961.1320000000	n/a	n/a	STATUS	n/a	n/a	DIN4
961.1840000000	n/a	n/a	STATUS	n/a	n/a	D255
961.9360000000	n/a	n/a	STATUS	n/a	n/a	DIN5
961.9880000000	n/a	n/a	STATUS	n/a	n/a	D255
962.3640000000	n/a	n/a	STATUS	n/a	n/a	D110
962.4120000000	n/a	n/a	STATUS	n/a	n/a	D255
962.4520000000	n/a	n/a	STATUS	n/a	n/a	DI54
962.5000000000	n/a	n/a	STATUS	n/a	n/a	D255
962.7960000000	n/a	n/a	STATUS	n/a	n/a	DI34
962.8440000000	n/a	n/a	STATUS	n/a	n/a	D255
963.1040000000	n/a	n/a	STATUS	n/a	n/a	DIN5
963.1560000000	n/a	n/a	STATUS	n/a	n/a	D255
963.5440000000	n/a	n/a	STATUS	n/a	n/a	D196
963.5920000000	n/a	n/a	STATUS	n/a	n/a	D255
963.6320000000	n/a	n/a	STATUS	n/a	n/a	DI52
963.6800000000	n/a	n/a	STATUS	n/a	n/a	D255
964.0360000000	n/a	n/a	STATUS	n/a	n/a	DI42
964.0880000000	n/a	n/a	STATUS	n/a	n/a	D255
964.3480000000	n/a	n/a	STATUS	n/a	n/a	DIN5
964.3960000000	n/a	n/a	STATUS	n/a	n/a	D255
964.8360000000	n/a	n/a	STATUS	n/a	n/a	D107
964.8880000000	n/a	n/a	STATUS	n/a	n/a	D255
964.9240000000	n/a	n/a	STATUS	n/a	n/a	DI51
964.9720000000	n/a	n/a	STATUS	n/a	n/a	D255
965.3040000000	n/a	n/a	STATUS	n/a	n/a	DI31
965.3560000000	n/a	n/a	STATUS	n/a	n/a	D255
965.6160000000	n/a	n/a	STATUS	n/a	n/a	DIN5
965.6680000000	n/a	n/a	STATUS	n/a	n/a	D255
966.0800000000	n/a	n/a	STATUS	n/a	n/a	D180
966.1320000000	n/a	n/a	STATUS	n/a	n/a	D255
966.1680000000	n/a	n/a	STATUS	n/a	n/a	DI53
966.2200000000	n/a	n/a	STATUS	n/a	n/a	D255
966.4560000000	n/a	n/a	STATUS	n/a	n/a	DI43
966.5080000000	n/a	n/a	STATUS	n/a	n/a	D255
966.7640000000	n/a	n/a	STATUS	n/a	n/a	DIN5
966.8160000000	n/a	n/a	STATUS	n/a	n/a	D255
967.2400000000	n/a	n/a	STATUS	n/a	n/a	D191
967.2920000000	n/a	n/a	STATUS	n/a	n/a	D255
967.3280000000	n/a	n/a	STATUS	n/a	n/a	DI53
967.3800000000	n/a	n/a	STATUS	n/a	n/a	D255
967.6680000000	n/a	n/a	STATUS	n/a	n/a	DI43
967.7160000000	n/a	n/a	STATUS	n/a	n/a	D255
967.9760000000	n/a	n/a	STATUS	n/a	n/a	DIN5
968.0280000000	n/a	n/a	STATUS	n/a	n/a	D255
968.4960000000	n/a	n/a	STATUS	n/a	n/a	D214
968.5480000000	n/a	n/a	STATUS	n/a	n/a	D255
968.5840000000	n/a	n/a	STATUS	n/a	n/a	DI52
968.6360000000	n/a	n/a	STATUS	n/a	n/a	D255
968.9280000000	n/a	n/a	STATUS	n/a	n/a	DI42
968.9800000000	n/a	n/a	STATUS	n/a	n/a	D255
969.2400000000	n/a	n/a	STATUS	n/a	n/a	DIN5
969.2880000000	n/a	n/a	STATUS	n/a	n/a	D255
969.6600000000	n/a	n/a	STATUS	n/a	n/a	DI72
969.7080000000	n/a	n/a	STATUS	n/a	n/a	D255
969.7440000000	n/a	n/a	STATUS	n/a	n/a	DI52
969.7960000000	n/a	n/a	STATUS	n/a	n/a	D255
970.0840000000	n/a	n/a	STATUS	n/a	n/a	DI12
970.1320000000	n/a	n/a	STATUS	n/a	n/a	D255
970.1360000000	n/a	n/a	STATUS	n/a	n/a	DIN4
970.1880000000	n/a	n/a	STATUS	n/a	n/a	D255
970.9440000000	n/a	n/a	STATUS	n/a	n/a	DIN5
970.9920000000	n/a	n/a	STATUS	n/a	n/a	D255
971.4040000000	n/a	n/a	STATUS	n/a	n/a	D118
971.4520000000	n/a	n/a	STATUS	n/a	n/a	D255
971.4920000000	n/a	n/a	STATUS	n/a	n/a	DI53
971.5400000000	n/a	n/a	STATUS	n/a	n/a	D255
971.9320000000	n/a	n/a	STATUS	n/a	n/a	DI43
971.9800000000	n/a	n/a	STATUS	n/a	n/a	D255
972.2400000000	n/a	n/a	STATUS	n/a	n/a	DIN5
972.2920000000	n/a	n/a	STATUS	n/a	n/a	D255
972.7080000000	n/a	n/a	STATUS	n/a	n/a	D150
972.7560000000	n/a	n/a	STATUS	n/a	n/a	D255
972.7960000000	n/a	n/a	STATUS	n/a	n/a	DI54
972.8440000000	n/a	n/a	STATUS	n/a	n/a	D255
973.1520000000	n/a	n/a	STATUS	n/a	n/a	DI34
973.2000000000	n/a	n/a	STATUS	n/a	n/a	D255
973.4600000000	n/a	n/a	STATUS	n/a	n/a	DIN5
973.5120000000	n/a	n/a	STATUS	n/a	n/a	D255
973.9600000000	n/a	n/a	STATUS	n/a	n/a	D143
974.0120000000	n/a	n/a	STATUS	n/a	n/a	D255
974.0480000000	n/a	n/a	STATUS	n/a	n/a	DI54
974.0960000000	n/a	n/a	STATUS	n/a	n/a	D118
974.1000000000	n/a	n/a	STATUS	n/a	n/a	D255
974.3720000000	n/a	n/a	STATUS	n/a	n/a	DI34
974.4200000000	n/a	n/a	STATUS	n/a	n/a	D255
974.6800000000	n/a	n/a	STATUS	n/a	n/a	DIN5
974.7320000000	n/a	n/a	STATUS	n/a	n/a	D255
975.1320000000	n/a	n/a	STATUS	n/a	n/a	D126
975.1800000000	n/a	n/a	STATUS	n/a	n/a	D255
975.2160000000	n/a	n/a	STATUS	n/a	n/a	DI54
975.2680000000	n/a	n/a	STATUS	n/a	n/a	D255
975.5440000000	n/a	n/a	STATUS	n/a	n/a	DI34
975.5960000000	n/a	n/a	STATUS	n/a	n/a	D255
975.8560000000	n/a	n/a	STATUS	n/a	n/a	DIN5
975.9040000000	n/a	n/a	STATUS	n/a	n/a	D255
976.2240000000	n/a	n/a	STATUS	n/a	n/a	D188
976.2760000000	n/a	n/a	STATUS	n/a	n/a	D255
976.3120000000	n/a	n/a	STATUS	n/a	n/a	DI52
976.3640000000	n/a	n/a	STATUS	n/a	n/a	D255
976.8400000000	n/a	n/a	STATUS	n/a	n/a	DI42
976.8920000000	n/a	n/a	STATUS	n/a	n/a	D255
977.1520000000	n/a	n/a	STATUS	n/a	n/a	DIN5
977.2000000000	n/a	n/a	STATUS	n/a	n/a	D255
977.5080000000	n/a	n/a	STATUS	n/a	n/a	D246
977.5600000000	n/a	n/a	STATUS	n/a	n/a	D255
977.5960000000	n/a	n/a	STATUS	n/a	n/a	DI53
977.6480000000	n/a	n/a	STATUS	n/a	n/a	D255
977.9400000000	n/a	n/a	STATUS	n/a	n/a	DI43
977.9920000000	n/a	n/a	STATUS	n/a	n/a	D255
978.2520000000	n/a	n/a	STATUS	n/a	n/a	DIN5
978.3000000000	n/a	n/a	STATUS	n/a	n/a	D255
978.7840000000	n/a	n/a	STATUS	n/a	n/a	D241
978.8360000000	n/a	n/a	STATUS	n/a	n/a	D255
978.8760000000	n/a	n/a	STATUS	n/a	n/a	DI52
978.9240000000	n/a	n/a	STATUS	n/a	n/a	D255
979.3120000000	n/a	n/a	STATUS	n/a	n/a	DI42
979.3600000000	n/a	n/a	STATUS	n/a	n/a	D255
979.6200000000	n/a	n/a	STATUS	n/a	n/a	DIN5
979.6720000000	n/a	n/a	STATUS	n/a	n/a	D255
980.1720000000	n/a	n/a	STATUS	n/a	n/a	D204
980.2200000000	n/a	n/a	STATUS	n/a	n/a	D255
980.2600000000	n/a	n/a	STATUS	n/a	n/a	DI54
980.3120000000	n/a	n/a	STATUS	n/a	n/a	D255
980.6320000000	n/a	n/a	STATUS	n/a	n/a	DI34
980.6840000000	n/a	n/a	STATUS	n/a	n/a	D255
980.9440000000	n/a	n/a	STATUS	n/a	n/a	DIN5
980.9920000000	n/a	n/a	STATUS	n/a	n/a	D255
981.3680000000	n/a	n/a	STATUS	n/a	n/a	DI73
981.4200000000	n/a	n/a	STATUS	n/a	n/a	D255
981.4560000000	n/a	n/a	STATUS	n/a	n/a	DI51
981.5080000000	n/a	n/a	STATUS	n/a	n/a	D255
981.8520000000	n/a	n/a	STATUS	n/a	n/a	DI31
981.9040000000	n/a	n/a	STATUS	n/a	n/a	D255
982.1600000000	n/a	n/a	STATUS	n/a	n/a	DIN5
982.2120000000	n/a	n/a	STATUS	n/a	n/a	D255
982.5240000000	n/a	n/a	STATUS	n/a	n/a	D186
982.5720000000	n/a	n/a	STATUS	n/a	n/a	D255
982.6080000000	n/a	n/a	STATUS	n/a	n/a	DI54
982.6600000000	n/a	n/a	STATUS	n/a	n/a	D255
982.9600000000	n/a	n/a	STATUS	n/a	n/a	DI34
983.0080000000	n/a	n/a	STATUS	n/a	n/a	D255
983.2680000000	n/a	n/a	STATUS	n/a	n/a	DIN5
983.3200000000	n/a	n/a	STATUS	n/a	n/a	D255
983.7160000000	n/a	n/a	STATUS	n/a	n/a	D115
983.7680000000	n/a	n/a	STATUS	n/a	n/a	D255
983.8080000000	n/a	n/a	STATUS	n/a	n/a	DI54
983.8560000000	n/a	n/a	STATUS	n/a	n/a	D255
984.1240000000	n/a	n/a	STATUS	n/a	n/a	DI34
984.1760000000	n/a	n/a	STATUS	n/a	n/a	D255
984.4320000000	n/a	n/a	STATUS	n/a	n/a	DIN5
984.4840000000	n/a	n/a	STATUS	n/a	n/a	D255
984.9240000000	n/a	n/a	STATUS	n/a	n/a	D227
984.9720000000	n/a	n/a	STATUS	n/a	n/a	D255
985.0120000000	n/a	n/a	STATUS	n/a	n/a	DI54
985.0600000000	n/a	n/a	STATUS	n/a	n/a	D255
985.3400000000	n/a	n/a	STATUS	n/a	n/a	DI34
985.3880000000	n/a	n/a	STATUS	n/a	n/a	D255
985.6480000000	n/a	n/a	STATUS	n/a	n/a	DIN5
985.7000000000	n/a	n/a	STATUS	n/a	n/a	D255
986.0960000000	n/a	n/a	STATUS	n/a	n/a	D141
986.1480000000	n/a	n/a	STATUS	n/a	n/a	D255
986.1880000000	n/a	n/a	STATUS	n/a	n/a	DI54
986.2360000000	n/a	n/a	STATUS	n/a	n/a	D255
986.4640000000	n/a	n/a	STATUS	n/a	n/a	DI34
986.5160000000	n/a	n/a	STATUS	n/a	n/a	D255
986.7760000000	n/a	n/a	STATUS	n/a	n/a	DIN5
986.8240000000	n/a	n/a	STATUS	n/a	n/a	D255
987.3000000000	n/a	n/a	STATUS	n/a	n/a	D252
987.3480000000	n/a	n/a	STATUS	n/a	n/a	D255
987.3880000000	n/a	n/a	STATUS	n/a	n/a	DI54
987.4360000000	n/a	n/a	STATUS	n/a	n/a	D255
987.5960000000	n/a	n/a	STATUS	n/a	n/a	DI34
987.6480000000	n/a	n/a	STATUS	n/a	n/a	D255
987.9080000000	n/a	n/a	STATUS	n/a	n/a	DIN5
987.9560000000	n/a	n/a	STATUS	n/a	n/a	D255
988.3920000000	n/a	n/a	STATUS	n/a	n/a	D176
988.4440000000	n/a	n/a	STATUS	n/a	n/a	D255
988.4800000000	n/a	n/a	STATUS	n/a	n/a	DI52
988.5320000000	n/a	n/a	STATUS	n/a	n/a	D255
988.8760000000	n/a	n/a	STATUS	n/a	n/a	DI42
988.9280000000	n/a	n/a	STATUS	n/a	n/a	D255
989.1880000000	n/a	n/a	STATUS	n/a	n/a	DIN5
989.2360000000	n/a	n/a	STATUS	n/a	n/a	D255
989.6840000000	n/a	n/a	STATUS	n/a	n/a	D233
989.7360000000	n/a	n/a	STATUS	n/a	n/a	D255
989.7760000000	n/a	n/a	STATUS	n/a	n/a	DI51
989.8240000000	n/a	n/a	STATUS	n/a	n/a	D255
990.1840000000	n/a	n/a	STATUS	n/a	n/a	DI31
990.2320000000	n/a	n/a	STATUS	n/a	n/a	D255
990.4920000000	n/a	n/a	STATUS	n/a	n/a	DIN5
990.5440000000	n/a	n/a	STATUS	n/a	n/a	D255
990.9440000000	n/a	n/a	STATUS	n/a	n/a	D103
990.9960000000	n/a	n/a	STATUS	n/a	n/a	D255
991.0360000000	n/a	n/a	STATUS	n/a	n/a	DI51
991.0840000000	n/a	n/a	STATUS	n/a	n/a	D255
991.4560000000	n/a	n/a	STATUS	n/a	n/a	DI31
991.5080000000	n/a	n/a	STATUS	n/a	n/a	D255
991.7680000000	n/a	n/a	STATUS	n/a	n/a	DIN5
991.8160000000	n/a	n/a	STATUS	n/a	n/a	D255
992.1560000000	n/a	n/a	STATUS	n/a	n/a	D109
992.2080000000	n/a	n/a	STATUS	n/a	n/a	D255
992.2440000000	n/a	n/a	STATUS	n/a	n/a	DI52
992.2960000000	n/a	n/a	STATUS	n/a	n/a	D255
992.6720000000	n/a	n/a	STATUS	n/a	n/a	DI42
992.7240000000	n/a	n/a	STATUS	n/a	n/a	D255
992.9840000000	n/a	n/a	STATUS	n/a	n/a	DIN5
993.0320000000	n/a	n/a	STATUS	n/a	n/a	D255
993.3640000000	n/a	n/a	STATUS	n/a	n/a	D122
993.4120000000	n/a	n/a	STATUS	n/a	n/a	D255
993.4520000000	n/a	n/a	STATUS	n/a	n/a	DI54
993.5000000000	n/a	n/a	STATUS	n/a	n/a	D255
993.8040000000	n/a	n/a	STATUS	n/a	n/a	DI34
993.8520000000	n/a	n/a	STATUS	n/a	n/a	D255
994.1120000000	n/a	n/a	STATUS	n/a	n/a	DIN5
994.1600000000	n/a	n/a	STATUS	n/a	n/a	D255
994.5000000000	n/a	n/a	STATUS	n/a	n/a	D184
994.5520000000	n/a	n/a	STATUS	n/a	n/a	D255
994.5880000000	n/a	n/a	STATUS	n/a	n/a	DI51
994.6400000000	n/a	n/a	STATUS	n/a	n/a	D255
994.9840000000	n/a	n/a	STATUS	n/a	n/a	DI31
995.0320000000	n/a	n/a	STATUS	n/a	n/a	D255
995.2920000000	n/a	n/a	STATUS	n/a	n/a	DIN5
995.3400000000	n/a	n/a	STATUS	n/a	n/a	D255
995.8120000000	n/a	n/a	STATUS	n/a	n/a	DI94
995.8600000000	n/a	n/a	STATUS	n/a	n/a	D255
995.9000000000	n/a	n/a	STATUS	n/a	n/a	DI52
995.9480000000	n/a	n/a	STATUS	n/a	n/a	D255
996.3280000000	n/a	n/a	STATUS	n/a	n/a	DI42
996.3800000000	n/a	n/a	STATUS	n/a	n/a	D255
996.6400000000	n/a	n/a	STATUS	n/a	n/a	DIN5
996.6880000000	n/a	n/a	STATUS	n/a	n/a	D255
997.1640000000	n/a	n/a	STATUS	n/a	n/a	DI82
997.2120000000	n/a	n/a	STATUS	n/a	n/a	D255
997.2520000000	n/a	n/a	STATUS	n/a	n/a	DI54
997.3000000000	n/a	n/a	STATUS	n/a	n/a	D255
997.5760000000	n/a	n/a	STATUS	n/a	n/a	DI34
997.6240000000	n/a	n/a	STATUS	n/a	n/a	D255
997.8840000000	n/a	n/a	STATUS	n/a	n/a	DIN5
997.9360000000	n/a	n/a	STATUS	n/a	n/a	D255
998.3240000000	n/a	n/a	STATUS	n/a	n/a	D207
998.3760000000	n/a	n/a	STATUS	n/a	n/a	D255
998.4120000000	n/a	n/a	STATUS	n/a	n/a	DI53
998.4640000000	n/a	n/a	STATUS	n/a	n/a	D255
998.7280000000	n/a	n/a	STATUS	n/a	n/a	DI43
998.7760000000	n/a	n/a	STATUS	n/a	n/a	D255
999.0360000000	n/a	n/a	STATUS	n/a	n/a	DIN5
999.0880000000	n/a	n/a	STATUS	n/a	n/a	D255
999.4920000000	n/a	n/a	STATUS	n/a	n/a	D224
999.5400000000	n/a	n/a	STATUS	n/a	n/a	D255
999.5800000000	n/a	n/a	STATUS	n/a	n/a	DI54
999.6280000000	n/a	n/a	STATUS	n/a	n/a	D255
999.9280000000	n/a	n/a	STATUS	n/a	n/a	DI34
999.9800000000	n/a	n/a	STATUS	n/a	n/a	D255
1000.2360000000	n/a	n/a	STATUS	n/a	n/a	DIN5
1000.2880000000	n/a	n/a	STATUS	n/a	n/a	D255
1000.5960000000	n/a	n/a	STATUS	n/a	n/a	D202
1000.6480000000	n/a	n/a	STATUS	n/a	n/a	D255
1000.6840000000	n/a	n/a	STATUS	n/a	n/a	DI54
1000.7360000000	n/a	n/a	STATUS	n/a	n/a	D255
1001.1640000000	n/a	n/a	STATUS	n/a	n/a	DI34
1001.2120000000	n/a	n/a	STATUS	n/a	n/a	D255
1001.4720000000	n/a	n/a	STATUS	n/a	n/a	DIN5
1001.5240000000	n/a	n/a	STATUS	n/a	n/a	D255
1002.0040000000	n/a	n/a	STATUS	n/a	n/a	D149
1002.0520000000	n/a	n/a	STATUS	n/a	n/a	D255
1002.0880000000	n/a	n/a	STATUS	n/a	n/a	DI54
1002.1400000000	n/a	n/a	STATUS	n/a	n/a	D255
1002.4360000000	n/a	n/a	STATUS	n/a	n/a	DI34
1002.4880000000	n/a	n/a	STATUS	n/a	n/a	D255
1002.7480000000	n/a	n/a	STATUS	n/a	n/a	DIN5
1002.7960000000	n/a	n/a	STATUS	n/a	n/a	D255
1003.2800000000	n/a	n/a	STATUS	n/a	n/a	D232
1003.3320000000	n/a	n/a	STATUS	n/a	n/a	D255
1003.3680000000	n/a	n/a	STATUS	n/a	n/a	DI53
1003.4160000000	n/a	n/a	STATUS	n/a	n/a	D255
1003.7480000000	n/a	n/a	STATUS	n/a	n/a	DI43
1003.7960000000	n/a	n/a	STATUS	n/a	n/a	D255
1004.0560000000	n/a	n/a	STATUS	n/a	n/a	DIN5
1004.1080000000	n/a	n/a	STATUS	n/a	n/a	D255
1004.4640000000	n/a	n/a	STATUS	n/a	n/a	D171
1004.5160000000	n/a	n/a	STATUS	n/a	n/a	D255
1004.5520000000	n/a	n/a	STATUS	n/a	n/a	DI51
1004.6040000000	n/a	n/a	STATUS	n/a	n/a	D255
1004.9320000000	n/a	n/a	STATUS	n/a	n/a	DI31
1004.9840000000	n/a	n/a	STATUS	n/a	n/a	D255
1005.2440000000	n/a	n/a	STATUS	n/a	n/a	DIN5
1005.2920000000	n/a	n/a	STATUS	n/a	n/a	D255
1005.8000000000	n/a	n/a	STATUS	n/a	n/a	D152
1005.8480000000	n/a	n/a	STATUS	n/a	n/a	D255
1005.8880000000	n/a	n/a	STATUS	n/a	n/a	DI53
1005.9360000000	n/a	n/a	STATUS	n/a	n/a	D255
1006.1560000000	n/a	n/a	STATUS	n/a	n/a	DI43
1006.2080000000	n/a	n/a	STATUS	n/a	n/a	D255
1006.4680000000	n/a	n/a	STATUS	n/a	n/a	DIN5
1006.5160000000	n/a	n/a	STATUS	n/a	n/a	D255
1006.9760000000	n/a	n/a	STATUS	n/a	n/a	D166
1007.0280000000	n/a	n/a	STATUS	n/a	n/a	D255
1007.0640000000	n/a	n/a	STATUS	n/a	n/a	DI52
1007.1160000000	n/a	n/a	STATUS	n/a	n/a	D255
1007.5600000000	n/a	n/a	STATUS	n/a	n/a	DI42
1007.6120000000	n/a	n/a	STATUS	n/a	n/a	D255
1007.8720000000	n/a	n/a	STATUS	n/a	n/a	DIN5
1007.9200000000	n/a	n/a	STATUS	n/a	n/a	D255
1008.4200000000	n/a	n/a	STATUS	n/a	n/a	DI84
1008.4680000000	n/a	n/a	STATUS	n/a	n/a	D255
1008.5080000000	n/a	n/a	STATUS	n/a	n/a	DI53
1008.5560000000	n/a	n/a	STATUS	n/a	n/a	D255
1008.8000000000	n/a	n/a	STATUS	n/a	n/a	DI43
1008.8480000000	n/a	n/a	STATUS	n/a	n/a	D255
1009.1080000000	n/a	n/a	STATUS	n/a	n/a	DIN5
1009.1600000000	n/a	n/a	STATUS	n/a	n/a	D255
1009.1600000000	n/a	n/a	STATUS	n/a	n/a	D239
1009.6600000000	n/a	n/a	STATUS	n/a	n/a	D134
1009.7080000000	n/a	n/a	STATUS	n/a	n/a	D255
1009.7480000000	n/a	n/a	STATUS	n/a	n/a	DI51
1009.7960000000	n/a	n/a	STATUS	n/a	n/a	D255
1010.1560000000	n/a	n/a	STATUS	n/a	n/a	DI31
1010.2040000000	n/a	n/a	STATUS	n/a	n/a	D255
1010.4640000000	n/a	n/a	STATUS	n/a	n/a	DIN5
1010.5160000000	n/a	n/a	STATUS	n/a	n/a	D255
1011.0040000000	n/a	n/a	STATUS	n/a	n/a	D187
1011.0560000000	n/a	n/a	STATUS	n/a	n/a	D255
1011.0920000000	n/a	n/a	STATUS	n/a	n/a	DI54
1011.1440000000	n/a	n/a	STATUS	n/a	n/a	D255
1011.3920000000	n/a	n/a	STATUS	n/a	n/a	DI34
1011.4400000000	n/a	n/a	STATUS	n/a	n/a	D255
1011.7000000000	n/a	n/a	STATUS	n/a	n/a	DIN5
1011.7520000000	n/a	n/a	STATUS	n/a	n/a	D255
1012.2120000000	n/a	n/a	STATUS	n/a	n/a	D237
1012.2600000000	n/a	n/a	STATUS	n/a	n/a	D255
1012.3000000000	n/a	n/a	STATUS	n/a	n/a	DI54
1012.3480000000	n/a	n/a	STATUS	n/a	n/a	D255
1012.6400000000	n/a	n/a	STATUS	n/a	n/a	DI34
1012.6920000000	n/a	n/a	STATUS	n/a	n/a	D255
1012.9520000000	n/a	n/a	STATUS	n/a	n/a	DIN5
1013.0000000000	n/a	n/a	STATUS	n/a	n/a	D255
1013.3600000000	n/a	n/a	STATUS	n/a	n/a	D123
1013.4120000000	n/a	n/a	STATUS	n/a	n/a	D255
1013.4480000000	n/a	n/a	STATUS	n/a	n/a	DI51
1013.4960000000	n/a	n/a	STATUS	n/a	n/a	D255
1013.8240000000	n/a	n/a	STATUS	n/a	n/a	DI31
1013.8760000000	n/a	n/a	STATUS	n/a	n/a	D255
1014.1360000000	n/a	n/a	STATUS	n/a	n/a	DIN5
1014.1840000000	n/a	n/a	STATUS	n/a	n/a	D255
1014.5480000000	n/a	n/a	STATUS	n/a	n/a	D239
1014.6000000000	n/a	n/a	STATUS	n/a	n/a	D255
1014.6400000000	n/a	n/a	STATUS	n/a	n/a	DI52
1014.6880000000	n/a	n/a	STATUS	n/a	n/a	D255
1015.1560000000	n/a	n/a	STATUS	n/a	n/a	DI42
1015.2080000000	n/a	n/a	STATUS	n/a	n/a	D255
1015.4680000000	n/a	n/a	STATUS	n/a	n/a	DIN5
1015.5160000000	n/a	n/a	STATUS	n/a	n/a	D255
1015.9440000000	n/a	n/a	STATUS	n/a	n/a	D167
1015.9920000000	n/a	n/a	STATUS	n/a	n/a	D255
1016.0280000000	n/a	n/a	STATUS	n/a	n/a	DI53
1016.0800000000	n/a	n/a	STATUS	n/a	n/a	D255
1016.3640000000	n/a	n/a	STATUS	n/a	n/a	DI43
1016.4160000000	n/a	n/a	STATUS	n/a	n/a	D255
1016.6760000000	n/a	n/a	STATUS	n/a	n/a	DIN5
1016.7240000000	n/a	n/a	STATUS	n/a	n/a	D255
1017.0440000000	n/a	n/a	STATUS	n/a	n/a	D132
1017.0960000000	n/a	n/a	STATUS	n/a	n/a	D255
1017.1320000000	n/a	n/a	STATUS	n/a	n/a	DI53
1017.1800000000	n/a	n/a	STATUS	n/a	n/a	D255
1017.4760000000	n/a	n/a	STATUS	n/a	n/a	DI43
1017.5280000000	n/a	n/a	STATUS	n/a	n/a	D255
1017.7880000000	n/a	n/a	STATUS	n/a	n/a	DIN5
1017.8360000000	n/a	n/a	STATUS	n/a	n/a	D255
1018.2400000000	n/a	n/a	STATUS	n/a	n/a	D139
1018.2920000000	n/a	n/a	STATUS	n/a	n/a	D255
1018.3280000000	n/a	n/a	STATUS	n/a	n/a	DI52
1018.3800000000	n/a	n/a	STATUS	n/a	n/a	D255
1018.8880000000	n/a	n/a	STATUS	n/a	n/a	DI42
1018.9400000000	n/a	n/a	STATUS	n/a	n/a	D255
1019.2000000000	n/a	n/a	STATUS	n/a	n/a	DIN5
1019.2480000000	n/a	n/a	STATUS	n/a	n/a	D255
1019.5920000000	n/a	n/a	STATUS	n/a	n/a	D210
1019.6440000000	n/a	n/a	STATUS	n/a	n/a	D255
1019.6800000000	n/a	n/a	STATUS	n/a	n/a	DI54
1019.7320000000	n/a	n/a	STATUS	n/a	n/a	D255
1020.0040000000	n/a	n/a	STATUS	n/a	n/a	DI34
1020.0560000000	n/a	n/a	STATUS	n/a	n/a	D255
1020.0560000000	n/a	n/a	STATUS	n/a	n/a	D227
1020.3120000000	n/a	n/a	STATUS	n/a	n/a	DIN5
1020.3640000000	n/a	n/a	STATUS	n/a	n/a	D255
1020.6720000000	n/a	n/a	STATUS	n/a	n/a	DI90
1020.7240000000	n/a	n/a	STATUS	n/a	n/a	D255
1020.7600000000	n/a	n/a	STATUS	n/a	n/a	DI51
1020.8120000000	n/a	n/a	STATUS	n/a	n/a	D255
1021.1800000000	n/a	n/a	STATUS	n/a	n/a	DI31
1021.2320000000	n/a	n/a	STATUS	n/a	n/a	D255
1021.4880000000	n/a	n/a	STATUS	n/a	n/a	DIN5
1021.5400000000	n/a	n/a	STATUS	n/a	n/a	D255
1022.0160000000	n/a	n/a	STATUS	n/a	n/a	D129
1022.0640000000	n/a	n/a	STATUS	n/a	n/a	D255
1022.1000000000	n/a	n/a	STATUS	n/a	n/a	DI53
1022.1520000000	n/a	n/a	STATUS	n/a	n/a	D255
1022.4360000000	n/a	n/a	STATUS	n/a	n/a	DI13
1022.4880000000	n/a	n/a	STATUS	n/a	n/a	D255
1022.4920000000	n/a	n/a	STATUS	n/a	n/a	DIN4
1022.5400000000	n/a	n/a	STATUS	n/a	n/a	D255
1023.2960000000	n/a	n/a	STATUS	n/a	n/a	DIN5
1023.3440000000	n/a	n/a	STATUS	n/a	n/a	D255
1023.7240000000	n/a	n/a	STATUS	n/a	n/a	D140
1023.7760000000	n/a	n/a	STATUS	n/a	n/a	D255
1023.8120000000	n/a	n/a	STATUS	n/a	n/a	DI52
1023.8640000000	n/a	n/a	STATUS	n/a	n/a	D255
1024.1880000000	n/a	n/a	STATUS	n/a	n/a	DI42
1024.2400000000	n/a	n/a	STATUS	n/a	n/a	D255
1024.5000000000	n/a	n/a	STATUS	n/a	n/a	DIN5
1024.5480000000	n/a	n/a	STATUS	n/a	n/a	D255
1024.9280000000	n/a	n/a	STATUS	n/a	n/a	D173
1024.9800000000	n/a	n/a	STATUS	n/a	n/a	D255
1025.0160000000	n/a	n/a	STATUS	n/a	n/a	DI51
1025.0680000000	n/a	n/a	STATUS	n/a	n/a	D255
1025.3640000000	n/a	n/a	STATUS	n/a	n/a	DI31
1025.4160000000	n/a	n/a	STATUS	n/a	n/a	D255
1025.6720000000	n/a	n/a	STATUS	n/a	n/a	DIN5
1025.7240000000	n/a	n/a	STATUS	n/a	n/a	D255
1026.1640000000	n/a	n/a	STATUS	n/a	n/a	D106
1026.2160000000	n/a	n/a	STATUS	n/a	n/a	D255
1026.2520000000	n/a	n/a	STATUS	n/a	n/a	DI53
1026.3040000000	n/a	n/a	STATUS	n/a	n/a	D255
1026.5800000000	n/a	n/a	STATUS	n/a	n/a	DI43
1026.6320000000	n/a	n/a	STATUS	n/a	n/a	D255
1026.8920000000	n/a	n/a	STATUS	n/a	n/a	DIN5
1026.9400000000	n/a	n/a	STATUS	n/a	n/a	D255
1027.4360000000	n/a	n/a	STATUS	n/a	n/a	D133
1027.4840000000	n/a	n/a	STATUS	n/a	n/a	D255
1027.5240000000	n/a	n/a	STATUS	n/a	n/a	DI52
1027.5720000000	n/a	n/a	STATUS	n/a	n/a	D255
1027.9520000000	n/a	n/a	STATUS	n/a	n/a	DI42
1028.0000000000	n/a	n/a	STATUS	n/a	n/a	D255
1028.2600000000	n/a	n/a	STATUS	n/a	n/a	DIN5
1028.3120000000	n/a	n/a	STATUS	n/a	n/a	D255
1028.6840000000	n/a	n/a	STATUS	n/a	n/a	D104
1028.7360000000	n/a	n/a	STATUS	n/a	n/a	D255
1028.7760000000	n/a	n/a	STATUS	n/a	n/a	DI52
1028.8240000000	n/a	n/a	STATUS	n/a	n/a	D255
1029.1360000000	n/a	n/a	STATUS	n/a	n/a	DI42
1029.1880000000	n/a	n/a	STATUS	n/a	n/a	D255
1029.4440000000	n/a	n/a	STATUS	n/a	n/a	DIN5
1029.4960000000	n/a	n/a	STATUS	n/a	n/a	D255
1029.8960000000	n/a	n/a	STATUS	n/a	n/a	DI75
1029.9440000000	n/a	n/a	STATUS	n/a	n/a	D255
1029.9840000000	n/a	n/a	STATUS	n/a	n/a	DI54
1030.0320000000	n/a	n/a	STATUS	n/a	n/a	D255
1030.3880000000	n/a	n/a	STATUS	n/a	n/a	DI34
1030.4400000000	n/a	n/a	STATUS	n/a	n/a	D255
1030.6960000000	n/a	n/a	STATUS	n/a	n/a	DIN5
1030.7480000000	n/a	n/a	STATUS	n/a	n/a	D255
1031.2360000000	n/a	n/a	STATUS	n/a	n/a	D121
1031.2880000000	n/a	n/a	STATUS	n/a	n/a	D255
1031.3240000000	n/a	n/a	STATUS	n/a	n/a	DI54
1031.3760000000	n/a	n/a	STATUS	n/a	n/a	D255
1031.6520000000	n/a	n/a	STATUS	n/a	n/a	DI34
1031.7040000000	n/a	n/a	STATUS	n/a	n/a	D255
1031.9640000000	n/a	n/a	STATUS	n/a	n/a	DIN5
1032.0120000000	n/a	n/a	STATUS	n/a	n/a	D255
1032.3480000000	n/a	n/a	STATUS	n/a	n/a	D225
1032.3960000000	n/a	n/a	STATUS	n/a	n/a	D255
1032.4360000000	n/a	n/a	STATUS	n/a	n/a	DI51
1032.4840000000	n/a	n/a	STATUS	n/a	n/a	D255
1032.8640000000	n/a	n/a	STATUS	n/a	n/a	DI31
1032.9120000000	n/a	n/a	STATUS	n/a	n/a	D255
1033.1720000000	n/a	n/a	STATUS	n/a	n/a	DIN5
1033.2240000000	n/a	n/a	STATUS	n/a	n/a	D255
1033.6880000000	n/a	n/a	STATUS	n/a	n/a	D235
1033.7360000000	n/a	n/a	STATUS	n/a	n/a	D255
1033.7760000000	n/a	n/a	STATUS	n/a	n/a	DI51
1033.8240000000	n/a	n/a	STATUS	n/a	n/a	D255
1034.1240000000	n/a	n/a	STATUS	n/a	n/a	DI21
1034.1720000000	n/a	n/a	STATUS	n/a	n/a	D255
1034.1760000000	n/a	n/a	STATUS	n/a	n/a	DIN4
1034.2280000000	n/a	n/a	STATUS	n/a	n/a	D255
1034.9840000000	n/a	n/a	STATUS	n/a	n/a	DIN5
1035.0320000000	n/a	n/a	STATUS	n/a	n/a	D255
1035.3840000000	n/a	n/a	STATUS	n/a	n/a	DI81
1035.4320000000	n/a	n/a	STATUS	n/a	n/a	D255
1035.4720000000	n/a	n/a	STATUS	n/a	n/a	DI53
1035.5200000000	n/a	n/a	STATUS	n/a	n/a	D255
1035.7520000000	n/a	n/a	STATUS	n/a	n/a	DI13
1035.8000000000	n/a	n/a	STATUS	n/a	n/a	D255
1035.8040000000	n/a	n/a	STATUS	n/a	n/a	DIN4
1035.8560000000	n/a	n/a	STATUS	n/a	n/a	D255
1036.6120000000	n/a	n/a	STATUS	n/a	n/a	DIN5
1036.6600000000	n/a	n/a	STATUS	n/a	n/a	D255
1037.0600000000	n/a	n/a	STATUS	n/a	n/a	D128
1037.1120000000	n/a	n/a	STATUS	n/a	n/a	D255
1037.1480000000	n/a	n/a	STATUS	n/a	n/a	DI51
1037.2000000000	n/a	n/a	STATUS	n/a	n/a	D255
1037.5520000000	n/a	n/a	STATUS	n/a	n/a	DI31
1037.6000000000	n/a	n/a	STATUS	n/a	n/a	D255
1037.8600000000	n/a	n/a	STATUS	n/a	n/a	DIN5
1037.9120000000	n/a	n/a	STATUS	n/a	n/a	D255
1038.2160000000	n/a	n/a	STATUS	n/a	n/a	DI92
1038.2640000000	n/a	n/a	STATUS	n/a	n/a	D255
1038.3040000000	n/a	n/a	STATUS	n/a	n/a	DI52
1038.3520000000	n/a	n/a	STATUS	n/a	n/a	D255
1038.7320000000	n/a	n/a	STATUS	n/a	n/a	DI42
1038.7800000000	n/a	n/a	STATUS	n/a	n/a	D255
1039.0400000000	n/a	n/a	STATUS	n/a	n/a	DIN5
1039.0920000000	n/a	n/a	STATUS	n/a	n/a	D255
1039.4080000000	n/a	n/a	STATUS	n/a	n/a	D199
1039.4600000000	n/a	n/a	STATUS	n/a	n/a	D255
1039.4960000000	n/a	n/a	STATUS	n/a	n/a	DI52
1039.5480000000	n/a	n/a	STATUS	n/a	n/a	D255
1039.8720000000	n/a	n/a	STATUS	n/a	n/a	DI42
1039.9200000000	n/a	n/a	STATUS	n/a	n/a	D255
1040.1800000000	n/a	n/a	STATUS	n/a	n/a	DIN5
1040.2320000000	n/a	n/a	STATUS	n/a	n/a	D255
1040.5560000000	n/a	n/a	STATUS	n/a	n/a	D234
1040.6040000000	n/a	n/a	STATUS	n/a	n/a	D255
1040.6440000000	n/a	n/a	STATUS	n/a	n/a	DI54
1040.6920000000	n/a	n/a	STATUS	n/a	n/a	D255
1041.0320000000	n/a	n/a	STATUS	n/a	n/a	DI34
1041.0840000000	n/a	n/a	STATUS	n/a	n/a	D255
1041.3400000000	n/a	n/a	STATUS	n/a	n/a	DIN5
1041.3920000000	n/a	n/a	STATUS	n/a	n/a	D255
1041.7480000000	n/a	n/a	STATUS	n/a	n/a	DI74
1041.7960000000	n/a	n/a	STATUS	n/a	n/a	D255
1041.8360000000	n/a	n/a	STATUS	n/a	n/a	DI54
1041.8840000000	n/a	n/a	STATUS	n/a	n/a	D255
1042.2480000000	n/a	n/a	STATUS	n/a	n/a	DI34
1042.2960000000	n/a	n/a	STATUS	n/a	n/a	D255
1042.5560000000	n/a	n/a	STATUS	n/a	n/a	DIN5
1042.6080000000	n/a	n/a	STATUS	n/a	n/a	D255
1042.9800000000	n/a	n/a	STATUS	n/a	n/a	D242
1043.0320000000	n/a	n/a	STATUS	n/a	n/a	D255
1043.0680000000	n/a	n/a	STATUS	n/a	n/a	DI51
1043.1200000000	n/a	n/a	STATUS	n/a	n/a	D255
1043.4520000000	n/a	n/a	STATUS	n/a	n/a	DI31
1043.5000000000	n/a	n/a	STATUS	n/a	n/a	D255
1043.7600000000	n/a	n/a	STATUS	n/a	n/a	DIN5
1043.8120000000	n/a	n/a	STATUS	n/a	n/a	D255
1044.2160000000	n/a	n/a	STATUS	n/a	n/a	D206
1044.2640000000	n/a	n/a	STATUS	n/a	n/a	D255
1044.3040000000	n/a	n/a	STATUS	n/a	n/a	DI51
1044.3520000000	n/a	n/a	STATUS	n/a	n/a	D255
1044.6040000000	n/a	n/a	STATUS	n/a	n/a	DI31
1044.6560000000	n/a	n/a	STATUS	n/a	n/a	D255
