onset	duration	sample	trial_type	response_time	stim_file	value
142.5040000000	n/a	n/a	STATUS	n/a	n/a	DIN5
142.5560000000	n/a	n/a	STATUS	n/a	n/a	D255
142.9680000000	n/a	n/a	STATUS	n/a	n/a	D139
143.0200000000	n/a	n/a	STATUS	n/a	n/a	D255
143.0560000000	n/a	n/a	STATUS	n/a	n/a	DI54
143.1080000000	n/a	n/a	STATUS	n/a	n/a	D255
143.3880000000	n/a	n/a	STATUS	n/a	n/a	DI34
143.4400000000	n/a	n/a	STATUS	n/a	n/a	D255
143.7000000000	n/a	n/a	STATUS	n/a	n/a	DIN5
143.7520000000	n/a	n/a	STATUS	n/a	n/a	D255
144.2040000000	n/a	n/a	STATUS	n/a	n/a	D225
144.2560000000	n/a	n/a	STATUS	n/a	n/a	D255
144.2960000000	n/a	n/a	STATUS	n/a	n/a	DI51
144.3440000000	n/a	n/a	STATUS	n/a	n/a	D255
144.5840000000	n/a	n/a	STATUS	n/a	n/a	DI21
144.6360000000	n/a	n/a	STATUS	n/a	n/a	D255
144.6400000000	n/a	n/a	STATUS	n/a	n/a	DIN4
144.6920000000	n/a	n/a	STATUS	n/a	n/a	D255
145.4440000000	n/a	n/a	STATUS	n/a	n/a	DIN5
145.4960000000	n/a	n/a	STATUS	n/a	n/a	D255
145.8440000000	n/a	n/a	STATUS	n/a	n/a	D230
145.8960000000	n/a	n/a	STATUS	n/a	n/a	D255
145.9320000000	n/a	n/a	STATUS	n/a	n/a	DI53
145.9840000000	n/a	n/a	STATUS	n/a	n/a	D255
146.3680000000	n/a	n/a	STATUS	n/a	n/a	DI43
146.4200000000	n/a	n/a	STATUS	n/a	n/a	D255
146.6800000000	n/a	n/a	STATUS	n/a	n/a	DIN5
146.7320000000	n/a	n/a	STATUS	n/a	n/a	D255
147.0760000000	n/a	n/a	STATUS	n/a	n/a	DI67
147.1240000000	n/a	n/a	STATUS	n/a	n/a	D255
147.1600000000	n/a	n/a	STATUS	n/a	n/a	DI54
147.2120000000	n/a	n/a	STATUS	n/a	n/a	D255
147.4560000000	n/a	n/a	STATUS	n/a	n/a	DI34
147.5040000000	n/a	n/a	STATUS	n/a	n/a	D255
147.7640000000	n/a	n/a	STATUS	n/a	n/a	DIN5
147.8160000000	n/a	n/a	STATUS	n/a	n/a	D255
148.1600000000	n/a	n/a	STATUS	n/a	n/a	D251
148.2080000000	n/a	n/a	STATUS	n/a	n/a	D255
148.2480000000	n/a	n/a	STATUS	n/a	n/a	DI54
148.2960000000	n/a	n/a	STATUS	n/a	n/a	D255
148.6360000000	n/a	n/a	STATUS	n/a	n/a	DI34
148.6840000000	n/a	n/a	STATUS	n/a	n/a	D255
148.9440000000	n/a	n/a	STATUS	n/a	n/a	DIN5
148.9960000000	n/a	n/a	STATUS	n/a	n/a	D255
149.4160000000	n/a	n/a	STATUS	n/a	n/a	DI84
149.4640000000	n/a	n/a	STATUS	n/a	n/a	D255
149.5040000000	n/a	n/a	STATUS	n/a	n/a	DI51
149.5520000000	n/a	n/a	STATUS	n/a	n/a	D255
149.9920000000	n/a	n/a	STATUS	n/a	n/a	DI31
150.0400000000	n/a	n/a	STATUS	n/a	n/a	D255
150.3000000000	n/a	n/a	STATUS	n/a	n/a	DIN5
150.3480000000	n/a	n/a	STATUS	n/a	n/a	D255
150.6800000000	n/a	n/a	STATUS	n/a	n/a	D203
150.7280000000	n/a	n/a	STATUS	n/a	n/a	D255
150.7680000000	n/a	n/a	STATUS	n/a	n/a	DI51
150.8160000000	n/a	n/a	STATUS	n/a	n/a	D255
151.1960000000	n/a	n/a	STATUS	n/a	n/a	DI31
151.2480000000	n/a	n/a	STATUS	n/a	n/a	D255
151.5040000000	n/a	n/a	STATUS	n/a	n/a	DIN5
151.5560000000	n/a	n/a	STATUS	n/a	n/a	D255
151.8800000000	n/a	n/a	STATUS	n/a	n/a	D226
151.9320000000	n/a	n/a	STATUS	n/a	n/a	D255
151.9680000000	n/a	n/a	STATUS	n/a	n/a	DI51
152.0200000000	n/a	n/a	STATUS	n/a	n/a	D255
152.6400000000	n/a	n/a	STATUS	n/a	n/a	DI31
152.6880000000	n/a	n/a	STATUS	n/a	n/a	D255
152.9480000000	n/a	n/a	STATUS	n/a	n/a	DIN5
153.0000000000	n/a	n/a	STATUS	n/a	n/a	D255
153.4560000000	n/a	n/a	STATUS	n/a	n/a	D213
153.5080000000	n/a	n/a	STATUS	n/a	n/a	D255
153.5440000000	n/a	n/a	STATUS	n/a	n/a	DI53
153.5960000000	n/a	n/a	STATUS	n/a	n/a	D255
153.9560000000	n/a	n/a	STATUS	n/a	n/a	DI43
154.0080000000	n/a	n/a	STATUS	n/a	n/a	D255
154.2640000000	n/a	n/a	STATUS	n/a	n/a	DIN5
154.3160000000	n/a	n/a	STATUS	n/a	n/a	D255
154.6560000000	n/a	n/a	STATUS	n/a	n/a	D190
154.7040000000	n/a	n/a	STATUS	n/a	n/a	D255
154.7440000000	n/a	n/a	STATUS	n/a	n/a	DI54
154.7920000000	n/a	n/a	STATUS	n/a	n/a	D255
155.1120000000	n/a	n/a	STATUS	n/a	n/a	DI34
155.1640000000	n/a	n/a	STATUS	n/a	n/a	D255
155.4240000000	n/a	n/a	STATUS	n/a	n/a	DIN5
155.4720000000	n/a	n/a	STATUS	n/a	n/a	D255
155.8680000000	n/a	n/a	STATUS	n/a	n/a	DI95
155.9160000000	n/a	n/a	STATUS	n/a	n/a	D255
155.9560000000	n/a	n/a	STATUS	n/a	n/a	DI51
156.0040000000	n/a	n/a	STATUS	n/a	n/a	D255
157.0360000000	n/a	n/a	STATUS	n/a	n/a	DIN3
157.0880000000	n/a	n/a	STATUS	n/a	n/a	D255
157.8440000000	n/a	n/a	STATUS	n/a	n/a	DIN5
157.8920000000	n/a	n/a	STATUS	n/a	n/a	D255
158.2920000000	n/a	n/a	STATUS	n/a	n/a	D188
158.3400000000	n/a	n/a	STATUS	n/a	n/a	D255
158.3800000000	n/a	n/a	STATUS	n/a	n/a	DI52
158.4280000000	n/a	n/a	STATUS	n/a	n/a	D255
158.9040000000	n/a	n/a	STATUS	n/a	n/a	DI42
158.9520000000	n/a	n/a	STATUS	n/a	n/a	D255
159.2120000000	n/a	n/a	STATUS	n/a	n/a	DIN5
159.2640000000	n/a	n/a	STATUS	n/a	n/a	D255
159.5920000000	n/a	n/a	STATUS	n/a	n/a	D183
159.6400000000	n/a	n/a	STATUS	n/a	n/a	D255
159.6800000000	n/a	n/a	STATUS	n/a	n/a	DI52
159.7320000000	n/a	n/a	STATUS	n/a	n/a	D255
160.4040000000	n/a	n/a	STATUS	n/a	n/a	DI42
160.4520000000	n/a	n/a	STATUS	n/a	n/a	D255
160.7120000000	n/a	n/a	STATUS	n/a	n/a	DIN5
160.7640000000	n/a	n/a	STATUS	n/a	n/a	D255
161.2680000000	n/a	n/a	STATUS	n/a	n/a	D121
161.3160000000	n/a	n/a	STATUS	n/a	n/a	D255
161.3520000000	n/a	n/a	STATUS	n/a	n/a	DI52
161.4040000000	n/a	n/a	STATUS	n/a	n/a	D255
161.8360000000	n/a	n/a	STATUS	n/a	n/a	DI42
161.8840000000	n/a	n/a	STATUS	n/a	n/a	D255
162.1440000000	n/a	n/a	STATUS	n/a	n/a	DIN5
162.1960000000	n/a	n/a	STATUS	n/a	n/a	D255
162.6200000000	n/a	n/a	STATUS	n/a	n/a	D174
162.6680000000	n/a	n/a	STATUS	n/a	n/a	D255
162.7080000000	n/a	n/a	STATUS	n/a	n/a	DI53
162.7560000000	n/a	n/a	STATUS	n/a	n/a	D255
163.0520000000	n/a	n/a	STATUS	n/a	n/a	DI43
163.1040000000	n/a	n/a	STATUS	n/a	n/a	D255
163.3640000000	n/a	n/a	STATUS	n/a	n/a	DIN5
163.4120000000	n/a	n/a	STATUS	n/a	n/a	D255
163.7560000000	n/a	n/a	STATUS	n/a	n/a	DI91
163.8080000000	n/a	n/a	STATUS	n/a	n/a	D255
163.8440000000	n/a	n/a	STATUS	n/a	n/a	DI51
163.8960000000	n/a	n/a	STATUS	n/a	n/a	D255
164.3360000000	n/a	n/a	STATUS	n/a	n/a	DI31
164.3840000000	n/a	n/a	STATUS	n/a	n/a	D255
164.6440000000	n/a	n/a	STATUS	n/a	n/a	DIN5
164.6920000000	n/a	n/a	STATUS	n/a	n/a	D255
165.1480000000	n/a	n/a	STATUS	n/a	n/a	D122
165.2000000000	n/a	n/a	STATUS	n/a	n/a	D255
165.2360000000	n/a	n/a	STATUS	n/a	n/a	DI51
165.2880000000	n/a	n/a	STATUS	n/a	n/a	D255
165.6360000000	n/a	n/a	STATUS	n/a	n/a	DI31
165.6880000000	n/a	n/a	STATUS	n/a	n/a	D255
165.9440000000	n/a	n/a	STATUS	n/a	n/a	DIN5
165.9960000000	n/a	n/a	STATUS	n/a	n/a	D255
166.3280000000	n/a	n/a	STATUS	n/a	n/a	D191
166.3800000000	n/a	n/a	STATUS	n/a	n/a	D255
166.4160000000	n/a	n/a	STATUS	n/a	n/a	DI52
166.4680000000	n/a	n/a	STATUS	n/a	n/a	D255
166.8480000000	n/a	n/a	STATUS	n/a	n/a	DI42
166.9000000000	n/a	n/a	STATUS	n/a	n/a	D255
167.1560000000	n/a	n/a	STATUS	n/a	n/a	DIN5
167.2080000000	n/a	n/a	STATUS	n/a	n/a	D255
167.5560000000	n/a	n/a	STATUS	n/a	n/a	D177
167.6080000000	n/a	n/a	STATUS	n/a	n/a	D255
167.6440000000	n/a	n/a	STATUS	n/a	n/a	DI52
167.6960000000	n/a	n/a	STATUS	n/a	n/a	D255
168.0280000000	n/a	n/a	STATUS	n/a	n/a	DI42
168.0760000000	n/a	n/a	STATUS	n/a	n/a	D255
168.3360000000	n/a	n/a	STATUS	n/a	n/a	DIN5
168.3880000000	n/a	n/a	STATUS	n/a	n/a	D255
168.8680000000	n/a	n/a	STATUS	n/a	n/a	D123
168.9160000000	n/a	n/a	STATUS	n/a	n/a	D255
168.9560000000	n/a	n/a	STATUS	n/a	n/a	DI54
169.0040000000	n/a	n/a	STATUS	n/a	n/a	D255
169.2520000000	n/a	n/a	STATUS	n/a	n/a	DI34
169.3040000000	n/a	n/a	STATUS	n/a	n/a	D255
169.5640000000	n/a	n/a	STATUS	n/a	n/a	DIN5
169.6120000000	n/a	n/a	STATUS	n/a	n/a	D255
169.9920000000	n/a	n/a	STATUS	n/a	n/a	D103
170.0440000000	n/a	n/a	STATUS	n/a	n/a	D255
170.0800000000	n/a	n/a	STATUS	n/a	n/a	DI52
170.1320000000	n/a	n/a	STATUS	n/a	n/a	D255
170.5480000000	n/a	n/a	STATUS	n/a	n/a	DI42
170.6000000000	n/a	n/a	STATUS	n/a	n/a	D255
170.8560000000	n/a	n/a	STATUS	n/a	n/a	DIN5
170.9080000000	n/a	n/a	STATUS	n/a	n/a	D255
171.2440000000	n/a	n/a	STATUS	n/a	n/a	D128
171.2920000000	n/a	n/a	STATUS	n/a	n/a	D255
171.3320000000	n/a	n/a	STATUS	n/a	n/a	DI54
171.3800000000	n/a	n/a	STATUS	n/a	n/a	D255
171.6520000000	n/a	n/a	STATUS	n/a	n/a	DI34
171.7000000000	n/a	n/a	STATUS	n/a	n/a	D255
171.9600000000	n/a	n/a	STATUS	n/a	n/a	DIN5
172.0120000000	n/a	n/a	STATUS	n/a	n/a	D255
172.5000000000	n/a	n/a	STATUS	n/a	n/a	D210
172.5480000000	n/a	n/a	STATUS	n/a	n/a	D255
172.5880000000	n/a	n/a	STATUS	n/a	n/a	DI53
172.6360000000	n/a	n/a	STATUS	n/a	n/a	D255
172.8720000000	n/a	n/a	STATUS	n/a	n/a	DI43
172.9240000000	n/a	n/a	STATUS	n/a	n/a	D255
173.1840000000	n/a	n/a	STATUS	n/a	n/a	DIN5
173.2320000000	n/a	n/a	STATUS	n/a	n/a	D255
173.5760000000	n/a	n/a	STATUS	n/a	n/a	D242
173.6280000000	n/a	n/a	STATUS	n/a	n/a	D255
173.6640000000	n/a	n/a	STATUS	n/a	n/a	DI52
173.7160000000	n/a	n/a	STATUS	n/a	n/a	D255
173.9800000000	n/a	n/a	STATUS	n/a	n/a	DI12
174.0320000000	n/a	n/a	STATUS	n/a	n/a	D255
174.0360000000	n/a	n/a	STATUS	n/a	n/a	DIN4
174.0880000000	n/a	n/a	STATUS	n/a	n/a	D255
174.8400000000	n/a	n/a	STATUS	n/a	n/a	DIN5
174.8920000000	n/a	n/a	STATUS	n/a	n/a	D255
175.1960000000	n/a	n/a	STATUS	n/a	n/a	DI78
175.2480000000	n/a	n/a	STATUS	n/a	n/a	D255
175.2840000000	n/a	n/a	STATUS	n/a	n/a	DI52
175.3320000000	n/a	n/a	STATUS	n/a	n/a	D255
175.7640000000	n/a	n/a	STATUS	n/a	n/a	DI42
175.8120000000	n/a	n/a	STATUS	n/a	n/a	D255
176.0720000000	n/a	n/a	STATUS	n/a	n/a	DIN5
176.1240000000	n/a	n/a	STATUS	n/a	n/a	D255
176.6240000000	n/a	n/a	STATUS	n/a	n/a	D115
176.6720000000	n/a	n/a	STATUS	n/a	n/a	D255
176.7080000000	n/a	n/a	STATUS	n/a	n/a	DI51
176.7600000000	n/a	n/a	STATUS	n/a	n/a	D255
176.7600000000	n/a	n/a	STATUS	n/a	n/a	D243
177.1040000000	n/a	n/a	STATUS	n/a	n/a	DI31
177.1520000000	n/a	n/a	STATUS	n/a	n/a	D255
177.4120000000	n/a	n/a	STATUS	n/a	n/a	DIN5
177.4640000000	n/a	n/a	STATUS	n/a	n/a	D255
177.8920000000	n/a	n/a	STATUS	n/a	n/a	DI88
177.9400000000	n/a	n/a	STATUS	n/a	n/a	D255
177.9800000000	n/a	n/a	STATUS	n/a	n/a	DI52
178.0320000000	n/a	n/a	STATUS	n/a	n/a	D255
178.4040000000	n/a	n/a	STATUS	n/a	n/a	DI42
178.4560000000	n/a	n/a	STATUS	n/a	n/a	D255
178.7160000000	n/a	n/a	STATUS	n/a	n/a	DIN5
178.7640000000	n/a	n/a	STATUS	n/a	n/a	D255
179.1160000000	n/a	n/a	STATUS	n/a	n/a	D192
179.1640000000	n/a	n/a	STATUS	n/a	n/a	D255
179.2040000000	n/a	n/a	STATUS	n/a	n/a	DI52
179.2520000000	n/a	n/a	STATUS	n/a	n/a	D255
179.6240000000	n/a	n/a	STATUS	n/a	n/a	DI42
179.6760000000	n/a	n/a	STATUS	n/a	n/a	D255
179.9360000000	n/a	n/a	STATUS	n/a	n/a	DIN5
179.9840000000	n/a	n/a	STATUS	n/a	n/a	D255
180.4200000000	n/a	n/a	STATUS	n/a	n/a	DI86
180.4720000000	n/a	n/a	STATUS	n/a	n/a	D255
180.5080000000	n/a	n/a	STATUS	n/a	n/a	DI52
180.5560000000	n/a	n/a	STATUS	n/a	n/a	D255
180.8920000000	n/a	n/a	STATUS	n/a	n/a	DI42
180.9400000000	n/a	n/a	STATUS	n/a	n/a	D255
181.2000000000	n/a	n/a	STATUS	n/a	n/a	DIN5
181.2520000000	n/a	n/a	STATUS	n/a	n/a	D255
181.6720000000	n/a	n/a	STATUS	n/a	n/a	D186
181.7200000000	n/a	n/a	STATUS	n/a	n/a	D255
181.7560000000	n/a	n/a	STATUS	n/a	n/a	DI51
181.8080000000	n/a	n/a	STATUS	n/a	n/a	D255
182.0560000000	n/a	n/a	STATUS	n/a	n/a	DI21
182.1040000000	n/a	n/a	STATUS	n/a	n/a	D255
182.1080000000	n/a	n/a	STATUS	n/a	n/a	DIN4
182.1600000000	n/a	n/a	STATUS	n/a	n/a	D255
182.9160000000	n/a	n/a	STATUS	n/a	n/a	DIN5
182.9640000000	n/a	n/a	STATUS	n/a	n/a	D255
183.2800000000	n/a	n/a	STATUS	n/a	n/a	D109
183.3280000000	n/a	n/a	STATUS	n/a	n/a	D255
183.3680000000	n/a	n/a	STATUS	n/a	n/a	DI53
183.4160000000	n/a	n/a	STATUS	n/a	n/a	D255
183.8760000000	n/a	n/a	STATUS	n/a	n/a	DI43
183.9280000000	n/a	n/a	STATUS	n/a	n/a	D255
184.1840000000	n/a	n/a	STATUS	n/a	n/a	DIN5
184.2360000000	n/a	n/a	STATUS	n/a	n/a	D255
184.7200000000	n/a	n/a	STATUS	n/a	n/a	D212
184.7720000000	n/a	n/a	STATUS	n/a	n/a	D255
184.8080000000	n/a	n/a	STATUS	n/a	n/a	DI52
184.8600000000	n/a	n/a	STATUS	n/a	n/a	D255
185.1000000000	n/a	n/a	STATUS	n/a	n/a	DI12
185.1480000000	n/a	n/a	STATUS	n/a	n/a	D255
185.1520000000	n/a	n/a	STATUS	n/a	n/a	DIN4
185.2040000000	n/a	n/a	STATUS	n/a	n/a	D255
185.9600000000	n/a	n/a	STATUS	n/a	n/a	DIN5
186.0080000000	n/a	n/a	STATUS	n/a	n/a	D255
186.3480000000	n/a	n/a	STATUS	n/a	n/a	D146
186.4000000000	n/a	n/a	STATUS	n/a	n/a	D255
186.4360000000	n/a	n/a	STATUS	n/a	n/a	DI54
186.4840000000	n/a	n/a	STATUS	n/a	n/a	D255
187.5080000000	n/a	n/a	STATUS	n/a	n/a	DIN3
187.5600000000	n/a	n/a	STATUS	n/a	n/a	D255
188.3120000000	n/a	n/a	STATUS	n/a	n/a	DIN5
188.3640000000	n/a	n/a	STATUS	n/a	n/a	D255
188.8040000000	n/a	n/a	STATUS	n/a	n/a	D135
188.8520000000	n/a	n/a	STATUS	n/a	n/a	D255
188.8920000000	n/a	n/a	STATUS	n/a	n/a	DI51
188.9400000000	n/a	n/a	STATUS	n/a	n/a	D255
189.3920000000	n/a	n/a	STATUS	n/a	n/a	DI31
189.4400000000	n/a	n/a	STATUS	n/a	n/a	D255
189.7000000000	n/a	n/a	STATUS	n/a	n/a	DIN5
189.7520000000	n/a	n/a	STATUS	n/a	n/a	D255
190.1480000000	n/a	n/a	STATUS	n/a	n/a	D130
190.2000000000	n/a	n/a	STATUS	n/a	n/a	D255
190.2360000000	n/a	n/a	STATUS	n/a	n/a	DI54
190.2880000000	n/a	n/a	STATUS	n/a	n/a	D255
190.5400000000	n/a	n/a	STATUS	n/a	n/a	DI34
190.5920000000	n/a	n/a	STATUS	n/a	n/a	D255
190.8520000000	n/a	n/a	STATUS	n/a	n/a	DIN5
190.9000000000	n/a	n/a	STATUS	n/a	n/a	D255
191.3560000000	n/a	n/a	STATUS	n/a	n/a	DI68
191.4040000000	n/a	n/a	STATUS	n/a	n/a	D255
191.4440000000	n/a	n/a	STATUS	n/a	n/a	DI52
191.4960000000	n/a	n/a	STATUS	n/a	n/a	D255
191.8640000000	n/a	n/a	STATUS	n/a	n/a	DI42
191.9160000000	n/a	n/a	STATUS	n/a	n/a	D255
192.1760000000	n/a	n/a	STATUS	n/a	n/a	DIN5
192.2240000000	n/a	n/a	STATUS	n/a	n/a	D255
192.6360000000	n/a	n/a	STATUS	n/a	n/a	D134
192.6840000000	n/a	n/a	STATUS	n/a	n/a	D255
192.7240000000	n/a	n/a	STATUS	n/a	n/a	DI53
192.7720000000	n/a	n/a	STATUS	n/a	n/a	D255
193.0440000000	n/a	n/a	STATUS	n/a	n/a	DI43
193.0960000000	n/a	n/a	STATUS	n/a	n/a	D255
193.3520000000	n/a	n/a	STATUS	n/a	n/a	DIN5
193.4040000000	n/a	n/a	STATUS	n/a	n/a	D255
193.8040000000	n/a	n/a	STATUS	n/a	n/a	D158
193.8560000000	n/a	n/a	STATUS	n/a	n/a	D255
193.8920000000	n/a	n/a	STATUS	n/a	n/a	DI51
193.9400000000	n/a	n/a	STATUS	n/a	n/a	D255
194.2080000000	n/a	n/a	STATUS	n/a	n/a	DI21
194.2560000000	n/a	n/a	STATUS	n/a	n/a	D255
194.2600000000	n/a	n/a	STATUS	n/a	n/a	DIN4
194.3120000000	n/a	n/a	STATUS	n/a	n/a	D255
195.0640000000	n/a	n/a	STATUS	n/a	n/a	DIN5
195.1160000000	n/a	n/a	STATUS	n/a	n/a	D255
195.5920000000	n/a	n/a	STATUS	n/a	n/a	D129
195.6400000000	n/a	n/a	STATUS	n/a	n/a	D255
195.6760000000	n/a	n/a	STATUS	n/a	n/a	DI52
195.7280000000	n/a	n/a	STATUS	n/a	n/a	D255
196.1880000000	n/a	n/a	STATUS	n/a	n/a	DI42
196.2400000000	n/a	n/a	STATUS	n/a	n/a	D255
196.4960000000	n/a	n/a	STATUS	n/a	n/a	DIN5
196.5480000000	n/a	n/a	STATUS	n/a	n/a	D255
196.9400000000	n/a	n/a	STATUS	n/a	n/a	D162
196.9920000000	n/a	n/a	STATUS	n/a	n/a	D255
197.0280000000	n/a	n/a	STATUS	n/a	n/a	DI51
197.0800000000	n/a	n/a	STATUS	n/a	n/a	D255
197.4320000000	n/a	n/a	STATUS	n/a	n/a	DI31
197.4800000000	n/a	n/a	STATUS	n/a	n/a	D255
197.7400000000	n/a	n/a	STATUS	n/a	n/a	DIN5
197.7920000000	n/a	n/a	STATUS	n/a	n/a	D255
198.2800000000	n/a	n/a	STATUS	n/a	n/a	D171
198.3320000000	n/a	n/a	STATUS	n/a	n/a	D255
198.3680000000	n/a	n/a	STATUS	n/a	n/a	DI52
198.4160000000	n/a	n/a	STATUS	n/a	n/a	D255
198.8360000000	n/a	n/a	STATUS	n/a	n/a	DI42
198.8880000000	n/a	n/a	STATUS	n/a	n/a	D255
199.1480000000	n/a	n/a	STATUS	n/a	n/a	DIN5
199.1960000000	n/a	n/a	STATUS	n/a	n/a	D255
199.5160000000	n/a	n/a	STATUS	n/a	n/a	D223
199.5640000000	n/a	n/a	STATUS	n/a	n/a	D255
199.6040000000	n/a	n/a	STATUS	n/a	n/a	DI52
199.6560000000	n/a	n/a	STATUS	n/a	n/a	D255
200.0440000000	n/a	n/a	STATUS	n/a	n/a	DI42
200.0920000000	n/a	n/a	STATUS	n/a	n/a	D255
200.3520000000	n/a	n/a	STATUS	n/a	n/a	DIN5
200.4040000000	n/a	n/a	STATUS	n/a	n/a	D255
200.8840000000	n/a	n/a	STATUS	n/a	n/a	D238
200.9320000000	n/a	n/a	STATUS	n/a	n/a	D255
200.9720000000	n/a	n/a	STATUS	n/a	n/a	DI53
201.0200000000	n/a	n/a	STATUS	n/a	n/a	D255
201.2960000000	n/a	n/a	STATUS	n/a	n/a	DI43
201.3480000000	n/a	n/a	STATUS	n/a	n/a	D255
201.6080000000	n/a	n/a	STATUS	n/a	n/a	DIN5
201.6560000000	n/a	n/a	STATUS	n/a	n/a	D255
202.0000000000	n/a	n/a	STATUS	n/a	n/a	D173
202.0520000000	n/a	n/a	STATUS	n/a	n/a	D255
202.0880000000	n/a	n/a	STATUS	n/a	n/a	DI53
202.1400000000	n/a	n/a	STATUS	n/a	n/a	D255
202.4360000000	n/a	n/a	STATUS	n/a	n/a	DI43
202.4880000000	n/a	n/a	STATUS	n/a	n/a	D255
202.7480000000	n/a	n/a	STATUS	n/a	n/a	DIN5
202.7960000000	n/a	n/a	STATUS	n/a	n/a	D255
203.1840000000	n/a	n/a	STATUS	n/a	n/a	D205
203.2360000000	n/a	n/a	STATUS	n/a	n/a	D255
203.2720000000	n/a	n/a	STATUS	n/a	n/a	DI52
203.3240000000	n/a	n/a	STATUS	n/a	n/a	D255
203.7680000000	n/a	n/a	STATUS	n/a	n/a	DI42
203.8200000000	n/a	n/a	STATUS	n/a	n/a	D255
204.0760000000	n/a	n/a	STATUS	n/a	n/a	DIN5
204.1280000000	n/a	n/a	STATUS	n/a	n/a	D255
204.5840000000	n/a	n/a	STATUS	n/a	n/a	D215
204.6320000000	n/a	n/a	STATUS	n/a	n/a	D255
204.6720000000	n/a	n/a	STATUS	n/a	n/a	DI53
204.7200000000	n/a	n/a	STATUS	n/a	n/a	D255
204.9920000000	n/a	n/a	STATUS	n/a	n/a	DI43
205.0440000000	n/a	n/a	STATUS	n/a	n/a	D255
205.3040000000	n/a	n/a	STATUS	n/a	n/a	DIN5
205.3520000000	n/a	n/a	STATUS	n/a	n/a	D255
205.7080000000	n/a	n/a	STATUS	n/a	n/a	D133
205.7560000000	n/a	n/a	STATUS	n/a	n/a	D255
205.7960000000	n/a	n/a	STATUS	n/a	n/a	DI54
205.8440000000	n/a	n/a	STATUS	n/a	n/a	D255
206.0960000000	n/a	n/a	STATUS	n/a	n/a	DI34
206.1480000000	n/a	n/a	STATUS	n/a	n/a	D255
206.4080000000	n/a	n/a	STATUS	n/a	n/a	DIN5
206.4560000000	n/a	n/a	STATUS	n/a	n/a	D255
206.9120000000	n/a	n/a	STATUS	n/a	n/a	D168
206.9600000000	n/a	n/a	STATUS	n/a	n/a	D255
206.9960000000	n/a	n/a	STATUS	n/a	n/a	DI53
207.0480000000	n/a	n/a	STATUS	n/a	n/a	D255
207.3400000000	n/a	n/a	STATUS	n/a	n/a	DI43
207.3920000000	n/a	n/a	STATUS	n/a	n/a	D255
207.6520000000	n/a	n/a	STATUS	n/a	n/a	DIN5
207.7000000000	n/a	n/a	STATUS	n/a	n/a	D255
208.0760000000	n/a	n/a	STATUS	n/a	n/a	D164
208.1240000000	n/a	n/a	STATUS	n/a	n/a	D255
208.1640000000	n/a	n/a	STATUS	n/a	n/a	DI53
208.2160000000	n/a	n/a	STATUS	n/a	n/a	D255
208.4840000000	n/a	n/a	STATUS	n/a	n/a	DI43
208.5360000000	n/a	n/a	STATUS	n/a	n/a	D255
208.7920000000	n/a	n/a	STATUS	n/a	n/a	DIN5
208.8440000000	n/a	n/a	STATUS	n/a	n/a	D255
209.2680000000	n/a	n/a	STATUS	n/a	n/a	D163
209.3200000000	n/a	n/a	STATUS	n/a	n/a	D255
209.3560000000	n/a	n/a	STATUS	n/a	n/a	DI52
209.4080000000	n/a	n/a	STATUS	n/a	n/a	D255
209.7400000000	n/a	n/a	STATUS	n/a	n/a	DI42
209.7920000000	n/a	n/a	STATUS	n/a	n/a	D255
210.0520000000	n/a	n/a	STATUS	n/a	n/a	DIN5
210.1000000000	n/a	n/a	STATUS	n/a	n/a	D255
210.4640000000	n/a	n/a	STATUS	n/a	n/a	D214
210.5160000000	n/a	n/a	STATUS	n/a	n/a	D255
210.5520000000	n/a	n/a	STATUS	n/a	n/a	DI51
210.6040000000	n/a	n/a	STATUS	n/a	n/a	D255
210.8160000000	n/a	n/a	STATUS	n/a	n/a	DI21
210.8680000000	n/a	n/a	STATUS	n/a	n/a	D255
210.8720000000	n/a	n/a	STATUS	n/a	n/a	DIN4
210.9200000000	n/a	n/a	STATUS	n/a	n/a	D255
211.6760000000	n/a	n/a	STATUS	n/a	n/a	DIN5
211.7280000000	n/a	n/a	STATUS	n/a	n/a	D255
212.1600000000	n/a	n/a	STATUS	n/a	n/a	D234
212.2120000000	n/a	n/a	STATUS	n/a	n/a	D255
212.2480000000	n/a	n/a	STATUS	n/a	n/a	DI52
212.3000000000	n/a	n/a	STATUS	n/a	n/a	D255
213.3320000000	n/a	n/a	STATUS	n/a	n/a	DIN3
213.3800000000	n/a	n/a	STATUS	n/a	n/a	D255
214.1360000000	n/a	n/a	STATUS	n/a	n/a	DIN5
214.1880000000	n/a	n/a	STATUS	n/a	n/a	D255
214.5800000000	n/a	n/a	STATUS	n/a	n/a	D199
214.6320000000	n/a	n/a	STATUS	n/a	n/a	D255
214.6680000000	n/a	n/a	STATUS	n/a	n/a	DI54
214.7200000000	n/a	n/a	STATUS	n/a	n/a	D255
215.1640000000	n/a	n/a	STATUS	n/a	n/a	DI34
215.2120000000	n/a	n/a	STATUS	n/a	n/a	D255
215.4720000000	n/a	n/a	STATUS	n/a	n/a	DIN5
215.5240000000	n/a	n/a	STATUS	n/a	n/a	D255
215.8400000000	n/a	n/a	STATUS	n/a	n/a	D211
215.8880000000	n/a	n/a	STATUS	n/a	n/a	D255
215.9240000000	n/a	n/a	STATUS	n/a	n/a	DI54
215.9760000000	n/a	n/a	STATUS	n/a	n/a	D255
216.2440000000	n/a	n/a	STATUS	n/a	n/a	DI34
216.2960000000	n/a	n/a	STATUS	n/a	n/a	D255
216.5560000000	n/a	n/a	STATUS	n/a	n/a	DIN5
216.6040000000	n/a	n/a	STATUS	n/a	n/a	D255
216.6040000000	n/a	n/a	STATUS	n/a	n/a	D231
217.0400000000	n/a	n/a	STATUS	n/a	n/a	DI93
217.0880000000	n/a	n/a	STATUS	n/a	n/a	D255
217.1280000000	n/a	n/a	STATUS	n/a	n/a	DI52
217.1760000000	n/a	n/a	STATUS	n/a	n/a	D255
217.5560000000	n/a	n/a	STATUS	n/a	n/a	DI42
217.6080000000	n/a	n/a	STATUS	n/a	n/a	D255
217.8640000000	n/a	n/a	STATUS	n/a	n/a	DIN5
217.9160000000	n/a	n/a	STATUS	n/a	n/a	D255
218.2440000000	n/a	n/a	STATUS	n/a	n/a	DI69
218.2960000000	n/a	n/a	STATUS	n/a	n/a	D255
218.3360000000	n/a	n/a	STATUS	n/a	n/a	DI51
218.3840000000	n/a	n/a	STATUS	n/a	n/a	D255
218.6440000000	n/a	n/a	STATUS	n/a	n/a	DI21
218.6920000000	n/a	n/a	STATUS	n/a	n/a	D255
218.6960000000	n/a	n/a	STATUS	n/a	n/a	DIN4
218.7480000000	n/a	n/a	STATUS	n/a	n/a	D255
219.5040000000	n/a	n/a	STATUS	n/a	n/a	DIN5
219.5520000000	n/a	n/a	STATUS	n/a	n/a	D255
220.0480000000	n/a	n/a	STATUS	n/a	n/a	D170
220.0960000000	n/a	n/a	STATUS	n/a	n/a	D255
220.1360000000	n/a	n/a	STATUS	n/a	n/a	DI52
220.1840000000	n/a	n/a	STATUS	n/a	n/a	D255
220.5440000000	n/a	n/a	STATUS	n/a	n/a	DI42
220.5960000000	n/a	n/a	STATUS	n/a	n/a	D255
220.8560000000	n/a	n/a	STATUS	n/a	n/a	DIN5
220.9040000000	n/a	n/a	STATUS	n/a	n/a	D255
221.2240000000	n/a	n/a	STATUS	n/a	n/a	DI73
221.2760000000	n/a	n/a	STATUS	n/a	n/a	D255
221.3120000000	n/a	n/a	STATUS	n/a	n/a	DI52
221.3600000000	n/a	n/a	STATUS	n/a	n/a	D255
221.6960000000	n/a	n/a	STATUS	n/a	n/a	DI42
221.7480000000	n/a	n/a	STATUS	n/a	n/a	D255
222.0080000000	n/a	n/a	STATUS	n/a	n/a	DIN5
222.0560000000	n/a	n/a	STATUS	n/a	n/a	D255
222.5160000000	n/a	n/a	STATUS	n/a	n/a	D147
222.5640000000	n/a	n/a	STATUS	n/a	n/a	D255
222.6040000000	n/a	n/a	STATUS	n/a	n/a	DI54
222.6560000000	n/a	n/a	STATUS	n/a	n/a	D255
222.9120000000	n/a	n/a	STATUS	n/a	n/a	DI34
222.9640000000	n/a	n/a	STATUS	n/a	n/a	D255
223.2240000000	n/a	n/a	STATUS	n/a	n/a	DIN5
223.2720000000	n/a	n/a	STATUS	n/a	n/a	D255
223.6960000000	n/a	n/a	STATUS	n/a	n/a	D207
223.7480000000	n/a	n/a	STATUS	n/a	n/a	D255
223.7840000000	n/a	n/a	STATUS	n/a	n/a	DI51
223.8360000000	n/a	n/a	STATUS	n/a	n/a	D255
224.0680000000	n/a	n/a	STATUS	n/a	n/a	DI21
224.1160000000	n/a	n/a	STATUS	n/a	n/a	D255
224.1200000000	n/a	n/a	STATUS	n/a	n/a	DIN4
224.1720000000	n/a	n/a	STATUS	n/a	n/a	D255
224.9280000000	n/a	n/a	STATUS	n/a	n/a	DIN5
224.9760000000	n/a	n/a	STATUS	n/a	n/a	D255
225.4320000000	n/a	n/a	STATUS	n/a	n/a	D232
225.4800000000	n/a	n/a	STATUS	n/a	n/a	D255
225.5200000000	n/a	n/a	STATUS	n/a	n/a	DI54
225.5680000000	n/a	n/a	STATUS	n/a	n/a	D255
225.5680000000	n/a	n/a	STATUS	n/a	n/a	D247
226.0920000000	n/a	n/a	STATUS	n/a	n/a	DI34
226.1440000000	n/a	n/a	STATUS	n/a	n/a	D255
226.4040000000	n/a	n/a	STATUS	n/a	n/a	DIN5
226.4520000000	n/a	n/a	STATUS	n/a	n/a	D255
226.8080000000	n/a	n/a	STATUS	n/a	n/a	D236
226.8560000000	n/a	n/a	STATUS	n/a	n/a	D255
226.8960000000	n/a	n/a	STATUS	n/a	n/a	DI53
226.9440000000	n/a	n/a	STATUS	n/a	n/a	D255
227.2360000000	n/a	n/a	STATUS	n/a	n/a	DI43
227.2880000000	n/a	n/a	STATUS	n/a	n/a	D255
227.2880000000	n/a	n/a	STATUS	n/a	n/a	D235
227.5480000000	n/a	n/a	STATUS	n/a	n/a	DIN5
227.5960000000	n/a	n/a	STATUS	n/a	n/a	D255
227.9280000000	n/a	n/a	STATUS	n/a	n/a	D172
227.9760000000	n/a	n/a	STATUS	n/a	n/a	D255
228.0160000000	n/a	n/a	STATUS	n/a	n/a	DI51
228.0640000000	n/a	n/a	STATUS	n/a	n/a	D255
228.4280000000	n/a	n/a	STATUS	n/a	n/a	DI31
228.4760000000	n/a	n/a	STATUS	n/a	n/a	D255
228.7360000000	n/a	n/a	STATUS	n/a	n/a	DIN5
228.7880000000	n/a	n/a	STATUS	n/a	n/a	D255
229.1200000000	n/a	n/a	STATUS	n/a	n/a	D155
229.1720000000	n/a	n/a	STATUS	n/a	n/a	D255
229.2080000000	n/a	n/a	STATUS	n/a	n/a	DI54
229.2600000000	n/a	n/a	STATUS	n/a	n/a	D255
229.5520000000	n/a	n/a	STATUS	n/a	n/a	DI34
229.6000000000	n/a	n/a	STATUS	n/a	n/a	D255
229.8600000000	n/a	n/a	STATUS	n/a	n/a	DIN5
229.9120000000	n/a	n/a	STATUS	n/a	n/a	D255
230.2160000000	n/a	n/a	STATUS	n/a	n/a	D137
230.2640000000	n/a	n/a	STATUS	n/a	n/a	D255
230.3040000000	n/a	n/a	STATUS	n/a	n/a	DI54
230.3520000000	n/a	n/a	STATUS	n/a	n/a	D255
230.6360000000	n/a	n/a	STATUS	n/a	n/a	DI34
230.6880000000	n/a	n/a	STATUS	n/a	n/a	D255
230.9480000000	n/a	n/a	STATUS	n/a	n/a	DIN5
230.9960000000	n/a	n/a	STATUS	n/a	n/a	D255
231.4560000000	n/a	n/a	STATUS	n/a	n/a	D167
231.5080000000	n/a	n/a	STATUS	n/a	n/a	D255
231.5440000000	n/a	n/a	STATUS	n/a	n/a	DI54
231.5960000000	n/a	n/a	STATUS	n/a	n/a	D255
231.8440000000	n/a	n/a	STATUS	n/a	n/a	DI34
231.8920000000	n/a	n/a	STATUS	n/a	n/a	D255
232.1520000000	n/a	n/a	STATUS	n/a	n/a	DIN5
232.2000000000	n/a	n/a	STATUS	n/a	n/a	D255
232.5160000000	n/a	n/a	STATUS	n/a	n/a	D131
232.5680000000	n/a	n/a	STATUS	n/a	n/a	D255
232.6040000000	n/a	n/a	STATUS	n/a	n/a	DI54
232.6560000000	n/a	n/a	STATUS	n/a	n/a	D255
232.9280000000	n/a	n/a	STATUS	n/a	n/a	DI34
232.9760000000	n/a	n/a	STATUS	n/a	n/a	D255
233.2360000000	n/a	n/a	STATUS	n/a	n/a	DIN5
233.2840000000	n/a	n/a	STATUS	n/a	n/a	D255
233.7000000000	n/a	n/a	STATUS	n/a	n/a	D187
233.7520000000	n/a	n/a	STATUS	n/a	n/a	D255
233.7880000000	n/a	n/a	STATUS	n/a	n/a	DI53
233.8400000000	n/a	n/a	STATUS	n/a	n/a	D255
234.1200000000	n/a	n/a	STATUS	n/a	n/a	DI43
234.1680000000	n/a	n/a	STATUS	n/a	n/a	D255
234.4280000000	n/a	n/a	STATUS	n/a	n/a	DIN5
234.4800000000	n/a	n/a	STATUS	n/a	n/a	D255
234.8640000000	n/a	n/a	STATUS	n/a	n/a	D138
234.9160000000	n/a	n/a	STATUS	n/a	n/a	D255
234.9520000000	n/a	n/a	STATUS	n/a	n/a	DI51
235.0000000000	n/a	n/a	STATUS	n/a	n/a	D255
235.4400000000	n/a	n/a	STATUS	n/a	n/a	DI31
235.4880000000	n/a	n/a	STATUS	n/a	n/a	D255
235.7480000000	n/a	n/a	STATUS	n/a	n/a	DIN5
235.8000000000	n/a	n/a	STATUS	n/a	n/a	D255
236.1440000000	n/a	n/a	STATUS	n/a	n/a	D160
236.1920000000	n/a	n/a	STATUS	n/a	n/a	D255
236.2320000000	n/a	n/a	STATUS	n/a	n/a	DI54
236.2800000000	n/a	n/a	STATUS	n/a	n/a	D255
236.5240000000	n/a	n/a	STATUS	n/a	n/a	DI34
236.5720000000	n/a	n/a	STATUS	n/a	n/a	D255
236.8320000000	n/a	n/a	STATUS	n/a	n/a	DIN5
236.8800000000	n/a	n/a	STATUS	n/a	n/a	D239
236.8840000000	n/a	n/a	STATUS	n/a	n/a	D255
237.1880000000	n/a	n/a	STATUS	n/a	n/a	D253
237.2360000000	n/a	n/a	STATUS	n/a	n/a	D255
237.2760000000	n/a	n/a	STATUS	n/a	n/a	DI53
237.3240000000	n/a	n/a	STATUS	n/a	n/a	D255
237.6080000000	n/a	n/a	STATUS	n/a	n/a	DI43
237.6560000000	n/a	n/a	STATUS	n/a	n/a	D255
237.9160000000	n/a	n/a	STATUS	n/a	n/a	DIN5
237.9680000000	n/a	n/a	STATUS	n/a	n/a	D255
238.3720000000	n/a	n/a	STATUS	n/a	n/a	D141
238.4200000000	n/a	n/a	STATUS	n/a	n/a	D255
238.4600000000	n/a	n/a	STATUS	n/a	n/a	DI51
238.5080000000	n/a	n/a	STATUS	n/a	n/a	D255
238.8880000000	n/a	n/a	STATUS	n/a	n/a	DI31
238.9360000000	n/a	n/a	STATUS	n/a	n/a	D255
239.1960000000	n/a	n/a	STATUS	n/a	n/a	DIN5
239.2480000000	n/a	n/a	STATUS	n/a	n/a	D255
239.5960000000	n/a	n/a	STATUS	n/a	n/a	D140
239.6480000000	n/a	n/a	STATUS	n/a	n/a	D255
239.6840000000	n/a	n/a	STATUS	n/a	n/a	DI54
239.7320000000	n/a	n/a	STATUS	n/a	n/a	D255
239.9840000000	n/a	n/a	STATUS	n/a	n/a	DI34
240.0320000000	n/a	n/a	STATUS	n/a	n/a	D255
240.2920000000	n/a	n/a	STATUS	n/a	n/a	DIN5
240.3440000000	n/a	n/a	STATUS	n/a	n/a	D255
240.7280000000	n/a	n/a	STATUS	n/a	n/a	D156
240.7760000000	n/a	n/a	STATUS	n/a	n/a	D255
240.8160000000	n/a	n/a	STATUS	n/a	n/a	DI53
240.8680000000	n/a	n/a	STATUS	n/a	n/a	D255
241.1520000000	n/a	n/a	STATUS	n/a	n/a	DI43
241.2000000000	n/a	n/a	STATUS	n/a	n/a	D255
241.4600000000	n/a	n/a	STATUS	n/a	n/a	DIN5
241.5080000000	n/a	n/a	STATUS	n/a	n/a	D255
241.8440000000	n/a	n/a	STATUS	n/a	n/a	D246
241.8960000000	n/a	n/a	STATUS	n/a	n/a	D255
241.9320000000	n/a	n/a	STATUS	n/a	n/a	DI54
241.9840000000	n/a	n/a	STATUS	n/a	n/a	D255
242.3080000000	n/a	n/a	STATUS	n/a	n/a	DI34
242.3560000000	n/a	n/a	STATUS	n/a	n/a	D255
242.6160000000	n/a	n/a	STATUS	n/a	n/a	DIN5
242.6680000000	n/a	n/a	STATUS	n/a	n/a	D255
243.0520000000	n/a	n/a	STATUS	n/a	n/a	D194
243.1040000000	n/a	n/a	STATUS	n/a	n/a	D255
243.1400000000	n/a	n/a	STATUS	n/a	n/a	DI53
243.1880000000	n/a	n/a	STATUS	n/a	n/a	D255
243.4640000000	n/a	n/a	STATUS	n/a	n/a	DI43
243.5160000000	n/a	n/a	STATUS	n/a	n/a	D255
243.7760000000	n/a	n/a	STATUS	n/a	n/a	DIN5
243.8240000000	n/a	n/a	STATUS	n/a	n/a	D255
244.2920000000	n/a	n/a	STATUS	n/a	n/a	DI66
244.3400000000	n/a	n/a	STATUS	n/a	n/a	D255
244.3760000000	n/a	n/a	STATUS	n/a	n/a	DI53
244.4280000000	n/a	n/a	STATUS	n/a	n/a	D255
244.7040000000	n/a	n/a	STATUS	n/a	n/a	DI43
244.7520000000	n/a	n/a	STATUS	n/a	n/a	D255
245.0120000000	n/a	n/a	STATUS	n/a	n/a	DIN5
245.0640000000	n/a	n/a	STATUS	n/a	n/a	D255
245.4320000000	n/a	n/a	STATUS	n/a	n/a	D229
245.4840000000	n/a	n/a	STATUS	n/a	n/a	D255
245.5200000000	n/a	n/a	STATUS	n/a	n/a	DI53
245.5720000000	n/a	n/a	STATUS	n/a	n/a	D255
245.8240000000	n/a	n/a	STATUS	n/a	n/a	DI43
245.8760000000	n/a	n/a	STATUS	n/a	n/a	D255
246.1360000000	n/a	n/a	STATUS	n/a	n/a	DIN5
246.1840000000	n/a	n/a	STATUS	n/a	n/a	D255
246.5640000000	n/a	n/a	STATUS	n/a	n/a	D118
246.6160000000	n/a	n/a	STATUS	n/a	n/a	D255
246.6520000000	n/a	n/a	STATUS	n/a	n/a	DI51
246.7040000000	n/a	n/a	STATUS	n/a	n/a	D255
246.9120000000	n/a	n/a	STATUS	n/a	n/a	DI21
246.9640000000	n/a	n/a	STATUS	n/a	n/a	D255
246.9680000000	n/a	n/a	STATUS	n/a	n/a	DIN4
247.0160000000	n/a	n/a	STATUS	n/a	n/a	D255
247.7720000000	n/a	n/a	STATUS	n/a	n/a	DIN5
247.8240000000	n/a	n/a	STATUS	n/a	n/a	D255
248.3120000000	n/a	n/a	STATUS	n/a	n/a	D148
248.3600000000	n/a	n/a	STATUS	n/a	n/a	D255
248.4000000000	n/a	n/a	STATUS	n/a	n/a	DI53
248.4480000000	n/a	n/a	STATUS	n/a	n/a	D255
248.8480000000	n/a	n/a	STATUS	n/a	n/a	DI43
248.8960000000	n/a	n/a	STATUS	n/a	n/a	D255
249.1560000000	n/a	n/a	STATUS	n/a	n/a	DIN5
249.2080000000	n/a	n/a	STATUS	n/a	n/a	D255
249.5120000000	n/a	n/a	STATUS	n/a	n/a	D179
249.5600000000	n/a	n/a	STATUS	n/a	n/a	D255
249.6000000000	n/a	n/a	STATUS	n/a	n/a	DI53
249.6480000000	n/a	n/a	STATUS	n/a	n/a	D255
250.0840000000	n/a	n/a	STATUS	n/a	n/a	DI43
250.1320000000	n/a	n/a	STATUS	n/a	n/a	D255
250.3920000000	n/a	n/a	STATUS	n/a	n/a	DIN5
250.4440000000	n/a	n/a	STATUS	n/a	n/a	D255
250.7640000000	n/a	n/a	STATUS	n/a	n/a	D144
250.8120000000	n/a	n/a	STATUS	n/a	n/a	D255
250.8480000000	n/a	n/a	STATUS	n/a	n/a	DI51
250.9000000000	n/a	n/a	STATUS	n/a	n/a	D255
251.2880000000	n/a	n/a	STATUS	n/a	n/a	DI31
251.3400000000	n/a	n/a	STATUS	n/a	n/a	D255
251.5960000000	n/a	n/a	STATUS	n/a	n/a	DIN5
251.6480000000	n/a	n/a	STATUS	n/a	n/a	D255
252.0040000000	n/a	n/a	STATUS	n/a	n/a	D149
252.0520000000	n/a	n/a	STATUS	n/a	n/a	D255
252.0920000000	n/a	n/a	STATUS	n/a	n/a	DI51
252.1400000000	n/a	n/a	STATUS	n/a	n/a	D255
252.5000000000	n/a	n/a	STATUS	n/a	n/a	DI31
252.5520000000	n/a	n/a	STATUS	n/a	n/a	D255
252.8080000000	n/a	n/a	STATUS	n/a	n/a	DIN5
252.8600000000	n/a	n/a	STATUS	n/a	n/a	D255
253.3600000000	n/a	n/a	STATUS	n/a	n/a	D124
253.4080000000	n/a	n/a	STATUS	n/a	n/a	D255
253.4480000000	n/a	n/a	STATUS	n/a	n/a	DI52
253.5000000000	n/a	n/a	STATUS	n/a	n/a	D255
253.7320000000	n/a	n/a	STATUS	n/a	n/a	DI12
253.7800000000	n/a	n/a	STATUS	n/a	n/a	D255
253.7840000000	n/a	n/a	STATUS	n/a	n/a	DIN4
253.8360000000	n/a	n/a	STATUS	n/a	n/a	D255
254.5920000000	n/a	n/a	STATUS	n/a	n/a	DIN5
254.6400000000	n/a	n/a	STATUS	n/a	n/a	D255
255.1360000000	n/a	n/a	STATUS	n/a	n/a	D218
255.1840000000	n/a	n/a	STATUS	n/a	n/a	D255
255.2240000000	n/a	n/a	STATUS	n/a	n/a	DI54
255.2720000000	n/a	n/a	STATUS	n/a	n/a	D255
255.7800000000	n/a	n/a	STATUS	n/a	n/a	DI34
255.8280000000	n/a	n/a	STATUS	n/a	n/a	D227
255.8320000000	n/a	n/a	STATUS	n/a	n/a	D255
256.0920000000	n/a	n/a	STATUS	n/a	n/a	DIN5
256.1400000000	n/a	n/a	STATUS	n/a	n/a	D255
256.5040000000	n/a	n/a	STATUS	n/a	n/a	D209
256.5520000000	n/a	n/a	STATUS	n/a	n/a	D255
256.5920000000	n/a	n/a	STATUS	n/a	n/a	DI53
256.6400000000	n/a	n/a	STATUS	n/a	n/a	D255
256.9800000000	n/a	n/a	STATUS	n/a	n/a	DI43
257.0320000000	n/a	n/a	STATUS	n/a	n/a	D255
257.2920000000	n/a	n/a	STATUS	n/a	n/a	DIN5
257.3400000000	n/a	n/a	STATUS	n/a	n/a	D255
257.8200000000	n/a	n/a	STATUS	n/a	n/a	D106
257.8680000000	n/a	n/a	STATUS	n/a	n/a	D255
257.9080000000	n/a	n/a	STATUS	n/a	n/a	DI51
257.9560000000	n/a	n/a	STATUS	n/a	n/a	D255
258.3080000000	n/a	n/a	STATUS	n/a	n/a	DI31
258.3600000000	n/a	n/a	STATUS	n/a	n/a	D255
258.6160000000	n/a	n/a	STATUS	n/a	n/a	DIN5
258.6680000000	n/a	n/a	STATUS	n/a	n/a	D255
259.0800000000	n/a	n/a	STATUS	n/a	n/a	D237
259.1280000000	n/a	n/a	STATUS	n/a	n/a	D255
259.1640000000	n/a	n/a	STATUS	n/a	n/a	DI53
259.2160000000	n/a	n/a	STATUS	n/a	n/a	D255
259.4520000000	n/a	n/a	STATUS	n/a	n/a	DI43
259.5000000000	n/a	n/a	STATUS	n/a	n/a	D255
259.7600000000	n/a	n/a	STATUS	n/a	n/a	DIN5
259.8120000000	n/a	n/a	STATUS	n/a	n/a	D255
260.1360000000	n/a	n/a	STATUS	n/a	n/a	D204
260.1840000000	n/a	n/a	STATUS	n/a	n/a	D255
260.2240000000	n/a	n/a	STATUS	n/a	n/a	DI53
260.2720000000	n/a	n/a	STATUS	n/a	n/a	D255
260.5680000000	n/a	n/a	STATUS	n/a	n/a	DI43
260.6160000000	n/a	n/a	STATUS	n/a	n/a	D255
260.8760000000	n/a	n/a	STATUS	n/a	n/a	DIN5
260.9280000000	n/a	n/a	STATUS	n/a	n/a	D255
261.4320000000	n/a	n/a	STATUS	n/a	n/a	D247
261.4800000000	n/a	n/a	STATUS	n/a	n/a	D255
261.5200000000	n/a	n/a	STATUS	n/a	n/a	DI53
261.5680000000	n/a	n/a	STATUS	n/a	n/a	D255
261.8560000000	n/a	n/a	STATUS	n/a	n/a	DI43
261.9040000000	n/a	n/a	STATUS	n/a	n/a	D255
262.1640000000	n/a	n/a	STATUS	n/a	n/a	DIN5
262.2160000000	n/a	n/a	STATUS	n/a	n/a	D255
262.7200000000	n/a	n/a	STATUS	n/a	n/a	D152
262.7720000000	n/a	n/a	STATUS	n/a	n/a	D255
262.8080000000	n/a	n/a	STATUS	n/a	n/a	DI52
262.8600000000	n/a	n/a	STATUS	n/a	n/a	D255
263.0640000000	n/a	n/a	STATUS	n/a	n/a	DI12
263.1160000000	n/a	n/a	STATUS	n/a	n/a	D255
263.1200000000	n/a	n/a	STATUS	n/a	n/a	DIN4
263.1680000000	n/a	n/a	STATUS	n/a	n/a	D255
263.9240000000	n/a	n/a	STATUS	n/a	n/a	DIN5
263.9760000000	n/a	n/a	STATUS	n/a	n/a	D255
264.4640000000	n/a	n/a	STATUS	n/a	n/a	D239
264.5160000000	n/a	n/a	STATUS	n/a	n/a	D255
264.5520000000	n/a	n/a	STATUS	n/a	n/a	DI51
264.6040000000	n/a	n/a	STATUS	n/a	n/a	D255
265.0600000000	n/a	n/a	STATUS	n/a	n/a	DI31
265.1080000000	n/a	n/a	STATUS	n/a	n/a	D255
265.3680000000	n/a	n/a	STATUS	n/a	n/a	DIN5
265.4200000000	n/a	n/a	STATUS	n/a	n/a	D255
265.4200000000	n/a	n/a	STATUS	n/a	n/a	D229
265.8000000000	n/a	n/a	STATUS	n/a	n/a	D200
265.8480000000	n/a	n/a	STATUS	n/a	n/a	D255
265.8840000000	n/a	n/a	STATUS	n/a	n/a	DI51
265.9360000000	n/a	n/a	STATUS	n/a	n/a	D255
266.3240000000	n/a	n/a	STATUS	n/a	n/a	DI31
266.3760000000	n/a	n/a	STATUS	n/a	n/a	D255
266.6320000000	n/a	n/a	STATUS	n/a	n/a	DIN5
266.6840000000	n/a	n/a	STATUS	n/a	n/a	D255
267.1480000000	n/a	n/a	STATUS	n/a	n/a	D222
267.2000000000	n/a	n/a	STATUS	n/a	n/a	D255
267.2360000000	n/a	n/a	STATUS	n/a	n/a	DI54
267.2880000000	n/a	n/a	STATUS	n/a	n/a	D255
267.5440000000	n/a	n/a	STATUS	n/a	n/a	DI34
267.5960000000	n/a	n/a	STATUS	n/a	n/a	D255
267.8520000000	n/a	n/a	STATUS	n/a	n/a	DIN5
267.9040000000	n/a	n/a	STATUS	n/a	n/a	D255
268.3920000000	n/a	n/a	STATUS	n/a	n/a	D227
268.4440000000	n/a	n/a	STATUS	n/a	n/a	D255
268.4800000000	n/a	n/a	STATUS	n/a	n/a	DI54
268.5320000000	n/a	n/a	STATUS	n/a	n/a	D255
268.7800000000	n/a	n/a	STATUS	n/a	n/a	DI34
268.8320000000	n/a	n/a	STATUS	n/a	n/a	D255
269.0920000000	n/a	n/a	STATUS	n/a	n/a	DIN5
269.1400000000	n/a	n/a	STATUS	n/a	n/a	D255
269.4640000000	n/a	n/a	STATUS	n/a	n/a	D201
269.5160000000	n/a	n/a	STATUS	n/a	n/a	D255
269.5520000000	n/a	n/a	STATUS	n/a	n/a	DI51
269.6040000000	n/a	n/a	STATUS	n/a	n/a	D255
269.9880000000	n/a	n/a	STATUS	n/a	n/a	DI31
270.0400000000	n/a	n/a	STATUS	n/a	n/a	D255
270.2960000000	n/a	n/a	STATUS	n/a	n/a	DIN5
270.3480000000	n/a	n/a	STATUS	n/a	n/a	D255
270.8240000000	n/a	n/a	STATUS	n/a	n/a	D165
270.8720000000	n/a	n/a	STATUS	n/a	n/a	D255
270.9080000000	n/a	n/a	STATUS	n/a	n/a	DI53
270.9600000000	n/a	n/a	STATUS	n/a	n/a	D255
271.2160000000	n/a	n/a	STATUS	n/a	n/a	DI43
271.2680000000	n/a	n/a	STATUS	n/a	n/a	D255
271.5240000000	n/a	n/a	STATUS	n/a	n/a	DIN5
271.5760000000	n/a	n/a	STATUS	n/a	n/a	D255
271.9080000000	n/a	n/a	STATUS	n/a	n/a	D208
271.9600000000	n/a	n/a	STATUS	n/a	n/a	D255
272.0000000000	n/a	n/a	STATUS	n/a	n/a	DI52
272.0480000000	n/a	n/a	STATUS	n/a	n/a	D255
272.4000000000	n/a	n/a	STATUS	n/a	n/a	DI42
272.4520000000	n/a	n/a	STATUS	n/a	n/a	D255
272.7120000000	n/a	n/a	STATUS	n/a	n/a	DIN5
272.7600000000	n/a	n/a	STATUS	n/a	n/a	D255
273.2600000000	n/a	n/a	STATUS	n/a	n/a	D241
273.3120000000	n/a	n/a	STATUS	n/a	n/a	D255
273.3480000000	n/a	n/a	STATUS	n/a	n/a	DI54
273.4000000000	n/a	n/a	STATUS	n/a	n/a	D255
273.6320000000	n/a	n/a	STATUS	n/a	n/a	DI34
273.6840000000	n/a	n/a	STATUS	n/a	n/a	D255
273.9440000000	n/a	n/a	STATUS	n/a	n/a	DIN5
273.9920000000	n/a	n/a	STATUS	n/a	n/a	D255
274.3560000000	n/a	n/a	STATUS	n/a	n/a	D125
274.4080000000	n/a	n/a	STATUS	n/a	n/a	D255
274.4440000000	n/a	n/a	STATUS	n/a	n/a	DI54
274.4960000000	n/a	n/a	STATUS	n/a	n/a	D255
274.7800000000	n/a	n/a	STATUS	n/a	n/a	DI34
274.8320000000	n/a	n/a	STATUS	n/a	n/a	D255
294.5480000000	n/a	n/a	STATUS	n/a	n/a	DIN5
294.6000000000	n/a	n/a	STATUS	n/a	n/a	D255
294.9040000000	n/a	n/a	STATUS	n/a	n/a	D148
294.9520000000	n/a	n/a	STATUS	n/a	n/a	D213
294.9560000000	n/a	n/a	STATUS	n/a	n/a	D255
294.9920000000	n/a	n/a	STATUS	n/a	n/a	DI51
295.0400000000	n/a	n/a	STATUS	n/a	n/a	D255
295.4240000000	n/a	n/a	STATUS	n/a	n/a	DI31
295.4760000000	n/a	n/a	STATUS	n/a	n/a	D255
295.7360000000	n/a	n/a	STATUS	n/a	n/a	DIN5
295.7840000000	n/a	n/a	STATUS	n/a	n/a	D255
296.2400000000	n/a	n/a	STATUS	n/a	n/a	D157
296.2920000000	n/a	n/a	STATUS	n/a	n/a	D255
296.3280000000	n/a	n/a	STATUS	n/a	n/a	DI54
296.3800000000	n/a	n/a	STATUS	n/a	n/a	D255
296.6280000000	n/a	n/a	STATUS	n/a	n/a	DI34
296.6800000000	n/a	n/a	STATUS	n/a	n/a	D255
296.9360000000	n/a	n/a	STATUS	n/a	n/a	DIN5
296.9880000000	n/a	n/a	STATUS	n/a	n/a	D255
297.4320000000	n/a	n/a	STATUS	n/a	n/a	D218
297.4840000000	n/a	n/a	STATUS	n/a	n/a	D255
297.5200000000	n/a	n/a	STATUS	n/a	n/a	DI51
297.5720000000	n/a	n/a	STATUS	n/a	n/a	D255
297.9040000000	n/a	n/a	STATUS	n/a	n/a	DI31
297.9560000000	n/a	n/a	STATUS	n/a	n/a	D255
298.2160000000	n/a	n/a	STATUS	n/a	n/a	DIN5
298.2640000000	n/a	n/a	STATUS	n/a	n/a	D255
298.6680000000	n/a	n/a	STATUS	n/a	n/a	DI67
298.7200000000	n/a	n/a	STATUS	n/a	n/a	D255
298.7560000000	n/a	n/a	STATUS	n/a	n/a	DI54
298.8080000000	n/a	n/a	STATUS	n/a	n/a	D255
299.0640000000	n/a	n/a	STATUS	n/a	n/a	DI34
299.1160000000	n/a	n/a	STATUS	n/a	n/a	D255
299.3760000000	n/a	n/a	STATUS	n/a	n/a	DIN5
299.4240000000	n/a	n/a	STATUS	n/a	n/a	D255
299.9080000000	n/a	n/a	STATUS	n/a	n/a	D138
299.9600000000	n/a	n/a	STATUS	n/a	n/a	D255
299.9960000000	n/a	n/a	STATUS	n/a	n/a	DI54
300.0480000000	n/a	n/a	STATUS	n/a	n/a	D255
300.2640000000	n/a	n/a	STATUS	n/a	n/a	DI34
300.3160000000	n/a	n/a	STATUS	n/a	n/a	D255
300.5760000000	n/a	n/a	STATUS	n/a	n/a	DIN5
300.6240000000	n/a	n/a	STATUS	n/a	n/a	D255
300.9480000000	n/a	n/a	STATUS	n/a	n/a	DI83
301.0000000000	n/a	n/a	STATUS	n/a	n/a	D255
301.0360000000	n/a	n/a	STATUS	n/a	n/a	DI54
301.0880000000	n/a	n/a	STATUS	n/a	n/a	D255
301.3280000000	n/a	n/a	STATUS	n/a	n/a	DI34
301.3760000000	n/a	n/a	STATUS	n/a	n/a	D255
301.6360000000	n/a	n/a	STATUS	n/a	n/a	DIN5
301.6880000000	n/a	n/a	STATUS	n/a	n/a	D255
302.0760000000	n/a	n/a	STATUS	n/a	n/a	D115
302.1280000000	n/a	n/a	STATUS	n/a	n/a	D255
302.1640000000	n/a	n/a	STATUS	n/a	n/a	DI52
302.2160000000	n/a	n/a	STATUS	n/a	n/a	D255
302.5600000000	n/a	n/a	STATUS	n/a	n/a	DI42
302.6080000000	n/a	n/a	STATUS	n/a	n/a	D255
302.8680000000	n/a	n/a	STATUS	n/a	n/a	DIN5
302.9200000000	n/a	n/a	STATUS	n/a	n/a	D255
303.2280000000	n/a	n/a	STATUS	n/a	n/a	D136
303.2760000000	n/a	n/a	STATUS	n/a	n/a	D137
303.2800000000	n/a	n/a	STATUS	n/a	n/a	D255
303.3160000000	n/a	n/a	STATUS	n/a	n/a	DI52
303.3640000000	n/a	n/a	STATUS	n/a	n/a	D255
303.7280000000	n/a	n/a	STATUS	n/a	n/a	DI42
303.7800000000	n/a	n/a	STATUS	n/a	n/a	D255
304.0400000000	n/a	n/a	STATUS	n/a	n/a	DIN5
304.0880000000	n/a	n/a	STATUS	n/a	n/a	D255
304.4840000000	n/a	n/a	STATUS	n/a	n/a	DI70
304.5320000000	n/a	n/a	STATUS	n/a	n/a	D255
304.5720000000	n/a	n/a	STATUS	n/a	n/a	DI52
304.6200000000	n/a	n/a	STATUS	n/a	n/a	D255
305.0000000000	n/a	n/a	STATUS	n/a	n/a	DI42
305.0480000000	n/a	n/a	STATUS	n/a	n/a	D255
305.3080000000	n/a	n/a	STATUS	n/a	n/a	DIN5
305.3600000000	n/a	n/a	STATUS	n/a	n/a	D255
305.7240000000	n/a	n/a	STATUS	n/a	n/a	D225
305.7720000000	n/a	n/a	STATUS	n/a	n/a	D255
305.8120000000	n/a	n/a	STATUS	n/a	n/a	DI52
305.8600000000	n/a	n/a	STATUS	n/a	n/a	D255
306.2040000000	n/a	n/a	STATUS	n/a	n/a	DI42
306.2520000000	n/a	n/a	STATUS	n/a	n/a	D255
306.5120000000	n/a	n/a	STATUS	n/a	n/a	DIN5
306.5640000000	n/a	n/a	STATUS	n/a	n/a	D255
306.8880000000	n/a	n/a	STATUS	n/a	n/a	D149
306.9360000000	n/a	n/a	STATUS	n/a	n/a	D255
306.9760000000	n/a	n/a	STATUS	n/a	n/a	DI52
307.0240000000	n/a	n/a	STATUS	n/a	n/a	D255
307.4760000000	n/a	n/a	STATUS	n/a	n/a	DI42
307.5240000000	n/a	n/a	STATUS	n/a	n/a	D255
307.7840000000	n/a	n/a	STATUS	n/a	n/a	DIN5
307.8360000000	n/a	n/a	STATUS	n/a	n/a	D255
308.1600000000	n/a	n/a	STATUS	n/a	n/a	DI71
308.2080000000	n/a	n/a	STATUS	n/a	n/a	D255
308.2480000000	n/a	n/a	STATUS	n/a	n/a	DI53
308.2960000000	n/a	n/a	STATUS	n/a	n/a	D255
308.5720000000	n/a	n/a	STATUS	n/a	n/a	DI43
308.6200000000	n/a	n/a	STATUS	n/a	n/a	D255
308.8800000000	n/a	n/a	STATUS	n/a	n/a	DIN5
308.9320000000	n/a	n/a	STATUS	n/a	n/a	D255
309.2360000000	n/a	n/a	STATUS	n/a	n/a	D208
309.2840000000	n/a	n/a	STATUS	n/a	n/a	D255
309.3200000000	n/a	n/a	STATUS	n/a	n/a	DI52
309.3720000000	n/a	n/a	STATUS	n/a	n/a	D255
309.8080000000	n/a	n/a	STATUS	n/a	n/a	DI42
309.8600000000	n/a	n/a	STATUS	n/a	n/a	D255
310.1160000000	n/a	n/a	STATUS	n/a	n/a	DIN5
310.1680000000	n/a	n/a	STATUS	n/a	n/a	D255
310.6160000000	n/a	n/a	STATUS	n/a	n/a	D228
310.6680000000	n/a	n/a	STATUS	n/a	n/a	D255
310.7040000000	n/a	n/a	STATUS	n/a	n/a	DI54
310.7560000000	n/a	n/a	STATUS	n/a	n/a	D255
311.0000000000	n/a	n/a	STATUS	n/a	n/a	DI34
311.0480000000	n/a	n/a	STATUS	n/a	n/a	D255
311.3080000000	n/a	n/a	STATUS	n/a	n/a	DIN5
311.3600000000	n/a	n/a	STATUS	n/a	n/a	D255
311.7600000000	n/a	n/a	STATUS	n/a	n/a	D243
311.8080000000	n/a	n/a	STATUS	n/a	n/a	D255
311.8480000000	n/a	n/a	STATUS	n/a	n/a	DI52
311.8960000000	n/a	n/a	STATUS	n/a	n/a	D255
312.3920000000	n/a	n/a	STATUS	n/a	n/a	DI42
312.4400000000	n/a	n/a	STATUS	n/a	n/a	D255
312.7000000000	n/a	n/a	STATUS	n/a	n/a	DIN5
312.7480000000	n/a	n/a	STATUS	n/a	n/a	D255
313.1680000000	n/a	n/a	STATUS	n/a	n/a	D221
313.2200000000	n/a	n/a	STATUS	n/a	n/a	D255
313.2560000000	n/a	n/a	STATUS	n/a	n/a	DI53
313.3080000000	n/a	n/a	STATUS	n/a	n/a	D255
313.5720000000	n/a	n/a	STATUS	n/a	n/a	DI43
313.6240000000	n/a	n/a	STATUS	n/a	n/a	D255
313.8800000000	n/a	n/a	STATUS	n/a	n/a	DIN5
313.9320000000	n/a	n/a	STATUS	n/a	n/a	D255
314.2520000000	n/a	n/a	STATUS	n/a	n/a	D162
314.3000000000	n/a	n/a	STATUS	n/a	n/a	D255
314.3400000000	n/a	n/a	STATUS	n/a	n/a	DI52
314.3880000000	n/a	n/a	STATUS	n/a	n/a	D255
314.6880000000	n/a	n/a	STATUS	n/a	n/a	DI42
314.7400000000	n/a	n/a	STATUS	n/a	n/a	D255
315.0000000000	n/a	n/a	STATUS	n/a	n/a	DIN5
315.0480000000	n/a	n/a	STATUS	n/a	n/a	D255
315.5040000000	n/a	n/a	STATUS	n/a	n/a	DI99
315.5560000000	n/a	n/a	STATUS	n/a	n/a	D255
315.5920000000	n/a	n/a	STATUS	n/a	n/a	DI51
315.6400000000	n/a	n/a	STATUS	n/a	n/a	D255
316.0240000000	n/a	n/a	STATUS	n/a	n/a	DI31
316.0720000000	n/a	n/a	STATUS	n/a	n/a	D255
316.3320000000	n/a	n/a	STATUS	n/a	n/a	DIN5
316.3800000000	n/a	n/a	STATUS	n/a	n/a	D255
316.8800000000	n/a	n/a	STATUS	n/a	n/a	D161
316.9320000000	n/a	n/a	STATUS	n/a	n/a	D255
316.9680000000	n/a	n/a	STATUS	n/a	n/a	DI54
317.0200000000	n/a	n/a	STATUS	n/a	n/a	D255
317.3000000000	n/a	n/a	STATUS	n/a	n/a	DI34
317.3480000000	n/a	n/a	STATUS	n/a	n/a	D255
317.6080000000	n/a	n/a	STATUS	n/a	n/a	DIN5
317.6600000000	n/a	n/a	STATUS	n/a	n/a	D255
317.9920000000	n/a	n/a	STATUS	n/a	n/a	D105
318.0440000000	n/a	n/a	STATUS	n/a	n/a	D255
318.0800000000	n/a	n/a	STATUS	n/a	n/a	DI54
318.1320000000	n/a	n/a	STATUS	n/a	n/a	D255
318.3880000000	n/a	n/a	STATUS	n/a	n/a	DI34
318.4400000000	n/a	n/a	STATUS	n/a	n/a	D255
318.7000000000	n/a	n/a	STATUS	n/a	n/a	DIN5
318.7480000000	n/a	n/a	STATUS	n/a	n/a	D255
319.2040000000	n/a	n/a	STATUS	n/a	n/a	D170
319.2520000000	n/a	n/a	STATUS	n/a	n/a	D255
319.2920000000	n/a	n/a	STATUS	n/a	n/a	DI51
319.3400000000	n/a	n/a	STATUS	n/a	n/a	D255
319.9360000000	n/a	n/a	STATUS	n/a	n/a	DI31
319.9880000000	n/a	n/a	STATUS	n/a	n/a	D255
320.2480000000	n/a	n/a	STATUS	n/a	n/a	DIN5
320.2960000000	n/a	n/a	STATUS	n/a	n/a	D255
320.7320000000	n/a	n/a	STATUS	n/a	n/a	D133
320.7800000000	n/a	n/a	STATUS	n/a	n/a	D255
320.8200000000	n/a	n/a	STATUS	n/a	n/a	DI51
320.8680000000	n/a	n/a	STATUS	n/a	n/a	D255
321.3200000000	n/a	n/a	STATUS	n/a	n/a	DI31
321.3720000000	n/a	n/a	STATUS	n/a	n/a	D255
321.6280000000	n/a	n/a	STATUS	n/a	n/a	DIN5
321.6800000000	n/a	n/a	STATUS	n/a	n/a	D255
322.0920000000	n/a	n/a	STATUS	n/a	n/a	D179
322.1440000000	n/a	n/a	STATUS	n/a	n/a	D255
322.1840000000	n/a	n/a	STATUS	n/a	n/a	DI52
322.2320000000	n/a	n/a	STATUS	n/a	n/a	D255
322.5800000000	n/a	n/a	STATUS	n/a	n/a	DI42
322.6280000000	n/a	n/a	STATUS	n/a	n/a	D255
322.8880000000	n/a	n/a	STATUS	n/a	n/a	DIN5
322.9400000000	n/a	n/a	STATUS	n/a	n/a	D255
323.4440000000	n/a	n/a	STATUS	n/a	n/a	D189
323.4920000000	n/a	n/a	STATUS	n/a	n/a	D255
323.5320000000	n/a	n/a	STATUS	n/a	n/a	DI51
323.5840000000	n/a	n/a	STATUS	n/a	n/a	D255
324.0680000000	n/a	n/a	STATUS	n/a	n/a	DI31
324.1200000000	n/a	n/a	STATUS	n/a	n/a	D255
324.3800000000	n/a	n/a	STATUS	n/a	n/a	DIN5
324.4280000000	n/a	n/a	STATUS	n/a	n/a	D255
324.7960000000	n/a	n/a	STATUS	n/a	n/a	D182
324.8480000000	n/a	n/a	STATUS	n/a	n/a	D255
324.8880000000	n/a	n/a	STATUS	n/a	n/a	DI53
324.9360000000	n/a	n/a	STATUS	n/a	n/a	D255
325.2560000000	n/a	n/a	STATUS	n/a	n/a	DI43
325.3040000000	n/a	n/a	STATUS	n/a	n/a	D255
325.5640000000	n/a	n/a	STATUS	n/a	n/a	DIN5
325.6160000000	n/a	n/a	STATUS	n/a	n/a	D255
326.0080000000	n/a	n/a	STATUS	n/a	n/a	D247
326.0600000000	n/a	n/a	STATUS	n/a	n/a	D255
326.0960000000	n/a	n/a	STATUS	n/a	n/a	DI53
326.1480000000	n/a	n/a	STATUS	n/a	n/a	D255
326.4320000000	n/a	n/a	STATUS	n/a	n/a	DI43
326.4800000000	n/a	n/a	STATUS	n/a	n/a	D255
326.7400000000	n/a	n/a	STATUS	n/a	n/a	DIN5
326.7920000000	n/a	n/a	STATUS	n/a	n/a	D255
327.1440000000	n/a	n/a	STATUS	n/a	n/a	D202
327.1960000000	n/a	n/a	STATUS	n/a	n/a	D255
327.2320000000	n/a	n/a	STATUS	n/a	n/a	DI54
327.2840000000	n/a	n/a	STATUS	n/a	n/a	D255
327.6560000000	n/a	n/a	STATUS	n/a	n/a	DI34
327.7040000000	n/a	n/a	STATUS	n/a	n/a	D255
327.9640000000	n/a	n/a	STATUS	n/a	n/a	DIN5
328.0160000000	n/a	n/a	STATUS	n/a	n/a	D255
328.3840000000	n/a	n/a	STATUS	n/a	n/a	D212
328.4320000000	n/a	n/a	STATUS	n/a	n/a	D255
328.4720000000	n/a	n/a	STATUS	n/a	n/a	DI53
328.5200000000	n/a	n/a	STATUS	n/a	n/a	D255
328.8600000000	n/a	n/a	STATUS	n/a	n/a	DI43
328.9080000000	n/a	n/a	STATUS	n/a	n/a	D255
329.1680000000	n/a	n/a	STATUS	n/a	n/a	DIN5
329.2200000000	n/a	n/a	STATUS	n/a	n/a	D255
329.6320000000	n/a	n/a	STATUS	n/a	n/a	D197
329.6840000000	n/a	n/a	STATUS	n/a	n/a	D255
329.7200000000	n/a	n/a	STATUS	n/a	n/a	DI53
329.7720000000	n/a	n/a	STATUS	n/a	n/a	D255
330.0520000000	n/a	n/a	STATUS	n/a	n/a	DI43
330.1000000000	n/a	n/a	STATUS	n/a	n/a	D255
330.3600000000	n/a	n/a	STATUS	n/a	n/a	DIN5
330.4080000000	n/a	n/a	STATUS	n/a	n/a	D255
330.8280000000	n/a	n/a	STATUS	n/a	n/a	D192
330.8800000000	n/a	n/a	STATUS	n/a	n/a	D255
330.9160000000	n/a	n/a	STATUS	n/a	n/a	DI54
330.9680000000	n/a	n/a	STATUS	n/a	n/a	D255
331.2040000000	n/a	n/a	STATUS	n/a	n/a	DI34
331.2560000000	n/a	n/a	STATUS	n/a	n/a	D255
331.5160000000	n/a	n/a	STATUS	n/a	n/a	DIN5
331.5640000000	n/a	n/a	STATUS	n/a	n/a	D255
332.0160000000	n/a	n/a	STATUS	n/a	n/a	DI85
332.0640000000	n/a	n/a	STATUS	n/a	n/a	D255
332.1040000000	n/a	n/a	STATUS	n/a	n/a	DI54
332.1520000000	n/a	n/a	STATUS	n/a	n/a	D255
332.4280000000	n/a	n/a	STATUS	n/a	n/a	DI34
332.4800000000	n/a	n/a	STATUS	n/a	n/a	D255
332.7400000000	n/a	n/a	STATUS	n/a	n/a	DIN5
332.7880000000	n/a	n/a	STATUS	n/a	n/a	D255
333.1280000000	n/a	n/a	STATUS	n/a	n/a	D233
333.1800000000	n/a	n/a	STATUS	n/a	n/a	D255
333.2160000000	n/a	n/a	STATUS	n/a	n/a	DI53
333.2680000000	n/a	n/a	STATUS	n/a	n/a	D255
333.5360000000	n/a	n/a	STATUS	n/a	n/a	DI43
333.5840000000	n/a	n/a	STATUS	n/a	n/a	D255
333.8440000000	n/a	n/a	STATUS	n/a	n/a	DIN5
333.8960000000	n/a	n/a	STATUS	n/a	n/a	D255
334.3280000000	n/a	n/a	STATUS	n/a	n/a	D156
334.3800000000	n/a	n/a	STATUS	n/a	n/a	D255
334.4200000000	n/a	n/a	STATUS	n/a	n/a	DI53
334.4680000000	n/a	n/a	STATUS	n/a	n/a	D255
334.7400000000	n/a	n/a	STATUS	n/a	n/a	DI43
334.7920000000	n/a	n/a	STATUS	n/a	n/a	D255
335.0520000000	n/a	n/a	STATUS	n/a	n/a	DIN5
335.1000000000	n/a	n/a	STATUS	n/a	n/a	D255
335.4920000000	n/a	n/a	STATUS	n/a	n/a	D117
335.5400000000	n/a	n/a	STATUS	n/a	n/a	D255
335.5800000000	n/a	n/a	STATUS	n/a	n/a	DI52
335.6280000000	n/a	n/a	STATUS	n/a	n/a	D255
335.8680000000	n/a	n/a	STATUS	n/a	n/a	DI12
335.9160000000	n/a	n/a	STATUS	n/a	n/a	D255
335.9200000000	n/a	n/a	STATUS	n/a	n/a	DIN4
335.9720000000	n/a	n/a	STATUS	n/a	n/a	D255
336.7280000000	n/a	n/a	STATUS	n/a	n/a	DIN5
336.7760000000	n/a	n/a	STATUS	n/a	n/a	D255
337.2120000000	n/a	n/a	STATUS	n/a	n/a	D107
337.2600000000	n/a	n/a	STATUS	n/a	n/a	D255
337.3000000000	n/a	n/a	STATUS	n/a	n/a	DI52
337.3480000000	n/a	n/a	STATUS	n/a	n/a	D255
337.7800000000	n/a	n/a	STATUS	n/a	n/a	DI42
337.8320000000	n/a	n/a	STATUS	n/a	n/a	D255
338.0880000000	n/a	n/a	STATUS	n/a	n/a	DIN5
338.1400000000	n/a	n/a	STATUS	n/a	n/a	D255
338.5600000000	n/a	n/a	STATUS	n/a	n/a	DI90
338.6080000000	n/a	n/a	STATUS	n/a	n/a	D255
338.6480000000	n/a	n/a	STATUS	n/a	n/a	DI51
338.6960000000	n/a	n/a	STATUS	n/a	n/a	D255
339.1800000000	n/a	n/a	STATUS	n/a	n/a	DI31
339.2280000000	n/a	n/a	STATUS	n/a	n/a	D255
339.4880000000	n/a	n/a	STATUS	n/a	n/a	DIN5
339.5400000000	n/a	n/a	STATUS	n/a	n/a	D255
339.9720000000	n/a	n/a	STATUS	n/a	n/a	D181
340.0240000000	n/a	n/a	STATUS	n/a	n/a	D255
340.0600000000	n/a	n/a	STATUS	n/a	n/a	DI51
340.1120000000	n/a	n/a	STATUS	n/a	n/a	D255
340.5440000000	n/a	n/a	STATUS	n/a	n/a	DI31
340.5960000000	n/a	n/a	STATUS	n/a	n/a	D255
340.8560000000	n/a	n/a	STATUS	n/a	n/a	DIN5
340.9040000000	n/a	n/a	STATUS	n/a	n/a	D255
341.3360000000	n/a	n/a	STATUS	n/a	n/a	D177
341.3840000000	n/a	n/a	STATUS	n/a	n/a	D255
341.4240000000	n/a	n/a	STATUS	n/a	n/a	DI54
341.4720000000	n/a	n/a	STATUS	n/a	n/a	D255
341.7000000000	n/a	n/a	STATUS	n/a	n/a	DI34
341.7520000000	n/a	n/a	STATUS	n/a	n/a	D255
342.0120000000	n/a	n/a	STATUS	n/a	n/a	DIN5
342.0600000000	n/a	n/a	STATUS	n/a	n/a	D255
342.3800000000	n/a	n/a	STATUS	n/a	n/a	D151
342.4320000000	n/a	n/a	STATUS	n/a	n/a	D255
342.4680000000	n/a	n/a	STATUS	n/a	n/a	DI52
342.5200000000	n/a	n/a	STATUS	n/a	n/a	D255
342.9000000000	n/a	n/a	STATUS	n/a	n/a	DI42
342.9520000000	n/a	n/a	STATUS	n/a	n/a	D255
343.2080000000	n/a	n/a	STATUS	n/a	n/a	DIN5
343.2600000000	n/a	n/a	STATUS	n/a	n/a	D255
343.6680000000	n/a	n/a	STATUS	n/a	n/a	D211
343.7200000000	n/a	n/a	STATUS	n/a	n/a	D255
343.7560000000	n/a	n/a	STATUS	n/a	n/a	DI53
343.8080000000	n/a	n/a	STATUS	n/a	n/a	D255
344.0640000000	n/a	n/a	STATUS	n/a	n/a	DI43
344.1160000000	n/a	n/a	STATUS	n/a	n/a	D255
344.3720000000	n/a	n/a	STATUS	n/a	n/a	DIN5
344.4240000000	n/a	n/a	STATUS	n/a	n/a	D255
344.8440000000	n/a	n/a	STATUS	n/a	n/a	D191
344.8920000000	n/a	n/a	STATUS	n/a	n/a	D255
344.9320000000	n/a	n/a	STATUS	n/a	n/a	DI52
344.9800000000	n/a	n/a	STATUS	n/a	n/a	D255
345.3240000000	n/a	n/a	STATUS	n/a	n/a	DI42
345.3760000000	n/a	n/a	STATUS	n/a	n/a	D255
345.6360000000	n/a	n/a	STATUS	n/a	n/a	DIN5
345.6840000000	n/a	n/a	STATUS	n/a	n/a	D255
346.0000000000	n/a	n/a	STATUS	n/a	n/a	DI81
346.0480000000	n/a	n/a	STATUS	n/a	n/a	D255
346.0880000000	n/a	n/a	STATUS	n/a	n/a	DI54
346.1360000000	n/a	n/a	STATUS	n/a	n/a	D255
346.4960000000	n/a	n/a	STATUS	n/a	n/a	DI34
346.5440000000	n/a	n/a	STATUS	n/a	n/a	D255
346.8040000000	n/a	n/a	STATUS	n/a	n/a	DIN5
346.8560000000	n/a	n/a	STATUS	n/a	n/a	D255
347.2600000000	n/a	n/a	STATUS	n/a	n/a	D134
347.3080000000	n/a	n/a	STATUS	n/a	n/a	D255
347.3480000000	n/a	n/a	STATUS	n/a	n/a	DI54
347.3960000000	n/a	n/a	STATUS	n/a	n/a	D255
347.6520000000	n/a	n/a	STATUS	n/a	n/a	DI34
347.7000000000	n/a	n/a	STATUS	n/a	n/a	D255
347.9600000000	n/a	n/a	STATUS	n/a	n/a	DIN5
348.0120000000	n/a	n/a	STATUS	n/a	n/a	D255
348.3320000000	n/a	n/a	STATUS	n/a	n/a	D114
348.3800000000	n/a	n/a	STATUS	n/a	n/a	D255
348.4160000000	n/a	n/a	STATUS	n/a	n/a	DI54
348.4680000000	n/a	n/a	STATUS	n/a	n/a	D255
348.6960000000	n/a	n/a	STATUS	n/a	n/a	DI34
348.7480000000	n/a	n/a	STATUS	n/a	n/a	D255
349.0080000000	n/a	n/a	STATUS	n/a	n/a	DIN5
349.0560000000	n/a	n/a	STATUS	n/a	n/a	D255
349.4520000000	n/a	n/a	STATUS	n/a	n/a	D159
349.5000000000	n/a	n/a	STATUS	n/a	n/a	D255
349.5400000000	n/a	n/a	STATUS	n/a	n/a	DI54
349.5880000000	n/a	n/a	STATUS	n/a	n/a	D255
349.8240000000	n/a	n/a	STATUS	n/a	n/a	DI34
349.8720000000	n/a	n/a	STATUS	n/a	n/a	D255
350.1320000000	n/a	n/a	STATUS	n/a	n/a	DIN5
350.1800000000	n/a	n/a	STATUS	n/a	n/a	D255
350.5160000000	n/a	n/a	STATUS	n/a	n/a	DI89
350.5680000000	n/a	n/a	STATUS	n/a	n/a	D255
350.6040000000	n/a	n/a	STATUS	n/a	n/a	DI51
350.6560000000	n/a	n/a	STATUS	n/a	n/a	D255
350.8840000000	n/a	n/a	STATUS	n/a	n/a	DI21
350.9360000000	n/a	n/a	STATUS	n/a	n/a	D255
350.9400000000	n/a	n/a	STATUS	n/a	n/a	DIN4
350.9880000000	n/a	n/a	STATUS	n/a	n/a	D255
351.7440000000	n/a	n/a	STATUS	n/a	n/a	DIN5
351.7920000000	n/a	n/a	STATUS	n/a	n/a	D255
352.1920000000	n/a	n/a	STATUS	n/a	n/a	D116
352.2440000000	n/a	n/a	STATUS	n/a	n/a	D255
352.2800000000	n/a	n/a	STATUS	n/a	n/a	DI51
352.3320000000	n/a	n/a	STATUS	n/a	n/a	D255
352.7760000000	n/a	n/a	STATUS	n/a	n/a	DI31
352.8240000000	n/a	n/a	STATUS	n/a	n/a	D255
353.0840000000	n/a	n/a	STATUS	n/a	n/a	DIN5
353.1320000000	n/a	n/a	STATUS	n/a	n/a	D255
353.5000000000	n/a	n/a	STATUS	n/a	n/a	D106
353.5480000000	n/a	n/a	STATUS	n/a	n/a	D255
353.5840000000	n/a	n/a	STATUS	n/a	n/a	DI54
353.6320000000	n/a	n/a	STATUS	n/a	n/a	D255
353.9000000000	n/a	n/a	STATUS	n/a	n/a	DI34
353.9480000000	n/a	n/a	STATUS	n/a	n/a	D255
354.2080000000	n/a	n/a	STATUS	n/a	n/a	DIN5
354.2600000000	n/a	n/a	STATUS	n/a	n/a	D255
354.6320000000	n/a	n/a	STATUS	n/a	n/a	D239
354.6840000000	n/a	n/a	STATUS	n/a	n/a	D255
354.7200000000	n/a	n/a	STATUS	n/a	n/a	DI53
354.7720000000	n/a	n/a	STATUS	n/a	n/a	D255
355.1200000000	n/a	n/a	STATUS	n/a	n/a	DI43
355.1680000000	n/a	n/a	STATUS	n/a	n/a	D255
355.4280000000	n/a	n/a	STATUS	n/a	n/a	DIN5
355.4800000000	n/a	n/a	STATUS	n/a	n/a	D255
355.9720000000	n/a	n/a	STATUS	n/a	n/a	D100
356.0240000000	n/a	n/a	STATUS	n/a	n/a	D255
356.0600000000	n/a	n/a	STATUS	n/a	n/a	DI51
356.1120000000	n/a	n/a	STATUS	n/a	n/a	D255
356.5000000000	n/a	n/a	STATUS	n/a	n/a	DI31
356.5520000000	n/a	n/a	STATUS	n/a	n/a	D255
356.8120000000	n/a	n/a	STATUS	n/a	n/a	DIN5
356.8600000000	n/a	n/a	STATUS	n/a	n/a	D255
357.2760000000	n/a	n/a	STATUS	n/a	n/a	D213
357.3240000000	n/a	n/a	STATUS	n/a	n/a	D255
357.3640000000	n/a	n/a	STATUS	n/a	n/a	DI51
357.4120000000	n/a	n/a	STATUS	n/a	n/a	D255
357.8720000000	n/a	n/a	STATUS	n/a	n/a	DI31
357.9240000000	n/a	n/a	STATUS	n/a	n/a	D255
358.1800000000	n/a	n/a	STATUS	n/a	n/a	DIN5
358.2320000000	n/a	n/a	STATUS	n/a	n/a	D255
358.6760000000	n/a	n/a	STATUS	n/a	n/a	D198
358.7240000000	n/a	n/a	STATUS	n/a	n/a	D255
358.7640000000	n/a	n/a	STATUS	n/a	n/a	DI53
358.8120000000	n/a	n/a	STATUS	n/a	n/a	D255
359.1240000000	n/a	n/a	STATUS	n/a	n/a	DI43
359.1760000000	n/a	n/a	STATUS	n/a	n/a	D255
359.4360000000	n/a	n/a	STATUS	n/a	n/a	DIN5
359.4840000000	n/a	n/a	STATUS	n/a	n/a	D255
359.8080000000	n/a	n/a	STATUS	n/a	n/a	D209
359.8600000000	n/a	n/a	STATUS	n/a	n/a	D255
359.8960000000	n/a	n/a	STATUS	n/a	n/a	DI54
359.9480000000	n/a	n/a	STATUS	n/a	n/a	D255
360.2920000000	n/a	n/a	STATUS	n/a	n/a	DI34
360.3440000000	n/a	n/a	STATUS	n/a	n/a	D255
360.6040000000	n/a	n/a	STATUS	n/a	n/a	DIN5
360.6520000000	n/a	n/a	STATUS	n/a	n/a	D255
361.1320000000	n/a	n/a	STATUS	n/a	n/a	D235
361.1840000000	n/a	n/a	STATUS	n/a	n/a	D255
361.2200000000	n/a	n/a	STATUS	n/a	n/a	DI52
361.2720000000	n/a	n/a	STATUS	n/a	n/a	D255
361.5360000000	n/a	n/a	STATUS	n/a	n/a	DI12
361.5880000000	n/a	n/a	STATUS	n/a	n/a	D255
361.5920000000	n/a	n/a	STATUS	n/a	n/a	DIN4
361.6400000000	n/a	n/a	STATUS	n/a	n/a	D255
362.3960000000	n/a	n/a	STATUS	n/a	n/a	DIN5
362.4480000000	n/a	n/a	STATUS	n/a	n/a	D255
362.7920000000	n/a	n/a	STATUS	n/a	n/a	D124
362.8400000000	n/a	n/a	STATUS	n/a	n/a	D255
362.8760000000	n/a	n/a	STATUS	n/a	n/a	DI51
362.9280000000	n/a	n/a	STATUS	n/a	n/a	D255
363.4040000000	n/a	n/a	STATUS	n/a	n/a	DI31
363.4520000000	n/a	n/a	STATUS	n/a	n/a	D255
363.7120000000	n/a	n/a	STATUS	n/a	n/a	DIN5
363.7640000000	n/a	n/a	STATUS	n/a	n/a	D255
364.2280000000	n/a	n/a	STATUS	n/a	n/a	DI72
364.2760000000	n/a	n/a	STATUS	n/a	n/a	D255
364.3160000000	n/a	n/a	STATUS	n/a	n/a	DI53
364.3640000000	n/a	n/a	STATUS	n/a	n/a	D255
364.6560000000	n/a	n/a	STATUS	n/a	n/a	DI43
364.7040000000	n/a	n/a	STATUS	n/a	n/a	D255
364.9640000000	n/a	n/a	STATUS	n/a	n/a	DIN5
365.0160000000	n/a	n/a	STATUS	n/a	n/a	D255
365.4960000000	n/a	n/a	STATUS	n/a	n/a	D232
365.5440000000	n/a	n/a	STATUS	n/a	n/a	D255
365.5800000000	n/a	n/a	STATUS	n/a	n/a	DI52
365.6320000000	n/a	n/a	STATUS	n/a	n/a	D255
366.1360000000	n/a	n/a	STATUS	n/a	n/a	DI42
366.1840000000	n/a	n/a	STATUS	n/a	n/a	D255
366.4440000000	n/a	n/a	STATUS	n/a	n/a	DIN5
366.4920000000	n/a	n/a	STATUS	n/a	n/a	D255
366.8000000000	n/a	n/a	STATUS	n/a	n/a	D249
366.8480000000	n/a	n/a	STATUS	n/a	n/a	D255
366.8840000000	n/a	n/a	STATUS	n/a	n/a	DI51
366.9360000000	n/a	n/a	STATUS	n/a	n/a	D255
367.4000000000	n/a	n/a	STATUS	n/a	n/a	DI31
367.4520000000	n/a	n/a	STATUS	n/a	n/a	D255
367.7080000000	n/a	n/a	STATUS	n/a	n/a	DIN5
367.7600000000	n/a	n/a	STATUS	n/a	n/a	D255
368.1000000000	n/a	n/a	STATUS	n/a	n/a	D168
368.1480000000	n/a	n/a	STATUS	n/a	n/a	D255
368.1880000000	n/a	n/a	STATUS	n/a	n/a	DI51
368.2400000000	n/a	n/a	STATUS	n/a	n/a	D255
368.6680000000	n/a	n/a	STATUS	n/a	n/a	DI31
368.7160000000	n/a	n/a	STATUS	n/a	n/a	D255
368.9760000000	n/a	n/a	STATUS	n/a	n/a	DIN5
369.0240000000	n/a	n/a	STATUS	n/a	n/a	D255
369.4360000000	n/a	n/a	STATUS	n/a	n/a	D188
369.4840000000	n/a	n/a	STATUS	n/a	n/a	D255
369.5240000000	n/a	n/a	STATUS	n/a	n/a	DI52
369.5720000000	n/a	n/a	STATUS	n/a	n/a	D255
369.9440000000	n/a	n/a	STATUS	n/a	n/a	DI42
369.9960000000	n/a	n/a	STATUS	n/a	n/a	D255
370.2560000000	n/a	n/a	STATUS	n/a	n/a	DIN5
370.3040000000	n/a	n/a	STATUS	n/a	n/a	D255
370.6240000000	n/a	n/a	STATUS	n/a	n/a	D184
370.6720000000	n/a	n/a	STATUS	n/a	n/a	D255
370.7120000000	n/a	n/a	STATUS	n/a	n/a	DI54
370.7600000000	n/a	n/a	STATUS	n/a	n/a	D255
371.2000000000	n/a	n/a	STATUS	n/a	n/a	DI34
371.2480000000	n/a	n/a	STATUS	n/a	n/a	D255
371.5080000000	n/a	n/a	STATUS	n/a	n/a	DIN5
371.5600000000	n/a	n/a	STATUS	n/a	n/a	D255
371.9360000000	n/a	n/a	STATUS	n/a	n/a	D152
371.9880000000	n/a	n/a	STATUS	n/a	n/a	D255
372.0240000000	n/a	n/a	STATUS	n/a	n/a	DI53
372.0760000000	n/a	n/a	STATUS	n/a	n/a	D255
372.3600000000	n/a	n/a	STATUS	n/a	n/a	DI43
372.4120000000	n/a	n/a	STATUS	n/a	n/a	D255
372.6720000000	n/a	n/a	STATUS	n/a	n/a	DIN5
372.7200000000	n/a	n/a	STATUS	n/a	n/a	D255
373.2120000000	n/a	n/a	STATUS	n/a	n/a	D207
373.2600000000	n/a	n/a	STATUS	n/a	n/a	D255
373.3000000000	n/a	n/a	STATUS	n/a	n/a	DI52
373.3480000000	n/a	n/a	STATUS	n/a	n/a	D255
373.7640000000	n/a	n/a	STATUS	n/a	n/a	DI12
373.8160000000	n/a	n/a	STATUS	n/a	n/a	D255
373.8200000000	n/a	n/a	STATUS	n/a	n/a	DIN4
373.8680000000	n/a	n/a	STATUS	n/a	n/a	D255
374.6240000000	n/a	n/a	STATUS	n/a	n/a	DIN5
374.6760000000	n/a	n/a	STATUS	n/a	n/a	D255
375.1240000000	n/a	n/a	STATUS	n/a	n/a	D150
375.1760000000	n/a	n/a	STATUS	n/a	n/a	D255
375.2120000000	n/a	n/a	STATUS	n/a	n/a	DI51
375.2640000000	n/a	n/a	STATUS	n/a	n/a	D255
375.6520000000	n/a	n/a	STATUS	n/a	n/a	DI31
375.7040000000	n/a	n/a	STATUS	n/a	n/a	D255
375.9640000000	n/a	n/a	STATUS	n/a	n/a	DIN5
376.0120000000	n/a	n/a	STATUS	n/a	n/a	D255
376.4400000000	n/a	n/a	STATUS	n/a	n/a	D120
376.4920000000	n/a	n/a	STATUS	n/a	n/a	D255
376.5280000000	n/a	n/a	STATUS	n/a	n/a	DI53
376.5800000000	n/a	n/a	STATUS	n/a	n/a	D255
376.9360000000	n/a	n/a	STATUS	n/a	n/a	DI43
376.9880000000	n/a	n/a	STATUS	n/a	n/a	D255
377.2480000000	n/a	n/a	STATUS	n/a	n/a	DIN5
377.2960000000	n/a	n/a	STATUS	n/a	n/a	D255
377.7480000000	n/a	n/a	STATUS	n/a	n/a	D231
377.7960000000	n/a	n/a	STATUS	n/a	n/a	D255
377.8360000000	n/a	n/a	STATUS	n/a	n/a	DI51
377.8840000000	n/a	n/a	STATUS	n/a	n/a	D255
378.3280000000	n/a	n/a	STATUS	n/a	n/a	DI31
378.3800000000	n/a	n/a	STATUS	n/a	n/a	D255
378.6400000000	n/a	n/a	STATUS	n/a	n/a	DIN5
378.6880000000	n/a	n/a	STATUS	n/a	n/a	D255
379.1160000000	n/a	n/a	STATUS	n/a	n/a	D165
379.1640000000	n/a	n/a	STATUS	n/a	n/a	D255
379.2040000000	n/a	n/a	STATUS	n/a	n/a	DI53
379.2520000000	n/a	n/a	STATUS	n/a	n/a	D255
379.6960000000	n/a	n/a	STATUS	n/a	n/a	DI13
379.7440000000	n/a	n/a	STATUS	n/a	n/a	D255
379.7480000000	n/a	n/a	STATUS	n/a	n/a	DIN4
379.8000000000	n/a	n/a	STATUS	n/a	n/a	D255
380.5560000000	n/a	n/a	STATUS	n/a	n/a	DIN5
380.6040000000	n/a	n/a	STATUS	n/a	n/a	D255
381.0200000000	n/a	n/a	STATUS	n/a	n/a	DI66
381.0680000000	n/a	n/a	STATUS	n/a	n/a	D255
381.1080000000	n/a	n/a	STATUS	n/a	n/a	DI51
381.1560000000	n/a	n/a	STATUS	n/a	n/a	D255
382.1800000000	n/a	n/a	STATUS	n/a	n/a	DIN3
382.2280000000	n/a	n/a	STATUS	n/a	n/a	D255
382.9840000000	n/a	n/a	STATUS	n/a	n/a	DIN5
383.0320000000	n/a	n/a	STATUS	n/a	n/a	D255
383.4120000000	n/a	n/a	STATUS	n/a	n/a	D186
383.4640000000	n/a	n/a	STATUS	n/a	n/a	D255
383.5000000000	n/a	n/a	STATUS	n/a	n/a	DI53
383.5520000000	n/a	n/a	STATUS	n/a	n/a	D255
384.5760000000	n/a	n/a	STATUS	n/a	n/a	DIN3
384.6280000000	n/a	n/a	STATUS	n/a	n/a	D255
385.3840000000	n/a	n/a	STATUS	n/a	n/a	DIN5
385.4320000000	n/a	n/a	STATUS	n/a	n/a	D255
385.8880000000	n/a	n/a	STATUS	n/a	n/a	D180
385.9360000000	n/a	n/a	STATUS	n/a	n/a	D255
385.9720000000	n/a	n/a	STATUS	n/a	n/a	DI53
386.0240000000	n/a	n/a	STATUS	n/a	n/a	D255
386.2840000000	n/a	n/a	STATUS	n/a	n/a	DI43
386.3360000000	n/a	n/a	STATUS	n/a	n/a	D255
386.5920000000	n/a	n/a	STATUS	n/a	n/a	DIN5
386.6440000000	n/a	n/a	STATUS	n/a	n/a	D255
387.0640000000	n/a	n/a	STATUS	n/a	n/a	D194
387.1120000000	n/a	n/a	STATUS	n/a	n/a	D255
387.1520000000	n/a	n/a	STATUS	n/a	n/a	DI52
387.2000000000	n/a	n/a	STATUS	n/a	n/a	D255
387.6080000000	n/a	n/a	STATUS	n/a	n/a	DI42
387.6600000000	n/a	n/a	STATUS	n/a	n/a	D255
387.9200000000	n/a	n/a	STATUS	n/a	n/a	DIN5
387.9680000000	n/a	n/a	STATUS	n/a	n/a	D255
388.2760000000	n/a	n/a	STATUS	n/a	n/a	D153
388.3240000000	n/a	n/a	STATUS	n/a	n/a	D255
388.3600000000	n/a	n/a	STATUS	n/a	n/a	DI52
388.4120000000	n/a	n/a	STATUS	n/a	n/a	D255
388.7320000000	n/a	n/a	STATUS	n/a	n/a	DI42
388.7800000000	n/a	n/a	STATUS	n/a	n/a	D255
389.0400000000	n/a	n/a	STATUS	n/a	n/a	DIN5
389.0920000000	n/a	n/a	STATUS	n/a	n/a	D255
389.5360000000	n/a	n/a	STATUS	n/a	n/a	D101
389.5840000000	n/a	n/a	STATUS	n/a	n/a	D255
389.6240000000	n/a	n/a	STATUS	n/a	n/a	DI53
389.6760000000	n/a	n/a	STATUS	n/a	n/a	D255
389.9320000000	n/a	n/a	STATUS	n/a	n/a	DI43
389.9840000000	n/a	n/a	STATUS	n/a	n/a	D255
390.2440000000	n/a	n/a	STATUS	n/a	n/a	DIN5
390.2920000000	n/a	n/a	STATUS	n/a	n/a	D255
390.6440000000	n/a	n/a	STATUS	n/a	n/a	D238
390.6920000000	n/a	n/a	STATUS	n/a	n/a	D255
390.7320000000	n/a	n/a	STATUS	n/a	n/a	DI54
390.7800000000	n/a	n/a	STATUS	n/a	n/a	D255
391.2240000000	n/a	n/a	STATUS	n/a	n/a	DI34
391.2760000000	n/a	n/a	STATUS	n/a	n/a	D255
391.5320000000	n/a	n/a	STATUS	n/a	n/a	DIN5
391.5840000000	n/a	n/a	STATUS	n/a	n/a	D255
391.9840000000	n/a	n/a	STATUS	n/a	n/a	D143
392.0320000000	n/a	n/a	STATUS	n/a	n/a	D255
392.0720000000	n/a	n/a	STATUS	n/a	n/a	DI54
392.1200000000	n/a	n/a	STATUS	n/a	n/a	D255
392.3640000000	n/a	n/a	STATUS	n/a	n/a	DI34
392.4120000000	n/a	n/a	STATUS	n/a	n/a	D255
392.6720000000	n/a	n/a	STATUS	n/a	n/a	DIN5
392.7240000000	n/a	n/a	STATUS	n/a	n/a	D255
393.0320000000	n/a	n/a	STATUS	n/a	n/a	D135
393.0840000000	n/a	n/a	STATUS	n/a	n/a	D255
393.1200000000	n/a	n/a	STATUS	n/a	n/a	DI51
393.1680000000	n/a	n/a	STATUS	n/a	n/a	D255
393.5160000000	n/a	n/a	STATUS	n/a	n/a	DI31
393.5680000000	n/a	n/a	STATUS	n/a	n/a	D255
393.8280000000	n/a	n/a	STATUS	n/a	n/a	DIN5
393.8760000000	n/a	n/a	STATUS	n/a	n/a	D255
394.2720000000	n/a	n/a	STATUS	n/a	n/a	D216
394.3200000000	n/a	n/a	STATUS	n/a	n/a	D255
394.3600000000	n/a	n/a	STATUS	n/a	n/a	DI54
394.4120000000	n/a	n/a	STATUS	n/a	n/a	D255
394.6800000000	n/a	n/a	STATUS	n/a	n/a	DI34
394.7280000000	n/a	n/a	STATUS	n/a	n/a	D255
394.9880000000	n/a	n/a	STATUS	n/a	n/a	DIN5
395.0360000000	n/a	n/a	STATUS	n/a	n/a	D255
395.3520000000	n/a	n/a	STATUS	n/a	n/a	DI78
395.4040000000	n/a	n/a	STATUS	n/a	n/a	D255
395.4400000000	n/a	n/a	STATUS	n/a	n/a	DI53
395.4920000000	n/a	n/a	STATUS	n/a	n/a	D255
396.5240000000	n/a	n/a	STATUS	n/a	n/a	DIN3
396.5720000000	n/a	n/a	STATUS	n/a	n/a	D255
397.3280000000	n/a	n/a	STATUS	n/a	n/a	DIN5
397.3760000000	n/a	n/a	STATUS	n/a	n/a	D255
397.7880000000	n/a	n/a	STATUS	n/a	n/a	DI94
397.8360000000	n/a	n/a	STATUS	n/a	n/a	D255
397.8760000000	n/a	n/a	STATUS	n/a	n/a	DI54
397.9240000000	n/a	n/a	STATUS	n/a	n/a	D255
398.2400000000	n/a	n/a	STATUS	n/a	n/a	DI34
398.2880000000	n/a	n/a	STATUS	n/a	n/a	D255
398.5480000000	n/a	n/a	STATUS	n/a	n/a	DIN5
398.6000000000	n/a	n/a	STATUS	n/a	n/a	D255
398.9120000000	n/a	n/a	STATUS	n/a	n/a	D171
398.9640000000	n/a	n/a	STATUS	n/a	n/a	D255
399.0000000000	n/a	n/a	STATUS	n/a	n/a	DI52
399.0520000000	n/a	n/a	STATUS	n/a	n/a	D255
399.4360000000	n/a	n/a	STATUS	n/a	n/a	DI42
399.4840000000	n/a	n/a	STATUS	n/a	n/a	D255
399.7440000000	n/a	n/a	STATUS	n/a	n/a	DIN5
399.7960000000	n/a	n/a	STATUS	n/a	n/a	D255
400.2240000000	n/a	n/a	STATUS	n/a	n/a	D199
400.2720000000	n/a	n/a	STATUS	n/a	n/a	D255
400.3120000000	n/a	n/a	STATUS	n/a	n/a	DI52
400.3640000000	n/a	n/a	STATUS	n/a	n/a	D255
400.7320000000	n/a	n/a	STATUS	n/a	n/a	DI42
400.7800000000	n/a	n/a	STATUS	n/a	n/a	D255
401.0400000000	n/a	n/a	STATUS	n/a	n/a	DIN5
401.0920000000	n/a	n/a	STATUS	n/a	n/a	D255
401.5320000000	n/a	n/a	STATUS	n/a	n/a	DI91
401.5800000000	n/a	n/a	STATUS	n/a	n/a	D255
401.6200000000	n/a	n/a	STATUS	n/a	n/a	DI52
401.6680000000	n/a	n/a	STATUS	n/a	n/a	D255
401.9840000000	n/a	n/a	STATUS	n/a	n/a	DI42
402.0360000000	n/a	n/a	STATUS	n/a	n/a	D255
402.2960000000	n/a	n/a	STATUS	n/a	n/a	DIN5
402.3440000000	n/a	n/a	STATUS	n/a	n/a	D255
402.7400000000	n/a	n/a	STATUS	n/a	n/a	D241
402.7880000000	n/a	n/a	STATUS	n/a	n/a	D255
402.8280000000	n/a	n/a	STATUS	n/a	n/a	DI52
402.8760000000	n/a	n/a	STATUS	n/a	n/a	D255
403.2240000000	n/a	n/a	STATUS	n/a	n/a	DI42
403.2720000000	n/a	n/a	STATUS	n/a	n/a	D255
403.5320000000	n/a	n/a	STATUS	n/a	n/a	DIN5
403.5840000000	n/a	n/a	STATUS	n/a	n/a	D255
403.9960000000	n/a	n/a	STATUS	n/a	n/a	D129
404.0480000000	n/a	n/a	STATUS	n/a	n/a	D255
404.0840000000	n/a	n/a	STATUS	n/a	n/a	DI53
404.1360000000	n/a	n/a	STATUS	n/a	n/a	D255
404.4560000000	n/a	n/a	STATUS	n/a	n/a	DI43
404.5080000000	n/a	n/a	STATUS	n/a	n/a	D255
404.7640000000	n/a	n/a	STATUS	n/a	n/a	DIN5
404.8160000000	n/a	n/a	STATUS	n/a	n/a	D255
405.2920000000	n/a	n/a	STATUS	n/a	n/a	D144
405.3400000000	n/a	n/a	STATUS	n/a	n/a	D255
405.3760000000	n/a	n/a	STATUS	n/a	n/a	DI53
405.4280000000	n/a	n/a	STATUS	n/a	n/a	D255
405.6720000000	n/a	n/a	STATUS	n/a	n/a	DI43
405.7240000000	n/a	n/a	STATUS	n/a	n/a	D255
405.9840000000	n/a	n/a	STATUS	n/a	n/a	DIN5
406.0320000000	n/a	n/a	STATUS	n/a	n/a	D255
406.3920000000	n/a	n/a	STATUS	n/a	n/a	D118
406.4440000000	n/a	n/a	STATUS	n/a	n/a	D255
406.4800000000	n/a	n/a	STATUS	n/a	n/a	DI53
406.5280000000	n/a	n/a	STATUS	n/a	n/a	D255
406.8040000000	n/a	n/a	STATUS	n/a	n/a	DI43
406.8560000000	n/a	n/a	STATUS	n/a	n/a	D255
407.1160000000	n/a	n/a	STATUS	n/a	n/a	DIN5
407.1640000000	n/a	n/a	STATUS	n/a	n/a	D255
407.5600000000	n/a	n/a	STATUS	n/a	n/a	D155
407.6080000000	n/a	n/a	STATUS	n/a	n/a	D255
407.6480000000	n/a	n/a	STATUS	n/a	n/a	DI51
407.6960000000	n/a	n/a	STATUS	n/a	n/a	D255
407.9320000000	n/a	n/a	STATUS	n/a	n/a	DI21
407.9840000000	n/a	n/a	STATUS	n/a	n/a	D255
407.9880000000	n/a	n/a	STATUS	n/a	n/a	DIN4
408.0360000000	n/a	n/a	STATUS	n/a	n/a	D255
408.7920000000	n/a	n/a	STATUS	n/a	n/a	DIN5
408.8400000000	n/a	n/a	STATUS	n/a	n/a	D255
409.2120000000	n/a	n/a	STATUS	n/a	n/a	DI69
409.2600000000	n/a	n/a	STATUS	n/a	n/a	D255
409.3000000000	n/a	n/a	STATUS	n/a	n/a	DI53
409.3480000000	n/a	n/a	STATUS	n/a	n/a	D255
409.8160000000	n/a	n/a	STATUS	n/a	n/a	DI43
409.8680000000	n/a	n/a	STATUS	n/a	n/a	D255
410.1280000000	n/a	n/a	STATUS	n/a	n/a	DIN5
410.1760000000	n/a	n/a	STATUS	n/a	n/a	D255
410.5360000000	n/a	n/a	STATUS	n/a	n/a	D204
410.5880000000	n/a	n/a	STATUS	n/a	n/a	D255
410.6240000000	n/a	n/a	STATUS	n/a	n/a	DI51
410.6720000000	n/a	n/a	STATUS	n/a	n/a	D255
411.1480000000	n/a	n/a	STATUS	n/a	n/a	DI31
411.2000000000	n/a	n/a	STATUS	n/a	n/a	D255
411.4600000000	n/a	n/a	STATUS	n/a	n/a	DIN5
411.5080000000	n/a	n/a	STATUS	n/a	n/a	D255
411.8920000000	n/a	n/a	STATUS	n/a	n/a	D172
411.9440000000	n/a	n/a	STATUS	n/a	n/a	D255
411.9800000000	n/a	n/a	STATUS	n/a	n/a	DI51
412.0320000000	n/a	n/a	STATUS	n/a	n/a	D255
412.6160000000	n/a	n/a	STATUS	n/a	n/a	DI31
412.6640000000	n/a	n/a	STATUS	n/a	n/a	D255
412.9240000000	n/a	n/a	STATUS	n/a	n/a	DIN5
412.9760000000	n/a	n/a	STATUS	n/a	n/a	D255
413.3160000000	n/a	n/a	STATUS	n/a	n/a	D160
413.3640000000	n/a	n/a	STATUS	n/a	n/a	D255
413.4000000000	n/a	n/a	STATUS	n/a	n/a	DI51
413.4520000000	n/a	n/a	STATUS	n/a	n/a	D255
414.0480000000	n/a	n/a	STATUS	n/a	n/a	DI31
414.1000000000	n/a	n/a	STATUS	n/a	n/a	D255
414.3560000000	n/a	n/a	STATUS	n/a	n/a	DIN5
414.4080000000	n/a	n/a	STATUS	n/a	n/a	D255
414.8240000000	n/a	n/a	STATUS	n/a	n/a	D220
414.8720000000	n/a	n/a	STATUS	n/a	n/a	D255
414.9120000000	n/a	n/a	STATUS	n/a	n/a	DI52
414.9600000000	n/a	n/a	STATUS	n/a	n/a	D255
415.9800000000	n/a	n/a	STATUS	n/a	n/a	DIN3
416.0320000000	n/a	n/a	STATUS	n/a	n/a	D255
416.7880000000	n/a	n/a	STATUS	n/a	n/a	DIN5
416.8360000000	n/a	n/a	STATUS	n/a	n/a	D255
417.2520000000	n/a	n/a	STATUS	n/a	n/a	DI73
417.3000000000	n/a	n/a	STATUS	n/a	n/a	D255
417.3360000000	n/a	n/a	STATUS	n/a	n/a	DI51
417.3880000000	n/a	n/a	STATUS	n/a	n/a	D255
417.9120000000	n/a	n/a	STATUS	n/a	n/a	DI31
417.9640000000	n/a	n/a	STATUS	n/a	n/a	D255
418.2240000000	n/a	n/a	STATUS	n/a	n/a	DIN5
418.2720000000	n/a	n/a	STATUS	n/a	n/a	D255
418.7120000000	n/a	n/a	STATUS	n/a	n/a	D224
418.7640000000	n/a	n/a	STATUS	n/a	n/a	D255
418.8000000000	n/a	n/a	STATUS	n/a	n/a	DI52
418.8520000000	n/a	n/a	STATUS	n/a	n/a	D255
419.2440000000	n/a	n/a	STATUS	n/a	n/a	DI42
419.2960000000	n/a	n/a	STATUS	n/a	n/a	D255
419.5560000000	n/a	n/a	STATUS	n/a	n/a	DIN5
419.6040000000	n/a	n/a	STATUS	n/a	n/a	D255
419.9440000000	n/a	n/a	STATUS	n/a	n/a	D123
419.9960000000	n/a	n/a	STATUS	n/a	n/a	D255
420.0320000000	n/a	n/a	STATUS	n/a	n/a	DI53
420.0840000000	n/a	n/a	STATUS	n/a	n/a	D255
420.4440000000	n/a	n/a	STATUS	n/a	n/a	DI43
420.4960000000	n/a	n/a	STATUS	n/a	n/a	D255
420.4960000000	n/a	n/a	STATUS	n/a	n/a	D235
420.7560000000	n/a	n/a	STATUS	n/a	n/a	DIN5
420.8040000000	n/a	n/a	STATUS	n/a	n/a	D255
421.1440000000	n/a	n/a	STATUS	n/a	n/a	D195
421.1960000000	n/a	n/a	STATUS	n/a	n/a	D255
421.2320000000	n/a	n/a	STATUS	n/a	n/a	DI53
421.2800000000	n/a	n/a	STATUS	n/a	n/a	D255
421.6320000000	n/a	n/a	STATUS	n/a	n/a	DI43
421.6840000000	n/a	n/a	STATUS	n/a	n/a	D255
421.9400000000	n/a	n/a	STATUS	n/a	n/a	DIN5
421.9920000000	n/a	n/a	STATUS	n/a	n/a	D255
422.4920000000	n/a	n/a	STATUS	n/a	n/a	D175
422.5400000000	n/a	n/a	STATUS	n/a	n/a	D255
422.5800000000	n/a	n/a	STATUS	n/a	n/a	DI54
422.6280000000	n/a	n/a	STATUS	n/a	n/a	D255
422.9880000000	n/a	n/a	STATUS	n/a	n/a	DI24
423.0360000000	n/a	n/a	STATUS	n/a	n/a	D255
423.0440000000	n/a	n/a	STATUS	n/a	n/a	DIN4
423.0920000000	n/a	n/a	STATUS	n/a	n/a	D255
423.8480000000	n/a	n/a	STATUS	n/a	n/a	DIN5
423.9000000000	n/a	n/a	STATUS	n/a	n/a	D255
424.2280000000	n/a	n/a	STATUS	n/a	n/a	D127
424.2760000000	n/a	n/a	STATUS	n/a	n/a	D255
424.3160000000	n/a	n/a	STATUS	n/a	n/a	DI54
424.3640000000	n/a	n/a	STATUS	n/a	n/a	D255
424.7480000000	n/a	n/a	STATUS	n/a	n/a	DI34
424.7960000000	n/a	n/a	STATUS	n/a	n/a	D255
425.0560000000	n/a	n/a	STATUS	n/a	n/a	DIN5
425.1080000000	n/a	n/a	STATUS	n/a	n/a	D255
425.4600000000	n/a	n/a	STATUS	n/a	n/a	D185
425.5120000000	n/a	n/a	STATUS	n/a	n/a	D255
425.5480000000	n/a	n/a	STATUS	n/a	n/a	DI51
425.6000000000	n/a	n/a	STATUS	n/a	n/a	D255
426.0440000000	n/a	n/a	STATUS	n/a	n/a	DI31
426.0920000000	n/a	n/a	STATUS	n/a	n/a	D255
426.3520000000	n/a	n/a	STATUS	n/a	n/a	DIN5
426.4040000000	n/a	n/a	STATUS	n/a	n/a	D255
426.8520000000	n/a	n/a	STATUS	n/a	n/a	D245
426.9040000000	n/a	n/a	STATUS	n/a	n/a	D255
426.9400000000	n/a	n/a	STATUS	n/a	n/a	DI54
426.9880000000	n/a	n/a	STATUS	n/a	n/a	D255
427.2560000000	n/a	n/a	STATUS	n/a	n/a	DI34
427.3040000000	n/a	n/a	STATUS	n/a	n/a	D255
444.3400000000	n/a	n/a	STATUS	n/a	n/a	DIN5
444.3880000000	n/a	n/a	STATUS	n/a	n/a	D255
444.7240000000	n/a	n/a	STATUS	n/a	n/a	D116
444.7760000000	n/a	n/a	STATUS	n/a	n/a	D255
444.8120000000	n/a	n/a	STATUS	n/a	n/a	DI52
444.8640000000	n/a	n/a	STATUS	n/a	n/a	D255
445.3200000000	n/a	n/a	STATUS	n/a	n/a	DI42
445.3680000000	n/a	n/a	STATUS	n/a	n/a	D255
445.6280000000	n/a	n/a	STATUS	n/a	n/a	DIN5
445.6800000000	n/a	n/a	STATUS	n/a	n/a	D255
446.0120000000	n/a	n/a	STATUS	n/a	n/a	D148
446.0640000000	n/a	n/a	STATUS	n/a	n/a	D255
446.1000000000	n/a	n/a	STATUS	n/a	n/a	DI54
446.1520000000	n/a	n/a	STATUS	n/a	n/a	D255
446.6040000000	n/a	n/a	STATUS	n/a	n/a	DI34
446.6520000000	n/a	n/a	STATUS	n/a	n/a	D255
446.9120000000	n/a	n/a	STATUS	n/a	n/a	DIN5
446.9640000000	n/a	n/a	STATUS	n/a	n/a	D255
447.4640000000	n/a	n/a	STATUS	n/a	n/a	D102
447.5120000000	n/a	n/a	STATUS	n/a	n/a	D255
447.5480000000	n/a	n/a	STATUS	n/a	n/a	DI52
447.6000000000	n/a	n/a	STATUS	n/a	n/a	D255
447.9440000000	n/a	n/a	STATUS	n/a	n/a	DI42
447.9960000000	n/a	n/a	STATUS	n/a	n/a	D255
448.2520000000	n/a	n/a	STATUS	n/a	n/a	DIN5
448.3040000000	n/a	n/a	STATUS	n/a	n/a	D255
448.7960000000	n/a	n/a	STATUS	n/a	n/a	DI72
448.8480000000	n/a	n/a	STATUS	n/a	n/a	D255
448.8880000000	n/a	n/a	STATUS	n/a	n/a	DI52
448.9360000000	n/a	n/a	STATUS	n/a	n/a	D255
449.2840000000	n/a	n/a	STATUS	n/a	n/a	DI42
449.3320000000	n/a	n/a	STATUS	n/a	n/a	D255
449.5920000000	n/a	n/a	STATUS	n/a	n/a	DIN5
449.6440000000	n/a	n/a	STATUS	n/a	n/a	D255
450.0360000000	n/a	n/a	STATUS	n/a	n/a	D174
450.0880000000	n/a	n/a	STATUS	n/a	n/a	D255
450.1240000000	n/a	n/a	STATUS	n/a	n/a	DI53
450.1760000000	n/a	n/a	STATUS	n/a	n/a	D255
450.4960000000	n/a	n/a	STATUS	n/a	n/a	DI43
450.5440000000	n/a	n/a	STATUS	n/a	n/a	D255
450.8040000000	n/a	n/a	STATUS	n/a	n/a	DIN5
450.8560000000	n/a	n/a	STATUS	n/a	n/a	D255
451.2560000000	n/a	n/a	STATUS	n/a	n/a	DI79
451.3040000000	n/a	n/a	STATUS	n/a	n/a	D255
451.3440000000	n/a	n/a	STATUS	n/a	n/a	DI51
451.3920000000	n/a	n/a	STATUS	n/a	n/a	D255
451.7640000000	n/a	n/a	STATUS	n/a	n/a	DI31
451.8160000000	n/a	n/a	STATUS	n/a	n/a	D255
452.0760000000	n/a	n/a	STATUS	n/a	n/a	DIN5
452.1240000000	n/a	n/a	STATUS	n/a	n/a	D255
452.6200000000	n/a	n/a	STATUS	n/a	n/a	D204
452.6720000000	n/a	n/a	STATUS	n/a	n/a	D255
452.7080000000	n/a	n/a	STATUS	n/a	n/a	DI54
452.7560000000	n/a	n/a	STATUS	n/a	n/a	D255
453.0040000000	n/a	n/a	STATUS	n/a	n/a	DI34
453.0560000000	n/a	n/a	STATUS	n/a	n/a	D255
453.3160000000	n/a	n/a	STATUS	n/a	n/a	DIN5
453.3640000000	n/a	n/a	STATUS	n/a	n/a	D255
453.8040000000	n/a	n/a	STATUS	n/a	n/a	D162
453.8560000000	n/a	n/a	STATUS	n/a	n/a	D255
453.8920000000	n/a	n/a	STATUS	n/a	n/a	DI53
453.9440000000	n/a	n/a	STATUS	n/a	n/a	D255
454.2520000000	n/a	n/a	STATUS	n/a	n/a	DI43
454.3000000000	n/a	n/a	STATUS	n/a	n/a	D255
454.5600000000	n/a	n/a	STATUS	n/a	n/a	DIN5
454.6120000000	n/a	n/a	STATUS	n/a	n/a	D255
455.0520000000	n/a	n/a	STATUS	n/a	n/a	DI99
455.1000000000	n/a	n/a	STATUS	n/a	n/a	D255
455.1400000000	n/a	n/a	STATUS	n/a	n/a	DI52
455.1880000000	n/a	n/a	STATUS	n/a	n/a	D255
455.5440000000	n/a	n/a	STATUS	n/a	n/a	DI42
455.5960000000	n/a	n/a	STATUS	n/a	n/a	D255
455.8560000000	n/a	n/a	STATUS	n/a	n/a	DIN5
455.9040000000	n/a	n/a	STATUS	n/a	n/a	D255
456.3040000000	n/a	n/a	STATUS	n/a	n/a	D108
456.3520000000	n/a	n/a	STATUS	n/a	n/a	D109
456.3560000000	n/a	n/a	STATUS	n/a	n/a	D255
456.3920000000	n/a	n/a	STATUS	n/a	n/a	DI53
456.4440000000	n/a	n/a	STATUS	n/a	n/a	D255
456.6800000000	n/a	n/a	STATUS	n/a	n/a	DI43
456.7320000000	n/a	n/a	STATUS	n/a	n/a	D255
456.9880000000	n/a	n/a	STATUS	n/a	n/a	DIN5
457.0400000000	n/a	n/a	STATUS	n/a	n/a	D255
457.5160000000	n/a	n/a	STATUS	n/a	n/a	D146
457.5640000000	n/a	n/a	STATUS	n/a	n/a	D255
457.6000000000	n/a	n/a	STATUS	n/a	n/a	DI52
457.6520000000	n/a	n/a	STATUS	n/a	n/a	D255
458.0360000000	n/a	n/a	STATUS	n/a	n/a	DI42
458.0880000000	n/a	n/a	STATUS	n/a	n/a	D255
458.3480000000	n/a	n/a	STATUS	n/a	n/a	DIN5
458.3960000000	n/a	n/a	STATUS	n/a	n/a	D255
458.7320000000	n/a	n/a	STATUS	n/a	n/a	D221
458.7800000000	n/a	n/a	STATUS	n/a	n/a	D255
458.8200000000	n/a	n/a	STATUS	n/a	n/a	DI52
458.8680000000	n/a	n/a	STATUS	n/a	n/a	D255
459.3640000000	n/a	n/a	STATUS	n/a	n/a	DI42
459.4120000000	n/a	n/a	STATUS	n/a	n/a	D255
459.6720000000	n/a	n/a	STATUS	n/a	n/a	DIN5
459.7240000000	n/a	n/a	STATUS	n/a	n/a	D255
460.2120000000	n/a	n/a	STATUS	n/a	n/a	D252
460.2600000000	n/a	n/a	STATUS	n/a	n/a	D255
460.3000000000	n/a	n/a	STATUS	n/a	n/a	DI51
460.3480000000	n/a	n/a	STATUS	n/a	n/a	D255
460.8480000000	n/a	n/a	STATUS	n/a	n/a	DI31
460.8960000000	n/a	n/a	STATUS	n/a	n/a	D255
461.1560000000	n/a	n/a	STATUS	n/a	n/a	DIN5
461.2080000000	n/a	n/a	STATUS	n/a	n/a	D255
461.5400000000	n/a	n/a	STATUS	n/a	n/a	D158
461.5920000000	n/a	n/a	STATUS	n/a	n/a	D255
461.6280000000	n/a	n/a	STATUS	n/a	n/a	DI51
461.6760000000	n/a	n/a	STATUS	n/a	n/a	D255
462.2120000000	n/a	n/a	STATUS	n/a	n/a	DI31
462.2640000000	n/a	n/a	STATUS	n/a	n/a	D255
462.5200000000	n/a	n/a	STATUS	n/a	n/a	DIN5
462.5720000000	n/a	n/a	STATUS	n/a	n/a	D255
462.9560000000	n/a	n/a	STATUS	n/a	n/a	D201
463.0080000000	n/a	n/a	STATUS	n/a	n/a	D255
463.0440000000	n/a	n/a	STATUS	n/a	n/a	DI51
463.0920000000	n/a	n/a	STATUS	n/a	n/a	D255
463.4280000000	n/a	n/a	STATUS	n/a	n/a	DI31
463.4760000000	n/a	n/a	STATUS	n/a	n/a	D255
463.7360000000	n/a	n/a	STATUS	n/a	n/a	DIN5
463.7880000000	n/a	n/a	STATUS	n/a	n/a	D255
464.2680000000	n/a	n/a	STATUS	n/a	n/a	D106
464.3160000000	n/a	n/a	STATUS	n/a	n/a	D255
464.3520000000	n/a	n/a	STATUS	n/a	n/a	DI53
464.4040000000	n/a	n/a	STATUS	n/a	n/a	D255
464.7640000000	n/a	n/a	STATUS	n/a	n/a	DI43
464.8120000000	n/a	n/a	STATUS	n/a	n/a	D255
465.0720000000	n/a	n/a	STATUS	n/a	n/a	DIN5
465.1240000000	n/a	n/a	STATUS	n/a	n/a	D255
465.4920000000	n/a	n/a	STATUS	n/a	n/a	DI82
465.5440000000	n/a	n/a	STATUS	n/a	n/a	D255
465.5800000000	n/a	n/a	STATUS	n/a	n/a	DI52
465.6320000000	n/a	n/a	STATUS	n/a	n/a	D255
466.0040000000	n/a	n/a	STATUS	n/a	n/a	DI42
466.0560000000	n/a	n/a	STATUS	n/a	n/a	D255
466.3160000000	n/a	n/a	STATUS	n/a	n/a	DIN5
466.3640000000	n/a	n/a	STATUS	n/a	n/a	D255
466.8640000000	n/a	n/a	STATUS	n/a	n/a	DI77
466.9160000000	n/a	n/a	STATUS	n/a	n/a	D255
466.9520000000	n/a	n/a	STATUS	n/a	n/a	DI54
467.0040000000	n/a	n/a	STATUS	n/a	n/a	D255
467.4600000000	n/a	n/a	STATUS	n/a	n/a	DI34
467.5080000000	n/a	n/a	STATUS	n/a	n/a	D255
467.7680000000	n/a	n/a	STATUS	n/a	n/a	DIN5
467.8200000000	n/a	n/a	STATUS	n/a	n/a	D255
468.2040000000	n/a	n/a	STATUS	n/a	n/a	D189
468.2520000000	n/a	n/a	STATUS	n/a	n/a	D255
468.2920000000	n/a	n/a	STATUS	n/a	n/a	DI54
468.3400000000	n/a	n/a	STATUS	n/a	n/a	D255
468.7760000000	n/a	n/a	STATUS	n/a	n/a	DI34
468.8240000000	n/a	n/a	STATUS	n/a	n/a	D255
469.0840000000	n/a	n/a	STATUS	n/a	n/a	DIN5
469.1360000000	n/a	n/a	STATUS	n/a	n/a	D255
469.6280000000	n/a	n/a	STATUS	n/a	n/a	DI81
469.6800000000	n/a	n/a	STATUS	n/a	n/a	D255
469.7160000000	n/a	n/a	STATUS	n/a	n/a	DI51
469.7680000000	n/a	n/a	STATUS	n/a	n/a	D255
470.2080000000	n/a	n/a	STATUS	n/a	n/a	DI31
470.2600000000	n/a	n/a	STATUS	n/a	n/a	D255
470.5160000000	n/a	n/a	STATUS	n/a	n/a	DIN5
470.5680000000	n/a	n/a	STATUS	n/a	n/a	D255
471.0200000000	n/a	n/a	STATUS	n/a	n/a	DI80
471.0720000000	n/a	n/a	STATUS	n/a	n/a	D255
471.1080000000	n/a	n/a	STATUS	n/a	n/a	DI51
471.1600000000	n/a	n/a	STATUS	n/a	n/a	D255
471.5480000000	n/a	n/a	STATUS	n/a	n/a	DI31
471.6000000000	n/a	n/a	STATUS	n/a	n/a	D255
471.8600000000	n/a	n/a	STATUS	n/a	n/a	DIN5
471.9080000000	n/a	n/a	STATUS	n/a	n/a	D255
472.3080000000	n/a	n/a	STATUS	n/a	n/a	D159
472.3600000000	n/a	n/a	STATUS	n/a	n/a	D255
472.3960000000	n/a	n/a	STATUS	n/a	n/a	DI53
472.4480000000	n/a	n/a	STATUS	n/a	n/a	D255
472.8120000000	n/a	n/a	STATUS	n/a	n/a	DI43
472.8640000000	n/a	n/a	STATUS	n/a	n/a	D255
473.1240000000	n/a	n/a	STATUS	n/a	n/a	DIN5
473.1720000000	n/a	n/a	STATUS	n/a	n/a	D255
473.5680000000	n/a	n/a	STATUS	n/a	n/a	D216
473.6160000000	n/a	n/a	STATUS	n/a	n/a	D255
473.6560000000	n/a	n/a	STATUS	n/a	n/a	DI53
473.7040000000	n/a	n/a	STATUS	n/a	n/a	D255
474.0240000000	n/a	n/a	STATUS	n/a	n/a	DI43
474.0720000000	n/a	n/a	STATUS	n/a	n/a	D255
474.3320000000	n/a	n/a	STATUS	n/a	n/a	DIN5
474.3840000000	n/a	n/a	STATUS	n/a	n/a	D255
474.7360000000	n/a	n/a	STATUS	n/a	n/a	D169
474.7880000000	n/a	n/a	STATUS	n/a	n/a	D255
474.8240000000	n/a	n/a	STATUS	n/a	n/a	DI54
474.8760000000	n/a	n/a	STATUS	n/a	n/a	D255
475.3400000000	n/a	n/a	STATUS	n/a	n/a	DI34
475.3880000000	n/a	n/a	STATUS	n/a	n/a	D255
475.6480000000	n/a	n/a	STATUS	n/a	n/a	DIN5
475.7000000000	n/a	n/a	STATUS	n/a	n/a	D255
476.0520000000	n/a	n/a	STATUS	n/a	n/a	D165
476.1040000000	n/a	n/a	STATUS	n/a	n/a	D255
476.1400000000	n/a	n/a	STATUS	n/a	n/a	DI51
476.1920000000	n/a	n/a	STATUS	n/a	n/a	D255
476.6720000000	n/a	n/a	STATUS	n/a	n/a	DI31
476.7240000000	n/a	n/a	STATUS	n/a	n/a	D255
476.9800000000	n/a	n/a	STATUS	n/a	n/a	DIN5
477.0320000000	n/a	n/a	STATUS	n/a	n/a	D255
477.5280000000	n/a	n/a	STATUS	n/a	n/a	D101
477.5760000000	n/a	n/a	STATUS	n/a	n/a	D255
477.6160000000	n/a	n/a	STATUS	n/a	n/a	DI53
477.6640000000	n/a	n/a	STATUS	n/a	n/a	D255
478.1400000000	n/a	n/a	STATUS	n/a	n/a	DI43
478.1880000000	n/a	n/a	STATUS	n/a	n/a	D255
478.4480000000	n/a	n/a	STATUS	n/a	n/a	DIN5
478.5000000000	n/a	n/a	STATUS	n/a	n/a	D255
478.9560000000	n/a	n/a	STATUS	n/a	n/a	D199
479.0080000000	n/a	n/a	STATUS	n/a	n/a	D255
479.0440000000	n/a	n/a	STATUS	n/a	n/a	DI52
479.0960000000	n/a	n/a	STATUS	n/a	n/a	D255
479.6040000000	n/a	n/a	STATUS	n/a	n/a	DI42
479.6560000000	n/a	n/a	STATUS	n/a	n/a	D255
479.9120000000	n/a	n/a	STATUS	n/a	n/a	DIN5
479.9640000000	n/a	n/a	STATUS	n/a	n/a	D255
479.9640000000	n/a	n/a	STATUS	n/a	n/a	D239
480.4640000000	n/a	n/a	STATUS	n/a	n/a	D132
480.5120000000	n/a	n/a	STATUS	n/a	n/a	D255
480.5520000000	n/a	n/a	STATUS	n/a	n/a	DI51
480.6000000000	n/a	n/a	STATUS	n/a	n/a	D255
480.9960000000	n/a	n/a	STATUS	n/a	n/a	DI31
481.0480000000	n/a	n/a	STATUS	n/a	n/a	D255
481.3040000000	n/a	n/a	STATUS	n/a	n/a	DIN5
481.3560000000	n/a	n/a	STATUS	n/a	n/a	D255
481.7400000000	n/a	n/a	STATUS	n/a	n/a	DI88
481.7920000000	n/a	n/a	STATUS	n/a	n/a	D255
481.8280000000	n/a	n/a	STATUS	n/a	n/a	DI54
481.8800000000	n/a	n/a	STATUS	n/a	n/a	D255
482.2640000000	n/a	n/a	STATUS	n/a	n/a	DI34
482.3160000000	n/a	n/a	STATUS	n/a	n/a	D255
482.5760000000	n/a	n/a	STATUS	n/a	n/a	DIN5
482.6240000000	n/a	n/a	STATUS	n/a	n/a	D255
483.0600000000	n/a	n/a	STATUS	n/a	n/a	D104
483.1080000000	n/a	n/a	STATUS	n/a	n/a	D255
483.1480000000	n/a	n/a	STATUS	n/a	n/a	DI54
483.1960000000	n/a	n/a	STATUS	n/a	n/a	D255
483.5040000000	n/a	n/a	STATUS	n/a	n/a	DI34
483.5520000000	n/a	n/a	STATUS	n/a	n/a	D255
483.8120000000	n/a	n/a	STATUS	n/a	n/a	DIN5
483.8640000000	n/a	n/a	STATUS	n/a	n/a	D255
484.2040000000	n/a	n/a	STATUS	n/a	n/a	D151
484.2520000000	n/a	n/a	STATUS	n/a	n/a	D255
484.2880000000	n/a	n/a	STATUS	n/a	n/a	DI54
484.3400000000	n/a	n/a	STATUS	n/a	n/a	D255
484.6400000000	n/a	n/a	STATUS	n/a	n/a	DI34
484.6880000000	n/a	n/a	STATUS	n/a	n/a	D255
484.9480000000	n/a	n/a	STATUS	n/a	n/a	DIN5
485.0000000000	n/a	n/a	STATUS	n/a	n/a	D255
485.3200000000	n/a	n/a	STATUS	n/a	n/a	D130
485.3680000000	n/a	n/a	STATUS	n/a	n/a	D255
485.4080000000	n/a	n/a	STATUS	n/a	n/a	DI53
485.4560000000	n/a	n/a	STATUS	n/a	n/a	D255
485.7880000000	n/a	n/a	STATUS	n/a	n/a	DI43
485.8400000000	n/a	n/a	STATUS	n/a	n/a	D255
486.1000000000	n/a	n/a	STATUS	n/a	n/a	DIN5
486.1480000000	n/a	n/a	STATUS	n/a	n/a	D255
486.5600000000	n/a	n/a	STATUS	n/a	n/a	D113
486.6080000000	n/a	n/a	STATUS	n/a	n/a	D255
486.6480000000	n/a	n/a	STATUS	n/a	n/a	DI52
486.6960000000	n/a	n/a	STATUS	n/a	n/a	D255
487.0520000000	n/a	n/a	STATUS	n/a	n/a	DI42
487.1040000000	n/a	n/a	STATUS	n/a	n/a	D255
487.3600000000	n/a	n/a	STATUS	n/a	n/a	DIN5
487.4120000000	n/a	n/a	STATUS	n/a	n/a	D255
487.8400000000	n/a	n/a	STATUS	n/a	n/a	DI67
487.8920000000	n/a	n/a	STATUS	n/a	n/a	D255
487.9280000000	n/a	n/a	STATUS	n/a	n/a	DI52
487.9800000000	n/a	n/a	STATUS	n/a	n/a	D255
488.3000000000	n/a	n/a	STATUS	n/a	n/a	DI42
488.3520000000	n/a	n/a	STATUS	n/a	n/a	D255
488.6120000000	n/a	n/a	STATUS	n/a	n/a	DIN5
488.6600000000	n/a	n/a	STATUS	n/a	n/a	D255
489.1160000000	n/a	n/a	STATUS	n/a	n/a	D118
489.1680000000	n/a	n/a	STATUS	n/a	n/a	D255
489.2040000000	n/a	n/a	STATUS	n/a	n/a	DI52
489.2520000000	n/a	n/a	STATUS	n/a	n/a	D255
489.7000000000	n/a	n/a	STATUS	n/a	n/a	DI42
489.7520000000	n/a	n/a	STATUS	n/a	n/a	D255
490.0080000000	n/a	n/a	STATUS	n/a	n/a	DIN5
490.0600000000	n/a	n/a	STATUS	n/a	n/a	D255
490.5040000000	n/a	n/a	STATUS	n/a	n/a	DI68
490.5560000000	n/a	n/a	STATUS	n/a	n/a	D255
490.5920000000	n/a	n/a	STATUS	n/a	n/a	DI52
490.6440000000	n/a	n/a	STATUS	n/a	n/a	D255
491.1000000000	n/a	n/a	STATUS	n/a	n/a	DI42
491.1520000000	n/a	n/a	STATUS	n/a	n/a	D255
491.4080000000	n/a	n/a	STATUS	n/a	n/a	DIN5
491.4600000000	n/a	n/a	STATUS	n/a	n/a	D255
491.8720000000	n/a	n/a	STATUS	n/a	n/a	D103
491.9240000000	n/a	n/a	STATUS	n/a	n/a	D255
491.9600000000	n/a	n/a	STATUS	n/a	n/a	DI52
492.0120000000	n/a	n/a	STATUS	n/a	n/a	D255
492.5480000000	n/a	n/a	STATUS	n/a	n/a	DI42
492.6000000000	n/a	n/a	STATUS	n/a	n/a	D255
492.8600000000	n/a	n/a	STATUS	n/a	n/a	DIN5
492.9080000000	n/a	n/a	STATUS	n/a	n/a	D255
493.4000000000	n/a	n/a	STATUS	n/a	n/a	D239
493.4480000000	n/a	n/a	STATUS	n/a	n/a	D255
493.4880000000	n/a	n/a	STATUS	n/a	n/a	DI54
493.5360000000	n/a	n/a	STATUS	n/a	n/a	D255
493.9120000000	n/a	n/a	STATUS	n/a	n/a	DI34
493.9640000000	n/a	n/a	STATUS	n/a	n/a	D255
494.2200000000	n/a	n/a	STATUS	n/a	n/a	DIN5
494.2720000000	n/a	n/a	STATUS	n/a	n/a	D255
494.7360000000	n/a	n/a	STATUS	n/a	n/a	D247
494.7880000000	n/a	n/a	STATUS	n/a	n/a	D255
494.8240000000	n/a	n/a	STATUS	n/a	n/a	DI54
494.8760000000	n/a	n/a	STATUS	n/a	n/a	D255
495.1600000000	n/a	n/a	STATUS	n/a	n/a	DI34
495.2120000000	n/a	n/a	STATUS	n/a	n/a	D255
495.4720000000	n/a	n/a	STATUS	n/a	n/a	DIN5
495.5200000000	n/a	n/a	STATUS	n/a	n/a	D255
495.8840000000	n/a	n/a	STATUS	n/a	n/a	D229
495.9360000000	n/a	n/a	STATUS	n/a	n/a	D255
495.9720000000	n/a	n/a	STATUS	n/a	n/a	DI52
496.0240000000	n/a	n/a	STATUS	n/a	n/a	D255
496.0240000000	n/a	n/a	STATUS	n/a	n/a	D247
496.4800000000	n/a	n/a	STATUS	n/a	n/a	DI42
496.5320000000	n/a	n/a	STATUS	n/a	n/a	D255
496.7920000000	n/a	n/a	STATUS	n/a	n/a	DIN5
496.8400000000	n/a	n/a	STATUS	n/a	n/a	D255
497.2240000000	n/a	n/a	STATUS	n/a	n/a	D156
497.2760000000	n/a	n/a	STATUS	n/a	n/a	D255
497.3120000000	n/a	n/a	STATUS	n/a	n/a	DI53
497.3640000000	n/a	n/a	STATUS	n/a	n/a	D255
497.8480000000	n/a	n/a	STATUS	n/a	n/a	DI43
497.8960000000	n/a	n/a	STATUS	n/a	n/a	D255
498.1560000000	n/a	n/a	STATUS	n/a	n/a	DIN5
498.2080000000	n/a	n/a	STATUS	n/a	n/a	D255
498.5160000000	n/a	n/a	STATUS	n/a	n/a	D114
498.5680000000	n/a	n/a	STATUS	n/a	n/a	D255
498.6040000000	n/a	n/a	STATUS	n/a	n/a	DI53
498.6520000000	n/a	n/a	STATUS	n/a	n/a	D255
498.9480000000	n/a	n/a	STATUS	n/a	n/a	DI43
499.0000000000	n/a	n/a	STATUS	n/a	n/a	D255
499.2600000000	n/a	n/a	STATUS	n/a	n/a	DIN5
499.3080000000	n/a	n/a	STATUS	n/a	n/a	D255
499.7280000000	n/a	n/a	STATUS	n/a	n/a	DI93
499.7800000000	n/a	n/a	STATUS	n/a	n/a	D255
499.8160000000	n/a	n/a	STATUS	n/a	n/a	DI52
499.8680000000	n/a	n/a	STATUS	n/a	n/a	D255
500.2400000000	n/a	n/a	STATUS	n/a	n/a	DI42
500.2880000000	n/a	n/a	STATUS	n/a	n/a	D255
500.5480000000	n/a	n/a	STATUS	n/a	n/a	DIN5
500.6000000000	n/a	n/a	STATUS	n/a	n/a	D255
500.9440000000	n/a	n/a	STATUS	n/a	n/a	D134
500.9960000000	n/a	n/a	STATUS	n/a	n/a	D255
501.0320000000	n/a	n/a	STATUS	n/a	n/a	DI54
501.0840000000	n/a	n/a	STATUS	n/a	n/a	D255
501.5280000000	n/a	n/a	STATUS	n/a	n/a	DI34
501.5800000000	n/a	n/a	STATUS	n/a	n/a	D255
501.8400000000	n/a	n/a	STATUS	n/a	n/a	DIN5
501.8880000000	n/a	n/a	STATUS	n/a	n/a	D255
502.2040000000	n/a	n/a	STATUS	n/a	n/a	D149
502.2520000000	n/a	n/a	STATUS	n/a	n/a	D255
502.2920000000	n/a	n/a	STATUS	n/a	n/a	DI51
502.3400000000	n/a	n/a	STATUS	n/a	n/a	D255
502.7360000000	n/a	n/a	STATUS	n/a	n/a	DI31
502.7880000000	n/a	n/a	STATUS	n/a	n/a	D255
503.0480000000	n/a	n/a	STATUS	n/a	n/a	DIN5
503.0960000000	n/a	n/a	STATUS	n/a	n/a	D255
503.6000000000	n/a	n/a	STATUS	n/a	n/a	D138
503.6520000000	n/a	n/a	STATUS	n/a	n/a	D255
503.6880000000	n/a	n/a	STATUS	n/a	n/a	DI53
503.7400000000	n/a	n/a	STATUS	n/a	n/a	D255
504.1960000000	n/a	n/a	STATUS	n/a	n/a	DI43
504.2440000000	n/a	n/a	STATUS	n/a	n/a	D255
504.5040000000	n/a	n/a	STATUS	n/a	n/a	DIN5
504.5520000000	n/a	n/a	STATUS	n/a	n/a	D255
505.0080000000	n/a	n/a	STATUS	n/a	n/a	D254
505.0600000000	n/a	n/a	STATUS	n/a	n/a	D255
505.0960000000	n/a	n/a	STATUS	n/a	n/a	DI54
505.1480000000	n/a	n/a	STATUS	n/a	n/a	D255
505.6280000000	n/a	n/a	STATUS	n/a	n/a	DI34
505.6760000000	n/a	n/a	STATUS	n/a	n/a	D255
505.9360000000	n/a	n/a	STATUS	n/a	n/a	DIN5
505.9880000000	n/a	n/a	STATUS	n/a	n/a	D255
506.3920000000	n/a	n/a	STATUS	n/a	n/a	DI69
506.4400000000	n/a	n/a	STATUS	n/a	n/a	D255
506.4800000000	n/a	n/a	STATUS	n/a	n/a	DI54
506.5280000000	n/a	n/a	STATUS	n/a	n/a	D255
506.9600000000	n/a	n/a	STATUS	n/a	n/a	DI34
507.0120000000	n/a	n/a	STATUS	n/a	n/a	D255
507.2680000000	n/a	n/a	STATUS	n/a	n/a	DIN5
507.3200000000	n/a	n/a	STATUS	n/a	n/a	D255
507.7360000000	n/a	n/a	STATUS	n/a	n/a	D128
507.7840000000	n/a	n/a	STATUS	n/a	n/a	D255
507.8240000000	n/a	n/a	STATUS	n/a	n/a	DI51
507.8720000000	n/a	n/a	STATUS	n/a	n/a	D255
508.2360000000	n/a	n/a	STATUS	n/a	n/a	DI31
508.2840000000	n/a	n/a	STATUS	n/a	n/a	D255
508.5440000000	n/a	n/a	STATUS	n/a	n/a	DIN5
508.5920000000	n/a	n/a	STATUS	n/a	n/a	D255
509.0880000000	n/a	n/a	STATUS	n/a	n/a	D126
509.1400000000	n/a	n/a	STATUS	n/a	n/a	D255
509.1760000000	n/a	n/a	STATUS	n/a	n/a	DI51
509.2280000000	n/a	n/a	STATUS	n/a	n/a	D255
509.6920000000	n/a	n/a	STATUS	n/a	n/a	DI31
509.7440000000	n/a	n/a	STATUS	n/a	n/a	D255
510.0000000000	n/a	n/a	STATUS	n/a	n/a	DIN5
510.0520000000	n/a	n/a	STATUS	n/a	n/a	D255
510.5000000000	n/a	n/a	STATUS	n/a	n/a	D139
510.5520000000	n/a	n/a	STATUS	n/a	n/a	D255
510.5880000000	n/a	n/a	STATUS	n/a	n/a	DI54
510.6400000000	n/a	n/a	STATUS	n/a	n/a	D255
510.9200000000	n/a	n/a	STATUS	n/a	n/a	DI34
510.9720000000	n/a	n/a	STATUS	n/a	n/a	D255
511.2320000000	n/a	n/a	STATUS	n/a	n/a	DIN5
511.2800000000	n/a	n/a	STATUS	n/a	n/a	D255
511.6760000000	n/a	n/a	STATUS	n/a	n/a	D121
511.7280000000	n/a	n/a	STATUS	n/a	n/a	D255
511.7640000000	n/a	n/a	STATUS	n/a	n/a	DI53
511.8160000000	n/a	n/a	STATUS	n/a	n/a	D255
512.0520000000	n/a	n/a	STATUS	n/a	n/a	DI43
512.1000000000	n/a	n/a	STATUS	n/a	n/a	D255
512.3600000000	n/a	n/a	STATUS	n/a	n/a	DIN5
512.4120000000	n/a	n/a	STATUS	n/a	n/a	D255
512.7280000000	n/a	n/a	STATUS	n/a	n/a	D231
512.7760000000	n/a	n/a	STATUS	n/a	n/a	D255
512.8160000000	n/a	n/a	STATUS	n/a	n/a	DI53
512.8640000000	n/a	n/a	STATUS	n/a	n/a	D255
513.2520000000	n/a	n/a	STATUS	n/a	n/a	DI43
513.3040000000	n/a	n/a	STATUS	n/a	n/a	D255
513.5640000000	n/a	n/a	STATUS	n/a	n/a	DIN5
513.6120000000	n/a	n/a	STATUS	n/a	n/a	D255
513.9560000000	n/a	n/a	STATUS	n/a	n/a	D173
514.0080000000	n/a	n/a	STATUS	n/a	n/a	D255
514.0440000000	n/a	n/a	STATUS	n/a	n/a	DI51
514.0960000000	n/a	n/a	STATUS	n/a	n/a	D255
514.5400000000	n/a	n/a	STATUS	n/a	n/a	DI31
514.5920000000	n/a	n/a	STATUS	n/a	n/a	D255
514.8480000000	n/a	n/a	STATUS	n/a	n/a	DIN5
514.9000000000	n/a	n/a	STATUS	n/a	n/a	D255
515.2840000000	n/a	n/a	STATUS	n/a	n/a	D115
515.3360000000	n/a	n/a	STATUS	n/a	n/a	D255
515.3720000000	n/a	n/a	STATUS	n/a	n/a	DI54
515.4200000000	n/a	n/a	STATUS	n/a	n/a	D255
515.7640000000	n/a	n/a	STATUS	n/a	n/a	DI34
515.8120000000	n/a	n/a	STATUS	n/a	n/a	D255
516.0720000000	n/a	n/a	STATUS	n/a	n/a	DIN5
516.1240000000	n/a	n/a	STATUS	n/a	n/a	D255
516.5480000000	n/a	n/a	STATUS	n/a	n/a	D172
516.5960000000	n/a	n/a	STATUS	n/a	n/a	D255
516.6360000000	n/a	n/a	STATUS	n/a	n/a	DI53
516.6840000000	n/a	n/a	STATUS	n/a	n/a	D255
517.0240000000	n/a	n/a	STATUS	n/a	n/a	DI43
517.0760000000	n/a	n/a	STATUS	n/a	n/a	D255
517.3360000000	n/a	n/a	STATUS	n/a	n/a	DIN5
517.3840000000	n/a	n/a	STATUS	n/a	n/a	D255
517.8240000000	n/a	n/a	STATUS	n/a	n/a	D143
517.8760000000	n/a	n/a	STATUS	n/a	n/a	D255
517.9120000000	n/a	n/a	STATUS	n/a	n/a	DI52
517.9640000000	n/a	n/a	STATUS	n/a	n/a	D255
518.4240000000	n/a	n/a	STATUS	n/a	n/a	DI42
518.4720000000	n/a	n/a	STATUS	n/a	n/a	D255
518.7320000000	n/a	n/a	STATUS	n/a	n/a	DIN5
518.7800000000	n/a	n/a	STATUS	n/a	n/a	D255
519.2400000000	n/a	n/a	STATUS	n/a	n/a	D177
519.2920000000	n/a	n/a	STATUS	n/a	n/a	D255
519.3280000000	n/a	n/a	STATUS	n/a	n/a	DI53
519.3800000000	n/a	n/a	STATUS	n/a	n/a	D255
519.7040000000	n/a	n/a	STATUS	n/a	n/a	DI43
519.7520000000	n/a	n/a	STATUS	n/a	n/a	D255
520.0120000000	n/a	n/a	STATUS	n/a	n/a	DIN5
520.0640000000	n/a	n/a	STATUS	n/a	n/a	D255
520.4440000000	n/a	n/a	STATUS	n/a	n/a	D243
520.4920000000	n/a	n/a	STATUS	n/a	n/a	D255
520.5320000000	n/a	n/a	STATUS	n/a	n/a	DI53
520.5800000000	n/a	n/a	STATUS	n/a	n/a	D255
520.8960000000	n/a	n/a	STATUS	n/a	n/a	DI43
520.9440000000	n/a	n/a	STATUS	n/a	n/a	D255
521.2040000000	n/a	n/a	STATUS	n/a	n/a	DIN5
521.2560000000	n/a	n/a	STATUS	n/a	n/a	D255
521.7560000000	n/a	n/a	STATUS	n/a	n/a	DI86
521.8040000000	n/a	n/a	STATUS	n/a	n/a	D255
521.8440000000	n/a	n/a	STATUS	n/a	n/a	DI53
521.8920000000	n/a	n/a	STATUS	n/a	n/a	D255
522.1840000000	n/a	n/a	STATUS	n/a	n/a	DI43
522.2320000000	n/a	n/a	STATUS	n/a	n/a	D255
522.4920000000	n/a	n/a	STATUS	n/a	n/a	DIN5
522.5440000000	n/a	n/a	STATUS	n/a	n/a	D255
522.9080000000	n/a	n/a	STATUS	n/a	n/a	D240
522.9560000000	n/a	n/a	STATUS	n/a	n/a	D255
522.9960000000	n/a	n/a	STATUS	n/a	n/a	DI54
523.0440000000	n/a	n/a	STATUS	n/a	n/a	D255
523.4360000000	n/a	n/a	STATUS	n/a	n/a	DI34
523.4840000000	n/a	n/a	STATUS	n/a	n/a	D255
523.7440000000	n/a	n/a	STATUS	n/a	n/a	DIN5
523.7960000000	n/a	n/a	STATUS	n/a	n/a	D255
524.1000000000	n/a	n/a	STATUS	n/a	n/a	D236
524.1480000000	n/a	n/a	STATUS	n/a	n/a	D255
524.1880000000	n/a	n/a	STATUS	n/a	n/a	DI51
524.2360000000	n/a	n/a	STATUS	n/a	n/a	D255
524.6280000000	n/a	n/a	STATUS	n/a	n/a	DI21
524.6800000000	n/a	n/a	STATUS	n/a	n/a	D255
524.6840000000	n/a	n/a	STATUS	n/a	n/a	DIN4
524.7320000000	n/a	n/a	STATUS	n/a	n/a	D255
525.4880000000	n/a	n/a	STATUS	n/a	n/a	DIN5
525.5400000000	n/a	n/a	STATUS	n/a	n/a	D255
525.8800000000	n/a	n/a	STATUS	n/a	n/a	D192
525.9280000000	n/a	n/a	STATUS	n/a	n/a	D255
525.9680000000	n/a	n/a	STATUS	n/a	n/a	DI51
526.0160000000	n/a	n/a	STATUS	n/a	n/a	D255
526.4520000000	n/a	n/a	STATUS	n/a	n/a	DI31
526.5040000000	n/a	n/a	STATUS	n/a	n/a	D255
526.7600000000	n/a	n/a	STATUS	n/a	n/a	DIN5
526.8120000000	n/a	n/a	STATUS	n/a	n/a	D255
527.1760000000	n/a	n/a	STATUS	n/a	n/a	DI70
527.2280000000	n/a	n/a	STATUS	n/a	n/a	D255
527.2640000000	n/a	n/a	STATUS	n/a	n/a	DI51
527.3160000000	n/a	n/a	STATUS	n/a	n/a	D255
528.3360000000	n/a	n/a	STATUS	n/a	n/a	DIN3
528.3840000000	n/a	n/a	STATUS	n/a	n/a	D255
529.1400000000	n/a	n/a	STATUS	n/a	n/a	DIN5
529.1920000000	n/a	n/a	STATUS	n/a	n/a	D255
529.5560000000	n/a	n/a	STATUS	n/a	n/a	D207
529.6040000000	n/a	n/a	STATUS	n/a	n/a	D255
529.6440000000	n/a	n/a	STATUS	n/a	n/a	DI51
529.6920000000	n/a	n/a	STATUS	n/a	n/a	D255
530.1680000000	n/a	n/a	STATUS	n/a	n/a	DI31
530.2160000000	n/a	n/a	STATUS	n/a	n/a	D255
530.4760000000	n/a	n/a	STATUS	n/a	n/a	DIN5
530.5280000000	n/a	n/a	STATUS	n/a	n/a	D255
530.9720000000	n/a	n/a	STATUS	n/a	n/a	DI76
531.0200000000	n/a	n/a	STATUS	n/a	n/a	D255
531.0600000000	n/a	n/a	STATUS	n/a	n/a	DI51
531.1080000000	n/a	n/a	STATUS	n/a	n/a	D255
531.5680000000	n/a	n/a	STATUS	n/a	n/a	DI31
531.6160000000	n/a	n/a	STATUS	n/a	n/a	D255
531.8760000000	n/a	n/a	STATUS	n/a	n/a	DIN5
531.9280000000	n/a	n/a	STATUS	n/a	n/a	D255
532.2960000000	n/a	n/a	STATUS	n/a	n/a	D164
532.3480000000	n/a	n/a	STATUS	n/a	n/a	D255
532.3840000000	n/a	n/a	STATUS	n/a	n/a	DI53
532.4320000000	n/a	n/a	STATUS	n/a	n/a	D255
532.7840000000	n/a	n/a	STATUS	n/a	n/a	DI43
532.8360000000	n/a	n/a	STATUS	n/a	n/a	D255
533.0920000000	n/a	n/a	STATUS	n/a	n/a	DIN5
533.1440000000	n/a	n/a	STATUS	n/a	n/a	D255
533.4680000000	n/a	n/a	STATUS	n/a	n/a	D107
533.5200000000	n/a	n/a	STATUS	n/a	n/a	D255
533.5560000000	n/a	n/a	STATUS	n/a	n/a	DI54
533.6080000000	n/a	n/a	STATUS	n/a	n/a	D255
534.0040000000	n/a	n/a	STATUS	n/a	n/a	DI34
534.0520000000	n/a	n/a	STATUS	n/a	n/a	D255
534.3120000000	n/a	n/a	STATUS	n/a	n/a	DIN5
534.3640000000	n/a	n/a	STATUS	n/a	n/a	D255
534.7280000000	n/a	n/a	STATUS	n/a	n/a	D193
534.7760000000	n/a	n/a	STATUS	n/a	n/a	D255
534.8160000000	n/a	n/a	STATUS	n/a	n/a	DI54
534.8640000000	n/a	n/a	STATUS	n/a	n/a	D255
535.1680000000	n/a	n/a	STATUS	n/a	n/a	DI34
535.2200000000	n/a	n/a	STATUS	n/a	n/a	D255
535.4800000000	n/a	n/a	STATUS	n/a	n/a	DIN5
535.5280000000	n/a	n/a	STATUS	n/a	n/a	D255
536.0280000000	n/a	n/a	STATUS	n/a	n/a	D245
536.0800000000	n/a	n/a	STATUS	n/a	n/a	D255
536.1160000000	n/a	n/a	STATUS	n/a	n/a	DI52
536.1680000000	n/a	n/a	STATUS	n/a	n/a	D255
536.4640000000	n/a	n/a	STATUS	n/a	n/a	DI12
536.5160000000	n/a	n/a	STATUS	n/a	n/a	D255
536.5200000000	n/a	n/a	STATUS	n/a	n/a	DIN4
536.5680000000	n/a	n/a	STATUS	n/a	n/a	D255
537.3240000000	n/a	n/a	STATUS	n/a	n/a	DIN5
537.3760000000	n/a	n/a	STATUS	n/a	n/a	D255
537.7880000000	n/a	n/a	STATUS	n/a	n/a	DI84
537.8400000000	n/a	n/a	STATUS	n/a	n/a	D255
537.8760000000	n/a	n/a	STATUS	n/a	n/a	DI51
537.9240000000	n/a	n/a	STATUS	n/a	n/a	D255
538.2920000000	n/a	n/a	STATUS	n/a	n/a	DI31
538.3400000000	n/a	n/a	STATUS	n/a	n/a	D255
538.6000000000	n/a	n/a	STATUS	n/a	n/a	DIN5
538.6520000000	n/a	n/a	STATUS	n/a	n/a	D255
539.0600000000	n/a	n/a	STATUS	n/a	n/a	D120
539.1120000000	n/a	n/a	STATUS	n/a	n/a	D255
539.1480000000	n/a	n/a	STATUS	n/a	n/a	DI51
539.2000000000	n/a	n/a	STATUS	n/a	n/a	D255
539.5320000000	n/a	n/a	STATUS	n/a	n/a	DI21
539.5840000000	n/a	n/a	STATUS	n/a	n/a	D255
539.5880000000	n/a	n/a	STATUS	n/a	n/a	DIN4
539.6400000000	n/a	n/a	STATUS	n/a	n/a	D255
540.3920000000	n/a	n/a	STATUS	n/a	n/a	DIN5
540.4440000000	n/a	n/a	STATUS	n/a	n/a	D255
540.8520000000	n/a	n/a	STATUS	n/a	n/a	D184
540.9040000000	n/a	n/a	STATUS	n/a	n/a	D255
540.9400000000	n/a	n/a	STATUS	n/a	n/a	DI52
540.9920000000	n/a	n/a	STATUS	n/a	n/a	D255
541.3200000000	n/a	n/a	STATUS	n/a	n/a	DI12
541.3680000000	n/a	n/a	STATUS	n/a	n/a	D255
541.3720000000	n/a	n/a	STATUS	n/a	n/a	DIN4
541.4240000000	n/a	n/a	STATUS	n/a	n/a	D255
542.1800000000	n/a	n/a	STATUS	n/a	n/a	DIN5
542.2280000000	n/a	n/a	STATUS	n/a	n/a	D255
542.6680000000	n/a	n/a	STATUS	n/a	n/a	DI96
542.7200000000	n/a	n/a	STATUS	n/a	n/a	D255
542.7560000000	n/a	n/a	STATUS	n/a	n/a	DI51
542.8080000000	n/a	n/a	STATUS	n/a	n/a	D255
543.1520000000	n/a	n/a	STATUS	n/a	n/a	DI31
543.2040000000	n/a	n/a	STATUS	n/a	n/a	D255
543.4640000000	n/a	n/a	STATUS	n/a	n/a	DIN5
543.5120000000	n/a	n/a	STATUS	n/a	n/a	D255
544.0000000000	n/a	n/a	STATUS	n/a	n/a	D248
544.0480000000	n/a	n/a	STATUS	n/a	n/a	D255
544.0840000000	n/a	n/a	STATUS	n/a	n/a	DI54
544.1360000000	n/a	n/a	STATUS	n/a	n/a	D255
544.5080000000	n/a	n/a	STATUS	n/a	n/a	DI34
544.5600000000	n/a	n/a	STATUS	n/a	n/a	D255
544.8200000000	n/a	n/a	STATUS	n/a	n/a	DIN5
544.8680000000	n/a	n/a	STATUS	n/a	n/a	D255
545.3080000000	n/a	n/a	STATUS	n/a	n/a	D213
545.3560000000	n/a	n/a	STATUS	n/a	n/a	D255
545.3960000000	n/a	n/a	STATUS	n/a	n/a	DI52
545.4440000000	n/a	n/a	STATUS	n/a	n/a	D255
545.8960000000	n/a	n/a	STATUS	n/a	n/a	DI42
545.9440000000	n/a	n/a	STATUS	n/a	n/a	D255
546.2040000000	n/a	n/a	STATUS	n/a	n/a	DIN5
546.2520000000	n/a	n/a	STATUS	n/a	n/a	D255
546.6840000000	n/a	n/a	STATUS	n/a	n/a	D187
546.7320000000	n/a	n/a	STATUS	n/a	n/a	D255
546.7720000000	n/a	n/a	STATUS	n/a	n/a	DI51
546.8200000000	n/a	n/a	STATUS	n/a	n/a	D255
547.3120000000	n/a	n/a	STATUS	n/a	n/a	DI31
547.3600000000	n/a	n/a	STATUS	n/a	n/a	D255
547.6200000000	n/a	n/a	STATUS	n/a	n/a	DIN5
547.6680000000	n/a	n/a	STATUS	n/a	n/a	D255
548.0560000000	n/a	n/a	STATUS	n/a	n/a	D154
548.1040000000	n/a	n/a	STATUS	n/a	n/a	D255
548.1440000000	n/a	n/a	STATUS	n/a	n/a	DI52
548.1920000000	n/a	n/a	STATUS	n/a	n/a	D255
548.6440000000	n/a	n/a	STATUS	n/a	n/a	DI42
548.6920000000	n/a	n/a	STATUS	n/a	n/a	D255
548.9520000000	n/a	n/a	STATUS	n/a	n/a	DIN5
549.0040000000	n/a	n/a	STATUS	n/a	n/a	D255
549.3640000000	n/a	n/a	STATUS	n/a	n/a	D249
549.4120000000	n/a	n/a	STATUS	n/a	n/a	D255
549.4520000000	n/a	n/a	STATUS	n/a	n/a	DI52
549.5000000000	n/a	n/a	STATUS	n/a	n/a	D255
549.9920000000	n/a	n/a	STATUS	n/a	n/a	DI42
550.0440000000	n/a	n/a	STATUS	n/a	n/a	D255
550.3040000000	n/a	n/a	STATUS	n/a	n/a	DIN5
550.3520000000	n/a	n/a	STATUS	n/a	n/a	D255
550.7120000000	n/a	n/a	STATUS	n/a	n/a	D253
550.7600000000	n/a	n/a	STATUS	n/a	n/a	D255
550.8000000000	n/a	n/a	STATUS	n/a	n/a	DI54
550.8480000000	n/a	n/a	STATUS	n/a	n/a	D255
551.3080000000	n/a	n/a	STATUS	n/a	n/a	DI34
551.3600000000	n/a	n/a	STATUS	n/a	n/a	D255
551.6200000000	n/a	n/a	STATUS	n/a	n/a	DIN5
551.6680000000	n/a	n/a	STATUS	n/a	n/a	D255
552.0320000000	n/a	n/a	STATUS	n/a	n/a	D168
552.0840000000	n/a	n/a	STATUS	n/a	n/a	D255
552.1200000000	n/a	n/a	STATUS	n/a	n/a	DI54
552.1720000000	n/a	n/a	STATUS	n/a	n/a	D255
552.5440000000	n/a	n/a	STATUS	n/a	n/a	DI34
552.5960000000	n/a	n/a	STATUS	n/a	n/a	D255
552.8520000000	n/a	n/a	STATUS	n/a	n/a	DIN5
552.9040000000	n/a	n/a	STATUS	n/a	n/a	D255
553.3200000000	n/a	n/a	STATUS	n/a	n/a	D202
553.3680000000	n/a	n/a	STATUS	n/a	n/a	D255
553.4080000000	n/a	n/a	STATUS	n/a	n/a	DI54
553.4560000000	n/a	n/a	STATUS	n/a	n/a	D255
553.7400000000	n/a	n/a	STATUS	n/a	n/a	DI35
553.7400000000	n/a	n/a	STATUS	n/a	n/a	DI34
553.7880000000	n/a	n/a	STATUS	n/a	n/a	D255
554.0480000000	n/a	n/a	STATUS	n/a	n/a	DIN5
554.1000000000	n/a	n/a	STATUS	n/a	n/a	D255
554.5760000000	n/a	n/a	STATUS	n/a	n/a	D200
554.6280000000	n/a	n/a	STATUS	n/a	n/a	D255
554.6640000000	n/a	n/a	STATUS	n/a	n/a	DI53
554.7160000000	n/a	n/a	STATUS	n/a	n/a	D255
554.9960000000	n/a	n/a	STATUS	n/a	n/a	DI43
555.0480000000	n/a	n/a	STATUS	n/a	n/a	D255
555.3080000000	n/a	n/a	STATUS	n/a	n/a	DIN5
555.3560000000	n/a	n/a	STATUS	n/a	n/a	D255
555.8160000000	n/a	n/a	STATUS	n/a	n/a	D179
555.8680000000	n/a	n/a	STATUS	n/a	n/a	D255
555.9040000000	n/a	n/a	STATUS	n/a	n/a	DI52
555.9520000000	n/a	n/a	STATUS	n/a	n/a	D255
556.3440000000	n/a	n/a	STATUS	n/a	n/a	DI42
556.3920000000	n/a	n/a	STATUS	n/a	n/a	D255
556.6520000000	n/a	n/a	STATUS	n/a	n/a	DIN5
556.7040000000	n/a	n/a	STATUS	n/a	n/a	D255
557.0200000000	n/a	n/a	STATUS	n/a	n/a	D230
557.0720000000	n/a	n/a	STATUS	n/a	n/a	D255
557.1080000000	n/a	n/a	STATUS	n/a	n/a	DI54
557.1600000000	n/a	n/a	STATUS	n/a	n/a	D255
557.4600000000	n/a	n/a	STATUS	n/a	n/a	DI34
557.5120000000	n/a	n/a	STATUS	n/a	n/a	DI99
557.5120000000	n/a	n/a	STATUS	n/a	n/a	D255
557.7720000000	n/a	n/a	STATUS	n/a	n/a	DIN5
557.8200000000	n/a	n/a	STATUS	n/a	n/a	D255
558.2680000000	n/a	n/a	STATUS	n/a	n/a	D160
558.3160000000	n/a	n/a	STATUS	n/a	n/a	D255
558.3520000000	n/a	n/a	STATUS	n/a	n/a	DI53
558.4040000000	n/a	n/a	STATUS	n/a	n/a	D255
558.6880000000	n/a	n/a	STATUS	n/a	n/a	DI43
558.7360000000	n/a	n/a	STATUS	n/a	n/a	D255
558.9960000000	n/a	n/a	STATUS	n/a	n/a	DIN5
559.0480000000	n/a	n/a	STATUS	n/a	n/a	D255
559.4840000000	n/a	n/a	STATUS	n/a	n/a	DI85
559.5360000000	n/a	n/a	STATUS	n/a	n/a	D255
559.5720000000	n/a	n/a	STATUS	n/a	n/a	DI53
559.6240000000	n/a	n/a	STATUS	n/a	n/a	D255
559.9680000000	n/a	n/a	STATUS	n/a	n/a	DI43
560.0200000000	n/a	n/a	STATUS	n/a	n/a	D255
560.2800000000	n/a	n/a	STATUS	n/a	n/a	DIN5
560.3280000000	n/a	n/a	STATUS	n/a	n/a	D255
560.6480000000	n/a	n/a	STATUS	n/a	n/a	D145
560.7000000000	n/a	n/a	STATUS	n/a	n/a	D255
560.7360000000	n/a	n/a	STATUS	n/a	n/a	DI52
560.7840000000	n/a	n/a	STATUS	n/a	n/a	D255
561.0880000000	n/a	n/a	STATUS	n/a	n/a	DI12
561.1360000000	n/a	n/a	STATUS	n/a	n/a	D255
561.1440000000	n/a	n/a	STATUS	n/a	n/a	DIN4
561.1920000000	n/a	n/a	STATUS	n/a	n/a	D255
561.9480000000	n/a	n/a	STATUS	n/a	n/a	DIN5
561.9960000000	n/a	n/a	STATUS	n/a	n/a	D255
562.4400000000	n/a	n/a	STATUS	n/a	n/a	D183
562.4880000000	n/a	n/a	STATUS	n/a	n/a	D255
562.5240000000	n/a	n/a	STATUS	n/a	n/a	DI51
562.5760000000	n/a	n/a	STATUS	n/a	n/a	D255
562.9520000000	n/a	n/a	STATUS	n/a	n/a	DI31
563.0040000000	n/a	n/a	STATUS	n/a	n/a	D255
563.2600000000	n/a	n/a	STATUS	n/a	n/a	DIN5
563.3120000000	n/a	n/a	STATUS	n/a	n/a	D255
563.6720000000	n/a	n/a	STATUS	n/a	n/a	D237
563.7200000000	n/a	n/a	STATUS	n/a	n/a	D255
563.7600000000	n/a	n/a	STATUS	n/a	n/a	DI51
563.8080000000	n/a	n/a	STATUS	n/a	n/a	D255
564.3040000000	n/a	n/a	STATUS	n/a	n/a	DI31
564.3520000000	n/a	n/a	STATUS	n/a	n/a	D255
564.6120000000	n/a	n/a	STATUS	n/a	n/a	DIN5
564.6600000000	n/a	n/a	STATUS	n/a	n/a	D255
565.0520000000	n/a	n/a	STATUS	n/a	n/a	DI65
565.1040000000	n/a	n/a	STATUS	n/a	n/a	D255
565.1400000000	n/a	n/a	STATUS	n/a	n/a	DI54
565.1880000000	n/a	n/a	STATUS	n/a	n/a	D255
565.5280000000	n/a	n/a	STATUS	n/a	n/a	DI34
565.5760000000	n/a	n/a	STATUS	n/a	n/a	D255
565.8360000000	n/a	n/a	STATUS	n/a	n/a	DIN5
565.8880000000	n/a	n/a	STATUS	n/a	n/a	D255
566.3400000000	n/a	n/a	STATUS	n/a	n/a	D224
566.3920000000	n/a	n/a	STATUS	n/a	n/a	D255
566.4280000000	n/a	n/a	STATUS	n/a	n/a	DI53
566.4800000000	n/a	n/a	STATUS	n/a	n/a	D255
566.8080000000	n/a	n/a	STATUS	n/a	n/a	DI43
566.8600000000	n/a	n/a	STATUS	n/a	n/a	D255
567.1200000000	n/a	n/a	STATUS	n/a	n/a	DIN5
567.1680000000	n/a	n/a	STATUS	n/a	n/a	D255
567.6360000000	n/a	n/a	STATUS	n/a	n/a	D208
567.6880000000	n/a	n/a	STATUS	n/a	n/a	D255
567.7240000000	n/a	n/a	STATUS	n/a	n/a	DI53
567.7760000000	n/a	n/a	STATUS	n/a	n/a	D255
568.0840000000	n/a	n/a	STATUS	n/a	n/a	DI43
568.1320000000	n/a	n/a	STATUS	n/a	n/a	D255
568.3920000000	n/a	n/a	STATUS	n/a	n/a	DIN5
568.4440000000	n/a	n/a	STATUS	n/a	n/a	D255
568.8320000000	n/a	n/a	STATUS	n/a	n/a	D225
568.8840000000	n/a	n/a	STATUS	n/a	n/a	D255
568.8840000000	n/a	n/a	STATUS	n/a	n/a	D239
568.9200000000	n/a	n/a	STATUS	n/a	n/a	DI54
568.9720000000	n/a	n/a	STATUS	n/a	n/a	D255
569.3080000000	n/a	n/a	STATUS	n/a	n/a	DI34
569.3560000000	n/a	n/a	STATUS	n/a	n/a	D255
569.6160000000	n/a	n/a	STATUS	n/a	n/a	DIN5
569.6680000000	n/a	n/a	STATUS	n/a	n/a	D255
570.1480000000	n/a	n/a	STATUS	n/a	n/a	DI74
570.1960000000	n/a	n/a	STATUS	n/a	n/a	D255
570.2360000000	n/a	n/a	STATUS	n/a	n/a	DI51
570.2840000000	n/a	n/a	STATUS	n/a	n/a	D255
570.8160000000	n/a	n/a	STATUS	n/a	n/a	DI31
570.8680000000	n/a	n/a	STATUS	n/a	n/a	D255
571.1280000000	n/a	n/a	STATUS	n/a	n/a	DIN5
571.1760000000	n/a	n/a	STATUS	n/a	n/a	D255
571.5920000000	n/a	n/a	STATUS	n/a	n/a	D176
571.6400000000	n/a	n/a	STATUS	n/a	n/a	D255
571.6760000000	n/a	n/a	STATUS	n/a	n/a	DI52
571.7280000000	n/a	n/a	STATUS	n/a	n/a	D255
572.2160000000	n/a	n/a	STATUS	n/a	n/a	DI42
572.2680000000	n/a	n/a	STATUS	n/a	n/a	D255
572.5240000000	n/a	n/a	STATUS	n/a	n/a	DIN5
572.5760000000	n/a	n/a	STATUS	n/a	n/a	D255
572.9720000000	n/a	n/a	STATUS	n/a	n/a	D175
573.0200000000	n/a	n/a	STATUS	n/a	n/a	D255
573.0560000000	n/a	n/a	STATUS	n/a	n/a	DI53
573.1080000000	n/a	n/a	STATUS	n/a	n/a	D255
573.4720000000	n/a	n/a	STATUS	n/a	n/a	DI43
573.5200000000	n/a	n/a	STATUS	n/a	n/a	D255
573.7800000000	n/a	n/a	STATUS	n/a	n/a	DIN5
573.8320000000	n/a	n/a	STATUS	n/a	n/a	D255
574.1920000000	n/a	n/a	STATUS	n/a	n/a	D185
574.2400000000	n/a	n/a	STATUS	n/a	n/a	D255
574.2800000000	n/a	n/a	STATUS	n/a	n/a	DI51
574.3280000000	n/a	n/a	STATUS	n/a	n/a	D255
574.7640000000	n/a	n/a	STATUS	n/a	n/a	DI31
574.8160000000	n/a	n/a	STATUS	n/a	n/a	D255
575.0760000000	n/a	n/a	STATUS	n/a	n/a	DIN5
575.1240000000	n/a	n/a	STATUS	n/a	n/a	D255
575.6240000000	n/a	n/a	STATUS	n/a	n/a	DI94
575.6760000000	n/a	n/a	STATUS	n/a	n/a	D255
575.7120000000	n/a	n/a	STATUS	n/a	n/a	DI52
575.7640000000	n/a	n/a	STATUS	n/a	n/a	D255
576.1120000000	n/a	n/a	STATUS	n/a	n/a	DI12
576.1600000000	n/a	n/a	STATUS	n/a	n/a	D255
576.1640000000	n/a	n/a	STATUS	n/a	n/a	DIN4
576.2160000000	n/a	n/a	STATUS	n/a	n/a	D255
576.9720000000	n/a	n/a	STATUS	n/a	n/a	DIN5
577.0200000000	n/a	n/a	STATUS	n/a	n/a	D255
577.4880000000	n/a	n/a	STATUS	n/a	n/a	D111
577.5400000000	n/a	n/a	STATUS	n/a	n/a	D255
577.5760000000	n/a	n/a	STATUS	n/a	n/a	DI53
577.6280000000	n/a	n/a	STATUS	n/a	n/a	D255
578.0040000000	n/a	n/a	STATUS	n/a	n/a	DI43
578.0560000000	n/a	n/a	STATUS	n/a	n/a	D255
595.3080000000	n/a	n/a	STATUS	n/a	n/a	DIN5
595.3600000000	n/a	n/a	STATUS	n/a	n/a	D255
595.7600000000	n/a	n/a	STATUS	n/a	n/a	D208
595.8080000000	n/a	n/a	STATUS	n/a	n/a	D255
595.8480000000	n/a	n/a	STATUS	n/a	n/a	DI54
595.8960000000	n/a	n/a	STATUS	n/a	n/a	D255
596.2640000000	n/a	n/a	STATUS	n/a	n/a	DI34
596.3160000000	n/a	n/a	STATUS	n/a	n/a	D255
596.5720000000	n/a	n/a	STATUS	n/a	n/a	DIN5
596.6240000000	n/a	n/a	STATUS	n/a	n/a	D255
597.0720000000	n/a	n/a	STATUS	n/a	n/a	D172
597.1240000000	n/a	n/a	STATUS	n/a	n/a	D255
597.1600000000	n/a	n/a	STATUS	n/a	n/a	DI52
597.2120000000	n/a	n/a	STATUS	n/a	n/a	D255
597.6000000000	n/a	n/a	STATUS	n/a	n/a	DI42
597.6480000000	n/a	n/a	STATUS	n/a	n/a	D255
597.9080000000	n/a	n/a	STATUS	n/a	n/a	DIN5
597.9600000000	n/a	n/a	STATUS	n/a	n/a	D255
598.3840000000	n/a	n/a	STATUS	n/a	n/a	DI68
598.4320000000	n/a	n/a	STATUS	n/a	n/a	D255
598.4720000000	n/a	n/a	STATUS	n/a	n/a	DI53
598.5200000000	n/a	n/a	STATUS	n/a	n/a	D255
598.8240000000	n/a	n/a	STATUS	n/a	n/a	DI43
598.8720000000	n/a	n/a	STATUS	n/a	n/a	D255
599.1320000000	n/a	n/a	STATUS	n/a	n/a	DIN5
599.1800000000	n/a	n/a	STATUS	n/a	n/a	D255
599.6800000000	n/a	n/a	STATUS	n/a	n/a	DI73
599.7320000000	n/a	n/a	STATUS	n/a	n/a	D255
599.7720000000	n/a	n/a	STATUS	n/a	n/a	DI54
599.8200000000	n/a	n/a	STATUS	n/a	n/a	D255
600.1160000000	n/a	n/a	STATUS	n/a	n/a	DI34
600.1640000000	n/a	n/a	STATUS	n/a	n/a	D255
600.4240000000	n/a	n/a	STATUS	n/a	n/a	DIN5
600.4720000000	n/a	n/a	STATUS	n/a	n/a	D255
600.8000000000	n/a	n/a	STATUS	n/a	n/a	D249
600.8480000000	n/a	n/a	STATUS	n/a	n/a	D255
600.8880000000	n/a	n/a	STATUS	n/a	n/a	DI52
600.9360000000	n/a	n/a	STATUS	n/a	n/a	D255
601.2760000000	n/a	n/a	STATUS	n/a	n/a	DI42
601.3280000000	n/a	n/a	STATUS	n/a	n/a	D255
601.5880000000	n/a	n/a	STATUS	n/a	n/a	DIN5
601.6360000000	n/a	n/a	STATUS	n/a	n/a	D255
602.0160000000	n/a	n/a	STATUS	n/a	n/a	D187
602.0680000000	n/a	n/a	STATUS	n/a	n/a	D255
602.1040000000	n/a	n/a	STATUS	n/a	n/a	DI53
602.1560000000	n/a	n/a	STATUS	n/a	n/a	D255
602.4200000000	n/a	n/a	STATUS	n/a	n/a	DI43
602.4720000000	n/a	n/a	STATUS	n/a	n/a	D255
602.7320000000	n/a	n/a	STATUS	n/a	n/a	DIN5
602.7800000000	n/a	n/a	STATUS	n/a	n/a	D255
603.1880000000	n/a	n/a	STATUS	n/a	n/a	D197
603.2400000000	n/a	n/a	STATUS	n/a	n/a	D255
603.2760000000	n/a	n/a	STATUS	n/a	n/a	DI52
603.3280000000	n/a	n/a	STATUS	n/a	n/a	D255
603.7880000000	n/a	n/a	STATUS	n/a	n/a	DI42
603.8360000000	n/a	n/a	STATUS	n/a	n/a	D255
604.0960000000	n/a	n/a	STATUS	n/a	n/a	DIN5
604.1480000000	n/a	n/a	STATUS	n/a	n/a	D255
604.5520000000	n/a	n/a	STATUS	n/a	n/a	D122
604.6000000000	n/a	n/a	STATUS	n/a	n/a	D255
604.6400000000	n/a	n/a	STATUS	n/a	n/a	DI54
604.6880000000	n/a	n/a	STATUS	n/a	n/a	D255
604.9480000000	n/a	n/a	STATUS	n/a	n/a	DI34
605.0000000000	n/a	n/a	STATUS	n/a	n/a	D255
605.2600000000	n/a	n/a	STATUS	n/a	n/a	DIN5
605.3080000000	n/a	n/a	STATUS	n/a	n/a	D255
605.6840000000	n/a	n/a	STATUS	n/a	n/a	DI74
605.7320000000	n/a	n/a	STATUS	n/a	n/a	D255
605.7720000000	n/a	n/a	STATUS	n/a	n/a	DI54
605.8200000000	n/a	n/a	STATUS	n/a	n/a	D255
606.0840000000	n/a	n/a	STATUS	n/a	n/a	DI34
606.1320000000	n/a	n/a	STATUS	n/a	n/a	D255
606.3920000000	n/a	n/a	STATUS	n/a	n/a	DIN5
606.4400000000	n/a	n/a	STATUS	n/a	n/a	D255
606.8440000000	n/a	n/a	STATUS	n/a	n/a	DI83
606.8960000000	n/a	n/a	STATUS	n/a	n/a	D255
606.9360000000	n/a	n/a	STATUS	n/a	n/a	DI54
606.9840000000	n/a	n/a	STATUS	n/a	n/a	D255
607.2360000000	n/a	n/a	STATUS	n/a	n/a	DI34
607.2880000000	n/a	n/a	STATUS	n/a	n/a	D255
607.5440000000	n/a	n/a	STATUS	n/a	n/a	DIN5
607.5960000000	n/a	n/a	STATUS	n/a	n/a	D255
607.9600000000	n/a	n/a	STATUS	n/a	n/a	D131
608.0120000000	n/a	n/a	STATUS	n/a	n/a	D255
608.0480000000	n/a	n/a	STATUS	n/a	n/a	DI51
608.1000000000	n/a	n/a	STATUS	n/a	n/a	D255
608.4160000000	n/a	n/a	STATUS	n/a	n/a	DI21
608.4680000000	n/a	n/a	STATUS	n/a	n/a	D255
608.4720000000	n/a	n/a	STATUS	n/a	n/a	DIN4
608.5200000000	n/a	n/a	STATUS	n/a	n/a	D255
609.2760000000	n/a	n/a	STATUS	n/a	n/a	DIN5
609.3240000000	n/a	n/a	STATUS	n/a	n/a	D255
609.7400000000	n/a	n/a	STATUS	n/a	n/a	D162
609.7920000000	n/a	n/a	STATUS	n/a	n/a	D255
609.8280000000	n/a	n/a	STATUS	n/a	n/a	DI51
609.8800000000	n/a	n/a	STATUS	n/a	n/a	D255
610.3000000000	n/a	n/a	STATUS	n/a	n/a	DI31
610.3520000000	n/a	n/a	STATUS	n/a	n/a	D255
610.6080000000	n/a	n/a	STATUS	n/a	n/a	DIN5
610.6600000000	n/a	n/a	STATUS	n/a	n/a	D255
611.1560000000	n/a	n/a	STATUS	n/a	n/a	D157
611.2040000000	n/a	n/a	STATUS	n/a	n/a	D255
611.2440000000	n/a	n/a	STATUS	n/a	n/a	DI52
611.2920000000	n/a	n/a	STATUS	n/a	n/a	D255
611.7680000000	n/a	n/a	STATUS	n/a	n/a	DI42
611.8160000000	n/a	n/a	STATUS	n/a	n/a	D255
612.0760000000	n/a	n/a	STATUS	n/a	n/a	DIN5
612.1280000000	n/a	n/a	STATUS	n/a	n/a	D255
612.5960000000	n/a	n/a	STATUS	n/a	n/a	DI89
612.6480000000	n/a	n/a	STATUS	n/a	n/a	D255
612.6840000000	n/a	n/a	STATUS	n/a	n/a	DI54
612.7360000000	n/a	n/a	STATUS	n/a	n/a	D255
613.0200000000	n/a	n/a	STATUS	n/a	n/a	DI34
613.0720000000	n/a	n/a	STATUS	n/a	n/a	D255
613.3320000000	n/a	n/a	STATUS	n/a	n/a	DIN5
613.3800000000	n/a	n/a	STATUS	n/a	n/a	D255
613.7960000000	n/a	n/a	STATUS	n/a	n/a	D179
613.8480000000	n/a	n/a	STATUS	n/a	n/a	D255
613.8840000000	n/a	n/a	STATUS	n/a	n/a	DI54
613.9360000000	n/a	n/a	STATUS	n/a	n/a	D255
614.2400000000	n/a	n/a	STATUS	n/a	n/a	DI34
614.2920000000	n/a	n/a	STATUS	n/a	n/a	D255
614.5520000000	n/a	n/a	STATUS	n/a	n/a	DIN5
614.6000000000	n/a	n/a	STATUS	n/a	n/a	D255
615.0120000000	n/a	n/a	STATUS	n/a	n/a	D240
615.0600000000	n/a	n/a	STATUS	n/a	n/a	D255
615.0960000000	n/a	n/a	STATUS	n/a	n/a	DI51
615.1480000000	n/a	n/a	STATUS	n/a	n/a	D255
615.6000000000	n/a	n/a	STATUS	n/a	n/a	DI31
615.6480000000	n/a	n/a	STATUS	n/a	n/a	D255
615.9080000000	n/a	n/a	STATUS	n/a	n/a	DIN5
615.9600000000	n/a	n/a	STATUS	n/a	n/a	D255
616.4640000000	n/a	n/a	STATUS	n/a	n/a	D137
616.5120000000	n/a	n/a	STATUS	n/a	n/a	D255
616.5520000000	n/a	n/a	STATUS	n/a	n/a	DI54
616.6000000000	n/a	n/a	STATUS	n/a	n/a	D255
616.8880000000	n/a	n/a	STATUS	n/a	n/a	DI34
616.9360000000	n/a	n/a	STATUS	n/a	n/a	D255
617.1960000000	n/a	n/a	STATUS	n/a	n/a	DIN5
617.2480000000	n/a	n/a	STATUS	n/a	n/a	D255
617.5880000000	n/a	n/a	STATUS	n/a	n/a	D182
617.6360000000	n/a	n/a	STATUS	n/a	n/a	D255
617.6760000000	n/a	n/a	STATUS	n/a	n/a	DI54
617.7240000000	n/a	n/a	STATUS	n/a	n/a	D255
618.0080000000	n/a	n/a	STATUS	n/a	n/a	DI34
618.0600000000	n/a	n/a	STATUS	n/a	n/a	D255
618.3160000000	n/a	n/a	STATUS	n/a	n/a	DIN5
618.3680000000	n/a	n/a	STATUS	n/a	n/a	D255
618.8080000000	n/a	n/a	STATUS	n/a	n/a	D141
618.8560000000	n/a	n/a	STATUS	n/a	n/a	D255
618.8960000000	n/a	n/a	STATUS	n/a	n/a	DI51
618.9440000000	n/a	n/a	STATUS	n/a	n/a	D255
619.4320000000	n/a	n/a	STATUS	n/a	n/a	DI31
619.4800000000	n/a	n/a	STATUS	n/a	n/a	D255
619.7400000000	n/a	n/a	STATUS	n/a	n/a	DIN5
619.7880000000	n/a	n/a	STATUS	n/a	n/a	D255
620.2640000000	n/a	n/a	STATUS	n/a	n/a	D217
620.3160000000	n/a	n/a	STATUS	n/a	n/a	D255
620.3520000000	n/a	n/a	STATUS	n/a	n/a	DI52
620.4040000000	n/a	n/a	STATUS	n/a	n/a	D255
620.7640000000	n/a	n/a	STATUS	n/a	n/a	DI12
620.8120000000	n/a	n/a	STATUS	n/a	n/a	D255
620.8160000000	n/a	n/a	STATUS	n/a	n/a	DIN4
620.8680000000	n/a	n/a	STATUS	n/a	n/a	DIN5
620.8680000000	n/a	n/a	STATUS	n/a	n/a	D255
621.6240000000	n/a	n/a	STATUS	n/a	n/a	DIN5
621.6720000000	n/a	n/a	STATUS	n/a	n/a	D255
622.1720000000	n/a	n/a	STATUS	n/a	n/a	DI94
622.2240000000	n/a	n/a	STATUS	n/a	n/a	D255
622.2600000000	n/a	n/a	STATUS	n/a	n/a	DI53
622.3080000000	n/a	n/a	STATUS	n/a	n/a	D255
622.7640000000	n/a	n/a	STATUS	n/a	n/a	DI43
622.8120000000	n/a	n/a	STATUS	n/a	n/a	D255
623.0720000000	n/a	n/a	STATUS	n/a	n/a	DIN5
623.1240000000	n/a	n/a	STATUS	n/a	n/a	D255
623.5320000000	n/a	n/a	STATUS	n/a	n/a	D228
623.5800000000	n/a	n/a	STATUS	n/a	n/a	D255
623.6200000000	n/a	n/a	STATUS	n/a	n/a	DI53
623.6680000000	n/a	n/a	STATUS	n/a	n/a	D255
623.9560000000	n/a	n/a	STATUS	n/a	n/a	DI43
624.0040000000	n/a	n/a	STATUS	n/a	n/a	D255
624.2640000000	n/a	n/a	STATUS	n/a	n/a	DIN5
624.3120000000	n/a	n/a	STATUS	n/a	n/a	D255
624.7440000000	n/a	n/a	STATUS	n/a	n/a	D164
624.7920000000	n/a	n/a	STATUS	n/a	n/a	D255
624.8320000000	n/a	n/a	STATUS	n/a	n/a	DI52
624.8800000000	n/a	n/a	STATUS	n/a	n/a	D255
625.3600000000	n/a	n/a	STATUS	n/a	n/a	DI42
625.4120000000	n/a	n/a	STATUS	n/a	n/a	D255
625.6720000000	n/a	n/a	STATUS	n/a	n/a	DIN5
625.7200000000	n/a	n/a	STATUS	n/a	n/a	D255
626.1200000000	n/a	n/a	STATUS	n/a	n/a	D160
626.1720000000	n/a	n/a	STATUS	n/a	n/a	D255
626.2080000000	n/a	n/a	STATUS	n/a	n/a	DI53
626.2560000000	n/a	n/a	STATUS	n/a	n/a	D255
626.5760000000	n/a	n/a	STATUS	n/a	n/a	DI43
626.6240000000	n/a	n/a	STATUS	n/a	n/a	D255
626.8840000000	n/a	n/a	STATUS	n/a	n/a	DIN5
626.9360000000	n/a	n/a	STATUS	n/a	n/a	D255
627.3560000000	n/a	n/a	STATUS	n/a	n/a	D247
627.4040000000	n/a	n/a	STATUS	n/a	n/a	D255
627.4440000000	n/a	n/a	STATUS	n/a	n/a	DI52
627.4920000000	n/a	n/a	STATUS	n/a	n/a	D255
627.8840000000	n/a	n/a	STATUS	n/a	n/a	DI42
627.9360000000	n/a	n/a	STATUS	n/a	n/a	D255
628.1960000000	n/a	n/a	STATUS	n/a	n/a	DIN5
628.2440000000	n/a	n/a	STATUS	n/a	n/a	D255
628.5600000000	n/a	n/a	STATUS	n/a	n/a	D233
628.6080000000	n/a	n/a	STATUS	n/a	n/a	D255
628.6480000000	n/a	n/a	STATUS	n/a	n/a	DI52
628.6960000000	n/a	n/a	STATUS	n/a	n/a	D255
629.0640000000	n/a	n/a	STATUS	n/a	n/a	DI42
629.1120000000	n/a	n/a	STATUS	n/a	n/a	D255
629.3720000000	n/a	n/a	STATUS	n/a	n/a	DIN5
629.4240000000	n/a	n/a	STATUS	n/a	n/a	D255
629.8320000000	n/a	n/a	STATUS	n/a	n/a	D180
629.8840000000	n/a	n/a	STATUS	n/a	n/a	D255
629.9200000000	n/a	n/a	STATUS	n/a	n/a	DI54
629.9720000000	n/a	n/a	STATUS	n/a	n/a	D255
630.3520000000	n/a	n/a	STATUS	n/a	n/a	DI34
630.4040000000	n/a	n/a	STATUS	n/a	n/a	D255
630.6640000000	n/a	n/a	STATUS	n/a	n/a	DIN5
630.7120000000	n/a	n/a	STATUS	n/a	n/a	D255
631.1240000000	n/a	n/a	STATUS	n/a	n/a	DI91
631.1720000000	n/a	n/a	STATUS	n/a	n/a	D255
631.2120000000	n/a	n/a	STATUS	n/a	n/a	DI51
631.2600000000	n/a	n/a	STATUS	n/a	n/a	D255
631.7440000000	n/a	n/a	STATUS	n/a	n/a	DI31
631.7920000000	n/a	n/a	STATUS	n/a	n/a	D255
632.0520000000	n/a	n/a	STATUS	n/a	n/a	DIN5
632.1000000000	n/a	n/a	STATUS	n/a	n/a	D255
632.5720000000	n/a	n/a	STATUS	n/a	n/a	D159
632.6200000000	n/a	n/a	STATUS	n/a	n/a	D255
632.6600000000	n/a	n/a	STATUS	n/a	n/a	DI53
632.7080000000	n/a	n/a	STATUS	n/a	n/a	D255
633.1400000000	n/a	n/a	STATUS	n/a	n/a	DI43
633.1920000000	n/a	n/a	STATUS	n/a	n/a	D255
633.4520000000	n/a	n/a	STATUS	n/a	n/a	DIN5
633.5000000000	n/a	n/a	STATUS	n/a	n/a	D255
633.9960000000	n/a	n/a	STATUS	n/a	n/a	D236
634.0440000000	n/a	n/a	STATUS	n/a	n/a	D255
634.0840000000	n/a	n/a	STATUS	n/a	n/a	DI53
634.1320000000	n/a	n/a	STATUS	n/a	n/a	D255
634.6240000000	n/a	n/a	STATUS	n/a	n/a	DI43
634.6760000000	n/a	n/a	STATUS	n/a	n/a	D255
634.9320000000	n/a	n/a	STATUS	n/a	n/a	DIN5
634.9840000000	n/a	n/a	STATUS	n/a	n/a	D255
635.4880000000	n/a	n/a	STATUS	n/a	n/a	D215
635.5400000000	n/a	n/a	STATUS	n/a	n/a	D255
635.5760000000	n/a	n/a	STATUS	n/a	n/a	DI53
635.6280000000	n/a	n/a	STATUS	n/a	n/a	D255
635.9360000000	n/a	n/a	STATUS	n/a	n/a	DI43
635.9840000000	n/a	n/a	STATUS	n/a	n/a	D255
636.2440000000	n/a	n/a	STATUS	n/a	n/a	DIN5
636.2960000000	n/a	n/a	STATUS	n/a	n/a	D255
636.6680000000	n/a	n/a	STATUS	n/a	n/a	D119
636.7200000000	n/a	n/a	STATUS	n/a	n/a	D255
636.7560000000	n/a	n/a	STATUS	n/a	n/a	DI53
636.8080000000	n/a	n/a	STATUS	n/a	n/a	D255
637.1360000000	n/a	n/a	STATUS	n/a	n/a	DI43
637.1880000000	n/a	n/a	STATUS	n/a	n/a	D255
637.4480000000	n/a	n/a	STATUS	n/a	n/a	DIN5
637.4960000000	n/a	n/a	STATUS	n/a	n/a	D255
637.8640000000	n/a	n/a	STATUS	n/a	n/a	D149
637.9160000000	n/a	n/a	STATUS	n/a	n/a	D255
637.9520000000	n/a	n/a	STATUS	n/a	n/a	DI52
638.0040000000	n/a	n/a	STATUS	n/a	n/a	D255
638.4560000000	n/a	n/a	STATUS	n/a	n/a	DI42
638.5080000000	n/a	n/a	STATUS	n/a	n/a	D255
638.7640000000	n/a	n/a	STATUS	n/a	n/a	DIN5
638.8160000000	n/a	n/a	STATUS	n/a	n/a	D255
639.2560000000	n/a	n/a	STATUS	n/a	n/a	D163
639.3040000000	n/a	n/a	STATUS	n/a	n/a	D255
639.3440000000	n/a	n/a	STATUS	n/a	n/a	DI54
639.3920000000	n/a	n/a	STATUS	n/a	n/a	D255
639.7080000000	n/a	n/a	STATUS	n/a	n/a	DI34
639.7600000000	n/a	n/a	STATUS	n/a	n/a	D255
640.0160000000	n/a	n/a	STATUS	n/a	n/a	DIN5
640.0680000000	n/a	n/a	STATUS	n/a	n/a	D255
640.5680000000	n/a	n/a	STATUS	n/a	n/a	D204
640.6160000000	n/a	n/a	STATUS	n/a	n/a	D255
640.6560000000	n/a	n/a	STATUS	n/a	n/a	DI52
640.7040000000	n/a	n/a	STATUS	n/a	n/a	D255
641.1880000000	n/a	n/a	STATUS	n/a	n/a	DI42
641.2400000000	n/a	n/a	STATUS	n/a	n/a	D255
641.4960000000	n/a	n/a	STATUS	n/a	n/a	DIN5
641.5480000000	n/a	n/a	STATUS	n/a	n/a	D255
642.0080000000	n/a	n/a	STATUS	n/a	n/a	DI65
642.0560000000	n/a	n/a	STATUS	n/a	n/a	D255
642.0960000000	n/a	n/a	STATUS	n/a	n/a	DI51
642.1440000000	n/a	n/a	STATUS	n/a	n/a	D255
642.6720000000	n/a	n/a	STATUS	n/a	n/a	DI31
642.7200000000	n/a	n/a	STATUS	n/a	n/a	D255
642.9800000000	n/a	n/a	STATUS	n/a	n/a	DIN5
643.0320000000	n/a	n/a	STATUS	n/a	n/a	D255
643.5040000000	n/a	n/a	STATUS	n/a	n/a	D234
643.5560000000	n/a	n/a	STATUS	n/a	n/a	D255
643.5920000000	n/a	n/a	STATUS	n/a	n/a	DI53
643.6440000000	n/a	n/a	STATUS	n/a	n/a	D255
643.9280000000	n/a	n/a	STATUS	n/a	n/a	DI43
643.9800000000	n/a	n/a	STATUS	n/a	n/a	D255
644.2360000000	n/a	n/a	STATUS	n/a	n/a	DIN5
644.2880000000	n/a	n/a	STATUS	n/a	n/a	D255
644.7480000000	n/a	n/a	STATUS	n/a	n/a	D205
644.7960000000	n/a	n/a	STATUS	n/a	n/a	D255
644.8360000000	n/a	n/a	STATUS	n/a	n/a	DI54
644.8840000000	n/a	n/a	STATUS	n/a	n/a	D255
645.2400000000	n/a	n/a	STATUS	n/a	n/a	DI34
645.2920000000	n/a	n/a	STATUS	n/a	n/a	D255
645.5520000000	n/a	n/a	STATUS	n/a	n/a	DIN5
645.6000000000	n/a	n/a	STATUS	n/a	n/a	D255
645.9320000000	n/a	n/a	STATUS	n/a	n/a	D254
645.9800000000	n/a	n/a	STATUS	n/a	n/a	D255
646.0200000000	n/a	n/a	STATUS	n/a	n/a	DI54
646.0680000000	n/a	n/a	STATUS	n/a	n/a	D255
646.4160000000	n/a	n/a	STATUS	n/a	n/a	DI34
646.4640000000	n/a	n/a	STATUS	n/a	n/a	D255
646.7240000000	n/a	n/a	STATUS	n/a	n/a	DIN5
646.7760000000	n/a	n/a	STATUS	n/a	n/a	D255
647.1840000000	n/a	n/a	STATUS	n/a	n/a	D216
647.2360000000	n/a	n/a	STATUS	n/a	n/a	D255
647.2720000000	n/a	n/a	STATUS	n/a	n/a	DI51
647.3240000000	n/a	n/a	STATUS	n/a	n/a	D255
647.6440000000	n/a	n/a	STATUS	n/a	n/a	DI21
647.6920000000	n/a	n/a	STATUS	n/a	n/a	D255
647.6960000000	n/a	n/a	STATUS	n/a	n/a	DIN4
647.7480000000	n/a	n/a	STATUS	n/a	n/a	D255
648.5040000000	n/a	n/a	STATUS	n/a	n/a	DIN5
648.5520000000	n/a	n/a	STATUS	n/a	n/a	D255
648.8640000000	n/a	n/a	STATUS	n/a	n/a	D139
648.9120000000	n/a	n/a	STATUS	n/a	n/a	D255
648.9480000000	n/a	n/a	STATUS	n/a	n/a	DI51
649.0000000000	n/a	n/a	STATUS	n/a	n/a	D255
649.4520000000	n/a	n/a	STATUS	n/a	n/a	DI31
649.5040000000	n/a	n/a	STATUS	n/a	n/a	D255
649.7600000000	n/a	n/a	STATUS	n/a	n/a	DIN5
649.8120000000	n/a	n/a	STATUS	n/a	n/a	D255
650.2160000000	n/a	n/a	STATUS	n/a	n/a	D161
650.2640000000	n/a	n/a	STATUS	n/a	n/a	D255
650.3040000000	n/a	n/a	STATUS	n/a	n/a	DI54
650.3560000000	n/a	n/a	STATUS	n/a	n/a	D255
650.8000000000	n/a	n/a	STATUS	n/a	n/a	DI34
650.8520000000	n/a	n/a	STATUS	n/a	n/a	D255
651.1120000000	n/a	n/a	STATUS	n/a	n/a	DIN5
651.1600000000	n/a	n/a	STATUS	n/a	n/a	D255
651.5400000000	n/a	n/a	STATUS	n/a	n/a	DI98
651.5920000000	n/a	n/a	STATUS	n/a	n/a	D255
651.6280000000	n/a	n/a	STATUS	n/a	n/a	DI51
651.6800000000	n/a	n/a	STATUS	n/a	n/a	D255
652.1160000000	n/a	n/a	STATUS	n/a	n/a	DI31
652.1680000000	n/a	n/a	STATUS	n/a	n/a	D255
652.4280000000	n/a	n/a	STATUS	n/a	n/a	DIN5
652.4760000000	n/a	n/a	STATUS	n/a	n/a	D255
652.8080000000	n/a	n/a	STATUS	n/a	n/a	D201
652.8560000000	n/a	n/a	STATUS	n/a	n/a	D255
652.8960000000	n/a	n/a	STATUS	n/a	n/a	DI53
652.9440000000	n/a	n/a	STATUS	n/a	n/a	D255
653.3280000000	n/a	n/a	STATUS	n/a	n/a	DI43
653.3760000000	n/a	n/a	STATUS	n/a	n/a	D255
653.6360000000	n/a	n/a	STATUS	n/a	n/a	DIN5
653.6880000000	n/a	n/a	STATUS	n/a	n/a	DI69
653.6880000000	n/a	n/a	STATUS	n/a	n/a	D255
653.9960000000	n/a	n/a	STATUS	n/a	n/a	D191
654.0480000000	n/a	n/a	STATUS	n/a	n/a	D255
654.0840000000	n/a	n/a	STATUS	n/a	n/a	DI51
654.1360000000	n/a	n/a	STATUS	n/a	n/a	D255
654.6480000000	n/a	n/a	STATUS	n/a	n/a	DI31
654.7000000000	n/a	n/a	STATUS	n/a	n/a	D255
654.9600000000	n/a	n/a	STATUS	n/a	n/a	DIN5
655.0080000000	n/a	n/a	STATUS	n/a	n/a	D255
655.4040000000	n/a	n/a	STATUS	n/a	n/a	D132
655.4520000000	n/a	n/a	STATUS	n/a	n/a	D255
655.4920000000	n/a	n/a	STATUS	n/a	n/a	DI54
655.5400000000	n/a	n/a	STATUS	n/a	n/a	D255
655.8760000000	n/a	n/a	STATUS	n/a	n/a	DI34
655.9240000000	n/a	n/a	STATUS	n/a	n/a	D255
656.1840000000	n/a	n/a	STATUS	n/a	n/a	DIN5
656.2320000000	n/a	n/a	STATUS	n/a	n/a	D255
656.6080000000	n/a	n/a	STATUS	n/a	n/a	D174
656.6600000000	n/a	n/a	STATUS	n/a	n/a	D255
656.6960000000	n/a	n/a	STATUS	n/a	n/a	DI52
656.7480000000	n/a	n/a	STATUS	n/a	n/a	D255
657.2160000000	n/a	n/a	STATUS	n/a	n/a	DI42
657.2640000000	n/a	n/a	STATUS	n/a	n/a	D255
657.5240000000	n/a	n/a	STATUS	n/a	n/a	DIN5
657.5760000000	n/a	n/a	STATUS	n/a	n/a	D255
658.0320000000	n/a	n/a	STATUS	n/a	n/a	D108
658.0800000000	n/a	n/a	STATUS	n/a	n/a	D255
658.1160000000	n/a	n/a	STATUS	n/a	n/a	DI53
658.1680000000	n/a	n/a	STATUS	n/a	n/a	D255
658.5240000000	n/a	n/a	STATUS	n/a	n/a	DI43
658.5720000000	n/a	n/a	STATUS	n/a	n/a	D255
658.8320000000	n/a	n/a	STATUS	n/a	n/a	DIN5
658.8840000000	n/a	n/a	STATUS	n/a	n/a	D255
659.3320000000	n/a	n/a	STATUS	n/a	n/a	DI80
659.3800000000	n/a	n/a	STATUS	n/a	n/a	D255
659.4200000000	n/a	n/a	STATUS	n/a	n/a	DI51
659.4720000000	n/a	n/a	STATUS	n/a	n/a	D255
659.9160000000	n/a	n/a	STATUS	n/a	n/a	DI31
659.9640000000	n/a	n/a	STATUS	n/a	n/a	D255
660.2240000000	n/a	n/a	STATUS	n/a	n/a	DIN5
660.2720000000	n/a	n/a	STATUS	n/a	n/a	D255
660.6720000000	n/a	n/a	STATUS	n/a	n/a	DI84
660.7240000000	n/a	n/a	STATUS	n/a	n/a	D255
660.7600000000	n/a	n/a	STATUS	n/a	n/a	DI53
660.8120000000	n/a	n/a	STATUS	n/a	n/a	D255
661.1280000000	n/a	n/a	STATUS	n/a	n/a	DI43
661.1800000000	n/a	n/a	STATUS	n/a	n/a	D255
661.4400000000	n/a	n/a	STATUS	n/a	n/a	DIN5
661.4880000000	n/a	n/a	STATUS	n/a	n/a	D255
661.9720000000	n/a	n/a	STATUS	n/a	n/a	D124
662.0240000000	n/a	n/a	STATUS	n/a	n/a	D255
662.0600000000	n/a	n/a	STATUS	n/a	n/a	DI52
662.1120000000	n/a	n/a	STATUS	n/a	n/a	D255
662.6440000000	n/a	n/a	STATUS	n/a	n/a	DI42
662.6960000000	n/a	n/a	STATUS	n/a	n/a	D255
662.9560000000	n/a	n/a	STATUS	n/a	n/a	DIN5
663.0040000000	n/a	n/a	STATUS	n/a	n/a	D255
663.4040000000	n/a	n/a	STATUS	n/a	n/a	D106
663.4560000000	n/a	n/a	STATUS	n/a	n/a	D255
663.4920000000	n/a	n/a	STATUS	n/a	n/a	DI54
663.5440000000	n/a	n/a	STATUS	n/a	n/a	D255
663.8280000000	n/a	n/a	STATUS	n/a	n/a	DI34
663.8800000000	n/a	n/a	STATUS	n/a	n/a	D255
664.1400000000	n/a	n/a	STATUS	n/a	n/a	DIN5
664.1880000000	n/a	n/a	STATUS	n/a	n/a	D255
664.5840000000	n/a	n/a	STATUS	n/a	n/a	D103
664.6320000000	n/a	n/a	STATUS	n/a	n/a	D255
664.6720000000	n/a	n/a	STATUS	n/a	n/a	DI53
664.7200000000	n/a	n/a	STATUS	n/a	n/a	D255
665.0680000000	n/a	n/a	STATUS	n/a	n/a	DI43
665.1160000000	n/a	n/a	STATUS	n/a	n/a	D255
665.3760000000	n/a	n/a	STATUS	n/a	n/a	DIN5
665.4240000000	n/a	n/a	STATUS	n/a	n/a	D255
665.8480000000	n/a	n/a	STATUS	n/a	n/a	D158
665.9000000000	n/a	n/a	STATUS	n/a	n/a	D255
665.9400000000	n/a	n/a	STATUS	n/a	n/a	DI53
665.9880000000	n/a	n/a	STATUS	n/a	n/a	D255
666.3240000000	n/a	n/a	STATUS	n/a	n/a	DI43
666.3720000000	n/a	n/a	STATUS	n/a	n/a	D255
666.6360000000	n/a	n/a	STATUS	n/a	n/a	DIN5
666.6840000000	n/a	n/a	STATUS	n/a	n/a	D255
667.1160000000	n/a	n/a	STATUS	n/a	n/a	D193
667.1680000000	n/a	n/a	STATUS	n/a	n/a	D255
667.2040000000	n/a	n/a	STATUS	n/a	n/a	DI53
667.2560000000	n/a	n/a	STATUS	n/a	n/a	D255
667.5440000000	n/a	n/a	STATUS	n/a	n/a	DI43
667.5960000000	n/a	n/a	STATUS	n/a	n/a	D255
667.8520000000	n/a	n/a	STATUS	n/a	n/a	DIN5
667.9040000000	n/a	n/a	STATUS	n/a	n/a	D255
668.2520000000	n/a	n/a	STATUS	n/a	n/a	D169
668.3040000000	n/a	n/a	STATUS	n/a	n/a	D255
668.3400000000	n/a	n/a	STATUS	n/a	n/a	DI52
668.3920000000	n/a	n/a	STATUS	n/a	n/a	D255
668.8440000000	n/a	n/a	STATUS	n/a	n/a	DI42
668.8920000000	n/a	n/a	STATUS	n/a	n/a	D255
669.1520000000	n/a	n/a	STATUS	n/a	n/a	DIN5
669.2040000000	n/a	n/a	STATUS	n/a	n/a	D255
669.6520000000	n/a	n/a	STATUS	n/a	n/a	D210
669.7040000000	n/a	n/a	STATUS	n/a	n/a	D255
669.7400000000	n/a	n/a	STATUS	n/a	n/a	DI51
669.7920000000	n/a	n/a	STATUS	n/a	n/a	D255
670.2440000000	n/a	n/a	STATUS	n/a	n/a	DI31
670.2920000000	n/a	n/a	STATUS	n/a	n/a	D255
670.5520000000	n/a	n/a	STATUS	n/a	n/a	DIN5
670.6040000000	n/a	n/a	STATUS	n/a	n/a	D255
671.0320000000	n/a	n/a	STATUS	n/a	n/a	D218
671.0800000000	n/a	n/a	STATUS	n/a	n/a	D255
671.1200000000	n/a	n/a	STATUS	n/a	n/a	DI54
671.1680000000	n/a	n/a	STATUS	n/a	n/a	D255
671.4760000000	n/a	n/a	STATUS	n/a	n/a	DI34
671.5240000000	n/a	n/a	STATUS	n/a	n/a	D255
671.7840000000	n/a	n/a	STATUS	n/a	n/a	DIN5
671.8360000000	n/a	n/a	STATUS	n/a	n/a	D255
672.2640000000	n/a	n/a	STATUS	n/a	n/a	D237
672.3160000000	n/a	n/a	STATUS	n/a	n/a	D255
672.3520000000	n/a	n/a	STATUS	n/a	n/a	DI54
672.4000000000	n/a	n/a	STATUS	n/a	n/a	D255
672.6680000000	n/a	n/a	STATUS	n/a	n/a	DI34
672.7160000000	n/a	n/a	STATUS	n/a	n/a	D255
672.9760000000	n/a	n/a	STATUS	n/a	n/a	DIN5
673.0280000000	n/a	n/a	STATUS	n/a	n/a	D255
673.4400000000	n/a	n/a	STATUS	n/a	n/a	D224
673.4920000000	n/a	n/a	STATUS	n/a	n/a	D255
673.5320000000	n/a	n/a	STATUS	n/a	n/a	DI54
673.5800000000	n/a	n/a	STATUS	n/a	n/a	D255
673.9480000000	n/a	n/a	STATUS	n/a	n/a	DI34
673.9960000000	n/a	n/a	STATUS	n/a	n/a	D255
674.2560000000	n/a	n/a	STATUS	n/a	n/a	DIN5
674.3080000000	n/a	n/a	STATUS	n/a	n/a	D255
674.7280000000	n/a	n/a	STATUS	n/a	n/a	DI70
674.7760000000	n/a	n/a	STATUS	n/a	n/a	D255
674.8160000000	n/a	n/a	STATUS	n/a	n/a	DI52
674.8640000000	n/a	n/a	STATUS	n/a	n/a	D255
675.2200000000	n/a	n/a	STATUS	n/a	n/a	DI42
675.2720000000	n/a	n/a	STATUS	n/a	n/a	D255
675.5280000000	n/a	n/a	STATUS	n/a	n/a	DIN5
675.5800000000	n/a	n/a	STATUS	n/a	n/a	D255
676.0400000000	n/a	n/a	STATUS	n/a	n/a	D188
676.0880000000	n/a	n/a	STATUS	n/a	n/a	D255
676.1280000000	n/a	n/a	STATUS	n/a	n/a	DI52
676.1760000000	n/a	n/a	STATUS	n/a	n/a	D255
676.5120000000	n/a	n/a	STATUS	n/a	n/a	DI42
676.5640000000	n/a	n/a	STATUS	n/a	n/a	D255
676.8240000000	n/a	n/a	STATUS	n/a	n/a	DIN5
676.8720000000	n/a	n/a	STATUS	n/a	n/a	D255
677.2640000000	n/a	n/a	STATUS	n/a	n/a	DI86
677.3120000000	n/a	n/a	STATUS	n/a	n/a	D255
677.3520000000	n/a	n/a	STATUS	n/a	n/a	DI53
677.4000000000	n/a	n/a	STATUS	n/a	n/a	D255
677.6720000000	n/a	n/a	STATUS	n/a	n/a	DI43
677.7240000000	n/a	n/a	STATUS	n/a	n/a	D255
677.9800000000	n/a	n/a	STATUS	n/a	n/a	DIN5
678.0320000000	n/a	n/a	STATUS	n/a	n/a	D255
678.3520000000	n/a	n/a	STATUS	n/a	n/a	D199
678.4000000000	n/a	n/a	STATUS	n/a	n/a	D255
678.4400000000	n/a	n/a	STATUS	n/a	n/a	DI52
678.4880000000	n/a	n/a	STATUS	n/a	n/a	D255
678.9560000000	n/a	n/a	STATUS	n/a	n/a	DI42
679.0040000000	n/a	n/a	STATUS	n/a	n/a	D255
679.2640000000	n/a	n/a	STATUS	n/a	n/a	DIN5
679.3160000000	n/a	n/a	STATUS	n/a	n/a	D255
679.6760000000	n/a	n/a	STATUS	n/a	n/a	D238
679.7240000000	n/a	n/a	STATUS	n/a	n/a	D255
679.7640000000	n/a	n/a	STATUS	n/a	n/a	DI51
679.8120000000	n/a	n/a	STATUS	n/a	n/a	D255
680.2560000000	n/a	n/a	STATUS	n/a	n/a	DI31
680.3040000000	n/a	n/a	STATUS	n/a	n/a	D255
680.5640000000	n/a	n/a	STATUS	n/a	n/a	DIN5
680.6160000000	n/a	n/a	STATUS	n/a	n/a	D255
680.9680000000	n/a	n/a	STATUS	n/a	n/a	D183
681.0200000000	n/a	n/a	STATUS	n/a	n/a	D255
681.0560000000	n/a	n/a	STATUS	n/a	n/a	DI52
681.1080000000	n/a	n/a	STATUS	n/a	n/a	D255
681.5880000000	n/a	n/a	STATUS	n/a	n/a	DI42
681.6400000000	n/a	n/a	STATUS	n/a	n/a	D255
681.8960000000	n/a	n/a	STATUS	n/a	n/a	DIN5
681.9480000000	n/a	n/a	STATUS	n/a	n/a	D255
682.3280000000	n/a	n/a	STATUS	n/a	n/a	D178
682.3760000000	n/a	n/a	STATUS	n/a	n/a	D255
682.4160000000	n/a	n/a	STATUS	n/a	n/a	DI51
682.4640000000	n/a	n/a	STATUS	n/a	n/a	D255
682.9880000000	n/a	n/a	STATUS	n/a	n/a	DI31
683.0360000000	n/a	n/a	STATUS	n/a	n/a	D255
683.2960000000	n/a	n/a	STATUS	n/a	n/a	DIN5
683.3480000000	n/a	n/a	STATUS	n/a	n/a	D255
683.7880000000	n/a	n/a	STATUS	n/a	n/a	D115
683.8360000000	n/a	n/a	STATUS	n/a	n/a	D255
683.8760000000	n/a	n/a	STATUS	n/a	n/a	DI53
683.9240000000	n/a	n/a	STATUS	n/a	n/a	D255
684.2640000000	n/a	n/a	STATUS	n/a	n/a	DI43
684.3160000000	n/a	n/a	STATUS	n/a	n/a	D255
684.5760000000	n/a	n/a	STATUS	n/a	n/a	DIN5
684.6240000000	n/a	n/a	STATUS	n/a	n/a	D255
685.1000000000	n/a	n/a	STATUS	n/a	n/a	D125
685.1520000000	n/a	n/a	STATUS	n/a	n/a	D255
685.1880000000	n/a	n/a	STATUS	n/a	n/a	DI53
685.2400000000	n/a	n/a	STATUS	n/a	n/a	D255
685.5760000000	n/a	n/a	STATUS	n/a	n/a	DI43
685.6240000000	n/a	n/a	STATUS	n/a	n/a	D255
685.8840000000	n/a	n/a	STATUS	n/a	n/a	DIN5
685.9360000000	n/a	n/a	STATUS	n/a	n/a	D255
686.3800000000	n/a	n/a	STATUS	n/a	n/a	D175
686.4320000000	n/a	n/a	STATUS	n/a	n/a	D255
686.4680000000	n/a	n/a	STATUS	n/a	n/a	DI54
686.5200000000	n/a	n/a	STATUS	n/a	n/a	D255
686.8360000000	n/a	n/a	STATUS	n/a	n/a	DI34
686.8840000000	n/a	n/a	STATUS	n/a	n/a	D255
687.1440000000	n/a	n/a	STATUS	n/a	n/a	DIN5
687.1960000000	n/a	n/a	STATUS	n/a	n/a	D255
687.6400000000	n/a	n/a	STATUS	n/a	n/a	DI99
687.6880000000	n/a	n/a	STATUS	n/a	n/a	D255
687.7280000000	n/a	n/a	STATUS	n/a	n/a	DI51
687.7760000000	n/a	n/a	STATUS	n/a	n/a	D255
688.0520000000	n/a	n/a	STATUS	n/a	n/a	DI21
688.1040000000	n/a	n/a	STATUS	n/a	n/a	D255
688.1080000000	n/a	n/a	STATUS	n/a	n/a	DIN4
688.1600000000	n/a	n/a	STATUS	n/a	n/a	D255
688.9120000000	n/a	n/a	STATUS	n/a	n/a	DIN5
688.9640000000	n/a	n/a	STATUS	n/a	n/a	D255
689.3840000000	n/a	n/a	STATUS	n/a	n/a	D155
689.4320000000	n/a	n/a	STATUS	n/a	n/a	D255
689.4720000000	n/a	n/a	STATUS	n/a	n/a	DI51
689.5200000000	n/a	n/a	STATUS	n/a	n/a	D255
690.5520000000	n/a	n/a	STATUS	n/a	n/a	DIN3
690.6000000000	n/a	n/a	STATUS	n/a	n/a	D255
691.3560000000	n/a	n/a	STATUS	n/a	n/a	DIN5
691.4080000000	n/a	n/a	STATUS	n/a	n/a	D255
691.7560000000	n/a	n/a	STATUS	n/a	n/a	D126
691.8080000000	n/a	n/a	STATUS	n/a	n/a	D255
691.8440000000	n/a	n/a	STATUS	n/a	n/a	DI51
691.8920000000	n/a	n/a	STATUS	n/a	n/a	D255
692.3040000000	n/a	n/a	STATUS	n/a	n/a	DI31
692.3520000000	n/a	n/a	STATUS	n/a	n/a	D255
692.6120000000	n/a	n/a	STATUS	n/a	n/a	DIN5
692.6600000000	n/a	n/a	STATUS	n/a	n/a	D255
692.9960000000	n/a	n/a	STATUS	n/a	n/a	D190
693.0480000000	n/a	n/a	STATUS	n/a	n/a	D255
693.0840000000	n/a	n/a	STATUS	n/a	n/a	DI52
693.1360000000	n/a	n/a	STATUS	n/a	n/a	D255
693.5320000000	n/a	n/a	STATUS	n/a	n/a	DI42
693.5800000000	n/a	n/a	STATUS	n/a	n/a	D255
693.8400000000	n/a	n/a	STATUS	n/a	n/a	DIN5
693.8880000000	n/a	n/a	STATUS	n/a	n/a	D255
694.3440000000	n/a	n/a	STATUS	n/a	n/a	D192
694.3960000000	n/a	n/a	STATUS	n/a	n/a	D255
694.4320000000	n/a	n/a	STATUS	n/a	n/a	DI51
694.4800000000	n/a	n/a	STATUS	n/a	n/a	D255
694.8600000000	n/a	n/a	STATUS	n/a	n/a	DI31
694.9120000000	n/a	n/a	STATUS	n/a	n/a	D255
695.1720000000	n/a	n/a	STATUS	n/a	n/a	DIN5
695.2200000000	n/a	n/a	STATUS	n/a	n/a	D255
695.6840000000	n/a	n/a	STATUS	n/a	n/a	D250
695.7360000000	n/a	n/a	STATUS	n/a	n/a	D255
695.7760000000	n/a	n/a	STATUS	n/a	n/a	DI54
695.8240000000	n/a	n/a	STATUS	n/a	n/a	D255
696.1640000000	n/a	n/a	STATUS	n/a	n/a	DI34
696.2160000000	n/a	n/a	STATUS	n/a	n/a	D255
696.4760000000	n/a	n/a	STATUS	n/a	n/a	DIN5
696.5240000000	n/a	n/a	STATUS	n/a	n/a	D255
696.9240000000	n/a	n/a	STATUS	n/a	n/a	DI82
696.9760000000	n/a	n/a	STATUS	n/a	n/a	D255
697.0120000000	n/a	n/a	STATUS	n/a	n/a	DI53
697.0640000000	n/a	n/a	STATUS	n/a	n/a	D255
697.4440000000	n/a	n/a	STATUS	n/a	n/a	DI43
697.4960000000	n/a	n/a	STATUS	n/a	n/a	D255
697.7520000000	n/a	n/a	STATUS	n/a	n/a	DIN5
697.8040000000	n/a	n/a	STATUS	n/a	n/a	D255
698.1520000000	n/a	n/a	STATUS	n/a	n/a	DI92
698.2040000000	n/a	n/a	STATUS	n/a	n/a	D255
698.2400000000	n/a	n/a	STATUS	n/a	n/a	DI54
698.2920000000	n/a	n/a	STATUS	n/a	n/a	D255
698.6560000000	n/a	n/a	STATUS	n/a	n/a	DI34
698.7040000000	n/a	n/a	STATUS	n/a	n/a	D255
698.9640000000	n/a	n/a	STATUS	n/a	n/a	DIN5
699.0160000000	n/a	n/a	STATUS	n/a	n/a	D255
699.4160000000	n/a	n/a	STATUS	n/a	n/a	D120
699.4640000000	n/a	n/a	STATUS	n/a	n/a	D255
699.5040000000	n/a	n/a	STATUS	n/a	n/a	DI52
699.5520000000	n/a	n/a	STATUS	n/a	n/a	D255
700.0480000000	n/a	n/a	STATUS	n/a	n/a	DI42
700.0960000000	n/a	n/a	STATUS	n/a	n/a	D255
700.3560000000	n/a	n/a	STATUS	n/a	n/a	DIN5
700.4080000000	n/a	n/a	STATUS	n/a	n/a	D255
700.8200000000	n/a	n/a	STATUS	n/a	n/a	D251
700.8720000000	n/a	n/a	STATUS	n/a	n/a	D255
700.9080000000	n/a	n/a	STATUS	n/a	n/a	DI53
700.9600000000	n/a	n/a	STATUS	n/a	n/a	D255
701.4480000000	n/a	n/a	STATUS	n/a	n/a	DI43
701.4960000000	n/a	n/a	STATUS	n/a	n/a	D255
701.7560000000	n/a	n/a	STATUS	n/a	n/a	DIN5
701.8080000000	n/a	n/a	STATUS	n/a	n/a	D255
702.2400000000	n/a	n/a	STATUS	n/a	n/a	D214
702.2920000000	n/a	n/a	STATUS	n/a	n/a	D255
702.3280000000	n/a	n/a	STATUS	n/a	n/a	DI52
702.3800000000	n/a	n/a	STATUS	n/a	n/a	D255
702.7320000000	n/a	n/a	STATUS	n/a	n/a	DI42
702.7840000000	n/a	n/a	STATUS	n/a	n/a	D255
703.0440000000	n/a	n/a	STATUS	n/a	n/a	DIN5
703.0920000000	n/a	n/a	STATUS	n/a	n/a	D255
703.4280000000	n/a	n/a	STATUS	n/a	n/a	DI72
703.4800000000	n/a	n/a	STATUS	n/a	n/a	D255
703.5160000000	n/a	n/a	STATUS	n/a	n/a	DI54
703.5680000000	n/a	n/a	STATUS	n/a	n/a	D255
703.9480000000	n/a	n/a	STATUS	n/a	n/a	DI34
703.9960000000	n/a	n/a	STATUS	n/a	n/a	D255
704.2560000000	n/a	n/a	STATUS	n/a	n/a	DIN5
704.3080000000	n/a	n/a	STATUS	n/a	n/a	D255
704.7520000000	n/a	n/a	STATUS	n/a	n/a	D121
704.8000000000	n/a	n/a	STATUS	n/a	n/a	D255
704.8400000000	n/a	n/a	STATUS	n/a	n/a	DI53
704.8880000000	n/a	n/a	STATUS	n/a	n/a	D255
705.2720000000	n/a	n/a	STATUS	n/a	n/a	DI43
705.3200000000	n/a	n/a	STATUS	n/a	n/a	D255
705.5800000000	n/a	n/a	STATUS	n/a	n/a	DIN5
705.6320000000	n/a	n/a	STATUS	n/a	n/a	D255
705.9680000000	n/a	n/a	STATUS	n/a	n/a	D226
706.0200000000	n/a	n/a	STATUS	n/a	n/a	D255
706.0560000000	n/a	n/a	STATUS	n/a	n/a	DI51
706.1080000000	n/a	n/a	STATUS	n/a	n/a	D255
706.4480000000	n/a	n/a	STATUS	n/a	n/a	DI31
706.5000000000	n/a	n/a	STATUS	n/a	n/a	D255
706.7560000000	n/a	n/a	STATUS	n/a	n/a	DIN5
706.8080000000	n/a	n/a	STATUS	n/a	n/a	D255
707.1120000000	n/a	n/a	STATUS	n/a	n/a	D196
707.1640000000	n/a	n/a	STATUS	n/a	n/a	D255
707.2000000000	n/a	n/a	STATUS	n/a	n/a	DI52
707.2480000000	n/a	n/a	STATUS	n/a	n/a	D255
707.6160000000	n/a	n/a	STATUS	n/a	n/a	DI42
707.6640000000	n/a	n/a	STATUS	n/a	n/a	D255
707.9240000000	n/a	n/a	STATUS	n/a	n/a	DIN5
707.9720000000	n/a	n/a	STATUS	n/a	n/a	D255
708.4520000000	n/a	n/a	STATUS	n/a	n/a	D184
708.5040000000	n/a	n/a	STATUS	n/a	n/a	D255
708.5400000000	n/a	n/a	STATUS	n/a	n/a	DI51
708.5920000000	n/a	n/a	STATUS	n/a	n/a	D255
708.9080000000	n/a	n/a	STATUS	n/a	n/a	DI31
708.9560000000	n/a	n/a	STATUS	n/a	n/a	D255
709.2160000000	n/a	n/a	STATUS	n/a	n/a	DIN5
709.2680000000	n/a	n/a	STATUS	n/a	n/a	D255
709.7520000000	n/a	n/a	STATUS	n/a	n/a	D153
709.8000000000	n/a	n/a	STATUS	n/a	n/a	D255
709.8400000000	n/a	n/a	STATUS	n/a	n/a	DI51
709.8880000000	n/a	n/a	STATUS	n/a	n/a	D255
710.1000000000	n/a	n/a	STATUS	n/a	n/a	DI21
710.1520000000	n/a	n/a	STATUS	n/a	n/a	D255
710.1560000000	n/a	n/a	STATUS	n/a	n/a	DIN4
710.2040000000	n/a	n/a	STATUS	n/a	n/a	D255
710.9600000000	n/a	n/a	STATUS	n/a	n/a	DIN5
711.0120000000	n/a	n/a	STATUS	n/a	n/a	D255
711.4440000000	n/a	n/a	STATUS	n/a	n/a	D212
711.4960000000	n/a	n/a	STATUS	n/a	n/a	D255
711.5320000000	n/a	n/a	STATUS	n/a	n/a	DI52
711.5840000000	n/a	n/a	STATUS	n/a	n/a	D255
712.0240000000	n/a	n/a	STATUS	n/a	n/a	DI42
712.0760000000	n/a	n/a	STATUS	n/a	n/a	D255
712.3360000000	n/a	n/a	STATUS	n/a	n/a	DIN5
712.3840000000	n/a	n/a	STATUS	n/a	n/a	D255
712.8440000000	n/a	n/a	STATUS	n/a	n/a	DI85
712.8960000000	n/a	n/a	STATUS	n/a	n/a	D255
712.9320000000	n/a	n/a	STATUS	n/a	n/a	DI54
712.9800000000	n/a	n/a	STATUS	n/a	n/a	D255
713.2400000000	n/a	n/a	STATUS	n/a	n/a	DI34
713.2920000000	n/a	n/a	STATUS	n/a	n/a	D255
713.5520000000	n/a	n/a	STATUS	n/a	n/a	DIN5
713.6000000000	n/a	n/a	STATUS	n/a	n/a	D255
714.0640000000	n/a	n/a	STATUS	n/a	n/a	D147
714.1160000000	n/a	n/a	STATUS	n/a	n/a	D255
714.1520000000	n/a	n/a	STATUS	n/a	n/a	DI51
714.2040000000	n/a	n/a	STATUS	n/a	n/a	D255
714.7240000000	n/a	n/a	STATUS	n/a	n/a	DI31
714.7760000000	n/a	n/a	STATUS	n/a	n/a	D255
715.0320000000	n/a	n/a	STATUS	n/a	n/a	DIN5
715.0840000000	n/a	n/a	STATUS	n/a	n/a	D255
715.4080000000	n/a	n/a	STATUS	n/a	n/a	D142
715.4600000000	n/a	n/a	STATUS	n/a	n/a	D255
715.4960000000	n/a	n/a	STATUS	n/a	n/a	DI53
715.5480000000	n/a	n/a	STATUS	n/a	n/a	D255
715.9280000000	n/a	n/a	STATUS	n/a	n/a	DI43
715.9760000000	n/a	n/a	STATUS	n/a	n/a	D255
716.2360000000	n/a	n/a	STATUS	n/a	n/a	DIN5
716.2840000000	n/a	n/a	STATUS	n/a	n/a	D255
716.6800000000	n/a	n/a	STATUS	n/a	n/a	D253
716.7320000000	n/a	n/a	STATUS	n/a	n/a	D255
716.7680000000	n/a	n/a	STATUS	n/a	n/a	DI52
716.8160000000	n/a	n/a	STATUS	n/a	n/a	D255
717.3920000000	n/a	n/a	STATUS	n/a	n/a	DI42
717.4400000000	n/a	n/a	STATUS	n/a	n/a	D255
717.7000000000	n/a	n/a	STATUS	n/a	n/a	DIN5
717.7480000000	n/a	n/a	STATUS	n/a	n/a	D255
718.1200000000	n/a	n/a	STATUS	n/a	n/a	D167
718.1680000000	n/a	n/a	STATUS	n/a	n/a	D255
718.2080000000	n/a	n/a	STATUS	n/a	n/a	DI53
718.2560000000	n/a	n/a	STATUS	n/a	n/a	D255
718.6480000000	n/a	n/a	STATUS	n/a	n/a	DI43
718.7000000000	n/a	n/a	STATUS	n/a	n/a	D255
718.9600000000	n/a	n/a	STATUS	n/a	n/a	DIN5
719.0080000000	n/a	n/a	STATUS	n/a	n/a	D255
719.3600000000	n/a	n/a	STATUS	n/a	n/a	D129
719.4080000000	n/a	n/a	STATUS	n/a	n/a	D255
719.4480000000	n/a	n/a	STATUS	n/a	n/a	DI54
719.4960000000	n/a	n/a	STATUS	n/a	n/a	D255
719.8640000000	n/a	n/a	STATUS	n/a	n/a	DI34
719.9120000000	n/a	n/a	STATUS	n/a	n/a	D255
720.1720000000	n/a	n/a	STATUS	n/a	n/a	DIN5
720.2240000000	n/a	n/a	STATUS	n/a	n/a	D255
720.6920000000	n/a	n/a	STATUS	n/a	n/a	D100
720.7440000000	n/a	n/a	STATUS	n/a	n/a	D255
720.7800000000	n/a	n/a	STATUS	n/a	n/a	DI52
720.8320000000	n/a	n/a	STATUS	n/a	n/a	D255
721.1600000000	n/a	n/a	STATUS	n/a	n/a	DI12
721.2120000000	n/a	n/a	STATUS	n/a	n/a	D255
721.2160000000	n/a	n/a	STATUS	n/a	n/a	DIN4
721.2640000000	n/a	n/a	STATUS	n/a	n/a	D255
722.0200000000	n/a	n/a	STATUS	n/a	n/a	DIN5
722.0720000000	n/a	n/a	STATUS	n/a	n/a	D255
722.4520000000	n/a	n/a	STATUS	n/a	n/a	D102
722.5000000000	n/a	n/a	STATUS	n/a	n/a	D255
722.5400000000	n/a	n/a	STATUS	n/a	n/a	DI51
722.5880000000	n/a	n/a	STATUS	n/a	n/a	D255
722.9720000000	n/a	n/a	STATUS	n/a	n/a	DI31
723.0200000000	n/a	n/a	STATUS	n/a	n/a	D255
723.2800000000	n/a	n/a	STATUS	n/a	n/a	DIN5
723.3320000000	n/a	n/a	STATUS	n/a	n/a	D255
723.8200000000	n/a	n/a	STATUS	n/a	n/a	D223
723.8720000000	n/a	n/a	STATUS	n/a	n/a	D255
723.9080000000	n/a	n/a	STATUS	n/a	n/a	DI52
723.9600000000	n/a	n/a	STATUS	n/a	n/a	D255
724.3000000000	n/a	n/a	STATUS	n/a	n/a	DI42
724.3520000000	n/a	n/a	STATUS	n/a	n/a	D255
724.6120000000	n/a	n/a	STATUS	n/a	n/a	DIN5
724.6600000000	n/a	n/a	STATUS	n/a	n/a	D255
725.1040000000	n/a	n/a	STATUS	n/a	n/a	D144
725.1560000000	n/a	n/a	STATUS	n/a	n/a	D255
725.1920000000	n/a	n/a	STATUS	n/a	n/a	DI53
725.2440000000	n/a	n/a	STATUS	n/a	n/a	D255
725.5240000000	n/a	n/a	STATUS	n/a	n/a	DI43
725.5720000000	n/a	n/a	STATUS	n/a	n/a	D255
725.8320000000	n/a	n/a	STATUS	n/a	n/a	DIN5
725.8840000000	n/a	n/a	STATUS	n/a	n/a	D255
726.3640000000	n/a	n/a	STATUS	n/a	n/a	D114
726.4120000000	n/a	n/a	STATUS	n/a	n/a	D255
726.4480000000	n/a	n/a	STATUS	n/a	n/a	DI51
726.5000000000	n/a	n/a	STATUS	n/a	n/a	D255
726.8640000000	n/a	n/a	STATUS	n/a	n/a	DI31
726.9160000000	n/a	n/a	STATUS	n/a	n/a	D255
727.1760000000	n/a	n/a	STATUS	n/a	n/a	DIN5
727.2240000000	n/a	n/a	STATUS	n/a	n/a	D255
727.6480000000	n/a	n/a	STATUS	n/a	n/a	D194
727.7000000000	n/a	n/a	STATUS	n/a	n/a	D255
727.7360000000	n/a	n/a	STATUS	n/a	n/a	DI51
727.7840000000	n/a	n/a	STATUS	n/a	n/a	D255
728.1800000000	n/a	n/a	STATUS	n/a	n/a	DI31
728.2320000000	n/a	n/a	STATUS	n/a	n/a	D255
748.0560000000	n/a	n/a	STATUS	n/a	n/a	DIN5
748.1080000000	n/a	n/a	STATUS	n/a	n/a	D255
748.1080000000	n/a	n/a	STATUS	n/a	n/a	D231
748.4560000000	n/a	n/a	STATUS	n/a	n/a	D167
748.5080000000	n/a	n/a	STATUS	n/a	n/a	D255
748.5440000000	n/a	n/a	STATUS	n/a	n/a	DI52
748.5960000000	n/a	n/a	STATUS	n/a	n/a	D255
749.1120000000	n/a	n/a	STATUS	n/a	n/a	DI42
749.1600000000	n/a	n/a	STATUS	n/a	n/a	D255
749.4200000000	n/a	n/a	STATUS	n/a	n/a	DIN5
749.4720000000	n/a	n/a	STATUS	n/a	n/a	D255
749.8600000000	n/a	n/a	STATUS	n/a	n/a	D142
749.9120000000	n/a	n/a	STATUS	n/a	n/a	D255
749.9480000000	n/a	n/a	STATUS	n/a	n/a	DI54
750.0000000000	n/a	n/a	STATUS	n/a	n/a	D255
750.3600000000	n/a	n/a	STATUS	n/a	n/a	DI34
750.4120000000	n/a	n/a	STATUS	n/a	n/a	D255
750.6720000000	n/a	n/a	STATUS	n/a	n/a	DIN5
750.7200000000	n/a	n/a	STATUS	n/a	n/a	D255
751.0640000000	n/a	n/a	STATUS	n/a	n/a	D217
751.1160000000	n/a	n/a	STATUS	n/a	n/a	D255
751.1520000000	n/a	n/a	STATUS	n/a	n/a	DI52
751.2040000000	n/a	n/a	STATUS	n/a	n/a	D255
751.5640000000	n/a	n/a	STATUS	n/a	n/a	DI42
751.6120000000	n/a	n/a	STATUS	n/a	n/a	D255
751.8720000000	n/a	n/a	STATUS	n/a	n/a	DIN5
751.9200000000	n/a	n/a	STATUS	n/a	n/a	D255
752.3000000000	n/a	n/a	STATUS	n/a	n/a	D194
752.3520000000	n/a	n/a	STATUS	n/a	n/a	D255
752.3880000000	n/a	n/a	STATUS	n/a	n/a	DI54
752.4400000000	n/a	n/a	STATUS	n/a	n/a	D255
752.6760000000	n/a	n/a	STATUS	n/a	n/a	DI34
752.7280000000	n/a	n/a	STATUS	n/a	n/a	D255
752.9880000000	n/a	n/a	STATUS	n/a	n/a	DIN5
753.0360000000	n/a	n/a	STATUS	n/a	n/a	D255
753.5320000000	n/a	n/a	STATUS	n/a	n/a	D251
753.5800000000	n/a	n/a	STATUS	n/a	n/a	D255
753.6200000000	n/a	n/a	STATUS	n/a	n/a	DI51
753.6680000000	n/a	n/a	STATUS	n/a	n/a	D255
754.0160000000	n/a	n/a	STATUS	n/a	n/a	DI31
754.0640000000	n/a	n/a	STATUS	n/a	n/a	D255
754.3240000000	n/a	n/a	STATUS	n/a	n/a	DIN5
754.3760000000	n/a	n/a	STATUS	n/a	n/a	D255
754.7680000000	n/a	n/a	STATUS	n/a	n/a	DI80
754.8200000000	n/a	n/a	STATUS	n/a	n/a	D255
754.8560000000	n/a	n/a	STATUS	n/a	n/a	DI53
754.9080000000	n/a	n/a	STATUS	n/a	n/a	D255
755.1600000000	n/a	n/a	STATUS	n/a	n/a	DI43
755.2120000000	n/a	n/a	STATUS	n/a	n/a	D255
755.4680000000	n/a	n/a	STATUS	n/a	n/a	DIN5
755.5200000000	n/a	n/a	STATUS	n/a	n/a	D255
755.9480000000	n/a	n/a	STATUS	n/a	n/a	D205
756.0000000000	n/a	n/a	STATUS	n/a	n/a	D255
756.0360000000	n/a	n/a	STATUS	n/a	n/a	DI53
756.0880000000	n/a	n/a	STATUS	n/a	n/a	D255
756.3280000000	n/a	n/a	STATUS	n/a	n/a	DI43
756.3760000000	n/a	n/a	STATUS	n/a	n/a	D255
756.6360000000	n/a	n/a	STATUS	n/a	n/a	DIN5
756.6880000000	n/a	n/a	STATUS	n/a	n/a	D255
757.1080000000	n/a	n/a	STATUS	n/a	n/a	D200
757.1560000000	n/a	n/a	STATUS	n/a	n/a	D255
757.1920000000	n/a	n/a	STATUS	n/a	n/a	DI51
757.2440000000	n/a	n/a	STATUS	n/a	n/a	D255
757.4840000000	n/a	n/a	STATUS	n/a	n/a	DI21
757.5360000000	n/a	n/a	STATUS	n/a	n/a	D255
757.5400000000	n/a	n/a	STATUS	n/a	n/a	DIN4
757.5920000000	n/a	n/a	STATUS	n/a	n/a	D255
758.3440000000	n/a	n/a	STATUS	n/a	n/a	DIN5
758.3960000000	n/a	n/a	STATUS	n/a	n/a	D255
758.8600000000	n/a	n/a	STATUS	n/a	n/a	D244
758.9080000000	n/a	n/a	STATUS	n/a	n/a	D255
758.9480000000	n/a	n/a	STATUS	n/a	n/a	DI51
758.9960000000	n/a	n/a	STATUS	n/a	n/a	D255
759.4720000000	n/a	n/a	STATUS	n/a	n/a	DI31
759.5240000000	n/a	n/a	STATUS	n/a	n/a	D255
759.7840000000	n/a	n/a	STATUS	n/a	n/a	DIN5
759.8320000000	n/a	n/a	STATUS	n/a	n/a	D255
760.1560000000	n/a	n/a	STATUS	n/a	n/a	DI94
760.2080000000	n/a	n/a	STATUS	n/a	n/a	D255
760.2440000000	n/a	n/a	STATUS	n/a	n/a	DI52
760.2960000000	n/a	n/a	STATUS	n/a	n/a	D255
760.6360000000	n/a	n/a	STATUS	n/a	n/a	DI42
760.6840000000	n/a	n/a	STATUS	n/a	n/a	D255
760.9440000000	n/a	n/a	STATUS	n/a	n/a	DIN5
760.9960000000	n/a	n/a	STATUS	n/a	n/a	D255
761.3120000000	n/a	n/a	STATUS	n/a	n/a	D181
761.3640000000	n/a	n/a	STATUS	n/a	n/a	D255
761.4000000000	n/a	n/a	STATUS	n/a	n/a	DI52
761.4520000000	n/a	n/a	STATUS	n/a	n/a	D255
761.8320000000	n/a	n/a	STATUS	n/a	n/a	DI42
761.8840000000	n/a	n/a	STATUS	n/a	n/a	D255
762.1440000000	n/a	n/a	STATUS	n/a	n/a	DIN5
762.1920000000	n/a	n/a	STATUS	n/a	n/a	D255
762.5600000000	n/a	n/a	STATUS	n/a	n/a	DI65
762.6120000000	n/a	n/a	STATUS	n/a	n/a	D255
762.6480000000	n/a	n/a	STATUS	n/a	n/a	DI54
762.7000000000	n/a	n/a	STATUS	n/a	n/a	D255
762.9840000000	n/a	n/a	STATUS	n/a	n/a	DI34
763.0360000000	n/a	n/a	STATUS	n/a	n/a	D255
763.2920000000	n/a	n/a	STATUS	n/a	n/a	DIN5
763.3440000000	n/a	n/a	STATUS	n/a	n/a	D255
763.6840000000	n/a	n/a	STATUS	n/a	n/a	D185
763.7320000000	n/a	n/a	STATUS	n/a	n/a	D255
763.7720000000	n/a	n/a	STATUS	n/a	n/a	DI53
763.8200000000	n/a	n/a	STATUS	n/a	n/a	D255
764.1040000000	n/a	n/a	STATUS	n/a	n/a	DI43
764.1560000000	n/a	n/a	STATUS	n/a	n/a	D255
764.4160000000	n/a	n/a	STATUS	n/a	n/a	DIN5
764.4640000000	n/a	n/a	STATUS	n/a	n/a	D255
764.9040000000	n/a	n/a	STATUS	n/a	n/a	D171
764.9560000000	n/a	n/a	STATUS	n/a	n/a	D255
764.9920000000	n/a	n/a	STATUS	n/a	n/a	DI54
765.0400000000	n/a	n/a	STATUS	n/a	n/a	D255
765.3280000000	n/a	n/a	STATUS	n/a	n/a	DI34
765.3800000000	n/a	n/a	STATUS	n/a	n/a	D255
765.6400000000	n/a	n/a	STATUS	n/a	n/a	DIN5
765.6880000000	n/a	n/a	STATUS	n/a	n/a	D255
766.1800000000	n/a	n/a	STATUS	n/a	n/a	D210
766.2280000000	n/a	n/a	STATUS	n/a	n/a	D255
766.2640000000	n/a	n/a	STATUS	n/a	n/a	DI52
766.3160000000	n/a	n/a	STATUS	n/a	n/a	D255
766.6600000000	n/a	n/a	STATUS	n/a	n/a	DI42
766.7120000000	n/a	n/a	STATUS	n/a	n/a	D255
766.9720000000	n/a	n/a	STATUS	n/a	n/a	DIN5
767.0200000000	n/a	n/a	STATUS	n/a	n/a	D255
767.3760000000	n/a	n/a	STATUS	n/a	n/a	D183
767.4240000000	n/a	n/a	STATUS	n/a	n/a	D255
767.4640000000	n/a	n/a	STATUS	n/a	n/a	DI51
767.5120000000	n/a	n/a	STATUS	n/a	n/a	D255
767.7800000000	n/a	n/a	STATUS	n/a	n/a	DI31
767.8320000000	n/a	n/a	STATUS	n/a	n/a	D255
768.0880000000	n/a	n/a	STATUS	n/a	n/a	DIN5
768.1400000000	n/a	n/a	STATUS	n/a	n/a	D255
768.4640000000	n/a	n/a	STATUS	n/a	n/a	DI68
768.5160000000	n/a	n/a	STATUS	n/a	n/a	D255
768.5520000000	n/a	n/a	STATUS	n/a	n/a	DI54
768.6000000000	n/a	n/a	STATUS	n/a	n/a	D255
768.9520000000	n/a	n/a	STATUS	n/a	n/a	DI34
769.0000000000	n/a	n/a	STATUS	n/a	n/a	D255
769.2600000000	n/a	n/a	STATUS	n/a	n/a	DIN5
769.3120000000	n/a	n/a	STATUS	n/a	n/a	D255
769.7960000000	n/a	n/a	STATUS	n/a	n/a	D134
769.8480000000	n/a	n/a	STATUS	n/a	n/a	D255
769.8840000000	n/a	n/a	STATUS	n/a	n/a	DI54
769.9320000000	n/a	n/a	STATUS	n/a	n/a	D255
770.1760000000	n/a	n/a	STATUS	n/a	n/a	DI34
770.2280000000	n/a	n/a	STATUS	n/a	n/a	D255
770.4880000000	n/a	n/a	STATUS	n/a	n/a	DIN5
770.5360000000	n/a	n/a	STATUS	n/a	n/a	D255
770.9800000000	n/a	n/a	STATUS	n/a	n/a	D133
771.0320000000	n/a	n/a	STATUS	n/a	n/a	D255
771.0720000000	n/a	n/a	STATUS	n/a	n/a	DI51
771.1200000000	n/a	n/a	STATUS	n/a	n/a	D255
771.4040000000	n/a	n/a	STATUS	n/a	n/a	DI21
771.4560000000	n/a	n/a	STATUS	n/a	n/a	DIN4
771.4560000000	n/a	n/a	STATUS	n/a	n/a	D255
771.5080000000	n/a	n/a	STATUS	n/a	n/a	D255
772.2640000000	n/a	n/a	STATUS	n/a	n/a	DIN5
772.3120000000	n/a	n/a	STATUS	n/a	n/a	D255
772.6440000000	n/a	n/a	STATUS	n/a	n/a	DI82
772.6920000000	n/a	n/a	STATUS	n/a	n/a	D255
772.7320000000	n/a	n/a	STATUS	n/a	n/a	DI51
772.7800000000	n/a	n/a	STATUS	n/a	n/a	D255
773.1040000000	n/a	n/a	STATUS	n/a	n/a	DI31
773.1520000000	n/a	n/a	STATUS	n/a	n/a	D255
773.4120000000	n/a	n/a	STATUS	n/a	n/a	DIN5
773.4640000000	n/a	n/a	STATUS	n/a	n/a	D255
773.7760000000	n/a	n/a	STATUS	n/a	n/a	DI86
773.8280000000	n/a	n/a	STATUS	n/a	n/a	D255
773.8640000000	n/a	n/a	STATUS	n/a	n/a	DI51
773.9160000000	n/a	n/a	STATUS	n/a	n/a	D255
774.2560000000	n/a	n/a	STATUS	n/a	n/a	DI31
774.3040000000	n/a	n/a	STATUS	n/a	n/a	D255
774.5640000000	n/a	n/a	STATUS	n/a	n/a	DIN5
774.6120000000	n/a	n/a	STATUS	n/a	n/a	D255
775.0720000000	n/a	n/a	STATUS	n/a	n/a	DI97
775.1240000000	n/a	n/a	STATUS	n/a	n/a	D255
775.1600000000	n/a	n/a	STATUS	n/a	n/a	DI53
775.2120000000	n/a	n/a	STATUS	n/a	n/a	D255
775.5400000000	n/a	n/a	STATUS	n/a	n/a	DI43
775.5880000000	n/a	n/a	STATUS	n/a	n/a	D255
775.8480000000	n/a	n/a	STATUS	n/a	n/a	DIN5
775.9000000000	n/a	n/a	STATUS	n/a	n/a	D255
776.3480000000	n/a	n/a	STATUS	n/a	n/a	DI66
776.4000000000	n/a	n/a	STATUS	n/a	n/a	D255
776.4360000000	n/a	n/a	STATUS	n/a	n/a	DI52
776.4880000000	n/a	n/a	STATUS	n/a	n/a	D255
776.9320000000	n/a	n/a	STATUS	n/a	n/a	DI42
776.9840000000	n/a	n/a	STATUS	n/a	n/a	D255
777.2400000000	n/a	n/a	STATUS	n/a	n/a	DIN5
777.2920000000	n/a	n/a	STATUS	n/a	n/a	D255
777.6960000000	n/a	n/a	STATUS	n/a	n/a	D106
777.7440000000	n/a	n/a	STATUS	n/a	n/a	D255
777.7840000000	n/a	n/a	STATUS	n/a	n/a	DI52
777.8360000000	n/a	n/a	STATUS	n/a	n/a	D255
778.2080000000	n/a	n/a	STATUS	n/a	n/a	DI42
778.2600000000	n/a	n/a	STATUS	n/a	n/a	D255
778.5160000000	n/a	n/a	STATUS	n/a	n/a	DIN5
778.5680000000	n/a	n/a	STATUS	n/a	n/a	D255
779.0320000000	n/a	n/a	STATUS	n/a	n/a	D161
779.0840000000	n/a	n/a	STATUS	n/a	n/a	D255
779.1200000000	n/a	n/a	STATUS	n/a	n/a	DI53
779.1720000000	n/a	n/a	STATUS	n/a	n/a	D255
779.4480000000	n/a	n/a	STATUS	n/a	n/a	DI43
779.5000000000	n/a	n/a	STATUS	n/a	n/a	D255
779.7600000000	n/a	n/a	STATUS	n/a	n/a	DIN5
779.8080000000	n/a	n/a	STATUS	n/a	n/a	D255
780.2880000000	n/a	n/a	STATUS	n/a	n/a	D169
780.3400000000	n/a	n/a	STATUS	n/a	n/a	D255
780.3760000000	n/a	n/a	STATUS	n/a	n/a	DI52
780.4240000000	n/a	n/a	STATUS	n/a	n/a	D255
780.8040000000	n/a	n/a	STATUS	n/a	n/a	DI42
780.8520000000	n/a	n/a	STATUS	n/a	n/a	D255
781.1120000000	n/a	n/a	STATUS	n/a	n/a	DIN5
781.1640000000	n/a	n/a	STATUS	n/a	n/a	D255
781.5880000000	n/a	n/a	STATUS	n/a	n/a	D195
781.6400000000	n/a	n/a	STATUS	n/a	n/a	D255
781.6760000000	n/a	n/a	STATUS	n/a	n/a	DI53
781.7280000000	n/a	n/a	STATUS	n/a	n/a	D255
781.9920000000	n/a	n/a	STATUS	n/a	n/a	DI43
782.0400000000	n/a	n/a	STATUS	n/a	n/a	D255
782.3000000000	n/a	n/a	STATUS	n/a	n/a	DIN5
782.3520000000	n/a	n/a	STATUS	n/a	n/a	D255
782.8400000000	n/a	n/a	STATUS	n/a	n/a	D203
782.8920000000	n/a	n/a	STATUS	n/a	n/a	D255
782.9280000000	n/a	n/a	STATUS	n/a	n/a	DI53
782.9800000000	n/a	n/a	STATUS	n/a	n/a	D255
783.3280000000	n/a	n/a	STATUS	n/a	n/a	DI43
783.3760000000	n/a	n/a	STATUS	n/a	n/a	D255
783.6360000000	n/a	n/a	STATUS	n/a	n/a	DIN5
783.6880000000	n/a	n/a	STATUS	n/a	n/a	D255
784.0320000000	n/a	n/a	STATUS	n/a	n/a	D201
784.0800000000	n/a	n/a	STATUS	n/a	n/a	D255
784.1200000000	n/a	n/a	STATUS	n/a	n/a	DI52
784.1680000000	n/a	n/a	STATUS	n/a	n/a	D255
784.4960000000	n/a	n/a	STATUS	n/a	n/a	DI12
784.5480000000	n/a	n/a	STATUS	n/a	n/a	D255
784.5520000000	n/a	n/a	STATUS	n/a	n/a	DIN4
784.6000000000	n/a	n/a	STATUS	n/a	n/a	D255
785.3560000000	n/a	n/a	STATUS	n/a	n/a	DIN5
785.4080000000	n/a	n/a	STATUS	n/a	n/a	D255
785.7160000000	n/a	n/a	STATUS	n/a	n/a	D252
785.7680000000	n/a	n/a	STATUS	n/a	n/a	D255
785.8040000000	n/a	n/a	STATUS	n/a	n/a	DI54
785.8520000000	n/a	n/a	STATUS	n/a	n/a	D255
786.8800000000	n/a	n/a	STATUS	n/a	n/a	DIN3
786.9280000000	n/a	n/a	STATUS	n/a	n/a	D255
787.6840000000	n/a	n/a	STATUS	n/a	n/a	DIN5
787.7320000000	n/a	n/a	STATUS	n/a	n/a	D255
788.0680000000	n/a	n/a	STATUS	n/a	n/a	D115
788.1200000000	n/a	n/a	STATUS	n/a	n/a	D255
788.1560000000	n/a	n/a	STATUS	n/a	n/a	DI51
788.2040000000	n/a	n/a	STATUS	n/a	n/a	D255
788.6440000000	n/a	n/a	STATUS	n/a	n/a	DI31
788.6960000000	n/a	n/a	STATUS	n/a	n/a	D255
788.9520000000	n/a	n/a	STATUS	n/a	n/a	DIN5
789.0040000000	n/a	n/a	STATUS	n/a	n/a	D255
789.4920000000	n/a	n/a	STATUS	n/a	n/a	D239
789.5440000000	n/a	n/a	STATUS	n/a	n/a	D255
789.5800000000	n/a	n/a	STATUS	n/a	n/a	DI54
789.6320000000	n/a	n/a	STATUS	n/a	n/a	D255
790.0600000000	n/a	n/a	STATUS	n/a	n/a	DI34
790.1120000000	n/a	n/a	STATUS	n/a	n/a	D255
790.3680000000	n/a	n/a	STATUS	n/a	n/a	DIN5
790.4200000000	n/a	n/a	STATUS	n/a	n/a	D255
790.9080000000	n/a	n/a	STATUS	n/a	n/a	D122
790.9600000000	n/a	n/a	STATUS	n/a	n/a	D255
790.9960000000	n/a	n/a	STATUS	n/a	n/a	DI53
791.0480000000	n/a	n/a	STATUS	n/a	n/a	D255
791.4440000000	n/a	n/a	STATUS	n/a	n/a	DI43
791.4960000000	n/a	n/a	STATUS	n/a	n/a	D255
791.7560000000	n/a	n/a	STATUS	n/a	n/a	DIN5
791.8040000000	n/a	n/a	STATUS	n/a	n/a	D255
792.3000000000	n/a	n/a	STATUS	n/a	n/a	D242
792.3480000000	n/a	n/a	STATUS	n/a	n/a	D255
792.3880000000	n/a	n/a	STATUS	n/a	n/a	DI53
792.4360000000	n/a	n/a	STATUS	n/a	n/a	D255
792.7280000000	n/a	n/a	STATUS	n/a	n/a	DI43
792.7800000000	n/a	n/a	STATUS	n/a	n/a	D255
793.0360000000	n/a	n/a	STATUS	n/a	n/a	DIN5
793.0880000000	n/a	n/a	STATUS	n/a	n/a	D255
793.4480000000	n/a	n/a	STATUS	n/a	n/a	D247
793.4960000000	n/a	n/a	STATUS	n/a	n/a	D255
793.5360000000	n/a	n/a	STATUS	n/a	n/a	DI53
793.5840000000	n/a	n/a	STATUS	n/a	n/a	D255
793.9080000000	n/a	n/a	STATUS	n/a	n/a	DI43
793.9560000000	n/a	n/a	STATUS	n/a	n/a	D255
794.2160000000	n/a	n/a	STATUS	n/a	n/a	DIN5
794.2640000000	n/a	n/a	STATUS	n/a	n/a	D255
794.6280000000	n/a	n/a	STATUS	n/a	n/a	D150
794.6800000000	n/a	n/a	STATUS	n/a	n/a	D255
794.7160000000	n/a	n/a	STATUS	n/a	n/a	DI52
794.7680000000	n/a	n/a	STATUS	n/a	n/a	D255
795.0840000000	n/a	n/a	STATUS	n/a	n/a	DI42
795.1360000000	n/a	n/a	STATUS	n/a	n/a	D255
795.3960000000	n/a	n/a	STATUS	n/a	n/a	DIN5
795.4440000000	n/a	n/a	STATUS	n/a	n/a	D255
795.8600000000	n/a	n/a	STATUS	n/a	n/a	DI74
795.9120000000	n/a	n/a	STATUS	n/a	n/a	D255
795.9480000000	n/a	n/a	STATUS	n/a	n/a	DI54
795.9960000000	n/a	n/a	STATUS	n/a	n/a	D255
796.3760000000	n/a	n/a	STATUS	n/a	n/a	DI34
796.4280000000	n/a	n/a	STATUS	n/a	n/a	D255
796.6840000000	n/a	n/a	STATUS	n/a	n/a	DIN5
796.7360000000	n/a	n/a	STATUS	n/a	n/a	D255
797.1840000000	n/a	n/a	STATUS	n/a	n/a	D166
797.2360000000	n/a	n/a	STATUS	n/a	n/a	D255
797.2720000000	n/a	n/a	STATUS	n/a	n/a	DI53
797.3240000000	n/a	n/a	STATUS	n/a	n/a	D255
797.7160000000	n/a	n/a	STATUS	n/a	n/a	DI43
797.7640000000	n/a	n/a	STATUS	n/a	n/a	D255
798.0240000000	n/a	n/a	STATUS	n/a	n/a	DIN5
798.0760000000	n/a	n/a	STATUS	n/a	n/a	D255
798.4920000000	n/a	n/a	STATUS	n/a	n/a	D114
798.5440000000	n/a	n/a	STATUS	n/a	n/a	D255
798.5800000000	n/a	n/a	STATUS	n/a	n/a	DI53
798.6320000000	n/a	n/a	STATUS	n/a	n/a	D255
798.9160000000	n/a	n/a	STATUS	n/a	n/a	DI43
798.9680000000	n/a	n/a	STATUS	n/a	n/a	D255
799.2280000000	n/a	n/a	STATUS	n/a	n/a	DIN5
799.2760000000	n/a	n/a	STATUS	n/a	n/a	D255
799.7400000000	n/a	n/a	STATUS	n/a	n/a	D250
799.7920000000	n/a	n/a	STATUS	n/a	n/a	D255
799.8280000000	n/a	n/a	STATUS	n/a	n/a	DI54
799.8800000000	n/a	n/a	STATUS	n/a	n/a	D255
800.1680000000	n/a	n/a	STATUS	n/a	n/a	DI24
800.2160000000	n/a	n/a	STATUS	n/a	n/a	D255
800.2200000000	n/a	n/a	STATUS	n/a	n/a	DIN4
800.2720000000	n/a	n/a	STATUS	n/a	n/a	D255
801.0280000000	n/a	n/a	STATUS	n/a	n/a	DIN5
801.0760000000	n/a	n/a	STATUS	n/a	n/a	D255
801.5560000000	n/a	n/a	STATUS	n/a	n/a	D153
801.6080000000	n/a	n/a	STATUS	n/a	n/a	D255
801.6440000000	n/a	n/a	STATUS	n/a	n/a	DI51
801.6920000000	n/a	n/a	STATUS	n/a	n/a	D255
802.1400000000	n/a	n/a	STATUS	n/a	n/a	DI31
802.1880000000	n/a	n/a	STATUS	n/a	n/a	D255
802.4480000000	n/a	n/a	STATUS	n/a	n/a	DIN5
802.5000000000	n/a	n/a	STATUS	n/a	n/a	D255
802.8040000000	n/a	n/a	STATUS	n/a	n/a	DI77
802.8520000000	n/a	n/a	STATUS	n/a	n/a	D255
802.8920000000	n/a	n/a	STATUS	n/a	n/a	DI51
802.9400000000	n/a	n/a	STATUS	n/a	n/a	D255
803.4720000000	n/a	n/a	STATUS	n/a	n/a	DI31
803.5200000000	n/a	n/a	STATUS	n/a	n/a	D255
803.7800000000	n/a	n/a	STATUS	n/a	n/a	DIN5
803.8320000000	n/a	n/a	STATUS	n/a	n/a	D255
804.2720000000	n/a	n/a	STATUS	n/a	n/a	D143
804.3200000000	n/a	n/a	STATUS	n/a	n/a	D255
804.3600000000	n/a	n/a	STATUS	n/a	n/a	DI51
804.4080000000	n/a	n/a	STATUS	n/a	n/a	D255
804.7520000000	n/a	n/a	STATUS	n/a	n/a	DI31
804.8040000000	n/a	n/a	STATUS	n/a	n/a	D255
805.0640000000	n/a	n/a	STATUS	n/a	n/a	DIN5
805.1120000000	n/a	n/a	STATUS	n/a	n/a	D255
805.5960000000	n/a	n/a	STATUS	n/a	n/a	D139
805.6480000000	n/a	n/a	STATUS	n/a	n/a	D255
805.6840000000	n/a	n/a	STATUS	n/a	n/a	DI52
805.7360000000	n/a	n/a	STATUS	n/a	n/a	D255
806.1880000000	n/a	n/a	STATUS	n/a	n/a	DI42
806.2360000000	n/a	n/a	STATUS	n/a	n/a	D255
806.4960000000	n/a	n/a	STATUS	n/a	n/a	DIN5
806.5480000000	n/a	n/a	STATUS	n/a	n/a	D255
806.8720000000	n/a	n/a	STATUS	n/a	n/a	D198
806.9200000000	n/a	n/a	STATUS	n/a	n/a	D255
806.9600000000	n/a	n/a	STATUS	n/a	n/a	DI52
807.0080000000	n/a	n/a	STATUS	n/a	n/a	D255
807.4200000000	n/a	n/a	STATUS	n/a	n/a	DI42
807.4680000000	n/a	n/a	STATUS	n/a	n/a	D255
807.7280000000	n/a	n/a	STATUS	n/a	n/a	DIN5
807.7800000000	n/a	n/a	STATUS	n/a	n/a	D255
808.1200000000	n/a	n/a	STATUS	n/a	n/a	D129
808.1680000000	n/a	n/a	STATUS	n/a	n/a	D255
808.2040000000	n/a	n/a	STATUS	n/a	n/a	DI53
808.2560000000	n/a	n/a	STATUS	n/a	n/a	D255
808.5840000000	n/a	n/a	STATUS	n/a	n/a	DI43
808.6320000000	n/a	n/a	STATUS	n/a	n/a	D255
808.8920000000	n/a	n/a	STATUS	n/a	n/a	DIN5
808.9440000000	n/a	n/a	STATUS	n/a	n/a	D255
809.3120000000	n/a	n/a	STATUS	n/a	n/a	D119
809.3600000000	n/a	n/a	STATUS	n/a	n/a	D255
809.4000000000	n/a	n/a	STATUS	n/a	n/a	DI53
809.4520000000	n/a	n/a	STATUS	n/a	n/a	D255
809.7400000000	n/a	n/a	STATUS	n/a	n/a	DI43
809.7920000000	n/a	n/a	STATUS	n/a	n/a	D255
810.0520000000	n/a	n/a	STATUS	n/a	n/a	DIN5
810.1000000000	n/a	n/a	STATUS	n/a	n/a	D255
810.4680000000	n/a	n/a	STATUS	n/a	n/a	D152
810.5160000000	n/a	n/a	STATUS	n/a	n/a	D255
810.5560000000	n/a	n/a	STATUS	n/a	n/a	DI51
810.6040000000	n/a	n/a	STATUS	n/a	n/a	D255
811.0680000000	n/a	n/a	STATUS	n/a	n/a	DI31
811.1200000000	n/a	n/a	STATUS	n/a	n/a	D255
811.3760000000	n/a	n/a	STATUS	n/a	n/a	DIN5
811.4280000000	n/a	n/a	STATUS	n/a	n/a	D255
811.9200000000	n/a	n/a	STATUS	n/a	n/a	D136
811.9680000000	n/a	n/a	STATUS	n/a	n/a	D255
812.0040000000	n/a	n/a	STATUS	n/a	n/a	DI53
812.0560000000	n/a	n/a	STATUS	n/a	n/a	D255
812.4840000000	n/a	n/a	STATUS	n/a	n/a	DI43
812.5360000000	n/a	n/a	STATUS	n/a	n/a	D255
812.7920000000	n/a	n/a	STATUS	n/a	n/a	DIN5
812.8440000000	n/a	n/a	STATUS	n/a	n/a	D255
813.3280000000	n/a	n/a	STATUS	n/a	n/a	D199
813.3800000000	n/a	n/a	STATUS	n/a	n/a	D255
813.4160000000	n/a	n/a	STATUS	n/a	n/a	DI51
813.4640000000	n/a	n/a	STATUS	n/a	n/a	D255
813.8840000000	n/a	n/a	STATUS	n/a	n/a	DI31
813.9360000000	n/a	n/a	STATUS	n/a	n/a	D255
814.1920000000	n/a	n/a	STATUS	n/a	n/a	DIN5
814.2440000000	n/a	n/a	STATUS	n/a	n/a	D255
814.6960000000	n/a	n/a	STATUS	n/a	n/a	D188
814.7480000000	n/a	n/a	STATUS	n/a	n/a	D255
814.7840000000	n/a	n/a	STATUS	n/a	n/a	DI52
814.8360000000	n/a	n/a	STATUS	n/a	n/a	D255
815.2120000000	n/a	n/a	STATUS	n/a	n/a	DI42
815.2640000000	n/a	n/a	STATUS	n/a	n/a	D255
815.5240000000	n/a	n/a	STATUS	n/a	n/a	DIN5
815.5720000000	n/a	n/a	STATUS	n/a	n/a	D255
815.9000000000	n/a	n/a	STATUS	n/a	n/a	D178
815.9480000000	n/a	n/a	STATUS	n/a	n/a	D255
815.9840000000	n/a	n/a	STATUS	n/a	n/a	DI51
816.0360000000	n/a	n/a	STATUS	n/a	n/a	D255
816.3880000000	n/a	n/a	STATUS	n/a	n/a	DI31
816.4400000000	n/a	n/a	STATUS	n/a	n/a	D255
816.7000000000	n/a	n/a	STATUS	n/a	n/a	DIN5
816.7480000000	n/a	n/a	STATUS	n/a	n/a	D255
817.2280000000	n/a	n/a	STATUS	n/a	n/a	D130
817.2800000000	n/a	n/a	STATUS	n/a	n/a	D255
817.3160000000	n/a	n/a	STATUS	n/a	n/a	DI54
817.3680000000	n/a	n/a	STATUS	n/a	n/a	D255
817.7560000000	n/a	n/a	STATUS	n/a	n/a	DI34
817.8080000000	n/a	n/a	STATUS	n/a	n/a	D255
818.0680000000	n/a	n/a	STATUS	n/a	n/a	DIN5
818.1160000000	n/a	n/a	STATUS	n/a	n/a	D255
818.5080000000	n/a	n/a	STATUS	n/a	n/a	D216
818.5560000000	n/a	n/a	STATUS	n/a	n/a	D255
818.5560000000	n/a	n/a	STATUS	n/a	n/a	D251
818.5960000000	n/a	n/a	STATUS	n/a	n/a	DI54
818.6440000000	n/a	n/a	STATUS	n/a	n/a	D255
818.9920000000	n/a	n/a	STATUS	n/a	n/a	DI34
819.0400000000	n/a	n/a	STATUS	n/a	n/a	D255
819.3000000000	n/a	n/a	STATUS	n/a	n/a	DIN5
819.3520000000	n/a	n/a	STATUS	n/a	n/a	D255
819.7600000000	n/a	n/a	STATUS	n/a	n/a	D224
819.8120000000	n/a	n/a	STATUS	n/a	n/a	D255
819.8480000000	n/a	n/a	STATUS	n/a	n/a	DI52
819.8960000000	n/a	n/a	STATUS	n/a	n/a	D255
820.3480000000	n/a	n/a	STATUS	n/a	n/a	DI42
820.4000000000	n/a	n/a	STATUS	n/a	n/a	D255
820.6560000000	n/a	n/a	STATUS	n/a	n/a	DIN5
820.7080000000	n/a	n/a	STATUS	n/a	n/a	D255
821.1080000000	n/a	n/a	STATUS	n/a	n/a	D184
821.1560000000	n/a	n/a	STATUS	n/a	n/a	D255
821.1920000000	n/a	n/a	STATUS	n/a	n/a	DI54
821.2440000000	n/a	n/a	STATUS	n/a	n/a	D255
821.5680000000	n/a	n/a	STATUS	n/a	n/a	DI34
821.6160000000	n/a	n/a	STATUS	n/a	n/a	D255
821.8760000000	n/a	n/a	STATUS	n/a	n/a	DIN5
821.9280000000	n/a	n/a	STATUS	n/a	n/a	D255
822.4080000000	n/a	n/a	STATUS	n/a	n/a	D245
822.4560000000	n/a	n/a	STATUS	n/a	n/a	D255
822.4960000000	n/a	n/a	STATUS	n/a	n/a	DI52
822.5440000000	n/a	n/a	STATUS	n/a	n/a	D255
822.9160000000	n/a	n/a	STATUS	n/a	n/a	DI42
822.9640000000	n/a	n/a	STATUS	n/a	n/a	D255
823.2240000000	n/a	n/a	STATUS	n/a	n/a	DIN5
823.2760000000	n/a	n/a	STATUS	n/a	n/a	D255
823.7080000000	n/a	n/a	STATUS	n/a	n/a	D128
823.7600000000	n/a	n/a	STATUS	n/a	n/a	D255
823.7960000000	n/a	n/a	STATUS	n/a	n/a	DI54
823.8480000000	n/a	n/a	STATUS	n/a	n/a	D255
824.1240000000	n/a	n/a	STATUS	n/a	n/a	DI34
824.1720000000	n/a	n/a	STATUS	n/a	n/a	D255
824.4320000000	n/a	n/a	STATUS	n/a	n/a	DIN5
824.4840000000	n/a	n/a	STATUS	n/a	n/a	D255
824.9160000000	n/a	n/a	STATUS	n/a	n/a	D191
824.9680000000	n/a	n/a	STATUS	n/a	n/a	D255
825.0040000000	n/a	n/a	STATUS	n/a	n/a	DI54
825.0560000000	n/a	n/a	STATUS	n/a	n/a	D255
825.4960000000	n/a	n/a	STATUS	n/a	n/a	DI34
825.5480000000	n/a	n/a	STATUS	n/a	n/a	D255
825.8040000000	n/a	n/a	STATUS	n/a	n/a	DIN5
825.8560000000	n/a	n/a	STATUS	n/a	n/a	D255
826.3440000000	n/a	n/a	STATUS	n/a	n/a	D241
826.3960000000	n/a	n/a	STATUS	n/a	n/a	D255
826.4320000000	n/a	n/a	STATUS	n/a	n/a	DI53
826.4840000000	n/a	n/a	STATUS	n/a	n/a	D255
826.7680000000	n/a	n/a	STATUS	n/a	n/a	DI43
826.8200000000	n/a	n/a	STATUS	n/a	n/a	D255
827.0800000000	n/a	n/a	STATUS	n/a	n/a	DIN5
827.1280000000	n/a	n/a	STATUS	n/a	n/a	D255
827.5040000000	n/a	n/a	STATUS	n/a	n/a	D233
827.5520000000	n/a	n/a	STATUS	n/a	n/a	D255
827.5920000000	n/a	n/a	STATUS	n/a	n/a	DI52
827.6400000000	n/a	n/a	STATUS	n/a	n/a	D255
827.8720000000	n/a	n/a	STATUS	n/a	n/a	DI12
827.9240000000	n/a	n/a	STATUS	n/a	n/a	D255
827.9280000000	n/a	n/a	STATUS	n/a	n/a	DIN4
827.9800000000	n/a	n/a	STATUS	n/a	n/a	D255
828.7320000000	n/a	n/a	STATUS	n/a	n/a	DIN5
828.7840000000	n/a	n/a	STATUS	n/a	n/a	D255
829.1720000000	n/a	n/a	STATUS	n/a	n/a	D148
829.2240000000	n/a	n/a	STATUS	n/a	n/a	D255
829.2600000000	n/a	n/a	STATUS	n/a	n/a	DI51
829.3120000000	n/a	n/a	STATUS	n/a	n/a	D255
829.6960000000	n/a	n/a	STATUS	n/a	n/a	DI31
829.7480000000	n/a	n/a	STATUS	n/a	n/a	D255
830.0080000000	n/a	n/a	STATUS	n/a	n/a	DIN5
830.0560000000	n/a	n/a	STATUS	n/a	n/a	D255
830.4720000000	n/a	n/a	STATUS	n/a	n/a	D248
830.5240000000	n/a	n/a	STATUS	n/a	n/a	D255
830.5600000000	n/a	n/a	STATUS	n/a	n/a	DI54
830.6120000000	n/a	n/a	STATUS	n/a	n/a	D255
831.1120000000	n/a	n/a	STATUS	n/a	n/a	DI34
831.1600000000	n/a	n/a	STATUS	n/a	n/a	D255
831.4200000000	n/a	n/a	STATUS	n/a	n/a	DIN5
831.4680000000	n/a	n/a	STATUS	n/a	n/a	D255
831.7880000000	n/a	n/a	STATUS	n/a	n/a	D112
831.8400000000	n/a	n/a	STATUS	n/a	n/a	D255
831.8760000000	n/a	n/a	STATUS	n/a	n/a	DI53
831.9280000000	n/a	n/a	STATUS	n/a	n/a	D255
832.3760000000	n/a	n/a	STATUS	n/a	n/a	DI43
832.4280000000	n/a	n/a	STATUS	n/a	n/a	D255
832.6840000000	n/a	n/a	STATUS	n/a	n/a	DIN5
832.7360000000	n/a	n/a	STATUS	n/a	n/a	D255
833.2400000000	n/a	n/a	STATUS	n/a	n/a	D189
833.2920000000	n/a	n/a	STATUS	n/a	n/a	D255
833.3280000000	n/a	n/a	STATUS	n/a	n/a	DI51
833.3760000000	n/a	n/a	STATUS	n/a	n/a	D255
833.8600000000	n/a	n/a	STATUS	n/a	n/a	DI31
833.9080000000	n/a	n/a	STATUS	n/a	n/a	D255
834.1680000000	n/a	n/a	STATUS	n/a	n/a	DIN5
834.2200000000	n/a	n/a	STATUS	n/a	n/a	D255
834.6240000000	n/a	n/a	STATUS	n/a	n/a	DI99
834.6720000000	n/a	n/a	STATUS	n/a	n/a	D255
834.7120000000	n/a	n/a	STATUS	n/a	n/a	DI54
834.7600000000	n/a	n/a	STATUS	n/a	n/a	D255
835.2080000000	n/a	n/a	STATUS	n/a	n/a	DI34
835.2600000000	n/a	n/a	STATUS	n/a	n/a	D255
835.5200000000	n/a	n/a	STATUS	n/a	n/a	DIN5
835.5680000000	n/a	n/a	STATUS	n/a	n/a	D255
835.9120000000	n/a	n/a	STATUS	n/a	n/a	D237
835.9640000000	n/a	n/a	STATUS	n/a	n/a	D255
836.0000000000	n/a	n/a	STATUS	n/a	n/a	DI54
836.0480000000	n/a	n/a	STATUS	n/a	n/a	D255
836.5080000000	n/a	n/a	STATUS	n/a	n/a	DI34
836.5600000000	n/a	n/a	STATUS	n/a	n/a	D255
836.8160000000	n/a	n/a	STATUS	n/a	n/a	DIN5
836.8680000000	n/a	n/a	STATUS	n/a	n/a	D255
837.3320000000	n/a	n/a	STATUS	n/a	n/a	D223
837.3800000000	n/a	n/a	STATUS	n/a	n/a	D255
837.4200000000	n/a	n/a	STATUS	n/a	n/a	DI51
837.4680000000	n/a	n/a	STATUS	n/a	n/a	D255
837.9240000000	n/a	n/a	STATUS	n/a	n/a	DI31
837.9760000000	n/a	n/a	STATUS	n/a	n/a	D255
838.2320000000	n/a	n/a	STATUS	n/a	n/a	DIN5
838.2840000000	n/a	n/a	STATUS	n/a	n/a	D255
838.7080000000	n/a	n/a	STATUS	n/a	n/a	D146
838.7600000000	n/a	n/a	STATUS	n/a	n/a	D255
838.7960000000	n/a	n/a	STATUS	n/a	n/a	DI54
838.8480000000	n/a	n/a	STATUS	n/a	n/a	D255
839.1680000000	n/a	n/a	STATUS	n/a	n/a	DI34
839.2160000000	n/a	n/a	STATUS	n/a	n/a	D255
839.4760000000	n/a	n/a	STATUS	n/a	n/a	DIN5
839.5280000000	n/a	n/a	STATUS	n/a	n/a	D255
840.0320000000	n/a	n/a	STATUS	n/a	n/a	D204
840.0840000000	n/a	n/a	STATUS	n/a	n/a	D255
840.1200000000	n/a	n/a	STATUS	n/a	n/a	DI54
840.1680000000	n/a	n/a	STATUS	n/a	n/a	D255
840.4880000000	n/a	n/a	STATUS	n/a	n/a	DI34
840.5360000000	n/a	n/a	STATUS	n/a	n/a	D255
840.7960000000	n/a	n/a	STATUS	n/a	n/a	DIN5
840.8480000000	n/a	n/a	STATUS	n/a	n/a	D255
841.1520000000	n/a	n/a	STATUS	n/a	n/a	D110
841.2000000000	n/a	n/a	STATUS	n/a	n/a	D255
841.2400000000	n/a	n/a	STATUS	n/a	n/a	DI51
841.2880000000	n/a	n/a	STATUS	n/a	n/a	D255
841.8720000000	n/a	n/a	STATUS	n/a	n/a	DI31
841.9240000000	n/a	n/a	STATUS	n/a	n/a	D255
842.1800000000	n/a	n/a	STATUS	n/a	n/a	DIN5
842.2320000000	n/a	n/a	STATUS	n/a	n/a	D255
842.6560000000	n/a	n/a	STATUS	n/a	n/a	D254
842.7080000000	n/a	n/a	STATUS	n/a	n/a	D255
842.7440000000	n/a	n/a	STATUS	n/a	n/a	DI51
842.7960000000	n/a	n/a	STATUS	n/a	n/a	D255
843.3720000000	n/a	n/a	STATUS	n/a	n/a	DI31
843.4240000000	n/a	n/a	STATUS	n/a	n/a	D255
843.6800000000	n/a	n/a	STATUS	n/a	n/a	DIN5
843.7320000000	n/a	n/a	STATUS	n/a	n/a	D255
844.1520000000	n/a	n/a	STATUS	n/a	n/a	D182
844.2000000000	n/a	n/a	STATUS	n/a	n/a	D255
844.2400000000	n/a	n/a	STATUS	n/a	n/a	DI52
844.2880000000	n/a	n/a	STATUS	n/a	n/a	D255
844.8400000000	n/a	n/a	STATUS	n/a	n/a	DI42
844.8880000000	n/a	n/a	STATUS	n/a	n/a	D255
845.1480000000	n/a	n/a	STATUS	n/a	n/a	DIN5
845.1960000000	n/a	n/a	STATUS	n/a	n/a	D255
845.6360000000	n/a	n/a	STATUS	n/a	n/a	D196
845.6880000000	n/a	n/a	STATUS	n/a	n/a	D255
845.7240000000	n/a	n/a	STATUS	n/a	n/a	DI53
845.7760000000	n/a	n/a	STATUS	n/a	n/a	D255
846.2360000000	n/a	n/a	STATUS	n/a	n/a	DI43
846.2880000000	n/a	n/a	STATUS	n/a	n/a	D255
846.5480000000	n/a	n/a	STATUS	n/a	n/a	DIN5
846.5960000000	n/a	n/a	STATUS	n/a	n/a	D255
846.9920000000	n/a	n/a	STATUS	n/a	n/a	DI73
847.0400000000	n/a	n/a	STATUS	n/a	n/a	D255
847.0800000000	n/a	n/a	STATUS	n/a	n/a	DI54
847.1280000000	n/a	n/a	STATUS	n/a	n/a	D255
847.6720000000	n/a	n/a	STATUS	n/a	n/a	DI34
847.7200000000	n/a	n/a	STATUS	n/a	n/a	D255
847.9800000000	n/a	n/a	STATUS	n/a	n/a	DIN5
848.0280000000	n/a	n/a	STATUS	n/a	n/a	D255
848.5000000000	n/a	n/a	STATUS	n/a	n/a	D137
848.5480000000	n/a	n/a	STATUS	n/a	n/a	D255
848.5480000000	n/a	n/a	STATUS	n/a	n/a	D239
848.5880000000	n/a	n/a	STATUS	n/a	n/a	DI52
848.6360000000	n/a	n/a	STATUS	n/a	n/a	D255
849.0280000000	n/a	n/a	STATUS	n/a	n/a	DI42
849.0760000000	n/a	n/a	STATUS	n/a	n/a	D255
849.3360000000	n/a	n/a	STATUS	n/a	n/a	DIN5
849.3840000000	n/a	n/a	STATUS	n/a	n/a	D255
849.8760000000	n/a	n/a	STATUS	n/a	n/a	D236
849.9240000000	n/a	n/a	STATUS	n/a	n/a	D255
849.9640000000	n/a	n/a	STATUS	n/a	n/a	DI51
850.0120000000	n/a	n/a	STATUS	n/a	n/a	D255
850.4840000000	n/a	n/a	STATUS	n/a	n/a	DI31
850.5360000000	n/a	n/a	STATUS	n/a	n/a	D255
850.7960000000	n/a	n/a	STATUS	n/a	n/a	DIN5
850.8440000000	n/a	n/a	STATUS	n/a	n/a	D255
851.1600000000	n/a	n/a	STATUS	n/a	n/a	D131
851.2080000000	n/a	n/a	STATUS	n/a	n/a	D255
851.2480000000	n/a	n/a	STATUS	n/a	n/a	DI53
851.2960000000	n/a	n/a	STATUS	n/a	n/a	D255
851.6440000000	n/a	n/a	STATUS	n/a	n/a	DI43
851.6920000000	n/a	n/a	STATUS	n/a	n/a	D255
851.9520000000	n/a	n/a	STATUS	n/a	n/a	DIN5
852.0040000000	n/a	n/a	STATUS	n/a	n/a	D255
852.3280000000	n/a	n/a	STATUS	n/a	n/a	D113
852.3760000000	n/a	n/a	STATUS	n/a	n/a	D255
852.4120000000	n/a	n/a	STATUS	n/a	n/a	DI52
852.4640000000	n/a	n/a	STATUS	n/a	n/a	D255
852.9520000000	n/a	n/a	STATUS	n/a	n/a	DI42
853.0000000000	n/a	n/a	STATUS	n/a	n/a	D255
853.2600000000	n/a	n/a	STATUS	n/a	n/a	DIN5
853.3120000000	n/a	n/a	STATUS	n/a	n/a	D255
853.6320000000	n/a	n/a	STATUS	n/a	n/a	DI95
853.6800000000	n/a	n/a	STATUS	n/a	n/a	D255
853.7200000000	n/a	n/a	STATUS	n/a	n/a	DI54
853.7680000000	n/a	n/a	STATUS	n/a	n/a	D255
854.1240000000	n/a	n/a	STATUS	n/a	n/a	DI34
854.1760000000	n/a	n/a	STATUS	n/a	n/a	D255
854.4360000000	n/a	n/a	STATUS	n/a	n/a	DIN5
854.4840000000	n/a	n/a	STATUS	n/a	n/a	D255
854.8600000000	n/a	n/a	STATUS	n/a	n/a	D104
854.9080000000	n/a	n/a	STATUS	n/a	n/a	D255
854.9480000000	n/a	n/a	STATUS	n/a	n/a	DI51
854.9960000000	n/a	n/a	STATUS	n/a	n/a	D255
855.3960000000	n/a	n/a	STATUS	n/a	n/a	DI31
855.4440000000	n/a	n/a	STATUS	n/a	n/a	D255
855.7040000000	n/a	n/a	STATUS	n/a	n/a	DIN5
855.7560000000	n/a	n/a	STATUS	n/a	n/a	D255
856.1040000000	n/a	n/a	STATUS	n/a	n/a	D121
856.1560000000	n/a	n/a	STATUS	n/a	n/a	D255
856.1920000000	n/a	n/a	STATUS	n/a	n/a	DI54
856.2440000000	n/a	n/a	STATUS	n/a	n/a	D255
856.5240000000	n/a	n/a	STATUS	n/a	n/a	DI34
856.5760000000	n/a	n/a	STATUS	n/a	n/a	D255
856.8320000000	n/a	n/a	STATUS	n/a	n/a	DIN5
856.8840000000	n/a	n/a	STATUS	n/a	n/a	D255
857.2800000000	n/a	n/a	STATUS	n/a	n/a	DI85
857.3280000000	n/a	n/a	STATUS	n/a	n/a	D255
857.3680000000	n/a	n/a	STATUS	n/a	n/a	DI53
857.4160000000	n/a	n/a	STATUS	n/a	n/a	D255
857.6760000000	n/a	n/a	STATUS	n/a	n/a	DI43
857.7280000000	n/a	n/a	STATUS	n/a	n/a	D255
857.9840000000	n/a	n/a	STATUS	n/a	n/a	DIN5
858.0360000000	n/a	n/a	STATUS	n/a	n/a	D255
858.4640000000	n/a	n/a	STATUS	n/a	n/a	D190
858.5160000000	n/a	n/a	STATUS	n/a	n/a	D255
858.5520000000	n/a	n/a	STATUS	n/a	n/a	DI52
858.6040000000	n/a	n/a	STATUS	n/a	n/a	D255
858.9960000000	n/a	n/a	STATUS	n/a	n/a	DI42
859.0440000000	n/a	n/a	STATUS	n/a	n/a	D255
859.3040000000	n/a	n/a	STATUS	n/a	n/a	DIN5
859.3560000000	n/a	n/a	STATUS	n/a	n/a	D255
859.7840000000	n/a	n/a	STATUS	n/a	n/a	D232
859.8360000000	n/a	n/a	STATUS	n/a	n/a	D255
859.8720000000	n/a	n/a	STATUS	n/a	n/a	DI52
859.9200000000	n/a	n/a	STATUS	n/a	n/a	D255
860.2120000000	n/a	n/a	STATUS	n/a	n/a	DI42
860.2600000000	n/a	n/a	STATUS	n/a	n/a	D255
860.5200000000	n/a	n/a	STATUS	n/a	n/a	DIN5
860.5720000000	n/a	n/a	STATUS	n/a	n/a	D255
860.9960000000	n/a	n/a	STATUS	n/a	n/a	D226
861.0480000000	n/a	n/a	STATUS	n/a	n/a	D255
861.0840000000	n/a	n/a	STATUS	n/a	n/a	DI53
861.1360000000	n/a	n/a	STATUS	n/a	n/a	D255
861.4040000000	n/a	n/a	STATUS	n/a	n/a	DI43
861.4560000000	n/a	n/a	STATUS	n/a	n/a	D255
861.7160000000	n/a	n/a	STATUS	n/a	n/a	DIN5
861.7640000000	n/a	n/a	STATUS	n/a	n/a	D255
862.0840000000	n/a	n/a	STATUS	n/a	n/a	DI70
862.1320000000	n/a	n/a	STATUS	n/a	n/a	D255
862.1720000000	n/a	n/a	STATUS	n/a	n/a	DI51
862.2200000000	n/a	n/a	STATUS	n/a	n/a	D255
863.2480000000	n/a	n/a	STATUS	n/a	n/a	DIN3
863.2960000000	n/a	n/a	STATUS	n/a	n/a	D255
864.0520000000	n/a	n/a	STATUS	n/a	n/a	DIN5
864.1000000000	n/a	n/a	STATUS	n/a	n/a	D255
864.5520000000	n/a	n/a	STATUS	n/a	n/a	DI98
864.6000000000	n/a	n/a	STATUS	n/a	n/a	D255
864.6400000000	n/a	n/a	STATUS	n/a	n/a	DI53
864.6920000000	n/a	n/a	STATUS	n/a	n/a	D255
865.0200000000	n/a	n/a	STATUS	n/a	n/a	DI43
865.0680000000	n/a	n/a	STATUS	n/a	n/a	D255
865.3280000000	n/a	n/a	STATUS	n/a	n/a	DIN5
865.3760000000	n/a	n/a	STATUS	n/a	n/a	D255
865.8640000000	n/a	n/a	STATUS	n/a	n/a	D238
865.9120000000	n/a	n/a	STATUS	n/a	n/a	D255
865.9520000000	n/a	n/a	STATUS	n/a	n/a	DI53
866.0000000000	n/a	n/a	STATUS	n/a	n/a	D255
866.3120000000	n/a	n/a	STATUS	n/a	n/a	DI43
866.3640000000	n/a	n/a	STATUS	n/a	n/a	D255
866.6200000000	n/a	n/a	STATUS	n/a	n/a	DIN5
866.6720000000	n/a	n/a	STATUS	n/a	n/a	D255
867.0000000000	n/a	n/a	STATUS	n/a	n/a	D103
867.0520000000	n/a	n/a	STATUS	n/a	n/a	D255
867.0880000000	n/a	n/a	STATUS	n/a	n/a	DI53
867.1400000000	n/a	n/a	STATUS	n/a	n/a	D255
867.4360000000	n/a	n/a	STATUS	n/a	n/a	DI43
867.4840000000	n/a	n/a	STATUS	n/a	n/a	D255
867.7440000000	n/a	n/a	STATUS	n/a	n/a	DIN5
867.7960000000	n/a	n/a	STATUS	n/a	n/a	D255
868.1600000000	n/a	n/a	STATUS	n/a	n/a	D100
868.2120000000	n/a	n/a	STATUS	n/a	n/a	D255
868.2480000000	n/a	n/a	STATUS	n/a	n/a	DI52
868.2960000000	n/a	n/a	STATUS	n/a	n/a	D255
868.6960000000	n/a	n/a	STATUS	n/a	n/a	DI42
868.7480000000	n/a	n/a	STATUS	n/a	n/a	D255
869.0080000000	n/a	n/a	STATUS	n/a	n/a	DIN5
869.0560000000	n/a	n/a	STATUS	n/a	n/a	D255
869.5560000000	n/a	n/a	STATUS	n/a	n/a	D151
869.6080000000	n/a	n/a	STATUS	n/a	n/a	D255
869.6440000000	n/a	n/a	STATUS	n/a	n/a	DI54
869.6920000000	n/a	n/a	STATUS	n/a	n/a	D255
869.9080000000	n/a	n/a	STATUS	n/a	n/a	DI24
869.9600000000	n/a	n/a	STATUS	n/a	n/a	D255
869.9640000000	n/a	n/a	STATUS	n/a	n/a	DIN4
870.0160000000	n/a	n/a	STATUS	n/a	n/a	D255
870.7680000000	n/a	n/a	STATUS	n/a	n/a	DIN5
870.8200000000	n/a	n/a	STATUS	n/a	n/a	D255
871.2640000000	n/a	n/a	STATUS	n/a	n/a	D118
871.3160000000	n/a	n/a	STATUS	n/a	n/a	D255
871.3520000000	n/a	n/a	STATUS	n/a	n/a	DI52
871.4040000000	n/a	n/a	STATUS	n/a	n/a	D255
871.7560000000	n/a	n/a	STATUS	n/a	n/a	DI42
871.8040000000	n/a	n/a	STATUS	n/a	n/a	D255
872.0640000000	n/a	n/a	STATUS	n/a	n/a	DIN5
872.1160000000	n/a	n/a	STATUS	n/a	n/a	D255
872.5240000000	n/a	n/a	STATUS	n/a	n/a	D159
872.5760000000	n/a	n/a	STATUS	n/a	n/a	D255
872.6120000000	n/a	n/a	STATUS	n/a	n/a	DI52
872.6640000000	n/a	n/a	STATUS	n/a	n/a	D255
872.9840000000	n/a	n/a	STATUS	n/a	n/a	DI42
873.0320000000	n/a	n/a	STATUS	n/a	n/a	D255
873.2920000000	n/a	n/a	STATUS	n/a	n/a	DIN5
873.3440000000	n/a	n/a	STATUS	n/a	n/a	D255
873.7480000000	n/a	n/a	STATUS	n/a	n/a	D192
873.7960000000	n/a	n/a	STATUS	n/a	n/a	D255
873.8320000000	n/a	n/a	STATUS	n/a	n/a	DI51
873.8840000000	n/a	n/a	STATUS	n/a	n/a	D255
874.3080000000	n/a	n/a	STATUS	n/a	n/a	DI31
874.3600000000	n/a	n/a	STATUS	n/a	n/a	D255
874.6200000000	n/a	n/a	STATUS	n/a	n/a	DIN5
874.6680000000	n/a	n/a	STATUS	n/a	n/a	D255
875.0680000000	n/a	n/a	STATUS	n/a	n/a	D211
875.1160000000	n/a	n/a	STATUS	n/a	n/a	D255
875.1560000000	n/a	n/a	STATUS	n/a	n/a	DI54
875.2040000000	n/a	n/a	STATUS	n/a	n/a	D255
875.4920000000	n/a	n/a	STATUS	n/a	n/a	DI34
875.5440000000	n/a	n/a	STATUS	n/a	n/a	D255
875.8040000000	n/a	n/a	STATUS	n/a	n/a	DIN5
875.8520000000	n/a	n/a	STATUS	n/a	n/a	D255
876.2480000000	n/a	n/a	STATUS	n/a	n/a	D160
876.2960000000	n/a	n/a	STATUS	n/a	n/a	D255
876.3360000000	n/a	n/a	STATUS	n/a	n/a	DI53
876.3840000000	n/a	n/a	STATUS	n/a	n/a	D255
876.7640000000	n/a	n/a	STATUS	n/a	n/a	DI43
876.8120000000	n/a	n/a	STATUS	n/a	n/a	D255
877.0720000000	n/a	n/a	STATUS	n/a	n/a	DIN5
877.1200000000	n/a	n/a	STATUS	n/a	n/a	D255
877.5600000000	n/a	n/a	STATUS	n/a	n/a	D230
877.6120000000	n/a	n/a	STATUS	n/a	n/a	D255
877.6480000000	n/a	n/a	STATUS	n/a	n/a	DI51
877.7000000000	n/a	n/a	STATUS	n/a	n/a	D255
878.0880000000	n/a	n/a	STATUS	n/a	n/a	DI31
878.1360000000	n/a	n/a	STATUS	n/a	n/a	D255
878.3960000000	n/a	n/a	STATUS	n/a	n/a	DIN5
878.4480000000	n/a	n/a	STATUS	n/a	n/a	D255
878.8680000000	n/a	n/a	STATUS	n/a	n/a	D117
878.9160000000	n/a	n/a	STATUS	n/a	n/a	D255
878.9560000000	n/a	n/a	STATUS	n/a	n/a	DI51
879.0040000000	n/a	n/a	STATUS	n/a	n/a	D255
879.2840000000	n/a	n/a	STATUS	n/a	n/a	DI31
879.3320000000	n/a	n/a	STATUS	n/a	n/a	D255
879.5920000000	n/a	n/a	STATUS	n/a	n/a	DIN5
879.6440000000	n/a	n/a	STATUS	n/a	n/a	D255
880.0160000000	n/a	n/a	STATUS	n/a	n/a	D228
880.0680000000	n/a	n/a	STATUS	n/a	n/a	D255
880.1040000000	n/a	n/a	STATUS	n/a	n/a	DI52
880.1520000000	n/a	n/a	STATUS	n/a	n/a	D255
880.7400000000	n/a	n/a	STATUS	n/a	n/a	DI42
880.7880000000	n/a	n/a	STATUS	n/a	n/a	D255
900.7400000000	n/a	n/a	STATUS	n/a	n/a	DIN5
900.7920000000	n/a	n/a	STATUS	n/a	n/a	D255
901.2480000000	n/a	n/a	STATUS	n/a	n/a	D139
901.2960000000	n/a	n/a	STATUS	n/a	n/a	D255
901.3360000000	n/a	n/a	STATUS	n/a	n/a	DI53
901.3840000000	n/a	n/a	STATUS	n/a	n/a	D255
901.8480000000	n/a	n/a	STATUS	n/a	n/a	DI43
901.8960000000	n/a	n/a	STATUS	n/a	n/a	D255
902.1560000000	n/a	n/a	STATUS	n/a	n/a	DIN5
902.2080000000	n/a	n/a	STATUS	n/a	n/a	D255
902.5560000000	n/a	n/a	STATUS	n/a	n/a	DI67
902.6080000000	n/a	n/a	STATUS	n/a	n/a	D255
902.6440000000	n/a	n/a	STATUS	n/a	n/a	DI52
902.6960000000	n/a	n/a	STATUS	n/a	n/a	D255
903.0680000000	n/a	n/a	STATUS	n/a	n/a	DI42
903.1160000000	n/a	n/a	STATUS	n/a	n/a	D255
903.3760000000	n/a	n/a	STATUS	n/a	n/a	DIN5
903.4280000000	n/a	n/a	STATUS	n/a	n/a	D255
903.8320000000	n/a	n/a	STATUS	n/a	n/a	D165
903.8800000000	n/a	n/a	STATUS	n/a	n/a	D255
903.9200000000	n/a	n/a	STATUS	n/a	n/a	DI52
903.9680000000	n/a	n/a	STATUS	n/a	n/a	D255
904.2480000000	n/a	n/a	STATUS	n/a	n/a	DI42
904.3000000000	n/a	n/a	STATUS	n/a	n/a	D255
904.5600000000	n/a	n/a	STATUS	n/a	n/a	DIN5
904.6080000000	n/a	n/a	STATUS	n/a	n/a	D255
905.0880000000	n/a	n/a	STATUS	n/a	n/a	D190
905.1400000000	n/a	n/a	STATUS	n/a	n/a	D255
905.1760000000	n/a	n/a	STATUS	n/a	n/a	DI51
905.2280000000	n/a	n/a	STATUS	n/a	n/a	D255
905.6640000000	n/a	n/a	STATUS	n/a	n/a	DI31
905.7120000000	n/a	n/a	STATUS	n/a	n/a	D255
905.9720000000	n/a	n/a	STATUS	n/a	n/a	DIN5
906.0240000000	n/a	n/a	STATUS	n/a	n/a	D255
906.5160000000	n/a	n/a	STATUS	n/a	n/a	D214
906.5680000000	n/a	n/a	STATUS	n/a	n/a	D255
906.6040000000	n/a	n/a	STATUS	n/a	n/a	DI52
906.6560000000	n/a	n/a	STATUS	n/a	n/a	D255
907.1280000000	n/a	n/a	STATUS	n/a	n/a	DI42
907.1800000000	n/a	n/a	STATUS	n/a	n/a	D255
907.4400000000	n/a	n/a	STATUS	n/a	n/a	DIN5
907.4880000000	n/a	n/a	STATUS	n/a	n/a	D255
907.9560000000	n/a	n/a	STATUS	n/a	n/a	D159
908.0080000000	n/a	n/a	STATUS	n/a	n/a	D255
908.0080000000	n/a	n/a	STATUS	n/a	n/a	D223
908.0440000000	n/a	n/a	STATUS	n/a	n/a	DI51
908.0960000000	n/a	n/a	STATUS	n/a	n/a	D255
908.4760000000	n/a	n/a	STATUS	n/a	n/a	DI31
908.5240000000	n/a	n/a	STATUS	n/a	n/a	D255
908.7840000000	n/a	n/a	STATUS	n/a	n/a	DIN5
908.8360000000	n/a	n/a	STATUS	n/a	n/a	D255
909.2960000000	n/a	n/a	STATUS	n/a	n/a	DI75
909.3440000000	n/a	n/a	STATUS	n/a	n/a	D255
909.3840000000	n/a	n/a	STATUS	n/a	n/a	DI53
909.4320000000	n/a	n/a	STATUS	n/a	n/a	D255
909.7520000000	n/a	n/a	STATUS	n/a	n/a	DI43
909.8000000000	n/a	n/a	STATUS	n/a	n/a	D255
910.0600000000	n/a	n/a	STATUS	n/a	n/a	DIN5
910.1120000000	n/a	n/a	STATUS	n/a	n/a	D255
910.5560000000	n/a	n/a	STATUS	n/a	n/a	D117
910.6080000000	n/a	n/a	STATUS	n/a	n/a	D255
910.6440000000	n/a	n/a	STATUS	n/a	n/a	DI52
910.6960000000	n/a	n/a	STATUS	n/a	n/a	D255
911.2760000000	n/a	n/a	STATUS	n/a	n/a	DI42
911.3280000000	n/a	n/a	STATUS	n/a	n/a	D255
911.5840000000	n/a	n/a	STATUS	n/a	n/a	DIN5
911.6360000000	n/a	n/a	STATUS	n/a	n/a	D255
912.1280000000	n/a	n/a	STATUS	n/a	n/a	D240
912.1760000000	n/a	n/a	STATUS	n/a	n/a	D255
912.2120000000	n/a	n/a	STATUS	n/a	n/a	DI53
912.2640000000	n/a	n/a	STATUS	n/a	n/a	D255
912.5720000000	n/a	n/a	STATUS	n/a	n/a	DI43
912.6200000000	n/a	n/a	STATUS	n/a	n/a	D255
912.8800000000	n/a	n/a	STATUS	n/a	n/a	DIN5
912.9320000000	n/a	n/a	STATUS	n/a	n/a	D255
913.3960000000	n/a	n/a	STATUS	n/a	n/a	D211
913.4480000000	n/a	n/a	STATUS	n/a	n/a	D255
913.4840000000	n/a	n/a	STATUS	n/a	n/a	DI51
913.5320000000	n/a	n/a	STATUS	n/a	n/a	D255
913.9200000000	n/a	n/a	STATUS	n/a	n/a	DI31
913.9720000000	n/a	n/a	STATUS	n/a	n/a	D255
914.2320000000	n/a	n/a	STATUS	n/a	n/a	DIN5
914.2800000000	n/a	n/a	STATUS	n/a	n/a	D255
914.6640000000	n/a	n/a	STATUS	n/a	n/a	D161
914.7160000000	n/a	n/a	STATUS	n/a	n/a	D255
914.7520000000	n/a	n/a	STATUS	n/a	n/a	DI53
914.8040000000	n/a	n/a	STATUS	n/a	n/a	D255
915.1480000000	n/a	n/a	STATUS	n/a	n/a	DI43
915.2000000000	n/a	n/a	STATUS	n/a	n/a	D255
915.4560000000	n/a	n/a	STATUS	n/a	n/a	DIN5
915.5080000000	n/a	n/a	STATUS	n/a	n/a	D255
915.9280000000	n/a	n/a	STATUS	n/a	n/a	D113
915.9760000000	n/a	n/a	STATUS	n/a	n/a	D255
916.0160000000	n/a	n/a	STATUS	n/a	n/a	DI51
916.0640000000	n/a	n/a	STATUS	n/a	n/a	D255
916.4760000000	n/a	n/a	STATUS	n/a	n/a	DI31
916.5240000000	n/a	n/a	STATUS	n/a	n/a	D255
916.7840000000	n/a	n/a	STATUS	n/a	n/a	DIN5
916.8360000000	n/a	n/a	STATUS	n/a	n/a	D255
917.2600000000	n/a	n/a	STATUS	n/a	n/a	D225
917.3080000000	n/a	n/a	STATUS	n/a	n/a	D255
917.3480000000	n/a	n/a	STATUS	n/a	n/a	DI53
917.3960000000	n/a	n/a	STATUS	n/a	n/a	D255
917.6360000000	n/a	n/a	STATUS	n/a	n/a	DI43
917.6840000000	n/a	n/a	STATUS	n/a	n/a	D255
917.9440000000	n/a	n/a	STATUS	n/a	n/a	DIN5
917.9960000000	n/a	n/a	STATUS	n/a	n/a	D255
918.3440000000	n/a	n/a	STATUS	n/a	n/a	D111
918.3960000000	n/a	n/a	STATUS	n/a	n/a	D255
918.4320000000	n/a	n/a	STATUS	n/a	n/a	DI54
918.4840000000	n/a	n/a	STATUS	n/a	n/a	D255
918.7560000000	n/a	n/a	STATUS	n/a	n/a	DI34
918.8080000000	n/a	n/a	STATUS	n/a	n/a	D255
919.0680000000	n/a	n/a	STATUS	n/a	n/a	DIN5
919.1160000000	n/a	n/a	STATUS	n/a	n/a	D255
919.5360000000	n/a	n/a	STATUS	n/a	n/a	D121
919.5880000000	n/a	n/a	STATUS	n/a	n/a	D255
919.6240000000	n/a	n/a	STATUS	n/a	n/a	DI54
919.6760000000	n/a	n/a	STATUS	n/a	n/a	D255
919.8800000000	n/a	n/a	STATUS	n/a	n/a	DI34
919.9280000000	n/a	n/a	STATUS	n/a	n/a	D255
920.1880000000	n/a	n/a	STATUS	n/a	n/a	DIN5
920.2400000000	n/a	n/a	STATUS	n/a	n/a	D255
920.6920000000	n/a	n/a	STATUS	n/a	n/a	D252
920.7440000000	n/a	n/a	STATUS	n/a	n/a	D255
920.7800000000	n/a	n/a	STATUS	n/a	n/a	DI52
920.8320000000	n/a	n/a	STATUS	n/a	n/a	D255
921.0720000000	n/a	n/a	STATUS	n/a	n/a	DI12
921.1200000000	n/a	n/a	STATUS	n/a	n/a	D255
921.1240000000	n/a	n/a	STATUS	n/a	n/a	DIN4
921.1760000000	n/a	n/a	STATUS	n/a	n/a	D255
921.9320000000	n/a	n/a	STATUS	n/a	n/a	DIN5
921.9800000000	n/a	n/a	STATUS	n/a	n/a	D255
922.2880000000	n/a	n/a	STATUS	n/a	n/a	D154
922.3400000000	n/a	n/a	STATUS	n/a	n/a	D255
922.3760000000	n/a	n/a	STATUS	n/a	n/a	DI54
922.4280000000	n/a	n/a	STATUS	n/a	n/a	D255
922.7320000000	n/a	n/a	STATUS	n/a	n/a	DI34
922.7800000000	n/a	n/a	STATUS	n/a	n/a	D255
923.0400000000	n/a	n/a	STATUS	n/a	n/a	DIN5
923.0920000000	n/a	n/a	STATUS	n/a	n/a	D255
923.4200000000	n/a	n/a	STATUS	n/a	n/a	D244
923.4720000000	n/a	n/a	STATUS	n/a	n/a	D255
923.5080000000	n/a	n/a	STATUS	n/a	n/a	DI54
923.5600000000	n/a	n/a	STATUS	n/a	n/a	D255
923.8640000000	n/a	n/a	STATUS	n/a	n/a	DI34
923.9120000000	n/a	n/a	STATUS	n/a	n/a	D255
924.1720000000	n/a	n/a	STATUS	n/a	n/a	DIN5
924.2240000000	n/a	n/a	STATUS	n/a	n/a	D255
924.6840000000	n/a	n/a	STATUS	n/a	n/a	D120
924.7320000000	n/a	n/a	STATUS	n/a	n/a	D255
924.7720000000	n/a	n/a	STATUS	n/a	n/a	DI54
924.8200000000	n/a	n/a	STATUS	n/a	n/a	D255
925.0800000000	n/a	n/a	STATUS	n/a	n/a	DI34
925.1320000000	n/a	n/a	STATUS	n/a	n/a	D255
925.3920000000	n/a	n/a	STATUS	n/a	n/a	DIN5
925.4400000000	n/a	n/a	STATUS	n/a	n/a	D255
925.9080000000	n/a	n/a	STATUS	n/a	n/a	DI77
925.9560000000	n/a	n/a	STATUS	n/a	n/a	D255
925.9920000000	n/a	n/a	STATUS	n/a	n/a	DI52
926.0440000000	n/a	n/a	STATUS	n/a	n/a	D255
926.4000000000	n/a	n/a	STATUS	n/a	n/a	DI42
926.4520000000	n/a	n/a	STATUS	n/a	n/a	D255
926.7120000000	n/a	n/a	STATUS	n/a	n/a	DIN5
926.7600000000	n/a	n/a	STATUS	n/a	n/a	D255
927.1400000000	n/a	n/a	STATUS	n/a	n/a	DI93
927.1920000000	n/a	n/a	STATUS	n/a	n/a	D255
927.2280000000	n/a	n/a	STATUS	n/a	n/a	DI52
927.2800000000	n/a	n/a	STATUS	n/a	n/a	D255
927.6040000000	n/a	n/a	STATUS	n/a	n/a	DI42
927.6560000000	n/a	n/a	STATUS	n/a	n/a	D255
927.9160000000	n/a	n/a	STATUS	n/a	n/a	DIN5
927.9640000000	n/a	n/a	STATUS	n/a	n/a	D255
928.3800000000	n/a	n/a	STATUS	n/a	n/a	D229
928.4280000000	n/a	n/a	STATUS	n/a	n/a	D255
928.4680000000	n/a	n/a	STATUS	n/a	n/a	DI54
928.5200000000	n/a	n/a	STATUS	n/a	n/a	D255
928.9080000000	n/a	n/a	STATUS	n/a	n/a	DI34
928.9560000000	n/a	n/a	STATUS	n/a	n/a	D255
929.2160000000	n/a	n/a	STATUS	n/a	n/a	DIN5
929.2680000000	n/a	n/a	STATUS	n/a	n/a	D255
929.7560000000	n/a	n/a	STATUS	n/a	n/a	D219
929.8080000000	n/a	n/a	STATUS	n/a	n/a	D255
929.8440000000	n/a	n/a	STATUS	n/a	n/a	DI54
929.8960000000	n/a	n/a	STATUS	n/a	n/a	D255
930.1480000000	n/a	n/a	STATUS	n/a	n/a	DI34
930.2000000000	n/a	n/a	STATUS	n/a	n/a	D255
930.4600000000	n/a	n/a	STATUS	n/a	n/a	DIN5
930.5080000000	n/a	n/a	STATUS	n/a	n/a	D255
930.9360000000	n/a	n/a	STATUS	n/a	n/a	DI83
930.9840000000	n/a	n/a	STATUS	n/a	n/a	D255
931.0200000000	n/a	n/a	STATUS	n/a	n/a	DI53
931.0720000000	n/a	n/a	STATUS	n/a	n/a	D255
931.3400000000	n/a	n/a	STATUS	n/a	n/a	DI43
931.3920000000	n/a	n/a	STATUS	n/a	n/a	D255
931.6520000000	n/a	n/a	STATUS	n/a	n/a	DIN5
931.7000000000	n/a	n/a	STATUS	n/a	n/a	D255
932.1160000000	n/a	n/a	STATUS	n/a	n/a	D227
932.1640000000	n/a	n/a	STATUS	n/a	n/a	D255
932.2040000000	n/a	n/a	STATUS	n/a	n/a	DI52
932.2520000000	n/a	n/a	STATUS	n/a	n/a	D255
932.5200000000	n/a	n/a	STATUS	n/a	n/a	DI42
932.5680000000	n/a	n/a	STATUS	n/a	n/a	D255
932.8280000000	n/a	n/a	STATUS	n/a	n/a	DIN5
932.8760000000	n/a	n/a	STATUS	n/a	n/a	D255
933.2360000000	n/a	n/a	STATUS	n/a	n/a	D167
933.2880000000	n/a	n/a	STATUS	n/a	n/a	D255
933.3240000000	n/a	n/a	STATUS	n/a	n/a	DI52
933.3760000000	n/a	n/a	STATUS	n/a	n/a	D255
933.7080000000	n/a	n/a	STATUS	n/a	n/a	DI42
933.7560000000	n/a	n/a	STATUS	n/a	n/a	D255
934.0160000000	n/a	n/a	STATUS	n/a	n/a	DIN5
934.0680000000	n/a	n/a	STATUS	n/a	n/a	D255
934.3760000000	n/a	n/a	STATUS	n/a	n/a	D206
934.4280000000	n/a	n/a	STATUS	n/a	n/a	D255
934.4640000000	n/a	n/a	STATUS	n/a	n/a	DI53
934.5160000000	n/a	n/a	STATUS	n/a	n/a	D255
934.7760000000	n/a	n/a	STATUS	n/a	n/a	DI43
934.8280000000	n/a	n/a	STATUS	n/a	n/a	D255
935.0880000000	n/a	n/a	STATUS	n/a	n/a	DIN5
935.1360000000	n/a	n/a	STATUS	n/a	n/a	D255
935.6280000000	n/a	n/a	STATUS	n/a	n/a	D170
935.6760000000	n/a	n/a	STATUS	n/a	n/a	D255
935.7120000000	n/a	n/a	STATUS	n/a	n/a	DI53
935.7640000000	n/a	n/a	STATUS	n/a	n/a	D255
935.9800000000	n/a	n/a	STATUS	n/a	n/a	DI43
936.0320000000	n/a	n/a	STATUS	n/a	n/a	D255
936.2920000000	n/a	n/a	STATUS	n/a	n/a	DIN5
936.3400000000	n/a	n/a	STATUS	n/a	n/a	D255
936.6520000000	n/a	n/a	STATUS	n/a	n/a	D205
936.7000000000	n/a	n/a	STATUS	n/a	n/a	D255
936.7400000000	n/a	n/a	STATUS	n/a	n/a	DI52
936.7880000000	n/a	n/a	STATUS	n/a	n/a	D255
937.0280000000	n/a	n/a	STATUS	n/a	n/a	DI12
937.0760000000	n/a	n/a	STATUS	n/a	n/a	D255
937.0800000000	n/a	n/a	STATUS	n/a	n/a	DIN4
937.1320000000	n/a	n/a	STATUS	n/a	n/a	D255
937.8840000000	n/a	n/a	STATUS	n/a	n/a	DIN5
937.9360000000	n/a	n/a	STATUS	n/a	n/a	D255
938.2720000000	n/a	n/a	STATUS	n/a	n/a	DI71
938.3200000000	n/a	n/a	STATUS	n/a	n/a	D255
938.3600000000	n/a	n/a	STATUS	n/a	n/a	DI53
938.4080000000	n/a	n/a	STATUS	n/a	n/a	D255
938.7520000000	n/a	n/a	STATUS	n/a	n/a	DI43
938.8040000000	n/a	n/a	STATUS	n/a	n/a	D255
939.0600000000	n/a	n/a	STATUS	n/a	n/a	DIN5
939.1120000000	n/a	n/a	STATUS	n/a	n/a	D255
939.5040000000	n/a	n/a	STATUS	n/a	n/a	D238
939.5560000000	n/a	n/a	STATUS	n/a	n/a	D255
939.5920000000	n/a	n/a	STATUS	n/a	n/a	DI54
939.6440000000	n/a	n/a	STATUS	n/a	n/a	D255
939.9880000000	n/a	n/a	STATUS	n/a	n/a	DI34
940.0400000000	n/a	n/a	STATUS	n/a	n/a	D255
940.3000000000	n/a	n/a	STATUS	n/a	n/a	DIN5
940.3480000000	n/a	n/a	STATUS	n/a	n/a	D255
940.8280000000	n/a	n/a	STATUS	n/a	n/a	D249
940.8800000000	n/a	n/a	STATUS	n/a	n/a	D255
940.9160000000	n/a	n/a	STATUS	n/a	n/a	DI54
940.9680000000	n/a	n/a	STATUS	n/a	n/a	D255
941.2920000000	n/a	n/a	STATUS	n/a	n/a	DI34
941.3400000000	n/a	n/a	STATUS	n/a	n/a	D255
941.3400000000	n/a	n/a	STATUS	n/a	n/a	D227
941.6000000000	n/a	n/a	STATUS	n/a	n/a	DIN5
941.6520000000	n/a	n/a	STATUS	n/a	n/a	D255
941.9840000000	n/a	n/a	STATUS	n/a	n/a	D166
942.0360000000	n/a	n/a	STATUS	n/a	n/a	D255
942.0720000000	n/a	n/a	STATUS	n/a	n/a	DI53
942.1240000000	n/a	n/a	STATUS	n/a	n/a	D255
942.3880000000	n/a	n/a	STATUS	n/a	n/a	DI43
942.4400000000	n/a	n/a	STATUS	n/a	n/a	D255
942.7000000000	n/a	n/a	STATUS	n/a	n/a	DIN5
942.7480000000	n/a	n/a	STATUS	n/a	n/a	D255
943.1160000000	n/a	n/a	STATUS	n/a	n/a	D242
943.1640000000	n/a	n/a	STATUS	n/a	n/a	D255
943.2040000000	n/a	n/a	STATUS	n/a	n/a	DI54
943.2520000000	n/a	n/a	STATUS	n/a	n/a	D255
943.5600000000	n/a	n/a	STATUS	n/a	n/a	DI34
943.6080000000	n/a	n/a	STATUS	n/a	n/a	D255
943.8680000000	n/a	n/a	STATUS	n/a	n/a	DIN5
943.9200000000	n/a	n/a	STATUS	n/a	n/a	D255
944.2880000000	n/a	n/a	STATUS	n/a	n/a	D239
944.3400000000	n/a	n/a	STATUS	n/a	n/a	D255
944.3760000000	n/a	n/a	STATUS	n/a	n/a	DI53
944.4280000000	n/a	n/a	STATUS	n/a	n/a	D255
944.6760000000	n/a	n/a	STATUS	n/a	n/a	DI43
944.7280000000	n/a	n/a	STATUS	n/a	n/a	D255
944.9880000000	n/a	n/a	STATUS	n/a	n/a	DIN5
945.0360000000	n/a	n/a	STATUS	n/a	n/a	D255
945.3880000000	n/a	n/a	STATUS	n/a	n/a	D178
945.4360000000	n/a	n/a	STATUS	n/a	n/a	D255
945.4720000000	n/a	n/a	STATUS	n/a	n/a	DI54
945.5240000000	n/a	n/a	STATUS	n/a	n/a	D255
945.7760000000	n/a	n/a	STATUS	n/a	n/a	DI34
945.8240000000	n/a	n/a	STATUS	n/a	n/a	D255
946.0840000000	n/a	n/a	STATUS	n/a	n/a	DIN5
946.1360000000	n/a	n/a	STATUS	n/a	n/a	D255
946.5520000000	n/a	n/a	STATUS	n/a	n/a	D241
946.6040000000	n/a	n/a	STATUS	n/a	n/a	D255
946.6400000000	n/a	n/a	STATUS	n/a	n/a	DI52
946.6920000000	n/a	n/a	STATUS	n/a	n/a	D255
946.9240000000	n/a	n/a	STATUS	n/a	n/a	DI42
946.9720000000	n/a	n/a	STATUS	n/a	n/a	D255
947.2320000000	n/a	n/a	STATUS	n/a	n/a	DIN5
947.2840000000	n/a	n/a	STATUS	n/a	n/a	D255
947.7480000000	n/a	n/a	STATUS	n/a	n/a	D175
947.7960000000	n/a	n/a	STATUS	n/a	n/a	D255
947.8360000000	n/a	n/a	STATUS	n/a	n/a	DI52
947.8840000000	n/a	n/a	STATUS	n/a	n/a	D255
948.3640000000	n/a	n/a	STATUS	n/a	n/a	DI42
948.4120000000	n/a	n/a	STATUS	n/a	n/a	D255
948.6720000000	n/a	n/a	STATUS	n/a	n/a	DIN5
948.7200000000	n/a	n/a	STATUS	n/a	n/a	D255
949.1120000000	n/a	n/a	STATUS	n/a	n/a	D131
949.1600000000	n/a	n/a	STATUS	n/a	n/a	D255
949.2000000000	n/a	n/a	STATUS	n/a	n/a	DI51
949.2480000000	n/a	n/a	STATUS	n/a	n/a	D255
949.5040000000	n/a	n/a	STATUS	n/a	n/a	DI21
949.5520000000	n/a	n/a	STATUS	n/a	n/a	D255
949.5560000000	n/a	n/a	STATUS	n/a	n/a	DIN4
949.6080000000	n/a	n/a	STATUS	n/a	n/a	D255
950.3600000000	n/a	n/a	STATUS	n/a	n/a	DIN5
950.4120000000	n/a	n/a	STATUS	n/a	n/a	D255
950.7720000000	n/a	n/a	STATUS	n/a	n/a	D112
950.8200000000	n/a	n/a	STATUS	n/a	n/a	D255
950.8600000000	n/a	n/a	STATUS	n/a	n/a	DI51
950.9120000000	n/a	n/a	STATUS	n/a	n/a	D255
951.9280000000	n/a	n/a	STATUS	n/a	n/a	DIN3
951.9760000000	n/a	n/a	STATUS	n/a	n/a	D255
952.7320000000	n/a	n/a	STATUS	n/a	n/a	DIN5
952.7840000000	n/a	n/a	STATUS	n/a	n/a	D255
953.1760000000	n/a	n/a	STATUS	n/a	n/a	D135
953.2280000000	n/a	n/a	STATUS	n/a	n/a	D255
953.2640000000	n/a	n/a	STATUS	n/a	n/a	DI53
953.3160000000	n/a	n/a	STATUS	n/a	n/a	D255
953.5920000000	n/a	n/a	STATUS	n/a	n/a	DI43
953.6440000000	n/a	n/a	STATUS	n/a	n/a	D255
953.9040000000	n/a	n/a	STATUS	n/a	n/a	DIN5
953.9520000000	n/a	n/a	STATUS	n/a	n/a	D255
954.2560000000	n/a	n/a	STATUS	n/a	n/a	D180
954.3080000000	n/a	n/a	STATUS	n/a	n/a	D255
954.3440000000	n/a	n/a	STATUS	n/a	n/a	DI53
954.3960000000	n/a	n/a	STATUS	n/a	n/a	D255
954.6840000000	n/a	n/a	STATUS	n/a	n/a	DI43
954.7320000000	n/a	n/a	STATUS	n/a	n/a	D255
954.9920000000	n/a	n/a	STATUS	n/a	n/a	DIN5
955.0440000000	n/a	n/a	STATUS	n/a	n/a	D255
955.3600000000	n/a	n/a	STATUS	n/a	n/a	D247
955.4120000000	n/a	n/a	STATUS	n/a	n/a	D255
955.4480000000	n/a	n/a	STATUS	n/a	n/a	DI53
955.5000000000	n/a	n/a	STATUS	n/a	n/a	D255
955.7080000000	n/a	n/a	STATUS	n/a	n/a	DI43
955.7600000000	n/a	n/a	STATUS	n/a	n/a	D255
956.0200000000	n/a	n/a	STATUS	n/a	n/a	DIN5
956.0680000000	n/a	n/a	STATUS	n/a	n/a	D255
956.4760000000	n/a	n/a	STATUS	n/a	n/a	D106
956.5280000000	n/a	n/a	STATUS	n/a	n/a	D255
956.5640000000	n/a	n/a	STATUS	n/a	n/a	DI51
956.6160000000	n/a	n/a	STATUS	n/a	n/a	D255
956.8640000000	n/a	n/a	STATUS	n/a	n/a	DI21
956.9160000000	n/a	n/a	STATUS	n/a	n/a	D255
956.9200000000	n/a	n/a	STATUS	n/a	n/a	DIN4
956.9680000000	n/a	n/a	STATUS	n/a	n/a	D255
957.7240000000	n/a	n/a	STATUS	n/a	n/a	DIN5
957.7760000000	n/a	n/a	STATUS	n/a	n/a	D255
958.2600000000	n/a	n/a	STATUS	n/a	n/a	D203
958.3080000000	n/a	n/a	STATUS	n/a	n/a	D255
958.3480000000	n/a	n/a	STATUS	n/a	n/a	DI52
958.3960000000	n/a	n/a	STATUS	n/a	n/a	D255
958.7800000000	n/a	n/a	STATUS	n/a	n/a	DI42
958.8320000000	n/a	n/a	STATUS	n/a	n/a	D255
959.0920000000	n/a	n/a	STATUS	n/a	n/a	DIN5
959.1400000000	n/a	n/a	STATUS	n/a	n/a	D255
959.5920000000	n/a	n/a	STATUS	n/a	n/a	DI68
959.6400000000	n/a	n/a	STATUS	n/a	n/a	D255
959.6800000000	n/a	n/a	STATUS	n/a	n/a	DI54
959.7280000000	n/a	n/a	STATUS	n/a	n/a	D255
960.0000000000	n/a	n/a	STATUS	n/a	n/a	DI34
960.0520000000	n/a	n/a	STATUS	n/a	n/a	D255
960.3120000000	n/a	n/a	STATUS	n/a	n/a	DIN5
960.3600000000	n/a	n/a	STATUS	n/a	n/a	D255
960.8120000000	n/a	n/a	STATUS	n/a	n/a	D217
960.8600000000	n/a	n/a	STATUS	n/a	n/a	D255
960.9000000000	n/a	n/a	STATUS	n/a	n/a	DI53
960.9480000000	n/a	n/a	STATUS	n/a	n/a	D255
961.1560000000	n/a	n/a	STATUS	n/a	n/a	DI43
961.2080000000	n/a	n/a	STATUS	n/a	n/a	D255
961.4640000000	n/a	n/a	STATUS	n/a	n/a	DIN5
961.5160000000	n/a	n/a	STATUS	n/a	n/a	D255
962.0200000000	n/a	n/a	STATUS	n/a	n/a	DI66
962.0720000000	n/a	n/a	STATUS	n/a	n/a	D255
962.1080000000	n/a	n/a	STATUS	n/a	n/a	DI52
962.1560000000	n/a	n/a	STATUS	n/a	n/a	D255
962.5440000000	n/a	n/a	STATUS	n/a	n/a	DI42
962.5960000000	n/a	n/a	STATUS	n/a	n/a	D255
962.8560000000	n/a	n/a	STATUS	n/a	n/a	DIN5
962.9040000000	n/a	n/a	STATUS	n/a	n/a	D255
963.2320000000	n/a	n/a	STATUS	n/a	n/a	DI87
963.2800000000	n/a	n/a	STATUS	n/a	n/a	D255
963.3160000000	n/a	n/a	STATUS	n/a	n/a	DI52
963.3680000000	n/a	n/a	STATUS	n/a	n/a	D255
963.6640000000	n/a	n/a	STATUS	n/a	n/a	DI42
963.7120000000	n/a	n/a	STATUS	n/a	n/a	D255
963.9720000000	n/a	n/a	STATUS	n/a	n/a	DIN5
964.0240000000	n/a	n/a	STATUS	n/a	n/a	D255
964.3880000000	n/a	n/a	STATUS	n/a	n/a	D253
964.4360000000	n/a	n/a	STATUS	n/a	n/a	D255
964.4760000000	n/a	n/a	STATUS	n/a	n/a	DI54
964.5280000000	n/a	n/a	STATUS	n/a	n/a	D255
964.8440000000	n/a	n/a	STATUS	n/a	n/a	DI34
964.8920000000	n/a	n/a	STATUS	n/a	n/a	D255
965.1520000000	n/a	n/a	STATUS	n/a	n/a	DIN5
965.2040000000	n/a	n/a	STATUS	n/a	n/a	D255
965.5160000000	n/a	n/a	STATUS	n/a	n/a	D171
965.5680000000	n/a	n/a	STATUS	n/a	n/a	D255
965.6040000000	n/a	n/a	STATUS	n/a	n/a	DI54
965.6560000000	n/a	n/a	STATUS	n/a	n/a	D255
965.9360000000	n/a	n/a	STATUS	n/a	n/a	DI34
965.9840000000	n/a	n/a	STATUS	n/a	n/a	D255
966.2440000000	n/a	n/a	STATUS	n/a	n/a	DIN5
966.2920000000	n/a	n/a	STATUS	n/a	n/a	D255
966.6040000000	n/a	n/a	STATUS	n/a	n/a	D216
966.6520000000	n/a	n/a	STATUS	n/a	n/a	D255
966.6920000000	n/a	n/a	STATUS	n/a	n/a	DI51
966.7400000000	n/a	n/a	STATUS	n/a	n/a	D255
966.9960000000	n/a	n/a	STATUS	n/a	n/a	DI21
967.0440000000	n/a	n/a	STATUS	n/a	n/a	D255
967.0480000000	n/a	n/a	STATUS	n/a	n/a	DIN4
967.1000000000	n/a	n/a	STATUS	n/a	n/a	D255
967.8560000000	n/a	n/a	STATUS	n/a	n/a	DIN5
967.9040000000	n/a	n/a	STATUS	n/a	n/a	D255
968.3960000000	n/a	n/a	STATUS	n/a	n/a	D156
968.4440000000	n/a	n/a	STATUS	n/a	n/a	D255
968.4840000000	n/a	n/a	STATUS	n/a	n/a	DI52
968.5320000000	n/a	n/a	STATUS	n/a	n/a	D255
968.8680000000	n/a	n/a	STATUS	n/a	n/a	DI42
968.9160000000	n/a	n/a	STATUS	n/a	n/a	D255
969.1760000000	n/a	n/a	STATUS	n/a	n/a	DIN5
969.2280000000	n/a	n/a	STATUS	n/a	n/a	D255
969.7120000000	n/a	n/a	STATUS	n/a	n/a	D169
969.7600000000	n/a	n/a	STATUS	n/a	n/a	D255
969.8000000000	n/a	n/a	STATUS	n/a	n/a	DI52
969.8480000000	n/a	n/a	STATUS	n/a	n/a	D255
970.1920000000	n/a	n/a	STATUS	n/a	n/a	DI42
970.2440000000	n/a	n/a	STATUS	n/a	n/a	D255
970.5040000000	n/a	n/a	STATUS	n/a	n/a	DIN5
970.5520000000	n/a	n/a	STATUS	n/a	n/a	D255
970.8560000000	n/a	n/a	STATUS	n/a	n/a	D158
970.9080000000	n/a	n/a	STATUS	n/a	n/a	D255
970.9440000000	n/a	n/a	STATUS	n/a	n/a	DI52
970.9960000000	n/a	n/a	STATUS	n/a	n/a	D255
971.3120000000	n/a	n/a	STATUS	n/a	n/a	DI42
971.3640000000	n/a	n/a	STATUS	n/a	n/a	D255
971.6200000000	n/a	n/a	STATUS	n/a	n/a	DIN5
971.6720000000	n/a	n/a	STATUS	n/a	n/a	D255
972.1560000000	n/a	n/a	STATUS	n/a	n/a	D104
972.2080000000	n/a	n/a	STATUS	n/a	n/a	D255
972.2440000000	n/a	n/a	STATUS	n/a	n/a	DI51
972.2920000000	n/a	n/a	STATUS	n/a	n/a	D255
972.5280000000	n/a	n/a	STATUS	n/a	n/a	DI21
972.5760000000	n/a	n/a	STATUS	n/a	n/a	D255
972.5800000000	n/a	n/a	STATUS	n/a	n/a	DIN4
972.6320000000	n/a	n/a	STATUS	n/a	n/a	D255
973.3880000000	n/a	n/a	STATUS	n/a	n/a	DIN5
973.4360000000	n/a	n/a	STATUS	n/a	n/a	D255
973.8680000000	n/a	n/a	STATUS	n/a	n/a	D152
973.9160000000	n/a	n/a	STATUS	n/a	n/a	D255
973.9520000000	n/a	n/a	STATUS	n/a	n/a	DI51
974.0040000000	n/a	n/a	STATUS	n/a	n/a	D255
975.0360000000	n/a	n/a	STATUS	n/a	n/a	DIN3
975.0840000000	n/a	n/a	STATUS	n/a	n/a	D255
975.8400000000	n/a	n/a	STATUS	n/a	n/a	DIN5
975.8880000000	n/a	n/a	STATUS	n/a	n/a	D255
976.3400000000	n/a	n/a	STATUS	n/a	n/a	D192
976.3880000000	n/a	n/a	STATUS	n/a	n/a	D255
976.4280000000	n/a	n/a	STATUS	n/a	n/a	DI53
976.4760000000	n/a	n/a	STATUS	n/a	n/a	D255
976.7320000000	n/a	n/a	STATUS	n/a	n/a	DI43
976.7840000000	n/a	n/a	STATUS	n/a	n/a	D255
977.0440000000	n/a	n/a	STATUS	n/a	n/a	DIN5
977.0920000000	n/a	n/a	STATUS	n/a	n/a	D255
977.5200000000	n/a	n/a	STATUS	n/a	n/a	D204
977.5720000000	n/a	n/a	STATUS	n/a	n/a	D255
977.6080000000	n/a	n/a	STATUS	n/a	n/a	DI52
977.6600000000	n/a	n/a	STATUS	n/a	n/a	D255
978.0280000000	n/a	n/a	STATUS	n/a	n/a	DI42
978.0760000000	n/a	n/a	STATUS	n/a	n/a	D255
978.3360000000	n/a	n/a	STATUS	n/a	n/a	DIN5
978.3880000000	n/a	n/a	STATUS	n/a	n/a	D255
978.8400000000	n/a	n/a	STATUS	n/a	n/a	D160
978.8920000000	n/a	n/a	STATUS	n/a	n/a	D255
978.9280000000	n/a	n/a	STATUS	n/a	n/a	DI54
978.9800000000	n/a	n/a	STATUS	n/a	n/a	D255
979.2240000000	n/a	n/a	STATUS	n/a	n/a	DI34
979.2720000000	n/a	n/a	STATUS	n/a	n/a	D255
979.5320000000	n/a	n/a	STATUS	n/a	n/a	DIN5
979.5840000000	n/a	n/a	STATUS	n/a	n/a	D255
980.0160000000	n/a	n/a	STATUS	n/a	n/a	D185
980.0680000000	n/a	n/a	STATUS	n/a	n/a	D255
980.1040000000	n/a	n/a	STATUS	n/a	n/a	DI54
980.1560000000	n/a	n/a	STATUS	n/a	n/a	D255
980.4400000000	n/a	n/a	STATUS	n/a	n/a	DI34
980.4880000000	n/a	n/a	STATUS	n/a	n/a	D255
980.7480000000	n/a	n/a	STATUS	n/a	n/a	DIN5
980.8000000000	n/a	n/a	STATUS	n/a	n/a	D255
981.1520000000	n/a	n/a	STATUS	n/a	n/a	D202
981.2040000000	n/a	n/a	STATUS	n/a	n/a	D255
981.2400000000	n/a	n/a	STATUS	n/a	n/a	DI54
981.2920000000	n/a	n/a	STATUS	n/a	n/a	D255
981.5160000000	n/a	n/a	STATUS	n/a	n/a	DI34
981.5680000000	n/a	n/a	STATUS	n/a	n/a	D255
981.8280000000	n/a	n/a	STATUS	n/a	n/a	DIN5
981.8760000000	n/a	n/a	STATUS	n/a	n/a	D255
982.2680000000	n/a	n/a	STATUS	n/a	n/a	D146
982.3160000000	n/a	n/a	STATUS	n/a	n/a	D255
982.3520000000	n/a	n/a	STATUS	n/a	n/a	DI54
982.4040000000	n/a	n/a	STATUS	n/a	n/a	D255
982.6440000000	n/a	n/a	STATUS	n/a	n/a	DI34
982.6960000000	n/a	n/a	STATUS	n/a	n/a	D255
982.9560000000	n/a	n/a	STATUS	n/a	n/a	DIN5
983.0040000000	n/a	n/a	STATUS	n/a	n/a	D255
983.3640000000	n/a	n/a	STATUS	n/a	n/a	D193
983.4160000000	n/a	n/a	STATUS	n/a	n/a	D255
983.4520000000	n/a	n/a	STATUS	n/a	n/a	DI54
983.5040000000	n/a	n/a	STATUS	n/a	n/a	D255
983.7120000000	n/a	n/a	STATUS	n/a	n/a	DI34
983.7640000000	n/a	n/a	STATUS	n/a	n/a	D255
984.0240000000	n/a	n/a	STATUS	n/a	n/a	DIN5
984.0720000000	n/a	n/a	STATUS	n/a	n/a	D255
984.4920000000	n/a	n/a	STATUS	n/a	n/a	D133
984.5440000000	n/a	n/a	STATUS	n/a	n/a	D255
984.5800000000	n/a	n/a	STATUS	n/a	n/a	DI53
984.6320000000	n/a	n/a	STATUS	n/a	n/a	D255
984.8760000000	n/a	n/a	STATUS	n/a	n/a	DI43
984.9280000000	n/a	n/a	STATUS	n/a	n/a	D255
985.1880000000	n/a	n/a	STATUS	n/a	n/a	DIN5
985.2360000000	n/a	n/a	STATUS	n/a	n/a	D255
985.6160000000	n/a	n/a	STATUS	n/a	n/a	D103
985.6640000000	n/a	n/a	STATUS	n/a	n/a	D255
985.7040000000	n/a	n/a	STATUS	n/a	n/a	DI52
985.7520000000	n/a	n/a	STATUS	n/a	n/a	D255
985.9560000000	n/a	n/a	STATUS	n/a	n/a	DI12
986.0040000000	n/a	n/a	STATUS	n/a	n/a	D255
986.0080000000	n/a	n/a	STATUS	n/a	n/a	DIN4
986.0600000000	n/a	n/a	STATUS	n/a	n/a	D255
986.8160000000	n/a	n/a	STATUS	n/a	n/a	DIN5
986.8640000000	n/a	n/a	STATUS	n/a	n/a	D255
987.2240000000	n/a	n/a	STATUS	n/a	n/a	DI85
987.2720000000	n/a	n/a	STATUS	n/a	n/a	D255
987.3120000000	n/a	n/a	STATUS	n/a	n/a	DI51
987.3600000000	n/a	n/a	STATUS	n/a	n/a	D255
987.7400000000	n/a	n/a	STATUS	n/a	n/a	DI21
987.7880000000	n/a	n/a	STATUS	n/a	n/a	D255
987.7960000000	n/a	n/a	STATUS	n/a	n/a	DIN4
987.8440000000	n/a	n/a	STATUS	n/a	n/a	D255
988.6000000000	n/a	n/a	STATUS	n/a	n/a	DIN5
988.6480000000	n/a	n/a	STATUS	n/a	n/a	D255
988.9880000000	n/a	n/a	STATUS	n/a	n/a	D197
989.0400000000	n/a	n/a	STATUS	n/a	n/a	D255
989.0760000000	n/a	n/a	STATUS	n/a	n/a	DI54
989.1280000000	n/a	n/a	STATUS	n/a	n/a	D255
989.4000000000	n/a	n/a	STATUS	n/a	n/a	DI34
989.4520000000	n/a	n/a	STATUS	n/a	n/a	D255
989.7080000000	n/a	n/a	STATUS	n/a	n/a	DIN5
989.7600000000	n/a	n/a	STATUS	n/a	n/a	D255
990.2120000000	n/a	n/a	STATUS	n/a	n/a	D181
990.2600000000	n/a	n/a	STATUS	n/a	n/a	D255
990.3000000000	n/a	n/a	STATUS	n/a	n/a	DI54
990.3480000000	n/a	n/a	STATUS	n/a	n/a	D255
990.5920000000	n/a	n/a	STATUS	n/a	n/a	DI34
990.6400000000	n/a	n/a	STATUS	n/a	n/a	D255
990.9000000000	n/a	n/a	STATUS	n/a	n/a	DIN5
990.9480000000	n/a	n/a	STATUS	n/a	n/a	D255
991.2560000000	n/a	n/a	STATUS	n/a	n/a	D137
991.3040000000	n/a	n/a	STATUS	n/a	n/a	D255
991.3440000000	n/a	n/a	STATUS	n/a	n/a	DI51
991.3920000000	n/a	n/a	STATUS	n/a	n/a	D255
991.7080000000	n/a	n/a	STATUS	n/a	n/a	DI31
991.7600000000	n/a	n/a	STATUS	n/a	n/a	D255
992.0160000000	n/a	n/a	STATUS	n/a	n/a	DIN5
992.0680000000	n/a	n/a	STATUS	n/a	n/a	D255
992.3760000000	n/a	n/a	STATUS	n/a	n/a	DI82
992.4280000000	n/a	n/a	STATUS	n/a	n/a	D255
992.4640000000	n/a	n/a	STATUS	n/a	n/a	DI51
992.5160000000	n/a	n/a	STATUS	n/a	n/a	D255
992.8480000000	n/a	n/a	STATUS	n/a	n/a	DI31
992.9000000000	n/a	n/a	STATUS	n/a	n/a	D255
993.1600000000	n/a	n/a	STATUS	n/a	n/a	DIN5
993.2080000000	n/a	n/a	STATUS	n/a	n/a	D255
993.6520000000	n/a	n/a	STATUS	n/a	n/a	D149
993.7040000000	n/a	n/a	STATUS	n/a	n/a	D255
993.7440000000	n/a	n/a	STATUS	n/a	n/a	DI54
993.7920000000	n/a	n/a	STATUS	n/a	n/a	D255
993.9240000000	n/a	n/a	STATUS	n/a	n/a	DI34
993.9760000000	n/a	n/a	STATUS	n/a	n/a	D255
994.2360000000	n/a	n/a	STATUS	n/a	n/a	DIN5
994.2840000000	n/a	n/a	STATUS	n/a	n/a	D255
994.6680000000	n/a	n/a	STATUS	n/a	n/a	D189
994.7200000000	n/a	n/a	STATUS	n/a	n/a	D255
994.7600000000	n/a	n/a	STATUS	n/a	n/a	DI53
994.8080000000	n/a	n/a	STATUS	n/a	n/a	D255
995.0600000000	n/a	n/a	STATUS	n/a	n/a	DI43
995.1120000000	n/a	n/a	STATUS	n/a	n/a	D255
995.3720000000	n/a	n/a	STATUS	n/a	n/a	DIN5
995.4200000000	n/a	n/a	STATUS	n/a	n/a	D255
995.7400000000	n/a	n/a	STATUS	n/a	n/a	D212
995.7920000000	n/a	n/a	STATUS	n/a	n/a	D255
995.8280000000	n/a	n/a	STATUS	n/a	n/a	DI51
995.8800000000	n/a	n/a	STATUS	n/a	n/a	D255
996.1240000000	n/a	n/a	STATUS	n/a	n/a	DI21
996.1720000000	n/a	n/a	STATUS	n/a	n/a	D255
996.1760000000	n/a	n/a	STATUS	n/a	n/a	DIN4
996.2280000000	n/a	n/a	STATUS	n/a	n/a	D255
996.9840000000	n/a	n/a	STATUS	n/a	n/a	DIN5
997.0320000000	n/a	n/a	STATUS	n/a	n/a	D255
997.4640000000	n/a	n/a	STATUS	n/a	n/a	D176
997.5120000000	n/a	n/a	STATUS	n/a	n/a	D255
997.5480000000	n/a	n/a	STATUS	n/a	n/a	DI52
997.6000000000	n/a	n/a	STATUS	n/a	n/a	D255
997.9600000000	n/a	n/a	STATUS	n/a	n/a	DI42
998.0080000000	n/a	n/a	STATUS	n/a	n/a	D255
998.2680000000	n/a	n/a	STATUS	n/a	n/a	DIN5
998.3200000000	n/a	n/a	STATUS	n/a	n/a	D255
998.7080000000	n/a	n/a	STATUS	n/a	n/a	D198
998.7560000000	n/a	n/a	STATUS	n/a	n/a	D255
998.7960000000	n/a	n/a	STATUS	n/a	n/a	DI51
998.8440000000	n/a	n/a	STATUS	n/a	n/a	D255
999.2400000000	n/a	n/a	STATUS	n/a	n/a	DI31
999.2920000000	n/a	n/a	STATUS	n/a	n/a	D255
999.5480000000	n/a	n/a	STATUS	n/a	n/a	DIN5
999.6000000000	n/a	n/a	STATUS	n/a	n/a	D255
1000.0320000000	n/a	n/a	STATUS	n/a	n/a	D138
1000.0840000000	n/a	n/a	STATUS	n/a	n/a	D255
1000.1240000000	n/a	n/a	STATUS	n/a	n/a	DI51
1000.1720000000	n/a	n/a	STATUS	n/a	n/a	D255
1000.4520000000	n/a	n/a	STATUS	n/a	n/a	DI21
1000.5040000000	n/a	n/a	STATUS	n/a	n/a	D255
1000.5080000000	n/a	n/a	STATUS	n/a	n/a	DIN4
1000.5600000000	n/a	n/a	STATUS	n/a	n/a	D255
1001.3120000000	n/a	n/a	STATUS	n/a	n/a	DIN5
1001.3640000000	n/a	n/a	STATUS	n/a	n/a	D255
1001.6920000000	n/a	n/a	STATUS	n/a	n/a	DI94
1001.7440000000	n/a	n/a	STATUS	n/a	n/a	D255
1001.7800000000	n/a	n/a	STATUS	n/a	n/a	DI53
1001.8320000000	n/a	n/a	STATUS	n/a	n/a	D255
1002.1080000000	n/a	n/a	STATUS	n/a	n/a	DI43
1002.1560000000	n/a	n/a	STATUS	n/a	n/a	D255
1002.4160000000	n/a	n/a	STATUS	n/a	n/a	DIN5
1002.4680000000	n/a	n/a	STATUS	n/a	n/a	D255
1002.9000000000	n/a	n/a	STATUS	n/a	n/a	D196
1002.9520000000	n/a	n/a	STATUS	n/a	n/a	D255
1002.9880000000	n/a	n/a	STATUS	n/a	n/a	DI51
1003.0360000000	n/a	n/a	STATUS	n/a	n/a	D255
1003.2880000000	n/a	n/a	STATUS	n/a	n/a	DI21
1003.3400000000	n/a	n/a	STATUS	n/a	n/a	D255
1003.3440000000	n/a	n/a	STATUS	n/a	n/a	DIN4
1003.3960000000	n/a	n/a	STATUS	n/a	n/a	D255
1004.1480000000	n/a	n/a	STATUS	n/a	n/a	DIN5
1004.2000000000	n/a	n/a	STATUS	n/a	n/a	D255
1004.6120000000	n/a	n/a	STATUS	n/a	n/a	DI92
1004.6640000000	n/a	n/a	STATUS	n/a	n/a	D255
1004.7000000000	n/a	n/a	STATUS	n/a	n/a	DI53
1004.7520000000	n/a	n/a	STATUS	n/a	n/a	D255
1005.0320000000	n/a	n/a	STATUS	n/a	n/a	DI43
1005.0840000000	n/a	n/a	STATUS	n/a	n/a	D255
1005.3400000000	n/a	n/a	STATUS	n/a	n/a	DIN5
1005.3920000000	n/a	n/a	STATUS	n/a	n/a	D255
1005.8200000000	n/a	n/a	STATUS	n/a	n/a	D153
1005.8720000000	n/a	n/a	STATUS	n/a	n/a	D255
1005.9080000000	n/a	n/a	STATUS	n/a	n/a	DI52
1005.9600000000	n/a	n/a	STATUS	n/a	n/a	D255
1006.1960000000	n/a	n/a	STATUS	n/a	n/a	DI12
1006.2480000000	n/a	n/a	STATUS	n/a	n/a	D255
1006.2520000000	n/a	n/a	STATUS	n/a	n/a	DIN4
1006.3000000000	n/a	n/a	STATUS	n/a	n/a	D255
1007.0560000000	n/a	n/a	STATUS	n/a	n/a	DIN5
1007.1080000000	n/a	n/a	STATUS	n/a	n/a	D255
1007.5680000000	n/a	n/a	STATUS	n/a	n/a	D207
1007.6160000000	n/a	n/a	STATUS	n/a	n/a	D255
1007.6560000000	n/a	n/a	STATUS	n/a	n/a	DI53
1007.7040000000	n/a	n/a	STATUS	n/a	n/a	D255
1007.9280000000	n/a	n/a	STATUS	n/a	n/a	DI43
1007.9760000000	n/a	n/a	STATUS	n/a	n/a	D255
1008.2360000000	n/a	n/a	STATUS	n/a	n/a	DIN5
1008.2880000000	n/a	n/a	STATUS	n/a	n/a	D255
1008.6840000000	n/a	n/a	STATUS	n/a	n/a	D101
1008.7320000000	n/a	n/a	STATUS	n/a	n/a	D255
1008.7680000000	n/a	n/a	STATUS	n/a	n/a	DI51
1008.8200000000	n/a	n/a	STATUS	n/a	n/a	D255
1009.2080000000	n/a	n/a	STATUS	n/a	n/a	DI31
1009.2560000000	n/a	n/a	STATUS	n/a	n/a	D255
1009.5160000000	n/a	n/a	STATUS	n/a	n/a	DIN5
1009.5680000000	n/a	n/a	STATUS	n/a	n/a	D255
1009.9320000000	n/a	n/a	STATUS	n/a	n/a	D234
1009.9800000000	n/a	n/a	STATUS	n/a	n/a	D255
1010.0200000000	n/a	n/a	STATUS	n/a	n/a	DI54
1010.0680000000	n/a	n/a	STATUS	n/a	n/a	D255
1010.3840000000	n/a	n/a	STATUS	n/a	n/a	DI34
1010.4360000000	n/a	n/a	STATUS	n/a	n/a	D255
1010.6920000000	n/a	n/a	STATUS	n/a	n/a	DIN5
1010.7440000000	n/a	n/a	STATUS	n/a	n/a	D255
1011.1480000000	n/a	n/a	STATUS	n/a	n/a	D122
1011.1960000000	n/a	n/a	STATUS	n/a	n/a	D255
1011.2360000000	n/a	n/a	STATUS	n/a	n/a	DI53
1011.2880000000	n/a	n/a	STATUS	n/a	n/a	D255
1011.6800000000	n/a	n/a	STATUS	n/a	n/a	DI43
1011.7280000000	n/a	n/a	STATUS	n/a	n/a	D255
1011.9880000000	n/a	n/a	STATUS	n/a	n/a	DIN5
1012.0360000000	n/a	n/a	STATUS	n/a	n/a	D255
1012.5320000000	n/a	n/a	STATUS	n/a	n/a	D142
1012.5840000000	n/a	n/a	STATUS	n/a	n/a	D255
1012.6200000000	n/a	n/a	STATUS	n/a	n/a	DI51
1012.6720000000	n/a	n/a	STATUS	n/a	n/a	D255
1013.0280000000	n/a	n/a	STATUS	n/a	n/a	DI31
1013.0800000000	n/a	n/a	STATUS	n/a	n/a	D255
1013.3400000000	n/a	n/a	STATUS	n/a	n/a	DIN5
1013.3880000000	n/a	n/a	STATUS	n/a	n/a	D255
1013.7840000000	n/a	n/a	STATUS	n/a	n/a	DI98
1013.8360000000	n/a	n/a	STATUS	n/a	n/a	D255
1013.8720000000	n/a	n/a	STATUS	n/a	n/a	DI51
1013.9200000000	n/a	n/a	STATUS	n/a	n/a	D255
1014.2720000000	n/a	n/a	STATUS	n/a	n/a	DI31
1014.3240000000	n/a	n/a	STATUS	n/a	n/a	D255
1014.5840000000	n/a	n/a	STATUS	n/a	n/a	DIN5
1014.6320000000	n/a	n/a	STATUS	n/a	n/a	D255
1015.0080000000	n/a	n/a	STATUS	n/a	n/a	D110
1015.0560000000	n/a	n/a	STATUS	n/a	n/a	D255
1015.0960000000	n/a	n/a	STATUS	n/a	n/a	DI54
1015.1440000000	n/a	n/a	STATUS	n/a	n/a	D255
1015.3680000000	n/a	n/a	STATUS	n/a	n/a	DI34
1015.4200000000	n/a	n/a	STATUS	n/a	n/a	D255
1015.6760000000	n/a	n/a	STATUS	n/a	n/a	DIN5
1015.7280000000	n/a	n/a	STATUS	n/a	n/a	D255
1016.1480000000	n/a	n/a	STATUS	n/a	n/a	D109
1016.1960000000	n/a	n/a	STATUS	n/a	n/a	D255
1016.2360000000	n/a	n/a	STATUS	n/a	n/a	DI52
1016.2840000000	n/a	n/a	STATUS	n/a	n/a	D255
1016.5320000000	n/a	n/a	STATUS	n/a	n/a	DI12
1016.5840000000	n/a	n/a	STATUS	n/a	n/a	D255
1016.5880000000	n/a	n/a	STATUS	n/a	n/a	DIN4
1016.6400000000	n/a	n/a	STATUS	n/a	n/a	D255
1017.3920000000	n/a	n/a	STATUS	n/a	n/a	DIN5
1017.4440000000	n/a	n/a	STATUS	n/a	n/a	D255
1017.9160000000	n/a	n/a	STATUS	n/a	n/a	DI81
1017.9680000000	n/a	n/a	STATUS	n/a	n/a	D255
1018.0080000000	n/a	n/a	STATUS	n/a	n/a	DI53
1018.0560000000	n/a	n/a	STATUS	n/a	n/a	D255
1018.3680000000	n/a	n/a	STATUS	n/a	n/a	DI43
1018.4200000000	n/a	n/a	STATUS	n/a	n/a	D255
1018.6760000000	n/a	n/a	STATUS	n/a	n/a	DIN5
1018.7280000000	n/a	n/a	STATUS	n/a	n/a	D255
1019.2160000000	n/a	n/a	STATUS	n/a	n/a	D237
1019.2680000000	n/a	n/a	STATUS	n/a	n/a	D255
1019.3040000000	n/a	n/a	STATUS	n/a	n/a	DI51
1019.3560000000	n/a	n/a	STATUS	n/a	n/a	D255
1019.7120000000	n/a	n/a	STATUS	n/a	n/a	DI31
1019.7640000000	n/a	n/a	STATUS	n/a	n/a	D255
1020.0240000000	n/a	n/a	STATUS	n/a	n/a	DIN5
1020.0720000000	n/a	n/a	STATUS	n/a	n/a	D255
1020.5400000000	n/a	n/a	STATUS	n/a	n/a	D126
1020.5920000000	n/a	n/a	STATUS	n/a	n/a	D255
1020.6320000000	n/a	n/a	STATUS	n/a	n/a	DI52
1020.6800000000	n/a	n/a	STATUS	n/a	n/a	D255
1021.1160000000	n/a	n/a	STATUS	n/a	n/a	DI42
1021.1640000000	n/a	n/a	STATUS	n/a	n/a	D255
1021.4240000000	n/a	n/a	STATUS	n/a	n/a	DIN5
1021.4760000000	n/a	n/a	STATUS	n/a	n/a	D255
1021.8520000000	n/a	n/a	STATUS	n/a	n/a	D127
1021.9040000000	n/a	n/a	STATUS	n/a	n/a	D255
1021.9440000000	n/a	n/a	STATUS	n/a	n/a	DI51
1021.9920000000	n/a	n/a	STATUS	n/a	n/a	D255
1022.4960000000	n/a	n/a	STATUS	n/a	n/a	DI31
1022.5480000000	n/a	n/a	STATUS	n/a	n/a	D255
1022.8080000000	n/a	n/a	STATUS	n/a	n/a	DIN5
1022.8560000000	n/a	n/a	STATUS	n/a	n/a	D255
1023.2480000000	n/a	n/a	STATUS	n/a	n/a	DI69
1023.2960000000	n/a	n/a	STATUS	n/a	n/a	D255
1023.3360000000	n/a	n/a	STATUS	n/a	n/a	DI51
1023.3840000000	n/a	n/a	STATUS	n/a	n/a	D255
1023.8320000000	n/a	n/a	STATUS	n/a	n/a	DI21
1023.8800000000	n/a	n/a	STATUS	n/a	n/a	D255
1023.8840000000	n/a	n/a	STATUS	n/a	n/a	DIN4
1023.9360000000	n/a	n/a	STATUS	n/a	n/a	D255
1024.6920000000	n/a	n/a	STATUS	n/a	n/a	DIN5
1024.7400000000	n/a	n/a	STATUS	n/a	n/a	D255
1025.1440000000	n/a	n/a	STATUS	n/a	n/a	D177
1025.1960000000	n/a	n/a	STATUS	n/a	n/a	D255
1025.2320000000	n/a	n/a	STATUS	n/a	n/a	DI54
1025.2840000000	n/a	n/a	STATUS	n/a	n/a	D255
1025.5920000000	n/a	n/a	STATUS	n/a	n/a	DI34
1025.6400000000	n/a	n/a	STATUS	n/a	n/a	D255
1025.9000000000	n/a	n/a	STATUS	n/a	n/a	DIN5
1025.9520000000	n/a	n/a	STATUS	n/a	n/a	D255
1026.3560000000	n/a	n/a	STATUS	n/a	n/a	DI74
1026.4040000000	n/a	n/a	STATUS	n/a	n/a	D255
1026.4440000000	n/a	n/a	STATUS	n/a	n/a	DI53
1026.4920000000	n/a	n/a	STATUS	n/a	n/a	D255
1026.8720000000	n/a	n/a	STATUS	n/a	n/a	DI43
1026.9200000000	n/a	n/a	STATUS	n/a	n/a	D255
1027.1800000000	n/a	n/a	STATUS	n/a	n/a	DIN5
1027.2320000000	n/a	n/a	STATUS	n/a	n/a	D255
1027.7360000000	n/a	n/a	STATUS	n/a	n/a	D157
1027.7840000000	n/a	n/a	STATUS	n/a	n/a	D255
1027.8240000000	n/a	n/a	STATUS	n/a	n/a	DI51
1027.8720000000	n/a	n/a	STATUS	n/a	n/a	D255
1028.2240000000	n/a	n/a	STATUS	n/a	n/a	DI31
1028.2760000000	n/a	n/a	STATUS	n/a	n/a	D255
1028.5360000000	n/a	n/a	STATUS	n/a	n/a	DIN5
1028.5840000000	n/a	n/a	STATUS	n/a	n/a	D255
1028.9560000000	n/a	n/a	STATUS	n/a	n/a	D218
1029.0040000000	n/a	n/a	STATUS	n/a	n/a	D255
1029.0440000000	n/a	n/a	STATUS	n/a	n/a	DI51
1029.0920000000	n/a	n/a	STATUS	n/a	n/a	D255
1029.4520000000	n/a	n/a	STATUS	n/a	n/a	DI31
1029.5000000000	n/a	n/a	STATUS	n/a	n/a	D255
1029.7600000000	n/a	n/a	STATUS	n/a	n/a	DIN5
1029.8120000000	n/a	n/a	STATUS	n/a	n/a	D255
1030.3160000000	n/a	n/a	STATUS	n/a	n/a	D144
1030.3640000000	n/a	n/a	STATUS	n/a	n/a	D255
1030.4040000000	n/a	n/a	STATUS	n/a	n/a	DI53
1030.4520000000	n/a	n/a	STATUS	n/a	n/a	D255
1030.7360000000	n/a	n/a	STATUS	n/a	n/a	DI43
1030.7880000000	n/a	n/a	STATUS	n/a	n/a	D255
1031.0480000000	n/a	n/a	STATUS	n/a	n/a	DIN5
1031.0960000000	n/a	n/a	STATUS	n/a	n/a	D255
1031.5000000000	n/a	n/a	STATUS	n/a	n/a	D119
1031.5520000000	n/a	n/a	STATUS	n/a	n/a	D255
1031.5880000000	n/a	n/a	STATUS	n/a	n/a	DI52
1031.6360000000	n/a	n/a	STATUS	n/a	n/a	D255
1031.8600000000	n/a	n/a	STATUS	n/a	n/a	DI12
1031.9120000000	n/a	n/a	STATUS	n/a	n/a	D255
1031.9160000000	n/a	n/a	STATUS	n/a	n/a	DIN4
1031.9640000000	n/a	n/a	STATUS	n/a	n/a	D255
